$MeshFormat
2.2 0 8
$EndMeshFormat
$PhysicalNames
9
1 1 "gate_contact"
1 2 "gate_oxide_interface"
1 3 "bulk_oxide_interface"
1 4 "source_contact"
1 5 "drain_contact"
1 6 "body_contact"
2 7 "gate"
2 8 "oxide"
2 9 "bulk"
$EndPhysicalNames
$Nodes
1483
1 0 0 0
2 3.5e-05 0 0
3 6.500000000000001e-05 0 0
4 0.0001 0 0
5 0.0001 0.0001 0
6 0 0.0001 0
7 3.5e-05 -1.2e-05 0
8 6.500000000000001e-05 -1.2e-05 0
9 6.500000000000001e-05 -2e-06 0
10 3.5e-05 -2e-06 0
11 1.999999999996283e-06 0.0001 0
12 3.999999999992063e-06 0.0001 0
13 5.999999999987601e-06 0.0001 0
14 7.999999999984174e-06 0.0001 0
15 9.999999999981015e-06 0.0001 0
16 1.199999999997786e-05 0.0001 0
17 1.399999999997345e-05 0.0001 0
18 1.59999999999666e-05 0.0001 0
19 1.799999999996008e-05 0.0001 0
20 1.999999999995523e-05 0.0001 0
21 2.199999999994905e-05 0.0001 0
22 2.399999999994419e-05 0.0001 0
23 2.599999999993802e-05 0.0001 0
24 2.799999999993316e-05 0.0001 0
25 2.999999999992699e-05 0.0001 0
26 3.19999999999202e-05 0.0001 0
27 3.39999999999146e-05 0.0001 0
28 3.599999999991043e-05 0.0001 0
29 3.799999999990425e-05 0.0001 0
30 3.999999999989808e-05 0.0001 0
31 4.199999999989222e-05 0.0001 0
32 4.399999999988837e-05 0.0001 0
33 4.599999999988219e-05 0.0001 0
34 4.799999999987601e-05 0.0001 0
35 4.999999999987116e-05 0.0001 0
36 5.199999999987515e-05 0.0001 0
37 5.399999999988047e-05 0.0001 0
38 5.599999999988578e-05 0.0001 0
39 5.799999999989109e-05 0.0001 0
40 5.999999999989639e-05 0.0001 0
41 6.199999999990172e-05 0.0001 0
42 6.399999999990703e-05 0.0001 0
43 6.599999999991233e-05 0.0001 0
44 6.799999999991764e-05 0.0001 0
45 6.999999999992295e-05 0.0001 0
46 7.199999999992827e-05 0.0001 0
47 7.399999999993359e-05 0.0001 0
48 7.599999999993888e-05 0.0001 0
49 7.79999999999442e-05 0.0001 0
50 7.999999999994952e-05 0.0001 0
51 8.199999999995483e-05 0.0001 0
52 8.399999999996014e-05 0.0001 0
53 8.599999999996546e-05 0.0001 0
54 8.799999999997078e-05 0.0001 0
55 8.999999999997609e-05 0.0001 0
56 9.199999999998141e-05 0.0001 0
57 9.399999999998671e-05 0.0001 0
58 9.599999999999202e-05 0.0001 0
59 9.799999999999733e-05 0.0001 0
60 0.0001 9.538875054619507e-05 0
61 0.0001 9.174470661272213e-05 0
62 0.0001 8.670534238907664e-05 0
63 0.0001 7.97163889185028e-05 0
64 0.0001 7.050452584395634e-05 0
65 0.0001 6.096706429341728e-05 0
66 0.0001 5.142960274287978e-05 0
67 0.0001 4.18921411922984e-05 0
68 0.0001 3.237333818085552e-05 0
69 0.0001 2.447886907677924e-05 0
70 0.0001 1.87770639438893e-05 0
71 0.0001 1.466192303451093e-05 0
72 0.0001 1.169005265846699e-05 0
73 0.0001 9.537461550587274e-06 0
74 0.0001 7.629969240469288e-06 0
75 0.0001 5.722476930351288e-06 0
76 0.0001 3.814984620233302e-06 0
77 0.0001 1.90749231011533e-06 0
78 9.805555555555674e-05 0 0
79 9.611111111112199e-05 0 0
80 9.416666666668519e-05 0 0
81 9.222222222224692e-05 0 0
82 9.027777777780482e-05 0 0
83 8.833333333336949e-05 0 0
84 8.638888888892681e-05 0 0
85 8.444444444448324e-05 0 0
86 8.250000000005027e-05 0 0
87 8.055555555560142e-05 0 0
88 7.861111111114727e-05 0 0
89 7.666666666669842e-05 0 0
90 7.472222222224428e-05 0 0
91 7.277777777779543e-05 0 0
92 7.083333333334658e-05 0 0
93 6.888888888889773e-05 0 0
94 6.694444444444887e-05 0 0
95 6.421009769002222e-05 0 0
96 6.357594288477274e-05 0 0
97 6.347602215795935e-05 0 0
98 6.337610143114595e-05 0 0
99 6.327618070433256e-05 0 0
100 6.317625997751878e-05 0 0
101 6.242386707186984e-05 0 0
102 6.181939662733643e-05 0 0
103 6.171947590052303e-05 0 0
104 6.161955517370964e-05 0 0
105 6.090963148395079e-05 0 0
106 6.026120265061748e-05 0 0
107 6.016128192380409e-05 0 0
108 6.006136119699069e-05 0 0
109 5.995627902518413e-05 0 0
110 5.91697602147305e-05 0 0
111 5.870644348295583e-05 0 0
112 5.860652275614206e-05 0 0
113 5.85066020293281e-05 0 0
114 5.840534514925609e-05 0 0
115 5.764123129224114e-05 0 0
116 5.705132238885206e-05 0 0
117 5.695140166203866e-05 0 0
118 5.685145638227645e-05 0 0
119 5.609309976561014e-05 0 0
120 5.549282076623149e-05 0 0
121 5.53929000394181e-05 0 0
122 5.529297931260437e-05 0 0
123 5.456668452780794e-05 0 0
124 5.393705573912553e-05 0 0
125 5.383713501231213e-05 0 0
126 5.373721428549874e-05 0 0
127 5.303912559936615e-05 0 0
128 5.238208966596775e-05 0 0
129 5.228216893915359e-05 0 0
130 5.218224821234011e-05 0 0
131 5.208000774647639e-05 0 0
132 5.129772328790044e-05 0 0
133 5.082529133321627e-05 0 0
134 5.072537060640288e-05 0 0
135 5.062544987958905e-05 0 0
136 5.052519163685298e-05 0 0
137 4.976358176866494e-05 0 0
138 4.917470866682614e-05 0 0
139 4.907478794001218e-05 0 0
140 4.897486721319796e-05 0 0
141 4.825150146358989e-05 0 0
142 4.761791033407017e-05 0 0
143 4.751798960725665e-05 0 0
144 4.741806888044268e-05 0 0
145 4.671861335969718e-05 0 0
146 4.606294426090891e-05 0 0
147 4.596302353409439e-05 0 0
148 4.586310280728059e-05 0 0
149 4.576040008453268e-05 0 0
150 4.498585700705098e-05 0 0
151 4.450717923379796e-05 0 0
152 4.440725850698352e-05 0 0
153 4.430733778016904e-05 0 0
154 4.420695644107986e-05 0 0
155 4.343570802390311e-05 0 0
156 4.284875688435777e-05 0 0
157 4.274883615754324e-05 0 0
158 4.264891543072846e-05 0 0
159 4.190872618661237e-05 0 0
160 4.12935565170647e-05 0 0
161 4.119363579025074e-05 0 0
162 4.109371506343677e-05 0 0
163 4.037944586779674e-05 0 0
164 3.973879734939654e-05 0 0
165 3.963887662258229e-05 0 0
166 3.953895589576852e-05 0 0
167 3.943489036252748e-05 0 0
168 3.864187128271197e-05 0 0
169 3.818060337267322e-05 0 0
170 3.808068264585926e-05 0 0
171 3.798076191904492e-05 0 0
172 3.787955151704641e-05 0 0
173 3.71052338081157e-05 0 0
174 3.662389856885762e-05 0 0
175 3.652397784204367e-05 0 0
176 3.642405711522915e-05 0 0
177 3.63240966257541e-05 0 0
178 3.546687893939548e-05 0 0
179 3.305555555555931e-05 0 0
180 3.111111111111832e-05 0 0
181 2.916666666668057e-05 0 0
182 2.722222222224025e-05 0 0
183 2.527777777780183e-05 0 0
184 2.333333333336466e-05 0 0
185 2.138888888892309e-05 0 0
186 1.944444444448503e-05 0 0
187 1.750000000004499e-05 0 0
188 1.555555555559547e-05 0 0
189 1.36111111111453e-05 0 0
190 1.1666666666696e-05 0 0
191 9.722222222245901e-06 0 0
192 7.777777777797114e-06 0 0
193 5.833333333347012e-06 0 0
194 3.888888888897859e-06 0 0
195 1.944444444448787e-06 0 0
196 0 1.907492310110863e-06 0
197 0 3.814984620221331e-06 0
198 0 5.722476930331401e-06 0
199 0 7.629969240442415e-06 0
200 0 9.537461550553817e-06 0
201 0 1.169005265841554e-05 0
202 0 1.466192303443003e-05 0
203 0 1.877706394376371e-05 0
204 0 2.447886907660082e-05 0
205 0 3.237333818060181e-05 0
206 0 4.189214119199641e-05 0
207 0 5.14296027425495e-05 0
208 0 6.096706429314698e-05 0
209 0 7.050452584374447e-05 0
210 0 7.971638891835779e-05 0
211 0 8.670534238898806e-05 0
212 0 9.174470661267004e-05 0
213 0 9.53887505461669e-05 0
214 6.500000000000001e-05 -9.750233150875605e-06 0
215 6.500000000000001e-05 -7.812674863163686e-06 0
216 6.500000000000001e-05 -5.875116575445679e-06 0
217 6.500000000000001e-05 -3.937558287723368e-06 0
218 6.30000000000053e-05 -2e-06 0
219 6.100000000001324e-05 -2e-06 0
220 5.900000000002118e-05 -2e-06 0
221 5.700000000002383e-05 -2e-06 0
222 5.500000000003176e-05 -2e-06 0
223 5.300000000003705e-05 -2e-06 0
224 5.100000000004234e-05 -2e-06 0
225 4.90000000000403e-05 -2e-06 0
226 4.700000000003466e-05 -2e-06 0
227 4.50000000000269e-05 -2e-06 0
228 4.300000000002135e-05 -2e-06 0
229 4.100000000001615e-05 -2e-06 0
230 3.900000000001068e-05 -2e-06 0
231 3.700000000000539e-05 -2e-06 0
232 3.5e-05 -9.750233150875605e-06 0
233 3.5e-05 -7.812674863163686e-06 0
234 3.5e-05 -5.875116575445679e-06 0
235 3.5e-05 -3.937558287723368e-06 0
236 4.000757603335558e-05 -1.2e-05 0
237 4.500333338382599e-05 -1.2e-05 0
238 4.999999999995992e-05 -1.2e-05 0
239 5.499666661612191e-05 -1.2e-05 0
240 5.999242396662006e-05 -1.2e-05 0
241 4.915949251781334e-05 1.998882262492384e-07 0
242 5.225250613314237e-05 2.144456109789886e-07 0
243 4.600067986108208e-05 2.350089878178291e-07 0
244 4.278121965778685e-05 2.057712994269915e-07 0
245 3.967177830598233e-05 2.372647402375069e-07 0
246 5.545616038723583e-05 2.222173749178144e-07 0
247 5.888420299677652e-05 3.73839378300258e-07 0
248 5.080018185222971e-05 1.837089394811052e-07 0
249 4.444541048508887e-05 1.850067346628255e-07 0
250 5.697528207939569e-05 2.241865118318216e-07 0
251 4.15646283961625e-05 5.627924297130586e-07 0
252 3.522549724566465e-05 5.868266260333214e-07 0
253 3.793015671804568e-05 2.109116455264511e-07 0
254 3.006896327771535e-05 1.618228559139556e-06 0
255 4.792705423802835e-05 4.167095342474417e-07 0
256 5.425187013346674e-05 4.089558944647417e-07 0
257 6.46085662684301e-05 6.177977228322441e-07 0
258 6.175473955806514e-05 2.099971153721953e-07 0
259 7.016533954856102e-05 1.484526256639237e-06 0
260 5.099999999987326e-05 9.829731650509962e-05 0
261 6.083318794448244e-05 9.812831427777796e-05 0
262 4.113958481599667e-05 9.835397558605763e-05 0
263 3.122924658423025e-05 9.792047381329979e-05 0
264 6.058541706728416e-05 4.211668816597138e-07 0
265 2.22993523085499e-05 1.781171290234196e-06 0
266 7.774916283288954e-05 1.74939316525485e-06 0
267 6.860174502877815e-05 9.783652550619991e-05 0
268 7.706493611388674e-05 9.792568688787333e-05 0
269 2.301646532514464e-05 9.803716514751048e-05 0
270 8.042509417959229e-06 4.683139808824029e-05 0
271 1.444152722832292e-05 1.796663058727046e-06 0
272 8.550571850356791e-05 1.820385872431396e-06 0
273 9.275178666334706e-05 5.537484868360287e-05 0
274 3.657393820545068e-05 1.474790801262821e-07 0
275 9.452188965691101e-05 2.796544120633763e-05 0
276 8.33075417475446e-05 9.831087568166165e-05 0
277 8.889341412486971e-05 9.809316870309187e-05 0
278 1.697908951697087e-05 9.800887147344464e-05 0
279 1.108137573015368e-05 9.861595237421945e-05 0
280 4.250862330050502e-06 2.162796651018227e-05 0
281 9.750437924217549e-05 1.289551878330915e-05 0
282 1.814584882060871e-06 1.060158045943937e-05 0
283 6.278087393439117e-05 4.235562800637417e-07 0
284 8.750000000021507e-06 1.683938285140169e-06 0
285 9.304807345049328e-05 7.468081276849562e-05 0
286 7.015159345116095e-06 7.511045738105113e-05 0
287 9.122552806846318e-05 1.758873696291026e-06 0
288 9.832098574780262e-05 6.728065835224102e-06 0
289 3.897850873504474e-05 4.197137404394865e-07 0
290 4.379105748594551e-05 4.183212490108943e-07 0
291 5.014438670275893e-05 4.198829063048138e-07 0
292 7.343799355770061e-05 1.475025153848588e-06 0
293 4.532739896790454e-05 3.942198849686403e-07 0
294 5.802328822074864e-05 4.208735510164456e-07 0
295 1.857998031305749e-05 1.629873037666023e-06 0
296 2.622948248787922e-05 1.690844559588633e-06 0
297 8.151879405312063e-05 1.545694774423726e-06 0
298 5.499999999988312e-05 9.826794919242653e-05 0
299 4.699999999987908e-05 9.826794919243648e-05 0
300 1.837514134698714e-06 6.420192699733926e-06 0
301 3.699999999990734e-05 9.826794919243648e-05 0
302 9.623997397225322e-05 8.922502450089936e-05 0
303 3.436479440307381e-06 8.899357730422217e-05 0
304 6.483432185534738e-05 9.786149851241531e-05 0
305 2.699999999993559e-05 9.826794919243648e-05 0
306 9.299999999998402e-05 9.826073534212692e-05 0
307 6.999999999985869e-06 9.819774789787632e-05 0
308 7.295730783150798e-05 9.84669817499382e-05 0
309 6.352598252136579e-05 1.80565486712008e-07 0
310 9.526486814857542e-05 1.689677810940544e-06 0
311 4.861111111122435e-06 1.683938285140451e-06 0
312 4.072063391140653e-05 4.340276239003005e-07 0
313 5.652005975614923e-05 4.488795440407538e-07 0
314 5.698760164712744e-05 7.843356864469466e-07 0
315 5.639072599328518e-05 1.06614194153318e-06 0
316 5.703175369701169e-05 1.463100805061377e-06 0
317 5.633956777398297e-05 1.861880973572382e-06 0
318 5.705076656296953e-05 2.2669354451001e-06 0
319 5.626911937189708e-05 2.741725730543806e-06 0
320 5.713446734635519e-05 3.286233014430201e-06 0
321 5.617452276721208e-05 3.866849745823057e-06 0
322 5.721319895580704e-05 4.483764272545905e-06 0
323 5.608266694951104e-05 5.169904744517987e-06 0
324 5.491075056083305e-05 4.211495297270155e-06 0
325 5.830770769853132e-05 3.611602113195468e-06 0
326 5.838039263140498e-05 5.153569694733276e-06 0
327 5.952251917336897e-05 4.31769575314616e-06 0
328 5.99944817137903e-05 6.000532148613382e-06 0
329 5.554839554009649e-05 2.270897156938862e-06 0
330 5.95046570158024e-05 3.012961321825889e-06 0
331 6.053734474822175e-05 3.54588825631916e-06 0
332 5.77482983399701e-05 1.842007338295671e-06 0
333 3.842412255009025e-05 3.07284714602145e-07 0
334 3.856215019243865e-05 8.263309277343184e-07 0
335 5.481052619916886e-05 5.796720297029767e-06 0
336 5.364547210758305e-05 4.963374850946385e-06 0
337 5.348836193589979e-05 6.548040019455176e-06 0
338 5.614683063210498e-05 6.625841452651886e-06 0
339 3.918203560360039e-05 9.785349332365979e-07 0
340 3.866250183568398e-05 1.575175847766324e-06 0
341 3.963739426687061e-05 1.613317145800752e-06 0
342 3.884994585866362e-05 2.581167269787845e-06 0
343 4.014013709947168e-05 2.761071882618895e-06 0
344 3.907200340072919e-05 3.80840832917327e-06 0
345 3.782404346982471e-05 2.146589147582133e-06 0
346 5.362965017332544e-05 3.583417841233042e-06 0
347 5.25122411969777e-05 4.18765552208167e-06 0
348 5.259844472366461e-05 2.967873488701667e-06 0
349 5.158892566161012e-05 3.422576088918526e-06 0
350 5.140747038828541e-05 4.677740646672978e-06 0
351 5.040123701543975e-05 3.70825884084425e-06 0
352 5.02024904684475e-05 5.150171782005439e-06 0
353 4.92487061394107e-05 4.331863213636127e-06 0
354 4.892336764851818e-05 5.708104039020553e-06 0
355 4.787742272159195e-05 4.648064205612257e-06 0
356 4.750669889380202e-05 6.342996777455973e-06 0
357 4.88035610694132e-05 7.400597053394607e-06 0
358 4.717692234806687e-05 8.113991681832631e-06 0
359 4.038152299278916e-05 4.176671024484845e-06 0
360 3.928420858809528e-05 5.203678798922414e-06 0
361 4.617834957098466e-05 5.192154870058519e-06 0
362 4.138177034531225e-05 3.276541600696016e-06 0
363 4.169063712649376e-05 4.529918014275784e-06 0
364 4.273426600909926e-05 3.377203239163538e-06 0
365 4.667624952383826e-05 3.774312908175031e-06 0
366 4.944734629969684e-05 3.238246607572903e-06 0
367 5.177599196219758e-05 2.332688844105807e-06 0
368 4.227882080867034e-05 4.266319529861144e-07 0
369 4.27677800062401e-05 7.935776962743167e-07 0
370 4.200518895325407e-05 1.010631603049206e-06 0
371 5.260668821471359e-05 1.926636093882791e-06 0
372 4.304902021588473e-05 4.883375737604552e-06 0
373 4.202756675809741e-05 6.052086079613302e-06 0
374 4.867328349126379e-05 4.149654927581315e-07 0
375 4.827498841489161e-05 8.038020104403383e-07 0
376 5.492983192020607e-05 4.298846965439601e-07 0
377 6.125907447396217e-05 3.960149896476454e-07 0
378 6.099488847561233e-05 9.422252009155232e-07 0
379 6.03198066472061e-05 9.852821938788265e-07 0
380 6.177032317766291e-05 7.955129265964979e-07 0
381 6.14507892911306e-05 1.474163878009044e-06 0
382 6.220483763581621e-05 1.450329632555856e-06 0
383 4.359723713469077e-05 6.445366255039565e-06 0
384 4.243331939648883e-05 7.716886885187994e-06 0
385 4.251729613400793e-05 1.559585438870909e-06 0
386 4.323437789620963e-05 1.287805640693366e-06 0
387 6.188387311558613e-05 2.156643055196058e-06 0
388 6.281184544263706e-05 2.116306515308534e-06 0
389 6.237775446237035e-05 2.999323257884284e-06 0
390 6.356304145675723e-05 2.940126740208264e-06 0
391 6.300311702799415e-05 4.109727725239159e-06 0
392 6.447080872769062e-05 4.036282277991113e-06 0
393 6.374130102922844e-05 5.438699297019212e-06 0
394 5.457271953539698e-05 1.006766780317832e-06 0
395 6.503694711526484e-05 2.531454202827651e-06 0
396 6.610197214060617e-05 3.814462088392178e-06 0
397 5.93348975297001e-05 4.721389323555191e-07 0
398 5.90286666393399e-05 8.346983322511062e-07 0
399 4.398514692076565e-05 3.821380317633509e-06 0
400 5.185340456370518e-05 1.386772592160068e-06 0
401 5.106041620361958e-05 1.751345388284983e-06 0
402 5.175979750678852e-05 3.864476435006733e-07 0
403 5.389666880070998e-05 8.981504779042172e-07 0
404 5.411117590094824e-05 1.698227045035463e-06 0
405 9.834806320191552e-05 2.861238465174316e-06 0
406 1.701021238710771e-06 3.067522028097765e-06 0
407 3.577863402048311e-05 4.720865865822252e-07 0
408 3.564134388248354e-05 1.036150489066854e-06 0
409 3.492075220939744e-05 1.236473813391445e-06 0
410 3.55158159947035e-05 1.77597854281266e-06 0
411 3.455529794813638e-05 2.145961230488343e-06 0
412 3.56229044752198e-05 2.836066577288346e-06 0
413 3.412692381277571e-05 3.345594895983259e-06 0
414 3.522226225849912e-05 4.375468305408634e-06 0
415 3.356951776423118e-05 4.901248865552101e-06 0
416 3.488744392184083e-05 6.139531314052389e-06 0
417 3.305154833957777e-05 6.725465043811854e-06 0
418 3.451573469426341e-05 8.079578131211551e-06 0
419 3.258704518903934e-05 8.653539631650247e-06 0
420 3.404803132789903e-05 1.00397771018419e-05 0
421 3.113881975321165e-05 7.273425555697955e-06 0
422 3.076117196580133e-05 8.827821955589199e-06 0
423 2.923793360710444e-05 7.779725125275847e-06 0
424 2.899771086197244e-05 9.688713080267488e-06 0
425 2.730112588152069e-05 8.363088636289612e-06 0
426 2.651652588258352e-05 1.057809068806552e-05 0
427 2.870126869347772e-05 1.211180820755332e-05 0
428 2.566256718296918e-05 1.319161362507763e-05 0
429 2.794613704386322e-05 1.502458823725579e-05 0
430 2.483351585855375e-05 1.609408231731398e-05 0
431 2.740736770080347e-05 1.850078522892604e-05 0
432 2.235537245297071e-05 1.38344829802794e-05 0
433 2.388679778829887e-05 1.98111927998434e-05 0
434 2.679012369746382e-05 2.250441122647992e-05 0
435 3.1022454495986e-05 2.041725736396743e-05 0
436 3.009466712058729e-05 2.511342639399027e-05 0
437 3.412577762890746e-05 2.366340110566311e-05 0
438 3.337879061938924e-05 2.785366505449985e-05 0
439 3.724043667383308e-05 2.642438225028502e-05 0
440 3.66093778321612e-05 3.042824450888518e-05 0
441 4.039790594396077e-05 2.904385988589735e-05 0
442 3.975932713205574e-05 3.293688548579095e-05 0
443 4.35346106771835e-05 3.150033815216074e-05 0
444 4.29088237070956e-05 3.542483706322674e-05 0
445 4.671158839879628e-05 3.388673342023623e-05 0
446 4.607713157873834e-05 3.793759831600182e-05 0
447 4.98405710930833e-05 3.643106677406732e-05 0
448 4.930918207527425e-05 4.055832206445462e-05 0
449 4.545766372402463e-05 4.197985014282665e-05 0
450 4.863555749575892e-05 4.468996922397156e-05 0
451 4.469327662142679e-05 4.611185014370906e-05 0
452 4.790736470468806e-05 4.883406765555032e-05 0
453 5.052784020938227e-05 3.233860778347786e-05 0
454 4.869511445709409e-05 9.310144618433913e-06 0
455 4.396062246015982e-05 5.025954321278674e-05 0
456 4.720965428173926e-05 5.297354294028681e-05 0
457 5.376441851446948e-05 3.493584969279136e-05 0
458 5.447711354754321e-05 3.072466441738182e-05 0
459 4.291849221106727e-05 5.439908117830229e-05 0
460 4.637302622333766e-05 5.708729790421049e-05 0
461 4.22781374248274e-05 5.852740419730851e-05 0
462 4.559630434052876e-05 6.117195399598402e-05 0
463 4.182003670205533e-05 6.258849217764429e-05 0
464 4.488715970508719e-05 6.515384080253603e-05 0
465 4.12310382343994e-05 6.654360094268268e-05 0
466 4.427382432209802e-05 6.903572485508284e-05 0
467 4.069174393216045e-05 7.035706776613777e-05 0
468 4.787449547127239e-05 6.764829229016249e-05 0
469 4.725812365418057e-05 7.148309506822608e-05 0
470 5.082241997061156e-05 7.013993705039034e-05 0
471 5.018304030358769e-05 5.553178928727142e-05 0
472 5.021037136063511e-05 7.396143442156073e-05 0
473 5.38349413324603e-05 7.261343441176581e-05 0
474 3.608395321262296e-05 3.439930230112273e-05 0
475 5.763770852686057e-05 3.343659897591561e-05 0
476 5.845319776071606e-05 2.913845955519569e-05 0
477 4.019951489615035e-05 5.162328477426473e-05 0
478 5.324649035782931e-05 7.646303492519273e-05 0
479 4.969149480886299e-05 7.769521860656894e-05 0
480 5.693059390528634e-05 7.51092912897655e-05 0
481 5.770097230528267e-05 7.098054116115159e-05 0
482 3.807397366950306e-05 6.421252860902615e-05 0
483 6.174902565110676e-05 3.196087941085622e-05 0
484 6.226732437168632e-05 2.765801323907962e-05 0
485 6.11056252080882e-05 3.642507192456104e-05 0
486 5.248123769042525e-05 8.009778912336626e-05 0
487 4.916778578217354e-05 8.1252891760007e-05 0
488 6.118862637747448e-05 7.391001072012776e-05 0
489 6.1912977193149e-05 6.91859708173536e-05 0
490 5.917872710551751e-05 2.502927714835741e-05 0
491 6.276524389324338e-05 2.356751086361271e-05 0
492 2.283490486144914e-05 2.399035400641781e-05 0
493 6.540526911273298e-05 3.478971728793703e-05 0
494 6.461751892983155e-05 3.976915663871337e-05 0
495 4.117635296312112e-05 2.530802814720907e-05 0
496 5.168045298533361e-05 8.349137091463759e-05 0
497 4.857665810988205e-05 8.454105565669254e-05 0
498 4.608099288723749e-05 8.245972940564255e-05 0
499 6.947225732635429e-05 3.76775799006337e-05 0
500 6.852424261460966e-05 4.313218568762531e-05 0
501 5.992071583057306e-05 2.129189432852766e-05 0
502 6.318868229973324e-05 1.991272229561833e-05 0
503 6.61731576112636e-05 2.209464548201471e-05 0
504 6.653193808809065e-05 1.831742457324387e-05 0
505 6.957082656293703e-05 2.052245759126875e-05 0
506 6.983752365814619e-05 1.629624860928481e-05 0
507 4.689638350825499e-05 9.977762339521031e-06 0
508 4.851397204145372e-05 1.138873055345738e-05 0
509 4.603261212682249e-05 1.201600768297505e-05 0
510 4.82263494734442e-05 1.366912743244544e-05 0
511 4.556619832944454e-05 8.561067154325842e-05 0
512 4.313895889786182e-05 8.365373445958383e-05 0
513 5.046665350872397e-05 1.274046714243757e-05 0
514 7.301838411029661e-05 1.892802316106619e-05 0
515 6.55614000201621e-05 7.227671996035674e-05 0
516 6.475436196939848e-05 7.70409779677229e-05 0
517 6.642772004673814e-05 6.7348576336236e-05 0
518 7.343444596043402e-05 1.5168393127695e-05 0
519 4.265655006236232e-05 8.667120454824859e-05 0
520 4.028902859942132e-05 8.476238798942821e-05 0
521 2.938326611914925e-05 2.948399382846781e-05 0
522 7.653713342722645e-05 1.745095530942164e-05 0
523 7.618981374107243e-05 2.144522957519542e-05 0
524 5.027293424896614e-05 1.516947699147347e-05 0
525 5.108338440239114e-05 8.665511826339523e-05 0
526 5.399958815945495e-05 8.567055321784679e-05 0
527 6.076949949930803e-05 1.789138312529772e-05 0
528 3.982048657671396e-05 8.773017884840581e-05 0
529 3.743851755970969e-05 8.584276936998227e-05 0
530 3.796678270001743e-05 8.275478111635687e-05 0
531 3.488899002329456e-05 8.394352626122304e-05 0
532 3.549834503929341e-05 8.05227618166348e-05 0
533 3.212644492053355e-05 8.186597546474097e-05 0
534 3.262380549070487e-05 7.819675228751033e-05 0
535 3.184098812459532e-05 8.521324010295911e-05 0
536 2.873616710999123e-05 8.327061985694922e-05 0
537 7.702482232545765e-05 1.380338296462923e-05 0
538 7.997925128432285e-05 1.588666672982297e-05 0
539 6.92367866272322e-05 7.543502244209136e-05 0
540 6.828285487955044e-05 8.019451664263485e-05 0
541 5.16417929369697e-05 4.749310283603888e-05 0
542 3.702297606834724e-05 8.879926844256424e-05 0
543 4.595755102043372e-05 1.463159807493568e-05 0
544 7.372066853029833e-05 4.108926600303605e-05 0
545 7.284419932711759e-05 4.6517011415372e-05 0
546 6.753204069098157e-05 4.857259301675679e-05 0
547 2.872375417235537e-05 8.728420258915579e-05 0
548 2.514699738201432e-05 8.473307518335499e-05 0
549 8.037837014487701e-05 1.148875157489685e-05 0
550 8.321331011242523e-05 1.415209780474257e-05 0
551 4.495982960810406e-05 8.882293017444915e-05 0
552 2.51356960999353e-05 8.088994506781316e-05 0
553 7.27924906789707e-05 7.868769347301159e-05 0
554 7.480402767422969e-05 7.33383432405876e-05 0
555 7.18794350029971e-05 8.377043110507727e-05 0
556 6.75281987054091e-05 8.416932368229966e-05 0
557 7.38947240085438e-05 1.156003325545478e-05 0
558 5.344521300022274e-05 8.871772020711623e-05 0
559 5.627254417306891e-05 8.777605930686036e-05 0
560 3.614054179432084e-05 9.429226199788847e-06 0
561 3.554547868664756e-05 1.165048250293894e-05 0
562 5.114525589050283e-05 2.832225198852053e-05 0
563 8.40058429729106e-05 1.052190471227091e-05 0
564 8.630000522726491e-05 1.269743178094132e-05 0
565 6.623845403137833e-05 1.498422197572847e-05 0
566 6.245303454953299e-05 6.441329204973653e-05 0
567 8.652867800855777e-05 1.030041434317171e-05 0
568 7.631186863530801e-05 8.190908003732633e-05 0
569 7.186013552188864e-05 5.211425870290956e-05 0
570 4.37675343659681e-05 1.316776650789839e-05 0
571 4.365454539174507e-05 1.561262851911522e-05 0
572 4.570188984709029e-05 1.731528439029975e-05 0
573 7.572474589481437e-05 8.643150157776726e-05 0
574 7.972382990580004e-05 8.492827001265463e-05 0
575 1.960989894512266e-05 2.022110328312753e-05 0
576 1.845500287511858e-05 2.554539665329833e-05 0
577 8.386626073168394e-05 1.824326298127662e-05 0
578 4.36646335926261e-05 8.04933380828299e-05 0
579 5.258369582848151e-05 1.411368306510604e-05 0
580 5.242388914892552e-05 1.679507717996487e-05 0
581 2.4596240867317e-05 8.8603471166608e-05 0
582 2.138762081662441e-05 8.624344411281463e-05 0
583 8.416613024615289e-05 7.924370507077683e-06 0
584 8.632542265235614e-05 7.270138457799037e-06 0
585 3.929669295007809e-05 9.061518627674717e-05 0
586 7.455527915220606e-05 3.547569914477589e-05 0
587 8.921117610655602e-05 1.075655760659806e-05 0
588 8.891033691357771e-05 1.45411186252117e-05 0
589 5.564543681329803e-05 9.069924172754767e-05 0
590 5.849361339409109e-05 8.980643851507115e-05 0
591 2.51300012965057e-05 8.899774887607341e-06 0
592 4.153263736998254e-05 4.337403225239613e-05 0
593 7.912405127855089e-05 3.914244825254906e-05 0
594 3.659981690002123e-05 9.165247215955631e-05 0
595 7.958779949239187e-05 3.327328304552259e-05 0
596 5.699381932751993e-05 8.469349926524942e-05 0
597 5.145036318234941e-05 6.634652034386059e-05 0
598 5.294214115973186e-05 9.160223047431113e-05 0
599 7.885961277931084e-05 8.909854487661233e-05 0
600 8.284106927599095e-05 8.784066298242321e-05 0
601 2.095975235236885e-05 9.037140271408782e-05 0
602 1.76047570527359e-05 8.84650263350669e-05 0
603 2.582520384296485e-05 6.961450544279027e-06 0
604 2.384724350299085e-05 7.345865494073571e-06 0
605 6.909143438287549e-05 2.384544448437609e-05 0
606 1.835965341771015e-05 8.369064031863243e-05 0
607 7.481620273971201e-05 9.089356787132852e-05 0
608 2.752018983026663e-05 9.092282420616928e-05 0
609 3.784968664152884e-05 1.093249185123064e-05 0
610 3.718186009387811e-05 1.347274655243215e-05 0
611 1.386075484569264e-05 8.529745178485969e-05 0
612 1.344586447612944e-05 8.979344513716209e-05 0
613 5.772355830082132e-05 9.265886762254864e-05 0
614 6.060283853712518e-05 9.183642144175443e-05 0
615 5.256240754938236e-05 1.138495877301649e-05 0
616 5.480047036505236e-05 1.295221972339227e-05 0
617 5.609078890066596e-05 2.277258667774496e-05 0
618 8.532546428844931e-05 3.616273187511854e-05 0
619 8.019110125485321e-05 7.988035156255636e-05 0
620 6.012056544931746e-05 4.136254383781335e-05 0
621 3.446150627018208e-05 1.40011000144196e-05 0
622 3.633354765159562e-05 1.632194377244006e-05 0
623 2.45057838154277e-05 5.453419947451567e-06 0
624 2.255921107127515e-05 5.928829357487122e-06 0
625 2.188257551076361e-05 7.734638047991507e-06 0
626 2.059788912631759e-05 6.322349212993736e-06 0
627 1.992111748069338e-05 8.115234681244143e-06 0
628 1.861546759649987e-05 6.601802437545605e-06 0
629 1.795398750888674e-05 8.474530433671103e-06 0
630 1.66473883711496e-05 6.957548048035803e-06 0
631 1.598829747297353e-05 8.842990328579101e-06 0
632 1.468193862975188e-05 7.327535140881118e-06 0
633 1.402328548973936e-05 9.21535180804916e-06 0
634 1.271703957807429e-05 7.700546559376023e-06 0
635 1.205851548729103e-05 9.589063115477691e-06 0
636 1.075225333429381e-05 8.074181542486259e-06 0
637 1.001831378852763e-05 1.002725850416743e-05 0
638 1.152275259004923e-05 1.174381658003854e-05 0
639 8.670094706842292e-06 1.213433111911372e-05 0
640 8.774313402992466e-06 8.458290024564139e-06 0
641 1.092992434894734e-05 1.434164624473771e-05 0
642 1.141088999834718e-05 6.18578971212626e-06 0
643 1.520927790434841e-05 1.1031427888051e-05 0
644 1.49689157369442e-05 2.21032100498764e-05 0
645 1.33018623265793e-05 2.698462675549413e-05 0
646 1.741964329016466e-05 3.096405942432848e-05 0
647 4.317817328098011e-05 1.840903792965298e-05 0
648 4.511694154035642e-05 2.04733609749546e-05 0
649 2.966673675146875e-05 6.014076069983593e-06 0
650 6.165175243084465e-05 8.889880084896325e-05 0
651 6.362264277057581e-05 9.103724759449789e-05 0
652 7.796357930878576e-05 5.046378833339017e-05 0
653 7.585993445792402e-05 5.629194766169195e-05 0
654 6.673529083371595e-05 5.371252771800728e-05 0
655 6.247952097608093e-05 5.042019724118004e-05 0
656 3.880293853763736e-05 9.335900404501047e-05 0
657 4.134067336652024e-05 9.24542628394499e-05 0
658 3.623488578351468e-05 7.688155349146884e-05 0
659 3.335994983214192e-05 7.444819934273254e-05 0
660 8.196722960723837e-05 9.227338788460668e-05 0
661 8.563889120221692e-05 9.060503574190258e-05 0
662 8.670657421392547e-05 8.670156316512882e-05 0
663 5.025653779338528e-05 8.483939926265971e-06 0
664 2.646096637073794e-05 5.07863342418564e-06 0
665 6.209471549798267e-05 5.518473708831593e-05 0
666 5.495761903940465e-05 1.059216463301996e-05 0
667 5.695940556172818e-05 1.200542559736524e-05 0
668 1.534044518966569e-05 5.438909922973129e-06 0
669 1.167714229639203e-05 3.264399429358829e-05 0
670 1.610718941355932e-05 3.69644730244258e-05 0
671 9.177967194153075e-05 1.300809967598407e-05 0
672 9.191832908165847e-05 1.061981079668528e-05 0
673 9.164662179564967e-05 1.646522963760342e-05 0
674 3.388110512728943e-05 9.008763832707858e-05 0
675 3.400315420142529e-05 9.293254119694216e-05 0
676 6.249040178906691e-05 9.415805045180377e-05 0
677 6.568016528559732e-05 9.308665639790343e-05 0
678 2.262744359980818e-05 3.477371954616708e-05 0
679 2.085876959430956e-05 4.096502081443209e-05 0
680 2.670799527886015e-05 3.935847097361387e-05 0
681 2.533580150390395e-05 4.488280583119993e-05 0
682 3.072074217410089e-05 4.317514127355056e-05 0
683 2.961981349336664e-05 4.86351534480724e-05 0
684 2.43438902615074e-05 5.042997194970118e-05 0
685 2.862290883489855e-05 5.423263539684478e-05 0
686 2.33127167226696e-05 5.614772096902342e-05 0
687 2.758461126134609e-05 5.998700309715105e-05 0
688 2.217032089180967e-05 6.18757086129658e-05 0
689 1.805911891406324e-05 5.757481530226903e-05 0
690 2.65061647457311e-05 6.573005199578003e-05 0
691 2.113950216450437e-05 6.760011017739705e-05 0
692 8.060610488915263e-06 1.509998122711406e-05 0
693 2.614215680009519e-05 7.147121249548623e-05 0
694 2.056325659823089e-05 7.310582942625406e-05 0
695 3.618338912605418e-05 8.679028659641824e-07 0
696 5.865600846994297e-06 1.280989550757527e-05 0
697 5.691751287707847e-05 1.434965524950278e-05 0
698 5.913818986650681e-05 1.325053937997884e-05 0
699 5.901217545456643e-05 1.059886559569377e-05 0
700 6.136645289954193e-05 1.200132056684451e-05 0
701 6.150631561070512e-05 9.552617983432681e-06 0
702 6.351281153995314e-05 1.068887590148115e-05 0
703 3.295113106706863e-05 5.783271743043061e-05 0
704 6.753003955925141e-05 6.210755349274535e-05 0
705 7.047688611501819e-05 6.606226448616601e-05 0
706 3.829865827291461e-05 8.468597375676306e-06 0
707 6.652141717378541e-05 9.022978960950311e-05 0
708 6.863516390036548e-05 9.238515446900863e-05 0
709 6.955145015423378e-05 8.935254169177272e-05 0
710 5.791077538744373e-05 5.226199453284192e-05 0
711 3.246675191306071e-05 3.501018848364005e-06 0
712 3.059131220492608e-06 1.680100086635989e-05 0
713 4.994494401680556e-05 1.794447670077554e-05 0
714 3.978664099654766e-05 1.009454391451399e-05 0
715 7.527968102657066e-05 3.033052964216675e-05 0
716 8.038895104018026e-05 2.755187581332307e-05 0
717 9.749999999999528e-05 9.828705081546272e-05 0
718 2.433390547779189e-06 9.826522597343058e-05 0
719 9.512204080178802e-05 2.224272312244952e-05 0
720 9.007860434370714e-05 2.447202416000295e-05 0
721 3.786840841986123e-05 1.153920503515064e-06 0
722 1.614221221164625e-05 1.788191870951696e-05 0
723 1.562251821860461e-05 6.952931193833903e-05 0
724 5.689364128882022e-05 5.701931327065651e-05 0
725 4.160200427348119e-05 1.41609719479411e-05 0
726 8.517730011800654e-05 9.40779461951006e-05 0
727 8.799348712599671e-05 9.334434056539819e-05 0
728 8.370469965776259e-05 4.203507566916118e-05 0
729 5.217484045552656e-05 1.964543893580712e-05 0
730 4.416970883568472e-05 8.225018833102319e-06 0
731 3.787509865532124e-05 4.63115223209509e-06 0
732 4.29999980514725e-05 9.60321177446509e-06 0
733 1.951590794994978e-05 4.680161989118408e-06 0
734 5.470407034940956e-05 1.809968289613309e-05 0
735 4.172451657480258e-05 1.709725913912277e-06 0
736 5.122533848302548e-05 5.874253953448991e-06 0
737 5.525896245204134e-05 8.923486771175463e-07 0
738 5.374976140254205e-05 2.375187207860852e-07 0
739 6.387021729135284e-05 1.808106422155611e-06 0
740 3.410640944757907e-05 4.680674128913813e-05 0
741 1.014120024490131e-05 1.780938107275567e-05 0
742 9.91118939255525e-06 8.736016762035139e-05 0
743 1.003098162458176e-05 9.166161176785139e-05 0
744 1.293649771553045e-05 9.385506859816148e-05 0
745 3.713163770182414e-05 1.637330923390511e-06 0
746 8.830760905452459e-05 1.810134468615755e-05 0
747 1.432616833636718e-05 8.044888132925124e-05 0
748 1.920018723458364e-05 9.932823265208605e-06 0
749 5.322052741526974e-05 9.254125355234368e-06 0
750 4.939745368529738e-05 2.095265878286987e-05 0
751 5.226230961146562e-05 2.237506217417932e-05 0
752 4.98875433930743e-05 2.434406772701489e-05 0
753 6.543958418751722e-05 7.067725254666415e-07 0
754 6.664816953626798e-05 2.169263089888523e-06 0
755 6.778386217960612e-05 3.510026016623887e-06 0
756 6.719868690673804e-05 5.253173365168263e-06 0
757 6.904277634281178e-05 5.01814548965529e-06 0
758 6.835634158357338e-05 6.814750899249613e-06 0
759 7.032552929448732e-05 6.532958338970714e-06 0
760 6.945610372100547e-05 8.519206335285184e-06 0
761 7.100242095808722e-05 4.711276406969426e-06 0
762 7.22987366817002e-05 6.233484050436458e-06 0
763 6.64988902694912e-05 6.961552644503949e-06 0
764 7.304108890849204e-05 4.475997775220004e-06 0
765 7.428674603541149e-05 5.939077742439883e-06 0
766 7.502043698863232e-05 4.098374555172194e-06 0
767 7.626683959520276e-05 5.621415538993816e-06 0
768 7.554173639093465e-05 7.481462909105846e-06 0
769 7.751931291571923e-05 7.171355097680389e-06 0
770 7.824256966412468e-05 5.305979240321346e-06 0
771 7.94342073848209e-05 6.839097852647814e-06 0
772 8.017594760204438e-05 5.020198476614035e-06 0
773 8.137921080559689e-05 6.449478012647606e-06 0
774 8.199837304264153e-05 4.776139765950707e-06 0
775 4.780047978267561e-05 3.280585111046666e-06 0
776 4.708186809332173e-05 2.48760166077036e-06 0
777 4.796463367097865e-05 2.461176977477773e-06 0
778 4.704388779356021e-05 1.585983248033406e-06 0
779 4.628644660387622e-05 1.908082819994988e-06 0
780 4.705189557637393e-05 3.883399702140241e-07 0
781 4.113996316605577e-05 3.196320521960312e-07 0
782 4.097861133330164e-05 8.392030081767318e-07 0
783 4.034858087730249e-05 9.220712105247114e-07 0
784 4.076589118704496e-05 1.631585297891873e-06 0
785 9.30455084574289e-05 8.143211449200449e-05 0
786 1.606973297214978e-05 9.219855708470935e-05 0
787 1.991323408995157e-05 9.396929616267276e-05 0
788 7.779506647879024e-05 9.332992123053045e-05 0
789 7.471934847355055e-05 9.396904383622851e-05 0
790 8.024295434208937e-05 9.504628327965768e-05 0
791 7.139951947786374e-06 5.58233895660068e-05 0
792 6.035847863369058e-05 2.35605579996166e-06 0
793 5.948766607373966e-05 1.908708189358999e-06 0
794 4.084353826927007e-05 9.500579616475906e-05 0
795 4.330152794292969e-05 9.42571180421285e-05 0
796 6.350673267838793e-05 8.347474150780997e-06 0
797 7.073801103931802e-05 1.296908801141774e-05 0
798 6.802449269891067e-05 1.0998380367451e-05 0
799 2.43989061250722e-05 9.226056456178259e-05 0
800 2.687269115715392e-05 9.419866976121217e-05 0
801 2.972947755290087e-05 9.309400345311341e-05 0
802 4.747903583844263e-05 3.790542214741176e-07 0
803 4.77118350679928e-05 8.504428399363326e-07 0
804 5.855370686390514e-05 4.707485061628373e-05 0
805 3.720757056697021e-05 9.246869753395788e-07 0
806 6.162113810327111e-05 7.401211493529091e-06 0
807 3.495821168443258e-05 4.189081729700032e-05 0
808 5.26498921525811e-05 1.064957771887493e-06 0
809 6.355622207770474e-05 1.352595882293972e-05 0
810 5.967658479798459e-05 8.21925766280199e-06 0
811 5.800881683808231e-05 8.801928886916752e-06 0
812 3.326372145302391e-05 1.680786689765934e-05 0
813 4.380191943468643e-05 2.602069015948974e-06 0
814 4.479580608741204e-05 2.900132562124666e-06 0
815 4.450603676847051e-05 1.933573929699318e-06 0
816 9.29332211800663e-05 3.487509192248506e-05 0
817 7.362128027278261e-06 2.918020190575871e-05 0
818 5.086885388383666e-05 2.67059227552689e-06 0
819 5.0279808628862e-05 2.014185101496738e-06 0
820 5.043984599808019e-05 1.232042603573703e-06 0
821 4.975588432432087e-05 1.475953455565729e-06 0
822 5.113627138700436e-05 1.073674814912244e-06 0
823 4.651179151909515e-05 1.129981361977968e-06 0
824 4.578030071715322e-05 1.362011704575504e-06 0
825 9.429682513031703e-05 1.132409724751549e-05 0
826 9.463909456200643e-05 8.843821949193848e-06 0
827 9.283064066915297e-05 7.625294295590377e-06 0
828 9.665643234724078e-05 1.004537317440279e-05 0
829 4.094063855826805e-05 7.177555831664298e-06 0
830 4.807488397415883e-05 1.324647258105662e-06 0
831 4.8585565634644e-05 1.298669206284142e-06 0
832 6.399746743051875e-05 5.806488579656786e-07 0
833 6.347642008944305e-05 6.764059774596182e-07 0
834 6.420873668125393e-05 8.152378865066406e-05 0
835 3.950252854548523e-06 8.40384214471248e-05 0
836 6.776629869120941e-05 9.527711628207937e-05 0
837 7.054572616797214e-05 9.425140451453683e-05 0
838 9.631804064462513e-05 9.30721694048615e-05 0
839 9.273448106702437e-05 9.125164894425342e-05 0
840 3.223702246057315e-05 3.760375767587321e-05 0
841 3.687057948717017e-05 2.611884273484424e-06 0
842 6.029063201088148e-05 7.885907212872672e-05 0
843 3.821870257490068e-06 9.317490752014452e-05 0
844 9.178512465294545e-05 6.486341593916418e-05 0
845 8.572684509196619e-05 7.163637436499064e-05 0
846 8.43045795540894e-05 6.498105362485507e-05 0
847 7.972939148520787e-05 6.918885771803169e-05 0
848 6.010804967211038e-05 5.315300261434631e-07 0
849 8.940098633031638e-05 8.467157345748329e-06 0
850 5.329784323175498e-05 6.452315528991711e-07 0
851 3.059859065294509e-05 6.848664658302972e-05 0
852 3.113052549040274e-05 6.337251757057223e-05 0
853 3.07154407311264e-05 9.019187068092999e-05 0
854 2.304948695329638e-05 3.811710455443363e-06 0
855 8.13739596509301e-05 5.490416173222012e-05 0
856 7.69570959584317e-05 8.764837877129396e-06 0
857 2.932194599911895e-05 7.573877690752727e-05 0
858 5.499254251754578e-05 9.341971999430445e-05 0
859 5.242305652038851e-05 9.417023051031659e-05 0
860 5.043849211217568e-05 9.252041618099515e-05 0
861 5.008684984017269e-05 9.488605408790688e-05 0
862 4.810047314175057e-05 9.334336640791008e-05 0
863 4.842579088514691e-05 9.095953208082346e-05 0
864 5.689251933541516e-05 9.51148239795675e-05 0
865 4.60720959310763e-05 9.176492785477517e-05 0
866 5.950312374963102e-05 9.455354597848203e-05 0
867 8.854755828742496e-05 3.009570018721304e-05 0
868 8.17695906611096e-06 6.458093875850279e-05 0
869 3.749239266258102e-05 2.044199875008916e-07 0
870 5.538138465693164e-05 2.671677468604154e-05 0
871 3.521987572234481e-05 1.97397764057933e-05 0
872 3.850260874926578e-05 1.840064899776307e-05 0
873 9.734235305784152e-05 1.580563639619467e-05 0
874 4.592074517875002e-05 2.842583265725706e-06 0
875 9.720960543152941e-06 9.504654571024302e-05 0
876 3.761057459629648e-05 7.266450313431901e-05 0
877 3.990994329708784e-05 7.631598009319371e-05 0
878 3.321150940925487e-05 5.221587409799548e-05 0
879 8.800849970029997e-05 7.861143063350735e-05 0
880 9.37363400492904e-05 4.778882839705538e-05 0
881 2.416747194686604e-05 9.553701423948676e-05 0
882 4.688872562259577e-05 7.538602152591428e-05 0
883 9.361482717396127e-05 9.453242437647218e-05 0
884 2.881543988882415e-05 9.618185821451773e-05 0
885 3.189426432945696e-05 9.494390696470809e-05 0
886 3.347179709546428e-05 9.697800976940563e-05 0
887 7.183241484740231e-05 2.837331193055222e-06 0
888 3.853618999863638e-05 2.20702406025233e-05 0
889 3.845629050988093e-05 9.597789771465446e-05 0
890 2.502359909564817e-06 1.325403034164859e-05 0
891 6.361496299584652e-05 8.559797140104974e-05 0
892 4.801454950515472e-05 8.803819931636902e-05 0
893 5.806200631487602e-05 6.908311942898844e-06 0
894 3.148343157450001e-05 1.389403078729782e-05 0
895 5.243836293651769e-05 4.366644293690641e-05 0
896 6.199188327234842e-05 5.51667360127676e-06 0
897 2.81762445469244e-05 1.630051912580078e-06 0
898 2.908496450933949e-05 3.154906549531261e-06 0
899 4.717843394646687e-05 3.006711845691656e-05 0
900 4.225256490729533e-05 2.170159904776435e-05 0
901 4.446668608855685e-05 2.402262455069674e-05 0
902 3.762517067277871e-05 5.783862676724383e-07 0
903 7.893939614464269e-05 3.448607327680029e-06 0
904 4.214107329370212e-05 8.962669495261348e-05 0
905 1.57121097828868e-05 9.559758169849853e-05 0
906 4.399229834790316e-05 7.27653532783073e-05 0
907 6.347735310229748e-05 4.516017776702988e-05 0
908 9.658154314644163e-05 8.011328566342826e-06 0
909 9.475888633332415e-05 6.756345249605851e-06 0
910 9.306577008678556e-05 5.685033875880062e-06 0
911 9.148086164910115e-05 6.534523625018999e-06 0
912 9.478345435094866e-05 4.766737844697494e-06 0
913 9.288682115928711e-05 3.699344054381819e-06 0
914 4.538314186806701e-05 2.056827316754691e-06 0
915 5.345587044428549e-05 2.409574440835635e-06 0
916 3.866903672595655e-05 7.950192580988161e-05 0
917 3.207393476467891e-05 1.696500682826126e-06 0
918 7.031078721667474e-05 3.278253133449058e-05 0
919 6.341253775404416e-05 1.658292098834194e-05 0
920 3.640643193724399e-05 7.302202755506306e-06 0
921 5.455741283559781e-05 2.741956418969568e-06 0
922 3.626157863470556e-05 9.428569701168843e-05 0
923 5.59396074753874e-05 7.912741377597966e-05 0
924 4.208448111955326e-05 2.399289501254516e-06 0
925 7.389779372107753e-06 9.382169740953862e-05 0
926 5.860143089623694e-05 2.244110633464852e-06 0
927 5.761513707244264e-05 1.035920892734235e-06 0
928 5.835945862832682e-05 1.214217757719767e-06 0
929 4.991996943153792e-05 5.980417470459962e-05 0
930 4.790755548831033e-05 9.589986162394791e-05 0
931 9.393486871063178e-06 3.929447040386396e-05 0
932 5.088851224773544e-05 5.15122385381595e-05 0
933 4.534031510000271e-05 3.937293477927977e-06 0
934 6.758519834029059e-05 8.436187086011998e-06 0
935 6.561813981679378e-05 9.097988136529684e-06 0
936 5.428708999261234e-05 9.593922389369615e-05 0
937 4.260442037194574e-05 9.665556643341808e-05 0
938 4.516904826786324e-05 9.586581001943555e-05 0
939 8.799846071525706e-06 8.236285938322953e-05 0
940 8.21935964951425e-05 9.121220751670773e-06 0
941 5.491663323025281e-05 8.889047168393651e-06 0
942 5.8604839721314e-05 9.69387587860097e-05 0
943 2.430555555558323e-05 1.683938285130108e-06 0
944 2.106927153881039e-05 3.340274101029266e-06 0
945 2.529551634394075e-05 3.499235646261607e-06 0
946 3.913917478170679e-05 1.523221138171821e-05 0
947 7.549228221230791e-05 2.030445678007088e-06 0
948 6.054024774728495e-05 8.341915882893451e-05 0
949 4.476679316124173e-05 9.80149315561901e-05 0
950 7.155246046366691e-05 8.113725953159747e-06 0
951 9.655392368364697e-05 5.782932896233065e-06 0
952 2.223480465732732e-05 2.889523783266069e-05 0
953 7.355565887779385e-05 7.79313704304741e-06 0
954 1.35299328321033e-05 9.653469731974796e-05 0
955 3.152653282020609e-05 5.151168184207401e-06 0
956 2.857556194163392e-05 3.445811516391835e-05 0
957 7.698907997505822e-05 3.744944345819807e-06 0
958 9.444077780027424e-06 6.561054647540939e-06 0
959 7.478755126577421e-06 6.934390988769237e-06 0
960 8.14877773808725e-06 5.091827488481474e-06 0
961 5.973682802627068e-06 5.065648782559671e-06 0
962 5.482063734884819e-06 7.246910890755801e-06 0
963 3.907589585603904e-06 5.82581150322846e-06 0
964 7.087804403768325e-06 3.424410690032337e-06 0
965 3.551184562455703e-06 7.67790272437208e-06 0
966 4.856478057910617e-06 9.193227406019679e-06 0
967 2.529503433185338e-06 4.771548030601872e-06 0
968 4.176927193651636e-06 3.775483146672836e-06 0
969 7.879968045090117e-05 8.941433976401362e-06 0
970 1.337555462347612e-05 5.811938880270889e-06 0
971 1.206888605395407e-05 4.297811578157749e-06 0
972 1.39916194137347e-05 3.884389418631556e-06 0
973 1.596671568570337e-05 3.548028172203169e-06 0
974 6.821434375949684e-06 8.820472385873489e-06 0
975 8.089185549771052e-06 1.002978074124599e-05 0
976 1.73491892388807e-05 5.107005111294089e-06 0
977 1.011486522899338e-05 4.726237073218669e-06 0
978 1.05343537826197e-05 2.963360856781418e-06 0
979 5.317804151400106e-05 3.943814348257822e-05 0
980 1.350311800004277e-05 1.298181862938139e-05 0
981 1.681101914829562e-05 1.338167436441153e-05 0
982 1.943687802627494e-05 1.595379166789493e-05 0
983 9.339523357419806e-05 1.718455248118543e-06 0
984 9.075564400292066e-05 3.772772535442782e-06 0
985 8.919086341688552e-05 2.624490367886508e-06 0
986 8.891283099723384e-05 4.391325472291008e-06 0
987 8.728248891856793e-05 3.218605376028958e-06 0
988 8.704462928253083e-05 5.157996107511583e-06 0
989 8.548995054504379e-05 3.912357856920745e-06 0
990 8.396844375169597e-05 2.930399218294763e-06 0
991 8.851144436453946e-05 6.550621192731198e-06 0
992 7.490794088644291e-05 9.351915558609173e-06 0
993 7.295079824818462e-05 9.35438659149805e-06 0
994 7.110276502993824e-05 1.025247008571108e-05 0
995 7.144639915938582e-05 9.147270186675738e-05 0
996 1.239495330200383e-05 2.529338669638903e-06 0
997 9.829226365913596e-05 4.76268130890865e-06 0
998 1.746182177121991e-05 1.07958078427156e-05 0
999 2.13949071518564e-05 1.051209358137015e-05 0
1000 6.495666586804631e-05 9.554249402406807e-05 0
1001 3.370346285555241e-05 1.343981757879994e-06 0
1002 9.640413577027875e-05 3.521572542890193e-06 0
1003 2.317213909137162e-05 9.228063081002329e-06 0
1004 8.734403356146326e-05 9.611707593539233e-05 0
1005 8.325496937321528e-05 6.189159138952891e-06 0
1006 1.65662306254236e-05 1.694161384460885e-06 0
1007 7.061614947276774e-05 5.750907942236367e-05 0
1008 3.144947387319809e-05 1.074234290078168e-05 0
1009 1.651936798079715e-06 8.583715395498116e-06 0
1010 3.790823240638027e-05 5.519126592987713e-05 0
1011 4.236044259707065e-05 3.930900944899133e-05 0
1012 3.271132869758828e-05 3.237117975546118e-05 0
1013 5.830153774489961e-05 6.671412992139325e-05 0
1014 5.818145629785607e-05 6.2322278100852e-05 0
1015 5.40974478789819e-05 6.082584486123977e-05 0
1016 4.655675653457431e-05 7.91017568043025e-05 0
1017 4.338731957226905e-05 7.655757127134813e-05 0
1018 3.796474564970754e-05 6.243726281771435e-06 0
1019 5.967633520208917e-05 9.52239196537875e-07 0
1020 3.927923711887037e-05 3.675821305602224e-05 0
1021 9.45183586097993e-05 1.462791022020227e-05 0
1022 5.304784833199927e-05 9.815077741002013e-05 0
1023 2.778810350725238e-05 6.507183605915945e-06 0
1024 5.589649310202599e-05 6.73429896686756e-07 0
1025 1.469450598554425e-05 4.333280316715033e-05 0
1026 1.428073901916334e-05 5.157143325049226e-05 0
1027 4.489640977028555e-05 9.97524687934856e-06 0
1028 2.041666666670406e-05 1.648306125707863e-06 0
1029 3.76794495858475e-05 6.830629899356796e-05 0
1030 8.056677197455745e-05 7.419228483861982e-05 0
1031 5.036991144167547e-05 1.052716882586833e-05 0
1032 9.835737750723268e-05 8.710341954859675e-06 0
1033 5.085813044916097e-05 8.979817885191566e-05 0
1034 7.968664825110116e-05 1.672330185647984e-06 0
1035 4.899999999987362e-05 9.826794919243591e-05 0
1036 5.710080662012558e-05 9.845881638437958e-05 0
1037 6.626481819047606e-06 1.637694653710662e-06 0
1038 4.45307592961234e-05 5.138198993607771e-06 0
1039 3.784388628077932e-05 3.260274481664066e-06 0
1040 1.983269610363231e-05 4.71259188970842e-05 0
1041 7.809969783302536e-05 9.597585037011622e-05 0
1042 7.969944725124855e-05 9.752606668311118e-05 0
1043 6.265170845436526e-05 9.653924932816038e-05 0
1044 4.712188214893139e-05 8.705432966688953e-07 0
1045 6.298139517522758e-05 1.393423249607e-06 0
1046 5.060858437872317e-05 6.790937354493071e-07 0
1047 3.466792385104259e-05 8.696457682547325e-05 0
1048 8.939836066217512e-05 9.046533942007661e-05 0
1049 9.23929006363698e-05 8.69793112326574e-05 0
1050 2.724166075039695e-05 3.295178821387062e-06 0
1051 3.868672414428225e-05 5.99756715109682e-05 0
1052 3.809710864234236e-05 5.535889873163542e-07 0
1053 4.856070944617581e-05 6.382352304314702e-05 0
1054 4.089879621180871e-05 8.164747260071696e-05 0
1055 9.708788345355421e-05 1.590735753617859e-06 0
1056 2.505925931735602e-05 7.646169997465999e-05 0
1057 2.067785317455084e-05 7.904714320674044e-05 0
1058 3.018917832220406e-06 1.6249035471869e-06 0
1059 3.903619262174751e-05 9.825659617989954e-05 0
1060 8.504784022352499e-05 5.846268595367674e-06 0
1061 6.684028334205983e-05 9.839518875231252e-05 0
1062 5.480941871399434e-05 8.246409636438422e-05 0
1063 4.555562147904429e-05 6.888762241201135e-06 0
1064 5.959449001144266e-05 8.669865469435473e-05 0
1065 7.984663584743455e-05 1.979536258987886e-05 0
1066 8.3065325801644e-05 2.216130501592595e-05 0
1067 6.57926741979927e-05 3.040335397030658e-05 0
1068 4.083857304506185e-05 4.772407876480291e-05 0
1069 9.150644354782339e-06 2.266752449292862e-05 0
1070 7.894375056476669e-05 6.201764478836623e-05 0
1071 7.099999999992555e-05 9.826794919242658e-05 0
1072 5.469664011137006e-05 1.551640334733426e-05 0
1073 5.180747411415277e-05 9.63819046973126e-05 0
1074 9.508333333332291e-05 9.81844203138192e-05 0
1075 9.099999999997897e-05 9.826794919242659e-05 0
1076 8.97461162076655e-05 9.607089299768564e-05 0
1077 2.900325703150439e-05 9.834306109171296e-05 0
1078 9.315602132013222e-06 9.781980393466035e-05 0
1079 6.132628168218009e-05 1.486140082531299e-05 0
1080 8.679017234358545e-05 9.824958976667435e-05 0
1081 8.503948114420257e-05 9.680424057406471e-05 0
1082 7.499999999993616e-05 9.826794919242655e-05 0
1083 1.899999999995766e-05 9.826794919243663e-05 0
1084 2.099999999995216e-05 9.826794919243648e-05 0
1085 1.487018868864611e-05 9.809588368930335e-05 0
1086 2.50306562119613e-05 9.803875877445615e-05 0
1087 4.601871498313132e-05 7.648778151010637e-07 0
1088 9.469829414456209e-05 1.805311063185343e-05 0
1089 4.948265544426895e-05 2.208654793067218e-06 0
1090 6.418878860442697e-05 1.120637693282567e-06 0
1091 6.482476265643612e-05 1.398689785656937e-06 0
1092 4.392886990004789e-05 2.771712024483256e-05 0
1093 5.440987881323583e-05 6.879702320434345e-05 0
1094 7.01722025174927e-05 7.056143461748143e-05 0
1095 4.796602040742765e-05 1.623584247682087e-05 0
1096 3.974179344185487e-05 1.245993881594584e-05 0
1097 6.816745109072975e-05 1.539147830402664e-06 0
1098 4.505846561749033e-05 1.339946944128416e-06 0
1099 4.438223298087263e-05 1.147480938481404e-06 0
1100 4.492022265574936e-05 7.855875244284132e-07 0
1101 8.412774304912156e-05 8.293184778392479e-05 0
1102 5.73823104501346e-05 4.10886107004908e-07 0
1103 6.290274546483033e-05 9.843989877282896e-05 0
1104 3.086555339635382e-05 3.258996495703545e-06 0
1105 3.664577700345519e-05 3.836161745366295e-06 0
1106 5.852071737293136e-05 6.661628095155577e-07 0
1107 5.333635645749889e-05 1.440462897074128e-06 0
1108 6.547557232890158e-05 5.353534021235418e-06 0
1109 5.54920402151273e-05 3.166584869909089e-06 0
1110 1.621701726065712e-05 6.357690915336634e-05 0
1111 4.371379215989853e-05 9.180368037386551e-05 0
1112 6.577074480438642e-05 2.589604205743339e-05 0
1113 6.239419283803643e-06 1.071058994330079e-05 0
1114 4.074933616230939e-06 1.098240466636844e-05 0
1115 4.83895563907152e-06 9.809124974165468e-05 0
1116 4.180948718585501e-05 1.146924992643976e-05 0
1117 6.479213957815432e-06 1.844126436537801e-05 0
1118 5.999999999987436e-06 9.614986847663957e-05 0
1119 7.258288045159857e-05 2.269576923004003e-05 0
1120 6.242087387041773e-05 5.983578336868464e-05 0
1121 5.214304931912546e-05 7.322616729060349e-07 0
1122 2.836910083038631e-05 4.747022436859403e-06 0
1123 1.799999999996014e-05 9.621202539676654e-05 0
1124 3.648304684512471e-05 5.38730258090684e-06 0
1125 5.118639981333417e-05 5.219748005645087e-07 0
1126 5.708221574518636e-05 3.818977788204884e-05 0
1127 5.852187457259122e-05 2.086965341188945e-07 0
1128 5.748845571692978e-05 1.905137674207395e-05 0
1129 5.625212648794447e-05 4.295248669032737e-05 0
1130 1.797911724382018e-05 3.366998151958944e-06 0
1131 2.62370802832307e-05 2.691473881613962e-05 0
1132 7.587381980704524e-05 2.560441137491323e-05 0
1133 6.956934677686955e-05 3.28193049605625e-06 0
1134 8.07458698092055e-05 3.290285846529303e-06 0
1135 7.280266455803123e-05 9.619453915171876e-05 0
1136 5.89024103771968e-05 1.57912139676038e-05 0
1137 1.468045634746361e-05 7.455651346005294e-05 0
1138 2.199999999994938e-05 9.625087415004153e-05 0
1139 7.869836279115221e-05 4.470575946943631e-05 0
1140 8.758018039091188e-05 1.454698238243209e-06 0
1141 2.883388648960665e-05 7.940396159320014e-05 0
1142 4.649807452988857e-05 4.841073473971113e-07 0
1143 6.070815976570536e-05 1.564613322593704e-06 0
1144 3.412465887376547e-05 9.511787111703577e-05 0
1145 4.99524776630781e-05 9.106107353278959e-07 0
1146 4.930884528875193e-05 9.597331446154885e-07 0
1147 4.955315999327249e-05 5.048796834260126e-07 0
1148 9.608603352531515e-05 9.599299100466357e-05 0
1149 6.170261551130959e-05 4.013477757997696e-06 0
1150 3.494878193098306e-05 6.198045914923736e-05 0
1151 7.262700298170917e-05 8.818211670886015e-05 0
1152 8.927160230698035e-06 3.577954878730813e-06 0
1153 4.337126998177216e-05 7.884475070647385e-07 0
1154 5.799741055349915e-06 3.435576540074892e-05 0
1155 4.290215966979295e-05 9.860489471513317e-05 0
1156 3.571905418560601e-05 9.651065622681967e-05 0
1157 5.389790881244837e-05 5.395545524819786e-05 0
1158 9.015510964293452e-05 4.172464069756763e-05 0
1159 3.399686470139657e-05 7.053712715224898e-05 0
1160 3.022462245363532e-05 1.692890570302128e-05 0
1161 1.333381165678992e-05 1.605596585986424e-05 0
1162 8.611950440789527e-05 1.554705117566595e-05 0
1163 5.776853416881262e-05 2.650177708897258e-06 0
1164 4.121935926523694e-05 2.355642839274715e-06 0
1165 4.90986212284028e-05 1.467790501734899e-06 0
1166 4.849858126566942e-05 1.902572127783588e-06 0
1167 4.860878872903875e-05 2.801012263840441e-06 0
1168 3.486514188012e-05 9.842191891957055e-05 0
1169 8.366922672239113e-05 4.447683828606622e-06 0
1170 5.719409644641134e-05 5.697295175900238e-06 0
1171 4.063478660077872e-05 5.615751945855321e-06 0
1172 7.067171741244912e-05 2.73654402991038e-05 0
1173 6.125545805182165e-05 2.848717809196967e-06 0
1174 7.718752785266317e-05 7.731833655035129e-05 0
1175 5.450592121701695e-05 4.994424647050238e-05 0
1176 5.239207202060801e-05 5.648657640676462e-06 0
1177 5.196493539663422e-05 7.471177976339473e-06 0
1178 9.633567661321038e-05 8.481163630662813e-05 0
1179 5.654181788639693e-05 1.656166644052958e-05 0
1180 4.880166510676792e-05 8.831004531203976e-07 0
1181 8.758447106748762e-05 8.652676521725635e-06 0
1182 7.907290924747529e-05 2.331163687384731e-05 0
1183 6.248754345631238e-05 8.877918810058614e-07 0
1184 6.570908381637575e-05 1.207319912373002e-05 0
1185 9.852186593816782e-05 1.059436553299552e-05 0
1186 3.17601733489192e-06 9.346621882426172e-06 0
1187 5.495595935957535e-05 1.653160653664254e-06 0
1188 7.59136189095367e-05 9.594383177814896e-05 0
1189 2.609820174947307e-05 9.640459159362521e-05 0
1190 4.909928927957389e-05 5.925134000338536e-07 0
1191 6.456108347375473e-05 8.865939978278537e-05 0
1192 8.541004484404674e-05 2.60997110764856e-05 0
1193 5.022937180990397e-05 6.681374121745838e-06 0
1194 4.116819984489151e-05 1.689290283567772e-05 0
1195 8.053566359881545e-05 8.326102285873146e-06 0
1196 1.326338989429416e-05 1.091229560419956e-05 0
1197 6.764863807450732e-06 9.039653045660371e-05 0
1198 8.344444954150636e-05 1.377139192372779e-06 0
1199 1.299999999997565e-05 9.843415164412906e-05 0
1200 5.16474318009746e-05 8.639571832855062e-07 0
1201 9.125508415340218e-05 2.021948365459202e-05 0
1202 3.973146955813708e-05 7.777917545471453e-07 0
1203 4.553915458471637e-05 8.543516106838002e-07 0
1204 5.771474505501361e-05 8.171264807265491e-05 0
1205 6.990013138035754e-05 8.652275173373021e-05 0
1206 4.753836635243486e-05 1.920326717714484e-05 0
1207 5.573168403683455e-05 1.40297654991883e-06 0
1208 5.009598025442085e-05 2.7679875237016e-06 0
1209 5.90307114879465e-05 1.43079482186652e-06 0
1210 9.112097908879906e-05 8.606822417917832e-06 0
1211 8.559883828787719e-05 4.938637609767294e-05 0
1212 3.438105357323476e-05 6.33456439460952e-07 0
1213 1.998264681795418e-05 9.659361881887078e-05 0
1214 3.196584240128182e-05 8.794830570511933e-05 0
1215 1.961329012517591e-05 5.248152209712695e-05 0
1216 4.681922978099825e-05 2.636075227611496e-05 0
1217 4.591657181578015e-05 9.388643558383959e-05 0
1218 7.69937722957757e-05 1.065172586785346e-05 0
1219 3.631138413308045e-05 3.818786787138066e-05 0
1220 1.951218874246838e-05 2.933122681096101e-06 0
1221 7.464410703858738e-05 6.708713918232115e-05 0
1222 1.944336429753354e-05 1.240177895031337e-05 0
1223 1.277475724155621e-05 5.862549720612745e-05 0
1224 4.380344878598106e-05 1.665902156142164e-06 0
1225 7.18093718129612e-05 1.159376520708609e-06 0
1226 9.070883409575656e-05 9.375666838910458e-05 0
1227 4.12902221541382e-05 9.079987306127789e-06 0
1228 3.622636372793845e-05 4.382415520944819e-07 0
1229 3.667442164641952e-05 6.596697418045706e-07 0
1230 5.262741768365629e-05 4.428161014452812e-07 0
1231 7.30118112013859e-05 6.184593817227572e-05 0
1232 8.502743904705164e-05 9.867294120448015e-05 0
1233 8.234770774432602e-05 9.609458415406407e-05 0
1234 6.466136698676165e-05 7.014651824135586e-06 0
1235 6.630216637510387e-05 5.803651761725385e-05 0
1236 6.006508928163399e-05 1.538266290576242e-06 0
1237 4.720437014011967e-05 2.255945524813264e-05 0
1238 5.285191542824857e-05 2.51488780085734e-05 0
1239 1.082543238628064e-05 1.295003839670617e-06 0
1240 4.442697196608848e-05 6.212314747006115e-07 0
1241 2.2141564178167e-05 8.292084957787112e-05 0
1242 3.322055779234402e-05 2.402894703876758e-06 0
1243 3.553097348069483e-06 9.60073717281857e-05 0
1244 8.357030220430131e-05 3.068893261198993e-05 0
1245 3.783696700094226e-05 4.500511780339238e-05 0
1246 7.010234777796612e-05 9.640686638206526e-05 0
1247 8.256990362361771e-05 7.620975455996767e-06 0
1248 7.970134425604642e-06 9.642429720214528e-05 0
1249 8.14709393486047e-05 9.838630530376739e-05 0
1250 6.739464199772127e-05 8.753318945991293e-05 0
1251 6.053766136628927e-05 9.642205683545014e-05 0
1252 9.460529517993066e-05 3.16283592709787e-06 0
1253 5.41262939979272e-06 1.544104446771839e-05 0
1254 3.879467509020791e-05 4.062076849925078e-05 0
1255 5.054075889003077e-05 2.565371162470452e-07 0
1256 4.476884005261336e-05 3.310076031267484e-07 0
1257 4.009845097833694e-05 3.951925548682773e-07 0
1258 4.302929822992293e-05 2.148642498678911e-06 0
1259 2.22878729028416e-05 9.367783036561429e-05 0
1260 5.469390723529415e-05 6.466031095479216e-05 0
1261 3.436644092960341e-05 6.629749085500776e-05 0
1262 4.996037588847653e-05 9.674661722134059e-05 0
1263 9.859989001969126e-05 1.389922998154368e-06 0
1264 1.400109980305283e-06 1.389922998148275e-06 0
1265 4.573443698534009e-05 8.698581806744828e-06 0
1266 5.467838208847079e-05 4.622622591001175e-05 0
1267 2.403858550970952e-05 1.104068647390039e-05 0
1268 2.209460404138289e-05 1.729216989366191e-05 0
1269 2.588965529828059e-05 3.107540348642801e-05 0
1270 4.130594587994965e-05 7.890325757159406e-05 0
1271 4.94131456779758e-06 8.03070317824408e-05 0
1272 8.887396204112093e-05 8.298514423916719e-05 0
1273 4.68680664823705e-05 8.98963973566042e-05 0
1274 5.45440930067995e-05 2.038882948518769e-05 0
1275 5.174447943486783e-05 6.309207478152782e-05 0
1276 9.675063800798718e-06 7.029500329231576e-05 0
1277 8.236574795915882e-05 3.042509217901022e-06 0
1278 5.609814950373427e-05 9.684889851719755e-05 0
1279 4.082802665545774e-05 1.95179221382842e-05 0
1280 5.89999999998937e-05 9.873072928601621e-05 0
1281 3.678601830461049e-05 4.989918142553213e-05 0
1282 3.941013572380854e-05 4.949569868140918e-07 0
1283 9.39691705760768e-05 9.664174503945159e-05 0
1284 9.200331190929565e-05 9.639236581415617e-05 0
1285 4.364148292781167e-05 1.126077662358672e-05 0
1286 4.107731484235995e-05 7.343321471356237e-05 0
1287 6.31044844139995e-05 6.74374207334833e-06 0
1288 6.114308161458748e-05 2.09416203697845e-06 0
1289 3.633233190161182e-05 1.943317298313082e-06 0
1290 8.690525566992005e-05 2.158817012893559e-05 0
1291 6.359835986483172e-05 1.134404415211126e-06 0
1292 4.416858730673166e-05 3.519879934189036e-07 0
1293 2.13529220307652e-05 4.861976458404182e-06 0
1294 6.074976888380781e-05 4.678853503470632e-06 0
1295 3.711312126038596e-05 4.191070087406268e-07 0
1296 3.339758434648536e-05 1.206554666145599e-05 0
1297 4.575632678403827e-05 4.934569302694928e-07 0
1298 4.010828959742766e-05 9.682850813971141e-05 0
1299 3.193345579775851e-05 9.216279363726139e-05 0
1300 5.299840154307521e-05 5.742731547439303e-05 0
1301 3.305777403665845e-05 9.871835862044191e-05 0
1302 2.990257766155089e-05 4.465233947257041e-06 0
1303 5.489166443127447e-05 7.32076366896918e-06 0
1304 5.644626548229618e-05 8.136987859016988e-06 0
1305 6.579778492382237e-05 1.543299388680281e-06 0
1306 4.316596534000091e-05 3.676862919628234e-07 0
1307 4.388256377194301e-05 8.973109942160118e-07 0
1308 3.814253478580215e-05 2.1435706948899e-07 0
1309 5.973463515370835e-05 3.408142262451369e-07 0
1310 6.005303535803296e-05 1.950160729108067e-07 0
1311 6.023379733436982e-05 2.295425961427968e-07 0
1312 8.930971555191698e-05 1.096572711432919e-06 0
1313 5.600056725889533e-06 3.07651048321233e-06 0
1314 5.36964244818662e-05 7.89663083767837e-06 0
1315 1.281732488570937e-05 1.936002977272853e-05 0
1316 5.164272203938778e-05 9.46206997390562e-06 0
1317 8.640686853881476e-05 5.809390579894984e-05 0
1318 3.659748745702288e-05 1.247308091960092e-06 0
1319 7.381165306944985e-05 3.062756171416648e-06 0
1320 6.21727906376063e-05 3.86143033839716e-07 0
1321 3.996006111255944e-05 8.275057270830733e-06 0
1322 1.767242643787193e-05 9.403536560873342e-05 0
1323 5.668489543725552e-05 1.005224283824923e-05 0
1324 1.872384330386637e-05 9.176293272161635e-05 0
1325 1.093394586168844e-06 4.765310252871443e-06 0
1326 9.299893723768559e-05 9.321932474048115e-06 0
1327 4.15272694242222e-06 2.606558003321444e-05 0
1328 6.320704020527777e-05 3.565408227222937e-07 0
1329 6.303643706934996e-05 8.416994244525782e-07 0
1330 3.951384979705393e-05 6.830727917453417e-06 0
1331 3.605480842839914e-05 1.411752334027579e-06 0
1332 9.173554748826047e-05 5.008119811209831e-06 0
1333 8.5666968976095e-05 8.83026355866513e-06 0
1334 9.003763906781874e-05 7.092098090421078e-06 0
1335 4.752965381607074e-05 1.275943239564892e-06 0
1336 4.769802152898388e-05 1.813495648086676e-06 0
1337 1.262562599064105e-05 1.040740924457122e-06 0
1338 6.572526313277519e-06 8.663031124230632e-05 0
1339 1.147630874364901e-05 9.650158312964813e-05 0
1340 6.835921874992897e-05 1.34093586397364e-05 0
1341 3.062045098857176e-05 7.228286732338978e-05 0
1342 4.827909066208537e-05 4.263194842164882e-07 0
1343 9.023899459497905e-05 5.558243454519148e-06 0
1344 4.1415730158005e-05 1.174256539131382e-06 0
1345 6.65244606159675e-05 9.676207526715589e-05 0
1346 8.360647786711822e-05 7.712827807491987e-05 0
1347 4.865887457052549e-05 3.636887248722196e-06 0
1348 7.250284901232231e-05 9.377142594503737e-05 0
1349 6.368245408625057e-05 -6.87331719206899e-06 0
1350 3.676035194858341e-05 -6.705545492609306e-06 0
1351 4.000000000001341e-05 -3.73205080757342e-06 0
1352 6.000000000001803e-05 -3.73205080756424e-06 0
1353 5.200000000003775e-05 -3.732050807569432e-06 0
1354 4.800000000003652e-05 -3.732050807571549e-06 0
1355 5.600000000002786e-05 -3.732050807562782e-06 0
1356 4.400000000002772e-05 -3.732050807573514e-06 0
1357 4.232881055880908e-05 -8.163020753354331e-06 0
1358 4.63613147173516e-05 -8.618259955690504e-06 0
1359 5.056729315645029e-05 -8.097529394792308e-06 0
1360 5.749454529137096e-05 -8.108270013366405e-06 0
1361 5.395976508577851e-05 -8.523181104478095e-06 0
1362 6.059677700246171e-05 -9.137147538363936e-06 0
1363 3.930423386007605e-05 -8.801077273776559e-06 0
1364 4.600000000003202e-05 -3.732050807571341e-06 0
1365 4.500000000003206e-05 -5.366516342658912e-06 0
1366 4.300000000002507e-05 -5.326597869753618e-06 0
1367 4.700000000003431e-05 -5.379699822376476e-06 0
1368 4.900000000003593e-05 -5.345223041967976e-06 0
1369 4.786154060940987e-05 -6.858791109018988e-06 0
1370 4.200000000001936e-05 -3.709133516674403e-06 0
1371 4.100000000001662e-05 -5.322095445521787e-06 0
1372 3.866349842023489e-05 -5.54956513407162e-06 0
1373 5.000000000003817e-05 -3.71223771204206e-06 0
1374 5.100000000003824e-05 -5.327335637314877e-06 0
1375 5.300000000003806e-05 -5.372642832304487e-06 0
1376 5.800000000002258e-05 -3.732050807564006e-06 0
1377 5.900000000002178e-05 -5.348832284895171e-06 0
1378 6.101504085496615e-05 -5.294260317509093e-06 0
1379 3.794225765008219e-05 -3.597800756628538e-06 0
1380 5.400000000003398e-05 -3.716807677093555e-06 0
1381 5.700000000002475e-05 -5.323650526778988e-06 0
1382 6.200212528697556e-05 -3.64184629037054e-06 0
1383 5.500000000003186e-05 -5.333636395185786e-06 0
1384 6.299411934039404e-05 -8.514607321235132e-06 0
1385 3.705469945153316e-05 -9.209017034817897e-06 0
1386 5.204552877680766e-05 -7.128166938487649e-06 0
1387 5.194644445135209e-05 -9.490172614539367e-06 0
1388 3.66304588041388e-05 -4.84407290217003e-06 0
1389 6.32184791569653e-05 -5.076499767472364e-06 0
1390 4.038189179901341e-05 -7.296272394447907e-06 0
1391 5.989617845785781e-05 -6.973586325068118e-06 0
1392 4.409823838163564e-05 -7.09443254553843e-06 0
1393 4.422382545014904e-05 -9.023767638401612e-06 0
1394 5.588696583408444e-05 -7.099714874458197e-06 0
1395 5.608276850742096e-05 -9.18306254554646e-06 0
1396 5.805320783012526e-05 -9.916107811327404e-06 0
1397 4.263428705390801e-05 -1.009500091555572e-05 0
1398 4.106596543521943e-05 -9.199158317464576e-06 0
1399 4.805639802262005e-05 -1.005307446484217e-05 0
1400 4.987561291387016e-05 -9.619146118643205e-06 0
1401 3.83552681296395e-05 -7.436849032776999e-06 0
1402 5.39784519393481e-05 -6.691468428982842e-06 0
1403 6.178449491922025e-05 -6.984489474536957e-06 0
1404 4.60642187416927e-05 -6.663539955056663e-06 0
1405 5.895187887683683e-05 -8.28774542402407e-06 0
1406 6.251814208696384e-05 -1.034978917286986e-05 0
1407 5.80000000000218e-05 -6.645401373666748e-06 0
1408 4.216178814789996e-05 -6.640483801723216e-06 0
1409 6.358335519406905e-05 -3.39885116654341e-06 0
1410 3.641664480593234e-05 -3.398851166541668e-06 0
1411 4.880248788081239e-05 -8.415229312762079e-06 0
1412 4.996862637200467e-05 -6.644012037493147e-06 0
1413 4.601298389750152e-05 -1.852234678994498e-07 0
1414 4.537312854579182e-05 -3.749670512881761e-07 0
1415 3.813064300926616e-05 -1.431343759037734e-07 0
1416 3.738427387179881e-05 -4.201483279315341e-07 0
1417 3.672210192150621e-05 -2.787057696156779e-07 0
1418 4.47465181204246e-05 -3.109103338980661e-07 0
1419 5.390162252183851e-05 -2.287930171525938e-07 0
1420 6.169039036382049e-05 -2.539030618896408e-07 0
1421 6.019152822124151e-05 -2.500483530118993e-07 0
1422 5.956301961995728e-05 -3.709083474594134e-07 0
1423 5.882455917568736e-05 -2.303539968234251e-07 0
1424 3.968237358261661e-05 -2.244053219865288e-07 0
1425 3.912004597697879e-05 -3.335342063819633e-07 0
1426 5.232048088423849e-05 -2.322331602563358e-07 0
1427 5.168886551718835e-05 -3.739385906861445e-07 0
1428 5.094714370330902e-05 -2.318585441337242e-07 0
1429 4.758118190497413e-05 -2.283696468290931e-07 0
1430 5.546442632879801e-05 -2.303028506112347e-07 0
1431 3.606254285429049e-05 -5.948718316367044e-07 0
1432 5.829169631042391e-05 -5.834778991707794e-07 0
1433 4.286763472162444e-05 -1.64764896011091e-07 0
1434 4.114723401556253e-05 -2.631498056354289e-07 0
1435 4.91924475014393e-05 -1.80766803673109e-07 0
1436 5.706800773149473e-05 -1.591933993033023e-07 0
1437 6.408157080074058e-05 -6.199692448899872e-07 0
1438 5.039835885942578e-05 -5.897195292154079e-07 0
1439 4.387366741480431e-05 -4.342526970243409e-07 0
1440 4.312721213846509e-05 -7.808896986495966e-07 0
1441 6.282869407547159e-05 -6.054061644197128e-07 0
1442 3.940554380857517e-05 -9.979995334671585e-07 0
1443 3.816261196722087e-05 -1.231155812629881e-06 0
1444 4.0374869971902e-05 -7.318230226400989e-07 0
1445 4.948055903750176e-05 -1.131566674998367e-06 0
1446 5.73901937195333e-05 -1.120737535802487e-06 0
1447 5.613683134317076e-05 -1.185786919824329e-06 0
1448 4.437424035848017e-05 -1.119476919111036e-06 0
1449 4.434616540796277e-05 -2.663771357190633e-07 0
1450 4.829793042616865e-05 -1.145316194458044e-06 0
1451 4.88234079284383e-05 -5.151716123884376e-07 0
1452 5.124701031343848e-05 -8.417029206431038e-07 0
1453 5.201722046979674e-05 -1.040928701136681e-06 0
1454 5.280839912123987e-05 -8.149871608145091e-07 0
1455 5.374645823381563e-05 -1.237402332480036e-06 0
1456 5.452630990780456e-05 -8.037231861972097e-07 0
1457 5.532748565321072e-05 -8.806438032350354e-07 0
1458 5.503557714604512e-05 -3.82933968008696e-07 0
1459 5.344656395235177e-05 -4.562365020894278e-07 0
1460 5.917618680976944e-05 -8.266598232498122e-07 0
1461 5.99162046482365e-05 -1.033291747003214e-06 0
1462 6.088254354478776e-05 -7.849615916108572e-07 0
1463 6.164831741648279e-05 -9.902972341357703e-07 0
1464 3.718338651272147e-05 -9.420518140426777e-07 0
1465 4.203718998012225e-05 -1.155496018223219e-06 0
1466 5.590492198728169e-05 -6.006398234387345e-07 0
1467 5.669783821699769e-05 -5.139143741411855e-07 0
1468 3.85724915713624e-05 -5.584824473676333e-07 0
1469 3.788549307490269e-05 -5.491621296459165e-07 0
1470 5.742884478580116e-05 -5.026866656521526e-07 0
1471 4.954183971059021e-05 -5.012876671422069e-07 0
1472 4.730451861320409e-05 -1.000572936462195e-06 0
1473 4.626784358052047e-05 -1.136982154864143e-06 0
1474 4.656173382590837e-05 -5.814624202593383e-07 0
1475 4.711682331684529e-05 -3.620810007101253e-07 0
1476 6.345511944215126e-05 -1.173433992324813e-06 0
1477 6.340573643426159e-05 -2.998511752043141e-07 0
1478 6.238831645487306e-05 -1.241871922048048e-06 0
1479 6.219618171435329e-05 -6.400184542735548e-07 0
1480 4.79992884178398e-05 -6.026570887294807e-07 0
1481 4.121010382475359e-05 -9.943544290584755e-07 0
1482 4.171953305210982e-05 -6.03667004763986e-07 0
1483 4.238486858494374e-05 -4.508029362746488e-07 0
$EndNodes
$Elements
3014
1 1 2 6 1 6 11
2 1 2 6 1 11 12
3 1 2 6 1 12 13
4 1 2 6 1 13 14
5 1 2 6 1 14 15
6 1 2 6 1 15 16
7 1 2 6 1 16 17
8 1 2 6 1 17 18
9 1 2 6 1 18 19
10 1 2 6 1 19 20
11 1 2 6 1 20 21
12 1 2 6 1 21 22
13 1 2 6 1 22 23
14 1 2 6 1 23 24
15 1 2 6 1 24 25
16 1 2 6 1 25 26
17 1 2 6 1 26 27
18 1 2 6 1 27 28
19 1 2 6 1 28 29
20 1 2 6 1 29 30
21 1 2 6 1 30 31
22 1 2 6 1 31 32
23 1 2 6 1 32 33
24 1 2 6 1 33 34
25 1 2 6 1 34 35
26 1 2 6 1 35 36
27 1 2 6 1 36 37
28 1 2 6 1 37 38
29 1 2 6 1 38 39
30 1 2 6 1 39 40
31 1 2 6 1 40 41
32 1 2 6 1 41 42
33 1 2 6 1 42 43
34 1 2 6 1 43 44
35 1 2 6 1 44 45
36 1 2 6 1 45 46
37 1 2 6 1 46 47
38 1 2 6 1 47 48
39 1 2 6 1 48 49
40 1 2 6 1 49 50
41 1 2 6 1 50 51
42 1 2 6 1 51 52
43 1 2 6 1 52 53
44 1 2 6 1 53 54
45 1 2 6 1 54 55
46 1 2 6 1 55 56
47 1 2 6 1 56 57
48 1 2 6 1 57 58
49 1 2 6 1 58 59
50 1 2 6 1 59 5
51 1 2 5 3 4 78
52 1 2 5 3 78 79
53 1 2 5 3 79 80
54 1 2 5 3 80 81
55 1 2 5 3 81 82
56 1 2 5 3 82 83
57 1 2 5 3 83 84
58 1 2 5 3 84 85
59 1 2 5 3 85 86
60 1 2 5 3 86 87
61 1 2 5 3 87 88
62 1 2 5 3 88 89
63 1 2 5 3 89 90
64 1 2 5 3 90 91
65 1 2 5 3 91 92
66 1 2 5 3 92 93
67 1 2 5 3 93 94
68 1 2 5 3 94 3
69 1 2 3 4 3 95
70 1 2 3 4 95 96
71 1 2 3 4 96 97
72 1 2 3 4 97 98
73 1 2 3 4 98 99
74 1 2 3 4 99 100
75 1 2 3 4 100 101
76 1 2 3 4 101 102
77 1 2 3 4 102 103
78 1 2 3 4 103 104
79 1 2 3 4 104 105
80 1 2 3 4 105 106
81 1 2 3 4 106 107
82 1 2 3 4 107 108
83 1 2 3 4 108 109
84 1 2 3 4 109 110
85 1 2 3 4 110 111
86 1 2 3 4 111 112
87 1 2 3 4 112 113
88 1 2 3 4 113 114
89 1 2 3 4 114 115
90 1 2 3 4 115 116
91 1 2 3 4 116 117
92 1 2 3 4 117 118
93 1 2 3 4 118 119
94 1 2 3 4 119 120
95 1 2 3 4 120 121
96 1 2 3 4 121 122
97 1 2 3 4 122 123
98 1 2 3 4 123 124
99 1 2 3 4 124 125
100 1 2 3 4 125 126
101 1 2 3 4 126 127
102 1 2 3 4 127 128
103 1 2 3 4 128 129
104 1 2 3 4 129 130
105 1 2 3 4 130 131
106 1 2 3 4 131 132
107 1 2 3 4 132 133
108 1 2 3 4 133 134
109 1 2 3 4 134 135
110 1 2 3 4 135 136
111 1 2 3 4 136 137
112 1 2 3 4 137 138
113 1 2 3 4 138 139
114 1 2 3 4 139 140
115 1 2 3 4 140 141
116 1 2 3 4 141 142
117 1 2 3 4 142 143
118 1 2 3 4 143 144
119 1 2 3 4 144 145
120 1 2 3 4 145 146
121 1 2 3 4 146 147
122 1 2 3 4 147 148
123 1 2 3 4 148 149
124 1 2 3 4 149 150
125 1 2 3 4 150 151
126 1 2 3 4 151 152
127 1 2 3 4 152 153
128 1 2 3 4 153 154
129 1 2 3 4 154 155
130 1 2 3 4 155 156
131 1 2 3 4 156 157
132 1 2 3 4 157 158
133 1 2 3 4 158 159
134 1 2 3 4 159 160
135 1 2 3 4 160 161
136 1 2 3 4 161 162
137 1 2 3 4 162 163
138 1 2 3 4 163 164
139 1 2 3 4 164 165
140 1 2 3 4 165 166
141 1 2 3 4 166 167
142 1 2 3 4 167 168
143 1 2 3 4 168 169
144 1 2 3 4 169 170
145 1 2 3 4 170 171
146 1 2 3 4 171 172
147 1 2 3 4 172 173
148 1 2 3 4 173 174
149 1 2 3 4 174 175
150 1 2 3 4 175 176
151 1 2 3 4 176 177
152 1 2 3 4 177 178
153 1 2 3 4 178 2
154 1 2 4 5 2 179
155 1 2 4 5 179 180
156 1 2 4 5 180 181
157 1 2 4 5 181 182
158 1 2 4 5 182 183
159 1 2 4 5 183 184
160 1 2 4 5 184 185
161 1 2 4 5 185 186
162 1 2 4 5 186 187
163 1 2 4 5 187 188
164 1 2 4 5 188 189
165 1 2 4 5 189 190
166 1 2 4 5 190 191
167 1 2 4 5 191 192
168 1 2 4 5 192 193
169 1 2 4 5 193 194
170 1 2 4 5 194 195
171 1 2 4 5 195 1
172 1 2 2 11 9 218
173 1 2 2 11 218 219
174 1 2 2 11 219 220
175 1 2 2 11 220 221
176 1 2 2 11 221 222
177 1 2 2 11 222 223
178 1 2 2 11 223 224
179 1 2 2 11 224 225
180 1 2 2 11 225 226
181 1 2 2 11 226 227
182 1 2 2 11 227 228
183 1 2 2 11 228 229
184 1 2 2 11 229 230
185 1 2 2 11 230 231
186 1 2 2 11 231 10
187 1 2 1 13 7 236
188 1 2 1 13 236 237
189 1 2 1 13 237 238
190 1 2 1 13 238 239
191 1 2 1 13 239 240
192 1 2 1 13 240 8
193 2 2 9 8 119 313 118
194 2 2 9 8 968 1058 406
195 2 2 9 8 459 1010 461
196 2 2 9 8 250 1102 116
197 2 2 9 8 1067 1172 1112
198 2 2 9 8 427 1008 424
199 2 2 9 8 287 984 913
200 2 2 9 8 870 1238 562
201 2 2 9 8 309 832 95
202 2 2 9 8 50 1042 49
203 2 2 9 8 1042 1249 1233
204 2 2 9 8 142 255 141
205 2 2 9 8 143 802 142
206 2 2 9 8 894 1008 427
207 2 2 9 8 809 919 565
208 2 2 9 8 60 1148 717
209 2 2 9 8 788 790 660
210 2 2 9 8 696 1114 890
211 2 2 9 8 979 1129 1126
212 2 2 9 8 751 1238 617
213 2 2 9 8 146 1142 145
214 2 2 9 8 557 1218 992
215 2 2 9 8 909 910 827
216 2 2 9 8 343 1164 784
217 2 2 9 8 900 1279 888
218 2 2 9 8 286 939 747
219 2 2 9 8 938 949 299
220 2 2 9 8 435 871 812
221 2 2 9 8 776 1336 778
222 2 2 9 8 163 312 162
223 2 2 9 8 799 800 608
224 2 2 9 8 906 1286 1017
225 2 2 9 8 816 867 618
226 2 2 9 8 291 1145 1046
227 2 2 9 8 159 368 158
228 2 2 9 8 652 1211 1139
229 2 2 9 8 826 909 827
230 2 2 9 8 790 1233 660
231 2 2 9 8 495 900 888
232 2 2 9 8 930 938 299
233 2 2 9 8 281 828 825
234 2 2 9 8 474 1012 840
235 2 2 9 8 432 1267 999
236 2 2 9 8 263 886 885
237 2 2 9 8 926 1209 928
238 2 2 9 8 967 968 406
239 2 2 9 8 458 870 562
240 2 2 9 8 844 845 285
241 2 2 9 8 343 784 341
242 2 2 9 8 980 1161 981
243 2 2 9 8 1017 1286 877
244 2 2 9 8 300 965 963
245 2 2 9 8 760 934 798
246 2 2 9 8 913 983 287
247 2 2 9 8 168 333 289
248 2 2 9 8 891 1064 650
249 2 2 9 8 928 1106 294
250 2 2 9 8 1221 1231 705
251 2 2 9 8 963 967 300
252 2 2 9 8 1043 1103 304
253 2 2 9 8 999 1222 432
254 2 2 9 8 783 1202 341
255 2 2 9 8 747 1137 286
256 2 2 9 8 660 1233 726
257 2 2 9 8 921 1187 404
258 2 2 9 8 263 885 884
259 2 2 9 8 127 850 738
260 2 2 9 8 1014 1120 724
261 2 2 9 8 324 921 346
262 2 2 9 8 781 782 251
263 2 2 9 8 1026 1223 689
264 2 2 9 8 95 832 257
265 2 2 9 8 324 1109 921
266 2 2 9 8 866 1251 676
267 2 2 9 8 873 1088 70
268 2 2 9 8 890 1253 696
269 2 2 9 8 49 1042 268
270 2 2 9 8 798 994 760
271 2 2 9 8 106 1311 264
272 2 2 9 8 551 1111 865
273 2 2 9 8 397 1309 110
274 2 2 9 8 718 1243 213
275 2 2 9 8 775 777 776
276 2 2 9 8 1112 1172 605
277 2 2 9 8 775 776 365
278 2 2 9 8 766 957 947
279 2 2 9 8 145 780 144
280 2 2 9 8 676 1251 1043
281 2 2 9 8 926 928 332
282 2 2 9 8 777 1336 776
283 2 2 9 8 736 1193 1177
284 2 2 9 8 241 1190 1147
285 2 2 9 8 854 943 265
286 2 2 9 8 927 928 294
287 2 2 9 8 752 1216 562
288 2 2 9 8 617 1238 870
289 2 2 9 8 806 896 328
290 2 2 9 8 1070 1231 1221
291 2 2 9 8 852 1150 703
292 2 2 9 8 328 810 806
293 2 2 9 8 687 852 703
294 2 2 9 8 741 1117 1069
295 2 2 9 8 830 1166 831
296 2 2 9 8 364 1258 924
297 2 2 9 8 241 1147 137
298 2 2 9 8 584 991 988
299 2 2 9 8 724 1120 665
300 2 2 9 8 847 1221 554
301 2 2 9 8 620 1129 804
302 2 2 9 8 614 866 676
303 2 2 9 8 653 1070 855
304 2 2 9 8 599 788 660
305 2 2 9 8 554 1030 847
306 2 2 9 8 267 1345 1061
307 2 2 9 8 830 1336 1166
308 2 2 9 8 284 1037 964
309 2 2 9 8 584 1060 583
310 2 2 9 8 437 871 435
311 2 2 9 8 285 785 63
312 2 2 9 8 467 1029 876
313 2 2 9 8 477 1010 459
314 2 2 9 8 948 1064 891
315 2 2 9 8 1139 1211 728
316 2 2 9 8 964 1152 284
317 2 2 9 8 567 1333 563
318 2 2 9 8 961 1313 968
319 2 2 9 8 863 1033 892
320 2 2 9 8 792 793 330
321 2 2 9 8 1048 1049 662
322 2 2 9 8 272 989 987
323 2 2 9 8 131 402 242
324 2 2 9 8 581 799 608
325 2 2 9 8 813 1258 364
326 2 2 9 8 105 377 104
327 2 2 9 8 123 376 122
328 2 2 9 8 814 815 813
329 2 2 9 8 161 781 160
330 2 2 9 8 736 1177 1176
331 2 2 9 8 1082 1135 308
332 2 2 9 8 259 1133 887
333 2 2 9 8 356 1063 358
334 2 2 9 8 565 919 504
335 2 2 9 8 840 1012 956
336 2 2 9 8 884 1189 305
337 2 2 9 8 812 1160 435
338 2 2 9 8 865 1273 551
339 2 2 9 8 374 1190 241
340 2 2 9 8 1126 1129 620
341 2 2 9 8 797 994 798
342 2 2 9 8 116 1102 115
343 2 2 9 8 329 1187 921
344 2 2 9 8 828 908 826
345 2 2 9 8 1027 1285 509
346 2 2 9 8 931 1154 206
347 2 2 9 8 270 931 206
348 2 2 9 8 1070 1317 855
349 2 2 9 8 804 907 620
350 2 2 9 8 961 968 963
351 2 2 9 8 330 926 325
352 2 2 9 8 583 1060 1005
353 2 2 9 8 746 1162 577
354 2 2 9 8 106 264 105
355 2 2 9 8 355 775 365
356 2 2 9 8 349 818 351
357 2 2 9 8 845 879 285
358 2 2 9 8 853 1214 547
359 2 2 9 8 256 738 403
360 2 2 9 8 252 407 178
361 2 2 9 8 361 1063 356
362 2 2 9 8 494 907 500
363 2 2 9 8 549 1195 969
364 2 2 9 8 838 1148 60
365 2 2 9 8 364 924 362
366 2 2 9 8 64 844 285
367 2 2 9 8 743 744 612
368 2 2 9 8 1000 1043 304
369 2 2 9 8 787 1259 601
370 2 2 9 8 371 400 367
371 2 2 9 8 1176 1177 337
372 2 2 9 8 706 920 560
373 2 2 9 8 993 994 557
374 2 2 9 8 753 1305 94
375 2 2 9 8 61 838 60
376 2 2 9 8 892 1033 525
377 2 2 9 8 537 1218 557
378 2 2 9 8 1233 1249 276
379 2 2 9 8 1177 1193 663
380 2 2 9 8 825 1021 281
381 2 2 9 8 1057 1137 747
382 2 2 9 8 925 1197 843
383 2 2 9 8 836 1345 267
384 2 2 9 8 738 850 403
385 2 2 9 8 334 1052 721
386 2 2 9 8 814 933 874
387 2 2 9 8 612 786 602
388 2 2 9 8 935 1184 798
389 2 2 9 8 796 806 701
390 2 2 9 8 824 914 779
391 2 2 9 8 778 823 779
392 2 2 9 8 788 1188 1041
393 2 2 9 8 810 893 811
394 2 2 9 8 311 1058 968
395 2 2 9 8 142 802 255
396 2 2 9 8 104 258 103
397 2 2 9 8 437 888 871
398 2 2 9 8 210 1271 286
399 2 2 9 8 854 945 943
400 2 2 9 8 723 1110 868
401 2 2 9 8 1042 1233 790
402 2 2 9 8 915 921 404
403 2 2 9 8 818 1208 351
404 2 2 9 8 348 367 349
405 2 2 9 8 125 738 124
406 2 2 9 8 905 1085 278
407 2 2 9 8 540 834 556
408 2 2 9 8 721 902 805
409 2 2 9 8 815 1224 813
410 2 2 9 8 476 870 458
411 2 2 9 8 355 1347 775
412 2 2 9 8 1082 1188 1135
413 2 2 9 8 972 973 271
414 2 2 9 8 376 737 246
415 2 2 9 8 480 923 842
416 2 2 9 8 401 822 820
417 2 2 9 8 331 792 330
418 2 2 9 8 795 1217 1111
419 2 2 9 8 834 891 556
420 2 2 9 8 981 1161 722
421 2 2 9 8 737 1024 246
422 2 2 9 8 480 842 488
423 2 2 9 8 265 944 854
424 2 2 9 8 900 901 648
425 2 2 9 8 780 1142 1044
426 2 2 9 8 69 719 275
427 2 2 9 8 617 1274 751
428 2 2 9 8 789 1188 788
429 2 2 9 8 987 1140 272
430 2 2 9 8 947 957 266
431 2 2 9 8 934 935 798
432 2 2 9 8 721 805 745
433 2 2 9 8 904 1111 551
434 2 2 9 8 169 333 168
435 2 2 9 8 748 1222 999
436 2 2 9 8 940 1195 549
437 2 2 9 8 719 720 275
438 2 2 9 8 94 1305 754
439 2 2 9 8 391 896 393
440 2 2 9 8 703 1051 1010
441 2 2 9 8 302 838 61
442 2 2 9 8 683 878 740
443 2 2 9 8 1010 1051 461
444 2 2 9 8 305 1077 884
445 2 2 9 8 575 982 722
446 2 2 9 8 1069 1315 741
447 2 2 9 8 694 1137 1057
448 2 2 9 8 400 822 401
449 2 2 9 8 583 1247 940
450 2 2 9 8 607 788 599
451 2 2 9 8 607 789 788
452 2 2 9 8 601 1259 799
453 2 2 9 8 288 951 908
454 2 2 9 8 895 1129 979
455 2 2 9 8 144 802 143
456 2 2 9 8 791 1223 1026
457 2 2 9 8 64 285 63
458 2 2 9 8 368 370 369
459 2 2 9 8 341 784 783
460 2 2 9 8 703 1150 1051
461 2 2 9 8 378 380 377
462 2 2 9 8 122 246 121
463 2 2 9 8 889 1156 301
464 2 2 9 8 565 1184 809
465 2 2 9 8 1070 1221 847
466 2 2 9 8 926 1163 325
467 2 2 9 8 128 1230 127
468 2 2 9 8 601 799 581
469 2 2 9 8 348 371 367
470 2 2 9 8 620 907 494
471 2 2 9 8 562 1238 752
472 2 2 9 8 739 1291 1045
473 2 2 9 8 346 348 347
474 2 2 9 8 1002 1055 310
475 2 2 9 8 846 1317 1070
476 2 2 9 8 441 1092 495
477 2 2 9 8 1056 1141 857
478 2 2 9 8 845 1346 879
479 2 2 9 8 947 1319 766
480 2 2 9 8 739 1045 388
481 2 2 9 8 584 1181 991
482 2 2 9 8 140 241 139
483 2 2 9 8 557 994 797
484 2 2 9 8 573 607 599
485 2 2 9 8 399 813 364
486 2 2 9 8 906 1017 882
487 2 2 9 8 858 864 613
488 2 2 9 8 371 808 400
489 2 2 9 8 817 1327 205
490 2 2 9 8 291 1255 136
491 2 2 9 8 351 366 353
492 2 2 9 8 299 1035 930
493 2 2 9 8 1046 1145 820
494 2 2 9 8 702 1184 935
495 2 2 9 8 547 1214 535
496 2 2 9 8 401 820 819
497 2 2 9 8 328 893 810
498 2 2 9 8 210 286 209
499 2 2 9 8 209 1276 868
500 2 2 9 8 660 726 661
501 2 2 9 8 786 1324 602
502 2 2 9 8 680 956 678
503 2 2 9 8 888 1279 872
504 2 2 9 8 871 888 872
505 2 2 9 8 269 1086 881
506 2 2 9 8 151 1256 150
507 2 2 9 8 608 853 547
508 2 2 9 8 552 1141 1056
509 2 2 9 8 800 801 608
510 2 2 9 8 267 1246 836
511 2 2 9 8 562 1216 899
512 2 2 9 8 1049 1272 662
513 2 2 9 8 575 722 644
514 2 2 9 8 280 712 203
515 2 2 9 8 607 1348 789
516 2 2 9 8 799 881 800
517 2 2 9 8 842 948 834
518 2 2 9 8 340 721 345
519 2 2 9 8 743 875 744
520 2 2 9 8 486 923 478
521 2 2 9 8 509 1285 570
522 2 2 9 8 846 847 845
523 2 2 9 8 400 401 367
524 2 2 9 8 874 933 365
525 2 2 9 8 69 275 68
526 2 2 9 8 355 365 361
527 2 2 9 8 901 1237 648
528 2 2 9 8 782 1344 251
529 2 2 9 8 212 843 303
530 2 2 9 8 755 1133 1097
531 2 2 9 8 365 933 361
532 2 2 9 8 816 1158 67
533 2 2 9 8 810 811 699
534 2 2 9 8 70 1088 719
535 2 2 9 8 1015 1260 1014
536 2 2 9 8 540 556 555
537 2 2 9 8 936 1022 298
538 2 2 9 8 843 1243 1118
539 2 2 9 8 95 257 3
540 2 2 9 8 551 892 511
541 2 2 9 8 477 1281 1010
542 2 2 9 8 1038 1063 361
543 2 2 9 8 537 557 518
544 2 2 9 8 281 1185 828
545 2 2 9 8 518 797 506
546 2 2 9 8 908 951 909
547 2 2 9 8 404 1107 915
548 2 2 9 8 205 1327 204
549 2 2 9 8 581 608 547
550 2 2 9 8 1078 1339 875
551 2 2 9 8 922 1156 889
552 2 2 9 8 327 330 325
553 2 2 9 8 606 1057 747
554 2 2 9 8 500 907 546
555 2 2 9 8 346 915 348
556 2 2 9 8 964 1313 961
557 2 2 9 8 160 251 159
558 2 2 9 8 62 302 61
559 2 2 9 8 599 660 600
560 2 2 9 8 712 890 202
561 2 2 9 8 158 244 157
562 2 2 9 8 802 1044 803
563 2 2 9 8 99 1328 309
564 2 2 9 8 248 1125 132
565 2 2 9 8 212 303 211
566 2 2 9 8 657 904 585
567 2 2 9 8 1097 1133 259
568 2 2 9 8 672 1210 587
569 2 2 9 8 858 936 864
570 2 2 9 8 621 894 812
571 2 2 9 8 587 1181 567
572 2 2 9 8 279 1339 1078
573 2 2 9 8 918 1172 1067
574 2 2 9 8 589 858 613
575 2 2 9 8 585 904 528
576 2 2 9 8 823 824 779
577 2 2 9 8 577 1290 746
578 2 2 9 8 727 1226 1048
579 2 2 9 8 1035 1262 930
580 2 2 9 8 274 1295 173
581 2 2 9 8 825 828 826
582 2 2 9 8 844 846 845
583 2 2 9 8 778 779 776
584 2 2 9 8 181 897 254
585 2 2 9 8 946 1096 610
586 2 2 9 8 924 1164 362
587 2 2 9 8 488 842 516
588 2 2 9 8 324 346 336
589 2 2 9 8 1100 1203 293
590 2 2 9 8 495 1092 901
591 2 2 9 8 820 821 819
592 2 2 9 8 693 851 690
593 2 2 9 8 399 814 813
594 2 2 9 8 63 1178 62
595 2 2 9 8 516 834 540
596 2 2 9 8 70 719 69
597 2 2 9 8 285 879 785
598 2 2 9 8 502 527 501
599 2 2 9 8 67 1158 880
600 2 2 9 8 587 1210 849
601 2 2 9 8 671 672 587
602 2 2 9 8 744 786 612
603 2 2 9 8 875 1248 1078
604 2 2 9 8 530 916 532
605 2 2 9 8 555 1151 573
606 2 2 9 8 754 1097 94
607 2 2 9 8 491 501 490
608 2 2 9 8 887 1133 761
609 2 2 9 8 933 1038 361
610 2 2 9 8 855 1211 652
611 2 2 9 8 666 749 615
612 2 2 9 8 583 940 563
613 2 2 9 8 100 1328 99
614 2 2 9 8 506 565 504
615 2 2 9 8 800 884 801
616 2 2 9 8 33 949 32
617 2 2 9 8 1111 1217 865
618 2 2 9 8 849 1181 587
619 2 2 9 8 867 1244 618
620 2 2 9 8 792 1236 793
621 2 2 9 8 209 868 208
622 2 2 9 8 742 743 612
623 2 2 9 8 563 1333 583
624 2 2 9 8 338 1304 893
625 2 2 9 8 573 599 574
626 2 2 9 8 785 1178 63
627 2 2 9 8 203 712 202
628 2 2 9 8 690 852 687
629 2 2 9 8 204 280 203
630 2 2 9 8 882 1016 479
631 2 2 9 8 273 844 65
632 2 2 9 8 843 1118 925
633 2 2 9 8 557 797 518
634 2 2 9 8 721 745 345
635 2 2 9 8 712 1253 890
636 2 2 9 8 995 1348 607
637 2 2 9 8 370 385 369
638 2 2 9 8 207 791 270
639 2 2 9 8 348 349 347
640 2 2 9 8 118 250 117
641 2 2 9 8 532 916 658
642 2 2 9 8 378 381 380
643 2 2 9 8 937 1298 262
644 2 2 9 8 266 957 903
645 2 2 9 8 735 1344 784
646 2 2 9 8 206 1154 205
647 2 2 9 8 613 866 614
648 2 2 9 8 132 1125 402
649 2 2 9 8 780 1044 802
650 2 2 9 8 467 906 466
651 2 2 9 8 917 1001 179
652 2 2 9 8 156 1306 155
653 2 2 9 8 732 1227 1116
654 2 2 9 8 842 1204 948
655 2 2 9 8 472 882 479
656 2 2 9 8 1224 1258 813
657 2 2 9 8 425 603 591
658 2 2 9 8 975 1113 639
659 2 2 9 8 735 1164 924
660 2 2 9 8 211 835 210
661 2 2 9 8 271 996 972
662 2 2 9 8 208 868 791
663 2 2 9 8 341 1202 339
664 2 2 9 8 744 905 786
665 2 2 9 8 550 563 549
666 2 2 9 8 499 918 493
667 2 2 9 8 484 490 476
668 2 2 9 8 788 1041 790
669 2 2 9 8 1048 1226 839
670 2 2 9 8 800 1189 884
671 2 2 9 8 887 1225 259
672 2 2 9 8 246 1024 119
673 2 2 9 8 290 1292 154
674 2 2 9 8 1098 1203 1100
675 2 2 9 8 936 1073 1022
676 2 2 9 8 353 1347 355
677 2 2 9 8 1004 1076 727
678 2 2 9 8 65 844 64
679 2 2 9 8 954 1085 905
680 2 2 9 8 956 1269 678
681 2 2 9 8 576 952 492
682 2 2 9 8 969 1218 549
683 2 2 9 8 868 1276 723
684 2 2 9 8 908 909 826
685 2 2 9 8 598 859 858
686 2 2 9 8 1044 1142 823
687 2 2 9 8 685 878 683
688 2 2 9 8 1135 1246 1071
689 2 2 9 8 615 1031 513
690 2 2 9 8 1166 1167 1089
691 2 2 9 8 586 918 499
692 2 2 9 8 564 567 563
693 2 2 9 8 824 1098 914
694 2 2 9 8 102 1320 101
695 2 2 9 8 843 1197 303
696 2 2 9 8 275 867 816
697 2 2 9 8 715 918 586
698 2 2 9 8 207 270 206
699 2 2 9 8 973 1006 271
700 2 2 9 8 1119 1172 1132
701 2 2 9 8 287 985 984
702 2 2 9 8 791 1026 270
703 2 2 9 8 538 549 537
704 2 2 9 8 740 807 682
705 2 2 9 8 878 1281 740
706 2 2 9 8 711 1104 955
707 2 2 9 8 687 703 685
708 2 2 9 8 605 1172 1119
709 2 2 9 8 310 1252 1002
710 2 2 9 8 814 914 815
711 2 2 9 8 839 883 838
712 2 2 9 8 495 901 900
713 2 2 9 8 308 1135 1071
714 2 2 9 8 491 502 501
715 2 2 9 8 598 858 589
716 2 2 9 8 558 598 589
717 2 2 9 8 286 1276 209
718 2 2 9 8 555 1205 1151
719 2 2 9 8 395 739 390
720 2 2 9 8 1010 1281 878
721 2 2 9 8 655 710 665
722 2 2 9 8 701 810 699
723 2 2 9 8 1101 1346 619
724 2 2 9 8 894 1296 1008
725 2 2 9 8 910 911 827
726 2 2 9 8 909 912 910
727 2 2 9 8 725 1096 946
728 2 2 9 8 346 347 336
729 2 2 9 8 942 1278 1036
730 2 2 9 8 726 727 661
731 2 2 9 8 501 617 490
732 2 2 9 8 511 892 497
733 2 2 9 8 822 1046 820
734 2 2 9 8 973 1130 1006
735 2 2 9 8 272 990 989
736 2 2 9 8 851 852 690
737 2 2 9 8 516 842 834
738 2 2 9 8 346 921 915
739 2 2 9 8 671 825 672
740 2 2 9 8 682 840 680
741 2 2 9 8 1019 1209 793
742 2 2 9 8 1066 1182 716
743 2 2 9 8 719 1201 720
744 2 2 9 8 1029 1159 876
745 2 2 9 8 639 1113 696
746 2 2 9 8 935 1234 796
747 2 2 9 8 893 1170 338
748 2 2 9 8 703 878 685
749 2 2 9 8 268 1042 1041
750 2 2 9 8 876 1286 467
751 2 2 9 8 844 1317 846
752 2 2 9 8 555 573 568
753 2 2 9 8 683 740 682
754 2 2 9 8 677 1000 836
755 2 2 9 8 681 682 680
756 2 2 9 8 497 525 496
757 2 2 9 8 484 491 490
758 2 2 9 8 1128 1274 617
759 2 2 9 8 595 715 586
760 2 2 9 8 917 1242 1001
761 2 2 9 8 575 1268 982
762 2 2 9 8 794 1298 937
763 2 2 9 8 988 1060 584
764 2 2 9 8 546 655 654
765 2 2 9 8 677 836 708
766 2 2 9 8 479 487 486
767 2 2 9 8 497 892 525
768 2 2 9 8 367 818 349
769 2 2 9 8 181 254 180
770 2 2 9 8 507 1027 509
771 2 2 9 8 896 1287 393
772 2 2 9 8 68 816 67
773 2 2 9 8 124 256 123
774 2 2 9 8 797 1340 506
775 2 2 9 8 472 479 478
776 2 2 9 8 655 665 654
777 2 2 9 8 487 497 496
778 2 2 9 8 1195 1247 773
779 2 2 9 8 884 885 801
780 2 2 9 8 504 919 502
781 2 2 9 8 656 922 889
782 2 2 9 8 611 939 742
783 2 2 9 8 616 666 615
784 2 2 9 8 560 920 418
785 2 2 9 8 679 680 678
786 2 2 9 8 487 496 486
787 2 2 9 8 66 880 273
788 2 2 9 8 704 1231 1007
789 2 2 9 8 202 890 201
790 2 2 9 8 611 612 602
791 2 2 9 8 658 916 877
792 2 2 9 8 841 1289 412
793 2 2 9 8 528 904 519
794 2 2 9 8 93 259 92
795 2 2 9 8 594 656 585
796 2 2 9 8 710 724 665
797 2 2 9 8 445 899 443
798 2 2 9 8 614 676 651
799 2 2 9 8 660 661 600
800 2 2 9 8 1018 1124 920
801 2 2 9 8 242 1230 128
802 2 2 9 8 309 833 832
803 2 2 9 8 1116 1227 714
804 2 2 9 8 853 1299 674
805 2 2 9 8 618 1158 816
806 2 2 9 8 469 882 472
807 2 2 9 8 722 982 981
808 2 2 9 8 776 874 365
809 2 2 9 8 658 877 876
810 2 2 9 8 591 1267 426
811 2 2 9 8 501 1128 617
812 2 2 9 8 582 601 581
813 2 2 9 8 327 331 330
814 2 2 9 8 351 1208 366
815 2 2 9 8 646 952 576
816 2 2 9 8 808 1121 400
817 2 2 9 8 479 486 478
818 2 2 9 8 1136 1179 1128
819 2 2 9 8 893 1304 811
820 2 2 9 8 495 888 439
821 2 2 9 8 292 1225 887
822 2 2 9 8 299 949 33
823 2 2 9 8 398 1209 1019
824 2 2 9 8 998 1222 748
825 2 2 9 8 656 794 657
826 2 2 9 8 519 551 511
827 2 2 9 8 655 804 710
828 2 2 9 8 478 923 480
829 2 2 9 8 490 870 476
830 2 2 9 8 72 281 71
831 2 2 9 8 615 1316 1031
832 2 2 9 8 702 935 796
833 2 2 9 8 840 1219 474
834 2 2 9 8 860 861 859
835 2 2 9 8 589 613 590
836 2 2 9 8 465 466 464
837 2 2 9 8 164 1257 163
838 2 2 9 8 502 919 527
839 2 2 9 8 734 1274 1128
840 2 2 9 8 519 904 551
841 2 2 9 8 418 920 416
842 2 2 9 8 201 890 282
843 2 2 9 8 458 562 453
844 2 2 9 8 675 922 594
845 2 2 9 8 595 716 715
846 2 2 9 8 463 464 462
847 2 2 9 8 118 313 250
848 2 2 9 8 540 555 553
849 2 2 9 8 874 914 814
850 2 2 9 8 609 706 560
851 2 2 9 8 251 1344 370
852 2 2 9 8 441 495 439
853 2 2 9 8 656 889 794
854 2 2 9 8 1184 1340 798
855 2 2 9 8 1098 1100 1099
856 2 2 9 8 621 1296 894
857 2 2 9 8 542 585 528
858 2 2 9 8 563 940 549
859 2 2 9 8 486 1062 923
860 2 2 9 8 666 941 749
861 2 2 9 8 1166 1336 777
862 2 2 9 8 793 926 330
863 2 2 9 8 779 914 874
864 2 2 9 8 466 906 469
865 2 2 9 8 579 615 513
866 2 2 9 8 877 1270 1017
867 2 2 9 8 71 873 70
868 2 2 9 8 892 1273 863
869 2 2 9 8 728 1211 1158
870 2 2 9 8 550 564 563
871 2 2 9 8 702 796 701
872 2 2 9 8 700 701 699
873 2 2 9 8 284 1152 978
874 2 2 9 8 855 1317 1211
875 2 2 9 8 498 511 497
876 2 2 9 8 794 937 795
877 2 2 9 8 882 1017 1016
878 2 2 9 8 302 839 838
879 2 2 9 8 864 866 613
880 2 2 9 8 806 810 701
881 2 2 9 8 940 1247 1195
882 2 2 9 8 300 1009 965
883 2 2 9 8 706 1018 920
884 2 2 9 8 403 1107 404
885 2 2 9 8 66 273 65
886 2 2 9 8 996 1239 978
887 2 2 9 8 564 587 567
888 2 2 9 8 864 942 866
889 2 2 9 8 453 899 445
890 2 2 9 8 162 781 161
891 2 2 9 8 941 1323 1304
892 2 2 9 8 1087 1142 243
893 2 2 9 8 67 880 66
894 2 2 9 8 807 840 682
895 2 2 9 8 1191 1250 891
896 2 2 9 8 296 897 182
897 2 2 9 8 525 1033 558
898 2 2 9 8 705 1231 704
899 2 2 9 8 594 922 656
900 2 2 9 8 859 936 858
901 2 2 9 8 691 693 690
902 2 2 9 8 538 550 549
903 2 2 9 8 897 898 254
904 2 2 9 8 1169 1277 774
905 2 2 9 8 273 1317 844
906 2 2 9 8 714 1321 706
907 2 2 9 8 911 1210 827
908 2 2 9 8 208 791 207
909 2 2 9 8 558 589 559
910 2 2 9 8 793 1236 1019
911 2 2 9 8 609 714 706
912 2 2 9 8 656 657 585
913 2 2 9 8 778 1044 823
914 2 2 9 8 516 540 539
915 2 2 9 8 1147 1190 1146
916 2 2 9 8 990 1277 1169
917 2 2 9 8 1125 1200 402
918 2 2 9 8 390 739 388
919 2 2 9 8 512 519 511
920 2 2 9 8 542 594 585
921 2 2 9 8 405 1002 997
922 2 2 9 8 794 795 657
923 2 2 9 8 675 1299 885
924 2 2 9 8 599 600 574
925 2 2 9 8 678 952 646
926 2 2 9 8 698 699 667
927 2 2 9 8 1046 1255 291
928 2 2 9 8 525 558 526
929 2 2 9 8 798 1340 797
930 2 2 9 8 1069 1117 280
931 2 2 9 8 278 1123 905
932 2 2 9 8 293 1256 1100
933 2 2 9 8 681 683 682
934 2 2 9 8 836 837 708
935 2 2 9 8 883 1283 1148
936 2 2 9 8 670 678 646
937 2 2 9 8 985 1140 987
938 2 2 9 8 263 1301 886
939 2 2 9 8 864 1278 942
940 2 2 9 8 726 1004 727
941 2 2 9 8 435 1160 431
942 2 2 9 8 439 888 437
943 2 2 9 8 450 895 448
944 2 2 9 8 833 1291 832
945 2 2 9 8 402 1121 242
946 2 2 9 8 438 439 437
947 2 2 9 8 254 917 180
948 2 2 9 8 182 897 181
949 2 2 9 8 1006 1130 295
950 2 2 9 8 465 467 466
951 2 2 9 8 527 1136 1128
952 2 2 9 8 879 1272 785
953 2 2 9 8 395 1091 739
954 2 2 9 8 522 537 518
955 2 2 9 8 461 462 460
956 2 2 9 8 937 949 938
957 2 2 9 8 793 1209 926
958 2 2 9 8 688 690 687
959 2 2 9 8 598 860 859
960 2 2 9 8 391 1149 896
961 2 2 9 8 884 1077 263
962 2 2 9 8 823 1087 824
963 2 2 9 8 811 1323 699
964 2 2 9 8 363 364 362
965 2 2 9 8 996 1337 1239
966 2 2 9 8 456 932 452
967 2 2 9 8 520 528 519
968 2 2 9 8 601 1324 787
969 2 2 9 8 301 1059 889
970 2 2 9 8 676 677 651
971 2 2 9 8 438 440 439
972 2 2 9 8 469 906 882
973 2 2 9 8 362 1164 343
974 2 2 9 8 487 498 497
975 2 2 9 8 937 938 795
976 2 2 9 8 150 1256 293
977 2 2 9 8 459 460 456
978 2 2 9 8 546 654 569
979 2 2 9 8 879 1346 1101
980 2 2 9 8 847 1030 845
981 2 2 9 8 887 1319 292
982 2 2 9 8 679 681 680
983 2 2 9 8 455 456 452
984 2 2 9 8 1211 1317 273
985 2 2 9 8 292 1319 947
986 2 2 9 8 1063 1265 358
987 2 2 9 8 359 362 343
988 2 2 9 8 1098 1099 815
989 2 2 9 8 840 956 680
990 2 2 9 8 943 945 296
991 2 2 9 8 463 465 464
992 2 2 9 8 981 1222 998
993 2 2 9 8 703 1010 878
994 2 2 9 8 451 452 450
995 2 2 9 8 440 442 441
996 2 2 9 8 903 1034 266
997 2 2 9 8 570 1116 725
998 2 2 9 8 400 1200 822
999 2 2 9 8 1004 1080 277
1000 2 2 9 8 440 441 439
1001 2 2 9 8 862 930 861
1002 2 2 9 8 890 1114 282
1003 2 2 9 8 603 604 591
1004 2 2 9 8 857 1341 693
1005 2 2 9 8 706 1330 1018
1006 2 2 9 8 436 438 437
1007 2 2 9 8 963 968 967
1008 2 2 9 8 514 518 506
1009 2 2 9 8 891 1250 556
1010 2 2 9 8 372 399 364
1011 2 2 9 8 1187 1207 737
1012 2 2 9 8 254 1104 917
1013 2 2 9 8 724 1015 1014
1014 2 2 9 8 985 986 984
1015 2 2 9 8 498 512 511
1016 2 2 9 8 693 1056 857
1017 2 2 9 8 664 945 623
1018 2 2 9 8 623 945 854
1019 2 2 9 8 733 1293 944
1020 2 2 9 8 1014 1260 1013
1021 2 2 9 8 573 574 568
1022 2 2 9 8 828 1032 908
1023 2 2 9 8 912 913 910
1024 2 2 9 8 711 955 415
1025 2 2 9 8 436 437 435
1026 2 2 9 8 205 1154 817
1027 2 2 9 8 503 504 502
1028 2 2 9 8 945 1050 296
1029 2 2 9 8 1150 1261 482
1030 2 2 9 8 505 506 504
1031 2 2 9 8 546 907 655
1032 2 2 9 8 613 614 590
1033 2 2 9 8 997 1002 951
1034 2 2 9 8 686 687 685
1035 2 2 9 8 908 1032 288
1036 2 2 9 8 348 915 371
1037 2 2 9 8 909 951 912
1038 2 2 9 8 978 1239 284
1039 2 2 9 8 554 1174 1030
1040 2 2 9 8 334 721 340
1041 2 2 9 8 820 1145 821
1042 2 2 9 8 289 1282 167
1043 2 2 9 8 119 1024 313
1044 2 2 9 8 1046 1125 248
1045 2 2 9 8 562 899 453
1046 2 2 9 8 880 1211 273
1047 2 2 9 8 72 1185 281
1048 2 2 9 8 405 1055 1002
1049 2 2 9 8 596 1064 948
1050 2 2 9 8 293 1297 149
1051 2 2 9 8 488 516 515
1052 2 2 9 8 956 1012 521
1053 2 2 9 8 885 1144 675
1054 2 2 9 8 329 1207 1187
1055 2 2 9 8 386 1258 1224
1056 2 2 9 8 383 1063 1038
1057 2 2 9 8 462 929 460
1058 2 2 9 8 183 296 182
1059 2 2 9 8 674 675 594
1060 2 2 9 8 579 616 615
1061 2 2 9 8 249 1256 151
1062 2 2 9 8 415 955 417
1063 2 2 9 8 111 1127 247
1064 2 2 9 8 650 1191 891
1065 2 2 9 8 744 954 905
1066 2 2 9 8 616 667 666
1067 2 2 9 8 512 520 519
1068 2 2 9 8 201 282 200
1069 2 2 9 8 447 453 445
1070 2 2 9 8 506 1340 565
1071 2 2 9 8 472 478 473
1072 2 2 9 8 91 292 90
1073 2 2 9 8 860 862 861
1074 2 2 9 8 758 934 760
1075 2 2 9 8 598 1033 860
1076 2 2 9 8 485 620 494
1077 2 2 9 8 487 1016 498
1078 2 2 9 8 172 869 253
1079 2 2 9 8 525 526 496
1080 2 2 9 8 469 472 470
1081 2 2 9 8 917 1104 711
1082 2 2 9 8 466 469 468
1083 2 2 9 8 920 1124 416
1084 2 2 9 8 452 541 450
1085 2 2 9 8 461 463 462
1086 2 2 9 8 1310 1311 107
1087 2 2 9 8 457 458 453
1088 2 2 9 8 498 1016 578
1089 2 2 9 8 664 1050 945
1090 2 2 9 8 691 694 693
1091 2 2 9 8 425 1023 603
1092 2 2 9 8 895 979 448
1093 2 2 9 8 881 1138 269
1094 2 2 9 8 936 1278 864
1095 2 2 9 8 699 1323 667
1096 2 2 9 8 780 802 144
1097 2 2 9 8 1216 1237 901
1098 2 2 9 8 801 853 608
1099 2 2 9 8 522 538 537
1100 2 2 9 8 452 932 541
1101 2 2 9 8 213 843 212
1102 2 2 9 8 603 623 604
1103 2 2 9 8 834 948 891
1104 2 2 9 8 985 987 986
1105 2 2 9 8 765 953 768
1106 2 2 9 8 136 1255 135
1107 2 2 9 8 111 247 110
1108 2 2 9 8 915 1107 371
1109 2 2 9 8 448 979 447
1110 2 2 9 8 670 679 678
1111 2 2 9 8 824 1203 1098
1112 2 2 9 8 548 581 547
1113 2 2 9 8 950 953 762
1114 2 2 9 8 412 1105 841
1115 2 2 9 8 762 953 765
1116 2 2 9 8 694 1057 1056
1117 2 2 9 8 953 993 992
1118 2 2 9 8 950 994 993
1119 2 2 9 8 264 378 377
1120 2 2 9 8 759 950 762
1121 2 2 9 8 460 471 456
1122 2 2 9 8 183 943 296
1123 2 2 9 8 255 803 375
1124 2 2 9 8 755 1097 754
1125 2 2 9 8 483 484 476
1126 2 2 9 8 639 696 692
1127 2 2 9 8 475 476 458
1128 2 2 9 8 1110 1223 868
1129 2 2 9 8 676 1000 677
1130 2 2 9 8 684 685 683
1131 2 2 9 8 603 664 623
1132 2 2 9 8 623 624 604
1133 2 2 9 8 987 988 986
1134 2 2 9 8 325 1163 320
1135 2 2 9 8 953 992 768
1136 2 2 9 8 950 993 953
1137 2 2 9 8 860 1033 863
1138 2 2 9 8 565 1340 1184
1139 2 2 9 8 716 1192 1066
1140 2 2 9 8 529 542 528
1141 2 2 9 8 624 625 604
1142 2 2 9 8 623 854 624
1143 2 2 9 8 987 989 988
1144 2 2 9 8 988 991 986
1145 2 2 9 8 421 955 649
1146 2 2 9 8 663 1193 357
1147 2 2 9 8 636 958 640
1148 2 2 9 8 321 1109 324
1149 2 2 9 8 589 590 559
1150 2 2 9 8 624 626 625
1151 2 2 9 8 500 546 545
1152 2 2 9 8 604 1003 591
1153 2 2 9 8 626 627 625
1154 2 2 9 8 626 628 627
1155 2 2 9 8 626 733 628
1156 2 2 9 8 628 629 627
1157 2 2 9 8 903 957 770
1158 2 2 9 8 770 957 767
1159 2 2 9 8 628 630 629
1160 2 2 9 8 958 959 640
1161 2 2 9 8 630 631 629
1162 2 2 9 8 769 969 771
1163 2 2 9 8 958 960 959
1164 2 2 9 8 630 632 631
1165 2 2 9 8 960 961 959
1166 2 2 9 8 632 633 631
1167 2 2 9 8 630 668 632
1168 2 2 9 8 960 964 961
1169 2 2 9 8 961 962 959
1170 2 2 9 8 632 634 633
1171 2 2 9 8 961 963 962
1172 2 2 9 8 634 635 633
1173 2 2 9 8 963 965 962
1174 2 2 9 8 634 636 635
1175 2 2 9 8 965 966 962
1176 2 2 9 8 634 642 636
1177 2 2 9 8 642 958 636
1178 2 2 9 8 773 774 772
1179 2 2 9 8 771 773 772
1180 2 2 9 8 772 903 770
1181 2 2 9 8 959 974 640
1182 2 2 9 8 771 772 770
1183 2 2 9 8 668 970 632
1184 2 2 9 8 632 970 634
1185 2 2 9 8 970 971 642
1186 2 2 9 8 856 969 769
1187 2 2 9 8 769 771 770
1188 2 2 9 8 634 970 642
1189 2 2 9 8 668 973 972
1190 2 2 9 8 962 974 959
1191 2 2 9 8 970 972 971
1192 2 2 9 8 769 770 767
1193 2 2 9 8 768 856 769
1194 2 2 9 8 668 972 970
1195 2 2 9 8 966 974 962
1196 2 2 9 8 768 769 767
1197 2 2 9 8 767 957 766
1198 2 2 9 8 765 768 767
1199 2 2 9 8 733 976 628
1200 2 2 9 8 668 976 973
1201 2 2 9 8 628 976 630
1202 2 2 9 8 765 767 766
1203 2 2 9 8 630 976 668
1204 2 2 9 8 423 425 424
1205 2 2 9 8 765 766 764
1206 2 2 9 8 627 999 625
1207 2 2 9 8 421 649 423
1208 2 2 9 8 423 424 422
1209 2 2 9 8 764 887 761
1210 2 2 9 8 762 765 764
1211 2 2 9 8 421 423 422
1212 2 2 9 8 762 764 761
1213 2 2 9 8 760 994 950
1214 2 2 9 8 958 977 960
1215 2 2 9 8 642 977 958
1216 2 2 9 8 636 640 637
1217 2 2 9 8 971 978 977
1218 2 2 9 8 1000 1345 836
1219 2 2 9 8 417 955 421
1220 2 2 9 8 421 422 419
1221 2 2 9 8 971 977 642
1222 2 2 9 8 446 448 447
1223 2 2 9 8 760 950 759
1224 2 2 9 8 759 762 761
1225 2 2 9 8 763 935 934
1226 2 2 9 8 636 637 635
1227 2 2 9 8 972 996 971
1228 2 2 9 8 417 421 419
1229 2 2 9 8 768 992 856
1230 2 2 9 8 442 444 443
1231 2 2 9 8 466 468 464
1232 2 2 9 8 80 310 79
1233 2 2 9 8 763 934 758
1234 2 2 9 8 758 760 759
1235 2 2 9 8 759 761 757
1236 2 2 9 8 971 996 978
1237 2 2 9 8 444 446 445
1238 2 2 9 8 911 1334 1210
1239 2 2 9 8 698 1079 700
1240 2 2 9 8 1321 1330 706
1241 2 2 9 8 558 559 526
1242 2 2 9 8 401 819 818
1243 2 2 9 8 752 1237 1216
1244 2 2 9 8 938 1217 795
1245 2 2 9 8 366 1347 353
1246 2 2 9 8 991 1181 849
1247 2 2 9 8 265 1028 944
1248 2 2 9 8 194 311 193
1249 2 2 9 8 607 1151 995
1250 2 2 9 8 625 1003 604
1251 2 2 9 8 77 405 76
1252 2 2 9 8 951 1002 912
1253 2 2 9 8 417 419 418
1254 2 2 9 8 674 1299 675
1255 2 2 9 8 657 1111 904
1256 2 2 9 8 197 406 196
1257 2 2 9 8 861 1073 859
1258 2 2 9 8 611 742 612
1259 2 2 9 8 654 1007 569
1260 2 2 9 8 277 1076 1004
1261 2 2 9 8 398 1106 928
1262 2 2 9 8 985 1312 1140
1263 2 2 9 8 763 1234 935
1264 2 2 9 8 918 1067 493
1265 2 2 9 8 517 566 489
1266 2 2 9 8 342 1039 344
1267 2 2 9 8 720 867 275
1268 2 2 9 8 420 560 418
1269 2 2 9 8 180 917 179
1270 2 2 9 8 629 748 627
1271 2 2 9 8 748 999 627
1272 2 2 9 8 270 1026 1025
1273 2 2 9 8 846 1070 847
1274 2 2 9 8 883 1148 838
1275 2 2 9 8 566 1014 1013
1276 2 2 9 8 375 1180 374
1277 2 2 9 8 449 450 448
1278 2 2 9 8 999 1003 625
1279 2 2 9 8 698 700 699
1280 2 2 9 8 603 1023 664
1281 2 2 9 8 1076 1226 727
1282 2 2 9 8 1229 1295 274
1283 2 2 9 8 756 763 758
1284 2 2 9 8 758 759 757
1285 2 2 9 8 700 702 701
1286 2 2 9 8 259 1225 92
1287 2 2 9 8 566 1013 489
1288 2 2 9 8 76 997 75
1289 2 2 9 8 442 443 441
1290 2 2 9 8 582 602 601
1291 2 2 9 8 551 1273 892
1292 2 2 9 8 444 1011 446
1293 2 2 9 8 773 1005 774
1294 2 2 9 8 655 907 804
1295 2 2 9 8 804 1175 710
1296 2 2 9 8 743 925 875
1297 2 2 9 8 292 947 90
1298 2 2 9 8 192 284 191
1299 2 2 9 8 872 1194 946
1300 2 2 9 8 666 1323 941
1301 2 2 9 8 184 943 183
1302 2 2 9 8 536 547 535
1303 2 2 9 8 649 1023 423
1304 2 2 9 8 617 870 490
1305 2 2 9 8 914 1098 815
1306 2 2 9 8 827 1326 826
1307 2 2 9 8 530 1054 916
1308 2 2 9 8 479 1016 487
1309 2 2 9 8 716 1132 715
1310 2 2 9 8 485 1126 620
1311 2 2 9 8 899 1092 443
1312 2 2 9 8 405 997 76
1313 2 2 9 8 658 876 659
1314 2 2 9 8 872 946 622
1315 2 2 9 8 332 927 316
1316 2 2 9 8 809 1079 919
1317 2 2 9 8 87 297 86
1318 2 2 9 8 189 271 188
1319 2 2 9 8 89 266 88
1320 2 2 9 8 85 272 84
1321 2 2 9 8 82 287 81
1322 2 2 9 8 185 265 184
1323 2 2 9 8 187 295 186
1324 2 2 9 8 81 983 80
1325 2 2 9 8 75 288 74
1326 2 2 9 8 555 568 553
1327 2 2 9 8 808 1107 850
1328 2 2 9 8 602 1324 601
1329 2 2 9 8 188 1006 187
1330 2 2 9 8 464 1053 462
1331 2 2 9 8 417 418 416
1332 2 2 9 8 280 1117 712
1333 2 2 9 8 1026 1040 1025
1334 2 2 9 8 558 1033 598
1335 2 2 9 8 535 1047 531
1336 2 2 9 8 90 947 89
1337 2 2 9 8 749 1316 615
1338 2 2 9 8 489 1013 481
1339 2 2 9 8 919 1079 527
1340 2 2 9 8 734 1072 580
1341 2 2 9 8 281 1021 873
1342 2 2 9 8 520 529 528
1343 2 2 9 8 871 872 622
1344 2 2 9 8 344 1039 731
1345 2 2 9 8 296 1050 897
1346 2 2 9 8 1245 1281 1068
1347 2 2 9 8 752 1238 751
1348 2 2 9 8 930 1262 861
1349 2 2 9 8 784 1164 735
1350 2 2 9 8 80 983 310
1351 2 2 9 8 332 928 927
1352 2 2 9 8 251 370 368
1353 2 2 9 8 583 1333 584
1354 2 2 9 8 944 1220 733
1355 2 2 9 8 454 663 357
1356 2 2 9 8 459 461 460
1357 2 2 9 8 455 459 456
1358 2 2 9 8 739 1091 1090
1359 2 2 9 8 644 1315 1069
1360 2 2 9 8 442 1020 444
1361 2 2 9 8 447 457 453
1362 2 2 9 8 451 455 452
1363 2 2 9 8 349 351 350
1364 2 2 9 8 688 691 690
1365 2 2 9 8 665 1235 654
1366 2 2 9 8 1086 1189 881
1367 2 2 9 8 94 1097 93
1368 2 2 9 8 462 1053 929
1369 2 2 9 8 498 578 512
1370 2 2 9 8 79 1055 78
1371 2 2 9 8 869 1295 902
1372 2 2 9 8 930 1217 938
1373 2 2 9 8 1104 1302 955
1374 2 2 9 8 195 1058 194
1375 2 2 9 8 588 671 587
1376 2 2 9 8 674 1214 853
1377 2 2 9 8 248 1255 1046
1378 2 2 9 8 863 865 862
1379 2 2 9 8 75 997 288
1380 2 2 9 8 199 300 198
1381 2 2 9 8 423 1023 425
1382 2 2 9 8 532 658 534
1383 2 2 9 8 1016 1017 578
1384 2 2 9 8 324 336 335
1385 2 2 9 8 875 1339 744
1386 2 2 9 8 288 997 951
1387 2 2 9 8 1013 1093 481
1388 2 2 9 8 542 674 594
1389 2 2 9 8 200 1009 199
1390 2 2 9 8 345 1039 342
1391 2 2 9 8 689 1215 1026
1392 2 2 9 8 89 947 266
1393 2 2 9 8 533 535 531
1394 2 2 9 8 280 1327 1069
1395 2 2 9 8 460 929 471
1396 2 2 9 8 546 569 545
1397 2 2 9 8 465 1029 467
1398 2 2 9 8 540 553 539
1399 2 2 9 8 491 503 502
1400 2 2 9 8 925 1248 875
1401 2 2 9 8 516 539 515
1402 2 2 9 8 429 894 427
1403 2 2 9 8 444 445 443
1404 2 2 9 8 449 451 450
1405 2 2 9 8 677 708 707
1406 2 2 9 8 1137 1276 286
1407 2 2 9 8 428 432 430
1408 2 2 9 8 614 651 650
1409 2 2 9 8 425 591 426
1410 2 2 9 8 731 1124 1018
1411 2 2 9 8 419 420 418
1412 2 2 9 8 446 447 445
1413 2 2 9 8 447 979 457
1414 2 2 9 8 265 943 184
1415 2 2 9 8 287 983 81
1416 2 2 9 8 517 704 566
1417 2 2 9 8 509 570 543
1418 2 2 9 8 385 386 369
1419 2 2 9 8 569 1007 653
1420 2 2 9 8 742 1197 743
1421 2 2 9 8 610 1096 609
1422 2 2 9 8 686 688 687
1423 2 2 9 8 355 361 356
1424 2 2 9 8 271 1006 188
1425 2 2 9 8 187 1006 295
1426 2 2 9 8 340 345 342
1427 2 2 9 8 311 1037 193
1428 2 2 9 8 541 895 450
1429 2 2 9 8 644 1069 645
1430 2 2 9 8 294 1127 114
1431 2 2 9 8 186 1028 185
1432 2 2 9 8 446 449 448
1433 2 2 9 8 756 758 757
1434 2 2 9 8 93 1097 259
1435 2 2 9 8 440 474 442
1436 2 2 9 8 700 1079 809
1437 2 2 9 8 747 939 611
1438 2 2 9 8 526 1062 496
1439 2 2 9 8 321 324 323
1440 2 2 9 8 449 592 451
1441 2 2 9 8 443 1092 441
1442 2 2 9 8 245 1257 164
1443 2 2 9 8 575 644 576
1444 2 2 9 8 270 1025 931
1445 2 2 9 8 129 242 128
1446 2 2 9 8 147 243 146
1447 2 2 9 8 264 377 105
1448 2 2 9 8 645 1069 817
1449 2 2 9 8 471 932 456
1450 2 2 9 8 832 1291 1090
1451 2 2 9 8 939 1338 742
1452 2 2 9 8 165 245 164
1453 2 2 9 8 88 1034 87
1454 2 2 9 8 36 260 35
1455 2 2 9 8 434 436 435
1456 2 2 9 8 1158 1211 880
1457 2 2 9 8 1165 1166 1089
1458 2 2 9 8 97 309 96
1459 2 2 9 8 154 1292 153
1460 2 2 9 8 593 595 586
1461 2 2 9 8 282 1009 200
1462 2 2 9 8 570 725 571
1463 2 2 9 8 185 1028 265
1464 2 2 9 8 295 1028 186
1465 2 2 9 8 570 1285 1116
1466 2 2 9 8 192 1037 284
1467 2 2 9 8 74 1032 73
1468 2 2 9 8 469 470 468
1469 2 2 9 8 351 353 352
1470 2 2 9 8 826 1326 825
1471 2 2 9 8 454 1031 663
1472 2 2 9 8 386 1307 1153
1473 2 2 9 8 193 1037 192
1474 2 2 9 8 103 258 102
1475 2 2 9 8 684 686 685
1476 2 2 9 8 121 246 120
1477 2 2 9 8 266 1034 88
1478 2 2 9 8 87 1034 297
1479 2 2 9 8 885 1299 801
1480 2 2 9 8 548 582 581
1481 2 2 9 8 544 586 499
1482 2 2 9 8 472 473 470
1483 2 2 9 8 117 250 116
1484 2 2 9 8 729 734 580
1485 2 2 9 8 139 241 138
1486 2 2 9 8 353 355 354
1487 2 2 9 8 157 244 156
1488 2 2 9 8 775 1167 777
1489 2 2 9 8 681 684 683
1490 2 2 9 8 1066 1290 577
1491 2 2 9 8 1089 1167 366
1492 2 2 9 8 860 863 862
1493 2 2 9 8 944 1293 854
1494 2 2 9 8 434 435 431
1495 2 2 9 8 478 480 473
1496 2 2 9 8 825 1326 672
1497 2 2 9 8 524 579 513
1498 2 2 9 8 923 1204 842
1499 2 2 9 8 468 1053 464
1500 2 2 9 8 494 500 499
1501 2 2 9 8 645 817 669
1502 2 2 9 8 859 1073 936
1503 2 2 9 8 510 513 508
1504 2 2 9 8 426 1267 428
1505 2 2 9 8 514 522 518
1506 2 2 9 8 693 1341 851
1507 2 2 9 8 213 1243 843
1508 2 2 9 8 694 1056 693
1509 2 2 9 8 35 1035 34
1510 2 2 9 8 438 1012 440
1511 2 2 9 8 37 1022 36
1512 2 2 9 8 868 1223 791
1513 2 2 9 8 381 382 380
1514 2 2 9 8 995 1151 709
1515 2 2 9 8 976 1130 973
1516 2 2 9 8 896 1294 328
1517 2 2 9 8 485 494 493
1518 2 2 9 8 436 521 438
1519 2 2 9 8 496 1062 486
1520 2 2 9 8 505 514 506
1521 2 2 9 8 774 1134 772
1522 2 2 9 8 670 1025 679
1523 2 2 9 8 169 1308 333
1524 2 2 9 8 1120 1235 665
1525 2 2 9 8 444 1020 1011
1526 2 2 9 8 384 732 730
1527 2 2 9 8 392 395 390
1528 2 2 9 8 897 1050 898
1529 2 2 9 8 877 1286 876
1530 2 2 9 8 622 946 610
1531 2 2 9 8 839 1049 1048
1532 2 2 9 8 503 505 504
1533 2 2 9 8 399 933 814
1534 2 2 9 8 294 1102 927
1535 2 2 9 8 175 274 174
1536 2 2 9 8 433 575 492
1537 2 2 9 8 152 249 151
1538 2 2 9 8 134 248 133
1539 2 2 9 8 697 698 667
1540 2 2 9 8 527 1128 501
1541 2 2 9 8 732 1027 730
1542 2 2 9 8 721 1052 902
1543 2 2 9 8 199 1009 300
1544 2 2 9 8 984 1332 913
1545 2 2 9 8 317 329 319
1546 2 2 9 8 960 1152 964
1547 2 2 9 8 978 1152 977
1548 2 2 9 8 1045 1183 382
1549 2 2 9 8 34 299 33
1550 2 2 9 8 449 1011 592
1551 2 2 9 8 38 298 37
1552 2 2 9 8 894 1160 812
1553 2 2 9 8 322 325 320
1554 2 2 9 8 1146 1180 1165
1555 2 2 9 8 952 1131 492
1556 2 2 9 8 529 1047 542
1557 2 2 9 8 433 1268 575
1558 2 2 9 8 457 475 458
1559 2 2 9 8 821 1089 819
1560 2 2 9 8 275 816 68
1561 2 2 9 8 359 363 362
1562 2 2 9 8 318 332 316
1563 2 2 9 8 310 1055 79
1564 2 2 9 8 262 1155 937
1565 2 2 9 8 39 1036 38
1566 2 2 9 8 401 818 367
1567 2 2 9 8 989 1060 988
1568 2 2 9 8 1292 1307 1240
1569 2 2 9 8 494 499 493
1570 2 2 9 8 413 711 415
1571 2 2 9 8 194 1058 311
1572 2 2 9 8 704 1120 566
1573 2 2 9 8 483 1067 484
1574 2 2 9 8 288 1032 74
1575 2 2 9 8 475 483 476
1576 2 2 9 8 569 653 652
1577 2 2 9 8 1067 1112 484
1578 2 2 9 8 520 530 529
1579 2 2 9 8 446 1011 449
1580 2 2 9 8 135 1255 248
1581 2 2 9 8 251 368 159
1582 2 2 9 8 517 705 704
1583 2 2 9 8 806 1287 896
1584 2 2 9 8 50 1249 1042
1585 2 2 9 8 333 334 289
1586 2 2 9 8 886 1144 885
1587 2 2 9 8 91 1225 292
1588 2 2 9 8 1041 1188 268
1589 2 2 9 8 876 1159 659
1590 2 2 9 8 968 1313 311
1591 2 2 9 8 761 1133 757
1592 2 2 9 8 1034 1134 297
1593 2 2 9 8 869 902 253
1594 2 2 9 8 677 707 651
1595 2 2 9 8 1145 1146 821
1596 2 2 9 8 980 981 643
1597 2 2 9 8 676 1043 1000
1598 2 2 9 8 1015 1275 1260
1599 2 2 9 8 556 1205 555
1600 2 2 9 8 592 1068 451
1601 2 2 9 8 837 995 708
1602 2 2 9 8 406 1325 967
1603 2 2 9 8 710 1157 724
1604 2 2 9 8 317 1207 329
1605 2 2 9 8 412 1289 410
1606 2 2 9 8 485 493 483
1607 2 2 9 8 771 1195 773
1608 2 2 9 8 455 477 459
1609 2 2 9 8 1145 1147 1146
1610 2 2 9 8 720 1192 867
1611 2 2 9 8 750 752 751
1612 2 2 9 8 124 738 256
1613 2 2 9 8 312 781 162
1614 2 2 9 8 42 1103 41
1615 2 2 9 8 614 650 590
1616 2 2 9 8 530 531 529
1617 2 2 9 8 570 571 543
1618 2 2 9 8 862 1217 930
1619 2 2 9 8 942 1280 261
1620 2 2 9 8 515 517 489
1621 2 2 9 8 316 927 314
1622 2 2 9 8 669 670 646
1623 2 2 9 8 463 482 465
1624 2 2 9 8 470 597 468
1625 2 2 9 8 415 417 416
1626 2 2 9 8 596 1062 526
1627 2 2 9 8 578 1054 512
1628 2 2 9 8 475 485 483
1629 2 2 9 8 821 1165 1089
1630 2 2 9 8 512 1054 520
1631 2 2 9 8 358 507 454
1632 2 2 9 8 1056 1057 552
1633 2 2 9 8 872 1279 1194
1634 2 2 9 8 1334 1343 991
1635 2 2 9 8 542 1047 674
1636 2 2 9 8 1101 1272 879
1637 2 2 9 8 559 596 526
1638 2 2 9 8 474 1020 442
1639 2 2 9 8 616 697 667
1640 2 2 9 8 549 1218 537
1641 2 2 9 8 297 1277 1198
1642 2 2 9 8 597 1053 468
1643 2 2 9 8 787 1213 1138
1644 2 2 9 8 916 1270 877
1645 2 2 9 8 671 1021 825
1646 2 2 9 8 848 1309 1019
1647 2 2 9 8 903 1134 1034
1648 2 2 9 8 850 1107 403
1649 2 2 9 8 1039 1105 731
1650 2 2 9 8 779 874 776
1651 2 2 9 8 513 1031 508
1652 2 2 9 8 363 372 364
1653 2 2 9 8 1019 1309 397
1654 2 2 9 8 272 1198 990
1655 2 2 9 8 480 488 481
1656 2 2 9 8 851 1261 852
1657 2 2 9 8 272 1140 84
1658 2 2 9 8 378 1143 381
1659 2 2 9 8 626 1293 733
1660 2 2 9 8 764 1319 887
1661 2 2 9 8 500 545 544
1662 2 2 9 8 349 350 347
1663 2 2 9 8 31 262 30
1664 2 2 9 8 1004 1081 1080
1665 2 2 9 8 396 756 755
1666 2 2 9 8 256 394 376
1667 2 2 9 8 854 1293 624
1668 2 2 9 8 41 261 40
1669 2 2 9 8 713 750 729
1670 2 2 9 8 658 659 534
1671 2 2 9 8 396 755 754
1672 2 2 9 8 326 327 325
1673 2 2 9 8 510 524 513
1674 2 2 9 8 744 1339 954
1675 2 2 9 8 480 481 473
1676 2 2 9 8 283 1328 100
1677 2 2 9 8 564 588 587
1678 2 2 9 8 881 1189 800
1679 2 2 9 8 78 1263 4
1680 2 2 9 8 1 1264 195
1681 2 2 9 8 155 1306 290
1682 2 2 9 8 524 580 579
1683 2 2 9 8 647 900 648
1684 2 2 9 8 573 1151 607
1685 2 2 9 8 451 1068 455
1686 2 2 9 8 4 1263 77
1687 2 2 9 8 196 1264 1
1688 2 2 9 8 750 751 729
1689 2 2 9 8 373 829 384
1690 2 2 9 8 530 532 531
1691 2 2 9 8 524 713 580
1692 2 2 9 8 979 1126 457
1693 2 2 9 8 708 709 707
1694 2 2 9 8 991 1343 986
1695 2 2 9 8 517 1094 705
1696 2 2 9 8 461 1051 463
1697 2 2 9 8 30 1059 29
1698 2 2 9 8 260 1035 35
1699 2 2 9 8 36 1022 260
1700 2 2 9 8 394 737 376
1701 2 2 9 8 107 1311 106
1702 2 2 9 8 913 1252 983
1703 2 2 9 8 584 1333 1181
1704 2 2 9 8 1181 1333 567
1705 2 2 9 8 331 1173 792
1706 2 2 9 8 967 1325 300
1707 2 2 9 8 1045 1329 1183
1708 2 2 9 8 647 648 572
1709 2 2 9 8 383 1038 372
1710 2 2 9 8 571 647 572
1711 2 2 9 8 533 536 535
1712 2 2 9 8 396 754 395
1713 2 2 9 8 715 1172 918
1714 2 2 9 8 389 1173 1149
1715 2 2 9 8 803 830 375
1716 2 2 9 8 521 1012 438
1717 2 2 9 8 290 1307 1292
1718 2 2 9 8 509 543 510
1719 2 2 9 8 571 572 543
1720 2 2 9 8 536 548 547
1721 2 2 9 8 264 379 378
1722 2 2 9 8 1041 1042 790
1723 2 2 9 8 440 1012 474
1724 2 2 9 8 949 1155 32
1725 2 2 9 8 29 301 28
1726 2 2 9 8 141 1342 374
1727 2 2 9 8 675 1144 922
1728 2 2 9 8 287 1312 985
1729 2 2 9 8 256 403 394
1730 2 2 9 8 836 1246 837
1731 2 2 9 8 488 515 489
1732 2 2 9 8 999 1267 1003
1733 2 2 9 8 921 1109 329
1734 2 2 9 8 937 1155 949
1735 2 2 9 8 531 1047 529
1736 2 2 9 8 928 1209 398
1737 2 2 9 8 700 809 702
1738 2 2 9 8 43 304 42
1739 2 2 9 8 137 1147 291
1740 2 2 9 8 713 729 580
1741 2 2 9 8 358 454 357
1742 2 2 9 8 1143 1236 792
1743 2 2 9 8 20 1083 19
1744 2 2 9 8 569 652 545
1745 2 2 9 8 727 1048 661
1746 2 2 9 8 500 544 499
1747 2 2 9 8 197 1325 406
1748 2 2 9 8 467 1286 906
1749 2 2 9 8 455 1068 477
1750 2 2 9 8 756 757 755
1751 2 2 9 8 491 1112 503
1752 2 2 9 8 679 1040 681
1753 2 2 9 8 520 1054 530
1754 2 2 9 8 553 554 539
1755 2 2 9 8 756 1108 763
1756 2 2 9 8 313 314 250
1757 2 2 9 8 371 1107 808
1758 2 2 9 8 54 1080 53
1759 2 2 9 8 253 1308 170
1760 2 2 9 8 297 1198 86
1761 2 2 9 8 85 1198 272
1762 2 2 9 8 544 593 586
1763 2 2 9 8 488 489 481
1764 2 2 9 8 649 1122 1023
1765 2 2 9 8 740 1245 807
1766 2 2 9 8 1022 1073 260
1767 2 2 9 8 692 1117 741
1768 2 2 9 8 1121 1230 242
1769 2 2 9 8 593 618 595
1770 2 2 9 8 313 1024 315
1771 2 2 9 8 593 728 618
1772 2 2 9 8 243 1297 1087
1773 2 2 9 8 44 1061 43
1774 2 2 9 8 609 1096 714
1775 2 2 9 8 561 610 609
1776 2 2 9 8 708 995 709
1777 2 2 9 8 1015 1300 929
1778 2 2 9 8 503 605 505
1779 2 2 9 8 691 723 694
1780 2 2 9 8 484 1112 491
1781 2 2 9 8 722 1315 644
1782 2 2 9 8 34 1035 299
1783 2 2 9 8 18 1085 17
1784 2 2 9 8 298 1022 37
1785 2 2 9 8 686 689 688
1786 2 2 9 8 539 1094 515
1787 2 2 9 8 372 1038 399
1788 2 2 9 8 832 1090 257
1789 2 2 9 8 167 1282 245
1790 2 2 9 8 983 1252 310
1791 2 2 9 8 509 510 508
1792 2 2 9 8 1159 1341 659
1793 2 2 9 8 795 1111 657
1794 2 2 9 8 514 523 522
1795 2 2 9 8 21 1084 20
1796 2 2 9 8 1003 1267 591
1797 2 2 9 8 592 1254 1245
1798 2 2 9 8 590 1064 559
1799 2 2 9 8 284 1239 191
1800 2 2 9 8 515 1094 517
1801 2 2 9 8 302 1049 839
1802 2 2 9 8 641 980 638
1803 2 2 9 8 45 267 44
1804 2 2 9 8 158 368 244
1805 2 2 9 8 982 1268 432
1806 2 2 9 8 661 662 600
1807 2 2 9 8 386 1153 369
1808 2 2 9 8 561 621 610
1809 2 2 9 8 828 1185 1032
1810 2 2 9 8 57 306 56
1811 2 2 9 8 26 263 25
1812 2 2 9 8 507 509 508
1813 2 2 9 8 384 730 383
1814 2 2 9 8 56 1075 55
1815 2 2 9 8 14 307 13
1816 2 2 9 8 46 1071 45
1817 2 2 9 8 538 577 550
1818 2 2 9 8 15 1078 14
1819 2 2 9 8 681 1040 684
1820 2 2 9 8 55 277 54
1821 2 2 9 8 16 279 15
1822 2 2 9 8 522 1065 538
1823 2 2 9 8 730 1063 383
1824 2 2 9 8 621 622 610
1825 2 2 9 8 1002 1252 912
1826 2 2 9 8 324 335 323
1827 2 2 9 8 25 1077 24
1828 2 2 9 8 898 1104 254
1829 2 2 9 8 1030 1174 619
1830 2 2 9 8 669 931 670
1831 2 2 9 8 52 276 51
1832 2 2 9 8 47 308 46
1833 2 2 9 8 19 278 18
1834 2 2 9 8 645 646 576
1835 2 2 9 8 482 1029 465
1836 2 2 9 8 160 781 251
1837 2 2 9 8 24 305 23
1838 2 2 9 8 946 1194 725
1839 2 2 9 8 1025 1040 679
1840 2 2 9 8 271 1337 996
1841 2 2 9 8 392 396 395
1842 2 2 9 8 189 1337 271
1843 2 2 9 8 48 1082 47
1844 2 2 9 8 38 1036 298
1845 2 2 9 8 336 337 335
1846 2 2 9 8 23 1086 22
1847 2 2 9 8 508 1031 454
1848 2 2 9 8 82 1312 287
1849 2 2 9 8 852 1261 1150
1850 2 2 9 8 606 611 602
1851 2 2 9 8 812 871 622
1852 2 2 9 8 298 1278 936
1853 2 2 9 8 733 1130 976
1854 2 2 9 8 493 1067 483
1855 2 2 9 8 1009 1186 965
1856 2 2 9 8 49 268 48
1857 2 2 9 8 22 269 21
1858 2 2 9 8 645 669 646
1859 2 2 9 8 931 1025 670
1860 2 2 9 8 822 1200 1125
1861 2 2 9 8 849 1334 991
1862 2 2 9 8 532 533 531
1863 2 2 9 8 261 1103 1043
1864 2 2 9 8 344 731 360
1865 2 2 9 8 436 1131 521
1866 2 2 9 8 653 855 652
1867 2 2 9 8 370 735 385
1868 2 2 9 8 929 1275 1015
1869 2 2 9 8 73 1185 72
1870 2 2 9 8 355 356 354
1871 2 2 9 8 772 1134 903
1872 2 2 9 8 374 1342 375
1873 2 2 9 8 579 1072 616
1874 2 2 9 8 580 1072 579
1875 2 2 9 8 1032 1185 73
1876 2 2 9 8 300 1325 198
1877 2 2 9 8 434 1131 436
1878 2 2 9 8 990 1169 989
1879 2 2 9 8 711 1242 917
1880 2 2 9 8 678 1269 952
1881 2 2 9 8 368 369 244
1882 2 2 9 8 659 857 534
1883 2 2 9 8 830 831 375
1884 2 2 9 8 1007 1235 704
1885 2 2 9 8 726 1081 1004
1886 2 2 9 8 1165 1180 831
1887 2 2 9 8 304 1345 1000
1888 2 2 9 8 1224 1307 386
1889 2 2 9 8 430 431 429
1890 2 2 9 8 588 673 671
1891 2 2 9 8 457 1126 475
1892 2 2 9 8 384 1227 732
1893 2 2 9 8 375 1342 255
1894 2 2 9 8 673 1021 671
1895 2 2 9 8 463 1051 482
1896 2 2 9 8 1023 1122 664
1897 2 2 9 8 807 1219 840
1898 2 2 9 8 574 619 568
1899 2 2 9 8 554 1094 539
1900 2 2 9 8 1303 1304 338
1901 2 2 9 8 398 1019 397
1902 2 2 9 8 532 534 533
1903 2 2 9 8 32 1155 31
1904 2 2 9 8 373 383 372
1905 2 2 9 8 428 430 429
1906 2 2 9 8 566 1120 1014
1907 2 2 9 8 433 434 431
1908 2 2 9 8 344 359 343
1909 2 2 9 8 621 812 622
1910 2 2 9 8 430 433 431
1911 2 2 9 8 291 1147 1145
1912 2 2 9 8 385 1258 386
1913 2 2 9 8 503 1112 605
1914 2 2 9 8 982 1222 981
1915 2 2 9 8 84 1140 83
1916 2 2 9 8 664 1122 1050
1917 2 2 9 8 651 1191 650
1918 2 2 9 8 507 508 454
1919 2 2 9 8 575 576 492
1920 2 2 9 8 290 1306 1153
1921 2 2 9 8 373 1171 829
1922 2 2 9 8 618 1244 595
1923 2 2 9 8 545 1139 544
1924 2 2 9 8 977 1152 960
1925 2 2 9 8 720 1290 1192
1926 2 2 9 8 785 1272 1049
1927 2 2 9 8 1068 1281 477
1928 2 2 9 8 1050 1122 898
1929 2 2 9 8 356 358 357
1930 2 2 9 8 351 352 350
1931 2 2 9 8 559 1064 596
1932 2 2 9 8 482 1261 1029
1933 2 2 9 8 268 1188 1082
1934 2 2 9 8 644 645 576
1935 2 2 9 8 58 1074 57
1936 2 2 9 8 13 1115 12
1937 2 2 9 8 1114 1186 282
1938 2 2 9 8 650 1064 590
1939 2 2 9 8 1005 1169 774
1940 2 2 9 8 981 998 643
1941 2 2 9 8 1069 1327 817
1942 2 2 9 8 388 1045 382
1943 2 2 9 8 475 1126 485
1944 2 2 9 8 606 1241 1057
1945 2 2 9 8 837 1246 1135
1946 2 2 9 8 902 1295 805
1947 2 2 9 8 839 1226 883
1948 2 2 9 8 377 380 258
1949 2 2 9 8 470 1093 597
1950 2 2 9 8 353 354 352
1951 2 2 9 8 261 1251 942
1952 2 2 9 8 432 1222 982
1953 2 2 9 8 415 416 414
1954 2 2 9 8 303 835 211
1955 2 2 9 8 536 552 548
1956 2 2 9 8 326 893 328
1957 2 2 9 8 244 1306 156
1958 2 2 9 8 802 803 255
1959 2 2 9 8 473 1093 470
1960 2 2 9 8 710 1175 1157
1961 2 2 9 8 1138 1259 787
1962 2 2 9 8 831 1180 375
1963 2 2 9 8 342 343 341
1964 2 2 9 8 481 1093 473
1965 2 2 9 8 804 1266 1175
1966 2 2 9 8 428 429 427
1967 2 2 9 8 28 1168 27
1968 2 2 9 8 408 695 407
1969 2 2 9 8 616 1072 697
1970 2 2 9 8 336 1176 337
1971 2 2 9 8 264 848 379
1972 2 2 9 8 432 1268 430
1973 2 2 9 8 861 1262 1073
1974 2 2 9 8 356 357 354
1975 2 2 9 8 1135 1188 789
1976 2 2 9 8 716 1182 1132
1977 2 2 9 8 1210 1326 827
1978 2 2 9 8 835 1338 939
1979 2 2 9 8 373 384 383
1980 2 2 9 8 932 1175 541
1981 2 2 9 8 104 377 258
1982 2 2 9 8 1123 1213 787
1983 2 2 9 8 948 1204 596
1984 2 2 9 8 746 1290 1201
1985 2 2 9 8 1245 1254 807
1986 2 2 9 8 550 1162 564
1987 2 2 9 8 403 404 394
1988 2 2 9 8 572 1095 543
1989 2 2 9 8 382 1183 380
1990 2 2 9 8 725 1194 571
1991 2 2 9 8 1198 1277 990
1992 2 2 9 8 796 1287 806
1993 2 2 9 8 41 1103 261
1994 2 2 9 8 524 1095 713
1995 2 2 9 8 1157 1175 932
1996 2 2 9 8 1030 1346 845
1997 2 2 9 8 672 1326 1210
1998 2 2 9 8 929 1300 471
1999 2 2 9 8 737 1207 1024
2000 2 2 9 8 433 492 434
2001 2 2 9 8 913 1332 910
2002 2 2 9 8 731 1018 360
2003 2 2 9 8 1131 1269 521
2004 2 2 9 8 115 1102 294
2005 2 2 9 8 414 1105 412
2006 2 2 9 8 153 1292 249
2007 2 2 9 8 332 1163 926
2008 2 2 9 8 311 1313 1037
2009 2 2 9 8 688 1110 691
2010 2 2 9 8 342 344 343
2011 2 2 9 8 387 1173 389
2012 2 2 9 8 740 1281 1245
2013 2 2 9 8 1053 1275 929
2014 2 2 9 8 286 1271 939
2015 2 2 9 8 889 1298 794
2016 2 2 9 8 1177 1316 749
2017 2 2 9 8 543 1095 510
2018 2 2 9 8 927 1102 314
2019 2 2 9 8 344 360 359
2020 2 2 9 8 1007 1231 653
2021 2 2 9 8 1024 1207 315
2022 2 2 9 8 1062 1204 923
2023 2 2 9 8 1105 1124 731
2024 2 2 9 8 428 1267 432
2025 2 2 9 8 315 317 316
2026 2 2 9 8 258 1320 102
2027 2 2 9 8 640 975 637
2028 2 2 9 8 662 1272 1101
2029 2 2 9 8 974 975 640
2030 2 2 9 8 363 373 372
2031 2 2 9 8 1199 1339 279
2032 2 2 9 8 582 606 602
2033 2 2 9 8 31 1155 262
2034 2 2 9 8 304 1103 42
2035 2 2 9 8 561 609 560
2036 2 2 9 8 955 1302 649
2037 2 2 9 8 1149 1173 331
2038 2 2 9 8 572 1206 1095
2039 2 2 9 8 1079 1136 527
2040 2 2 9 8 59 717 58
2041 2 2 9 8 12 718 11
2042 2 2 9 8 322 326 325
2043 2 2 9 8 2 252 178
2044 2 2 9 8 425 426 424
2045 2 2 9 8 1206 1237 750
2046 2 2 9 8 326 328 327
2047 2 2 9 8 510 1095 524
2048 2 2 9 8 381 387 382
2049 2 2 9 8 1065 1066 577
2050 2 2 9 8 757 1133 755
2051 2 2 9 8 471 1157 932
2052 2 2 9 8 653 1231 1070
2053 2 2 9 8 149 1297 243
2054 2 2 9 8 262 1059 30
2055 2 2 9 8 321 323 322
2056 2 2 9 8 399 1038 933
2057 2 2 9 8 648 1237 1206
2058 2 2 9 8 631 998 629
2059 2 2 9 8 965 1186 966
2060 2 2 9 8 538 1065 577
2061 2 2 9 8 317 319 318
2062 2 2 9 8 319 321 320
2063 2 2 9 8 256 376 123
2064 2 2 9 8 833 1329 1291
2065 2 2 9 8 817 1154 669
2066 2 2 9 8 1076 1284 1226
2067 2 2 9 8 505 1119 514
2068 2 2 9 8 1089 1208 819
2069 2 2 9 8 17 1199 16
2070 2 2 9 8 315 316 314
2071 2 2 9 8 1001 1242 411
2072 2 2 9 8 734 1179 1072
2073 2 2 9 8 600 1101 574
2074 2 2 9 8 695 1228 407
2075 2 2 9 8 523 1065 522
2076 2 2 9 8 544 1139 593
2077 2 2 9 8 723 1276 1137
2078 2 2 9 8 578 1270 1054
2079 2 2 9 8 335 338 323
2080 2 2 9 8 431 1160 429
2081 2 2 9 8 1060 1169 1005
2082 2 2 9 8 639 692 641
2083 2 2 9 8 347 1176 336
2084 2 2 9 8 1096 1116 714
2085 2 2 9 8 1095 1206 713
2086 2 2 9 8 698 1136 1079
2087 2 2 9 8 352 736 350
2088 2 2 9 8 541 1266 895
2089 2 2 9 8 629 998 748
2090 2 2 9 8 252 408 407
2091 2 2 9 8 312 1257 783
2092 2 2 9 8 697 1136 698
2093 2 2 9 8 941 1314 749
2094 2 2 9 8 667 1323 666
2095 2 2 9 8 730 1265 1063
2096 2 2 9 8 661 1048 662
2097 2 2 9 8 663 1316 1177
2098 2 2 9 8 29 1059 301
2099 2 2 9 8 1081 1233 276
2100 2 2 9 8 1037 1313 964
2101 2 2 9 8 387 388 382
2102 2 2 9 8 969 1195 771
2103 2 2 9 8 850 1230 808
2104 2 2 9 8 39 1280 1036
2105 2 2 9 8 588 746 673
2106 2 2 9 8 317 318 316
2107 2 2 9 8 101 1320 283
2108 2 2 9 8 321 322 320
2109 2 2 9 8 639 641 638
2110 2 2 9 8 856 1218 969
2111 2 2 9 8 319 320 318
2112 2 2 9 8 728 1158 618
2113 2 2 9 8 514 1119 523
2114 2 2 9 8 411 1242 413
2115 2 2 9 8 122 376 246
2116 2 2 9 8 605 1119 505
2117 2 2 9 8 751 1274 729
2118 2 2 9 8 619 1346 1030
2119 2 2 9 8 1081 1232 1080
2120 2 2 9 8 989 1169 1060
2121 2 2 9 8 413 1242 711
2122 2 2 9 8 593 1139 728
2123 2 2 9 8 823 1142 1087
2124 2 2 9 8 1121 1200 400
2125 2 2 9 8 689 1110 688
2126 2 2 9 8 1132 1172 715
2127 2 2 9 8 652 1139 545
2128 2 2 9 8 1021 1088 873
2129 2 2 9 8 392 1108 396
2130 2 2 9 8 413 415 414
2131 2 2 9 8 784 1344 782
2132 2 2 9 8 329 1109 319
2133 2 2 9 8 941 1304 1303
2134 2 2 9 8 86 1198 85
2135 2 2 9 8 735 924 385
2136 2 2 9 8 553 1174 554
2137 2 2 9 8 1043 1251 261
2138 2 2 9 8 301 1168 28
2139 2 2 9 8 1192 1290 1066
2140 2 2 9 8 568 1174 553
2141 2 2 9 8 865 1217 862
2142 2 2 9 8 1119 1132 523
2143 2 2 9 8 396 1108 756
2144 2 2 9 8 723 1137 694
2145 2 2 9 8 596 1204 1062
2146 2 2 9 8 725 1116 1096
2147 2 2 9 8 801 1299 853
2148 2 2 9 8 606 747 611
2149 2 2 9 8 1115 1243 718
2150 2 2 9 8 1055 1263 78
2151 2 2 9 8 350 1176 347
2152 2 2 9 8 43 1061 304
2153 2 2 9 8 313 315 314
2154 2 2 9 8 195 1264 1058
2155 2 2 9 8 745 841 345
2156 2 2 9 8 276 1232 1081
2157 2 2 9 8 654 1235 1007
2158 2 2 9 8 416 1124 414
2159 2 2 9 8 564 1162 588
2160 2 2 9 8 314 1102 250
2161 2 2 9 8 295 1220 1028
2162 2 2 9 8 1001 1212 179
2163 2 2 9 8 391 393 392
2164 2 2 9 8 857 1141 534
2165 2 2 9 8 1140 1312 83
2166 2 2 9 8 429 1160 894
2167 2 2 9 8 521 1269 956
2168 2 2 9 8 20 1084 1083
2169 2 2 9 8 774 1277 1134
2170 2 2 9 8 777 1167 1166
2171 2 2 9 8 492 1131 434
2172 2 2 9 8 114 1127 113
2173 2 2 9 8 145 1142 780
2174 2 2 9 8 379 1143 378
2175 2 2 9 8 264 1311 848
2176 2 2 9 8 1100 1240 1099
2177 2 2 9 8 261 1280 40
2178 2 2 9 8 1099 1224 815
2179 2 2 9 8 692 741 641
2180 2 2 9 8 255 1342 141
2181 2 2 9 8 577 1162 550
2182 2 2 9 8 691 1110 723
2183 2 2 9 8 92 1225 91
2184 2 2 9 8 1051 1150 482
2185 2 2 9 8 247 1106 398
2186 2 2 9 8 19 1083 278
2187 2 2 9 8 281 873 71
2188 2 2 9 8 535 1214 1047
2189 2 2 9 8 53 1232 52
2190 2 2 9 8 754 1305 395
2191 2 2 9 8 267 1061 44
2192 2 2 9 8 277 1080 54
2193 2 2 9 8 822 1125 1046
2194 2 2 9 8 713 1206 750
2195 2 2 9 8 1118 1243 1115
2196 2 2 9 8 910 1332 911
2197 2 2 9 8 1073 1262 260
2198 2 2 9 8 340 342 341
2199 2 2 9 8 686 1215 689
2200 2 2 9 8 1118 1248 925
2201 2 2 9 8 163 1257 312
2202 2 2 9 8 1026 1215 1040
2203 2 2 9 8 808 1230 1121
2204 2 2 9 8 912 1252 913
2205 2 2 9 8 574 1101 619
2206 2 2 9 8 724 1300 1015
2207 2 2 9 8 641 1161 980
2208 2 2 9 8 278 1085 18
2209 2 2 9 8 726 1233 1081
2210 2 2 9 8 1146 1165 821
2211 2 2 9 8 571 1194 647
2212 2 2 9 8 391 392 390
2213 2 2 9 8 328 1294 327
2214 2 2 9 8 966 1114 1113
2215 2 2 9 8 45 1071 267
2216 2 2 9 8 1083 1123 278
2217 2 2 9 8 1144 1156 922
2218 2 2 9 8 127 1230 850
2219 2 2 9 8 306 1075 56
2220 2 2 9 8 942 1251 866
2221 2 2 9 8 704 1235 1120
2222 2 2 9 8 799 1259 881
2223 2 2 9 8 55 1075 277
2224 2 2 9 8 14 1078 307
2225 2 2 9 8 279 1078 15
2226 2 2 9 8 263 1077 25
2227 2 2 9 8 252 1212 409
2228 2 2 9 8 673 1088 1021
2229 2 2 9 8 1057 1241 552
2230 2 2 9 8 809 1184 702
2231 2 2 9 8 269 1084 21
2232 2 2 9 8 895 1266 1129
2233 2 2 9 8 308 1071 46
2234 2 2 9 8 319 1109 321
2235 2 2 9 8 24 1077 305
2236 2 2 9 8 707 1191 651
2237 2 2 9 8 395 1305 1091
2238 2 2 9 8 1011 1254 592
2239 2 2 9 8 47 1082 308
2240 2 2 9 8 669 1154 931
2241 2 2 9 8 393 1108 392
2242 2 2 9 8 924 1258 385
2243 2 2 9 8 773 1247 1005
2244 2 2 9 8 191 1239 190
2245 2 2 9 8 1228 1229 274
2246 2 2 9 8 305 1086 23
2247 2 2 9 8 1054 1270 916
2248 2 2 9 8 662 1101 600
2249 2 2 9 8 911 1343 1334
2250 2 2 9 8 1132 1182 523
2251 2 2 9 8 268 1082 48
2252 2 2 9 8 805 1318 745
2253 2 2 9 8 247 398 397
2254 2 2 9 8 851 1341 1159
2255 2 2 9 8 1005 1247 583
2256 2 2 9 8 841 1039 345
2257 2 2 9 8 22 1086 269
2258 2 2 9 8 1304 1323 811
2259 2 2 9 8 1085 1199 17
2260 2 2 9 8 257 753 3
2261 2 2 9 8 536 1141 552
2262 2 2 9 8 1040 1215 684
2263 2 2 9 8 886 1156 1144
2264 2 2 9 8 1013 1260 1093
2265 2 2 9 8 283 1320 1183
2266 2 2 9 8 533 1141 536
2267 2 2 9 8 966 1186 1114
2268 2 2 9 8 534 1141 533
2269 2 2 9 8 77 1263 405
2270 2 2 9 8 1143 1288 381
2271 2 2 9 8 282 1186 1009
2272 2 2 9 8 899 1216 1092
2273 2 2 9 8 406 1264 196
2274 2 2 9 8 841 1105 1039
2275 2 2 9 8 16 1199 279
2276 2 2 9 8 619 1174 568
2277 2 2 9 8 743 1197 925
2278 2 2 9 8 1075 1076 277
2279 2 2 9 8 402 1200 1121
2280 2 2 9 8 1080 1232 53
2281 2 2 9 8 326 1170 893
2282 2 2 9 8 1234 1287 796
2283 2 2 9 8 905 1322 786
2284 2 2 9 8 389 390 388
2285 2 2 9 8 358 1265 507
2286 2 2 9 8 1036 1280 942
2287 2 2 9 8 26 1301 263
2288 2 2 9 8 312 783 782
2289 2 2 9 8 1226 1284 883
2290 2 2 9 8 624 1293 626
2291 2 2 9 8 269 1138 1084
2292 2 2 9 8 848 1019 379
2293 2 2 9 8 986 1343 984
2294 2 2 9 8 1183 1329 283
2295 2 2 9 8 51 1249 50
2296 2 2 9 8 980 1196 638
2297 2 2 9 8 648 1206 572
2298 2 2 9 8 340 341 339
2299 2 2 9 8 684 1215 686
2300 2 2 9 8 369 1306 244
2301 2 2 9 8 318 1163 332
2302 2 2 9 8 57 1074 306
2303 2 2 9 8 954 1339 1199
2304 2 2 9 8 307 1115 13
2305 2 2 9 8 692 1253 1117
2306 2 2 9 8 819 1208 818
2307 2 2 9 8 1092 1216 901
2308 2 2 9 8 1094 1221 705
2309 2 2 9 8 360 1171 359
2310 2 2 9 8 1180 1190 374
2311 2 2 9 8 405 1263 1055
2312 2 2 9 8 750 1237 752
2313 2 2 9 8 736 1176 350
2314 2 2 9 8 359 1171 363
2315 2 2 9 8 1058 1264 406
2316 2 2 9 8 643 1196 980
2317 2 2 9 8 1028 1220 944
2318 2 2 9 8 1072 1179 697
2319 2 2 9 8 746 1201 673
2320 2 2 9 8 40 1280 39
2321 2 2 9 8 52 1232 276
2322 2 2 9 8 1108 1234 763
2323 2 2 9 8 766 1319 764
2324 2 2 9 8 1168 1301 27
2325 2 2 9 8 413 414 412
2326 2 2 9 8 637 639 638
2327 2 2 9 8 697 1179 1136
2328 2 2 9 8 1017 1270 578
2329 2 2 9 8 595 1244 716
2330 2 2 9 8 829 1227 384
2331 2 2 9 8 276 1249 51
2332 2 2 9 8 831 1166 1165
2333 2 2 9 8 787 1322 1123
2334 2 2 9 8 835 1271 210
2335 2 2 9 8 952 1269 1131
2336 2 2 9 8 394 1187 737
2337 2 2 9 8 198 1325 197
2338 2 2 9 8 357 1193 354
2339 2 2 9 8 1239 1337 190
2340 2 2 9 8 126 738 125
2341 2 2 9 8 696 1253 692
2342 2 2 9 8 1194 1279 647
2343 2 2 9 8 1130 1220 295
2344 2 2 9 8 83 1312 82
2345 2 2 9 8 1027 1265 730
2346 2 2 9 8 307 1118 1115
2347 2 2 9 8 387 389 388
2348 2 2 9 8 554 1221 1094
2349 2 2 9 8 338 1170 323
2350 2 2 9 8 1113 1114 696
2351 2 2 9 8 426 428 427
2352 2 2 9 8 588 1162 746
2353 2 2 9 8 552 1241 548
2354 2 2 9 8 1047 1214 674
2355 2 2 9 8 320 1163 318
2356 2 2 9 8 366 1208 1089
2357 2 2 9 8 507 1265 1027
2358 2 2 9 8 1159 1261 851
2359 2 2 9 8 62 1178 302
2360 2 2 9 8 27 1301 26
2361 2 2 9 8 1177 1314 337
2362 2 2 9 8 190 1337 189
2363 2 2 9 8 1156 1168 301
2364 2 2 9 8 954 1199 1085
2365 2 2 9 8 247 397 110
2366 2 2 9 8 1117 1253 712
2367 2 2 9 8 1059 1298 889
2368 2 2 9 8 414 1124 1105
2369 2 2 9 8 863 1273 865
2370 2 2 9 8 1020 1254 1011
2371 2 2 9 8 1146 1190 1180
2372 2 2 9 8 592 1245 1068
2373 2 2 9 8 422 1008 419
2374 2 2 9 8 1031 1316 663
2375 2 2 9 8 315 1207 317
2376 2 2 9 8 548 1241 582
2377 2 2 9 8 582 1241 606
2378 2 2 9 8 673 1201 1088
2379 2 2 9 8 474 1219 1020
2380 2 2 9 8 1128 1179 734
2381 2 2 9 8 389 391 390
2382 2 2 9 8 380 1320 258
2383 2 2 9 8 741 1161 641
2384 2 2 9 8 649 1302 1122
2385 2 2 9 8 177 1228 274
2386 2 2 9 8 1240 1256 249
2387 2 2 9 8 1065 1182 1066
2388 2 2 9 8 717 1148 1074
2389 2 2 9 8 363 1171 373
2390 2 2 9 8 323 1170 322
2391 2 2 9 8 647 1279 900
2392 2 2 9 8 733 1220 1130
2393 2 2 9 8 247 1127 1106
2394 2 2 9 8 1240 1307 1099
2395 2 2 9 8 709 1250 707
2396 2 2 9 8 523 1182 1065
2397 2 2 9 8 1171 1330 829
2398 2 2 9 8 729 1274 734
2399 2 2 9 8 1061 1345 304
2400 2 2 9 8 783 784 782
2401 2 2 9 8 1122 1302 898
2402 2 2 9 8 742 1338 1197
2403 2 2 9 8 309 1328 833
2404 2 2 9 8 717 1074 58
2405 2 2 9 8 411 412 410
2406 2 2 9 8 1161 1315 722
2407 2 2 9 8 1151 1205 709
2408 2 2 9 8 12 1115 718
2409 2 2 9 8 245 1282 1202
2410 2 2 9 8 419 1008 420
2411 2 2 9 8 745 1318 1289
2412 2 2 9 8 302 1178 1049
2413 2 2 9 8 430 1268 433
2414 2 2 9 8 1088 1201 719
2415 2 2 9 8 837 1348 995
2416 2 2 9 8 333 1052 334
2417 2 2 9 8 637 975 639
2418 2 2 9 8 404 1187 394
2419 2 2 9 8 707 1250 1191
2420 2 2 9 8 1318 1331 1289
2421 2 2 9 8 749 1314 1177
2422 2 2 9 8 389 1149 391
2423 2 2 9 8 360 1330 1171
2424 2 2 9 8 1291 1329 1045
2425 2 2 9 8 1153 1307 290
2426 2 2 9 8 305 1189 1086
2427 2 2 9 8 260 1262 1035
2428 2 2 9 8 327 1294 331
2429 2 2 9 8 561 1296 621
2430 2 2 9 8 966 1113 974
2431 2 2 9 8 411 413 412
2432 2 2 9 8 1210 1334 849
2433 2 2 9 8 322 1170 326
2434 2 2 9 8 1201 1290 720
2435 2 2 9 8 409 410 408
2436 2 2 9 8 409 411 410
2437 2 2 9 8 252 409 408
2438 2 2 9 8 1153 1306 369
2439 2 2 9 8 379 1236 1143
2440 2 2 9 8 1219 1254 1020
2441 2 2 9 8 902 1052 253
2442 2 2 9 8 352 1193 736
2443 2 2 9 8 886 1168 1156
2444 2 2 9 8 633 643 631
2445 2 2 9 8 339 1282 289
2446 2 2 9 8 354 1193 352
2447 2 2 9 8 370 1344 735
2448 2 2 9 8 2 1212 252
2449 2 2 9 8 335 1303 338
2450 2 2 9 8 1202 1257 245
2451 2 2 9 8 1087 1203 824
2452 2 2 9 8 1260 1275 597
2453 2 2 9 8 597 1275 1053
2454 2 2 9 8 173 1295 869
2455 2 2 9 8 939 1271 835
2456 2 2 9 8 689 1223 1110
2457 2 2 9 8 1093 1260 597
2458 2 2 9 8 331 1294 1149
2459 2 2 9 8 1116 1285 732
2460 2 2 9 8 1083 1213 1123
2461 2 2 9 8 1036 1278 298
2462 2 2 9 8 745 1289 841
2463 2 2 9 8 409 1001 411
2464 2 2 9 8 829 1330 1321
2465 2 2 9 8 886 1301 1168
2466 2 2 9 8 303 1338 835
2467 2 2 9 8 334 339 289
2468 2 2 9 8 1029 1261 1159
2469 2 2 9 8 1138 1213 1084
2470 2 2 9 8 1084 1213 1083
2471 2 2 9 8 1099 1307 1224
2472 2 2 9 8 1019 1236 379
2473 2 2 9 8 257 1091 753
2474 2 2 9 8 1134 1277 297
2475 2 2 9 8 1044 1335 803
2476 2 2 9 8 1071 1246 267
2477 2 2 9 8 204 1327 280
2478 2 2 9 8 1183 1320 380
2479 2 2 9 8 1106 1127 294
2480 2 2 9 8 393 1234 1108
2481 2 2 9 8 334 340 339
2482 2 2 9 8 1129 1266 804
2483 2 2 9 8 337 1303 335
2484 2 2 9 8 1205 1250 709
2485 2 2 9 8 312 782 781
2486 2 2 9 8 381 1288 387
2487 2 2 9 8 732 1285 1027
2488 2 2 9 8 1049 1178 785
2489 2 2 9 8 1175 1266 541
2490 2 2 9 8 1203 1297 293
2491 2 2 9 8 1157 1300 724
2492 2 2 9 8 1018 1330 360
2493 2 2 9 8 695 1331 1318
2494 2 2 9 8 1052 1308 253
2495 2 2 9 8 1309 1310 109
2496 2 2 9 8 659 1341 857
2497 2 2 9 8 807 1254 1219
2498 2 2 9 8 775 1347 1167
2499 2 2 9 8 387 1288 1173
2500 2 2 9 8 393 1287 1234
2501 2 2 9 8 1075 1284 1076
2502 2 2 9 8 716 1244 1192
2503 2 2 9 8 471 1300 1157
2504 2 2 9 8 1078 1248 307
2505 2 2 9 8 898 1302 1104
2506 2 2 9 8 307 1248 1118
2507 2 2 9 8 881 1259 1138
2508 2 2 9 8 306 1284 1075
2509 2 2 9 8 262 1298 1059
2510 2 2 9 8 1148 1283 1074
2511 2 2 9 8 420 561 560
2512 2 2 9 8 1173 1288 792
2513 2 2 9 8 1227 1321 714
2514 2 2 9 8 974 1113 975
2515 2 2 9 8 792 1288 1143
2516 2 2 9 8 1074 1283 306
2517 2 2 9 8 778 1335 1044
2518 2 2 9 8 408 1331 695
2519 2 2 9 8 992 993 557
2520 2 2 9 8 249 1292 1240
2521 2 2 9 8 1090 1091 257
2522 2 2 9 8 1091 1305 753
2523 2 2 9 8 1100 1256 1240
2524 2 2 9 8 1090 1291 739
2525 2 2 9 8 803 1335 830
2526 2 2 9 8 556 1250 1205
2527 2 2 9 8 1229 1318 805
2528 2 2 9 8 410 1331 408
2529 2 2 9 8 695 1229 1228
2530 2 2 9 8 1149 1294 896
2531 2 2 9 8 1135 1348 837
2532 2 2 9 8 635 1196 633
2533 2 2 9 8 643 998 631
2534 2 2 9 8 1123 1322 905
2535 2 2 9 8 829 1321 1227
2536 2 2 9 8 1087 1297 1203
2537 2 2 9 8 787 1324 1322
2538 2 2 9 8 741 1315 1161
2539 2 2 9 8 1167 1347 366
2540 2 2 9 8 409 1212 1001
2541 2 2 9 8 783 1257 1202
2542 2 2 9 8 695 1318 1229
2543 2 2 9 8 1192 1244 867
2544 2 2 9 8 1197 1338 303
2545 2 2 9 8 805 1295 1229
2546 2 2 9 8 789 1348 1135
2547 2 2 9 8 1283 1284 306
2548 2 2 9 8 637 638 635
2549 2 2 9 8 333 1308 1052
2550 2 2 9 8 337 1314 1303
2551 2 2 9 8 1303 1314 941
2552 2 2 9 8 420 1296 561
2553 2 2 9 8 426 427 424
2554 2 2 9 8 1328 1329 833
2555 2 2 9 8 1008 1296 420
2556 2 2 9 8 283 1329 1328
2557 2 2 9 8 1322 1324 786
2558 2 2 9 8 638 1196 635
2559 2 2 9 8 109 1310 108
2560 2 2 9 8 1332 1343 911
2561 2 2 9 8 984 1343 1332
2562 2 2 9 8 633 1196 643
2563 2 2 9 8 1335 1336 830
2564 2 2 9 8 1289 1331 410
2565 2 2 9 8 778 1336 1335
2566 2 2 9 8 848 1310 1309
2567 2 2 9 8 172 253 171
2568 2 2 9 8 1202 1282 339
2569 2 2 9 8 883 1284 1283
2570 2 2 9 8 848 1311 1310
2571 2 2 9 8 179 1212 2
2572 2 2 9 8 3 753 94
2573 2 2 9 8 110 1309 109
2574 2 2 9 8 132 402 131
2575 2 2 9 8 150 293 149
2576 2 2 9 8 168 289 167
2577 2 2 9 8 173 869 172
2578 2 2 9 8 5 717 59
2579 2 2 9 8 60 717 5
2580 2 2 9 8 11 718 6
2581 2 2 9 8 6 718 213
2582 2 2 9 8 96 309 95
2583 2 2 9 8 98 309 97
2584 2 2 9 8 99 309 98
2585 2 2 9 8 101 283 100
2586 2 2 9 8 108 1310 107
2587 2 2 9 8 112 1127 111
2588 2 2 9 8 113 1127 112
2589 2 2 9 8 115 294 114
2590 2 2 9 8 120 246 119
2591 2 2 9 8 127 738 126
2592 2 2 9 8 130 242 129
2593 2 2 9 8 131 242 130
2594 2 2 9 8 133 248 132
2595 2 2 9 8 135 248 134
2596 2 2 9 8 137 291 136
2597 2 2 9 8 138 241 137
2598 2 2 9 8 141 374 140
2599 2 2 9 8 140 374 241
2600 2 2 9 8 243 1142 146
2601 2 2 9 8 148 243 147
2602 2 2 9 8 149 243 148
2603 2 2 9 8 153 249 152
2604 2 2 9 8 155 290 154
2605 2 2 9 8 166 245 165
2606 2 2 9 8 167 245 166
2607 2 2 9 8 170 1308 169
2608 2 2 9 8 171 253 170
2609 2 2 9 8 174 274 173
2610 2 2 9 8 176 274 175
2611 2 2 9 8 177 274 176
2612 2 2 9 8 178 407 177
2613 2 2 9 8 407 1228 177
2614 2 2 9 8 424 1008 422
2615 2 2 9 8 992 1218 856
2616 2 2 7 17 1350 1372 1388
2617 2 2 7 17 239 1361 1387
2618 2 2 7 17 1358 237 1399
2619 2 2 7 17 1362 1384 1403
2620 2 2 7 17 1389 1378 1403
2621 2 2 7 17 1357 1390 1398
2622 2 2 7 17 1349 1389 1403
2623 2 2 7 17 214 1384 1406
2624 2 2 7 17 1390 1357 1408
2625 2 2 7 17 1358 1392 1393
2626 2 2 7 17 1372 1350 1401
2627 2 2 7 17 1392 1358 1404
2628 2 2 7 17 1358 1399 1411
2629 2 2 7 17 1385 1363 1401
2630 2 2 7 17 1394 1361 1395
2631 2 2 7 17 1361 1394 1402
2632 2 2 7 17 236 237 1397
2633 2 2 7 17 237 1358 1393
2634 2 2 7 17 1360 1395 1396
2635 2 2 7 17 238 239 1387
2636 2 2 7 17 239 240 1396
2637 2 2 7 17 1372 1379 1388
2638 2 2 7 17 1382 1378 1389
2639 2 2 7 17 237 238 1399
2640 2 2 7 17 1369 1358 1411
2641 2 2 7 17 1361 1386 1387
2642 2 2 7 17 1384 1349 1403
2643 2 2 7 17 1361 239 1395
2644 2 2 7 17 1390 1363 1398
2645 2 2 7 17 1384 1362 1406
2646 2 2 7 17 1386 1361 1402
2647 2 2 7 17 1395 239 1396
2648 2 2 7 17 1369 1411 1412
2649 2 2 7 17 229 1351 1370
2650 2 2 7 17 1366 1370 1371
2651 2 2 7 17 228 229 1370
2652 2 2 7 17 227 1356 1364
2653 2 2 7 17 1353 1374 1375
2654 2 2 7 17 1370 1351 1371
2655 2 2 7 17 1364 1356 1365
2656 2 2 7 17 224 225 1373
2657 2 2 7 17 1353 1373 1374
2658 2 2 7 17 1372 1351 1379
2659 2 2 7 17 1356 228 1370
2660 2 2 7 17 1364 1365 1367
2661 2 2 7 17 1351 230 1379
2662 2 2 7 17 1353 224 1373
2663 2 2 7 17 225 226 1354
2664 2 2 7 17 226 227 1364
2665 2 2 7 17 227 228 1356
2666 2 2 7 17 229 230 1351
2667 2 2 7 17 225 1354 1373
2668 2 2 7 17 1354 226 1364
2669 2 2 7 17 1354 1364 1367
2670 2 2 7 17 1371 1351 1372
2671 2 2 7 17 1365 1356 1366
2672 2 2 7 17 220 221 1376
2673 2 2 7 17 230 231 1379
2674 2 2 7 17 1354 1367 1368
2675 2 2 7 17 1366 1356 1370
2676 2 2 7 17 1368 1367 1369
2677 2 2 7 17 1354 1368 1373
2678 2 2 7 17 1373 1368 1374
2679 2 2 7 17 1353 1375 1380
2680 2 2 7 17 1352 1377 1378
2681 2 2 7 17 223 224 1353
2682 2 2 7 17 222 223 1380
2683 2 2 7 17 1377 1376 1381
2684 2 2 7 17 219 220 1352
2685 2 2 7 17 221 222 1355
2686 2 2 7 17 1352 1376 1377
2687 2 2 7 17 218 219 1382
2688 2 2 7 17 1376 1355 1381
2689 2 2 7 17 221 1355 1376
2690 2 2 7 17 1352 220 1376
2691 2 2 7 17 223 1353 1380
2692 2 2 7 17 1380 1375 1383
2693 2 2 7 17 1355 222 1380
2694 2 2 7 17 219 1352 1382
2695 2 2 7 17 1352 1378 1382
2696 2 2 7 17 1381 1355 1383
2697 2 2 7 17 1355 1380 1383
2698 2 2 7 17 238 1387 1400
2699 2 2 7 17 215 216 1349
2700 2 2 7 17 234 233 1350
2701 2 2 7 17 233 232 1385
2702 2 2 7 17 214 215 1384
2703 2 2 7 17 1386 1359 1387
2704 2 2 7 17 1375 1374 1386
2705 2 2 7 17 1350 1385 1401
2706 2 2 7 17 1350 233 1385
2707 2 2 7 17 215 1349 1384
2708 2 2 7 17 1358 1369 1404
2709 2 2 7 17 1405 1391 1407
2710 2 2 7 17 1411 1359 1412
2711 2 2 7 17 1393 1357 1397
2712 2 2 7 17 234 1350 1388
2713 2 2 7 17 1349 216 1389
2714 2 2 7 17 240 1362 1396
2715 2 2 7 17 1392 1357 1393
2716 2 2 7 17 1371 1372 1390
2717 2 2 7 17 1378 1377 1391
2718 2 2 7 17 1369 1367 1404
2719 2 2 7 17 235 234 1388
2720 2 2 7 17 216 217 1389
2721 2 2 7 17 1363 236 1398
2722 2 2 7 17 1368 1369 1412
2723 2 2 7 17 1375 1386 1402
2724 2 2 7 17 1365 1366 1392
2725 2 2 7 17 1381 1383 1394
2726 2 2 7 17 1360 1394 1395
2727 2 2 7 17 1390 1372 1401
2728 2 2 7 17 231 10 1410
2729 2 2 7 17 9 218 1409
2730 2 2 7 17 1391 1362 1403
2731 2 2 7 17 1386 1374 1412
2732 2 2 7 17 1359 1386 1412
2733 2 2 7 17 10 235 1410
2734 2 2 7 17 217 9 1409
2735 2 2 7 17 1360 1396 1405
2736 2 2 7 17 1394 1383 1402
2737 2 2 7 17 236 1397 1398
2738 2 2 7 17 1365 1392 1404
2739 2 2 7 17 1371 1390 1408
2740 2 2 7 17 1391 1377 1407
2741 2 2 7 17 237 1393 1397
2742 2 2 7 17 1392 1366 1408
2743 2 2 7 17 1357 1392 1408
2744 2 2 7 17 1381 1394 1407
2745 2 2 7 17 1394 1360 1407
2746 2 2 7 17 1360 1405 1407
2747 2 2 7 17 1397 1357 1398
2748 2 2 7 17 1383 1375 1402
2749 2 2 7 17 1367 1365 1404
2750 2 2 7 17 1363 1390 1401
2751 2 2 7 17 1379 231 1410
2752 2 2 7 17 218 1382 1409
2753 2 2 7 17 1366 1371 1408
2754 2 2 7 17 1377 1381 1407
2755 2 2 7 17 1378 1391 1403
2756 2 2 7 17 1387 1359 1400
2757 2 2 7 17 1374 1368 1412
2758 2 2 7 17 1362 1391 1405
2759 2 2 7 17 1362 240 1406
2760 2 2 7 17 1388 1379 1410
2761 2 2 7 17 1382 1389 1409
2762 2 2 7 17 235 1388 1410
2763 2 2 7 17 1389 217 1409
2764 2 2 7 17 1399 238 1400
2765 2 2 7 17 1399 1400 1411
2766 2 2 7 17 1400 1359 1411
2767 2 2 7 17 240 8 1406
2768 2 2 7 17 232 7 1385
2769 2 2 7 17 7 236 1385
2770 2 2 7 17 8 214 1406
2771 2 2 7 17 236 1363 1385
2772 2 2 7 17 1396 1362 1405
2773 2 2 8 19 1417 176 1431
2774 2 2 8 19 1428 135 1438
2775 2 2 8 19 1423 113 1432
2776 2 2 8 19 1413 149 1414
2777 2 2 8 19 1442 1425 1468
2778 2 2 8 19 1438 224 1452
2779 2 2 8 19 1434 1444 1481
2780 2 2 8 19 9 1437 1476
2781 2 2 8 19 158 159 1483
2782 2 2 8 19 1420 1462 1463
2783 2 2 8 19 1415 172 1469
2784 2 2 8 19 168 1415 1468
2785 2 2 8 19 1421 1422 1461
2786 2 2 8 19 96 97 1477
2787 2 2 8 19 1426 1427 1453
2788 2 2 8 19 1413 1473 1474
2789 2 2 8 19 224 1438 1445
2790 2 2 8 19 154 155 1439
2791 2 2 8 19 1414 227 1473
2792 2 2 8 19 143 144 1429
2793 2 2 8 19 125 126 1419
2794 2 2 8 19 105 1421 1462
2795 2 2 8 19 1424 167 1425
2796 2 2 8 19 1433 158 1483
2797 2 2 8 19 127 1426 1454
2798 2 2 8 19 140 141 1451
2799 2 2 8 19 161 162 1434
2800 2 2 8 19 1436 118 1467
2801 2 2 8 19 103 104 1420
2802 2 2 8 19 1435 140 1451
2803 2 2 8 19 155 1433 1440
2804 2 2 8 19 121 122 1430
2805 2 2 8 19 230 229 1442
2806 2 2 8 19 139 140 1435
2807 2 2 8 19 1440 228 1448
2808 2 2 8 19 136 137 1438
2809 2 2 8 19 100 101 1441
2810 2 2 8 19 227 1414 1448
2811 2 2 8 19 114 115 1432
2812 2 2 8 19 126 127 1459
2813 2 2 8 19 157 158 1433
2814 2 2 8 19 99 100 1477
2815 2 2 8 19 145 1413 1474
2816 2 2 8 19 117 118 1436
2817 2 2 8 19 144 145 1475
2818 2 2 8 19 1443 1442 1468
2819 2 2 8 19 1463 219 1478
2820 2 2 8 19 1419 126 1459
2821 2 2 8 19 1455 1419 1459
2822 2 2 8 19 123 1419 1456
2823 2 2 8 19 101 1420 1479
2824 2 2 8 19 173 174 1417
2825 2 2 8 19 132 133 1428
2826 2 2 8 19 150 151 1418
2827 2 2 8 19 1422 110 1423
2828 2 2 8 19 110 111 1423
2829 2 2 8 19 153 154 1449
2830 2 2 8 19 122 123 1458
2831 2 2 8 19 159 1434 1482
2832 2 2 8 19 1427 132 1428
2833 2 2 8 19 1444 229 1481
2834 2 2 8 19 141 1429 1480
2835 2 2 8 19 119 1430 1466
2836 2 2 8 19 220 219 1461
2837 2 2 8 19 224 223 1453
2838 2 2 8 19 1416 173 1417
2839 2 2 8 19 1414 150 1418
2840 2 2 8 19 1467 1446 1470
2841 2 2 8 19 221 220 1446
2842 2 2 8 19 222 221 1447
2843 2 2 8 19 223 222 1455
2844 2 2 8 19 1472 1429 1475
2845 2 2 8 19 1416 1417 1464
2846 2 2 8 19 1420 1463 1479
2847 2 2 8 19 227 226 1473
2848 2 2 8 19 1447 1446 1467
2849 2 2 8 19 231 230 1443
2850 2 2 8 19 226 225 1450
2851 2 2 8 19 115 1436 1470
2852 2 2 8 19 229 228 1465
2853 2 2 8 19 226 1450 1472
2854 2 2 8 19 225 224 1445
2855 2 2 8 19 163 1424 1444
2856 2 2 8 19 228 1440 1465
2857 2 2 8 19 128 129 1426
2858 2 2 8 19 146 147 1413
2859 2 2 8 19 106 107 1421
2860 2 2 8 19 1429 1472 1480
2861 2 2 8 19 164 165 1424
2862 2 2 8 19 142 143 1429
2863 2 2 8 19 124 125 1419
2864 2 2 8 19 160 161 1434
2865 2 2 8 19 1464 1443 1469
2866 2 2 8 19 137 1435 1471
2867 2 2 8 19 102 103 1420
2868 2 2 8 19 120 121 1430
2869 2 2 8 19 116 117 1436
2870 2 2 8 19 138 139 1435
2871 2 2 8 19 156 157 1433
2872 2 2 8 19 228 227 1448
2873 2 2 8 19 219 218 1478
2874 2 2 8 19 169 170 1415
2875 2 2 8 19 1429 144 1475
2876 2 2 8 19 218 9 1476
2877 2 2 8 19 1421 1461 1462
2878 2 2 8 19 1416 1464 1469
2879 2 2 8 19 1426 1453 1454
2880 2 2 8 19 172 1416 1469
2881 2 2 8 19 1434 1481 1482
2882 2 2 8 19 1419 1455 1456
2883 2 2 8 19 1418 151 1449
2884 2 2 8 19 1439 1448 1449
2885 2 2 8 19 1448 1418 1449
2886 2 2 8 19 95 96 1437
2887 2 2 8 19 1445 1438 1471
2888 2 2 8 19 1430 122 1458
2889 2 2 8 19 231 1443 1464
2890 2 2 8 19 1425 168 1468
2891 2 2 8 19 1446 1432 1470
2892 2 2 8 19 1452 224 1453
2893 2 2 8 19 1474 1472 1475
2894 2 2 8 19 1468 1415 1469
2895 2 2 8 19 1424 1425 1442
2896 2 2 8 19 1451 1445 1471
2897 2 2 8 19 1461 219 1462
2898 2 2 8 19 1450 1445 1451
2899 2 2 8 19 1430 1457 1466
2900 2 2 8 19 230 1442 1443
2901 2 2 8 19 1455 222 1456
2902 2 2 8 19 119 1466 1467
2903 2 2 8 19 1422 1423 1460
2904 2 2 8 19 1427 1428 1452
2905 2 2 8 19 1460 220 1461
2906 2 2 8 19 127 1454 1459
2907 2 2 8 19 1451 141 1480
2908 2 2 8 19 159 1482 1483
2909 2 2 8 19 1439 155 1440
2910 2 2 8 19 1454 1455 1459
2911 2 2 8 19 1441 101 1479
2912 2 2 8 19 1453 223 1454
2913 2 2 8 19 154 1439 1449
2914 2 2 8 19 1456 222 1457
2915 2 2 8 19 1457 1430 1458
2916 2 2 8 19 222 1447 1457
2917 2 2 8 19 1424 1442 1444
2918 2 2 8 19 1473 1472 1474
2919 2 2 8 19 100 1441 1477
2920 2 2 8 19 123 1456 1458
2921 2 2 8 19 1437 96 1477
2922 2 2 8 19 1441 1476 1477
2923 2 2 8 19 1427 1452 1453
2924 2 2 8 19 1422 1460 1461
2925 2 2 8 19 1466 1447 1467
2926 2 2 8 19 1476 1437 1477
2927 2 2 8 19 1462 219 1463
2928 2 2 8 19 145 1474 1475
2929 2 2 8 19 1454 223 1455
2930 2 2 8 19 1472 1450 1480
2931 2 2 8 19 1476 1441 1478
2932 2 2 8 19 221 1446 1447
2933 2 2 8 19 1432 115 1470
2934 2 2 8 19 1438 137 1471
2935 2 2 8 19 1478 1441 1479
2936 2 2 8 19 1482 1465 1483
2937 2 2 8 19 1456 1457 1458
2938 2 2 8 19 225 1445 1450
2939 2 2 8 19 229 1465 1481
2940 2 2 8 19 1457 1447 1466
2941 2 2 8 19 226 1472 1473
2942 2 2 8 19 1481 1465 1482
2943 2 2 8 19 1463 1478 1479
2944 2 2 8 19 1450 1451 1480
2945 2 2 8 19 1443 1468 1469
2946 2 2 8 19 218 1476 1478
2947 2 2 8 19 109 110 1422
2948 2 2 8 19 131 132 1427
2949 2 2 8 19 149 150 1414
2950 2 2 8 19 167 168 1425
2951 2 2 8 19 172 173 1416
2952 2 2 8 19 177 178 1431
2953 2 2 8 19 2 10 1431
2954 2 2 8 19 178 2 1431
2955 2 2 8 19 9 3 1437
2956 2 2 8 19 3 95 1437
2957 2 2 8 19 10 231 1431
2958 2 2 8 19 97 98 1477
2959 2 2 8 19 98 99 1477
2960 2 2 8 19 101 102 1420
2961 2 2 8 19 104 105 1420
2962 2 2 8 19 105 106 1421
2963 2 2 8 19 1420 105 1462
2964 2 2 8 19 107 108 1421
2965 2 2 8 19 108 109 1421
2966 2 2 8 19 1421 109 1422
2967 2 2 8 19 111 112 1423
2968 2 2 8 19 112 113 1423
2969 2 2 8 19 113 114 1432
2970 2 2 8 19 115 116 1436
2971 2 2 8 19 118 119 1467
2972 2 2 8 19 119 120 1430
2973 2 2 8 19 123 124 1419
2974 2 2 8 19 127 128 1426
2975 2 2 8 19 129 130 1426
2976 2 2 8 19 130 131 1426
2977 2 2 8 19 1426 131 1427
2978 2 2 8 19 133 134 1428
2979 2 2 8 19 134 135 1428
2980 2 2 8 19 135 136 1438
2981 2 2 8 19 137 138 1435
2982 2 2 8 19 141 142 1429
2983 2 2 8 19 145 146 1413
2984 2 2 8 19 147 148 1413
2985 2 2 8 19 148 149 1413
2986 2 2 8 19 151 152 1449
2987 2 2 8 19 152 153 1449
2988 2 2 8 19 155 156 1433
2989 2 2 8 19 159 160 1434
2990 2 2 8 19 162 163 1434
2991 2 2 8 19 163 164 1424
2992 2 2 8 19 1434 163 1444
2993 2 2 8 19 165 166 1424
2994 2 2 8 19 166 167 1424
2995 2 2 8 19 168 169 1415
2996 2 2 8 19 170 171 1415
2997 2 2 8 19 171 172 1415
2998 2 2 8 19 174 175 1417
2999 2 2 8 19 175 176 1417
3000 2 2 8 19 176 177 1431
3001 2 2 8 19 220 1432 1446
3002 2 2 8 19 1432 220 1460
3003 2 2 8 19 1442 229 1444
3004 2 2 8 19 1431 231 1464
3005 2 2 8 19 1413 1414 1473
3006 2 2 8 19 1414 1418 1448
3007 2 2 8 19 1417 1431 1464
3008 2 2 8 19 1423 1432 1460
3009 2 2 8 19 1428 1438 1452
3010 2 2 8 19 1440 1433 1483
3011 2 2 8 19 1435 1451 1471
3012 2 2 8 19 1436 1467 1470
3013 2 2 8 19 1439 1440 1448
3014 2 2 8 19 1465 1440 1483
$EndElements
