$MeshFormat
2.2 0 8
$EndMeshFormat
$PhysicalNames
9
1 1 "gate_contact"
1 2 "gate_oxide_interface"
1 3 "bulk_oxide_interface"
1 4 "source_contact"
1 5 "drain_contact"
1 6 "body_contact"
2 7 "gate"
2 8 "oxide"
2 9 "bulk"
$EndPhysicalNames
$Nodes
1860
1 0 0 0
2 3e-05 0 0
3 7.000000000000001e-05 0 0
4 0.0001 0 0
5 0.0001 0.0001 0
6 0 0.0001 0
7 3e-05 -1.1e-05 0
8 7.000000000000001e-05 -1.1e-05 0
9 7.000000000000001e-05 -1e-06 0
10 3e-05 -1e-06 0
11 1.999999999996283e-06 0.0001 0
12 3.999999999992063e-06 0.0001 0
13 5.999999999987601e-06 0.0001 0
14 7.999999999984174e-06 0.0001 0
15 9.999999999981015e-06 0.0001 0
16 1.199999999997786e-05 0.0001 0
17 1.399999999997345e-05 0.0001 0
18 1.59999999999666e-05 0.0001 0
19 1.799999999996008e-05 0.0001 0
20 1.999999999995523e-05 0.0001 0
21 2.199999999994905e-05 0.0001 0
22 2.399999999994419e-05 0.0001 0
23 2.599999999993802e-05 0.0001 0
24 2.799999999993316e-05 0.0001 0
25 2.999999999992699e-05 0.0001 0
26 3.19999999999202e-05 0.0001 0
27 3.39999999999146e-05 0.0001 0
28 3.599999999991043e-05 0.0001 0
29 3.799999999990425e-05 0.0001 0
30 3.999999999989808e-05 0.0001 0
31 4.199999999989222e-05 0.0001 0
32 4.399999999988837e-05 0.0001 0
33 4.599999999988219e-05 0.0001 0
34 4.799999999987601e-05 0.0001 0
35 4.999999999987116e-05 0.0001 0
36 5.199999999987515e-05 0.0001 0
37 5.399999999988047e-05 0.0001 0
38 5.599999999988578e-05 0.0001 0
39 5.799999999989109e-05 0.0001 0
40 5.999999999989639e-05 0.0001 0
41 6.199999999990172e-05 0.0001 0
42 6.399999999990703e-05 0.0001 0
43 6.599999999991233e-05 0.0001 0
44 6.799999999991764e-05 0.0001 0
45 6.999999999992295e-05 0.0001 0
46 7.199999999992827e-05 0.0001 0
47 7.399999999993359e-05 0.0001 0
48 7.599999999993888e-05 0.0001 0
49 7.79999999999442e-05 0.0001 0
50 7.999999999994952e-05 0.0001 0
51 8.199999999995483e-05 0.0001 0
52 8.399999999996014e-05 0.0001 0
53 8.599999999996546e-05 0.0001 0
54 8.799999999997078e-05 0.0001 0
55 8.999999999997609e-05 0.0001 0
56 9.199999999998141e-05 0.0001 0
57 9.399999999998671e-05 0.0001 0
58 9.599999999999202e-05 0.0001 0
59 9.799999999999733e-05 0.0001 0
60 0.0001 9.538304873954784e-05 0
61 0.0001 9.173249169818879e-05 0
62 0.0001 8.668222413329741e-05 0
63 0.0001 7.967742634887308e-05 0
64 0.0001 7.044971221022735e-05 0
65 0.0001 6.09031150540669e-05 0
66 0.0001 5.135651789790792e-05 0
67 0.0001 4.180992074170465e-05 0
68 0.0001 3.228602708378122e-05 0
69 0.0001 2.442194878453124e-05 0
70 0.0001 1.874390089015537e-05 0
71 0.0001 1.464772664511217e-05 0
72 0.0001 1.169011279200645e-05 0
73 0.0001 9.546597156208792e-06 0
74 0.0001 7.637277724966514e-06 0
75 0.0001 5.727958293724208e-06 0
76 0.0001 3.818638862481929e-06 0
77 0.0001 1.909319431239636e-06 0
78 9.800000000000512e-05 0 0
79 9.600000000000758e-05 0 0
80 9.400000000001535e-05 0 0
81 9.200000000001781e-05 0 0
82 9.000000000003086e-05 0 0
83 8.800000000002802e-05 0 0
84 8.600000000004108e-05 0 0
85 8.400000000003825e-05 0 0
86 8.200000000003544e-05 0 0
87 8.000000000002733e-05 0 0
88 7.80000000000245e-05 0 0
89 7.60000000000164e-05 0 0
90 7.400000000001358e-05 0 0
91 7.200000000000546e-05 0 0
92 6.938222338368139e-05 0 0
93 6.863349502839729e-05 0 0
94 6.80327850533367e-05 0 0
95 6.793289773035274e-05 0 0
96 6.783301040736879e-05 0 0
97 6.773312308438483e-05 0 0
98 6.763300677501215e-05 0 0
99 6.680000320150957e-05 0 0
100 6.613562654012354e-05 0 0
101 6.592156961038042e-05 0 0
102 6.582168228739647e-05 0 0
103 6.57217949644125e-05 0 0
104 6.562190764142854e-05 0 0
105 6.552148945358945e-05 0 0
106 6.465634585944017e-05 0 0
107 6.4009995351568e-05 0 0
108 6.38014905841894e-05 0 0
109 6.370160326120544e-05 0 0
110 6.360171593822148e-05 0 0
111 6.350182861523753e-05 0 0
112 6.340009526657335e-05 0 0
113 6.250995040245897e-05 0 0
114 6.188746350998208e-05 0 0
115 6.17823988230932e-05 0 0
116 6.168251150010925e-05 0 0
117 6.158262417712529e-05 0 0
118 6.148273685414132e-05 0 0
119 6.138284953115736e-05 0 0
120 6.127915212954355e-05 0 0
121 6.039170661619992e-05 0 0
122 5.978104609472771e-05 0 0
123 5.967617546108512e-05 0 0
124 5.957628813810073e-05 0 0
125 5.947640081511635e-05 0 0
126 5.937651349213197e-05 0 0
127 5.927662616914801e-05 0 0
128 5.917276333760741e-05 0 0
129 5.855730051528411e-05 0 0
130 5.77898536545762e-05 0 0
131 5.74535135741054e-05 0 0
132 5.735362625112101e-05 0 0
133 5.725373892813663e-05 0 0
134 5.715385160515225e-05 0 0
135 5.641232542831686e-05 0 0
136 5.568941009668333e-05 0 0
137 5.534467890633376e-05 0 0
138 5.524479158334951e-05 0 0
139 5.514490426036517e-05 0 0
140 5.504501693738108e-05 0 0
141 5.428586587819261e-05 0 0
142 5.355214502544228e-05 0 0
143 5.322548647470459e-05 0 0
144 5.312559915172064e-05 0 0
145 5.302571182873668e-05 0 0
146 5.292582450575263e-05 0 0
147 5.214595539807299e-05 0 0
148 5.142897360078177e-05 0 0
149 5.120698038737831e-05 0 0
150 5.110709306439435e-05 0 0
151 5.100720574141039e-05 0 0
152 5.090731841842644e-05 0 0
153 5.080743109544244e-05 0 0
154 5.000000000007224e-05 0 0
155 4.931009325197446e-05 0 0
156 4.909268158161734e-05 0 0
157 4.899279425863253e-05 0 0
158 4.889290693564773e-05 0 0
159 4.879301961266292e-05 0 0
160 4.869310148662012e-05 0 0
161 4.785404460205384e-05 0 0
162 4.718668846047932e-05 0 0
163 4.697428817130115e-05 0 0
164 4.687440084831659e-05 0 0
165 4.677451352533212e-05 0 0
166 4.667462620234713e-05 0 0
167 4.657421333601847e-05 0 0
168 4.57141341219164e-05 0 0
169 4.506350862733431e-05 0 0
170 4.485509573966708e-05 0 0
171 4.475520841668266e-05 0 0
172 4.465532109369743e-05 0 0
173 4.455543377071266e-05 0 0
174 4.445381214103194e-05 0 0
175 4.358767457176832e-05 0 0
176 4.29537627061427e-05 0 0
177 4.274626107188847e-05 0 0
178 4.264637374890366e-05 0 0
179 4.254648642591886e-05 0 0
180 4.244659910293406e-05 0 0
181 4.234455006493539e-05 0 0
182 4.144269948478703e-05 0 0
183 4.082723666241881e-05 0 0
184 4.072337383087383e-05 0 0
185 4.062348650788929e-05 0 0
186 4.05235991849049e-05 0 0
187 4.042371186192033e-05 0 0
188 4.032382453893553e-05 0 0
189 4.021895390529659e-05 0 0
190 3.960829338386176e-05 0 0
191 3.887501796467542e-05 0 0
192 3.851726314587774e-05 0 0
193 3.841737582289336e-05 0 0
194 3.831748849990898e-05 0 0
195 3.82176011769245e-05 0 0
196 3.811253649003861e-05 0 0
197 3.74900495975921e-05 0 0
198 3.673357810610663e-05 0 0
199 3.639828406179108e-05 0 0
200 3.629839673880627e-05 0 0
201 3.619850941582147e-05 0 0
202 3.609862209283666e-05 0 0
203 3.534365414058912e-05 0 0
204 3.460479387855522e-05 0 0
205 3.427820503559449e-05 0 0
206 3.417831771260969e-05 0 0
207 3.407843038962488e-05 0 0
208 3.397854306664008e-05 0 0
209 3.319999679850132e-05 0 0
210 3.249101381897213e-05 0 0
211 3.216698959263585e-05 0 0
212 3.206710226965105e-05 0 0
213 3.196721494666625e-05 0 0
214 3.186732762368144e-05 0 0
215 3.104600750159038e-05 0 0
216 2.800000000000415e-05 0 0
217 2.600000000000706e-05 0 0
218 2.400000000001125e-05 0 0
219 2.200000000001942e-05 0 0
220 2.000000000002625e-05 0 0
221 1.800000000003097e-05 0 0
222 1.600000000003728e-05 0 0
223 1.400000000003715e-05 0 0
224 1.200000000003269e-05 0 0
225 1.000000000002559e-05 0 0
226 8.000000000021133e-06 0 0
227 6.000000000015352e-06 0 0
228 4.000000000010282e-06 0 0
229 2.000000000005117e-06 0 0
230 0 1.909319431235169e-06 0
231 0 3.818638862469943e-06 0
232 0 5.72795829370432e-06 0
233 0 7.637277724939644e-06 0
234 0 9.546597156175353e-06 0
235 0 1.16901127919552e-05 0
236 0 1.464772664503166e-05 0
237 0 1.874390089003646e-05 0
238 0 2.442194878435299e-05 0
239 0 3.228602708352755e-05 0
240 0 4.18099207414028e-05 0
241 0 5.13565178975769e-05 0
242 0 6.090311505379597e-05 0
243 0 7.044971221001503e-05 0
244 0 7.967742634872317e-05 0
245 0 8.668222413320861e-05 0
246 0 9.173249169813664e-05 0
247 0 9.538304873951961e-05 0
248 7.000000000000001e-05 -8.923153231001549e-06 0
249 7.000000000000001e-05 -6.942364923258277e-06 0
250 7.000000000000001e-05 -4.961576615509187e-06 0
251 7.000000000000001e-05 -2.980788307754855e-06 0
252 6.800000000000794e-05 -1e-06 0
253 6.600000000000001e-05 -1e-06 0
254 6.400000000000794e-05 -1e-06 0
255 6.200000000001587e-05 -1e-06 0
256 6.000000000001588e-05 -1e-06 0
257 5.800000000002383e-05 -1e-06 0
258 5.600000000002912e-05 -1e-06 0
259 5.400000000003706e-05 -1e-06 0
260 5.2000000000045e-05 -1e-06 0
261 5.000000000004897e-05 -1e-06 0
262 4.800000000003971e-05 -1e-06 0
263 4.600000000004659e-05 -1e-06 0
264 4.400000000003098e-05 -1e-06 0
265 4.200000000002383e-05 -1e-06 0
266 4.000000000002779e-05 -1e-06 0
267 3.800000000002409e-05 -1e-06 0
268 3.600000000001615e-05 -1e-06 0
269 3.400000000001138e-05 -1e-06 0
270 3.200000000000768e-05 -1e-06 0
271 3e-05 -8.923153231001549e-06 0
272 3e-05 -6.942364923258277e-06 0
273 3e-05 -4.961576615509187e-06 0
274 3e-05 -2.980788307754855e-06 0
275 3.367179573282893e-05 -1.1e-05 0
276 3.72970636291388e-05 -1.1e-05 0
277 4.092462279491055e-05 -1.1e-05 0
278 4.45575760592858e-05 -1.1e-05 0
279 4.818810660152216e-05 -1.1e-05 0
280 5.181189339838275e-05 -1.1e-05 0
281 5.544242394064003e-05 -1.1e-05 0
282 5.907537720503507e-05 -1.1e-05 0
283 6.27029363708262e-05 -1.1e-05 0
284 6.632820426715494e-05 -1.1e-05 0
285 5.131797699408004e-05 2.032940531950885e-07 0
286 4.711436322801069e-05 1.943272790347159e-07 0
287 5.556154776664509e-05 2.412372926808837e-07 0
288 4.325412964194638e-05 4.430021140336967e-07 0
289 3.869614055527658e-05 2.362149755977856e-07 0
290 4.920138741679591e-05 1.964401999258663e-07 0
291 5.8906626512918e-05 3.612674821558516e-07 0
292 6.35001869995357e-05 2.104106560879492e-07 0
293 6.725202269336616e-05 4.789719158776767e-07 0
294 3.497861617744966e-05 4.858286103343152e-07 0
295 5.341048167159601e-05 2.069359576334896e-07 0
296 3.062512043230302e-05 7.660462158386803e-07 0
297 6.13488869787876e-05 2.290979688525916e-07 0
298 4.104471507860259e-05 3.860253235119799e-07 0
299 7.136004646754889e-05 1.415364811602308e-06 0
300 4.538882137462534e-05 4.225936549934279e-07 0
301 2.526443264822277e-05 1.900469833416946e-06 0
302 5.098022757987673e-05 9.855198899352928e-05 0
303 6.11921960082077e-05 9.826465541373806e-05 0
304 4.102754028418945e-05 9.82959507875034e-05 0
305 3.108029785515715e-05 9.800685787727243e-05 0
306 3.713561517739609e-05 4.458997915826684e-07 0
307 6.511150704385428e-05 4.747833911817617e-07 0
308 6.90500871542002e-05 9.848695979131797e-05 0
309 7.697903981490784e-05 9.804587541954472e-05 0
310 2.299999999994662e-05 9.826794919243648e-05 0
311 7.887645873043024e-05 1.616473104446274e-06 0
312 9.207802929065947e-05 4.68219759202205e-05 0
313 5.666760103542144e-05 4.906413949080973e-07 0
314 1.498929663462142e-05 1.725871216669929e-06 0
315 8.669459119208218e-05 1.899449578322807e-06 0
316 6.502385716266195e-06 3.589586299481956e-05 0
317 3.282542898112745e-05 4.779590617689759e-07 0
318 8.299999999995752e-05 9.820990468351564e-05 0
319 8.92780155423514e-05 9.815481590088385e-05 0
320 1.697289262043859e-05 9.796915914647003e-05 0
321 1.117993584327059e-05 9.820154149724832e-05 0
322 9.600953549967924e-05 2.106185675886388e-05 0
323 1.66962126096951e-06 1.048939678225462e-05 0
324 4.469355026704061e-05 1.042443067124882e-07 0
325 9.802804767301934e-05 1.078599436484412e-05 0
326 6.88533070277744e-06 6.416340343437059e-05 0
327 4.829764848988607e-05 4.570940038588582e-07 0
328 5.041181697330127e-05 4.840330997103056e-07 0
329 8.999569102646257e-06 1.731612476958953e-06 0
330 9.290316019987444e-05 7.525641426073235e-05 0
331 6.219870695622065e-05 4.043170968058662e-07 0
332 3.630887351771594e-05 2.006058002653575e-07 0
333 2.749141539613215e-06 1.637658038434367e-05 0
334 6.589433040315265e-05 1.109716419913553e-07 0
335 9.312139057651281e-05 2.032625899945629e-06 0
336 6.832111910140717e-05 4.138045527385981e-07 0
337 4.267527238754615e-05 1.455878605536581e-07 0
338 5.116443564535302e-06 8.357265402412771e-05 0
339 3.4228261374102e-05 1.139610382595685e-07 0
340 5.2453828608891e-05 5.611842761406442e-07 0
341 5.75961867263102e-05 2.489228801045201e-07 0
342 5.942645715362424e-05 8.650495922031481e-08 0
343 4.666086273960655e-05 1.73902273537561e-07 0
344 5.45902426984316e-05 4.259427580751129e-07 0
345 2.096431224761565e-05 1.76788055940849e-06 0
346 6.172786139242974e-05 9.735824206721759e-08 0
347 7.475652715915109e-05 1.620893755653469e-06 0
348 8.323364891956643e-05 1.629505240558908e-06 0
349 4.056290677992489e-05 1.099364912499072e-07 0
350 5.498841669273661e-05 9.81555224569455e-05 0
351 4.71660241567505e-05 9.813698532346978e-05 0
352 5.018001625141822e-06 1.719746508464276e-06 0
353 1.760299488391279e-06 6.804987783520356e-06 0
354 9.835076262576033e-05 6.735791504780211e-06 0
355 3.705137535401144e-05 9.805369764437286e-05 0
356 9.623243242855719e-05 8.920735791574308e-05 0
357 4.239557458393481e-05 2.385088578169848e-07 0
358 6.490872452432511e-05 9.821437611043839e-05 0
359 2.736413068153882e-05 9.829576093759944e-05 0
360 9.299358333118141e-05 9.803592297280435e-05 0
361 6.956259700246355e-06 9.802852421106936e-05 0
362 7.299999999993094e-05 9.826794919242653e-05 0
363 5.105178278534877e-05 9.102918809493093e-08 0
364 4.89193340911152e-05 9.289855482841544e-08 0
365 5.30649486552909e-05 1.096818478292493e-07 0
366 4.496304237349958e-05 1.85073105412087e-07 0
367 5.519484792185742e-05 8.650495922031481e-08 0
368 5.730368258962888e-05 8.650495922049673e-08 0
369 3.100793833950139e-06 9.355654120350386e-05 0
370 6.37573848059291e-05 1.288824873684249e-07 0
371 9.71196772293427e-05 1.617661636006456e-06 0
372 5.922277058547231e-05 2.016751176635094e-07 0
373 5.945203117619428e-05 2.927474403704048e-07 0
374 4.074978656338024e-05 1.630320100482708e-07 0
375 4.060578065097254e-05 3.928524258446208e-07 0
376 4.079910197404282e-05 7.900734860049433e-07 0
377 4.129125806939929e-05 9.093586909631274e-07 0
378 4.089105466547588e-05 1.364356767127299e-06 0
379 4.026397657998738e-05 7.453558976010157e-07 0
380 6.652456249580683e-05 4.522743591163886e-07 0
381 6.685983339575957e-05 9.615301828184647e-07 0
382 6.749703759865331e-05 1.173068016755516e-06 0
383 6.682696155169219e-05 1.633659677910599e-06 0
384 6.61763300197692e-05 1.005228696293732e-06 0
385 6.597647103570512e-05 1.957419617992766e-06 0
386 6.665745115636126e-05 2.660603976534198e-06 0
387 4.682445718682506e-05 8.650495922057302e-08 0
388 6.4333170605504e-05 4.198169696747008e-07 0
389 6.464832644884194e-05 8.860412166241973e-07 0
390 6.402489980300168e-05 8.57237131486282e-07 0
391 6.441236370362838e-05 1.515244986880569e-06 0
392 6.370213462138913e-05 1.556414948096572e-06 0
393 6.414975120629796e-05 2.21292059949317e-06 0
394 6.329400422198331e-05 2.268317393943307e-06 0
395 6.372366027310099e-05 3.076024241066265e-06 0
396 3.780129304381533e-05 4.043170967861308e-07 0
397 3.750322442662704e-05 9.141430966868725e-07 0
398 3.693483779192824e-05 1.007817747393027e-06 0
399 3.729725380351468e-05 1.513320549190188e-06 0
400 3.664345370581132e-05 1.620629553068406e-06 0
401 3.707581009340656e-05 2.249309810063438e-06 0
402 3.789006227680305e-05 1.371211432231537e-06 0
403 5.734152571011168e-05 4.085076065051468e-07 0
404 5.766233233956655e-05 6.224011070092142e-07 0
405 5.729025078448278e-05 8.339244856639338e-07 0
406 5.767723036701446e-05 1.109430053018812e-06 0
407 5.720244522384041e-05 1.319897202796695e-06 0
408 5.765291520646323e-05 1.646798609309944e-06 0
409 5.709366628869906e-05 1.944314740779923e-06 0
410 5.765398019656095e-05 2.341296881808344e-06 0
411 5.699912223715038e-05 2.656577034625763e-06 0
412 5.768471956504662e-05 3.18736952617947e-06 0
413 5.670898546578135e-05 3.459250598352133e-06 0
414 5.766216391113211e-05 4.162186337847862e-06 0
415 5.667418014181665e-05 4.598499056724511e-06 0
416 5.762615177787101e-05 5.326470860531576e-06 0
417 5.571915353831897e-05 3.936455935630437e-06 0
418 5.559068276688546e-05 5.07448630198335e-06 0
419 5.468540787599002e-05 4.36853334670268e-06 0
420 5.447522262515902e-05 5.609854516089324e-06 0
421 5.344148971070921e-05 4.793952657127638e-06 0
422 5.324562128339232e-05 6.167541813526121e-06 0
423 5.440656428050254e-05 6.899185951958488e-06 0
424 5.21863417555033e-05 5.340731863577901e-06 0
425 5.192407913272689e-05 6.742929900138266e-06 0
426 5.072606750825832e-05 5.651402600409648e-06 0
427 5.046944351890276e-05 7.378140332822765e-06 0
428 4.924264004007912e-05 6.363009713331708e-06 0
429 4.857220290840551e-05 8.155465859579287e-06 0
430 5.841320848992176e-05 2.739683415015915e-06 0
431 6.265714385453394e-05 2.98495729534797e-06 0
432 6.328315585216627e-05 4.030868154815008e-06 0
433 4.938126297802295e-05 4.893871445508884e-06 0
434 4.810184328119033e-05 5.404522503616596e-06 0
435 5.643367295321946e-05 2.127855502413229e-06 0
436 4.837754499529575e-05 4.029582502718794e-06 0
437 4.719320413827796e-05 4.554023516173405e-06 0
438 4.681086790808305e-05 5.837293278918691e-06 0
439 4.588829515428246e-05 4.769463115136389e-06 0
440 4.550829760405128e-05 6.444671926489785e-06 0
441 4.419920610725046e-05 5.221421586367403e-06 0
442 4.40132803525082e-05 6.978315400645163e-06 0
443 4.280512343992706e-05 5.679512609646202e-06 0
444 4.241347750377709e-05 7.29204648976314e-06 0
445 4.371303002948264e-05 8.558906596788303e-06 0
446 4.19879798449483e-05 9.167415109076093e-06 0
447 4.046690614142899e-05 7.426627072174563e-06 0
448 4.948250131802624e-05 3.623931238784374e-06 0
449 4.739317736779538e-05 3.434382550505056e-06 0
450 5.23632654961027e-05 4.035591933705449e-06 0
451 5.880598892777104e-05 4.724254438969181e-06 0
452 5.888065982414241e-05 6.035196630358503e-06 0
453 4.484318297914822e-05 3.91034104214644e-06 0
454 5.164104838759936e-05 8.436929968427649e-06 0
455 6.21396351982774e-05 4.073430518618707e-06 0
456 6.276457081340273e-05 5.195393703919226e-06 0
457 6.430770460807279e-05 4.981626207860186e-06 0
458 6.356337356178841e-05 6.453689965733357e-06 0
459 6.154117916403285e-05 3.10524891825414e-06 0
460 5.810310965422936e-05 1.325352867746124e-06 0
461 5.487918113833934e-05 3.301539658312552e-06 0
462 5.75045245425797e-05 6.76431714041955e-06 0
463 5.876117445805675e-05 7.611805277032541e-06 0
464 5.723566897766566e-05 8.501527285301873e-06 0
465 5.906507175855155e-05 9.652675817707772e-06 0
466 6.099480846133555e-05 4.071551020025848e-06 0
467 6.048705909052507e-05 3.111062385442321e-06 0
468 6.110889193857638e-05 2.200626799606591e-06 0
469 6.012227241045839e-05 2.26348402778205e-06 0
470 6.058830033751079e-05 1.565093603563746e-06 0
471 5.981481804099813e-05 1.465278112382161e-06 0
472 6.12827707429043e-05 1.463467303075811e-06 0
473 6.008226002584018e-05 3.839638916653042e-07 0
474 6.286550487322656e-05 1.506544859549976e-06 0
475 6.039481029524849e-05 6.67607047396598e-06 0
476 3.557352536148025e-05 6.085615187033658e-07 0
477 3.517280655818106e-05 9.623380838931328e-07 0
478 3.625758684933483e-05 2.386255381699681e-06 0
479 3.67790109043527e-05 3.158097722112406e-06 0
480 3.54600785448813e-05 3.206184280806353e-06 0
481 3.638898338973659e-05 4.305763471933645e-06 0
482 3.486648371646769e-05 4.513422332079702e-06 0
483 3.991692600037959e-05 9.651419477205233e-06 0
484 3.768493726385328e-05 2.964717547788558e-06 0
485 3.596412821680186e-05 5.733249885392419e-06 0
486 3.423452031795062e-05 6.031109379848631e-06 0
487 3.531903924957938e-05 7.528619798712191e-06 0
488 3.345072461423008e-05 7.806232142565085e-06 0
489 3.46360388777262e-05 9.490487332018446e-06 0
490 3.253810097784447e-05 9.70928524825171e-06 0
491 3.357708589199074e-05 1.155842256630338e-05 0
492 3.128877047552732e-05 1.195527288933607e-05 0
493 3.319558734771753e-05 1.410122357746946e-05 0
494 4.162798097489206e-05 1.130159818983794e-05 0
495 2.99766708909413e-05 1.471790430843302e-05 0
496 3.229567502153569e-05 1.732576165458889e-05 0
497 2.882044948456115e-05 1.808802161742484e-05 0
498 3.130265227834536e-05 2.0805254102049e-05 0
499 2.645605989407117e-05 1.5220855629002e-05 0
500 3.475920266986107e-05 1.987617836522826e-05 0
501 3.386666666092597e-05 2.342446344641854e-05 0
502 3.739860943647485e-05 2.247128836614988e-05 0
503 3.64727307359563e-05 2.610583556709961e-05 0
504 3.993978979171615e-05 2.532492079456395e-05 0
505 3.913205336494156e-05 2.884102279788852e-05 0
506 4.279531864137216e-05 2.784008087279097e-05 0
507 4.182605657893632e-05 3.150040114916785e-05 0
508 4.559533945346411e-05 3.033411065996226e-05 0
509 4.456613667046358e-05 3.419901040101256e-05 0
510 4.829289875535626e-05 3.316978183378018e-05 0
511 4.733182143544521e-05 3.703219599244781e-05 0
512 4.352747936633863e-05 3.800092830565099e-05 0
513 4.624554513110579e-05 4.095560796435747e-05 0
514 5.011251211149213e-05 3.98701911145025e-05 0
515 4.916505389951994e-05 4.382283812786721e-05 0
516 4.520444487091099e-05 4.487995812467611e-05 0
517 4.812886818472421e-05 4.780710380733583e-05 0
518 5.212273476835204e-05 4.663722057756252e-05 0
519 5.109546090958687e-05 5.070266076285913e-05 0
520 4.703285893291603e-05 5.17808509408333e-05 0
521 5.001497600112959e-05 5.480513132294663e-05 0
522 4.593031797553986e-05 5.58596144789084e-05 0
523 4.892280611736166e-05 5.888037484428622e-05 0
524 5.294074724562983e-05 5.775269619707487e-05 0
525 5.179610054238308e-05 6.179187692082192e-05 0
526 4.792845385246045e-05 6.283309149048629e-05 0
527 5.062368415459338e-05 6.56363497646973e-05 0
528 4.694707767942321e-05 6.660378827414112e-05 0
529 4.950399263664314e-05 6.927972089361822e-05 0
530 4.596227557555693e-05 7.022317510251705e-05 0
531 4.849678789836988e-05 7.280973423832654e-05 0
532 5.194563019863194e-05 7.192723808496615e-05 0
533 4.497183154229351e-05 7.381556654563766e-05 0
534 5.09776171693824e-05 7.531464939905994e-05 0
535 5.431014305388542e-05 7.451073669087763e-05 0
536 5.591882493033635e-05 6.07872384811377e-05 0
537 5.334196579206617e-05 7.779186773521413e-05 0
538 5.663223503744301e-05 7.702540590947968e-05 0
539 4.296264217221315e-05 6.774171613669263e-05 0
540 4.941883621441978e-05 2.921849278502173e-05 0
541 5.555150626662457e-05 8.065695568009216e-05 0
542 5.890402509973788e-05 7.951193287023336e-05 0
543 5.993056393974922e-05 7.617055663940256e-05 0
544 6.212760528762551e-05 7.877830768215823e-05 0
545 6.33745876775145e-05 7.522186047096444e-05 0
546 5.223133431093317e-05 8.075646349135852e-05 0
547 3.543674065047304e-05 2.976984671447314e-05 0
548 5.799343724182608e-05 8.273253457523718e-05 0
549 6.57212890685099e-05 7.871387501667503e-05 0
550 6.721766767270155e-05 7.40188383368172e-05 0
551 3.156191378972096e-05 7.866837079865883e-06 0
552 5.514908760979111e-05 4.951939861946254e-05 0
553 2.509673037478048e-05 1.880647019397877e-05 0
554 2.220238013573025e-05 1.519891636214697e-05 0
555 7.013602288148603e-05 7.7382246834921e-05 0
556 7.164470368928969e-05 7.295778085361525e-05 0
557 6.885185331860558e-05 8.163162435653284e-05 0
558 5.219497693061431e-05 3.209117468583462e-05 0
559 5.329594777728157e-05 2.820611745286567e-05 0
560 5.610583063554841e-05 3.107082978937901e-05 0
561 5.723415512112127e-05 2.714060616217548e-05 0
562 6.009561397507259e-05 3.005597860211268e-05 0
563 6.123419727088946e-05 2.556443574336197e-05 0
564 6.415338604309827e-05 2.893697607825308e-05 0
565 6.551553026017825e-05 2.493112500370815e-05 0
566 6.832272689861613e-05 2.794545629263796e-05 0
567 6.952643288146316e-05 2.372261788560404e-05 0
568 6.716317315569767e-05 3.226823007911832e-05 0
569 7.247947423003027e-05 2.684152705149835e-05 0
570 7.34908469487656e-05 2.261205474152499e-05 0
571 5.057016591935552e-05 2.541249656150514e-05 0
572 7.072539218366513e-05 1.969699253355859e-05 0
573 7.436818996141706e-05 1.865011857103868e-05 0
574 7.177751080187112e-05 1.608076464369002e-05 0
575 7.521488373634599e-05 1.510290533066503e-05 0
576 7.648169873009292e-05 2.557427032549021e-05 0
577 7.287376548789371e-05 1.255867944405959e-05 0
578 6.527006010070968e-05 6.358490356520509e-06 0
579 6.448895266303651e-05 7.944029504762837e-06 0
580 5.780548720593101e-05 2.321111981787276e-05 0
581 7.794007514978984e-05 1.753122063979116e-05 0
582 7.856646955890691e-05 1.362968092260031e-05 0
583 6.828870814523117e-05 1.693034114064015e-05 0
584 7.306316140113879e-05 8.065891451252219e-05 0
585 3.026183382020673e-05 2.438891143986224e-05 0
586 4.277209775103508e-05 5.273119061776009e-05 0
587 7.55863891150318e-05 3.030168409669585e-05 0
588 7.147100522199968e-05 8.460951128668438e-05 0
589 7.583004108234785e-05 8.453456309671661e-05 0
590 5.627365946672858e-05 4.527348281950006e-05 0
591 5.949855715595762e-05 4.826585148172473e-05 0
592 2.106827368834598e-05 1.960640084012931e-05 0
593 1.809562097777649e-05 1.6413670686538e-05 0
594 1.685190783008357e-05 2.064262761837776e-05 0
595 1.960755096979447e-05 2.400977429227336e-05 0
596 6.834273238258236e-05 6.935855330254709e-05 0
597 7.313056555973498e-05 6.817520015449445e-05 0
598 6.945821741527517e-05 6.453580499730734e-05 0
599 4.145534871642945e-05 2.190374166587065e-05 0
600 7.464966105666203e-05 6.310146243451396e-05 0
601 2.447872353703627e-05 1.16061242586253e-05 0
602 6.767400781182998e-05 8.543582940395431e-05 0
603 8.143682628555033e-05 1.634638363388933e-05 0
604 8.188245664575536e-05 1.230743224016188e-05 0
605 6.631466982647638e-05 7.78999104302518e-06 0
606 8.070760485283028e-05 2.806181158878012e-05 0
607 6.998575817004537e-05 8.823703387912824e-05 0
608 6.647562773265236e-05 8.885397857965685e-05 0
609 7.075625438690039e-05 5.918035431061375e-05 0
610 5.537722373077431e-05 7.117146074176817e-05 0
611 4.157371866999709e-05 5.708883621401016e-05 0
612 3.815724196232161e-05 5.350652240670145e-05 0
613 3.686328226419866e-05 5.8576315121571e-05 0
614 3.322331121417063e-05 5.453270450944668e-05 0
615 3.181320373046608e-05 6.007434109966373e-05 0
616 2.795149644123011e-05 5.591495012239009e-05 0
617 2.964809074924309e-05 5.040364118897941e-05 0
618 2.385450899619839e-05 5.173099621921305e-05 0
619 2.579222241094531e-05 4.605121262826514e-05 0
620 6.551761463412554e-05 9.568114152046306e-06 0
621 3.325444042589139e-05 4.651024395626107e-06 0
622 7.961566943759577e-05 1.065409969443996e-05 0
623 8.270262267080097e-05 9.428963565346892e-06 0
624 8.522564075855472e-05 1.083364564637957e-05 0
625 3.454664316566006e-05 9.557429804612417e-07 0
626 8.020768139411916e-05 8.212987903175225e-06 0
627 2.643846610776698e-05 6.147213647991768e-05 0
628 3.039950676051284e-05 6.557755821599045e-05 0
629 2.50048691758613e-05 6.702440023547381e-05 0
630 2.902416649311857e-05 7.079548339815267e-05 0
631 2.388275547930498e-05 7.236330908826209e-05 0
632 2.830781176075796e-05 7.604706791220429e-05 0
633 2.298236596006052e-05 7.742191650035913e-05 0
634 2.63966542547601e-05 8.068105105813569e-05 0
635 2.174581916215482e-05 8.209499968346316e-05 0
636 3.082599873902587e-05 7.981811101305202e-05 0
637 2.950800935306713e-05 8.365560361550895e-05 0
638 3.343172768841721e-05 8.267154138308242e-05 0
639 3.244621734913464e-05 8.623648923807269e-05 0
640 3.592055605019934e-05 8.532995524023397e-05 0
641 2.867830744310058e-05 8.74282467440427e-05 0
642 3.49913769242376e-05 8.853594444901768e-05 0
643 3.829889892864821e-05 8.771359642945054e-05 0
644 3.921515762125661e-05 8.457177492524962e-05 0
645 4.136916656824244e-05 8.694530182406647e-05 0
646 4.23975555875986e-05 8.376958111985676e-05 0
647 4.445921237364816e-05 8.621762704883814e-05 0
648 4.352249164696902e-05 8.915107470471241e-05 0
649 4.645553417447497e-05 8.847554823761852e-05 0
650 4.021229183812468e-05 8.135661851123872e-05 0
651 7.915280538631538e-05 3.379925474811779e-05 0
652 7.793898992902504e-05 7.95445712719722e-05 0
653 8.044349629009451e-05 8.334259776665961e-05 0
654 7.918233131793423e-05 8.737197989983657e-05 0
655 8.31160360853902e-05 8.688396115096645e-05 0
656 7.61586540086143e-05 5.774610301502751e-05 0
657 7.21667067495539e-05 5.371386511949099e-05 0
658 8.05723355120637e-05 6.157020646936771e-05 0
659 6.066089126579511e-05 4.379516867493122e-05 0
660 1.823420013554332e-05 7.883134561955482e-05 0
661 4.565695506146139e-05 9.122596850044709e-05 0
662 4.835413080260917e-05 9.058569828017518e-05 0
663 1.744866502928477e-05 8.355783390245436e-05 0
664 3.73463183263691e-05 9.077510607537347e-05 0
665 3.448254378492754e-05 9.166821947027085e-05 0
666 3.12755134988224e-05 4.480848481037951e-05 0
667 2.776213255913104e-05 4.057861292237225e-05 0
668 8.566289069367238e-05 8.399347727448949e-06 0
669 8.796847781129192e-05 1.091570000624853e-05 0
670 8.820377974248938e-05 7.827771339068487e-06 0
671 8.765852959509616e-05 1.357148940729042e-05 0
672 9.042669324681152e-05 1.188531253043688e-05 0
673 4.924937959383491e-05 8.790080461469683e-05 0
674 5.107037732097409e-05 9.000330653072353e-05 0
675 2.075841737330034e-05 8.6605755628452e-05 0
676 1.67916540858471e-05 8.793946120973487e-05 0
677 1.397606962245293e-05 1.726948319329147e-05 0
678 1.524263092564919e-05 1.294872776049266e-05 0
679 1.251199413701911e-05 2.154460728017643e-05 0
680 1.95776815556872e-05 9.057146366020666e-05 0
681 6.703004431363723e-05 6.168873229942941e-06 0
682 6.820635269119249e-05 7.575348333010736e-06 0
683 6.884957127425206e-05 5.571735193979778e-06 0
684 7.0137863831764e-05 7.26758728137124e-06 0
685 7.07888011405821e-05 5.49725199830311e-06 0
686 7.210453018996482e-05 7.025594561359576e-06 0
687 6.347778560300157e-05 9.644232879273565e-06 0
688 6.444646477619458e-05 1.161953853257677e-05 0
689 1.158847576006154e-05 1.378918564381969e-05 0
690 1.250442250024379e-05 1.102919522895387e-05 0
691 1.67638393476818e-05 1.053431823285553e-05 0
692 1.436563606831471e-05 8.158028543137076e-06 0
693 9.634860529475676e-06 1.094996307051339e-05 0
694 5.198989928939443e-05 8.733014260560595e-05 0
695 5.379067537275436e-05 8.942143073832224e-05 0
696 5.295611097717641e-05 9.200683953012313e-05 0
697 5.555490971466751e-05 9.147317286901011e-05 0
698 5.646454444687974e-05 8.88787167330344e-05 0
699 5.821733146926142e-05 9.097579547119762e-05 0
700 5.908840680014785e-05 8.832803378054487e-05 0
701 4.543474676042131e-05 8.317741388534553e-05 0
702 4.311961050864886e-05 9.201494922700943e-05 0
703 8.349632540107437e-05 7.234319051186113e-06 0
704 1.619321228266189e-05 9.172462832133572e-05 0
705 8.444034989653296e-05 3.255363620437883e-05 0
706 1.326406550458706e-05 8.938688773437042e-05 0
707 6.868321091169422e-05 9.141224934643033e-05 0
708 6.548205202001835e-05 9.190104553446085e-05 0
709 7.196442150268472e-05 9.09524191294537e-05 0
710 8.16839443462465e-05 9.044002292877256e-05 0
711 8.534245028950472e-05 9.010089322507127e-05 0
712 8.712798619567808e-05 8.655771900913124e-05 0
713 5.731544061829728e-05 9.349322806251094e-05 0
714 3.921463908475031e-05 1.196503236981039e-05 0
715 4.103371589729333e-05 1.373372030539617e-05 0
716 4.370584285817787e-05 1.287323971594587e-05 0
717 4.307142251002249e-05 1.54172978987137e-05 0
718 4.577392834915722e-05 1.444647929578761e-05 0
719 4.526023562802833e-05 1.720961370887052e-05 0
720 4.790497689859293e-05 1.616091562017556e-05 0
721 4.835224786332793e-05 1.342306922328686e-05 0
722 5.045424944079922e-05 1.508854713821534e-05 0
723 5.69871247882714e-05 1.052393389920212e-05 0
724 5.876356725034665e-05 1.188584999943836e-05 0
725 5.673033556274459e-05 1.273697720413391e-05 0
726 5.867982533409481e-05 1.423775410383356e-05 0
727 5.650793560256683e-05 1.51218045334442e-05 0
728 5.008008232050512e-05 1.777289776087126e-05 0
729 1.96451667868669e-05 4.728051262596938e-05 0
730 6.696850597166871e-05 1.187264806381448e-05 0
731 7.768251860962969e-05 5.197686929112252e-05 0
732 7.361393060658955e-05 4.827167114203951e-05 0
733 7.930332764628078e-05 4.645830706763779e-05 0
734 3.311287692249011e-05 3.966698490149717e-05 0
735 6.451701630707733e-05 6.609773165522947e-05 0
736 4.747122673421976e-05 9.319648772482473e-05 0
737 5.85548052821006e-05 1.686431009172773e-05 0
738 6.087245394179265e-05 1.563912051259504e-05 0
739 5.53468912134276e-05 1.775564834655697e-05 0
740 5.900989778285664e-05 3.419061213543902e-05 0
741 5.994933835646554e-05 9.303243279637133e-05 0
742 8.576194818581373e-05 2.708004133200859e-05 0
743 3.452450829152527e-05 7.946738623208362e-05 0
744 3.402876180944259e-05 6.941306830313479e-05 0
745 7.269714996046341e-05 5.219078674896036e-06 0
746 7.407384339367675e-05 6.753857545718462e-06 0
747 1.761721211689708e-05 5.328956080196559e-05 0
748 9.027002035601115e-05 1.548778813191371e-05 0
749 9.332822988212404e-05 1.418269238856939e-05 0
750 3.833685281365396e-05 1.458182305164183e-05 0
751 6.091855247692613e-05 1.852423127414273e-05 0
752 3.743960732575111e-05 5.427438216660013e-06 0
753 9.338947588532607e-05 1.08839538383148e-05 0
754 5.479813955871208e-05 1.127632402118768e-05 0
755 6.664559974823276e-05 5.521088395513509e-05 0
756 2.959351724036898e-05 3.563162034270827e-05 0
757 2.430018109247209e-05 3.642904478279465e-05 0
758 5.709985267149252e-05 5.660236765051594e-05 0
759 3.505857074176142e-05 1.593724363007232e-06 0
760 3.40663762800922e-05 1.598815047204926e-06 0
761 6.565388618510025e-05 2.882644512520738e-06 0
762 1.789310952652096e-06 3.084601915409428e-06 0
763 3.712704137883832e-05 4.419862987313975e-05 0
764 8.078759125659384e-05 2.009054287192885e-05 0
765 6.966947528854578e-05 3.938914513896912e-06 0
766 6.784229663012048e-05 1.972344373903254e-06 0
767 6.261840201203402e-05 5.248123484584022e-07 0
768 8.246681950667853e-05 7.955341980313663e-05 0
769 6.061943701326262e-05 5.734428384994449e-07 0
770 6.437607406676533e-05 8.649419338622904e-05 0
771 5.044055531069583e-05 4.264777794269065e-06 0
772 5.038700632718256e-05 3.187879012394893e-06 0
773 4.971216319702295e-05 2.667772965758619e-06 0
774 5.044263181222102e-05 2.25261626957171e-06 0
775 4.981020411888309e-05 1.976295555041775e-06 0
776 4.919915980379869e-05 2.176355447209163e-06 0
777 4.933067564599375e-05 1.594309316442273e-06 0
778 4.877818210460508e-05 1.779224213732212e-06 0
779 5.026996286395294e-05 1.681803281960935e-06 0
780 5.100845412482115e-05 1.968779125251736e-06 0
781 5.097047967336498e-05 1.387188998992899e-06 0
782 5.141156803594905e-05 1.648674620861204e-06 0
783 5.140539486248223e-05 1.115431964374069e-06 0
784 5.181174959485439e-05 1.366499635039032e-06 0
785 5.187010994233029e-05 1.903178375995074e-06 0
786 5.229575954416189e-05 1.613569856815987e-06 0
787 4.883982050298139e-05 1.239828058029437e-06 0
788 4.839119829740849e-05 1.437266988897536e-06 0
789 4.92611779307491e-05 1.107338171138094e-06 0
790 4.897310305031133e-05 8.656575994999237e-07 0
791 4.927576686416652e-05 7.489887976306773e-07 0
792 4.95635136982074e-05 9.340750922614748e-07 0
793 4.95520009673442e-05 5.908555175022198e-07 0
794 4.827435762316981e-05 1.920199559244929e-06 0
795 4.792731001696568e-05 1.562900474582979e-06 0
796 5.238171537941798e-05 2.167638387835891e-06 0
797 5.288580035174906e-05 1.74357892432951e-06 0
798 5.295564149233371e-05 2.456373221545884e-06 0
799 5.348302442339342e-05 2.049822748600581e-06 0
800 5.344345795933043e-05 1.431476800103711e-06 0
801 5.398180135006694e-05 1.662691276955838e-06 0
802 5.17911388879901e-05 9.165336413597114e-07 0
803 5.186502000855038e-05 2.519201802762795e-06 0
804 5.104794874346373e-05 8.753952636043127e-07 0
805 5.387937112045721e-05 1.114410883064241e-06 0
806 5.442352793139025e-05 1.236010448320077e-06 0
807 5.135553012369364e-05 7.358185216385176e-07 0
808 5.097184738801935e-05 5.0096578638206e-07 0
809 4.80544608440744e-05 1.144459992118989e-06 0
810 4.759437849206497e-05 1.223796071758162e-06 0
811 4.745969542474098e-05 1.671217808417212e-06 0
812 4.709175934942121e-05 1.256272060442286e-06 0
813 4.698267182240597e-05 1.744396355841383e-06 0
814 4.663274641136928e-05 1.396271038581062e-06 0
815 4.647446087251027e-05 1.857185263273596e-06 0
816 4.610629903091444e-05 1.399817862905412e-06 0
817 4.595165900980606e-05 1.960708908403078e-06 0
818 4.55652416966465e-05 1.534916182559169e-06 0
819 4.769382566454768e-05 7.369717913710446e-07 0
820 4.537996462022178e-05 2.089441765290844e-06 0
821 4.497228876746707e-05 1.552175318134869e-06 0
822 4.634696318872637e-05 9.932219464738352e-07 0
823 4.47921547240871e-05 2.222061156264213e-06 0
824 4.153923555738273e-05 1.466043992398975e-06 0
825 4.113609956190089e-05 1.935157110835707e-06 0
826 4.181923513361538e-05 2.096341447141927e-06 0
827 4.124295804439757e-05 2.73623913041143e-06 0
828 4.436556205910743e-05 1.727661449673881e-06 0
829 4.415758568560176e-05 2.410019240554668e-06 0
830 4.373524409657803e-05 1.819442946174862e-06 0
831 4.223458639743391e-05 2.897764833921775e-06 0
832 4.032766370845524e-05 1.829701153017362e-06 0
833 4.225712770782974e-05 1.509126180941789e-06 0
834 4.451830061400031e-05 1.21737732881592e-06 0
835 4.578963708912736e-05 2.568350164029106e-06 0
836 4.15678967816228e-05 3.59788089990249e-06 0
837 4.049670707318376e-05 3.415296923053317e-06 0
838 4.084673724951005e-05 4.476809263103412e-06 0
839 4.985887185746704e-05 7.674670300154719e-07 0
840 4.407834287586956e-05 4.081690757020471e-07 0
841 4.903860112297773e-05 5.470393091597791e-07 0
842 4.875197086532671e-05 6.447302504850026e-07 0
843 4.881878999819556e-05 4.172694316252566e-07 0
844 5.452014839776562e-05 1.863928641098447e-06 0
845 5.493249954250364e-05 1.405666527237817e-06 0
846 4.984790993309171e-05 1.077412073978311e-06 0
847 5.013567648187266e-05 9.367292919592197e-07 0
848 5.341925246823719e-05 8.622959162877381e-07 0
849 5.379699889735779e-05 6.290014462240319e-07 0
850 1.271622892924476e-05 9.325879897165515e-05 0
851 9.846505069073804e-06 9.094716312684261e-05 0
852 8.429604024533677e-05 1.873804118199376e-05 0
853 3.658111327150588e-05 9.35977633299087e-05 0
854 3.384542698196462e-05 9.44075552477383e-05 0
855 3.129318656405887e-05 9.26473839199685e-05 0
856 6.770490324496765e-05 2.396623988830018e-07 0
857 5.075511576706119e-05 1.244308634223694e-05 0
858 5.9981056200969e-06 2.876276165411764e-05 0
859 2.070861781077643e-05 6.303011215725615e-05 0
860 6.424124595056514e-05 4.691279331053693e-05 0
861 6.538397582964511e-05 4.227385244758484e-05 0
862 7.476871613789599e-05 4.918330376927399e-06 0
863 7.607008815633216e-05 6.472205790685374e-06 0
864 7.53288134591214e-05 8.323671423452592e-06 0
865 7.68428680381092e-05 4.644821390636131e-06 0
866 6.026493430589104e-05 5.998055698459992e-05 0
867 5.358149864331569e-05 2.776425052748316e-06 0
868 2.403395811024655e-06 9.82625835232843e-05 0
869 1.883851049475038e-05 9.372800650340671e-05 0
870 2.212008230916272e-05 9.296681286964297e-05 0
871 2.622775751287615e-05 3.09418659827334e-05 0
872 2.046227652608755e-05 3.214064631216547e-05 0
873 1.809868380916869e-05 3.690333862524387e-05 0
874 5.0095504148697e-05 8.538187334584656e-05 0
875 7.052974551298662e-05 9.373089718010015e-05 0
876 7.3747241470807e-05 9.391897804114841e-05 0
877 3.659549425333339e-05 9.155847153606774e-06 0
878 1.400391018546048e-05 8.046838159939649e-05 0
879 1.479390134737532e-05 7.609998412936669e-05 0
880 7.396039523374759e-05 3.558994477136311e-05 0
881 6.068971479087886e-05 7.253462255371243e-05 0
882 5.505953129452358e-05 2.001298519112861e-06 0
883 5.085373905678027e-05 2.179095059168676e-07 0
884 9.735180705844721e-05 9.799398553345871e-05 0
885 3.836743216140111e-05 8.65049592204938e-08 0
886 8.38266234410555e-05 9.380341891579484e-05 0
887 8.724145582557168e-05 9.312121166285394e-05 0
888 8.040166192248433e-05 9.408084511884755e-05 0
889 3.969285163635117e-05 4.183374271794505e-06 0
890 5.300324972849568e-05 1.168951035934091e-06 0
891 1.278314185255373e-05 4.896482282578486e-05 0
892 7.728600333333937e-05 8.029240547274386e-06 0
893 7.577311855471945e-05 7.164544747156841e-05 0
894 6.938458068400129e-05 9.093222341519288e-06 0
895 6.962692519116633e-05 8.008570198060957e-07 0
896 4.346966144493217e-05 2.512235601956649e-06 0
897 7.650659194399769e-05 9.869068113196362e-06 0
898 4.254571104619224e-05 3.881195960999205e-06 0
899 1.115624030711898e-05 7.988742668005138e-06 0
900 7.830823038655564e-06 8.702274159395399e-06 0
901 9.013031459340483e-06 6.741868802513074e-06 0
902 6.610711923001304e-06 1.094723174526261e-05 0
903 5.09316597663924e-06 9.02970388013722e-06 0
904 6.256303423979267e-06 7.146195084988242e-06 0
905 4.450462295587308e-05 2.307767641490152e-07 0
906 4.729645705656156e-05 2.196078662928869e-06 0
907 3.44992102076415e-05 2.419879208683254e-06 0
908 3.342918703629821e-05 2.273899718760107e-06 0
909 6.769810741471387e-05 3.224081024827213e-06 0
910 6.643948265890342e-05 3.736910962380273e-06 0
911 5.717585032279072e-05 4.1140227389247e-05 0
912 5.564215558217703e-06 7.702213865904891e-05 0
913 4.684640590977901e-05 7.568693709518218e-06 0
914 4.929492515765889e-05 4.871303570610176e-07 0
915 4.948870649485586e-05 2.962227404187167e-07 0
916 3.350196426306111e-05 5.472969653857424e-07 0
917 9.253918299524361e-06 9.43223567128679e-05 0
918 4.06486694582152e-05 6.158430840456622e-05 0
919 3.942056110807402e-05 2.97091281374823e-06 0
920 4.843236022507336e-05 1.031456067097648e-06 0
921 6.566332744213474e-05 1.355635929867337e-05 0
922 4.832776963510161e-05 2.999293340282491e-06 0
923 5.072246478205795e-05 7.031834629475844e-07 0
924 5.261765428957348e-05 1.414478645416106e-05 0
925 6.221534787016631e-05 1.152923941072233e-05 0
926 3.160026752842081e-05 9.703931786138131e-07 0
927 3.108272920995739e-05 1.803061121666222e-06 0
928 2.983850963558508e-05 1.749353634478353e-06 0
929 3.042403075012429e-05 2.974458493959284e-06 0
930 2.888222911090451e-05 2.859753734660367e-06 0
931 2.96486494199411e-05 4.383453956663624e-06 0
932 2.783238535109735e-05 4.267534795499337e-06 0
933 2.872815428400486e-05 5.944857576661937e-06 0
934 2.674284322237623e-05 5.85237392932317e-06 0
935 2.76281412350581e-05 7.61276749810377e-06 0
936 2.564574690938362e-05 7.508658166700609e-06 0
937 2.475259379259708e-05 5.720853005464179e-06 0
938 2.365257280504441e-05 7.391626384228291e-06 0
939 2.275591691505553e-05 5.60412863569123e-06 0
940 2.165653551444215e-05 7.274874057816612e-06 0
941 2.076219413282374e-05 5.439605557107611e-06 0
942 1.96600747554403e-05 7.158164716081582e-06 0
943 1.876609516938119e-05 5.314940938726385e-06 0
944 1.766374420171008e-05 6.989199342127847e-06 0
945 1.681408924269292e-05 5.219602978638188e-06 0
946 1.788956899167409e-05 3.497597275884474e-06 0
947 2.042879050479992e-05 9.417172957153485e-06 0
948 3.840484303933126e-05 5.490534707470707e-07 0
949 3.886006063317683e-05 7.617558227893452e-07 0
950 3.231540682005734e-05 2.649835200204818e-07 0
951 5.300384867032047e-05 7.751546608268581e-07 0
952 9.003911094155574e-05 3.104537284941454e-05 0
953 5.160839047182962e-05 2.069466512272949e-07 0
954 4.742611555511982e-05 2.167172601401348e-07 0
955 4.722696655155498e-05 3.937201183768792e-07 0
956 4.700386092664167e-05 3.620865124881094e-07 0
957 4.708404466114318e-05 5.943135602995361e-07 0
958 4.68597679275536e-05 5.523755605267915e-07 0
959 8.269732836776169e-05 3.812139746700797e-05 0
960 5.266744582440122e-05 9.648979080189567e-07 0
961 6.324187346556289e-05 1.711234916522457e-05 0
962 8.595602875345905e-05 9.591968575419947e-05 0
963 5.936182387265712e-05 2.118635658249664e-06 0
964 6.153268051563375e-05 8.650495922012702e-08 0
965 6.157192439706747e-05 3.353014183765421e-07 0
966 6.133612644218318e-05 5.625763442780421e-07 0
967 6.177037925141192e-05 6.827474526403222e-07 0
968 5.902375528972595e-05 9.528405203203355e-05 0
969 6.165224362291184e-05 9.473805569849138e-05 0
970 4.856676664869971e-05 4.558709429510449e-07 0
971 9.661139789821145e-05 1.594642625119092e-05 0
972 6.200065563635643e-05 2.302079885064422e-06 0
973 5.294532821505453e-05 2.4638084064207e-07 0
974 5.308283629595317e-05 2.712999321623635e-07 0
975 5.913114367873846e-05 1.491038479366248e-06 0
976 5.592640908884488e-05 3.183829088478127e-07 0
977 5.55829967287785e-05 5.718641055626639e-07 0
978 5.601999916792537e-05 6.940475688552938e-07 0
979 5.573538160298829e-05 1.037348251812458e-06 0
980 5.625930284500944e-05 1.091765399305841e-06 0
981 5.521765289019764e-05 5.646580475064814e-07 0
982 1.890445661342185e-05 1.230057069048152e-05 0
983 3.157024052172197e-05 2.831762853057972e-06 0
984 4.523234816490441e-05 1.074776404794497e-06 0
985 4.488044899955507e-05 7.18374038700369e-07 0
986 4.569683130216315e-05 1.081280115290328e-06 0
987 4.693525368489785e-05 8.382883904336983e-07 0
988 5.118195588472827e-05 1.452223669272975e-07 0
989 3.923138407260468e-05 9.297234496488504e-05 0
990 3.854817519332609e-05 9.56737514076265e-05 0
991 4.073681985055256e-05 9.493038254111454e-05 0
992 5.142475689386043e-05 4.528418168806401e-07 0
993 5.180391200165767e-05 3.771310475905535e-07 0
994 5.801572687723787e-05 3.91069179771415e-07 0
995 1.135990042239889e-05 5.675180381854717e-05 0
996 7.51153986230112e-05 9.074524528410318e-05 0
997 6.237533284451047e-05 9.607106145780114e-07 0
998 4.003006447252987e-05 5.556216453572175e-06 0
999 5.938260209984385e-05 6.444593038815604e-05 0
1000 4.909904703436314e-05 1.385295635180346e-07 0
1001 5.599254208048265e-05 1.550936822464215e-06 0
1002 7.283354541511472e-05 1.485694304889713e-06 0
1003 7.166615502474872e-05 2.593501832625776e-06 0
1004 1.582863705525011e-05 9.533035685198333e-05 0
1005 4.748040226446752e-05 4.449399643130819e-07 0
1006 5.294935805382195e-05 8.47291071032724e-05 0
1007 6.343826119334107e-05 9.83578688269295e-07 0
1008 9.307640562044565e-05 8.137669691312614e-05 0
1009 6.34516261028291e-05 1.981066427365553e-05 0
1010 3.232713663178409e-05 8.590189202748823e-07 0
1011 9.447601895026796e-06 8.674626215439924e-05 0
1012 3.964148229827908e-05 4.912656616448481e-05 0
1013 4.614417372896743e-05 2.143167465982423e-07 0
1014 4.637558728213255e-05 4.980060302139027e-07 0
1015 9.28687711326699e-05 1.789714745395975e-05 0
1016 9.172276701577339e-05 2.197243813429372e-05 0
1017 5.422884877443981e-05 7.613350075075811e-07 0
1018 2.483371945275945e-05 8.51963737349999e-05 0
1019 2.558630353675607e-05 8.893791519414113e-05 0
1020 4.397592152598026e-05 1.281367466033979e-06 0
1021 4.337578207911259e-05 1.279229411704492e-06 0
1022 4.303046397402955e-05 1.800018053709329e-06 0
1023 1.354097456869115e-05 3.133178582859996e-05 0
1024 9.138799278673391e-05 9.169176277096683e-06 0
1025 9.345051613824916e-05 8.260523395025346e-06 0
1026 9.162561867081704e-05 7.048240045389508e-06 0
1027 9.338285611679788e-05 6.056413984877023e-06 0
1028 9.165634734024935e-05 5.091897081871877e-06 0
1029 9.517304969957374e-05 7.070119830238378e-06 0
1030 9.500684666834981e-05 5.010081389414691e-06 0
1031 8.959260220335423e-05 6.158785080434955e-06 0
1032 8.988775650540518e-05 3.741775443320894e-06 0
1033 8.789223606536833e-05 4.946338357036286e-06 0
1034 5.942680056846921e-05 9.954869996118957e-07 0
1035 5.642896744102759e-06 8.847831972248913e-05 0
1036 5.844492957015011e-06 2.290974655148517e-05 0
1037 2.392141631620434e-05 3.799700460849791e-06 0
1038 4.886443385377929e-05 1.062825216767792e-05 0
1039 6.952691290913309e-05 1.351349442971235e-05 0
1040 2.84546414238231e-05 9.084374319016849e-05 0
1041 4.638399985038295e-05 1.181465020261415e-05 0
1042 4.197615412551718e-05 2.623231996970873e-07 0
1043 4.209245931692476e-05 5.969567743495045e-07 0
1044 4.249771827557058e-05 6.008957037066211e-07 0
1045 9.628126511378322e-05 9.347063376517723e-05 0
1046 9.290138080911314e-05 9.126829894934074e-05 0
1047 4.726523079857317e-05 8.65341196766133e-07 0
1048 8.436640850431832e-05 5.091021669152441e-05 0
1049 9.137522381321048e-05 5.644337463016383e-05 0
1050 9.368205056222509e-05 6.419160505942252e-05 0
1051 8.560547868749786e-05 7.06831111772082e-05 0
1052 9.586976970614607e-05 1.234603967490656e-05 0
1053 3.849188226580118e-05 3.904120771819942e-05 0
1054 6.530078031278096e-05 1.152266061394697e-06 0
1055 5.634111878146853e-05 9.618661320310287e-05 0
1056 5.438641229531721e-05 2.439007634930047e-05 0
1057 5.163854281471361e-05 2.220198266074758e-05 0
1058 4.794871050094166e-05 2.232495935038474e-05 0
1059 5.734277776271042e-05 8.607895243487513e-05 0
1060 6.00577187717173e-05 8.547948397092062e-05 0
1061 4.624339761302974e-05 2.622662375110793e-05 0
1062 2.71925810257358e-05 2.602188089816836e-06 0
1063 6.092446665232453e-05 8.216899462468509e-05 0
1064 6.745751480565109e-05 9.433028849296987e-05 0
1065 4.695325098198842e-05 1.365724377019126e-07 0
1066 4.682462879984565e-05 2.767520943603162e-07 0
1067 6.538726675031996e-05 8.299628337241463e-05 0
1068 4.4778433970001e-05 3.321714120707412e-07 0
1069 4.451304152136847e-05 5.685298613428056e-07 0
1070 4.813884050863318e-05 7.96153316559482e-07 0
1071 3.57374764824865e-05 1.112509160344222e-06 0
1072 4.899799189194815e-05 3.269790638930554e-07 0
1073 6.371681172193435e-05 4.435835566459078e-07 0
1074 5.06866339661359e-05 1.033572280066374e-06 0
1075 3.517882181743997e-05 3.475608253833702e-05 0
1076 7.520445664827981e-05 4.1812366183476e-05 0
1077 3.277292442246981e-05 7.367919874750042e-05 0
1078 3.753117735560926e-05 7.288267369326575e-05 0
1079 3.120138342066271e-05 9.540092640133904e-05 0
1080 3.614049148896773e-05 6.417028302391899e-05 0
1081 9.573620484498462e-05 9.489971301677382e-06 0
1082 5.225798923233843e-05 1.090448748502534e-06 0
1083 5.217297889743542e-05 7.165597636940358e-07 0
1084 4.587872213429534e-05 3.766251556692551e-06 0
1085 6.353355335655844e-05 8.968265076038809e-05 0
1086 3.871983368744269e-05 6.856036115371014e-05 0
1087 5.122752962212155e-05 3.944799941446792e-07 0
1088 2.827556922634927e-05 1.172109628573938e-05 0
1089 9.291196330401135e-05 9.475026536039217e-05 0
1090 8.140569966265442e-06 1.396954679701594e-05 0
1091 1.025408038134543e-05 1.741472404031033e-05 0
1092 4.400526469740868e-05 3.240386621918296e-06 0
1093 1.833638869171969e-05 9.116162609418374e-06 0
1094 6.439668007034846e-05 9.436362547647822e-05 0
1095 7.324897447508263e-05 3.119533439268017e-06 0
1096 2.107859161348308e-06 1.316891971849343e-05 0
1097 4.507940147957199e-05 9.385959936747599e-05 0
1098 4.669128342155996e-05 9.57930260193233e-05 0
1099 4.920218288141815e-05 9.503709534111316e-05 0
1100 4.420304633891741e-05 9.627145018532751e-05 0
1101 5.018453852753309e-05 9.256038385545184e-05 0
1102 5.191775259910246e-05 9.434516621356931e-05 0
1103 5.463472807828736e-05 9.39584091165217e-05 0
1104 4.464707494585515e-05 2.313099078208668e-05 0
1105 5.116244614934044e-05 2.708645226002103e-06 0
1106 5.129061136705959e-05 3.672666833523575e-06 0
1107 6.181303359547692e-05 1.250210277570281e-06 0
1108 3.053980406198235e-05 6.084547504904693e-06 0
1109 4.060026601194762e-05 9.03571768312571e-05 0
1110 3.452121980036279e-05 4.333849578837266e-07 0
1111 7.688330244201802e-05 9.349599610855267e-05 0
1112 3.617104389721047e-05 6.805752983589757e-07 0
1113 6.061086729652938e-06 9.220691992654087e-05 0
1114 5.984773505025973e-05 4.008349063877715e-06 0
1115 2.525597723037573e-05 9.236110177371664e-05 0
1116 2.828589451516459e-05 9.426226023599249e-05 0
1117 2.554460705973317e-05 9.52516707053124e-05 0
1118 8.928111863263844e-05 9.021074140224729e-05 0
1119 5.009498568338238e-05 7.855679833115884e-05 0
1120 4.965046841908983e-05 8.109030515194569e-05 0
1121 4.696162986438976e-05 7.996556404124706e-05 0
1122 4.339971410836896e-05 8.056364618775983e-05 0
1123 4.096565060926968e-05 7.814613651976355e-05 0
1124 4.795066700394981e-05 5.709756350942069e-07 0
1125 5.680745435378061e-05 9.39818524373901e-07 0
1126 3.853377395752999e-05 8.240346729523923e-06 0
1127 6.027502550700116e-05 8.928002151379565e-07 0
1128 2.122052802246495e-05 9.59388997016431e-05 0
1129 5.10728305955596e-05 2.758070615878097e-07 0
1130 4.199374537352008e-05 7.136568930496295e-05 0
1131 5.483600718899769e-05 1.002290719494883e-06 0
1132 3.549635599218945e-05 1.621427084270246e-05 0
1133 3.863937454908039e-05 1.853757579684639e-05 0
1134 4.772783926812234e-05 7.621379474545888e-05 0
1135 5.88783607986561e-05 9.014657452822024e-07 0
1136 5.576670986000837e-05 3.057196879881555e-06 0
1137 1.298861761100258e-05 9.622224838868911e-05 0
1138 9.506480387132424e-05 2.695371465672711e-05 0
1139 5.94107489821927e-05 2.985563898130858e-06 0
1140 4.247745261268783e-05 1.827926019125216e-05 0
1141 6.263601589433254e-05 9.238248451573459e-05 0
1142 6.007756539653732e-05 5.096469708791998e-06 0
1143 4.129215425686447e-05 4.227935069188117e-05 0
1144 5.466314422989812e-05 6.479294632676212e-05 0
1145 5.856328319528843e-06 9.544474115022426e-05 0
1146 2.300149759551198e-05 1.880782104644287e-06 0
1147 5.834236278389044e-05 9.749577860621199e-05 0
1148 6.567078527860148e-05 6.596216001636646e-07 0
1149 6.560162119355442e-05 6.085204788487788e-05 0
1150 6.130496379312153e-05 3.844603709551935e-05 0
1151 6.644095262354876e-05 3.750642769216696e-05 0
1152 4.487291413977284e-05 6.003227998546442e-05 0
1153 6.120424444281472e-05 9.528083436861991e-06 0
1154 6.673870525934831e-05 2.074905946526174e-05 0
1155 3.329106382886181e-05 9.682994294664708e-05 0
1156 3.844954658195998e-06 1.108844992633848e-05 0
1157 4.548839614810043e-05 8.056447859706803e-07 0
1158 4.580367515270215e-05 6.669624209183084e-07 0
1159 5.363052567522644e-05 9.618961779422497e-05 0
1160 3.858698040724867e-05 3.611388009982064e-06 0
1161 4.434104300921818e-05 7.718989316139038e-05 0
1162 7.135931718321937e-05 8.869281907547344e-06 0
1163 7.334435172119647e-05 8.605194731023683e-06 0
1164 4.085713928039296e-05 3.514060881465736e-05 0
1165 9.527661208259128e-05 1.787080709240623e-06 0
1166 3.161617841559208e-05 8.953001902665847e-05 0
1167 2.186999502983212e-05 3.732062904382167e-06 0
1168 1.987639381304613e-05 3.525807282562245e-06 0
1169 7.799472209468107e-05 6.165810809140857e-06 0
1170 7.882714080506598e-05 4.380520580813958e-06 0
1171 8.010354853255757e-05 6.191646203703014e-06 0
1172 8.08052359665647e-05 4.059673527333732e-06 0
1173 8.219839004129234e-05 5.597242138131774e-06 0
1174 8.271352128414612e-05 3.481444347447832e-06 0
1175 2.269598873328701e-05 9.397415544724829e-06 0
1176 2.455050157632938e-05 9.178980685983742e-06 0
1177 2.652053842771658e-05 9.50599851124465e-06 0
1178 8.104122905170978e-05 1.981618375226271e-06 0
1179 8.471936703273296e-05 2.89401332018992e-06 0
1180 8.435359764031596e-05 5.213743771973468e-06 0
1181 8.624636318377808e-05 4.09732461791243e-06 0
1182 8.606030395201353e-05 6.088901814978437e-06 0
1183 7.682400136296371e-05 1.626824143553151e-06 0
1184 7.002301052764586e-06 1.728108996721082e-06 0
1185 6.004167261413824e-06 3.458706416409123e-06 0
1186 3.988723269740552e-06 3.386775850324238e-06 0
1187 5.003790910019415e-06 5.193697998487487e-06 0
1188 6.971241735917997e-06 5.122159793964569e-06 0
1189 4.093863789468977e-06 7.065248059062826e-06 0
1190 3.00268775409092e-06 5.051435030815244e-06 0
1191 2.933592182948417e-06 8.844953978645164e-06 0
1192 8.900000000002658e-05 1.732050807560071e-06 0
1193 1.099992818379695e-05 1.731977752468961e-06 0
1194 9.998164004015624e-06 3.421639691171582e-06 0
1195 1.199968203131927e-05 3.457012451962372e-06 0
1196 1.108321862642856e-05 5.068973844952616e-06 0
1197 1.299305064995274e-05 5.071895131897461e-06 0
1198 1.396706664448093e-05 3.42389575586168e-06 0
1199 1.69691075723268e-05 1.720622089319565e-06 0
1200 9.100000000002436e-05 1.73205080755757e-06 0
1201 1.299266224904807e-05 1.72312619616049e-06 0
1202 7.561980465506472e-05 9.579326287812516e-05 0
1203 7.446350708466532e-05 1.024858767294179e-05 0
1204 2.592178920812143e-05 4.031842030623694e-06 0
1205 7.994783203104017e-06 3.401777492604545e-06 0
1206 4.69391263540319e-05 9.540322829985612e-06 0
1207 6.195874181232818e-05 6.50738034263772e-06 0
1208 9.295478088401494e-05 3.783032799591113e-05 0
1209 6.148581497169404e-05 5.52092331790373e-05 0
1210 3.923281599687004e-05 3.914390957410139e-07 0
1211 3.957249743621666e-05 9.440281478947644e-07 0
1212 3.898371735317438e-05 1.391758589156158e-06 0
1213 3.963023065259809e-05 1.624644907179741e-06 0
1214 3.571952577159705e-05 9.613844329478817e-05 0
1215 4.88709204555048e-05 2.368894714914828e-07 0
1216 4.870066769154742e-05 2.532694166495759e-07 0
1217 4.848915472799203e-05 2.801264231344056e-07 0
1218 4.841851487832155e-05 6.656122034339719e-07 0
1219 3.991362364457916e-05 3.924809793623295e-07 0
1220 6.876493806376819e-05 2.803909387040903e-06 0
1221 2.900159501016823e-05 9.660463795389994e-05 0
1222 9.81305337049467e-05 8.691991791675439e-06 0
1223 9.836871713449638e-05 4.768426090158191e-06 0
1224 6.515151218626639e-05 4.048686111790238e-06 0
1225 5.322316365895871e-05 5.804917567296334e-07 0
1226 5.013985763427357e-05 6.243614117926619e-07 0
1227 4.986559961105665e-05 4.370105819920488e-07 0
1228 6.742247837807334e-05 4.633941347052906e-06 0
1229 6.747831146275349e-05 9.417141942682736e-06 0
1230 6.889531162281319e-05 1.523383802722299e-06 0
1231 3.689027242341259e-05 8.210321528361027e-05 0
1232 4.523972962960422e-05 2.064411029774725e-07 0
1233 4.506914165064544e-05 4.245387544818478e-07 0
1234 5.299999999987785e-05 9.82679491924271e-05 0
1235 8.861944380023732e-05 9.563201499490848e-05 0
1236 9.099999999997875e-05 9.664328989583232e-05 0
1237 9.523824621625596e-05 9.641271312075254e-05 0
1238 4.755580321497561e-05 1.900013617917118e-05 0
1239 6.502555379814781e-05 2.116405938853654e-06 0
1240 3.848616233843677e-05 3.200159240290478e-05 0
1241 1.894989710411998e-05 1.751984534529129e-06 0
1242 5.402532805136165e-05 5.364343812414295e-05 0
1243 4.397832333576348e-05 6.40335355266912e-05 0
1244 5.401163622968332e-05 3.629744743910695e-06 0
1245 3.615359697513423e-05 1.21254362159549e-05 0
1246 3.909398210362771e-05 2.11594248129032e-06 0
1247 4.961746758288365e-06 1.395027434747366e-05 0
1248 5.112590610699311e-05 3.597857459058735e-05 0
1249 7.252522341557456e-05 1.020026284825635e-05 0
1250 1.928407665338967e-05 6.853454195161408e-05 0
1251 1.591895330486568e-05 3.452851695617136e-06 0
1252 4.921650583997238e-05 9.825769869215046e-05 0
1253 4.512623260912065e-05 9.81324391407623e-05 0
1254 4.305946987198339e-05 9.821763345604864e-05 0
1255 8.464606532640148e-05 1.481947060763512e-05 0
1256 5.48649378994204e-05 2.108126244349179e-05 0
1257 3.318936748113855e-05 1.216654390189115e-06 0
1258 5.304433310845339e-05 6.842705241875614e-05 0
1259 6.996732955718427e-05 2.111414410318819e-06 0
1260 4.729475757808579e-05 8.578480715829829e-05 0
1261 6.997423976586828e-05 3.967509657973373e-05 0
1262 5.469624066433874e-05 8.675275793180274e-05 0
1263 3.229552617416615e-05 1.701895682600082e-06 0
1264 4.183567461569894e-05 9.941994052270599e-07 0
1265 5.261164915974889e-05 1.670289407750699e-05 0
1266 3.095025752890722e-05 3.10018105210098e-05 0
1267 3.033878507441742e-06 1.595393379515071e-06 0
1268 3.410943077854444e-05 5.18013546219895e-07 0
1269 4.359001354450185e-05 4.032592677791577e-06 0
1270 2.959225021996676e-05 7.757528430636368e-06 0
1271 2.854454808214287e-05 9.40836417231511e-06 0
1272 3.054937546146083e-05 9.815778899836613e-06 0
1273 4.66609665348633e-05 7.321482081206943e-07 0
1274 9.328233869413484e-05 4.136916422075337e-06 0
1275 6.086122032003935e-05 1.036631132469893e-06 0
1276 6.306684130746768e-05 9.854778398344392e-05 0
1277 5.041309930134138e-05 8.167392857879364e-07 0
1278 5.75431084454649e-05 7.372515569378789e-05 0
1279 7.346382563660756e-05 8.769726292266735e-05 0
1280 4.411404894377717e-05 4.878574758982468e-05 0
1281 5.691909601506247e-05 6.810550605682927e-05 0
1282 1.571938324698317e-05 6.721497419069197e-06 0
1283 3.470892344438169e-05 4.917471927152625e-05 0
1284 6.889293802696377e-05 6.137287610530395e-07 0
1285 4.2787224444057e-05 1.2297318441272e-06 0
1286 4.309844562326113e-05 8.658328102539926e-07 0
1287 4.367012051689649e-05 7.97647005744725e-07 0
1288 5.294041951087446e-05 3.262433526892876e-06 0
1289 5.305856200114991e-05 4.266624319335366e-05 0
1290 5.37803564215878e-05 2.751433711065312e-07 0
1291 3.484366082570212e-05 9.827936122955161e-05 0
1292 3.913205542283199e-05 9.810954092615872e-05 0
1293 8.496869224919776e-05 8.290705249246759e-05 0
1294 5.014199679116594e-05 1.291061074245835e-06 0
1295 6.705246283875369e-05 9.823994158304921e-05 0
1296 9.84613509175523e-05 2.87066431358367e-06 0
1297 9.653078209117341e-05 3.588262673177384e-06 0
1298 4.772726449491544e-06 9.794339201538819e-05 0
1299 1.490055926458243e-05 5.070804342742743e-06 0
1300 9.005908802892471e-06 9.824177397981558e-05 0
1301 5.877046564999267e-05 2.038997521548306e-06 0
1302 4.24717415549193e-05 2.152931482573517e-06 0
1303 7.099999999992555e-05 9.826794919242658e-05 0
1304 7.192123712581728e-05 9.613120081175251e-05 0
1305 8.714224801599114e-05 9.799574430706973e-05 0
1306 8.499999999996291e-05 9.826794919242655e-05 0
1307 1.303371069083891e-05 9.853834781567476e-05 0
1308 8.099999999995219e-05 9.826794919242655e-05 0
1309 8.199999999995453e-05 9.621300015234726e-05 0
1310 7.497563438223041e-05 9.821947512951436e-05 0
1311 7.825443423461627e-05 9.594609125429013e-05 0
1312 1.899999999995766e-05 9.826794919243663e-05 0
1313 2.10441056044547e-05 9.849495961730323e-05 0
1314 1.480397632957837e-05 9.801001870046952e-05 0
1315 2.52256819693916e-05 9.776940682904112e-05 0
1316 5.495448776737125e-05 3.490181053359757e-05 0
1317 1.203673077073602e-05 6.672319596727606e-06 0
1318 7.901012920173944e-05 9.823837949026475e-05 0
1319 8.521441815219512e-05 5.73919835405864e-05 0
1320 4.05677920077968e-05 1.631123275003775e-05 0
1321 6.809147094396248e-05 5.026180358614705e-05 0
1322 9.668305755087827e-05 5.854833364224078e-06 0
1323 9.217498292614991e-05 8.67753817953628e-05 0
1324 8.378814465043519e-05 2.303130888376656e-05 0
1325 6.60592770703369e-05 3.927230590228918e-07 0
1326 6.565729883648225e-05 2.340142417656676e-07 0
1327 4.917019350679259e-05 8.216295868652576e-08 0
1328 4.140685318398664e-05 5.795320455386987e-06 0
1329 6.302799789556591e-05 3.356737694710156e-05 0
1330 5.542275638802669e-05 9.329729458500458e-06 0
1331 5.324378320959241e-05 9.586672366910811e-06 0
1332 7.122103027869752e-05 3.137160353487147e-05 0
1333 5.1256165459268e-05 1.029946759526069e-05 0
1334 4.264221340722657e-05 3.301677927385399e-07 0
1335 4.288252718562128e-05 2.511543688502395e-07 0
1336 1.464875382498973e-05 6.442949475357806e-05 0
1337 8.723841518112595e-05 7.810849690798235e-05 0
1338 7.80840852171229e-05 6.747884075469779e-05 0
1339 3.268828424924935e-05 2.7089782499008e-05 0
1340 6.941821995748505e-05 4.486793054158634e-05 0
1341 5.803400602430206e-05 1.982525905929682e-05 0
1342 6.183126710142237e-05 3.039448419779896e-07 0
1343 4.438093339773924e-05 1.057775074848038e-05 0
1344 4.254836766097378e-05 1.681880105778826e-07 0
1345 4.260412505583561e-05 7.844396778288515e-08 0
1346 4.487005660528974e-05 2.022390526808498e-05 0
1347 6.10072171555259e-05 3.706853977496149e-07 0
1348 5.806115905821857e-05 8.386229605516425e-07 0
1349 5.848153861017663e-05 5.827421050282999e-07 0
1350 5.459108771763838e-05 2.526924528190548e-06 0
1351 2.215862087079923e-05 5.744268701005171e-05 0
1352 5.823656725681096e-05 5.243120350206886e-05 0
1353 5.663151395750526e-05 1.495764698688967e-06 0
1354 7.714295969848235e-05 2.135440525648535e-05 0
1355 4.957284508313899e-05 1.290306209937211e-06 0
1356 5.523505673154023e-05 9.450790417657151e-07 0
1357 2.760283269639549e-05 2.168355530075657e-05 0
1358 2.62419762058538e-05 2.565415441337145e-05 0
1359 6.082250004806453e-05 9.034673455100983e-05 0
1360 4.862462817478785e-05 2.342948096757435e-06 0
1361 4.902495623005496e-05 2.816276342013576e-06 0
1362 5.640292913422249e-05 7.176479772016546e-07 0
1363 2.195419779277541e-05 4.1633817082721e-05 0
1364 5.564018906047156e-05 8.407819797570633e-05 0
1365 4.159578852035669e-05 7.493342299542767e-05 0
1366 4.286607209323943e-05 5.653898117050131e-07 0
1367 9.810184305547538e-05 1.308325994561204e-05 0
1368 5.861450890790122e-05 3.661481373986853e-06 0
1369 5.405548918872719e-05 2.315321619888921e-06 0
1370 5.069359550835783e-05 4.225951553491711e-07 0
1371 5.048679055771351e-05 2.446157588665944e-07 0
1372 5.572632499333398e-05 2.166498880906248e-06 0
1373 6.071336206800666e-05 2.151498238198893e-05 0
1374 6.595507362096993e-05 5.005414161263307e-06 0
1375 7.500708551260204e-05 7.597265336909798e-05 0
1376 1.799999999996014e-05 9.620724829318843e-05 0
1377 6.294620861704908e-05 8.667574007263102e-07 0
1378 9.03504123630516e-05 9.346983250218368e-05 0
1379 3.238434448888167e-05 6.138247087998915e-06 0
1380 1.542093247329236e-05 4.270574255127808e-05 0
1381 3.843578788998749e-05 1.766382493578858e-06 0
1382 4.476611117657005e-05 3.021097574777333e-06 0
1383 8.556080024998541e-05 4.263320722520746e-05 0
1384 9.681472168522875e-05 7.568541558519097e-06 0
1385 4.161382678182163e-05 5.24810565624793e-07 0
1386 9.020335824660328e-06 5.271243855171619e-06 0
1387 7.070857451417046e-05 1.083482384128891e-05 0
1388 5.322543662118814e-05 1.729235696156309e-07 0
1389 5.316036772572606e-05 7.065135436122006e-08 0
1390 6.281942203125751e-05 7.889440731925285e-06 0
1391 3.784065613490783e-05 7.893477964764896e-05 0
1392 6.466293012641511e-05 3.023387965522516e-06 0
1393 4.236481801113066e-05 9.692765501649112e-07 0
1394 8.80000000000288e-05 3.20559315857974e-06 0
1395 6.414503693868353e-05 7.101485019288615e-05 0
1396 3.708552442084536e-05 7.071457149751545e-06 0
1397 6.900157820532094e-05 9.650701879136837e-05 0
1398 5.598898658543299e-05 7.403480643801455e-06 0
1399 4.61403176715729e-05 6.774315202206624e-07 0
1400 5.089000266313556e-05 9.660306305223757e-05 0
1401 5.28407124064142e-05 1.183289217617251e-05 0
1402 6.134985730282806e-05 9.539377469993225e-07 0
1403 5.655393583582234e-05 5.756502585930622e-06 0
1404 5.299592124928762e-05 4.649789675586115e-07 0
1405 5.39866557157189e-05 3.863583691828105e-05 0
1406 9.000709996208765e-05 7.821123779701185e-06 0
1407 2.841542182833048e-05 1.519769387548456e-06 0
1408 3.808288605422551e-05 1.022761638922024e-05 0
1409 4.70571477104449e-05 8.272492918415713e-08 0
1410 4.664365307694087e-05 4.175961792448798e-07 0
1411 1.35270194413274e-05 8.519988345127234e-05 0
1412 1.517815379925853e-05 2.542226120296602e-05 0
1413 1.043236549360599e-05 2.543233279610392e-05 0
1414 6.154138982046669e-05 5.063396625554769e-06 0
1415 6.060215013302851e-05 1.302158936405526e-05 0
1416 6.31242143245233e-05 1.403203959920265e-05 0
1417 6.600837440823267e-05 9.631918980789119e-05 0
1418 1.927695401128677e-05 7.411896505710668e-05 0
1419 3.126466372351466e-05 4.389732025183085e-06 0
1420 9.17895666232653e-05 3.347053130954261e-06 0
1421 5.140136828752395e-05 4.593034205097127e-06 0
1422 3.194301762612813e-05 3.403183874998753e-07 0
1423 6.066203937860077e-05 6.885613207905003e-05 0
1424 7.590707102414309e-05 1.212746786978899e-05 0
1425 7.5675214469518e-05 3.229971288403109e-06 0
1426 5.015416071232699e-05 3.431567922232226e-07 0
1427 7.816127374612467e-05 9.049155407480166e-05 0
1428 4.426144087582049e-05 8.847144618853037e-07 0
1429 4.533491724894743e-05 8.471688810718405e-06 0
1430 1.330367774811527e-06 4.862031291727651e-06 0
1431 5.146351965219827e-05 2.149695830174583e-06 0
1432 2.267167334291888e-05 9.010238537188493e-05 0
1433 3.779738256989615e-05 2.072404172219189e-06 0
1434 4.767358376726591e-05 2.668180428540778e-06 0
1435 6.304357765673448e-06 1.76186282886015e-05 0
1436 2.164685092120217e-05 1.15645185231736e-05 0
1437 4.038746977051346e-05 2.518586681089005e-06 0
1438 4.779298531134965e-05 2.046436474556715e-06 0
1439 3.85102845193753e-05 7.59861903809911e-05 0
1440 8.214483024434691e-06 9.651080782344123e-05 0
1441 3.872096116025314e-05 4.910899783901053e-06 0
1442 3.871280624638974e-05 6.438830900930544e-06 0
1443 3.393702735973551e-05 3.418255994119506e-06 0
1444 4.788410665066004e-05 6.693019342800585e-06 0
1445 2.36699382146103e-05 2.294464496690175e-05 0
1446 5.236275358063809e-05 1.933217578450582e-05 0
1447 3.542223185784703e-05 2.297929986884236e-06 0
1448 9.629676419503055e-05 8.474381742128051e-05 0
1449 7.110173096258034e-06 4.425635402744396e-05 0
1450 4.524106342076344e-05 6.454524563770101e-07 0
1451 5.544688937422872e-05 1.517804673883219e-06 0
1452 4.918671070384414e-05 3.513298480196624e-07 0
1453 2.236648031264614e-05 2.754687344657994e-05 0
1454 6.126239455636242e-05 7.829293202523622e-06 0
1455 5.310568257871123e-05 7.712277305606968e-06 0
1456 6.303320933787049e-05 5.138196150244166e-05 0
1457 4.631872886175131e-05 2.38312578376692e-06 0
1458 3.842118440890318e-05 1.116179142472826e-06 0
1459 3.755177596029219e-05 4.020607806707488e-06 0
1460 4.700290082606276e-05 2.715526476260089e-06 0
1461 4.638156710988252e-05 3.126761481586201e-06 0
1462 2.906371764951206e-05 9.854377333936779e-05 0
1463 4.199511193296707e-05 4.686842317739734e-06 0
1464 8.737689842811557e-05 1.711983153609575e-05 0
1465 5.540307841876047e-05 6.148701999952648e-06 0
1466 9.666513211225287e-06 8.16897571173032e-05 0
1467 2.380911032396271e-05 9.625523449804466e-05 0
1468 4.050282459151371e-05 6.533752011526863e-05 0
1469 9.503038507943098e-05 9.840095433259477e-05 0
1470 9.728777811484746e-05 9.57955711944846e-05 0
1471 1.376539445522521e-05 6.699897246185087e-06 0
1472 1.284872260915688e-05 8.613836241682504e-06 0
1473 4.869216790743917e-05 9.000213861444513e-07 0
1474 4.819583945014965e-05 2.459565380112604e-07 0
1475 6.822405823192376e-05 1.109032850952392e-06 0
1476 5.262204893622925e-05 1.316289294720216e-06 0
1477 3.66370672939218e-05 5.647820559072414e-07 0
1478 5.197548675592316e-05 3.261654657460634e-06 0
1479 8.492952142889217e-05 1.284593627814327e-06 0
1480 4.177541157993236e-05 4.59348983336087e-05 0
1481 5.242365662941995e-05 2.733460319299616e-06 0
1482 7.978935614423482e-05 2.366822438913827e-05 0
1483 1.813749041121844e-05 2.827151031398737e-05 0
1484 4.018860335014879e-05 1.263722876603219e-06 0
1485 4.681504388785837e-05 2.179262508414171e-06 0
1486 5.113754127225925e-05 6.393015131692541e-08 0
1487 3.369946403193203e-06 9.597488797415922e-05 0
1488 8.117284012709384e-05 7.367176955260576e-05 0
1489 8.171741963200784e-05 7.591538127048094e-06 0
1490 1.625578534933251e-05 8.575423058941356e-06 0
1491 3.850188805565502e-05 2.611466297995223e-06 0
1492 4.205904069183069e-05 9.651963177136148e-05 0
1493 1.729862100917227e-05 5.898873170827974e-05 0
1494 7.778423697788088e-05 3.097140485774962e-06 0
1495 9.102771417075185e-05 9.851968472468221e-05 0
1496 5.842899924930731e-05 1.012458806031336e-06 0
1497 7.875474347640213e-05 7.614017363004497e-06 0
1498 1.311065203629958e-05 7.080330856113414e-05 0
1499 6.788502793257253e-05 6.924580388937701e-07 0
1500 9.467080820880746e-05 3.318128522011622e-06 0
1501 4.903326543453059e-05 7.570465072749134e-08 0
1502 4.900320184104837e-05 1.875281203530031e-07 0
1503 4.880820241558539e-05 1.118450839294862e-07 0
1504 5.815505852712327e-05 1.918271942563985e-06 0
1505 5.926540161934174e-05 5.59473531985356e-07 0
1506 5.97058200743406e-05 6.041984068282724e-07 0
1507 5.971612788287512e-05 2.872293409803519e-07 0
1508 5.962623179959339e-05 8.650495922049673e-08 0
1509 8.763715041170463e-05 2.129181670166558e-05 0
1510 4.813866490233496e-05 2.39541157987647e-06 0
1511 8.399999999996052e-05 9.651052956389349e-05 0
1512 5.27141980259486e-05 6.462424911556153e-07 0
1513 6.311451869784377e-05 9.670869141153508e-05 0
1514 3.278425275084737e-05 3.289666941881191e-06 0
1515 6.975195821151197e-05 3.528226053145072e-05 0
1516 8.718890465943649e-05 6.386313870424156e-05 0
1517 5.262717479128971e-05 3.236612032226805e-07 0
1518 9.015768773236807e-05 2.607664344926506e-05 0
1519 1.008799877560155e-05 9.649126545128124e-05 0
1520 4.310806241664907e-05 3.211110643091549e-06 0
1521 8.891729643451946e-05 8.314506942361402e-05 0
1522 6.17086318625567e-05 8.749283368491413e-05 0
1523 4.690659929710782e-05 5.576934923062142e-08 0
1524 5.46737799731691e-05 1.339591151989667e-05 0
1525 3.592975563479099e-05 3.621104695200931e-07 0
1526 5.120007327412236e-05 2.547008689637188e-07 0
1527 1.213462993273529e-05 3.821861680547709e-05 0
1528 8.420781908582682e-05 8.722589254593655e-06 0
1529 2.927402186341866e-05 2.781530497119698e-05 0
1530 4.974576221605978e-05 2.024804173984753e-05 0
1531 5.490729719962818e-05 6.802877335434948e-07 0
1532 2.830690387105001e-06 9.055219620510252e-05 0
1533 3.299999999991739e-05 9.865408349150168e-05 0
1534 3.802906396558536e-05 7.753627611529461e-07 0
1535 1.466350613339648e-05 9.976588177677166e-06 0
1536 7.113793265034176e-05 3.966674736451381e-06 0
1537 5.67343796515745e-05 9.836758285325207e-05 0
1538 4.676421166179896e-05 1.086377927323618e-06 0
1539 6.395800401636862e-05 2.700100537141324e-07 0
1540 2.937581037924454e-05 8.07033847573098e-07 0
1541 4.835096714165026e-05 9.666763669266078e-05 0
1542 8.929870280777611e-05 9.37440471334451e-06 0
1543 6.42559341283918e-05 3.814022536203964e-06 0
1544 5.3252702999549e-05 3.581935005021791e-07 0
1545 4.364678099628505e-05 4.212137005995645e-07 0
1546 6.79516239116676e-05 2.243208317525617e-07 0
1547 5.116539714374557e-05 8.309462225198609e-05 0
1548 3.14278679767708e-05 3.789177098760384e-07 0
1549 4.603118900533602e-05 1.014650456899023e-06 0
1550 6.710787759893082e-06 7.134694630509661e-05 0
1551 4.909766777759993e-05 2.401613591419244e-07 0
1552 1.407235197100581e-06 1.381236002892488e-06 0
1553 4.275198515027876e-05 9.442064628093188e-05 0
1554 5.244833446747346e-05 7.798281504563309e-07 0
1555 4.571743258007061e-05 3.390489165809153e-07 0
1556 4.312231070785791e-05 1.981170004767215e-07 0
1557 4.986105990148903e-05 1.533662832837709e-06 0
1558 5.32271860922749e-05 3.957974489445912e-06 0
1559 5.163457998025808e-05 6.651238955640243e-07 0
1560 6.252123900947114e-05 6.295011286589728e-05 0
1561 8.756639054763025e-05 6.385650026991263e-06 0
1562 2.696599246680805e-05 1.129726670881718e-06 0
1563 9.871620562938001e-05 1.279529076165952e-06 0
1564 7.812838938503448e-05 3.821060664524758e-05 0
1565 3.815377659803233e-05 2.972723279932398e-07 0
1566 1.207532955880776e-06 8.629031953082766e-06 0
1567 5.734529819298452e-05 3.740435334984007e-05 0
1568 4.663621603996343e-05 3.886414398731224e-06 0
1569 4.881615762615408e-05 3.383917465509538e-06 0
1570 4.525730291640086e-05 2.61596311306422e-06 0
1571 5.413646253400193e-05 4.182845165826515e-07 0
1572 7.108543855155189e-06 5.152998412619067e-05 0
1573 8.713847406797015e-05 3.643678834838398e-05 0
1574 4.030072628854615e-05 9.670585148675294e-05 0
1575 5.219544672470649e-05 3.929390702365858e-07 0
1576 6.353068419225036e-05 2.251405337359527e-05 0
1577 5.823823647215626e-05 7.087857542502956e-05 0
1578 4.482625415750187e-05 1.362230559448407e-07 0
1579 4.478274947381627e-05 6.677203026491788e-08 0
1580 8.100377923557969e-05 9.618922902647923e-06 0
1581 6.262301114743423e-05 2.144533766720349e-06 0
1582 5.504174902745511e-05 3.41834207600011e-07 0
1583 3.108482380782364e-06 2.007809090217672e-05 0
1584 5.628585277094622e-05 4.441439699625717e-07 0
1585 9.739982174786806e-06 8.401327944059102e-06 0
1586 8.013324507174935e-05 9.654925304163525e-05 0
1587 1.124829362378997e-05 9.516248793810184e-06 0
1588 2.39337762230207e-05 9.418009160736541e-05 0
1589 4.823946116867152e-05 8.3199783480091e-05 0
1590 8.990956410760205e-06 2.058805703223524e-05 0
1591 5.426795378122329e-05 8.347789150710778e-06 0
1592 6.874716862173265e-05 1.089704782461355e-05 0
1593 7.960953069493737e-05 3.069356523811384e-06 0
1594 5.154234319662414e-05 8.638002096564855e-07 0
1595 1.05082096613192e-05 6.61392197684292e-06 0
1596 4.272285568945176e-05 8.462253439915475e-07 0
1597 6.720408921941766e-05 1.435531661251432e-05 0
1598 6.556332704999915e-05 1.583403183085098e-05 0
1599 6.003821588487932e-05 8.399620932528788e-06 0
1600 5.188979877772253e-05 6.446181362582376e-07 0
1601 6.848091408387064e-05 4.034516293359543e-06 0
1602 5.039602561358785e-05 1.086470586044409e-06 0
1603 5.053582596866574e-05 1.357662280217187e-06 0
1604 5.457390347176937e-05 7.983202961467749e-07 0
1605 3.55312932333404e-05 7.610255659747912e-05 0
1606 1.064166334974524e-05 7.623841939522434e-05 0
1607 4.48680037347749e-05 1.065419328034904e-06 0
1608 4.645213729439015e-05 2.592708024827e-07 0
1609 5.980561604770227e-05 9.894409334900714e-07 0
1610 4.885336576375281e-05 5.11859096894754e-08 0
1611 5.517768712095651e-05 2.685203417892771e-06 0
1612 4.291502505860655e-05 4.695425693475983e-06 0
1613 6.047059969107864e-05 1.118891783656404e-05 0
1614 7.836464965308383e-05 9.289216559393546e-06 0
1615 7.781720833304895e-05 1.135588573527085e-05 0
1616 5.435158204769717e-05 1.542420898631318e-05 0
1617 5.023011050878161e-05 8.873173973753546e-06 0
1618 6.051840928109103e-05 9.667814337001548e-05 0
1619 8.017886045946842e-05 4.144717691771536e-05 0
1620 7.385278352677006e-05 9.646617321059339e-05 0
1621 9.451467392422371e-05 3.20288606464585e-05 0
1622 4.548608723423739e-05 3.168127488715975e-06 0
1623 6.336262560151519e-05 5.786535106203223e-07 0
1624 6.309793884846411e-05 3.792013371645627e-07 0
1625 4.284582721811648e-05 2.568433848453774e-06 0
1626 2.341106040130297e-05 8.764942365122393e-05 0
1627 8.071945650700056e-05 5.597676998061998e-05 0
1628 6.22977471510709e-05 1.660769399696071e-06 0
1629 6.174233911841944e-05 1.756400839050646e-06 0
1630 5.120844983898587e-05 5.819465034994268e-07 0
1631 4.781204917038456e-05 3.777289284780998e-07 0
1632 5.898906174869106e-05 2.470720123236186e-06 0
1633 4.460824714910385e-05 8.908830037558605e-07 0
1634 6.263016603463433e-05 8.428467690831127e-05 0
1635 3.388275639369927e-05 9.673045858921841e-07 0
1636 5.363300961196089e-05 8.265720157911728e-05 0
1637 5.860964219606456e-05 1.422914116179802e-06 0
1638 7.623987354397161e-05 8.819694651891801e-05 0
1639 7.573702082496422e-06 6.528365384152032e-06 0
1640 5.638892690332015e-05 2.79423278819519e-06 0
1641 6.545684800459412e-05 1.808728917512659e-05 0
1642 3.635534096577491e-05 1.119613604089653e-06 0
1643 3.600816662329117e-05 1.731367809466048e-06 0
1644 5.420007051005946e-05 2.960021986469596e-06 0
1645 9.130682636905067e-05 6.961278829177255e-05 0
1646 5.961059361459533e-05 9.84877154779931e-05 0
1647 5.070754996066304e-06 5.694096486609626e-05 0
1648 8.48956446113612e-05 7.117664792574074e-06 0
1649 4.557117460518298e-05 5.873444515129157e-07 0
1650 4.033039685165949e-05 2.343751134368391e-07 0
1651 4.735009398805731e-05 6.07057326225335e-07 0
1652 8.717762520633914e-05 9.260411589416871e-06 0
1653 7.059086024318098e-05 8.655272483454445e-07 0
1654 6.332683810412216e-05 8.107627241070415e-05 0
1655 4.285949363036088e-05 2.507656598888109e-05 0
1656 5.529543651723472e-05 2.936117472546621e-07 0
1657 4.816736986132362e-05 5.924816420451213e-07 0
1658 4.808471479513874e-05 4.488473494975094e-07 0
1659 5.702341583842759e-05 5.884775472364305e-07 0
1660 5.698373370117644e-05 2.623552513116952e-07 0
1661 1.135325150274988e-05 9.503114900307329e-05 0
1662 8.289231399960403e-05 6.673376872825338e-05 0
1663 4.12880131188065e-05 9.293909996903961e-05 0
1664 5.349013739529703e-05 4.716725568600584e-07 0
1665 5.067529546437137e-05 1.711400696568544e-06 0
1666 4.909879688932591e-05 7.409929323301293e-08 0
1667 6.103501216624925e-05 7.076087719884986e-07 0
1668 2.718318907932233e-05 9.645240017585987e-05 0
1669 6.447751090568843e-06 8.956351217445867e-06 0
1670 8.997512146885493e-05 1.87538043915857e-05 0
1671 3.236839705181745e-05 7.706358974120379e-05 0
1672 3.972675928070793e-05 2.219746720700108e-06 0
1673 6.500000000000533e-05 -2.732050807564281e-06 0
1674 3.500000000001705e-05 -2.732050807574846e-06 0
1675 3.900000000002595e-05 -2.732050807568764e-06 0
1676 6.100000000001587e-05 -2.732050807562e-06 0
1677 5.700000000002645e-05 -2.732050807561997e-06 0
1678 4.300000000002749e-05 -2.732050807569624e-06 0
1679 5.300000000004203e-05 -2.732050807564328e-06 0
1680 4.700000000004225e-05 -2.732050807567323e-06 0
1681 6.807145945809771e-05 -6.188623779591751e-06 0
1682 3.192854054190031e-05 -6.18862377959745e-06 0
1683 4.999999999995246e-05 -7.861708576020092e-06 0
1684 4.274109942709816e-05 -7.857154964959301e-06 0
1685 4.562399105134537e-05 -8.307949184123526e-06 0
1686 5.725890057283758e-05 -7.857154964941849e-06 0
1687 5.434874724700744e-05 -8.284238096967454e-06 0
1688 6.455613275927297e-05 -7.656662305731045e-06 0
1689 6.02769053024581e-05 -8.209191433585903e-06 0
1690 3.553369067217617e-05 -7.673254182619344e-06 0
1691 3.990463845644317e-05 -8.21748429003237e-06 0
1692 3.32581780235359e-05 -8.425205062572083e-06 0
1693 6.677904545679446e-05 -8.408752319807625e-06 0
1694 4.500000000003663e-05 -2.732050807569031e-06 0
1695 4.600000000004243e-05 -4.464101615136537e-06 0
1696 4.799524766575487e-05 -4.461357853650563e-06 0
1697 4.700000000005126e-05 -6.19615242270267e-06 0
1698 4.500000000005122e-05 -6.196152422708948e-06 0
1699 4.785477139348686e-05 -8.110849323099638e-06 0
1700 4.400000000003499e-05 -4.435267186701732e-06 0
1701 4.20000000000276e-05 -4.430461448626063e-06 0
1702 6.698903398860326e-05 -2.675112731582972e-06 0
1703 6.619434069148488e-05 -4.665694734511719e-06 0
1704 6.39794138014573e-05 -4.442128630615502e-06 0
1705 3.700000000002179e-05 -2.732050807571378e-06 0
1706 3.800000000002638e-05 -4.464101615139258e-06 0
1707 3.605396693123243e-05 -4.432943792883068e-06 0
1708 3.381265139771168e-05 -4.670313116969902e-06 0
1709 3.698524319846279e-05 -6.077900789273356e-06 0
1710 3.90000000000292e-05 -6.196152422705147e-06 0
1711 3.299304901093529e-05 -2.676886489513937e-06 0
1712 4.100000000002689e-05 -2.726444113149677e-06 0
1713 4.899920794432977e-05 -2.731593513985308e-06 0
1714 5.000000000004582e-05 -4.464101615130736e-06 0
1715 5.900000000002052e-05 -2.732050807563563e-06 0
1716 6.000000000001784e-05 -4.464101615130875e-06 0
1717 5.099986799075945e-05 -2.731974591968794e-06 0
1718 5.200473033278153e-05 -4.461345151054679e-06 0
1719 5.400078838883126e-05 -4.463642204449703e-06 0
1720 5.300000000004846e-05 -6.196152422699282e-06 0
1721 5.500000000004845e-05 -6.196152422695257e-06 0
1722 5.206682075605969e-05 -7.968820869726373e-06 0
1723 4.000000000002651e-05 -4.457560471647928e-06 0
1724 5.500013139816666e-05 -2.731974239116462e-06 0
1725 6.299656896691886e-05 -2.728388643477919e-06 0
1726 5.800000000002353e-05 -4.435267186690086e-06 0
1727 5.900000000001676e-05 -6.196152422697569e-06 0
1728 6.109090584862869e-05 -6.196328075320088e-06 0
1729 6.226852978926539e-05 -7.788204612182129e-06 0
1730 4.108599787057804e-05 -6.353451665967558e-06 0
1731 6.201114810284029e-05 -4.436535754217449e-06 0
1732 5.600015329785367e-05 -4.430372118762878e-06 0
1733 5.102851400574849e-05 -6.179689853836518e-06 0
1734 4.89714859943032e-05 -6.179689853802658e-06 0
1735 6.836439625274127e-05 -9.452932925587819e-06 0
1736 3.164304844331922e-05 -9.45622347414071e-06 0
1737 6.83094731660184e-05 -4.010523716288098e-06 0
1738 6.616573470930951e-05 -6.55926486646101e-06 0
1739 3.168922624930807e-05 -4.011284685383962e-06 0
1740 3.384854924022788e-05 -6.563776236421204e-06 0
1741 6.302552202288751e-05 -6.064252290674342e-06 0
1742 4.313415705495765e-05 -6.111724456681863e-06 0
1743 5.693678522274006e-05 -6.058779459061628e-06 0
1744 3.794482746181584e-05 -7.711085969040503e-06 0
1745 3.532380158727886e-05 -6.009205489153476e-06 0
1746 6.468214211722747e-05 -6.002657065731139e-06 0
1747 6.866348060673532e-05 -7.968763619072406e-06 0
1748 3.134290056131686e-05 -7.971584089261412e-06 0
1749 4.417504229550872e-05 -7.587541817940673e-06 0
1750 5.57924900861144e-05 -7.588499178130893e-06 0
1751 3.133645505205021e-05 -2.333791896530551e-06 0
1752 6.853268202705128e-05 -2.462244650087645e-06 0
1753 5.874483351184645e-05 -7.808726802825782e-06 0
1754 4.135874200964888e-05 -7.911340062215433e-06 0
1755 3.684489553888095e-05 -9.118488024903248e-06 0
1756 3.851051079189357e-05 -9.313329534958915e-06 0
1757 3.532112471931215e-05 -9.443389454018935e-06 0
1758 5.293042168202331e-05 -9.521284991130856e-06 0
1759 4.706393576424916e-05 -9.570066861615038e-06 0
1760 6.153428024719017e-05 -9.44061244198816e-06 0
1761 6.324187140371248e-05 -9.094824535539219e-06 0
1762 6.472163805155221e-05 -9.432047832215579e-06 0
1763 4.381193246728645e-05 -8.851167049176479e-06 0
1764 4.214372614551655e-05 -9.243428647100587e-06 0
1765 5.617612166868443e-05 -8.846616303769264e-06 0
1766 5.788879449927096e-05 -9.229683782649698e-06 0
1767 4.909523371560561e-05 -9.431535800852028e-06 0
1768 5.118087391040477e-05 -9.15667004754587e-06 0
1769 4.90648675826545e-05 -1.133648117686342e-07 0
1770 5.106175298158839e-05 -1.416450341371944e-07 0
1771 4.688904847278418e-05 -9.736397326649584e-08 0
1772 5.320615034229276e-05 -1.295349140210979e-07 0
1773 4.480930190228714e-05 -1.476240818682405e-07 0
1774 4.272141913805592e-05 -1.465367696523965e-07 0
1775 5.531434819947621e-05 -1.589151907402609e-07 0
1776 5.947374925553089e-05 -1.062035515894026e-07 0
1777 4.052625074449359e-05 -1.116036863978254e-07 0
1778 5.742338166829722e-05 -1.596852591740172e-07 0
1779 3.867930764039876e-05 -1.942017244155176e-07 0
1780 3.836743216140111e-05 -8.65049592204938e-08 0
1781 6.163256783861743e-05 -8.650495922012702e-08 0
1782 6.305173259474456e-05 -3.561017403937055e-07 0
1783 3.503358442752902e-05 -4.843130897965893e-07 0
1784 5.885043082500526e-05 -4.618562536214088e-07 0
1785 3.732241936827321e-05 -3.827688460189385e-07 0
1786 3.671035738635995e-05 -5.029587518185065e-07 0
1787 6.900785920603946e-05 -5.276201711525524e-07 0
1788 6.501353991350927e-05 -4.912680339683551e-07 0
1789 4.116076948499636e-05 -4.570780364056011e-07 0
1790 6.375057920565267e-05 -1.838199093847e-07 0
1791 6.574583780476831e-05 -1.347632765971978e-07 0
1792 3.29493187068609e-05 -4.833801418179661e-07 0
1793 6.091431448180755e-05 -4.958560186283792e-07 0
1794 3.422826137410195e-05 -1.139610382595685e-07 0
1795 3.211704593114338e-05 -1.134057824726349e-07 0
1796 6.71262447663797e-05 -4.738555020745146e-07 0
1797 3.90673445556197e-05 -4.446628561480154e-07 0
1798 5.678308851673462e-05 -4.735766476675939e-07 0
1799 4.32791387248665e-05 -3.785851652839317e-07 0
1800 6.798284139184473e-05 -1.733100042873615e-07 0
1801 4.558436329566072e-05 -3.94320532992389e-07 0
1802 4.500000000003878e-05 -5.536766647226292e-07 0
1803 4.449923032345698e-05 -2.887565772400978e-07 0
1804 5.466544140778683e-05 -4.820714745258545e-07 0
1805 3.634834040029837e-05 -1.158457696391534e-07 0
1806 5.919894401217002e-05 -3.384771827631144e-07 0
1807 4.080105598785954e-05 -3.38477182783684e-07 0
1808 6.835755740396035e-05 -4.809835218303539e-07 0
1809 5.253588995191283e-05 -4.79308839971926e-07 0
1810 4.772804496122333e-05 -3.58777262061712e-07 0
1811 6.64208123243339e-05 -3.778814408238937e-07 0
1812 6.596567997368673e-05 -3.400726585927536e-07 0
1813 4.699132593725676e-05 -4.790112059279205e-07 0
1814 5.719963790344392e-05 -3.704747012256319e-07 0
1815 3.123804622130822e-05 -5.05373894765519e-07 0
1816 6.562671632436888e-05 -4.316694910613096e-07 0
1817 5.509181768166122e-05 -3.740600432536485e-07 0
1818 5.025370495566485e-05 -3.815370370559065e-07 0
1819 5.07276801120591e-05 -3.275611817881272e-07 0
1820 5.305226502545966e-05 -3.598527252919145e-07 0
1821 3.364398879058115e-05 -4.058343170135498e-07 0
1822 4.402074335639997e-05 -3.19995294089815e-07 0
1823 6.428609206603561e-05 -3.35017588670611e-07 0
1824 3.234008289870901e-05 -4.254961857801977e-07 0
1825 3.44317951313812e-05 -4.315075501622487e-07 0
1826 4.977084109322707e-05 -3.528222734297495e-07 0
1827 4.941671819875096e-05 -3.793039312624799e-07 0
1828 4.891204390090246e-05 -3.65467169394905e-07 0
1829 4.823744699016789e-05 -3.448488862913234e-07 0
1830 3.836599394596412e-05 -4.070490017527851e-07 0
1831 3.785819988037843e-05 -3.579635695543447e-07 0
1832 6.223555965936158e-05 -3.869204417303192e-07 0
1833 5.81825731638522e-05 -3.828970718078004e-07 0
1834 5.771908927803868e-05 -3.826114064414899e-07 0
1835 4.189362477486119e-05 -4.039910356499229e-07 0
1836 4.255687555912414e-05 -5.14236469890557e-07 0
1837 4.007796044515636e-05 -2.706776750470749e-07 0
1838 5.991941941736243e-05 -2.772195361401279e-07 0
1839 3.57258604412978e-05 -3.97537373894681e-07 0
1840 4.634681590943288e-05 -2.815279588838293e-07 0
1841 5.188933843439921e-05 -3.842987719015177e-07 0
1842 5.133587322118345e-05 -4.421850195356624e-07 0
1843 6.774921379488078e-05 -3.716895775616705e-07 0
1844 5.399631674601819e-05 -3.833381166452906e-07 0
1845 5.356137542784999e-05 -3.745451511916606e-07 0
1846 5.609800311985352e-05 -3.822452892038531e-07 0
1847 5.563871581954068e-05 -3.830441046395525e-07 0
1848 6.161884387864076e-05 -2.813259170826893e-07 0
1849 3.057101343072465e-05 -3.763434736913797e-07 0
1850 3.6170009058835e-05 -4.318699221008531e-07 0
1851 5.725493513215234e-05 -1.685794416830383e-07 0
1852 5.728919154844897e-05 -7.684643901366474e-08 0
1853 5.514516973113829e-05 -1.70148221458059e-07 0
1854 5.517979859863998e-05 -7.751850441080854e-08 0
1855 5.927637909625842e-05 -1.533597925045218e-07 0
1856 4.07236209037683e-05 -1.538517873022447e-07 0
1857 6.959752064743022e-05 -3.819050427881381e-07 0
1858 6.802006675165538e-05 -5.829719590081469e-07 0
1859 3.195140890238455e-05 -4.692902073740102e-07 0
1860 3.405651767254315e-05 -3.902605810870734e-07 0
$EndNodes
$Elements
3813
1 1 2 6 1 6 11
2 1 2 6 1 11 12
3 1 2 6 1 12 13
4 1 2 6 1 13 14
5 1 2 6 1 14 15
6 1 2 6 1 15 16
7 1 2 6 1 16 17
8 1 2 6 1 17 18
9 1 2 6 1 18 19
10 1 2 6 1 19 20
11 1 2 6 1 20 21
12 1 2 6 1 21 22
13 1 2 6 1 22 23
14 1 2 6 1 23 24
15 1 2 6 1 24 25
16 1 2 6 1 25 26
17 1 2 6 1 26 27
18 1 2 6 1 27 28
19 1 2 6 1 28 29
20 1 2 6 1 29 30
21 1 2 6 1 30 31
22 1 2 6 1 31 32
23 1 2 6 1 32 33
24 1 2 6 1 33 34
25 1 2 6 1 34 35
26 1 2 6 1 35 36
27 1 2 6 1 36 37
28 1 2 6 1 37 38
29 1 2 6 1 38 39
30 1 2 6 1 39 40
31 1 2 6 1 40 41
32 1 2 6 1 41 42
33 1 2 6 1 42 43
34 1 2 6 1 43 44
35 1 2 6 1 44 45
36 1 2 6 1 45 46
37 1 2 6 1 46 47
38 1 2 6 1 47 48
39 1 2 6 1 48 49
40 1 2 6 1 49 50
41 1 2 6 1 50 51
42 1 2 6 1 51 52
43 1 2 6 1 52 53
44 1 2 6 1 53 54
45 1 2 6 1 54 55
46 1 2 6 1 55 56
47 1 2 6 1 56 57
48 1 2 6 1 57 58
49 1 2 6 1 58 59
50 1 2 6 1 59 5
51 1 2 5 3 4 78
52 1 2 5 3 78 79
53 1 2 5 3 79 80
54 1 2 5 3 80 81
55 1 2 5 3 81 82
56 1 2 5 3 82 83
57 1 2 5 3 83 84
58 1 2 5 3 84 85
59 1 2 5 3 85 86
60 1 2 5 3 86 87
61 1 2 5 3 87 88
62 1 2 5 3 88 89
63 1 2 5 3 89 90
64 1 2 5 3 90 91
65 1 2 5 3 91 3
66 1 2 3 4 3 92
67 1 2 3 4 92 93
68 1 2 3 4 93 94
69 1 2 3 4 94 95
70 1 2 3 4 95 96
71 1 2 3 4 96 97
72 1 2 3 4 97 98
73 1 2 3 4 98 99
74 1 2 3 4 99 100
75 1 2 3 4 100 101
76 1 2 3 4 101 102
77 1 2 3 4 102 103
78 1 2 3 4 103 104
79 1 2 3 4 104 105
80 1 2 3 4 105 106
81 1 2 3 4 106 107
82 1 2 3 4 107 108
83 1 2 3 4 108 109
84 1 2 3 4 109 110
85 1 2 3 4 110 111
86 1 2 3 4 111 112
87 1 2 3 4 112 113
88 1 2 3 4 113 114
89 1 2 3 4 114 115
90 1 2 3 4 115 116
91 1 2 3 4 116 117
92 1 2 3 4 117 118
93 1 2 3 4 118 119
94 1 2 3 4 119 120
95 1 2 3 4 120 121
96 1 2 3 4 121 122
97 1 2 3 4 122 123
98 1 2 3 4 123 124
99 1 2 3 4 124 125
100 1 2 3 4 125 126
101 1 2 3 4 126 127
102 1 2 3 4 127 128
103 1 2 3 4 128 129
104 1 2 3 4 129 130
105 1 2 3 4 130 131
106 1 2 3 4 131 132
107 1 2 3 4 132 133
108 1 2 3 4 133 134
109 1 2 3 4 134 135
110 1 2 3 4 135 136
111 1 2 3 4 136 137
112 1 2 3 4 137 138
113 1 2 3 4 138 139
114 1 2 3 4 139 140
115 1 2 3 4 140 141
116 1 2 3 4 141 142
117 1 2 3 4 142 143
118 1 2 3 4 143 144
119 1 2 3 4 144 145
120 1 2 3 4 145 146
121 1 2 3 4 146 147
122 1 2 3 4 147 148
123 1 2 3 4 148 149
124 1 2 3 4 149 150
125 1 2 3 4 150 151
126 1 2 3 4 151 152
127 1 2 3 4 152 153
128 1 2 3 4 153 154
129 1 2 3 4 154 155
130 1 2 3 4 155 156
131 1 2 3 4 156 157
132 1 2 3 4 157 158
133 1 2 3 4 158 159
134 1 2 3 4 159 160
135 1 2 3 4 160 161
136 1 2 3 4 161 162
137 1 2 3 4 162 163
138 1 2 3 4 163 164
139 1 2 3 4 164 165
140 1 2 3 4 165 166
141 1 2 3 4 166 167
142 1 2 3 4 167 168
143 1 2 3 4 168 169
144 1 2 3 4 169 170
145 1 2 3 4 170 171
146 1 2 3 4 171 172
147 1 2 3 4 172 173
148 1 2 3 4 173 174
149 1 2 3 4 174 175
150 1 2 3 4 175 176
151 1 2 3 4 176 177
152 1 2 3 4 177 178
153 1 2 3 4 178 179
154 1 2 3 4 179 180
155 1 2 3 4 180 181
156 1 2 3 4 181 182
157 1 2 3 4 182 183
158 1 2 3 4 183 184
159 1 2 3 4 184 185
160 1 2 3 4 185 186
161 1 2 3 4 186 187
162 1 2 3 4 187 188
163 1 2 3 4 188 189
164 1 2 3 4 189 190
165 1 2 3 4 190 191
166 1 2 3 4 191 192
167 1 2 3 4 192 193
168 1 2 3 4 193 194
169 1 2 3 4 194 195
170 1 2 3 4 195 196
171 1 2 3 4 196 197
172 1 2 3 4 197 198
173 1 2 3 4 198 199
174 1 2 3 4 199 200
175 1 2 3 4 200 201
176 1 2 3 4 201 202
177 1 2 3 4 202 203
178 1 2 3 4 203 204
179 1 2 3 4 204 205
180 1 2 3 4 205 206
181 1 2 3 4 206 207
182 1 2 3 4 207 208
183 1 2 3 4 208 209
184 1 2 3 4 209 210
185 1 2 3 4 210 211
186 1 2 3 4 211 212
187 1 2 3 4 212 213
188 1 2 3 4 213 214
189 1 2 3 4 214 215
190 1 2 3 4 215 2
191 1 2 4 5 2 216
192 1 2 4 5 216 217
193 1 2 4 5 217 218
194 1 2 4 5 218 219
195 1 2 4 5 219 220
196 1 2 4 5 220 221
197 1 2 4 5 221 222
198 1 2 4 5 222 223
199 1 2 4 5 223 224
200 1 2 4 5 224 225
201 1 2 4 5 225 226
202 1 2 4 5 226 227
203 1 2 4 5 227 228
204 1 2 4 5 228 229
205 1 2 4 5 229 1
206 1 2 2 11 9 252
207 1 2 2 11 252 253
208 1 2 2 11 253 254
209 1 2 2 11 254 255
210 1 2 2 11 255 256
211 1 2 2 11 256 257
212 1 2 2 11 257 258
213 1 2 2 11 258 259
214 1 2 2 11 259 260
215 1 2 2 11 260 261
216 1 2 2 11 261 262
217 1 2 2 11 262 263
218 1 2 2 11 263 264
219 1 2 2 11 264 265
220 1 2 2 11 265 266
221 1 2 2 11 266 267
222 1 2 2 11 267 268
223 1 2 2 11 268 269
224 1 2 2 11 269 270
225 1 2 2 11 270 10
226 1 2 1 13 7 275
227 1 2 1 13 275 276
228 1 2 1 13 276 277
229 1 2 1 13 277 278
230 1 2 1 13 278 279
231 1 2 1 13 279 280
232 1 2 1 13 280 281
233 1 2 1 13 281 282
234 1 2 1 13 282 283
235 1 2 1 13 283 284
236 1 2 1 13 284 8
237 2 2 9 8 1025 1081 1029
238 2 2 9 8 1073 1623 1007
239 2 2 9 8 204 294 203
240 2 2 9 8 868 1487 247
241 2 2 9 8 652 1488 1375
242 2 2 9 8 822 1273 1014
243 2 2 9 8 1025 1026 1024
244 2 2 9 8 1149 1209 866
245 2 2 9 8 637 1018 641
246 2 2 9 8 343 1066 387
247 2 2 9 8 149 1486 988
248 2 2 9 8 1222 1384 1081
249 2 2 9 8 967 997 331
250 2 2 9 8 971 1052 749
251 2 2 9 8 1179 1181 315
252 2 2 9 8 1040 1116 855
253 2 2 9 8 990 1214 355
254 2 2 9 8 762 1190 1186
255 2 2 9 8 599 1140 1133
256 2 2 9 8 703 1180 1173
257 2 2 9 8 376 1484 378
258 2 2 9 8 1273 1410 1014
259 2 2 9 8 131 368 341
260 2 2 9 8 475 1414 1142
261 2 2 9 8 832 1437 825
262 2 2 9 8 1098 1253 351
263 2 2 9 8 554 1436 982
264 2 2 9 8 1065 1409 163
265 2 2 9 8 1158 1399 1013
266 2 2 9 8 855 1116 1079
267 2 2 9 8 325 1081 1052
268 2 2 9 8 143 1388 295
269 2 2 9 8 1174 1178 1172
270 2 2 9 8 907 1443 480
271 2 2 9 8 391 1054 389
272 2 2 9 8 971 1367 1052
273 2 2 9 8 452 1142 451
274 2 2 9 8 379 1484 376
275 2 2 9 8 670 1561 668
276 2 2 9 8 307 1326 105
277 2 2 9 8 1127 1609 471
278 2 2 9 8 1324 1482 606
279 2 2 9 8 1140 1320 1133
280 2 2 9 8 212 1422 950
281 2 2 9 8 668 1561 1182
282 2 2 9 8 379 1219 1211
283 2 2 9 8 804 1630 808
284 2 2 9 8 783 807 804
285 2 2 9 8 60 1470 884
286 2 2 9 8 390 1539 1073
287 2 2 9 8 789 790 787
288 2 2 9 8 913 1206 429
289 2 2 9 8 1001 1353 980
290 2 2 9 8 191 1210 190
291 2 2 9 8 216 1540 2
292 2 2 9 8 326 1336 995
293 2 2 9 8 690 1587 693
294 2 2 9 8 1397 1417 1295
295 2 2 9 8 1336 1493 995
296 2 2 9 8 168 1232 300
297 2 2 9 8 1151 1329 1150
298 2 2 9 8 489 1245 877
299 2 2 9 8 791 841 790
300 2 2 9 8 984 1450 985
301 2 2 9 8 762 1430 1190
302 2 2 9 8 1497 1614 626
303 2 2 9 8 808 1129 883
304 2 2 9 8 1159 1400 1234
305 2 2 9 8 767 1624 113
306 2 2 9 8 1009 1576 1154
307 2 2 9 8 286 1065 956
308 2 2 9 8 1004 1314 320
309 2 2 9 8 1150 1329 740
310 2 2 9 8 825 1437 827
311 2 2 9 8 755 1209 1149
312 2 2 9 8 774 775 773
313 2 2 9 8 328 1277 923
314 2 2 9 8 1002 1095 347
315 2 2 9 8 442 1429 440
316 2 2 9 8 348 1178 1174
317 2 2 9 8 807 1630 804
318 2 2 9 8 872 1023 873
319 2 2 9 8 163 1523 1065
320 2 2 9 8 1156 1191 323
321 2 2 9 8 793 1227 915
322 2 2 9 8 480 1447 907
323 2 2 9 8 429 1444 913
324 2 2 9 8 1128 1376 1312
325 2 2 9 8 923 1370 328
326 2 2 9 8 958 1410 1273
327 2 2 9 8 953 993 147
328 2 2 9 8 343 1608 1410
329 2 2 9 8 100 380 99
330 2 2 9 8 1164 1240 1075
331 2 2 9 8 114 331 113
332 2 2 9 8 1035 1113 851
333 2 2 9 8 374 375 298
334 2 2 9 8 301 1204 1062
335 2 2 9 8 1100 1253 1098
336 2 2 9 8 1032 1200 1192
337 2 2 9 8 447 1328 998
338 2 2 9 8 384 1054 385
339 2 2 9 8 554 982 593
340 2 2 9 8 783 804 781
341 2 2 9 8 1014 1399 822
342 2 2 9 8 1013 1608 167
343 2 2 9 8 530 1130 533
344 2 2 9 8 99 380 293
345 2 2 9 8 183 298 182
346 2 2 9 8 642 1166 665
347 2 2 9 8 1018 1019 641
348 2 2 9 8 1005 1651 819
349 2 2 9 8 170 1579 1578
350 2 2 9 8 1211 1484 379
351 2 2 9 8 1037 1204 301
352 2 2 9 8 435 1353 1001
353 2 2 9 8 1312 1313 1128
354 2 2 9 8 107 388 106
355 2 2 9 8 777 789 787
356 2 2 9 8 290 1452 915
357 2 2 9 8 355 1292 990
358 2 2 9 8 436 922 449
359 2 2 9 8 774 779 775
360 2 2 9 8 742 1509 1324
361 2 2 9 8 90 1002 347
362 2 2 9 8 916 1268 208
363 2 2 9 8 1055 1159 350
364 2 2 9 8 772 774 773
365 2 2 9 8 903 1191 1156
366 2 2 9 8 1145 1440 917
367 2 2 9 8 1001 1451 1372
368 2 2 9 8 765 1536 1259
369 2 2 9 8 963 1139 469
370 2 2 9 8 1154 1576 565
371 2 2 9 8 789 791 790
372 2 2 9 8 772 773 448
373 2 2 9 8 970 1218 842
374 2 2 9 8 1259 1536 1003
375 2 2 9 8 451 1142 1114
376 2 2 9 8 1250 1498 1418
377 2 2 9 8 759 1643 1071
378 2 2 9 8 1053 1164 1075
379 2 2 9 8 1003 1536 1095
380 2 2 9 8 1375 1488 893
381 2 2 9 8 634 1018 637
382 2 2 9 8 1418 1498 879
383 2 2 9 8 1132 1133 750
384 2 2 9 8 433 448 436
385 2 2 9 8 353 1191 1189
386 2 2 9 8 315 1479 1179
387 2 2 9 8 872 1483 1023
388 2 2 9 8 1218 1473 842
389 2 2 9 8 1048 1049 312
390 2 2 9 8 802 1594 783
391 2 2 9 8 816 1549 986
392 2 2 9 8 791 914 841
393 2 2 9 8 753 1025 1024
394 2 2 9 8 327 1218 970
395 2 2 9 8 763 1283 1012
396 2 2 9 8 325 1222 1081
397 2 2 9 8 413 1640 1136
398 2 2 9 8 71 1367 971
399 2 2 9 8 613 1080 918
400 2 2 9 8 1234 1400 302
401 2 2 9 8 775 777 776
402 2 2 9 8 805 848 800
403 2 2 9 8 1012 1480 763
404 2 2 9 8 788 920 809
405 2 2 9 8 1189 1190 353
406 2 2 9 8 308 1397 1295
407 2 2 9 8 1133 1320 750
408 2 2 9 8 1013 1399 1014
409 2 2 9 8 448 1569 436
410 2 2 9 8 999 1423 735
411 2 2 9 8 152 883 363
412 2 2 9 8 883 1370 808
413 2 2 9 8 332 1477 198
414 2 2 9 8 291 1349 1135
415 2 2 9 8 301 1146 1037
416 2 2 9 8 390 1073 1007
417 2 2 9 8 547 1266 1075
418 2 2 9 8 1011 1035 851
419 2 2 9 8 777 787 778
420 2 2 9 8 494 1343 446
421 2 2 9 8 1165 1297 371
422 2 2 9 8 331 1342 967
423 2 2 9 8 742 1324 606
424 2 2 9 8 429 1206 1038
425 2 2 9 8 68 1621 1208
426 2 2 9 8 818 986 984
427 2 2 9 8 888 1427 1111
428 2 2 9 8 297 964 119
429 2 2 9 8 810 1047 812
430 2 2 9 8 539 1130 530
431 2 2 9 8 742 1518 1509
432 2 2 9 8 819 1651 1047
433 2 2 9 8 1059 1060 548
434 2 2 9 8 1070 1657 1124
435 2 2 9 8 1189 1191 903
436 2 2 9 8 388 1539 390
437 2 2 9 8 1139 1632 430
438 2 2 9 8 338 1035 1011
439 2 2 9 8 1146 1167 1037
440 2 2 9 8 1623 1624 1377
441 2 2 9 8 1045 1470 60
442 2 2 9 8 567 1154 565
443 2 2 9 8 580 1341 1256
444 2 2 9 8 701 1589 1121
445 2 2 9 8 214 1422 213
446 2 2 9 8 388 389 307
447 2 2 9 8 459 468 467
448 2 2 9 8 1265 1446 739
449 2 2 9 8 777 1557 1355
450 2 2 9 8 1372 1451 882
451 2 2 9 8 985 1233 1068
452 2 2 9 8 1137 1314 1004
453 2 2 9 8 1095 1536 745
454 2 2 9 8 787 920 788
455 2 2 9 8 759 1071 477
456 2 2 9 8 1238 1346 1058
457 2 2 9 8 1245 1408 877
458 2 2 9 8 816 986 818
459 2 2 9 8 316 1023 858
460 2 2 9 8 508 1061 506
461 2 2 9 8 198 1477 306
462 2 2 9 8 127 372 342
463 2 2 9 8 1056 1057 571
464 2 2 9 8 367 1656 137
465 2 2 9 8 426 771 433
466 2 2 9 8 1081 1384 1029
467 2 2 9 8 1132 1245 493
468 2 2 9 8 1261 1340 1076
469 2 2 9 8 800 890 797
470 2 2 9 8 1031 1561 670
471 2 2 9 8 1207 1414 475
472 2 2 9 8 645 1109 648
473 2 2 9 8 1582 1656 367
474 2 2 9 8 292 370 110
475 2 2 9 8 1124 1631 819
476 2 2 9 8 648 1109 702
477 2 2 9 8 1165 1500 1297
478 2 2 9 8 880 1261 1076
479 2 2 9 8 143 295 142
480 2 2 9 8 549 1654 1067
481 2 2 9 8 468 469 467
482 2 2 9 8 288 1556 1335
483 2 2 9 8 549 1067 557
484 2 2 9 8 1022 1285 833
485 2 2 9 8 475 1142 452
486 2 2 9 8 181 1042 357
487 2 2 9 8 197 396 196
488 2 2 9 8 845 1356 1131
489 2 2 9 8 1404 1544 974
490 2 2 9 8 345 1167 1146
491 2 2 9 8 1017 1604 344
492 2 2 9 8 967 1107 997
493 2 2 9 8 215 1548 214
494 2 2 9 8 436 449 437
495 2 2 9 8 1042 1043 357
496 2 2 9 8 853 1214 990
497 2 2 9 8 431 972 459
498 2 2 9 8 149 285 148
499 2 2 9 8 433 436 434
500 2 2 9 8 330 1008 63
501 2 2 9 8 665 1166 855
502 2 2 9 8 819 1047 810
503 2 2 9 8 1095 1425 347
504 2 2 9 8 61 1045 60
505 2 2 9 8 106 388 307
506 2 2 9 8 470 1127 471
507 2 2 9 8 1259 1653 895
508 2 2 9 8 1103 1159 1055
509 2 2 9 8 793 915 914
510 2 2 9 8 468 470 469
511 2 2 9 8 512 1143 513
512 2 2 9 8 204 1110 294
513 2 2 9 8 615 1080 613
514 2 2 9 8 1070 1124 819
515 2 2 9 8 812 1047 987
516 2 2 9 8 1053 1143 512
517 2 2 9 8 386 766 383
518 2 2 9 8 692 1535 1490
519 2 2 9 8 1020 1428 1287
520 2 2 9 8 1076 1340 732
521 2 2 9 8 306 397 396
522 2 2 9 8 920 1070 809
523 2 2 9 8 674 1101 696
524 2 2 9 8 1101 1102 696
525 2 2 9 8 1121 1122 701
526 2 2 9 8 814 822 816
527 2 2 9 8 1489 1580 623
528 2 2 9 8 1052 1081 753
529 2 2 9 8 670 1406 1031
530 2 2 9 8 782 783 781
531 2 2 9 8 1005 1631 954
532 2 2 9 8 446 1343 445
533 2 2 9 8 122 473 121
534 2 2 9 8 914 1452 841
535 2 2 9 8 559 1056 571
536 2 2 9 8 107 1539 388
537 2 2 9 8 862 1425 1095
538 2 2 9 8 540 1061 508
539 2 2 9 8 718 1041 716
540 2 2 9 8 1089 1236 360
541 2 2 9 8 970 1217 327
542 2 2 9 8 1287 1428 840
543 2 2 9 8 848 951 890
544 2 2 9 8 750 1245 1132
545 2 2 9 8 841 843 842
546 2 2 9 8 1400 1541 1252
547 2 2 9 8 491 1245 489
548 2 2 9 8 818 984 821
549 2 2 9 8 285 1526 1087
550 2 2 9 8 364 1610 1503
551 2 2 9 8 788 809 795
552 2 2 9 8 1263 1514 908
553 2 2 9 8 841 842 790
554 2 2 9 8 1225 1544 1404
555 2 2 9 8 392 1007 474
556 2 2 9 8 393 1392 1239
557 2 2 9 8 819 1631 1005
558 2 2 9 8 995 1647 326
559 2 2 9 8 469 1139 467
560 2 2 9 8 1083 1554 340
561 2 2 9 8 632 1077 630
562 2 2 9 8 1509 1518 1016
563 2 2 9 8 808 1370 923
564 2 2 9 8 1099 1102 1101
565 2 2 9 8 1271 1272 1270
566 2 2 9 8 1019 1040 641
567 2 2 9 8 821 834 828
568 2 2 9 8 687 1390 1153
569 2 2 9 8 1038 1617 429
570 2 2 9 8 1173 1180 1174
571 2 2 9 8 1088 1177 601
572 2 2 9 8 245 1035 338
573 2 2 9 8 1121 1589 1120
574 2 2 9 8 1319 1516 1049
575 2 2 9 8 801 805 800
576 2 2 9 8 387 1066 1065
577 2 2 9 8 850 1004 704
578 2 2 9 8 886 962 887
579 2 2 9 8 1139 1368 1114
580 2 2 9 8 440 1429 913
581 2 2 9 8 1276 1513 303
582 2 2 9 8 1058 1346 1104
583 2 2 9 8 356 1045 61
584 2 2 9 8 513 1143 516
585 2 2 9 8 668 1652 670
586 2 2 9 8 784 802 783
587 2 2 9 8 426 1421 771
588 2 2 9 8 439 453 441
589 2 2 9 8 771 772 448
590 2 2 9 8 841 1452 1072
591 2 2 9 8 987 1538 812
592 2 2 9 8 1472 1535 692
593 2 2 9 8 1054 1239 385
594 2 2 9 8 601 1177 1176
595 2 2 9 8 1104 1346 599
596 2 2 9 8 1335 1366 288
597 2 2 9 8 1274 1500 335
598 2 2 9 8 704 869 680
599 2 2 9 8 313 1660 135
600 2 2 9 8 320 1376 1004
601 2 2 9 8 626 1580 1489
602 2 2 9 8 768 1488 652
603 2 2 9 8 710 1427 888
604 2 2 9 8 735 1560 999
605 2 2 9 8 305 1155 1079
606 2 2 9 8 1051 1337 330
607 2 2 9 8 1145 1298 361
608 2 2 9 8 994 1349 129
609 2 2 9 8 753 1024 672
610 2 2 9 8 713 1103 1055
611 2 2 9 8 550 1395 545
612 2 2 9 8 574 1039 583
613 2 2 9 8 103 1326 334
614 2 2 9 8 1051 1488 1337
615 2 2 9 8 806 1017 805
616 2 2 9 8 986 1157 984
617 2 2 9 8 730 1597 1039
618 2 2 9 8 1082 1083 802
619 2 2 9 8 302 1400 1252
620 2 2 9 8 1230 1259 895
621 2 2 9 8 431 1581 972
622 2 2 9 8 344 1571 1017
623 2 2 9 8 470 471 469
624 2 2 9 8 450 1478 1106
625 2 2 9 8 858 1036 238
626 2 2 9 8 1075 1266 756
627 2 2 9 8 855 1166 1040
628 2 2 9 8 492 1088 495
629 2 2 9 8 710 886 711
630 2 2 9 8 471 1034 975
631 2 2 9 8 360 1237 1089
632 2 2 9 8 68 1208 67
633 2 2 9 8 1181 1182 1033
634 2 2 9 8 787 1473 920
635 2 2 9 8 426 433 428
636 2 2 9 8 998 1442 447
637 2 2 9 8 1043 1385 1264
638 2 2 9 8 413 1136 417
639 2 2 9 8 114 1342 331
640 2 2 9 8 459 972 468
641 2 2 9 8 1032 1420 1200
642 2 2 9 8 599 1133 502
643 2 2 9 8 417 461 419
644 2 2 9 8 421 450 424
645 2 2 9 8 363 1129 988
646 2 2 9 8 245 338 244
647 2 2 9 8 922 1434 449
648 2 2 9 8 805 849 848
649 2 2 9 8 676 680 675
650 2 2 9 8 1235 1305 319
651 2 2 9 8 542 1063 544
652 2 2 9 8 612 1283 614
653 2 2 9 8 1085 1141 708
654 2 2 9 8 809 1070 819
655 2 2 9 8 639 1166 642
656 2 2 9 8 1049 1516 1050
657 2 2 9 8 1513 1618 303
658 2 2 9 8 707 1064 875
659 2 2 9 8 1113 1145 917
660 2 2 9 8 568 1329 1151
661 2 2 9 8 710 888 886
662 2 2 9 8 1105 1478 803
663 2 2 9 8 775 776 773
664 2 2 9 8 173 905 324
665 2 2 9 8 1118 1323 712
666 2 2 9 8 391 1239 1054
667 2 2 9 8 1490 1535 691
668 2 2 9 8 512 1164 1053
669 2 2 9 8 1039 1592 730
670 2 2 9 8 316 858 239
671 2 2 9 8 64 330 63
672 2 2 9 8 646 1122 650
673 2 2 9 8 601 1436 554
674 2 2 9 8 690 693 689
675 2 2 9 8 120 1347 297
676 2 2 9 8 880 1515 1261
677 2 2 9 8 749 753 672
678 2 2 9 8 862 1095 745
679 2 2 9 8 626 1614 622
680 2 2 9 8 1208 1573 1383
681 2 2 9 8 1060 1063 548
682 2 2 9 8 848 1664 1225
683 2 2 9 8 1034 1505 1135
684 2 2 9 8 1086 1130 539
685 2 2 9 8 480 1443 482
686 2 2 9 8 704 1004 869
687 2 2 9 8 941 1168 943
688 2 2 9 8 1186 1267 762
689 2 2 9 8 1013 1555 1158
690 2 2 9 8 716 1343 494
691 2 2 9 8 122 1507 473
692 2 2 9 8 634 637 636
693 2 2 9 8 703 1648 1180
694 2 2 9 8 430 1368 1139
695 2 2 9 8 760 1635 1257
696 2 2 9 8 992 1630 807
697 2 2 9 8 893 1488 1338
698 2 2 9 8 678 690 689
699 2 2 9 8 239 858 238
700 2 2 9 8 799 800 797
701 2 2 9 8 1192 1394 1032
702 2 2 9 8 1020 1287 1021
703 2 2 9 8 1187 1189 904
704 2 2 9 8 444 1328 447
705 2 2 9 8 306 396 197
706 2 2 9 8 915 1227 154
707 2 2 9 8 985 1607 984
708 2 2 9 8 541 1364 548
709 2 2 9 8 1211 1219 1210
710 2 2 9 8 608 1085 708
711 2 2 9 8 749 1015 971
712 2 2 9 8 100 1325 380
713 2 2 9 8 676 704 680
714 2 2 9 8 457 1374 1224
715 2 2 9 8 1020 1021 830
716 2 2 9 8 753 1081 1025
717 2 2 9 8 1078 1365 1130
718 2 2 9 8 760 1257 908
719 2 2 9 8 1181 1394 315
720 2 2 9 8 468 472 470
721 2 2 9 8 439 1084 453
722 2 2 9 8 499 1088 601
723 2 2 9 8 1269 1612 441
724 2 2 9 8 654 710 655
725 2 2 9 8 701 1122 646
726 2 2 9 8 350 1537 1055
727 2 2 9 8 557 602 588
728 2 2 9 8 634 636 632
729 2 2 9 8 1041 1343 716
730 2 2 9 8 777 778 776
731 2 2 9 8 677 1091 679
732 2 2 9 8 1337 1488 768
733 2 2 9 8 1039 1597 583
734 2 2 9 8 1135 1505 291
735 2 2 9 8 70 971 322
736 2 2 9 8 1270 1272 551
737 2 2 9 8 495 1088 499
738 2 2 9 8 563 1373 580
739 2 2 9 8 739 1616 1265
740 2 2 9 8 575 577 574
741 2 2 9 8 599 1346 1140
742 2 2 9 8 140 1582 367
743 2 2 9 8 65 1050 64
744 2 2 9 8 593 678 677
745 2 2 9 8 1062 1562 301
746 2 2 9 8 393 1239 391
747 2 2 9 8 1012 1283 612
748 2 2 9 8 1097 1098 736
749 2 2 9 8 882 1451 845
750 2 2 9 8 190 1219 189
751 2 2 9 8 850 1137 1004
752 2 2 9 8 1072 1502 1215
753 2 2 9 8 635 1018 634
754 2 2 9 8 492 1272 1088
755 2 2 9 8 1380 1527 1449
756 2 2 9 8 1064 1417 1397
757 2 2 9 8 840 1069 905
758 2 2 9 8 454 1333 1331
759 2 2 9 8 779 1557 775
760 2 2 9 8 1048 1319 1049
761 2 2 9 8 602 608 607
762 2 2 9 8 821 1607 834
763 2 2 9 8 580 1256 1056
764 2 2 9 8 548 1063 542
765 2 2 9 8 62 356 61
766 2 2 9 8 787 788 778
767 2 2 9 8 1286 1287 288
768 2 2 9 8 841 1072 843
769 2 2 9 8 775 1557 777
770 2 2 9 8 573 574 572
771 2 2 9 8 904 1188 1187
772 2 2 9 8 1206 1429 1343
773 2 2 9 8 1049 1050 65
774 2 2 9 8 69 1138 68
775 2 2 9 8 890 1476 797
776 2 2 9 8 697 1103 713
777 2 2 9 8 971 1015 322
778 2 2 9 8 632 1671 1077
779 2 2 9 8 1182 1648 668
780 2 2 9 8 739 1446 1256
781 2 2 9 8 545 1395 881
782 2 2 9 8 630 744 628
783 2 2 9 8 1160 1459 1441
784 2 2 9 8 577 1039 574
785 2 2 9 8 867 1288 1244
786 2 2 9 8 1077 1078 744
787 2 2 9 8 917 1661 850
788 2 2 9 8 602 607 588
789 2 2 9 8 662 1101 674
790 2 2 9 8 663 675 635
791 2 2 9 8 1079 1221 305
792 2 2 9 8 386 909 766
793 2 2 9 8 1007 1377 474
794 2 2 9 8 541 1636 1364
795 2 2 9 8 904 1189 903
796 2 2 9 8 809 810 795
797 2 2 9 8 244 912 243
798 2 2 9 8 1114 1368 451
799 2 2 9 8 1115 1116 1040
800 2 2 9 8 1078 1439 1365
801 2 2 9 8 1333 1401 1331
802 2 2 9 8 1317 1472 1471
803 2 2 9 8 608 708 707
804 2 2 9 8 708 1064 707
805 2 2 9 8 628 1080 615
806 2 2 9 8 608 707 607
807 2 2 9 8 63 1448 62
808 2 2 9 8 1094 1141 969
809 2 2 9 8 643 1109 645
810 2 2 9 8 675 1018 635
811 2 2 9 8 384 1148 1054
812 2 2 9 8 1377 1624 767
813 2 2 9 8 927 1263 926
814 2 2 9 8 630 1077 744
815 2 2 9 8 1099 1400 1102
816 2 2 9 8 574 583 572
817 2 2 9 8 964 965 346
818 2 2 9 8 637 639 638
819 2 2 9 8 774 1665 779
820 2 2 9 8 1065 1066 956
821 2 2 9 8 703 1489 623
822 2 2 9 8 334 1326 1325
823 2 2 9 8 637 638 636
824 2 2 9 8 1257 1263 908
825 2 2 9 8 1088 1272 1271
826 2 2 9 8 857 1038 721
827 2 2 9 8 944 1093 942
828 2 2 9 8 942 1093 947
829 2 2 9 8 947 1093 982
830 2 2 9 8 604 622 582
831 2 2 9 8 1115 1117 1116
832 2 2 9 8 1019 1115 1040
833 2 2 9 8 633 634 632
834 2 2 9 8 856 1546 96
835 2 2 9 8 708 1094 1064
836 2 2 9 8 918 1152 611
837 2 2 9 8 70 322 69
838 2 2 9 8 1102 1400 1159
839 2 2 9 8 688 1416 921
840 2 2 9 8 925 1416 688
841 2 2 9 8 661 1097 736
842 2 2 9 8 1092 1269 453
843 2 2 9 8 1016 1138 322
844 2 2 9 8 886 887 711
845 2 2 9 8 962 1305 1235
846 2 2 9 8 984 1607 821
847 2 2 9 8 621 1419 1379
848 2 2 9 8 570 572 567
849 2 2 9 8 734 1075 756
850 2 2 9 8 1050 1645 64
851 2 2 9 8 1239 1392 761
852 2 2 9 8 663 676 675
853 2 2 9 8 851 917 850
854 2 2 9 8 1116 1221 1079
855 2 2 9 8 639 642 640
856 2 2 9 8 335 1420 1274
857 2 2 9 8 806 1604 1017
858 2 2 9 8 1042 1385 1043
859 2 2 9 8 240 316 239
860 2 2 9 8 312 1049 66
861 2 2 9 8 848 890 800
862 2 2 9 8 71 971 70
863 2 2 9 8 1215 1502 364
864 2 2 9 8 763 1053 734
865 2 2 9 8 1137 1519 321
866 2 2 9 8 1061 1655 506
867 2 2 9 8 288 1366 1286
868 2 2 9 8 1488 1662 1338
869 2 2 9 8 129 1349 291
870 2 2 9 8 631 632 630
871 2 2 9 8 589 654 653
872 2 2 9 8 920 1218 1070
873 2 2 9 8 1182 1561 1033
874 2 2 9 8 417 1136 461
875 2 2 9 8 1068 1069 985
876 2 2 9 8 563 580 561
877 2 2 9 8 678 689 677
878 2 2 9 8 1068 1233 366
879 2 2 9 8 177 1335 176
880 2 2 9 8 386 910 909
881 2 2 9 8 921 1597 730
882 2 2 9 8 954 1631 161
883 2 2 9 8 790 1473 787
884 2 2 9 8 577 1387 1039
885 2 2 9 8 920 1473 1218
886 2 2 9 8 246 1532 245
887 2 2 9 8 499 601 554
888 2 2 9 8 956 1066 958
889 2 2 9 8 1157 1450 984
890 2 2 9 8 1505 1506 373
891 2 2 9 8 1208 1383 312
892 2 2 9 8 1127 1275 769
893 2 2 9 8 765 1259 1220
894 2 2 9 8 808 923 804
895 2 2 9 8 666 734 667
896 2 2 9 8 561 1056 559
897 2 2 9 8 1256 1341 739
898 2 2 9 8 773 1361 448
899 2 2 9 8 770 1085 608
900 2 2 9 8 1187 1190 1189
901 2 2 9 8 848 1225 951
902 2 2 9 8 639 640 638
903 2 2 9 8 67 312 66
904 2 2 9 8 243 326 242
905 2 2 9 8 685 765 683
906 2 2 9 8 1302 1625 1022
907 2 2 9 8 888 1309 886
908 2 2 9 8 436 437 434
909 2 2 9 8 665 853 664
910 2 2 9 8 471 975 963
911 2 2 9 8 1025 1027 1026
912 2 2 9 8 345 1168 1167
913 2 2 9 8 869 870 680
914 2 2 9 8 1046 1089 1045
915 2 2 9 8 1023 1413 858
916 2 2 9 8 744 1086 1080
917 2 2 9 8 433 434 428
918 2 2 9 8 548 1364 1059
919 2 2 9 8 1304 1397 1303
920 2 2 9 8 707 875 709
921 2 2 9 8 740 1567 1150
922 2 2 9 8 1057 1058 571
923 2 2 9 8 642 664 643
924 2 2 9 8 123 1508 122
925 2 2 9 8 1327 1666 1000
926 2 2 9 8 710 711 655
927 2 2 9 8 533 1134 531
928 2 2 9 8 845 1451 1356
929 2 2 9 8 593 982 678
930 2 2 9 8 853 990 989
931 2 2 9 8 666 763 734
932 2 2 9 8 1115 1432 870
933 2 2 9 8 708 1141 1094
934 2 2 9 8 749 1052 753
935 2 2 9 8 1121 1161 1122
936 2 2 9 8 336 1475 1284
937 2 2 9 8 1167 1168 941
938 2 2 9 8 943 1168 946
939 2 2 9 8 208 1268 339
940 2 2 9 8 993 1600 1575
941 2 2 9 8 843 970 842
942 2 2 9 8 1471 1472 692
943 2 2 9 8 1008 1448 63
944 2 2 9 8 869 1376 1128
945 2 2 9 8 1111 1311 888
946 2 2 9 8 1112 1477 332
947 2 2 9 8 915 1452 914
948 2 2 9 8 626 1489 1171
949 2 2 9 8 459 467 466
950 2 2 9 8 156 1327 155
951 2 2 9 8 633 635 634
952 2 2 9 8 721 1041 718
953 2 2 9 8 1206 1343 1041
954 2 2 9 8 833 1264 824
955 2 2 9 8 364 1503 1215
956 2 2 9 8 580 1056 561
957 2 2 9 8 946 1241 1199
958 2 2 9 8 419 1244 421
959 2 2 9 8 238 1583 237
960 2 2 9 8 637 641 639
961 2 2 9 8 573 575 574
962 2 2 9 8 1304 1620 876
963 2 2 9 8 774 1105 780
964 2 2 9 8 629 630 628
965 2 2 9 8 1072 1551 1502
966 2 2 9 8 572 1154 567
967 2 2 9 8 980 1353 1125
968 2 2 9 8 923 1277 1074
969 2 2 9 8 570 573 572
970 2 2 9 8 474 1377 997
971 2 2 9 8 1236 1378 1235
972 2 2 9 8 1417 1513 358
973 2 2 9 8 163 1409 162
974 2 2 9 8 983 1514 1263
975 2 2 9 8 781 1665 780
976 2 2 9 8 433 771 448
977 2 2 9 8 1323 1521 712
978 2 2 9 8 373 1508 342
979 2 2 9 8 648 661 649
980 2 2 9 8 665 854 853
981 2 2 9 8 1134 1161 1121
982 2 2 9 8 799 801 800
983 2 2 9 8 642 643 640
984 2 2 9 8 713 1055 968
985 2 2 9 8 468 1629 472
986 2 2 9 8 1022 1625 896
987 2 2 9 8 833 1302 1022
988 2 2 9 8 1097 1100 1098
989 2 2 9 8 875 1304 876
990 2 2 9 8 702 1097 661
991 2 2 9 8 997 1628 474
992 2 2 9 8 763 1480 1143
993 2 2 9 8 722 857 721
994 2 2 9 8 951 960 890
995 2 2 9 8 559 571 540
996 2 2 9 8 869 1128 870
997 2 2 9 8 332 1525 1112
998 2 2 9 8 421 1558 450
999 2 2 9 8 1080 1468 918
1000 2 2 9 8 642 665 664
1001 2 2 9 8 714 1408 1245
1002 2 2 9 8 445 1429 442
1003 2 2 9 8 755 1149 609
1004 2 2 9 8 622 1580 626
1005 2 2 9 8 918 1243 1152
1006 2 2 9 8 299 1259 1003
1007 2 2 9 8 1108 1270 551
1008 2 2 9 8 237 333 236
1009 2 2 9 8 1098 1099 736
1010 2 2 9 8 1156 1247 902
1011 2 2 9 8 115 346 114
1012 2 2 9 8 439 1568 1084
1013 2 2 9 8 575 1424 577
1014 2 2 9 8 801 806 805
1015 2 2 9 8 1322 1384 354
1016 2 2 9 8 849 1664 848
1017 2 2 9 8 734 756 667
1018 2 2 9 8 1053 1075 734
1019 2 2 9 8 1023 1527 873
1020 2 2 9 8 1113 1532 369
1021 2 2 9 8 661 736 662
1022 2 2 9 8 296 1548 215
1023 2 2 9 8 1102 1103 696
1024 2 2 9 8 1119 1120 546
1025 2 2 9 8 638 1231 743
1026 2 2 9 8 563 1576 1373
1027 2 2 9 8 1075 1240 547
1028 2 2 9 8 617 666 619
1029 2 2 9 8 384 385 383
1030 2 2 9 8 582 1424 575
1031 2 2 9 8 829 1382 823
1032 2 2 9 8 744 1080 628
1033 2 2 9 8 960 1554 1082
1034 2 2 9 8 793 914 791
1035 2 2 9 8 853 989 664
1036 2 2 9 8 378 1484 832
1037 2 2 9 8 537 1119 546
1038 2 2 9 8 380 381 293
1039 2 2 9 8 602 770 608
1040 2 2 9 8 666 1283 763
1041 2 2 9 8 780 782 781
1042 2 2 9 8 210 317 209
1043 2 2 9 8 335 1500 1165
1044 2 2 9 8 1107 1628 997
1045 2 2 9 8 533 1161 1134
1046 2 2 9 8 1079 1155 854
1047 2 2 9 8 330 1645 1051
1048 2 2 9 8 1168 1241 946
1049 2 2 9 8 828 1020 830
1050 2 2 9 8 588 1279 589
1051 2 2 9 8 990 991 989
1052 2 2 9 8 1148 1326 307
1053 2 2 9 8 1034 1506 1505
1054 2 2 9 8 598 1149 735
1055 2 2 9 8 696 1103 697
1056 2 2 9 8 1106 1421 450
1057 2 2 9 8 357 1344 180
1058 2 2 9 8 392 474 394
1059 2 2 9 8 1171 1489 1173
1060 2 2 9 8 648 649 647
1061 2 2 9 8 645 648 647
1062 2 2 9 8 706 850 704
1063 2 2 9 8 1023 1483 1412
1064 2 2 9 8 1066 1410 958
1065 2 2 9 8 1153 1599 465
1066 2 2 9 8 972 1629 468
1067 2 2 9 8 1413 1590 1036
1068 2 2 9 8 926 1263 1010
1069 2 2 9 8 720 721 718
1070 2 2 9 8 1082 1554 1083
1071 2 2 9 8 834 1020 828
1072 2 2 9 8 384 1325 1148
1073 2 2 9 8 789 792 791
1074 2 2 9 8 875 876 709
1075 2 2 9 8 763 1143 1053
1076 2 2 9 8 1447 1643 759
1077 2 2 9 8 285 1087 992
1078 2 2 9 8 837 919 889
1079 2 2 9 8 1303 1397 308
1080 2 2 9 8 900 902 693
1081 2 2 9 8 895 1284 1230
1082 2 2 9 8 1087 1129 808
1083 2 2 9 8 1383 1573 959
1084 2 2 9 8 333 1096 236
1085 2 2 9 8 1076 1564 880
1086 2 2 9 8 982 1436 947
1087 2 2 9 8 578 1374 457
1088 2 2 9 8 571 1061 540
1089 2 2 9 8 431 459 455
1090 2 2 9 8 713 968 741
1091 2 2 9 8 661 662 649
1092 2 2 9 8 814 1538 822
1093 2 2 9 8 537 546 541
1094 2 2 9 8 1034 1135 975
1095 2 2 9 8 557 588 584
1096 2 2 9 8 356 1046 1045
1097 2 2 9 8 1078 1086 744
1098 2 2 9 8 805 1017 849
1099 2 2 9 8 526 528 527
1100 2 2 9 8 648 702 661
1101 2 2 9 8 530 531 529
1102 2 2 9 8 983 1263 927
1103 2 2 9 8 337 1344 1334
1104 2 2 9 8 657 755 609
1105 2 2 9 8 528 529 527
1106 2 2 9 8 294 476 203
1107 2 2 9 8 1051 1645 1516
1108 2 2 9 8 170 1578 366
1109 2 2 9 8 1126 1396 877
1110 2 2 9 8 604 624 623
1111 2 2 9 8 1087 1630 992
1112 2 2 9 8 247 369 246
1113 2 2 9 8 631 633 632
1114 2 2 9 8 523 526 525
1115 2 2 9 8 1082 1476 960
1116 2 2 9 8 1033 1561 1031
1117 2 2 9 8 1128 1313 310
1118 2 2 9 8 654 655 653
1119 2 2 9 8 369 1145 1113
1120 2 2 9 8 245 1532 1035
1121 2 2 9 8 1078 1130 1086
1122 2 2 9 8 1147 1646 1618
1123 2 2 9 8 349 374 184
1124 2 2 9 8 526 527 525
1125 2 2 9 8 599 1655 1104
1126 2 2 9 8 91 1002 90
1127 2 2 9 8 528 530 529
1128 2 2 9 8 309 1311 1202
1129 2 2 9 8 901 1639 900
1130 2 2 9 8 854 1214 853
1131 2 2 9 8 674 696 695
1132 2 2 9 8 666 667 619
1133 2 2 9 8 67 1208 312
1134 2 2 9 8 614 1283 617
1135 2 2 9 8 804 1074 781
1136 2 2 9 8 72 1367 71
1137 2 2 9 8 693 1587 1585
1138 2 2 9 8 659 1150 911
1139 2 2 9 8 541 548 542
1140 2 2 9 8 1125 1659 313
1141 2 2 9 8 321 1307 1137
1142 2 2 9 8 1412 1413 1023
1143 2 2 9 8 1052 1367 325
1144 2 2 9 8 530 533 531
1145 2 2 9 8 504 599 502
1146 2 2 9 8 782 784 783
1147 2 2 9 8 90 347 89
1148 2 2 9 8 961 1598 1416
1149 2 2 9 8 1011 1466 338
1150 2 2 9 8 1331 1455 454
1151 2 2 9 8 66 1049 65
1152 2 2 9 8 476 1525 203
1153 2 2 9 8 1038 1041 721
1154 2 2 9 8 707 709 607
1155 2 2 9 8 557 1067 602
1156 2 2 9 8 534 1119 537
1157 2 2 9 8 1331 1591 1455
1158 2 2 9 8 621 1514 1419
1159 2 2 9 8 736 1101 662
1160 2 2 9 8 502 1133 500
1161 2 2 9 8 493 1245 491
1162 2 2 9 8 643 645 644
1163 2 2 9 8 390 1007 392
1164 2 2 9 8 437 1568 439
1165 2 2 9 8 1122 1123 650
1166 2 2 9 8 1225 1404 951
1167 2 2 9 8 156 1666 1327
1168 2 2 9 8 680 1432 675
1169 2 2 9 8 1244 1558 421
1170 2 2 9 8 1046 1323 1118
1171 2 2 9 8 683 1228 681
1172 2 2 9 8 1036 1583 238
1173 2 2 9 8 1325 1326 1148
1174 2 2 9 8 973 974 365
1175 2 2 9 8 638 743 636
1176 2 2 9 8 1467 1588 1128
1177 2 2 9 8 218 301 217
1178 2 2 9 8 94 336 93
1179 2 2 9 8 603 604 582
1180 2 2 9 8 537 541 538
1181 2 2 9 8 534 537 535
1182 2 2 9 8 412 1368 430
1183 2 2 9 8 1089 1378 1236
1184 2 2 9 8 1055 1147 968
1185 2 2 9 8 1064 1397 875
1186 2 2 9 8 629 631 630
1187 2 2 9 8 472 1275 470
1188 2 2 9 8 1096 1156 323
1189 2 2 9 8 784 1082 802
1190 2 2 9 8 1122 1161 1123
1191 2 2 9 8 330 1337 1008
1192 2 2 9 8 236 1096 235
1193 2 2 9 8 772 1105 774
1194 2 2 9 8 531 534 532
1195 2 2 9 8 1449 1527 316
1196 2 2 9 8 471 963 469
1197 2 2 9 8 827 1437 837
1198 2 2 9 8 312 1383 1048
1199 2 2 9 8 855 1079 854
1200 2 2 9 8 1086 1468 1080
1201 2 2 9 8 551 1379 1108
1202 2 2 9 8 910 1228 909
1203 2 2 9 8 368 1660 403
1204 2 2 9 8 733 1076 732
1205 2 2 9 8 338 1466 912
1206 2 2 9 8 598 735 596
1207 2 2 9 8 1083 1600 802
1208 2 2 9 8 299 1003 1002
1209 2 2 9 8 345 1146 219
1210 2 2 9 8 732 1321 657
1211 2 2 9 8 1109 1663 702
1212 2 2 9 8 604 1255 624
1213 2 2 9 8 664 1109 643
1214 2 2 9 8 531 1134 534
1215 2 2 9 8 647 1260 701
1216 2 2 9 8 1125 1362 980
1217 2 2 9 8 1007 1623 1377
1218 2 2 9 8 112 1624 292
1219 2 2 9 8 361 1440 1145
1220 2 2 9 8 500 1133 1132
1221 2 2 9 8 826 833 824
1222 2 2 9 8 1390 1454 1153
1223 2 2 9 8 175 1556 288
1224 2 2 9 8 1102 1159 1103
1225 2 2 9 8 1419 1514 983
1226 2 2 9 8 627 628 615
1227 2 2 9 8 641 1166 639
1228 2 2 9 8 822 1549 816
1229 2 2 9 8 1019 1432 1115
1230 2 2 9 8 961 1416 738
1231 2 2 9 8 1040 1166 641
1232 2 2 9 8 696 697 695
1233 2 2 9 8 1416 1598 921
1234 2 2 9 8 968 969 741
1235 2 2 9 8 218 1146 301
1236 2 2 9 8 581 582 575
1237 2 2 9 8 623 1528 703
1238 2 2 9 8 1092 1520 1269
1239 2 2 9 8 645 647 646
1240 2 2 9 8 1174 1179 348
1241 2 2 9 8 536 1144 999
1242 2 2 9 8 558 559 540
1243 2 2 9 8 1321 1456 755
1244 2 2 9 8 780 1665 774
1245 2 2 9 8 1016 1518 1138
1246 2 2 9 8 697 713 699
1247 2 2 9 8 385 1239 761
1248 2 2 9 8 1145 1487 1298
1249 2 2 9 8 346 1342 114
1250 2 2 9 8 2 296 215
1251 2 2 9 8 441 1612 443
1252 2 2 9 8 339 1110 204
1253 2 2 9 8 1178 1593 1172
1254 2 2 9 8 1445 1453 1358
1255 2 2 9 8 137 287 136
1256 2 2 9 8 1279 1638 589
1257 2 2 9 8 963 1632 1139
1258 2 2 9 8 522 523 521
1259 2 2 9 8 1025 1029 1027
1260 2 2 9 8 1027 1028 1026
1261 2 2 9 8 659 911 590
1262 2 2 9 8 424 1421 426
1263 2 2 9 8 1410 1608 1014
1264 2 2 9 8 613 918 611
1265 2 2 9 8 809 819 810
1266 2 2 9 8 693 1585 900
1267 2 2 9 8 670 1652 1542
1268 2 2 9 8 1358 1453 871
1269 2 2 9 8 1337 1521 1008
1270 2 2 9 8 1520 1625 831
1271 2 2 9 8 175 1545 840
1272 2 2 9 8 662 674 673
1273 2 2 9 8 326 1647 242
1274 2 2 9 8 610 1281 1258
1275 2 2 9 8 93 1284 92
1276 2 2 9 8 845 1131 806
1277 2 2 9 8 122 1508 1507
1278 2 2 9 8 851 1113 917
1279 2 2 9 8 1281 1423 999
1280 2 2 9 8 876 1202 1111
1281 2 2 9 8 643 644 640
1282 2 2 9 8 1056 1256 1057
1283 2 2 9 8 1029 1384 1322
1284 2 2 9 8 720 722 721
1285 2 2 9 8 609 1149 598
1286 2 2 9 8 678 982 691
1287 2 2 9 8 722 924 857
1288 2 2 9 8 160 1217 1216
1289 2 2 9 8 624 1528 623
1290 2 2 9 8 1130 1365 533
1291 2 2 9 8 235 1096 323
1292 2 2 9 8 900 1639 904
1293 2 2 9 8 500 1132 496
1294 2 2 9 8 837 1437 919
1295 2 2 9 8 505 507 506
1296 2 2 9 8 88 1183 311
1297 2 2 9 8 498 500 496
1298 2 2 9 8 1106 1478 1105
1299 2 2 9 8 300 1555 168
1300 2 2 9 8 756 871 757
1301 2 2 9 8 830 1022 896
1302 2 2 9 8 531 532 529
1303 2 2 9 8 588 589 584
1304 2 2 9 8 541 542 538
1305 2 2 9 8 593 677 594
1306 2 2 9 8 822 1538 1273
1307 2 2 9 8 453 1269 441
1308 2 2 9 8 560 561 559
1309 2 2 9 8 562 563 561
1310 2 2 9 8 566 567 565
1311 2 2 9 8 564 565 563
1312 2 2 9 8 861 1150 659
1313 2 2 9 8 1015 1016 322
1314 2 2 9 8 1119 1134 1121
1315 2 2 9 8 660 663 635
1316 2 2 9 8 549 557 555
1317 2 2 9 8 569 570 567
1318 2 2 9 8 1021 1285 1022
1319 2 2 9 8 1226 1277 328
1320 2 2 9 8 1275 1667 769
1321 2 2 9 8 746 1163 864
1322 2 2 9 8 886 1511 962
1323 2 2 9 8 235 323 234
1324 2 2 9 8 731 732 657
1325 2 2 9 8 375 376 298
1326 2 2 9 8 674 695 694
1327 2 2 9 8 1202 1310 309
1328 2 2 9 8 537 538 535
1329 2 2 9 8 505 506 504
1330 2 2 9 8 534 535 532
1331 2 2 9 8 645 646 644
1332 2 2 9 8 430 1504 410
1333 2 2 9 8 771 1106 772
1334 2 2 9 8 932 1204 934
1335 2 2 9 8 1174 1180 1179
1336 2 2 9 8 331 767 113
1337 2 2 9 8 789 1355 792
1338 2 2 9 8 969 1513 1094
1339 2 2 9 8 687 1153 925
1340 2 2 9 8 686 1163 746
1341 2 2 9 8 1029 1030 1027
1342 2 2 9 8 1028 1031 1026
1343 2 2 9 8 380 1325 384
1344 2 2 9 8 1162 1163 686
1345 2 2 9 8 962 1235 887
1346 2 2 9 8 1258 1281 1144
1347 2 2 9 8 219 1146 218
1348 2 2 9 8 713 741 699
1349 2 2 9 8 534 1134 1119
1350 2 2 9 8 1089 1237 1045
1351 2 2 9 8 228 352 227
1352 2 2 9 8 583 1154 572
1353 2 2 9 8 783 1594 807
1354 2 2 9 8 523 524 521
1355 2 2 9 8 381 384 383
1356 2 2 9 8 810 812 811
1357 2 2 9 8 900 1585 901
1358 2 2 9 8 871 1529 1358
1359 2 2 9 8 347 1183 89
1360 2 2 9 8 689 1091 677
1361 2 2 9 8 1104 1655 1061
1362 2 2 9 8 684 1162 686
1363 2 2 9 8 627 629 628
1364 2 2 9 8 870 1588 1115
1365 2 2 9 8 1058 1104 1061
1366 2 2 9 8 79 371 78
1367 2 2 9 8 589 1638 654
1368 2 2 9 8 682 683 681
1369 2 2 9 8 523 525 524
1370 2 2 9 8 647 701 646
1371 2 2 9 8 1119 1121 1120
1372 2 2 9 8 226 1184 329
1373 2 2 9 8 605 681 578
1374 2 2 9 8 1180 1181 1179
1375 2 2 9 8 1028 1032 1031
1376 2 2 9 8 1177 1271 935
1377 2 2 9 8 73 325 72
1378 2 2 9 8 1038 1206 1041
1379 2 2 9 8 933 1270 1108
1380 2 2 9 8 1180 1182 1181
1381 2 2 9 8 936 1177 935
1382 2 2 9 8 1032 1033 1031
1383 2 2 9 8 792 839 793
1384 2 2 9 8 1184 1205 329
1385 2 2 9 8 1001 1372 435
1386 2 2 9 8 611 1152 522
1387 2 2 9 8 702 1553 1097
1388 2 2 9 8 1176 1177 936
1389 2 2 9 8 814 816 815
1390 2 2 9 8 938 1176 936
1391 2 2 9 8 939 1167 941
1392 2 2 9 8 329 1205 1194
1393 2 2 9 8 1169 1170 865
1394 2 2 9 8 1175 1176 938
1395 2 2 9 8 863 1169 865
1396 2 2 9 8 1169 1171 1170
1397 2 2 9 8 940 1175 938
1398 2 2 9 8 1171 1172 1170
1399 2 2 9 8 1171 1173 1172
1400 2 2 9 8 1173 1174 1172
1401 2 2 9 8 314 1201 1198
1402 2 2 9 8 223 1201 314
1403 2 2 9 8 83 1192 82
1404 2 2 9 8 311 1178 87
1405 2 2 9 8 87 1178 86
1406 2 2 9 8 224 1201 223
1407 2 2 9 8 225 1193 224
1408 2 2 9 8 329 1193 225
1409 2 2 9 8 226 329 225
1410 2 2 9 8 329 1194 1193
1411 2 2 9 8 86 1178 348
1412 2 2 9 8 86 348 85
1413 2 2 9 8 88 311 87
1414 2 2 9 8 223 314 222
1415 2 2 9 8 81 335 80
1416 2 2 9 8 1194 1195 1193
1417 2 2 9 8 1193 1201 224
1418 2 2 9 8 1194 1196 1195
1419 2 2 9 8 222 1199 221
1420 2 2 9 8 1196 1197 1195
1421 2 2 9 8 1197 1198 1195
1422 2 2 9 8 1195 1201 1193
1423 2 2 9 8 1198 1201 1195
1424 2 2 9 8 314 1199 222
1425 2 2 9 8 220 345 219
1426 2 2 9 8 1192 1200 82
1427 2 2 9 8 80 1165 79
1428 2 2 9 8 79 1165 371
1429 2 2 9 8 84 315 83
1430 2 2 9 8 82 1200 81
1431 2 2 9 8 335 1165 80
1432 2 2 9 8 81 1200 335
1433 2 2 9 8 315 1192 83
1434 2 2 9 8 943 946 945
1435 2 2 9 8 943 945 944
1436 2 2 9 8 943 944 942
1437 2 2 9 8 947 1175 940
1438 2 2 9 8 941 943 942
1439 2 2 9 8 942 947 940
1440 2 2 9 8 864 897 892
1441 2 2 9 8 892 1169 863
1442 2 2 9 8 941 942 940
1443 2 2 9 8 864 892 863
1444 2 2 9 8 1037 1167 939
1445 2 2 9 8 939 941 940
1446 2 2 9 8 863 865 862
1447 2 2 9 8 746 864 863
1448 2 2 9 8 937 1037 939
1449 2 2 9 8 939 940 938
1450 2 2 9 8 746 863 862
1451 2 2 9 8 937 939 938
1452 2 2 9 8 746 862 745
1453 2 2 9 8 1187 1188 1185
1454 2 2 9 8 1186 1190 1187
1455 2 2 9 8 551 1272 490
1456 2 2 9 8 937 938 936
1457 2 2 9 8 686 746 745
1458 2 2 9 8 1186 1187 1185
1459 2 2 9 8 488 551 490
1460 2 2 9 8 934 937 936
1461 2 2 9 8 876 1111 996
1462 2 2 9 8 172 324 171
1463 2 2 9 8 158 364 157
1464 2 2 9 8 126 342 125
1465 2 2 9 8 165 387 164
1466 2 2 9 8 139 367 138
1467 2 2 9 8 194 885 193
1468 2 2 9 8 124 1508 123
1469 2 2 9 8 133 368 132
1470 2 2 9 8 186 349 185
1471 2 2 9 8 118 964 117
1472 2 2 9 8 145 365 144
1473 2 2 9 8 151 363 150
1474 2 2 9 8 116 346 115
1475 2 2 9 8 686 745 685
1476 2 2 9 8 934 1204 937
1477 2 2 9 8 812 814 813
1478 2 2 9 8 447 1126 483
1479 2 2 9 8 247 1487 369
1480 2 2 9 8 291 1505 372
1481 2 2 9 8 662 673 649
1482 2 2 9 8 352 1186 1185
1483 2 2 9 8 488 490 489
1484 2 2 9 8 489 877 487
1485 2 2 9 8 227 1184 226
1486 2 2 9 8 352 1184 227
1487 2 2 9 8 937 1204 1037
1488 2 2 9 8 365 1389 144
1489 2 2 9 8 934 936 935
1490 2 2 9 8 1147 1618 968
1491 2 2 9 8 470 1275 1127
1492 2 2 9 8 1188 1205 1185
1493 2 2 9 8 596 1395 550
1494 2 2 9 8 1099 1101 736
1495 2 2 9 8 1185 1205 1184
1496 2 2 9 8 847 1226 839
1497 2 2 9 8 894 1162 684
1498 2 2 9 8 684 686 685
1499 2 2 9 8 1315 1668 1117
1500 2 2 9 8 903 1156 902
1501 2 2 9 8 929 1419 983
1502 2 2 9 8 503 505 504
1503 2 2 9 8 709 1279 607
1504 2 2 9 8 993 1575 147
1505 2 2 9 8 1096 1247 1156
1506 2 2 9 8 409 1353 435
1507 2 2 9 8 861 1151 1150
1508 2 2 9 8 665 855 854
1509 2 2 9 8 352 1185 1184
1510 2 2 9 8 496 1132 493
1511 2 2 9 8 1199 1251 946
1512 2 2 9 8 1099 1541 1400
1513 2 2 9 8 1547 1589 874
1514 2 2 9 8 447 483 446
1515 2 2 9 8 359 1668 1315
1516 2 2 9 8 1386 1595 1196
1517 2 2 9 8 919 1491 1160
1518 2 2 9 8 717 718 716
1519 2 2 9 8 178 337 177
1520 2 2 9 8 178 1345 337
1521 2 2 9 8 488 489 487
1522 2 2 9 8 109 370 108
1523 2 2 9 8 1290 1571 141
1524 2 2 9 8 231 762 230
1525 2 2 9 8 243 1550 326
1526 2 2 9 8 934 935 933
1527 2 2 9 8 554 593 592
1528 2 2 9 8 396 1565 196
1529 2 2 9 8 345 1241 1168
1530 2 2 9 8 467 1139 1114
1531 2 2 9 8 674 694 673
1532 2 2 9 8 833 1393 1264
1533 2 2 9 8 989 1109 664
1534 2 2 9 8 536 999 866
1535 2 2 9 8 1058 1061 571
1536 2 2 9 8 977 1656 981
1537 2 2 9 8 1021 1286 1285
1538 2 2 9 8 807 1559 992
1539 2 2 9 8 520 521 519
1540 2 2 9 8 816 818 817
1541 2 2 9 8 102 334 101
1542 2 2 9 8 624 1255 671
1543 2 2 9 8 461 1244 419
1544 2 2 9 8 521 1242 519
1545 2 2 9 8 902 1247 1090
1546 2 2 9 8 705 742 606
1547 2 2 9 8 1091 1590 679
1548 2 2 9 8 682 894 684
1549 2 2 9 8 684 685 683
1550 2 2 9 8 501 502 500
1551 2 2 9 8 792 793 791
1552 2 2 9 8 351 1541 1098
1553 2 2 9 8 287 1656 977
1554 2 2 9 8 911 1289 590
1555 2 2 9 8 1010 1422 926
1556 2 2 9 8 706 851 850
1557 2 2 9 8 786 1082 784
1558 2 2 9 8 1441 1459 752
1559 2 2 9 8 516 517 515
1560 2 2 9 8 510 540 508
1561 2 2 9 8 327 1657 1218
1562 2 2 9 8 877 1396 487
1563 2 2 9 8 299 1002 91
1564 2 2 9 8 1199 1241 221
1565 2 2 9 8 220 1241 345
1566 2 2 9 8 417 419 418
1567 2 2 9 8 512 513 511
1568 2 2 9 8 319 1236 1235
1569 2 2 9 8 1387 1592 1039
1570 2 2 9 8 105 1326 104
1571 2 2 9 8 595 1453 1445
1572 2 2 9 8 89 1183 88
1573 2 2 9 8 1372 1640 435
1574 2 2 9 8 1004 1376 869
1575 2 2 9 8 523 1152 526
1576 2 2 9 8 1180 1648 1182
1577 2 2 9 8 832 1484 1213
1578 2 2 9 8 513 515 514
1579 2 2 9 8 517 519 518
1580 2 2 9 8 692 1490 1282
1581 2 2 9 8 946 1251 945
1582 2 2 9 8 1131 1604 806
1583 2 2 9 8 579 687 620
1584 2 2 9 8 715 716 494
1585 2 2 9 8 1055 1537 1147
1586 2 2 9 8 818 821 820
1587 2 2 9 8 788 795 794
1588 2 2 9 8 1307 1314 1137
1589 2 2 9 8 503 504 502
1590 2 2 9 8 331 997 767
1591 2 2 9 8 507 509 508
1592 2 2 9 8 314 1251 1199
1593 2 2 9 8 601 1176 1175
1594 2 2 9 8 527 1144 525
1595 2 2 9 8 532 1258 529
1596 2 2 9 8 1155 1214 854
1597 2 2 9 8 755 1456 1209
1598 2 2 9 8 1062 1204 932
1599 2 2 9 8 624 1652 668
1600 2 2 9 8 576 1354 570
1601 2 2 9 8 975 1301 963
1602 2 2 9 8 509 511 510
1603 2 2 9 8 313 1362 1125
1604 2 2 9 8 654 1427 710
1605 2 2 9 8 444 447 446
1606 2 2 9 8 202 1525 332
1607 2 2 9 8 1232 1233 300
1608 2 2 9 8 1021 1022 830
1609 2 2 9 8 229 1267 228
1610 2 2 9 8 467 1114 466
1611 2 2 9 8 676 706 704
1612 2 2 9 8 675 1626 1018
1613 2 2 9 8 996 1279 709
1614 2 2 9 8 935 1271 1270
1615 2 2 9 8 510 558 540
1616 2 2 9 8 985 1450 1233
1617 2 2 9 8 473 769 121
1618 2 2 9 8 723 754 725
1619 2 2 9 8 423 1591 1398
1620 2 2 9 8 1285 1393 833
1621 2 2 9 8 617 1283 666
1622 2 2 9 8 233 353 232
1623 2 2 9 8 1117 1467 1315
1624 2 2 9 8 828 830 829
1625 2 2 9 8 441 443 442
1626 2 2 9 8 1173 1489 703
1627 2 2 9 8 437 439 438
1628 2 2 9 8 517 518 515
1629 2 2 9 8 682 1229 894
1630 2 2 9 8 453 1382 1092
1631 2 2 9 8 697 699 698
1632 2 2 9 8 756 1266 871
1633 2 2 9 8 821 828 823
1634 2 2 9 8 524 1242 521
1635 2 2 9 8 1356 1531 1131
1636 2 2 9 8 210 950 317
1637 2 2 9 8 697 698 695
1638 2 2 9 8 602 1067 770
1639 2 2 9 8 858 1413 1036
1640 2 2 9 8 424 426 425
1641 2 2 9 8 513 514 511
1642 2 2 9 8 577 1424 1203
1643 2 2 9 8 671 672 669
1644 2 2 9 8 1033 1394 1181
1645 2 2 9 8 509 512 511
1646 2 2 9 8 876 1620 1202
1647 2 2 9 8 765 1601 683
1648 2 2 9 8 1213 1484 1211
1649 2 2 9 8 1159 1234 350
1650 2 2 9 8 812 1538 814
1651 2 2 9 8 1298 1487 868
1652 2 2 9 8 504 1655 599
1653 2 2 9 8 352 1267 1186
1654 2 2 9 8 719 720 718
1655 2 2 9 8 857 1333 1038
1656 2 2 9 8 310 1467 1128
1657 2 2 9 8 419 421 420
1658 2 2 9 8 636 1671 632
1659 2 2 9 8 486 488 487
1660 2 2 9 8 498 501 500
1661 2 2 9 8 1128 1588 870
1662 2 2 9 8 1072 1215 843
1663 2 2 9 8 74 1222 73
1664 2 2 9 8 75 354 74
1665 2 2 9 8 76 1223 75
1666 2 2 9 8 340 1575 1083
1667 2 2 9 8 1032 1394 1033
1668 2 2 9 8 459 466 455
1669 2 2 9 8 439 441 440
1670 2 2 9 8 656 657 609
1671 2 2 9 8 388 390 389
1672 2 2 9 8 952 1573 1208
1673 2 2 9 8 903 1669 904
1674 2 2 9 8 904 1669 900
1675 2 2 9 8 1251 1299 945
1676 2 2 9 8 731 733 732
1677 2 2 9 8 221 1241 220
1678 2 2 9 8 1213 1672 832
1679 2 2 9 8 522 1152 523
1680 2 2 9 8 299 1653 1259
1681 2 2 9 8 1043 1044 357
1682 2 2 9 8 976 1584 135
1683 2 2 9 8 179 1345 178
1684 2 2 9 8 501 503 502
1685 2 2 9 8 513 516 515
1686 2 2 9 8 646 650 644
1687 2 2 9 8 617 619 618
1688 2 2 9 8 756 757 667
1689 2 2 9 8 792 1355 846
1690 2 2 9 8 1498 1606 879
1691 2 2 9 8 933 1108 931
1692 2 2 9 8 932 934 933
1693 2 2 9 8 413 417 415
1694 2 2 9 8 482 1443 621
1695 2 2 9 8 1171 1497 626
1696 2 2 9 8 409 435 411
1697 2 2 9 8 951 1512 960
1698 2 2 9 8 860 861 659
1699 2 2 9 8 1292 1574 990
1700 2 2 9 8 241 1449 240
1701 2 2 9 8 443 1328 444
1702 2 2 9 8 421 424 422
1703 2 2 9 8 1309 1511 886
1704 2 2 9 8 465 1613 1153
1705 2 2 9 8 930 1062 932
1706 2 2 9 8 507 508 506
1707 2 2 9 8 1058 1530 1238
1708 2 2 9 8 682 684 683
1709 2 2 9 8 517 520 519
1710 2 2 9 8 529 1258 527
1711 2 2 9 8 1208 1621 952
1712 2 2 9 8 573 581 575
1713 2 2 9 8 1085 1359 1141
1714 2 2 9 8 1084 1622 453
1715 2 2 9 8 1212 1458 1381
1716 2 2 9 8 1030 1322 1297
1717 2 2 9 8 581 603 582
1718 2 2 9 8 520 522 521
1719 2 2 9 8 640 1231 638
1720 2 2 9 8 683 1601 1228
1721 2 2 9 8 587 880 651
1722 2 2 9 8 285 992 953
1723 2 2 9 8 1026 1406 1024
1724 2 2 9 8 694 1006 874
1725 2 2 9 8 507 1164 509
1726 2 2 9 8 286 955 954
1727 2 2 9 8 1198 1251 314
1728 2 2 9 8 620 1229 605
1729 2 2 9 8 649 1260 647
1730 2 2 9 8 693 1090 689
1731 2 2 9 8 294 477 476
1732 2 2 9 8 301 1562 217
1733 2 2 9 8 499 554 553
1734 2 2 9 8 426 428 427
1735 2 2 9 8 527 1258 1144
1736 2 2 9 8 1336 1498 1250
1737 2 2 9 8 558 560 559
1738 2 2 9 8 358 1513 1276
1739 2 2 9 8 614 617 616
1740 2 2 9 8 901 1595 1386
1741 2 2 9 8 586 1012 612
1742 2 2 9 8 488 1379 551
1743 2 2 9 8 1202 1311 1111
1744 2 2 9 8 723 1330 754
1745 2 2 9 8 1349 1496 1135
1746 2 2 9 8 1466 1606 912
1747 2 2 9 8 748 749 672
1748 2 2 9 8 482 621 486
1749 2 2 9 8 926 1548 296
1750 2 2 9 8 600 609 598
1751 2 2 9 8 668 1528 624
1752 2 2 9 8 36 302 35
1753 2 2 9 8 1231 1391 743
1754 2 2 9 8 1094 1417 1064
1755 2 2 9 8 525 1144 536
1756 2 2 9 8 1379 1419 1108
1757 2 2 9 8 967 1402 1107
1758 2 2 9 8 286 956 955
1759 2 2 9 8 732 1340 1321
1760 2 2 9 8 629 1250 631
1761 2 2 9 8 368 403 341
1762 2 2 9 8 405 1659 1125
1763 2 2 9 8 557 584 555
1764 2 2 9 8 694 874 673
1765 2 2 9 8 354 1384 1222
1766 2 2 9 8 1363 1380 729
1767 2 2 9 8 547 1339 1266
1768 2 2 9 8 1460 1461 449
1769 2 2 9 8 844 845 806
1770 2 2 9 8 1516 1662 1051
1771 2 2 9 8 64 1645 330
1772 2 2 9 8 1247 1435 1090
1773 2 2 9 8 526 1243 528
1774 2 2 9 8 473 1506 1127
1775 2 2 9 8 525 536 524
1776 2 2 9 8 95 1546 94
1777 2 2 9 8 195 1565 885
1778 2 2 9 8 586 611 522
1779 2 2 9 8 700 1059 698
1780 2 2 9 8 1144 1281 999
1781 2 2 9 8 913 1429 1206
1782 2 2 9 8 1092 1382 829
1783 2 2 9 8 605 1229 682
1784 2 2 9 8 347 1425 1183
1785 2 2 9 8 131 341 130
1786 2 2 9 8 695 1262 694
1787 2 2 9 8 1105 1431 780
1788 2 2 9 8 698 1262 695
1789 2 2 9 8 944 1490 1093
1790 2 2 9 8 1093 1490 691
1791 2 2 9 8 533 1365 1161
1792 2 2 9 8 511 1248 510
1793 2 2 9 8 1296 1297 1223
1794 2 2 9 8 610 1258 532
1795 2 2 9 8 371 1297 1296
1796 2 2 9 8 1288 1558 1244
1797 2 2 9 8 1194 1386 1196
1798 2 2 9 8 715 717 716
1799 2 2 9 8 473 1127 769
1800 2 2 9 8 1027 1274 1028
1801 2 2 9 8 597 598 596
1802 2 2 9 8 1550 1606 1498
1803 2 2 9 8 141 1571 344
1804 2 2 9 8 528 539 530
1805 2 2 9 8 969 1141 741
1806 2 2 9 8 1029 1322 1030
1807 2 2 9 8 569 576 570
1808 2 2 9 8 566 569 567
1809 2 2 9 8 305 1533 1155
1810 2 2 9 8 1063 1654 544
1811 2 2 9 8 560 562 561
1812 2 2 9 8 1516 1645 1050
1813 2 2 9 8 871 872 757
1814 2 2 9 8 228 1267 352
1815 2 2 9 8 35 1252 34
1816 2 2 9 8 37 1234 36
1817 2 2 9 8 206 339 205
1818 2 2 9 8 591 659 590
1819 2 2 9 8 564 566 565
1820 2 2 9 8 678 1535 690
1821 2 2 9 8 1147 1537 39
1822 2 2 9 8 982 1093 691
1823 2 2 9 8 562 564 563
1824 2 2 9 8 1297 1322 1223
1825 2 2 9 8 1198 1299 1251
1826 2 2 9 8 873 1380 1363
1827 2 2 9 8 737 738 726
1828 2 2 9 8 200 332 199
1829 2 2 9 8 919 1160 889
1830 2 2 9 8 405 1125 407
1831 2 2 9 8 542 544 543
1832 2 2 9 8 1261 1515 1151
1833 2 2 9 8 1030 1274 1027
1834 2 2 9 8 589 653 652
1835 2 2 9 8 935 1270 933
1836 2 2 9 8 535 610 532
1837 2 2 9 8 607 1279 588
1838 2 2 9 8 986 1158 1157
1839 2 2 9 8 33 1253 32
1840 2 2 9 8 587 1332 880
1841 2 2 9 8 717 719 718
1842 2 2 9 8 1120 1589 1547
1843 2 2 9 8 436 1569 922
1844 2 2 9 8 785 786 784
1845 2 2 9 8 1334 1335 337
1846 2 2 9 8 354 1222 74
1847 2 2 9 8 75 1223 354
1848 2 2 9 8 1035 1532 1113
1849 2 2 9 8 450 1421 424
1850 2 2 9 8 798 799 797
1851 2 2 9 8 1220 1230 766
1852 2 2 9 8 876 996 709
1853 2 2 9 8 861 1261 1151
1854 2 2 9 8 1188 1386 1205
1855 2 2 9 8 376 377 298
1856 2 2 9 8 495 499 497
1857 2 2 9 8 1059 1262 698
1858 2 2 9 8 777 1355 789
1859 2 2 9 8 699 700 698
1860 2 2 9 8 539 1468 1086
1861 2 2 9 8 1396 1442 752
1862 2 2 9 8 945 1282 944
1863 2 2 9 8 690 1535 1472
1864 2 2 9 8 464 1398 1330
1865 2 2 9 8 1425 1494 1183
1866 2 2 9 8 633 660 635
1867 2 2 9 8 758 1242 524
1868 2 2 9 8 796 797 786
1869 2 2 9 8 34 351 33
1870 2 2 9 8 38 350 37
1871 2 2 9 8 702 1663 1553
1872 2 2 9 8 720 728 722
1873 2 2 9 8 1333 1617 1038
1874 2 2 9 8 605 682 681
1875 2 2 9 8 745 1536 685
1876 2 2 9 8 505 1240 507
1877 2 2 9 8 516 1280 517
1878 2 2 9 8 792 846 839
1879 2 2 9 8 497 498 496
1880 2 2 9 8 1284 1475 1230
1881 2 2 9 8 1071 1112 476
1882 2 2 9 8 73 1222 325
1883 2 2 9 8 694 1262 1006
1884 2 2 9 8 77 1296 76
1885 2 2 9 8 672 1542 669
1886 2 2 9 8 902 1669 903
1887 2 2 9 8 1161 1365 1123
1888 2 2 9 8 509 510 508
1889 2 2 9 8 877 1408 1126
1890 2 2 9 8 714 1245 750
1891 2 2 9 8 606 1482 576
1892 2 2 9 8 552 590 518
1893 2 2 9 8 1301 1504 430
1894 2 2 9 8 412 430 410
1895 2 2 9 8 1398 1591 1330
1896 2 2 9 8 39 1646 1147
1897 2 2 9 8 681 1374 578
1898 2 2 9 8 1117 1668 1116
1899 2 2 9 8 846 847 839
1900 2 2 9 8 514 1248 511
1901 2 2 9 8 542 543 538
1902 2 2 9 8 1024 1542 672
1903 2 2 9 8 722 1265 924
1904 2 2 9 8 1294 1557 779
1905 2 2 9 8 644 1231 640
1906 2 2 9 8 679 1590 1413
1907 2 2 9 8 612 613 611
1908 2 2 9 8 517 1280 520
1909 2 2 9 8 1150 1567 911
1910 2 2 9 8 414 1368 412
1911 2 2 9 8 76 1296 1223
1912 2 2 9 8 449 1568 437
1913 2 2 9 8 603 1255 604
1914 2 2 9 8 353 1566 1191
1915 2 2 9 8 1197 1299 1198
1916 2 2 9 8 1210 1219 190
1917 2 2 9 8 519 552 518
1918 2 2 9 8 519 1242 552
1919 2 2 9 8 338 912 244
1920 2 2 9 8 579 620 605
1921 2 2 9 8 751 961 738
1922 2 2 9 8 536 866 758
1923 2 2 9 8 1179 1479 348
1924 2 2 9 8 586 1280 1012
1925 2 2 9 8 866 1560 1149
1926 2 2 9 8 887 1118 711
1927 2 2 9 8 857 1401 1333
1928 2 2 9 8 1028 1420 1032
1929 2 2 9 8 591 860 659
1930 2 2 9 8 32 1254 31
1931 2 2 9 8 650 1231 644
1932 2 2 9 8 515 1289 514
1933 2 2 9 8 1137 1661 1519
1934 2 2 9 8 560 740 562
1935 2 2 9 8 700 1060 1059
1936 2 2 9 8 673 1260 649
1937 2 2 9 8 656 731 657
1938 2 2 9 8 1152 1243 526
1939 2 2 9 8 518 1289 515
1940 2 2 9 8 989 1663 1109
1941 2 2 9 8 503 547 505
1942 2 2 9 8 333 1247 1096
1943 2 2 9 8 416 451 414
1944 2 2 9 8 866 1209 758
1945 2 2 9 8 241 1572 1449
1946 2 2 9 8 520 586 522
1947 2 2 9 8 348 1479 85
1948 2 2 9 8 84 1479 315
1949 2 2 9 8 1631 1658 1474
1950 2 2 9 8 657 1321 755
1951 2 2 9 8 170 366 169
1952 2 2 9 8 510 1248 558
1953 2 2 9 8 306 398 397
1954 2 2 9 8 556 596 550
1955 2 2 9 8 408 460 406
1956 2 2 9 8 1200 1420 335
1957 2 2 9 8 604 1580 622
1958 2 2 9 8 1100 1492 1254
1959 2 2 9 8 808 1630 1087
1960 2 2 9 8 764 852 603
1961 2 2 9 8 1196 1317 1197
1962 2 2 9 8 1112 1525 476
1963 2 2 9 8 1077 1605 1078
1964 2 2 9 8 752 1459 481
1965 2 2 9 8 536 758 524
1966 2 2 9 8 586 612 611
1967 2 2 9 8 719 1238 720
1968 2 2 9 8 1169 1497 1171
1969 2 2 9 8 1163 1203 864
1970 2 2 9 8 564 568 566
1971 2 2 9 8 182 1385 1042
1972 2 2 9 8 945 1299 1282
1973 2 2 9 8 1188 1639 1386
1974 2 2 9 8 1100 1254 1253
1975 2 2 9 8 509 1164 512
1976 2 2 9 8 1203 1249 577
1977 2 2 9 8 1183 1494 311
1978 2 2 9 8 900 1669 902
1979 2 2 9 8 600 656 609
1980 2 2 9 8 910 1374 1228
1981 2 2 9 8 909 1220 766
1982 2 2 9 8 444 446 445
1983 2 2 9 8 28 1291 27
1984 2 2 9 8 1264 1385 377
1985 2 2 9 8 463 475 452
1986 2 2 9 8 864 1203 897
1987 2 2 9 8 614 615 613
1988 2 2 9 8 1175 1436 601
1989 2 2 9 8 797 1476 786
1990 2 2 9 8 1380 1449 891
1991 2 2 9 8 597 600 598
1992 2 2 9 8 860 1340 861
1993 2 2 9 8 231 1430 762
1994 2 2 9 8 464 1330 723
1995 2 2 9 8 154 1426 1371
1996 2 2 9 8 1355 1557 846
1997 2 2 9 8 627 859 629
1998 2 2 9 8 705 952 742
1999 2 2 9 8 552 591 590
2000 2 2 9 8 852 1255 603
2001 2 2 9 8 981 1531 1356
2002 2 2 9 8 394 1581 431
2003 2 2 9 8 31 304 30
2004 2 2 9 8 874 1260 673
2005 2 2 9 8 41 303 40
2006 2 2 9 8 485 752 481
2007 2 2 9 8 720 1238 728
2008 2 2 9 8 711 712 655
2009 2 2 9 8 158 1610 364
2010 2 2 9 8 717 1140 719
2011 2 2 9 8 1450 1649 300
2012 2 2 9 8 1255 1464 671
2013 2 2 9 8 616 627 615
2014 2 2 9 8 624 671 669
2015 2 2 9 8 309 1318 1311
2016 2 2 9 8 323 1566 234
2017 2 2 9 8 677 679 594
2018 2 2 9 8 660 878 663
2019 2 2 9 8 593 594 592
2020 2 2 9 8 1287 1545 288
2021 2 2 9 8 1391 1605 743
2022 2 2 9 8 155 1327 290
2023 2 2 9 8 735 1395 596
2024 2 2 9 8 544 1654 549
2025 2 2 9 8 590 1289 518
2026 2 2 9 8 617 618 616
2027 2 2 9 8 30 1292 29
2028 2 2 9 8 1118 1378 1046
2029 2 2 9 8 1 1552 229
2030 2 2 9 8 1277 1602 1074
2031 2 2 9 8 887 1378 1118
2032 2 2 9 8 1288 1481 1478
2033 2 2 9 8 189 1650 188
2034 2 2 9 8 302 1252 35
2035 2 2 9 8 36 1234 302
2036 2 2 9 8 42 1276 41
2037 2 2 9 8 770 1522 1085
2038 2 2 9 8 727 739 737
2039 2 2 9 8 727 1616 739
2040 2 2 9 8 545 881 543
2041 2 2 9 8 538 1278 535
2042 2 2 9 8 1160 1491 484
2043 2 2 9 8 1285 1596 1393
2044 2 2 9 8 313 1584 1362
2045 2 2 9 8 860 1456 1321
2046 2 2 9 8 1269 1520 898
2047 2 2 9 8 738 1415 726
2048 2 2 9 8 556 893 597
2049 2 2 9 8 802 1600 1559
2050 2 2 9 8 737 751 738
2051 2 2 9 8 447 1442 1126
2052 2 2 9 8 1262 1364 1006
2053 2 2 9 8 612 614 613
2054 2 2 9 8 1021 1287 1286
2055 2 2 9 8 725 727 726
2056 2 2 9 8 1381 1458 402
2057 2 2 9 8 394 431 395
2058 2 2 9 8 1136 1640 1372
2059 2 2 9 8 1439 1605 1391
2060 2 2 9 8 230 1552 1
2061 2 2 9 8 29 355 28
2062 2 2 9 8 544 549 545
2063 2 2 9 8 1190 1430 353
2064 2 2 9 8 1297 1500 1030
2065 2 2 9 8 353 1430 232
2066 2 2 9 8 1059 1364 1262
2067 2 2 9 8 727 737 726
2068 2 2 9 8 495 496 493
2069 2 2 9 8 78 1563 4
2070 2 2 9 8 385 761 386
2071 2 2 9 8 556 597 596
2072 2 2 9 8 1460 1485 1457
2073 2 2 9 8 375 379 376
2074 2 2 9 8 51 1308 50
2075 2 2 9 8 43 358 42
2076 2 2 9 8 834 1428 1020
2077 2 2 9 8 622 1615 582
2078 2 2 9 8 1343 1429 445
2079 2 2 9 8 619 729 618
2080 2 2 9 8 1138 1518 952
2081 2 2 9 8 728 1265 722
2082 2 2 9 8 1457 1461 1460
2083 2 2 9 8 878 1411 663
2084 2 2 9 8 691 1535 678
2085 2 2 9 8 1151 1515 568
2086 2 2 9 8 846 1557 1294
2087 2 2 9 8 714 750 715
2088 2 2 9 8 1506 1609 1127
2089 2 2 9 8 1434 1438 906
2090 2 2 9 8 462 1403 1398
2091 2 2 9 8 810 811 795
2092 2 2 9 8 17 1307 16
2093 2 2 9 8 20 1312 19
2094 2 2 9 8 757 1363 667
2095 2 2 9 8 569 587 576
2096 2 2 9 8 891 995 747
2097 2 2 9 8 54 1305 53
2098 2 2 9 8 1094 1513 1417
2099 2 2 9 8 4 1563 77
2100 2 2 9 8 840 1428 1069
2101 2 2 9 8 12 868 11
2102 2 2 9 8 453 1622 1382
2103 2 2 9 8 528 1243 539
2104 2 2 9 8 600 658 656
2105 2 2 9 8 13 1298 12
2106 2 2 9 8 725 726 724
2107 2 2 9 8 14 361 13
2108 2 2 9 8 366 1578 1068
2109 2 2 9 8 931 1419 929
2110 2 2 9 8 289 1210 191
2111 2 2 9 8 729 747 618
2112 2 2 9 8 570 1354 573
2113 2 2 9 8 460 1348 406
2114 2 2 9 8 44 1295 43
2115 2 2 9 8 1044 1334 357
2116 2 2 9 8 451 1368 414
2117 2 2 9 8 751 1009 961
2118 2 2 9 8 1191 1566 323
2119 2 2 9 8 171 1579 170
2120 2 2 9 8 824 1264 377
2121 2 2 9 8 731 1048 733
2122 2 2 9 8 34 1252 351
2123 2 2 9 8 651 959 705
2124 2 2 9 8 350 1234 37
2125 2 2 9 8 544 545 543
2126 2 2 9 8 699 1359 700
2127 2 2 9 8 788 794 778
2128 2 2 9 8 623 1580 604
2129 2 2 9 8 741 1359 699
2130 2 2 9 8 497 1357 498
2131 2 2 9 8 18 1314 17
2132 2 2 9 8 50 1318 49
2133 2 2 9 8 456 1414 1207
2134 2 2 9 8 1559 1594 802
2135 2 2 9 8 614 616 615
2136 2 2 9 8 1223 1322 354
2137 2 2 9 8 53 1306 52
2138 2 2 9 8 15 1300 14
2139 2 2 9 8 499 553 497
2140 2 2 9 8 667 1363 619
2141 2 2 9 8 580 1373 1341
2142 2 2 9 8 1504 1637 460
2143 2 2 9 8 581 764 603
2144 2 2 9 8 520 1280 586
2145 2 2 9 8 507 1240 1164
2146 2 2 9 8 21 1313 20
2147 2 2 9 8 859 1250 629
2148 2 2 9 8 582 1615 1424
2149 2 2 9 8 351 1253 33
2150 2 2 9 8 1003 1095 1002
2151 2 2 9 8 723 725 724
2152 2 2 9 8 45 308 44
2153 2 2 9 8 670 1542 1406
2154 2 2 9 8 486 487 485
2155 2 2 9 8 1141 1359 741
2156 2 2 9 8 498 585 501
2157 2 2 9 8 932 933 931
2158 2 2 9 8 26 305 25
2159 2 2 9 8 46 1303 45
2160 2 2 9 8 57 360 56
2161 2 2 9 8 761 1392 1224
2162 2 2 9 8 1155 1291 1214
2163 2 2 9 8 801 844 806
2164 2 2 9 8 549 555 550
2165 2 2 9 8 55 319 54
2166 2 2 9 8 929 983 927
2167 2 2 9 8 16 321 15
2168 2 2 9 8 417 418 415
2169 2 2 9 8 715 1320 717
2170 2 2 9 8 621 1379 486
2171 2 2 9 8 875 1397 1304
2172 2 2 9 8 162 1409 286
2173 2 2 9 8 669 1652 624
2174 2 2 9 8 456 1207 458
2175 2 2 9 8 322 1138 69
2176 2 2 9 8 298 1385 182
2177 2 2 9 8 52 318 51
2178 2 2 9 8 47 362 46
2179 2 2 9 8 619 1363 729
2180 2 2 9 8 19 320 18
2181 2 2 9 8 535 1278 610
2182 2 2 9 8 356 1323 1046
2183 2 2 9 8 1634 1654 1063
2184 2 2 9 8 1149 1560 735
2185 2 2 9 8 560 1316 740
2186 2 2 9 8 437 438 434
2187 2 2 9 8 24 359 23
2188 2 2 9 8 930 1407 1062
2189 2 2 9 8 1205 1386 1194
2190 2 2 9 8 1221 1462 305
2191 2 2 9 8 164 1523 163
2192 2 2 9 8 554 592 553
2193 2 2 9 8 911 1405 1289
2194 2 2 9 8 1321 1340 860
2195 2 2 9 8 48 1310 47
2196 2 2 9 8 587 606 576
2197 2 2 9 8 714 715 494
2198 2 2 9 8 816 817 815
2199 2 2 9 8 23 1315 22
2200 2 2 9 8 1248 1316 558
2201 2 2 9 8 814 815 813
2202 2 2 9 8 359 1462 1221
2203 2 2 9 8 1136 1611 461
2204 2 2 9 8 843 1216 970
2205 2 2 9 8 389 1054 307
2206 2 2 9 8 137 1656 287
2207 2 2 9 8 39 1537 38
2208 2 2 9 8 464 465 463
2209 2 2 9 8 479 484 401
2210 2 2 9 8 49 309 48
2211 2 2 9 8 981 1356 977
2212 2 2 9 8 22 310 21
2213 2 2 9 8 812 813 811
2214 2 2 9 8 750 1320 715
2215 2 2 9 8 676 1411 706
2216 2 2 9 8 1214 1291 355
2217 2 2 9 8 486 1379 488
2218 2 2 9 8 898 1520 831
2219 2 2 9 8 803 1431 1105
2220 2 2 9 8 1407 1540 216
2221 2 2 9 8 924 1401 857
2222 2 2 9 8 729 891 747
2223 2 2 9 8 1253 1254 32
2224 2 2 9 8 1294 1603 1602
2225 2 2 9 8 1233 1450 300
2226 2 2 9 8 579 605 578
2227 2 2 9 8 471 1609 1034
2228 2 2 9 8 764 1324 852
2229 2 2 9 8 902 1090 693
2230 2 2 9 8 771 1421 1106
2231 2 2 9 8 385 386 383
2232 2 2 9 8 1048 1383 733
2233 2 2 9 8 1250 1418 631
2234 2 2 9 8 134 1660 368
2235 2 2 9 8 366 1233 1232
2236 2 2 9 8 1090 1435 1091
2237 2 2 9 8 912 1550 243
2238 2 2 9 8 399 402 397
2239 2 2 9 8 441 442 440
2240 2 2 9 8 378 824 377
2241 2 2 9 8 861 1340 1261
2242 2 2 9 8 587 651 606
2243 2 2 9 8 740 1329 562
2244 2 2 9 8 547 1240 505
2245 2 2 9 8 565 1576 563
2246 2 2 9 8 1494 1593 311
2247 2 2 9 8 91 1653 299
2248 2 2 9 8 980 1362 978
2249 2 2 9 8 315 1394 1192
2250 2 2 9 8 211 950 210
2251 2 2 9 8 1057 1530 1058
2252 2 2 9 8 1051 1662 1488
2253 2 2 9 8 1386 1639 901
2254 2 2 9 8 923 1074 804
2255 2 2 9 8 1317 1471 1197
2256 2 2 9 8 564 1329 568
2257 2 2 9 8 424 425 422
2258 2 2 9 8 830 896 829
2259 2 2 9 8 1315 1467 310
2260 2 2 9 8 558 1316 560
2261 2 2 9 8 786 1476 1082
2262 2 2 9 8 975 1637 1301
2263 2 2 9 8 818 820 817
2264 2 2 9 8 419 420 418
2265 2 2 9 8 872 873 757
2266 2 2 9 8 1054 1148 307
2267 2 2 9 8 651 705 606
2268 2 2 9 8 589 652 584
2269 2 2 9 8 871 1453 872
2270 2 2 9 8 839 1227 793
2271 2 2 9 8 426 427 425
2272 2 2 9 8 157 1501 156
2273 2 2 9 8 501 1339 503
2274 2 2 9 8 1534 1565 396
2275 2 2 9 8 1143 1480 516
2276 2 2 9 8 439 440 438
2277 2 2 9 8 443 444 442
2278 2 2 9 8 821 823 820
2279 2 2 9 8 555 556 550
2280 2 2 9 8 594 595 592
2281 2 2 9 8 1126 1442 1396
2282 2 2 9 8 546 1636 541
2283 2 2 9 8 377 1385 298
2284 2 2 9 8 1090 1091 689
2285 2 2 9 8 1031 1406 1026
2286 2 2 9 8 1107 1402 472
2287 2 2 9 8 956 958 957
2288 2 2 9 8 969 1618 1513
2289 2 2 9 8 828 829 823
2290 2 2 9 8 492 495 493
2291 2 2 9 8 543 1278 538
2292 2 2 9 8 549 550 545
2293 2 2 9 8 317 1257 916
2294 2 2 9 8 1212 1213 1211
2295 2 2 9 8 1264 1393 1043
2296 2 2 9 8 495 497 496
2297 2 2 9 8 1432 1626 675
2298 2 2 9 8 341 994 130
2299 2 2 9 8 40 1646 39
2300 2 2 9 8 958 1273 987
2301 2 2 9 8 959 1619 1383
2302 2 2 9 8 711 1118 712
2303 2 2 9 8 1126 1408 483
2304 2 2 9 8 458 578 457
2305 2 2 9 8 1129 1526 988
2306 2 2 9 8 378 832 825
2307 2 2 9 8 1330 1331 754
2308 2 2 9 8 1068 1578 324
2309 2 2 9 8 724 1613 465
2310 2 2 9 8 1371 1426 328
2311 2 2 9 8 990 1574 991
2312 2 2 9 8 431 455 432
2313 2 2 9 8 428 429 427
2314 2 2 9 8 663 1411 676
2315 2 2 9 8 949 1212 1211
2316 2 2 9 8 233 1566 353
2317 2 2 9 8 421 422 420
2318 2 2 9 8 579 1390 687
2319 2 2 9 8 382 1499 293
2320 2 2 9 8 905 1068 324
2321 2 2 9 8 844 882 845
2322 2 2 9 8 1158 1649 1157
2323 2 2 9 8 556 1375 893
2324 2 2 9 8 1018 1626 1019
2325 2 2 9 8 288 1545 175
2326 2 2 9 8 1575 1600 1083
2327 2 2 9 8 1125 1353 407
2328 2 2 9 8 150 1486 149
2329 2 2 9 8 1260 1589 701
2330 2 2 9 8 717 1320 1140
2331 2 2 9 8 492 493 491
2332 2 2 9 8 1359 1522 700
2333 2 2 9 8 827 837 836
2334 2 2 9 8 918 1468 1243
2335 2 2 9 8 977 978 976
2336 2 2 9 8 343 1410 1066
2337 2 2 9 8 949 1458 1212
2338 2 2 9 8 484 1433 401
2339 2 2 9 8 562 1329 564
2340 2 2 9 8 192 885 289
2341 2 2 9 8 1257 1635 916
2342 2 2 9 8 1499 1546 856
2343 2 2 9 8 1352 1456 591
2344 2 2 9 8 826 1302 833
2345 2 2 9 8 1067 1654 1634
2346 2 2 9 8 671 1464 748
2347 2 2 9 8 568 1332 566
2348 2 2 9 8 1403 1465 1398
2349 2 2 9 8 837 889 838
2350 2 2 9 8 881 1278 543
2351 2 2 9 8 1111 1427 996
2352 2 2 9 8 798 867 799
2353 2 2 9 8 1288 1478 450
2354 2 2 9 8 735 1423 1395
2355 2 2 9 8 392 394 393
2356 2 2 9 8 986 1549 1158
2357 2 2 9 8 1248 1405 1316
2358 2 2 9 8 1361 1569 448
2359 2 2 9 8 1209 1456 1352
2360 2 2 9 8 1435 1583 1036
2361 2 2 9 8 671 748 672
2362 2 2 9 8 761 1224 910
2363 2 2 9 8 1098 1541 1099
2364 2 2 9 8 979 980 978
2365 2 2 9 8 685 1536 765
2366 2 2 9 8 865 1425 862
2367 2 2 9 8 949 1211 1210
2368 2 2 9 8 1209 1352 758
2369 2 2 9 8 1542 1652 669
2370 2 2 9 8 785 796 786
2371 2 2 9 8 1301 1637 1504
2372 2 2 9 8 376 378 377
2373 2 2 9 8 973 1404 974
2374 2 2 9 8 458 579 578
2375 2 2 9 8 688 921 730
2376 2 2 9 8 899 1472 1317
2377 2 2 9 8 627 1351 859
2378 2 2 9 8 1235 1378 887
2379 2 2 9 8 573 1354 581
2380 2 2 9 8 31 1254 304
2381 2 2 9 8 566 1332 569
2382 2 2 9 8 390 392 391
2383 2 2 9 8 428 1444 429
2384 2 2 9 8 135 1584 313
2385 2 2 9 8 631 1418 633
2386 2 2 9 8 831 1302 826
2387 2 2 9 8 878 1466 1411
2388 2 2 9 8 1158 1549 1399
2389 2 2 9 8 317 916 209
2390 2 2 9 8 311 1593 1178
2391 2 2 9 8 723 724 465
2392 2 2 9 8 738 1416 1415
2393 2 2 9 8 232 1430 231
2394 2 2 9 8 796 798 797
2395 2 2 9 8 1015 1670 1016
2396 2 2 9 8 739 1341 737
2397 2 2 9 8 1046 1378 1089
2398 2 2 9 8 325 1367 72
2399 2 2 9 8 552 1352 591
2400 2 2 9 8 334 1325 100
2401 2 2 9 8 825 826 824
2402 2 2 9 8 1110 1268 625
2403 2 2 9 8 1383 1619 733
2404 2 2 9 8 655 1293 653
2405 2 2 9 8 719 1346 1238
2406 2 2 9 8 1242 1352 552
2407 2 2 9 8 297 1347 966
2408 2 2 9 8 782 785 784
2409 2 2 9 8 653 768 652
2410 2 2 9 8 660 879 878
2411 2 2 9 8 316 1527 1023
2412 2 2 9 8 1220 1259 1230
2413 2 2 9 8 836 898 831
2414 2 2 9 8 1008 1521 1323
2415 2 2 9 8 443 1463 1328
2416 2 2 9 8 616 1351 627
2417 2 2 9 8 1140 1346 719
2418 2 2 9 8 394 395 393
2419 2 2 9 8 827 831 826
2420 2 2 9 8 1324 1509 852
2421 2 2 9 8 687 925 688
2422 2 2 9 8 748 1015 749
2423 2 2 9 8 405 407 406
2424 2 2 9 8 1230 1475 766
2425 2 2 9 8 360 1469 1237
2426 2 2 9 8 1216 1217 970
2427 2 2 9 8 487 1396 485
2428 2 2 9 8 873 1363 757
2429 2 2 9 8 1268 1635 625
2430 2 2 9 8 1123 1391 650
2431 2 2 9 8 651 1564 959
2432 2 2 9 8 747 1351 618
2433 2 2 9 8 1036 1590 1435
2434 2 2 9 8 456 457 432
2435 2 2 9 8 772 1106 1105
2436 2 2 9 8 870 1432 680
2437 2 2 9 8 725 1524 727
2438 2 2 9 8 859 1336 1250
2439 2 2 9 8 1299 1471 1282
2440 2 2 9 8 922 1361 1360
2441 2 2 9 8 1114 1142 466
2442 2 2 9 8 847 1277 1226
2443 2 2 9 8 737 1341 751
2444 2 2 9 8 761 910 386
2445 2 2 9 8 25 1462 24
2446 2 2 9 8 569 1332 587
2447 2 2 9 8 1244 1644 867
2448 2 2 9 8 287 977 976
2449 2 2 9 8 59 884 58
2450 2 2 9 8 867 1369 799
2451 2 2 9 8 1415 1416 925
2452 2 2 9 8 58 1469 57
2453 2 2 9 8 416 452 451
2454 2 2 9 8 134 368 133
2455 2 2 9 8 893 1338 597
2456 2 2 9 8 1357 1358 585
2457 2 2 9 8 1120 1547 546
2458 2 2 9 8 977 979 978
2459 2 2 9 8 597 1338 600
2460 2 2 9 8 865 1494 1425
2461 2 2 9 8 633 1418 660
2462 2 2 9 8 832 1672 1437
2463 2 2 9 8 514 1405 1248
2464 2 2 9 8 988 1526 285
2465 2 2 9 8 1246 1491 919
2466 2 2 9 8 1243 1468 539
2467 2 2 9 8 752 1442 1441
2468 2 2 9 8 304 1292 30
2469 2 2 9 8 1224 1543 457
2470 2 2 9 8 1433 1491 1381
2471 2 2 9 8 498 1357 585
2472 2 2 9 8 968 1618 969
2473 2 2 9 8 399 1433 402
2474 2 2 9 8 1236 1495 360
2475 2 2 9 8 1502 1551 1000
2476 2 2 9 8 319 1495 1236
2477 2 2 9 8 355 1291 28
2478 2 2 9 8 904 1639 1188
2479 2 2 9 8 906 1460 1434
2480 2 2 9 8 41 1276 303
2481 2 2 9 8 1067 1634 770
2482 2 2 9 8 584 1375 555
2483 2 2 9 8 1289 1405 514
2484 2 2 9 8 600 1338 658
2485 2 2 9 8 758 1352 1242
2486 2 2 9 8 706 1011 851
2487 2 2 9 8 462 464 463
2488 2 2 9 8 1215 1503 1216
2489 2 2 9 8 415 416 414
2490 2 2 9 8 427 454 425
2491 2 2 9 8 485 1396 752
2492 2 2 9 8 995 1493 747
2493 2 2 9 8 503 1339 547
2494 2 2 9 8 422 423 420
2495 2 2 9 8 413 415 414
2496 2 2 9 8 840 1545 1287
2497 2 2 9 8 1256 1446 1057
2498 2 2 9 8 229 1552 1267
2499 2 2 9 8 413 414 412
2500 2 2 9 8 846 1294 847
2501 2 2 9 8 930 932 931
2502 2 2 9 8 844 1350 882
2503 2 2 9 8 1218 1657 1070
2504 2 2 9 8 576 1482 1354
2505 2 2 9 8 835 1461 1457
2506 2 2 9 8 403 405 404
2507 2 2 9 8 411 413 412
2508 2 2 9 8 948 1565 1534
2509 2 2 9 8 431 432 395
2510 2 2 9 8 1274 1420 1028
2511 2 2 9 8 1228 1374 681
2512 2 2 9 8 553 1357 497
2513 2 2 9 8 1461 1568 449
2514 2 2 9 8 456 458 457
2515 2 2 9 8 411 412 410
2516 2 2 9 8 369 1487 1145
2517 2 2 9 8 1507 1508 373
2518 2 2 9 8 811 1438 795
2519 2 2 9 8 409 411 410
2520 2 2 9 8 443 1612 1463
2521 2 2 9 8 29 1292 355
2522 2 2 9 8 979 1001 980
2523 2 2 9 8 292 1073 370
2524 2 2 9 8 897 1614 892
2525 2 2 9 8 457 1543 432
2526 2 2 9 8 240 1449 316
2527 2 2 9 8 776 1361 773
2528 2 2 9 8 874 1589 1260
2529 2 2 9 8 285 953 148
2530 2 2 9 8 405 406 404
2531 2 2 9 8 464 723 465
2532 2 2 9 8 650 1391 1231
2533 2 2 9 8 358 1276 42
2534 2 2 9 8 958 987 957
2535 2 2 9 8 1085 1522 1359
2536 2 2 9 8 484 1459 1160
2537 2 2 9 8 653 1293 768
2538 2 2 9 8 85 1479 84
2539 2 2 9 8 306 1477 398
2540 2 2 9 8 1282 1471 692
2541 2 2 9 8 1293 1337 768
2542 2 2 9 8 688 730 620
2543 2 2 9 8 618 1351 616
2544 2 2 9 8 455 456 432
2545 2 2 9 8 1411 1466 1011
2546 2 2 9 8 949 1210 289
2547 2 2 9 8 1108 1419 931
2548 2 2 9 8 962 1306 1305
2549 2 2 9 8 909 1601 1220
2550 2 2 9 8 965 1342 346
2551 2 2 9 8 998 1328 838
2552 2 2 9 8 407 408 406
2553 2 2 9 8 462 1398 464
2554 2 2 9 8 1401 1524 754
2555 2 2 9 8 581 1354 764
2556 2 2 9 8 1351 1493 859
2557 2 2 9 8 798 1288 867
2558 2 2 9 8 892 1614 1497
2559 2 2 9 8 407 409 408
2560 2 2 9 8 444 445 442
2561 2 2 9 8 363 1486 150
2562 2 2 9 8 555 1375 556
2563 2 2 9 8 395 1392 393
2564 2 2 9 8 1212 1246 1213
2565 2 2 9 8 56 1495 55
2566 2 2 9 8 1365 1439 1123
2567 2 2 9 8 1115 1588 1117
2568 2 2 9 8 294 1110 625
2569 2 2 9 8 842 1473 790
2570 2 2 9 8 409 410 408
2571 2 2 9 8 785 803 796
2572 2 2 9 8 416 462 452
2573 2 2 9 8 440 913 438
2574 2 2 9 8 1170 1494 865
2575 2 2 9 8 726 1415 724
2576 2 2 9 8 1154 1641 1009
2577 2 2 9 8 378 825 824
2578 2 2 9 8 712 1293 655
2579 2 2 9 8 1224 1374 910
2580 2 2 9 8 1332 1515 880
2581 2 2 9 8 1348 1349 994
2582 2 2 9 8 1311 1586 888
2583 2 2 9 8 751 1373 1009
2584 2 2 9 8 140 367 139
2585 2 2 9 8 729 1380 891
2586 2 2 9 8 286 954 162
2587 2 2 9 8 369 1532 246
2588 2 2 9 8 1116 1668 1221
2589 2 2 9 8 947 1436 1175
2590 2 2 9 8 1237 1470 1045
2591 2 2 9 8 778 1360 776
2592 2 2 9 8 928 1407 930
2593 2 2 9 8 779 1603 1294
2594 2 2 9 8 43 1295 358
2595 2 2 9 8 730 1229 620
2596 2 2 9 8 398 399 397
2597 2 2 9 8 477 1071 476
2598 2 2 9 8 974 1388 365
2599 2 2 9 8 892 1497 1169
2600 2 2 9 8 1071 1643 1642
2601 2 2 9 8 837 838 836
2602 2 2 9 8 1372 1611 1136
2603 2 2 9 8 585 1339 501
2604 2 2 9 8 583 1641 1154
2605 2 2 9 8 883 1371 1370
2606 2 2 9 8 1395 1423 881
2607 2 2 9 8 1100 1553 1492
2608 2 2 9 8 1069 1633 985
2609 2 2 9 8 1308 1318 50
2610 2 2 9 8 1017 1571 849
2611 2 2 9 8 884 1470 1237
2612 2 2 9 8 12 1298 868
2613 2 2 9 8 899 1595 1585
2614 2 2 9 8 1291 1533 27
2615 2 2 9 8 328 1426 1226
2616 2 2 9 8 889 998 838
2617 2 2 9 8 770 1634 1522
2618 2 2 9 8 462 463 452
2619 2 2 9 8 296 927 926
2620 2 2 9 8 336 1284 93
2621 2 2 9 8 362 1304 1303
2622 2 2 9 8 361 1298 13
2623 2 2 9 8 364 1501 157
2624 2 2 9 8 406 1348 404
2625 2 2 9 8 896 1092 829
2626 2 2 9 8 799 1369 801
2627 2 2 9 8 17 1314 1307
2628 2 2 9 8 997 1377 767
2629 2 2 9 8 398 400 399
2630 2 2 9 8 1305 1306 53
2631 2 2 9 8 383 766 382
2632 2 2 9 8 1207 1390 458
2633 2 2 9 8 20 1313 1312
2634 2 2 9 8 1237 1469 884
2635 2 2 9 8 1226 1227 839
2636 2 2 9 8 242 1647 241
2637 2 2 9 8 1382 1570 823
2638 2 2 9 8 318 1308 51
2639 2 2 9 8 14 1300 361
2640 2 2 9 8 825 827 826
2641 2 2 9 8 404 994 341
2642 2 2 9 8 1219 1650 189
2643 2 2 9 8 595 1445 592
2644 2 2 9 8 1221 1668 359
2645 2 2 9 8 390 391 389
2646 2 2 9 8 827 836 831
2647 2 2 9 8 706 1411 1011
2648 2 2 9 8 371 1563 78
2649 2 2 9 8 434 1444 428
2650 2 2 9 8 1330 1591 1331
2651 2 2 9 8 1162 1249 1163
2652 2 2 9 8 16 1307 321
2653 2 2 9 8 928 930 929
2654 2 2 9 8 475 1454 1207
2655 2 2 9 8 400 478 401
2656 2 2 9 8 308 1295 44
2657 2 2 9 8 883 1129 363
2658 2 2 9 8 319 1305 54
2659 2 2 9 8 820 835 817
2660 2 2 9 8 1341 1373 751
2661 2 2 9 8 19 1312 320
2662 2 2 9 8 658 1516 1319
2663 2 2 9 8 1360 1510 922
2664 2 2 9 8 760 908 907
2665 2 2 9 8 973 1517 1404
2666 2 2 9 8 1000 1551 290
2667 2 2 9 8 1331 1401 754
2668 2 2 9 8 930 931 929
2669 2 2 9 8 610 1577 1281
2670 2 2 9 8 1312 1376 320
2671 2 2 9 8 339 1268 1110
2672 2 2 9 8 92 1284 895
2673 2 2 9 8 392 393 391
2674 2 2 9 8 387 1523 164
2675 2 2 9 8 795 1438 794
2676 2 2 9 8 404 1348 994
2677 2 2 9 8 1585 1595 901
2678 2 2 9 8 813 906 811
2679 2 2 9 8 987 1047 957
2680 2 2 9 8 1097 1553 1100
2681 2 2 9 8 899 1587 1472
2682 2 2 9 8 1170 1593 1494
2683 2 2 9 8 1267 1552 762
2684 2 2 9 8 1266 1529 871
2685 2 2 9 8 1370 1371 328
2686 2 2 9 8 196 1565 195
2687 2 2 9 8 321 1300 15
2688 2 2 9 8 296 928 927
2689 2 2 9 8 400 401 399
2690 2 2 9 8 463 1599 475
2691 2 2 9 8 320 1314 18
2692 2 2 9 8 847 1602 1277
2693 2 2 9 8 52 1306 318
2694 2 2 9 8 45 1303 308
2695 2 2 9 8 1319 1627 658
2696 2 2 9 8 679 1413 1412
2697 2 2 9 8 960 1476 890
2698 2 2 9 8 482 486 485
2699 2 2 9 8 49 1318 309
2700 2 2 9 8 591 1456 860
2701 2 2 9 8 318 1309 1308
2702 2 2 9 8 1249 1387 577
2703 2 2 9 8 324 1579 171
2704 2 2 9 8 217 1562 216
2705 2 2 9 8 362 1303 46
2706 2 2 9 8 407 1353 409
2707 2 2 9 8 625 760 759
2708 2 2 9 8 366 1232 169
2709 2 2 9 8 290 1327 1000
2710 2 2 9 8 1339 1529 1266
2711 2 2 9 8 1138 1621 68
2712 2 2 9 8 660 1418 879
2713 2 2 9 8 310 1313 21
2714 2 2 9 8 912 1606 1550
2715 2 2 9 8 294 625 477
2716 2 2 9 8 1252 1541 351
2717 2 2 9 8 999 1560 866
2718 2 2 9 8 888 1586 1309
2719 2 2 9 8 402 1534 397
2720 2 2 9 8 1405 1567 1316
2721 2 2 9 8 882 1611 1372
2722 2 2 9 8 1220 1601 765
2723 2 2 9 8 47 1310 362
2724 2 2 9 8 305 1462 25
2725 2 2 9 8 478 480 479
2726 2 2 9 8 146 365 145
2727 2 2 9 8 359 1315 23
2728 2 2 9 8 952 1621 1138
2729 2 2 9 8 167 1608 343
2730 2 2 9 8 835 1622 1461
2731 2 2 9 8 568 1515 1332
2732 2 2 9 8 1553 1663 991
2733 2 2 9 8 24 1462 359
2734 2 2 9 8 728 1446 1265
2735 2 2 9 8 309 1310 48
2736 2 2 9 8 483 714 494
2737 2 2 9 8 22 1315 310
2738 2 2 9 8 287 976 136
2739 2 2 9 8 867 1644 1369
2740 2 2 9 8 977 1356 979
2741 2 2 9 8 27 1533 26
2742 2 2 9 8 478 479 401
2743 2 2 9 8 652 1375 584
2744 2 2 9 8 458 1390 579
2745 2 2 9 8 26 1533 305
2746 2 2 9 8 474 1581 394
2747 2 2 9 8 333 1583 1435
2748 2 2 9 8 801 1369 844
2749 2 2 9 8 1060 1634 1063
2750 2 2 9 8 794 1360 778
2751 2 2 9 8 928 929 927
2752 2 2 9 8 731 1627 1048
2753 2 2 9 8 928 1540 1407
2754 2 2 9 8 1197 1471 1299
2755 2 2 9 8 1357 1445 1358
2756 2 2 9 8 397 1534 396
2757 2 2 9 8 924 1524 1401
2758 2 2 9 8 466 1414 455
2759 2 2 9 8 1434 1510 1438
2760 2 2 9 8 482 485 481
2761 2 2 9 8 1282 1490 944
2762 2 2 9 8 506 1655 504
2763 2 2 9 8 480 482 481
2764 2 2 9 8 1043 1393 1044
2765 2 2 9 8 594 1412 595
2766 2 2 9 8 401 1433 399
2767 2 2 9 8 769 1667 1347
2768 2 2 9 8 1280 1480 1012
2769 2 2 9 8 380 384 381
2770 2 2 9 8 1522 1634 1060
2771 2 2 9 8 1328 1463 838
2772 2 2 9 8 1295 1417 358
2773 2 2 9 8 1014 1608 1013
2774 2 2 9 8 1172 1593 1170
2775 2 2 9 8 411 1640 413
2776 2 2 9 8 480 481 479
2777 2 2 9 8 747 1493 1351
2778 2 2 9 8 1160 1441 889
2779 2 2 9 8 402 1433 1381
2780 2 2 9 8 1618 1646 303
2781 2 2 9 8 1009 1641 961
2782 2 2 9 8 762 1552 230
2783 2 2 9 8 1048 1627 1319
2784 2 2 9 8 360 1495 56
2785 2 2 9 8 55 1495 319
2786 2 2 9 8 461 1644 1244
2787 2 2 9 8 454 1617 1333
2788 2 2 9 8 57 1469 360
2789 2 2 9 8 1071 1642 1112
2790 2 2 9 8 159 1610 158
2791 2 2 9 8 991 1663 989
2792 2 2 9 8 1212 1381 1246
2793 2 2 9 8 1030 1500 1274
2794 2 2 9 8 764 1482 1324
2795 2 2 9 8 1153 1613 925
2796 2 2 9 8 679 1412 594
2797 2 2 9 8 908 1443 907
2798 2 2 9 8 658 1627 656
2799 2 2 9 8 438 1444 434
2800 2 2 9 8 1300 1440 361
2801 2 2 9 8 1123 1439 1391
2802 2 2 9 8 948 1458 949
2803 2 2 9 8 1501 1666 156
2804 2 2 9 8 754 1524 725
2805 2 2 9 8 455 1414 456
2806 2 2 9 8 1441 1442 998
2807 2 2 9 8 1135 1637 975
2808 2 2 9 8 1334 1344 357
2809 2 2 9 8 234 1566 233
2810 2 2 9 8 952 1518 742
2811 2 2 9 8 760 907 759
2812 2 2 9 8 852 1464 1255
2813 2 2 9 8 1157 1649 1450
2814 2 2 9 8 595 1483 1453
2815 2 2 9 8 956 957 955
2816 2 2 9 8 416 1403 462
2817 2 2 9 8 733 1619 1076
2818 2 2 9 8 516 1480 1280
2819 2 2 9 8 705 1573 952
2820 2 2 9 8 906 1438 811
2821 2 2 9 8 700 1522 1060
2822 2 2 9 8 1155 1533 1291
2823 2 2 9 8 479 1459 484
2824 2 2 9 8 484 1491 1433
2825 2 2 9 8 167 343 166
2826 2 2 9 8 472 1402 1275
2827 2 2 9 8 878 1606 1466
2828 2 2 9 8 1435 1590 1091
2829 2 2 9 8 780 1431 782
2830 2 2 9 8 153 1371 883
2831 2 2 9 8 1360 1361 776
2832 2 2 9 8 1202 1620 1310
2833 2 2 9 8 1006 1547 874
2834 2 2 9 8 94 1546 336
2835 2 2 9 8 728 1530 1446
2836 2 2 9 8 687 688 620
2837 2 2 9 8 286 1409 1065
2838 2 2 9 8 1010 1263 1257
2839 2 2 9 8 478 1447 480
2840 2 2 9 8 1112 1642 1477
2841 2 2 9 8 292 1624 1623
2842 2 2 9 8 1163 1249 1203
2843 2 2 9 8 1506 1507 373
2844 2 2 9 8 297 965 964
2845 2 2 9 8 454 1455 425
2846 2 2 9 8 1406 1542 1024
2847 2 2 9 8 62 1448 356
2848 2 2 9 8 889 1441 998
2849 2 2 9 8 817 1457 815
2850 2 2 9 8 418 1403 415
2851 2 2 9 8 1412 1483 595
2852 2 2 9 8 295 1290 142
2853 2 2 9 8 1393 1596 1044
2854 2 2 9 8 403 404 341
2855 2 2 9 8 844 1369 1350
2856 2 2 9 8 592 1445 553
2857 2 2 9 8 766 1475 382
2858 2 2 9 8 849 1571 1290
2859 2 2 9 8 381 383 382
2860 2 2 9 8 344 1604 1531
2861 2 2 9 8 410 1504 408
2862 2 2 9 8 475 1599 1454
2863 2 2 9 8 336 1499 1475
2864 2 2 9 8 349 1650 375
2865 2 2 9 8 146 973 365
2866 2 2 9 8 38 1537 350
2867 2 2 9 8 1369 1644 1350
2868 2 2 9 8 450 1558 1288
2869 2 2 9 8 415 1403 416
2870 2 2 9 8 948 949 289
2871 2 2 9 8 625 1635 760
2872 2 2 9 8 850 1661 1137
2873 2 2 9 8 979 1451 1001
2874 2 2 9 8 408 1504 460
2875 2 2 9 8 1296 1563 371
2876 2 2 9 8 1254 1492 304
2877 2 2 9 8 490 492 491
2878 2 2 9 8 1524 1616 727
2879 2 2 9 8 873 1527 1380
2880 2 2 9 8 553 1445 1357
2881 2 2 9 8 1238 1530 728
2882 2 2 9 8 1142 1414 466
2883 2 2 9 8 981 1656 1582
2884 2 2 9 8 1478 1481 803
2885 2 2 9 8 1074 1603 781
2886 2 2 9 8 966 1402 967
2887 2 2 9 8 1496 1637 1135
2888 2 2 9 8 625 759 477
2889 2 2 9 8 880 1564 651
2890 2 2 9 8 743 1671 636
2891 2 2 9 8 1265 1616 924
2892 2 2 9 8 192 289 191
2893 2 2 9 8 1293 1521 1337
2894 2 2 9 8 423 1465 420
2895 2 2 9 8 919 1672 1246
2896 2 2 9 8 911 1567 1405
2897 2 2 9 8 785 1431 803
2898 2 2 9 8 859 1493 1336
2899 2 2 9 8 884 1469 58
2900 2 2 9 8 465 1599 463
2901 2 2 9 8 966 967 965
2902 2 2 9 8 77 1563 1296
2903 2 2 9 8 1317 1595 899
2904 2 2 9 8 913 1444 438
2905 2 2 9 8 798 1481 1288
2906 2 2 9 8 782 1431 785
2907 2 2 9 8 375 1650 379
2908 2 2 9 8 1358 1529 585
2909 2 2 9 8 1404 1517 1512
2910 2 2 9 8 907 1447 759
2911 2 2 9 8 906 1485 1460
2912 2 2 9 8 1564 1619 959
2913 2 2 9 8 836 1463 898
2914 2 2 9 8 1334 1366 1335
2915 2 2 9 8 92 895 3
2916 2 2 9 8 668 1648 1528
2917 2 2 9 8 1528 1648 703
2918 2 2 9 8 896 1520 1092
2919 2 2 9 8 333 1435 1247
2920 2 2 9 8 425 1455 422
2921 2 2 9 8 585 1529 1339
2922 2 2 9 8 356 1448 1323
2923 2 2 9 8 460 1496 1348
2924 2 2 9 8 978 1584 976
2925 2 2 9 8 1398 1465 423
2926 2 2 9 8 1559 1600 993
2927 2 2 9 8 478 1643 1447
2928 2 2 9 8 955 1005 954
2929 2 2 9 8 985 1633 1607
2930 2 2 9 8 996 1638 1279
2931 2 2 9 8 959 1573 705
2932 2 2 9 8 898 1612 1269
2933 2 2 9 8 422 1455 423
2934 2 2 9 8 948 1534 1458
2935 2 2 9 8 1273 1538 987
2936 2 2 9 8 1044 1366 1334
2937 2 2 9 8 1207 1454 1390
2938 2 2 9 8 304 1574 1292
2939 2 2 9 8 1642 1643 400
2940 2 2 9 8 1356 1451 979
2941 2 2 9 8 1392 1543 1224
2942 2 2 9 8 1088 1271 1177
2943 2 2 9 8 290 1551 1452
2944 2 2 9 8 1228 1601 909
2945 2 2 9 8 1354 1482 764
2946 2 2 9 8 950 1010 317
2947 2 2 9 8 1196 1595 1317
2948 2 2 9 8 894 1387 1162
2949 2 2 9 8 1281 1577 1423
2950 2 2 9 8 1124 1658 1631
2951 2 2 9 8 420 1465 418
2952 2 2 9 8 427 1617 454
2953 2 2 9 8 483 1408 714
2954 2 2 9 8 1348 1496 1349
2955 2 2 9 8 835 1457 817
2956 2 2 9 8 1446 1530 1057
2957 2 2 9 8 1215 1216 843
2958 2 2 9 8 297 966 965
2959 2 2 9 8 432 1543 395
2960 2 2 9 8 1047 1651 957
2961 2 2 9 8 712 1521 1293
2962 2 2 9 8 656 1627 731
2963 2 2 9 8 1477 1642 398
2964 2 2 9 8 1010 1257 317
2965 2 2 9 8 1006 1636 1547
2966 2 2 9 8 967 1342 965
2967 2 2 9 8 1316 1567 740
2968 2 2 9 8 1318 1586 1311
2969 2 2 9 8 144 1389 143
2970 2 2 9 8 340 1554 1512
2971 2 2 9 8 1381 1491 1246
2972 2 2 9 8 435 1640 411
2973 2 2 9 8 962 1511 1306
2974 2 2 9 8 1547 1636 546
2975 2 2 9 8 403 1659 405
2976 2 2 9 8 1217 1474 327
2977 2 2 9 8 481 1459 479
2978 2 2 9 8 815 1485 813
2979 2 2 9 8 922 1510 1434
2980 2 2 9 8 362 1620 1304
2981 2 2 9 8 326 1498 1336
2982 2 2 9 8 237 1583 333
2983 2 2 9 8 891 1572 995
2984 2 2 9 8 1216 1503 160
2985 2 2 9 8 992 993 953
2986 2 2 9 8 1338 1662 658
2987 2 2 9 8 838 1463 836
2988 2 2 9 8 1472 1587 690
2989 2 2 9 8 472 1629 1107
2990 2 2 9 8 796 1481 798
2991 2 2 9 8 905 1069 1068
2992 2 2 9 8 966 1667 1402
2993 2 2 9 8 1428 1633 1069
2994 2 2 9 8 1427 1638 996
2995 2 2 9 8 290 915 155
2996 2 2 9 8 950 1422 1010
2997 2 2 9 8 1598 1641 583
2998 2 2 9 8 1512 1517 340
2999 2 2 9 8 1286 1596 1285
3000 2 2 9 8 803 1481 796
3001 2 2 9 8 1407 1562 1062
3002 2 2 9 8 1078 1605 1439
3003 2 2 9 8 303 1646 40
3004 2 2 9 8 473 1507 1506
3005 2 2 9 8 823 1570 820
3006 2 2 9 8 1278 1577 610
3007 2 2 9 8 1366 1596 1286
3008 2 2 9 8 300 1649 1555
3009 2 2 9 8 1492 1553 991
3010 2 2 9 8 398 1642 400
3011 2 2 9 8 1309 1586 1308
3012 2 2 9 8 381 382 293
3013 2 2 9 8 490 1272 492
3014 2 2 9 8 168 1555 1013
3015 2 2 9 8 318 1511 1309
3016 2 2 9 8 1362 1584 978
3017 2 2 9 8 879 1606 878
3018 2 2 9 8 364 1502 1501
3019 2 2 9 8 1501 1502 1000
3020 2 2 9 8 885 948 289
3021 2 2 9 8 852 1509 1464
3022 2 2 9 8 2 1540 296
3023 2 2 9 8 1294 1602 847
3024 2 2 9 8 1399 1549 822
3025 2 2 9 8 400 1643 478
3026 2 2 9 8 1306 1511 318
3027 2 2 9 8 1364 1636 1006
3028 2 2 9 8 1453 1483 872
3029 2 2 9 8 1087 1526 1129
3030 2 2 9 8 820 1570 835
3031 2 2 9 8 214 1548 1422
3032 2 2 9 8 813 1485 906
3033 2 2 9 8 1301 1632 963
3034 2 2 9 8 991 1574 1492
3035 2 2 9 8 908 1514 1443
3036 2 2 9 8 395 1543 1392
3037 2 2 9 8 429 1617 427
3038 2 2 9 8 831 1625 1302
3039 2 2 9 8 418 1465 1403
3040 2 2 9 8 1323 1448 1008
3041 2 2 9 8 321 1519 1300
3042 2 2 9 8 1423 1577 881
3043 2 2 9 8 483 494 446
3044 2 2 9 8 1350 1611 882
3045 2 2 9 8 1434 1460 449
3046 2 2 9 8 1350 1644 461
3047 2 2 9 8 748 1670 1015
3048 2 2 9 8 1373 1576 1009
3049 2 2 9 8 1335 1556 176
3050 2 2 9 8 1300 1519 1440
3051 2 2 9 8 1044 1596 1366
3052 2 2 9 8 296 1540 928
3053 2 2 9 8 370 1539 107
3054 2 2 9 8 1457 1485 815
3055 2 2 9 8 1597 1598 583
3056 2 2 9 8 1415 1613 724
3057 2 2 9 8 1449 1572 891
3058 2 2 9 8 925 1613 1415
3059 2 2 9 8 1464 1670 748
3060 2 2 9 8 1531 1582 344
3061 2 2 9 8 922 1569 1361
3062 2 2 9 8 658 1662 1516
3063 2 2 9 8 1454 1599 1153
3064 2 2 9 8 881 1577 1278
3065 2 2 9 8 1492 1574 304
3066 2 2 9 8 794 1510 1360
3067 2 2 9 8 1438 1510 794
3068 2 2 9 8 1437 1672 919
3069 2 2 9 8 924 1616 1524
3070 2 2 9 8 403 1660 1659
3071 2 2 9 8 1382 1622 1570
3072 2 2 9 8 916 1635 1268
3073 2 2 9 8 292 1623 1073
3074 2 2 9 8 1290 1664 849
3075 2 2 9 8 1227 1426 154
3076 2 2 9 8 834 1633 1428
3077 2 2 9 8 1308 1586 1318
3078 2 2 9 8 885 1565 948
3079 2 2 9 8 1512 1554 960
3080 2 2 9 8 1000 1666 1501
3081 2 2 9 8 430 1632 1301
3082 2 2 9 8 921 1598 1597
3083 2 2 9 8 1246 1672 1213
3084 2 2 9 8 1073 1539 370
3085 2 2 9 8 1544 1664 295
3086 2 2 9 8 1531 1604 1131
3087 2 2 9 8 1347 1667 966
3088 2 2 9 8 161 1631 1474
3089 2 2 9 8 730 1592 1229
3090 2 2 9 8 654 1638 1427
3091 2 2 9 8 1019 1626 1432
3092 2 2 9 8 981 1582 1531
3093 2 2 9 8 1084 1568 1461
3094 2 2 9 8 1117 1588 1467
3095 2 2 9 8 1229 1592 894
3096 2 2 9 8 1461 1622 1084
3097 2 2 9 8 1310 1620 362
3098 2 2 9 8 216 1562 1407
3099 2 2 9 8 992 1559 993
3100 2 2 9 8 181 357 180
3101 2 2 9 8 461 1611 1350
3102 2 2 9 8 896 1625 1520
3103 2 2 9 8 1452 1551 1072
3104 2 2 9 8 1226 1426 1227
3105 2 2 9 8 1455 1591 423
3106 2 2 9 8 160 1503 159
3107 2 2 9 8 1607 1633 834
3108 2 2 9 8 894 1592 1387
3109 2 2 9 8 1162 1387 1249
3110 2 2 9 8 1605 1671 743
3111 2 2 9 8 807 1594 1559
3112 2 2 9 8 295 1664 1290
3113 2 2 9 8 1034 1609 1506
3114 2 2 9 8 1458 1534 402
3115 2 2 9 8 1475 1499 382
3116 2 2 9 8 1602 1603 1074
3117 2 2 9 8 1404 1512 951
3118 2 2 9 8 326 1550 1498
3119 2 2 9 8 1570 1622 835
3120 2 2 9 8 460 1637 1496
3121 2 2 9 8 957 1651 955
3122 2 2 9 8 128 372 127
3123 2 2 9 8 490 491 489
3124 2 2 9 8 895 1653 3
3125 2 2 9 8 336 1546 1499
3126 2 2 9 8 372 373 342
3127 2 2 9 8 1509 1670 1464
3128 2 2 9 8 1443 1514 621
3129 2 2 9 8 1463 1612 898
3130 2 2 9 8 1581 1628 972
3131 2 2 9 8 379 1650 1219
3132 2 2 9 8 474 1628 1581
3133 2 2 9 8 120 297 119
3134 2 2 9 8 974 1544 1388
3135 2 2 9 8 955 1651 1005
3136 2 2 9 8 1076 1619 1564
3137 2 2 9 8 961 1641 1598
3138 2 2 9 8 1440 1519 917
3139 2 2 9 8 174 905 173
3140 2 2 9 8 1402 1667 1275
3141 2 2 9 8 1107 1629 1628
3142 2 2 9 8 1572 1647 995
3143 2 2 9 8 1225 1664 1544
3144 2 2 9 8 1077 1671 1605
3145 2 2 9 8 1659 1660 313
3146 2 2 9 8 241 1647 1572
3147 2 2 9 8 1016 1670 1509
3148 2 2 9 8 1628 1629 972
3149 2 2 9 8 372 1505 373
3150 2 2 9 8 98 856 97
3151 2 2 9 8 1388 1544 295
3152 2 2 9 8 1555 1649 1158
3153 2 2 9 8 1474 1658 327
3154 2 2 9 8 327 1658 1657
3155 2 2 9 8 184 374 183
3156 2 2 9 8 1203 1424 897
3157 2 2 9 8 153 883 152
3158 2 2 9 8 1519 1661 917
3159 2 2 9 8 112 292 111
3160 2 2 9 8 1603 1665 781
3161 2 2 9 8 349 375 374
3162 2 2 9 8 779 1665 1603
3163 2 2 9 8 897 1615 1614
3164 2 2 9 8 1424 1615 897
3165 2 2 9 8 1422 1548 926
3166 2 2 9 8 1657 1658 1124
3167 2 2 9 8 1614 1615 622
3168 2 2 9 8 3 1653 91
3169 2 2 9 8 113 1624 112
3170 2 2 9 8 121 1347 120
3171 2 2 9 8 135 1660 134
3172 2 2 9 8 142 1290 141
3173 2 2 9 8 148 953 147
3174 2 2 9 8 154 1371 153
3175 2 2 9 8 155 915 154
3176 2 2 9 8 161 1474 160
3177 2 2 9 8 160 1474 1217
3178 2 2 9 8 162 954 161
3179 2 2 9 8 168 1013 167
3180 2 2 9 8 169 1232 168
3181 2 2 9 8 176 1556 175
3182 2 2 9 8 182 1042 181
3183 2 2 9 8 5 884 59
3184 2 2 9 8 60 884 5
3185 2 2 9 8 11 868 6
3186 2 2 9 8 6 868 247
3187 2 2 9 8 96 1546 95
3188 2 2 9 8 97 856 96
3189 2 2 9 8 99 293 98
3190 2 2 9 8 293 856 98
3191 2 2 9 8 101 334 100
3192 2 2 9 8 103 334 102
3193 2 2 9 8 104 1326 103
3194 2 2 9 8 106 307 105
3195 2 2 9 8 108 370 107
3196 2 2 9 8 110 370 109
3197 2 2 9 8 111 292 110
3198 2 2 9 8 117 964 116
3199 2 2 9 8 116 964 346
3200 2 2 9 8 119 964 118
3201 2 2 9 8 769 1347 121
3202 2 2 9 8 125 342 124
3203 2 2 9 8 342 1508 124
3204 2 2 9 8 127 342 126
3205 2 2 9 8 129 291 128
3206 2 2 9 8 291 372 128
3207 2 2 9 8 130 994 129
3208 2 2 9 8 132 368 131
3209 2 2 9 8 136 976 135
3210 2 2 9 8 138 367 137
3211 2 2 9 8 141 344 140
3212 2 2 9 8 344 1582 140
3213 2 2 9 8 143 1389 1388
3214 2 2 9 8 147 1517 146
3215 2 2 9 8 146 1517 973
3216 2 2 9 8 147 1575 1517
3217 2 2 9 8 149 988 285
3218 2 2 9 8 152 363 151
3219 2 2 9 8 1503 1610 159
3220 2 2 9 8 166 387 165
3221 2 2 9 8 343 387 166
3222 2 2 9 8 173 324 172
3223 2 2 9 8 175 840 174
3224 2 2 9 8 840 905 174
3225 2 2 9 8 337 1335 177
3226 2 2 9 8 180 1344 179
3227 2 2 9 8 1344 1345 179
3228 2 2 9 8 183 374 298
3229 2 2 9 8 185 349 184
3230 2 2 9 8 187 349 186
3231 2 2 9 8 188 1650 187
3232 2 2 9 8 187 1650 349
3233 2 2 9 8 193 885 192
3234 2 2 9 8 195 885 194
3235 2 2 9 8 198 306 197
3236 2 2 9 8 199 332 198
3237 2 2 9 8 201 332 200
3238 2 2 9 8 202 332 201
3239 2 2 9 8 203 1525 202
3240 2 2 9 8 205 339 204
3241 2 2 9 8 207 339 206
3242 2 2 9 8 208 339 207
3243 2 2 9 8 209 916 208
3244 2 2 9 8 212 950 211
3245 2 2 9 8 213 1422 212
3246 2 2 9 8 293 1499 856
3247 2 2 9 8 1578 1579 324
3248 2 2 9 8 337 1345 1344
3249 2 2 9 8 1517 1575 340
3250 2 2 9 8 988 1486 363
3251 2 2 9 8 1388 1389 365
3252 2 2 9 8 1065 1523 387
3253 2 2 9 8 1585 1587 899
3254 2 2 7 17 1690 1692 1757
3255 2 2 7 17 1682 1708 1739
3256 2 2 7 17 1703 1681 1737
3257 2 2 7 17 1688 1693 1738
3258 2 2 7 17 1692 1690 1740
3259 2 2 7 17 1708 1682 1740
3260 2 2 7 17 1681 1703 1738
3261 2 2 7 17 1693 1688 1762
3262 2 2 7 17 1693 1681 1738
3263 2 2 7 17 1682 1692 1740
3264 2 2 7 17 1681 1693 1747
3265 2 2 7 17 1692 1682 1748
3266 2 2 7 17 1754 1691 1764
3267 2 2 7 17 1689 1753 1766
3268 2 2 7 17 1709 1690 1744
3269 2 2 7 17 1697 1685 1699
3270 2 2 7 17 1687 1720 1722
3271 2 2 7 17 1744 1690 1755
3272 2 2 7 17 1710 1691 1730
3273 2 2 7 17 1727 1689 1728
3274 2 2 7 17 1685 1697 1698
3275 2 2 7 17 1720 1687 1721
3276 2 2 7 17 1729 1688 1741
3277 2 2 7 17 1765 281 1766
3278 2 2 7 17 278 1763 1764
3279 2 2 7 17 277 1691 1756
3280 2 2 7 17 1689 282 1760
3281 2 2 7 17 1686 1727 1743
3282 2 2 7 17 1730 1684 1742
3283 2 2 7 17 281 1687 1758
3284 2 2 7 17 1727 1686 1753
3285 2 2 7 17 1684 1730 1754
3286 2 2 7 17 1699 1683 1734
3287 2 2 7 17 1683 1722 1733
3288 2 2 7 17 1708 1711 1739
3289 2 2 7 17 1702 1703 1737
3290 2 2 7 17 275 276 1757
3291 2 2 7 17 278 279 1759
3292 2 2 7 17 1697 1699 1734
3293 2 2 7 17 1722 1720 1733
3294 2 2 7 17 1730 1691 1754
3295 2 2 7 17 1689 1727 1753
3296 2 2 7 17 1685 278 1759
3297 2 2 7 17 1691 277 1764
3298 2 2 7 17 282 1689 1766
3299 2 2 7 17 278 1685 1763
3300 2 2 7 17 1687 281 1765
3301 2 2 7 17 1728 1689 1729
3302 2 2 7 17 283 284 1762
3303 2 2 7 17 1741 1688 1746
3304 2 2 7 17 280 281 1758
3305 2 2 7 17 282 283 1760
3306 2 2 7 17 277 278 1764
3307 2 2 7 17 281 282 1766
3308 2 2 7 17 276 277 1756
3309 2 2 7 17 279 280 1767
3310 2 2 7 17 1733 1714 1734
3311 2 2 7 17 1683 1733 1734
3312 2 2 7 17 1699 1759 1767
3313 2 2 7 17 1698 1695 1700
3314 2 2 7 17 263 264 1694
3315 2 2 7 17 1680 263 1694
3316 2 2 7 17 269 270 1711
3317 2 2 7 17 1695 1694 1700
3318 2 2 7 17 1680 1694 1695
3319 2 2 7 17 252 253 1702
3320 2 2 7 17 261 262 1713
3321 2 2 7 17 1675 1705 1706
3322 2 2 7 17 1674 269 1711
3323 2 2 7 17 1675 267 1705
3324 2 2 7 17 1707 1674 1708
3325 2 2 7 17 1705 1674 1707
3326 2 2 7 17 264 265 1678
3327 2 2 7 17 267 268 1705
3328 2 2 7 17 1706 1710 1723
3329 2 2 7 17 1701 1678 1712
3330 2 2 7 17 266 267 1675
3331 2 2 7 17 268 1674 1705
3332 2 2 7 17 1694 1678 1700
3333 2 2 7 17 268 269 1674
3334 2 2 7 17 1675 1706 1723
3335 2 2 7 17 1678 265 1712
3336 2 2 7 17 1680 1695 1696
3337 2 2 7 17 255 256 1676
3338 2 2 7 17 1706 1705 1707
3339 2 2 7 17 1708 1674 1711
3340 2 2 7 17 264 1678 1694
3341 2 2 7 17 1713 1714 1717
3342 2 2 7 17 1700 1678 1701
3343 2 2 7 17 1696 1695 1697
3344 2 2 7 17 1706 1707 1709
3345 2 2 7 17 266 1675 1712
3346 2 2 7 17 1697 1695 1698
3347 2 2 7 17 1701 1712 1723
3348 2 2 7 17 1702 1673 1703
3349 2 2 7 17 1706 1709 1710
3350 2 2 7 17 1703 1673 1704
3351 2 2 7 17 1719 1720 1721
3352 2 2 7 17 1719 1718 1720
3353 2 2 7 17 1680 1696 1713
3354 2 2 7 17 1679 1718 1719
3355 2 2 7 17 262 1680 1713
3356 2 2 7 17 261 1713 1717
3357 2 2 7 17 1717 1714 1718
3358 2 2 7 17 1716 1727 1728
3359 2 2 7 17 1713 1696 1714
3360 2 2 7 17 253 1673 1702
3361 2 2 7 17 260 261 1717
3362 2 2 7 17 257 258 1677
3363 2 2 7 17 265 266 1712
3364 2 2 7 17 1712 1675 1723
3365 2 2 7 17 1716 1728 1731
3366 2 2 7 17 1676 1715 1716
3367 2 2 7 17 262 263 1680
3368 2 2 7 17 1679 1717 1718
3369 2 2 7 17 253 254 1673
3370 2 2 7 17 256 257 1715
3371 2 2 7 17 259 260 1679
3372 2 2 7 17 258 259 1724
3373 2 2 7 17 1716 1726 1727
3374 2 2 7 17 254 255 1725
3375 2 2 7 17 255 1676 1725
3376 2 2 7 17 1676 256 1715
3377 2 2 7 17 1723 1710 1730
3378 2 2 7 17 1679 260 1717
3379 2 2 7 17 1704 1673 1725
3380 2 2 7 17 1716 1715 1726
3381 2 2 7 17 257 1677 1715
3382 2 2 7 17 1677 258 1724
3383 2 2 7 17 1701 1723 1730
3384 2 2 7 17 1704 1725 1731
3385 2 2 7 17 1725 1676 1731
3386 2 2 7 17 1676 1716 1731
3387 2 2 7 17 1719 1721 1732
3388 2 2 7 17 259 1679 1724
3389 2 2 7 17 1679 1719 1724
3390 2 2 7 17 1673 254 1725
3391 2 2 7 17 1715 1677 1726
3392 2 2 7 17 1677 1724 1732
3393 2 2 7 17 1724 1719 1732
3394 2 2 7 17 1726 1677 1732
3395 2 2 7 17 249 250 1681
3396 2 2 7 17 273 272 1682
3397 2 2 7 17 1750 1687 1765
3398 2 2 7 17 1685 1749 1763
3399 2 2 7 17 1718 1714 1733
3400 2 2 7 17 1714 1696 1734
3401 2 2 7 17 1688 1729 1761
3402 2 2 7 17 1690 1709 1745
3403 2 2 7 17 1720 1718 1733
3404 2 2 7 17 1696 1697 1734
3405 2 2 7 17 1728 1729 1741
3406 2 2 7 17 8 248 1735
3407 2 2 7 17 271 7 1736
3408 2 2 7 17 250 251 1737
3409 2 2 7 17 274 273 1739
3410 2 2 7 17 1731 1728 1741
3411 2 2 7 17 1688 1738 1746
3412 2 2 7 17 1740 1690 1745
3413 2 2 7 17 1708 1740 1745
3414 2 2 7 17 1698 1700 1742
3415 2 2 7 17 1701 1730 1742
3416 2 2 7 17 1727 1726 1743
3417 2 2 7 17 1732 1721 1743
3418 2 2 7 17 1683 1699 1767
3419 2 2 7 17 1722 1683 1768
3420 2 2 7 17 1738 1703 1746
3421 2 2 7 17 1699 1685 1759
3422 2 2 7 17 1761 283 1762
3423 2 2 7 17 1691 1710 1744
3424 2 2 7 17 1681 250 1737
3425 2 2 7 17 273 1682 1739
3426 2 2 7 17 1707 1708 1745
3427 2 2 7 17 1704 1731 1741
3428 2 2 7 17 1729 1689 1760
3429 2 2 7 17 1692 275 1757
3430 2 2 7 17 1703 1704 1746
3431 2 2 7 17 270 10 1751
3432 2 2 7 17 9 252 1752
3433 2 2 7 17 10 274 1751
3434 2 2 7 17 251 9 1752
3435 2 2 7 17 1743 1721 1750
3436 2 2 7 17 1698 1742 1749
3437 2 2 7 17 1735 248 1747
3438 2 2 7 17 271 1736 1748
3439 2 2 7 17 1700 1701 1742
3440 2 2 7 17 1726 1732 1743
3441 2 2 7 17 249 1681 1747
3442 2 2 7 17 1682 272 1748
3443 2 2 7 17 1693 1735 1747
3444 2 2 7 17 1736 1692 1748
3445 2 2 7 17 1687 1722 1758
3446 2 2 7 17 1755 1690 1757
3447 2 2 7 17 275 1692 1736
3448 2 2 7 17 1693 284 1735
3449 2 2 7 17 284 1693 1762
3450 2 2 7 17 1710 1709 1744
3451 2 2 7 17 1721 1687 1750
3452 2 2 7 17 1685 1698 1749
3453 2 2 7 17 1686 1743 1750
3454 2 2 7 17 1742 1684 1749
3455 2 2 7 17 1758 1722 1768
3456 2 2 7 17 1688 1761 1762
3457 2 2 7 17 1686 1765 1766
3458 2 2 7 17 1763 1684 1764
3459 2 2 7 17 1709 1707 1745
3460 2 2 7 17 1683 1767 1768
3461 2 2 7 17 1729 1760 1761
3462 2 2 7 17 276 1755 1757
3463 2 2 7 17 1684 1754 1764
3464 2 2 7 17 1753 1686 1766
3465 2 2 7 17 248 249 1747
3466 2 2 7 17 272 271 1748
3467 2 2 7 17 274 1739 1751
3468 2 2 7 17 1737 251 1752
3469 2 2 7 17 1711 270 1751
3470 2 2 7 17 252 1702 1752
3471 2 2 7 17 1704 1741 1746
3472 2 2 7 17 1749 1684 1763
3473 2 2 7 17 1686 1750 1765
3474 2 2 7 17 1744 1755 1756
3475 2 2 7 17 1702 1737 1752
3476 2 2 7 17 1739 1711 1751
3477 2 2 7 17 1691 1744 1756
3478 2 2 7 17 1759 279 1767
3479 2 2 7 17 280 1758 1768
3480 2 2 7 17 1755 276 1756
3481 2 2 7 17 1760 283 1761
3482 2 2 7 17 7 275 1736
3483 2 2 7 17 284 8 1735
3484 2 2 7 17 1767 280 1768
3485 2 2 8 19 111 1782 1790
3486 2 2 8 19 1771 166 1840
3487 2 2 8 19 1781 119 1848
3488 2 2 8 19 123 1776 1838
3489 2 2 8 19 1777 188 1837
3490 2 2 8 19 1776 1806 1838
3491 2 2 8 19 1807 1777 1837
3492 2 2 8 19 1782 254 1790
3493 2 2 8 19 1774 180 1836
3494 2 2 8 19 1799 1774 1836
3495 2 2 8 19 120 1793 1848
3496 2 2 8 19 1790 254 1823
3497 2 2 8 19 159 160 1828
3498 2 2 8 19 1775 138 1854
3499 2 2 8 19 161 1810 1829
3500 2 2 8 19 255 1782 1832
3501 2 2 8 19 1778 132 1852
3502 2 2 8 19 197 198 1785
3503 2 2 8 19 1785 267 1831
3504 2 2 8 19 1789 265 1835
3505 2 2 8 19 105 106 1788
3506 2 2 8 19 153 154 1818
3507 2 2 8 19 134 135 1798
3508 2 2 8 19 146 147 1809
3509 2 2 8 19 134 1798 1814
3510 2 2 8 19 140 141 1804
3511 2 2 8 19 169 1773 1802
3512 2 2 8 19 134 1814 1851
3513 2 2 8 19 190 191 1797
3514 2 2 8 19 130 1778 1834
3515 2 2 8 19 140 1817 1853
3516 2 2 8 19 128 129 1784
3517 2 2 8 19 1794 208 1860
3518 2 2 8 19 140 1804 1817
3519 2 2 8 19 129 130 1833
3520 2 2 8 19 182 183 1789
3521 2 2 8 19 98 99 1796
3522 2 2 8 19 1786 198 1805
3523 2 2 8 19 100 101 1812
3524 2 2 8 19 138 139 1854
3525 2 2 8 19 1775 1817 1847
3526 2 2 8 19 154 155 1826
3527 2 2 8 19 93 1800 1808
3528 2 2 8 19 132 133 1852
3529 2 2 8 19 175 176 1799
3530 2 2 8 19 1795 214 1859
3531 2 2 8 19 168 169 1801
3532 2 2 8 19 1796 252 1843
3533 2 2 8 19 161 162 1810
3534 2 2 8 19 1800 97 1843
3535 2 2 8 19 148 149 1842
3536 2 2 8 19 1772 1820 1845
3537 2 2 8 19 146 1809 1820
3538 2 2 8 19 9 3 1857
3539 2 2 8 19 147 148 1841
3540 2 2 8 19 1826 155 1827
3541 2 2 8 19 256 1793 1838
3542 2 2 8 19 128 1806 1855
3543 2 2 8 19 208 209 1821
3544 2 2 8 19 1810 262 1829
3545 2 2 8 19 1807 183 1856
3546 2 2 8 19 128 1784 1806
3547 2 2 8 19 136 1775 1847
3548 2 2 8 19 141 142 1844
3549 2 2 8 19 182 1789 1835
3550 2 2 8 19 142 1772 1845
3551 2 2 8 19 260 1841 1842
3552 2 2 8 19 1789 183 1807
3553 2 2 8 19 145 146 1820
3554 2 2 8 19 189 190 1837
3555 2 2 8 19 1799 264 1822
3556 2 2 8 19 1797 266 1837
3557 2 2 8 19 155 1769 1827
3558 2 2 8 19 202 203 1839
3559 2 2 8 19 135 136 1846
3560 2 2 8 19 1770 1819 1842
3561 2 2 8 19 214 215 1815
3562 2 2 8 19 152 153 1819
3563 2 2 8 19 258 1798 1846
3564 2 2 8 19 210 1795 1824
3565 2 2 8 19 175 1799 1822
3566 2 2 8 19 121 122 1838
3567 2 2 8 19 92 93 1787
3568 2 2 8 19 1791 105 1816
3569 2 2 8 19 173 174 1803
3570 2 2 8 19 113 114 1832
3571 2 2 8 19 196 197 1831
3572 2 2 8 19 203 204 1783
3573 2 2 8 19 1779 192 1780
3574 2 2 8 19 204 1794 1825
3575 2 2 8 19 125 126 1776
3576 2 2 8 19 193 194 1780
3577 2 2 8 19 185 186 1777
3578 2 2 8 19 102 103 1791
3579 2 2 8 19 116 117 1781
3580 2 2 8 19 150 151 1770
3581 2 2 8 19 168 1801 1840
3582 2 2 8 19 209 210 1792
3583 2 2 8 19 1830 196 1831
3584 2 2 8 19 106 107 1823
3585 2 2 8 19 162 1771 1813
3586 2 2 8 19 177 178 1774
3587 2 2 8 19 170 171 1773
3588 2 2 8 19 108 109 1790
3589 2 2 8 19 215 2 1849
3590 2 2 8 19 163 164 1771
3591 2 2 8 19 156 157 1769
3592 2 2 8 19 153 1818 1819
3593 2 2 8 19 99 100 1811
3594 2 2 8 19 1810 162 1813
3595 2 2 8 19 1818 154 1826
3596 2 2 8 19 1784 129 1833
3597 2 2 8 19 1785 198 1786
3598 2 2 8 19 1793 121 1838
3599 2 2 8 19 1805 202 1850
3600 2 2 8 19 191 1779 1797
3601 2 2 8 19 94 95 1800
3602 2 2 8 19 211 212 1795
3603 2 2 8 19 205 206 1794
3604 2 2 8 19 143 144 1772
3605 2 2 8 19 1782 113 1832
3606 2 2 8 19 199 200 1805
3607 2 2 8 19 131 132 1778
3608 2 2 8 19 97 98 1843
3609 2 2 8 19 1832 114 1848
3610 2 2 8 19 137 138 1775
3611 2 2 8 19 269 1825 1860
3612 2 2 8 19 1809 147 1841
3613 2 2 8 19 1776 127 1855
3614 2 2 8 19 1801 263 1840
3615 2 2 8 19 184 1777 1856
3616 2 2 8 19 181 1835 1836
3617 2 2 8 19 1801 169 1802
3618 2 2 8 19 1804 141 1844
3619 2 2 8 19 1798 135 1846
3620 2 2 8 19 134 1851 1852
3621 2 2 8 19 259 1804 1844
3622 2 2 8 19 1812 1791 1816
3623 2 2 8 19 140 1853 1854
3624 2 2 8 19 3 92 1857
3625 2 2 8 19 1815 215 1849
3626 2 2 8 19 197 1785 1831
3627 2 2 8 19 214 1815 1859
3628 2 2 8 19 208 1821 1860
3629 2 2 8 19 1833 130 1834
3630 2 2 8 19 191 192 1779
3631 2 2 8 19 1841 148 1842
3632 2 2 8 19 1788 106 1823
3633 2 2 8 19 1828 160 1829
3634 2 2 8 19 2 10 1849
3635 2 2 8 19 1802 1773 1803
3636 2 2 8 19 190 1797 1837
3637 2 2 8 19 260 1809 1841
3638 2 2 8 19 1825 1794 1860
3639 2 2 8 19 98 1796 1843
3640 2 2 8 19 261 1818 1826
3641 2 2 8 19 268 1786 1850
3642 2 2 8 19 1824 1795 1859
3643 2 2 8 19 1796 99 1811
3644 2 2 8 19 1827 1769 1828
3645 2 2 8 19 1787 93 1808
3646 2 2 8 19 1844 142 1845
3647 2 2 8 19 105 1788 1816
3648 2 2 8 19 133 134 1852
3649 2 2 8 19 1803 174 1822
3650 2 2 8 19 1808 1800 1858
3651 2 2 8 19 1811 100 1812
3652 2 2 8 19 1846 136 1847
3653 2 2 8 19 270 1824 1859
3654 2 2 8 19 1783 204 1825
3655 2 2 8 19 209 1792 1821
3656 2 2 8 19 259 1844 1845
3657 2 2 8 19 139 140 1854
3658 2 2 8 19 1792 210 1824
3659 2 2 8 19 1786 1805 1850
3660 2 2 8 19 203 1783 1839
3661 2 2 8 19 92 1787 1857
3662 2 2 8 19 202 1839 1850
3663 2 2 8 19 267 1830 1831
3664 2 2 8 19 264 1803 1822
3665 2 2 8 19 1779 1780 1830
3666 2 2 8 19 253 1811 1812
3667 2 2 8 19 1843 252 1858
3668 2 2 8 19 127 128 1855
3669 2 2 8 19 183 184 1856
3670 2 2 8 19 253 1812 1816
3671 2 2 8 19 257 1833 1834
3672 2 2 8 19 1815 270 1859
3673 2 2 8 19 1800 1843 1858
3674 2 2 8 19 258 1846 1847
3675 2 2 8 19 1835 265 1836
3676 2 2 8 19 255 1832 1848
3677 2 2 8 19 1821 269 1860
3678 2 2 8 19 252 1808 1858
3679 2 2 8 19 1839 268 1850
3680 2 2 8 19 252 9 1787
3681 2 2 8 19 1787 9 1857
3682 2 2 8 19 10 270 1815
3683 2 2 8 19 10 1815 1849
3684 2 2 8 19 167 168 1840
3685 2 2 8 19 174 175 1822
3686 2 2 8 19 181 182 1835
3687 2 2 8 19 252 1787 1808
3688 2 2 8 19 1788 253 1816
3689 2 2 8 19 253 1796 1811
3690 2 2 8 19 254 1788 1823
3691 2 2 8 19 256 255 1793
3692 2 2 8 19 1793 255 1848
3693 2 2 8 19 258 257 1798
3694 2 2 8 19 259 258 1804
3695 2 2 8 19 260 259 1809
3696 2 2 8 19 261 1826 1827
3697 2 2 8 19 262 1810 1813
3698 2 2 8 19 262 1828 1829
3699 2 2 8 19 264 263 1802
3700 2 2 8 19 263 1801 1802
3701 2 2 8 19 265 264 1836
3702 2 2 8 19 264 1799 1836
3703 2 2 8 19 264 1802 1803
3704 2 2 8 19 268 267 1786
3705 2 2 8 19 267 1785 1786
3706 2 2 8 19 267 1797 1830
3707 2 2 8 19 269 1783 1825
3708 2 2 8 19 1792 269 1821
3709 2 2 8 19 93 94 1800
3710 2 2 8 19 95 96 1800
3711 2 2 8 19 96 97 1800
3712 2 2 8 19 101 102 1791
3713 2 2 8 19 101 1791 1812
3714 2 2 8 19 103 104 1791
3715 2 2 8 19 104 105 1791
3716 2 2 8 19 107 108 1790
3717 2 2 8 19 107 1790 1823
3718 2 2 8 19 109 110 1790
3719 2 2 8 19 110 111 1790
3720 2 2 8 19 111 112 1782
3721 2 2 8 19 112 113 1782
3722 2 2 8 19 114 115 1781
3723 2 2 8 19 114 1781 1848
3724 2 2 8 19 115 116 1781
3725 2 2 8 19 117 118 1781
3726 2 2 8 19 118 119 1781
3727 2 2 8 19 119 120 1848
3728 2 2 8 19 120 121 1793
3729 2 2 8 19 122 123 1838
3730 2 2 8 19 123 124 1776
3731 2 2 8 19 124 125 1776
3732 2 2 8 19 126 127 1776
3733 2 2 8 19 130 131 1778
3734 2 2 8 19 136 137 1775
3735 2 2 8 19 142 143 1772
3736 2 2 8 19 144 145 1772
3737 2 2 8 19 1772 145 1820
3738 2 2 8 19 149 150 1770
3739 2 2 8 19 149 1770 1842
3740 2 2 8 19 151 152 1770
3741 2 2 8 19 1770 152 1819
3742 2 2 8 19 155 156 1769
3743 2 2 8 19 157 158 1769
3744 2 2 8 19 158 159 1828
3745 2 2 8 19 1769 158 1828
3746 2 2 8 19 160 161 1829
3747 2 2 8 19 162 163 1771
3748 2 2 8 19 164 165 1771
3749 2 2 8 19 165 166 1771
3750 2 2 8 19 166 167 1840
3751 2 2 8 19 169 170 1773
3752 2 2 8 19 171 172 1773
3753 2 2 8 19 172 173 1803
3754 2 2 8 19 1773 172 1803
3755 2 2 8 19 176 177 1774
3756 2 2 8 19 176 1774 1799
3757 2 2 8 19 178 179 1774
3758 2 2 8 19 179 180 1774
3759 2 2 8 19 180 181 1836
3760 2 2 8 19 184 185 1777
3761 2 2 8 19 186 187 1777
3762 2 2 8 19 187 188 1777
3763 2 2 8 19 188 189 1837
3764 2 2 8 19 192 193 1780
3765 2 2 8 19 194 195 1780
3766 2 2 8 19 195 196 1780
3767 2 2 8 19 1780 196 1830
3768 2 2 8 19 198 199 1805
3769 2 2 8 19 200 201 1805
3770 2 2 8 19 201 202 1805
3771 2 2 8 19 204 205 1794
3772 2 2 8 19 206 207 1794
3773 2 2 8 19 207 208 1794
3774 2 2 8 19 210 211 1795
3775 2 2 8 19 212 213 1795
3776 2 2 8 19 213 214 1795
3777 2 2 8 19 253 252 1796
3778 2 2 8 19 254 253 1788
3779 2 2 8 19 255 254 1782
3780 2 2 8 19 257 256 1784
3781 2 2 8 19 1784 256 1806
3782 2 2 8 19 1806 256 1838
3783 2 2 8 19 257 1784 1833
3784 2 2 8 19 1798 257 1814
3785 2 2 8 19 1814 257 1834
3786 2 2 8 19 1804 258 1817
3787 2 2 8 19 1817 258 1847
3788 2 2 8 19 1809 259 1820
3789 2 2 8 19 1820 259 1845
3790 2 2 8 19 261 260 1842
3791 2 2 8 19 262 261 1828
3792 2 2 8 19 1818 261 1819
3793 2 2 8 19 1819 261 1842
3794 2 2 8 19 261 1827 1828
3795 2 2 8 19 263 262 1813
3796 2 2 8 19 263 1813 1840
3797 2 2 8 19 266 265 1789
3798 2 2 8 19 267 266 1797
3799 2 2 8 19 266 1789 1807
3800 2 2 8 19 266 1807 1837
3801 2 2 8 19 269 268 1783
3802 2 2 8 19 1783 268 1839
3803 2 2 8 19 270 269 1792
3804 2 2 8 19 270 1792 1824
3805 2 2 8 19 1813 1771 1840
3806 2 2 8 19 1817 1775 1853
3807 2 2 8 19 1853 1775 1854
3808 2 2 8 19 1806 1776 1855
3809 2 2 8 19 1777 1807 1856
3810 2 2 8 19 1778 1814 1834
3811 2 2 8 19 1814 1778 1851
3812 2 2 8 19 1851 1778 1852
3813 2 2 8 19 1797 1779 1830
$EndElements
