$MeshFormat
2.2 0 8
$EndMeshFormat
$PhysicalNames
9
1 1 "gate_contact"
1 2 "gate_oxide_interface"
1 3 "bulk_oxide_interface"
1 4 "source_contact"
1 5 "drain_contact"
1 6 "body_contact"
2 7 "gate"
2 8 "oxide"
2 9 "bulk"
$EndPhysicalNames
$Nodes
1923
1 0 0 0
2 3e-05 0 0
3 7.000000000000001e-05 0 0
4 0.0001 0 0
5 0.0001 0.0001 0
6 0 0.0001 0
7 3e-05 -1.3e-05 0
8 7.000000000000001e-05 -1.3e-05 0
9 7.000000000000001e-05 -3e-06 0
10 3e-05 -3e-06 0
11 1.999999999996283e-06 0.0001 0
12 3.999999999992063e-06 0.0001 0
13 5.999999999987601e-06 0.0001 0
14 7.999999999984174e-06 0.0001 0
15 9.999999999981015e-06 0.0001 0
16 1.199999999997786e-05 0.0001 0
17 1.399999999997345e-05 0.0001 0
18 1.59999999999666e-05 0.0001 0
19 1.799999999996008e-05 0.0001 0
20 1.999999999995523e-05 0.0001 0
21 2.199999999994905e-05 0.0001 0
22 2.399999999994419e-05 0.0001 0
23 2.599999999993802e-05 0.0001 0
24 2.799999999993316e-05 0.0001 0
25 2.999999999992699e-05 0.0001 0
26 3.19999999999202e-05 0.0001 0
27 3.39999999999146e-05 0.0001 0
28 3.599999999991043e-05 0.0001 0
29 3.799999999990425e-05 0.0001 0
30 3.999999999989808e-05 0.0001 0
31 4.199999999989222e-05 0.0001 0
32 4.399999999988837e-05 0.0001 0
33 4.599999999988219e-05 0.0001 0
34 4.799999999987601e-05 0.0001 0
35 4.999999999987116e-05 0.0001 0
36 5.199999999987515e-05 0.0001 0
37 5.399999999988047e-05 0.0001 0
38 5.599999999988578e-05 0.0001 0
39 5.799999999989109e-05 0.0001 0
40 5.999999999989639e-05 0.0001 0
41 6.199999999990172e-05 0.0001 0
42 6.399999999990703e-05 0.0001 0
43 6.599999999991233e-05 0.0001 0
44 6.799999999991764e-05 0.0001 0
45 6.999999999992295e-05 0.0001 0
46 7.199999999992827e-05 0.0001 0
47 7.399999999993359e-05 0.0001 0
48 7.599999999993888e-05 0.0001 0
49 7.79999999999442e-05 0.0001 0
50 7.999999999994952e-05 0.0001 0
51 8.199999999995483e-05 0.0001 0
52 8.399999999996014e-05 0.0001 0
53 8.599999999996546e-05 0.0001 0
54 8.799999999997078e-05 0.0001 0
55 8.999999999997609e-05 0.0001 0
56 9.199999999998141e-05 0.0001 0
57 9.399999999998671e-05 0.0001 0
58 9.599999999999202e-05 0.0001 0
59 9.799999999999733e-05 0.0001 0
60 0.0001 9.538304873954784e-05 0
61 0.0001 9.173249169818879e-05 0
62 0.0001 8.668222413329741e-05 0
63 0.0001 7.967742634887308e-05 0
64 0.0001 7.044971221022735e-05 0
65 0.0001 6.09031150540669e-05 0
66 0.0001 5.135651789790792e-05 0
67 0.0001 4.180992074170465e-05 0
68 0.0001 3.228602708378122e-05 0
69 0.0001 2.442194878453124e-05 0
70 0.0001 1.874390089015537e-05 0
71 0.0001 1.464772664511217e-05 0
72 0.0001 1.169011279200645e-05 0
73 0.0001 9.546597156208792e-06 0
74 0.0001 7.637277724966514e-06 0
75 0.0001 5.727958293724208e-06 0
76 0.0001 3.818638862481929e-06 0
77 0.0001 1.909319431239636e-06 0
78 9.800000000000512e-05 0 0
79 9.600000000000758e-05 0 0
80 9.400000000001535e-05 0 0
81 9.200000000001781e-05 0 0
82 9.000000000003086e-05 0 0
83 8.800000000002802e-05 0 0
84 8.600000000004108e-05 0 0
85 8.400000000003825e-05 0 0
86 8.200000000003544e-05 0 0
87 8.000000000002733e-05 0 0
88 7.80000000000245e-05 0 0
89 7.60000000000164e-05 0 0
90 7.400000000001358e-05 0 0
91 7.200000000000546e-05 0 0
92 6.938222338368139e-05 0 0
93 6.863349502839729e-05 0 0
94 6.80327850533367e-05 0 0
95 6.793289773035274e-05 0 0
96 6.783301040736879e-05 0 0
97 6.773312308438483e-05 0 0
98 6.763300677501215e-05 0 0
99 6.680000320150957e-05 0 0
100 6.613562654012354e-05 0 0
101 6.592156961038042e-05 0 0
102 6.582168228739647e-05 0 0
103 6.57217949644125e-05 0 0
104 6.562190764142854e-05 0 0
105 6.552148945358945e-05 0 0
106 6.465634585944017e-05 0 0
107 6.4009995351568e-05 0 0
108 6.38014905841894e-05 0 0
109 6.370160326120544e-05 0 0
110 6.360171593822148e-05 0 0
111 6.350182861523753e-05 0 0
112 6.340009526657335e-05 0 0
113 6.250995040245897e-05 0 0
114 6.188746350998208e-05 0 0
115 6.17823988230932e-05 0 0
116 6.168251150010925e-05 0 0
117 6.158262417712529e-05 0 0
118 6.148273685414132e-05 0 0
119 6.138284953115736e-05 0 0
120 6.127915212954355e-05 0 0
121 6.039170661619992e-05 0 0
122 5.978104609472771e-05 0 0
123 5.967617546108512e-05 0 0
124 5.957628813810073e-05 0 0
125 5.947640081511635e-05 0 0
126 5.937651349213197e-05 0 0
127 5.927662616914801e-05 0 0
128 5.917276333760741e-05 0 0
129 5.855730051528411e-05 0 0
130 5.77898536545762e-05 0 0
131 5.74535135741054e-05 0 0
132 5.735362625112101e-05 0 0
133 5.725373892813663e-05 0 0
134 5.715385160515225e-05 0 0
135 5.641232542831686e-05 0 0
136 5.568941009668333e-05 0 0
137 5.534467890633376e-05 0 0
138 5.524479158334951e-05 0 0
139 5.514490426036517e-05 0 0
140 5.504501693738108e-05 0 0
141 5.428586587819261e-05 0 0
142 5.355214502544228e-05 0 0
143 5.322548647470459e-05 0 0
144 5.312559915172064e-05 0 0
145 5.302571182873668e-05 0 0
146 5.292582450575263e-05 0 0
147 5.214595539807299e-05 0 0
148 5.142897360078177e-05 0 0
149 5.120698038737831e-05 0 0
150 5.110709306439435e-05 0 0
151 5.100720574141039e-05 0 0
152 5.090731841842644e-05 0 0
153 5.080743109544244e-05 0 0
154 5.000000000007224e-05 0 0
155 4.931009325197446e-05 0 0
156 4.909268158161734e-05 0 0
157 4.899279425863253e-05 0 0
158 4.889290693564773e-05 0 0
159 4.879301961266292e-05 0 0
160 4.869310148662012e-05 0 0
161 4.785404460205384e-05 0 0
162 4.718668846047932e-05 0 0
163 4.697428817130115e-05 0 0
164 4.687440084831659e-05 0 0
165 4.677451352533212e-05 0 0
166 4.667462620234713e-05 0 0
167 4.657421333601847e-05 0 0
168 4.57141341219164e-05 0 0
169 4.506350862733431e-05 0 0
170 4.485509573966708e-05 0 0
171 4.475520841668266e-05 0 0
172 4.465532109369743e-05 0 0
173 4.455543377071266e-05 0 0
174 4.445381214103194e-05 0 0
175 4.358767457176832e-05 0 0
176 4.29537627061427e-05 0 0
177 4.274626107188847e-05 0 0
178 4.264637374890366e-05 0 0
179 4.254648642591886e-05 0 0
180 4.244659910293406e-05 0 0
181 4.234455006493539e-05 0 0
182 4.144269948478703e-05 0 0
183 4.082723666241881e-05 0 0
184 4.072337383087383e-05 0 0
185 4.062348650788929e-05 0 0
186 4.05235991849049e-05 0 0
187 4.042371186192033e-05 0 0
188 4.032382453893553e-05 0 0
189 4.021895390529659e-05 0 0
190 3.960829338386176e-05 0 0
191 3.887501796467542e-05 0 0
192 3.851726314587774e-05 0 0
193 3.841737582289336e-05 0 0
194 3.831748849990898e-05 0 0
195 3.82176011769245e-05 0 0
196 3.811253649003861e-05 0 0
197 3.74900495975921e-05 0 0
198 3.673357810610663e-05 0 0
199 3.639828406179108e-05 0 0
200 3.629839673880627e-05 0 0
201 3.619850941582147e-05 0 0
202 3.609862209283666e-05 0 0
203 3.534365414058912e-05 0 0
204 3.460479387855522e-05 0 0
205 3.427820503559449e-05 0 0
206 3.417831771260969e-05 0 0
207 3.407843038962488e-05 0 0
208 3.397854306664008e-05 0 0
209 3.319999679850132e-05 0 0
210 3.249101381897213e-05 0 0
211 3.216698959263585e-05 0 0
212 3.206710226965105e-05 0 0
213 3.196721494666625e-05 0 0
214 3.186732762368144e-05 0 0
215 3.104600750159038e-05 0 0
216 2.800000000000415e-05 0 0
217 2.600000000000706e-05 0 0
218 2.400000000001125e-05 0 0
219 2.200000000001942e-05 0 0
220 2.000000000002625e-05 0 0
221 1.800000000003097e-05 0 0
222 1.600000000003728e-05 0 0
223 1.400000000003715e-05 0 0
224 1.200000000003269e-05 0 0
225 1.000000000002559e-05 0 0
226 8.000000000021133e-06 0 0
227 6.000000000015352e-06 0 0
228 4.000000000010282e-06 0 0
229 2.000000000005117e-06 0 0
230 0 1.909319431235169e-06 0
231 0 3.818638862469943e-06 0
232 0 5.72795829370432e-06 0
233 0 7.637277724939644e-06 0
234 0 9.546597156175353e-06 0
235 0 1.16901127919552e-05 0
236 0 1.464772664503166e-05 0
237 0 1.874390089003646e-05 0
238 0 2.442194878435299e-05 0
239 0 3.228602708352755e-05 0
240 0 4.18099207414028e-05 0
241 0 5.13565178975769e-05 0
242 0 6.090311505379597e-05 0
243 0 7.044971221001503e-05 0
244 0 7.967742634872317e-05 0
245 0 8.668222413320861e-05 0
246 0 9.173249169813664e-05 0
247 0 9.538304873951961e-05 0
248 7.000000000000001e-05 -1.05381745359915e-05 0
249 7.000000000000001e-05 -8.627385224807151e-06 0
250 7.000000000000001e-05 -6.75159014987431e-06 0
251 7.000000000000001e-05 -4.875795074937814e-06 0
252 6.800000000000794e-05 -3e-06 0
253 6.600000000000001e-05 -3e-06 0
254 6.400000000000794e-05 -3e-06 0
255 6.200000000001587e-05 -3e-06 0
256 6.000000000001588e-05 -3e-06 0
257 5.800000000002383e-05 -3e-06 0
258 5.600000000002912e-05 -3e-06 0
259 5.400000000003706e-05 -3e-06 0
260 5.2000000000045e-05 -3e-06 0
261 5.000000000004897e-05 -3e-06 0
262 4.800000000003971e-05 -3e-06 0
263 4.600000000004659e-05 -3e-06 0
264 4.400000000003098e-05 -3e-06 0
265 4.200000000002383e-05 -3e-06 0
266 4.000000000002779e-05 -3e-06 0
267 3.800000000002409e-05 -3e-06 0
268 3.600000000001615e-05 -3e-06 0
269 3.400000000001138e-05 -3e-06 0
270 3.200000000000768e-05 -3e-06 0
271 3e-05 -1.05381745359915e-05 0
272 3e-05 -8.627385224807151e-06 0
273 3e-05 -6.75159014987431e-06 0
274 3e-05 -4.875795074937814e-06 0
275 3.667780891544216e-05 -1.3e-05 0
276 4.333814673431572e-05 -1.3e-05 0
277 4.999999999994721e-05 -1.3e-05 0
278 5.666185326561607e-05 -1.3e-05 0
279 6.332219108452668e-05 -1.3e-05 0
280 7.000000000000001e-05 -1.500000000004304e-06 0
281 3e-05 -1.49999999999625e-06 0
282 5.131797699408004e-05 2.032940531950885e-07 0
283 4.711436322801069e-05 1.943272790347159e-07 0
284 5.556154776664509e-05 2.412372926808837e-07 0
285 4.325412964194638e-05 4.430021140336967e-07 0
286 3.869614055527658e-05 2.362149755977856e-07 0
287 4.920138741679591e-05 1.964401999258663e-07 0
288 5.8906626512918e-05 3.612674821558516e-07 0
289 6.35001869995357e-05 2.104106560879492e-07 0
290 6.725202269336616e-05 4.789719158776767e-07 0
291 3.497861617744966e-05 4.858286103343152e-07 0
292 5.341048167159601e-05 2.069359576334896e-07 0
293 3.062512043230302e-05 7.660462158386803e-07 0
294 6.13488869787876e-05 2.290979688525916e-07 0
295 4.104471507860259e-05 3.860253235119799e-07 0
296 7.136004646754889e-05 1.415364811602308e-06 0
297 4.538882137462534e-05 4.225936549934279e-07 0
298 2.526443264822277e-05 1.900469833416946e-06 0
299 5.098022757987673e-05 9.855198899352928e-05 0
300 6.11921960082077e-05 9.826465541373806e-05 0
301 4.102754028418945e-05 9.82959507875034e-05 0
302 3.108029785515715e-05 9.800685787727243e-05 0
303 3.713561517739609e-05 4.458997915826684e-07 0
304 6.511150704385428e-05 4.747833911817617e-07 0
305 6.90500871542002e-05 9.848695979131797e-05 0
306 7.697903981490784e-05 9.804587541954472e-05 0
307 2.299999999994662e-05 9.826794919243648e-05 0
308 7.887645873043024e-05 1.616473104446274e-06 0
309 9.207802929065947e-05 4.68219759202205e-05 0
310 5.666760103542144e-05 4.906413949080973e-07 0
311 1.498929663462142e-05 1.725871216669929e-06 0
312 8.669459119208218e-05 1.899449578322807e-06 0
313 6.502385716266195e-06 3.589586299481956e-05 0
314 3.282542898112745e-05 4.779590617689759e-07 0
315 8.299999999995752e-05 9.820990468351564e-05 0
316 8.92780155423514e-05 9.815481590088385e-05 0
317 1.697289262043859e-05 9.796915914647003e-05 0
318 1.117993584327059e-05 9.820154149724832e-05 0
319 9.600953549967924e-05 2.106185675886388e-05 0
320 1.66962126096951e-06 1.048939678225462e-05 0
321 4.469355026704061e-05 1.042443067124882e-07 0
322 9.802804767301934e-05 1.078599436484412e-05 0
323 6.88533070277744e-06 6.416340343437059e-05 0
324 4.829764848988607e-05 4.570940038588582e-07 0
325 5.041181697330127e-05 4.840330997103056e-07 0
326 8.999569102646257e-06 1.731612476958953e-06 0
327 9.290316019987444e-05 7.525641426073235e-05 0
328 6.219870695622065e-05 4.043170968058662e-07 0
329 3.630887351771594e-05 2.006058002653575e-07 0
330 2.749141539613215e-06 1.637658038434367e-05 0
331 6.589433040315265e-05 1.109716419913553e-07 0
332 9.312139057651281e-05 2.032625899945629e-06 0
333 6.832111910140717e-05 4.138045527385981e-07 0
334 4.267527238754615e-05 1.455878605536581e-07 0
335 5.116443564535302e-06 8.357265402412771e-05 0
336 3.4228261374102e-05 1.139610382595685e-07 0
337 5.2453828608891e-05 5.611842761406442e-07 0
338 5.75961867263102e-05 2.489228801045201e-07 0
339 5.942645715362424e-05 8.650495922031481e-08 0
340 4.666086273960655e-05 1.73902273537561e-07 0
341 5.45902426984316e-05 4.259427580751129e-07 0
342 2.096431224761565e-05 1.76788055940849e-06 0
343 6.172786139242974e-05 9.735824206721759e-08 0
344 7.475652715915109e-05 1.620893755653469e-06 0
345 8.323364891956643e-05 1.629505240558908e-06 0
346 4.056290677992489e-05 1.099364912499072e-07 0
347 5.498841669273661e-05 9.81555224569455e-05 0
348 4.71660241567505e-05 9.813698532346978e-05 0
349 5.018001625141822e-06 1.719746508464276e-06 0
350 1.760299488391279e-06 6.804987783520356e-06 0
351 9.835076262576033e-05 6.735791504780211e-06 0
352 3.705137535401144e-05 9.805369764437286e-05 0
353 9.623243242855719e-05 8.920735791574308e-05 0
354 4.239557458393481e-05 2.385088578169848e-07 0
355 6.490872452432511e-05 9.821437611043839e-05 0
356 2.736413068153882e-05 9.829576093759944e-05 0
357 9.299358333118141e-05 9.803592297280435e-05 0
358 6.956259700246355e-06 9.802852421106936e-05 0
359 7.299999999993094e-05 9.826794919242653e-05 0
360 5.105178278534877e-05 9.102918809493093e-08 0
361 4.89193340911152e-05 9.289855482841544e-08 0
362 5.30649486552909e-05 1.096818478292493e-07 0
363 4.496304237349958e-05 1.85073105412087e-07 0
364 5.519484792185742e-05 8.650495922031481e-08 0
365 5.730368258962888e-05 8.650495922049673e-08 0
366 3.100793833950139e-06 9.355654120350386e-05 0
367 6.37573848059291e-05 1.288824873684249e-07 0
368 9.71196772293427e-05 1.617661636006456e-06 0
369 5.922277058547231e-05 2.016751176635094e-07 0
370 5.945203117619428e-05 2.927474403704048e-07 0
371 4.074978656338024e-05 1.630320100482708e-07 0
372 4.060578065097254e-05 3.928524258446208e-07 0
373 4.079910197404282e-05 7.900734860049433e-07 0
374 4.129125806939929e-05 9.093586909631274e-07 0
375 4.089105466547588e-05 1.364356767127299e-06 0
376 4.026397657998738e-05 7.453558976010157e-07 0
377 6.652456249580683e-05 4.522743591163886e-07 0
378 6.685983339575957e-05 9.615301828184647e-07 0
379 6.749703759865331e-05 1.173068016755516e-06 0
380 6.682696155169219e-05 1.633659677910599e-06 0
381 6.61763300197692e-05 1.005228696293732e-06 0
382 6.597647103570512e-05 1.957419617992766e-06 0
383 6.665745115636126e-05 2.660603976534198e-06 0
384 4.682445718682506e-05 8.650495922057302e-08 0
385 6.4333170605504e-05 4.198169696747008e-07 0
386 6.464832644884194e-05 8.860412166241973e-07 0
387 6.402489980300168e-05 8.57237131486282e-07 0
388 6.441236370362838e-05 1.515244986880569e-06 0
389 6.370213462138913e-05 1.556414948096572e-06 0
390 6.414975120629796e-05 2.21292059949317e-06 0
391 6.329400422198331e-05 2.268317393943307e-06 0
392 6.372366027310099e-05 3.076024241066265e-06 0
393 3.780129304381533e-05 4.043170967861308e-07 0
394 3.750322442662704e-05 9.141430966868725e-07 0
395 3.693483779192824e-05 1.007817747393027e-06 0
396 3.729725380351468e-05 1.513320549190188e-06 0
397 3.664345370581132e-05 1.620629553068406e-06 0
398 3.707581009340656e-05 2.249309810063438e-06 0
399 3.789006227680305e-05 1.371211432231537e-06 0
400 5.734152571011168e-05 4.085076065051468e-07 0
401 5.766233233956655e-05 6.224011070092142e-07 0
402 5.729025078448278e-05 8.339244856639338e-07 0
403 5.767723036701446e-05 1.109430053018812e-06 0
404 5.720244522384041e-05 1.319897202796695e-06 0
405 5.765291520646323e-05 1.646798609309944e-06 0
406 5.709366628869906e-05 1.944314740779923e-06 0
407 5.765398019656095e-05 2.341296881808344e-06 0
408 5.699912223715038e-05 2.656577034625763e-06 0
409 5.768471956504662e-05 3.18736952617947e-06 0
410 5.670898546578135e-05 3.459250598352133e-06 0
411 5.766216391113211e-05 4.162186337847862e-06 0
412 5.667418014181665e-05 4.598499056724511e-06 0
413 5.762615177787101e-05 5.326470860531576e-06 0
414 5.571915353831897e-05 3.936455935630437e-06 0
415 5.559068276688546e-05 5.07448630198335e-06 0
416 5.468540787599002e-05 4.36853334670268e-06 0
417 5.447522262515902e-05 5.609854516089324e-06 0
418 5.344148971070921e-05 4.793952657127638e-06 0
419 5.324562128339232e-05 6.167541813526121e-06 0
420 5.440656428050254e-05 6.899185951958488e-06 0
421 5.21863417555033e-05 5.340731863577901e-06 0
422 5.192407913272689e-05 6.742929900138266e-06 0
423 5.072606750825832e-05 5.651402600409648e-06 0
424 5.046944351890276e-05 7.378140332822765e-06 0
425 4.924264004007912e-05 6.363009713331708e-06 0
426 4.857220290840551e-05 8.155465859579287e-06 0
427 5.841320848992176e-05 2.739683415015915e-06 0
428 6.265714385453394e-05 2.98495729534797e-06 0
429 6.328315585216627e-05 4.030868154815008e-06 0
430 4.938126297802295e-05 4.893871445508884e-06 0
431 4.810184328119033e-05 5.404522503616596e-06 0
432 5.643367295321946e-05 2.127855502413229e-06 0
433 4.837754499529575e-05 4.029582502718794e-06 0
434 4.719320413827796e-05 4.554023516173405e-06 0
435 4.681086790808305e-05 5.837293278918691e-06 0
436 4.588829515428246e-05 4.769463115136389e-06 0
437 4.550829760405128e-05 6.444671926489785e-06 0
438 4.419920610725046e-05 5.221421586367403e-06 0
439 4.40132803525082e-05 6.978315400645163e-06 0
440 4.280512343992706e-05 5.679512609646202e-06 0
441 4.241347750377709e-05 7.29204648976314e-06 0
442 4.371303002948264e-05 8.558906596788303e-06 0
443 4.19879798449483e-05 9.167415109076093e-06 0
444 4.046690614142899e-05 7.426627072174563e-06 0
445 4.948250131802624e-05 3.623931238784374e-06 0
446 4.739317736779538e-05 3.434382550505056e-06 0
447 5.23632654961027e-05 4.035591933705449e-06 0
448 5.880598892777104e-05 4.724254438969181e-06 0
449 5.888065982414241e-05 6.035196630358503e-06 0
450 4.484318297914822e-05 3.91034104214644e-06 0
451 5.164104838759936e-05 8.436929968427649e-06 0
452 6.21396351982774e-05 4.073430518618707e-06 0
453 6.276457081340273e-05 5.195393703919226e-06 0
454 6.430770460807279e-05 4.981626207860186e-06 0
455 6.356337356178841e-05 6.453689965733357e-06 0
456 6.154117916403285e-05 3.10524891825414e-06 0
457 5.810310965422936e-05 1.325352867746124e-06 0
458 5.487918113833934e-05 3.301539658312552e-06 0
459 5.75045245425797e-05 6.76431714041955e-06 0
460 5.876117445805675e-05 7.611805277032541e-06 0
461 5.723566897766566e-05 8.501527285301873e-06 0
462 5.906507175855155e-05 9.652675817707772e-06 0
463 6.099480846133555e-05 4.071551020025848e-06 0
464 6.048705909052507e-05 3.111062385442321e-06 0
465 6.110889193857638e-05 2.200626799606591e-06 0
466 6.012227241045839e-05 2.26348402778205e-06 0
467 6.058830033751079e-05 1.565093603563746e-06 0
468 5.981481804099813e-05 1.465278112382161e-06 0
469 6.12827707429043e-05 1.463467303075811e-06 0
470 6.008226002584018e-05 3.839638916653042e-07 0
471 6.286550487322656e-05 1.506544859549976e-06 0
472 6.039481029524849e-05 6.67607047396598e-06 0
473 3.557352536148025e-05 6.085615187033658e-07 0
474 3.517280655818106e-05 9.623380838931328e-07 0
475 3.625758684933483e-05 2.386255381699681e-06 0
476 3.67790109043527e-05 3.158097722112406e-06 0
477 3.54600785448813e-05 3.206184280806353e-06 0
478 3.638898338973659e-05 4.305763471933645e-06 0
479 3.486648371646769e-05 4.513422332079702e-06 0
480 3.991692600037959e-05 9.651419477205233e-06 0
481 3.768493726385328e-05 2.964717547788558e-06 0
482 3.596412821680186e-05 5.733249885392419e-06 0
483 3.423452031795062e-05 6.031109379848631e-06 0
484 3.531903924957938e-05 7.528619798712191e-06 0
485 3.345072461423008e-05 7.806232142565085e-06 0
486 3.46360388777262e-05 9.490487332018446e-06 0
487 3.253810097784447e-05 9.70928524825171e-06 0
488 3.357708589199074e-05 1.155842256630338e-05 0
489 3.128877047552732e-05 1.195527288933607e-05 0
490 3.319558734771753e-05 1.410122357746946e-05 0
491 4.162798097489206e-05 1.130159818983794e-05 0
492 2.99766708909413e-05 1.471790430843302e-05 0
493 3.229567502153569e-05 1.732576165458889e-05 0
494 2.882044948456115e-05 1.808802161742484e-05 0
495 3.130265227834536e-05 2.0805254102049e-05 0
496 2.645605989407117e-05 1.5220855629002e-05 0
497 3.475920266986107e-05 1.987617836522826e-05 0
498 3.386666666092597e-05 2.342446344641854e-05 0
499 3.739860943647485e-05 2.247128836614988e-05 0
500 3.64727307359563e-05 2.610583556709961e-05 0
501 3.993978979171615e-05 2.532492079456395e-05 0
502 3.913205336494156e-05 2.884102279788852e-05 0
503 4.279531864137216e-05 2.784008087279097e-05 0
504 4.182605657893632e-05 3.150040114916785e-05 0
505 4.559533945346411e-05 3.033411065996226e-05 0
506 4.456613667046358e-05 3.419901040101256e-05 0
507 4.829289875535626e-05 3.316978183378018e-05 0
508 4.733182143544521e-05 3.703219599244781e-05 0
509 4.352747936633863e-05 3.800092830565099e-05 0
510 4.624554513110579e-05 4.095560796435747e-05 0
511 5.011251211149213e-05 3.98701911145025e-05 0
512 4.916505389951994e-05 4.382283812786721e-05 0
513 4.520444487091099e-05 4.487995812467611e-05 0
514 4.812886818472421e-05 4.780710380733583e-05 0
515 5.212273476835204e-05 4.663722057756252e-05 0
516 5.109546090958687e-05 5.070266076285913e-05 0
517 4.703285893291603e-05 5.17808509408333e-05 0
518 5.001497600112959e-05 5.480513132294663e-05 0
519 4.593031797553986e-05 5.58596144789084e-05 0
520 4.892280611736166e-05 5.888037484428622e-05 0
521 5.294074724562983e-05 5.775269619707487e-05 0
522 5.179610054238308e-05 6.179187692082192e-05 0
523 4.792845385246045e-05 6.283309149048629e-05 0
524 5.062368415459338e-05 6.56363497646973e-05 0
525 4.694707767942321e-05 6.660378827414112e-05 0
526 4.950399263664314e-05 6.927972089361822e-05 0
527 4.596227557555693e-05 7.022317510251705e-05 0
528 4.849678789836988e-05 7.280973423832654e-05 0
529 5.194563019863194e-05 7.192723808496615e-05 0
530 4.497183154229351e-05 7.381556654563766e-05 0
531 5.09776171693824e-05 7.531464939905994e-05 0
532 5.431014305388542e-05 7.451073669087763e-05 0
533 5.591882493033635e-05 6.07872384811377e-05 0
534 5.334196579206617e-05 7.779186773521413e-05 0
535 5.663223503744301e-05 7.702540590947968e-05 0
536 4.296264217221315e-05 6.774171613669263e-05 0
537 4.941883621441978e-05 2.921849278502173e-05 0
538 5.555150626662457e-05 8.065695568009216e-05 0
539 5.890402509973788e-05 7.951193287023336e-05 0
540 5.993056393974922e-05 7.617055663940256e-05 0
541 6.212760528762551e-05 7.877830768215823e-05 0
542 6.33745876775145e-05 7.522186047096444e-05 0
543 5.223133431093317e-05 8.075646349135852e-05 0
544 3.543674065047304e-05 2.976984671447314e-05 0
545 5.799343724182608e-05 8.273253457523718e-05 0
546 6.57212890685099e-05 7.871387501667503e-05 0
547 6.721766767270155e-05 7.40188383368172e-05 0
548 3.156191378972096e-05 7.866837079865883e-06 0
549 5.514908760979111e-05 4.951939861946254e-05 0
550 2.509673037478048e-05 1.880647019397877e-05 0
551 2.220238013573025e-05 1.519891636214697e-05 0
552 7.013602288148603e-05 7.7382246834921e-05 0
553 7.164470368928969e-05 7.295778085361525e-05 0
554 6.885185331860558e-05 8.163162435653284e-05 0
555 5.219497693061431e-05 3.209117468583462e-05 0
556 5.329594777728157e-05 2.820611745286567e-05 0
557 5.610583063554841e-05 3.107082978937901e-05 0
558 5.723415512112127e-05 2.714060616217548e-05 0
559 6.009561397507259e-05 3.005597860211268e-05 0
560 6.123419727088946e-05 2.556443574336197e-05 0
561 6.415338604309827e-05 2.893697607825308e-05 0
562 6.551553026017825e-05 2.493112500370815e-05 0
563 6.832272689861613e-05 2.794545629263796e-05 0
564 6.952643288146316e-05 2.372261788560404e-05 0
565 6.716317315569767e-05 3.226823007911832e-05 0
566 7.247947423003027e-05 2.684152705149835e-05 0
567 7.34908469487656e-05 2.261205474152499e-05 0
568 5.057016591935552e-05 2.541249656150514e-05 0
569 7.072539218366513e-05 1.969699253355859e-05 0
570 7.436818996141706e-05 1.865011857103868e-05 0
571 7.177751080187112e-05 1.608076464369002e-05 0
572 7.521488373634599e-05 1.510290533066503e-05 0
573 7.648169873009292e-05 2.557427032549021e-05 0
574 7.287376548789371e-05 1.255867944405959e-05 0
575 6.527006010070968e-05 6.358490356520509e-06 0
576 6.448895266303651e-05 7.944029504762837e-06 0
577 5.780548720593101e-05 2.321111981787276e-05 0
578 7.794007514978984e-05 1.753122063979116e-05 0
579 7.856646955890691e-05 1.362968092260031e-05 0
580 6.828870814523117e-05 1.693034114064015e-05 0
581 7.306316140113879e-05 8.065891451252219e-05 0
582 3.026183382020673e-05 2.438891143986224e-05 0
583 4.277209775103508e-05 5.273119061776009e-05 0
584 7.55863891150318e-05 3.030168409669585e-05 0
585 7.147100522199968e-05 8.460951128668438e-05 0
586 7.583004108234785e-05 8.453456309671661e-05 0
587 5.627365946672858e-05 4.527348281950006e-05 0
588 5.949855715595762e-05 4.826585148172473e-05 0
589 2.106827368834598e-05 1.960640084012931e-05 0
590 1.809562097777649e-05 1.6413670686538e-05 0
591 1.685190783008357e-05 2.064262761837776e-05 0
592 1.960755096979447e-05 2.400977429227336e-05 0
593 6.834273238258236e-05 6.935855330254709e-05 0
594 7.313056555973498e-05 6.817520015449445e-05 0
595 6.945821741527517e-05 6.453580499730734e-05 0
596 4.145534871642945e-05 2.190374166587065e-05 0
597 7.464966105666203e-05 6.310146243451396e-05 0
598 2.447872353703627e-05 1.16061242586253e-05 0
599 6.767400781182998e-05 8.543582940395431e-05 0
600 8.143682628555033e-05 1.634638363388933e-05 0
601 8.188245664575536e-05 1.230743224016188e-05 0
602 6.631466982647638e-05 7.78999104302518e-06 0
603 8.070760485283028e-05 2.806181158878012e-05 0
604 6.998575817004537e-05 8.823703387912824e-05 0
605 6.647562773265236e-05 8.885397857965685e-05 0
606 7.075625438690039e-05 5.918035431061375e-05 0
607 5.537722373077431e-05 7.117146074176817e-05 0
608 4.157371866999709e-05 5.708883621401016e-05 0
609 3.815724196232161e-05 5.350652240670145e-05 0
610 3.686328226419866e-05 5.8576315121571e-05 0
611 3.322331121417063e-05 5.453270450944668e-05 0
612 3.181320373046608e-05 6.007434109966373e-05 0
613 2.795149644123011e-05 5.591495012239009e-05 0
614 2.964809074924309e-05 5.040364118897941e-05 0
615 2.385450899619839e-05 5.173099621921305e-05 0
616 2.579222241094531e-05 4.605121262826514e-05 0
617 6.551761463412554e-05 9.568114152046306e-06 0
618 3.325444042589139e-05 4.651024395626107e-06 0
619 7.961566943759577e-05 1.065409969443996e-05 0
620 8.270262267080097e-05 9.428963565346892e-06 0
621 8.522564075855472e-05 1.083364564637957e-05 0
622 3.454664316566006e-05 9.557429804612417e-07 0
623 8.020768139411916e-05 8.212987903175225e-06 0
624 2.643846610776698e-05 6.147213647991768e-05 0
625 3.039950676051284e-05 6.557755821599045e-05 0
626 2.50048691758613e-05 6.702440023547381e-05 0
627 2.902416649311857e-05 7.079548339815267e-05 0
628 2.388275547930498e-05 7.236330908826209e-05 0
629 2.830781176075796e-05 7.604706791220429e-05 0
630 2.298236596006052e-05 7.742191650035913e-05 0
631 2.63966542547601e-05 8.068105105813569e-05 0
632 2.174581916215482e-05 8.209499968346316e-05 0
633 3.082599873902587e-05 7.981811101305202e-05 0
634 2.950800935306713e-05 8.365560361550895e-05 0
635 3.343172768841721e-05 8.267154138308242e-05 0
636 3.244621734913464e-05 8.623648923807269e-05 0
637 3.592055605019934e-05 8.532995524023397e-05 0
638 2.867830744310058e-05 8.74282467440427e-05 0
639 3.49913769242376e-05 8.853594444901768e-05 0
640 3.829889892864821e-05 8.771359642945054e-05 0
641 3.921515762125661e-05 8.457177492524962e-05 0
642 4.136916656824244e-05 8.694530182406647e-05 0
643 4.23975555875986e-05 8.376958111985676e-05 0
644 4.445921237364816e-05 8.621762704883814e-05 0
645 4.352249164696902e-05 8.915107470471241e-05 0
646 4.645553417447497e-05 8.847554823761852e-05 0
647 4.021229183812468e-05 8.135661851123872e-05 0
648 7.915280538631538e-05 3.379925474811779e-05 0
649 7.793898992902504e-05 7.95445712719722e-05 0
650 8.044349629009451e-05 8.334259776665961e-05 0
651 7.918233131793423e-05 8.737197989983657e-05 0
652 8.31160360853902e-05 8.688396115096645e-05 0
653 7.61586540086143e-05 5.774610301502751e-05 0
654 7.21667067495539e-05 5.371386511949099e-05 0
655 8.05723355120637e-05 6.157020646936771e-05 0
656 6.066089126579511e-05 4.379516867493122e-05 0
657 1.823420013554332e-05 7.883134561955482e-05 0
658 4.565695506146139e-05 9.122596850044709e-05 0
659 4.835413080260917e-05 9.058569828017518e-05 0
660 1.744866502928477e-05 8.355783390245436e-05 0
661 3.73463183263691e-05 9.077510607537347e-05 0
662 3.448254378492754e-05 9.166821947027085e-05 0
663 3.12755134988224e-05 4.480848481037951e-05 0
664 2.776213255913104e-05 4.057861292237225e-05 0
665 8.566289069367238e-05 8.399347727448949e-06 0
666 8.796847781129192e-05 1.091570000624853e-05 0
667 8.820377974248938e-05 7.827771339068487e-06 0
668 8.765852959509616e-05 1.357148940729042e-05 0
669 9.042669324681152e-05 1.188531253043688e-05 0
670 4.924937959383491e-05 8.790080461469683e-05 0
671 5.107037732097409e-05 9.000330653072353e-05 0
672 2.075841737330034e-05 8.6605755628452e-05 0
673 1.67916540858471e-05 8.793946120973487e-05 0
674 1.397606962245293e-05 1.726948319329147e-05 0
675 1.524263092564919e-05 1.294872776049266e-05 0
676 1.251199413701911e-05 2.154460728017643e-05 0
677 1.95776815556872e-05 9.057146366020666e-05 0
678 6.703004431363723e-05 6.168873229942941e-06 0
679 6.820635269119249e-05 7.575348333010736e-06 0
680 6.884957127425206e-05 5.571735193979778e-06 0
681 7.0137863831764e-05 7.26758728137124e-06 0
682 7.07888011405821e-05 5.49725199830311e-06 0
683 7.210453018996482e-05 7.025594561359576e-06 0
684 6.347778560300157e-05 9.644232879273565e-06 0
685 6.444646477619458e-05 1.161953853257677e-05 0
686 1.158847576006154e-05 1.378918564381969e-05 0
687 1.250442250024379e-05 1.102919522895387e-05 0
688 1.67638393476818e-05 1.053431823285553e-05 0
689 1.436563606831471e-05 8.158028543137076e-06 0
690 9.634860529475676e-06 1.094996307051339e-05 0
691 5.198989928939443e-05 8.733014260560595e-05 0
692 5.379067537275436e-05 8.942143073832224e-05 0
693 5.295611097717641e-05 9.200683953012313e-05 0
694 5.555490971466751e-05 9.147317286901011e-05 0
695 5.646454444687974e-05 8.88787167330344e-05 0
696 5.821733146926142e-05 9.097579547119762e-05 0
697 5.908840680014785e-05 8.832803378054487e-05 0
698 4.543474676042131e-05 8.317741388534553e-05 0
699 4.311961050864886e-05 9.201494922700943e-05 0
700 8.349632540107437e-05 7.234319051186113e-06 0
701 1.619321228266189e-05 9.172462832133572e-05 0
702 8.444034989653296e-05 3.255363620437883e-05 0
703 1.326406550458706e-05 8.938688773437042e-05 0
704 6.868321091169422e-05 9.141224934643033e-05 0
705 6.548205202001835e-05 9.190104553446085e-05 0
706 7.196442150268472e-05 9.09524191294537e-05 0
707 8.16839443462465e-05 9.044002292877256e-05 0
708 8.534245028950472e-05 9.010089322507127e-05 0
709 8.712798619567808e-05 8.655771900913124e-05 0
710 5.731544061829728e-05 9.349322806251094e-05 0
711 3.921463908475031e-05 1.196503236981039e-05 0
712 4.103371589729333e-05 1.373372030539617e-05 0
713 4.370584285817787e-05 1.287323971594587e-05 0
714 4.307142251002249e-05 1.54172978987137e-05 0
715 4.577392834915722e-05 1.444647929578761e-05 0
716 4.526023562802833e-05 1.720961370887052e-05 0
717 4.790497689859293e-05 1.616091562017556e-05 0
718 4.835224786332793e-05 1.342306922328686e-05 0
719 5.045424944079922e-05 1.508854713821534e-05 0
720 5.69871247882714e-05 1.052393389920212e-05 0
721 5.876356725034665e-05 1.188584999943836e-05 0
722 5.673033556274459e-05 1.273697720413391e-05 0
723 5.867982533409481e-05 1.423775410383356e-05 0
724 5.650793560256683e-05 1.51218045334442e-05 0
725 5.008008232050512e-05 1.777289776087126e-05 0
726 1.96451667868669e-05 4.728051262596938e-05 0
727 6.696850597166871e-05 1.187264806381448e-05 0
728 7.768251860962969e-05 5.197686929112252e-05 0
729 7.361393060658955e-05 4.827167114203951e-05 0
730 7.930332764628078e-05 4.645830706763779e-05 0
731 3.311287692249011e-05 3.966698490149717e-05 0
732 6.451701630707733e-05 6.609773165522947e-05 0
733 4.747122673421976e-05 9.319648772482473e-05 0
734 5.85548052821006e-05 1.686431009172773e-05 0
735 6.087245394179265e-05 1.563912051259504e-05 0
736 5.53468912134276e-05 1.775564834655697e-05 0
737 5.900989778285664e-05 3.419061213543902e-05 0
738 5.994933835646554e-05 9.303243279637133e-05 0
739 8.576194818581373e-05 2.708004133200859e-05 0
740 3.452450829152527e-05 7.946738623208362e-05 0
741 3.402876180944259e-05 6.941306830313479e-05 0
742 7.269714996046341e-05 5.219078674896036e-06 0
743 7.407384339367675e-05 6.753857545718462e-06 0
744 1.761721211689708e-05 5.328956080196559e-05 0
745 9.027002035601115e-05 1.548778813191371e-05 0
746 9.332822988212404e-05 1.418269238856939e-05 0
747 3.833685281365396e-05 1.458182305164183e-05 0
748 6.091855247692613e-05 1.852423127414273e-05 0
749 3.743960732575111e-05 5.427438216660013e-06 0
750 9.338947588532607e-05 1.08839538383148e-05 0
751 5.479813955871208e-05 1.127632402118768e-05 0
752 6.664559974823276e-05 5.521088395513509e-05 0
753 2.959351724036898e-05 3.563162034270827e-05 0
754 2.430018109247209e-05 3.642904478279465e-05 0
755 5.709985267149252e-05 5.660236765051594e-05 0
756 3.505857074176142e-05 1.593724363007232e-06 0
757 3.40663762800922e-05 1.598815047204926e-06 0
758 6.565388618510025e-05 2.882644512520738e-06 0
759 1.789310952652096e-06 3.084601915409428e-06 0
760 3.712704137883832e-05 4.419862987313975e-05 0
761 8.078759125659384e-05 2.009054287192885e-05 0
762 6.966947528854578e-05 3.938914513896912e-06 0
763 6.784229663012048e-05 1.972344373903254e-06 0
764 6.261840201203402e-05 5.248123484584022e-07 0
765 8.246681950667853e-05 7.955341980313663e-05 0
766 6.061943701326262e-05 5.734428384994449e-07 0
767 6.437607406676533e-05 8.649419338622904e-05 0
768 5.044055531069583e-05 4.264777794269065e-06 0
769 5.038700632718256e-05 3.187879012394893e-06 0
770 4.971216319702295e-05 2.667772965758619e-06 0
771 5.044263181222102e-05 2.25261626957171e-06 0
772 4.981020411888309e-05 1.976295555041775e-06 0
773 4.919915980379869e-05 2.176355447209163e-06 0
774 4.933067564599375e-05 1.594309316442273e-06 0
775 4.877818210460508e-05 1.779224213732212e-06 0
776 5.026996286395294e-05 1.681803281960935e-06 0
777 5.100845412482115e-05 1.968779125251736e-06 0
778 5.097047967336498e-05 1.387188998992899e-06 0
779 5.141156803594905e-05 1.648674620861204e-06 0
780 5.140539486248223e-05 1.115431964374069e-06 0
781 5.181174959485439e-05 1.366499635039032e-06 0
782 5.187010994233029e-05 1.903178375995074e-06 0
783 5.229575954416189e-05 1.613569856815987e-06 0
784 4.883982050298139e-05 1.239828058029437e-06 0
785 4.839119829740849e-05 1.437266988897536e-06 0
786 4.92611779307491e-05 1.107338171138094e-06 0
787 4.897310305031133e-05 8.656575994999237e-07 0
788 4.927576686416652e-05 7.489887976306773e-07 0
789 4.95635136982074e-05 9.340750922614748e-07 0
790 4.95520009673442e-05 5.908555175022198e-07 0
791 4.827435762316981e-05 1.920199559244929e-06 0
792 4.792731001696568e-05 1.562900474582979e-06 0
793 5.238171537941798e-05 2.167638387835891e-06 0
794 5.288580035174906e-05 1.74357892432951e-06 0
795 5.295564149233371e-05 2.456373221545884e-06 0
796 5.348302442339342e-05 2.049822748600581e-06 0
797 5.344345795933043e-05 1.431476800103711e-06 0
798 5.398180135006694e-05 1.662691276955838e-06 0
799 5.17911388879901e-05 9.165336413597114e-07 0
800 5.186502000855038e-05 2.519201802762795e-06 0
801 5.104794874346373e-05 8.753952636043127e-07 0
802 5.387937112045721e-05 1.114410883064241e-06 0
803 5.442352793139025e-05 1.236010448320077e-06 0
804 5.135553012369364e-05 7.358185216385176e-07 0
805 5.097184738801935e-05 5.0096578638206e-07 0
806 4.80544608440744e-05 1.144459992118989e-06 0
807 4.759437849206497e-05 1.223796071758162e-06 0
808 4.745969542474098e-05 1.671217808417212e-06 0
809 4.709175934942121e-05 1.256272060442286e-06 0
810 4.698267182240597e-05 1.744396355841383e-06 0
811 4.663274641136928e-05 1.396271038581062e-06 0
812 4.647446087251027e-05 1.857185263273596e-06 0
813 4.610629903091444e-05 1.399817862905412e-06 0
814 4.595165900980606e-05 1.960708908403078e-06 0
815 4.55652416966465e-05 1.534916182559169e-06 0
816 4.769382566454768e-05 7.369717913710446e-07 0
817 4.537996462022178e-05 2.089441765290844e-06 0
818 4.497228876746707e-05 1.552175318134869e-06 0
819 4.634696318872637e-05 9.932219464738352e-07 0
820 4.47921547240871e-05 2.222061156264213e-06 0
821 4.153923555738273e-05 1.466043992398975e-06 0
822 4.113609956190089e-05 1.935157110835707e-06 0
823 4.181923513361538e-05 2.096341447141927e-06 0
824 4.124295804439757e-05 2.73623913041143e-06 0
825 4.436556205910743e-05 1.727661449673881e-06 0
826 4.415758568560176e-05 2.410019240554668e-06 0
827 4.373524409657803e-05 1.819442946174862e-06 0
828 4.223458639743391e-05 2.897764833921775e-06 0
829 4.032766370845524e-05 1.829701153017362e-06 0
830 4.225712770782974e-05 1.509126180941789e-06 0
831 4.451830061400031e-05 1.21737732881592e-06 0
832 4.578963708912736e-05 2.568350164029106e-06 0
833 4.15678967816228e-05 3.59788089990249e-06 0
834 4.049670707318376e-05 3.415296923053317e-06 0
835 4.084673724951005e-05 4.476809263103412e-06 0
836 4.985887185746704e-05 7.674670300154719e-07 0
837 4.407834287586956e-05 4.081690757020471e-07 0
838 4.903860112297773e-05 5.470393091597791e-07 0
839 4.875197086532671e-05 6.447302504850026e-07 0
840 4.881878999819556e-05 4.172694316252566e-07 0
841 5.452014839776562e-05 1.863928641098447e-06 0
842 5.493249954250364e-05 1.405666527237817e-06 0
843 4.984790993309171e-05 1.077412073978311e-06 0
844 5.013567648187266e-05 9.367292919592197e-07 0
845 5.341925246823719e-05 8.622959162877381e-07 0
846 5.379699889735779e-05 6.290014462240319e-07 0
847 1.271622892924476e-05 9.325879897165515e-05 0
848 9.846505069073804e-06 9.094716312684261e-05 0
849 8.429604024533677e-05 1.873804118199376e-05 0
850 3.658111327150588e-05 9.35977633299087e-05 0
851 3.384542698196462e-05 9.44075552477383e-05 0
852 3.129318656405887e-05 9.26473839199685e-05 0
853 6.770490324496765e-05 2.396623988830018e-07 0
854 5.075511576706119e-05 1.244308634223694e-05 0
855 5.9981056200969e-06 2.876276165411764e-05 0
856 2.070861781077643e-05 6.303011215725615e-05 0
857 6.424124595056514e-05 4.691279331053693e-05 0
858 6.538397582964511e-05 4.227385244758484e-05 0
859 7.476871613789599e-05 4.918330376927399e-06 0
860 7.607008815633216e-05 6.472205790685374e-06 0
861 7.53288134591214e-05 8.323671423452592e-06 0
862 7.68428680381092e-05 4.644821390636131e-06 0
863 6.026493430589104e-05 5.998055698459992e-05 0
864 5.358149864331569e-05 2.776425052748316e-06 0
865 2.403395811024655e-06 9.82625835232843e-05 0
866 1.883851049475038e-05 9.372800650340671e-05 0
867 2.212008230916272e-05 9.296681286964297e-05 0
868 2.622775751287615e-05 3.09418659827334e-05 0
869 2.046227652608755e-05 3.214064631216547e-05 0
870 1.809868380916869e-05 3.690333862524387e-05 0
871 5.0095504148697e-05 8.538187334584656e-05 0
872 7.052974551298662e-05 9.373089718010015e-05 0
873 7.3747241470807e-05 9.391897804114841e-05 0
874 3.659549425333339e-05 9.155847153606774e-06 0
875 1.400391018546048e-05 8.046838159939649e-05 0
876 1.479390134737532e-05 7.609998412936669e-05 0
877 7.396039523374759e-05 3.558994477136311e-05 0
878 6.068971479087886e-05 7.253462255371243e-05 0
879 5.505953129452358e-05 2.001298519112861e-06 0
880 5.085373905678027e-05 2.179095059168676e-07 0
881 9.735180705844721e-05 9.799398553345871e-05 0
882 3.836743216140111e-05 8.65049592204938e-08 0
883 8.38266234410555e-05 9.380341891579484e-05 0
884 8.724145582557168e-05 9.312121166285394e-05 0
885 8.040166192248433e-05 9.408084511884755e-05 0
886 3.969285163635117e-05 4.183374271794505e-06 0
887 5.300324972849568e-05 1.168951035934091e-06 0
888 1.278314185255373e-05 4.896482282578486e-05 0
889 7.728600333333937e-05 8.029240547274386e-06 0
890 7.577311855471945e-05 7.164544747156841e-05 0
891 6.938458068400129e-05 9.093222341519288e-06 0
892 6.962692519116633e-05 8.008570198060957e-07 0
893 4.346966144493217e-05 2.512235601956649e-06 0
894 7.650659194399769e-05 9.869068113196362e-06 0
895 4.254571104619224e-05 3.881195960999205e-06 0
896 1.115624030711898e-05 7.988742668005138e-06 0
897 7.830823038655564e-06 8.702274159395399e-06 0
898 9.013031459340483e-06 6.741868802513074e-06 0
899 6.610711923001304e-06 1.094723174526261e-05 0
900 5.09316597663924e-06 9.02970388013722e-06 0
901 6.256303423979267e-06 7.146195084988242e-06 0
902 4.450462295587308e-05 2.307767641490152e-07 0
903 4.729645705656156e-05 2.196078662928869e-06 0
904 3.44992102076415e-05 2.419879208683254e-06 0
905 3.342918703629821e-05 2.273899718760107e-06 0
906 6.769810741471387e-05 3.224081024827213e-06 0
907 6.643948265890342e-05 3.736910962380273e-06 0
908 5.717585032279072e-05 4.1140227389247e-05 0
909 5.564215558217703e-06 7.702213865904891e-05 0
910 4.684640590977901e-05 7.568693709518218e-06 0
911 4.929492515765889e-05 4.871303570610176e-07 0
912 4.948870649485586e-05 2.962227404187167e-07 0
913 3.350196426306111e-05 5.472969653857424e-07 0
914 9.253918299524361e-06 9.43223567128679e-05 0
915 4.06486694582152e-05 6.158430840456622e-05 0
916 3.942056110807402e-05 2.97091281374823e-06 0
917 4.843236022507336e-05 1.031456067097648e-06 0
918 6.566332744213474e-05 1.355635929867337e-05 0
919 4.832776963510161e-05 2.999293340282491e-06 0
920 5.072246478205795e-05 7.031834629475844e-07 0
921 5.261765428957348e-05 1.414478645416106e-05 0
922 6.221534787016631e-05 1.152923941072233e-05 0
923 3.160026752842081e-05 9.703931786138131e-07 0
924 3.108272920995739e-05 1.803061121666222e-06 0
925 2.983850963558508e-05 1.749353634478353e-06 0
926 3.042403075012429e-05 2.974458493959284e-06 0
927 2.888222911090451e-05 2.859753734660367e-06 0
928 2.96486494199411e-05 4.383453956663624e-06 0
929 2.783238535109735e-05 4.267534795499337e-06 0
930 2.872815428400486e-05 5.944857576661937e-06 0
931 2.674284322237623e-05 5.85237392932317e-06 0
932 2.76281412350581e-05 7.61276749810377e-06 0
933 2.564574690938362e-05 7.508658166700609e-06 0
934 2.475259379259708e-05 5.720853005464179e-06 0
935 2.365257280504441e-05 7.391626384228291e-06 0
936 2.275591691505553e-05 5.60412863569123e-06 0
937 2.165653551444215e-05 7.274874057816612e-06 0
938 2.076219413282374e-05 5.439605557107611e-06 0
939 1.96600747554403e-05 7.158164716081582e-06 0
940 1.876609516938119e-05 5.314940938726385e-06 0
941 1.766374420171008e-05 6.989199342127847e-06 0
942 1.681408924269292e-05 5.219602978638188e-06 0
943 1.788956899167409e-05 3.497597275884474e-06 0
944 2.042879050479992e-05 9.417172957153485e-06 0
945 3.840484303933126e-05 5.490534707470707e-07 0
946 3.886006063317683e-05 7.617558227893452e-07 0
947 3.231540682005734e-05 2.649835200204818e-07 0
948 5.300384867032047e-05 7.751546608268581e-07 0
949 9.003911094155574e-05 3.104537284941454e-05 0
950 5.160839047182962e-05 2.069466512272949e-07 0
951 4.742611555511982e-05 2.167172601401348e-07 0
952 4.722696655155498e-05 3.937201183768792e-07 0
953 4.700386092664167e-05 3.620865124881094e-07 0
954 4.708404466114318e-05 5.943135602995361e-07 0
955 4.68597679275536e-05 5.523755605267915e-07 0
956 8.269732836776169e-05 3.812139746700797e-05 0
957 5.266744582440122e-05 9.648979080189567e-07 0
958 6.324187346556289e-05 1.711234916522457e-05 0
959 8.595602875345905e-05 9.591968575419947e-05 0
960 5.936182387265712e-05 2.118635658249664e-06 0
961 6.153268051563375e-05 8.650495922012702e-08 0
962 6.157192439706747e-05 3.353014183765421e-07 0
963 6.133612644218318e-05 5.625763442780421e-07 0
964 6.177037925141192e-05 6.827474526403222e-07 0
965 5.902375528972595e-05 9.528405203203355e-05 0
966 6.165224362291184e-05 9.473805569849138e-05 0
967 4.856676664869971e-05 4.558709429510449e-07 0
968 9.661139789821145e-05 1.594642625119092e-05 0
969 6.200065563635643e-05 2.302079885064422e-06 0
970 5.294532821505453e-05 2.4638084064207e-07 0
971 5.308283629595317e-05 2.712999321623635e-07 0
972 5.913114367873846e-05 1.491038479366248e-06 0
973 5.592640908884488e-05 3.183829088478127e-07 0
974 5.55829967287785e-05 5.718641055626639e-07 0
975 5.601999916792537e-05 6.940475688552938e-07 0
976 5.573538160298829e-05 1.037348251812458e-06 0
977 5.625930284500944e-05 1.091765399305841e-06 0
978 5.521765289019764e-05 5.646580475064814e-07 0
979 1.890445661342185e-05 1.230057069048152e-05 0
980 3.157024052172197e-05 2.831762853057972e-06 0
981 4.523234816490441e-05 1.074776404794497e-06 0
982 4.488044899955507e-05 7.18374038700369e-07 0
983 4.569683130216315e-05 1.081280115290328e-06 0
984 4.693525368489785e-05 8.382883904336983e-07 0
985 5.118195588472827e-05 1.452223669272975e-07 0
986 3.923138407260468e-05 9.297234496488504e-05 0
987 3.854817519332609e-05 9.56737514076265e-05 0
988 4.073681985055256e-05 9.493038254111454e-05 0
989 5.142475689386043e-05 4.528418168806401e-07 0
990 5.180391200165767e-05 3.771310475905535e-07 0
991 5.801572687723787e-05 3.91069179771415e-07 0
992 1.135990042239889e-05 5.675180381854717e-05 0
993 7.51153986230112e-05 9.074524528410318e-05 0
994 6.237533284451047e-05 9.607106145780114e-07 0
995 4.003006447252987e-05 5.556216453572175e-06 0
996 5.938260209984385e-05 6.444593038815604e-05 0
997 4.909904703436314e-05 1.385295635180346e-07 0
998 5.599254208048265e-05 1.550936822464215e-06 0
999 7.283354541511472e-05 1.485694304889713e-06 0
1000 7.166615502474872e-05 2.593501832625776e-06 0
1001 1.582863705525011e-05 9.533035685198333e-05 0
1002 4.748040226446752e-05 4.449399643130819e-07 0
1003 5.294935805382195e-05 8.47291071032724e-05 0
1004 6.343826119334107e-05 9.83578688269295e-07 0
1005 9.307640562044565e-05 8.137669691312614e-05 0
1006 6.34516261028291e-05 1.981066427365553e-05 0
1007 3.232713663178409e-05 8.590189202748823e-07 0
1008 9.447601895026796e-06 8.674626215439924e-05 0
1009 3.964148229827908e-05 4.912656616448481e-05 0
1010 4.614417372896743e-05 2.143167465982423e-07 0
1011 4.637558728213255e-05 4.980060302139027e-07 0
1012 9.28687711326699e-05 1.789714745395975e-05 0
1013 9.172276701577339e-05 2.197243813429372e-05 0
1014 5.422884877443981e-05 7.613350075075811e-07 0
1015 2.483371945275945e-05 8.51963737349999e-05 0
1016 2.558630353675607e-05 8.893791519414113e-05 0
1017 4.397592152598026e-05 1.281367466033979e-06 0
1018 4.337578207911259e-05 1.279229411704492e-06 0
1019 4.303046397402955e-05 1.800018053709329e-06 0
1020 1.354097456869115e-05 3.133178582859996e-05 0
1021 9.138799278673391e-05 9.169176277096683e-06 0
1022 9.345051613824916e-05 8.260523395025346e-06 0
1023 9.162561867081704e-05 7.048240045389508e-06 0
1024 9.338285611679788e-05 6.056413984877023e-06 0
1025 9.165634734024935e-05 5.091897081871877e-06 0
1026 9.517304969957374e-05 7.070119830238378e-06 0
1027 9.500684666834981e-05 5.010081389414691e-06 0
1028 8.959260220335423e-05 6.158785080434955e-06 0
1029 8.988775650540518e-05 3.741775443320894e-06 0
1030 8.789223606536833e-05 4.946338357036286e-06 0
1031 5.942680056846921e-05 9.954869996118957e-07 0
1032 5.642896744102759e-06 8.847831972248913e-05 0
1033 5.844492957015011e-06 2.290974655148517e-05 0
1034 2.392141631620434e-05 3.799700460849791e-06 0
1035 4.886443385377929e-05 1.062825216767792e-05 0
1036 6.952691290913309e-05 1.351349442971235e-05 0
1037 2.84546414238231e-05 9.084374319016849e-05 0
1038 4.638399985038295e-05 1.181465020261415e-05 0
1039 4.197615412551718e-05 2.623231996970873e-07 0
1040 4.209245931692476e-05 5.969567743495045e-07 0
1041 4.249771827557058e-05 6.008957037066211e-07 0
1042 9.628126511378322e-05 9.347063376517723e-05 0
1043 9.290138080911314e-05 9.126829894934074e-05 0
1044 4.726523079857317e-05 8.65341196766133e-07 0
1045 8.436640850431832e-05 5.091021669152441e-05 0
1046 9.137522381321048e-05 5.644337463016383e-05 0
1047 9.368205056222509e-05 6.419160505942252e-05 0
1048 8.560547868749786e-05 7.06831111772082e-05 0
1049 9.586976970614607e-05 1.234603967490656e-05 0
1050 3.849188226580118e-05 3.904120771819942e-05 0
1051 6.530078031278096e-05 1.152266061394697e-06 0
1052 5.634111878146853e-05 9.618661320310287e-05 0
1053 5.438641229531721e-05 2.439007634930047e-05 0
1054 5.163854281471361e-05 2.220198266074758e-05 0
1055 4.794871050094166e-05 2.232495935038474e-05 0
1056 5.734277776271042e-05 8.607895243487513e-05 0
1057 6.00577187717173e-05 8.547948397092062e-05 0
1058 4.624339761302974e-05 2.622662375110793e-05 0
1059 2.71925810257358e-05 2.602188089816836e-06 0
1060 6.092446665232453e-05 8.216899462468509e-05 0
1061 6.745751480565109e-05 9.433028849296987e-05 0
1062 4.695325098198842e-05 1.365724377019126e-07 0
1063 4.682462879984565e-05 2.767520943603162e-07 0
1064 6.538726675031996e-05 8.299628337241463e-05 0
1065 4.4778433970001e-05 3.321714120707412e-07 0
1066 4.451304152136847e-05 5.685298613428056e-07 0
1067 4.813884050863318e-05 7.96153316559482e-07 0
1068 3.57374764824865e-05 1.112509160344222e-06 0
1069 4.899799189194815e-05 3.269790638930554e-07 0
1070 6.371681172193435e-05 4.435835566459078e-07 0
1071 5.06866339661359e-05 1.033572280066374e-06 0
1072 3.517882181743997e-05 3.475608253833702e-05 0
1073 7.520445664827981e-05 4.1812366183476e-05 0
1074 3.277292442246981e-05 7.367919874750042e-05 0
1075 3.753117735560926e-05 7.288267369326575e-05 0
1076 3.120138342066271e-05 9.540092640133904e-05 0
1077 3.614049148896773e-05 6.417028302391899e-05 0
1078 9.573620484498462e-05 9.489971301677382e-06 0
1079 5.225798923233843e-05 1.090448748502534e-06 0
1080 5.217297889743542e-05 7.165597636940358e-07 0
1081 4.587872213429534e-05 3.766251556692551e-06 0
1082 6.353355335655844e-05 8.968265076038809e-05 0
1083 3.871983368744269e-05 6.856036115371014e-05 0
1084 5.122752962212155e-05 3.944799941446792e-07 0
1085 2.827556922634927e-05 1.172109628573938e-05 0
1086 9.291196330401135e-05 9.475026536039217e-05 0
1087 8.140569966265442e-06 1.396954679701594e-05 0
1088 1.025408038134543e-05 1.741472404031033e-05 0
1089 4.400526469740868e-05 3.240386621918296e-06 0
1090 1.833638869171969e-05 9.116162609418374e-06 0
1091 6.439668007034846e-05 9.436362547647822e-05 0
1092 7.324897447508263e-05 3.119533439268017e-06 0
1093 2.107859161348308e-06 1.316891971849343e-05 0
1094 4.507940147957199e-05 9.385959936747599e-05 0
1095 4.669128342155996e-05 9.57930260193233e-05 0
1096 4.920218288141815e-05 9.503709534111316e-05 0
1097 4.420304633891741e-05 9.627145018532751e-05 0
1098 5.018453852753309e-05 9.256038385545184e-05 0
1099 5.191775259910246e-05 9.434516621356931e-05 0
1100 5.463472807828736e-05 9.39584091165217e-05 0
1101 4.464707494585515e-05 2.313099078208668e-05 0
1102 5.116244614934044e-05 2.708645226002103e-06 0
1103 5.129061136705959e-05 3.672666833523575e-06 0
1104 6.181303359547692e-05 1.250210277570281e-06 0
1105 3.053980406198235e-05 6.084547504904693e-06 0
1106 4.060026601194762e-05 9.03571768312571e-05 0
1107 3.452121980036279e-05 4.333849578837266e-07 0
1108 7.688330244201802e-05 9.349599610855267e-05 0
1109 3.617104389721047e-05 6.805752983589757e-07 0
1110 6.061086729652938e-06 9.220691992654087e-05 0
1111 5.984773505025973e-05 4.008349063877715e-06 0
1112 2.525597723037573e-05 9.236110177371664e-05 0
1113 2.828589451516459e-05 9.426226023599249e-05 0
1114 2.554460705973317e-05 9.52516707053124e-05 0
1115 8.928111863263844e-05 9.021074140224729e-05 0
1116 5.009498568338238e-05 7.855679833115884e-05 0
1117 4.965046841908983e-05 8.109030515194569e-05 0
1118 4.696162986438976e-05 7.996556404124706e-05 0
1119 4.339971410836896e-05 8.056364618775983e-05 0
1120 4.096565060926968e-05 7.814613651976355e-05 0
1121 4.795066700394981e-05 5.709756350942069e-07 0
1122 5.680745435378061e-05 9.39818524373901e-07 0
1123 3.853377395752999e-05 8.240346729523923e-06 0
1124 6.027502550700116e-05 8.928002151379565e-07 0
1125 2.122052802246495e-05 9.59388997016431e-05 0
1126 5.10728305955596e-05 2.758070615878097e-07 0
1127 4.199374537352008e-05 7.136568930496295e-05 0
1128 5.483600718899769e-05 1.002290719494883e-06 0
1129 3.549635599218945e-05 1.621427084270246e-05 0
1130 3.863937454908039e-05 1.853757579684639e-05 0
1131 4.772783926812234e-05 7.621379474545888e-05 0
1132 5.88783607986561e-05 9.014657452822024e-07 0
1133 5.576670986000837e-05 3.057196879881555e-06 0
1134 1.298861761100258e-05 9.622224838868911e-05 0
1135 9.506480387132424e-05 2.695371465672711e-05 0
1136 5.94107489821927e-05 2.985563898130858e-06 0
1137 4.247745261268783e-05 1.827926019125216e-05 0
1138 6.263601589433254e-05 9.238248451573459e-05 0
1139 6.007756539653732e-05 5.096469708791998e-06 0
1140 4.129215425686447e-05 4.227935069188117e-05 0
1141 5.466314422989812e-05 6.479294632676212e-05 0
1142 5.856328319528843e-06 9.544474115022426e-05 0
1143 2.300149759551198e-05 1.880782104644287e-06 0
1144 5.834236278389044e-05 9.749577860621199e-05 0
1145 6.567078527860148e-05 6.596216001636646e-07 0
1146 6.560162119355442e-05 6.085204788487788e-05 0
1147 6.130496379312153e-05 3.844603709551935e-05 0
1148 6.644095262354876e-05 3.750642769216696e-05 0
1149 4.487291413977284e-05 6.003227998546442e-05 0
1150 6.120424444281472e-05 9.528083436861991e-06 0
1151 6.673870525934831e-05 2.074905946526174e-05 0
1152 3.329106382886181e-05 9.682994294664708e-05 0
1153 3.844954658195998e-06 1.108844992633848e-05 0
1154 4.548839614810043e-05 8.056447859706803e-07 0
1155 4.580367515270215e-05 6.669624209183084e-07 0
1156 5.363052567522644e-05 9.618961779422497e-05 0
1157 3.858698040724867e-05 3.611388009982064e-06 0
1158 4.434104300921818e-05 7.718989316139038e-05 0
1159 7.135931718321937e-05 8.869281907547344e-06 0
1160 7.334435172119647e-05 8.605194731023683e-06 0
1161 4.085713928039296e-05 3.514060881465736e-05 0
1162 9.527661208259128e-05 1.787080709240623e-06 0
1163 3.161617841559208e-05 8.953001902665847e-05 0
1164 2.186999502983212e-05 3.732062904382167e-06 0
1165 1.987639381304613e-05 3.525807282562245e-06 0
1166 7.799472209468107e-05 6.165810809140857e-06 0
1167 7.882714080506598e-05 4.380520580813958e-06 0
1168 8.010354853255757e-05 6.191646203703014e-06 0
1169 8.08052359665647e-05 4.059673527333732e-06 0
1170 8.219839004129234e-05 5.597242138131774e-06 0
1171 8.271352128414612e-05 3.481444347447832e-06 0
1172 2.269598873328701e-05 9.397415544724829e-06 0
1173 2.455050157632938e-05 9.178980685983742e-06 0
1174 2.652053842771658e-05 9.50599851124465e-06 0
1175 8.104122905170978e-05 1.981618375226271e-06 0
1176 8.471936703273296e-05 2.89401332018992e-06 0
1177 8.435359764031596e-05 5.213743771973468e-06 0
1178 8.624636318377808e-05 4.09732461791243e-06 0
1179 8.606030395201353e-05 6.088901814978437e-06 0
1180 7.682400136296371e-05 1.626824143553151e-06 0
1181 7.002301052764586e-06 1.728108996721082e-06 0
1182 6.004167261413824e-06 3.458706416409123e-06 0
1183 3.988723269740552e-06 3.386775850324238e-06 0
1184 5.003790910019415e-06 5.193697998487487e-06 0
1185 6.971241735917997e-06 5.122159793964569e-06 0
1186 4.093863789468977e-06 7.065248059062826e-06 0
1187 3.00268775409092e-06 5.051435030815244e-06 0
1188 2.933592182948417e-06 8.844953978645164e-06 0
1189 8.900000000002658e-05 1.732050807560071e-06 0
1190 1.099992818379695e-05 1.731977752468961e-06 0
1191 9.998164004015624e-06 3.421639691171582e-06 0
1192 1.199968203131927e-05 3.457012451962372e-06 0
1193 1.108321862642856e-05 5.068973844952616e-06 0
1194 1.299305064995274e-05 5.071895131897461e-06 0
1195 1.396706664448093e-05 3.42389575586168e-06 0
1196 1.69691075723268e-05 1.720622089319565e-06 0
1197 9.100000000002436e-05 1.73205080755757e-06 0
1198 1.299266224904807e-05 1.72312619616049e-06 0
1199 7.561980465506472e-05 9.579326287812516e-05 0
1200 7.446350708466532e-05 1.024858767294179e-05 0
1201 2.592178920812143e-05 4.031842030623694e-06 0
1202 7.994783203104017e-06 3.401777492604545e-06 0
1203 4.69391263540319e-05 9.540322829985612e-06 0
1204 6.195874181232818e-05 6.50738034263772e-06 0
1205 9.295478088401494e-05 3.783032799591113e-05 0
1206 6.148581497169404e-05 5.52092331790373e-05 0
1207 3.923281599687004e-05 3.914390957410139e-07 0
1208 3.957249743621666e-05 9.440281478947644e-07 0
1209 3.898371735317438e-05 1.391758589156158e-06 0
1210 3.963023065259809e-05 1.624644907179741e-06 0
1211 3.571952577159705e-05 9.613844329478817e-05 0
1212 4.88709204555048e-05 2.368894714914828e-07 0
1213 4.870066769154742e-05 2.532694166495759e-07 0
1214 4.848915472799203e-05 2.801264231344056e-07 0
1215 4.841851487832155e-05 6.656122034339719e-07 0
1216 3.991362364457916e-05 3.924809793623295e-07 0
1217 6.876493806376819e-05 2.803909387040903e-06 0
1218 2.900159501016823e-05 9.660463795389994e-05 0
1219 9.81305337049467e-05 8.691991791675439e-06 0
1220 9.836871713449638e-05 4.768426090158191e-06 0
1221 6.515151218626639e-05 4.048686111790238e-06 0
1222 5.322316365895871e-05 5.804917567296334e-07 0
1223 5.013985763427357e-05 6.243614117926619e-07 0
1224 4.986559961105665e-05 4.370105819920488e-07 0
1225 6.742247837807334e-05 4.633941347052906e-06 0
1226 6.747831146275349e-05 9.417141942682736e-06 0
1227 6.889531162281319e-05 1.523383802722299e-06 0
1228 3.689027242341259e-05 8.210321528361027e-05 0
1229 4.523972962960422e-05 2.064411029774725e-07 0
1230 4.506914165064544e-05 4.245387544818478e-07 0
1231 5.299999999987785e-05 9.82679491924271e-05 0
1232 8.861944380023732e-05 9.563201499490848e-05 0
1233 9.099999999997875e-05 9.664328989583232e-05 0
1234 9.523824621625596e-05 9.641271312075254e-05 0
1235 4.755580321497561e-05 1.900013617917118e-05 0
1236 6.502555379814781e-05 2.116405938853654e-06 0
1237 3.848616233843677e-05 3.200159240290478e-05 0
1238 1.894989710411998e-05 1.751984534529129e-06 0
1239 5.402532805136165e-05 5.364343812414295e-05 0
1240 4.397832333576348e-05 6.40335355266912e-05 0
1241 5.401163622968332e-05 3.629744743910695e-06 0
1242 3.615359697513423e-05 1.21254362159549e-05 0
1243 3.909398210362771e-05 2.11594248129032e-06 0
1244 4.961746758288365e-06 1.395027434747366e-05 0
1245 5.112590610699311e-05 3.597857459058735e-05 0
1246 7.252522341557456e-05 1.020026284825635e-05 0
1247 1.928407665338967e-05 6.853454195161408e-05 0
1248 1.591895330486568e-05 3.452851695617136e-06 0
1249 4.921650583997238e-05 9.825769869215046e-05 0
1250 4.512623260912065e-05 9.81324391407623e-05 0
1251 4.305946987198339e-05 9.821763345604864e-05 0
1252 8.464606532640148e-05 1.481947060763512e-05 0
1253 5.48649378994204e-05 2.108126244349179e-05 0
1254 3.318936748113855e-05 1.216654390189115e-06 0
1255 5.304433310845339e-05 6.842705241875614e-05 0
1256 6.996732955718427e-05 2.111414410318819e-06 0
1257 4.729475757808579e-05 8.578480715829829e-05 0
1258 6.997423976586828e-05 3.967509657973373e-05 0
1259 5.469624066433874e-05 8.675275793180274e-05 0
1260 3.229552617416615e-05 1.701895682600082e-06 0
1261 4.183567461569894e-05 9.941994052270599e-07 0
1262 5.261164915974889e-05 1.670289407750699e-05 0
1263 3.095025752890722e-05 3.10018105210098e-05 0
1264 3.033878507441742e-06 1.595393379515071e-06 0
1265 3.410943077854444e-05 5.18013546219895e-07 0
1266 4.359001354450185e-05 4.032592677791577e-06 0
1267 2.959225021996676e-05 7.757528430636368e-06 0
1268 2.854454808214287e-05 9.40836417231511e-06 0
1269 3.054937546146083e-05 9.815778899836613e-06 0
1270 4.66609665348633e-05 7.321482081206943e-07 0
1271 9.328233869413484e-05 4.136916422075337e-06 0
1272 6.086122032003935e-05 1.036631132469893e-06 0
1273 6.306684130746768e-05 9.854778398344392e-05 0
1274 5.041309930134138e-05 8.167392857879364e-07 0
1275 5.75431084454649e-05 7.372515569378789e-05 0
1276 7.346382563660756e-05 8.769726292266735e-05 0
1277 4.411404894377717e-05 4.878574758982468e-05 0
1278 5.691909601506247e-05 6.810550605682927e-05 0
1279 1.571938324698317e-05 6.721497419069197e-06 0
1280 3.470892344438169e-05 4.917471927152625e-05 0
1281 6.889293802696377e-05 6.137287610530395e-07 0
1282 4.2787224444057e-05 1.2297318441272e-06 0
1283 4.309844562326113e-05 8.658328102539926e-07 0
1284 4.367012051689649e-05 7.97647005744725e-07 0
1285 5.294041951087446e-05 3.262433526892876e-06 0
1286 5.305856200114991e-05 4.266624319335366e-05 0
1287 5.37803564215878e-05 2.751433711065312e-07 0
1288 3.484366082570212e-05 9.827936122955161e-05 0
1289 3.913205542283199e-05 9.810954092615872e-05 0
1290 8.496869224919776e-05 8.290705249246759e-05 0
1291 5.014199679116594e-05 1.291061074245835e-06 0
1292 6.705246283875369e-05 9.823994158304921e-05 0
1293 9.84613509175523e-05 2.87066431358367e-06 0
1294 9.653078209117341e-05 3.588262673177384e-06 0
1295 4.772726449491544e-06 9.794339201538819e-05 0
1296 1.490055926458243e-05 5.070804342742743e-06 0
1297 9.005908802892471e-06 9.824177397981558e-05 0
1298 5.877046564999267e-05 2.038997521548306e-06 0
1299 4.24717415549193e-05 2.152931482573517e-06 0
1300 7.099999999992555e-05 9.826794919242658e-05 0
1301 7.192123712581728e-05 9.613120081175251e-05 0
1302 8.714224801599114e-05 9.799574430706973e-05 0
1303 8.499999999996291e-05 9.826794919242655e-05 0
1304 1.303371069083891e-05 9.853834781567476e-05 0
1305 8.099999999995219e-05 9.826794919242655e-05 0
1306 8.199999999995453e-05 9.621300015234726e-05 0
1307 7.497563438223041e-05 9.821947512951436e-05 0
1308 7.825443423461627e-05 9.594609125429013e-05 0
1309 1.899999999995766e-05 9.826794919243663e-05 0
1310 2.10441056044547e-05 9.849495961730323e-05 0
1311 1.480397632957837e-05 9.801001870046952e-05 0
1312 2.52256819693916e-05 9.776940682904112e-05 0
1313 5.495448776737125e-05 3.490181053359757e-05 0
1314 1.203673077073602e-05 6.672319596727606e-06 0
1315 7.901012920173944e-05 9.823837949026475e-05 0
1316 8.521441815219512e-05 5.73919835405864e-05 0
1317 4.05677920077968e-05 1.631123275003775e-05 0
1318 6.809147094396248e-05 5.026180358614705e-05 0
1319 9.668305755087827e-05 5.854833364224078e-06 0
1320 9.217498292614991e-05 8.67753817953628e-05 0
1321 8.378814465043519e-05 2.303130888376656e-05 0
1322 6.60592770703369e-05 3.927230590228918e-07 0
1323 6.565729883648225e-05 2.340142417656676e-07 0
1324 4.917019350679259e-05 8.216295868652576e-08 0
1325 4.140685318398664e-05 5.795320455386987e-06 0
1326 6.302799789556591e-05 3.356737694710156e-05 0
1327 5.542275638802669e-05 9.329729458500458e-06 0
1328 5.324378320959241e-05 9.586672366910811e-06 0
1329 7.122103027869752e-05 3.137160353487147e-05 0
1330 5.1256165459268e-05 1.029946759526069e-05 0
1331 4.264221340722657e-05 3.301677927385399e-07 0
1332 4.288252718562128e-05 2.511543688502395e-07 0
1333 1.464875382498973e-05 6.442949475357806e-05 0
1334 8.723841518112595e-05 7.810849690798235e-05 0
1335 7.80840852171229e-05 6.747884075469779e-05 0
1336 3.268828424924935e-05 2.7089782499008e-05 0
1337 6.941821995748505e-05 4.486793054158634e-05 0
1338 5.803400602430206e-05 1.982525905929682e-05 0
1339 6.183126710142237e-05 3.039448419779896e-07 0
1340 4.438093339773924e-05 1.057775074848038e-05 0
1341 4.254836766097378e-05 1.681880105778826e-07 0
1342 4.260412505583561e-05 7.844396778288515e-08 0
1343 4.487005660528974e-05 2.022390526808498e-05 0
1344 6.10072171555259e-05 3.706853977496149e-07 0
1345 5.806115905821857e-05 8.386229605516425e-07 0
1346 5.848153861017663e-05 5.827421050282999e-07 0
1347 5.459108771763838e-05 2.526924528190548e-06 0
1348 2.215862087079923e-05 5.744268701005171e-05 0
1349 5.823656725681096e-05 5.243120350206886e-05 0
1350 5.663151395750526e-05 1.495764698688967e-06 0
1351 7.714295969848235e-05 2.135440525648535e-05 0
1352 4.957284508313899e-05 1.290306209937211e-06 0
1353 5.523505673154023e-05 9.450790417657151e-07 0
1354 2.760283269639549e-05 2.168355530075657e-05 0
1355 2.62419762058538e-05 2.565415441337145e-05 0
1356 6.082250004806453e-05 9.034673455100983e-05 0
1357 4.862462817478785e-05 2.342948096757435e-06 0
1358 4.902495623005496e-05 2.816276342013576e-06 0
1359 5.640292913422249e-05 7.176479772016546e-07 0
1360 2.195419779277541e-05 4.1633817082721e-05 0
1361 5.564018906047156e-05 8.407819797570633e-05 0
1362 4.159578852035669e-05 7.493342299542767e-05 0
1363 4.286607209323943e-05 5.653898117050131e-07 0
1364 9.810184305547538e-05 1.308325994561204e-05 0
1365 5.861450890790122e-05 3.661481373986853e-06 0
1366 5.405548918872719e-05 2.315321619888921e-06 0
1367 5.069359550835783e-05 4.225951553491711e-07 0
1368 5.048679055771351e-05 2.446157588665944e-07 0
1369 5.572632499333398e-05 2.166498880906248e-06 0
1370 6.071336206800666e-05 2.151498238198893e-05 0
1371 6.595507362096993e-05 5.005414161263307e-06 0
1372 7.500708551260204e-05 7.597265336909798e-05 0
1373 1.799999999996014e-05 9.620724829318843e-05 0
1374 6.294620861704908e-05 8.667574007263102e-07 0
1375 9.03504123630516e-05 9.346983250218368e-05 0
1376 3.238434448888167e-05 6.138247087998915e-06 0
1377 1.542093247329236e-05 4.270574255127808e-05 0
1378 3.843578788998749e-05 1.766382493578858e-06 0
1379 4.476611117657005e-05 3.021097574777333e-06 0
1380 8.556080024998541e-05 4.263320722520746e-05 0
1381 9.681472168522875e-05 7.568541558519097e-06 0
1382 4.161382678182163e-05 5.24810565624793e-07 0
1383 9.020335824660328e-06 5.271243855171619e-06 0
1384 7.070857451417046e-05 1.083482384128891e-05 0
1385 5.322543662118814e-05 1.729235696156309e-07 0
1386 5.316036772572606e-05 7.065135436122006e-08 0
1387 6.281942203125751e-05 7.889440731925285e-06 0
1388 3.784065613490783e-05 7.893477964764896e-05 0
1389 6.466293012641511e-05 3.023387965522516e-06 0
1390 4.236481801113066e-05 9.692765501649112e-07 0
1391 8.80000000000288e-05 3.20559315857974e-06 0
1392 6.414503693868353e-05 7.101485019288615e-05 0
1393 3.708552442084536e-05 7.071457149751545e-06 0
1394 6.900157820532094e-05 9.650701879136837e-05 0
1395 5.598898658543299e-05 7.403480643801455e-06 0
1396 4.61403176715729e-05 6.774315202206624e-07 0
1397 5.089000266313556e-05 9.660306305223757e-05 0
1398 5.28407124064142e-05 1.183289217617251e-05 0
1399 6.134985730282806e-05 9.539377469993225e-07 0
1400 5.655393583582234e-05 5.756502585930622e-06 0
1401 5.299592124928762e-05 4.649789675586115e-07 0
1402 5.39866557157189e-05 3.863583691828105e-05 0
1403 9.000709996208765e-05 7.821123779701185e-06 0
1404 2.841542182833048e-05 1.519769387548456e-06 0
1405 3.808288605422551e-05 1.022761638922024e-05 0
1406 4.70571477104449e-05 8.272492918415713e-08 0
1407 4.664365307694087e-05 4.175961792448798e-07 0
1408 1.35270194413274e-05 8.519988345127234e-05 0
1409 1.517815379925853e-05 2.542226120296602e-05 0
1410 1.043236549360599e-05 2.543233279610392e-05 0
1411 6.154138982046669e-05 5.063396625554769e-06 0
1412 6.060215013302851e-05 1.302158936405526e-05 0
1413 6.31242143245233e-05 1.403203959920265e-05 0
1414 6.600837440823267e-05 9.631918980789119e-05 0
1415 1.927695401128677e-05 7.411896505710668e-05 0
1416 3.126466372351466e-05 4.389732025183085e-06 0
1417 9.17895666232653e-05 3.347053130954261e-06 0
1418 5.140136828752395e-05 4.593034205097127e-06 0
1419 3.194301762612813e-05 3.403183874998753e-07 0
1420 6.066203937860077e-05 6.885613207905003e-05 0
1421 7.590707102414309e-05 1.212746786978899e-05 0
1422 7.5675214469518e-05 3.229971288403109e-06 0
1423 5.015416071232699e-05 3.431567922232226e-07 0
1424 7.816127374612467e-05 9.049155407480166e-05 0
1425 4.426144087582049e-05 8.847144618853037e-07 0
1426 4.533491724894743e-05 8.471688810718405e-06 0
1427 1.330367774811527e-06 4.862031291727651e-06 0
1428 5.146351965219827e-05 2.149695830174583e-06 0
1429 2.267167334291888e-05 9.010238537188493e-05 0
1430 3.779738256989615e-05 2.072404172219189e-06 0
1431 4.767358376726591e-05 2.668180428540778e-06 0
1432 6.304357765673448e-06 1.76186282886015e-05 0
1433 2.164685092120217e-05 1.15645185231736e-05 0
1434 4.038746977051346e-05 2.518586681089005e-06 0
1435 4.779298531134965e-05 2.046436474556715e-06 0
1436 3.85102845193753e-05 7.59861903809911e-05 0
1437 8.214483024434691e-06 9.651080782344123e-05 0
1438 3.872096116025314e-05 4.910899783901053e-06 0
1439 3.871280624638974e-05 6.438830900930544e-06 0
1440 3.393702735973551e-05 3.418255994119506e-06 0
1441 4.788410665066004e-05 6.693019342800585e-06 0
1442 2.36699382146103e-05 2.294464496690175e-05 0
1443 5.236275358063809e-05 1.933217578450582e-05 0
1444 3.542223185784703e-05 2.297929986884236e-06 0
1445 9.629676419503055e-05 8.474381742128051e-05 0
1446 7.110173096258034e-06 4.425635402744396e-05 0
1447 4.524106342076344e-05 6.454524563770101e-07 0
1448 5.544688937422872e-05 1.517804673883219e-06 0
1449 4.918671070384414e-05 3.513298480196624e-07 0
1450 2.236648031264614e-05 2.754687344657994e-05 0
1451 6.126239455636242e-05 7.829293202523622e-06 0
1452 5.310568257871123e-05 7.712277305606968e-06 0
1453 6.303320933787049e-05 5.138196150244166e-05 0
1454 4.631872886175131e-05 2.38312578376692e-06 0
1455 3.842118440890318e-05 1.116179142472826e-06 0
1456 3.755177596029219e-05 4.020607806707488e-06 0
1457 4.700290082606276e-05 2.715526476260089e-06 0
1458 4.638156710988252e-05 3.126761481586201e-06 0
1459 2.906371764951206e-05 9.854377333936779e-05 0
1460 4.199511193296707e-05 4.686842317739734e-06 0
1461 8.737689842811557e-05 1.711983153609575e-05 0
1462 5.540307841876047e-05 6.148701999952648e-06 0
1463 9.666513211225287e-06 8.16897571173032e-05 0
1464 2.380911032396271e-05 9.625523449804466e-05 0
1465 4.050282459151371e-05 6.533752011526863e-05 0
1466 9.503038507943098e-05 9.840095433259477e-05 0
1467 9.728777811484746e-05 9.57955711944846e-05 0
1468 1.376539445522521e-05 6.699897246185087e-06 0
1469 1.284872260915688e-05 8.613836241682504e-06 0
1470 4.869216790743917e-05 9.000213861444513e-07 0
1471 4.819583945014965e-05 2.459565380112604e-07 0
1472 6.822405823192376e-05 1.109032850952392e-06 0
1473 5.262204893622925e-05 1.316289294720216e-06 0
1474 3.66370672939218e-05 5.647820559072414e-07 0
1475 5.197548675592316e-05 3.261654657460634e-06 0
1476 8.492952142889217e-05 1.284593627814327e-06 0
1477 4.177541157993236e-05 4.59348983336087e-05 0
1478 5.242365662941995e-05 2.733460319299616e-06 0
1479 7.978935614423482e-05 2.366822438913827e-05 0
1480 1.813749041121844e-05 2.827151031398737e-05 0
1481 4.018860335014879e-05 1.263722876603219e-06 0
1482 4.681504388785837e-05 2.179262508414171e-06 0
1483 5.113754127225925e-05 6.393015131692541e-08 0
1484 3.369946403193203e-06 9.597488797415922e-05 0
1485 8.117284012709384e-05 7.367176955260576e-05 0
1486 8.171741963200784e-05 7.591538127048094e-06 0
1487 1.625578534933251e-05 8.575423058941356e-06 0
1488 3.850188805565502e-05 2.611466297995223e-06 0
1489 4.205904069183069e-05 9.651963177136148e-05 0
1490 1.729862100917227e-05 5.898873170827974e-05 0
1491 7.778423697788088e-05 3.097140485774962e-06 0
1492 9.102771417075185e-05 9.851968472468221e-05 0
1493 5.842899924930731e-05 1.012458806031336e-06 0
1494 7.875474347640213e-05 7.614017363004497e-06 0
1495 1.311065203629958e-05 7.080330856113414e-05 0
1496 6.788502793257253e-05 6.924580388937701e-07 0
1497 9.467080820880746e-05 3.318128522011622e-06 0
1498 4.903326543453059e-05 7.570465072749134e-08 0
1499 4.900320184104837e-05 1.875281203530031e-07 0
1500 4.880820241558539e-05 1.118450839294862e-07 0
1501 5.815505852712327e-05 1.918271942563985e-06 0
1502 5.926540161934174e-05 5.59473531985356e-07 0
1503 5.97058200743406e-05 6.041984068282724e-07 0
1504 5.971612788287512e-05 2.872293409803519e-07 0
1505 5.962623179959339e-05 8.650495922049673e-08 0
1506 8.763715041170463e-05 2.129181670166558e-05 0
1507 4.813866490233496e-05 2.39541157987647e-06 0
1508 8.399999999996052e-05 9.651052956389349e-05 0
1509 5.27141980259486e-05 6.462424911556153e-07 0
1510 6.311451869784377e-05 9.670869141153508e-05 0
1511 3.278425275084737e-05 3.289666941881191e-06 0
1512 6.975195821151197e-05 3.528226053145072e-05 0
1513 8.718890465943649e-05 6.386313870424156e-05 0
1514 5.262717479128971e-05 3.236612032226805e-07 0
1515 9.015768773236807e-05 2.607664344926506e-05 0
1516 1.008799877560155e-05 9.649126545128124e-05 0
1517 4.310806241664907e-05 3.211110643091549e-06 0
1518 8.891729643451946e-05 8.314506942361402e-05 0
1519 6.17086318625567e-05 8.749283368491413e-05 0
1520 4.690659929710782e-05 5.576934923062142e-08 0
1521 5.46737799731691e-05 1.339591151989667e-05 0
1522 3.592975563479099e-05 3.621104695200931e-07 0
1523 5.120007327412236e-05 2.547008689637188e-07 0
1524 1.213462993273529e-05 3.821861680547709e-05 0
1525 8.420781908582682e-05 8.722589254593655e-06 0
1526 2.927402186341866e-05 2.781530497119698e-05 0
1527 4.974576221605978e-05 2.024804173984753e-05 0
1528 5.490729719962818e-05 6.802877335434948e-07 0
1529 2.830690387105001e-06 9.055219620510252e-05 0
1530 3.299999999991739e-05 9.865408349150168e-05 0
1531 3.802906396558536e-05 7.753627611529461e-07 0
1532 1.466350613339648e-05 9.976588177677166e-06 0
1533 7.113793265034176e-05 3.966674736451381e-06 0
1534 5.67343796515745e-05 9.836758285325207e-05 0
1535 4.676421166179896e-05 1.086377927323618e-06 0
1536 6.395800401636862e-05 2.700100537141324e-07 0
1537 2.937581037924454e-05 8.07033847573098e-07 0
1538 4.835096714165026e-05 9.666763669266078e-05 0
1539 8.929870280777611e-05 9.37440471334451e-06 0
1540 6.42559341283918e-05 3.814022536203964e-06 0
1541 5.3252702999549e-05 3.581935005021791e-07 0
1542 4.364678099628505e-05 4.212137005995645e-07 0
1543 6.79516239116676e-05 2.243208317525617e-07 0
1544 5.116539714374557e-05 8.309462225198609e-05 0
1545 3.14278679767708e-05 3.789177098760384e-07 0
1546 4.603118900533602e-05 1.014650456899023e-06 0
1547 6.710787759893082e-06 7.134694630509661e-05 0
1548 4.909766777759993e-05 2.401613591419244e-07 0
1549 1.407235197100581e-06 1.381236002892488e-06 0
1550 4.275198515027876e-05 9.442064628093188e-05 0
1551 5.244833446747346e-05 7.798281504563309e-07 0
1552 4.571743258007061e-05 3.390489165809153e-07 0
1553 4.312231070785791e-05 1.981170004767215e-07 0
1554 4.986105990148903e-05 1.533662832837709e-06 0
1555 5.32271860922749e-05 3.957974489445912e-06 0
1556 5.163457998025808e-05 6.651238955640243e-07 0
1557 6.252123900947114e-05 6.295011286589728e-05 0
1558 8.756639054763025e-05 6.385650026991263e-06 0
1559 2.696599246680805e-05 1.129726670881718e-06 0
1560 9.871620562938001e-05 1.279529076165952e-06 0
1561 7.812838938503448e-05 3.821060664524758e-05 0
1562 3.815377659803233e-05 2.972723279932398e-07 0
1563 1.207532955880776e-06 8.629031953082766e-06 0
1564 5.734529819298452e-05 3.740435334984007e-05 0
1565 4.663621603996343e-05 3.886414398731224e-06 0
1566 4.881615762615408e-05 3.383917465509538e-06 0
1567 4.525730291640086e-05 2.61596311306422e-06 0
1568 5.413646253400193e-05 4.182845165826515e-07 0
1569 7.108543855155189e-06 5.152998412619067e-05 0
1570 8.713847406797015e-05 3.643678834838398e-05 0
1571 4.030072628854615e-05 9.670585148675294e-05 0
1572 5.219544672470649e-05 3.929390702365858e-07 0
1573 6.353068419225036e-05 2.251405337359527e-05 0
1574 5.823823647215626e-05 7.087857542502956e-05 0
1575 4.482625415750187e-05 1.362230559448407e-07 0
1576 4.478274947381627e-05 6.677203026491788e-08 0
1577 8.100377923557969e-05 9.618922902647923e-06 0
1578 6.262301114743423e-05 2.144533766720349e-06 0
1579 5.504174902745511e-05 3.41834207600011e-07 0
1580 3.108482380782364e-06 2.007809090217672e-05 0
1581 5.628585277094622e-05 4.441439699625717e-07 0
1582 9.739982174786806e-06 8.401327944059102e-06 0
1583 8.013324507174935e-05 9.654925304163525e-05 0
1584 1.124829362378997e-05 9.516248793810184e-06 0
1585 2.39337762230207e-05 9.418009160736541e-05 0
1586 4.823946116867152e-05 8.3199783480091e-05 0
1587 8.990956410760205e-06 2.058805703223524e-05 0
1588 5.426795378122329e-05 8.347789150710778e-06 0
1589 6.874716862173265e-05 1.089704782461355e-05 0
1590 7.960953069493737e-05 3.069356523811384e-06 0
1591 5.154234319662414e-05 8.638002096564855e-07 0
1592 1.05082096613192e-05 6.61392197684292e-06 0
1593 4.272285568945176e-05 8.462253439915475e-07 0
1594 6.720408921941766e-05 1.435531661251432e-05 0
1595 6.556332704999915e-05 1.583403183085098e-05 0
1596 6.003821588487932e-05 8.399620932528788e-06 0
1597 5.188979877772253e-05 6.446181362582376e-07 0
1598 6.848091408387064e-05 4.034516293359543e-06 0
1599 5.039602561358785e-05 1.086470586044409e-06 0
1600 5.053582596866574e-05 1.357662280217187e-06 0
1601 5.457390347176937e-05 7.983202961467749e-07 0
1602 3.55312932333404e-05 7.610255659747912e-05 0
1603 1.064166334974524e-05 7.623841939522434e-05 0
1604 4.48680037347749e-05 1.065419328034904e-06 0
1605 4.645213729439015e-05 2.592708024827e-07 0
1606 5.980561604770227e-05 9.894409334900714e-07 0
1607 4.885336576375281e-05 5.11859096894754e-08 0
1608 5.517768712095651e-05 2.685203417892771e-06 0
1609 4.291502505860655e-05 4.695425693475983e-06 0
1610 6.047059969107864e-05 1.118891783656404e-05 0
1611 7.836464965308383e-05 9.289216559393546e-06 0
1612 7.781720833304895e-05 1.135588573527085e-05 0
1613 5.435158204769717e-05 1.542420898631318e-05 0
1614 5.023011050878161e-05 8.873173973753546e-06 0
1615 6.051840928109103e-05 9.667814337001548e-05 0
1616 8.017886045946842e-05 4.144717691771536e-05 0
1617 7.385278352677006e-05 9.646617321059339e-05 0
1618 9.451467392422371e-05 3.20288606464585e-05 0
1619 4.548608723423739e-05 3.168127488715975e-06 0
1620 6.336262560151519e-05 5.786535106203223e-07 0
1621 6.309793884846411e-05 3.792013371645627e-07 0
1622 4.284582721811648e-05 2.568433848453774e-06 0
1623 2.341106040130297e-05 8.764942365122393e-05 0
1624 8.071945650700056e-05 5.597676998061998e-05 0
1625 6.22977471510709e-05 1.660769399696071e-06 0
1626 6.174233911841944e-05 1.756400839050646e-06 0
1627 5.120844983898587e-05 5.819465034994268e-07 0
1628 4.781204917038456e-05 3.777289284780998e-07 0
1629 5.898906174869106e-05 2.470720123236186e-06 0
1630 4.460824714910385e-05 8.908830037558605e-07 0
1631 6.263016603463433e-05 8.428467690831127e-05 0
1632 3.388275639369927e-05 9.673045858921841e-07 0
1633 5.363300961196089e-05 8.265720157911728e-05 0
1634 5.860964219606456e-05 1.422914116179802e-06 0
1635 7.623987354397161e-05 8.819694651891801e-05 0
1636 7.573702082496422e-06 6.528365384152032e-06 0
1637 5.638892690332015e-05 2.79423278819519e-06 0
1638 6.545684800459412e-05 1.808728917512659e-05 0
1639 3.635534096577491e-05 1.119613604089653e-06 0
1640 3.600816662329117e-05 1.731367809466048e-06 0
1641 5.420007051005946e-05 2.960021986469596e-06 0
1642 9.130682636905067e-05 6.961278829177255e-05 0
1643 5.961059361459533e-05 9.84877154779931e-05 0
1644 5.070754996066304e-06 5.694096486609626e-05 0
1645 8.48956446113612e-05 7.117664792574074e-06 0
1646 4.557117460518298e-05 5.873444515129157e-07 0
1647 4.033039685165949e-05 2.343751134368391e-07 0
1648 4.735009398805731e-05 6.07057326225335e-07 0
1649 8.717762520633914e-05 9.260411589416871e-06 0
1650 7.059086024318098e-05 8.655272483454445e-07 0
1651 6.332683810412216e-05 8.107627241070415e-05 0
1652 4.285949363036088e-05 2.507656598888109e-05 0
1653 5.529543651723472e-05 2.936117472546621e-07 0
1654 4.816736986132362e-05 5.924816420451213e-07 0
1655 4.808471479513874e-05 4.488473494975094e-07 0
1656 5.702341583842759e-05 5.884775472364305e-07 0
1657 5.698373370117644e-05 2.623552513116952e-07 0
1658 1.135325150274988e-05 9.503114900307329e-05 0
1659 8.289231399960403e-05 6.673376872825338e-05 0
1660 4.12880131188065e-05 9.293909996903961e-05 0
1661 5.349013739529703e-05 4.716725568600584e-07 0
1662 5.067529546437137e-05 1.711400696568544e-06 0
1663 4.909879688932591e-05 7.409929323301293e-08 0
1664 6.103501216624925e-05 7.076087719884986e-07 0
1665 2.718318907932233e-05 9.645240017585987e-05 0
1666 6.447751090568843e-06 8.956351217445867e-06 0
1667 8.997512146885493e-05 1.87538043915857e-05 0
1668 3.236839705181745e-05 7.706358974120379e-05 0
1669 3.972675928070793e-05 2.219746720700108e-06 0
1670 6.500000000000532e-05 -4.732050807564284e-06 0
1671 6.100000000001588e-05 -4.732050807562e-06 0
1672 3.495022031260108e-05 -4.792598268080457e-06 0
1673 3.900000000002496e-05 -4.732050807581546e-06 0
1674 6.824257760944514e-05 -7.644406960265815e-06 0
1675 3.169971532313689e-05 -7.554470232970786e-06 0
1676 5.300000000004047e-05 -4.73205080756286e-06 0
1677 4.700000000004225e-05 -4.732050807567055e-06 0
1678 4.300000000002746e-05 -4.732050807569619e-06 0
1679 5.700000000002545e-05 -4.732050807563938e-06 0
1680 4.500000000003661e-05 -4.732050807568986e-06 0
1681 4.600000000004241e-05 -6.464101615136484e-06 0
1682 4.800000000004631e-05 -6.464101615131688e-06 0
1683 4.702798764434026e-05 -8.179993748738122e-06 0
1684 5.020000000002884e-05 -9.396456047179158e-06 0
1685 5.517689390519046e-05 -8.798377943396544e-06 0
1686 5.901524340285076e-05 -9.488382017774213e-06 0
1687 6.382164254199441e-05 -9.341171582054607e-06 0
1688 4.508901004075969e-05 -8.183380356552069e-06 0
1689 4.903799794075999e-05 -8.015771402779521e-06 0
1690 5.000633299016407e-05 -6.344974734733699e-06 0
1691 4.40148350068235e-05 -6.461972937448536e-06 0
1692 4.200247250116529e-05 -6.46374683553263e-06 0
1693 4.308718026855066e-05 -8.222167991367108e-06 0
1694 4.108419070833513e-05 -8.274105576070338e-06 0
1695 3.656015482699092e-05 -8.938635847706464e-06 0
1696 4.001444386826957e-05 -6.477034677445665e-06 0
1697 3.89968418061172e-05 -8.329466323234451e-06 0
1698 3.80000000000249e-05 -6.464101615182263e-06 0
1699 3.585800582320206e-05 -6.710042743804629e-06 0
1700 3.458892098331641e-05 -8.008395732787472e-06 0
1701 3.354250230265291e-05 -6.516479866863087e-06 0
1702 3.29016785016784e-05 -4.577615680994277e-06 0
1703 3.696803768931554e-05 -4.783132239108149e-06 0
1704 6.701184109051016e-05 -4.558918745387846e-06 0
1705 6.63482703648346e-05 -6.53534354038207e-06 0
1706 6.395715293185812e-05 -6.797573260553912e-06 0
1707 4.100281939492315e-05 -4.734147188021576e-06 0
1708 4.900105549839805e-05 -4.712196327499277e-06 0
1709 5.900000000002022e-05 -4.732050807563257e-06 0
1710 5.800000000002217e-05 -6.408944665164085e-06 0
1711 5.602948231755452e-05 -6.544083928164849e-06 0
1712 5.100123141479026e-05 -4.708887247487904e-06 0
1713 5.200126073418642e-05 -6.351323164639516e-06 0
1714 5.500491371962015e-05 -4.745381193069012e-06 0
1715 6.299285882198565e-05 -4.787629415134326e-06 0
1716 6.000000000001795e-05 -6.410947622255401e-06 0
1717 6.200000000001089e-05 -6.464101615125768e-06 0
1718 6.06443907872443e-05 -8.05852731656636e-06 0
1719 5.401807403714601e-05 -6.513656017230771e-06 0
1720 5.233288436626844e-05 -8.499089422279814e-06 0
1721 3.151260240392508e-05 -9.587226796138481e-06 0
1722 6.830883141781277e-05 -9.211419577095165e-06 0
1723 6.693124844779329e-05 -8.383750145223922e-06 0
1724 5.722422296325121e-05 -8.53353815742317e-06 0
1725 6.837035307917188e-05 -5.784953651345617e-06 0
1726 3.158729480482964e-05 -5.76981239070939e-06 0
1727 4.399402257640669e-05 -9.872462148801034e-06 0
1728 4.231526882006427e-05 -9.970387359636564e-06 0
1729 4.009988287405399e-05 -1.042397991018469e-05 0
1730 3.808367210565107e-05 -1.01730205202814e-05 0
1731 5.898814868913296e-05 -7.854672425837955e-06 0
1732 6.141436374857754e-05 -1.018439452057364e-05 0
1733 6.670663165721363e-05 -1.046614608062725e-05 0
1734 6.521304966322335e-05 -8.010802601870396e-06 0
1735 4.848678229017409e-05 -9.684694477036571e-06 0
1736 4.632265821432393e-05 -1.032008845518796e-05 0
1737 3.296879143738646e-05 -8.301699834169643e-06 0
1738 3.37180464278435e-05 -1.013932636846701e-05 0
1739 5.079692514735593e-05 -7.704451298868623e-06 0
1740 6.861942941024138e-05 -4.343667437225849e-06 0
1741 3.13798727015097e-05 -4.342923338616061e-06 0
1742 6.236751000193707e-05 -8.169153658974858e-06 0
1743 4.703086396747744e-05 -2.226414357900605e-07 0
1744 4.915085404115487e-05 -2.097985719459474e-07 0
1745 5.085737475693447e-05 -2.180664397090852e-07 0
1746 6.798284139184472e-05 -1.733100042873615e-07 0
1747 6.725458948493626e-05 -5.47406031619817e-07 0
1748 3.869614055527662e-05 -2.362149755977856e-07 0
1749 5.338881575007339e-05 -2.295788752676031e-07 0
1750 5.245517300974372e-05 -4.810436053114447e-07 0
1751 3.656593108394889e-05 -2.363741722450025e-07 0
1752 3.566349086435387e-05 -5.487715504056538e-07 0
1753 5.551704450150854e-05 -2.31152252574868e-07 0
1754 5.4609309112145e-05 -5.355737949063706e-07 0
1755 4.455511667192799e-05 -2.70333612031606e-07 0
1756 3.444149945707487e-05 -2.306764978411862e-07 0
1757 3.355604877856908e-05 -5.54078038249738e-07 0
1758 3.232900170580402e-05 -2.236526206429696e-07 0
1759 5.76216836143408e-05 -2.389768828565708e-07 0
1760 5.673699665885554e-05 -5.396892454005585e-07 0
1761 4.244702871871008e-05 -2.319436384855296e-07 0
1762 4.322081110407112e-05 -4.403373030155191e-07 0
1763 4.270504829848037e-05 -1.285520193989645e-07 0
1764 5.882773859510735e-05 -4.588744412578302e-07 0
1765 4.11104234271528e-05 -4.550033979476304e-07 0
1766 6.29277196911564e-05 -5.083872264296351e-07 0
1767 6.515020111867736e-05 -5.348394435207382e-07 0
1768 6.588556201170549e-05 -1.310969162447369e-07 0
1769 6.081581637132667e-05 -5.066055632148437e-07 0
1770 6.164410366733936e-05 -1.172059378160561e-07 0
1771 3.136462990867451e-05 -5.225748006521597e-07 0
1772 4.543565592504586e-05 -4.849317269594809e-07 0
1773 3.994758427789244e-05 -4.532297307058369e-07 0
1774 4.049002150973796e-05 -1.223442121730999e-07 0
1775 3.769948328160981e-05 -4.050023577281829e-07 0
1776 4.832978836168025e-05 -5.61112838971825e-07 0
1777 6.009658336867423e-05 -3.998482744416126e-07 0
1778 5.95263444766085e-05 -8.650495922049673e-08 0
1779 6.224159582223342e-05 -4.506886716171243e-07 0
1780 5.105714940290237e-05 -8.650495922012702e-08 0
1781 4.614417372896743e-05 -4.679417154987874e-07 0
1782 4.170742599872561e-05 -6.064538019051291e-07 0
1783 4.125396437981433e-05 -9.629591435506598e-07 0
1784 6.453804120314555e-05 -6.535638599899583e-07 0
1785 6.377128906500591e-05 -1.216456129052662e-07 0
1786 6.654030036333164e-05 -6.504473182467043e-07 0
1787 4.664002026971175e-05 -2.543606066834859e-07 0
1788 4.470526475519007e-05 -8.650495922067866e-08 0
1789 4.400411835217426e-05 -5.358244525141462e-07 0
1790 5.818348677225928e-05 -3.907187974432218e-07 0
1791 5.77888537043088e-05 -8.003444094931769e-07 0
1792 5.847416167972987e-05 -9.858837294133211e-07 0
1793 5.931648921551546e-05 -1.007801245594324e-06 0
1794 6.022088145631899e-05 -1.05434164946794e-06 0
1795 6.118218988043448e-05 -1.100626192654319e-06 0
1796 4.341424738331145e-05 -9.821340131758615e-07 0
1797 4.199567954645591e-05 -1.177332425185883e-06 0
1798 5.183982205018785e-05 -6.473173551692875e-07 0
1799 3.92416556742686e-05 -4.231825475719215e-07 0
1800 3.884255621142971e-05 -8.716840336361904e-07 0
1801 3.959692395102536e-05 -1.005471854423856e-06 0
1802 6.250825533651133e-05 -1.075000464854251e-06 0
1803 6.317615284549663e-05 -1.092096257820501e-06 0
1804 4.578469117687979e-05 -9.942508372657363e-07 0
1805 4.643828003434531e-05 -1.12429771382294e-06 0
1806 4.501626593575953e-05 -1.079176378794025e-06 0
1807 4.766742654213231e-05 -7.203706537481354e-07 0
1808 3.710882179190482e-05 -3.984849416299109e-07 0
1809 3.671479936228464e-05 -8.324228051572041e-07 0
1810 3.748076170853789e-05 -9.486299931805771e-07 0
1811 6.917829316237859e-05 -5.683188027059674e-07 0
1812 5.606246234995802e-05 -4.27963064946567e-07 0
1813 5.563822030922124e-05 -8.475207184278694e-07 0
1814 5.632684578093091e-05 -1.095138463071836e-06 0
1815 6.710968101371826e-05 -1.13261313749391e-06 0
1816 4.682445718682506e-05 -8.650495922057302e-08 0
1817 5.391900545181762e-05 -4.338835773380499e-07 0
1818 5.356270775574919e-05 -8.021087671116094e-07 0
1819 5.425375682264337e-05 -1.053829604216401e-06 0
1820 6.510957511624005e-05 -1.567860796077271e-06 0
1821 6.779159259486961e-05 -1.001098037712569e-06 0
1822 3.284550530873664e-05 -4.272971398632e-07 0
1823 3.255488060726553e-05 -7.892223811966773e-07 0
1824 3.317632072990605e-05 -1.084312785300434e-06 0
1825 3.393081197301139e-05 -1.18650118444302e-06 0
1826 5.234369058908625e-05 -1.311548570314331e-06 0
1827 5.145195824230562e-05 -1.499979001382582e-06 0
1828 4.984238556482825e-05 -1.510087604390036e-06 0
1829 6.620219329750058e-05 -1.476314673825266e-06 0
1830 3.497422400957214e-05 -4.34653022009755e-07 0
1831 3.53049687079893e-05 -1.113589844016444e-06 0
1832 4.276888817395896e-05 -9.179154044620877e-07 0
1833 4.497217649073856e-05 -4.068172738416497e-07 0
1834 4.05952918432141e-05 -8.80844632143886e-07 0
1835 4.820939148325799e-05 -1.484650160229225e-06 0
1836 4.892924142462812e-05 -1.104323454036722e-06 0
1837 4.077530524664573e-05 -3.583001126124424e-07 0
1838 4.9599742621756e-05 -2.838651273408607e-07 0
1839 5.007520406053194e-05 -6.525406054136431e-07 0
1840 3.90927192829366e-05 -1.86105394689721e-06 0
1841 5.116992932594703e-05 -8.416204410205039e-07 0
1842 3.687422728125012e-05 -1.631112437302305e-06 0
1843 6.830849370553529e-05 -5.894545809937622e-07 0
1844 6.862472083730431e-05 -1.368421557049691e-06 0
1845 4.096213240211877e-05 -1.810839512845481e-06 0
1846 6.579140251907171e-05 -8.526071889422389e-07 0
1847 6.569040720144089e-05 -2.809461479173759e-07 0
1848 4.306048279724637e-05 -1.723825389895017e-06 0
1849 5.322543774111611e-05 -1.719641643677331e-06 0
1850 6.406351567859912e-05 -4.878599138960708e-07 0
1851 6.357036509972976e-05 -4.587967377933585e-07 0
1852 4.714325024937634e-05 -1.59071735391013e-06 0
1853 4.699108309166432e-05 -7.30873579453451e-07 0
1854 5.781640875936914e-05 -1.607345289199547e-06 0
1855 4.418408167969708e-05 -1.265570496546271e-06 0
1856 6.608518558441497e-05 -3.559260265923057e-07 0
1857 5.569615656291175e-05 -1.661562782104094e-06 0
1858 4.271254247053195e-05 -4.966259942810951e-07 0
1859 3.072957426290531e-05 -6.795061816063992e-07 0
1860 3.125797966817976e-05 -1.39497148753563e-06 0
1861 3.240147539337069e-05 -1.478969466393797e-06 0
1862 6.181466892228691e-05 -3.294954076283561e-07 0
1863 6.142916750164563e-05 -3.785133787168786e-07 0
1864 4.454635182605949e-05 -7.115444427455396e-07 0
1865 5.97290602004856e-05 -6.359979172209199e-07 0
1866 3.458360899286334e-05 -9.378909162370846e-07 0
1867 4.903942664977827e-05 -2.105738922045004e-06 0
1868 3.819826961431854e-05 -5.70471890927713e-07 0
1869 3.835381075789119e-05 -1.152409809322141e-07 0
1870 3.808142234974948e-05 -1.480492050323999e-06 0
1871 5.711362216392743e-05 -1.111569455110644e-06 0
1872 5.67857875986056e-05 -1.934451996024622e-06 0
1873 4.74632051409734e-05 -2.790177166785164e-07 0
1874 4.232611620152634e-05 -6.47480640007322e-07 0
1875 5.499225875022782e-05 -1.144353878855326e-06 0
1876 4.887358639425487e-05 -3.585881420234128e-07 0
1877 4.497569333282686e-05 -2.086650497672461e-06 0
1878 5.8904460488691e-05 -1.906979315235648e-06 0
1879 5.982231107045033e-05 -1.760159381839304e-06 0
1880 5.926387864110144e-05 -3.986444972127874e-07 0
1881 6.774282061437906e-05 -3.967450543702705e-07 0
1882 5.932656983063923e-05 -8.650495922013289e-08 0
1883 3.477075174403514e-05 -2.086030565233342e-06 0
1884 4.067343016938161e-05 -1.901522326477825e-07 0
1885 4.043205878444342e-05 -2.864101314690068e-07 0
1886 4.067893212550942e-05 -7.060010164554449e-08 0
1887 4.059789389948464e-05 -7.66193092932854e-08 0
1888 4.485386725603841e-05 -1.825074894457161e-07 0
1889 6.295994228265549e-05 -1.870412501702782e-06 0
1890 4.29073294339026e-05 -2.843420338203539e-07 0
1891 6.391679888941064e-05 -1.30437000961142e-06 0
1892 4.00146835379537e-05 -1.749430242670763e-06 0
1893 4.932619289739007e-05 -6.348821292093947e-07 0
1894 3.606745693488326e-05 -1.107803686905851e-06 0
1895 4.591304804141467e-05 -1.785279237183252e-06 0
1896 5.967884804044709e-05 -2.534992746826361e-07 0
1897 5.143698461506702e-05 -4.847255722117609e-07 0
1898 5.728891041797749e-05 -3.843685704087072e-07 0
1899 3.337989330672371e-05 -1.972635666895099e-06 0
1900 5.177468796850259e-05 -2.346173638216975e-07 0
1901 5.300662004149732e-05 -5.679901827102898e-07 0
1902 5.469460164616087e-05 -1.929897984808859e-06 0
1903 3.197620151541165e-05 -5.511738445526542e-07 0
1904 5.517022077917119e-05 -3.940858063949191e-07 0
1905 6.756607119333783e-05 -1.889778200869084e-06 0
1906 6.895134475008262e-05 -2.179742822561055e-06 0
1907 4.654909350254214e-05 -6.805723602639956e-07 0
1908 6.431697452318821e-05 -2.853559434715073e-07 0
1909 5.057206699257474e-05 -1.134170634342898e-06 0
1910 5.078624049599283e-05 -2.065217007448472e-06 0
1911 5.068359149279198e-05 -6.664237289182236e-07 0
1912 5.048472028115461e-05 -3.074061548081904e-07 0
1913 6.644763162725352e-05 -2.285632185669421e-07 0
1914 6.086333737059815e-05 -1.918353436701352e-06 0
1915 5.131797699407965e-05 -2.276040958623743e-07 0
1916 5.108488481212942e-05 -4.461194220074266e-07 0
1917 4.205658935472777e-05 -3.913209338521214e-07 0
1918 3.410675148148476e-05 -4.155923766815756e-07 0
1919 6.193142125203304e-05 -1.617382010608481e-06 0
1920 6.185121645252412e-05 -8.252843543465681e-07 0
1921 3.078199247018709e-05 -2.2312449084873e-06 0
1922 3.622960092756215e-05 -3.893388878162444e-07 0
1923 3.575552604877239e-05 -1.827849211795331e-06 0
$EndNodes
$Elements
3937
1 1 2 6 1 6 11
2 1 2 6 1 11 12
3 1 2 6 1 12 13
4 1 2 6 1 13 14
5 1 2 6 1 14 15
6 1 2 6 1 15 16
7 1 2 6 1 16 17
8 1 2 6 1 17 18
9 1 2 6 1 18 19
10 1 2 6 1 19 20
11 1 2 6 1 20 21
12 1 2 6 1 21 22
13 1 2 6 1 22 23
14 1 2 6 1 23 24
15 1 2 6 1 24 25
16 1 2 6 1 25 26
17 1 2 6 1 26 27
18 1 2 6 1 27 28
19 1 2 6 1 28 29
20 1 2 6 1 29 30
21 1 2 6 1 30 31
22 1 2 6 1 31 32
23 1 2 6 1 32 33
24 1 2 6 1 33 34
25 1 2 6 1 34 35
26 1 2 6 1 35 36
27 1 2 6 1 36 37
28 1 2 6 1 37 38
29 1 2 6 1 38 39
30 1 2 6 1 39 40
31 1 2 6 1 40 41
32 1 2 6 1 41 42
33 1 2 6 1 42 43
34 1 2 6 1 43 44
35 1 2 6 1 44 45
36 1 2 6 1 45 46
37 1 2 6 1 46 47
38 1 2 6 1 47 48
39 1 2 6 1 48 49
40 1 2 6 1 49 50
41 1 2 6 1 50 51
42 1 2 6 1 51 52
43 1 2 6 1 52 53
44 1 2 6 1 53 54
45 1 2 6 1 54 55
46 1 2 6 1 55 56
47 1 2 6 1 56 57
48 1 2 6 1 57 58
49 1 2 6 1 58 59
50 1 2 6 1 59 5
51 1 2 5 3 4 78
52 1 2 5 3 78 79
53 1 2 5 3 79 80
54 1 2 5 3 80 81
55 1 2 5 3 81 82
56 1 2 5 3 82 83
57 1 2 5 3 83 84
58 1 2 5 3 84 85
59 1 2 5 3 85 86
60 1 2 5 3 86 87
61 1 2 5 3 87 88
62 1 2 5 3 88 89
63 1 2 5 3 89 90
64 1 2 5 3 90 91
65 1 2 5 3 91 3
66 1 2 3 4 3 92
67 1 2 3 4 92 93
68 1 2 3 4 93 94
69 1 2 3 4 94 95
70 1 2 3 4 95 96
71 1 2 3 4 96 97
72 1 2 3 4 97 98
73 1 2 3 4 98 99
74 1 2 3 4 99 100
75 1 2 3 4 100 101
76 1 2 3 4 101 102
77 1 2 3 4 102 103
78 1 2 3 4 103 104
79 1 2 3 4 104 105
80 1 2 3 4 105 106
81 1 2 3 4 106 107
82 1 2 3 4 107 108
83 1 2 3 4 108 109
84 1 2 3 4 109 110
85 1 2 3 4 110 111
86 1 2 3 4 111 112
87 1 2 3 4 112 113
88 1 2 3 4 113 114
89 1 2 3 4 114 115
90 1 2 3 4 115 116
91 1 2 3 4 116 117
92 1 2 3 4 117 118
93 1 2 3 4 118 119
94 1 2 3 4 119 120
95 1 2 3 4 120 121
96 1 2 3 4 121 122
97 1 2 3 4 122 123
98 1 2 3 4 123 124
99 1 2 3 4 124 125
100 1 2 3 4 125 126
101 1 2 3 4 126 127
102 1 2 3 4 127 128
103 1 2 3 4 128 129
104 1 2 3 4 129 130
105 1 2 3 4 130 131
106 1 2 3 4 131 132
107 1 2 3 4 132 133
108 1 2 3 4 133 134
109 1 2 3 4 134 135
110 1 2 3 4 135 136
111 1 2 3 4 136 137
112 1 2 3 4 137 138
113 1 2 3 4 138 139
114 1 2 3 4 139 140
115 1 2 3 4 140 141
116 1 2 3 4 141 142
117 1 2 3 4 142 143
118 1 2 3 4 143 144
119 1 2 3 4 144 145
120 1 2 3 4 145 146
121 1 2 3 4 146 147
122 1 2 3 4 147 148
123 1 2 3 4 148 149
124 1 2 3 4 149 150
125 1 2 3 4 150 151
126 1 2 3 4 151 152
127 1 2 3 4 152 153
128 1 2 3 4 153 154
129 1 2 3 4 154 155
130 1 2 3 4 155 156
131 1 2 3 4 156 157
132 1 2 3 4 157 158
133 1 2 3 4 158 159
134 1 2 3 4 159 160
135 1 2 3 4 160 161
136 1 2 3 4 161 162
137 1 2 3 4 162 163
138 1 2 3 4 163 164
139 1 2 3 4 164 165
140 1 2 3 4 165 166
141 1 2 3 4 166 167
142 1 2 3 4 167 168
143 1 2 3 4 168 169
144 1 2 3 4 169 170
145 1 2 3 4 170 171
146 1 2 3 4 171 172
147 1 2 3 4 172 173
148 1 2 3 4 173 174
149 1 2 3 4 174 175
150 1 2 3 4 175 176
151 1 2 3 4 176 177
152 1 2 3 4 177 178
153 1 2 3 4 178 179
154 1 2 3 4 179 180
155 1 2 3 4 180 181
156 1 2 3 4 181 182
157 1 2 3 4 182 183
158 1 2 3 4 183 184
159 1 2 3 4 184 185
160 1 2 3 4 185 186
161 1 2 3 4 186 187
162 1 2 3 4 187 188
163 1 2 3 4 188 189
164 1 2 3 4 189 190
165 1 2 3 4 190 191
166 1 2 3 4 191 192
167 1 2 3 4 192 193
168 1 2 3 4 193 194
169 1 2 3 4 194 195
170 1 2 3 4 195 196
171 1 2 3 4 196 197
172 1 2 3 4 197 198
173 1 2 3 4 198 199
174 1 2 3 4 199 200
175 1 2 3 4 200 201
176 1 2 3 4 201 202
177 1 2 3 4 202 203
178 1 2 3 4 203 204
179 1 2 3 4 204 205
180 1 2 3 4 205 206
181 1 2 3 4 206 207
182 1 2 3 4 207 208
183 1 2 3 4 208 209
184 1 2 3 4 209 210
185 1 2 3 4 210 211
186 1 2 3 4 211 212
187 1 2 3 4 212 213
188 1 2 3 4 213 214
189 1 2 3 4 214 215
190 1 2 3 4 215 2
191 1 2 4 5 2 216
192 1 2 4 5 216 217
193 1 2 4 5 217 218
194 1 2 4 5 218 219
195 1 2 4 5 219 220
196 1 2 4 5 220 221
197 1 2 4 5 221 222
198 1 2 4 5 222 223
199 1 2 4 5 223 224
200 1 2 4 5 224 225
201 1 2 4 5 225 226
202 1 2 4 5 226 227
203 1 2 4 5 227 228
204 1 2 4 5 228 229
205 1 2 4 5 229 1
206 1 2 2 11 9 252
207 1 2 2 11 252 253
208 1 2 2 11 253 254
209 1 2 2 11 254 255
210 1 2 2 11 255 256
211 1 2 2 11 256 257
212 1 2 2 11 257 258
213 1 2 2 11 258 259
214 1 2 2 11 259 260
215 1 2 2 11 260 261
216 1 2 2 11 261 262
217 1 2 2 11 262 263
218 1 2 2 11 263 264
219 1 2 2 11 264 265
220 1 2 2 11 265 266
221 1 2 2 11 266 267
222 1 2 2 11 267 268
223 1 2 2 11 268 269
224 1 2 2 11 269 270
225 1 2 2 11 270 10
226 1 2 1 13 7 275
227 1 2 1 13 275 276
228 1 2 1 13 276 277
229 1 2 1 13 277 278
230 1 2 1 13 278 279
231 1 2 1 13 279 8
232 2 2 9 8 1022 1078 1026
233 2 2 9 8 1070 1620 1004
234 2 2 9 8 204 291 203
235 2 2 9 8 865 1484 247
236 2 2 9 8 649 1485 1372
237 2 2 9 8 819 1270 1011
238 2 2 9 8 1022 1023 1021
239 2 2 9 8 1146 1206 863
240 2 2 9 8 634 1015 638
241 2 2 9 8 340 1063 384
242 2 2 9 8 149 1483 985
243 2 2 9 8 1219 1381 1078
244 2 2 9 8 964 994 328
245 2 2 9 8 968 1049 746
246 2 2 9 8 1176 1178 312
247 2 2 9 8 1037 1113 852
248 2 2 9 8 987 1211 352
249 2 2 9 8 759 1187 1183
250 2 2 9 8 596 1137 1130
251 2 2 9 8 700 1177 1170
252 2 2 9 8 373 1481 375
253 2 2 9 8 1270 1407 1011
254 2 2 9 8 131 365 338
255 2 2 9 8 472 1411 1139
256 2 2 9 8 829 1434 822
257 2 2 9 8 1095 1250 348
258 2 2 9 8 551 1433 979
259 2 2 9 8 1062 1406 163
260 2 2 9 8 1155 1396 1010
261 2 2 9 8 852 1113 1076
262 2 2 9 8 322 1078 1049
263 2 2 9 8 143 1385 292
264 2 2 9 8 1171 1175 1169
265 2 2 9 8 904 1440 477
266 2 2 9 8 388 1051 386
267 2 2 9 8 968 1364 1049
268 2 2 9 8 449 1139 448
269 2 2 9 8 376 1481 373
270 2 2 9 8 667 1558 665
271 2 2 9 8 304 1323 105
272 2 2 9 8 1124 1606 468
273 2 2 9 8 1321 1479 603
274 2 2 9 8 1137 1317 1130
275 2 2 9 8 212 1419 947
276 2 2 9 8 665 1558 1179
277 2 2 9 8 376 1216 1208
278 2 2 9 8 801 1627 805
279 2 2 9 8 780 804 801
280 2 2 9 8 60 1467 881
281 2 2 9 8 387 1536 1070
282 2 2 9 8 786 787 784
283 2 2 9 8 910 1203 426
284 2 2 9 8 998 1350 977
285 2 2 9 8 191 1207 190
286 2 2 9 8 216 1537 2
287 2 2 9 8 323 1333 992
288 2 2 9 8 687 1584 690
289 2 2 9 8 1394 1414 1292
290 2 2 9 8 1333 1490 992
291 2 2 9 8 168 1229 297
292 2 2 9 8 1148 1326 1147
293 2 2 9 8 486 1242 874
294 2 2 9 8 788 838 787
295 2 2 9 8 981 1447 982
296 2 2 9 8 759 1427 1187
297 2 2 9 8 1494 1611 623
298 2 2 9 8 805 1126 880
299 2 2 9 8 1156 1397 1231
300 2 2 9 8 764 1621 113
301 2 2 9 8 1006 1573 1151
302 2 2 9 8 283 1062 953
303 2 2 9 8 1001 1311 317
304 2 2 9 8 1147 1326 737
305 2 2 9 8 822 1434 824
306 2 2 9 8 752 1206 1146
307 2 2 9 8 771 772 770
308 2 2 9 8 325 1274 920
309 2 2 9 8 999 1092 344
310 2 2 9 8 439 1426 437
311 2 2 9 8 345 1175 1171
312 2 2 9 8 804 1627 801
313 2 2 9 8 869 1020 870
314 2 2 9 8 163 1520 1062
315 2 2 9 8 1153 1188 320
316 2 2 9 8 790 1224 912
317 2 2 9 8 477 1444 904
318 2 2 9 8 426 1441 910
319 2 2 9 8 1125 1373 1309
320 2 2 9 8 920 1367 325
321 2 2 9 8 955 1407 1270
322 2 2 9 8 950 990 147
323 2 2 9 8 340 1605 1407
324 2 2 9 8 100 377 99
325 2 2 9 8 1161 1237 1072
326 2 2 9 8 114 328 113
327 2 2 9 8 1032 1110 848
328 2 2 9 8 371 372 295
329 2 2 9 8 298 1201 1059
330 2 2 9 8 1097 1250 1095
331 2 2 9 8 1029 1197 1189
332 2 2 9 8 444 1325 995
333 2 2 9 8 381 1051 382
334 2 2 9 8 551 979 590
335 2 2 9 8 780 801 778
336 2 2 9 8 1011 1396 819
337 2 2 9 8 1010 1605 167
338 2 2 9 8 527 1127 530
339 2 2 9 8 99 377 290
340 2 2 9 8 183 295 182
341 2 2 9 8 639 1163 662
342 2 2 9 8 1015 1016 638
343 2 2 9 8 1002 1648 816
344 2 2 9 8 170 1576 1575
345 2 2 9 8 1208 1481 376
346 2 2 9 8 1034 1201 298
347 2 2 9 8 432 1350 998
348 2 2 9 8 1309 1310 1125
349 2 2 9 8 107 385 106
350 2 2 9 8 774 786 784
351 2 2 9 8 287 1449 912
352 2 2 9 8 352 1289 987
353 2 2 9 8 433 919 446
354 2 2 9 8 771 776 772
355 2 2 9 8 739 1506 1321
356 2 2 9 8 90 999 344
357 2 2 9 8 913 1265 208
358 2 2 9 8 1052 1156 347
359 2 2 9 8 769 771 770
360 2 2 9 8 900 1188 1153
361 2 2 9 8 1142 1437 914
362 2 2 9 8 998 1448 1369
363 2 2 9 8 762 1533 1256
364 2 2 9 8 960 1136 466
365 2 2 9 8 1151 1573 562
366 2 2 9 8 786 788 787
367 2 2 9 8 769 770 445
368 2 2 9 8 967 1215 839
369 2 2 9 8 1256 1533 1000
370 2 2 9 8 448 1139 1111
371 2 2 9 8 1247 1495 1415
372 2 2 9 8 756 1640 1068
373 2 2 9 8 1050 1161 1072
374 2 2 9 8 1000 1533 1092
375 2 2 9 8 1372 1485 890
376 2 2 9 8 631 1015 634
377 2 2 9 8 1415 1495 876
378 2 2 9 8 1129 1130 747
379 2 2 9 8 430 445 433
380 2 2 9 8 350 1188 1186
381 2 2 9 8 312 1476 1176
382 2 2 9 8 869 1480 1020
383 2 2 9 8 1215 1470 839
384 2 2 9 8 1045 1046 309
385 2 2 9 8 799 1591 780
386 2 2 9 8 813 1546 983
387 2 2 9 8 788 911 838
388 2 2 9 8 750 1022 1021
389 2 2 9 8 324 1215 967
390 2 2 9 8 760 1280 1009
391 2 2 9 8 322 1219 1078
392 2 2 9 8 410 1637 1133
393 2 2 9 8 71 1364 968
394 2 2 9 8 610 1077 915
395 2 2 9 8 1231 1397 299
396 2 2 9 8 772 774 773
397 2 2 9 8 802 845 797
398 2 2 9 8 1009 1477 760
399 2 2 9 8 785 917 806
400 2 2 9 8 1186 1187 350
401 2 2 9 8 305 1394 1292
402 2 2 9 8 1130 1317 747
403 2 2 9 8 1010 1396 1011
404 2 2 9 8 445 1566 433
405 2 2 9 8 996 1420 732
406 2 2 9 8 152 880 360
407 2 2 9 8 880 1367 805
408 2 2 9 8 329 1474 198
409 2 2 9 8 288 1346 1132
410 2 2 9 8 298 1143 1034
411 2 2 9 8 387 1070 1004
412 2 2 9 8 544 1263 1072
413 2 2 9 8 1008 1032 848
414 2 2 9 8 774 784 775
415 2 2 9 8 491 1340 443
416 2 2 9 8 1162 1294 368
417 2 2 9 8 328 1339 964
418 2 2 9 8 739 1321 603
419 2 2 9 8 426 1203 1035
420 2 2 9 8 68 1618 1205
421 2 2 9 8 815 983 981
422 2 2 9 8 885 1424 1108
423 2 2 9 8 294 961 119
424 2 2 9 8 807 1044 809
425 2 2 9 8 536 1127 527
426 2 2 9 8 739 1515 1506
427 2 2 9 8 816 1648 1044
428 2 2 9 8 1056 1057 545
429 2 2 9 8 1067 1654 1121
430 2 2 9 8 1186 1188 900
431 2 2 9 8 385 1536 387
432 2 2 9 8 1136 1629 427
433 2 2 9 8 335 1032 1008
434 2 2 9 8 1143 1164 1034
435 2 2 9 8 1620 1621 1374
436 2 2 9 8 1042 1467 60
437 2 2 9 8 564 1151 562
438 2 2 9 8 577 1338 1253
439 2 2 9 8 698 1586 1118
440 2 2 9 8 214 1419 213
441 2 2 9 8 385 386 304
442 2 2 9 8 456 465 464
443 2 2 9 8 1262 1443 736
444 2 2 9 8 774 1554 1352
445 2 2 9 8 1369 1448 879
446 2 2 9 8 982 1230 1065
447 2 2 9 8 1134 1311 1001
448 2 2 9 8 1092 1533 742
449 2 2 9 8 784 917 785
450 2 2 9 8 756 1068 474
451 2 2 9 8 1235 1343 1055
452 2 2 9 8 1242 1405 874
453 2 2 9 8 813 983 815
454 2 2 9 8 313 1020 855
455 2 2 9 8 505 1058 503
456 2 2 9 8 198 1474 303
457 2 2 9 8 127 369 339
458 2 2 9 8 1053 1054 568
459 2 2 9 8 364 1653 137
460 2 2 9 8 423 768 430
461 2 2 9 8 1078 1381 1026
462 2 2 9 8 1129 1242 490
463 2 2 9 8 1258 1337 1073
464 2 2 9 8 797 887 794
465 2 2 9 8 1028 1558 667
466 2 2 9 8 1204 1411 472
467 2 2 9 8 642 1106 645
468 2 2 9 8 1579 1653 364
469 2 2 9 8 289 367 110
470 2 2 9 8 1121 1628 816
471 2 2 9 8 645 1106 699
472 2 2 9 8 1162 1497 1294
473 2 2 9 8 877 1258 1073
474 2 2 9 8 143 292 142
475 2 2 9 8 546 1651 1064
476 2 2 9 8 465 466 464
477 2 2 9 8 285 1553 1332
478 2 2 9 8 546 1064 554
479 2 2 9 8 1019 1282 830
480 2 2 9 8 472 1139 449
481 2 2 9 8 181 1039 354
482 2 2 9 8 197 393 196
483 2 2 9 8 842 1353 1128
484 2 2 9 8 1401 1541 971
485 2 2 9 8 342 1164 1143
486 2 2 9 8 1014 1601 341
487 2 2 9 8 964 1104 994
488 2 2 9 8 215 1545 214
489 2 2 9 8 433 446 434
490 2 2 9 8 1039 1040 354
491 2 2 9 8 850 1211 987
492 2 2 9 8 428 969 456
493 2 2 9 8 149 282 148
494 2 2 9 8 430 433 431
495 2 2 9 8 327 1005 63
496 2 2 9 8 662 1163 852
497 2 2 9 8 816 1044 807
498 2 2 9 8 1092 1422 344
499 2 2 9 8 61 1042 60
500 2 2 9 8 106 385 304
501 2 2 9 8 467 1124 468
502 2 2 9 8 1256 1650 892
503 2 2 9 8 1100 1156 1052
504 2 2 9 8 790 912 911
505 2 2 9 8 465 467 466
506 2 2 9 8 509 1140 510
507 2 2 9 8 204 1107 291
508 2 2 9 8 612 1077 610
509 2 2 9 8 1067 1121 816
510 2 2 9 8 809 1044 984
511 2 2 9 8 1050 1140 509
512 2 2 9 8 383 763 380
513 2 2 9 8 689 1532 1487
514 2 2 9 8 1017 1425 1284
515 2 2 9 8 1073 1337 729
516 2 2 9 8 303 394 393
517 2 2 9 8 917 1067 806
518 2 2 9 8 671 1098 693
519 2 2 9 8 1098 1099 693
520 2 2 9 8 1118 1119 698
521 2 2 9 8 811 819 813
522 2 2 9 8 1486 1577 620
523 2 2 9 8 1049 1078 750
524 2 2 9 8 667 1403 1028
525 2 2 9 8 779 780 778
526 2 2 9 8 1002 1628 951
527 2 2 9 8 443 1340 442
528 2 2 9 8 122 470 121
529 2 2 9 8 911 1449 838
530 2 2 9 8 556 1053 568
531 2 2 9 8 107 1536 385
532 2 2 9 8 859 1422 1092
533 2 2 9 8 537 1058 505
534 2 2 9 8 715 1038 713
535 2 2 9 8 1086 1233 357
536 2 2 9 8 967 1214 324
537 2 2 9 8 1284 1425 837
538 2 2 9 8 845 948 887
539 2 2 9 8 747 1242 1129
540 2 2 9 8 838 840 839
541 2 2 9 8 1397 1538 1249
542 2 2 9 8 488 1242 486
543 2 2 9 8 815 981 818
544 2 2 9 8 282 1523 1084
545 2 2 9 8 361 1607 1500
546 2 2 9 8 785 806 792
547 2 2 9 8 1260 1511 905
548 2 2 9 8 838 839 787
549 2 2 9 8 1222 1541 1401
550 2 2 9 8 389 1004 471
551 2 2 9 8 390 1389 1236
552 2 2 9 8 816 1628 1002
553 2 2 9 8 992 1644 323
554 2 2 9 8 466 1136 464
555 2 2 9 8 1080 1551 337
556 2 2 9 8 629 1074 627
557 2 2 9 8 1506 1515 1013
558 2 2 9 8 805 1367 920
559 2 2 9 8 1096 1099 1098
560 2 2 9 8 1268 1269 1267
561 2 2 9 8 1016 1037 638
562 2 2 9 8 818 831 825
563 2 2 9 8 684 1387 1150
564 2 2 9 8 1035 1614 426
565 2 2 9 8 1170 1177 1171
566 2 2 9 8 1085 1174 598
567 2 2 9 8 245 1032 335
568 2 2 9 8 1118 1586 1117
569 2 2 9 8 1316 1513 1046
570 2 2 9 8 798 802 797
571 2 2 9 8 384 1063 1062
572 2 2 9 8 847 1001 701
573 2 2 9 8 883 959 884
574 2 2 9 8 1136 1365 1111
575 2 2 9 8 437 1426 910
576 2 2 9 8 1273 1510 300
577 2 2 9 8 1055 1343 1101
578 2 2 9 8 353 1042 61
579 2 2 9 8 510 1140 513
580 2 2 9 8 665 1649 667
581 2 2 9 8 781 799 780
582 2 2 9 8 423 1418 768
583 2 2 9 8 436 450 438
584 2 2 9 8 768 769 445
585 2 2 9 8 838 1449 1069
586 2 2 9 8 984 1535 809
587 2 2 9 8 1469 1532 689
588 2 2 9 8 1051 1236 382
589 2 2 9 8 598 1174 1173
590 2 2 9 8 1101 1343 596
591 2 2 9 8 1332 1363 285
592 2 2 9 8 1271 1497 332
593 2 2 9 8 701 866 677
594 2 2 9 8 310 1657 135
595 2 2 9 8 317 1373 1001
596 2 2 9 8 623 1577 1486
597 2 2 9 8 765 1485 649
598 2 2 9 8 707 1424 885
599 2 2 9 8 732 1557 996
600 2 2 9 8 302 1152 1076
601 2 2 9 8 1048 1334 327
602 2 2 9 8 1142 1295 358
603 2 2 9 8 991 1346 129
604 2 2 9 8 750 1021 669
605 2 2 9 8 710 1100 1052
606 2 2 9 8 547 1392 542
607 2 2 9 8 571 1036 580
608 2 2 9 8 103 1323 331
609 2 2 9 8 1048 1485 1334
610 2 2 9 8 803 1014 802
611 2 2 9 8 983 1154 981
612 2 2 9 8 727 1594 1036
613 2 2 9 8 1079 1080 799
614 2 2 9 8 299 1397 1249
615 2 2 9 8 1227 1256 892
616 2 2 9 8 428 1578 969
617 2 2 9 8 341 1568 1014
618 2 2 9 8 467 468 466
619 2 2 9 8 447 1475 1103
620 2 2 9 8 855 1033 238
621 2 2 9 8 1072 1263 753
622 2 2 9 8 852 1163 1037
623 2 2 9 8 489 1085 492
624 2 2 9 8 707 883 708
625 2 2 9 8 468 1031 972
626 2 2 9 8 357 1234 1086
627 2 2 9 8 68 1205 67
628 2 2 9 8 1178 1179 1030
629 2 2 9 8 784 1470 917
630 2 2 9 8 423 430 425
631 2 2 9 8 995 1439 444
632 2 2 9 8 1040 1382 1261
633 2 2 9 8 410 1133 414
634 2 2 9 8 114 1339 328
635 2 2 9 8 456 969 465
636 2 2 9 8 1029 1417 1197
637 2 2 9 8 596 1130 499
638 2 2 9 8 414 458 416
639 2 2 9 8 418 447 421
640 2 2 9 8 360 1126 985
641 2 2 9 8 245 335 244
642 2 2 9 8 919 1431 446
643 2 2 9 8 802 846 845
644 2 2 9 8 673 677 672
645 2 2 9 8 1232 1302 316
646 2 2 9 8 539 1060 541
647 2 2 9 8 609 1280 611
648 2 2 9 8 1082 1138 705
649 2 2 9 8 806 1067 816
650 2 2 9 8 636 1163 639
651 2 2 9 8 1046 1513 1047
652 2 2 9 8 1510 1615 300
653 2 2 9 8 704 1061 872
654 2 2 9 8 1110 1142 914
655 2 2 9 8 565 1326 1148
656 2 2 9 8 707 885 883
657 2 2 9 8 1102 1475 800
658 2 2 9 8 772 773 770
659 2 2 9 8 173 902 321
660 2 2 9 8 1115 1320 709
661 2 2 9 8 388 1236 1051
662 2 2 9 8 1487 1532 688
663 2 2 9 8 509 1161 1050
664 2 2 9 8 1036 1589 727
665 2 2 9 8 313 855 239
666 2 2 9 8 64 327 63
667 2 2 9 8 643 1119 647
668 2 2 9 8 598 1433 551
669 2 2 9 8 687 690 686
670 2 2 9 8 120 1344 294
671 2 2 9 8 877 1512 1258
672 2 2 9 8 746 750 669
673 2 2 9 8 859 1092 742
674 2 2 9 8 623 1611 619
675 2 2 9 8 1205 1570 1380
676 2 2 9 8 1057 1060 545
677 2 2 9 8 845 1661 1222
678 2 2 9 8 1031 1502 1132
679 2 2 9 8 1083 1127 536
680 2 2 9 8 477 1440 479
681 2 2 9 8 701 1001 866
682 2 2 9 8 938 1165 940
683 2 2 9 8 1183 1264 759
684 2 2 9 8 1010 1552 1155
685 2 2 9 8 713 1340 491
686 2 2 9 8 122 1504 470
687 2 2 9 8 631 634 633
688 2 2 9 8 700 1645 1177
689 2 2 9 8 427 1365 1136
690 2 2 9 8 757 1632 1254
691 2 2 9 8 989 1627 804
692 2 2 9 8 890 1485 1335
693 2 2 9 8 675 687 686
694 2 2 9 8 239 855 238
695 2 2 9 8 796 797 794
696 2 2 9 8 1189 1391 1029
697 2 2 9 8 1017 1284 1018
698 2 2 9 8 1184 1186 901
699 2 2 9 8 441 1325 444
700 2 2 9 8 303 393 197
701 2 2 9 8 912 1224 154
702 2 2 9 8 982 1604 981
703 2 2 9 8 538 1361 545
704 2 2 9 8 1208 1216 1207
705 2 2 9 8 605 1082 705
706 2 2 9 8 746 1012 968
707 2 2 9 8 100 1322 377
708 2 2 9 8 673 701 677
709 2 2 9 8 454 1371 1221
710 2 2 9 8 1017 1018 827
711 2 2 9 8 750 1078 1022
712 2 2 9 8 1075 1362 1127
713 2 2 9 8 757 1254 905
714 2 2 9 8 1178 1391 312
715 2 2 9 8 465 469 467
716 2 2 9 8 436 1081 450
717 2 2 9 8 496 1085 598
718 2 2 9 8 1266 1609 438
719 2 2 9 8 651 707 652
720 2 2 9 8 698 1119 643
721 2 2 9 8 347 1534 1052
722 2 2 9 8 554 599 585
723 2 2 9 8 631 633 629
724 2 2 9 8 1038 1340 713
725 2 2 9 8 774 775 773
726 2 2 9 8 674 1088 676
727 2 2 9 8 1334 1485 765
728 2 2 9 8 1036 1594 580
729 2 2 9 8 1132 1502 288
730 2 2 9 8 70 968 319
731 2 2 9 8 1267 1269 548
732 2 2 9 8 492 1085 496
733 2 2 9 8 560 1370 577
734 2 2 9 8 736 1613 1262
735 2 2 9 8 572 574 571
736 2 2 9 8 596 1343 1137
737 2 2 9 8 140 1579 364
738 2 2 9 8 65 1047 64
739 2 2 9 8 590 675 674
740 2 2 9 8 1059 1559 298
741 2 2 9 8 390 1236 388
742 2 2 9 8 1009 1280 609
743 2 2 9 8 1094 1095 733
744 2 2 9 8 879 1448 842
745 2 2 9 8 190 1216 189
746 2 2 9 8 847 1134 1001
747 2 2 9 8 1069 1499 1212
748 2 2 9 8 632 1015 631
749 2 2 9 8 489 1269 1085
750 2 2 9 8 1377 1524 1446
751 2 2 9 8 1061 1414 1394
752 2 2 9 8 837 1066 902
753 2 2 9 8 451 1330 1328
754 2 2 9 8 776 1554 772
755 2 2 9 8 1045 1316 1046
756 2 2 9 8 599 605 604
757 2 2 9 8 818 1604 831
758 2 2 9 8 577 1253 1053
759 2 2 9 8 545 1060 539
760 2 2 9 8 62 353 61
761 2 2 9 8 784 785 775
762 2 2 9 8 1283 1284 285
763 2 2 9 8 838 1069 840
764 2 2 9 8 772 1554 774
765 2 2 9 8 570 571 569
766 2 2 9 8 901 1185 1184
767 2 2 9 8 1203 1426 1340
768 2 2 9 8 1046 1047 65
769 2 2 9 8 69 1135 68
770 2 2 9 8 887 1473 794
771 2 2 9 8 694 1100 710
772 2 2 9 8 968 1012 319
773 2 2 9 8 629 1668 1074
774 2 2 9 8 1179 1645 665
775 2 2 9 8 736 1443 1253
776 2 2 9 8 542 1392 878
777 2 2 9 8 627 741 625
778 2 2 9 8 1157 1456 1438
779 2 2 9 8 574 1036 571
780 2 2 9 8 864 1285 1241
781 2 2 9 8 1074 1075 741
782 2 2 9 8 914 1658 847
783 2 2 9 8 599 604 585
784 2 2 9 8 659 1098 671
785 2 2 9 8 660 672 632
786 2 2 9 8 1076 1218 302
787 2 2 9 8 383 906 763
788 2 2 9 8 1004 1374 471
789 2 2 9 8 538 1633 1361
790 2 2 9 8 901 1186 900
791 2 2 9 8 806 807 792
792 2 2 9 8 244 909 243
793 2 2 9 8 1111 1365 448
794 2 2 9 8 1112 1113 1037
795 2 2 9 8 1075 1436 1362
796 2 2 9 8 1330 1398 1328
797 2 2 9 8 1314 1469 1468
798 2 2 9 8 605 705 704
799 2 2 9 8 705 1061 704
800 2 2 9 8 625 1077 612
801 2 2 9 8 605 704 604
802 2 2 9 8 63 1445 62
803 2 2 9 8 1091 1138 966
804 2 2 9 8 640 1106 642
805 2 2 9 8 672 1015 632
806 2 2 9 8 381 1145 1051
807 2 2 9 8 1374 1621 764
808 2 2 9 8 924 1260 923
809 2 2 9 8 627 1074 741
810 2 2 9 8 1096 1397 1099
811 2 2 9 8 571 580 569
812 2 2 9 8 961 962 343
813 2 2 9 8 634 636 635
814 2 2 9 8 771 1662 776
815 2 2 9 8 1062 1063 953
816 2 2 9 8 700 1486 620
817 2 2 9 8 331 1323 1322
818 2 2 9 8 634 635 633
819 2 2 9 8 1254 1260 905
820 2 2 9 8 1085 1269 1268
821 2 2 9 8 854 1035 718
822 2 2 9 8 941 1090 939
823 2 2 9 8 939 1090 944
824 2 2 9 8 944 1090 979
825 2 2 9 8 601 619 579
826 2 2 9 8 1112 1114 1113
827 2 2 9 8 1016 1112 1037
828 2 2 9 8 630 631 629
829 2 2 9 8 853 1543 96
830 2 2 9 8 705 1091 1061
831 2 2 9 8 915 1149 608
832 2 2 9 8 70 319 69
833 2 2 9 8 1099 1397 1156
834 2 2 9 8 685 1413 918
835 2 2 9 8 922 1413 685
836 2 2 9 8 658 1094 733
837 2 2 9 8 1089 1266 450
838 2 2 9 8 1013 1135 319
839 2 2 9 8 883 884 708
840 2 2 9 8 959 1302 1232
841 2 2 9 8 981 1604 818
842 2 2 9 8 618 1416 1376
843 2 2 9 8 567 569 564
844 2 2 9 8 731 1072 753
845 2 2 9 8 1047 1642 64
846 2 2 9 8 1236 1389 758
847 2 2 9 8 660 673 672
848 2 2 9 8 848 914 847
849 2 2 9 8 1113 1218 1076
850 2 2 9 8 636 639 637
851 2 2 9 8 332 1417 1271
852 2 2 9 8 803 1601 1014
853 2 2 9 8 1039 1382 1040
854 2 2 9 8 240 313 239
855 2 2 9 8 309 1046 66
856 2 2 9 8 845 887 797
857 2 2 9 8 71 968 70
858 2 2 9 8 1212 1499 361
859 2 2 9 8 760 1050 731
860 2 2 9 8 1134 1516 318
861 2 2 9 8 1058 1652 503
862 2 2 9 8 285 1363 1283
863 2 2 9 8 1485 1659 1335
864 2 2 9 8 129 1346 288
865 2 2 9 8 628 629 627
866 2 2 9 8 586 651 650
867 2 2 9 8 917 1215 1067
868 2 2 9 8 1179 1558 1030
869 2 2 9 8 414 1133 458
870 2 2 9 8 1065 1066 982
871 2 2 9 8 560 577 558
872 2 2 9 8 675 686 674
873 2 2 9 8 1065 1230 363
874 2 2 9 8 177 1332 176
875 2 2 9 8 383 907 906
876 2 2 9 8 918 1594 727
877 2 2 9 8 951 1628 161
878 2 2 9 8 787 1470 784
879 2 2 9 8 574 1384 1036
880 2 2 9 8 917 1470 1215
881 2 2 9 8 246 1529 245
882 2 2 9 8 496 598 551
883 2 2 9 8 953 1063 955
884 2 2 9 8 1154 1447 981
885 2 2 9 8 1502 1503 370
886 2 2 9 8 1205 1380 309
887 2 2 9 8 1124 1272 766
888 2 2 9 8 762 1256 1217
889 2 2 9 8 805 920 801
890 2 2 9 8 663 731 664
891 2 2 9 8 558 1053 556
892 2 2 9 8 1253 1338 736
893 2 2 9 8 770 1358 445
894 2 2 9 8 767 1082 605
895 2 2 9 8 1184 1187 1186
896 2 2 9 8 845 1222 948
897 2 2 9 8 636 637 635
898 2 2 9 8 67 309 66
899 2 2 9 8 243 323 242
900 2 2 9 8 682 762 680
901 2 2 9 8 1299 1622 1019
902 2 2 9 8 885 1306 883
903 2 2 9 8 433 434 431
904 2 2 9 8 662 850 661
905 2 2 9 8 468 972 960
906 2 2 9 8 1022 1024 1023
907 2 2 9 8 342 1165 1164
908 2 2 9 8 866 867 677
909 2 2 9 8 1043 1086 1042
910 2 2 9 8 1020 1410 855
911 2 2 9 8 741 1083 1077
912 2 2 9 8 430 431 425
913 2 2 9 8 545 1361 1056
914 2 2 9 8 1301 1394 1300
915 2 2 9 8 704 872 706
916 2 2 9 8 737 1564 1147
917 2 2 9 8 1054 1055 568
918 2 2 9 8 639 661 640
919 2 2 9 8 123 1505 122
920 2 2 9 8 1324 1663 997
921 2 2 9 8 707 708 652
922 2 2 9 8 530 1131 528
923 2 2 9 8 842 1448 1353
924 2 2 9 8 590 979 675
925 2 2 9 8 850 987 986
926 2 2 9 8 663 760 731
927 2 2 9 8 1112 1429 867
928 2 2 9 8 705 1138 1091
929 2 2 9 8 746 1049 750
930 2 2 9 8 1118 1158 1119
931 2 2 9 8 333 1472 1281
932 2 2 9 8 1164 1165 938
933 2 2 9 8 940 1165 943
934 2 2 9 8 208 1265 336
935 2 2 9 8 990 1597 1572
936 2 2 9 8 840 967 839
937 2 2 9 8 1468 1469 689
938 2 2 9 8 1005 1445 63
939 2 2 9 8 866 1373 1125
940 2 2 9 8 1108 1308 885
941 2 2 9 8 1109 1474 329
942 2 2 9 8 912 1449 911
943 2 2 9 8 623 1486 1168
944 2 2 9 8 456 464 463
945 2 2 9 8 156 1324 155
946 2 2 9 8 630 632 631
947 2 2 9 8 718 1038 715
948 2 2 9 8 1203 1340 1038
949 2 2 9 8 830 1261 821
950 2 2 9 8 361 1500 1212
951 2 2 9 8 577 1053 558
952 2 2 9 8 943 1238 1196
953 2 2 9 8 416 1241 418
954 2 2 9 8 238 1580 237
955 2 2 9 8 634 638 636
956 2 2 9 8 570 572 571
957 2 2 9 8 1301 1617 873
958 2 2 9 8 771 1102 777
959 2 2 9 8 626 627 625
960 2 2 9 8 1069 1548 1499
961 2 2 9 8 569 1151 564
962 2 2 9 8 977 1350 1122
963 2 2 9 8 920 1274 1071
964 2 2 9 8 567 570 569
965 2 2 9 8 471 1374 994
966 2 2 9 8 1233 1375 1232
967 2 2 9 8 1414 1510 355
968 2 2 9 8 163 1406 162
969 2 2 9 8 980 1511 1260
970 2 2 9 8 778 1662 777
971 2 2 9 8 430 768 445
972 2 2 9 8 1320 1518 709
973 2 2 9 8 370 1505 339
974 2 2 9 8 645 658 646
975 2 2 9 8 662 851 850
976 2 2 9 8 1131 1158 1118
977 2 2 9 8 796 798 797
978 2 2 9 8 639 640 637
979 2 2 9 8 710 1052 965
980 2 2 9 8 465 1626 469
981 2 2 9 8 1019 1622 893
982 2 2 9 8 830 1299 1019
983 2 2 9 8 1094 1097 1095
984 2 2 9 8 872 1301 873
985 2 2 9 8 699 1094 658
986 2 2 9 8 994 1625 471
987 2 2 9 8 760 1477 1140
988 2 2 9 8 719 854 718
989 2 2 9 8 948 957 887
990 2 2 9 8 556 568 537
991 2 2 9 8 866 1125 867
992 2 2 9 8 329 1522 1109
993 2 2 9 8 418 1555 447
994 2 2 9 8 1077 1465 915
995 2 2 9 8 639 662 661
996 2 2 9 8 711 1405 1242
997 2 2 9 8 442 1426 439
998 2 2 9 8 752 1146 606
999 2 2 9 8 619 1577 623
1000 2 2 9 8 915 1240 1149
1001 2 2 9 8 296 1256 1000
1002 2 2 9 8 1105 1267 548
1003 2 2 9 8 237 330 236
1004 2 2 9 8 1095 1096 733
1005 2 2 9 8 1153 1244 899
1006 2 2 9 8 115 343 114
1007 2 2 9 8 436 1565 1081
1008 2 2 9 8 572 1421 574
1009 2 2 9 8 798 803 802
1010 2 2 9 8 1319 1381 351
1011 2 2 9 8 846 1661 845
1012 2 2 9 8 731 753 664
1013 2 2 9 8 1050 1072 731
1014 2 2 9 8 1020 1524 870
1015 2 2 9 8 1110 1529 366
1016 2 2 9 8 658 733 659
1017 2 2 9 8 293 1545 215
1018 2 2 9 8 1099 1100 693
1019 2 2 9 8 1116 1117 543
1020 2 2 9 8 635 1228 740
1021 2 2 9 8 560 1573 1370
1022 2 2 9 8 1072 1237 544
1023 2 2 9 8 614 663 616
1024 2 2 9 8 381 382 380
1025 2 2 9 8 579 1421 572
1026 2 2 9 8 826 1379 820
1027 2 2 9 8 741 1077 625
1028 2 2 9 8 957 1551 1079
1029 2 2 9 8 790 911 788
1030 2 2 9 8 850 986 661
1031 2 2 9 8 375 1481 829
1032 2 2 9 8 534 1116 543
1033 2 2 9 8 377 378 290
1034 2 2 9 8 599 767 605
1035 2 2 9 8 663 1280 760
1036 2 2 9 8 777 779 778
1037 2 2 9 8 210 314 209
1038 2 2 9 8 332 1497 1162
1039 2 2 9 8 1104 1625 994
1040 2 2 9 8 530 1158 1131
1041 2 2 9 8 1076 1152 851
1042 2 2 9 8 327 1642 1048
1043 2 2 9 8 1165 1238 943
1044 2 2 9 8 825 1017 827
1045 2 2 9 8 585 1276 586
1046 2 2 9 8 987 988 986
1047 2 2 9 8 1145 1323 304
1048 2 2 9 8 1031 1503 1502
1049 2 2 9 8 595 1146 732
1050 2 2 9 8 693 1100 694
1051 2 2 9 8 1103 1418 447
1052 2 2 9 8 354 1341 180
1053 2 2 9 8 389 471 391
1054 2 2 9 8 1168 1486 1170
1055 2 2 9 8 645 646 644
1056 2 2 9 8 642 645 644
1057 2 2 9 8 703 847 701
1058 2 2 9 8 1020 1480 1409
1059 2 2 9 8 1063 1407 955
1060 2 2 9 8 1150 1596 462
1061 2 2 9 8 969 1626 465
1062 2 2 9 8 1410 1587 1033
1063 2 2 9 8 923 1260 1007
1064 2 2 9 8 717 718 715
1065 2 2 9 8 1079 1551 1080
1066 2 2 9 8 831 1017 825
1067 2 2 9 8 381 1322 1145
1068 2 2 9 8 786 789 788
1069 2 2 9 8 872 873 706
1070 2 2 9 8 760 1140 1050
1071 2 2 9 8 1444 1640 756
1072 2 2 9 8 282 1084 989
1073 2 2 9 8 834 916 886
1074 2 2 9 8 1300 1394 305
1075 2 2 9 8 897 899 690
1076 2 2 9 8 892 1281 1227
1077 2 2 9 8 1084 1126 805
1078 2 2 9 8 1380 1570 956
1079 2 2 9 8 330 1093 236
1080 2 2 9 8 1073 1561 877
1081 2 2 9 8 979 1433 944
1082 2 2 9 8 575 1371 454
1083 2 2 9 8 568 1058 537
1084 2 2 9 8 428 456 452
1085 2 2 9 8 710 965 738
1086 2 2 9 8 658 659 646
1087 2 2 9 8 811 1535 819
1088 2 2 9 8 534 543 538
1089 2 2 9 8 1031 1132 972
1090 2 2 9 8 554 585 581
1091 2 2 9 8 353 1043 1042
1092 2 2 9 8 1075 1083 741
1093 2 2 9 8 802 1014 846
1094 2 2 9 8 523 525 524
1095 2 2 9 8 645 699 658
1096 2 2 9 8 527 528 526
1097 2 2 9 8 980 1260 924
1098 2 2 9 8 334 1341 1331
1099 2 2 9 8 654 752 606
1100 2 2 9 8 525 526 524
1101 2 2 9 8 291 473 203
1102 2 2 9 8 1048 1642 1513
1103 2 2 9 8 170 1575 363
1104 2 2 9 8 1123 1393 874
1105 2 2 9 8 601 621 620
1106 2 2 9 8 1084 1627 989
1107 2 2 9 8 247 366 246
1108 2 2 9 8 628 630 629
1109 2 2 9 8 520 523 522
1110 2 2 9 8 1079 1473 957
1111 2 2 9 8 1030 1558 1028
1112 2 2 9 8 1125 1310 307
1113 2 2 9 8 651 652 650
1114 2 2 9 8 366 1142 1110
1115 2 2 9 8 245 1529 1032
1116 2 2 9 8 1075 1127 1083
1117 2 2 9 8 1144 1643 1615
1118 2 2 9 8 346 371 184
1119 2 2 9 8 523 524 522
1120 2 2 9 8 596 1652 1101
1121 2 2 9 8 91 999 90
1122 2 2 9 8 525 527 526
1123 2 2 9 8 306 1308 1199
1124 2 2 9 8 898 1636 897
1125 2 2 9 8 851 1211 850
1126 2 2 9 8 671 693 692
1127 2 2 9 8 663 664 616
1128 2 2 9 8 67 1205 309
1129 2 2 9 8 611 1280 614
1130 2 2 9 8 801 1071 778
1131 2 2 9 8 72 1364 71
1132 2 2 9 8 690 1584 1582
1133 2 2 9 8 656 1147 908
1134 2 2 9 8 538 545 539
1135 2 2 9 8 1122 1656 310
1136 2 2 9 8 318 1304 1134
1137 2 2 9 8 1409 1410 1020
1138 2 2 9 8 1049 1364 322
1139 2 2 9 8 527 530 528
1140 2 2 9 8 501 596 499
1141 2 2 9 8 779 781 780
1142 2 2 9 8 90 344 89
1143 2 2 9 8 958 1595 1413
1144 2 2 9 8 1008 1463 335
1145 2 2 9 8 1328 1452 451
1146 2 2 9 8 66 1046 65
1147 2 2 9 8 473 1522 203
1148 2 2 9 8 1035 1038 718
1149 2 2 9 8 704 706 604
1150 2 2 9 8 554 1064 599
1151 2 2 9 8 531 1116 534
1152 2 2 9 8 1328 1588 1452
1153 2 2 9 8 618 1511 1416
1154 2 2 9 8 733 1098 659
1155 2 2 9 8 499 1130 497
1156 2 2 9 8 490 1242 488
1157 2 2 9 8 640 642 641
1158 2 2 9 8 387 1004 389
1159 2 2 9 8 434 1565 436
1160 2 2 9 8 1119 1120 647
1161 2 2 9 8 1222 1401 948
1162 2 2 9 8 156 1663 1324
1163 2 2 9 8 677 1429 672
1164 2 2 9 8 1241 1555 418
1165 2 2 9 8 1043 1320 1115
1166 2 2 9 8 680 1225 678
1167 2 2 9 8 1033 1580 238
1168 2 2 9 8 1322 1323 1145
1169 2 2 9 8 970 971 362
1170 2 2 9 8 635 740 633
1171 2 2 9 8 1464 1585 1125
1172 2 2 9 8 218 298 217
1173 2 2 9 8 94 333 93
1174 2 2 9 8 600 601 579
1175 2 2 9 8 534 538 535
1176 2 2 9 8 531 534 532
1177 2 2 9 8 409 1365 427
1178 2 2 9 8 1086 1375 1233
1179 2 2 9 8 1052 1144 965
1180 2 2 9 8 1061 1394 872
1181 2 2 9 8 626 628 627
1182 2 2 9 8 469 1272 467
1183 2 2 9 8 1093 1153 320
1184 2 2 9 8 781 1079 799
1185 2 2 9 8 1119 1158 1120
1186 2 2 9 8 327 1334 1005
1187 2 2 9 8 236 1093 235
1188 2 2 9 8 769 1102 771
1189 2 2 9 8 528 531 529
1190 2 2 9 8 1446 1524 313
1191 2 2 9 8 468 960 466
1192 2 2 9 8 824 1434 834
1193 2 2 9 8 309 1380 1045
1194 2 2 9 8 852 1076 851
1195 2 2 9 8 1083 1465 1077
1196 2 2 9 8 548 1376 1105
1197 2 2 9 8 907 1225 906
1198 2 2 9 8 365 1657 400
1199 2 2 9 8 730 1073 729
1200 2 2 9 8 335 1463 909
1201 2 2 9 8 595 732 593
1202 2 2 9 8 1080 1597 799
1203 2 2 9 8 296 1000 999
1204 2 2 9 8 342 1143 219
1205 2 2 9 8 729 1318 654
1206 2 2 9 8 1106 1660 699
1207 2 2 9 8 601 1252 621
1208 2 2 9 8 661 1106 640
1209 2 2 9 8 528 1131 531
1210 2 2 9 8 644 1257 698
1211 2 2 9 8 1122 1359 977
1212 2 2 9 8 1004 1620 1374
1213 2 2 9 8 112 1621 289
1214 2 2 9 8 358 1437 1142
1215 2 2 9 8 497 1130 1129
1216 2 2 9 8 823 830 821
1217 2 2 9 8 1387 1451 1150
1218 2 2 9 8 175 1553 285
1219 2 2 9 8 1099 1156 1100
1220 2 2 9 8 1416 1511 980
1221 2 2 9 8 624 625 612
1222 2 2 9 8 638 1163 636
1223 2 2 9 8 819 1546 813
1224 2 2 9 8 1016 1429 1112
1225 2 2 9 8 958 1413 735
1226 2 2 9 8 1037 1163 638
1227 2 2 9 8 693 694 692
1228 2 2 9 8 1413 1595 918
1229 2 2 9 8 965 966 738
1230 2 2 9 8 218 1143 298
1231 2 2 9 8 578 579 572
1232 2 2 9 8 620 1525 700
1233 2 2 9 8 1089 1517 1266
1234 2 2 9 8 642 644 643
1235 2 2 9 8 1171 1176 345
1236 2 2 9 8 533 1141 996
1237 2 2 9 8 555 556 537
1238 2 2 9 8 1318 1453 752
1239 2 2 9 8 777 1662 771
1240 2 2 9 8 1013 1515 1135
1241 2 2 9 8 694 710 696
1242 2 2 9 8 382 1236 758
1243 2 2 9 8 1142 1484 1295
1244 2 2 9 8 343 1339 114
1245 2 2 9 8 2 293 215
1246 2 2 9 8 438 1609 440
1247 2 2 9 8 336 1107 204
1248 2 2 9 8 1175 1590 1169
1249 2 2 9 8 1442 1450 1355
1250 2 2 9 8 137 284 136
1251 2 2 9 8 1276 1635 586
1252 2 2 9 8 960 1629 1136
1253 2 2 9 8 519 520 518
1254 2 2 9 8 1022 1026 1024
1255 2 2 9 8 1024 1025 1023
1256 2 2 9 8 656 908 587
1257 2 2 9 8 421 1418 423
1258 2 2 9 8 1407 1605 1011
1259 2 2 9 8 610 915 608
1260 2 2 9 8 806 816 807
1261 2 2 9 8 690 1582 897
1262 2 2 9 8 667 1649 1539
1263 2 2 9 8 1355 1450 868
1264 2 2 9 8 1334 1518 1005
1265 2 2 9 8 1517 1622 828
1266 2 2 9 8 175 1542 837
1267 2 2 9 8 659 671 670
1268 2 2 9 8 323 1644 242
1269 2 2 9 8 607 1278 1255
1270 2 2 9 8 93 1281 92
1271 2 2 9 8 842 1128 803
1272 2 2 9 8 122 1505 1504
1273 2 2 9 8 848 1110 914
1274 2 2 9 8 1278 1420 996
1275 2 2 9 8 873 1199 1108
1276 2 2 9 8 640 641 637
1277 2 2 9 8 1053 1253 1054
1278 2 2 9 8 1026 1381 1319
1279 2 2 9 8 717 719 718
1280 2 2 9 8 606 1146 595
1281 2 2 9 8 675 979 688
1282 2 2 9 8 719 921 854
1283 2 2 9 8 160 1214 1213
1284 2 2 9 8 621 1525 620
1285 2 2 9 8 1127 1362 530
1286 2 2 9 8 235 1093 320
1287 2 2 9 8 897 1636 901
1288 2 2 9 8 497 1129 493
1289 2 2 9 8 834 1434 916
1290 2 2 9 8 502 504 503
1291 2 2 9 8 88 1180 308
1292 2 2 9 8 495 497 493
1293 2 2 9 8 1103 1475 1102
1294 2 2 9 8 297 1552 168
1295 2 2 9 8 753 868 754
1296 2 2 9 8 827 1019 893
1297 2 2 9 8 528 529 526
1298 2 2 9 8 585 586 581
1299 2 2 9 8 538 539 535
1300 2 2 9 8 590 674 591
1301 2 2 9 8 819 1535 1270
1302 2 2 9 8 450 1266 438
1303 2 2 9 8 557 558 556
1304 2 2 9 8 559 560 558
1305 2 2 9 8 563 564 562
1306 2 2 9 8 561 562 560
1307 2 2 9 8 858 1147 656
1308 2 2 9 8 1012 1013 319
1309 2 2 9 8 1116 1131 1118
1310 2 2 9 8 657 660 632
1311 2 2 9 8 546 554 552
1312 2 2 9 8 566 567 564
1313 2 2 9 8 1018 1282 1019
1314 2 2 9 8 1223 1274 325
1315 2 2 9 8 1272 1664 766
1316 2 2 9 8 743 1160 861
1317 2 2 9 8 883 1508 959
1318 2 2 9 8 235 320 234
1319 2 2 9 8 728 729 654
1320 2 2 9 8 372 373 295
1321 2 2 9 8 671 692 691
1322 2 2 9 8 1199 1307 306
1323 2 2 9 8 534 535 532
1324 2 2 9 8 502 503 501
1325 2 2 9 8 531 532 529
1326 2 2 9 8 642 643 641
1327 2 2 9 8 427 1501 407
1328 2 2 9 8 768 1103 769
1329 2 2 9 8 929 1201 931
1330 2 2 9 8 1171 1177 1176
1331 2 2 9 8 328 764 113
1332 2 2 9 8 786 1352 789
1333 2 2 9 8 966 1510 1091
1334 2 2 9 8 684 1150 922
1335 2 2 9 8 683 1160 743
1336 2 2 9 8 1026 1027 1024
1337 2 2 9 8 1025 1028 1023
1338 2 2 9 8 377 1322 381
1339 2 2 9 8 1159 1160 683
1340 2 2 9 8 959 1232 884
1341 2 2 9 8 1255 1278 1141
1342 2 2 9 8 219 1143 218
1343 2 2 9 8 710 738 696
1344 2 2 9 8 531 1131 1116
1345 2 2 9 8 1086 1234 1042
1346 2 2 9 8 228 349 227
1347 2 2 9 8 580 1151 569
1348 2 2 9 8 780 1591 804
1349 2 2 9 8 520 521 518
1350 2 2 9 8 378 381 380
1351 2 2 9 8 807 809 808
1352 2 2 9 8 897 1582 898
1353 2 2 9 8 868 1526 1355
1354 2 2 9 8 344 1180 89
1355 2 2 9 8 686 1088 674
1356 2 2 9 8 1101 1652 1058
1357 2 2 9 8 681 1159 683
1358 2 2 9 8 624 626 625
1359 2 2 9 8 867 1585 1112
1360 2 2 9 8 1055 1101 1058
1361 2 2 9 8 79 368 78
1362 2 2 9 8 586 1635 651
1363 2 2 9 8 679 680 678
1364 2 2 9 8 520 522 521
1365 2 2 9 8 644 698 643
1366 2 2 9 8 1116 1118 1117
1367 2 2 9 8 226 1181 326
1368 2 2 9 8 602 678 575
1369 2 2 9 8 1177 1178 1176
1370 2 2 9 8 1025 1029 1028
1371 2 2 9 8 1174 1268 932
1372 2 2 9 8 73 322 72
1373 2 2 9 8 1035 1203 1038
1374 2 2 9 8 930 1267 1105
1375 2 2 9 8 1177 1179 1178
1376 2 2 9 8 933 1174 932
1377 2 2 9 8 1029 1030 1028
1378 2 2 9 8 789 836 790
1379 2 2 9 8 1181 1202 326
1380 2 2 9 8 998 1369 432
1381 2 2 9 8 608 1149 519
1382 2 2 9 8 699 1550 1094
1383 2 2 9 8 1173 1174 933
1384 2 2 9 8 811 813 812
1385 2 2 9 8 935 1173 933
1386 2 2 9 8 936 1164 938
1387 2 2 9 8 326 1202 1191
1388 2 2 9 8 1166 1167 862
1389 2 2 9 8 1172 1173 935
1390 2 2 9 8 860 1166 862
1391 2 2 9 8 1166 1168 1167
1392 2 2 9 8 937 1172 935
1393 2 2 9 8 1168 1169 1167
1394 2 2 9 8 1168 1170 1169
1395 2 2 9 8 1170 1171 1169
1396 2 2 9 8 311 1198 1195
1397 2 2 9 8 223 1198 311
1398 2 2 9 8 83 1189 82
1399 2 2 9 8 308 1175 87
1400 2 2 9 8 87 1175 86
1401 2 2 9 8 224 1198 223
1402 2 2 9 8 225 1190 224
1403 2 2 9 8 326 1190 225
1404 2 2 9 8 226 326 225
1405 2 2 9 8 326 1191 1190
1406 2 2 9 8 86 1175 345
1407 2 2 9 8 86 345 85
1408 2 2 9 8 88 308 87
1409 2 2 9 8 223 311 222
1410 2 2 9 8 81 332 80
1411 2 2 9 8 1191 1192 1190
1412 2 2 9 8 1190 1198 224
1413 2 2 9 8 1191 1193 1192
1414 2 2 9 8 222 1196 221
1415 2 2 9 8 1193 1194 1192
1416 2 2 9 8 1194 1195 1192
1417 2 2 9 8 1192 1198 1190
1418 2 2 9 8 1195 1198 1192
1419 2 2 9 8 311 1196 222
1420 2 2 9 8 220 342 219
1421 2 2 9 8 1189 1197 82
1422 2 2 9 8 80 1162 79
1423 2 2 9 8 79 1162 368
1424 2 2 9 8 84 312 83
1425 2 2 9 8 82 1197 81
1426 2 2 9 8 332 1162 80
1427 2 2 9 8 81 1197 332
1428 2 2 9 8 312 1189 83
1429 2 2 9 8 940 943 942
1430 2 2 9 8 940 942 941
1431 2 2 9 8 940 941 939
1432 2 2 9 8 944 1172 937
1433 2 2 9 8 938 940 939
1434 2 2 9 8 939 944 937
1435 2 2 9 8 861 894 889
1436 2 2 9 8 889 1166 860
1437 2 2 9 8 938 939 937
1438 2 2 9 8 861 889 860
1439 2 2 9 8 1034 1164 936
1440 2 2 9 8 936 938 937
1441 2 2 9 8 860 862 859
1442 2 2 9 8 743 861 860
1443 2 2 9 8 934 1034 936
1444 2 2 9 8 936 937 935
1445 2 2 9 8 743 860 859
1446 2 2 9 8 934 936 935
1447 2 2 9 8 743 859 742
1448 2 2 9 8 1184 1185 1182
1449 2 2 9 8 1183 1187 1184
1450 2 2 9 8 548 1269 487
1451 2 2 9 8 934 935 933
1452 2 2 9 8 683 743 742
1453 2 2 9 8 1183 1184 1182
1454 2 2 9 8 485 548 487
1455 2 2 9 8 931 934 933
1456 2 2 9 8 873 1108 993
1457 2 2 9 8 172 321 171
1458 2 2 9 8 158 361 157
1459 2 2 9 8 126 339 125
1460 2 2 9 8 165 384 164
1461 2 2 9 8 139 364 138
1462 2 2 9 8 194 882 193
1463 2 2 9 8 124 1505 123
1464 2 2 9 8 133 365 132
1465 2 2 9 8 186 346 185
1466 2 2 9 8 118 961 117
1467 2 2 9 8 145 362 144
1468 2 2 9 8 151 360 150
1469 2 2 9 8 116 343 115
1470 2 2 9 8 683 742 682
1471 2 2 9 8 931 1201 934
1472 2 2 9 8 809 811 810
1473 2 2 9 8 444 1123 480
1474 2 2 9 8 247 1484 366
1475 2 2 9 8 288 1502 369
1476 2 2 9 8 659 670 646
1477 2 2 9 8 349 1183 1182
1478 2 2 9 8 485 487 486
1479 2 2 9 8 486 874 484
1480 2 2 9 8 227 1181 226
1481 2 2 9 8 349 1181 227
1482 2 2 9 8 934 1201 1034
1483 2 2 9 8 362 1386 144
1484 2 2 9 8 931 933 932
1485 2 2 9 8 1144 1615 965
1486 2 2 9 8 467 1272 1124
1487 2 2 9 8 1185 1202 1182
1488 2 2 9 8 593 1392 547
1489 2 2 9 8 1096 1098 733
1490 2 2 9 8 1182 1202 1181
1491 2 2 9 8 844 1223 836
1492 2 2 9 8 891 1159 681
1493 2 2 9 8 681 683 682
1494 2 2 9 8 1312 1665 1114
1495 2 2 9 8 900 1153 899
1496 2 2 9 8 926 1416 980
1497 2 2 9 8 500 502 501
1498 2 2 9 8 706 1276 604
1499 2 2 9 8 990 1572 147
1500 2 2 9 8 1093 1244 1153
1501 2 2 9 8 406 1350 432
1502 2 2 9 8 858 1148 1147
1503 2 2 9 8 662 852 851
1504 2 2 9 8 349 1182 1181
1505 2 2 9 8 493 1129 490
1506 2 2 9 8 1196 1248 943
1507 2 2 9 8 1096 1538 1397
1508 2 2 9 8 1544 1586 871
1509 2 2 9 8 444 480 443
1510 2 2 9 8 356 1665 1312
1511 2 2 9 8 1383 1592 1193
1512 2 2 9 8 916 1488 1157
1513 2 2 9 8 714 715 713
1514 2 2 9 8 178 334 177
1515 2 2 9 8 178 1342 334
1516 2 2 9 8 485 486 484
1517 2 2 9 8 109 367 108
1518 2 2 9 8 1287 1568 141
1519 2 2 9 8 231 759 230
1520 2 2 9 8 243 1547 323
1521 2 2 9 8 931 932 930
1522 2 2 9 8 551 590 589
1523 2 2 9 8 393 1562 196
1524 2 2 9 8 342 1238 1165
1525 2 2 9 8 464 1136 1111
1526 2 2 9 8 671 691 670
1527 2 2 9 8 830 1390 1261
1528 2 2 9 8 986 1106 661
1529 2 2 9 8 533 996 863
1530 2 2 9 8 1055 1058 568
1531 2 2 9 8 974 1653 978
1532 2 2 9 8 1018 1283 1282
1533 2 2 9 8 804 1556 989
1534 2 2 9 8 517 518 516
1535 2 2 9 8 813 815 814
1536 2 2 9 8 102 331 101
1537 2 2 9 8 621 1252 668
1538 2 2 9 8 458 1241 416
1539 2 2 9 8 518 1239 516
1540 2 2 9 8 899 1244 1087
1541 2 2 9 8 702 739 603
1542 2 2 9 8 1088 1587 676
1543 2 2 9 8 679 891 681
1544 2 2 9 8 681 682 680
1545 2 2 9 8 498 499 497
1546 2 2 9 8 789 790 788
1547 2 2 9 8 348 1538 1095
1548 2 2 9 8 284 1653 974
1549 2 2 9 8 908 1286 587
1550 2 2 9 8 1007 1419 923
1551 2 2 9 8 703 848 847
1552 2 2 9 8 783 1079 781
1553 2 2 9 8 1438 1456 749
1554 2 2 9 8 513 514 512
1555 2 2 9 8 507 537 505
1556 2 2 9 8 324 1654 1215
1557 2 2 9 8 874 1393 484
1558 2 2 9 8 296 999 91
1559 2 2 9 8 1196 1238 221
1560 2 2 9 8 220 1238 342
1561 2 2 9 8 414 416 415
1562 2 2 9 8 509 510 508
1563 2 2 9 8 316 1233 1232
1564 2 2 9 8 1384 1589 1036
1565 2 2 9 8 105 1323 104
1566 2 2 9 8 592 1450 1442
1567 2 2 9 8 89 1180 88
1568 2 2 9 8 1369 1637 432
1569 2 2 9 8 1001 1373 866
1570 2 2 9 8 520 1149 523
1571 2 2 9 8 1177 1645 1179
1572 2 2 9 8 829 1481 1210
1573 2 2 9 8 510 512 511
1574 2 2 9 8 514 516 515
1575 2 2 9 8 689 1487 1279
1576 2 2 9 8 943 1248 942
1577 2 2 9 8 1128 1601 803
1578 2 2 9 8 576 684 617
1579 2 2 9 8 712 713 491
1580 2 2 9 8 1052 1534 1144
1581 2 2 9 8 815 818 817
1582 2 2 9 8 785 792 791
1583 2 2 9 8 1304 1311 1134
1584 2 2 9 8 500 501 499
1585 2 2 9 8 328 994 764
1586 2 2 9 8 504 506 505
1587 2 2 9 8 311 1248 1196
1588 2 2 9 8 598 1173 1172
1589 2 2 9 8 524 1141 522
1590 2 2 9 8 529 1255 526
1591 2 2 9 8 1152 1211 851
1592 2 2 9 8 752 1453 1206
1593 2 2 9 8 1059 1201 929
1594 2 2 9 8 621 1649 665
1595 2 2 9 8 573 1351 567
1596 2 2 9 8 972 1298 960
1597 2 2 9 8 506 508 507
1598 2 2 9 8 310 1359 1122
1599 2 2 9 8 651 1424 707
1600 2 2 9 8 441 444 443
1601 2 2 9 8 202 1522 329
1602 2 2 9 8 1229 1230 297
1603 2 2 9 8 1018 1019 827
1604 2 2 9 8 229 1264 228
1605 2 2 9 8 464 1111 463
1606 2 2 9 8 673 703 701
1607 2 2 9 8 672 1623 1015
1608 2 2 9 8 993 1276 706
1609 2 2 9 8 932 1268 1267
1610 2 2 9 8 507 555 537
1611 2 2 9 8 982 1447 1230
1612 2 2 9 8 470 766 121
1613 2 2 9 8 720 751 722
1614 2 2 9 8 420 1588 1395
1615 2 2 9 8 1282 1390 830
1616 2 2 9 8 614 1280 663
1617 2 2 9 8 233 350 232
1618 2 2 9 8 1114 1464 1312
1619 2 2 9 8 825 827 826
1620 2 2 9 8 438 440 439
1621 2 2 9 8 1170 1486 700
1622 2 2 9 8 434 436 435
1623 2 2 9 8 514 515 512
1624 2 2 9 8 679 1226 891
1625 2 2 9 8 450 1379 1089
1626 2 2 9 8 694 696 695
1627 2 2 9 8 753 1263 868
1628 2 2 9 8 818 825 820
1629 2 2 9 8 521 1239 518
1630 2 2 9 8 1353 1528 1128
1631 2 2 9 8 210 947 314
1632 2 2 9 8 694 695 692
1633 2 2 9 8 599 1064 767
1634 2 2 9 8 855 1410 1033
1635 2 2 9 8 421 423 422
1636 2 2 9 8 510 511 508
1637 2 2 9 8 574 1421 1200
1638 2 2 9 8 668 669 666
1639 2 2 9 8 1030 1391 1178
1640 2 2 9 8 506 509 508
1641 2 2 9 8 873 1617 1199
1642 2 2 9 8 762 1598 680
1643 2 2 9 8 1210 1481 1208
1644 2 2 9 8 1156 1231 347
1645 2 2 9 8 809 1535 811
1646 2 2 9 8 1295 1484 865
1647 2 2 9 8 501 1652 596
1648 2 2 9 8 349 1264 1183
1649 2 2 9 8 716 717 715
1650 2 2 9 8 854 1330 1035
1651 2 2 9 8 307 1464 1125
1652 2 2 9 8 416 418 417
1653 2 2 9 8 633 1668 629
1654 2 2 9 8 483 485 484
1655 2 2 9 8 495 498 497
1656 2 2 9 8 1125 1585 867
1657 2 2 9 8 1069 1212 840
1658 2 2 9 8 74 1219 73
1659 2 2 9 8 75 351 74
1660 2 2 9 8 76 1220 75
1661 2 2 9 8 337 1572 1080
1662 2 2 9 8 1029 1391 1030
1663 2 2 9 8 456 463 452
1664 2 2 9 8 436 438 437
1665 2 2 9 8 653 654 606
1666 2 2 9 8 385 387 386
1667 2 2 9 8 949 1570 1205
1668 2 2 9 8 900 1666 901
1669 2 2 9 8 901 1666 897
1670 2 2 9 8 1248 1296 942
1671 2 2 9 8 728 730 729
1672 2 2 9 8 221 1238 220
1673 2 2 9 8 1210 1669 829
1674 2 2 9 8 519 1149 520
1675 2 2 9 8 296 1650 1256
1676 2 2 9 8 1040 1041 354
1677 2 2 9 8 973 1581 135
1678 2 2 9 8 179 1342 178
1679 2 2 9 8 498 500 499
1680 2 2 9 8 510 513 512
1681 2 2 9 8 643 647 641
1682 2 2 9 8 614 616 615
1683 2 2 9 8 753 754 664
1684 2 2 9 8 789 1352 843
1685 2 2 9 8 1495 1603 876
1686 2 2 9 8 930 1105 928
1687 2 2 9 8 929 931 930
1688 2 2 9 8 410 414 412
1689 2 2 9 8 479 1440 618
1690 2 2 9 8 1168 1494 623
1691 2 2 9 8 406 432 408
1692 2 2 9 8 948 1509 957
1693 2 2 9 8 857 858 656
1694 2 2 9 8 1289 1571 987
1695 2 2 9 8 241 1446 240
1696 2 2 9 8 440 1325 441
1697 2 2 9 8 418 421 419
1698 2 2 9 8 1306 1508 883
1699 2 2 9 8 462 1610 1150
1700 2 2 9 8 927 1059 929
1701 2 2 9 8 504 505 503
1702 2 2 9 8 1055 1527 1235
1703 2 2 9 8 679 681 680
1704 2 2 9 8 514 517 516
1705 2 2 9 8 526 1255 524
1706 2 2 9 8 1205 1618 949
1707 2 2 9 8 570 578 572
1708 2 2 9 8 1082 1356 1138
1709 2 2 9 8 1081 1619 450
1710 2 2 9 8 1209 1455 1378
1711 2 2 9 8 1027 1319 1294
1712 2 2 9 8 578 600 579
1713 2 2 9 8 517 519 518
1714 2 2 9 8 637 1228 635
1715 2 2 9 8 680 1598 1225
1716 2 2 9 8 584 877 648
1717 2 2 9 8 282 989 950
1718 2 2 9 8 1023 1403 1021
1719 2 2 9 8 691 1003 871
1720 2 2 9 8 504 1161 506
1721 2 2 9 8 283 952 951
1722 2 2 9 8 1195 1248 311
1723 2 2 9 8 617 1226 602
1724 2 2 9 8 646 1257 644
1725 2 2 9 8 690 1087 686
1726 2 2 9 8 291 474 473
1727 2 2 9 8 298 1559 217
1728 2 2 9 8 496 551 550
1729 2 2 9 8 423 425 424
1730 2 2 9 8 524 1255 1141
1731 2 2 9 8 1333 1495 1247
1732 2 2 9 8 555 557 556
1733 2 2 9 8 355 1510 1273
1734 2 2 9 8 611 614 613
1735 2 2 9 8 898 1592 1383
1736 2 2 9 8 583 1009 609
1737 2 2 9 8 485 1376 548
1738 2 2 9 8 1199 1308 1108
1739 2 2 9 8 720 1327 751
1740 2 2 9 8 1346 1493 1132
1741 2 2 9 8 1463 1603 909
1742 2 2 9 8 745 746 669
1743 2 2 9 8 479 618 483
1744 2 2 9 8 923 1545 293
1745 2 2 9 8 597 606 595
1746 2 2 9 8 665 1525 621
1747 2 2 9 8 36 299 35
1748 2 2 9 8 1228 1388 740
1749 2 2 9 8 1091 1414 1061
1750 2 2 9 8 522 1141 533
1751 2 2 9 8 1376 1416 1105
1752 2 2 9 8 964 1399 1104
1753 2 2 9 8 283 953 952
1754 2 2 9 8 729 1337 1318
1755 2 2 9 8 626 1247 628
1756 2 2 9 8 365 400 338
1757 2 2 9 8 402 1656 1122
1758 2 2 9 8 554 581 552
1759 2 2 9 8 691 871 670
1760 2 2 9 8 351 1381 1219
1761 2 2 9 8 1360 1377 726
1762 2 2 9 8 544 1336 1263
1763 2 2 9 8 1457 1458 446
1764 2 2 9 8 841 842 803
1765 2 2 9 8 1513 1659 1048
1766 2 2 9 8 64 1642 327
1767 2 2 9 8 1244 1432 1087
1768 2 2 9 8 523 1240 525
1769 2 2 9 8 470 1503 1124
1770 2 2 9 8 522 533 521
1771 2 2 9 8 95 1543 94
1772 2 2 9 8 195 1562 882
1773 2 2 9 8 583 608 519
1774 2 2 9 8 697 1056 695
1775 2 2 9 8 1141 1278 996
1776 2 2 9 8 910 1426 1203
1777 2 2 9 8 1089 1379 826
1778 2 2 9 8 602 1226 679
1779 2 2 9 8 344 1422 1180
1780 2 2 9 8 131 338 130
1781 2 2 9 8 692 1259 691
1782 2 2 9 8 1102 1428 777
1783 2 2 9 8 695 1259 692
1784 2 2 9 8 941 1487 1090
1785 2 2 9 8 1090 1487 688
1786 2 2 9 8 530 1362 1158
1787 2 2 9 8 508 1245 507
1788 2 2 9 8 1293 1294 1220
1789 2 2 9 8 607 1255 529
1790 2 2 9 8 368 1294 1293
1791 2 2 9 8 1285 1555 1241
1792 2 2 9 8 1191 1383 1193
1793 2 2 9 8 712 714 713
1794 2 2 9 8 470 1124 766
1795 2 2 9 8 1024 1271 1025
1796 2 2 9 8 594 595 593
1797 2 2 9 8 1547 1603 1495
1798 2 2 9 8 141 1568 341
1799 2 2 9 8 525 536 527
1800 2 2 9 8 966 1138 738
1801 2 2 9 8 1026 1319 1027
1802 2 2 9 8 566 573 567
1803 2 2 9 8 563 566 564
1804 2 2 9 8 302 1530 1152
1805 2 2 9 8 1060 1651 541
1806 2 2 9 8 557 559 558
1807 2 2 9 8 1513 1642 1047
1808 2 2 9 8 868 869 754
1809 2 2 9 8 228 1264 349
1810 2 2 9 8 35 1249 34
1811 2 2 9 8 37 1231 36
1812 2 2 9 8 206 336 205
1813 2 2 9 8 588 656 587
1814 2 2 9 8 561 563 562
1815 2 2 9 8 675 1532 687
1816 2 2 9 8 1144 1534 39
1817 2 2 9 8 979 1090 688
1818 2 2 9 8 559 561 560
1819 2 2 9 8 1294 1319 1220
1820 2 2 9 8 1195 1296 1248
1821 2 2 9 8 870 1377 1360
1822 2 2 9 8 734 735 723
1823 2 2 9 8 200 329 199
1824 2 2 9 8 916 1157 886
1825 2 2 9 8 402 1122 404
1826 2 2 9 8 539 541 540
1827 2 2 9 8 1258 1512 1148
1828 2 2 9 8 1027 1271 1024
1829 2 2 9 8 586 650 649
1830 2 2 9 8 932 1267 930
1831 2 2 9 8 532 607 529
1832 2 2 9 8 604 1276 585
1833 2 2 9 8 983 1155 1154
1834 2 2 9 8 33 1250 32
1835 2 2 9 8 584 1329 877
1836 2 2 9 8 714 716 715
1837 2 2 9 8 1117 1586 1544
1838 2 2 9 8 433 1566 919
1839 2 2 9 8 782 783 781
1840 2 2 9 8 1331 1332 334
1841 2 2 9 8 351 1219 74
1842 2 2 9 8 75 1220 351
1843 2 2 9 8 1032 1529 1110
1844 2 2 9 8 447 1418 421
1845 2 2 9 8 795 796 794
1846 2 2 9 8 1217 1227 763
1847 2 2 9 8 873 993 706
1848 2 2 9 8 858 1258 1148
1849 2 2 9 8 1185 1383 1202
1850 2 2 9 8 373 374 295
1851 2 2 9 8 492 496 494
1852 2 2 9 8 1056 1259 695
1853 2 2 9 8 774 1352 786
1854 2 2 9 8 696 697 695
1855 2 2 9 8 536 1465 1083
1856 2 2 9 8 1393 1439 749
1857 2 2 9 8 942 1279 941
1858 2 2 9 8 687 1532 1469
1859 2 2 9 8 461 1395 1327
1860 2 2 9 8 1422 1491 1180
1861 2 2 9 8 630 657 632
1862 2 2 9 8 755 1239 521
1863 2 2 9 8 793 794 783
1864 2 2 9 8 34 348 33
1865 2 2 9 8 38 347 37
1866 2 2 9 8 699 1660 1550
1867 2 2 9 8 717 725 719
1868 2 2 9 8 1330 1614 1035
1869 2 2 9 8 602 679 678
1870 2 2 9 8 742 1533 682
1871 2 2 9 8 502 1237 504
1872 2 2 9 8 513 1277 514
1873 2 2 9 8 789 843 836
1874 2 2 9 8 494 495 493
1875 2 2 9 8 1281 1472 1227
1876 2 2 9 8 1068 1109 473
1877 2 2 9 8 73 1219 322
1878 2 2 9 8 691 1259 1003
1879 2 2 9 8 77 1293 76
1880 2 2 9 8 669 1539 666
1881 2 2 9 8 899 1666 900
1882 2 2 9 8 1158 1362 1120
1883 2 2 9 8 506 507 505
1884 2 2 9 8 874 1405 1123
1885 2 2 9 8 711 1242 747
1886 2 2 9 8 603 1479 573
1887 2 2 9 8 549 587 515
1888 2 2 9 8 1298 1501 427
1889 2 2 9 8 409 427 407
1890 2 2 9 8 1395 1588 1327
1891 2 2 9 8 39 1643 1144
1892 2 2 9 8 678 1371 575
1893 2 2 9 8 1114 1665 1113
1894 2 2 9 8 843 844 836
1895 2 2 9 8 511 1245 508
1896 2 2 9 8 539 540 535
1897 2 2 9 8 1021 1539 669
1898 2 2 9 8 719 1262 921
1899 2 2 9 8 1291 1554 776
1900 2 2 9 8 641 1228 637
1901 2 2 9 8 676 1587 1410
1902 2 2 9 8 609 610 608
1903 2 2 9 8 514 1277 517
1904 2 2 9 8 1147 1564 908
1905 2 2 9 8 411 1365 409
1906 2 2 9 8 76 1293 1220
1907 2 2 9 8 446 1565 434
1908 2 2 9 8 600 1252 601
1909 2 2 9 8 350 1563 1188
1910 2 2 9 8 1194 1296 1195
1911 2 2 9 8 1207 1216 190
1912 2 2 9 8 516 549 515
1913 2 2 9 8 516 1239 549
1914 2 2 9 8 335 909 244
1915 2 2 9 8 576 617 602
1916 2 2 9 8 748 958 735
1917 2 2 9 8 533 863 755
1918 2 2 9 8 1176 1476 345
1919 2 2 9 8 583 1277 1009
1920 2 2 9 8 863 1557 1146
1921 2 2 9 8 884 1115 708
1922 2 2 9 8 854 1398 1330
1923 2 2 9 8 1025 1417 1029
1924 2 2 9 8 588 857 656
1925 2 2 9 8 32 1251 31
1926 2 2 9 8 647 1228 641
1927 2 2 9 8 512 1286 511
1928 2 2 9 8 1134 1658 1516
1929 2 2 9 8 557 737 559
1930 2 2 9 8 697 1057 1056
1931 2 2 9 8 670 1257 646
1932 2 2 9 8 653 728 654
1933 2 2 9 8 1149 1240 523
1934 2 2 9 8 515 1286 512
1935 2 2 9 8 986 1660 1106
1936 2 2 9 8 500 544 502
1937 2 2 9 8 330 1244 1093
1938 2 2 9 8 413 448 411
1939 2 2 9 8 863 1206 755
1940 2 2 9 8 241 1569 1446
1941 2 2 9 8 517 583 519
1942 2 2 9 8 345 1476 85
1943 2 2 9 8 84 1476 312
1944 2 2 9 8 1628 1655 1471
1945 2 2 9 8 654 1318 752
1946 2 2 9 8 170 363 169
1947 2 2 9 8 507 1245 555
1948 2 2 9 8 303 395 394
1949 2 2 9 8 553 593 547
1950 2 2 9 8 405 457 403
1951 2 2 9 8 1197 1417 332
1952 2 2 9 8 601 1577 619
1953 2 2 9 8 1097 1489 1251
1954 2 2 9 8 805 1627 1084
1955 2 2 9 8 761 849 600
1956 2 2 9 8 1193 1314 1194
1957 2 2 9 8 1109 1522 473
1958 2 2 9 8 1074 1602 1075
1959 2 2 9 8 749 1456 478
1960 2 2 9 8 533 755 521
1961 2 2 9 8 583 609 608
1962 2 2 9 8 716 1235 717
1963 2 2 9 8 1166 1494 1168
1964 2 2 9 8 1160 1200 861
1965 2 2 9 8 561 565 563
1966 2 2 9 8 182 1382 1039
1967 2 2 9 8 942 1296 1279
1968 2 2 9 8 1185 1636 1383
1969 2 2 9 8 1097 1251 1250
1970 2 2 9 8 506 1161 509
1971 2 2 9 8 1200 1246 574
1972 2 2 9 8 1180 1491 308
1973 2 2 9 8 897 1666 899
1974 2 2 9 8 597 653 606
1975 2 2 9 8 907 1371 1225
1976 2 2 9 8 906 1217 763
1977 2 2 9 8 441 443 442
1978 2 2 9 8 28 1288 27
1979 2 2 9 8 1261 1382 374
1980 2 2 9 8 460 472 449
1981 2 2 9 8 861 1200 894
1982 2 2 9 8 611 612 610
1983 2 2 9 8 1172 1433 598
1984 2 2 9 8 794 1473 783
1985 2 2 9 8 1377 1446 888
1986 2 2 9 8 594 597 595
1987 2 2 9 8 857 1337 858
1988 2 2 9 8 231 1427 759
1989 2 2 9 8 461 1327 720
1990 2 2 9 8 154 1423 1368
1991 2 2 9 8 1352 1554 843
1992 2 2 9 8 624 856 626
1993 2 2 9 8 702 949 739
1994 2 2 9 8 549 588 587
1995 2 2 9 8 849 1252 600
1996 2 2 9 8 978 1528 1353
1997 2 2 9 8 391 1578 428
1998 2 2 9 8 31 301 30
1999 2 2 9 8 871 1257 670
2000 2 2 9 8 41 300 40
2001 2 2 9 8 482 749 478
2002 2 2 9 8 717 1235 725
2003 2 2 9 8 708 709 652
2004 2 2 9 8 158 1607 361
2005 2 2 9 8 714 1137 716
2006 2 2 9 8 1447 1646 297
2007 2 2 9 8 1252 1461 668
2008 2 2 9 8 613 624 612
2009 2 2 9 8 621 668 666
2010 2 2 9 8 306 1315 1308
2011 2 2 9 8 320 1563 234
2012 2 2 9 8 674 676 591
2013 2 2 9 8 657 875 660
2014 2 2 9 8 590 591 589
2015 2 2 9 8 1284 1542 285
2016 2 2 9 8 1388 1602 740
2017 2 2 9 8 155 1324 287
2018 2 2 9 8 732 1392 593
2019 2 2 9 8 541 1651 546
2020 2 2 9 8 587 1286 515
2021 2 2 9 8 614 615 613
2022 2 2 9 8 30 1289 29
2023 2 2 9 8 1115 1375 1043
2024 2 2 9 8 1 1549 229
2025 2 2 9 8 1274 1599 1071
2026 2 2 9 8 884 1375 1115
2027 2 2 9 8 1285 1478 1475
2028 2 2 9 8 189 1647 188
2029 2 2 9 8 299 1249 35
2030 2 2 9 8 36 1231 299
2031 2 2 9 8 42 1273 41
2032 2 2 9 8 767 1519 1082
2033 2 2 9 8 724 736 734
2034 2 2 9 8 724 1613 736
2035 2 2 9 8 542 878 540
2036 2 2 9 8 535 1275 532
2037 2 2 9 8 1157 1488 481
2038 2 2 9 8 1282 1593 1390
2039 2 2 9 8 310 1581 1359
2040 2 2 9 8 857 1453 1318
2041 2 2 9 8 1266 1517 895
2042 2 2 9 8 735 1412 723
2043 2 2 9 8 553 890 594
2044 2 2 9 8 799 1597 1556
2045 2 2 9 8 734 748 735
2046 2 2 9 8 444 1439 1123
2047 2 2 9 8 1259 1361 1003
2048 2 2 9 8 609 611 610
2049 2 2 9 8 1018 1284 1283
2050 2 2 9 8 722 724 723
2051 2 2 9 8 1378 1455 399
2052 2 2 9 8 391 428 392
2053 2 2 9 8 1133 1637 1369
2054 2 2 9 8 1436 1602 1388
2055 2 2 9 8 230 1549 1
2056 2 2 9 8 29 352 28
2057 2 2 9 8 541 546 542
2058 2 2 9 8 1187 1427 350
2059 2 2 9 8 1294 1497 1027
2060 2 2 9 8 350 1427 232
2061 2 2 9 8 1056 1361 1259
2062 2 2 9 8 724 734 723
2063 2 2 9 8 492 493 490
2064 2 2 9 8 78 1560 4
2065 2 2 9 8 382 758 383
2066 2 2 9 8 553 594 593
2067 2 2 9 8 1457 1482 1454
2068 2 2 9 8 372 376 373
2069 2 2 9 8 51 1305 50
2070 2 2 9 8 43 355 42
2071 2 2 9 8 831 1425 1017
2072 2 2 9 8 619 1612 579
2073 2 2 9 8 1340 1426 442
2074 2 2 9 8 616 726 615
2075 2 2 9 8 1135 1515 949
2076 2 2 9 8 725 1262 719
2077 2 2 9 8 1454 1458 1457
2078 2 2 9 8 875 1408 660
2079 2 2 9 8 688 1532 675
2080 2 2 9 8 1148 1512 565
2081 2 2 9 8 843 1554 1291
2082 2 2 9 8 711 747 712
2083 2 2 9 8 1503 1606 1124
2084 2 2 9 8 1431 1435 903
2085 2 2 9 8 459 1400 1395
2086 2 2 9 8 807 808 792
2087 2 2 9 8 17 1304 16
2088 2 2 9 8 20 1309 19
2089 2 2 9 8 754 1360 664
2090 2 2 9 8 566 584 573
2091 2 2 9 8 888 992 744
2092 2 2 9 8 54 1302 53
2093 2 2 9 8 1091 1510 1414
2094 2 2 9 8 4 1560 77
2095 2 2 9 8 837 1425 1066
2096 2 2 9 8 12 865 11
2097 2 2 9 8 450 1619 1379
2098 2 2 9 8 525 1240 536
2099 2 2 9 8 597 655 653
2100 2 2 9 8 13 1295 12
2101 2 2 9 8 722 723 721
2102 2 2 9 8 14 358 13
2103 2 2 9 8 363 1575 1065
2104 2 2 9 8 928 1416 926
2105 2 2 9 8 286 1207 191
2106 2 2 9 8 726 744 615
2107 2 2 9 8 567 1351 570
2108 2 2 9 8 457 1345 403
2109 2 2 9 8 44 1292 43
2110 2 2 9 8 1041 1331 354
2111 2 2 9 8 448 1365 411
2112 2 2 9 8 748 1006 958
2113 2 2 9 8 1188 1563 320
2114 2 2 9 8 171 1576 170
2115 2 2 9 8 821 1261 374
2116 2 2 9 8 728 1045 730
2117 2 2 9 8 34 1249 348
2118 2 2 9 8 648 956 702
2119 2 2 9 8 347 1231 37
2120 2 2 9 8 541 542 540
2121 2 2 9 8 696 1356 697
2122 2 2 9 8 785 791 775
2123 2 2 9 8 620 1577 601
2124 2 2 9 8 738 1356 696
2125 2 2 9 8 494 1354 495
2126 2 2 9 8 18 1311 17
2127 2 2 9 8 50 1315 49
2128 2 2 9 8 453 1411 1204
2129 2 2 9 8 1556 1591 799
2130 2 2 9 8 611 613 612
2131 2 2 9 8 1220 1319 351
2132 2 2 9 8 53 1303 52
2133 2 2 9 8 15 1297 14
2134 2 2 9 8 496 550 494
2135 2 2 9 8 664 1360 616
2136 2 2 9 8 577 1370 1338
2137 2 2 9 8 1501 1634 457
2138 2 2 9 8 578 761 600
2139 2 2 9 8 517 1277 583
2140 2 2 9 8 504 1237 1161
2141 2 2 9 8 21 1310 20
2142 2 2 9 8 856 1247 626
2143 2 2 9 8 579 1612 1421
2144 2 2 9 8 348 1250 33
2145 2 2 9 8 1000 1092 999
2146 2 2 9 8 720 722 721
2147 2 2 9 8 45 305 44
2148 2 2 9 8 667 1539 1403
2149 2 2 9 8 483 484 482
2150 2 2 9 8 1138 1356 738
2151 2 2 9 8 495 582 498
2152 2 2 9 8 929 930 928
2153 2 2 9 8 26 302 25
2154 2 2 9 8 46 1300 45
2155 2 2 9 8 57 357 56
2156 2 2 9 8 758 1389 1221
2157 2 2 9 8 1152 1288 1211
2158 2 2 9 8 798 841 803
2159 2 2 9 8 546 552 547
2160 2 2 9 8 55 316 54
2161 2 2 9 8 926 980 924
2162 2 2 9 8 16 318 15
2163 2 2 9 8 414 415 412
2164 2 2 9 8 712 1317 714
2165 2 2 9 8 618 1376 483
2166 2 2 9 8 872 1394 1301
2167 2 2 9 8 162 1406 283
2168 2 2 9 8 666 1649 621
2169 2 2 9 8 453 1204 455
2170 2 2 9 8 319 1135 69
2171 2 2 9 8 295 1382 182
2172 2 2 9 8 52 315 51
2173 2 2 9 8 47 359 46
2174 2 2 9 8 616 1360 726
2175 2 2 9 8 19 317 18
2176 2 2 9 8 532 1275 607
2177 2 2 9 8 353 1320 1043
2178 2 2 9 8 1631 1651 1060
2179 2 2 9 8 1146 1557 732
2180 2 2 9 8 557 1313 737
2181 2 2 9 8 434 435 431
2182 2 2 9 8 24 356 23
2183 2 2 9 8 927 1404 1059
2184 2 2 9 8 1202 1383 1191
2185 2 2 9 8 1218 1459 302
2186 2 2 9 8 164 1520 163
2187 2 2 9 8 551 589 550
2188 2 2 9 8 908 1402 1286
2189 2 2 9 8 1318 1337 857
2190 2 2 9 8 48 1307 47
2191 2 2 9 8 584 603 573
2192 2 2 9 8 711 712 491
2193 2 2 9 8 813 814 812
2194 2 2 9 8 23 1312 22
2195 2 2 9 8 1245 1313 555
2196 2 2 9 8 811 812 810
2197 2 2 9 8 356 1459 1218
2198 2 2 9 8 1133 1608 458
2199 2 2 9 8 840 1213 967
2200 2 2 9 8 386 1051 304
2201 2 2 9 8 137 1653 284
2202 2 2 9 8 39 1534 38
2203 2 2 9 8 461 462 460
2204 2 2 9 8 476 481 398
2205 2 2 9 8 49 306 48
2206 2 2 9 8 978 1353 974
2207 2 2 9 8 22 307 21
2208 2 2 9 8 809 810 808
2209 2 2 9 8 747 1317 712
2210 2 2 9 8 673 1408 703
2211 2 2 9 8 1211 1288 352
2212 2 2 9 8 483 1376 485
2213 2 2 9 8 895 1517 828
2214 2 2 9 8 800 1428 1102
2215 2 2 9 8 1404 1537 216
2216 2 2 9 8 921 1398 854
2217 2 2 9 8 726 888 744
2218 2 2 9 8 1250 1251 32
2219 2 2 9 8 1291 1600 1599
2220 2 2 9 8 1230 1447 297
2221 2 2 9 8 576 602 575
2222 2 2 9 8 468 1606 1031
2223 2 2 9 8 761 1321 849
2224 2 2 9 8 899 1087 690
2225 2 2 9 8 768 1418 1103
2226 2 2 9 8 382 383 380
2227 2 2 9 8 1045 1380 730
2228 2 2 9 8 1247 1415 628
2229 2 2 9 8 134 1657 365
2230 2 2 9 8 363 1230 1229
2231 2 2 9 8 1087 1432 1088
2232 2 2 9 8 909 1547 243
2233 2 2 9 8 396 399 394
2234 2 2 9 8 438 439 437
2235 2 2 9 8 375 821 374
2236 2 2 9 8 858 1337 1258
2237 2 2 9 8 584 648 603
2238 2 2 9 8 737 1326 559
2239 2 2 9 8 544 1237 502
2240 2 2 9 8 562 1573 560
2241 2 2 9 8 1491 1590 308
2242 2 2 9 8 91 1650 296
2243 2 2 9 8 977 1359 975
2244 2 2 9 8 312 1391 1189
2245 2 2 9 8 211 947 210
2246 2 2 9 8 1054 1527 1055
2247 2 2 9 8 1048 1659 1485
2248 2 2 9 8 1383 1636 898
2249 2 2 9 8 920 1071 801
2250 2 2 9 8 1314 1468 1194
2251 2 2 9 8 561 1326 565
2252 2 2 9 8 421 422 419
2253 2 2 9 8 827 893 826
2254 2 2 9 8 1312 1464 307
2255 2 2 9 8 555 1313 557
2256 2 2 9 8 783 1473 1079
2257 2 2 9 8 972 1634 1298
2258 2 2 9 8 815 817 814
2259 2 2 9 8 416 417 415
2260 2 2 9 8 869 870 754
2261 2 2 9 8 1051 1145 304
2262 2 2 9 8 648 702 603
2263 2 2 9 8 586 649 581
2264 2 2 9 8 868 1450 869
2265 2 2 9 8 836 1224 790
2266 2 2 9 8 423 424 422
2267 2 2 9 8 157 1498 156
2268 2 2 9 8 498 1336 500
2269 2 2 9 8 1531 1562 393
2270 2 2 9 8 1140 1477 513
2271 2 2 9 8 436 437 435
2272 2 2 9 8 440 441 439
2273 2 2 9 8 818 820 817
2274 2 2 9 8 552 553 547
2275 2 2 9 8 591 592 589
2276 2 2 9 8 1123 1439 1393
2277 2 2 9 8 543 1633 538
2278 2 2 9 8 374 1382 295
2279 2 2 9 8 1087 1088 686
2280 2 2 9 8 1028 1403 1023
2281 2 2 9 8 1104 1399 469
2282 2 2 9 8 953 955 954
2283 2 2 9 8 966 1615 1510
2284 2 2 9 8 825 826 820
2285 2 2 9 8 489 492 490
2286 2 2 9 8 540 1275 535
2287 2 2 9 8 546 547 542
2288 2 2 9 8 314 1254 913
2289 2 2 9 8 1209 1210 1208
2290 2 2 9 8 1261 1390 1040
2291 2 2 9 8 492 494 493
2292 2 2 9 8 1429 1623 672
2293 2 2 9 8 338 991 130
2294 2 2 9 8 40 1643 39
2295 2 2 9 8 955 1270 984
2296 2 2 9 8 956 1616 1380
2297 2 2 9 8 708 1115 709
2298 2 2 9 8 1123 1405 480
2299 2 2 9 8 455 575 454
2300 2 2 9 8 1126 1523 985
2301 2 2 9 8 375 829 822
2302 2 2 9 8 1327 1328 751
2303 2 2 9 8 1065 1575 321
2304 2 2 9 8 721 1610 462
2305 2 2 9 8 1368 1423 325
2306 2 2 9 8 987 1571 988
2307 2 2 9 8 428 452 429
2308 2 2 9 8 425 426 424
2309 2 2 9 8 660 1408 673
2310 2 2 9 8 946 1209 1208
2311 2 2 9 8 233 1563 350
2312 2 2 9 8 418 419 417
2313 2 2 9 8 576 1387 684
2314 2 2 9 8 379 1496 290
2315 2 2 9 8 902 1065 321
2316 2 2 9 8 841 879 842
2317 2 2 9 8 1155 1646 1154
2318 2 2 9 8 553 1372 890
2319 2 2 9 8 1015 1623 1016
2320 2 2 9 8 285 1542 175
2321 2 2 9 8 1572 1597 1080
2322 2 2 9 8 1122 1350 404
2323 2 2 9 8 150 1483 149
2324 2 2 9 8 1257 1586 698
2325 2 2 9 8 714 1317 1137
2326 2 2 9 8 489 490 488
2327 2 2 9 8 1356 1519 697
2328 2 2 9 8 824 834 833
2329 2 2 9 8 915 1465 1240
2330 2 2 9 8 974 975 973
2331 2 2 9 8 340 1407 1063
2332 2 2 9 8 946 1455 1209
2333 2 2 9 8 481 1430 398
2334 2 2 9 8 559 1326 561
2335 2 2 9 8 192 882 286
2336 2 2 9 8 1254 1632 913
2337 2 2 9 8 1496 1543 853
2338 2 2 9 8 1349 1453 588
2339 2 2 9 8 823 1299 830
2340 2 2 9 8 1064 1651 1631
2341 2 2 9 8 668 1461 745
2342 2 2 9 8 565 1329 563
2343 2 2 9 8 1400 1462 1395
2344 2 2 9 8 834 886 835
2345 2 2 9 8 878 1275 540
2346 2 2 9 8 1108 1424 993
2347 2 2 9 8 795 864 796
2348 2 2 9 8 1285 1475 447
2349 2 2 9 8 732 1420 1392
2350 2 2 9 8 389 391 390
2351 2 2 9 8 983 1546 1155
2352 2 2 9 8 1245 1402 1313
2353 2 2 9 8 1358 1566 445
2354 2 2 9 8 1206 1453 1349
2355 2 2 9 8 1432 1580 1033
2356 2 2 9 8 668 745 669
2357 2 2 9 8 758 1221 907
2358 2 2 9 8 1095 1538 1096
2359 2 2 9 8 976 977 975
2360 2 2 9 8 682 1533 762
2361 2 2 9 8 862 1422 859
2362 2 2 9 8 946 1208 1207
2363 2 2 9 8 1206 1349 755
2364 2 2 9 8 1539 1649 666
2365 2 2 9 8 782 793 783
2366 2 2 9 8 1298 1634 1501
2367 2 2 9 8 373 375 374
2368 2 2 9 8 970 1401 971
2369 2 2 9 8 455 576 575
2370 2 2 9 8 685 918 727
2371 2 2 9 8 896 1469 1314
2372 2 2 9 8 624 1348 856
2373 2 2 9 8 1232 1375 884
2374 2 2 9 8 570 1351 578
2375 2 2 9 8 31 1251 301
2376 2 2 9 8 563 1329 566
2377 2 2 9 8 387 389 388
2378 2 2 9 8 425 1441 426
2379 2 2 9 8 135 1581 310
2380 2 2 9 8 628 1415 630
2381 2 2 9 8 828 1299 823
2382 2 2 9 8 875 1463 1408
2383 2 2 9 8 1155 1546 1396
2384 2 2 9 8 314 913 209
2385 2 2 9 8 308 1590 1175
2386 2 2 9 8 720 721 462
2387 2 2 9 8 735 1413 1412
2388 2 2 9 8 232 1427 231
2389 2 2 9 8 793 795 794
2390 2 2 9 8 1012 1667 1013
2391 2 2 9 8 736 1338 734
2392 2 2 9 8 1043 1375 1086
2393 2 2 9 8 322 1364 72
2394 2 2 9 8 549 1349 588
2395 2 2 9 8 331 1322 100
2396 2 2 9 8 822 823 821
2397 2 2 9 8 1107 1265 622
2398 2 2 9 8 1380 1616 730
2399 2 2 9 8 652 1290 650
2400 2 2 9 8 716 1343 1235
2401 2 2 9 8 1239 1349 549
2402 2 2 9 8 294 1344 963
2403 2 2 9 8 779 782 781
2404 2 2 9 8 650 765 649
2405 2 2 9 8 657 876 875
2406 2 2 9 8 313 1524 1020
2407 2 2 9 8 1217 1256 1227
2408 2 2 9 8 833 895 828
2409 2 2 9 8 1005 1518 1320
2410 2 2 9 8 440 1460 1325
2411 2 2 9 8 613 1348 624
2412 2 2 9 8 1137 1343 716
2413 2 2 9 8 391 392 390
2414 2 2 9 8 824 828 823
2415 2 2 9 8 1321 1506 849
2416 2 2 9 8 684 922 685
2417 2 2 9 8 745 1012 746
2418 2 2 9 8 402 404 403
2419 2 2 9 8 1227 1472 763
2420 2 2 9 8 357 1466 1234
2421 2 2 9 8 1213 1214 967
2422 2 2 9 8 484 1393 482
2423 2 2 9 8 870 1360 754
2424 2 2 9 8 1265 1632 622
2425 2 2 9 8 1120 1388 647
2426 2 2 9 8 648 1561 956
2427 2 2 9 8 744 1348 615
2428 2 2 9 8 1033 1587 1432
2429 2 2 9 8 453 454 429
2430 2 2 9 8 769 1103 1102
2431 2 2 9 8 867 1429 677
2432 2 2 9 8 722 1521 724
2433 2 2 9 8 856 1333 1247
2434 2 2 9 8 1296 1468 1279
2435 2 2 9 8 919 1358 1357
2436 2 2 9 8 1111 1139 463
2437 2 2 9 8 844 1274 1223
2438 2 2 9 8 734 1338 748
2439 2 2 9 8 758 907 383
2440 2 2 9 8 25 1459 24
2441 2 2 9 8 566 1329 584
2442 2 2 9 8 1241 1641 864
2443 2 2 9 8 284 974 973
2444 2 2 9 8 59 881 58
2445 2 2 9 8 864 1366 796
2446 2 2 9 8 1412 1413 922
2447 2 2 9 8 58 1466 57
2448 2 2 9 8 413 449 448
2449 2 2 9 8 134 365 133
2450 2 2 9 8 890 1335 594
2451 2 2 9 8 1354 1355 582
2452 2 2 9 8 1117 1544 543
2453 2 2 9 8 974 976 975
2454 2 2 9 8 594 1335 597
2455 2 2 9 8 862 1491 1422
2456 2 2 9 8 630 1415 657
2457 2 2 9 8 829 1669 1434
2458 2 2 9 8 511 1402 1245
2459 2 2 9 8 985 1523 282
2460 2 2 9 8 1243 1488 916
2461 2 2 9 8 1240 1465 536
2462 2 2 9 8 749 1439 1438
2463 2 2 9 8 301 1289 30
2464 2 2 9 8 1221 1540 454
2465 2 2 9 8 1430 1488 1378
2466 2 2 9 8 495 1354 582
2467 2 2 9 8 965 1615 966
2468 2 2 9 8 396 1430 399
2469 2 2 9 8 1233 1492 357
2470 2 2 9 8 1499 1548 997
2471 2 2 9 8 316 1492 1233
2472 2 2 9 8 352 1288 28
2473 2 2 9 8 901 1636 1185
2474 2 2 9 8 903 1457 1431
2475 2 2 9 8 41 1273 300
2476 2 2 9 8 1064 1631 767
2477 2 2 9 8 581 1372 552
2478 2 2 9 8 1286 1402 511
2479 2 2 9 8 597 1335 655
2480 2 2 9 8 755 1349 1239
2481 2 2 9 8 703 1008 848
2482 2 2 9 8 459 461 460
2483 2 2 9 8 1212 1500 1213
2484 2 2 9 8 412 413 411
2485 2 2 9 8 424 451 422
2486 2 2 9 8 482 1393 749
2487 2 2 9 8 992 1490 744
2488 2 2 9 8 500 1336 544
2489 2 2 9 8 419 420 417
2490 2 2 9 8 410 412 411
2491 2 2 9 8 837 1542 1284
2492 2 2 9 8 1253 1443 1054
2493 2 2 9 8 229 1549 1264
2494 2 2 9 8 410 411 409
2495 2 2 9 8 843 1291 844
2496 2 2 9 8 927 929 928
2497 2 2 9 8 841 1347 879
2498 2 2 9 8 1215 1654 1067
2499 2 2 9 8 573 1479 1351
2500 2 2 9 8 832 1458 1454
2501 2 2 9 8 400 402 401
2502 2 2 9 8 408 410 409
2503 2 2 9 8 945 1562 1531
2504 2 2 9 8 428 429 392
2505 2 2 9 8 1271 1417 1025
2506 2 2 9 8 1225 1371 678
2507 2 2 9 8 550 1354 494
2508 2 2 9 8 1458 1565 446
2509 2 2 9 8 453 455 454
2510 2 2 9 8 408 409 407
2511 2 2 9 8 366 1484 1142
2512 2 2 9 8 1504 1505 370
2513 2 2 9 8 808 1435 792
2514 2 2 9 8 406 408 407
2515 2 2 9 8 440 1609 1460
2516 2 2 9 8 29 1289 352
2517 2 2 9 8 976 998 977
2518 2 2 9 8 289 1070 367
2519 2 2 9 8 894 1611 889
2520 2 2 9 8 454 1540 429
2521 2 2 9 8 240 1446 313
2522 2 2 9 8 773 1358 770
2523 2 2 9 8 871 1586 1257
2524 2 2 9 8 282 950 148
2525 2 2 9 8 402 403 401
2526 2 2 9 8 461 720 462
2527 2 2 9 8 647 1388 1228
2528 2 2 9 8 355 1273 42
2529 2 2 9 8 955 984 954
2530 2 2 9 8 1082 1519 1356
2531 2 2 9 8 481 1456 1157
2532 2 2 9 8 650 1290 765
2533 2 2 9 8 85 1476 84
2534 2 2 9 8 303 1474 395
2535 2 2 9 8 1279 1468 689
2536 2 2 9 8 1290 1334 765
2537 2 2 9 8 685 727 617
2538 2 2 9 8 615 1348 613
2539 2 2 9 8 452 453 429
2540 2 2 9 8 1408 1463 1008
2541 2 2 9 8 946 1207 286
2542 2 2 9 8 1105 1416 928
2543 2 2 9 8 959 1303 1302
2544 2 2 9 8 906 1598 1217
2545 2 2 9 8 962 1339 343
2546 2 2 9 8 995 1325 835
2547 2 2 9 8 404 405 403
2548 2 2 9 8 459 1395 461
2549 2 2 9 8 1398 1521 751
2550 2 2 9 8 578 1351 761
2551 2 2 9 8 1348 1490 856
2552 2 2 9 8 795 1285 864
2553 2 2 9 8 889 1611 1494
2554 2 2 9 8 404 406 405
2555 2 2 9 8 441 442 439
2556 2 2 9 8 360 1483 150
2557 2 2 9 8 552 1372 553
2558 2 2 9 8 392 1389 390
2559 2 2 9 8 1209 1243 1210
2560 2 2 9 8 56 1492 55
2561 2 2 9 8 1362 1436 1120
2562 2 2 9 8 1112 1585 1114
2563 2 2 9 8 291 1107 622
2564 2 2 9 8 839 1470 787
2565 2 2 9 8 406 407 405
2566 2 2 9 8 782 800 793
2567 2 2 9 8 413 459 449
2568 2 2 9 8 437 910 435
2569 2 2 9 8 1167 1491 862
2570 2 2 9 8 723 1412 721
2571 2 2 9 8 1151 1638 1006
2572 2 2 9 8 375 822 821
2573 2 2 9 8 709 1290 652
2574 2 2 9 8 1221 1371 907
2575 2 2 9 8 1329 1512 877
2576 2 2 9 8 1345 1346 991
2577 2 2 9 8 1308 1583 885
2578 2 2 9 8 748 1370 1006
2579 2 2 9 8 140 364 139
2580 2 2 9 8 726 1377 888
2581 2 2 9 8 283 951 162
2582 2 2 9 8 366 1529 246
2583 2 2 9 8 1113 1665 1218
2584 2 2 9 8 944 1433 1172
2585 2 2 9 8 1234 1467 1042
2586 2 2 9 8 775 1357 773
2587 2 2 9 8 925 1404 927
2588 2 2 9 8 776 1600 1291
2589 2 2 9 8 43 1292 355
2590 2 2 9 8 727 1226 617
2591 2 2 9 8 395 396 394
2592 2 2 9 8 474 1068 473
2593 2 2 9 8 971 1385 362
2594 2 2 9 8 889 1494 1166
2595 2 2 9 8 1068 1640 1639
2596 2 2 9 8 834 835 833
2597 2 2 9 8 1369 1608 1133
2598 2 2 9 8 582 1336 498
2599 2 2 9 8 580 1638 1151
2600 2 2 9 8 880 1368 1367
2601 2 2 9 8 1392 1420 878
2602 2 2 9 8 1097 1550 1489
2603 2 2 9 8 1066 1630 982
2604 2 2 9 8 1305 1315 50
2605 2 2 9 8 1014 1568 846
2606 2 2 9 8 881 1467 1234
2607 2 2 9 8 12 1295 865
2608 2 2 9 8 896 1592 1582
2609 2 2 9 8 1288 1530 27
2610 2 2 9 8 325 1423 1223
2611 2 2 9 8 886 995 835
2612 2 2 9 8 767 1631 1519
2613 2 2 9 8 459 460 449
2614 2 2 9 8 293 924 923
2615 2 2 9 8 333 1281 93
2616 2 2 9 8 359 1301 1300
2617 2 2 9 8 358 1295 13
2618 2 2 9 8 361 1498 157
2619 2 2 9 8 403 1345 401
2620 2 2 9 8 893 1089 826
2621 2 2 9 8 796 1366 798
2622 2 2 9 8 17 1311 1304
2623 2 2 9 8 994 1374 764
2624 2 2 9 8 395 397 396
2625 2 2 9 8 1302 1303 53
2626 2 2 9 8 380 763 379
2627 2 2 9 8 1204 1387 455
2628 2 2 9 8 20 1310 1309
2629 2 2 9 8 1234 1466 881
2630 2 2 9 8 1223 1224 836
2631 2 2 9 8 242 1644 241
2632 2 2 9 8 1379 1567 820
2633 2 2 9 8 315 1305 51
2634 2 2 9 8 14 1297 358
2635 2 2 9 8 822 824 823
2636 2 2 9 8 401 991 338
2637 2 2 9 8 1216 1647 189
2638 2 2 9 8 592 1442 589
2639 2 2 9 8 1218 1665 356
2640 2 2 9 8 387 388 386
2641 2 2 9 8 824 833 828
2642 2 2 9 8 703 1408 1008
2643 2 2 9 8 368 1560 78
2644 2 2 9 8 431 1441 425
2645 2 2 9 8 1327 1588 1328
2646 2 2 9 8 1159 1246 1160
2647 2 2 9 8 16 1304 318
2648 2 2 9 8 925 927 926
2649 2 2 9 8 472 1451 1204
2650 2 2 9 8 397 475 398
2651 2 2 9 8 305 1292 44
2652 2 2 9 8 880 1126 360
2653 2 2 9 8 316 1302 54
2654 2 2 9 8 817 832 814
2655 2 2 9 8 1338 1370 748
2656 2 2 9 8 19 1309 317
2657 2 2 9 8 655 1513 1316
2658 2 2 9 8 1357 1507 919
2659 2 2 9 8 757 905 904
2660 2 2 9 8 970 1514 1401
2661 2 2 9 8 997 1548 287
2662 2 2 9 8 1328 1398 751
2663 2 2 9 8 927 928 926
2664 2 2 9 8 607 1574 1278
2665 2 2 9 8 1309 1373 317
2666 2 2 9 8 336 1265 1107
2667 2 2 9 8 92 1281 892
2668 2 2 9 8 389 390 388
2669 2 2 9 8 384 1520 164
2670 2 2 9 8 792 1435 791
2671 2 2 9 8 401 1345 991
2672 2 2 9 8 1582 1592 898
2673 2 2 9 8 810 903 808
2674 2 2 9 8 984 1044 954
2675 2 2 9 8 1094 1550 1097
2676 2 2 9 8 896 1584 1469
2677 2 2 9 8 1167 1590 1491
2678 2 2 9 8 1264 1549 759
2679 2 2 9 8 1263 1526 868
2680 2 2 9 8 1367 1368 325
2681 2 2 9 8 196 1562 195
2682 2 2 9 8 318 1297 15
2683 2 2 9 8 293 925 924
2684 2 2 9 8 397 398 396
2685 2 2 9 8 460 1596 472
2686 2 2 9 8 317 1311 18
2687 2 2 9 8 844 1599 1274
2688 2 2 9 8 52 1303 315
2689 2 2 9 8 45 1300 305
2690 2 2 9 8 1316 1624 655
2691 2 2 9 8 676 1410 1409
2692 2 2 9 8 957 1473 887
2693 2 2 9 8 479 483 482
2694 2 2 9 8 49 1315 306
2695 2 2 9 8 588 1453 857
2696 2 2 9 8 315 1306 1305
2697 2 2 9 8 1246 1384 574
2698 2 2 9 8 321 1576 171
2699 2 2 9 8 217 1559 216
2700 2 2 9 8 359 1300 46
2701 2 2 9 8 404 1350 406
2702 2 2 9 8 622 757 756
2703 2 2 9 8 363 1229 169
2704 2 2 9 8 287 1324 997
2705 2 2 9 8 1336 1526 1263
2706 2 2 9 8 1135 1618 68
2707 2 2 9 8 657 1415 876
2708 2 2 9 8 307 1310 21
2709 2 2 9 8 909 1603 1547
2710 2 2 9 8 291 622 474
2711 2 2 9 8 1249 1538 348
2712 2 2 9 8 996 1557 863
2713 2 2 9 8 885 1583 1306
2714 2 2 9 8 399 1531 394
2715 2 2 9 8 1402 1564 1313
2716 2 2 9 8 879 1608 1369
2717 2 2 9 8 1217 1598 762
2718 2 2 9 8 47 1307 359
2719 2 2 9 8 302 1459 25
2720 2 2 9 8 475 477 476
2721 2 2 9 8 146 362 145
2722 2 2 9 8 356 1312 23
2723 2 2 9 8 949 1618 1135
2724 2 2 9 8 167 1605 340
2725 2 2 9 8 832 1619 1458
2726 2 2 9 8 565 1512 1329
2727 2 2 9 8 1550 1660 988
2728 2 2 9 8 24 1459 356
2729 2 2 9 8 725 1443 1262
2730 2 2 9 8 306 1307 48
2731 2 2 9 8 480 711 491
2732 2 2 9 8 22 1312 307
2733 2 2 9 8 284 973 136
2734 2 2 9 8 864 1641 1366
2735 2 2 9 8 974 1353 976
2736 2 2 9 8 27 1530 26
2737 2 2 9 8 475 476 398
2738 2 2 9 8 649 1372 581
2739 2 2 9 8 455 1387 576
2740 2 2 9 8 26 1530 302
2741 2 2 9 8 471 1578 391
2742 2 2 9 8 330 1580 1432
2743 2 2 9 8 798 1366 841
2744 2 2 9 8 1057 1631 1060
2745 2 2 9 8 791 1357 775
2746 2 2 9 8 925 926 924
2747 2 2 9 8 728 1624 1045
2748 2 2 9 8 925 1537 1404
2749 2 2 9 8 1194 1468 1296
2750 2 2 9 8 1354 1442 1355
2751 2 2 9 8 394 1531 393
2752 2 2 9 8 921 1521 1398
2753 2 2 9 8 463 1411 452
2754 2 2 9 8 1431 1507 1435
2755 2 2 9 8 479 482 478
2756 2 2 9 8 1279 1487 941
2757 2 2 9 8 503 1652 501
2758 2 2 9 8 477 479 478
2759 2 2 9 8 1040 1390 1041
2760 2 2 9 8 591 1409 592
2761 2 2 9 8 398 1430 396
2762 2 2 9 8 766 1664 1344
2763 2 2 9 8 1277 1477 1009
2764 2 2 9 8 377 381 378
2765 2 2 9 8 1519 1631 1057
2766 2 2 9 8 1325 1460 835
2767 2 2 9 8 1292 1414 355
2768 2 2 9 8 1011 1605 1010
2769 2 2 9 8 1169 1590 1167
2770 2 2 9 8 408 1637 410
2771 2 2 9 8 477 478 476
2772 2 2 9 8 744 1490 1348
2773 2 2 9 8 1157 1438 886
2774 2 2 9 8 399 1430 1378
2775 2 2 9 8 1615 1643 300
2776 2 2 9 8 1006 1638 958
2777 2 2 9 8 759 1549 230
2778 2 2 9 8 1045 1624 1316
2779 2 2 9 8 357 1492 56
2780 2 2 9 8 55 1492 316
2781 2 2 9 8 458 1641 1241
2782 2 2 9 8 451 1614 1330
2783 2 2 9 8 57 1466 357
2784 2 2 9 8 1068 1639 1109
2785 2 2 9 8 159 1607 158
2786 2 2 9 8 988 1660 986
2787 2 2 9 8 1209 1378 1243
2788 2 2 9 8 1027 1497 1271
2789 2 2 9 8 761 1479 1321
2790 2 2 9 8 1150 1610 922
2791 2 2 9 8 676 1409 591
2792 2 2 9 8 905 1440 904
2793 2 2 9 8 655 1624 653
2794 2 2 9 8 435 1441 431
2795 2 2 9 8 1297 1437 358
2796 2 2 9 8 1120 1436 1388
2797 2 2 9 8 945 1455 946
2798 2 2 9 8 1498 1663 156
2799 2 2 9 8 751 1521 722
2800 2 2 9 8 452 1411 453
2801 2 2 9 8 1438 1439 995
2802 2 2 9 8 1132 1634 972
2803 2 2 9 8 1331 1341 354
2804 2 2 9 8 234 1563 233
2805 2 2 9 8 949 1515 739
2806 2 2 9 8 757 904 756
2807 2 2 9 8 849 1461 1252
2808 2 2 9 8 1154 1646 1447
2809 2 2 9 8 592 1480 1450
2810 2 2 9 8 953 954 952
2811 2 2 9 8 413 1400 459
2812 2 2 9 8 730 1616 1073
2813 2 2 9 8 513 1477 1277
2814 2 2 9 8 702 1570 949
2815 2 2 9 8 903 1435 808
2816 2 2 9 8 697 1519 1057
2817 2 2 9 8 1152 1530 1288
2818 2 2 9 8 476 1456 481
2819 2 2 9 8 481 1488 1430
2820 2 2 9 8 167 340 166
2821 2 2 9 8 469 1399 1272
2822 2 2 9 8 875 1603 1463
2823 2 2 9 8 1432 1587 1088
2824 2 2 9 8 777 1428 779
2825 2 2 9 8 153 1368 880
2826 2 2 9 8 1357 1358 773
2827 2 2 9 8 1199 1617 1307
2828 2 2 9 8 1003 1544 871
2829 2 2 9 8 94 1543 333
2830 2 2 9 8 725 1527 1443
2831 2 2 9 8 684 685 617
2832 2 2 9 8 283 1406 1062
2833 2 2 9 8 1007 1260 1254
2834 2 2 9 8 475 1444 477
2835 2 2 9 8 1109 1639 1474
2836 2 2 9 8 289 1621 1620
2837 2 2 9 8 1160 1246 1200
2838 2 2 9 8 1503 1504 370
2839 2 2 9 8 294 962 961
2840 2 2 9 8 451 1452 422
2841 2 2 9 8 1403 1539 1021
2842 2 2 9 8 62 1445 353
2843 2 2 9 8 886 1438 995
2844 2 2 9 8 814 1454 812
2845 2 2 9 8 415 1400 412
2846 2 2 9 8 1409 1480 592
2847 2 2 9 8 292 1287 142
2848 2 2 9 8 1390 1593 1041
2849 2 2 9 8 400 401 338
2850 2 2 9 8 841 1366 1347
2851 2 2 9 8 589 1442 550
2852 2 2 9 8 763 1472 379
2853 2 2 9 8 846 1568 1287
2854 2 2 9 8 378 380 379
2855 2 2 9 8 341 1601 1528
2856 2 2 9 8 407 1501 405
2857 2 2 9 8 472 1596 1451
2858 2 2 9 8 333 1496 1472
2859 2 2 9 8 346 1647 372
2860 2 2 9 8 146 970 362
2861 2 2 9 8 38 1534 347
2862 2 2 9 8 1366 1641 1347
2863 2 2 9 8 447 1555 1285
2864 2 2 9 8 412 1400 413
2865 2 2 9 8 945 946 286
2866 2 2 9 8 622 1632 757
2867 2 2 9 8 847 1658 1134
2868 2 2 9 8 976 1448 998
2869 2 2 9 8 405 1501 457
2870 2 2 9 8 1293 1560 368
2871 2 2 9 8 1251 1489 301
2872 2 2 9 8 487 489 488
2873 2 2 9 8 1521 1613 724
2874 2 2 9 8 870 1524 1377
2875 2 2 9 8 550 1442 1354
2876 2 2 9 8 1235 1527 725
2877 2 2 9 8 1139 1411 463
2878 2 2 9 8 978 1653 1579
2879 2 2 9 8 1475 1478 800
2880 2 2 9 8 1071 1600 778
2881 2 2 9 8 963 1399 964
2882 2 2 9 8 1493 1634 1132
2883 2 2 9 8 622 756 474
2884 2 2 9 8 877 1561 648
2885 2 2 9 8 740 1668 633
2886 2 2 9 8 1262 1613 921
2887 2 2 9 8 192 286 191
2888 2 2 9 8 1290 1518 1334
2889 2 2 9 8 420 1462 417
2890 2 2 9 8 916 1669 1243
2891 2 2 9 8 908 1564 1402
2892 2 2 9 8 782 1428 800
2893 2 2 9 8 856 1490 1333
2894 2 2 9 8 881 1466 58
2895 2 2 9 8 462 1596 460
2896 2 2 9 8 963 964 962
2897 2 2 9 8 77 1560 1293
2898 2 2 9 8 1314 1592 896
2899 2 2 9 8 910 1441 435
2900 2 2 9 8 795 1478 1285
2901 2 2 9 8 779 1428 782
2902 2 2 9 8 372 1647 376
2903 2 2 9 8 1355 1526 582
2904 2 2 9 8 1401 1514 1509
2905 2 2 9 8 904 1444 756
2906 2 2 9 8 903 1482 1457
2907 2 2 9 8 1561 1616 956
2908 2 2 9 8 833 1460 895
2909 2 2 9 8 1331 1363 1332
2910 2 2 9 8 92 892 3
2911 2 2 9 8 665 1645 1525
2912 2 2 9 8 1525 1645 700
2913 2 2 9 8 893 1517 1089
2914 2 2 9 8 330 1432 1244
2915 2 2 9 8 422 1452 419
2916 2 2 9 8 582 1526 1336
2917 2 2 9 8 353 1445 1320
2918 2 2 9 8 457 1493 1345
2919 2 2 9 8 975 1581 973
2920 2 2 9 8 1395 1462 420
2921 2 2 9 8 1556 1597 990
2922 2 2 9 8 475 1640 1444
2923 2 2 9 8 952 1002 951
2924 2 2 9 8 982 1630 1604
2925 2 2 9 8 993 1635 1276
2926 2 2 9 8 956 1570 702
2927 2 2 9 8 895 1609 1266
2928 2 2 9 8 419 1452 420
2929 2 2 9 8 945 1531 1455
2930 2 2 9 8 1270 1535 984
2931 2 2 9 8 1041 1363 1331
2932 2 2 9 8 1204 1451 1387
2933 2 2 9 8 301 1571 1289
2934 2 2 9 8 1639 1640 397
2935 2 2 9 8 1353 1448 976
2936 2 2 9 8 1389 1540 1221
2937 2 2 9 8 1085 1268 1174
2938 2 2 9 8 287 1548 1449
2939 2 2 9 8 1225 1598 906
2940 2 2 9 8 1351 1479 761
2941 2 2 9 8 947 1007 314
2942 2 2 9 8 1193 1592 1314
2943 2 2 9 8 891 1384 1159
2944 2 2 9 8 1278 1574 1420
2945 2 2 9 8 1121 1655 1628
2946 2 2 9 8 417 1462 415
2947 2 2 9 8 424 1614 451
2948 2 2 9 8 480 1405 711
2949 2 2 9 8 1345 1493 1346
2950 2 2 9 8 832 1454 814
2951 2 2 9 8 1443 1527 1054
2952 2 2 9 8 1212 1213 840
2953 2 2 9 8 294 963 962
2954 2 2 9 8 429 1540 392
2955 2 2 9 8 1044 1648 954
2956 2 2 9 8 709 1518 1290
2957 2 2 9 8 653 1624 728
2958 2 2 9 8 1474 1639 395
2959 2 2 9 8 1007 1254 314
2960 2 2 9 8 1003 1633 1544
2961 2 2 9 8 964 1339 962
2962 2 2 9 8 1313 1564 737
2963 2 2 9 8 1315 1583 1308
2964 2 2 9 8 144 1386 143
2965 2 2 9 8 337 1551 1509
2966 2 2 9 8 1378 1488 1243
2967 2 2 9 8 432 1637 408
2968 2 2 9 8 959 1508 1303
2969 2 2 9 8 1544 1633 543
2970 2 2 9 8 400 1656 402
2971 2 2 9 8 1214 1471 324
2972 2 2 9 8 478 1456 476
2973 2 2 9 8 812 1482 810
2974 2 2 9 8 919 1507 1431
2975 2 2 9 8 359 1617 1301
2976 2 2 9 8 323 1495 1333
2977 2 2 9 8 237 1580 330
2978 2 2 9 8 888 1569 992
2979 2 2 9 8 1213 1500 160
2980 2 2 9 8 989 990 950
2981 2 2 9 8 1335 1659 655
2982 2 2 9 8 835 1460 833
2983 2 2 9 8 1469 1584 687
2984 2 2 9 8 469 1626 1104
2985 2 2 9 8 793 1478 795
2986 2 2 9 8 902 1066 1065
2987 2 2 9 8 963 1664 1399
2988 2 2 9 8 1425 1630 1066
2989 2 2 9 8 1424 1635 993
2990 2 2 9 8 287 912 155
2991 2 2 9 8 947 1419 1007
2992 2 2 9 8 1595 1638 580
2993 2 2 9 8 1509 1514 337
2994 2 2 9 8 1283 1593 1282
2995 2 2 9 8 800 1478 793
2996 2 2 9 8 1404 1559 1059
2997 2 2 9 8 1075 1602 1436
2998 2 2 9 8 300 1643 40
2999 2 2 9 8 470 1504 1503
3000 2 2 9 8 820 1567 817
3001 2 2 9 8 1275 1574 607
3002 2 2 9 8 1363 1593 1283
3003 2 2 9 8 297 1646 1552
3004 2 2 9 8 1489 1550 988
3005 2 2 9 8 395 1639 397
3006 2 2 9 8 1306 1583 1305
3007 2 2 9 8 378 379 290
3008 2 2 9 8 487 1269 489
3009 2 2 9 8 168 1552 1010
3010 2 2 9 8 315 1508 1306
3011 2 2 9 8 1359 1581 975
3012 2 2 9 8 876 1603 875
3013 2 2 9 8 361 1499 1498
3014 2 2 9 8 1498 1499 997
3015 2 2 9 8 882 945 286
3016 2 2 9 8 849 1506 1461
3017 2 2 9 8 2 1537 293
3018 2 2 9 8 1291 1599 844
3019 2 2 9 8 1396 1546 819
3020 2 2 9 8 397 1640 475
3021 2 2 9 8 1303 1508 315
3022 2 2 9 8 1361 1633 1003
3023 2 2 9 8 1450 1480 869
3024 2 2 9 8 1084 1523 1126
3025 2 2 9 8 817 1567 832
3026 2 2 9 8 214 1545 1419
3027 2 2 9 8 810 1482 903
3028 2 2 9 8 1298 1629 960
3029 2 2 9 8 988 1571 1489
3030 2 2 9 8 905 1511 1440
3031 2 2 9 8 392 1540 1389
3032 2 2 9 8 426 1614 424
3033 2 2 9 8 828 1622 1299
3034 2 2 9 8 415 1462 1400
3035 2 2 9 8 1320 1445 1005
3036 2 2 9 8 318 1516 1297
3037 2 2 9 8 1420 1574 878
3038 2 2 9 8 480 491 443
3039 2 2 9 8 1347 1608 879
3040 2 2 9 8 1431 1457 446
3041 2 2 9 8 1347 1641 458
3042 2 2 9 8 745 1667 1012
3043 2 2 9 8 1370 1573 1006
3044 2 2 9 8 1332 1553 176
3045 2 2 9 8 1297 1516 1437
3046 2 2 9 8 1041 1593 1363
3047 2 2 9 8 293 1537 925
3048 2 2 9 8 367 1536 107
3049 2 2 9 8 1454 1482 812
3050 2 2 9 8 1594 1595 580
3051 2 2 9 8 1412 1610 721
3052 2 2 9 8 1446 1569 888
3053 2 2 9 8 922 1610 1412
3054 2 2 9 8 1461 1667 745
3055 2 2 9 8 1528 1579 341
3056 2 2 9 8 919 1566 1358
3057 2 2 9 8 655 1659 1513
3058 2 2 9 8 1451 1596 1150
3059 2 2 9 8 878 1574 1275
3060 2 2 9 8 1489 1571 301
3061 2 2 9 8 791 1507 1357
3062 2 2 9 8 1435 1507 791
3063 2 2 9 8 1434 1669 916
3064 2 2 9 8 921 1613 1521
3065 2 2 9 8 400 1657 1656
3066 2 2 9 8 1379 1619 1567
3067 2 2 9 8 913 1632 1265
3068 2 2 9 8 289 1620 1070
3069 2 2 9 8 1287 1661 846
3070 2 2 9 8 1224 1423 154
3071 2 2 9 8 831 1630 1425
3072 2 2 9 8 1305 1583 1315
3073 2 2 9 8 882 1562 945
3074 2 2 9 8 1509 1551 957
3075 2 2 9 8 997 1663 1498
3076 2 2 9 8 427 1629 1298
3077 2 2 9 8 918 1595 1594
3078 2 2 9 8 1243 1669 1210
3079 2 2 9 8 1070 1536 367
3080 2 2 9 8 1541 1661 292
3081 2 2 9 8 1528 1601 1128
3082 2 2 9 8 1344 1664 963
3083 2 2 9 8 161 1628 1471
3084 2 2 9 8 727 1589 1226
3085 2 2 9 8 651 1635 1424
3086 2 2 9 8 1016 1623 1429
3087 2 2 9 8 978 1579 1528
3088 2 2 9 8 1081 1565 1458
3089 2 2 9 8 1114 1585 1464
3090 2 2 9 8 1226 1589 891
3091 2 2 9 8 1458 1619 1081
3092 2 2 9 8 1307 1617 359
3093 2 2 9 8 216 1559 1404
3094 2 2 9 8 989 1556 990
3095 2 2 9 8 181 354 180
3096 2 2 9 8 458 1608 1347
3097 2 2 9 8 893 1622 1517
3098 2 2 9 8 1449 1548 1069
3099 2 2 9 8 1223 1423 1224
3100 2 2 9 8 1452 1588 420
3101 2 2 9 8 160 1500 159
3102 2 2 9 8 1604 1630 831
3103 2 2 9 8 891 1589 1384
3104 2 2 9 8 1159 1384 1246
3105 2 2 9 8 1602 1668 740
3106 2 2 9 8 804 1591 1556
3107 2 2 9 8 292 1661 1287
3108 2 2 9 8 1031 1606 1503
3109 2 2 9 8 1455 1531 399
3110 2 2 9 8 1472 1496 379
3111 2 2 9 8 1599 1600 1071
3112 2 2 9 8 1401 1509 948
3113 2 2 9 8 323 1547 1495
3114 2 2 9 8 1567 1619 832
3115 2 2 9 8 457 1634 1493
3116 2 2 9 8 954 1648 952
3117 2 2 9 8 128 369 127
3118 2 2 9 8 487 488 486
3119 2 2 9 8 892 1650 3
3120 2 2 9 8 333 1543 1496
3121 2 2 9 8 369 370 339
3122 2 2 9 8 1506 1667 1461
3123 2 2 9 8 1440 1511 618
3124 2 2 9 8 1460 1609 895
3125 2 2 9 8 1578 1625 969
3126 2 2 9 8 376 1647 1216
3127 2 2 9 8 471 1625 1578
3128 2 2 9 8 120 294 119
3129 2 2 9 8 971 1541 1385
3130 2 2 9 8 952 1648 1002
3131 2 2 9 8 1073 1616 1561
3132 2 2 9 8 958 1638 1595
3133 2 2 9 8 1437 1516 914
3134 2 2 9 8 174 902 173
3135 2 2 9 8 1399 1664 1272
3136 2 2 9 8 1104 1626 1625
3137 2 2 9 8 1569 1644 992
3138 2 2 9 8 1222 1661 1541
3139 2 2 9 8 1074 1668 1602
3140 2 2 9 8 1656 1657 310
3141 2 2 9 8 241 1644 1569
3142 2 2 9 8 1013 1667 1506
3143 2 2 9 8 1625 1626 969
3144 2 2 9 8 369 1502 370
3145 2 2 9 8 98 853 97
3146 2 2 9 8 1385 1541 292
3147 2 2 9 8 1552 1646 1155
3148 2 2 9 8 1471 1655 324
3149 2 2 9 8 324 1655 1654
3150 2 2 9 8 184 371 183
3151 2 2 9 8 1200 1421 894
3152 2 2 9 8 153 880 152
3153 2 2 9 8 1516 1658 914
3154 2 2 9 8 112 289 111
3155 2 2 9 8 1600 1662 778
3156 2 2 9 8 346 372 371
3157 2 2 9 8 776 1662 1600
3158 2 2 9 8 894 1612 1611
3159 2 2 9 8 1421 1612 894
3160 2 2 9 8 1419 1545 923
3161 2 2 9 8 1654 1655 1121
3162 2 2 9 8 1611 1612 619
3163 2 2 9 8 3 1650 91
3164 2 2 9 8 113 1621 112
3165 2 2 9 8 121 1344 120
3166 2 2 9 8 135 1657 134
3167 2 2 9 8 142 1287 141
3168 2 2 9 8 148 950 147
3169 2 2 9 8 154 1368 153
3170 2 2 9 8 155 912 154
3171 2 2 9 8 161 1471 160
3172 2 2 9 8 160 1471 1214
3173 2 2 9 8 162 951 161
3174 2 2 9 8 168 1010 167
3175 2 2 9 8 169 1229 168
3176 2 2 9 8 176 1553 175
3177 2 2 9 8 182 1039 181
3178 2 2 9 8 5 881 59
3179 2 2 9 8 60 881 5
3180 2 2 9 8 11 865 6
3181 2 2 9 8 6 865 247
3182 2 2 9 8 96 1543 95
3183 2 2 9 8 97 853 96
3184 2 2 9 8 99 290 98
3185 2 2 9 8 290 853 98
3186 2 2 9 8 101 331 100
3187 2 2 9 8 103 331 102
3188 2 2 9 8 104 1323 103
3189 2 2 9 8 106 304 105
3190 2 2 9 8 108 367 107
3191 2 2 9 8 110 367 109
3192 2 2 9 8 111 289 110
3193 2 2 9 8 117 961 116
3194 2 2 9 8 116 961 343
3195 2 2 9 8 119 961 118
3196 2 2 9 8 766 1344 121
3197 2 2 9 8 125 339 124
3198 2 2 9 8 339 1505 124
3199 2 2 9 8 127 339 126
3200 2 2 9 8 129 288 128
3201 2 2 9 8 288 369 128
3202 2 2 9 8 130 991 129
3203 2 2 9 8 132 365 131
3204 2 2 9 8 136 973 135
3205 2 2 9 8 138 364 137
3206 2 2 9 8 141 341 140
3207 2 2 9 8 341 1579 140
3208 2 2 9 8 143 1386 1385
3209 2 2 9 8 147 1514 146
3210 2 2 9 8 146 1514 970
3211 2 2 9 8 147 1572 1514
3212 2 2 9 8 149 985 282
3213 2 2 9 8 152 360 151
3214 2 2 9 8 1500 1607 159
3215 2 2 9 8 166 384 165
3216 2 2 9 8 340 384 166
3217 2 2 9 8 173 321 172
3218 2 2 9 8 175 837 174
3219 2 2 9 8 837 902 174
3220 2 2 9 8 334 1332 177
3221 2 2 9 8 180 1341 179
3222 2 2 9 8 1341 1342 179
3223 2 2 9 8 183 371 295
3224 2 2 9 8 185 346 184
3225 2 2 9 8 187 346 186
3226 2 2 9 8 188 1647 187
3227 2 2 9 8 187 1647 346
3228 2 2 9 8 193 882 192
3229 2 2 9 8 195 882 194
3230 2 2 9 8 198 303 197
3231 2 2 9 8 199 329 198
3232 2 2 9 8 201 329 200
3233 2 2 9 8 202 329 201
3234 2 2 9 8 203 1522 202
3235 2 2 9 8 205 336 204
3236 2 2 9 8 207 336 206
3237 2 2 9 8 208 336 207
3238 2 2 9 8 209 913 208
3239 2 2 9 8 212 947 211
3240 2 2 9 8 213 1419 212
3241 2 2 9 8 290 1496 853
3242 2 2 9 8 1575 1576 321
3243 2 2 9 8 334 1342 1341
3244 2 2 9 8 1514 1572 337
3245 2 2 9 8 985 1483 360
3246 2 2 9 8 1385 1386 362
3247 2 2 9 8 1062 1520 384
3248 2 2 9 8 1582 1584 896
3249 2 2 7 17 1705 1674 1725
3250 2 2 7 17 278 1686 1724
3251 2 2 7 17 1685 1711 1719
3252 2 2 7 17 277 278 1685
3253 2 2 7 17 1685 278 1724
3254 2 2 7 17 1674 1705 1723
3255 2 2 7 17 1685 1719 1720
3256 2 2 7 17 1695 1697 1698
3257 2 2 7 17 275 1695 1738
3258 2 2 7 17 1695 1698 1699
3259 2 2 7 17 1675 1701 1726
3260 2 2 7 17 276 277 1736
3261 2 2 7 17 275 1729 1730
3262 2 2 7 17 275 276 1729
3263 2 2 7 17 1727 276 1736
3264 2 2 7 17 1701 1675 1737
3265 2 2 7 17 1732 1687 1742
3266 2 2 7 17 278 279 1732
3267 2 2 7 17 1704 1705 1725
3268 2 2 7 17 1711 1685 1724
3269 2 2 7 17 1695 275 1730
3270 2 2 7 17 1672 1699 1703
3271 2 2 7 17 1699 1698 1703
3272 2 2 7 17 1684 1720 1739
3273 2 2 7 17 1701 1702 1726
3274 2 2 7 17 1699 1672 1701
3275 2 2 7 17 1697 1695 1730
3276 2 2 7 17 276 1728 1729
3277 2 2 7 17 1718 1732 1742
3278 2 2 7 17 1695 1699 1700
3279 2 2 7 17 1693 1694 1728
3280 2 2 7 17 1701 1672 1702
3281 2 2 7 17 1694 1697 1729
3282 2 2 7 17 1687 279 1733
3283 2 2 7 17 1688 1693 1727
3284 2 2 7 17 1687 1706 1742
3285 2 2 7 17 1728 1694 1729
3286 2 2 7 17 1727 1693 1728
3287 2 2 7 17 1706 1687 1734
3288 2 2 7 17 1700 1699 1701
3289 2 2 7 17 279 1687 1732
3290 2 2 7 17 1737 1721 1738
3291 2 2 7 17 1672 269 1702
3292 2 2 7 17 269 270 1702
3293 2 2 7 17 267 268 1703
3294 2 2 7 17 1696 1673 1698
3295 2 2 7 17 1698 1673 1703
3296 2 2 7 17 1673 1696 1707
3297 2 2 7 17 268 1672 1703
3298 2 2 7 17 1673 267 1703
3299 2 2 7 17 1693 1692 1694
3300 2 2 7 17 1696 1692 1707
3301 2 2 7 17 1688 1681 1691
3302 2 2 7 17 263 264 1680
3303 2 2 7 17 1691 1692 1693
3304 2 2 7 17 1677 263 1680
3305 2 2 7 17 1681 1680 1691
3306 2 2 7 17 1677 1680 1681
3307 2 2 7 17 1688 1691 1693
3308 2 2 7 17 252 253 1704
3309 2 2 7 17 261 262 1708
3310 2 2 7 17 264 265 1678
3311 2 2 7 17 1694 1692 1696
3312 2 2 7 17 1692 1678 1707
3313 2 2 7 17 266 267 1673
3314 2 2 7 17 1680 1678 1691
3315 2 2 7 17 268 269 1672
3316 2 2 7 17 1678 265 1707
3317 2 2 7 17 1677 1681 1682
3318 2 2 7 17 255 256 1671
3319 2 2 7 17 264 1678 1680
3320 2 2 7 17 1694 1696 1697
3321 2 2 7 17 1691 1678 1692
3322 2 2 7 17 1682 1681 1683
3323 2 2 7 17 1677 1682 1708
3324 2 2 7 17 266 1673 1707
3325 2 2 7 17 1697 1696 1698
3326 2 2 7 17 1683 1681 1688
3327 2 2 7 17 1704 1670 1705
3328 2 2 7 17 1682 1683 1689
3329 2 2 7 17 1705 1670 1706
3330 2 2 7 17 1689 1683 1735
3331 2 2 7 17 1682 1689 1690
3332 2 2 7 17 1710 1679 1711
3333 2 2 7 17 262 1677 1708
3334 2 2 7 17 261 1708 1712
3335 2 2 7 17 253 1670 1704
3336 2 2 7 17 260 261 1712
3337 2 2 7 17 257 258 1679
3338 2 2 7 17 265 266 1707
3339 2 2 7 17 1682 1690 1708
3340 2 2 7 17 1708 1690 1712
3341 2 2 7 17 262 263 1677
3342 2 2 7 17 253 254 1670
3343 2 2 7 17 256 257 1709
3344 2 2 7 17 259 260 1676
3345 2 2 7 17 258 259 1714
3346 2 2 7 17 254 255 1715
3347 2 2 7 17 1712 1690 1713
3348 2 2 7 17 1676 1712 1713
3349 2 2 7 17 1709 1679 1710
3350 2 2 7 17 255 1671 1715
3351 2 2 7 17 1671 256 1709
3352 2 2 7 17 1717 1716 1718
3353 2 2 7 17 1706 1670 1715
3354 2 2 7 17 1676 260 1712
3355 2 2 7 17 1709 1710 1716
3356 2 2 7 17 1711 1679 1714
3357 2 2 7 17 257 1679 1709
3358 2 2 7 17 1679 258 1714
3359 2 2 7 17 1706 1715 1717
3360 2 2 7 17 1715 1671 1717
3361 2 2 7 17 1671 1709 1716
3362 2 2 7 17 259 1676 1714
3363 2 2 7 17 1719 1713 1720
3364 2 2 7 17 1670 254 1715
3365 2 2 7 17 1671 1716 1717
3366 2 2 7 17 1676 1713 1719
3367 2 2 7 17 1711 1714 1719
3368 2 2 7 17 1714 1676 1719
3369 2 2 7 17 1686 1718 1731
3370 2 2 7 17 277 1684 1735
3371 2 2 7 17 1729 1697 1730
3372 2 2 7 17 272 271 1721
3373 2 2 7 17 248 249 1722
3374 2 2 7 17 1723 1705 1734
3375 2 2 7 17 1718 1686 1732
3376 2 2 7 17 1710 1711 1724
3377 2 2 7 17 249 250 1674
3378 2 2 7 17 273 272 1675
3379 2 2 7 17 1675 1721 1737
3380 2 2 7 17 1683 1688 1736
3381 2 2 7 17 1722 1674 1723
3382 2 2 7 17 1718 1716 1731
3383 2 2 7 17 1675 272 1721
3384 2 2 7 17 249 1674 1722
3385 2 2 7 17 1710 1724 1731
3386 2 2 7 17 1688 1727 1736
3387 2 2 7 17 1689 1684 1739
3388 2 2 7 17 250 251 1725
3389 2 2 7 17 1720 1713 1739
3390 2 2 7 17 1690 1689 1739
3391 2 2 7 17 1706 1717 1742
3392 2 2 7 17 274 273 1726
3393 2 2 7 17 1735 1683 1736
3394 2 2 7 17 1674 250 1725
3395 2 2 7 17 273 1675 1726
3396 2 2 7 17 9 252 1740
3397 2 2 7 17 270 10 1741
3398 2 2 7 17 251 9 1740
3399 2 2 7 17 10 274 1741
3400 2 2 7 17 1716 1710 1731
3401 2 2 7 17 1705 1706 1734
3402 2 2 7 17 1700 1737 1738
3403 2 2 7 17 1700 1701 1737
3404 2 2 7 17 1702 270 1741
3405 2 2 7 17 252 1704 1740
3406 2 2 7 17 1713 1690 1739
3407 2 2 7 17 1717 1718 1742
3408 2 2 7 17 1722 1723 1733
3409 2 2 7 17 1704 1725 1740
3410 2 2 7 17 1726 1702 1741
3411 2 2 7 17 1725 251 1740
3412 2 2 7 17 274 1726 1741
3413 2 2 7 17 276 1727 1728
3414 2 2 7 17 279 8 1733
3415 2 2 7 17 271 7 1721
3416 2 2 7 17 7 275 1738
3417 2 2 7 17 1721 7 1738
3418 2 2 7 17 8 248 1733
3419 2 2 7 17 248 1722 1733
3420 2 2 7 17 1684 277 1720
3421 2 2 7 17 277 1685 1720
3422 2 2 7 17 277 1735 1736
3423 2 2 7 17 1686 278 1732
3424 2 2 7 17 1684 1689 1735
3425 2 2 7 17 1724 1686 1731
3426 2 2 7 17 1687 1733 1734
3427 2 2 7 17 1695 1700 1738
3428 2 2 7 17 1733 1723 1734
3429 2 2 8 19 197 198 1808
3430 2 2 8 19 190 191 1799
3431 2 2 8 19 1839 1838 1893
3432 2 2 8 19 1753 138 1904
3433 2 2 8 19 139 140 1904
3434 2 2 8 19 1861 1823 1903
3435 2 2 8 19 201 202 1922
3436 2 2 8 19 145 146 1901
3437 2 2 8 19 213 214 1903
3438 2 2 8 19 207 208 1918
3439 2 2 8 19 105 106 1767
3440 2 2 8 19 1820 253 1829
3441 2 2 8 19 160 161 1776
3442 2 2 8 19 1780 1745 1916
3443 2 2 8 19 1773 1834 1885
3444 2 2 8 19 1793 1794 1865
3445 2 2 8 19 1756 206 1918
3446 2 2 8 19 1746 97 1881
3447 2 2 8 19 1770 118 1863
3448 2 2 8 19 1748 192 1869
3449 2 2 8 19 98 99 1747
3450 2 2 8 19 130 1759 1790
3451 2 2 8 19 254 253 1820
3452 2 2 8 19 1850 1851 1891
3453 2 2 8 19 263 1852 1895
3454 2 2 8 19 1815 1829 1905
3455 2 2 8 19 1751 200 1922
3456 2 2 8 19 119 120 1863
3457 2 2 8 19 182 1782 1917
3458 2 2 8 19 111 112 1851
3459 2 2 8 19 106 107 1908
3460 2 2 8 19 136 1753 1812
3461 2 2 8 19 142 1749 1817
3462 2 2 8 19 99 100 1913
3463 2 2 8 19 1880 1778 1882
3464 2 2 8 19 1743 1853 1873
3465 2 2 8 19 141 142 1817
3466 2 2 8 19 265 1797 1845
3467 2 2 8 19 135 136 1812
3468 2 2 8 19 1763 1761 1858
3469 2 2 8 19 260 1826 1827
3470 2 2 8 19 93 1746 1843
3471 2 2 8 19 214 215 1771
3472 2 2 8 19 113 114 1779
3473 2 2 8 19 161 162 1873
3474 2 2 8 19 166 1787 1816
3475 2 2 8 19 263 262 1852
3476 2 2 8 19 262 1835 1852
3477 2 2 8 19 170 1788 1888
3478 2 2 8 19 1826 260 1849
3479 2 2 8 19 209 210 1822
3480 2 2 8 19 1829 253 1905
3481 2 2 8 19 146 147 1750
3482 2 2 8 19 203 204 1830
3483 2 2 8 19 191 1748 1799
3484 2 2 8 19 107 1785 1850
3485 2 2 8 19 154 155 1838
3486 2 2 8 19 1915 1780 1916
3487 2 2 8 19 252 9 1906
3488 2 2 8 19 1782 1874 1917
3489 2 2 8 19 1828 1839 1893
3490 2 2 8 19 1868 1748 1869
3491 2 2 8 19 198 1751 1808
3492 2 2 8 19 182 183 1765
3493 2 2 8 19 128 129 1764
3494 2 2 8 19 10 270 1921
3495 2 2 8 19 115 1770 1862
3496 2 2 8 19 2 281 1859
3497 2 2 8 19 1797 265 1848
3498 2 2 8 19 128 1880 1882
3499 2 2 8 19 1803 1889 1891
3500 2 2 8 19 1860 1861 1903
3501 2 2 8 19 208 209 1757
3502 2 2 8 19 168 169 1772
3503 2 2 8 19 140 141 1754
3504 2 2 8 19 1761 181 1917
3505 2 2 8 19 1848 264 1855
3506 2 2 8 19 210 1758 1822
3507 2 2 8 19 1852 1805 1895
3508 2 2 8 19 168 1772 1781
3509 2 2 8 19 134 135 1760
3510 2 2 8 19 1842 267 1870
3511 2 2 8 19 267 266 1840
3512 2 2 8 19 1773 1801 1834
3513 2 2 8 19 204 1756 1830
3514 2 2 8 19 1776 1836 1876
3515 2 2 8 19 1771 1860 1903
3516 2 2 8 19 121 122 1777
3517 2 2 8 19 1840 266 1892
3518 2 2 8 19 1833 1755 1864
3519 2 2 8 19 1833 169 1888
3520 2 2 8 19 280 1811 1844
3521 2 2 8 19 1796 1848 1855
3522 2 2 8 19 127 128 1882
3523 2 2 8 19 183 184 1886
3524 2 2 8 19 1766 113 1779
3525 2 2 8 19 1853 1787 1907
3526 2 2 8 19 123 1778 1896
3527 2 2 8 19 175 176 1762
3528 2 2 8 19 1849 1818 1901
3529 2 2 8 19 1768 103 1847
3530 2 2 8 19 267 1840 1870
3531 2 2 8 19 1745 153 1912
3532 2 2 8 19 189 190 1773
3533 2 2 8 19 120 1769 1863
3534 2 2 8 19 196 197 1775
3535 2 2 8 19 268 267 1842
3536 2 2 8 19 1797 1783 1845
3537 2 2 8 19 202 203 1752
3538 2 2 8 19 1764 129 1790
3539 2 2 8 19 1866 1825 1883
3540 2 2 8 19 136 137 1753
3541 2 2 8 19 114 115 1862
3542 2 2 8 19 1860 270 1861
3543 2 2 8 19 266 265 1845
3544 2 2 8 19 1798 147 1900
3545 2 2 8 19 1836 1828 1893
3546 2 2 8 19 1835 262 1867
3547 2 2 8 19 1810 1842 1870
3548 2 2 8 19 1819 1818 1849
3549 2 2 8 19 1794 1777 1865
3550 2 2 8 19 155 1744 1838
3551 2 2 8 19 1831 1866 1883
3552 2 2 8 19 260 259 1849
3553 2 2 8 19 1820 1829 1846
3554 2 2 8 19 169 170 1888
3555 2 2 8 19 1778 1880 1896
3556 2 2 8 19 257 256 1878
3557 2 2 8 19 112 1766 1851
3558 2 2 8 19 1889 254 1891
3559 2 2 8 19 171 172 1788
3560 2 2 8 19 186 187 1774
3561 2 2 8 19 184 185 1886
3562 2 2 8 19 164 165 1816
3563 2 2 8 19 193 194 1869
3564 2 2 8 19 124 125 1778
3565 2 2 8 19 126 127 1882
3566 2 2 8 19 116 117 1770
3567 2 2 8 19 150 151 1780
3568 2 2 8 19 185 186 1887
3569 2 2 8 19 142 143 1749
3570 2 2 8 19 1886 185 1887
3571 2 2 8 19 186 1774 1887
3572 2 2 8 19 1914 255 1919
3573 2 2 8 19 97 98 1881
3574 2 2 8 19 177 178 1763
3575 2 2 8 19 108 109 1785
3576 2 2 8 19 101 102 1768
3577 2 2 8 19 1834 1801 1892
3578 2 2 8 19 1769 121 1777
3579 2 2 8 19 196 1775 1868
3580 2 2 8 19 1775 1810 1868
3581 2 2 8 19 92 93 1811
3582 2 2 8 19 265 264 1848
3583 2 2 8 19 1784 1850 1891
3584 2 2 8 19 1745 1911 1916
3585 2 2 8 19 189 1773 1885
3586 2 2 8 19 256 255 1914
3587 2 2 8 19 1826 1849 1901
3588 2 2 8 19 270 1860 1921
3589 2 2 8 19 191 192 1748
3590 2 2 8 19 1779 114 1862
3591 2 2 8 19 1836 1835 1867
3592 2 2 8 19 130 131 1759
3593 2 2 8 19 1878 256 1879
3594 2 2 8 19 258 1857 1902
3595 2 2 8 19 1769 1795 1863
3596 2 2 8 19 94 95 1746
3597 2 2 8 19 1855 264 1877
3598 2 2 8 19 1804 1806 1895
3599 2 2 8 19 253 252 1905
3600 2 2 8 19 1781 1772 1804
3601 2 2 8 19 257 1854 1872
3602 2 2 8 19 160 1776 1876
3603 2 2 8 19 1851 1803 1891
3604 2 2 8 19 215 2 1859
3605 2 2 8 19 1834 1765 1837
3606 2 2 8 19 210 211 1758
3607 2 2 8 19 1844 1905 1906
3608 2 2 8 19 1787 1781 1907
3609 2 2 8 19 214 1771 1903
3610 2 2 8 19 1854 1871 1872
3611 2 2 8 19 1786 99 1913
3612 2 2 8 19 1794 1793 1879
3613 2 2 8 19 255 254 1889
3614 2 2 8 19 264 263 1877
3615 2 2 8 19 1772 169 1833
3616 2 2 8 19 1744 1876 1893
3617 2 2 8 19 259 258 1902
3618 2 2 8 19 104 105 1847
3619 2 2 8 19 1846 1786 1856
3620 2 2 8 19 258 257 1872
3621 2 2 8 19 1773 190 1799
3622 2 2 8 19 262 261 1867
3623 2 2 8 19 1775 197 1808
3624 2 2 8 19 261 260 1910
3625 2 2 8 19 1858 1762 1890
3626 2 2 8 19 1766 1779 1802
3627 2 2 8 19 204 205 1756
3628 2 2 8 19 1790 1791 1792
3629 2 2 8 19 270 269 1899
3630 2 2 8 19 1750 147 1798
3631 2 2 8 19 1861 270 1899
3632 2 2 8 19 198 199 1751
3633 2 2 8 19 1754 141 1817
3634 2 2 8 19 1764 1790 1792
3635 2 2 8 19 1900 148 1915
3636 2 2 8 19 269 268 1883
3637 2 2 8 19 1784 106 1908
3638 2 2 8 19 1832 1762 1858
3639 2 2 8 19 1795 1914 1919
3640 2 2 8 19 100 1768 1856
3641 2 2 8 19 1841 1798 1897
3642 2 2 8 19 182 1765 1782
3643 2 2 8 19 1911 1745 1912
3644 2 2 8 19 260 1827 1910
3645 2 2 8 19 1790 1759 1791
3646 2 2 8 19 1760 135 1812
3647 2 2 8 19 1762 176 1890
3648 2 2 8 19 1807 161 1873
3649 2 2 8 19 128 1764 1880
3650 2 2 8 19 1765 183 1837
3651 2 2 8 19 175 1762 1789
3652 2 2 8 19 1747 1821 1881
3653 2 2 8 19 1819 1849 1902
3654 2 2 8 19 1806 1772 1833
3655 2 2 8 19 1884 1774 1885
3656 2 2 8 19 1776 161 1807
3657 2 2 8 19 122 123 1896
3658 2 2 8 19 1799 1748 1800
3659 2 2 8 19 1800 1868 1870
3660 2 2 8 19 1799 1800 1801
3661 2 2 8 19 1779 1862 1920
3662 2 2 8 19 1747 99 1786
3663 2 2 8 19 162 163 1743
3664 2 2 8 19 1827 1841 1909
3665 2 2 8 19 1828 1836 1867
3666 2 2 8 19 1821 1843 1881
3667 2 2 8 19 1769 1777 1794
3668 2 2 8 19 1766 1803 1851
3669 2 2 8 19 1750 1826 1901
3670 2 2 8 19 1757 209 1822
3671 2 2 8 19 1827 1798 1841
3672 2 2 8 19 148 149 1915
3673 2 2 8 19 162 1743 1873
3674 2 2 8 19 134 1760 1898
3675 2 2 8 19 155 156 1744
3676 2 2 8 19 154 1839 1912
3677 2 2 8 19 1817 1749 1818
3678 2 2 8 19 98 1747 1881
3679 2 2 8 19 1781 1805 1907
3680 2 2 8 19 1868 1810 1870
3681 2 2 8 19 1812 1753 1813
3682 2 2 8 19 1789 1855 1864
3683 2 2 8 19 1757 1825 1918
3684 2 2 8 19 1754 1817 1819
3685 2 2 8 19 1773 1799 1801
3686 2 2 8 19 1806 1877 1895
3687 2 2 8 19 1764 1793 1880
3688 2 2 8 19 146 1750 1901
3689 2 2 8 19 1854 257 1878
3690 2 2 8 19 1832 1797 1848
3691 2 2 8 19 1837 183 1884
3692 2 2 8 19 268 1842 1923
3693 2 2 8 19 1812 1813 1814
3694 2 2 8 19 140 1754 1904
3695 2 2 8 19 1763 1858 1890
3696 2 2 8 19 1775 1808 1810
3697 2 2 8 19 1777 122 1896
3698 2 2 8 19 1808 1809 1810
3699 2 2 8 19 1830 1756 1866
3700 2 2 8 19 1767 106 1784
3701 2 2 8 19 1817 1818 1819
3702 2 2 8 19 1760 1812 1814
3703 2 2 8 19 1806 1855 1877
3704 2 2 8 19 1752 203 1830
3705 2 2 8 19 1757 1822 1824
3706 2 2 8 19 154 1838 1839
3707 2 2 8 19 281 10 1921
3708 2 2 8 19 9 280 1906
3709 2 2 8 19 1808 1751 1809
3710 2 2 8 19 1782 1797 1874
3711 2 2 8 19 1757 1824 1825
3712 2 2 8 19 1776 1835 1836
3713 2 2 8 19 1850 1785 1851
3714 2 2 8 19 1853 1807 1873
3715 2 2 8 19 1822 1823 1824
3716 2 2 8 19 266 1845 1892
3717 2 2 8 19 1862 1863 1920
3718 2 2 8 19 1767 1846 1847
3719 2 2 8 19 1822 1758 1823
3720 2 2 8 19 105 1767 1847
3721 2 2 8 19 1767 1820 1846
3722 2 2 8 19 1831 1830 1866
3723 2 2 8 19 1768 1847 1856
3724 2 2 8 19 1752 1830 1831
3725 2 2 8 19 1781 1804 1805
3726 2 2 8 19 1845 1834 1892
3727 2 2 8 19 176 1763 1890
3728 2 2 8 19 280 1844 1906
3729 2 2 8 19 1842 1894 1923
3730 2 2 8 19 208 1757 1918
3731 2 2 8 19 1783 1765 1834
3732 2 2 8 19 1792 1791 1854
3733 2 2 8 19 1769 1794 1795
3734 2 2 8 19 1802 1779 1920
3735 2 2 8 19 1804 1772 1806
3736 2 2 8 19 1859 281 1860
3737 2 2 8 19 1883 1825 1899
3738 2 2 8 19 1905 252 1906
3739 2 2 8 19 202 1752 1922
3740 2 2 8 19 1829 1786 1846
3741 2 2 8 19 1852 1807 1853
3742 2 2 8 19 1857 1875 1902
3743 2 2 8 19 1811 1843 1844
3744 2 2 8 19 1858 1761 1874
3745 2 2 8 19 1801 1800 1840
3746 2 2 8 19 1750 1798 1826
3747 2 2 8 19 1814 1813 1857
3748 2 2 8 19 1764 1792 1793
3749 2 2 8 19 1782 1765 1783
3750 2 2 8 19 1747 1786 1815
3751 2 2 8 19 1826 1798 1827
3752 2 2 8 19 1863 1795 1920
3753 2 2 8 19 1747 1815 1821
3754 2 2 8 19 1796 1762 1832
3755 2 2 8 19 1800 1748 1868
3756 2 2 8 19 1854 1791 1871
3757 2 2 8 19 1874 1761 1917
3758 2 2 8 19 1810 1809 1842
3759 2 2 8 19 1824 1823 1861
3760 2 2 8 19 1835 1807 1852
3761 2 2 8 19 1771 215 1859
3762 2 2 8 19 1789 1762 1796
3763 2 2 8 19 1766 1802 1803
3764 2 2 8 19 1776 1807 1835
3765 2 2 8 19 1849 259 1902
3766 2 2 8 19 1838 1744 1893
3767 2 2 8 19 1840 1800 1870
3768 2 2 8 19 1815 1786 1829
3769 2 2 8 19 1811 93 1843
3770 2 2 8 19 1839 1828 1909
3771 2 2 8 19 1767 1784 1820
3772 2 2 8 19 261 1828 1867
3773 2 2 8 19 1842 1809 1894
3774 2 2 8 19 1789 1796 1855
3775 2 2 8 19 107 1850 1908
3776 2 2 8 19 1825 1824 1899
3777 2 2 8 19 1897 1900 1915
3778 2 2 8 19 1828 261 1910
3779 2 2 8 19 1771 1859 1860
3780 2 2 8 19 152 153 1745
3781 2 2 8 19 1782 1783 1797
3782 2 2 8 19 1862 1770 1863
3783 2 2 8 19 1883 268 1923
3784 2 2 8 19 1857 1813 1875
3785 2 2 8 19 1805 1852 1853
3786 2 2 8 19 1806 1833 1864
3787 2 2 8 19 1843 1821 1844
3788 2 2 8 19 1827 1909 1910
3789 2 2 8 19 1844 1821 1905
3790 2 2 8 19 1821 1815 1905
3791 2 2 8 19 1823 1758 1903
3792 2 2 8 19 1783 1834 1845
3793 2 2 8 19 1797 1832 1874
3794 2 2 8 19 1803 1802 1889
3795 2 2 8 19 1793 1878 1879
3796 2 2 8 19 1860 281 1921
3797 2 2 8 19 100 1856 1913
3798 2 2 8 19 1796 1832 1848
3799 2 2 8 19 1857 258 1872
3800 2 2 8 19 255 1889 1919
3801 2 2 8 19 173 174 1755
3802 2 2 8 19 1793 1792 1878
3803 2 2 8 19 1818 1749 1901
3804 2 2 8 19 1791 1759 1898
3805 2 2 8 19 1805 1804 1895
3806 2 2 8 19 1866 1756 1918
3807 2 2 8 19 1855 1806 1864
3808 2 2 8 19 1911 1841 1916
3809 2 2 8 19 1824 1861 1899
3810 2 2 8 19 1813 1753 1904
3811 2 2 8 19 1814 1857 1872
3812 2 2 8 19 1801 1840 1892
3813 2 2 8 19 1875 1819 1902
3814 2 2 8 19 1871 1814 1872
3815 2 2 8 19 1760 1814 1871
3816 2 2 8 19 1754 1819 1875
3817 2 2 8 19 1820 1784 1891
3818 2 2 8 19 1839 1909 1911
3819 2 2 8 19 180 181 1761
3820 2 2 8 19 1877 263 1895
3821 2 2 8 19 1865 1777 1896
3822 2 2 8 19 1754 1875 1904
3823 2 2 8 19 1909 1841 1911
3824 2 2 8 19 1792 1854 1878
3825 2 2 8 19 1760 1871 1898
3826 2 2 8 19 1871 1791 1898
3827 2 2 8 19 1834 1837 1885
3828 2 2 8 19 1752 1831 1894
3829 2 2 8 19 1875 1813 1904
3830 2 2 8 19 1809 1751 1922
3831 2 2 8 19 1879 256 1914
3832 2 2 8 19 1795 1794 1914
3833 2 2 8 19 166 167 1787
3834 2 2 8 19 1793 1865 1880
3835 2 2 8 19 1880 1865 1896
3836 2 2 8 19 1794 1879 1914
3837 2 2 8 19 1889 1802 1919
3838 2 2 8 19 1837 1884 1885
3839 2 2 8 19 1825 1866 1918
3840 2 2 8 19 1839 1911 1912
3841 2 2 8 19 1831 1883 1923
3842 2 2 8 19 1919 1802 1920
3843 2 2 8 19 269 1883 1899
3844 2 2 8 19 1894 1809 1922
3845 2 2 8 19 1752 1894 1922
3846 2 2 8 19 1841 1897 1916
3847 2 2 8 19 1876 1836 1893
3848 2 2 8 19 1897 1798 1900
3849 2 2 8 19 1897 1915 1916
3850 2 2 8 19 1847 1846 1856
3851 2 2 8 19 1805 1853 1907
3852 2 2 8 19 1894 1831 1923
3853 2 2 8 19 1909 1828 1910
3854 2 2 8 19 1795 1919 1920
3855 2 2 8 19 1832 1858 1874
3856 2 2 8 19 1856 1786 1913
3857 2 2 8 19 1850 1784 1908
3858 2 2 8 19 147 148 1900
3859 2 2 8 19 153 154 1912
3860 2 2 8 19 181 182 1917
3861 2 2 8 19 3 92 1811
3862 2 2 8 19 280 3 1811
3863 2 2 8 19 93 94 1746
3864 2 2 8 19 95 96 1746
3865 2 2 8 19 96 97 1746
3866 2 2 8 19 100 101 1768
3867 2 2 8 19 102 103 1768
3868 2 2 8 19 103 104 1847
3869 2 2 8 19 107 108 1785
3870 2 2 8 19 109 110 1785
3871 2 2 8 19 110 111 1851
3872 2 2 8 19 1785 110 1851
3873 2 2 8 19 112 113 1766
3874 2 2 8 19 115 116 1770
3875 2 2 8 19 117 118 1770
3876 2 2 8 19 118 119 1863
3877 2 2 8 19 120 121 1769
3878 2 2 8 19 123 124 1778
3879 2 2 8 19 125 126 1778
3880 2 2 8 19 1778 126 1882
3881 2 2 8 19 129 130 1790
3882 2 2 8 19 131 132 1759
3883 2 2 8 19 132 133 1898
3884 2 2 8 19 1759 132 1898
3885 2 2 8 19 133 134 1898
3886 2 2 8 19 137 138 1753
3887 2 2 8 19 138 139 1904
3888 2 2 8 19 143 144 1749
3889 2 2 8 19 144 145 1901
3890 2 2 8 19 1749 144 1901
3891 2 2 8 19 149 150 1780
3892 2 2 8 19 149 1780 1915
3893 2 2 8 19 151 152 1780
3894 2 2 8 19 152 1745 1780
3895 2 2 8 19 156 157 1744
3896 2 2 8 19 157 158 1744
3897 2 2 8 19 158 159 1876
3898 2 2 8 19 1744 158 1876
3899 2 2 8 19 159 160 1876
3900 2 2 8 19 163 164 1816
3901 2 2 8 19 1743 163 1816
3902 2 2 8 19 165 166 1816
3903 2 2 8 19 167 168 1781
3904 2 2 8 19 167 1781 1787
3905 2 2 8 19 170 171 1788
3906 2 2 8 19 172 173 1788
3907 2 2 8 19 173 1755 1788
3908 2 2 8 19 174 175 1789
3909 2 2 8 19 1755 174 1789
3910 2 2 8 19 176 177 1763
3911 2 2 8 19 178 179 1763
3912 2 2 8 19 179 180 1761
3913 2 2 8 19 179 1761 1763
3914 2 2 8 19 1884 183 1886
3915 2 2 8 19 187 188 1774
3916 2 2 8 19 188 189 1885
3917 2 2 8 19 1774 188 1885
3918 2 2 8 19 192 193 1869
3919 2 2 8 19 194 195 1869
3920 2 2 8 19 195 196 1869
3921 2 2 8 19 196 1868 1869
3922 2 2 8 19 199 200 1751
3923 2 2 8 19 200 201 1922
3924 2 2 8 19 205 206 1756
3925 2 2 8 19 206 207 1918
3926 2 2 8 19 211 212 1758
3927 2 2 8 19 212 213 1903
3928 2 2 8 19 1758 212 1903
3929 2 2 8 19 254 1820 1891
3930 2 2 8 19 1787 1743 1816
3931 2 2 8 19 1743 1787 1853
3932 2 2 8 19 1843 1746 1881
3933 2 2 8 19 1788 1755 1888
3934 2 2 8 19 1755 1789 1864
3935 2 2 8 19 1755 1833 1888
3936 2 2 8 19 1774 1884 1887
3937 2 2 8 19 1884 1886 1887
$EndElements
