structure_id,doping_run_id,curve_tag,gate_v,drain_v,drain_current
L400T30,B1e17SD1e20,IDVG_VD0P05,-5.000000000000e-01,5.000000000000e-02,-7.345638260000e-13
L400T30,B1e17SD1e20,IDVG_VD0P05,-4.800000000000e-01,5.000000000000e-02,-6.296313730000e-13
L400T30,B1e17SD1e20,IDVG_VD0P05,-4.600000000000e-01,5.000000000000e-02,-2.614064670000e-13
L400T30,B1e17SD1e20,IDVG_VD0P05,-4.400000000000e-01,5.000000000000e-02,-2.695272560000e-13
L400T30,B1e17SD1e20,IDVG_VD0P05,-4.200000000000e-01,5.000000000000e-02,-9.295351690000e-13
L400T30,B1e17SD1e20,IDVG_VD0P05,-4.000000000000e-01,5.000000000000e-02,-7.979103220000e-13
L400T30,B1e17SD1e20,IDVG_VD0P05,-3.800000000000e-01,5.000000000000e-02,2.582099060000e-13
L400T30,B1e17SD1e20,IDVG_VD0P05,-3.600000000000e-01,5.000000000000e-02,-6.414326800000e-13
L400T30,B1e17SD1e20,IDVG_VD0P05,-3.400000000000e-01,5.000000000000e-02,-9.048922530000e-13
L400T30,B1e17SD1e20,IDVG_VD0P05,-3.200000000000e-01,5.000000000000e-02,5.641091500000e-13
L400T30,B1e17SD1e20,IDVG_VD0P05,-3.000000000000e-01,5.000000000000e-02,3.127379610000e-13
L400T30,B1e17SD1e20,IDVG_VD0P05,-2.800000000000e-01,5.000000000000e-02,-9.349117440000e-13
L400T30,B1e17SD1e20,IDVG_VD0P05,-2.600000000000e-01,5.000000000000e-02,8.676429900000e-13
L400T30,B1e17SD1e20,IDVG_VD0P05,-2.400000000000e-01,5.000000000000e-02,-5.341417410000e-13
L400T30,B1e17SD1e20,IDVG_VD0P05,-2.200000000000e-01,5.000000000000e-02,5.211771910000e-13
L400T30,B1e17SD1e20,IDVG_VD0P05,-2.000000000000e-01,5.000000000000e-02,5.464473160000e-13
L400T30,B1e17SD1e20,IDVG_VD0P05,-1.800000000000e-01,5.000000000000e-02,1.068896820000e-12
L400T30,B1e17SD1e20,IDVG_VD0P05,-1.600000000000e-01,5.000000000000e-02,6.183449380000e-13
L400T30,B1e17SD1e20,IDVG_VD0P05,-1.400000000000e-01,5.000000000000e-02,9.982571120000e-13
L400T30,B1e17SD1e20,IDVG_VD0P05,-1.200000000000e-01,5.000000000000e-02,-7.264667380000e-14
L400T30,B1e17SD1e20,IDVG_VD0P05,-1.000000000000e-01,5.000000000000e-02,1.619902210000e-12
L400T30,B1e17SD1e20,IDVG_VD0P05,-8.000000000000e-02,5.000000000000e-02,4.179389570000e-13
L400T30,B1e17SD1e20,IDVG_VD0P05,-6.000000000000e-02,5.000000000000e-02,2.121792530000e-12
L400T30,B1e17SD1e20,IDVG_VD0P05,-4.000000000000e-02,5.000000000000e-02,1.171760920000e-12
L400T30,B1e17SD1e20,IDVG_VD0P05,-2.000000000000e-02,5.000000000000e-02,1.821616500000e-12
L400T30,B1e17SD1e20,IDVG_VD0P05,1.734723480000e-16,5.000000000000e-02,6.416902160000e-13
L400T30,B1e17SD1e20,IDVG_VD0P05,2.000000000000e-02,5.000000000000e-02,1.999207600000e-12
L400T30,B1e17SD1e20,IDVG_VD0P05,4.000000000000e-02,5.000000000000e-02,2.344280450000e-12
L400T30,B1e17SD1e20,IDVG_VD0P05,6.000000000000e-02,5.000000000000e-02,4.299375390000e-12
L400T30,B1e17SD1e20,IDVG_VD0P05,8.000000000000e-02,5.000000000000e-02,3.850684830000e-12
L400T30,B1e17SD1e20,IDVG_VD0P05,1.000000000000e-01,5.000000000000e-02,7.948616760000e-12
L400T30,B1e17SD1e20,IDVG_VD0P05,1.200000000000e-01,5.000000000000e-02,9.736172390000e-12
L400T30,B1e17SD1e20,IDVG_VD0P05,1.400000000000e-01,5.000000000000e-02,1.284732690000e-11
L400T30,B1e17SD1e20,IDVG_VD0P05,1.600000000000e-01,5.000000000000e-02,1.758501040000e-11
L400T30,B1e17SD1e20,IDVG_VD0P05,1.800000000000e-01,5.000000000000e-02,2.385075150000e-11
L400T30,B1e17SD1e20,IDVG_VD0P05,2.000000000000e-01,5.000000000000e-02,3.322410350000e-11
L400T30,B1e17SD1e20,IDVG_VD0P05,2.200000000000e-01,5.000000000000e-02,4.592203630000e-11
L400T30,B1e17SD1e20,IDVG_VD0P05,2.400000000000e-01,5.000000000000e-02,6.408356210000e-11
L400T30,B1e17SD1e20,IDVG_VD0P05,2.600000000000e-01,5.000000000000e-02,9.136564510000e-11
L400T30,B1e17SD1e20,IDVG_VD0P05,2.800000000000e-01,5.000000000000e-02,1.278998160000e-10
L400T30,B1e17SD1e20,IDVG_VD0P05,3.000000000000e-01,5.000000000000e-02,1.799599850000e-10
L400T30,B1e17SD1e20,IDVG_VD0P05,3.200000000000e-01,5.000000000000e-02,2.530490160000e-10
L400T30,B1e17SD1e20,IDVG_VD0P05,3.400000000000e-01,5.000000000000e-02,3.574479140000e-10
L400T30,B1e17SD1e20,IDVG_VD0P05,3.600000000000e-01,5.000000000000e-02,5.059891970000e-10
L400T30,B1e17SD1e20,IDVG_VD0P05,3.800000000000e-01,5.000000000000e-02,7.164946670000e-10
L400T30,B1e17SD1e20,IDVG_VD0P05,4.000000000000e-01,5.000000000000e-02,1.016613570000e-09
L400T30,B1e17SD1e20,IDVG_VD0P05,4.200000000000e-01,5.000000000000e-02,1.447700090000e-09
L400T30,B1e17SD1e20,IDVG_VD0P05,4.400000000000e-01,5.000000000000e-02,2.061690880000e-09
L400T30,B1e17SD1e20,IDVG_VD0P05,4.600000000000e-01,5.000000000000e-02,2.944056020000e-09
L400T30,B1e17SD1e20,IDVG_VD0P05,4.800000000000e-01,5.000000000000e-02,4.208254970000e-09
L400T30,B1e17SD1e20,IDVG_VD0P05,5.000000000000e-01,5.000000000000e-02,6.029967300000e-09
L400T30,B1e17SD1e20,IDVG_VD0P05,5.200000000000e-01,5.000000000000e-02,8.650567060000e-09
L400T30,B1e17SD1e20,IDVG_VD0P05,5.400000000000e-01,5.000000000000e-02,1.243215360000e-08
L400T30,B1e17SD1e20,IDVG_VD0P05,5.600000000000e-01,5.000000000000e-02,1.788817730000e-08
L400T30,B1e17SD1e20,IDVG_VD0P05,5.800000000000e-01,5.000000000000e-02,2.577526320000e-08
L400T30,B1e17SD1e20,IDVG_VD0P05,6.000000000000e-01,5.000000000000e-02,3.719380530000e-08
L400T30,B1e17SD1e20,IDVG_VD0P05,6.200000000000e-01,5.000000000000e-02,5.374344840000e-08
L400T30,B1e17SD1e20,IDVG_VD0P05,6.400000000000e-01,5.000000000000e-02,7.775195680000e-08
L400T30,B1e17SD1e20,IDVG_VD0P05,6.600000000000e-01,5.000000000000e-02,1.126163100000e-07
L400T30,B1e17SD1e20,IDVG_VD0P05,6.800000000000e-01,5.000000000000e-02,1.633066720000e-07
L400T30,B1e17SD1e20,IDVG_VD0P05,7.000000000000e-01,5.000000000000e-02,2.370658310000e-07
L400T30,B1e17SD1e20,IDVG_VD0P05,7.200000000000e-01,5.000000000000e-02,3.444836360000e-07
L400T30,B1e17SD1e20,IDVG_VD0P05,7.400000000000e-01,5.000000000000e-02,5.010323750000e-07
L400T30,B1e17SD1e20,IDVG_VD0P05,7.600000000000e-01,5.000000000000e-02,7.293407220000e-07
L400T30,B1e17SD1e20,IDVG_VD0P05,7.800000000000e-01,5.000000000000e-02,1.062476060000e-06
L400T30,B1e17SD1e20,IDVG_VD0P05,8.000000000000e-01,5.000000000000e-02,1.548773040000e-06
L400T30,B1e17SD1e20,IDVG_VD0P05,8.200000000000e-01,5.000000000000e-02,2.258833620000e-06
L400T30,B1e17SD1e20,IDVG_VD0P05,8.400000000000e-01,5.000000000000e-02,3.295708360000e-06
L400T30,B1e17SD1e20,IDVG_VD0P05,8.600000000000e-01,5.000000000000e-02,4.809614550000e-06
L400T30,B1e17SD1e20,IDVG_VD0P05,8.800000000000e-01,5.000000000000e-02,7.019126320000e-06
L400T30,B1e17SD1e20,IDVG_VD0P05,9.000000000000e-01,5.000000000000e-02,1.024146080000e-05
L400T30,B1e17SD1e20,IDVG_VD0P05,9.200000000000e-01,5.000000000000e-02,1.493535810000e-05
L400T30,B1e17SD1e20,IDVG_VD0P05,9.400000000000e-01,5.000000000000e-02,2.176099660000e-05
L400T30,B1e17SD1e20,IDVG_VD0P05,9.600000000000e-01,5.000000000000e-02,3.166211310000e-05
L400T30,B1e17SD1e20,IDVG_VD0P05,9.800000000000e-01,5.000000000000e-02,4.597570260000e-05
L400T30,B1e17SD1e20,IDVG_VD0P05,1.000000000000e+00,5.000000000000e-02,6.657289460000e-05
L400T30,B1e17SD1e20,IDVG_VD0P05,1.020000000000e+00,5.000000000000e-02,9.602977460000e-05
L400T30,B1e17SD1e20,IDVG_VD0P05,1.040000000000e+00,5.000000000000e-02,1.378162320000e-04
L400T30,B1e17SD1e20,IDVG_VD0P05,1.060000000000e+00,5.000000000000e-02,1.964725940000e-04
L400T30,B1e17SD1e20,IDVG_VD0P05,1.080000000000e+00,5.000000000000e-02,2.777185070000e-04
L400T30,B1e17SD1e20,IDVG_VD0P05,1.100000000000e+00,5.000000000000e-02,3.884130320000e-04
L400T30,B1e17SD1e20,IDVG_VD0P05,1.120000000000e+00,5.000000000000e-02,5.362766090000e-04
L400T30,B1e17SD1e20,IDVG_VD0P05,1.140000000000e+00,5.000000000000e-02,7.293178920000e-04
L400T30,B1e17SD1e20,IDVG_VD0P05,1.160000000000e+00,5.000000000000e-02,9.749953400000e-04
L400T30,B1e17SD1e20,IDVG_VD0P05,1.180000000000e+00,5.000000000000e-02,1.279263800000e-03
L400T30,B1e17SD1e20,IDVG_VD0P05,1.200000000000e+00,5.000000000000e-02,1.645749080000e-03
L400T30,B1e17SD1e20,IDVG_VD0P05,1.220000000000e+00,5.000000000000e-02,2.075290040000e-03
L400T30,B1e17SD1e20,IDVG_VD0P05,1.240000000000e+00,5.000000000000e-02,2.565972190000e-03
L400T30,B1e17SD1e20,IDVG_VD0P05,1.260000000000e+00,5.000000000000e-02,3.113605560000e-03
L400T30,B1e17SD1e20,IDVG_VD0P05,1.280000000000e+00,5.000000000000e-02,3.712466270000e-03
L400T30,B1e17SD1e20,IDVG_VD0P05,1.300000000000e+00,5.000000000000e-02,4.356082900000e-03
L400T30,B1e17SD1e20,IDVG_VD0P05,1.320000000000e+00,5.000000000000e-02,5.037900170000e-03
L400T30,B1e17SD1e20,IDVG_VD0P05,1.340000000000e+00,5.000000000000e-02,5.751741710000e-03
L400T30,B1e17SD1e20,IDVG_VD0P05,1.360000000000e+00,5.000000000000e-02,6.492071240000e-03
L400T30,B1e17SD1e20,IDVG_VD0P05,1.380000000000e+00,5.000000000000e-02,7.254094890000e-03
L400T30,B1e17SD1e20,IDVG_VD0P05,1.400000000000e+00,5.000000000000e-02,8.033758380000e-03
L400T30,B1e17SD1e20,IDVG_VD0P05,1.420000000000e+00,5.000000000000e-02,8.827685830000e-03
L400T30,B1e17SD1e20,IDVG_VD0P05,1.440000000000e+00,5.000000000000e-02,9.633093350000e-03
L400T30,B1e17SD1e20,IDVG_VD0P05,1.460000000000e+00,5.000000000000e-02,1.044769750000e-02
L400T30,B1e17SD1e20,IDVG_VD0P05,1.480000000000e+00,5.000000000000e-02,1.126963000000e-02
L400T30,B1e17SD1e20,IDVG_VD0P05,1.500000000000e+00,5.000000000000e-02,1.209736210000e-02
L400T30,B1e17SD1e20,IDVG_VD1P5,-5.000000000000e-01,1.500000000000e+00,1.020927680000e-11
L400T30,B1e17SD1e20,IDVG_VD1P5,-4.800000000000e-01,1.500000000000e+00,1.253072290000e-11
L400T30,B1e17SD1e20,IDVG_VD1P5,-4.600000000000e-01,1.500000000000e+00,1.033078070000e-11
L400T30,B1e17SD1e20,IDVG_VD1P5,-4.400000000000e-01,1.500000000000e+00,2.436715050000e-12
L400T30,B1e17SD1e20,IDVG_VD1P5,-4.200000000000e-01,1.500000000000e+00,1.199923690000e-11
L400T30,B1e17SD1e20,IDVG_VD1P5,-4.000000000000e-01,1.500000000000e+00,6.724490020000e-12
L400T30,B1e17SD1e20,IDVG_VD1P5,-3.800000000000e-01,1.500000000000e+00,1.975511400000e-11
L400T30,B1e17SD1e20,IDVG_VD1P5,-3.600000000000e-01,1.500000000000e+00,1.452170850000e-11
L400T30,B1e17SD1e20,IDVG_VD1P5,-3.400000000000e-01,1.500000000000e+00,1.658608450000e-11
L400T30,B1e17SD1e20,IDVG_VD1P5,-3.200000000000e-01,1.500000000000e+00,8.565142290000e-12
L400T30,B1e17SD1e20,IDVG_VD1P5,-3.000000000000e-01,1.500000000000e+00,1.739173610000e-11
L400T30,B1e17SD1e20,IDVG_VD1P5,-2.800000000000e-01,1.500000000000e+00,1.712681110000e-11
L400T30,B1e17SD1e20,IDVG_VD1P5,-2.700000000000e-01,1.500000000000e+00,1.377009930000e-11
L400T30,B1e17SD1e20,IDVG_VD1P5,-2.650000000000e-01,1.500000000000e+00,1.555065720000e-11
L400T30,B1e17SD1e20,IDVG_VD1P5,-2.600000000000e-01,1.500000000000e+00,9.427863620000e-12
L400T30,B1e17SD1e20,IDVG_VD1P5,-2.550000000000e-01,1.500000000000e+00,1.333093800000e-11
L400T30,B1e17SD1e20,IDVG_VD1P5,-2.500000000000e-01,1.500000000000e+00,5.298383250000e-12
L400T30,B1e17SD1e20,IDVG_VD1P5,-2.475000000000e-01,1.500000000000e+00,1.325864030000e-11
L400T30,B1e17SD1e20,IDVG_VD1P5,-2.450000000000e-01,1.500000000000e+00,1.606796180000e-11
L400T30,B1e17SD1e20,IDVG_VD1P5,-2.425000000000e-01,1.500000000000e+00,5.758857340000e-12
L400T30,B1e17SD1e20,IDVG_VD1P5,-2.400000000000e-01,1.500000000000e+00,1.110771300000e-11
L400T30,B1e17SD1e20,IDVG_VD1P5,-2.375000000000e-01,1.500000000000e+00,5.962404120000e-12
L400T30,B1e17SD1e20,IDVG_VD1P5,-2.350000000000e-01,1.500000000000e+00,1.435882160000e-11
L400T30,B1e17SD1e20,IDVG_VD1P5,-2.325000000000e-01,1.500000000000e+00,1.941304510000e-11
L400T30,B1e17SD1e20,IDVG_VD1P5,-2.300000000000e-01,1.500000000000e+00,2.051454670000e-11
L400T30,B1e17SD1e20,IDVG_VD1P5,-2.275000000000e-01,1.500000000000e+00,1.109867340000e-11
L400T30,B1e17SD1e20,IDVG_VD1P5,-2.250000000000e-01,1.500000000000e+00,1.647485020000e-11
L400T30,B1e17SD1e20,IDVG_VD1P5,-2.225000000000e-01,1.500000000000e+00,1.207545520000e-11
L400T30,B1e17SD1e20,IDVG_VD1P5,-2.200000000000e-01,1.500000000000e+00,1.076809170000e-11
L400T30,B1e17SD1e20,IDVG_VD1P5,-2.175000000000e-01,1.500000000000e+00,8.335082690000e-12
L400T30,B1e17SD1e20,IDVG_VD1P5,-2.150000000000e-01,1.500000000000e+00,3.657895800000e-12
L400T30,B1e17SD1e20,IDVG_VD1P5,-2.125000000000e-01,1.500000000000e+00,1.719728990000e-11
L400T30,B1e17SD1e20,IDVG_VD1P5,-2.112500000000e-01,1.500000000000e+00,1.114796690000e-11
L400T30,B1e17SD1e20,IDVG_VD1P5,-2.106250000000e-01,1.500000000000e+00,8.522057760000e-12
L400T30,B1e17SD1e20,IDVG_VD1P5,-2.103125000000e-01,1.500000000000e+00,1.675245250000e-11
L400T30,B1e17SD1e20,IDVG_VD1P5,-2.100000000000e-01,1.500000000000e+00,1.321705220000e-11
L400T30,B1e17SD1e20,IDVG_VD1P5,-2.096875000000e-01,1.500000000000e+00,4.806488970000e-12
L400T30,B1e17SD1e20,IDVG_VD1P5,-2.093750000000e-01,1.500000000000e+00,5.546484020000e-12
L400T30,B1e17SD1e20,IDVG_VD1P5,-2.090625000000e-01,1.500000000000e+00,5.548449050000e-12
L400T30,B1e17SD1e20,IDVG_VD1P5,-2.087500000000e-01,1.500000000000e+00,1.038604000000e-11
L400T30,B1e17SD1e20,IDVG_VD1P5,-2.084375000000e-01,1.500000000000e+00,9.997604670000e-12
L400T30,B1e17SD1e20,IDVG_VD1P5,-2.081250000000e-01,1.500000000000e+00,1.050425340000e-11
L400T30,B1e17SD1e20,IDVG_VD1P5,-2.078125000000e-01,1.500000000000e+00,1.394513300000e-11
L400T30,B1e17SD1e20,IDVG_VD1P5,-2.075000000000e-01,1.500000000000e+00,9.132555010000e-12
L400T30,B1e17SD1e20,IDVG_VD1P5,-2.071875000000e-01,1.500000000000e+00,6.697419430000e-12
L400T30,B1e17SD1e20,IDVG_VD1P5,-2.068750000000e-01,1.500000000000e+00,6.010318510000e-12
L400T30,B1e17SD1e20,IDVG_VD1P5,-2.065625000000e-01,1.500000000000e+00,7.874801000000e-12
L400T30,B1e17SD1e20,IDVG_VD1P5,-2.062500000000e-01,1.500000000000e+00,1.219901680000e-11
L400T30,B1e17SD1e20,IDVG_VD1P5,-2.059375000000e-01,1.500000000000e+00,8.946061230000e-12
L400T30,B1e17SD1e20,IDVG_VD1P5,-2.056250000000e-01,1.500000000000e+00,9.058070290000e-12
L400T30,B1e17SD1e20,IDVG_VD1P5,-2.053125000000e-01,1.500000000000e+00,5.470638600000e-12
L400T30,B1e17SD1e20,IDVG_VD1P5,-2.050000000000e-01,1.500000000000e+00,1.038044740000e-11
L400T30,B1e17SD1e20,IDVG_VD1P5,-2.046875000000e-01,1.500000000000e+00,1.058616780000e-11
L400T30,B1e17SD1e20,IDVG_VD1P5,-2.043750000000e-01,1.500000000000e+00,8.354881470000e-12
L400T30,B1e17SD1e20,IDVG_VD1P5,-2.040625000000e-01,1.500000000000e+00,1.121534300000e-11
L400T30,B1e17SD1e20,IDVG_VD1P5,-2.037500000000e-01,1.500000000000e+00,5.702017520000e-12
L400T30,B1e17SD1e20,IDVG_VD1P5,-2.034375000000e-01,1.500000000000e+00,1.488476530000e-11
L400T30,B1e17SD1e20,IDVG_VD1P5,-2.031250000000e-01,1.500000000000e+00,7.648348030000e-12
L400T30,B1e17SD1e20,IDVG_VD1P5,-2.028125000000e-01,1.500000000000e+00,1.411793340000e-11
L400T30,B1e17SD1e20,IDVG_VD1P5,-2.025000000000e-01,1.500000000000e+00,8.277027800000e-12
L400T30,B1e17SD1e20,IDVG_VD1P5,-2.021875000000e-01,1.500000000000e+00,1.064428220000e-11
L400T30,B1e17SD1e20,IDVG_VD1P5,-2.018750000000e-01,1.500000000000e+00,1.576364780000e-11
L400T30,B1e17SD1e20,IDVG_VD1P5,-2.015625000000e-01,1.500000000000e+00,1.645347200000e-11
L400T30,B1e17SD1e20,IDVG_VD1P5,-2.012500000000e-01,1.500000000000e+00,1.224842130000e-11
L400T30,B1e17SD1e20,IDVG_VD1P5,-2.009375000000e-01,1.500000000000e+00,9.344975800000e-12
L400T30,B1e17SD1e20,IDVG_VD1P5,-2.006250000000e-01,1.500000000000e+00,1.400474110000e-11
L400T30,B1e17SD1e20,IDVG_VD1P5,-2.003125000000e-01,1.500000000000e+00,1.086283250000e-11
L400T30,B1e17SD1e20,IDVG_VD1P5,-2.000000000000e-01,1.500000000000e+00,1.181634390000e-11
L400T30,B1e17SD1e20,IDVG_VD1P5,-1.996875000000e-01,1.500000000000e+00,1.170943880000e-11
L400T30,B1e17SD1e20,IDVG_VD1P5,-1.993750000000e-01,1.500000000000e+00,1.706984210000e-11
L400T30,B1e17SD1e20,IDVG_VD1P5,-1.990625000000e-01,1.500000000000e+00,1.512118190000e-11
L400T30,B1e17SD1e20,IDVG_VD1P5,-1.987500000000e-01,1.500000000000e+00,8.360813150000e-12
L400T30,B1e17SD1e20,IDVG_VD1P5,-1.984375000000e-01,1.500000000000e+00,1.450143440000e-11
L400T30,B1e17SD1e20,IDVG_VD1P5,-1.981250000000e-01,1.500000000000e+00,8.615322890000e-12
L400T30,B1e17SD1e20,IDVG_VD1P5,-1.978125000000e-01,1.500000000000e+00,1.624973720000e-11
L400T30,B1e17SD1e20,IDVG_VD1P5,-1.975000000000e-01,1.500000000000e+00,9.398763240000e-12
L400T30,B1e17SD1e20,IDVG_VD1P5,-1.971875000000e-01,1.500000000000e+00,1.464654700000e-11
L400T30,B1e17SD1e20,IDVG_VD1P5,-1.970312500000e-01,1.500000000000e+00,1.240418290000e-11
L400T30,B1e17SD1e20,IDVG_VD1P5,-1.968750000000e-01,1.500000000000e+00,1.805440340000e-12
L400T30,B1e17SD1e20,IDVG_VD1P5,-1.967187500000e-01,1.500000000000e+00,1.126922950000e-11
L400T30,B1e17SD1e20,IDVG_VD1P5,-1.965625000000e-01,1.500000000000e+00,1.684458380000e-11
L400T30,B1e17SD1e20,IDVG_VD1P5,-1.964062500000e-01,1.500000000000e+00,1.659193360000e-11
L400T30,B1e17SD1e20,IDVG_VD1P5,-1.962500000000e-01,1.500000000000e+00,9.023461210000e-12
L400T30,B1e17SD1e20,IDVG_VD1P5,-1.960937500000e-01,1.500000000000e+00,1.619608140000e-11
L400T30,B1e17SD1e20,IDVG_VD1P5,-1.959375000000e-01,1.500000000000e+00,1.096081050000e-11
L400T30,B1e17SD1e20,IDVG_VD1P5,-1.957812500000e-01,1.500000000000e+00,8.993218620000e-12
L400T30,B1e17SD1e20,IDVG_VD1P5,-1.956250000000e-01,1.500000000000e+00,1.292716800000e-11
L400T30,B1e17SD1e20,IDVG_VD1P5,-1.955468750000e-01,1.500000000000e+00,1.211674900000e-11
L400T30,B1e17SD1e20,IDVG_VD1P5,-1.954687500000e-01,1.500000000000e+00,9.173584850000e-12
L400T30,B1e17SD1e20,IDVG_VD1P5,-1.953906250000e-01,1.500000000000e+00,6.039123290000e-12
L400T30,B1e17SD1e20,IDVG_VD1P5,-1.953125000000e-01,1.500000000000e+00,1.090164030000e-11
L400T30,B1e17SD1e20,IDVG_VD1P5,-1.952343750000e-01,1.500000000000e+00,7.875635000000e-12
L400T30,B1e17SD1e20,IDVG_VD1P5,-1.951562500000e-01,1.500000000000e+00,9.039240700000e-12
L400T30,B1e17SD1e20,IDVG_VD1P5,-1.950781250000e-01,1.500000000000e+00,1.314972260000e-11
L400T30,B1e17SD1e20,IDVG_VD1P5,-1.950000000000e-01,1.500000000000e+00,1.290457940000e-11
L400T30,B1e17SD1e20,IDVG_VD1P5,-1.949218750000e-01,1.500000000000e+00,1.081030690000e-11
L400T30,B1e17SD1e20,IDVG_VD1P5,-1.948437500000e-01,1.500000000000e+00,1.190623950000e-11
L400T30,B1e17SD1e20,IDVG_VD1P5,-1.947656250000e-01,1.500000000000e+00,1.567205710000e-11
L400T30,B1e17SD1e20,IDVG_VD1P5,-1.946875000000e-01,1.500000000000e+00,1.024148210000e-11
L400T30,B1e17SD1e20,IDVG_VD1P5,-1.946093750000e-01,1.500000000000e+00,1.108027980000e-11
L400T30,B1e17SD1e20,IDVG_VD1P5,-1.945312500000e-01,1.500000000000e+00,7.340794970000e-12
L400T30,B1e17SD1e20,IDVG_VD1P5,-1.944531250000e-01,1.500000000000e+00,1.460174340000e-11
L400T30,B1e17SD1e20,IDVG_VD1P5,-1.943750000000e-01,1.500000000000e+00,1.198387740000e-11
L400T30,B1e17SD1e20,IDVG_VD1P5,-1.942968750000e-01,1.500000000000e+00,1.720384210000e-11
L400T30,B1e17SD1e20,IDVG_VD1P5,-1.942187500000e-01,1.500000000000e+00,1.353201990000e-11
L400T30,B1e17SD1e20,IDVG_VD1P5,-1.941406250000e-01,1.500000000000e+00,1.047400060000e-11
L400T30,B1e17SD1e20,IDVG_VD1P5,-1.940625000000e-01,1.500000000000e+00,1.481199470000e-11
L400T30,B1e17SD1e20,IDVG_VD1P5,-1.939843750000e-01,1.500000000000e+00,9.795295440000e-12
L400T30,B1e17SD1e20,IDVG_VD1P5,-1.939062500000e-01,1.500000000000e+00,9.340143820000e-12
L400T30,B1e17SD1e20,IDVG_VD1P5,-1.938281250000e-01,1.500000000000e+00,8.640721400000e-12
L400T30,B1e17SD1e20,IDVG_VD1P5,-1.937500000000e-01,1.500000000000e+00,1.331939370000e-11
L400T30,B1e17SD1e20,IDVG_VD1P5,-1.936718750000e-01,1.500000000000e+00,1.481354190000e-11
L400T30,B1e17SD1e20,IDVG_VD1P5,-1.936328120000e-01,1.500000000000e+00,1.749916730000e-11
L400T30,B1e17SD1e20,IDVG_VD1P5,-1.935937500000e-01,1.500000000000e+00,1.992292140000e-11
L400T30,B1e17SD1e20,IDVG_VD1P5,-1.935546870000e-01,1.500000000000e+00,1.668170680000e-11
L400T30,B1e17SD1e20,IDVG_VD1P5,-1.935156250000e-01,1.500000000000e+00,9.125153700000e-12
L400T30,B1e17SD1e20,IDVG_VD1P5,-1.934765620000e-01,1.500000000000e+00,9.381407300000e-12
L400T30,B1e17SD1e20,IDVG_VD1P5,-1.934375000000e-01,1.500000000000e+00,1.561451560000e-11
L400T30,B1e17SD1e20,IDVG_VD1P5,-1.933984370000e-01,1.500000000000e+00,8.469888820000e-12
L400T30,B1e17SD1e20,IDVG_VD1P5,-1.933593750000e-01,1.500000000000e+00,1.310616820000e-11
L400T30,B1e17SD1e20,IDVG_VD1P5,-1.933203120000e-01,1.500000000000e+00,1.070471250000e-11
L400T30,B1e17SD1e20,IDVG_VD1P5,-1.932812500000e-01,1.500000000000e+00,1.369281560000e-11
L400T30,B1e17SD1e20,IDVG_VD1P5,-1.932421870000e-01,1.500000000000e+00,1.708354500000e-11
L400T30,B1e17SD1e20,IDVG_VD1P5,-1.932031250000e-01,1.500000000000e+00,1.179643770000e-11
L400T30,B1e17SD1e20,IDVG_VD1P5,-1.931640620000e-01,1.500000000000e+00,1.933617070000e-11
L400T30,B1e17SD1e20,IDVG_VD1P5,-1.931250000000e-01,1.500000000000e+00,1.949138940000e-11
L400T30,B1e17SD1e20,IDVG_VD1P5,-1.930859370000e-01,1.500000000000e+00,1.840075310000e-11
L400T30,B1e17SD1e20,IDVG_VD1P5,-1.930468750000e-01,1.500000000000e+00,1.661052970000e-11
L400T30,B1e17SD1e20,IDVG_VD1P5,-1.930078120000e-01,1.500000000000e+00,1.108097930000e-11
L400T30,B1e17SD1e20,IDVG_VD1P5,-1.929687500000e-01,1.500000000000e+00,1.119459060000e-11
L400T30,B1e17SD1e20,IDVG_VD1P5,-1.929296870000e-01,1.500000000000e+00,6.145160190000e-12
L400T30,B1e17SD1e20,IDVG_VD1P5,-1.928906250000e-01,1.500000000000e+00,1.552813010000e-11
L400T30,B1e17SD1e20,IDVG_VD1P5,-1.928515620000e-01,1.500000000000e+00,1.003255440000e-11
L400T30,B1e17SD1e20,IDVG_VD1P5,-1.928125000000e-01,1.500000000000e+00,1.475330180000e-11
L400T30,B1e17SD1e20,IDVG_VD1P5,-1.927734370000e-01,1.500000000000e+00,6.549562630000e-12
L400T30,B1e17SD1e20,IDVG_VD1P5,-1.927343750000e-01,1.500000000000e+00,1.180351900000e-11
L400T30,B1e17SD1e20,IDVG_VD1P5,-1.926953120000e-01,1.500000000000e+00,8.255671860000e-12
L400T30,B1e17SD1e20,IDVG_VD1P5,-1.926562500000e-01,1.500000000000e+00,1.251124830000e-11
L400T30,B1e17SD1e20,IDVG_VD1P5,-1.926171870000e-01,1.500000000000e+00,1.505017560000e-11
L400T30,B1e17SD1e20,IDVG_VD1P5,-1.925781250000e-01,1.500000000000e+00,1.383404700000e-11
L400T30,B1e17SD1e20,IDVG_VD1P5,-1.925390620000e-01,1.500000000000e+00,9.235157690000e-12
L400T30,B1e17SD1e20,IDVG_VD1P5,-1.925000000000e-01,1.500000000000e+00,4.784170160000e-12
L400T30,B1e17SD1e20,IDVG_VD1P5,-1.924609380000e-01,1.500000000000e+00,7.998382610000e-12
L400T30,B1e17SD1e20,IDVG_VD1P5,-1.924218750000e-01,1.500000000000e+00,1.000751700000e-11
L400T30,B1e17SD1e20,IDVG_VD1P5,-1.923828130000e-01,1.500000000000e+00,6.405614710000e-12
L400T30,B1e17SD1e20,IDVG_VD1P5,-1.923437500000e-01,1.500000000000e+00,1.521275950000e-11
L400T30,B1e17SD1e20,IDVG_VD1P5,-1.923046880000e-01,1.500000000000e+00,1.782840230000e-11
L400T30,B1e17SD1e20,IDVG_VD1P5,-1.922656250000e-01,1.500000000000e+00,1.266204000000e-11
L400T30,B1e17SD1e20,IDVG_VD1P5,-1.922265630000e-01,1.500000000000e+00,1.367787630000e-11
L400T30,B1e17SD1e20,IDVG_VD1P5,-1.921875000000e-01,1.500000000000e+00,1.726074510000e-11
L400T30,B1e17SD1e20,IDVG_VD1P5,-1.921484380000e-01,1.500000000000e+00,1.245762250000e-11
L400T30,B1e17SD1e20,IDVG_VD1P5,-1.921093750000e-01,1.500000000000e+00,8.497984440000e-12
L400T30,B1e17SD1e20,IDVG_VD1P5,-1.920703130000e-01,1.500000000000e+00,4.908107230000e-12
L400T30,B1e17SD1e20,IDVG_VD1P5,-1.920312500000e-01,1.500000000000e+00,8.106175730000e-12
L400T30,B1e17SD1e20,IDVG_VD1P5,-1.920117190000e-01,1.500000000000e+00,8.525763090000e-12
L400T30,B1e17SD1e20,IDVG_VD1P5,-1.919921880000e-01,1.500000000000e+00,1.075701930000e-11
L400T30,B1e17SD1e20,IDVG_VD1P5,-1.919726560000e-01,1.500000000000e+00,1.293599350000e-11
L400T30,B1e17SD1e20,IDVG_VD1P5,-1.919531250000e-01,1.500000000000e+00,4.161255470000e-12
L400T30,B1e17SD1e20,IDVG_VD1P5,-1.919335940000e-01,1.500000000000e+00,1.070547220000e-11
L400T30,B1e17SD1e20,IDVG_VD1P5,-1.919140630000e-01,1.500000000000e+00,9.973870800000e-12
L400T30,B1e17SD1e20,IDVG_VD1P5,-1.918945310000e-01,1.500000000000e+00,6.116142520000e-12
L400T30,B1e17SD1e20,IDVG_VD1P5,-1.918750000000e-01,1.500000000000e+00,1.036217290000e-11
L400T30,B1e17SD1e20,IDVG_VD1P5,-1.918554690000e-01,1.500000000000e+00,1.704840650000e-11
L400T30,B1e17SD1e20,IDVG_VD1P5,-1.918359370000e-01,1.500000000000e+00,1.697227290000e-11
L400T30,B1e17SD1e20,IDVG_VD1P5,-1.918164060000e-01,1.500000000000e+00,8.938768100000e-12
L400T30,B1e17SD1e20,IDVG_VD1P5,-1.917968750000e-01,1.500000000000e+00,1.260355670000e-11
L400T30,B1e17SD1e20,IDVG_VD1P5,-1.917773440000e-01,1.500000000000e+00,1.956593520000e-11
L400T30,B1e17SD1e20,IDVG_VD1P5,-1.917578120000e-01,1.500000000000e+00,1.583369360000e-11
L400T30,B1e17SD1e20,IDVG_VD1P5,-1.917382810000e-01,1.500000000000e+00,2.056131840000e-11
L400T30,B1e17SD1e20,IDVG_VD1P5,-1.917187500000e-01,1.500000000000e+00,1.237210470000e-11
L400T30,B1e17SD1e20,IDVG_VD1P5,-1.916992190000e-01,1.500000000000e+00,1.304176660000e-11
L400T30,B1e17SD1e20,IDVG_VD1P5,-1.916796870000e-01,1.500000000000e+00,1.232925080000e-11
L400T30,B1e17SD1e20,IDVG_VD1P5,-1.916601560000e-01,1.500000000000e+00,1.087655830000e-11
L400T30,B1e17SD1e20,IDVG_VD1P5,-1.916406250000e-01,1.500000000000e+00,1.038150500000e-11
L400T30,B1e17SD1e20,IDVG_VD1P5,-1.916210940000e-01,1.500000000000e+00,1.050819420000e-11
L400T30,B1e17SD1e20,IDVG_VD1P5,-1.916015620000e-01,1.500000000000e+00,1.394833260000e-11
L400T30,B1e17SD1e20,IDVG_VD1P5,-1.915820310000e-01,1.500000000000e+00,1.604663460000e-11
L400T30,B1e17SD1e20,IDVG_VD1P5,-1.915625000000e-01,1.500000000000e+00,1.691357870000e-11
L400T30,B1e17SD1e20,IDVG_VD1P5,-1.915429690000e-01,1.500000000000e+00,1.341899600000e-11
L400T30,B1e17SD1e20,IDVG_VD1P5,-1.915234370000e-01,1.500000000000e+00,1.638466630000e-11
L400T30,B1e17SD1e20,IDVG_VD1P5,-1.915039060000e-01,1.500000000000e+00,1.065820210000e-11
L400T30,B1e17SD1e20,IDVG_VD1P5,-1.914843750000e-01,1.500000000000e+00,1.177011540000e-11
L400T30,B1e17SD1e20,IDVG_VD1P5,-1.914648440000e-01,1.500000000000e+00,1.213000060000e-11
L400T30,B1e17SD1e20,IDVG_VD1P5,-1.914550780000e-01,1.500000000000e+00,1.035276330000e-11
L400T30,B1e17SD1e20,IDVG_VD1P5,-1.914453120000e-01,1.500000000000e+00,9.250743810000e-12
L400T30,B1e17SD1e20,IDVG_VD1P5,-1.914355470000e-01,1.500000000000e+00,1.098576360000e-11
L400T30,B1e17SD1e20,IDVG_VD1P5,-1.914257810000e-01,1.500000000000e+00,1.089148930000e-11
L400T30,B1e17SD1e20,IDVG_VD1P5,-1.914160160000e-01,1.500000000000e+00,1.081246430000e-11
L400T30,B1e17SD1e20,IDVG_VD1P5,-1.914062500000e-01,1.500000000000e+00,1.330979770000e-11
L400T30,B1e17SD1e20,IDVG_VD1P5,-1.913964840000e-01,1.500000000000e+00,1.073371360000e-11
L400T30,B1e17SD1e20,IDVG_VD1P5,-1.913867190000e-01,1.500000000000e+00,1.438461600000e-11
L400T30,B1e17SD1e20,IDVG_VD1P5,-1.913769530000e-01,1.500000000000e+00,1.065001840000e-11
L400T30,B1e17SD1e20,IDVG_VD1P5,-1.913671870000e-01,1.500000000000e+00,7.725384480000e-12
L400T30,B1e17SD1e20,IDVG_VD1P5,-1.913574220000e-01,1.500000000000e+00,1.157557260000e-11
L400T30,B1e17SD1e20,IDVG_VD1P5,-1.913476560000e-01,1.500000000000e+00,1.171212100000e-11
L400T30,B1e17SD1e20,IDVG_VD1P5,-1.913378910000e-01,1.500000000000e+00,8.717657200000e-12
L400T30,B1e17SD1e20,IDVG_VD1P5,-1.913281250000e-01,1.500000000000e+00,1.294862040000e-11
L400T30,B1e17SD1e20,IDVG_VD1P5,-1.913183590000e-01,1.500000000000e+00,1.592496010000e-11
L400T30,B1e17SD1e20,IDVG_VD1P5,-1.913085940000e-01,1.500000000000e+00,1.316632480000e-11
L400T30,B1e17SD1e20,IDVG_VD1P5,-1.912988280000e-01,1.500000000000e+00,1.439906300000e-11
L400T30,B1e17SD1e20,IDVG_VD1P5,-1.912890620000e-01,1.500000000000e+00,7.846633470000e-12
L400T30,B1e17SD1e20,IDVG_VD1P5,-1.912792970000e-01,1.500000000000e+00,1.216179520000e-11
L400T30,B1e17SD1e20,IDVG_VD1P5,-1.912695310000e-01,1.500000000000e+00,9.903395800000e-12
L400T30,B1e17SD1e20,IDVG_VD1P5,-1.912597660000e-01,1.500000000000e+00,1.079937630000e-11
L400T30,B1e17SD1e20,IDVG_VD1P5,-1.912500000000e-01,1.500000000000e+00,1.206127720000e-11
L400T30,B1e17SD1e20,IDVG_VD1P5,-1.912402340000e-01,1.500000000000e+00,1.060835480000e-11
L400T30,B1e17SD1e20,IDVG_VD1P5,-1.912304690000e-01,1.500000000000e+00,1.435280370000e-11
L400T30,B1e17SD1e20,IDVG_VD1P5,-1.912207030000e-01,1.500000000000e+00,1.564410260000e-11
L400T30,B1e17SD1e20,IDVG_VD1P5,-1.912109380000e-01,1.500000000000e+00,1.070046470000e-11
L400T30,B1e17SD1e20,IDVG_VD1P5,-1.912011720000e-01,1.500000000000e+00,1.143854110000e-11
L400T30,B1e17SD1e20,IDVG_VD1P5,-1.911914060000e-01,1.500000000000e+00,9.771799490000e-12
L400T30,B1e17SD1e20,IDVG_VD1P5,-1.911816410000e-01,1.500000000000e+00,1.191656400000e-11
L400T30,B1e17SD1e20,IDVG_VD1P5,-1.911718750000e-01,1.500000000000e+00,1.348352580000e-11
L400T30,B1e17SD1e20,IDVG_VD1P5,-1.911621090000e-01,1.500000000000e+00,1.329631830000e-11
L400T30,B1e17SD1e20,IDVG_VD1P5,-1.911523440000e-01,1.500000000000e+00,1.414691080000e-11
L400T30,B1e17SD1e20,IDVG_VD1P5,-1.911474610000e-01,1.500000000000e+00,1.570922300000e-11
L400T30,B1e17SD1e20,IDVG_VD1P5,-1.911425780000e-01,1.500000000000e+00,1.592195030000e-11
L400T30,B1e17SD1e20,IDVG_VD1P5,-1.911376950000e-01,1.500000000000e+00,1.300224760000e-11
L400T30,B1e17SD1e20,IDVG_VD1P5,-1.911328130000e-01,1.500000000000e+00,1.270582150000e-11
L400T30,B1e17SD1e20,IDVG_VD1P5,-1.911279300000e-01,1.500000000000e+00,1.748608340000e-11
L400T30,B1e17SD1e20,IDVG_VD1P5,-1.911230470000e-01,1.500000000000e+00,1.301061400000e-11
L400T30,B1e17SD1e20,IDVG_VD1P5,-1.911181640000e-01,1.500000000000e+00,1.397897500000e-11
L400T30,B1e17SD1e20,IDVG_VD1P5,-1.911132810000e-01,1.500000000000e+00,1.167485360000e-11
L400T30,B1e17SD1e20,IDVG_VD1P5,-1.911083980000e-01,1.500000000000e+00,1.419879260000e-11
L400T30,B1e17SD1e20,IDVG_VD1P5,-1.911035160000e-01,1.500000000000e+00,1.517196500000e-11
L400T30,B1e17SD1e20,IDVG_VD1P5,-1.910986330000e-01,1.500000000000e+00,1.698897950000e-11
L400T30,B1e17SD1e20,IDVG_VD1P5,-1.910937500000e-01,1.500000000000e+00,2.098237280000e-11
L400T30,B1e17SD1e20,IDVG_VD1P5,-1.910888670000e-01,1.500000000000e+00,1.421910940000e-11
L400T30,B1e17SD1e20,IDVG_VD1P5,-1.910839840000e-01,1.500000000000e+00,1.191139860000e-11
L400T30,B1e17SD1e20,IDVG_VD1P5,-1.910791020000e-01,1.500000000000e+00,1.066347230000e-11
L400T30,B1e17SD1e20,IDVG_VD1P5,-1.910742190000e-01,1.500000000000e+00,1.214197980000e-11
L400T30,B1e17SD1e20,IDVG_VD1P5,-1.910693360000e-01,1.500000000000e+00,8.694376480000e-12
L400T30,B1e17SD1e20,IDVG_VD1P5,-1.910644530000e-01,1.500000000000e+00,1.128906830000e-11
L400T30,B1e17SD1e20,IDVG_VD1P5,-1.910595700000e-01,1.500000000000e+00,8.448048330000e-12
L400T30,B1e17SD1e20,IDVG_VD1P5,-1.910546880000e-01,1.500000000000e+00,1.036701810000e-11
L400T30,B1e17SD1e20,IDVG_VD1P5,-1.910498050000e-01,1.500000000000e+00,1.146459930000e-11
L400T30,B1e17SD1e20,IDVG_VD1P5,-1.910449220000e-01,1.500000000000e+00,1.577447360000e-11
L400T30,B1e17SD1e20,IDVG_VD1P5,-1.910400390000e-01,1.500000000000e+00,1.029722180000e-11
L400T30,B1e17SD1e20,IDVG_VD1P5,-1.910351560000e-01,1.500000000000e+00,6.212330370000e-12
L400T30,B1e17SD1e20,IDVG_VD1P5,-1.910302730000e-01,1.500000000000e+00,8.208321680000e-12
L400T30,B1e17SD1e20,IDVG_VD1P5,-1.910253910000e-01,1.500000000000e+00,8.709339570000e-12
L400T30,B1e17SD1e20,IDVG_VD1P5,-1.910205080000e-01,1.500000000000e+00,1.260131690000e-11
L400T30,B1e17SD1e20,IDVG_VD1P5,-1.910156250000e-01,1.500000000000e+00,1.285533130000e-11
L400T30,B1e17SD1e20,IDVG_VD1P5,-1.910107420000e-01,1.500000000000e+00,1.473767850000e-11
L400T30,B1e17SD1e20,IDVG_VD1P5,-1.910058590000e-01,1.500000000000e+00,1.281158190000e-11
L400T30,B1e17SD1e20,IDVG_VD1P5,-1.910009770000e-01,1.500000000000e+00,1.353866900000e-11
L400T30,B1e17SD1e20,IDVG_VD1P5,-1.909960940000e-01,1.500000000000e+00,1.348517240000e-11
L400T30,B1e17SD1e20,IDVG_VD1P5,-1.909912110000e-01,1.500000000000e+00,1.309728420000e-11
L400T30,B1e17SD1e20,IDVG_VD1P5,-1.909863280000e-01,1.500000000000e+00,1.772814000000e-11
L400T30,B1e17SD1e20,IDVG_VD1P5,-1.909814450000e-01,1.500000000000e+00,1.678671690000e-11
L400T30,B1e17SD1e20,IDVG_VD1P5,-1.909765630000e-01,1.500000000000e+00,1.495498870000e-11
L400T30,B1e17SD1e20,IDVG_VD1P5,-1.909716800000e-01,1.500000000000e+00,1.848193820000e-11
L400T30,B1e17SD1e20,IDVG_VD1P5,-1.909667970000e-01,1.500000000000e+00,1.783067560000e-11
L400T30,B1e17SD1e20,IDVG_VD1P5,-1.909619140000e-01,1.500000000000e+00,1.876113140000e-11
L400T30,B1e17SD1e20,IDVG_VD1P5,-1.909570310000e-01,1.500000000000e+00,2.401537450000e-11
L400T30,B1e17SD1e20,IDVG_VD1P5,-1.909521480000e-01,1.500000000000e+00,2.155332420000e-11
L400T30,B1e17SD1e20,IDVG_VD1P5,-1.909472660000e-01,1.500000000000e+00,1.814705040000e-11
L400T30,B1e17SD1e20,IDVG_VD1P5,-1.909423830000e-01,1.500000000000e+00,1.678506190000e-11
L400T30,B1e17SD1e20,IDVG_VD1P5,-1.909375000000e-01,1.500000000000e+00,1.728246970000e-11
L400T30,B1e17SD1e20,IDVG_VD1P5,-1.909326170000e-01,1.500000000000e+00,1.859590890000e-11
L400T30,B1e17SD1e20,IDVG_VD1P5,-1.909277340000e-01,1.500000000000e+00,1.217725690000e-11
L400T30,B1e17SD1e20,IDVG_VD1P5,-1.909228520000e-01,1.500000000000e+00,1.477789310000e-11
L400T30,B1e17SD1e20,IDVG_VD1P5,-1.909179690000e-01,1.500000000000e+00,1.061510150000e-11
L400T30,B1e17SD1e20,IDVG_VD1P5,-1.909130860000e-01,1.500000000000e+00,1.377644370000e-11
L400T30,B1e17SD1e20,IDVG_VD1P5,-1.909082030000e-01,1.500000000000e+00,1.514109560000e-11
L400T30,B1e17SD1e20,IDVG_VD1P5,-1.909033200000e-01,1.500000000000e+00,1.183083980000e-11
L400T30,B1e17SD1e20,IDVG_VD1P5,-1.908984380000e-01,1.500000000000e+00,1.666817440000e-11
L400T30,B1e17SD1e20,IDVG_VD1P5,-1.908935550000e-01,1.500000000000e+00,1.798694770000e-11
L400T30,B1e17SD1e20,IDVG_VD1P5,-1.908886720000e-01,1.500000000000e+00,1.431133440000e-11
L400T30,B1e17SD1e20,IDVG_VD1P5,-1.908837890000e-01,1.500000000000e+00,1.171308660000e-11
L400T30,B1e17SD1e20,IDVG_VD1P5,-1.908789060000e-01,1.500000000000e+00,1.113368850000e-11
L400T30,B1e17SD1e20,IDVG_VD1P5,-1.908740230000e-01,1.500000000000e+00,1.244725170000e-11
L400T30,B1e17SD1e20,IDVG_VD1P5,-1.908691410000e-01,1.500000000000e+00,1.303602540000e-11
L400T30,B1e17SD1e20,IDVG_VD1P5,-1.908642580000e-01,1.500000000000e+00,1.874323810000e-11
L400T30,B1e17SD1e20,IDVG_VD1P5,-1.908593750000e-01,1.500000000000e+00,7.403792970000e-12
L400T30,B1e17SD1e20,IDVG_VD1P5,-1.908544920000e-01,1.500000000000e+00,1.081592240000e-11
L400T30,B1e17SD1e20,IDVG_VD1P5,-1.908496090000e-01,1.500000000000e+00,8.859646780000e-12
L400T30,B1e17SD1e20,IDVG_VD1P5,-1.908447270000e-01,1.500000000000e+00,1.230241520000e-11
L400T30,B1e17SD1e20,IDVG_VD1P5,-1.908398440000e-01,1.500000000000e+00,1.412196590000e-11
L400T30,B1e17SD1e20,IDVG_VD1P5,-1.908349610000e-01,1.500000000000e+00,1.223446170000e-11
L400T30,B1e17SD1e20,IDVG_VD1P5,-1.908300780000e-01,1.500000000000e+00,1.589244730000e-11
L400T30,B1e17SD1e20,IDVG_VD1P5,-1.908251950000e-01,1.500000000000e+00,1.654604730000e-11
L400T30,B1e17SD1e20,IDVG_VD1P5,-1.908203130000e-01,1.500000000000e+00,1.309201930000e-11
L400T30,B1e17SD1e20,IDVG_VD1P5,-1.908154300000e-01,1.500000000000e+00,1.773000350000e-11
L400T30,B1e17SD1e20,IDVG_VD1P5,-1.908105470000e-01,1.500000000000e+00,1.863095000000e-11
L400T30,B1e17SD1e20,IDVG_VD1P5,-1.908056640000e-01,1.500000000000e+00,1.571321460000e-11
L400T30,B1e17SD1e20,IDVG_VD1P5,-1.908007810000e-01,1.500000000000e+00,1.790168950000e-11
L400T30,B1e17SD1e20,IDVG_VD1P5,-1.907958980000e-01,1.500000000000e+00,1.547269230000e-11
L400T30,B1e17SD1e20,IDVG_VD1P5,-1.907910160000e-01,1.500000000000e+00,1.271818010000e-11
L400T30,B1e17SD1e20,IDVG_VD1P5,-1.907861330000e-01,1.500000000000e+00,1.298765010000e-11
L400T30,B1e17SD1e20,IDVG_VD1P5,-1.907812500000e-01,1.500000000000e+00,1.522092890000e-11
L400T30,B1e17SD1e20,IDVG_VD1P5,-1.907763670000e-01,1.500000000000e+00,1.082991990000e-11
L400T30,B1e17SD1e20,IDVG_VD1P5,-1.907714840000e-01,1.500000000000e+00,1.084691330000e-11
L400T30,B1e17SD1e20,IDVG_VD1P5,-1.907666020000e-01,1.500000000000e+00,1.470538290000e-11
L400T30,B1e17SD1e20,IDVG_VD1P5,-1.907617190000e-01,1.500000000000e+00,1.138551660000e-11
L400T30,B1e17SD1e20,IDVG_VD1P5,-1.907568360000e-01,1.500000000000e+00,1.621554660000e-11
L400T30,B1e17SD1e20,IDVG_VD1P5,-1.907519530000e-01,1.500000000000e+00,1.736867480000e-11
L400T30,B1e17SD1e20,IDVG_VD1P5,-1.907470700000e-01,1.500000000000e+00,1.462807890000e-11
L400T30,B1e17SD1e20,IDVG_VD1P5,-1.907421880000e-01,1.500000000000e+00,1.257910370000e-11
L400T30,B1e17SD1e20,IDVG_VD1P5,-1.907373050000e-01,1.500000000000e+00,1.371745520000e-11
L400T30,B1e17SD1e20,IDVG_VD1P5,-1.907324220000e-01,1.500000000000e+00,1.658343700000e-11
L400T30,B1e17SD1e20,IDVG_VD1P5,-1.907275390000e-01,1.500000000000e+00,1.541733040000e-11
L400T30,B1e17SD1e20,IDVG_VD1P5,-1.907226560000e-01,1.500000000000e+00,1.461217530000e-11
L400T30,B1e17SD1e20,IDVG_VD1P5,-1.907177730000e-01,1.500000000000e+00,1.279154020000e-11
L400T30,B1e17SD1e20,IDVG_VD1P5,-1.907128910000e-01,1.500000000000e+00,1.332003680000e-11
L400T30,B1e17SD1e20,IDVG_VD1P5,-1.907080080000e-01,1.500000000000e+00,1.904519840000e-11
L400T30,B1e17SD1e20,IDVG_VD1P5,-1.907031250000e-01,1.500000000000e+00,1.747710940000e-11
L400T30,B1e17SD1e20,IDVG_VD1P5,-1.906982420000e-01,1.500000000000e+00,1.776789220000e-11
L400T30,B1e17SD1e20,IDVG_VD1P5,-1.906933590000e-01,1.500000000000e+00,1.787768900000e-11
L400T30,B1e17SD1e20,IDVG_VD1P5,-1.906884770000e-01,1.500000000000e+00,1.534388500000e-11
L400T30,B1e17SD1e20,IDVG_VD1P5,-1.906835940000e-01,1.500000000000e+00,1.381161440000e-11
L400T30,B1e17SD1e20,IDVG_VD1P5,-1.906787110000e-01,1.500000000000e+00,1.502637890000e-11
L400T30,B1e17SD1e20,IDVG_VD1P5,-1.906738280000e-01,1.500000000000e+00,1.472841420000e-11
L400T30,B1e17SD1e20,IDVG_VD1P5,-1.906689450000e-01,1.500000000000e+00,1.370539880000e-11
L400T30,B1e17SD1e20,IDVG_VD1P5,-1.906640630000e-01,1.500000000000e+00,9.382837170000e-12
L400T30,B1e17SD1e20,IDVG_VD1P5,-1.906591800000e-01,1.500000000000e+00,1.555178580000e-11
L400T30,B1e17SD1e20,IDVG_VD1P5,-1.906542970000e-01,1.500000000000e+00,1.482750980000e-11
L400T30,B1e17SD1e20,IDVG_VD1P5,-1.906494140000e-01,1.500000000000e+00,1.544291920000e-11
L400T30,B1e17SD1e20,IDVG_VD1P5,-1.906445310000e-01,1.500000000000e+00,1.392032870000e-11
L400T30,B1e17SD1e20,IDVG_VD1P5,-1.906396480000e-01,1.500000000000e+00,8.623342600000e-12
L400T30,B1e17SD1e20,IDVG_VD1P5,-1.906347660000e-01,1.500000000000e+00,8.460956480000e-12
L400T30,B1e17SD1e20,IDVG_VD1P5,-1.906298830000e-01,1.500000000000e+00,1.052344380000e-11
L400T30,B1e17SD1e20,IDVG_VD1P5,-1.906250000000e-01,1.500000000000e+00,1.431413740000e-11
L400T30,B1e17SD1e20,IDVG_VD1P5,-1.906201170000e-01,1.500000000000e+00,1.095656660000e-11
L400T30,B1e17SD1e20,IDVG_VD1P5,-1.906152340000e-01,1.500000000000e+00,1.613736990000e-11
L400T30,B1e17SD1e20,IDVG_VD1P5,-1.906103520000e-01,1.500000000000e+00,1.695878130000e-11
L400T30,B1e17SD1e20,IDVG_VD1P5,-1.906054690000e-01,1.500000000000e+00,1.401870790000e-11
L400T30,B1e17SD1e20,IDVG_VD1P5,-1.906005860000e-01,1.500000000000e+00,1.888157460000e-11
L400T30,B1e17SD1e20,IDVG_VD1P5,-1.905957030000e-01,1.500000000000e+00,9.959485790000e-12
L400T30,B1e17SD1e20,IDVG_VD1P5,-1.905908200000e-01,1.500000000000e+00,1.150841800000e-11
L400T30,B1e17SD1e20,IDVG_VD1P5,-1.905859380000e-01,1.500000000000e+00,1.183020880000e-11
L400T30,B1e17SD1e20,IDVG_VD1P5,-1.905810550000e-01,1.500000000000e+00,1.061923720000e-11
L400T30,B1e17SD1e20,IDVG_VD1P5,-1.905761720000e-01,1.500000000000e+00,6.428523220000e-12
L400T30,B1e17SD1e20,IDVG_VD1P5,-1.905712890000e-01,1.500000000000e+00,6.953558760000e-12
L400T30,B1e17SD1e20,IDVG_VD1P5,-1.905664060000e-01,1.500000000000e+00,9.849531880000e-12
L400T30,B1e17SD1e20,IDVG_VD1P5,-1.905615230000e-01,1.500000000000e+00,1.099157190000e-11
L400T30,B1e17SD1e20,IDVG_VD1P5,-1.905566410000e-01,1.500000000000e+00,1.167141330000e-11
L400T30,B1e17SD1e20,IDVG_VD1P5,-1.905517580000e-01,1.500000000000e+00,1.453181760000e-11
L400T30,B1e17SD1e20,IDVG_VD1P5,-1.905468750000e-01,1.500000000000e+00,1.313178350000e-11
L400T30,B1e17SD1e20,IDVG_VD1P5,-1.905419920000e-01,1.500000000000e+00,1.051703450000e-11
L400T30,B1e17SD1e20,IDVG_VD1P5,-1.905371090000e-01,1.500000000000e+00,1.642614530000e-11
L400T30,B1e17SD1e20,IDVG_VD1P5,-1.905322270000e-01,1.500000000000e+00,1.484134740000e-11
L400T30,B1e17SD1e20,IDVG_VD1P5,-1.905273440000e-01,1.500000000000e+00,1.838496430000e-11
L400T30,B1e17SD1e20,IDVG_VD1P5,-1.905224610000e-01,1.500000000000e+00,1.840595070000e-11
L400T30,B1e17SD1e20,IDVG_VD1P5,-1.905175780000e-01,1.500000000000e+00,2.152403160000e-11
L400T30,B1e17SD1e20,IDVG_VD1P5,-1.905126950000e-01,1.500000000000e+00,1.724909430000e-11
L400T30,B1e17SD1e20,IDVG_VD1P5,-1.905078130000e-01,1.500000000000e+00,1.500264980000e-11
L400T30,B1e17SD1e20,IDVG_VD1P5,-1.905029300000e-01,1.500000000000e+00,1.472355470000e-11
L400T30,B1e17SD1e20,IDVG_VD1P5,-1.904980470000e-01,1.500000000000e+00,1.374462490000e-11
L400T30,B1e17SD1e20,IDVG_VD1P5,-1.904931640000e-01,1.500000000000e+00,1.217451660000e-11
L400T30,B1e17SD1e20,IDVG_VD1P5,-1.904882810000e-01,1.500000000000e+00,1.557764860000e-11
L400T30,B1e17SD1e20,IDVG_VD1P5,-1.904833980000e-01,1.500000000000e+00,1.494742450000e-11
L400T30,B1e17SD1e20,IDVG_VD1P5,-1.904785160000e-01,1.500000000000e+00,1.589575390000e-11
L400T30,B1e17SD1e20,IDVG_VD1P5,-1.904736330000e-01,1.500000000000e+00,1.638173930000e-11
L400T30,B1e17SD1e20,IDVG_VD1P5,-1.904687500000e-01,1.500000000000e+00,1.804786460000e-11
L400T30,B1e17SD1e20,IDVG_VD1P5,-1.904638670000e-01,1.500000000000e+00,7.488172840000e-12
L400T30,B1e17SD1e20,IDVG_VD1P5,-1.904589840000e-01,1.500000000000e+00,1.107485460000e-11
L400T30,B1e17SD1e20,IDVG_VD1P5,-1.904541020000e-01,1.500000000000e+00,1.012458400000e-11
L400T30,B1e17SD1e20,IDVG_VD1P5,-1.904492190000e-01,1.500000000000e+00,1.164638800000e-11
L400T30,B1e17SD1e20,IDVG_VD1P5,-1.904443360000e-01,1.500000000000e+00,1.135636120000e-11
L400T30,B1e17SD1e20,IDVG_VD1P5,-1.904394530000e-01,1.500000000000e+00,8.053781530000e-12
L400T30,B1e17SD1e20,IDVG_VD1P5,-1.904345700000e-01,1.500000000000e+00,6.407892280000e-12
L400T30,B1e17SD1e20,IDVG_VD1P5,-1.904296880000e-01,1.500000000000e+00,1.289717500000e-11
L400T30,B1e17SD1e20,IDVG_VD1P5,-1.904248050000e-01,1.500000000000e+00,1.251763020000e-11
L400T30,B1e17SD1e20,IDVG_VD1P5,-1.904199220000e-01,1.500000000000e+00,1.005052890000e-11
L400T30,B1e17SD1e20,IDVG_VD1P5,-1.904150390000e-01,1.500000000000e+00,1.058439600000e-11
L400T30,B1e17SD1e20,IDVG_VD1P5,-1.904101560000e-01,1.500000000000e+00,1.068525050000e-11
L400T30,B1e17SD1e20,IDVG_VD1P5,-1.904052730000e-01,1.500000000000e+00,1.194240700000e-11
L400T30,B1e17SD1e20,IDVG_VD1P5,-1.904003910000e-01,1.500000000000e+00,1.253223270000e-11
L400T30,B1e17SD1e20,IDVG_VD1P5,-1.903955080000e-01,1.500000000000e+00,1.504309960000e-11
L400T30,B1e17SD1e20,IDVG_VD1P5,-1.903906250000e-01,1.500000000000e+00,1.659326750000e-11
L400T30,B1e17SD1e20,IDVG_VD1P5,-1.903857420000e-01,1.500000000000e+00,1.406238550000e-11
L400T30,B1e17SD1e20,IDVG_VD1P5,-1.903808590000e-01,1.500000000000e+00,1.714351960000e-11
L400T30,B1e17SD1e20,IDVG_VD1P5,-1.903759770000e-01,1.500000000000e+00,1.206987240000e-11
L400T30,B1e17SD1e20,IDVG_VD1P5,-1.903710940000e-01,1.500000000000e+00,1.551740650000e-11
L400T30,B1e17SD1e20,IDVG_VD1P5,-1.903662110000e-01,1.500000000000e+00,1.549555070000e-11
L400T30,B1e17SD1e20,IDVG_VD1P5,-1.903613280000e-01,1.500000000000e+00,1.681051240000e-11
L400T30,B1e17SD1e20,IDVG_VD1P5,-1.903564450000e-01,1.500000000000e+00,1.093308300000e-11
L400T30,B1e17SD1e20,IDVG_VD1P5,-1.903515630000e-01,1.500000000000e+00,1.127702050000e-11
L400T30,B1e17SD1e20,IDVG_VD1P5,-1.903466800000e-01,1.500000000000e+00,9.979424520000e-12
L400T30,B1e17SD1e20,IDVG_VD1P5,-1.903417970000e-01,1.500000000000e+00,1.061773760000e-11
L400T30,B1e17SD1e20,IDVG_VD1P5,-1.903369140000e-01,1.500000000000e+00,1.657598470000e-11
L400T30,B1e17SD1e20,IDVG_VD1P5,-1.903320310000e-01,1.500000000000e+00,1.161177310000e-11
L400T30,B1e17SD1e20,IDVG_VD1P5,-1.903271480000e-01,1.500000000000e+00,9.370543230000e-12
L400T30,B1e17SD1e20,IDVG_VD1P5,-1.903222660000e-01,1.500000000000e+00,1.242435560000e-11
L400T30,B1e17SD1e20,IDVG_VD1P5,-1.903173830000e-01,1.500000000000e+00,1.131153150000e-11
L400T30,B1e17SD1e20,IDVG_VD1P5,-1.903125000000e-01,1.500000000000e+00,1.479263360000e-11
L400T30,B1e17SD1e20,IDVG_VD1P5,-1.903076170000e-01,1.500000000000e+00,1.471324790000e-11
L400T30,B1e17SD1e20,IDVG_VD1P5,-1.903027340000e-01,1.500000000000e+00,1.311580480000e-11
L400T30,B1e17SD1e20,IDVG_VD1P5,-1.902978520000e-01,1.500000000000e+00,1.105212560000e-11
L400T30,B1e17SD1e20,IDVG_VD1P5,-1.902929690000e-01,1.500000000000e+00,1.088922760000e-11
L400T30,B1e17SD1e20,IDVG_VD1P5,-1.902880860000e-01,1.500000000000e+00,1.585648480000e-11
L400T30,B1e17SD1e20,IDVG_VD1P5,-1.902832030000e-01,1.500000000000e+00,1.672340650000e-11
L400T30,B1e17SD1e20,IDVG_VD1P5,-1.902783200000e-01,1.500000000000e+00,1.357209640000e-11
L400T30,B1e17SD1e20,IDVG_VD1P5,-1.902734380000e-01,1.500000000000e+00,2.166338930000e-11
L400T30,B1e17SD1e20,IDVG_VD1P5,-1.902685550000e-01,1.500000000000e+00,1.239447140000e-11
L400T30,B1e17SD1e20,IDVG_VD1P5,-1.902636720000e-01,1.500000000000e+00,1.507012040000e-11
L400T30,B1e17SD1e20,IDVG_VD1P5,-1.902587890000e-01,1.500000000000e+00,1.840865330000e-11
L400T30,B1e17SD1e20,IDVG_VD1P5,-1.902539060000e-01,1.500000000000e+00,1.489083820000e-11
L400T30,B1e17SD1e20,IDVG_VD1P5,-1.902490230000e-01,1.500000000000e+00,1.476594660000e-11
L400T30,B1e17SD1e20,IDVG_VD1P5,-1.902441410000e-01,1.500000000000e+00,1.334881950000e-11
L400T30,B1e17SD1e20,IDVG_VD1P5,-1.902392580000e-01,1.500000000000e+00,1.463578300000e-11
L400T30,B1e17SD1e20,IDVG_VD1P5,-1.902343750000e-01,1.500000000000e+00,8.240713610000e-12
L400T30,B1e17SD1e20,IDVG_VD1P5,-1.902294920000e-01,1.500000000000e+00,4.082772600000e-12
L400T30,B1e17SD1e20,IDVG_VD1P5,-1.902246090000e-01,1.500000000000e+00,1.140639970000e-11
L400T30,B1e17SD1e20,IDVG_VD1P5,-1.902197270000e-01,1.500000000000e+00,1.152527210000e-11
L400T30,B1e17SD1e20,IDVG_VD1P5,-1.902148440000e-01,1.500000000000e+00,1.341073950000e-11
L400T30,B1e17SD1e20,IDVG_VD1P5,-1.902099610000e-01,1.500000000000e+00,8.595624290000e-12
L400T30,B1e17SD1e20,IDVG_VD1P5,-1.902050780000e-01,1.500000000000e+00,1.150642700000e-11
L400T30,B1e17SD1e20,IDVG_VD1P5,-1.902001950000e-01,1.500000000000e+00,1.083798470000e-11
L400T30,B1e17SD1e20,IDVG_VD1P5,-1.901953130000e-01,1.500000000000e+00,1.191914600000e-11
L400T30,B1e17SD1e20,IDVG_VD1P5,-1.901904300000e-01,1.500000000000e+00,1.513322450000e-11
L400T30,B1e17SD1e20,IDVG_VD1P5,-1.901855470000e-01,1.500000000000e+00,1.002159070000e-11
L400T30,B1e17SD1e20,IDVG_VD1P5,-1.901806640000e-01,1.500000000000e+00,1.566507340000e-11
L400T30,B1e17SD1e20,IDVG_VD1P5,-1.901757810000e-01,1.500000000000e+00,1.445186830000e-11
L400T30,B1e17SD1e20,IDVG_VD1P5,-1.901708980000e-01,1.500000000000e+00,1.519507160000e-11
L400T30,B1e17SD1e20,IDVG_VD1P5,-1.901660160000e-01,1.500000000000e+00,1.754662770000e-11
L400T30,B1e17SD1e20,IDVG_VD1P5,-1.901611330000e-01,1.500000000000e+00,1.618142470000e-11
L400T30,B1e17SD1e20,IDVG_VD1P5,-1.901562500000e-01,1.500000000000e+00,1.046666280000e-11
L400T30,B1e17SD1e20,IDVG_VD1P5,-1.901513670000e-01,1.500000000000e+00,1.337943480000e-11
L400T30,B1e17SD1e20,IDVG_VD1P5,-1.901464840000e-01,1.500000000000e+00,1.216869180000e-11
L400T30,B1e17SD1e20,IDVG_VD1P5,-1.901416020000e-01,1.500000000000e+00,1.588505180000e-11
L400T30,B1e17SD1e20,IDVG_VD1P5,-1.901367190000e-01,1.500000000000e+00,1.588692810000e-11
L400T30,B1e17SD1e20,IDVG_VD1P5,-1.901318360000e-01,1.500000000000e+00,2.060189280000e-11
L400T30,B1e17SD1e20,IDVG_VD1P5,-1.901269530000e-01,1.500000000000e+00,1.576274400000e-11
L400T30,B1e17SD1e20,IDVG_VD1P5,-1.901220700000e-01,1.500000000000e+00,1.404472890000e-11
L400T30,B1e17SD1e20,IDVG_VD1P5,-1.901171880000e-01,1.500000000000e+00,1.784685380000e-11
L400T30,B1e17SD1e20,IDVG_VD1P5,-1.901123050000e-01,1.500000000000e+00,1.732699200000e-11
L400T30,B1e17SD1e20,IDVG_VD1P5,-1.901074220000e-01,1.500000000000e+00,1.521265290000e-11
L400T30,B1e17SD1e20,IDVG_VD1P5,-1.901025390000e-01,1.500000000000e+00,1.903376310000e-11
L400T30,B1e17SD1e20,IDVG_VD1P5,-1.900976560000e-01,1.500000000000e+00,9.093845830000e-12
L400T30,B1e17SD1e20,IDVG_VD1P5,-1.900927730000e-01,1.500000000000e+00,1.041881320000e-11
L400T30,B1e17SD1e20,IDVG_VD1P5,-1.900878910000e-01,1.500000000000e+00,1.434012220000e-11
L400T30,B1e17SD1e20,IDVG_VD1P5,-1.900830080000e-01,1.500000000000e+00,1.662174190000e-11
L400T30,B1e17SD1e20,IDVG_VD1P5,-1.900781250000e-01,1.500000000000e+00,1.499774630000e-11
L400T30,B1e17SD1e20,IDVG_VD1P5,-1.900732420000e-01,1.500000000000e+00,1.576305380000e-11
L400T30,B1e17SD1e20,IDVG_VD1P5,-1.900683590000e-01,1.500000000000e+00,9.938127670000e-12
L400T30,B1e17SD1e20,IDVG_VD1P5,-1.900634770000e-01,1.500000000000e+00,9.973658360000e-12
L400T30,B1e17SD1e20,IDVG_VD1P5,-1.900585940000e-01,1.500000000000e+00,8.794531390000e-12
L400T30,B1e17SD1e20,IDVG_VD1P5,-1.900537110000e-01,1.500000000000e+00,9.747597460000e-12
L400T30,B1e17SD1e20,IDVG_VD1P5,-1.900488280000e-01,1.500000000000e+00,1.273390610000e-11
L400T30,B1e17SD1e20,IDVG_VD1P5,-1.900439450000e-01,1.500000000000e+00,1.509880230000e-12
L400T30,B1e17SD1e20,IDVG_VD1P5,-1.900390630000e-01,1.500000000000e+00,2.837432370000e-12
L400T30,B1e17SD1e20,IDVG_VD1P5,-1.900341800000e-01,1.500000000000e+00,5.901808440000e-12
L400T30,B1e17SD1e20,IDVG_VD1P5,-1.900292970000e-01,1.500000000000e+00,1.482721460000e-12
L400T30,B1e17SD1e20,IDVG_VD1P5,-1.900244140000e-01,1.500000000000e+00,4.118876010000e-12
L400T30,B1e17SD1e20,IDVG_VD1P5,-1.900195310000e-01,1.500000000000e+00,5.955974820000e-12
L400T30,B1e17SD1e20,IDVG_VD1P5,-1.900146480000e-01,1.500000000000e+00,7.370071670000e-13
L400T30,B1e17SD1e20,IDVG_VD1P5,-1.900097660000e-01,1.500000000000e+00,6.523736680000e-12
L400T30,B1e17SD1e20,IDVG_VD1P5,-1.900048830000e-01,1.500000000000e+00,2.647157820000e-12
L400T30,B1e17SD1e20,IDVG_VD1P5,-1.900000000000e-01,1.500000000000e+00,6.138175960000e-12
L400T30,B1e17SD1e20,IDVG_VD1P5,-1.899951170000e-01,1.500000000000e+00,9.135823360000e-12
L400T30,B1e17SD1e20,IDVG_VD1P5,-1.899902340000e-01,1.500000000000e+00,7.886305470000e-12
L400T30,B1e17SD1e20,IDVG_VD1P5,-1.899853520000e-01,1.500000000000e+00,5.713849090000e-12
L400T30,B1e17SD1e20,IDVG_VD1P5,-1.899804690000e-01,1.500000000000e+00,6.938040330000e-12
L400T30,B1e17SD1e20,IDVG_VD1P5,-1.899755860000e-01,1.500000000000e+00,6.865353840000e-12
L400T30,B1e17SD1e20,IDVG_VD1P5,-1.899707030000e-01,1.500000000000e+00,6.211908320000e-12
L400T30,B1e17SD1e20,IDVG_VD1P5,-1.899658200000e-01,1.500000000000e+00,7.639052530000e-12
L400T30,B1e17SD1e20,IDVG_VD1P5,-1.899609380000e-01,1.500000000000e+00,7.471757030000e-12
L400T30,B1e17SD1e20,IDVG_VD1P5,-1.899560550000e-01,1.500000000000e+00,4.002219410000e-12
L400T30,B1e17SD1e20,IDVG_VD1P5,-1.899511720000e-01,1.500000000000e+00,5.152866740000e-12
L400T30,B1e17SD1e20,IDVG_VD1P5,-1.899462890000e-01,1.500000000000e+00,7.388532220000e-12
L400T30,B1e17SD1e20,IDVG_VD1P5,-1.899414060000e-01,1.500000000000e+00,8.211338370000e-12
L400T30,B1e17SD1e20,IDVG_VD1P5,-1.899365230000e-01,1.500000000000e+00,1.113385720000e-11
L400T30,B1e17SD1e20,IDVG_VD1P5,-1.899316410000e-01,1.500000000000e+00,1.058470830000e-11
L400T30,B1e17SD1e20,IDVG_VD1P5,-1.899267580000e-01,1.500000000000e+00,1.133961120000e-11
L400T30,B1e17SD1e20,IDVG_VD1P5,-1.899218750000e-01,1.500000000000e+00,7.751881080000e-12
L400T30,B1e17SD1e20,IDVG_VD1P5,-1.899169920000e-01,1.500000000000e+00,9.940283230000e-12
L400T30,B1e17SD1e20,IDVG_VD1P5,-1.899121090000e-01,1.500000000000e+00,1.242197200000e-11
L400T30,B1e17SD1e20,IDVG_VD1P5,-1.899072270000e-01,1.500000000000e+00,1.087401840000e-11
L400T30,B1e17SD1e20,IDVG_VD1P5,-1.899023440000e-01,1.500000000000e+00,1.492578810000e-11
L400T30,B1e17SD1e20,IDVG_VD1P5,-1.898974610000e-01,1.500000000000e+00,1.080606890000e-11
L400T30,B1e17SD1e20,IDVG_VD1P5,-1.898925780000e-01,1.500000000000e+00,9.387871130000e-12
L400T30,B1e17SD1e20,IDVG_VD1P5,-1.898901370000e-01,1.500000000000e+00,4.708837060000e-12
L400T30,B1e17SD1e20,IDVG_VD1P5,-1.898876950000e-01,1.500000000000e+00,5.000828220000e-12
L400T30,B1e17SD1e20,IDVG_VD1P5,-1.898852540000e-01,1.500000000000e+00,1.009497170000e-11
L400T30,B1e17SD1e20,IDVG_VD1P5,-1.898828130000e-01,1.500000000000e+00,6.205001690000e-12
L400T30,B1e17SD1e20,IDVG_VD1P5,-1.898803710000e-01,1.500000000000e+00,8.309860370000e-12
L400T30,B1e17SD1e20,IDVG_VD1P5,-1.898779300000e-01,1.500000000000e+00,9.238910140000e-12
L400T30,B1e17SD1e20,IDVG_VD1P5,-1.898754880000e-01,1.500000000000e+00,8.851288260000e-12
L400T30,B1e17SD1e20,IDVG_VD1P5,-1.898730470000e-01,1.500000000000e+00,5.583984380000e-12
L400T30,B1e17SD1e20,IDVG_VD1P5,-1.898706050000e-01,1.500000000000e+00,1.002388160000e-11
L400T30,B1e17SD1e20,IDVG_VD1P5,-1.898681640000e-01,1.500000000000e+00,9.274086880000e-12
L400T30,B1e17SD1e20,IDVG_VD1P5,-1.898657230000e-01,1.500000000000e+00,9.322227300000e-12
L400T30,B1e17SD1e20,IDVG_VD1P5,-1.898632810000e-01,1.500000000000e+00,9.265443880000e-12
L400T30,B1e17SD1e20,IDVG_VD1P5,-1.898608400000e-01,1.500000000000e+00,1.109487960000e-11
L400T30,B1e17SD1e20,IDVG_VD1P5,-1.898583980000e-01,1.500000000000e+00,8.469053230000e-12
L400T30,B1e17SD1e20,IDVG_VD1P5,-1.898559570000e-01,1.500000000000e+00,1.537774000000e-11
L400T30,B1e17SD1e20,IDVG_VD1P5,-1.898535160000e-01,1.500000000000e+00,1.432126010000e-11
L400T30,B1e17SD1e20,IDVG_VD1P5,-1.898510740000e-01,1.500000000000e+00,1.216137630000e-11
L400T30,B1e17SD1e20,IDVG_VD1P5,-1.898486330000e-01,1.500000000000e+00,1.301860570000e-11
L400T30,B1e17SD1e20,IDVG_VD1P5,-1.898461910000e-01,1.500000000000e+00,1.447273860000e-11
L400T30,B1e17SD1e20,IDVG_VD1P5,-1.898437500000e-01,1.500000000000e+00,1.050222300000e-11
L400T30,B1e17SD1e20,IDVG_VD1P5,-1.898413090000e-01,1.500000000000e+00,9.078815920000e-12
L400T30,B1e17SD1e20,IDVG_VD1P5,-1.898388670000e-01,1.500000000000e+00,1.339082940000e-11
L400T30,B1e17SD1e20,IDVG_VD1P5,-1.898364260000e-01,1.500000000000e+00,1.348025490000e-11
L400T30,B1e17SD1e20,IDVG_VD1P5,-1.898339840000e-01,1.500000000000e+00,1.225299520000e-11
L400T30,B1e17SD1e20,IDVG_VD1P5,-1.898315430000e-01,1.500000000000e+00,1.388727050000e-11
L400T30,B1e17SD1e20,IDVG_VD1P5,-1.898291020000e-01,1.500000000000e+00,1.434005160000e-11
L400T30,B1e17SD1e20,IDVG_VD1P5,-1.898266600000e-01,1.500000000000e+00,7.365405690000e-12
L400T30,B1e17SD1e20,IDVG_VD1P5,-1.898242190000e-01,1.500000000000e+00,1.270355130000e-11
L400T30,B1e17SD1e20,IDVG_VD1P5,-1.898217770000e-01,1.500000000000e+00,1.157837700000e-11
L400T30,B1e17SD1e20,IDVG_VD1P5,-1.898193360000e-01,1.500000000000e+00,1.244424900000e-11
L400T30,B1e17SD1e20,IDVG_VD1P5,-1.898168950000e-01,1.500000000000e+00,6.212150970000e-12
L400T30,B1e17SD1e20,IDVG_VD1P5,-1.898144530000e-01,1.500000000000e+00,8.992225660000e-12
L400T30,B1e17SD1e20,IDVG_VD1P5,-1.898120120000e-01,1.500000000000e+00,7.085838700000e-12
L400T30,B1e17SD1e20,IDVG_VD1P5,-1.898095700000e-01,1.500000000000e+00,6.950559810000e-12
L400T30,B1e17SD1e20,IDVG_VD1P5,-1.898071290000e-01,1.500000000000e+00,1.002704820000e-11
L400T30,B1e17SD1e20,IDVG_VD1P5,-1.898046880000e-01,1.500000000000e+00,8.648915090000e-12
L400T30,B1e17SD1e20,IDVG_VD1P5,-1.898022460000e-01,1.500000000000e+00,8.807829100000e-12
L400T30,B1e17SD1e20,IDVG_VD1P5,-1.897998050000e-01,1.500000000000e+00,9.430079040000e-12
L400T30,B1e17SD1e20,IDVG_VD1P5,-1.897973630000e-01,1.500000000000e+00,9.858059270000e-12
L400T30,B1e17SD1e20,IDVG_VD1P5,-1.897949220000e-01,1.500000000000e+00,9.099316780000e-12
L400T30,B1e17SD1e20,IDVG_VD1P5,-1.897924800000e-01,1.500000000000e+00,1.339133490000e-11
L400T30,B1e17SD1e20,IDVG_VD1P5,-1.897900390000e-01,1.500000000000e+00,1.151467870000e-11
L400T30,B1e17SD1e20,IDVG_VD1P5,-1.897875980000e-01,1.500000000000e+00,1.105215120000e-11
L400T30,B1e17SD1e20,IDVG_VD1P5,-1.897851560000e-01,1.500000000000e+00,9.421072100000e-12
L400T30,B1e17SD1e20,IDVG_VD1P5,-1.897827150000e-01,1.500000000000e+00,1.062688200000e-11
L400T30,B1e17SD1e20,IDVG_VD1P5,-1.897802730000e-01,1.500000000000e+00,1.062495300000e-11
L400T30,B1e17SD1e20,IDVG_VD1P5,-1.897778320000e-01,1.500000000000e+00,1.189956700000e-11
L400T30,B1e17SD1e20,IDVG_VD1P5,-1.897753910000e-01,1.500000000000e+00,8.002008170000e-12
L400T30,B1e17SD1e20,IDVG_VD1P5,-1.897729490000e-01,1.500000000000e+00,9.910532600000e-12
L400T30,B1e17SD1e20,IDVG_VD1P5,-1.897705080000e-01,1.500000000000e+00,1.032713370000e-11
L400T30,B1e17SD1e20,IDVG_VD1P5,-1.897680660000e-01,1.500000000000e+00,9.642543900000e-12
L400T30,B1e17SD1e20,IDVG_VD1P5,-1.897656250000e-01,1.500000000000e+00,8.670726570000e-12
L400T30,B1e17SD1e20,IDVG_VD1P5,-1.897631840000e-01,1.500000000000e+00,1.280816900000e-11
L400T30,B1e17SD1e20,IDVG_VD1P5,-1.897607420000e-01,1.500000000000e+00,9.811537630000e-12
L400T30,B1e17SD1e20,IDVG_VD1P5,-1.897583010000e-01,1.500000000000e+00,9.040072430000e-12
L400T30,B1e17SD1e20,IDVG_VD1P5,-1.897558590000e-01,1.500000000000e+00,1.063408090000e-11
L400T30,B1e17SD1e20,IDVG_VD1P5,-1.897534180000e-01,1.500000000000e+00,1.026479670000e-11
L400T30,B1e17SD1e20,IDVG_VD1P5,-1.897509770000e-01,1.500000000000e+00,6.909101270000e-12
L400T30,B1e17SD1e20,IDVG_VD1P5,-1.897485350000e-01,1.500000000000e+00,7.016968480000e-12
L400T30,B1e17SD1e20,IDVG_VD1P5,-1.897460940000e-01,1.500000000000e+00,1.196189350000e-11
L400T30,B1e17SD1e20,IDVG_VD1P5,-1.897436520000e-01,1.500000000000e+00,9.514634360000e-12
L400T30,B1e17SD1e20,IDVG_VD1P5,-1.897412110000e-01,1.500000000000e+00,1.310824430000e-11
L400T30,B1e17SD1e20,IDVG_VD1P5,-1.897387700000e-01,1.500000000000e+00,1.220386140000e-11
L400T30,B1e17SD1e20,IDVG_VD1P5,-1.897363280000e-01,1.500000000000e+00,9.887928480000e-12
L400T30,B1e17SD1e20,IDVG_VD1P5,-1.897338870000e-01,1.500000000000e+00,8.172721350000e-12
L400T30,B1e17SD1e20,IDVG_VD1P5,-1.897314450000e-01,1.500000000000e+00,1.069270130000e-11
L400T30,B1e17SD1e20,IDVG_VD1P5,-1.897290040000e-01,1.500000000000e+00,1.511401470000e-11
L400T30,B1e17SD1e20,IDVG_VD1P5,-1.897265630000e-01,1.500000000000e+00,1.337072660000e-11
L400T30,B1e17SD1e20,IDVG_VD1P5,-1.897241210000e-01,1.500000000000e+00,1.336675870000e-11
L400T30,B1e17SD1e20,IDVG_VD1P5,-1.897216800000e-01,1.500000000000e+00,1.136272720000e-11
L400T30,B1e17SD1e20,IDVG_VD1P5,-1.897192380000e-01,1.500000000000e+00,9.973269340000e-12
L400T30,B1e17SD1e20,IDVG_VD1P5,-1.897167970000e-01,1.500000000000e+00,1.509201080000e-11
L400T30,B1e17SD1e20,IDVG_VD1P5,-1.897143550000e-01,1.500000000000e+00,1.236511800000e-11
L400T30,B1e17SD1e20,IDVG_VD1P5,-1.897119140000e-01,1.500000000000e+00,1.448819110000e-11
L400T30,B1e17SD1e20,IDVG_VD1P5,-1.897094730000e-01,1.500000000000e+00,1.390061360000e-11
L400T30,B1e17SD1e20,IDVG_VD1P5,-1.897070310000e-01,1.500000000000e+00,1.464294360000e-11
L400T30,B1e17SD1e20,IDVG_VD1P5,-1.897045900000e-01,1.500000000000e+00,1.118166370000e-11
L400T30,B1e17SD1e20,IDVG_VD1P5,-1.897021480000e-01,1.500000000000e+00,1.095219070000e-11
L400T30,B1e17SD1e20,IDVG_VD1P5,-1.896997070000e-01,1.500000000000e+00,1.549954540000e-11
L400T30,B1e17SD1e20,IDVG_VD1P5,-1.896972660000e-01,1.500000000000e+00,1.515268370000e-11
L400T30,B1e17SD1e20,IDVG_VD1P5,-1.896948240000e-01,1.500000000000e+00,1.537388750000e-11
L400T30,B1e17SD1e20,IDVG_VD1P5,-1.896923830000e-01,1.500000000000e+00,1.378499040000e-11
L400T30,B1e17SD1e20,IDVG_VD1P5,-1.896899410000e-01,1.500000000000e+00,1.712371600000e-11
L400T30,B1e17SD1e20,IDVG_VD1P5,-1.896875000000e-01,1.500000000000e+00,1.730948240000e-11
L400T30,B1e17SD1e20,IDVG_VD1P5,-1.896850590000e-01,1.500000000000e+00,1.810587750000e-11
L400T30,B1e17SD1e20,IDVG_VD1P5,-1.896838380000e-01,1.500000000000e+00,1.561584790000e-11
L400T30,B1e17SD1e20,IDVG_VD1P5,-1.896826170000e-01,1.500000000000e+00,1.680256060000e-11
L400T30,B1e17SD1e20,IDVG_VD1P5,-1.896813960000e-01,1.500000000000e+00,1.618545540000e-11
L400T30,B1e17SD1e20,IDVG_VD1P5,-1.896801760000e-01,1.500000000000e+00,1.740477580000e-11
L400T30,B1e17SD1e20,IDVG_VD1P5,-1.896789550000e-01,1.500000000000e+00,1.540124710000e-11
L400T30,B1e17SD1e20,IDVG_VD1P5,-1.896777340000e-01,1.500000000000e+00,1.268120470000e-11
L400T30,B1e17SD1e20,IDVG_VD1P5,-1.896765140000e-01,1.500000000000e+00,1.390088710000e-11
L400T30,B1e17SD1e20,IDVG_VD1P5,-1.896752930000e-01,1.500000000000e+00,1.203454300000e-11
L400T30,B1e17SD1e20,IDVG_VD1P5,-1.896740720000e-01,1.500000000000e+00,1.493771620000e-11
L400T30,B1e17SD1e20,IDVG_VD1P5,-1.896728520000e-01,1.500000000000e+00,1.638845060000e-11
L400T30,B1e17SD1e20,IDVG_VD1P5,-1.896716310000e-01,1.500000000000e+00,1.781894940000e-11
L400T30,B1e17SD1e20,IDVG_VD1P5,-1.896704100000e-01,1.500000000000e+00,1.790055980000e-11
L400T30,B1e17SD1e20,IDVG_VD1P5,-1.896691890000e-01,1.500000000000e+00,1.615701220000e-11
L400T30,B1e17SD1e20,IDVG_VD1P5,-1.896679690000e-01,1.500000000000e+00,1.786751280000e-11
L400T30,B1e17SD1e20,IDVG_VD1P5,-1.896667480000e-01,1.500000000000e+00,1.760946120000e-11
L400T30,B1e17SD1e20,IDVG_VD1P5,-1.896655270000e-01,1.500000000000e+00,1.925238410000e-11
L400T30,B1e17SD1e20,IDVG_VD1P5,-1.896643070000e-01,1.500000000000e+00,1.763384240000e-11
L400T30,B1e17SD1e20,IDVG_VD1P5,-1.896630860000e-01,1.500000000000e+00,2.091193980000e-11
L400T30,B1e17SD1e20,IDVG_VD1P5,-1.896618650000e-01,1.500000000000e+00,1.970430900000e-11
L400T30,B1e17SD1e20,IDVG_VD1P5,-1.896612550000e-01,1.500000000000e+00,1.461895560000e-11
L400T30,B1e17SD1e20,IDVG_VD1P5,-1.896606450000e-01,1.500000000000e+00,1.539578100000e-11
L400T30,B1e17SD1e20,IDVG_VD1P5,-1.896600340000e-01,1.500000000000e+00,1.781240470000e-11
L400T30,B1e17SD1e20,IDVG_VD1P5,-1.896594240000e-01,1.500000000000e+00,1.880345820000e-11
L400T30,B1e17SD1e20,IDVG_VD1P5,-1.896588130000e-01,1.500000000000e+00,1.650540080000e-11
L400T30,B1e17SD1e20,IDVG_VD1P5,-1.896582030000e-01,1.500000000000e+00,1.408230110000e-11
L400T30,B1e17SD1e20,IDVG_VD1P5,-1.896575930000e-01,1.500000000000e+00,1.501679550000e-11
L400T30,B1e17SD1e20,IDVG_VD1P5,-1.896569820000e-01,1.500000000000e+00,1.606087610000e-11
L400T30,B1e17SD1e20,IDVG_VD1P5,-1.896563720000e-01,1.500000000000e+00,1.846262970000e-11
L400T30,B1e17SD1e20,IDVG_VD1P5,-1.896557620000e-01,1.500000000000e+00,1.613899190000e-11
L400T30,B1e17SD1e20,IDVG_VD1P5,-1.896551510000e-01,1.500000000000e+00,1.711876720000e-11
L400T30,B1e17SD1e20,IDVG_VD1P5,-1.896545410000e-01,1.500000000000e+00,1.813062320000e-11
L400T30,B1e17SD1e20,IDVG_VD1P5,-1.896539310000e-01,1.500000000000e+00,1.624678470000e-11
L400T30,B1e17SD1e20,IDVG_VD1P5,-1.896533200000e-01,1.500000000000e+00,1.869828710000e-11
L400T30,B1e17SD1e20,IDVG_VD1P5,-1.896527100000e-01,1.500000000000e+00,1.640228640000e-11
L400T30,B1e17SD1e20,IDVG_VD1P5,-1.896521000000e-01,1.500000000000e+00,1.755817260000e-11
L400T30,B1e17SD1e20,IDVG_VD1P5,-1.896514890000e-01,1.500000000000e+00,1.856069520000e-11
L400T30,B1e17SD1e20,IDVG_VD1P5,-1.896508790000e-01,1.500000000000e+00,1.950579890000e-11
L400T30,B1e17SD1e20,IDVG_VD1P5,-1.896502690000e-01,1.500000000000e+00,2.063832970000e-11
L400T30,B1e17SD1e20,IDVG_VD1P5,-1.896496580000e-01,1.500000000000e+00,1.718185480000e-11
L400T30,B1e17SD1e20,IDVG_VD1P5,-1.896490480000e-01,1.500000000000e+00,1.814421860000e-11
L400T30,B1e17SD1e20,IDVG_VD1P5,-1.896484380000e-01,1.500000000000e+00,1.930164450000e-11
L400T30,B1e17SD1e20,IDVG_VD1P5,-1.896478270000e-01,1.500000000000e+00,1.711930420000e-11
L400T30,B1e17SD1e20,IDVG_VD1P5,-1.896472170000e-01,1.500000000000e+00,1.824598480000e-11
L400T30,B1e17SD1e20,IDVG_VD1P5,-1.896466060000e-01,1.500000000000e+00,1.594332620000e-11
L400T30,B1e17SD1e20,IDVG_VD1P5,-1.896459960000e-01,1.500000000000e+00,1.565319430000e-11
L400T30,B1e17SD1e20,IDVG_VD1P5,-1.896453860000e-01,1.500000000000e+00,1.675797490000e-11
L400T30,B1e17SD1e20,IDVG_VD1P5,-1.896447750000e-01,1.500000000000e+00,1.779533310000e-11
L400T30,B1e17SD1e20,IDVG_VD1P5,-1.896441650000e-01,1.500000000000e+00,1.574340940000e-11
L400T30,B1e17SD1e20,IDVG_VD1P5,-1.896435550000e-01,1.500000000000e+00,1.693128910000e-11
L400T30,B1e17SD1e20,IDVG_VD1P5,-1.896429440000e-01,1.500000000000e+00,1.810800820000e-11
L400T30,B1e17SD1e20,IDVG_VD1P5,-1.896423340000e-01,1.500000000000e+00,2.071743270000e-11
L400T30,B1e17SD1e20,IDVG_VD1P5,-1.896417240000e-01,1.500000000000e+00,2.180626340000e-11
L400T30,B1e17SD1e20,IDVG_VD1P5,-1.896411130000e-01,1.500000000000e+00,1.670343060000e-11
L400T30,B1e17SD1e20,IDVG_VD1P5,-1.896405030000e-01,1.500000000000e+00,1.784117770000e-11
L400T30,B1e17SD1e20,IDVG_VD1P5,-1.896398930000e-01,1.500000000000e+00,1.893082450000e-11
L400T30,B1e17SD1e20,IDVG_VD1P5,-1.896392820000e-01,1.500000000000e+00,2.023361730000e-11
L400T30,B1e17SD1e20,IDVG_VD1P5,-1.896386720000e-01,1.500000000000e+00,1.936864060000e-11
L400T30,B1e17SD1e20,IDVG_VD1P5,-1.896380620000e-01,1.500000000000e+00,2.063859480000e-11
L400T30,B1e17SD1e20,IDVG_VD1P5,-1.896374510000e-01,1.500000000000e+00,1.563119900000e-11
L400T30,B1e17SD1e20,IDVG_VD1P5,-1.896368410000e-01,1.500000000000e+00,1.688887970000e-11
L400T30,B1e17SD1e20,IDVG_VD1P5,-1.896362300000e-01,1.500000000000e+00,1.504450400000e-11
L400T30,B1e17SD1e20,IDVG_VD1P5,-1.896356200000e-01,1.500000000000e+00,1.766963270000e-11
L400T30,B1e17SD1e20,IDVG_VD1P5,-1.896350100000e-01,1.500000000000e+00,1.569333030000e-11
L400T30,B1e17SD1e20,IDVG_VD1P5,-1.896343990000e-01,1.500000000000e+00,1.353882980000e-11
L400T30,B1e17SD1e20,IDVG_VD1P5,-1.896337890000e-01,1.500000000000e+00,1.131736030000e-11
L400T30,B1e17SD1e20,IDVG_VD1P5,-1.896331790000e-01,1.500000000000e+00,1.260063180000e-11
L400T30,B1e17SD1e20,IDVG_VD1P5,-1.896325680000e-01,1.500000000000e+00,1.069558310000e-11
L400T30,B1e17SD1e20,IDVG_VD1P5,-1.896319580000e-01,1.500000000000e+00,1.331847520000e-11
L400T30,B1e17SD1e20,IDVG_VD1P5,-1.896313480000e-01,1.500000000000e+00,1.157029090000e-11
L400T30,B1e17SD1e20,IDVG_VD1P5,-1.896307370000e-01,1.500000000000e+00,1.272921890000e-11
L400T30,B1e17SD1e20,IDVG_VD1P5,-1.896301270000e-01,1.500000000000e+00,1.414719180000e-11
L400T30,B1e17SD1e20,IDVG_VD1P5,-1.896295170000e-01,1.500000000000e+00,9.336458970000e-12
L400T30,B1e17SD1e20,IDVG_VD1P5,-1.896289060000e-01,1.500000000000e+00,1.056523250000e-11
L400T30,B1e17SD1e20,IDVG_VD1P5,-1.896282960000e-01,1.500000000000e+00,1.350444820000e-11
L400T30,B1e17SD1e20,IDVG_VD1P5,-1.896276860000e-01,1.500000000000e+00,1.167447270000e-11
L400T30,B1e17SD1e20,IDVG_VD1P5,-1.896270750000e-01,1.500000000000e+00,1.293194750000e-11
L400T30,B1e17SD1e20,IDVG_VD1P5,-1.896264650000e-01,1.500000000000e+00,1.119454390000e-11
L400T30,B1e17SD1e20,IDVG_VD1P5,-1.896258540000e-01,1.500000000000e+00,8.951120430000e-12
L400T30,B1e17SD1e20,IDVG_VD1P5,-1.896252440000e-01,1.500000000000e+00,1.021724310000e-11
L400T30,B1e17SD1e20,IDVG_VD1P5,-1.896246340000e-01,1.500000000000e+00,1.327087910000e-11
L400T30,B1e17SD1e20,IDVG_VD1P5,-1.896240230000e-01,1.500000000000e+00,1.129123770000e-11
L400T30,B1e17SD1e20,IDVG_VD1P5,-1.896234130000e-01,1.500000000000e+00,9.569855970000e-12
L400T30,B1e17SD1e20,IDVG_VD1P5,-1.896228030000e-01,1.500000000000e+00,7.846140700000e-12
L400T30,B1e17SD1e20,IDVG_VD1P5,-1.896221920000e-01,1.500000000000e+00,9.291631860000e-12
L400T30,B1e17SD1e20,IDVG_VD1P5,-1.896215820000e-01,1.500000000000e+00,7.930745530000e-12
L400T30,B1e17SD1e20,IDVG_VD1P5,-1.896209720000e-01,1.500000000000e+00,1.527463780000e-12
L400T30,B1e17SD1e20,IDVG_VD1P5,-1.896203610000e-01,1.500000000000e+00,3.033454360000e-12
L400T30,B1e17SD1e20,IDVG_VD1P5,-1.896197510000e-01,1.500000000000e+00,4.462839810000e-12
L400T30,B1e17SD1e20,IDVG_VD1P5,-1.896191410000e-01,1.500000000000e+00,5.822748870000e-12
L400T30,B1e17SD1e20,IDVG_VD1P5,-1.896185300000e-01,1.500000000000e+00,7.417631550000e-12
L400T30,B1e17SD1e20,IDVG_VD1P5,-1.896179200000e-01,1.500000000000e+00,2.373118300000e-12
L400T30,B1e17SD1e20,IDVG_VD1P5,-1.896173100000e-01,1.500000000000e+00,5.400511430000e-12
L400T30,B1e17SD1e20,IDVG_VD1P5,-1.896166990000e-01,1.500000000000e+00,6.973964740000e-12
L400T30,B1e17SD1e20,IDVG_VD1P5,-1.896160890000e-01,1.500000000000e+00,8.504968010000e-12
L400T30,B1e17SD1e20,IDVG_VD1P5,-1.896154790000e-01,1.500000000000e+00,6.779123000000e-12
L400T30,B1e17SD1e20,IDVG_VD1P5,-1.896148680000e-01,1.500000000000e+00,4.958451900000e-12
L400T30,B1e17SD1e20,IDVG_VD1P5,-1.896142580000e-01,1.500000000000e+00,4.491779840000e-12
L400T30,B1e17SD1e20,IDVG_VD1P5,-1.896136470000e-01,1.500000000000e+00,6.018876400000e-12
L400T30,B1e17SD1e20,IDVG_VD1P5,-1.896130370000e-01,1.500000000000e+00,4.838342310000e-12
L400T30,B1e17SD1e20,IDVG_VD1P5,-1.896124270000e-01,1.500000000000e+00,-4.866843070000e-15
L400T30,B1e17SD1e20,IDVG_VD1P5,-1.896118160000e-01,1.500000000000e+00,1.615007590000e-12
L400T30,B1e17SD1e20,IDVG_VD1P5,-1.896112060000e-01,1.500000000000e+00,3.024212240000e-12
L400T30,B1e17SD1e20,IDVG_VD1P5,-1.896105960000e-01,1.500000000000e+00,6.172391000000e-12
L400T30,B1e17SD1e20,IDVG_VD1P5,-1.896099850000e-01,1.500000000000e+00,4.471716200000e-12
L400T30,B1e17SD1e20,IDVG_VD1P5,-1.896096800000e-01,1.500000000000e+00,6.217268790000e-12
L400T30,B1e17SD1e20,IDVG_VD1P5,-1.896093750000e-01,1.500000000000e+00,2.882481980000e-12
L400T30,B1e17SD1e20,IDVG_VD1P5,-1.896090700000e-01,1.500000000000e+00,1.324829310000e-12
L400T30,B1e17SD1e20,IDVG_VD1P5,-1.896087650000e-01,1.500000000000e+00,4.605712810000e-12
L400T30,B1e17SD1e20,IDVG_VD1P5,-1.896084590000e-01,1.500000000000e+00,4.472749630000e-12
L400T30,B1e17SD1e20,IDVG_VD1P5,-1.896081540000e-01,1.500000000000e+00,6.111041420000e-12
L400T30,B1e17SD1e20,IDVG_VD1P5,-1.896078490000e-01,1.500000000000e+00,6.148667620000e-12
L400T30,B1e17SD1e20,IDVG_VD1P5,-1.896075440000e-01,1.500000000000e+00,4.558081910000e-12
L400T30,B1e17SD1e20,IDVG_VD1P5,-1.896072390000e-01,1.500000000000e+00,7.745261910000e-12
L400T30,B1e17SD1e20,IDVG_VD1P5,-1.896069340000e-01,1.500000000000e+00,7.675300650000e-12
L400T30,B1e17SD1e20,IDVG_VD1P5,-1.896066280000e-01,1.500000000000e+00,6.168280530000e-12
L400T30,B1e17SD1e20,IDVG_VD1P5,-1.896063230000e-01,1.500000000000e+00,6.078566430000e-12
L400T30,B1e17SD1e20,IDVG_VD1P5,-1.896060180000e-01,1.500000000000e+00,4.514968150000e-12
L400T30,B1e17SD1e20,IDVG_VD1P5,-1.896057130000e-01,1.500000000000e+00,7.704666260000e-12
L400T30,B1e17SD1e20,IDVG_VD1P5,-1.896054080000e-01,1.500000000000e+00,6.198930770000e-12
L400T30,B1e17SD1e20,IDVG_VD1P5,-1.896051030000e-01,1.500000000000e+00,6.264609850000e-12
L400T30,B1e17SD1e20,IDVG_VD1P5,-1.896047970000e-01,1.500000000000e+00,6.597438380000e-12
L400T30,B1e17SD1e20,IDVG_VD1P5,-1.896044920000e-01,1.500000000000e+00,5.139345560000e-12
L400T30,B1e17SD1e20,IDVG_VD1P5,-1.896041870000e-01,1.500000000000e+00,5.112752260000e-12
L400T30,B1e17SD1e20,IDVG_VD1P5,-1.896038820000e-01,1.500000000000e+00,6.852529210000e-12
L400T30,B1e17SD1e20,IDVG_VD1P5,-1.896035770000e-01,1.500000000000e+00,3.562506150000e-12
L400T30,B1e17SD1e20,IDVG_VD1P5,-1.896032710000e-01,1.500000000000e+00,3.492924200000e-12
L400T30,B1e17SD1e20,IDVG_VD1P5,-1.896029660000e-01,1.500000000000e+00,5.205480560000e-12
L400T30,B1e17SD1e20,IDVG_VD1P5,-1.896026610000e-01,1.500000000000e+00,5.201331940000e-12
L400T30,B1e17SD1e20,IDVG_VD1P5,-1.896023560000e-01,1.500000000000e+00,6.890618480000e-12
L400T30,B1e17SD1e20,IDVG_VD1P5,-1.896020510000e-01,1.500000000000e+00,6.973656350000e-12
L400T30,B1e17SD1e20,IDVG_VD1P5,-1.896017460000e-01,1.500000000000e+00,6.936758470000e-12
L400T30,B1e17SD1e20,IDVG_VD1P5,-1.896014400000e-01,1.500000000000e+00,8.580367950000e-12
L400T30,B1e17SD1e20,IDVG_VD1P5,-1.896011350000e-01,1.500000000000e+00,8.668558270000e-12
L400T30,B1e17SD1e20,IDVG_VD1P5,-1.896008300000e-01,1.500000000000e+00,3.982041570000e-12
L400T30,B1e17SD1e20,IDVG_VD1P5,-1.896006770000e-01,1.500000000000e+00,7.150909150000e-12
L400T30,B1e17SD1e20,IDVG_VD1P5,-1.896005250000e-01,1.500000000000e+00,7.030212880000e-12
L400T30,B1e17SD1e20,IDVG_VD1P5,-1.896003720000e-01,1.500000000000e+00,7.013656950000e-12
L400T30,B1e17SD1e20,IDVG_VD1P5,-1.896002200000e-01,1.500000000000e+00,5.608007620000e-12
L400T30,B1e17SD1e20,IDVG_VD1P5,-1.896000670000e-01,1.500000000000e+00,5.642480040000e-12
L400T30,B1e17SD1e20,IDVG_VD1P5,-1.895999150000e-01,1.500000000000e+00,5.637384810000e-12
L400T30,B1e17SD1e20,IDVG_VD1P5,-1.895997620000e-01,1.500000000000e+00,8.821497840000e-12
L400T30,B1e17SD1e20,IDVG_VD1P5,-1.895996090000e-01,1.500000000000e+00,8.887557620000e-12
L400T30,B1e17SD1e20,IDVG_VD1P5,-1.895994570000e-01,1.500000000000e+00,7.392797340000e-12
L400T30,B1e17SD1e20,IDVG_VD1P5,-1.895993040000e-01,1.500000000000e+00,7.413196780000e-12
L400T30,B1e17SD1e20,IDVG_VD1P5,-1.895991520000e-01,1.500000000000e+00,7.413141410000e-12
L400T30,B1e17SD1e20,IDVG_VD1P5,-1.895989990000e-01,1.500000000000e+00,7.512292910000e-12
L400T30,B1e17SD1e20,IDVG_VD1P5,-1.895988460000e-01,1.500000000000e+00,1.071548500000e-11
L400T30,B1e17SD1e20,IDVG_VD1P5,-1.895986940000e-01,1.500000000000e+00,9.141395760000e-12
L400T30,B1e17SD1e20,IDVG_VD1P5,-1.895985410000e-01,1.500000000000e+00,9.273954260000e-12
L400T30,B1e17SD1e20,IDVG_VD1P5,-1.895983890000e-01,1.500000000000e+00,9.215722520000e-12
L400T30,B1e17SD1e20,IDVG_VD1P5,-1.895982360000e-01,1.500000000000e+00,9.249807390000e-12
L400T30,B1e17SD1e20,IDVG_VD1P5,-1.895980830000e-01,1.500000000000e+00,1.239186660000e-11
L400T30,B1e17SD1e20,IDVG_VD1P5,-1.895979310000e-01,1.500000000000e+00,7.645623830000e-12
L400T30,B1e17SD1e20,IDVG_VD1P5,-1.895977780000e-01,1.500000000000e+00,7.762175430000e-12
L400T30,B1e17SD1e20,IDVG_VD1P5,-1.895976260000e-01,1.500000000000e+00,7.626165740000e-12
L400T30,B1e17SD1e20,IDVG_VD1P5,-1.895974730000e-01,1.500000000000e+00,7.661427340000e-12
L400T30,B1e17SD1e20,IDVG_VD1P5,-1.895973210000e-01,1.500000000000e+00,7.658580450000e-12
L400T30,B1e17SD1e20,IDVG_VD1P5,-1.895971680000e-01,1.500000000000e+00,9.452239980000e-12
L400T30,B1e17SD1e20,IDVG_VD1P5,-1.895970150000e-01,1.500000000000e+00,9.489492100000e-12
L400T30,B1e17SD1e20,IDVG_VD1P5,-1.895968630000e-01,1.500000000000e+00,9.524515890000e-12
L400T30,B1e17SD1e20,IDVG_VD1P5,-1.895967100000e-01,1.500000000000e+00,6.666523830000e-12
L400T30,B1e17SD1e20,IDVG_VD1P5,-1.895965580000e-01,1.500000000000e+00,5.183345790000e-12
L400T30,B1e17SD1e20,IDVG_VD1P5,-1.895964050000e-01,1.500000000000e+00,5.130648390000e-12
L400T30,B1e17SD1e20,IDVG_VD1P5,-1.895962520000e-01,1.500000000000e+00,8.532677330000e-12
L400T30,B1e17SD1e20,IDVG_VD1P5,-1.895961000000e-01,1.500000000000e+00,8.492598830000e-12
L400T30,B1e17SD1e20,IDVG_VD1P5,-1.895959470000e-01,1.500000000000e+00,8.549041610000e-12
L400T30,B1e17SD1e20,IDVG_VD1P5,-1.895957950000e-01,1.500000000000e+00,7.111265980000e-12
L400T30,B1e17SD1e20,IDVG_VD1P5,-1.895956420000e-01,1.500000000000e+00,7.085623630000e-12
L400T30,B1e17SD1e20,IDVG_VD1P5,-1.895954900000e-01,1.500000000000e+00,1.027381980000e-11
L400T30,B1e17SD1e20,IDVG_VD1P5,-1.895953370000e-01,1.500000000000e+00,1.026730110000e-11
L400T30,B1e17SD1e20,IDVG_VD1P5,-1.895951840000e-01,1.500000000000e+00,1.033472690000e-11
L400T30,B1e17SD1e20,IDVG_VD1P5,-1.895950320000e-01,1.500000000000e+00,5.664203800000e-12
L400T30,B1e17SD1e20,IDVG_VD1P5,-1.895948790000e-01,1.500000000000e+00,5.468766900000e-12
L400T30,B1e17SD1e20,IDVG_VD1P5,-1.895947270000e-01,1.500000000000e+00,5.666658170000e-12
L400T30,B1e17SD1e20,IDVG_VD1P5,-1.895945740000e-01,1.500000000000e+00,8.895851350000e-12
L400T30,B1e17SD1e20,IDVG_VD1P5,-1.895944210000e-01,1.500000000000e+00,8.969071290000e-12
L400T30,B1e17SD1e20,IDVG_VD1P5,-1.895942690000e-01,1.500000000000e+00,7.412781590000e-12
L400T30,B1e17SD1e20,IDVG_VD1P5,-1.895941160000e-01,1.500000000000e+00,7.437187290000e-12
L400T30,B1e17SD1e20,IDVG_VD1P5,-1.895939640000e-01,1.500000000000e+00,7.474796430000e-12
L400T30,B1e17SD1e20,IDVG_VD1P5,-1.895938110000e-01,1.500000000000e+00,7.483364080000e-12
L400T30,B1e17SD1e20,IDVG_VD1P5,-1.895936580000e-01,1.500000000000e+00,1.080077100000e-11
L400T30,B1e17SD1e20,IDVG_VD1P5,-1.895935060000e-01,1.500000000000e+00,9.147018320000e-12
L400T30,B1e17SD1e20,IDVG_VD1P5,-1.895933530000e-01,1.500000000000e+00,9.299545170000e-12
L400T30,B1e17SD1e20,IDVG_VD1P5,-1.895932010000e-01,1.500000000000e+00,6.578371140000e-12
L400T30,B1e17SD1e20,IDVG_VD1P5,-1.895930480000e-01,1.500000000000e+00,6.629966700000e-12
L400T30,B1e17SD1e20,IDVG_VD1P5,-1.895928960000e-01,1.500000000000e+00,5.263142480000e-12
L400T30,B1e17SD1e20,IDVG_VD1P5,-1.895927430000e-01,1.500000000000e+00,8.497235880000e-12
L400T30,B1e17SD1e20,IDVG_VD1P5,-1.895925900000e-01,1.500000000000e+00,8.467228250000e-12
L400T30,B1e17SD1e20,IDVG_VD1P5,-1.895924380000e-01,1.500000000000e+00,8.497027740000e-12
L400T30,B1e17SD1e20,IDVG_VD1P5,-1.895922850000e-01,1.500000000000e+00,8.541278360000e-12
L400T30,B1e17SD1e20,IDVG_VD1P5,-1.895921330000e-01,1.500000000000e+00,7.057813350000e-12
L400T30,B1e17SD1e20,IDVG_VD1P5,-1.895919800000e-01,1.500000000000e+00,3.981794940000e-12
L400T30,B1e17SD1e20,IDVG_VD1P5,-1.895918270000e-01,1.500000000000e+00,7.153796190000e-12
L400T30,B1e17SD1e20,IDVG_VD1P5,-1.895916750000e-01,1.500000000000e+00,7.148836970000e-12
L400T30,B1e17SD1e20,IDVG_VD1P5,-1.895915220000e-01,1.500000000000e+00,7.249643390000e-12
L400T30,B1e17SD1e20,IDVG_VD1P5,-1.895913700000e-01,1.500000000000e+00,5.645184070000e-12
L400T30,B1e17SD1e20,IDVG_VD1P5,-1.895912170000e-01,1.500000000000e+00,5.885310310000e-12
L400T30,B1e17SD1e20,IDVG_VD1P5,-1.895910640000e-01,1.500000000000e+00,5.906946260000e-12
L400T30,B1e17SD1e20,IDVG_VD1P5,-1.895909120000e-01,1.500000000000e+00,9.125182730000e-12
L400T30,B1e17SD1e20,IDVG_VD1P5,-1.895907590000e-01,1.500000000000e+00,9.130557490000e-12
L400T30,B1e17SD1e20,IDVG_VD1P5,-1.895906070000e-01,1.500000000000e+00,7.644542180000e-12
L400T30,B1e17SD1e20,IDVG_VD1P5,-1.895904540000e-01,1.500000000000e+00,7.660265230000e-12
L400T30,B1e17SD1e20,IDVG_VD1P5,-1.895903020000e-01,1.500000000000e+00,7.813262380000e-12
L400T30,B1e17SD1e20,IDVG_VD1P5,-1.895901490000e-01,1.500000000000e+00,7.799955630000e-12
L400T30,B1e17SD1e20,IDVG_VD1P5,-1.895899960000e-01,1.500000000000e+00,1.104125400000e-11
L400T30,B1e17SD1e20,IDVG_VD1P5,-1.895898440000e-01,1.500000000000e+00,9.659131250000e-12
L400T30,B1e17SD1e20,IDVG_VD1P5,-1.895896910000e-01,1.500000000000e+00,9.767550640000e-12
L400T30,B1e17SD1e20,IDVG_VD1P5,-1.895895390000e-01,1.500000000000e+00,9.761810390000e-12
L400T30,B1e17SD1e20,IDVG_VD1P5,-1.895893860000e-01,1.500000000000e+00,9.811853930000e-12
L400T30,B1e17SD1e20,IDVG_VD1P5,-1.895892330000e-01,1.500000000000e+00,6.468815670000e-12
L400T30,B1e17SD1e20,IDVG_VD1P5,-1.895890810000e-01,1.500000000000e+00,8.273551950000e-12
L400T30,B1e17SD1e20,IDVG_VD1P5,-1.895889280000e-01,1.500000000000e+00,8.270227410000e-12
L400T30,B1e17SD1e20,IDVG_VD1P5,-1.895887760000e-01,1.500000000000e+00,8.381791990000e-12
L400T30,B1e17SD1e20,IDVG_VD1P5,-1.895886230000e-01,1.500000000000e+00,8.463482390000e-12
L400T30,B1e17SD1e20,IDVG_VD1P5,-1.895884700000e-01,1.500000000000e+00,4.196770200000e-12
L400T30,B1e17SD1e20,IDVG_VD1P5,-1.895883180000e-01,1.500000000000e+00,4.246601680000e-12
L400T30,B1e17SD1e20,IDVG_VD1P5,-1.895881650000e-01,1.500000000000e+00,7.516999510000e-12
L400T30,B1e17SD1e20,IDVG_VD1P5,-1.895880890000e-01,1.500000000000e+00,7.500893050000e-12
L400T30,B1e17SD1e20,IDVG_VD1P5,-1.895880130000e-01,1.500000000000e+00,7.641871730000e-12
L400T30,B1e17SD1e20,IDVG_VD1P5,-1.895879360000e-01,1.500000000000e+00,7.562662440000e-12
L400T30,B1e17SD1e20,IDVG_VD1P5,-1.895878980000e-01,1.500000000000e+00,5.289108500000e-12
L400T30,B1e17SD1e20,IDVG_VD1P5,-1.895878600000e-01,1.500000000000e+00,7.641875630000e-12
L400T30,B1e17SD1e20,IDVG_VD1P5,-1.895878220000e-01,1.500000000000e+00,5.324491970000e-12
L400T30,B1e17SD1e20,IDVG_VD1P5,-1.895877840000e-01,1.500000000000e+00,7.710604550000e-12
L400T30,B1e17SD1e20,IDVG_VD1P5,-1.895877460000e-01,1.500000000000e+00,8.500717750000e-12
L400T30,B1e17SD1e20,IDVG_VD1P5,-1.895877080000e-01,1.500000000000e+00,6.155281480000e-12
L400T30,B1e17SD1e20,IDVG_VD1P5,-1.895876690000e-01,1.500000000000e+00,8.555059050000e-12
L400T30,B1e17SD1e20,IDVG_VD1P5,-1.895876310000e-01,1.500000000000e+00,6.226038540000e-12
L400T30,B1e17SD1e20,IDVG_VD1P5,-1.895875930000e-01,1.500000000000e+00,8.545207640000e-12
L400T30,B1e17SD1e20,IDVG_VD1P5,-1.895875550000e-01,1.500000000000e+00,6.081519230000e-12
L400T30,B1e17SD1e20,IDVG_VD1P5,-1.895875170000e-01,1.500000000000e+00,8.604360820000e-12
L400T30,B1e17SD1e20,IDVG_VD1P5,-1.895874790000e-01,1.500000000000e+00,6.214584490000e-12
L400T30,B1e17SD1e20,IDVG_VD1P5,-1.895874400000e-01,1.500000000000e+00,8.509000580000e-12
L400T30,B1e17SD1e20,IDVG_VD1P5,-1.895874020000e-01,1.500000000000e+00,6.242375080000e-12
L400T30,B1e17SD1e20,IDVG_VD1P5,-1.895873640000e-01,1.500000000000e+00,7.176330890000e-12
L400T30,B1e17SD1e20,IDVG_VD1P5,-1.895873260000e-01,1.500000000000e+00,9.420121580000e-12
L400T30,B1e17SD1e20,IDVG_VD1P5,-1.895872880000e-01,1.500000000000e+00,7.074535960000e-12
L400T30,B1e17SD1e20,IDVG_VD1P5,-1.895872500000e-01,1.500000000000e+00,9.465401120000e-12
L400T30,B1e17SD1e20,IDVG_VD1P5,-1.895872120000e-01,1.500000000000e+00,7.123452910000e-12
L400T30,B1e17SD1e20,IDVG_VD1P5,-1.895871730000e-01,1.500000000000e+00,9.548426530000e-12
L400T30,B1e17SD1e20,IDVG_VD1P5,-1.895871350000e-01,1.500000000000e+00,7.264569270000e-12
L400T30,B1e17SD1e20,IDVG_VD1P5,-1.895870970000e-01,1.500000000000e+00,9.459917530000e-12
L400T30,B1e17SD1e20,IDVG_VD1P5,-1.895870590000e-01,1.500000000000e+00,7.240757790000e-12
L400T30,B1e17SD1e20,IDVG_VD1P5,-1.895870210000e-01,1.500000000000e+00,9.592565800000e-12
L400T30,B1e17SD1e20,IDVG_VD1P5,-1.895869830000e-01,1.500000000000e+00,7.245841090000e-12
L400T30,B1e17SD1e20,IDVG_VD1P5,-1.895869450000e-01,1.500000000000e+00,8.223360580000e-12
L400T30,B1e17SD1e20,IDVG_VD1P5,-1.895869060000e-01,1.500000000000e+00,7.312964340000e-12
L400T30,B1e17SD1e20,IDVG_VD1P5,-1.895868680000e-01,1.500000000000e+00,8.264065300000e-12
L400T30,B1e17SD1e20,IDVG_VD1P5,-1.895868300000e-01,1.500000000000e+00,1.056785260000e-11
L400T30,B1e17SD1e20,IDVG_VD1P5,-1.895867920000e-01,1.500000000000e+00,8.230736160000e-12
L400T30,B1e17SD1e20,IDVG_VD1P5,-1.895867540000e-01,1.500000000000e+00,1.056395460000e-11
L400T30,B1e17SD1e20,IDVG_VD1P5,-1.895867160000e-01,1.500000000000e+00,8.156765900000e-12
L400T30,B1e17SD1e20,IDVG_VD1P5,-1.895866780000e-01,1.500000000000e+00,1.063706600000e-11
L400T30,B1e17SD1e20,IDVG_VD1P5,-1.895866390000e-01,1.500000000000e+00,8.184593410000e-12
L400T30,B1e17SD1e20,IDVG_VD1P5,-1.895866010000e-01,1.500000000000e+00,9.065629950000e-12
L400T30,B1e17SD1e20,IDVG_VD1P5,-1.895865630000e-01,1.500000000000e+00,8.199209140000e-12
L400T30,B1e17SD1e20,IDVG_VD1P5,-1.895865250000e-01,1.500000000000e+00,9.133116880000e-12
L400T30,B1e17SD1e20,IDVG_VD1P5,-1.895864870000e-01,1.500000000000e+00,8.266848580000e-12
L400T30,B1e17SD1e20,IDVG_VD1P5,-1.895864490000e-01,1.500000000000e+00,9.097917790000e-12
L400T30,B1e17SD1e20,IDVG_VD1P5,-1.895864110000e-01,1.500000000000e+00,8.216516280000e-12
L400T30,B1e17SD1e20,IDVG_VD1P5,-1.895863720000e-01,1.500000000000e+00,9.167493950000e-12
L400T30,B1e17SD1e20,IDVG_VD1P5,-1.895863340000e-01,1.500000000000e+00,8.293767810000e-12
L400T30,B1e17SD1e20,IDVG_VD1P5,-1.895862960000e-01,1.500000000000e+00,5.948524990000e-12
L400T30,B1e17SD1e20,IDVG_VD1P5,-1.895862580000e-01,1.500000000000e+00,6.817168540000e-12
L400T30,B1e17SD1e20,IDVG_VD1P5,-1.895862200000e-01,1.500000000000e+00,5.871292520000e-12
L400T30,B1e17SD1e20,IDVG_VD1P5,-1.895861820000e-01,1.500000000000e+00,6.876998700000e-12
L400T30,B1e17SD1e20,IDVG_VD1P5,-1.895861430000e-01,1.500000000000e+00,5.967912420000e-12
L400T30,B1e17SD1e20,IDVG_VD1P5,-1.895861050000e-01,1.500000000000e+00,6.871962770000e-12
L400T30,B1e17SD1e20,IDVG_VD1P5,-1.895860670000e-01,1.500000000000e+00,6.096945960000e-12
L400T30,B1e17SD1e20,IDVG_VD1P5,-1.895860290000e-01,1.500000000000e+00,6.884529690000e-12
L400T30,B1e17SD1e20,IDVG_VD1P5,-1.895859910000e-01,1.500000000000e+00,5.968012520000e-12
L400T30,B1e17SD1e20,IDVG_VD1P5,-1.895859530000e-01,1.500000000000e+00,7.027887830000e-12
L400T30,B1e17SD1e20,IDVG_VD1P5,-1.895859150000e-01,1.500000000000e+00,9.191808620000e-12
L400T30,B1e17SD1e20,IDVG_VD1P5,-1.895858760000e-01,1.500000000000e+00,6.955500720000e-12
L400T30,B1e17SD1e20,IDVG_VD1P5,-1.895858380000e-01,1.500000000000e+00,7.801795710000e-12
L400T30,B1e17SD1e20,IDVG_VD1P5,-1.895858000000e-01,1.500000000000e+00,7.070870130000e-12
L400T30,B1e17SD1e20,IDVG_VD1P5,-1.895857620000e-01,1.500000000000e+00,7.832554710000e-12
L400T30,B1e17SD1e20,IDVG_VD1P5,-1.895857240000e-01,1.500000000000e+00,7.017967700000e-12
L400T30,B1e17SD1e20,IDVG_VD1P5,-1.895856860000e-01,1.500000000000e+00,8.019025430000e-12
L400T30,B1e17SD1e20,IDVG_VD1P5,-1.895856480000e-01,1.500000000000e+00,7.102072660000e-12
L400T30,B1e17SD1e20,IDVG_VD1P5,-1.895856090000e-01,1.500000000000e+00,7.823428690000e-12
L400T30,B1e17SD1e20,IDVG_VD1P5,-1.895855710000e-01,1.500000000000e+00,7.117500520000e-12
L400T30,B1e17SD1e20,IDVG_VD1P5,-1.895855330000e-01,1.500000000000e+00,7.984261130000e-12
L400T30,B1e17SD1e20,IDVG_VD1P5,-1.895854950000e-01,1.500000000000e+00,5.658625070000e-12
L400T30,B1e17SD1e20,IDVG_VD1P5,-1.895854570000e-01,1.500000000000e+00,7.998860030000e-12
L400T30,B1e17SD1e20,IDVG_VD1P5,-1.895854190000e-01,1.500000000000e+00,8.839465040000e-12
L400T30,B1e17SD1e20,IDVG_VD1P5,-1.895853810000e-01,1.500000000000e+00,8.032514950000e-12
L400T30,B1e17SD1e20,IDVG_VD1P5,-1.895853420000e-01,1.500000000000e+00,8.876855870000e-12
L400T30,B1e17SD1e20,IDVG_VD1P5,-1.895853040000e-01,1.500000000000e+00,7.933762800000e-12
L400T30,B1e17SD1e20,IDVG_VD1P5,-1.895852660000e-01,1.500000000000e+00,8.897481180000e-12
L400T30,B1e17SD1e20,IDVG_VD1P5,-1.895852280000e-01,1.500000000000e+00,8.115850130000e-12
L400T30,B1e17SD1e20,IDVG_VD1P5,-1.895851900000e-01,1.500000000000e+00,9.008054420000e-12
L400T30,B1e17SD1e20,IDVG_VD1P5,-1.895851520000e-01,1.500000000000e+00,6.648140930000e-12
L400T30,B1e17SD1e20,IDVG_VD1P5,-1.895851140000e-01,1.500000000000e+00,9.073542480000e-12
L400T30,B1e17SD1e20,IDVG_VD1P5,-1.895850750000e-01,1.500000000000e+00,6.611765210000e-12
L400T30,B1e17SD1e20,IDVG_VD1P5,-1.895850370000e-01,1.500000000000e+00,9.085240690000e-12
L400T30,B1e17SD1e20,IDVG_VD1P5,-1.895849990000e-01,1.500000000000e+00,6.666868220000e-12
L400T30,B1e17SD1e20,IDVG_VD1P5,-1.895849610000e-01,1.500000000000e+00,9.084112200000e-12
L400T30,B1e17SD1e20,IDVG_VD1P5,-1.895849230000e-01,1.500000000000e+00,9.891412030000e-12
L400T30,B1e17SD1e20,IDVG_VD1P5,-1.895848850000e-01,1.500000000000e+00,8.993967070000e-12
L400T30,B1e17SD1e20,IDVG_VD1P5,-1.895848460000e-01,1.500000000000e+00,9.968056260000e-12
L400T30,B1e17SD1e20,IDVG_VD1P5,-1.895848080000e-01,1.500000000000e+00,7.630676140000e-12
L400T30,B1e17SD1e20,IDVG_VD1P5,-1.895847700000e-01,1.500000000000e+00,9.948158340000e-12
L400T30,B1e17SD1e20,IDVG_VD1P5,-1.895847320000e-01,1.500000000000e+00,7.633181740000e-12
L400T30,B1e17SD1e20,IDVG_VD1P5,-1.895846940000e-01,1.500000000000e+00,9.923729470000e-12
L400T30,B1e17SD1e20,IDVG_VD1P5,-1.895846560000e-01,1.500000000000e+00,7.660428770000e-12
L400T30,B1e17SD1e20,IDVG_VD1P5,-1.895846180000e-01,1.500000000000e+00,1.008081010000e-11
L400T30,B1e17SD1e20,IDVG_VD1P5,-1.895845790000e-01,1.500000000000e+00,7.729627090000e-12
L400T30,B1e17SD1e20,IDVG_VD1P5,-1.895845410000e-01,1.500000000000e+00,1.001265260000e-11
L400T30,B1e17SD1e20,IDVG_VD1P5,-1.895845030000e-01,1.500000000000e+00,1.086031580000e-11
L400T30,B1e17SD1e20,IDVG_VD1P5,-1.895844650000e-01,1.500000000000e+00,1.013113260000e-11
L400T30,B1e17SD1e20,IDVG_VD1P5,-1.895844270000e-01,1.500000000000e+00,1.099315680000e-11
L400T30,B1e17SD1e20,IDVG_VD1P5,-1.895843890000e-01,1.500000000000e+00,8.692664410000e-12
L400T30,B1e17SD1e20,IDVG_VD1P5,-1.895843510000e-01,1.500000000000e+00,1.107764130000e-11
L400T30,B1e17SD1e20,IDVG_VD1P5,-1.895843120000e-01,1.500000000000e+00,8.747732020000e-12
L400T30,B1e17SD1e20,IDVG_VD1P5,-1.895842740000e-01,1.500000000000e+00,1.098395440000e-11
L400T30,B1e17SD1e20,IDVG_VD1P5,-1.895842360000e-01,1.500000000000e+00,8.744264380000e-12
L400T30,B1e17SD1e20,IDVG_VD1P5,-1.895841980000e-01,1.500000000000e+00,1.104858540000e-11
L400T30,B1e17SD1e20,IDVG_VD1P5,-1.895841600000e-01,1.500000000000e+00,8.765198470000e-12
L400T30,B1e17SD1e20,IDVG_VD1P5,-1.895841220000e-01,1.500000000000e+00,1.115774210000e-11
L400T30,B1e17SD1e20,IDVG_VD1P5,-1.895840840000e-01,1.500000000000e+00,8.817615450000e-12
L400T30,B1e17SD1e20,IDVG_VD1P5,-1.895840450000e-01,1.500000000000e+00,9.620098030000e-12
L400T30,B1e17SD1e20,IDVG_VD1P5,-1.895840070000e-01,1.500000000000e+00,1.202875340000e-11
L400T30,B1e17SD1e20,IDVG_VD1P5,-1.895839690000e-01,1.500000000000e+00,9.577033560000e-12
L400T30,B1e17SD1e20,IDVG_VD1P5,-1.895839310000e-01,1.500000000000e+00,1.199221220000e-11
L400T30,B1e17SD1e20,IDVG_VD1P5,-1.895838930000e-01,1.500000000000e+00,9.609797240000e-12
L400T30,B1e17SD1e20,IDVG_VD1P5,-1.895838550000e-01,1.500000000000e+00,1.209432320000e-11
L400T30,B1e17SD1e20,IDVG_VD1P5,-1.895838170000e-01,1.500000000000e+00,9.698334730000e-12
L400T30,B1e17SD1e20,IDVG_VD1P5,-1.895837780000e-01,1.500000000000e+00,1.198846900000e-11
L400T30,B1e17SD1e20,IDVG_VD1P5,-1.895837400000e-01,1.500000000000e+00,9.691183980000e-12
L400T30,B1e17SD1e20,IDVG_VD1P5,-1.895837020000e-01,1.500000000000e+00,1.053230120000e-11
L400T30,B1e17SD1e20,IDVG_VD1P5,-1.895836830000e-01,1.500000000000e+00,1.017219330000e-11
L400T30,B1e17SD1e20,IDVG_VD1P5,-1.895836640000e-01,1.500000000000e+00,9.672444020000e-12
L400T30,B1e17SD1e20,IDVG_VD1P5,-1.895836450000e-01,1.500000000000e+00,1.253032080000e-11
L400T30,B1e17SD1e20,IDVG_VD1P5,-1.895836260000e-01,1.500000000000e+00,1.068730260000e-11
L400T30,B1e17SD1e20,IDVG_VD1P5,-1.895836070000e-01,1.500000000000e+00,1.024602500000e-11
L400T30,B1e17SD1e20,IDVG_VD1P5,-1.895835880000e-01,1.500000000000e+00,9.901733340000e-12
L400T30,B1e17SD1e20,IDVG_VD1P5,-1.895835690000e-01,1.500000000000e+00,1.269575670000e-11
L400T30,B1e17SD1e20,IDVG_VD1P5,-1.895835490000e-01,1.500000000000e+00,1.067039250000e-11
L400T30,B1e17SD1e20,IDVG_VD1P5,-1.895835300000e-01,1.500000000000e+00,1.025294930000e-11
L400T30,B1e17SD1e20,IDVG_VD1P5,-1.895835110000e-01,1.500000000000e+00,1.299698790000e-11
L400T30,B1e17SD1e20,IDVG_VD1P5,-1.895834920000e-01,1.500000000000e+00,1.126511490000e-11
L400T30,B1e17SD1e20,IDVG_VD1P5,-1.895834730000e-01,1.500000000000e+00,1.073900800000e-11
L400T30,B1e17SD1e20,IDVG_VD1P5,-1.895834540000e-01,1.500000000000e+00,1.030841830000e-11
L400T30,B1e17SD1e20,IDVG_VD1P5,-1.895834350000e-01,1.500000000000e+00,9.810304200000e-12
L400T30,B1e17SD1e20,IDVG_VD1P5,-1.895834160000e-01,1.500000000000e+00,8.018436320000e-12
L400T30,B1e17SD1e20,IDVG_VD1P5,-1.895833970000e-01,1.500000000000e+00,7.591215390000e-12
L400T30,B1e17SD1e20,IDVG_VD1P5,-1.895833780000e-01,1.500000000000e+00,7.120207980000e-12
L400T30,B1e17SD1e20,IDVG_VD1P5,-1.895833590000e-01,1.500000000000e+00,9.848637010000e-12
L400T30,B1e17SD1e20,IDVG_VD1P5,-1.895833400000e-01,1.500000000000e+00,7.933188870000e-12
L400T30,B1e17SD1e20,IDVG_VD1P5,-1.895833210000e-01,1.500000000000e+00,7.518886880000e-12
L400T30,B1e17SD1e20,IDVG_VD1P5,-1.895833020000e-01,1.500000000000e+00,1.035566960000e-11
L400T30,B1e17SD1e20,IDVG_VD1P5,-1.895832820000e-01,1.500000000000e+00,8.431951800000e-12
L400T30,B1e17SD1e20,IDVG_VD1P5,-1.895832630000e-01,1.500000000000e+00,8.071901890000e-12
L400T30,B1e17SD1e20,IDVG_VD1P5,-1.895832440000e-01,1.500000000000e+00,7.627859780000e-12
L400T30,B1e17SD1e20,IDVG_VD1P5,-1.895832250000e-01,1.500000000000e+00,1.045964350000e-11
L400T30,B1e17SD1e20,IDVG_VD1P5,-1.895832060000e-01,1.500000000000e+00,8.474888400000e-12
L400T30,B1e17SD1e20,IDVG_VD1P5,-1.895831870000e-01,1.500000000000e+00,8.047044960000e-12
L400T30,B1e17SD1e20,IDVG_VD1P5,-1.895831680000e-01,1.500000000000e+00,7.726042080000e-12
L400T30,B1e17SD1e20,IDVG_VD1P5,-1.895831490000e-01,1.500000000000e+00,8.959223520000e-12
L400T30,B1e17SD1e20,IDVG_VD1P5,-1.895831300000e-01,1.500000000000e+00,8.515729120000e-12
L400T30,B1e17SD1e20,IDVG_VD1P5,-1.895831110000e-01,1.500000000000e+00,8.087109950000e-12
L400T30,B1e17SD1e20,IDVG_VD1P5,-1.895830920000e-01,1.500000000000e+00,7.728006200000e-12
L400T30,B1e17SD1e20,IDVG_VD1P5,-1.895830730000e-01,1.500000000000e+00,9.012539760000e-12
L400T30,B1e17SD1e20,IDVG_VD1P5,-1.895830540000e-01,1.500000000000e+00,8.480422590000e-12
L400T30,B1e17SD1e20,IDVG_VD1P5,-1.895830350000e-01,1.500000000000e+00,8.103042370000e-12
L400T30,B1e17SD1e20,IDVG_VD1P5,-1.895830150000e-01,1.500000000000e+00,1.089953420000e-11
L400T30,B1e17SD1e20,IDVG_VD1P5,-1.895829960000e-01,1.500000000000e+00,9.109932870000e-12
L400T30,B1e17SD1e20,IDVG_VD1P5,-1.895829770000e-01,1.500000000000e+00,8.603937310000e-12
L400T30,B1e17SD1e20,IDVG_VD1P5,-1.895829580000e-01,1.500000000000e+00,8.178717440000e-12
L400T30,B1e17SD1e20,IDVG_VD1P5,-1.895829390000e-01,1.500000000000e+00,9.560407250000e-12
L400T30,B1e17SD1e20,IDVG_VD1P5,-1.895829200000e-01,1.500000000000e+00,9.104869580000e-12
L400T30,B1e17SD1e20,IDVG_VD1P5,-1.895829010000e-01,1.500000000000e+00,8.671170420000e-12
L400T30,B1e17SD1e20,IDVG_VD1P5,-1.895828820000e-01,1.500000000000e+00,8.194724560000e-12
L400T30,B1e17SD1e20,IDVG_VD1P5,-1.895828630000e-01,1.500000000000e+00,9.454241880000e-12
L400T30,B1e17SD1e20,IDVG_VD1P5,-1.895828440000e-01,1.500000000000e+00,9.043637730000e-12
L400T30,B1e17SD1e20,IDVG_VD1P5,-1.895828250000e-01,1.500000000000e+00,8.648737180000e-12
L400T30,B1e17SD1e20,IDVG_VD1P5,-1.895828060000e-01,1.500000000000e+00,1.151938080000e-11
L400T30,B1e17SD1e20,IDVG_VD1P5,-1.895827870000e-01,1.500000000000e+00,9.557099930000e-12
L400T30,B1e17SD1e20,IDVG_VD1P5,-1.895827670000e-01,1.500000000000e+00,9.109756420000e-12
L400T30,B1e17SD1e20,IDVG_VD1P5,-1.895827480000e-01,1.500000000000e+00,8.700103630000e-12
L400T30,B1e17SD1e20,IDVG_VD1P5,-1.895827290000e-01,1.500000000000e+00,9.923269470000e-12
L400T30,B1e17SD1e20,IDVG_VD1P5,-1.895827100000e-01,1.500000000000e+00,9.453614830000e-12
L400T30,B1e17SD1e20,IDVG_VD1P5,-1.895826910000e-01,1.500000000000e+00,9.144888300000e-12
L400T30,B1e17SD1e20,IDVG_VD1P5,-1.895826720000e-01,1.500000000000e+00,8.813144340000e-12
L400T30,B1e17SD1e20,IDVG_VD1P5,-1.895826530000e-01,1.500000000000e+00,1.002638380000e-11
L400T30,B1e17SD1e20,IDVG_VD1P5,-1.895826340000e-01,1.500000000000e+00,9.611280080000e-12
L400T30,B1e17SD1e20,IDVG_VD1P5,-1.895826150000e-01,1.500000000000e+00,9.164167300000e-12
L400T30,B1e17SD1e20,IDVG_VD1P5,-1.895825960000e-01,1.500000000000e+00,7.279782350000e-12
L400T30,B1e17SD1e20,IDVG_VD1P5,-1.895825770000e-01,1.500000000000e+00,1.010075300000e-11
L400T30,B1e17SD1e20,IDVG_VD1P5,-1.895825580000e-01,1.500000000000e+00,9.701276590000e-12
L400T30,B1e17SD1e20,IDVG_VD1P5,-1.895825390000e-01,1.500000000000e+00,9.155552800000e-12
L400T30,B1e17SD1e20,IDVG_VD1P5,-1.895825200000e-01,1.500000000000e+00,1.049991580000e-11
L400T30,B1e17SD1e20,IDVG_VD1P5,-1.895825000000e-01,1.500000000000e+00,1.007118940000e-11
L400T30,B1e17SD1e20,IDVG_VD1P5,-1.895824810000e-01,1.500000000000e+00,9.605819650000e-12
L400T30,B1e17SD1e20,IDVG_VD1P5,-1.895824620000e-01,1.500000000000e+00,9.151113520000e-12
L400T30,B1e17SD1e20,IDVG_VD1P5,-1.895824430000e-01,1.500000000000e+00,1.059871100000e-11
L400T30,B1e17SD1e20,IDVG_VD1P5,-1.895824240000e-01,1.500000000000e+00,1.017188150000e-11
L400T30,B1e17SD1e20,IDVG_VD1P5,-1.895824050000e-01,1.500000000000e+00,9.671786020000e-12
L400T30,B1e17SD1e20,IDVG_VD1P5,-1.895823860000e-01,1.500000000000e+00,7.881885190000e-12
L400T30,B1e17SD1e20,IDVG_VD1P5,-1.895823760000e-01,1.500000000000e+00,9.884211730000e-12
L400T30,B1e17SD1e20,IDVG_VD1P5,-1.895823670000e-01,1.500000000000e+00,1.063597330000e-11
L400T30,B1e17SD1e20,IDVG_VD1P5,-1.895823570000e-01,1.500000000000e+00,9.466461220000e-12
L400T30,B1e17SD1e20,IDVG_VD1P5,-1.895823480000e-01,1.500000000000e+00,1.015000970000e-11
L400T30,B1e17SD1e20,IDVG_VD1P5,-1.895823380000e-01,1.500000000000e+00,1.078934150000e-11
L400T30,B1e17SD1e20,IDVG_VD1P5,-1.895823290000e-01,1.500000000000e+00,9.634645480000e-12
L400T30,B1e17SD1e20,IDVG_VD1P5,-1.895823190000e-01,1.500000000000e+00,1.030440040000e-11
L400T30,B1e17SD1e20,IDVG_VD1P5,-1.895823100000e-01,1.500000000000e+00,1.103104480000e-11
L400T30,B1e17SD1e20,IDVG_VD1P5,-1.895823000000e-01,1.500000000000e+00,9.953814400000e-12
L400T30,B1e17SD1e20,IDVG_VD1P5,-1.895822910000e-01,1.500000000000e+00,1.059862350000e-11
L400T30,B1e17SD1e20,IDVG_VD1P5,-1.895822810000e-01,1.500000000000e+00,8.133464590000e-12
L400T30,B1e17SD1e20,IDVG_VD1P5,-1.895822720000e-01,1.500000000000e+00,1.020895430000e-11
L400T30,B1e17SD1e20,IDVG_VD1P5,-1.895822620000e-01,1.500000000000e+00,1.084572460000e-11
L400T30,B1e17SD1e20,IDVG_VD1P5,-1.895822530000e-01,1.500000000000e+00,9.705407680000e-12
L400T30,B1e17SD1e20,IDVG_VD1P5,-1.895822430000e-01,1.500000000000e+00,1.043138510000e-11
L400T30,B1e17SD1e20,IDVG_VD1P5,-1.895822330000e-01,1.500000000000e+00,1.110172820000e-11
L400T30,B1e17SD1e20,IDVG_VD1P5,-1.895822240000e-01,1.500000000000e+00,9.956907610000e-12
L400T30,B1e17SD1e20,IDVG_VD1P5,-1.895822140000e-01,1.500000000000e+00,1.050385450000e-11
L400T30,B1e17SD1e20,IDVG_VD1P5,-1.895822050000e-01,1.500000000000e+00,1.130835240000e-11
L400T30,B1e17SD1e20,IDVG_VD1P5,-1.895821950000e-01,1.500000000000e+00,1.022279040000e-11
L400T30,B1e17SD1e20,IDVG_VD1P5,-1.895821860000e-01,1.500000000000e+00,1.086777870000e-11
L400T30,B1e17SD1e20,IDVG_VD1P5,-1.895821760000e-01,1.500000000000e+00,8.262303410000e-12
L400T30,B1e17SD1e20,IDVG_VD1P5,-1.895821670000e-01,1.500000000000e+00,1.043366380000e-11
L400T30,B1e17SD1e20,IDVG_VD1P5,-1.895821570000e-01,1.500000000000e+00,1.114896650000e-11
L400T30,B1e17SD1e20,IDVG_VD1P5,-1.895821480000e-01,1.500000000000e+00,9.862170240000e-12
L400T30,B1e17SD1e20,IDVG_VD1P5,-1.895821380000e-01,1.500000000000e+00,1.058135390000e-11
L400T30,B1e17SD1e20,IDVG_VD1P5,-1.895821290000e-01,1.500000000000e+00,1.128684660000e-11
L400T30,B1e17SD1e20,IDVG_VD1P5,-1.895821190000e-01,1.500000000000e+00,1.023739380000e-11
L400T30,B1e17SD1e20,IDVG_VD1P5,-1.895821090000e-01,1.500000000000e+00,1.090867850000e-11
L400T30,B1e17SD1e20,IDVG_VD1P5,-1.895821000000e-01,1.500000000000e+00,1.152414680000e-11
L400T30,B1e17SD1e20,IDVG_VD1P5,-1.895820900000e-01,1.500000000000e+00,1.041967970000e-11
L400T30,B1e17SD1e20,IDVG_VD1P5,-1.895820810000e-01,1.500000000000e+00,1.110672700000e-11
L400T30,B1e17SD1e20,IDVG_VD1P5,-1.895820710000e-01,1.500000000000e+00,8.498882530000e-12
L400T30,B1e17SD1e20,IDVG_VD1P5,-1.895820620000e-01,1.500000000000e+00,1.061701920000e-11
L400T30,B1e17SD1e20,IDVG_VD1P5,-1.895820520000e-01,1.500000000000e+00,1.141267090000e-11
L400T30,B1e17SD1e20,IDVG_VD1P5,-1.895820430000e-01,1.500000000000e+00,8.737838780000e-12
L400T30,B1e17SD1e20,IDVG_VD1P5,-1.895820330000e-01,1.500000000000e+00,1.080706750000e-11
L400T30,B1e17SD1e20,IDVG_VD1P5,-1.895820240000e-01,1.500000000000e+00,1.150866820000e-11
L400T30,B1e17SD1e20,IDVG_VD1P5,-1.895820140000e-01,1.500000000000e+00,1.051476090000e-11
L400T30,B1e17SD1e20,IDVG_VD1P5,-1.895820050000e-01,1.500000000000e+00,1.112951890000e-11
L400T30,B1e17SD1e20,IDVG_VD1P5,-1.895819950000e-01,1.500000000000e+00,1.174373290000e-11
L400T30,B1e17SD1e20,IDVG_VD1P5,-1.895819850000e-01,1.500000000000e+00,1.075400260000e-11
L400T30,B1e17SD1e20,IDVG_VD1P5,-1.895819760000e-01,1.500000000000e+00,1.140737130000e-11
L400T30,B1e17SD1e20,IDVG_VD1P5,-1.895819660000e-01,1.500000000000e+00,8.795221720000e-12
L400T30,B1e17SD1e20,IDVG_VD1P5,-1.895819570000e-01,1.500000000000e+00,1.095197540000e-11
L400T30,B1e17SD1e20,IDVG_VD1P5,-1.895819470000e-01,1.500000000000e+00,1.158177240000e-11
L400T30,B1e17SD1e20,IDVG_VD1P5,-1.895819380000e-01,1.500000000000e+00,9.006437290000e-12
L400T30,B1e17SD1e20,IDVG_VD1P5,-1.895819280000e-01,1.500000000000e+00,1.117493300000e-11
L400T30,B1e17SD1e20,IDVG_VD1P5,-1.895819190000e-01,1.500000000000e+00,1.171972600000e-11
L400T30,B1e17SD1e20,IDVG_VD1P5,-1.895819090000e-01,1.500000000000e+00,1.066432150000e-11
L400T30,B1e17SD1e20,IDVG_VD1P5,-1.895819000000e-01,1.500000000000e+00,1.135701870000e-11
L400T30,B1e17SD1e20,IDVG_VD1P5,-1.895818900000e-01,1.500000000000e+00,8.888594560000e-12
L400T30,B1e17SD1e20,IDVG_VD1P5,-1.895818810000e-01,1.500000000000e+00,1.096844400000e-11
L400T30,B1e17SD1e20,IDVG_VD1P5,-1.895818710000e-01,1.500000000000e+00,1.163771840000e-11
L400T30,B1e17SD1e20,IDVG_VD1P5,-1.895818610000e-01,1.500000000000e+00,8.998824160000e-12
L400T30,B1e17SD1e20,IDVG_VD1P5,-1.895818520000e-01,1.500000000000e+00,1.123434520000e-11
L400T30,B1e17SD1e20,IDVG_VD1P5,-1.895818420000e-01,1.500000000000e+00,1.177704840000e-11
L400T30,B1e17SD1e20,IDVG_VD1P5,-1.895818330000e-01,1.500000000000e+00,9.248632560000e-12
L400T30,B1e17SD1e20,IDVG_VD1P5,-1.895818230000e-01,1.500000000000e+00,1.138753240000e-11
L400T30,B1e17SD1e20,IDVG_VD1P5,-1.895818140000e-01,1.500000000000e+00,1.208308480000e-11
L400T30,B1e17SD1e20,IDVG_VD1P5,-1.895818040000e-01,1.500000000000e+00,1.102712130000e-11
L400T30,B1e17SD1e20,IDVG_VD1P5,-1.895817950000e-01,1.500000000000e+00,1.157830870000e-11
L400T30,B1e17SD1e20,IDVG_VD1P5,-1.895817850000e-01,1.500000000000e+00,9.016485670000e-12
L400T30,B1e17SD1e20,IDVG_VD1P5,-1.895817760000e-01,1.500000000000e+00,1.120461340000e-11
L400T30,B1e17SD1e20,IDVG_VD1P5,-1.895817660000e-01,1.500000000000e+00,1.194124750000e-11
L400T30,B1e17SD1e20,IDVG_VD1P5,-1.895817570000e-01,1.500000000000e+00,9.376995060000e-12
L400T30,B1e17SD1e20,IDVG_VD1P5,-1.895817470000e-01,1.500000000000e+00,1.152350780000e-11
L400T30,B1e17SD1e20,IDVG_VD1P5,-1.895817380000e-01,1.500000000000e+00,1.205779760000e-11
L400T30,B1e17SD1e20,IDVG_VD1P5,-1.895817280000e-01,1.500000000000e+00,9.612809870000e-12
L400T30,B1e17SD1e20,IDVG_VD1P5,-1.895817180000e-01,1.500000000000e+00,1.174589010000e-11
L400T30,B1e17SD1e20,IDVG_VD1P5,-1.895817090000e-01,1.500000000000e+00,1.234279950000e-11
L400T30,B1e17SD1e20,IDVG_VD1P5,-1.895816990000e-01,1.500000000000e+00,1.124199800000e-11
L400T30,B1e17SD1e20,IDVG_VD1P5,-1.895816900000e-01,1.500000000000e+00,1.202550510000e-11
L400T30,B1e17SD1e20,IDVG_VD1P5,-1.895816800000e-01,1.500000000000e+00,9.308794360000e-12
L400T30,B1e17SD1e20,IDVG_VD1P5,-1.895816710000e-01,1.500000000000e+00,1.141260840000e-11
L400T30,B1e17SD1e20,IDVG_VD1P5,-1.895816610000e-01,1.500000000000e+00,1.216427380000e-11
L400T30,B1e17SD1e20,IDVG_VD1P5,-1.895816520000e-01,1.500000000000e+00,9.655514900000e-12
L400T30,B1e17SD1e20,IDVG_VD1P5,-1.895816420000e-01,1.500000000000e+00,1.166020070000e-11
L400T30,B1e17SD1e20,IDVG_VD1P5,-1.895816330000e-01,1.500000000000e+00,1.233151260000e-11
L400T30,B1e17SD1e20,IDVG_VD1P5,-1.895816230000e-01,1.500000000000e+00,9.771756250000e-12
L400T30,B1e17SD1e20,IDVG_VD1P5,-1.895816140000e-01,1.500000000000e+00,1.196568970000e-11
L400T30,B1e17SD1e20,IDVG_VD1P5,-1.895816040000e-01,1.500000000000e+00,1.268210570000e-11
L400T30,B1e17SD1e20,IDVG_VD1P5,-1.895815940000e-01,1.500000000000e+00,1.158350830000e-11
L400T30,B1e17SD1e20,IDVG_VD1P5,-1.895815850000e-01,1.500000000000e+00,1.216670430000e-11
L400T30,B1e17SD1e20,IDVG_VD1P5,-1.895815750000e-01,1.500000000000e+00,9.743083320000e-12
L400T30,B1e17SD1e20,IDVG_VD1P5,-1.895815660000e-01,1.500000000000e+00,1.187435910000e-11
L400T30,B1e17SD1e20,IDVG_VD1P5,-1.895815560000e-01,1.500000000000e+00,1.241304960000e-11
L400T30,B1e17SD1e20,IDVG_VD1P5,-1.895815470000e-01,1.500000000000e+00,9.756406180000e-12
L400T30,B1e17SD1e20,IDVG_VD1P5,-1.895815370000e-01,1.500000000000e+00,1.191335070000e-11
L400T30,B1e17SD1e20,IDVG_VD1P5,-1.895815280000e-01,1.500000000000e+00,1.269719160000e-11
L400T30,B1e17SD1e20,IDVG_VD1P5,-1.895815180000e-01,1.500000000000e+00,1.002065410000e-11
L400T30,B1e17SD1e20,IDVG_VD1P5,-1.895815090000e-01,1.500000000000e+00,1.216943750000e-11
L400T30,B1e17SD1e20,IDVG_VD1P5,-1.895814990000e-01,1.500000000000e+00,1.278841630000e-11
L400T30,B1e17SD1e20,IDVG_VD1P5,-1.895814900000e-01,1.500000000000e+00,1.026819140000e-11
L400T30,B1e17SD1e20,IDVG_VD1P5,-1.895814800000e-01,1.500000000000e+00,1.240804820000e-11
L400T30,B1e17SD1e20,IDVG_VD1P5,-1.895814700000e-01,1.500000000000e+00,9.893902760000e-12
L400T30,B1e17SD1e20,IDVG_VD1P5,-1.895814610000e-01,1.500000000000e+00,1.194610440000e-11
L400T30,B1e17SD1e20,IDVG_VD1P5,-1.895814510000e-01,1.500000000000e+00,1.269597260000e-11
L400T30,B1e17SD1e20,IDVG_VD1P5,-1.895814420000e-01,1.500000000000e+00,1.011211320000e-11
L400T30,B1e17SD1e20,IDVG_VD1P5,-1.895814320000e-01,1.500000000000e+00,1.214956560000e-11
L400T30,B1e17SD1e20,IDVG_VD1P5,-1.895814230000e-01,1.500000000000e+00,1.284676270000e-11
L400T30,B1e17SD1e20,IDVG_VD1P5,-1.895814130000e-01,1.500000000000e+00,1.030621810000e-11
L400T30,B1e17SD1e20,IDVG_VD1P5,-1.895814040000e-01,1.500000000000e+00,1.252973950000e-11
L400T30,B1e17SD1e20,IDVG_VD1P5,-1.895813940000e-01,1.500000000000e+00,9.953408410000e-12
L400T30,B1e17SD1e20,IDVG_VD1P5,-1.895813850000e-01,1.500000000000e+00,1.051923150000e-11
L400T30,B1e17SD1e20,IDVG_VD1P5,-1.895813750000e-01,1.500000000000e+00,1.274462670000e-11
L400T30,B1e17SD1e20,IDVG_VD1P5,-1.895813660000e-01,1.500000000000e+00,1.008787560000e-11
L400T30,B1e17SD1e20,IDVG_VD1P5,-1.895813560000e-01,1.500000000000e+00,1.228666040000e-11
L400T30,B1e17SD1e20,IDVG_VD1P5,-1.895813470000e-01,1.500000000000e+00,1.296760060000e-11
L400T30,B1e17SD1e20,IDVG_VD1P5,-1.895813370000e-01,1.500000000000e+00,1.045579390000e-11
L400T30,B1e17SD1e20,IDVG_VD1P5,-1.895813270000e-01,1.500000000000e+00,1.261458720000e-11
L400T30,B1e17SD1e20,IDVG_VD1P5,-1.895813180000e-01,1.500000000000e+00,1.319181420000e-11
L400T30,B1e17SD1e20,IDVG_VD1P5,-1.895813080000e-01,1.500000000000e+00,1.056805290000e-11
L400T30,B1e17SD1e20,IDVG_VD1P5,-1.895812990000e-01,1.500000000000e+00,1.272256370000e-11
L400T30,B1e17SD1e20,IDVG_VD1P5,-1.895812890000e-01,1.500000000000e+00,1.020157610000e-11
L400T30,B1e17SD1e20,IDVG_VD1P5,-1.895812800000e-01,1.500000000000e+00,1.085653090000e-11
L400T30,B1e17SD1e20,IDVG_VD1P5,-1.895812700000e-01,1.500000000000e+00,1.296429550000e-11
L400T30,B1e17SD1e20,IDVG_VD1P5,-1.895812610000e-01,1.500000000000e+00,1.053501220000e-11
L400T30,B1e17SD1e20,IDVG_VD1P5,-1.895812510000e-01,1.500000000000e+00,1.265892160000e-11
L400T30,B1e17SD1e20,IDVG_VD1P5,-1.895812420000e-01,1.500000000000e+00,1.317026590000e-11
L400T30,B1e17SD1e20,IDVG_VD1P5,-1.895812320000e-01,1.500000000000e+00,1.063050140000e-11
L400T30,B1e17SD1e20,IDVG_VD1P5,-1.895812230000e-01,1.500000000000e+00,1.276306190000e-11
L400T30,B1e17SD1e20,IDVG_VD1P5,-1.895812130000e-01,1.500000000000e+00,1.344546550000e-11
L400T30,B1e17SD1e20,IDVG_VD1P5,-1.895812030000e-01,1.500000000000e+00,1.092192590000e-11
L400T30,B1e17SD1e20,IDVG_VD1P5,-1.895811940000e-01,1.500000000000e+00,1.300822640000e-11
L400T30,B1e17SD1e20,IDVG_VD1P5,-1.895811840000e-01,1.500000000000e+00,1.047391930000e-11
L400T30,B1e17SD1e20,IDVG_VD1P5,-1.895811750000e-01,1.500000000000e+00,1.105902550000e-11
L400T30,B1e17SD1e20,IDVG_VD1P5,-1.895811650000e-01,1.500000000000e+00,1.328696370000e-11
L400T30,B1e17SD1e20,IDVG_VD1P5,-1.895811560000e-01,1.500000000000e+00,1.066440300000e-11
L400T30,B1e17SD1e20,IDVG_VD1P5,-1.895811460000e-01,1.500000000000e+00,1.279416970000e-11
L400T30,B1e17SD1e20,IDVG_VD1P5,-1.895811370000e-01,1.500000000000e+00,1.347740560000e-11
L400T30,B1e17SD1e20,IDVG_VD1P5,-1.895811270000e-01,1.500000000000e+00,1.089599120000e-11
L400T30,B1e17SD1e20,IDVG_VD1P5,-1.895811180000e-01,1.500000000000e+00,1.303814070000e-11
L400T30,B1e17SD1e20,IDVG_VD1P5,-1.895811080000e-01,1.500000000000e+00,1.372684280000e-11
L400T30,B1e17SD1e20,IDVG_VD1P5,-1.895810990000e-01,1.500000000000e+00,1.111179430000e-11
L400T30,B1e17SD1e20,IDVG_VD1P5,-1.895810890000e-01,1.500000000000e+00,1.326038750000e-11
L400T30,B1e17SD1e20,IDVG_VD1P5,-1.895810790000e-01,1.500000000000e+00,1.077946180000e-11
L400T30,B1e17SD1e20,IDVG_VD1P5,-1.895810700000e-01,1.500000000000e+00,1.147515950000e-11
L400T30,B1e17SD1e20,IDVG_VD1P5,-1.895810600000e-01,1.500000000000e+00,1.352269100000e-11
L400T30,B1e17SD1e20,IDVG_VD1P5,-1.895810510000e-01,1.500000000000e+00,1.098463970000e-11
L400T30,B1e17SD1e20,IDVG_VD1P5,-1.895810410000e-01,1.500000000000e+00,1.166498450000e-11
L400T30,B1e17SD1e20,IDVG_VD1P5,-1.895810320000e-01,1.500000000000e+00,1.376644350000e-11
L400T30,B1e17SD1e20,IDVG_VD1P5,-1.895810220000e-01,1.500000000000e+00,1.125888450000e-11
L400T30,B1e17SD1e20,IDVG_VD1P5,-1.895810130000e-01,1.500000000000e+00,1.340213630000e-11
L400T30,B1e17SD1e20,IDVG_VD1P5,-1.895810030000e-01,1.500000000000e+00,1.394046370000e-11
L400T30,B1e17SD1e20,IDVG_VD1P5,-1.895809940000e-01,1.500000000000e+00,1.139879200000e-11
L400T30,B1e17SD1e20,IDVG_VD1P5,-1.895809840000e-01,1.500000000000e+00,1.353547430000e-11
L400T30,B1e17SD1e20,IDVG_VD1P5,-1.895809750000e-01,1.500000000000e+00,1.093157990000e-11
L400T30,B1e17SD1e20,IDVG_VD1P5,-1.895809650000e-01,1.500000000000e+00,1.163126540000e-11
L400T30,B1e17SD1e20,IDVG_VD1P5,-1.895809560000e-01,1.500000000000e+00,1.382468260000e-11
L400T30,B1e17SD1e20,IDVG_VD1P5,-1.895809460000e-01,1.500000000000e+00,1.127404060000e-11
L400T30,B1e17SD1e20,IDVG_VD1P5,-1.895809360000e-01,1.500000000000e+00,1.194511370000e-11
L400T30,B1e17SD1e20,IDVG_VD1P5,-1.895809270000e-01,1.500000000000e+00,1.395274870000e-11
L400T30,B1e17SD1e20,IDVG_VD1P5,-1.895809170000e-01,1.500000000000e+00,1.148831680000e-11
L400T30,B1e17SD1e20,IDVG_VD1P5,-1.895809080000e-01,1.500000000000e+00,1.364427260000e-11
L400T30,B1e17SD1e20,IDVG_VD1P5,-1.895808980000e-01,1.500000000000e+00,1.107883920000e-11
L400T30,B1e17SD1e20,IDVG_VD1P5,-1.895808890000e-01,1.500000000000e+00,1.179584170000e-11
L400T30,B1e17SD1e20,IDVG_VD1P5,-1.895808790000e-01,1.500000000000e+00,1.383202440000e-11
L400T30,B1e17SD1e20,IDVG_VD1P5,-1.895808700000e-01,1.500000000000e+00,1.141014980000e-11
L400T30,B1e17SD1e20,IDVG_VD1P5,-1.895808600000e-01,1.500000000000e+00,1.194082370000e-11
L400T30,B1e17SD1e20,IDVG_VD1P5,-1.895808510000e-01,1.500000000000e+00,1.410612030000e-11
L400T30,B1e17SD1e20,IDVG_VD1P5,-1.895808410000e-01,1.500000000000e+00,1.157114340000e-11
L400T30,B1e17SD1e20,IDVG_VD1P5,-1.895808320000e-01,1.500000000000e+00,1.224479650000e-11
L400T30,B1e17SD1e20,IDVG_VD1P5,-1.895808220000e-01,1.500000000000e+00,1.438654420000e-11
L400T30,B1e17SD1e20,IDVG_VD1P5,-1.895808120000e-01,1.500000000000e+00,1.177302220000e-11
L400T30,B1e17SD1e20,IDVG_VD1P5,-1.895808030000e-01,1.500000000000e+00,1.393065470000e-11
L400T30,B1e17SD1e20,IDVG_VD1P5,-1.895807930000e-01,1.500000000000e+00,1.136996920000e-11
L400T30,B1e17SD1e20,IDVG_VD1P5,-1.895807840000e-01,1.500000000000e+00,1.197505140000e-11
L400T30,B1e17SD1e20,IDVG_VD1P5,-1.895807740000e-01,1.500000000000e+00,1.406675650000e-11
L400T30,B1e17SD1e20,IDVG_VD1P5,-1.895807650000e-01,1.500000000000e+00,1.165672440000e-11
L400T30,B1e17SD1e20,IDVG_VD1P5,-1.895807550000e-01,1.500000000000e+00,1.223238680000e-11
L400T30,B1e17SD1e20,IDVG_VD1P5,-1.895807460000e-01,1.500000000000e+00,1.435498660000e-11
L400T30,B1e17SD1e20,IDVG_VD1P5,-1.895807360000e-01,1.500000000000e+00,1.176714070000e-11
L400T30,B1e17SD1e20,IDVG_VD1P5,-1.895807270000e-01,1.500000000000e+00,1.244509960000e-11
L400T30,B1e17SD1e20,IDVG_VD1P5,-1.895807170000e-01,1.500000000000e+00,1.465229690000e-11
L400T30,B1e17SD1e20,IDVG_VD1P5,-1.895807080000e-01,1.500000000000e+00,1.196733980000e-11
L400T30,B1e17SD1e20,IDVG_VD1P5,-1.895806980000e-01,1.500000000000e+00,1.415901560000e-11
L400T30,B1e17SD1e20,IDVG_VD1P5,-1.895806880000e-01,1.500000000000e+00,1.166129540000e-11
L400T30,B1e17SD1e20,IDVG_VD1P5,-1.895806790000e-01,1.500000000000e+00,1.225199820000e-11
L400T30,B1e17SD1e20,IDVG_VD1P5,-1.895806690000e-01,1.500000000000e+00,1.440935670000e-11
L400T30,B1e17SD1e20,IDVG_VD1P5,-1.895806600000e-01,1.500000000000e+00,1.192025320000e-11
L400T30,B1e17SD1e20,IDVG_VD1P5,-1.895806500000e-01,1.500000000000e+00,1.255196390000e-11
L400T30,B1e17SD1e20,IDVG_VD1P5,-1.895806410000e-01,1.500000000000e+00,1.468785850000e-11
L400T30,B1e17SD1e20,IDVG_VD1P5,-1.895806310000e-01,1.500000000000e+00,1.223127620000e-11
L400T30,B1e17SD1e20,IDVG_VD1P5,-1.895806220000e-01,1.500000000000e+00,1.271880050000e-11
L400T30,B1e17SD1e20,IDVG_VD1P5,-1.895806120000e-01,1.500000000000e+00,1.479232160000e-11
L400T30,B1e17SD1e20,IDVG_VD1P5,-1.895806030000e-01,1.500000000000e+00,1.226749000000e-11
L400T30,B1e17SD1e20,IDVG_VD1P5,-1.895805930000e-01,1.500000000000e+00,1.441928120000e-11
L400T30,B1e17SD1e20,IDVG_VD1P5,-1.895805840000e-01,1.500000000000e+00,1.189881530000e-11
L400T30,B1e17SD1e20,IDVG_VD1P5,-1.895805740000e-01,1.500000000000e+00,1.251636430000e-11
L400T30,B1e17SD1e20,IDVG_VD1P5,-1.895805640000e-01,1.500000000000e+00,1.469777880000e-11
L400T30,B1e17SD1e20,IDVG_VD1P5,-1.895805550000e-01,1.500000000000e+00,1.210876150000e-11
L400T30,B1e17SD1e20,IDVG_VD1P5,-1.895805450000e-01,1.500000000000e+00,9.440057370000e-12
L400T30,B1e17SD1e20,IDVG_VD1P5,-1.895805410000e-01,1.500000000000e+00,1.126362870000e-11
L400T30,B1e17SD1e20,IDVG_VD1P5,-1.895805360000e-01,1.500000000000e+00,1.160838620000e-11
L400T30,B1e17SD1e20,IDVG_VD1P5,-1.895805310000e-01,1.500000000000e+00,8.757140110000e-12
L400T30,B1e17SD1e20,IDVG_VD1P5,-1.895805260000e-01,1.500000000000e+00,9.073500120000e-12
L400T30,B1e17SD1e20,IDVG_VD1P5,-1.895805220000e-01,1.500000000000e+00,9.367754100000e-12
L400T30,B1e17SD1e20,IDVG_VD1P5,-1.895805170000e-01,1.500000000000e+00,9.760993370000e-12
L400T30,B1e17SD1e20,IDVG_VD1P5,-1.895805120000e-01,1.500000000000e+00,1.144042850000e-11
L400T30,B1e17SD1e20,IDVG_VD1P5,-1.895805070000e-01,1.500000000000e+00,1.186329820000e-11
L400T30,B1e17SD1e20,IDVG_VD1P5,-1.895805030000e-01,1.500000000000e+00,8.939470410000e-12
L400T30,B1e17SD1e20,IDVG_VD1P5,-1.895804980000e-01,1.500000000000e+00,9.200983140000e-12
L400T30,B1e17SD1e20,IDVG_VD1P5,-1.895804930000e-01,1.500000000000e+00,9.461403120000e-12
L400T30,B1e17SD1e20,IDVG_VD1P5,-1.895804880000e-01,1.500000000000e+00,1.140079170000e-11
L400T30,B1e17SD1e20,IDVG_VD1P5,-1.895804830000e-01,1.500000000000e+00,1.169709680000e-11
L400T30,B1e17SD1e20,IDVG_VD1P5,-1.895804790000e-01,1.500000000000e+00,8.804552620000e-12
L400T30,B1e17SD1e20,IDVG_VD1P5,-1.895804740000e-01,1.500000000000e+00,9.181327520000e-12
L400T30,B1e17SD1e20,IDVG_VD1P5,-1.895804690000e-01,1.500000000000e+00,9.549482320000e-12
L400T30,B1e17SD1e20,IDVG_VD1P5,-1.895804640000e-01,1.500000000000e+00,9.818931530000e-12
L400T30,B1e17SD1e20,IDVG_VD1P5,-1.895804600000e-01,1.500000000000e+00,1.163335540000e-11
L400T30,B1e17SD1e20,IDVG_VD1P5,-1.895804550000e-01,1.500000000000e+00,1.193418150000e-11
L400T30,B1e17SD1e20,IDVG_VD1P5,-1.895804500000e-01,1.500000000000e+00,9.104327590000e-12
L400T30,B1e17SD1e20,IDVG_VD1P5,-1.895804450000e-01,1.500000000000e+00,9.335050600000e-12
L400T30,B1e17SD1e20,IDVG_VD1P5,-1.895804410000e-01,1.500000000000e+00,9.792933880000e-12
L400T30,B1e17SD1e20,IDVG_VD1P5,-1.895804360000e-01,1.500000000000e+00,1.010011390000e-11
L400T30,B1e17SD1e20,IDVG_VD1P5,-1.895804310000e-01,1.500000000000e+00,1.185302490000e-11
L400T30,B1e17SD1e20,IDVG_VD1P5,-1.895804260000e-01,1.500000000000e+00,8.942569950000e-12
L400T30,B1e17SD1e20,IDVG_VD1P5,-1.895804210000e-01,1.500000000000e+00,9.207398130000e-12
L400T30,B1e17SD1e20,IDVG_VD1P5,-1.895804170000e-01,1.500000000000e+00,9.669801400000e-12
L400T30,B1e17SD1e20,IDVG_VD1P5,-1.895804120000e-01,1.500000000000e+00,1.002356860000e-11
L400T30,B1e17SD1e20,IDVG_VD1P5,-1.895804070000e-01,1.500000000000e+00,1.182496990000e-11
L400T30,B1e17SD1e20,IDVG_VD1P5,-1.895804050000e-01,1.500000000000e+00,9.642433210000e-12
L400T30,B1e17SD1e20,IDVG_VD1P5,-1.895804020000e-01,1.500000000000e+00,1.213772140000e-11
L400T30,B1e17SD1e20,IDVG_VD1P5,-1.895804000000e-01,1.500000000000e+00,9.953848100000e-12
L400T30,B1e17SD1e20,IDVG_VD1P5,-1.895803980000e-01,1.500000000000e+00,9.313890550000e-12
L400T30,B1e17SD1e20,IDVG_VD1P5,-1.895803950000e-01,1.500000000000e+00,1.171289510000e-11
L400T30,B1e17SD1e20,IDVG_VD1P5,-1.895803930000e-01,1.500000000000e+00,9.506071260000e-12
L400T30,B1e17SD1e20,IDVG_VD1P5,-1.895803900000e-01,1.500000000000e+00,1.209567270000e-11
L400T30,B1e17SD1e20,IDVG_VD1P5,-1.895803880000e-01,1.500000000000e+00,9.945250920000e-12
L400T30,B1e17SD1e20,IDVG_VD1P5,-1.895803860000e-01,1.500000000000e+00,9.261796090000e-12
L400T30,B1e17SD1e20,IDVG_VD1P5,-1.895803830000e-01,1.500000000000e+00,1.019849890000e-11
L400T30,B1e17SD1e20,IDVG_VD1P5,-1.895803810000e-01,1.500000000000e+00,9.547600130000e-12
L400T30,B1e17SD1e20,IDVG_VD1P5,-1.895803790000e-01,1.500000000000e+00,1.206177970000e-11
L400T30,B1e17SD1e20,IDVG_VD1P5,-1.895803760000e-01,1.500000000000e+00,9.906161280000e-12
L400T30,B1e17SD1e20,IDVG_VD1P5,-1.895803750000e-01,1.500000000000e+00,1.181022080000e-11
L400T30,B1e17SD1e20,IDVG_VD1P5,-1.895803740000e-01,1.500000000000e+00,9.738683620000e-12
L400T30,B1e17SD1e20,IDVG_VD1P5,-1.895803740000e-01,1.500000000000e+00,9.178450620000e-12
L400T30,B1e17SD1e20,IDVG_VD1P5,-1.895803730000e-01,1.500000000000e+00,1.018841020000e-11
L400T30,B1e17SD1e20,IDVG_VD1P5,-1.895803730000e-01,1.500000000000e+00,9.685549210000e-12
L400T30,B1e17SD1e20,IDVG_VD1P5,-1.895803720000e-01,1.500000000000e+00,9.099882680000e-12
L400T30,B1e17SD1e20,IDVG_VD1P5,-1.895803710000e-01,1.500000000000e+00,1.016000620000e-11
L400T30,B1e17SD1e20,IDVG_VD1P5,-1.895803710000e-01,1.500000000000e+00,9.606502220000e-12
L400T30,B1e17SD1e20,IDVG_VD1P5,-1.895803700000e-01,1.500000000000e+00,1.220450230000e-11
L400T30,B1e17SD1e20,IDVG_VD1P5,-1.895803700000e-01,1.500000000000e+00,1.006507700000e-11
L400T30,B1e17SD1e20,IDVG_VD1P5,-1.895803690000e-01,1.500000000000e+00,9.460111230000e-12
L400T30,B1e17SD1e20,IDVG_VD1P5,-1.895803680000e-01,1.500000000000e+00,1.203616750000e-11
L400T30,B1e17SD1e20,IDVG_VD1P5,-1.895803680000e-01,1.500000000000e+00,9.944001300000e-12
L400T30,B1e17SD1e20,IDVG_VD1P5,-1.895803670000e-01,1.500000000000e+00,9.325929460000e-12
L400T30,B1e17SD1e20,IDVG_VD1P5,-1.895803670000e-01,1.500000000000e+00,1.198399110000e-11
L400T30,B1e17SD1e20,IDVG_VD1P5,-1.895803660000e-01,1.500000000000e+00,9.789174420000e-12
L400T30,B1e17SD1e20,IDVG_VD1P5,-1.895803650000e-01,1.500000000000e+00,9.215404650000e-12
L400T30,B1e17SD1e20,IDVG_VD1P5,-1.895803650000e-01,1.500000000000e+00,1.188962650000e-11
L400T30,B1e17SD1e20,IDVG_VD1P5,-1.895803640000e-01,1.500000000000e+00,9.764960530000e-12
L400T30,B1e17SD1e20,IDVG_VD1P5,-1.895803640000e-01,1.500000000000e+00,9.151235110000e-12
L400T30,B1e17SD1e20,IDVG_VD1P5,-1.895803630000e-01,1.500000000000e+00,1.182424250000e-11
L400T30,B1e17SD1e20,IDVG_VD1P5,-1.895803620000e-01,1.500000000000e+00,9.725777560000e-12
L400T30,B1e17SD1e20,IDVG_VD1P5,-1.895803620000e-01,1.500000000000e+00,9.097202050000e-12
L400T30,B1e17SD1e20,IDVG_VD1P5,-1.895803610000e-01,1.500000000000e+00,1.034062210000e-11
L400T30,B1e17SD1e20,IDVG_VD1P5,-1.895803610000e-01,1.500000000000e+00,9.715572780000e-12
L400T30,B1e17SD1e20,IDVG_VD1P5,-1.895803600000e-01,1.500000000000e+00,1.227529040000e-11
L400T30,B1e17SD1e20,IDVG_VD1P5,-1.895803590000e-01,1.500000000000e+00,1.007792440000e-11
L400T30,B1e17SD1e20,IDVG_VD1P5,-1.895803590000e-01,1.500000000000e+00,9.464844410000e-12
L400T30,B1e17SD1e20,IDVG_VD1P5,-1.895803580000e-01,1.500000000000e+00,1.219088370000e-11
L400T30,B1e17SD1e20,IDVG_VD1P5,-1.895803580000e-01,1.500000000000e+00,1.006484120000e-11
L400T30,B1e17SD1e20,IDVG_VD1P5,-1.895803570000e-01,1.500000000000e+00,9.477776740000e-12
L400T30,B1e17SD1e20,IDVG_VD1P5,-1.895803560000e-01,1.500000000000e+00,1.198360390000e-11
L400T30,B1e17SD1e20,IDVG_VD1P5,-1.895803560000e-01,1.500000000000e+00,9.945885620000e-12
L400T30,B1e17SD1e20,IDVG_VD1P5,-1.895803550000e-01,1.500000000000e+00,9.319208710000e-12
L400T30,B1e17SD1e20,IDVG_VD1P5,-1.895803550000e-01,1.500000000000e+00,1.191930960000e-11
L400T30,B1e17SD1e20,IDVG_VD1P5,-1.895803540000e-01,1.500000000000e+00,9.873106010000e-12
L400T30,B1e17SD1e20,IDVG_VD1P5,-1.895803530000e-01,1.500000000000e+00,9.238602350000e-12
L400T30,B1e17SD1e20,IDVG_VD1P5,-1.895803530000e-01,1.500000000000e+00,1.184027620000e-11
L400T30,B1e17SD1e20,IDVG_VD1P5,-1.895803520000e-01,1.500000000000e+00,9.738105130000e-12
L400T30,B1e17SD1e20,IDVG_VD1P5,-1.895803520000e-01,1.500000000000e+00,9.137926630000e-12
L400T30,B1e17SD1e20,IDVG_VD1P5,-1.895803510000e-01,1.500000000000e+00,1.029406330000e-11
L400T30,B1e17SD1e20,IDVG_VD1P5,-1.895803510000e-01,1.500000000000e+00,9.644998190000e-12
L400T30,B1e17SD1e20,IDVG_VD1P5,-1.895803500000e-01,1.500000000000e+00,1.216219710000e-11
L400T30,B1e17SD1e20,IDVG_VD1P5,-1.895803490000e-01,1.500000000000e+00,1.009181100000e-11
L400T30,B1e17SD1e20,IDVG_VD1P5,-1.895803490000e-01,1.500000000000e+00,9.477091770000e-12
L400T30,B1e17SD1e20,IDVG_VD1P5,-1.895803480000e-01,1.500000000000e+00,1.215104390000e-11
L400T30,B1e17SD1e20,IDVG_VD1P5,-1.895803480000e-01,1.500000000000e+00,9.983131080000e-12
L400T30,B1e17SD1e20,IDVG_VD1P5,-1.895803470000e-01,1.500000000000e+00,9.437877160000e-12
L400T30,B1e17SD1e20,IDVG_VD1P5,-1.895803460000e-01,1.500000000000e+00,1.198106760000e-11
L400T30,B1e17SD1e20,IDVG_VD1P5,-1.895803460000e-01,1.500000000000e+00,9.886271390000e-12
L400T30,B1e17SD1e20,IDVG_VD1P5,-1.895803450000e-01,1.500000000000e+00,9.312689630000e-12
L400T30,B1e17SD1e20,IDVG_VD1P5,-1.895803450000e-01,1.500000000000e+00,9.100631990000e-12
L400T30,B1e17SD1e20,IDVG_VD1P5,-1.895803440000e-01,1.500000000000e+00,9.774073390000e-12
L400T30,B1e17SD1e20,IDVG_VD1P5,-1.895803430000e-01,1.500000000000e+00,9.275399080000e-12
L400T30,B1e17SD1e20,IDVG_VD1P5,-1.895803430000e-01,1.500000000000e+00,1.193319590000e-11
L400T30,B1e17SD1e20,IDVG_VD1P5,-1.895803420000e-01,1.500000000000e+00,9.736204400000e-12
L400T30,B1e17SD1e20,IDVG_VD1P5,-1.895803420000e-01,1.500000000000e+00,9.123186800000e-12
L400T30,B1e17SD1e20,IDVG_VD1P5,-1.895803410000e-01,1.500000000000e+00,1.030741030000e-11
L400T30,B1e17SD1e20,IDVG_VD1P5,-1.895803400000e-01,1.500000000000e+00,9.720639630000e-12
L400T30,B1e17SD1e20,IDVG_VD1P5,-1.895803400000e-01,1.500000000000e+00,6.481455120000e-12
L400T30,B1e17SD1e20,IDVG_VD1P5,-1.895803400000e-01,1.500000000000e+00,9.041802270000e-12
L400T30,B1e17SD1e20,IDVG_VD1P5,-1.895803390000e-01,1.500000000000e+00,1.201470070000e-11
L400T30,B1e17SD1e20,IDVG_VD1P5,-1.895803390000e-01,1.500000000000e+00,1.022694990000e-11
L400T30,B1e17SD1e20,IDVG_VD1P5,-1.895803390000e-01,1.500000000000e+00,9.858502510000e-12
L400T30,B1e17SD1e20,IDVG_VD1P5,-1.895803390000e-01,1.500000000000e+00,9.544744130000e-12
L400T30,B1e17SD1e20,IDVG_VD1P5,-1.895803380000e-01,1.500000000000e+00,9.215427270000e-12
L400T30,B1e17SD1e20,IDVG_VD1P5,-1.895803380000e-01,1.500000000000e+00,1.221439030000e-11
L400T30,B1e17SD1e20,IDVG_VD1P5,-1.895803380000e-01,1.500000000000e+00,1.184660350000e-11
L400T30,B1e17SD1e20,IDVG_VD1P5,-1.895803370000e-01,1.500000000000e+00,7.204343270000e-12
L400T30,B1e17SD1e20,IDVG_VD1P5,-1.895803370000e-01,1.500000000000e+00,6.924072860000e-12
L400T30,B1e17SD1e20,IDVG_VD1P5,-1.895803370000e-01,1.500000000000e+00,6.582480460000e-12
L400T30,B1e17SD1e20,IDVG_VD1P5,-1.895803370000e-01,1.500000000000e+00,6.405592080000e-12
L400T30,B1e17SD1e20,IDVG_VD1P5,-1.895803360000e-01,1.500000000000e+00,9.335358630000e-12
L400T30,B1e17SD1e20,IDVG_VD1P5,-1.895803360000e-01,1.500000000000e+00,7.481895860000e-12
L400T30,B1e17SD1e20,IDVG_VD1P5,-1.895803360000e-01,1.500000000000e+00,1.002630020000e-11
L400T30,B1e17SD1e20,IDVG_VD1P5,-1.895803350000e-01,1.500000000000e+00,9.691721690000e-12
L400T30,B1e17SD1e20,IDVG_VD1P5,-1.895803350000e-01,1.500000000000e+00,9.394593170000e-12
L400T30,B1e17SD1e20,IDVG_VD1P5,-1.895803350000e-01,1.500000000000e+00,6.238603800000e-12
L400T30,B1e17SD1e20,IDVG_VD1P5,-1.895803340000e-01,1.500000000000e+00,9.150955850000e-12
L400T30,B1e17SD1e20,IDVG_VD1P5,-1.895803340000e-01,1.500000000000e+00,1.024875680000e-11
L400T30,B1e17SD1e20,IDVG_VD1P5,-1.895803340000e-01,1.500000000000e+00,9.956612100000e-12
L400T30,B1e17SD1e20,IDVG_VD1P5,-1.895803340000e-01,1.500000000000e+00,9.668199470000e-12
L400T30,B1e17SD1e20,IDVG_VD1P5,-1.895803330000e-01,1.500000000000e+00,9.384178260000e-12
L400T30,B1e17SD1e20,IDVG_VD1P5,-1.895803330000e-01,1.500000000000e+00,1.230083460000e-11
L400T30,B1e17SD1e20,IDVG_VD1P5,-1.895803330000e-01,1.500000000000e+00,1.197264610000e-11
L400T30,B1e17SD1e20,IDVG_VD1P5,-1.895803320000e-01,1.500000000000e+00,8.680040810000e-12
L400T30,B1e17SD1e20,IDVG_VD1P5,-1.895803320000e-01,1.500000000000e+00,1.012088710000e-11
L400T30,B1e17SD1e20,IDVG_VD1P5,-1.895803320000e-01,1.500000000000e+00,8.421201860000e-12
L400T30,B1e17SD1e20,IDVG_VD1P5,-1.895803320000e-01,1.500000000000e+00,9.748965320000e-12
L400T30,B1e17SD1e20,IDVG_VD1P5,-1.895803320000e-01,1.500000000000e+00,1.125743850000e-11
