Searching DEVSIM_MATH_LIBS="C:\Users\T590\anaconda3\envs\devsim_env\Library\bin\mkl_rt.2.dll;C:\Users\T590\anaconda3\envs\devsim_env\Library\bin\mkl_rt.2.dll;C:\Users\T590\anaconda3\envs\devsim_env\Library\bin\mkl_rt.2.dll"
Loading "C:\Users\T590\anaconda3\envs\devsim_env\Library\bin\mkl_rt.2.dll": Intel MKL with PARDISO LOADED
Skipping C:\Users\T590\anaconda3\envs\devsim_env\Library\bin\mkl_rt.2.dll
Skipping C:\Users\T590\anaconda3\envs\devsim_env\Library\bin\mkl_rt.2.dll
Physical group name body_contact has 0 Tetrahedra.
Physical group name body_contact has 0 Triangles.
Physical group name body_contact has 50 Lines.
Physical group name body_contact has 51 Points.
Physical group name bulk has 0 Tetrahedra.
Physical group name bulk has 2423 Triangles.
Physical group name bulk has 3739 Lines.
Physical group name bulk has 1317 Points.
Physical group name bulk_oxide_interface has 0 Tetrahedra.
Physical group name bulk_oxide_interface has 0 Triangles.
Physical group name bulk_oxide_interface has 85 Lines.
Physical group name bulk_oxide_interface has 86 Points.
Physical group name drain_contact has 0 Tetrahedra.
Physical group name drain_contact has 0 Triangles.
Physical group name drain_contact has 18 Lines.
Physical group name drain_contact has 19 Points.
Physical group name gate has 0 Tetrahedra.
Physical group name gate has 157 Triangles.
Physical group name gate has 251 Lines.
Physical group name gate has 95 Points.
Physical group name gate_contact has 0 Tetrahedra.
Physical group name gate_contact has 0 Triangles.
Physical group name gate_contact has 6 Lines.
Physical group name gate_contact has 7 Points.
Physical group name gate_oxide_interface has 0 Tetrahedra.
Physical group name gate_oxide_interface has 0 Triangles.
Physical group name gate_oxide_interface has 15 Lines.
Physical group name gate_oxide_interface has 16 Points.
Physical group name oxide has 0 Tetrahedra.
Physical group name oxide has 242 Triangles.
Physical group name oxide has 414 Lines.
Physical group name oxide has 173 Points.
Physical group name source_contact has 0 Tetrahedra.
Physical group name source_contact has 0 Triangles.
Physical group name source_contact has 18 Lines.
Physical group name source_contact has 19 Points.
Device mos2d has 1483 coordinates with max index 1483
Region bulk has 1317 nodes.
Region gate has 95 nodes.
Region oxide has 173 nodes.
Contact body in region bulk with 51 nodes
Contact drain in region bulk with 19 nodes
Contact gate in region gate with 7 nodes
Contact source in region bulk with 19 nodes
Warning, contact "drain" shares a node with interface "bulk_oxide"
Warning, contact "source" shares a node with interface "bulk_oxide"
Adding interface bulk_oxide with 86, 86 nodes
Adding interface gate_oxide with 16, 16 nodes
bulk body
bulk drain
gate gate
bulk source
number of equations 1585
Iteration: 0
  Device: "mos2d"	RelError: 3.00000e+00	AbsError: 2.58594e-01
    Region: "bulk"	RelError: 1.00000e+00	AbsError: 2.49968e-01
      Equation: "PotentialEquation"	RelError: 1.00000e+00	AbsError: 2.49968e-01
    Region: "gate"	RelError: 1.00000e+00	AbsError: 2.58594e-01
      Equation: "PotentialEquation"	RelError: 1.00000e+00	AbsError: 2.58594e-01
    Region: "oxide"	RelError: 1.00000e+00	AbsError: 2.57573e-01
      Equation: "PotentialEquation"	RelError: 1.00000e+00	AbsError: 2.57573e-01
Iteration: 1
  Device: "mos2d"	RelError: 1.21377e+02	AbsError: 2.57338e-01
    Region: "bulk"	RelError: 1.20379e+02	AbsError: 2.48088e-01
      Equation: "PotentialEquation"	RelError: 1.20379e+02	AbsError: 2.48088e-01
    Region: "gate"	RelError: 4.99135e-01	AbsError: 2.57338e-01
      Equation: "PotentialEquation"	RelError: 4.99135e-01	AbsError: 2.57338e-01
    Region: "oxide"	RelError: 4.98899e-01	AbsError: 2.56223e-01
      Equation: "PotentialEquation"	RelError: 4.98899e-01	AbsError: 2.56223e-01
Iteration: 2
  Device: "mos2d"	RelError: 7.62367e+01	AbsError: 1.49639e-01
    Region: "bulk"	RelError: 7.57649e+01	AbsError: 1.49639e-01
      Equation: "PotentialEquation"	RelError: 7.57649e+01	AbsError: 1.49639e-01
    Region: "gate"	RelError: 3.16582e-01	AbsError: 1.28827e-01
      Equation: "PotentialEquation"	RelError: 3.16582e-01	AbsError: 1.28827e-01
    Region: "oxide"	RelError: 1.55214e-01	AbsError: 9.24457e-02
      Equation: "PotentialEquation"	RelError: 1.55214e-01	AbsError: 9.24457e-02
Iteration: 3
  Device: "mos2d"	RelError: 2.60480e+02	AbsError: 1.42740e-01
    Region: "bulk"	RelError: 2.60193e+02	AbsError: 1.42740e-01
      Equation: "PotentialEquation"	RelError: 2.60193e+02	AbsError: 1.42740e-01
    Region: "gate"	RelError: 2.29097e-01	AbsError: 7.00000e-02
      Equation: "PotentialEquation"	RelError: 2.29097e-01	AbsError: 7.00000e-02
    Region: "oxide"	RelError: 5.83407e-02	AbsError: 2.96676e-02
      Equation: "PotentialEquation"	RelError: 5.83407e-02	AbsError: 2.96676e-02
Iteration: 4
  Device: "mos2d"	RelError: 1.24273e+02	AbsError: 1.59859e-01
    Region: "bulk"	RelError: 1.24042e+02	AbsError: 1.59859e-01
      Equation: "PotentialEquation"	RelError: 1.24042e+02	AbsError: 1.59859e-01
    Region: "gate"	RelError: 1.75024e-01	AbsError: 6.48239e-02
      Equation: "PotentialEquation"	RelError: 1.75024e-01	AbsError: 6.48239e-02
    Region: "oxide"	RelError: 5.65716e-02	AbsError: 2.58718e-02
      Equation: "PotentialEquation"	RelError: 5.65716e-02	AbsError: 2.58718e-02
Iteration: 5
  Device: "mos2d"	RelError: 3.66097e+02	AbsError: 1.65948e-01
    Region: "bulk"	RelError: 3.65900e+02	AbsError: 1.65948e-01
      Equation: "PotentialEquation"	RelError: 3.65900e+02	AbsError: 1.65948e-01
    Region: "gate"	RelError: 1.37182e-01	AbsError: 5.88866e-02
      Equation: "PotentialEquation"	RelError: 1.37182e-01	AbsError: 5.88866e-02
    Region: "oxide"	RelError: 5.94789e-02	AbsError: 2.58258e-02
      Equation: "PotentialEquation"	RelError: 5.94789e-02	AbsError: 2.58258e-02
Iteration: 6
  Device: "mos2d"	RelError: 3.93458e+03	AbsError: 1.62344e-01
    Region: "bulk"	RelError: 3.93437e+03	AbsError: 1.62344e-01
      Equation: "PotentialEquation"	RelError: 3.93437e+03	AbsError: 1.62344e-01
    Region: "gate"	RelError: 1.08015e-01	AbsError: 5.19808e-02
      Equation: "PotentialEquation"	RelError: 1.08015e-01	AbsError: 5.19808e-02
    Region: "oxide"	RelError: 1.04208e-01	AbsError: 4.02832e-02
      Equation: "PotentialEquation"	RelError: 1.04208e-01	AbsError: 4.02832e-02
Iteration: 7
  Device: "mos2d"	RelError: 1.98015e+02	AbsError: 1.40475e-01
    Region: "bulk"	RelError: 1.97680e+02	AbsError: 1.40475e-01
      Equation: "PotentialEquation"	RelError: 1.97680e+02	AbsError: 1.40475e-01
    Region: "gate"	RelError: 8.34915e-02	AbsError: 4.38395e-02
      Equation: "PotentialEquation"	RelError: 8.34915e-02	AbsError: 4.38395e-02
    Region: "oxide"	RelError: 2.51347e-01	AbsError: 7.88349e-02
      Equation: "PotentialEquation"	RelError: 2.51347e-01	AbsError: 7.88349e-02
Iteration: 8
  Device: "mos2d"	RelError: 5.40288e+03	AbsError: 1.23516e-01
    Region: "bulk"	RelError: 5.40243e+03	AbsError: 1.23516e-01
      Equation: "PotentialEquation"	RelError: 5.40243e+03	AbsError: 1.23516e-01
    Region: "gate"	RelError: 6.11043e-02	AbsError: 3.41726e-02
      Equation: "PotentialEquation"	RelError: 6.11043e-02	AbsError: 3.41726e-02
    Region: "oxide"	RelError: 3.89916e-01	AbsError: 9.08534e-02
      Equation: "PotentialEquation"	RelError: 3.89916e-01	AbsError: 9.08534e-02
Iteration: 9
  Device: "mos2d"	RelError: 4.38413e+01	AbsError: 1.08801e-01
    Region: "bulk"	RelError: 4.32711e+01	AbsError: 1.08801e-01
      Equation: "PotentialEquation"	RelError: 4.32711e+01	AbsError: 1.08801e-01
    Region: "gate"	RelError: 3.93513e-02	AbsError: 2.29087e-02
      Equation: "PotentialEquation"	RelError: 3.93513e-02	AbsError: 2.29087e-02
    Region: "oxide"	RelError: 5.30767e-01	AbsError: 8.15547e-02
      Equation: "PotentialEquation"	RelError: 5.30767e-01	AbsError: 8.15547e-02
Iteration: 10
  Device: "mos2d"	RelError: 4.22506e+01	AbsError: 9.52802e-02
    Region: "bulk"	RelError: 4.13968e+01	AbsError: 9.52802e-02
      Equation: "PotentialEquation"	RelError: 4.13968e+01	AbsError: 9.52802e-02
    Region: "gate"	RelError: 2.33454e-02	AbsError: 1.39156e-02
      Equation: "PotentialEquation"	RelError: 2.33454e-02	AbsError: 1.39156e-02
    Region: "oxide"	RelError: 8.30480e-01	AbsError: 6.98018e-02
      Equation: "PotentialEquation"	RelError: 8.30480e-01	AbsError: 6.98018e-02
Iteration: 11
  Device: "mos2d"	RelError: 3.36394e+02	AbsError: 8.22274e-02
    Region: "bulk"	RelError: 3.34450e+02	AbsError: 8.22274e-02
      Equation: "PotentialEquation"	RelError: 3.34450e+02	AbsError: 8.22274e-02
    Region: "gate"	RelError: 5.40300e-05	AbsError: 3.21927e-05
      Equation: "PotentialEquation"	RelError: 5.40300e-05	AbsError: 3.21927e-05
    Region: "oxide"	RelError: 1.94399e+00	AbsError: 5.55003e-02
      Equation: "PotentialEquation"	RelError: 1.94399e+00	AbsError: 5.55003e-02
Iteration: 12
  Device: "mos2d"	RelError: 3.63883e+03	AbsError: 6.82398e-02
    Region: "bulk"	RelError: 3.54801e+03	AbsError: 6.82398e-02
      Equation: "PotentialEquation"	RelError: 3.54801e+03	AbsError: 6.82398e-02
    Region: "gate"	RelError: 3.48099e-05	AbsError: 2.07415e-05
      Equation: "PotentialEquation"	RelError: 3.48099e-05	AbsError: 2.07415e-05
    Region: "oxide"	RelError: 9.08192e+01	AbsError: 3.63322e-02
      Equation: "PotentialEquation"	RelError: 9.08192e+01	AbsError: 3.63322e-02
Iteration: 13
  Device: "mos2d"	RelError: 1.25971e+01	AbsError: 5.28686e-02
    Region: "bulk"	RelError: 1.14890e+01	AbsError: 5.28686e-02
      Equation: "PotentialEquation"	RelError: 1.14890e+01	AbsError: 5.28686e-02
    Region: "gate"	RelError: 2.06316e-05	AbsError: 1.22936e-05
      Equation: "PotentialEquation"	RelError: 2.06316e-05	AbsError: 1.22936e-05
    Region: "oxide"	RelError: 1.10811e+00	AbsError: 2.57245e-02
      Equation: "PotentialEquation"	RelError: 1.10811e+00	AbsError: 2.57245e-02
Iteration: 14
  Device: "mos2d"	RelError: 3.78829e+01	AbsError: 3.56724e-02
    Region: "bulk"	RelError: 2.92066e+01	AbsError: 3.56724e-02
      Equation: "PotentialEquation"	RelError: 2.92066e+01	AbsError: 3.56724e-02
    Region: "gate"	RelError: 9.99108e-06	AbsError: 5.95338e-06
      Equation: "PotentialEquation"	RelError: 9.99108e-06	AbsError: 5.95338e-06
    Region: "oxide"	RelError: 8.67629e+00	AbsError: 2.22680e-02
      Equation: "PotentialEquation"	RelError: 8.67629e+00	AbsError: 2.22680e-02
Iteration: 15
  Device: "mos2d"	RelError: 4.60996e+00	AbsError: 2.58424e-02
    Region: "bulk"	RelError: 3.87733e+00	AbsError: 2.58424e-02
      Equation: "PotentialEquation"	RelError: 3.87733e+00	AbsError: 2.58424e-02
    Region: "gate"	RelError: 3.14628e-06	AbsError: 1.87478e-06
      Equation: "PotentialEquation"	RelError: 3.14628e-06	AbsError: 1.87478e-06
    Region: "oxide"	RelError: 7.32633e-01	AbsError: 5.46730e-03
      Equation: "PotentialEquation"	RelError: 7.32633e-01	AbsError: 5.46730e-03
Iteration: 16
  Device: "mos2d"	RelError: 5.35033e-01	AbsError: 6.58239e-03
    Region: "bulk"	RelError: 4.23844e-01	AbsError: 6.58239e-03
      Equation: "PotentialEquation"	RelError: 4.23844e-01	AbsError: 6.58239e-03
    Region: "gate"	RelError: 5.35602e-07	AbsError: 3.19150e-07
      Equation: "PotentialEquation"	RelError: 5.35602e-07	AbsError: 3.19150e-07
    Region: "oxide"	RelError: 1.11188e-01	AbsError: 9.35077e-04
      Equation: "PotentialEquation"	RelError: 1.11188e-01	AbsError: 9.35077e-04
Iteration: 17
  Device: "mos2d"	RelError: 1.71640e-02	AbsError: 1.04785e-04
    Region: "bulk"	RelError: 1.34236e-02	AbsError: 1.04785e-04
      Equation: "PotentialEquation"	RelError: 1.34236e-02	AbsError: 1.04785e-04
    Region: "gate"	RelError: 1.80365e-08	AbsError: 1.07475e-08
      Equation: "PotentialEquation"	RelError: 1.80365e-08	AbsError: 1.07475e-08
    Region: "oxide"	RelError: 3.74039e-03	AbsError: 3.18714e-05
      Equation: "PotentialEquation"	RelError: 3.74039e-03	AbsError: 3.18714e-05
Iteration: 18
  Device: "mos2d"	RelError: 9.96124e-06	AbsError: 6.22143e-08
    Region: "bulk"	RelError: 7.80849e-06	AbsError: 6.22143e-08
      Equation: "PotentialEquation"	RelError: 7.80849e-06	AbsError: 6.22143e-08
    Region: "gate"	RelError: 1.03804e-11	AbsError: 6.18536e-12
      Equation: "PotentialEquation"	RelError: 1.03804e-11	AbsError: 6.18536e-12
    Region: "oxide"	RelError: 2.15274e-06	AbsError: 1.82673e-08
      Equation: "PotentialEquation"	RelError: 2.15274e-06	AbsError: 1.82673e-08
Iteration: 19
  Device: "mos2d"	RelError: 3.99181e-12	AbsError: 2.80491e-14
    Region: "bulk"	RelError: 3.13063e-12	AbsError: 2.80491e-14
      Equation: "PotentialEquation"	RelError: 3.13063e-12	AbsError: 2.80491e-14
    Region: "gate"	RelError: 1.55061e-16	AbsError: 9.24282e-17
      Equation: "PotentialEquation"	RelError: 1.55061e-16	AbsError: 9.24282e-17
    Region: "oxide"	RelError: 8.61025e-13	AbsError: 7.30600e-15
      Equation: "PotentialEquation"	RelError: 8.61025e-13	AbsError: 7.30600e-15
Iteration: 20
  Device: "mos2d"	RelError: 2.00766e-14	AbsError: 1.21920e-16
    Region: "bulk"	RelError: 1.55071e-14	AbsError: 1.21859e-16
      Equation: "PotentialEquation"	RelError: 1.55071e-14	AbsError: 1.21859e-16
    Region: "gate"	RelError: 2.04573e-16	AbsError: 1.21920e-16
      Equation: "PotentialEquation"	RelError: 2.04573e-16	AbsError: 1.21920e-16
    Region: "oxide"	RelError: 4.36497e-15	AbsError: 1.21920e-16
      Equation: "PotentialEquation"	RelError: 4.36497e-15	AbsError: 1.21920e-16
number of equations 1585
Iteration: 0
  Device: "mos2d"	RelError: 2.78633e-14	AbsError: 1.28050e-16
    Region: "bulk"	RelError: 2.49088e-14	AbsError: 1.28050e-16
      Equation: "PotentialEquation"	RelError: 2.49088e-14	AbsError: 1.28050e-16
    Region: "gate"	RelError: 1.55061e-16	AbsError: 9.24282e-17
      Equation: "PotentialEquation"	RelError: 1.55061e-16	AbsError: 9.24282e-17
    Region: "oxide"	RelError: 2.79939e-15	AbsError: 6.99370e-17
      Equation: "PotentialEquation"	RelError: 2.79939e-15	AbsError: 6.99370e-17
Warning: Replacing equation with equation of the same name.
Region: gate, Equation: PotentialEquation, Variable: Potential
Warning: Replacing equation with equation of the same name.
Region: bulk, Equation: PotentialEquation, Variable: Potential
number of equations 4409
Iteration: 0
  Device: "mos2d"	RelError: 2.22739e-10	AbsError: 4.70662e+05
    Region: "bulk"	RelError: 2.22726e-10	AbsError: 5.42720e+04
      Equation: "ElectronContinuityEquation"	RelError: 2.51179e-11	AbsError: 4.91520e+04
      Equation: "HoleContinuityEquation"	RelError: 1.97569e-10	AbsError: 5.12000e+03
      Equation: "PotentialEquation"	RelError: 3.92873e-14	AbsError: 2.02517e-16
    Region: "gate"	RelError: 9.61336e-15	AbsError: 4.70662e+05
      Equation: "ElectronContinuityEquation"	RelError: 4.71475e-15	AbsError: 4.70662e+05
      Equation: "HoleContinuityEquation"	RelError: 4.73567e-15	AbsError: 4.75465e-15
      Equation: "PotentialEquation"	RelError: 1.62941e-16	AbsError: 9.71137e-17
    Region: "oxide"	RelError: 2.44922e-15	AbsError: 9.71137e-17
      Equation: "PotentialEquation"	RelError: 2.44922e-15	AbsError: 9.71137e-17
=== SWEEP_START IDVD_VG1P0 ===
number of equations 4409
Iteration: 0
  Device: "mos2d"	RelError: 2.03527e-10	AbsError: 8.19019e+03
    Region: "bulk"	RelError: 2.03523e-10	AbsError: 1.37541e+03
      Equation: "ElectronContinuityEquation"	RelError: 2.72004e-11	AbsError: 9.96765e+02
      Equation: "HoleContinuityEquation"	RelError: 1.76304e-10	AbsError: 3.78648e+02
      Equation: "PotentialEquation"	RelError: 1.87616e-14	AbsError: 1.51064e-16
    Region: "gate"	RelError: 4.00262e-16	AbsError: 8.19019e+03
      Equation: "ElectronContinuityEquation"	RelError: 8.19019e-17	AbsError: 8.19019e+03
      Equation: "HoleContinuityEquation"	RelError: 2.26045e-16	AbsError: 2.26046e-16
      Equation: "PotentialEquation"	RelError: 9.23149e-17	AbsError: 5.50266e-17
    Region: "oxide"	RelError: 3.82424e-15	AbsError: 7.31100e-17
      Equation: "PotentialEquation"	RelError: 3.82424e-15	AbsError: 7.31100e-17
gate last end 0.000000e+00 5.000000e-01
number of equations 4409
Iteration: 0
  Device: "mos2d"	RelError: 2.94499e+01	AbsError: 3.95264e+16
    Region: "bulk"	RelError: 2.88395e+01	AbsError: 3.95264e+16
      Equation: "ElectronContinuityEquation"	RelError: 3.10836e-01	AbsError: 3.70295e+16
      Equation: "HoleContinuityEquation"	RelError: 8.21606e-01	AbsError: 2.49685e+15
      Equation: "PotentialEquation"	RelError: 2.77070e+01	AbsError: 1.16760e-02
    Region: "gate"	RelError: 3.29613e-02	AbsError: 2.44678e+16
      Equation: "ElectronContinuityEquation"	RelError: 2.45890e-04	AbsError: 2.44678e+16
      Equation: "HoleContinuityEquation"	RelError: 2.45769e-04	AbsError: 2.46987e-04
      Equation: "PotentialEquation"	RelError: 3.24696e-02	AbsError: 2.00000e-02
    Region: "oxide"	RelError: 5.77457e-01	AbsError: 1.99973e-02
      Equation: "PotentialEquation"	RelError: 5.77457e-01	AbsError: 1.99973e-02
Iteration: 1
  Device: "mos2d"	RelError: 2.66923e-01	AbsError: 2.11963e+15
    Region: "bulk"	RelError: 2.65683e-01	AbsError: 2.11963e+15
      Equation: "ElectronContinuityEquation"	RelError: 7.65198e-02	AbsError: 2.05096e+15
      Equation: "HoleContinuityEquation"	RelError: 1.37291e-01	AbsError: 6.86710e+13
      Equation: "PotentialEquation"	RelError: 5.18722e-02	AbsError: 5.55475e-05
    Region: "gate"	RelError: 1.11601e-06	AbsError: 5.26788e+13
      Equation: "ElectronContinuityEquation"	RelError: 5.28343e-07	AbsError: 5.26788e+13
      Equation: "HoleContinuityEquation"	RelError: 5.64696e-07	AbsError: 5.66363e-07
      Equation: "PotentialEquation"	RelError: 2.29675e-08	AbsError: 1.41479e-08
    Region: "oxide"	RelError: 1.23901e-03	AbsError: 4.78561e-05
      Equation: "PotentialEquation"	RelError: 1.23901e-03	AbsError: 4.78561e-05
Iteration: 2
  Device: "mos2d"	RelError: 2.10465e-04	AbsError: 7.53652e+11
    Region: "bulk"	RelError: 2.10373e-04	AbsError: 7.53652e+11
      Equation: "ElectronContinuityEquation"	RelError: 1.42360e-04	AbsError: 7.35109e+11
      Equation: "HoleContinuityEquation"	RelError: 6.49311e-05	AbsError: 1.85421e+10
      Equation: "PotentialEquation"	RelError: 3.08217e-06	AbsError: 1.22089e-08
    Region: "gate"	RelError: 2.33292e-10	AbsError: 1.14058e+10
      Equation: "ElectronContinuityEquation"	RelError: 1.14395e-10	AbsError: 1.14058e+10
      Equation: "HoleContinuityEquation"	RelError: 1.14096e-10	AbsError: 1.14433e-10
      Equation: "PotentialEquation"	RelError: 4.80137e-12	AbsError: 2.95764e-12
    Region: "oxide"	RelError: 9.17385e-08	AbsError: 1.22089e-08
      Equation: "PotentialEquation"	RelError: 9.17385e-08	AbsError: 1.22089e-08
Iteration: 3
  Device: "mos2d"	RelError: 6.90192e-10	AbsError: 7.85806e+04
    Region: "bulk"	RelError: 6.90188e-10	AbsError: 7.85806e+04
      Equation: "ElectronContinuityEquation"	RelError: 3.84777e-10	AbsError: 7.77423e+04
      Equation: "HoleContinuityEquation"	RelError: 3.05332e-10	AbsError: 8.38318e+02
      Equation: "PotentialEquation"	RelError: 7.90448e-14	AbsError: 1.38948e-15
    Region: "gate"	RelError: 4.42880e-16	AbsError: 8.06759e+03
      Equation: "ElectronContinuityEquation"	RelError: 8.06759e-17	AbsError: 8.06759e+03
      Equation: "HoleContinuityEquation"	RelError: 2.70132e-16	AbsError: 2.71574e-16
      Equation: "PotentialEquation"	RelError: 9.20729e-17	AbsError: 5.67111e-17
    Region: "oxide"	RelError: 3.30340e-15	AbsError: 1.38948e-15
      Equation: "PotentialEquation"	RelError: 3.30340e-15	AbsError: 1.38948e-15
Succeeded
gate last end 2.000000e-02 5.000000e-01
number of equations 4409
Iteration: 0
  Device: "mos2d"	RelError: 5.86314e+00	AbsError: 4.36053e+16
    Region: "bulk"	RelError: 5.46443e+00	AbsError: 4.36053e+16
      Equation: "ElectronContinuityEquation"	RelError: 3.11728e-01	AbsError: 4.11664e+16
      Equation: "HoleContinuityEquation"	RelError: 8.27869e-01	AbsError: 2.43892e+15
      Equation: "PotentialEquation"	RelError: 4.32483e+00	AbsError: 1.17247e-02
    Region: "gate"	RelError: 3.19422e-02	AbsError: 2.45630e+16
      Equation: "ElectronContinuityEquation"	RelError: 2.46909e-04	AbsError: 2.45630e+16
      Equation: "HoleContinuityEquation"	RelError: 2.46787e-04	AbsError: 2.48071e-04
      Equation: "PotentialEquation"	RelError: 3.14486e-02	AbsError: 2.00000e-02
    Region: "oxide"	RelError: 3.66768e-01	AbsError: 1.99973e-02
      Equation: "PotentialEquation"	RelError: 3.66768e-01	AbsError: 1.99973e-02
Iteration: 1
  Device: "mos2d"	RelError: 2.26455e-01	AbsError: 2.22165e+15
    Region: "bulk"	RelError: 2.25705e-01	AbsError: 2.22165e+15
      Equation: "ElectronContinuityEquation"	RelError: 7.70176e-02	AbsError: 2.15394e+15
      Equation: "HoleContinuityEquation"	RelError: 1.38665e-01	AbsError: 6.77089e+13
      Equation: "PotentialEquation"	RelError: 1.00221e-02	AbsError: 5.40354e-05
    Region: "gate"	RelError: 1.24192e-06	AbsError: 5.88335e+13
      Equation: "ElectronContinuityEquation"	RelError: 5.90185e-07	AbsError: 5.88335e+13
      Equation: "HoleContinuityEquation"	RelError: 6.26964e-07	AbsError: 6.28936e-07
      Equation: "PotentialEquation"	RelError: 2.47713e-08	AbsError: 1.57544e-08
    Region: "oxide"	RelError: 7.48413e-04	AbsError: 5.29112e-05
      Equation: "PotentialEquation"	RelError: 7.48413e-04	AbsError: 5.29112e-05
Iteration: 2
  Device: "mos2d"	RelError: 2.14102e-04	AbsError: 8.30906e+11
    Region: "bulk"	RelError: 2.14047e-04	AbsError: 8.30906e+11
      Equation: "ElectronContinuityEquation"	RelError: 1.45418e-04	AbsError: 8.13121e+11
      Equation: "HoleContinuityEquation"	RelError: 6.78734e-05	AbsError: 1.77847e+10
      Equation: "PotentialEquation"	RelError: 7.55613e-07	AbsError: 1.50723e-08
    Region: "gate"	RelError: 2.89431e-10	AbsError: 1.41569e+10
      Equation: "ElectronContinuityEquation"	RelError: 1.42014e-10	AbsError: 1.41569e+10
      Equation: "HoleContinuityEquation"	RelError: 1.41644e-10	AbsError: 1.42089e-10
      Equation: "PotentialEquation"	RelError: 5.77315e-12	AbsError: 3.67168e-12
    Region: "oxide"	RelError: 5.48725e-08	AbsError: 1.50723e-08
      Equation: "PotentialEquation"	RelError: 5.48725e-08	AbsError: 1.50723e-08
Iteration: 3
  Device: "mos2d"	RelError: 3.12267e-10	AbsError: 9.83753e+04
    Region: "bulk"	RelError: 3.12261e-10	AbsError: 9.83753e+04
      Equation: "ElectronContinuityEquation"	RelError: 2.35739e-10	AbsError: 9.76049e+04
      Equation: "HoleContinuityEquation"	RelError: 7.64708e-11	AbsError: 7.70366e+02
      Equation: "PotentialEquation"	RelError: 5.15142e-14	AbsError: 2.06494e-15
    Region: "gate"	RelError: 4.31226e-16	AbsError: 8.51006e+03
      Equation: "ElectronContinuityEquation"	RelError: 8.53630e-17	AbsError: 8.51006e+03
      Equation: "HoleContinuityEquation"	RelError: 2.56434e-16	AbsError: 2.57224e-16
      Equation: "PotentialEquation"	RelError: 8.94297e-17	AbsError: 5.68839e-17
    Region: "oxide"	RelError: 4.85938e-15	AbsError: 2.06494e-15
      Equation: "PotentialEquation"	RelError: 4.85938e-15	AbsError: 2.06494e-15
Succeeded
gate last end 4.000000e-02 5.000000e-01
number of equations 4409
Iteration: 0
  Device: "mos2d"	RelError: 1.88262e+01	AbsError: 4.78781e+16
    Region: "bulk"	RelError: 1.85262e+01	AbsError: 4.78781e+16
      Equation: "ElectronContinuityEquation"	RelError: 3.12578e-01	AbsError: 4.55024e+16
      Equation: "HoleContinuityEquation"	RelError: 8.33888e-01	AbsError: 2.37569e+15
      Equation: "PotentialEquation"	RelError: 1.73798e+01	AbsError: 1.17712e-02
    Region: "gate"	RelError: 3.09857e-02	AbsError: 2.46691e+16
      Equation: "ElectronContinuityEquation"	RelError: 2.48037e-04	AbsError: 2.46691e+16
      Equation: "HoleContinuityEquation"	RelError: 2.47914e-04	AbsError: 2.49266e-04
      Equation: "PotentialEquation"	RelError: 3.04897e-02	AbsError: 2.00000e-02
    Region: "oxide"	RelError: 2.68995e-01	AbsError: 1.99973e-02
      Equation: "PotentialEquation"	RelError: 2.68995e-01	AbsError: 1.99973e-02
Iteration: 1
  Device: "mos2d"	RelError: 2.44323e-01	AbsError: 2.30157e+15
    Region: "bulk"	RelError: 2.43800e-01	AbsError: 2.30157e+15
      Equation: "ElectronContinuityEquation"	RelError: 7.74930e-02	AbsError: 2.23558e+15
      Equation: "HoleContinuityEquation"	RelError: 1.39986e-01	AbsError: 6.59886e+13
      Equation: "PotentialEquation"	RelError: 2.63207e-02	AbsError: 5.79571e-05
    Region: "gate"	RelError: 1.37113e-06	AbsError: 6.51499e+13
      Equation: "ElectronContinuityEquation"	RelError: 6.53674e-07	AbsError: 6.51499e+13
      Equation: "HoleContinuityEquation"	RelError: 6.90929e-07	AbsError: 6.93236e-07
      Equation: "PotentialEquation"	RelError: 2.65311e-08	AbsError: 1.74041e-08
    Region: "oxide"	RelError: 5.21509e-04	AbsError: 5.79571e-05
      Equation: "PotentialEquation"	RelError: 5.21509e-04	AbsError: 5.79571e-05
Iteration: 2
  Device: "mos2d"	RelError: 2.20920e-04	AbsError: 8.93369e+11
    Region: "bulk"	RelError: 2.20877e-04	AbsError: 8.93369e+11
      Equation: "ElectronContinuityEquation"	RelError: 1.48720e-04	AbsError: 8.76203e+11
      Equation: "HoleContinuityEquation"	RelError: 7.08237e-05	AbsError: 1.71656e+10
      Equation: "PotentialEquation"	RelError: 1.33352e-06	AbsError: 1.80933e-08
    Region: "gate"	RelError: 3.49410e-10	AbsError: 1.70979e+10
      Equation: "ElectronContinuityEquation"	RelError: 1.71550e-10	AbsError: 1.70979e+10
      Equation: "HoleContinuityEquation"	RelError: 1.71098e-10	AbsError: 1.71670e-10
      Equation: "PotentialEquation"	RelError: 6.76112e-12	AbsError: 4.43522e-12
    Region: "oxide"	RelError: 4.21610e-08	AbsError: 1.80933e-08
      Equation: "PotentialEquation"	RelError: 4.21610e-08	AbsError: 1.80933e-08
Iteration: 3
  Device: "mos2d"	RelError: 6.83269e-10	AbsError: 1.41459e+05
    Region: "bulk"	RelError: 6.83261e-10	AbsError: 1.41459e+05
      Equation: "ElectronContinuityEquation"	RelError: 3.95943e-10	AbsError: 1.40748e+05
      Equation: "HoleContinuityEquation"	RelError: 2.87270e-10	AbsError: 7.10831e+02
      Equation: "PotentialEquation"	RelError: 4.74736e-14	AbsError: 2.96543e-15
    Region: "gate"	RelError: 5.84868e-16	AbsError: 8.18813e+03
      Equation: "ElectronContinuityEquation"	RelError: 8.18817e-17	AbsError: 8.18813e+03
      Equation: "HoleContinuityEquation"	RelError: 2.52854e-16	AbsError: 2.54818e-16
      Equation: "PotentialEquation"	RelError: 2.50132e-16	AbsError: 1.64105e-16
    Region: "oxide"	RelError: 6.91007e-15	AbsError: 2.96543e-15
      Equation: "PotentialEquation"	RelError: 6.91007e-15	AbsError: 2.96543e-15
Succeeded
gate last end 6.000000e-02 5.000000e-01
number of equations 4409
Iteration: 0
  Device: "mos2d"	RelError: 4.83404e+01	AbsError: 5.23643e+16
    Region: "bulk"	RelError: 4.80978e+01	AbsError: 5.23643e+16
      Equation: "ElectronContinuityEquation"	RelError: 3.13386e-01	AbsError: 4.99935e+16
      Equation: "HoleContinuityEquation"	RelError: 8.39666e-01	AbsError: 2.37079e+15
      Equation: "PotentialEquation"	RelError: 4.69447e+01	AbsError: 1.18155e-02
    Region: "gate"	RelError: 3.00861e-02	AbsError: 2.47866e+16
      Equation: "ElectronContinuityEquation"	RelError: 2.49280e-04	AbsError: 2.47866e+16
      Equation: "HoleContinuityEquation"	RelError: 2.49156e-04	AbsError: 2.50578e-04
      Equation: "PotentialEquation"	RelError: 2.95876e-02	AbsError: 2.00000e-02
    Region: "oxide"	RelError: 2.12530e-01	AbsError: 1.99973e-02
      Equation: "PotentialEquation"	RelError: 2.12530e-01	AbsError: 1.99973e-02
Iteration: 1
  Device: "mos2d"	RelError: 3.00854e-01	AbsError: 2.35613e+15
    Region: "bulk"	RelError: 3.00461e-01	AbsError: 2.35613e+15
      Equation: "ElectronContinuityEquation"	RelError: 7.79461e-02	AbsError: 2.29157e+15
      Equation: "HoleContinuityEquation"	RelError: 1.41253e-01	AbsError: 6.45618e+13
      Equation: "PotentialEquation"	RelError: 8.12618e-02	AbsError: 6.28393e-05
    Region: "gate"	RelError: 1.50077e-06	AbsError: 7.14866e+13
      Equation: "ElectronContinuityEquation"	RelError: 7.17393e-07	AbsError: 7.14866e+13
      Equation: "HoleContinuityEquation"	RelError: 7.55177e-07	AbsError: 7.57846e-07
      Equation: "PotentialEquation"	RelError: 2.81966e-08	AbsError: 1.90604e-08
    Region: "oxide"	RelError: 3.91072e-04	AbsError: 6.28393e-05
      Equation: "PotentialEquation"	RelError: 3.91072e-04	AbsError: 6.28393e-05
Iteration: 2
  Device: "mos2d"	RelError: 2.31209e-04	AbsError: 9.34238e+11
    Region: "bulk"	RelError: 2.31160e-04	AbsError: 9.34238e+11
      Equation: "ElectronContinuityEquation"	RelError: 1.52239e-04	AbsError: 9.18072e+11
      Equation: "HoleContinuityEquation"	RelError: 7.36590e-05	AbsError: 1.61655e+10
      Equation: "PotentialEquation"	RelError: 5.26201e-06	AbsError: 2.10801e-08
    Region: "gate"	RelError: 4.09886e-10	AbsError: 2.00654e+10
      Equation: "ElectronContinuityEquation"	RelError: 2.01363e-10	AbsError: 2.00654e+10
      Equation: "HoleContinuityEquation"	RelError: 2.00821e-10	AbsError: 2.01531e-10
      Equation: "PotentialEquation"	RelError: 7.70119e-12	AbsError: 5.20588e-12
    Region: "oxide"	RelError: 4.86578e-08	AbsError: 2.10801e-08
      Equation: "PotentialEquation"	RelError: 4.86578e-08	AbsError: 2.10801e-08
Iteration: 3
  Device: "mos2d"	RelError: 2.96432e-10	AbsError: 1.90605e+05
    Region: "bulk"	RelError: 2.96423e-10	AbsError: 1.90605e+05
      Equation: "ElectronContinuityEquation"	RelError: 2.11745e-10	AbsError: 1.89997e+05
      Equation: "HoleContinuityEquation"	RelError: 8.46283e-11	AbsError: 6.07380e+02
      Equation: "PotentialEquation"	RelError: 4.90531e-14	AbsError: 3.90631e-15
    Region: "gate"	RelError: 4.26467e-16	AbsError: 8.11610e+03
      Equation: "ElectronContinuityEquation"	RelError: 8.11610e-17	AbsError: 8.11610e+03
      Equation: "HoleContinuityEquation"	RelError: 2.63528e-16	AbsError: 2.65445e-16
      Equation: "PotentialEquation"	RelError: 8.17773e-17	AbsError: 5.52875e-17
    Region: "oxide"	RelError: 9.01667e-15	AbsError: 3.90631e-15
      Equation: "PotentialEquation"	RelError: 9.01667e-15	AbsError: 3.90631e-15
Succeeded
gate last end 8.000000e-02 5.000000e-01
number of equations 4409
Iteration: 0
  Device: "mos2d"	RelError: 8.44679e+00	AbsError: 5.69436e+16
    Region: "bulk"	RelError: 8.24181e+00	AbsError: 5.69436e+16
      Equation: "ElectronContinuityEquation"	RelError: 3.14155e-01	AbsError: 5.45872e+16
      Equation: "HoleContinuityEquation"	RelError: 8.45205e-01	AbsError: 2.35641e+15
      Equation: "PotentialEquation"	RelError: 7.08245e+00	AbsError: 1.18578e-02
    Region: "gate"	RelError: 2.92385e-02	AbsError: 2.49162e+16
      Equation: "ElectronContinuityEquation"	RelError: 2.50646e-04	AbsError: 2.49162e+16
      Equation: "HoleContinuityEquation"	RelError: 2.50521e-04	AbsError: 2.52013e-04
      Equation: "PotentialEquation"	RelError: 2.87374e-02	AbsError: 2.00000e-02
    Region: "oxide"	RelError: 1.75749e-01	AbsError: 1.99974e-02
      Equation: "PotentialEquation"	RelError: 1.75749e-01	AbsError: 1.99974e-02
Iteration: 1
  Device: "mos2d"	RelError: 2.33357e-01	AbsError: 2.38105e+15
    Region: "bulk"	RelError: 2.33049e-01	AbsError: 2.38105e+15
      Equation: "ElectronContinuityEquation"	RelError: 7.83775e-02	AbsError: 2.31837e+15
      Equation: "HoleContinuityEquation"	RelError: 1.42468e-01	AbsError: 6.26836e+13
      Equation: "PotentialEquation"	RelError: 1.22035e-02	AbsError: 6.73906e-05
    Region: "gate"	RelError: 1.62759e-06	AbsError: 7.76852e+13
      Equation: "ElectronContinuityEquation"	RelError: 7.79752e-07	AbsError: 7.76852e+13
      Equation: "HoleContinuityEquation"	RelError: 8.18118e-07	AbsError: 8.21171e-07
      Equation: "PotentialEquation"	RelError: 2.97168e-08	AbsError: 2.06822e-08
    Region: "oxide"	RelError: 3.06560e-04	AbsError: 6.73906e-05
      Equation: "PotentialEquation"	RelError: 3.06560e-04	AbsError: 6.73906e-05
Iteration: 2
  Device: "mos2d"	RelError: 2.33403e-04	AbsError: 1.02587e+12
    Region: "bulk"	RelError: 2.33349e-04	AbsError: 1.02587e+12
      Equation: "ElectronContinuityEquation"	RelError: 1.55945e-04	AbsError: 1.01100e+12
      Equation: "HoleContinuityEquation"	RelError: 7.65122e-05	AbsError: 1.48745e+10
      Equation: "PotentialEquation"	RelError: 8.90878e-07	AbsError: 2.37998e-08
    Region: "gate"	RelError: 4.66786e-10	AbsError: 2.28597e+10
      Equation: "ElectronContinuityEquation"	RelError: 2.29451e-10	AbsError: 2.28597e+10
      Equation: "HoleContinuityEquation"	RelError: 2.28812e-10	AbsError: 2.29666e-10
      Equation: "PotentialEquation"	RelError: 8.52293e-12	AbsError: 5.93177e-12
    Region: "oxide"	RelError: 5.44387e-08	AbsError: 2.37998e-08
      Equation: "PotentialEquation"	RelError: 5.44387e-08	AbsError: 2.37998e-08
Iteration: 3
  Device: "mos2d"	RelError: 2.66289e-10	AbsError: 2.39371e+05
    Region: "bulk"	RelError: 2.66277e-10	AbsError: 2.39371e+05
      Equation: "ElectronContinuityEquation"	RelError: 9.99176e-11	AbsError: 2.38851e+05
      Equation: "HoleContinuityEquation"	RelError: 1.66315e-10	AbsError: 5.20123e+02
      Equation: "PotentialEquation"	RelError: 4.44472e-14	AbsError: 4.90610e-15
    Region: "gate"	RelError: 4.92015e-16	AbsError: 7.93959e+03
      Equation: "ElectronContinuityEquation"	RelError: 7.93963e-17	AbsError: 7.93959e+03
      Equation: "HoleContinuityEquation"	RelError: 3.36556e-16	AbsError: 3.39126e-16
      Equation: "PotentialEquation"	RelError: 7.60630e-17	AbsError: 5.29455e-17
    Region: "oxide"	RelError: 1.12220e-14	AbsError: 4.90610e-15
      Equation: "PotentialEquation"	RelError: 1.12220e-14	AbsError: 4.90610e-15
Succeeded
gate last end 1.000000e-01 5.000000e-01
number of equations 4409
Iteration: 0
  Device: "mos2d"	RelError: 6.04712e+01	AbsError: 6.15566e+16
    Region: "bulk"	RelError: 6.02929e+01	AbsError: 6.15566e+16
      Equation: "ElectronContinuityEquation"	RelError: 3.14884e-01	AbsError: 5.92240e+16
      Equation: "HoleContinuityEquation"	RelError: 8.50507e-01	AbsError: 2.33257e+15
      Equation: "PotentialEquation"	RelError: 5.91275e+01	AbsError: 1.18980e-02
    Region: "gate"	RelError: 2.84388e-02	AbsError: 2.50584e+16
      Equation: "ElectronContinuityEquation"	RelError: 2.52140e-04	AbsError: 2.50584e+16
      Equation: "HoleContinuityEquation"	RelError: 2.52013e-04	AbsError: 2.53579e-04
      Equation: "PotentialEquation"	RelError: 2.79346e-02	AbsError: 2.00000e-02
    Region: "oxide"	RelError: 1.49879e-01	AbsError: 1.99974e-02
      Equation: "PotentialEquation"	RelError: 1.49879e-01	AbsError: 1.99974e-02
Iteration: 1
  Device: "mos2d"	RelError: 3.25323e-01	AbsError: 2.37372e+15
    Region: "bulk"	RelError: 3.25074e-01	AbsError: 2.37372e+15
      Equation: "ElectronContinuityEquation"	RelError: 7.87874e-02	AbsError: 2.31349e+15
      Equation: "HoleContinuityEquation"	RelError: 1.43630e-01	AbsError: 6.02372e+13
      Equation: "PotentialEquation"	RelError: 1.02656e-01	AbsError: 7.14443e-05
    Region: "gate"	RelError: 1.74824e-06	AbsError: 8.35811e+13
      Equation: "ElectronContinuityEquation"	RelError: 8.39097e-07	AbsError: 8.35811e+13
      Equation: "HoleContinuityEquation"	RelError: 8.78100e-07	AbsError: 8.81552e-07
      Equation: "PotentialEquation"	RelError: 3.10442e-08	AbsError: 2.22268e-08
    Region: "oxide"	RelError: 2.47461e-04	AbsError: 7.14443e-05
      Equation: "PotentialEquation"	RelError: 2.47461e-04	AbsError: 7.14443e-05
Iteration: 2
  Device: "mos2d"	RelError: 2.46181e-04	AbsError: 1.10560e+12
    Region: "bulk"	RelError: 2.46121e-04	AbsError: 1.10560e+12
      Equation: "ElectronContinuityEquation"	RelError: 1.59812e-04	AbsError: 1.09222e+12
      Equation: "HoleContinuityEquation"	RelError: 7.91659e-05	AbsError: 1.33847e+10
      Equation: "PotentialEquation"	RelError: 7.14331e-06	AbsError: 2.60079e-08
    Region: "gate"	RelError: 5.15838e-10	AbsError: 2.52714e+10
      Equation: "ElectronContinuityEquation"	RelError: 2.53707e-10	AbsError: 2.52714e+10
      Equation: "HoleContinuityEquation"	RelError: 2.52970e-10	AbsError: 2.53965e-10
      Equation: "PotentialEquation"	RelError: 9.16025e-12	AbsError: 6.55849e-12
    Region: "oxide"	RelError: 5.89752e-08	AbsError: 2.60079e-08
      Equation: "PotentialEquation"	RelError: 5.89752e-08	AbsError: 2.60079e-08
Iteration: 3
  Device: "mos2d"	RelError: 3.67856e-10	AbsError: 2.79324e+05
    Region: "bulk"	RelError: 3.67842e-10	AbsError: 2.79324e+05
      Equation: "ElectronContinuityEquation"	RelError: 1.12896e-10	AbsError: 2.78870e+05
      Equation: "HoleContinuityEquation"	RelError: 2.54632e-10	AbsError: 4.53918e+02
      Equation: "PotentialEquation"	RelError: 3.14158e-13	AbsError: 5.66985e-15
    Region: "gate"	RelError: 3.98020e-16	AbsError: 7.79541e+03
      Equation: "ElectronContinuityEquation"	RelError: 7.79541e-17	AbsError: 7.79541e+03
      Equation: "HoleContinuityEquation"	RelError: 2.43588e-16	AbsError: 2.45385e-16
      Equation: "PotentialEquation"	RelError: 7.64771e-17	AbsError: 5.47491e-17
    Region: "oxide"	RelError: 1.28569e-14	AbsError: 5.66985e-15
      Equation: "PotentialEquation"	RelError: 1.28569e-14	AbsError: 5.66985e-15
Succeeded
gate last end 1.200000e-01 5.000000e-01
number of equations 4409
Iteration: 0
  Device: "mos2d"	RelError: 1.37035e+01	AbsError: 6.61397e+16
    Region: "bulk"	RelError: 1.35451e+01	AbsError: 6.61397e+16
      Equation: "ElectronContinuityEquation"	RelError: 3.15576e-01	AbsError: 6.38402e+16
      Equation: "HoleContinuityEquation"	RelError: 8.55572e-01	AbsError: 2.29946e+15
      Equation: "PotentialEquation"	RelError: 1.23739e+01	AbsError: 1.19361e-02
    Region: "gate"	RelError: 2.76829e-02	AbsError: 2.52137e+16
      Equation: "ElectronContinuityEquation"	RelError: 2.53768e-04	AbsError: 2.52137e+16
      Equation: "HoleContinuityEquation"	RelError: 2.53639e-04	AbsError: 2.55280e-04
      Equation: "PotentialEquation"	RelError: 2.71755e-02	AbsError: 2.00000e-02
    Region: "oxide"	RelError: 1.30686e-01	AbsError: 1.99974e-02
      Equation: "PotentialEquation"	RelError: 1.30686e-01	AbsError: 1.99974e-02
Iteration: 1
  Device: "mos2d"	RelError: 2.48237e-01	AbsError: 2.33311e+15
    Region: "bulk"	RelError: 2.48032e-01	AbsError: 2.33311e+15
      Equation: "ElectronContinuityEquation"	RelError: 7.91759e-02	AbsError: 2.27578e+15
      Equation: "HoleContinuityEquation"	RelError: 1.44741e-01	AbsError: 5.73305e+13
      Equation: "PotentialEquation"	RelError: 2.41150e-02	AbsError: 7.48483e-05
    Region: "gate"	RelError: 1.85952e-06	AbsError: 8.90165e+13
      Equation: "ElectronContinuityEquation"	RelError: 8.93843e-07	AbsError: 8.90165e+13
      Equation: "HoleContinuityEquation"	RelError: 9.33534e-07	AbsError: 9.37392e-07
      Equation: "PotentialEquation"	RelError: 3.21385e-08	AbsError: 2.36529e-08
    Region: "oxide"	RelError: 2.03872e-04	AbsError: 7.48483e-05
      Equation: "PotentialEquation"	RelError: 2.03872e-04	AbsError: 7.48483e-05
Iteration: 2
  Device: "mos2d"	RelError: 2.47187e-04	AbsError: 1.14752e+12
    Region: "bulk"	RelError: 2.47125e-04	AbsError: 1.14752e+12
      Equation: "ElectronContinuityEquation"	RelError: 1.63814e-04	AbsError: 1.13478e+12
      Equation: "HoleContinuityEquation"	RelError: 8.16096e-05	AbsError: 1.27357e+10
      Equation: "PotentialEquation"	RelError: 1.70149e-06	AbsError: 2.74866e-08
    Region: "gate"	RelError: 5.53232e-10	AbsError: 2.71132e+10
      Equation: "ElectronContinuityEquation"	RelError: 2.72253e-10	AbsError: 2.71132e+10
      Equation: "HoleContinuityEquation"	RelError: 2.71418e-10	AbsError: 2.72539e-10
      Equation: "PotentialEquation"	RelError: 9.56202e-12	AbsError: 7.03734e-12
    Region: "oxide"	RelError: 6.18144e-08	AbsError: 2.74866e-08
      Equation: "PotentialEquation"	RelError: 6.18144e-08	AbsError: 2.74866e-08
Iteration: 3
  Device: "mos2d"	RelError: 2.84796e-10	AbsError: 3.01823e+05
    Region: "bulk"	RelError: 2.84783e-10	AbsError: 3.01823e+05
      Equation: "ElectronContinuityEquation"	RelError: 1.77064e-10	AbsError: 3.01314e+05
      Equation: "HoleContinuityEquation"	RelError: 1.07625e-10	AbsError: 5.08621e+02
      Equation: "PotentialEquation"	RelError: 9.39535e-14	AbsError: 6.03909e-15
    Region: "gate"	RelError: 3.91246e-16	AbsError: 1.29790e+04
      Equation: "ElectronContinuityEquation"	RelError: 1.30327e-16	AbsError: 1.29790e+04
      Equation: "HoleContinuityEquation"	RelError: 1.87033e-16	AbsError: 1.87806e-16
      Equation: "PotentialEquation"	RelError: 7.38863e-17	AbsError: 5.43858e-17
    Region: "oxide"	RelError: 1.35813e-14	AbsError: 6.03909e-15
      Equation: "PotentialEquation"	RelError: 1.35813e-14	AbsError: 6.03909e-15
Succeeded
gate last end 1.400000e-01 5.000000e-01
number of equations 4409
Iteration: 0
  Device: "mos2d"	RelError: 1.74110e+01	AbsError: 7.06276e+16
    Region: "bulk"	RelError: 1.72681e+01	AbsError: 7.06276e+16
      Equation: "ElectronContinuityEquation"	RelError: 3.16231e-01	AbsError: 6.83702e+16
      Equation: "HoleContinuityEquation"	RelError: 8.60400e-01	AbsError: 2.25736e+15
      Equation: "PotentialEquation"	RelError: 1.60915e+01	AbsError: 1.19723e-02
    Region: "gate"	RelError: 2.69675e-02	AbsError: 2.53828e+16
      Equation: "ElectronContinuityEquation"	RelError: 2.55535e-04	AbsError: 2.53828e+16
      Equation: "HoleContinuityEquation"	RelError: 2.55404e-04	AbsError: 2.57122e-04
      Equation: "PotentialEquation"	RelError: 2.64565e-02	AbsError: 2.00000e-02
    Region: "oxide"	RelError: 1.15876e-01	AbsError: 1.99974e-02
      Equation: "PotentialEquation"	RelError: 1.15876e-01	AbsError: 1.99974e-02
Iteration: 1
  Device: "mos2d"	RelError: 2.53767e-01	AbsError: 2.26077e+15
    Region: "bulk"	RelError: 2.53584e-01	AbsError: 2.26077e+15
      Equation: "ElectronContinuityEquation"	RelError: 7.95432e-02	AbsError: 2.20558e+15
      Equation: "HoleContinuityEquation"	RelError: 1.45800e-01	AbsError: 5.51899e+13
      Equation: "PotentialEquation"	RelError: 2.82408e-02	AbsError: 7.74788e-05
    Region: "gate"	RelError: 1.95859e-06	AbsError: 9.38525e+13
      Equation: "ElectronContinuityEquation"	RelError: 9.42594e-07	AbsError: 9.38525e+13
      Equation: "HoleContinuityEquation"	RelError: 9.83023e-07	AbsError: 9.87285e-07
      Equation: "PotentialEquation"	RelError: 3.29705e-08	AbsError: 2.49245e-08
    Region: "oxide"	RelError: 1.81840e-04	AbsError: 7.74788e-05
      Equation: "PotentialEquation"	RelError: 1.81840e-04	AbsError: 7.74788e-05
Iteration: 2
  Device: "mos2d"	RelError: 2.53920e-04	AbsError: 1.14447e+12
    Region: "bulk"	RelError: 2.53857e-04	AbsError: 1.14447e+12
      Equation: "ElectronContinuityEquation"	RelError: 1.67934e-04	AbsError: 1.13114e+12
      Equation: "HoleContinuityEquation"	RelError: 8.39789e-05	AbsError: 1.33350e+10
      Equation: "PotentialEquation"	RelError: 1.94363e-06	AbsError: 2.80818e-08
    Region: "gate"	RelError: 5.76238e-10	AbsError: 2.82507e+10
      Equation: "ElectronContinuityEquation"	RelError: 2.83732e-10	AbsError: 2.82507e+10
      Equation: "HoleContinuityEquation"	RelError: 2.82805e-10	AbsError: 2.84031e-10
      Equation: "PotentialEquation"	RelError: 9.70056e-12	AbsError: 7.33326e-12
    Region: "oxide"	RelError: 6.26580e-08	AbsError: 2.80818e-08
      Equation: "PotentialEquation"	RelError: 6.26580e-08	AbsError: 2.80818e-08
Iteration: 3
  Device: "mos2d"	RelError: 2.30056e-10	AbsError: 3.00779e+05
    Region: "bulk"	RelError: 2.30043e-10	AbsError: 3.00779e+05
      Equation: "ElectronContinuityEquation"	RelError: 1.65191e-10	AbsError: 3.00252e+05
      Equation: "HoleContinuityEquation"	RelError: 6.44290e-11	AbsError: 5.26687e+02
      Equation: "PotentialEquation"	RelError: 4.22968e-13	AbsError: 6.00901e-15
    Region: "gate"	RelError: 3.44003e-16	AbsError: 8.18059e+03
      Equation: "ElectronContinuityEquation"	RelError: 8.18059e-17	AbsError: 8.18059e+03
      Equation: "HoleContinuityEquation"	RelError: 1.91051e-16	AbsError: 1.92548e-16
      Equation: "PotentialEquation"	RelError: 7.11469e-17	AbsError: 5.37924e-17
    Region: "oxide"	RelError: 1.34077e-14	AbsError: 6.00901e-15
      Equation: "PotentialEquation"	RelError: 1.34077e-14	AbsError: 6.00901e-15
Succeeded
gate last end 1.600000e-01 5.000000e-01
number of equations 4409
Iteration: 0
  Device: "mos2d"	RelError: 5.37975e+01	AbsError: 7.49562e+16
    Region: "bulk"	RelError: 5.36671e+01	AbsError: 7.49562e+16
      Equation: "ElectronContinuityEquation"	RelError: 3.16848e-01	AbsError: 7.27495e+16
      Equation: "HoleContinuityEquation"	RelError: 8.64990e-01	AbsError: 2.20671e+15
      Equation: "PotentialEquation"	RelError: 5.24853e+01	AbsError: 1.20066e-02
    Region: "gate"	RelError: 2.62894e-02	AbsError: 2.55659e+16
      Equation: "ElectronContinuityEquation"	RelError: 2.57446e-04	AbsError: 2.55659e+16
      Equation: "HoleContinuityEquation"	RelError: 2.57313e-04	AbsError: 2.59111e-04
      Equation: "PotentialEquation"	RelError: 2.57747e-02	AbsError: 2.00000e-02
    Region: "oxide"	RelError: 1.04098e-01	AbsError: 1.99974e-02
      Equation: "PotentialEquation"	RelError: 1.04098e-01	AbsError: 1.99974e-02
Iteration: 1
  Device: "mos2d"	RelError: 3.18677e-01	AbsError: 2.16033e+15
    Region: "bulk"	RelError: 3.18484e-01	AbsError: 2.16033e+15
      Equation: "ElectronContinuityEquation"	RelError: 7.98891e-02	AbsError: 2.10476e+15
      Equation: "HoleContinuityEquation"	RelError: 1.46807e-01	AbsError: 5.55688e+13
      Equation: "PotentialEquation"	RelError: 9.17882e-02	AbsError: 8.08640e-05
    Region: "gate"	RelError: 2.06733e-06	AbsError: 9.79801e+13
      Equation: "ElectronContinuityEquation"	RelError: 9.84250e-07	AbsError: 9.79801e+13
      Equation: "HoleContinuityEquation"	RelError: 1.04918e-06	AbsError: 1.05651e-06
      Equation: "PotentialEquation"	RelError: 3.39002e-08	AbsError: 2.63030e-08
    Region: "oxide"	RelError: 1.90977e-04	AbsError: 8.08640e-05
      Equation: "PotentialEquation"	RelError: 1.90977e-04	AbsError: 8.08640e-05
Iteration: 2
  Device: "mos2d"	RelError: 2.64979e-04	AbsError: 1.09213e+12
    Region: "bulk"	RelError: 2.64917e-04	AbsError: 1.09213e+12
      Equation: "ElectronContinuityEquation"	RelError: 1.72168e-04	AbsError: 1.07857e+12
      Equation: "HoleContinuityEquation"	RelError: 8.58498e-05	AbsError: 1.35631e+10
      Equation: "PotentialEquation"	RelError: 6.89993e-06	AbsError: 2.77292e-08
    Region: "gate"	RelError: 5.83599e-10	AbsError: 2.86217e+10
      Equation: "ElectronContinuityEquation"	RelError: 2.87517e-10	AbsError: 2.86217e+10
      Equation: "HoleContinuityEquation"	RelError: 2.86507e-10	AbsError: 2.87808e-10
      Equation: "PotentialEquation"	RelError: 9.57541e-12	AbsError: 7.43011e-12
    Region: "oxide"	RelError: 6.14115e-08	AbsError: 2.77292e-08
      Equation: "PotentialEquation"	RelError: 6.14115e-08	AbsError: 2.77292e-08
Iteration: 3
  Device: "mos2d"	RelError: 6.34797e-10	AbsError: 2.74198e+05
    Region: "bulk"	RelError: 6.34785e-10	AbsError: 2.74198e+05
      Equation: "ElectronContinuityEquation"	RelError: 4.46667e-10	AbsError: 2.73666e+05
      Equation: "HoleContinuityEquation"	RelError: 1.87831e-10	AbsError: 5.31889e+02
      Equation: "PotentialEquation"	RelError: 2.86570e-13	AbsError: 5.51385e-15
    Region: "gate"	RelError: 5.23921e-16	AbsError: 8.17479e+03
      Equation: "ElectronContinuityEquation"	RelError: 8.17482e-17	AbsError: 8.17479e+03
      Equation: "HoleContinuityEquation"	RelError: 2.30940e-16	AbsError: 2.32683e-16
      Equation: "PotentialEquation"	RelError: 2.11232e-16	AbsError: 1.63907e-16
    Region: "oxide"	RelError: 1.22115e-14	AbsError: 5.51385e-15
      Equation: "PotentialEquation"	RelError: 1.22115e-14	AbsError: 5.51385e-15
Succeeded
gate last end 1.800000e-01 5.000000e-01
number of equations 4409
Iteration: 0
  Device: "mos2d"	RelError: 7.84475e+00	AbsError: 7.90659e+16
    Region: "bulk"	RelError: 7.72460e+00	AbsError: 7.90659e+16
      Equation: "ElectronContinuityEquation"	RelError: 3.17430e-01	AbsError: 7.69178e+16
      Equation: "HoleContinuityEquation"	RelError: 8.69340e-01	AbsError: 2.14808e+15
      Equation: "PotentialEquation"	RelError: 6.53783e+00	AbsError: 1.20389e-02
    Region: "gate"	RelError: 2.56459e-02	AbsError: 2.57636e+16
      Equation: "ElectronContinuityEquation"	RelError: 2.59503e-04	AbsError: 2.57636e+16
      Equation: "HoleContinuityEquation"	RelError: 2.59368e-04	AbsError: 2.61249e-04
      Equation: "PotentialEquation"	RelError: 2.51270e-02	AbsError: 2.00000e-02
    Region: "oxide"	RelError: 9.45050e-02	AbsError: 1.99974e-02
      Equation: "PotentialEquation"	RelError: 9.45050e-02	AbsError: 1.99974e-02
Iteration: 1
  Device: "mos2d"	RelError: 2.37654e-01	AbsError: 2.03274e+15
    Region: "bulk"	RelError: 2.37452e-01	AbsError: 2.03274e+15
      Equation: "ElectronContinuityEquation"	RelError: 8.02136e-02	AbsError: 1.97666e+15
      Equation: "HoleContinuityEquation"	RelError: 1.47763e-01	AbsError: 5.60762e+13
      Equation: "PotentialEquation"	RelError: 9.47544e-03	AbsError: 8.50920e-05
    Region: "gate"	RelError: 2.21617e-06	AbsError: 1.04909e+14
      Equation: "ElectronContinuityEquation"	RelError: 1.05670e-06	AbsError: 1.04909e+14
      Equation: "HoleContinuityEquation"	RelError: 1.12400e-06	AbsError: 1.13215e-06
      Equation: "PotentialEquation"	RelError: 3.54651e-08	AbsError: 2.82263e-08
    Region: "oxide"	RelError: 1.99850e-04	AbsError: 8.50920e-05
      Equation: "PotentialEquation"	RelError: 1.99850e-04	AbsError: 8.50920e-05
Iteration: 2
  Device: "mos2d"	RelError: 2.64391e-04	AbsError: 9.93262e+11
    Region: "bulk"	RelError: 2.64332e-04	AbsError: 9.93262e+11
      Equation: "ElectronContinuityEquation"	RelError: 1.76520e-04	AbsError: 9.79819e+11
      Equation: "HoleContinuityEquation"	RelError: 8.71147e-05	AbsError: 1.34433e+10
      Equation: "PotentialEquation"	RelError: 6.96702e-07	AbsError: 2.64627e-08
    Region: "gate"	RelError: 5.75631e-10	AbsError: 2.82409e+10
      Equation: "ElectronContinuityEquation"	RelError: 2.83750e-10	AbsError: 2.82409e+10
      Equation: "HoleContinuityEquation"	RelError: 2.82670e-10	AbsError: 2.84012e-10
      Equation: "PotentialEquation"	RelError: 9.21134e-12	AbsError: 7.33179e-12
    Region: "oxide"	RelError: 5.81948e-08	AbsError: 2.64627e-08
      Equation: "PotentialEquation"	RelError: 5.81948e-08	AbsError: 2.64627e-08
Iteration: 3
  Device: "mos2d"	RelError: 3.68061e-10	AbsError: 2.26975e+05
    Region: "bulk"	RelError: 3.68050e-10	AbsError: 2.26975e+05
      Equation: "ElectronContinuityEquation"	RelError: 1.43158e-10	AbsError: 2.26469e+05
      Equation: "HoleContinuityEquation"	RelError: 2.24663e-10	AbsError: 5.05688e+02
      Equation: "PotentialEquation"	RelError: 2.28606e-13	AbsError: 4.66720e-15
    Region: "gate"	RelError: 4.41837e-16	AbsError: 1.18856e+04
      Equation: "ElectronContinuityEquation"	RelError: 1.19420e-16	AbsError: 1.18856e+04
      Equation: "HoleContinuityEquation"	RelError: 2.51126e-16	AbsError: 2.53293e-16
      Equation: "PotentialEquation"	RelError: 7.12914e-17	AbsError: 5.67532e-17
    Region: "oxide"	RelError: 1.02638e-14	AbsError: 4.66720e-15
      Equation: "PotentialEquation"	RelError: 1.02638e-14	AbsError: 4.66720e-15
Succeeded
gate last end 2.000000e-01 5.000000e-01
number of equations 4409
Iteration: 0
  Device: "mos2d"	RelError: 2.61897e+01	AbsError: 8.29042e+16
    Region: "bulk"	RelError: 2.60781e+01	AbsError: 8.29042e+16
      Equation: "ElectronContinuityEquation"	RelError: 3.17976e-01	AbsError: 8.08221e+16
      Equation: "HoleContinuityEquation"	RelError: 8.73446e-01	AbsError: 2.08211e+15
      Equation: "PotentialEquation"	RelError: 2.48867e+01	AbsError: 1.20692e-02
    Region: "gate"	RelError: 2.50344e-02	AbsError: 2.59758e+16
      Equation: "ElectronContinuityEquation"	RelError: 2.61709e-04	AbsError: 2.59758e+16
      Equation: "HoleContinuityEquation"	RelError: 2.61572e-04	AbsError: 2.63538e-04
      Equation: "PotentialEquation"	RelError: 2.45111e-02	AbsError: 2.00000e-02
    Region: "oxide"	RelError: 8.65374e-02	AbsError: 1.99974e-02
      Equation: "PotentialEquation"	RelError: 8.65374e-02	AbsError: 1.99974e-02
Iteration: 1
  Device: "mos2d"	RelError: 2.75816e-01	AbsError: 2.02779e+15
    Region: "bulk"	RelError: 2.75606e-01	AbsError: 2.02779e+15
      Equation: "ElectronContinuityEquation"	RelError: 8.05163e-02	AbsError: 1.97184e+15
      Equation: "HoleContinuityEquation"	RelError: 1.48666e-01	AbsError: 5.59585e+13
      Equation: "PotentialEquation"	RelError: 4.64233e-02	AbsError: 8.87025e-05
    Region: "gate"	RelError: 2.36664e-06	AbsError: 1.12218e+14
      Equation: "ElectronContinuityEquation"	RelError: 1.13061e-06	AbsError: 1.12218e+14
      Equation: "HoleContinuityEquation"	RelError: 1.19906e-06	AbsError: 1.20807e-06
      Equation: "PotentialEquation"	RelError: 3.69595e-08	AbsError: 3.01545e-08
    Region: "oxide"	RelError: 2.07798e-04	AbsError: 8.87025e-05
      Equation: "PotentialEquation"	RelError: 2.07798e-04	AbsError: 8.87025e-05
Iteration: 2
  Device: "mos2d"	RelError: 2.74301e-04	AbsError: 9.11304e+11
    Region: "bulk"	RelError: 2.74246e-04	AbsError: 9.11304e+11
      Equation: "ElectronContinuityEquation"	RelError: 1.81015e-04	AbsError: 8.98291e+11
      Equation: "HoleContinuityEquation"	RelError: 8.93811e-05	AbsError: 1.30124e+10
      Equation: "PotentialEquation"	RelError: 3.84976e-06	AbsError: 2.44036e-08
    Region: "gate"	RelError: 5.54028e-10	AbsError: 2.71908e+10
      Equation: "ElectronContinuityEquation"	RelError: 2.73255e-10	AbsError: 2.71908e+10
      Equation: "HoleContinuityEquation"	RelError: 2.72121e-10	AbsError: 2.73470e-10
      Equation: "PotentialEquation"	RelError: 8.65182e-12	AbsError: 7.05943e-12
    Region: "oxide"	RelError: 5.45063e-08	AbsError: 2.44036e-08
      Equation: "PotentialEquation"	RelError: 5.45063e-08	AbsError: 2.44036e-08
Iteration: 3
  Device: "mos2d"	RelError: 1.70474e-10	AbsError: 1.75884e+05
    Region: "bulk"	RelError: 1.70466e-10	AbsError: 1.75884e+05
      Equation: "ElectronContinuityEquation"	RelError: 1.09176e-10	AbsError: 1.75416e+05
      Equation: "HoleContinuityEquation"	RelError: 6.10625e-11	AbsError: 4.68322e+02
      Equation: "PotentialEquation"	RelError: 2.26687e-13	AbsError: 3.74002e-15
    Region: "gate"	RelError: 5.23105e-16	AbsError: 1.02191e+04
      Equation: "ElectronContinuityEquation"	RelError: 1.02698e-16	AbsError: 1.02191e+04
      Equation: "HoleContinuityEquation"	RelError: 3.52414e-16	AbsError: 3.52415e-16
      Equation: "PotentialEquation"	RelError: 6.79929e-17	AbsError: 5.54872e-17
    Region: "oxide"	RelError: 8.17025e-15	AbsError: 3.74002e-15
      Equation: "PotentialEquation"	RelError: 8.17025e-15	AbsError: 3.74002e-15
Succeeded
gate last end 2.200000e-01 5.000000e-01
number of equations 4409
Iteration: 0
  Device: "mos2d"	RelError: 1.14161e+01	AbsError: 8.64734e+16
    Region: "bulk"	RelError: 1.13118e+01	AbsError: 8.64734e+16
      Equation: "ElectronContinuityEquation"	RelError: 3.18486e-01	AbsError: 8.44188e+16
      Equation: "HoleContinuityEquation"	RelError: 8.77302e-01	AbsError: 2.05459e+15
      Equation: "PotentialEquation"	RelError: 1.01160e+01	AbsError: 1.20976e-02
    Region: "gate"	RelError: 2.44527e-02	AbsError: 2.62026e+16
      Equation: "ElectronContinuityEquation"	RelError: 2.64065e-04	AbsError: 2.62026e+16
      Equation: "HoleContinuityEquation"	RelError: 2.63925e-04	AbsError: 2.65979e-04
      Equation: "PotentialEquation"	RelError: 2.39247e-02	AbsError: 2.00000e-02
    Region: "oxide"	RelError: 7.98124e-02	AbsError: 1.99974e-02
      Equation: "PotentialEquation"	RelError: 7.98124e-02	AbsError: 1.99974e-02
Iteration: 1
  Device: "mos2d"	RelError: 2.47833e-01	AbsError: 2.19626e+15
    Region: "bulk"	RelError: 2.47616e-01	AbsError: 2.19626e+15
      Equation: "ElectronContinuityEquation"	RelError: 8.07963e-02	AbsError: 2.14100e+15
      Equation: "HoleContinuityEquation"	RelError: 1.49517e-01	AbsError: 5.52659e+13
      Equation: "PotentialEquation"	RelError: 1.73032e-02	AbsError: 9.17081e-05
    Region: "gate"	RelError: 2.51536e-06	AbsError: 1.19436e+14
      Equation: "ElectronContinuityEquation"	RelError: 1.20366e-06	AbsError: 1.19436e+14
      Equation: "HoleContinuityEquation"	RelError: 1.27335e-06	AbsError: 1.28326e-06
      Equation: "PotentialEquation"	RelError: 3.83569e-08	AbsError: 3.20615e-08
    Region: "oxide"	RelError: 2.14287e-04	AbsError: 9.17081e-05
      Equation: "PotentialEquation"	RelError: 2.14287e-04	AbsError: 9.17081e-05
Iteration: 2
  Device: "mos2d"	RelError: 2.79896e-04	AbsError: 1.02564e+12
    Region: "bulk"	RelError: 2.79837e-04	AbsError: 1.02564e+12
      Equation: "ElectronContinuityEquation"	RelError: 1.85690e-04	AbsError: 1.01333e+12
      Equation: "HoleContinuityEquation"	RelError: 9.24476e-05	AbsError: 1.23163e+10
      Equation: "PotentialEquation"	RelError: 1.69852e-06	AbsError: 2.55479e-08
    Region: "gate"	RelError: 5.21508e-10	AbsError: 2.56041e+10
      Equation: "ElectronContinuityEquation"	RelError: 2.57364e-10	AbsError: 2.56041e+10
      Equation: "HoleContinuityEquation"	RelError: 2.56191e-10	AbsError: 2.57515e-10
      Equation: "PotentialEquation"	RelError: 7.95215e-12	AbsError: 6.64753e-12
    Region: "oxide"	RelError: 5.89608e-08	AbsError: 2.55479e-08
      Equation: "PotentialEquation"	RelError: 5.89608e-08	AbsError: 2.55479e-08
Iteration: 3
  Device: "mos2d"	RelError: 3.29793e-10	AbsError: 2.26328e+05
    Region: "bulk"	RelError: 3.29783e-10	AbsError: 2.26328e+05
      Equation: "ElectronContinuityEquation"	RelError: 2.61897e-10	AbsError: 2.25857e+05
      Equation: "HoleContinuityEquation"	RelError: 6.76146e-11	AbsError: 4.71019e+02
      Equation: "PotentialEquation"	RelError: 2.70935e-13	AbsError: 4.17050e-15
    Region: "gate"	RelError: 4.46576e-16	AbsError: 7.89996e+03
      Equation: "ElectronContinuityEquation"	RelError: 7.96899e-17	AbsError: 7.89996e+03
      Equation: "HoleContinuityEquation"	RelError: 3.00126e-16	AbsError: 3.02546e-16
      Equation: "PotentialEquation"	RelError: 6.67600e-17	AbsError: 5.58163e-17
    Region: "oxide"	RelError: 9.62493e-15	AbsError: 4.17050e-15
      Equation: "PotentialEquation"	RelError: 9.62493e-15	AbsError: 4.17050e-15
Succeeded
gate last end 2.400000e-01 5.000000e-01
number of equations 4409
Iteration: 0
  Device: "mos2d"	RelError: 1.76308e+01	AbsError: 8.97398e+16
    Region: "bulk"	RelError: 1.75329e+01	AbsError: 8.97398e+16
      Equation: "ElectronContinuityEquation"	RelError: 3.18959e-01	AbsError: 8.76759e+16
      Equation: "HoleContinuityEquation"	RelError: 8.80899e-01	AbsError: 2.06394e+15
      Equation: "PotentialEquation"	RelError: 1.63330e+01	AbsError: 1.21240e-02
    Region: "gate"	RelError: 2.38987e-02	AbsError: 2.64438e+16
      Equation: "ElectronContinuityEquation"	RelError: 2.66567e-04	AbsError: 2.64438e+16
      Equation: "HoleContinuityEquation"	RelError: 2.66425e-04	AbsError: 2.68569e-04
      Equation: "PotentialEquation"	RelError: 2.33657e-02	AbsError: 2.00000e-02
    Region: "oxide"	RelError: 7.40583e-02	AbsError: 1.99974e-02
      Equation: "PotentialEquation"	RelError: 7.40583e-02	AbsError: 1.99974e-02
Iteration: 1
  Device: "mos2d"	RelError: 2.57908e-01	AbsError: 2.33992e+15
    Region: "bulk"	RelError: 2.57685e-01	AbsError: 2.33992e+15
      Equation: "ElectronContinuityEquation"	RelError: 8.10525e-02	AbsError: 2.28586e+15
      Equation: "HoleContinuityEquation"	RelError: 1.50313e-01	AbsError: 5.40590e+13
      Equation: "PotentialEquation"	RelError: 2.63193e-02	AbsError: 9.46661e-05
    Region: "gate"	RelError: 2.66013e-06	AbsError: 1.26456e+14
      Equation: "ElectronContinuityEquation"	RelError: 1.27474e-06	AbsError: 1.26456e+14
      Equation: "HoleContinuityEquation"	RelError: 1.34576e-06	AbsError: 1.35659e-06
      Equation: "PotentialEquation"	RelError: 3.96310e-08	AbsError: 3.39189e-08
    Region: "oxide"	RelError: 2.20021e-04	AbsError: 9.46661e-05
      Equation: "PotentialEquation"	RelError: 2.20021e-04	AbsError: 9.46661e-05
Iteration: 2
  Device: "mos2d"	RelError: 2.88384e-04	AbsError: 1.14373e+12
    Region: "bulk"	RelError: 2.88321e-04	AbsError: 1.14373e+12
      Equation: "ElectronContinuityEquation"	RelError: 1.90606e-04	AbsError: 1.13232e+12
      Equation: "HoleContinuityEquation"	RelError: 9.49546e-05	AbsError: 1.14064e+10
      Equation: "PotentialEquation"	RelError: 2.76052e-06	AbsError: 2.74585e-08
    Region: "gate"	RelError: 5.08718e-10	AbsError: 2.49419e+10
      Equation: "ElectronContinuityEquation"	RelError: 2.51428e-10	AbsError: 2.49419e+10
      Equation: "HoleContinuityEquation"	RelError: 2.49711e-10	AbsError: 2.51721e-10
      Equation: "PotentialEquation"	RelError: 7.57943e-12	AbsError: 6.48698e-12
    Region: "oxide"	RelError: 6.27880e-08	AbsError: 2.74585e-08
      Equation: "PotentialEquation"	RelError: 6.27880e-08	AbsError: 2.74585e-08
Iteration: 3
  Device: "mos2d"	RelError: 4.60827e-10	AbsError: 2.63350e+05
    Region: "bulk"	RelError: 4.60815e-10	AbsError: 2.63350e+05
      Equation: "ElectronContinuityEquation"	RelError: 1.94991e-10	AbsError: 2.62824e+05
      Equation: "HoleContinuityEquation"	RelError: 2.65463e-10	AbsError: 5.25927e+02
      Equation: "PotentialEquation"	RelError: 3.61169e-13	AbsError: 4.90879e-15
    Region: "gate"	RelError: 5.95677e-16	AbsError: 8.89106e+03
      Equation: "ElectronContinuityEquation"	RelError: 8.96711e-17	AbsError: 8.89106e+03
      Equation: "HoleContinuityEquation"	RelError: 3.09680e-16	AbsError: 3.11346e-16
      Equation: "PotentialEquation"	RelError: 1.96326e-16	AbsError: 1.68070e-16
    Region: "oxide"	RelError: 1.12247e-14	AbsError: 4.90879e-15
      Equation: "PotentialEquation"	RelError: 1.12247e-14	AbsError: 4.90879e-15
Succeeded
gate last end 2.600000e-01 5.000000e-01
number of equations 4409
Iteration: 0
  Device: "mos2d"	RelError: 6.89619e+00	AbsError: 9.26407e+16
    Region: "bulk"	RelError: 6.80375e+00	AbsError: 9.26407e+16
      Equation: "ElectronContinuityEquation"	RelError: 3.19394e-01	AbsError: 9.05738e+16
      Equation: "HoleContinuityEquation"	RelError: 8.84225e-01	AbsError: 2.06698e+15
      Equation: "PotentialEquation"	RelError: 5.60013e+00	AbsError: 1.21483e-02
    Region: "gate"	RelError: 2.33705e-02	AbsError: 2.66989e+16
      Equation: "ElectronContinuityEquation"	RelError: 2.69211e-04	AbsError: 2.66989e+16
      Equation: "HoleContinuityEquation"	RelError: 2.69066e-04	AbsError: 2.71306e-04
      Equation: "PotentialEquation"	RelError: 2.28322e-02	AbsError: 2.00000e-02
    Region: "oxide"	RelError: 6.90771e-02	AbsError: 1.99974e-02
      Equation: "PotentialEquation"	RelError: 6.90771e-02	AbsError: 1.99974e-02
Iteration: 1
  Device: "mos2d"	RelError: 2.37986e-01	AbsError: 2.45043e+15
    Region: "bulk"	RelError: 2.37758e-01	AbsError: 2.45043e+15
      Equation: "ElectronContinuityEquation"	RelError: 8.12834e-02	AbsError: 2.39803e+15
      Equation: "HoleContinuityEquation"	RelError: 1.51053e-01	AbsError: 5.24055e+13
      Equation: "PotentialEquation"	RelError: 5.42146e-03	AbsError: 9.70157e-05
    Region: "gate"	RelError: 2.79872e-06	AbsError: 1.33168e+14
      Equation: "ElectronContinuityEquation"	RelError: 1.34277e-06	AbsError: 1.33168e+14
      Equation: "HoleContinuityEquation"	RelError: 1.41520e-06	AbsError: 1.42698e-06
      Equation: "PotentialEquation"	RelError: 4.07578e-08	AbsError: 3.56981e-08
    Region: "oxide"	RelError: 2.25301e-04	AbsError: 9.70157e-05
      Equation: "PotentialEquation"	RelError: 2.25301e-04	AbsError: 9.70157e-05
Iteration: 2
  Device: "mos2d"	RelError: 2.93802e-04	AbsError: 1.21784e+12
    Region: "bulk"	RelError: 2.93737e-04	AbsError: 1.21784e+12
      Equation: "ElectronContinuityEquation"	RelError: 1.95838e-04	AbsError: 1.20751e+12
      Equation: "HoleContinuityEquation"	RelError: 9.67282e-05	AbsError: 1.03352e+10
      Equation: "PotentialEquation"	RelError: 1.17056e-06	AbsError: 2.85928e-08
    Region: "gate"	RelError: 5.34683e-10	AbsError: 2.62216e+10
      Equation: "ElectronContinuityEquation"	RelError: 2.64399e-10	AbsError: 2.62216e+10
      Equation: "HoleContinuityEquation"	RelError: 2.62497e-10	AbsError: 2.64683e-10
      Equation: "PotentialEquation"	RelError: 7.78712e-12	AbsError: 6.82042e-12
    Region: "oxide"	RelError: 6.48675e-08	AbsError: 2.85928e-08
      Equation: "PotentialEquation"	RelError: 6.48675e-08	AbsError: 2.85928e-08
Iteration: 3
  Device: "mos2d"	RelError: 1.29101e-10	AbsError: 2.79637e+05
    Region: "bulk"	RelError: 1.29089e-10	AbsError: 2.79637e+05
      Equation: "ElectronContinuityEquation"	RelError: 5.81098e-11	AbsError: 2.79152e+05
      Equation: "HoleContinuityEquation"	RelError: 7.05709e-11	AbsError: 4.85955e+02
      Equation: "PotentialEquation"	RelError: 4.08038e-13	AbsError: 5.14596e-15
    Region: "gate"	RelError: 5.08786e-16	AbsError: 9.15640e+03
      Equation: "ElectronContinuityEquation"	RelError: 9.21778e-17	AbsError: 9.15640e+03
      Equation: "HoleContinuityEquation"	RelError: 2.28407e-16	AbsError: 2.30394e-16
      Equation: "PotentialEquation"	RelError: 1.88201e-16	AbsError: 1.64878e-16
    Region: "oxide"	RelError: 1.16647e-14	AbsError: 5.14596e-15
      Equation: "PotentialEquation"	RelError: 1.16647e-14	AbsError: 5.14596e-15
Succeeded
gate last end 2.800000e-01 5.000000e-01
number of equations 4409
Iteration: 0
  Device: "mos2d"	RelError: 3.11376e+00	AbsError: 9.51689e+16
    Region: "bulk"	RelError: 3.02617e+00	AbsError: 9.51689e+16
      Equation: "ElectronContinuityEquation"	RelError: 3.19789e-01	AbsError: 9.31053e+16
      Equation: "HoleContinuityEquation"	RelError: 8.87261e-01	AbsError: 2.06357e+15
      Equation: "PotentialEquation"	RelError: 1.81912e+00	AbsError: 1.21704e-02
    Region: "gate"	RelError: 2.28664e-02	AbsError: 2.69674e+16
      Equation: "ElectronContinuityEquation"	RelError: 2.71992e-04	AbsError: 2.69674e+16
      Equation: "HoleContinuityEquation"	RelError: 2.71844e-04	AbsError: 2.74182e-04
      Equation: "PotentialEquation"	RelError: 2.23226e-02	AbsError: 2.00000e-02
    Region: "oxide"	RelError: 6.47207e-02	AbsError: 1.99974e-02
      Equation: "PotentialEquation"	RelError: 6.47207e-02	AbsError: 1.99974e-02
Iteration: 1
  Device: "mos2d"	RelError: 2.35047e-01	AbsError: 2.52089e+15
    Region: "bulk"	RelError: 2.34806e-01	AbsError: 2.52089e+15
      Equation: "ElectronContinuityEquation"	RelError: 8.14864e-02	AbsError: 2.47052e+15
      Equation: "HoleContinuityEquation"	RelError: 1.51735e-01	AbsError: 5.03772e+13
      Equation: "PotentialEquation"	RelError: 1.58513e-03	AbsError: 9.91195e-05
    Region: "gate"	RelError: 2.92906e-06	AbsError: 1.39471e+14
      Equation: "ElectronContinuityEquation"	RelError: 1.40670e-06	AbsError: 1.39471e+14
      Equation: "HoleContinuityEquation"	RelError: 1.48064e-06	AbsError: 1.49337e-06
      Equation: "PotentialEquation"	RelError: 4.17176e-08	AbsError: 3.73728e-08
    Region: "oxide"	RelError: 2.37683e-04	AbsError: 9.91195e-05
      Equation: "PotentialEquation"	RelError: 2.37683e-04	AbsError: 9.91195e-05
Iteration: 2
  Device: "mos2d"	RelError: 3.02038e-04	AbsError: 1.23428e+12
    Region: "bulk"	RelError: 3.01970e-04	AbsError: 1.23428e+12
      Equation: "ElectronContinuityEquation"	RelError: 2.01481e-04	AbsError: 1.22513e+12
      Equation: "HoleContinuityEquation"	RelError: 9.96984e-05	AbsError: 9.15264e+09
      Equation: "PotentialEquation"	RelError: 7.90276e-07	AbsError: 2.92506e-08
    Region: "gate"	RelError: 5.52560e-10	AbsError: 2.71056e+10
      Equation: "ElectronContinuityEquation"	RelError: 2.73387e-10	AbsError: 2.71056e+10
      Equation: "HoleContinuityEquation"	RelError: 2.71303e-10	AbsError: 2.73636e-10
      Equation: "PotentialEquation"	RelError: 7.87054e-12	AbsError: 7.05085e-12
    Region: "oxide"	RelError: 6.71255e-08	AbsError: 2.92506e-08
      Equation: "PotentialEquation"	RelError: 6.71255e-08	AbsError: 2.92506e-08
Iteration: 3
  Device: "mos2d"	RelError: 1.22437e-10	AbsError: 2.83388e+05
    Region: "bulk"	RelError: 1.22425e-10	AbsError: 2.83388e+05
      Equation: "ElectronContinuityEquation"	RelError: 4.83408e-11	AbsError: 2.82995e+05
      Equation: "HoleContinuityEquation"	RelError: 7.40086e-11	AbsError: 3.93367e+02
      Equation: "PotentialEquation"	RelError: 7.58656e-14	AbsError: 4.96724e-15
    Region: "gate"	RelError: 4.64164e-16	AbsError: 9.22027e+03
      Equation: "ElectronContinuityEquation"	RelError: 9.30181e-17	AbsError: 9.22027e+03
      Equation: "HoleContinuityEquation"	RelError: 1.87743e-16	AbsError: 1.89533e-16
      Equation: "PotentialEquation"	RelError: 1.83403e-16	AbsError: 1.64343e-16
    Region: "oxide"	RelError: 1.11671e-14	AbsError: 4.96724e-15
      Equation: "PotentialEquation"	RelError: 1.11671e-14	AbsError: 4.96724e-15
Succeeded
gate last end 3.000000e-01 5.000000e-01
number of equations 4409
Iteration: 0
  Device: "mos2d"	RelError: 1.20102e+01	AbsError: 9.73292e+16
    Region: "bulk"	RelError: 1.19269e+01	AbsError: 9.73292e+16
      Equation: "ElectronContinuityEquation"	RelError: 3.20141e-01	AbsError: 9.52755e+16
      Equation: "HoleContinuityEquation"	RelError: 8.89981e-01	AbsError: 2.05364e+15
      Equation: "PotentialEquation"	RelError: 1.07168e+01	AbsError: 1.21901e-02
    Region: "gate"	RelError: 2.23848e-02	AbsError: 2.72482e+16
      Equation: "ElectronContinuityEquation"	RelError: 2.74901e-04	AbsError: 2.72482e+16
      Equation: "HoleContinuityEquation"	RelError: 2.74750e-04	AbsError: 2.77189e-04
      Equation: "PotentialEquation"	RelError: 2.18352e-02	AbsError: 2.00000e-02
    Region: "oxide"	RelError: 6.08764e-02	AbsError: 1.99975e-02
      Equation: "PotentialEquation"	RelError: 6.08764e-02	AbsError: 1.99975e-02
Iteration: 1
  Device: "mos2d"	RelError: 2.48898e-01	AbsError: 2.54663e+15
    Region: "bulk"	RelError: 2.48646e-01	AbsError: 2.54663e+15
      Equation: "ElectronContinuityEquation"	RelError: 8.16581e-02	AbsError: 2.49858e+15
      Equation: "HoleContinuityEquation"	RelError: 1.52352e-01	AbsError: 4.80473e+13
      Equation: "PotentialEquation"	RelError: 1.46358e-02	AbsError: 1.03018e-04
    Region: "gate"	RelError: 3.04938e-06	AbsError: 1.45278e+14
      Equation: "ElectronContinuityEquation"	RelError: 1.46568e-06	AbsError: 1.45278e+14
      Equation: "HoleContinuityEquation"	RelError: 1.54120e-06	AbsError: 1.55489e-06
      Equation: "PotentialEquation"	RelError: 4.24963e-08	AbsError: 3.89200e-08
    Region: "oxide"	RelError: 2.48837e-04	AbsError: 1.03018e-04
      Equation: "PotentialEquation"	RelError: 2.48837e-04	AbsError: 1.03018e-04
Iteration: 2
  Device: "mos2d"	RelError: 3.14102e-04	AbsError: 1.20470e+12
    Region: "bulk"	RelError: 3.14034e-04	AbsError: 1.20470e+12
      Equation: "ElectronContinuityEquation"	RelError: 2.07639e-04	AbsError: 1.19570e+12
      Equation: "HoleContinuityEquation"	RelError: 1.03149e-04	AbsError: 9.00045e+09
      Equation: "PotentialEquation"	RelError: 3.24591e-06	AbsError: 2.96673e-08
    Region: "gate"	RelError: 5.62215e-10	AbsError: 2.75870e+10
      Equation: "ElectronContinuityEquation"	RelError: 2.78320e-10	AbsError: 2.75870e+10
      Equation: "HoleContinuityEquation"	RelError: 2.76059e-10	AbsError: 2.78510e-10
      Equation: "PotentialEquation"	RelError: 7.83568e-12	AbsError: 7.17627e-12
    Region: "oxide"	RelError: 6.74442e-08	AbsError: 2.96673e-08
      Equation: "PotentialEquation"	RelError: 6.74442e-08	AbsError: 2.96673e-08
Iteration: 3
  Device: "mos2d"	RelError: 3.38038e-10	AbsError: 2.55244e+05
    Region: "bulk"	RelError: 3.38028e-10	AbsError: 2.55244e+05
      Equation: "ElectronContinuityEquation"	RelError: 1.12238e-10	AbsError: 2.54821e+05
      Equation: "HoleContinuityEquation"	RelError: 2.25636e-10	AbsError: 4.22975e+02
      Equation: "PotentialEquation"	RelError: 1.54358e-13	AbsError: 4.32760e-15
    Region: "gate"	RelError: 5.30779e-16	AbsError: 8.12949e+03
      Equation: "ElectronContinuityEquation"	RelError: 8.12953e-17	AbsError: 8.12949e+03
      Equation: "HoleContinuityEquation"	RelError: 2.68917e-16	AbsError: 2.71157e-16
      Equation: "PotentialEquation"	RelError: 1.80567e-16	AbsError: 1.65413e-16
    Region: "oxide"	RelError: 9.65382e-15	AbsError: 4.32760e-15
      Equation: "PotentialEquation"	RelError: 9.65382e-15	AbsError: 4.32760e-15
Succeeded
gate last end 3.200000e-01 5.000000e-01
number of equations 4409
Iteration: 0
  Device: "mos2d"	RelError: 1.89508e+02	AbsError: 9.91369e+16
    Region: "bulk"	RelError: 1.89429e+02	AbsError: 9.91369e+16
      Equation: "ElectronContinuityEquation"	RelError: 3.20447e-01	AbsError: 9.70998e+16
      Equation: "HoleContinuityEquation"	RelError: 8.92346e-01	AbsError: 2.03715e+15
      Equation: "PotentialEquation"	RelError: 1.88216e+02	AbsError: 1.22072e-02
    Region: "gate"	RelError: 2.19243e-02	AbsError: 2.75405e+16
      Equation: "ElectronContinuityEquation"	RelError: 2.77928e-04	AbsError: 2.75405e+16
      Equation: "HoleContinuityEquation"	RelError: 2.77774e-04	AbsError: 2.80318e-04
      Equation: "PotentialEquation"	RelError: 2.13686e-02	AbsError: 2.00000e-02
    Region: "oxide"	RelError: 5.74564e-02	AbsError: 1.99975e-02
      Equation: "PotentialEquation"	RelError: 5.74564e-02	AbsError: 1.99975e-02
Iteration: 1
  Device: "mos2d"	RelError: 3.11010e-01	AbsError: 2.52681e+15
    Region: "bulk"	RelError: 3.10748e-01	AbsError: 2.52681e+15
      Equation: "ElectronContinuityEquation"	RelError: 8.17937e-02	AbsError: 2.48027e+15
      Equation: "HoleContinuityEquation"	RelError: 1.52900e-01	AbsError: 4.65385e+13
      Equation: "PotentialEquation"	RelError: 7.60541e-02	AbsError: 1.08259e-04
    Region: "gate"	RelError: 3.15825e-06	AbsError: 1.50520e+14
      Equation: "ElectronContinuityEquation"	RelError: 1.51898e-06	AbsError: 1.50520e+14
      Equation: "HoleContinuityEquation"	RelError: 1.59618e-06	AbsError: 1.61080e-06
      Equation: "PotentialEquation"	RelError: 4.30861e-08	AbsError: 4.03216e-08
    Region: "oxide"	RelError: 2.58410e-04	AbsError: 1.08259e-04
      Equation: "PotentialEquation"	RelError: 2.58410e-04	AbsError: 1.08259e-04
Iteration: 2
  Device: "mos2d"	RelError: 4.00031e-04	AbsError: 1.14332e+12
    Region: "bulk"	RelError: 3.99965e-04	AbsError: 1.14332e+12
      Equation: "ElectronContinuityEquation"	RelError: 2.14411e-04	AbsError: 1.13449e+12
      Equation: "HoleContinuityEquation"	RelError: 1.09606e-04	AbsError: 8.82879e+09
      Equation: "PotentialEquation"	RelError: 7.59474e-05	AbsError: 2.91950e-08
    Region: "gate"	RelError: 5.64650e-10	AbsError: 2.77147e+10
      Equation: "ElectronContinuityEquation"	RelError: 2.79686e-10	AbsError: 2.77147e+10
      Equation: "HoleContinuityEquation"	RelError: 2.77260e-10	AbsError: 2.79800e-10
      Equation: "PotentialEquation"	RelError: 7.70385e-12	AbsError: 7.20956e-12
    Region: "oxide"	RelError: 6.57847e-08	AbsError: 2.91950e-08
      Equation: "PotentialEquation"	RelError: 6.57847e-08	AbsError: 2.91950e-08
Iteration: 3
  Device: "mos2d"	RelError: 5.95996e-10	AbsError: 2.15985e+05
    Region: "bulk"	RelError: 5.95987e-10	AbsError: 2.15985e+05
      Equation: "ElectronContinuityEquation"	RelError: 4.27948e-10	AbsError: 2.15600e+05
      Equation: "HoleContinuityEquation"	RelError: 1.60025e-10	AbsError: 3.85516e+02
      Equation: "PotentialEquation"	RelError: 8.01414e-12	AbsError: 3.62059e-15
    Region: "gate"	RelError: 5.45875e-16	AbsError: 9.27095e+03
      Equation: "ElectronContinuityEquation"	RelError: 9.32897e-17	AbsError: 9.27095e+03
      Equation: "HoleContinuityEquation"	RelError: 2.77519e-16	AbsError: 2.79507e-16
      Equation: "PotentialEquation"	RelError: 1.75067e-16	AbsError: 1.63840e-16
    Region: "oxide"	RelError: 8.59457e-15	AbsError: 3.62059e-15
      Equation: "PotentialEquation"	RelError: 8.59457e-15	AbsError: 3.62059e-15
Succeeded
gate last end 3.400000e-01 5.000000e-01
number of equations 4409
Iteration: 0
  Device: "mos2d"	RelError: 1.43779e+01	AbsError: 1.00616e+17
    Region: "bulk"	RelError: 1.43020e+01	AbsError: 1.00616e+17
      Equation: "ElectronContinuityEquation"	RelError: 3.20699e-01	AbsError: 9.86019e+16
      Equation: "HoleContinuityEquation"	RelError: 8.94303e-01	AbsError: 2.01414e+15
      Equation: "PotentialEquation"	RelError: 1.30870e+01	AbsError: 1.22214e-02
    Region: "gate"	RelError: 2.14835e-02	AbsError: 2.78431e+16
      Equation: "ElectronContinuityEquation"	RelError: 2.81061e-04	AbsError: 2.78431e+16
      Equation: "HoleContinuityEquation"	RelError: 2.80903e-04	AbsError: 2.83556e-04
      Equation: "PotentialEquation"	RelError: 2.09215e-02	AbsError: 2.00000e-02
    Region: "oxide"	RelError: 5.43914e-02	AbsError: 1.99975e-02
      Equation: "PotentialEquation"	RelError: 5.43914e-02	AbsError: 1.99975e-02
Iteration: 1
  Device: "mos2d"	RelError: 2.39225e-01	AbsError: 2.46349e+15
    Region: "bulk"	RelError: 2.38955e-01	AbsError: 2.46349e+15
      Equation: "ElectronContinuityEquation"	RelError: 8.18860e-02	AbsError: 2.41674e+15
      Equation: "HoleContinuityEquation"	RelError: 1.53370e-01	AbsError: 4.67535e+13
      Equation: "PotentialEquation"	RelError: 3.69883e-03	AbsError: 1.12722e-04
    Region: "gate"	RelError: 3.25468e-06	AbsError: 1.55147e+14
      Equation: "ElectronContinuityEquation"	RelError: 1.56612e-06	AbsError: 1.55147e+14
      Equation: "HoleContinuityEquation"	RelError: 1.64507e-06	AbsError: 1.66061e-06
      Equation: "PotentialEquation"	RelError: 4.34853e-08	AbsError: 4.15646e-08
    Region: "oxide"	RelError: 2.66066e-04	AbsError: 1.12722e-04
      Equation: "PotentialEquation"	RelError: 2.66066e-04	AbsError: 1.12722e-04
Iteration: 2
  Device: "mos2d"	RelError: 3.47969e-04	AbsError: 1.31221e+12
    Region: "bulk"	RelError: 3.47899e-04	AbsError: 1.31221e+12
      Equation: "ElectronContinuityEquation"	RelError: 2.21886e-04	AbsError: 1.30381e+12
      Equation: "HoleContinuityEquation"	RelError: 1.16645e-04	AbsError: 8.39971e+09
      Equation: "PotentialEquation"	RelError: 9.36746e-06	AbsError: 2.95992e-08
    Region: "gate"	RelError: 5.61814e-10	AbsError: 2.75837e+10
      Equation: "ElectronContinuityEquation"	RelError: 2.78442e-10	AbsError: 2.75837e+10
      Equation: "HoleContinuityEquation"	RelError: 2.75864e-10	AbsError: 2.78470e-10
      Equation: "PotentialEquation"	RelError: 7.50695e-12	AbsError: 7.17538e-12
    Region: "oxide"	RelError: 6.98649e-08	AbsError: 2.95992e-08
      Equation: "PotentialEquation"	RelError: 6.98649e-08	AbsError: 2.95992e-08
Iteration: 3
  Device: "mos2d"	RelError: 5.08949e-10	AbsError: 1.82779e+05
    Region: "bulk"	RelError: 5.08937e-10	AbsError: 1.82779e+05
      Equation: "ElectronContinuityEquation"	RelError: 2.25911e-10	AbsError: 1.82390e+05
      Equation: "HoleContinuityEquation"	RelError: 2.82317e-10	AbsError: 3.89117e+02
      Equation: "PotentialEquation"	RelError: 7.08907e-13	AbsError: 4.20571e-15
    Region: "gate"	RelError: 5.48199e-16	AbsError: 1.09946e+04
      Equation: "ElectronContinuityEquation"	RelError: 1.10985e-16	AbsError: 1.09946e+04
      Equation: "HoleContinuityEquation"	RelError: 2.62508e-16	AbsError: 2.64882e-16
      Equation: "PotentialEquation"	RelError: 1.74707e-16	AbsError: 1.67033e-16
    Region: "oxide"	RelError: 1.21567e-14	AbsError: 4.20571e-15
      Equation: "PotentialEquation"	RelError: 1.21567e-14	AbsError: 4.20571e-15
Succeeded
gate last end 3.600000e-01 5.000000e-01
number of equations 4409
Iteration: 0
  Device: "mos2d"	RelError: 3.17591e+01	AbsError: 1.01797e+17
    Region: "bulk"	RelError: 3.16864e+01	AbsError: 1.01797e+17
      Equation: "ElectronContinuityEquation"	RelError: 3.20888e-01	AbsError: 9.98122e+16
      Equation: "HoleContinuityEquation"	RelError: 8.95778e-01	AbsError: 1.98465e+15
      Equation: "PotentialEquation"	RelError: 3.04698e+01	AbsError: 1.22320e-02
    Region: "gate"	RelError: 2.10612e-02	AbsError: 2.81548e+16
      Equation: "ElectronContinuityEquation"	RelError: 2.84288e-04	AbsError: 2.81548e+16
      Equation: "HoleContinuityEquation"	RelError: 2.84127e-04	AbsError: 2.86892e-04
      Equation: "PotentialEquation"	RelError: 2.04928e-02	AbsError: 2.00000e-02
    Region: "oxide"	RelError: 5.16254e-02	AbsError: 1.99975e-02
      Equation: "PotentialEquation"	RelError: 5.16254e-02	AbsError: 1.99975e-02
Iteration: 1
  Device: "mos2d"	RelError: 2.62538e-01	AbsError: 2.65065e+15
    Region: "bulk"	RelError: 2.62253e-01	AbsError: 2.65065e+15
      Equation: "ElectronContinuityEquation"	RelError: 8.19255e-02	AbsError: 2.60408e+15
      Equation: "HoleContinuityEquation"	RelError: 1.53750e-01	AbsError: 4.65706e+13
      Equation: "PotentialEquation"	RelError: 2.65775e-02	AbsError: 1.20804e-04
    Region: "gate"	RelError: 3.33801e-06	AbsError: 1.59128e+14
      Equation: "ElectronContinuityEquation"	RelError: 1.60677e-06	AbsError: 1.59128e+14
      Equation: "HoleContinuityEquation"	RelError: 1.68754e-06	AbsError: 1.70397e-06
      Equation: "PotentialEquation"	RelError: 4.36969e-08	AbsError: 4.26405e-08
    Region: "oxide"	RelError: 2.82207e-04	AbsError: 1.20804e-04
      Equation: "PotentialEquation"	RelError: 2.82207e-04	AbsError: 1.20804e-04
Iteration: 2
  Device: "mos2d"	RelError: 3.74017e-04	AbsError: 1.85118e+12
    Region: "bulk"	RelError: 3.73941e-04	AbsError: 1.85118e+12
      Equation: "ElectronContinuityEquation"	RelError: 2.30112e-04	AbsError: 1.84347e+12
      Equation: "HoleContinuityEquation"	RelError: 1.23255e-04	AbsError: 7.71198e+09
      Equation: "PotentialEquation"	RelError: 2.05743e-05	AbsError: 3.24772e-08
    Region: "gate"	RelError: 5.56473e-10	AbsError: 2.73290e+10
      Equation: "ElectronContinuityEquation"	RelError: 2.75950e-10	AbsError: 2.73290e+10
      Equation: "HoleContinuityEquation"	RelError: 2.73237e-10	AbsError: 2.75897e-10
      Equation: "PotentialEquation"	RelError: 7.28535e-12	AbsError: 7.10922e-12
    Region: "oxide"	RelError: 7.58692e-08	AbsError: 3.24772e-08
      Equation: "PotentialEquation"	RelError: 7.58692e-08	AbsError: 3.24772e-08
Iteration: 3
  Device: "mos2d"	RelError: 4.94061e-10	AbsError: 5.45429e+05
    Region: "bulk"	RelError: 4.94042e-10	AbsError: 5.45429e+05
      Equation: "ElectronContinuityEquation"	RelError: 1.41245e-10	AbsError: 5.45062e+05
      Equation: "HoleContinuityEquation"	RelError: 3.52156e-10	AbsError: 3.67238e+02
      Equation: "PotentialEquation"	RelError: 6.41344e-13	AbsError: 7.80408e-15
    Region: "gate"	RelError: 5.44770e-16	AbsError: 1.05100e+04
      Equation: "ElectronContinuityEquation"	RelError: 1.05886e-16	AbsError: 1.05100e+04
      Equation: "HoleContinuityEquation"	RelError: 2.69108e-16	AbsError: 2.69109e-16
      Equation: "PotentialEquation"	RelError: 1.69776e-16	AbsError: 1.65714e-16
    Region: "oxide"	RelError: 1.82309e-14	AbsError: 7.80408e-15
      Equation: "PotentialEquation"	RelError: 1.82309e-14	AbsError: 7.80408e-15
Succeeded
gate last end 3.800000e-01 5.000000e-01
number of equations 4409
Iteration: 0
  Device: "mos2d"	RelError: 2.32041e+00	AbsError: 1.02714e+17
    Region: "bulk"	RelError: 2.25064e+00	AbsError: 1.02714e+17
      Equation: "ElectronContinuityEquation"	RelError: 3.21002e-01	AbsError: 1.00765e+17
      Equation: "HoleContinuityEquation"	RelError: 8.96663e-01	AbsError: 1.94880e+15
      Equation: "PotentialEquation"	RelError: 1.03297e+00	AbsError: 1.22384e-02
    Region: "gate"	RelError: 2.06563e-02	AbsError: 2.84742e+16
      Equation: "ElectronContinuityEquation"	RelError: 2.87596e-04	AbsError: 2.84742e+16
      Equation: "HoleContinuityEquation"	RelError: 2.87431e-04	AbsError: 2.90312e-04
      Equation: "PotentialEquation"	RelError: 2.00813e-02	AbsError: 2.00000e-02
    Region: "oxide"	RelError: 4.91124e-02	AbsError: 1.99975e-02
      Equation: "PotentialEquation"	RelError: 4.91124e-02	AbsError: 1.99975e-02
Iteration: 1
  Device: "mos2d"	RelError: 2.37696e-01	AbsError: 2.88864e+15
    Region: "bulk"	RelError: 2.37396e-01	AbsError: 2.88864e+15
      Equation: "ElectronContinuityEquation"	RelError: 8.18980e-02	AbsError: 2.84261e+15
      Equation: "HoleContinuityEquation"	RelError: 1.54021e-01	AbsError: 4.60290e+13
      Equation: "PotentialEquation"	RelError: 1.47711e-03	AbsError: 1.28788e-04
    Region: "gate"	RelError: 3.40788e-06	AbsError: 1.62446e+14
      Equation: "ElectronContinuityEquation"	RelError: 1.64075e-06	AbsError: 1.62446e+14
      Equation: "HoleContinuityEquation"	RelError: 1.72341e-06	AbsError: 1.74069e-06
      Equation: "PotentialEquation"	RelError: 4.37274e-08	AbsError: 4.35445e-08
    Region: "oxide"	RelError: 2.97086e-04	AbsError: 1.28788e-04
      Equation: "PotentialEquation"	RelError: 2.97086e-04	AbsError: 1.28788e-04
Iteration: 2
  Device: "mos2d"	RelError: 3.72711e-04	AbsError: 2.38472e+12
    Region: "bulk"	RelError: 3.72611e-04	AbsError: 2.38472e+12
      Equation: "ElectronContinuityEquation"	RelError: 2.39119e-04	AbsError: 2.37796e+12
      Equation: "HoleContinuityEquation"	RelError: 1.32214e-04	AbsError: 6.75997e+09
      Equation: "PotentialEquation"	RelError: 1.27802e-06	AbsError: 4.30731e-08
    Region: "gate"	RelError: 5.66956e-10	AbsError: 2.78618e+10
      Equation: "ElectronContinuityEquation"	RelError: 2.80939e-10	AbsError: 2.78618e+10
      Equation: "HoleContinuityEquation"	RelError: 2.78742e-10	AbsError: 2.81064e-10
      Equation: "PotentialEquation"	RelError: 7.27476e-12	AbsError: 7.24464e-12
    Region: "oxide"	RelError: 9.93602e-08	AbsError: 4.30731e-08
      Equation: "PotentialEquation"	RelError: 9.93602e-08	AbsError: 4.30731e-08
Iteration: 3
  Device: "mos2d"	RelError: 7.08697e-10	AbsError: 1.06542e+06
    Region: "bulk"	RelError: 7.08661e-10	AbsError: 1.06542e+06
      Equation: "ElectronContinuityEquation"	RelError: 4.33572e-10	AbsError: 1.06501e+06
      Equation: "HoleContinuityEquation"	RelError: 2.74906e-10	AbsError: 4.07630e+02
      Equation: "PotentialEquation"	RelError: 1.83374e-13	AbsError: 1.53511e-14
    Region: "gate"	RelError: 6.02449e-16	AbsError: 1.48215e+04
      Equation: "ElectronContinuityEquation"	RelError: 1.49552e-16	AbsError: 1.48215e+04
      Equation: "HoleContinuityEquation"	RelError: 2.84254e-16	AbsError: 2.86751e-16
      Equation: "PotentialEquation"	RelError: 1.68642e-16	AbsError: 1.67942e-16
    Region: "oxide"	RelError: 3.54116e-14	AbsError: 1.53511e-14
      Equation: "PotentialEquation"	RelError: 3.54116e-14	AbsError: 1.53511e-14
Succeeded
gate last end 4.000000e-01 5.000000e-01
number of equations 4409
Iteration: 0
  Device: "mos2d"	RelError: 1.57325e+01	AbsError: 1.03403e+17
    Region: "bulk"	RelError: 1.56654e+01	AbsError: 1.03403e+17
      Equation: "ElectronContinuityEquation"	RelError: 3.21020e-01	AbsError: 1.01496e+17
      Equation: "HoleContinuityEquation"	RelError: 8.96807e-01	AbsError: 1.90670e+15
      Equation: "PotentialEquation"	RelError: 1.44476e+01	AbsError: 1.22394e-02
    Region: "gate"	RelError: 2.02677e-02	AbsError: 2.88000e+16
      Equation: "ElectronContinuityEquation"	RelError: 2.90972e-04	AbsError: 2.88000e+16
      Equation: "HoleContinuityEquation"	RelError: 2.90803e-04	AbsError: 2.93804e-04
      Equation: "PotentialEquation"	RelError: 1.96859e-02	AbsError: 2.00000e-02
    Region: "oxide"	RelError: 4.68137e-02	AbsError: 1.99975e-02
      Equation: "PotentialEquation"	RelError: 4.68137e-02	AbsError: 1.99975e-02
Iteration: 1
  Device: "mos2d"	RelError: 2.66033e-01	AbsError: 3.06216e+15
    Region: "bulk"	RelError: 2.65714e-01	AbsError: 3.06216e+15
      Equation: "ElectronContinuityEquation"	RelError: 8.17838e-02	AbsError: 3.01699e+15
      Equation: "HoleContinuityEquation"	RelError: 1.54159e-01	AbsError: 4.51735e+13
      Equation: "PotentialEquation"	RelError: 2.97712e-02	AbsError: 1.35785e-04
    Region: "gate"	RelError: 3.46402e-06	AbsError: 1.65087e+14
      Equation: "ElectronContinuityEquation"	RelError: 1.66791e-06	AbsError: 1.65087e+14
      Equation: "HoleContinuityEquation"	RelError: 1.75252e-06	AbsError: 1.77061e-06
      Equation: "PotentialEquation"	RelError: 4.35840e-08	AbsError: 4.42730e-08
    Region: "oxide"	RelError: 3.16045e-04	AbsError: 1.35785e-04
      Equation: "PotentialEquation"	RelError: 3.16045e-04	AbsError: 1.35785e-04
Iteration: 2
  Device: "mos2d"	RelError: 4.18693e-04	AbsError: 2.82567e+12
    Region: "bulk"	RelError: 4.18571e-04	AbsError: 2.82567e+12
      Equation: "ElectronContinuityEquation"	RelError: 2.49088e-04	AbsError: 2.82014e+12
      Equation: "HoleContinuityEquation"	RelError: 1.43649e-04	AbsError: 5.53105e+09
      Equation: "PotentialEquation"	RelError: 2.58340e-05	AbsError: 5.33723e-08
    Region: "gate"	RelError: 6.75906e-10	AbsError: 3.30052e+10
      Equation: "ElectronContinuityEquation"	RelError: 3.33265e-10	AbsError: 3.30052e+10
      Equation: "HoleContinuityEquation"	RelError: 3.34137e-10	AbsError: 3.37390e-10
      Equation: "PotentialEquation"	RelError: 8.50381e-12	AbsError: 8.63837e-12
    Region: "oxide"	RelError: 1.21667e-07	AbsError: 5.33723e-08
      Equation: "PotentialEquation"	RelError: 1.21667e-07	AbsError: 5.33723e-08
Iteration: 3
  Device: "mos2d"	RelError: 3.04061e-10	AbsError: 1.62894e+06
    Region: "bulk"	RelError: 3.04005e-10	AbsError: 1.62894e+06
      Equation: "ElectronContinuityEquation"	RelError: 1.30871e-10	AbsError: 1.62829e+06
      Equation: "HoleContinuityEquation"	RelError: 1.69644e-10	AbsError: 6.50034e+02
      Equation: "PotentialEquation"	RelError: 3.48958e-12	AbsError: 2.39260e-14
    Region: "gate"	RelError: 6.88694e-16	AbsError: 1.78964e+04
      Equation: "ElectronContinuityEquation"	RelError: 1.80498e-16	AbsError: 1.78964e+04
      Equation: "HoleContinuityEquation"	RelError: 3.98736e-16	AbsError: 4.02184e-16
      Equation: "PotentialEquation"	RelError: 1.09459e-16	AbsError: 1.11219e-16
    Region: "oxide"	RelError: 5.45416e-14	AbsError: 2.39260e-14
      Equation: "PotentialEquation"	RelError: 5.45416e-14	AbsError: 2.39260e-14
Succeeded
gate last end 4.200000e-01 5.000000e-01
number of equations 4409
Iteration: 0
  Device: "mos2d"	RelError: 4.00385e+00	AbsError: 1.03900e+17
    Region: "bulk"	RelError: 3.93926e+00	AbsError: 1.03900e+17
      Equation: "ElectronContinuityEquation"	RelError: 3.20916e-01	AbsError: 1.02041e+17
      Equation: "HoleContinuityEquation"	RelError: 8.95996e-01	AbsError: 1.85848e+15
      Equation: "PotentialEquation"	RelError: 2.72234e+00	AbsError: 1.22336e-02
    Region: "gate"	RelError: 1.98945e-02	AbsError: 2.91308e+16
      Equation: "ElectronContinuityEquation"	RelError: 2.94402e-04	AbsError: 2.91308e+16
      Equation: "HoleContinuityEquation"	RelError: 2.94228e-04	AbsError: 2.97353e-04
      Equation: "PotentialEquation"	RelError: 1.93059e-02	AbsError: 2.00000e-02
    Region: "oxide"	RelError: 4.46961e-02	AbsError: 1.99975e-02
      Equation: "PotentialEquation"	RelError: 4.46961e-02	AbsError: 1.99975e-02
Iteration: 1
  Device: "mos2d"	RelError: 2.44770e-01	AbsError: 3.14992e+15
    Region: "bulk"	RelError: 2.44428e-01	AbsError: 3.14992e+15
      Equation: "ElectronContinuityEquation"	RelError: 8.15546e-02	AbsError: 3.10586e+15
      Equation: "HoleContinuityEquation"	RelError: 1.54128e-01	AbsError: 4.40531e+13
      Equation: "PotentialEquation"	RelError: 8.74523e-03	AbsError: 1.41410e-04
    Region: "gate"	RelError: 3.50602e-06	AbsError: 1.67032e+14
      Equation: "ElectronContinuityEquation"	RelError: 1.68807e-06	AbsError: 1.67032e+14
      Equation: "HoleContinuityEquation"	RelError: 1.77468e-06	AbsError: 1.79353e-06
      Equation: "PotentialEquation"	RelError: 4.32715e-08	AbsError: 4.48206e-08
    Region: "oxide"	RelError: 3.38211e-04	AbsError: 1.41410e-04
      Equation: "PotentialEquation"	RelError: 3.38211e-04	AbsError: 1.41410e-04
Iteration: 2
  Device: "mos2d"	RelError: 4.19920e-04	AbsError: 3.08175e+12
    Region: "bulk"	RelError: 4.19780e-04	AbsError: 3.08175e+12
      Equation: "ElectronContinuityEquation"	RelError: 2.59471e-04	AbsError: 3.07768e+12
      Equation: "HoleContinuityEquation"	RelError: 1.54045e-04	AbsError: 4.07085e+09
      Equation: "PotentialEquation"	RelError: 6.26382e-06	AbsError: 6.19365e-08
    Region: "gate"	RelError: 7.95102e-10	AbsError: 3.88913e+10
      Equation: "ElectronContinuityEquation"	RelError: 3.92498e-10	AbsError: 3.88913e+10
      Equation: "HoleContinuityEquation"	RelError: 3.92791e-10	AbsError: 3.96412e-10
      Equation: "PotentialEquation"	RelError: 9.81284e-12	AbsError: 1.01645e-11
    Region: "oxide"	RelError: 1.39634e-07	AbsError: 6.19365e-08
      Equation: "PotentialEquation"	RelError: 1.39634e-07	AbsError: 6.19365e-08
Iteration: 3
  Device: "mos2d"	RelError: 3.77222e-10	AbsError: 2.03478e+06
    Region: "bulk"	RelError: 3.77151e-10	AbsError: 2.03478e+06
      Equation: "ElectronContinuityEquation"	RelError: 1.78998e-10	AbsError: 2.03383e+06
      Equation: "HoleContinuityEquation"	RelError: 1.95960e-10	AbsError: 9.51108e+02
      Equation: "PotentialEquation"	RelError: 2.19332e-12	AbsError: 3.10032e-14
    Region: "gate"	RelError: 6.40694e-16	AbsError: 2.50982e+04
      Equation: "ElectronContinuityEquation"	RelError: 2.53198e-16	AbsError: 2.50982e+04
      Equation: "HoleContinuityEquation"	RelError: 2.79994e-16	AbsError: 2.82467e-16
      Equation: "PotentialEquation"	RelError: 1.07501e-16	AbsError: 1.11352e-16
    Region: "oxide"	RelError: 6.98958e-14	AbsError: 3.10032e-14
      Equation: "PotentialEquation"	RelError: 6.98958e-14	AbsError: 3.10032e-14
Succeeded
gate last end 4.400000e-01 5.000000e-01
number of equations 4409
Iteration: 0
  Device: "mos2d"	RelError: 5.40689e+00	AbsError: 1.04239e+17
    Region: "bulk"	RelError: 5.34463e+00	AbsError: 1.04239e+17
      Equation: "ElectronContinuityEquation"	RelError: 3.20650e-01	AbsError: 1.02435e+17
      Equation: "HoleContinuityEquation"	RelError: 8.93925e-01	AbsError: 1.80428e+15
      Equation: "PotentialEquation"	RelError: 4.13005e+00	AbsError: 1.22187e-02
    Region: "gate"	RelError: 1.95358e-02	AbsError: 2.94653e+16
      Equation: "ElectronContinuityEquation"	RelError: 2.97871e-04	AbsError: 2.94653e+16
      Equation: "HoleContinuityEquation"	RelError: 2.97694e-04	AbsError: 3.00946e-04
      Equation: "PotentialEquation"	RelError: 1.89402e-02	AbsError: 2.00000e-02
    Region: "oxide"	RelError: 4.27295e-02	AbsError: 1.99975e-02
      Equation: "PotentialEquation"	RelError: 4.27295e-02	AbsError: 1.99975e-02
Iteration: 1
  Device: "mos2d"	RelError: 2.66601e-01	AbsError: 3.13729e+15
    Region: "bulk"	RelError: 2.66238e-01	AbsError: 3.13729e+15
      Equation: "ElectronContinuityEquation"	RelError: 8.11701e-02	AbsError: 3.09457e+15
      Equation: "HoleContinuityEquation"	RelError: 1.53880e-01	AbsError: 4.27190e+13
      Equation: "PotentialEquation"	RelError: 3.11877e-02	AbsError: 1.50818e-04
    Region: "gate"	RelError: 3.68359e-06	AbsError: 1.78618e+14
      Equation: "ElectronContinuityEquation"	RelError: 1.80229e-06	AbsError: 1.78618e+14
      Equation: "HoleContinuityEquation"	RelError: 1.83669e-06	AbsError: 1.85326e-06
      Equation: "PotentialEquation"	RelError: 4.46104e-08	AbsError: 4.71015e-08
    Region: "oxide"	RelError: 3.59134e-04	AbsError: 1.50818e-04
      Equation: "PotentialEquation"	RelError: 3.59134e-04	AbsError: 1.50818e-04
Iteration: 2
  Device: "mos2d"	RelError: 4.43828e-04	AbsError: 3.08315e+12
    Region: "bulk"	RelError: 4.43677e-04	AbsError: 3.08315e+12
      Equation: "ElectronContinuityEquation"	RelError: 2.69838e-04	AbsError: 3.07837e+12
      Equation: "HoleContinuityEquation"	RelError: 1.62249e-04	AbsError: 4.77428e+09
      Equation: "PotentialEquation"	RelError: 1.15892e-05	AbsError: 6.74472e-08
    Region: "gate"	RelError: 1.03435e-09	AbsError: 5.06036e+10
      Equation: "ElectronContinuityEquation"	RelError: 5.10658e-10	AbsError: 5.06036e+10
      Equation: "HoleContinuityEquation"	RelError: 5.11166e-10	AbsError: 5.15835e-10
      Equation: "PotentialEquation"	RelError: 1.25266e-11	AbsError: 1.32261e-11
    Region: "oxide"	RelError: 1.50496e-07	AbsError: 6.74472e-08
      Equation: "PotentialEquation"	RelError: 1.50496e-07	AbsError: 6.74472e-08
Iteration: 3
  Device: "mos2d"	RelError: 4.63688e-10	AbsError: 2.08166e+06
    Region: "bulk"	RelError: 4.63611e-10	AbsError: 2.08166e+06
      Equation: "ElectronContinuityEquation"	RelError: 2.43152e-10	AbsError: 2.08024e+06
      Equation: "HoleContinuityEquation"	RelError: 2.17332e-10	AbsError: 1.42324e+03
      Equation: "PotentialEquation"	RelError: 3.12728e-12	AbsError: 3.40172e-14
    Region: "gate"	RelError: 8.23403e-16	AbsError: 2.73202e+04
      Equation: "ElectronContinuityEquation"	RelError: 2.75666e-16	AbsError: 2.73202e+04
      Equation: "HoleContinuityEquation"	RelError: 4.42591e-16	AbsError: 4.46603e-16
      Equation: "PotentialEquation"	RelError: 1.05146e-16	AbsError: 1.11042e-16
    Region: "oxide"	RelError: 7.59031e-14	AbsError: 3.40172e-14
      Equation: "PotentialEquation"	RelError: 7.59031e-14	AbsError: 3.40172e-14
Succeeded
gate last end 4.600000e-01 5.000000e-01
number of equations 4409
Iteration: 0
  Device: "mos2d"	RelError: 6.45966e+00	AbsError: 1.04479e+17
    Region: "bulk"	RelError: 6.39959e+00	AbsError: 1.04479e+17
      Equation: "ElectronContinuityEquation"	RelError: 3.20166e-01	AbsError: 1.02710e+17
      Equation: "HoleContinuityEquation"	RelError: 8.90168e-01	AbsError: 1.76907e+15
      Equation: "PotentialEquation"	RelError: 5.18925e+00	AbsError: 1.21915e-02
    Region: "gate"	RelError: 1.91907e-02	AbsError: 2.98019e+16
      Equation: "ElectronContinuityEquation"	RelError: 3.01366e-04	AbsError: 2.98019e+16
      Equation: "HoleContinuityEquation"	RelError: 3.01184e-04	AbsError: 3.04566e-04
      Equation: "PotentialEquation"	RelError: 1.85882e-02	AbsError: 2.00000e-02
    Region: "oxide"	RelError: 4.08861e-02	AbsError: 1.99974e-02
      Equation: "PotentialEquation"	RelError: 4.08861e-02	AbsError: 1.99974e-02
Iteration: 1
  Device: "mos2d"	RelError: 2.44928e-01	AbsError: 3.01980e+15
    Region: "bulk"	RelError: 2.44535e-01	AbsError: 3.01980e+15
      Equation: "ElectronContinuityEquation"	RelError: 8.05735e-02	AbsError: 2.97858e+15
      Equation: "HoleContinuityEquation"	RelError: 1.53343e-01	AbsError: 4.12222e+13
      Equation: "PotentialEquation"	RelError: 1.06193e-02	AbsError: 1.61886e-04
    Region: "gate"	RelError: 4.01090e-06	AbsError: 1.94579e+14
      Equation: "ElectronContinuityEquation"	RelError: 1.96372e-06	AbsError: 1.94579e+14
      Equation: "HoleContinuityEquation"	RelError: 1.99950e-06	AbsError: 2.01792e-06
      Equation: "PotentialEquation"	RelError: 4.76822e-08	AbsError: 5.12983e-08
    Region: "oxide"	RelError: 3.88156e-04	AbsError: 1.61886e-04
      Equation: "PotentialEquation"	RelError: 3.88156e-04	AbsError: 1.61886e-04
Iteration: 2
  Device: "mos2d"	RelError: 4.71166e-04	AbsError: 2.80036e+12
    Region: "bulk"	RelError: 4.70992e-04	AbsError: 2.80036e+12
      Equation: "ElectronContinuityEquation"	RelError: 2.79448e-04	AbsError: 2.79455e+12
      Equation: "HoleContinuityEquation"	RelError: 1.70279e-04	AbsError: 5.81773e+09
      Equation: "PotentialEquation"	RelError: 2.12651e-05	AbsError: 7.19700e-08
    Region: "gate"	RelError: 1.37351e-09	AbsError: 6.71559e+10
      Equation: "ElectronContinuityEquation"	RelError: 6.78425e-10	AbsError: 6.71559e+10
      Equation: "HoleContinuityEquation"	RelError: 6.78754e-10	AbsError: 6.85694e-10
      Equation: "PotentialEquation"	RelError: 1.63289e-11	AbsError: 1.75668e-11
    Region: "oxide"	RelError: 1.72082e-07	AbsError: 7.19700e-08
      Equation: "PotentialEquation"	RelError: 1.72082e-07	AbsError: 7.19700e-08
Iteration: 3
  Device: "mos2d"	RelError: 5.84876e-10	AbsError: 1.68478e+06
    Region: "bulk"	RelError: 5.84779e-10	AbsError: 1.68478e+06
      Equation: "ElectronContinuityEquation"	RelError: 3.25133e-10	AbsError: 1.68232e+06
      Equation: "HoleContinuityEquation"	RelError: 2.53861e-10	AbsError: 2.45206e+03
      Equation: "PotentialEquation"	RelError: 5.78417e-12	AbsError: 3.36795e-14
    Region: "gate"	RelError: 8.43121e-16	AbsError: 3.08904e+04
      Equation: "ElectronContinuityEquation"	RelError: 3.11750e-16	AbsError: 3.08904e+04
      Equation: "HoleContinuityEquation"	RelError: 4.28153e-16	AbsError: 4.32115e-16
      Equation: "PotentialEquation"	RelError: 1.03218e-16	AbsError: 1.11070e-16
    Region: "oxide"	RelError: 9.62472e-14	AbsError: 3.36795e-14
      Equation: "PotentialEquation"	RelError: 9.62472e-14	AbsError: 3.36795e-14
Succeeded
gate last end 4.800000e-01 5.000000e-01
setting to last bias 5.000000e-01
setting next bias 5.000000e-01
number of equations 4409
Iteration: 0
  Device: "mos2d"	RelError: 3.19184e+00	AbsError: 1.04646e+17
    Region: "bulk"	RelError: 3.13385e+00	AbsError: 1.04646e+17
      Equation: "ElectronContinuityEquation"	RelError: 3.19381e-01	AbsError: 1.02895e+17
      Equation: "HoleContinuityEquation"	RelError: 8.84131e-01	AbsError: 1.75120e+15
      Equation: "PotentialEquation"	RelError: 1.93033e+00	AbsError: 1.21476e-02
    Region: "gate"	RelError: 1.88585e-02	AbsError: 3.01390e+16
      Equation: "ElectronContinuityEquation"	RelError: 3.04868e-04	AbsError: 3.01390e+16
      Equation: "HoleContinuityEquation"	RelError: 3.04682e-04	AbsError: 3.08198e-04
      Equation: "PotentialEquation"	RelError: 1.82489e-02	AbsError: 2.00000e-02
    Region: "oxide"	RelError: 3.91385e-02	AbsError: 1.99974e-02
      Equation: "PotentialEquation"	RelError: 3.91385e-02	AbsError: 1.99974e-02
Iteration: 1
  Device: "mos2d"	RelError: 2.42308e-01	AbsError: 2.86177e+15
    Region: "bulk"	RelError: 2.41886e-01	AbsError: 2.86177e+15
      Equation: "ElectronContinuityEquation"	RelError: 7.96856e-02	AbsError: 2.82206e+15
      Equation: "HoleContinuityEquation"	RelError: 1.52418e-01	AbsError: 3.97023e+13
      Equation: "PotentialEquation"	RelError: 9.78270e-03	AbsError: 1.77206e-04
    Region: "gate"	RelError: 4.32584e-06	AbsError: 2.09926e+14
      Equation: "ElectronContinuityEquation"	RelError: 2.11902e-06	AbsError: 2.09926e+14
      Equation: "HoleContinuityEquation"	RelError: 2.15633e-06	AbsError: 2.17662e-06
      Equation: "PotentialEquation"	RelError: 5.04989e-08	AbsError: 5.53384e-08
    Region: "oxide"	RelError: 4.18287e-04	AbsError: 1.77206e-04
      Equation: "PotentialEquation"	RelError: 4.18287e-04	AbsError: 1.77206e-04
Iteration: 2
  Device: "mos2d"	RelError: 4.89031e-04	AbsError: 2.81607e+12
    Region: "bulk"	RelError: 4.88809e-04	AbsError: 2.81607e+12
      Equation: "ElectronContinuityEquation"	RelError: 2.87122e-04	AbsError: 2.80884e+12
      Equation: "HoleContinuityEquation"	RelError: 1.91074e-04	AbsError: 7.23017e+09
      Equation: "PotentialEquation"	RelError: 1.06119e-05	AbsError: 8.06320e-08
    Region: "gate"	RelError: 1.88785e-09	AbsError: 9.23111e+10
      Equation: "ElectronContinuityEquation"	RelError: 9.32752e-10	AbsError: 9.23111e+10
      Equation: "HoleContinuityEquation"	RelError: 9.33060e-10	AbsError: 9.42805e-10
      Equation: "PotentialEquation"	RelError: 2.20388e-11	AbsError: 2.41502e-11
    Region: "oxide"	RelError: 2.20869e-07	AbsError: 8.06320e-08
      Equation: "PotentialEquation"	RelError: 2.20869e-07	AbsError: 8.06320e-08
Iteration: 3
  Device: "mos2d"	RelError: 7.77356e-10	AbsError: 1.25908e+06
    Region: "bulk"	RelError: 7.77198e-10	AbsError: 1.25908e+06
      Equation: "ElectronContinuityEquation"	RelError: 4.25408e-10	AbsError: 1.25356e+06
      Equation: "HoleContinuityEquation"	RelError: 3.44820e-10	AbsError: 5.52472e+03
      Equation: "PotentialEquation"	RelError: 6.97024e-12	AbsError: 5.24514e-14
    Region: "gate"	RelError: 1.44469e-15	AbsError: 6.41173e+04
      Equation: "ElectronContinuityEquation"	RelError: 6.47805e-16	AbsError: 6.41173e+04
      Equation: "HoleContinuityEquation"	RelError: 6.95555e-16	AbsError: 7.02076e-16
      Equation: "PotentialEquation"	RelError: 1.01332e-16	AbsError: 1.11067e-16
    Region: "oxide"	RelError: 1.55850e-13	AbsError: 5.24514e-14
      Equation: "PotentialEquation"	RelError: 1.55850e-13	AbsError: 5.24514e-14
Succeeded
IVPOINT	IDVD_VG1P0	5.00000000e-01	0.00000000e+00	-1.28669222e-13
drain last end 0.000000e+00 2.000000e+00
number of equations 4409
Iteration: 0
  Device: "mos2d"	RelError: 1.02491e+02	AbsError: 8.87611e+16
    Region: "bulk"	RelError: 1.02453e+02	AbsError: 8.87611e+16
      Equation: "ElectronContinuityEquation"	RelError: 2.80280e+00	AbsError: 8.60565e+16
      Equation: "HoleContinuityEquation"	RelError: 3.23908e+00	AbsError: 2.70463e+15
      Equation: "PotentialEquation"	RelError: 9.64115e+01	AbsError: 2.00000e-02
    Region: "gate"	RelError: 4.89288e-04	AbsError: 2.39495e+16
      Equation: "ElectronContinuityEquation"	RelError: 2.41730e-04	AbsError: 2.39495e+16
      Equation: "HoleContinuityEquation"	RelError: 2.41846e-04	AbsError: 2.44103e-04
      Equation: "PotentialEquation"	RelError: 5.71182e-06	AbsError: 6.25921e-06
    Region: "oxide"	RelError: 3.67892e-02	AbsError: 1.85629e-02
      Equation: "PotentialEquation"	RelError: 3.67892e-02	AbsError: 1.85629e-02
Iteration: 1
  Device: "mos2d"	RelError: 1.97703e+00	AbsError: 5.25940e+15
    Region: "bulk"	RelError: 1.97623e+00	AbsError: 5.25940e+15
      Equation: "ElectronContinuityEquation"	RelError: 4.57489e-01	AbsError: 5.17948e+15
      Equation: "HoleContinuityEquation"	RelError: 4.94536e-01	AbsError: 7.99146e+13
      Equation: "PotentialEquation"	RelError: 1.02421e+00	AbsError: 3.38076e-04
    Region: "gate"	RelError: 8.10465e-06	AbsError: 3.95437e+14
      Equation: "ElectronContinuityEquation"	RelError: 3.99093e-06	AbsError: 3.95437e+14
      Equation: "HoleContinuityEquation"	RelError: 4.01911e-06	AbsError: 4.05627e-06
      Equation: "PotentialEquation"	RelError: 9.46114e-08	AbsError: 1.03679e-07
    Region: "oxide"	RelError: 7.85766e-04	AbsError: 3.38076e-04
      Equation: "PotentialEquation"	RelError: 7.85766e-04	AbsError: 3.38076e-04
Iteration: 2
  Device: "mos2d"	RelError: 3.25179e-03	AbsError: 1.09944e+13
    Region: "bulk"	RelError: 3.25105e-03	AbsError: 1.09944e+13
      Equation: "ElectronContinuityEquation"	RelError: 1.77253e-03	AbsError: 1.09586e+13
      Equation: "HoleContinuityEquation"	RelError: 1.32393e-03	AbsError: 3.57961e+10
      Equation: "PotentialEquation"	RelError: 1.54593e-04	AbsError: 3.20239e-07
    Region: "gate"	RelError: 5.65371e-09	AbsError: 2.77621e+11
      Equation: "ElectronContinuityEquation"	RelError: 2.80187e-09	AbsError: 2.77621e+11
      Equation: "HoleContinuityEquation"	RelError: 2.78583e-09	AbsError: 2.81159e-09
      Equation: "PotentialEquation"	RelError: 6.60005e-11	AbsError: 7.23258e-11
    Region: "oxide"	RelError: 7.36742e-07	AbsError: 3.20239e-07
      Equation: "PotentialEquation"	RelError: 7.36742e-07	AbsError: 3.20239e-07
Iteration: 3
  Device: "mos2d"	RelError: 1.54795e-08	AbsError: 2.16149e+07
    Region: "bulk"	RelError: 1.54780e-08	AbsError: 2.16149e+07
      Equation: "ElectronContinuityEquation"	RelError: 5.12420e-09	AbsError: 2.15814e+07
      Equation: "HoleContinuityEquation"	RelError: 9.11564e-09	AbsError: 3.35576e+04
      Equation: "PotentialEquation"	RelError: 1.23811e-09	AbsError: 5.36655e-13
    Region: "gate"	RelError: 1.08685e-14	AbsError: 5.21541e+05
      Equation: "ElectronContinuityEquation"	RelError: 5.26640e-15	AbsError: 5.21541e+05
      Equation: "HoleContinuityEquation"	RelError: 5.40363e-15	AbsError: 5.45646e-15
      Equation: "PotentialEquation"	RelError: 1.98497e-16	AbsError: 2.17520e-16
    Region: "oxide"	RelError: 1.57751e-12	AbsError: 5.36655e-13
      Equation: "PotentialEquation"	RelError: 1.57751e-12	AbsError: 5.36655e-13
Succeeded
IVPOINT	IDVD_VG1P0	5.00000000e-01	2.00000000e-02	2.95614229e-05
drain last end 2.000000e-02 2.000000e+00
number of equations 4409
Iteration: 0
  Device: "mos2d"	RelError: 9.00028e+00	AbsError: 8.72330e+16
    Region: "bulk"	RelError: 8.96451e+00	AbsError: 8.72330e+16
      Equation: "ElectronContinuityEquation"	RelError: 2.61805e+00	AbsError: 8.45645e+16
      Equation: "HoleContinuityEquation"	RelError: 3.18454e+00	AbsError: 2.66851e+15
      Equation: "PotentialEquation"	RelError: 3.16191e+00	AbsError: 2.00000e-02
    Region: "gate"	RelError: 4.78387e-04	AbsError: 2.34215e+16
      Equation: "ElectronContinuityEquation"	RelError: 2.36345e-04	AbsError: 2.34215e+16
      Equation: "HoleContinuityEquation"	RelError: 2.36457e-04	AbsError: 2.38607e-04
      Equation: "PotentialEquation"	RelError: 5.58454e-06	AbsError: 6.11976e-06
    Region: "oxide"	RelError: 3.52935e-02	AbsError: 1.84578e-02
      Equation: "PotentialEquation"	RelError: 3.52935e-02	AbsError: 1.84578e-02
Iteration: 1
  Device: "mos2d"	RelError: 9.56816e-01	AbsError: 4.69956e+15
    Region: "bulk"	RelError: 9.56141e-01	AbsError: 4.69956e+15
      Equation: "ElectronContinuityEquation"	RelError: 4.36608e-01	AbsError: 4.62345e+15
      Equation: "HoleContinuityEquation"	RelError: 4.89426e-01	AbsError: 7.61123e+13
      Equation: "PotentialEquation"	RelError: 3.01071e-02	AbsError: 2.97211e-04
    Region: "gate"	RelError: 7.23451e-06	AbsError: 3.53014e+14
      Equation: "ElectronContinuityEquation"	RelError: 3.56222e-06	AbsError: 3.53014e+14
      Equation: "HoleContinuityEquation"	RelError: 3.58784e-06	AbsError: 3.62044e-06
      Equation: "PotentialEquation"	RelError: 8.44534e-08	AbsError: 9.25475e-08
    Region: "oxide"	RelError: 6.67785e-04	AbsError: 2.97211e-04
      Equation: "PotentialEquation"	RelError: 6.67785e-04	AbsError: 2.97211e-04
Iteration: 2
  Device: "mos2d"	RelError: 2.70771e-03	AbsError: 8.40011e+12
    Region: "bulk"	RelError: 2.70716e-03	AbsError: 8.40011e+12
      Equation: "ElectronContinuityEquation"	RelError: 1.38500e-03	AbsError: 8.36751e+12
      Equation: "HoleContinuityEquation"	RelError: 1.28762e-03	AbsError: 3.26000e+10
      Equation: "PotentialEquation"	RelError: 3.45396e-05	AbsError: 2.53161e-07
    Region: "gate"	RelError: 3.73713e-09	AbsError: 1.83645e+11
      Equation: "ElectronContinuityEquation"	RelError: 1.85314e-09	AbsError: 1.83645e+11
      Equation: "HoleContinuityEquation"	RelError: 1.84036e-09	AbsError: 1.85709e-09
      Equation: "PotentialEquation"	RelError: 4.36268e-11	AbsError: 4.78080e-11
    Region: "oxide"	RelError: 5.47577e-07	AbsError: 2.53161e-07
      Equation: "PotentialEquation"	RelError: 5.47577e-07	AbsError: 2.53161e-07
Iteration: 3
  Device: "mos2d"	RelError: 1.00912e-08	AbsError: 1.72464e+07
    Region: "bulk"	RelError: 1.00903e-08	AbsError: 1.72464e+07
      Equation: "ElectronContinuityEquation"	RelError: 2.78953e-09	AbsError: 1.72300e+07
      Equation: "HoleContinuityEquation"	RelError: 7.25408e-09	AbsError: 1.63290e+04
      Equation: "PotentialEquation"	RelError: 4.67335e-11	AbsError: 3.59789e-13
    Region: "gate"	RelError: 6.39563e-15	AbsError: 3.09976e+05
      Equation: "ElectronContinuityEquation"	RelError: 3.12847e-15	AbsError: 3.09976e+05
      Equation: "HoleContinuityEquation"	RelError: 3.16583e-15	AbsError: 3.19612e-15
      Equation: "PotentialEquation"	RelError: 1.01330e-16	AbsError: 1.11065e-16
    Region: "oxide"	RelError: 8.30182e-13	AbsError: 3.59789e-13
      Equation: "PotentialEquation"	RelError: 8.30182e-13	AbsError: 3.59789e-13
Succeeded
IVPOINT	IDVD_VG1P0	5.00000000e-01	4.00000000e-02	4.53328186e-05
drain last end 4.000000e-02 2.000000e+00
number of equations 4409
Iteration: 0
  Device: "mos2d"	RelError: 3.76735e+01	AbsError: 8.59877e+16
    Region: "bulk"	RelError: 3.76391e+01	AbsError: 8.59877e+16
      Equation: "ElectronContinuityEquation"	RelError: 2.40762e+00	AbsError: 8.33676e+16
      Equation: "HoleContinuityEquation"	RelError: 3.10774e+00	AbsError: 2.62011e+15
      Equation: "PotentialEquation"	RelError: 3.21238e+01	AbsError: 2.00000e-02
    Region: "gate"	RelError: 4.67576e-04	AbsError: 2.28976e+16
      Equation: "ElectronContinuityEquation"	RelError: 2.31005e-04	AbsError: 2.28976e+16
      Equation: "HoleContinuityEquation"	RelError: 2.31112e-04	AbsError: 2.33161e-04
      Equation: "PotentialEquation"	RelError: 5.45831e-06	AbsError: 5.98147e-06
    Region: "oxide"	RelError: 3.38848e-02	AbsError: 1.83406e-02
      Equation: "PotentialEquation"	RelError: 3.38848e-02	AbsError: 1.83406e-02
Iteration: 1
  Device: "mos2d"	RelError: 1.15171e+00	AbsError: 5.05500e+15
    Region: "bulk"	RelError: 1.15114e+00	AbsError: 5.05500e+15
      Equation: "ElectronContinuityEquation"	RelError: 4.13426e-01	AbsError: 4.97815e+15
      Equation: "HoleContinuityEquation"	RelError: 4.83275e-01	AbsError: 7.68496e+13
      Equation: "PotentialEquation"	RelError: 2.54435e-01	AbsError: 2.63975e-04
    Region: "gate"	RelError: 6.34969e-06	AbsError: 3.09838e+14
      Equation: "ElectronContinuityEquation"	RelError: 3.12607e-06	AbsError: 3.09838e+14
      Equation: "HoleContinuityEquation"	RelError: 3.14949e-06	AbsError: 3.17764e-06
      Equation: "PotentialEquation"	RelError: 7.41240e-08	AbsError: 8.12283e-08
    Region: "oxide"	RelError: 5.64280e-04	AbsError: 2.63975e-04
      Equation: "PotentialEquation"	RelError: 5.64280e-04	AbsError: 2.63975e-04
Iteration: 2
  Device: "mos2d"	RelError: 2.45084e-03	AbsError: 9.46787e+12
    Region: "bulk"	RelError: 2.45041e-03	AbsError: 9.46787e+12
      Equation: "ElectronContinuityEquation"	RelError: 1.10156e-03	AbsError: 9.43383e+12
      Equation: "HoleContinuityEquation"	RelError: 1.26474e-03	AbsError: 3.40394e+10
      Equation: "PotentialEquation"	RelError: 8.41168e-05	AbsError: 2.15386e-07
    Region: "gate"	RelError: 2.81750e-09	AbsError: 1.38348e+11
      Equation: "ElectronContinuityEquation"	RelError: 1.39574e-09	AbsError: 1.38348e+11
      Equation: "HoleContinuityEquation"	RelError: 1.38887e-09	AbsError: 1.40118e-09
      Equation: "PotentialEquation"	RelError: 3.28912e-11	AbsError: 3.60437e-11
    Region: "oxide"	RelError: 4.31182e-07	AbsError: 2.15386e-07
      Equation: "PotentialEquation"	RelError: 4.31182e-07	AbsError: 2.15386e-07
Iteration: 3
  Device: "mos2d"	RelError: 7.87106e-09	AbsError: 2.14139e+07
    Region: "bulk"	RelError: 7.87034e-09	AbsError: 2.14139e+07
      Equation: "ElectronContinuityEquation"	RelError: 1.40329e-09	AbsError: 2.14041e+07
      Equation: "HoleContinuityEquation"	RelError: 6.21515e-09	AbsError: 9.75519e+03
      Equation: "PotentialEquation"	RelError: 2.51897e-10	AbsError: 3.56541e-13
    Region: "gate"	RelError: 4.65111e-15	AbsError: 2.34711e+05
      Equation: "ElectronContinuityEquation"	RelError: 2.36808e-15	AbsError: 2.34711e+05
      Equation: "HoleContinuityEquation"	RelError: 2.14975e-15	AbsError: 2.16897e-15
      Equation: "PotentialEquation"	RelError: 1.33278e-16	AbsError: 1.46052e-16
    Region: "oxide"	RelError: 7.13762e-13	AbsError: 3.56541e-13
      Equation: "PotentialEquation"	RelError: 7.13762e-13	AbsError: 3.56541e-13
Succeeded
IVPOINT	IDVD_VG1P0	5.00000000e-01	6.00000000e-02	5.42864351e-05
drain last end 6.000000e-02 2.000000e+00
number of equations 4409
Iteration: 0
  Device: "mos2d"	RelError: 1.21445e+01	AbsError: 8.42943e+16
    Region: "bulk"	RelError: 1.21115e+01	AbsError: 8.42943e+16
      Equation: "ElectronContinuityEquation"	RelError: 2.09027e+00	AbsError: 8.17343e+16
      Equation: "HoleContinuityEquation"	RelError: 2.95840e+00	AbsError: 2.56004e+15
      Equation: "PotentialEquation"	RelError: 7.06284e+00	AbsError: 2.00000e-02
    Region: "gate"	RelError: 4.57028e-04	AbsError: 2.23862e+16
      Equation: "ElectronContinuityEquation"	RelError: 2.25795e-04	AbsError: 2.23862e+16
      Equation: "HoleContinuityEquation"	RelError: 2.25897e-04	AbsError: 2.27849e-04
      Equation: "PotentialEquation"	RelError: 5.33514e-06	AbsError: 5.84653e-06
    Region: "oxide"	RelError: 3.25533e-02	AbsError: 1.82106e-02
      Equation: "PotentialEquation"	RelError: 3.25533e-02	AbsError: 1.82106e-02
Iteration: 1
  Device: "mos2d"	RelError: 8.67741e-01	AbsError: 5.08071e+15
    Region: "bulk"	RelError: 8.67246e-01	AbsError: 5.08071e+15
      Equation: "ElectronContinuityEquation"	RelError: 3.78489e-01	AbsError: 5.00396e+15
      Equation: "HoleContinuityEquation"	RelError: 4.70904e-01	AbsError: 7.67493e+13
      Equation: "PotentialEquation"	RelError: 1.78524e-02	AbsError: 2.37514e-04
    Region: "gate"	RelError: 5.51182e-06	AbsError: 2.68930e+14
      Equation: "ElectronContinuityEquation"	RelError: 2.71294e-06	AbsError: 2.68930e+14
      Equation: "HoleContinuityEquation"	RelError: 2.73453e-06	AbsError: 2.75857e-06
      Equation: "PotentialEquation"	RelError: 6.43428e-08	AbsError: 7.05099e-08
    Region: "oxide"	RelError: 4.89512e-04	AbsError: 2.37514e-04
      Equation: "PotentialEquation"	RelError: 4.89512e-04	AbsError: 2.37514e-04
Iteration: 2
  Device: "mos2d"	RelError: 2.04199e-03	AbsError: 8.98270e+12
    Region: "bulk"	RelError: 2.04164e-03	AbsError: 8.98270e+12
      Equation: "ElectronContinuityEquation"	RelError: 8.54223e-04	AbsError: 8.94813e+12
      Equation: "HoleContinuityEquation"	RelError: 1.17937e-03	AbsError: 3.45693e+10
      Equation: "PotentialEquation"	RelError: 8.04271e-06	AbsError: 1.82103e-07
    Region: "gate"	RelError: 2.30726e-09	AbsError: 1.13357e+11
      Equation: "ElectronContinuityEquation"	RelError: 1.14337e-09	AbsError: 1.13357e+11
      Equation: "HoleContinuityEquation"	RelError: 1.13696e-09	AbsError: 1.14679e-09
      Equation: "PotentialEquation"	RelError: 2.69347e-11	AbsError: 2.95165e-11
    Region: "oxide"	RelError: 3.55060e-07	AbsError: 1.82103e-07
      Equation: "PotentialEquation"	RelError: 3.55060e-07	AbsError: 1.82103e-07
Iteration: 3
  Device: "mos2d"	RelError: 5.86223e-09	AbsError: 1.79988e+07
    Region: "bulk"	RelError: 5.86169e-09	AbsError: 1.79988e+07
      Equation: "ElectronContinuityEquation"	RelError: 6.99547e-10	AbsError: 1.79921e+07
      Equation: "HoleContinuityEquation"	RelError: 5.14774e-09	AbsError: 6.70373e+03
      Equation: "PotentialEquation"	RelError: 1.44015e-11	AbsError: 2.75705e-13
    Region: "gate"	RelError: 3.40147e-15	AbsError: 1.61283e+05
      Equation: "ElectronContinuityEquation"	RelError: 1.62701e-15	AbsError: 1.61283e+05
      Equation: "HoleContinuityEquation"	RelError: 1.65166e-15	AbsError: 1.66618e-15
      Equation: "PotentialEquation"	RelError: 1.22806e-16	AbsError: 1.34576e-16
    Region: "oxide"	RelError: 5.37564e-13	AbsError: 2.75705e-13
      Equation: "PotentialEquation"	RelError: 5.37564e-13	AbsError: 2.75705e-13
Succeeded
IVPOINT	IDVD_VG1P0	5.00000000e-01	8.00000000e-02	5.98998610e-05
drain last end 8.000000e-02 2.000000e+00
number of equations 4409
Iteration: 0
  Device: "mos2d"	RelError: 8.35740e+00	AbsError: 8.46449e+16
    Region: "bulk"	RelError: 8.32566e+00	AbsError: 8.46449e+16
      Equation: "ElectronContinuityEquation"	RelError: 1.90409e+00	AbsError: 8.21559e+16
      Equation: "HoleContinuityEquation"	RelError: 2.68701e+00	AbsError: 2.48902e+15
      Equation: "PotentialEquation"	RelError: 3.73457e+00	AbsError: 2.00000e-02
    Region: "gate"	RelError: 4.48918e-04	AbsError: 2.20254e+16
      Equation: "ElectronContinuityEquation"	RelError: 2.21790e-04	AbsError: 2.20254e+16
      Equation: "HoleContinuityEquation"	RelError: 2.21888e-04	AbsError: 2.23435e-04
      Equation: "PotentialEquation"	RelError: 5.24027e-06	AbsError: 5.74279e-06
    Region: "oxide"	RelError: 3.12907e-02	AbsError: 1.80675e-02
      Equation: "PotentialEquation"	RelError: 3.12907e-02	AbsError: 1.80675e-02
Iteration: 1
  Device: "mos2d"	RelError: 8.15900e-01	AbsError: 4.81122e+15
    Region: "bulk"	RelError: 8.15473e-01	AbsError: 4.81122e+15
      Equation: "ElectronContinuityEquation"	RelError: 3.46600e-01	AbsError: 4.73557e+15
      Equation: "HoleContinuityEquation"	RelError: 4.46858e-01	AbsError: 7.56453e+13
      Equation: "PotentialEquation"	RelError: 2.20155e-02	AbsError: 2.20647e-04
    Region: "gate"	RelError: 4.89886e-06	AbsError: 2.37645e+14
      Equation: "ElectronContinuityEquation"	RelError: 2.39646e-06	AbsError: 2.37645e+14
      Equation: "HoleContinuityEquation"	RelError: 2.44521e-06	AbsError: 2.46580e-06
      Equation: "PotentialEquation"	RelError: 5.71868e-08	AbsError: 6.26686e-08
    Region: "oxide"	RelError: 4.21966e-04	AbsError: 2.20647e-04
      Equation: "PotentialEquation"	RelError: 4.21966e-04	AbsError: 2.20647e-04
Iteration: 2
  Device: "mos2d"	RelError: 1.71280e-03	AbsError: 7.35696e+12
    Region: "bulk"	RelError: 1.71254e-03	AbsError: 7.35696e+12
      Equation: "ElectronContinuityEquation"	RelError: 6.54646e-04	AbsError: 7.32284e+12
      Equation: "HoleContinuityEquation"	RelError: 1.05481e-03	AbsError: 3.41204e+10
      Equation: "PotentialEquation"	RelError: 3.07929e-06	AbsError: 1.39206e-07
    Region: "gate"	RelError: 1.80786e-09	AbsError: 8.88826e+10
      Equation: "ElectronContinuityEquation"	RelError: 8.96310e-10	AbsError: 8.88826e+10
      Equation: "HoleContinuityEquation"	RelError: 8.90450e-10	AbsError: 8.97947e-10
      Equation: "PotentialEquation"	RelError: 2.11048e-11	AbsError: 2.31278e-11
    Region: "oxide"	RelError: 2.64762e-07	AbsError: 1.39206e-07
      Equation: "PotentialEquation"	RelError: 2.64762e-07	AbsError: 1.39206e-07
Iteration: 3
  Device: "mos2d"	RelError: 4.11477e-09	AbsError: 1.09099e+07
    Region: "bulk"	RelError: 4.11446e-09	AbsError: 1.09099e+07
      Equation: "ElectronContinuityEquation"	RelError: 4.16475e-10	AbsError: 1.09031e+07
      Equation: "HoleContinuityEquation"	RelError: 3.68723e-09	AbsError: 6.73441e+03
      Equation: "PotentialEquation"	RelError: 1.07630e-11	AbsError: 1.61662e-13
    Region: "gate"	RelError: 2.09153e-15	AbsError: 9.67650e+04
      Equation: "ElectronContinuityEquation"	RelError: 9.76020e-16	AbsError: 9.67650e+04
      Equation: "HoleContinuityEquation"	RelError: 1.01411e-15	AbsError: 1.02265e-15
      Equation: "PotentialEquation"	RelError: 1.01395e-16	AbsError: 1.11136e-16
    Region: "oxide"	RelError: 3.07471e-13	AbsError: 1.61662e-13
      Equation: "PotentialEquation"	RelError: 3.07471e-13	AbsError: 1.61662e-13
Succeeded
IVPOINT	IDVD_VG1P0	5.00000000e-01	1.00000000e-01	6.38882605e-05
drain last end 1.000000e-01 2.000000e+00
number of equations 4409
Iteration: 0
  Device: "mos2d"	RelError: 2.92871e+01	AbsError: 8.46608e+16
    Region: "bulk"	RelError: 2.92565e+01	AbsError: 8.46608e+16
      Equation: "ElectronContinuityEquation"	RelError: 1.65019e+00	AbsError: 8.21838e+16
      Equation: "HoleContinuityEquation"	RelError: 2.52798e+00	AbsError: 2.47696e+15
      Equation: "PotentialEquation"	RelError: 2.50784e+01	AbsError: 2.00000e-02
    Region: "gate"	RelError: 4.42714e-04	AbsError: 2.17258e+16
      Equation: "ElectronContinuityEquation"	RelError: 2.18725e-04	AbsError: 2.17258e+16
      Equation: "HoleContinuityEquation"	RelError: 2.18821e-04	AbsError: 2.20299e-04
      Equation: "PotentialEquation"	RelError: 5.16783e-06	AbsError: 5.66342e-06
    Region: "oxide"	RelError: 3.00900e-02	AbsError: 1.79108e-02
      Equation: "PotentialEquation"	RelError: 3.00900e-02	AbsError: 1.79108e-02
Iteration: 1
  Device: "mos2d"	RelError: 7.95515e-01	AbsError: 4.32589e+15
    Region: "bulk"	RelError: 7.95137e-01	AbsError: 4.32589e+15
      Equation: "ElectronContinuityEquation"	RelError: 3.13381e-01	AbsError: 4.25231e+15
      Equation: "HoleContinuityEquation"	RelError: 4.23052e-01	AbsError: 7.35800e+13
      Equation: "PotentialEquation"	RelError: 5.87036e-02	AbsError: 2.01272e-04
    Region: "gate"	RelError: 4.66004e-06	AbsError: 2.26094e+14
      Equation: "ElectronContinuityEquation"	RelError: 2.27949e-06	AbsError: 2.26094e+14
      Equation: "HoleContinuityEquation"	RelError: 2.32615e-06	AbsError: 2.34523e-06
      Equation: "PotentialEquation"	RelError: 5.43986e-08	AbsError: 5.96134e-08
    Region: "oxide"	RelError: 3.73927e-04	AbsError: 2.01272e-04
      Equation: "PotentialEquation"	RelError: 3.73927e-04	AbsError: 2.01272e-04
Iteration: 2
  Device: "mos2d"	RelError: 1.46173e-03	AbsError: 5.23954e+12
    Region: "bulk"	RelError: 1.46155e-03	AbsError: 5.23954e+12
      Equation: "ElectronContinuityEquation"	RelError: 5.37043e-04	AbsError: 5.20684e+12
      Equation: "HoleContinuityEquation"	RelError: 9.11229e-04	AbsError: 3.27045e+10
      Equation: "PotentialEquation"	RelError: 1.32795e-05	AbsError: 9.61301e-08
    Region: "gate"	RelError: 1.38304e-09	AbsError: 6.80514e+10
      Equation: "ElectronContinuityEquation"	RelError: 6.86097e-10	AbsError: 6.80514e+10
      Equation: "HoleContinuityEquation"	RelError: 6.80794e-10	AbsError: 6.86380e-10
      Equation: "PotentialEquation"	RelError: 1.61453e-11	AbsError: 1.76931e-11
    Region: "oxide"	RelError: 1.78592e-07	AbsError: 9.61301e-08
      Equation: "PotentialEquation"	RelError: 1.78592e-07	AbsError: 9.61301e-08
Iteration: 3
  Device: "mos2d"	RelError: 2.54003e-09	AbsError: 4.59281e+06
    Region: "bulk"	RelError: 2.53990e-09	AbsError: 4.59281e+06
      Equation: "ElectronContinuityEquation"	RelError: 2.22309e-10	AbsError: 4.58645e+06
      Equation: "HoleContinuityEquation"	RelError: 2.31557e-09	AbsError: 6.35796e+03
      Equation: "PotentialEquation"	RelError: 2.02062e-12	AbsError: 6.80018e-14
    Region: "gate"	RelError: 1.27148e-15	AbsError: 4.84217e+04
      Equation: "ElectronContinuityEquation"	RelError: 4.88340e-16	AbsError: 4.84217e+04
      Equation: "HoleContinuityEquation"	RelError: 6.81712e-16	AbsError: 6.87516e-16
      Equation: "PotentialEquation"	RelError: 1.01428e-16	AbsError: 1.11173e-16
    Region: "oxide"	RelError: 1.26335e-13	AbsError: 6.80018e-14
      Equation: "PotentialEquation"	RelError: 1.26335e-13	AbsError: 6.80018e-14
Succeeded
IVPOINT	IDVD_VG1P0	5.00000000e-01	1.20000000e-01	6.70923162e-05
drain last end 1.200000e-01 2.000000e+00
number of equations 4409
Iteration: 0
  Device: "mos2d"	RelError: 5.80268e+00	AbsError: 8.42145e+16
    Region: "bulk"	RelError: 5.77330e+00	AbsError: 8.42145e+16
      Equation: "ElectronContinuityEquation"	RelError: 1.43216e+00	AbsError: 8.17285e+16
      Equation: "HoleContinuityEquation"	RelError: 2.39211e+00	AbsError: 2.48602e+15
      Equation: "PotentialEquation"	RelError: 1.94903e+00	AbsError: 2.00000e-02
    Region: "gate"	RelError: 4.36359e-04	AbsError: 2.14186e+16
      Equation: "ElectronContinuityEquation"	RelError: 2.15586e-04	AbsError: 2.14186e+16
      Equation: "HoleContinuityEquation"	RelError: 2.15679e-04	AbsError: 2.17089e-04
      Equation: "PotentialEquation"	RelError: 5.09362e-06	AbsError: 5.58213e-06
    Region: "oxide"	RelError: 2.89452e-02	AbsError: 1.77404e-02
      Equation: "PotentialEquation"	RelError: 2.89452e-02	AbsError: 1.77404e-02
Iteration: 1
  Device: "mos2d"	RelError: 6.87104e-01	AbsError: 3.72024e+15
    Region: "bulk"	RelError: 6.86771e-01	AbsError: 3.72024e+15
      Equation: "ElectronContinuityEquation"	RelError: 2.75354e-01	AbsError: 3.64960e+15
      Equation: "HoleContinuityEquation"	RelError: 4.06491e-01	AbsError: 7.06346e+13
      Equation: "PotentialEquation"	RelError: 4.92677e-03	AbsError: 1.81105e-04
    Region: "gate"	RelError: 4.42080e-06	AbsError: 2.14510e+14
      Equation: "ElectronContinuityEquation"	RelError: 2.16225e-06	AbsError: 2.14510e+14
      Equation: "HoleContinuityEquation"	RelError: 2.20695e-06	AbsError: 2.22459e-06
      Equation: "PotentialEquation"	RelError: 5.16057e-08	AbsError: 5.65530e-08
    Region: "oxide"	RelError: 3.29057e-04	AbsError: 1.81105e-04
      Equation: "PotentialEquation"	RelError: 3.29057e-04	AbsError: 1.81105e-04
Iteration: 2
  Device: "mos2d"	RelError: 1.19485e-03	AbsError: 3.21020e+12
    Region: "bulk"	RelError: 1.19474e-03	AbsError: 3.21020e+12
      Equation: "ElectronContinuityEquation"	RelError: 4.30811e-04	AbsError: 3.17978e+12
      Equation: "HoleContinuityEquation"	RelError: 7.63213e-04	AbsError: 3.04207e+10
      Equation: "PotentialEquation"	RelError: 7.12645e-07	AbsError: 6.26149e-08
    Region: "gate"	RelError: 1.07623e-09	AbsError: 5.29983e+10
      Equation: "ElectronContinuityEquation"	RelError: 5.34220e-10	AbsError: 5.29983e+10
      Equation: "HoleContinuityEquation"	RelError: 5.29447e-10	AbsError: 5.33680e-10
      Equation: "PotentialEquation"	RelError: 1.25638e-11	AbsError: 1.37683e-11
    Region: "oxide"	RelError: 1.09194e-07	AbsError: 6.26149e-08
      Equation: "PotentialEquation"	RelError: 1.09194e-07	AbsError: 6.26149e-08
Iteration: 3
  Device: "mos2d"	RelError: 1.40326e-09	AbsError: 1.12810e+06
    Region: "bulk"	RelError: 1.40322e-09	AbsError: 1.12810e+06
      Equation: "ElectronContinuityEquation"	RelError: 1.15781e-10	AbsError: 1.12248e+06
      Equation: "HoleContinuityEquation"	RelError: 1.28716e-09	AbsError: 5.62041e+03
      Equation: "PotentialEquation"	RelError: 2.86519e-13	AbsError: 1.89867e-14
    Region: "gate"	RelError: 5.44795e-16	AbsError: 2.40297e+04
      Equation: "ElectronContinuityEquation"	RelError: 2.42218e-16	AbsError: 2.40297e+04
      Equation: "HoleContinuityEquation"	RelError: 2.01281e-16	AbsError: 2.03122e-16
      Equation: "PotentialEquation"	RelError: 1.01296e-16	AbsError: 1.11028e-16
    Region: "oxide"	RelError: 3.27564e-14	AbsError: 1.89867e-14
      Equation: "PotentialEquation"	RelError: 3.27564e-14	AbsError: 1.89867e-14
Succeeded
IVPOINT	IDVD_VG1P0	5.00000000e-01	1.40000000e-01	6.99230453e-05
drain last end 1.400000e-01 2.000000e+00
number of equations 4409
Iteration: 0
  Device: "mos2d"	RelError: 5.61440e+00	AbsError: 8.31970e+16
    Region: "bulk"	RelError: 5.58611e+00	AbsError: 8.31970e+16
      Equation: "ElectronContinuityEquation"	RelError: 1.25233e+00	AbsError: 8.07101e+16
      Equation: "HoleContinuityEquation"	RelError: 2.30122e+00	AbsError: 2.48689e+15
      Equation: "PotentialEquation"	RelError: 2.03257e+00	AbsError: 2.00000e-02
    Region: "gate"	RelError: 4.29883e-04	AbsError: 2.11052e+16
      Equation: "ElectronContinuityEquation"	RelError: 2.12388e-04	AbsError: 2.11052e+16
      Equation: "HoleContinuityEquation"	RelError: 2.12478e-04	AbsError: 2.13822e-04
      Equation: "PotentialEquation"	RelError: 5.01800e-06	AbsError: 5.49929e-06
    Region: "oxide"	RelError: 2.78514e-02	AbsError: 1.75565e-02
      Equation: "PotentialEquation"	RelError: 2.78514e-02	AbsError: 1.75565e-02
Iteration: 1
  Device: "mos2d"	RelError: 6.37558e-01	AbsError: 3.35397e+15
    Region: "bulk"	RelError: 6.37267e-01	AbsError: 3.35397e+15
      Equation: "ElectronContinuityEquation"	RelError: 2.36428e-01	AbsError: 3.28554e+15
      Equation: "HoleContinuityEquation"	RelError: 3.95845e-01	AbsError: 6.84222e+13
      Equation: "PotentialEquation"	RelError: 4.99344e-03	AbsError: 1.62258e-04
    Region: "gate"	RelError: 4.19079e-06	AbsError: 2.03365e+14
      Equation: "ElectronContinuityEquation"	RelError: 2.04949e-06	AbsError: 2.03365e+14
      Equation: "HoleContinuityEquation"	RelError: 2.09238e-06	AbsError: 2.10867e-06
      Equation: "PotentialEquation"	RelError: 4.89204e-08	AbsError: 5.36106e-08
    Region: "oxide"	RelError: 2.87385e-04	AbsError: 1.62258e-04
      Equation: "PotentialEquation"	RelError: 2.87385e-04	AbsError: 1.62258e-04
Iteration: 2
  Device: "mos2d"	RelError: 9.74068e-04	AbsError: 2.66143e+12
    Region: "bulk"	RelError: 9.73967e-04	AbsError: 2.66143e+12
      Equation: "ElectronContinuityEquation"	RelError: 3.53521e-04	AbsError: 2.63324e+12
      Equation: "HoleContinuityEquation"	RelError: 6.19687e-04	AbsError: 2.81857e+10
      Equation: "PotentialEquation"	RelError: 7.59394e-07	AbsError: 5.97940e-08
    Region: "gate"	RelError: 8.95313e-10	AbsError: 4.41140e+10
      Equation: "ElectronContinuityEquation"	RelError: 4.44575e-10	AbsError: 4.41140e+10
      Equation: "HoleContinuityEquation"	RelError: 4.40286e-10	AbsError: 4.43715e-10
      Equation: "PotentialEquation"	RelError: 1.04517e-11	AbsError: 1.14538e-11
    Region: "oxide"	RelError: 1.00117e-07	AbsError: 5.97940e-08
      Equation: "PotentialEquation"	RelError: 1.00117e-07	AbsError: 5.97940e-08
Iteration: 3
  Device: "mos2d"	RelError: 1.14026e-09	AbsError: 1.08645e+06
    Region: "bulk"	RelError: 1.14023e-09	AbsError: 1.08645e+06
      Equation: "ElectronContinuityEquation"	RelError: 5.02084e-10	AbsError: 1.08179e+06
      Equation: "HoleContinuityEquation"	RelError: 6.38007e-10	AbsError: 4.65800e+03
      Equation: "PotentialEquation"	RelError: 1.40208e-13	AbsError: 1.79970e-14
    Region: "gate"	RelError: 5.50989e-16	AbsError: 1.51413e+04
      Equation: "ElectronContinuityEquation"	RelError: 1.52592e-16	AbsError: 1.51413e+04
      Equation: "HoleContinuityEquation"	RelError: 2.96603e-16	AbsError: 2.98480e-16
      Equation: "PotentialEquation"	RelError: 1.01794e-16	AbsError: 1.11574e-16
    Region: "oxide"	RelError: 2.99495e-14	AbsError: 1.79970e-14
      Equation: "PotentialEquation"	RelError: 2.99495e-14	AbsError: 1.79970e-14
Succeeded
IVPOINT	IDVD_VG1P0	5.00000000e-01	1.60000000e-01	7.25815643e-05
drain last end 1.600000e-01 2.000000e+00
number of equations 4409
Iteration: 0
  Device: "mos2d"	RelError: 4.83917e+01	AbsError: 8.15426e+16
    Region: "bulk"	RelError: 4.83645e+01	AbsError: 8.15426e+16
      Equation: "ElectronContinuityEquation"	RelError: 1.20117e+00	AbsError: 7.90637e+16
      Equation: "HoleContinuityEquation"	RelError: 2.19368e+00	AbsError: 2.47889e+15
      Equation: "PotentialEquation"	RelError: 4.49697e+01	AbsError: 2.00000e-02
    Region: "gate"	RelError: 4.23318e-04	AbsError: 2.07873e+16
      Equation: "ElectronContinuityEquation"	RelError: 2.09145e-04	AbsError: 2.07873e+16
      Equation: "HoleContinuityEquation"	RelError: 2.09232e-04	AbsError: 2.10512e-04
      Equation: "PotentialEquation"	RelError: 4.94134e-06	AbsError: 5.41530e-06
    Region: "oxide"	RelError: 2.68048e-02	AbsError: 1.73595e-02
      Equation: "PotentialEquation"	RelError: 2.68048e-02	AbsError: 1.73595e-02
Iteration: 1
  Device: "mos2d"	RelError: 7.22146e-01	AbsError: 3.23059e+15
    Region: "bulk"	RelError: 7.21883e-01	AbsError: 3.23059e+15
      Equation: "ElectronContinuityEquation"	RelError: 2.21520e-01	AbsError: 3.16258e+15
      Equation: "HoleContinuityEquation"	RelError: 3.78325e-01	AbsError: 6.80077e+13
      Equation: "PotentialEquation"	RelError: 1.22038e-01	AbsError: 1.57369e-04
    Region: "gate"	RelError: 3.97341e-06	AbsError: 1.92828e+14
      Equation: "ElectronContinuityEquation"	RelError: 1.94291e-06	AbsError: 1.92828e+14
      Equation: "HoleContinuityEquation"	RelError: 1.98412e-06	AbsError: 1.99917e-06
      Equation: "PotentialEquation"	RelError: 4.63826e-08	AbsError: 5.08298e-08
    Region: "oxide"	RelError: 2.58584e-04	AbsError: 1.57369e-04
      Equation: "PotentialEquation"	RelError: 2.58584e-04	AbsError: 1.57369e-04
Iteration: 2
  Device: "mos2d"	RelError: 8.08683e-04	AbsError: 2.53369e+12
    Region: "bulk"	RelError: 8.08586e-04	AbsError: 2.53369e+12
      Equation: "ElectronContinuityEquation"	RelError: 2.94884e-04	AbsError: 2.50529e+12
      Equation: "HoleContinuityEquation"	RelError: 4.85576e-04	AbsError: 2.83949e+10
      Equation: "PotentialEquation"	RelError: 2.81262e-05	AbsError: 5.93333e-08
    Region: "gate"	RelError: 8.73946e-10	AbsError: 4.30573e+10
      Equation: "ElectronContinuityEquation"	RelError: 4.33208e-10	AbsError: 4.30573e+10
      Equation: "HoleContinuityEquation"	RelError: 4.30536e-10	AbsError: 4.33170e-10
      Equation: "PotentialEquation"	RelError: 1.02018e-11	AbsError: 1.11803e-11
    Region: "oxide"	RelError: 9.63176e-08	AbsError: 5.93333e-08
      Equation: "PotentialEquation"	RelError: 9.63176e-08	AbsError: 5.93333e-08
Iteration: 3
  Device: "mos2d"	RelError: 4.88479e-10	AbsError: 1.21176e+06
    Region: "bulk"	RelError: 4.88447e-10	AbsError: 1.21176e+06
      Equation: "ElectronContinuityEquation"	RelError: 1.17742e-10	AbsError: 1.20719e+06
      Equation: "HoleContinuityEquation"	RelError: 3.67036e-10	AbsError: 4.57049e+03
      Equation: "PotentialEquation"	RelError: 3.66843e-12	AbsError: 1.94611e-14
    Region: "gate"	RelError: 4.63365e-16	AbsError: 1.04402e+04
      Equation: "ElectronContinuityEquation"	RelError: 1.05041e-16	AbsError: 1.04402e+04
      Equation: "HoleContinuityEquation"	RelError: 2.57034e-16	AbsError: 2.59583e-16
      Equation: "PotentialEquation"	RelError: 1.01291e-16	AbsError: 1.11022e-16
    Region: "oxide"	RelError: 3.15140e-14	AbsError: 1.94611e-14
      Equation: "PotentialEquation"	RelError: 3.15140e-14	AbsError: 1.94611e-14
Succeeded
IVPOINT	IDVD_VG1P0	5.00000000e-01	1.80000000e-01	7.51667483e-05
drain last end 1.800000e-01 2.000000e+00
number of equations 4409
Iteration: 0
  Device: "mos2d"	RelError: 2.75473e+01	AbsError: 7.92075e+16
    Region: "bulk"	RelError: 2.75211e+01	AbsError: 7.92075e+16
      Equation: "ElectronContinuityEquation"	RelError: 1.12822e+00	AbsError: 7.67461e+16
      Equation: "HoleContinuityEquation"	RelError: 2.16336e+00	AbsError: 2.46137e+15
      Equation: "PotentialEquation"	RelError: 2.42295e+01	AbsError: 2.00000e-02
    Region: "gate"	RelError: 4.16698e-04	AbsError: 2.04665e+16
      Equation: "ElectronContinuityEquation"	RelError: 2.05874e-04	AbsError: 2.04665e+16
      Equation: "HoleContinuityEquation"	RelError: 2.05959e-04	AbsError: 2.07177e-04
      Equation: "PotentialEquation"	RelError: 4.86404e-06	AbsError: 5.33061e-06
    Region: "oxide"	RelError: 2.58026e-02	AbsError: 1.71502e-02
      Equation: "PotentialEquation"	RelError: 2.58026e-02	AbsError: 1.71502e-02
Iteration: 1
  Device: "mos2d"	RelError: 6.46515e-01	AbsError: 3.17695e+15
    Region: "bulk"	RelError: 6.46268e-01	AbsError: 3.17695e+15
      Equation: "ElectronContinuityEquation"	RelError: 2.10264e-01	AbsError: 3.11021e+15
      Equation: "HoleContinuityEquation"	RelError: 3.75187e-01	AbsError: 6.67440e+13
      Equation: "PotentialEquation"	RelError: 6.08164e-02	AbsError: 1.52346e-04
    Region: "gate"	RelError: 3.76743e-06	AbsError: 1.82840e+14
      Equation: "ElectronContinuityEquation"	RelError: 1.84191e-06	AbsError: 1.82840e+14
      Equation: "HoleContinuityEquation"	RelError: 1.88155e-06	AbsError: 1.89545e-06
      Equation: "PotentialEquation"	RelError: 4.39781e-08	AbsError: 4.81949e-08
    Region: "oxide"	RelError: 2.43126e-04	AbsError: 1.52346e-04
      Equation: "PotentialEquation"	RelError: 2.43126e-04	AbsError: 1.52346e-04
Iteration: 2
  Device: "mos2d"	RelError: 6.33006e-04	AbsError: 2.66796e+12
    Region: "bulk"	RelError: 6.32913e-04	AbsError: 2.66796e+12
      Equation: "ElectronContinuityEquation"	RelError: 2.59090e-04	AbsError: 2.64017e+12
      Equation: "HoleContinuityEquation"	RelError: 3.64193e-04	AbsError: 2.77844e+10
      Equation: "PotentialEquation"	RelError: 9.62915e-06	AbsError: 5.86641e-08
    Region: "gate"	RelError: 9.73650e-10	AbsError: 4.79651e+10
      Equation: "ElectronContinuityEquation"	RelError: 4.82488e-10	AbsError: 4.79651e+10
      Equation: "HoleContinuityEquation"	RelError: 4.79797e-10	AbsError: 4.82634e-10
      Equation: "PotentialEquation"	RelError: 1.13655e-11	AbsError: 1.24557e-11
    Region: "oxide"	RelError: 9.25955e-08	AbsError: 5.86641e-08
      Equation: "PotentialEquation"	RelError: 9.25955e-08	AbsError: 5.86641e-08
Iteration: 3
  Device: "mos2d"	RelError: 6.50719e-10	AbsError: 1.27167e+06
    Region: "bulk"	RelError: 6.50688e-10	AbsError: 1.27167e+06
      Equation: "ElectronContinuityEquation"	RelError: 4.44586e-10	AbsError: 1.26714e+06
      Equation: "HoleContinuityEquation"	RelError: 1.99695e-10	AbsError: 4.52803e+03
      Equation: "PotentialEquation"	RelError: 6.40687e-12	AbsError: 1.93558e-14
    Region: "gate"	RelError: 5.48605e-16	AbsError: 2.12030e+04
      Equation: "ElectronContinuityEquation"	RelError: 2.13596e-16	AbsError: 2.12030e+04
      Equation: "HoleContinuityEquation"	RelError: 2.33677e-16	AbsError: 2.35642e-16
      Equation: "PotentialEquation"	RelError: 1.01332e-16	AbsError: 1.11068e-16
    Region: "oxide"	RelError: 3.04088e-14	AbsError: 1.93558e-14
      Equation: "PotentialEquation"	RelError: 3.04088e-14	AbsError: 1.93558e-14
Succeeded
IVPOINT	IDVD_VG1P0	5.00000000e-01	2.00000000e-01	7.77277094e-05
drain last end 2.000000e-01 2.000000e+00
number of equations 4409
Iteration: 0
  Device: "mos2d"	RelError: 4.48333e+00	AbsError: 7.61756e+16
    Region: "bulk"	RelError: 4.45808e+00	AbsError: 7.61756e+16
      Equation: "ElectronContinuityEquation"	RelError: 1.02631e+00	AbsError: 7.37419e+16
      Equation: "HoleContinuityEquation"	RelError: 2.10087e+00	AbsError: 2.43373e+15
      Equation: "PotentialEquation"	RelError: 1.33089e+00	AbsError: 2.00000e-02
    Region: "gate"	RelError: 4.10062e-04	AbsError: 2.01446e+16
      Equation: "ElectronContinuityEquation"	RelError: 2.02597e-04	AbsError: 2.01446e+16
      Equation: "HoleContinuityEquation"	RelError: 2.02679e-04	AbsError: 2.03836e-04
      Equation: "PotentialEquation"	RelError: 4.78656e-06	AbsError: 5.24572e-06
    Region: "oxide"	RelError: 2.48429e-02	AbsError: 1.69302e-02
      Equation: "PotentialEquation"	RelError: 2.48429e-02	AbsError: 1.69302e-02
Iteration: 1
  Device: "mos2d"	RelError: 5.66428e-01	AbsError: 3.15848e+15
    Region: "bulk"	RelError: 5.66196e-01	AbsError: 3.15848e+15
      Equation: "ElectronContinuityEquation"	RelError: 1.94305e-01	AbsError: 3.09296e+15
      Equation: "HoleContinuityEquation"	RelError: 3.68460e-01	AbsError: 6.55159e+13
      Equation: "PotentialEquation"	RelError: 3.43168e-03	AbsError: 1.46901e-04
    Region: "gate"	RelError: 3.56902e-06	AbsError: 1.73213e+14
      Equation: "ElectronContinuityEquation"	RelError: 1.74458e-06	AbsError: 1.73213e+14
      Equation: "HoleContinuityEquation"	RelError: 1.78277e-06	AbsError: 1.79559e-06
      Equation: "PotentialEquation"	RelError: 4.16617e-08	AbsError: 4.56566e-08
    Region: "oxide"	RelError: 2.28557e-04	AbsError: 1.46901e-04
      Equation: "PotentialEquation"	RelError: 2.28557e-04	AbsError: 1.46901e-04
Iteration: 2
  Device: "mos2d"	RelError: 5.10451e-04	AbsError: 2.59681e+12
    Region: "bulk"	RelError: 5.10362e-04	AbsError: 2.59681e+12
      Equation: "ElectronContinuityEquation"	RelError: 2.21545e-04	AbsError: 2.57042e+12
      Equation: "HoleContinuityEquation"	RelError: 2.88322e-04	AbsError: 2.63918e+10
      Equation: "PotentialEquation"	RelError: 4.94756e-07	AbsError: 5.78882e-08
    Region: "gate"	RelError: 1.07785e-09	AbsError: 5.30939e+10
      Equation: "ElectronContinuityEquation"	RelError: 5.33971e-10	AbsError: 5.30939e+10
      Equation: "HoleContinuityEquation"	RelError: 5.31298e-10	AbsError: 5.34333e-10
      Equation: "PotentialEquation"	RelError: 1.25818e-11	AbsError: 1.37887e-11
    Region: "oxide"	RelError: 8.83018e-08	AbsError: 5.78882e-08
      Equation: "PotentialEquation"	RelError: 8.83018e-08	AbsError: 5.78882e-08
Iteration: 3
  Device: "mos2d"	RelError: 4.40446e-10	AbsError: 1.11087e+06
    Region: "bulk"	RelError: 4.40419e-10	AbsError: 1.11087e+06
      Equation: "ElectronContinuityEquation"	RelError: 2.33491e-10	AbsError: 1.10666e+06
      Equation: "HoleContinuityEquation"	RelError: 2.06624e-10	AbsError: 4.21061e+03
      Equation: "PotentialEquation"	RelError: 3.03875e-13	AbsError: 1.72207e-14
    Region: "gate"	RelError: 5.66380e-16	AbsError: 1.43613e+04
      Equation: "ElectronContinuityEquation"	RelError: 1.44645e-16	AbsError: 1.43613e+04
      Equation: "HoleContinuityEquation"	RelError: 3.20440e-16	AbsError: 3.22744e-16
      Equation: "PotentialEquation"	RelError: 1.01294e-16	AbsError: 1.11026e-16
    Region: "oxide"	RelError: 2.62682e-14	AbsError: 1.72207e-14
      Equation: "PotentialEquation"	RelError: 2.62682e-14	AbsError: 1.72207e-14
Succeeded
IVPOINT	IDVD_VG1P0	5.00000000e-01	2.20000000e-01	8.02893138e-05
drain last end 2.200000e-01 2.000000e+00
number of equations 4409
Iteration: 0
  Device: "mos2d"	RelError: 4.02097e+00	AbsError: 7.24647e+16
    Region: "bulk"	RelError: 3.99664e+00	AbsError: 7.24647e+16
      Equation: "ElectronContinuityEquation"	RelError: 9.50439e-01	AbsError: 7.00692e+16
      Equation: "HoleContinuityEquation"	RelError: 2.03668e+00	AbsError: 2.39547e+15
      Equation: "PotentialEquation"	RelError: 1.00952e+00	AbsError: 2.00000e-02
    Region: "gate"	RelError: 4.03458e-04	AbsError: 1.98242e+16
      Equation: "ElectronContinuityEquation"	RelError: 1.99334e-04	AbsError: 1.98242e+16
      Equation: "HoleContinuityEquation"	RelError: 1.99414e-04	AbsError: 2.00513e-04
      Equation: "PotentialEquation"	RelError: 4.70945e-06	AbsError: 5.16124e-06
    Region: "oxide"	RelError: 2.39248e-02	AbsError: 1.67014e-02
      Equation: "PotentialEquation"	RelError: 2.39248e-02	AbsError: 1.67014e-02
Iteration: 1
  Device: "mos2d"	RelError: 5.32341e-01	AbsError: 3.04750e+15
    Region: "bulk"	RelError: 5.32124e-01	AbsError: 3.04750e+15
      Equation: "ElectronContinuityEquation"	RelError: 1.74328e-01	AbsError: 2.98194e+15
      Equation: "HoleContinuityEquation"	RelError: 3.56328e-01	AbsError: 6.55589e+13
      Equation: "PotentialEquation"	RelError: 1.46782e-03	AbsError: 1.40611e-04
    Region: "gate"	RelError: 3.37349e-06	AbsError: 1.63718e+14
      Equation: "ElectronContinuityEquation"	RelError: 1.64864e-06	AbsError: 1.63718e+14
      Equation: "HoleContinuityEquation"	RelError: 1.68547e-06	AbsError: 1.69727e-06
      Equation: "PotentialEquation"	RelError: 3.93791e-08	AbsError: 4.31553e-08
    Region: "oxide"	RelError: 2.13194e-04	AbsError: 1.40611e-04
      Equation: "PotentialEquation"	RelError: 2.13194e-04	AbsError: 1.40611e-04
Iteration: 2
  Device: "mos2d"	RelError: 4.33308e-04	AbsError: 2.35412e+12
    Region: "bulk"	RelError: 4.33223e-04	AbsError: 2.35412e+12
      Equation: "ElectronContinuityEquation"	RelError: 1.90458e-04	AbsError: 2.32887e+12
      Equation: "HoleContinuityEquation"	RelError: 2.42483e-04	AbsError: 2.52447e+10
      Equation: "PotentialEquation"	RelError: 2.82714e-07	AbsError: 5.61866e-08
    Region: "gate"	RelError: 1.17360e-09	AbsError: 5.78067e+10
      Equation: "ElectronContinuityEquation"	RelError: 5.81253e-10	AbsError: 5.78067e+10
      Equation: "HoleContinuityEquation"	RelError: 5.78642e-10	AbsError: 5.81832e-10
      Equation: "PotentialEquation"	RelError: 1.36994e-11	AbsError: 1.50136e-11
    Region: "oxide"	RelError: 8.38351e-08	AbsError: 5.61866e-08
      Equation: "PotentialEquation"	RelError: 8.38351e-08	AbsError: 5.61866e-08
Iteration: 3
  Device: "mos2d"	RelError: 3.93148e-10	AbsError: 8.10948e+05
    Region: "bulk"	RelError: 3.93127e-10	AbsError: 8.10948e+05
      Equation: "ElectronContinuityEquation"	RelError: 2.53291e-10	AbsError: 8.07285e+05
      Equation: "HoleContinuityEquation"	RelError: 1.39589e-10	AbsError: 3.66267e+03
      Equation: "PotentialEquation"	RelError: 2.46854e-13	AbsError: 1.43381e-14
    Region: "gate"	RelError: 4.71603e-16	AbsError: 1.79875e+04
      Equation: "ElectronContinuityEquation"	RelError: 1.80867e-16	AbsError: 1.79875e+04
      Equation: "HoleContinuityEquation"	RelError: 1.89410e-16	AbsError: 1.90735e-16
      Equation: "PotentialEquation"	RelError: 1.01326e-16	AbsError: 1.11061e-16
    Region: "oxide"	RelError: 2.13936e-14	AbsError: 1.43381e-14
      Equation: "PotentialEquation"	RelError: 2.13936e-14	AbsError: 1.43381e-14
Succeeded
IVPOINT	IDVD_VG1P0	5.00000000e-01	2.40000000e-01	8.28645790e-05
drain last end 2.400000e-01 2.000000e+00
number of equations 4409
Iteration: 0
  Device: "mos2d"	RelError: 1.38105e+02	AbsError: 6.81636e+16
    Region: "bulk"	RelError: 1.38081e+02	AbsError: 6.81636e+16
      Equation: "ElectronContinuityEquation"	RelError: 8.85447e-01	AbsError: 6.57835e+16
      Equation: "HoleContinuityEquation"	RelError: 2.02097e+00	AbsError: 2.38009e+15
      Equation: "PotentialEquation"	RelError: 1.35175e+02	AbsError: 2.00000e-02
    Region: "gate"	RelError: 3.96939e-04	AbsError: 1.95078e+16
      Equation: "ElectronContinuityEquation"	RelError: 1.96115e-04	AbsError: 1.95078e+16
      Equation: "HoleContinuityEquation"	RelError: 1.96191e-04	AbsError: 1.97234e-04
      Equation: "PotentialEquation"	RelError: 4.63334e-06	AbsError: 5.07785e-06
    Region: "oxide"	RelError: 2.30483e-02	AbsError: 1.64664e-02
      Equation: "PotentialEquation"	RelError: 2.30483e-02	AbsError: 1.64664e-02
Iteration: 1
  Device: "mos2d"	RelError: 5.76419e-01	AbsError: 2.85835e+15
    Region: "bulk"	RelError: 5.76218e-01	AbsError: 2.85835e+15
      Equation: "ElectronContinuityEquation"	RelError: 1.60308e-01	AbsError: 2.79356e+15
      Equation: "HoleContinuityEquation"	RelError: 3.54749e-01	AbsError: 6.47876e+13
      Equation: "PotentialEquation"	RelError: 6.11616e-02	AbsError: 1.34119e-04
    Region: "gate"	RelError: 3.20246e-06	AbsError: 1.55504e+14
      Equation: "ElectronContinuityEquation"	RelError: 1.56331e-06	AbsError: 1.55504e+14
      Equation: "HoleContinuityEquation"	RelError: 1.60178e-06	AbsError: 1.61029e-06
      Equation: "PotentialEquation"	RelError: 3.73812e-08	AbsError: 4.09675e-08
    Region: "oxide"	RelError: 1.97565e-04	AbsError: 1.34119e-04
      Equation: "PotentialEquation"	RelError: 1.97565e-04	AbsError: 1.34119e-04
Iteration: 2
  Device: "mos2d"	RelError: 4.59816e-04	AbsError: 2.00089e+12
    Region: "bulk"	RelError: 4.59737e-04	AbsError: 2.00089e+12
      Equation: "ElectronContinuityEquation"	RelError: 1.69461e-04	AbsError: 1.97595e+12
      Equation: "HoleContinuityEquation"	RelError: 2.28323e-04	AbsError: 2.49479e+10
      Equation: "PotentialEquation"	RelError: 6.19525e-05	AbsError: 5.43599e-08
    Region: "gate"	RelError: 1.24944e-09	AbsError: 6.15406e+10
      Equation: "ElectronContinuityEquation"	RelError: 6.18678e-10	AbsError: 6.15406e+10
      Equation: "HoleContinuityEquation"	RelError: 6.16173e-10	AbsError: 6.19450e-10
      Equation: "PotentialEquation"	RelError: 1.45845e-11	AbsError: 1.59837e-11
    Region: "oxide"	RelError: 7.78851e-08	AbsError: 5.43599e-08
      Equation: "PotentialEquation"	RelError: 7.78851e-08	AbsError: 5.43599e-08
Iteration: 3
  Device: "mos2d"	RelError: 6.90494e-10	AbsError: 8.14603e+05
    Region: "bulk"	RelError: 6.90467e-10	AbsError: 8.14603e+05
      Equation: "ElectronContinuityEquation"	RelError: 6.15092e-10	AbsError: 8.11355e+05
      Equation: "HoleContinuityEquation"	RelError: 4.53795e-11	AbsError: 3.24784e+03
      Equation: "PotentialEquation"	RelError: 2.99959e-11	AbsError: 1.86240e-14
    Region: "gate"	RelError: 5.17729e-16	AbsError: 1.35201e+04
      Equation: "ElectronContinuityEquation"	RelError: 1.35920e-16	AbsError: 1.35201e+04
      Equation: "HoleContinuityEquation"	RelError: 2.80397e-16	AbsError: 2.81887e-16
      Equation: "PotentialEquation"	RelError: 1.01413e-16	AbsError: 1.11134e-16
    Region: "oxide"	RelError: 2.60726e-14	AbsError: 1.86240e-14
      Equation: "PotentialEquation"	RelError: 2.60726e-14	AbsError: 1.86240e-14
Succeeded
IVPOINT	IDVD_VG1P0	5.00000000e-01	2.60000000e-01	8.54607072e-05
drain last end 2.600000e-01 2.000000e+00
number of equations 4409
Iteration: 0
  Device: "mos2d"	RelError: 3.86962e+00	AbsError: 6.33451e+16
    Region: "bulk"	RelError: 3.84701e+00	AbsError: 6.33451e+16
      Equation: "ElectronContinuityEquation"	RelError: 8.69058e-01	AbsError: 6.09774e+16
      Equation: "HoleContinuityEquation"	RelError: 1.98488e+00	AbsError: 2.36763e+15
      Equation: "PotentialEquation"	RelError: 9.93071e-01	AbsError: 2.00000e-02
    Region: "gate"	RelError: 3.90566e-04	AbsError: 1.91983e+16
      Equation: "ElectronContinuityEquation"	RelError: 1.92966e-04	AbsError: 1.91983e+16
      Equation: "HoleContinuityEquation"	RelError: 1.93041e-04	AbsError: 1.94030e-04
      Equation: "PotentialEquation"	RelError: 4.55893e-06	AbsError: 4.99632e-06
    Region: "oxide"	RelError: 2.22141e-02	AbsError: 1.62282e-02
      Equation: "PotentialEquation"	RelError: 2.22141e-02	AbsError: 1.62282e-02
Iteration: 1
  Device: "mos2d"	RelError: 5.03957e-01	AbsError: 2.63892e+15
    Region: "bulk"	RelError: 5.03772e-01	AbsError: 2.63892e+15
      Equation: "ElectronContinuityEquation"	RelError: 1.50607e-01	AbsError: 2.57568e+15
      Equation: "HoleContinuityEquation"	RelError: 3.50818e-01	AbsError: 6.32374e+13
      Equation: "PotentialEquation"	RelError: 2.34713e-03	AbsError: 1.26886e-04
    Region: "gate"	RelError: 3.10403e-06	AbsError: 1.50755e+14
      Equation: "ElectronContinuityEquation"	RelError: 1.51528e-06	AbsError: 1.50755e+14
      Equation: "HoleContinuityEquation"	RelError: 1.55252e-06	AbsError: 1.56048e-06
      Equation: "PotentialEquation"	RelError: 3.62321e-08	AbsError: 3.97083e-08
    Region: "oxide"	RelError: 1.81613e-04	AbsError: 1.26886e-04
      Equation: "PotentialEquation"	RelError: 1.81613e-04	AbsError: 1.26886e-04
Iteration: 2
  Device: "mos2d"	RelError: 3.78336e-04	AbsError: 2.20991e+12
    Region: "bulk"	RelError: 3.78253e-04	AbsError: 2.20991e+12
      Equation: "ElectronContinuityEquation"	RelError: 1.50323e-04	AbsError: 2.18591e+12
      Equation: "HoleContinuityEquation"	RelError: 2.27394e-04	AbsError: 2.39953e+10
      Equation: "PotentialEquation"	RelError: 5.36251e-07	AbsError: 5.97275e-08
    Region: "gate"	RelError: 1.29491e-09	AbsError: 6.37808e+10
      Equation: "ElectronContinuityEquation"	RelError: 6.41076e-10	AbsError: 6.37808e+10
      Equation: "HoleContinuityEquation"	RelError: 6.38723e-10	AbsError: 6.41996e-10
      Equation: "PotentialEquation"	RelError: 1.51153e-11	AbsError: 1.65655e-11
    Region: "oxide"	RelError: 8.17714e-08	AbsError: 5.97275e-08
      Equation: "PotentialEquation"	RelError: 8.17714e-08	AbsError: 5.97275e-08
Iteration: 3
  Device: "mos2d"	RelError: 8.03774e-10	AbsError: 1.18478e+06
    Region: "bulk"	RelError: 8.03739e-10	AbsError: 1.18478e+06
      Equation: "ElectronContinuityEquation"	RelError: 7.12435e-10	AbsError: 1.18166e+06
      Equation: "HoleContinuityEquation"	RelError: 9.11295e-11	AbsError: 3.11917e+03
      Equation: "PotentialEquation"	RelError: 1.74898e-13	AbsError: 2.46268e-14
    Region: "gate"	RelError: 8.34256e-16	AbsError: 2.71389e+04
      Equation: "ElectronContinuityEquation"	RelError: 2.72779e-16	AbsError: 2.71389e+04
      Equation: "HoleContinuityEquation"	RelError: 4.60083e-16	AbsError: 4.62441e-16
      Equation: "PotentialEquation"	RelError: 1.01393e-16	AbsError: 1.11134e-16
    Region: "oxide"	RelError: 3.37159e-14	AbsError: 2.46268e-14
      Equation: "PotentialEquation"	RelError: 3.37159e-14	AbsError: 2.46268e-14
Succeeded
IVPOINT	IDVD_VG1P0	5.00000000e-01	2.80000000e-01	8.80820307e-05
drain last end 2.800000e-01 2.000000e+00
number of equations 4409
Iteration: 0
  Device: "mos2d"	RelError: 6.31785e+00	AbsError: 5.81231e+16
    Region: "bulk"	RelError: 6.29605e+00	AbsError: 5.81231e+16
      Equation: "ElectronContinuityEquation"	RelError: 8.48669e-01	AbsError: 5.57766e+16
      Equation: "HoleContinuityEquation"	RelError: 1.95308e+00	AbsError: 2.34651e+15
      Equation: "PotentialEquation"	RelError: 3.49430e+00	AbsError: 2.00000e-02
    Region: "gate"	RelError: 3.84401e-04	AbsError: 1.88988e+16
      Equation: "ElectronContinuityEquation"	RelError: 1.89921e-04	AbsError: 1.88988e+16
      Equation: "HoleContinuityEquation"	RelError: 1.89993e-04	AbsError: 1.90930e-04
      Equation: "PotentialEquation"	RelError: 4.48694e-06	AbsError: 4.91745e-06
    Region: "oxide"	RelError: 2.14231e-02	AbsError: 1.59904e-02
      Equation: "PotentialEquation"	RelError: 2.14231e-02	AbsError: 1.59904e-02
Iteration: 1
  Device: "mos2d"	RelError: 5.03142e-01	AbsError: 2.77265e+15
    Region: "bulk"	RelError: 5.02972e-01	AbsError: 2.77265e+15
      Equation: "ElectronContinuityEquation"	RelError: 1.47072e-01	AbsError: 2.71168e+15
      Equation: "HoleContinuityEquation"	RelError: 3.45262e-01	AbsError: 6.09712e+13
      Equation: "PotentialEquation"	RelError: 1.06382e-02	AbsError: 1.18612e-04
    Region: "gate"	RelError: 2.97456e-06	AbsError: 1.44475e+14
      Equation: "ElectronContinuityEquation"	RelError: 1.45188e-06	AbsError: 1.44475e+14
      Equation: "HoleContinuityEquation"	RelError: 1.48796e-06	AbsError: 1.49530e-06
      Equation: "PotentialEquation"	RelError: 3.47207e-08	AbsError: 3.80521e-08
    Region: "oxide"	RelError: 1.66467e-04	AbsError: 1.18612e-04
      Equation: "PotentialEquation"	RelError: 1.66467e-04	AbsError: 1.18612e-04
Iteration: 2
  Device: "mos2d"	RelError: 3.54610e-04	AbsError: 2.46426e+12
    Region: "bulk"	RelError: 3.54524e-04	AbsError: 2.46426e+12
      Equation: "ElectronContinuityEquation"	RelError: 1.27313e-04	AbsError: 2.44180e+12
      Equation: "HoleContinuityEquation"	RelError: 2.25330e-04	AbsError: 2.24560e+10
      Equation: "PotentialEquation"	RelError: 1.88093e-06	AbsError: 6.25721e-08
    Region: "gate"	RelError: 1.30101e-09	AbsError: 6.40828e+10
      Equation: "ElectronContinuityEquation"	RelError: 6.43990e-10	AbsError: 6.40828e+10
      Equation: "HoleContinuityEquation"	RelError: 6.41829e-10	AbsError: 6.44997e-10
      Equation: "PotentialEquation"	RelError: 1.51864e-11	AbsError: 1.66435e-11
    Region: "oxide"	RelError: 8.38440e-08	AbsError: 6.25721e-08
      Equation: "PotentialEquation"	RelError: 8.38440e-08	AbsError: 6.25721e-08
Iteration: 3
  Device: "mos2d"	RelError: 4.37163e-10	AbsError: 1.44779e+06
    Region: "bulk"	RelError: 4.37123e-10	AbsError: 1.44779e+06
      Equation: "ElectronContinuityEquation"	RelError: 1.80914e-10	AbsError: 1.44500e+06
      Equation: "HoleContinuityEquation"	RelError: 2.55975e-10	AbsError: 2.79740e+03
      Equation: "PotentialEquation"	RelError: 2.33094e-13	AbsError: 2.96302e-14
    Region: "gate"	RelError: 7.67579e-16	AbsError: 3.10434e+04
      Equation: "ElectronContinuityEquation"	RelError: 3.11966e-16	AbsError: 3.10434e+04
      Equation: "HoleContinuityEquation"	RelError: 3.54254e-16	AbsError: 3.56002e-16
      Equation: "PotentialEquation"	RelError: 1.01359e-16	AbsError: 1.11097e-16
    Region: "oxide"	RelError: 3.97032e-14	AbsError: 2.96302e-14
      Equation: "PotentialEquation"	RelError: 3.97032e-14	AbsError: 2.96302e-14
Succeeded
IVPOINT	IDVD_VG1P0	5.00000000e-01	3.00000000e-01	9.07314554e-05
drain last end 3.000000e-01 2.000000e+00
number of equations 4409
Iteration: 0
  Device: "mos2d"	RelError: 1.68525e+01	AbsError: 5.26468e+16
    Region: "bulk"	RelError: 1.68315e+01	AbsError: 5.26468e+16
      Equation: "ElectronContinuityEquation"	RelError: 8.22159e-01	AbsError: 5.03305e+16
      Equation: "HoleContinuityEquation"	RelError: 1.90909e+00	AbsError: 2.31630e+15
      Equation: "PotentialEquation"	RelError: 1.41002e+01	AbsError: 2.00000e-02
    Region: "gate"	RelError: 3.78504e-04	AbsError: 1.86124e+16
      Equation: "ElectronContinuityEquation"	RelError: 1.87008e-04	AbsError: 1.86124e+16
      Equation: "HoleContinuityEquation"	RelError: 1.87078e-04	AbsError: 1.87966e-04
      Equation: "PotentialEquation"	RelError: 4.41809e-06	AbsError: 4.84201e-06
    Region: "oxide"	RelError: 2.06766e-02	AbsError: 1.57566e-02
      Equation: "PotentialEquation"	RelError: 2.06766e-02	AbsError: 1.57566e-02
Iteration: 1
  Device: "mos2d"	RelError: 4.98029e-01	AbsError: 2.82650e+15
    Region: "bulk"	RelError: 4.97875e-01	AbsError: 2.82650e+15
      Equation: "ElectronContinuityEquation"	RelError: 1.42649e-01	AbsError: 2.76721e+15
      Equation: "HoleContinuityEquation"	RelError: 3.40323e-01	AbsError: 5.92883e+13
      Equation: "PotentialEquation"	RelError: 1.49031e-02	AbsError: 1.13930e-04
    Region: "gate"	RelError: 2.81598e-06	AbsError: 1.36757e+14
      Equation: "ElectronContinuityEquation"	RelError: 1.37406e-06	AbsError: 1.36757e+14
      Equation: "HoleContinuityEquation"	RelError: 1.40905e-06	AbsError: 1.41574e-06
      Equation: "PotentialEquation"	RelError: 3.28695e-08	AbsError: 3.60234e-08
    Region: "oxide"	RelError: 1.50894e-04	AbsError: 1.13930e-04
      Equation: "PotentialEquation"	RelError: 1.50894e-04	AbsError: 1.13930e-04
Iteration: 2
  Device: "mos2d"	RelError: 3.36363e-04	AbsError: 2.55892e+12
    Region: "bulk"	RelError: 3.36280e-04	AbsError: 2.55892e+12
      Equation: "ElectronContinuityEquation"	RelError: 1.13920e-04	AbsError: 2.53847e+12
      Equation: "HoleContinuityEquation"	RelError: 2.21355e-04	AbsError: 2.04442e+10
      Equation: "PotentialEquation"	RelError: 1.00585e-06	AbsError: 6.24924e-08
    Region: "gate"	RelError: 1.26202e-09	AbsError: 6.21660e+10
      Equation: "ElectronContinuityEquation"	RelError: 6.24611e-10	AbsError: 6.21660e+10
      Equation: "HoleContinuityEquation"	RelError: 6.22675e-10	AbsError: 6.25632e-10
      Equation: "PotentialEquation"	RelError: 1.47313e-11	AbsError: 1.61447e-11
    Region: "oxide"	RelError: 8.20180e-08	AbsError: 6.24924e-08
      Equation: "PotentialEquation"	RelError: 8.20180e-08	AbsError: 6.24924e-08
Iteration: 3
  Device: "mos2d"	RelError: 1.27740e-09	AbsError: 1.54070e+06
    Region: "bulk"	RelError: 1.27736e-09	AbsError: 1.54070e+06
      Equation: "ElectronContinuityEquation"	RelError: 1.07913e-09	AbsError: 1.53835e+06
      Equation: "HoleContinuityEquation"	RelError: 1.98090e-10	AbsError: 2.35117e+03
      Equation: "PotentialEquation"	RelError: 1.36270e-13	AbsError: 3.17429e-14
    Region: "gate"	RelError: 7.57097e-16	AbsError: 3.19759e+04
      Equation: "ElectronContinuityEquation"	RelError: 3.21277e-16	AbsError: 3.19759e+04
      Equation: "HoleContinuityEquation"	RelError: 3.33563e-16	AbsError: 3.35652e-16
      Equation: "PotentialEquation"	RelError: 1.02257e-16	AbsError: 1.12065e-16
    Region: "oxide"	RelError: 4.16609e-14	AbsError: 3.17429e-14
      Equation: "PotentialEquation"	RelError: 4.16609e-14	AbsError: 3.17429e-14
Succeeded
IVPOINT	IDVD_VG1P0	5.00000000e-01	3.20000000e-01	9.34111772e-05
drain last end 3.200000e-01 2.000000e+00
number of equations 4409
Iteration: 0
  Device: "mos2d"	RelError: 6.83399e+00	AbsError: 4.70774e+16
    Region: "bulk"	RelError: 6.81364e+00	AbsError: 4.70774e+16
      Equation: "ElectronContinuityEquation"	RelError: 7.86750e-01	AbsError: 4.48008e+16
      Equation: "HoleContinuityEquation"	RelError: 1.83266e+00	AbsError: 2.27665e+15
      Equation: "PotentialEquation"	RelError: 4.19423e+00	AbsError: 2.00000e-02
    Region: "gate"	RelError: 3.72933e-04	AbsError: 1.83419e+16
      Equation: "ElectronContinuityEquation"	RelError: 1.84256e-04	AbsError: 1.83419e+16
      Equation: "HoleContinuityEquation"	RelError: 1.84324e-04	AbsError: 1.85165e-04
      Equation: "PotentialEquation"	RelError: 4.35305e-06	AbsError: 4.77075e-06
    Region: "oxide"	RelError: 1.99757e-02	AbsError: 1.55304e-02
      Equation: "PotentialEquation"	RelError: 1.99757e-02	AbsError: 1.55304e-02
Iteration: 1
  Device: "mos2d"	RelError: 4.81363e-01	AbsError: 2.79970e+15
    Region: "bulk"	RelError: 4.81221e-01	AbsError: 2.79970e+15
      Equation: "ElectronContinuityEquation"	RelError: 1.36912e-01	AbsError: 2.74228e+15
      Equation: "HoleContinuityEquation"	RelError: 3.30303e-01	AbsError: 5.74229e+13
      Equation: "PotentialEquation"	RelError: 1.40055e-02	AbsError: 1.08702e-04
    Region: "gate"	RelError: 2.63223e-06	AbsError: 1.27794e+14
      Equation: "ElectronContinuityEquation"	RelError: 1.28377e-06	AbsError: 1.27794e+14
      Equation: "HoleContinuityEquation"	RelError: 1.31773e-06	AbsError: 1.32375e-06
      Equation: "PotentialEquation"	RelError: 3.07246e-08	AbsError: 3.36728e-08
    Region: "oxide"	RelError: 1.39835e-04	AbsError: 1.08702e-04
      Equation: "PotentialEquation"	RelError: 1.39835e-04	AbsError: 1.08702e-04
Iteration: 2
  Device: "mos2d"	RelError: 3.20310e-04	AbsError: 2.49380e+12
    Region: "bulk"	RelError: 3.20232e-04	AbsError: 2.49380e+12
      Equation: "ElectronContinuityEquation"	RelError: 1.03187e-04	AbsError: 2.47569e+12
      Equation: "HoleContinuityEquation"	RelError: 2.14199e-04	AbsError: 1.81052e+10
      Equation: "PotentialEquation"	RelError: 2.84577e-06	AbsError: 5.94911e-08
    Region: "gate"	RelError: 1.17792e-09	AbsError: 5.80283e+10
      Equation: "ElectronContinuityEquation"	RelError: 5.82931e-10	AbsError: 5.80283e+10
      Equation: "HoleContinuityEquation"	RelError: 5.81239e-10	AbsError: 5.83892e-10
      Equation: "PotentialEquation"	RelError: 1.37496e-11	AbsError: 1.50689e-11
    Region: "oxide"	RelError: 7.65300e-08	AbsError: 5.94911e-08
      Equation: "PotentialEquation"	RelError: 7.65300e-08	AbsError: 5.94911e-08
Iteration: 3
  Device: "mos2d"	RelError: 7.47410e-10	AbsError: 1.45159e+06
    Region: "bulk"	RelError: 7.47370e-10	AbsError: 1.45159e+06
      Equation: "ElectronContinuityEquation"	RelError: 5.97453e-10	AbsError: 1.44973e+06
      Equation: "HoleContinuityEquation"	RelError: 1.49643e-10	AbsError: 1.85940e+03
      Equation: "PotentialEquation"	RelError: 2.74438e-13	AbsError: 3.02777e-14
    Region: "gate"	RelError: 6.03654e-16	AbsError: 2.21135e+04
      Equation: "ElectronContinuityEquation"	RelError: 2.22145e-16	AbsError: 2.21135e+04
      Equation: "HoleContinuityEquation"	RelError: 2.80218e-16	AbsError: 2.83125e-16
      Equation: "PotentialEquation"	RelError: 1.01291e-16	AbsError: 1.11022e-16
    Region: "oxide"	RelError: 3.89495e-14	AbsError: 3.02777e-14
      Equation: "PotentialEquation"	RelError: 3.89495e-14	AbsError: 3.02777e-14
Succeeded
IVPOINT	IDVD_VG1P0	5.00000000e-01	3.40000000e-01	9.61230353e-05
drain last end 3.400000e-01 2.000000e+00
number of equations 4409
Iteration: 0
  Device: "mos2d"	RelError: 6.34303e+00	AbsError: 4.15984e+16
    Region: "bulk"	RelError: 6.32334e+00	AbsError: 4.15984e+16
      Equation: "ElectronContinuityEquation"	RelError: 7.39181e-01	AbsError: 3.93463e+16
      Equation: "HoleContinuityEquation"	RelError: 1.80064e+00	AbsError: 2.25211e+15
      Equation: "PotentialEquation"	RelError: 3.78352e+00	AbsError: 2.00000e-02
    Region: "gate"	RelError: 3.67737e-04	AbsError: 1.80897e+16
      Equation: "ElectronContinuityEquation"	RelError: 1.81689e-04	AbsError: 1.80897e+16
      Equation: "HoleContinuityEquation"	RelError: 1.81755e-04	AbsError: 1.82552e-04
      Equation: "PotentialEquation"	RelError: 4.29238e-06	AbsError: 4.70428e-06
    Region: "oxide"	RelError: 1.93210e-02	AbsError: 1.53152e-02
      Equation: "PotentialEquation"	RelError: 1.93210e-02	AbsError: 1.53152e-02
Iteration: 1
  Device: "mos2d"	RelError: 4.56211e-01	AbsError: 2.69880e+15
    Region: "bulk"	RelError: 4.56079e-01	AbsError: 2.69880e+15
      Equation: "ElectronContinuityEquation"	RelError: 1.29350e-01	AbsError: 2.64375e+15
      Equation: "HoleContinuityEquation"	RelError: 3.22553e-01	AbsError: 5.50491e+13
      Equation: "PotentialEquation"	RelError: 4.17606e-03	AbsError: 1.02031e-04
    Region: "gate"	RelError: 2.42912e-06	AbsError: 1.17871e+14
      Equation: "ElectronContinuityEquation"	RelError: 1.18387e-06	AbsError: 1.17871e+14
      Equation: "HoleContinuityEquation"	RelError: 1.21689e-06	AbsError: 1.22223e-06
      Equation: "PotentialEquation"	RelError: 2.83536e-08	AbsError: 3.10745e-08
    Region: "oxide"	RelError: 1.28734e-04	AbsError: 1.02031e-04
      Equation: "PotentialEquation"	RelError: 1.28734e-04	AbsError: 1.02031e-04
Iteration: 2
  Device: "mos2d"	RelError: 2.92195e-04	AbsError: 2.29666e+12
    Region: "bulk"	RelError: 2.92126e-04	AbsError: 2.29666e+12
      Equation: "ElectronContinuityEquation"	RelError: 8.93444e-05	AbsError: 2.27748e+12
      Equation: "HoleContinuityEquation"	RelError: 2.01944e-04	AbsError: 1.91803e+10
      Equation: "PotentialEquation"	RelError: 8.37677e-07	AbsError: 5.40062e-08
    Region: "gate"	RelError: 1.05552e-09	AbsError: 5.20041e+10
      Equation: "ElectronContinuityEquation"	RelError: 5.22320e-10	AbsError: 5.20041e+10
      Equation: "HoleContinuityEquation"	RelError: 5.20879e-10	AbsError: 5.23162e-10
      Equation: "PotentialEquation"	RelError: 1.23207e-11	AbsError: 1.35030e-11
    Region: "oxide"	RelError: 6.81405e-08	AbsError: 5.40062e-08
      Equation: "PotentialEquation"	RelError: 6.81405e-08	AbsError: 5.40062e-08
Iteration: 3
  Device: "mos2d"	RelError: 8.97007e-10	AbsError: 1.22255e+06
    Region: "bulk"	RelError: 8.96974e-10	AbsError: 1.22255e+06
      Equation: "ElectronContinuityEquation"	RelError: 7.69230e-10	AbsError: 1.22001e+06
      Equation: "HoleContinuityEquation"	RelError: 1.27625e-10	AbsError: 2.54207e+03
      Equation: "PotentialEquation"	RelError: 1.18109e-13	AbsError: 2.59122e-14
    Region: "gate"	RelError: 6.08456e-16	AbsError: 2.84939e+04
      Equation: "ElectronContinuityEquation"	RelError: 2.86187e-16	AbsError: 2.84939e+04
      Equation: "HoleContinuityEquation"	RelError: 2.20964e-16	AbsError: 2.21932e-16
      Equation: "PotentialEquation"	RelError: 1.01305e-16	AbsError: 1.11037e-16
    Region: "oxide"	RelError: 3.26939e-14	AbsError: 2.59122e-14
      Equation: "PotentialEquation"	RelError: 3.26939e-14	AbsError: 2.59122e-14
Succeeded
IVPOINT	IDVD_VG1P0	5.00000000e-01	3.60000000e-01	9.88686901e-05
drain last end 3.600000e-01 2.000000e+00
number of equations 4409
Iteration: 0
  Device: "mos2d"	RelError: 3.84118e+00	AbsError: 3.63507e+16
    Region: "bulk"	RelError: 3.82211e+00	AbsError: 3.63507e+16
      Equation: "ElectronContinuityEquation"	RelError: 7.10564e-01	AbsError: 3.41105e+16
      Equation: "HoleContinuityEquation"	RelError: 1.75349e+00	AbsError: 2.24020e+15
      Equation: "PotentialEquation"	RelError: 1.35805e+00	AbsError: 2.00000e-02
    Region: "gate"	RelError: 3.62951e-04	AbsError: 1.78575e+16
      Equation: "ElectronContinuityEquation"	RelError: 1.79325e-04	AbsError: 1.78575e+16
      Equation: "HoleContinuityEquation"	RelError: 1.79390e-04	AbsError: 1.80144e-04
      Equation: "PotentialEquation"	RelError: 4.23650e-06	AbsError: 4.64306e-06
    Region: "oxide"	RelError: 1.87125e-02	AbsError: 1.51138e-02
      Equation: "PotentialEquation"	RelError: 1.87125e-02	AbsError: 1.51138e-02
Iteration: 1
  Device: "mos2d"	RelError: 4.40887e-01	AbsError: 2.54046e+15
    Region: "bulk"	RelError: 4.40768e-01	AbsError: 2.54046e+15
      Equation: "ElectronContinuityEquation"	RelError: 1.19454e-01	AbsError: 2.48414e+15
      Equation: "HoleContinuityEquation"	RelError: 3.17105e-01	AbsError: 5.63190e+13
      Equation: "PotentialEquation"	RelError: 4.20930e-03	AbsError: 9.42703e-05
    Region: "gate"	RelError: 2.21376e-06	AbsError: 1.07337e+14
      Equation: "ElectronContinuityEquation"	RelError: 1.07788e-06	AbsError: 1.07337e+14
      Equation: "HoleContinuityEquation"	RelError: 1.11005e-06	AbsError: 1.11471e-06
      Equation: "PotentialEquation"	RelError: 2.58398e-08	AbsError: 2.83196e-08
    Region: "oxide"	RelError: 1.16730e-04	AbsError: 9.42703e-05
      Equation: "PotentialEquation"	RelError: 1.16730e-04	AbsError: 9.42703e-05
Iteration: 2
  Device: "mos2d"	RelError: 3.06259e-04	AbsError: 2.00695e+12
    Region: "bulk"	RelError: 3.06200e-04	AbsError: 2.00695e+12
      Equation: "ElectronContinuityEquation"	RelError: 1.19628e-04	AbsError: 1.98502e+12
      Equation: "HoleContinuityEquation"	RelError: 1.85778e-04	AbsError: 2.19330e+10
      Equation: "PotentialEquation"	RelError: 7.94038e-07	AbsError: 4.68135e-08
    Region: "gate"	RelError: 9.07430e-10	AbsError: 4.47138e+10
      Equation: "ElectronContinuityEquation"	RelError: 4.49017e-10	AbsError: 4.47138e+10
      Equation: "HoleContinuityEquation"	RelError: 4.47821e-10	AbsError: 4.49703e-10
      Equation: "PotentialEquation"	RelError: 1.05921e-11	AbsError: 1.16086e-11
    Region: "oxide"	RelError: 5.79669e-08	AbsError: 4.68135e-08
      Equation: "PotentialEquation"	RelError: 5.79669e-08	AbsError: 4.68135e-08
Iteration: 3
  Device: "mos2d"	RelError: 3.15960e-09	AbsError: 9.26203e+05
    Region: "bulk"	RelError: 3.15957e-09	AbsError: 9.26203e+05
      Equation: "ElectronContinuityEquation"	RelError: 3.02624e-09	AbsError: 9.23043e+05
      Equation: "HoleContinuityEquation"	RelError: 1.33255e-10	AbsError: 3.15955e+03
      Equation: "PotentialEquation"	RelError: 8.08599e-14	AbsError: 1.98413e-14
    Region: "gate"	RelError: 5.97533e-16	AbsError: 1.66703e+04
      Equation: "ElectronContinuityEquation"	RelError: 1.67660e-16	AbsError: 1.66703e+04
      Equation: "HoleContinuityEquation"	RelError: 3.28571e-16	AbsError: 3.30456e-16
      Equation: "PotentialEquation"	RelError: 1.01302e-16	AbsError: 1.11035e-16
    Region: "oxide"	RelError: 2.45685e-14	AbsError: 1.98413e-14
      Equation: "PotentialEquation"	RelError: 2.45685e-14	AbsError: 1.98413e-14
Succeeded
IVPOINT	IDVD_VG1P0	5.00000000e-01	3.80000000e-01	1.01649710e-04
drain last end 3.800000e-01 2.000000e+00
number of equations 4409
Iteration: 0
  Device: "mos2d"	RelError: 9.87598e+00	AbsError: 3.14304e+16
    Region: "bulk"	RelError: 9.85747e+00	AbsError: 3.14304e+16
      Equation: "ElectronContinuityEquation"	RelError: 6.84608e-01	AbsError: 2.92102e+16
      Equation: "HoleContinuityEquation"	RelError: 1.66207e+00	AbsError: 2.22019e+15
      Equation: "PotentialEquation"	RelError: 7.51080e+00	AbsError: 2.00000e-02
    Region: "gate"	RelError: 3.58599e-04	AbsError: 1.76465e+16
      Equation: "ElectronContinuityEquation"	RelError: 1.77175e-04	AbsError: 1.76465e+16
      Equation: "HoleContinuityEquation"	RelError: 1.77238e-04	AbsError: 1.77952e-04
      Equation: "PotentialEquation"	RelError: 4.18568e-06	AbsError: 4.58738e-06
    Region: "oxide"	RelError: 1.81492e-02	AbsError: 1.49281e-02
      Equation: "PotentialEquation"	RelError: 1.81492e-02	AbsError: 1.49281e-02
Iteration: 1
  Device: "mos2d"	RelError: 4.37571e-01	AbsError: 2.33811e+15
    Region: "bulk"	RelError: 4.37464e-01	AbsError: 2.33811e+15
      Equation: "ElectronContinuityEquation"	RelError: 1.14426e-01	AbsError: 2.27951e+15
      Equation: "HoleContinuityEquation"	RelError: 3.06057e-01	AbsError: 5.86034e+13
      Equation: "PotentialEquation"	RelError: 1.69812e-02	AbsError: 8.58261e-05
    Region: "gate"	RelError: 1.99386e-06	AbsError: 9.65705e+13
      Equation: "ElectronContinuityEquation"	RelError: 9.69594e-07	AbsError: 9.65705e+13
      Equation: "HoleContinuityEquation"	RelError: 1.00099e-06	AbsError: 1.00503e-06
      Equation: "PotentialEquation"	RelError: 2.32729e-08	AbsError: 2.55065e-08
    Region: "oxide"	RelError: 1.04356e-04	AbsError: 8.58261e-05
      Equation: "PotentialEquation"	RelError: 1.04356e-04	AbsError: 8.58261e-05
Iteration: 2
  Device: "mos2d"	RelError: 3.89300e-04	AbsError: 1.66981e+12
    Region: "bulk"	RelError: 3.89252e-04	AbsError: 1.66981e+12
      Equation: "ElectronContinuityEquation"	RelError: 2.05148e-04	AbsError: 1.64586e+12
      Equation: "HoleContinuityEquation"	RelError: 1.81168e-04	AbsError: 2.39482e+10
      Equation: "PotentialEquation"	RelError: 2.93681e-06	AbsError: 3.88363e-08
    Region: "gate"	RelError: 7.49098e-10	AbsError: 3.69176e+10
      Equation: "ElectronContinuityEquation"	RelError: 3.70663e-10	AbsError: 3.69176e+10
      Equation: "HoleContinuityEquation"	RelError: 3.69692e-10	AbsError: 3.71181e-10
      Equation: "PotentialEquation"	RelError: 8.74381e-12	AbsError: 9.58296e-12
    Region: "oxide"	RelError: 4.72213e-08	AbsError: 3.88363e-08
      Equation: "PotentialEquation"	RelError: 4.72213e-08	AbsError: 3.88363e-08
Iteration: 3
  Device: "mos2d"	RelError: 7.79554e-10	AbsError: 6.35427e+05
    Region: "bulk"	RelError: 7.79536e-10	AbsError: 6.35427e+05
      Equation: "ElectronContinuityEquation"	RelError: 5.32289e-10	AbsError: 6.31765e+05
      Equation: "HoleContinuityEquation"	RelError: 2.46992e-10	AbsError: 3.66186e+03
      Equation: "PotentialEquation"	RelError: 2.54802e-13	AbsError: 1.38339e-14
    Region: "gate"	RelError: 6.44250e-16	AbsError: 1.11507e+04
      Equation: "ElectronContinuityEquation"	RelError: 1.11956e-16	AbsError: 1.11507e+04
      Equation: "HoleContinuityEquation"	RelError: 4.30955e-16	AbsError: 4.33354e-16
      Equation: "PotentialEquation"	RelError: 1.01339e-16	AbsError: 1.11075e-16
    Region: "oxide"	RelError: 1.68207e-14	AbsError: 1.38339e-14
      Equation: "PotentialEquation"	RelError: 1.68207e-14	AbsError: 1.38339e-14
Succeeded
IVPOINT	IDVD_VG1P0	5.00000000e-01	4.00000000e-01	1.04467613e-04
drain last end 4.000000e-01 2.000000e+00
number of equations 4409
Iteration: 0
  Device: "mos2d"	RelError: 3.85493e+01	AbsError: 2.69215e+16
    Region: "bulk"	RelError: 3.85313e+01	AbsError: 2.69215e+16
      Equation: "ElectronContinuityEquation"	RelError: 6.47455e-01	AbsError: 2.47296e+16
      Equation: "HoleContinuityEquation"	RelError: 1.57679e+00	AbsError: 2.19191e+15
      Equation: "PotentialEquation"	RelError: 3.63071e+01	AbsError: 2.00000e-02
    Region: "gate"	RelError: 3.54686e-04	AbsError: 1.74570e+16
      Equation: "ElectronContinuityEquation"	RelError: 1.75242e-04	AbsError: 1.74570e+16
      Equation: "HoleContinuityEquation"	RelError: 1.75304e-04	AbsError: 1.75979e-04
      Equation: "PotentialEquation"	RelError: 4.13998e-06	AbsError: 4.53732e-06
    Region: "oxide"	RelError: 1.76296e-02	AbsError: 1.47594e-02
      Equation: "PotentialEquation"	RelError: 1.76296e-02	AbsError: 1.47594e-02
Iteration: 1
  Device: "mos2d"	RelError: 5.09837e-01	AbsError: 2.10707e+15
    Region: "bulk"	RelError: 5.09743e-01	AbsError: 2.10707e+15
      Equation: "ElectronContinuityEquation"	RelError: 1.09156e-01	AbsError: 2.04706e+15
      Equation: "HoleContinuityEquation"	RelError: 2.90275e-01	AbsError: 6.00093e+13
      Equation: "PotentialEquation"	RelError: 1.10312e-01	AbsError: 7.71068e-05
    Region: "gate"	RelError: 1.77683e-06	AbsError: 8.59373e+13
      Equation: "ElectronContinuityEquation"	RelError: 8.62684e-07	AbsError: 8.59373e+13
      Equation: "HoleContinuityEquation"	RelError: 8.93403e-07	AbsError: 8.96844e-07
      Equation: "PotentialEquation"	RelError: 2.07395e-08	AbsError: 2.27300e-08
    Region: "oxide"	RelError: 9.21102e-05	AbsError: 7.71068e-05
      Equation: "PotentialEquation"	RelError: 9.21102e-05	AbsError: 7.71068e-05
Iteration: 2
  Device: "mos2d"	RelError: 5.63959e-04	AbsError: 1.32856e+12
    Region: "bulk"	RelError: 5.63921e-04	AbsError: 1.32856e+12
      Equation: "ElectronContinuityEquation"	RelError: 3.67147e-04	AbsError: 1.30341e+12
      Equation: "HoleContinuityEquation"	RelError: 1.76333e-04	AbsError: 2.51450e+10
      Equation: "PotentialEquation"	RelError: 2.04412e-05	AbsError: 3.09363e-08
    Region: "gate"	RelError: 5.95197e-10	AbsError: 2.93380e+10
      Equation: "ElectronContinuityEquation"	RelError: 2.94510e-10	AbsError: 2.93380e+10
      Equation: "HoleContinuityEquation"	RelError: 2.93739e-10	AbsError: 2.94871e-10
      Equation: "PotentialEquation"	RelError: 6.94737e-12	AbsError: 7.61415e-12
    Region: "oxide"	RelError: 3.69558e-08	AbsError: 3.09363e-08
      Equation: "PotentialEquation"	RelError: 3.69558e-08	AbsError: 3.09363e-08
Iteration: 3
  Device: "mos2d"	RelError: 9.51899e-10	AbsError: 3.97989e+05
    Region: "bulk"	RelError: 9.51888e-10	AbsError: 3.97989e+05
      Equation: "ElectronContinuityEquation"	RelError: 6.54215e-10	AbsError: 3.94069e+05
      Equation: "HoleContinuityEquation"	RelError: 2.96299e-10	AbsError: 3.92015e+03
      Equation: "PotentialEquation"	RelError: 1.37410e-12	AbsError: 8.64113e-15
    Region: "gate"	RelError: 4.13819e-16	AbsError: 1.13681e+04
      Equation: "ElectronContinuityEquation"	RelError: 1.14294e-16	AbsError: 1.13681e+04
      Equation: "HoleContinuityEquation"	RelError: 1.98174e-16	AbsError: 1.99244e-16
      Equation: "PotentialEquation"	RelError: 1.01351e-16	AbsError: 1.11088e-16
    Region: "oxide"	RelError: 1.03225e-14	AbsError: 8.64113e-15
      Equation: "PotentialEquation"	RelError: 1.03225e-14	AbsError: 8.64113e-15
Succeeded
IVPOINT	IDVD_VG1P0	5.00000000e-01	4.20000000e-01	1.07323884e-04
drain last end 4.200000e-01 2.000000e+00
number of equations 4409
Iteration: 0
  Device: "mos2d"	RelError: 1.02012e+02	AbsError: 2.40759e+16
    Region: "bulk"	RelError: 1.01995e+02	AbsError: 2.40759e+16
      Equation: "ElectronContinuityEquation"	RelError: 6.42722e-01	AbsError: 2.19206e+16
      Equation: "HoleContinuityEquation"	RelError: 1.45626e+00	AbsError: 2.15531e+15
      Equation: "PotentialEquation"	RelError: 9.98957e+01	AbsError: 2.00000e-02
    Region: "gate"	RelError: 3.51204e-04	AbsError: 1.72886e+16
      Equation: "ElectronContinuityEquation"	RelError: 1.73522e-04	AbsError: 1.72886e+16
      Equation: "HoleContinuityEquation"	RelError: 1.73582e-04	AbsError: 1.74221e-04
      Equation: "PotentialEquation"	RelError: 4.09933e-06	AbsError: 4.49278e-06
    Region: "oxide"	RelError: 1.71513e-02	AbsError: 1.46081e-02
      Equation: "PotentialEquation"	RelError: 1.71513e-02	AbsError: 1.46081e-02
Iteration: 1
  Device: "mos2d"	RelError: 8.65507e-01	AbsError: 1.86350e+15
    Region: "bulk"	RelError: 8.65425e-01	AbsError: 1.86350e+15
      Equation: "ElectronContinuityEquation"	RelError: 1.01642e-01	AbsError: 1.80298e+15
      Equation: "HoleContinuityEquation"	RelError: 2.75351e-01	AbsError: 6.05179e+13
      Equation: "PotentialEquation"	RelError: 4.88433e-01	AbsError: 6.84803e-05
    Region: "gate"	RelError: 1.56906e-06	AbsError: 7.57525e+13
      Equation: "ElectronContinuityEquation"	RelError: 7.60312e-07	AbsError: 7.57525e+13
      Equation: "HoleContinuityEquation"	RelError: 7.90431e-07	AbsError: 7.93339e-07
      Equation: "PotentialEquation"	RelError: 1.83143e-08	AbsError: 2.00722e-08
    Region: "oxide"	RelError: 8.04085e-05	AbsError: 6.84803e-05
      Equation: "PotentialEquation"	RelError: 8.04085e-05	AbsError: 6.84803e-05
Iteration: 2
  Device: "mos2d"	RelError: 9.05203e-04	AbsError: 1.01535e+12
    Region: "bulk"	RelError: 9.05174e-04	AbsError: 1.01535e+12
      Equation: "ElectronContinuityEquation"	RelError: 6.46933e-04	AbsError: 9.89846e+11
      Equation: "HoleContinuityEquation"	RelError: 1.69067e-04	AbsError: 2.55021e+10
      Equation: "PotentialEquation"	RelError: 8.91745e-05	AbsError: 2.37607e-08
    Region: "gate"	RelError: 4.56814e-10	AbsError: 2.25213e+10
      Equation: "ElectronContinuityEquation"	RelError: 2.26041e-10	AbsError: 2.25213e+10
      Equation: "HoleContinuityEquation"	RelError: 2.25441e-10	AbsError: 2.26270e-10
      Equation: "PotentialEquation"	RelError: 5.33220e-12	AbsError: 5.84398e-12
    Region: "oxide"	RelError: 2.78994e-08	AbsError: 2.37607e-08
      Equation: "PotentialEquation"	RelError: 2.78994e-08	AbsError: 2.37607e-08
Iteration: 3
  Device: "mos2d"	RelError: 3.15360e-09	AbsError: 2.29298e+05
    Region: "bulk"	RelError: 3.15360e-09	AbsError: 2.29298e+05
      Equation: "ElectronContinuityEquation"	RelError: 2.84155e-09	AbsError: 2.25341e+05
      Equation: "HoleContinuityEquation"	RelError: 3.02898e-10	AbsError: 3.95760e+03
      Equation: "PotentialEquation"	RelError: 9.14940e-12	AbsError: 4.99887e-15
    Region: "gate"	RelError: 3.91037e-16	AbsError: 8.61239e+03
      Equation: "ElectronContinuityEquation"	RelError: 8.66952e-17	AbsError: 8.61239e+03
      Equation: "HoleContinuityEquation"	RelError: 2.02503e-16	AbsError: 2.04460e-16
      Equation: "PotentialEquation"	RelError: 1.01839e-16	AbsError: 1.11596e-16
    Region: "oxide"	RelError: 5.86960e-15	AbsError: 4.99887e-15
      Equation: "PotentialEquation"	RelError: 5.86960e-15	AbsError: 4.99887e-15
Succeeded
IVPOINT	IDVD_VG1P0	5.00000000e-01	4.40000000e-01	1.10219978e-04
drain last end 4.400000e-01 2.000000e+00
number of equations 4409
Iteration: 0
  Device: "mos2d"	RelError: 6.36399e+00	AbsError: 2.40936e+16
    Region: "bulk"	RelError: 6.34693e+00	AbsError: 2.40936e+16
      Equation: "ElectronContinuityEquation"	RelError: 6.36580e-01	AbsError: 2.19832e+16
      Equation: "HoleContinuityEquation"	RelError: 1.40006e+00	AbsError: 2.11044e+15
      Equation: "PotentialEquation"	RelError: 4.31029e+00	AbsError: 2.00000e-02
    Region: "gate"	RelError: 3.48133e-04	AbsError: 1.71404e+16
      Equation: "ElectronContinuityEquation"	RelError: 1.72005e-04	AbsError: 1.71404e+16
      Equation: "HoleContinuityEquation"	RelError: 1.72064e-04	AbsError: 1.72667e-04
      Equation: "PotentialEquation"	RelError: 4.06347e-06	AbsError: 4.45349e-06
    Region: "oxide"	RelError: 1.67112e-02	AbsError: 1.44740e-02
      Equation: "PotentialEquation"	RelError: 1.67112e-02	AbsError: 1.44740e-02
Iteration: 1
  Device: "mos2d"	RelError: 3.61428e-01	AbsError: 1.62107e+15
    Region: "bulk"	RelError: 3.61357e-01	AbsError: 1.62107e+15
      Equation: "ElectronContinuityEquation"	RelError: 9.97455e-02	AbsError: 1.56092e+15
      Equation: "HoleContinuityEquation"	RelError: 2.57222e-01	AbsError: 6.01480e+13
      Equation: "PotentialEquation"	RelError: 4.38859e-03	AbsError: 6.61531e-05
    Region: "gate"	RelError: 1.37545e-06	AbsError: 6.62578e+13
      Equation: "ElectronContinuityEquation"	RelError: 6.64901e-07	AbsError: 6.62578e+13
      Equation: "HoleContinuityEquation"	RelError: 6.94496e-07	AbsError: 6.96931e-07
      Equation: "PotentialEquation"	RelError: 1.60545e-08	AbsError: 1.75954e-08
    Region: "oxide"	RelError: 6.95588e-05	AbsError: 6.02427e-05
      Equation: "PotentialEquation"	RelError: 6.95588e-05	AbsError: 6.02427e-05
Iteration: 2
  Device: "mos2d"	RelError: 1.25133e-03	AbsError: 7.48735e+11
    Region: "bulk"	RelError: 1.25131e-03	AbsError: 7.48735e+11
      Equation: "ElectronContinuityEquation"	RelError: 1.06814e-03	AbsError: 7.23677e+11
      Equation: "HoleContinuityEquation"	RelError: 1.81636e-04	AbsError: 2.50585e+10
      Equation: "PotentialEquation"	RelError: 1.53245e-06	AbsError: 1.76819e-08
    Region: "gate"	RelError: 3.40241e-10	AbsError: 1.67777e+10
      Equation: "ElectronContinuityEquation"	RelError: 1.68366e-10	AbsError: 1.67777e+10
      Equation: "HoleContinuityEquation"	RelError: 1.67904e-10	AbsError: 1.68493e-10
      Equation: "PotentialEquation"	RelError: 3.97142e-12	AbsError: 4.35261e-12
    Region: "oxide"	RelError: 2.04163e-08	AbsError: 1.76819e-08
      Equation: "PotentialEquation"	RelError: 2.04163e-08	AbsError: 1.76819e-08
Iteration: 3
  Device: "mos2d"	RelError: 1.88482e-09	AbsError: 1.22812e+05
    Region: "bulk"	RelError: 1.88482e-09	AbsError: 1.22812e+05
      Equation: "ElectronContinuityEquation"	RelError: 1.67978e-09	AbsError: 1.19033e+05
      Equation: "HoleContinuityEquation"	RelError: 2.04937e-10	AbsError: 3.77854e+03
      Equation: "PotentialEquation"	RelError: 1.00695e-13	AbsError: 2.78270e-15
    Region: "gate"	RelError: 4.61337e-16	AbsError: 9.19155e+03
      Equation: "ElectronContinuityEquation"	RelError: 9.23806e-17	AbsError: 9.19155e+03
      Equation: "HoleContinuityEquation"	RelError: 2.67628e-16	AbsError: 2.68983e-16
      Equation: "PotentialEquation"	RelError: 1.01328e-16	AbsError: 1.11063e-16
    Region: "oxide"	RelError: 3.21303e-15	AbsError: 2.78270e-15
      Equation: "PotentialEquation"	RelError: 3.21303e-15	AbsError: 2.78270e-15
Succeeded
IVPOINT	IDVD_VG1P0	5.00000000e-01	4.60000000e-01	1.13157323e-04
drain last end 4.600000e-01 2.000000e+00
number of equations 4409
Iteration: 0
  Device: "mos2d"	RelError: 3.68862e+00	AbsError: 2.40426e+16
    Region: "bulk"	RelError: 3.67196e+00	AbsError: 2.40426e+16
      Equation: "ElectronContinuityEquation"	RelError: 6.28342e-01	AbsError: 2.19851e+16
      Equation: "HoleContinuityEquation"	RelError: 1.34825e+00	AbsError: 2.05747e+15
      Equation: "PotentialEquation"	RelError: 1.69538e+00	AbsError: 2.00000e-02
    Region: "gate"	RelError: 3.45443e-04	AbsError: 1.70109e+16
      Equation: "ElectronContinuityEquation"	RelError: 1.70676e-04	AbsError: 1.70109e+16
      Equation: "HoleContinuityEquation"	RelError: 1.70735e-04	AbsError: 1.71304e-04
      Equation: "PotentialEquation"	RelError: 4.03206e-06	AbsError: 4.41909e-06
    Region: "oxide"	RelError: 1.63060e-02	AbsError: 1.43562e-02
      Equation: "PotentialEquation"	RelError: 1.63060e-02	AbsError: 1.43562e-02
Iteration: 1
  Device: "mos2d"	RelError: 3.48503e-01	AbsError: 1.39009e+15
    Region: "bulk"	RelError: 3.48443e-01	AbsError: 1.39009e+15
      Equation: "ElectronContinuityEquation"	RelError: 9.84910e-02	AbsError: 1.33114e+15
      Equation: "HoleContinuityEquation"	RelError: 2.48406e-01	AbsError: 5.89536e+13
      Equation: "PotentialEquation"	RelError: 1.54562e-03	AbsError: 6.48643e-05
    Region: "gate"	RelError: 1.19921e-06	AbsError: 5.76116e+13
      Equation: "ElectronContinuityEquation"	RelError: 5.78038e-07	AbsError: 5.76116e+13
      Equation: "HoleContinuityEquation"	RelError: 6.07177e-07	AbsError: 6.09203e-07
      Equation: "PotentialEquation"	RelError: 1.39973e-08	AbsError: 1.53409e-08
    Region: "oxide"	RelError: 5.97531e-05	AbsError: 5.26049e-05
      Equation: "PotentialEquation"	RelError: 5.97531e-05	AbsError: 5.26049e-05
Iteration: 2
  Device: "mos2d"	RelError: 1.79606e-03	AbsError: 5.35119e+11
    Region: "bulk"	RelError: 1.79604e-03	AbsError: 5.35119e+11
      Equation: "ElectronContinuityEquation"	RelError: 1.58696e-03	AbsError: 5.11211e+11
      Equation: "HoleContinuityEquation"	RelError: 2.08678e-04	AbsError: 2.39078e+10
      Equation: "PotentialEquation"	RelError: 4.02752e-07	AbsError: 1.57627e-08
    Region: "gate"	RelError: 2.47286e-10	AbsError: 1.21969e+10
      Equation: "ElectronContinuityEquation"	RelError: 1.22375e-10	AbsError: 1.21969e+10
      Equation: "HoleContinuityEquation"	RelError: 1.22024e-10	AbsError: 1.22431e-10
      Equation: "PotentialEquation"	RelError: 2.88654e-12	AbsError: 3.16362e-12
    Region: "oxide"	RelError: 1.45618e-08	AbsError: 1.28198e-08
      Equation: "PotentialEquation"	RelError: 1.45618e-08	AbsError: 1.28198e-08
Iteration: 3
  Device: "mos2d"	RelError: 3.44051e-09	AbsError: 6.18242e+04
    Region: "bulk"	RelError: 3.44051e-09	AbsError: 6.18242e+04
      Equation: "ElectronContinuityEquation"	RelError: 2.88082e-09	AbsError: 5.83973e+04
      Equation: "HoleContinuityEquation"	RelError: 5.59647e-10	AbsError: 3.42687e+03
      Equation: "PotentialEquation"	RelError: 4.02744e-14	AbsError: 2.11174e-15
    Region: "gate"	RelError: 4.01242e-16	AbsError: 8.18654e+03
      Equation: "ElectronContinuityEquation"	RelError: 8.18654e-17	AbsError: 8.18654e+03
      Equation: "HoleContinuityEquation"	RelError: 2.17977e-16	AbsError: 2.20218e-16
      Equation: "PotentialEquation"	RelError: 1.01399e-16	AbsError: 1.11141e-16
    Region: "oxide"	RelError: 1.50117e-15	AbsError: 1.32158e-15
      Equation: "PotentialEquation"	RelError: 1.50117e-15	AbsError: 1.32158e-15
Succeeded
IVPOINT	IDVD_VG1P0	5.00000000e-01	4.80000000e-01	1.16137317e-04
drain last end 4.800000e-01 2.000000e+00
number of equations 4409
Iteration: 0
  Device: "mos2d"	RelError: 4.35221e+00	AbsError: 2.39265e+16
    Region: "bulk"	RelError: 4.33594e+00	AbsError: 2.39265e+16
      Equation: "ElectronContinuityEquation"	RelError: 6.17037e-01	AbsError: 2.19298e+16
      Equation: "HoleContinuityEquation"	RelError: 1.32820e+00	AbsError: 1.99670e+15
      Equation: "PotentialEquation"	RelError: 2.39070e+00	AbsError: 2.00000e-02
    Region: "gate"	RelError: 3.43100e-04	AbsError: 1.68984e+16
      Equation: "ElectronContinuityEquation"	RelError: 1.69519e-04	AbsError: 1.68984e+16
      Equation: "HoleContinuityEquation"	RelError: 1.69576e-04	AbsError: 1.70113e-04
      Equation: "PotentialEquation"	RelError: 4.00469e-06	AbsError: 4.38911e-06
    Region: "oxide"	RelError: 1.59323e-02	AbsError: 1.42534e-02
      Equation: "PotentialEquation"	RelError: 1.59323e-02	AbsError: 1.42534e-02
Iteration: 1
  Device: "mos2d"	RelError: 3.43587e-01	AbsError: 1.17748e+15
    Region: "bulk"	RelError: 3.43534e-01	AbsError: 1.17748e+15
      Equation: "ElectronContinuityEquation"	RelError: 9.68287e-02	AbsError: 1.12046e+15
      Equation: "HoleContinuityEquation"	RelError: 2.42567e-01	AbsError: 5.70193e+13
      Equation: "PotentialEquation"	RelError: 4.13874e-03	AbsError: 6.40056e-05
    Region: "gate"	RelError: 1.04194e-06	AbsError: 4.98937e+13
      Equation: "ElectronContinuityEquation"	RelError: 5.00517e-07	AbsError: 4.98937e+13
      Equation: "HoleContinuityEquation"	RelError: 5.29262e-07	AbsError: 5.30938e-07
      Equation: "PotentialEquation"	RelError: 1.21616e-08	AbsError: 1.33290e-08
    Region: "oxide"	RelError: 5.10785e-05	AbsError: 4.56937e-05
      Equation: "PotentialEquation"	RelError: 5.10785e-05	AbsError: 4.56937e-05
Iteration: 2
  Device: "mos2d"	RelError: 2.27987e-03	AbsError: 3.72239e+11
    Region: "bulk"	RelError: 2.27986e-03	AbsError: 3.72239e+11
      Equation: "ElectronContinuityEquation"	RelError: 2.06194e-03	AbsError: 3.50054e+11
      Equation: "HoleContinuityEquation"	RelError: 2.17006e-04	AbsError: 2.21850e+10
      Equation: "PotentialEquation"	RelError: 9.11201e-07	AbsError: 1.59216e-08
    Region: "gate"	RelError: 1.76494e-10	AbsError: 8.70736e+09
      Equation: "ElectronContinuityEquation"	RelError: 8.73493e-11	AbsError: 8.70736e+09
      Equation: "HoleContinuityEquation"	RelError: 8.70842e-11	AbsError: 8.73600e-11
      Equation: "PotentialEquation"	RelError: 2.06022e-12	AbsError: 2.25798e-12
    Region: "oxide"	RelError: 1.01855e-08	AbsError: 9.11174e-09
      Equation: "PotentialEquation"	RelError: 1.01855e-08	AbsError: 9.11174e-09
Iteration: 3
  Device: "mos2d"	RelError: 6.09335e-09	AbsError: 2.96190e+04
    Region: "bulk"	RelError: 6.09335e-09	AbsError: 2.96190e+04
      Equation: "ElectronContinuityEquation"	RelError: 4.64443e-09	AbsError: 2.66764e+04
      Equation: "HoleContinuityEquation"	RelError: 1.44889e-09	AbsError: 2.94258e+03
      Equation: "PotentialEquation"	RelError: 2.95660e-14	AbsError: 1.97809e-15
    Region: "gate"	RelError: 4.07329e-16	AbsError: 8.08637e+03
      Equation: "ElectronContinuityEquation"	RelError: 8.15950e-17	AbsError: 8.08637e+03
      Equation: "HoleContinuityEquation"	RelError: 2.23198e-16	AbsError: 2.23198e-16
      Equation: "PotentialEquation"	RelError: 1.02536e-16	AbsError: 1.12388e-16
    Region: "oxide"	RelError: 6.76045e-16	AbsError: 6.04776e-16
      Equation: "PotentialEquation"	RelError: 6.76045e-16	AbsError: 6.04776e-16
Succeeded
IVPOINT	IDVD_VG1P0	5.00000000e-01	5.00000000e-01	1.19161329e-04
drain last end 5.000000e-01 2.000000e+00
number of equations 4409
Iteration: 0
  Device: "mos2d"	RelError: 7.05228e+00	AbsError: 2.37746e+16
    Region: "bulk"	RelError: 7.03635e+00	AbsError: 2.37746e+16
      Equation: "ElectronContinuityEquation"	RelError: 6.01326e-01	AbsError: 2.18209e+16
      Equation: "HoleContinuityEquation"	RelError: 1.29248e+00	AbsError: 1.95369e+15
      Equation: "PotentialEquation"	RelError: 5.14254e+00	AbsError: 2.00000e-02
    Region: "gate"	RelError: 3.41064e-04	AbsError: 1.68010e+16
      Equation: "ElectronContinuityEquation"	RelError: 1.68513e-04	AbsError: 1.68010e+16
      Equation: "HoleContinuityEquation"	RelError: 1.68570e-04	AbsError: 1.69075e-04
      Equation: "PotentialEquation"	RelError: 3.98092e-06	AbsError: 4.36307e-06
    Region: "oxide"	RelError: 1.55865e-02	AbsError: 1.41642e-02
      Equation: "PotentialEquation"	RelError: 1.55865e-02	AbsError: 1.41642e-02
Iteration: 1
  Device: "mos2d"	RelError: 3.35098e-01	AbsError: 9.88342e+14
    Region: "bulk"	RelError: 3.35053e-01	AbsError: 9.88342e+14
      Equation: "ElectronContinuityEquation"	RelError: 9.45810e-02	AbsError: 9.32622e+14
      Equation: "HoleContinuityEquation"	RelError: 2.37371e-01	AbsError: 5.57205e+13
      Equation: "PotentialEquation"	RelError: 3.10150e-03	AbsError: 6.40178e-05
    Region: "gate"	RelError: 9.03893e-07	AbsError: 4.31176e+13
      Equation: "ElectronContinuityEquation"	RelError: 4.32468e-07	AbsError: 4.31176e+13
      Equation: "HoleContinuityEquation"	RelError: 4.60874e-07	AbsError: 4.62256e-07
      Equation: "PotentialEquation"	RelError: 1.05502e-08	AbsError: 1.15630e-08
    Region: "oxide"	RelError: 4.35380e-05	AbsError: 3.95631e-05
      Equation: "PotentialEquation"	RelError: 4.35380e-05	AbsError: 3.95631e-05
Iteration: 2
  Device: "mos2d"	RelError: 2.51550e-03	AbsError: 2.54611e+11
    Region: "bulk"	RelError: 2.51550e-03	AbsError: 2.54611e+11
      Equation: "ElectronContinuityEquation"	RelError: 2.31365e-03	AbsError: 2.32963e+11
      Equation: "HoleContinuityEquation"	RelError: 2.01258e-04	AbsError: 2.16488e+10
      Equation: "PotentialEquation"	RelError: 5.83926e-07	AbsError: 1.66601e-08
    Region: "gate"	RelError: 1.24587e-10	AbsError: 6.14818e+09
      Equation: "ElectronContinuityEquation"	RelError: 6.16661e-11	AbsError: 6.14818e+09
      Equation: "HoleContinuityEquation"	RelError: 6.14665e-11	AbsError: 6.16508e-11
      Equation: "PotentialEquation"	RelError: 1.45423e-12	AbsError: 1.59383e-12
    Region: "oxide"	RelError: 7.03476e-09	AbsError: 6.39252e-09
      Equation: "PotentialEquation"	RelError: 7.03476e-09	AbsError: 6.39252e-09
Iteration: 3
  Device: "mos2d"	RelError: 9.63308e-09	AbsError: 1.42464e+04
    Region: "bulk"	RelError: 9.63308e-09	AbsError: 1.42464e+04
      Equation: "ElectronContinuityEquation"	RelError: 6.81638e-09	AbsError: 1.14314e+04
      Equation: "HoleContinuityEquation"	RelError: 2.81666e-09	AbsError: 2.81501e+03
      Equation: "PotentialEquation"	RelError: 3.81380e-14	AbsError: 2.03777e-15
    Region: "gate"	RelError: 5.05917e-16	AbsError: 8.13848e+03
      Equation: "ElectronContinuityEquation"	RelError: 8.13852e-17	AbsError: 8.13848e+03
      Equation: "HoleContinuityEquation"	RelError: 3.23213e-16	AbsError: 3.24182e-16
      Equation: "PotentialEquation"	RelError: 1.01318e-16	AbsError: 1.11053e-16
    Region: "oxide"	RelError: 2.79969e-16	AbsError: 2.54409e-16
      Equation: "PotentialEquation"	RelError: 2.79969e-16	AbsError: 2.54409e-16
Succeeded
IVPOINT	IDVD_VG1P0	5.00000000e-01	5.20000000e-01	1.22230691e-04
drain last end 5.200000e-01 2.000000e+00
number of equations 4409
Iteration: 0
  Device: "mos2d"	RelError: 3.53046e+00	AbsError: 2.36287e+16
    Region: "bulk"	RelError: 3.51485e+00	AbsError: 2.36287e+16
      Equation: "ElectronContinuityEquation"	RelError: 5.79468e-01	AbsError: 2.16622e+16
      Equation: "HoleContinuityEquation"	RelError: 1.27104e+00	AbsError: 1.96650e+15
      Equation: "PotentialEquation"	RelError: 1.66434e+00	AbsError: 2.00000e-02
    Region: "gate"	RelError: 3.39299e-04	AbsError: 1.67168e+16
      Equation: "ElectronContinuityEquation"	RelError: 1.67641e-04	AbsError: 1.67168e+16
      Equation: "HoleContinuityEquation"	RelError: 1.67697e-04	AbsError: 1.68172e-04
      Equation: "PotentialEquation"	RelError: 3.96029e-06	AbsError: 4.34048e-06
    Region: "oxide"	RelError: 1.52655e-02	AbsError: 1.40869e-02
      Equation: "PotentialEquation"	RelError: 1.52655e-02	AbsError: 1.40869e-02
Iteration: 1
  Device: "mos2d"	RelError: 3.24990e-01	AbsError: 8.25187e+14
    Region: "bulk"	RelError: 3.24952e-01	AbsError: 8.25187e+14
      Equation: "ElectronContinuityEquation"	RelError: 9.15157e-02	AbsError: 7.68904e+14
      Equation: "HoleContinuityEquation"	RelError: 2.31117e-01	AbsError: 5.62826e+13
      Equation: "PotentialEquation"	RelError: 2.31917e-03	AbsError: 6.36737e-05
    Region: "gate"	RelError: 7.84328e-07	AbsError: 3.72476e+13
      Equation: "ElectronContinuityEquation"	RelError: 3.73530e-07	AbsError: 3.72476e+13
      Equation: "HoleContinuityEquation"	RelError: 4.01643e-07	AbsError: 4.02780e-07
      Equation: "PotentialEquation"	RelError: 9.15463e-09	AbsError: 1.00335e-08
    Region: "oxide"	RelError: 3.70750e-05	AbsError: 3.42112e-05
      Equation: "PotentialEquation"	RelError: 3.70750e-05	AbsError: 3.42112e-05
Iteration: 2
  Device: "mos2d"	RelError: 2.57963e-03	AbsError: 1.73131e+11
    Region: "bulk"	RelError: 2.57962e-03	AbsError: 1.73131e+11
      Equation: "ElectronContinuityEquation"	RelError: 2.41184e-03	AbsError: 1.50953e+11
      Equation: "HoleContinuityEquation"	RelError: 1.67345e-04	AbsError: 2.21773e+10
      Equation: "PotentialEquation"	RelError: 4.33713e-07	AbsError: 1.72323e-08
    Region: "gate"	RelError: 8.76744e-11	AbsError: 4.32781e+09
      Equation: "ElectronContinuityEquation"	RelError: 4.34006e-11	AbsError: 4.32781e+09
      Equation: "HoleContinuityEquation"	RelError: 4.32504e-11	AbsError: 4.33728e-11
      Equation: "PotentialEquation"	RelError: 1.02341e-12	AbsError: 1.12166e-12
    Region: "oxide"	RelError: 4.83424e-09	AbsError: 4.46083e-09
      Equation: "PotentialEquation"	RelError: 4.83424e-09	AbsError: 4.46083e-09
Iteration: 3
  Device: "mos2d"	RelError: 7.78304e-09	AbsError: 8.32771e+03
    Region: "bulk"	RelError: 7.78304e-09	AbsError: 7.47568e+03
      Equation: "ElectronContinuityEquation"	RelError: 5.21662e-09	AbsError: 4.52625e+03
      Equation: "HoleContinuityEquation"	RelError: 2.56637e-09	AbsError: 2.94943e+03
      Equation: "PotentialEquation"	RelError: 4.94821e-14	AbsError: 2.22227e-15
    Region: "gate"	RelError: 4.26998e-16	AbsError: 8.32771e+03
      Equation: "ElectronContinuityEquation"	RelError: 8.41298e-17	AbsError: 8.32771e+03
      Equation: "HoleContinuityEquation"	RelError: 2.41499e-16	AbsError: 2.43365e-16
      Equation: "PotentialEquation"	RelError: 1.01369e-16	AbsError: 1.11108e-16
    Region: "oxide"	RelError: 2.18829e-16	AbsError: 1.57578e-16
      Equation: "PotentialEquation"	RelError: 2.18829e-16	AbsError: 1.57578e-16
Succeeded
IVPOINT	IDVD_VG1P0	5.00000000e-01	5.40000000e-01	1.25346711e-04
drain last end 5.400000e-01 2.000000e+00
number of equations 4409
Iteration: 0
  Device: "mos2d"	RelError: 3.85775e+00	AbsError: 2.37350e+16
    Region: "bulk"	RelError: 3.84244e+00	AbsError: 2.37350e+16
      Equation: "ElectronContinuityEquation"	RelError: 5.49401e-01	AbsError: 2.17601e+16
      Equation: "HoleContinuityEquation"	RelError: 1.26065e+00	AbsError: 1.97485e+15
      Equation: "PotentialEquation"	RelError: 2.03239e+00	AbsError: 2.00000e-02
    Region: "gate"	RelError: 3.37766e-04	AbsError: 1.66441e+16
      Equation: "ElectronContinuityEquation"	RelError: 1.66884e-04	AbsError: 1.66441e+16
      Equation: "HoleContinuityEquation"	RelError: 1.66940e-04	AbsError: 1.67384e-04
      Equation: "PotentialEquation"	RelError: 3.94239e-06	AbsError: 4.32088e-06
    Region: "oxide"	RelError: 1.49663e-02	AbsError: 1.40201e-02
      Equation: "PotentialEquation"	RelError: 1.49663e-02	AbsError: 1.40201e-02
Iteration: 1
  Device: "mos2d"	RelError: 3.23155e-01	AbsError: 6.84904e+14
    Region: "bulk"	RelError: 3.23122e-01	AbsError: 6.84904e+14
      Equation: "ElectronContinuityEquation"	RelError: 8.73533e-02	AbsError: 6.28828e+14
      Equation: "HoleContinuityEquation"	RelError: 2.28866e-01	AbsError: 5.60766e+13
      Equation: "PotentialEquation"	RelError: 6.90352e-03	AbsError: 6.34819e-05
    Region: "gate"	RelError: 6.81849e-07	AbsError: 3.22158e+13
      Equation: "ElectronContinuityEquation"	RelError: 3.23016e-07	AbsError: 3.22158e+13
      Equation: "HoleContinuityEquation"	RelError: 3.50875e-07	AbsError: 3.51809e-07
      Equation: "PotentialEquation"	RelError: 7.95847e-09	AbsError: 8.72253e-09
    Region: "oxide"	RelError: 3.15956e-05	AbsError: 2.95971e-05
      Equation: "PotentialEquation"	RelError: 3.15956e-05	AbsError: 2.95971e-05
Iteration: 2
  Device: "mos2d"	RelError: 2.74366e-03	AbsError: 1.17362e+11
    Region: "bulk"	RelError: 2.74365e-03	AbsError: 1.17362e+11
      Equation: "ElectronContinuityEquation"	RelError: 2.60825e-03	AbsError: 9.53117e+10
      Equation: "HoleContinuityEquation"	RelError: 1.34103e-04	AbsError: 2.20503e+10
      Equation: "PotentialEquation"	RelError: 1.30289e-06	AbsError: 1.74111e-08
    Region: "gate"	RelError: 6.20370e-11	AbsError: 3.06316e+09
      Equation: "ElectronContinuityEquation"	RelError: 3.07132e-11	AbsError: 3.06316e+09
      Equation: "HoleContinuityEquation"	RelError: 3.05997e-11	AbsError: 3.06811e-11
      Equation: "PotentialEquation"	RelError: 7.24089e-13	AbsError: 7.93606e-13
    Region: "oxide"	RelError: 3.33321e-09	AbsError: 3.12238e-09
      Equation: "PotentialEquation"	RelError: 3.33321e-09	AbsError: 3.12238e-09
Iteration: 3
  Device: "mos2d"	RelError: 6.13999e-09	AbsError: 8.04875e+03
    Region: "bulk"	RelError: 6.13999e-09	AbsError: 4.55321e+03
      Equation: "ElectronContinuityEquation"	RelError: 4.00467e-09	AbsError: 1.62441e+03
      Equation: "HoleContinuityEquation"	RelError: 2.13516e-09	AbsError: 2.92880e+03
      Equation: "PotentialEquation"	RelError: 1.52871e-13	AbsError: 2.31717e-15
    Region: "gate"	RelError: 4.40759e-16	AbsError: 8.04875e+03
      Equation: "ElectronContinuityEquation"	RelError: 8.04879e-17	AbsError: 8.04875e+03
      Equation: "HoleContinuityEquation"	RelError: 2.58916e-16	AbsError: 2.61387e-16
      Equation: "PotentialEquation"	RelError: 1.01355e-16	AbsError: 1.11093e-16
    Region: "oxide"	RelError: 2.01711e-16	AbsError: 1.12605e-16
      Equation: "PotentialEquation"	RelError: 2.01711e-16	AbsError: 1.12605e-16
Succeeded
IVPOINT	IDVD_VG1P0	5.00000000e-01	5.60000000e-01	1.28510663e-04
drain last end 5.600000e-01 2.000000e+00
number of equations 4409
Iteration: 0
  Device: "mos2d"	RelError: 3.70533e+00	AbsError: 2.38726e+16
    Region: "bulk"	RelError: 3.69031e+00	AbsError: 2.38726e+16
      Equation: "ElectronContinuityEquation"	RelError: 5.09083e-01	AbsError: 2.18943e+16
      Equation: "HoleContinuityEquation"	RelError: 1.23798e+00	AbsError: 1.97839e+15
      Equation: "PotentialEquation"	RelError: 1.94325e+00	AbsError: 2.00000e-02
    Region: "gate"	RelError: 3.36433e-04	AbsError: 1.65812e+16
      Equation: "ElectronContinuityEquation"	RelError: 1.66226e-04	AbsError: 1.65812e+16
      Equation: "HoleContinuityEquation"	RelError: 1.66281e-04	AbsError: 1.66696e-04
      Equation: "PotentialEquation"	RelError: 3.92681e-06	AbsError: 4.30383e-06
    Region: "oxide"	RelError: 1.46862e-02	AbsError: 1.39623e-02
      Equation: "PotentialEquation"	RelError: 1.46862e-02	AbsError: 1.39623e-02
Iteration: 1
  Device: "mos2d"	RelError: 3.14129e-01	AbsError: 5.65910e+14
    Region: "bulk"	RelError: 3.14101e-01	AbsError: 5.65910e+14
      Equation: "ElectronContinuityEquation"	RelError: 8.18059e-02	AbsError: 5.10777e+14
      Equation: "HoleContinuityEquation"	RelError: 2.25998e-01	AbsError: 5.51330e+13
      Equation: "PotentialEquation"	RelError: 6.29733e-03	AbsError: 6.28767e-05
    Region: "gate"	RelError: 5.94701e-07	AbsError: 2.79362e+13
      Equation: "ElectronContinuityEquation"	RelError: 2.80060e-07	AbsError: 2.79362e+13
      Equation: "HoleContinuityEquation"	RelError: 3.07700e-07	AbsError: 3.08468e-07
      Equation: "PotentialEquation"	RelError: 6.94125e-09	AbsError: 7.60769e-09
    Region: "oxide"	RelError: 2.69877e-05	AbsError: 2.56568e-05
      Equation: "PotentialEquation"	RelError: 2.69877e-05	AbsError: 2.56568e-05
Iteration: 2
  Device: "mos2d"	RelError: 2.68482e-03	AbsError: 8.43337e+10
    Region: "bulk"	RelError: 2.68482e-03	AbsError: 8.43337e+10
      Equation: "ElectronContinuityEquation"	RelError: 2.54906e-03	AbsError: 6.30280e+10
      Equation: "HoleContinuityEquation"	RelError: 1.34576e-04	AbsError: 2.13057e+10
      Equation: "PotentialEquation"	RelError: 1.18814e-06	AbsError: 1.71793e-08
    Region: "gate"	RelError: 4.45267e-11	AbsError: 2.19919e+09
      Equation: "ElectronContinuityEquation"	RelError: 2.20468e-11	AbsError: 2.19919e+09
      Equation: "HoleContinuityEquation"	RelError: 2.19601e-11	AbsError: 2.20149e-11
      Equation: "PotentialEquation"	RelError: 5.19777e-13	AbsError: 5.69681e-13
    Region: "oxide"	RelError: 2.32658e-09	AbsError: 2.21184e-09
      Equation: "PotentialEquation"	RelError: 2.32658e-09	AbsError: 2.21184e-09
Iteration: 3
  Device: "mos2d"	RelError: 1.59936e-08	AbsError: 8.05736e+03
    Region: "bulk"	RelError: 1.59936e-08	AbsError: 4.29332e+03
      Equation: "ElectronContinuityEquation"	RelError: 1.03822e-08	AbsError: 1.53368e+03
      Equation: "HoleContinuityEquation"	RelError: 5.61128e-09	AbsError: 2.75964e+03
      Equation: "PotentialEquation"	RelError: 1.34803e-13	AbsError: 2.31102e-15
    Region: "gate"	RelError: 4.00924e-16	AbsError: 8.05736e+03
      Equation: "ElectronContinuityEquation"	RelError: 8.10479e-17	AbsError: 8.05736e+03
      Equation: "HoleContinuityEquation"	RelError: 2.18585e-16	AbsError: 2.18585e-16
      Equation: "PotentialEquation"	RelError: 1.01291e-16	AbsError: 1.11022e-16
    Region: "oxide"	RelError: 2.22355e-16	AbsError: 1.08855e-16
      Equation: "PotentialEquation"	RelError: 2.22355e-16	AbsError: 1.08855e-16
Succeeded
IVPOINT	IDVD_VG1P0	5.00000000e-01	5.80000000e-01	1.31723793e-04
drain last end 5.800000e-01 2.000000e+00
number of equations 4409
Iteration: 0
  Device: "mos2d"	RelError: 4.66077e+00	AbsError: 2.39966e+16
    Region: "bulk"	RelError: 4.64601e+00	AbsError: 2.39966e+16
      Equation: "ElectronContinuityEquation"	RelError: 4.60793e-01	AbsError: 2.20192e+16
      Equation: "HoleContinuityEquation"	RelError: 1.21419e+00	AbsError: 1.97745e+15
      Equation: "PotentialEquation"	RelError: 2.97103e+00	AbsError: 2.00000e-02
    Region: "gate"	RelError: 3.35270e-04	AbsError: 1.65266e+16
      Equation: "ElectronContinuityEquation"	RelError: 1.65651e-04	AbsError: 1.65266e+16
      Equation: "HoleContinuityEquation"	RelError: 1.65706e-04	AbsError: 1.66092e-04
      Equation: "PotentialEquation"	RelError: 3.91322e-06	AbsError: 4.28895e-06
    Region: "oxide"	RelError: 1.44228e-02	AbsError: 1.39122e-02
      Equation: "PotentialEquation"	RelError: 1.44228e-02	AbsError: 1.39122e-02
Iteration: 1
  Device: "mos2d"	RelError: 3.05282e-01	AbsError: 5.03331e+14
    Region: "bulk"	RelError: 3.05259e-01	AbsError: 5.03331e+14
      Equation: "ElectronContinuityEquation"	RelError: 7.46674e-02	AbsError: 4.49820e+14
      Equation: "HoleContinuityEquation"	RelError: 2.21034e-01	AbsError: 5.35110e+13
      Equation: "PotentialEquation"	RelError: 9.55671e-03	AbsError: 6.18731e-05
    Region: "gate"	RelError: 5.20998e-07	AbsError: 2.43167e+13
      Equation: "ElectronContinuityEquation"	RelError: 2.43734e-07	AbsError: 2.43167e+13
      Equation: "HoleContinuityEquation"	RelError: 2.71183e-07	AbsError: 2.71815e-07
      Equation: "PotentialEquation"	RelError: 6.08098e-09	AbsError: 6.66485e-09
    Region: "oxide"	RelError: 2.31344e-05	AbsError: 2.23149e-05
      Equation: "PotentialEquation"	RelError: 2.31344e-05	AbsError: 2.23149e-05
Iteration: 2
  Device: "mos2d"	RelError: 2.38825e-03	AbsError: 7.92457e+10
    Region: "bulk"	RelError: 2.38825e-03	AbsError: 7.92457e+10
      Equation: "ElectronContinuityEquation"	RelError: 2.25319e-03	AbsError: 5.92219e+10
      Equation: "HoleContinuityEquation"	RelError: 1.33107e-04	AbsError: 2.00238e+10
      Equation: "PotentialEquation"	RelError: 1.94836e-06	AbsError: 1.65523e-08
    Region: "gate"	RelError: 3.26852e-11	AbsError: 1.61474e+09
      Equation: "ElectronContinuityEquation"	RelError: 1.61850e-11	AbsError: 1.61474e+09
      Equation: "HoleContinuityEquation"	RelError: 1.61187e-11	AbsError: 1.61563e-11
      Equation: "PotentialEquation"	RelError: 3.81466e-13	AbsError: 4.18092e-13
    Region: "oxide"	RelError: 1.65839e-09	AbsError: 1.59964e-09
      Equation: "PotentialEquation"	RelError: 1.65839e-09	AbsError: 1.59964e-09
Iteration: 3
  Device: "mos2d"	RelError: 1.72760e-08	AbsError: 8.17029e+03
    Region: "bulk"	RelError: 1.72760e-08	AbsError: 3.67938e+03
      Equation: "ElectronContinuityEquation"	RelError: 1.12963e-08	AbsError: 1.05462e+03
      Equation: "HoleContinuityEquation"	RelError: 5.97940e-09	AbsError: 2.62476e+03
      Equation: "PotentialEquation"	RelError: 2.31592e-13	AbsError: 2.22790e-15
    Region: "gate"	RelError: 4.10241e-16	AbsError: 8.17029e+03
      Equation: "ElectronContinuityEquation"	RelError: 8.17029e-17	AbsError: 8.17029e+03
      Equation: "HoleContinuityEquation"	RelError: 2.27207e-16	AbsError: 2.29827e-16
      Equation: "PotentialEquation"	RelError: 1.01331e-16	AbsError: 1.11066e-16
    Region: "oxide"	RelError: 1.62247e-16	AbsError: 1.10909e-16
      Equation: "PotentialEquation"	RelError: 1.62247e-16	AbsError: 1.10909e-16
Succeeded
IVPOINT	IDVD_VG1P0	5.00000000e-01	6.00000000e-01	1.34987322e-04
drain last end 6.000000e-01 2.000000e+00
number of equations 4409
Iteration: 0
  Device: "mos2d"	RelError: 3.15243e+00	AbsError: 2.41277e+16
    Region: "bulk"	RelError: 3.13792e+00	AbsError: 2.41277e+16
      Equation: "ElectronContinuityEquation"	RelError: 4.48041e-01	AbsError: 2.21358e+16
      Equation: "HoleContinuityEquation"	RelError: 1.19444e+00	AbsError: 1.99184e+15
      Equation: "PotentialEquation"	RelError: 1.49543e+00	AbsError: 2.00000e-02
    Region: "gate"	RelError: 3.34250e-04	AbsError: 1.64790e+16
      Equation: "ElectronContinuityEquation"	RelError: 1.65147e-04	AbsError: 1.64790e+16
      Equation: "HoleContinuityEquation"	RelError: 1.65202e-04	AbsError: 1.65559e-04
      Equation: "PotentialEquation"	RelError: 3.90130e-06	AbsError: 4.27590e-06
    Region: "oxide"	RelError: 1.41741e-02	AbsError: 1.38685e-02
      Equation: "PotentialEquation"	RelError: 1.41741e-02	AbsError: 1.38685e-02
Iteration: 1
  Device: "mos2d"	RelError: 2.86758e-01	AbsError: 4.87104e+14
    Region: "bulk"	RelError: 2.86738e-01	AbsError: 4.87104e+14
      Equation: "ElectronContinuityEquation"	RelError: 6.59508e-02	AbsError: 4.35810e+14
      Equation: "HoleContinuityEquation"	RelError: 2.16206e-01	AbsError: 5.12938e+13
      Equation: "PotentialEquation"	RelError: 4.58050e-03	AbsError: 6.05050e-05
    Region: "gate"	RelError: 4.58882e-07	AbsError: 2.12661e+13
      Equation: "ElectronContinuityEquation"	RelError: 2.13122e-07	AbsError: 2.12661e+13
      Equation: "HoleContinuityEquation"	RelError: 2.40404e-07	AbsError: 2.40925e-07
      Equation: "PotentialEquation"	RelError: 5.35595e-09	AbsError: 5.87022e-09
    Region: "oxide"	RelError: 1.99233e-05	AbsError: 1.94934e-05
      Equation: "PotentialEquation"	RelError: 1.99233e-05	AbsError: 1.94934e-05
Iteration: 2
  Device: "mos2d"	RelError: 1.93627e-03	AbsError: 7.27394e+10
    Region: "bulk"	RelError: 1.93627e-03	AbsError: 7.27394e+10
      Equation: "ElectronContinuityEquation"	RelError: 1.80509e-03	AbsError: 5.44211e+10
      Equation: "HoleContinuityEquation"	RelError: 1.30287e-04	AbsError: 1.83183e+10
      Equation: "PotentialEquation"	RelError: 8.96146e-07	AbsError: 1.55783e-08
    Region: "gate"	RelError: 2.46976e-11	AbsError: 1.22039e+09
      Equation: "ElectronContinuityEquation"	RelError: 1.22304e-11	AbsError: 1.22039e+09
      Equation: "HoleContinuityEquation"	RelError: 1.21789e-11	AbsError: 1.22053e-11
      Equation: "PotentialEquation"	RelError: 2.88266e-13	AbsError: 3.15945e-13
    Region: "oxide"	RelError: 1.21624e-09	AbsError: 1.18999e-09
      Equation: "PotentialEquation"	RelError: 1.21624e-09	AbsError: 1.18999e-09
Iteration: 3
  Device: "mos2d"	RelError: 1.75273e-08	AbsError: 7.77941e+03
    Region: "bulk"	RelError: 1.75273e-08	AbsError: 3.66310e+03
      Equation: "ElectronContinuityEquation"	RelError: 1.16287e-08	AbsError: 1.28858e+03
      Equation: "HoleContinuityEquation"	RelError: 5.89846e-09	AbsError: 2.37452e+03
      Equation: "PotentialEquation"	RelError: 1.00203e-13	AbsError: 1.98768e-15
    Region: "gate"	RelError: 4.36818e-16	AbsError: 7.77941e+03
      Equation: "ElectronContinuityEquation"	RelError: 7.77944e-17	AbsError: 7.77941e+03
      Equation: "HoleContinuityEquation"	RelError: 2.55464e-16	AbsError: 2.57628e-16
      Equation: "PotentialEquation"	RelError: 1.03559e-16	AbsError: 1.13488e-16
    Region: "oxide"	RelError: 1.54820e-16	AbsError: 1.13488e-16
      Equation: "PotentialEquation"	RelError: 1.54820e-16	AbsError: 1.13488e-16
Succeeded
IVPOINT	IDVD_VG1P0	5.00000000e-01	6.20000000e-01	1.38302448e-04
drain last end 6.200000e-01 2.000000e+00
number of equations 4409
Iteration: 0
  Device: "mos2d"	RelError: 2.47039e+00	AbsError: 2.42465e+16
    Region: "bulk"	RelError: 2.45612e+00	AbsError: 2.42465e+16
      Equation: "ElectronContinuityEquation"	RelError: 4.36288e-01	AbsError: 2.22450e+16
      Equation: "HoleContinuityEquation"	RelError: 1.17612e+00	AbsError: 2.00147e+15
      Equation: "PotentialEquation"	RelError: 8.43718e-01	AbsError: 2.00000e-02
    Region: "gate"	RelError: 3.33351e-04	AbsError: 1.64374e+16
      Equation: "ElectronContinuityEquation"	RelError: 1.64703e-04	AbsError: 1.64374e+16
      Equation: "HoleContinuityEquation"	RelError: 1.64757e-04	AbsError: 1.65087e-04
      Equation: "PotentialEquation"	RelError: 3.89079e-06	AbsError: 4.26439e-06
    Region: "oxide"	RelError: 1.39384e-02	AbsError: 1.38304e-02
      Equation: "PotentialEquation"	RelError: 1.39384e-02	AbsError: 1.38304e-02
Iteration: 1
  Device: "mos2d"	RelError: 2.77105e-01	AbsError: 4.68206e+14
    Region: "bulk"	RelError: 2.77088e-01	AbsError: 4.68206e+14
      Equation: "ElectronContinuityEquation"	RelError: 6.05210e-02	AbsError: 4.19083e+14
      Equation: "HoleContinuityEquation"	RelError: 2.13657e-01	AbsError: 4.91234e+13
      Equation: "PotentialEquation"	RelError: 2.90973e-03	AbsError: 5.88234e-05
    Region: "gate"	RelError: 4.06615e-07	AbsError: 1.86993e+13
      Equation: "ElectronContinuityEquation"	RelError: 1.87367e-07	AbsError: 1.86993e+13
      Equation: "HoleContinuityEquation"	RelError: 2.14503e-07	AbsError: 2.14932e-07
      Equation: "PotentialEquation"	RelError: 4.74588e-09	AbsError: 5.20160e-09
    Region: "oxide"	RelError: 1.72513e-05	AbsError: 1.71174e-05
      Equation: "PotentialEquation"	RelError: 1.72513e-05	AbsError: 1.71174e-05
Iteration: 2
  Device: "mos2d"	RelError: 1.44468e-03	AbsError: 6.59433e+10
    Region: "bulk"	RelError: 1.44468e-03	AbsError: 6.59433e+10
      Equation: "ElectronContinuityEquation"	RelError: 1.31768e-03	AbsError: 4.91512e+10
      Equation: "HoleContinuityEquation"	RelError: 1.26451e-04	AbsError: 1.67921e+10
      Equation: "PotentialEquation"	RelError: 5.46156e-07	AbsError: 1.43330e-08
    Region: "gate"	RelError: 1.92830e-11	AbsError: 9.53002e+08
      Equation: "ElectronContinuityEquation"	RelError: 9.54909e-12	AbsError: 9.53002e+08
      Equation: "HoleContinuityEquation"	RelError: 9.50878e-12	AbsError: 9.52780e-12
      Equation: "PotentialEquation"	RelError: 2.25098e-13	AbsError: 2.46712e-13
    Region: "oxide"	RelError: 9.22312e-10	AbsError: 9.15151e-10
      Equation: "PotentialEquation"	RelError: 9.22312e-10	AbsError: 9.15151e-10
Iteration: 3
  Device: "mos2d"	RelError: 1.55500e-08	AbsError: 8.09261e+03
    Region: "bulk"	RelError: 1.55500e-08	AbsError: 3.12224e+03
      Equation: "ElectronContinuityEquation"	RelError: 1.05126e-08	AbsError: 1.09681e+03
      Equation: "HoleContinuityEquation"	RelError: 5.03732e-09	AbsError: 2.02544e+03
      Equation: "PotentialEquation"	RelError: 6.43499e-14	AbsError: 1.74985e-15
    Region: "gate"	RelError: 4.03047e-16	AbsError: 8.09261e+03
      Equation: "ElectronContinuityEquation"	RelError: 8.09261e-17	AbsError: 8.09261e+03
      Equation: "HoleContinuityEquation"	RelError: 2.20820e-16	AbsError: 2.22049e-16
      Equation: "PotentialEquation"	RelError: 1.01301e-16	AbsError: 1.11033e-16
    Region: "oxide"	RelError: 1.21904e-16	AbsError: 1.06717e-16
      Equation: "PotentialEquation"	RelError: 1.21904e-16	AbsError: 1.06717e-16
Succeeded
IVPOINT	IDVD_VG1P0	5.00000000e-01	6.40000000e-01	1.41670344e-04
drain last end 6.400000e-01 2.000000e+00
number of equations 4409
Iteration: 0
  Device: "mos2d"	RelError: 7.35401e+00	AbsError: 2.43655e+16
    Region: "bulk"	RelError: 7.33996e+00	AbsError: 2.43655e+16
      Equation: "ElectronContinuityEquation"	RelError: 4.29794e-01	AbsError: 2.23476e+16
      Equation: "HoleContinuityEquation"	RelError: 1.15566e+00	AbsError: 2.01789e+15
      Equation: "PotentialEquation"	RelError: 5.75452e+00	AbsError: 2.00000e-02
    Region: "gate"	RelError: 3.32553e-04	AbsError: 1.64008e+16
      Equation: "ElectronContinuityEquation"	RelError: 1.64309e-04	AbsError: 1.64008e+16
      Equation: "HoleContinuityEquation"	RelError: 1.64363e-04	AbsError: 1.64664e-04
      Equation: "PotentialEquation"	RelError: 3.88146e-06	AbsError: 4.25419e-06
    Region: "oxide"	RelError: 1.37141e-02	AbsError: 1.37969e-02
      Equation: "PotentialEquation"	RelError: 1.37141e-02	AbsError: 1.37969e-02
Iteration: 1
  Device: "mos2d"	RelError: 2.85943e-01	AbsError: 4.49665e+14
    Region: "bulk"	RelError: 2.85928e-01	AbsError: 4.49665e+14
      Equation: "ElectronContinuityEquation"	RelError: 5.77549e-02	AbsError: 4.00353e+14
      Equation: "HoleContinuityEquation"	RelError: 2.08971e-01	AbsError: 4.93122e+13
      Equation: "PotentialEquation"	RelError: 1.92023e-02	AbsError: 5.68924e-05
    Region: "gate"	RelError: 3.62639e-07	AbsError: 1.65396e+13
      Equation: "ElectronContinuityEquation"	RelError: 1.65700e-07	AbsError: 1.65396e+13
      Equation: "HoleContinuityEquation"	RelError: 1.92706e-07	AbsError: 1.93060e-07
      Equation: "PotentialEquation"	RelError: 4.23258e-09	AbsError: 4.63903e-09
    Region: "oxide"	RelError: 1.50277e-05	AbsError: 1.51181e-05
      Equation: "PotentialEquation"	RelError: 1.50277e-05	AbsError: 1.51181e-05
Iteration: 2
  Device: "mos2d"	RelError: 1.10124e-03	AbsError: 5.94615e+10
    Region: "bulk"	RelError: 1.10124e-03	AbsError: 5.94615e+10
      Equation: "ElectronContinuityEquation"	RelError: 9.76111e-04	AbsError: 4.37758e+10
      Equation: "HoleContinuityEquation"	RelError: 1.21783e-04	AbsError: 1.56857e+10
      Equation: "PotentialEquation"	RelError: 3.34283e-06	AbsError: 1.29094e-08
    Region: "gate"	RelError: 1.55656e-11	AbsError: 7.69377e+08
      Equation: "ElectronContinuityEquation"	RelError: 7.70790e-12	AbsError: 7.69377e+08
      Equation: "HoleContinuityEquation"	RelError: 7.67595e-12	AbsError: 7.69004e-12
      Equation: "PotentialEquation"	RelError: 1.81736e-13	AbsError: 1.99187e-13
    Region: "oxide"	RelError: 7.24450e-10	AbsError: 7.28810e-10
      Equation: "PotentialEquation"	RelError: 7.24450e-10	AbsError: 7.28810e-10
Iteration: 3
  Device: "mos2d"	RelError: 5.96338e-09	AbsError: 8.16813e+03
    Region: "bulk"	RelError: 5.96338e-09	AbsError: 2.68811e+03
      Equation: "ElectronContinuityEquation"	RelError: 4.11615e-09	AbsError: 1.05178e+03
      Equation: "HoleContinuityEquation"	RelError: 1.84692e-09	AbsError: 1.63633e+03
      Equation: "PotentialEquation"	RelError: 3.13065e-13	AbsError: 1.35950e-15
    Region: "gate"	RelError: 3.51013e-16	AbsError: 8.16813e+03
      Equation: "ElectronContinuityEquation"	RelError: 8.16813e-17	AbsError: 8.16813e+03
      Equation: "HoleContinuityEquation"	RelError: 1.68006e-16	AbsError: 1.69236e-16
      Equation: "PotentialEquation"	RelError: 1.01325e-16	AbsError: 1.11060e-16
    Region: "oxide"	RelError: 1.87078e-16	AbsError: 1.08490e-16
      Equation: "PotentialEquation"	RelError: 1.87078e-16	AbsError: 1.08490e-16
Succeeded
IVPOINT	IDVD_VG1P0	5.00000000e-01	6.60000000e-01	1.45092168e-04
drain last end 6.600000e-01 2.000000e+00
number of equations 4409
Iteration: 0
  Device: "mos2d"	RelError: 3.79366e+00	AbsError: 2.44750e+16
    Region: "bulk"	RelError: 3.77983e+00	AbsError: 2.44750e+16
      Equation: "ElectronContinuityEquation"	RelError: 4.27148e-01	AbsError: 2.24442e+16
      Equation: "HoleContinuityEquation"	RelError: 1.13862e+00	AbsError: 2.03071e+15
      Equation: "PotentialEquation"	RelError: 2.21406e+00	AbsError: 2.00000e-02
    Region: "gate"	RelError: 3.31841e-04	AbsError: 1.63683e+16
      Equation: "ElectronContinuityEquation"	RelError: 1.63957e-04	AbsError: 1.63683e+16
      Equation: "HoleContinuityEquation"	RelError: 1.64011e-04	AbsError: 1.64285e-04
      Equation: "PotentialEquation"	RelError: 3.87314e-06	AbsError: 4.24508e-06
    Region: "oxide"	RelError: 1.35001e-02	AbsError: 1.37672e-02
      Equation: "PotentialEquation"	RelError: 1.35001e-02	AbsError: 1.37672e-02
Iteration: 1
  Device: "mos2d"	RelError: 2.67602e-01	AbsError: 4.29183e+14
    Region: "bulk"	RelError: 2.67588e-01	AbsError: 4.29183e+14
      Equation: "ElectronContinuityEquation"	RelError: 5.58834e-02	AbsError: 3.80240e+14
      Equation: "HoleContinuityEquation"	RelError: 2.06188e-01	AbsError: 4.89431e+13
      Equation: "PotentialEquation"	RelError: 5.51693e-03	AbsError: 5.48414e-05
    Region: "gate"	RelError: 3.25587e-07	AbsError: 1.47202e+13
      Equation: "ElectronContinuityEquation"	RelError: 1.47448e-07	AbsError: 1.47202e+13
      Equation: "HoleContinuityEquation"	RelError: 1.74339e-07	AbsError: 1.74630e-07
      Equation: "PotentialEquation"	RelError: 3.80011e-09	AbsError: 4.16504e-09
    Region: "oxide"	RelError: 1.31741e-05	AbsError: 1.34345e-05
      Equation: "PotentialEquation"	RelError: 1.31741e-05	AbsError: 1.34345e-05
Iteration: 2
  Device: "mos2d"	RelError: 1.35883e-03	AbsError: 5.41910e+10
    Region: "bulk"	RelError: 1.35883e-03	AbsError: 5.41910e+10
      Equation: "ElectronContinuityEquation"	RelError: 1.24164e-03	AbsError: 3.85366e+10
      Equation: "HoleContinuityEquation"	RelError: 1.16397e-04	AbsError: 1.56544e+10
      Equation: "PotentialEquation"	RelError: 7.91473e-07	AbsError: 1.14070e-08
    Region: "gate"	RelError: 1.29631e-11	AbsError: 6.40799e+08
      Equation: "ElectronContinuityEquation"	RelError: 6.41871e-12	AbsError: 6.40799e+08
      Equation: "HoleContinuityEquation"	RelError: 6.39309e-12	AbsError: 6.40378e-12
      Equation: "PotentialEquation"	RelError: 1.51326e-13	AbsError: 1.65858e-13
    Region: "oxide"	RelError: 5.88515e-10	AbsError: 6.00150e-10
      Equation: "PotentialEquation"	RelError: 5.88515e-10	AbsError: 6.00150e-10
Iteration: 3
  Device: "mos2d"	RelError: 1.60414e-08	AbsError: 8.10674e+03
    Region: "bulk"	RelError: 1.60414e-08	AbsError: 2.91946e+03
      Equation: "ElectronContinuityEquation"	RelError: 1.13189e-08	AbsError: 1.46848e+03
      Equation: "HoleContinuityEquation"	RelError: 4.72249e-09	AbsError: 1.45098e+03
      Equation: "PotentialEquation"	RelError: 4.89997e-14	AbsError: 1.07396e-15
    Region: "gate"	RelError: 3.67451e-16	AbsError: 8.10674e+03
      Equation: "ElectronContinuityEquation"	RelError: 8.10674e-17	AbsError: 8.10674e+03
      Equation: "HoleContinuityEquation"	RelError: 1.85093e-16	AbsError: 1.86988e-16
      Equation: "PotentialEquation"	RelError: 1.01291e-16	AbsError: 1.11022e-16
    Region: "oxide"	RelError: 1.64527e-16	AbsError: 9.98245e-17
      Equation: "PotentialEquation"	RelError: 1.64527e-16	AbsError: 9.98245e-17
Succeeded
IVPOINT	IDVD_VG1P0	5.00000000e-01	6.80000000e-01	1.48569061e-04
drain last end 6.800000e-01 2.000000e+00
number of equations 4409
Iteration: 0
  Device: "mos2d"	RelError: 2.27330e+00	AbsError: 2.45736e+16
    Region: "bulk"	RelError: 2.25968e+00	AbsError: 2.45736e+16
      Equation: "ElectronContinuityEquation"	RelError: 4.23410e-01	AbsError: 2.25356e+16
      Equation: "HoleContinuityEquation"	RelError: 1.11222e+00	AbsError: 2.03797e+15
      Equation: "PotentialEquation"	RelError: 7.24049e-01	AbsError: 2.00000e-02
    Region: "gate"	RelError: 3.31200e-04	AbsError: 1.63394e+16
      Equation: "ElectronContinuityEquation"	RelError: 1.63641e-04	AbsError: 1.63394e+16
      Equation: "HoleContinuityEquation"	RelError: 1.63694e-04	AbsError: 1.63941e-04
      Equation: "PotentialEquation"	RelError: 3.86565e-06	AbsError: 4.23689e-06
    Region: "oxide"	RelError: 1.32953e-02	AbsError: 1.37409e-02
      Equation: "PotentialEquation"	RelError: 1.32953e-02	AbsError: 1.37409e-02
Iteration: 1
  Device: "mos2d"	RelError: 2.58919e-01	AbsError: 4.07310e+14
    Region: "bulk"	RelError: 2.58907e-01	AbsError: 4.07310e+14
      Equation: "ElectronContinuityEquation"	RelError: 5.52243e-02	AbsError: 3.59268e+14
      Equation: "HoleContinuityEquation"	RelError: 2.01840e-01	AbsError: 4.80423e+13
      Equation: "PotentialEquation"	RelError: 1.84369e-03	AbsError: 5.41761e-05
    Region: "gate"	RelError: 2.94289e-07	AbsError: 1.31835e+13
      Equation: "ElectronContinuityEquation"	RelError: 1.32034e-07	AbsError: 1.31835e+13
      Equation: "HoleContinuityEquation"	RelError: 1.58820e-07	AbsError: 1.59060e-07
      Equation: "PotentialEquation"	RelError: 3.43480e-09	AbsError: 3.76466e-09
    Region: "oxide"	RelError: 1.16245e-05	AbsError: 1.20139e-05
      Equation: "PotentialEquation"	RelError: 1.16245e-05	AbsError: 1.20139e-05
Iteration: 2
  Device: "mos2d"	RelError: 1.63121e-03	AbsError: 4.87953e+10
    Region: "bulk"	RelError: 1.63121e-03	AbsError: 4.87953e+10
      Equation: "ElectronContinuityEquation"	RelError: 1.52057e-03	AbsError: 3.35868e+10
      Equation: "HoleContinuityEquation"	RelError: 1.10385e-04	AbsError: 1.52085e+10
      Equation: "PotentialEquation"	RelError: 2.56562e-07	AbsError: 1.06171e-08
    Region: "gate"	RelError: 1.10941e-11	AbsError: 5.48464e+08
      Equation: "ElectronContinuityEquation"	RelError: 5.49291e-12	AbsError: 5.48464e+08
      Equation: "HoleContinuityEquation"	RelError: 5.47164e-12	AbsError: 5.47989e-12
      Equation: "PotentialEquation"	RelError: 1.29583e-13	AbsError: 1.42027e-13
    Region: "oxide"	RelError: 4.92580e-10	AbsError: 5.09081e-10
      Equation: "PotentialEquation"	RelError: 4.92580e-10	AbsError: 5.09081e-10
Iteration: 3
  Device: "mos2d"	RelError: 9.47836e-09	AbsError: 8.16239e+03
    Region: "bulk"	RelError: 9.47836e-09	AbsError: 2.80730e+03
      Equation: "ElectronContinuityEquation"	RelError: 6.83984e-09	AbsError: 1.41686e+03
      Equation: "HoleContinuityEquation"	RelError: 2.63848e-09	AbsError: 1.39044e+03
      Equation: "PotentialEquation"	RelError: 3.83868e-14	AbsError: 9.83012e-16
    Region: "gate"	RelError: 3.66089e-16	AbsError: 8.16239e+03
      Equation: "ElectronContinuityEquation"	RelError: 8.18776e-17	AbsError: 8.16239e+03
      Equation: "HoleContinuityEquation"	RelError: 1.82920e-16	AbsError: 1.84792e-16
      Equation: "PotentialEquation"	RelError: 1.01291e-16	AbsError: 1.11023e-16
    Region: "oxide"	RelError: 1.23959e-16	AbsError: 1.10495e-16
      Equation: "PotentialEquation"	RelError: 1.23959e-16	AbsError: 1.10495e-16
Succeeded
IVPOINT	IDVD_VG1P0	5.00000000e-01	7.00000000e-01	1.52102150e-04
drain last end 7.000000e-01 2.000000e+00
number of equations 4409
Iteration: 0
  Device: "mos2d"	RelError: 4.22349e+00	AbsError: 2.46618e+16
    Region: "bulk"	RelError: 4.21006e+00	AbsError: 2.46618e+16
      Equation: "ElectronContinuityEquation"	RelError: 4.18193e-01	AbsError: 2.26223e+16
      Equation: "HoleContinuityEquation"	RelError: 1.10075e+00	AbsError: 2.03949e+15
      Equation: "PotentialEquation"	RelError: 2.69112e+00	AbsError: 2.00000e-02
    Region: "gate"	RelError: 3.30621e-04	AbsError: 1.63135e+16
      Equation: "ElectronContinuityEquation"	RelError: 1.63354e-04	AbsError: 1.63135e+16
      Equation: "HoleContinuityEquation"	RelError: 1.63408e-04	AbsError: 1.63628e-04
      Equation: "PotentialEquation"	RelError: 3.85887e-06	AbsError: 4.22948e-06
    Region: "oxide"	RelError: 1.30988e-02	AbsError: 1.37173e-02
      Equation: "PotentialEquation"	RelError: 1.30988e-02	AbsError: 1.37173e-02
Iteration: 1
  Device: "mos2d"	RelError: 2.58933e-01	AbsError: 3.84531e+14
    Region: "bulk"	RelError: 2.58923e-01	AbsError: 3.84531e+14
      Equation: "ElectronContinuityEquation"	RelError: 5.46548e-02	AbsError: 3.37878e+14
      Equation: "HoleContinuityEquation"	RelError: 1.97332e-01	AbsError: 4.66533e+13
      Equation: "PotentialEquation"	RelError: 6.93622e-03	AbsError: 5.33109e-05
    Region: "gate"	RelError: 2.67754e-07	AbsError: 1.18808e+13
      Equation: "ElectronContinuityEquation"	RelError: 1.18968e-07	AbsError: 1.18808e+13
      Equation: "HoleContinuityEquation"	RelError: 1.45661e-07	AbsError: 1.45857e-07
      Equation: "PotentialEquation"	RelError: 3.12508e-09	AbsError: 3.42522e-09
    Region: "oxide"	RelError: 1.03239e-05	AbsError: 1.08112e-05
      Equation: "PotentialEquation"	RelError: 1.03239e-05	AbsError: 1.08112e-05
Iteration: 2
  Device: "mos2d"	RelError: 1.89159e-03	AbsError: 4.34140e+10
    Region: "bulk"	RelError: 1.89159e-03	AbsError: 4.34140e+10
      Equation: "ElectronContinuityEquation"	RelError: 1.77903e-03	AbsError: 2.90159e+10
      Equation: "HoleContinuityEquation"	RelError: 1.12057e-04	AbsError: 1.43982e+10
      Equation: "PotentialEquation"	RelError: 4.98364e-07	AbsError: 9.99476e-09
    Region: "gate"	RelError: 9.71422e-12	AbsError: 4.80273e+08
      Equation: "ElectronContinuityEquation"	RelError: 4.80919e-12	AbsError: 4.80273e+08
      Equation: "HoleContinuityEquation"	RelError: 4.79154e-12	AbsError: 4.79798e-12
      Equation: "PotentialEquation"	RelError: 1.13490e-13	AbsError: 1.24390e-13
    Region: "oxide"	RelError: 4.22750e-10	AbsError: 4.42707e-10
      Equation: "PotentialEquation"	RelError: 4.22750e-10	AbsError: 4.42707e-10
Iteration: 3
  Device: "mos2d"	RelError: 2.01489e-08	AbsError: 8.14327e+03
    Region: "bulk"	RelError: 2.01489e-08	AbsError: 2.73506e+03
      Equation: "ElectronContinuityEquation"	RelError: 1.48711e-08	AbsError: 1.46701e+03
      Equation: "HoleContinuityEquation"	RelError: 5.27764e-09	AbsError: 1.26805e+03
      Equation: "PotentialEquation"	RelError: 1.80073e-13	AbsError: 8.82774e-16
    Region: "gate"	RelError: 3.57074e-16	AbsError: 8.14327e+03
      Equation: "ElectronContinuityEquation"	RelError: 8.14327e-17	AbsError: 8.14327e+03
      Equation: "HoleContinuityEquation"	RelError: 1.74350e-16	AbsError: 1.75986e-16
      Equation: "PotentialEquation"	RelError: 1.01291e-16	AbsError: 1.11022e-16
    Region: "oxide"	RelError: 2.44270e-16	AbsError: 1.28699e-16
      Equation: "PotentialEquation"	RelError: 2.44270e-16	AbsError: 1.28699e-16
Succeeded
IVPOINT	IDVD_VG1P0	5.00000000e-01	7.20000000e-01	1.55692548e-04
drain last end 7.200000e-01 2.000000e+00
number of equations 4409
Iteration: 0
  Device: "mos2d"	RelError: 3.08967e+00	AbsError: 2.47399e+16
    Region: "bulk"	RelError: 3.07643e+00	AbsError: 2.47399e+16
      Equation: "ElectronContinuityEquation"	RelError: 4.10974e-01	AbsError: 2.27048e+16
      Equation: "HoleContinuityEquation"	RelError: 1.08530e+00	AbsError: 2.03515e+15
      Equation: "PotentialEquation"	RelError: 1.58015e+00	AbsError: 2.00000e-02
    Region: "gate"	RelError: 3.30094e-04	AbsError: 1.62901e+16
      Equation: "ElectronContinuityEquation"	RelError: 1.63094e-04	AbsError: 1.62901e+16
      Equation: "HoleContinuityEquation"	RelError: 1.63147e-04	AbsError: 1.63340e-04
      Equation: "PotentialEquation"	RelError: 3.85270e-06	AbsError: 4.22273e-06
    Region: "oxide"	RelError: 1.29098e-02	AbsError: 1.36960e-02
      Equation: "PotentialEquation"	RelError: 1.29098e-02	AbsError: 1.36960e-02
Iteration: 1
  Device: "mos2d"	RelError: 2.53341e-01	AbsError: 3.61266e+14
    Region: "bulk"	RelError: 2.53332e-01	AbsError: 3.61266e+14
      Equation: "ElectronContinuityEquation"	RelError: 5.38697e-02	AbsError: 3.16432e+14
      Equation: "HoleContinuityEquation"	RelError: 1.95412e-01	AbsError: 4.48346e+13
      Equation: "PotentialEquation"	RelError: 4.04971e-03	AbsError: 5.22836e-05
    Region: "gate"	RelError: 2.45155e-07	AbsError: 1.07715e+13
      Equation: "ElectronContinuityEquation"	RelError: 1.07843e-07	AbsError: 1.07715e+13
      Equation: "HoleContinuityEquation"	RelError: 1.34451e-07	AbsError: 1.34610e-07
      Equation: "PotentialEquation"	RelError: 2.86130e-09	AbsError: 3.13612e-09
    Region: "oxide"	RelError: 9.22688e-06	AbsError: 9.78874e-06
      Equation: "PotentialEquation"	RelError: 9.22688e-06	AbsError: 9.78874e-06
Iteration: 2
  Device: "mos2d"	RelError: 2.10527e-03	AbsError: 3.81633e+10
    Region: "bulk"	RelError: 2.10527e-03	AbsError: 3.81633e+10
      Equation: "ElectronContinuityEquation"	RelError: 1.97326e-03	AbsError: 2.48687e+10
      Equation: "HoleContinuityEquation"	RelError: 1.31741e-04	AbsError: 1.32946e+10
      Equation: "PotentialEquation"	RelError: 2.68748e-07	AbsError: 9.24530e-09
    Region: "gate"	RelError: 8.66644e-12	AbsError: 4.28488e+08
      Equation: "ElectronContinuityEquation"	RelError: 4.28994e-12	AbsError: 4.28488e+08
      Equation: "HoleContinuityEquation"	RelError: 4.27524e-12	AbsError: 4.28030e-12
      Equation: "PotentialEquation"	RelError: 1.01252e-13	AbsError: 1.10976e-13
    Region: "oxide"	RelError: 3.70285e-10	AbsError: 3.92833e-10
      Equation: "PotentialEquation"	RelError: 3.70285e-10	AbsError: 3.92833e-10
Iteration: 3
  Device: "mos2d"	RelError: 4.89592e-08	AbsError: 8.03112e+03
    Region: "bulk"	RelError: 4.89592e-08	AbsError: 2.19826e+03
      Equation: "ElectronContinuityEquation"	RelError: 3.69488e-08	AbsError: 1.10757e+03
      Equation: "HoleContinuityEquation"	RelError: 1.20104e-08	AbsError: 1.09070e+03
      Equation: "PotentialEquation"	RelError: 5.52480e-14	AbsError: 7.08354e-16
    Region: "gate"	RelError: 3.89887e-16	AbsError: 8.03112e+03
      Equation: "ElectronContinuityEquation"	RelError: 8.03112e-17	AbsError: 8.03112e+03
      Equation: "HoleContinuityEquation"	RelError: 2.08268e-16	AbsError: 2.10078e-16
      Equation: "PotentialEquation"	RelError: 1.01308e-16	AbsError: 1.11022e-16
    Region: "oxide"	RelError: 1.55420e-16	AbsError: 1.17027e-16
      Equation: "PotentialEquation"	RelError: 1.55420e-16	AbsError: 1.17027e-16
Succeeded
IVPOINT	IDVD_VG1P0	5.00000000e-01	7.40000000e-01	1.59341365e-04
drain last end 7.400000e-01 2.000000e+00
number of equations 4409
Iteration: 0
  Device: "mos2d"	RelError: 2.33203e+00	AbsError: 2.48084e+16
    Region: "bulk"	RelError: 2.31898e+00	AbsError: 2.48084e+16
      Equation: "ElectronContinuityEquation"	RelError: 4.01069e-01	AbsError: 2.27835e+16
      Equation: "HoleContinuityEquation"	RelError: 1.06186e+00	AbsError: 2.02489e+15
      Equation: "PotentialEquation"	RelError: 8.56052e-01	AbsError: 2.00000e-02
    Region: "gate"	RelError: 3.29610e-04	AbsError: 1.62689e+16
      Equation: "ElectronContinuityEquation"	RelError: 1.62855e-04	AbsError: 1.62689e+16
      Equation: "HoleContinuityEquation"	RelError: 1.62908e-04	AbsError: 1.63074e-04
      Equation: "PotentialEquation"	RelError: 3.84704e-06	AbsError: 4.21655e-06
    Region: "oxide"	RelError: 1.27276e-02	AbsError: 1.36767e-02
      Equation: "PotentialEquation"	RelError: 1.27276e-02	AbsError: 1.36767e-02
Iteration: 1
  Device: "mos2d"	RelError: 2.46912e-01	AbsError: 3.37880e+14
    Region: "bulk"	RelError: 2.46904e-01	AbsError: 3.37880e+14
      Equation: "ElectronContinuityEquation"	RelError: 5.28000e-02	AbsError: 2.95224e+14
      Equation: "HoleContinuityEquation"	RelError: 1.91505e-01	AbsError: 4.26559e+13
      Equation: "PotentialEquation"	RelError: 2.59901e-03	AbsError: 5.11377e-05
    Region: "gate"	RelError: 2.25803e-07	AbsError: 9.82187e+12
      Equation: "ElectronContinuityEquation"	RelError: 9.83187e-08	AbsError: 9.82187e+12
      Equation: "HoleContinuityEquation"	RelError: 1.24849e-07	AbsError: 1.24976e-07
      Equation: "PotentialEquation"	RelError: 2.63543e-09	AbsError: 2.88856e-09
    Region: "oxide"	RelError: 8.29635e-06	AbsError: 8.91493e-06
      Equation: "PotentialEquation"	RelError: 8.29635e-06	AbsError: 8.91493e-06
Iteration: 2
  Device: "mos2d"	RelError: 2.21266e-03	AbsError: 3.31410e+10
    Region: "bulk"	RelError: 2.21266e-03	AbsError: 3.31410e+10
      Equation: "ElectronContinuityEquation"	RelError: 2.05976e-03	AbsError: 2.11594e+10
      Equation: "HoleContinuityEquation"	RelError: 1.52599e-04	AbsError: 1.19816e+10
      Equation: "PotentialEquation"	RelError: 2.98458e-07	AbsError: 9.27908e-09
    Region: "gate"	RelError: 7.85005e-12	AbsError: 3.88154e+08
      Equation: "ElectronContinuityEquation"	RelError: 3.88549e-12	AbsError: 3.88154e+08
      Equation: "HoleContinuityEquation"	RelError: 3.87287e-12	AbsError: 3.87681e-12
      Equation: "PotentialEquation"	RelError: 9.16934e-14	AbsError: 1.00500e-13
    Region: "oxide"	RelError: 3.29684e-10	AbsError: 3.54266e-10
      Equation: "PotentialEquation"	RelError: 3.29684e-10	AbsError: 3.54266e-10
Iteration: 3
  Device: "mos2d"	RelError: 8.72489e-09	AbsError: 7.81487e+03
    Region: "bulk"	RelError: 8.72489e-09	AbsError: 2.41708e+03
      Equation: "ElectronContinuityEquation"	RelError: 6.72947e-09	AbsError: 1.52769e+03
      Equation: "HoleContinuityEquation"	RelError: 1.99540e-09	AbsError: 8.89396e+02
      Equation: "PotentialEquation"	RelError: 2.08978e-14	AbsError: 5.90920e-16
    Region: "gate"	RelError: 4.33425e-16	AbsError: 7.81487e+03
      Equation: "ElectronContinuityEquation"	RelError: 7.81491e-17	AbsError: 7.81487e+03
      Equation: "HoleContinuityEquation"	RelError: 2.53956e-16	AbsError: 2.56884e-16
      Equation: "PotentialEquation"	RelError: 1.01320e-16	AbsError: 1.11055e-16
    Region: "oxide"	RelError: 1.59961e-16	AbsError: 1.03163e-16
      Equation: "PotentialEquation"	RelError: 1.59961e-16	AbsError: 1.03163e-16
Succeeded
IVPOINT	IDVD_VG1P0	5.00000000e-01	7.60000000e-01	1.63049703e-04
drain last end 7.600000e-01 2.000000e+00
number of equations 4409
Iteration: 0
  Device: "mos2d"	RelError: 7.78427e+00	AbsError: 2.48677e+16
    Region: "bulk"	RelError: 7.77139e+00	AbsError: 2.48677e+16
      Equation: "ElectronContinuityEquation"	RelError: 3.96368e-01	AbsError: 2.28590e+16
      Equation: "HoleContinuityEquation"	RelError: 1.04989e+00	AbsError: 2.00871e+15
      Equation: "PotentialEquation"	RelError: 6.32514e+00	AbsError: 2.00000e-02
    Region: "gate"	RelError: 3.29164e-04	AbsError: 1.62496e+16
      Equation: "ElectronContinuityEquation"	RelError: 1.62635e-04	AbsError: 1.62496e+16
      Equation: "HoleContinuityEquation"	RelError: 1.62688e-04	AbsError: 1.62827e-04
      Equation: "PotentialEquation"	RelError: 3.84183e-06	AbsError: 4.21084e-06
    Region: "oxide"	RelError: 1.25518e-02	AbsError: 1.36592e-02
      Equation: "PotentialEquation"	RelError: 1.25518e-02	AbsError: 1.36592e-02
Iteration: 1
  Device: "mos2d"	RelError: 2.58772e-01	AbsError: 3.14682e+14
    Region: "bulk"	RelError: 2.58764e-01	AbsError: 3.14682e+14
      Equation: "ElectronContinuityEquation"	RelError: 5.13596e-02	AbsError: 2.74488e+14
      Equation: "HoleContinuityEquation"	RelError: 1.87829e-01	AbsError: 4.01940e+13
      Equation: "PotentialEquation"	RelError: 1.95752e-02	AbsError: 4.99192e-05
    Region: "gate"	RelError: 2.09131e-07	AbsError: 9.00386e+12
      Equation: "ElectronContinuityEquation"	RelError: 9.01156e-08	AbsError: 9.00386e+12
      Equation: "HoleContinuityEquation"	RelError: 1.16574e-07	AbsError: 1.16674e-07
      Equation: "PotentialEquation"	RelError: 2.44083e-09	AbsError: 2.67527e-09
    Region: "oxide"	RelError: 7.50199e-06	AbsError: 8.16375e-06
      Equation: "PotentialEquation"	RelError: 7.50199e-06	AbsError: 8.16375e-06
Iteration: 2
  Device: "mos2d"	RelError: 2.18555e-03	AbsError: 2.89536e+10
    Region: "bulk"	RelError: 2.18555e-03	AbsError: 2.89536e+10
      Equation: "ElectronContinuityEquation"	RelError: 2.00997e-03	AbsError: 1.78812e+10
      Equation: "HoleContinuityEquation"	RelError: 1.73458e-04	AbsError: 1.10725e+10
      Equation: "PotentialEquation"	RelError: 2.12980e-06	AbsError: 9.46046e-09
    Region: "gate"	RelError: 7.20124e-12	AbsError: 3.56090e+08
      Equation: "ElectronContinuityEquation"	RelError: 3.56394e-12	AbsError: 3.56090e+08
      Equation: "HoleContinuityEquation"	RelError: 3.55320e-12	AbsError: 3.55625e-12
      Equation: "PotentialEquation"	RelError: 8.40936e-14	AbsError: 9.21710e-14
    Region: "oxide"	RelError: 2.97460e-10	AbsError: 3.23700e-10
      Equation: "PotentialEquation"	RelError: 2.97460e-10	AbsError: 3.23700e-10
Iteration: 3
  Device: "mos2d"	RelError: 1.79617e-08	AbsError: 8.11866e+03
    Region: "bulk"	RelError: 1.79617e-08	AbsError: 2.02297e+03
      Equation: "ElectronContinuityEquation"	RelError: 1.41485e-08	AbsError: 1.18427e+03
      Equation: "HoleContinuityEquation"	RelError: 3.81282e-09	AbsError: 8.38693e+02
      Equation: "PotentialEquation"	RelError: 3.75188e-13	AbsError: 6.82586e-16
    Region: "gate"	RelError: 3.15850e-16	AbsError: 8.11866e+03
      Equation: "ElectronContinuityEquation"	RelError: 8.11866e-17	AbsError: 8.11866e+03
      Equation: "HoleContinuityEquation"	RelError: 1.33373e-16	AbsError: 1.33373e-16
      Equation: "PotentialEquation"	RelError: 1.01291e-16	AbsError: 1.11022e-16
    Region: "oxide"	RelError: 1.83801e-16	AbsError: 1.36752e-16
      Equation: "PotentialEquation"	RelError: 1.83801e-16	AbsError: 1.36752e-16
Succeeded
IVPOINT	IDVD_VG1P0	5.00000000e-01	7.80000000e-01	1.66818655e-04
drain last end 7.800000e-01 2.000000e+00
number of equations 4409
Iteration: 0
  Device: "mos2d"	RelError: 2.61612e+00	AbsError: 2.49180e+16
    Region: "bulk"	RelError: 2.60341e+00	AbsError: 2.49180e+16
      Equation: "ElectronContinuityEquation"	RelError: 3.94310e-01	AbsError: 2.29314e+16
      Equation: "HoleContinuityEquation"	RelError: 1.02689e+00	AbsError: 1.98665e+15
      Equation: "PotentialEquation"	RelError: 1.18221e+00	AbsError: 2.00000e-02
    Region: "gate"	RelError: 3.28751e-04	AbsError: 1.62318e+16
      Equation: "ElectronContinuityEquation"	RelError: 1.62431e-04	AbsError: 1.62318e+16
      Equation: "HoleContinuityEquation"	RelError: 1.62483e-04	AbsError: 1.62596e-04
      Equation: "PotentialEquation"	RelError: 3.83699e-06	AbsError: 4.20556e-06
    Region: "oxide"	RelError: 1.23819e-02	AbsError: 1.36431e-02
      Equation: "PotentialEquation"	RelError: 1.23819e-02	AbsError: 1.36431e-02
Iteration: 1
  Device: "mos2d"	RelError: 2.37805e-01	AbsError: 3.01290e+14
    Region: "bulk"	RelError: 2.37798e-01	AbsError: 3.01290e+14
      Equation: "ElectronContinuityEquation"	RelError: 4.94492e-02	AbsError: 2.63350e+14
      Equation: "HoleContinuityEquation"	RelError: 1.84768e-01	AbsError: 3.79405e+13
      Equation: "PotentialEquation"	RelError: 3.58048e-03	AbsError: 4.86740e-05
    Region: "gate"	RelError: 1.94670e-07	AbsError: 8.29453e+12
      Equation: "ElectronContinuityEquation"	RelError: 8.30028e-08	AbsError: 8.29453e+12
      Equation: "HoleContinuityEquation"	RelError: 1.09395e-07	AbsError: 1.09471e-07
      Equation: "PotentialEquation"	RelError: 2.27204e-09	AbsError: 2.49028e-09
    Region: "oxide"	RelError: 6.81923e-06	AbsError: 7.51375e-06
      Equation: "PotentialEquation"	RelError: 6.81923e-06	AbsError: 7.51375e-06
Iteration: 2
  Device: "mos2d"	RelError: 2.07489e-03	AbsError: 2.62737e+10
    Region: "bulk"	RelError: 2.07489e-03	AbsError: 2.62737e+10
      Equation: "ElectronContinuityEquation"	RelError: 1.88174e-03	AbsError: 1.50137e+10
      Equation: "HoleContinuityEquation"	RelError: 1.92773e-04	AbsError: 1.12600e+10
      Equation: "PotentialEquation"	RelError: 3.70354e-07	AbsError: 9.51096e-09
    Region: "gate"	RelError: 6.67690e-12	AbsError: 3.30181e+08
      Equation: "ElectronContinuityEquation"	RelError: 3.30410e-12	AbsError: 3.30181e+08
      Equation: "HoleContinuityEquation"	RelError: 3.29478e-12	AbsError: 3.29706e-12
      Equation: "PotentialEquation"	RelError: 7.80275e-14	AbsError: 8.55225e-14
    Region: "oxide"	RelError: 2.71352e-10	AbsError: 2.98988e-10
      Equation: "PotentialEquation"	RelError: 2.71352e-10	AbsError: 2.98988e-10
Iteration: 3
  Device: "mos2d"	RelError: 1.63230e-08	AbsError: 8.01603e+03
    Region: "bulk"	RelError: 1.63230e-08	AbsError: 1.90187e+03
      Equation: "ElectronContinuityEquation"	RelError: 1.31205e-08	AbsError: 1.02246e+03
      Equation: "HoleContinuityEquation"	RelError: 3.20249e-09	AbsError: 8.79409e+02
      Equation: "PotentialEquation"	RelError: 6.21206e-14	AbsError: 7.47633e-16
    Region: "gate"	RelError: 3.56075e-16	AbsError: 8.01603e+03
      Equation: "ElectronContinuityEquation"	RelError: 8.01605e-17	AbsError: 8.01603e+03
      Equation: "HoleContinuityEquation"	RelError: 1.73832e-16	AbsError: 1.75606e-16
      Equation: "PotentialEquation"	RelError: 1.02082e-16	AbsError: 1.11867e-16
    Region: "oxide"	RelError: 1.70068e-16	AbsError: 1.11867e-16
      Equation: "PotentialEquation"	RelError: 1.70068e-16	AbsError: 1.11867e-16
Succeeded
IVPOINT	IDVD_VG1P0	5.00000000e-01	8.00000000e-01	1.70649321e-04
drain last end 8.000000e-01 2.000000e+00
number of equations 4409
Iteration: 0
  Device: "mos2d"	RelError: 3.03242e+00	AbsError: 2.49599e+16
    Region: "bulk"	RelError: 3.01987e+00	AbsError: 2.49599e+16
      Equation: "ElectronContinuityEquation"	RelError: 3.92109e-01	AbsError: 2.30011e+16
      Equation: "HoleContinuityEquation"	RelError: 1.02168e+00	AbsError: 1.95879e+15
      Equation: "PotentialEquation"	RelError: 1.60608e+00	AbsError: 2.00000e-02
    Region: "gate"	RelError: 3.28366e-04	AbsError: 1.62154e+16
      Equation: "ElectronContinuityEquation"	RelError: 1.62241e-04	AbsError: 1.62154e+16
      Equation: "HoleContinuityEquation"	RelError: 1.62293e-04	AbsError: 1.62379e-04
      Equation: "PotentialEquation"	RelError: 3.83248e-06	AbsError: 4.20063e-06
    Region: "oxide"	RelError: 1.22174e-02	AbsError: 1.36282e-02
      Equation: "PotentialEquation"	RelError: 1.22174e-02	AbsError: 1.36282e-02
Iteration: 1
  Device: "mos2d"	RelError: 2.34071e-01	AbsError: 3.05518e+14
    Region: "bulk"	RelError: 2.34064e-01	AbsError: 3.05518e+14
      Equation: "ElectronContinuityEquation"	RelError: 4.85420e-02	AbsError: 2.67744e+14
      Equation: "HoleContinuityEquation"	RelError: 1.80789e-01	AbsError: 3.77738e+13
      Equation: "PotentialEquation"	RelError: 4.73317e-03	AbsError: 4.74449e-05
    Region: "gate"	RelError: 1.82036e-07	AbsError: 7.67498e+12
      Equation: "ElectronContinuityEquation"	RelError: 7.67905e-08	AbsError: 7.67498e+12
      Equation: "HoleContinuityEquation"	RelError: 1.03121e-07	AbsError: 1.03176e-07
      Equation: "PotentialEquation"	RelError: 2.12458e-09	AbsError: 2.32867e-09
    Region: "oxide"	RelError: 6.22812e-06	AbsError: 6.94727e-06
      Equation: "PotentialEquation"	RelError: 6.22812e-06	AbsError: 6.94727e-06
Iteration: 2
  Device: "mos2d"	RelError: 2.20250e-03	AbsError: 2.61073e+10
    Region: "bulk"	RelError: 2.20250e-03	AbsError: 2.61073e+10
      Equation: "ElectronContinuityEquation"	RelError: 1.99336e-03	AbsError: 1.48769e+10
      Equation: "HoleContinuityEquation"	RelError: 2.08748e-04	AbsError: 1.12303e+10
      Equation: "PotentialEquation"	RelError: 3.89499e-07	AbsError: 9.42491e-09
    Region: "gate"	RelError: 6.24776e-12	AbsError: 3.08977e+08
      Equation: "ElectronContinuityEquation"	RelError: 3.09141e-12	AbsError: 3.08977e+08
      Equation: "HoleContinuityEquation"	RelError: 3.08341e-12	AbsError: 3.08505e-12
      Equation: "PotentialEquation"	RelError: 7.29387e-14	AbsError: 7.99453e-14
    Region: "oxide"	RelError: 2.49843e-10	AbsError: 2.78692e-10
      Equation: "PotentialEquation"	RelError: 2.49843e-10	AbsError: 2.78692e-10
Iteration: 3
  Device: "mos2d"	RelError: 1.52322e-08	AbsError: 8.18915e+03
    Region: "bulk"	RelError: 1.52322e-08	AbsError: 2.46026e+03
      Equation: "ElectronContinuityEquation"	RelError: 1.24813e-08	AbsError: 1.58307e+03
      Equation: "HoleContinuityEquation"	RelError: 2.75076e-09	AbsError: 8.77184e+02
      Equation: "PotentialEquation"	RelError: 9.45394e-14	AbsError: 7.00652e-16
    Region: "gate"	RelError: 3.91966e-16	AbsError: 8.18915e+03
      Equation: "ElectronContinuityEquation"	RelError: 8.18915e-17	AbsError: 8.18915e+03
      Equation: "HoleContinuityEquation"	RelError: 2.08774e-16	AbsError: 2.10903e-16
      Equation: "PotentialEquation"	RelError: 1.01300e-16	AbsError: 1.11033e-16
    Region: "oxide"	RelError: 1.78807e-16	AbsError: 1.05453e-16
      Equation: "PotentialEquation"	RelError: 1.78807e-16	AbsError: 1.05453e-16
Succeeded
IVPOINT	IDVD_VG1P0	5.00000000e-01	8.20000000e-01	1.74542793e-04
drain last end 8.200000e-01 2.000000e+00
number of equations 4409
Iteration: 0
  Device: "mos2d"	RelError: 5.57278e+00	AbsError: 2.49935e+16
    Region: "bulk"	RelError: 5.56040e+00	AbsError: 2.49935e+16
      Equation: "ElectronContinuityEquation"	RelError: 3.89707e-01	AbsError: 2.30682e+16
      Equation: "HoleContinuityEquation"	RelError: 1.01326e+00	AbsError: 1.92527e+15
      Equation: "PotentialEquation"	RelError: 4.15743e+00	AbsError: 2.00000e-02
    Region: "gate"	RelError: 3.28006e-04	AbsError: 1.62003e+16
      Equation: "ElectronContinuityEquation"	RelError: 1.62063e-04	AbsError: 1.62003e+16
      Equation: "HoleContinuityEquation"	RelError: 1.62115e-04	AbsError: 1.62175e-04
      Equation: "PotentialEquation"	RelError: 3.82826e-06	AbsError: 4.19603e-06
    Region: "oxide"	RelError: 1.20580e-02	AbsError: 1.36145e-02
      Equation: "PotentialEquation"	RelError: 1.20580e-02	AbsError: 1.36145e-02
Iteration: 1
  Device: "mos2d"	RelError: 2.35609e-01	AbsError: 3.08400e+14
    Region: "bulk"	RelError: 2.35603e-01	AbsError: 3.08400e+14
      Equation: "ElectronContinuityEquation"	RelError: 4.81485e-02	AbsError: 2.71125e+14
      Equation: "HoleContinuityEquation"	RelError: 1.79876e-01	AbsError: 3.72757e+13
      Equation: "PotentialEquation"	RelError: 7.57814e-03	AbsError: 4.62699e-05
    Region: "gate"	RelError: 1.70914e-07	AbsError: 7.12968e+12
      Equation: "ElectronContinuityEquation"	RelError: 7.13231e-08	AbsError: 7.12968e+12
      Equation: "HoleContinuityEquation"	RelError: 9.75959e-08	AbsError: 9.76319e-08
      Equation: "PotentialEquation"	RelError: 1.99476e-09	AbsError: 2.18638e-09
    Region: "oxide"	RelError: 5.81119e-06	AbsError: 6.44985e-06
      Equation: "PotentialEquation"	RelError: 5.81119e-06	AbsError: 6.44985e-06
Iteration: 2
  Device: "mos2d"	RelError: 2.20617e-03	AbsError: 2.68051e+10
    Region: "bulk"	RelError: 2.20617e-03	AbsError: 2.68051e+10
      Equation: "ElectronContinuityEquation"	RelError: 1.98603e-03	AbsError: 1.58143e+10
      Equation: "HoleContinuityEquation"	RelError: 2.19541e-04	AbsError: 1.09908e+10
      Equation: "PotentialEquation"	RelError: 5.94926e-07	AbsError: 9.20398e-09
    Region: "gate"	RelError: 5.89253e-12	AbsError: 2.91436e+08
      Equation: "ElectronContinuityEquation"	RelError: 2.91544e-12	AbsError: 2.91436e+08
      Equation: "HoleContinuityEquation"	RelError: 2.90832e-12	AbsError: 2.90940e-12
      Equation: "PotentialEquation"	RelError: 6.87652e-14	AbsError: 7.53712e-14
    Region: "oxide"	RelError: 2.31868e-10	AbsError: 2.61797e-10
      Equation: "PotentialEquation"	RelError: 2.31868e-10	AbsError: 2.61797e-10
Iteration: 3
  Device: "mos2d"	RelError: 5.93512e-08	AbsError: 8.05480e+03
    Region: "bulk"	RelError: 5.93512e-08	AbsError: 2.12440e+03
      Equation: "ElectronContinuityEquation"	RelError: 4.95236e-08	AbsError: 1.28786e+03
      Equation: "HoleContinuityEquation"	RelError: 9.82753e-09	AbsError: 8.36541e+02
      Equation: "PotentialEquation"	RelError: 4.85325e-14	AbsError: 7.02130e-16
    Region: "gate"	RelError: 4.84565e-16	AbsError: 8.05480e+03
      Equation: "ElectronContinuityEquation"	RelError: 8.05480e-17	AbsError: 8.05480e+03
      Equation: "HoleContinuityEquation"	RelError: 3.02675e-16	AbsError: 3.05478e-16
      Equation: "PotentialEquation"	RelError: 1.01341e-16	AbsError: 1.11078e-16
    Region: "oxide"	RelError: 1.60007e-16	AbsError: 1.04309e-16
      Equation: "PotentialEquation"	RelError: 1.60007e-16	AbsError: 1.04309e-16
Succeeded
IVPOINT	IDVD_VG1P0	5.00000000e-01	8.40000000e-01	1.78500169e-04
drain last end 8.400000e-01 2.000000e+00
number of equations 4409
Iteration: 0
  Device: "mos2d"	RelError: 2.38414e+00	AbsError: 2.50193e+16
    Region: "bulk"	RelError: 2.37191e+00	AbsError: 2.50193e+16
      Equation: "ElectronContinuityEquation"	RelError: 3.87020e-01	AbsError: 2.31330e+16
      Equation: "HoleContinuityEquation"	RelError: 9.96288e-01	AbsError: 1.88625e+15
      Equation: "PotentialEquation"	RelError: 9.88605e-01	AbsError: 2.00000e-02
    Region: "gate"	RelError: 3.27668e-04	AbsError: 1.61862e+16
      Equation: "ElectronContinuityEquation"	RelError: 1.61895e-04	AbsError: 1.61862e+16
      Equation: "HoleContinuityEquation"	RelError: 1.61948e-04	AbsError: 1.61981e-04
      Equation: "PotentialEquation"	RelError: 3.82430e-06	AbsError: 4.19170e-06
    Region: "oxide"	RelError: 1.19034e-02	AbsError: 1.36018e-02
      Equation: "PotentialEquation"	RelError: 1.19034e-02	AbsError: 1.36018e-02
Iteration: 1
  Device: "mos2d"	RelError: 2.28253e-01	AbsError: 3.09975e+14
    Region: "bulk"	RelError: 2.28247e-01	AbsError: 3.09975e+14
      Equation: "ElectronContinuityEquation"	RelError: 4.77296e-02	AbsError: 2.73510e+14
      Equation: "HoleContinuityEquation"	RelError: 1.77690e-01	AbsError: 3.64646e+13
      Equation: "PotentialEquation"	RelError: 2.82703e-03	AbsError: 4.51796e-05
    Region: "gate"	RelError: 1.61043e-07	AbsError: 6.64588e+12
      Equation: "ElectronContinuityEquation"	RelError: 6.64726e-08	AbsError: 6.64588e+12
      Equation: "HoleContinuityEquation"	RelError: 9.26912e-08	AbsError: 9.27104e-08
      Equation: "PotentialEquation"	RelError: 1.87955e-09	AbsError: 2.06012e-09
    Region: "oxide"	RelError: 5.81096e-06	AbsError: 6.00961e-06
      Equation: "PotentialEquation"	RelError: 5.81096e-06	AbsError: 6.00961e-06
Iteration: 2
  Device: "mos2d"	RelError: 2.08290e-03	AbsError: 2.71435e+10
    Region: "bulk"	RelError: 2.08290e-03	AbsError: 2.71435e+10
      Equation: "ElectronContinuityEquation"	RelError: 1.85911e-03	AbsError: 1.65845e+10
      Equation: "HoleContinuityEquation"	RelError: 2.23567e-04	AbsError: 1.05590e+10
      Equation: "PotentialEquation"	RelError: 2.29710e-07	AbsError: 8.85724e-09
    Region: "gate"	RelError: 5.59542e-12	AbsError: 2.76746e+08
      Equation: "ElectronContinuityEquation"	RelError: 2.76803e-12	AbsError: 2.76746e+08
      Equation: "HoleContinuityEquation"	RelError: 2.76209e-12	AbsError: 2.76266e-12
      Equation: "PotentialEquation"	RelError: 6.52980e-14	AbsError: 7.15712e-14
    Region: "oxide"	RelError: 2.16637e-10	AbsError: 2.47545e-10
      Equation: "PotentialEquation"	RelError: 2.16637e-10	AbsError: 2.47545e-10
Iteration: 3
  Device: "mos2d"	RelError: 1.50074e-08	AbsError: 8.08444e+03
    Region: "bulk"	RelError: 1.50074e-08	AbsError: 2.03829e+03
      Equation: "ElectronContinuityEquation"	RelError: 1.23399e-08	AbsError: 1.26538e+03
      Equation: "HoleContinuityEquation"	RelError: 2.66746e-09	AbsError: 7.72912e+02
      Equation: "PotentialEquation"	RelError: 5.77665e-14	AbsError: 6.57813e-16
    Region: "gate"	RelError: 4.16421e-16	AbsError: 8.08444e+03
      Equation: "ElectronContinuityEquation"	RelError: 8.08444e-17	AbsError: 8.08444e+03
      Equation: "HoleContinuityEquation"	RelError: 2.34262e-16	AbsError: 2.34310e-16
      Equation: "PotentialEquation"	RelError: 1.01315e-16	AbsError: 1.11049e-16
    Region: "oxide"	RelError: 2.07945e-16	AbsError: 1.18239e-16
      Equation: "PotentialEquation"	RelError: 2.07945e-16	AbsError: 1.18239e-16
Succeeded
IVPOINT	IDVD_VG1P0	5.00000000e-01	8.60000000e-01	1.82522548e-04
drain last end 8.600000e-01 2.000000e+00
number of equations 4409
Iteration: 0
  Device: "mos2d"	RelError: 3.39209e+02	AbsError: 2.50375e+16
    Region: "bulk"	RelError: 3.39197e+02	AbsError: 2.50375e+16
      Equation: "ElectronContinuityEquation"	RelError: 3.83933e-01	AbsError: 2.31956e+16
      Equation: "HoleContinuityEquation"	RelError: 9.66312e-01	AbsError: 1.84194e+15
      Equation: "PotentialEquation"	RelError: 3.37847e+02	AbsError: 2.00000e-02
    Region: "gate"	RelError: 3.27349e-04	AbsError: 1.61731e+16
      Equation: "ElectronContinuityEquation"	RelError: 1.61738e-04	AbsError: 1.61731e+16
      Equation: "HoleContinuityEquation"	RelError: 1.61790e-04	AbsError: 1.61798e-04
      Equation: "PotentialEquation"	RelError: 3.82056e-06	AbsError: 4.18762e-06
    Region: "oxide"	RelError: 1.17533e-02	AbsError: 1.35899e-02
      Equation: "PotentialEquation"	RelError: 1.17533e-02	AbsError: 1.35899e-02
Iteration: 1
  Device: "mos2d"	RelError: 2.12047e+01	AbsError: 3.11721e+14
    Region: "bulk"	RelError: 2.12047e+01	AbsError: 3.11721e+14
      Equation: "ElectronContinuityEquation"	RelError: 4.72748e-02	AbsError: 2.74921e+14
      Equation: "HoleContinuityEquation"	RelError: 1.73540e-01	AbsError: 3.67993e+13
      Equation: "PotentialEquation"	RelError: 2.09839e+01	AbsError: 4.48737e-05
    Region: "gate"	RelError: 1.52211e-07	AbsError: 6.21308e+12
      Equation: "ElectronContinuityEquation"	RelError: 6.21336e-08	AbsError: 6.21308e+12
      Equation: "HoleContinuityEquation"	RelError: 8.83012e-08	AbsError: 8.83052e-08
      Equation: "PotentialEquation"	RelError: 1.77646e-09	AbsError: 1.94713e-09
    Region: "oxide"	RelError: 5.80368e-06	AbsError: 5.61679e-06
      Equation: "PotentialEquation"	RelError: 5.80368e-06	AbsError: 5.61679e-06
Iteration: 2
  Device: "mos2d"	RelError: 3.72524e-03	AbsError: 2.71523e+10
    Region: "bulk"	RelError: 3.72524e-03	AbsError: 2.71523e+10
      Equation: "ElectronContinuityEquation"	RelError: 1.69949e-03	AbsError: 1.71906e+10
      Equation: "HoleContinuityEquation"	RelError: 2.19839e-04	AbsError: 9.96178e+09
      Equation: "PotentialEquation"	RelError: 1.80590e-03	AbsError: 8.40048e-09
    Region: "gate"	RelError: 5.34180e-12	AbsError: 2.64249e+08
      Equation: "ElectronContinuityEquation"	RelError: 2.64261e-12	AbsError: 2.64249e+08
      Equation: "HoleContinuityEquation"	RelError: 2.63684e-12	AbsError: 2.63695e-12
      Equation: "PotentialEquation"	RelError: 6.23557e-14	AbsError: 6.83465e-14
    Region: "oxide"	RelError: 2.03533e-10	AbsError: 2.35336e-10
      Equation: "PotentialEquation"	RelError: 2.03533e-10	AbsError: 2.35336e-10
Iteration: 3
  Device: "mos2d"	RelError: 1.75494e-08	AbsError: 8.05090e+03
    Region: "bulk"	RelError: 1.75494e-08	AbsError: 1.92818e+03
      Equation: "ElectronContinuityEquation"	RelError: 1.27753e-08	AbsError: 1.22411e+03
      Equation: "HoleContinuityEquation"	RelError: 4.70607e-09	AbsError: 7.04065e+02
      Equation: "PotentialEquation"	RelError: 6.80610e-11	AbsError: 5.56810e-16
    Region: "gate"	RelError: 3.63417e-16	AbsError: 8.05090e+03
      Equation: "ElectronContinuityEquation"	RelError: 8.05090e-17	AbsError: 8.05090e+03
      Equation: "HoleContinuityEquation"	RelError: 1.81053e-16	AbsError: 1.81832e-16
      Equation: "PotentialEquation"	RelError: 1.01855e-16	AbsError: 1.11614e-16
    Region: "oxide"	RelError: 1.81392e-16	AbsError: 1.11614e-16
      Equation: "PotentialEquation"	RelError: 1.81392e-16	AbsError: 1.11614e-16
Succeeded
IVPOINT	IDVD_VG1P0	5.00000000e-01	8.80000000e-01	1.86611035e-04
drain last end 8.800000e-01 2.000000e+00
number of equations 4409
Iteration: 0
  Device: "mos2d"	RelError: 2.34392e+00	AbsError: 2.50486e+16
    Region: "bulk"	RelError: 2.33199e+00	AbsError: 2.50486e+16
      Equation: "ElectronContinuityEquation"	RelError: 3.80284e-01	AbsError: 2.32561e+16
      Equation: "HoleContinuityEquation"	RelError: 9.51570e-01	AbsError: 1.79255e+15
      Equation: "PotentialEquation"	RelError: 1.00013e+00	AbsError: 2.00000e-02
    Region: "gate"	RelError: 3.27047e-04	AbsError: 1.61608e+16
      Equation: "ElectronContinuityEquation"	RelError: 1.61589e-04	AbsError: 1.61608e+16
      Equation: "HoleContinuityEquation"	RelError: 1.61641e-04	AbsError: 1.61622e-04
      Equation: "PotentialEquation"	RelError: 3.81703e-06	AbsError: 4.18376e-06
    Region: "oxide"	RelError: 1.16074e-02	AbsError: 1.35788e-02
      Equation: "PotentialEquation"	RelError: 1.16074e-02	AbsError: 1.35788e-02
Iteration: 1
  Device: "mos2d"	RelError: 2.16065e-01	AbsError: 3.13062e+14
    Region: "bulk"	RelError: 2.16059e-01	AbsError: 3.13062e+14
      Equation: "ElectronContinuityEquation"	RelError: 4.67694e-02	AbsError: 2.75381e+14
      Equation: "HoleContinuityEquation"	RelError: 1.66488e-01	AbsError: 3.76809e+13
      Equation: "PotentialEquation"	RelError: 2.80188e-03	AbsError: 4.53091e-05
    Region: "gate"	RelError: 1.44242e-07	AbsError: 5.82263e+12
      Equation: "ElectronContinuityEquation"	RelError: 5.82195e-08	AbsError: 5.82263e+12
      Equation: "HoleContinuityEquation"	RelError: 8.43389e-08	AbsError: 8.43291e-08
      Equation: "PotentialEquation"	RelError: 1.68344e-09	AbsError: 1.84518e-09
    Region: "oxide"	RelError: 5.79026e-06	AbsError: 5.26339e-06
      Equation: "PotentialEquation"	RelError: 5.79026e-06	AbsError: 5.26339e-06
Iteration: 2
  Device: "mos2d"	RelError: 1.65466e-03	AbsError: 2.77162e+10
    Region: "bulk"	RelError: 1.65466e-03	AbsError: 2.77162e+10
      Equation: "ElectronContinuityEquation"	RelError: 1.44614e-03	AbsError: 1.76359e+10
      Equation: "HoleContinuityEquation"	RelError: 2.08257e-04	AbsError: 1.00802e+10
      Equation: "PotentialEquation"	RelError: 2.60623e-07	AbsError: 8.52397e-09
    Region: "gate"	RelError: 5.12172e-12	AbsError: 2.53382e+08
      Equation: "ElectronContinuityEquation"	RelError: 2.53353e-12	AbsError: 2.53382e+08
      Equation: "HoleContinuityEquation"	RelError: 2.52850e-12	AbsError: 2.52821e-12
      Equation: "PotentialEquation"	RelError: 5.96945e-14	AbsError: 6.54298e-14
    Region: "oxide"	RelError: 1.92056e-10	AbsError: 2.24673e-10
      Equation: "PotentialEquation"	RelError: 1.92056e-10	AbsError: 2.24673e-10
Iteration: 3
  Device: "mos2d"	RelError: 1.69102e-08	AbsError: 8.09964e+03
    Region: "bulk"	RelError: 1.69102e-08	AbsError: 1.94371e+03
      Equation: "ElectronContinuityEquation"	RelError: 1.34953e-08	AbsError: 1.31593e+03
      Equation: "HoleContinuityEquation"	RelError: 3.41489e-09	AbsError: 6.27776e+02
      Equation: "PotentialEquation"	RelError: 3.37325e-14	AbsError: 5.45290e-16
    Region: "gate"	RelError: 3.30239e-16	AbsError: 8.09964e+03
      Equation: "ElectronContinuityEquation"	RelError: 8.09964e-17	AbsError: 8.09964e+03
      Equation: "HoleContinuityEquation"	RelError: 1.47843e-16	AbsError: 1.48804e-16
      Equation: "PotentialEquation"	RelError: 1.01400e-16	AbsError: 1.11142e-16
    Region: "oxide"	RelError: 1.86179e-16	AbsError: 1.21625e-16
      Equation: "PotentialEquation"	RelError: 1.86179e-16	AbsError: 1.21625e-16
Succeeded
IVPOINT	IDVD_VG1P0	5.00000000e-01	9.00000000e-01	1.90766738e-04
drain last end 9.000000e-01 2.000000e+00
number of equations 4409
Iteration: 0
  Device: "mos2d"	RelError: 2.84265e+00	AbsError: 2.50866e+16
    Region: "bulk"	RelError: 2.83086e+00	AbsError: 2.50866e+16
      Equation: "ElectronContinuityEquation"	RelError: 3.75853e-01	AbsError: 2.33145e+16
      Equation: "HoleContinuityEquation"	RelError: 9.51413e-01	AbsError: 1.77214e+15
      Equation: "PotentialEquation"	RelError: 1.50359e+00	AbsError: 2.00000e-02
    Region: "gate"	RelError: 3.26761e-04	AbsError: 1.61492e+16
      Equation: "ElectronContinuityEquation"	RelError: 1.61448e-04	AbsError: 1.61492e+16
      Equation: "HoleContinuityEquation"	RelError: 1.61500e-04	AbsError: 1.61455e-04
      Equation: "PotentialEquation"	RelError: 3.81367e-06	AbsError: 4.18010e-06
    Region: "oxide"	RelError: 1.14656e-02	AbsError: 1.35683e-02
      Equation: "PotentialEquation"	RelError: 1.14656e-02	AbsError: 1.35683e-02
Iteration: 1
  Device: "mos2d"	RelError: 2.14501e-01	AbsError: 3.13150e+14
    Region: "bulk"	RelError: 2.14495e-01	AbsError: 3.13150e+14
      Equation: "ElectronContinuityEquation"	RelError: 4.61936e-02	AbsError: 2.74914e+14
      Equation: "HoleContinuityEquation"	RelError: 1.65831e-01	AbsError: 3.82356e+13
      Equation: "PotentialEquation"	RelError: 2.46954e-03	AbsError: 4.55841e-05
    Region: "gate"	RelError: 1.36990e-07	AbsError: 5.46741e+12
      Equation: "ElectronContinuityEquation"	RelError: 5.46589e-08	AbsError: 5.46741e+12
      Equation: "HoleContinuityEquation"	RelError: 8.07326e-08	AbsError: 8.07102e-08
      Equation: "PotentialEquation"	RelError: 1.59880e-09	AbsError: 1.75242e-09
    Region: "oxide"	RelError: 5.77148e-06	AbsError: 4.94283e-06
      Equation: "PotentialEquation"	RelError: 5.77148e-06	AbsError: 4.94283e-06
Iteration: 2
  Device: "mos2d"	RelError: 1.33309e-03	AbsError: 2.84202e+10
    Region: "bulk"	RelError: 1.33309e-03	AbsError: 2.84202e+10
      Equation: "ElectronContinuityEquation"	RelError: 1.14321e-03	AbsError: 1.79245e+10
      Equation: "HoleContinuityEquation"	RelError: 1.89741e-04	AbsError: 1.04957e+10
      Equation: "PotentialEquation"	RelError: 1.42002e-07	AbsError: 8.80296e-09
    Region: "gate"	RelError: 4.92490e-12	AbsError: 2.43667e+08
      Equation: "ElectronContinuityEquation"	RelError: 2.43599e-12	AbsError: 2.43667e+08
      Equation: "HoleContinuityEquation"	RelError: 2.43138e-12	AbsError: 2.43070e-12
      Equation: "PotentialEquation"	RelError: 5.75361e-14	AbsError: 6.30643e-14
    Region: "oxide"	RelError: 1.81793e-10	AbsError: 2.15133e-10
      Equation: "PotentialEquation"	RelError: 1.81793e-10	AbsError: 2.15133e-10
Iteration: 3
  Device: "mos2d"	RelError: 5.33985e-08	AbsError: 8.10401e+03
    Region: "bulk"	RelError: 5.33985e-08	AbsError: 1.89828e+03
      Equation: "ElectronContinuityEquation"	RelError: 4.73589e-08	AbsError: 1.20219e+03
      Equation: "HoleContinuityEquation"	RelError: 6.03961e-09	AbsError: 6.96097e+02
      Equation: "PotentialEquation"	RelError: 8.21151e-15	AbsError: 5.64551e-16
    Region: "gate"	RelError: 4.30077e-16	AbsError: 8.10401e+03
      Equation: "ElectronContinuityEquation"	RelError: 8.10403e-17	AbsError: 8.10401e+03
      Equation: "HoleContinuityEquation"	RelError: 2.47316e-16	AbsError: 2.48329e-16
      Equation: "PotentialEquation"	RelError: 1.01721e-16	AbsError: 1.11467e-16
    Region: "oxide"	RelError: 1.76898e-16	AbsError: 1.14878e-16
      Equation: "PotentialEquation"	RelError: 1.76898e-16	AbsError: 1.14878e-16
Succeeded
IVPOINT	IDVD_VG1P0	5.00000000e-01	9.20000000e-01	1.94990775e-04
drain last end 9.200000e-01 2.000000e+00
number of equations 4409
Iteration: 0
  Device: "mos2d"	RelError: 4.28221e+00	AbsError: 2.51455e+16
    Region: "bulk"	RelError: 4.27056e+00	AbsError: 2.51455e+16
      Equation: "ElectronContinuityEquation"	RelError: 3.70346e-01	AbsError: 2.33708e+16
      Equation: "HoleContinuityEquation"	RelError: 9.48020e-01	AbsError: 1.77467e+15
      Equation: "PotentialEquation"	RelError: 2.95219e+00	AbsError: 2.00000e-02
    Region: "gate"	RelError: 3.26489e-04	AbsError: 1.61384e+16
      Equation: "ElectronContinuityEquation"	RelError: 1.61313e-04	AbsError: 1.61384e+16
      Equation: "HoleContinuityEquation"	RelError: 1.61365e-04	AbsError: 1.61295e-04
      Equation: "PotentialEquation"	RelError: 3.81049e-06	AbsError: 4.17662e-06
    Region: "oxide"	RelError: 1.13276e-02	AbsError: 1.35586e-02
      Equation: "PotentialEquation"	RelError: 1.13276e-02	AbsError: 1.35586e-02
Iteration: 1
  Device: "mos2d"	RelError: 2.16400e-01	AbsError: 3.12009e+14
    Region: "bulk"	RelError: 2.16394e-01	AbsError: 3.12009e+14
      Equation: "ElectronContinuityEquation"	RelError: 4.55205e-02	AbsError: 2.73553e+14
      Equation: "HoleContinuityEquation"	RelError: 1.65649e-01	AbsError: 3.84565e+13
      Equation: "PotentialEquation"	RelError: 5.22514e-03	AbsError: 4.56875e-05
    Region: "gate"	RelError: 1.30337e-07	AbsError: 5.14155e+12
      Equation: "ElectronContinuityEquation"	RelError: 5.13930e-08	AbsError: 5.14155e+12
      Equation: "HoleContinuityEquation"	RelError: 7.74233e-08	AbsError: 7.73894e-08
      Equation: "PotentialEquation"	RelError: 1.52115e-09	AbsError: 1.66731e-09
    Region: "oxide"	RelError: 5.74806e-06	AbsError: 4.64970e-06
      Equation: "PotentialEquation"	RelError: 5.74806e-06	AbsError: 4.64970e-06
Iteration: 2
  Device: "mos2d"	RelError: 1.00686e-03	AbsError: 2.87878e+10
    Region: "bulk"	RelError: 1.00686e-03	AbsError: 2.87878e+10
      Equation: "ElectronContinuityEquation"	RelError: 8.40295e-04	AbsError: 1.80612e+10
      Equation: "HoleContinuityEquation"	RelError: 1.66125e-04	AbsError: 1.07265e+10
      Equation: "PotentialEquation"	RelError: 4.35236e-07	AbsError: 8.96671e-09
    Region: "gate"	RelError: 4.74297e-12	AbsError: 2.34686e+08
      Equation: "ElectronContinuityEquation"	RelError: 2.34583e-12	AbsError: 2.34686e+08
      Equation: "HoleContinuityEquation"	RelError: 2.34175e-12	AbsError: 2.34073e-12
      Equation: "PotentialEquation"	RelError: 5.53819e-14	AbsError: 6.07034e-14
    Region: "oxide"	RelError: 1.72399e-10	AbsError: 2.06353e-10
      Equation: "PotentialEquation"	RelError: 1.72399e-10	AbsError: 2.06353e-10
Iteration: 3
  Device: "mos2d"	RelError: 1.98728e-08	AbsError: 8.03348e+03
    Region: "bulk"	RelError: 1.98728e-08	AbsError: 1.81139e+03
      Equation: "ElectronContinuityEquation"	RelError: 1.56392e-08	AbsError: 1.08759e+03
      Equation: "HoleContinuityEquation"	RelError: 4.23358e-09	AbsError: 7.23804e+02
      Equation: "PotentialEquation"	RelError: 2.22027e-14	AbsError: 6.49726e-16
    Region: "gate"	RelError: 3.86923e-16	AbsError: 8.03348e+03
      Equation: "ElectronContinuityEquation"	RelError: 8.03348e-17	AbsError: 8.03348e+03
      Equation: "HoleContinuityEquation"	RelError: 2.05297e-16	AbsError: 2.07021e-16
      Equation: "PotentialEquation"	RelError: 1.01291e-16	AbsError: 1.11022e-16
    Region: "oxide"	RelError: 1.48977e-16	AbsError: 1.21110e-16
      Equation: "PotentialEquation"	RelError: 1.48977e-16	AbsError: 1.21110e-16
Succeeded
IVPOINT	IDVD_VG1P0	5.00000000e-01	9.40000000e-01	1.99284269e-04
drain last end 9.400000e-01 2.000000e+00
number of equations 4409
Iteration: 0
  Device: "mos2d"	RelError: 5.81037e+00	AbsError: 2.52003e+16
    Region: "bulk"	RelError: 5.79885e+00	AbsError: 2.52003e+16
      Equation: "ElectronContinuityEquation"	RelError: 3.63372e-01	AbsError: 2.34252e+16
      Equation: "HoleContinuityEquation"	RelError: 9.39491e-01	AbsError: 1.77512e+15
      Equation: "PotentialEquation"	RelError: 4.49599e+00	AbsError: 2.00000e-02
    Region: "gate"	RelError: 3.26231e-04	AbsError: 1.61282e+16
      Equation: "ElectronContinuityEquation"	RelError: 1.61186e-04	AbsError: 1.61282e+16
      Equation: "HoleContinuityEquation"	RelError: 1.61238e-04	AbsError: 1.61141e-04
      Equation: "PotentialEquation"	RelError: 3.80746e-06	AbsError: 4.17332e-06
    Region: "oxide"	RelError: 1.11932e-02	AbsError: 1.35494e-02
      Equation: "PotentialEquation"	RelError: 1.11932e-02	AbsError: 1.35494e-02
Iteration: 1
  Device: "mos2d"	RelError: 2.23733e-01	AbsError: 3.09675e+14
    Region: "bulk"	RelError: 2.23727e-01	AbsError: 3.09675e+14
      Equation: "ElectronContinuityEquation"	RelError: 4.47144e-02	AbsError: 2.71331e+14
      Equation: "HoleContinuityEquation"	RelError: 1.64707e-01	AbsError: 3.83439e+13
      Equation: "PotentialEquation"	RelError: 1.43051e-02	AbsError: 4.56127e-05
    Region: "gate"	RelError: 1.24185e-07	AbsError: 4.84022e+12
      Equation: "ElectronContinuityEquation"	RelError: 4.83732e-08	AbsError: 4.84022e+12
      Equation: "HoleContinuityEquation"	RelError: 7.43624e-08	AbsError: 7.43178e-08
      Equation: "PotentialEquation"	RelError: 1.44934e-09	AbsError: 1.58860e-09
    Region: "oxide"	RelError: 5.72063e-06	AbsError: 4.37955e-06
      Equation: "PotentialEquation"	RelError: 5.72063e-06	AbsError: 4.37955e-06
Iteration: 2
  Device: "mos2d"	RelError: 8.87908e-04	AbsError: 2.88167e+10
    Region: "bulk"	RelError: 8.87908e-04	AbsError: 2.88167e+10
      Equation: "ElectronContinuityEquation"	RelError: 7.46463e-04	AbsError: 1.80522e+10
      Equation: "HoleContinuityEquation"	RelError: 1.39821e-04	AbsError: 1.07645e+10
      Equation: "PotentialEquation"	RelError: 1.62366e-06	AbsError: 9.00668e-09
    Region: "gate"	RelError: 4.56805e-12	AbsError: 2.26056e+08
      Equation: "ElectronContinuityEquation"	RelError: 2.25921e-12	AbsError: 2.26056e+08
      Equation: "HoleContinuityEquation"	RelError: 2.25548e-12	AbsError: 2.25413e-12
      Equation: "PotentialEquation"	RelError: 5.33596e-14	AbsError: 5.84869e-14
    Region: "oxide"	RelError: 1.63594e-10	AbsError: 1.98029e-10
      Equation: "PotentialEquation"	RelError: 1.63594e-10	AbsError: 1.98029e-10
Iteration: 3
  Device: "mos2d"	RelError: 1.90913e-08	AbsError: 8.09716e+03
    Region: "bulk"	RelError: 1.90913e-08	AbsError: 1.98069e+03
      Equation: "ElectronContinuityEquation"	RelError: 1.69706e-08	AbsError: 1.21595e+03
      Equation: "HoleContinuityEquation"	RelError: 2.12062e-09	AbsError: 7.64742e+02
      Equation: "PotentialEquation"	RelError: 6.88284e-14	AbsError: 6.06187e-16
    Region: "gate"	RelError: 3.79954e-16	AbsError: 8.09716e+03
      Equation: "ElectronContinuityEquation"	RelError: 8.17774e-17	AbsError: 8.09716e+03
      Equation: "HoleContinuityEquation"	RelError: 1.96886e-16	AbsError: 1.98913e-16
      Equation: "PotentialEquation"	RelError: 1.01291e-16	AbsError: 1.11022e-16
    Region: "oxide"	RelError: 1.63830e-16	AbsError: 1.04927e-16
      Equation: "PotentialEquation"	RelError: 1.63830e-16	AbsError: 1.04927e-16
Succeeded
IVPOINT	IDVD_VG1P0	5.00000000e-01	9.60000000e-01	2.03648353e-04
drain last end 9.600000e-01 2.000000e+00
number of equations 4409
Iteration: 0
  Device: "mos2d"	RelError: 9.65690e+00	AbsError: 2.52509e+16
    Region: "bulk"	RelError: 9.64551e+00	AbsError: 2.52509e+16
      Equation: "ElectronContinuityEquation"	RelError: 3.54435e-01	AbsError: 2.34775e+16
      Equation: "HoleContinuityEquation"	RelError: 9.22969e-01	AbsError: 1.77338e+15
      Equation: "PotentialEquation"	RelError: 8.36811e+00	AbsError: 2.00000e-02
    Region: "gate"	RelError: 3.25984e-04	AbsError: 1.61187e+16
      Equation: "ElectronContinuityEquation"	RelError: 1.61064e-04	AbsError: 1.61187e+16
      Equation: "HoleContinuityEquation"	RelError: 1.61116e-04	AbsError: 1.60993e-04
      Equation: "PotentialEquation"	RelError: 3.80457e-06	AbsError: 4.17016e-06
    Region: "oxide"	RelError: 1.10623e-02	AbsError: 1.35407e-02
      Equation: "PotentialEquation"	RelError: 1.10623e-02	AbsError: 1.35407e-02
Iteration: 1
  Device: "mos2d"	RelError: 2.18614e-01	AbsError: 3.06194e+14
    Region: "bulk"	RelError: 2.18608e-01	AbsError: 3.06194e+14
      Equation: "ElectronContinuityEquation"	RelError: 4.37305e-02	AbsError: 2.68289e+14
      Equation: "HoleContinuityEquation"	RelError: 1.62576e-01	AbsError: 3.79052e+13
      Equation: "PotentialEquation"	RelError: 1.23015e-02	AbsError: 4.68660e-05
    Region: "gate"	RelError: 1.18452e-07	AbsError: 4.55946e+12
      Equation: "ElectronContinuityEquation"	RelError: 4.55599e-08	AbsError: 4.55946e+12
      Equation: "HoleContinuityEquation"	RelError: 7.15098e-08	AbsError: 7.14554e-08
      Equation: "PotentialEquation"	RelError: 1.38242e-09	AbsError: 1.51527e-09
    Region: "oxide"	RelError: 5.68975e-06	AbsError: 4.12872e-06
      Equation: "PotentialEquation"	RelError: 5.68975e-06	AbsError: 4.12872e-06
Iteration: 2
  Device: "mos2d"	RelError: 9.31085e-04	AbsError: 2.85147e+10
    Region: "bulk"	RelError: 9.31085e-04	AbsError: 2.85147e+10
      Equation: "ElectronContinuityEquation"	RelError: 8.17272e-04	AbsError: 1.79048e+10
      Equation: "HoleContinuityEquation"	RelError: 1.13323e-04	AbsError: 1.06099e+10
      Equation: "PotentialEquation"	RelError: 4.90200e-07	AbsError: 8.92094e-09
    Region: "gate"	RelError: 4.39459e-12	AbsError: 2.17507e+08
      Equation: "ElectronContinuityEquation"	RelError: 2.17341e-12	AbsError: 2.17507e+08
      Equation: "HoleContinuityEquation"	RelError: 2.16984e-12	AbsError: 2.16819e-12
      Equation: "PotentialEquation"	RelError: 5.13334e-14	AbsError: 5.62662e-14
    Region: "oxide"	RelError: 1.55153e-10	AbsError: 1.89911e-10
      Equation: "PotentialEquation"	RelError: 1.55153e-10	AbsError: 1.89911e-10
Iteration: 3
  Device: "mos2d"	RelError: 1.17945e-07	AbsError: 8.10640e+03
    Region: "bulk"	RelError: 1.17945e-07	AbsError: 2.21593e+03
      Equation: "ElectronContinuityEquation"	RelError: 1.08204e-07	AbsError: 1.45432e+03
      Equation: "HoleContinuityEquation"	RelError: 9.74043e-09	AbsError: 7.61612e+02
      Equation: "PotentialEquation"	RelError: 7.91383e-14	AbsError: 6.25934e-16
    Region: "gate"	RelError: 3.96131e-16	AbsError: 8.10640e+03
      Equation: "ElectronContinuityEquation"	RelError: 8.10640e-17	AbsError: 8.10640e+03
      Equation: "HoleContinuityEquation"	RelError: 2.13698e-16	AbsError: 2.13887e-16
      Equation: "PotentialEquation"	RelError: 1.01369e-16	AbsError: 1.11108e-16
    Region: "oxide"	RelError: 1.59625e-16	AbsError: 1.26924e-16
      Equation: "PotentialEquation"	RelError: 1.59625e-16	AbsError: 1.26924e-16
Succeeded
IVPOINT	IDVD_VG1P0	5.00000000e-01	9.80000000e-01	2.08084172e-04
drain last end 9.800000e-01 2.000000e+00
number of equations 4409
Iteration: 0
  Device: "mos2d"	RelError: 2.16137e+00	AbsError: 2.52971e+16
    Region: "bulk"	RelError: 2.15011e+00	AbsError: 2.52971e+16
      Equation: "ElectronContinuityEquation"	RelError: 3.42929e-01	AbsError: 2.35278e+16
      Equation: "HoleContinuityEquation"	RelError: 9.14827e-01	AbsError: 1.76933e+15
      Equation: "PotentialEquation"	RelError: 8.92354e-01	AbsError: 2.00000e-02
    Region: "gate"	RelError: 3.25749e-04	AbsError: 1.61096e+16
      Equation: "ElectronContinuityEquation"	RelError: 1.60948e-04	AbsError: 1.61096e+16
      Equation: "HoleContinuityEquation"	RelError: 1.61000e-04	AbsError: 1.60851e-04
      Equation: "PotentialEquation"	RelError: 3.80181e-06	AbsError: 4.16716e-06
    Region: "oxide"	RelError: 1.09348e-02	AbsError: 1.35325e-02
      Equation: "PotentialEquation"	RelError: 1.09348e-02	AbsError: 1.35325e-02
Iteration: 1
  Device: "mos2d"	RelError: 2.03662e-01	AbsError: 3.01628e+14
    Region: "bulk"	RelError: 2.03656e-01	AbsError: 3.01628e+14
      Equation: "ElectronContinuityEquation"	RelError: 4.25134e-02	AbsError: 2.64472e+14
      Equation: "HoleContinuityEquation"	RelError: 1.59392e-01	AbsError: 3.71561e+13
      Equation: "PotentialEquation"	RelError: 1.75119e-03	AbsError: 4.81431e-05
    Region: "gate"	RelError: 1.13073e-07	AbsError: 4.29600e+12
      Equation: "ElectronContinuityEquation"	RelError: 4.29204e-08	AbsError: 4.29600e+12
      Equation: "HoleContinuityEquation"	RelError: 6.88329e-08	AbsError: 6.87695e-08
      Equation: "PotentialEquation"	RelError: 1.31964e-09	AbsError: 1.44645e-09
    Region: "oxide"	RelError: 5.65592e-06	AbsError: 3.89424e-06
      Equation: "PotentialEquation"	RelError: 5.65592e-06	AbsError: 3.89424e-06
Iteration: 2
  Device: "mos2d"	RelError: 9.41484e-04	AbsError: 2.78998e+10
    Region: "bulk"	RelError: 9.41484e-04	AbsError: 2.78998e+10
      Equation: "ElectronContinuityEquation"	RelError: 8.52500e-04	AbsError: 1.76279e+10
      Equation: "HoleContinuityEquation"	RelError: 8.87509e-05	AbsError: 1.02719e+10
      Equation: "PotentialEquation"	RelError: 2.33158e-07	AbsError: 8.71458e-09
    Region: "gate"	RelError: 4.21823e-12	AbsError: 2.08791e+08
      Equation: "ElectronContinuityEquation"	RelError: 2.08599e-12	AbsError: 2.08791e+08
      Equation: "HoleContinuityEquation"	RelError: 2.08294e-12	AbsError: 2.08102e-12
      Equation: "PotentialEquation"	RelError: 4.93008e-14	AbsError: 5.40385e-14
    Region: "oxide"	RelError: 1.46905e-10	AbsError: 1.81804e-10
      Equation: "PotentialEquation"	RelError: 1.46905e-10	AbsError: 1.81804e-10
Iteration: 3
  Device: "mos2d"	RelError: 2.39892e-08	AbsError: 8.08436e+03
    Region: "bulk"	RelError: 2.39892e-08	AbsError: 1.75142e+03
      Equation: "ElectronContinuityEquation"	RelError: 1.98486e-08	AbsError: 1.02730e+03
      Equation: "HoleContinuityEquation"	RelError: 4.14057e-09	AbsError: 7.24118e+02
      Equation: "PotentialEquation"	RelError: 2.27096e-14	AbsError: 5.71808e-16
    Region: "gate"	RelError: 4.00181e-16	AbsError: 8.08436e+03
      Equation: "ElectronContinuityEquation"	RelError: 8.08436e-17	AbsError: 8.08436e+03
      Equation: "HoleContinuityEquation"	RelError: 2.17985e-16	AbsError: 2.20145e-16
      Equation: "PotentialEquation"	RelError: 1.01352e-16	AbsError: 1.11089e-16
    Region: "oxide"	RelError: 1.46070e-16	AbsError: 1.20047e-16
      Equation: "PotentialEquation"	RelError: 1.46070e-16	AbsError: 1.20047e-16
Succeeded
IVPOINT	IDVD_VG1P0	5.00000000e-01	1.00000000e+00	2.12592875e-04
drain last end 1.000000e+00 2.000000e+00
number of equations 4409
Iteration: 0
  Device: "mos2d"	RelError: 1.90006e+00	AbsError: 2.53388e+16
    Region: "bulk"	RelError: 1.88893e+00	AbsError: 2.53388e+16
      Equation: "ElectronContinuityEquation"	RelError: 3.28164e-01	AbsError: 2.35760e+16
      Equation: "HoleContinuityEquation"	RelError: 9.00182e-01	AbsError: 1.76277e+15
      Equation: "PotentialEquation"	RelError: 6.60581e-01	AbsError: 2.00000e-02
    Region: "gate"	RelError: 3.25525e-04	AbsError: 1.61011e+16
      Equation: "ElectronContinuityEquation"	RelError: 1.60837e-04	AbsError: 1.61011e+16
      Equation: "HoleContinuityEquation"	RelError: 1.60889e-04	AbsError: 1.60715e-04
      Equation: "PotentialEquation"	RelError: 3.79917e-06	AbsError: 4.16429e-06
    Region: "oxide"	RelError: 1.08105e-02	AbsError: 1.35248e-02
      Equation: "PotentialEquation"	RelError: 1.08105e-02	AbsError: 1.35248e-02
Iteration: 1
  Device: "mos2d"	RelError: 1.99900e-01	AbsError: 2.97399e+14
    Region: "bulk"	RelError: 1.99894e-01	AbsError: 2.97399e+14
      Equation: "ElectronContinuityEquation"	RelError: 4.10005e-02	AbsError: 2.59929e+14
      Equation: "HoleContinuityEquation"	RelError: 1.57546e-01	AbsError: 3.74704e+13
      Equation: "PotentialEquation"	RelError: 1.34823e-03	AbsError: 4.93118e-05
    Region: "gate"	RelError: 1.07994e-07	AbsError: 4.04721e+12
      Equation: "ElectronContinuityEquation"	RelError: 4.04283e-08	AbsError: 4.04721e+12
      Equation: "HoleContinuityEquation"	RelError: 6.63051e-08	AbsError: 6.62333e-08
      Equation: "PotentialEquation"	RelError: 1.26035e-09	AbsError: 1.38148e-09
    Region: "oxide"	RelError: 5.61959e-06	AbsError: 3.67367e-06
      Equation: "PotentialEquation"	RelError: 5.61959e-06	AbsError: 3.67367e-06
Iteration: 2
  Device: "mos2d"	RelError: 9.93506e-04	AbsError: 2.70507e+10
    Region: "bulk"	RelError: 9.93506e-04	AbsError: 2.70507e+10
      Equation: "ElectronContinuityEquation"	RelError: 9.15809e-04	AbsError: 1.72317e+10
      Equation: "HoleContinuityEquation"	RelError: 7.75351e-05	AbsError: 9.81901e+09
      Equation: "PotentialEquation"	RelError: 1.61066e-07	AbsError: 8.89864e-09
    Region: "gate"	RelError: 4.03510e-12	AbsError: 1.99758e+08
      Equation: "ElectronContinuityEquation"	RelError: 1.99542e-12	AbsError: 1.99758e+08
      Equation: "HoleContinuityEquation"	RelError: 1.99250e-12	AbsError: 1.99034e-12
      Equation: "PotentialEquation"	RelError: 4.71866e-14	AbsError: 5.17214e-14
    Region: "oxide"	RelError: 1.38732e-10	AbsError: 1.73565e-10
      Equation: "PotentialEquation"	RelError: 1.38732e-10	AbsError: 1.73565e-10
Iteration: 3
  Device: "mos2d"	RelError: 1.01532e-07	AbsError: 8.21387e+03
    Region: "bulk"	RelError: 1.01532e-07	AbsError: 2.06701e+03
      Equation: "ElectronContinuityEquation"	RelError: 9.35839e-08	AbsError: 1.41054e+03
      Equation: "HoleContinuityEquation"	RelError: 7.94847e-09	AbsError: 6.56473e+02
      Equation: "PotentialEquation"	RelError: 3.19383e-14	AbsError: 5.53989e-16
    Region: "gate"	RelError: 3.90273e-16	AbsError: 8.21387e+03
      Equation: "ElectronContinuityEquation"	RelError: 8.28183e-17	AbsError: 8.21387e+03
      Equation: "HoleContinuityEquation"	RelError: 2.06142e-16	AbsError: 2.06260e-16
      Equation: "PotentialEquation"	RelError: 1.01312e-16	AbsError: 1.11046e-16
    Region: "oxide"	RelError: 1.62895e-16	AbsError: 1.17837e-16
      Equation: "PotentialEquation"	RelError: 1.62895e-16	AbsError: 1.17837e-16
Succeeded
IVPOINT	IDVD_VG1P0	5.00000000e-01	1.02000000e+00	2.17175630e-04
drain last end 1.020000e+00 2.000000e+00
number of equations 4409
Iteration: 0
  Device: "mos2d"	RelError: 3.20346e+00	AbsError: 2.53757e+16
    Region: "bulk"	RelError: 3.19245e+00	AbsError: 2.53757e+16
      Equation: "ElectronContinuityEquation"	RelError: 3.23379e-01	AbsError: 2.36222e+16
      Equation: "HoleContinuityEquation"	RelError: 8.91447e-01	AbsError: 1.75351e+15
      Equation: "PotentialEquation"	RelError: 1.97762e+00	AbsError: 2.00000e-02
    Region: "gate"	RelError: 3.25310e-04	AbsError: 1.60931e+16
      Equation: "ElectronContinuityEquation"	RelError: 1.60731e-04	AbsError: 1.60931e+16
      Equation: "HoleContinuityEquation"	RelError: 1.60783e-04	AbsError: 1.60583e-04
      Equation: "PotentialEquation"	RelError: 3.79666e-06	AbsError: 4.16154e-06
    Region: "oxide"	RelError: 1.06892e-02	AbsError: 1.35175e-02
      Equation: "PotentialEquation"	RelError: 1.06892e-02	AbsError: 1.35175e-02
Iteration: 1
  Device: "mos2d"	RelError: 1.97150e-01	AbsError: 2.93144e+14
    Region: "bulk"	RelError: 1.97144e-01	AbsError: 2.93144e+14
      Equation: "ElectronContinuityEquation"	RelError: 3.91275e-02	AbsError: 2.54715e+14
      Equation: "HoleContinuityEquation"	RelError: 1.54050e-01	AbsError: 3.84290e+13
      Equation: "PotentialEquation"	RelError: 3.96670e-03	AbsError: 5.03428e-05
    Region: "gate"	RelError: 1.03171e-07	AbsError: 3.81095e+12
      Equation: "ElectronContinuityEquation"	RelError: 3.80622e-08	AbsError: 3.81095e+12
      Equation: "HoleContinuityEquation"	RelError: 6.39049e-08	AbsError: 6.38255e-08
      Equation: "PotentialEquation"	RelError: 1.20407e-09	AbsError: 1.31979e-09
    Region: "oxide"	RelError: 5.58116e-06	AbsError: 3.46504e-06
      Equation: "PotentialEquation"	RelError: 5.58116e-06	AbsError: 3.46504e-06
Iteration: 2
  Device: "mos2d"	RelError: 1.12676e-03	AbsError: 2.72143e+10
    Region: "bulk"	RelError: 1.12676e-03	AbsError: 2.72143e+10
      Equation: "ElectronContinuityEquation"	RelError: 1.04214e-03	AbsError: 1.67279e+10
      Equation: "HoleContinuityEquation"	RelError: 8.43751e-05	AbsError: 1.04864e+10
      Equation: "PotentialEquation"	RelError: 2.43918e-07	AbsError: 9.58606e-09
    Region: "gate"	RelError: 3.84347e-12	AbsError: 1.90298e+08
      Equation: "ElectronContinuityEquation"	RelError: 1.90061e-12	AbsError: 1.90298e+08
      Equation: "HoleContinuityEquation"	RelError: 1.89800e-12	AbsError: 1.89564e-12
      Equation: "PotentialEquation"	RelError: 4.48579e-14	AbsError: 4.91690e-14
    Region: "oxide"	RelError: 1.35126e-10	AbsError: 1.65102e-10
      Equation: "PotentialEquation"	RelError: 1.35126e-10	AbsError: 1.65102e-10
Iteration: 3
  Device: "mos2d"	RelError: 1.64524e-07	AbsError: 7.69155e+03
    Region: "bulk"	RelError: 1.64524e-07	AbsError: 2.03148e+03
      Equation: "ElectronContinuityEquation"	RelError: 1.52485e-07	AbsError: 1.36379e+03
      Equation: "HoleContinuityEquation"	RelError: 1.20390e-08	AbsError: 6.67693e+02
      Equation: "PotentialEquation"	RelError: 4.75812e-14	AbsError: 6.28908e-16
    Region: "gate"	RelError: 3.37831e-16	AbsError: 7.69155e+03
      Equation: "ElectronContinuityEquation"	RelError: 7.76430e-17	AbsError: 7.69155e+03
      Equation: "HoleContinuityEquation"	RelError: 1.58832e-16	AbsError: 1.60305e-16
      Equation: "PotentialEquation"	RelError: 1.01355e-16	AbsError: 1.11093e-16
    Region: "oxide"	RelError: 1.25012e-16	AbsError: 1.08470e-16
      Equation: "PotentialEquation"	RelError: 1.25012e-16	AbsError: 1.08470e-16
Succeeded
IVPOINT	IDVD_VG1P0	5.00000000e-01	1.04000000e+00	2.21833614e-04
drain last end 1.040000e+00 2.000000e+00
number of equations 4409
Iteration: 0
  Device: "mos2d"	RelError: 3.22136e+00	AbsError: 2.54074e+16
    Region: "bulk"	RelError: 3.21046e+00	AbsError: 2.54074e+16
      Equation: "ElectronContinuityEquation"	RelError: 3.20309e-01	AbsError: 2.36661e+16
      Equation: "HoleContinuityEquation"	RelError: 8.83484e-01	AbsError: 1.74129e+15
      Equation: "PotentialEquation"	RelError: 2.00667e+00	AbsError: 2.00000e-02
    Region: "gate"	RelError: 3.25106e-04	AbsError: 1.60856e+16
      Equation: "ElectronContinuityEquation"	RelError: 1.60630e-04	AbsError: 1.60856e+16
      Equation: "HoleContinuityEquation"	RelError: 1.60681e-04	AbsError: 1.60456e-04
      Equation: "PotentialEquation"	RelError: 3.79425e-06	AbsError: 4.15892e-06
    Region: "oxide"	RelError: 1.05709e-02	AbsError: 1.35107e-02
      Equation: "PotentialEquation"	RelError: 1.05709e-02	AbsError: 1.35107e-02
Iteration: 1
  Device: "mos2d"	RelError: 1.93696e-01	AbsError: 2.87976e+14
    Region: "bulk"	RelError: 1.93690e-01	AbsError: 2.87976e+14
      Equation: "ElectronContinuityEquation"	RelError: 3.68402e-02	AbsError: 2.48887e+14
      Equation: "HoleContinuityEquation"	RelError: 1.52933e-01	AbsError: 3.90891e+13
      Equation: "PotentialEquation"	RelError: 3.91678e-03	AbsError: 5.12079e-05
    Region: "gate"	RelError: 9.85708e-08	AbsError: 3.58554e+12
      Equation: "ElectronContinuityEquation"	RelError: 3.58051e-08	AbsError: 3.58554e+12
      Equation: "HoleContinuityEquation"	RelError: 6.16154e-08	AbsError: 6.15289e-08
      Equation: "PotentialEquation"	RelError: 1.15037e-09	AbsError: 1.26094e-09
    Region: "oxide"	RelError: 5.54097e-06	AbsError: 3.26677e-06
      Equation: "PotentialEquation"	RelError: 5.54097e-06	AbsError: 3.26677e-06
Iteration: 2
  Device: "mos2d"	RelError: 1.22758e-03	AbsError: 2.71538e+10
    Region: "bulk"	RelError: 1.22758e-03	AbsError: 2.71538e+10
      Equation: "ElectronContinuityEquation"	RelError: 1.13596e-03	AbsError: 1.61292e+10
      Equation: "HoleContinuityEquation"	RelError: 9.13890e-05	AbsError: 1.10246e+10
      Equation: "PotentialEquation"	RelError: 2.34255e-07	AbsError: 1.01871e-08
    Region: "gate"	RelError: 3.64261e-12	AbsError: 1.80385e+08
      Equation: "ElectronContinuityEquation"	RelError: 1.80132e-12	AbsError: 1.80385e+08
      Equation: "HoleContinuityEquation"	RelError: 1.79875e-12	AbsError: 1.79623e-12
      Equation: "PotentialEquation"	RelError: 4.25335e-14	AbsError: 4.66215e-14
    Region: "oxide"	RelError: 1.32224e-10	AbsError: 1.56368e-10
      Equation: "PotentialEquation"	RelError: 1.32224e-10	AbsError: 1.56368e-10
Iteration: 3
  Device: "mos2d"	RelError: 1.29614e-07	AbsError: 8.18463e+03
    Region: "bulk"	RelError: 1.29614e-07	AbsError: 2.29566e+03
      Equation: "ElectronContinuityEquation"	RelError: 1.22752e-07	AbsError: 1.51069e+03
      Equation: "HoleContinuityEquation"	RelError: 6.86231e-09	AbsError: 7.84976e+02
      Equation: "PotentialEquation"	RelError: 4.24653e-14	AbsError: 7.07894e-16
    Region: "gate"	RelError: 3.66259e-16	AbsError: 8.18463e+03
      Equation: "ElectronContinuityEquation"	RelError: 8.18467e-17	AbsError: 8.18463e+03
      Equation: "HoleContinuityEquation"	RelError: 1.83110e-16	AbsError: 1.85220e-16
      Equation: "PotentialEquation"	RelError: 1.01302e-16	AbsError: 1.11035e-16
    Region: "oxide"	RelError: 1.18969e-16	AbsError: 1.13842e-16
      Equation: "PotentialEquation"	RelError: 1.18969e-16	AbsError: 1.13842e-16
Succeeded
IVPOINT	IDVD_VG1P0	5.00000000e-01	1.06000000e+00	2.26568015e-04
drain last end 1.060000e+00 2.000000e+00
number of equations 4409
Iteration: 0
  Device: "mos2d"	RelError: 3.17392e+01	AbsError: 2.54338e+16
    Region: "bulk"	RelError: 3.17284e+01	AbsError: 2.54338e+16
      Equation: "ElectronContinuityEquation"	RelError: 3.16716e-01	AbsError: 2.37079e+16
      Equation: "HoleContinuityEquation"	RelError: 8.78148e-01	AbsError: 1.72586e+15
      Equation: "PotentialEquation"	RelError: 3.05336e+01	AbsError: 2.00000e-02
    Region: "gate"	RelError: 3.24910e-04	AbsError: 1.60785e+16
      Equation: "ElectronContinuityEquation"	RelError: 1.60533e-04	AbsError: 1.60785e+16
      Equation: "HoleContinuityEquation"	RelError: 1.60585e-04	AbsError: 1.60334e-04
      Equation: "PotentialEquation"	RelError: 3.79196e-06	AbsError: 4.15642e-06
    Region: "oxide"	RelError: 1.04554e-02	AbsError: 1.35042e-02
      Equation: "PotentialEquation"	RelError: 1.04554e-02	AbsError: 1.35042e-02
Iteration: 1
  Device: "mos2d"	RelError: 2.45483e-01	AbsError: 2.81940e+14
    Region: "bulk"	RelError: 2.45477e-01	AbsError: 2.81940e+14
      Equation: "ElectronContinuityEquation"	RelError: 3.51638e-02	AbsError: 2.42507e+14
      Equation: "HoleContinuityEquation"	RelError: 1.51359e-01	AbsError: 3.94331e+13
      Equation: "PotentialEquation"	RelError: 5.89539e-02	AbsError: 5.18822e-05
    Region: "gate"	RelError: 9.41655e-08	AbsError: 3.36964e+12
      Equation: "ElectronContinuityEquation"	RelError: 3.36437e-08	AbsError: 3.36964e+12
      Equation: "HoleContinuityEquation"	RelError: 5.94229e-08	AbsError: 5.93300e-08
      Equation: "PotentialEquation"	RelError: 1.09895e-09	AbsError: 1.20458e-09
    Region: "oxide"	RelError: 5.49931e-06	AbsError: 3.07761e-06
      Equation: "PotentialEquation"	RelError: 5.49931e-06	AbsError: 3.07761e-06
Iteration: 2
  Device: "mos2d"	RelError: 1.28102e-03	AbsError: 2.68535e+10
    Region: "bulk"	RelError: 1.28102e-03	AbsError: 2.68535e+10
      Equation: "ElectronContinuityEquation"	RelError: 1.17967e-03	AbsError: 1.54494e+10
      Equation: "HoleContinuityEquation"	RelError: 9.84023e-05	AbsError: 1.14041e+10
      Equation: "PotentialEquation"	RelError: 2.94773e-06	AbsError: 1.06746e-08
    Region: "gate"	RelError: 3.43261e-12	AbsError: 1.69999e+08
      Equation: "ElectronContinuityEquation"	RelError: 1.69734e-12	AbsError: 1.69999e+08
      Equation: "HoleContinuityEquation"	RelError: 1.69511e-12	AbsError: 1.69246e-12
      Equation: "PotentialEquation"	RelError: 4.01589e-14	AbsError: 4.40187e-14
    Region: "oxide"	RelError: 1.29519e-10	AbsError: 1.47359e-10
      Equation: "PotentialEquation"	RelError: 1.29519e-10	AbsError: 1.47359e-10
Iteration: 3
  Device: "mos2d"	RelError: 3.54649e-08	AbsError: 8.18110e+03
    Region: "bulk"	RelError: 3.54649e-08	AbsError: 2.14817e+03
      Equation: "ElectronContinuityEquation"	RelError: 2.48531e-08	AbsError: 1.28753e+03
      Equation: "HoleContinuityEquation"	RelError: 1.06117e-08	AbsError: 8.60641e+02
      Equation: "PotentialEquation"	RelError: 1.32882e-13	AbsError: 8.17206e-16
    Region: "gate"	RelError: 4.81134e-16	AbsError: 8.18110e+03
      Equation: "ElectronContinuityEquation"	RelError: 8.18110e-17	AbsError: 8.18110e+03
      Equation: "HoleContinuityEquation"	RelError: 2.97992e-16	AbsError: 3.00512e-16
      Equation: "PotentialEquation"	RelError: 1.01331e-16	AbsError: 1.11066e-16
    Region: "oxide"	RelError: 1.56284e-16	AbsError: 1.10599e-16
      Equation: "PotentialEquation"	RelError: 1.56284e-16	AbsError: 1.10599e-16
Succeeded
IVPOINT	IDVD_VG1P0	5.00000000e-01	1.08000000e+00	2.31380037e-04
drain last end 1.080000e+00 2.000000e+00
number of equations 4409
Iteration: 0
  Device: "mos2d"	RelError: 3.08950e+00	AbsError: 2.54544e+16
    Region: "bulk"	RelError: 3.07883e+00	AbsError: 2.54544e+16
      Equation: "ElectronContinuityEquation"	RelError: 3.12455e-01	AbsError: 2.37475e+16
      Equation: "HoleContinuityEquation"	RelError: 8.70153e-01	AbsError: 1.70694e+15
      Equation: "PotentialEquation"	RelError: 1.89623e+00	AbsError: 2.00000e-02
    Region: "gate"	RelError: 3.24723e-04	AbsError: 1.60718e+16
      Equation: "ElectronContinuityEquation"	RelError: 1.60441e-04	AbsError: 1.60718e+16
      Equation: "HoleContinuityEquation"	RelError: 1.60492e-04	AbsError: 1.60216e-04
      Equation: "PotentialEquation"	RelError: 3.78976e-06	AbsError: 4.15403e-06
    Region: "oxide"	RelError: 1.03426e-02	AbsError: 1.34981e-02
      Equation: "PotentialEquation"	RelError: 1.03426e-02	AbsError: 1.34981e-02
Iteration: 1
  Device: "mos2d"	RelError: 1.87989e-01	AbsError: 2.75089e+14
    Region: "bulk"	RelError: 1.87983e-01	AbsError: 2.75089e+14
      Equation: "ElectronContinuityEquation"	RelError: 3.46515e-02	AbsError: 2.35640e+14
      Equation: "HoleContinuityEquation"	RelError: 1.50165e-01	AbsError: 3.94492e+13
      Equation: "PotentialEquation"	RelError: 3.16695e-03	AbsError: 5.23452e-05
    Region: "gate"	RelError: 8.99343e-08	AbsError: 3.16221e+12
      Equation: "ElectronContinuityEquation"	RelError: 3.15676e-08	AbsError: 3.16221e+12
      Equation: "HoleContinuityEquation"	RelError: 5.73171e-08	AbsError: 5.72183e-08
      Equation: "PotentialEquation"	RelError: 1.04957e-09	AbsError: 1.15045e-09
    Region: "oxide"	RelError: 5.45647e-06	AbsError: 2.89657e-06
      Equation: "PotentialEquation"	RelError: 5.45647e-06	AbsError: 2.89657e-06
Iteration: 2
  Device: "mos2d"	RelError: 1.31495e-03	AbsError: 2.63025e+10
    Region: "bulk"	RelError: 1.31495e-03	AbsError: 2.63025e+10
      Equation: "ElectronContinuityEquation"	RelError: 1.20956e-03	AbsError: 1.47028e+10
      Equation: "HoleContinuityEquation"	RelError: 1.05226e-04	AbsError: 1.15997e+10
      Equation: "PotentialEquation"	RelError: 1.63923e-07	AbsError: 1.10259e-08
    Region: "gate"	RelError: 3.21411e-12	AbsError: 1.59207e+08
      Equation: "ElectronContinuityEquation"	RelError: 1.58932e-12	AbsError: 1.59207e+08
      Equation: "HoleContinuityEquation"	RelError: 1.58728e-12	AbsError: 1.58455e-12
      Equation: "PotentialEquation"	RelError: 3.75018e-14	AbsError: 4.11064e-14
    Region: "oxide"	RelError: 1.26994e-10	AbsError: 1.38102e-10
      Equation: "PotentialEquation"	RelError: 1.26994e-10	AbsError: 1.38102e-10
Iteration: 3
  Device: "mos2d"	RelError: 4.03866e-08	AbsError: 8.10164e+03
    Region: "bulk"	RelError: 4.03866e-08	AbsError: 2.15696e+03
      Equation: "ElectronContinuityEquation"	RelError: 2.55869e-08	AbsError: 1.25645e+03
      Equation: "HoleContinuityEquation"	RelError: 1.47997e-08	AbsError: 9.00505e+02
      Equation: "PotentialEquation"	RelError: 2.33535e-14	AbsError: 8.94981e-16
    Region: "gate"	RelError: 3.57733e-16	AbsError: 8.10164e+03
      Equation: "ElectronContinuityEquation"	RelError: 8.10164e-17	AbsError: 8.10164e+03
      Equation: "HoleContinuityEquation"	RelError: 1.75413e-16	AbsError: 1.77217e-16
      Equation: "PotentialEquation"	RelError: 1.01304e-16	AbsError: 1.11037e-16
    Region: "oxide"	RelError: 1.35530e-16	AbsError: 1.10792e-16
      Equation: "PotentialEquation"	RelError: 1.35530e-16	AbsError: 1.10792e-16
Succeeded
IVPOINT	IDVD_VG1P0	5.00000000e-01	1.10000000e+00	2.36270897e-04
drain last end 1.100000e+00 2.000000e+00
number of equations 4409
Iteration: 0
  Device: "mos2d"	RelError: 3.42101e+00	AbsError: 2.54690e+16
    Region: "bulk"	RelError: 3.41045e+00	AbsError: 2.54690e+16
      Equation: "ElectronContinuityEquation"	RelError: 3.07347e-01	AbsError: 2.37848e+16
      Equation: "HoleContinuityEquation"	RelError: 8.59167e-01	AbsError: 1.68422e+15
      Equation: "PotentialEquation"	RelError: 2.24394e+00	AbsError: 2.00000e-02
    Region: "gate"	RelError: 3.24545e-04	AbsError: 1.60655e+16
      Equation: "ElectronContinuityEquation"	RelError: 1.60353e-04	AbsError: 1.60655e+16
      Equation: "HoleContinuityEquation"	RelError: 1.60404e-04	AbsError: 1.60102e-04
      Equation: "PotentialEquation"	RelError: 3.78766e-06	AbsError: 4.15175e-06
    Region: "oxide"	RelError: 1.02324e-02	AbsError: 1.34924e-02
      Equation: "PotentialEquation"	RelError: 1.02324e-02	AbsError: 1.34924e-02
Iteration: 1
  Device: "mos2d"	RelError: 1.87721e-01	AbsError: 2.67482e+14
    Region: "bulk"	RelError: 1.87716e-01	AbsError: 2.67482e+14
      Equation: "ElectronContinuityEquation"	RelError: 3.40601e-02	AbsError: 2.28350e+14
      Equation: "HoleContinuityEquation"	RelError: 1.48219e-01	AbsError: 3.91326e+13
      Equation: "PotentialEquation"	RelError: 5.43625e-03	AbsError: 5.25830e-05
    Region: "gate"	RelError: 8.58612e-08	AbsError: 2.96248e+12
      Equation: "ElectronContinuityEquation"	RelError: 2.95690e-08	AbsError: 2.96248e+12
      Equation: "HoleContinuityEquation"	RelError: 5.52902e-08	AbsError: 5.51861e-08
      Equation: "PotentialEquation"	RelError: 1.00203e-09	AbsError: 1.09835e-09
    Region: "oxide"	RelError: 5.41268e-06	AbsError: 2.72289e-06
      Equation: "PotentialEquation"	RelError: 5.41268e-06	AbsError: 2.72289e-06
Iteration: 2
  Device: "mos2d"	RelError: 1.43849e-03	AbsError: 2.54974e+10
    Region: "bulk"	RelError: 1.43849e-03	AbsError: 2.54974e+10
      Equation: "ElectronContinuityEquation"	RelError: 1.32632e-03	AbsError: 1.39038e+10
      Equation: "HoleContinuityEquation"	RelError: 1.11672e-04	AbsError: 1.15936e+10
      Equation: "PotentialEquation"	RelError: 4.97607e-07	AbsError: 1.12263e-08
    Region: "gate"	RelError: 2.98882e-12	AbsError: 1.48069e+08
      Equation: "ElectronContinuityEquation"	RelError: 1.47790e-12	AbsError: 1.48069e+08
      Equation: "HoleContinuityEquation"	RelError: 1.47595e-12	AbsError: 1.47317e-12
      Equation: "PotentialEquation"	RelError: 3.49614e-14	AbsError: 3.83220e-14
    Region: "oxide"	RelError: 1.24633e-10	AbsError: 1.28650e-10
      Equation: "PotentialEquation"	RelError: 1.24633e-10	AbsError: 1.28650e-10
Iteration: 3
  Device: "mos2d"	RelError: 4.12494e-08	AbsError: 8.07823e+03
    Region: "bulk"	RelError: 4.12494e-08	AbsError: 2.99250e+03
      Equation: "ElectronContinuityEquation"	RelError: 2.59919e-08	AbsError: 2.04653e+03
      Equation: "HoleContinuityEquation"	RelError: 1.52575e-08	AbsError: 9.45965e+02
      Equation: "PotentialEquation"	RelError: 2.21104e-14	AbsError: 8.63329e-16
    Region: "gate"	RelError: 4.01688e-16	AbsError: 8.07823e+03
      Equation: "ElectronContinuityEquation"	RelError: 8.16131e-17	AbsError: 8.07823e+03
      Equation: "HoleContinuityEquation"	RelError: 2.18717e-16	AbsError: 2.20925e-16
      Equation: "PotentialEquation"	RelError: 1.01357e-16	AbsError: 1.11095e-16
    Region: "oxide"	RelError: 1.64687e-16	AbsError: 1.33061e-16
      Equation: "PotentialEquation"	RelError: 1.64687e-16	AbsError: 1.33061e-16
Succeeded
IVPOINT	IDVD_VG1P0	5.00000000e-01	1.12000000e+00	2.41241828e-04
drain last end 1.120000e+00 2.000000e+00
number of equations 4409
Iteration: 0
  Device: "mos2d"	RelError: 3.76539e+00	AbsError: 2.54927e+16
    Region: "bulk"	RelError: 3.75494e+00	AbsError: 2.54927e+16
      Equation: "ElectronContinuityEquation"	RelError: 3.01185e-01	AbsError: 2.38198e+16
      Equation: "HoleContinuityEquation"	RelError: 8.42675e-01	AbsError: 1.67287e+15
      Equation: "PotentialEquation"	RelError: 2.61108e+00	AbsError: 2.00000e-02
    Region: "gate"	RelError: 3.24374e-04	AbsError: 1.60597e+16
      Equation: "ElectronContinuityEquation"	RelError: 1.60269e-04	AbsError: 1.60597e+16
      Equation: "HoleContinuityEquation"	RelError: 1.60320e-04	AbsError: 1.59992e-04
      Equation: "PotentialEquation"	RelError: 3.78566e-06	AbsError: 4.14957e-06
    Region: "oxide"	RelError: 1.01248e-02	AbsError: 1.34870e-02
      Equation: "PotentialEquation"	RelError: 1.01248e-02	AbsError: 1.34870e-02
Iteration: 1
  Device: "mos2d"	RelError: 1.83430e-01	AbsError: 2.59192e+14
    Region: "bulk"	RelError: 1.83425e-01	AbsError: 2.59192e+14
      Equation: "ElectronContinuityEquation"	RelError: 3.33706e-02	AbsError: 2.20704e+14
      Equation: "HoleContinuityEquation"	RelError: 1.45885e-01	AbsError: 3.84872e+13
      Equation: "PotentialEquation"	RelError: 4.16972e-03	AbsError: 5.25890e-05
    Region: "gate"	RelError: 8.24730e-08	AbsError: 2.79542e+12
      Equation: "ElectronContinuityEquation"	RelError: 2.81804e-08	AbsError: 2.79542e+12
      Equation: "HoleContinuityEquation"	RelError: 5.33364e-08	AbsError: 5.32275e-08
      Equation: "PotentialEquation"	RelError: 9.56202e-10	AbsError: 1.04812e-09
    Region: "oxide"	RelError: 5.36815e-06	AbsError: 2.55601e-06
      Equation: "PotentialEquation"	RelError: 5.36815e-06	AbsError: 2.55601e-06
Iteration: 2
  Device: "mos2d"	RelError: 1.50669e-03	AbsError: 2.44454e+10
    Region: "bulk"	RelError: 1.50669e-03	AbsError: 2.44454e+10
      Equation: "ElectronContinuityEquation"	RelError: 1.38877e-03	AbsError: 1.30670e+10
      Equation: "HoleContinuityEquation"	RelError: 1.17559e-04	AbsError: 1.13783e+10
      Equation: "PotentialEquation"	RelError: 3.66520e-07	AbsError: 1.12895e-08
    Region: "gate"	RelError: 2.75878e-12	AbsError: 1.36702e+08
      Equation: "ElectronContinuityEquation"	RelError: 1.36423e-12	AbsError: 1.36702e+08
      Equation: "HoleContinuityEquation"	RelError: 1.36238e-12	AbsError: 1.35959e-12
      Equation: "PotentialEquation"	RelError: 3.21716e-14	AbsError: 3.52641e-14
    Region: "oxide"	RelError: 1.22430e-10	AbsError: 1.19077e-10
      Equation: "PotentialEquation"	RelError: 1.22430e-10	AbsError: 1.19077e-10
Iteration: 3
  Device: "mos2d"	RelError: 3.61361e-08	AbsError: 8.09130e+03
    Region: "bulk"	RelError: 3.61361e-08	AbsError: 1.95851e+03
      Equation: "ElectronContinuityEquation"	RelError: 2.60615e-08	AbsError: 1.03309e+03
      Equation: "HoleContinuityEquation"	RelError: 1.00746e-08	AbsError: 9.25426e+02
      Equation: "PotentialEquation"	RelError: 2.30369e-14	AbsError: 8.95394e-16
    Region: "gate"	RelError: 3.92140e-16	AbsError: 8.09130e+03
      Equation: "ElectronContinuityEquation"	RelError: 8.09130e-17	AbsError: 8.09130e+03
      Equation: "HoleContinuityEquation"	RelError: 2.09904e-16	AbsError: 2.11351e-16
      Equation: "PotentialEquation"	RelError: 1.01323e-16	AbsError: 1.11058e-16
    Region: "oxide"	RelError: 1.25387e-16	AbsError: 1.19927e-16
      Equation: "PotentialEquation"	RelError: 1.25387e-16	AbsError: 1.19927e-16
Succeeded
IVPOINT	IDVD_VG1P0	5.00000000e-01	1.14000000e+00	2.46294078e-04
drain last end 1.140000e+00 2.000000e+00
number of equations 4409
Iteration: 0
  Device: "mos2d"	RelError: 2.73239e+00	AbsError: 2.55376e+16
    Region: "bulk"	RelError: 2.72205e+00	AbsError: 2.55376e+16
      Equation: "ElectronContinuityEquation"	RelError: 2.93728e-01	AbsError: 2.38525e+16
      Equation: "HoleContinuityEquation"	RelError: 8.14752e-01	AbsError: 1.68508e+15
      Equation: "PotentialEquation"	RelError: 1.61357e+00	AbsError: 2.00000e-02
    Region: "gate"	RelError: 3.24212e-04	AbsError: 1.60542e+16
      Equation: "ElectronContinuityEquation"	RelError: 1.60188e-04	AbsError: 1.60542e+16
      Equation: "HoleContinuityEquation"	RelError: 1.60240e-04	AbsError: 1.59886e-04
      Equation: "PotentialEquation"	RelError: 3.78375e-06	AbsError: 4.14749e-06
    Region: "oxide"	RelError: 1.00196e-02	AbsError: 1.34819e-02
      Equation: "PotentialEquation"	RelError: 1.00196e-02	AbsError: 1.34819e-02
Iteration: 1
  Device: "mos2d"	RelError: 1.77084e-01	AbsError: 2.50296e+14
    Region: "bulk"	RelError: 1.77079e-01	AbsError: 2.50296e+14
      Equation: "ElectronContinuityEquation"	RelError: 3.25624e-02	AbsError: 2.12769e+14
      Equation: "HoleContinuityEquation"	RelError: 1.42053e-01	AbsError: 3.75264e+13
      Equation: "PotentialEquation"	RelError: 2.46404e-03	AbsError: 5.23648e-05
    Region: "gate"	RelError: 8.04300e-08	AbsError: 2.78418e+12
      Equation: "ElectronContinuityEquation"	RelError: 2.80662e-08	AbsError: 2.78418e+12
      Equation: "HoleContinuityEquation"	RelError: 5.14517e-08	AbsError: 5.13384e-08
      Equation: "PotentialEquation"	RelError: 9.11991e-10	AbsError: 9.99663e-10
    Region: "oxide"	RelError: 5.32308e-06	AbsError: 2.39549e-06
      Equation: "PotentialEquation"	RelError: 5.32308e-06	AbsError: 2.39549e-06
Iteration: 2
  Device: "mos2d"	RelError: 1.50474e-03	AbsError: 2.31653e+10
    Region: "bulk"	RelError: 1.50474e-03	AbsError: 2.31653e+10
      Equation: "ElectronContinuityEquation"	RelError: 1.38186e-03	AbsError: 1.22065e+10
      Equation: "HoleContinuityEquation"	RelError: 1.22725e-04	AbsError: 1.09588e+10
      Equation: "PotentialEquation"	RelError: 1.50729e-07	AbsError: 1.13180e-08
    Region: "gate"	RelError: 2.52675e-12	AbsError: 1.25209e+08
      Equation: "ElectronContinuityEquation"	RelError: 1.24933e-12	AbsError: 1.25209e+08
      Equation: "HoleContinuityEquation"	RelError: 1.24788e-12	AbsError: 1.24513e-12
      Equation: "PotentialEquation"	RelError: 2.95378e-14	AbsError: 3.23774e-14
    Region: "oxide"	RelError: 1.20374e-10	AbsError: 1.09465e-10
      Equation: "PotentialEquation"	RelError: 1.20374e-10	AbsError: 1.09465e-10
Iteration: 3
  Device: "mos2d"	RelError: 3.33185e-08	AbsError: 8.05374e+03
    Region: "bulk"	RelError: 3.33185e-08	AbsError: 1.91249e+03
      Equation: "ElectronContinuityEquation"	RelError: 2.57979e-08	AbsError: 1.03582e+03
      Equation: "HoleContinuityEquation"	RelError: 7.52059e-09	AbsError: 8.76675e+02
      Equation: "PotentialEquation"	RelError: 1.07732e-14	AbsError: 9.78845e-16
    Region: "gate"	RelError: 3.43485e-16	AbsError: 8.05374e+03
      Equation: "ElectronContinuityEquation"	RelError: 8.05373e-17	AbsError: 8.05374e+03
      Equation: "HoleContinuityEquation"	RelError: 1.61627e-16	AbsError: 1.63489e-16
      Equation: "PotentialEquation"	RelError: 1.01321e-16	AbsError: 1.11056e-16
    Region: "oxide"	RelError: 1.52198e-16	AbsError: 1.10488e-16
      Equation: "PotentialEquation"	RelError: 1.52198e-16	AbsError: 1.10488e-16
Succeeded
IVPOINT	IDVD_VG1P0	5.00000000e-01	1.16000000e+00	2.51428911e-04
drain last end 1.160000e+00 2.000000e+00
number of equations 4409
Iteration: 0
  Device: "mos2d"	RelError: 3.75286e+00	AbsError: 2.55854e+16
    Region: "bulk"	RelError: 3.74262e+00	AbsError: 2.55854e+16
      Equation: "ElectronContinuityEquation"	RelError: 2.84707e-01	AbsError: 2.38829e+16
      Equation: "HoleContinuityEquation"	RelError: 8.09797e-01	AbsError: 1.70252e+15
      Equation: "PotentialEquation"	RelError: 2.64812e+00	AbsError: 2.00000e-02
    Region: "gate"	RelError: 3.24056e-04	AbsError: 1.60491e+16
      Equation: "ElectronContinuityEquation"	RelError: 1.60112e-04	AbsError: 1.60491e+16
      Equation: "HoleContinuityEquation"	RelError: 1.60163e-04	AbsError: 1.59784e-04
      Equation: "PotentialEquation"	RelError: 3.78193e-06	AbsError: 4.14550e-06
    Region: "oxide"	RelError: 9.91678e-03	AbsError: 1.34772e-02
      Equation: "PotentialEquation"	RelError: 9.91678e-03	AbsError: 1.34772e-02
Iteration: 1
  Device: "mos2d"	RelError: 1.72644e-01	AbsError: 2.40883e+14
    Region: "bulk"	RelError: 1.72639e-01	AbsError: 2.40883e+14
      Equation: "ElectronContinuityEquation"	RelError: 3.16137e-02	AbsError: 2.04610e+14
      Equation: "HoleContinuityEquation"	RelError: 1.35770e-01	AbsError: 3.62729e+13
      Equation: "PotentialEquation"	RelError: 5.25503e-03	AbsError: 5.19202e-05
    Region: "gate"	RelError: 7.84507e-08	AbsError: 2.77254e+12
      Equation: "ElectronContinuityEquation"	RelError: 2.79481e-08	AbsError: 2.77254e+12
      Equation: "HoleContinuityEquation"	RelError: 4.96333e-08	AbsError: 4.95160e-08
      Equation: "PotentialEquation"	RelError: 8.69333e-10	AbsError: 9.52907e-10
    Region: "oxide"	RelError: 5.27763e-06	AbsError: 2.24312e-06
      Equation: "PotentialEquation"	RelError: 5.27763e-06	AbsError: 2.24312e-06
Iteration: 2
  Device: "mos2d"	RelError: 1.42800e-03	AbsError: 2.17051e+10
    Region: "bulk"	RelError: 1.42800e-03	AbsError: 2.17051e+10
      Equation: "ElectronContinuityEquation"	RelError: 1.30075e-03	AbsError: 1.13355e+10
      Equation: "HoleContinuityEquation"	RelError: 1.27024e-04	AbsError: 1.03696e+10
      Equation: "PotentialEquation"	RelError: 2.30130e-07	AbsError: 1.11320e-08
    Region: "gate"	RelError: 2.29464e-12	AbsError: 1.13733e+08
      Equation: "ElectronContinuityEquation"	RelError: 1.13464e-12	AbsError: 1.13733e+08
      Equation: "HoleContinuityEquation"	RelError: 1.13323e-12	AbsError: 1.13055e-12
      Equation: "PotentialEquation"	RelError: 2.67729e-14	AbsError: 2.93467e-14
    Region: "oxide"	RelError: 1.18462e-10	AbsError: 9.99026e-11
      Equation: "PotentialEquation"	RelError: 1.18462e-10	AbsError: 9.99026e-11
Iteration: 3
  Device: "mos2d"	RelError: 5.69165e-08	AbsError: 8.11539e+03
    Region: "bulk"	RelError: 5.69165e-08	AbsError: 2.20564e+03
      Equation: "ElectronContinuityEquation"	RelError: 4.63323e-08	AbsError: 1.30883e+03
      Equation: "HoleContinuityEquation"	RelError: 1.05841e-08	AbsError: 8.96813e+02
      Equation: "PotentialEquation"	RelError: 5.22183e-14	AbsError: 8.79313e-16
    Region: "gate"	RelError: 3.71579e-16	AbsError: 8.11539e+03
      Equation: "ElectronContinuityEquation"	RelError: 8.11539e-17	AbsError: 8.11539e+03
      Equation: "HoleContinuityEquation"	RelError: 1.88369e-16	AbsError: 1.90147e-16
      Equation: "PotentialEquation"	RelError: 1.02056e-16	AbsError: 1.11835e-16
    Region: "oxide"	RelError: 2.70340e-16	AbsError: 1.15847e-16
      Equation: "PotentialEquation"	RelError: 2.70340e-16	AbsError: 1.15847e-16
Succeeded
IVPOINT	IDVD_VG1P0	5.00000000e-01	1.18000000e+00	2.56647609e-04
drain last end 1.180000e+00 2.000000e+00
number of equations 4409
Iteration: 0
  Device: "mos2d"	RelError: 5.86592e+00	AbsError: 2.56279e+16
    Region: "bulk"	RelError: 5.85578e+00	AbsError: 2.56279e+16
      Equation: "ElectronContinuityEquation"	RelError: 2.73830e-01	AbsError: 2.39110e+16
      Equation: "HoleContinuityEquation"	RelError: 8.13334e-01	AbsError: 1.71695e+15
      Equation: "PotentialEquation"	RelError: 4.76861e+00	AbsError: 2.00000e-02
    Region: "gate"	RelError: 3.23909e-04	AbsError: 1.60443e+16
      Equation: "ElectronContinuityEquation"	RelError: 1.60039e-04	AbsError: 1.60443e+16
      Equation: "HoleContinuityEquation"	RelError: 1.60090e-04	AbsError: 1.59686e-04
      Equation: "PotentialEquation"	RelError: 3.78019e-06	AbsError: 4.14361e-06
    Region: "oxide"	RelError: 9.81622e-03	AbsError: 1.34727e-02
      Equation: "PotentialEquation"	RelError: 9.81622e-03	AbsError: 1.34727e-02
Iteration: 1
  Device: "mos2d"	RelError: 1.76468e-01	AbsError: 2.31049e+14
    Region: "bulk"	RelError: 1.76463e-01	AbsError: 2.31049e+14
      Equation: "ElectronContinuityEquation"	RelError: 3.05019e-02	AbsError: 1.96290e+14
      Equation: "HoleContinuityEquation"	RelError: 1.36040e-01	AbsError: 3.47585e+13
      Equation: "PotentialEquation"	RelError: 9.92091e-03	AbsError: 5.15425e-05
    Region: "gate"	RelError: 7.65344e-08	AbsError: 2.76059e+12
      Equation: "ElectronContinuityEquation"	RelError: 2.78267e-08	AbsError: 2.76059e+12
      Equation: "HoleContinuityEquation"	RelError: 4.78795e-08	AbsError: 4.77587e-08
      Equation: "PotentialEquation"	RelError: 8.28187e-10	AbsError: 9.07808e-10
    Region: "oxide"	RelError: 5.23197e-06	AbsError: 2.23312e-06
      Equation: "PotentialEquation"	RelError: 5.23197e-06	AbsError: 2.23312e-06
Iteration: 2
  Device: "mos2d"	RelError: 1.31180e-03	AbsError: 2.05209e+10
    Region: "bulk"	RelError: 1.31180e-03	AbsError: 2.05209e+10
      Equation: "ElectronContinuityEquation"	RelError: 1.18087e-03	AbsError: 1.04663e+10
      Equation: "HoleContinuityEquation"	RelError: 1.30328e-04	AbsError: 1.00545e+10
      Equation: "PotentialEquation"	RelError: 5.97965e-07	AbsError: 1.07424e-08
    Region: "gate"	RelError: 2.06458e-12	AbsError: 1.02355e+08
      Equation: "ElectronContinuityEquation"	RelError: 1.02097e-12	AbsError: 1.02355e+08
      Equation: "HoleContinuityEquation"	RelError: 1.01951e-12	AbsError: 1.01694e-12
      Equation: "PotentialEquation"	RelError: 2.41027e-14	AbsError: 2.64199e-14
    Region: "oxide"	RelError: 1.16683e-10	AbsError: 9.04749e-11
      Equation: "PotentialEquation"	RelError: 1.16683e-10	AbsError: 9.04749e-11
Iteration: 3
  Device: "mos2d"	RelError: 7.23830e-08	AbsError: 8.08921e+03
    Region: "bulk"	RelError: 7.23830e-08	AbsError: 2.04152e+03
      Equation: "ElectronContinuityEquation"	RelError: 4.37886e-08	AbsError: 1.18754e+03
      Equation: "HoleContinuityEquation"	RelError: 2.85944e-08	AbsError: 8.53975e+02
      Equation: "PotentialEquation"	RelError: 8.31287e-14	AbsError: 8.51871e-16
    Region: "gate"	RelError: 3.41112e-16	AbsError: 8.08921e+03
      Equation: "ElectronContinuityEquation"	RelError: 8.17234e-17	AbsError: 8.08921e+03
      Equation: "HoleContinuityEquation"	RelError: 1.58091e-16	AbsError: 1.58507e-16
      Equation: "PotentialEquation"	RelError: 1.01297e-16	AbsError: 1.11030e-16
    Region: "oxide"	RelError: 2.70345e-16	AbsError: 1.28374e-16
      Equation: "PotentialEquation"	RelError: 2.70345e-16	AbsError: 1.28374e-16
Succeeded
IVPOINT	IDVD_VG1P0	5.00000000e-01	1.20000000e+00	2.61951468e-04
drain last end 1.200000e+00 2.000000e+00
number of equations 4409
Iteration: 0
  Device: "mos2d"	RelError: 3.71093e+00	AbsError: 2.56648e+16
    Region: "bulk"	RelError: 3.70089e+00	AbsError: 2.56648e+16
      Equation: "ElectronContinuityEquation"	RelError: 2.60812e-01	AbsError: 2.39367e+16
      Equation: "HoleContinuityEquation"	RelError: 8.15519e-01	AbsError: 1.72812e+15
      Equation: "PotentialEquation"	RelError: 2.62456e+00	AbsError: 2.00000e-02
    Region: "gate"	RelError: 3.23768e-04	AbsError: 1.60399e+16
      Equation: "ElectronContinuityEquation"	RelError: 1.59969e-04	AbsError: 1.60399e+16
      Equation: "HoleContinuityEquation"	RelError: 1.60020e-04	AbsError: 1.59591e-04
      Equation: "PotentialEquation"	RelError: 3.77853e-06	AbsError: 4.14181e-06
    Region: "oxide"	RelError: 9.71786e-03	AbsError: 1.34686e-02
      Equation: "PotentialEquation"	RelError: 9.71786e-03	AbsError: 1.34686e-02
Iteration: 1
  Device: "mos2d"	RelError: 1.73230e-01	AbsError: 2.20892e+14
    Region: "bulk"	RelError: 1.73224e-01	AbsError: 2.20892e+14
      Equation: "ElectronContinuityEquation"	RelError: 2.92061e-02	AbsError: 1.87870e+14
      Equation: "HoleContinuityEquation"	RelError: 1.36765e-01	AbsError: 3.30221e+13
      Equation: "PotentialEquation"	RelError: 7.25268e-03	AbsError: 5.40601e-05
    Region: "gate"	RelError: 7.46807e-08	AbsError: 2.74838e+12
      Equation: "ElectronContinuityEquation"	RelError: 2.77028e-08	AbsError: 2.74838e+12
      Equation: "HoleContinuityEquation"	RelError: 4.61894e-08	AbsError: 4.60655e-08
      Equation: "PotentialEquation"	RelError: 7.88531e-10	AbsError: 8.64344e-10
    Region: "oxide"	RelError: 5.18625e-06	AbsError: 2.22298e-06
      Equation: "PotentialEquation"	RelError: 5.18625e-06	AbsError: 2.22298e-06
Iteration: 2
  Device: "mos2d"	RelError: 1.42278e-03	AbsError: 1.91483e+10
    Region: "bulk"	RelError: 1.42278e-03	AbsError: 1.91483e+10
      Equation: "ElectronContinuityEquation"	RelError: 1.28938e-03	AbsError: 9.60998e+09
      Equation: "HoleContinuityEquation"	RelError: 1.32531e-04	AbsError: 9.53834e+09
      Equation: "PotentialEquation"	RelError: 8.63267e-07	AbsError: 1.01826e-08
    Region: "gate"	RelError: 1.83922e-12	AbsError: 9.11957e+07
      Equation: "ElectronContinuityEquation"	RelError: 9.09511e-13	AbsError: 9.11957e+07
      Equation: "HoleContinuityEquation"	RelError: 9.08282e-13	AbsError: 9.05846e-13
      Equation: "PotentialEquation"	RelError: 2.14288e-14	AbsError: 2.34891e-14
    Region: "oxide"	RelError: 1.15026e-10	AbsError: 8.12616e-11
      Equation: "PotentialEquation"	RelError: 1.15026e-10	AbsError: 8.12616e-11
Iteration: 3
  Device: "mos2d"	RelError: 3.74061e-07	AbsError: 8.08265e+03
    Region: "bulk"	RelError: 3.74061e-07	AbsError: 2.10291e+03
      Equation: "ElectronContinuityEquation"	RelError: 3.56909e-07	AbsError: 1.32214e+03
      Equation: "HoleContinuityEquation"	RelError: 1.71515e-08	AbsError: 7.80771e+02
      Equation: "PotentialEquation"	RelError: 4.85216e-14	AbsError: 7.96823e-16
    Region: "gate"	RelError: 3.79708e-16	AbsError: 8.08265e+03
      Equation: "ElectronContinuityEquation"	RelError: 8.15096e-17	AbsError: 8.08265e+03
      Equation: "HoleContinuityEquation"	RelError: 1.96798e-16	AbsError: 1.99065e-16
      Equation: "PotentialEquation"	RelError: 1.01401e-16	AbsError: 1.11143e-16
    Region: "oxide"	RelError: 2.22931e-16	AbsError: 1.21103e-16
      Equation: "PotentialEquation"	RelError: 2.22931e-16	AbsError: 1.21103e-16
Succeeded
IVPOINT	IDVD_VG1P0	5.00000000e-01	1.22000000e+00	2.67341808e-04
drain last end 1.220000e+00 2.000000e+00
number of equations 4409
Iteration: 0
  Device: "mos2d"	RelError: 1.80178e+00	AbsError: 2.56960e+16
    Region: "bulk"	RelError: 1.79183e+00	AbsError: 2.56960e+16
      Equation: "ElectronContinuityEquation"	RelError: 2.52501e-01	AbsError: 2.39601e+16
      Equation: "HoleContinuityEquation"	RelError: 8.15575e-01	AbsError: 1.73583e+15
      Equation: "PotentialEquation"	RelError: 7.23755e-01	AbsError: 2.00000e-02
    Region: "gate"	RelError: 3.23634e-04	AbsError: 1.60359e+16
      Equation: "ElectronContinuityEquation"	RelError: 1.59903e-04	AbsError: 1.60359e+16
      Equation: "HoleContinuityEquation"	RelError: 1.59954e-04	AbsError: 1.59499e-04
      Equation: "PotentialEquation"	RelError: 3.77695e-06	AbsError: 4.14010e-06
    Region: "oxide"	RelError: 9.62162e-03	AbsError: 1.34647e-02
      Equation: "PotentialEquation"	RelError: 9.62162e-03	AbsError: 1.34647e-02
Iteration: 1
  Device: "mos2d"	RelError: 1.66850e-01	AbsError: 2.10880e+14
    Region: "bulk"	RelError: 1.66845e-01	AbsError: 2.10880e+14
      Equation: "ElectronContinuityEquation"	RelError: 2.77096e-02	AbsError: 1.79407e+14
      Equation: "HoleContinuityEquation"	RelError: 1.37179e-01	AbsError: 3.14728e+13
      Equation: "PotentialEquation"	RelError: 1.95595e-03	AbsError: 5.64891e-05
    Region: "gate"	RelError: 7.28899e-08	AbsError: 2.73599e+12
      Equation: "ElectronContinuityEquation"	RelError: 2.75771e-08	AbsError: 2.73599e+12
      Equation: "HoleContinuityEquation"	RelError: 4.45625e-08	AbsError: 4.44359e-08
      Equation: "PotentialEquation"	RelError: 7.50357e-10	AbsError: 8.22503e-10
    Region: "oxide"	RelError: 5.14061e-06	AbsError: 2.21279e-06
      Equation: "PotentialEquation"	RelError: 5.14061e-06	AbsError: 2.21279e-06
Iteration: 2
  Device: "mos2d"	RelError: 1.47824e-03	AbsError: 1.76305e+10
    Region: "bulk"	RelError: 1.47824e-03	AbsError: 1.76305e+10
      Equation: "ElectronContinuityEquation"	RelError: 1.34441e-03	AbsError: 8.77600e+09
      Equation: "HoleContinuityEquation"	RelError: 1.33547e-04	AbsError: 8.85453e+09
      Equation: "PotentialEquation"	RelError: 2.85885e-07	AbsError: 1.17725e-08
    Region: "gate"	RelError: 1.62005e-12	AbsError: 8.03406e+07
      Equation: "ElectronContinuityEquation"	RelError: 8.01123e-13	AbsError: 8.03406e+07
      Equation: "HoleContinuityEquation"	RelError: 8.00061e-13	AbsError: 7.97788e-13
      Equation: "PotentialEquation"	RelError: 1.88639e-14	AbsError: 2.06777e-14
    Region: "oxide"	RelError: 1.13476e-10	AbsError: 7.23326e-11
      Equation: "PotentialEquation"	RelError: 1.13476e-10	AbsError: 7.23326e-11
Iteration: 3
  Device: "mos2d"	RelError: 3.82115e-08	AbsError: 8.01832e+03
    Region: "bulk"	RelError: 3.82115e-08	AbsError: 1.76742e+03
      Equation: "ElectronContinuityEquation"	RelError: 3.07694e-08	AbsError: 1.07670e+03
      Equation: "HoleContinuityEquation"	RelError: 7.44205e-09	AbsError: 6.90725e+02
      Equation: "PotentialEquation"	RelError: 3.00942e-14	AbsError: 6.80733e-16
    Region: "gate"	RelError: 3.41944e-16	AbsError: 8.01832e+03
      Equation: "ElectronContinuityEquation"	RelError: 8.01836e-17	AbsError: 8.01832e+03
      Equation: "HoleContinuityEquation"	RelError: 1.60427e-16	AbsError: 1.60428e-16
      Equation: "PotentialEquation"	RelError: 1.01333e-16	AbsError: 1.11069e-16
    Region: "oxide"	RelError: 1.42542e-16	AbsError: 1.46614e-16
      Equation: "PotentialEquation"	RelError: 1.42542e-16	AbsError: 1.46614e-16
Succeeded
IVPOINT	IDVD_VG1P0	5.00000000e-01	1.24000000e+00	2.72819963e-04
drain last end 1.240000e+00 2.000000e+00
number of equations 4409
Iteration: 0
  Device: "mos2d"	RelError: 2.11037e+00	AbsError: 2.57212e+16
    Region: "bulk"	RelError: 2.10052e+00	AbsError: 2.57212e+16
      Equation: "ElectronContinuityEquation"	RelError: 2.50960e-01	AbsError: 2.39813e+16
      Equation: "HoleContinuityEquation"	RelError: 8.12328e-01	AbsError: 1.73990e+15
      Equation: "PotentialEquation"	RelError: 1.03723e+00	AbsError: 2.00000e-02
    Region: "gate"	RelError: 3.23506e-04	AbsError: 1.60321e+16
      Equation: "ElectronContinuityEquation"	RelError: 1.59840e-04	AbsError: 1.60321e+16
      Equation: "HoleContinuityEquation"	RelError: 1.59891e-04	AbsError: 1.59411e-04
      Equation: "PotentialEquation"	RelError: 3.77545e-06	AbsError: 4.13847e-06
    Region: "oxide"	RelError: 9.52743e-03	AbsError: 1.34612e-02
      Equation: "PotentialEquation"	RelError: 9.52743e-03	AbsError: 1.34612e-02
Iteration: 1
  Device: "mos2d"	RelError: 1.66531e-01	AbsError: 2.00818e+14
    Region: "bulk"	RelError: 1.66526e-01	AbsError: 2.00818e+14
      Equation: "ElectronContinuityEquation"	RelError: 2.60039e-02	AbsError: 1.70956e+14
      Equation: "HoleContinuityEquation"	RelError: 1.37106e-01	AbsError: 2.98621e+13
      Equation: "PotentialEquation"	RelError: 3.41650e-03	AbsError: 5.87746e-05
    Region: "gate"	RelError: 7.11625e-08	AbsError: 2.72346e+12
      Equation: "ElectronContinuityEquation"	RelError: 2.74500e-08	AbsError: 2.72346e+12
      Equation: "HoleContinuityEquation"	RelError: 4.29989e-08	AbsError: 4.28698e-08
      Equation: "PotentialEquation"	RelError: 7.13665e-10	AbsError: 7.82286e-10
    Region: "oxide"	RelError: 5.09516e-06	AbsError: 2.20249e-06
      Equation: "PotentialEquation"	RelError: 5.09516e-06	AbsError: 2.20249e-06
Iteration: 2
  Device: "mos2d"	RelError: 1.46641e-03	AbsError: 1.60185e+10
    Region: "bulk"	RelError: 1.46641e-03	AbsError: 1.60185e+10
      Equation: "ElectronContinuityEquation"	RelError: 1.33257e-03	AbsError: 7.97249e+09
      Equation: "HoleContinuityEquation"	RelError: 1.33308e-04	AbsError: 8.04597e+09
      Equation: "PotentialEquation"	RelError: 5.41581e-07	AbsError: 1.36114e-08
    Region: "gate"	RelError: 1.40854e-12	AbsError: 6.98635e+07
      Equation: "ElectronContinuityEquation"	RelError: 6.96539e-13	AbsError: 6.98635e+07
      Equation: "HoleContinuityEquation"	RelError: 6.95530e-13	AbsError: 6.93443e-13
      Equation: "PotentialEquation"	RelError: 1.64752e-14	AbsError: 1.80593e-14
    Region: "oxide"	RelError: 1.12014e-10	AbsError: 6.37471e-11
      Equation: "PotentialEquation"	RelError: 1.12014e-10	AbsError: 6.37471e-11
Iteration: 3
  Device: "mos2d"	RelError: 4.72455e-07	AbsError: 8.12095e+03
    Region: "bulk"	RelError: 4.72455e-07	AbsError: 1.90104e+03
      Equation: "ElectronContinuityEquation"	RelError: 4.58970e-07	AbsError: 1.31219e+03
      Equation: "HoleContinuityEquation"	RelError: 1.34849e-08	AbsError: 5.88851e+02
      Equation: "PotentialEquation"	RelError: 3.61267e-14	AbsError: 9.42588e-16
    Region: "gate"	RelError: 4.30676e-16	AbsError: 8.12095e+03
      Equation: "ElectronContinuityEquation"	RelError: 8.12095e-17	AbsError: 8.12095e+03
      Equation: "HoleContinuityEquation"	RelError: 2.48175e-16	AbsError: 2.50724e-16
      Equation: "PotentialEquation"	RelError: 1.01291e-16	AbsError: 1.11022e-16
    Region: "oxide"	RelError: 1.84537e-16	AbsError: 1.01955e-16
      Equation: "PotentialEquation"	RelError: 1.84537e-16	AbsError: 1.01955e-16
Succeeded
IVPOINT	IDVD_VG1P0	5.00000000e-01	1.26000000e+00	2.78387291e-04
drain last end 1.260000e+00 2.000000e+00
number of equations 4409
Iteration: 0
  Device: "mos2d"	RelError: 2.30838e+01	AbsError: 2.57404e+16
    Region: "bulk"	RelError: 2.30740e+01	AbsError: 2.57404e+16
      Equation: "ElectronContinuityEquation"	RelError: 2.49098e-01	AbsError: 2.40002e+16
      Equation: "HoleContinuityEquation"	RelError: 8.04045e-01	AbsError: 1.74016e+15
      Equation: "PotentialEquation"	RelError: 2.20209e+01	AbsError: 2.00000e-02
    Region: "gate"	RelError: 3.23385e-04	AbsError: 1.60287e+16
      Equation: "ElectronContinuityEquation"	RelError: 1.59780e-04	AbsError: 1.60287e+16
      Equation: "HoleContinuityEquation"	RelError: 1.59831e-04	AbsError: 1.59326e-04
      Equation: "PotentialEquation"	RelError: 3.77402e-06	AbsError: 4.13692e-06
    Region: "oxide"	RelError: 9.43522e-03	AbsError: 1.34579e-02
      Equation: "PotentialEquation"	RelError: 9.43522e-03	AbsError: 1.34579e-02
Iteration: 1
  Device: "mos2d"	RelError: 2.25599e-01	AbsError: 1.94233e+14
    Region: "bulk"	RelError: 2.25594e-01	AbsError: 1.94233e+14
      Equation: "ElectronContinuityEquation"	RelError: 2.40941e-02	AbsError: 1.62564e+14
      Equation: "HoleContinuityEquation"	RelError: 1.36285e-01	AbsError: 3.16694e+13
      Equation: "PotentialEquation"	RelError: 6.52149e-02	AbsError: 6.08549e-05
    Region: "gate"	RelError: 6.94991e-08	AbsError: 2.71085e+12
      Equation: "ElectronContinuityEquation"	RelError: 2.73220e-08	AbsError: 2.71085e+12
      Equation: "HoleContinuityEquation"	RelError: 4.14986e-08	AbsError: 4.13675e-08
      Equation: "PotentialEquation"	RelError: 6.78458e-10	AbsError: 7.43697e-10
    Region: "oxide"	RelError: 5.05002e-06	AbsError: 2.19211e-06
      Equation: "PotentialEquation"	RelError: 5.05002e-06	AbsError: 2.19211e-06
Iteration: 2
  Device: "mos2d"	RelError: 1.43107e-03	AbsError: 1.67671e+10
    Region: "bulk"	RelError: 1.43107e-03	AbsError: 1.67671e+10
      Equation: "ElectronContinuityEquation"	RelError: 1.28951e-03	AbsError: 7.20596e+09
      Equation: "HoleContinuityEquation"	RelError: 1.31770e-04	AbsError: 9.56109e+09
      Equation: "PotentialEquation"	RelError: 9.79383e-06	AbsError: 1.55083e-08
    Region: "gate"	RelError: 1.20614e-12	AbsError: 5.98382e+07
      Equation: "ElectronContinuityEquation"	RelError: 5.96491e-13	AbsError: 5.98382e+07
      Equation: "HoleContinuityEquation"	RelError: 5.95548e-13	AbsError: 5.93666e-13
      Equation: "PotentialEquation"	RelError: 1.41040e-14	AbsError: 1.54602e-14
    Region: "oxide"	RelError: 1.10614e-10	AbsError: 5.55534e-11
      Equation: "PotentialEquation"	RelError: 1.10614e-10	AbsError: 5.55534e-11
Iteration: 3
  Device: "mos2d"	RelError: 3.27511e-08	AbsError: 8.12725e+03
    Region: "bulk"	RelError: 3.27511e-08	AbsError: 2.02285e+03
      Equation: "ElectronContinuityEquation"	RelError: 1.95876e-08	AbsError: 1.13146e+03
      Equation: "HoleContinuityEquation"	RelError: 1.31628e-08	AbsError: 8.91392e+02
      Equation: "PotentialEquation"	RelError: 6.93668e-13	AbsError: 1.29485e-15
    Region: "gate"	RelError: 3.24072e-16	AbsError: 8.12725e+03
      Equation: "ElectronContinuityEquation"	RelError: 8.12726e-17	AbsError: 8.12725e+03
      Equation: "HoleContinuityEquation"	RelError: 1.41509e-16	AbsError: 1.41509e-16
      Equation: "PotentialEquation"	RelError: 1.01291e-16	AbsError: 1.11022e-16
    Region: "oxide"	RelError: 1.34167e-16	AbsError: 1.13807e-16
      Equation: "PotentialEquation"	RelError: 1.34167e-16	AbsError: 1.13807e-16
Succeeded
IVPOINT	IDVD_VG1P0	5.00000000e-01	1.28000000e+00	2.84045166e-04
drain last end 1.280000e+00 2.000000e+00
number of equations 4409
Iteration: 0
  Device: "mos2d"	RelError: 1.99872e+00	AbsError: 2.57534e+16
    Region: "bulk"	RelError: 1.98905e+00	AbsError: 2.57534e+16
      Equation: "ElectronContinuityEquation"	RelError: 2.46820e-01	AbsError: 2.40169e+16
      Equation: "HoleContinuityEquation"	RelError: 7.88282e-01	AbsError: 1.73652e+15
      Equation: "PotentialEquation"	RelError: 9.53948e-01	AbsError: 2.00000e-02
    Region: "gate"	RelError: 3.23270e-04	AbsError: 1.60255e+16
      Equation: "ElectronContinuityEquation"	RelError: 1.59723e-04	AbsError: 1.60255e+16
      Equation: "HoleContinuityEquation"	RelError: 1.59774e-04	AbsError: 1.59244e-04
      Equation: "PotentialEquation"	RelError: 3.77266e-06	AbsError: 4.13544e-06
    Region: "oxide"	RelError: 9.34493e-03	AbsError: 1.34548e-02
      Equation: "PotentialEquation"	RelError: 9.34493e-03	AbsError: 1.34548e-02
Iteration: 1
  Device: "mos2d"	RelError: 1.60486e-01	AbsError: 1.87940e+14
    Region: "bulk"	RelError: 1.60480e-01	AbsError: 1.87940e+14
      Equation: "ElectronContinuityEquation"	RelError: 2.32359e-02	AbsError: 1.54277e+14
      Equation: "HoleContinuityEquation"	RelError: 1.34341e-01	AbsError: 3.36638e+13
      Equation: "PotentialEquation"	RelError: 2.90412e-03	AbsError: 6.26623e-05
    Region: "gate"	RelError: 6.79002e-08	AbsError: 2.69818e+12
      Equation: "ElectronContinuityEquation"	RelError: 2.71935e-08	AbsError: 2.69818e+12
      Equation: "HoleContinuityEquation"	RelError: 4.00620e-08	AbsError: 3.99290e-08
      Equation: "PotentialEquation"	RelError: 6.44744e-10	AbsError: 7.06743e-10
    Region: "oxide"	RelError: 5.00529e-06	AbsError: 2.18169e-06
      Equation: "PotentialEquation"	RelError: 5.00529e-06	AbsError: 2.18169e-06
Iteration: 2
  Device: "mos2d"	RelError: 1.41852e-03	AbsError: 1.77663e+10
    Region: "bulk"	RelError: 1.41852e-03	AbsError: 1.77663e+10
      Equation: "ElectronContinuityEquation"	RelError: 1.28919e-03	AbsError: 6.48141e+09
      Equation: "HoleContinuityEquation"	RelError: 1.28919e-04	AbsError: 1.12849e+10
      Equation: "PotentialEquation"	RelError: 4.12350e-07	AbsError: 1.73922e-08
    Region: "gate"	RelError: 1.01380e-12	AbsError: 5.03001e+07
      Equation: "ElectronContinuityEquation"	RelError: 5.01331e-13	AbsError: 5.03001e+07
      Equation: "HoleContinuityEquation"	RelError: 5.00727e-13	AbsError: 4.99065e-13
      Equation: "PotentialEquation"	RelError: 1.17433e-14	AbsError: 1.28726e-14
    Region: "oxide"	RelError: 1.09249e-10	AbsError: 4.77892e-11
      Equation: "PotentialEquation"	RelError: 1.09249e-10	AbsError: 4.77892e-11
Iteration: 3
  Device: "mos2d"	RelError: 6.64075e-07	AbsError: 8.06929e+03
    Region: "bulk"	RelError: 6.64075e-07	AbsError: 2.79099e+03
      Equation: "ElectronContinuityEquation"	RelError: 5.85806e-07	AbsError: 1.56099e+03
      Equation: "HoleContinuityEquation"	RelError: 7.82685e-08	AbsError: 1.23000e+03
      Equation: "PotentialEquation"	RelError: 4.49474e-14	AbsError: 1.73003e-15
    Region: "gate"	RelError: 3.84366e-16	AbsError: 8.06929e+03
      Equation: "ElectronContinuityEquation"	RelError: 8.11296e-17	AbsError: 8.06929e+03
      Equation: "HoleContinuityEquation"	RelError: 2.01835e-16	AbsError: 2.03157e-16
      Equation: "PotentialEquation"	RelError: 1.01402e-16	AbsError: 1.11144e-16
    Region: "oxide"	RelError: 2.52997e-16	AbsError: 1.42764e-16
      Equation: "PotentialEquation"	RelError: 2.52997e-16	AbsError: 1.42764e-16
Succeeded
IVPOINT	IDVD_VG1P0	5.00000000e-01	1.30000000e+00	2.89794988e-04
drain last end 1.300000e+00 2.000000e+00
number of equations 4409
Iteration: 0
  Device: "mos2d"	RelError: 1.52803e+00	AbsError: 2.57603e+16
    Region: "bulk"	RelError: 1.51845e+00	AbsError: 2.57603e+16
      Equation: "ElectronContinuityEquation"	RelError: 2.44298e-01	AbsError: 2.40314e+16
      Equation: "HoleContinuityEquation"	RelError: 7.85151e-01	AbsError: 1.72889e+15
      Equation: "PotentialEquation"	RelError: 4.89002e-01	AbsError: 2.00000e-02
    Region: "gate"	RelError: 3.23160e-04	AbsError: 1.60226e+16
      Equation: "ElectronContinuityEquation"	RelError: 1.59669e-04	AbsError: 1.60226e+16
      Equation: "HoleContinuityEquation"	RelError: 1.59720e-04	AbsError: 1.59164e-04
      Equation: "PotentialEquation"	RelError: 3.77137e-06	AbsError: 4.13404e-06
    Region: "oxide"	RelError: 9.25649e-03	AbsError: 1.34520e-02
      Equation: "PotentialEquation"	RelError: 9.25649e-03	AbsError: 1.34520e-02
Iteration: 1
  Device: "mos2d"	RelError: 1.55220e-01	AbsError: 1.81517e+14
    Region: "bulk"	RelError: 1.55215e-01	AbsError: 1.81517e+14
      Equation: "ElectronContinuityEquation"	RelError: 2.30130e-02	AbsError: 1.46133e+14
      Equation: "HoleContinuityEquation"	RelError: 1.30766e-01	AbsError: 3.53835e+13
      Equation: "PotentialEquation"	RelError: 1.43548e-03	AbsError: 6.41261e-05
    Region: "gate"	RelError: 6.63821e-08	AbsError: 2.68549e+12
      Equation: "ElectronContinuityEquation"	RelError: 2.70647e-08	AbsError: 2.68549e+12
      Equation: "HoleContinuityEquation"	RelError: 3.86893e-08	AbsError: 3.85547e-08
      Equation: "PotentialEquation"	RelError: 6.28133e-10	AbsError: 6.88354e-10
    Region: "oxide"	RelError: 4.96103e-06	AbsError: 2.17124e-06
      Equation: "PotentialEquation"	RelError: 4.96103e-06	AbsError: 2.17124e-06
Iteration: 2
  Device: "mos2d"	RelError: 1.41808e-03	AbsError: 1.87039e+10
    Region: "bulk"	RelError: 1.41808e-03	AbsError: 1.87039e+10
      Equation: "ElectronContinuityEquation"	RelError: 1.29314e-03	AbsError: 5.80239e+09
      Equation: "HoleContinuityEquation"	RelError: 1.24743e-04	AbsError: 1.29015e+10
      Equation: "PotentialEquation"	RelError: 1.92919e-07	AbsError: 1.91726e-08
    Region: "gate"	RelError: 9.87196e-13	AbsError: 4.83051e+07
      Equation: "ElectronContinuityEquation"	RelError: 4.87916e-13	AbsError: 4.83051e+07
      Equation: "HoleContinuityEquation"	RelError: 4.87800e-13	AbsError: 4.92713e-13
      Equation: "PotentialEquation"	RelError: 1.14802e-14	AbsError: 1.25802e-14
    Region: "oxide"	RelError: 1.07889e-10	AbsError: 4.04825e-11
      Equation: "PotentialEquation"	RelError: 1.07889e-10	AbsError: 4.04825e-11
Iteration: 3
  Device: "mos2d"	RelError: 1.60736e-07	AbsError: 8.18349e+03
    Region: "bulk"	RelError: 1.60736e-07	AbsError: 2.68824e+03
      Equation: "ElectronContinuityEquation"	RelError: 5.99399e-08	AbsError: 1.07161e+03
      Equation: "HoleContinuityEquation"	RelError: 1.00796e-07	AbsError: 1.61663e+03
      Equation: "PotentialEquation"	RelError: 2.13767e-14	AbsError: 2.18833e-15
    Region: "gate"	RelError: 3.97463e-16	AbsError: 8.18349e+03
      Equation: "ElectronContinuityEquation"	RelError: 8.18349e-17	AbsError: 8.18349e+03
      Equation: "HoleContinuityEquation"	RelError: 2.14277e-16	AbsError: 2.16079e-16
      Equation: "PotentialEquation"	RelError: 1.01351e-16	AbsError: 1.11088e-16
    Region: "oxide"	RelError: 1.84625e-16	AbsError: 1.06666e-16
      Equation: "PotentialEquation"	RelError: 1.84625e-16	AbsError: 1.06666e-16
Succeeded
IVPOINT	IDVD_VG1P0	5.00000000e-01	1.32000000e+00	2.95638176e-04
drain last end 1.320000e+00 2.000000e+00
number of equations 4409
Iteration: 0
  Device: "mos2d"	RelError: 1.54552e+00	AbsError: 2.57611e+16
    Region: "bulk"	RelError: 1.53603e+00	AbsError: 2.57611e+16
      Equation: "ElectronContinuityEquation"	RelError: 2.43243e-01	AbsError: 2.40439e+16
      Equation: "HoleContinuityEquation"	RelError: 7.86616e-01	AbsError: 1.71722e+15
      Equation: "PotentialEquation"	RelError: 5.06171e-01	AbsError: 2.00000e-02
    Region: "gate"	RelError: 3.23056e-04	AbsError: 1.60200e+16
      Equation: "ElectronContinuityEquation"	RelError: 1.59617e-04	AbsError: 1.60200e+16
      Equation: "HoleContinuityEquation"	RelError: 1.59668e-04	AbsError: 1.59088e-04
      Equation: "PotentialEquation"	RelError: 3.77014e-06	AbsError: 4.13271e-06
    Region: "oxide"	RelError: 9.16984e-03	AbsError: 1.34494e-02
      Equation: "PotentialEquation"	RelError: 9.16984e-03	AbsError: 1.34494e-02
Iteration: 1
  Device: "mos2d"	RelError: 1.55156e-01	AbsError: 1.74933e+14
    Region: "bulk"	RelError: 1.55151e-01	AbsError: 1.74933e+14
      Equation: "ElectronContinuityEquation"	RelError: 2.27477e-02	AbsError: 1.38169e+14
      Equation: "HoleContinuityEquation"	RelError: 1.30735e-01	AbsError: 3.67644e+13
      Equation: "PotentialEquation"	RelError: 1.66880e-03	AbsError: 6.51763e-05
    Region: "gate"	RelError: 6.49414e-08	AbsError: 2.67277e+12
      Equation: "ElectronContinuityEquation"	RelError: 2.69357e-08	AbsError: 2.67277e+12
      Equation: "HoleContinuityEquation"	RelError: 3.73807e-08	AbsError: 3.72447e-08
      Equation: "PotentialEquation"	RelError: 6.25048e-10	AbsError: 6.84973e-10
    Region: "oxide"	RelError: 4.91729e-06	AbsError: 2.16077e-06
      Equation: "PotentialEquation"	RelError: 4.91729e-06	AbsError: 2.16077e-06
Iteration: 2
  Device: "mos2d"	RelError: 1.34979e-03	AbsError: 1.94958e+10
    Region: "bulk"	RelError: 1.34979e-03	AbsError: 1.94958e+10
      Equation: "ElectronContinuityEquation"	RelError: 1.23025e-03	AbsError: 5.17112e+09
      Equation: "HoleContinuityEquation"	RelError: 1.19312e-04	AbsError: 1.43247e+10
      Equation: "PotentialEquation"	RelError: 2.33756e-07	AbsError: 2.07438e-08
    Region: "gate"	RelError: 9.75161e-13	AbsError: 4.77104e+07
      Equation: "ElectronContinuityEquation"	RelError: 4.81907e-13	AbsError: 4.77104e+07
      Equation: "HoleContinuityEquation"	RelError: 4.81913e-13	AbsError: 4.86764e-13
      Equation: "PotentialEquation"	RelError: 1.13409e-14	AbsError: 1.24275e-14
    Region: "oxide"	RelError: 1.06505e-10	AbsError: 3.68448e-11
      Equation: "PotentialEquation"	RelError: 1.06505e-10	AbsError: 3.68448e-11
Iteration: 3
  Device: "mos2d"	RelError: 8.82823e-08	AbsError: 7.90248e+03
    Region: "bulk"	RelError: 8.82823e-08	AbsError: 3.14895e+03
      Equation: "ElectronContinuityEquation"	RelError: 7.19172e-08	AbsError: 1.16256e+03
      Equation: "HoleContinuityEquation"	RelError: 1.63650e-08	AbsError: 1.98638e+03
      Equation: "PotentialEquation"	RelError: 2.66012e-14	AbsError: 2.69262e-15
    Region: "gate"	RelError: 4.03232e-16	AbsError: 7.90248e+03
      Equation: "ElectronContinuityEquation"	RelError: 7.90248e-17	AbsError: 7.90248e+03
      Equation: "HoleContinuityEquation"	RelError: 2.22817e-16	AbsError: 2.22818e-16
      Equation: "PotentialEquation"	RelError: 1.01390e-16	AbsError: 1.11131e-16
    Region: "oxide"	RelError: 1.61361e-16	AbsError: 1.02166e-16
      Equation: "PotentialEquation"	RelError: 1.61361e-16	AbsError: 1.02166e-16
Succeeded
IVPOINT	IDVD_VG1P0	5.00000000e-01	1.34000000e+00	3.01576173e-04
drain last end 1.340000e+00 2.000000e+00
number of equations 4409
Iteration: 0
  Device: "mos2d"	RelError: 2.07917e+00	AbsError: 2.57557e+16
    Region: "bulk"	RelError: 2.06977e+00	AbsError: 2.57557e+16
      Equation: "ElectronContinuityEquation"	RelError: 2.42145e-01	AbsError: 2.40543e+16
      Equation: "HoleContinuityEquation"	RelError: 7.85409e-01	AbsError: 1.70148e+15
      Equation: "PotentialEquation"	RelError: 1.04221e+00	AbsError: 2.00000e-02
    Region: "gate"	RelError: 3.22957e-04	AbsError: 1.60177e+16
      Equation: "ElectronContinuityEquation"	RelError: 1.59569e-04	AbsError: 1.60177e+16
      Equation: "HoleContinuityEquation"	RelError: 1.59620e-04	AbsError: 1.59014e-04
      Equation: "PotentialEquation"	RelError: 3.76897e-06	AbsError: 4.13144e-06
    Region: "oxide"	RelError: 9.08493e-03	AbsError: 1.34470e-02
      Equation: "PotentialEquation"	RelError: 9.08493e-03	AbsError: 1.34470e-02
Iteration: 1
  Device: "mos2d"	RelError: 1.56740e-01	AbsError: 1.68162e+14
    Region: "bulk"	RelError: 1.56735e-01	AbsError: 1.68162e+14
      Equation: "ElectronContinuityEquation"	RelError: 2.24285e-02	AbsError: 1.30413e+14
      Equation: "HoleContinuityEquation"	RelError: 1.30995e-01	AbsError: 3.77489e+13
      Equation: "PotentialEquation"	RelError: 3.31146e-03	AbsError: 6.57492e-05
    Region: "gate"	RelError: 6.35647e-08	AbsError: 2.66004e+12
      Equation: "ElectronContinuityEquation"	RelError: 2.68066e-08	AbsError: 2.66004e+12
      Equation: "HoleContinuityEquation"	RelError: 3.61361e-08	AbsError: 3.59989e-08
      Equation: "PotentialEquation"	RelError: 6.21958e-10	AbsError: 6.81589e-10
    Region: "oxide"	RelError: 4.87413e-06	AbsError: 2.15027e-06
      Equation: "PotentialEquation"	RelError: 4.87413e-06	AbsError: 2.15027e-06
Iteration: 2
  Device: "mos2d"	RelError: 1.21887e-03	AbsError: 2.00556e+10
    Region: "bulk"	RelError: 1.21887e-03	AbsError: 2.00556e+10
      Equation: "ElectronContinuityEquation"	RelError: 1.10572e-03	AbsError: 4.58861e+09
      Equation: "HoleContinuityEquation"	RelError: 1.12699e-04	AbsError: 1.54669e+10
      Equation: "PotentialEquation"	RelError: 4.53184e-07	AbsError: 2.19940e-08
    Region: "gate"	RelError: 9.70756e-13	AbsError: 4.76995e+07
      Equation: "ElectronContinuityEquation"	RelError: 4.79351e-13	AbsError: 4.76995e+07
      Equation: "HoleContinuityEquation"	RelError: 4.79981e-13	AbsError: 4.82351e-13
      Equation: "PotentialEquation"	RelError: 1.14246e-14	AbsError: 1.25207e-14
    Region: "oxide"	RelError: 1.05067e-10	AbsError: 3.84200e-11
      Equation: "PotentialEquation"	RelError: 1.05067e-10	AbsError: 3.84200e-11
Iteration: 3
  Device: "mos2d"	RelError: 8.93610e-08	AbsError: 8.08481e+03
    Region: "bulk"	RelError: 8.93610e-08	AbsError: 4.58220e+03
      Equation: "ElectronContinuityEquation"	RelError: 3.84517e-08	AbsError: 2.22386e+03
      Equation: "HoleContinuityEquation"	RelError: 5.09093e-08	AbsError: 2.35835e+03
      Equation: "PotentialEquation"	RelError: 3.69410e-14	AbsError: 3.09469e-15
    Region: "gate"	RelError: 3.66254e-16	AbsError: 8.08481e+03
      Equation: "ElectronContinuityEquation"	RelError: 8.16501e-17	AbsError: 8.08481e+03
      Equation: "HoleContinuityEquation"	RelError: 1.83257e-16	AbsError: 1.84797e-16
      Equation: "PotentialEquation"	RelError: 1.01347e-16	AbsError: 1.11084e-16
    Region: "oxide"	RelError: 1.32377e-16	AbsError: 1.14925e-16
      Equation: "PotentialEquation"	RelError: 1.32377e-16	AbsError: 1.14925e-16
Succeeded
IVPOINT	IDVD_VG1P0	5.00000000e-01	1.36000000e+00	3.07610444e-04
drain last end 1.360000e+00 2.000000e+00
number of equations 4409
Iteration: 0
  Device: "mos2d"	RelError: 2.11691e+01	AbsError: 2.57444e+16
    Region: "bulk"	RelError: 2.11598e+01	AbsError: 2.57444e+16
      Equation: "ElectronContinuityEquation"	RelError: 2.40990e-01	AbsError: 2.40627e+16
      Equation: "HoleContinuityEquation"	RelError: 7.80125e-01	AbsError: 1.68168e+15
      Equation: "PotentialEquation"	RelError: 2.01387e+01	AbsError: 2.00000e-02
    Region: "gate"	RelError: 3.22863e-04	AbsError: 1.60156e+16
      Equation: "ElectronContinuityEquation"	RelError: 1.59522e-04	AbsError: 1.60156e+16
      Equation: "HoleContinuityEquation"	RelError: 1.59573e-04	AbsError: 1.58942e-04
      Equation: "PotentialEquation"	RelError: 3.76786e-06	AbsError: 4.13024e-06
    Region: "oxide"	RelError: 9.00170e-03	AbsError: 1.34448e-02
      Equation: "PotentialEquation"	RelError: 9.00170e-03	AbsError: 1.34448e-02
Iteration: 1
  Device: "mos2d"	RelError: 2.10526e-01	AbsError: 1.61182e+14
    Region: "bulk"	RelError: 2.10521e-01	AbsError: 1.61182e+14
      Equation: "ElectronContinuityEquation"	RelError: 2.20420e-02	AbsError: 1.22891e+14
      Equation: "HoleContinuityEquation"	RelError: 1.30652e-01	AbsError: 3.82910e+13
      Equation: "PotentialEquation"	RelError: 5.78268e-02	AbsError: 6.57926e-05
    Region: "gate"	RelError: 6.22517e-08	AbsError: 2.64729e+12
      Equation: "ElectronContinuityEquation"	RelError: 2.66773e-08	AbsError: 2.64729e+12
      Equation: "HoleContinuityEquation"	RelError: 3.49556e-08	AbsError: 3.48173e-08
      Equation: "PotentialEquation"	RelError: 6.18864e-10	AbsError: 6.78198e-10
    Region: "oxide"	RelError: 4.83154e-06	AbsError: 2.13975e-06
      Equation: "PotentialEquation"	RelError: 4.83154e-06	AbsError: 2.13975e-06
Iteration: 2
  Device: "mos2d"	RelError: 1.04913e-03	AbsError: 2.03037e+10
    Region: "bulk"	RelError: 1.04913e-03	AbsError: 2.03037e+10
      Equation: "ElectronContinuityEquation"	RelError: 9.36309e-04	AbsError: 4.05487e+09
      Equation: "HoleContinuityEquation"	RelError: 1.05045e-04	AbsError: 1.62488e+10
      Equation: "PotentialEquation"	RelError: 7.78030e-06	AbsError: 2.28184e-08
    Region: "gate"	RelError: 1.01511e-12	AbsError: 4.98986e+07
      Equation: "ElectronContinuityEquation"	RelError: 5.01416e-13	AbsError: 4.98986e+07
      Equation: "HoleContinuityEquation"	RelError: 5.01913e-13	AbsError: 5.04357e-13
      Equation: "PotentialEquation"	RelError: 1.17769e-14	AbsError: 1.29069e-14
    Region: "oxide"	RelError: 1.03553e-10	AbsError: 4.00077e-11
      Equation: "PotentialEquation"	RelError: 1.03553e-10	AbsError: 4.00077e-11
Iteration: 3
  Device: "mos2d"	RelError: 1.70958e-07	AbsError: 8.06494e+03
    Region: "bulk"	RelError: 1.70958e-07	AbsError: 4.48962e+03
      Equation: "ElectronContinuityEquation"	RelError: 1.12285e-07	AbsError: 1.89055e+03
      Equation: "HoleContinuityEquation"	RelError: 5.86725e-08	AbsError: 2.59907e+03
      Equation: "PotentialEquation"	RelError: 7.40030e-13	AbsError: 3.50322e-15
    Region: "gate"	RelError: 4.49659e-16	AbsError: 8.06494e+03
      Equation: "ElectronContinuityEquation"	RelError: 8.06498e-17	AbsError: 8.06494e+03
      Equation: "HoleContinuityEquation"	RelError: 2.67634e-16	AbsError: 2.70208e-16
      Equation: "PotentialEquation"	RelError: 1.01375e-16	AbsError: 1.11114e-16
    Region: "oxide"	RelError: 1.86799e-16	AbsError: 9.72832e-17
      Equation: "PotentialEquation"	RelError: 1.86799e-16	AbsError: 9.72832e-17
Succeeded
IVPOINT	IDVD_VG1P0	5.00000000e-01	1.38000000e+00	3.13742481e-04
drain last end 1.380000e+00 2.000000e+00
number of equations 4409
Iteration: 0
  Device: "mos2d"	RelError: 1.54145e+01	AbsError: 2.57271e+16
    Region: "bulk"	RelError: 1.54053e+01	AbsError: 2.57271e+16
      Equation: "ElectronContinuityEquation"	RelError: 2.39764e-01	AbsError: 2.40692e+16
      Equation: "HoleContinuityEquation"	RelError: 7.68760e-01	AbsError: 1.65785e+15
      Equation: "PotentialEquation"	RelError: 1.43968e+01	AbsError: 2.00000e-02
    Region: "gate"	RelError: 3.22774e-04	AbsError: 1.60137e+16
      Equation: "ElectronContinuityEquation"	RelError: 1.59478e-04	AbsError: 1.60137e+16
      Equation: "HoleContinuityEquation"	RelError: 1.59529e-04	AbsError: 1.58873e-04
      Equation: "PotentialEquation"	RelError: 3.76680e-06	AbsError: 4.12910e-06
    Region: "oxide"	RelError: 8.92010e-03	AbsError: 1.34428e-02
      Equation: "PotentialEquation"	RelError: 8.92010e-03	AbsError: 1.34428e-02
Iteration: 1
  Device: "mos2d"	RelError: 1.84259e-01	AbsError: 1.53983e+14
    Region: "bulk"	RelError: 1.84254e-01	AbsError: 1.53983e+14
      Equation: "ElectronContinuityEquation"	RelError: 2.17090e-02	AbsError: 1.15623e+14
      Equation: "HoleContinuityEquation"	RelError: 1.29403e-01	AbsError: 3.83604e+13
      Equation: "PotentialEquation"	RelError: 3.31422e-02	AbsError: 6.52726e-05
    Region: "gate"	RelError: 6.10019e-08	AbsError: 2.63449e+12
      Equation: "ElectronContinuityEquation"	RelError: 2.65475e-08	AbsError: 2.63449e+12
      Equation: "HoleContinuityEquation"	RelError: 3.38387e-08	AbsError: 3.36995e-08
      Equation: "PotentialEquation"	RelError: 6.15759e-10	AbsError: 6.74795e-10
    Region: "oxide"	RelError: 4.78952e-06	AbsError: 2.12917e-06
      Equation: "PotentialEquation"	RelError: 4.78952e-06	AbsError: 2.12917e-06
Iteration: 2
  Device: "mos2d"	RelError: 8.45983e-04	AbsError: 2.01791e+10
    Region: "bulk"	RelError: 8.45983e-04	AbsError: 2.01791e+10
      Equation: "ElectronContinuityEquation"	RelError: 7.46593e-04	AbsError: 3.56901e+09
      Equation: "HoleContinuityEquation"	RelError: 9.65183e-05	AbsError: 1.66101e+10
      Equation: "PotentialEquation"	RelError: 2.87170e-06	AbsError: 2.31342e-08
    Region: "gate"	RelError: 1.05919e-12	AbsError: 5.20660e+07
      Equation: "ElectronContinuityEquation"	RelError: 5.23159e-13	AbsError: 5.20660e+07
      Equation: "HoleContinuityEquation"	RelError: 5.23735e-13	AbsError: 5.26249e-13
      Equation: "PotentialEquation"	RelError: 1.22999e-14	AbsError: 1.34801e-14
    Region: "oxide"	RelError: 1.01943e-10	AbsError: 4.15754e-11
      Equation: "PotentialEquation"	RelError: 1.01943e-10	AbsError: 4.15754e-11
Iteration: 3
  Device: "mos2d"	RelError: 1.14561e-06	AbsError: 7.86391e+03
    Region: "bulk"	RelError: 1.14561e-06	AbsError: 4.45182e+03
      Equation: "ElectronContinuityEquation"	RelError: 1.08146e-06	AbsError: 1.67558e+03
      Equation: "HoleContinuityEquation"	RelError: 6.41483e-08	AbsError: 2.77624e+03
      Equation: "PotentialEquation"	RelError: 1.39043e-13	AbsError: 3.61805e-15
    Region: "gate"	RelError: 5.23708e-16	AbsError: 7.86391e+03
      Equation: "ElectronContinuityEquation"	RelError: 7.86391e-17	AbsError: 7.86391e+03
      Equation: "HoleContinuityEquation"	RelError: 3.43775e-16	AbsError: 3.44321e-16
      Equation: "PotentialEquation"	RelError: 1.01293e-16	AbsError: 1.11025e-16
    Region: "oxide"	RelError: 1.87347e-16	AbsError: 1.12388e-16
      Equation: "PotentialEquation"	RelError: 1.87347e-16	AbsError: 1.12388e-16
Succeeded
IVPOINT	IDVD_VG1P0	5.00000000e-01	1.40000000e+00	3.19973798e-04
drain last end 1.400000e+00 2.000000e+00
number of equations 4409
Iteration: 0
  Device: "mos2d"	RelError: 3.37881e+00	AbsError: 2.57040e+16
    Region: "bulk"	RelError: 3.36965e+00	AbsError: 2.57040e+16
      Equation: "ElectronContinuityEquation"	RelError: 2.38448e-01	AbsError: 2.40739e+16
      Equation: "HoleContinuityEquation"	RelError: 7.48612e-01	AbsError: 1.63004e+15
      Equation: "PotentialEquation"	RelError: 2.38259e+00	AbsError: 2.00000e-02
    Region: "gate"	RelError: 3.22689e-04	AbsError: 1.60121e+16
      Equation: "ElectronContinuityEquation"	RelError: 1.59436e-04	AbsError: 1.60121e+16
      Equation: "HoleContinuityEquation"	RelError: 1.59487e-04	AbsError: 1.58806e-04
      Equation: "PotentialEquation"	RelError: 3.76580e-06	AbsError: 4.12802e-06
    Region: "oxide"	RelError: 8.84007e-03	AbsError: 1.34410e-02
      Equation: "PotentialEquation"	RelError: 8.84007e-03	AbsError: 1.34410e-02
Iteration: 1
  Device: "mos2d"	RelError: 1.56615e-01	AbsError: 1.46571e+14
    Region: "bulk"	RelError: 1.56610e-01	AbsError: 1.46571e+14
      Equation: "ElectronContinuityEquation"	RelError: 2.15438e-02	AbsError: 1.08625e+14
      Equation: "HoleContinuityEquation"	RelError: 1.26824e-01	AbsError: 3.79464e+13
      Equation: "PotentialEquation"	RelError: 8.24217e-03	AbsError: 6.41782e-05
    Region: "gate"	RelError: 5.98146e-08	AbsError: 2.62162e+12
      Equation: "ElectronContinuityEquation"	RelError: 2.64169e-08	AbsError: 2.62162e+12
      Equation: "HoleContinuityEquation"	RelError: 3.27850e-08	AbsError: 3.26449e-08
      Equation: "PotentialEquation"	RelError: 6.12636e-10	AbsError: 6.71374e-10
    Region: "oxide"	RelError: 4.74804e-06	AbsError: 2.11851e-06
      Equation: "PotentialEquation"	RelError: 4.74804e-06	AbsError: 2.11851e-06
Iteration: 2
  Device: "mos2d"	RelError: 6.51337e-04	AbsError: 1.99143e+10
    Region: "bulk"	RelError: 6.51337e-04	AbsError: 1.99143e+10
      Equation: "ElectronContinuityEquation"	RelError: 5.62240e-04	AbsError: 3.39459e+09
      Equation: "HoleContinuityEquation"	RelError: 8.73631e-05	AbsError: 1.65197e+10
      Equation: "PotentialEquation"	RelError: 1.73351e-06	AbsError: 2.28957e-08
    Region: "gate"	RelError: 1.10136e-12	AbsError: 5.41497e+07
      Equation: "ElectronContinuityEquation"	RelError: 5.44059e-13	AbsError: 5.41497e+07
      Equation: "HoleContinuityEquation"	RelError: 5.44456e-13	AbsError: 5.47032e-13
      Equation: "PotentialEquation"	RelError: 1.28458e-14	AbsError: 1.40784e-14
    Region: "oxide"	RelError: 1.00222e-10	AbsError: 4.30878e-11
      Equation: "PotentialEquation"	RelError: 1.00222e-10	AbsError: 4.30878e-11
Iteration: 3
  Device: "mos2d"	RelError: 1.74480e-07	AbsError: 8.06437e+03
    Region: "bulk"	RelError: 1.74480e-07	AbsError: 3.84742e+03
      Equation: "ElectronContinuityEquation"	RelError: 4.25646e-08	AbsError: 1.07246e+03
      Equation: "HoleContinuityEquation"	RelError: 1.31915e-07	AbsError: 2.77496e+03
      Equation: "PotentialEquation"	RelError: 2.26644e-13	AbsError: 3.68780e-15
    Region: "gate"	RelError: 3.98595e-16	AbsError: 8.06437e+03
      Equation: "ElectronContinuityEquation"	RelError: 8.06441e-17	AbsError: 8.06437e+03
      Equation: "HoleContinuityEquation"	RelError: 2.16640e-16	AbsError: 2.16961e-16
      Equation: "PotentialEquation"	RelError: 1.01311e-16	AbsError: 1.11045e-16
    Region: "oxide"	RelError: 1.52089e-16	AbsError: 1.09790e-16
      Equation: "PotentialEquation"	RelError: 1.52089e-16	AbsError: 1.09790e-16
Succeeded
IVPOINT	IDVD_VG1P0	5.00000000e-01	1.42000000e+00	3.26305935e-04
drain last end 1.420000e+00 2.000000e+00
number of equations 4409
Iteration: 0
  Device: "mos2d"	RelError: 2.88941e+01	AbsError: 2.56752e+16
    Region: "bulk"	RelError: 2.88850e+01	AbsError: 2.56752e+16
      Equation: "ElectronContinuityEquation"	RelError: 2.37020e-01	AbsError: 2.40769e+16
      Equation: "HoleContinuityEquation"	RelError: 7.16407e-01	AbsError: 1.59832e+15
      Equation: "PotentialEquation"	RelError: 2.79316e+01	AbsError: 2.00000e-02
    Region: "gate"	RelError: 3.22609e-04	AbsError: 1.60106e+16
      Equation: "ElectronContinuityEquation"	RelError: 1.59397e-04	AbsError: 1.60106e+16
      Equation: "HoleContinuityEquation"	RelError: 1.59447e-04	AbsError: 1.58741e-04
      Equation: "PotentialEquation"	RelError: 3.76485e-06	AbsError: 4.12699e-06
    Region: "oxide"	RelError: 8.76157e-03	AbsError: 1.34394e-02
      Equation: "PotentialEquation"	RelError: 8.76157e-03	AbsError: 1.34394e-02
Iteration: 1
  Device: "mos2d"	RelError: 2.72866e-01	AbsError: 1.38969e+14
    Region: "bulk"	RelError: 2.72861e-01	AbsError: 1.38969e+14
      Equation: "ElectronContinuityEquation"	RelError: 2.13711e-02	AbsError: 1.01909e+14
      Equation: "HoleContinuityEquation"	RelError: 1.22383e-01	AbsError: 3.70603e+13
      Equation: "PotentialEquation"	RelError: 1.29106e-01	AbsError: 6.25249e-05
    Region: "gate"	RelError: 5.86885e-08	AbsError: 2.60863e+12
      Equation: "ElectronContinuityEquation"	RelError: 2.62853e-08	AbsError: 2.60863e+12
      Equation: "HoleContinuityEquation"	RelError: 3.17937e-08	AbsError: 3.16528e-08
      Equation: "PotentialEquation"	RelError: 6.09488e-10	AbsError: 6.67925e-10
    Region: "oxide"	RelError: 4.70708e-06	AbsError: 2.10775e-06
      Equation: "PotentialEquation"	RelError: 4.70708e-06	AbsError: 2.10775e-06
Iteration: 2
  Device: "mos2d"	RelError: 7.72086e-04	AbsError: 1.92510e+10
    Region: "bulk"	RelError: 7.72086e-04	AbsError: 1.92510e+10
      Equation: "ElectronContinuityEquation"	RelError: 6.58580e-04	AbsError: 3.26764e+09
      Equation: "HoleContinuityEquation"	RelError: 7.78428e-05	AbsError: 1.59833e+10
      Equation: "PotentialEquation"	RelError: 3.56633e-05	AbsError: 2.21041e-08
    Region: "gate"	RelError: 1.14140e-12	AbsError: 5.61166e+07
      Equation: "ElectronContinuityEquation"	RelError: 5.63783e-13	AbsError: 5.61166e+07
      Equation: "HoleContinuityEquation"	RelError: 5.64385e-13	AbsError: 5.67017e-13
      Equation: "PotentialEquation"	RelError: 1.32355e-14	AbsError: 1.45055e-14
    Region: "oxide"	RelError: 9.83821e-11	AbsError: 4.45086e-11
      Equation: "PotentialEquation"	RelError: 9.83821e-11	AbsError: 4.45086e-11
Iteration: 3
  Device: "mos2d"	RelError: 3.18235e-07	AbsError: 8.17328e+03
    Region: "bulk"	RelError: 3.18235e-07	AbsError: 4.09355e+03
      Equation: "ElectronContinuityEquation"	RelError: 1.31395e-07	AbsError: 1.45723e+03
      Equation: "HoleContinuityEquation"	RelError: 1.86835e-07	AbsError: 2.63632e+03
      Equation: "PotentialEquation"	RelError: 5.14791e-12	AbsError: 3.49038e-15
    Region: "gate"	RelError: 3.67679e-16	AbsError: 8.17328e+03
      Equation: "ElectronContinuityEquation"	RelError: 8.17329e-17	AbsError: 8.17328e+03
      Equation: "HoleContinuityEquation"	RelError: 1.84597e-16	AbsError: 1.86149e-16
      Equation: "PotentialEquation"	RelError: 1.01349e-16	AbsError: 1.11086e-16
    Region: "oxide"	RelError: 1.56118e-16	AbsError: 1.19474e-16
      Equation: "PotentialEquation"	RelError: 1.56118e-16	AbsError: 1.19474e-16
Succeeded
IVPOINT	IDVD_VG1P0	5.00000000e-01	1.44000000e+00	3.32740457e-04
drain last end 1.440000e+00 2.000000e+00
number of equations 4409
Iteration: 0
  Device: "mos2d"	RelError: 1.96330e+00	AbsError: 2.56411e+16
    Region: "bulk"	RelError: 1.95430e+00	AbsError: 2.56411e+16
      Equation: "ElectronContinuityEquation"	RelError: 2.35452e-01	AbsError: 2.40783e+16
      Equation: "HoleContinuityEquation"	RelError: 6.86370e-01	AbsError: 1.56280e+15
      Equation: "PotentialEquation"	RelError: 1.03247e+00	AbsError: 2.00000e-02
    Region: "gate"	RelError: 3.22532e-04	AbsError: 1.60094e+16
      Equation: "ElectronContinuityEquation"	RelError: 1.59359e-04	AbsError: 1.60094e+16
      Equation: "HoleContinuityEquation"	RelError: 1.59409e-04	AbsError: 1.58678e-04
      Equation: "PotentialEquation"	RelError: 3.76394e-06	AbsError: 4.12601e-06
    Region: "oxide"	RelError: 8.68454e-03	AbsError: 1.34380e-02
      Equation: "PotentialEquation"	RelError: 8.68454e-03	AbsError: 1.34380e-02
Iteration: 1
  Device: "mos2d"	RelError: 1.40721e-01	AbsError: 1.31218e+14
    Region: "bulk"	RelError: 1.40716e-01	AbsError: 1.31218e+14
      Equation: "ElectronContinuityEquation"	RelError: 2.11890e-02	AbsError: 9.54827e+13
      Equation: "HoleContinuityEquation"	RelError: 1.15500e-01	AbsError: 3.57353e+13
      Equation: "PotentialEquation"	RelError: 4.02701e-03	AbsError: 6.03557e-05
    Region: "gate"	RelError: 5.76223e-08	AbsError: 2.59551e+12
      Equation: "ElectronContinuityEquation"	RelError: 2.61522e-08	AbsError: 2.59551e+12
      Equation: "HoleContinuityEquation"	RelError: 3.08638e-08	AbsError: 3.07222e-08
      Equation: "PotentialEquation"	RelError: 6.06306e-10	AbsError: 6.64438e-10
    Region: "oxide"	RelError: 4.66658e-06	AbsError: 2.09685e-06
      Equation: "PotentialEquation"	RelError: 4.66658e-06	AbsError: 2.09685e-06
Iteration: 2
  Device: "mos2d"	RelError: 8.31182e-04	AbsError: 1.81372e+10
    Region: "bulk"	RelError: 8.31182e-04	AbsError: 1.81372e+10
      Equation: "ElectronContinuityEquation"	RelError: 7.61853e-04	AbsError: 3.09251e+09
      Equation: "HoleContinuityEquation"	RelError: 6.82414e-05	AbsError: 1.50447e+10
      Equation: "PotentialEquation"	RelError: 1.08788e-06	AbsError: 2.08113e-08
    Region: "gate"	RelError: 1.17760e-12	AbsError: 5.79176e+07
      Equation: "ElectronContinuityEquation"	RelError: 5.81837e-13	AbsError: 5.79176e+07
      Equation: "HoleContinuityEquation"	RelError: 5.82107e-13	AbsError: 5.84781e-13
      Equation: "PotentialEquation"	RelError: 1.36521e-14	AbsError: 1.49621e-14
    Region: "oxide"	RelError: 9.64212e-11	AbsError: 4.58515e-11
      Equation: "PotentialEquation"	RelError: 9.64212e-11	AbsError: 4.58515e-11
Iteration: 3
  Device: "mos2d"	RelError: 1.55322e-06	AbsError: 8.03696e+03
    Region: "bulk"	RelError: 1.55322e-06	AbsError: 3.50994e+03
      Equation: "ElectronContinuityEquation"	RelError: 1.47967e-06	AbsError: 1.14043e+03
      Equation: "HoleContinuityEquation"	RelError: 7.35572e-08	AbsError: 2.36951e+03
      Equation: "PotentialEquation"	RelError: 1.46152e-13	AbsError: 3.10218e-15
    Region: "gate"	RelError: 3.00642e-16	AbsError: 8.03696e+03
      Equation: "ElectronContinuityEquation"	RelError: 8.11936e-17	AbsError: 8.03696e+03
      Equation: "HoleContinuityEquation"	RelError: 1.18157e-16	AbsError: 1.18158e-16
      Equation: "PotentialEquation"	RelError: 1.01291e-16	AbsError: 1.11022e-16
    Region: "oxide"	RelError: 1.48788e-16	AbsError: 1.60174e-16
      Equation: "PotentialEquation"	RelError: 1.48788e-16	AbsError: 1.60174e-16
Succeeded
IVPOINT	IDVD_VG1P0	5.00000000e-01	1.46000000e+00	3.39278957e-04
drain last end 1.460000e+00 2.000000e+00
number of equations 4409
Iteration: 0
  Device: "mos2d"	RelError: 4.00831e+01	AbsError: 2.56016e+16
    Region: "bulk"	RelError: 4.00742e+01	AbsError: 2.56016e+16
      Equation: "ElectronContinuityEquation"	RelError: 2.33711e-01	AbsError: 2.40780e+16
      Equation: "HoleContinuityEquation"	RelError: 6.89848e-01	AbsError: 1.52363e+15
      Equation: "PotentialEquation"	RelError: 3.91506e+01	AbsError: 2.00000e-02
    Region: "gate"	RelError: 3.22459e-04	AbsError: 1.60083e+16
      Equation: "ElectronContinuityEquation"	RelError: 1.59323e-04	AbsError: 1.60083e+16
      Equation: "HoleContinuityEquation"	RelError: 1.59373e-04	AbsError: 1.58617e-04
      Equation: "PotentialEquation"	RelError: 3.76307e-06	AbsError: 4.12507e-06
    Region: "oxide"	RelError: 8.60895e-03	AbsError: 1.34367e-02
      Equation: "PotentialEquation"	RelError: 8.60895e-03	AbsError: 1.34367e-02
Iteration: 1
  Device: "mos2d"	RelError: 2.17998e-01	AbsError: 1.23377e+14
    Region: "bulk"	RelError: 2.17993e-01	AbsError: 1.23377e+14
      Equation: "ElectronContinuityEquation"	RelError: 2.09952e-02	AbsError: 8.93518e+13
      Equation: "HoleContinuityEquation"	RelError: 1.09367e-01	AbsError: 3.40248e+13
      Equation: "PotentialEquation"	RelError: 8.76307e-02	AbsError: 5.77385e-05
    Region: "gate"	RelError: 5.66145e-08	AbsError: 2.58219e+12
      Equation: "ElectronContinuityEquation"	RelError: 2.60172e-08	AbsError: 2.58219e+12
      Equation: "HoleContinuityEquation"	RelError: 2.99942e-08	AbsError: 2.98518e-08
      Equation: "PotentialEquation"	RelError: 6.03079e-10	AbsError: 6.60902e-10
    Region: "oxide"	RelError: 4.62648e-06	AbsError: 2.08577e-06
      Equation: "PotentialEquation"	RelError: 4.62648e-06	AbsError: 2.08577e-06
Iteration: 2
  Device: "mos2d"	RelError: 9.12925e-04	AbsError: 1.66685e+10
    Region: "bulk"	RelError: 9.12925e-04	AbsError: 1.66685e+10
      Equation: "ElectronContinuityEquation"	RelError: 8.52414e-04	AbsError: 2.88764e+09
      Equation: "HoleContinuityEquation"	RelError: 5.88394e-05	AbsError: 1.37808e+10
      Equation: "PotentialEquation"	RelError: 1.67090e-06	AbsError: 1.91130e-08
    Region: "gate"	RelError: 1.21033e-12	AbsError: 5.95103e+07
      Equation: "ElectronContinuityEquation"	RelError: 5.97796e-13	AbsError: 5.95103e+07
      Equation: "HoleContinuityEquation"	RelError: 5.98397e-13	AbsError: 6.01105e-13
      Equation: "PotentialEquation"	RelError: 1.41347e-14	AbsError: 1.54910e-14
    Region: "oxide"	RelError: 9.43408e-11	AbsError: 4.72684e-11
      Equation: "PotentialEquation"	RelError: 9.43408e-11	AbsError: 4.72684e-11
Iteration: 3
  Device: "mos2d"	RelError: 7.59348e-08	AbsError: 8.16669e+03
    Region: "bulk"	RelError: 7.59348e-08	AbsError: 3.87847e+03
      Equation: "ElectronContinuityEquation"	RelError: 2.84422e-08	AbsError: 1.86496e+03
      Equation: "HoleContinuityEquation"	RelError: 4.74925e-08	AbsError: 2.01351e+03
      Equation: "PotentialEquation"	RelError: 1.13429e-13	AbsError: 2.72915e-15
    Region: "gate"	RelError: 4.74465e-16	AbsError: 8.16669e+03
      Equation: "ElectronContinuityEquation"	RelError: 8.16673e-17	AbsError: 8.16669e+03
      Equation: "HoleContinuityEquation"	RelError: 2.91482e-16	AbsError: 2.94839e-16
      Equation: "PotentialEquation"	RelError: 1.01316e-16	AbsError: 1.11050e-16
    Region: "oxide"	RelError: 1.40375e-16	AbsError: 1.11699e-16
      Equation: "PotentialEquation"	RelError: 1.40375e-16	AbsError: 1.11699e-16
Succeeded
IVPOINT	IDVD_VG1P0	5.00000000e-01	1.48000000e+00	3.45923048e-04
drain last end 1.480000e+00 2.000000e+00
number of equations 4409
Iteration: 0
  Device: "mos2d"	RelError: 1.95761e+00	AbsError: 2.55572e+16
    Region: "bulk"	RelError: 1.94876e+00	AbsError: 2.55572e+16
      Equation: "ElectronContinuityEquation"	RelError: 2.31753e-01	AbsError: 2.40763e+16
      Equation: "HoleContinuityEquation"	RelError: 6.93056e-01	AbsError: 1.48096e+15
      Equation: "PotentialEquation"	RelError: 1.02395e+00	AbsError: 2.00000e-02
    Region: "gate"	RelError: 3.22390e-04	AbsError: 1.60074e+16
      Equation: "ElectronContinuityEquation"	RelError: 1.59288e-04	AbsError: 1.60074e+16
      Equation: "HoleContinuityEquation"	RelError: 1.59339e-04	AbsError: 1.58557e-04
      Equation: "PotentialEquation"	RelError: 3.76225e-06	AbsError: 4.12419e-06
    Region: "oxide"	RelError: 8.53474e-03	AbsError: 1.34355e-02
      Equation: "PotentialEquation"	RelError: 8.53474e-03	AbsError: 1.34355e-02
Iteration: 1
  Device: "mos2d"	RelError: 1.32991e-01	AbsError: 1.15516e+14
    Region: "bulk"	RelError: 1.32987e-01	AbsError: 1.15516e+14
      Equation: "ElectronContinuityEquation"	RelError: 2.07870e-02	AbsError: 8.35179e+13
      Equation: "HoleContinuityEquation"	RelError: 1.10112e-01	AbsError: 3.19982e+13
      Equation: "PotentialEquation"	RelError: 2.08791e-03	AbsError: 5.47611e-05
    Region: "gate"	RelError: 5.56632e-08	AbsError: 2.56865e+12
      Equation: "ElectronContinuityEquation"	RelError: 2.58799e-08	AbsError: 2.56865e+12
      Equation: "HoleContinuityEquation"	RelError: 2.91835e-08	AbsError: 2.90403e-08
      Equation: "PotentialEquation"	RelError: 5.99799e-10	AbsError: 6.57308e-10
    Region: "oxide"	RelError: 4.58674e-06	AbsError: 2.07449e-06
      Equation: "PotentialEquation"	RelError: 4.58674e-06	AbsError: 2.07449e-06
Iteration: 2
  Device: "mos2d"	RelError: 9.68650e-04	AbsError: 1.49852e+10
    Region: "bulk"	RelError: 9.68650e-04	AbsError: 1.49852e+10
      Equation: "ElectronContinuityEquation"	RelError: 9.18438e-04	AbsError: 2.69381e+09
      Equation: "HoleContinuityEquation"	RelError: 4.99171e-05	AbsError: 1.22914e+10
      Equation: "PotentialEquation"	RelError: 2.94955e-07	AbsError: 1.71360e-08
    Region: "gate"	RelError: 1.23792e-12	AbsError: 6.08824e+07
      Equation: "ElectronContinuityEquation"	RelError: 6.11537e-13	AbsError: 6.08824e+07
      Equation: "HoleContinuityEquation"	RelError: 6.11996e-13	AbsError: 6.14723e-13
      Equation: "PotentialEquation"	RelError: 1.43825e-14	AbsError: 1.57626e-14
    Region: "oxide"	RelError: 9.21461e-11	AbsError: 4.84884e-11
      Equation: "PotentialEquation"	RelError: 9.21461e-11	AbsError: 4.84884e-11
Iteration: 3
  Device: "mos2d"	RelError: 2.04123e-06	AbsError: 8.02388e+03
    Region: "bulk"	RelError: 2.04123e-06	AbsError: 2.78096e+03
      Equation: "ElectronContinuityEquation"	RelError: 1.87597e-06	AbsError: 1.16530e+03
      Equation: "HoleContinuityEquation"	RelError: 1.65257e-07	AbsError: 1.61566e+03
      Equation: "PotentialEquation"	RelError: 3.63258e-14	AbsError: 2.20685e-15
    Region: "gate"	RelError: 3.93433e-16	AbsError: 8.02388e+03
      Equation: "ElectronContinuityEquation"	RelError: 8.02388e-17	AbsError: 8.02388e+03
      Equation: "HoleContinuityEquation"	RelError: 2.11858e-16	AbsError: 2.12084e-16
      Equation: "PotentialEquation"	RelError: 1.01335e-16	AbsError: 1.11071e-16
    Region: "oxide"	RelError: 1.85524e-16	AbsError: 1.32991e-16
      Equation: "PotentialEquation"	RelError: 1.85524e-16	AbsError: 1.32991e-16
Succeeded
IVPOINT	IDVD_VG1P0	5.00000000e-01	1.50000000e+00	3.52674386e-04
drain last end 1.500000e+00 2.000000e+00
number of equations 4409
Iteration: 0
  Device: "mos2d"	RelError: 1.44063e+00	AbsError: 2.55325e+16
    Region: "bulk"	RelError: 1.43185e+00	AbsError: 2.55325e+16
      Equation: "ElectronContinuityEquation"	RelError: 2.29528e-01	AbsError: 2.40731e+16
      Equation: "HoleContinuityEquation"	RelError: 6.95909e-01	AbsError: 1.45939e+15
      Equation: "PotentialEquation"	RelError: 5.06413e-01	AbsError: 2.00000e-02
    Region: "gate"	RelError: 3.22323e-04	AbsError: 1.60067e+16
      Equation: "ElectronContinuityEquation"	RelError: 1.59256e-04	AbsError: 1.60067e+16
      Equation: "HoleContinuityEquation"	RelError: 1.59306e-04	AbsError: 1.58499e-04
      Equation: "PotentialEquation"	RelError: 3.76146e-06	AbsError: 4.12334e-06
    Region: "oxide"	RelError: 8.46188e-03	AbsError: 1.34345e-02
      Equation: "PotentialEquation"	RelError: 8.46188e-03	AbsError: 1.34345e-02
Iteration: 1
  Device: "mos2d"	RelError: 1.32390e-01	AbsError: 1.07715e+14
    Region: "bulk"	RelError: 1.32385e-01	AbsError: 1.07715e+14
      Equation: "ElectronContinuityEquation"	RelError: 2.05612e-02	AbsError: 7.79802e+13
      Equation: "HoleContinuityEquation"	RelError: 1.10798e-01	AbsError: 2.97351e+13
      Equation: "PotentialEquation"	RelError: 1.02645e-03	AbsError: 5.15242e-05
    Region: "gate"	RelError: 5.47664e-08	AbsError: 2.55484e+12
      Equation: "ElectronContinuityEquation"	RelError: 2.57400e-08	AbsError: 2.55484e+12
      Equation: "HoleContinuityEquation"	RelError: 2.84300e-08	AbsError: 2.82859e-08
      Equation: "PotentialEquation"	RelError: 5.96456e-10	AbsError: 6.53645e-10
    Region: "oxide"	RelError: 4.54728e-06	AbsError: 2.06296e-06
      Equation: "PotentialEquation"	RelError: 4.54728e-06	AbsError: 2.06296e-06
Iteration: 2
  Device: "mos2d"	RelError: 9.90963e-04	AbsError: 1.31795e+10
    Region: "bulk"	RelError: 9.90963e-04	AbsError: 1.31795e+10
      Equation: "ElectronContinuityEquation"	RelError: 9.49098e-04	AbsError: 2.49488e+09
      Equation: "HoleContinuityEquation"	RelError: 4.16688e-05	AbsError: 1.06846e+10
      Equation: "PotentialEquation"	RelError: 1.95776e-07	AbsError: 1.50189e-08
    Region: "gate"	RelError: 1.26054e-12	AbsError: 6.19941e+07
      Equation: "ElectronContinuityEquation"	RelError: 6.22661e-13	AbsError: 6.19941e+07
      Equation: "HoleContinuityEquation"	RelError: 6.23244e-13	AbsError: 6.25979e-13
      Equation: "PotentialEquation"	RelError: 1.46329e-14	AbsError: 1.60371e-14
    Region: "oxide"	RelError: 8.98443e-11	AbsError: 4.94580e-11
      Equation: "PotentialEquation"	RelError: 8.98443e-11	AbsError: 4.94580e-11
Iteration: 3
  Device: "mos2d"	RelError: 2.40212e-07	AbsError: 8.36566e+03
    Region: "bulk"	RelError: 2.40212e-07	AbsError: 2.86736e+03
      Equation: "ElectronContinuityEquation"	RelError: 9.13653e-08	AbsError: 1.64556e+03
      Equation: "HoleContinuityEquation"	RelError: 1.48847e-07	AbsError: 1.22181e+03
      Equation: "PotentialEquation"	RelError: 2.72755e-14	AbsError: 1.71725e-15
    Region: "gate"	RelError: 3.37959e-16	AbsError: 8.36566e+03
      Equation: "ElectronContinuityEquation"	RelError: 8.44518e-17	AbsError: 8.36566e+03
      Equation: "HoleContinuityEquation"	RelError: 1.52216e-16	AbsError: 1.52362e-16
      Equation: "PotentialEquation"	RelError: 1.01291e-16	AbsError: 1.11022e-16
    Region: "oxide"	RelError: 1.76947e-16	AbsError: 1.16012e-16
      Equation: "PotentialEquation"	RelError: 1.76947e-16	AbsError: 1.16012e-16
Succeeded
IVPOINT	IDVD_VG1P0	5.00000000e-01	1.52000000e+00	3.59534620e-04
drain last end 1.520000e+00 2.000000e+00
number of equations 4409
Iteration: 0
  Device: "mos2d"	RelError: 1.27081e+00	AbsError: 2.55332e+16
    Region: "bulk"	RelError: 1.26210e+00	AbsError: 2.55332e+16
      Equation: "ElectronContinuityEquation"	RelError: 2.26973e-01	AbsError: 2.40687e+16
      Equation: "HoleContinuityEquation"	RelError: 6.98278e-01	AbsError: 1.46456e+15
      Equation: "PotentialEquation"	RelError: 3.36846e-01	AbsError: 2.00000e-02
    Region: "gate"	RelError: 3.22260e-04	AbsError: 1.60061e+16
      Equation: "ElectronContinuityEquation"	RelError: 1.59224e-04	AbsError: 1.60061e+16
      Equation: "HoleContinuityEquation"	RelError: 1.59275e-04	AbsError: 1.58443e-04
      Equation: "PotentialEquation"	RelError: 3.76071e-06	AbsError: 4.12253e-06
    Region: "oxide"	RelError: 8.39033e-03	AbsError: 1.34336e-02
      Equation: "PotentialEquation"	RelError: 8.39033e-03	AbsError: 1.34336e-02
Iteration: 1
  Device: "mos2d"	RelError: 1.32404e-01	AbsError: 1.00830e+14
    Region: "bulk"	RelError: 1.32399e-01	AbsError: 1.00830e+14
      Equation: "ElectronContinuityEquation"	RelError: 2.03135e-02	AbsError: 7.27358e+13
      Equation: "HoleContinuityEquation"	RelError: 1.11407e-01	AbsError: 2.80943e+13
      Equation: "PotentialEquation"	RelError: 6.78240e-04	AbsError: 4.81328e-05
    Region: "gate"	RelError: 5.39221e-08	AbsError: 2.54074e+12
      Equation: "ElectronContinuityEquation"	RelError: 2.55971e-08	AbsError: 2.54074e+12
      Equation: "HoleContinuityEquation"	RelError: 2.77319e-08	AbsError: 2.75870e-08
      Equation: "PotentialEquation"	RelError: 5.93043e-10	AbsError: 6.49905e-10
    Region: "oxide"	RelError: 4.50806e-06	AbsError: 2.05117e-06
      Equation: "PotentialEquation"	RelError: 4.50806e-06	AbsError: 2.05117e-06
Iteration: 2
  Device: "mos2d"	RelError: 9.74708e-04	AbsError: 1.13640e+10
    Region: "bulk"	RelError: 9.74708e-04	AbsError: 1.13640e+10
      Equation: "ElectronContinuityEquation"	RelError: 9.37182e-04	AbsError: 2.30096e+09
      Equation: "HoleContinuityEquation"	RelError: 3.73891e-05	AbsError: 9.06308e+09
      Equation: "PotentialEquation"	RelError: 1.36777e-07	AbsError: 1.28934e-08
    Region: "gate"	RelError: 1.27719e-12	AbsError: 6.28280e+07
      Equation: "ElectronContinuityEquation"	RelError: 6.30994e-13	AbsError: 6.28280e+07
      Equation: "HoleContinuityEquation"	RelError: 6.31279e-13	AbsError: 6.34005e-13
      Equation: "PotentialEquation"	RelError: 1.49163e-14	AbsError: 1.63477e-14
    Region: "oxide"	RelError: 8.74457e-11	AbsError: 5.01698e-11
      Equation: "PotentialEquation"	RelError: 8.74457e-11	AbsError: 5.01698e-11
Iteration: 3
  Device: "mos2d"	RelError: 2.41870e-06	AbsError: 7.97526e+03
    Region: "bulk"	RelError: 2.41870e-06	AbsError: 2.21634e+03
      Equation: "ElectronContinuityEquation"	RelError: 2.31300e-06	AbsError: 1.32986e+03
      Equation: "HoleContinuityEquation"	RelError: 1.05703e-07	AbsError: 8.86484e+02
      Equation: "PotentialEquation"	RelError: 3.01507e-14	AbsError: 1.26089e-15
    Region: "gate"	RelError: 3.73234e-16	AbsError: 7.97526e+03
      Equation: "ElectronContinuityEquation"	RelError: 7.97526e-17	AbsError: 7.97526e+03
      Equation: "HoleContinuityEquation"	RelError: 1.92191e-16	AbsError: 1.93350e-16
      Equation: "PotentialEquation"	RelError: 1.01291e-16	AbsError: 1.11022e-16
    Region: "oxide"	RelError: 1.42586e-16	AbsError: 1.20578e-16
      Equation: "PotentialEquation"	RelError: 1.42586e-16	AbsError: 1.20578e-16
Succeeded
IVPOINT	IDVD_VG1P0	5.00000000e-01	1.54000000e+00	3.66505473e-04
drain last end 1.540000e+00 2.000000e+00
number of equations 4409
Iteration: 0
  Device: "mos2d"	RelError: 1.23870e+00	AbsError: 2.55313e+16
    Region: "bulk"	RelError: 1.23006e+00	AbsError: 2.55313e+16
      Equation: "ElectronContinuityEquation"	RelError: 2.24012e-01	AbsError: 2.40630e+16
      Equation: "HoleContinuityEquation"	RelError: 6.99965e-01	AbsError: 1.46829e+15
      Equation: "PotentialEquation"	RelError: 3.06079e-01	AbsError: 2.00000e-02
    Region: "gate"	RelError: 3.22200e-04	AbsError: 1.60056e+16
      Equation: "ElectronContinuityEquation"	RelError: 1.59195e-04	AbsError: 1.60056e+16
      Equation: "HoleContinuityEquation"	RelError: 1.59245e-04	AbsError: 1.58388e-04
      Equation: "PotentialEquation"	RelError: 3.75999e-06	AbsError: 4.12176e-06
    Region: "oxide"	RelError: 8.32004e-03	AbsError: 1.34328e-02
      Equation: "PotentialEquation"	RelError: 8.32004e-03	AbsError: 1.34328e-02
Iteration: 1
  Device: "mos2d"	RelError: 1.32463e-01	AbsError: 9.59083e+13
    Region: "bulk"	RelError: 1.32459e-01	AbsError: 9.59083e+13
      Equation: "ElectronContinuityEquation"	RelError: 2.00390e-02	AbsError: 6.77796e+13
      Equation: "HoleContinuityEquation"	RelError: 1.11912e-01	AbsError: 2.81287e+13
      Equation: "PotentialEquation"	RelError: 5.07737e-04	AbsError: 4.46887e-05
    Region: "gate"	RelError: 5.31280e-08	AbsError: 2.52631e+12
      Equation: "ElectronContinuityEquation"	RelError: 2.54510e-08	AbsError: 2.52631e+12
      Equation: "HoleContinuityEquation"	RelError: 2.70874e-08	AbsError: 2.69416e-08
      Equation: "PotentialEquation"	RelError: 5.89553e-10	AbsError: 6.46081e-10
    Region: "oxide"	RelError: 4.46902e-06	AbsError: 2.03910e-06
      Equation: "PotentialEquation"	RelError: 4.46902e-06	AbsError: 2.03910e-06
Iteration: 2
  Device: "mos2d"	RelError: 9.22855e-04	AbsError: 9.63307e+09
    Region: "bulk"	RelError: 9.22855e-04	AbsError: 9.63307e+09
      Equation: "ElectronContinuityEquation"	RelError: 8.81358e-04	AbsError: 2.12025e+09
      Equation: "HoleContinuityEquation"	RelError: 4.13983e-05	AbsError: 7.51283e+09
      Equation: "PotentialEquation"	RelError: 9.85374e-08	AbsError: 1.08696e-08
    Region: "gate"	RelError: 1.28870e-12	AbsError: 6.33886e+07
      Equation: "ElectronContinuityEquation"	RelError: 6.36580e-13	AbsError: 6.33886e+07
      Equation: "HoleContinuityEquation"	RelError: 6.37021e-13	AbsError: 6.39728e-13
      Equation: "PotentialEquation"	RelError: 1.51030e-14	AbsError: 1.65523e-14
    Region: "oxide"	RelError: 8.49613e-11	AbsError: 5.06248e-11
      Equation: "PotentialEquation"	RelError: 8.49613e-11	AbsError: 5.06248e-11
Iteration: 3
  Device: "mos2d"	RelError: 4.58386e-07	AbsError: 8.29137e+03
    Region: "bulk"	RelError: 4.58386e-07	AbsError: 1.75037e+03
      Equation: "ElectronContinuityEquation"	RelError: 2.89413e-07	AbsError: 1.12401e+03
      Equation: "HoleContinuityEquation"	RelError: 1.68973e-07	AbsError: 6.26354e+02
      Equation: "PotentialEquation"	RelError: 4.20093e-14	AbsError: 7.99939e-16
    Region: "gate"	RelError: 3.82417e-16	AbsError: 8.29137e+03
      Equation: "ElectronContinuityEquation"	RelError: 8.34100e-17	AbsError: 8.29137e+03
      Equation: "HoleContinuityEquation"	RelError: 1.97474e-16	AbsError: 1.99436e-16
      Equation: "PotentialEquation"	RelError: 1.01533e-16	AbsError: 1.11288e-16
    Region: "oxide"	RelError: 1.94028e-16	AbsError: 1.27326e-16
      Equation: "PotentialEquation"	RelError: 1.94028e-16	AbsError: 1.27326e-16
Succeeded
IVPOINT	IDVD_VG1P0	5.00000000e-01	1.56000000e+00	3.73588643e-04
drain last end 1.560000e+00 2.000000e+00
number of equations 4409
Iteration: 0
  Device: "mos2d"	RelError: 1.37332e+00	AbsError: 2.55267e+16
    Region: "bulk"	RelError: 1.36475e+00	AbsError: 2.55267e+16
      Equation: "ElectronContinuityEquation"	RelError: 2.20557e-01	AbsError: 2.40561e+16
      Equation: "HoleContinuityEquation"	RelError: 7.00673e-01	AbsError: 1.47057e+15
      Equation: "PotentialEquation"	RelError: 4.43521e-01	AbsError: 2.00000e-02
    Region: "gate"	RelError: 3.22142e-04	AbsError: 1.60053e+16
      Equation: "ElectronContinuityEquation"	RelError: 1.59166e-04	AbsError: 1.60053e+16
      Equation: "HoleContinuityEquation"	RelError: 1.59217e-04	AbsError: 1.58334e-04
      Equation: "PotentialEquation"	RelError: 3.75930e-06	AbsError: 4.12101e-06
    Region: "oxide"	RelError: 8.25098e-03	AbsError: 1.34321e-02
      Equation: "PotentialEquation"	RelError: 8.25098e-03	AbsError: 1.34321e-02
Iteration: 1
  Device: "mos2d"	RelError: 1.32735e-01	AbsError: 9.11153e+13
    Region: "bulk"	RelError: 1.32731e-01	AbsError: 9.11153e+13
      Equation: "ElectronContinuityEquation"	RelError: 1.97316e-02	AbsError: 6.31051e+13
      Equation: "HoleContinuityEquation"	RelError: 1.12270e-01	AbsError: 2.80102e+13
      Equation: "PotentialEquation"	RelError: 7.29706e-04	AbsError: 4.12834e-05
    Region: "gate"	RelError: 5.23817e-08	AbsError: 2.51155e+12
      Equation: "ElectronContinuityEquation"	RelError: 2.53015e-08	AbsError: 2.51155e+12
      Equation: "HoleContinuityEquation"	RelError: 2.64943e-08	AbsError: 2.63475e-08
      Equation: "PotentialEquation"	RelError: 5.85983e-10	AbsError: 6.42169e-10
    Region: "oxide"	RelError: 4.43012e-06	AbsError: 2.02672e-06
      Equation: "PotentialEquation"	RelError: 4.43012e-06	AbsError: 2.02672e-06
Iteration: 2
  Device: "mos2d"	RelError: 1.03462e-03	AbsError: 8.05451e+09
    Region: "bulk"	RelError: 1.03462e-03	AbsError: 8.05451e+09
      Equation: "ElectronContinuityEquation"	RelError: 9.88872e-04	AbsError: 1.95806e+09
      Equation: "HoleContinuityEquation"	RelError: 4.56785e-05	AbsError: 6.09645e+09
      Equation: "PotentialEquation"	RelError: 7.25801e-08	AbsError: 9.02709e-09
    Region: "gate"	RelError: 1.29447e-12	AbsError: 6.36877e+07
      Equation: "ElectronContinuityEquation"	RelError: 6.39540e-13	AbsError: 6.36877e+07
      Equation: "HoleContinuityEquation"	RelError: 6.39898e-13	AbsError: 6.42573e-13
      Equation: "PotentialEquation"	RelError: 1.50313e-14	AbsError: 1.64739e-14
    Region: "oxide"	RelError: 8.24053e-11	AbsError: 5.08296e-11
      Equation: "PotentialEquation"	RelError: 8.24053e-11	AbsError: 5.08296e-11
Iteration: 3
  Device: "mos2d"	RelError: 1.06489e-07	AbsError: 8.52089e+03
    Region: "bulk"	RelError: 1.06489e-07	AbsError: 1.76132e+03
      Equation: "ElectronContinuityEquation"	RelError: 2.99480e-08	AbsError: 1.29481e+03
      Equation: "HoleContinuityEquation"	RelError: 7.65405e-08	AbsError: 4.66510e+02
      Equation: "PotentialEquation"	RelError: 2.01683e-14	AbsError: 5.18350e-16
    Region: "gate"	RelError: 3.80668e-16	AbsError: 8.52089e+03
      Equation: "ElectronContinuityEquation"	RelError: 8.60815e-17	AbsError: 8.52089e+03
      Equation: "HoleContinuityEquation"	RelError: 1.93292e-16	AbsError: 1.92554e-16
      Equation: "PotentialEquation"	RelError: 1.01295e-16	AbsError: 1.11027e-16
    Region: "oxide"	RelError: 1.96363e-16	AbsError: 1.32022e-16
      Equation: "PotentialEquation"	RelError: 1.96363e-16	AbsError: 1.32022e-16
Succeeded
IVPOINT	IDVD_VG1P0	5.00000000e-01	1.58000000e+00	3.80785908e-04
drain last end 1.580000e+00 2.000000e+00
number of equations 4409
Iteration: 0
  Device: "mos2d"	RelError: 1.72969e+00	AbsError: 2.55195e+16
    Region: "bulk"	RelError: 1.72119e+00	AbsError: 2.55195e+16
      Equation: "ElectronContinuityEquation"	RelError: 2.16507e-01	AbsError: 2.40482e+16
      Equation: "HoleContinuityEquation"	RelError: 7.01894e-01	AbsError: 1.47137e+15
      Equation: "PotentialEquation"	RelError: 8.02785e-01	AbsError: 2.00000e-02
    Region: "gate"	RelError: 3.22086e-04	AbsError: 1.60051e+16
      Equation: "ElectronContinuityEquation"	RelError: 1.59138e-04	AbsError: 1.60051e+16
      Equation: "HoleContinuityEquation"	RelError: 1.59189e-04	AbsError: 1.58282e-04
      Equation: "PotentialEquation"	RelError: 3.75864e-06	AbsError: 4.12030e-06
    Region: "oxide"	RelError: 8.18312e-03	AbsError: 1.34316e-02
      Equation: "PotentialEquation"	RelError: 8.18312e-03	AbsError: 1.34316e-02
Iteration: 1
  Device: "mos2d"	RelError: 1.33114e-01	AbsError: 8.76132e+13
    Region: "bulk"	RelError: 1.33110e-01	AbsError: 8.76132e+13
      Equation: "ElectronContinuityEquation"	RelError: 1.93842e-02	AbsError: 5.87044e+13
      Equation: "HoleContinuityEquation"	RelError: 1.12415e-01	AbsError: 2.89088e+13
      Equation: "PotentialEquation"	RelError: 1.31049e-03	AbsError: 3.79937e-05
    Region: "gate"	RelError: 5.16811e-08	AbsError: 2.49643e+12
      Equation: "ElectronContinuityEquation"	RelError: 2.51484e-08	AbsError: 2.49643e+12
      Equation: "HoleContinuityEquation"	RelError: 2.59504e-08	AbsError: 2.58025e-08
      Equation: "PotentialEquation"	RelError: 5.82330e-10	AbsError: 6.38166e-10
    Region: "oxide"	RelError: 4.39132e-06	AbsError: 2.01403e-06
      Equation: "PotentialEquation"	RelError: 4.39132e-06	AbsError: 2.01403e-06
Iteration: 2
  Device: "mos2d"	RelError: 1.11950e-03	AbsError: 7.82789e+09
    Region: "bulk"	RelError: 1.11950e-03	AbsError: 7.82789e+09
      Equation: "ElectronContinuityEquation"	RelError: 1.06922e-03	AbsError: 1.81659e+09
      Equation: "HoleContinuityEquation"	RelError: 5.02041e-05	AbsError: 6.01129e+09
      Equation: "PotentialEquation"	RelError: 8.12217e-08	AbsError: 7.41237e-09
    Region: "gate"	RelError: 1.29520e-12	AbsError: 6.37274e+07
      Equation: "ElectronContinuityEquation"	RelError: 6.39894e-13	AbsError: 6.37274e+07
      Equation: "HoleContinuityEquation"	RelError: 6.40219e-13	AbsError: 6.42852e-13
      Equation: "PotentialEquation"	RelError: 1.50820e-14	AbsError: 1.65294e-14
    Region: "oxide"	RelError: 7.97936e-11	AbsError: 5.07957e-11
      Equation: "PotentialEquation"	RelError: 7.97936e-11	AbsError: 5.07957e-11
Iteration: 3
  Device: "mos2d"	RelError: 3.24962e-06	AbsError: 8.17272e+03
    Region: "bulk"	RelError: 3.24962e-06	AbsError: 1.92395e+03
      Equation: "ElectronContinuityEquation"	RelError: 3.21758e-06	AbsError: 1.49639e+03
      Equation: "HoleContinuityEquation"	RelError: 3.20381e-08	AbsError: 4.27556e+02
      Equation: "PotentialEquation"	RelError: 3.44610e-14	AbsError: 3.90177e-16
    Region: "gate"	RelError: 3.86737e-16	AbsError: 8.17272e+03
      Equation: "ElectronContinuityEquation"	RelError: 8.17272e-17	AbsError: 8.17272e+03
      Equation: "HoleContinuityEquation"	RelError: 2.03683e-16	AbsError: 2.05401e-16
      Equation: "PotentialEquation"	RelError: 1.01327e-16	AbsError: 1.11061e-16
    Region: "oxide"	RelError: 1.36100e-16	AbsError: 1.12616e-16
      Equation: "PotentialEquation"	RelError: 1.36100e-16	AbsError: 1.12616e-16
Succeeded
IVPOINT	IDVD_VG1P0	5.00000000e-01	1.60000000e+00	3.88099018e-04
drain last end 1.600000e+00 2.000000e+00
number of equations 4409
Iteration: 0
  Device: "mos2d"	RelError: 5.09138e+00	AbsError: 2.55099e+16
    Region: "bulk"	RelError: 5.08294e+00	AbsError: 2.55099e+16
      Equation: "ElectronContinuityEquation"	RelError: 2.11751e-01	AbsError: 2.40392e+16
      Equation: "HoleContinuityEquation"	RelError: 7.04421e-01	AbsError: 1.47065e+15
      Equation: "PotentialEquation"	RelError: 4.16677e+00	AbsError: 2.00000e-02
    Region: "gate"	RelError: 3.22033e-04	AbsError: 1.60050e+16
      Equation: "ElectronContinuityEquation"	RelError: 1.59112e-04	AbsError: 1.60050e+16
      Equation: "HoleContinuityEquation"	RelError: 1.59163e-04	AbsError: 1.58230e-04
      Equation: "PotentialEquation"	RelError: 3.75800e-06	AbsError: 4.11962e-06
    Region: "oxide"	RelError: 8.11641e-03	AbsError: 1.34311e-02
      Equation: "PotentialEquation"	RelError: 8.11641e-03	AbsError: 1.34311e-02
Iteration: 1
  Device: "mos2d"	RelError: 1.38508e-01	AbsError: 8.41772e+13
    Region: "bulk"	RelError: 1.38504e-01	AbsError: 8.41772e+13
      Equation: "ElectronContinuityEquation"	RelError: 1.89883e-02	AbsError: 5.45685e+13
      Equation: "HoleContinuityEquation"	RelError: 1.12733e-01	AbsError: 2.96087e+13
      Equation: "PotentialEquation"	RelError: 6.78203e-03	AbsError: 3.66371e-05
    Region: "gate"	RelError: 5.10237e-08	AbsError: 2.48096e+12
      Equation: "ElectronContinuityEquation"	RelError: 2.49917e-08	AbsError: 2.48096e+12
      Equation: "HoleContinuityEquation"	RelError: 2.54534e-08	AbsError: 2.53043e-08
      Equation: "PotentialEquation"	RelError: 5.78592e-10	AbsError: 6.34071e-10
    Region: "oxide"	RelError: 4.35259e-06	AbsError: 2.00104e-06
      Equation: "PotentialEquation"	RelError: 4.35259e-06	AbsError: 2.00104e-06
Iteration: 2
  Device: "mos2d"	RelError: 1.16174e-03	AbsError: 8.13783e+09
    Region: "bulk"	RelError: 1.16174e-03	AbsError: 8.13783e+09
      Equation: "ElectronContinuityEquation"	RelError: 1.10668e-03	AbsError: 1.69524e+09
      Equation: "HoleContinuityEquation"	RelError: 5.49404e-05	AbsError: 6.44259e+09
      Equation: "PotentialEquation"	RelError: 1.13998e-07	AbsError: 6.05392e-09
    Region: "gate"	RelError: 1.29092e-12	AbsError: 6.35053e+07
      Equation: "ElectronContinuityEquation"	RelError: 6.37620e-13	AbsError: 6.35053e+07
      Equation: "HoleContinuityEquation"	RelError: 6.38203e-13	AbsError: 6.40783e-13
      Equation: "PotentialEquation"	RelError: 1.50963e-14	AbsError: 1.65451e-14
    Region: "oxide"	RelError: 7.71449e-11	AbsError: 5.05389e-11
      Equation: "PotentialEquation"	RelError: 7.71449e-11	AbsError: 5.05389e-11
Iteration: 3
  Device: "mos2d"	RelError: 3.21638e-07	AbsError: 8.18544e+03
    Region: "bulk"	RelError: 3.21638e-07	AbsError: 1.95766e+03
      Equation: "ElectronContinuityEquation"	RelError: 2.11548e-07	AbsError: 1.64758e+03
      Equation: "HoleContinuityEquation"	RelError: 1.10090e-07	AbsError: 3.10085e+02
      Equation: "PotentialEquation"	RelError: 3.56101e-14	AbsError: 5.18167e-16
    Region: "gate"	RelError: 3.57780e-16	AbsError: 8.18544e+03
      Equation: "ElectronContinuityEquation"	RelError: 8.26727e-17	AbsError: 8.18544e+03
      Equation: "HoleContinuityEquation"	RelError: 1.73798e-16	AbsError: 1.75799e-16
      Equation: "PotentialEquation"	RelError: 1.01310e-16	AbsError: 1.11043e-16
    Region: "oxide"	RelError: 1.92718e-16	AbsError: 1.16700e-16
      Equation: "PotentialEquation"	RelError: 1.92718e-16	AbsError: 1.16700e-16
Succeeded
IVPOINT	IDVD_VG1P0	5.00000000e-01	1.62000000e+00	3.95529805e-04
drain last end 1.620000e+00 2.000000e+00
number of equations 4409
Iteration: 0
  Device: "mos2d"	RelError: 8.07071e+00	AbsError: 2.54977e+16
    Region: "bulk"	RelError: 8.06233e+00	AbsError: 2.54977e+16
      Equation: "ElectronContinuityEquation"	RelError: 2.06171e-01	AbsError: 2.40294e+16
      Equation: "HoleContinuityEquation"	RelError: 7.06037e-01	AbsError: 1.46837e+15
      Equation: "PotentialEquation"	RelError: 7.15013e+00	AbsError: 2.00000e-02
    Region: "gate"	RelError: 3.21981e-04	AbsError: 1.60049e+16
      Equation: "ElectronContinuityEquation"	RelError: 1.59087e-04	AbsError: 1.60049e+16
      Equation: "HoleContinuityEquation"	RelError: 1.59137e-04	AbsError: 1.58180e-04
      Equation: "PotentialEquation"	RelError: 3.75739e-06	AbsError: 4.11896e-06
    Region: "oxide"	RelError: 8.05083e-03	AbsError: 1.34307e-02
      Equation: "PotentialEquation"	RelError: 8.05083e-03	AbsError: 1.34307e-02
Iteration: 1
  Device: "mos2d"	RelError: 1.42248e-01	AbsError: 8.07877e+13
    Region: "bulk"	RelError: 1.42244e-01	AbsError: 8.07877e+13
      Equation: "ElectronContinuityEquation"	RelError: 1.85349e-02	AbsError: 5.06876e+13
      Equation: "HoleContinuityEquation"	RelError: 1.13264e-01	AbsError: 3.01002e+13
      Equation: "PotentialEquation"	RelError: 1.04449e-02	AbsError: 3.68283e-05
    Region: "gate"	RelError: 5.04072e-08	AbsError: 2.46514e+12
      Equation: "ElectronContinuityEquation"	RelError: 2.48316e-08	AbsError: 2.46514e+12
      Equation: "HoleContinuityEquation"	RelError: 2.50009e-08	AbsError: 2.48505e-08
      Equation: "PotentialEquation"	RelError: 5.74772e-10	AbsError: 6.29884e-10
    Region: "oxide"	RelError: 4.31392e-06	AbsError: 1.98773e-06
      Equation: "PotentialEquation"	RelError: 4.31392e-06	AbsError: 1.98773e-06
Iteration: 2
  Device: "mos2d"	RelError: 1.15242e-03	AbsError: 8.37028e+09
    Region: "bulk"	RelError: 1.15242e-03	AbsError: 8.37028e+09
      Equation: "ElectronContinuityEquation"	RelError: 1.09238e-03	AbsError: 1.59133e+09
      Equation: "HoleContinuityEquation"	RelError: 5.98414e-05	AbsError: 6.77895e+09
      Equation: "PotentialEquation"	RelError: 1.95933e-07	AbsError: 6.25866e-09
    Region: "gate"	RelError: 1.28150e-12	AbsError: 6.30674e+07
      Equation: "ElectronContinuityEquation"	RelError: 6.33180e-13	AbsError: 6.30674e+07
      Equation: "HoleContinuityEquation"	RelError: 6.33359e-13	AbsError: 6.35876e-13
      Equation: "PotentialEquation"	RelError: 1.49582e-14	AbsError: 1.63938e-14
    Region: "oxide"	RelError: 7.44805e-11	AbsError: 5.00791e-11
      Equation: "PotentialEquation"	RelError: 7.44805e-11	AbsError: 5.00791e-11
Iteration: 3
  Device: "mos2d"	RelError: 5.05431e-08	AbsError: 7.92547e+03
    Region: "bulk"	RelError: 5.05431e-08	AbsError: 1.92480e+03
      Equation: "ElectronContinuityEquation"	RelError: 3.70797e-08	AbsError: 1.50345e+03
      Equation: "HoleContinuityEquation"	RelError: 1.34633e-08	AbsError: 4.21354e+02
      Equation: "PotentialEquation"	RelError: 4.34996e-14	AbsError: 3.64093e-16
    Region: "gate"	RelError: 4.16798e-16	AbsError: 7.92547e+03
      Equation: "ElectronContinuityEquation"	RelError: 7.92551e-17	AbsError: 7.92547e+03
      Equation: "HoleContinuityEquation"	RelError: 2.36224e-16	AbsError: 2.38563e-16
      Equation: "PotentialEquation"	RelError: 1.01320e-16	AbsError: 1.11054e-16
    Region: "oxide"	RelError: 1.85890e-16	AbsError: 1.13295e-16
      Equation: "PotentialEquation"	RelError: 1.85890e-16	AbsError: 1.13295e-16
Succeeded
IVPOINT	IDVD_VG1P0	5.00000000e-01	1.64000000e+00	4.03080079e-04
drain last end 1.640000e+00 2.000000e+00
number of equations 4409
Iteration: 0
  Device: "mos2d"	RelError: 3.94279e+00	AbsError: 2.54831e+16
    Region: "bulk"	RelError: 3.93448e+00	AbsError: 2.54831e+16
      Equation: "ElectronContinuityEquation"	RelError: 1.99651e-01	AbsError: 2.40186e+16
      Equation: "HoleContinuityEquation"	RelError: 7.06385e-01	AbsError: 1.46447e+15
      Equation: "PotentialEquation"	RelError: 3.02844e+00	AbsError: 2.00000e-02
    Region: "gate"	RelError: 3.21932e-04	AbsError: 1.60050e+16
      Equation: "ElectronContinuityEquation"	RelError: 1.59062e-04	AbsError: 1.60050e+16
      Equation: "HoleContinuityEquation"	RelError: 1.59113e-04	AbsError: 1.58130e-04
      Equation: "PotentialEquation"	RelError: 3.75679e-06	AbsError: 4.11833e-06
    Region: "oxide"	RelError: 7.98635e-03	AbsError: 1.34304e-02
      Equation: "PotentialEquation"	RelError: 7.98635e-03	AbsError: 1.34304e-02
Iteration: 1
  Device: "mos2d"	RelError: 1.38829e-01	AbsError: 7.74277e+13
    Region: "bulk"	RelError: 1.38825e-01	AbsError: 7.74277e+13
      Equation: "ElectronContinuityEquation"	RelError: 1.80152e-02	AbsError: 4.70513e+13
      Equation: "HoleContinuityEquation"	RelError: 1.13597e-01	AbsError: 3.03765e+13
      Equation: "PotentialEquation"	RelError: 7.21253e-03	AbsError: 3.68967e-05
    Region: "gate"	RelError: 4.98293e-08	AbsError: 2.44898e+12
      Equation: "ElectronContinuityEquation"	RelError: 2.46680e-08	AbsError: 2.44898e+12
      Equation: "HoleContinuityEquation"	RelError: 2.45904e-08	AbsError: 2.44386e-08
      Equation: "PotentialEquation"	RelError: 5.70871e-10	AbsError: 6.25610e-10
    Region: "oxide"	RelError: 4.27530e-06	AbsError: 1.97414e-06
      Equation: "PotentialEquation"	RelError: 4.27530e-06	AbsError: 1.97414e-06
Iteration: 2
  Device: "mos2d"	RelError: 1.09042e-03	AbsError: 8.51248e+09
    Region: "bulk"	RelError: 1.09042e-03	AbsError: 8.51248e+09
      Equation: "ElectronContinuityEquation"	RelError: 1.02478e-03	AbsError: 1.50099e+09
      Equation: "HoleContinuityEquation"	RelError: 6.48534e-05	AbsError: 7.01150e+09
      Equation: "PotentialEquation"	RelError: 7.78176e-07	AbsError: 6.39413e-09
    Region: "gate"	RelError: 1.26813e-12	AbsError: 6.24072e+07
      Equation: "ElectronContinuityEquation"	RelError: 6.26508e-13	AbsError: 6.24072e+07
      Equation: "HoleContinuityEquation"	RelError: 6.26871e-13	AbsError: 6.29319e-13
      Equation: "PotentialEquation"	RelError: 1.47513e-14	AbsError: 1.61671e-14
    Region: "oxide"	RelError: 7.18227e-11	AbsError: 4.94395e-11
      Equation: "PotentialEquation"	RelError: 7.18227e-11	AbsError: 4.94395e-11
Iteration: 3
  Device: "mos2d"	RelError: 1.61199e-07	AbsError: 8.16991e+03
    Region: "bulk"	RelError: 1.61199e-07	AbsError: 1.80018e+03
      Equation: "ElectronContinuityEquation"	RelError: 1.42868e-07	AbsError: 1.44977e+03
      Equation: "HoleContinuityEquation"	RelError: 1.83309e-08	AbsError: 3.50412e+02
      Equation: "PotentialEquation"	RelError: 3.28829e-14	AbsError: 3.44729e-16
    Region: "gate"	RelError: 3.99205e-16	AbsError: 8.16991e+03
      Equation: "ElectronContinuityEquation"	RelError: 8.16991e-17	AbsError: 8.16991e+03
      Equation: "HoleContinuityEquation"	RelError: 2.16149e-16	AbsError: 2.18638e-16
      Equation: "PotentialEquation"	RelError: 1.01357e-16	AbsError: 1.11095e-16
    Region: "oxide"	RelError: 1.78966e-16	AbsError: 1.37336e-16
      Equation: "PotentialEquation"	RelError: 1.78966e-16	AbsError: 1.37336e-16
Succeeded
IVPOINT	IDVD_VG1P0	5.00000000e-01	1.66000000e+00	4.10751721e-04
drain last end 1.660000e+00 2.000000e+00
number of equations 4409
Iteration: 0
  Device: "mos2d"	RelError: 2.39238e+00	AbsError: 2.54660e+16
    Region: "bulk"	RelError: 2.38414e+00	AbsError: 2.54660e+16
      Equation: "ElectronContinuityEquation"	RelError: 1.94861e-01	AbsError: 2.40071e+16
      Equation: "HoleContinuityEquation"	RelError: 7.04937e-01	AbsError: 1.45891e+15
      Equation: "PotentialEquation"	RelError: 1.48434e+00	AbsError: 2.00000e-02
    Region: "gate"	RelError: 3.21884e-04	AbsError: 1.60052e+16
      Equation: "ElectronContinuityEquation"	RelError: 1.59038e-04	AbsError: 1.60052e+16
      Equation: "HoleContinuityEquation"	RelError: 1.59089e-04	AbsError: 1.58082e-04
      Equation: "PotentialEquation"	RelError: 3.75622e-06	AbsError: 4.11771e-06
    Region: "oxide"	RelError: 7.92293e-03	AbsError: 1.34301e-02
      Equation: "PotentialEquation"	RelError: 7.92293e-03	AbsError: 1.34301e-02
Iteration: 1
  Device: "mos2d"	RelError: 1.34501e-01	AbsError: 7.40836e+13
    Region: "bulk"	RelError: 1.34497e-01	AbsError: 7.40836e+13
      Equation: "ElectronContinuityEquation"	RelError: 1.74218e-02	AbsError: 4.36488e+13
      Equation: "HoleContinuityEquation"	RelError: 1.13656e-01	AbsError: 3.04348e+13
      Equation: "PotentialEquation"	RelError: 3.41902e-03	AbsError: 3.68373e-05
    Region: "gate"	RelError: 4.92878e-08	AbsError: 2.43250e+12
      Equation: "ElectronContinuityEquation"	RelError: 2.45013e-08	AbsError: 2.43250e+12
      Equation: "HoleContinuityEquation"	RelError: 2.42197e-08	AbsError: 2.40663e-08
      Equation: "PotentialEquation"	RelError: 5.66896e-10	AbsError: 6.21255e-10
    Region: "oxide"	RelError: 4.23671e-06	AbsError: 1.96027e-06
      Equation: "PotentialEquation"	RelError: 4.23671e-06	AbsError: 1.96027e-06
Iteration: 2
  Device: "mos2d"	RelError: 9.81364e-04	AbsError: 8.55429e+09
    Region: "bulk"	RelError: 9.81364e-04	AbsError: 8.55429e+09
      Equation: "ElectronContinuityEquation"	RelError: 9.11083e-04	AbsError: 1.41998e+09
      Equation: "HoleContinuityEquation"	RelError: 6.99153e-05	AbsError: 7.13431e+09
      Equation: "PotentialEquation"	RelError: 3.65909e-07	AbsError: 6.45234e-09
    Region: "gate"	RelError: 1.25117e-12	AbsError: 6.15796e+07
      Equation: "ElectronContinuityEquation"	RelError: 6.18158e-13	AbsError: 6.15796e+07
      Equation: "HoleContinuityEquation"	RelError: 6.18483e-13	AbsError: 6.20855e-13
      Equation: "PotentialEquation"	RelError: 1.45240e-14	AbsError: 1.59180e-14
    Region: "oxide"	RelError: 6.91957e-11	AbsError: 4.86464e-11
      Equation: "PotentialEquation"	RelError: 6.91957e-11	AbsError: 4.86464e-11
Iteration: 3
  Device: "mos2d"	RelError: 4.99503e-06	AbsError: 8.06391e+03
    Region: "bulk"	RelError: 4.99503e-06	AbsError: 1.36893e+03
      Equation: "ElectronContinuityEquation"	RelError: 4.98663e-06	AbsError: 1.01305e+03
      Equation: "HoleContinuityEquation"	RelError: 8.40639e-09	AbsError: 3.55884e+02
      Equation: "PotentialEquation"	RelError: 2.12591e-14	AbsError: 3.09332e-16
    Region: "gate"	RelError: 4.30474e-16	AbsError: 8.06391e+03
      Equation: "ElectronContinuityEquation"	RelError: 8.13951e-17	AbsError: 8.06391e+03
      Equation: "HoleContinuityEquation"	RelError: 2.47432e-16	AbsError: 2.50281e-16
      Equation: "PotentialEquation"	RelError: 1.01647e-16	AbsError: 1.11413e-16
    Region: "oxide"	RelError: 1.68378e-16	AbsError: 1.11141e-16
      Equation: "PotentialEquation"	RelError: 1.68378e-16	AbsError: 1.11141e-16
Succeeded
IVPOINT	IDVD_VG1P0	5.00000000e-01	1.68000000e+00	4.18546598e-04
drain last end 1.680000e+00 2.000000e+00
number of equations 4409
Iteration: 0
  Device: "mos2d"	RelError: 1.94511e+00	AbsError: 2.54465e+16
    Region: "bulk"	RelError: 1.93692e+00	AbsError: 2.54465e+16
      Equation: "ElectronContinuityEquation"	RelError: 1.94193e-01	AbsError: 2.39948e+16
      Equation: "HoleContinuityEquation"	RelError: 7.00917e-01	AbsError: 1.45161e+15
      Equation: "PotentialEquation"	RelError: 1.04181e+00	AbsError: 2.00000e-02
    Region: "gate"	RelError: 3.21837e-04	AbsError: 1.60054e+16
      Equation: "ElectronContinuityEquation"	RelError: 1.59015e-04	AbsError: 1.60054e+16
      Equation: "HoleContinuityEquation"	RelError: 1.59066e-04	AbsError: 1.58034e-04
      Equation: "PotentialEquation"	RelError: 3.75566e-06	AbsError: 4.11712e-06
    Region: "oxide"	RelError: 7.86055e-03	AbsError: 1.34299e-02
      Equation: "PotentialEquation"	RelError: 7.86055e-03	AbsError: 1.34299e-02
Iteration: 1
  Device: "mos2d"	RelError: 1.32563e-01	AbsError: 7.07456e+13
    Region: "bulk"	RelError: 1.32558e-01	AbsError: 7.07456e+13
      Equation: "ElectronContinuityEquation"	RelError: 1.67499e-02	AbsError: 4.04691e+13
      Equation: "HoleContinuityEquation"	RelError: 1.13328e-01	AbsError: 3.02765e+13
      Equation: "PotentialEquation"	RelError: 2.48030e-03	AbsError: 3.66477e-05
    Region: "gate"	RelError: 4.87805e-08	AbsError: 2.41573e+12
      Equation: "ElectronContinuityEquation"	RelError: 2.43316e-08	AbsError: 2.41573e+12
      Equation: "HoleContinuityEquation"	RelError: 2.38861e-08	AbsError: 2.37310e-08
      Equation: "PotentialEquation"	RelError: 5.62852e-10	AbsError: 6.16823e-10
    Region: "oxide"	RelError: 4.19818e-06	AbsError: 1.94615e-06
      Equation: "PotentialEquation"	RelError: 4.19818e-06	AbsError: 1.94615e-06
Iteration: 2
  Device: "mos2d"	RelError: 8.41302e-04	AbsError: 8.48941e+09
    Region: "bulk"	RelError: 8.41302e-04	AbsError: 8.48941e+09
      Equation: "ElectronContinuityEquation"	RelError: 7.66117e-04	AbsError: 1.34436e+09
      Equation: "HoleContinuityEquation"	RelError: 7.49608e-05	AbsError: 7.14505e+09
      Equation: "PotentialEquation"	RelError: 2.24895e-07	AbsError: 6.42838e-09
    Region: "gate"	RelError: 1.23137e-12	AbsError: 6.06005e+07
      Equation: "ElectronContinuityEquation"	RelError: 6.08288e-13	AbsError: 6.06005e+07
      Equation: "HoleContinuityEquation"	RelError: 6.08640e-13	AbsError: 6.10932e-13
      Equation: "PotentialEquation"	RelError: 1.44391e-14	AbsError: 1.58250e-14
    Region: "oxide"	RelError: 6.66232e-11	AbsError: 4.77291e-11
      Equation: "PotentialEquation"	RelError: 6.66232e-11	AbsError: 4.77291e-11
Iteration: 3
  Device: "mos2d"	RelError: 6.14053e-07	AbsError: 8.15052e+03
    Region: "bulk"	RelError: 6.14053e-07	AbsError: 1.63262e+03
      Equation: "ElectronContinuityEquation"	RelError: 5.98633e-07	AbsError: 1.25232e+03
      Equation: "HoleContinuityEquation"	RelError: 1.54200e-08	AbsError: 3.80303e+02
      Equation: "PotentialEquation"	RelError: 2.46715e-14	AbsError: 3.32896e-16
    Region: "gate"	RelError: 3.77880e-16	AbsError: 8.15052e+03
      Equation: "ElectronContinuityEquation"	RelError: 8.15053e-17	AbsError: 8.15052e+03
      Equation: "HoleContinuityEquation"	RelError: 1.95078e-16	AbsError: 1.97006e-16
      Equation: "PotentialEquation"	RelError: 1.01297e-16	AbsError: 1.11029e-16
    Region: "oxide"	RelError: 1.65673e-16	AbsError: 1.00576e-16
      Equation: "PotentialEquation"	RelError: 1.65673e-16	AbsError: 1.00576e-16
Succeeded
IVPOINT	IDVD_VG1P0	5.00000000e-01	1.70000000e+00	4.26466648e-04
drain last end 1.700000e+00 2.000000e+00
number of equations 4409
Iteration: 0
  Device: "mos2d"	RelError: 2.21637e+01	AbsError: 2.54244e+16
    Region: "bulk"	RelError: 2.21555e+01	AbsError: 2.54244e+16
      Equation: "ElectronContinuityEquation"	RelError: 1.93517e-01	AbsError: 2.39819e+16
      Equation: "HoleContinuityEquation"	RelError: 6.93216e-01	AbsError: 1.44254e+15
      Equation: "PotentialEquation"	RelError: 2.12688e+01	AbsError: 2.00000e-02
    Region: "gate"	RelError: 3.21792e-04	AbsError: 1.60057e+16
      Equation: "ElectronContinuityEquation"	RelError: 1.58993e-04	AbsError: 1.60057e+16
      Equation: "HoleContinuityEquation"	RelError: 1.59044e-04	AbsError: 1.57986e-04
      Equation: "PotentialEquation"	RelError: 3.75512e-06	AbsError: 4.11654e-06
    Region: "oxide"	RelError: 7.79917e-03	AbsError: 1.34298e-02
      Equation: "PotentialEquation"	RelError: 7.79917e-03	AbsError: 1.34298e-02
Iteration: 1
  Device: "mos2d"	RelError: 1.75212e-01	AbsError: 6.88717e+13
    Region: "bulk"	RelError: 1.75208e-01	AbsError: 6.88717e+13
      Equation: "ElectronContinuityEquation"	RelError: 1.59987e-02	AbsError: 3.89645e+13
      Equation: "HoleContinuityEquation"	RelError: 1.12451e-01	AbsError: 2.99072e+13
      Equation: "PotentialEquation"	RelError: 4.67584e-02	AbsError: 3.63292e-05
    Region: "gate"	RelError: 4.83053e-08	AbsError: 2.39870e+12
      Equation: "ElectronContinuityEquation"	RelError: 2.41593e-08	AbsError: 2.39870e+12
      Equation: "HoleContinuityEquation"	RelError: 2.35872e-08	AbsError: 2.34304e-08
      Equation: "PotentialEquation"	RelError: 5.58746e-10	AbsError: 6.12324e-10
    Region: "oxide"	RelError: 4.15970e-06	AbsError: 1.93181e-06
      Equation: "PotentialEquation"	RelError: 4.15970e-06	AbsError: 1.93181e-06
Iteration: 2
  Device: "mos2d"	RelError: 7.16257e-04	AbsError: 8.31638e+09
    Region: "bulk"	RelError: 7.16257e-04	AbsError: 8.31638e+09
      Equation: "ElectronContinuityEquation"	RelError: 6.32338e-04	AbsError: 1.27096e+09
      Equation: "HoleContinuityEquation"	RelError: 7.99216e-05	AbsError: 7.04542e+09
      Equation: "PotentialEquation"	RelError: 3.99797e-06	AbsError: 6.32114e-09
    Region: "gate"	RelError: 1.20880e-12	AbsError: 5.95013e+07
      Equation: "ElectronContinuityEquation"	RelError: 5.97212e-13	AbsError: 5.95013e+07
      Equation: "HoleContinuityEquation"	RelError: 5.97564e-13	AbsError: 5.99773e-13
      Equation: "PotentialEquation"	RelError: 1.40247e-14	AbsError: 1.53708e-14
    Region: "oxide"	RelError: 6.41279e-11	AbsError: 4.67189e-11
      Equation: "PotentialEquation"	RelError: 6.41279e-11	AbsError: 4.67189e-11
Iteration: 3
  Device: "mos2d"	RelError: 6.18302e-06	AbsError: 7.98487e+03
    Region: "bulk"	RelError: 6.18302e-06	AbsError: 1.87964e+03
      Equation: "ElectronContinuityEquation"	RelError: 6.16481e-06	AbsError: 1.50964e+03
      Equation: "HoleContinuityEquation"	RelError: 1.82034e-08	AbsError: 3.70007e+02
      Equation: "PotentialEquation"	RelError: 9.94180e-14	AbsError: 3.59500e-16
    Region: "gate"	RelError: 3.76601e-16	AbsError: 7.98487e+03
      Equation: "ElectronContinuityEquation"	RelError: 7.96864e-17	AbsError: 7.98487e+03
      Equation: "HoleContinuityEquation"	RelError: 1.95608e-16	AbsError: 1.97539e-16
      Equation: "PotentialEquation"	RelError: 1.01307e-16	AbsError: 1.11040e-16
    Region: "oxide"	RelError: 2.11710e-16	AbsError: 1.16024e-16
      Equation: "PotentialEquation"	RelError: 2.11710e-16	AbsError: 1.16024e-16
Succeeded
IVPOINT	IDVD_VG1P0	5.00000000e-01	1.72000000e+00	4.34513789e-04
drain last end 1.720000e+00 2.000000e+00
number of equations 4409
Iteration: 0
  Device: "mos2d"	RelError: 2.30328e+00	AbsError: 2.54000e+16
    Region: "bulk"	RelError: 2.29522e+00	AbsError: 2.54000e+16
      Equation: "ElectronContinuityEquation"	RelError: 1.92830e-01	AbsError: 2.39683e+16
      Equation: "HoleContinuityEquation"	RelError: 6.80319e-01	AbsError: 1.43161e+15
      Equation: "PotentialEquation"	RelError: 1.42207e+00	AbsError: 2.00000e-02
    Region: "gate"	RelError: 3.21748e-04	AbsError: 1.60061e+16
      Equation: "ElectronContinuityEquation"	RelError: 1.58971e-04	AbsError: 1.60061e+16
      Equation: "HoleContinuityEquation"	RelError: 1.59022e-04	AbsError: 1.57939e-04
      Equation: "PotentialEquation"	RelError: 3.75459e-06	AbsError: 4.11597e-06
    Region: "oxide"	RelError: 7.73877e-03	AbsError: 1.34298e-02
      Equation: "PotentialEquation"	RelError: 7.73877e-03	AbsError: 1.34298e-02
Iteration: 1
  Device: "mos2d"	RelError: 1.28102e-01	AbsError: 6.89289e+13
    Region: "bulk"	RelError: 1.28097e-01	AbsError: 6.89289e+13
      Equation: "ElectronContinuityEquation"	RelError: 1.51718e-02	AbsError: 3.95920e+13
      Equation: "HoleContinuityEquation"	RelError: 1.10796e-01	AbsError: 2.93369e+13
      Equation: "PotentialEquation"	RelError: 2.13016e-03	AbsError: 3.58865e-05
    Region: "gate"	RelError: 4.78600e-08	AbsError: 2.38145e+12
      Equation: "ElectronContinuityEquation"	RelError: 2.39847e-08	AbsError: 2.38145e+12
      Equation: "HoleContinuityEquation"	RelError: 2.33207e-08	AbsError: 2.31620e-08
      Equation: "PotentialEquation"	RelError: 5.54586e-10	AbsError: 6.07765e-10
    Region: "oxide"	RelError: 4.12128e-06	AbsError: 1.91728e-06
      Equation: "PotentialEquation"	RelError: 4.12128e-06	AbsError: 1.91728e-06
Iteration: 2
  Device: "mos2d"	RelError: 7.90037e-04	AbsError: 8.03900e+09
    Region: "bulk"	RelError: 7.90037e-04	AbsError: 8.03900e+09
      Equation: "ElectronContinuityEquation"	RelError: 7.05130e-04	AbsError: 1.19760e+09
      Equation: "HoleContinuityEquation"	RelError: 8.47284e-05	AbsError: 6.84139e+09
      Equation: "PotentialEquation"	RelError: 1.78760e-07	AbsError: 6.13367e-09
    Region: "gate"	RelError: 1.18504e-12	AbsError: 5.83386e+07
      Equation: "ElectronContinuityEquation"	RelError: 5.85502e-13	AbsError: 5.83386e+07
      Equation: "HoleContinuityEquation"	RelError: 5.85766e-13	AbsError: 5.87891e-13
      Equation: "PotentialEquation"	RelError: 1.37716e-14	AbsError: 1.50934e-14
    Region: "oxide"	RelError: 6.17293e-11	AbsError: 4.56484e-11
      Equation: "PotentialEquation"	RelError: 6.17293e-11	AbsError: 4.56484e-11
Iteration: 3
  Device: "mos2d"	RelError: 1.58368e-07	AbsError: 7.97351e+03
    Region: "bulk"	RelError: 1.58368e-07	AbsError: 1.67750e+03
      Equation: "ElectronContinuityEquation"	RelError: 1.44187e-07	AbsError: 1.23510e+03
      Equation: "HoleContinuityEquation"	RelError: 1.41814e-08	AbsError: 4.42401e+02
      Equation: "PotentialEquation"	RelError: 2.27242e-14	AbsError: 3.19315e-16
    Region: "gate"	RelError: 4.29645e-16	AbsError: 7.97351e+03
      Equation: "ElectronContinuityEquation"	RelError: 8.05299e-17	AbsError: 7.97351e+03
      Equation: "HoleContinuityEquation"	RelError: 2.47146e-16	AbsError: 2.49352e-16
      Equation: "PotentialEquation"	RelError: 1.01970e-16	AbsError: 1.11745e-16
    Region: "oxide"	RelError: 1.70309e-16	AbsError: 1.11745e-16
      Equation: "PotentialEquation"	RelError: 1.70309e-16	AbsError: 1.11745e-16
Succeeded
IVPOINT	IDVD_VG1P0	5.00000000e-01	1.74000000e+00	4.42690020e-04
drain last end 1.740000e+00 2.000000e+00
number of equations 4409
Iteration: 0
  Device: "mos2d"	RelError: 4.89797e+00	AbsError: 2.53730e+16
    Region: "bulk"	RelError: 4.88997e+00	AbsError: 2.53730e+16
      Equation: "ElectronContinuityEquation"	RelError: 1.92127e-01	AbsError: 2.39542e+16
      Equation: "HoleContinuityEquation"	RelError: 6.61684e-01	AbsError: 1.41880e+15
      Equation: "PotentialEquation"	RelError: 4.03615e+00	AbsError: 2.00000e-02
    Region: "gate"	RelError: 3.21705e-04	AbsError: 1.60065e+16
      Equation: "ElectronContinuityEquation"	RelError: 1.58950e-04	AbsError: 1.60065e+16
      Equation: "HoleContinuityEquation"	RelError: 1.59000e-04	AbsError: 1.57893e-04
      Equation: "PotentialEquation"	RelError: 3.75407e-06	AbsError: 4.11542e-06
    Region: "oxide"	RelError: 7.67933e-03	AbsError: 1.34297e-02
      Equation: "PotentialEquation"	RelError: 7.67933e-03	AbsError: 1.34297e-02
Iteration: 1
  Device: "mos2d"	RelError: 1.30410e-01	AbsError: 6.88282e+13
    Region: "bulk"	RelError: 1.30406e-01	AbsError: 6.88282e+13
      Equation: "ElectronContinuityEquation"	RelError: 1.47190e-02	AbsError: 4.02486e+13
      Equation: "HoleContinuityEquation"	RelError: 1.08064e-01	AbsError: 2.85797e+13
      Equation: "PotentialEquation"	RelError: 7.62247e-03	AbsError: 3.53281e-05
    Region: "gate"	RelError: 4.74428e-08	AbsError: 2.36400e+12
      Equation: "ElectronContinuityEquation"	RelError: 2.38082e-08	AbsError: 2.36400e+12
      Equation: "HoleContinuityEquation"	RelError: 2.30842e-08	AbsError: 2.29529e-08
      Equation: "PotentialEquation"	RelError: 5.50381e-10	AbsError: 6.03158e-10
    Region: "oxide"	RelError: 4.08296e-06	AbsError: 1.90258e-06
      Equation: "PotentialEquation"	RelError: 4.08296e-06	AbsError: 1.90258e-06
Iteration: 2
  Device: "mos2d"	RelError: 8.51788e-04	AbsError: 7.66631e+09
    Region: "bulk"	RelError: 8.51788e-04	AbsError: 7.66631e+09
      Equation: "ElectronContinuityEquation"	RelError: 7.61715e-04	AbsError: 1.12319e+09
      Equation: "HoleContinuityEquation"	RelError: 8.93143e-05	AbsError: 6.54312e+09
      Equation: "PotentialEquation"	RelError: 7.58629e-07	AbsError: 5.87305e-09
    Region: "gate"	RelError: 1.16046e-12	AbsError: 5.71227e+07
      Equation: "ElectronContinuityEquation"	RelError: 5.73260e-13	AbsError: 5.71227e+07
      Equation: "HoleContinuityEquation"	RelError: 5.73652e-13	AbsError: 5.75694e-13
      Equation: "PotentialEquation"	RelError: 1.35442e-14	AbsError: 1.48442e-14
    Region: "oxide"	RelError: 5.94450e-11	AbsError: 4.45508e-11
      Equation: "PotentialEquation"	RelError: 5.94450e-11	AbsError: 4.45508e-11
Iteration: 3
  Device: "mos2d"	RelError: 2.12737e-08	AbsError: 8.33109e+03
    Region: "bulk"	RelError: 2.12737e-08	AbsError: 1.59059e+03
      Equation: "ElectronContinuityEquation"	RelError: 1.26486e-08	AbsError: 1.27053e+03
      Equation: "HoleContinuityEquation"	RelError: 8.62507e-09	AbsError: 3.20055e+02
      Equation: "PotentialEquation"	RelError: 3.83204e-14	AbsError: 2.57110e-16
    Region: "gate"	RelError: 2.99920e-16	AbsError: 8.33109e+03
      Equation: "ElectronContinuityEquation"	RelError: 8.40132e-17	AbsError: 8.33109e+03
      Equation: "HoleContinuityEquation"	RelError: 1.14616e-16	AbsError: 1.14616e-16
      Equation: "PotentialEquation"	RelError: 1.01291e-16	AbsError: 1.11022e-16
    Region: "oxide"	RelError: 1.76831e-16	AbsError: 1.27223e-16
      Equation: "PotentialEquation"	RelError: 1.76831e-16	AbsError: 1.27223e-16
Succeeded
IVPOINT	IDVD_VG1P0	5.00000000e-01	1.76000000e+00	4.50997315e-04
drain last end 1.760000e+00 2.000000e+00
number of equations 4409
Iteration: 0
  Device: "mos2d"	RelError: 2.21817e+00	AbsError: 2.53436e+16
    Region: "bulk"	RelError: 2.21023e+00	AbsError: 2.53436e+16
      Equation: "ElectronContinuityEquation"	RelError: 1.91405e-01	AbsError: 2.39395e+16
      Equation: "HoleContinuityEquation"	RelError: 6.42786e-01	AbsError: 1.40405e+15
      Equation: "PotentialEquation"	RelError: 1.37604e+00	AbsError: 2.00000e-02
    Region: "gate"	RelError: 3.21662e-04	AbsError: 1.60069e+16
      Equation: "ElectronContinuityEquation"	RelError: 1.58929e-04	AbsError: 1.60069e+16
      Equation: "HoleContinuityEquation"	RelError: 1.58980e-04	AbsError: 1.57847e-04
      Equation: "PotentialEquation"	RelError: 3.75357e-06	AbsError: 4.11488e-06
    Region: "oxide"	RelError: 7.62082e-03	AbsError: 1.34298e-02
      Equation: "PotentialEquation"	RelError: 7.62082e-03	AbsError: 1.34298e-02
Iteration: 1
  Device: "mos2d"	RelError: 1.21539e-01	AbsError: 6.85901e+13
    Region: "bulk"	RelError: 1.21535e-01	AbsError: 6.85901e+13
      Equation: "ElectronContinuityEquation"	RelError: 1.46319e-02	AbsError: 4.09365e+13
      Equation: "HoleContinuityEquation"	RelError: 1.04152e-01	AbsError: 2.76536e+13
      Equation: "PotentialEquation"	RelError: 2.75164e-03	AbsError: 3.46658e-05
    Region: "gate"	RelError: 4.70518e-08	AbsError: 2.34639e+12
      Equation: "ElectronContinuityEquation"	RelError: 2.36302e-08	AbsError: 2.34639e+12
      Equation: "HoleContinuityEquation"	RelError: 2.28755e-08	AbsError: 2.27698e-08
      Equation: "PotentialEquation"	RelError: 5.46139e-10	AbsError: 5.98510e-10
    Region: "oxide"	RelError: 4.04474e-06	AbsError: 1.88776e-06
      Equation: "PotentialEquation"	RelError: 4.04474e-06	AbsError: 1.88776e-06
Iteration: 2
  Device: "mos2d"	RelError: 8.88569e-04	AbsError: 7.21198e+09
    Region: "bulk"	RelError: 8.88569e-04	AbsError: 7.21198e+09
      Equation: "ElectronContinuityEquation"	RelError: 7.94693e-04	AbsError: 1.04761e+09
      Equation: "HoleContinuityEquation"	RelError: 9.36164e-05	AbsError: 6.16436e+09
      Equation: "PotentialEquation"	RelError: 2.59376e-07	AbsError: 5.55006e-09
    Region: "gate"	RelError: 1.13612e-12	AbsError: 5.59262e+07
      Equation: "ElectronContinuityEquation"	RelError: 5.61213e-13	AbsError: 5.59262e+07
      Equation: "HoleContinuityEquation"	RelError: 5.61688e-13	AbsError: 5.63648e-13
      Equation: "PotentialEquation"	RelError: 1.32196e-14	AbsError: 1.44885e-14
    Region: "oxide"	RelError: 5.72877e-11	AbsError: 4.34583e-11
      Equation: "PotentialEquation"	RelError: 5.72877e-11	AbsError: 4.34583e-11
Iteration: 3
  Device: "mos2d"	RelError: 9.51393e-07	AbsError: 7.98467e+03
    Region: "bulk"	RelError: 9.51393e-07	AbsError: 1.72083e+03
      Equation: "ElectronContinuityEquation"	RelError: 9.46739e-07	AbsError: 1.32241e+03
      Equation: "HoleContinuityEquation"	RelError: 4.65437e-09	AbsError: 3.98417e+02
      Equation: "PotentialEquation"	RelError: 3.72370e-14	AbsError: 3.13214e-16
    Region: "gate"	RelError: 4.06293e-16	AbsError: 7.98467e+03
      Equation: "ElectronContinuityEquation"	RelError: 7.98469e-17	AbsError: 7.98467e+03
      Equation: "HoleContinuityEquation"	RelError: 2.25123e-16	AbsError: 2.27129e-16
      Equation: "PotentialEquation"	RelError: 1.01323e-16	AbsError: 1.11057e-16
    Region: "oxide"	RelError: 1.56090e-16	AbsError: 1.34600e-16
      Equation: "PotentialEquation"	RelError: 1.56090e-16	AbsError: 1.34600e-16
Succeeded
IVPOINT	IDVD_VG1P0	5.00000000e-01	1.78000000e+00	4.59437726e-04
drain last end 1.780000e+00 2.000000e+00
number of equations 4409
Iteration: 0
  Device: "mos2d"	RelError: 5.25336e+00	AbsError: 2.53245e+16
    Region: "bulk"	RelError: 5.24548e+00	AbsError: 2.53245e+16
      Equation: "ElectronContinuityEquation"	RelError: 1.90656e-01	AbsError: 2.39244e+16
      Equation: "HoleContinuityEquation"	RelError: 6.15076e-01	AbsError: 1.40011e+15
      Equation: "PotentialEquation"	RelError: 4.43975e+00	AbsError: 2.00000e-02
    Region: "gate"	RelError: 3.21621e-04	AbsError: 1.60074e+16
      Equation: "ElectronContinuityEquation"	RelError: 1.58909e-04	AbsError: 1.60074e+16
      Equation: "HoleContinuityEquation"	RelError: 1.58959e-04	AbsError: 1.57802e-04
      Equation: "PotentialEquation"	RelError: 3.75307e-06	AbsError: 4.11435e-06
    Region: "oxide"	RelError: 7.56321e-03	AbsError: 1.34298e-02
      Equation: "PotentialEquation"	RelError: 7.56321e-03	AbsError: 1.34298e-02
Iteration: 1
  Device: "mos2d"	RelError: 1.21547e-01	AbsError: 6.82376e+13
    Region: "bulk"	RelError: 1.21543e-01	AbsError: 6.82376e+13
      Equation: "ElectronContinuityEquation"	RelError: 1.45440e-02	AbsError: 4.16578e+13
      Equation: "HoleContinuityEquation"	RelError: 1.00272e-01	AbsError: 2.65798e+13
      Equation: "PotentialEquation"	RelError: 6.72676e-03	AbsError: 3.39146e-05
    Region: "gate"	RelError: 4.66852e-08	AbsError: 2.32866e+12
      Equation: "ElectronContinuityEquation"	RelError: 2.34509e-08	AbsError: 2.32866e+12
      Equation: "HoleContinuityEquation"	RelError: 2.26924e-08	AbsError: 2.25855e-08
      Equation: "PotentialEquation"	RelError: 5.41868e-10	AbsError: 5.93829e-10
    Region: "oxide"	RelError: 4.00664e-06	AbsError: 1.87284e-06
      Equation: "PotentialEquation"	RelError: 4.00664e-06	AbsError: 1.87284e-06
Iteration: 2
  Device: "mos2d"	RelError: 8.96252e-04	AbsError: 6.69329e+09
    Region: "bulk"	RelError: 8.96252e-04	AbsError: 6.69329e+09
      Equation: "ElectronContinuityEquation"	RelError: 7.98389e-04	AbsError: 9.71614e+08
      Equation: "HoleContinuityEquation"	RelError: 9.75761e-05	AbsError: 5.72168e+09
      Equation: "PotentialEquation"	RelError: 2.86783e-07	AbsError: 5.17825e-09
    Region: "gate"	RelError: 1.11264e-12	AbsError: 5.47642e+07
      Equation: "ElectronContinuityEquation"	RelError: 5.49515e-13	AbsError: 5.47642e+07
      Equation: "HoleContinuityEquation"	RelError: 5.50127e-13	AbsError: 5.52009e-13
      Equation: "PotentialEquation"	RelError: 1.29958e-14	AbsError: 1.42432e-14
    Region: "oxide"	RelError: 5.54256e-11	AbsError: 4.24021e-11
      Equation: "PotentialEquation"	RelError: 5.54256e-11	AbsError: 4.24021e-11
Iteration: 3
  Device: "mos2d"	RelError: 1.57739e-07	AbsError: 8.13888e+03
    Region: "bulk"	RelError: 1.57739e-07	AbsError: 1.80462e+03
      Equation: "ElectronContinuityEquation"	RelError: 1.42171e-07	AbsError: 1.38770e+03
      Equation: "HoleContinuityEquation"	RelError: 1.55682e-08	AbsError: 4.16913e+02
      Equation: "PotentialEquation"	RelError: 7.18362e-14	AbsError: 3.07281e-16
    Region: "gate"	RelError: 3.26254e-16	AbsError: 8.13888e+03
      Equation: "ElectronContinuityEquation"	RelError: 8.13888e-17	AbsError: 8.13888e+03
      Equation: "HoleContinuityEquation"	RelError: 1.43573e-16	AbsError: 1.43574e-16
      Equation: "PotentialEquation"	RelError: 1.01292e-16	AbsError: 1.11024e-16
    Region: "oxide"	RelError: 1.83495e-16	AbsError: 1.26229e-16
      Equation: "PotentialEquation"	RelError: 1.83495e-16	AbsError: 1.26229e-16
Succeeded
IVPOINT	IDVD_VG1P0	5.00000000e-01	1.80000000e+00	4.68013283e-04
drain last end 1.800000e+00 2.000000e+00
number of equations 4409
Iteration: 0
  Device: "mos2d"	RelError: 3.33255e+00	AbsError: 2.53093e+16
    Region: "bulk"	RelError: 3.32472e+00	AbsError: 2.53093e+16
      Equation: "ElectronContinuityEquation"	RelError: 1.89875e-01	AbsError: 2.39088e+16
      Equation: "HoleContinuityEquation"	RelError: 5.76525e-01	AbsError: 1.40050e+15
      Equation: "PotentialEquation"	RelError: 2.55832e+00	AbsError: 2.00000e-02
    Region: "gate"	RelError: 3.21580e-04	AbsError: 1.60079e+16
      Equation: "ElectronContinuityEquation"	RelError: 1.58889e-04	AbsError: 1.60079e+16
      Equation: "HoleContinuityEquation"	RelError: 1.58939e-04	AbsError: 1.57757e-04
      Equation: "PotentialEquation"	RelError: 3.75258e-06	AbsError: 4.11383e-06
    Region: "oxide"	RelError: 7.50649e-03	AbsError: 1.34299e-02
      Equation: "PotentialEquation"	RelError: 7.50649e-03	AbsError: 1.34299e-02
Iteration: 1
  Device: "mos2d"	RelError: 1.14831e-01	AbsError: 6.77963e+13
    Region: "bulk"	RelError: 1.14827e-01	AbsError: 6.77963e+13
      Equation: "ElectronContinuityEquation"	RelError: 1.44550e-02	AbsError: 4.24145e+13
      Equation: "HoleContinuityEquation"	RelError: 9.47116e-02	AbsError: 2.53818e+13
      Equation: "PotentialEquation"	RelError: 5.66045e-03	AbsError: 3.30917e-05
    Region: "gate"	RelError: 4.63412e-08	AbsError: 2.31084e+12
      Equation: "ElectronContinuityEquation"	RelError: 2.32706e-08	AbsError: 2.31084e+12
      Equation: "HoleContinuityEquation"	RelError: 2.25330e-08	AbsError: 2.24004e-08
      Equation: "PotentialEquation"	RelError: 5.37576e-10	AbsError: 5.89126e-10
    Region: "oxide"	RelError: 3.96867e-06	AbsError: 1.85784e-06
      Equation: "PotentialEquation"	RelError: 3.96867e-06	AbsError: 1.85784e-06
Iteration: 2
  Device: "mos2d"	RelError: 8.71764e-04	AbsError: 6.12979e+09
    Region: "bulk"	RelError: 8.71764e-04	AbsError: 6.12979e+09
      Equation: "ElectronContinuityEquation"	RelError: 7.70221e-04	AbsError: 8.96508e+08
      Equation: "HoleContinuityEquation"	RelError: 1.01141e-04	AbsError: 5.23328e+09
      Equation: "PotentialEquation"	RelError: 4.02517e-07	AbsError: 4.77297e-09
    Region: "gate"	RelError: 1.08989e-12	AbsError: 5.36741e+07
      Equation: "ElectronContinuityEquation"	RelError: 5.38540e-13	AbsError: 5.36741e+07
      Equation: "HoleContinuityEquation"	RelError: 5.38695e-13	AbsError: 5.40500e-13
      Equation: "PotentialEquation"	RelError: 1.26517e-14	AbsError: 1.38661e-14
    Region: "oxide"	RelError: 5.43720e-11	AbsError: 4.14098e-11
      Equation: "PotentialEquation"	RelError: 5.43720e-11	AbsError: 4.14098e-11
Iteration: 3
  Device: "mos2d"	RelError: 3.49036e-07	AbsError: 8.17248e+03
    Region: "bulk"	RelError: 3.49036e-07	AbsError: 1.39491e+03
      Equation: "ElectronContinuityEquation"	RelError: 3.31688e-07	AbsError: 1.07393e+03
      Equation: "HoleContinuityEquation"	RelError: 1.73474e-08	AbsError: 3.20976e+02
      Equation: "PotentialEquation"	RelError: 2.56415e-14	AbsError: 3.05340e-16
    Region: "gate"	RelError: 4.05534e-16	AbsError: 8.17248e+03
      Equation: "ElectronContinuityEquation"	RelError: 8.17248e-17	AbsError: 8.17248e+03
      Equation: "HoleContinuityEquation"	RelError: 2.22518e-16	AbsError: 2.24706e-16
      Equation: "PotentialEquation"	RelError: 1.01291e-16	AbsError: 1.11022e-16
    Region: "oxide"	RelError: 2.26429e-16	AbsError: 1.39480e-16
      Equation: "PotentialEquation"	RelError: 2.26429e-16	AbsError: 1.39480e-16
Succeeded
IVPOINT	IDVD_VG1P0	5.00000000e-01	1.82000000e+00	4.76726100e-04
drain last end 1.820000e+00 2.000000e+00
number of equations 4409
Iteration: 0
  Device: "mos2d"	RelError: 1.62384e+00	AbsError: 2.52923e+16
    Region: "bulk"	RelError: 1.61607e+00	AbsError: 2.52923e+16
      Equation: "ElectronContinuityEquation"	RelError: 1.89051e-01	AbsError: 2.38928e+16
      Equation: "HoleContinuityEquation"	RelError: 5.65996e-01	AbsError: 1.39952e+15
      Equation: "PotentialEquation"	RelError: 8.61021e-01	AbsError: 2.00000e-02
    Region: "gate"	RelError: 3.21540e-04	AbsError: 1.60085e+16
      Equation: "ElectronContinuityEquation"	RelError: 1.58869e-04	AbsError: 1.60085e+16
      Equation: "HoleContinuityEquation"	RelError: 1.58919e-04	AbsError: 1.57712e-04
      Equation: "PotentialEquation"	RelError: 3.75210e-06	AbsError: 4.11332e-06
    Region: "oxide"	RelError: 7.45063e-03	AbsError: 1.34300e-02
      Equation: "PotentialEquation"	RelError: 7.45063e-03	AbsError: 1.34300e-02
Iteration: 1
  Device: "mos2d"	RelError: 1.03137e-01	AbsError: 6.72932e+13
    Region: "bulk"	RelError: 1.03133e-01	AbsError: 6.72932e+13
      Equation: "ElectronContinuityEquation"	RelError: 1.43643e-02	AbsError: 4.32085e+13
      Equation: "HoleContinuityEquation"	RelError: 8.72122e-02	AbsError: 2.40847e+13
      Equation: "PotentialEquation"	RelError: 1.55643e-03	AbsError: 3.22161e-05
    Region: "gate"	RelError: 4.60182e-08	AbsError: 2.29295e+12
      Equation: "ElectronContinuityEquation"	RelError: 2.30897e-08	AbsError: 2.29295e+12
      Equation: "HoleContinuityEquation"	RelError: 2.23952e-08	AbsError: 2.22251e-08
      Equation: "PotentialEquation"	RelError: 5.33267e-10	AbsError: 5.84404e-10
    Region: "oxide"	RelError: 3.93083e-06	AbsError: 1.84280e-06
      Equation: "PotentialEquation"	RelError: 3.93083e-06	AbsError: 1.84280e-06
Iteration: 2
  Device: "mos2d"	RelError: 8.16028e-04	AbsError: 5.54177e+09
    Region: "bulk"	RelError: 8.16028e-04	AbsError: 5.54177e+09
      Equation: "ElectronContinuityEquation"	RelError: 7.11660e-04	AbsError: 8.23966e+08
      Equation: "HoleContinuityEquation"	RelError: 1.04265e-04	AbsError: 4.71780e+09
      Equation: "PotentialEquation"	RelError: 1.02565e-07	AbsError: 4.35021e-09
    Region: "gate"	RelError: 1.06990e-12	AbsError: 5.26794e+07
      Equation: "ElectronContinuityEquation"	RelError: 5.28522e-13	AbsError: 5.26794e+07
      Equation: "HoleContinuityEquation"	RelError: 5.28854e-13	AbsError: 5.30589e-13
      Equation: "PotentialEquation"	RelError: 1.25242e-14	AbsError: 1.37264e-14
    Region: "oxide"	RelError: 5.34078e-11	AbsError: 4.05176e-11
      Equation: "PotentialEquation"	RelError: 5.34078e-11	AbsError: 4.05176e-11
Iteration: 3
  Device: "mos2d"	RelError: 1.16954e-05	AbsError: 8.18728e+03
    Region: "bulk"	RelError: 1.16954e-05	AbsError: 2.01290e+03
      Equation: "ElectronContinuityEquation"	RelError: 1.16831e-05	AbsError: 1.46336e+03
      Equation: "HoleContinuityEquation"	RelError: 1.22417e-08	AbsError: 5.49535e+02
      Equation: "PotentialEquation"	RelError: 1.01955e-14	AbsError: 2.62753e-16
    Region: "gate"	RelError: 4.04341e-16	AbsError: 8.18728e+03
      Equation: "ElectronContinuityEquation"	RelError: 8.18728e-17	AbsError: 8.18728e+03
      Equation: "HoleContinuityEquation"	RelError: 2.21174e-16	AbsError: 2.23390e-16
      Equation: "PotentialEquation"	RelError: 1.01295e-16	AbsError: 1.11027e-16
    Region: "oxide"	RelError: 1.41272e-16	AbsError: 1.18928e-16
      Equation: "PotentialEquation"	RelError: 1.41272e-16	AbsError: 1.18928e-16
Succeeded
IVPOINT	IDVD_VG1P0	5.00000000e-01	1.84000000e+00	4.85578259e-04
drain last end 1.840000e+00 2.000000e+00
number of equations 4409
Iteration: 0
  Device: "mos2d"	RelError: 7.19055e+00	AbsError: 2.52736e+16
    Region: "bulk"	RelError: 7.18283e+00	AbsError: 2.52736e+16
      Equation: "ElectronContinuityEquation"	RelError: 1.88175e-01	AbsError: 2.38764e+16
      Equation: "HoleContinuityEquation"	RelError: 5.68426e-01	AbsError: 1.39716e+15
      Equation: "PotentialEquation"	RelError: 6.42623e+00	AbsError: 2.00000e-02
    Region: "gate"	RelError: 3.21501e-04	AbsError: 1.60091e+16
      Equation: "ElectronContinuityEquation"	RelError: 1.58849e-04	AbsError: 1.60091e+16
      Equation: "HoleContinuityEquation"	RelError: 1.58900e-04	AbsError: 1.57668e-04
      Equation: "PotentialEquation"	RelError: 3.75163e-06	AbsError: 4.11282e-06
    Region: "oxide"	RelError: 7.39561e-03	AbsError: 1.34302e-02
      Equation: "PotentialEquation"	RelError: 7.39561e-03	AbsError: 1.34302e-02
Iteration: 1
  Device: "mos2d"	RelError: 1.09052e-01	AbsError: 6.67557e+13
    Region: "bulk"	RelError: 1.09048e-01	AbsError: 6.67557e+13
      Equation: "ElectronContinuityEquation"	RelError: 1.42712e-02	AbsError: 4.40414e+13
      Equation: "HoleContinuityEquation"	RelError: 8.34734e-02	AbsError: 2.27142e+13
      Equation: "PotentialEquation"	RelError: 1.13038e-02	AbsError: 3.13074e-05
    Region: "gate"	RelError: 4.57146e-08	AbsError: 2.27501e+12
      Equation: "ElectronContinuityEquation"	RelError: 2.29083e-08	AbsError: 2.27501e+12
      Equation: "HoleContinuityEquation"	RelError: 2.22773e-08	AbsError: 2.21046e-08
      Equation: "PotentialEquation"	RelError: 5.28948e-10	AbsError: 5.79671e-10
    Region: "oxide"	RelError: 3.89313e-06	AbsError: 1.82772e-06
      Equation: "PotentialEquation"	RelError: 3.89313e-06	AbsError: 1.82772e-06
Iteration: 2
  Device: "mos2d"	RelError: 7.35363e-04	AbsError: 4.94890e+09
    Region: "bulk"	RelError: 7.35363e-04	AbsError: 4.94890e+09
      Equation: "ElectronContinuityEquation"	RelError: 6.28400e-04	AbsError: 7.55770e+08
      Equation: "HoleContinuityEquation"	RelError: 1.06908e-04	AbsError: 4.19313e+09
      Equation: "PotentialEquation"	RelError: 5.50443e-08	AbsError: 3.92543e-09
    Region: "gate"	RelError: 1.05241e-12	AbsError: 5.18145e+07
      Equation: "ElectronContinuityEquation"	RelError: 5.19809e-13	AbsError: 5.18145e+07
      Equation: "HoleContinuityEquation"	RelError: 5.20402e-13	AbsError: 5.22074e-13
      Equation: "PotentialEquation"	RelError: 1.21955e-14	AbsError: 1.33662e-14
    Region: "oxide"	RelError: 5.25546e-11	AbsError: 3.98157e-11
      Equation: "PotentialEquation"	RelError: 5.25546e-11	AbsError: 3.98157e-11
Iteration: 3
  Device: "mos2d"	RelError: 4.23608e-07	AbsError: 8.18697e+03
    Region: "bulk"	RelError: 4.23608e-07	AbsError: 1.50625e+03
      Equation: "ElectronContinuityEquation"	RelError: 3.90900e-07	AbsError: 1.00181e+03
      Equation: "HoleContinuityEquation"	RelError: 3.27082e-08	AbsError: 5.04443e+02
      Equation: "PotentialEquation"	RelError: 1.33439e-13	AbsError: 2.22045e-16
    Region: "gate"	RelError: 3.53770e-16	AbsError: 8.18697e+03
      Equation: "ElectronContinuityEquation"	RelError: 8.18697e-17	AbsError: 8.18697e+03
      Equation: "HoleContinuityEquation"	RelError: 1.70610e-16	AbsError: 1.72043e-16
      Equation: "PotentialEquation"	RelError: 1.01291e-16	AbsError: 1.11022e-16
    Region: "oxide"	RelError: 1.75828e-16	AbsError: 1.12171e-16
      Equation: "PotentialEquation"	RelError: 1.75828e-16	AbsError: 1.12171e-16
Succeeded
IVPOINT	IDVD_VG1P0	5.00000000e-01	1.86000000e+00	4.94571933e-04
drain last end 1.860000e+00 2.000000e+00
number of equations 4409
Iteration: 0
  Device: "mos2d"	RelError: 1.94681e+00	AbsError: 2.52531e+16
    Region: "bulk"	RelError: 1.93914e+00	AbsError: 2.52531e+16
      Equation: "ElectronContinuityEquation"	RelError: 1.87235e-01	AbsError: 2.38597e+16
      Equation: "HoleContinuityEquation"	RelError: 5.70797e-01	AbsError: 1.39340e+15
      Equation: "PotentialEquation"	RelError: 1.18111e+00	AbsError: 2.00000e-02
    Region: "gate"	RelError: 3.21462e-04	AbsError: 1.60097e+16
      Equation: "ElectronContinuityEquation"	RelError: 1.58830e-04	AbsError: 1.60097e+16
      Equation: "HoleContinuityEquation"	RelError: 1.58881e-04	AbsError: 1.57624e-04
      Equation: "PotentialEquation"	RelError: 3.75116e-06	AbsError: 4.11232e-06
    Region: "oxide"	RelError: 7.34141e-03	AbsError: 1.34303e-02
      Equation: "PotentialEquation"	RelError: 7.34141e-03	AbsError: 1.34303e-02
Iteration: 1
  Device: "mos2d"	RelError: 1.00203e-01	AbsError: 6.62104e+13
    Region: "bulk"	RelError: 1.00200e-01	AbsError: 6.62104e+13
      Equation: "ElectronContinuityEquation"	RelError: 1.41751e-02	AbsError: 4.49148e+13
      Equation: "HoleContinuityEquation"	RelError: 8.39895e-02	AbsError: 2.12956e+13
      Equation: "PotentialEquation"	RelError: 2.03487e-03	AbsError: 3.03853e-05
    Region: "gate"	RelError: 4.54289e-08	AbsError: 2.25703e+12
      Equation: "ElectronContinuityEquation"	RelError: 2.27265e-08	AbsError: 2.25703e+12
      Equation: "HoleContinuityEquation"	RelError: 2.21778e-08	AbsError: 2.20023e-08
      Equation: "PotentialEquation"	RelError: 5.24620e-10	AbsError: 5.74928e-10
    Region: "oxide"	RelError: 3.85555e-06	AbsError: 1.81265e-06
      Equation: "PotentialEquation"	RelError: 3.85555e-06	AbsError: 1.81265e-06
Iteration: 2
  Device: "mos2d"	RelError: 6.38586e-04	AbsError: 4.36895e+09
    Region: "bulk"	RelError: 6.38586e-04	AbsError: 4.36895e+09
      Equation: "ElectronContinuityEquation"	RelError: 5.29487e-04	AbsError: 6.93607e+08
      Equation: "HoleContinuityEquation"	RelError: 1.09034e-04	AbsError: 3.67535e+09
      Equation: "PotentialEquation"	RelError: 6.50337e-08	AbsError: 3.51263e-09
    Region: "gate"	RelError: 1.03733e-12	AbsError: 5.10915e+07
      Equation: "ElectronContinuityEquation"	RelError: 5.12521e-13	AbsError: 5.10915e+07
      Equation: "HoleContinuityEquation"	RelError: 5.12740e-13	AbsError: 5.14351e-13
      Equation: "PotentialEquation"	RelError: 1.20692e-14	AbsError: 1.32277e-14
    Region: "oxide"	RelError: 5.18281e-11	AbsError: 3.92277e-11
      Equation: "PotentialEquation"	RelError: 5.18281e-11	AbsError: 3.92277e-11
Iteration: 3
  Device: "mos2d"	RelError: 1.44443e-05	AbsError: 8.20961e+03
    Region: "bulk"	RelError: 1.44443e-05	AbsError: 1.66260e+03
      Equation: "ElectronContinuityEquation"	RelError: 1.44270e-05	AbsError: 1.26141e+03
      Equation: "HoleContinuityEquation"	RelError: 1.73139e-08	AbsError: 4.01186e+02
      Equation: "PotentialEquation"	RelError: 1.74621e-14	AbsError: 3.48878e-16
    Region: "gate"	RelError: 4.13815e-16	AbsError: 8.20961e+03
      Equation: "ElectronContinuityEquation"	RelError: 8.29113e-17	AbsError: 8.20961e+03
      Equation: "HoleContinuityEquation"	RelError: 2.29576e-16	AbsError: 2.30297e-16
      Equation: "PotentialEquation"	RelError: 1.01327e-16	AbsError: 1.11062e-16
    Region: "oxide"	RelError: 1.50440e-16	AbsError: 1.05314e-16
      Equation: "PotentialEquation"	RelError: 1.50440e-16	AbsError: 1.05314e-16
Succeeded
IVPOINT	IDVD_VG1P0	5.00000000e-01	1.88000000e+00	5.03709262e-04
drain last end 1.880000e+00 2.000000e+00
number of equations 4409
Iteration: 0
  Device: "mos2d"	RelError: 1.30879e+00	AbsError: 2.52309e+16
    Region: "bulk"	RelError: 1.30118e+00	AbsError: 2.52309e+16
      Equation: "ElectronContinuityEquation"	RelError: 1.86215e-01	AbsError: 2.38427e+16
      Equation: "HoleContinuityEquation"	RelError: 5.73097e-01	AbsError: 1.38823e+15
      Equation: "PotentialEquation"	RelError: 5.41868e-01	AbsError: 2.00000e-02
    Region: "gate"	RelError: 3.21423e-04	AbsError: 1.60103e+16
      Equation: "ElectronContinuityEquation"	RelError: 1.58811e-04	AbsError: 1.60103e+16
      Equation: "HoleContinuityEquation"	RelError: 1.58862e-04	AbsError: 1.57580e-04
      Equation: "PotentialEquation"	RelError: 3.75069e-06	AbsError: 4.11183e-06
    Region: "oxide"	RelError: 7.28801e-03	AbsError: 1.34305e-02
      Equation: "PotentialEquation"	RelError: 7.28801e-03	AbsError: 1.34305e-02
Iteration: 1
  Device: "mos2d"	RelError: 9.96155e-02	AbsError: 6.56828e+13
    Region: "bulk"	RelError: 9.96117e-02	AbsError: 6.56828e+13
      Equation: "ElectronContinuityEquation"	RelError: 1.40749e-02	AbsError: 4.58298e+13
      Equation: "HoleContinuityEquation"	RelError: 8.44938e-02	AbsError: 1.98530e+13
      Equation: "PotentialEquation"	RelError: 1.04299e-03	AbsError: 2.94686e-05
    Region: "gate"	RelError: 4.51598e-08	AbsError: 2.23902e+12
      Equation: "ElectronContinuityEquation"	RelError: 2.25445e-08	AbsError: 2.23902e+12
      Equation: "HoleContinuityEquation"	RelError: 2.20950e-08	AbsError: 2.19168e-08
      Equation: "PotentialEquation"	RelError: 5.20284e-10	AbsError: 5.70178e-10
    Region: "oxide"	RelError: 3.81809e-06	AbsError: 1.79766e-06
      Equation: "PotentialEquation"	RelError: 3.81809e-06	AbsError: 1.79766e-06
Iteration: 2
  Device: "mos2d"	RelError: 5.36222e-04	AbsError: 3.81691e+09
    Region: "bulk"	RelError: 5.36222e-04	AbsError: 3.81691e+09
      Equation: "ElectronContinuityEquation"	RelError: 4.25526e-04	AbsError: 6.38921e+08
      Equation: "HoleContinuityEquation"	RelError: 1.10611e-04	AbsError: 3.17799e+09
      Equation: "PotentialEquation"	RelError: 8.44161e-08	AbsError: 3.12362e-09
    Region: "gate"	RelError: 1.02596e-12	AbsError: 5.05338e+07
      Equation: "ElectronContinuityEquation"	RelError: 5.06891e-13	AbsError: 5.05338e+07
      Equation: "HoleContinuityEquation"	RelError: 5.07113e-13	AbsError: 5.08672e-13
      Equation: "PotentialEquation"	RelError: 1.19571e-14	AbsError: 1.31049e-14
    Region: "oxide"	RelError: 5.12376e-11	AbsError: 3.87625e-11
      Equation: "PotentialEquation"	RelError: 5.12376e-11	AbsError: 3.87625e-11
Iteration: 3
  Device: "mos2d"	RelError: 5.13195e-07	AbsError: 8.18779e+03
    Region: "bulk"	RelError: 5.13195e-07	AbsError: 1.65417e+03
      Equation: "ElectronContinuityEquation"	RelError: 4.80442e-07	AbsError: 1.22723e+03
      Equation: "HoleContinuityEquation"	RelError: 3.27531e-08	AbsError: 4.26934e+02
      Equation: "PotentialEquation"	RelError: 7.44730e-14	AbsError: 3.38954e-16
    Region: "gate"	RelError: 4.38098e-16	AbsError: 8.18779e+03
      Equation: "ElectronContinuityEquation"	RelError: 8.26905e-17	AbsError: 8.18779e+03
      Equation: "HoleContinuityEquation"	RelError: 2.54068e-16	AbsError: 2.56992e-16
      Equation: "PotentialEquation"	RelError: 1.01340e-16	AbsError: 1.11076e-16
    Region: "oxide"	RelError: 1.61073e-16	AbsError: 1.13242e-16
      Equation: "PotentialEquation"	RelError: 1.61073e-16	AbsError: 1.13242e-16
Succeeded
IVPOINT	IDVD_VG1P0	5.00000000e-01	1.90000000e+00	5.12992474e-04
drain last end 1.900000e+00 2.000000e+00
number of equations 4409
Iteration: 0
  Device: "mos2d"	RelError: 1.50836e+00	AbsError: 2.52070e+16
    Region: "bulk"	RelError: 1.50081e+00	AbsError: 2.52070e+16
      Equation: "ElectronContinuityEquation"	RelError: 1.85100e-01	AbsError: 2.38253e+16
      Equation: "HoleContinuityEquation"	RelError: 5.75310e-01	AbsError: 1.38164e+15
      Equation: "PotentialEquation"	RelError: 7.40397e-01	AbsError: 2.00000e-02
    Region: "gate"	RelError: 3.21385e-04	AbsError: 1.60109e+16
      Equation: "ElectronContinuityEquation"	RelError: 1.58792e-04	AbsError: 1.60109e+16
      Equation: "HoleContinuityEquation"	RelError: 1.58843e-04	AbsError: 1.57536e-04
      Equation: "PotentialEquation"	RelError: 3.75023e-06	AbsError: 4.11134e-06
    Region: "oxide"	RelError: 7.23539e-03	AbsError: 1.34307e-02
      Equation: "PotentialEquation"	RelError: 7.23539e-03	AbsError: 1.34307e-02
Iteration: 1
  Device: "mos2d"	RelError: 1.00748e-01	AbsError: 6.51962e+13
    Region: "bulk"	RelError: 1.00744e-01	AbsError: 6.51962e+13
      Equation: "ElectronContinuityEquation"	RelError: 1.39696e-02	AbsError: 4.67877e+13
      Equation: "HoleContinuityEquation"	RelError: 8.49841e-02	AbsError: 1.84085e+13
      Equation: "PotentialEquation"	RelError: 1.79077e-03	AbsError: 2.85747e-05
    Region: "gate"	RelError: 4.49058e-08	AbsError: 2.22097e+12
      Equation: "ElectronContinuityEquation"	RelError: 2.23620e-08	AbsError: 2.22097e+12
      Equation: "HoleContinuityEquation"	RelError: 2.20278e-08	AbsError: 2.18466e-08
      Equation: "PotentialEquation"	RelError: 5.15941e-10	AbsError: 5.65418e-10
    Region: "oxide"	RelError: 3.78070e-06	AbsError: 1.78265e-06
      Equation: "PotentialEquation"	RelError: 3.78070e-06	AbsError: 1.78265e-06
Iteration: 2
  Device: "mos2d"	RelError: 4.38194e-04	AbsError: 3.30444e+09
    Region: "bulk"	RelError: 4.38194e-04	AbsError: 3.30444e+09
      Equation: "ElectronContinuityEquation"	RelError: 3.26447e-04	AbsError: 5.92817e+08
      Equation: "HoleContinuityEquation"	RelError: 1.11613e-04	AbsError: 2.71162e+09
      Equation: "PotentialEquation"	RelError: 1.34594e-07	AbsError: 2.76761e-09
    Region: "gate"	RelError: 1.01756e-12	AbsError: 5.01273e+07
      Equation: "ElectronContinuityEquation"	RelError: 5.02778e-13	AbsError: 5.01273e+07
      Equation: "HoleContinuityEquation"	RelError: 5.02904e-13	AbsError: 5.04414e-13
      Equation: "PotentialEquation"	RelError: 1.18827e-14	AbsError: 1.30234e-14
    Region: "oxide"	RelError: 5.07865e-11	AbsError: 3.84241e-11
      Equation: "PotentialEquation"	RelError: 5.07865e-11	AbsError: 3.84241e-11
Iteration: 3
  Device: "mos2d"	RelError: 5.62873e-07	AbsError: 8.09921e+03
    Region: "bulk"	RelError: 5.62873e-07	AbsError: 1.36418e+03
      Equation: "ElectronContinuityEquation"	RelError: 5.30099e-07	AbsError: 1.00869e+03
      Equation: "HoleContinuityEquation"	RelError: 3.27741e-08	AbsError: 3.55488e+02
      Equation: "PotentialEquation"	RelError: 2.52050e-14	AbsError: 2.60094e-16
    Region: "gate"	RelError: 4.49655e-16	AbsError: 8.09921e+03
      Equation: "ElectronContinuityEquation"	RelError: 8.09925e-17	AbsError: 8.09921e+03
      Equation: "HoleContinuityEquation"	RelError: 2.67372e-16	AbsError: 2.70100e-16
      Equation: "PotentialEquation"	RelError: 1.01291e-16	AbsError: 1.11022e-16
    Region: "oxide"	RelError: 1.28130e-16	AbsError: 1.28252e-16
      Equation: "PotentialEquation"	RelError: 1.28130e-16	AbsError: 1.28252e-16
Succeeded
IVPOINT	IDVD_VG1P0	5.00000000e-01	1.92000000e+00	5.22423768e-04
drain last end 1.920000e+00 2.000000e+00
number of equations 4409
Iteration: 0
  Device: "mos2d"	RelError: 3.69490e+00	AbsError: 2.51813e+16
    Region: "bulk"	RelError: 3.68739e+00	AbsError: 2.51813e+16
      Equation: "ElectronContinuityEquation"	RelError: 1.83871e-01	AbsError: 2.38077e+16
      Equation: "HoleContinuityEquation"	RelError: 5.77410e-01	AbsError: 1.37362e+15
      Equation: "PotentialEquation"	RelError: 2.92611e+00	AbsError: 2.00000e-02
    Region: "gate"	RelError: 3.21347e-04	AbsError: 1.60115e+16
      Equation: "ElectronContinuityEquation"	RelError: 1.58773e-04	AbsError: 1.60115e+16
      Equation: "HoleContinuityEquation"	RelError: 1.58824e-04	AbsError: 1.57492e-04
      Equation: "PotentialEquation"	RelError: 3.74977e-06	AbsError: 4.11085e-06
    Region: "oxide"	RelError: 7.18353e-03	AbsError: 1.34310e-02
      Equation: "PotentialEquation"	RelError: 7.18353e-03	AbsError: 1.34310e-02
Iteration: 1
  Device: "mos2d"	RelError: 1.06303e-01	AbsError: 6.47712e+13
    Region: "bulk"	RelError: 1.06300e-01	AbsError: 6.47712e+13
      Equation: "ElectronContinuityEquation"	RelError: 1.38581e-02	AbsError: 4.77892e+13
      Equation: "HoleContinuityEquation"	RelError: 8.54572e-02	AbsError: 1.69820e+13
      Equation: "PotentialEquation"	RelError: 6.98444e-03	AbsError: 2.77188e-05
    Region: "gate"	RelError: 4.46655e-08	AbsError: 2.20288e+12
      Equation: "ElectronContinuityEquation"	RelError: 2.21791e-08	AbsError: 2.20288e+12
      Equation: "HoleContinuityEquation"	RelError: 2.19748e-08	AbsError: 2.17906e-08
      Equation: "PotentialEquation"	RelError: 5.11587e-10	AbsError: 5.60647e-10
    Region: "oxide"	RelError: 3.74338e-06	AbsError: 1.76761e-06
      Equation: "PotentialEquation"	RelError: 3.74338e-06	AbsError: 1.76761e-06
Iteration: 2
  Device: "mos2d"	RelError: 3.52125e-04	AbsError: 2.83971e+09
    Region: "bulk"	RelError: 3.52125e-04	AbsError: 2.83971e+09
      Equation: "ElectronContinuityEquation"	RelError: 2.39622e-04	AbsError: 5.56014e+08
      Equation: "HoleContinuityEquation"	RelError: 1.12013e-04	AbsError: 2.28369e+09
      Equation: "PotentialEquation"	RelError: 4.90179e-07	AbsError: 2.45103e-09
    Region: "gate"	RelError: 1.01267e-12	AbsError: 4.98716e+07
      Equation: "ElectronContinuityEquation"	RelError: 5.00179e-13	AbsError: 4.98716e+07
      Equation: "HoleContinuityEquation"	RelError: 5.00570e-13	AbsError: 5.02038e-13
      Equation: "PotentialEquation"	RelError: 1.19185e-14	AbsError: 1.30626e-14
    Region: "oxide"	RelError: 5.04721e-11	AbsError: 3.82111e-11
      Equation: "PotentialEquation"	RelError: 5.04721e-11	AbsError: 3.82111e-11
Iteration: 3
  Device: "mos2d"	RelError: 2.25624e-06	AbsError: 7.94797e+03
    Region: "bulk"	RelError: 2.25624e-06	AbsError: 1.40314e+03
      Equation: "ElectronContinuityEquation"	RelError: 2.23825e-06	AbsError: 1.03826e+03
      Equation: "HoleContinuityEquation"	RelError: 1.79874e-08	AbsError: 3.64886e+02
      Equation: "PotentialEquation"	RelError: 5.42681e-14	AbsError: 2.79948e-16
    Region: "gate"	RelError: 4.34937e-16	AbsError: 7.94797e+03
      Equation: "ElectronContinuityEquation"	RelError: 7.94802e-17	AbsError: 7.94797e+03
      Equation: "HoleContinuityEquation"	RelError: 2.53582e-16	AbsError: 2.55622e-16
      Equation: "PotentialEquation"	RelError: 1.01875e-16	AbsError: 1.11662e-16
    Region: "oxide"	RelError: 2.12121e-16	AbsError: 1.54518e-16
      Equation: "PotentialEquation"	RelError: 2.12121e-16	AbsError: 1.54518e-16
Succeeded
IVPOINT	IDVD_VG1P0	5.00000000e-01	1.94000000e+00	5.32005423e-04
drain last end 1.940000e+00 2.000000e+00
number of equations 4409
Iteration: 0
  Device: "mos2d"	RelError: 5.36638e+01	AbsError: 2.51540e+16
    Region: "bulk"	RelError: 5.36564e+01	AbsError: 2.51540e+16
      Equation: "ElectronContinuityEquation"	RelError: 1.82503e-01	AbsError: 2.37898e+16
      Equation: "HoleContinuityEquation"	RelError: 5.79356e-01	AbsError: 1.36417e+15
      Equation: "PotentialEquation"	RelError: 5.28945e+01	AbsError: 2.00000e-02
    Region: "gate"	RelError: 3.21309e-04	AbsError: 1.60122e+16
      Equation: "ElectronContinuityEquation"	RelError: 1.58755e-04	AbsError: 1.60122e+16
      Equation: "HoleContinuityEquation"	RelError: 1.58805e-04	AbsError: 1.57449e-04
      Equation: "PotentialEquation"	RelError: 3.74932e-06	AbsError: 4.11036e-06
    Region: "oxide"	RelError: 7.13242e-03	AbsError: 1.34312e-02
      Equation: "PotentialEquation"	RelError: 7.13242e-03	AbsError: 1.34312e-02
Iteration: 1
  Device: "mos2d"	RelError: 1.84372e-01	AbsError: 6.56826e+13
    Region: "bulk"	RelError: 1.84369e-01	AbsError: 6.56826e+13
      Equation: "ElectronContinuityEquation"	RelError: 1.37389e-02	AbsError: 4.88350e+13
      Equation: "HoleContinuityEquation"	RelError: 8.59079e-02	AbsError: 1.68476e+13
      Equation: "PotentialEquation"	RelError: 8.47218e-02	AbsError: 2.69141e-05
    Region: "gate"	RelError: 4.44379e-08	AbsError: 2.18472e+12
      Equation: "ElectronContinuityEquation"	RelError: 2.19956e-08	AbsError: 2.18472e+12
      Equation: "HoleContinuityEquation"	RelError: 2.19351e-08	AbsError: 2.17478e-08
      Equation: "PotentialEquation"	RelError: 5.07218e-10	AbsError: 5.55860e-10
    Region: "oxide"	RelError: 3.70729e-06	AbsError: 1.75255e-06
      Equation: "PotentialEquation"	RelError: 3.70729e-06	AbsError: 1.75255e-06
Iteration: 2
  Device: "mos2d"	RelError: 2.83665e-04	AbsError: 2.42756e+09
    Region: "bulk"	RelError: 2.83665e-04	AbsError: 2.42756e+09
      Equation: "ElectronContinuityEquation"	RelError: 1.68958e-04	AbsError: 5.28854e+08
      Equation: "HoleContinuityEquation"	RelError: 1.11787e-04	AbsError: 1.89870e+09
      Equation: "PotentialEquation"	RelError: 2.91912e-06	AbsError: 2.17768e-09
    Region: "gate"	RelError: 1.01067e-12	AbsError: 4.97874e+07
      Equation: "ElectronContinuityEquation"	RelError: 4.99300e-13	AbsError: 4.97874e+07
      Equation: "HoleContinuityEquation"	RelError: 4.99513e-13	AbsError: 5.00943e-13
      Equation: "PotentialEquation"	RelError: 1.18553e-14	AbsError: 1.29934e-14
    Region: "oxide"	RelError: 5.02870e-11	AbsError: 3.81183e-11
      Equation: "PotentialEquation"	RelError: 5.02870e-11	AbsError: 3.81183e-11
Iteration: 3
  Device: "mos2d"	RelError: 6.70084e-07	AbsError: 8.14863e+03
    Region: "bulk"	RelError: 6.70084e-07	AbsError: 1.49741e+03
      Equation: "ElectronContinuityEquation"	RelError: 6.38442e-07	AbsError: 1.11512e+03
      Equation: "HoleContinuityEquation"	RelError: 3.16408e-08	AbsError: 3.82297e+02
      Equation: "PotentialEquation"	RelError: 4.81659e-13	AbsError: 2.56324e-16
    Region: "gate"	RelError: 3.68807e-16	AbsError: 8.14863e+03
      Equation: "ElectronContinuityEquation"	RelError: 8.14863e-17	AbsError: 8.14863e+03
      Equation: "HoleContinuityEquation"	RelError: 1.86030e-16	AbsError: 1.87873e-16
      Equation: "PotentialEquation"	RelError: 1.01291e-16	AbsError: 1.11022e-16
    Region: "oxide"	RelError: 1.59005e-16	AbsError: 1.21931e-16
      Equation: "PotentialEquation"	RelError: 1.59005e-16	AbsError: 1.21931e-16
Succeeded
IVPOINT	IDVD_VG1P0	5.00000000e-01	1.96000000e+00	5.41739698e-04
drain last end 1.960000e+00 2.000000e+00
number of equations 4409
Iteration: 0
  Device: "mos2d"	RelError: 2.01214e+00	AbsError: 2.51250e+16
    Region: "bulk"	RelError: 2.00473e+00	AbsError: 2.51250e+16
      Equation: "ElectronContinuityEquation"	RelError: 1.80972e-01	AbsError: 2.37717e+16
      Equation: "HoleContinuityEquation"	RelError: 5.81088e-01	AbsError: 1.35328e+15
      Equation: "PotentialEquation"	RelError: 1.24267e+00	AbsError: 2.00000e-02
    Region: "gate"	RelError: 3.21271e-04	AbsError: 1.60129e+16
      Equation: "ElectronContinuityEquation"	RelError: 1.58736e-04	AbsError: 1.60129e+16
      Equation: "HoleContinuityEquation"	RelError: 1.58786e-04	AbsError: 1.57405e-04
      Equation: "PotentialEquation"	RelError: 3.74886e-06	AbsError: 4.10988e-06
    Region: "oxide"	RelError: 7.08204e-03	AbsError: 1.34315e-02
      Equation: "PotentialEquation"	RelError: 7.08204e-03	AbsError: 1.34315e-02
Iteration: 1
  Device: "mos2d"	RelError: 1.02392e-01	AbsError: 6.75759e+13
    Region: "bulk"	RelError: 1.02389e-01	AbsError: 6.75759e+13
      Equation: "ElectronContinuityEquation"	RelError: 1.36106e-02	AbsError: 4.99255e+13
      Equation: "HoleContinuityEquation"	RelError: 8.63284e-02	AbsError: 1.76505e+13
      Equation: "PotentialEquation"	RelError: 2.44979e-03	AbsError: 2.70173e-05
    Region: "gate"	RelError: 4.42217e-08	AbsError: 2.16647e+12
      Equation: "ElectronContinuityEquation"	RelError: 2.18112e-08	AbsError: 2.16647e+12
      Equation: "HoleContinuityEquation"	RelError: 2.19077e-08	AbsError: 2.17171e-08
      Equation: "PotentialEquation"	RelError: 5.02828e-10	AbsError: 5.51049e-10
    Region: "oxide"	RelError: 3.67419e-06	AbsError: 1.73752e-06
      Equation: "PotentialEquation"	RelError: 3.67419e-06	AbsError: 1.73752e-06
Iteration: 2
  Device: "mos2d"	RelError: 2.72447e-04	AbsError: 2.66345e+09
    Region: "bulk"	RelError: 2.72447e-04	AbsError: 2.66345e+09
      Equation: "ElectronContinuityEquation"	RelError: 1.61443e-04	AbsError: 5.11324e+08
      Equation: "HoleContinuityEquation"	RelError: 1.10916e-04	AbsError: 2.15213e+09
      Equation: "PotentialEquation"	RelError: 8.71877e-08	AbsError: 2.26046e-09
    Region: "gate"	RelError: 1.01155e-12	AbsError: 4.98389e+07
      Equation: "ElectronContinuityEquation"	RelError: 4.99781e-13	AbsError: 4.98389e+07
      Equation: "HoleContinuityEquation"	RelError: 4.99963e-13	AbsError: 5.01360e-13
      Equation: "PotentialEquation"	RelError: 1.18018e-14	AbsError: 1.29349e-14
    Region: "oxide"	RelError: 5.02179e-11	AbsError: 3.81362e-11
      Equation: "PotentialEquation"	RelError: 5.02179e-11	AbsError: 3.81362e-11
Iteration: 3
  Device: "mos2d"	RelError: 7.44711e-07	AbsError: 7.82830e+03
    Region: "bulk"	RelError: 7.44711e-07	AbsError: 1.80129e+03
      Equation: "ElectronContinuityEquation"	RelError: 7.11991e-07	AbsError: 1.42739e+03
      Equation: "HoleContinuityEquation"	RelError: 3.27207e-08	AbsError: 3.73897e+02
      Equation: "PotentialEquation"	RelError: 1.92915e-14	AbsError: 3.99378e-16
    Region: "gate"	RelError: 4.02147e-16	AbsError: 7.82830e+03
      Equation: "ElectronContinuityEquation"	RelError: 7.89090e-17	AbsError: 7.82830e+03
      Equation: "HoleContinuityEquation"	RelError: 2.21902e-16	AbsError: 2.22522e-16
      Equation: "PotentialEquation"	RelError: 1.01336e-16	AbsError: 1.11072e-16
    Region: "oxide"	RelError: 1.43689e-16	AbsError: 1.33668e-16
      Equation: "PotentialEquation"	RelError: 1.43689e-16	AbsError: 1.33668e-16
Succeeded
IVPOINT	IDVD_VG1P0	5.00000000e-01	1.98000000e+00	5.51628924e-04
drain last end 1.980000e+00 2.000000e+00
setting to last bias 2.000000e+00
setting next bias 2.000000e+00
number of equations 4409
Iteration: 0
  Device: "mos2d"	RelError: 1.32359e+00	AbsError: 2.50943e+16
    Region: "bulk"	RelError: 1.31624e+00	AbsError: 2.50943e+16
      Equation: "ElectronContinuityEquation"	RelError: 1.79247e-01	AbsError: 2.37534e+16
      Equation: "HoleContinuityEquation"	RelError: 5.82518e-01	AbsError: 1.34094e+15
      Equation: "PotentialEquation"	RelError: 5.54472e-01	AbsError: 2.00000e-02
    Region: "gate"	RelError: 3.21234e-04	AbsError: 1.60135e+16
      Equation: "ElectronContinuityEquation"	RelError: 1.58717e-04	AbsError: 1.60135e+16
      Equation: "HoleContinuityEquation"	RelError: 1.58768e-04	AbsError: 1.57362e-04
      Equation: "PotentialEquation"	RelError: 3.74841e-06	AbsError: 4.10940e-06
    Region: "oxide"	RelError: 7.03237e-03	AbsError: 1.34317e-02
      Equation: "PotentialEquation"	RelError: 7.03237e-03	AbsError: 1.34317e-02
Iteration: 1
  Device: "mos2d"	RelError: 1.01269e-01	AbsError: 6.94547e+13
    Region: "bulk"	RelError: 1.01265e-01	AbsError: 6.94547e+13
      Equation: "ElectronContinuityEquation"	RelError: 1.34712e-02	AbsError: 5.10608e+13
      Equation: "HoleContinuityEquation"	RelError: 8.67067e-02	AbsError: 1.83938e+13
      Equation: "PotentialEquation"	RelError: 1.08700e-03	AbsError: 2.76954e-05
    Region: "gate"	RelError: 4.40157e-08	AbsError: 2.14810e+12
      Equation: "ElectronContinuityEquation"	RelError: 2.16255e-08	AbsError: 2.14810e+12
      Equation: "HoleContinuityEquation"	RelError: 2.18918e-08	AbsError: 2.16979e-08
      Equation: "PotentialEquation"	RelError: 4.98410e-10	AbsError: 5.46208e-10
    Region: "oxide"	RelError: 3.64090e-06	AbsError: 1.72242e-06
      Equation: "PotentialEquation"	RelError: 3.64090e-06	AbsError: 1.72242e-06
Iteration: 2
  Device: "mos2d"	RelError: 2.81326e-04	AbsError: 2.91506e+09
    Region: "bulk"	RelError: 2.81326e-04	AbsError: 2.91506e+09
      Equation: "ElectronContinuityEquation"	RelError: 1.71893e-04	AbsError: 5.03125e+08
      Equation: "HoleContinuityEquation"	RelError: 1.09381e-04	AbsError: 2.41193e+09
      Equation: "PotentialEquation"	RelError: 5.21992e-08	AbsError: 2.44988e-09
    Region: "gate"	RelError: 1.01510e-12	AbsError: 5.00072e+07
      Equation: "ElectronContinuityEquation"	RelError: 5.01434e-13	AbsError: 5.00072e+07
      Equation: "HoleContinuityEquation"	RelError: 5.01838e-13	AbsError: 5.03205e-13
      Equation: "PotentialEquation"	RelError: 1.18316e-14	AbsError: 1.29675e-14
    Region: "oxide"	RelError: 5.02489e-11	AbsError: 3.82519e-11
      Equation: "PotentialEquation"	RelError: 5.02489e-11	AbsError: 3.82519e-11
Iteration: 3
  Device: "mos2d"	RelError: 6.12172e-07	AbsError: 8.14997e+03
    Region: "bulk"	RelError: 6.12172e-07	AbsError: 2.11778e+03
      Equation: "ElectronContinuityEquation"	RelError: 5.94251e-07	AbsError: 1.72891e+03
      Equation: "HoleContinuityEquation"	RelError: 1.79205e-08	AbsError: 3.88870e+02
      Equation: "PotentialEquation"	RelError: 5.88881e-14	AbsError: 3.55592e-16
    Region: "gate"	RelError: 4.07731e-16	AbsError: 8.14997e+03
      Equation: "ElectronContinuityEquation"	RelError: 8.15000e-17	AbsError: 8.14997e+03
      Equation: "HoleContinuityEquation"	RelError: 2.24891e-16	AbsError: 2.27185e-16
      Equation: "PotentialEquation"	RelError: 1.01340e-16	AbsError: 1.11076e-16
    Region: "oxide"	RelError: 1.14995e-16	AbsError: 1.27868e-16
      Equation: "PotentialEquation"	RelError: 1.14995e-16	AbsError: 1.27868e-16
Succeeded
IVPOINT	IDVD_VG1P0	5.00000000e-01	2.00000000e+00	5.61675422e-04
=== SWEEP_START IDVG_VD0P05 ===
number of equations 4409
Iteration: 0
  Device: "mos2d"	RelError: 2.19415e+03	AbsError: 2.46599e+18
    Region: "bulk"	RelError: 2.19382e+03	AbsError: 2.46599e+18
      Equation: "ElectronContinuityEquation"	RelError: 9.99000e+02	AbsError: 2.33323e+18
      Equation: "HoleContinuityEquation"	RelError: 9.99000e+02	AbsError: 1.32754e+17
      Equation: "PotentialEquation"	RelError: 1.95816e+02	AbsError: 1.12912e-01
    Region: "gate"	RelError: 9.96823e-02	AbsError: 1.16365e+18
      Equation: "ElectronContinuityEquation"	RelError: 1.16680e-02	AbsError: 1.16365e+18
      Equation: "HoleContinuityEquation"	RelError: 1.14020e-02	AbsError: 1.14313e-02
      Equation: "PotentialEquation"	RelError: 7.66123e-02	AbsError: 7.79962e-02
    Region: "oxide"	RelError: 2.37650e-01	AbsError: 1.05324e-01
      Equation: "PotentialEquation"	RelError: 2.37650e-01	AbsError: 1.05324e-01
Iteration: 1
  Device: "mos2d"	RelError: 2.46995e+03	AbsError: 3.40873e+17
    Region: "bulk"	RelError: 2.46959e+03	AbsError: 3.40873e+17
      Equation: "ElectronContinuityEquation"	RelError: 9.99000e+02	AbsError: 2.32224e+17
      Equation: "HoleContinuityEquation"	RelError: 9.99000e+02	AbsError: 1.08648e+17
      Equation: "PotentialEquation"	RelError: 4.71590e+02	AbsError: 1.11427e-01
    Region: "gate"	RelError: 8.01355e-02	AbsError: 9.31269e+16
      Equation: "ElectronContinuityEquation"	RelError: 9.35654e-04	AbsError: 9.31269e+16
      Equation: "HoleContinuityEquation"	RelError: 1.00028e-03	AbsError: 1.00499e-03
      Equation: "PotentialEquation"	RelError: 7.81995e-02	AbsError: 7.38410e-02
    Region: "oxide"	RelError: 2.80511e-01	AbsError: 1.03403e-01
      Equation: "PotentialEquation"	RelError: 2.80511e-01	AbsError: 1.03403e-01
Iteration: 2
  Device: "mos2d"	RelError: 2.01725e+03	AbsError: 1.64473e+17
    Region: "bulk"	RelError: 2.01684e+03	AbsError: 1.64473e+17
      Equation: "ElectronContinuityEquation"	RelError: 9.99000e+02	AbsError: 7.01403e+16
      Equation: "HoleContinuityEquation"	RelError: 9.99000e+02	AbsError: 9.43329e+16
      Equation: "PotentialEquation"	RelError: 1.88353e+01	AbsError: 1.09872e-01
    Region: "gate"	RelError: 7.93078e-02	AbsError: 1.28491e+16
      Equation: "ElectronContinuityEquation"	RelError: 1.29469e-04	AbsError: 1.28491e+16
      Equation: "HoleContinuityEquation"	RelError: 1.29476e-04	AbsError: 1.30461e-04
      Equation: "PotentialEquation"	RelError: 7.90488e-02	AbsError: 6.91783e-02
    Region: "oxide"	RelError: 3.37081e-01	AbsError: 1.01382e-01
      Equation: "PotentialEquation"	RelError: 3.37081e-01	AbsError: 1.01382e-01
Iteration: 3
  Device: "mos2d"	RelError: 1.09035e+03	AbsError: 1.10747e+17
    Region: "bulk"	RelError: 1.08986e+03	AbsError: 1.10747e+17
      Equation: "ElectronContinuityEquation"	RelError: 9.99000e+02	AbsError: 3.60039e+16
      Equation: "HoleContinuityEquation"	RelError: 1.00000e+00	AbsError: 7.47428e+16
      Equation: "PotentialEquation"	RelError: 8.98594e+01	AbsError: 1.08242e-01
    Region: "gate"	RelError: 7.89194e-02	AbsError: 8.65532e+15
      Equation: "ElectronContinuityEquation"	RelError: 8.71742e-05	AbsError: 8.65532e+15
      Equation: "HoleContinuityEquation"	RelError: 8.72024e-05	AbsError: 8.78281e-05
      Equation: "PotentialEquation"	RelError: 7.87451e-02	AbsError: 6.38866e-02
    Region: "oxide"	RelError: 4.16100e-01	AbsError: 9.92480e-02
      Equation: "PotentialEquation"	RelError: 4.16100e-01	AbsError: 9.92480e-02
Iteration: 4
  Device: "mos2d"	RelError: 2.01983e+03	AbsError: 9.21502e+16
    Region: "bulk"	RelError: 2.01922e+03	AbsError: 9.21502e+16
      Equation: "ElectronContinuityEquation"	RelError: 9.99000e+02	AbsError: 2.32988e+16
      Equation: "HoleContinuityEquation"	RelError: 9.99000e+02	AbsError: 6.88514e+16
      Equation: "PotentialEquation"	RelError: 2.12218e+01	AbsError: 1.06530e-01
    Region: "gate"	RelError: 7.67992e-02	AbsError: 4.65666e+15
      Equation: "ElectronContinuityEquation"	RelError: 4.68985e-05	AbsError: 4.65666e+15
      Equation: "HoleContinuityEquation"	RelError: 4.69091e-05	AbsError: 4.72435e-05
      Equation: "PotentialEquation"	RelError: 7.67054e-02	AbsError: 5.78030e-02
    Region: "oxide"	RelError: 5.27853e-01	AbsError: 9.69891e-02
      Equation: "PotentialEquation"	RelError: 5.27853e-01	AbsError: 9.69891e-02
Iteration: 5
  Device: "mos2d"	RelError: 1.12773e+03	AbsError: 6.28777e+16
    Region: "bulk"	RelError: 1.12699e+03	AbsError: 6.28777e+16
      Equation: "ElectronContinuityEquation"	RelError: 9.99000e+02	AbsError: 2.23273e+16
      Equation: "HoleContinuityEquation"	RelError: 9.97821e-01	AbsError: 4.05505e+16
      Equation: "PotentialEquation"	RelError: 1.26995e+02	AbsError: 1.04726e-01
    Region: "gate"	RelError: 7.22168e-02	AbsError: 3.42816e+15
      Equation: "ElectronContinuityEquation"	RelError: 3.44976e-05	AbsError: 3.42816e+15
      Equation: "HoleContinuityEquation"	RelError: 3.45304e-05	AbsError: 3.47479e-05
      Equation: "PotentialEquation"	RelError: 7.21478e-02	AbsError: 5.07103e-02
    Region: "oxide"	RelError: 6.69292e-01	AbsError: 9.45746e-02
      Equation: "PotentialEquation"	RelError: 6.69292e-01	AbsError: 9.45746e-02
Iteration: 6
  Device: "mos2d"	RelError: 1.12151e+03	AbsError: 7.49584e+16
    Region: "bulk"	RelError: 1.12056e+03	AbsError: 7.49584e+16
      Equation: "ElectronContinuityEquation"	RelError: 9.99000e+02	AbsError: 2.16125e+16
      Equation: "HoleContinuityEquation"	RelError: 9.57623e-01	AbsError: 5.33458e+16
      Equation: "PotentialEquation"	RelError: 1.20602e+02	AbsError: 1.02821e-01
    Region: "gate"	RelError: 6.41368e-02	AbsError: 2.45335e+15
      Equation: "ElectronContinuityEquation"	RelError: 2.46874e-05	AbsError: 2.45335e+15
      Equation: "HoleContinuityEquation"	RelError: 2.47176e-05	AbsError: 2.48726e-05
      Equation: "PotentialEquation"	RelError: 6.40874e-02	AbsError: 4.23325e-02
    Region: "oxide"	RelError: 8.85118e-01	AbsError: 9.19865e-02
      Equation: "PotentialEquation"	RelError: 8.85118e-01	AbsError: 9.19865e-02
Iteration: 7
  Device: "mos2d"	RelError: 1.53139e+03	AbsError: 6.31543e+16
    Region: "bulk"	RelError: 1.52848e+03	AbsError: 6.31543e+16
      Equation: "ElectronContinuityEquation"	RelError: 9.99000e+02	AbsError: 2.10301e+16
      Equation: "HoleContinuityEquation"	RelError: 9.56290e-01	AbsError: 4.21242e+16
      Equation: "PotentialEquation"	RelError: 5.28525e+02	AbsError: 1.00804e-01
    Region: "gate"	RelError: 5.15814e-02	AbsError: 1.01100e+15
      Equation: "ElectronContinuityEquation"	RelError: 1.01733e-05	AbsError: 1.01100e+15
      Equation: "HoleContinuityEquation"	RelError: 1.02033e-05	AbsError: 1.02672e-05
      Equation: "PotentialEquation"	RelError: 5.15610e-02	AbsError: 3.23890e-02
    Region: "oxide"	RelError: 2.85483e+00	AbsError: 8.92039e-02
      Equation: "PotentialEquation"	RelError: 2.85483e+00	AbsError: 8.92039e-02
Iteration: 8
  Device: "mos2d"	RelError: 1.02400e+03	AbsError: 4.67217e+16
    Region: "bulk"	RelError: 1.02294e+03	AbsError: 4.67217e+16
      Equation: "ElectronContinuityEquation"	RelError: 9.99000e+02	AbsError: 2.06823e+16
      Equation: "HoleContinuityEquation"	RelError: 9.53705e-01	AbsError: 2.60395e+16
      Equation: "PotentialEquation"	RelError: 2.29878e+01	AbsError: 9.86606e-02
    Region: "gate"	RelError: 3.44353e-02	AbsError: 3.19853e+14
      Equation: "ElectronContinuityEquation"	RelError: 3.21932e-06	AbsError: 3.19853e+14
      Equation: "HoleContinuityEquation"	RelError: 3.22274e-06	AbsError: 3.24369e-06
      Equation: "PotentialEquation"	RelError: 3.44288e-02	AbsError: 2.09073e-02
    Region: "oxide"	RelError: 1.02819e+00	AbsError: 8.61919e-02
      Equation: "PotentialEquation"	RelError: 1.02819e+00	AbsError: 8.61919e-02
Iteration: 9
  Device: "mos2d"	RelError: 1.00725e+03	AbsError: 3.93714e+16
    Region: "bulk"	RelError: 1.00678e+03	AbsError: 3.93714e+16
      Equation: "ElectronContinuityEquation"	RelError: 9.99000e+02	AbsError: 2.07114e+16
      Equation: "HoleContinuityEquation"	RelError: 9.49792e-01	AbsError: 1.86600e+16
      Equation: "PotentialEquation"	RelError: 6.83396e+00	AbsError: 9.63761e-02
    Region: "gate"	RelError: 1.88839e-02	AbsError: 1.97230e+14
      Equation: "ElectronContinuityEquation"	RelError: 1.97738e-06	AbsError: 1.97230e+14
      Equation: "HoleContinuityEquation"	RelError: 1.97747e-06	AbsError: 1.98257e-06
      Equation: "PotentialEquation"	RelError: 1.88799e-02	AbsError: 1.12526e-02
    Region: "oxide"	RelError: 4.52010e-01	AbsError: 8.29071e-02
      Equation: "PotentialEquation"	RelError: 4.52010e-01	AbsError: 8.29071e-02
Iteration: 10
  Device: "mos2d"	RelError: 1.04332e+03	AbsError: 3.28738e+16
    Region: "bulk"	RelError: 1.04309e+03	AbsError: 3.28738e+16
      Equation: "ElectronContinuityEquation"	RelError: 9.99000e+02	AbsError: 2.11616e+16
      Equation: "HoleContinuityEquation"	RelError: 9.45970e-01	AbsError: 1.17122e+16
      Equation: "PotentialEquation"	RelError: 4.31427e+01	AbsError: 9.39312e-02
    Region: "gate"	RelError: 4.66844e-06	AbsError: 2.27697e+14
      Equation: "ElectronContinuityEquation"	RelError: 2.28284e-06	AbsError: 2.27697e+14
      Equation: "HoleContinuityEquation"	RelError: 2.28633e-06	AbsError: 2.29223e-06
      Equation: "PotentialEquation"	RelError: 9.92700e-08	AbsError: 5.91657e-08
    Region: "oxide"	RelError: 2.29749e-01	AbsError: 7.92994e-02
      Equation: "PotentialEquation"	RelError: 2.29749e-01	AbsError: 7.92994e-02
Iteration: 11
  Device: "mos2d"	RelError: 1.00603e+03	AbsError: 4.30572e+16
    Region: "bulk"	RelError: 1.00585e+03	AbsError: 4.30572e+16
      Equation: "ElectronContinuityEquation"	RelError: 9.98995e+02	AbsError: 2.36709e+16
      Equation: "HoleContinuityEquation"	RelError: 9.38948e-01	AbsError: 1.93863e+16
      Equation: "PotentialEquation"	RelError: 5.91799e+00	AbsError: 9.13033e-02
    Region: "gate"	RelError: 6.14693e-06	AbsError: 3.00040e+14
      Equation: "ElectronContinuityEquation"	RelError: 3.00814e-06	AbsError: 3.00040e+14
      Equation: "HoleContinuityEquation"	RelError: 3.00813e-06	AbsError: 3.01589e-06
      Equation: "PotentialEquation"	RelError: 1.30656e-07	AbsError: 7.78722e-08
    Region: "oxide"	RelError: 1.74409e-01	AbsError: 7.53070e-02
      Equation: "PotentialEquation"	RelError: 1.74409e-01	AbsError: 7.53070e-02
Iteration: 12
  Device: "mos2d"	RelError: 1.00604e+03	AbsError: 2.89941e+16
    Region: "bulk"	RelError: 1.00591e+03	AbsError: 2.89941e+16
      Equation: "ElectronContinuityEquation"	RelError: 9.99000e+02	AbsError: 2.33784e+16
      Equation: "HoleContinuityEquation"	RelError: 9.34170e-01	AbsError: 5.61567e+15
      Equation: "PotentialEquation"	RelError: 5.97784e+00	AbsError: 8.84648e-02
    Region: "gate"	RelError: 7.28583e-06	AbsError: 3.55630e+14
      Equation: "ElectronContinuityEquation"	RelError: 3.56549e-06	AbsError: 3.55630e+14
      Equation: "HoleContinuityEquation"	RelError: 3.56548e-06	AbsError: 3.57469e-06
      Equation: "PotentialEquation"	RelError: 1.54864e-07	AbsError: 9.23004e-08
    Region: "oxide"	RelError: 1.32120e-01	AbsError: 7.08478e-02
      Equation: "PotentialEquation"	RelError: 1.32120e-01	AbsError: 7.08478e-02
Iteration: 13
  Device: "mos2d"	RelError: 1.00274e+03	AbsError: 2.88087e+16
    Region: "bulk"	RelError: 1.00263e+03	AbsError: 2.88087e+16
      Equation: "ElectronContinuityEquation"	RelError: 9.98996e+02	AbsError: 2.53883e+16
      Equation: "HoleContinuityEquation"	RelError: 9.29999e-01	AbsError: 3.42037e+15
      Equation: "PotentialEquation"	RelError: 2.70549e+00	AbsError: 8.53819e-02
    Region: "gate"	RelError: 5.33626e-06	AbsError: 2.60468e+14
      Equation: "ElectronContinuityEquation"	RelError: 2.61142e-06	AbsError: 2.60468e+14
      Equation: "HoleContinuityEquation"	RelError: 2.61142e-06	AbsError: 2.61817e-06
      Equation: "PotentialEquation"	RelError: 1.13425e-07	AbsError: 6.76022e-08
    Region: "oxide"	RelError: 1.13346e-01	AbsError: 6.58076e-02
      Equation: "PotentialEquation"	RelError: 1.13346e-01	AbsError: 6.58076e-02
Iteration: 14
  Device: "mos2d"	RelError: 7.39064e+00	AbsError: 2.90529e+16
    Region: "bulk"	RelError: 7.28623e+00	AbsError: 2.90529e+16
      Equation: "ElectronContinuityEquation"	RelError: 9.99999e-01	AbsError: 2.78196e+16
      Equation: "HoleContinuityEquation"	RelError: 9.21835e-01	AbsError: 1.23333e+15
      Equation: "PotentialEquation"	RelError: 5.36440e+00	AbsError: 8.20119e-02
    Region: "gate"	RelError: 9.77429e-06	AbsError: 4.76497e+14
      Equation: "ElectronContinuityEquation"	RelError: 4.78328e-06	AbsError: 4.76497e+14
      Equation: "HoleContinuityEquation"	RelError: 4.78324e-06	AbsError: 4.80162e-06
      Equation: "PotentialEquation"	RelError: 2.07769e-07	AbsError: 1.23825e-07
    Region: "oxide"	RelError: 1.04398e-01	AbsError: 6.00584e-02
      Equation: "PotentialEquation"	RelError: 1.04398e-01	AbsError: 6.00584e-02
Iteration: 15
  Device: "mos2d"	RelError: 7.65768e+00	AbsError: 3.19176e+16
    Region: "bulk"	RelError: 7.56128e+00	AbsError: 3.19176e+16
      Equation: "ElectronContinuityEquation"	RelError: 7.77794e-01	AbsError: 3.08972e+16
      Equation: "HoleContinuityEquation"	RelError: 9.15153e-01	AbsError: 1.02040e+15
      Equation: "PotentialEquation"	RelError: 5.86833e+00	AbsError: 7.83015e-02
    Region: "gate"	RelError: 1.10264e-05	AbsError: 5.37535e+14
      Equation: "ElectronContinuityEquation"	RelError: 5.39604e-06	AbsError: 5.37535e+14
      Equation: "HoleContinuityEquation"	RelError: 5.39600e-06	AbsError: 5.41677e-06
      Equation: "PotentialEquation"	RelError: 2.34385e-07	AbsError: 1.39688e-07
    Region: "oxide"	RelError: 9.63934e-02	AbsError: 5.34064e-02
      Equation: "PotentialEquation"	RelError: 9.63934e-02	AbsError: 5.34064e-02
Iteration: 16
  Device: "mos2d"	RelError: 1.16191e+01	AbsError: 3.55974e+16
    Region: "bulk"	RelError: 1.15293e+01	AbsError: 3.55974e+16
      Equation: "ElectronContinuityEquation"	RelError: 8.32918e-01	AbsError: 3.46979e+16
      Equation: "HoleContinuityEquation"	RelError: 9.08641e-01	AbsError: 8.99509e+14
      Equation: "PotentialEquation"	RelError: 9.78777e+00	AbsError: 7.41816e-02
    Region: "gate"	RelError: 1.26061e-05	AbsError: 6.15308e+14
      Equation: "ElectronContinuityEquation"	RelError: 6.16909e-06	AbsError: 6.15308e+14
      Equation: "HoleContinuityEquation"	RelError: 6.16905e-06	AbsError: 6.18510e-06
      Equation: "PotentialEquation"	RelError: 2.67950e-07	AbsError: 1.59700e-07
    Region: "oxide"	RelError: 8.97138e-02	AbsError: 4.56134e-02
      Equation: "PotentialEquation"	RelError: 8.97138e-02	AbsError: 4.56134e-02
Iteration: 17
  Device: "mos2d"	RelError: 9.77408e+00	AbsError: 3.99721e+16
    Region: "bulk"	RelError: 9.69690e+00	AbsError: 3.99721e+16
      Equation: "ElectronContinuityEquation"	RelError: 8.79928e-01	AbsError: 3.92330e+16
      Equation: "HoleContinuityEquation"	RelError: 8.94629e-01	AbsError: 7.39120e+14
      Equation: "PotentialEquation"	RelError: 7.92234e+00	AbsError: 6.95625e-02
    Region: "gate"	RelError: 1.49429e-05	AbsError: 7.29363e+14
      Equation: "ElectronContinuityEquation"	RelError: 7.31267e-06	AbsError: 7.29363e+14
      Equation: "HoleContinuityEquation"	RelError: 7.31260e-06	AbsError: 7.33169e-06
      Equation: "PotentialEquation"	RelError: 3.17620e-07	AbsError: 1.89304e-07
    Region: "oxide"	RelError: 7.71653e-02	AbsError: 3.64228e-02
      Equation: "PotentialEquation"	RelError: 7.71653e-02	AbsError: 3.64228e-02
Iteration: 18
  Device: "mos2d"	RelError: 1.29231e+01	AbsError: 4.50339e+16
    Region: "bulk"	RelError: 1.28654e+01	AbsError: 4.50339e+16
      Equation: "ElectronContinuityEquation"	RelError: 8.64163e-01	AbsError: 4.43930e+16
      Equation: "HoleContinuityEquation"	RelError: 8.72071e-01	AbsError: 6.40843e+14
      Equation: "PotentialEquation"	RelError: 1.11292e+01	AbsError: 6.43251e-02
    Region: "gate"	RelError: 1.83843e-05	AbsError: 8.97333e+14
      Equation: "ElectronContinuityEquation"	RelError: 8.99683e-06	AbsError: 8.97333e+14
      Equation: "HoleContinuityEquation"	RelError: 8.99672e-06	AbsError: 9.02029e-06
      Equation: "PotentialEquation"	RelError: 3.90769e-07	AbsError: 2.32901e-07
    Region: "oxide"	RelError: 5.77035e-02	AbsError: 2.57507e-02
      Equation: "PotentialEquation"	RelError: 5.77035e-02	AbsError: 2.57507e-02
Iteration: 19
  Device: "mos2d"	RelError: 2.14146e+01	AbsError: 5.03221e+16
    Region: "bulk"	RelError: 2.13694e+01	AbsError: 5.03221e+16
      Equation: "ElectronContinuityEquation"	RelError: 8.36348e-01	AbsError: 4.97501e+16
      Equation: "HoleContinuityEquation"	RelError: 8.40158e-01	AbsError: 5.71968e+14
      Equation: "PotentialEquation"	RelError: 1.96929e+01	AbsError: 5.83103e-02
    Region: "gate"	RelError: 2.38345e-05	AbsError: 1.16334e+15
      Equation: "ElectronContinuityEquation"	RelError: 1.16640e-05	AbsError: 1.16334e+15
      Equation: "HoleContinuityEquation"	RelError: 1.16639e-05	AbsError: 1.16945e-05
      Equation: "PotentialEquation"	RelError: 5.06617e-07	AbsError: 3.01947e-07
    Region: "oxide"	RelError: 4.51888e-02	AbsError: 1.92940e-02
      Equation: "PotentialEquation"	RelError: 4.51888e-02	AbsError: 1.92940e-02
Iteration: 20
  Device: "mos2d"	RelError: 2.16672e+00	AbsError: 5.46354e+16
    Region: "bulk"	RelError: 2.15739e+00	AbsError: 5.46354e+16
      Equation: "ElectronContinuityEquation"	RelError: 8.03124e-01	AbsError: 5.41184e+16
      Equation: "HoleContinuityEquation"	RelError: 7.96862e-01	AbsError: 5.17054e+14
      Equation: "PotentialEquation"	RelError: 5.57407e-01	AbsError: 5.13055e-02
    Region: "gate"	RelError: 3.35598e-05	AbsError: 1.63596e+15
      Equation: "ElectronContinuityEquation"	RelError: 1.64234e-05	AbsError: 1.63596e+15
      Equation: "HoleContinuityEquation"	RelError: 1.64230e-05	AbsError: 1.64870e-05
      Equation: "PotentialEquation"	RelError: 7.13371e-07	AbsError: 4.25151e-07
    Region: "oxide"	RelError: 9.29091e-03	AbsError: 1.31314e-03
      Equation: "PotentialEquation"	RelError: 9.29091e-03	AbsError: 1.31314e-03
Iteration: 21
  Device: "mos2d"	RelError: 4.09316e+00	AbsError: 5.77995e+16
    Region: "bulk"	RelError: 4.07699e+00	AbsError: 5.77995e+16
      Equation: "ElectronContinuityEquation"	RelError: 7.48340e-01	AbsError: 5.72932e+16
      Equation: "HoleContinuityEquation"	RelError: 7.73862e-01	AbsError: 5.06260e+14
      Equation: "PotentialEquation"	RelError: 2.55479e+00	AbsError: 4.30387e-02
    Region: "gate"	RelError: 5.09025e-05	AbsError: 2.48134e+15
      Equation: "ElectronContinuityEquation"	RelError: 2.49107e-05	AbsError: 2.48134e+15
      Equation: "HoleContinuityEquation"	RelError: 2.49098e-05	AbsError: 2.50075e-05
      Equation: "PotentialEquation"	RelError: 1.08202e-06	AbsError: 6.44857e-07
    Region: "oxide"	RelError: 1.61151e-02	AbsError: 1.99508e-03
      Equation: "PotentialEquation"	RelError: 1.61151e-02	AbsError: 1.99508e-03
Iteration: 22
  Device: "mos2d"	RelError: 2.88619e+00	AbsError: 6.45164e+16
    Region: "bulk"	RelError: 2.86699e+00	AbsError: 6.45164e+16
      Equation: "ElectronContinuityEquation"	RelError: 6.64593e-01	AbsError: 6.39466e+16
      Equation: "HoleContinuityEquation"	RelError: 7.03477e-01	AbsError: 5.69838e+14
      Equation: "PotentialEquation"	RelError: 1.49892e+00	AbsError: 3.32242e-02
    Region: "gate"	RelError: 6.81020e-05	AbsError: 3.32381e+15
      Equation: "ElectronContinuityEquation"	RelError: 3.33280e-05	AbsError: 3.32381e+15
      Equation: "HoleContinuityEquation"	RelError: 3.33264e-05	AbsError: 3.34166e-05
      Equation: "PotentialEquation"	RelError: 1.44755e-06	AbsError: 8.62749e-07
    Region: "oxide"	RelError: 1.91313e-02	AbsError: 2.77401e-03
      Equation: "PotentialEquation"	RelError: 1.91313e-02	AbsError: 2.77401e-03
Iteration: 23
  Device: "mos2d"	RelError: 1.73882e+00	AbsError: 5.52199e+16
    Region: "bulk"	RelError: 1.72272e+00	AbsError: 5.52199e+16
      Equation: "ElectronContinuityEquation"	RelError: 5.32461e-01	AbsError: 5.47664e+16
      Equation: "HoleContinuityEquation"	RelError: 5.79199e-01	AbsError: 4.53521e+14
      Equation: "PotentialEquation"	RelError: 6.11062e-01	AbsError: 2.18456e-02
    Region: "gate"	RelError: 6.59198e-05	AbsError: 3.21717e+15
      Equation: "ElectronContinuityEquation"	RelError: 3.22598e-05	AbsError: 3.21717e+15
      Equation: "HoleContinuityEquation"	RelError: 3.22588e-05	AbsError: 3.23471e-05
      Equation: "PotentialEquation"	RelError: 1.40117e-06	AbsError: 8.35103e-07
    Region: "oxide"	RelError: 1.60295e-02	AbsError: 2.73476e-03
      Equation: "PotentialEquation"	RelError: 1.60295e-02	AbsError: 2.73476e-03
Iteration: 24
  Device: "mos2d"	RelError: 1.03129e+00	AbsError: 4.53450e+16
    Region: "bulk"	RelError: 1.02444e+00	AbsError: 4.53450e+16
      Equation: "ElectronContinuityEquation"	RelError: 3.01590e-01	AbsError: 4.49675e+16
      Equation: "HoleContinuityEquation"	RelError: 3.57907e-01	AbsError: 3.77492e+14
      Equation: "PotentialEquation"	RelError: 3.64942e-01	AbsError: 1.24697e-02
    Region: "gate"	RelError: 3.69732e-05	AbsError: 1.80437e+15
      Equation: "ElectronContinuityEquation"	RelError: 1.80935e-05	AbsError: 1.80437e+15
      Equation: "HoleContinuityEquation"	RelError: 1.80938e-05	AbsError: 1.81437e-05
      Equation: "PotentialEquation"	RelError: 7.85891e-07	AbsError: 4.68394e-07
    Region: "oxide"	RelError: 6.81461e-03	AbsError: 1.57038e-03
      Equation: "PotentialEquation"	RelError: 6.81461e-03	AbsError: 1.57038e-03
Iteration: 25
  Device: "mos2d"	RelError: 2.63088e-01	AbsError: 8.81478e+15
    Region: "bulk"	RelError: 2.61402e-01	AbsError: 8.81478e+15
      Equation: "ElectronContinuityEquation"	RelError: 7.22580e-02	AbsError: 8.47485e+15
      Equation: "HoleContinuityEquation"	RelError: 9.01073e-02	AbsError: 3.39928e+14
      Equation: "PotentialEquation"	RelError: 9.90370e-02	AbsError: 8.47390e-04
    Region: "gate"	RelError: 8.86278e-06	AbsError: 4.32511e+14
      Equation: "ElectronContinuityEquation"	RelError: 4.33705e-06	AbsError: 4.32511e+14
      Equation: "HoleContinuityEquation"	RelError: 4.33734e-06	AbsError: 4.34931e-06
      Equation: "PotentialEquation"	RelError: 1.88385e-07	AbsError: 1.12278e-07
    Region: "oxide"	RelError: 1.67634e-03	AbsError: 3.70141e-04
      Equation: "PotentialEquation"	RelError: 1.67634e-03	AbsError: 3.70141e-04
Iteration: 26
  Device: "mos2d"	RelError: 1.13244e-01	AbsError: 7.20194e+14
    Region: "bulk"	RelError: 1.13104e-01	AbsError: 7.20194e+14
      Equation: "ElectronContinuityEquation"	RelError: 3.22015e-02	AbsError: 4.10236e+14
      Equation: "HoleContinuityEquation"	RelError: 2.97951e-02	AbsError: 3.09958e+14
      Equation: "PotentialEquation"	RelError: 5.11074e-02	AbsError: 7.80982e-04
    Region: "gate"	RelError: 1.26100e-07	AbsError: 6.13211e+12
      Equation: "ElectronContinuityEquation"	RelError: 6.17090e-08	AbsError: 6.13211e+12
      Equation: "HoleContinuityEquation"	RelError: 6.17106e-08	AbsError: 6.21009e-08
      Equation: "PotentialEquation"	RelError: 2.68076e-09	AbsError: 1.59749e-09
    Region: "oxide"	RelError: 1.40139e-04	AbsError: 4.98673e-06
      Equation: "PotentialEquation"	RelError: 1.40139e-04	AbsError: 4.98673e-06
Iteration: 27
  Device: "mos2d"	RelError: 1.00536e-01	AbsError: 6.62821e+14
    Region: "bulk"	RelError: 1.00420e-01	AbsError: 6.62821e+14
      Equation: "ElectronContinuityEquation"	RelError: 2.82145e-02	AbsError: 3.75045e+14
      Equation: "HoleContinuityEquation"	RelError: 2.75838e-02	AbsError: 2.87776e+14
      Equation: "PotentialEquation"	RelError: 4.46214e-02	AbsError: 7.22424e-04
    Region: "gate"	RelError: 1.04313e-07	AbsError: 5.07268e+12
      Equation: "ElectronContinuityEquation"	RelError: 5.10476e-08	AbsError: 5.07268e+12
      Equation: "HoleContinuityEquation"	RelError: 5.10476e-08	AbsError: 5.13705e-08
      Equation: "PotentialEquation"	RelError: 2.21758e-09	AbsError: 1.32148e-09
    Region: "oxide"	RelError: 1.15968e-04	AbsError: 4.12562e-06
      Equation: "PotentialEquation"	RelError: 1.15968e-04	AbsError: 4.12562e-06
Iteration: 28
  Device: "mos2d"	RelError: 9.14314e-02	AbsError: 6.14010e+14
    Region: "bulk"	RelError: 9.13347e-02	AbsError: 6.14010e+14
      Equation: "ElectronContinuityEquation"	RelError: 2.61830e-02	AbsError: 3.45850e+14
      Equation: "HoleContinuityEquation"	RelError: 2.56201e-02	AbsError: 2.68160e+14
      Equation: "PotentialEquation"	RelError: 3.95316e-02	AbsError: 6.70498e-04
    Region: "gate"	RelError: 8.69280e-08	AbsError: 4.22727e+12
      Equation: "ElectronContinuityEquation"	RelError: 4.25400e-08	AbsError: 4.22727e+12
      Equation: "HoleContinuityEquation"	RelError: 4.25400e-08	AbsError: 4.28091e-08
      Equation: "PotentialEquation"	RelError: 1.84800e-09	AbsError: 1.10124e-09
    Region: "oxide"	RelError: 9.66359e-05	AbsError: 3.43818e-06
      Equation: "PotentialEquation"	RelError: 9.66359e-05	AbsError: 3.43818e-06
Iteration: 29
  Device: "mos2d"	RelError: 8.36741e-02	AbsError: 5.71417e+14
    Region: "bulk"	RelError: 8.35931e-02	AbsError: 5.71417e+14
      Equation: "ElectronContinuityEquation"	RelError: 2.43591e-02	AbsError: 3.20797e+14
      Equation: "HoleContinuityEquation"	RelError: 2.38672e-02	AbsError: 2.50620e+14
      Equation: "PotentialEquation"	RelError: 3.53667e-02	AbsError: 6.24206e-04
    Region: "gate"	RelError: 7.28178e-08	AbsError: 3.54109e+12
      Equation: "ElectronContinuityEquation"	RelError: 3.56349e-08	AbsError: 3.54109e+12
      Equation: "HoleContinuityEquation"	RelError: 3.56349e-08	AbsError: 3.58603e-08
      Equation: "PotentialEquation"	RelError: 1.54803e-09	AbsError: 9.22488e-10
    Region: "oxide"	RelError: 8.09456e-05	AbsError: 2.88020e-06
      Equation: "PotentialEquation"	RelError: 8.09456e-05	AbsError: 2.88020e-06
Iteration: 30
  Device: "mos2d"	RelError: 7.69641e-02	AbsError: 5.33554e+14
    Region: "bulk"	RelError: 7.68960e-02	AbsError: 5.33554e+14
      Equation: "ElectronContinuityEquation"	RelError: 2.27264e-02	AbsError: 2.98728e+14
      Equation: "HoleContinuityEquation"	RelError: 2.22945e-02	AbsError: 2.34827e+14
      Equation: "PotentialEquation"	RelError: 3.18751e-02	AbsError: 5.82717e-04
    Region: "gate"	RelError: 6.12671e-08	AbsError: 2.97939e+12
      Equation: "ElectronContinuityEquation"	RelError: 2.99823e-08	AbsError: 2.97939e+12
      Equation: "HoleContinuityEquation"	RelError: 2.99823e-08	AbsError: 3.01719e-08
      Equation: "PotentialEquation"	RelError: 1.30247e-09	AbsError: 7.76158e-10
    Region: "oxide"	RelError: 6.81015e-05	AbsError: 2.42342e-06
      Equation: "PotentialEquation"	RelError: 6.81015e-05	AbsError: 2.42342e-06
Iteration: 31
  Device: "mos2d"	RelError: 7.10929e-02	AbsError: 4.99543e+14
    Region: "bulk"	RelError: 7.10354e-02	AbsError: 4.99543e+14
      Equation: "ElectronContinuityEquation"	RelError: 2.12573e-02	AbsError: 2.79013e+14
      Equation: "HoleContinuityEquation"	RelError: 2.08764e-02	AbsError: 2.20529e+14
      Equation: "PotentialEquation"	RelError: 2.89017e-02	AbsError: 5.45348e-04
    Region: "gate"	RelError: 5.17438e-08	AbsError: 2.51627e+12
      Equation: "ElectronContinuityEquation"	RelError: 2.53219e-08	AbsError: 2.51627e+12
      Equation: "HoleContinuityEquation"	RelError: 2.53219e-08	AbsError: 2.54820e-08
      Equation: "PotentialEquation"	RelError: 1.10002e-09	AbsError: 6.55512e-10
    Region: "oxide"	RelError: 5.75121e-05	AbsError: 2.04679e-06
      Equation: "PotentialEquation"	RelError: 5.75121e-05	AbsError: 2.04679e-06
Iteration: 32
  Device: "mos2d"	RelError: 6.59104e-02	AbsError: 4.68782e+14
    Region: "bulk"	RelError: 6.58616e-02	AbsError: 4.68782e+14
      Equation: "ElectronContinuityEquation"	RelError: 1.99292e-02	AbsError: 2.61255e+14
      Equation: "HoleContinuityEquation"	RelError: 1.95921e-02	AbsError: 2.07527e+14
      Equation: "PotentialEquation"	RelError: 2.63403e-02	AbsError: 5.11536e-04
    Region: "gate"	RelError: 4.38446e-08	AbsError: 2.13214e+12
      Equation: "ElectronContinuityEquation"	RelError: 2.14562e-08	AbsError: 2.13214e+12
      Equation: "HoleContinuityEquation"	RelError: 2.14562e-08	AbsError: 2.15919e-08
      Equation: "PotentialEquation"	RelError: 9.32087e-10	AbsError: 5.55442e-10
    Region: "oxide"	RelError: 4.87288e-05	AbsError: 1.73439e-06
      Equation: "PotentialEquation"	RelError: 4.87288e-05	AbsError: 1.73439e-06
Iteration: 33
  Device: "mos2d"	RelError: 6.13028e-02	AbsError: 4.40818e+14
    Region: "bulk"	RelError: 6.12613e-02	AbsError: 4.40818e+14
      Equation: "ElectronContinuityEquation"	RelError: 1.87236e-02	AbsError: 2.45163e+14
      Equation: "HoleContinuityEquation"	RelError: 1.84241e-02	AbsError: 1.95655e+14
      Equation: "PotentialEquation"	RelError: 2.41137e-02	AbsError: 4.80814e-04
    Region: "gate"	RelError: 3.72588e-08	AbsError: 1.81188e+12
      Equation: "ElectronContinuityEquation"	RelError: 1.82334e-08	AbsError: 1.81188e+12
      Equation: "HoleContinuityEquation"	RelError: 1.82334e-08	AbsError: 1.83487e-08
      Equation: "PotentialEquation"	RelError: 7.92082e-10	AbsError: 4.72011e-10
    Region: "oxide"	RelError: 4.14063e-05	AbsError: 1.47392e-06
      Equation: "PotentialEquation"	RelError: 4.14063e-05	AbsError: 1.47392e-06
Iteration: 34
  Device: "mos2d"	RelError: 5.71809e-02	AbsError: 4.15290e+14
    Region: "bulk"	RelError: 5.71456e-02	AbsError: 4.15290e+14
      Equation: "ElectronContinuityEquation"	RelError: 1.76248e-02	AbsError: 2.30515e+14
      Equation: "HoleContinuityEquation"	RelError: 1.73579e-02	AbsError: 1.84775e+14
      Equation: "PotentialEquation"	RelError: 2.21629e-02	AbsError: 4.52792e-04
    Region: "gate"	RelError: 3.17440e-08	AbsError: 1.54370e+12
      Equation: "ElectronContinuityEquation"	RelError: 1.55346e-08	AbsError: 1.54370e+12
      Equation: "HoleContinuityEquation"	RelError: 1.55346e-08	AbsError: 1.56328e-08
      Equation: "PotentialEquation"	RelError: 6.74844e-10	AbsError: 4.02147e-10
    Region: "oxide"	RelError: 3.52748e-05	AbsError: 1.25580e-06
      Equation: "PotentialEquation"	RelError: 3.52748e-05	AbsError: 1.25580e-06
Iteration: 35
  Device: "mos2d"	RelError: 5.34736e-02	AbsError: 3.91900e+14
    Region: "bulk"	RelError: 5.34434e-02	AbsError: 3.91900e+14
      Equation: "ElectronContinuityEquation"	RelError: 1.66198e-02	AbsError: 2.17128e+14
      Equation: "HoleContinuityEquation"	RelError: 1.63812e-02	AbsError: 1.74772e+14
      Equation: "PotentialEquation"	RelError: 2.04424e-02	AbsError: 4.27144e-04
    Region: "gate"	RelError: 2.71085e-08	AbsError: 1.31827e+12
      Equation: "ElectronContinuityEquation"	RelError: 1.32661e-08	AbsError: 1.31827e+12
      Equation: "HoleContinuityEquation"	RelError: 1.32661e-08	AbsError: 1.33500e-08
      Equation: "PotentialEquation"	RelError: 5.76297e-10	AbsError: 3.43422e-10
    Region: "oxide"	RelError: 3.01211e-05	AbsError: 1.07245e-06
      Equation: "PotentialEquation"	RelError: 3.01211e-05	AbsError: 1.07245e-06
Iteration: 36
  Device: "mos2d"	RelError: 5.01229e-02	AbsError: 3.70401e+14
    Region: "bulk"	RelError: 5.00971e-02	AbsError: 3.70401e+14
      Equation: "ElectronContinuityEquation"	RelError: 1.56976e-02	AbsError: 2.04853e+14
      Equation: "HoleContinuityEquation"	RelError: 1.54837e-02	AbsError: 1.65548e+14
      Equation: "PotentialEquation"	RelError: 1.89158e-02	AbsError: 4.03592e-04
    Region: "gate"	RelError: 2.31991e-08	AbsError: 1.12816e+12
      Equation: "ElectronContinuityEquation"	RelError: 1.13530e-08	AbsError: 1.12816e+12
      Equation: "HoleContinuityEquation"	RelError: 1.13530e-08	AbsError: 1.14248e-08
      Equation: "PotentialEquation"	RelError: 4.93188e-10	AbsError: 2.93896e-10
    Region: "oxide"	RelError: 2.57750e-05	AbsError: 9.17823e-07
      Equation: "PotentialEquation"	RelError: 2.57750e-05	AbsError: 9.17823e-07
Iteration: 37
  Device: "mos2d"	RelError: 4.70814e-02	AbsError: 3.50580e+14
    Region: "bulk"	RelError: 4.70593e-02	AbsError: 3.50580e+14
      Equation: "ElectronContinuityEquation"	RelError: 1.48488e-02	AbsError: 1.93561e+14
      Equation: "HoleContinuityEquation"	RelError: 1.46566e-02	AbsError: 1.57018e+14
      Equation: "PotentialEquation"	RelError: 1.75539e-02	AbsError: 3.81900e-04
    Region: "gate"	RelError: 1.98926e-08	AbsError: 9.67366e+11
      Equation: "ElectronContinuityEquation"	RelError: 9.73485e-09	AbsError: 9.67366e+11
      Equation: "HoleContinuityEquation"	RelError: 9.73485e-09	AbsError: 9.79642e-09
      Equation: "PotentialEquation"	RelError: 4.22895e-10	AbsError: 2.52008e-10
    Region: "oxide"	RelError: 2.20992e-05	AbsError: 7.87034e-07
      Equation: "PotentialEquation"	RelError: 2.20992e-05	AbsError: 7.87034e-07
Iteration: 38
  Device: "mos2d"	RelError: 4.46468e-02	AbsError: 3.32257e+14
    Region: "bulk"	RelError: 4.46278e-02	AbsError: 3.32257e+14
      Equation: "ElectronContinuityEquation"	RelError: 1.40653e-02	AbsError: 1.83146e+14
      Equation: "HoleContinuityEquation"	RelError: 1.38922e-02	AbsError: 1.49111e+14
      Equation: "PotentialEquation"	RelError: 1.66703e-02	AbsError: 3.61866e-04
    Region: "gate"	RelError: 1.70888e-08	AbsError: 8.31018e+11
      Equation: "ElectronContinuityEquation"	RelError: 8.36274e-09	AbsError: 8.31018e+11
      Equation: "HoleContinuityEquation"	RelError: 8.36274e-09	AbsError: 8.41563e-09
      Equation: "PotentialEquation"	RelError: 3.63289e-10	AbsError: 2.16488e-10
    Region: "oxide"	RelError: 1.89825e-05	AbsError: 6.76126e-07
      Equation: "PotentialEquation"	RelError: 1.89825e-05	AbsError: 6.76126e-07
Iteration: 39
  Device: "mos2d"	RelError: 4.25746e-02	AbsError: 3.15276e+14
    Region: "bulk"	RelError: 4.25583e-02	AbsError: 3.15276e+14
      Equation: "ElectronContinuityEquation"	RelError: 1.33404e-02	AbsError: 1.73513e+14
      Equation: "HoleContinuityEquation"	RelError: 1.31840e-02	AbsError: 1.41763e+14
      Equation: "PotentialEquation"	RelError: 1.60339e-02	AbsError: 3.43316e-04
    Region: "gate"	RelError: 1.47058e-08	AbsError: 7.15134e+11
      Equation: "ElectronContinuityEquation"	RelError: 7.19658e-09	AbsError: 7.15134e+11
      Equation: "HoleContinuityEquation"	RelError: 7.19658e-09	AbsError: 7.24209e-09
      Equation: "PotentialEquation"	RelError: 3.12629e-10	AbsError: 1.86299e-10
    Region: "oxide"	RelError: 1.63338e-05	AbsError: 5.81862e-07
      Equation: "PotentialEquation"	RelError: 1.63338e-05	AbsError: 5.81862e-07
Iteration: 40
  Device: "mos2d"	RelError: 4.06402e-02	AbsError: 2.99503e+14
    Region: "bulk"	RelError: 4.06261e-02	AbsError: 2.99503e+14
      Equation: "ElectronContinuityEquation"	RelError: 1.26679e-02	AbsError: 1.64583e+14
      Equation: "HoleContinuityEquation"	RelError: 1.25264e-02	AbsError: 1.34920e+14
      Equation: "PotentialEquation"	RelError: 1.54318e-02	AbsError: 3.26100e-04
    Region: "gate"	RelError: 1.26763e-08	AbsError: 6.16441e+11
      Equation: "ElectronContinuityEquation"	RelError: 6.20340e-09	AbsError: 6.16441e+11
      Equation: "HoleContinuityEquation"	RelError: 6.20340e-09	AbsError: 6.24264e-09
      Equation: "PotentialEquation"	RelError: 2.69484e-10	AbsError: 1.60589e-10
    Region: "oxide"	RelError: 1.40781e-05	AbsError: 5.01580e-07
      Equation: "PotentialEquation"	RelError: 1.40781e-05	AbsError: 5.01580e-07
Iteration: 41
  Device: "mos2d"	RelError: 3.88303e-02	AbsError: 2.84819e+14
    Region: "bulk"	RelError: 3.88181e-02	AbsError: 2.84819e+14
      Equation: "ElectronContinuityEquation"	RelError: 1.20426e-02	AbsError: 1.56286e+14
      Equation: "HoleContinuityEquation"	RelError: 1.19143e-02	AbsError: 1.28534e+14
      Equation: "PotentialEquation"	RelError: 1.48611e-02	AbsError: 3.10086e-04
    Region: "gate"	RelError: 1.09446e-08	AbsError: 5.32231e+11
      Equation: "ElectronContinuityEquation"	RelError: 5.35597e-09	AbsError: 5.32231e+11
      Equation: "HoleContinuityEquation"	RelError: 5.35597e-09	AbsError: 5.38985e-09
      Equation: "PotentialEquation"	RelError: 2.32671e-10	AbsError: 1.38651e-10
    Region: "oxide"	RelError: 1.21535e-05	AbsError: 4.33076e-07
      Equation: "PotentialEquation"	RelError: 1.21535e-05	AbsError: 4.33076e-07
Iteration: 42
  Device: "mos2d"	RelError: 3.71335e-02	AbsError: 2.71123e+14
    Region: "bulk"	RelError: 3.71229e-02	AbsError: 2.71123e+14
      Equation: "ElectronContinuityEquation"	RelError: 1.14601e-02	AbsError: 1.48561e+14
      Equation: "HoleContinuityEquation"	RelError: 1.13436e-02	AbsError: 1.22563e+14
      Equation: "PotentialEquation"	RelError: 1.43192e-02	AbsError: 2.95159e-04
    Region: "gate"	RelError: 9.46453e-09	AbsError: 4.60255e+11
      Equation: "ElectronContinuityEquation"	RelError: 4.63166e-09	AbsError: 4.60255e+11
      Equation: "HoleContinuityEquation"	RelError: 4.63166e-09	AbsError: 4.66096e-09
      Equation: "PotentialEquation"	RelError: 2.01206e-10	AbsError: 1.19901e-10
    Region: "oxide"	RelError: 1.05087e-05	AbsError: 3.74524e-07
      Equation: "PotentialEquation"	RelError: 1.05087e-05	AbsError: 3.74524e-07
Iteration: 43
  Device: "mos2d"	RelError: 3.55397e-02	AbsError: 2.58324e+14
    Region: "bulk"	RelError: 3.55306e-02	AbsError: 2.58324e+14
      Equation: "ElectronContinuityEquation"	RelError: 1.09164e-02	AbsError: 1.41354e+14
      Equation: "HoleContinuityEquation"	RelError: 1.08104e-02	AbsError: 1.16970e+14
      Equation: "PotentialEquation"	RelError: 1.38039e-02	AbsError: 2.81219e-04
    Region: "gate"	RelError: 8.19749e-09	AbsError: 3.98639e+11
      Equation: "ElectronContinuityEquation"	RelError: 4.01161e-09	AbsError: 3.98639e+11
      Equation: "HoleContinuityEquation"	RelError: 4.01161e-09	AbsError: 4.03698e-09
      Equation: "PotentialEquation"	RelError: 1.74270e-10	AbsError: 1.03849e-10
    Region: "oxide"	RelError: 9.10077e-06	AbsError: 3.24397e-07
      Equation: "PotentialEquation"	RelError: 9.10077e-06	AbsError: 3.24397e-07
Iteration: 44
  Device: "mos2d"	RelError: 3.40402e-02	AbsError: 2.46341e+14
    Region: "bulk"	RelError: 3.40323e-02	AbsError: 2.46341e+14
      Equation: "ElectronContinuityEquation"	RelError: 1.04079e-02	AbsError: 1.34618e+14
      Equation: "HoleContinuityEquation"	RelError: 1.03112e-02	AbsError: 1.11723e+14
      Equation: "PotentialEquation"	RelError: 1.33131e-02	AbsError: 2.68177e-04
    Region: "gate"	RelError: 7.11121e-09	AbsError: 3.45814e+11
      Equation: "ElectronContinuityEquation"	RelError: 3.48001e-09	AbsError: 3.45814e+11
      Equation: "HoleContinuityEquation"	RelError: 3.48001e-09	AbsError: 3.50203e-09
      Equation: "PotentialEquation"	RelError: 1.51177e-10	AbsError: 9.00878e-11
    Region: "oxide"	RelError: 7.89377e-06	AbsError: 2.81422e-07
      Equation: "PotentialEquation"	RelError: 7.89377e-06	AbsError: 2.81422e-07
Iteration: 45
  Device: "mos2d"	RelError: 3.26269e-02	AbsError: 2.35105e+14
    Region: "bulk"	RelError: 3.26200e-02	AbsError: 2.35105e+14
      Equation: "ElectronContinuityEquation"	RelError: 9.93151e-03	AbsError: 1.28313e+14
      Equation: "HoleContinuityEquation"	RelError: 9.84331e-03	AbsError: 1.06792e+14
      Equation: "PotentialEquation"	RelError: 1.28452e-02	AbsError: 2.55955e-04
    Region: "gate"	RelError: 6.17861e-09	AbsError: 3.00463e+11
      Equation: "ElectronContinuityEquation"	RelError: 3.02363e-09	AbsError: 3.00463e+11
      Equation: "HoleContinuityEquation"	RelError: 3.02363e-09	AbsError: 3.04276e-09
      Equation: "PotentialEquation"	RelError: 1.31351e-10	AbsError: 7.82733e-11
    Region: "oxide"	RelError: 6.85762e-06	AbsError: 2.44525e-07
      Equation: "PotentialEquation"	RelError: 6.85762e-06	AbsError: 2.44525e-07
Iteration: 46
  Device: "mos2d"	RelError: 3.12928e-02	AbsError: 2.24552e+14
    Region: "bulk"	RelError: 3.12869e-02	AbsError: 2.24552e+14
      Equation: "ElectronContinuityEquation"	RelError: 9.48454e-03	AbsError: 1.22400e+14
      Equation: "HoleContinuityEquation"	RelError: 9.40392e-03	AbsError: 1.02152e+14
      Equation: "PotentialEquation"	RelError: 1.23984e-02	AbsError: 2.44483e-04
    Region: "gate"	RelError: 5.37691e-09	AbsError: 2.61476e+11
      Equation: "ElectronContinuityEquation"	RelError: 2.63130e-09	AbsError: 2.61476e+11
      Equation: "HoleContinuityEquation"	RelError: 2.63130e-09	AbsError: 2.64794e-09
      Equation: "PotentialEquation"	RelError: 1.14307e-10	AbsError: 6.81169e-11
    Region: "oxide"	RelError: 5.96696e-06	AbsError: 2.12806e-07
      Equation: "PotentialEquation"	RelError: 5.96696e-06	AbsError: 2.12806e-07
Iteration: 47
  Device: "mos2d"	RelError: 3.00318e-02	AbsError: 2.14627e+14
    Region: "bulk"	RelError: 3.00266e-02	AbsError: 2.14627e+14
      Equation: "ElectronContinuityEquation"	RelError: 9.06451e-03	AbsError: 1.16848e+14
      Equation: "HoleContinuityEquation"	RelError: 8.99071e-03	AbsError: 9.77788e+13
      Equation: "PotentialEquation"	RelError: 1.19714e-02	AbsError: 2.33698e-04
    Region: "gate"	RelError: 4.68685e-09	AbsError: 2.27919e+11
      Equation: "ElectronContinuityEquation"	RelError: 2.29360e-09	AbsError: 2.27919e+11
      Equation: "HoleContinuityEquation"	RelError: 2.29360e-09	AbsError: 2.30811e-09
      Equation: "PotentialEquation"	RelError: 9.96373e-11	AbsError: 5.93750e-11
    Region: "oxide"	RelError: 5.20040e-06	AbsError: 1.85503e-07
      Equation: "PotentialEquation"	RelError: 5.20040e-06	AbsError: 1.85503e-07
Iteration: 48
  Device: "mos2d"	RelError: 2.88382e-02	AbsError: 2.05279e+14
    Region: "bulk"	RelError: 2.88337e-02	AbsError: 2.05279e+14
      Equation: "ElectronContinuityEquation"	RelError: 8.66923e-03	AbsError: 1.11626e+14
      Equation: "HoleContinuityEquation"	RelError: 8.60159e-03	AbsError: 9.36526e+13
      Equation: "PotentialEquation"	RelError: 1.15628e-02	AbsError: 2.23545e-04
    Region: "gate"	RelError: 4.09216e-09	AbsError: 1.98999e+11
      Equation: "ElectronContinuityEquation"	RelError: 2.00258e-09	AbsError: 1.98999e+11
      Equation: "HoleContinuityEquation"	RelError: 2.00258e-09	AbsError: 2.01525e-09
      Equation: "PotentialEquation"	RelError: 8.69948e-11	AbsError: 5.18412e-11
    Region: "oxide"	RelError: 4.53985e-06	AbsError: 1.61973e-07
      Equation: "PotentialEquation"	RelError: 4.53985e-06	AbsError: 1.61973e-07
Iteration: 49
  Device: "mos2d"	RelError: 2.77070e-02	AbsError: 1.96463e+14
    Region: "bulk"	RelError: 2.77030e-02	AbsError: 1.96463e+14
      Equation: "ElectronContinuityEquation"	RelError: 8.29675e-03	AbsError: 1.06709e+14
      Equation: "HoleContinuityEquation"	RelError: 8.23467e-03	AbsError: 8.97542e+13
      Equation: "PotentialEquation"	RelError: 1.11716e-02	AbsError: 2.13975e-04
    Region: "gate"	RelError: 3.57905e-09	AbsError: 1.74047e+11
      Equation: "ElectronContinuityEquation"	RelError: 1.75148e-09	AbsError: 1.74047e+11
      Equation: "HoleContinuityEquation"	RelError: 1.75148e-09	AbsError: 1.76256e-09
      Equation: "PotentialEquation"	RelError: 7.60868e-11	AbsError: 4.53410e-11
    Region: "oxide"	RelError: 3.96996e-06	AbsError: 1.41671e-07
      Equation: "PotentialEquation"	RelError: 3.96996e-06	AbsError: 1.41671e-07
Iteration: 50
  Device: "mos2d"	RelError: 2.66336e-02	AbsError: 1.88140e+14
    Region: "bulk"	RelError: 2.66301e-02	AbsError: 1.88140e+14
      Equation: "ElectronContinuityEquation"	RelError: 7.94528e-03	AbsError: 1.02073e+14
      Equation: "HoleContinuityEquation"	RelError: 7.88826e-03	AbsError: 8.60668e+13
      Equation: "PotentialEquation"	RelError: 1.07966e-02	AbsError: 2.04942e-04
    Region: "gate"	RelError: 3.13582e-09	AbsError: 1.52493e+11
      Equation: "ElectronContinuityEquation"	RelError: 1.53458e-09	AbsError: 1.52493e+11
      Equation: "HoleContinuityEquation"	RelError: 1.53458e-09	AbsError: 1.54428e-09
      Equation: "PotentialEquation"	RelError: 6.66642e-11	AbsError: 3.97259e-11
    Region: "oxide"	RelError: 3.47773e-06	AbsError: 1.24132e-07
      Equation: "PotentialEquation"	RelError: 3.47773e-06	AbsError: 1.24132e-07
Iteration: 51
  Device: "mos2d"	RelError: 2.56140e-02	AbsError: 1.80272e+14
    Region: "bulk"	RelError: 2.56109e-02	AbsError: 1.80272e+14
      Equation: "ElectronContinuityEquation"	RelError: 7.61326e-03	AbsError: 9.76965e+13
      Equation: "HoleContinuityEquation"	RelError: 7.56081e-03	AbsError: 8.25751e+13
      Equation: "PotentialEquation"	RelError: 1.04368e-02	AbsError: 1.96406e-04
    Region: "gate"	RelError: 2.75250e-09	AbsError: 1.33853e+11
      Equation: "ElectronContinuityEquation"	RelError: 1.34699e-09	AbsError: 1.33853e+11
      Equation: "HoleContinuityEquation"	RelError: 1.34699e-09	AbsError: 1.35551e-09
      Equation: "PotentialEquation"	RelError: 5.85153e-11	AbsError: 3.48699e-11
    Region: "oxide"	RelError: 3.05208e-06	AbsError: 1.08964e-07
      Equation: "PotentialEquation"	RelError: 3.05208e-06	AbsError: 1.08964e-07
Iteration: 52
  Device: "mos2d"	RelError: 2.46444e-02	AbsError: 1.72826e+14
    Region: "bulk"	RelError: 2.46417e-02	AbsError: 1.72826e+14
      Equation: "ElectronContinuityEquation"	RelError: 7.29925e-03	AbsError: 9.35604e+13
      Equation: "HoleContinuityEquation"	RelError: 7.25096e-03	AbsError: 7.92653e+13
      Equation: "PotentialEquation"	RelError: 1.00915e-02	AbsError: 1.88331e-04
    Region: "gate"	RelError: 2.42062e-09	AbsError: 1.17713e+11
      Equation: "ElectronContinuityEquation"	RelError: 1.18458e-09	AbsError: 1.17713e+11
      Equation: "HoleContinuityEquation"	RelError: 1.18458e-09	AbsError: 1.19207e-09
      Equation: "PotentialEquation"	RelError: 5.14598e-11	AbsError: 3.06655e-11
    Region: "oxide"	RelError: 2.68357e-06	AbsError: 9.58313e-08
      Equation: "PotentialEquation"	RelError: 2.68357e-06	AbsError: 9.58313e-08
Iteration: 53
  Device: "mos2d"	RelError: 2.37214e-02	AbsError: 1.65772e+14
    Region: "bulk"	RelError: 2.37191e-02	AbsError: 1.65772e+14
      Equation: "ElectronContinuityEquation"	RelError: 7.00194e-03	AbsError: 8.96473e+13
      Equation: "HoleContinuityEquation"	RelError: 6.95743e-03	AbsError: 7.61248e+13
      Equation: "PotentialEquation"	RelError: 9.75970e-03	AbsError: 1.80684e-04
    Region: "gate"	RelError: 2.13294e-09	AbsError: 1.03724e+11
      Equation: "ElectronContinuityEquation"	RelError: 1.04380e-09	AbsError: 1.03724e+11
      Equation: "HoleContinuityEquation"	RelError: 1.04380e-09	AbsError: 1.05040e-09
      Equation: "PotentialEquation"	RelError: 4.53439e-11	AbsError: 2.70210e-11
    Region: "oxide"	RelError: 2.36418e-06	AbsError: 8.44469e-08
      Equation: "PotentialEquation"	RelError: 2.36418e-06	AbsError: 8.44469e-08
Iteration: 54
  Device: "mos2d"	RelError: 2.28421e-02	AbsError: 1.59084e+14
    Region: "bulk"	RelError: 2.28400e-02	AbsError: 1.59084e+14
      Equation: "ElectronContinuityEquation"	RelError: 6.72016e-03	AbsError: 8.59415e+13
      Equation: "HoleContinuityEquation"	RelError: 6.67911e-03	AbsError: 7.31421e+13
      Equation: "PotentialEquation"	RelError: 9.44077e-03	AbsError: 1.73434e-04
    Region: "gate"	RelError: 1.88327e-09	AbsError: 9.15826e+10
      Equation: "ElectronContinuityEquation"	RelError: 9.21619e-10	AbsError: 9.15826e+10
      Equation: "HoleContinuityEquation"	RelError: 9.21619e-10	AbsError: 9.27448e-10
      Equation: "PotentialEquation"	RelError: 4.00364e-11	AbsError: 2.38581e-11
    Region: "oxide"	RelError: 2.08703e-06	AbsError: 7.45668e-08
      Equation: "PotentialEquation"	RelError: 2.08703e-06	AbsError: 7.45668e-08
Iteration: 55
  Device: "mos2d"	RelError: 2.20036e-02	AbsError: 1.52736e+14
    Region: "bulk"	RelError: 2.20018e-02	AbsError: 1.52736e+14
      Equation: "ElectronContinuityEquation"	RelError: 6.45284e-03	AbsError: 8.24286e+13
      Equation: "HoleContinuityEquation"	RelError: 6.41493e-03	AbsError: 7.03069e+13
      Equation: "PotentialEquation"	RelError: 9.13399e-03	AbsError: 1.66555e-04
    Region: "gate"	RelError: 1.66635e-09	AbsError: 8.10338e+10
      Equation: "ElectronContinuityEquation"	RelError: 8.15464e-10	AbsError: 8.10338e+10
      Equation: "HoleContinuityEquation"	RelError: 8.15464e-10	AbsError: 8.20622e-10
      Equation: "PotentialEquation"	RelError: 3.54249e-11	AbsError: 2.11101e-11
    Region: "oxide"	RelError: 1.84625e-06	AbsError: 6.59820e-08
      Equation: "PotentialEquation"	RelError: 1.84625e-06	AbsError: 6.59820e-08
Iteration: 56
  Device: "mos2d"	RelError: 2.12033e-02	AbsError: 1.46705e+14
    Region: "bulk"	RelError: 2.12017e-02	AbsError: 1.46705e+14
      Equation: "ElectronContinuityEquation"	RelError: 6.19900e-03	AbsError: 7.90955e+13
      Equation: "HoleContinuityEquation"	RelError: 6.16397e-03	AbsError: 6.76094e+13
      Equation: "PotentialEquation"	RelError: 8.83874e-03	AbsError: 1.60021e-04
    Region: "gate"	RelError: 1.47765e-09	AbsError: 7.18574e+10
      Equation: "ElectronContinuityEquation"	RelError: 7.23119e-10	AbsError: 7.18574e+10
      Equation: "HoleContinuityEquation"	RelError: 7.23118e-10	AbsError: 7.27692e-10
      Equation: "PotentialEquation"	RelError: 3.14132e-11	AbsError: 1.87195e-11
    Region: "oxide"	RelError: 1.63682e-06	AbsError: 5.85138e-08
      Equation: "PotentialEquation"	RelError: 1.63682e-06	AbsError: 5.85138e-08
Iteration: 57
  Device: "mos2d"	RelError: 2.04390e-02	AbsError: 1.40971e+14
    Region: "bulk"	RelError: 2.04375e-02	AbsError: 1.40971e+14
      Equation: "ElectronContinuityEquation"	RelError: 5.95774e-03	AbsError: 7.59303e+13
      Equation: "HoleContinuityEquation"	RelError: 5.92535e-03	AbsError: 6.50410e+13
      Equation: "PotentialEquation"	RelError: 8.55443e-03	AbsError: 1.53809e-04
    Region: "gate"	RelError: 1.31329e-09	AbsError: 6.38647e+10
      Equation: "ElectronContinuityEquation"	RelError: 6.42687e-10	AbsError: 6.38647e+10
      Equation: "HoleContinuityEquation"	RelError: 6.42687e-10	AbsError: 6.46752e-10
      Equation: "PotentialEquation"	RelError: 2.79192e-11	AbsError: 1.66374e-11
    Region: "oxide"	RelError: 1.45443e-06	AbsError: 5.20088e-08
      Equation: "PotentialEquation"	RelError: 1.45443e-06	AbsError: 5.20088e-08
Iteration: 58
  Device: "mos2d"	RelError: 1.97084e-02	AbsError: 1.35515e+14
    Region: "bulk"	RelError: 1.97071e-02	AbsError: 1.35515e+14
      Equation: "ElectronContinuityEquation"	RelError: 5.72826e-03	AbsError: 7.29219e+13
      Equation: "HoleContinuityEquation"	RelError: 5.69828e-03	AbsError: 6.25935e+13
      Equation: "PotentialEquation"	RelError: 8.28054e-03	AbsError: 1.47900e-04
    Region: "gate"	RelError: 1.16996e-09	AbsError: 5.68944e+10
      Equation: "ElectronContinuityEquation"	RelError: 5.72543e-10	AbsError: 5.68944e+10
      Equation: "HoleContinuityEquation"	RelError: 5.72543e-10	AbsError: 5.76164e-10
      Equation: "PotentialEquation"	RelError: 2.48720e-11	AbsError: 1.48215e-11
    Region: "oxide"	RelError: 1.29539e-06	AbsError: 4.63357e-08
      Equation: "PotentialEquation"	RelError: 1.29539e-06	AbsError: 4.63357e-08
Iteration: 59
  Device: "mos2d"	RelError: 1.90095e-02	AbsError: 1.30320e+14
    Region: "bulk"	RelError: 1.90084e-02	AbsError: 1.30320e+14
      Equation: "ElectronContinuityEquation"	RelError: 5.50979e-03	AbsError: 7.00604e+13
      Equation: "HoleContinuityEquation"	RelError: 5.48202e-03	AbsError: 6.02597e+13
      Equation: "PotentialEquation"	RelError: 8.01655e-03	AbsError: 1.42273e-04
    Region: "gate"	RelError: 1.04479e-09	AbsError: 5.08077e+10
      Equation: "ElectronContinuityEquation"	RelError: 5.11290e-10	AbsError: 5.08077e+10
      Equation: "HoleContinuityEquation"	RelError: 5.11290e-10	AbsError: 5.14524e-10
      Equation: "PotentialEquation"	RelError: 2.22112e-11	AbsError: 1.32359e-11
    Region: "oxide"	RelError: 1.15653e-06	AbsError: 4.13814e-08
      Equation: "PotentialEquation"	RelError: 1.15653e-06	AbsError: 4.13814e-08
Iteration: 60
  Device: "mos2d"	RelError: 1.83406e-02	AbsError: 1.25369e+14
    Region: "bulk"	RelError: 1.83396e-02	AbsError: 1.25369e+14
      Equation: "ElectronContinuityEquation"	RelError: 5.30166e-03	AbsError: 6.73365e+13
      Equation: "HoleContinuityEquation"	RelError: 5.27592e-03	AbsError: 5.80326e+13
      Equation: "PotentialEquation"	RelError: 7.76200e-03	AbsError: 1.36912e-04
    Region: "gate"	RelError: 9.35342e-10	AbsError: 4.54890e+10
      Equation: "ElectronContinuityEquation"	RelError: 4.57729e-10	AbsError: 4.54890e+10
      Equation: "HoleContinuityEquation"	RelError: 4.57729e-10	AbsError: 4.60624e-10
      Equation: "PotentialEquation"	RelError: 1.98843e-11	AbsError: 1.18493e-11
    Region: "oxide"	RelError: 1.03512e-06	AbsError: 3.70491e-08
      Equation: "PotentialEquation"	RelError: 1.03512e-06	AbsError: 3.70491e-08
Iteration: 61
  Device: "mos2d"	RelError: 1.77000e-02	AbsError: 1.20648e+14
    Region: "bulk"	RelError: 1.76991e-02	AbsError: 1.20648e+14
      Equation: "ElectronContinuityEquation"	RelError: 5.10323e-03	AbsError: 6.47418e+13
      Equation: "HoleContinuityEquation"	RelError: 5.07936e-03	AbsError: 5.59059e+13
      Equation: "PotentialEquation"	RelError: 7.51647e-03	AbsError: 1.31799e-04
    Region: "gate"	RelError: 8.39502e-10	AbsError: 4.08328e+10
      Equation: "ElectronContinuityEquation"	RelError: 4.10828e-10	AbsError: 4.08328e+10
      Equation: "HoleContinuityEquation"	RelError: 4.10828e-10	AbsError: 4.13426e-10
      Equation: "PotentialEquation"	RelError: 1.78469e-11	AbsError: 1.06351e-11
    Region: "oxide"	RelError: 9.28820e-07	AbsError: 3.32553e-08
      Equation: "PotentialEquation"	RelError: 9.28820e-07	AbsError: 3.32553e-08
Iteration: 62
  Device: "mos2d"	RelError: 1.70860e-02	AbsError: 1.16142e+14
    Region: "bulk"	RelError: 1.70852e-02	AbsError: 1.16142e+14
      Equation: "ElectronContinuityEquation"	RelError: 4.91391e-03	AbsError: 6.22684e+13
      Equation: "HoleContinuityEquation"	RelError: 4.89176e-03	AbsError: 5.38739e+13
      Equation: "PotentialEquation"	RelError: 7.27954e-03	AbsError: 1.26920e-04
    Region: "gate"	RelError: 7.55455e-10	AbsError: 3.67493e+10
      Equation: "ElectronContinuityEquation"	RelError: 3.69698e-10	AbsError: 3.67493e+10
      Equation: "HoleContinuityEquation"	RelError: 3.69698e-10	AbsError: 3.72036e-10
      Equation: "PotentialEquation"	RelError: 1.60601e-11	AbsError: 9.57042e-12
    Region: "oxide"	RelError: 8.35616e-07	AbsError: 2.99283e-08
      Equation: "PotentialEquation"	RelError: 8.35616e-07	AbsError: 2.99283e-08
Iteration: 63
  Device: "mos2d"	RelError: 1.64974e-02	AbsError: 1.11840e+14
    Region: "bulk"	RelError: 1.64966e-02	AbsError: 1.11840e+14
      Equation: "ElectronContinuityEquation"	RelError: 4.73317e-03	AbsError: 5.99091e+13
      Equation: "HoleContinuityEquation"	RelError: 4.71260e-03	AbsError: 5.19311e+13
      Equation: "PotentialEquation"	RelError: 7.05083e-03	AbsError: 1.22262e-04
    Region: "gate"	RelError: 6.81639e-10	AbsError: 3.31625e+10
      Equation: "ElectronContinuityEquation"	RelError: 3.33574e-10	AbsError: 3.31625e+10
      Equation: "HoleContinuityEquation"	RelError: 3.33574e-10	AbsError: 3.35684e-10
      Equation: "PotentialEquation"	RelError: 1.44909e-11	AbsError: 8.63526e-12
    Region: "oxide"	RelError: 7.53769e-07	AbsError: 2.70060e-08
      Equation: "PotentialEquation"	RelError: 7.53769e-07	AbsError: 2.70060e-08
Iteration: 64
  Device: "mos2d"	RelError: 1.59326e-02	AbsError: 1.07730e+14
    Region: "bulk"	RelError: 1.59319e-02	AbsError: 1.07730e+14
      Equation: "ElectronContinuityEquation"	RelError: 4.56051e-03	AbsError: 5.76573e+13
      Equation: "HoleContinuityEquation"	RelError: 4.54139e-03	AbsError: 5.00725e+13
      Equation: "PotentialEquation"	RelError: 6.82999e-03	AbsError: 1.17811e-04
    Region: "gate"	RelError: 6.16705e-10	AbsError: 3.00071e+10
      Equation: "ElectronContinuityEquation"	RelError: 3.01797e-10	AbsError: 3.00071e+10
      Equation: "HoleContinuityEquation"	RelError: 3.01797e-10	AbsError: 3.03706e-10
      Equation: "PotentialEquation"	RelError: 1.31104e-11	AbsError: 7.81263e-12
    Region: "oxide"	RelError: 6.81782e-07	AbsError: 2.44353e-08
      Equation: "PotentialEquation"	RelError: 6.81782e-07	AbsError: 2.44353e-08
Iteration: 65
  Device: "mos2d"	RelError: 1.53905e-02	AbsError: 1.03800e+14
    Region: "bulk"	RelError: 1.53898e-02	AbsError: 1.03800e+14
      Equation: "ElectronContinuityEquation"	RelError: 4.39546e-03	AbsError: 5.55067e+13
      Equation: "HoleContinuityEquation"	RelError: 4.37769e-03	AbsError: 4.82935e+13
      Equation: "PotentialEquation"	RelError: 6.61668e-03	AbsError: 1.13556e-04
    Region: "gate"	RelError: 5.59489e-10	AbsError: 2.72265e+10
      Equation: "ElectronContinuityEquation"	RelError: 2.73797e-10	AbsError: 2.72265e+10
      Equation: "HoleContinuityEquation"	RelError: 2.73797e-10	AbsError: 2.75529e-10
      Equation: "PotentialEquation"	RelError: 1.18941e-11	AbsError: 7.08784e-12
    Region: "oxide"	RelError: 6.18363e-07	AbsError: 2.21700e-08
      Equation: "PotentialEquation"	RelError: 6.18363e-07	AbsError: 2.21700e-08
Iteration: 66
  Device: "mos2d"	RelError: 1.48698e-02	AbsError: 1.00042e+14
    Region: "bulk"	RelError: 1.48693e-02	AbsError: 1.00042e+14
      Equation: "ElectronContinuityEquation"	RelError: 4.23761e-03	AbsError: 5.34517e+13
      Equation: "HoleContinuityEquation"	RelError: 4.22107e-03	AbsError: 4.65898e+13
      Equation: "PotentialEquation"	RelError: 6.41060e-03	AbsError: 1.09486e-04
    Region: "gate"	RelError: 5.08988e-10	AbsError: 2.47721e+10
      Equation: "ElectronContinuityEquation"	RelError: 2.49084e-10	AbsError: 2.47721e+10
      Equation: "HoleContinuityEquation"	RelError: 2.49084e-10	AbsError: 2.50659e-10
      Equation: "PotentialEquation"	RelError: 1.08204e-11	AbsError: 6.44803e-12
    Region: "oxide"	RelError: 5.62396e-07	AbsError: 2.01704e-08
      Equation: "PotentialEquation"	RelError: 5.62396e-07	AbsError: 2.01704e-08
Iteration: 67
  Device: "mos2d"	RelError: 1.43697e-02	AbsError: 9.64443e+13
    Region: "bulk"	RelError: 1.43691e-02	AbsError: 9.64443e+13
      Equation: "ElectronContinuityEquation"	RelError: 4.08654e-03	AbsError: 5.14869e+13
      Equation: "HoleContinuityEquation"	RelError: 4.07115e-03	AbsError: 4.49574e+13
      Equation: "PotentialEquation"	RelError: 6.21144e-03	AbsError: 1.05590e-04
    Region: "gate"	RelError: 4.64332e-10	AbsError: 2.26016e+10
      Equation: "ElectronContinuityEquation"	RelError: 2.27231e-10	AbsError: 2.26016e+10
      Equation: "HoleContinuityEquation"	RelError: 2.27231e-10	AbsError: 2.28668e-10
      Equation: "PotentialEquation"	RelError: 9.87114e-12	AbsError: 5.88233e-12
    Region: "oxide"	RelError: 5.12917e-07	AbsError: 1.84023e-08
      Equation: "PotentialEquation"	RelError: 5.12917e-07	AbsError: 1.84023e-08
Iteration: 68
  Device: "mos2d"	RelError: 1.38889e-02	AbsError: 9.29998e+13
    Region: "bulk"	RelError: 1.38884e-02	AbsError: 9.29998e+13
      Equation: "ElectronContinuityEquation"	RelError: 3.94190e-03	AbsError: 4.96074e+13
      Equation: "HoleContinuityEquation"	RelError: 3.92757e-03	AbsError: 4.33925e+13
      Equation: "PotentialEquation"	RelError: 6.01893e-03	AbsError: 1.01859e-04
    Region: "gate"	RelError: 4.24774e-10	AbsError: 2.06786e+10
      Equation: "ElectronContinuityEquation"	RelError: 2.07871e-10	AbsError: 2.06786e+10
      Equation: "HoleContinuityEquation"	RelError: 2.07872e-10	AbsError: 2.09187e-10
      Equation: "PotentialEquation"	RelError: 9.03028e-12	AbsError: 5.38124e-12
    Region: "oxide"	RelError: 4.69092e-07	AbsError: 1.68358e-08
      Equation: "PotentialEquation"	RelError: 4.69092e-07	AbsError: 1.68358e-08
Iteration: 69
  Device: "mos2d"	RelError: 1.34265e-02	AbsError: 8.97000e+13
    Region: "bulk"	RelError: 1.34261e-02	AbsError: 8.97000e+13
      Equation: "ElectronContinuityEquation"	RelError: 3.80333e-03	AbsError: 4.78085e+13
      Equation: "HoleContinuityEquation"	RelError: 3.78998e-03	AbsError: 4.18915e+13
      Equation: "PotentialEquation"	RelError: 5.83280e-03	AbsError: 9.82846e-05
    Region: "gate"	RelError: 3.89682e-10	AbsError: 1.89716e+10
      Equation: "ElectronContinuityEquation"	RelError: 1.90699e-10	AbsError: 1.89716e+10
      Equation: "HoleContinuityEquation"	RelError: 1.90699e-10	AbsError: 1.91894e-10
      Equation: "PotentialEquation"	RelError: 8.28383e-12	AbsError: 4.93667e-12
    Region: "oxide"	RelError: 4.30200e-07	AbsError: 1.54453e-08
      Equation: "PotentialEquation"	RelError: 4.30200e-07	AbsError: 1.54453e-08
Iteration: 70
  Device: "mos2d"	RelError: 1.29818e-02	AbsError: 8.65374e+13
    Region: "bulk"	RelError: 1.29814e-02	AbsError: 8.65374e+13
      Equation: "ElectronContinuityEquation"	RelError: 3.67052e-03	AbsError: 4.60860e+13
      Equation: "HoleContinuityEquation"	RelError: 3.65808e-03	AbsError: 4.04514e+13
      Equation: "PotentialEquation"	RelError: 5.65281e-03	AbsError: 9.48583e-05
    Region: "gate"	RelError: 3.58494e-10	AbsError: 1.74532e+10
      Equation: "ElectronContinuityEquation"	RelError: 1.75437e-10	AbsError: 1.74532e+10
      Equation: "HoleContinuityEquation"	RelError: 1.75437e-10	AbsError: 1.76515e-10
      Equation: "PotentialEquation"	RelError: 7.62075e-12	AbsError: 4.54151e-12
    Region: "oxide"	RelError: 3.95617e-07	AbsError: 1.42085e-08
      Equation: "PotentialEquation"	RelError: 3.95617e-07	AbsError: 1.42085e-08
Iteration: 71
  Device: "mos2d"	RelError: 1.25538e-02	AbsError: 8.35047e+13
    Region: "bulk"	RelError: 1.25534e-02	AbsError: 8.35047e+13
      Equation: "ElectronContinuityEquation"	RelError: 3.54317e-03	AbsError: 4.44358e+13
      Equation: "HoleContinuityEquation"	RelError: 3.53157e-03	AbsError: 3.90689e+13
      Equation: "PotentialEquation"	RelError: 5.47871e-03	AbsError: 9.15724e-05
    Region: "gate"	RelError: 3.30695e-10	AbsError: 1.60998e+10
      Equation: "ElectronContinuityEquation"	RelError: 1.61832e-10	AbsError: 1.60998e+10
      Equation: "HoleContinuityEquation"	RelError: 1.61832e-10	AbsError: 1.62807e-10
      Equation: "PotentialEquation"	RelError: 7.02992e-12	AbsError: 4.18942e-12
    Region: "oxide"	RelError: 3.64800e-07	AbsError: 1.31061e-08
      Equation: "PotentialEquation"	RelError: 3.64800e-07	AbsError: 1.31061e-08
Iteration: 72
  Device: "mos2d"	RelError: 1.21418e-02	AbsError: 8.05956e+13
    Region: "bulk"	RelError: 1.21414e-02	AbsError: 8.05956e+13
      Equation: "ElectronContinuityEquation"	RelError: 3.42099e-03	AbsError: 4.28543e+13
      Equation: "HoleContinuityEquation"	RelError: 3.41017e-03	AbsError: 3.77412e+13
      Equation: "PotentialEquation"	RelError: 5.31028e-03	AbsError: 8.84197e-05
    Region: "gate"	RelError: 3.05861e-10	AbsError: 1.48908e+10
      Equation: "ElectronContinuityEquation"	RelError: 1.49680e-10	AbsError: 1.48908e+10
      Equation: "HoleContinuityEquation"	RelError: 1.49680e-10	AbsError: 1.50564e-10
      Equation: "PotentialEquation"	RelError: 6.50195e-12	AbsError: 3.87478e-12
    Region: "oxide"	RelError: 3.37281e-07	AbsError: 1.21214e-08
      Equation: "PotentialEquation"	RelError: 3.37281e-07	AbsError: 1.21214e-08
Iteration: 73
  Device: "mos2d"	RelError: 1.17450e-02	AbsError: 7.78037e+13
    Region: "bulk"	RelError: 1.17447e-02	AbsError: 7.78037e+13
      Equation: "ElectronContinuityEquation"	RelError: 3.30374e-03	AbsError: 4.13379e+13
      Equation: "HoleContinuityEquation"	RelError: 3.29364e-03	AbsError: 3.64657e+13
      Equation: "PotentialEquation"	RelError: 5.14732e-03	AbsError: 8.53936e-05
    Region: "gate"	RelError: 2.83629e-10	AbsError: 1.38084e+10
      Equation: "ElectronContinuityEquation"	RelError: 1.38800e-10	AbsError: 1.38084e+10
      Equation: "HoleContinuityEquation"	RelError: 1.38800e-10	AbsError: 1.39603e-10
      Equation: "PotentialEquation"	RelError: 6.02933e-12	AbsError: 3.59312e-12
    Region: "oxide"	RelError: 3.12651e-07	AbsError: 1.12398e-08
      Equation: "PotentialEquation"	RelError: 3.12651e-07	AbsError: 1.12398e-08
Iteration: 74
  Device: "mos2d"	RelError: 1.13628e-02	AbsError: 7.51232e+13
    Region: "bulk"	RelError: 1.13625e-02	AbsError: 7.51232e+13
      Equation: "ElectronContinuityEquation"	RelError: 3.19115e-03	AbsError: 3.98834e+13
      Equation: "HoleContinuityEquation"	RelError: 3.18172e-03	AbsError: 3.52399e+13
      Equation: "PotentialEquation"	RelError: 4.98961e-03	AbsError: 8.24878e-05
    Region: "gate"	RelError: 2.63678e-10	AbsError: 1.28371e+10
      Equation: "ElectronContinuityEquation"	RelError: 1.29036e-10	AbsError: 1.28371e+10
      Equation: "HoleContinuityEquation"	RelError: 1.29036e-10	AbsError: 1.29769e-10
      Equation: "PotentialEquation"	RelError: 5.60523e-12	AbsError: 3.34039e-12
    Region: "oxide"	RelError: 2.90556e-07	AbsError: 1.04488e-08
      Equation: "PotentialEquation"	RelError: 2.90556e-07	AbsError: 1.04488e-08
Iteration: 75
  Device: "mos2d"	RelError: 1.09944e-02	AbsError: 7.25488e+13
    Region: "bulk"	RelError: 1.09942e-02	AbsError: 7.25488e+13
      Equation: "ElectronContinuityEquation"	RelError: 3.08301e-03	AbsError: 3.84876e+13
      Equation: "HoleContinuityEquation"	RelError: 3.07420e-03	AbsError: 3.40613e+13
      Equation: "PotentialEquation"	RelError: 4.83696e-03	AbsError: 7.96964e-05
    Region: "gate"	RelError: 2.45733e-10	AbsError: 1.19634e+10
      Equation: "ElectronContinuityEquation"	RelError: 1.20254e-10	AbsError: 1.19634e+10
      Equation: "HoleContinuityEquation"	RelError: 1.20254e-10	AbsError: 1.20924e-10
      Equation: "PotentialEquation"	RelError: 5.22367e-12	AbsError: 3.11300e-12
    Region: "oxide"	RelError: 2.70690e-07	AbsError: 9.73726e-09
      Equation: "PotentialEquation"	RelError: 2.70690e-07	AbsError: 9.73726e-09
Iteration: 76
  Device: "mos2d"	RelError: 1.06394e-02	AbsError: 7.00754e+13
    Region: "bulk"	RelError: 1.06392e-02	AbsError: 7.00754e+13
      Equation: "ElectronContinuityEquation"	RelError: 2.97909e-03	AbsError: 3.71477e+13
      Equation: "HoleContinuityEquation"	RelError: 2.97087e-03	AbsError: 3.29277e+13
      Equation: "PotentialEquation"	RelError: 4.68920e-03	AbsError: 7.70137e-05
    Region: "gate"	RelError: 2.29552e-10	AbsError: 1.11757e+10
      Equation: "ElectronContinuityEquation"	RelError: 1.12336e-10	AbsError: 1.11757e+10
      Equation: "HoleContinuityEquation"	RelError: 1.12336e-10	AbsError: 1.12950e-10
      Equation: "PotentialEquation"	RelError: 4.87985e-12	AbsError: 2.90810e-12
    Region: "oxide"	RelError: 2.52783e-07	AbsError: 9.09574e-09
      Equation: "PotentialEquation"	RelError: 2.52783e-07	AbsError: 9.09574e-09
Iteration: 77
  Device: "mos2d"	RelError: 1.02971e-02	AbsError: 6.76981e+13
    Region: "bulk"	RelError: 1.02969e-02	AbsError: 6.76981e+13
      Equation: "ElectronContinuityEquation"	RelError: 2.87920e-03	AbsError: 3.58610e+13
      Equation: "HoleContinuityEquation"	RelError: 2.87151e-03	AbsError: 3.18371e+13
      Equation: "PotentialEquation"	RelError: 4.54615e-03	AbsError: 7.44348e-05
    Region: "gate"	RelError: 2.14926e-10	AbsError: 1.04637e+10
      Equation: "ElectronContinuityEquation"	RelError: 1.05179e-10	AbsError: 1.04637e+10
      Equation: "HoleContinuityEquation"	RelError: 1.05179e-10	AbsError: 1.05743e-10
      Equation: "PotentialEquation"	RelError: 4.56886e-12	AbsError: 2.72277e-12
    Region: "oxide"	RelError: 2.36603e-07	AbsError: 8.51591e-09
      Equation: "PotentialEquation"	RelError: 2.36603e-07	AbsError: 8.51591e-09
Iteration: 78
  Device: "mos2d"	RelError: 9.96695e-03	AbsError: 6.54124e+13
    Region: "bulk"	RelError: 9.96673e-03	AbsError: 6.54124e+13
      Equation: "ElectronContinuityEquation"	RelError: 2.78314e-03	AbsError: 3.46249e+13
      Equation: "HoleContinuityEquation"	RelError: 2.77596e-03	AbsError: 3.07875e+13
      Equation: "PotentialEquation"	RelError: 4.40763e-03	AbsError: 7.19546e-05
    Region: "gate"	RelError: 2.01673e-10	AbsError: 9.81843e+09
      Equation: "ElectronContinuityEquation"	RelError: 9.86931e-11	AbsError: 9.81843e+09
      Equation: "HoleContinuityEquation"	RelError: 9.86931e-11	AbsError: 9.92134e-11
      Equation: "PotentialEquation"	RelError: 4.28706e-12	AbsError: 2.55483e-12
    Region: "oxide"	RelError: 2.21947e-07	AbsError: 7.99051e-09
      Equation: "PotentialEquation"	RelError: 2.21947e-07	AbsError: 7.99051e-09
Iteration: 79
  Device: "mos2d"	RelError: 9.64846e-03	AbsError: 6.32141e+13
    Region: "bulk"	RelError: 9.64825e-03	AbsError: 6.32141e+13
      Equation: "ElectronContinuityEquation"	RelError: 2.69074e-03	AbsError: 3.34371e+13
      Equation: "HoleContinuityEquation"	RelError: 2.68402e-03	AbsError: 2.97770e+13
      Equation: "PotentialEquation"	RelError: 4.27350e-03	AbsError: 6.95686e-05
    Region: "gate"	RelError: 1.89634e-10	AbsError: 9.23228e+09
      Equation: "ElectronContinuityEquation"	RelError: 9.28012e-11	AbsError: 9.23228e+09
      Equation: "HoleContinuityEquation"	RelError: 9.28012e-11	AbsError: 9.32821e-11
      Equation: "PotentialEquation"	RelError: 4.03119e-12	AbsError: 2.40235e-12
    Region: "oxide"	RelError: 2.08637e-07	AbsError: 7.51323e-09
      Equation: "PotentialEquation"	RelError: 2.08637e-07	AbsError: 7.51323e-09
