$MeshFormat
2.2 0 8
$EndMeshFormat
$PhysicalNames
9
1 1 "gate_contact"
1 2 "gate_oxide_interface"
1 3 "bulk_oxide_interface"
1 4 "source_contact"
1 5 "drain_contact"
1 6 "body_contact"
2 7 "gate"
2 8 "oxide"
2 9 "bulk"
$EndPhysicalNames
$Nodes
3753
1 0 0 0
2 2.5e-05 0 0
3 7.500000000000001e-05 0 0
4 0.0001 0 0
5 0.0001 0.0001 0
6 0 0.0001 0
7 2.5e-05 -2e-05 0
8 7.500000000000001e-05 -2e-05 0
9 7.500000000000001e-05 -1e-05 0
10 2.5e-05 -1e-05 0
11 1.999999999996283e-06 0.0001 0
12 3.999999999992063e-06 0.0001 0
13 5.999999999987601e-06 0.0001 0
14 7.999999999984174e-06 0.0001 0
15 9.999999999981015e-06 0.0001 0
16 1.199999999997786e-05 0.0001 0
17 1.399999999997345e-05 0.0001 0
18 1.59999999999666e-05 0.0001 0
19 1.799999999996008e-05 0.0001 0
20 1.999999999995523e-05 0.0001 0
21 2.199999999994905e-05 0.0001 0
22 2.399999999994419e-05 0.0001 0
23 2.599999999993802e-05 0.0001 0
24 2.799999999993316e-05 0.0001 0
25 2.999999999992699e-05 0.0001 0
26 3.19999999999202e-05 0.0001 0
27 3.39999999999146e-05 0.0001 0
28 3.599999999991043e-05 0.0001 0
29 3.799999999990425e-05 0.0001 0
30 3.999999999989808e-05 0.0001 0
31 4.199999999989222e-05 0.0001 0
32 4.399999999988837e-05 0.0001 0
33 4.599999999988219e-05 0.0001 0
34 4.799999999987601e-05 0.0001 0
35 4.999999999987116e-05 0.0001 0
36 5.199999999987515e-05 0.0001 0
37 5.399999999988047e-05 0.0001 0
38 5.599999999988578e-05 0.0001 0
39 5.799999999989109e-05 0.0001 0
40 5.999999999989639e-05 0.0001 0
41 6.199999999990172e-05 0.0001 0
42 6.399999999990703e-05 0.0001 0
43 6.599999999991233e-05 0.0001 0
44 6.799999999991764e-05 0.0001 0
45 6.999999999992295e-05 0.0001 0
46 7.199999999992827e-05 0.0001 0
47 7.399999999993359e-05 0.0001 0
48 7.599999999993888e-05 0.0001 0
49 7.79999999999442e-05 0.0001 0
50 7.999999999994952e-05 0.0001 0
51 8.199999999995483e-05 0.0001 0
52 8.399999999996014e-05 0.0001 0
53 8.599999999996546e-05 0.0001 0
54 8.799999999997078e-05 0.0001 0
55 8.999999999997609e-05 0.0001 0
56 9.199999999998141e-05 0.0001 0
57 9.399999999998671e-05 0.0001 0
58 9.599999999999202e-05 0.0001 0
59 9.799999999999733e-05 0.0001 0
60 0.0001 9.532749325913582e-05 0
61 0.0001 9.16134758340818e-05 0
62 0.0001 8.645697170269675e-05 0
63 0.0001 7.92889149546152e-05 0
64 0.0001 6.991563626845165e-05 0
65 0.0001 6.02800264553307e-05 0
66 0.0001 5.064441664220818e-05 0
67 0.0001 4.110713623145571e-05 0
68 0.0001 3.353297151438739e-05 0
69 0.0001 2.808260848171362e-05 0
70 0.0001 2.416127335621423e-05 0
71 0.0001 2.133985225401471e-05 0
72 0.0001 1.927121962634607e-05 0
73 0.0001 1.73440976637112e-05 0
74 0.0001 1.541697570107633e-05 0
75 0.0001 1.348985373844147e-05 0
76 0.0001 1.156273177580659e-05 0
77 0.0001 9.635609813171705e-06 0
78 0.0001 7.708487850536838e-06 0
79 0.0001 5.781365887901971e-06 0
80 0.0001 3.854243925267105e-06 0
81 0.0001 1.927121962632224e-06 0
82 9.807692307692593e-05 0 0
83 9.615384615384922e-05 0 0
84 9.423076923078044e-05 0 0
85 9.230769230771166e-05 0 0
86 9.038461538463433e-05 0 0
87 8.846153846156615e-05 0 0
88 8.65384615384923e-05 0 0
89 8.461538461540803e-05 0 0
90 8.269230769233071e-05 0 0
91 8.076923076924605e-05 0 0
92 7.884615384616138e-05 0 0
93 7.692307692308466e-05 0 0
94 7.431110055098407e-05 0 0
95 7.346486381953363e-05 0 0
96 7.27963275602981e-05 0 0
97 7.269660040074335e-05 0 0
98 7.259687324118831e-05 0 0
99 7.249714608163327e-05 0 0
100 7.239741892207824e-05 0 0
101 7.22976917625232e-05 0 0
102 7.219796460296861e-05 0 0
103 7.209823744341425e-05 0 0
104 7.19985102838599e-05 0 0
105 7.189878312430554e-05 0 0
106 7.113265949737481e-05 0 0
107 7.037983588656592e-05 0 0
108 7.015374506042195e-05 0 0
109 7.005401790086757e-05 0 0
110 6.995429074131321e-05 0 0
111 6.98545635817584e-05 0 0
112 6.975483642220336e-05 0 0
113 6.965510926264832e-05 0 0
114 6.955538210309329e-05 0 0
115 6.945565494353875e-05 0 0
116 6.935592778398439e-05 0 0
117 6.925620062442982e-05 0 0
118 6.848029051267648e-05 0 0
119 6.775218871851924e-05 0 0
120 6.742510621415321e-05 0 0
121 6.732537905459817e-05 0 0
122 6.722565189504312e-05 0 0
123 6.712592473548851e-05 0 0
124 6.702619757593415e-05 0 0
125 6.692647041637979e-05 0 0
126 6.682674325682542e-05 0 0
127 6.672701609727106e-05 0 0
128 6.66272889377167e-05 0 0
129 6.587896068601592e-05 0 0
130 6.513296732187639e-05 0 0
131 6.480164004661927e-05 0 0
132 6.470191288706489e-05 0 0
133 6.460218572751054e-05 0 0
134 6.450245856795618e-05 0 0
135 6.440273140840148e-05 0 0
136 6.430300424884643e-05 0 0
137 6.420327708929139e-05 0 0
138 6.410354992973636e-05 0 0
139 6.400382277018155e-05 0 0
140 6.324685674028658e-05 0 0
141 6.252114826172719e-05 0 0
142 6.217976774056799e-05 0 0
143 6.208004058101296e-05 0 0
144 6.198031342145792e-05 0 0
145 6.18805862619031e-05 0 0
146 6.178085910234874e-05 0 0
147 6.168113194279413e-05 0 0
148 6.158140478323909e-05 0 0
149 6.148167762368433e-05 0 0
150 6.138195046412997e-05 0 0
151 6.06343414920749e-05 0 0
152 5.987817384930438e-05 0 0
153 5.954358341752325e-05 0 0
154 5.944385625796889e-05 0 0
155 5.934412909841453e-05 0 0
156 5.924440193886017e-05 0 0
157 5.91446747793058e-05 0 0
158 5.904494761975144e-05 0 0
159 5.894522046019694e-05 0 0
160 5.884549330064225e-05 0 0
161 5.874576614108755e-05 0 0
162 5.803620896981927e-05 0 0
163 5.726518038466235e-05 0 0
164 5.692264930433502e-05 0 0
165 5.682292214478066e-05 0 0
166 5.672319498522629e-05 0 0
167 5.662346782567194e-05 0 0
168 5.652374066611758e-05 0 0
169 5.642401350656321e-05 0 0
170 5.632428634700885e-05 0 0
171 5.622455918745449e-05 0 0
172 5.612483202790012e-05 0 0
173 5.601983447638288e-05 0 0
174 5.540378249108568e-05 0 0
175 5.46431609038262e-05 0 0
176 5.429805069954539e-05 0 0
177 5.419832353999068e-05 0 0
178 5.409859638043598e-05 0 0
179 5.399886922088129e-05 0 0
180 5.389914206132661e-05 0 0
181 5.379941490177225e-05 0 0
182 5.369968774221785e-05 0 0
183 5.359996058266315e-05 0 0
184 5.35002334231084e-05 0 0
185 5.339654641162122e-05 0 0
186 5.279124079583536e-05 0 0
187 5.202598907164107e-05 0 0
188 5.167106794696798e-05 0 0
189 5.157134078741362e-05 0 0
190 5.147161362785925e-05 0 0
191 5.13718864683049e-05 0 0
192 5.127215930875053e-05 0 0
193 5.117243214919617e-05 0 0
194 5.107270498964181e-05 0 0
195 5.097297783008744e-05 0 0
196 5.087325067053308e-05 0 0
197 5.077031950982909e-05 0 0
198 4.982940640928077e-05 0 0
199 4.912674932953163e-05 0 0
200 4.902702216997645e-05 0 0
201 4.892729501042175e-05 0 0
202 4.882756785086637e-05 0 0
203 4.8727840691311e-05 0 0
204 4.862811353175564e-05 0 0
205 4.85283863722006e-05 0 0
206 4.842865921264553e-05 0 0
207 4.832893205309016e-05 0 0
208 4.822920489353478e-05 0 0
209 4.812402585148598e-05 0 0
210 4.750622826243181e-05 0 0
211 4.674470755756541e-05 0 0
212 4.640003941738979e-05 0 0
213 4.630031225783442e-05 0 0
214 4.620058509827934e-05 0 0
215 4.61008579387243e-05 0 0
216 4.600113077916896e-05 0 0
217 4.590140361961357e-05 0 0
218 4.580167646005853e-05 0 0
219 4.57019493005035e-05 0 0
220 4.560222214094862e-05 0 0
221 4.549794495462079e-05 0 0
222 4.459621750906176e-05 0 0
223 4.398016552367238e-05 0 0
224 4.387516797214532e-05 0 0
225 4.377544081259028e-05 0 0
226 4.367571365303525e-05 0 0
227 4.357598649348021e-05 0 0
228 4.347625933392517e-05 0 0
229 4.337653217437013e-05 0 0
230 4.327680501481509e-05 0 0
231 4.317707785526006e-05 0 0
232 4.307735069570502e-05 0 0
233 4.297762353614998e-05 0 0
234 4.287455257511291e-05 0 0
235 4.227190996907825e-05 0 0
236 4.152829778659493e-05 0 0
237 4.115450669939423e-05 0 0
238 4.105477953983919e-05 0 0
239 4.095505238028415e-05 0 0
240 4.085532522072912e-05 0 0
241 4.075559806117408e-05 0 0
242 4.065587090161904e-05 0 0
243 4.0556143742064e-05 0 0
244 4.045641658250897e-05 0 0
245 4.035668942295393e-05 0 0
246 4.025508727269959e-05 0 0
247 3.936565850801317e-05 0 0
248 3.872434204126173e-05 0 0
249 3.851832237634394e-05 0 0
250 3.84185952167889e-05 0 0
251 3.831886805723386e-05 0 0
252 3.821914089767882e-05 0 0
253 3.811941373812378e-05 0 0
254 3.801968657856875e-05 0 0
255 3.79199594190137e-05 0 0
256 3.782023225945867e-05 0 0
257 3.772050509990363e-05 0 0
258 3.76183218850942e-05 0 0
259 3.675314325978823e-05 0 0
260 3.610487304635719e-05 0 0
261 3.589645007028584e-05 0 0
262 3.57967229107308e-05 0 0
263 3.569699575117577e-05 0 0
264 3.559726859162073e-05 0 0
265 3.549754143206569e-05 0 0
266 3.539781427251065e-05 0 0
267 3.529808711295562e-05 0 0
268 3.519835995340057e-05 0 0
269 3.509863279384554e-05 0 0
270 3.49975811601943e-05 0 0
271 3.412103931403713e-05 0 0
272 3.348372804367316e-05 0 0
273 3.327298390274368e-05 0 0
274 3.317325674318865e-05 0 0
275 3.307352958363361e-05 0 0
276 3.297380242407858e-05 0 0
277 3.287407526452353e-05 0 0
278 3.27743481049685e-05 0 0
279 3.267462094541346e-05 0 0
280 3.257489378585842e-05 0 0
281 3.247516662630339e-05 0 0
282 3.237478912623813e-05 0 0
283 3.151970948735492e-05 0 0
284 3.085564354498388e-05 0 0
285 3.064407221602488e-05 0 0
286 3.054434505646984e-05 0 0
287 3.04446178969148e-05 0 0
288 3.034489073735977e-05 0 0
289 3.024516357780473e-05 0 0
290 3.014543641824969e-05 0 0
291 3.004570925869465e-05 0 0
292 2.994598209913961e-05 0 0
293 2.984625493958458e-05 0 0
294 2.974604625174405e-05 0 0
295 2.886734050264395e-05 0 0
296 2.820985272250839e-05 0 0
297 2.800148971614407e-05 0 0
298 2.790176255658902e-05 0 0
299 2.780203539703399e-05 0 0
300 2.770230823747896e-05 0 0
301 2.760258107792391e-05 0 0
302 2.750285391836888e-05 0 0
303 2.740312675881384e-05 0 0
304 2.73033995992588e-05 0 0
305 2.720367243970376e-05 0 0
306 2.710259873895709e-05 0 0
307 2.618726893643391e-05 0 0
308 2.307692307692649e-05 0 0
309 2.11538461538541e-05 0 0
310 1.923076923078343e-05 0 0
311 1.730769230771084e-05 0 0
312 1.538461538463972e-05 0 0
313 1.346153846156788e-05 0 0
314 1.153846153849142e-05 0 0
315 9.615384615409405e-06 0 0
316 7.692307692327394e-06 0 0
317 5.769230769245383e-06 0 0
318 3.846153846163368e-06 0 0
319 1.92307692308135e-06 0 0
320 0 1.92712196262919e-06 0
321 0 3.854243925257965e-06 0
322 0 5.781365887886371e-06 0
323 0 7.708487850515742e-06 0
324 0 9.635609813145476e-06 0
325 0 1.156273177577521e-05 0
326 0 1.348985373840435e-05 0
327 0 1.541697570103082e-05 0
328 0 1.73440976636572e-05 0
329 0 1.927121962628477e-05 0
330 0 2.13398522539304e-05 0
331 0 2.416127335608969e-05 0
332 0 2.808260848153508e-05 0
333 0 3.353297151414036e-05 0
334 0 4.110713623111039e-05 0
335 0 5.064441664181314e-05 0
336 0 6.028002645500245e-05 0
337 0 6.991563626819203e-05 0
338 0 7.928891495443114e-05 0
339 0 8.645697170258798e-05 0
340 0 9.161347583401941e-05 0
341 0 9.532749325910258e-05 0
342 7.500000000000001e-05 -1.799987231524839e-05 0
343 7.500000000000001e-05 -1.599990423644421e-05 0
344 7.500000000000001e-05 -1.399993615763459e-05 0
345 7.500000000000001e-05 -1.19999680788165e-05 0
346 7.300000000000562e-05 -1e-05 0
347 7.100000000000858e-05 -1e-05 0
348 6.900000000001154e-05 -1e-05 0
349 6.700000000001578e-05 -1e-05 0
350 6.500000000002435e-05 -1e-05 0
351 6.300000000002763e-05 -1e-05 0
352 6.100000000003092e-05 -1e-05 0
353 5.900000000003685e-05 -1e-05 0
354 5.700000000004013e-05 -1e-05 0
355 5.500000000004712e-05 -1e-05 0
356 5.3000000000052e-05 -1e-05 0
357 5.100000000005998e-05 -1e-05 0
358 4.900000000006031e-05 -1e-05 0
359 4.700000000005782e-05 -1e-05 0
360 4.50000000000511e-05 -1e-05 0
361 4.300000000004347e-05 -1e-05 0
362 4.100000000003849e-05 -1e-05 0
363 3.900000000003351e-05 -1e-05 0
364 3.700000000002854e-05 -1e-05 0
365 3.500000000002356e-05 -1e-05 0
366 3.300000000001858e-05 -1e-05 0
367 3.100000000001361e-05 -1e-05 0
368 2.900000000000863e-05 -1e-05 0
369 2.700000000000365e-05 -1e-05 0
370 2.5e-05 -1.799987231524839e-05 0
371 2.5e-05 -1.599990423644421e-05 0
372 2.5e-05 -1.399993615763459e-05 0
373 2.5e-05 -1.19999680788165e-05 0
374 2.70281627613028e-05 -2e-05 0
375 2.902401875593056e-05 -2e-05 0
376 3.101811346481184e-05 -2e-05 0
377 3.301809675958312e-05 -2e-05 0
378 3.501906230287893e-05 -2e-05 0
379 3.701598024228544e-05 -2e-05 0
380 3.900933562746517e-05 -2e-05 0
381 4.100872883834306e-05 -2e-05 0
382 4.300986837462382e-05 -2e-05 0
383 4.500772944710183e-05 -2e-05 0
384 4.70007152675445e-05 -2e-05 0
385 4.89994012338267e-05 -2e-05 0
386 5.100059876604733e-05 -2e-05 0
387 5.29992847323397e-05 -2e-05 0
388 5.499227055279334e-05 -2e-05 0
389 5.699013162528338e-05 -2e-05 0
390 5.899127116157532e-05 -2e-05 0
391 6.099066437246381e-05 -2e-05 0
392 6.298401975765427e-05 -2e-05 0
393 6.498093769707254e-05 -2e-05 0
394 6.69819032403796e-05 -2e-05 0
395 6.89818865351616e-05 -2e-05 0
396 7.097598124405108e-05 -2e-05 0
397 7.297183723868816e-05 -2e-05 0
398 7.500000000000001e-05 -8.000000000004367e-06 0
399 7.500000000000001e-05 -6.000000000010389e-06 0
400 7.500000000000001e-05 -4.00000000001092e-06 0
401 7.500000000000001e-05 -2.000000000005559e-06 0
402 2.5e-05 -1.99999999999542e-06 0
403 2.5e-05 -3.999999999989604e-06 0
404 2.5e-05 -5.999999999989077e-06 0
405 2.5e-05 -7.99999999999444e-06 0
406 7.027046772680706e-05 2.132553377986629e-07 0
407 6.666229249108644e-05 2.630956594326823e-07 0
408 6.288400250100688e-05 4.713614836306414e-07 0
409 5.710273193431113e-05 2.611118575049975e-07 0
410 5.241768832989664e-05 3.70616692230459e-07 0
411 4.654521783671848e-05 2.097171142492724e-07 0
412 4.257323127209558e-05 3.914278546716548e-07 0
413 3.718573257244122e-05 4.680259037555873e-07 0
414 3.194724930679652e-05 4.726791603236081e-07 0
415 4.909041603419446e-05 1.961525538715432e-07 0
416 5.973810903828907e-05 2.154505247858701e-07 0
417 6.466128516488744e-05 9.192366506875888e-08 0
418 7.461546841324671e-05 6.224267415335089e-07 0
419 5.504542881660499e-05 4.250438602636414e-07 0
420 2.550560864897612e-05 8.737061876531667e-07 0
421 6.409921011832278e-05 8.486243143739599e-08 0
422 7.198275232808402e-05 2.688270858726242e-07 0
423 9.863022640353818e-05 2.02102514216109e-05 0
424 5.627442276723157e-05 8.640568847179437e-08 0
425 1.757175774594709e-06 2.032769469542821e-05 0
426 3.98398886049183e-05 4.658504442000592e-07 0
427 5.375350739602923e-05 8.402543154572612e-08 0
428 2.934458694682862e-05 4.630044482942219e-07 0
429 6.814492741551528e-05 5.244074382575103e-07 0
430 3.447627393035844e-05 5.288632645901756e-07 0
431 7.980769230770372e-05 1.665433468819487e-06 0
432 4.505029198704146e-05 4.365252640141133e-07 0
433 5.099999999987315e-05 9.82679491924315e-05 0
434 6.070005060567938e-05 9.837720801417768e-05 0
435 4.098109453236705e-05 9.815458822482648e-05 0
436 3.099230614371185e-05 9.821585836628134e-05 0
437 6.960638857466096e-05 8.038526468535066e-08 0
438 2.019230769231876e-05 1.665433468810808e-06 0
439 6.727488646285212e-05 8.488510146435002e-08 0
440 9.634656367580476e-05 3.07737809052353e-05 0
441 7.281582237067348e-05 2.297602406454291e-07 0
442 6.924584283144378e-05 9.811483341682912e-05 0
443 7.704819650215236e-05 9.85088772588909e-05 0
444 2.299999999994648e-05 9.820475209035582e-05 0
445 3.906587947956634e-06 3.056686244302438e-05 0
446 2.775276089411446e-05 8.59011704039461e-08 0
447 4.773128181273915e-05 4.25416703768985e-07 0
448 6.144563354186851e-05 2.59351554369051e-07 0
449 6.203091142418722e-05 8.627338440891902e-08 0
450 5.831626613181321e-05 4.48623818265479e-07 0
451 5.029986295955493e-05 5.07973102562975e-07 0
452 6.550596400394614e-05 4.845369032995852e-07 0
453 4.595122457099372e-05 8.643023283876718e-08 0
454 4.857824995197822e-05 8.322178632205426e-08 0
455 4.371560451685763e-05 6.214031033385938e-08 0
456 3.587315169767539e-05 1.431144778968901e-07 0
457 3.544767785228815e-05 8.636625362192531e-08 0
458 3.843020679220938e-05 1.157443823823365e-07 0
459 3.810156032819935e-05 1.350239141295907e-07 0
460 1.555745375937529e-06 1.247600291518874e-05 0
461 9.83534404940947e-05 1.250526562183247e-05 0
462 4.111567082337921e-05 1.804258068738481e-07 0
463 4.070934756097739e-05 9.268749755647049e-08 0
464 5.132204418452391e-05 8.635401214155966e-08 0
465 3.324482163362484e-05 1.506314043621662e-07 0
466 3.281056827702636e-05 9.060842518236408e-08 0
467 3.059265420482879e-05 8.640705700401316e-08 0
468 3.020527271398271e-05 6.914026024869451e-08 0
469 9.170791903439521e-05 5.649551068879208e-05 0
470 8.54003564787499e-06 5.56360594735913e-05 0
471 8.555840898850692e-05 1.823668034399585e-06 0
472 1.44230769231038e-05 1.665433468811511e-06 0
473 4.342643838254476e-05 8.643023283836453e-08 0
474 4.30936504581273e-05 8.678214006431916e-08 0
475 5.404947949268542e-05 8.683537082732032e-08 0
476 5.65736255418916e-05 8.635401214142509e-08 0
477 8.277536441729539e-05 9.800385713866258e-05 0
478 8.899999999997345e-05 9.826794919242653e-05 0
479 1.699999999996334e-05 9.826794919243692e-05 0
480 1.104008153995831e-05 9.796297639679837e-05 0
481 7.234935593286431e-05 8.293531819342511e-08 0
482 5.919455965508001e-05 8.635401214164008e-08 0
483 5.162120436719093e-05 1.200258043873289e-07 0
484 9.12660755074458e-05 1.631483144549626e-06 0
485 8.653846153868503e-06 1.643025642912926e-06 0
486 2.81056712193262e-05 1.874621942489091e-07 0
487 6.990442716153546e-05 8.436523577980408e-08 0
488 9.345502897695387e-05 7.492545762563039e-05 0
489 6.110086536406355e-06 7.486067832843316e-05 0
490 6.173261613233048e-05 9.813072645665159e-08 0
491 6.697653397139078e-05 8.675111070682505e-08 0
492 9.838077577423404e-05 6.683541570969081e-06 0
493 1.668936575827543e-06 6.744926869201056e-06 0
494 6.929055857419853e-05 2.660232553413562e-07 0
495 5.889535688041977e-05 8.636625362154387e-08 0
496 4.625047209236296e-05 8.63308469121881e-08 0
497 4.877774689948583e-05 8.643023283842003e-08 0
498 6.4352867828624e-05 8.547802476704068e-08 0
499 4.8378838261265e-05 8.643023283868865e-08 0
500 3.787009583923627e-05 8.636625362192531e-08 0
501 2.995895591757251e-05 9.268171279228981e-08 0
502 4.050838789273894e-05 1.241235576711768e-07 0
503 5.677151721873979e-05 8.551572464072754e-08 0
504 3.526995675814404e-05 1.117026134208692e-07 0
505 3.262475736563579e-05 8.636625362192531e-08 0
506 5.353961498676596e-05 1.135365461903509e-07 0
507 5.939403530659004e-05 8.643023283828562e-08 0
508 5.112261119781713e-05 8.643023283780788e-08 0
509 9.837170365666948e-05 1.619648056371047e-05 0
510 1.631975749310225e-06 1.646622870483107e-05 0
511 3.826900447745649e-05 8.636625362192531e-08 0
512 3.569188700160577e-05 1.083662542858825e-07 0
513 3.302366600385606e-05 8.636625362191945e-08 0
514 5.499999999988305e-05 9.827049312263929e-05 0
515 4.682418998160326e-05 9.824095961008831e-05 0
516 3.695711259518154e-05 9.818870050464539e-05 0
517 9.615895149365315e-05 8.903522376838928e-05 0
518 3.544470930168636e-06 8.905829948627232e-05 0
519 6.499999999990964e-05 9.832757234375631e-05 0
520 2.701967431264299e-05 9.817505538027707e-05 0
521 9.299999999998402e-05 9.825905920371585e-05 0
522 6.700654765804606e-06 9.809162906520563e-05 0
523 7.287263899142394e-05 9.82408648354276e-05 0
524 6.235045800114772e-05 2.310315454638055e-07 0
525 5.339587523726908e-05 2.35589321320682e-07 0
526 6.758864746633623e-05 2.284541020489036e-07 0
527 6.487831823345463e-05 2.39194808183623e-07 0
528 6.468177585336051e-05 4.343237878411971e-07 0
529 6.461094785501566e-05 2.488410841548979e-07 0
530 4.089868135828087e-05 8.585398946458167e-08 0
531 9.528107761091463e-05 1.72209926396391e-06 0
532 4.813889667849549e-06 1.616888644667498e-06 0
533 5.424818711976793e-05 1.179016778139224e-07 0
534 7.215489079033811e-05 7.46078728816289e-08 0
535 7.254734262632351e-05 8.979052559603388e-08 0
536 4.426686983664622e-05 2.890078242089088e-07 0
537 5.561285378020659e-05 3.867233065400578e-07 0
538 4.558018856181462e-05 2.297319917092022e-07 0
539 5.356357588396157e-05 3.205234289483425e-07 0
540 5.335669559863911e-05 4.653498100411347e-07 0
541 5.366557372966311e-05 5.96753119424176e-07 0
542 5.331867715936412e-05 8.45191612371158e-07 0
543 5.36925520616735e-05 1.056036019711928e-06 0
544 5.329182557643708e-05 1.312906467259149e-06 0
545 5.373245444629874e-05 1.547532334926795e-06 0
546 5.327094113813969e-05 1.835835611392637e-06 0
547 5.377318463547805e-05 2.083090790606246e-06 0
548 5.327731202326076e-05 2.401281088313835e-06 0
549 5.379961726573346e-05 2.743547044720855e-06 0
550 5.324819538025947e-05 3.097229013228238e-06 0
551 5.389912699682669e-05 3.4908107657236e-06 0
552 5.320012783368299e-05 3.928126011299539e-06 0
553 5.398115360719084e-05 4.362366614779579e-06 0
554 5.319125649467372e-05 4.846578520193215e-06 0
555 5.239295163067843e-05 4.25453778923053e-06 0
556 5.472998275911944e-05 3.827619343309148e-06 0
557 5.273185420309618e-05 2.09025956388134e-06 0
558 5.423513128988178e-05 1.74709307119287e-06 0
559 5.400544920218593e-05 7.789399408948316e-07 0
560 5.084685390147078e-05 2.242438450796732e-07 0
561 5.607800022225737e-05 1.683937436757365e-07 0
562 4.394891206465796e-05 1.904706988663889e-07 0
563 4.37407669115491e-05 2.987134743295436e-07 0
564 4.365096831797728e-05 2.053255066256798e-07 0
565 4.820055926026408e-05 1.60901407970026e-07 0
566 4.705946245312888e-05 3.44973789041049e-07 0
567 6.357017226793978e-05 4.474630943934318e-07 0
568 3.910022329547091e-05 4.538862698805066e-07 0
569 3.944134885127043e-05 1.025581012282386e-06 0
570 3.871501884683865e-05 9.213649202511211e-07 0
571 3.903784030332947e-05 1.658526210513636e-06 0
572 3.986157243791035e-05 1.657397590016315e-06 0
573 3.947575866657159e-05 2.380474492710908e-06 0
574 3.857978734777095e-05 2.403262345270154e-06 0
575 3.907637688990341e-05 3.202723950331599e-06 0
576 4.031358490071854e-05 2.324050205968835e-06 0
577 4.068881258496009e-05 1.53616626563436e-06 0
578 4.116121028055099e-05 2.229371582851763e-06 0
579 4.081555367555935e-05 3.021845574048342e-06 0
580 4.165457239568313e-05 2.910377882017298e-06 0
581 4.134569603592341e-05 3.810488109342816e-06 0
582 4.237593653419029e-05 3.543326284462369e-06 0
583 4.194752889207321e-05 4.664568834875573e-06 0
584 4.303988498383965e-05 4.524665506986082e-06 0
585 4.260678173152654e-05 5.620534622758809e-06 0
586 4.346087248639581e-05 3.516959101215801e-06 0
587 4.410369395153779e-05 4.336034758104011e-06 0
588 4.445132598425417e-05 3.250817720939444e-06 0
589 4.510195904075621e-05 4.134789263324498e-06 0
590 4.536250014339585e-05 3.198127629326445e-06 0
591 4.610696704250939e-05 3.815033989157896e-06 0
592 4.575640954483774e-05 4.946884042711874e-06 0
593 4.680474294083233e-05 4.715725516684727e-06 0
594 4.646370520205712e-05 5.837514788264292e-06 0
595 4.715257856543383e-05 3.733450514316085e-06 0
596 4.78268567405512e-05 4.490170471634628e-06 0
597 4.81038861908769e-05 3.54902917339166e-06 0
598 4.884495952018834e-05 4.275888066463761e-06 0
599 4.907004423149988e-05 3.31524444455446e-06 0
600 4.854722984115806e-05 5.252884554456102e-06 0
601 4.065585798364481e-05 4.731958470886343e-06 0
602 4.748116131802037e-05 2.913237336993897e-06 0
603 4.37090240434762e-05 2.61659780360921e-06 0
604 4.96391746921771e-05 5.022666592091875e-06 0
605 4.934865476942643e-05 6.174015209659104e-06 0
606 4.196324317063069e-05 2.037443880122258e-06 0
607 4.534410113291659e-05 6.10179171581126e-06 0
608 4.607466170920175e-05 7.105372847638737e-06 0
609 7.010499506432013e-05 8.607511871858756e-08 0
610 4.572775870501702e-05 1.058194297929239e-07 0
611 5.289988246188757e-05 1.059023931349304e-06 0
612 3.384171879785168e-05 5.061657698788825e-07 0
613 3.409180463188508e-05 1.092080144592232e-06 0
614 3.812663368697316e-05 3.214392263170749e-06 0
615 3.487478983899698e-05 1.102609771808757e-06 0
616 3.434696136877142e-05 1.801471866235391e-06 0
617 3.521369797408457e-05 1.864110315928735e-06 0
618 3.470068678745501e-05 2.555063585699658e-06 0
619 3.374320835257463e-05 2.474542436317533e-06 0
620 3.416782412946765e-05 3.41585694609481e-06 0
621 3.342649255012243e-05 9.295969934079956e-07 0
622 3.863676561746068e-05 4.102505935160298e-06 0
623 3.756979755532877e-05 4.137511771723541e-06 0
624 3.814691198362041e-05 5.156315908589466e-06 0
625 3.691681287019236e-05 5.19639322393686e-06 0
626 3.750409392425116e-05 6.369074109958561e-06 0
627 3.763132106613716e-05 2.350409740213842e-06 0
628 3.563816563217825e-05 2.692541993468176e-06 0
629 3.559578634985479e-05 1.226904044475908e-06 0
630 3.893876352860645e-05 6.238210901853212e-06 0
631 3.81849192788587e-05 7.657883822949153e-06 0
632 5.765069467724056e-05 4.552360675817712e-07 0
633 3.642900226542973e-05 4.640927799147043e-07 0
634 3.686323168247055e-05 9.651919550487832e-07 0
635 6.453575865380914e-05 1.453057648682568e-07 0
636 2.653813234105548e-05 9.42838643703883e-07 0
637 2.6052773511318e-05 1.742014087702501e-06 0
638 2.714989211700189e-05 1.665206942822024e-06 0
639 2.6543103074907e-05 2.630015996871802e-06 0
640 2.766275127257214e-05 2.620311641221869e-06 0
641 2.705402854930405e-05 3.624477507652691e-06 0
642 2.828865930157249e-05 3.642209212225872e-06 0
643 2.761596583166186e-05 4.710195865802711e-06 0
644 2.583618710394064e-05 3.626523454294494e-06 0
645 2.894827122818343e-05 4.759775452979832e-06 0
646 2.817485496625694e-05 5.999244792827733e-06 0
647 3.594934946766134e-05 6.25914695288697e-06 0
648 2.96099505269067e-05 5.958666771041171e-06 0
649 2.888163152443784e-05 7.357006804171866e-06 0
650 2.725338869427205e-05 7.32511405544606e-06 0
651 2.809837529662434e-05 8.936681957764646e-06 0
652 2.622230864701244e-05 8.8374491202432e-06 0
653 2.712105024286658e-05 1.058158479789494e-05 0
654 2.515023156864394e-05 1.046726903751906e-05 0
655 2.607620499161622e-05 1.222447136378354e-05 0
656 2.408812428192918e-05 1.213966765296288e-05 0
657 2.502148082189855e-05 1.390572951633033e-05 0
658 2.700873161455273e-05 1.39868459500581e-05 0
659 2.594945070177738e-05 1.567592011617122e-05 0
660 2.795493206500477e-05 1.57472851011544e-05 0
661 2.688440627059991e-05 1.744341370243203e-05 0
662 2.395292681297954e-05 1.55665395768846e-05 0
663 2.315692412623341e-05 1.036938583352848e-05 0
664 3.015909837967451e-05 8.735124694616142e-06 0
665 2.209186492325446e-05 1.205655098657325e-05 0
666 2.116214407719521e-05 1.028396211953804e-05 0
667 2.009400210015592e-05 1.197526751101235e-05 0
668 1.916371346913284e-05 1.020454421190826e-05 0
669 1.809567130751461e-05 1.189550350673004e-05 0
670 1.716530108150703e-05 1.012502887154283e-05 0
671 1.609726557761357e-05 1.181597447075983e-05 0
672 1.702765219234617e-05 1.358639420550834e-05 0
673 1.502923289569742e-05 1.350691160387353e-05 0
674 1.596690358492925e-05 1.528193055567986e-05 0
675 1.39624124424336e-05 1.519862159886029e-05 0
676 1.409884825711472e-05 1.173648987990697e-05 0
677 1.490028517025972e-05 1.697376936094457e-05 0
678 1.289481572651089e-05 1.688984414652769e-05 0
679 1.382527388550111e-05 1.866030919612412e-05 0
680 1.592538706144114e-05 1.871682055452596e-05 0
681 1.182512777120614e-05 1.857974655602458e-05 0
682 1.089501815211348e-05 1.680950152945561e-05 0
683 1.461504681036458e-05 2.058175887864796e-05 0
684 1.687874921776563e-05 2.058894444674493e-05 0
685 1.589514342769892e-05 2.260407083820444e-05 0
686 1.867694586457181e-05 2.272628712217702e-05 0
687 1.609487358798798e-05 2.595963822905884e-05 0
688 2.072938663428933e-05 2.662432893738585e-05 0
689 1.818927068330288e-05 3.034664720628688e-05 0
690 2.300424386275414e-05 3.082614023025546e-05 0
691 9.826753267693945e-06 1.850030312144459e-05 0
692 8.896186822104762e-06 1.672998823985579e-05 0
693 2.014327664166643e-05 3.502801618910892e-05 0
694 2.559576569915517e-05 3.562854675942219e-05 0
695 2.832598618841827e-05 3.124916840684559e-05 0
696 3.10860511627314e-05 3.589205482571981e-05 0
697 3.3616572663475e-05 3.133705639107698e-05 0
698 3.624697997789325e-05 3.595675734040961e-05 0
699 3.890336928063412e-05 3.152800213462181e-05 0
700 4.147850309929717e-05 3.610504930978509e-05 0
701 3.873300058061838e-05 4.077267839556757e-05 0
702 4.406159026725947e-05 3.156683390944518e-05 0
703 5.404160381019502e-05 5.348421250699068e-06 0
704 4.408803427693632e-05 4.083389843670741e-05 0
705 4.14450923867323e-05 4.553710420397679e-05 0
706 4.676565424796733e-05 4.55550187923688e-05 0
707 4.419681709885942e-05 5.020059587099128e-05 0
708 4.937265704608012e-05 5.035341233442005e-05 0
709 4.692458991229206e-05 5.486771555471109e-05 0
710 5.189849288586733e-05 4.586712085859317e-05 0
711 5.193430706130863e-05 5.49504671917746e-05 0
712 4.94134611717823e-05 5.94401858147574e-05 0
713 5.432317089157742e-05 5.949905418268156e-05 0
714 5.166721461350906e-05 6.382079859643209e-05 0
715 4.692159044120561e-05 6.374528126411994e-05 0
716 4.929447606324291e-05 6.787424966347961e-05 0
717 5.382389364293845e-05 6.798410133321515e-05 0
718 5.154220955957634e-05 7.152343924763726e-05 0
719 4.718957334468603e-05 7.175208900438363e-05 0
720 5.597374997607737e-05 7.203993701634011e-05 0
721 4.966790629125829e-05 7.53820639452413e-05 0
722 4.537085520147555e-05 7.54983216304662e-05 0
723 4.722541076562765e-05 7.895361763432112e-05 0
724 4.338967170807552e-05 7.904053025058434e-05 0
725 4.137741162623683e-05 7.571383777792647e-05 0
726 3.93986552307089e-05 7.924876298772852e-05 0
727 3.719146199396609e-05 7.56856381513337e-05 0
728 3.515990674913345e-05 7.942804092348372e-05 0
729 4.183673833639178e-05 2.720596186423193e-05 0
730 4.640324503067064e-05 2.747109412101664e-05 0
731 4.536820818547772e-05 8.220876480637398e-05 0
732 4.884599743968184e-05 8.223397402582683e-05 0
733 4.441781748514868e-05 2.356068926887008e-05 0
734 4.847099800081822e-05 2.347286045000954e-05 0
735 5.061442872622986e-05 2.729400030674896e-05 0
736 5.24638672634288e-05 2.334433907014623e-05 0
737 5.457745587643083e-05 2.710280813101567e-05 0
738 5.631052221676481e-05 2.328991289652532e-05 0
739 5.826462370427929e-05 2.69048121176033e-05 0
740 6.005043539663888e-05 2.373385490338857e-05 0
741 6.17864715372787e-05 2.704607910282645e-05 0
742 6.369308177254317e-05 2.317797276375927e-05 0
743 6.56661015312297e-05 2.704523133745301e-05 0
744 6.765673709304412e-05 2.298577382656936e-05 0
745 6.54368992265032e-05 2.058351673356586e-05 0
746 6.942640618580978e-05 2.02390813654078e-05 0
747 6.764875412378254e-05 1.844584382722415e-05 0
748 6.990830202303299e-05 2.678634502073973e-05 0
749 5.824657129025174e-05 2.066652694919895e-05 0
750 6.773922838524115e-05 3.070686619070637e-05 0
751 7.240104072323927e-05 3.040538345228922e-05 0
752 7.023228120192873e-05 3.436947477536226e-05 0
753 5.043067331139042e-05 2.043827106267732e-05 0
754 7.506363394557794e-05 3.420721983400272e-05 0
755 7.264732826260831e-05 3.857047845097733e-05 0
756 3.872357890652383e-05 5.02687680887888e-05 0
757 3.241616840544026e-05 7.575198589181357e-05 0
758 3.003545492951593e-05 8.062925235250368e-05 0
759 5.318973892675912e-05 5.863127380186819e-06 0
760 5.416193254417877e-05 6.486351439082758e-06 0
761 5.312122485820949e-05 7.107959225932239e-06 0
762 5.426334760032224e-05 7.793022117126828e-06 0
763 5.548373521897384e-05 6.914448433119715e-06 0
764 5.551955032420925e-05 8.444375260961925e-06 0
765 5.67832385389153e-05 7.669843354417094e-06 0
766 5.307612684948338e-05 8.566735330723543e-06 0
767 5.684428781320868e-05 9.147779873387806e-06 0
768 5.805975917016614e-05 8.270653871027795e-06 0
769 5.796054899967132e-05 6.729497645684985e-06 0
770 5.918968826642038e-05 7.404691259158621e-06 0
771 5.911700327923528e-05 6.070499166078785e-06 0
772 6.023712292684549e-05 6.642018051979328e-06 0
773 6.043809921892067e-05 7.949091928390086e-06 0
774 6.155887368820223e-05 7.080185082539479e-06 0
775 6.012128771299954e-05 5.390903241723749e-06 0
776 5.912542591397598e-05 4.910895791525496e-06 0
777 5.992652570785355e-05 4.325665586260074e-06 0
778 6.173444906644102e-05 8.521210396017542e-06 0
779 6.293151854887299e-05 7.675413558713366e-06 0
780 5.906247119293864e-05 3.82382698790015e-06 0
781 5.987861156311588e-05 3.419707189750825e-06 0
782 6.064300981106335e-05 3.76059287081591e-06 0
783 6.311357707076273e-05 9.152674903270236e-06 0
784 6.426633771490611e-05 8.192234849405674e-06 0
785 6.184903592086635e-05 1.011002593054079e-05 0
786 6.40047877804169e-05 6.628433752377098e-06 0
787 6.5385686883303e-05 7.25728470992471e-06 0
788 6.519634758951373e-05 5.909538842501381e-06 0
789 6.644502714975477e-05 6.361830643023243e-06 0
790 6.668887594263456e-05 7.732016067647297e-06 0
791 6.773235296356955e-05 6.812224196582645e-06 0
792 6.804378591795707e-05 8.268568650350208e-06 0
793 6.921232600598405e-05 7.06809454230422e-06 0
794 6.953648369742923e-05 8.793989851812011e-06 0
795 7.083470243391363e-05 7.691604012411837e-06 0
796 7.117473572912456e-05 9.441917319617183e-06 0
797 7.259458469916989e-05 8.252371986136418e-06 0
798 7.293769056604556e-05 1.015353792445244e-05 0
799 7.440607221606186e-05 8.865954240101533e-06 0
800 7.480025825397797e-05 1.08202964395257e-05 0
801 7.628607644912297e-05 9.510515916415963e-06 0
802 7.669101245485043e-05 1.147272718245952e-05 0
803 7.816135961689284e-05 1.027333654898755e-05 0
804 7.857946301522553e-05 1.214249532622345e-05 0
805 8.004947981045457e-05 1.094585220763413e-05 0
806 8.046979525814238e-05 1.27999592211948e-05 0
807 8.197881080265785e-05 1.148854569722703e-05 0
808 8.236729715051149e-05 1.343370872619111e-05 0
809 8.085920215588068e-05 1.474326966997906e-05 0
810 8.275170086718473e-05 1.539055721556107e-05 0
811 8.387742151405354e-05 1.211838001520655e-05 0
812 7.059258943189022e-05 6.216412695272423e-06 0
813 6.629989960862648e-05 4.9772538174289e-06 0
814 6.514966523621572e-05 4.701979703713971e-06 0
815 8.124301165295328e-05 1.670202841932601e-05 0
816 8.313449121851479e-05 1.735192800444532e-05 0
817 6.590630097401474e-05 4.000127543523021e-06 0
818 7.52094999567972e-05 1.278306531965224e-05 0
819 6.502454133003416e-05 3.686499635424249e-06 0
820 6.051137083498478e-05 2.962885496412452e-06 0
821 6.124591175890361e-05 3.240960142821783e-06 0
822 3.748844698706725e-05 8.270479376961311e-05 0
823 4.723485833210511e-05 8.514335076130884e-05 0
824 5.051179926175059e-05 8.518060632913677e-05 0
825 5.827218860988479e-05 6.811512733393826e-05 0
826 6.055687706715823e-05 7.221116455223763e-05 0
827 6.279295246239586e-05 6.825326040741277e-05 0
828 6.496098945417356e-05 7.231550843806204e-05 0
829 6.281589298337784e-05 7.614977132129293e-05 0
830 6.69712914836723e-05 7.640017289691032e-05 0
831 6.47607371421613e-05 7.996621251909089e-05 0
832 6.882489191323275e-05 8.031518045583679e-05 0
833 6.955183597881854e-05 7.240693562207202e-05 0
834 8.133601979173956e-05 9.391508657432798e-06 0
835 5.98483410726113e-05 2.648502443479435e-06 0
836 8.162552549242259e-05 1.866414413629452e-05 0
837 7.973434375205292e-05 1.801346240972658e-05 0
838 8.464361197189075e-05 1.603929098070677e-05 0
839 8.502586142700756e-05 1.800212752821789e-05 0
840 8.653496394808709e-05 1.668954051760773e-05 0
841 8.691712022118492e-05 1.86526296703072e-05 0
842 8.84262041582507e-05 1.73400931454968e-05 0
843 8.880329868810972e-05 1.929743437412728e-05 0
844 8.72992712513852e-05 2.061573301085804e-05 0
845 8.804407338592063e-05 1.537693489707962e-05 0
846 6.670054375231799e-05 8.358877303336841e-05 0
847 7.034039819031132e-05 8.376583591526711e-05 0
848 7.279837409209669e-05 8.054167432924332e-05 0
849 7.412611863450665e-05 8.470574364563691e-05 0
850 8.993528984294888e-05 1.60275518914021e-05 0
851 8.955315616619621e-05 1.406440154039527e-05 0
852 2.888873747755521e-05 1.751580131050686e-05 0
853 2.995437572994744e-05 1.58222190807469e-05 0
854 6.341508238057413e-05 1.080888572993814e-05 0
855 7.390724392810212e-05 7.027043566927962e-06 0
856 6.197813075877654e-05 1.186246737761104e-05 0
857 5.685284131471747e-05 5.526349470077225e-05 0
858 6.041157448313063e-05 2.224816891311506e-06 0
859 6.570907900067904e-05 2.999776677597935e-06 0
860 6.654783189239769e-05 3.372530982252035e-06 0
861 7.123936866015077e-05 1.142066529235498e-05 0
862 6.502374084834558e-05 3.459015740388761e-05 0
863 5.979153005698134e-05 1.98881540065428e-06 0
864 5.928948244504215e-05 2.342571766255137e-06 0
865 5.827734381205009e-05 4.391410119355969e-06 0
866 6.488235419022688e-05 2.819131906089097e-06 0
867 3.530781477604504e-05 7.084085053920532e-05 0
868 2.966559240196999e-05 7.150406802654417e-05 0
869 5.560314711530398e-05 1.003735046296719e-05 0
870 6.807336713123559e-05 1.005062201842093e-05 0
871 3.088841609740014e-05 1.759069467550311e-05 0
872 3.195328049318829e-05 1.589753078670085e-05 0
873 3.288722947767662e-05 1.766606849351899e-05 0
874 3.395194956507813e-05 1.597298472279099e-05 0
875 4.89235381273071e-05 8.778104627781076e-05 0
876 5.209292342502127e-05 8.783301017082959e-05 0
877 4.570513728501168e-05 8.777058470942325e-05 0
878 7.764182186956683e-05 3.841824252794939e-05 0
879 7.517074200542152e-05 4.302998920357505e-05 0
880 8.00692772085185e-05 3.391417284345171e-05 0
881 2.950425112033119e-05 3.568386210485362e-06 0
882 6.426397805530794e-05 3.317670157772975e-06 0
883 9.144436501451914e-05 1.471503916547714e-05 0
884 9.106223274153965e-05 1.275188493778317e-05 0
885 9.190995543438259e-05 1.665410240230826e-05 0
886 1.823334426960198e-05 8.43407640049444e-06 0
887 1.623491985070284e-05 8.35459848562196e-06 0
888 6.643259412020162e-05 2.556694269929315e-06 0
889 6.715466440454428e-05 2.836533427892955e-06 0
890 6.701614246269854e-05 2.137990481083024e-06 0
891 6.76914610946398e-05 2.354273538128976e-06 0
892 6.784554763348053e-05 3.042201526130432e-06 0
893 6.836806401531698e-05 2.539145743986672e-06 0
894 6.812077122502828e-05 8.680523055493905e-05 0
895 6.418420619449726e-05 8.670009703508619e-05 0
896 6.854184549675154e-05 3.203169533164359e-06 0
897 6.902782543969486e-05 2.698323008333598e-06 0
898 6.879050461586579e-05 2.116685741054385e-06 0
899 6.943192786900141e-05 2.152053437833601e-06 0
900 6.968982100957494e-05 2.847671252859053e-06 0
901 7.01797598560951e-05 2.199281840968118e-06 0
902 7.040461726686903e-05 2.974280286326169e-06 0
903 7.087862744250296e-05 2.424314726424708e-06 0
904 7.115202233944607e-05 3.155735990180177e-06 0
905 7.165744375565346e-05 2.56114820885598e-06 0
906 6.984938666667279e-05 1.771797286859015e-06 0
907 7.789389139688866e-05 8.22122860605815e-06 0
908 8.0104676672457e-05 2.001090021301973e-05 0
909 7.82233663999681e-05 1.933149424905326e-05 0
910 2.240294895616628e-05 8.342292465069604e-06 0
911 7.196110494139727e-05 3.358582443608942e-06 0
912 7.253720318163315e-05 2.569227632950506e-06 0
913 3.488585926615222e-05 1.774154613642258e-05 0
914 3.595054875495997e-05 1.604847966916038e-05 0
915 3.501665643472854e-05 1.427990810548414e-05 0
916 3.701523494909384e-05 1.435541505295012e-05 0
917 6.413835282745305e-05 2.425009289942584e-06 0
918 6.374262739944548e-05 1.2645947938734e-05 0
919 6.221147479881266e-05 1.380354190308738e-05 0
920 5.372871685173926e-05 8.522804181721156e-05 0
921 2.254694595064718e-05 4.042726398210854e-05 0
922 6.996143695290201e-05 4.30850026357237e-05 0
923 7.250924416087876e-05 4.779930552285882e-05 0
924 3.222775393342626e-05 6.644771888068591e-05 0
925 5.534033941830082e-05 8.770209064989213e-05 0
926 5.661638779448446e-05 3.050886894088572e-05 0
927 6.140320434636349e-05 4.061245660291546e-06 0
928 5.700076592439648e-05 1.081634597470839e-05 0
929 5.56012418536642e-05 1.182580435224624e-05 0
930 1.796864573084592e-05 1.532347378263495e-05 0
931 8.917102512576443e-05 1.21012440012798e-05 0
932 9.068010070072339e-05 1.078873008434394e-05 0
933 8.878889309886643e-05 1.013808904837239e-05 0
934 9.029796853419003e-05 8.825575557648424e-06 0
935 8.840676090015755e-05 8.174934578318738e-06 0
936 9.218917618312979e-05 9.476216488901122e-06 0
937 9.964357666871641e-06 1.503890843224449e-05 0
938 7.965725632188088e-06 1.495955753546242e-05 0
939 9.03393734376123e-06 1.326850962763522e-05 0
940 1.733453875237983e-05 6.660170343326808e-06 0
941 3.307586538788419e-05 3.211340487728781e-06 0
942 3.352059605676425e-05 4.2659394542061e-06 0
943 5.928895474734912e-05 1.745699715506181e-06 0
944 5.876579166269147e-05 1.976293135453675e-06 0
945 2.699358971516501e-05 6.692694265409782e-05 0
946 3.794912955789893e-05 1.612398530143913e-05 0
947 3.90138108817072e-05 1.443092349949959e-05 0
948 9.180704396195645e-05 7.513062116287362e-06 0
949 7.694186377277373e-05 8.097589854110333e-05 0
950 7.860763925799662e-05 8.488454051610083e-05 0
951 7.808672123975051e-06 1.842027993797138e-05 0
952 8.816111998125196e-06 2.03451231648434e-05 0
953 1.534155517040932e-05 6.575751230397562e-06 0
954 5.970731676480636e-05 1.44033605280166e-06 0
955 7.636482013709191e-05 8.818672202690243e-05 0
956 8.036948633011567e-05 8.862208721238381e-05 0
957 8.278721485563256e-05 8.536194793142801e-05 0
958 8.440136561837098e-05 8.920458377694013e-05 0
959 6.35659906218168e-05 2.936760094058557e-06 0
960 6.351876468534777e-05 3.762331900732894e-06 0
961 6.344607979310253e-05 2.213339310525391e-06 0
962 7.287078699992287e-05 3.545062001020075e-06 0
963 7.346148232277779e-05 2.823970548997556e-06 0
964 6.473015081243113e-05 2.084148138374588e-06 0
965 5.05629118864729e-05 9.051610162691722e-05 0
966 8.200778054786903e-05 2.062696450504131e-05 0
967 8.03197229647581e-05 2.25003620193431e-05 0
968 8.268894062842321e-05 3.813224130351118e-05 0
969 6.640615449048383e-05 1.849650818356951e-06 0
970 6.636196697903773e-05 8.990876013293412e-05 0
971 5.718503992344399e-05 1.267931274620236e-05 0
972 5.555429022541552e-05 1.372072376024776e-05 0
973 5.39322405036297e-05 1.281709432132582e-05 0
974 5.386153398535225e-05 1.476301097496653e-05 0
975 5.212758699102961e-05 1.383328671705507e-05 0
976 7.133386957797937e-05 1.873689762444038e-06 0
977 6.307147248021902e-05 8.987609926299235e-05 0
978 3.608134207983575e-05 1.258684379772071e-05 0
979 5.720345418947123e-05 1.473951295513928e-05 0
980 2.968673456608158e-05 6.1817086736627e-05 0
981 8.949946456369073e-05 2.154948801504845e-05 0
982 8.676885914731624e-05 2.35719500662325e-05 0
983 7.035511056246058e-06 1.31890405633818e-05 0
984 8.103587562537124e-06 1.149807030846434e-05 0
985 3.994770506022651e-05 1.619949399783357e-05 0
986 4.101238550059335e-05 1.450643270658274e-05 0
987 3.888302491039272e-05 1.78925551210508e-05 0
988 4.007849167237404e-05 1.273786200551069e-05 0
989 4.207706584015018e-05 1.281337147359647e-05 0
990 4.301095972453022e-05 1.458194214218697e-05 0
991 4.407563995183191e-05 1.288888097413777e-05 0
992 4.500953382686223e-05 1.465745164813686e-05 0
993 4.598058676787701e-05 1.301383037606393e-05 0
994 4.694329830464006e-05 1.47102585884447e-05 0
995 3.408276817660231e-05 1.251133417671463e-05 0
996 6.800102204180703e-05 3.800584578815355e-06 0
997 7.386406705048392e-05 3.7795437647426e-06 0
998 7.453743305810563e-05 2.792882583011695e-06 0
999 7.505238951655978e-05 4.104495654718458e-06 0
1000 3.178534450806347e-05 1.918319617299972e-05 0
1001 2.786897040734877e-05 1.923710621786346e-05 0
1002 5.928512438599246e-05 1.236095651140689e-06 0
1003 2.393284862006092e-05 7.205999125101594e-05 0
1004 5.702111094374303e-05 8.520127397122209e-05 0
1005 5.540919513041078e-05 8.235775488802524e-05 0
1006 9.295344064476223e-05 1.340252517287242e-05 0
1007 4.310926777681795e-05 1.113746046810479e-05 0
1008 2.516339467582958e-05 1.702307150801677e-06 0
1009 7.784418086701414e-05 1.736518008182667e-05 0
1010 7.628841264083577e-05 1.867469712080437e-05 0
1011 7.673206062067896e-05 2.098090953424966e-05 0
1012 6.105160295273529e-06 1.141860180691317e-05 0
1013 7.173201367330041e-06 9.727651903060217e-06 0
1014 9.171622728887874e-06 9.807123796455474e-06 0
1015 8.241346714980187e-06 8.03664743467246e-06 0
1016 1.023971979535513e-05 8.116144622093814e-06 0
1017 6.753776238617123e-05 1.729175453824884e-06 0
1018 2.572217893954517e-05 1.91277754739938e-05 0
1019 6.394269946858718e-05 1.460780382975616e-05 0
1020 6.239878622871827e-05 1.578963128828756e-05 0
1021 6.989745866964705e-05 3.421541688849319e-06 0
1022 7.312105541008596e-05 1.988998706175741e-06 0
1023 8.709123613555228e-05 8.606016869483117e-05 0
1024 6.550594983328593e-05 1.344600342824948e-05 0
1025 1.647227900034447e-05 3.958811441485291e-05 0
1026 3.234432079655204e-05 4.035717516215831e-06 0
1027 3.27449225817354e-05 5.192289238705913e-06 0
1028 3.182617476442516e-05 2.96508111621281e-06 0
1029 6.292675056729091e-05 2.61035274618191e-06 0
1030 6.288062518216894e-05 1.936483920707626e-06 0
1031 9.369819234956482e-05 8.163634696448444e-06 0
1032 9.331569519834264e-05 6.20053806775846e-06 0
1033 6.242835408988125e-06 7.957222762352078e-06 0
1034 7.310983018160415e-06 6.266217142997219e-06 0
1035 6.503256429038254e-06 2.012563041410564e-05 0
1036 5.819141445029204e-05 3.561714549008141e-06 0
1037 5.750771093493386e-05 3.959491167387474e-06 0
1038 5.746546316068231e-05 3.182296385482857e-06 0
1039 5.678662171348632e-05 3.533180222071891e-06 0
1040 5.68208150152667e-05 2.764323314791787e-06 0
1041 5.677220914323514e-05 4.397236117702032e-06 0
1042 5.740300171108377e-05 2.405249718733111e-06 0
1043 5.679331780639522e-05 2.108398328419839e-06 0
1044 5.626807859931747e-05 2.369835104723645e-06 0
1045 5.632720936301272e-05 1.793787870296284e-06 0
1046 5.676271524689789e-05 1.54278091785129e-06 0
1047 5.636719842637929e-05 1.294147048487402e-06 0
1048 5.600083489555158e-05 1.481074555541369e-06 0
1049 5.676276589839647e-05 1.049485393114131e-06 0
1050 5.710868242625767e-05 1.289002542003563e-06 0
1051 5.642148603445398e-05 8.867516770106733e-07 0
1052 5.670270040870675e-05 6.698213697098399e-07 0
1053 7.781611494835525e-05 4.761320564968624e-05 0
1054 7.523435040810629e-05 5.261598060160042e-05 0
1055 6.966470197165392e-05 5.257782188746403e-05 0
1056 7.246966491514425e-05 5.7470334198946e-05 0
1057 6.971456682478366e-05 8.997182022651153e-05 0
1058 2.089422214788062e-05 6.696322478751334e-05 0
1059 7.818707559743049e-05 5.759509552075859e-05 0
1060 5.646207702204633e-05 5.495046797772129e-07 0
1061 3.548156374395663e-05 6.188592479340349e-05 0
1062 7.469564789868035e-05 2.003938896530239e-05 0
1063 7.438300776062908e-05 1.796322099228136e-05 0
1064 7.598725336339276e-05 3.05430367300454e-06 0
1065 7.650447117510929e-05 4.464088719331882e-06 0
1066 3.511816221964704e-05 1.088130090517804e-05 0
1067 7.221133754887828e-05 4.333142578070605e-06 0
1068 5.172694881786353e-05 7.617973920848571e-06 0
1069 5.179862555857208e-05 9.484916927811849e-06 0
1070 7.397650377020393e-06 2.202755394921244e-05 0
1071 5.992127730986683e-06 1.486684369582125e-05 0
1072 5.031795610164833e-05 8.555308682035481e-06 0
1073 5.041578086388977e-05 1.017270285015225e-05 0
1074 4.86761810345828e-05 9.566049277643145e-06 0
1075 2.549246765126288e-05 7.344878634001605e-06 0
1076 5.2107789293107e-05 1.574773906300092e-05 0
1077 5.365034325868895e-05 1.687002749847911e-05 0
1078 2.817926039969735e-05 1.685728435621863e-06 0
1079 7.847393938722162e-05 9.188816622266076e-05 0
1080 6.233771148384011e-05 2.302241513991204e-06 0
1081 6.234124816549775e-05 1.616903721832312e-06 0
1082 6.182446865021598e-05 1.962069195089613e-06 0
1083 6.18008484472343e-05 1.417066679766902e-06 0
1084 6.217568541478135e-05 1.111833832022456e-06 0
1085 8.498782772635397e-05 3.371810623996381e-05 0
1086 5.959424473867313e-05 9.740236178206808e-07 0
1087 6.003332988068525e-05 1.108260657437208e-06 0
1088 5.920285955066371e-05 7.655881493433565e-07 0
1089 5.891412529646178e-05 1.01801545790142e-06 0
1090 4.593262610286746e-05 1.642223855826431e-05 0
1091 4.088159936405156e-05 1.79680644238363e-05 0
1092 4.777371643731091e-05 1.636358254231303e-05 0
1093 4.684747374965717e-05 1.817097082096825e-05 0
1094 3.981691909846641e-05 1.966112561392726e-05 0
1095 6.341787925710105e-05 1.556018698157153e-06 0
1096 1.880483168093088e-05 4.542695888255572e-05 0
1097 2.529693421598315e-05 4.608859419675537e-05 0
1098 2.152635940602687e-05 5.112687508795642e-05 0
1099 5.890666298371456e-05 6.250534626478719e-07 0
1100 9.137555822260513e-05 5.168570058847032e-06 0
1101 2.042982959845753e-05 2.035203276706336e-05 0
1102 6.461346925479919e-05 9.249770479436629e-05 0
1103 6.159280309769741e-05 9.2412788564823e-05 0
1104 7.5344206162709e-05 6.258434333193235e-05 0
1105 8.105799984480928e-05 6.278099101624722e-05 0
1106 1.925788904786387e-05 6.732477178740969e-06 0
1107 1.841073189527561e-05 5.028172151637599e-06 0
1108 2.024747013026237e-05 5.093380766928056e-06 0
1109 2.693220122682882e-05 2.137291817627207e-05 0
1110 2.431717844269677e-05 2.094745189313842e-05 0
1111 2.102585246571169e-05 1.374668333942798e-05 0
1112 1.424266940742936e-05 8.273718388368146e-06 0
1113 1.331383868360842e-05 6.503270239242449e-06 0
1114 3.102948153507779e-05 1.413527210747342e-05 0
1115 3.781834501794398e-05 1.958561609560583e-05 0
1116 4.487197259905111e-05 1.811451581699425e-05 0
1117 4.162871444566256e-05 1.938292097366636e-05 0
1118 9.408037396626146e-05 1.012684599959116e-05 0
1119 8.68993828223393e-05 9.489399404190162e-06 0
1120 8.652013281369128e-05 7.5260643694915e-06 0
1121 8.799974562262677e-05 6.221209199955219e-06 0
1122 8.613004330706954e-05 5.582594397302871e-06 0
1123 8.464620487620425e-05 6.879125956543782e-06 0
1124 8.427641887959882e-05 4.959200437598952e-06 0
1125 8.282000775383151e-05 6.209749472590725e-06 0
1126 8.245271534696045e-05 4.36695106791644e-06 0
1127 8.106250789248452e-05 5.582296786871471e-06 0
1128 8.750335335403422e-05 4.428282088283347e-06 0
1129 5.710014849222343e-06 1.822246077315267e-05 0
1130 8.83889985932964e-05 8.995245304908433e-05 0
1131 5.333349671401323e-06 6.178331199597703e-06 0
1132 9.024328609810316e-05 2.446760442496298e-05 0
1133 9.240597223211228e-05 2.183965625651535e-05 0
1134 6.698053777468992e-05 5.683339514767799e-05 0
1135 5.667205449216179e-05 4.47190913249327e-07 0
1136 5.691461522833238e-05 5.824846703616228e-07 0
1137 8.576676696033517e-05 9.267173329826256e-05 0
1138 6.167542659607247e-05 9.136515963657287e-07 0
1139 6.130780561134128e-05 1.236241305469076e-06 0
1140 3.463734564540689e-05 4.444377223065107e-06 0
1141 7.80425953583603e-05 6.776162804827394e-05 0
1142 3.700755082021918e-05 1.095968206356802e-05 0
1143 1.37264001469422e-05 2.97809551788033e-05 0
1144 5.046402681725232e-05 5.819295799201996e-06 0
1145 6.415840899337087e-05 1.65926574381836e-05 0
1146 6.265341629091623e-05 1.779540647566151e-05 0
1147 6.080514029732423e-05 1.700256444936154e-05 0
1148 5.618431954594993e-05 6.79135994098469e-07 0
1149 8.56684371301611e-05 8.176122760870199e-05 0
1150 8.850982498245152e-05 3.782468807818335e-05 0
1151 4.804866396498648e-05 1.294168850100607e-05 0
1152 3.314399424496385e-05 1.075326758772872e-05 0
1153 1.279867594007824e-05 2.262861199295014e-05 0
1154 8.227196210633596e-05 2.943701113263628e-05 0
1155 3.441948875212243e-05 8.943410887913853e-06 0
1156 3.119090687038046e-05 4.645259922843618e-07 0
1157 3.153921280075074e-05 9.708663541207056e-07 0
1158 3.089615248131186e-05 1.019868955286153e-06 0
1159 3.221024325304084e-05 1.104275616473451e-06 0
1160 3.118275961516892e-05 2.667793590527596e-05 0
1161 3.124404602260207e-05 1.565790408786907e-06 0
1162 3.047716668109234e-05 1.633165684742766e-06 0
1163 9.836867460238943e-05 2.898727695366998e-06 0
1164 1.838401019099508e-06 2.950990736381649e-06 0
1165 9.553877572520675e-05 8.824041591410219e-06 0
1166 8.937842760281981e-05 9.342044516518194e-05 0
1167 2.902893718879044e-05 2.114615809555289e-05 0
1168 6.09018659703164e-05 6.407810904572283e-05 0
1169 6.034203336933019e-05 1.106013048309893e-05 0
1170 7.749866166066618e-05 3.293630566591889e-06 0
1171 7.807913659962608e-05 4.813778621969376e-06 0
1172 7.459957524412856e-05 2.269960994440466e-05 0
1173 5.921180066198466e-05 4.621582040122553e-07 0
1174 5.947899054030773e-05 6.049463098298819e-07 0
1175 5.98217445490888e-05 6.562677551533169e-07 0
1176 1.103238714574704e-05 1.334796518677607e-05 0
1177 1.11700536004066e-05 9.886590583242373e-06 0
1178 2.782314091641277e-05 5.162214076032206e-05 0
1179 6.009843204412317e-05 9.003662136216317e-05 0
1180 5.871235758918923e-05 9.242696574215974e-05 0
1181 4.187059616272603e-05 4.306531451448709e-07 0
1182 4.225327930855766e-05 9.224546529632501e-07 0
1183 4.285866924443405e-05 9.635850296409147e-07 0
1184 4.168774720016856e-05 9.582377358235136e-07 0
1185 6.479902132430594e-06 4.57834813861276e-06 0
1186 6.205822514311689e-05 3.536774908738632e-06 0
1187 6.222146584395071e-05 4.427039387428962e-06 0
1188 6.938901372985672e-05 1.143589058718974e-07 0
1189 2.361118570489624e-05 1.885186645198163e-05 0
1190 9.315129246279833e-05 4.512400982332945e-06 0
1191 9.490320916727228e-05 5.066798181579601e-06 0
1192 8.754784668459155e-05 2.646196366075989e-05 0
1193 8.464792539712515e-06 4.664809665458333e-06 0
1194 5.999435894523381e-05 3.403127951662415e-07 0
1195 8.5475314498405e-05 4.32150951297458e-05 0
1196 6.676609240935033e-05 9.542086120677026e-08 0
1197 6.153154120346364e-05 1.207115960866674e-07 0
1198 1.228446318830803e-05 4.43960782640765e-05 0
1199 5.879482682414569e-05 8.254222389209463e-05 0
1200 5.71636202293639e-05 7.939337282884826e-05 0
1201 7.278050988396994e-05 1.914734134226734e-05 0
1202 7.252799907684861e-05 1.717830117397679e-05 0
1203 7.409756146048546e-05 1.598398385883431e-05 0
1204 7.225488789176128e-05 1.523749813836593e-05 0
1205 7.070969715842293e-05 1.640723041390937e-05 0
1206 7.045564105457707e-05 1.451798134442666e-05 0
1207 6.890135265739678e-05 1.558586704289791e-05 0
1208 5.645934510450893e-05 3.538643432421403e-07 0
1209 5.661133740001013e-05 3.045977429523217e-07 0
1210 6.884111506795697e-05 1.359894679663343e-05 0
1211 9.74999999999953e-05 9.827480430701573e-05 0
1212 2.668741184701291e-06 9.803337377308817e-05 0
1213 4.998141247555005e-06 2.223578224293046e-05 0
1214 2.55083412271066e-05 2.347691094658274e-05 0
1215 1.440443351873054e-05 4.856789889520754e-06 0
1216 1.240114510376018e-05 4.804756939727206e-06 0
1217 3.75026845754437e-05 1.072001733050923e-06 0
1218 3.024220116194785e-05 9.708127165481354e-07 0
1219 2.974133925790355e-05 1.488207849319578e-06 0
1220 4.636785290971142e-06 4.470557469353384e-06 0
1221 5.655044425513805e-05 4.178719975404421e-07 0
1222 8.408369065156373e-05 6.834975394306943e-05 0
1223 8.027703748613168e-05 7.330182681092547e-05 0
1224 5.070833898178922e-05 4.701179075889269e-06 0
1225 5.626738836414521e-05 4.155482230132423e-07 0
1226 1.810163333341182e-05 7.257867999371301e-05 0
1227 2.156558100023419e-05 7.810900319815929e-05 0
1228 1.401006256409144e-05 6.670151407197887e-05 0
1229 6.292549833012844e-05 9.462199381136469e-05 0
1230 4.898759176081025e-05 9.13204417319186e-08 0
1231 4.114767822048261e-05 2.168859064118196e-05 0
1232 4.742417017418114e-05 6.817736483099463e-06 0
1233 3.143798221196059e-06 2.597628807277636e-05 0
1234 6.698502639769094e-06 2.796562437468302e-05 0
1235 1.058243800222178e-05 3.824574703281839e-05 0
1236 4.374862677942283e-06 7.86273252400331e-06 0
1237 6.159149929853476e-05 5.056001198928593e-06 0
1238 6.243230588704222e-05 5.360638424620244e-06 0
1239 6.878531957454424e-05 4.011352865074139e-06 0
1240 6.821118239056314e-05 4.726302051017107e-06 0
1241 2.726232833805115e-05 9.301540181383743e-07 0
1242 2.745299033859136e-05 8.636625362192531e-08 0
1243 6.031173943397522e-05 6.665706538636589e-07 0
1244 5.889315430251707e-05 1.375751317724171e-05 0
1245 9.01480979760452e-05 8.261322896232546e-05 0
1246 7.458525063753571e-05 9.128182627739707e-05 0
1247 7.600678392770204e-05 9.396363430290684e-05 0
1248 7.280274868354601e-05 9.386256566892966e-05 0
1249 7.899707081204084e-05 9.456647829168886e-05 0
1250 5.050800282408356e-05 1.49856845749375e-05 0
1251 6.205705622711559e-05 7.066012518235212e-07 0
1252 6.439848806031616e-05 5.198203646750534e-05 0
1253 6.110494474996945e-05 1.894143932318063e-05 0
1254 1.892268629480677e-05 6.14318433441568e-05 0
1255 6.053459915930615e-05 1.104630940999201e-06 0
1256 6.082381411942553e-05 7.049910806894587e-07 0
1257 3.099526405023218e-05 2.329760797473663e-06 0
1258 9.585597294878276e-05 1.080565370790117e-05 0
1259 1.579606229363784e-05 7.805966434711884e-05 0
1260 1.847233274268104e-05 8.299613604164535e-05 0
1261 1.294619590033957e-05 8.342281904297326e-05 0
1262 1.6413581659076e-05 8.732804950520911e-05 0
1263 2.075125284072233e-05 8.721213912763639e-05 0
1264 1.870293299594084e-05 9.078565230339075e-05 0
1265 2.268393436592944e-05 9.114287459958332e-05 0
1266 1.489611263807193e-05 9.116201953920263e-05 0
1267 2.479194163557384e-05 8.744638364590555e-05 0
1268 2.654187361307921e-05 9.075032492104388e-05 0
1269 2.855813217624885e-05 8.761300752357347e-05 0
1270 3.019863608116996e-05 9.072538079603013e-05 0
1271 3.244005888722373e-05 8.754579375619366e-05 0
1272 3.36876341505184e-05 9.091785224928785e-05 0
1273 3.179253668982248e-05 9.391952370183169e-05 0
1274 3.513495195834335e-05 9.3652100728435e-05 0
1275 3.678604827558954e-05 9.120919102990542e-05 0
1276 3.797316442672684e-05 9.413309040638274e-05 0
1277 3.957823568182615e-05 9.149091011413548e-05 0
1278 4.095730915712547e-05 9.396387650622263e-05 0
1279 3.799252906938354e-05 8.876713898180882e-05 0
1280 4.240755074218099e-05 9.127297412930918e-05 0
1281 4.37456808206979e-05 9.413555849703254e-05 0
1282 2.498659952080768e-05 9.374481258353166e-05 0
1283 4.532704095704268e-05 9.192190713466699e-05 0
1284 4.649743269570129e-05 9.424497543423306e-05 0
1285 7.203661895628023e-05 1.094114231366889e-07 0
1286 5.382583495801502e-05 7.936547383178781e-05 0
1287 6.504894722020257e-05 6.026322267628645e-07 0
1288 6.468442270070275e-05 8.843743196918151e-07 0
1289 6.510432495888019e-05 1.130296584328438e-06 0
1290 6.434148780323057e-05 6.40840359397114e-07 0
1291 6.432134032206278e-05 1.074330460726668e-06 0
1292 4.719997925636437e-05 8.237592173314602e-06 0
1293 4.545446461320814e-05 8.455503542132283e-06 0
1294 4.643376842405136e-05 9.946727874649958e-06 0
1295 6.31249777469717e-05 2.001025039502073e-05 0
1296 5.609068714341908e-05 3.87299700174792e-06 0
1297 5.581636992961958e-05 4.886313985067592e-06 0
1298 5.673188017212337e-05 5.375187769722846e-06 0
1299 6.519593510252195e-05 6.439342083456798e-05 0
1300 6.290527167717137e-05 1.367466758893372e-06 0
1301 1.707486701703675e-05 9.381665688423288e-05 0
1302 1.356024264578465e-05 9.445620551186678e-05 0
1303 1.146588974649634e-05 9.182471729366244e-05 0
1304 3.642458384658999e-05 4.101578455919957e-06 0
1305 6.5665772388223e-05 9.479765072743698e-05 0
1306 5.055275206052653e-05 1.682699449210961e-05 0
1307 5.873496167953651e-05 2.632233596518996e-06 0
1308 7.059272512802779e-05 2.640525981879587e-07 0
1309 9.356480987149791e-05 2.516129071886093e-05 0
1310 7.509262347769729e-05 7.686537591616597e-05 0
1311 5.394677357202398e-05 4.214686903197706e-07 0
1312 5.376867574077558e-05 2.83614573423177e-07 0
1313 5.388903084596221e-05 2.744228643635859e-07 0
1314 5.366275135383453e-05 2.06673282312846e-07 0
1315 5.424732427364255e-05 4.966908985472483e-07 0
1316 5.439230449291241e-05 8.52173444104478e-07 0
1317 6.915290941891293e-05 4.936928439697244e-06 0
1318 6.732800034478895e-05 4.424361381308221e-06 0
1319 6.104358567448031e-05 2.504328900720688e-06 0
1320 3.100665162071556e-05 4.594774122832611e-05 0
1321 2.03182308111591e-05 9.371418178395352e-05 0
1322 6.694438187295577e-05 1.51152806727777e-06 0
1323 6.639213088535122e-05 1.259065533933594e-06 0
1324 6.738915503423735e-05 1.170370575715411e-06 0
1325 6.789505891116485e-05 1.316248840603448e-06 0
1326 6.585780314567401e-05 1.532761949935429e-06 0
1327 6.581987277646258e-05 2.146555074503733e-06 0
1328 6.051364529678955e-05 8.553544325780153e-05 0
1329 8.082733705183729e-05 3.939743733569325e-06 0
1330 8.213620348701439e-05 2.77756931924569e-06 0
1331 5.144212410695621e-05 5.473788932378709e-06 0
1332 4.49604524668077e-05 2.475814290200033e-06 0
1333 4.562654586558509e-05 2.39065971451819e-06 0
1334 4.427644859297788e-05 1.892217569158839e-06 0
1335 4.526110599823821e-05 1.829056522117495e-06 0
1336 4.584813206068225e-05 1.735938571827408e-06 0
1337 4.548879599631895e-05 1.260601463708791e-06 0
1338 4.601890345763458e-05 1.22404287648955e-06 0
1339 4.634206257978586e-05 1.602312970577148e-06 0
1340 4.642132224595838e-05 1.060038209538965e-06 0
1341 4.681681138795239e-05 1.358868368853602e-06 0
1342 4.610459064196605e-05 8.318595805089748e-07 0
1343 4.657825585229555e-05 6.920365502117235e-07 0
1344 4.671519417719551e-05 1.944076308764282e-06 0
1345 4.721621927204912e-05 1.77977137699125e-06 0
1346 4.733722927522692e-05 1.258668868391378e-06 0
1347 4.772003429496964e-05 1.605702837259205e-06 0
1348 4.495261953152017e-05 1.339414261445086e-06 0
1349 4.78069185370714e-05 1.062684448422244e-06 0
1350 4.819707049450167e-05 1.425802689748019e-06 0
1351 4.823865160301938e-05 9.781631797177581e-07 0
1352 4.86378393275559e-05 1.180465592095792e-06 0
1353 4.858185764302209e-05 1.726050372245741e-06 0
1354 4.904430955196894e-05 1.524281544230737e-06 0
1355 4.91067364855077e-05 1.034509119258321e-06 0
1356 4.948479816591188e-05 1.305574841071613e-06 0
1357 4.948417714311049e-05 1.827984116261484e-06 0
1358 4.993446698548672e-05 1.587647703186468e-06 0
1359 4.996706450517089e-05 2.144993221588383e-06 0
1360 5.04955297311114e-05 1.781632080191299e-06 0
1361 5.049510216262161e-05 2.486749301482635e-06 0
1362 5.105249499996743e-05 2.174157434909808e-06 0
1363 5.107772869544757e-05 1.558243780073231e-06 0
1364 5.107359398440917e-05 2.876156702388179e-06 0
1365 4.950997658497722e-05 8.469279182607459e-07 0
1366 5.039840160147546e-05 3.204335832219702e-06 0
1367 5.156219132277081e-05 1.865431160410486e-06 0
1368 5.153114877284241e-05 1.30715405488134e-06 0
1369 5.113055799382144e-05 1.055783583148641e-06 0
1370 5.148705021263666e-05 7.908806022170588e-07 0
1371 5.192184621556884e-05 1.037977166861169e-06 0
1372 5.185813327738386e-05 6.132299661954494e-07 0
1373 5.116115741847458e-05 6.232062081593565e-07 0
1374 4.630480698958491e-05 4.65156562798024e-07 0
1375 5.070162054533908e-05 1.231012799868147e-06 0
1376 4.825517380023028e-05 2.673698006585987e-06 0
1377 4.674097381950313e-05 3.020840988981578e-06 0
1378 5.151729779040766e-05 4.615856082976148e-07 0
1379 4.917017373283859e-05 6.038218734400159e-07 0
1380 4.881699147953775e-05 7.679085404050449e-07 0
1381 5.314227716223464e-05 1.004272877269968e-05 0
1382 4.296228213027194e-05 2.737720853801575e-06 0
1383 4.324713900545288e-05 2.038293447056891e-06 0
1384 6.328012323577188e-05 1.074672736143105e-06 0
1385 9.497670300380424e-05 3.625748816879646e-05 0
1386 3.131614260617442e-05 3.927244797257942e-06 0
1387 4.578404067091125e-05 8.810389541435391e-07 0
1388 4.58985793836838e-05 5.783476241342502e-07 0
1389 4.561143106556284e-05 6.493440433652462e-07 0
1390 2.81299348026939e-05 9.763121146636327e-07 0
1391 6.087404027185275e-05 1.927927216661652e-06 0
1392 2.694301341372611e-05 8.411454458620865e-05 0
1393 5.400964619188952e-05 2.088377779146848e-05 0
1394 5.622901964038081e-05 1.856090025257523e-05 0
1395 5.892144218238842e-05 3.932241573550143e-07 0
1396 5.910701059437369e-05 3.279403793480299e-07 0
1397 5.906635714216199e-05 5.068727673650185e-07 0
1398 6.425626623772801e-05 1.712674237785343e-06 0
1399 6.250436213394141e-05 8.368499229817249e-07 0
1400 6.592351744077061e-05 1.042525946709214e-06 0
1401 5.833310277468138e-05 2.30342586139099e-06 0
1402 5.818223655857405e-05 1.845026720339989e-06 0
1403 7.071694150490223e-05 1.752813597315016e-06 0
1404 7.03807306540753e-05 4.135395922668252e-07 0
1405 7.017417759652178e-05 4.047996760489308e-07 0
1406 7.028819236270931e-05 6.121879893738373e-07 0
1407 7.000016445572341e-05 5.650444934211837e-07 0
1408 7.057921224857565e-05 5.511398410092041e-07 0
1409 7.014382553679082e-05 8.40580438352706e-07 0
1410 6.985793308407563e-05 8.233556108709065e-07 0
1411 6.974605732965919e-05 5.493883301326719e-07 0
1412 6.953315123306318e-05 7.38913787637031e-07 0
1413 7.109197544965656e-05 1.271084964497869e-06 0
1414 7.167735049625189e-05 1.339036250825978e-06 0
1415 7.144590815721216e-05 8.011590207240321e-07 0
1416 6.966986529556654e-05 1.077671564799736e-06 0
1417 6.933847700958302e-05 1.028547682993894e-06 0
1418 6.920421877439192e-05 7.198860646464844e-07 0
1419 6.898224794448872e-05 9.629655013821197e-07 0
1420 6.910786912190955e-05 1.317738741825969e-06 0
1421 6.873552731730164e-05 1.25271781464897e-06 0
1422 6.995933637239902e-05 3.549213362879409e-07 0
1423 6.971196000171381e-05 2.954393618245923e-07 0
1424 6.984390297566114e-05 2.473497566869663e-07 0
1425 6.953346725310807e-05 4.577267320826312e-07 0
1426 6.956607822363749e-05 3.032700800055321e-07 0
1427 6.942021570711574e-05 2.286930388859263e-07 0
1428 6.981807578471393e-05 3.66533054000081e-07 0
1429 6.857577262763188e-05 9.008319526437648e-07 0
1430 7.197626482379334e-05 8.840404465388492e-07 0
1431 7.226409541323371e-05 1.363112651051164e-06 0
1432 7.243432555683943e-05 8.443937956012142e-07 0
1433 6.949440289441894e-05 1.725703279934211e-07 0
1434 3.5987900842346e-05 2.692901691166863e-05 0
1435 3.378548574983165e-05 9.610728538747805e-05 0
1436 7.267214250942807e-05 9.899720116305536e-08 0
1437 5.083249158344219e-05 8.673774321092038e-07 0
1438 2.820771116592278e-05 9.386618999412065e-05 0
1439 9.545561818959093e-05 2.252231515913621e-05 0
1440 9.443288067950069e-05 1.991597266134675e-05 0
1441 8.3275798039009e-05 2.312023542834951e-05 0
1442 5.466636730445274e-05 5.67369705439394e-07 0
1443 5.478983132498701e-05 9.139861066890125e-07 0
1444 6.688246076725222e-05 9.826598387660373e-07 0
1445 6.724345159816057e-05 7.216370687625531e-07 0
1446 6.772278287566891e-05 8.166395381841052e-07 0
1447 5.687739970529662e-05 3.22338247814063e-07 0
1448 5.673903074341319e-05 3.216403372131095e-07 0
1449 5.681380466348709e-05 4.42854558216401e-07 0
1450 9.748397358593968e-05 9.532690612525767e-06 0
1451 3.346132762157066e-05 8.320155695767607e-05 0
1452 5.711357125159662e-05 9.105121100498717e-07 0
1453 5.742624828344442e-05 1.057911763390966e-06 0
1454 5.750438635467431e-05 1.458982995709376e-06 0
1455 5.785419356911955e-05 1.168909749801265e-06 0
1456 6.643121217069436e-05 7.105320169857893e-07 0
1457 8.228149016386679e-05 9.194823834265533e-05 0
1458 6.418499235904863e-05 5.290053841727387e-06 0
1459 9.158087282706941e-05 4.299586125677635e-05 0
1460 1.795988213755804e-05 1.863743501696984e-05 0
1461 5.45452011980489e-05 1.204139687989889e-06 0
1462 5.496115478751953e-05 1.261649973706849e-06 0
1463 5.519100737758855e-05 9.487573922602184e-07 0
1464 5.538032796920671e-05 1.266649949681852e-06 0
1465 5.515292322035576e-05 1.657358319701837e-06 0
1466 5.558313176443043e-05 9.088368051558162e-07 0
1467 4.210216925122336e-06 8.394782738193049e-05 0
1468 8.088015782620893e-06 8.687992785160609e-05 0
1469 1.031607421983113e-05 9.512411090962268e-05 0
1470 8.760958677621506e-06 9.268530796568293e-05 0
1471 3.346912041938829e-06 9.356219054011314e-05 0
1472 9.627994722909917e-05 9.296587869378562e-05 0
1473 7.060260103785744e-05 1.217564743860721e-06 0
1474 5.855199284287841e-05 7.821163367408081e-07 0
1475 5.857874384631293e-05 1.217785349523298e-06 0
1476 4.742324415070296e-05 8.224010052279124e-07 0
1477 4.705368069514129e-05 9.58507969766219e-07 0
1478 9.383437012648607e-05 6.387857370876322e-05 0
1479 5.928465488698612e-05 1.829866247980015e-05 0
1480 5.734821833743134e-05 7.495992617620353e-07 0
1481 6.817366735490841e-05 1.863869598720197e-06 0
1482 9.703163379304124e-05 2.605613306668042e-05 0
1483 3.535266914324759e-05 7.369719763414656e-07 0
1484 3.58745385037653e-05 6.537848054468314e-07 0
1485 6.176918885876264e-05 5.266102480768359e-07 0
1486 6.138102621421266e-05 5.596330216520608e-07 0
1487 4.497932611101278e-05 9.647013789303024e-05 0
1488 5.941936056881691e-05 3.619953982856725e-07 0
1489 5.927476290091878e-05 3.307102382595696e-07 0
1490 5.016039073256748e-05 1.329138079351363e-05 0
1491 7.533702895705526e-05 1.909399920484749e-06 0
1492 7.559730551661327e-05 9.541108602253293e-07 0
1493 7.436977713748307e-05 1.757782270613198e-06 0
1494 7.221236591315273e-05 6.445097460439475e-06 0
1495 7.34942293865121e-05 5.601485860561925e-06 0
1496 7.745860754895295e-05 2.917647184833205e-05 0
1497 1.939087587276126e-05 3.447135875986448e-06 0
1498 1.744801571318938e-05 3.334774081492472e-06 0
1499 2.11402141641277e-05 3.512879484972265e-06 0
1500 2.199043311441885e-05 5.089547013831151e-06 0
1501 2.282284562142518e-05 3.602737300963735e-06 0
1502 2.362994389227025e-05 4.925430155439301e-06 0
1503 2.200683072037901e-05 2.252486527808393e-06 0
1504 7.388798218525906e-05 5.877869036749466e-07 0
1505 5.586359948966501e-05 2.001226570919278e-06 0
1506 5.568505741173489e-05 2.577617511737195e-06 0
1507 9.070722714930388e-06 3.19948724592065e-05 0
1508 4.940146887951678e-05 2.456480116288459e-06 0
1509 7.700240760597287e-05 6.149637670485518e-06 0
1510 5.619079656173952e-05 3.05566145130435e-06 0
1511 5.120299741409815e-05 3.724910846649853e-07 0
1512 5.138965602952724e-05 3.248501836115331e-07 0
1513 5.134241009782443e-05 4.963770961844648e-07 0
1514 5.242443823084194e-05 1.889565966219042e-05 0
1515 5.198064363794534e-05 1.545357711470624e-06 0
1516 6.396732524532657e-05 9.220516933881285e-07 0
1517 5.09022081648024e-05 3.737374571215816e-06 0
1518 5.177781779237832e-05 3.330097186140169e-06 0
1519 3.225055253533089e-05 8.964075189117896e-06 0
1520 3.311428322588269e-05 7.48616375438598e-06 0
1521 3.152808573505507e-05 7.421523888440143e-06 0
1522 3.115378506047457e-05 1.067141790461414e-05 0
1523 7.288433302159536e-05 8.871190874968535e-05 0
1524 5.54265805321713e-05 3.361200679012033e-06 0
1525 5.494404089456534e-05 2.701574237993883e-06 0
1526 6.744824942303613e-05 5.48584928608911e-06 0
1527 2.438424604770919e-05 5.725446796066579e-05 0
1528 4.252632234207042e-05 1.433349123320008e-06 0
1529 5.882480783067692e-05 1.62185812648429e-05 0
1530 4.888202694196731e-05 4.481210686851457e-07 0
1531 4.899093829315054e-05 2.183116374702983e-07 0
1532 4.858045693962559e-05 5.330885540971183e-07 0
1533 2.87491509279549e-05 2.642248293838414e-06 0
1534 4.468143420130233e-05 6.783553490075703e-05 0
1535 4.104738133309782e-05 6.356567070327838e-05 0
1536 3.402909081544258e-05 2.329626646822253e-05 0
1537 7.388641061364534e-05 2.608940955308817e-05 0
1538 5.210694791143502e-05 2.094605783803716e-06 0
1539 5.823822811725702e-05 1.021702101080711e-06 0
1540 5.446788500968802e-05 3.062373656372883e-07 0
1541 9.25954895103891e-05 9.114613297447002e-05 0
1542 4.13553755869987e-05 6.049992701500124e-07 0
1543 6.752457047157746e-05 9.271954870412534e-05 0
1544 6.808758730595002e-05 9.584339678602289e-05 0
1545 1.836652576718451e-05 1.679662619470028e-06 0
1546 1.646935161081289e-05 1.746071107759499e-06 0
1547 6.10682697545529e-05 3.223817263721569e-07 0
1548 2.117346575707477e-06 2.26469945113613e-05 0
1549 9.225119412730272e-05 1.931556328423431e-05 0
1550 9.378202725595806e-05 1.777977010123348e-05 0
1551 9.595588330120927e-05 1.81462396593474e-05 0
1552 9.51738993739126e-05 1.625478993790545e-05 0
1553 9.543285430146212e-05 8.40940899003819e-05 0
1554 7.678298543128552e-05 1.73830544608441e-06 0
1555 6.317629976741686e-05 4.685480483359448e-06 0
1556 4.115512109337414e-05 1.009587654358214e-06 0
1557 4.095180916830209e-05 6.132609806769998e-07 0
1558 3.08003403189358e-05 3.404586224364844e-07 0
1559 3.051248883283969e-05 4.011809021444302e-07 0
1560 3.039475431713722e-05 8.640568847161395e-08 0
1561 6.174693266820866e-05 2.65881008782216e-06 0
1562 6.01365057984805e-05 9.459643027753298e-05 0
1563 5.738562064460461e-05 9.468552062530438e-05 0
1564 5.58422719357729e-05 9.244902180467671e-05 0
1565 5.479643092399218e-05 9.462115799386836e-05 0
1566 5.323239780861739e-05 9.260009013660933e-05 0
1567 5.20522634831382e-05 9.489776969677345e-05 0
1568 8.074501002424611e-05 2.584202936949119e-05 0
1569 5.87414485796993e-05 9.69576164148743e-05 0
1570 5.824822543501179e-05 5.460195885667166e-06 0
1571 2.843987855306888e-05 2.452313670500873e-07 0
1572 7.322883968252827e-05 6.54507892243122e-07 0
1573 4.827463865228085e-05 9.231516747173726e-05 0
1574 4.929903206354488e-05 9.451508709780077e-05 0
1575 3.971483459757214e-05 4.038675256707149e-06 0
1576 3.981921464502793e-05 6.85101515931175e-05 0
1577 3.937323222036548e-05 5.837176798174325e-05 0
1578 3.449278673835537e-05 5.687138808637735e-05 0
1579 4.51072321752887e-05 8.863168467498944e-07 0
1580 4.465013742186967e-05 9.694470441950378e-07 0
1581 4.150903525777638e-05 8.246996822741355e-05 0
1582 8.35183000941916e-05 9.532988744286108e-05 0
1583 8.695172301712673e-05 9.602678095644516e-05 0
1584 8.573141644624364e-05 3.808966846472058e-06 0
1585 1.638460085451142e-05 4.951720401773535e-06 0
1586 4.877249553112724e-05 7.516682944771082e-06 0
1587 9.094759922344576e-05 3.205122876348235e-05 0
1588 2.287008861921985e-05 6.557303370214819e-06 0
1589 4.368710042377138e-05 8.521717064626e-05 0
1590 4.271264810382824e-05 8.817119777527888e-05 0
1591 6.031363014273835e-05 1.607775727647775e-06 0
1592 8.3950055141833e-05 3.128272536921273e-06 0
1593 5.611126951314947e-05 1.043491490614787e-06 0
1594 7.362249251576502e-05 1.372804919994102e-06 0
1595 5.151937096054387e-05 9.343263189849269e-08 0
1596 5.175524855356382e-05 1.419584671263569e-07 0
1597 4.892072608632157e-05 1.821370203477543e-05 0
1598 4.781121544084729e-05 1.996316367655864e-05 0
1599 5.24050822918664e-05 1.209400968762762e-06 0
1600 2.346527801470295e-05 2.32184271094564e-06 0
1601 5.53634298399925e-05 6.162036683773119e-07 0
1602 7.010818333685292e-05 2.569455836014171e-07 0
1603 6.99765748248449e-05 2.438679317300738e-07 0
1604 6.816784841888632e-05 9.301808993412661e-07 0
1605 3.563798567801627e-05 4.974487022217517e-06 0
1606 3.446303441972323e-05 5.677034126676777e-06 0
1607 3.460453809368502e-05 7.070553395383083e-06 0
1608 3.632623920240442e-05 7.851196174491844e-06 0
1609 3.699515375286772e-05 1.692307035310241e-06 0
1610 3.984704831843663e-05 9.6234937897449e-05 0
1611 7.137452854588643e-05 2.287494537846015e-05 0
1612 3.275497184328658e-05 2.31189703169902e-06 0
1613 7.87551646463016e-05 6.501110104227565e-06 0
1614 7.982267883630036e-05 7.998685583302897e-06 0
1615 2.185698273605812e-05 2.27723046464022e-05 0
1616 7.021352540246536e-05 9.449964062412666e-08 0
1617 4.225174315658835e-05 9.62045080351662e-05 0
1618 4.144170946291765e-05 1.527648606830928e-06 0
1619 8.417134078475116e-05 5.717705292847589e-05 0
1620 8.683680315449765e-05 4.998009380122259e-05 0
1621 5.697847692857707e-05 1.666037623058619e-05 0
1622 8.761683620301092e-05 1.612429607559824e-06 0
1623 6.503518713012267e-05 1.146170452125369e-05 0
1624 6.706426537143599e-05 1.216385116380134e-05 0
1625 6.712367830700059e-05 4.765451542228699e-05 0
1626 6.467049867932884e-05 4.299432888970696e-05 0
1627 6.196079168722821e-05 4.722977591405155e-05 0
1628 5.944852852045725e-05 4.258004293727262e-05 0
1629 6.219093801177994e-05 3.852030142450179e-05 0
1630 5.695626678585498e-05 3.82011280858712e-05 0
1631 5.981811270979507e-05 3.390614017453623e-05 0
1632 5.299922882524386e-05 6.22208179346872e-07 0
1633 3.569035386554743e-05 8.621187721641502e-05 0
1634 5.535387628462368e-05 7.618496238179544e-05 0
1635 5.598800297636905e-05 4.759053606953891e-07 0
1636 1.25000000000294e-05 1.642323546111681e-06 0
1637 8.944881430934246e-05 1.642235098007724e-06 0
1638 9.037330760199547e-05 3.335125340774207e-06 0
1639 7.514113989400525e-05 5.659968776824487e-06 0
1640 6.706356970095533e-05 1.471102950317703e-05 0
1641 4.869098672481343e-05 3.291608067773063e-07 0
1642 4.880899633683528e-05 3.14451899123446e-07 0
1643 4.842543230289131e-05 3.715227217955228e-07 0
1644 4.854804618403377e-05 2.354496969919292e-07 0
1645 4.856035400915258e-05 3.696495958005538e-07 0
1646 4.832703961881765e-05 6.363431127141012e-07 0
1647 7.332429543448066e-05 1.211428842372453e-05 0
1648 3.603258413803322e-05 1.885616232144209e-06 0
1649 3.660016276642221e-05 2.50808311347824e-06 0
1650 4.871268476772212e-05 3.131817165278292e-05 0
1651 4.663275568747304e-05 3.586864335773756e-05 0
1652 5.189595217492401e-05 3.584877807101506e-05 0
1653 4.918654894101619e-05 4.092561003416655e-05 0
1654 2.912278482514582e-05 1.064569749187465e-05 0
1655 6.921110886046308e-05 1.171966246848768e-05 0
1656 3.038736563206227e-05 4.567619921048747e-06 0
1657 6.063092422735194e-05 1.492556316838045e-05 0
1658 7.577280524835895e-05 7.572391462802268e-06 0
1659 8.314031842125186e-05 8.152313763585926e-06 0
1660 7.203928594893493e-06 9.522565390011595e-05 0
1661 1.057692307695058e-05 1.613100071765962e-06 0
1662 4.797674681536654e-05 1.107401149659894e-05 0
1663 5.203036506461719e-05 1.175034890415057e-05 0
1664 1.693634032282729e-05 1.697070542690242e-05 0
1665 2.302344727354154e-05 1.382238368909512e-05 0
1666 2.195942619081158e-05 1.547956419423441e-05 0
1667 1.996156823782295e-05 1.538615210539246e-05 0
1668 2.091028038614663e-05 1.707614184157692e-05 0
1669 7.708915037007997e-05 1.343713146064579e-05 0
1670 9.83578270018034e-05 4.808934867571978e-06 0
1671 9.643072124036384e-05 3.584389839634411e-06 0
1672 1.648477392222852e-06 4.913621258252944e-06 0
1673 2.483690590601552e-05 1.729270968140852e-05 0
1674 7.896901726535589e-05 1.409132694383117e-05 0
1675 6.452006071322995e-05 1.856744639632035e-05 0
1676 1.568220119986247e-06 8.672048831830622e-06 0
1677 7.747332447458934e-05 1.540053089876233e-05 0
1678 2.901989129366487e-05 1.406100962606511e-05 0
1679 1.131382671835024e-05 6.43647850507384e-06 0
1680 1.04405896933128e-05 4.753185048977155e-06 0
1681 2.021800571910316e-05 8.448502260785592e-06 0
1682 9.51642178042804e-05 6.932814510781794e-06 0
1683 8.345630706648154e-05 1.013320418147614e-05 0
1684 6.901607536718338e-06 1.662534866938721e-05 0
1685 2.982404819147861e-05 1.9283578215386e-05 0
1686 1.902608423026052e-05 1.366585661663409e-05 0
1687 1.224142866348195e-05 8.197045085434392e-06 0
1688 9.335209746645213e-06 6.378913736545469e-06 0
1689 8.42606080655575e-05 1.407855367150263e-05 0
1690 8.57702136601672e-05 1.276458721254088e-05 0
1691 1.516791132501824e-05 1.004531304513091e-05 0
1692 1.317022327281849e-05 9.966028694997962e-06 0
1693 8.53833008176499e-05 1.080078149369314e-05 0
1694 8.615257019087752e-05 1.472711064258177e-05 0
1695 3.395239882899635e-05 2.008812906905947e-05 0
1696 3.605894384593613e-05 1.930220277626111e-05 0
1697 3.301972195930937e-05 1.420547561903969e-05 0
1698 1.303101453339155e-05 1.342756405500556e-05 0
1699 3.209596128869104e-05 1.244584353496176e-05 0
1700 1.210075579684003e-05 1.165703019147669e-05 0
1701 3.805683806080124e-05 1.267333627595715e-05 0
1702 3.901703267831314e-05 1.067056645079095e-05 0
1703 4.112920322239198e-05 1.100586131279575e-05 0
1704 4.22078522327552e-05 9.351739608215027e-06 0
1705 3.991644518540884e-05 7.702571976212938e-06 0
1706 4.042998437692521e-05 9.336865740462075e-06 0
1707 3.692430855888066e-05 1.778239751665664e-05 0
1708 3.616847038404123e-05 2.12665756416919e-05 0
1709 9.0622761871116e-05 1.804476107111545e-05 0
1710 1.19633342778447e-05 1.511873415814495e-05 0
1711 9.33355729002547e-05 1.536567944885888e-05 0
1712 9.484103105244745e-05 1.407428897856956e-05 0
1713 9.665374659722573e-05 1.507107066863425e-05 0
1714 8.987929240736239e-05 6.805282415236974e-06 0
1715 5.082928608121842e-06 1.313370288191498e-05 0
1716 4.274822908275378e-06 1.143115662847602e-05 0
1717 4.022408347296086e-06 1.467744226785048e-05 0
1718 4.284791448521298e-05 1.798386031791712e-05 0
1719 4.392475340658305e-05 2.032492228571816e-05 0
1720 1.010200797156177e-05 1.157754274893122e-05 0
1721 5.243391666458199e-06 9.672162572991729e-06 0
1722 4.604039008708163e-05 1.964595948599329e-05 0
1723 4.39365477173589e-05 1.633916862569455e-05 0
1724 4.193951864199558e-05 1.626316036900854e-05 0
1725 4.503132499984221e-05 1.13475030857758e-05 0
1726 9.257130671933608e-05 1.143936906723231e-05 0
1727 9.444166851060808e-05 1.209841199531703e-05 0
1728 8.727912760640486e-05 1.145130962268822e-05 0
1729 8.766169435588846e-05 1.341426465276092e-05 0
1730 7.935384669464103e-05 1.60526330705753e-05 0
1731 6.731507011756062e-06 1.581285693529366e-06 0
1732 9.322129317016919e-05 1.609671536497938e-06 0
1733 5.594123337435319e-05 5.865711464718074e-06 0
1734 6.445542662813282e-05 8.216525999598685e-08 0
1735 6.440273140840328e-05 1.729687940001459e-07 0
1736 4.332667569932559e-05 8.641635167384961e-08 0
1737 4.33866069336657e-05 1.55597292216029e-07 0
1738 4.346669821514936e-05 1.511240378824653e-07 0
1739 4.347716269814258e-05 2.742574272590127e-07 0
1740 4.605102988261144e-05 8.644089604136744e-08 0
1741 4.600112998521826e-05 1.725077258746359e-07 0
1742 4.610097725335435e-05 1.727854518589252e-07 0
1743 4.590159844487033e-05 1.730738533289013e-07 0
1744 4.605119907213072e-05 2.595269511943802e-07 0
1745 5.099136607609571e-05 1.065717331075967e-07 0
1746 5.107270498964261e-05 1.729687939997823e-07 0
1747 5.117255261978404e-05 1.672149031416202e-07 0
1748 5.100306922458325e-05 3.859671295292151e-07 0
1749 5.109690867195371e-05 3.082565782594402e-07 0
1750 5.098380930026713e-05 2.567943508029291e-07 0
1751 5.394908746137707e-05 8.650841903890982e-08 0
1752 5.400283821141887e-05 1.708375203809236e-07 0
1753 5.408703512024011e-05 1.544694952352749e-07 0
1754 5.408293133223411e-05 2.753495714865841e-07 0
1755 5.389962986432918e-05 1.822747075875898e-07 0
1756 5.414634525180426e-05 8.793691569397813e-08 0
1757 6.970520595278751e-05 8.543340134971205e-08 0
1758 6.965012230954702e-05 1.718853625916986e-07 0
1759 6.975844819704128e-05 1.753398259080912e-07 0
1760 4.615072151850171e-05 8.636625362088828e-08 0
1761 4.829329330424865e-05 8.406008696186226e-08 0
1762 4.834045537223081e-05 2.035785766339215e-07 0
1763 4.843790343813723e-05 1.564642474792525e-07 0
1764 4.86779842162663e-05 8.589227379036092e-08 0
1765 4.872786210912225e-05 1.701667780050685e-07 0
1766 4.882546136280604e-05 1.661680091447737e-07 0
1767 4.37990876752999e-05 1.067348257916252e-07 0
1768 4.848007060140428e-05 7.999694129144705e-08 0
1769 6.686653169122854e-05 6.753920435003269e-08 0
1770 6.69087662346634e-05 2.329258883929404e-07 0
1771 4.887445825352429e-05 8.3554790857199e-08 0
1772 3.029668927690827e-05 8.354126205108074e-08 0
1773 3.021389448211354e-05 1.407004182103226e-07 0
1774 4.362281060143583e-05 7.569584465399006e-08 0
1775 5.667307806373803e-05 8.626189339449476e-08 0
1776 5.672312915311571e-05 1.714767592501245e-07 0
1777 5.681781371071383e-05 1.638113294167627e-07 0
1778 3.049437263031899e-05 8.712949168809498e-08 0
1779 3.044904740062426e-05 1.761033985325979e-07 0
1780 6.42531406690693e-05 8.636625361818262e-08 0
1781 6.41525754008342e-05 2.517040218573421e-07 0
1782 7.000359113767585e-05 8.173549158033303e-08 0
1783 4.584755637676875e-05 8.917317014000949e-08 0
1784 5.637419255518379e-05 8.6436805313494e-08 0
1785 5.632433701844624e-05 1.740005137540558e-07 0
1786 5.642414238511249e-05 1.709608180271838e-07 0
1787 5.637436046630708e-05 2.660945536087698e-07 0
1788 5.366315770798903e-05 9.38695275400936e-08 0
1789 5.142140255623233e-05 8.758137793794869e-08 0
1790 5.147161362785909e-05 1.729687939996595e-07 0
1791 5.384927848154867e-05 8.636625362049909e-08 0
1792 5.899512666837206e-05 8.643023283807151e-08 0
1793 5.895524264446909e-05 1.55616725845001e-07 0
1794 5.904673841216594e-05 1.672358539855922e-07 0
1795 5.899528875315923e-05 2.595269511931338e-07 0
1796 4.352265256750652e-05 8.015826248637843e-08 0
1797 5.618527467845951e-05 8.55064523468877e-08 0
1798 5.909514161499367e-05 8.544647249788754e-08 0
1799 6.707650718929365e-05 8.972170885124089e-08 0
1800 5.6473930516161e-05 8.606839525080422e-08 0
1801 5.929427617270345e-05 8.641431142761385e-08 0
1802 5.93441862483613e-05 1.686622262597836e-07 0
1803 5.944411202835636e-05 1.728800957858323e-07 0
1804 5.122234775746712e-05 8.544298069017486e-08 0
1805 6.98053408161804e-05 8.410449872879636e-08 0
1806 4.322134864960136e-05 8.648335255383653e-08 0
1807 4.314821388141247e-05 2.099248151273444e-07 0
1808 6.202632403137197e-05 3.677228538228569e-07 0
1809 3.010249634155123e-05 7.924853087529384e-08 0
1810 3.006623709070428e-05 2.519474925973232e-07 0
1811 1.520183759816035e-06 1.059078915414357e-05 0
1812 7.246610234885551e-05 6.752774993011823e-05 0
1813 9.639977550755877e-05 1.279391878794599e-05 0
1814 3.034069476996839e-05 1.674919832291623e-07 0
1815 3.029696158818153e-05 2.967095893733593e-07 0
1816 5.621094135337165e-05 1.831065046531983e-07 0
1817 5.626128455571075e-05 2.72725862989183e-07 0
1818 5.662024178606579e-05 1.679673390235141e-07 0
1819 5.137182569343412e-05 1.698735165721889e-07 0
1820 5.924441071391254e-05 1.692317574912493e-07 0
1821 4.861973320113338e-05 1.799519789248488e-07 0
1822 4.329724029588639e-05 2.091578665820605e-07 0
1823 3.012784051147708e-05 9.564913566085602e-05 0
1824 9.163593800173305e-05 8.715021622491368e-05 0
1825 5.652012415703479e-05 1.664694060603741e-07 0
1826 5.914509115025159e-05 1.683901376793989e-07 0
1827 5.919287441778051e-05 2.629392125681878e-07 0
1828 5.12722441211259e-05 1.698593901741639e-07 0
1829 7.200979316301881e-05 1.924388786209618e-06 0
1830 2.441971184353853e-05 8.776913072815134e-06 0
1831 4.620058509827777e-05 1.724381768435373e-07 0
1832 4.630045274367354e-05 1.728143973888685e-07 0
1833 4.615174895826949e-05 2.551320620410202e-07 0
1834 5.380508140974736e-05 1.723697334305126e-07 0
1835 5.041610228046268e-05 9.114548861708687e-07 0
1836 7.595188527843632e-05 1.668759226974701e-05 0
1837 8.500760780293635e-05 8.830148194830105e-06 0
1838 5.766891558833262e-05 7.789791392085559e-07 0
1839 5.739283324308936e-05 3.848394149098104e-07 0
1840 5.795007430551333e-05 6.02156203250107e-07 0
1841 3.042393236502631e-05 2.632189643441719e-07 0
1842 2.443148394099478e-05 3.451030344284299e-06 0
1843 2.424881287880895e-05 1.21320388801753e-06 0
1844 3.253361332265401e-05 6.71975621824906e-07 0
1845 4.624083512885633e-05 2.35024573549211e-07 0
1846 4.633372789001068e-05 2.946221091540858e-07 0
1847 4.640039042515099e-05 1.73155688476886e-07 0
1848 4.031087698315944e-05 6.118756652257163e-06 0
1849 4.127735066743761e-05 7.077567381629101e-06 0
1850 9.289340919174934e-05 9.468436533919354e-05 0
1851 7.098931073336221e-05 1.845125087591085e-05 0
1852 9.80419187978385e-05 1.82345929380714e-05 0
1853 1.787795801188397e-06 1.836391467255832e-05 0
1854 3.491704738881183e-06 1.744418641041199e-05 0
1855 1.936007545042702e-06 1.452082083575104e-05 0
1856 4.764594307008246e-05 2.205646084290214e-06 0
1857 1.539147370071195e-05 3.269960673436535e-06 0
1858 1.229981834266155e-05 8.833606245815858e-05 0
1859 4.444844193646875e-05 1.367235285668327e-06 0
1860 4.418202371955089e-05 9.524669152835529e-07 0
1861 4.393399224333272e-05 1.355355761158098e-06 0
1862 4.371134994735121e-05 9.180812706600991e-07 0
1863 4.339412781701575e-05 1.332197560515924e-06 0
1864 6.68785352025531e-05 5.475645570428018e-07 0
1865 4.993493904020306e-05 4.062459122682395e-06 0
1866 6.281564120994856e-05 3.106615695844488e-05 0
1867 3.758915650563524e-05 9.240317297841128e-06 0
1868 5.299999999987728e-05 9.831316286003574e-05 0
1869 7.01493393494309e-05 1.635433096642879e-07 0
1870 6.471998040420708e-05 1.408968722505648e-06 0
1871 6.529274122860505e-05 1.711101098280516e-06 0
1872 5.032906057987212e-05 7.049341645652521e-06 0
1873 5.702784517213495e-05 4.180978008186287e-07 0
1874 3.606543402100388e-05 3.452282719272961e-07 0
1875 7.562482446706421e-05 1.4737940665973e-05 0
1876 1.075709241434881e-05 2.027069317744782e-05 0
1877 3.770822770705318e-05 6.404243842892444e-07 0
1878 2.821647306707716e-05 4.068812002207828e-05 0
1879 4.372895911350235e-05 5.441853205448944e-06 0
1880 4.334254980242552e-05 6.761788252020257e-06 0
1881 3.809148614135693e-05 1.572748369008896e-06 0
1882 5.439474845486177e-05 5.072115900912694e-05 0
1883 2.638374614904137e-05 5.824309600638563e-06 0
1884 5.869954720454283e-05 4.555836311942759e-07 0
1885 5.883317314678681e-05 2.094334576043048e-07 0
1886 5.852619231880993e-05 2.227281814128119e-07 0
1887 5.701232038203763e-05 9.005127664535846e-05 0
1888 4.013695794529376e-05 1.036935464355286e-06 0
1889 3.009430524551143e-05 1.238515333298226e-05 0
1890 6.389167265788132e-05 1.375157048672556e-06 0
1891 7.087936192812696e-05 7.95566147281316e-07 0
1892 4.899278503284227e-05 9.820096415143953e-05 0
1893 5.712357476318978e-05 9.839429384084714e-05 0
1894 5.131365232877646e-05 2.734519137189481e-07 0
1895 2.805839712411909e-05 1.231584568926376e-05 0
1896 3.118960217149798e-05 5.926643618210878e-06 0
1897 3.343022468062904e-06 5.997184655630424e-06 0
1898 4.428293511394807e-05 9.730866440745644e-06 0
1899 1.34430984641382e-05 3.234032282311099e-06 0
1900 6.759737768599226e-05 3.861391035784598e-05 0
1901 6.854730506908262e-05 5.931642574700263e-06 0
1902 1.276424336429977e-05 2.014422396023892e-05 0
1903 5.484532490513153e-05 2.597301862680647e-07 0
1904 7.287049280051804e-05 1.235610727267318e-06 0
1905 4.031633918353723e-05 6.35657271523089e-07 0
1906 5.408993220324745e-05 1.260548615709632e-06 0
1907 3.603993801129444e-05 9.597115176266344e-05 0
1908 1.886670168507589e-05 9.628300138227141e-05 0
1909 4.899639898499137e-05 2.082526358406484e-06 0
1910 4.318299262785895e-05 7.213230860442671e-05 0
1911 5.122266940891628e-05 2.546169967638352e-07 0
1912 1.447791748464319e-05 5.019407321682599e-05 0
1913 2.108799449465883e-05 6.693661188962246e-06 0
1914 7.149524013933349e-05 5.285678036111273e-06 0
1915 4.953912183830596e-05 4.737656961863211e-07 0
1916 4.989153998119787e-05 6.303171845534451e-07 0
1917 4.991835200325825e-05 1.095940366107723e-06 0
1918 9.667193486031231e-05 5.772830843012592e-06 0
1919 6.594647271882294e-05 5.328979085052931e-07 0
1920 6.888868823393529e-05 6.285382597143298e-07 0
1921 6.855166092767805e-05 5.022316848440259e-07 0
1922 6.887420832736018e-05 2.651007391009698e-07 0
1923 6.91112430891081e-05 4.36219059267417e-07 0
1924 2.794707129546927e-05 1.0318308264252e-07 0
1925 8.931958863091012e-05 4.854940839930532e-06 0
1926 4.310307515297638e-05 9.823236373288099e-05 0
1927 6.28641484805194e-05 9.82685450219419e-05 0
1928 6.291671102178276e-05 3.324709889556906e-06 0
1929 3.232820371067801e-06 9.640797634137162e-06 0
1930 6.94259192995582e-05 1.675235657362163e-06 0
1931 5.709538551526765e-05 6.588961028756419e-07 0
1932 9.711350554741138e-05 1.60525678510405e-06 0
1933 2.947763264574875e-06 1.48540937015676e-06 0
1934 4.800597231483556e-05 6.383973716999318e-07 0
1935 3.996112338423404e-05 8.612540206936964e-05 0
1936 4.918830386575148e-06 3.645479585374899e-05 0
1937 7.376368990743987e-05 1.406018959755502e-05 0
1938 5.222154565918341e-05 7.405299488645474e-07 0
1939 5.123688311440996e-05 6.422483667513226e-06 0
1940 3.496375605934166e-05 9.808918114120389e-05 0
1941 3.891466550099233e-05 9.820056325120963e-05 0
1942 9.814582015874919e-05 2.235877559125345e-05 0
1943 6.70555716895076e-05 9.818543679489794e-05 0
1944 7.09950364459982e-05 9.64741595068807e-05 0
1945 7.032553794202608e-05 4.874671434968588e-06 0
1946 6.283113383207778e-05 8.313444213002352e-05 0
1947 5.717151012896284e-05 1.78037047573266e-06 0
1948 5.765006895208809e-05 1.875994821094014e-06 0
1949 5.929227945976281e-05 3.038873392821493e-06 0
1950 2.683154055614612e-05 7.651432246795299e-05 0
1951 6.593348574938359e-05 1.738227732095845e-05 0
1952 4.646165471227933e-05 4.587863522698947e-07 0
1953 4.668370178737797e-05 4.451780255352444e-07 0
1954 5.263060036704521e-05 3.327257140606633e-06 0
1955 6.431466622025138e-05 4.239087362113674e-06 0
1956 4.70895064172287e-05 2.347450146296274e-06 0
1957 5.589059942488468e-05 8.201137225741368e-07 0
1958 4.688003836777995e-05 6.474611399338536e-07 0
1959 5.227534357339379e-05 2.657389619872889e-06 0
1960 4.778754768344315e-05 9.633184562378796e-05 0
1961 5.686989466854402e-05 6.445161718843951e-06 0
1962 5.933620628178494e-05 8.794395646210041e-06 0
1963 9.093762626788631e-05 2.779608763999209e-05 0
1964 3.291450596540327e-05 9.816289377367151e-05 0
1965 2.904297780731137e-05 9.806264987915673e-05 0
1966 6.288611894172888e-05 6.440625915121793e-06 0
1967 9.508333333332292e-05 9.817842991910561e-05 0
1968 9.099999999997877e-05 9.820806548885958e-05 0
1969 5.212394541481616e-05 8.229686453739047e-05 0
1970 8.876789853408787e-06 9.773406171195709e-05 0
1971 4.796039530630189e-06 9.656998941582264e-05 0
1972 8.699034460339987e-05 9.851253586825966e-05 0
1973 8.503928868865653e-05 9.797884356770473e-05 0
1974 8.109260737615163e-05 9.63154802838767e-05 0
1975 1.300243449584411e-05 9.82337512375631e-05 0
1976 7.499999999993616e-05 9.826794919242655e-05 0
1977 7.415303175993365e-05 9.613627690269544e-05 0
1978 5.47030672938355e-05 1.602584728741289e-06 0
1979 5.471900788174107e-05 2.069815318491586e-06 0
1980 8.999999999997621e-05 9.618626031294324e-05 0
1981 2.500327905205901e-05 9.817748386515605e-05 0
1982 2.599999999993942e-05 9.61785840292642e-05 0
1983 1.897334033698134e-05 9.856377995342896e-05 0
1984 2.099999999995216e-05 9.826794919243648e-05 0
1985 2.163037996810222e-05 9.61811002106301e-05 0
1986 1.500040574928135e-05 9.821110224312475e-05 0
1987 6.560891088070513e-05 8.665129413266967e-06 0
1988 2.3075683454642e-05 8.392294463972426e-05 0
1989 6.949555329473793e-05 8.041109596126969e-08 0
1990 5.896392224596722e-05 5.992108763168091e-05 0
1991 7.903865889806507e-05 9.784100619558743e-05 0
1992 6.238425792970206e-05 2.923395202980194e-06 0
1993 2.986152804594732e-05 2.362778447988007e-06 0
1994 7.000134457263829e-05 1.116827472778559e-06 0
1995 6.084596516423564e-05 7.948724020943942e-05 0
1996 9.829644437592479e-05 1.42455941802735e-05 0
1997 5.93941902447903e-05 2.514711343897621e-07 0
1998 5.821855542854064e-05 9.764884589825452e-06 0
1999 5.864599464350452e-05 1.151528388164205e-05 0
2000 1.123174503994668e-05 2.644857374852177e-05 0
2001 8.080077169345332e-05 5.196666348712581e-05 0
2002 5.480582572902247e-05 4.761105195948894e-06 0
2003 7.927607809808844e-05 3.322207686345465e-06 0
2004 6.103577996626141e-05 5.872468058520213e-06 0
2005 2.522641556697873e-05 4.745719388016085e-06 0
2006 3.284819649913814e-05 1.12579966909061e-06 0
2007 3.302282557158299e-05 6.566912348188426e-07 0
2008 5.632537599569889e-05 6.390304635394512e-05 0
2009 4.953266326716374e-06 1.639100003605037e-05 0
2010 3.936635899831032e-06 1.943014968149154e-05 0
2011 5.299252793972368e-05 3.107692858015259e-05 0
2012 4.468535953475637e-05 7.2399541754702e-06 0
2013 7.837545360467674e-05 2.025086807937245e-06 0
2014 6.735215776102709e-05 6.838417682655724e-05 0
2015 7.443161842442077e-05 7.224556321530852e-05 0
2016 7.004949574240574e-05 1.641998604499434e-07 0
2017 4.432567492886278e-05 5.907010364372711e-05 0
2018 8.540804881566091e-05 1.996513219651031e-05 0
2019 8.351678261592048e-05 1.931465030398077e-05 0
2020 5.531863624996749e-05 2.106880605480605e-06 0
2021 5.133052574416155e-05 3.766294335580619e-07 0
2022 5.140876616271305e-05 4.10582211103768e-07 0
2023 8.399972117152242e-05 2.099104576705521e-05 0
2024 1.149619015893383e-05 3.191686633546971e-06 0
2025 7.311954458632345e-06 6.331803197434012e-05 0
2026 7.858717924194457e-05 2.142753919326034e-05 0
2027 4.37213925515e-05 8.2248782185539e-06 0
2028 5.750677696931876e-05 4.906924509300066e-06 0
2029 6.713662518678102e-05 3.591592570516356e-07 0
2030 3.87012397640016e-05 3.494791849251549e-07 0
2031 3.838468431760526e-05 4.05508249184335e-07 0
2032 3.807077885720058e-05 8.415803486331741e-07 0
2033 6.078688447384601e-05 4.744479436090013e-06 0
2034 6.927465857469214e-05 1.759483512510644e-05 0
2035 8.139705827701636e-05 7.337861377818509e-06 0
2036 3.802257155490582e-05 4.37434436014526e-07 0
2037 3.819276735332155e-05 2.998385972757155e-07 0
2038 8.453470569229699e-06 8.230226210468554e-05 0
2039 5.162831986793321e-05 2.506439193247354e-06 0
2040 2.290128700629485e-05 1.709074276698787e-05 0
2041 5.018860471045227e-05 9.648965628328343e-05 0
2042 5.068424877881084e-05 9.29688432059676e-05 0
2043 5.433456673853343e-05 9.295712330681394e-06 0
2044 4.356933434220795e-05 1.54088353888945e-07 0
2045 6.93341761062148e-05 6.23565231934598e-05 0
2046 4.811356331799671e-05 1.914016801614672e-06 0
2047 7.190795278358692e-05 1.335303312362044e-05 0
2048 5.551137841740089e-05 1.557603009519459e-05 0
2049 8.696673384990454e-05 7.337974887986017e-05 0
2050 5.07462544507705e-05 5.238852289647051e-07 0
2051 5.052157036506334e-05 2.985196689660447e-07 0
2052 6.450887879575673e-05 9.707781871408562e-06 0
2053 3.916545132829723e-05 2.446516360192999e-05 0
2054 6.547195862880174e-05 9.030873822517626e-07 0
2055 5.283594463702059e-05 1.545950316273682e-06 0
2056 3.556862852693268e-05 4.645902190767804e-07 0
2057 6.949690348886594e-05 2.637007293567796e-07 0
2058 6.942682869981589e-05 3.438783712890432e-07 0
2059 7.747550946547922e-05 2.410233306602417e-05 0
2060 4.498131824907258e-05 9.858869224719991e-05 0
2061 2.896505293933688e-05 1.737931050104341e-06 0
2062 4.755902952711732e-05 5.560839505576473e-06 0
2063 6.956776135746422e-05 2.21117017513016e-07 0
2064 2.572284302727531e-05 2.755778329886797e-05 0
2065 1.893541612645164e-05 1.697733322780322e-05 0
2066 3.185058450346599e-05 2.048096593368172e-06 0
2067 1.469739786490136e-05 3.416405874684614e-05 0
2068 5.311588425181082e-05 2.77729992999226e-07 0
2069 6.290349723972623e-05 9.165875553024684e-07 0
2070 6.254145705833715e-05 4.892483248326166e-07 0
2071 4.619126070951254e-05 2.164810252135391e-06 0
2072 3.940066844901065e-05 5.064403854242272e-06 0
2073 4.472130014905541e-05 5.213605124045858e-06 0
2074 3.99843205944613e-05 3.127118582406002e-06 0
2075 5.961048414266439e-06 4.334256911168408e-05 0
2076 5.612465177511604e-05 9.65565867582314e-05 0
2077 5.903805767030488e-05 3.799066717376536e-07 0
2078 5.912235237794328e-05 4.098124539641736e-07 0
2079 5.891504144945781e-05 1.471691436504404e-06 0
2080 8.022531320295849e-05 4.287122103924647e-05 0
2081 9.434778424265326e-05 3.201340416882442e-06 0
2082 8.33636661874593e-05 1.517602441053168e-06 0
2083 5.073520037982158e-05 1.849387250511033e-05 0
2084 3.536907374630528e-05 3.688694577066678e-06 0
2085 9.595944829235884e-05 9.598571735526774e-05 0
2086 9.571615760963562e-06 3.137483356101072e-06 0
2087 3.855175905828438e-05 1.741463632983653e-07 0
2088 7.127843922832304e-05 7.646248373925615e-05 0
2089 7.087230560794537e-05 4.256738595583243e-07 0
2090 8.098132613828329e-05 9.843206872362535e-05 0
2091 8.121816054342843e-05 8.128757069869258e-05 0
2092 8.37149384397906e-05 7.751050351575735e-05 0
2093 9.071653829646628e-05 2.000938060020817e-05 0
2094 4.150692556922819e-05 5.81205625398886e-06 0
2095 7.013207271929719e-05 9.34188863092804e-05 0
2096 3.335661381483716e-05 4.332826262019222e-07 0
2097 3.309225659463938e-05 3.444648942086635e-07 0
2098 6.725375718393917e-05 3.597833634414298e-06 0
2099 6.985756922518624e-05 1.595338221981068e-07 0
2100 5.437919843450493e-05 1.479356068644881e-07 0
2101 5.918176019060017e-05 3.587120976304432e-07 0
2102 5.859175447592674e-05 8.772515892785179e-05 0
2103 6.922511222686093e-05 3.381551328549087e-06 0
2104 7.215787812530895e-05 5.252628537820548e-07 0
2105 6.776714303355045e-05 4.581165218528756e-07 0
2106 7.15694556856e-05 3.5152509801246e-07 0
2107 3.046381178118333e-05 8.476096946912677e-05 0
2108 3.06951348893433e-05 1.439240732429192e-07 0
2109 3.064719556539476e-05 2.696508169104251e-07 0
2110 3.052046923351763e-05 2.746089484413098e-07 0
2111 3.054524640964863e-05 1.769954106525875e-07 0
2112 5.441511110758514e-05 3.063744648052913e-06 0
2113 5.562225200026912e-05 3.404567608705646e-05 0
2114 5.360066140481277e-05 9.005388110632393e-05 0
2115 3.631942879049247e-05 4.545634778254719e-05 0
2116 3.373783948031516e-05 5.160367991660378e-05 0
2117 6.835970414278427e-05 1.321160178731579e-06 0
2118 6.861216380237981e-05 1.659647480039488e-06 0
2119 9.696384603650682e-05 7.675032145759646e-06 0
2120 9.276942891809545e-05 4.918969510565871e-05 0
2121 6.057172900624751e-05 9.352688863069387e-06 0
2122 4.570722136525728e-05 4.170915755348138e-07 0
2123 5.495650920317087e-05 5.726361358388653e-06 0
2124 7.12961993194466e-05 4.112837201653758e-06 0
2125 3.270596788495278e-06 1.303015863735181e-05 0
2126 5.609888789015467e-05 2.056119307218026e-05 0
2127 5.439988118575483e-05 1.872392266913805e-05 0
2128 2.641988406402439e-05 4.610154105687439e-06 0
2129 4.398294535058771e-05 5.135015385490668e-07 0
2130 4.985268066282507e-05 2.835468776096933e-06 0
2131 5.878499695080611e-05 7.591107471832563e-05 0
2132 6.685828396115331e-05 8.946170539343418e-06 0
2133 9.861260667311392e-05 1.096450935504029e-05 0
2134 5.697026831366343e-05 2.288813187864898e-07 0
2135 5.706874448920983e-05 1.150603397729323e-07 0
2136 5.142123319468475e-05 2.475753087323278e-07 0
2137 5.151740767760618e-05 2.583557029247792e-07 0
2138 5.154879967698623e-05 1.810918321524699e-07 0
2139 5.161102649599292e-05 2.678267279192658e-07 0
2140 7.149968609802854e-05 2.037926021325202e-05 0
2141 7.292767514111431e-05 2.118368210421399e-05 0
2142 6.045028535004881e-05 1.282074999851026e-05 0
2143 5.667177669484795e-05 2.515727065893273e-07 0
2144 4.296530697734171e-05 5.49562455635829e-07 0
2145 2.569025467085287e-05 8.065801344890978e-05 0
2146 3.629838278207021e-05 1.147982808723446e-06 0
2147 7.611815727996103e-06 3.098046195109413e-06 0
2148 2.694093780363302e-05 4.437075797947593e-07 0
2149 2.737310597261325e-05 4.925297495778558e-07 0
2150 6.217882191216691e-05 1.882848055001189e-07 0
2151 5.261830695609752e-05 7.542060733076827e-07 0
2152 1.59999999999672e-05 9.624397513462369e-05 0
2153 5.909740066554619e-05 2.372065069548685e-07 0
2154 7.968991819954725e-05 5.142167659634575e-06 0
2155 3.932433752082249e-05 7.245272597569032e-05 0
2156 5.067202518057559e-05 7.912042154536355e-05 0
2157 5.694634812853227e-05 1.135699315198284e-07 0
2158 5.686321605809428e-05 8.348805908115371e-08 0
2159 7.099999999992555e-05 9.840589385198095e-05 0
2160 6.134498531409915e-05 1.671552146621936e-06 0
2161 3.360143086658803e-05 4.078561659910809e-05 0
2162 5.383840437292915e-05 4.158020068857727e-05 0
2163 5.678830227839912e-05 2.612823277221811e-07 0
2164 4.871145164590361e-05 1.462281532658185e-05 0
2165 5.929410179886683e-05 2.420447535309101e-07 0
2166 5.809974541325095e-05 2.789153950717319e-06 0
2167 5.154440057487766e-05 4.38766127958426e-06 0
2168 4.546469613535391e-05 9.034607726936275e-07 0
2169 1.238376658027833e-05 9.645959638999519e-05 0
2170 3.84194448140404e-05 2.17733540509557e-05 0
2171 7.043527089612778e-05 3.795676575251222e-06 0
2172 5.687420572771373e-05 2.327861298086852e-07 0
2173 5.961936764860268e-05 4.319390987679942e-07 0
2174 4.678422661586735e-05 2.857785494918634e-07 0
2175 5.208027176677136e-05 3.541788159175893e-07 0
2176 4.876937021920864e-05 2.419792329345748e-07 0
2177 4.889548540636881e-05 2.791089566632362e-07 0
2178 4.22737944944334e-05 5.443000054375265e-05 0
2179 5.382889103031312e-05 9.656391539483594e-05 0
2180 5.676057889191972e-05 4.650085434233571e-05 0
2181 3.278768708847702e-05 3.215296380571231e-07 0
2182 2.959994758907186e-05 5.674826983275455e-05 0
2183 4.065596103978943e-05 9.077978978954433e-07 0
2184 4.061740369288271e-05 4.133001310460902e-07 0
2185 3.706230288786733e-05 3.271860290207253e-06 0
2186 5.739664298756476e-06 3.006303219358924e-06 0
2187 3.245721047268414e-05 2.587584456379271e-07 0
2188 4.852121962820917e-05 1.645275740339051e-07 0
2189 4.846303053852357e-05 2.412540565174584e-07 0
2190 9.677705792173777e-05 2.023135790512768e-05 0
2191 3.523602302835926e-05 3.208772909807932e-07 0
2192 3.543729157677063e-05 2.601050579106692e-07 0
2193 5.940055776009115e-05 5.131865579696609e-05 0
2194 6.323443986645269e-05 6.317257128294329e-07 0
2195 5.589130403152766e-05 2.871133409263979e-07 0
2196 5.64665116167284e-05 2.409293894026364e-07 0
2197 3.338644144161941e-05 1.626523185584766e-06 0
2198 6.963682177447969e-05 2.712492646546815e-07 0
2199 6.739338793119618e-05 1.648265985996373e-05 0
2200 6.350949934563662e-05 6.025866254486455e-05 0
2201 6.744752722042231e-05 2.017962055529976e-05 0
2202 5.720903679690466e-05 3.61450861118711e-07 0
2203 6.99542907413098e-05 1.530317274049611e-07 0
2204 5.426779370185077e-05 2.517442787614024e-07 0
2205 6.947049396280329e-05 1.297137265777371e-06 0
2206 6.165160897884779e-05 3.308538115517798e-07 0
2207 6.185352105487511e-05 2.732995235357486e-07 0
2208 6.198917052522868e-05 2.624998802148417e-07 0
2209 6.174660996030782e-05 2.09635072555731e-07 0
2210 7.035355056185123e-05 1.287792013087346e-05 0
2211 6.333690094713069e-05 5.681046483441194e-06 0
2212 7.685977380074045e-05 9.639340394371895e-05 0
2213 8.418611656882998e-05 2.642200007269074e-05 0
2214 3.607620177494466e-05 9.554667211146891e-06 0
2215 6.39784711095421e-05 5.157005836330251e-07 0
2216 8.638693300847981e-05 2.96021318418276e-05 0
2217 8.14093799769049e-05 1.395365879234611e-06 0
2218 5.417585064181824e-05 1.704066147478007e-07 0
2219 6.224999814186527e-05 4.629791794629838e-07 0
2220 6.555428341085783e-05 1.548107961570787e-05 0
2221 9.3572148559009e-05 7.976521346765141e-05 0
2222 2.417629575432864e-05 6.287871309661216e-05 0
2223 8.854183114872976e-05 3.14458549748429e-06 0
2224 5.027322802151319e-05 1.293719663403201e-06 0
2225 3.236744199331013e-05 6.41404531796575e-06 0
2226 4.588604580392444e-05 3.593988421063536e-07 0
2227 7.202379437735159e-05 9.14494014463608e-05 0
2228 6.630085901323623e-05 3.129828138473109e-07 0
2229 4.327051633923002e-05 8.026487928162057e-07 0
2230 6.455142294845923e-05 6.387893798660051e-08 0
2231 4.266038799731925e-05 2.081557166613799e-06 0
2232 6.210960997825932e-05 8.976993957639039e-08 0
2233 6.206046986904725e-05 1.882698565499894e-07 0
2234 6.196923833808233e-05 1.703804336643167e-07 0
2235 6.192883456429138e-05 8.543831501429668e-08 0
2236 6.183481009452829e-05 8.536269642009216e-08 0
2237 6.188573855136307e-05 1.672322926393867e-07 0
2238 7.944892474396435e-05 7.798823509652894e-05 0
2239 8.892089748864404e-05 7.832589667665446e-05 0
2240 4.613303488409578e-05 2.139351903342994e-05 0
2241 4.721197045694939e-05 8.996598495289698e-05 0
2242 3.854702414339496e-06 2.933140673077197e-06 0
2243 3.768757577643905e-05 2.720418296135472e-07 0
2244 5.822065349190818e-05 1.399564883799526e-06 0
2245 5.788230778527284e-05 1.549695834148834e-06 0
2246 4.888780970509643e-05 2.644916756860643e-06 0
2247 6.529022850829946e-05 2.372458137075732e-06 0
2248 6.098006159578254e-05 2.106007390814042e-05 0
2249 9.68394303453711e-05 1.67806347535338e-05 0
2250 5.821550987729685e-05 7.270230246695296e-07 0
2251 5.200711828806525e-05 9.681726517624531e-05 0
2252 6.192757121166902e-05 6.078063855483318e-06 0
2253 6.61914822117349e-05 1.016587658791582e-05 0
2254 6.18565152937142e-05 5.60691760998278e-05 0
2255 2.85493346539382e-05 2.405152478775274e-05 0
2256 3.11931305431255e-05 2.196096981632133e-05 0
2257 5.558922530870853e-05 1.615135914758344e-06 0
2258 4.86000633161227e-05 2.875930916611129e-07 0
2259 5.950100482995994e-05 1.053478994864065e-07 0
2260 1.223896303064602e-05 7.318507060158397e-05 0
2261 6.527511122877637e-05 2.764125109668586e-07 0
2262 3.061148233631547e-05 3.178030859643849e-06 0
2263 6.094566015356129e-05 1.078387839285727e-06 0
2264 3.158180232511677e-05 4.781491080036485e-06 0
2265 2.811804587617619e-05 9.633584986752598e-05 0
2266 6.150473694098775e-05 9.637326927676023e-05 0
2267 9.85657190793361e-05 8.247072398592608e-06 0
2268 4.297943037334437e-05 2.399950323087769e-07 0
2269 4.323459578080943e-05 4.123064638507636e-07 0
2270 4.852019579371124e-05 8.191937958059627e-07 0
2271 4.822510039494439e-05 3.828820892625147e-07 0
2272 5.233045449734179e-05 5.16295199017631e-06 0
2273 5.222225525010559e-05 6.152018039484332e-06 0
2274 2.465724825160098e-05 6.036868667752418e-06 0
2275 1.399723289622959e-05 9.657299646589443e-05 0
2276 5.655537917134068e-05 2.568638111118185e-07 0
2277 5.667154423913636e-05 3.580998159515047e-07 0
2278 5.577631677880269e-05 1.185905191388882e-06 0
2279 4.956551201633241e-06 9.847336442564823e-05 0
2280 4.633033338728235e-05 8.646018655558852e-08 0
2281 7.020640346045271e-05 1.505306144954319e-06 0
2282 3.546013697086876e-05 8.886194129721381e-05 0
2283 6.27087845125011e-05 2.383282707854127e-07 0
2284 2.386960097556526e-05 9.609948965044366e-05 0
2285 6.740379525955349e-05 4.172834398517271e-07 0
2286 6.72941385465094e-05 2.694694061640875e-07 0
2287 6.742015343271109e-05 1.641540381493634e-07 0
2288 6.735418084378136e-05 8.32105334939418e-08 0
2289 6.731402930729152e-05 1.547904762830963e-07 0
2290 6.722921905968169e-05 1.760136618010116e-07 0
2291 6.719678513731035e-05 2.487147723901928e-07 0
2292 6.713391108383135e-05 1.896786004867615e-07 0
2293 6.717768340436505e-05 9.004984543389399e-08 0
2294 6.702739742733619e-05 1.748053629962351e-07 0
2295 4.197446029686899e-05 1.375826799811992e-06 0
2296 6.399525668326873e-05 9.655504420188246e-05 0
2297 6.976409595736092e-05 2.523340817620763e-07 0
2298 7.26458976717673e-06 2.456221186098661e-05 0
2299 6.933174990087786e-05 5.060865279141236e-07 0
2300 5.261956259781005e-05 7.679721071869709e-05 0
2301 4.603988796844611e-05 4.372570950221947e-07 0
2302 4.600685708397912e-05 3.331362845951386e-07 0
2303 4.595106482723532e-05 2.568880835980855e-07 0
2304 8.547601287188558e-05 2.173151275311341e-05 0
2305 7.422706928169878e-05 1.129807930311696e-06 0
2306 2.681188292940916e-06 9.584995185383074e-05 0
2307 5.535381988616051e-05 1.727825134919463e-05 0
2308 4.95028316690586e-05 1.152905259511011e-05 0
2309 4.575505797189866e-05 2.549222583400588e-07 0
2310 4.585908870159762e-05 2.427997084505727e-07 0
2311 4.581821204003049e-05 1.731576840104933e-07 0
2312 7.980558908493674e-06 4.920724064653706e-05 0
2313 8.713747817652712e-05 6.308376746430532e-05 0
2314 5.725841131314349e-05 2.211590341536043e-07 0
2315 5.758682857978692e-05 2.26527113839878e-07 0
2316 5.535887639214439e-05 4.208708847001423e-06 0
2317 4.438505800976031e-05 8.986604741479095e-05 0
2318 3.902750760502823e-05 8.921641057651248e-06 0
2319 2.282640487618403e-05 1.400387544335167e-06 0
2320 4.831807491012262e-05 6.260595590885926e-06 0
2321 5.871671888589185e-05 3.182516804763455e-06 0
2322 5.654053840204229e-05 3.395425086163074e-07 0
2323 2.165730577347024e-05 1.868230206771639e-05 0
2324 2.237449645111578e-05 2.03211915652604e-05 0
2325 4.979931575346942e-05 3.379176731999194e-06 0
2326 2.717884805602657e-05 2.948505550862787e-07 0
2327 2.763214533230516e-05 3.653384178006509e-07 0
2328 2.75937184903677e-05 1.573820553101467e-07 0
2329 2.765425346827262e-05 8.33962316833957e-08 0
2330 2.768829040571767e-05 1.46652906634073e-07 0
2331 2.779360485748424e-05 1.851855628431646e-07 0
2332 2.78394470001382e-05 7.485396317792613e-08 0
2333 2.755271749814626e-05 7.613261899954013e-08 0
2334 2.728376456610332e-05 1.297172798469321e-07 0
2335 2.76449930955499e-05 2.216228739518771e-07 0
2336 2.776025366111887e-05 7.141647517066385e-07 0
2337 2.75050980767119e-05 1.536961269802319e-07 0
2338 2.739898799725042e-05 2.885059515468775e-07 0
2339 2.741467092166864e-05 1.827046057796428e-07 0
2340 2.753160231897562e-05 2.282083385615712e-07 0
2341 2.737159043688719e-05 7.975762784970003e-08 0
2342 9.209581849554092e-05 3.174530978484024e-06 0
2343 6.96512011002523e-05 3.758529011290604e-07 0
2344 5.891301478967119e-05 9.874582365397984e-05 0
2345 6.794663942931953e-05 2.421956124318579e-07 0
2346 7.046294076861068e-05 8.515674251452498e-07 0
2347 6.129190209831114e-05 8.797468396917899e-05 0
2348 4.470507381605437e-05 1.887341986149795e-06 0
2349 4.906438050250178e-05 3.58434224483671e-07 0
2350 5.397178635884635e-05 2.463941896536521e-07 0
2351 6.988640768953498e-05 3.059833137640951e-07 0
2352 3.34588440628673e-05 6.368017166623501e-06 0
2353 2.920615244250917e-05 1.125449204107115e-06 0
2354 9.863416919644302e-05 1.365803922577788e-06 0
2355 1.410355716915977e-06 1.411436166814221e-06 0
2356 6.963693478801983e-05 4.070287055398266e-06 0
2357 6.984701281568064e-05 1.028537139013856e-05 0
2358 2.879017111083149e-05 5.659177814183861e-07 0
2359 7.318948457561338e-05 4.542706862674703e-06 0
2360 6.979998657513417e-05 1.391916606879958e-06 0
2361 4.868052673906883e-05 2.391427160699128e-07 0
2362 5.777476257425471e-05 1.805572557105419e-05 0
2363 3.581822558427486e-05 3.500087608741836e-07 0
2364 3.564256463672753e-05 2.812403756401342e-07 0
2365 3.575645723007088e-05 2.206824671742726e-07 0
2366 1.85891709397142e-05 2.021598431886012e-05 0
2367 1.974698082696638e-05 1.86568715399983e-05 0
2368 6.382819316236304e-05 2.498395410077455e-07 0
2369 4.381535101209482e-05 1.942496021634659e-06 0
2370 4.05032525774322e-05 3.74601719867813e-06 0
2371 9.378723816347934e-05 9.672853920827091e-05 0
2372 9.213612947103354e-05 9.681325791059663e-05 0
2373 5.612263945771898e-05 3.124233903633542e-07 0
2374 5.24120945362727e-05 1.697114868838425e-06 0
2375 6.282199979377624e-05 4.024702860987435e-06 0
2376 5.184357963028809e-05 3.290903036923665e-07 0
2377 5.373063472167514e-05 1.68110509650471e-07 0
2378 6.181065915868095e-05 1.66732062321522e-07 0
2379 6.166339654738541e-05 1.463251086970702e-07 0
2380 6.162027196877939e-05 6.920406642716831e-08 0
2381 4.929451248323535e-05 2.87761504677399e-07 0
2382 7.279033093090007e-05 6.472182984555243e-07 0
2383 7.251514716211583e-05 3.95577604079911e-07 0
2384 7.242648390965742e-05 2.277622151770255e-07 0
2385 7.226495328303915e-05 2.915441006156529e-07 0
2386 7.258252124101203e-05 1.55427755359195e-07 0
2387 7.248731017943048e-05 1.588550028090584e-07 0
2388 7.244596472352915e-05 8.184536356288423e-08 0
2389 7.240379326538776e-05 1.433586260811129e-07 0
2390 7.231545561267114e-05 1.667716855096999e-07 0
2391 7.225216088216276e-05 8.179241511731411e-08 0
2392 7.216780530876256e-05 1.654924305222681e-07 0
2393 7.263494904561598e-05 2.138712354030769e-07 0
2394 7.252688066193009e-05 2.365230810965684e-07 0
2395 1.663133931590539e-05 5.59256605269806e-05 0
2396 5.674141022397221e-05 3.860986566603177e-07 0
2397 5.679198952291365e-05 3.468428255252145e-07 0
2398 5.440295137964713e-05 1.08900620396092e-05 0
2399 2.86774834839814e-05 1.015984057540473e-06 0
2400 6.136680251577136e-05 2.14493750938321e-06 0
2401 5.498410784672977e-05 7.085666441858498e-07 0
2402 5.190384167339221e-05 1.734738254166129e-05 0
2403 9.827184300341856e-06 2.271541011436567e-05 0
2404 5.87450498793729e-06 7.966833596127824e-05 0
2405 5.237626889816875e-05 2.056861337730733e-05 0
2406 4.851938527014479e-05 3.010938325533154e-07 0
2407 5.535637373197244e-05 3.569927087952527e-07 0
2408 7.24705625213619e-05 5.262446968689296e-06 0
2409 7.934213317955231e-06 6.959618624890562e-05 0
2410 6.901731867100273e-05 1.695679812127429e-06 0
2411 5.568760355717665e-05 6.415565726685423e-07 0
2412 8.223086349953394e-05 4.712925582140538e-05 0
2413 4.856696069026738e-05 2.208241659142705e-06 0
2414 2.824703849031508e-05 5.775143655824979e-07 0
2415 2.792219737239869e-05 3.756885790492202e-07 0
2416 5.798538429150387e-05 8.597540436020337e-07 0
2417 5.113122283603338e-05 2.418510998774662e-07 0
2418 6.953205126828619e-05 5.795404660869e-06 0
2419 4.798024110062218e-05 2.837210379696468e-07 0
2420 3.202324874422056e-06 2.116015528280288e-05 0
2421 5.986024739115721e-05 2.988641145885932e-05 0
2422 7.257437381883916e-05 1.827949583375363e-06 0
2423 6.254671847455704e-05 1.181539779706615e-06 0
2424 4.136301741339433e-05 2.632876817369635e-07 0
2425 5.384060446520358e-05 2.281704697012163e-07 0
2426 3.06427771693918e-06 4.25309895853912e-06 0
2427 4.533133619488629e-05 6.337020527186331e-07 0
2428 4.539435742060451e-05 3.461528003991441e-07 0
2429 4.552490692162511e-05 4.552044927454078e-07 0
2430 4.11039991855336e-05 3.709339801843671e-07 0
2431 3.24934548455576e-05 1.650274157750583e-06 0
2432 7.482932986121942e-05 1.274705544633696e-06 0
2433 4.222501658536855e-05 6.628466703741338e-06 0
2434 5.746346524893386e-05 5.783393505843803e-06 0
2435 6.43030042488486e-05 3.958777021212871e-07 0
2436 6.430300424884974e-05 2.621147938214685e-07 0
2437 6.430300424884388e-05 1.671668473622901e-07 0
2438 6.440665667051844e-05 2.602153404321308e-07 0
2439 6.44823368013731e-05 2.22093585766451e-07 0
2440 6.445320447248547e-05 3.615983010978295e-07 0
2441 6.436646741017556e-05 3.19951534368179e-07 0
2442 4.227935064533299e-05 2.655871020161204e-06 0
2443 2.55610591884518e-05 2.628368535681346e-06 0
2444 8.69890867930854e-05 2.99450001035011e-06 0
2445 4.607551817162676e-05 2.857244273606096e-06 0
2446 5.990405813074746e-05 1.974167566508004e-05 0
2447 5.422835633186273e-05 2.380864537738472e-06 0
2448 2.781980227322164e-06 7.708487850515532e-06 0
2449 3.021227165039748e-05 7.140169681315755e-06 0
2450 2.409339011191221e-05 7.300203346528867e-06 0
2451 5.964448515416043e-05 1.185042507879406e-07 0
2452 3.182934691836129e-05 1.466839608395189e-06 0
2453 6.913305265377415e-05 2.418357634274357e-07 0
2454 4.891478701533197e-05 1.676927671734852e-07 0
2455 6.55300690805463e-05 1.263954592301072e-06 0
2456 4.768978329153406e-05 6.668479139357791e-07 0
2457 4.743145557635902e-05 4.941822407512176e-07 0
2458 1.034003398805049e-05 7.839995515174514e-05 0
2459 5.725429014746868e-05 5.322568996816786e-07 0
2460 7.181291180828603e-05 5.534174350371347e-07 0
2461 6.990374909130743e-05 2.219533103568406e-07 0
2462 9.608757543629122e-05 4.598427730902473e-05 0
2463 6.359212420896145e-05 8.113212252041012e-07 0
2464 4.442886116382009e-05 6.304965039996084e-07 0
2465 4.463264871764978e-05 4.029649832439316e-07 0
2466 4.480381329629108e-05 6.61111214829203e-07 0
2467 5.68943703877435e-05 1.64507353722584e-07 0
2468 6.160775804637464e-05 2.133754286520599e-07 0
2469 6.664547678661655e-05 4.110789910086795e-06 0
2470 4.673452904592045e-05 9.500786172059509e-07 0
2471 6.836005234742788e-05 7.144129937716417e-07 0
2472 8.069133818430976e-05 2.620064017442916e-06 0
2473 4.657713064383948e-05 1.156796864156272e-05 0
2474 5.948752737966393e-05 1.007118833490777e-05 0
2475 7.419491351494246e-05 4.732542029726478e-06 0
2476 3.4959452758727e-05 5.673728740419065e-07 0
2477 5.691780766045997e-05 7.742399292222217e-07 0
2478 5.106295651128198e-05 2.585308691187857e-07 0
2479 5.145048616943142e-05 3.033651430306462e-07 0
2480 5.147992797474482e-05 3.50594771587747e-07 0
2481 5.85324934017889e-05 1.582072305124179e-06 0
2482 4.431883548532607e-05 6.258878610071625e-06 0
2483 5.490827798655975e-05 3.244087348209292e-06 0
2484 5.793363108193565e-05 2.243770214455085e-06 0
2485 4.614872908135934e-05 5.645111518341199e-07 0
2486 4.633655992057392e-05 6.78731401193617e-07 0
2487 4.085676993709459e-05 3.338743644616323e-07 0
2488 4.072175951410353e-05 2.863498135431346e-07 0
2489 4.098135218403272e-05 2.297557772067469e-07 0
2490 4.086506908188474e-05 2.194394015495559e-07 0
2491 4.098827066467521e-05 1.224319943364405e-07 0
2492 4.092444297468391e-05 1.631367517601294e-07 0
2493 4.105164293195156e-05 7.022128581295494e-08 0
2494 6.088678677548316e-05 1.437752529447561e-06 0
2495 9.725569387850767e-05 1.151704827120692e-05 0
2496 6.19244171173873e-05 2.183530325135734e-07 0
2497 4.235345753174085e-05 7.755950259698047e-06 0
2498 9.085486757586984e-05 6.933728894525937e-05 0
2499 8.014153733656385e-05 6.627744854834004e-06 0
2500 6.342021195080679e-06 9.12832502362334e-05 0
2501 4.656249065901334e-05 2.466884393956724e-06 0
2502 7.378241379864462e-05 2.168906588311362e-06 0
2503 4.686219620275494e-05 4.303267167528595e-07 0
2504 3.785713077732312e-05 5.430968741306953e-05 0
2505 4.930170535519737e-05 1.596148725869547e-05 0
2506 7.117993817525186e-05 4.747848251152265e-07 0
2507 7.773191745130207e-05 9.408480635054137e-07 0
2508 4.030260023047416e-05 2.702859118774742e-07 0
2509 4.085148931887313e-05 1.467111632000993e-07 0
2510 4.077457784098779e-05 1.849868942125435e-07 0
2511 4.080122017950217e-05 8.26393632272556e-08 0
2512 4.065628261849976e-05 2.011999539260374e-07 0
2513 4.061720654317982e-05 8.360220183073694e-08 0
2514 4.080454409351766e-05 2.561626184417166e-07 0
2515 9.402491524244735e-05 2.826788586410557e-05 0
2516 5.93456038783482e-05 2.965553811164785e-07 0
2517 2.264857272874899e-05 9.414402483898148e-05 0
2518 8.111780355936677e-05 9.415542542391723e-05 0
2519 3.068028370653991e-05 6.624915569933662e-07 0
2520 3.093101879556317e-06 1.592300825427477e-05 0
2521 7.028342307526999e-05 1.106369245018311e-06 0
2522 2.345438840618234e-05 2.510783195730969e-05 0
2523 2.970515588125762e-05 8.166624221978488e-07 0
2524 2.995358150780743e-05 5.64319513574268e-07 0
2525 2.977450711084989e-05 2.967552291311835e-07 0
2526 4.296698580353194e-05 1.580517368445587e-06 0
2527 4.164192134258007e-05 2.423010134405349e-05 0
2528 3.179157467131921e-05 9.652492467724023e-05 0
2529 4.355091152242982e-05 5.548745505723059e-07 0
2530 5.103252348173044e-05 3.08994786966731e-07 0
2531 4.126832238516918e-05 8.315316822039216e-06 0
2532 4.432831269869163e-05 2.400504597336394e-06 0
2533 4.053041739629059e-05 8.916552461398041e-05 0
2534 6.956284568616581e-05 1.452738137489512e-07 0
2535 3.787677199613781e-05 9.656839279757486e-05 0
2536 4.716957624862242e-05 6.535052289440503e-07 0
2537 5.283266110941108e-05 2.714683285180587e-06 0
2538 6.941882427395266e-05 4.950516681370432e-08 0
2539 5.791273046325027e-05 3.227141226151867e-07 0
2540 3.05859536736132e-05 2.220707797777287e-07 0
2541 3.062188994643971e-05 1.735492106631955e-07 0
2542 4.368309539422129e-05 1.504497192706072e-07 0
2543 9.422405328944727e-06 8.99759949245554e-05 0
2544 2.707669722032589e-06 1.156273177577578e-05 0
2545 6.949849090416521e-05 3.339803209480925e-07 0
2546 5.278846983177684e-05 4.049521875768479e-07 0
2547 6.59608376133718e-05 9.674182017079932e-05 0
2548 7.089675363625744e-05 8.656384302836953e-05 0
2549 6.122674653892264e-05 8.985809686924102e-07 0
2550 6.619734540666432e-05 1.903174096667372e-05 0
2551 3.028108592315489e-05 5.347517492521669e-07 0
2552 6.956230937029076e-05 3.67707508541329e-07 0
2553 3.662088360374749e-05 6.609617108259514e-05 0
2554 2.457400573975761e-05 2.263350525946098e-06 0
2555 5.955838598797853e-05 2.62589677131137e-07 0
2556 5.94612185600896e-05 2.588360855096141e-07 0
2557 3.621885777587261e-05 3.252551686028061e-06 0
2558 7.947149743988334e-05 9.466731732662554e-06 0
2559 2.170352455712399e-05 1.10673096153756e-06 0
2560 6.970190500935365e-05 2.327235967741088e-07 0
2561 4.618911456686526e-05 4.049116411198013e-07 0
2562 4.610670922888704e-05 3.342127518047066e-07 0
2563 4.620442715457776e-05 3.04780627533765e-07 0
2564 2.769633386371264e-05 1.194313252590506e-06 0
2565 3.665285255059848e-05 2.366806887103762e-05 0
2566 6.377727705664184e-05 1.841901046713225e-06 0
2567 5.11701849345809e-05 3.01992133537152e-07 0
2568 9.241054008851527e-05 1.792874597911533e-05 0
2569 5.357817027457764e-05 7.393313188929735e-05 0
2570 6.679096266749066e-05 4.341271461709153e-08 0
2571 5.74676328075356e-05 5.6737163011334e-07 0
2572 6.155372389479162e-05 4.747891562845893e-08 0
2573 1.252170154594831e-05 6.026369397640277e-05 0
2574 6.362982492100844e-05 1.147844280313008e-06 0
2575 4.600417622122412e-05 -1.826989699512664e-05 0
2576 5.399645347905898e-05 -1.827254050087296e-05 0
2577 3.80132516454065e-05 -1.827059257667481e-05 0
2578 6.198674835453368e-05 -1.827059257666212e-05 0
2579 3.003492964143236e-05 -1.827965886870013e-05 0
2580 6.997893388960639e-05 -1.827306332454958e-05 0
2581 4.999966757690748e-05 -1.826898770227307e-05 0
2582 4.200853431992456e-05 -1.826873259892165e-05 0
2583 5.798987032949613e-05 -1.827220788611409e-05 0
2584 3.401857953123101e-05 -1.826929099739233e-05 0
2585 6.598142046872604e-05 -1.82692909973826e-05 0
2586 4.000000000003601e-05 -1.173205080757319e-05 0
2587 6.00000000000339e-05 -1.173205080756374e-05 0
2588 5.2000000000056e-05 -1.173205080756196e-05 0
2589 4.800000000005905e-05 -1.173205080756981e-05 0
2590 3.200000000001611e-05 -1.173205080757319e-05 0
2591 6.800000000001365e-05 -1.173205080756333e-05 0
2592 4.400000000004728e-05 -1.173205080757395e-05 0
2593 5.599979537795916e-05 -1.171575848755411e-05 0
2594 3.600000000002604e-05 -1.173205080757319e-05 0
2595 6.400000000002605e-05 -1.173205080756374e-05 0
2596 2.664014370757519e-05 -1.492085575092483e-05 0
2597 7.336894667703763e-05 -1.49051750136912e-05 0
2598 7.18566341800431e-05 -1.192008301500818e-05 0
2599 2.814343711751279e-05 -1.192003264069391e-05 0
2600 6.798129382026148e-05 -1.827048937209061e-05 0
2601 6.698118926931404e-05 -1.653943603970143e-05 0
2602 6.498220822888782e-05 -1.653894813318451e-05 0
2603 6.598041478354332e-05 -1.480841133199963e-05 0
2604 6.398226731172471e-05 -1.4808438084583e-05 0
2605 6.797900354418877e-05 -1.480750203435354e-05 0
2606 6.898011543296281e-05 -1.653898564679578e-05 0
2607 7.013551756781146e-05 -1.481828554628509e-05 0
2608 7.104736044038438e-05 -1.670513940870044e-05 0
2609 6.298453223102822e-05 -1.653913233121411e-05 0
2610 6.198492333384995e-05 -1.480897197861186e-05 0
2611 6.098719344109465e-05 -1.653937551173719e-05 0
2612 5.998785513295211e-05 -1.480911193259807e-05 0
2613 7.197471231712394e-05 -1.830321691060756e-05 0
2614 5.998975632237702e-05 -1.826951346169452e-05 0
2615 3.201982018780489e-05 -1.826838698999998e-05 0
2616 3.301899639866581e-05 -1.65390856426986e-05 0
2617 3.501859824910363e-05 -1.653884950746858e-05 0
2618 3.401958521641789e-05 -1.480841133201761e-05 0
2619 3.601773268823474e-05 -1.480843808460234e-05 0
2620 3.202099645577404e-05 -1.480750203437029e-05 0
2621 3.101639875166342e-05 -1.654207299494279e-05 0
2622 2.986465975116185e-05 -1.48207781239169e-05 0
2623 2.897807701987042e-05 -1.673177277273042e-05 0
2624 3.701560218193004e-05 -1.653911589360928e-05 0
2625 3.801507666610811e-05 -1.480897197863437e-05 0
2626 3.901298976355537e-05 -1.653887762043249e-05 0
2627 4.001214486700456e-05 -1.480911193262364e-05 0
2628 4.00102436775531e-05 -1.826951346172662e-05 0
2629 5.199826972537158e-05 -1.826929203417418e-05 0
2630 5.300095208984861e-05 -1.654324252042676e-05 0
2631 5.499653030180698e-05 -1.65462929214465e-05 0
2632 5.400289413619311e-05 -1.481625606435183e-05 0
2633 5.600016450982714e-05 -1.482091537767991e-05 0
2634 5.200612191295421e-05 -1.481229341592496e-05 0
2635 5.099979802274233e-05 -1.653955665159288e-05 0
2636 4.900048032235682e-05 -1.653868376507667e-05 0
2637 4.99996577148876e-05 -1.480878487809891e-05 0
2638 4.800211416174076e-05 -1.480849014280256e-05 0
2639 4.700310356797331e-05 -1.653829422940584e-05 0
2640 4.600490947730011e-05 -1.480806887221581e-05 0
2641 4.500557211292083e-05 -1.65377522556199e-05 0
2642 4.40077460380653e-05 -1.48072641705479e-05 0
2643 4.800125736497215e-05 -1.826931044864703e-05 0
2644 4.400697254648734e-05 -1.82690296099671e-05 0
2645 4.300806887888272e-05 -1.653785139670572e-05 0
2646 3.011745405938019e-05 -1.167902676480959e-05 0
2647 6.988254734400898e-05 -1.16790741890604e-05 0
2648 3.799991980292253e-05 -1.173200450575104e-05 0
2649 6.200008019713748e-05 -1.173200450574411e-05 0
2650 4.200007885745998e-05 -1.173200527922265e-05 0
2651 5.799939481992319e-05 -1.171475346236442e-05 0
2652 2.685255224039418e-05 -1.68918258403575e-05 0
2653 3.400008019712954e-05 -1.173200450575101e-05 0
2654 6.599991980291269e-05 -1.173200450574277e-05 0
2655 6.398361621005861e-05 -1.826958048413483e-05 0
2656 3.601624587829142e-05 -1.826951342203182e-05 0
2657 4.999991465106666e-05 -1.173200153130584e-05 0
2658 4.599992114263524e-05 -1.173200527922302e-05 0
2659 5.400059997687479e-05 -1.171497034672051e-05 0
2660 4.200994443272691e-05 -1.480598281843833e-05 0
2661 5.898936508720956e-05 -1.654184872970562e-05 0
2662 4.10103209899412e-05 -1.653834497147474e-05 0
2663 5.599153917583894e-05 -1.827456256353712e-05 0
2664 5.799399879046184e-05 -1.481128695272606e-05 0
2665 5.69935780324401e-05 -1.654451907186821e-05 0
2666 2.80641564551588e-05 -1.840728758826445e-05 0
2667 7.31153637342746e-05 -1.683814896027889e-05 0
2668 2.659528160374972e-05 -1.305093754352062e-05 0
2669 7.340624534327758e-05 -1.304833248303308e-05 0
2670 7.185336189026945e-05 -1.387673056416299e-05 0
2671 2.814890174972355e-05 -1.388088409321882e-05 0
2672 5.500154370691557e-05 -1.327179228357947e-05 0
2673 5.100474822234469e-05 -1.327352771649776e-05 0
2674 5.300505688788818e-05 -1.32725432855478e-05 0
2675 4.900171180624497e-05 -1.327096847538092e-05 0
2676 5.699735799474426e-05 -1.326802052295701e-05 0
2677 4.700260054006641e-05 -1.327053916105923e-05 0
2678 4.500416776807789e-05 -1.327034827305541e-05 0
2679 4.100863985259361e-05 -1.327219178882285e-05 0
2680 5.899274884085913e-05 -1.326980970865341e-05 0
2681 3.900876595496929e-05 -1.327161654562928e-05 0
2682 6.099146549394047e-05 -1.327121953225994e-05 0
2683 4.300509615816182e-05 -1.326997385627684e-05 0
2684 3.701002909706579e-05 -1.327150565526224e-05 0
2685 6.299000947775096e-05 -1.327143948636018e-05 0
2686 3.501140246864812e-05 -1.327148129580758e-05 0
2687 6.498860396048432e-05 -1.327147026765018e-05 0
2688 3.109404365016012e-05 -1.324356354400984e-05 0
2689 6.890597565735058e-05 -1.32431950469761e-05 0
2690 3.302435133135763e-05 -1.326583558658825e-05 0
2691 6.69756529580822e-05 -1.326577233238093e-05 0
2692 7.352347223306169e-05 -1.853100782524255e-05 0
2693 2.646719831202247e-05 -1.854046804779864e-05 0
2694 2.646410703755827e-05 -1.146409848450672e-05 0
2695 7.353589296244964e-05 -1.146409848450132e-05 0
2696 2.951594217175007e-05 -1.313217547668727e-05 0
2697 7.048420248406398e-05 -1.313182016820634e-05 0
2698 2.810972429672796e-05 -1.542715435650663e-05 0
2699 7.189305447231462e-05 -1.542272701201791e-05 0
2700 3.597833693719643e-05 -1.733837861540205e-07 0
2701 3.724544256917221e-05 -4.223933694235852e-07 0
2702 3.86527176136589e-05 -2.940803339941933e-07 0
2703 3.808617135160515e-05 -8.170009823707212e-08 0
2704 3.979000080581394e-05 -4.509964459255685e-07 0
2705 4.19350566605008e-05 -4.474562771885041e-07 0
2706 4.322694143503759e-05 -8.636625362191945e-08 0
2707 3.339069253892926e-05 -1.855169560341127e-07 0
2708 3.453739202744013e-05 -5.206660415261182e-07 0
2709 3.074985788050437e-05 -1.895810303680756e-07 0
2710 3.192774970986012e-05 -5.253010458003343e-07 0
2711 3.282416905634824e-05 -8.643023283856856e-08 0
2712 4.909502224660005e-05 -2.503758368379699e-07 0
2713 4.781512705695889e-05 -4.0127130488827e-07 0
2714 4.636420325864302e-05 -1.549468278585982e-07 0
2715 5.01956090648434e-05 -5.702495699005615e-07 0
2716 5.244816036802558e-05 -4.151275323904809e-07 0
2717 4.857820732358093e-05 -8.64302328384564e-08 0
2718 5.881750835745886e-05 -2.20738924716574e-07 0
2719 5.967988579009047e-05 -2.344826598252716e-07 0
2720 5.768579994001511e-05 -4.242538423642074e-07 0
2721 5.57177175460816e-05 -4.119348398938466e-07 0
2722 5.426260277696825e-05 -1.559974588194752e-07 0
2723 5.364982416244047e-05 -8.636625362150279e-08 0
2724 6.095451911457648e-05 -4.410824872919434e-07 0
2725 6.283883358137774e-05 -6.630497038872452e-07 0
2726 6.496730368424784e-05 -2.332467604346997e-07 0
2727 6.629593130927667e-05 -4.467342161390978e-07 0
2728 6.815078452588187e-05 -5.312873099787538e-07 0
2729 6.980470000198087e-05 -8.636625362183142e-08 0
2730 6.925580885194855e-05 -2.801479864017043e-07 0
2731 5.667297406288808e-05 -8.690050358192997e-08 0
2732 6.425954694718289e-05 -7.531751179204297e-08 0
2733 5.132384841694593e-05 -8.711000927806352e-08 0
2734 5.637426646677566e-05 -8.53222162350107e-08 0
2735 3.534795069273315e-05 -8.636625362192531e-08 0
2736 4.080462754377318e-05 -9.978935716349626e-08 0
2737 4.049503766109182e-05 -1.517050894282457e-07 0
2738 6.193047231953461e-05 -8.677869617092518e-08 0
2739 6.163019832246888e-05 -8.94040128584836e-08 0
2740 4.427444134741537e-05 -3.999919174814707e-07 0
2741 4.558775144848957e-05 -2.108349698522931e-07 0
2742 6.717447053007869e-05 -8.594442520671561e-08 0
2743 6.687660683660263e-05 -8.636625362133848e-08 0
2744 5.919553592155302e-05 -8.479346709275725e-08 0
2745 5.16901261361636e-05 -1.559631579589322e-07 0
2746 4.605103698734417e-05 -8.643023283856964e-08 0
2747 5.394904826950174e-05 -8.643023283863968e-08 0
2748 3.028880589838872e-05 -8.242398080048203e-08 0
2749 4.106095330350564e-05 -1.686228981461393e-07 0
2750 2.942479131367339e-05 -3.97568116985365e-07 0
2751 2.789334618580962e-05 -7.051550657075783e-08 0
2752 7.075624769197037e-05 -4.889732786469204e-07 0
2753 7.224782818274478e-05 -8.465469593747576e-08 0
2754 7.274646398052037e-05 -1.879254727730868e-07 0
2755 4.596001831496618e-05 -8.437519683458788e-06 0
2756 3.418663914532669e-05 -8.302652068269702e-06 0
2757 6.000090319882246e-05 -8.136762048749064e-06 0
2758 3.780125685179309e-05 -8.261510335749962e-06 0
2759 6.597697478381289e-05 -8.287576313811237e-06 0
2760 5.411067021370601e-05 -8.332593133289057e-06 0
2761 4.965816561735583e-05 -8.44375120013864e-06 0
2762 7.006162918149847e-05 -8.16909311485263e-06 0
2763 2.988731319904554e-05 -8.518675896453217e-06 0
2764 4.362585007325784e-05 -8.636625362192239e-08 0
2765 4.229266311378251e-05 -8.305550437186854e-06 0
2766 3.564717479979595e-05 -8.643023283848221e-08 0
2767 7.193872426955778e-05 -2.420822284316059e-07 0
2768 4.585154003983595e-05 -8.648436553781404e-08 0
2769 6.960524568287055e-05 -8.648458660123198e-08 0
2770 6.444394135559698e-05 -9.963641621863481e-08 0
2771 4.877756450381493e-05 -8.710698210167769e-08 0
2772 7.244728734160817e-05 -8.662751245363467e-08 0
2773 4.345219619773136e-05 -1.274537791362522e-07 0
2774 7.004647025243037e-05 -1.147331972090273e-07 0
2775 3.049448147669225e-05 -8.636625362192239e-08 0
2776 3.302366600385616e-05 -8.242148157140394e-08 0
2777 4.83454509817834e-05 -8.646009632555018e-08 0
2778 3.785269054718226e-05 -1.225703349166045e-07 0
2779 3.825903176150069e-05 -6.914026024867741e-08 0
2780 3.262280180757743e-05 -8.349952567740025e-08 0
2781 3.009831915118116e-05 -7.911428610000723e-08 0
2782 4.381762295954252e-05 -9.507844796400524e-08 0
2783 5.941113872287896e-05 -1.069115361247491e-07 0
2784 5.112256856941943e-05 -8.636625362133848e-08 0
2785 6.465063170261036e-05 -7.773908362543114e-08 0
2786 5.933352274454794e-05 -3.797293969641446e-07 0
2787 5.974183704198191e-05 -6.033834169492813e-07 0
2788 5.93431359560474e-05 -8.235094981139337e-07 0
2789 5.976827636733269e-05 -1.078954921035241e-06 0
2790 5.928491733798471e-05 -1.326147766548156e-06 0
2791 5.974887440220292e-05 -1.626963563153082e-06 0
2792 5.923171363272877e-05 -1.883874339520921e-06 0
2793 5.974960816274416e-05 -2.258277619249302e-06 0
2794 5.914008275025175e-05 -2.565545735008692e-06 0
2795 5.974295846164516e-05 -2.989333533135019e-06 0
2796 5.903015017684458e-05 -3.365537597952028e-06 0
2797 5.834470764784226e-05 -2.737033886869347e-06 0
2798 6.046151472184395e-05 -2.501650050645647e-06 0
2799 5.823461098126258e-05 -3.717606384193848e-06 0
2800 5.748913702211997e-05 -3.169797900668964e-06 0
2801 6.044403203443495e-05 -3.445912018348538e-06 0
2802 6.122540187265737e-05 -3.023494039972666e-06 0
2803 6.119887610448066e-05 -3.958088581793693e-06 0
2804 6.200271847100217e-05 -3.516811413044181e-06 0
2805 6.203131674977886e-05 -4.503329380536401e-06 0
2806 6.294741566118557e-05 -4.020937422774783e-06 0
2807 5.738869970194339e-05 -4.128960589571978e-06 0
2808 5.657851426048777e-05 -3.555238763116139e-06 0
2809 5.897492222054256e-05 -4.27875597862245e-06 0
2810 6.74382997433255e-05 -1.794159522818814e-07 0
2811 6.468274086864585e-05 -4.110406503518531e-07 0
2812 6.50316394506697e-05 -6.319504906074268e-07 0
2813 6.462607942165225e-05 -8.672824346350013e-07 0
2814 6.508146397157027e-05 -1.127906924390058e-06 0
2815 6.456724089938133e-05 -1.398372576631597e-06 0
2816 6.511333143402492e-05 -1.708268002188808e-06 0
2817 5.647671084032926e-05 -4.557411184425841e-06 0
2818 5.560581410711448e-05 -3.940900339171553e-06 0
2819 5.734977876282509e-05 -5.16935189691686e-06 0
2820 6.218715342038328e-05 -1.678739919070788e-07 0
2821 5.690298946222994e-05 -1.302991111594047e-07 0
2822 2.663593184803003e-05 -2.976767917153735e-06 0
2823 6.293222691471898e-05 -5.117938349236434e-06 0
2824 6.395841471230333e-05 -4.683994527468575e-06 0
2825 7.323092854555834e-05 -3.086511077313531e-06 0
2826 6.453295301921825e-05 -2.02038014406355e-06 0
2827 6.511126723302287e-05 -2.399126986043649e-06 0
2828 6.575568975712732e-05 -2.025262637809776e-06 0
2829 6.577295661706436e-05 -2.808390488440834e-06 0
2830 6.649188660637376e-05 -2.379662244737839e-06 0
2831 6.651128495099833e-05 -3.255343048182748e-06 0
2832 6.730335331375948e-05 -2.784277824753098e-06 0
2833 6.731633923091578e-05 -3.734273251546328e-06 0
2834 6.817619138414714e-05 -3.221560903524786e-06 0
2835 6.813683209804089e-05 -4.266457223564244e-06 0
2836 6.906478910299272e-05 -3.683804436916584e-06 0
2837 6.905792594499735e-05 -2.681819433439887e-06 0
2838 5.869377845298778e-05 -1.545358230816733e-06 0
2839 5.663775377109549e-05 -2.594559412360855e-06 0
2840 5.899646561390296e-05 -9.071812985202647e-08 0
2841 7.024979122240469e-05 -2.067948011805669e-07 0
2842 7.001946188864972e-05 -3.457089597177135e-07 0
2843 6.652009194896841e-05 -4.221797104410337e-06 0
2844 6.191158736783968e-05 -2.571214937333977e-06 0
2845 6.995857193540562e-05 -3.125900264960142e-06 0
2846 6.980614221594741e-05 -4.314324298956678e-06 0
2847 6.99341586271819e-05 -2.38806165564994e-07 0
2848 6.396655295377313e-05 -1.652201160442591e-06 0
2849 3.504513498997475e-05 -2.178674312909876e-07 0
2850 5.54935950478567e-05 -5.020385488763588e-06 0
2851 5.463725018433256e-05 -4.321552471209451e-06 0
2852 5.476488912432674e-05 -3.297975072205537e-06 0
2853 5.385494678311049e-05 -3.647965572741314e-06 0
2854 5.404857006423751e-05 -2.735149113108907e-06 0
2855 5.31422574118218e-05 -3.034194436054696e-06 0
2856 5.294117361221506e-05 -3.977450688599477e-06 0
2857 5.217361684436099e-05 -3.347155510931017e-06 0
2858 5.199898171494198e-05 -4.278183166737729e-06 0
2859 5.126509488283244e-05 -3.601101062097256e-06 0
2860 5.14440191865285e-05 -2.716635027691251e-06 0
2861 5.056878579705382e-05 -2.906501271228584e-06 0
2862 5.032071074853066e-05 -3.861567822368298e-06 0
2863 4.963445484609116e-05 -3.136173168791885e-06 0
2864 4.935471551081285e-05 -4.099082413516718e-06 0
2865 4.868431805642459e-05 -3.383096810662342e-06 0
2866 4.837653048189153e-05 -4.338008401701556e-06 0
2867 4.766499080851454e-05 -3.476848716526646e-06 0
2868 4.892084198020892e-05 -2.501523362935172e-06 0
2869 4.735702315821263e-05 -4.595285965685918e-06 0
2870 4.667008205299646e-05 -3.810937313932595e-06 0
2871 4.688261900616236e-05 -2.8937340960508e-06 0
2872 4.60362048260669e-05 -3.117082387705396e-06 0
2873 4.56855092290848e-05 -4.005398442354414e-06 0
2874 4.513295846881198e-05 -3.299841156647008e-06 0
2875 4.469422649155936e-05 -4.179751093252135e-06 0
2876 4.409582144792968e-05 -3.274897012351165e-06 0
2877 4.633844306323723e-05 -2.291468234261857e-06 0
2878 4.366034946154821e-05 -4.362171828725928e-06 0
2879 4.303888512995148e-05 -3.514731615505558e-06 0
2880 4.334431344952429e-05 -2.600130173668393e-06 0
2881 4.240916399377744e-05 -2.738383630863448e-06 0
2882 4.201570392286203e-05 -3.611940220466496e-06 0
2883 4.144708215750369e-05 -2.812504755965995e-06 0
2884 4.102985480278674e-05 -3.679223463259495e-06 0
2885 4.050824974625192e-05 -2.870707199047638e-06 0
2886 4.005075221921611e-05 -3.739321899083594e-06 0
2887 3.950971888871223e-05 -2.887566384206934e-06 0
2888 3.906390617457585e-05 -3.787741410551441e-06 0
2889 3.85289742956382e-05 -3.050563114427913e-06 0
2890 3.808997723728942e-05 -3.853609663654171e-06 0
2891 3.758344986600421e-05 -3.067899182321292e-06 0
2892 3.714374181322273e-05 -3.89602160396558e-06 0
2893 3.664771699974531e-05 -3.012020998602896e-06 0
2894 3.620919516681297e-05 -3.927115492651691e-06 0
2895 3.575010899836489e-05 -3.195340318592747e-06 0
2896 3.531332312422042e-05 -3.977273756189943e-06 0
2897 3.481062146305916e-05 -3.224133343581716e-06 0
2898 3.441030066335537e-05 -4.026326433126286e-06 0
2899 3.389034052369105e-05 -3.306329202144722e-06 0
2900 3.3510978211359e-05 -4.096163398362816e-06 0
2901 3.303346341849157e-05 -3.358703183014752e-06 0
2902 3.2615533882389e-05 -4.153548720904004e-06 0
2903 3.213016917874373e-05 -3.277715582639926e-06 0
2904 3.340469041738703e-05 -2.627601970738551e-06 0
2905 3.16938633839855e-05 -4.201677081118705e-06 0
2906 3.121796502144559e-05 -3.408451766227347e-06 0
2907 3.070392964302565e-05 -4.140995081633679e-06 0
2908 3.600786175940907e-05 -2.510876973955663e-06 0
2909 3.15432451059971e-05 -2.636384566308125e-06 0
2910 3.076019085940955e-05 -2.677821018604205e-06 0
2911 3.568023143070993e-05 -4.791682749614433e-06 0
2912 3.118908093907742e-05 -1.951272363193744e-06 0
2913 3.186253754402635e-05 -2.088383244514318e-06 0
2914 3.960215862821609e-05 -4.616998218662002e-06 0
2915 4.093496012439349e-05 -2.075998653568388e-06 0
2916 3.225140960788989e-05 -5.114505247417289e-06 0
2917 3.03801486976786e-05 -2.015222025793955e-06 0
2918 2.995667209540129e-05 -2.724170155685845e-06 0
2919 5.482909416789685e-05 -2.422786462867807e-06 0
2920 5.420260633131326e-05 -1.921742879834673e-06 0
2921 3.805871547191754e-05 -2.230111636574176e-06 0
2922 4.158540977482693e-05 -4.587249250597002e-06 0
2923 4.71290463254809e-05 -2.0332195367832e-06 0
2924 4.653397843562571e-05 -1.580243913547036e-06 0
2925 4.590667940944304e-05 -1.757248891684494e-06 0
2926 3.765016583761001e-05 -4.736978134451033e-06 0
2927 3.411059111763655e-05 -4.8646980639089e-06 0
2928 6.023005524579347e-05 -1.354537627640354e-06 0
2929 6.986593547866027e-05 -2.158644151615255e-06 0
2930 5.003330433037519e-05 -4.762714686867899e-06 0
2931 4.435241644014639e-05 -5.261205896257949e-06 0
2932 6.109934348339851e-05 -5.018129354482918e-06 0
2933 4.613004222161677e-05 -1.160820878168137e-06 0
2934 4.54843902193569e-05 -1.209393001667911e-06 0
2935 4.81280362971144e-05 -5.432771772761707e-06 0
2936 5.272961497943042e-05 -5.02457391453598e-06 0
2937 3.076335014095739e-05 -1.434449128263556e-06 0
2938 2.957698063568712e-05 -2.009664798595856e-06 0
2939 4.664486888420009e-05 -1.053205759354406e-06 0
2940 5.086867878268959e-05 -2.063840443026136e-06 0
2941 4.275177537243329e-05 -1.884519052790709e-06 0
2942 4.360186298943945e-05 -1.796302434192475e-06 0
2943 4.316623447860895e-05 -1.246449483119278e-06 0
2944 6.389708831290898e-05 -5.738011125249642e-06 0
2945 6.28013504690758e-05 -6.357318925674942e-06 0
2946 5.170991423654803e-05 -1.877695912760581e-06 0
2947 2.666102479997848e-05 -6.609404950039914e-07 0
2948 2.745299033859136e-05 -8.636625362192531e-08 0
2949 5.484531363434439e-05 -1.626758481393516e-06 0
2950 5.427508490123702e-05 -1.261501861769227e-06 0
2951 5.373908160652766e-05 -1.497483576707839e-06 0
2952 6.390441595395618e-05 -2.354325082851411e-06 0
2953 2.855435586977911e-05 -4.391242868754566e-07 0
2954 5.382384456937705e-05 -8.793167655241645e-07 0
2955 4.530981040896749e-05 -1.810124155441032e-06 0
2956 6.719448728658379e-05 -1.906691919514543e-06 0
2957 7.072123103251559e-05 -2.516170391981588e-06 0
2958 2.901837081917478e-05 -2.701871128320528e-06 0
2959 2.867535669682952e-05 -1.871399756089404e-06 0
2960 5.331505204918603e-05 -1.098523626030177e-06 0
2961 4.486186867666199e-05 -1.357348547587433e-06 0
2962 5.082178509018109e-05 -2.468967887677757e-07 0
2963 5.109349677537688e-05 -1.366074424252185e-06 0
2964 5.03622048168374e-05 -1.52481012777711e-06 0
2965 5.315951246029375e-05 -1.697500760088489e-06 0
2966 6.90762783872614e-05 -1.76894018341221e-06 0
2967 4.70396728479405e-05 -5.692430250931433e-06 0
2968 4.784131692132122e-05 -6.630852253044314e-06 0
2969 7.314774925918052e-05 -6.939703694788635e-06 0
2970 2.661910319239295e-05 -6.977804659387025e-06 0
2971 4.322428720504449e-05 -5.450652138737577e-06 0
2972 4.396041551504741e-05 -6.409127357212013e-06 0
2973 4.469825810454116e-05 -5.156917511206834e-07 0
2974 5.429576334860868e-05 -7.819644212346909e-07 0
2975 5.502347169745591e-05 -4.314377389679943e-07 0
2976 5.449177841085975e-05 -5.447824116298859e-06 0
2977 5.540150049792486e-05 -6.220907909541181e-06 0
2978 6.33065764350068e-05 -1.911591679386375e-06 0
2979 6.140237116615283e-05 -2.522132849093148e-07 0
2980 6.667166703501937e-05 -2.429860943486718e-07 0
2981 5.547236194330257e-05 -2.031677295307419e-06 0
2982 4.257707718200042e-05 -3.902578042842352e-07 0
2983 4.225921648012246e-05 -8.90805809752927e-07 0
2984 4.175224143285578e-05 -9.540124349027579e-07 0
2985 6.403341424276763e-05 -2.918185588876799e-07 0
2986 6.548530100511089e-05 -8.187019848067618e-07 0
2987 6.486470181226426e-05 -3.246368914184789e-06 0
2988 5.167223620155241e-05 -5.462334458477865e-06 0
2989 4.467005457676655e-05 -1.914744002738577e-06 0
2990 6.938929713725329e-05 -1.029620807455088e-07 0
2991 2.979615059566419e-05 -2.334285021039927e-07 0
2992 4.375974887852631e-05 -1.149345395034154e-06 0
2993 4.338499389840875e-05 -7.507161276267101e-07 0
2994 7.203686960072019e-05 -1.01550216515483e-07 0
2995 6.97629774244322e-05 -1.286721267738216e-06 0
2996 4.724991502722129e-05 -5.366080563641621e-07 0
2997 4.749301008038346e-05 -9.202191462022516e-07 0
2998 4.805030739912313e-05 -9.068174148129737e-07 0
2999 5.259672378477641e-05 -6.204500361044902e-06 0
3000 6.386937472364482e-05 -7.054437844023976e-06 0
3001 5.169257471933106e-05 -1.135290500935706e-06 0
3002 4.899516608953986e-05 -1.025591757882178e-07 0
3003 3.268621755652601e-05 -2.652396145858793e-06 0
3004 3.300721793821639e-05 -1.997495623721366e-06 0
3005 3.364916513506047e-05 -1.997781799871559e-06 0
3006 3.334006768087004e-05 -1.491237304032015e-06 0
3007 3.382832687494745e-05 -1.473814276445249e-06 0
3008 3.418849320821832e-05 -1.869276519899125e-06 0
3009 3.433064049480365e-05 -1.341386737733038e-06 0
3010 3.468831755056688e-05 -1.764927550751588e-06 0
3011 3.487448495453567e-05 -1.304944655763665e-06 0
3012 3.351705551054836e-05 -1.083926445487731e-06 0
3013 3.311708416785961e-05 -1.073066543391023e-06 0
3014 3.518547468439292e-05 -1.672925608864441e-06 0
3015 3.532216957008283e-05 -1.222292841068706e-06 0
3016 3.502727975006039e-05 -8.763101941708381e-07 0
3017 3.546034174196045e-05 -8.360483802656264e-07 0
3018 3.572442980514572e-05 -1.116130532337817e-06 0
3019 3.582028046607436e-05 -7.731449380072219e-07 0
3020 3.61119297950061e-05 -1.026701782285556e-06 0
3021 3.622888303606107e-05 -6.38729979124992e-07 0
3022 3.654876572926383e-05 -9.467714581044977e-07 0
3023 3.640313896718139e-05 -1.38455577566561e-06 0
3024 3.689209433106373e-05 -1.304091164644986e-06 0
3025 3.556092555771279e-05 -5.1812831431628e-07 0
3026 3.525713920579663e-05 -5.884721615732468e-07 0
3027 3.328660018374981e-05 -6.812883293984836e-07 0
3028 3.292197986354404e-05 -7.319631961899497e-07 0
3029 3.273878689876536e-05 -1.048405679703398e-06 0
3030 3.258529108629621e-05 -6.583995872157685e-07 0
3031 3.236853028458599e-05 -9.915460105421527e-07 0
3032 3.253498159799043e-05 -1.349560986608792e-06 0
3033 3.272820083999527e-05 -4.415480845224318e-07 0
3034 3.719426782149737e-05 -2.355903919880549e-06 0
3035 3.36758606795427e-05 -6.761688083476938e-07 0
3036 3.458877260386137e-05 -9.843343439932444e-07 0
3037 5.340961774703024e-05 -5.72063370280043e-07 0
3038 3.501982805438201e-05 -2.174913076841098e-06 0
3039 3.243403195147237e-05 -2.162914655712787e-07 0
3040 6.506261872518942e-05 -5.351629756743698e-06 0
3041 3.766788407737267e-05 -2.340988216475753e-07 0
3042 3.796299484945348e-05 -3.626302080060699e-07 0
3043 3.796982299879148e-05 -2.026323227384022e-07 0
3044 4.631259265010853e-05 -6.737009935455915e-07 0
3045 4.583036002434871e-05 -7.886562796590214e-07 0
3046 3.133529548201602e-05 -1.352874502950115e-06 0
3047 3.102142879240302e-05 -9.61264980318739e-07 0
3048 3.057037796075405e-05 -9.844516399876864e-07 0
3049 3.153241658180506e-05 -9.11488441879722e-07 0
3050 3.182096589380377e-05 -1.282370503842022e-06 0
3051 6.914819817938155e-05 -1.039921450828428e-06 0
3052 3.496644210237943e-05 -5.583422891613209e-07 0
3053 4.814936649094531e-05 -2.664281478376996e-06 0
3054 4.83501296998755e-05 -1.95284710135141e-06 0
3055 4.912088498609624e-05 -1.666862476762501e-06 0
3056 4.963356386007933e-05 -2.195632883136432e-06 0
3057 7.264041027208438e-05 -9.673311722784999e-08 0
3058 3.906953810388368e-05 -3.441690349323083e-07 0
3059 3.931090252450159e-05 -8.617577359802495e-07 0
3060 3.98765619007481e-05 -1.055321807958499e-06 0
3061 3.941271393114423e-05 -1.472010641445658e-06 0
3062 3.881366345379804e-05 -1.301273661356539e-06 0
3063 4.035058425648735e-05 -7.018586690821051e-07 0
3064 4.903971066020057e-05 -6.272658890208014e-06 0
3065 4.030112889926047e-05 -2.504845374779521e-07 0
3066 5.537058842784537e-05 -9.120376278410482e-07 0
3067 5.602871868129668e-05 -9.551655755265355e-07 0
3068 3.01267018305636e-05 -1.341848412281078e-06 0
3069 2.996580544934971e-05 -8.650672169807465e-07 0
3070 3.027673440217879e-05 -5.448348820997872e-07 0
3071 5.122310211471839e-05 -7.73298366436383e-07 0
3072 6.325363673001969e-05 -2.639419422501889e-06 0
3073 4.290932520188612e-05 -1.999055295304104e-07 0
3074 6.413558132030863e-05 -1.172525113386622e-07 0
3075 3.765634544469839e-05 -5.883046134789297e-07 0
3076 3.795827294724982e-05 -7.35231486723716e-07 0
3077 3.769399325535044e-05 -1.079845168535388e-06 0
3078 7.049209116954479e-05 -1.594744349142689e-06 0
3079 7.136020537765673e-05 -1.858028596782352e-06 0
3080 3.889947316067334e-05 -1.917316775497631e-06 0
3081 6.676121873646017e-05 -9.910125034814161e-08 0
3082 6.151158042937748e-05 -1.011560965489893e-07 0
3083 5.272437087402784e-05 -1.305680308281493e-06 0
3084 5.248846819696864e-05 -1.887302612574599e-06 0
3085 6.841844633533917e-05 -1.235038127992589e-06 0
3086 7.389095331856142e-05 -6.914464716421705e-07 0
3087 4.040466739017387e-05 -1.245697671921624e-06 0
3088 5.888222699873796e-05 -9.769028207478971e-08 0
3089 6.396463959598417e-05 -3.067447194192583e-06 0
3090 3.422533898313036e-05 -9.519823132110301e-07 0
3091 2.965953619774401e-05 -3.73231382614366e-06 0
3092 2.849184721817716e-05 -3.619983430225857e-06 0
3093 2.905248189661488e-05 -4.788779584090945e-06 0
3094 2.781738292425926e-05 -4.81572247977081e-06 0
3095 3.630767573594476e-05 -2.844341583771919e-07 0
3096 4.52828470867368e-05 -6.198902109529927e-06 0
3097 3.371617454885961e-05 -2.626524279440833e-07 0
3098 5.400025883444257e-05 -4.7547900321282e-07 0
3099 6.273463242392462e-05 -7.873178326705999e-06 0
3100 3.304313715539014e-05 -5.032016103204881e-07 0
3101 3.288735266912489e-05 -3.776684873813044e-07 0
3102 3.288641168493714e-05 -5.309122413370259e-07 0
3103 3.301398343102894e-05 -3.369257432622354e-07 0
3104 6.012562245502157e-05 -3.718462207175159e-07 0
3105 4.18597510378765e-05 -2.102293334032212e-06 0
3106 2.852499770826236e-05 -5.916016122247029e-06 0
3107 2.979567667275228e-05 -5.927294883690404e-06 0
3108 5.148432891720548e-05 -6.834682052028659e-06 0
3109 3.079970037278398e-05 -5.691051079997842e-07 0
3110 3.11910541631094e-05 -5.472084986323039e-07 0
3111 3.536990939220715e-05 -3.486740156972926e-07 0
3112 3.552806477864949e-05 -3.221619452567259e-07 0
3113 4.078865008545678e-05 -8.650546480648044e-07 0
3114 7.172128223032086e-05 -2.870475633880715e-06 0
3115 2.585081858208232e-05 -8.438806533016466e-07 0
3116 5.170510513483325e-05 -6.671178991227365e-07 0
3117 4.543381297308058e-05 -7.583881464029228e-07 0
3118 6.14400699550296e-05 -6.988161961557519e-06 0
3119 7.337274846877203e-05 -4.859632339605776e-06 0
3120 7.176715453988118e-05 -5.820190493277127e-06 0
3121 4.015168979473669e-05 -2.208320219970618e-06 0
3122 2.93544043993384e-05 -1.264322884297292e-06 0
3123 2.855313974185966e-05 -1.169617844438882e-06 0
3124 2.796063708692713e-05 -1.524849143942121e-06 0
3125 3.597062768362521e-05 -8.366812494724743e-06 0
3126 3.504646826290981e-05 -6.792698986829708e-06 0
3127 3.341722291737701e-05 -6.888692223465736e-06 0
3128 3.24551066059631e-05 -7.938917197645346e-06 0
3129 3.672837564136557e-05 -6.94735327007598e-06 0
3130 3.833691005603776e-05 -6.597897777083321e-06 0
3131 3.9490547904727e-05 -7.801042862131937e-06 0
3132 3.990798622388198e-05 -6.362157388195747e-06 0
3133 5.753557988697298e-05 -2.300030131265944e-06 0
3134 5.694582319609471e-05 -1.810566222470978e-06 0
3135 5.760043217235733e-05 -1.640067608117799e-06 0
3136 5.713788607727177e-05 -1.177766337756192e-06 0
3137 4.777057549663724e-05 -1.463277505982514e-06 0
3138 6.798266533852921e-05 -8.341509584002809e-06 0
3139 6.715597636620276e-05 -6.877989434625699e-06 0
3140 6.878034085336395e-05 -6.859148822273235e-06 0
3141 4.408660442855249e-05 -8.584327862404587e-06 0
3142 3.584658649050831e-05 -1.500311247658778e-07 0
3143 3.588629086530951e-05 -3.300224578043857e-07 0
3144 3.578186927834394e-05 -2.586819958463288e-07 0
3145 5.476052500794101e-05 -9.835612645033649e-07 0
3146 4.441200606314882e-05 -9.037175565462272e-07 0
3147 5.899911847918279e-05 -6.122898672406131e-07 0
3148 4.148583187898311e-05 -4.737754224687062e-07 0
3149 6.123605395224108e-05 -2.151984618270278e-06 0
3150 6.186034082240682e-05 -1.721975408494377e-06 0
3151 6.124497875844689e-05 -1.330714092900441e-06 0
3152 6.186813466749242e-05 -9.846323071568733e-07 0
3153 6.242504576263034e-05 -1.281506817001377e-06 0
3154 6.341864181081933e-05 -1.16639917836727e-06 0
3155 4.12633330195189e-05 -2.223764444293894e-07 0
3156 6.537947434977865e-05 -3.594941079846669e-07 0
3157 6.63873713990208e-05 -1.527419024637419e-06 0
3158 6.712914318691826e-05 -1.153386725061187e-06 0
3159 5.228488283884435e-05 -8.396909581914673e-06 0
3160 6.813872587804045e-05 -2.140566348374878e-06 0
3161 5.065728300112594e-05 -8.856284301954565e-07 0
3162 3.197731035845064e-05 -6.394696392833663e-06 0
3163 3.827479108143727e-05 -1.090223897043497e-06 0
3164 3.740352330251342e-05 -1.651074993289091e-06 0
3165 4.600752025115635e-05 -4.306140227141513e-07 0
3166 2.802350724275878e-05 -8.569097268838712e-07 0
3167 5.56941410877063e-05 -2.962820193929944e-06 0
3168 2.728107573430146e-05 -1.090513013523098e-06 0
3169 2.645213220922701e-05 -1.579105521043157e-06 0
3170 3.415844042870769e-05 -2.588349817682325e-06 0
3171 5.808258983213182e-05 -8.336930990939031e-06 0
3172 5.897063267300298e-05 -6.680546848645354e-06 0
3173 5.616329699849522e-05 -8.265213000492208e-06 0
3174 5.73905107966828e-05 -6.778325609739281e-06 0
3175 7.117034859596578e-05 -1.145173947452384e-06 0
3176 7.180887745203395e-05 -1.251707702417571e-06 0
3177 7.159533308449645e-05 -7.453073203348871e-07 0
3178 7.211245655229688e-05 -7.555202694857012e-07 0
3179 7.252156794985452e-05 -1.261221312316983e-06 0
3180 7.229982926105103e-05 -1.988172012529653e-06 0
3181 6.959884194337245e-05 -7.625858105199917e-07 0
3182 3.194201274407443e-05 -8.832164885893334e-07 0
3183 4.074450209024482e-05 -5.16753184198557e-07 0
3184 7.032133939990765e-05 -5.538309336776327e-07 0
3185 3.322312032296619e-05 -1.506571589825392e-07 0
3186 3.32172770949492e-05 -3.454061882994227e-07 0
3187 4.287126349325189e-05 -7.820981533166191e-07 0
3188 5.816981649990118e-05 -1.959598901628486e-06 0
3189 3.563746056068804e-05 -1.550977665269285e-06 0
3190 4.781834947596939e-05 -8.26525156468674e-06 0
3191 5.414845996021348e-05 -9.058367867047373e-08 0
3192 4.625023436929453e-05 -9.229551045999616e-08 0
3193 5.446381492992055e-05 -1.762213131343223e-07 0
3194 5.648936855165181e-05 -1.34731090361142e-06 0
3195 5.661658073655421e-05 -7.934986393083772e-07 0
3196 5.705641490393315e-05 -6.882129521541741e-07 0
3197 5.623481207092799e-05 -4.979815881317874e-07 0
3198 5.626144398842966e-05 -1.952905444753165e-06 0
3199 5.65545288505715e-05 -4.205989844491432e-07 0
3200 4.657075531383345e-05 -1.590958644116765e-07 0
3201 6.804605435522839e-05 -5.47788557227177e-06 0
3202 6.936188647992198e-05 -5.497137306998094e-06 0
3203 7.024717980525779e-05 -6.601228052880635e-06 0
3204 3.156112398694265e-05 -5.231395082682545e-07 0
3205 7.332697666262141e-05 -1.689827725784366e-06 0
3206 5.747774200653413e-05 -7.797220680818771e-07 0
3207 5.797071001347911e-05 -8.765785998209129e-07 0
3208 5.677495415075076e-05 -8.964950444606133e-08 0
3209 5.671877645632591e-05 -1.731753851892422e-07 0
3210 5.662077644855666e-05 -1.719268094154395e-07 0
3211 5.666963410957746e-05 -2.991873108660441e-07 0
3212 5.67955332379766e-05 -3.064475557078264e-07 0
3213 5.656901137496889e-05 -2.571354321384117e-07 0
3214 5.652183793380352e-05 -1.702458818364877e-07 0
3215 5.646904570055965e-05 -2.544998202251422e-07 0
3216 6.20313119249157e-05 -8.527747781069114e-08 0
3217 4.887844364015258e-05 -9.059628317178585e-08 0
3218 4.882436397330818e-05 -1.749150464274115e-07 0
3219 5.709140199407857e-05 -1.512415796287196e-07 0
3220 2.793334719499409e-05 -2.616835446293666e-06 0
3221 7.193082837436256e-05 -4.289813839472267e-06 0
3222 4.248306497528303e-05 -6.543953313826131e-06 0
3223 6.649227935017492e-05 -5.389405178527584e-06 0
3224 6.574844289629803e-05 -6.616065595800811e-06 0
3225 6.72789692338073e-05 -9.617130287721808e-08 0
3226 7.253547349991846e-05 -7.152405851026732e-08 0
3227 7.253014460763445e-05 -1.465283702485256e-07 0
3228 6.020307107573206e-05 -8.227579665792826e-07 0
3229 7.203254540721675e-05 -8.456344603282369e-06 0
3230 2.803733370888523e-05 -8.314552438533684e-06 0
3231 4.710097105079133e-05 -1.334550744038398e-06 0
3232 4.828302211385699e-05 -5.458067996667404e-07 0
3233 4.85540107664517e-05 -8.575071259113904e-07 0
3234 4.861837627038893e-05 -5.177293267845057e-07 0
3235 4.89262088777224e-05 -7.360817678965726e-07 0
3236 4.886010451759184e-05 -1.116023511002905e-06 0
3237 4.929039684195791e-05 -1.011450683754688e-06 0
3238 4.93678265696724e-05 -4.688324938906778e-07 0
3239 4.976810120651603e-05 -8.051695750198349e-07 0
3240 4.966868065205706e-05 -1.320760605495565e-06 0
3241 6.774033235358508e-05 -1.443906323790042e-06 0
3242 6.173081718247998e-05 -9.051359200439953e-08 0
3243 6.168113194279585e-05 -1.7296879399946e-07 0
3244 3.554736948817843e-05 -8.644089604159509e-08 0
3245 3.559727068904336e-05 -1.719180413302177e-07 0
3246 3.549741731833947e-05 -1.71684372527561e-07 0
3247 3.56972515215624e-05 -1.728800957873343e-07 0
3248 3.564733688458186e-05 -2.595269511940754e-07 0
3249 3.569841738097677e-05 -3.796676377031683e-07 0
3250 4.595127430412417e-05 -8.6514714060104e-08 0
3251 4.600118353968871e-05 -1.730109671186986e-07 0
3252 4.610073448844819e-05 -1.731220807159354e-07 0
3253 4.604111618801434e-05 -2.406147405780997e-07 0
3254 4.610006576938036e-05 -2.692054779608522e-07 0
3255 4.59265291312552e-05 -2.388992196466833e-07 0
3256 6.435009801806379e-05 -8.509051353616982e-08 0
3257 6.429733838759159e-05 -2.14454022070764e-07 0
3258 6.429566215039798e-05 -5.581980355354771e-07 0
3259 6.446065629831251e-05 -3.187686011866494e-07 0
3260 6.44223451778155e-05 -2.066121852591125e-07 0
3261 6.379894152294797e-05 -6.630505868950874e-07 0
3262 3.312339316341127e-05 -8.636625362191945e-08 0
3263 3.307574777454276e-05 -1.900682590874959e-07 0
3264 3.296799376937766e-05 -2.26909852610053e-07 0
3265 4.867788659533442e-05 -8.641161417731554e-08 0
3266 4.862787875264688e-05 -1.728473298765516e-07 0
3267 4.853005729095822e-05 -1.717856760396972e-07 0
3268 3.524822353317745e-05 -8.636625362334013e-08 0
3269 3.528974872453085e-05 -2.099454570670503e-07 0
3270 4.847582582297383e-05 -8.62741329002326e-08 0
3271 4.615041945528875e-05 -8.763553265948109e-08 0
3272 3.544762991216776e-05 -8.619177510904735e-08 0
3273 4.57285907938614e-05 -1.080400068572348e-07 0
3274 5.384924295788457e-05 -8.644089604127439e-08 0
3275 5.389912029797374e-05 -1.72961400663638e-07 0
3276 5.37992704937027e-05 -1.728978895940802e-07 0
3277 5.384916855558605e-05 -3.12209060114445e-07 0
3278 5.374391031787175e-05 -2.628919204898563e-07 0
3279 5.394907266943644e-05 -2.596101323319979e-07 0
3280 5.399870258125022e-05 -1.731648596653149e-07 0
3281 5.403875662035337e-05 -2.683175799237522e-07 0
3282 3.292393173956813e-05 -8.177468276572709e-08 0
3283 3.288433660689007e-05 -1.803011831278843e-07 0
3284 3.275930126558406e-05 -1.742453802231645e-07 0
3285 3.282188074705324e-05 -2.705814946883944e-07 0
3286 3.272087750740278e-05 -2.768456780939654e-07 0
3287 3.27739259077001e-05 -3.460823313039432e-07 0
3288 3.272374503184448e-05 -8.482711624375493e-08 0
3289 3.818057972931745e-05 -6.476183049721795e-08 0
3290 3.818916245088037e-05 -1.865713129478848e-07 0
3291 5.623856934674339e-05 -9.057539612173371e-08 0
3292 5.630009867263679e-05 -2.30369222336729e-07 0
3293 3.796982299879049e-05 -8.636625362055344e-08 0
3294 7.234755614892597e-05 -8.573054944839094e-08 0
3295 7.22874035288619e-05 -1.701223990323374e-07 0
3296 5.351651116123485e-05 -8.619646863707139e-08 0
3297 5.358674170660004e-05 -2.505313016528031e-07 0
3298 3.835450327179971e-05 -7.706082623054964e-08 0
3299 3.84694030327238e-05 -1.561334979804089e-07 0
3300 3.859119626599709e-05 -1.125534579936505e-07 0
3301 5.404863648488089e-05 -8.673492542934256e-08 0
3302 3.575803095823474e-05 -9.385731663892657e-08 0
3303 6.697633399615745e-05 -8.659025584309719e-08 0
3304 6.692647041638062e-05 -1.729687939997823e-07 0
3305 6.991143888749063e-05 -8.748936699124912e-08 0
3306 6.455064360819015e-05 -8.08211527784793e-08 0
3307 6.950551852331649e-05 -8.636625362005354e-08 0
3308 6.95594801904785e-05 -1.705437678291269e-07 0
3309 5.928792152411359e-05 -7.293475944339518e-08 0
3310 5.924674858742413e-05 -1.754509363973693e-07 0
3311 6.183069670508572e-05 -9.076726228732601e-08 0
3312 6.187291013043992e-05 -1.577923153858125e-07 0
3313 5.374949999948384e-05 -8.639402795362748e-08 0
3314 6.707584152484719e-05 -8.655728481096247e-08 0
3315 6.712438737699932e-05 -1.716315942087228e-07 0
3316 7.215093083969629e-05 -9.034591573012781e-08 0
3317 7.271995055341154e-05 -7.11646475002342e-08 0
3318 6.970497284242596e-05 -8.650430876477458e-08 0
3319 6.975483642220465e-05 -1.729687940011488e-07 0
3320 5.370584933601976e-05 -1.71816278662374e-07 0
3321 3.539768626917919e-05 -1.726591284632028e-07 0
3322 3.545648907349535e-05 -2.635121246618594e-07 0
3323 6.986337024785267e-05 -1.833754215880334e-07 0
3324 6.979440861648657e-05 -2.609857336986368e-07 0
3325 4.841610904209499e-05 -2.029530041958559e-07 0
3326 4.847756200484068e-05 -3.601368605612593e-07 0
3327 4.8607583327172e-05 -3.599772439350732e-07 0
3328 4.824150027779367e-05 -2.280897236625251e-07 0
3329 4.857804523879893e-05 -2.595269511945177e-07 0
3330 4.867632379618824e-05 -2.605933027034476e-07 0
3331 6.237499926659781e-05 -4.372519221944502e-07 0
3332 6.205145179015778e-05 -4.768156425603423e-07 0
3333 6.178085910234969e-05 -4.549678035715451e-07 0
3334 6.177278860038755e-05 -2.921234910479931e-07 0
3335 6.146970036798369e-05 -7.651552106901408e-07 0
3336 6.177873912394827e-05 -1.880511857784836e-07 0
3337 5.657277900389651e-05 -8.549941630152993e-08 0
3338 7.068231938537657e-05 -9.006950710813284e-07 0
3339 4.872641161427524e-05 -1.730111211684258e-07 0
3340 6.654645906923251e-05 -8.746295244759139e-07 0
3341 6.69291005995019e-05 -6.907386590519847e-07 0
3342 6.735159920569462e-05 -6.84711593674595e-07 0
3343 6.602009430332102e-05 -9.228037064041851e-07 0
3344 3.55545231245888e-05 -2.067566026943561e-06 0
3345 4.388810182114555e-05 -6.682666451949567e-07 0
3346 6.581195233070062e-05 -5.095468030669423e-07 0
3347 5.88822487577313e-05 -1.022005003296733e-06 0
3348 5.863291806755121e-05 -6.985448880203802e-07 0
3349 5.842815750596703e-05 -1.064310885995839e-06 0
3350 2.755412976529911e-05 -5.846758389810889e-07 0
3351 4.411089997834789e-05 -2.295437837358314e-06 0
3352 5.409400388636577e-05 -1.743443257081017e-07 0
3353 5.416163119792154e-05 -2.78969759258251e-07 0
3354 6.198620703807878e-05 -2.033127582966376e-07 0
3355 3.672415139547512e-05 -1.809398417735669e-06 0
3356 4.618916791635496e-05 -1.748893054465935e-07 0
3357 4.625047799268741e-05 -2.769753710096491e-07 0
3358 3.057550858783379e-05 -1.215133028348386e-07 0
3359 5.647371448477753e-05 -8.445073863287498e-08 0
3360 5.642779265171063e-05 -1.649775758532489e-07 0
3361 4.42360735271485e-05 -1.56948262890953e-06 0
3362 4.877333758075025e-05 -2.593933604849706e-07 0
3363 4.889928381966185e-05 -2.741616589453053e-07 0
3364 4.880851370902882e-05 -4.362271240330737e-07 0
3365 4.870532692175303e-05 -3.470986453849783e-07 0
3366 6.067927556089454e-05 -1.123325082343117e-06 0
3367 3.102319308974731e-05 -2.611789274000327e-07 0
3368 3.054517593910993e-05 -4.103646789369835e-07 0
3369 3.05443450564688e-05 -2.461457607677258e-07 0
3370 4.359225906182685e-05 -4.610376890518827e-07 0
3371 4.330554803210168e-05 -4.095183065565355e-07 0
3372 4.344434027953109e-05 -3.038347769003999e-07 0
3373 4.55907382420053e-05 -2.488499421964235e-06 0
3374 6.564054197836253e-05 -1.355060380039501e-06 0
3375 5.142188462446673e-05 -4.386573470064902e-07 0
3376 5.609260831321702e-05 -2.280057531038141e-07 0
3377 3.555803841881086e-05 -2.563847588405055e-07 0
3378 5.405410684415502e-05 -6.68272849981588e-06 0
3379 5.309389360372846e-05 -2.968427407672522e-07 0
3380 6.42623092672978e-05 -8.471219909192326e-06 0
3381 4.635821065546813e-05 -4.788937810566666e-06 0
3382 4.840902111573092e-05 -1.308215500689375e-06 0
3383 4.105255678125042e-05 -7.177684967635384e-06 0
3384 3.561105540572902e-05 -3.375058954389101e-07 0
3385 2.789733689619263e-05 -4.439883249081312e-07 0
3386 2.805692539287291e-05 -1.951556247163944e-07 0
3387 2.765244465770135e-05 -3.1489455739594e-07 0
3388 2.767777603533076e-05 -1.641028109575018e-07 0
3389 2.764878043831197e-05 -7.806470025150935e-08 0
3390 2.75525240440502e-05 -7.933915928888791e-08 0
3391 2.752498735243416e-05 -1.700847823574331e-07 0
3392 2.740342005049421e-05 -1.732413273231587e-07 0
3393 2.761492623904859e-05 -1.969688668109713e-07 0
3394 2.775353211707892e-05 -7.814544672649413e-08 0
3395 4.262395872250332e-05 -4.518547666143379e-06 0
3396 5.015331061825787e-05 -1.023951689661392e-06 0
3397 4.598312469172472e-05 -3.150239685918646e-07 0
3398 6.258639835455743e-05 -2.014668943205481e-06 0
3399 3.222916012440536e-05 -7.028510436086876e-07 0
3400 4.113130810724844e-05 -5.748436650614486e-06 0
3401 5.292156673332533e-05 -7.664176363001322e-07 0
3402 5.564839015960039e-05 -1.437560131501578e-06 0
3403 7.265166385551721e-05 -7.233135041416209e-07 0
3404 7.309480890585564e-05 -4.523834882425293e-07 0
3405 4.77720580432559e-05 -2.131692106093493e-06 0
3406 3.667081702472264e-05 -5.090282288542126e-07 0
3407 3.586262955649688e-05 -2.28494747162636e-07 0
3408 5.357446012954604e-05 -2.181262368031219e-06 0
3409 4.640198150874984e-05 -6.893294813492992e-06 0
3410 5.368854653092116e-05 -4.689089338573269e-06 0
3411 6.07188873653456e-05 -1.746809473017719e-06 0
3412 6.408575805781062e-05 -1.065439881746483e-06 0
3413 6.159344653020077e-05 -1.638019394446461e-07 0
3414 6.165710100765783e-05 -2.870880386851749e-07 0
3415 5.220949129224457e-05 -8.954974000912045e-07 0
3416 6.450245856795867e-05 -1.628381247146182e-07 0
3417 5.103820877625914e-05 -4.588972075453673e-06 0
3418 4.108707542911661e-05 -4.694839015321012e-07 0
3419 3.698812289111085e-05 -8.682201529122442e-07 0
3420 6.484157433704995e-05 -4.183030345668045e-06 0
3421 3.242955800422523e-05 -2.115449551012482e-06 0
3422 6.035992958616143e-05 -4.419804567766837e-06 0
3423 6.004348844819259e-05 -5.551574269686215e-06 0
3424 4.891532255301107e-05 -1.819385234616149e-07 0
3425 3.87469071778116e-05 -7.375862905958074e-07 0
3426 3.860077235195721e-05 -4.702089973149114e-06 0
3427 4.652480114940089e-05 -3.676230569264976e-07 0
3428 4.059472519885504e-05 -4.541460679800032e-06 0
3429 3.041713950163968e-05 -3.360724395543532e-06 0
3430 4.218057446162999e-05 -1.485060363620488e-06 0
3431 6.573382287249154e-05 -3.653794105469175e-06 0
3432 3.607920176463665e-05 -1.869979766337391e-06 0
3433 5.231893631927981e-05 -2.544415485135989e-06 0
3434 4.920773213280493e-05 -5.15650884071669e-06 0
3435 3.516106935612255e-05 -3.569422612410597e-07 0
3436 2.78218935474977e-05 -2.111337118792032e-07 0
3437 5.81603277771238e-05 -4.766138967254574e-06 0
3438 5.894430285596726e-05 -5.346028605489254e-06 0
3439 3.663670621826364e-05 -4.829832064166068e-06 0
3440 3.713346566868539e-05 -5.70126192517604e-06 0
3441 3.602138721979465e-05 -5.811158548670391e-06 0
3442 3.496190209306871e-05 -5.474932115016678e-06 0
3443 5.034229786322479e-05 -5.742215273239219e-06 0
3444 5.112144871744639e-05 -3.855757578906739e-07 0
3445 4.540550078743726e-05 -5.022273552366148e-06 0
3446 3.535281818426799e-05 -2.636869613733523e-06 0
3447 7.081019310764063e-05 -3.70628381100745e-06 0
3448 2.923550412893975e-05 -7.093811582758573e-06 0
3449 5.731426528604201e-05 -3.824688432414737e-07 0
3450 6.73050802317083e-05 -4.635714807153959e-06 0
3451 3.311577659404861e-05 -4.883961147923877e-06 0
3452 7.065389742050193e-05 -5.038162967098708e-06 0
3453 6.661862389094122e-05 -5.268681095072303e-07 0
3454 5.639995052439556e-05 -5.78595709135567e-06 0
3455 5.96956874549301e-05 -3.886089409241385e-06 0
3456 6.447559552288915e-05 -2.617529664267197e-06 0
3457 5.435705867869121e-05 -4.108527278649486e-07 0
3458 6.193401984915439e-05 -5.602542587539889e-06 0
3459 3.076077637023219e-05 -7.171824096836937e-06 0
3460 5.904753356705551e-05 -3.873488266534916e-07 0
3461 5.895426999732476e-05 -1.629237033820753e-07 0
3462 5.905269716999424e-05 -1.635030998312901e-07 0
3463 5.90948111995281e-05 -8.013915467905656e-08 0
3464 5.913830106716529e-05 -1.485873033004671e-07 0
3465 6.683015894861152e-05 -4.083545790364211e-07 0
3466 6.680692968006282e-05 -2.664229979872867e-07 0
3467 6.710447151331582e-05 -4.464915685426796e-07 0
3468 4.147876640057897e-05 -1.478983207963047e-06 0
3469 4.386312850040997e-05 -3.141935987253967e-07 0
3470 4.362784258838324e-05 -2.531183513161577e-07 0
3471 4.476449032382396e-05 -2.579713277784224e-06 0
3472 2.638124590600471e-05 -4.950650784555219e-06 0
3473 3.290744857324195e-05 -1.431278808183718e-06 0
3474 3.126956039030147e-05 -5.104397462135375e-06 0
3475 6.02141370729495e-05 -6.709804980246034e-06 0
3476 3.912596477188422e-05 -5.543093647642778e-06 0
3477 5.912099749048886e-05 -2.440857058191244e-07 0
3478 2.720098692145568e-05 -4.182284458052229e-07 0
3479 6.163512111556704e-05 -8.599620467402517e-06 0
3480 2.822444807462446e-05 -4.899270555516828e-07 0
3481 3.29177065887219e-05 -5.85071425443806e-06 0
3482 6.885226277253721e-05 -5.260603900242256e-07 0
3483 5.683804619524549e-05 -2.162697941151141e-07 0
3484 5.216496386382403e-05 -1.420293346928717e-06 0
3485 4.626352088424497e-05 -1.747767536937092e-07 0
3486 5.416667445536726e-05 -1.749738056140754e-07 0
3487 4.220960575698125e-05 -5.369767803983714e-06 0
3488 3.457507557098853e-05 -2.215920311286388e-06 0
3489 5.087944890677131e-05 -5.388852315655902e-07 0
3490 6.018178797958603e-05 -1.89764766674122e-06 0
3491 2.844301466284617e-05 -7.494815226473552e-07 0
3492 2.893284660268516e-05 -7.005142217349542e-07 0
3493 7.238473973285219e-05 -4.503031989517125e-07 0
3494 6.998912694089703e-05 -7.182598116844496e-07 0
3495 5.021822868545154e-05 -2.099557327813083e-06 0
3496 3.439194339908254e-05 -6.767932332738381e-07 0
3497 3.403882591673189e-05 -6.44253669422916e-07 0
3498 5.295049636684866e-05 -2.368478621958833e-06 0
3499 6.17197288987518e-05 -2.391095591607265e-07 0
3500 3.290567875008536e-05 -2.838634374753873e-07 0
3501 6.676219093448859e-05 -1.976261580066511e-07 0
3502 6.683926036345043e-05 -1.687833888931624e-07 0
3503 4.563620707630869e-05 -4.808158963467445e-07 0
3504 3.834999202004785e-05 -5.274817787796589e-07 0
3505 3.585099413483633e-05 -7.526256679393535e-08 0
3506 6.154187461389131e-05 -2.564391969048758e-07 0
3507 5.896300952313059e-05 -2.742290197746634e-07 0
3508 5.871601979674235e-05 -2.138282218768836e-06 0
3509 6.9954290741314e-05 -1.512453178350132e-07 0
3510 3.22619159680104e-05 -3.891401372370906e-07 0
3511 4.263135832811663e-05 -1.177320205360528e-06 0
3512 3.840950390811568e-05 -1.636445946074513e-06 0
3513 3.262115693072456e-05 -1.712955174431865e-06 0
3514 3.215859273161559e-05 -1.640172250662316e-06 0
3515 4.899499587325762e-05 -2.2831627123108e-07 0
3516 6.187382596422699e-05 -2.95510532773469e-07 0
3517 5.808986793307675e-05 -4.46930740674507e-07 0
3518 6.765126877887788e-05 -4.491475972343636e-07 0
3519 6.776096651260416e-05 -9.117156436193786e-07 0
3520 3.21768018680286e-05 -1.286676453527039e-06 0
3521 3.727478734565515e-05 -1.146594789531039e-06 0
3522 2.725262481469594e-05 -1.957614208391156e-06 0
3523 3.256096157723053e-05 -3.738978923366058e-07 0
3524 3.2580252084849e-05 -2.126241085779528e-07 0
3525 3.268512358283489e-05 -3.454695691146829e-07 0
3526 3.264142879848388e-05 -2.851284882673473e-07 0
3527 3.267529612034656e-05 -2.174779074498976e-07 0
3528 5.806965214020194e-05 -5.956130348733055e-06 0
3529 4.093193707472968e-05 -2.884595357214076e-07 0
3530 4.095860136167382e-05 -1.422926997675716e-07 0
3531 4.070267131356571e-05 -2.913177286216029e-07 0
3532 4.082548553493497e-05 -2.07830039464889e-07 0
3533 4.091283486890712e-05 -8.15749871434029e-08 0
3534 4.098844429084199e-05 -7.849811701142276e-08 0
3535 4.088438617446713e-05 -1.5320177800566e-07 0
3536 4.072954916203161e-05 -1.515527995381927e-07 0
3537 4.071097452101711e-05 -6.732934357006022e-08 0
3538 4.062106401632626e-05 -9.442006128627178e-08 0
3539 5.373559028848462e-05 -4.587485702123552e-07 0
3540 5.696920148206729e-05 -3.406732902398779e-07 0
3541 5.677698222011336e-05 -4.747697887875738e-07 0
3542 6.060707878755267e-05 -6.203509620775298e-07 0
3543 3.297380242407889e-05 -1.488275881838263e-07 0
3544 5.809856496848973e-05 -1.375977160006646e-06 0
3545 4.485782348397294e-05 -7.326234501552707e-06 0
3546 4.867807181095431e-05 -4.164135452440988e-07 0
3547 3.557126044122287e-05 -3.951403841163841e-07 0
3548 3.599123217853158e-05 -1.389669104379132e-06 0
3549 3.319818853307744e-05 -5.925585315111465e-08 0
3550 3.397072322985112e-05 -5.840399968661622e-06 0
3551 3.737173830119741e-05 -8.210716187762373e-07 0
3552 7.353589838486613e-05 -8.535898384865783e-06 0
3553 2.646410161514133e-05 -8.535898384858161e-06 0
3554 4.499217470993121e-05 -8.711814968214767e-07 0
3555 4.520605239657624e-05 -4.052731800777314e-07 0
3556 6.26367822628072e-05 -3.026292770579296e-06 0
3557 3.948086951480581e-05 -2.068986574834222e-06 0
3558 3.388704431795643e-05 -1.094193912238221e-06 0
3559 6.566420109707007e-05 -4.493466225185034e-06 0
3560 5.290614251973744e-05 -7.290282725618634e-06 0
3561 3.48952696857982e-05 -4.626982623571248e-06 0
3562 7.183807793225128e-05 -5.269148504221471e-07 0
3563 7.159534239202297e-05 -3.420629408368821e-07 0
3564 4.680641413308051e-05 -6.449335901454716e-07 0
3565 3.479391156107726e-05 -2.600636477948665e-06 0
3566 3.844020597441408e-05 -5.829858105273962e-08 0
3567 3.578516647026708e-05 -1.80829440967185e-07 0
3568 7.305868969548829e-05 -1.036117021473418e-06 0
3569 5.520343635100717e-05 -7.294160600377119e-06 0
3570 6.228078281189286e-05 -8.231748474713806e-07 0
3571 4.089491269882197e-05 -1.376732503375653e-06 0
3572 3.607762766144079e-05 -3.914651565812948e-07 0
3573 3.816945573723492e-05 -5.456264291500457e-06 0
3574 6.368558624041381e-05 -3.222857789825186e-07 0
3575 6.336416562460387e-05 -6.224479781737755e-07 0
3576 6.9306480085307e-05 -5.651569864992805e-07 0
3577 3.657823947911563e-05 -2.31795741428271e-06 0
3578 4.065398917829864e-05 -8.645530020543841e-06 0
3579 5.467576073317763e-05 -3.507540191445451e-07 0
3580 7.116847644415197e-05 -5.380732458326527e-07 0
3581 6.958436107517027e-05 -4.765451635725794e-07 0
3582 6.983704803236646e-05 -4.858066551994584e-07 0
3583 6.976059268412987e-05 -3.843026881059957e-07 0
3584 6.990062277183705e-05 -3.638930546939429e-07 0
3585 6.970233119744313e-05 -2.530497075312214e-07 0
3586 6.965531765537815e-05 -1.715337581068365e-07 0
3587 6.961031727238033e-05 -2.608000841725893e-07 0
3588 6.947621986247787e-05 -3.106140172576629e-07 0
3589 6.940055714300807e-05 -2.129799686713844e-07 0
3590 6.968025533485355e-05 -3.334046327392059e-07 0
3591 6.987717308897418e-05 -2.834915159510967e-07 0
3592 6.982139954584627e-05 -3.369246596351785e-07 0
3593 6.993285409416071e-05 -3.079749239819367e-07 0
3594 4.979023581257815e-05 -4.610629097027685e-07 0
3595 3.517700253766882e-05 -1.73840227828836e-07 0
3596 3.549732984865753e-05 -3.695233568097084e-07 0
3597 5.195961119838506e-05 -4.173700406622139e-07 0
3598 7.145032257027815e-05 -7.120428747195998e-06 0
3599 3.99739999356113e-05 -1.619542499237523e-06 0
3600 5.351215411002856e-05 -5.609743246053778e-06 0
3601 5.005739409753489e-05 -7.074968772678422e-06 0
3602 3.805374495001687e-05 -1.393174968859781e-07 0
3603 4.047204598874747e-05 -1.705258309614761e-06 0
3604 6.497120222842732e-05 -7.506174399931151e-06 0
3605 7.056797473964469e-05 -2.49919802701024e-07 0
3606 6.104388770008387e-05 -7.930879831725879e-07 0
3607 4.125448576883567e-05 -9.043972383213289e-07 0
3608 6.450424351160172e-05 -2.364329100210037e-07 0
3609 6.457288476462749e-05 -2.798392505891701e-07 0
3610 5.881705359454245e-05 -4.326866342204549e-07 0
3611 5.851061032811878e-05 -3.331544316340122e-07 0
3612 6.946621457130685e-05 -1.766932176247473e-07 0
3613 3.130349455716603e-05 -8.670076797348315e-06 0
3614 4.305996758385355e-05 -1.138787786239951e-07 0
3615 4.310829742440856e-05 -2.893751487494697e-07 0
3616 4.291649472311256e-05 -4.507733359673499e-07 0
3617 4.330746467376205e-05 -2.433096529929153e-07 0
3618 2.838258451248576e-05 -2.248413934287067e-07 0
3619 4.751199077083275e-05 -2.638588452543538e-06 0
3620 6.095717699091338e-05 -6.014353728130143e-06 0
3621 6.456741052034705e-05 -2.093964572621998e-07 0
3622 6.46021857275083e-05 -1.447132921121917e-07 0
3623 6.46552800300391e-05 -2.231587088740153e-07 0
3624 6.477373920624644e-05 -1.680073050490201e-07 0
3625 6.472671142719983e-05 -8.03587590713133e-08 0
3626 6.468170961872081e-05 -1.387954297463943e-07 0
3627 6.126119530576229e-05 -4.953094383011161e-07 0
3628 6.112687550853929e-05 -2.377210421004748e-07 0
3629 3.174082575567057e-05 -7.10786371134411e-07 0
3630 3.09061912125582e-05 -5.999249717932742e-06 0
3631 3.212903893028814e-05 -2.537932340745076e-06 0
3632 2.747395294177886e-05 -5.950003959371279e-06 0
3633 6.470974537729371e-05 -6.453263744349855e-06 0
3634 4.884082595757325e-05 -7.344253758404441e-06 0
3635 4.311708831418787e-05 -5.524201657326734e-07 0
3636 6.740201368002189e-05 -3.990816738579305e-07 0
3637 6.723869614588785e-05 -3.500344938661925e-07 0
3638 6.730545876297103e-05 -1.940865134384654e-07 0
3639 6.721967633063503e-05 -1.754453065540366e-07 0
3640 6.717598916202026e-05 -2.615318179305405e-07 0
3641 6.707711770925546e-05 -2.602444886301907e-07 0
3642 6.712515971621411e-05 -3.331611577225578e-07 0
3643 6.704144016368166e-05 -3.288500204697956e-07 0
3644 6.69814544800388e-05 -2.547102907151548e-07 0
3645 6.702693425061313e-05 -1.721171180346518e-07 0
3646 6.725452923530084e-05 -2.632192610905507e-07 0
3647 6.732779951350143e-05 -2.771675789070041e-07 0
3648 6.689067921076664e-05 -2.533423590836624e-07 0
3649 6.694908962081668e-05 -3.373774744324021e-07 0
3650 6.686921436506441e-05 -3.163743526349431e-07 0
3651 3.586146686443584e-05 -5.121712607440039e-07 0
3652 6.897682079642968e-05 -4.627671214188738e-06 0
3653 5.057362561038478e-05 -4.030268145376623e-07 0
3654 2.949684200318885e-05 -7.896673952197422e-07 0
3655 2.974994612728689e-05 -5.844423409573148e-07 0
3656 3.001508048151496e-05 -4.323974652435228e-07 0
3657 3.021463112544907e-05 -3.36620366458687e-07 0
3658 3.036609946373306e-05 -3.365611162503775e-07 0
3659 3.030007060478705e-05 -2.353181598058486e-07 0
3660 2.998871868997545e-05 -2.422555319837711e-07 0
3661 2.993794184615683e-05 -1.171924164613802e-07 0
3662 3.0046749632818e-05 -1.513906188414005e-07 0
3663 3.014986524279213e-05 -1.591267936762986e-07 0
3664 3.019480395967127e-05 -7.961099727415501e-08 0
3665 3.010309070972251e-05 -2.575084858518026e-07 0
3666 3.024238736278833e-05 -1.564757375720359e-07 0
3667 3.000558788232578e-05 -6.367971909327397e-08 0
3668 3.020200900910782e-05 -2.290099086729346e-07 0
3669 3.032348353094888e-05 -1.562711835290366e-07 0
3670 3.039406161842575e-05 -2.08116866587237e-07 0
3671 3.038896822222392e-05 -9.740882334185968e-08 0
3672 3.045912856301058e-05 -2.830079482757881e-07 0
3673 3.048572785423777e-05 -1.809885080275991e-07 0
3674 5.001172465370886e-05 -2.644440171241673e-06 0
3675 5.461101887093811e-05 -6.321589011363024e-07 0
3676 5.611173903370113e-05 -6.868912842301092e-06 0
3677 4.051878484413003e-05 -3.824238417616925e-07 0
3678 4.093232282922754e-05 -2.029406793883491e-07 0
3679 3.345732100920611e-05 -4.302065420047592e-07 0
3680 3.426403792231253e-05 -3.801454982521962e-07 0
3681 4.85380552491162e-05 -3.081865418881816e-07 0
3682 4.850255566815935e-05 -2.583998939433235e-07 0
3683 3.016545778752067e-05 -4.933175677671062e-06 0
3684 5.830953933619887e-05 -7.090126585899003e-07 0
3685 7.211111200252916e-05 -4.437290734154157e-07 0
3686 7.225798780004361e-05 -3.446483565176358e-07 0
3687 7.211719034796489e-05 -2.772096775993528e-07 0
3688 7.221688887445261e-05 -2.359076035875208e-07 0
3689 7.205200318522309e-05 -1.963420461723557e-07 0
3690 7.220595440622429e-05 -1.549348643657477e-07 0
3691 7.231638750965502e-05 -2.647463795190588e-07 0
3692 7.234323216803725e-05 -3.3148142530368e-07 0
3693 7.241381362959818e-05 -2.66227766226313e-07 0
3694 7.239043212771393e-05 -1.699971628213767e-07 0
3695 7.212997287571354e-05 -1.760483873284313e-07 0
3696 5.60164251976335e-05 -2.385490586587846e-06 0
3697 6.969191986350066e-05 -4.115113928012917e-07 0
3698 2.760379882183514e-05 -1.377120639332607e-07 0
3699 3.471844941896508e-05 -6.592715367944885e-07 0
3700 3.473280866512058e-05 -3.414368888201743e-07 0
3701 6.982991575854491e-05 -3.927317644086439e-07 0
3702 3.049356684100134e-05 -6.657035002145395e-07 0
3703 3.027584553017994e-05 -8.19761192048456e-07 0
3704 3.499202616734651e-05 -3.901085616065639e-07 0
3705 4.579394847273819e-05 -2.814259438896325e-07 0
3706 4.582933785391711e-05 -1.762845737022004e-07 0
3707 4.591197297376423e-05 -1.522387680131001e-07 0
3708 3.898673392227832e-05 -2.539295970320757e-06 0
3709 6.294153402641458e-05 -1.489480489880821e-06 0
3710 4.903031168656179e-05 -4.242474258728761e-07 0
3711 3.166678286575526e-05 -1.644710627073626e-06 0
3712 6.339292992831548e-05 -3.324192243417465e-06 0
3713 4.007242858601716e-05 -5.362429316983009e-06 0
3714 4.983696602824763e-05 -1.750045316109708e-06 0
3715 6.151885026063294e-05 -4.185288288436945e-07 0
3716 3.044080979289493e-05 -1.432201128946546e-07 0
3717 4.690047024058889e-05 -2.847100946413013e-07 0
3718 3.267294831443252e-05 -1.499665431923265e-07 0
3719 7.021814660934786e-05 -1.046372434454657e-06 0
3720 6.975070148209201e-05 -3.1480059157217e-07 0
3721 5.095052137068788e-05 -8.048718345656781e-06 0
3722 3.192905765568124e-05 -2.875161382611359e-07 0
3723 2.79921373766013e-05 -6.918834323441461e-06 0
3724 6.437843073476696e-05 -1.514482842711703e-07 0
3725 2.745195101829305e-05 -3.795992011599858e-06 0
3726 5.337007836509199e-05 -2.51751567432619e-07 0
3727 5.962213224995192e-05 -4.817192759623437e-06 0
3728 5.515620430743279e-05 -1.239979376309877e-06 0
3729 6.960861468167655e-05 -3.585750581086658e-07 0
3730 4.60868289327984e-05 -5.713532923051253e-06 0
3731 5.103205507772666e-05 -2.402388162898353e-07 0
3732 5.11291646029107e-05 -2.851672856765338e-07 0
3733 3.797144241274586e-05 -1.614933302033722e-06 0
3734 6.404272583177341e-05 -3.786481574357058e-06 0
3735 4.705903583513533e-05 -8.979034592209378e-07 0
3736 5.166028464407756e-05 -3.906375094139896e-07 0
3737 5.152044157148392e-05 -2.780204422627284e-07 0
3738 5.142013990324392e-05 -3.022457742155484e-07 0
3739 5.14969167955707e-05 -1.644895769340494e-07 0
3740 5.153129629579036e-05 -8.112139401242664e-08 0
3741 5.142846997645918e-05 -8.41796560649854e-08 0
3742 5.137850826066215e-05 -1.693035037785996e-07 0
3743 5.127225539940689e-05 -1.727942128364272e-07 0
3744 5.122206128964891e-05 -8.684883904215472e-08 0
3745 5.11715384083905e-05 -1.657261813115567e-07 0
3746 5.109334762322882e-05 -1.603499264189171e-07 0
3747 5.099838426440261e-05 -1.048359692996952e-07 0
3748 5.120480066983888e-05 -2.517220600342431e-07 0
3749 5.132382157813931e-05 -2.781203237706879e-07 0
3750 5.14477134719102e-05 -2.265436106328332e-07 0
3751 5.112618127641911e-05 -2.206408539462172e-07 0
3752 4.345507404978491e-05 -7.434235183217934e-06 0
3753 5.765706704762642e-05 -1.170022354756686e-06 0
$EndNodes
$Elements
7678
1 1 2 6 1 6 11
2 1 2 6 1 11 12
3 1 2 6 1 12 13
4 1 2 6 1 13 14
5 1 2 6 1 14 15
6 1 2 6 1 15 16
7 1 2 6 1 16 17
8 1 2 6 1 17 18
9 1 2 6 1 18 19
10 1 2 6 1 19 20
11 1 2 6 1 20 21
12 1 2 6 1 21 22
13 1 2 6 1 22 23
14 1 2 6 1 23 24
15 1 2 6 1 24 25
16 1 2 6 1 25 26
17 1 2 6 1 26 27
18 1 2 6 1 27 28
19 1 2 6 1 28 29
20 1 2 6 1 29 30
21 1 2 6 1 30 31
22 1 2 6 1 31 32
23 1 2 6 1 32 33
24 1 2 6 1 33 34
25 1 2 6 1 34 35
26 1 2 6 1 35 36
27 1 2 6 1 36 37
28 1 2 6 1 37 38
29 1 2 6 1 38 39
30 1 2 6 1 39 40
31 1 2 6 1 40 41
32 1 2 6 1 41 42
33 1 2 6 1 42 43
34 1 2 6 1 43 44
35 1 2 6 1 44 45
36 1 2 6 1 45 46
37 1 2 6 1 46 47
38 1 2 6 1 47 48
39 1 2 6 1 48 49
40 1 2 6 1 49 50
41 1 2 6 1 50 51
42 1 2 6 1 51 52
43 1 2 6 1 52 53
44 1 2 6 1 53 54
45 1 2 6 1 54 55
46 1 2 6 1 55 56
47 1 2 6 1 56 57
48 1 2 6 1 57 58
49 1 2 6 1 58 59
50 1 2 6 1 59 5
51 1 2 5 3 4 82
52 1 2 5 3 82 83
53 1 2 5 3 83 84
54 1 2 5 3 84 85
55 1 2 5 3 85 86
56 1 2 5 3 86 87
57 1 2 5 3 87 88
58 1 2 5 3 88 89
59 1 2 5 3 89 90
60 1 2 5 3 90 91
61 1 2 5 3 91 92
62 1 2 5 3 92 93
63 1 2 5 3 93 3
64 1 2 3 4 3 94
65 1 2 3 4 94 95
66 1 2 3 4 95 96
67 1 2 3 4 96 97
68 1 2 3 4 97 98
69 1 2 3 4 98 99
70 1 2 3 4 99 100
71 1 2 3 4 100 101
72 1 2 3 4 101 102
73 1 2 3 4 102 103
74 1 2 3 4 103 104
75 1 2 3 4 104 105
76 1 2 3 4 105 106
77 1 2 3 4 106 107
78 1 2 3 4 107 108
79 1 2 3 4 108 109
80 1 2 3 4 109 110
81 1 2 3 4 110 111
82 1 2 3 4 111 112
83 1 2 3 4 112 113
84 1 2 3 4 113 114
85 1 2 3 4 114 115
86 1 2 3 4 115 116
87 1 2 3 4 116 117
88 1 2 3 4 117 118
89 1 2 3 4 118 119
90 1 2 3 4 119 120
91 1 2 3 4 120 121
92 1 2 3 4 121 122
93 1 2 3 4 122 123
94 1 2 3 4 123 124
95 1 2 3 4 124 125
96 1 2 3 4 125 126
97 1 2 3 4 126 127
98 1 2 3 4 127 128
99 1 2 3 4 128 129
100 1 2 3 4 129 130
101 1 2 3 4 130 131
102 1 2 3 4 131 132
103 1 2 3 4 132 133
104 1 2 3 4 133 134
105 1 2 3 4 134 135
106 1 2 3 4 135 136
107 1 2 3 4 136 137
108 1 2 3 4 137 138
109 1 2 3 4 138 139
110 1 2 3 4 139 140
111 1 2 3 4 140 141
112 1 2 3 4 141 142
113 1 2 3 4 142 143
114 1 2 3 4 143 144
115 1 2 3 4 144 145
116 1 2 3 4 145 146
117 1 2 3 4 146 147
118 1 2 3 4 147 148
119 1 2 3 4 148 149
120 1 2 3 4 149 150
121 1 2 3 4 150 151
122 1 2 3 4 151 152
123 1 2 3 4 152 153
124 1 2 3 4 153 154
125 1 2 3 4 154 155
126 1 2 3 4 155 156
127 1 2 3 4 156 157
128 1 2 3 4 157 158
129 1 2 3 4 158 159
130 1 2 3 4 159 160
131 1 2 3 4 160 161
132 1 2 3 4 161 162
133 1 2 3 4 162 163
134 1 2 3 4 163 164
135 1 2 3 4 164 165
136 1 2 3 4 165 166
137 1 2 3 4 166 167
138 1 2 3 4 167 168
139 1 2 3 4 168 169
140 1 2 3 4 169 170
141 1 2 3 4 170 171
142 1 2 3 4 171 172
143 1 2 3 4 172 173
144 1 2 3 4 173 174
145 1 2 3 4 174 175
146 1 2 3 4 175 176
147 1 2 3 4 176 177
148 1 2 3 4 177 178
149 1 2 3 4 178 179
150 1 2 3 4 179 180
151 1 2 3 4 180 181
152 1 2 3 4 181 182
153 1 2 3 4 182 183
154 1 2 3 4 183 184
155 1 2 3 4 184 185
156 1 2 3 4 185 186
157 1 2 3 4 186 187
158 1 2 3 4 187 188
159 1 2 3 4 188 189
160 1 2 3 4 189 190
161 1 2 3 4 190 191
162 1 2 3 4 191 192
163 1 2 3 4 192 193
164 1 2 3 4 193 194
165 1 2 3 4 194 195
166 1 2 3 4 195 196
167 1 2 3 4 196 197
168 1 2 3 4 197 198
169 1 2 3 4 198 199
170 1 2 3 4 199 200
171 1 2 3 4 200 201
172 1 2 3 4 201 202
173 1 2 3 4 202 203
174 1 2 3 4 203 204
175 1 2 3 4 204 205
176 1 2 3 4 205 206
177 1 2 3 4 206 207
178 1 2 3 4 207 208
179 1 2 3 4 208 209
180 1 2 3 4 209 210
181 1 2 3 4 210 211
182 1 2 3 4 211 212
183 1 2 3 4 212 213
184 1 2 3 4 213 214
185 1 2 3 4 214 215
186 1 2 3 4 215 216
187 1 2 3 4 216 217
188 1 2 3 4 217 218
189 1 2 3 4 218 219
190 1 2 3 4 219 220
191 1 2 3 4 220 221
192 1 2 3 4 221 222
193 1 2 3 4 222 223
194 1 2 3 4 223 224
195 1 2 3 4 224 225
196 1 2 3 4 225 226
197 1 2 3 4 226 227
198 1 2 3 4 227 228
199 1 2 3 4 228 229
200 1 2 3 4 229 230
201 1 2 3 4 230 231
202 1 2 3 4 231 232
203 1 2 3 4 232 233
204 1 2 3 4 233 234
205 1 2 3 4 234 235
206 1 2 3 4 235 236
207 1 2 3 4 236 237
208 1 2 3 4 237 238
209 1 2 3 4 238 239
210 1 2 3 4 239 240
211 1 2 3 4 240 241
212 1 2 3 4 241 242
213 1 2 3 4 242 243
214 1 2 3 4 243 244
215 1 2 3 4 244 245
216 1 2 3 4 245 246
217 1 2 3 4 246 247
218 1 2 3 4 247 248
219 1 2 3 4 248 249
220 1 2 3 4 249 250
221 1 2 3 4 250 251
222 1 2 3 4 251 252
223 1 2 3 4 252 253
224 1 2 3 4 253 254
225 1 2 3 4 254 255
226 1 2 3 4 255 256
227 1 2 3 4 256 257
228 1 2 3 4 257 258
229 1 2 3 4 258 259
230 1 2 3 4 259 260
231 1 2 3 4 260 261
232 1 2 3 4 261 262
233 1 2 3 4 262 263
234 1 2 3 4 263 264
235 1 2 3 4 264 265
236 1 2 3 4 265 266
237 1 2 3 4 266 267
238 1 2 3 4 267 268
239 1 2 3 4 268 269
240 1 2 3 4 269 270
241 1 2 3 4 270 271
242 1 2 3 4 271 272
243 1 2 3 4 272 273
244 1 2 3 4 273 274
245 1 2 3 4 274 275
246 1 2 3 4 275 276
247 1 2 3 4 276 277
248 1 2 3 4 277 278
249 1 2 3 4 278 279
250 1 2 3 4 279 280
251 1 2 3 4 280 281
252 1 2 3 4 281 282
253 1 2 3 4 282 283
254 1 2 3 4 283 284
255 1 2 3 4 284 285
256 1 2 3 4 285 286
257 1 2 3 4 286 287
258 1 2 3 4 287 288
259 1 2 3 4 288 289
260 1 2 3 4 289 290
261 1 2 3 4 290 291
262 1 2 3 4 291 292
263 1 2 3 4 292 293
264 1 2 3 4 293 294
265 1 2 3 4 294 295
266 1 2 3 4 295 296
267 1 2 3 4 296 297
268 1 2 3 4 297 298
269 1 2 3 4 298 299
270 1 2 3 4 299 300
271 1 2 3 4 300 301
272 1 2 3 4 301 302
273 1 2 3 4 302 303
274 1 2 3 4 303 304
275 1 2 3 4 304 305
276 1 2 3 4 305 306
277 1 2 3 4 306 307
278 1 2 3 4 307 2
279 1 2 4 5 2 308
280 1 2 4 5 308 309
281 1 2 4 5 309 310
282 1 2 4 5 310 311
283 1 2 4 5 311 312
284 1 2 4 5 312 313
285 1 2 4 5 313 314
286 1 2 4 5 314 315
287 1 2 4 5 315 316
288 1 2 4 5 316 317
289 1 2 4 5 317 318
290 1 2 4 5 318 319
291 1 2 4 5 319 1
292 1 2 2 11 9 346
293 1 2 2 11 346 347
294 1 2 2 11 347 348
295 1 2 2 11 348 349
296 1 2 2 11 349 350
297 1 2 2 11 350 351
298 1 2 2 11 351 352
299 1 2 2 11 352 353
300 1 2 2 11 353 354
301 1 2 2 11 354 355
302 1 2 2 11 355 356
303 1 2 2 11 356 357
304 1 2 2 11 357 358
305 1 2 2 11 358 359
306 1 2 2 11 359 360
307 1 2 2 11 360 361
308 1 2 2 11 361 362
309 1 2 2 11 362 363
310 1 2 2 11 363 364
311 1 2 2 11 364 365
312 1 2 2 11 365 366
313 1 2 2 11 366 367
314 1 2 2 11 367 368
315 1 2 2 11 368 369
316 1 2 2 11 369 10
317 1 2 1 13 7 374
318 1 2 1 13 374 375
319 1 2 1 13 375 376
320 1 2 1 13 376 377
321 1 2 1 13 377 378
322 1 2 1 13 378 379
323 1 2 1 13 379 380
324 1 2 1 13 380 381
325 1 2 1 13 381 382
326 1 2 1 13 382 383
327 1 2 1 13 383 384
328 1 2 1 13 384 385
329 1 2 1 13 385 386
330 1 2 1 13 386 387
331 1 2 1 13 387 388
332 1 2 1 13 388 389
333 1 2 1 13 389 390
334 1 2 1 13 390 391
335 1 2 1 13 391 392
336 1 2 1 13 392 393
337 1 2 1 13 393 394
338 1 2 1 13 394 395
339 1 2 1 13 395 396
340 1 2 1 13 396 397
341 1 2 1 13 397 8
342 2 2 9 8 269 2191 504
343 2 2 9 8 466 2181 513
344 2 2 9 8 2036 2037 459
345 2 2 9 8 511 2037 2031
346 2 2 9 8 2191 2192 504
347 2 2 9 8 2192 2364 457
348 2 2 9 8 457 2364 512
349 2 2 9 8 504 2192 457
350 2 2 9 8 459 2037 511
351 2 2 9 8 2393 2394 2383
352 2 2 9 8 2364 2365 512
353 2 2 9 8 2056 2364 2192
354 2 2 9 8 512 2365 456
355 2 2 9 8 2363 2365 2364
356 2 2 9 8 870 2253 1624
357 2 2 9 8 104 1285 103
358 2 2 9 8 2271 2419 1934
359 2 2 9 8 1074 1586 1292
360 2 2 9 8 745 1675 1295
361 2 2 9 8 1293 1898 1294
362 2 2 9 8 103 1285 534
363 2 2 9 8 1292 1294 1074
364 2 2 9 8 1249 1991 1974
365 2 2 9 8 1441 2213 982
366 2 2 9 8 729 2053 1434
367 2 2 9 8 1568 2059 1496
368 2 2 9 8 1456 1864 407
369 2 2 9 8 1129 2010 1035
370 2 2 9 8 284 1156 283
371 2 2 9 8 982 2304 1441
372 2 2 9 8 555 1954 1518
373 2 2 9 8 451 1916 1835
374 2 2 9 8 2248 2446 749
375 2 2 9 8 1249 2212 1991
376 2 2 9 8 1027 1606 942
377 2 2 9 8 1315 2204 1754
378 2 2 9 8 1153 2000 687
379 2 2 9 8 1212 2306 341
380 2 2 9 8 423 2190 1942
381 2 2 9 8 531 2081 1671
382 2 2 9 8 1603 2351 1422
383 2 2 9 8 60 2085 1211
384 2 2 9 8 416 2173 1194
385 2 2 9 8 186 2068 185
386 2 2 9 8 1469 1970 480
387 2 2 9 8 979 1529 1244
388 2 2 9 8 129 2228 128
389 2 2 9 8 1288 1870 1289
390 2 2 9 8 1135 2277 1221
391 2 2 9 8 1221 2277 1209
392 2 2 9 8 1671 1932 531
393 2 2 9 8 1073 1663 1069
394 2 2 9 8 626 1608 631
395 2 2 9 8 419 2401 1601
396 2 2 9 8 685 1153 687
397 2 2 9 8 1511 2021 1894
398 2 2 9 8 198 1916 451
399 2 2 9 8 1609 1881 1217
400 2 2 9 8 1021 2356 2171
401 2 2 9 8 1916 1917 1835
402 2 2 9 8 1572 2382 1904
403 2 2 9 8 106 2106 105
404 2 2 9 8 1243 1256 151
405 2 2 9 8 1328 2347 895
406 2 2 9 8 1497 1499 438
407 2 2 9 8 2436 2438 1735
408 2 2 9 8 1052 1135 1060
409 2 2 9 8 1327 2247 859
410 2 2 9 8 888 1327 859
411 2 2 9 8 1213 1548 1233
412 2 2 9 8 1173 1397 1088
413 2 2 9 8 441 1572 95
414 2 2 9 8 1440 1550 1549
415 2 2 9 8 1840 2250 450
416 2 2 9 8 1194 1243 151
417 2 2 9 8 1660 1970 1469
418 2 2 9 8 1835 2050 451
419 2 2 9 8 1270 1438 1273
420 2 2 9 8 1841 2110 1779
421 2 2 9 8 284 1558 1156
422 2 2 9 8 1891 2346 1473
423 2 2 9 8 1158 2519 1218
424 2 2 9 8 1292 1586 1232
425 2 2 9 8 1444 1864 1456
426 2 2 9 8 1219 2061 1993
427 2 2 9 8 1499 1503 438
428 2 2 9 8 729 1434 699
429 2 2 9 8 494 1427 1188
430 2 2 9 8 494 2299 2058
431 2 2 9 8 901 2281 906
432 2 2 9 8 306 2334 305
433 2 2 9 8 1646 2271 1934
434 2 2 9 8 1550 1711 885
435 2 2 9 8 745 1295 742
436 2 2 9 8 885 2568 1550
437 2 2 9 8 1518 2167 555
438 2 2 9 8 1813 1996 461
439 2 2 9 8 1609 2146 1648
440 2 2 9 8 1748 2050 1373
441 2 2 9 8 1795 2077 1396
442 2 2 9 8 1609 1649 627
443 2 2 9 8 1963 2216 1587
444 2 2 9 8 142 2150 524
445 2 2 9 8 1424 2297 1428
446 2 2 9 8 1428 2297 1423
447 2 2 9 8 1291 1890 1398
448 2 2 9 8 601 2072 1848
449 2 2 9 8 1079 1457 956
450 2 2 9 8 296 1571 295
451 2 2 9 8 1713 1996 1813
452 2 2 9 8 236 2424 1181
453 2 2 9 8 1624 1640 1210
454 2 2 9 8 1425 2299 1412
455 2 2 9 8 1603 2461 2351
456 2 2 9 8 1024 1640 1624
457 2 2 9 8 746 2034 747
458 2 2 9 8 1496 2059 1537
459 2 2 9 8 530 2491 239
460 2 2 9 8 1652 2162 1630
461 2 2 9 8 1734 1735 635
462 2 2 9 8 1529 1657 1244
463 2 2 9 8 1235 2067 1507
464 2 2 9 8 515 1960 1487
465 2 2 9 8 2285 2287 2286
466 2 2 9 8 1079 2518 1457
467 2 2 9 8 1366 1865 1517
468 2 2 9 8 753 2083 1597
469 2 2 9 8 1195 1620 1459
470 2 2 9 8 1403 2281 901
471 2 2 9 8 743 1866 750
472 2 2 9 8 2491 2493 239
473 2 2 9 8 209 2419 565
474 2 2 9 8 1438 1823 1273
475 2 2 9 8 304 2341 303
476 2 2 9 8 164 2157 2135
477 2 2 9 8 1735 2439 635
478 2 2 9 8 1209 2322 1221
479 2 2 9 8 1221 2322 1208
480 2 2 9 8 633 1874 1484
481 2 2 9 8 1491 1554 1492
482 2 2 9 8 891 1481 1017
483 2 2 9 8 477 1973 1582
484 2 2 9 8 408 2070 1399
485 2 2 9 8 862 1631 1629
486 2 2 9 8 1017 1481 1325
487 2 2 9 8 1291 1870 1288
488 2 2 9 8 1378 2376 2139
489 2 2 9 8 1471 1971 1660
490 2 2 9 8 1391 1591 858
491 2 2 9 8 1000 2256 1695
492 2 2 9 8 1395 1885 1884
493 2 2 9 8 795 1494 812
494 2 2 9 8 140 2283 408
495 2 2 9 8 2105 2285 1446
496 2 2 9 8 1049 1052 1051
497 2 2 9 8 1069 1663 1381
498 2 2 9 8 1372 1378 1370
499 2 2 9 8 1749 2530 1748
500 2 2 9 8 1582 1973 1583
501 2 2 9 8 538 2309 610
502 2 2 9 8 1398 1870 1291
503 2 2 9 8 599 2130 1508
504 2 2 9 8 1312 2377 1314
505 2 2 9 8 478 1980 1583
506 2 2 9 8 942 1606 1140
507 2 2 9 8 2174 2503 566
508 2 2 9 8 2209 2468 2206
509 2 2 9 8 1392 2107 758
510 2 2 9 8 1052 1060 1051
511 2 2 9 8 1192 2216 1963
512 2 2 9 8 522 1970 1660
513 2 2 9 8 1326 1871 1327
514 2 2 9 8 749 2362 1394
515 2 2 9 8 1249 2518 1079
516 2 2 9 8 1336 1338 1337
517 2 2 9 8 1865 2325 599
518 2 2 9 8 1887 2114 1564
519 2 2 9 8 1583 1972 478
520 2 2 9 8 895 1946 1328
521 2 2 9 8 1336 1337 1335
522 2 2 9 8 2163 2397 1447
523 2 2 9 8 1894 1911 1511
524 2 2 9 8 559 1315 1311
525 2 2 9 8 1294 1898 1725
526 2 2 9 8 1979 2447 1525
527 2 2 9 8 1155 1608 1607
528 2 2 9 8 862 1866 1631
529 2 2 9 8 1315 1754 1311
530 2 2 9 8 1150 1459 1385
531 2 2 9 8 1385 1459 67
532 2 2 9 8 733 1719 1231
533 2 2 9 8 1030 1300 1081
534 2 2 9 8 142 524 141
535 2 2 9 8 98 1436 97
536 2 2 9 8 1355 1380 1352
537 2 2 9 8 1322 1323 969
538 2 2 9 8 1342 1388 1387
539 2 2 9 8 647 1608 626
540 2 2 9 8 982 2213 1192
541 2 2 9 8 535 1436 98
542 2 2 9 8 2436 2437 1781
543 2 2 9 8 1735 2437 2436
544 2 2 9 8 563 2529 2129
545 2 2 9 8 1854 2010 1129
546 2 2 9 8 1422 2351 1428
547 2 2 9 8 1428 2351 1424
548 2 2 9 8 429 2105 1446
549 2 2 9 8 419 1903 1442
550 2 2 9 8 1437 2050 1835
551 2 2 9 8 1507 2067 1143
552 2 2 9 8 1046 1049 1047
553 2 2 9 8 1860 2129 1862
554 2 2 9 8 1370 1373 1369
555 2 2 9 8 1219 1993 1162
556 2 2 9 8 1871 2247 1327
557 2 2 9 8 789 1526 813
558 2 2 9 8 1223 2015 1310
559 2 2 9 8 1385 1587 1150
560 2 2 9 8 2 1843 420
561 2 2 9 8 1444 1456 1323
562 2 2 9 8 1575 2072 601
563 2 2 9 8 1088 1397 1099
564 2 2 9 8 1368 1370 1369
565 2 2 9 8 1374 2486 1952
566 2 2 9 8 1976 2212 1977
567 2 2 9 8 2171 2356 1945
568 2 2 9 8 1300 2423 1081
569 2 2 9 8 2510 2512 2488
570 2 2 9 8 1340 1342 1338
571 2 2 9 8 2124 2171 1945
572 2 2 9 8 2129 2529 1862
573 2 2 9 8 640 1533 1078
574 2 2 9 8 1391 2494 1591
575 2 2 9 8 1338 1387 1337
576 2 2 9 8 1380 2270 1352
577 2 2 9 8 1446 1604 429
578 2 2 9 8 1979 2020 1465
579 2 2 9 8 1487 1960 1284
580 2 2 9 8 438 1545 1497
581 2 2 9 8 1589 1935 1590
582 2 2 9 8 598 1865 599
583 2 2 9 8 2132 2253 870
584 2 2 9 8 1587 2515 1963
585 2 2 9 8 1446 2285 1445
586 2 2 9 8 189 1595 483
587 2 2 9 8 1519 1521 664
588 2 2 9 8 1583 1980 1166
589 2 2 9 8 260 633 259
590 2 2 9 8 1086 1174 1088
591 2 2 9 8 1648 1649 1609
592 2 2 9 8 1810 2551 1815
593 2 2 9 8 421 2368 1781
594 2 2 9 8 1333 1336 1335
595 2 2 9 8 627 1881 1609
596 2 2 9 8 70 1942 1482
597 2 2 9 8 1333 1335 1332
598 2 2 9 8 635 2439 529
599 2 2 9 8 632 2571 1838
600 2 2 9 8 1073 2308 1663
601 2 2 9 8 1257 2262 1028
602 2 2 9 8 1458 1955 1555
603 2 2 9 8 1439 1440 1133
604 2 2 9 8 435 1617 1610
605 2 2 9 8 1552 1711 1550
606 2 2 9 8 1851 2034 746
607 2 2 9 8 1049 1051 1047
608 2 2 9 8 566 2457 210
609 2 2 9 8 741 1866 743
610 2 2 9 8 1407 1428 1411
611 2 2 9 8 1086 1088 1002
612 2 2 9 8 1154 1568 1496
613 2 2 9 8 1287 2054 452
614 2 2 9 8 2166 2484 1042
615 2 2 9 8 2328 2340 2335
616 2 2 9 8 813 1526 1318
617 2 2 9 8 1100 2342 1638
618 2 2 9 8 1368 1369 1363
619 2 2 9 8 1260 1988 1227
620 2 2 9 8 1294 1662 1074
621 2 2 9 8 634 2146 1609
622 2 2 9 8 1442 2401 419
623 2 2 9 8 2082 2217 1330
624 2 2 9 8 1404 1408 1308
625 2 2 9 8 1447 2172 2163
626 2 2 9 8 409 2134 1873
627 2 2 9 8 2338 2340 2339
628 2 2 9 8 2339 2340 2337
629 2 2 9 8 450 2539 1840
630 2 2 9 8 720 2131 826
631 2 2 9 8 1812 2045 2014
632 2 2 9 8 465 2096 272
633 2 2 9 8 1517 1865 1224
634 2 2 9 8 1605 1606 647
635 2 2 9 8 1137 1583 1166
636 2 2 9 8 452 2054 1919
637 2 2 9 8 140 2194 567
638 2 2 9 8 1663 2398 1381
639 2 2 9 8 613 2197 616
640 2 2 9 8 1535 1577 1061
641 2 2 9 8 1555 1955 960
642 2 2 9 8 490 2379 2209
643 2 2 9 8 976 1413 1403
644 2 2 9 8 753 1598 734
645 2 2 9 8 120 2287 526
646 2 2 9 8 1634 2131 720
647 2 2 9 8 1396 2153 1795
648 2 2 9 8 1343 1953 1952
649 2 2 9 8 2014 2045 1299
650 2 2 9 8 1923 2299 494
651 2 2 9 8 1365 1379 1355
652 2 2 9 8 1572 1904 1594
653 2 2 9 8 1604 2117 1429
654 2 2 9 8 1318 2469 813
655 2 2 9 8 1507 2000 1234
656 2 2 9 8 1046 1047 1045
657 2 2 9 8 1853 2010 1854
658 2 2 9 8 1472 2085 60
659 2 2 9 8 1402 2245 1948
660 2 2 9 8 1485 1486 1138
661 2 2 9 8 1324 1445 1444
662 2 2 9 8 1494 1914 812
663 2 2 9 8 173 2195 561
664 2 2 9 8 599 1376 597
665 2 2 9 8 954 1086 1002
666 2 2 9 8 1084 1251 1138
667 2 2 9 8 338 2404 489
668 2 2 9 8 1482 1942 1439
669 2 2 9 8 1626 1900 1629
670 2 2 9 8 90 2217 2082
671 2 2 9 8 420 636 307
672 2 2 9 8 417 2230 635
673 2 2 9 8 1043 1046 1045
674 2 2 9 8 1544 1943 442
675 2 2 9 8 890 1322 969
676 2 2 9 8 976 1403 903
677 2 2 9 8 2 420 307
678 2 2 9 8 61 1472 60
679 2 2 9 8 1310 2238 1223
680 2 2 9 8 1566 2114 965
681 2 2 9 8 1172 1611 1537
682 2 2 9 8 177 1756 533
683 2 2 9 8 1271 1633 1451
684 2 2 9 8 771 1570 769
685 2 2 9 8 1602 2016 1603
686 2 2 9 8 965 2042 1566
687 2 2 9 8 1574 2041 1567
688 2 2 9 8 1264 1321 1265
689 2 2 9 8 758 2145 1392
690 2 2 9 8 431 2013 2003
691 2 2 9 8 1914 2124 1945
692 2 2 9 8 620 2084 618
693 2 2 9 8 2002 2123 1297
694 2 2 9 8 1978 1979 1465
695 2 2 9 8 472 1546 312
696 2 2 9 8 2379 2380 1197
697 2 2 9 8 1376 2046 1856
698 2 2 9 8 1256 1547 151
699 2 2 9 8 1536 1708 1695
700 2 2 9 8 791 1526 789
701 2 2 9 8 1068 1939 1872
702 2 2 9 8 599 2246 1376
703 2 2 9 8 1629 1900 862
704 2 2 9 8 2110 2111 1779
705 2 2 9 8 129 2261 452
706 2 2 9 8 1450 2133 77
707 2 2 9 8 243 2513 242
708 2 2 9 8 2000 2403 2298
709 2 2 9 8 77 2267 1450
710 2 2 9 8 411 1847 1846
711 2 2 9 8 1653 2162 1652
712 2 2 9 8 1468 1858 1261
713 2 2 9 8 1346 1477 1341
714 2 2 9 8 1322 1444 1323
715 2 2 9 8 1340 2486 1342
716 2 2 9 8 1186 1561 821
717 2 2 9 8 1372 2376 1378
718 2 2 9 8 297 1924 486
719 2 2 9 8 1363 1375 1360
720 2 2 9 8 425 2010 1853
721 2 2 9 8 590 1333 1332
722 2 2 9 8 561 1797 172
723 2 2 9 8 1266 1301 1264
724 2 2 9 8 1370 1513 1373
725 2 2 9 8 588 603 586
726 2 2 9 8 1376 1856 602
727 2 2 9 8 1942 2190 1439
728 2 2 9 8 92 2013 431
729 2 2 9 8 590 1332 588
730 2 2 9 8 1429 2117 1421
731 2 2 9 8 1663 2308 1490
732 2 2 9 8 1143 2000 1507
733 2 2 9 8 426 2508 246
734 2 2 9 8 1644 2258 1821
735 2 2 9 8 450 1886 162
736 2 2 9 8 2258 2361 1821
737 2 2 9 8 1440 1549 1133
738 2 2 9 8 1542 2430 1557
739 2 2 9 8 1262 1264 1263
740 2 2 9 8 1524 2483 556
741 2 2 9 8 1944 1977 1248
742 2 2 9 8 973 2398 1663
743 2 2 9 8 1342 2485 1388
744 2 2 9 8 1732 2342 2081
745 2 2 9 8 1237 2033 2004
746 2 2 9 8 903 1403 901
747 2 2 9 8 1834 2377 1312
748 2 2 9 8 621 2197 613
749 2 2 9 8 1656 2262 881
750 2 2 9 8 2030 2031 570
751 2 2 9 8 821 1561 1319
752 2 2 9 8 1904 2382 1432
753 2 2 9 8 1129 2009 1854
754 2 2 9 8 1606 1607 647
755 2 2 9 8 757 1950 758
756 2 2 9 8 1244 2142 1999
757 2 2 9 8 1649 2557 2185
758 2 2 9 8 858 863 835
759 2 2 9 8 1028 2066 1257
760 2 2 9 8 1061 1578 980
761 2 2 9 8 2327 2415 2331
762 2 2 9 8 1610 1617 1278
763 2 2 9 8 1838 1840 632
764 2 2 9 8 1261 1262 1260
765 2 2 9 8 64 488 63
766 2 2 9 8 120 526 119
767 2 2 9 8 463 2512 2510
768 2 2 9 8 1081 1084 1083
769 2 2 9 8 1156 1157 414
770 2 2 9 8 517 1472 61
771 2 2 9 8 1166 1541 1130
772 2 2 9 8 868 1950 757
773 2 2 9 8 863 954 943
774 2 2 9 8 2207 2378 2209
775 2 2 9 8 1042 1043 1040
776 2 2 9 8 1095 1300 1030
777 2 2 9 8 595 1377 591
778 2 2 9 8 597 602 595
779 2 2 9 8 1517 2167 1518
780 2 2 9 8 1461 1906 558
781 2 2 9 8 777 781 780
782 2 2 9 8 597 1376 602
783 2 2 9 8 1305 1543 1102
784 2 2 9 8 1544 2547 1943
785 2 2 9 8 1638 1925 1100
786 2 2 9 8 2004 2033 775
787 2 2 9 8 1496 1537 751
788 2 2 9 8 1095 1384 1300
789 2 2 9 8 559 1311 541
790 2 2 9 8 1350 1351 1349
791 2 2 9 8 408 2194 140
792 2 2 9 8 1395 2077 1795
793 2 2 9 8 2185 2557 1304
794 2 2 9 8 2045 2200 1299
795 2 2 9 8 1038 1042 1040
796 2 2 9 8 2292 2293 1799
797 2 2 9 8 1068 1872 1072
798 2 2 9 8 1413 1473 1403
799 2 2 9 8 1342 1387 1338
800 2 2 9 8 2003 2472 431
801 2 2 9 8 1047 1593 1048
802 2 2 9 8 1999 2142 1169
803 2 2 9 8 1367 1368 1363
804 2 2 9 8 1017 1324 1322
805 2 2 9 8 1477 2470 1341
806 2 2 9 8 889 890 888
807 2 2 9 8 901 906 899
808 2 2 9 8 817 859 819
809 2 2 9 8 954 1002 943
810 2 2 9 8 1620 2120 1459
811 2 2 9 8 858 1591 863
812 2 2 9 8 1241 2148 636
813 2 2 9 8 1624 1655 870
814 2 2 9 8 1279 1935 1633
815 2 2 9 8 471 1592 1584
816 2 2 9 8 338 489 337
817 2 2 9 8 1386 2262 1656
818 2 2 9 8 761 2273 1068
819 2 2 9 8 1486 2549 1138
820 2 2 9 8 1378 1513 1370
821 2 2 9 8 964 2247 1871
822 2 2 9 8 443 2212 1976
823 2 2 9 8 623 2185 1304
824 2 2 9 8 1492 1554 93
825 2 2 9 8 1988 2145 1227
826 2 2 9 8 1497 1545 1498
827 2 2 9 8 813 817 814
828 2 2 9 8 1052 1449 1135
829 2 2 9 8 1349 1476 1346
830 2 2 9 8 420 1843 1008
831 2 2 9 8 1413 1891 1473
832 2 2 9 8 1593 2278 1048
833 2 2 9 8 891 1017 890
834 2 2 9 8 1408 2346 1891
835 2 2 9 8 1065 1639 1509
836 2 2 9 8 1479 2362 749
837 2 2 9 8 777 780 776
838 2 2 9 8 1514 2127 1077
839 2 2 9 8 1946 1995 1199
840 2 2 9 8 441 2382 1572
841 2 2 9 8 2290 2291 2286
842 2 2 9 8 2302 2562 1744
843 2 2 9 8 859 866 819
844 2 2 9 8 1268 1438 1270
845 2 2 9 8 817 819 814
846 2 2 9 8 586 1382 582
847 2 2 9 8 281 2187 505
848 2 2 9 8 1948 2484 1402
849 2 2 9 8 1619 2313 469
850 2 2 9 8 1439 2190 1440
851 2 2 9 8 2302 2303 2226
852 2 2 9 8 1586 2320 1232
853 2 2 9 8 893 1481 891
854 2 2 9 8 1379 1530 1380
855 2 2 9 8 964 1398 917
856 2 2 9 8 1084 1138 1083
857 2 2 9 8 1325 1446 1324
858 2 2 9 8 1134 2200 2045
859 2 2 9 8 754 1496 751
860 2 2 9 8 763 1961 1733
861 2 2 9 8 775 777 776
862 2 2 9 8 480 2169 1469
863 2 2 9 8 2012 2027 1293
864 2 2 9 8 270 2476 2191
865 2 2 9 8 248 568 247
866 2 2 9 8 1608 1867 631
867 2 2 9 8 1630 2113 1652
868 2 2 9 8 1399 2069 408
869 2 2 9 8 1660 2500 1471
870 2 2 9 8 1935 2533 1590
871 2 2 9 8 1498 1857 1585
872 2 2 9 8 1088 1099 1089
873 2 2 9 8 308 1843 2
874 2 2 9 8 1262 1263 1260
875 2 2 9 8 1546 1857 1498
876 2 2 9 8 1160 2255 2064
877 2 2 9 8 1155 2214 1608
878 2 2 9 8 629 1483 615
879 2 2 9 8 1377 2445 591
880 2 2 9 8 956 1457 958
881 2 2 9 8 1251 1485 1138
882 2 2 9 8 1027 2352 1606
883 2 2 9 8 599 2325 2130
884 2 2 9 8 1460 1664 680
885 2 2 9 8 1984 1985 1908
886 2 2 9 8 820 858 835
887 2 2 9 8 1414 1415 1413
888 2 2 9 8 2233 2234 2208
889 2 2 9 8 567 2368 140
890 2 2 9 8 813 814 788
891 2 2 9 8 863 1591 954
892 2 2 9 8 730 733 729
893 2 2 9 8 1412 2299 1418
894 2 2 9 8 724 1581 731
895 2 2 9 8 1570 2434 769
896 2 2 9 8 1233 2298 1213
897 2 2 9 8 775 776 771
898 2 2 9 8 866 964 917
899 2 2 9 8 820 835 781
900 2 2 9 8 898 1481 893
901 2 2 9 8 603 1383 1382
902 2 2 9 8 95 1504 94
903 2 2 9 8 618 2084 628
904 2 2 9 8 738 1393 736
905 2 2 9 8 1525 2447 2112
906 2 2 9 8 2500 2543 1468
907 2 2 9 8 1533 2061 1078
908 2 2 9 8 1259 1260 1227
909 2 2 9 8 1671 2081 1191
910 2 2 9 8 1993 2061 1533
911 2 2 9 8 1194 2173 1175
912 2 2 9 8 1038 2166 1042
913 2 2 9 8 889 891 890
914 2 2 9 8 1748 2530 1750
915 2 2 9 8 1448 2397 2163
916 2 2 9 8 1151 2164 1490
917 2 2 9 8 1266 1302 1301
918 2 2 9 8 961 1095 1030
919 2 2 9 8 1265 1282 1268
920 2 2 9 8 577 1618 1556
921 2 2 9 8 2081 2342 1190
922 2 2 9 8 855 1494 797
923 2 2 9 8 1930 2410 899
924 2 2 9 8 890 969 888
925 2 2 9 8 407 2228 1456
926 2 2 9 8 747 2201 746
927 2 2 9 8 684 1460 680
928 2 2 9 8 233 2268 474
929 2 2 9 8 2289 2290 2286
930 2 2 9 8 1873 2134 1447
931 2 2 9 8 1190 2342 1100
932 2 2 9 8 488 2221 63
933 2 2 9 8 1639 1658 1509
934 2 2 9 8 1579 2427 432
935 2 2 9 8 1162 1993 1257
936 2 2 9 8 1582 1974 477
937 2 2 9 8 1077 2402 1514
938 2 2 9 8 1061 2553 1535
939 2 2 9 8 1301 1321 1264
940 2 2 9 8 1282 1438 1268
941 2 2 9 8 2335 2340 2327
942 2 2 9 8 897 898 893
943 2 2 9 8 1567 2042 1574
944 2 2 9 8 958 1137 1130
945 2 2 9 8 1343 2486 1340
946 2 2 9 8 1564 2114 1566
947 2 2 9 8 855 1495 1494
948 2 2 9 8 523 1977 1944
949 2 2 9 8 1398 2566 917
950 2 2 9 8 1379 1380 1355
951 2 2 9 8 1264 1265 1263
952 2 2 9 8 1262 1266 1264
953 2 2 9 8 1325 1604 1446
954 2 2 9 8 260 1874 633
955 2 2 9 8 1481 2117 1325
956 2 2 9 8 1702 2318 1867
957 2 2 9 8 1551 2190 1852
958 2 2 9 8 1246 1247 1079
959 2 2 9 8 1068 2273 1939
960 2 2 9 8 2301 2562 2302
961 2 2 9 8 535 2386 1436
962 2 2 9 8 340 1471 518
963 2 2 9 8 1086 1175 1174
964 2 2 9 8 1405 1602 1422
965 2 2 9 8 1321 2517 1265
966 2 2 9 8 257 2243 500
967 2 2 9 8 955 1079 956
968 2 2 9 8 2183 2184 1905
969 2 2 9 8 1375 2224 1360
970 2 2 9 8 1035 2010 1213
971 2 2 9 8 1484 2056 1483
972 2 2 9 8 1538 1959 557
973 2 2 9 8 664 1522 1519
974 2 2 9 8 1166 1850 1541
975 2 2 9 8 2303 2310 2226
976 2 2 9 8 921 1878 694
977 2 2 9 8 1102 1543 970
978 2 2 9 8 736 753 734
979 2 2 9 8 1509 1658 907
980 2 2 9 8 699 1434 697
981 2 2 9 8 1050 1452 1049
982 2 2 9 8 1323 1400 1326
983 2 2 9 8 559 1906 1316
984 2 2 9 8 1324 1444 1322
985 2 2 9 8 62 517 61
986 2 2 9 8 1685 2256 1000
987 2 2 9 8 1042 1947 1043
988 2 2 9 8 2129 2464 536
989 2 2 9 8 1030 1081 1080
990 2 2 9 8 440 2515 1587
991 2 2 9 8 434 2266 1569
992 2 2 9 8 340 518 339
993 2 2 9 8 2104 2385 422
994 2 2 9 8 1394 2127 2126
995 2 2 9 8 1273 1435 1274
996 2 2 9 8 2337 2340 2328
997 2 2 9 8 1087 1175 1086
998 2 2 9 8 1587 2216 1085
999 2 2 9 8 235 412 234
1000 2 2 9 8 578 1618 577
1001 2 2 9 8 750 1866 862
1002 2 2 9 8 1141 2015 1223
1003 2 2 9 8 1137 1166 1130
1004 2 2 9 8 2209 2378 490
1005 2 2 9 8 749 2446 1479
1006 2 2 9 8 2488 2514 2510
1007 2 2 9 8 797 1494 795
1008 2 2 9 8 1870 1871 1289
1009 2 2 9 8 697 1160 695
1010 2 2 9 8 1304 2084 1605
1011 2 2 9 8 1305 1544 1543
1012 2 2 9 8 1838 2571 1480
1013 2 2 9 8 1624 2253 1623
1014 2 2 9 8 702 729 699
1015 2 2 9 8 958 1457 1137
1016 2 2 9 8 1894 2021 1512
1017 2 2 9 8 1474 1884 450
1018 2 2 9 8 1362 1363 1360
1019 2 2 9 8 2510 2511 463
1020 2 2 9 8 283 1156 414
1021 2 2 9 8 1919 2054 1400
1022 2 2 9 8 1337 1348 1335
1023 2 2 9 8 312 1546 311
1024 2 2 9 8 1411 1425 1412
1025 2 2 9 8 1043 1045 1044
1026 2 2 9 8 1852 2249 1551
1027 2 2 9 8 636 2148 307
1028 2 2 9 8 770 771 769
1029 2 2 9 8 1160 2064 695
1030 2 2 9 8 781 1949 780
1031 2 2 9 8 863 943 864
1032 2 2 9 8 1578 2182 980
1033 2 2 9 8 452 2261 1287
1034 2 2 9 8 1394 2126 749
1035 2 2 9 8 638 1241 636
1036 2 2 9 8 1324 1446 1445
1037 2 2 9 8 788 1458 786
1038 2 2 9 8 63 1553 62
1039 2 2 9 8 556 2316 1524
1040 2 2 9 8 1453 1480 1452
1041 2 2 9 8 1039 1510 1296
1042 2 2 9 8 1557 2184 2183
1043 2 2 9 8 537 2411 1635
1044 2 2 9 8 92 431 91
1045 2 2 9 8 2162 2180 1628
1046 2 2 9 8 1295 2248 742
1047 2 2 9 8 1018 1673 1189
1048 2 2 9 8 2215 2435 1781
1049 2 2 9 8 1328 1946 1199
1050 2 2 9 8 1085 1154 880
1051 2 2 9 8 953 1585 1215
1052 2 2 9 8 782 820 781
1053 2 2 9 8 1078 2564 638
1054 2 2 9 8 1036 1038 1037
1055 2 2 9 8 1581 1935 1589
1056 2 2 9 8 469 1478 65
1057 2 2 9 8 1088 1174 1173
1058 2 2 9 8 789 813 788
1059 2 2 9 8 502 2513 243
1060 2 2 9 8 1476 1477 1346
1061 2 2 9 8 1038 1040 1039
1062 2 2 9 8 1648 2146 629
1063 2 2 9 8 1552 1713 1712
1064 2 2 9 8 1319 1391 858
1065 2 2 9 8 1103 1562 1229
1066 2 2 9 8 518 2500 1468
1067 2 2 9 8 1537 1611 748
1068 2 2 9 8 1934 2419 447
1069 2 2 9 8 730 734 733
1070 2 2 9 8 1781 2368 2215
1071 2 2 9 8 905 976 903
1072 2 2 9 8 955 1246 1079
1073 2 2 9 8 1270 1273 1272
1074 2 2 9 8 772 775 771
1075 2 2 9 8 860 888 859
1076 2 2 9 8 242 2513 463
1077 2 2 9 8 1308 2089 106
1078 2 2 9 8 602 1377 595
1079 2 2 9 8 66 469 65
1080 2 2 9 8 1850 2371 2085
1081 2 2 9 8 1373 2050 1437
1082 2 2 9 8 1399 2219 1251
1083 2 2 9 8 880 1496 754
1084 2 2 9 8 68 1385 67
1085 2 2 9 8 1601 2401 1463
1086 2 2 9 8 1484 2146 633
1087 2 2 9 8 780 1036 865
1088 2 2 9 8 758 2107 1451
1089 2 2 9 8 1952 2486 1343
1090 2 2 9 8 303 2341 1242
1091 2 2 9 8 744 2201 745
1092 2 2 9 8 483 1596 188
1093 2 2 9 8 740 749 738
1094 2 2 9 8 710 1653 706
1095 2 2 9 8 979 1621 1529
1096 2 2 9 8 1588 1913 910
1097 2 2 9 8 917 2566 961
1098 2 2 9 8 899 2410 898
1099 2 2 9 8 1605 2084 1140
1100 2 2 9 8 1017 1325 1324
1101 2 2 9 8 334 1936 333
1102 2 2 9 8 569 1888 426
1103 2 2 9 8 697 1434 1160
1104 2 2 9 8 1181 2424 1542
1105 2 2 9 8 1405 1422 1407
1106 2 2 9 8 1081 1083 1082
1107 2 2 9 8 702 730 729
1108 2 2 9 8 605 2320 1586
1109 2 2 9 8 866 917 882
1110 2 2 9 8 787 788 786
1111 2 2 9 8 961 1030 1029
1112 2 2 9 8 1799 2294 2292
1113 2 2 9 8 744 745 742
1114 2 2 9 8 1273 1274 1272
1115 2 2 9 8 849 955 950
1116 2 2 9 8 272 612 271
1117 2 2 9 8 1476 2536 1477
1118 2 2 9 8 976 1829 1414
1119 2 2 9 8 963 1022 912
1120 2 2 9 8 1246 1248 1247
1121 2 2 9 8 1414 1829 1431
1122 2 2 9 8 765 1961 763
1123 2 2 9 8 1242 2339 2337
1124 2 2 9 8 1337 1579 1348
1125 2 2 9 8 469 2313 1478
1126 2 2 9 8 339 1467 338
1127 2 2 9 8 1181 1182 412
1128 2 2 9 8 1282 1982 1438
1129 2 2 9 8 1155 1520 1519
1130 2 2 9 8 694 1878 696
1131 2 2 9 8 533 2100 176
1132 2 2 9 8 576 577 572
1133 2 2 9 8 1339 1340 1338
1134 2 2 9 8 1174 1488 1173
1135 2 2 9 8 1046 1050 1049
1136 2 2 9 8 1025 2067 1235
1137 2 2 9 8 560 1750 1745
1138 2 2 9 8 1503 2559 438
1139 2 2 9 8 917 961 959
1140 2 2 9 8 1434 1536 1160
1141 2 2 9 8 1323 1456 1400
1142 2 2 9 8 895 970 894
1143 2 2 9 8 1521 2449 664
1144 2 2 9 8 1356 1365 1355
1145 2 2 9 8 1451 2107 1271
1146 2 2 9 8 471 2082 1592
1147 2 2 9 8 1354 1355 1352
1148 2 2 9 8 1347 1349 1346
1149 2 2 9 8 1247 1249 1079
1150 2 2 9 8 1491 1493 998
1151 2 2 9 8 2070 2219 1399
1152 2 2 9 8 977 1102 970
1153 2 2 9 8 925 2114 1887
1154 2 2 9 8 2323 2367 1101
1155 2 2 9 8 859 2247 866
1156 2 2 9 8 310 438 309
1157 2 2 9 8 1846 1952 411
1158 2 2 9 8 335 2075 334
1159 2 2 9 8 1259 1261 1260
1160 2 2 9 8 849 1523 955
1161 2 2 9 8 1388 1389 1387
1162 2 2 9 8 1455 2244 1539
1163 2 2 9 8 795 812 793
1164 2 2 9 8 1155 1607 1520
1165 2 2 9 8 69 1482 440
1166 2 2 9 8 1017 1322 890
1167 2 2 9 8 1994 2360 2281
1168 2 2 9 8 472 1857 1546
1169 2 2 9 8 1563 1569 1562
1170 2 2 9 8 1576 1910 1534
1171 2 2 9 8 1954 2537 1959
1172 2 2 9 8 1487 2060 515
1173 2 2 9 8 1103 1229 1102
1174 2 2 9 8 1369 1437 1375
1175 2 2 9 8 846 894 847
1176 2 2 9 8 881 1533 642
1177 2 2 9 8 587 588 586
1178 2 2 9 8 1251 1808 1485
1179 2 2 9 8 1414 1430 1415
1180 2 2 9 8 1702 1867 1142
1181 2 2 9 8 831 846 832
1182 2 2 9 8 726 1581 724
1183 2 2 9 8 2290 2293 2292
1184 2 2 9 8 999 1639 1065
1185 2 2 9 8 558 1978 1461
1186 2 2 9 8 941 1612 1028
1187 2 2 9 8 965 2241 1573
1188 2 2 9 8 606 1618 578
1189 2 2 9 8 1248 2095 1944
1190 2 2 9 8 1293 2027 1898
1191 2 2 9 8 822 1581 726
1192 2 2 9 8 1382 2442 582
1193 2 2 9 8 1158 1218 1162
1194 2 2 9 8 821 1319 820
1195 2 2 9 8 1552 1712 1711
1196 2 2 9 8 603 1382 586
1197 2 2 9 8 1646 1934 1351
1198 2 2 9 8 768 769 765
1199 2 2 9 8 642 1533 640
1200 2 2 9 8 1154 1496 880
1201 2 2 9 8 1563 2076 1569
1202 2 2 9 8 1520 1521 1519
1203 2 2 9 8 237 2424 236
1204 2 2 9 8 1314 2377 1788
1205 2 2 9 8 1297 2123 1733
1206 2 2 9 8 1573 2042 965
1207 2 2 9 8 944 1402 1401
1208 2 2 9 8 1163 1932 1671
1209 2 2 9 8 640 1078 638
1210 2 2 9 8 247 568 426
1211 2 2 9 8 562 2129 536
1212 2 2 9 8 1186 1992 1561
1213 2 2 9 8 70 1482 69
1214 2 2 9 8 1839 2571 632
1215 2 2 9 8 589 590 588
1216 2 2 9 8 1543 2095 1057
1217 2 2 9 8 1458 2211 786
1218 2 2 9 8 1713 1813 1712
1219 2 2 9 8 432 2466 1579
1220 2 2 9 8 596 597 595
1221 2 2 9 8 860 889 888
1222 2 2 9 8 1323 1326 969
1223 2 2 9 8 1457 1582 1137
1224 2 2 9 8 442 1944 1544
1225 2 2 9 8 1585 1857 1215
1226 2 2 9 8 1490 2164 1250
1227 2 2 9 8 568 569 426
1228 2 2 9 8 1508 2246 599
1229 2 2 9 8 976 1414 1413
1230 2 2 9 8 69 440 68
1231 2 2 9 8 633 634 413
1232 2 2 9 8 2050 2051 451
1233 2 2 9 8 1466 1601 1463
1234 2 2 9 8 1371 1372 1370
1235 2 2 9 8 598 599 597
1236 2 2 9 8 2005 2274 1883
1237 2 2 9 8 1126 1592 1330
1238 2 2 9 8 895 977 970
1239 2 2 9 8 784 786 779
1240 2 2 9 8 1486 1547 1256
1241 2 2 9 8 1453 1838 1480
1242 2 2 9 8 185 506 184
1243 2 2 9 8 2369 2532 1334
1244 2 2 9 8 1510 1524 1296
1245 2 2 9 8 907 1613 1509
1246 2 2 9 8 1180 1562 1103
1247 2 2 9 8 922 1900 1626
1248 2 2 9 8 1376 2413 2046
1249 2 2 9 8 1549 2093 1133
1250 2 2 9 8 1818 2276 2143
1251 2 2 9 8 1524 2316 1296
1252 2 2 9 8 1869 2016 1602
1253 2 2 9 8 834 2035 1614
1254 2 2 9 8 617 1648 629
1255 2 2 9 8 333 445 332
1256 2 2 9 8 910 2450 1588
1257 2 2 9 8 846 895 894
1258 2 2 9 8 977 1103 1102
1259 2 2 9 8 406 1404 1308
1260 2 2 9 8 1281 1487 1284
1261 2 2 9 8 1074 2308 1073
1262 2 2 9 8 602 1956 1377
1263 2 2 9 8 1569 2076 1893
1264 2 2 9 8 526 2285 2105
1265 2 2 9 8 1316 1906 1461
1266 2 2 9 8 1848 2072 630
1267 2 2 9 8 897 899 898
1268 2 2 9 8 1265 1268 1267
1269 2 2 9 8 1743 2311 2310
1270 2 2 9 8 1966 2252 774
1271 2 2 9 8 239 2493 238
1272 2 2 9 8 1387 2168 1337
1273 2 2 9 8 875 965 876
1274 2 2 9 8 588 2532 603
1275 2 2 9 8 1084 1399 1251
1276 2 2 9 8 550 2537 1954
1277 2 2 9 8 829 831 830
1278 2 2 9 8 617 629 615
1279 2 2 9 8 1060 1225 1148
1280 2 2 9 8 1581 1589 731
1281 2 2 9 8 259 633 413
1282 2 2 9 8 1042 1948 1947
1283 2 2 9 8 1599 2055 611
1284 2 2 9 8 1136 1449 1052
1285 2 2 9 8 1256 2549 1486
1286 2 2 9 8 118 2345 429
1287 2 2 9 8 687 2000 1143
1288 2 2 9 8 445 1233 332
1289 2 2 9 8 417 527 131
1290 2 2 9 8 2281 2521 1994
1291 2 2 9 8 1166 1980 1850
1292 2 2 9 8 779 1966 774
1293 2 2 9 8 1440 1551 1550
1294 2 2 9 8 1020 1657 1147
1295 2 2 9 8 67 2462 66
1296 2 2 9 8 735 736 734
1297 2 2 9 8 731 823 732
1298 2 2 9 8 470 2395 1912
1299 2 2 9 8 823 875 824
1300 2 2 9 8 1525 2020 1979
1301 2 2 9 8 1538 2039 1959
1302 2 2 9 8 1541 1850 1472
1303 2 2 9 8 863 864 835
1304 2 2 9 8 817 860 859
1305 2 2 9 8 1427 1433 1188
1306 2 2 9 8 1049 2477 1052
1307 2 2 9 8 414 2187 282
1308 2 2 9 8 2064 2522 688
1309 2 2 9 8 1108 1499 1497
1310 2 2 9 8 505 2187 2181
1311 2 2 9 8 1407 1411 1410
1312 2 2 9 8 1108 1497 1107
1313 2 2 9 8 1124 1592 1126
1314 2 2 9 8 1180 1563 1562
1315 2 2 9 8 728 822 726
1316 2 2 9 8 235 1181 412
1317 2 2 9 8 1028 2262 1386
1318 2 2 9 8 955 956 950
1319 2 2 9 8 1369 1375 1363
1320 2 2 9 8 175 2100 1540
1321 2 2 9 8 1633 1935 822
1322 2 2 9 8 1574 2042 1573
1323 2 2 9 8 1010 1063 1062
1324 2 2 9 8 2331 2415 1924
1325 2 2 9 8 970 1543 1057
1326 2 2 9 8 724 731 723
1327 2 2 9 8 1279 2533 1935
1328 2 2 9 8 716 718 717
1329 2 2 9 8 722 723 721
1330 2 2 9 8 719 721 718
1331 2 2 9 8 570 1881 571
1332 2 2 9 8 1351 1934 1349
1333 2 2 9 8 1763 2189 2188
1334 2 2 9 8 92 2507 2013
1335 2 2 9 8 1040 1510 1039
1336 2 2 9 8 1336 1339 1338
1337 2 2 9 8 593 595 591
1338 2 2 9 8 906 1930 899
1339 2 2 9 8 1067 2124 1914
1340 2 2 9 8 1268 1270 1269
1341 2 2 9 8 584 586 582
1342 2 2 9 8 1191 1918 1671
1343 2 2 9 8 1362 1367 1363
1344 2 2 9 8 704 1653 1651
1345 2 2 9 8 1257 2066 1161
1346 2 2 9 8 629 1484 1483
1347 2 2 9 8 413 2243 258
1348 2 2 9 8 332 1233 331
1349 2 2 9 8 1270 1272 1271
1350 2 2 9 8 1542 1557 1556
1351 2 2 9 8 1617 1926 1487
1352 2 2 9 8 456 1874 260
1353 2 2 9 8 1099 1884 1474
1354 2 2 9 8 1717 2125 1855
1355 2 2 9 8 1332 2532 588
1356 2 2 9 8 1515 1599 1371
1357 2 2 9 8 1582 1583 1137
1358 2 2 9 8 846 847 832
1359 2 2 9 8 1144 1224 604
1360 2 2 9 8 1101 2324 2323
1361 2 2 9 8 1226 1227 1003
1362 2 2 9 8 2176 2361 1641
1363 2 2 9 8 577 1888 572
1364 2 2 9 8 1150 1587 1085
1365 2 2 9 8 1442 1540 1315
1366 2 2 9 8 910 1913 1681
1367 2 2 9 8 1335 2348 1332
1368 2 2 9 8 240 2511 530
1369 2 2 9 8 1480 1931 1452
1370 2 2 9 8 1589 1590 877
1371 2 2 9 8 1309 1439 1133
1372 2 2 9 8 1240 1901 1317
1373 2 2 9 8 1594 1904 1022
1374 2 2 9 8 65 1478 64
1375 2 2 9 8 1863 2229 1183
1376 2 2 9 8 777 782 781
1377 2 2 9 8 737 738 736
1378 2 2 9 8 1486 2206 448
1379 2 2 9 8 1744 2562 1833
1380 2 2 9 8 1606 2352 1607
1381 2 2 9 8 469 1620 1619
1382 2 2 9 8 1537 2059 1172
1383 2 2 9 8 799 855 797
1384 2 2 9 8 1229 1305 1102
1385 2 2 9 8 716 717 714
1386 2 2 9 8 1592 2082 1330
1387 2 2 9 8 643 1883 646
1388 2 2 9 8 1242 2341 2339
1389 2 2 9 8 1178 1320 1097
1390 2 2 9 8 1421 2410 1420
1391 2 2 9 8 1785 1787 1786
1392 2 2 9 8 1662 2308 1074
1393 2 2 9 8 572 1888 569
1394 2 2 9 8 820 1319 858
1395 2 2 9 8 710 2180 2162
1396 2 2 9 8 716 1534 719
1397 2 2 9 8 831 832 830
1398 2 2 9 8 308 2559 2319
1399 2 2 9 8 1106 1108 1107
1400 2 2 9 8 1289 2054 1287
1401 2 2 9 8 1368 1515 1371
1402 2 2 9 8 1569 2266 1562
1403 2 2 9 8 823 1589 877
1404 2 2 9 8 1027 2264 1896
1405 2 2 9 8 731 732 723
1406 2 2 9 8 1225 1635 1148
1407 2 2 9 8 1549 2568 1709
1408 2 2 9 8 1278 1617 1281
1409 2 2 9 8 833 2088 2015
1410 2 2 9 8 1539 2416 1455
1411 2 2 9 8 604 1865 598
1412 2 2 9 8 1823 1965 436
1413 2 2 9 8 1274 1276 1275
1414 2 2 9 8 1464 1466 1463
1415 2 2 9 8 1208 1225 1060
1416 2 2 9 8 1500 1501 1499
1417 2 2 9 8 105 2106 422
1418 2 2 9 8 1601 2407 419
1419 2 2 9 8 1274 1907 1276
1420 2 2 9 8 1233 1548 331
1421 2 2 9 8 94 1504 418
1422 2 2 9 8 1424 2099 1759
1423 2 2 9 8 1977 2212 1247
1424 2 2 9 8 718 720 717
1425 2 2 9 8 823 824 732
1426 2 2 9 8 1126 1329 1127
1427 2 2 9 8 1046 1947 1050
1428 2 2 9 8 1373 1437 1369
1429 2 2 9 8 1530 1641 1532
1430 2 2 9 8 1881 2032 1217
1431 2 2 9 8 445 1234 1233
1432 2 2 9 8 970 1057 894
1433 2 2 9 8 875 876 824
1434 2 2 9 8 2177 2349 1531
1435 2 2 9 8 1081 1082 1080
1436 2 2 9 8 969 1327 888
1437 2 2 9 8 855 1658 1639
1438 2 2 9 8 922 1626 1625
1439 2 2 9 8 1418 1923 1920
1440 2 2 9 8 1553 1824 517
1441 2 2 9 8 1915 1916 198
1442 2 2 9 8 846 1946 895
1443 2 2 9 8 1276 1278 1277
1444 2 2 9 8 664 1654 1522
1445 2 2 9 8 1255 1256 1243
1446 2 2 9 8 1459 2462 67
1447 2 2 9 8 823 877 875
1448 2 2 9 8 1057 2227 1523
1449 2 2 9 8 2015 2088 1310
1450 2 2 9 8 770 772 771
1451 2 2 9 8 1018 1189 1110
1452 2 2 9 8 1261 1858 1262
1453 2 2 9 8 2167 2272 555
1454 2 2 9 8 537 2407 1601
1455 2 2 9 8 1043 1044 1040
1456 2 2 9 8 1651 1653 1652
1457 2 2 9 8 1401 2166 1307
1458 2 2 9 8 746 2201 744
1459 2 2 9 8 1311 1312 541
1460 2 2 9 8 1303 1469 1302
1461 2 2 9 8 493 1897 1672
1462 2 2 9 8 2490 2514 2487
1463 2 2 9 8 336 470 335
1464 2 2 9 8 1343 1958 1953
1465 2 2 9 8 780 865 776
1466 2 2 9 8 940 1585 953
1467 2 2 9 8 768 770 769
1468 2 2 9 8 1097 1878 921
1469 2 2 9 8 603 2369 1383
1470 2 2 9 8 814 1458 788
1471 2 2 9 8 1536 2256 1160
1472 2 2 9 8 1278 1281 1280
1473 2 2 9 8 1983 1984 1908
1474 2 2 9 8 1306 2505 1597
1475 2 2 9 8 1938 2175 1372
1476 2 2 9 8 866 882 819
1477 2 2 9 8 428 2525 294
1478 2 2 9 8 1526 1901 1240
1479 2 2 9 8 1208 2322 2276
1480 2 2 9 8 943 2079 944
1481 2 2 9 8 1124 1126 1125
1482 2 2 9 8 907 1658 801
1483 2 2 9 8 709 712 711
1484 2 2 9 8 1649 2185 627
1485 2 2 9 8 943 944 864
1486 2 2 9 8 1561 2400 1319
1487 2 2 9 8 722 724 723
1488 2 2 9 8 517 1824 1541
1489 2 2 9 8 1301 1908 1321
1490 2 2 9 8 814 1955 1458
1491 2 2 9 8 1047 1048 1045
1492 2 2 9 8 1208 2276 2196
1493 2 2 9 8 1611 2140 746
1494 2 2 9 8 719 722 721
1495 2 2 9 8 922 1625 923
1496 2 2 9 8 1545 1546 1498
1497 2 2 9 8 310 1545 438
1498 2 2 9 8 1276 1610 1278
1499 2 2 9 8 964 1870 1398
1500 2 2 9 8 738 2126 1393
1501 2 2 9 8 716 719 718
1502 2 2 9 8 1316 1442 1315
1503 2 2 9 8 2115 2116 756
1504 2 2 9 8 1926 2060 1487
1505 2 2 9 8 1060 1148 1051
1506 2 2 9 8 1254 2222 1527
1507 2 2 9 8 1659 2035 834
1508 2 2 9 8 1106 1107 940
1509 2 2 9 8 758 1451 728
1510 2 2 9 8 1226 1259 1227
1511 2 2 9 8 712 714 713
1512 2 2 9 8 1452 2477 1049
1513 2 2 9 8 2115 2161 1320
1514 2 2 9 8 2489 2492 2490
1515 2 2 9 8 412 2268 234
1516 2 2 9 8 1367 1515 1368
1517 2 2 9 8 1261 2038 1468
1518 2 2 9 8 580 606 578
1519 2 2 9 8 2143 2277 1448
1520 2 2 9 8 1175 1243 1194
1521 2 2 9 8 1281 1284 1283
1522 2 2 9 8 1030 1080 1029
1523 2 2 9 8 782 821 820
1524 2 2 9 8 463 2513 2512
1525 2 2 9 8 2237 2378 2207
1526 2 2 9 8 1297 2316 2002
1527 2 2 9 8 311 1546 1545
1528 2 2 9 8 2241 2317 1283
1529 2 2 9 8 1860 2464 2129
1530 2 2 9 8 2143 2276 1209
1531 2 2 9 8 1478 2498 64
1532 2 2 9 8 475 1756 178
1533 2 2 9 8 787 789 788
1534 2 2 9 8 1245 1824 1553
1535 2 2 9 8 849 2548 1523
1536 2 2 9 8 1081 2423 1084
1537 2 2 9 8 1147 1657 1529
1538 2 2 9 8 812 2418 793
1539 2 2 9 8 1883 2128 2005
1540 2 2 9 8 1629 1631 1630
1541 2 2 9 8 1523 2227 1246
1542 2 2 9 8 706 1653 704
1543 2 2 9 8 919 1657 1020
1544 2 2 9 8 1564 1565 1563
1545 2 2 9 8 1347 1350 1349
1546 2 2 9 8 731 1589 823
1547 2 2 9 8 470 2573 2395
1548 2 2 9 8 1050 1947 1454
1549 2 2 9 8 1179 1180 1103
1550 2 2 9 8 707 709 708
1551 2 2 9 8 1128 1584 1122
1552 2 2 9 8 1629 1630 1628
1553 2 2 9 8 619 1612 941
1554 2 2 9 8 1098 1178 1097
1555 2 2 9 8 917 959 882
1556 2 2 9 8 1502 1842 1501
1557 2 2 9 8 2290 2292 2291
1558 2 2 9 8 1075 1830 652
1559 2 2 9 8 1885 1886 1884
1560 2 2 9 8 1022 2422 912
1561 2 2 9 8 591 2445 590
1562 2 2 9 8 1415 1891 1413
1563 2 2 9 8 645 881 642
1564 2 2 9 8 961 1029 959
1565 2 2 9 8 1302 2152 1301
1566 2 2 9 8 1038 1039 1037
1567 2 2 9 8 713 2008 1990
1568 2 2 9 8 1626 1629 1628
1569 2 2 9 8 1709 2093 1549
1570 2 2 9 8 1576 2155 1910
1571 2 2 9 8 1530 1532 1380
1572 2 2 9 8 698 699 697
1573 2 2 9 8 1100 1925 1714
1574 2 2 9 8 1586 1872 605
1575 2 2 9 8 1860 1862 1861
1576 2 2 9 8 1345 1346 1341
1577 2 2 9 8 1566 1567 1565
1578 2 2 9 8 700 702 699
1579 2 2 9 8 1122 1584 1124
1580 2 2 9 8 696 697 695
1581 2 2 9 8 1889 1895 1678
1582 2 2 9 8 517 1541 1472
1583 2 2 9 8 728 1451 822
1584 2 2 9 8 875 2241 965
1585 2 2 9 8 2391 2392 2390
1586 2 2 9 8 2310 2311 2309
1587 2 2 9 8 285 2108 284
1588 2 2 9 8 653 1654 651
1589 2 2 9 8 429 1921 118
1590 2 2 9 8 1597 2505 1092
1591 2 2 9 8 1957 2278 1593
1592 2 2 9 8 406 1405 1404
1593 2 2 9 8 249 2087 248
1594 2 2 9 8 1433 1989 1188
1595 2 2 9 8 1412 1418 1417
1596 2 2 9 8 2007 2181 1844
1597 2 2 9 8 1635 2411 1957
1598 2 2 9 8 1036 1037 865
1599 2 2 9 8 705 707 706
1600 2 2 9 8 1284 1574 1573
1601 2 2 9 8 715 716 714
1602 2 2 9 8 1490 2308 1151
1603 2 2 9 8 1022 2502 1594
1604 2 2 9 8 704 1651 700
1605 2 2 9 8 1281 1617 1487
1606 2 2 9 8 89 471 88
1607 2 2 9 8 784 787 786
1608 2 2 9 8 1349 2456 1476
1609 2 2 9 8 2188 2189 1644
1610 2 2 9 8 1785 1817 1787
1611 2 2 9 8 1088 1089 1002
1612 2 2 9 8 1309 1482 1439
1613 2 2 9 8 331 1548 330
1614 2 2 9 8 1501 1503 1499
1615 2 2 9 8 1598 2240 734
1616 2 2 9 8 2328 2330 2329
1617 2 2 9 8 923 1625 1055
1618 2 2 9 8 763 2123 760
1619 2 2 9 8 1584 1592 1124
1620 2 2 9 8 1462 1463 1443
1621 2 2 9 8 1576 2553 867
1622 2 2 9 8 313 1636 472
1623 2 2 9 8 733 2240 1719
1624 2 2 9 8 1402 2484 1401
1625 2 2 9 8 86 1637 484
1626 2 2 9 8 1451 1633 822
1627 2 2 9 8 2257 2278 1464
1628 2 2 9 8 71 1942 70
1629 2 2 9 8 1445 1864 1444
1630 2 2 9 8 410 2546 186
1631 2 2 9 8 1350 1352 1351
1632 2 2 9 8 1365 1917 1916
1633 2 2 9 8 2000 2298 1234
1634 2 2 9 8 534 2391 102
1635 2 2 9 8 1248 1977 1247
1636 2 2 9 8 2232 2233 2150
1637 2 2 9 8 313 472 312
1638 2 2 9 8 1497 1498 1107
1639 2 2 9 8 1122 1124 1123
1640 2 2 9 8 1625 1627 1252
1641 2 2 9 8 892 893 891
1642 2 2 9 8 1368 1371 1370
1643 2 2 9 8 1393 2127 1514
1644 2 2 9 8 1535 2553 1576
1645 2 2 9 8 1855 2520 1717
1646 2 2 9 8 1072 1586 1074
1647 2 2 9 8 612 613 430
1648 2 2 9 8 941 1028 1026
1649 2 2 9 8 1063 1201 1062
1650 2 2 9 8 701 705 704
1651 2 2 9 8 109 1782 609
1652 2 2 9 8 826 829 828
1653 2 2 9 8 1907 2535 1276
1654 2 2 9 8 1237 2252 1238
1655 2 2 9 8 956 958 957
1656 2 2 9 8 1210 1655 1624
1657 2 2 9 8 791 1901 1526
1658 2 2 9 8 330 1548 425
1659 2 2 9 8 1779 2111 1778
1660 2 2 9 8 1055 1134 1056
1661 2 2 9 8 1055 1252 1134
1662 2 2 9 8 1435 1940 1907
1663 2 2 9 8 1126 1330 1329
1664 2 2 9 8 739 740 738
1665 2 2 9 8 677 1664 674
1666 2 2 9 8 1141 1223 1222
1667 2 2 9 8 1778 2111 467
1668 2 2 9 8 800 1647 818
1669 2 2 9 8 1133 2093 981
1670 2 2 9 8 1126 1127 1125
1671 2 2 9 8 965 2114 876
1672 2 2 9 8 1224 1865 604
1673 2 2 9 8 178 1756 177
1674 2 2 9 8 1186 2375 1928
1675 2 2 9 8 449 2232 143
1676 2 2 9 8 293 2525 501
1677 2 2 9 8 954 1591 1087
1678 2 2 9 8 1501 1600 1503
1679 2 2 9 8 1850 2085 1472
1680 2 2 9 8 1326 2455 1871
1681 2 2 9 8 1558 2519 1156
1682 2 2 9 8 1010 1836 1063
1683 2 2 9 8 1352 2270 1351
1684 2 2 9 8 1108 1500 1499
1685 2 2 9 8 712 715 714
1686 2 2 9 8 1396 2101 1827
1687 2 2 9 8 576 578 577
1688 2 2 9 8 2445 2501 2071
1689 2 2 9 8 1744 2303 2302
1690 2 2 9 8 1274 1275 1272
1691 2 2 9 8 1270 1271 1269
1692 2 2 9 8 1753 1756 475
1693 2 2 9 8 709 2178 2017
1694 2 2 9 8 1514 2083 753
1695 2 2 9 8 1280 2317 1590
1696 2 2 9 8 1055 1625 1252
1697 2 2 9 8 1063 1202 1201
1698 2 2 9 8 1541 1824 1130
1699 2 2 9 8 1908 1985 1321
1700 2 2 9 8 1991 2090 1974
1701 2 2 9 8 1268 1269 1267
1702 2 2 9 8 102 2391 101
1703 2 2 9 8 609 1616 108
1704 2 2 9 8 1121 1128 1122
1705 2 2 9 8 1551 1552 1550
1706 2 2 9 8 1949 2321 780
1707 2 2 9 8 958 1130 1023
1708 2 2 9 8 694 695 690
1709 2 2 9 8 751 1537 748
1710 2 2 9 8 1418 1920 1419
1711 2 2 9 8 99 2388 535
1712 2 2 9 8 1388 2122 1389
1713 2 2 9 8 1733 2123 763
1714 2 2 9 8 1384 2069 1300
1715 2 2 9 8 1320 2161 1878
1716 2 2 9 8 571 1881 574
1717 2 2 9 8 1144 1331 1224
1718 2 2 9 8 1230 2454 1531
1719 2 2 9 8 1265 1267 1263
1720 2 2 9 8 659 1673 661
1721 2 2 9 8 131 527 130
1722 2 2 9 8 1003 1950 868
1723 2 2 9 8 1354 1356 1355
1724 2 2 9 8 1500 1502 1501
1725 2 2 9 8 1577 1578 1061
1726 2 2 9 8 829 830 828
1727 2 2 9 8 1466 2278 1957
1728 2 2 9 8 1064 1554 1491
1729 2 2 9 8 450 2250 1474
1730 2 2 9 8 471 1622 88
1731 2 2 9 8 1098 1527 1178
1732 2 2 9 8 834 1683 1659
1733 2 2 9 8 1540 1903 175
1734 2 2 9 8 730 735 734
1735 2 2 9 8 1908 2152 479
1736 2 2 9 8 831 1995 1946
1737 2 2 9 8 1050 1453 1452
1738 2 2 9 8 1770 2294 491
1739 2 2 9 8 951 1684 1129
1740 2 2 9 8 735 737 736
1741 2 2 9 8 1637 1638 484
1742 2 2 9 8 951 1129 1035
1743 2 2 9 8 1276 1277 1275
1744 2 2 9 8 1601 2411 537
1745 2 2 9 8 1614 2558 834
1746 2 2 9 8 1278 1280 1277
1747 2 2 9 8 1284 1960 1574
1748 2 2 9 8 1591 2494 1255
1749 2 2 9 8 491 2294 1799
1750 2 2 9 8 864 1949 835
1751 2 2 9 8 1025 1235 1198
1752 2 2 9 8 1827 2153 1396
1753 2 2 9 8 1437 1835 1375
1754 2 2 9 8 646 1883 650
1755 2 2 9 8 1579 1580 1348
1756 2 2 9 8 651 1654 664
1757 2 2 9 8 1682 1918 1191
1758 2 2 9 8 923 1055 1054
1759 2 2 9 8 87 1637 86
1760 2 2 9 8 248 2030 568
1761 2 2 9 8 1183 2526 1863
1762 2 2 9 8 2010 2420 1213
1763 2 2 9 8 1652 2011 1650
1764 2 2 9 8 1101 2366 686
1765 2 2 9 8 609 1869 1616
1766 2 2 9 8 742 2248 740
1767 2 2 9 8 1104 1812 1141
1768 2 2 9 8 1493 2502 998
1769 2 2 9 8 1185 1220 1131
1770 2 2 9 8 680 1664 677
1771 2 2 9 8 674 1664 930
1772 2 2 9 8 574 627 614
1773 2 2 9 8 1485 2206 1486
1774 2 2 9 8 1121 1122 1120
1775 2 2 9 8 1626 1627 1625
1776 2 2 9 8 198 2381 1915
1777 2 2 9 8 1160 2256 2255
1778 2 2 9 8 593 596 595
1779 2 2 9 8 1743 2310 2303
1780 2 2 9 8 1181 1542 1184
1781 2 2 9 8 1138 1139 1083
1782 2 2 9 8 1124 1125 1123
1783 2 2 9 8 567 2463 2215
1784 2 2 9 8 337 2025 336
1785 2 2 9 8 543 559 541
1786 2 2 9 8 715 1534 716
1787 2 2 9 8 955 1523 1246
1788 2 2 9 8 449 2233 2232
1789 2 2 9 8 1859 1861 1334
1790 2 2 9 8 609 2016 1869
1791 2 2 9 8 857 2254 2193
1792 2 2 9 8 1626 1628 1627
1793 2 2 9 8 2339 2341 2334
1794 2 2 9 8 286 1778 467
1795 2 2 9 8 1849 2094 1848
1796 2 2 9 8 1281 1283 1280
1797 2 2 9 8 584 587 586
1798 2 2 9 8 1580 1860 1859
1799 2 2 9 8 2095 2227 1057
1800 2 2 9 8 2126 2127 1393
1801 2 2 9 8 245 2508 502
1802 2 2 9 8 541 1312 539
1803 2 2 9 8 337 2409 2025
1804 2 2 9 8 743 744 742
1805 2 2 9 8 661 1673 1018
1806 2 2 9 8 662 1673 659
1807 2 2 9 8 1140 2084 620
1808 2 2 9 8 1107 1585 940
1809 2 2 9 8 878 880 754
1810 2 2 9 8 570 2032 1881
1811 2 2 9 8 1470 2500 1660
1812 2 2 9 8 741 742 740
1813 2 2 9 8 652 1830 654
1814 2 2 9 8 1215 1216 1113
1815 2 2 9 8 467 2108 285
1816 2 2 9 8 1523 2548 1057
1817 2 2 9 8 798 1647 800
1818 2 2 9 8 2199 2220 1951
1819 2 2 9 8 1759 2297 1424
1820 2 2 9 8 2193 2254 1252
1821 2 2 9 8 1436 2393 441
1822 2 2 9 8 623 1304 625
1823 2 2 9 8 1630 2162 1628
1824 2 2 9 8 709 2017 712
1825 2 2 9 8 64 2498 488
1826 2 2 9 8 813 2469 817
1827 2 2 9 8 876 925 920
1828 2 2 9 8 72 423 71
1829 2 2 9 8 1180 1564 1563
1830 2 2 9 8 2006 2431 2197
1831 2 2 9 8 977 1179 1103
1832 2 2 9 8 1990 2008 1168
1833 2 2 9 8 596 598 597
1834 2 2 9 8 298 2332 1924
1835 2 2 9 8 1704 1706 1703
1836 2 2 9 8 330 425 329
1837 2 2 9 8 924 1061 980
1838 2 2 9 8 1944 2095 1544
1839 2 2 9 8 1138 2549 1139
1840 2 2 9 8 2116 2182 1578
1841 2 2 9 8 1622 1637 87
1842 2 2 9 8 1087 1591 1255
1843 2 2 9 8 1654 1895 1889
1844 2 2 9 8 314 1661 1636
1845 2 2 9 8 1419 1920 1429
1846 2 2 9 8 1216 1680 1679
1847 2 2 9 8 1063 1203 1202
1848 2 2 9 8 847 2548 849
1849 2 2 9 8 1032 1191 1190
1850 2 2 9 8 650 1075 652
1851 2 2 9 8 566 2536 2457
1852 2 2 9 8 574 1881 627
1853 2 2 9 8 1034 1185 1131
1854 2 2 9 8 1950 2145 758
1855 2 2 9 8 66 2120 469
1856 2 2 9 8 709 711 708
1857 2 2 9 8 1132 1133 981
1858 2 2 9 8 1706 2318 1702
1859 2 2 9 8 314 1636 313
1860 2 2 9 8 458 2087 249
1861 2 2 9 8 1739 2529 563
1862 2 2 9 8 2004 2252 1237
1863 2 2 9 8 1284 1573 1283
1864 2 2 9 8 1647 1937 818
1865 2 2 9 8 799 1658 855
1866 2 2 9 8 1034 1193 1185
1867 2 2 9 8 867 2155 1576
1868 2 2 9 8 1122 1123 1120
1869 2 2 9 8 1667 1686 930
1870 2 2 9 8 1590 2533 1280
1871 2 2 9 8 587 589 588
1872 2 2 9 8 1307 1949 864
1873 2 2 9 8 341 1471 340
1874 2 2 9 8 1155 1519 1152
1875 2 2 9 8 1111 1667 1666
1876 2 2 9 8 1111 1666 1665
1877 2 2 9 8 565 1761 208
1878 2 2 9 8 912 1829 905
1879 2 2 9 8 1830 2450 910
1880 2 2 9 8 1959 2537 557
1881 2 2 9 8 1104 1141 1105
1882 2 2 9 8 1258 1450 1165
1883 2 2 9 8 1111 1686 1667
1884 2 2 9 8 315 1661 314
1885 2 2 9 8 509 2249 1852
1886 2 2 9 8 485 1661 315
1887 2 2 9 8 2235 2237 2234
1888 2 2 9 8 2390 2392 2385
1889 2 2 9 8 882 1955 819
1890 2 2 9 8 1203 1204 1202
1891 2 2 9 8 1193 1688 1680
1892 2 2 9 8 1227 1950 1003
1893 2 2 9 8 1111 1665 665
1894 2 2 9 8 603 2532 2369
1895 2 2 9 8 1683 1837 1659
1896 2 2 9 8 1055 1056 1054
1897 2 2 9 8 1706 2531 1705
1898 2 2 9 8 938 1684 692
1899 2 2 9 8 665 1665 656
1900 2 2 9 8 1667 1668 1666
1901 2 2 9 8 1163 1670 80
1902 2 2 9 8 321 1672 1164
1903 2 2 9 8 964 1871 1870
1904 2 2 9 8 1063 1836 1203
1905 2 2 9 8 1680 1688 1679
1906 2 2 9 8 1015 1688 1034
1907 2 2 9 8 1204 1205 1202
1908 2 2 9 8 123 2293 122
1909 2 2 9 8 81 1163 80
1910 2 2 9 8 321 1164 320
1911 2 2 9 8 692 1684 951
1912 2 2 9 8 1071 1684 938
1913 2 2 9 8 806 1674 809
1914 2 2 9 8 1665 1666 662
1915 2 2 9 8 79 1670 492
1916 2 2 9 8 493 1672 322
1917 2 2 9 8 1669 1674 804
1918 2 2 9 8 1009 1730 1677
1919 2 2 9 8 804 1674 806
1920 2 2 9 8 1016 1687 1679
1921 2 2 9 8 975 1663 1490
1922 2 2 9 8 1679 1688 1016
1923 2 2 9 8 1016 1688 1015
1924 2 2 9 8 1034 1688 1193
1925 2 2 9 8 1677 1730 1674
1926 2 2 9 8 80 1670 79
1927 2 2 9 8 322 1672 321
1928 2 2 9 8 657 1665 662
1929 2 2 9 8 1165 1682 1031
1930 2 2 9 8 802 1669 804
1931 2 2 9 8 1674 1730 809
1932 2 2 9 8 79 492 78
1933 2 2 9 8 1204 1206 1205
1934 2 2 9 8 323 493 322
1935 2 2 9 8 1669 1677 1674
1936 2 2 9 8 1331 2272 2167
1937 2 2 9 8 1146 1675 1145
1938 2 2 9 8 1206 1207 1205
1939 2 2 9 8 668 1681 886
1940 2 2 9 8 1123 1837 1120
1941 2 2 9 8 886 1681 1106
1942 2 2 9 8 666 1681 668
1943 2 2 9 8 1114 1678 853
1944 2 2 9 8 1206 1210 1207
1945 2 2 9 8 672 1686 669
1946 2 2 9 8 930 1686 672
1947 2 2 9 8 669 1686 667
1948 2 2 9 8 853 1678 660
1949 2 2 9 8 1210 1640 1207
1950 2 2 9 8 871 1685 1000
1951 2 2 9 8 1177 1687 1016
1952 2 2 9 8 1692 1700 676
1953 2 2 9 8 1177 1692 1687
1954 2 2 9 8 840 1694 838
1955 2 2 9 8 852 1685 871
1956 2 2 9 8 1693 1728 1119
1957 2 2 9 8 807 1683 834
1958 2 2 9 8 838 1694 1689
1959 2 2 9 8 1691 1692 676
1960 2 2 9 8 1177 1700 1692
1961 2 2 9 8 1690 1728 1693
1962 2 2 9 8 1112 1691 887
1963 2 2 9 8 845 1694 840
1964 2 2 9 8 838 1689 810
1965 2 2 9 8 1690 1729 1728
1966 2 2 9 8 1112 1692 1691
1967 2 2 9 8 1694 1729 1690
1968 2 2 9 8 887 1691 670
1969 2 2 9 8 810 1689 808
1970 2 2 9 8 1687 1692 1112
1971 2 2 9 8 671 1691 676
1972 2 2 9 8 1690 1693 811
1973 2 2 9 8 1697 1699 1114
1974 2 2 9 8 872 1697 1114
1975 2 2 9 8 1700 1720 1176
1976 2 2 9 8 1115 1707 1696
1977 2 2 9 8 1695 1696 913
1978 2 2 9 8 1698 1700 1176
1979 2 2 9 8 1696 1707 913
1980 2 2 9 8 1177 1720 1700
1981 2 2 9 8 676 1700 1698
1982 2 2 9 8 873 1695 913
1983 2 2 9 8 676 1698 673
1984 2 2 9 8 995 1697 915
1985 2 2 9 8 995 1699 1697
1986 2 2 9 8 915 1697 874
1987 2 2 9 8 836 2019 816
1988 2 2 9 8 1176 1710 1698
1989 2 2 9 8 1698 1710 675
1990 2 2 9 8 1522 1699 1152
1991 2 2 9 8 1152 1699 995
1992 2 2 9 8 946 1707 987
1993 2 2 9 8 987 1707 1115
1994 2 2 9 8 914 1707 946
1995 2 2 9 8 839 2019 2018
1996 2 2 9 8 1007 1703 989
1997 2 2 9 8 988 1703 1702
1998 2 2 9 8 988 1702 1701
1999 2 2 9 8 989 1703 988
2000 2 2 9 8 1007 1704 1703
2001 2 2 9 8 988 1701 947
2002 2 2 9 8 675 1710 678
2003 2 2 9 8 947 1701 916
2004 2 2 9 8 850 1709 885
2005 2 2 9 8 842 1709 850
2006 2 2 9 8 1701 1702 1142
2007 2 2 9 8 936 1726 1118
2008 2 2 9 8 1712 1727 1006
2009 2 2 9 8 948 1714 934
2010 2 2 9 8 978 1701 1142
2011 2 2 9 8 1100 1714 948
2012 2 2 9 8 937 1710 1176
2013 2 2 9 8 1711 1712 1006
2014 2 2 9 8 934 1714 935
2015 2 2 9 8 682 1710 937
2016 2 2 9 8 1091 1724 985
2017 2 2 9 8 883 1711 1006
2018 2 2 9 8 1718 1719 1116
2019 2 2 9 8 985 1724 986
2020 2 2 9 8 883 884 851
2021 2 2 9 8 992 1723 1090
2022 2 2 9 8 1726 1727 1118
2023 2 2 9 8 990 1723 992
2024 2 2 9 8 932 936 934
2025 2 2 9 8 1116 1722 1093
2026 2 2 9 8 1118 1165 1031
2027 2 2 9 8 1093 1722 1598
2028 2 2 9 8 932 934 933
2029 2 2 9 8 936 948 934
2030 2 2 9 8 1090 1723 1116
2031 2 2 9 8 1715 1717 1071
2032 2 2 9 8 935 1120 1119
2033 2 2 9 8 983 1715 1071
2034 2 2 9 8 1519 1522 1152
2035 2 2 9 8 990 992 991
2036 2 2 9 8 994 1151 993
2037 2 2 9 8 1013 1721 1012
2038 2 2 9 8 884 931 851
2039 2 2 9 8 1015 1033 1013
2040 2 2 9 8 935 1121 1120
2041 2 2 9 8 936 1118 1031
2042 2 2 9 8 937 939 938
2043 2 2 9 8 1066 1155 1152
2044 2 2 9 8 1719 1722 1116
2045 2 2 9 8 1176 1720 939
2046 2 2 9 8 992 994 993
2047 2 2 9 8 1014 1720 1177
2048 2 2 9 8 1032 1190 1100
2049 2 2 9 8 984 1012 983
2050 2 2 9 8 1034 1131 1033
2051 2 2 9 8 682 937 692
2052 2 2 9 8 692 951 691
2053 2 2 9 8 983 1071 938
2054 2 2 9 8 939 1720 984
2055 2 2 9 8 1012 1715 983
2056 2 2 9 8 1014 1016 1015
2057 2 2 9 8 937 1176 939
2058 2 2 9 8 990 991 989
2059 2 2 9 8 991 1007 989
2060 2 2 9 8 1015 1034 1033
2061 2 2 9 8 1090 1093 1092
2062 2 2 9 8 937 938 692
2063 2 2 9 8 984 1013 1012
2064 2 2 9 8 1012 1721 1716
2065 2 2 9 8 1093 1597 1092
2066 2 2 9 8 1116 1723 1718
2067 2 2 9 8 939 984 983
2068 2 2 9 8 1094 1117 1091
2069 2 2 9 8 939 983 938
2070 2 2 9 8 1131 1236 1033
2071 2 2 9 8 1014 1015 1013
2072 2 2 9 8 1236 1721 1033
2073 2 2 9 8 987 1115 1094
2074 2 2 9 8 984 1014 1013
2075 2 2 9 8 984 1720 1014
2076 2 2 9 8 1012 1716 1715
2077 2 2 9 8 1033 1721 1013
2078 2 2 9 8 1014 1177 1016
2079 2 2 9 8 682 692 691
2080 2 2 9 8 987 1094 1091
2081 2 2 9 8 1090 1092 994
2082 2 2 9 8 883 1006 884
2083 2 2 9 8 935 1714 1121
2084 2 2 9 8 985 986 947
2085 2 2 9 8 992 993 991
2086 2 2 9 8 850 883 851
2087 2 2 9 8 992 1090 994
2088 2 2 9 8 946 987 985
2089 2 2 9 8 978 1142 1066
2090 2 2 9 8 1117 1719 1718
2091 2 2 9 8 986 1724 990
2092 2 2 9 8 1090 1116 1093
2093 2 2 9 8 986 990 989
2094 2 2 9 8 1117 1718 1091
2095 2 2 9 8 986 988 947
2096 2 2 9 8 986 989 988
2097 2 2 9 8 1718 1724 1091
2098 2 2 9 8 1066 1152 995
2099 2 2 9 8 1093 1598 1597
2100 2 2 9 8 850 851 845
2101 2 2 9 8 987 1091 985
2102 2 2 9 8 842 850 845
2103 2 2 9 8 932 933 931
2104 2 2 9 8 1031 1032 948
2105 2 2 9 8 935 1119 933
2106 2 2 9 8 1032 1100 948
2107 2 2 9 8 850 885 883
2108 2 2 9 8 934 935 933
2109 2 2 9 8 884 932 931
2110 2 2 9 8 936 1031 948
2111 2 2 9 8 978 1066 995
2112 2 2 9 8 682 691 681
2113 2 2 9 8 946 985 947
2114 2 2 9 8 678 1710 682
2115 2 2 9 8 1118 1258 1165
2116 2 2 9 8 885 1711 883
2117 2 2 9 8 843 1709 842
2118 2 2 9 8 932 1726 936
2119 2 2 9 8 991 1725 1007
2120 2 2 9 8 993 1725 991
2121 2 2 9 8 1723 1724 1718
2122 2 2 9 8 990 1724 1723
2123 2 2 9 8 1009 1010 909
2124 2 2 9 8 842 845 840
2125 2 2 9 8 841 843 842
2126 2 2 9 8 916 1701 978
2127 2 2 9 8 678 682 681
2128 2 2 9 8 978 995 915
2129 2 2 9 8 946 947 916
2130 2 2 9 8 1006 1727 1726
2131 2 2 9 8 1118 1727 1258
2132 2 2 9 8 1006 1726 884
2133 2 2 9 8 884 1726 932
2134 2 2 9 8 841 842 840
2135 2 2 9 8 837 1009 909
2136 2 2 9 8 839 2018 841
2137 2 2 9 8 914 946 916
2138 2 2 9 8 679 680 677
2139 2 2 9 8 678 681 679
2140 2 2 9 8 916 978 915
2141 2 2 9 8 837 909 908
2142 2 2 9 8 839 841 840
2143 2 2 9 8 914 916 915
2144 2 2 9 8 678 679 677
2145 2 2 9 8 839 840 838
2146 2 2 9 8 837 908 836
2147 2 2 9 8 816 2019 839
2148 2 2 9 8 913 1707 914
2149 2 2 9 8 675 678 677
2150 2 2 9 8 953 1215 1113
2151 2 2 9 8 1113 1687 1112
2152 2 2 9 8 914 915 874
2153 2 2 9 8 816 839 838
2154 2 2 9 8 815 837 836
2155 2 2 9 8 953 1113 1112
2156 2 2 9 8 673 1698 675
2157 2 2 9 8 913 914 874
2158 2 2 9 8 675 677 674
2159 2 2 9 8 816 838 810
2160 2 2 9 8 815 836 816
2161 2 2 9 8 873 913 874
2162 2 2 9 8 1000 1695 873
2163 2 2 9 8 953 1112 887
2164 2 2 9 8 674 930 672
2165 2 2 9 8 673 675 674
2166 2 2 9 8 874 1697 872
2167 2 2 9 8 1689 1694 1690
2168 2 2 9 8 815 816 810
2169 2 2 9 8 671 676 673
2170 2 2 9 8 871 1000 873
2171 2 2 9 8 886 1106 940
2172 2 2 9 8 673 674 672
2173 2 2 9 8 873 874 872
2174 2 2 9 8 940 953 887
2175 2 2 9 8 811 1693 1683
2176 2 2 9 8 1689 1690 811
2177 2 2 9 8 809 815 810
2178 2 2 9 8 671 673 672
2179 2 2 9 8 871 873 872
2180 2 2 9 8 872 1114 853
2181 2 2 9 8 886 940 887
2182 2 2 9 8 809 810 808
2183 2 2 9 8 811 1683 807
2184 2 2 9 8 808 1689 811
2185 2 2 9 8 871 872 853
2186 2 2 9 8 671 672 669
2187 2 2 9 8 670 1691 671
2188 2 2 9 8 886 887 670
2189 2 2 9 8 1119 1728 933
2190 2 2 9 8 806 809 808
2191 2 2 9 8 808 811 807
2192 2 2 9 8 1001 1685 852
2193 2 2 9 8 661 1018 1001
2194 2 2 9 8 668 886 670
2195 2 2 9 8 670 671 669
2196 2 2 9 8 852 871 853
2197 2 2 9 8 933 1728 931
2198 2 2 9 8 845 1729 1694
2199 2 2 9 8 851 1729 845
2200 2 2 9 8 1728 1729 931
2201 2 2 9 8 931 1729 851
2202 2 2 9 8 807 834 805
2203 2 2 9 8 806 808 807
2204 2 2 9 8 661 1001 852
2205 2 2 9 8 668 670 669
2206 2 2 9 8 852 853 660
2207 2 2 9 8 806 807 805
2208 2 2 9 8 668 669 667
2209 2 2 9 8 667 1686 1111
2210 2 2 9 8 661 852 660
2211 2 2 9 8 1147 1529 1479
2212 2 2 9 8 1295 1675 1146
2213 2 2 9 8 804 806 805
2214 2 2 9 8 910 1681 666
2215 2 2 9 8 667 1111 665
2216 2 2 9 8 659 661 660
2217 2 2 9 8 666 668 667
2218 2 2 9 8 660 1678 658
2219 2 2 9 8 1147 1479 1253
2220 2 2 9 8 1253 1295 1146
2221 2 2 9 8 804 805 803
2222 2 2 9 8 657 662 659
2223 2 2 9 8 663 910 666
2224 2 2 9 8 666 667 665
2225 2 2 9 8 659 660 658
2226 2 2 9 8 1147 1253 1146
2227 2 2 9 8 1250 1306 1076
2228 2 2 9 8 975 1490 1250
2229 2 2 9 8 809 1730 815
2230 2 2 9 8 837 1730 1009
2231 2 2 9 8 818 1669 802
2232 2 2 9 8 802 804 803
2233 2 2 9 8 803 907 801
2234 2 2 9 8 657 659 658
2235 2 2 9 8 663 666 665
2236 2 2 9 8 815 1730 837
2237 2 2 9 8 1020 1147 1146
2238 2 2 9 8 1744 1833 1742
2239 2 2 9 8 975 1250 1076
2240 2 2 9 8 1076 1077 974
2241 2 2 9 8 968 1085 880
2242 2 2 9 8 86 484 85
2243 2 2 9 8 800 818 802
2244 2 2 9 8 802 803 801
2245 2 2 9 8 656 1665 657
2246 2 2 9 8 663 665 656
2247 2 2 9 8 657 658 655
2248 2 2 9 8 1031 1682 1032
2249 2 2 9 8 1024 1624 1623
2250 2 2 9 8 1020 1146 1145
2251 2 2 9 8 712 713 711
2252 2 2 9 8 1793 1795 1794
2253 2 2 9 8 1737 1739 1738
2254 2 2 9 8 1741 1744 1742
2255 2 2 9 8 1752 1754 1753
2256 2 2 9 8 316 485 315
2257 2 2 9 8 85 1732 84
2258 2 2 9 8 975 1076 974
2259 2 2 9 8 973 1663 975
2260 2 2 9 8 1679 1687 1113
2261 2 2 9 8 484 1732 85
2262 2 2 9 8 317 1731 316
2263 2 2 9 8 1991 2212 443
2264 2 2 9 8 84 531 83
2265 2 2 9 8 318 532 317
2266 2 2 9 8 1847 2280 1832
2267 2 2 9 8 316 1731 485
2268 2 2 9 8 800 802 801
2269 2 2 9 8 84 1732 531
2270 2 2 9 8 532 1731 317
2271 2 2 9 8 656 657 655
2272 2 2 9 8 654 663 656
2273 2 2 9 8 1032 1682 1191
2274 2 2 9 8 1024 1623 918
2275 2 2 9 8 1020 1145 1019
2276 2 2 9 8 1758 1759 1757
2277 2 2 9 8 1762 1763 499
2278 2 2 9 8 1737 1738 473
2279 2 2 9 8 453 1743 1741
2280 2 2 9 8 1765 1766 497
2281 2 2 9 8 1741 1742 1740
2282 2 2 9 8 1785 1786 1784
2283 2 2 9 8 1752 1753 475
2284 2 2 9 8 495 1885 1793
2285 2 2 9 8 1793 1794 1792
2286 2 2 9 8 1776 1777 503
2287 2 2 9 8 1751 1755 1752
2288 2 2 9 8 1746 1747 508
2289 2 2 9 8 1802 1803 507
2290 2 2 9 8 973 975 974
2291 2 2 9 8 1956 2501 1377
2292 2 2 9 8 299 2332 298
2293 2 2 9 8 1273 2528 1435
2294 2 2 9 8 1564 1566 1565
2295 2 2 9 8 589 591 590
2296 2 2 9 8 1216 1679 1113
2297 2 2 9 8 776 1570 771
2298 2 2 9 8 1888 1905 426
2299 2 2 9 8 2166 2321 1307
2300 2 2 9 8 707 708 706
2301 2 2 9 8 1727 1813 1258
2302 2 2 9 8 1072 1872 1586
2303 2 2 9 8 113 1757 112
2304 2 2 9 8 124 1799 123
2305 2 2 9 8 170 1784 169
2306 2 2 9 8 216 1740 215
2307 2 2 9 8 110 1782 109
2308 2 2 9 8 225 1767 224
2309 2 2 9 8 217 453 216
2310 2 2 9 8 207 499 206
2311 2 2 9 8 203 497 202
2312 2 2 9 8 208 1761 207
2313 2 2 9 8 291 1809 290
2314 2 2 9 8 114 437 113
2315 2 2 9 8 122 439 121
2316 2 2 9 8 136 498 135
2317 2 2 9 8 138 421 137
2318 2 2 9 8 144 449 143
2319 2 2 9 8 101 481 100
2320 2 2 9 8 214 496 213
2321 2 2 9 8 219 610 218
2322 2 2 9 8 205 454 204
2323 2 2 9 8 303 1242 302
2324 2 2 9 8 230 1736 229
2325 2 2 9 8 240 530 239
2326 2 2 9 8 242 463 241
2327 2 2 9 8 252 511 251
2328 2 2 9 8 254 459 253
2329 2 2 9 8 256 500 255
2330 2 2 9 8 264 512 263
2331 2 2 9 8 266 457 265
2332 2 2 9 8 278 466 277
2333 2 2 9 8 280 505 279
2334 2 2 9 8 290 468 289
2335 2 2 9 8 292 501 291
2336 2 2 9 8 232 474 231
2337 2 2 9 8 268 504 267
2338 2 2 9 8 229 473 228
2339 2 2 9 8 288 1560 287
2340 2 2 9 8 300 446 299
2341 2 2 9 8 287 1778 286
2342 2 2 9 8 135 1734 134
2343 2 2 9 8 276 513 275
2344 2 2 9 8 226 455 225
2345 2 2 9 8 244 502 243
2346 2 2 9 8 99 535 98
2347 2 2 9 8 159 1792 158
2348 2 2 9 8 111 487 110
2349 2 2 9 8 180 1751 179
2350 2 2 9 8 184 506 183
2351 2 2 9 8 160 495 159
2352 2 2 9 8 218 1783 217
2353 2 2 9 8 202 1771 201
2354 2 2 9 8 179 475 178
2355 2 2 9 8 201 1230 200
2356 2 2 9 8 147 490 146
2357 2 2 9 8 182 427 181
2358 2 2 9 8 133 417 132
2359 2 2 9 8 166 503 165
2360 2 2 9 8 126 1769 125
2361 2 2 9 8 167 1775 166
2362 2 2 9 8 168 476 167
2363 2 2 9 8 171 424 170
2364 2 2 9 8 194 508 193
2365 2 2 9 8 195 1745 194
2366 2 2 9 8 155 507 154
2367 2 2 9 8 190 1595 189
2368 2 2 9 8 157 482 156
2369 2 2 9 8 192 464 191
2370 2 2 9 8 103 534 102
2371 2 2 9 8 125 491 124
2372 2 2 9 8 183 1788 182
2373 2 2 9 8 289 1772 288
2374 2 2 9 8 191 1789 190
2375 2 2 9 8 206 1768 205
2376 2 2 9 8 172 1797 171
2377 2 2 9 8 158 1798 157
2378 2 2 9 8 204 1764 203
2379 2 2 9 8 215 1760 214
2380 2 2 9 8 156 1801 155
2381 2 2 9 8 227 1774 226
2382 2 2 9 8 181 1791 180
2383 2 2 9 8 228 1796 227
2384 2 2 9 8 112 1805 111
2385 2 2 9 8 193 1804 192
2386 2 2 9 8 169 1800 168
2387 2 2 9 8 137 1780 136
2388 2 2 9 8 231 1806 230
2389 2 2 9 8 108 1616 107
2390 2 2 9 8 800 801 799
2391 2 2 9 8 1799 2293 123
2392 2 2 9 8 146 2236 145
2393 2 2 9 8 568 2030 570
2394 2 2 9 8 654 656 655
2395 2 2 9 8 1435 1907 1274
2396 2 2 9 8 1846 1847 1832
2397 2 2 9 8 2438 2439 1735
2398 2 2 9 8 1019 1024 918
2399 2 2 9 8 919 1020 1019
2400 2 2 9 8 1773 1815 1814
2401 2 2 9 8 1816 1817 1785
2402 2 2 9 8 1736 1737 473
2403 2 2 9 8 1789 1790 1595
2404 2 2 9 8 1761 1762 499
2405 2 2 9 8 498 1735 1734
2406 2 2 9 8 453 1741 1740
2407 2 2 9 8 437 1758 1757
2408 2 2 9 8 1764 1765 497
2409 2 2 9 8 424 1785 1784
2410 2 2 9 8 474 1807 1806
2411 2 2 9 8 421 1781 1780
2412 2 2 9 8 501 1810 1809
2413 2 2 9 8 1560 1779 1778
2414 2 2 9 8 1745 1746 508
2415 2 2 9 8 468 1773 1772
2416 2 2 9 8 495 1793 1792
2417 2 2 9 8 1751 1752 475
2418 2 2 9 8 1769 1770 491
2419 2 2 9 8 1775 1776 503
2420 2 2 9 8 1801 1802 507
2421 2 2 9 8 705 706 704
2422 2 2 9 8 979 1244 971
2423 2 2 9 8 973 974 972
2424 2 2 9 8 122 2293 439
2425 2 2 9 8 446 2332 299
2426 2 2 9 8 730 1650 735
2427 2 2 9 8 1305 2547 1544
2428 2 2 9 8 654 1830 663
2429 2 2 9 8 1742 1833 1831
2430 2 2 9 8 490 2236 146
2431 2 2 9 8 1712 1813 1727
2432 2 2 9 8 1660 1971 522
2433 2 2 9 8 437 1757 113
2434 2 2 9 8 229 1736 473
2435 2 2 9 8 507 2259 154
2436 2 2 9 8 207 1761 499
2437 2 2 9 8 190 1789 1595
2438 2 2 9 8 453 1740 216
2439 2 2 9 8 498 1734 135
2440 2 2 9 8 424 1784 170
2441 2 2 9 8 491 1799 124
2442 2 2 9 8 455 1767 225
2443 2 2 9 8 290 1809 468
2444 2 2 9 8 227 1796 1774
2445 2 2 9 8 217 1783 453
2446 2 2 9 8 288 1772 1560
2447 2 2 9 8 497 1771 202
2448 2 2 9 8 180 1791 1751
2449 2 2 9 8 203 1764 497
2450 2 2 9 8 501 1809 291
2451 2 2 9 8 482 1801 156
2452 2 2 9 8 499 1768 206
2453 2 2 9 8 201 1771 1230
2454 2 2 9 8 111 1805 487
2455 2 2 9 8 1560 1778 287
2456 2 2 9 8 487 1782 110
2457 2 2 9 8 182 1788 427
2458 2 2 9 8 495 1792 159
2459 2 2 9 8 476 1775 167
2460 2 2 9 8 214 1760 496
2461 2 2 9 8 610 1783 218
2462 2 2 9 8 205 1768 454
2463 2 2 9 8 194 1745 508
2464 2 2 9 8 171 1797 424
2465 2 2 9 8 468 1772 289
2466 2 2 9 8 454 1764 204
2467 2 2 9 8 179 1751 475
2468 2 2 9 8 1757 1805 112
2469 2 2 9 8 157 1798 482
2470 2 2 9 8 1740 1760 215
2471 2 2 9 8 125 1769 491
2472 2 2 9 8 166 1775 503
2473 2 2 9 8 506 1788 183
2474 2 2 9 8 192 1804 464
2475 2 2 9 8 1784 1800 169
2476 2 2 9 8 226 1774 455
2477 2 2 9 8 1792 1798 158
2478 2 2 9 8 421 1780 137
2479 2 2 9 8 473 1796 228
2480 2 2 9 8 474 1806 231
2481 2 2 9 8 427 1791 181
2482 2 2 9 8 508 1804 193
2483 2 2 9 8 464 1789 191
2484 2 2 9 8 496 2280 213
2485 2 2 9 8 155 1801 507
2486 2 2 9 8 136 1780 498
2487 2 2 9 8 168 1800 476
2488 2 2 9 8 230 1806 1736
2489 2 2 9 8 1786 1800 1784
2490 2 2 9 8 1759 1805 1757
2491 2 2 9 8 1763 1768 499
2492 2 2 9 8 1766 1771 497
2493 2 2 9 8 453 1783 1743
2494 2 2 9 8 1742 1760 1740
2495 2 2 9 8 1738 1796 473
2496 2 2 9 8 1751 1791 1755
2497 2 2 9 8 1803 2259 507
2498 2 2 9 8 1747 1804 508
2499 2 2 9 8 1794 1798 1792
2500 2 2 9 8 1164 2242 1933
2501 2 2 9 8 1677 1836 1009
2502 2 2 9 8 1104 2045 1812
2503 2 2 9 8 1789 1819 1790
2504 2 2 9 8 1807 1822 1806
2505 2 2 9 8 424 1816 1785
2506 2 2 9 8 1801 1820 1802
2507 2 2 9 8 1773 1814 1772
2508 2 2 9 8 1560 1814 1779
2509 2 2 9 8 1775 1818 1776
2510 2 2 9 8 1736 1822 1737
2511 2 2 9 8 1764 1821 1765
2512 2 2 9 8 76 461 75
2513 2 2 9 8 326 460 325
2514 2 2 9 8 1693 1837 1683
2515 2 2 9 8 1120 1837 1119
2516 2 2 9 8 1826 1827 1820
2517 2 2 9 8 2439 2440 529
2518 2 2 9 8 1832 2280 496
2519 2 2 9 8 2331 2332 446
2520 2 2 9 8 2524 2551 1810
2521 2 2 9 8 1831 1832 496
2522 2 2 9 8 309 2559 308
2523 2 2 9 8 1045 1505 1044
2524 2 2 9 8 786 1966 779
2525 2 2 9 8 1797 1816 424
2526 2 2 9 8 482 1820 1801
2527 2 2 9 8 464 1819 1789
2528 2 2 9 8 1772 1814 1560
2529 2 2 9 8 1806 1822 1736
2530 2 2 9 8 476 1818 1775
2531 2 2 9 8 454 1821 1764
2532 2 2 9 8 601 2370 1575
2533 2 2 9 8 1652 2113 2011
2534 2 2 9 8 1099 1474 1089
2535 2 2 9 8 88 1622 87
2536 2 2 9 8 1134 2045 1056
2537 2 2 9 8 1936 2075 1235
2538 2 2 9 8 1607 2352 1520
2539 2 2 9 8 1455 1838 1453
2540 2 2 9 8 1336 2071 1339
2541 2 2 9 8 1786 1825 1800
2542 2 2 9 8 1794 1826 1798
2543 2 2 9 8 1747 1828 1804
2544 2 2 9 8 1798 1826 482
2545 2 2 9 8 1800 1825 476
2546 2 2 9 8 1804 1828 464
2547 2 2 9 8 558 1906 545
2548 2 2 9 8 325 1811 324
2549 2 2 9 8 663 1830 910
2550 2 2 9 8 1959 2039 1518
2551 2 2 9 8 723 2156 721
2552 2 2 9 8 1470 2543 2500
2553 2 2 9 8 1431 1432 1430
2554 2 2 9 8 250 458 249
2555 2 2 9 8 476 1825 1818
2556 2 2 9 8 482 1826 1820
2557 2 2 9 8 464 1828 1819
2558 2 2 9 8 271 612 430
2559 2 2 9 8 1009 1836 1010
2560 2 2 9 8 144 2235 449
2561 2 2 9 8 1501 1842 1600
2562 2 2 9 8 611 2151 1599
2563 2 2 9 8 798 800 799
2564 2 2 9 8 861 1647 798
2565 2 2 9 8 701 704 700
2566 2 2 9 8 1139 2494 2160
2567 2 2 9 8 145 2236 2235
2568 2 2 9 8 1163 1671 1670
2569 2 2 9 8 1742 1831 1760
2570 2 2 9 8 1791 1834 1755
2571 2 2 9 8 1760 1831 496
2572 2 2 9 8 427 1834 1791
2573 2 2 9 8 323 1676 493
2574 2 2 9 8 298 1924 297
2575 2 2 9 8 690 2064 688
2576 2 2 9 8 1119 1837 1693
2577 2 2 9 8 262 456 261
2578 2 2 9 8 324 1676 323
2579 2 2 9 8 1928 1992 1186
2580 2 2 9 8 780 2321 1036
2581 2 2 9 8 654 655 653
2582 2 2 9 8 89 2082 471
2583 2 2 9 8 1599 2374 2055
2584 2 2 9 8 1004 1328 1199
2585 2 2 9 8 1815 1841 1814
2586 2 2 9 8 2330 2331 446
2587 2 2 9 8 1569 2344 434
2588 2 2 9 8 1845 1846 1832
2589 2 2 9 8 1659 1837 1123
2590 2 2 9 8 145 2235 144
2591 2 2 9 8 861 2357 1655
2592 2 2 9 8 274 465 273
2593 2 2 9 8 919 1019 918
2594 2 2 9 8 460 1811 325
2595 2 2 9 8 1814 1841 1779
2596 2 2 9 8 1556 2183 577
2597 2 2 9 8 1130 1824 1023
2598 2 2 9 8 1897 2426 1672
2599 2 2 9 8 1345 1347 1346
2600 2 2 9 8 286 467 285
2601 2 2 9 8 1528 2295 606
2602 2 2 9 8 972 979 971
2603 2 2 9 8 929 973 972
2604 2 2 9 8 1202 1851 1201
2605 2 2 9 8 1677 1875 1836
2606 2 2 9 8 1334 2532 2348
2607 2 2 9 8 822 1935 1581
2608 2 2 9 8 1604 2471 429
2609 2 2 9 8 1917 2224 1835
2610 2 2 9 8 1527 2395 1254
2611 2 2 9 8 1207 2199 2034
2612 2 2 9 8 439 2293 2290
2613 2 2 9 8 1808 2219 2150
2614 2 2 9 8 490 2380 2379
2615 2 2 9 8 509 1996 1713
2616 2 2 9 8 705 756 707
2617 2 2 9 8 1131 1897 1236
2618 2 2 9 8 1360 2224 1358
2619 2 2 9 8 1833 1845 1831
2620 2 2 9 8 653 1895 1654
2621 2 2 9 8 1695 2256 1536
2622 2 2 9 8 1534 1910 719
2623 2 2 9 8 543 1906 559
2624 2 2 9 8 1896 2225 1027
2625 2 2 9 8 1741 2303 1744
2626 2 2 9 8 826 2131 829
2627 2 2 9 8 616 2197 619
2628 2 2 9 8 775 2033 777
2629 2 2 9 8 2034 2199 747
2630 2 2 9 8 1831 1845 1832
2631 2 2 9 8 210 2457 447
2632 2 2 9 8 896 897 893
2633 2 2 9 8 918 1623 854
2634 2 2 9 8 1058 2222 1254
2635 2 2 9 8 2079 2481 944
2636 2 2 9 8 1654 1889 1522
2637 2 2 9 8 857 1882 711
2638 2 2 9 8 1036 2166 1038
2639 2 2 9 8 1982 2265 1438
2640 2 2 9 8 818 1875 1669
2641 2 2 9 8 324 1811 1676
2642 2 2 9 8 1209 2277 2143
2643 2 2 9 8 1836 1875 1203
2644 2 2 9 8 720 826 825
2645 2 2 9 8 2118 2410 1421
2646 2 2 9 8 1182 1183 412
2647 2 2 9 8 327 1855 326
2648 2 2 9 8 778 779 774
2649 2 2 9 8 1225 2373 1635
2650 2 2 9 8 1205 1851 1202
2651 2 2 9 8 311 1545 310
2652 2 2 9 8 746 2140 1851
2653 2 2 9 8 755 922 879
2654 2 2 9 8 101 2391 481
2655 2 2 9 8 1108 1913 1500
2656 2 2 9 8 518 1468 1467
2657 2 2 9 8 611 2055 544
2658 2 2 9 8 1596 2376 187
2659 2 2 9 8 922 923 879
2660 2 2 9 8 979 2048 1621
2661 2 2 9 8 452 1919 129
2662 2 2 9 8 650 1883 1075
2663 2 2 9 8 2031 2032 570
2664 2 2 9 8 1178 2182 2116
2665 2 2 9 8 1621 2362 1529
2666 2 2 9 8 655 1895 653
2667 2 2 9 8 793 1901 791
2668 2 2 9 8 1114 1889 1678
2669 2 2 9 8 1522 1889 1699
2670 2 2 9 8 960 1955 882
2671 2 2 9 8 1595 2138 483
2672 2 2 9 8 326 1855 460
2673 2 2 9 8 736 2405 753
2674 2 2 9 8 1678 1895 658
2675 2 2 9 8 847 849 848
2676 2 2 9 8 1419 1429 1421
2677 2 2 9 8 440 1587 1385
2678 2 2 9 8 1535 2017 1577
2679 2 2 9 8 1175 2173 1174
2680 2 2 9 8 109 609 108
2681 2 2 9 8 2348 2532 1332
2682 2 2 9 8 1265 2517 1282
2683 2 2 9 8 900 901 899
2684 2 2 9 8 907 1614 1613
2685 2 2 9 8 905 1829 976
2686 2 2 9 8 801 1658 799
2687 2 2 9 8 472 1899 1857
2688 2 2 9 8 855 1639 1495
2689 2 2 9 8 1043 1947 1046
2690 2 2 9 8 2300 2569 721
2691 2 2 9 8 1231 2527 733
2692 2 2 9 8 1156 1158 1157
2693 2 2 9 8 1610 1941 435
2694 2 2 9 8 1060 1221 1208
2695 2 2 9 8 335 2312 2075
2696 2 2 9 8 737 739 738
2697 2 2 9 8 721 2569 718
2698 2 2 9 8 1584 2444 471
2699 2 2 9 8 1411 1412 1410
2700 2 2 9 8 708 710 706
2701 2 2 9 8 1783 2311 1743
2702 2 2 9 8 1064 1491 998
2703 2 2 9 8 698 701 700
2704 2 2 9 8 1244 1999 971
2705 2 2 9 8 1703 1706 1702
2706 2 2 9 8 1787 2196 1786
2707 2 2 9 8 1208 2196 1787
2708 2 2 9 8 301 2329 300
2709 2 2 9 8 1096 1098 1097
2710 2 2 9 8 774 2004 772
2711 2 2 9 8 786 2211 1966
2712 2 2 9 8 73 1852 72
2713 2 2 9 8 74 509 73
2714 2 2 9 8 329 1853 328
2715 2 2 9 8 328 510 327
2716 2 2 9 8 1655 2210 861
2717 2 2 9 8 1449 1873 1447
2718 2 2 9 8 1217 2032 1877
2719 2 2 9 8 1234 2298 1233
2720 2 2 9 8 1320 2116 2115
2721 2 2 9 8 1636 1899 472
2722 2 2 9 8 100 2388 99
2723 2 2 9 8 927 1186 821
2724 2 2 9 8 764 765 763
2725 2 2 9 8 547 558 545
2726 2 2 9 8 769 1961 765
2727 2 2 9 8 773 774 772
2728 2 2 9 8 793 2418 1901
2729 2 2 9 8 898 2118 1481
2730 2 2 9 8 301 2333 2329
2731 2 2 9 8 876 920 824
2732 2 2 9 8 500 2243 2036
2733 2 2 9 8 1320 1878 1097
2734 2 2 9 8 1469 2169 1302
2735 2 2 9 8 2044 2542 1774
2736 2 2 9 8 767 768 765
2737 2 2 9 8 1651 1652 1650
2738 2 2 9 8 861 2047 1647
2739 2 2 9 8 1266 1303 1302
2740 2 2 9 8 713 857 711
2741 2 2 9 8 1567 2179 1565
2742 2 2 9 8 1920 1923 1922
2743 2 2 9 8 1183 2144 412
2744 2 2 9 8 107 1616 406
2745 2 2 9 8 334 2075 1936
2746 2 2 9 8 1631 2421 926
2747 2 2 9 8 83 1932 82
2748 2 2 9 8 319 1933 318
2749 2 2 9 8 1743 2303 1741
2750 2 2 9 8 1057 2548 894
2751 2 2 9 8 1474 1539 1475
2752 2 2 9 8 881 1993 1533
2753 2 2 9 8 1329 2472 2003
2754 2 2 9 8 1583 1973 1972
2755 2 2 9 8 2298 2403 1070
2756 2 2 9 8 849 950 949
2757 2 2 9 8 796 861 798
2758 2 2 9 8 798 799 797
2759 2 2 9 8 1529 2362 1479
2760 2 2 9 8 1864 2029 1770
2761 2 2 9 8 831 1946 846
2762 2 2 9 8 1495 2408 1494
2763 2 2 9 8 1669 1875 1677
2764 2 2 9 8 1356 1917 1365
2765 2 2 9 8 748 1611 744
2766 2 2 9 8 1907 1940 516
2767 2 2 9 8 1028 1386 1026
2768 2 2 9 8 498 2437 1735
2769 2 2 9 8 1781 2437 1780
2770 2 2 9 8 1980 2372 1850
2771 2 2 9 8 702 1650 730
2772 2 2 9 8 72 1852 423
2773 2 2 9 8 1096 1097 921
2774 2 2 9 8 1506 1525 1524
2775 2 2 9 8 700 1651 702
2776 2 2 9 8 714 2008 713
2777 2 2 9 8 1443 2401 1442
2778 2 2 9 8 2003 2013 1170
2779 2 2 9 8 1164 2426 2242
2780 2 2 9 8 696 698 697
2781 2 2 9 8 698 700 699
2782 2 2 9 8 1647 2047 1937
2783 2 2 9 8 425 1853 329
2784 2 2 9 8 95 1572 1504
2785 2 2 9 8 972 2048 979
2786 2 2 9 8 1051 1593 1047
2787 2 2 9 8 762 763 760
2788 2 2 9 8 1056 1104 1059
2789 2 2 9 8 1181 1184 1182
2790 2 2 9 8 2380 2572 1197
2791 2 2 9 8 750 862 752
2792 2 2 9 8 494 2453 1923
2793 2 2 9 8 1853 1854 510
2794 2 2 9 8 1236 1929 1721
2795 2 2 9 8 1125 1659 1123
2796 2 2 9 8 1179 1887 1180
2797 2 2 9 8 785 2121 1169
2798 2 2 9 8 652 654 653
2799 2 2 9 8 1238 1555 1187
2800 2 2 9 8 2236 2237 2235
2801 2 2 9 8 1362 2039 1367
2802 2 2 9 8 725 726 724
2803 2 2 9 8 528 1290 1288
2804 2 2 9 8 1232 2062 594
2805 2 2 9 8 783 784 779
2806 2 2 9 8 1448 2163 2143
2807 2 2 9 8 1341 2470 1340
2808 2 2 9 8 1339 1341 1340
2809 2 2 9 8 1714 1925 1121
2810 2 2 9 8 2329 2330 446
2811 2 2 9 8 1612 2066 1028
2812 2 2 9 8 720 825 717
2813 2 2 9 8 757 758 728
2814 2 2 9 8 467 2541 2108
2815 2 2 9 8 1208 1787 1225
2816 2 2 9 8 1462 1464 1463
2817 2 2 9 8 1048 2278 2257
2818 2 2 9 8 694 696 695
2819 2 2 9 8 1507 1936 1235
2820 2 2 9 8 645 1656 881
2821 2 2 9 8 610 2311 1783
2822 2 2 9 8 1989 2538 1188
2823 2 2 9 8 954 1087 1086
2824 2 2 9 8 708 1882 710
2825 2 2 9 8 711 1882 708
2826 2 2 9 8 1535 1576 1534
2827 2 2 9 8 1699 1889 1114
2828 2 2 9 8 944 1401 1307
2829 2 2 9 8 2457 2536 1476
2830 2 2 9 8 1498 1585 1107
2831 2 2 9 8 790 791 789
2832 2 2 9 8 1671 1918 1670
2833 2 2 9 8 1195 2412 1620
2834 2 2 9 8 114 1989 437
2835 2 2 9 8 553 556 551
2836 2 2 9 8 638 2564 1241
2837 2 2 9 8 1220 1897 1131
2838 2 2 9 8 856 919 918
2839 2 2 9 8 1717 2009 1071
2840 2 2 9 8 658 1895 655
2841 2 2 9 8 420 637 636
2842 2 2 9 8 740 2248 749
2843 2 2 9 8 902 903 901
2844 2 2 9 8 510 1855 327
2845 2 2 9 8 1852 2190 423
2846 2 2 9 8 1313 2350 1755
2847 2 2 9 8 150 1547 448
2848 2 2 9 8 980 2182 1527
2849 2 2 9 8 556 2112 551
2850 2 2 9 8 727 728 726
2851 2 2 9 8 889 892 891
2852 2 2 9 8 1331 2167 1224
2853 2 2 9 8 36 433 35
2854 2 2 9 8 710 2162 1653
2855 2 2 9 8 1622 2223 1637
2856 2 2 9 8 606 2231 1528
2857 2 2 9 8 1087 1243 1175
2858 2 2 9 8 1828 1894 1819
2859 2 2 9 8 1500 1913 1588
2860 2 2 9 8 1200 1286 1005
2861 2 2 9 8 755 1900 922
2862 2 2 9 8 406 1602 1405
2863 2 2 9 8 449 2235 2234
2864 2 2 9 8 944 2481 1402
2865 2 2 9 8 923 1054 1053
2866 2 2 9 8 1271 2282 1633
2867 2 2 9 8 744 1611 746
2868 2 2 9 8 835 1949 781
2869 2 2 9 8 1668 2040 1666
2870 2 2 9 8 1562 2266 1229
2871 2 2 9 8 925 1004 920
2872 2 2 9 8 1395 1884 1099
2873 2 2 9 8 2509 2511 2510
2874 2 2 9 8 1361 1362 1360
2875 2 2 9 8 929 972 971
2876 2 2 9 8 2328 2335 2330
2877 2 2 9 8 1615 2324 1101
2878 2 2 9 8 1207 2034 1205
2879 2 2 9 8 1464 2278 1466
2880 2 2 9 8 1566 2042 1567
2881 2 2 9 8 438 2559 309
2882 2 2 9 8 951 1035 952
2883 2 2 9 8 1367 2039 1538
2884 2 2 9 8 1077 2048 974
2885 2 2 9 8 1463 2401 1443
2886 2 2 9 8 509 1852 73
2887 2 2 9 8 328 1853 510
2888 2 2 9 8 559 1316 1315
2889 2 2 9 8 162 2539 450
2890 2 2 9 8 1276 2535 1610
2891 2 2 9 8 439 2290 2289
2892 2 2 9 8 1339 2071 1344
2893 2 2 9 8 951 952 691
2894 2 2 9 8 300 2329 446
2895 2 2 9 8 734 2240 733
2896 2 2 9 8 552 1954 555
2897 2 2 9 8 1517 1518 1364
2898 2 2 9 8 1007 1898 1704
2899 2 2 9 8 632 2315 1839
2900 2 2 9 8 743 748 744
2901 2 2 9 8 1039 1296 1041
2902 2 2 9 8 2329 2333 2328
2903 2 2 9 8 1725 1898 1007
2904 2 2 9 8 542 1632 611
2905 2 2 9 8 1681 1913 1106
2906 2 2 9 8 1623 2052 854
2907 2 2 9 8 1667 2065 1668
2908 2 2 9 8 1828 1911 1894
2909 2 2 9 8 1242 2333 302
2910 2 2 9 8 877 2317 2241
2911 2 2 9 8 1141 1222 1105
2912 2 2 9 8 1359 1360 1358
2913 2 2 9 8 1450 2119 1165
2914 2 2 9 8 481 2388 100
2915 2 2 9 8 552 555 554
2916 2 2 9 8 912 2422 1829
2917 2 2 9 8 1670 1918 492
2918 2 2 9 8 2017 2178 1577
2919 2 2 9 8 448 1197 150
2920 2 2 9 8 1573 2241 1283
2921 2 2 9 8 35 1892 34
2922 2 2 9 8 37 1868 36
2923 2 2 9 8 407 1196 128
2924 2 2 9 8 199 1230 415
2925 2 2 9 8 739 741 740
2926 2 2 9 8 1083 2160 1082
2927 2 2 9 8 1812 2014 833
2928 2 2 9 8 1023 1824 1245
2929 2 2 9 8 1290 1516 1291
2930 2 2 9 8 564 2542 2044
2931 2 2 9 8 819 1955 814
2932 2 2 9 8 1140 1606 1605
2933 2 2 9 8 1796 2044 1774
2934 2 2 9 8 1304 1605 625
2935 2 2 9 8 174 2407 537
2936 2 2 9 8 1769 2570 1196
2937 2 2 9 8 1594 2502 1493
2938 2 2 9 8 489 2409 337
2939 2 2 9 8 1106 1913 1108
2940 2 2 9 8 1777 2158 503
2941 2 2 9 8 1215 1899 1216
2942 2 2 9 8 1506 2020 1525
2943 2 2 9 8 1078 2399 1390
2944 2 2 9 8 1072 1074 1073
2945 2 2 9 8 1927 2296 2266
2946 2 2 9 8 534 2392 2391
2947 2 2 9 8 826 828 827
2948 2 2 9 8 648 1896 1656
2949 2 2 9 8 1068 1072 1069
2950 2 2 9 8 1705 1848 630
2951 2 2 9 8 1471 2500 518
2952 2 2 9 8 2213 2216 1192
2953 2 2 9 8 1607 1608 647
2954 2 2 9 8 1010 1062 1011
2955 2 2 9 8 1170 1554 1064
2956 2 2 9 8 1218 1219 1162
2957 2 2 9 8 1747 1911 1828
2958 2 2 9 8 1944 2159 523
2959 2 2 9 8 461 1996 75
2960 2 2 9 8 904 905 903
2961 2 2 9 8 494 1188 117
2962 2 2 9 8 741 743 742
2963 2 2 9 8 829 1995 831
2964 2 2 9 8 410 2175 1938
2965 2 2 9 8 867 2553 924
2966 2 2 9 8 2259 2451 153
2967 2 2 9 8 1673 2040 1189
2968 2 2 9 8 662 2040 1673
2969 2 2 9 8 785 1169 856
2970 2 2 9 8 1709 2568 885
2971 2 2 9 8 1482 2515 440
2972 2 2 9 8 1855 2125 460
2973 2 2 9 8 1401 2484 2166
2974 2 2 9 8 818 1937 1875
2975 2 2 9 8 241 2511 240
2976 2 2 9 8 960 2375 1555
2977 2 2 9 8 1790 2138 1595
2978 2 2 9 8 177 533 176
2979 2 2 9 8 1303 1470 1469
2980 2 2 9 8 1272 2282 1271
2981 2 2 9 8 1684 2009 1129
2982 2 2 9 8 189 483 188
2983 2 2 9 8 956 957 950
2984 2 2 9 8 1024 2220 1640
2985 2 2 9 8 91 2217 90
2986 2 2 9 8 1887 2102 925
2987 2 2 9 8 2061 2399 1078
2988 2 2 9 8 792 793 791
2989 2 2 9 8 1432 2104 1430
2990 2 2 9 8 1627 2193 1252
2991 2 2 9 8 546 557 548
2992 2 2 9 8 761 1068 766
2993 2 2 9 8 862 1900 752
2994 2 2 9 8 1640 2220 2199
2995 2 2 9 8 1121 1925 1128
2996 2 2 9 8 531 1932 83
2997 2 2 9 8 318 1933 532
2998 2 2 9 8 1082 2400 1561
2999 2 2 9 8 1470 1660 1469
3000 2 2 9 8 1058 1254 1228
3001 2 2 9 8 1258 2495 1450
3002 2 2 9 8 2358 2414 2399
3003 2 2 9 8 34 515 33
3004 2 2 9 8 38 514 37
3005 2 2 9 8 1418 1419 1417
3006 2 2 9 8 1056 1059 1054
3007 2 2 9 8 1255 2263 1256
3008 2 2 9 8 147 2380 490
3009 2 2 9 8 1862 2229 1863
3010 2 2 9 8 39 1893 38
3011 2 2 9 8 1481 2118 2117
3012 2 2 9 8 1044 1510 1040
3013 2 2 9 8 1454 1455 1453
3014 2 2 9 8 1203 1937 1204
3015 2 2 9 8 1811 1929 1676
3016 2 2 9 8 433 2041 1892
3017 2 2 9 8 1716 2125 1715
3018 2 2 9 8 1502 2005 1842
3019 2 2 9 8 1200 1634 1286
3020 2 2 9 8 1705 2531 1849
3021 2 2 9 8 644 2443 1842
3022 2 2 9 8 1579 2466 1580
3023 2 2 9 8 2006 2197 621
3024 2 2 9 8 582 2442 580
3025 2 2 9 8 1222 2498 2313
3026 2 2 9 8 1842 2005 644
3027 2 2 9 8 439 2288 121
3028 2 2 9 8 695 2064 690
3029 2 2 9 8 1780 2437 498
3030 2 2 9 8 1633 2282 1279
3031 2 2 9 8 1821 2188 1644
3032 2 2 9 8 1759 2099 1805
3033 2 2 9 8 535 2388 2387
3034 2 2 9 8 1827 2101 1489
3035 2 2 9 8 1263 1988 1260
3036 2 2 9 8 715 1535 1534
3037 2 2 9 8 1365 1915 1379
3038 2 2 9 8 1883 2274 1075
3039 2 2 9 8 1247 2212 1249
3040 2 2 9 8 926 2113 1631
3041 2 2 9 8 1456 1919 1400
3042 2 2 9 8 32 1926 31
3043 2 2 9 8 1620 2001 1619
3044 2 2 9 8 633 2146 634
3045 2 2 9 8 648 1656 645
3046 2 2 9 8 1857 1899 1215
3047 2 2 9 8 1515 2374 1599
3048 2 2 9 8 733 2527 729
3049 2 2 9 8 1880 2027 2012
3050 2 2 9 8 1550 2568 1549
3051 2 2 9 8 691 1876 681
3052 2 2 9 8 1474 2250 1539
3053 2 2 9 8 1518 2039 1364
3054 2 2 9 8 1216 2024 1680
3055 2 2 9 8 752 754 751
3056 2 2 9 8 2215 2463 1516
3057 2 2 9 8 605 1144 604
3058 2 2 9 8 1664 2065 930
3059 2 2 9 8 1460 2065 1664
3060 2 2 9 8 722 725 724
3061 2 2 9 8 1277 1279 1275
3062 2 2 9 8 1065 1171 1170
3063 2 2 9 8 635 2230 1734
3064 2 2 9 8 1357 1358 1356
3065 2 2 9 8 1580 2464 1860
3066 2 2 9 8 847 848 832
3067 2 2 9 8 628 1648 617
3068 2 2 9 8 1180 1887 1564
3069 2 2 9 8 1795 2153 1794
3070 2 2 9 8 77 2133 76
3071 2 2 9 8 612 621 613
3072 2 2 9 8 1721 1929 1716
3073 2 2 9 8 1455 2245 2244
3074 2 2 9 8 1705 2318 1706
3075 2 2 9 8 417 529 527
3076 2 2 9 8 1500 1588 1502
3077 2 2 9 8 1520 2225 1521
3078 2 2 9 8 1092 2164 994
3079 2 2 9 8 1104 1105 1059
3080 2 2 9 8 430 2476 270
3081 2 2 9 8 1675 1951 1145
3082 2 2 9 8 833 2015 1812
3083 2 2 9 8 2388 2389 2387
3084 2 2 9 8 524 2219 2070
3085 2 2 9 8 911 912 905
3086 2 2 9 8 1065 1170 1064
3087 2 2 9 8 449 2234 2233
3088 2 2 9 8 1326 1327 969
3089 2 2 9 8 1167 2256 1685
3090 2 2 9 8 1379 2349 1530
3091 2 2 9 8 717 2008 714
3092 2 2 9 8 1189 2324 1110
3093 2 2 9 8 600 604 598
3094 2 2 9 8 619 2197 1612
3095 2 2 9 8 573 576 572
3096 2 2 9 8 1426 2063 2057
3097 2 2 9 8 544 2055 546
3098 2 2 9 8 530 2511 2509
3099 2 2 9 8 336 2025 470
3100 2 2 9 8 824 1969 732
3101 2 2 9 8 925 2102 1004
3102 2 2 9 8 435 1926 1617
3103 2 2 9 8 958 1023 957
3104 2 2 9 8 750 752 751
3105 2 2 9 8 794 795 793
3106 2 2 9 8 1826 2153 1827
3107 2 2 9 8 924 980 945
3108 2 2 9 8 1875 1937 1203
3109 2 2 9 8 1914 1945 812
3110 2 2 9 8 1185 2186 1220
3111 2 2 9 8 1471 2306 1971
3112 2 2 9 8 1366 2325 1865
3113 2 2 9 8 584 1879 587
3114 2 2 9 8 1827 2165 1820
3115 2 2 9 8 1489 2165 1827
3116 2 2 9 8 1019 2220 1024
3117 2 2 9 8 1089 2079 1002
3118 2 2 9 8 1429 2471 1604
3119 2 2 9 8 1132 1309 1133
3120 2 2 9 8 1974 2090 477
3121 2 2 9 8 1680 2086 1193
3122 2 2 9 8 827 1299 1168
3123 2 2 9 8 1599 1938 1371
3124 2 2 9 8 1527 2222 980
3125 2 2 9 8 1004 1199 1005
3126 2 2 9 8 923 1053 879
3127 2 2 9 8 1358 1917 1356
3128 2 2 9 8 1004 1005 920
3129 2 2 9 8 608 1232 594
3130 2 2 9 8 571 572 569
3131 2 2 9 8 74 1996 509
3132 2 2 9 8 1182 1528 1183
3133 2 2 9 8 826 827 825
3134 2 2 9 8 1058 1226 1003
3135 2 2 9 8 878 968 880
3136 2 2 9 8 1333 2071 1336
3137 2 2 9 8 1210 2210 1655
3138 2 2 9 8 568 570 569
3139 2 2 9 8 1178 2116 1320
3140 2 2 9 8 1505 1506 1044
3141 2 2 9 8 1732 2081 531
3142 2 2 9 8 1316 1443 1442
3143 2 2 9 8 454 2188 1821
3144 2 2 9 8 632 2539 2315
3145 2 2 9 8 1945 2356 1317
3146 2 2 9 8 1636 2024 1899
3147 2 2 9 8 2011 2113 926
3148 2 2 9 8 1193 2147 1185
3149 2 2 9 8 536 2465 222
3150 2 2 9 8 1224 2167 1517
3151 2 2 9 8 1588 2274 1502
3152 2 2 9 8 920 1969 824
3153 2 2 9 8 115 1989 114
3154 2 2 9 8 1475 2079 1089
3155 2 2 9 8 1414 1431 1430
3156 2 2 9 8 867 924 868
3157 2 2 9 8 1763 2188 1768
3158 2 2 9 8 409 2314 2135
3159 2 2 9 8 962 963 912
3160 2 2 9 8 2562 2563 1833
3161 2 2 9 8 2561 2563 2562
3162 2 2 9 8 2195 2373 561
3163 2 2 9 8 592 593 591
3164 2 2 9 8 139 2368 421
3165 2 2 9 8 422 1285 105
3166 2 2 9 8 1823 2528 1273
3167 2 2 9 8 613 615 430
3168 2 2 9 8 1287 2261 527
3169 2 2 9 8 1206 2210 1210
3170 2 2 9 8 945 1003 868
3171 2 2 9 8 772 2004 775
3172 2 2 9 8 1930 2360 2205
3173 2 2 9 8 583 584 582
3174 2 2 9 8 133 2230 417
3175 2 2 9 8 1734 2230 134
3176 2 2 9 8 542 611 544
3177 2 2 9 8 2100 2204 1540
3178 2 2 9 8 96 1436 441
3179 2 2 9 8 2031 2036 2032
3180 2 2 9 8 2194 2463 567
3181 2 2 9 8 1862 1863 1861
3182 2 2 9 8 1442 1903 1540
3183 2 2 9 8 579 580 578
3184 2 2 9 8 1223 2049 1222
3185 2 2 9 8 782 927 821
3186 2 2 9 8 1172 2141 1611
3187 2 2 9 8 1488 2556 1997
3188 2 2 9 8 1937 2047 1204
3189 2 2 9 8 796 797 795
3190 2 2 9 8 1705 1849 1848
3191 2 2 9 8 713 1990 857
3192 2 2 9 8 1435 1964 1940
3193 2 2 9 8 1920 1922 1921
3194 2 2 9 8 1430 2460 1415
3195 2 2 9 8 1509 1613 1171
3196 2 2 9 8 1802 1997 1803
3197 2 2 9 8 471 2444 1622
3198 2 2 9 8 4 2354 81
3199 2 2 9 8 320 2355 1
3200 2 2 9 8 1597 2083 1306
3201 2 2 9 8 82 2354 4
3202 2 2 9 8 1 2355 319
3203 2 2 9 8 750 751 748
3204 2 2 9 8 1934 2456 1349
3205 2 2 9 8 752 755 754
3206 2 2 9 8 502 2508 2184
3207 2 2 9 8 1823 2265 1965
3208 2 2 9 8 1374 1952 1846
3209 2 2 9 8 1755 2350 1752
3210 2 2 9 8 479 1983 1908
3211 2 2 9 8 770 773 772
3212 2 2 9 8 1151 2308 1662
3213 2 2 9 8 1427 2058 2057
3214 2 2 9 8 1065 1509 1171
3215 2 2 9 8 681 1902 679
3216 2 2 9 8 1286 1969 1005
3217 2 2 9 8 1892 2041 1960
3218 2 2 9 8 749 2126 738
3219 2 2 9 8 1379 2381 2349
3220 2 2 9 8 830 833 828
3221 2 2 9 8 406 1869 1602
3222 2 2 9 8 78 2267 77
3223 2 2 9 8 1199 1200 1005
3224 2 2 9 8 895 2347 977
3225 2 2 9 8 1213 2420 1548
3226 2 2 9 8 803 2558 907
3227 2 2 9 8 834 2558 805
3228 2 2 9 8 684 2366 1460
3229 2 2 9 8 431 2217 91
3230 2 2 9 8 28 1940 27
3231 2 2 9 8 1076 2402 1077
3232 2 2 9 8 641 642 640
3233 2 2 9 8 643 645 642
3234 2 2 9 8 581 582 580
3235 2 2 9 8 31 435 30
3236 2 2 9 8 484 2342 1732
3237 2 2 9 8 1071 2009 1684
3238 2 2 9 8 719 1910 722
3239 2 2 9 8 764 767 765
3240 2 2 9 8 75 1996 74
3241 2 2 9 8 646 648 645
3242 2 2 9 8 778 783 779
3243 2 2 9 8 41 434 40
3244 2 2 9 8 1873 2459 2202
3245 2 2 9 8 1029 1928 959
3246 2 2 9 8 1151 2473 993
3247 2 2 9 8 626 630 624
3248 2 2 9 8 892 896 893
3249 2 2 9 8 787 790 789
3250 2 2 9 8 944 1307 864
3251 2 2 9 8 429 2471 1921
3252 2 2 9 8 1262 1858 1266
3253 2 2 9 8 1642 2177 2176
3254 2 2 9 8 2176 2177 1766
3255 2 2 9 8 2064 2255 1214
3256 2 2 9 8 959 960 882
3257 2 2 9 8 631 1705 630
3258 2 2 9 8 470 2312 335
3259 2 2 9 8 1661 2024 1636
3260 2 2 9 8 1899 2024 1216
3261 2 2 9 8 762 764 763
3262 2 2 9 8 126 2570 1769
3263 2 2 9 8 1860 1861 1859
3264 2 2 9 8 1269 1392 1267
3265 2 2 9 8 1713 2249 509
3266 2 2 9 8 865 1570 776
3267 2 2 9 8 755 879 878
3268 2 2 9 8 1657 2142 1244
3269 2 2 9 8 919 2142 1657
3270 2 2 9 8 796 798 797
3271 2 2 9 8 1565 2076 1563
3272 2 2 9 8 490 2378 2236
3273 2 2 9 8 1125 2035 1659
3274 2 2 9 8 651 664 649
3275 2 2 9 8 622 1575 575
3276 2 2 9 8 1171 2003 1170
3277 2 2 9 8 433 1892 35
3278 2 2 9 8 36 1868 433
3279 2 2 9 8 705 2115 756
3280 2 2 9 8 445 1936 1507
3281 2 2 9 8 1788 2377 427
3282 2 2 9 8 1782 2016 609
3283 2 2 9 8 756 2178 707
3284 2 2 9 8 639 640 638
3285 2 2 9 8 996 1318 1240
3286 2 2 9 8 2006 2007 1844
3287 2 2 9 8 827 1168 825
3288 2 2 9 8 540 1632 542
3289 2 2 9 8 1511 1748 1373
3290 2 2 9 8 1571 2414 2358
3291 2 2 9 8 553 2002 556
3292 2 2 9 8 1512 2136 1894
3293 2 2 9 8 1894 2136 1819
3294 2 2 9 8 1011 2059 2026
3295 2 2 9 8 897 900 899
3296 2 2 9 8 1825 2276 1818
3297 2 2 9 8 737 926 739
3298 2 2 9 8 1427 2057 1433
3299 2 2 9 8 30 1941 29
3300 2 2 9 8 1056 2045 1104
3301 2 2 9 8 1848 2094 601
3302 2 2 9 8 907 2558 1614
3303 2 2 9 8 1771 2454 1230
3304 2 2 9 8 1199 1995 1200
3305 2 2 9 8 1871 2455 1289
3306 2 2 9 8 42 1927 41
3307 2 2 9 8 1351 2270 1646
3308 2 2 9 8 1580 1859 1348
3309 2 2 9 8 752 1900 755
3310 2 2 9 8 650 652 651
3311 2 2 9 8 927 1187 1186
3312 2 2 9 8 2105 2345 526
3313 2 2 9 8 1082 1561 1080
3314 2 2 9 8 2436 2441 2438
3315 2 2 9 8 2186 2242 1220
3316 2 2 9 8 528 2440 1290
3317 2 2 9 8 462 2424 237
3318 2 2 9 8 1947 1948 1454
3319 2 2 9 8 773 778 774
3320 2 2 9 8 743 750 748
3321 2 2 9 8 1317 2418 1945
3322 2 2 9 8 1157 1159 414
3323 2 2 9 8 1662 2473 1151
3324 2 2 9 8 1054 2001 1053
3325 2 2 9 8 1312 2425 1834
3326 2 2 9 8 2288 2289 2287
3327 2 2 9 8 439 2289 2288
3328 2 2 9 8 825 2008 717
3329 2 2 9 8 755 878 754
3330 2 2 9 8 535 2387 2386
3331 2 2 9 8 2351 2461 1424
3332 2 2 9 8 1812 2015 1141
3333 2 2 9 8 702 1651 1650
3334 2 2 9 8 94 418 3
3335 2 2 9 8 646 650 649
3336 2 2 9 8 1353 1354 1352
3337 2 2 9 8 29 516 28
3338 2 2 9 8 687 1143 689
3339 2 2 9 8 1005 1969 920
3340 2 2 9 8 619 941 620
3341 2 2 9 8 652 653 651
3342 2 2 9 8 906 2360 1930
3343 2 2 9 8 33 2060 32
3344 2 2 9 8 1096 1912 1098
3345 2 2 9 8 1542 1556 1184
3346 2 2 9 8 1656 2264 1386
3347 2 2 9 8 1266 1858 1303
3348 2 2 9 8 1666 2040 662
3349 2 2 9 8 1371 1938 1372
3350 2 2 9 8 574 614 575
3351 2 2 9 8 43 519 42
3352 2 2 9 8 1898 2027 1704
3353 2 2 9 8 27 1964 26
3354 2 2 9 8 1450 2267 2119
3355 2 2 9 8 1717 2520 2009
3356 2 2 9 8 2024 2086 1680
3357 2 2 9 8 941 1026 942
3358 2 2 9 8 1144 1939 1331
3359 2 2 9 8 701 2115 705
3360 2 2 9 8 1105 1619 1059
3361 2 2 9 8 679 683 680
3362 2 2 9 8 2315 2539 162
3363 2 2 9 8 1087 1255 1243
3364 2 2 9 8 712 2017 715
3365 2 2 9 8 1622 2444 2223
3366 2 2 9 8 2020 2257 1465
3367 2 2 9 8 272 2096 612
3368 2 2 9 8 546 2055 557
3369 2 2 9 8 20 1983 19
3370 2 2 9 8 1039 1041 1037
3371 2 2 9 8 1849 2433 2094
3372 2 2 9 8 1650 2011 735
3373 2 2 9 8 2150 2219 524
3374 2 2 9 8 1530 2349 2177
3375 2 2 9 8 1204 2047 1206
3376 2 2 9 8 1505 2257 2020
3377 2 2 9 8 1059 2001 1054
3378 2 2 9 8 616 619 618
3379 2 2 9 8 407 1864 1770
3380 2 2 9 8 693 694 690
3381 2 2 9 8 465 2097 2096
3382 2 2 9 8 17 1975 16
3383 2 2 9 8 1738 2044 1796
3384 2 2 9 8 974 2048 972
3385 2 2 9 8 2147 2186 1185
3386 2 2 9 8 1229 2296 1305
3387 2 2 9 8 51 2090 50
3388 2 2 9 8 152 2451 416
3389 2 2 9 8 302 2333 301
3390 2 2 9 8 637 638 636
3391 2 2 9 8 942 1140 620
3392 2 2 9 8 1555 2211 1458
3393 2 2 9 8 1290 1291 1288
3394 2 2 9 8 2263 2494 1139
3395 2 2 9 8 54 1972 53
3396 2 2 9 8 284 2108 1558
3397 2 2 9 8 1290 2440 2435
3398 2 2 9 8 1002 2079 943
3399 2 2 9 8 50 1991 49
3400 2 2 9 8 616 617 615
3401 2 2 9 8 2524 2525 2523
3402 2 2 9 8 1205 2034 1851
3403 2 2 9 8 968 1150 1085
3404 2 2 9 8 625 1605 647
3405 2 2 9 8 614 623 622
3406 2 2 9 8 34 1892 515
3407 2 2 9 8 514 1868 37
3408 2 2 9 8 2086 2147 1193
3409 2 2 9 8 1454 2245 1455
3410 2 2 9 8 44 1943 43
3411 2 2 9 8 767 1998 768
3412 2 2 9 8 876 2114 925
3413 2 2 9 8 150 1197 149
3414 2 2 9 8 689 690 688
3415 2 2 9 8 606 2295 1618
3416 2 2 9 8 2387 2389 2384
3417 2 2 9 8 924 945 868
3418 2 2 9 8 481 2391 2390
3419 2 2 9 8 128 1196 127
3420 2 2 9 8 623 625 624
3421 2 2 9 8 1058 1228 1226
3422 2 2 9 8 1072 1073 1069
3423 2 2 9 8 1450 2495 2133
3424 2 2 9 8 2137 2139 2138
3425 2 2 9 8 1068 1069 766
3426 2 2 9 8 952 1876 691
3427 2 2 9 8 1025 1198 1096
3428 2 2 9 8 1187 2375 1186
3429 2 2 9 8 643 2128 1883
3430 2 2 9 8 727 867 757
3431 2 2 9 8 945 1058 1003
3432 2 2 9 8 1159 1844 414
3433 2 2 9 8 1383 2231 1382
3434 2 2 9 8 753 2405 1514
3435 2 2 9 8 571 574 573
3436 2 2 9 8 790 792 791
3437 2 2 9 8 1361 1364 1362
3438 2 2 9 8 1109 2255 1167
3439 2 2 9 8 2438 2440 2439
3440 2 2 9 8 628 1649 1648
3441 2 2 9 8 200 1230 199
3442 2 2 9 8 725 727 726
3443 2 2 9 8 625 647 626
3444 2 2 9 8 1148 1957 1593
3445 2 2 9 8 18 1986 17
3446 2 2 9 8 442 2159 1944
3447 2 2 9 8 1098 2395 1527
3448 2 2 9 8 53 1973 52
3449 2 2 9 8 21 1984 20
3450 2 2 9 8 1127 2035 1125
3451 2 2 9 8 1400 2455 1326
3452 2 2 9 8 1048 1505 1045
3453 2 2 9 8 693 1025 921
3454 2 2 9 8 503 2158 165
3455 2 2 9 8 1173 2101 2078
3456 2 2 9 8 849 949 848
3457 2 2 9 8 1445 2029 1864
3458 2 2 9 8 45 442 44
3459 2 2 9 8 2136 2137 1790
3460 2 2 9 8 618 628 617
3461 2 2 9 8 1661 2086 2024
3462 2 2 9 8 1513 2022 2021
3463 2 2 9 8 2021 2022 1512
3464 2 2 9 8 1359 1361 1360
3465 2 2 9 8 445 1507 1234
3466 2 2 9 8 867 868 757
3467 2 2 9 8 26 436 25
3468 2 2 9 8 1296 1297 1041
3469 2 2 9 8 2163 2172 1777
3470 2 2 9 8 1085 2216 1154
3471 2 2 9 8 930 2065 1667
3472 2 2 9 8 62 1553 517
3473 2 2 9 8 1755 2425 1313
3474 2 2 9 8 1399 2423 2069
3475 2 2 9 8 38 1893 514
3476 2 2 9 8 57 521 56
3477 2 2 9 8 727 757 728
3478 2 2 9 8 1846 2561 1374
3479 2 2 9 8 1514 2405 1393
3480 2 2 9 8 14 522 13
3481 2 2 9 8 1927 2266 434
3482 2 2 9 8 1154 2213 1568
3483 2 2 9 8 701 2161 2115
3484 2 2 9 8 2366 2367 1460
3485 2 2 9 8 56 1968 55
3486 2 2 9 8 605 1872 1144
3487 2 2 9 8 25 1965 24
3488 2 2 9 8 856 918 854
3489 2 2 9 8 15 1970 14
3490 2 2 9 8 1191 2081 1190
3491 2 2 9 8 1344 1345 1341
3492 2 2 9 8 55 478 54
3493 2 2 9 8 581 601 583
3494 2 2 9 8 1367 1538 1515
3495 2 2 9 8 436 2528 1823
3496 2 2 9 8 16 480 15
3497 2 2 9 8 47 523 46
3498 2 2 9 8 1290 2215 1516
3499 2 2 9 8 608 1293 1292
3500 2 2 9 8 1236 2448 1929
3501 2 2 9 8 1878 2161 696
3502 2 2 9 8 24 520 23
3503 2 2 9 8 1802 2165 1997
3504 2 2 9 8 52 477 51
3505 2 2 9 8 19 479 18
3506 2 2 9 8 1892 1960 515
3507 2 2 9 8 608 1292 1232
3508 2 2 9 8 1516 1890 1291
3509 2 2 9 8 1431 1904 1432
3510 2 2 9 8 900 902 901
3511 2 2 9 8 571 573 572
3512 2 2 9 8 889 2098 892
3513 2 2 9 8 48 1976 47
3514 2 2 9 8 596 600 598
3515 2 2 9 8 1567 2251 2179
3516 2 2 9 8 1951 2220 1145
3517 2 2 9 8 1220 2426 1897
3518 2 2 9 8 832 2088 830
3519 2 2 9 8 1259 2458 1261
3520 2 2 9 8 23 1981 22
3521 2 2 9 8 1461 1462 1443
3522 2 2 9 8 1172 2059 1011
3523 2 2 9 8 2156 2300 721
3524 2 2 9 8 612 2096 621
3525 2 2 9 8 866 2247 964
3526 2 2 9 8 648 2449 1896
3527 2 2 9 8 161 495 160
3528 2 2 9 8 607 2012 608
3529 2 2 9 8 613 616 615
3530 2 2 9 8 49 443 48
3531 2 2 9 8 63 2221 1553
3532 2 2 9 8 22 444 21
3533 2 2 9 8 792 794 793
3534 2 2 9 8 1025 1096 921
3535 2 2 9 8 161 1885 495
3536 2 2 9 8 1747 2417 1911
3537 2 2 9 8 1168 2008 825
3538 2 2 9 8 1440 2190 1551
3539 2 2 9 8 968 1195 1150
3540 2 2 9 8 1329 2154 1127
3541 2 2 9 8 2122 2309 538
3542 2 2 9 8 1217 1877 413
3543 2 2 9 8 646 649 648
3544 2 2 9 8 1920 1921 1429
3545 2 2 9 8 485 2086 1661
3546 2 2 9 8 1337 2168 1579
3547 2 2 9 8 634 1609 1217
3548 2 2 9 8 1069 1381 766
3549 2 2 9 8 643 646 645
3550 2 2 9 8 1153 2403 2000
3551 2 2 9 8 1631 2113 1630
3552 2 2 9 8 550 1954 552
3553 2 2 9 8 641 643 642
3554 2 2 9 8 1531 2349 415
3555 2 2 9 8 634 1217 413
3556 2 2 9 8 1412 1417 1416
3557 2 2 9 8 90 2082 89
3558 2 2 9 8 1095 2574 1384
3559 2 2 9 8 1365 1916 1915
3560 2 2 9 8 415 2381 199
3561 2 2 9 8 463 2511 241
3562 2 2 9 8 1357 1359 1358
3563 2 2 9 8 1635 1957 1148
3564 2 2 9 8 761 762 760
3565 2 2 9 8 929 971 928
3566 2 2 9 8 583 585 584
3567 2 2 9 8 764 869 767
3568 2 2 9 8 957 2091 950
3569 2 2 9 8 1333 2445 2071
3570 2 2 9 8 592 607 594
3571 2 2 9 8 1954 1959 1518
3572 2 2 9 8 1050 1454 1453
3573 2 2 9 8 639 641 640
3574 2 2 9 8 650 651 649
3575 2 2 9 8 626 631 630
3576 2 2 9 8 902 904 903
3577 2 2 9 8 843 2093 1709
3578 2 2 9 8 1544 2095 1543
3579 2 2 9 8 600 605 604
3580 2 2 9 8 783 2052 784
3581 2 2 9 8 759 2273 761
3582 2 2 9 8 589 592 591
3583 2 2 9 8 614 622 575
3584 2 2 9 8 1896 2264 1656
3585 2 2 9 8 1426 2198 2063
3586 2 2 9 8 961 2566 1095
3587 2 2 9 8 778 785 783
3588 2 2 9 8 515 2060 33
3589 2 2 9 8 967 2059 1568
3590 2 2 9 8 707 2178 709
3591 2 2 9 8 1590 2317 877
3592 2 2 9 8 2414 2415 2336
3593 2 2 9 8 1301 2152 1908
3594 2 2 9 8 1289 2455 2054
3595 2 2 9 8 1170 2013 1554
3596 2 2 9 8 693 921 694
3597 2 2 9 8 1101 2367 2366
3598 2 2 9 8 759 760 703
3599 2 2 9 8 1528 2526 1183
3600 2 2 9 8 785 854 783
3601 2 2 9 8 1195 1459 1150
3602 2 2 9 8 869 928 767
3603 2 2 9 8 860 2098 889
3604 2 2 9 8 630 2072 624
3605 2 2 9 8 1882 2180 710
3606 2 2 9 8 148 2380 147
3607 2 2 9 8 422 2460 2104
3608 2 2 9 8 1930 2205 1420
3609 2 2 9 8 794 796 795
3610 2 2 9 8 557 2374 1538
3611 2 2 9 8 1872 1939 1144
3612 2 2 9 8 1026 1027 942
3613 2 2 9 8 1297 1298 1041
3614 2 2 9 8 1237 1238 1187
3615 2 2 9 8 1635 2195 537
3616 2 2 9 8 1866 2421 1631
3617 2 2 9 8 581 583 582
3618 2 2 9 8 585 1879 584
3619 2 2 9 8 722 1910 725
3620 2 2 9 8 1302 2275 2152
3621 2 2 9 8 625 626 624
3622 2 2 9 8 574 575 573
3623 2 2 9 8 927 1237 1187
3624 2 2 9 8 32 2060 1926
3625 2 2 9 8 592 594 593
3626 2 2 9 8 518 1467 339
3627 2 2 9 8 1377 2501 2445
3628 2 2 9 8 542 544 543
3629 2 2 9 8 614 2185 623
3630 2 2 9 8 768 1962 770
3631 2 2 9 8 830 2088 833
3632 2 2 9 8 1805 2099 487
3633 2 2 9 8 1004 2102 1328
3634 2 2 9 8 785 856 854
3635 2 2 9 8 1407 1410 1409
3636 2 2 9 8 1969 2156 732
3637 2 2 9 8 1599 2151 1938
3638 2 2 9 8 761 766 762
3639 2 2 9 8 1552 2249 1713
3640 2 2 9 8 1252 2254 1134
3641 2 2 9 8 759 761 760
3642 2 2 9 8 2065 2367 1668
3643 2 2 9 8 941 942 620
3644 2 2 9 8 440 1385 68
3645 2 2 9 8 542 543 541
3646 2 2 9 8 1419 1421 1420
3647 2 2 9 8 623 624 622
3648 2 2 9 8 448 1547 1486
3649 2 2 9 8 545 1906 543
3650 2 2 9 8 619 620 618
3651 2 2 9 8 1345 1856 1347
3652 2 2 9 8 877 2241 875
3653 2 2 9 8 689 693 690
3654 2 2 9 8 1293 1294 1292
3655 2 2 9 8 904 911 905
3656 2 2 9 8 573 2074 576
3657 2 2 9 8 1280 2533 1277
3658 2 2 9 8 827 2014 1299
3659 2 2 9 8 828 2014 827
3660 2 2 9 8 1733 1961 1298
3661 2 2 9 8 544 545 543
3662 2 2 9 8 869 929 928
3663 2 2 9 8 1428 2343 1411
3664 2 2 9 8 929 2398 973
3665 2 2 9 8 949 1310 848
3666 2 2 9 8 687 688 686
3667 2 2 9 8 2443 2554 1842
3668 2 2 9 8 333 1936 445
3669 2 2 9 8 560 2050 1748
3670 2 2 9 8 576 579 578
3671 2 2 9 8 1434 2565 1536
3672 2 2 9 8 579 581 580
3673 2 2 9 8 554 703 553
3674 2 2 9 8 1572 1594 1504
3675 2 2 9 8 117 1188 116
3676 2 2 9 8 962 997 963
3677 2 2 9 8 1288 1289 1287
3678 2 2 9 8 456 2363 1874
3679 2 2 9 8 2157 2467 2134
3680 2 2 9 8 197 2051 560
3681 2 2 9 8 1474 1475 1089
3682 2 2 9 8 1553 2221 1245
3683 2 2 9 8 792 870 794
3684 2 2 9 8 959 1928 960
3685 2 2 9 8 1165 2119 1682
3686 2 2 9 8 1169 2142 856
3687 2 2 9 8 554 759 703
3688 2 2 9 8 607 608 594
3689 2 2 9 8 841 2018 844
3690 2 2 9 8 841 844 843
3691 2 2 9 8 1297 1733 1298
3692 2 2 9 8 528 1287 527
3693 2 2 9 8 1575 2074 575
3694 2 2 9 8 1715 2125 1717
3695 2 2 9 8 616 618 617
3696 2 2 9 8 2379 2468 2209
3697 2 2 9 8 1235 2075 1198
3698 2 2 9 8 2009 2520 1854
3699 2 2 9 8 1267 1988 1263
3700 2 2 9 8 1876 1902 681
3701 2 2 9 8 1929 2448 1676
3702 2 2 9 8 115 2538 1989
3703 2 2 9 8 735 2011 737
3704 2 2 9 8 715 2017 1535
3705 2 2 9 8 544 546 545
3706 2 2 9 8 58 1967 57
3707 2 2 9 8 615 2476 430
3708 2 2 9 8 31 1926 435
3709 2 2 9 8 546 547 545
3710 2 2 9 8 966 2019 836
3711 2 2 9 8 908 966 836
3712 2 2 9 8 639 644 641
3713 2 2 9 8 1361 1366 1364
3714 2 2 9 8 1066 2214 1155
3715 2 2 9 8 894 2548 847
3716 2 2 9 8 688 1615 686
3717 2 2 9 8 2491 2492 2489
3718 2 2 9 8 1080 1992 1029
3719 2 2 9 8 510 2520 1855
3720 2 2 9 8 2022 2480 1512
3721 2 2 9 8 1354 1357 1356
3722 2 2 9 8 1393 2405 736
3723 2 2 9 8 1246 2227 1248
3724 2 2 9 8 46 2159 45
3725 2 2 9 8 911 962 912
3726 2 2 9 8 2268 2269 1807
3727 2 2 9 8 784 1987 787
3728 2 2 9 8 1613 2154 1171
3729 2 2 9 8 1010 1011 909
3730 2 2 9 8 1843 2554 1008
3731 2 2 9 8 1643 1646 1532
3732 2 2 9 8 861 2210 2047
3733 2 2 9 8 552 553 551
3734 2 2 9 8 2041 2251 1567
3735 2 2 9 8 1619 2001 1059
3736 2 2 9 8 1053 2080 879
3737 2 2 9 8 1811 2544 1929
3738 2 2 9 8 2063 2198 1758
3739 2 2 9 8 485 2147 2086
3740 2 2 9 8 1704 2531 1706
3741 2 2 9 8 687 689 688
3742 2 2 9 8 2069 2194 408
3743 2 2 9 8 1462 1465 1464
3744 2 2 9 8 1405 1407 1406
3745 2 2 9 8 1366 1517 1364
3746 2 2 9 8 552 554 553
3747 2 2 9 8 1918 2119 492
3748 2 2 9 8 1318 1526 1240
3749 2 2 9 8 698 2161 701
3750 2 2 9 8 1198 1912 1096
3751 2 2 9 8 2111 2541 467
3752 2 2 9 8 548 549 547
3753 2 2 9 8 1319 2400 1391
3754 2 2 9 8 928 1998 767
3755 2 2 9 8 550 551 549
3756 2 2 9 8 2399 2414 1390
3757 2 2 9 8 683 684 680
3758 2 2 9 8 1286 2156 1969
3759 2 2 9 8 1506 1524 1510
3760 2 2 9 8 546 548 547
3761 2 2 9 8 1861 2369 1334
3762 2 2 9 8 528 1288 1287
3763 2 2 9 8 1506 1510 1044
3764 2 2 9 8 76 2133 461
3765 2 2 9 8 550 552 551
3766 2 2 9 8 608 2012 1293
3767 2 2 9 8 1357 1508 1359
3768 2 2 9 8 1819 2136 1790
3769 2 2 9 8 1179 2102 1887
3770 2 2 9 8 570 571 569
3771 2 2 9 8 234 2268 233
3772 2 2 9 8 406 1308 107
3773 2 2 9 8 1829 2422 1431
3774 2 2 9 8 1527 2182 1178
3775 2 2 9 8 664 2449 649
3776 2 2 9 8 1339 1344 1341
3777 2 2 9 8 1353 1909 1354
3778 2 2 9 8 999 1065 1064
3779 2 2 9 8 1948 2245 1454
3780 2 2 9 8 732 2156 723
3781 2 2 9 8 1896 2449 1521
3782 2 2 9 8 637 639 638
3783 2 2 9 8 548 550 549
3784 2 2 9 8 879 2080 878
3785 2 2 9 8 1818 2143 1776
3786 2 2 9 8 530 2492 2491
3787 2 2 9 8 996 1239 896
3788 2 2 9 8 696 2161 698
3789 2 2 9 8 437 2534 1758
3790 2 2 9 8 2077 2078 1396
3791 2 2 9 8 1397 2078 2077
3792 2 2 9 8 1731 2147 485
3793 2 2 9 8 1958 2536 566
3794 2 2 9 8 848 2088 832
3795 2 2 9 8 547 2447 558
3796 2 2 9 8 996 2098 1318
3797 2 2 9 8 1668 2367 2323
3798 2 2 9 8 796 2357 861
3799 2 2 9 8 2143 2163 1776
3800 2 2 9 8 1491 2432 1493
3801 2 2 9 8 237 2493 462
3802 2 2 9 8 423 1942 71
3803 2 2 9 8 1473 2281 1403
3804 2 2 9 8 1350 1353 1352
3805 2 2 9 8 1299 2200 1168
3806 2 2 9 8 741 2421 1866
3807 2 2 9 8 1925 2223 1128
3808 2 2 9 8 718 2569 720
3809 2 2 9 8 585 1880 1879
3810 2 2 9 8 1505 2020 1506
3811 2 2 9 8 2099 2203 487
3812 2 2 9 8 897 2103 900
3813 2 2 9 8 1555 2375 1187
3814 2 2 9 8 1029 1992 1928
3815 2 2 9 8 833 2014 828
3816 2 2 9 8 590 2445 1333
3817 2 2 9 8 856 2142 919
3818 2 2 9 8 2386 2393 1436
3819 2 2 9 8 1261 2458 2038
3820 2 2 9 8 998 2502 963
3821 2 2 9 8 1863 2369 1861
3822 2 2 9 8 2127 2307 1077
3823 2 2 9 8 971 1999 928
3824 2 2 9 8 1167 1685 1001
3825 2 2 9 8 1492 2432 1491
3826 2 2 9 8 737 2011 926
3827 2 2 9 8 526 2345 119
3828 2 2 9 8 770 1962 773
3829 2 2 9 8 566 2503 1958
3830 2 2 9 8 1638 2223 1925
3831 2 2 9 8 1466 2411 1601
3832 2 2 9 8 1419 1420 1417
3833 2 2 9 8 892 996 896
3834 2 2 9 8 1240 1317 1239
3835 2 2 9 8 1148 1593 1051
3836 2 2 9 8 1794 2153 1826
3837 2 2 9 8 777 2033 782
3838 2 2 9 8 703 2002 553
3839 2 2 9 8 1254 2573 1228
3840 2 2 9 8 1776 2163 1777
3841 2 2 9 8 2032 2036 1877
3842 2 2 9 8 1461 1978 1462
3843 2 2 9 8 1540 2204 1315
3844 2 2 9 8 2281 2360 906
3845 2 2 9 8 1037 2028 865
3846 2 2 9 8 2428 2429 538
3847 2 2 9 8 994 2164 1151
3848 2 2 9 8 1924 2415 486
3849 2 2 9 8 1316 1461 1443
3850 2 2 9 8 481 2389 2388
3851 2 2 9 8 1782 2203 2016
3852 2 2 9 8 2016 2203 1603
3853 2 2 9 8 1168 2200 1990
3854 2 2 9 8 900 1021 902
3855 2 2 9 8 928 1999 1998
3856 2 2 9 8 577 2183 1888
3857 2 2 9 8 2456 2457 1476
3858 2 2 9 8 1075 2450 1830
3859 2 2 9 8 1394 2307 2127
3860 2 2 9 8 1820 2165 1802
3861 2 2 9 8 1344 1956 1345
3862 2 2 9 8 2237 2496 2234
3863 2 2 9 8 1364 2039 1362
3864 2 2 9 8 1873 2202 409
3865 2 2 9 8 768 1998 1962
3866 2 2 9 8 2464 2465 536
3867 2 2 9 8 1269 2107 1392
3868 2 2 9 8 950 2091 949
3869 2 2 9 8 1392 1988 1267
3870 2 2 9 8 2137 2138 1790
3871 2 2 9 8 1023 1245 1149
3872 2 2 9 8 911 1067 962
3873 2 2 9 8 2109 2541 2540
3874 2 2 9 8 1995 2131 1200
3875 2 2 9 8 1929 2544 1716
3876 2 2 9 8 1990 2254 857
3877 2 2 9 8 1110 2324 1615
3878 2 2 9 8 1851 2140 1201
3879 2 2 9 8 1682 2119 1918
3880 2 2 9 8 1099 1397 1395
3881 2 2 9 8 1128 2444 1584
3882 2 2 9 8 435 1941 30
3883 2 2 9 8 527 529 528
3884 2 2 9 8 787 1987 790
3885 2 2 9 8 1282 2284 1982
3886 2 2 9 8 1897 2448 1236
3887 2 2 9 8 1890 2574 1095
3888 2 2 9 8 1271 2107 1269
3889 2 2 9 8 1242 2337 2333
3890 2 2 9 8 686 1615 1101
3891 2 2 9 8 1765 2176 1766
3892 2 2 9 8 341 2306 1471
3893 2 2 9 8 1632 2151 611
3894 2 2 9 8 2417 2567 1911
3895 2 2 9 8 1891 2089 1408
3896 2 2 9 8 41 1927 434
3897 2 2 9 8 59 1211 58
3898 2 2 9 8 12 1212 11
3899 2 2 9 8 996 1240 1239
3900 2 2 9 8 693 2067 1025
3901 2 2 9 8 924 2553 1061
3902 2 2 9 8 1628 2180 1627
3903 2 2 9 8 1672 2426 1164
3904 2 2 9 8 747 2199 1951
3905 2 2 9 8 896 2103 897
3906 2 2 9 8 1142 2214 1066
3907 2 2 9 8 2003 2154 1329
3908 2 2 9 8 784 2052 1987
3909 2 2 9 8 1200 2131 1634
3910 2 2 9 8 720 2569 1634
3911 2 2 9 8 1731 2186 2147
3912 2 2 9 8 892 2098 996
3913 2 2 9 8 39 2344 1893
3914 2 2 9 8 516 1940 28
3915 2 2 9 8 745 2550 1675
3916 2 2 9 8 1561 1992 1080
3917 2 2 9 8 2026 2059 967
3918 2 2 9 8 1554 2507 93
3919 2 2 9 8 469 2120 1620
3920 2 2 9 8 999 1064 998
3921 2 2 9 8 1893 2076 514
3922 2 2 9 8 224 1767 562
3923 2 2 9 8 963 2502 1022
3924 2 2 9 8 679 1902 683
3925 2 2 9 8 1940 1964 27
3926 2 2 9 8 1153 1902 1876
3927 2 2 9 8 1725 2473 1294
3928 2 2 9 8 1777 2467 2158
3929 2 2 9 8 1095 2566 1890
3930 2 2 9 8 532 2186 1731
3931 2 2 9 8 1228 2573 2025
3932 2 2 9 8 865 2028 1570
3933 2 2 9 8 774 2252 2004
3934 2 2 9 8 760 2123 703
3935 2 2 9 8 1600 2554 1843
3936 2 2 9 8 1834 2425 1755
3937 2 2 9 8 1354 1909 1357
3938 2 2 9 8 1768 2188 454
3939 2 2 9 8 1559 2551 2519
3940 2 2 9 8 878 2080 968
3941 2 2 9 8 148 2572 2380
3942 2 2 9 8 1640 2199 1207
3943 2 2 9 8 622 2072 1575
3944 2 2 9 8 1023 1149 957
3945 2 2 9 8 1410 1994 1409
3946 2 2 9 8 2057 2063 1433
3947 2 2 9 8 631 2318 1705
3948 2 2 9 8 29 1941 516
3949 2 2 9 8 1412 1416 1410
3950 2 2 9 8 1762 2271 1643
3951 2 2 9 8 1644 2406 2258
3952 2 2 9 8 1786 2196 1825
3953 2 2 9 8 1556 1618 1184
3954 2 2 9 8 854 2052 783
3955 2 2 9 8 727 2155 867
3956 2 2 9 8 968 2080 1195
3957 2 2 9 8 982 1192 1132
3958 2 2 9 8 425 2420 2010
3959 2 2 9 8 1438 2265 1823
3960 2 2 9 8 1347 2046 1350
3961 2 2 9 8 1156 2519 1158
3962 2 2 9 8 1279 2282 1275
3963 2 2 9 8 997 998 963
3964 2 2 9 8 1418 2299 1923
3965 2 2 9 8 2197 2431 1612
3966 2 2 9 8 2427 2429 2428
3967 2 2 9 8 1879 2073 587
3968 2 2 9 8 519 1927 42
3969 2 2 9 8 560 2051 2050
3970 2 2 9 8 594 2062 593
3971 2 2 9 8 857 2193 1882
3972 2 2 9 8 782 2033 927
3973 2 2 9 8 1420 2410 1930
3974 2 2 9 8 462 2493 2491
3975 2 2 9 8 2012 2482 1880
3976 2 2 9 8 1608 2214 1867
3977 2 2 9 8 683 1902 1153
3978 2 2 9 8 487 2203 1782
3979 2 2 9 8 1381 2043 766
3980 2 2 9 8 1455 2416 1838
3981 2 2 9 8 2510 2514 2490
3982 2 2 9 8 1457 2518 1582
3983 2 2 9 8 1214 2255 1109
3984 2 2 9 8 1218 2523 1219
3985 2 2 9 8 1468 2038 1467
3986 2 2 9 8 2119 2267 492
3987 2 2 9 8 1621 2307 1394
3988 2 2 9 8 1158 1162 1161
3989 2 2 9 8 1325 2117 1604
3990 2 2 9 8 762 2043 764
3991 2 2 9 8 1294 2473 1662
3992 2 2 9 8 1966 2211 1238
3993 2 2 9 8 1228 2260 1226
3994 2 2 9 8 1641 2361 2258
3995 2 2 9 8 575 2074 573
3996 2 2 9 8 447 2457 2456
3997 2 2 9 8 1407 1409 1406
3998 2 2 9 8 1856 1956 602
3999 2 2 9 8 1145 2220 1019
4000 2 2 9 8 1132 1963 1309
4001 2 2 9 8 1383 2369 1863
4002 2 2 9 8 1637 2223 1638
4003 2 2 9 8 2005 2128 644
4004 2 2 9 8 1310 2088 848
4005 2 2 9 8 1551 2249 1552
4006 2 2 9 8 1753 2218 1756
4007 2 2 9 8 1756 2218 533
4008 2 2 9 8 558 2447 1979
4009 2 2 9 8 1931 2459 1873
4010 2 2 9 8 1639 2475 1495
4011 2 2 9 8 1136 1873 1449
4012 2 2 9 8 576 2074 579
4013 2 2 9 8 2519 2551 1218
4014 2 2 9 8 593 2062 596
4015 2 2 9 8 2049 2498 1222
4016 2 2 9 8 187 2376 2175
4017 2 2 9 8 967 1568 1441
4018 2 2 9 8 1479 2446 1253
4019 2 2 9 8 1041 2028 1037
4020 2 2 9 8 1646 2270 1532
4021 2 2 9 8 1960 2041 1574
4022 2 2 9 8 2121 2474 1169
4023 2 2 9 8 139 421 138
4024 2 2 9 8 1143 2067 689
4025 2 2 9 8 558 1979 1978
4026 2 2 9 8 134 2230 133
4027 2 2 9 8 50 2090 1991
4028 2 2 9 8 1808 2207 1485
4029 2 2 9 8 97 1436 96
4030 2 2 9 8 1765 2361 2176
4031 2 2 9 8 1588 2450 2274
4032 2 2 9 8 1635 2373 2195
4033 2 2 9 8 1282 2517 2284
4034 2 2 9 8 43 1943 519
4035 2 2 9 8 532 2242 2186
4036 2 2 9 8 1905 2508 426
4037 2 2 9 8 2027 2497 1704
4038 2 2 9 8 2427 2428 432
4039 2 2 9 8 1867 2318 631
4040 2 2 9 8 2383 2385 2104
4041 2 2 9 8 2117 2118 1421
4042 2 2 9 8 434 2344 40
4043 2 2 9 8 565 2271 1762
4044 2 2 9 8 1976 1977 523
4045 2 2 9 8 1179 2347 2102
4046 2 2 9 8 1655 2357 870
4047 2 2 9 8 1879 2482 2073
4048 2 2 9 8 1888 2183 1905
4049 2 2 9 8 881 2262 1993
4050 2 2 9 8 587 2073 589
4051 2 2 9 8 1139 2160 1083
4052 2 2 9 8 1394 2362 1621
4053 2 2 9 8 2070 2283 524
4054 2 2 9 8 904 2124 911
4055 2 2 9 8 592 2073 607
4056 2 2 9 8 2112 2447 549
4057 2 2 9 8 2464 2466 2465
4058 2 2 9 8 1162 1257 1161
4059 2 2 9 8 952 2403 1876
4060 2 2 9 8 581 2370 601
4061 2 2 9 8 1238 2252 1966
4062 2 2 9 8 493 2448 1897
4063 2 2 9 8 1914 2408 1067
4064 2 2 9 8 766 2043 762
4065 2 2 9 8 1912 2312 470
4066 2 2 9 8 551 2112 549
4067 2 2 9 8 492 2267 78
4068 2 2 9 8 20 1984 1983
4069 2 2 9 8 1232 2320 2062
4070 2 2 9 8 1462 1978 1465
4071 2 2 9 8 17 1986 1975
4072 2 2 9 8 1018 1109 1001
4073 2 2 9 8 13 2279 12
4074 2 2 9 8 1716 2544 2125
4075 2 2 9 8 93 2507 92
4076 2 2 9 8 26 1964 436
4077 2 2 9 8 1431 2422 1904
4078 2 2 9 8 1426 2552 2343
4079 2 2 9 8 1493 2305 1594
4080 2 2 9 8 2269 2529 1739
4081 2 2 9 8 248 2087 2030
4082 2 2 9 8 1345 1956 1856
4083 2 2 9 8 2054 2455 1400
4084 2 2 9 8 764 2043 869
4085 2 2 9 8 1532 1645 1643
4086 2 2 9 8 1077 2307 2048
4087 2 2 9 8 1972 1973 53
4088 2 2 9 8 2001 2412 1053
4089 2 2 9 8 477 2090 51
4090 2 2 9 8 1149 2091 957
4091 2 2 9 8 627 2185 614
4092 2 2 9 8 1557 2183 1556
4093 2 2 9 8 540 542 541
4094 2 2 9 8 1298 2028 1041
4095 2 2 9 8 128 2228 407
4096 2 2 9 8 1932 2354 82
4097 2 2 9 8 319 2355 1933
4098 2 2 9 8 1539 2244 1475
4099 2 2 9 8 999 2475 1639
4100 2 2 9 8 2030 2087 2031
4101 2 2 9 8 442 1943 44
4102 2 2 9 8 1993 2262 1257
4103 2 2 9 8 19 1983 479
4104 2 2 9 8 1026 2264 1027
4105 2 2 9 8 16 1975 480
4106 2 2 9 8 1880 2497 2027
4107 2 2 9 8 900 2103 1021
4108 2 2 9 8 2069 2423 1300
4109 2 2 9 8 2078 2101 1396
4110 2 2 9 8 2103 2356 1021
4111 2 2 9 8 1411 2343 1425
4112 2 2 9 8 1357 1909 1508
4113 2 2 9 8 1408 2089 1308
4114 2 2 9 8 1668 2323 2040
4115 2 2 9 8 1296 2316 1297
4116 2 2 9 8 629 2146 1484
4117 2 2 9 8 478 1972 54
4118 2 2 9 8 1512 2480 2479
4119 2 2 9 8 1884 1886 450
4120 2 2 9 8 1582 2518 1974
4121 2 2 9 8 1859 2348 1348
4122 2 2 9 8 2465 2466 432
4123 2 2 9 8 1340 2470 1343
4124 2 2 9 8 1989 2534 437
4125 2 2 9 8 1842 2554 1600
4126 2 2 9 8 1223 2092 2049
4127 2 2 9 8 1192 1963 1132
4128 2 2 9 8 45 2159 442
4129 2 2 9 8 601 2094 583
4130 2 2 9 8 1245 2239 1149
4131 2 2 9 8 945 2222 1058
4132 2 2 9 8 1389 2429 2427
4133 2 2 9 8 1548 2420 425
4134 2 2 9 8 556 2483 2112
4135 2 2 9 8 520 1982 1981
4136 2 2 9 8 927 2033 1237
4137 2 2 9 8 1945 2418 812
4138 2 2 9 8 49 1991 443
4139 2 2 9 8 428 2358 2353
4140 2 2 9 8 686 2366 684
4141 2 2 9 8 778 2121 785
4142 2 2 9 8 2266 2296 1229
4143 2 2 9 8 2028 2434 1570
4144 2 2 9 8 1389 2168 1387
4145 2 2 9 8 1473 2521 2281
4146 2 2 9 8 523 2159 46
4147 2 2 9 8 624 2072 622
4148 2 2 9 8 479 1986 18
4149 2 2 9 8 2509 2510 2490
4150 2 2 9 8 1460 2367 2065
4151 2 2 9 8 2073 2482 607
4152 2 2 9 8 52 1973 477
4153 2 2 9 8 1171 2154 2003
4154 2 2 9 8 1971 2279 522
4155 2 2 9 8 997 999 998
4156 2 2 9 8 2158 2467 2157
4157 2 2 9 8 739 2421 741
4158 2 2 9 8 436 1965 25
4159 2 2 9 8 1227 2145 1950
4160 2 2 9 8 1343 2470 1958
4161 2 2 9 8 521 1968 56
4162 2 2 9 8 1253 2248 1295
4163 2 2 9 8 1758 2534 2063
4164 2 2 9 8 1856 2046 1347
4165 2 2 9 8 1159 2006 1844
4166 2 2 9 8 2231 2526 1528
4167 2 2 9 8 14 1970 522
4168 2 2 9 8 444 1985 1984
4169 2 2 9 8 1928 2375 960
4170 2 2 9 8 55 1968 478
4171 2 2 9 8 444 1984 21
4172 2 2 9 8 480 1970 15
4173 2 2 9 8 1752 2350 1754
4174 2 2 9 8 1638 2342 484
4175 2 2 9 8 24 1965 520
4176 2 2 9 8 1392 2145 1988
4177 2 2 9 8 1893 2344 1569
4178 2 2 9 8 1149 2239 2092
4179 2 2 9 8 81 2354 1163
4180 2 2 9 8 1164 2355 320
4181 2 2 9 8 540 2068 1632
4182 2 2 9 8 1239 2103 896
4183 2 2 9 8 1997 2556 1803
4184 2 2 9 8 596 2062 600
4185 2 2 9 8 447 2456 1934
4186 2 2 9 8 47 1976 523
4187 2 2 9 8 1952 1953 411
4188 2 2 9 8 554 2272 759
4189 2 2 9 8 1092 2505 2164
4190 2 2 9 8 1330 2472 1329
4191 2 2 9 8 40 2344 39
4192 2 2 9 8 1997 2516 1488
4193 2 2 9 8 520 1981 23
4194 2 2 9 8 1999 2474 1998
4195 2 2 9 8 2358 2399 2353
4196 2 2 9 8 1504 2305 418
4197 2 2 9 8 1758 2560 1759
4198 2 2 9 8 1620 2412 2001
4199 2 2 9 8 481 2390 2389
4200 2 2 9 8 982 1132 981
4201 2 2 9 8 1350 2046 1353
4202 2 2 9 8 433 2251 2041
4203 2 2 9 8 1154 2216 2213
4204 2 2 9 8 689 2067 693
4205 2 2 9 8 443 1976 48
4206 2 2 9 8 1048 2257 1505
4207 2 2 9 8 1821 2361 1765
4208 2 2 9 8 1968 1980 478
4209 2 2 9 8 1105 2313 1619
4210 2 2 9 8 22 1981 444
4211 2 2 9 8 1416 1994 1410
4212 2 2 9 8 1613 2499 2154
4213 2 2 9 8 411 2174 211
4214 2 2 9 8 792 2132 870
4215 2 2 9 8 297 486 296
4216 2 2 9 8 1275 2282 1272
4217 2 2 9 8 1110 1615 1214
4218 2 2 9 8 514 2179 1868
4219 2 2 9 8 1480 2459 1931
4220 2 2 9 8 583 2094 585
4221 2 2 9 8 589 2073 592
4222 2 2 9 8 2323 2324 1189
4223 2 2 9 8 1921 1922 118
4224 2 2 9 8 637 2443 639
4225 2 2 9 8 1018 1110 1109
4226 2 2 9 8 1306 2402 1076
4227 2 2 9 8 580 2442 606
4228 2 2 9 8 1239 2356 2103
4229 2 2 9 8 2106 2460 422
4230 2 2 9 8 1614 2499 1613
4231 2 2 9 8 773 2121 778
4232 2 2 9 8 1158 1161 1157
4233 2 2 9 8 1149 2092 2091
4234 2 2 9 8 1467 2404 338
4235 2 2 9 8 1417 2205 1416
4236 2 2 9 8 2099 2461 2203
4237 2 2 9 8 427 2377 1834
4238 2 2 9 8 1198 2312 1912
4239 2 2 9 8 1746 2417 1747
4240 2 2 9 8 1577 2504 1578
4241 2 2 9 8 1334 2348 1859
4242 2 2 9 8 1361 2130 1366
4243 2 2 9 8 1298 2434 2028
4244 2 2 9 8 1231 2170 2053
4245 2 2 9 8 1136 1931 1873
4246 2 2 9 8 2066 2452 1161
4247 2 2 9 8 2313 2498 1478
4248 2 2 9 8 641 2128 643
4249 2 2 9 8 548 2537 550
4250 2 2 9 8 2110 2540 2111
4251 2 2 9 8 1241 2149 2148
4252 2 2 9 8 461 2495 1813
4253 2 2 9 8 1226 2260 1259
4254 2 2 9 8 1250 2505 1306
4255 2 2 9 8 2076 2179 514
4256 2 2 9 8 2165 2516 1997
4257 2 2 9 8 1420 2205 1417
4258 2 2 9 8 1634 2300 1286
4259 2 2 9 8 1933 2242 532
4260 2 2 9 8 1283 2317 1280
4261 2 2 9 8 1381 2398 2043
4262 2 2 9 8 516 2535 1907
4263 2 2 9 8 1348 2348 1335
4264 2 2 9 8 1616 1869 406
4265 2 2 9 8 1867 2214 1142
4266 2 2 9 8 1840 2539 632
4267 2 2 9 8 2160 2494 1391
4268 2 2 9 8 2043 2398 869
4269 2 2 9 8 1184 2295 1182
4270 2 2 9 8 1623 2253 2052
4271 2 2 9 8 993 2473 1725
4272 2 2 9 8 2395 2573 1254
4273 2 2 9 8 2116 2504 756
4274 2 2 9 8 479 2152 1986
4275 2 2 9 8 1766 2454 1771
4276 2 2 9 8 57 1967 521
4277 2 2 9 8 911 2124 1067
4278 2 2 9 8 2025 2409 1228
4279 2 2 9 8 1813 2495 1258
4280 2 2 9 8 1238 2211 1555
4281 2 2 9 8 1386 2264 1026
4282 2 2 9 8 829 2131 1995
4283 2 2 9 8 2333 2337 2328
4284 2 2 9 8 747 2550 2201
4285 2 2 9 8 1532 2270 1380
4286 2 2 9 8 1174 2173 1488
4287 2 2 9 8 1568 2213 1441
4288 2 2 9 8 805 2558 803
4289 2 2 9 8 1201 2141 1062
4290 2 2 9 8 756 2504 2178
4291 2 2 9 8 980 2222 945
4292 2 2 9 8 2198 2560 1758
4293 2 2 9 8 644 2128 641
4294 2 2 9 8 116 2538 115
4295 2 2 9 8 1915 2381 1379
4296 2 2 9 8 1676 2448 493
4297 2 2 9 8 1405 1406 1404
4298 2 2 9 8 1036 2321 2166
4299 2 2 9 8 127 2570 126
4300 2 2 9 8 149 2572 148
4301 2 2 9 8 1833 2563 1845
4302 2 2 9 8 2433 2497 1880
4303 2 2 9 8 703 2123 2002
4304 2 2 9 8 1910 2155 725
4305 2 2 9 8 1835 2224 1375
4306 2 2 9 8 2083 2402 1306
4307 2 2 9 8 1514 2402 2083
4308 2 2 9 8 1774 2542 455
4309 2 2 9 8 1384 2194 2069
4310 2 2 9 8 685 687 686
4311 2 2 9 8 1868 2251 433
4312 2 2 9 8 2160 2400 1082
4313 2 2 9 8 2002 2316 556
4314 2 2 9 8 1359 2130 1361
4315 2 2 9 8 949 2238 1310
4316 2 2 9 8 418 2432 1492
4317 2 2 9 8 1962 2121 773
4318 2 2 9 8 725 2155 727
4319 2 2 9 8 977 2347 1179
4320 2 2 9 8 2258 2406 1645
4321 2 2 9 8 790 2132 792
4322 2 2 9 8 1286 2300 2156
4323 2 2 9 8 2181 2187 1844
4324 2 2 9 8 1578 2504 2116
4325 2 2 9 8 522 2279 13
4326 2 2 9 8 420 1008 637
4327 2 2 9 8 1938 2151 410
4328 2 2 9 8 1163 2354 1932
4329 2 2 9 8 1933 2355 1164
4330 2 2 9 8 1901 2418 1317
4331 2 2 9 8 1182 2295 1528
4332 2 2 9 8 2092 2238 2091
4333 2 2 9 8 2236 2378 2237
4334 2 2 9 8 1388 2485 2301
4335 2 2 9 8 2102 2347 1328
4336 2 2 9 8 1890 2566 1398
4337 2 2 9 8 1854 2520 510
4338 2 2 9 8 1521 2225 1896
4339 2 2 9 8 2047 2210 1206
4340 2 2 9 8 860 2469 2098
4341 2 2 9 8 1600 2319 1503
4342 2 2 9 8 1971 2306 1212
4343 2 2 9 8 474 2268 1807
4344 2 2 9 8 1641 1645 1532
4345 2 2 9 8 2234 2496 2208
4346 2 2 9 8 1212 2279 1971
4347 2 2 9 8 1307 2321 1949
4348 2 2 9 8 1538 2374 1515
4349 2 2 9 8 2221 2239 1245
4350 2 2 9 8 555 2272 554
4351 2 2 9 8 1975 2169 480
4352 2 2 9 8 1844 2187 414
4353 2 2 9 8 2284 2517 1985
4354 2 2 9 8 1508 2130 1359
4355 2 2 9 8 1219 2353 2061
4356 2 2 9 8 1109 1167 1001
4357 2 2 9 8 520 2265 1982
4358 2 2 9 8 621 2096 2007
4359 2 2 9 8 2058 2299 1425
4360 2 2 9 8 2336 2415 2327
4361 2 2 9 8 1675 2550 1951
4362 2 2 9 8 409 2135 2134
4363 2 2 9 8 1222 2313 1105
4364 2 2 9 8 1643 2271 1646
4365 2 2 9 8 1415 2460 2106
4366 2 2 9 8 1958 2503 1953
4367 2 2 9 8 2149 2336 2327
4368 2 2 9 8 460 2544 1811
4369 2 2 9 8 238 2493 237
4370 2 2 9 8 621 2007 2006
4371 2 2 9 8 1373 1513 1511
4372 2 2 9 8 2019 2023 2018
4373 2 2 9 8 2038 2458 2404
4374 2 2 9 8 1214 2522 2064
4375 2 2 9 8 817 2469 860
4376 2 2 9 8 2104 2460 1430
4377 2 2 9 8 909 2026 908
4378 2 2 9 8 1877 2243 413
4379 2 2 9 8 2179 2251 1868
4380 2 2 9 8 2189 2406 1644
4381 2 2 9 8 1134 2254 2200
4382 2 2 9 8 1965 2265 520
4383 2 2 9 8 1483 2476 615
4384 2 2 9 8 2255 2256 1167
4385 2 2 9 8 2154 2499 1127
4386 2 2 9 8 1388 2226 2122
4387 2 2 9 8 1838 2416 1840
4388 2 2 9 8 1919 2228 129
4389 2 2 9 8 1987 2132 790
4390 2 2 9 8 2276 2322 1209
4391 2 2 9 8 1433 2534 1989
4392 2 2 9 8 981 2093 843
4393 2 2 9 8 870 2357 794
4394 2 2 9 8 1211 2085 1967
4395 2 2 9 8 1696 1708 1115
4396 2 2 9 8 1169 2474 1999
4397 2 2 9 8 526 2287 2285
4398 2 2 9 8 1251 2219 1808
4399 2 2 9 8 408 2283 2070
4400 2 2 9 8 2207 2496 2237
4401 2 2 9 8 607 2482 2012
4402 2 2 9 8 1939 2273 1331
4403 2 2 9 8 2223 2444 1128
4404 2 2 9 8 2336 2564 1390
4405 2 2 9 8 2058 2545 2057
4406 2 2 9 8 525 2068 540
4407 2 2 9 8 2136 2479 2137
4408 2 2 9 8 2091 2238 949
4409 2 2 9 8 1858 2543 1303
4410 2 2 9 8 1042 2484 1948
4411 2 2 9 8 2151 2546 410
4412 2 2 9 8 1115 2170 1094
4413 2 2 9 8 1253 2446 2248
4414 2 2 9 8 538 2429 2122
4415 2 2 9 8 2180 2193 1627
4416 2 2 9 8 1445 2285 2029
4417 2 2 9 8 1571 2358 295
4418 2 2 9 8 1632 2546 2151
4419 2 2 9 8 1358 2224 1917
4420 2 2 9 8 1084 2423 1399
4421 2 2 9 8 2053 2527 1231
4422 2 2 9 8 1494 2408 1914
4423 2 2 9 8 1974 2518 1249
4424 2 2 9 8 282 2187 281
4425 2 2 9 8 2170 2565 2053
4426 2 2 9 8 904 2171 2124
4427 2 2 9 8 1211 1967 58
4428 2 2 9 8 1290 2435 2215
4429 2 2 9 8 416 1194 152
4430 2 2 9 8 2048 2307 1621
4431 2 2 9 8 1912 2395 1098
4432 2 2 9 8 1882 2193 2180
4433 2 2 9 8 926 2421 739
4434 2 2 9 8 1810 2525 2524
4435 2 2 9 8 418 1492 3
4436 2 2 9 8 1277 2533 1279
4437 2 2 9 8 600 2320 605
4438 2 2 9 8 962 2359 997
4439 2 2 9 8 902 2171 904
4440 2 2 9 8 1052 2477 1136
4441 2 2 9 8 2074 2370 579
4442 2 2 9 8 1094 1231 1117
4443 2 2 9 8 1477 2536 1958
4444 2 2 9 8 221 538 220
4445 2 2 9 8 2040 2323 1189
4446 2 2 9 8 525 539 506
4447 2 2 9 8 1317 2356 1239
4448 2 2 9 8 1021 2171 902
4449 2 2 9 8 540 541 539
4450 2 2 9 8 1248 2227 2095
4451 2 2 9 8 1465 2257 1464
4452 2 2 9 8 1516 2574 1890
4453 2 2 9 8 1468 2543 1858
4454 2 2 9 8 844 981 843
4455 2 2 9 8 561 2373 1816
4456 2 2 9 8 1863 2526 1383
4457 2 2 9 8 869 2398 929
4458 2 2 9 8 12 2279 1212
4459 2 2 9 8 1565 2179 2076
4460 2 2 9 8 1384 2463 2194
4461 2 2 9 8 1961 2434 1298
4462 2 2 9 8 1615 2522 1214
4463 2 2 9 8 1415 2506 1891
4464 2 2 9 8 2346 2521 1473
4465 2 2 9 8 161 1886 1885
4466 2 2 9 8 1456 2228 1919
4467 2 2 9 8 1951 2550 747
4468 2 2 9 8 1136 2477 1931
4469 2 2 9 8 1213 2298 1070
4470 2 2 9 8 1612 2431 2066
4471 2 2 9 8 1610 2535 1941
4472 2 2 9 8 1353 2413 1909
4473 2 2 9 8 1378 2480 2022
4474 2 2 9 8 1957 2411 1466
4475 2 2 9 8 2263 2549 1256
4476 2 2 9 8 794 2357 796
4477 2 2 9 8 2062 2320 600
4478 2 2 9 8 2094 2433 585
4479 2 2 9 8 1958 2470 1477
4480 2 2 9 8 2098 2469 1318
4481 2 2 9 8 1157 2452 1159
4482 2 2 9 8 549 2447 547
4483 2 2 9 8 1911 2567 1511
4484 2 2 9 8 1618 2295 1184
4485 2 2 9 8 1389 2427 2168
4486 2 2 9 8 1309 2515 1482
4487 2 2 9 8 1575 2370 2074
4488 2 2 9 8 1383 2526 2231
4489 2 2 9 8 1228 2409 2260
4490 2 2 9 8 1067 2359 962
4491 2 2 9 8 1390 2414 2336
4492 2 2 9 8 1502 2274 2005
4493 2 2 9 8 2125 2544 460
4494 2 2 9 8 1904 2422 1022
4495 2 2 9 8 2384 2394 2387
4496 2 2 9 8 2387 2394 2386
4497 2 2 9 8 2201 2550 745
4498 2 2 9 8 769 2434 1961
4499 2 2 9 8 2052 2253 1987
4500 2 2 9 8 258 2243 257
4501 2 2 9 8 1941 2535 516
4502 2 2 9 8 295 2358 428
4503 2 2 9 8 1435 2528 1964
4504 2 2 9 8 1008 2443 637
4505 2 2 9 8 2200 2254 1990
4506 2 2 9 8 1035 1213 1070
4507 2 2 9 8 579 2370 581
4508 2 2 9 8 639 2443 644
4509 2 2 9 8 173 561 172
4510 2 2 9 8 2353 2399 2061
4511 2 2 9 8 1525 2483 1524
4512 2 2 9 8 1531 2454 2177
4513 2 2 9 8 2177 2454 1766
4514 2 2 9 8 2229 2269 2144
4515 2 2 9 8 649 2449 648
4516 2 2 9 8 1787 1817 1225
4517 2 2 9 8 1390 2564 1078
4518 2 2 9 8 1241 2564 2336
4519 2 2 9 8 519 2296 1927
4520 2 2 9 8 2084 2557 628
4521 2 2 9 8 1708 2565 2170
4522 2 2 9 8 2523 2525 428
4523 2 2 9 8 688 2522 1615
4524 2 2 9 8 967 1441 966
4525 2 2 9 8 1843 2319 1600
4526 2 2 9 8 585 2433 1880
4527 2 2 9 8 1223 2238 2092
4528 2 2 9 8 2540 2541 2111
4529 2 2 9 8 1982 2284 1981
4530 2 2 9 8 2075 2312 1198
4531 2 2 9 8 1432 2383 2104
4532 2 2 9 8 2140 2141 1201
4533 2 2 9 8 143 2232 142
4534 2 2 9 8 1964 2528 436
4535 2 2 9 8 1159 2452 2431
4536 2 2 9 8 117 2453 494
4537 2 2 9 8 1611 2141 2140
4538 2 2 9 8 1909 2413 2246
4539 2 2 9 8 2272 2273 759
4540 2 2 9 8 1931 2477 1452
4541 2 2 9 8 2130 2325 1366
4542 2 2 9 8 1722 2240 1598
4543 2 2 9 8 1053 2412 2080
4544 2 2 9 8 2196 2276 1825
4545 2 2 9 8 2296 2547 1305
4546 2 2 9 8 1963 2515 1309
4547 2 2 9 8 524 2283 141
4548 2 2 9 8 444 2284 1985
4549 2 2 9 8 1748 1750 560
4550 2 2 9 8 197 560 196
4551 2 2 9 8 557 2537 548
4552 2 2 9 8 1127 2499 2035
4553 2 2 9 8 2025 2573 470
4554 2 2 9 8 501 2525 1810
4555 2 2 9 8 1840 2416 2250
4556 2 2 9 8 2215 2368 567
4557 2 2 9 8 154 2259 153
4558 2 2 9 8 1880 2482 1879
4559 2 2 9 8 2319 2559 1503
4560 2 2 9 8 105 1285 104
4561 2 2 9 8 1536 2565 1708
4562 2 2 9 8 1416 2360 1994
4563 2 2 9 8 1909 2246 1508
4564 2 2 9 8 1998 2474 1962
4565 2 2 9 8 1391 2400 2160
4566 2 2 9 8 1594 2305 1504
4567 2 2 9 8 121 2288 120
4568 2 2 9 8 1986 2275 1975
4569 2 2 9 8 844 982 981
4570 2 2 9 8 1424 2461 2099
4571 2 2 9 8 2175 2376 1372
4572 2 2 9 8 683 1153 685
4573 2 2 9 8 1183 2229 2144
4574 2 2 9 8 2205 2360 1416
4575 2 2 9 8 1441 2304 2023
4576 2 2 9 8 527 2261 130
4577 2 2 9 8 2049 2239 488
4578 2 2 9 8 2152 2275 1986
4579 2 2 9 8 1485 2207 2206
4580 2 2 9 8 2431 2452 2066
4581 2 2 9 8 2013 2507 1554
4582 2 2 9 8 2244 2245 1402
4583 2 2 9 8 2106 2506 1415
4584 2 2 9 8 1953 2174 411
4585 2 2 9 8 1985 2517 1321
4586 2 2 9 8 1580 2466 2464
4587 2 2 9 8 2404 2458 489
4588 2 2 9 8 565 2419 2271
4589 2 2 9 8 729 2527 2053
4590 2 2 9 8 2485 2561 2301
4591 2 2 9 8 164 2158 2157
4592 2 2 9 8 66 2462 2120
4593 2 2 9 8 1426 2343 2198
4594 2 2 9 8 2198 2343 1423
4595 2 2 9 8 1981 2284 444
4596 2 2 9 8 1816 2373 1817
4597 2 2 9 8 213 2280 212
4598 2 2 9 8 1135 2396 2277
4599 2 2 9 8 2277 2396 1448
4600 2 2 9 8 1475 2481 2079
4601 2 2 9 8 1968 2372 1980
4602 2 2 9 8 563 2129 562
4603 2 2 9 8 1749 2567 2417
4604 2 2 9 8 2035 2499 1614
4605 2 2 9 8 1975 2275 2169
4606 2 2 9 8 2055 2374 557
4607 2 2 9 8 1303 2543 1470
4608 2 2 9 8 2108 2109 1558
4609 2 2 9 8 429 2345 2105
4610 2 2 9 8 1962 2474 2121
4611 2 2 9 8 2229 2529 2269
4612 2 2 9 8 1643 2406 2189
4613 2 2 9 8 2139 2376 1596
4614 2 2 9 8 2359 2475 997
4615 2 2 9 8 1067 2408 2359
4616 2 2 9 8 1062 1172 1011
4617 2 2 9 8 2046 2413 1353
4618 2 2 9 8 2057 2545 1426
4619 2 2 9 8 997 2475 999
4620 2 2 9 8 1987 2253 2132
4621 2 2 9 8 1409 2346 1406
4622 2 2 9 8 2349 2381 415
4623 2 2 9 8 1520 2352 2225
4624 2 2 9 8 1994 2521 1409
4625 2 2 9 8 2063 2534 1433
4626 2 2 9 8 2459 2571 1839
4627 2 2 9 8 2314 2315 163
4628 2 2 9 8 1558 2109 1559
4629 2 2 9 8 1862 2529 2229
4630 2 2 9 8 1035 1070 952
4631 2 2 9 8 1921 2471 1429
4632 2 2 9 8 2225 2352 1027
4633 2 2 9 8 2244 2481 1475
4634 2 2 9 8 1923 2453 1922
4635 2 2 9 8 561 1816 1797
4636 2 2 9 8 2112 2483 1525
4637 2 2 9 8 966 2023 2019
4638 2 2 9 8 1406 1408 1404
4639 2 2 9 8 2382 2383 1432
4640 2 2 9 8 628 2557 1649
4641 2 2 9 8 2092 2239 2049
4642 2 2 9 8 1011 2026 909
4643 2 2 9 8 488 2239 2221
4644 2 2 9 8 2202 2314 409
4645 2 2 9 8 521 2372 1968
4646 2 2 9 8 525 540 539
4647 2 2 9 8 1423 2560 2198
4648 2 2 9 8 1839 2315 2314
4649 2 2 9 8 1512 2479 2136
4650 2 2 9 8 2164 2505 1250
4651 2 2 9 8 1557 2487 2184
4652 2 2 9 8 2053 2565 1434
4653 2 2 9 8 1559 2519 1558
4654 2 2 9 8 2085 2371 1967
4655 2 2 9 8 2133 2495 461
4656 2 2 9 8 2056 2191 1483
4657 2 2 9 8 1304 2557 2084
4658 2 2 9 8 2038 2404 1467
4659 2 2 9 8 1967 2371 521
4660 2 2 9 8 1331 2273 2272
4661 2 2 9 8 431 2472 2217
4662 2 2 9 8 1344 2501 1956
4663 2 2 9 8 441 2383 2382
4664 2 2 9 8 488 2498 2049
4665 2 2 9 8 1759 2560 2297
4666 2 2 9 8 2226 2309 2122
4667 2 2 9 8 1891 2506 2089
4668 2 2 9 8 2172 2467 1777
4669 2 2 9 8 2134 2467 2172
4670 2 2 9 8 165 2158 164
4671 2 2 9 8 898 2410 2118
4672 2 2 9 8 519 2547 2296
4673 2 2 9 8 1161 2452 1157
4674 2 2 9 8 685 686 684
4675 2 2 9 8 2497 2531 1704
4676 2 2 9 8 2120 2462 1459
4677 2 2 9 8 1159 2431 2006
4678 2 2 9 8 209 565 208
4679 2 2 9 8 1374 2561 2485
4680 2 2 9 8 2080 2412 1195
4681 2 2 9 8 2144 2268 412
4682 2 2 9 8 2178 2504 1577
4683 2 2 9 8 2071 2501 1344
4684 2 2 9 8 1441 2023 966
4685 2 2 9 8 606 2442 2231
4686 2 2 9 8 2203 2461 1603
4687 2 2 9 8 1489 2516 2165
4688 2 2 9 8 908 967 966
4689 2 2 9 8 2297 2560 1423
4690 2 2 9 8 2260 2458 1259
4691 2 2 9 8 1484 2363 2056
4692 2 2 9 8 1876 2403 1153
4693 2 2 9 8 2242 2426 1220
4694 2 2 9 8 2169 2275 1302
4695 2 2 9 8 2173 2555 1488
4696 2 2 9 8 308 2319 1843
4697 2 2 9 8 1218 2524 2523
4698 2 2 9 8 462 2430 2424
4699 2 2 9 8 2144 2269 2268
4700 2 2 9 8 1070 2403 952
4701 2 2 9 8 2231 2442 1382
4702 2 2 9 8 2089 2506 106
4703 2 2 9 8 2135 2314 163
4704 2 2 9 8 2463 2574 1516
4705 2 2 9 8 486 2414 1571
4706 2 2 9 8 2430 2489 2487
4707 2 2 9 8 1943 2547 519
4708 2 2 9 8 1449 2397 2396
4709 2 2 9 8 2396 2397 1448
4710 2 2 9 8 106 2506 2106
4711 2 2 9 8 294 2525 293
4712 2 2 9 8 486 2415 2414
4713 2 2 9 8 562 1767 563
4714 2 2 9 8 683 685 684
4715 2 2 9 8 1815 2551 1559
4716 2 2 9 8 2246 2413 1376
4717 2 2 9 8 1062 2141 1172
4718 2 2 9 8 1241 2336 2149
4719 2 2 9 8 2260 2409 489
4720 2 2 9 8 2417 2478 1749
4721 2 2 9 8 2274 2450 1075
4722 2 2 9 8 2492 2509 2490
4723 2 2 9 8 530 2509 2492
4724 2 2 9 8 2250 2416 1539
4725 2 2 9 8 1255 2494 2263
4726 2 2 9 8 2353 2523 428
4727 2 2 9 8 1839 2314 2202
4728 2 2 9 8 186 2546 2068
4729 2 2 9 8 2068 2546 1632
4730 2 2 9 8 1874 2363 1484
4731 2 2 9 8 416 2555 2173
4732 2 2 9 8 1402 2481 2244
4733 2 2 9 8 2184 2508 1905
4734 2 2 9 8 2036 2243 1877
4735 2 2 9 8 462 2489 2430
4736 2 2 9 8 1388 2301 2226
4737 2 2 9 8 2149 2326 2148
4738 2 2 9 8 2371 2372 521
4739 2 2 9 8 1219 2523 2353
4740 2 2 9 8 2168 2427 1579
4741 2 2 9 8 2122 2429 1389
4742 2 2 9 8 1409 2521 2346
4743 2 2 9 8 2451 2555 416
4744 2 2 9 8 2485 2486 1374
4745 2 2 9 8 1495 2475 2359
4746 2 2 9 8 2305 2432 418
4747 2 2 9 8 2096 2097 2007
4748 2 2 9 8 1139 2549 2263
4749 2 2 9 8 2359 2408 1495
4750 2 2 9 8 2326 2338 2334
4751 2 2 9 8 224 562 223
4752 2 2 9 8 2478 2530 1749
4753 2 2 9 8 2217 2472 1330
4754 2 2 9 8 1480 2571 2459
4755 2 2 9 8 2202 2459 1839
4756 2 2 9 8 2326 2334 306
4757 2 2 9 8 1746 2478 2417
4758 2 2 9 8 2018 2304 844
4759 2 2 9 8 844 2304 982
4760 2 2 9 8 185 525 506
4761 2 2 9 8 2191 2476 1483
4762 2 2 9 8 1110 1214 1109
4763 2 2 9 8 246 2508 245
4764 2 2 9 8 1634 2569 2300
4765 2 2 9 8 1708 2170 1115
4766 2 2 9 8 1817 2373 1225
4767 2 2 9 8 2149 2338 2326
4768 2 2 9 8 1849 2497 2433
4769 2 2 9 8 1094 2170 1231
4770 2 2 9 8 1750 2530 2478
4771 2 2 9 8 1406 2346 1408
4772 2 2 9 8 1849 2531 2497
4773 2 2 9 8 2430 2487 1557
4774 2 2 9 8 489 2458 2260
4775 2 2 9 8 2097 2181 2007
4776 2 2 9 8 1384 2574 2463
4777 2 2 9 8 2545 2552 1426
4778 2 2 9 8 1953 2503 2174
4779 2 2 9 8 908 2026 967
4780 2 2 9 8 1850 2372 2371
4781 2 2 9 8 2023 2304 2018
4782 2 2 9 8 1218 2551 2524
4783 2 2 9 8 565 1762 1761
4784 2 2 9 8 486 1571 296
4785 2 2 9 8 1493 2432 2305
4786 2 2 9 8 2424 2430 1542
4787 2 2 9 8 2327 2338 2149
4788 2 2 9 8 1008 2554 2443
4789 2 2 9 8 1342 2486 2485
4790 2 2 9 8 3 1492 93
4791 2 2 9 8 107 1308 106
4792 2 2 9 8 118 1922 117
4793 2 2 9 8 1922 2453 117
4794 2 2 9 8 119 2345 118
4795 2 2 9 8 130 2261 129
4796 2 2 9 8 140 2368 139
4797 2 2 9 8 151 1547 150
4798 2 2 9 8 152 1194 151
4799 2 2 9 8 153 2451 152
4800 2 2 9 8 162 1886 161
4801 2 2 9 8 163 2315 162
4802 2 2 9 8 164 2135 163
4803 2 2 9 8 176 2100 175
4804 2 2 9 8 188 1596 187
4805 2 2 9 8 198 2051 197
4806 2 2 9 8 199 2381 198
4807 2 2 9 8 5 1211 59
4808 2 2 9 8 60 1211 5
4809 2 2 9 8 11 1212 6
4810 2 2 9 8 6 1212 341
4811 2 2 9 8 96 441 95
4812 2 2 9 8 1188 2538 116
4813 2 2 9 8 120 2288 2287
4814 2 2 9 8 1196 2570 127
4815 2 2 9 8 132 417 131
4816 2 2 9 8 141 2283 140
4817 2 2 9 8 142 2232 2150
4818 2 2 9 8 1197 2572 149
4819 2 2 9 8 174 2195 173
4820 2 2 9 8 175 1903 174
4821 2 2 9 8 174 1903 419
4822 2 2 9 8 419 2407 174
4823 2 2 9 8 537 2195 174
4824 2 2 9 8 185 2068 525
4825 2 2 9 8 187 410 186
4826 2 2 9 8 187 2175 410
4827 2 2 9 8 196 1745 195
4828 2 2 9 8 560 1745 196
4829 2 2 9 8 451 2051 198
4830 2 2 9 8 210 2419 209
4831 2 2 9 8 211 566 210
4832 2 2 9 8 447 2419 210
4833 2 2 9 8 212 411 211
4834 2 2 9 8 211 2174 566
4835 2 2 9 8 212 1847 411
4836 2 2 9 8 212 2280 1847
4837 2 2 9 8 220 610 219
4838 2 2 9 8 538 610 220
4839 2 2 9 8 222 432 221
4840 2 2 9 8 432 2428 221
4841 2 2 9 8 221 2428 538
4842 2 2 9 8 223 536 222
4843 2 2 9 8 222 2465 432
4844 2 2 9 8 223 562 536
4845 2 2 9 8 233 474 232
4846 2 2 9 8 236 1181 235
4847 2 2 9 8 245 502 244
4848 2 2 9 8 247 426 246
4849 2 2 9 8 251 511 250
4850 2 2 9 8 250 511 458
4851 2 2 9 8 253 459 252
4852 2 2 9 8 459 511 252
4853 2 2 9 8 255 500 254
4854 2 2 9 8 254 500 459
4855 2 2 9 8 257 500 256
4856 2 2 9 8 259 413 258
4857 2 2 9 8 261 456 260
4858 2 2 9 8 263 512 262
4859 2 2 9 8 262 512 456
4860 2 2 9 8 265 457 264
4861 2 2 9 8 457 512 264
4862 2 2 9 8 267 457 266
4863 2 2 9 8 267 504 457
4864 2 2 9 8 269 504 268
4865 2 2 9 8 270 2191 269
4866 2 2 9 8 271 430 270
4867 2 2 9 8 273 465 272
4868 2 2 9 8 275 513 274
4869 2 2 9 8 274 513 465
4870 2 2 9 8 277 513 276
4871 2 2 9 8 466 513 277
4872 2 2 9 8 279 466 278
4873 2 2 9 8 279 505 466
4874 2 2 9 8 281 505 280
4875 2 2 9 8 283 414 282
4876 2 2 9 8 293 501 292
4877 2 2 9 8 295 428 294
4878 2 2 9 8 305 2334 304
4879 2 2 9 8 2334 2341 304
4880 2 2 9 8 307 2148 306
4881 2 2 9 8 2148 2326 306
4882 2 2 9 8 407 1770 1196
4883 2 2 9 8 1230 1531 415
4884 2 2 9 8 417 635 529
4885 2 2 9 8 422 2392 1285
4886 2 2 9 8 2385 2392 422
4887 2 2 9 8 441 2393 2383
4888 2 2 9 8 448 2468 1197
4889 2 2 9 8 2206 2468 448
4890 2 2 9 8 455 2542 1767
4891 2 2 9 8 456 2365 2363
4892 2 2 9 8 511 2031 458
4893 2 2 9 8 2031 2087 458
4894 2 2 9 8 500 2036 459
4895 2 2 9 8 462 2491 2489
4896 2 2 9 8 513 2097 465
4897 2 2 9 8 505 2181 466
4898 2 2 9 8 468 1809 1773
4899 2 2 9 8 483 2139 1596
4900 2 2 9 8 2138 2139 483
4901 2 2 9 8 494 2058 1427
4902 2 2 9 8 2184 2512 502
4903 2 2 9 8 2512 2513 502
4904 2 2 9 8 539 1314 506
4905 2 2 9 8 1314 1788 506
4906 2 2 9 8 513 2181 2097
4907 2 2 9 8 529 2440 528
4908 2 2 9 8 533 2204 2100
4909 2 2 9 8 533 2218 2204
4910 2 2 9 8 1285 2392 534
4911 2 2 9 8 1312 1314 539
4912 2 2 9 8 564 1739 563
4913 2 2 9 8 563 2542 564
4914 2 2 9 8 1767 2542 563
4915 2 2 9 8 564 2044 1739
4916 2 2 9 8 2309 2311 610
4917 2 2 9 8 1597 1598 753
4918 2 2 9 8 1135 1221 1060
4919 2 2 9 8 1231 1719 1117
4920 2 2 9 8 1449 2396 1135
4921 2 2 9 8 1173 2078 1397
4922 2 2 9 8 1488 1489 1173
4923 2 2 9 8 1489 2101 1173
4924 2 2 9 8 1196 1770 1769
4925 2 2 9 8 1197 2468 2379
4926 2 2 9 8 1311 1313 1312
4927 2 2 9 8 1311 2350 1313
4928 2 2 9 8 1754 2350 1311
4929 2 2 9 8 1313 2425 1312
4930 2 2 9 8 1378 2022 1513
4931 2 2 9 8 2139 2480 1378
4932 2 2 9 8 1397 2077 1395
4933 2 2 9 8 1795 1885 1395
4934 2 2 9 8 1422 1428 1407
4935 2 2 9 8 1602 1603 1422
4936 2 2 9 8 1423 2343 1428
4937 2 2 9 8 1425 2545 2058
4938 2 2 9 8 2343 2552 1425
4939 2 2 9 8 1425 2552 2545
4940 2 2 9 8 1447 2397 1449
4941 2 2 9 8 2134 2172 1447
4942 2 2 9 8 1488 2516 1489
4943 2 2 9 8 2555 2556 1488
4944 2 2 9 8 1513 2021 1511
4945 2 2 9 8 1511 1749 1748
4946 2 2 9 8 1511 2567 1749
4947 2 2 9 8 1530 1642 1641
4948 2 2 9 8 1530 2177 1642
4949 2 2 9 8 1559 1841 1815
4950 2 2 9 8 1559 2110 1841
4951 2 2 9 8 2109 2110 1559
4952 2 2 9 8 1642 2176 1641
4953 2 2 9 8 1641 2258 1645
4954 2 2 9 8 1645 2406 1643
4955 2 2 9 8 1643 2189 1762
4956 2 2 9 8 1695 1708 1696
4957 2 2 9 8 1719 2240 1722
4958 2 2 9 8 1737 1822 1739
4959 2 2 9 8 1739 2044 1738
4960 2 2 9 8 1822 2269 1739
4961 2 2 9 8 1745 1750 1746
4962 2 2 9 8 1750 2478 1746
4963 2 2 9 8 1754 2218 1753
4964 2 2 9 8 2204 2218 1754
4965 2 2 9 8 1762 2189 1763
4966 2 2 9 8 2029 2294 1770
4967 2 2 9 8 1809 1810 1773
4968 2 2 9 8 1810 1815 1773
4969 2 2 9 8 2435 2436 1781
4970 2 2 9 8 1793 1885 1795
4971 2 2 9 8 1803 2555 2259
4972 2 2 9 8 1803 2556 2555
4973 2 2 9 8 1807 2269 1822
4974 2 2 9 8 2150 2233 1808
4975 2 2 9 8 1808 2208 2207
4976 2 2 9 8 1808 2233 2208
4977 2 2 9 8 1845 2563 1846
4978 2 2 9 8 1846 2563 2561
4979 2 2 9 8 1924 2332 2331
4980 2 2 9 8 2285 2286 2029
4981 2 2 9 8 2286 2291 2029
4982 2 2 9 8 2291 2292 2029
4983 2 2 9 8 2292 2294 2029
4984 2 2 9 8 2031 2037 2036
4985 2 2 9 8 2056 2192 2191
4986 2 2 9 8 2363 2364 2056
4987 2 2 9 8 2108 2541 2109
4988 2 2 9 8 2109 2540 2110
4989 2 2 9 8 2135 2157 2134
4990 2 2 9 8 2137 2480 2139
4991 2 2 9 8 2479 2480 2137
4992 2 2 9 8 2487 2488 2184
4993 2 2 9 8 2488 2512 2184
4994 2 2 9 8 2207 2209 2206
4995 2 2 9 8 2208 2496 2207
4996 2 2 9 8 2301 2302 2226
4997 2 2 9 8 2226 2310 2309
4998 2 2 9 8 2259 2555 2451
4999 2 2 9 8 2287 2289 2286
5000 2 2 9 8 2561 2562 2301
5001 2 2 9 8 2331 2335 2327
5002 2 2 9 8 2327 2340 2338
5003 2 2 9 8 2330 2335 2331
5004 2 2 9 8 2338 2339 2334
5005 2 2 9 8 2384 2385 2383
5006 2 2 9 8 2383 2394 2384
5007 2 2 9 8 2384 2390 2385
5008 2 2 9 8 2389 2390 2384
5009 2 2 9 8 2386 2394 2393
5010 2 2 9 8 2435 2441 2436
5011 2 2 9 8 2440 2441 2435
5012 2 2 9 8 2438 2441 2440
5013 2 2 9 8 2487 2514 2488
5014 2 2 9 8 2489 2490 2487
5015 2 2 7 17 2608 2613 2667
5016 2 2 7 17 2623 2652 2666
5017 2 2 7 17 2608 2667 2699
5018 2 2 7 17 2669 2598 2670
5019 2 2 7 17 2599 2668 2671
5020 2 2 7 17 2652 2623 2698
5021 2 2 7 17 2670 2598 2697
5022 2 2 7 17 2599 2671 2696
5023 2 2 7 17 2575 2639 2641
5024 2 2 7 17 2578 2609 2611
5025 2 2 7 17 2624 2577 2626
5026 2 2 7 17 2608 2580 2613
5027 2 2 7 17 2605 2601 2606
5028 2 2 7 17 2616 2620 2621
5029 2 2 7 17 2606 2580 2608
5030 2 2 7 17 382 383 2644
5031 2 2 7 17 2575 2641 2644
5032 2 2 7 17 384 385 2643
5033 2 2 7 17 2635 2634 2637
5034 2 2 7 17 2661 2664 2665
5035 2 2 7 17 2609 2578 2655
5036 2 2 7 17 2577 2624 2656
5037 2 2 7 17 2639 2575 2643
5038 2 2 7 17 2621 2622 2623
5039 2 2 7 17 2605 2606 2607
5040 2 2 7 17 2621 2620 2622
5041 2 2 7 17 2626 2577 2628
5042 2 2 7 17 2578 2611 2614
5043 2 2 7 17 386 387 2629
5044 2 2 7 17 383 2575 2644
5045 2 2 7 17 394 395 2600
5046 2 2 7 17 376 377 2615
5047 2 2 7 17 396 397 2613
5048 2 2 7 17 387 2576 2629
5049 2 2 7 17 395 2580 2600
5050 2 2 7 17 2579 376 2615
5051 2 2 7 17 2575 384 2643
5052 2 2 7 17 2630 2634 2635
5053 2 2 7 17 2580 396 2613
5054 2 2 7 17 2601 2600 2606
5055 2 2 7 17 2615 2616 2621
5056 2 2 7 17 392 393 2655
5057 2 2 7 17 378 379 2656
5058 2 2 7 17 390 391 2614
5059 2 2 7 17 380 381 2628
5060 2 2 7 17 2629 2630 2635
5061 2 2 7 17 2578 392 2655
5062 2 2 7 17 379 2577 2656
5063 2 2 7 17 391 2578 2614
5064 2 2 7 17 2577 380 2628
5065 2 2 7 17 2602 2609 2655
5066 2 2 7 17 2624 2617 2656
5067 2 2 7 17 385 2581 2643
5068 2 2 7 17 385 386 2581
5069 2 2 7 17 389 390 2583
5070 2 2 7 17 381 382 2582
5071 2 2 7 17 2607 2606 2608
5072 2 2 7 17 393 394 2585
5073 2 2 7 17 377 378 2584
5074 2 2 7 17 2600 2580 2606
5075 2 2 7 17 2579 2615 2621
5076 2 2 7 17 2641 2642 2645
5077 2 2 7 17 2644 2641 2645
5078 2 2 7 17 2629 2576 2630
5079 2 2 7 17 2582 382 2644
5080 2 2 7 17 2619 2617 2624
5081 2 2 7 17 2602 2604 2609
5082 2 2 7 17 348 2591 2647
5083 2 2 7 17 2586 363 2648
5084 2 2 7 17 352 2587 2649
5085 2 2 7 17 362 2586 2650
5086 2 2 7 17 2628 2582 2662
5087 2 2 7 17 366 2590 2653
5088 2 2 7 17 2591 349 2654
5089 2 2 7 17 2596 371 2652
5090 2 2 7 17 368 2599 2646
5091 2 2 7 17 2581 2636 2643
5092 2 2 7 17 2636 2638 2639
5093 2 2 7 17 2636 2639 2643
5094 2 2 7 17 372 371 2596
5095 2 2 7 17 343 344 2597
5096 2 2 7 17 354 2593 2651
5097 2 2 7 17 362 363 2586
5098 2 2 7 17 352 353 2587
5099 2 2 7 17 2660 2627 2662
5100 2 2 7 17 348 349 2591
5101 2 2 7 17 366 367 2590
5102 2 2 7 17 2590 367 2646
5103 2 2 7 17 2587 353 2651
5104 2 2 7 17 2581 386 2629
5105 2 2 7 17 2636 2635 2637
5106 2 2 7 17 2609 2604 2610
5107 2 2 7 17 2619 2624 2625
5108 2 2 7 17 2598 347 2647
5109 2 2 7 17 371 370 2652
5110 2 2 7 17 2645 2642 2660
5111 2 2 7 17 364 2594 2648
5112 2 2 7 17 2595 351 2649
5113 2 2 7 17 2592 361 2650
5114 2 2 7 17 2594 365 2653
5115 2 2 7 17 350 2595 2654
5116 2 2 7 17 2625 2624 2626
5117 2 2 7 17 2609 2610 2611
5118 2 2 7 17 2585 2600 2601
5119 2 2 7 17 2615 2584 2616
5120 2 2 7 17 351 352 2649
5121 2 2 7 17 363 364 2648
5122 2 2 7 17 361 362 2650
5123 2 2 7 17 2585 394 2600
5124 2 2 7 17 377 2584 2615
5125 2 2 7 17 347 348 2647
5126 2 2 7 17 2585 2601 2602
5127 2 2 7 17 2616 2584 2617
5128 2 2 7 17 2588 357 2657
5129 2 2 7 17 365 366 2653
5130 2 2 7 17 349 350 2654
5131 2 2 7 17 393 2585 2655
5132 2 2 7 17 2584 378 2656
5133 2 2 7 17 2589 359 2658
5134 2 2 7 17 356 2588 2659
5135 2 2 7 17 368 369 2599
5136 2 2 7 17 346 347 2598
5137 2 2 7 17 2645 2660 2662
5138 2 2 7 17 2639 2640 2641
5139 2 2 7 17 367 368 2646
5140 2 2 7 17 2639 2638 2640
5141 2 2 7 17 2581 2635 2636
5142 2 2 7 17 358 2589 2657
5143 2 2 7 17 360 2592 2658
5144 2 2 7 17 2593 355 2659
5145 2 2 7 17 2614 2611 2661
5146 2 2 7 17 353 354 2651
5147 2 2 7 17 358 359 2589
5148 2 2 7 17 356 357 2588
5149 2 2 7 17 364 365 2594
5150 2 2 7 17 350 351 2595
5151 2 2 7 17 360 361 2592
5152 2 2 7 17 354 355 2593
5153 2 2 7 17 2579 2621 2623
5154 2 2 7 17 357 358 2657
5155 2 2 7 17 359 360 2658
5156 2 2 7 17 355 356 2659
5157 2 2 7 17 2583 2614 2661
5158 2 2 7 17 2602 2603 2604
5159 2 2 7 17 2618 2617 2619
5160 2 2 7 17 2602 2601 2603
5161 2 2 7 17 2616 2617 2618
5162 2 2 7 17 2636 2637 2638
5163 2 2 7 17 2626 2628 2662
5164 2 2 7 17 2585 2602 2655
5165 2 2 7 17 2617 2584 2656
5166 2 2 7 17 2581 2629 2635
5167 2 2 7 17 2583 390 2614
5168 2 2 7 17 381 2582 2628
5169 2 2 7 17 2603 2601 2605
5170 2 2 7 17 2616 2618 2620
5171 2 2 7 17 2611 2610 2612
5172 2 2 7 17 2625 2626 2627
5173 2 2 7 17 395 396 2580
5174 2 2 7 17 375 376 2579
5175 2 2 7 17 391 392 2578
5176 2 2 7 17 379 380 2577
5177 2 2 7 17 2630 2576 2631
5178 2 2 7 17 2630 2632 2634
5179 2 2 7 17 2582 2644 2645
5180 2 2 7 17 387 388 2576
5181 2 2 7 17 383 384 2575
5182 2 2 7 17 2641 2640 2642
5183 2 2 7 17 2611 2612 2661
5184 2 2 7 17 2664 2633 2665
5185 2 2 7 17 2632 2631 2633
5186 2 2 7 17 2582 2645 2662
5187 2 2 7 17 389 2583 2663
5188 2 2 7 17 2630 2631 2632
5189 2 2 7 17 2627 2626 2662
5190 2 2 7 17 2576 388 2663
5191 2 2 7 17 388 389 2663
5192 2 2 7 17 2631 2576 2663
5193 2 2 7 17 2583 2661 2665
5194 2 2 7 17 2661 2612 2664
5195 2 2 7 17 2663 2583 2665
5196 2 2 7 17 2633 2631 2665
5197 2 2 7 17 2631 2663 2665
5198 2 2 7 17 374 375 2666
5199 2 2 7 17 342 343 2667
5200 2 2 7 17 2579 2623 2666
5201 2 2 7 17 344 345 2669
5202 2 2 7 17 373 372 2668
5203 2 2 7 17 375 2579 2666
5204 2 2 7 17 343 2597 2667
5205 2 2 7 17 372 2596 2668
5206 2 2 7 17 2597 344 2669
5207 2 2 7 17 397 8 2692
5208 2 2 7 17 7 374 2693
5209 2 2 7 17 8 342 2692
5210 2 2 7 17 370 7 2693
5211 2 2 7 17 369 10 2694
5212 2 2 7 17 9 346 2695
5213 2 2 7 17 10 373 2694
5214 2 2 7 17 345 9 2695
5215 2 2 7 17 2646 2599 2696
5216 2 2 7 17 2598 2647 2697
5217 2 2 7 17 2637 2634 2673
5218 2 2 7 17 2673 2657 2675
5219 2 2 7 17 2647 2591 2689
5220 2 2 7 17 2588 2673 2674
5221 2 2 7 17 2689 2591 2691
5222 2 2 7 17 2590 2688 2690
5223 2 2 7 17 2591 2654 2691
5224 2 2 7 17 2653 2590 2690
5225 2 2 7 17 2651 2593 2676
5226 2 2 7 17 2590 2646 2688
5227 2 2 7 17 2593 2659 2672
5228 2 2 7 17 2649 2587 2682
5229 2 2 7 17 2586 2648 2681
5230 2 2 7 17 2654 2595 2687
5231 2 2 7 17 2594 2653 2686
5232 2 2 7 17 2651 2676 2680
5233 2 2 7 17 2595 2649 2685
5234 2 2 7 17 2648 2594 2684
5235 2 2 7 17 2637 2673 2675
5236 2 2 7 17 2659 2588 2674
5237 2 2 7 17 2650 2679 2683
5238 2 2 7 17 2587 2651 2680
5239 2 2 7 17 2588 2657 2673
5240 2 2 7 17 2654 2687 2691
5241 2 2 7 17 2686 2653 2690
5242 2 2 7 17 2673 2634 2674
5243 2 2 7 17 2595 2685 2687
5244 2 2 7 17 2684 2594 2686
5245 2 2 7 17 2672 2659 2674
5246 2 2 7 17 2632 2633 2672
5247 2 2 7 17 2650 2586 2679
5248 2 2 7 17 2649 2682 2685
5249 2 2 7 17 2681 2648 2684
5250 2 2 7 17 2596 2652 2698
5251 2 2 7 17 2587 2680 2682
5252 2 2 7 17 2592 2650 2683
5253 2 2 7 17 2632 2672 2674
5254 2 2 7 17 2658 2592 2678
5255 2 2 7 17 2589 2658 2677
5256 2 2 7 17 2634 2632 2674
5257 2 2 7 17 2657 2589 2675
5258 2 2 7 17 2638 2637 2675
5259 2 2 7 17 2676 2664 2680
5260 2 2 7 17 2679 2586 2681
5261 2 2 7 17 2678 2592 2683
5262 2 2 7 17 2679 2660 2683
5263 2 2 7 17 2640 2638 2677
5264 2 2 7 17 2638 2675 2677
5265 2 2 7 17 2677 2658 2678
5266 2 2 7 17 2675 2589 2677
5267 2 2 7 17 2627 2660 2679
5268 2 2 7 17 2640 2677 2678
5269 2 2 7 17 2642 2640 2678
5270 2 2 7 17 2633 2664 2676
5271 2 2 7 17 2625 2627 2681
5272 2 2 7 17 2612 2610 2682
5273 2 2 7 17 2660 2642 2683
5274 2 2 7 17 2680 2612 2682
5275 2 2 7 17 2642 2678 2683
5276 2 2 7 17 2625 2681 2684
5277 2 2 7 17 2682 2610 2685
5278 2 2 7 17 2619 2625 2684
5279 2 2 7 17 2610 2604 2685
5280 2 2 7 17 2627 2679 2681
5281 2 2 7 17 2664 2612 2680
5282 2 2 7 17 2619 2684 2686
5283 2 2 7 17 2685 2604 2687
5284 2 2 7 17 2688 2620 2690
5285 2 2 7 17 2605 2689 2691
5286 2 2 7 17 2622 2620 2688
5287 2 2 7 17 2605 2607 2689
5288 2 2 7 17 2618 2619 2686
5289 2 2 7 17 2604 2603 2687
5290 2 2 7 17 2620 2618 2690
5291 2 2 7 17 2603 2605 2691
5292 2 2 7 17 2618 2686 2690
5293 2 2 7 17 2687 2603 2691
5294 2 2 7 17 2672 2633 2676
5295 2 2 7 17 2593 2672 2676
5296 2 2 7 17 2597 2669 2670
5297 2 2 7 17 2668 2596 2671
5298 2 2 7 17 2623 2622 2698
5299 2 2 7 17 2607 2608 2699
5300 2 2 7 17 2667 2597 2699
5301 2 2 7 17 2622 2671 2698
5302 2 2 7 17 2670 2607 2699
5303 2 2 7 17 374 2666 2693
5304 2 2 7 17 2669 345 2695
5305 2 2 7 17 373 2668 2694
5306 2 2 7 17 342 2667 2692
5307 2 2 7 17 2613 397 2692
5308 2 2 7 17 2652 370 2693
5309 2 2 7 17 2599 369 2694
5310 2 2 7 17 346 2598 2695
5311 2 2 7 17 2666 2652 2693
5312 2 2 7 17 2667 2613 2692
5313 2 2 7 17 2598 2669 2695
5314 2 2 7 17 2668 2599 2694
5315 2 2 7 17 2671 2622 2696
5316 2 2 7 17 2607 2670 2697
5317 2 2 7 17 2622 2688 2696
5318 2 2 7 17 2689 2607 2697
5319 2 2 7 17 2671 2596 2698
5320 2 2 7 17 2597 2670 2699
5321 2 2 7 17 2647 2689 2697
5322 2 2 7 17 2688 2646 2696
5323 2 2 8 19 2786 3310 3477
5324 2 2 8 19 3372 2773 3617
5325 2 2 8 19 2773 3372 3470
5326 2 2 8 19 2764 2773 3470
5327 2 2 8 19 2773 2706 3617
5328 2 2 8 19 3025 3547 3596
5329 2 2 8 19 2706 3615 3617
5330 2 2 8 19 3371 3372 3617
5331 2 2 8 19 3705 3255 3706
5332 2 2 8 19 105 106 3563
5333 2 2 8 19 3068 3048 3703
5334 2 2 8 19 3097 3497 3680
5335 2 2 8 19 2923 3137 3231
5336 2 2 8 19 2992 3146 3345
5337 2 2 8 19 137 138 3074
5338 2 2 8 19 2732 137 3074
5339 2 2 8 19 117 118 3482
5340 2 2 8 19 2755 3190 3409
5341 2 2 8 19 246 2704 3065
5342 2 2 8 19 126 127 3081
5343 2 2 8 19 148 149 3082
5344 2 2 8 19 2743 126 3081
5345 2 2 8 19 2825 3114 3221
5346 2 2 8 19 2739 148 3082
5347 2 2 8 19 3447 2846 3452
5348 2 2 8 19 3144 3247 3248
5349 2 2 8 19 3190 2968 3409
5350 2 2 8 19 223 2782 3469
5351 2 2 8 19 2719 153 2783
5352 2 2 8 19 2943 2992 2993
5353 2 2 8 19 3659 3658 3670
5354 2 2 8 19 3144 3248 3249
5355 2 2 8 19 235 236 2705
5356 2 2 8 19 3660 3656 3665
5357 2 2 8 19 3532 2736 3536
5358 2 2 8 19 2975 175 3579
5359 2 2 8 19 2709 3109 3367
5360 2 2 8 19 2 402 3115
5361 2 2 8 19 3299 2702 3300
5362 2 2 8 19 200 201 3002
5363 2 2 8 19 2725 3154 3575
5364 2 2 8 19 3536 3537 3538
5365 2 2 8 19 3109 2709 3368
5366 2 2 8 19 3291 172 3376
5367 2 2 8 19 3152 3332 3333
5368 2 2 8 19 3041 2701 3075
5369 2 2 8 19 3195 3136 3196
5370 2 2 8 19 2704 3058 3059
5371 2 2 8 19 2937 3046 3047
5372 2 2 8 19 3157 2956 3158
5373 2 2 8 19 3503 2741 3555
5374 2 2 8 19 3327 3234 3546
5375 2 2 8 19 3076 3163 3504
5376 2 2 8 19 3164 3024 3355
5377 2 2 8 19 2756 3125 3126
5378 2 2 8 19 108 2774 2841
5379 2 2 8 19 3151 3152 3335
5380 2 2 8 19 2996 210 3717
5381 2 2 8 19 2980 2727 3453
5382 2 2 8 19 2937 3048 3068
5383 2 2 8 19 159 160 3088
5384 2 2 8 19 3524 3523 3526
5385 2 2 8 19 2881 2941 3105
5386 2 2 8 19 249 3299 3300
5387 2 2 8 19 3510 3030 3523
5388 2 2 8 19 2840 159 3088
5389 2 2 8 19 3101 3285 3287
5390 2 2 8 19 3154 2725 3709
5391 2 2 8 19 3105 2941 3430
5392 2 2 8 19 3103 3186 3263
5393 2 2 8 19 2946 3084 3484
5394 2 2 8 19 3221 3447 3452
5395 2 2 8 19 151 152 3104
5396 2 2 8 19 2725 3153 3709
5397 2 2 8 19 3151 3150 3152
5398 2 2 8 19 97 98 3057
5399 2 2 8 19 2752 3338 3580
5400 2 2 8 19 234 235 2982
5401 2 2 8 19 3080 2921 3708
5402 2 2 8 19 3153 2725 3570
5403 2 2 8 19 3399 3030 3510
5404 2 2 8 19 351 3099 3479
5405 2 2 8 19 3316 2994 3695
5406 2 2 8 19 3223 3040 3224
5407 2 2 8 19 2759 3138 3139
5408 2 2 8 19 3039 282 3510
5409 2 2 8 19 3055 3236 3382
5410 2 2 8 19 3194 3067 3402
5411 2 2 8 19 2954 2950 2974
5412 2 2 8 19 2749 238 3534
5413 2 2 8 19 3342 3158 3519
5414 2 2 8 19 3040 3223 3559
5415 2 2 8 19 3084 2946 3433
5416 2 2 8 19 3673 2775 3716
5417 2 2 8 19 2966 3085 3160
5418 2 2 8 19 3017 3019 3025
5419 2 2 8 19 3742 3749 3750
5420 2 2 8 19 3299 249 3566
5421 2 2 8 19 3348 3147 3610
5422 2 2 8 19 2933 2939 3044
5423 2 2 8 19 3067 3195 3197
5424 2 2 8 19 2730 3482 3576
5425 2 2 8 19 3749 3738 3750
5426 2 2 8 19 3532 3529 3678
5427 2 2 8 19 3008 3005 3170
5428 2 2 8 19 2704 247 3058
5429 2 2 8 19 2942 3351 3361
5430 2 2 8 19 2736 3532 3535
5431 2 2 8 19 2969 3119 3120
5432 2 2 8 19 3047 3046 3049
5433 2 2 8 19 3183 3529 3531
5434 2 2 8 19 2849 270 3700
5435 2 2 8 19 2700 261 3505
5436 2 2 8 19 2937 2912 3046
5437 2 2 8 19 305 306 3478
5438 2 2 8 19 3016 3017 3026
5439 2 2 8 19 3195 3196 3541
5440 2 2 8 19 3134 3135 3136
5441 2 2 8 19 2981 2919 3167
5442 2 2 8 19 2921 3080 3512
5443 2 2 8 19 3597 2745 3736
5444 2 2 8 19 3430 2984 3468
5445 2 2 8 19 283 3110 3204
5446 2 2 8 19 2808 2839 3167
5447 2 2 8 19 3163 3425 3504
5448 2 2 8 19 222 223 2740
5449 2 2 8 19 3205 3086 3568
5450 2 2 8 19 2920 2949 2950
5451 2 2 8 19 401 3086 3205
5452 2 2 8 19 2837 2966 3160
5453 2 2 8 19 2934 3117 3554
5454 2 2 8 19 2994 3689 3695
5455 2 2 8 19 295 2953 3492
5456 2 2 8 19 2966 2995 3051
5457 2 2 8 19 239 3533 3534
5458 2 2 8 19 3016 3052 3699
5459 2 2 8 19 3173 3174 3676
5460 2 2 8 19 2959 3122 3123
5461 2 2 8 19 3016 3026 3052
5462 2 2 8 19 2964 2963 3161
5463 2 2 8 19 3197 3215 3292
5464 2 2 8 19 2955 2989 3471
5465 2 2 8 19 2941 2942 2943
5466 2 2 8 19 3435 3269 3595
5467 2 2 8 19 187 2745 3597
5468 2 2 8 19 2715 3239 3396
5469 2 2 8 19 2963 3001 3071
5470 2 2 8 19 2966 2929 2995
5471 2 2 8 19 2755 359 3190
5472 2 2 8 19 3033 3030 3102
5473 2 2 8 19 3013 3012 3027
5474 2 2 8 19 3028 3027 3100
5475 2 2 8 19 3237 3055 3240
5476 2 2 8 19 2925 2924 2933
5477 2 2 8 19 3114 2825 3180
5478 2 2 8 19 3186 3185 3263
5479 2 2 8 19 3129 2758 3130
5480 2 2 8 19 3350 3387 3392
5481 2 2 8 19 3661 3660 3662
5482 2 2 8 19 3048 3047 3109
5483 2 2 8 19 3285 3101 3500
5484 2 2 8 19 3187 2993 3635
5485 2 2 8 19 2954 2974 3098
5486 2 2 8 19 2722 177 3191
5487 2 2 8 19 3236 3055 3237
5488 2 2 8 19 2714 213 3192
5489 2 2 8 19 3171 2757 3172
5490 2 2 8 19 3373 2955 3471
5491 2 2 8 19 3167 2839 3696
5492 2 2 8 19 2745 189 3740
5493 2 2 8 19 3103 3264 3500
5494 2 2 8 19 2988 3417 3443
5495 2 2 8 19 3013 3027 3028
5496 2 2 8 19 3122 3069 3654
5497 2 2 8 19 3240 3055 3714
5498 2 2 8 19 3017 3025 3026
5499 2 2 8 19 3401 2716 3415
5500 2 2 8 19 3110 283 3367
5501 2 2 8 19 3119 2825 3221
5502 2 2 8 19 3157 3158 3340
5503 2 2 8 19 3260 3259 3608
5504 2 2 8 19 3160 3085 3241
5505 2 2 8 19 2940 2946 2963
5506 2 2 8 19 2893 2891 3034
5507 2 2 8 19 3006 3007 3012
5508 2 2 8 19 3011 3015 3016
5509 2 2 8 19 141 2820 3331
5510 2 2 8 19 2854 2919 2920
5511 2 2 8 19 3311 3242 3336
5512 2 2 8 19 3162 2916 3474
5513 2 2 8 19 3137 2923 3405
5514 2 2 8 19 2937 3047 3048
5515 2 2 8 19 3198 3194 3402
5516 2 2 8 19 3414 3413 3506
5517 2 2 8 19 3004 3005 3006
5518 2 2 8 19 2912 2909 2913
5519 2 2 8 19 3016 3015 3017
5520 2 2 8 19 3097 3035 3497
5521 2 2 8 19 2740 223 3469
5522 2 2 8 19 2756 365 3125
5523 2 2 8 19 3624 131 3625
5524 2 2 8 19 2821 165 3208
5525 2 2 8 19 3051 2995 3181
5526 2 2 8 19 3670 3658 3672
5527 2 2 8 19 2822 3472 3725
5528 2 2 8 19 2943 2942 2992
5529 2 2 8 19 3128 3162 3459
5530 2 2 8 19 2820 143 3216
5531 2 2 8 19 3146 2992 3361
5532 2 2 8 19 3287 3286 3525
5533 2 2 8 19 3699 3052 3700
5534 2 2 8 19 2877 2923 2924
5535 2 2 8 19 2777 208 3328
5536 2 2 8 19 3002 201 3217
5537 2 2 8 19 2758 363 3131
5538 2 2 8 19 3037 2954 3539
5539 2 2 8 19 3351 2989 3361
5540 2 2 8 19 3149 3150 3151
5541 2 2 8 19 3173 3171 3174
5542 2 2 8 19 2712 3002 3515
5543 2 2 8 19 3330 3327 3365
5544 2 2 8 19 3066 2975 3145
5545 2 2 8 19 3417 2930 3443
5546 2 2 8 19 3005 2904 3170
5547 2 2 8 19 3691 3693 3694
5548 2 2 8 19 3731 3732 3751
5549 2 2 8 19 3068 3069 3122
5550 2 2 8 19 2917 2912 2937
5551 2 2 8 19 2725 3331 3570
5552 2 2 8 19 2919 2852 3167
5553 2 2 8 19 3194 3136 3195
5554 2 2 8 19 3134 3133 3135
5555 2 2 8 19 3009 3011 3036
5556 2 2 8 19 2934 2933 3045
5557 2 2 8 19 3295 3691 3694
5558 2 2 8 19 3054 3055 3382
5559 2 2 8 19 3101 3103 3500
5560 2 2 8 19 3125 2758 3129
5561 2 2 8 19 3026 3025 3111
5562 2 2 8 19 2934 3045 3117
5563 2 2 8 19 2759 349 3138
5564 2 2 8 19 3047 3049 3110
5565 2 2 8 19 3067 3194 3195
5566 2 2 8 19 3368 3369 3672
5567 2 2 8 19 3353 3098 3457
5568 2 2 8 19 3003 2904 3004
5569 2 2 8 19 2704 3063 3065
5570 2 2 8 19 3335 3333 3715
5571 2 2 8 19 2933 2924 2939
5572 2 2 8 19 2951 2950 2954
5573 2 2 8 19 3024 3164 3521
5574 2 2 8 19 3133 2797 3188
5575 2 2 8 19 2741 221 3555
5576 2 2 8 19 2933 3044 3045
5577 2 2 8 19 2964 3161 3396
5578 2 2 8 19 2837 2929 2966
5579 2 2 8 19 119 2810 3518
5580 2 2 8 19 3533 3530 3534
5581 2 2 8 19 2895 2893 2908
5582 2 2 8 19 3347 3147 3348
5583 2 2 8 19 2756 3126 3127
5584 2 2 8 19 95 96 3404
5585 2 2 8 19 3739 3741 3742
5586 2 2 8 19 3662 2781 3667
5587 2 2 8 19 2765 361 3141
5588 2 2 8 19 2893 3034 3577
5589 2 2 8 19 2949 3402 3728
5590 2 2 8 19 2969 399 3119
5591 2 2 8 19 2810 121 3225
5592 2 2 8 19 3739 2745 3740
5593 2 2 8 19 3006 3012 3013
5594 2 2 8 19 2943 2993 3187
5595 2 2 8 19 3083 3401 3415
5596 2 2 8 19 2708 3699 3700
5597 2 2 8 19 2760 355 3173
5598 2 2 8 19 3131 363 3578
5599 2 2 8 19 3057 98 3226
5600 2 2 8 19 198 3238 3594
5601 2 2 8 19 3239 2715 3594
5602 2 2 8 19 2956 3160 3241
5603 2 2 8 19 3006 3005 3007
5604 2 2 8 19 3100 3027 3186
5605 2 2 8 19 3657 3659 3668
5606 2 2 8 19 2853 2852 2854
5607 2 2 8 19 2885 2883 2915
5608 2 2 8 19 3034 3164 3355
5609 2 2 8 19 2865 2863 2868
5610 2 2 8 19 3278 3297 3539
5611 2 2 8 19 3329 3327 3330
5612 2 2 8 19 2825 401 3205
5613 2 2 8 19 2872 2871 2877
5614 2 2 8 19 2959 2938 3122
5615 2 2 8 19 3117 3503 3555
5616 2 2 8 19 3661 3662 3667
5617 2 2 8 19 2891 2889 2921
5618 2 2 8 19 2915 2883 3105
5619 2 2 8 19 97 3057 3317
5620 2 2 8 19 3196 3206 3449
5621 2 2 8 19 3004 2904 3005
5622 2 2 8 19 3138 2762 3140
5623 2 2 8 19 2880 2876 3351
5624 2 2 8 19 2956 2832 3160
5625 2 2 8 19 3057 2754 3317
5626 2 2 8 19 306 307 2947
5627 2 2 8 19 3175 3176 3177
5628 2 2 8 19 2910 2909 2912
5629 2 2 8 19 2710 3182 3399
5630 2 2 8 19 3053 2868 3054
5631 2 2 8 19 3637 3640 3642
5632 2 2 8 19 2941 2880 2942
5633 2 2 8 19 353 2757 3171
5634 2 2 8 19 2879 2876 2880
5635 2 2 8 19 3126 3125 3129
5636 2 2 8 19 3290 3042 3504
5637 2 2 8 19 3172 3423 3438
5638 2 2 8 19 3110 3049 3204
5639 2 2 8 19 2901 2899 2904
5640 2 2 8 19 3009 3036 3090
5641 2 2 8 19 402 2822 3169
5642 2 2 8 19 3400 3222 3487
5643 2 2 8 19 2840 3088 3461
5644 2 2 8 19 2891 2921 3034
5645 2 2 8 19 2778 257 3041
5646 2 2 8 19 2854 2852 2919
5647 2 2 8 19 3145 2975 3675
5648 2 2 8 19 185 186 3379
5649 2 2 8 19 2883 2881 3105
5650 2 2 8 19 3364 3362 3365
5651 2 2 8 19 2788 3147 3347
5652 2 2 8 19 2963 3071 3161
5653 2 2 8 19 3144 3143 3407
5654 2 2 8 19 2728 3085 3482
5655 2 2 8 19 400 401 2825
5656 2 2 8 19 3149 2844 3150
5657 2 2 8 19 2877 2871 2923
5658 2 2 8 19 352 351 3479
5659 2 2 8 19 3054 2868 3055
5660 2 2 8 19 2940 2963 2964
5661 2 2 8 19 2839 3133 3134
5662 2 2 8 19 3157 3343 3374
5663 2 2 8 19 3224 3040 3633
5664 2 2 8 19 2800 2797 3133
5665 2 2 8 19 3165 3044 3357
5666 2 2 8 19 2921 2889 3708
5667 2 2 8 19 2963 2946 3001
5668 2 2 8 19 3152 3333 3335
5669 2 2 8 19 2861 2860 2940
5670 2 2 8 19 3739 3742 3750
5671 2 2 8 19 2868 2863 3056
5672 2 2 8 19 2899 2897 3170
5673 2 2 8 19 402 403 2822
5674 2 2 8 19 247 248 3058
5675 2 2 8 19 2834 2837 3160
5676 2 2 8 19 209 210 2713
5677 2 2 8 19 3206 3136 3753
5678 2 2 8 19 3091 2907 3429
5679 2 2 8 19 2870 2867 2871
5680 2 2 8 19 3069 3068 3703
5681 2 2 8 19 2881 2880 2941
5682 2 2 8 19 3693 3227 3694
5683 2 2 8 19 400 2825 3119
5684 2 2 8 19 366 2756 3128
5685 2 2 8 19 3103 3100 3186
5686 2 2 8 19 3052 3026 3435
5687 2 2 8 19 236 237 3155
5688 2 2 8 19 3362 3330 3365
5689 2 2 8 19 3085 2728 3519
5690 2 2 8 19 3011 3016 3036
5691 2 2 8 19 3737 3739 3750
5692 2 2 8 19 3148 236 3155
5693 2 2 8 19 3738 3737 3750
5694 2 2 8 19 220 2741 3273
5695 2 2 8 19 2830 2956 3157
5696 2 2 8 19 2877 2924 2925
5697 2 2 8 19 3139 3138 3140
5698 2 2 8 19 2760 3173 3569
5699 2 2 8 19 3380 2759 3604
5700 2 2 8 19 3146 2740 3345
5701 2 2 8 19 2920 2919 2949
5702 2 2 8 19 3174 2819 3454
5703 2 2 8 19 3379 2716 3401
5704 2 2 8 19 3525 3286 3526
5705 2 2 8 19 3078 3079 3175
5706 2 2 8 19 3264 3263 3543
5707 2 2 8 19 2822 403 3472
5708 2 2 8 19 2798 3411 3490
5709 2 2 8 19 2757 3118 3475
5710 2 2 8 19 3351 2876 3471
5711 2 2 8 19 3177 3178 3562
5712 2 2 8 19 2906 2903 2909
5713 2 2 8 19 2903 2901 3003
5714 2 2 8 19 3099 351 3380
5715 2 2 8 19 3030 3028 3102
5716 2 2 8 19 3427 3044 3564
5717 2 2 8 19 2940 2860 2946
5718 2 2 8 19 2993 2992 3345
5719 2 2 8 19 3078 2957 3079
5720 2 2 8 19 2709 285 3358
5721 2 2 8 19 3312 3311 3336
5722 2 2 8 19 3242 3243 3336
5723 2 2 8 19 3180 2825 3205
5724 2 2 8 19 2920 2950 2951
5725 2 2 8 19 3349 3207 3544
5726 2 2 8 19 3105 3430 3468
5727 2 2 8 19 2851 2818 2852
5728 2 2 8 19 2802 2844 3149
5729 2 2 8 19 2962 197 3653
5730 2 2 8 19 366 3128 3613
5731 2 2 8 19 2798 3149 3411
5732 2 2 8 19 2702 248 3300
5733 2 2 8 19 2885 2915 3121
5734 2 2 8 19 3164 3077 3521
5735 2 2 8 19 2901 2904 3003
5736 2 2 8 19 3240 2964 3396
5737 2 2 8 19 3111 3269 3435
5738 2 2 8 19 3338 3175 3580
5739 2 2 8 19 2765 3141 3752
5740 2 2 8 19 2839 2800 3133
5741 2 2 8 19 3238 2712 3710
5742 2 2 8 19 3197 3195 3199
5743 2 2 8 19 2930 3434 3443
5744 2 2 8 19 3121 2915 3603
5745 2 2 8 19 3036 3016 3699
5746 2 2 8 19 3248 3377 3384
5747 2 2 8 19 3117 3045 3503
5748 2 2 8 19 3009 3090 3558
5749 2 2 8 19 2770 3260 3416
5750 2 2 8 19 2865 2868 3053
5751 2 2 8 19 2837 2845 2929
5752 2 2 8 19 2907 3091 3683
5753 2 2 8 19 3072 3398 3556
5754 2 2 8 19 3260 2770 3724
5755 2 2 8 19 2924 2923 3231
5756 2 2 8 19 3089 2987 3456
5757 2 2 8 19 3007 3009 3558
5758 2 2 8 19 3052 3435 3704
5759 2 2 8 19 3129 3130 3440
5760 2 2 8 19 2887 2885 3121
5761 2 2 8 19 2713 2996 2997
5762 2 2 8 19 3034 2921 3164
5763 2 2 8 19 3206 2720 3449
5764 2 2 8 19 2704 3060 3063
5765 2 2 8 19 3123 3122 3492
5766 2 2 8 19 3033 3287 3525
5767 2 2 8 19 118 119 2728
5768 2 2 8 19 2960 2954 3037
5769 2 2 8 19 2761 357 3721
5770 2 2 8 19 2950 2949 3145
5771 2 2 8 19 3171 3172 3174
5772 2 2 8 19 2949 2981 3402
5773 2 2 8 19 2750 295 3492
5774 2 2 8 19 3092 2958 3220
5775 2 2 8 19 140 141 2725
5776 2 2 8 19 3142 2700 3505
5777 2 2 8 19 3120 3119 3221
5778 2 2 8 19 357 3159 3721
5779 2 2 8 19 2867 2865 3053
5780 2 2 8 19 2859 2857 2860
5781 2 2 8 19 3188 2797 3508
5782 2 2 8 19 3163 3062 3425
5783 2 2 8 19 287 288 3671
5784 2 2 8 19 2835 3201 3652
5785 2 2 8 19 3377 3112 3384
5786 2 2 8 19 2855 2854 3408
5787 2 2 8 19 3045 3044 3165
5788 2 2 8 19 2991 2750 3655
5789 2 2 8 19 3223 2843 3559
5790 2 2 8 19 2999 3378 3600
5791 2 2 8 19 3158 2956 3241
5792 2 2 8 19 209 2713 3328
5793 2 2 8 19 364 2758 3125
5794 2 2 8 19 3348 3611 3684
5795 2 2 8 19 3128 3459 3613
5796 2 2 8 19 350 2759 3380
5797 2 2 8 19 3531 2737 3677
5798 2 2 8 19 2992 2942 3361
5799 2 2 8 19 3108 3159 3560
5800 2 2 8 19 2946 2860 3433
5801 2 2 8 19 2917 2937 3068
5802 2 2 8 19 2721 3067 3197
5803 2 2 8 19 3166 3123 3491
5804 2 2 8 19 2715 198 3594
5805 2 2 8 19 3031 3182 3520
5806 2 2 8 19 3162 3474 3630
5807 2 2 8 19 2999 3108 3560
5808 2 2 8 19 3136 3135 3753
5809 2 2 8 19 2775 287 3671
5810 2 2 8 19 2879 2880 2881
5811 2 2 8 19 2995 2929 3078
5812 2 2 8 19 3182 3031 3399
5813 2 2 8 19 2941 2943 3511
5814 2 2 8 19 3322 3112 3377
5815 2 2 8 19 3247 3144 3567
5816 2 2 8 19 2828 3157 3374
5817 2 2 8 19 2983 2984 3430
5818 2 2 8 19 3170 2897 3565
5819 2 2 8 19 348 2762 3138
5820 2 2 8 19 173 174 2721
5821 2 2 8 19 360 2755 3141
5822 2 2 8 19 2832 2834 3160
5823 2 2 8 19 2982 2983 3187
5824 2 2 8 19 3055 3056 3714
5825 2 2 8 19 2961 2934 3554
5826 2 2 8 19 3132 3131 3383
5827 2 2 8 19 354 3171 3173
5828 2 2 8 19 3113 3571 3607
5829 2 2 8 19 3140 2762 3203
5830 2 2 8 19 3385 3386 3436
5831 2 2 8 19 3497 3035 3558
5832 2 2 8 19 2852 2818 3167
5833 2 2 8 19 3004 3006 3473
5834 2 2 8 19 2925 2933 2934
5835 2 2 8 19 2981 3167 3696
5836 2 2 8 19 3496 2708 3680
5837 2 2 8 19 2739 3082 3413
5838 2 2 8 19 3383 3222 3400
5839 2 2 8 19 3007 3008 3009
5840 2 2 8 19 3009 3010 3011
5841 2 2 8 19 2759 3139 3224
5842 2 2 8 19 3069 3070 3656
5843 2 2 8 19 2929 2957 3078
5844 2 2 8 19 366 365 2756
5845 2 2 8 19 2870 2871 2872
5846 2 2 8 19 151 3104 3542
5847 2 2 8 19 2743 3081 3502
5848 2 2 8 19 271 3097 3680
5849 2 2 8 19 3232 3233 3234
5850 2 2 8 19 2828 2830 3157
5851 2 2 8 19 3077 3164 3733
5852 2 2 8 19 184 185 3296
5853 2 2 8 19 2721 2975 3066
5854 2 2 8 19 3071 3001 3116
5855 2 2 8 19 2818 2808 3167
5856 2 2 8 19 360 359 2755
5857 2 2 8 19 3082 2979 3506
5858 2 2 8 19 3286 3284 3527
5859 2 2 8 19 2877 2925 3373
5860 2 2 8 19 3025 3019 3651
5861 2 2 8 19 2987 3089 3734
5862 2 2 8 19 3081 2980 3501
5863 2 2 8 19 3011 3014 3015
5864 2 2 8 19 2851 2852 2853
5865 2 2 8 19 2958 2959 3220
5866 2 2 8 19 2904 2899 3170
5867 2 2 8 19 353 352 2757
5868 2 2 8 19 364 363 2758
5869 2 2 8 19 3221 3114 3447
5870 2 2 8 19 350 349 2759
5871 2 2 8 19 2925 2955 3373
5872 2 2 8 19 3527 3284 3718
5873 2 2 8 19 2812 2986 3156
5874 2 2 8 19 354 353 3171
5875 2 2 8 19 358 357 2761
5876 2 2 8 19 3433 2855 3498
5877 2 2 8 19 2903 3003 3631
5878 2 2 8 19 223 224 2782
5879 2 2 8 19 2912 2913 3711
5880 2 2 8 19 2713 2998 3232
5881 2 2 8 19 2798 2802 3149
5882 2 2 8 19 2867 3053 3619
5883 2 2 8 19 348 347 2762
5884 2 2 8 19 3177 3176 3178
5885 2 2 8 19 3158 3241 3519
5886 2 2 8 19 3130 3131 3132
5887 2 2 8 19 356 2760 3159
5888 2 2 8 19 2892 2891 2893
5889 2 2 8 19 2906 2909 2910
5890 2 2 8 19 2982 2705 2983
5891 2 2 8 19 3090 3497 3558
5892 2 2 8 19 2890 2889 2891
5893 2 2 8 19 368 367 2763
5894 2 2 8 19 3492 3122 3654
5895 2 2 8 19 2993 3345 3370
5896 2 2 8 19 3302 3142 3505
5897 2 2 8 19 2962 3444 3731
5898 2 2 8 19 3112 3322 3596
5899 2 2 8 19 3098 2974 3457
5900 2 2 8 19 3139 3140 3201
5901 2 2 8 19 2834 2836 2837
5902 2 2 8 19 2853 2854 2855
5903 2 2 8 19 3366 2928 3411
5904 2 2 8 19 3234 3235 3364
5905 2 2 8 19 2859 2860 2861
5906 2 2 8 19 3156 2986 3346
5907 2 2 8 19 356 355 2760
5908 2 2 8 19 2981 3198 3402
5909 2 2 8 19 3712 2806 3734
5910 2 2 8 19 3544 3207 3753
5911 2 2 8 19 3134 3136 3194
5912 2 2 8 19 362 361 2765
5913 2 2 8 19 2910 2912 2917
5914 2 2 8 19 293 2991 3661
5915 2 2 8 19 3029 3028 3030
5916 2 2 8 19 3151 3335 3606
5917 2 2 8 19 2808 2800 2839
5918 2 2 8 19 3332 2820 3354
5919 2 2 8 19 3439 2911 3441
5920 2 2 8 19 2871 2867 3619
5921 2 2 8 19 3469 2782 3470
5922 2 2 8 19 3472 2970 3632
5923 2 2 8 19 248 249 3300
5924 2 2 8 19 2857 2855 3433
5925 2 2 8 19 2894 2893 2895
5926 2 2 8 19 3085 3051 3482
5927 2 2 8 19 3109 3110 3367
5928 2 2 8 19 3398 2844 3556
5929 2 2 8 19 3157 3340 3343
5930 2 2 8 19 3355 3023 3432
5931 2 2 8 19 3571 3468 3607
5932 2 2 8 19 235 2705 2982
5933 2 2 8 19 3044 2939 3564
5934 2 2 8 19 2819 3174 3528
5935 2 2 8 19 3137 3054 3382
5936 2 2 8 19 3297 3037 3539
5937 2 2 8 19 3434 3064 3443
5938 2 2 8 19 2713 2997 2998
5939 2 2 8 19 3264 3283 3500
5940 2 2 8 19 3262 3185 3549
5941 2 2 8 19 3182 2710 3629
5942 2 2 8 19 2701 259 3406
5943 2 2 8 19 2888 2887 2889
5944 2 2 8 19 365 364 3125
5945 2 2 8 19 306 2947 3478
5946 2 2 8 19 2830 2832 2956
5947 2 2 8 19 2727 3340 3453
5948 2 2 8 19 2909 2903 3631
5949 2 2 8 19 2896 2895 2897
5950 2 2 8 19 2802 2804 2844
5951 2 2 8 19 3142 3302 3567
5952 2 2 8 19 163 164 3219
5953 2 2 8 19 3423 3172 3475
5954 2 2 8 19 3147 2786 3460
5955 2 2 8 19 3261 3154 3412
5956 2 2 8 19 3640 3637 3646
5957 2 2 8 19 349 348 3138
5958 2 2 8 19 2920 2951 3408
5959 2 2 8 19 186 2716 3379
5960 2 2 8 19 3323 3324 3591
5961 2 2 8 19 3017 3018 3019
5962 2 2 8 19 3072 2978 3398
5963 2 2 8 19 3409 3096 3545
5964 2 2 8 19 3159 3108 3721
5965 2 2 8 19 2847 3323 3591
5966 2 2 8 19 3161 2715 3396
5967 2 2 8 19 3118 2757 3479
5968 2 2 8 19 3440 3130 3573
5969 2 2 8 19 2762 347 3229
5970 2 2 8 19 3135 3133 3188
5971 2 2 8 19 2953 295 3618
5972 2 2 8 19 2897 2895 3446
5973 2 2 8 19 358 2761 3190
5974 2 2 8 19 3283 3285 3500
5975 2 2 8 19 355 354 3173
5976 2 2 8 19 3343 2727 3346
5977 2 2 8 19 3071 3116 3375
5978 2 2 8 19 3049 3050 3182
5979 2 2 8 19 368 2763 3230
5980 2 2 8 19 2898 2897 2899
5981 2 2 8 19 361 360 3141
5982 2 2 8 19 2750 3492 3654
5983 2 2 8 19 3340 2727 3343
5984 2 2 8 19 3175 3079 3176
5985 2 2 8 19 2861 2940 3495
5986 2 2 8 19 3197 3199 3215
5987 2 2 8 19 3127 3126 3550
5988 2 2 8 19 3049 3046 3050
5989 2 2 8 19 2713 210 2996
5990 2 2 8 19 2840 3461 3462
5991 2 2 8 19 399 400 3119
5992 2 2 8 19 357 356 3159
5993 2 2 8 19 2961 3146 3361
5994 2 2 8 19 177 178 3191
5995 2 2 8 19 213 214 3192
5996 2 2 8 19 2947 3168 3478
5997 2 2 8 19 3590 3587 3729
5998 2 2 8 19 3592 3583 3701
5999 2 2 8 19 2721 174 2975
6000 2 2 8 19 2887 3121 3557
6001 2 2 8 19 2814 2816 3374
6002 2 2 8 19 3355 3432 3577
6003 2 2 8 19 2900 2899 2901
6004 2 2 8 19 3741 2733 3742
6005 2 2 8 19 3179 3205 3568
6006 2 2 8 19 3630 3474 3683
6007 2 2 8 19 192 193 3744
6008 2 2 8 19 3239 3240 3396
6009 2 2 8 19 3743 3744 3745
6010 2 2 8 19 2886 2885 2887
6011 2 2 8 19 3151 3366 3411
6012 2 2 8 19 3340 3158 3341
6013 2 2 8 19 3669 3670 3671
6014 2 2 8 19 191 2733 3741
6015 2 2 8 19 2973 3554 3555
6016 2 2 8 19 3207 3349 3684
6017 2 2 8 19 2705 236 3148
6018 2 2 8 19 3120 3221 3452
6019 2 2 8 19 3293 3043 3602
6020 2 2 8 19 165 166 3208
6021 2 2 8 19 143 144 3216
6022 2 2 8 19 3368 2709 3369
6023 2 2 8 19 201 202 3217
6024 2 2 8 19 175 176 3193
6025 2 2 8 19 3639 3640 3646
6026 2 2 8 19 166 2731 3208
6027 2 2 8 19 144 2738 3216
6028 2 2 8 19 2715 3161 3653
6029 2 2 8 19 2882 2881 2883
6030 2 2 8 19 202 2771 3217
6031 2 2 8 19 3143 2700 3407
6032 2 2 8 19 2721 3066 3067
6033 2 2 8 19 2797 2794 3508
6034 2 2 8 19 3128 3127 3162
6035 2 2 8 19 2839 3134 3198
6036 2 2 8 19 2884 2883 2885
6037 2 2 8 19 3172 2757 3475
6038 2 2 8 19 2938 2917 3068
6039 2 2 8 19 398 399 2969
6040 2 2 8 19 359 358 3190
6041 2 2 8 19 404 405 2970
6042 2 2 8 19 3013 3028 3029
6043 2 2 8 19 121 122 3225
6044 2 2 8 19 3130 2758 3131
6045 2 2 8 19 2855 3408 3498
6046 2 2 8 19 98 99 3226
6047 2 2 8 19 2895 2908 3446
6048 2 2 8 19 3688 3686 3691
6049 2 2 8 19 3295 3688 3691
6050 2 2 8 19 3037 3297 3726
6051 2 2 8 19 211 212 3200
6052 2 2 8 19 3186 3027 3679
6053 2 2 8 19 122 2742 3225
6054 2 2 8 19 2908 2893 3577
6055 2 2 8 19 3687 3688 3695
6056 2 2 8 19 99 2772 3226
6057 2 2 8 19 3050 3514 3520
6058 2 2 8 19 3030 3033 3523
6059 2 2 8 19 3688 3295 3690
6060 2 2 8 19 3155 2749 3418
6061 2 2 8 19 3137 2997 3231
6062 2 2 8 19 2902 2901 2903
6063 2 2 8 19 2789 2928 3228
6064 2 2 8 19 3304 3644 3645
6065 2 2 8 19 2864 2863 2865
6066 2 2 8 19 2876 2874 3471
6067 2 2 8 19 243 2737 3538
6068 2 2 8 19 3104 3228 3542
6069 2 2 8 19 3643 3644 3649
6070 2 2 8 19 3191 178 3301
6071 2 2 8 19 2915 3105 3468
6072 2 2 8 19 3055 2868 3056
6073 2 2 8 19 3192 214 3271
6074 2 2 8 19 3126 3129 3441
6075 2 2 8 19 3201 2835 3450
6076 2 2 8 19 3196 3136 3206
6077 2 2 8 19 2718 161 3611
6078 2 2 8 19 3175 3177 3580
6079 2 2 8 19 3554 3117 3555
6080 2 2 8 19 3124 3123 3166
6081 2 2 8 19 193 2784 3744
6082 2 2 8 19 2733 192 3744
6083 2 2 8 19 2973 2740 3146
6084 2 2 8 19 3179 3180 3205
6085 2 2 8 19 2767 105 3563
6086 2 2 8 19 3019 3021 3651
6087 2 2 8 19 288 2748 3671
6088 2 2 8 19 3742 3743 3749
6089 2 2 8 19 3350 3392 3478
6090 2 2 8 19 3152 3150 3153
6091 2 2 8 19 3208 2731 3209
6092 2 2 8 19 3440 3439 3441
6093 2 2 8 19 3217 2771 3218
6094 2 2 8 19 3535 3532 3678
6095 2 2 8 19 3161 3071 3489
6096 2 2 8 19 3149 3151 3411
6097 2 2 8 19 3536 2736 3537
6098 2 2 8 19 3378 2999 3560
6099 2 2 8 19 2866 2865 2867
6100 2 2 8 19 3063 3113 3183
6101 2 2 8 19 3391 3393 3698
6102 2 2 8 19 2810 3225 3638
6103 2 2 8 19 3226 2772 3227
6104 2 2 8 19 238 239 3534
6105 2 2 8 19 2806 2824 3734
6106 2 2 8 19 2849 3700 3704
6107 2 2 8 19 3008 3170 3488
6108 2 2 8 19 3393 3388 3698
6109 2 2 8 19 404 2970 3472
6110 2 2 8 19 3742 2733 3743
6111 2 2 8 19 2916 3162 3481
6112 2 2 8 19 222 2740 2973
6113 2 2 8 19 3092 3220 3725
6114 2 2 8 19 2854 2920 3408
6115 2 2 8 19 3065 3063 3677
6116 2 2 8 19 2756 3127 3128
6117 2 2 8 19 2978 2848 3154
6118 2 2 8 19 3201 3140 3202
6119 2 2 8 19 2790 2788 3347
6120 2 2 8 19 3007 3005 3008
6121 2 2 8 19 2908 3344 3446
6122 2 2 8 19 2964 3240 3714
6123 2 2 8 19 3314 3303 3645
6124 2 2 8 19 3514 3050 3711
6125 2 2 8 19 2862 2861 2863
6126 2 2 8 19 3644 3641 3645
6127 2 2 8 19 173 2721 3376
6128 2 2 8 19 2724 151 3542
6129 2 2 8 19 3209 2731 3210
6130 2 2 8 19 2704 3059 3060
6131 2 2 8 19 3201 3202 3652
6132 2 2 8 19 2874 2872 3373
6133 2 2 8 19 3390 2948 3391
6134 2 2 8 19 3303 3304 3645
6135 2 2 8 19 3315 3314 3645
6136 2 2 8 19 3638 3639 3646
6137 2 2 8 19 2878 2876 2879
6138 2 2 8 19 3280 3279 3281
6139 2 2 8 19 3118 2945 3458
6140 2 2 8 19 3209 3210 3211
6141 2 2 8 19 3391 2948 3392
6142 2 2 8 19 302 2948 3390
6143 2 2 8 19 3275 3279 3280
6144 2 2 8 19 3331 2820 3332
6145 2 2 8 19 3209 3211 3212
6146 2 2 8 19 3211 3210 3213
6147 2 2 8 19 2986 2814 3374
6148 2 2 8 19 3108 2988 3443
6149 2 2 8 19 3213 3210 3214
6150 2 2 8 19 3249 3248 3384
6151 2 2 8 19 3318 2769 3586
6152 2 2 8 19 3213 3214 3215
6153 2 2 8 19 3250 2768 3707
6154 2 2 8 19 3285 3286 3287
6155 2 2 8 19 3252 3253 3254
6156 2 2 8 19 3277 3276 3278
6157 2 2 8 19 3275 3277 3279
6158 2 2 8 19 3285 3284 3286
6159 2 2 8 19 3266 3329 3330
6160 2 2 8 19 3253 3251 3255
6161 2 2 8 19 3283 3284 3285
6162 2 2 8 19 3252 3251 3253
6163 2 2 8 19 3247 3245 3248
6164 2 2 8 19 3275 3276 3277
6165 2 2 8 19 3266 3267 3329
6166 2 2 8 19 3643 3641 3644
6167 2 2 8 19 2744 3463 3464
6168 2 2 8 19 3269 3268 3595
6169 2 2 8 19 3266 2717 3267
6170 2 2 8 19 2747 3275 3280
6171 2 2 8 19 2766 3245 3247
6172 2 2 8 19 3283 2711 3284
6173 2 2 8 19 2746 3251 3252
6174 2 2 8 19 3275 3274 3276
6175 2 2 8 19 3245 3244 3246
6176 2 2 8 19 3743 2733 3744
6177 2 2 8 19 3587 3308 3588
6178 2 2 8 19 2821 3483 3540
6179 2 2 8 19 3324 3319 3585
6180 2 2 8 19 2769 3308 3586
6181 2 2 8 19 3319 3318 3586
6182 2 2 8 19 2768 3706 3707
6183 2 2 8 19 3251 3250 3707
6184 2 2 8 19 3642 3641 3643
6185 2 2 8 19 2869 2867 2870
6186 2 2 8 19 112 113 3318
6187 2 2 8 19 267 268 3268
6188 2 2 8 19 265 266 3272
6189 2 2 8 19 170 171 3291
6190 2 2 8 19 264 265 3244
6191 2 2 8 19 180 181 3274
6192 2 2 8 19 276 277 3282
6193 2 2 8 19 206 207 2777
6194 2 2 8 19 215 216 2746
6195 2 2 8 19 202 203 2771
6196 2 2 8 19 147 148 2739
6197 2 2 8 19 113 114 2769
6198 2 2 8 19 111 112 2729
6199 2 2 8 19 136 137 2732
6200 2 2 8 19 274 275 3262
6201 2 2 8 19 228 229 2773
6202 2 2 8 19 240 241 2736
6203 2 2 8 19 286 287 2775
6204 2 2 8 19 290 291 2781
6205 2 2 8 19 302 303 2948
6206 2 2 8 19 288 289 2748
6207 2 2 8 19 298 299 2751
6208 2 2 8 19 214 215 3271
6209 2 2 8 19 232 233 3614
6210 2 2 8 19 251 252 2779
6211 2 2 8 19 253 254 2703
6212 2 2 8 19 255 256 2778
6213 2 2 8 19 263 264 2766
6214 2 2 8 19 266 267 2735
6215 2 2 8 19 277 278 2711
6216 2 2 8 19 279 280 2780
6217 2 2 8 19 226 227 2764
6218 2 2 8 19 224 225 2782
6219 2 2 8 19 217 218 2768
6220 2 2 8 19 204 205 2717
6221 2 2 8 19 230 231 2706
6222 2 2 8 19 275 276 2776
6223 2 2 8 19 243 244 2737
6224 2 2 8 19 99 100 2772
6225 2 2 8 19 252 253 3289
6226 2 2 8 19 144 145 2738
6227 2 2 8 19 134 135 2770
6228 2 2 8 19 182 183 2723
6229 2 2 8 19 179 180 2747
6230 2 2 8 19 178 179 3301
6231 2 2 8 19 216 217 3250
6232 2 2 8 19 122 123 2742
6233 2 2 8 19 101 102 2753
6234 2 2 8 19 135 136 3256
6235 2 2 8 19 158 159 2840
6236 2 2 8 19 109 110 2774
6237 2 2 8 19 124 125 3303
6238 2 2 8 19 156 157 2744
6239 2 2 8 19 191 192 2733
6240 2 2 8 19 125 126 2743
6241 2 2 8 19 278 279 3288
6242 2 2 8 19 166 167 2731
6243 2 2 8 19 193 194 2784
6244 2 2 8 19 154 155 2783
6245 2 2 8 19 169 170 2734
6246 2 2 8 19 103 104 2994
6247 2 2 8 19 123 124 3314
6248 2 2 8 19 115 116 2990
6249 2 2 8 19 132 133 2785
6250 2 2 8 19 218 219 3273
6251 2 2 8 19 250 251 3298
6252 2 2 8 19 205 206 3270
6253 2 2 8 19 110 111 3305
6254 2 2 8 19 181 182 3313
6255 2 2 8 19 203 204 3265
6256 2 2 8 19 155 156 3309
6257 2 2 8 19 146 147 3242
6258 2 2 8 19 254 255 3293
6259 2 2 8 19 262 263 3302
6260 2 2 8 19 100 101 3294
6261 2 2 8 19 133 134 3306
6262 2 2 8 19 114 115 3307
6263 2 2 8 19 183 184 3296
6264 2 2 8 19 102 103 3316
6265 2 2 8 19 145 146 3311
6266 2 2 8 19 347 346 3229
6267 2 2 8 19 3744 2784 3745
6268 2 2 8 19 369 368 3230
6269 2 2 8 19 2738 3311 3312
6270 2 2 8 19 2729 3318 3319
6271 2 2 8 19 2746 3250 3251
6272 2 2 8 19 3242 2739 3243
6273 2 2 8 19 2734 3291 3292
6274 2 2 8 19 2735 3268 3269
6275 2 2 8 19 3309 2744 3310
6276 2 2 8 19 2747 3274 3275
6277 2 2 8 19 2779 3289 3290
6278 2 2 8 19 2766 3244 3245
6279 2 2 8 19 3262 2776 3263
6280 2 2 8 19 3303 2743 3304
6281 2 2 8 19 3282 2711 3283
6282 2 2 8 19 3265 2717 3266
6283 2 2 8 19 2768 3273 3706
6284 2 2 8 19 2723 3296 3297
6285 2 2 8 19 2742 3314 3315
6286 2 2 8 19 2769 3307 3308
6287 2 2 8 19 3294 2753 3295
6288 2 2 8 19 3256 2732 3257
6289 2 2 8 19 3586 3308 3587
6290 2 2 8 19 3585 3586 3587
6291 2 2 8 19 3278 3276 3320
6292 2 2 8 19 3255 3251 3707
6293 2 2 8 19 2729 112 3318
6294 2 2 8 19 2735 267 3268
6295 2 2 8 19 2770 135 3256
6296 2 2 8 19 2734 170 3291
6297 2 2 8 19 3244 265 3272
6298 2 2 8 19 286 2775 3358
6299 2 2 8 19 2772 100 3294
6300 2 2 8 19 2747 180 3274
6301 2 2 8 19 113 2769 3318
6302 2 2 8 19 2746 216 3250
6303 2 2 8 19 2766 264 3244
6304 2 2 8 19 179 2747 3301
6305 2 2 8 19 266 2735 3272
6306 2 2 8 19 277 2711 3282
6307 2 2 8 19 2753 102 3316
6308 2 2 8 19 2779 252 3289
6309 2 2 8 19 275 2776 3262
6310 2 2 8 19 2776 276 3282
6311 2 2 8 19 279 2780 3288
6312 2 2 8 19 147 2739 3242
6313 2 2 8 19 2703 254 3293
6314 2 2 8 19 215 2746 3271
6315 2 2 8 19 156 2744 3309
6316 2 2 8 19 2771 203 3265
6317 2 2 8 19 125 2743 3303
6318 2 2 8 19 206 2777 3270
6319 2 2 8 19 111 2729 3305
6320 2 2 8 19 253 2703 3289
6321 2 2 8 19 217 2768 3250
6322 2 2 8 19 2711 278 3288
6323 2 2 8 19 115 2990 3307
6324 2 2 8 19 2738 145 3311
6325 2 2 8 19 2717 205 3270
6326 2 2 8 19 204 2717 3265
6327 2 2 8 19 2768 218 3273
6328 2 2 8 19 124 3303 3314
6329 2 2 8 19 251 2779 3298
6330 2 2 8 19 182 2723 3313
6331 2 2 8 19 3274 181 3313
6332 2 2 8 19 2742 123 3314
6333 2 2 8 19 2785 133 3306
6334 2 2 8 19 263 2766 3302
6335 2 2 8 19 255 2778 3293
6336 2 2 8 19 2723 183 3296
6337 2 2 8 19 2774 110 3305
6338 2 2 8 19 136 2732 3256
6339 2 2 8 19 134 2770 3306
6340 2 2 8 19 2769 114 3307
6341 2 2 8 19 101 2753 3294
6342 2 2 8 19 2783 155 3309
6343 2 2 8 19 146 3242 3311
6344 2 2 8 19 103 2994 3316
6345 2 2 8 19 3267 2717 3270
6346 2 2 8 19 2747 3280 3301
6347 2 2 8 19 2746 3252 3271
6348 2 2 8 19 2766 3247 3302
6349 2 2 8 19 3276 3274 3313
6350 2 2 8 19 3284 2711 3288
6351 2 2 8 19 3246 3244 3272
6352 2 2 8 19 3585 3319 3586
6353 2 2 8 19 3163 3077 3733
6354 2 2 8 19 3246 3321 3322
6355 2 2 8 19 2968 3190 3634
6356 2 2 8 19 3063 3060 3087
6357 2 2 8 19 3169 2822 3522
6358 2 2 8 19 3323 3319 3324
6359 2 2 8 19 3035 3097 3679
6360 2 2 8 19 3003 3004 3421
6361 2 2 8 19 2873 2872 2874
6362 2 2 8 19 301 302 3390
6363 2 2 8 19 3640 3641 3642
6364 2 2 8 19 2723 3297 3320
6365 2 2 8 19 2735 3269 3321
6366 2 2 8 19 3059 3058 3425
6367 2 2 8 19 3276 3313 3320
6368 2 2 8 19 3246 3272 3321
6369 2 2 8 19 3313 2723 3320
6370 2 2 8 19 3272 2735 3321
6371 2 2 8 19 2938 3068 3122
6372 2 2 8 19 3266 3330 3339
6373 2 2 8 19 3218 2771 3339
6374 2 2 8 19 3305 2729 3323
6375 2 2 8 19 2729 3319 3323
6376 2 2 8 19 3641 3315 3645
6377 2 2 8 19 3168 2947 3169
6378 2 2 8 19 3375 3736 3737
6379 2 2 8 19 3736 2745 3737
6380 2 2 8 19 2927 3451 3550
6381 2 2 8 19 3383 3131 3578
6382 2 2 8 19 3063 3087 3113
6383 2 2 8 19 3363 3362 3364
6384 2 2 8 19 3267 3270 3325
6385 2 2 8 19 3270 2777 3325
6386 2 2 8 19 3210 2731 3337
6387 2 2 8 19 2875 2874 2876
6388 2 2 8 19 2815 2813 3412
6389 2 2 8 19 2731 167 3337
6390 2 2 8 19 3691 3692 3693
6391 2 2 8 19 3228 2928 3366
6392 2 2 8 19 2951 2965 3408
6393 2 2 8 19 3046 2912 3711
6394 2 2 8 19 2771 3265 3339
6395 2 2 8 19 2951 2954 2960
6396 2 2 8 19 2942 2880 3351
6397 2 2 8 19 3465 3649 3650
6398 2 2 8 19 3743 3745 3748
6399 2 2 8 19 3589 3588 3612
6400 2 2 8 19 2966 3051 3085
6401 2 2 8 19 2890 2891 2892
6402 2 2 8 19 3191 3301 3352
6403 2 2 8 19 242 243 3538
6404 2 2 8 19 2990 3589 3612
6405 2 2 8 19 3332 3152 3570
6406 2 2 8 19 2721 3197 3376
6407 2 2 8 19 190 191 3741
6408 2 2 8 19 3301 3280 3352
6409 2 2 8 19 367 366 3613
6410 2 2 8 19 167 168 3337
6411 2 2 8 19 2784 194 3747
6412 2 2 8 19 2905 2903 2906
6413 2 2 8 19 3192 3271 3356
6414 2 2 8 19 2929 2845 2957
6415 2 2 8 19 3216 2738 3354
6416 2 2 8 19 3271 3252 3356
6417 2 2 8 19 3214 3210 3337
6418 2 2 8 19 3154 2848 3412
6419 2 2 8 19 3265 3266 3339
6420 2 2 8 19 3021 3095 3572
6421 2 2 8 19 3257 2985 3258
6422 2 2 8 19 3232 3234 3326
6423 2 2 8 19 2714 3357 3427
6424 2 2 8 19 3093 3106 3107
6425 2 2 8 19 3011 3010 3014
6426 2 2 8 19 3109 3047 3110
6427 2 2 8 19 3009 3008 3010
6428 2 2 8 19 169 2734 3359
6429 2 2 8 19 2949 2919 2981
6430 2 2 8 19 3012 3007 3558
6431 2 2 8 19 2849 3435 3595
6432 2 2 8 19 2799 2797 2800
6433 2 2 8 19 3235 3237 3238
6434 2 2 8 19 2995 3078 3719
6435 2 2 8 19 2856 2855 2857
6436 2 2 8 19 3294 3295 3694
6437 2 2 8 19 2716 187 3597
6438 2 2 8 19 2838 2790 3347
6439 2 2 8 19 2734 3292 3360
6440 2 2 8 19 3232 2998 3233
6441 2 2 8 19 2788 2786 3147
6442 2 2 8 19 3352 3281 3353
6443 2 2 8 19 2837 2836 2845
6444 2 2 8 19 3356 3254 3357
6445 2 2 8 19 3341 3342 3467
6446 2 2 8 19 2889 2887 3708
6447 2 2 8 19 2958 2938 2959
6448 2 2 8 19 3078 3175 3338
6449 2 2 8 19 2974 2950 3145
6450 2 2 8 19 363 362 3578
6451 2 2 8 19 3056 2863 3674
6452 2 2 8 19 3640 3315 3641
6453 2 2 8 19 194 195 3747
6454 2 2 8 19 2804 2806 3556
6455 2 2 8 19 2755 3409 3545
6456 2 2 8 19 3337 168 3359
6457 2 2 8 19 3139 3201 3223
6458 2 2 8 19 3341 3158 3342
6459 2 2 8 19 3214 3337 3359
6460 2 2 8 19 2897 3446 3565
6461 2 2 8 19 2892 2893 2894
6462 2 2 8 19 2858 2857 2859
6463 2 2 8 19 3227 2772 3694
6464 2 2 8 19 3407 3142 3567
6465 2 2 8 19 3144 3407 3567
6466 2 2 8 19 2722 3353 3457
6467 2 2 8 19 3161 3489 3653
6468 2 2 8 19 3280 3281 3352
6469 2 2 8 19 2860 2857 3433
6470 2 2 8 19 2738 3312 3354
6471 2 2 8 19 3252 3254 3356
6472 2 2 8 19 2840 3462 3463
6473 2 2 8 19 2888 2889 2890
6474 2 2 8 19 129 3156 3346
6475 2 2 8 19 3197 3292 3376
6476 2 2 8 19 3451 3481 3550
6477 2 2 8 19 2986 3343 3346
6478 2 2 8 19 168 169 3359
6479 2 2 8 19 3389 301 3390
6480 2 2 8 19 2969 3120 3598
6481 2 2 8 19 3248 3245 3377
6482 2 2 8 19 3067 3066 3402
6483 2 2 8 19 3523 3525 3526
6484 2 2 8 19 290 2781 3664
6485 2 2 8 19 2748 289 3664
6486 2 2 8 19 3054 3137 3405
6487 2 2 8 19 3183 3113 3418
6488 2 2 8 19 3246 3322 3377
6489 2 2 8 19 2816 2828 3374
6490 2 2 8 19 3021 3572 3651
6491 2 2 8 19 3463 3462 3464
6492 2 2 8 19 152 153 2719
6493 2 2 8 19 2850 2818 2851
6494 2 2 8 19 3218 3362 3363
6495 2 2 8 19 3400 2922 3428
6496 2 2 8 19 2872 2877 3373
6497 2 2 8 19 2772 3294 3694
6498 2 2 8 19 2894 2895 2896
6499 2 2 8 19 3203 2762 3598
6500 2 2 8 19 2744 157 3463
6501 2 2 8 19 158 2840 3463
6502 2 2 8 19 3746 2784 3747
6503 2 2 8 19 151 2724 3628
6504 2 2 8 19 3031 3030 3399
6505 2 2 8 19 3086 3404 3568
6506 2 2 8 19 3359 2734 3360
6507 2 2 8 19 3066 3145 3728
6508 2 2 8 19 2955 2934 2961
6509 2 2 8 19 2843 3223 3450
6510 2 2 8 19 3027 3012 3035
6511 2 2 8 19 2886 2887 2888
6512 2 2 8 19 300 301 3389
6513 2 2 8 19 3691 3686 3692
6514 2 2 8 19 3518 2810 3636
6515 2 2 8 19 2751 299 3394
6516 2 2 8 19 3090 3036 3496
6517 2 2 8 19 2710 3204 3629
6518 2 2 8 19 3203 3120 3452
6519 2 2 8 19 285 286 3358
6520 2 2 8 19 3017 3015 3018
6521 2 2 8 19 3095 3021 3406
6522 2 2 8 19 2813 3258 3412
6523 2 2 8 19 2882 2883 2884
6524 2 2 8 19 3472 3094 3725
6525 2 2 8 19 3387 3385 3436
6526 2 2 8 19 2781 3663 3664
6527 2 2 8 19 2712 199 3002
6528 2 2 8 19 2701 3406 3419
6529 2 2 8 19 3141 2755 3545
6530 2 2 8 19 3215 3214 3360
6531 2 2 8 19 3745 2784 3746
6532 2 2 8 19 2792 2790 2838
6533 2 2 8 19 3339 3330 3362
6534 2 2 8 19 3062 3059 3425
6535 2 2 8 19 2787 2789 3228
6536 2 2 8 19 3292 3291 3376
6537 2 2 8 19 2802 2803 2804
6538 2 2 8 19 3357 3044 3427
6539 2 2 8 19 3468 2984 3607
6540 2 2 8 19 3099 2945 3118
6541 2 2 8 19 2830 2831 2832
6542 2 2 8 19 2896 2897 2898
6543 2 2 8 19 2807 2800 2808
6544 2 2 8 19 2998 2997 3137
6545 2 2 8 19 2804 2805 2806
6546 2 2 8 19 3182 3050 3520
6547 2 2 8 19 3671 3670 3716
6548 2 2 8 19 2806 2823 2824
6549 2 2 8 19 2757 352 3479
6550 2 2 8 19 2720 3206 3207
6551 2 2 8 19 3061 3059 3062
6552 2 2 8 19 239 240 3533
6553 2 2 8 19 3214 3359 3360
6554 2 2 8 19 3188 2838 3544
6555 2 2 8 19 3070 3069 3703
6556 2 2 8 19 2874 3373 3471
6557 2 2 8 19 3507 2718 3610
6558 2 2 8 19 3053 3054 3405
6559 2 2 8 19 2710 3399 3510
6560 2 2 8 19 199 200 3002
6561 2 2 8 19 3218 3339 3362
6562 2 2 8 19 3295 2753 3690
6563 2 2 8 19 3225 2742 3639
6564 2 2 8 19 2884 2885 2886
6565 2 2 8 19 3002 3217 3424
6566 2 2 8 19 307 2 3115
6567 2 2 8 19 3130 3132 3476
6568 2 2 8 19 2898 2899 2900
6569 2 2 8 19 3042 3076 3504
6570 2 2 8 19 120 121 2810
6571 2 2 8 19 2817 2808 2818
6572 2 2 8 19 142 143 2820
6573 2 2 8 19 300 3389 3394
6574 2 2 8 19 164 165 2821
6575 2 2 8 19 212 213 2714
6576 2 2 8 19 2762 3229 3598
6577 2 2 8 19 176 177 2722
6578 2 2 8 19 2939 2924 3231
6579 2 2 8 19 2832 2833 2834
6580 2 2 8 19 105 2767 2994
6581 2 2 8 19 3174 3454 3676
6582 2 2 8 19 117 2730 2990
6583 2 2 8 19 2863 2861 3674
6584 2 2 8 19 2824 2944 3040
6585 2 2 8 19 188 189 2745
6586 2 2 8 19 2765 3222 3383
6587 2 2 8 19 3389 3388 3394
6588 2 2 8 19 2900 2901 2902
6589 2 2 8 19 289 290 3664
6590 2 2 8 19 3638 3225 3639
6591 2 2 8 19 3150 2844 3398
6592 2 2 8 19 2793 2798 3490
6593 2 2 8 19 2719 2783 2786
6594 2 2 8 19 2839 3198 3696
6595 2 2 8 19 237 238 2749
6596 2 2 8 19 3267 3325 3682
6597 2 2 8 19 3332 3354 3516
6598 2 2 8 19 2864 2865 2866
6599 2 2 8 19 2736 241 3537
6600 2 2 8 19 2998 3137 3382
6601 2 2 8 19 3217 3218 3424
6602 2 2 8 19 2727 129 3346
6603 2 2 8 19 2987 3420 3431
6604 2 2 8 19 3174 3172 3528
6605 2 2 8 19 2707 273 3185
6606 2 2 8 19 260 261 2700
6607 2 2 8 19 2838 3349 3544
6608 2 2 8 19 2781 3662 3663
6609 2 2 8 19 3283 3264 3543
6610 2 2 8 19 2812 2814 2986
6611 2 2 8 19 3245 3246 3377
6612 2 2 8 19 3502 3466 3648
6613 2 2 8 19 3611 3517 3684
6614 2 2 8 19 3126 3442 3550
6615 2 2 8 19 157 158 3463
6616 2 2 8 19 94 95 3086
6617 2 2 8 19 3364 3235 3710
6618 2 2 8 19 172 173 3376
6619 2 2 8 19 2879 2881 2882
6620 2 2 8 19 3202 3140 3203
6621 2 2 8 19 283 3204 3722
6622 2 2 8 19 3230 2763 3448
6623 2 2 8 19 3004 3473 3513
6624 2 2 8 19 3091 3093 3683
6625 2 2 8 19 2859 2861 2862
6626 2 2 8 19 3238 3237 3239
6627 2 2 8 19 2796 2794 2797
6628 2 2 8 19 2862 2863 2864
6629 2 2 8 19 3139 3223 3224
6630 2 2 8 19 3234 3233 3235
6631 2 2 8 19 3562 2767 3563
6632 2 2 8 19 2789 2791 2928
6633 2 2 8 19 2798 2801 2802
6634 2 2 8 19 299 300 3394
6635 2 2 8 19 2879 2882 3395
6636 2 2 8 19 3690 3316 3695
6637 2 2 8 19 3390 3391 3698
6638 2 2 8 19 2918 2917 2938
6639 2 2 8 19 2982 3187 3616
6640 2 2 8 19 2984 2705 3148
6641 2 2 8 19 2846 3202 3452
6642 2 2 8 19 3310 2744 3464
6643 2 2 8 19 9 398 3552
6644 2 2 8 19 346 9 3552
6645 2 2 8 19 405 10 3553
6646 2 2 8 19 10 369 3553
6647 2 2 8 19 3340 3341 3453
6648 2 2 8 19 3209 3212 3483
6649 2 2 8 19 3243 3413 3414
6650 2 2 8 19 2866 2867 2869
6651 2 2 8 19 2828 2829 2830
6652 2 2 8 19 3743 3748 3749
6653 2 2 8 19 262 3302 3505
6654 2 2 8 19 2728 119 3518
6655 2 2 8 19 3347 3348 3349
6656 2 2 8 19 2870 2872 2873
6657 2 2 8 19 3350 3166 3385
6658 2 2 8 19 3238 3239 3594
6659 2 2 8 19 2902 2903 2905
6660 2 2 8 19 3235 3238 3710
6661 2 2 8 19 2931 2972 3096
6662 2 2 8 19 2989 2961 3361
6663 2 2 8 19 3688 3690 3695
6664 2 2 8 19 2873 2874 2875
6665 2 2 8 19 3029 3030 3031
6666 2 2 8 19 2725 141 3331
6667 2 2 8 19 2875 2876 2878
6668 2 2 8 19 3305 3323 3509
6669 2 2 8 19 139 2985 3074
6670 2 2 8 19 3323 2847 3509
6671 2 2 8 19 2952 2848 2978
6672 2 2 8 19 128 2980 3081
6673 2 2 8 19 150 2979 3082
6674 2 2 8 19 3282 3283 3543
6675 2 2 8 19 3263 2776 3543
6676 2 2 8 19 3420 2987 3734
6677 2 2 8 19 3107 3630 3683
6678 2 2 8 19 3253 3255 3397
6679 2 2 8 19 3241 3085 3519
6680 2 2 8 19 3639 3315 3640
6681 2 2 8 19 3333 3332 3516
6682 2 2 8 19 3748 3745 3751
6683 2 2 8 19 3732 3748 3751
6684 2 2 8 19 161 2718 3088
6685 2 2 8 19 3432 2908 3577
6686 2 2 8 19 3073 2982 3616
6687 2 2 8 19 3622 3623 3626
6688 2 2 8 19 2965 3084 3498
6689 2 2 8 19 259 3095 3406
6690 2 2 8 19 2799 2800 2807
6691 2 2 8 19 3533 2736 3535
6692 2 2 8 19 3159 2760 3560
6693 2 2 8 19 3588 3308 3612
6694 2 2 8 19 3344 2908 3432
6695 2 2 8 19 2935 2968 3064
6696 2 2 8 19 2781 291 3667
6697 2 2 8 19 3048 3109 3702
6698 2 2 8 19 2752 106 3605
6699 2 2 8 19 2954 3098 3539
6700 2 2 8 19 3019 3020 3021
6701 2 2 8 19 3222 2765 3752
6702 2 2 8 19 2770 3256 3724
6703 2 2 8 19 3659 3666 3668
6704 2 2 8 19 3307 2990 3612
6705 2 2 8 19 2931 3096 3445
6706 2 2 8 19 2856 2857 2858
6707 2 2 8 19 3093 3107 3683
6708 2 2 8 19 3388 3389 3698
6709 2 2 8 19 3284 3288 3718
6710 2 2 8 19 3152 3153 3570
6711 2 2 8 19 3432 3023 3548
6712 2 2 8 19 3223 3201 3450
6713 2 2 8 19 3460 3507 3610
6714 2 2 8 19 3685 3686 3687
6715 2 2 8 19 3061 3062 3080
6716 2 2 8 19 3168 3166 3350
6717 2 2 8 19 3202 2846 3652
6718 2 2 8 19 3345 2740 3469
6719 2 2 8 19 2853 2855 2856
6720 2 2 8 19 3013 3029 3473
6721 2 2 8 19 2955 2961 2989
6722 2 2 8 19 3665 3657 3668
6723 2 2 8 19 2965 2960 3083
6724 2 2 8 19 2850 2851 2976
6725 2 2 8 19 2834 2835 2836
6726 2 2 8 19 3537 242 3538
6727 2 2 8 19 3015 3014 3189
6728 2 2 8 19 2737 245 3065
6729 2 2 8 19 185 3379 3726
6730 2 2 8 19 3430 2941 3511
6731 2 2 8 19 3181 2995 3494
6732 2 2 8 19 2913 2909 3631
6733 2 2 8 19 3258 2985 3261
6734 2 2 8 19 3146 2961 3554
6735 2 2 8 19 2793 2795 2798
6736 2 2 8 19 3035 3012 3558
6737 2 2 8 19 3243 2739 3413
6738 2 2 8 19 3408 2965 3498
6739 2 2 8 19 351 350 3380
6740 2 2 8 19 3220 2822 3725
6741 2 2 8 19 2869 2870 3381
6742 2 2 8 19 3027 3035 3679
6743 2 2 8 19 3497 3496 3680
6744 2 2 8 19 2832 2831 2833
6745 2 2 8 19 3306 2770 3416
6746 2 2 8 19 3663 3662 3665
6747 2 2 8 19 249 250 3566
6748 2 2 8 19 3154 3261 3575
6749 2 2 8 19 2763 367 3613
6750 2 2 8 19 240 2736 3533
6751 2 2 8 19 3257 3258 3259
6752 2 2 8 19 2983 2705 2984
6753 2 2 8 19 284 285 2709
6754 2 2 8 19 3019 3018 3020
6755 2 2 8 19 3585 3587 3590
6756 2 2 8 19 3403 2754 3493
6757 2 2 8 19 2848 2815 3412
6758 2 2 8 19 2824 3040 3420
6759 2 2 8 19 3326 3681 3682
6760 2 2 8 19 2878 2879 3395
6761 2 2 8 19 2826 2815 2848
6762 2 2 8 19 2952 2978 3072
6763 2 2 8 19 2753 3316 3690
6764 2 2 8 19 3352 3353 3486
6765 2 2 8 19 2841 2774 2842
6766 2 2 8 19 3556 2806 3712
6767 2 2 8 19 3746 3731 3751
6768 2 2 8 19 130 131 2726
6769 2 2 8 19 2742 3315 3639
6770 2 2 8 19 2804 2803 2805
6771 2 2 8 19 3356 3357 3485
6772 2 2 8 19 2965 3083 3084
6773 2 2 8 19 2905 2906 2907
6774 2 2 8 19 3326 3325 3328
6775 2 2 8 19 3438 3437 3528
6776 2 2 8 19 3162 3127 3481
6777 2 2 8 19 2817 2818 2850
6778 2 2 8 19 2802 2801 2803
6779 2 2 8 19 3235 3236 3237
6780 2 2 8 19 2859 2862 3417
6781 2 2 8 19 2806 2805 2823
6782 2 2 8 19 2830 2829 2831
6783 2 2 8 19 272 273 2707
6784 2 2 8 19 2824 2823 2944
6785 2 2 8 19 3135 3188 3544
6786 2 2 8 19 2834 2833 2835
6787 2 2 8 19 2976 2851 3410
6788 2 2 8 19 3739 3740 3741
6789 2 2 8 19 3028 3100 3102
6790 2 2 8 19 2959 3123 3124
6791 2 2 8 19 273 274 3549
6792 2 2 8 19 2962 3731 3747
6793 2 2 8 19 3474 2907 3683
6794 2 2 8 19 362 2765 3578
6795 2 2 8 19 3172 3438 3528
6796 2 2 8 19 2816 2827 2828
6797 2 2 8 19 2822 3220 3522
6798 2 2 8 19 3132 3383 3400
6799 2 2 8 19 2925 2934 2955
6800 2 2 8 19 3322 3111 3596
6801 2 2 8 19 3190 2761 3634
6802 2 2 8 19 2935 3064 3434
6803 2 2 8 19 3026 3111 3435
6804 2 2 8 19 3302 3247 3567
6805 2 2 8 19 2807 2808 2817
6806 2 2 8 19 2796 2797 2799
6807 2 2 8 19 3021 3020 3022
6808 2 2 8 19 2931 2878 2971
6809 2 2 8 19 2838 3347 3349
6810 2 2 8 19 2882 2922 3395
6811 2 2 8 19 3329 3267 3682
6812 2 2 8 19 3193 2722 3457
6813 2 2 8 19 3118 3458 3620
6814 2 2 8 19 3218 3363 3424
6815 2 2 8 19 2861 3495 3674
6816 2 2 8 19 2972 2971 3222
6817 2 2 8 19 3126 3441 3442
6818 2 2 8 19 3229 2969 3598
6819 2 2 8 19 3646 3637 3647
6820 2 2 8 19 241 242 3537
6821 2 2 8 19 2833 2831 2843
6822 2 2 8 19 3134 3194 3198
6823 2 2 8 19 3740 190 3741
6824 2 2 8 19 2935 2869 2967
6825 2 2 8 19 2724 3542 3606
6826 2 2 8 19 208 209 3328
6827 2 2 8 19 2751 3394 3436
6828 2 2 8 19 3441 2911 3442
6829 2 2 8 19 2967 2869 3381
6830 2 2 8 19 3184 3494 3719
6831 2 2 8 19 3022 3023 3024
6832 2 2 8 19 2968 2967 3409
6833 2 2 8 19 2748 3664 3666
6834 2 2 8 19 3060 3059 3061
6835 2 2 8 19 162 2720 3517
6836 2 2 8 19 3483 3212 3540
6837 2 2 8 19 2886 2888 2914
6838 2 2 8 19 2993 3370 3371
6839 2 2 8 19 3022 3020 3023
6840 2 2 8 19 2952 3072 3089
6841 2 2 8 19 3075 2701 3551
6842 2 2 8 19 3120 3203 3598
6843 2 2 8 19 2997 2996 3735
6844 2 2 8 19 3437 2819 3528
6845 2 2 8 19 2882 2884 2922
6846 2 2 8 19 3096 3409 3730
6847 2 2 8 19 3222 2971 3487
6848 2 2 8 19 2858 2859 3417
6849 2 2 8 19 3116 3415 3597
6850 2 2 8 19 3444 2962 3489
6851 2 2 8 19 3239 3237 3240
6852 2 2 8 19 3071 3444 3489
6853 2 2 8 19 2890 2892 2926
6854 2 2 8 19 3343 2986 3374
6855 2 2 8 19 2999 2988 3108
6856 2 2 8 19 2875 2878 2931
6857 2 2 8 19 3644 3648 3649
6858 2 2 8 19 2862 2864 2930
6859 2 2 8 19 2936 2858 2988
6860 2 2 8 19 2845 2836 2846
6861 2 2 8 19 3365 3327 3546
6862 2 2 8 19 2829 2827 2987
6863 2 2 8 19 3662 3660 3665
6864 2 2 8 19 2805 2803 2932
6865 2 2 8 19 2870 2873 3381
6866 2 2 8 19 132 2785 3625
6867 2 2 8 19 2944 2823 2945
6868 2 2 8 19 3049 3182 3629
6869 2 2 8 19 2866 2869 2935
6870 2 2 8 19 2850 2976 2977
6871 2 2 8 19 2931 2971 2972
6872 2 2 8 19 3200 2714 3427
6873 2 2 8 19 3189 3344 3432
6874 2 2 8 19 2714 3192 3485
6875 2 2 8 19 2722 3191 3486
6876 2 2 8 19 2977 2976 3378
6877 2 2 8 19 3621 3609 3623
6878 2 2 8 19 2826 2848 2952
6879 2 2 8 19 2856 2858 2936
6880 2 2 8 19 3006 3013 3473
6881 2 2 8 19 2775 3671 3716
6882 2 2 8 19 2910 2917 2918
6883 2 2 8 19 2785 3622 3626
6884 2 2 8 19 3021 3022 3406
6885 2 2 8 19 3062 3163 3512
6886 2 2 8 19 3093 3094 3106
6887 2 2 8 19 3304 2743 3502
6888 2 2 8 19 3000 2945 3099
6889 2 2 8 19 3198 2981 3696
6890 2 2 8 19 2894 2896 2911
6891 2 2 8 19 2944 2945 3000
6892 2 2 8 19 3334 3336 3499
6893 2 2 8 19 3336 3243 3499
6894 2 2 8 19 2807 2817 2819
6895 2 2 8 19 2796 2799 2809
6896 2 2 8 19 3501 3466 3502
6897 2 2 8 19 3299 3290 3504
6898 2 2 8 19 3572 3143 3651
6899 2 2 8 19 3114 2957 3447
6900 2 2 8 19 3000 3099 3380
6901 2 2 8 19 2816 2815 2826
6902 2 2 8 19 3644 3304 3648
6903 2 2 8 19 2935 2967 2968
6904 2 2 8 19 3001 2946 3484
6905 2 2 8 19 3187 2983 3511
6906 2 2 8 19 2898 2900 2927
6907 2 2 8 19 2789 2788 2790
6908 2 2 8 19 2795 2794 2796
6909 2 2 8 19 2793 2792 2794
6910 2 2 8 19 2791 2790 2792
6911 2 2 8 19 3304 3502 3648
6912 2 2 8 19 163 3219 3449
6913 2 2 8 19 2814 2815 2816
6914 2 2 8 19 3406 3022 3419
6915 2 2 8 19 3022 3024 3419
6916 2 2 8 19 2793 2794 2795
6917 2 2 8 19 3219 2821 3540
6918 2 2 8 19 3459 2763 3613
6919 2 2 8 19 2936 2988 2999
6920 2 2 8 19 2821 3208 3483
6921 2 2 8 19 403 404 3472
6922 2 2 8 19 3449 3219 3540
6923 2 2 8 19 3014 3010 3038
6924 2 2 8 19 3083 3415 3484
6925 2 2 8 19 2791 2792 2793
6926 2 2 8 19 3306 3416 3622
6927 2 2 8 19 2789 2790 2791
6928 2 2 8 19 2798 2795 2801
6929 2 2 8 19 2971 2878 3395
6930 2 2 8 19 2960 3037 3401
6931 2 2 8 19 3145 2949 3728
6932 2 2 8 19 3024 3023 3355
6933 2 2 8 19 2902 2905 2916
6934 2 2 8 19 2803 2801 3422
6935 2 2 8 19 2989 3351 3471
6936 2 2 8 19 3189 3014 3344
6937 2 2 8 19 2838 3188 3508
6938 2 2 8 19 3202 3203 3452
6939 2 2 8 19 3115 402 3169
6940 2 2 8 19 3107 3106 3448
6941 2 2 8 19 2787 2788 2789
6942 2 2 8 19 3204 2710 3722
6943 2 2 8 19 2862 2930 3417
6944 2 2 8 19 3079 2957 3114
6945 2 2 8 19 2828 2827 2829
6946 2 2 8 19 189 190 3740
6947 2 2 8 19 3421 2913 3631
6948 2 2 8 19 3664 3663 3666
6949 2 2 8 19 3089 3712 3734
6950 2 2 8 19 2921 3512 3733
6951 2 2 8 19 3091 3092 3093
6952 2 2 8 19 2851 2853 3410
6953 2 2 8 19 3208 3209 3483
6954 2 2 8 19 3029 3032 3473
6955 2 2 8 19 3409 2967 3730
6956 2 2 8 19 3079 3114 3180
6957 2 2 8 19 3164 2921 3733
6958 2 2 8 19 2923 2871 3619
6959 2 2 8 19 3104 2787 3228
6960 2 2 8 19 3229 346 3552
6961 2 2 8 19 2787 2786 2788
6962 2 2 8 19 3663 3665 3668
6963 2 2 8 19 3108 3443 3601
6964 2 2 8 19 3327 3329 3681
6965 2 2 8 19 106 2752 3580
6966 2 2 8 19 3093 3092 3094
6967 2 2 8 19 369 3230 3553
6968 2 2 8 19 3649 3648 3650
6969 2 2 8 19 2814 2813 2815
6970 2 2 8 19 3107 3448 3459
6971 2 2 8 19 3394 3388 3436
6972 2 2 8 19 2907 2906 3429
6973 2 2 8 19 2816 2826 2827
6974 2 2 8 19 2730 3576 3588
6975 2 2 8 19 2765 3383 3578
6976 2 2 8 19 3083 2960 3401
6977 2 2 8 19 3325 2777 3328
6978 2 2 8 19 3228 3366 3542
6979 2 2 8 19 162 3517 3611
6980 2 2 8 19 3014 3038 3344
6981 2 2 8 19 3336 3334 3516
6982 2 2 8 19 3312 3336 3516
6983 2 2 8 19 2737 3065 3677
6984 2 2 8 19 3084 3433 3498
6985 2 2 8 19 3462 3461 3507
6986 2 2 8 19 2951 2960 2965
6987 2 2 8 19 3204 3049 3629
6988 2 2 8 19 2918 2958 3091
6989 2 2 8 19 2726 2812 3156
6990 2 2 8 19 2988 2858 3417
6991 2 2 8 19 2918 2938 2958
6992 2 2 8 19 3124 3166 3168
6993 2 2 8 19 3338 3184 3719
6994 2 2 8 19 3277 3278 3539
6995 2 2 8 19 3037 3379 3401
6996 2 2 8 19 3176 3079 3180
6997 2 2 8 19 2853 2856 3410
6998 2 2 8 19 2720 3207 3517
6999 2 2 8 19 281 3039 3524
7000 2 2 8 19 398 2969 3552
7001 2 2 8 19 3051 3181 3576
7002 2 2 8 19 3153 3150 3398
7003 2 2 8 19 2884 2886 3428
7004 2 2 8 19 2970 405 3553
7005 2 2 8 19 2752 3184 3338
7006 2 2 8 19 2812 2811 2813
7007 2 2 8 19 3344 3038 3446
7008 2 2 8 19 3622 3621 3623
7009 2 2 8 19 3378 2976 3600
7010 2 2 8 19 3084 3083 3484
7011 2 2 8 19 3029 3031 3032
7012 2 2 8 19 3700 3052 3704
7013 2 2 8 19 2888 2890 3426
7014 2 2 8 19 3258 3261 3412
7015 2 2 8 19 2812 2813 2814
7016 2 2 8 19 3192 3356 3485
7017 2 2 8 19 2969 3229 3552
7018 2 2 8 19 3191 3352 3486
7019 2 2 8 19 3689 3687 3695
7020 2 2 8 19 3608 3259 3609
7021 2 2 8 19 3669 3659 3670
7022 2 2 8 19 2748 3669 3671
7023 2 2 8 19 3091 2958 3092
7024 2 2 8 19 3400 3428 3713
7025 2 2 8 19 2774 3305 3509
7026 2 2 8 19 3116 3001 3415
7027 2 2 8 19 2932 2803 3422
7028 2 2 8 19 3230 2970 3553
7029 2 2 8 19 3235 3233 3236
7030 2 2 8 19 3418 2749 3529
7031 2 2 8 19 3576 3581 3588
7032 2 2 8 19 2844 2804 3556
7033 2 2 8 19 2932 3422 3423
7034 2 2 8 19 3063 3183 3677
7035 2 2 8 19 2843 2831 3431
7036 2 2 8 19 2759 3224 3604
7037 2 2 8 19 2922 3400 3487
7038 2 2 8 19 3018 3015 3189
7039 2 2 8 19 3178 3403 3493
7040 2 2 8 19 3076 3077 3163
7041 2 2 8 19 2713 3232 3328
7042 2 2 8 19 2906 2910 3429
7043 2 2 8 19 2709 3358 3369
7044 2 2 8 19 3076 3075 3077
7045 2 2 8 19 2813 2811 3258
7046 2 2 8 19 104 105 2994
7047 2 2 8 19 2726 131 3624
7048 2 2 8 19 2970 3230 3723
7049 2 2 8 19 261 262 3505
7050 2 2 8 19 3243 3414 3499
7051 2 2 8 19 2892 2894 3439
7052 2 2 8 19 3189 3432 3548
7053 2 2 8 19 3233 2998 3382
7054 2 2 8 19 2864 2866 3434
7055 2 2 8 19 2776 3282 3543
7056 2 2 8 19 2940 2964 3495
7057 2 2 8 19 3098 3277 3539
7058 2 2 8 19 2980 3453 3465
7059 2 2 8 19 274 3262 3549
7060 2 2 8 19 3482 3051 3576
7061 2 2 8 19 3464 3462 3477
7062 2 2 8 19 2809 3437 3438
7063 2 2 8 19 3416 3621 3622
7064 2 2 8 19 2952 3089 3456
7065 2 2 8 19 2957 2845 3447
7066 2 2 8 19 3515 3363 3710
7067 2 2 8 19 3081 3501 3502
7068 2 2 8 19 3418 3113 3607
7069 2 2 8 19 3402 3066 3728
7070 2 2 8 19 2976 3410 3600
7071 2 2 8 19 3078 3338 3719
7072 2 2 8 19 116 117 2990
7073 2 2 8 19 2873 2875 3445
7074 2 2 8 19 3590 3583 3720
7075 2 2 8 19 3585 3590 3720
7076 2 2 8 19 2914 2888 3426
7077 2 2 8 19 3168 3350 3478
7078 2 2 8 19 250 3298 3566
7079 2 2 8 19 2831 2829 3431
7080 2 2 8 19 2886 2914 3428
7081 2 2 8 19 3666 3659 3669
7082 2 2 8 19 2829 2987 3431
7083 2 2 8 19 2856 2936 3410
7084 2 2 8 19 2922 2884 3428
7085 2 2 8 19 3506 2979 3715
7086 2 2 8 19 2926 3439 3440
7087 2 2 8 19 3236 3233 3382
7088 2 2 8 19 3454 2977 3676
7089 2 2 8 19 3108 3601 3721
7090 2 2 8 19 2945 2823 3458
7091 2 2 8 19 3099 3118 3479
7092 2 2 8 19 2794 2792 3508
7093 2 2 8 19 2973 3146 3554
7094 2 2 8 19 2913 3514 3711
7095 2 2 8 19 3655 3069 3656
7096 2 2 8 19 2900 2902 3451
7097 2 2 8 19 3086 95 3404
7098 2 2 8 19 3148 3155 3418
7099 2 2 8 19 2754 3403 3404
7100 2 2 8 19 2987 2827 3456
7101 2 2 8 19 107 108 2841
7102 2 2 8 19 296 297 3386
7103 2 2 8 19 2726 2811 2812
7104 2 2 8 19 2890 2926 3426
7105 2 2 8 19 3378 2760 3569
7106 2 2 8 19 2875 2931 3445
7107 2 2 8 19 2850 2977 3454
7108 2 2 8 19 3386 3385 3480
7109 2 2 8 19 2785 3306 3622
7110 2 2 8 19 291 292 3667
7111 2 2 8 19 2703 3293 3602
7112 2 2 8 19 3431 3420 3559
7113 2 2 8 19 3308 3307 3612
7114 2 2 8 19 2833 2843 3450
7115 2 2 8 19 3010 3008 3488
7116 2 2 8 19 2799 2807 3437
7117 2 2 8 19 2866 2935 3434
7118 2 2 8 19 3324 3585 3720
7119 2 2 8 19 2926 2892 3439
7120 2 2 8 19 2913 3421 3514
7121 2 2 8 19 2845 2846 3447
7122 2 2 8 19 2930 2864 3434
7123 2 2 8 19 2835 2833 3450
7124 2 2 8 19 3168 3169 3522
7125 2 2 8 19 3000 3604 3633
7126 2 2 8 19 3058 2702 3425
7127 2 2 8 19 2796 2809 3455
7128 2 2 8 19 2984 3148 3607
7129 2 2 8 19 3381 2873 3445
7130 2 2 8 19 3422 2801 3455
7131 2 2 8 19 2817 2850 3454
7132 2 2 8 19 2791 2793 3490
7133 2 2 8 19 2724 3606 3627
7134 2 2 8 19 3000 3380 3604
7135 2 2 8 19 3366 3151 3606
7136 2 2 8 19 2807 2819 3437
7137 2 2 8 19 3258 2811 3259
7138 2 2 8 19 2826 2952 3456
7139 2 2 8 19 2846 2836 3652
7140 2 2 8 19 3574 140 3575
7141 2 2 8 19 2944 3000 3633
7142 2 2 8 19 3625 2785 3626
7143 2 2 8 19 3256 3257 3724
7144 2 2 8 19 3442 2927 3550
7145 2 2 8 19 3648 3466 3650
7146 2 2 8 19 3530 3533 3535
7147 2 2 8 19 2894 2911 3439
7148 2 2 8 19 2712 3515 3710
7149 2 2 8 19 2927 3442 3561
7150 2 2 8 19 3288 2780 3718
7151 2 2 8 19 3071 3375 3444
7152 2 2 8 19 3442 2911 3561
7153 2 2 8 19 2809 2799 3437
7154 2 2 8 19 2974 3145 3675
7155 2 2 8 19 2823 2805 3458
7156 2 2 8 19 3080 3062 3512
7157 2 2 8 19 2805 2932 3458
7158 2 2 8 19 3070 3368 3658
7159 2 2 8 19 2947 3115 3169
7160 2 2 8 19 3349 3348 3684
7161 2 2 8 19 2819 2817 3454
7162 2 2 8 19 3389 3390 3698
7163 2 2 8 19 2795 2796 3455
7164 2 2 8 19 3385 3166 3480
7165 2 2 8 19 2719 2787 3104
7166 2 2 8 19 3090 3496 3497
7167 2 2 8 19 3488 3170 3565
7168 2 2 8 19 3350 3385 3387
7169 2 2 8 19 3196 3449 3540
7170 2 2 8 19 2719 2786 2787
7171 2 2 8 19 2978 3154 3709
7172 2 2 8 19 269 270 2849
7173 2 2 8 19 160 161 3088
7174 2 2 8 19 3061 3557 3599
7175 2 2 8 19 3411 2928 3490
7176 2 2 8 19 2902 2916 3451
7177 2 2 8 19 2927 2900 3451
7178 2 2 8 19 2985 139 3574
7179 2 2 8 19 164 2821 3219
7180 2 2 8 19 2953 3491 3492
7181 2 2 8 19 3042 3075 3076
7182 2 2 8 19 2792 2838 3508
7183 2 2 8 19 2914 3426 3476
7184 2 2 8 19 3610 2718 3611
7185 2 2 8 19 2910 2918 3429
7186 2 2 8 19 2928 2791 3490
7187 2 2 8 19 2991 3655 3656
7188 2 2 8 19 3405 2923 3619
7189 2 2 8 19 2701 3419 3551
7190 2 2 8 19 3096 2972 3545
7191 2 2 8 19 3413 3082 3506
7192 2 2 8 19 3331 3332 3570
7193 2 2 8 19 3459 3162 3630
7194 2 2 8 19 2801 2795 3455
7195 2 2 8 19 2887 3557 3708
7196 2 2 8 19 2975 3579 3675
7197 2 2 8 19 3656 3070 3657
7198 2 2 8 19 3670 3672 3673
7199 2 2 8 19 3672 3369 3673
7200 2 2 8 19 3455 2809 3727
7201 2 2 8 19 3261 2985 3574
7202 2 2 8 19 2918 3091 3429
7203 2 2 8 19 3178 3176 3179
7204 2 2 8 19 2841 3184 3605
7205 2 2 8 19 2959 3124 3220
7206 2 2 8 19 3422 3455 3727
7207 2 2 8 19 3045 3165 3503
7208 2 2 8 19 2700 3142 3407
7209 2 2 8 19 2911 2896 3561
7210 2 2 8 19 3231 2997 3735
7211 2 2 8 19 2760 3378 3560
7212 2 2 8 19 3584 3591 3592
7213 2 2 8 19 3591 3324 3592
7214 2 2 8 19 2943 3187 3511
7215 2 2 8 19 3542 3366 3606
7216 2 2 8 19 3445 3096 3730
7217 2 2 8 19 3624 3625 3626
7218 2 2 8 19 2898 2927 3561
7219 2 2 8 19 3038 3010 3488
7220 2 2 8 19 3384 3112 3547
7221 2 2 8 19 3129 3440 3441
7222 2 2 8 19 2827 2826 3456
7223 2 2 8 19 2905 2907 3474
7224 2 2 8 19 3421 3004 3513
7225 2 2 8 19 3395 2922 3487
7226 2 2 8 19 3513 3032 3514
7227 2 2 8 19 3681 3329 3682
7228 2 2 8 19 2896 2898 3561
7229 2 2 8 19 3494 2995 3719
7230 2 2 8 19 3232 3326 3328
7231 2 2 8 19 3604 3224 3633
7232 2 2 8 19 3446 3038 3565
7233 2 2 8 19 3451 2916 3481
7234 2 2 8 19 2983 3430 3511
7235 2 2 8 19 3199 3195 3541
7236 2 2 8 19 3448 2763 3459
7237 2 2 8 19 3034 3355 3577
7238 2 2 8 19 3606 3335 3627
7239 2 2 8 19 3415 2716 3597
7240 2 2 8 19 233 3073 3614
7241 2 2 8 19 3425 2702 3504
7242 2 2 8 19 3178 3179 3403
7243 2 2 8 19 3109 3368 3702
7244 2 2 8 19 3002 3424 3515
7245 2 2 8 19 3410 2936 3600
7246 2 2 8 19 140 2725 3575
7247 2 2 8 19 2916 2905 3474
7248 2 2 8 19 3414 3506 3715
7249 2 2 8 19 3415 3001 3484
7250 2 2 8 19 2939 3231 3735
7251 2 2 8 19 3200 3427 3717
7252 2 2 8 19 3060 3061 3599
7253 2 2 8 19 2996 3564 3735
7254 2 2 8 19 2991 3656 3660
7255 2 2 8 19 2761 3601 3634
7256 2 2 8 19 3426 2926 3573
7257 2 2 8 19 3107 3459 3630
7258 2 2 8 19 3745 3746 3751
7259 2 2 8 19 3023 3020 3548
7260 2 2 8 19 3094 3472 3632
7261 2 2 8 19 3608 3609 3621
7262 2 2 8 19 3489 2962 3653
7263 2 2 8 19 3077 3075 3551
7264 2 2 8 19 3526 3286 3527
7265 2 2 8 19 3524 3526 3527
7266 2 2 8 19 2708 3496 3699
7267 2 2 8 19 3249 3025 3651
7268 2 2 8 19 3480 3166 3491
7269 2 2 8 19 3460 3477 3507
7270 2 2 8 19 3477 3462 3507
7271 2 2 8 19 2971 3395 3487
7272 2 2 8 19 3503 3165 3705
7273 2 2 8 19 130 2726 3156
7274 2 2 8 19 3061 3080 3557
7275 2 2 8 19 2778 3041 3042
7276 2 2 8 19 3518 3342 3519
7277 2 2 8 19 2953 3480 3491
7278 2 2 8 19 3113 3087 3571
7279 2 2 8 19 3476 3426 3573
7280 2 2 8 19 3184 2752 3605
7281 2 2 8 19 2977 3378 3569
7282 2 2 8 19 3212 3211 3541
7283 2 2 8 19 3368 3070 3702
7284 2 2 8 19 3435 2849 3704
7285 2 2 8 19 2914 3476 3713
7286 2 2 8 19 3040 2944 3633
7287 2 2 8 19 149 150 3082
7288 2 2 8 19 3039 3510 3523
7289 2 2 8 19 2936 2999 3600
7290 2 2 8 19 3230 3448 3723
7291 2 2 8 19 127 128 3081
7292 2 2 8 19 3153 3398 3709
7293 2 2 8 19 3032 3031 3520
7294 2 2 8 19 3273 2741 3705
7295 2 2 8 19 3458 2932 3620
7296 2 2 8 19 2947 307 3115
7297 2 2 8 19 118 2728 3482
7298 2 2 8 19 3064 2968 3634
7299 2 2 8 19 175 3193 3579
7300 2 2 8 19 2979 3627 3715
7301 2 2 8 19 3416 3260 3608
7302 2 2 8 19 3473 3032 3513
7303 2 2 8 19 3427 3564 3717
7304 2 2 8 19 3087 3060 3599
7305 2 2 8 19 3398 2978 3709
7306 2 2 8 19 3132 3400 3713
7307 2 2 8 19 3050 3046 3711
7308 2 2 8 19 138 139 3074
7309 2 2 8 19 3371 3615 3635
7310 2 2 8 19 2707 3185 3186
7311 2 2 8 19 3370 3469 3470
7312 2 2 8 19 2836 2835 3652
7313 2 2 8 19 2915 3468 3571
7314 2 2 8 19 3042 3041 3075
7315 2 2 8 19 3363 3364 3710
7316 2 2 8 19 2979 150 3628
7317 2 2 8 19 3420 3040 3559
7318 2 2 8 19 3106 3094 3632
7319 2 2 8 19 3196 3540 3541
7320 2 2 8 19 3491 3123 3492
7321 2 2 8 19 2926 3440 3573
7322 2 2 8 19 3423 3422 3727
7323 2 2 8 19 3193 3457 3579
7324 2 2 8 19 3514 3032 3520
7325 2 2 8 19 3419 3024 3521
7326 2 2 8 19 3147 3460 3610
7327 2 2 8 19 3020 3018 3548
7328 2 2 8 19 3481 3127 3550
7329 2 2 8 19 2932 3423 3620
7330 2 2 8 19 3379 3037 3726
7331 2 2 8 19 3666 3663 3668
7332 2 2 8 19 3130 3476 3573
7333 2 2 8 19 3557 3121 3599
7334 2 2 8 19 3438 3423 3727
7335 2 2 8 19 3183 3418 3529
7336 2 2 8 19 2748 3666 3669
7337 2 2 8 19 3386 3480 3618
7338 2 2 8 19 3348 3610 3611
7339 2 2 8 19 3443 3064 3601
7340 2 2 8 19 3583 3590 3697
7341 2 2 8 19 3177 3562 3563
7342 2 2 8 19 3583 3592 3720
7343 2 2 8 19 2767 3562 3685
7344 2 2 8 19 2841 2842 3184
7345 2 2 8 19 3053 3405 3619
7346 2 2 8 19 2809 3438 3727
7347 2 2 8 19 3089 3072 3712
7348 2 2 8 19 3038 3488 3565
7349 2 2 8 19 3179 3176 3180
7350 2 2 8 19 3094 3092 3725
7351 2 2 8 19 3207 3206 3753
7352 2 2 8 19 3592 3324 3720
7353 2 2 8 19 212 2714 3200
7354 2 2 8 19 3545 2972 3752
7355 2 2 8 19 3018 3189 3548
7356 2 2 8 19 3381 3445 3730
7357 2 2 8 19 2824 3420 3734
7358 2 2 8 19 248 2702 3058
7359 2 2 8 19 3421 3513 3514
7360 2 2 8 19 3615 3073 3616
7361 2 2 8 19 3211 3199 3541
7362 2 2 8 19 2843 3431 3559
7363 2 2 8 19 3657 3070 3658
7364 2 2 8 19 3184 2842 3494
7365 2 2 8 19 3557 3080 3708
7366 2 2 8 19 3540 3212 3541
7367 2 2 8 19 3423 3475 3620
7368 2 2 8 19 3106 3632 3723
7369 2 2 8 19 3615 3616 3635
7370 2 2 8 19 2972 3222 3752
7371 2 2 8 19 284 2709 3367
7372 2 2 8 19 3627 2979 3628
7373 2 2 8 19 3465 3341 3467
7374 2 2 8 19 3370 3345 3469
7375 2 2 8 19 3003 3421 3631
7376 2 2 8 19 3584 3592 3701
7377 2 2 8 19 3591 3584 3593
7378 2 2 8 19 2847 3591 3593
7379 2 2 8 19 3261 3574 3575
7380 2 2 8 19 131 132 3625
7381 2 2 8 19 3670 3673 3716
7382 2 2 8 19 2750 3654 3655
7383 2 2 8 19 2967 3381 3730
7384 2 2 8 19 2991 3660 3661
7385 2 2 8 19 3072 3556 3712
7386 2 2 8 19 237 2749 3155
7387 2 2 8 19 176 2722 3193
7388 2 2 8 19 152 2719 3104
7389 2 2 8 19 3177 3563 3580
7390 2 2 8 19 3480 2953 3618
7391 2 2 8 19 3124 3168 3522
7392 2 2 8 19 3178 3493 3685
7393 2 2 8 19 3517 3207 3684
7394 2 2 8 19 3419 3521 3551
7395 2 2 8 19 3476 3132 3713
7396 2 2 8 19 3148 3418 3607
7397 2 2 8 19 196 197 2962
7398 2 2 8 19 3530 3535 3678
7399 2 2 8 19 2700 3143 3572
7400 2 2 8 19 3135 3544 3753
7401 2 2 8 19 3375 3116 3736
7402 2 2 8 19 2993 3371 3635
7403 2 2 8 19 3601 3064 3634
7404 2 2 8 19 3453 3341 3465
7405 2 2 8 19 3342 3518 3636
7406 2 2 8 19 3428 2914 3713
7407 2 2 8 19 3087 3599 3603
7408 2 2 8 19 3448 3106 3723
7409 2 2 8 19 2915 3571 3603
7410 2 2 8 19 3654 3069 3655
7411 2 2 8 19 272 2707 3097
7412 2 2 8 19 3563 106 3580
7413 2 2 8 19 3495 2964 3714
7414 2 2 8 19 3495 3056 3674
7415 2 2 8 19 3496 3036 3699
7416 2 2 8 19 3569 3173 3676
7417 2 2 8 19 3220 3124 3522
7418 2 2 8 19 3614 3073 3615
7419 2 2 8 19 2707 3186 3679
7420 2 2 8 19 3576 3181 3581
7421 2 2 8 19 3056 3495 3714
7422 2 2 8 19 2741 3503 3705
7423 2 2 8 19 3512 3163 3733
7424 2 2 8 19 3571 3087 3603
7425 2 2 8 19 3143 3249 3651
7426 2 2 8 19 260 2700 3095
7427 2 2 8 19 2702 3299 3504
7428 2 2 8 19 3116 3597 3736
7429 2 2 8 19 3521 3077 3551
7430 2 2 8 19 2977 3569 3676
7431 2 2 8 19 107 2841 3605
7432 2 2 8 19 3333 3414 3715
7433 2 2 8 19 3632 2970 3723
7434 2 2 8 19 2728 3518 3519
7435 2 2 8 19 3475 3118 3620
7436 2 2 8 19 2811 2726 3624
7437 2 2 8 19 3416 3608 3621
7438 2 2 8 19 3141 3545 3752
7439 2 2 8 19 3601 2761 3721
7440 2 2 8 19 3296 185 3726
7441 2 2 8 19 3494 2842 3582
7442 2 2 8 19 257 258 3041
7443 2 2 8 19 3297 3296 3726
7444 2 2 8 19 293 294 2991
7445 2 2 8 19 3702 3070 3703
7446 2 2 8 19 296 3386 3618
7447 2 2 8 19 211 3200 3717
7448 2 2 8 19 3404 3403 3568
7449 2 2 8 19 3564 2939 3735
7450 2 2 8 19 3457 2974 3675
7451 2 2 8 19 3579 3457 3675
7452 2 2 8 19 220 221 2741
7453 2 2 8 19 233 234 3073
7454 2 2 8 19 3467 3342 3636
7455 2 2 8 19 3616 3187 3635
7456 2 2 8 19 3697 3590 3729
7457 2 2 8 19 3581 3697 3729
7458 2 2 8 19 3095 2700 3572
7459 2 2 8 19 3097 2707 3679
7460 2 2 8 19 3599 3121 3603
7461 2 2 8 19 3183 3531 3677
7462 2 2 8 19 3562 3178 3685
7463 2 2 8 19 3403 3179 3568
7464 2 2 8 19 3181 3494 3582
7465 2 2 8 19 3564 2996 3717
7466 2 2 8 19 3039 3523 3524
7467 2 2 8 19 2724 3627 3628
7468 2 2 8 19 3048 3702 3703
7469 2 2 8 19 281 282 3039
7470 2 2 8 19 3627 3335 3715
7471 2 2 8 19 3581 3181 3582
7472 2 2 8 19 3101 3033 3102
7473 2 2 8 19 245 246 3065
7474 2 2 8 19 3100 3101 3102
7475 2 2 8 19 96 97 3317
7476 2 2 8 19 106 107 3605
7477 2 2 8 19 129 130 3156
7478 2 2 8 19 139 140 3574
7479 2 2 8 19 150 151 3628
7480 2 2 8 19 161 162 3611
7481 2 2 8 19 221 222 3555
7482 2 2 8 19 259 260 3095
7483 2 2 8 19 271 272 3097
7484 2 2 8 19 282 283 3722
7485 2 2 8 19 283 284 3367
7486 2 2 8 19 295 296 3618
7487 2 2 8 19 3 94 3086
7488 2 2 8 19 401 3 3086
7489 2 2 8 19 2754 96 3317
7490 2 2 8 19 96 2754 3404
7491 2 2 8 19 108 109 2774
7492 2 2 8 19 2730 117 3482
7493 2 2 8 19 119 120 2810
7494 2 2 8 19 128 129 2727
7495 2 2 8 19 128 2727 2980
7496 2 2 8 19 141 142 2820
7497 2 2 8 19 153 154 2783
7498 2 2 8 19 162 163 2720
7499 2 2 8 19 2720 163 3449
7500 2 2 8 19 171 172 3291
7501 2 2 8 19 174 175 2975
7502 2 2 8 19 186 187 2716
7503 2 2 8 19 187 188 2745
7504 2 2 8 19 195 196 3747
7505 2 2 8 19 196 2962 3747
7506 2 2 8 19 197 198 3653
7507 2 2 8 19 198 199 3238
7508 2 2 8 19 198 2715 3653
7509 2 2 8 19 199 2712 3238
7510 2 2 8 19 207 208 2777
7511 2 2 8 19 210 211 3717
7512 2 2 8 19 219 220 3273
7513 2 2 8 19 222 2973 3555
7514 2 2 8 19 225 226 2764
7515 2 2 8 19 225 2764 2782
7516 2 2 8 19 227 228 2773
7517 2 2 8 19 2764 227 2773
7518 2 2 8 19 229 230 2706
7519 2 2 8 19 229 2706 2773
7520 2 2 8 19 231 232 2706
7521 2 2 8 19 2706 232 3614
7522 2 2 8 19 234 2982 3073
7523 2 2 8 19 244 245 2737
7524 2 2 8 19 246 247 2704
7525 2 2 8 19 256 257 2778
7526 2 2 8 19 258 259 2701
7527 2 2 8 19 258 2701 3041
7528 2 2 8 19 268 269 3268
7529 2 2 8 19 269 2849 3595
7530 2 2 8 19 3268 269 3595
7531 2 2 8 19 270 271 3700
7532 2 2 8 19 271 3680 3700
7533 2 2 8 19 3185 273 3549
7534 2 2 8 19 280 281 2780
7535 2 2 8 19 2780 281 3524
7536 2 2 8 19 3510 282 3722
7537 2 2 8 19 292 293 3661
7538 2 2 8 19 292 3661 3667
7539 2 2 8 19 294 295 2750
7540 2 2 8 19 294 2750 2991
7541 2 2 8 19 297 298 2751
7542 2 2 8 19 297 2751 3386
7543 2 2 8 19 303 304 2948
7544 2 2 8 19 304 305 3392
7545 2 2 8 19 2948 304 3392
7546 2 2 8 19 3392 305 3478
7547 2 2 8 19 3289 2703 3290
7548 2 2 8 19 3290 2703 3602
7549 2 2 8 19 2706 3614 3615
7550 2 2 8 19 3680 2708 3700
7551 2 2 8 19 2710 3510 3722
7552 2 2 8 19 3357 2714 3485
7553 2 2 8 19 3088 2718 3461
7554 2 2 8 19 3461 2718 3507
7555 2 2 8 19 3353 2722 3486
7556 2 2 8 19 2990 2730 3589
7557 2 2 8 19 2730 3588 3589
7558 2 2 8 19 2732 3074 3257
7559 2 2 8 19 2737 3531 3538
7560 2 2 8 19 3737 2745 3739
7561 2 2 8 19 3529 2749 3678
7562 2 2 8 19 3530 2749 3534
7563 2 2 8 19 2749 3530 3678
7564 2 2 8 19 3386 2751 3436
7565 2 2 8 19 2754 3057 3227
7566 2 2 8 19 2754 3227 3693
7567 2 2 8 19 3493 2754 3693
7568 2 2 8 19 2782 2764 3470
7569 2 2 8 19 2994 2767 3689
7570 2 2 8 19 2767 3685 3687
7571 2 2 8 19 2767 3687 3689
7572 2 2 8 19 2842 2774 3509
7573 2 2 8 19 3358 2775 3673
7574 2 2 8 19 2778 3042 3043
7575 2 2 8 19 2778 3043 3293
7576 2 2 8 19 2779 3290 3298
7577 2 2 8 19 2780 3524 3718
7578 2 2 8 19 2786 2783 3310
7579 2 2 8 19 2783 3309 3310
7580 2 2 8 19 3460 2786 3477
7581 2 2 8 19 3636 2810 3647
7582 2 2 8 19 2810 3638 3647
7583 2 2 8 19 3259 2811 3609
7584 2 2 8 19 3609 2811 3623
7585 2 2 8 19 3623 2811 3624
7586 2 2 8 19 2820 3216 3354
7587 2 2 8 19 2847 2842 3509
7588 2 2 8 19 2842 2847 3593
7589 2 2 8 19 3582 2842 3584
7590 2 2 8 19 3584 2842 3593
7591 2 2 8 19 2980 3465 3466
7592 2 2 8 19 2980 3466 3501
7593 2 2 8 19 3074 2985 3257
7594 2 2 8 19 3111 3025 3596
7595 2 2 8 19 3025 3249 3547
7596 2 2 8 19 3033 3101 3287
7597 2 2 8 19 3523 3033 3525
7598 2 2 8 19 3043 3042 3290
7599 2 2 8 19 3043 3290 3602
7600 2 2 8 19 3057 3226 3227
7601 2 2 8 19 3277 3098 3279
7602 2 2 8 19 3279 3098 3281
7603 2 2 8 19 3281 3098 3353
7604 2 2 8 19 3101 3100 3103
7605 2 2 8 19 3103 3263 3264
7606 2 2 8 19 3269 3111 3321
7607 2 2 8 19 3321 3111 3322
7608 2 2 8 19 3547 3112 3596
7609 2 2 8 19 3143 3144 3249
7610 2 2 8 19 3254 3165 3357
7611 2 2 8 19 3165 3254 3397
7612 2 2 8 19 3165 3397 3705
7613 2 2 8 19 3185 3262 3263
7614 2 2 8 19 3199 3211 3213
7615 2 2 8 19 3199 3213 3215
7616 2 2 8 19 3292 3215 3360
7617 2 2 8 19 3326 3234 3327
7618 2 2 8 19 3234 3364 3546
7619 2 2 8 19 3249 3384 3547
7620 2 2 8 19 3254 3253 3397
7621 2 2 8 19 3397 3255 3705
7622 2 2 8 19 3706 3255 3707
7623 2 2 8 19 3257 3259 3260
7624 2 2 8 19 3257 3260 3724
7625 2 2 8 19 3273 3705 3706
7626 2 2 8 19 3297 3278 3320
7627 2 2 8 19 3298 3290 3299
7628 2 2 8 19 3298 3299 3566
7629 2 2 8 19 3310 3464 3477
7630 2 2 8 19 3354 3312 3516
7631 2 2 8 19 3325 3326 3682
7632 2 2 8 19 3326 3327 3681
7633 2 2 8 19 3333 3334 3414
7634 2 2 8 19 3334 3333 3516
7635 2 2 8 19 3414 3334 3499
7636 2 2 8 19 3369 3358 3673
7637 2 2 8 19 3424 3363 3515
7638 2 2 8 19 3364 3365 3546
7639 2 2 8 19 3658 3368 3672
7640 2 2 8 19 3371 3370 3372
7641 2 2 8 19 3372 3370 3470
7642 2 2 8 19 3615 3371 3617
7643 2 2 8 19 3444 3375 3749
7644 2 2 8 19 3375 3737 3738
7645 2 2 8 19 3375 3738 3749
7646 2 2 8 19 3387 3388 3393
7647 2 2 8 19 3388 3387 3436
7648 2 2 8 19 3387 3391 3392
7649 2 2 8 19 3391 3387 3393
7650 2 2 8 19 3731 3444 3732
7651 2 2 8 19 3732 3444 3748
7652 2 2 8 19 3748 3444 3749
7653 2 2 8 19 3466 3465 3650
7654 2 2 8 19 3465 3467 3649
7655 2 2 8 19 3467 3636 3637
7656 2 2 8 19 3467 3637 3642
7657 2 2 8 19 3467 3642 3643
7658 2 2 8 19 3467 3643 3649
7659 2 2 8 19 3685 3493 3686
7660 2 2 8 19 3686 3493 3692
7661 2 2 8 19 3692 3493 3693
7662 2 2 8 19 3524 3527 3718
7663 2 2 8 19 3531 3529 3532
7664 2 2 8 19 3531 3532 3536
7665 2 2 8 19 3531 3536 3538
7666 2 2 8 19 3581 3582 3697
7667 2 2 8 19 3588 3581 3729
7668 2 2 8 19 3582 3583 3697
7669 2 2 8 19 3583 3582 3701
7670 2 2 8 19 3582 3584 3701
7671 2 2 8 19 3587 3588 3729
7672 2 2 8 19 3623 3624 3626
7673 2 2 8 19 3637 3636 3647
7674 2 2 8 19 3638 3646 3647
7675 2 2 8 19 3656 3657 3665
7676 2 2 8 19 3657 3658 3659
7677 2 2 8 19 3687 3686 3688
7678 2 2 8 19 3731 3746 3747
$EndElements
