begin_device "mos2d"
begin_coordinates
0.000000000000000e+00	0.000000000000000e+00	0.000000000000000e+00
2.500000000000000e-05	0.000000000000000e+00	0.000000000000000e+00
7.500000000000001e-05	0.000000000000000e+00	0.000000000000000e+00
1.000000000000000e-04	0.000000000000000e+00	0.000000000000000e+00
1.000000000000000e-04	1.000000000000000e-04	0.000000000000000e+00
0.000000000000000e+00	1.000000000000000e-04	0.000000000000000e+00
2.500000000000000e-05	-2.000000000000000e-05	0.000000000000000e+00
7.500000000000001e-05	-2.000000000000000e-05	0.000000000000000e+00
7.500000000000001e-05	-1.000000000000000e-05	0.000000000000000e+00
2.500000000000000e-05	-1.000000000000000e-05	0.000000000000000e+00
1.999999999996283e-06	1.000000000000000e-04	0.000000000000000e+00
3.999999999992063e-06	1.000000000000000e-04	0.000000000000000e+00
5.999999999987601e-06	1.000000000000000e-04	0.000000000000000e+00
7.999999999984174e-06	1.000000000000000e-04	0.000000000000000e+00
9.999999999981015e-06	1.000000000000000e-04	0.000000000000000e+00
1.199999999997786e-05	1.000000000000000e-04	0.000000000000000e+00
1.399999999997345e-05	1.000000000000000e-04	0.000000000000000e+00
1.599999999996660e-05	1.000000000000000e-04	0.000000000000000e+00
1.799999999996008e-05	1.000000000000000e-04	0.000000000000000e+00
1.999999999995523e-05	1.000000000000000e-04	0.000000000000000e+00
2.199999999994905e-05	1.000000000000000e-04	0.000000000000000e+00
2.399999999994419e-05	1.000000000000000e-04	0.000000000000000e+00
2.599999999993802e-05	1.000000000000000e-04	0.000000000000000e+00
2.799999999993316e-05	1.000000000000000e-04	0.000000000000000e+00
2.999999999992699e-05	1.000000000000000e-04	0.000000000000000e+00
3.199999999992020e-05	1.000000000000000e-04	0.000000000000000e+00
3.399999999991460e-05	1.000000000000000e-04	0.000000000000000e+00
3.599999999991043e-05	1.000000000000000e-04	0.000000000000000e+00
3.799999999990425e-05	1.000000000000000e-04	0.000000000000000e+00
3.999999999989808e-05	1.000000000000000e-04	0.000000000000000e+00
4.199999999989222e-05	1.000000000000000e-04	0.000000000000000e+00
4.399999999988837e-05	1.000000000000000e-04	0.000000000000000e+00
4.599999999988219e-05	1.000000000000000e-04	0.000000000000000e+00
4.799999999987601e-05	1.000000000000000e-04	0.000000000000000e+00
4.999999999987116e-05	1.000000000000000e-04	0.000000000000000e+00
5.199999999987515e-05	1.000000000000000e-04	0.000000000000000e+00
5.399999999988047e-05	1.000000000000000e-04	0.000000000000000e+00
5.599999999988578e-05	1.000000000000000e-04	0.000000000000000e+00
5.799999999989109e-05	1.000000000000000e-04	0.000000000000000e+00
5.999999999989639e-05	1.000000000000000e-04	0.000000000000000e+00
6.199999999990172e-05	1.000000000000000e-04	0.000000000000000e+00
6.399999999990703e-05	1.000000000000000e-04	0.000000000000000e+00
6.599999999991233e-05	1.000000000000000e-04	0.000000000000000e+00
6.799999999991764e-05	1.000000000000000e-04	0.000000000000000e+00
6.999999999992295e-05	1.000000000000000e-04	0.000000000000000e+00
7.199999999992827e-05	1.000000000000000e-04	0.000000000000000e+00
7.399999999993359e-05	1.000000000000000e-04	0.000000000000000e+00
7.599999999993888e-05	1.000000000000000e-04	0.000000000000000e+00
7.799999999994420e-05	1.000000000000000e-04	0.000000000000000e+00
7.999999999994952e-05	1.000000000000000e-04	0.000000000000000e+00
8.199999999995483e-05	1.000000000000000e-04	0.000000000000000e+00
8.399999999996014e-05	1.000000000000000e-04	0.000000000000000e+00
8.599999999996546e-05	1.000000000000000e-04	0.000000000000000e+00
8.799999999997078e-05	1.000000000000000e-04	0.000000000000000e+00
8.999999999997609e-05	1.000000000000000e-04	0.000000000000000e+00
9.199999999998141e-05	1.000000000000000e-04	0.000000000000000e+00
9.399999999998671e-05	1.000000000000000e-04	0.000000000000000e+00
9.599999999999202e-05	1.000000000000000e-04	0.000000000000000e+00
9.799999999999733e-05	1.000000000000000e-04	0.000000000000000e+00
1.000000000000000e-04	9.532749325913582e-05	0.000000000000000e+00
1.000000000000000e-04	9.161347583408180e-05	0.000000000000000e+00
1.000000000000000e-04	8.645697170269675e-05	0.000000000000000e+00
1.000000000000000e-04	7.928891495461520e-05	0.000000000000000e+00
1.000000000000000e-04	6.991563626845165e-05	0.000000000000000e+00
1.000000000000000e-04	6.028002645533070e-05	0.000000000000000e+00
1.000000000000000e-04	5.064441664220818e-05	0.000000000000000e+00
1.000000000000000e-04	4.110713623145571e-05	0.000000000000000e+00
1.000000000000000e-04	3.353297151438739e-05	0.000000000000000e+00
1.000000000000000e-04	2.808260848171362e-05	0.000000000000000e+00
1.000000000000000e-04	2.416127335621423e-05	0.000000000000000e+00
1.000000000000000e-04	2.133985225401471e-05	0.000000000000000e+00
1.000000000000000e-04	1.927121962634607e-05	0.000000000000000e+00
1.000000000000000e-04	1.734409766371120e-05	0.000000000000000e+00
1.000000000000000e-04	1.541697570107633e-05	0.000000000000000e+00
1.000000000000000e-04	1.348985373844147e-05	0.000000000000000e+00
1.000000000000000e-04	1.156273177580659e-05	0.000000000000000e+00
1.000000000000000e-04	9.635609813171705e-06	0.000000000000000e+00
1.000000000000000e-04	7.708487850536838e-06	0.000000000000000e+00
1.000000000000000e-04	5.781365887901971e-06	0.000000000000000e+00
1.000000000000000e-04	3.854243925267105e-06	0.000000000000000e+00
1.000000000000000e-04	1.927121962632224e-06	0.000000000000000e+00
9.807692307692593e-05	0.000000000000000e+00	0.000000000000000e+00
9.615384615384922e-05	0.000000000000000e+00	0.000000000000000e+00
9.423076923078044e-05	0.000000000000000e+00	0.000000000000000e+00
9.230769230771166e-05	0.000000000000000e+00	0.000000000000000e+00
9.038461538463433e-05	0.000000000000000e+00	0.000000000000000e+00
8.846153846156615e-05	0.000000000000000e+00	0.000000000000000e+00
8.653846153849230e-05	0.000000000000000e+00	0.000000000000000e+00
8.461538461540803e-05	0.000000000000000e+00	0.000000000000000e+00
8.269230769233071e-05	0.000000000000000e+00	0.000000000000000e+00
8.076923076924605e-05	0.000000000000000e+00	0.000000000000000e+00
7.884615384616138e-05	0.000000000000000e+00	0.000000000000000e+00
7.692307692308466e-05	0.000000000000000e+00	0.000000000000000e+00
7.431110055098407e-05	0.000000000000000e+00	0.000000000000000e+00
7.346486381953363e-05	0.000000000000000e+00	0.000000000000000e+00
7.279632756029810e-05	0.000000000000000e+00	0.000000000000000e+00
7.269660040074335e-05	0.000000000000000e+00	0.000000000000000e+00
7.259687324118831e-05	0.000000000000000e+00	0.000000000000000e+00
7.249714608163327e-05	0.000000000000000e+00	0.000000000000000e+00
7.239741892207824e-05	0.000000000000000e+00	0.000000000000000e+00
7.229769176252320e-05	0.000000000000000e+00	0.000000000000000e+00
7.219796460296861e-05	0.000000000000000e+00	0.000000000000000e+00
7.209823744341425e-05	0.000000000000000e+00	0.000000000000000e+00
7.199851028385990e-05	0.000000000000000e+00	0.000000000000000e+00
7.189878312430554e-05	0.000000000000000e+00	0.000000000000000e+00
7.113265949737481e-05	0.000000000000000e+00	0.000000000000000e+00
7.037983588656592e-05	0.000000000000000e+00	0.000000000000000e+00
7.015374506042195e-05	0.000000000000000e+00	0.000000000000000e+00
7.005401790086757e-05	0.000000000000000e+00	0.000000000000000e+00
6.995429074131321e-05	0.000000000000000e+00	0.000000000000000e+00
6.985456358175840e-05	0.000000000000000e+00	0.000000000000000e+00
6.975483642220336e-05	0.000000000000000e+00	0.000000000000000e+00
6.965510926264832e-05	0.000000000000000e+00	0.000000000000000e+00
6.955538210309329e-05	0.000000000000000e+00	0.000000000000000e+00
6.945565494353875e-05	0.000000000000000e+00	0.000000000000000e+00
6.935592778398439e-05	0.000000000000000e+00	0.000000000000000e+00
6.925620062442982e-05	0.000000000000000e+00	0.000000000000000e+00
6.848029051267648e-05	0.000000000000000e+00	0.000000000000000e+00
6.775218871851924e-05	0.000000000000000e+00	0.000000000000000e+00
6.742510621415321e-05	0.000000000000000e+00	0.000000000000000e+00
6.732537905459817e-05	0.000000000000000e+00	0.000000000000000e+00
6.722565189504312e-05	0.000000000000000e+00	0.000000000000000e+00
6.712592473548851e-05	0.000000000000000e+00	0.000000000000000e+00
6.702619757593415e-05	0.000000000000000e+00	0.000000000000000e+00
6.692647041637979e-05	0.000000000000000e+00	0.000000000000000e+00
6.682674325682542e-05	0.000000000000000e+00	0.000000000000000e+00
6.672701609727106e-05	0.000000000000000e+00	0.000000000000000e+00
6.662728893771670e-05	0.000000000000000e+00	0.000000000000000e+00
6.587896068601592e-05	0.000000000000000e+00	0.000000000000000e+00
6.513296732187639e-05	0.000000000000000e+00	0.000000000000000e+00
6.480164004661927e-05	0.000000000000000e+00	0.000000000000000e+00
6.470191288706489e-05	0.000000000000000e+00	0.000000000000000e+00
6.460218572751054e-05	0.000000000000000e+00	0.000000000000000e+00
6.450245856795618e-05	0.000000000000000e+00	0.000000000000000e+00
6.440273140840148e-05	0.000000000000000e+00	0.000000000000000e+00
6.430300424884643e-05	0.000000000000000e+00	0.000000000000000e+00
6.420327708929139e-05	0.000000000000000e+00	0.000000000000000e+00
6.410354992973636e-05	0.000000000000000e+00	0.000000000000000e+00
6.400382277018155e-05	0.000000000000000e+00	0.000000000000000e+00
6.324685674028658e-05	0.000000000000000e+00	0.000000000000000e+00
6.252114826172719e-05	0.000000000000000e+00	0.000000000000000e+00
6.217976774056799e-05	0.000000000000000e+00	0.000000000000000e+00
6.208004058101296e-05	0.000000000000000e+00	0.000000000000000e+00
6.198031342145792e-05	0.000000000000000e+00	0.000000000000000e+00
6.188058626190310e-05	0.000000000000000e+00	0.000000000000000e+00
6.178085910234874e-05	0.000000000000000e+00	0.000000000000000e+00
6.168113194279413e-05	0.000000000000000e+00	0.000000000000000e+00
6.158140478323909e-05	0.000000000000000e+00	0.000000000000000e+00
6.148167762368433e-05	0.000000000000000e+00	0.000000000000000e+00
6.138195046412997e-05	0.000000000000000e+00	0.000000000000000e+00
6.063434149207490e-05	0.000000000000000e+00	0.000000000000000e+00
5.987817384930438e-05	0.000000000000000e+00	0.000000000000000e+00
5.954358341752325e-05	0.000000000000000e+00	0.000000000000000e+00
5.944385625796889e-05	0.000000000000000e+00	0.000000000000000e+00
5.934412909841453e-05	0.000000000000000e+00	0.000000000000000e+00
5.924440193886017e-05	0.000000000000000e+00	0.000000000000000e+00
5.914467477930580e-05	0.000000000000000e+00	0.000000000000000e+00
5.904494761975144e-05	0.000000000000000e+00	0.000000000000000e+00
5.894522046019694e-05	0.000000000000000e+00	0.000000000000000e+00
5.884549330064225e-05	0.000000000000000e+00	0.000000000000000e+00
5.874576614108755e-05	0.000000000000000e+00	0.000000000000000e+00
5.803620896981927e-05	0.000000000000000e+00	0.000000000000000e+00
5.726518038466235e-05	0.000000000000000e+00	0.000000000000000e+00
5.692264930433502e-05	0.000000000000000e+00	0.000000000000000e+00
5.682292214478066e-05	0.000000000000000e+00	0.000000000000000e+00
5.672319498522629e-05	0.000000000000000e+00	0.000000000000000e+00
5.662346782567194e-05	0.000000000000000e+00	0.000000000000000e+00
5.652374066611758e-05	0.000000000000000e+00	0.000000000000000e+00
5.642401350656321e-05	0.000000000000000e+00	0.000000000000000e+00
5.632428634700885e-05	0.000000000000000e+00	0.000000000000000e+00
5.622455918745449e-05	0.000000000000000e+00	0.000000000000000e+00
5.612483202790012e-05	0.000000000000000e+00	0.000000000000000e+00
5.601983447638288e-05	0.000000000000000e+00	0.000000000000000e+00
5.540378249108568e-05	0.000000000000000e+00	0.000000000000000e+00
5.464316090382620e-05	0.000000000000000e+00	0.000000000000000e+00
5.429805069954539e-05	0.000000000000000e+00	0.000000000000000e+00
5.419832353999068e-05	0.000000000000000e+00	0.000000000000000e+00
5.409859638043598e-05	0.000000000000000e+00	0.000000000000000e+00
5.399886922088129e-05	0.000000000000000e+00	0.000000000000000e+00
5.389914206132661e-05	0.000000000000000e+00	0.000000000000000e+00
5.379941490177225e-05	0.000000000000000e+00	0.000000000000000e+00
5.369968774221785e-05	0.000000000000000e+00	0.000000000000000e+00
5.359996058266315e-05	0.000000000000000e+00	0.000000000000000e+00
5.350023342310840e-05	0.000000000000000e+00	0.000000000000000e+00
5.339654641162122e-05	0.000000000000000e+00	0.000000000000000e+00
5.279124079583536e-05	0.000000000000000e+00	0.000000000000000e+00
5.202598907164107e-05	0.000000000000000e+00	0.000000000000000e+00
5.167106794696798e-05	0.000000000000000e+00	0.000000000000000e+00
5.157134078741362e-05	0.000000000000000e+00	0.000000000000000e+00
5.147161362785925e-05	0.000000000000000e+00	0.000000000000000e+00
5.137188646830490e-05	0.000000000000000e+00	0.000000000000000e+00
5.127215930875053e-05	0.000000000000000e+00	0.000000000000000e+00
5.117243214919617e-05	0.000000000000000e+00	0.000000000000000e+00
5.107270498964181e-05	0.000000000000000e+00	0.000000000000000e+00
5.097297783008744e-05	0.000000000000000e+00	0.000000000000000e+00
5.087325067053308e-05	0.000000000000000e+00	0.000000000000000e+00
5.077031950982909e-05	0.000000000000000e+00	0.000000000000000e+00
4.982940640928077e-05	0.000000000000000e+00	0.000000000000000e+00
4.912674932953163e-05	0.000000000000000e+00	0.000000000000000e+00
4.902702216997645e-05	0.000000000000000e+00	0.000000000000000e+00
4.892729501042175e-05	0.000000000000000e+00	0.000000000000000e+00
4.882756785086637e-05	0.000000000000000e+00	0.000000000000000e+00
4.872784069131100e-05	0.000000000000000e+00	0.000000000000000e+00
4.862811353175564e-05	0.000000000000000e+00	0.000000000000000e+00
4.852838637220060e-05	0.000000000000000e+00	0.000000000000000e+00
4.842865921264553e-05	0.000000000000000e+00	0.000000000000000e+00
4.832893205309016e-05	0.000000000000000e+00	0.000000000000000e+00
4.822920489353478e-05	0.000000000000000e+00	0.000000000000000e+00
4.812402585148598e-05	0.000000000000000e+00	0.000000000000000e+00
4.750622826243181e-05	0.000000000000000e+00	0.000000000000000e+00
4.674470755756541e-05	0.000000000000000e+00	0.000000000000000e+00
4.640003941738979e-05	0.000000000000000e+00	0.000000000000000e+00
4.630031225783442e-05	0.000000000000000e+00	0.000000000000000e+00
4.620058509827934e-05	0.000000000000000e+00	0.000000000000000e+00
4.610085793872430e-05	0.000000000000000e+00	0.000000000000000e+00
4.600113077916896e-05	0.000000000000000e+00	0.000000000000000e+00
4.590140361961357e-05	0.000000000000000e+00	0.000000000000000e+00
4.580167646005853e-05	0.000000000000000e+00	0.000000000000000e+00
4.570194930050350e-05	0.000000000000000e+00	0.000000000000000e+00
4.560222214094862e-05	0.000000000000000e+00	0.000000000000000e+00
4.549794495462079e-05	0.000000000000000e+00	0.000000000000000e+00
4.459621750906176e-05	0.000000000000000e+00	0.000000000000000e+00
4.398016552367238e-05	0.000000000000000e+00	0.000000000000000e+00
4.387516797214532e-05	0.000000000000000e+00	0.000000000000000e+00
4.377544081259028e-05	0.000000000000000e+00	0.000000000000000e+00
4.367571365303525e-05	0.000000000000000e+00	0.000000000000000e+00
4.357598649348021e-05	0.000000000000000e+00	0.000000000000000e+00
4.347625933392517e-05	0.000000000000000e+00	0.000000000000000e+00
4.337653217437013e-05	0.000000000000000e+00	0.000000000000000e+00
4.327680501481509e-05	0.000000000000000e+00	0.000000000000000e+00
4.317707785526006e-05	0.000000000000000e+00	0.000000000000000e+00
4.307735069570502e-05	0.000000000000000e+00	0.000000000000000e+00
4.297762353614998e-05	0.000000000000000e+00	0.000000000000000e+00
4.287455257511291e-05	0.000000000000000e+00	0.000000000000000e+00
4.227190996907825e-05	0.000000000000000e+00	0.000000000000000e+00
4.152829778659493e-05	0.000000000000000e+00	0.000000000000000e+00
4.115450669939423e-05	0.000000000000000e+00	0.000000000000000e+00
4.105477953983919e-05	0.000000000000000e+00	0.000000000000000e+00
4.095505238028415e-05	0.000000000000000e+00	0.000000000000000e+00
4.085532522072912e-05	0.000000000000000e+00	0.000000000000000e+00
4.075559806117408e-05	0.000000000000000e+00	0.000000000000000e+00
4.065587090161904e-05	0.000000000000000e+00	0.000000000000000e+00
4.055614374206400e-05	0.000000000000000e+00	0.000000000000000e+00
4.045641658250897e-05	0.000000000000000e+00	0.000000000000000e+00
4.035668942295393e-05	0.000000000000000e+00	0.000000000000000e+00
4.025508727269959e-05	0.000000000000000e+00	0.000000000000000e+00
3.936565850801317e-05	0.000000000000000e+00	0.000000000000000e+00
3.872434204126173e-05	0.000000000000000e+00	0.000000000000000e+00
3.851832237634394e-05	0.000000000000000e+00	0.000000000000000e+00
3.841859521678890e-05	0.000000000000000e+00	0.000000000000000e+00
3.831886805723386e-05	0.000000000000000e+00	0.000000000000000e+00
3.821914089767882e-05	0.000000000000000e+00	0.000000000000000e+00
3.811941373812378e-05	0.000000000000000e+00	0.000000000000000e+00
3.801968657856875e-05	0.000000000000000e+00	0.000000000000000e+00
3.791995941901370e-05	0.000000000000000e+00	0.000000000000000e+00
3.782023225945867e-05	0.000000000000000e+00	0.000000000000000e+00
3.772050509990363e-05	0.000000000000000e+00	0.000000000000000e+00
3.761832188509420e-05	0.000000000000000e+00	0.000000000000000e+00
3.675314325978823e-05	0.000000000000000e+00	0.000000000000000e+00
3.610487304635719e-05	0.000000000000000e+00	0.000000000000000e+00
3.589645007028584e-05	0.000000000000000e+00	0.000000000000000e+00
3.579672291073080e-05	0.000000000000000e+00	0.000000000000000e+00
3.569699575117577e-05	0.000000000000000e+00	0.000000000000000e+00
3.559726859162073e-05	0.000000000000000e+00	0.000000000000000e+00
3.549754143206569e-05	0.000000000000000e+00	0.000000000000000e+00
3.539781427251065e-05	0.000000000000000e+00	0.000000000000000e+00
3.529808711295562e-05	0.000000000000000e+00	0.000000000000000e+00
3.519835995340057e-05	0.000000000000000e+00	0.000000000000000e+00
3.509863279384554e-05	0.000000000000000e+00	0.000000000000000e+00
3.499758116019430e-05	0.000000000000000e+00	0.000000000000000e+00
3.412103931403713e-05	0.000000000000000e+00	0.000000000000000e+00
3.348372804367316e-05	0.000000000000000e+00	0.000000000000000e+00
3.327298390274368e-05	0.000000000000000e+00	0.000000000000000e+00
3.317325674318865e-05	0.000000000000000e+00	0.000000000000000e+00
3.307352958363361e-05	0.000000000000000e+00	0.000000000000000e+00
3.297380242407858e-05	0.000000000000000e+00	0.000000000000000e+00
3.287407526452353e-05	0.000000000000000e+00	0.000000000000000e+00
3.277434810496850e-05	0.000000000000000e+00	0.000000000000000e+00
3.267462094541346e-05	0.000000000000000e+00	0.000000000000000e+00
3.257489378585842e-05	0.000000000000000e+00	0.000000000000000e+00
3.247516662630339e-05	0.000000000000000e+00	0.000000000000000e+00
3.237478912623813e-05	0.000000000000000e+00	0.000000000000000e+00
3.151970948735492e-05	0.000000000000000e+00	0.000000000000000e+00
3.085564354498388e-05	0.000000000000000e+00	0.000000000000000e+00
3.064407221602488e-05	0.000000000000000e+00	0.000000000000000e+00
3.054434505646984e-05	0.000000000000000e+00	0.000000000000000e+00
3.044461789691480e-05	0.000000000000000e+00	0.000000000000000e+00
3.034489073735977e-05	0.000000000000000e+00	0.000000000000000e+00
3.024516357780473e-05	0.000000000000000e+00	0.000000000000000e+00
3.014543641824969e-05	0.000000000000000e+00	0.000000000000000e+00
3.004570925869465e-05	0.000000000000000e+00	0.000000000000000e+00
2.994598209913961e-05	0.000000000000000e+00	0.000000000000000e+00
2.984625493958458e-05	0.000000000000000e+00	0.000000000000000e+00
2.974604625174405e-05	0.000000000000000e+00	0.000000000000000e+00
2.886734050264395e-05	0.000000000000000e+00	0.000000000000000e+00
2.820985272250839e-05	0.000000000000000e+00	0.000000000000000e+00
2.800148971614407e-05	0.000000000000000e+00	0.000000000000000e+00
2.790176255658902e-05	0.000000000000000e+00	0.000000000000000e+00
2.780203539703399e-05	0.000000000000000e+00	0.000000000000000e+00
2.770230823747896e-05	0.000000000000000e+00	0.000000000000000e+00
2.760258107792391e-05	0.000000000000000e+00	0.000000000000000e+00
2.750285391836888e-05	0.000000000000000e+00	0.000000000000000e+00
2.740312675881384e-05	0.000000000000000e+00	0.000000000000000e+00
2.730339959925880e-05	0.000000000000000e+00	0.000000000000000e+00
2.720367243970376e-05	0.000000000000000e+00	0.000000000000000e+00
2.710259873895709e-05	0.000000000000000e+00	0.000000000000000e+00
2.618726893643391e-05	0.000000000000000e+00	0.000000000000000e+00
2.307692307692649e-05	0.000000000000000e+00	0.000000000000000e+00
2.115384615385410e-05	0.000000000000000e+00	0.000000000000000e+00
1.923076923078343e-05	0.000000000000000e+00	0.000000000000000e+00
1.730769230771084e-05	0.000000000000000e+00	0.000000000000000e+00
1.538461538463972e-05	0.000000000000000e+00	0.000000000000000e+00
1.346153846156788e-05	0.000000000000000e+00	0.000000000000000e+00
1.153846153849142e-05	0.000000000000000e+00	0.000000000000000e+00
9.615384615409405e-06	0.000000000000000e+00	0.000000000000000e+00
7.692307692327394e-06	0.000000000000000e+00	0.000000000000000e+00
5.769230769245383e-06	0.000000000000000e+00	0.000000000000000e+00
3.846153846163368e-06	0.000000000000000e+00	0.000000000000000e+00
1.923076923081350e-06	0.000000000000000e+00	0.000000000000000e+00
0.000000000000000e+00	1.927121962629190e-06	0.000000000000000e+00
0.000000000000000e+00	3.854243925257965e-06	0.000000000000000e+00
0.000000000000000e+00	5.781365887886371e-06	0.000000000000000e+00
0.000000000000000e+00	7.708487850515742e-06	0.000000000000000e+00
0.000000000000000e+00	9.635609813145476e-06	0.000000000000000e+00
0.000000000000000e+00	1.156273177577521e-05	0.000000000000000e+00
0.000000000000000e+00	1.348985373840435e-05	0.000000000000000e+00
0.000000000000000e+00	1.541697570103082e-05	0.000000000000000e+00
0.000000000000000e+00	1.734409766365720e-05	0.000000000000000e+00
0.000000000000000e+00	1.927121962628477e-05	0.000000000000000e+00
0.000000000000000e+00	2.133985225393040e-05	0.000000000000000e+00
0.000000000000000e+00	2.416127335608969e-05	0.000000000000000e+00
0.000000000000000e+00	2.808260848153508e-05	0.000000000000000e+00
0.000000000000000e+00	3.353297151414036e-05	0.000000000000000e+00
0.000000000000000e+00	4.110713623111039e-05	0.000000000000000e+00
0.000000000000000e+00	5.064441664181314e-05	0.000000000000000e+00
0.000000000000000e+00	6.028002645500245e-05	0.000000000000000e+00
0.000000000000000e+00	6.991563626819203e-05	0.000000000000000e+00
0.000000000000000e+00	7.928891495443114e-05	0.000000000000000e+00
0.000000000000000e+00	8.645697170258798e-05	0.000000000000000e+00
0.000000000000000e+00	9.161347583401941e-05	0.000000000000000e+00
0.000000000000000e+00	9.532749325910258e-05	0.000000000000000e+00
7.500000000000001e-05	-1.799987231524839e-05	0.000000000000000e+00
7.500000000000001e-05	-1.599990423644421e-05	0.000000000000000e+00
7.500000000000001e-05	-1.399993615763459e-05	0.000000000000000e+00
7.500000000000001e-05	-1.199996807881650e-05	0.000000000000000e+00
7.300000000000562e-05	-1.000000000000000e-05	0.000000000000000e+00
7.100000000000858e-05	-1.000000000000000e-05	0.000000000000000e+00
6.900000000001154e-05	-1.000000000000000e-05	0.000000000000000e+00
6.700000000001578e-05	-1.000000000000000e-05	0.000000000000000e+00
6.500000000002435e-05	-1.000000000000000e-05	0.000000000000000e+00
6.300000000002763e-05	-1.000000000000000e-05	0.000000000000000e+00
6.100000000003092e-05	-1.000000000000000e-05	0.000000000000000e+00
5.900000000003685e-05	-1.000000000000000e-05	0.000000000000000e+00
5.700000000004013e-05	-1.000000000000000e-05	0.000000000000000e+00
5.500000000004712e-05	-1.000000000000000e-05	0.000000000000000e+00
5.300000000005200e-05	-1.000000000000000e-05	0.000000000000000e+00
5.100000000005998e-05	-1.000000000000000e-05	0.000000000000000e+00
4.900000000006031e-05	-1.000000000000000e-05	0.000000000000000e+00
4.700000000005782e-05	-1.000000000000000e-05	0.000000000000000e+00
4.500000000005110e-05	-1.000000000000000e-05	0.000000000000000e+00
4.300000000004347e-05	-1.000000000000000e-05	0.000000000000000e+00
4.100000000003849e-05	-1.000000000000000e-05	0.000000000000000e+00
3.900000000003351e-05	-1.000000000000000e-05	0.000000000000000e+00
3.700000000002854e-05	-1.000000000000000e-05	0.000000000000000e+00
3.500000000002356e-05	-1.000000000000000e-05	0.000000000000000e+00
3.300000000001858e-05	-1.000000000000000e-05	0.000000000000000e+00
3.100000000001361e-05	-1.000000000000000e-05	0.000000000000000e+00
2.900000000000863e-05	-1.000000000000000e-05	0.000000000000000e+00
2.700000000000365e-05	-1.000000000000000e-05	0.000000000000000e+00
2.500000000000000e-05	-1.799987231524839e-05	0.000000000000000e+00
2.500000000000000e-05	-1.599990423644421e-05	0.000000000000000e+00
2.500000000000000e-05	-1.399993615763459e-05	0.000000000000000e+00
2.500000000000000e-05	-1.199996807881650e-05	0.000000000000000e+00
2.702816276130280e-05	-2.000000000000000e-05	0.000000000000000e+00
2.902401875593056e-05	-2.000000000000000e-05	0.000000000000000e+00
3.101811346481184e-05	-2.000000000000000e-05	0.000000000000000e+00
3.301809675958312e-05	-2.000000000000000e-05	0.000000000000000e+00
3.501906230287893e-05	-2.000000000000000e-05	0.000000000000000e+00
3.701598024228544e-05	-2.000000000000000e-05	0.000000000000000e+00
3.900933562746517e-05	-2.000000000000000e-05	0.000000000000000e+00
4.100872883834306e-05	-2.000000000000000e-05	0.000000000000000e+00
4.300986837462382e-05	-2.000000000000000e-05	0.000000000000000e+00
4.500772944710183e-05	-2.000000000000000e-05	0.000000000000000e+00
4.700071526754450e-05	-2.000000000000000e-05	0.000000000000000e+00
4.899940123382670e-05	-2.000000000000000e-05	0.000000000000000e+00
5.100059876604733e-05	-2.000000000000000e-05	0.000000000000000e+00
5.299928473233970e-05	-2.000000000000000e-05	0.000000000000000e+00
5.499227055279334e-05	-2.000000000000000e-05	0.000000000000000e+00
5.699013162528338e-05	-2.000000000000000e-05	0.000000000000000e+00
5.899127116157532e-05	-2.000000000000000e-05	0.000000000000000e+00
6.099066437246381e-05	-2.000000000000000e-05	0.000000000000000e+00
6.298401975765427e-05	-2.000000000000000e-05	0.000000000000000e+00
6.498093769707254e-05	-2.000000000000000e-05	0.000000000000000e+00
6.698190324037960e-05	-2.000000000000000e-05	0.000000000000000e+00
6.898188653516160e-05	-2.000000000000000e-05	0.000000000000000e+00
7.097598124405108e-05	-2.000000000000000e-05	0.000000000000000e+00
7.297183723868816e-05	-2.000000000000000e-05	0.000000000000000e+00
7.500000000000001e-05	-8.000000000004367e-06	0.000000000000000e+00
7.500000000000001e-05	-6.000000000010389e-06	0.000000000000000e+00
7.500000000000001e-05	-4.000000000010920e-06	0.000000000000000e+00
7.500000000000001e-05	-2.000000000005559e-06	0.000000000000000e+00
2.500000000000000e-05	-1.999999999995420e-06	0.000000000000000e+00
2.500000000000000e-05	-3.999999999989604e-06	0.000000000000000e+00
2.500000000000000e-05	-5.999999999989077e-06	0.000000000000000e+00
2.500000000000000e-05	-7.999999999994440e-06	0.000000000000000e+00
7.027046772680706e-05	2.132553377986629e-07	0.000000000000000e+00
6.666229249108644e-05	2.630956594326823e-07	0.000000000000000e+00
6.288400250100688e-05	4.713614836306414e-07	0.000000000000000e+00
5.710273193431113e-05	2.611118575049975e-07	0.000000000000000e+00
5.241768832989664e-05	3.706166922304590e-07	0.000000000000000e+00
4.654521783671848e-05	2.097171142492724e-07	0.000000000000000e+00
4.257323127209558e-05	3.914278546716548e-07	0.000000000000000e+00
3.718573257244122e-05	4.680259037555873e-07	0.000000000000000e+00
3.194724930679652e-05	4.726791603236081e-07	0.000000000000000e+00
4.909041603419446e-05	1.961525538715432e-07	0.000000000000000e+00
5.973810903828907e-05	2.154505247858701e-07	0.000000000000000e+00
6.466128516488744e-05	9.192366506875888e-08	0.000000000000000e+00
7.461546841324671e-05	6.224267415335089e-07	0.000000000000000e+00
5.504542881660499e-05	4.250438602636414e-07	0.000000000000000e+00
2.550560864897612e-05	8.737061876531667e-07	0.000000000000000e+00
6.409921011832278e-05	8.486243143739599e-08	0.000000000000000e+00
7.198275232808402e-05	2.688270858726242e-07	0.000000000000000e+00
9.863022640353818e-05	2.021025142161090e-05	0.000000000000000e+00
5.627442276723157e-05	8.640568847179437e-08	0.000000000000000e+00
1.757175774594709e-06	2.032769469542821e-05	0.000000000000000e+00
3.983988860491830e-05	4.658504442000592e-07	0.000000000000000e+00
5.375350739602923e-05	8.402543154572612e-08	0.000000000000000e+00
2.934458694682862e-05	4.630044482942219e-07	0.000000000000000e+00
6.814492741551528e-05	5.244074382575103e-07	0.000000000000000e+00
3.447627393035844e-05	5.288632645901756e-07	0.000000000000000e+00
7.980769230770372e-05	1.665433468819487e-06	0.000000000000000e+00
4.505029198704146e-05	4.365252640141133e-07	0.000000000000000e+00
5.099999999987315e-05	9.826794919243150e-05	0.000000000000000e+00
6.070005060567938e-05	9.837720801417768e-05	0.000000000000000e+00
4.098109453236705e-05	9.815458822482648e-05	0.000000000000000e+00
3.099230614371185e-05	9.821585836628134e-05	0.000000000000000e+00
6.960638857466096e-05	8.038526468535066e-08	0.000000000000000e+00
2.019230769231876e-05	1.665433468810808e-06	0.000000000000000e+00
6.727488646285212e-05	8.488510146435002e-08	0.000000000000000e+00
9.634656367580476e-05	3.077378090523530e-05	0.000000000000000e+00
7.281582237067348e-05	2.297602406454291e-07	0.000000000000000e+00
6.924584283144378e-05	9.811483341682912e-05	0.000000000000000e+00
7.704819650215236e-05	9.850887725889090e-05	0.000000000000000e+00
2.299999999994648e-05	9.820475209035582e-05	0.000000000000000e+00
3.906587947956634e-06	3.056686244302438e-05	0.000000000000000e+00
2.775276089411446e-05	8.590117040394610e-08	0.000000000000000e+00
4.773128181273915e-05	4.254167037689850e-07	0.000000000000000e+00
6.144563354186851e-05	2.593515543690510e-07	0.000000000000000e+00
6.203091142418722e-05	8.627338440891902e-08	0.000000000000000e+00
5.831626613181321e-05	4.486238182654790e-07	0.000000000000000e+00
5.029986295955493e-05	5.079731025629750e-07	0.000000000000000e+00
6.550596400394614e-05	4.845369032995852e-07	0.000000000000000e+00
4.595122457099372e-05	8.643023283876718e-08	0.000000000000000e+00
4.857824995197822e-05	8.322178632205426e-08	0.000000000000000e+00
4.371560451685763e-05	6.214031033385938e-08	0.000000000000000e+00
3.587315169767539e-05	1.431144778968901e-07	0.000000000000000e+00
3.544767785228815e-05	8.636625362192531e-08	0.000000000000000e+00
3.843020679220938e-05	1.157443823823365e-07	0.000000000000000e+00
3.810156032819935e-05	1.350239141295907e-07	0.000000000000000e+00
1.555745375937529e-06	1.247600291518874e-05	0.000000000000000e+00
9.835344049409470e-05	1.250526562183247e-05	0.000000000000000e+00
4.111567082337921e-05	1.804258068738481e-07	0.000000000000000e+00
4.070934756097739e-05	9.268749755647049e-08	0.000000000000000e+00
5.132204418452391e-05	8.635401214155966e-08	0.000000000000000e+00
3.324482163362484e-05	1.506314043621662e-07	0.000000000000000e+00
3.281056827702636e-05	9.060842518236408e-08	0.000000000000000e+00
3.059265420482879e-05	8.640705700401316e-08	0.000000000000000e+00
3.020527271398271e-05	6.914026024869451e-08	0.000000000000000e+00
9.170791903439521e-05	5.649551068879208e-05	0.000000000000000e+00
8.540035647874990e-06	5.563605947359130e-05	0.000000000000000e+00
8.555840898850692e-05	1.823668034399585e-06	0.000000000000000e+00
1.442307692310380e-05	1.665433468811511e-06	0.000000000000000e+00
4.342643838254476e-05	8.643023283836453e-08	0.000000000000000e+00
4.309365045812730e-05	8.678214006431916e-08	0.000000000000000e+00
5.404947949268542e-05	8.683537082732032e-08	0.000000000000000e+00
5.657362554189160e-05	8.635401214142509e-08	0.000000000000000e+00
8.277536441729539e-05	9.800385713866258e-05	0.000000000000000e+00
8.899999999997345e-05	9.826794919242653e-05	0.000000000000000e+00
1.699999999996334e-05	9.826794919243692e-05	0.000000000000000e+00
1.104008153995831e-05	9.796297639679837e-05	0.000000000000000e+00
7.234935593286431e-05	8.293531819342511e-08	0.000000000000000e+00
5.919455965508001e-05	8.635401214164008e-08	0.000000000000000e+00
5.162120436719093e-05	1.200258043873289e-07	0.000000000000000e+00
9.126607550744580e-05	1.631483144549626e-06	0.000000000000000e+00
8.653846153868503e-06	1.643025642912926e-06	0.000000000000000e+00
2.810567121932620e-05	1.874621942489091e-07	0.000000000000000e+00
6.990442716153546e-05	8.436523577980408e-08	0.000000000000000e+00
9.345502897695387e-05	7.492545762563039e-05	0.000000000000000e+00
6.110086536406355e-06	7.486067832843316e-05	0.000000000000000e+00
6.173261613233048e-05	9.813072645665159e-08	0.000000000000000e+00
6.697653397139078e-05	8.675111070682505e-08	0.000000000000000e+00
9.838077577423404e-05	6.683541570969081e-06	0.000000000000000e+00
1.668936575827543e-06	6.744926869201056e-06	0.000000000000000e+00
6.929055857419853e-05	2.660232553413562e-07	0.000000000000000e+00
5.889535688041977e-05	8.636625362154387e-08	0.000000000000000e+00
4.625047209236296e-05	8.633084691218810e-08	0.000000000000000e+00
4.877774689948583e-05	8.643023283842003e-08	0.000000000000000e+00
6.435286782862400e-05	8.547802476704068e-08	0.000000000000000e+00
4.837883826126500e-05	8.643023283868865e-08	0.000000000000000e+00
3.787009583923627e-05	8.636625362192531e-08	0.000000000000000e+00
2.995895591757251e-05	9.268171279228981e-08	0.000000000000000e+00
4.050838789273894e-05	1.241235576711768e-07	0.000000000000000e+00
5.677151721873979e-05	8.551572464072754e-08	0.000000000000000e+00
3.526995675814404e-05	1.117026134208692e-07	0.000000000000000e+00
3.262475736563579e-05	8.636625362192531e-08	0.000000000000000e+00
5.353961498676596e-05	1.135365461903509e-07	0.000000000000000e+00
5.939403530659004e-05	8.643023283828562e-08	0.000000000000000e+00
5.112261119781713e-05	8.643023283780788e-08	0.000000000000000e+00
9.837170365666948e-05	1.619648056371047e-05	0.000000000000000e+00
1.631975749310225e-06	1.646622870483107e-05	0.000000000000000e+00
3.826900447745649e-05	8.636625362192531e-08	0.000000000000000e+00
3.569188700160577e-05	1.083662542858825e-07	0.000000000000000e+00
3.302366600385606e-05	8.636625362191945e-08	0.000000000000000e+00
5.499999999988305e-05	9.827049312263929e-05	0.000000000000000e+00
4.682418998160326e-05	9.824095961008831e-05	0.000000000000000e+00
3.695711259518154e-05	9.818870050464539e-05	0.000000000000000e+00
9.615895149365315e-05	8.903522376838928e-05	0.000000000000000e+00
3.544470930168636e-06	8.905829948627232e-05	0.000000000000000e+00
6.499999999990964e-05	9.832757234375631e-05	0.000000000000000e+00
2.701967431264299e-05	9.817505538027707e-05	0.000000000000000e+00
9.299999999998402e-05	9.825905920371585e-05	0.000000000000000e+00
6.700654765804606e-06	9.809162906520563e-05	0.000000000000000e+00
7.287263899142394e-05	9.824086483542760e-05	0.000000000000000e+00
6.235045800114772e-05	2.310315454638055e-07	0.000000000000000e+00
5.339587523726908e-05	2.355893213206820e-07	0.000000000000000e+00
6.758864746633623e-05	2.284541020489036e-07	0.000000000000000e+00
6.487831823345463e-05	2.391948081836230e-07	0.000000000000000e+00
6.468177585336051e-05	4.343237878411971e-07	0.000000000000000e+00
6.461094785501566e-05	2.488410841548979e-07	0.000000000000000e+00
4.089868135828087e-05	8.585398946458167e-08	0.000000000000000e+00
9.528107761091463e-05	1.722099263963910e-06	0.000000000000000e+00
4.813889667849549e-06	1.616888644667498e-06	0.000000000000000e+00
5.424818711976793e-05	1.179016778139224e-07	0.000000000000000e+00
7.215489079033811e-05	7.460787288162890e-08	0.000000000000000e+00
7.254734262632351e-05	8.979052559603388e-08	0.000000000000000e+00
4.426686983664622e-05	2.890078242089088e-07	0.000000000000000e+00
5.561285378020659e-05	3.867233065400578e-07	0.000000000000000e+00
4.558018856181462e-05	2.297319917092022e-07	0.000000000000000e+00
5.356357588396157e-05	3.205234289483425e-07	0.000000000000000e+00
5.335669559863911e-05	4.653498100411347e-07	0.000000000000000e+00
5.366557372966311e-05	5.967531194241760e-07	0.000000000000000e+00
5.331867715936412e-05	8.451916123711580e-07	0.000000000000000e+00
5.369255206167350e-05	1.056036019711928e-06	0.000000000000000e+00
5.329182557643708e-05	1.312906467259149e-06	0.000000000000000e+00
5.373245444629874e-05	1.547532334926795e-06	0.000000000000000e+00
5.327094113813969e-05	1.835835611392637e-06	0.000000000000000e+00
5.377318463547805e-05	2.083090790606246e-06	0.000000000000000e+00
5.327731202326076e-05	2.401281088313835e-06	0.000000000000000e+00
5.379961726573346e-05	2.743547044720855e-06	0.000000000000000e+00
5.324819538025947e-05	3.097229013228238e-06	0.000000000000000e+00
5.389912699682669e-05	3.490810765723600e-06	0.000000000000000e+00
5.320012783368299e-05	3.928126011299539e-06	0.000000000000000e+00
5.398115360719084e-05	4.362366614779579e-06	0.000000000000000e+00
5.319125649467372e-05	4.846578520193215e-06	0.000000000000000e+00
5.239295163067843e-05	4.254537789230530e-06	0.000000000000000e+00
5.472998275911944e-05	3.827619343309148e-06	0.000000000000000e+00
5.273185420309618e-05	2.090259563881340e-06	0.000000000000000e+00
5.423513128988178e-05	1.747093071192870e-06	0.000000000000000e+00
5.400544920218593e-05	7.789399408948316e-07	0.000000000000000e+00
5.084685390147078e-05	2.242438450796732e-07	0.000000000000000e+00
5.607800022225737e-05	1.683937436757365e-07	0.000000000000000e+00
4.394891206465796e-05	1.904706988663889e-07	0.000000000000000e+00
4.374076691154910e-05	2.987134743295436e-07	0.000000000000000e+00
4.365096831797728e-05	2.053255066256798e-07	0.000000000000000e+00
4.820055926026408e-05	1.609014079700260e-07	0.000000000000000e+00
4.705946245312888e-05	3.449737890410490e-07	0.000000000000000e+00
6.357017226793978e-05	4.474630943934318e-07	0.000000000000000e+00
3.910022329547091e-05	4.538862698805066e-07	0.000000000000000e+00
3.944134885127043e-05	1.025581012282386e-06	0.000000000000000e+00
3.871501884683865e-05	9.213649202511211e-07	0.000000000000000e+00
3.903784030332947e-05	1.658526210513636e-06	0.000000000000000e+00
3.986157243791035e-05	1.657397590016315e-06	0.000000000000000e+00
3.947575866657159e-05	2.380474492710908e-06	0.000000000000000e+00
3.857978734777095e-05	2.403262345270154e-06	0.000000000000000e+00
3.907637688990341e-05	3.202723950331599e-06	0.000000000000000e+00
4.031358490071854e-05	2.324050205968835e-06	0.000000000000000e+00
4.068881258496009e-05	1.536166265634360e-06	0.000000000000000e+00
4.116121028055099e-05	2.229371582851763e-06	0.000000000000000e+00
4.081555367555935e-05	3.021845574048342e-06	0.000000000000000e+00
4.165457239568313e-05	2.910377882017298e-06	0.000000000000000e+00
4.134569603592341e-05	3.810488109342816e-06	0.000000000000000e+00
4.237593653419029e-05	3.543326284462369e-06	0.000000000000000e+00
4.194752889207321e-05	4.664568834875573e-06	0.000000000000000e+00
4.303988498383965e-05	4.524665506986082e-06	0.000000000000000e+00
4.260678173152654e-05	5.620534622758809e-06	0.000000000000000e+00
4.346087248639581e-05	3.516959101215801e-06	0.000000000000000e+00
4.410369395153779e-05	4.336034758104011e-06	0.000000000000000e+00
4.445132598425417e-05	3.250817720939444e-06	0.000000000000000e+00
4.510195904075621e-05	4.134789263324498e-06	0.000000000000000e+00
4.536250014339585e-05	3.198127629326445e-06	0.000000000000000e+00
4.610696704250939e-05	3.815033989157896e-06	0.000000000000000e+00
4.575640954483774e-05	4.946884042711874e-06	0.000000000000000e+00
4.680474294083233e-05	4.715725516684727e-06	0.000000000000000e+00
4.646370520205712e-05	5.837514788264292e-06	0.000000000000000e+00
4.715257856543383e-05	3.733450514316085e-06	0.000000000000000e+00
4.782685674055120e-05	4.490170471634628e-06	0.000000000000000e+00
4.810388619087690e-05	3.549029173391660e-06	0.000000000000000e+00
4.884495952018834e-05	4.275888066463761e-06	0.000000000000000e+00
4.907004423149988e-05	3.315244444554460e-06	0.000000000000000e+00
4.854722984115806e-05	5.252884554456102e-06	0.000000000000000e+00
4.065585798364481e-05	4.731958470886343e-06	0.000000000000000e+00
4.748116131802037e-05	2.913237336993897e-06	0.000000000000000e+00
4.370902404347620e-05	2.616597803609210e-06	0.000000000000000e+00
4.963917469217710e-05	5.022666592091875e-06	0.000000000000000e+00
4.934865476942643e-05	6.174015209659104e-06	0.000000000000000e+00
4.196324317063069e-05	2.037443880122258e-06	0.000000000000000e+00
4.534410113291659e-05	6.101791715811260e-06	0.000000000000000e+00
4.607466170920175e-05	7.105372847638737e-06	0.000000000000000e+00
7.010499506432013e-05	8.607511871858756e-08	0.000000000000000e+00
4.572775870501702e-05	1.058194297929239e-07	0.000000000000000e+00
5.289988246188757e-05	1.059023931349304e-06	0.000000000000000e+00
3.384171879785168e-05	5.061657698788825e-07	0.000000000000000e+00
3.409180463188508e-05	1.092080144592232e-06	0.000000000000000e+00
3.812663368697316e-05	3.214392263170749e-06	0.000000000000000e+00
3.487478983899698e-05	1.102609771808757e-06	0.000000000000000e+00
3.434696136877142e-05	1.801471866235391e-06	0.000000000000000e+00
3.521369797408457e-05	1.864110315928735e-06	0.000000000000000e+00
3.470068678745501e-05	2.555063585699658e-06	0.000000000000000e+00
3.374320835257463e-05	2.474542436317533e-06	0.000000000000000e+00
3.416782412946765e-05	3.415856946094810e-06	0.000000000000000e+00
3.342649255012243e-05	9.295969934079956e-07	0.000000000000000e+00
3.863676561746068e-05	4.102505935160298e-06	0.000000000000000e+00
3.756979755532877e-05	4.137511771723541e-06	0.000000000000000e+00
3.814691198362041e-05	5.156315908589466e-06	0.000000000000000e+00
3.691681287019236e-05	5.196393223936860e-06	0.000000000000000e+00
3.750409392425116e-05	6.369074109958561e-06	0.000000000000000e+00
3.763132106613716e-05	2.350409740213842e-06	0.000000000000000e+00
3.563816563217825e-05	2.692541993468176e-06	0.000000000000000e+00
3.559578634985479e-05	1.226904044475908e-06	0.000000000000000e+00
3.893876352860645e-05	6.238210901853212e-06	0.000000000000000e+00
3.818491927885870e-05	7.657883822949153e-06	0.000000000000000e+00
5.765069467724056e-05	4.552360675817712e-07	0.000000000000000e+00
3.642900226542973e-05	4.640927799147043e-07	0.000000000000000e+00
3.686323168247055e-05	9.651919550487832e-07	0.000000000000000e+00
6.453575865380914e-05	1.453057648682568e-07	0.000000000000000e+00
2.653813234105548e-05	9.428386437038830e-07	0.000000000000000e+00
2.605277351131800e-05	1.742014087702501e-06	0.000000000000000e+00
2.714989211700189e-05	1.665206942822024e-06	0.000000000000000e+00
2.654310307490700e-05	2.630015996871802e-06	0.000000000000000e+00
2.766275127257214e-05	2.620311641221869e-06	0.000000000000000e+00
2.705402854930405e-05	3.624477507652691e-06	0.000000000000000e+00
2.828865930157249e-05	3.642209212225872e-06	0.000000000000000e+00
2.761596583166186e-05	4.710195865802711e-06	0.000000000000000e+00
2.583618710394064e-05	3.626523454294494e-06	0.000000000000000e+00
2.894827122818343e-05	4.759775452979832e-06	0.000000000000000e+00
2.817485496625694e-05	5.999244792827733e-06	0.000000000000000e+00
3.594934946766134e-05	6.259146952886970e-06	0.000000000000000e+00
2.960995052690670e-05	5.958666771041171e-06	0.000000000000000e+00
2.888163152443784e-05	7.357006804171866e-06	0.000000000000000e+00
2.725338869427205e-05	7.325114055446060e-06	0.000000000000000e+00
2.809837529662434e-05	8.936681957764646e-06	0.000000000000000e+00
2.622230864701244e-05	8.837449120243200e-06	0.000000000000000e+00
2.712105024286658e-05	1.058158479789494e-05	0.000000000000000e+00
2.515023156864394e-05	1.046726903751906e-05	0.000000000000000e+00
2.607620499161622e-05	1.222447136378354e-05	0.000000000000000e+00
2.408812428192918e-05	1.213966765296288e-05	0.000000000000000e+00
2.502148082189855e-05	1.390572951633033e-05	0.000000000000000e+00
2.700873161455273e-05	1.398684595005810e-05	0.000000000000000e+00
2.594945070177738e-05	1.567592011617122e-05	0.000000000000000e+00
2.795493206500477e-05	1.574728510115440e-05	0.000000000000000e+00
2.688440627059991e-05	1.744341370243203e-05	0.000000000000000e+00
2.395292681297954e-05	1.556653957688460e-05	0.000000000000000e+00
2.315692412623341e-05	1.036938583352848e-05	0.000000000000000e+00
3.015909837967451e-05	8.735124694616142e-06	0.000000000000000e+00
2.209186492325446e-05	1.205655098657325e-05	0.000000000000000e+00
2.116214407719521e-05	1.028396211953804e-05	0.000000000000000e+00
2.009400210015592e-05	1.197526751101235e-05	0.000000000000000e+00
1.916371346913284e-05	1.020454421190826e-05	0.000000000000000e+00
1.809567130751461e-05	1.189550350673004e-05	0.000000000000000e+00
1.716530108150703e-05	1.012502887154283e-05	0.000000000000000e+00
1.609726557761357e-05	1.181597447075983e-05	0.000000000000000e+00
1.702765219234617e-05	1.358639420550834e-05	0.000000000000000e+00
1.502923289569742e-05	1.350691160387353e-05	0.000000000000000e+00
1.596690358492925e-05	1.528193055567986e-05	0.000000000000000e+00
1.396241244243360e-05	1.519862159886029e-05	0.000000000000000e+00
1.409884825711472e-05	1.173648987990697e-05	0.000000000000000e+00
1.490028517025972e-05	1.697376936094457e-05	0.000000000000000e+00
1.289481572651089e-05	1.688984414652769e-05	0.000000000000000e+00
1.382527388550111e-05	1.866030919612412e-05	0.000000000000000e+00
1.592538706144114e-05	1.871682055452596e-05	0.000000000000000e+00
1.182512777120614e-05	1.857974655602458e-05	0.000000000000000e+00
1.089501815211348e-05	1.680950152945561e-05	0.000000000000000e+00
1.461504681036458e-05	2.058175887864796e-05	0.000000000000000e+00
1.687874921776563e-05	2.058894444674493e-05	0.000000000000000e+00
1.589514342769892e-05	2.260407083820444e-05	0.000000000000000e+00
1.867694586457181e-05	2.272628712217702e-05	0.000000000000000e+00
1.609487358798798e-05	2.595963822905884e-05	0.000000000000000e+00
2.072938663428933e-05	2.662432893738585e-05	0.000000000000000e+00
1.818927068330288e-05	3.034664720628688e-05	0.000000000000000e+00
2.300424386275414e-05	3.082614023025546e-05	0.000000000000000e+00
9.826753267693945e-06	1.850030312144459e-05	0.000000000000000e+00
8.896186822104762e-06	1.672998823985579e-05	0.000000000000000e+00
2.014327664166643e-05	3.502801618910892e-05	0.000000000000000e+00
2.559576569915517e-05	3.562854675942219e-05	0.000000000000000e+00
2.832598618841827e-05	3.124916840684559e-05	0.000000000000000e+00
3.108605116273140e-05	3.589205482571981e-05	0.000000000000000e+00
3.361657266347500e-05	3.133705639107698e-05	0.000000000000000e+00
3.624697997789325e-05	3.595675734040961e-05	0.000000000000000e+00
3.890336928063412e-05	3.152800213462181e-05	0.000000000000000e+00
4.147850309929717e-05	3.610504930978509e-05	0.000000000000000e+00
3.873300058061838e-05	4.077267839556757e-05	0.000000000000000e+00
4.406159026725947e-05	3.156683390944518e-05	0.000000000000000e+00
5.404160381019502e-05	5.348421250699068e-06	0.000000000000000e+00
4.408803427693632e-05	4.083389843670741e-05	0.000000000000000e+00
4.144509238673230e-05	4.553710420397679e-05	0.000000000000000e+00
4.676565424796733e-05	4.555501879236880e-05	0.000000000000000e+00
4.419681709885942e-05	5.020059587099128e-05	0.000000000000000e+00
4.937265704608012e-05	5.035341233442005e-05	0.000000000000000e+00
4.692458991229206e-05	5.486771555471109e-05	0.000000000000000e+00
5.189849288586733e-05	4.586712085859317e-05	0.000000000000000e+00
5.193430706130863e-05	5.495046719177460e-05	0.000000000000000e+00
4.941346117178230e-05	5.944018581475740e-05	0.000000000000000e+00
5.432317089157742e-05	5.949905418268156e-05	0.000000000000000e+00
5.166721461350906e-05	6.382079859643209e-05	0.000000000000000e+00
4.692159044120561e-05	6.374528126411994e-05	0.000000000000000e+00
4.929447606324291e-05	6.787424966347961e-05	0.000000000000000e+00
5.382389364293845e-05	6.798410133321515e-05	0.000000000000000e+00
5.154220955957634e-05	7.152343924763726e-05	0.000000000000000e+00
4.718957334468603e-05	7.175208900438363e-05	0.000000000000000e+00
5.597374997607737e-05	7.203993701634011e-05	0.000000000000000e+00
4.966790629125829e-05	7.538206394524130e-05	0.000000000000000e+00
4.537085520147555e-05	7.549832163046620e-05	0.000000000000000e+00
4.722541076562765e-05	7.895361763432112e-05	0.000000000000000e+00
4.338967170807552e-05	7.904053025058434e-05	0.000000000000000e+00
4.137741162623683e-05	7.571383777792647e-05	0.000000000000000e+00
3.939865523070890e-05	7.924876298772852e-05	0.000000000000000e+00
3.719146199396609e-05	7.568563815133370e-05	0.000000000000000e+00
3.515990674913345e-05	7.942804092348372e-05	0.000000000000000e+00
4.183673833639178e-05	2.720596186423193e-05	0.000000000000000e+00
4.640324503067064e-05	2.747109412101664e-05	0.000000000000000e+00
4.536820818547772e-05	8.220876480637398e-05	0.000000000000000e+00
4.884599743968184e-05	8.223397402582683e-05	0.000000000000000e+00
4.441781748514868e-05	2.356068926887008e-05	0.000000000000000e+00
4.847099800081822e-05	2.347286045000954e-05	0.000000000000000e+00
5.061442872622986e-05	2.729400030674896e-05	0.000000000000000e+00
5.246386726342880e-05	2.334433907014623e-05	0.000000000000000e+00
5.457745587643083e-05	2.710280813101567e-05	0.000000000000000e+00
5.631052221676481e-05	2.328991289652532e-05	0.000000000000000e+00
5.826462370427929e-05	2.690481211760330e-05	0.000000000000000e+00
6.005043539663888e-05	2.373385490338857e-05	0.000000000000000e+00
6.178647153727870e-05	2.704607910282645e-05	0.000000000000000e+00
6.369308177254317e-05	2.317797276375927e-05	0.000000000000000e+00
6.566610153122970e-05	2.704523133745301e-05	0.000000000000000e+00
6.765673709304412e-05	2.298577382656936e-05	0.000000000000000e+00
6.543689922650320e-05	2.058351673356586e-05	0.000000000000000e+00
6.942640618580978e-05	2.023908136540780e-05	0.000000000000000e+00
6.764875412378254e-05	1.844584382722415e-05	0.000000000000000e+00
6.990830202303299e-05	2.678634502073973e-05	0.000000000000000e+00
5.824657129025174e-05	2.066652694919895e-05	0.000000000000000e+00
6.773922838524115e-05	3.070686619070637e-05	0.000000000000000e+00
7.240104072323927e-05	3.040538345228922e-05	0.000000000000000e+00
7.023228120192873e-05	3.436947477536226e-05	0.000000000000000e+00
5.043067331139042e-05	2.043827106267732e-05	0.000000000000000e+00
7.506363394557794e-05	3.420721983400272e-05	0.000000000000000e+00
7.264732826260831e-05	3.857047845097733e-05	0.000000000000000e+00
3.872357890652383e-05	5.026876808878880e-05	0.000000000000000e+00
3.241616840544026e-05	7.575198589181357e-05	0.000000000000000e+00
3.003545492951593e-05	8.062925235250368e-05	0.000000000000000e+00
5.318973892675912e-05	5.863127380186819e-06	0.000000000000000e+00
5.416193254417877e-05	6.486351439082758e-06	0.000000000000000e+00
5.312122485820949e-05	7.107959225932239e-06	0.000000000000000e+00
5.426334760032224e-05	7.793022117126828e-06	0.000000000000000e+00
5.548373521897384e-05	6.914448433119715e-06	0.000000000000000e+00
5.551955032420925e-05	8.444375260961925e-06	0.000000000000000e+00
5.678323853891530e-05	7.669843354417094e-06	0.000000000000000e+00
5.307612684948338e-05	8.566735330723543e-06	0.000000000000000e+00
5.684428781320868e-05	9.147779873387806e-06	0.000000000000000e+00
5.805975917016614e-05	8.270653871027795e-06	0.000000000000000e+00
5.796054899967132e-05	6.729497645684985e-06	0.000000000000000e+00
5.918968826642038e-05	7.404691259158621e-06	0.000000000000000e+00
5.911700327923528e-05	6.070499166078785e-06	0.000000000000000e+00
6.023712292684549e-05	6.642018051979328e-06	0.000000000000000e+00
6.043809921892067e-05	7.949091928390086e-06	0.000000000000000e+00
6.155887368820223e-05	7.080185082539479e-06	0.000000000000000e+00
6.012128771299954e-05	5.390903241723749e-06	0.000000000000000e+00
5.912542591397598e-05	4.910895791525496e-06	0.000000000000000e+00
5.992652570785355e-05	4.325665586260074e-06	0.000000000000000e+00
6.173444906644102e-05	8.521210396017542e-06	0.000000000000000e+00
6.293151854887299e-05	7.675413558713366e-06	0.000000000000000e+00
5.906247119293864e-05	3.823826987900150e-06	0.000000000000000e+00
5.987861156311588e-05	3.419707189750825e-06	0.000000000000000e+00
6.064300981106335e-05	3.760592870815910e-06	0.000000000000000e+00
6.311357707076273e-05	9.152674903270236e-06	0.000000000000000e+00
6.426633771490611e-05	8.192234849405674e-06	0.000000000000000e+00
6.184903592086635e-05	1.011002593054079e-05	0.000000000000000e+00
6.400478778041690e-05	6.628433752377098e-06	0.000000000000000e+00
6.538568688330300e-05	7.257284709924710e-06	0.000000000000000e+00
6.519634758951373e-05	5.909538842501381e-06	0.000000000000000e+00
6.644502714975477e-05	6.361830643023243e-06	0.000000000000000e+00
6.668887594263456e-05	7.732016067647297e-06	0.000000000000000e+00
6.773235296356955e-05	6.812224196582645e-06	0.000000000000000e+00
6.804378591795707e-05	8.268568650350208e-06	0.000000000000000e+00
6.921232600598405e-05	7.068094542304220e-06	0.000000000000000e+00
6.953648369742923e-05	8.793989851812011e-06	0.000000000000000e+00
7.083470243391363e-05	7.691604012411837e-06	0.000000000000000e+00
7.117473572912456e-05	9.441917319617183e-06	0.000000000000000e+00
7.259458469916989e-05	8.252371986136418e-06	0.000000000000000e+00
7.293769056604556e-05	1.015353792445244e-05	0.000000000000000e+00
7.440607221606186e-05	8.865954240101533e-06	0.000000000000000e+00
7.480025825397797e-05	1.082029643952570e-05	0.000000000000000e+00
7.628607644912297e-05	9.510515916415963e-06	0.000000000000000e+00
7.669101245485043e-05	1.147272718245952e-05	0.000000000000000e+00
7.816135961689284e-05	1.027333654898755e-05	0.000000000000000e+00
7.857946301522553e-05	1.214249532622345e-05	0.000000000000000e+00
8.004947981045457e-05	1.094585220763413e-05	0.000000000000000e+00
8.046979525814238e-05	1.279995922119480e-05	0.000000000000000e+00
8.197881080265785e-05	1.148854569722703e-05	0.000000000000000e+00
8.236729715051149e-05	1.343370872619111e-05	0.000000000000000e+00
8.085920215588068e-05	1.474326966997906e-05	0.000000000000000e+00
8.275170086718473e-05	1.539055721556107e-05	0.000000000000000e+00
8.387742151405354e-05	1.211838001520655e-05	0.000000000000000e+00
7.059258943189022e-05	6.216412695272423e-06	0.000000000000000e+00
6.629989960862648e-05	4.977253817428900e-06	0.000000000000000e+00
6.514966523621572e-05	4.701979703713971e-06	0.000000000000000e+00
8.124301165295328e-05	1.670202841932601e-05	0.000000000000000e+00
8.313449121851479e-05	1.735192800444532e-05	0.000000000000000e+00
6.590630097401474e-05	4.000127543523021e-06	0.000000000000000e+00
7.520949995679720e-05	1.278306531965224e-05	0.000000000000000e+00
6.502454133003416e-05	3.686499635424249e-06	0.000000000000000e+00
6.051137083498478e-05	2.962885496412452e-06	0.000000000000000e+00
6.124591175890361e-05	3.240960142821783e-06	0.000000000000000e+00
3.748844698706725e-05	8.270479376961311e-05	0.000000000000000e+00
4.723485833210511e-05	8.514335076130884e-05	0.000000000000000e+00
5.051179926175059e-05	8.518060632913677e-05	0.000000000000000e+00
5.827218860988479e-05	6.811512733393826e-05	0.000000000000000e+00
6.055687706715823e-05	7.221116455223763e-05	0.000000000000000e+00
6.279295246239586e-05	6.825326040741277e-05	0.000000000000000e+00
6.496098945417356e-05	7.231550843806204e-05	0.000000000000000e+00
6.281589298337784e-05	7.614977132129293e-05	0.000000000000000e+00
6.697129148367230e-05	7.640017289691032e-05	0.000000000000000e+00
6.476073714216130e-05	7.996621251909089e-05	0.000000000000000e+00
6.882489191323275e-05	8.031518045583679e-05	0.000000000000000e+00
6.955183597881854e-05	7.240693562207202e-05	0.000000000000000e+00
8.133601979173956e-05	9.391508657432798e-06	0.000000000000000e+00
5.984834107261130e-05	2.648502443479435e-06	0.000000000000000e+00
8.162552549242259e-05	1.866414413629452e-05	0.000000000000000e+00
7.973434375205292e-05	1.801346240972658e-05	0.000000000000000e+00
8.464361197189075e-05	1.603929098070677e-05	0.000000000000000e+00
8.502586142700756e-05	1.800212752821789e-05	0.000000000000000e+00
8.653496394808709e-05	1.668954051760773e-05	0.000000000000000e+00
8.691712022118492e-05	1.865262967030720e-05	0.000000000000000e+00
8.842620415825070e-05	1.734009314549680e-05	0.000000000000000e+00
8.880329868810972e-05	1.929743437412728e-05	0.000000000000000e+00
8.729927125138520e-05	2.061573301085804e-05	0.000000000000000e+00
8.804407338592063e-05	1.537693489707962e-05	0.000000000000000e+00
6.670054375231799e-05	8.358877303336841e-05	0.000000000000000e+00
7.034039819031132e-05	8.376583591526711e-05	0.000000000000000e+00
7.279837409209669e-05	8.054167432924332e-05	0.000000000000000e+00
7.412611863450665e-05	8.470574364563691e-05	0.000000000000000e+00
8.993528984294888e-05	1.602755189140210e-05	0.000000000000000e+00
8.955315616619621e-05	1.406440154039527e-05	0.000000000000000e+00
2.888873747755521e-05	1.751580131050686e-05	0.000000000000000e+00
2.995437572994744e-05	1.582221908074690e-05	0.000000000000000e+00
6.341508238057413e-05	1.080888572993814e-05	0.000000000000000e+00
7.390724392810212e-05	7.027043566927962e-06	0.000000000000000e+00
6.197813075877654e-05	1.186246737761104e-05	0.000000000000000e+00
5.685284131471747e-05	5.526349470077225e-05	0.000000000000000e+00
6.041157448313063e-05	2.224816891311506e-06	0.000000000000000e+00
6.570907900067904e-05	2.999776677597935e-06	0.000000000000000e+00
6.654783189239769e-05	3.372530982252035e-06	0.000000000000000e+00
7.123936866015077e-05	1.142066529235498e-05	0.000000000000000e+00
6.502374084834558e-05	3.459015740388761e-05	0.000000000000000e+00
5.979153005698134e-05	1.988815400654280e-06	0.000000000000000e+00
5.928948244504215e-05	2.342571766255137e-06	0.000000000000000e+00
5.827734381205009e-05	4.391410119355969e-06	0.000000000000000e+00
6.488235419022688e-05	2.819131906089097e-06	0.000000000000000e+00
3.530781477604504e-05	7.084085053920532e-05	0.000000000000000e+00
2.966559240196999e-05	7.150406802654417e-05	0.000000000000000e+00
5.560314711530398e-05	1.003735046296719e-05	0.000000000000000e+00
6.807336713123559e-05	1.005062201842093e-05	0.000000000000000e+00
3.088841609740014e-05	1.759069467550311e-05	0.000000000000000e+00
3.195328049318829e-05	1.589753078670085e-05	0.000000000000000e+00
3.288722947767662e-05	1.766606849351899e-05	0.000000000000000e+00
3.395194956507813e-05	1.597298472279099e-05	0.000000000000000e+00
4.892353812730710e-05	8.778104627781076e-05	0.000000000000000e+00
5.209292342502127e-05	8.783301017082959e-05	0.000000000000000e+00
4.570513728501168e-05	8.777058470942325e-05	0.000000000000000e+00
7.764182186956683e-05	3.841824252794939e-05	0.000000000000000e+00
7.517074200542152e-05	4.302998920357505e-05	0.000000000000000e+00
8.006927720851850e-05	3.391417284345171e-05	0.000000000000000e+00
2.950425112033119e-05	3.568386210485362e-06	0.000000000000000e+00
6.426397805530794e-05	3.317670157772975e-06	0.000000000000000e+00
9.144436501451914e-05	1.471503916547714e-05	0.000000000000000e+00
9.106223274153965e-05	1.275188493778317e-05	0.000000000000000e+00
9.190995543438259e-05	1.665410240230826e-05	0.000000000000000e+00
1.823334426960198e-05	8.434076400494440e-06	0.000000000000000e+00
1.623491985070284e-05	8.354598485621960e-06	0.000000000000000e+00
6.643259412020162e-05	2.556694269929315e-06	0.000000000000000e+00
6.715466440454428e-05	2.836533427892955e-06	0.000000000000000e+00
6.701614246269854e-05	2.137990481083024e-06	0.000000000000000e+00
6.769146109463980e-05	2.354273538128976e-06	0.000000000000000e+00
6.784554763348053e-05	3.042201526130432e-06	0.000000000000000e+00
6.836806401531698e-05	2.539145743986672e-06	0.000000000000000e+00
6.812077122502828e-05	8.680523055493905e-05	0.000000000000000e+00
6.418420619449726e-05	8.670009703508619e-05	0.000000000000000e+00
6.854184549675154e-05	3.203169533164359e-06	0.000000000000000e+00
6.902782543969486e-05	2.698323008333598e-06	0.000000000000000e+00
6.879050461586579e-05	2.116685741054385e-06	0.000000000000000e+00
6.943192786900141e-05	2.152053437833601e-06	0.000000000000000e+00
6.968982100957494e-05	2.847671252859053e-06	0.000000000000000e+00
7.017975985609510e-05	2.199281840968118e-06	0.000000000000000e+00
7.040461726686903e-05	2.974280286326169e-06	0.000000000000000e+00
7.087862744250296e-05	2.424314726424708e-06	0.000000000000000e+00
7.115202233944607e-05	3.155735990180177e-06	0.000000000000000e+00
7.165744375565346e-05	2.561148208855980e-06	0.000000000000000e+00
6.984938666667279e-05	1.771797286859015e-06	0.000000000000000e+00
7.789389139688866e-05	8.221228606058150e-06	0.000000000000000e+00
8.010467667245700e-05	2.001090021301973e-05	0.000000000000000e+00
7.822336639996810e-05	1.933149424905326e-05	0.000000000000000e+00
2.240294895616628e-05	8.342292465069604e-06	0.000000000000000e+00
7.196110494139727e-05	3.358582443608942e-06	0.000000000000000e+00
7.253720318163315e-05	2.569227632950506e-06	0.000000000000000e+00
3.488585926615222e-05	1.774154613642258e-05	0.000000000000000e+00
3.595054875495997e-05	1.604847966916038e-05	0.000000000000000e+00
3.501665643472854e-05	1.427990810548414e-05	0.000000000000000e+00
3.701523494909384e-05	1.435541505295012e-05	0.000000000000000e+00
6.413835282745305e-05	2.425009289942584e-06	0.000000000000000e+00
6.374262739944548e-05	1.264594793873400e-05	0.000000000000000e+00
6.221147479881266e-05	1.380354190308738e-05	0.000000000000000e+00
5.372871685173926e-05	8.522804181721156e-05	0.000000000000000e+00
2.254694595064718e-05	4.042726398210854e-05	0.000000000000000e+00
6.996143695290201e-05	4.308500263572370e-05	0.000000000000000e+00
7.250924416087876e-05	4.779930552285882e-05	0.000000000000000e+00
3.222775393342626e-05	6.644771888068591e-05	0.000000000000000e+00
5.534033941830082e-05	8.770209064989213e-05	0.000000000000000e+00
5.661638779448446e-05	3.050886894088572e-05	0.000000000000000e+00
6.140320434636349e-05	4.061245660291546e-06	0.000000000000000e+00
5.700076592439648e-05	1.081634597470839e-05	0.000000000000000e+00
5.560124185366420e-05	1.182580435224624e-05	0.000000000000000e+00
1.796864573084592e-05	1.532347378263495e-05	0.000000000000000e+00
8.917102512576443e-05	1.210124400127980e-05	0.000000000000000e+00
9.068010070072339e-05	1.078873008434394e-05	0.000000000000000e+00
8.878889309886643e-05	1.013808904837239e-05	0.000000000000000e+00
9.029796853419003e-05	8.825575557648424e-06	0.000000000000000e+00
8.840676090015755e-05	8.174934578318738e-06	0.000000000000000e+00
9.218917618312979e-05	9.476216488901122e-06	0.000000000000000e+00
9.964357666871641e-06	1.503890843224449e-05	0.000000000000000e+00
7.965725632188088e-06	1.495955753546242e-05	0.000000000000000e+00
9.033937343761230e-06	1.326850962763522e-05	0.000000000000000e+00
1.733453875237983e-05	6.660170343326808e-06	0.000000000000000e+00
3.307586538788419e-05	3.211340487728781e-06	0.000000000000000e+00
3.352059605676425e-05	4.265939454206100e-06	0.000000000000000e+00
5.928895474734912e-05	1.745699715506181e-06	0.000000000000000e+00
5.876579166269147e-05	1.976293135453675e-06	0.000000000000000e+00
2.699358971516501e-05	6.692694265409782e-05	0.000000000000000e+00
3.794912955789893e-05	1.612398530143913e-05	0.000000000000000e+00
3.901381088170720e-05	1.443092349949959e-05	0.000000000000000e+00
9.180704396195645e-05	7.513062116287362e-06	0.000000000000000e+00
7.694186377277373e-05	8.097589854110333e-05	0.000000000000000e+00
7.860763925799662e-05	8.488454051610083e-05	0.000000000000000e+00
7.808672123975051e-06	1.842027993797138e-05	0.000000000000000e+00
8.816111998125196e-06	2.034512316484340e-05	0.000000000000000e+00
1.534155517040932e-05	6.575751230397562e-06	0.000000000000000e+00
5.970731676480636e-05	1.440336052801660e-06	0.000000000000000e+00
7.636482013709191e-05	8.818672202690243e-05	0.000000000000000e+00
8.036948633011567e-05	8.862208721238381e-05	0.000000000000000e+00
8.278721485563256e-05	8.536194793142801e-05	0.000000000000000e+00
8.440136561837098e-05	8.920458377694013e-05	0.000000000000000e+00
6.356599062181680e-05	2.936760094058557e-06	0.000000000000000e+00
6.351876468534777e-05	3.762331900732894e-06	0.000000000000000e+00
6.344607979310253e-05	2.213339310525391e-06	0.000000000000000e+00
7.287078699992287e-05	3.545062001020075e-06	0.000000000000000e+00
7.346148232277779e-05	2.823970548997556e-06	0.000000000000000e+00
6.473015081243113e-05	2.084148138374588e-06	0.000000000000000e+00
5.056291188647290e-05	9.051610162691722e-05	0.000000000000000e+00
8.200778054786903e-05	2.062696450504131e-05	0.000000000000000e+00
8.031972296475810e-05	2.250036201934310e-05	0.000000000000000e+00
8.268894062842321e-05	3.813224130351118e-05	0.000000000000000e+00
6.640615449048383e-05	1.849650818356951e-06	0.000000000000000e+00
6.636196697903773e-05	8.990876013293412e-05	0.000000000000000e+00
5.718503992344399e-05	1.267931274620236e-05	0.000000000000000e+00
5.555429022541552e-05	1.372072376024776e-05	0.000000000000000e+00
5.393224050362970e-05	1.281709432132582e-05	0.000000000000000e+00
5.386153398535225e-05	1.476301097496653e-05	0.000000000000000e+00
5.212758699102961e-05	1.383328671705507e-05	0.000000000000000e+00
7.133386957797937e-05	1.873689762444038e-06	0.000000000000000e+00
6.307147248021902e-05	8.987609926299235e-05	0.000000000000000e+00
3.608134207983575e-05	1.258684379772071e-05	0.000000000000000e+00
5.720345418947123e-05	1.473951295513928e-05	0.000000000000000e+00
2.968673456608158e-05	6.181708673662700e-05	0.000000000000000e+00
8.949946456369073e-05	2.154948801504845e-05	0.000000000000000e+00
8.676885914731624e-05	2.357195006623250e-05	0.000000000000000e+00
7.035511056246058e-06	1.318904056338180e-05	0.000000000000000e+00
8.103587562537124e-06	1.149807030846434e-05	0.000000000000000e+00
3.994770506022651e-05	1.619949399783357e-05	0.000000000000000e+00
4.101238550059335e-05	1.450643270658274e-05	0.000000000000000e+00
3.888302491039272e-05	1.789255512105080e-05	0.000000000000000e+00
4.007849167237404e-05	1.273786200551069e-05	0.000000000000000e+00
4.207706584015018e-05	1.281337147359647e-05	0.000000000000000e+00
4.301095972453022e-05	1.458194214218697e-05	0.000000000000000e+00
4.407563995183191e-05	1.288888097413777e-05	0.000000000000000e+00
4.500953382686223e-05	1.465745164813686e-05	0.000000000000000e+00
4.598058676787701e-05	1.301383037606393e-05	0.000000000000000e+00
4.694329830464006e-05	1.471025858844470e-05	0.000000000000000e+00
3.408276817660231e-05	1.251133417671463e-05	0.000000000000000e+00
6.800102204180703e-05	3.800584578815355e-06	0.000000000000000e+00
7.386406705048392e-05	3.779543764742600e-06	0.000000000000000e+00
7.453743305810563e-05	2.792882583011695e-06	0.000000000000000e+00
7.505238951655978e-05	4.104495654718458e-06	0.000000000000000e+00
3.178534450806347e-05	1.918319617299972e-05	0.000000000000000e+00
2.786897040734877e-05	1.923710621786346e-05	0.000000000000000e+00
5.928512438599246e-05	1.236095651140689e-06	0.000000000000000e+00
2.393284862006092e-05	7.205999125101594e-05	0.000000000000000e+00
5.702111094374303e-05	8.520127397122209e-05	0.000000000000000e+00
5.540919513041078e-05	8.235775488802524e-05	0.000000000000000e+00
9.295344064476223e-05	1.340252517287242e-05	0.000000000000000e+00
4.310926777681795e-05	1.113746046810479e-05	0.000000000000000e+00
2.516339467582958e-05	1.702307150801677e-06	0.000000000000000e+00
7.784418086701414e-05	1.736518008182667e-05	0.000000000000000e+00
7.628841264083577e-05	1.867469712080437e-05	0.000000000000000e+00
7.673206062067896e-05	2.098090953424966e-05	0.000000000000000e+00
6.105160295273529e-06	1.141860180691317e-05	0.000000000000000e+00
7.173201367330041e-06	9.727651903060217e-06	0.000000000000000e+00
9.171622728887874e-06	9.807123796455474e-06	0.000000000000000e+00
8.241346714980187e-06	8.036647434672460e-06	0.000000000000000e+00
1.023971979535513e-05	8.116144622093814e-06	0.000000000000000e+00
6.753776238617123e-05	1.729175453824884e-06	0.000000000000000e+00
2.572217893954517e-05	1.912777547399380e-05	0.000000000000000e+00
6.394269946858718e-05	1.460780382975616e-05	0.000000000000000e+00
6.239878622871827e-05	1.578963128828756e-05	0.000000000000000e+00
6.989745866964705e-05	3.421541688849319e-06	0.000000000000000e+00
7.312105541008596e-05	1.988998706175741e-06	0.000000000000000e+00
8.709123613555228e-05	8.606016869483117e-05	0.000000000000000e+00
6.550594983328593e-05	1.344600342824948e-05	0.000000000000000e+00
1.647227900034447e-05	3.958811441485291e-05	0.000000000000000e+00
3.234432079655204e-05	4.035717516215831e-06	0.000000000000000e+00
3.274492258173540e-05	5.192289238705913e-06	0.000000000000000e+00
3.182617476442516e-05	2.965081116212810e-06	0.000000000000000e+00
6.292675056729091e-05	2.610352746181910e-06	0.000000000000000e+00
6.288062518216894e-05	1.936483920707626e-06	0.000000000000000e+00
9.369819234956482e-05	8.163634696448444e-06	0.000000000000000e+00
9.331569519834264e-05	6.200538067758460e-06	0.000000000000000e+00
6.242835408988125e-06	7.957222762352078e-06	0.000000000000000e+00
7.310983018160415e-06	6.266217142997219e-06	0.000000000000000e+00
6.503256429038254e-06	2.012563041410564e-05	0.000000000000000e+00
5.819141445029204e-05	3.561714549008141e-06	0.000000000000000e+00
5.750771093493386e-05	3.959491167387474e-06	0.000000000000000e+00
5.746546316068231e-05	3.182296385482857e-06	0.000000000000000e+00
5.678662171348632e-05	3.533180222071891e-06	0.000000000000000e+00
5.682081501526670e-05	2.764323314791787e-06	0.000000000000000e+00
5.677220914323514e-05	4.397236117702032e-06	0.000000000000000e+00
5.740300171108377e-05	2.405249718733111e-06	0.000000000000000e+00
5.679331780639522e-05	2.108398328419839e-06	0.000000000000000e+00
5.626807859931747e-05	2.369835104723645e-06	0.000000000000000e+00
5.632720936301272e-05	1.793787870296284e-06	0.000000000000000e+00
5.676271524689789e-05	1.542780917851290e-06	0.000000000000000e+00
5.636719842637929e-05	1.294147048487402e-06	0.000000000000000e+00
5.600083489555158e-05	1.481074555541369e-06	0.000000000000000e+00
5.676276589839647e-05	1.049485393114131e-06	0.000000000000000e+00
5.710868242625767e-05	1.289002542003563e-06	0.000000000000000e+00
5.642148603445398e-05	8.867516770106733e-07	0.000000000000000e+00
5.670270040870675e-05	6.698213697098399e-07	0.000000000000000e+00
7.781611494835525e-05	4.761320564968624e-05	0.000000000000000e+00
7.523435040810629e-05	5.261598060160042e-05	0.000000000000000e+00
6.966470197165392e-05	5.257782188746403e-05	0.000000000000000e+00
7.246966491514425e-05	5.747033419894600e-05	0.000000000000000e+00
6.971456682478366e-05	8.997182022651153e-05	0.000000000000000e+00
2.089422214788062e-05	6.696322478751334e-05	0.000000000000000e+00
7.818707559743049e-05	5.759509552075859e-05	0.000000000000000e+00
5.646207702204633e-05	5.495046797772129e-07	0.000000000000000e+00
3.548156374395663e-05	6.188592479340349e-05	0.000000000000000e+00
7.469564789868035e-05	2.003938896530239e-05	0.000000000000000e+00
7.438300776062908e-05	1.796322099228136e-05	0.000000000000000e+00
7.598725336339276e-05	3.054303673004540e-06	0.000000000000000e+00
7.650447117510929e-05	4.464088719331882e-06	0.000000000000000e+00
3.511816221964704e-05	1.088130090517804e-05	0.000000000000000e+00
7.221133754887828e-05	4.333142578070605e-06	0.000000000000000e+00
5.172694881786353e-05	7.617973920848571e-06	0.000000000000000e+00
5.179862555857208e-05	9.484916927811849e-06	0.000000000000000e+00
7.397650377020393e-06	2.202755394921244e-05	0.000000000000000e+00
5.992127730986683e-06	1.486684369582125e-05	0.000000000000000e+00
5.031795610164833e-05	8.555308682035481e-06	0.000000000000000e+00
5.041578086388977e-05	1.017270285015225e-05	0.000000000000000e+00
4.867618103458280e-05	9.566049277643145e-06	0.000000000000000e+00
2.549246765126288e-05	7.344878634001605e-06	0.000000000000000e+00
5.210778929310700e-05	1.574773906300092e-05	0.000000000000000e+00
5.365034325868895e-05	1.687002749847911e-05	0.000000000000000e+00
2.817926039969735e-05	1.685728435621863e-06	0.000000000000000e+00
7.847393938722162e-05	9.188816622266076e-05	0.000000000000000e+00
6.233771148384011e-05	2.302241513991204e-06	0.000000000000000e+00
6.234124816549775e-05	1.616903721832312e-06	0.000000000000000e+00
6.182446865021598e-05	1.962069195089613e-06	0.000000000000000e+00
6.180084844723430e-05	1.417066679766902e-06	0.000000000000000e+00
6.217568541478135e-05	1.111833832022456e-06	0.000000000000000e+00
8.498782772635397e-05	3.371810623996381e-05	0.000000000000000e+00
5.959424473867313e-05	9.740236178206808e-07	0.000000000000000e+00
6.003332988068525e-05	1.108260657437208e-06	0.000000000000000e+00
5.920285955066371e-05	7.655881493433565e-07	0.000000000000000e+00
5.891412529646178e-05	1.018015457901420e-06	0.000000000000000e+00
4.593262610286746e-05	1.642223855826431e-05	0.000000000000000e+00
4.088159936405156e-05	1.796806442383630e-05	0.000000000000000e+00
4.777371643731091e-05	1.636358254231303e-05	0.000000000000000e+00
4.684747374965717e-05	1.817097082096825e-05	0.000000000000000e+00
3.981691909846641e-05	1.966112561392726e-05	0.000000000000000e+00
6.341787925710105e-05	1.556018698157153e-06	0.000000000000000e+00
1.880483168093088e-05	4.542695888255572e-05	0.000000000000000e+00
2.529693421598315e-05	4.608859419675537e-05	0.000000000000000e+00
2.152635940602687e-05	5.112687508795642e-05	0.000000000000000e+00
5.890666298371456e-05	6.250534626478719e-07	0.000000000000000e+00
9.137555822260513e-05	5.168570058847032e-06	0.000000000000000e+00
2.042982959845753e-05	2.035203276706336e-05	0.000000000000000e+00
6.461346925479919e-05	9.249770479436629e-05	0.000000000000000e+00
6.159280309769741e-05	9.241278856482300e-05	0.000000000000000e+00
7.534420616270900e-05	6.258434333193235e-05	0.000000000000000e+00
8.105799984480928e-05	6.278099101624722e-05	0.000000000000000e+00
1.925788904786387e-05	6.732477178740969e-06	0.000000000000000e+00
1.841073189527561e-05	5.028172151637599e-06	0.000000000000000e+00
2.024747013026237e-05	5.093380766928056e-06	0.000000000000000e+00
2.693220122682882e-05	2.137291817627207e-05	0.000000000000000e+00
2.431717844269677e-05	2.094745189313842e-05	0.000000000000000e+00
2.102585246571169e-05	1.374668333942798e-05	0.000000000000000e+00
1.424266940742936e-05	8.273718388368146e-06	0.000000000000000e+00
1.331383868360842e-05	6.503270239242449e-06	0.000000000000000e+00
3.102948153507779e-05	1.413527210747342e-05	0.000000000000000e+00
3.781834501794398e-05	1.958561609560583e-05	0.000000000000000e+00
4.487197259905111e-05	1.811451581699425e-05	0.000000000000000e+00
4.162871444566256e-05	1.938292097366636e-05	0.000000000000000e+00
9.408037396626146e-05	1.012684599959116e-05	0.000000000000000e+00
8.689938282233930e-05	9.489399404190162e-06	0.000000000000000e+00
8.652013281369128e-05	7.526064369491500e-06	0.000000000000000e+00
8.799974562262677e-05	6.221209199955219e-06	0.000000000000000e+00
8.613004330706954e-05	5.582594397302871e-06	0.000000000000000e+00
8.464620487620425e-05	6.879125956543782e-06	0.000000000000000e+00
8.427641887959882e-05	4.959200437598952e-06	0.000000000000000e+00
8.282000775383151e-05	6.209749472590725e-06	0.000000000000000e+00
8.245271534696045e-05	4.366951067916440e-06	0.000000000000000e+00
8.106250789248452e-05	5.582296786871471e-06	0.000000000000000e+00
8.750335335403422e-05	4.428282088283347e-06	0.000000000000000e+00
5.710014849222343e-06	1.822246077315267e-05	0.000000000000000e+00
8.838899859329640e-05	8.995245304908433e-05	0.000000000000000e+00
5.333349671401323e-06	6.178331199597703e-06	0.000000000000000e+00
9.024328609810316e-05	2.446760442496298e-05	0.000000000000000e+00
9.240597223211228e-05	2.183965625651535e-05	0.000000000000000e+00
6.698053777468992e-05	5.683339514767799e-05	0.000000000000000e+00
5.667205449216179e-05	4.471909132493270e-07	0.000000000000000e+00
5.691461522833238e-05	5.824846703616228e-07	0.000000000000000e+00
8.576676696033517e-05	9.267173329826256e-05	0.000000000000000e+00
6.167542659607247e-05	9.136515963657287e-07	0.000000000000000e+00
6.130780561134128e-05	1.236241305469076e-06	0.000000000000000e+00
3.463734564540689e-05	4.444377223065107e-06	0.000000000000000e+00
7.804259535836030e-05	6.776162804827394e-05	0.000000000000000e+00
3.700755082021918e-05	1.095968206356802e-05	0.000000000000000e+00
1.372640014694220e-05	2.978095517880330e-05	0.000000000000000e+00
5.046402681725232e-05	5.819295799201996e-06	0.000000000000000e+00
6.415840899337087e-05	1.659265743818360e-05	0.000000000000000e+00
6.265341629091623e-05	1.779540647566151e-05	0.000000000000000e+00
6.080514029732423e-05	1.700256444936154e-05	0.000000000000000e+00
5.618431954594993e-05	6.791359940984690e-07	0.000000000000000e+00
8.566843713016110e-05	8.176122760870199e-05	0.000000000000000e+00
8.850982498245152e-05	3.782468807818335e-05	0.000000000000000e+00
4.804866396498648e-05	1.294168850100607e-05	0.000000000000000e+00
3.314399424496385e-05	1.075326758772872e-05	0.000000000000000e+00
1.279867594007824e-05	2.262861199295014e-05	0.000000000000000e+00
8.227196210633596e-05	2.943701113263628e-05	0.000000000000000e+00
3.441948875212243e-05	8.943410887913853e-06	0.000000000000000e+00
3.119090687038046e-05	4.645259922843618e-07	0.000000000000000e+00
3.153921280075074e-05	9.708663541207056e-07	0.000000000000000e+00
3.089615248131186e-05	1.019868955286153e-06	0.000000000000000e+00
3.221024325304084e-05	1.104275616473451e-06	0.000000000000000e+00
3.118275961516892e-05	2.667793590527596e-05	0.000000000000000e+00
3.124404602260207e-05	1.565790408786907e-06	0.000000000000000e+00
3.047716668109234e-05	1.633165684742766e-06	0.000000000000000e+00
9.836867460238943e-05	2.898727695366998e-06	0.000000000000000e+00
1.838401019099508e-06	2.950990736381649e-06	0.000000000000000e+00
9.553877572520675e-05	8.824041591410219e-06	0.000000000000000e+00
8.937842760281981e-05	9.342044516518194e-05	0.000000000000000e+00
2.902893718879044e-05	2.114615809555289e-05	0.000000000000000e+00
6.090186597031640e-05	6.407810904572283e-05	0.000000000000000e+00
6.034203336933019e-05	1.106013048309893e-05	0.000000000000000e+00
7.749866166066618e-05	3.293630566591889e-06	0.000000000000000e+00
7.807913659962608e-05	4.813778621969376e-06	0.000000000000000e+00
7.459957524412856e-05	2.269960994440466e-05	0.000000000000000e+00
5.921180066198466e-05	4.621582040122553e-07	0.000000000000000e+00
5.947899054030773e-05	6.049463098298819e-07	0.000000000000000e+00
5.982174454908880e-05	6.562677551533169e-07	0.000000000000000e+00
1.103238714574704e-05	1.334796518677607e-05	0.000000000000000e+00
1.117005360040660e-05	9.886590583242373e-06	0.000000000000000e+00
2.782314091641277e-05	5.162214076032206e-05	0.000000000000000e+00
6.009843204412317e-05	9.003662136216317e-05	0.000000000000000e+00
5.871235758918923e-05	9.242696574215974e-05	0.000000000000000e+00
4.187059616272603e-05	4.306531451448709e-07	0.000000000000000e+00
4.225327930855766e-05	9.224546529632501e-07	0.000000000000000e+00
4.285866924443405e-05	9.635850296409147e-07	0.000000000000000e+00
4.168774720016856e-05	9.582377358235136e-07	0.000000000000000e+00
6.479902132430594e-06	4.578348138612760e-06	0.000000000000000e+00
6.205822514311689e-05	3.536774908738632e-06	0.000000000000000e+00
6.222146584395071e-05	4.427039387428962e-06	0.000000000000000e+00
6.938901372985672e-05	1.143589058718974e-07	0.000000000000000e+00
2.361118570489624e-05	1.885186645198163e-05	0.000000000000000e+00
9.315129246279833e-05	4.512400982332945e-06	0.000000000000000e+00
9.490320916727228e-05	5.066798181579601e-06	0.000000000000000e+00
8.754784668459155e-05	2.646196366075989e-05	0.000000000000000e+00
8.464792539712515e-06	4.664809665458333e-06	0.000000000000000e+00
5.999435894523381e-05	3.403127951662415e-07	0.000000000000000e+00
8.547531449840500e-05	4.321509512974580e-05	0.000000000000000e+00
6.676609240935033e-05	9.542086120677026e-08	0.000000000000000e+00
6.153154120346364e-05	1.207115960866674e-07	0.000000000000000e+00
1.228446318830803e-05	4.439607826407650e-05	0.000000000000000e+00
5.879482682414569e-05	8.254222389209463e-05	0.000000000000000e+00
5.716362022936390e-05	7.939337282884826e-05	0.000000000000000e+00
7.278050988396994e-05	1.914734134226734e-05	0.000000000000000e+00
7.252799907684861e-05	1.717830117397679e-05	0.000000000000000e+00
7.409756146048546e-05	1.598398385883431e-05	0.000000000000000e+00
7.225488789176128e-05	1.523749813836593e-05	0.000000000000000e+00
7.070969715842293e-05	1.640723041390937e-05	0.000000000000000e+00
7.045564105457707e-05	1.451798134442666e-05	0.000000000000000e+00
6.890135265739678e-05	1.558586704289791e-05	0.000000000000000e+00
5.645934510450893e-05	3.538643432421403e-07	0.000000000000000e+00
5.661133740001013e-05	3.045977429523217e-07	0.000000000000000e+00
6.884111506795697e-05	1.359894679663343e-05	0.000000000000000e+00
9.749999999999530e-05	9.827480430701573e-05	0.000000000000000e+00
2.668741184701291e-06	9.803337377308817e-05	0.000000000000000e+00
4.998141247555005e-06	2.223578224293046e-05	0.000000000000000e+00
2.550834122710660e-05	2.347691094658274e-05	0.000000000000000e+00
1.440443351873054e-05	4.856789889520754e-06	0.000000000000000e+00
1.240114510376018e-05	4.804756939727206e-06	0.000000000000000e+00
3.750268457544370e-05	1.072001733050923e-06	0.000000000000000e+00
3.024220116194785e-05	9.708127165481354e-07	0.000000000000000e+00
2.974133925790355e-05	1.488207849319578e-06	0.000000000000000e+00
4.636785290971142e-06	4.470557469353384e-06	0.000000000000000e+00
5.655044425513805e-05	4.178719975404421e-07	0.000000000000000e+00
8.408369065156373e-05	6.834975394306943e-05	0.000000000000000e+00
8.027703748613168e-05	7.330182681092547e-05	0.000000000000000e+00
5.070833898178922e-05	4.701179075889269e-06	0.000000000000000e+00
5.626738836414521e-05	4.155482230132423e-07	0.000000000000000e+00
1.810163333341182e-05	7.257867999371301e-05	0.000000000000000e+00
2.156558100023419e-05	7.810900319815929e-05	0.000000000000000e+00
1.401006256409144e-05	6.670151407197887e-05	0.000000000000000e+00
6.292549833012844e-05	9.462199381136469e-05	0.000000000000000e+00
4.898759176081025e-05	9.132044173191860e-08	0.000000000000000e+00
4.114767822048261e-05	2.168859064118196e-05	0.000000000000000e+00
4.742417017418114e-05	6.817736483099463e-06	0.000000000000000e+00
3.143798221196059e-06	2.597628807277636e-05	0.000000000000000e+00
6.698502639769094e-06	2.796562437468302e-05	0.000000000000000e+00
1.058243800222178e-05	3.824574703281839e-05	0.000000000000000e+00
4.374862677942283e-06	7.862732524003310e-06	0.000000000000000e+00
6.159149929853476e-05	5.056001198928593e-06	0.000000000000000e+00
6.243230588704222e-05	5.360638424620244e-06	0.000000000000000e+00
6.878531957454424e-05	4.011352865074139e-06	0.000000000000000e+00
6.821118239056314e-05	4.726302051017107e-06	0.000000000000000e+00
2.726232833805115e-05	9.301540181383743e-07	0.000000000000000e+00
2.745299033859136e-05	8.636625362192531e-08	0.000000000000000e+00
6.031173943397522e-05	6.665706538636589e-07	0.000000000000000e+00
5.889315430251707e-05	1.375751317724171e-05	0.000000000000000e+00
9.014809797604520e-05	8.261322896232546e-05	0.000000000000000e+00
7.458525063753571e-05	9.128182627739707e-05	0.000000000000000e+00
7.600678392770204e-05	9.396363430290684e-05	0.000000000000000e+00
7.280274868354601e-05	9.386256566892966e-05	0.000000000000000e+00
7.899707081204084e-05	9.456647829168886e-05	0.000000000000000e+00
5.050800282408356e-05	1.498568457493750e-05	0.000000000000000e+00
6.205705622711559e-05	7.066012518235212e-07	0.000000000000000e+00
6.439848806031616e-05	5.198203646750534e-05	0.000000000000000e+00
6.110494474996945e-05	1.894143932318063e-05	0.000000000000000e+00
1.892268629480677e-05	6.143184334415680e-05	0.000000000000000e+00
6.053459915930615e-05	1.104630940999201e-06	0.000000000000000e+00
6.082381411942553e-05	7.049910806894587e-07	0.000000000000000e+00
3.099526405023218e-05	2.329760797473663e-06	0.000000000000000e+00
9.585597294878276e-05	1.080565370790117e-05	0.000000000000000e+00
1.579606229363784e-05	7.805966434711884e-05	0.000000000000000e+00
1.847233274268104e-05	8.299613604164535e-05	0.000000000000000e+00
1.294619590033957e-05	8.342281904297326e-05	0.000000000000000e+00
1.641358165907600e-05	8.732804950520911e-05	0.000000000000000e+00
2.075125284072233e-05	8.721213912763639e-05	0.000000000000000e+00
1.870293299594084e-05	9.078565230339075e-05	0.000000000000000e+00
2.268393436592944e-05	9.114287459958332e-05	0.000000000000000e+00
1.489611263807193e-05	9.116201953920263e-05	0.000000000000000e+00
2.479194163557384e-05	8.744638364590555e-05	0.000000000000000e+00
2.654187361307921e-05	9.075032492104388e-05	0.000000000000000e+00
2.855813217624885e-05	8.761300752357347e-05	0.000000000000000e+00
3.019863608116996e-05	9.072538079603013e-05	0.000000000000000e+00
3.244005888722373e-05	8.754579375619366e-05	0.000000000000000e+00
3.368763415051840e-05	9.091785224928785e-05	0.000000000000000e+00
3.179253668982248e-05	9.391952370183169e-05	0.000000000000000e+00
3.513495195834335e-05	9.365210072843500e-05	0.000000000000000e+00
3.678604827558954e-05	9.120919102990542e-05	0.000000000000000e+00
3.797316442672684e-05	9.413309040638274e-05	0.000000000000000e+00
3.957823568182615e-05	9.149091011413548e-05	0.000000000000000e+00
4.095730915712547e-05	9.396387650622263e-05	0.000000000000000e+00
3.799252906938354e-05	8.876713898180882e-05	0.000000000000000e+00
4.240755074218099e-05	9.127297412930918e-05	0.000000000000000e+00
4.374568082069790e-05	9.413555849703254e-05	0.000000000000000e+00
2.498659952080768e-05	9.374481258353166e-05	0.000000000000000e+00
4.532704095704268e-05	9.192190713466699e-05	0.000000000000000e+00
4.649743269570129e-05	9.424497543423306e-05	0.000000000000000e+00
7.203661895628023e-05	1.094114231366889e-07	0.000000000000000e+00
5.382583495801502e-05	7.936547383178781e-05	0.000000000000000e+00
6.504894722020257e-05	6.026322267628645e-07	0.000000000000000e+00
6.468442270070275e-05	8.843743196918151e-07	0.000000000000000e+00
6.510432495888019e-05	1.130296584328438e-06	0.000000000000000e+00
6.434148780323057e-05	6.408403593971140e-07	0.000000000000000e+00
6.432134032206278e-05	1.074330460726668e-06	0.000000000000000e+00
4.719997925636437e-05	8.237592173314602e-06	0.000000000000000e+00
4.545446461320814e-05	8.455503542132283e-06	0.000000000000000e+00
4.643376842405136e-05	9.946727874649958e-06	0.000000000000000e+00
6.312497774697170e-05	2.001025039502073e-05	0.000000000000000e+00
5.609068714341908e-05	3.872997001747920e-06	0.000000000000000e+00
5.581636992961958e-05	4.886313985067592e-06	0.000000000000000e+00
5.673188017212337e-05	5.375187769722846e-06	0.000000000000000e+00
6.519593510252195e-05	6.439342083456798e-05	0.000000000000000e+00
6.290527167717137e-05	1.367466758893372e-06	0.000000000000000e+00
1.707486701703675e-05	9.381665688423288e-05	0.000000000000000e+00
1.356024264578465e-05	9.445620551186678e-05	0.000000000000000e+00
1.146588974649634e-05	9.182471729366244e-05	0.000000000000000e+00
3.642458384658999e-05	4.101578455919957e-06	0.000000000000000e+00
6.566577238822300e-05	9.479765072743698e-05	0.000000000000000e+00
5.055275206052653e-05	1.682699449210961e-05	0.000000000000000e+00
5.873496167953651e-05	2.632233596518996e-06	0.000000000000000e+00
7.059272512802779e-05	2.640525981879587e-07	0.000000000000000e+00
9.356480987149791e-05	2.516129071886093e-05	0.000000000000000e+00
7.509262347769729e-05	7.686537591616597e-05	0.000000000000000e+00
5.394677357202398e-05	4.214686903197706e-07	0.000000000000000e+00
5.376867574077558e-05	2.836145734231770e-07	0.000000000000000e+00
5.388903084596221e-05	2.744228643635859e-07	0.000000000000000e+00
5.366275135383453e-05	2.066732823128460e-07	0.000000000000000e+00
5.424732427364255e-05	4.966908985472483e-07	0.000000000000000e+00
5.439230449291241e-05	8.521734441044780e-07	0.000000000000000e+00
6.915290941891293e-05	4.936928439697244e-06	0.000000000000000e+00
6.732800034478895e-05	4.424361381308221e-06	0.000000000000000e+00
6.104358567448031e-05	2.504328900720688e-06	0.000000000000000e+00
3.100665162071556e-05	4.594774122832611e-05	0.000000000000000e+00
2.031823081115910e-05	9.371418178395352e-05	0.000000000000000e+00
6.694438187295577e-05	1.511528067277770e-06	0.000000000000000e+00
6.639213088535122e-05	1.259065533933594e-06	0.000000000000000e+00
6.738915503423735e-05	1.170370575715411e-06	0.000000000000000e+00
6.789505891116485e-05	1.316248840603448e-06	0.000000000000000e+00
6.585780314567401e-05	1.532761949935429e-06	0.000000000000000e+00
6.581987277646258e-05	2.146555074503733e-06	0.000000000000000e+00
6.051364529678955e-05	8.553544325780153e-05	0.000000000000000e+00
8.082733705183729e-05	3.939743733569325e-06	0.000000000000000e+00
8.213620348701439e-05	2.777569319245690e-06	0.000000000000000e+00
5.144212410695621e-05	5.473788932378709e-06	0.000000000000000e+00
4.496045246680770e-05	2.475814290200033e-06	0.000000000000000e+00
4.562654586558509e-05	2.390659714518190e-06	0.000000000000000e+00
4.427644859297788e-05	1.892217569158839e-06	0.000000000000000e+00
4.526110599823821e-05	1.829056522117495e-06	0.000000000000000e+00
4.584813206068225e-05	1.735938571827408e-06	0.000000000000000e+00
4.548879599631895e-05	1.260601463708791e-06	0.000000000000000e+00
4.601890345763458e-05	1.224042876489550e-06	0.000000000000000e+00
4.634206257978586e-05	1.602312970577148e-06	0.000000000000000e+00
4.642132224595838e-05	1.060038209538965e-06	0.000000000000000e+00
4.681681138795239e-05	1.358868368853602e-06	0.000000000000000e+00
4.610459064196605e-05	8.318595805089748e-07	0.000000000000000e+00
4.657825585229555e-05	6.920365502117235e-07	0.000000000000000e+00
4.671519417719551e-05	1.944076308764282e-06	0.000000000000000e+00
4.721621927204912e-05	1.779771376991250e-06	0.000000000000000e+00
4.733722927522692e-05	1.258668868391378e-06	0.000000000000000e+00
4.772003429496964e-05	1.605702837259205e-06	0.000000000000000e+00
4.495261953152017e-05	1.339414261445086e-06	0.000000000000000e+00
4.780691853707140e-05	1.062684448422244e-06	0.000000000000000e+00
4.819707049450167e-05	1.425802689748019e-06	0.000000000000000e+00
4.823865160301938e-05	9.781631797177581e-07	0.000000000000000e+00
4.863783932755590e-05	1.180465592095792e-06	0.000000000000000e+00
4.858185764302209e-05	1.726050372245741e-06	0.000000000000000e+00
4.904430955196894e-05	1.524281544230737e-06	0.000000000000000e+00
4.910673648550770e-05	1.034509119258321e-06	0.000000000000000e+00
4.948479816591188e-05	1.305574841071613e-06	0.000000000000000e+00
4.948417714311049e-05	1.827984116261484e-06	0.000000000000000e+00
4.993446698548672e-05	1.587647703186468e-06	0.000000000000000e+00
4.996706450517089e-05	2.144993221588383e-06	0.000000000000000e+00
5.049552973111140e-05	1.781632080191299e-06	0.000000000000000e+00
5.049510216262161e-05	2.486749301482635e-06	0.000000000000000e+00
5.105249499996743e-05	2.174157434909808e-06	0.000000000000000e+00
5.107772869544757e-05	1.558243780073231e-06	0.000000000000000e+00
5.107359398440917e-05	2.876156702388179e-06	0.000000000000000e+00
4.950997658497722e-05	8.469279182607459e-07	0.000000000000000e+00
5.039840160147546e-05	3.204335832219702e-06	0.000000000000000e+00
5.156219132277081e-05	1.865431160410486e-06	0.000000000000000e+00
5.153114877284241e-05	1.307154054881340e-06	0.000000000000000e+00
5.113055799382144e-05	1.055783583148641e-06	0.000000000000000e+00
5.148705021263666e-05	7.908806022170588e-07	0.000000000000000e+00
5.192184621556884e-05	1.037977166861169e-06	0.000000000000000e+00
5.185813327738386e-05	6.132299661954494e-07	0.000000000000000e+00
5.116115741847458e-05	6.232062081593565e-07	0.000000000000000e+00
4.630480698958491e-05	4.651565627980240e-07	0.000000000000000e+00
5.070162054533908e-05	1.231012799868147e-06	0.000000000000000e+00
4.825517380023028e-05	2.673698006585987e-06	0.000000000000000e+00
4.674097381950313e-05	3.020840988981578e-06	0.000000000000000e+00
5.151729779040766e-05	4.615856082976148e-07	0.000000000000000e+00
4.917017373283859e-05	6.038218734400159e-07	0.000000000000000e+00
4.881699147953775e-05	7.679085404050449e-07	0.000000000000000e+00
5.314227716223464e-05	1.004272877269968e-05	0.000000000000000e+00
4.296228213027194e-05	2.737720853801575e-06	0.000000000000000e+00
4.324713900545288e-05	2.038293447056891e-06	0.000000000000000e+00
6.328012323577188e-05	1.074672736143105e-06	0.000000000000000e+00
9.497670300380424e-05	3.625748816879646e-05	0.000000000000000e+00
3.131614260617442e-05	3.927244797257942e-06	0.000000000000000e+00
4.578404067091125e-05	8.810389541435391e-07	0.000000000000000e+00
4.589857938368380e-05	5.783476241342502e-07	0.000000000000000e+00
4.561143106556284e-05	6.493440433652462e-07	0.000000000000000e+00
2.812993480269390e-05	9.763121146636327e-07	0.000000000000000e+00
6.087404027185275e-05	1.927927216661652e-06	0.000000000000000e+00
2.694301341372611e-05	8.411454458620865e-05	0.000000000000000e+00
5.400964619188952e-05	2.088377779146848e-05	0.000000000000000e+00
5.622901964038081e-05	1.856090025257523e-05	0.000000000000000e+00
5.892144218238842e-05	3.932241573550143e-07	0.000000000000000e+00
5.910701059437369e-05	3.279403793480299e-07	0.000000000000000e+00
5.906635714216199e-05	5.068727673650185e-07	0.000000000000000e+00
6.425626623772801e-05	1.712674237785343e-06	0.000000000000000e+00
6.250436213394141e-05	8.368499229817249e-07	0.000000000000000e+00
6.592351744077061e-05	1.042525946709214e-06	0.000000000000000e+00
5.833310277468138e-05	2.303425861390990e-06	0.000000000000000e+00
5.818223655857405e-05	1.845026720339989e-06	0.000000000000000e+00
7.071694150490223e-05	1.752813597315016e-06	0.000000000000000e+00
7.038073065407530e-05	4.135395922668252e-07	0.000000000000000e+00
7.017417759652178e-05	4.047996760489308e-07	0.000000000000000e+00
7.028819236270931e-05	6.121879893738373e-07	0.000000000000000e+00
7.000016445572341e-05	5.650444934211837e-07	0.000000000000000e+00
7.057921224857565e-05	5.511398410092041e-07	0.000000000000000e+00
7.014382553679082e-05	8.405804383527060e-07	0.000000000000000e+00
6.985793308407563e-05	8.233556108709065e-07	0.000000000000000e+00
6.974605732965919e-05	5.493883301326719e-07	0.000000000000000e+00
6.953315123306318e-05	7.389137876370310e-07	0.000000000000000e+00
7.109197544965656e-05	1.271084964497869e-06	0.000000000000000e+00
7.167735049625189e-05	1.339036250825978e-06	0.000000000000000e+00
7.144590815721216e-05	8.011590207240321e-07	0.000000000000000e+00
6.966986529556654e-05	1.077671564799736e-06	0.000000000000000e+00
6.933847700958302e-05	1.028547682993894e-06	0.000000000000000e+00
6.920421877439192e-05	7.198860646464844e-07	0.000000000000000e+00
6.898224794448872e-05	9.629655013821197e-07	0.000000000000000e+00
6.910786912190955e-05	1.317738741825969e-06	0.000000000000000e+00
6.873552731730164e-05	1.252717814648970e-06	0.000000000000000e+00
6.995933637239902e-05	3.549213362879409e-07	0.000000000000000e+00
6.971196000171381e-05	2.954393618245923e-07	0.000000000000000e+00
6.984390297566114e-05	2.473497566869663e-07	0.000000000000000e+00
6.953346725310807e-05	4.577267320826312e-07	0.000000000000000e+00
6.956607822363749e-05	3.032700800055321e-07	0.000000000000000e+00
6.942021570711574e-05	2.286930388859263e-07	0.000000000000000e+00
6.981807578471393e-05	3.665330540000810e-07	0.000000000000000e+00
6.857577262763188e-05	9.008319526437648e-07	0.000000000000000e+00
7.197626482379334e-05	8.840404465388492e-07	0.000000000000000e+00
7.226409541323371e-05	1.363112651051164e-06	0.000000000000000e+00
7.243432555683943e-05	8.443937956012142e-07	0.000000000000000e+00
6.949440289441894e-05	1.725703279934211e-07	0.000000000000000e+00
3.598790084234600e-05	2.692901691166863e-05	0.000000000000000e+00
3.378548574983165e-05	9.610728538747805e-05	0.000000000000000e+00
7.267214250942807e-05	9.899720116305536e-08	0.000000000000000e+00
5.083249158344219e-05	8.673774321092038e-07	0.000000000000000e+00
2.820771116592278e-05	9.386618999412065e-05	0.000000000000000e+00
9.545561818959093e-05	2.252231515913621e-05	0.000000000000000e+00
9.443288067950069e-05	1.991597266134675e-05	0.000000000000000e+00
8.327579803900900e-05	2.312023542834951e-05	0.000000000000000e+00
5.466636730445274e-05	5.673697054393940e-07	0.000000000000000e+00
5.478983132498701e-05	9.139861066890125e-07	0.000000000000000e+00
6.688246076725222e-05	9.826598387660373e-07	0.000000000000000e+00
6.724345159816057e-05	7.216370687625531e-07	0.000000000000000e+00
6.772278287566891e-05	8.166395381841052e-07	0.000000000000000e+00
5.687739970529662e-05	3.223382478140630e-07	0.000000000000000e+00
5.673903074341319e-05	3.216403372131095e-07	0.000000000000000e+00
5.681380466348709e-05	4.428545582164010e-07	0.000000000000000e+00
9.748397358593968e-05	9.532690612525767e-06	0.000000000000000e+00
3.346132762157066e-05	8.320155695767607e-05	0.000000000000000e+00
5.711357125159662e-05	9.105121100498717e-07	0.000000000000000e+00
5.742624828344442e-05	1.057911763390966e-06	0.000000000000000e+00
5.750438635467431e-05	1.458982995709376e-06	0.000000000000000e+00
5.785419356911955e-05	1.168909749801265e-06	0.000000000000000e+00
6.643121217069436e-05	7.105320169857893e-07	0.000000000000000e+00
8.228149016386679e-05	9.194823834265533e-05	0.000000000000000e+00
6.418499235904863e-05	5.290053841727387e-06	0.000000000000000e+00
9.158087282706941e-05	4.299586125677635e-05	0.000000000000000e+00
1.795988213755804e-05	1.863743501696984e-05	0.000000000000000e+00
5.454520119804890e-05	1.204139687989889e-06	0.000000000000000e+00
5.496115478751953e-05	1.261649973706849e-06	0.000000000000000e+00
5.519100737758855e-05	9.487573922602184e-07	0.000000000000000e+00
5.538032796920671e-05	1.266649949681852e-06	0.000000000000000e+00
5.515292322035576e-05	1.657358319701837e-06	0.000000000000000e+00
5.558313176443043e-05	9.088368051558162e-07	0.000000000000000e+00
4.210216925122336e-06	8.394782738193049e-05	0.000000000000000e+00
8.088015782620893e-06	8.687992785160609e-05	0.000000000000000e+00
1.031607421983113e-05	9.512411090962268e-05	0.000000000000000e+00
8.760958677621506e-06	9.268530796568293e-05	0.000000000000000e+00
3.346912041938829e-06	9.356219054011314e-05	0.000000000000000e+00
9.627994722909917e-05	9.296587869378562e-05	0.000000000000000e+00
7.060260103785744e-05	1.217564743860721e-06	0.000000000000000e+00
5.855199284287841e-05	7.821163367408081e-07	0.000000000000000e+00
5.857874384631293e-05	1.217785349523298e-06	0.000000000000000e+00
4.742324415070296e-05	8.224010052279124e-07	0.000000000000000e+00
4.705368069514129e-05	9.585079697662190e-07	0.000000000000000e+00
9.383437012648607e-05	6.387857370876322e-05	0.000000000000000e+00
5.928465488698612e-05	1.829866247980015e-05	0.000000000000000e+00
5.734821833743134e-05	7.495992617620353e-07	0.000000000000000e+00
6.817366735490841e-05	1.863869598720197e-06	0.000000000000000e+00
9.703163379304124e-05	2.605613306668042e-05	0.000000000000000e+00
3.535266914324759e-05	7.369719763414656e-07	0.000000000000000e+00
3.587453850376530e-05	6.537848054468314e-07	0.000000000000000e+00
6.176918885876264e-05	5.266102480768359e-07	0.000000000000000e+00
6.138102621421266e-05	5.596330216520608e-07	0.000000000000000e+00
4.497932611101278e-05	9.647013789303024e-05	0.000000000000000e+00
5.941936056881691e-05	3.619953982856725e-07	0.000000000000000e+00
5.927476290091878e-05	3.307102382595696e-07	0.000000000000000e+00
5.016039073256748e-05	1.329138079351363e-05	0.000000000000000e+00
7.533702895705526e-05	1.909399920484749e-06	0.000000000000000e+00
7.559730551661327e-05	9.541108602253293e-07	0.000000000000000e+00
7.436977713748307e-05	1.757782270613198e-06	0.000000000000000e+00
7.221236591315273e-05	6.445097460439475e-06	0.000000000000000e+00
7.349422938651210e-05	5.601485860561925e-06	0.000000000000000e+00
7.745860754895295e-05	2.917647184833205e-05	0.000000000000000e+00
1.939087587276126e-05	3.447135875986448e-06	0.000000000000000e+00
1.744801571318938e-05	3.334774081492472e-06	0.000000000000000e+00
2.114021416412770e-05	3.512879484972265e-06	0.000000000000000e+00
2.199043311441885e-05	5.089547013831151e-06	0.000000000000000e+00
2.282284562142518e-05	3.602737300963735e-06	0.000000000000000e+00
2.362994389227025e-05	4.925430155439301e-06	0.000000000000000e+00
2.200683072037901e-05	2.252486527808393e-06	0.000000000000000e+00
7.388798218525906e-05	5.877869036749466e-07	0.000000000000000e+00
5.586359948966501e-05	2.001226570919278e-06	0.000000000000000e+00
5.568505741173489e-05	2.577617511737195e-06	0.000000000000000e+00
9.070722714930388e-06	3.199487245920650e-05	0.000000000000000e+00
4.940146887951678e-05	2.456480116288459e-06	0.000000000000000e+00
7.700240760597287e-05	6.149637670485518e-06	0.000000000000000e+00
5.619079656173952e-05	3.055661451304350e-06	0.000000000000000e+00
5.120299741409815e-05	3.724910846649853e-07	0.000000000000000e+00
5.138965602952724e-05	3.248501836115331e-07	0.000000000000000e+00
5.134241009782443e-05	4.963770961844648e-07	0.000000000000000e+00
5.242443823084194e-05	1.889565966219042e-05	0.000000000000000e+00
5.198064363794534e-05	1.545357711470624e-06	0.000000000000000e+00
6.396732524532657e-05	9.220516933881285e-07	0.000000000000000e+00
5.090220816480240e-05	3.737374571215816e-06	0.000000000000000e+00
5.177781779237832e-05	3.330097186140169e-06	0.000000000000000e+00
3.225055253533089e-05	8.964075189117896e-06	0.000000000000000e+00
3.311428322588269e-05	7.486163754385980e-06	0.000000000000000e+00
3.152808573505507e-05	7.421523888440143e-06	0.000000000000000e+00
3.115378506047457e-05	1.067141790461414e-05	0.000000000000000e+00
7.288433302159536e-05	8.871190874968535e-05	0.000000000000000e+00
5.542658053217130e-05	3.361200679012033e-06	0.000000000000000e+00
5.494404089456534e-05	2.701574237993883e-06	0.000000000000000e+00
6.744824942303613e-05	5.485849286089110e-06	0.000000000000000e+00
2.438424604770919e-05	5.725446796066579e-05	0.000000000000000e+00
4.252632234207042e-05	1.433349123320008e-06	0.000000000000000e+00
5.882480783067692e-05	1.621858126484290e-05	0.000000000000000e+00
4.888202694196731e-05	4.481210686851457e-07	0.000000000000000e+00
4.899093829315054e-05	2.183116374702983e-07	0.000000000000000e+00
4.858045693962559e-05	5.330885540971183e-07	0.000000000000000e+00
2.874915092795490e-05	2.642248293838414e-06	0.000000000000000e+00
4.468143420130233e-05	6.783553490075703e-05	0.000000000000000e+00
4.104738133309782e-05	6.356567070327838e-05	0.000000000000000e+00
3.402909081544258e-05	2.329626646822253e-05	0.000000000000000e+00
7.388641061364534e-05	2.608940955308817e-05	0.000000000000000e+00
5.210694791143502e-05	2.094605783803716e-06	0.000000000000000e+00
5.823822811725702e-05	1.021702101080711e-06	0.000000000000000e+00
5.446788500968802e-05	3.062373656372883e-07	0.000000000000000e+00
9.259548951038910e-05	9.114613297447002e-05	0.000000000000000e+00
4.135537558699870e-05	6.049992701500124e-07	0.000000000000000e+00
6.752457047157746e-05	9.271954870412534e-05	0.000000000000000e+00
6.808758730595002e-05	9.584339678602289e-05	0.000000000000000e+00
1.836652576718451e-05	1.679662619470028e-06	0.000000000000000e+00
1.646935161081289e-05	1.746071107759499e-06	0.000000000000000e+00
6.106826975455290e-05	3.223817263721569e-07	0.000000000000000e+00
2.117346575707477e-06	2.264699451136130e-05	0.000000000000000e+00
9.225119412730272e-05	1.931556328423431e-05	0.000000000000000e+00
9.378202725595806e-05	1.777977010123348e-05	0.000000000000000e+00
9.595588330120927e-05	1.814623965934740e-05	0.000000000000000e+00
9.517389937391260e-05	1.625478993790545e-05	0.000000000000000e+00
9.543285430146212e-05	8.409408990038190e-05	0.000000000000000e+00
7.678298543128552e-05	1.738305446084410e-06	0.000000000000000e+00
6.317629976741686e-05	4.685480483359448e-06	0.000000000000000e+00
4.115512109337414e-05	1.009587654358214e-06	0.000000000000000e+00
4.095180916830209e-05	6.132609806769998e-07	0.000000000000000e+00
3.080034031893580e-05	3.404586224364844e-07	0.000000000000000e+00
3.051248883283969e-05	4.011809021444302e-07	0.000000000000000e+00
3.039475431713722e-05	8.640568847161395e-08	0.000000000000000e+00
6.174693266820866e-05	2.658810087822160e-06	0.000000000000000e+00
6.013650579848050e-05	9.459643027753298e-05	0.000000000000000e+00
5.738562064460461e-05	9.468552062530438e-05	0.000000000000000e+00
5.584227193577290e-05	9.244902180467671e-05	0.000000000000000e+00
5.479643092399218e-05	9.462115799386836e-05	0.000000000000000e+00
5.323239780861739e-05	9.260009013660933e-05	0.000000000000000e+00
5.205226348313820e-05	9.489776969677345e-05	0.000000000000000e+00
8.074501002424611e-05	2.584202936949119e-05	0.000000000000000e+00
5.874144857969930e-05	9.695761641487430e-05	0.000000000000000e+00
5.824822543501179e-05	5.460195885667166e-06	0.000000000000000e+00
2.843987855306888e-05	2.452313670500873e-07	0.000000000000000e+00
7.322883968252827e-05	6.545078922431220e-07	0.000000000000000e+00
4.827463865228085e-05	9.231516747173726e-05	0.000000000000000e+00
4.929903206354488e-05	9.451508709780077e-05	0.000000000000000e+00
3.971483459757214e-05	4.038675256707149e-06	0.000000000000000e+00
3.981921464502793e-05	6.851015159311750e-05	0.000000000000000e+00
3.937323222036548e-05	5.837176798174325e-05	0.000000000000000e+00
3.449278673835537e-05	5.687138808637735e-05	0.000000000000000e+00
4.510723217528870e-05	8.863168467498944e-07	0.000000000000000e+00
4.465013742186967e-05	9.694470441950378e-07	0.000000000000000e+00
4.150903525777638e-05	8.246996822741355e-05	0.000000000000000e+00
8.351830009419160e-05	9.532988744286108e-05	0.000000000000000e+00
8.695172301712673e-05	9.602678095644516e-05	0.000000000000000e+00
8.573141644624364e-05	3.808966846472058e-06	0.000000000000000e+00
1.638460085451142e-05	4.951720401773535e-06	0.000000000000000e+00
4.877249553112724e-05	7.516682944771082e-06	0.000000000000000e+00
9.094759922344576e-05	3.205122876348235e-05	0.000000000000000e+00
2.287008861921985e-05	6.557303370214819e-06	0.000000000000000e+00
4.368710042377138e-05	8.521717064626000e-05	0.000000000000000e+00
4.271264810382824e-05	8.817119777527888e-05	0.000000000000000e+00
6.031363014273835e-05	1.607775727647775e-06	0.000000000000000e+00
8.395005514183300e-05	3.128272536921273e-06	0.000000000000000e+00
5.611126951314947e-05	1.043491490614787e-06	0.000000000000000e+00
7.362249251576502e-05	1.372804919994102e-06	0.000000000000000e+00
5.151937096054387e-05	9.343263189849269e-08	0.000000000000000e+00
5.175524855356382e-05	1.419584671263569e-07	0.000000000000000e+00
4.892072608632157e-05	1.821370203477543e-05	0.000000000000000e+00
4.781121544084729e-05	1.996316367655864e-05	0.000000000000000e+00
5.240508229186640e-05	1.209400968762762e-06	0.000000000000000e+00
2.346527801470295e-05	2.321842710945640e-06	0.000000000000000e+00
5.536342983999250e-05	6.162036683773119e-07	0.000000000000000e+00
7.010818333685292e-05	2.569455836014171e-07	0.000000000000000e+00
6.997657482484490e-05	2.438679317300738e-07	0.000000000000000e+00
6.816784841888632e-05	9.301808993412661e-07	0.000000000000000e+00
3.563798567801627e-05	4.974487022217517e-06	0.000000000000000e+00
3.446303441972323e-05	5.677034126676777e-06	0.000000000000000e+00
3.460453809368502e-05	7.070553395383083e-06	0.000000000000000e+00
3.632623920240442e-05	7.851196174491844e-06	0.000000000000000e+00
3.699515375286772e-05	1.692307035310241e-06	0.000000000000000e+00
3.984704831843663e-05	9.623493789744900e-05	0.000000000000000e+00
7.137452854588643e-05	2.287494537846015e-05	0.000000000000000e+00
3.275497184328658e-05	2.311897031699020e-06	0.000000000000000e+00
7.875516464630160e-05	6.501110104227565e-06	0.000000000000000e+00
7.982267883630036e-05	7.998685583302897e-06	0.000000000000000e+00
2.185698273605812e-05	2.277230464640220e-05	0.000000000000000e+00
7.021352540246536e-05	9.449964062412666e-08	0.000000000000000e+00
4.225174315658835e-05	9.620450803516620e-05	0.000000000000000e+00
4.144170946291765e-05	1.527648606830928e-06	0.000000000000000e+00
8.417134078475116e-05	5.717705292847589e-05	0.000000000000000e+00
8.683680315449765e-05	4.998009380122259e-05	0.000000000000000e+00
5.697847692857707e-05	1.666037623058619e-05	0.000000000000000e+00
8.761683620301092e-05	1.612429607559824e-06	0.000000000000000e+00
6.503518713012267e-05	1.146170452125369e-05	0.000000000000000e+00
6.706426537143599e-05	1.216385116380134e-05	0.000000000000000e+00
6.712367830700059e-05	4.765451542228699e-05	0.000000000000000e+00
6.467049867932884e-05	4.299432888970696e-05	0.000000000000000e+00
6.196079168722821e-05	4.722977591405155e-05	0.000000000000000e+00
5.944852852045725e-05	4.258004293727262e-05	0.000000000000000e+00
6.219093801177994e-05	3.852030142450179e-05	0.000000000000000e+00
5.695626678585498e-05	3.820112808587120e-05	0.000000000000000e+00
5.981811270979507e-05	3.390614017453623e-05	0.000000000000000e+00
5.299922882524386e-05	6.222081793468720e-07	0.000000000000000e+00
3.569035386554743e-05	8.621187721641502e-05	0.000000000000000e+00
5.535387628462368e-05	7.618496238179544e-05	0.000000000000000e+00
5.598800297636905e-05	4.759053606953891e-07	0.000000000000000e+00
1.250000000002940e-05	1.642323546111681e-06	0.000000000000000e+00
8.944881430934246e-05	1.642235098007724e-06	0.000000000000000e+00
9.037330760199547e-05	3.335125340774207e-06	0.000000000000000e+00
7.514113989400525e-05	5.659968776824487e-06	0.000000000000000e+00
6.706356970095533e-05	1.471102950317703e-05	0.000000000000000e+00
4.869098672481343e-05	3.291608067773063e-07	0.000000000000000e+00
4.880899633683528e-05	3.144518991234460e-07	0.000000000000000e+00
4.842543230289131e-05	3.715227217955228e-07	0.000000000000000e+00
4.854804618403377e-05	2.354496969919292e-07	0.000000000000000e+00
4.856035400915258e-05	3.696495958005538e-07	0.000000000000000e+00
4.832703961881765e-05	6.363431127141012e-07	0.000000000000000e+00
7.332429543448066e-05	1.211428842372453e-05	0.000000000000000e+00
3.603258413803322e-05	1.885616232144209e-06	0.000000000000000e+00
3.660016276642221e-05	2.508083113478240e-06	0.000000000000000e+00
4.871268476772212e-05	3.131817165278292e-05	0.000000000000000e+00
4.663275568747304e-05	3.586864335773756e-05	0.000000000000000e+00
5.189595217492401e-05	3.584877807101506e-05	0.000000000000000e+00
4.918654894101619e-05	4.092561003416655e-05	0.000000000000000e+00
2.912278482514582e-05	1.064569749187465e-05	0.000000000000000e+00
6.921110886046308e-05	1.171966246848768e-05	0.000000000000000e+00
3.038736563206227e-05	4.567619921048747e-06	0.000000000000000e+00
6.063092422735194e-05	1.492556316838045e-05	0.000000000000000e+00
7.577280524835895e-05	7.572391462802268e-06	0.000000000000000e+00
8.314031842125186e-05	8.152313763585926e-06	0.000000000000000e+00
7.203928594893493e-06	9.522565390011595e-05	0.000000000000000e+00
1.057692307695058e-05	1.613100071765962e-06	0.000000000000000e+00
4.797674681536654e-05	1.107401149659894e-05	0.000000000000000e+00
5.203036506461719e-05	1.175034890415057e-05	0.000000000000000e+00
1.693634032282729e-05	1.697070542690242e-05	0.000000000000000e+00
2.302344727354154e-05	1.382238368909512e-05	0.000000000000000e+00
2.195942619081158e-05	1.547956419423441e-05	0.000000000000000e+00
1.996156823782295e-05	1.538615210539246e-05	0.000000000000000e+00
2.091028038614663e-05	1.707614184157692e-05	0.000000000000000e+00
7.708915037007997e-05	1.343713146064579e-05	0.000000000000000e+00
9.835782700180340e-05	4.808934867571978e-06	0.000000000000000e+00
9.643072124036384e-05	3.584389839634411e-06	0.000000000000000e+00
1.648477392222852e-06	4.913621258252944e-06	0.000000000000000e+00
2.483690590601552e-05	1.729270968140852e-05	0.000000000000000e+00
7.896901726535589e-05	1.409132694383117e-05	0.000000000000000e+00
6.452006071322995e-05	1.856744639632035e-05	0.000000000000000e+00
1.568220119986247e-06	8.672048831830622e-06	0.000000000000000e+00
7.747332447458934e-05	1.540053089876233e-05	0.000000000000000e+00
2.901989129366487e-05	1.406100962606511e-05	0.000000000000000e+00
1.131382671835024e-05	6.436478505073840e-06	0.000000000000000e+00
1.044058969331280e-05	4.753185048977155e-06	0.000000000000000e+00
2.021800571910316e-05	8.448502260785592e-06	0.000000000000000e+00
9.516421780428040e-05	6.932814510781794e-06	0.000000000000000e+00
8.345630706648154e-05	1.013320418147614e-05	0.000000000000000e+00
6.901607536718338e-06	1.662534866938721e-05	0.000000000000000e+00
2.982404819147861e-05	1.928357821538600e-05	0.000000000000000e+00
1.902608423026052e-05	1.366585661663409e-05	0.000000000000000e+00
1.224142866348195e-05	8.197045085434392e-06	0.000000000000000e+00
9.335209746645213e-06	6.378913736545469e-06	0.000000000000000e+00
8.426060806555750e-05	1.407855367150263e-05	0.000000000000000e+00
8.577021366016720e-05	1.276458721254088e-05	0.000000000000000e+00
1.516791132501824e-05	1.004531304513091e-05	0.000000000000000e+00
1.317022327281849e-05	9.966028694997962e-06	0.000000000000000e+00
8.538330081764990e-05	1.080078149369314e-05	0.000000000000000e+00
8.615257019087752e-05	1.472711064258177e-05	0.000000000000000e+00
3.395239882899635e-05	2.008812906905947e-05	0.000000000000000e+00
3.605894384593613e-05	1.930220277626111e-05	0.000000000000000e+00
3.301972195930937e-05	1.420547561903969e-05	0.000000000000000e+00
1.303101453339155e-05	1.342756405500556e-05	0.000000000000000e+00
3.209596128869104e-05	1.244584353496176e-05	0.000000000000000e+00
1.210075579684003e-05	1.165703019147669e-05	0.000000000000000e+00
3.805683806080124e-05	1.267333627595715e-05	0.000000000000000e+00
3.901703267831314e-05	1.067056645079095e-05	0.000000000000000e+00
4.112920322239198e-05	1.100586131279575e-05	0.000000000000000e+00
4.220785223275520e-05	9.351739608215027e-06	0.000000000000000e+00
3.991644518540884e-05	7.702571976212938e-06	0.000000000000000e+00
4.042998437692521e-05	9.336865740462075e-06	0.000000000000000e+00
3.692430855888066e-05	1.778239751665664e-05	0.000000000000000e+00
3.616847038404123e-05	2.126657564169190e-05	0.000000000000000e+00
9.062276187111600e-05	1.804476107111545e-05	0.000000000000000e+00
1.196333427784470e-05	1.511873415814495e-05	0.000000000000000e+00
9.333557290025470e-05	1.536567944885888e-05	0.000000000000000e+00
9.484103105244745e-05	1.407428897856956e-05	0.000000000000000e+00
9.665374659722573e-05	1.507107066863425e-05	0.000000000000000e+00
8.987929240736239e-05	6.805282415236974e-06	0.000000000000000e+00
5.082928608121842e-06	1.313370288191498e-05	0.000000000000000e+00
4.274822908275378e-06	1.143115662847602e-05	0.000000000000000e+00
4.022408347296086e-06	1.467744226785048e-05	0.000000000000000e+00
4.284791448521298e-05	1.798386031791712e-05	0.000000000000000e+00
4.392475340658305e-05	2.032492228571816e-05	0.000000000000000e+00
1.010200797156177e-05	1.157754274893122e-05	0.000000000000000e+00
5.243391666458199e-06	9.672162572991729e-06	0.000000000000000e+00
4.604039008708163e-05	1.964595948599329e-05	0.000000000000000e+00
4.393654771735890e-05	1.633916862569455e-05	0.000000000000000e+00
4.193951864199558e-05	1.626316036900854e-05	0.000000000000000e+00
4.503132499984221e-05	1.134750308577580e-05	0.000000000000000e+00
9.257130671933608e-05	1.143936906723231e-05	0.000000000000000e+00
9.444166851060808e-05	1.209841199531703e-05	0.000000000000000e+00
8.727912760640486e-05	1.145130962268822e-05	0.000000000000000e+00
8.766169435588846e-05	1.341426465276092e-05	0.000000000000000e+00
7.935384669464103e-05	1.605263307057530e-05	0.000000000000000e+00
6.731507011756062e-06	1.581285693529366e-06	0.000000000000000e+00
9.322129317016919e-05	1.609671536497938e-06	0.000000000000000e+00
5.594123337435319e-05	5.865711464718074e-06	0.000000000000000e+00
6.445542662813282e-05	8.216525999598685e-08	0.000000000000000e+00
6.440273140840328e-05	1.729687940001459e-07	0.000000000000000e+00
4.332667569932559e-05	8.641635167384961e-08	0.000000000000000e+00
4.338660693366570e-05	1.555972922160290e-07	0.000000000000000e+00
4.346669821514936e-05	1.511240378824653e-07	0.000000000000000e+00
4.347716269814258e-05	2.742574272590127e-07	0.000000000000000e+00
4.605102988261144e-05	8.644089604136744e-08	0.000000000000000e+00
4.600112998521826e-05	1.725077258746359e-07	0.000000000000000e+00
4.610097725335435e-05	1.727854518589252e-07	0.000000000000000e+00
4.590159844487033e-05	1.730738533289013e-07	0.000000000000000e+00
4.605119907213072e-05	2.595269511943802e-07	0.000000000000000e+00
5.099136607609571e-05	1.065717331075967e-07	0.000000000000000e+00
5.107270498964261e-05	1.729687939997823e-07	0.000000000000000e+00
5.117255261978404e-05	1.672149031416202e-07	0.000000000000000e+00
5.100306922458325e-05	3.859671295292151e-07	0.000000000000000e+00
5.109690867195371e-05	3.082565782594402e-07	0.000000000000000e+00
5.098380930026713e-05	2.567943508029291e-07	0.000000000000000e+00
5.394908746137707e-05	8.650841903890982e-08	0.000000000000000e+00
5.400283821141887e-05	1.708375203809236e-07	0.000000000000000e+00
5.408703512024011e-05	1.544694952352749e-07	0.000000000000000e+00
5.408293133223411e-05	2.753495714865841e-07	0.000000000000000e+00
5.389962986432918e-05	1.822747075875898e-07	0.000000000000000e+00
5.414634525180426e-05	8.793691569397813e-08	0.000000000000000e+00
6.970520595278751e-05	8.543340134971205e-08	0.000000000000000e+00
6.965012230954702e-05	1.718853625916986e-07	0.000000000000000e+00
6.975844819704128e-05	1.753398259080912e-07	0.000000000000000e+00
4.615072151850171e-05	8.636625362088828e-08	0.000000000000000e+00
4.829329330424865e-05	8.406008696186226e-08	0.000000000000000e+00
4.834045537223081e-05	2.035785766339215e-07	0.000000000000000e+00
4.843790343813723e-05	1.564642474792525e-07	0.000000000000000e+00
4.867798421626630e-05	8.589227379036092e-08	0.000000000000000e+00
4.872786210912225e-05	1.701667780050685e-07	0.000000000000000e+00
4.882546136280604e-05	1.661680091447737e-07	0.000000000000000e+00
4.379908767529990e-05	1.067348257916252e-07	0.000000000000000e+00
4.848007060140428e-05	7.999694129144705e-08	0.000000000000000e+00
6.686653169122854e-05	6.753920435003269e-08	0.000000000000000e+00
6.690876623466340e-05	2.329258883929404e-07	0.000000000000000e+00
4.887445825352429e-05	8.355479085719900e-08	0.000000000000000e+00
3.029668927690827e-05	8.354126205108074e-08	0.000000000000000e+00
3.021389448211354e-05	1.407004182103226e-07	0.000000000000000e+00
4.362281060143583e-05	7.569584465399006e-08	0.000000000000000e+00
5.667307806373803e-05	8.626189339449476e-08	0.000000000000000e+00
5.672312915311571e-05	1.714767592501245e-07	0.000000000000000e+00
5.681781371071383e-05	1.638113294167627e-07	0.000000000000000e+00
3.049437263031899e-05	8.712949168809498e-08	0.000000000000000e+00
3.044904740062426e-05	1.761033985325979e-07	0.000000000000000e+00
6.425314066906930e-05	8.636625361818262e-08	0.000000000000000e+00
6.415257540083420e-05	2.517040218573421e-07	0.000000000000000e+00
7.000359113767585e-05	8.173549158033303e-08	0.000000000000000e+00
4.584755637676875e-05	8.917317014000949e-08	0.000000000000000e+00
5.637419255518379e-05	8.643680531349400e-08	0.000000000000000e+00
5.632433701844624e-05	1.740005137540558e-07	0.000000000000000e+00
5.642414238511249e-05	1.709608180271838e-07	0.000000000000000e+00
5.637436046630708e-05	2.660945536087698e-07	0.000000000000000e+00
5.366315770798903e-05	9.386952754009360e-08	0.000000000000000e+00
5.142140255623233e-05	8.758137793794869e-08	0.000000000000000e+00
5.147161362785909e-05	1.729687939996595e-07	0.000000000000000e+00
5.384927848154867e-05	8.636625362049909e-08	0.000000000000000e+00
5.899512666837206e-05	8.643023283807151e-08	0.000000000000000e+00
5.895524264446909e-05	1.556167258450010e-07	0.000000000000000e+00
5.904673841216594e-05	1.672358539855922e-07	0.000000000000000e+00
5.899528875315923e-05	2.595269511931338e-07	0.000000000000000e+00
4.352265256750652e-05	8.015826248637843e-08	0.000000000000000e+00
5.618527467845951e-05	8.550645234688770e-08	0.000000000000000e+00
5.909514161499367e-05	8.544647249788754e-08	0.000000000000000e+00
6.707650718929365e-05	8.972170885124089e-08	0.000000000000000e+00
5.647393051616100e-05	8.606839525080422e-08	0.000000000000000e+00
5.929427617270345e-05	8.641431142761385e-08	0.000000000000000e+00
5.934418624836130e-05	1.686622262597836e-07	0.000000000000000e+00
5.944411202835636e-05	1.728800957858323e-07	0.000000000000000e+00
5.122234775746712e-05	8.544298069017486e-08	0.000000000000000e+00
6.980534081618040e-05	8.410449872879636e-08	0.000000000000000e+00
4.322134864960136e-05	8.648335255383653e-08	0.000000000000000e+00
4.314821388141247e-05	2.099248151273444e-07	0.000000000000000e+00
6.202632403137197e-05	3.677228538228569e-07	0.000000000000000e+00
3.010249634155123e-05	7.924853087529384e-08	0.000000000000000e+00
3.006623709070428e-05	2.519474925973232e-07	0.000000000000000e+00
1.520183759816035e-06	1.059078915414357e-05	0.000000000000000e+00
7.246610234885551e-05	6.752774993011823e-05	0.000000000000000e+00
9.639977550755877e-05	1.279391878794599e-05	0.000000000000000e+00
3.034069476996839e-05	1.674919832291623e-07	0.000000000000000e+00
3.029696158818153e-05	2.967095893733593e-07	0.000000000000000e+00
5.621094135337165e-05	1.831065046531983e-07	0.000000000000000e+00
5.626128455571075e-05	2.727258629891830e-07	0.000000000000000e+00
5.662024178606579e-05	1.679673390235141e-07	0.000000000000000e+00
5.137182569343412e-05	1.698735165721889e-07	0.000000000000000e+00
5.924441071391254e-05	1.692317574912493e-07	0.000000000000000e+00
4.861973320113338e-05	1.799519789248488e-07	0.000000000000000e+00
4.329724029588639e-05	2.091578665820605e-07	0.000000000000000e+00
3.012784051147708e-05	9.564913566085602e-05	0.000000000000000e+00
9.163593800173305e-05	8.715021622491368e-05	0.000000000000000e+00
5.652012415703479e-05	1.664694060603741e-07	0.000000000000000e+00
5.914509115025159e-05	1.683901376793989e-07	0.000000000000000e+00
5.919287441778051e-05	2.629392125681878e-07	0.000000000000000e+00
5.127224412112590e-05	1.698593901741639e-07	0.000000000000000e+00
7.200979316301881e-05	1.924388786209618e-06	0.000000000000000e+00
2.441971184353853e-05	8.776913072815134e-06	0.000000000000000e+00
4.620058509827777e-05	1.724381768435373e-07	0.000000000000000e+00
4.630045274367354e-05	1.728143973888685e-07	0.000000000000000e+00
4.615174895826949e-05	2.551320620410202e-07	0.000000000000000e+00
5.380508140974736e-05	1.723697334305126e-07	0.000000000000000e+00
5.041610228046268e-05	9.114548861708687e-07	0.000000000000000e+00
7.595188527843632e-05	1.668759226974701e-05	0.000000000000000e+00
8.500760780293635e-05	8.830148194830105e-06	0.000000000000000e+00
5.766891558833262e-05	7.789791392085559e-07	0.000000000000000e+00
5.739283324308936e-05	3.848394149098104e-07	0.000000000000000e+00
5.795007430551333e-05	6.021562032501070e-07	0.000000000000000e+00
3.042393236502631e-05	2.632189643441719e-07	0.000000000000000e+00
2.443148394099478e-05	3.451030344284299e-06	0.000000000000000e+00
2.424881287880895e-05	1.213203888017530e-06	0.000000000000000e+00
3.253361332265401e-05	6.719756218249060e-07	0.000000000000000e+00
4.624083512885633e-05	2.350245735492110e-07	0.000000000000000e+00
4.633372789001068e-05	2.946221091540858e-07	0.000000000000000e+00
4.640039042515099e-05	1.731556884768860e-07	0.000000000000000e+00
4.031087698315944e-05	6.118756652257163e-06	0.000000000000000e+00
4.127735066743761e-05	7.077567381629101e-06	0.000000000000000e+00
9.289340919174934e-05	9.468436533919354e-05	0.000000000000000e+00
7.098931073336221e-05	1.845125087591085e-05	0.000000000000000e+00
9.804191879783850e-05	1.823459293807140e-05	0.000000000000000e+00
1.787795801188397e-06	1.836391467255832e-05	0.000000000000000e+00
3.491704738881183e-06	1.744418641041199e-05	0.000000000000000e+00
1.936007545042702e-06	1.452082083575104e-05	0.000000000000000e+00
4.764594307008246e-05	2.205646084290214e-06	0.000000000000000e+00
1.539147370071195e-05	3.269960673436535e-06	0.000000000000000e+00
1.229981834266155e-05	8.833606245815858e-05	0.000000000000000e+00
4.444844193646875e-05	1.367235285668327e-06	0.000000000000000e+00
4.418202371955089e-05	9.524669152835529e-07	0.000000000000000e+00
4.393399224333272e-05	1.355355761158098e-06	0.000000000000000e+00
4.371134994735121e-05	9.180812706600991e-07	0.000000000000000e+00
4.339412781701575e-05	1.332197560515924e-06	0.000000000000000e+00
6.687853520255310e-05	5.475645570428018e-07	0.000000000000000e+00
4.993493904020306e-05	4.062459122682395e-06	0.000000000000000e+00
6.281564120994856e-05	3.106615695844488e-05	0.000000000000000e+00
3.758915650563524e-05	9.240317297841128e-06	0.000000000000000e+00
5.299999999987728e-05	9.831316286003574e-05	0.000000000000000e+00
7.014933934943090e-05	1.635433096642879e-07	0.000000000000000e+00
6.471998040420708e-05	1.408968722505648e-06	0.000000000000000e+00
6.529274122860505e-05	1.711101098280516e-06	0.000000000000000e+00
5.032906057987212e-05	7.049341645652521e-06	0.000000000000000e+00
5.702784517213495e-05	4.180978008186287e-07	0.000000000000000e+00
3.606543402100388e-05	3.452282719272961e-07	0.000000000000000e+00
7.562482446706421e-05	1.473794066597300e-05	0.000000000000000e+00
1.075709241434881e-05	2.027069317744782e-05	0.000000000000000e+00
3.770822770705318e-05	6.404243842892444e-07	0.000000000000000e+00
2.821647306707716e-05	4.068812002207828e-05	0.000000000000000e+00
4.372895911350235e-05	5.441853205448944e-06	0.000000000000000e+00
4.334254980242552e-05	6.761788252020257e-06	0.000000000000000e+00
3.809148614135693e-05	1.572748369008896e-06	0.000000000000000e+00
5.439474845486177e-05	5.072115900912694e-05	0.000000000000000e+00
2.638374614904137e-05	5.824309600638563e-06	0.000000000000000e+00
5.869954720454283e-05	4.555836311942759e-07	0.000000000000000e+00
5.883317314678681e-05	2.094334576043048e-07	0.000000000000000e+00
5.852619231880993e-05	2.227281814128119e-07	0.000000000000000e+00
5.701232038203763e-05	9.005127664535846e-05	0.000000000000000e+00
4.013695794529376e-05	1.036935464355286e-06	0.000000000000000e+00
3.009430524551143e-05	1.238515333298226e-05	0.000000000000000e+00
6.389167265788132e-05	1.375157048672556e-06	0.000000000000000e+00
7.087936192812696e-05	7.955661472813160e-07	0.000000000000000e+00
4.899278503284227e-05	9.820096415143953e-05	0.000000000000000e+00
5.712357476318978e-05	9.839429384084714e-05	0.000000000000000e+00
5.131365232877646e-05	2.734519137189481e-07	0.000000000000000e+00
2.805839712411909e-05	1.231584568926376e-05	0.000000000000000e+00
3.118960217149798e-05	5.926643618210878e-06	0.000000000000000e+00
3.343022468062904e-06	5.997184655630424e-06	0.000000000000000e+00
4.428293511394807e-05	9.730866440745644e-06	0.000000000000000e+00
1.344309846413820e-05	3.234032282311099e-06	0.000000000000000e+00
6.759737768599226e-05	3.861391035784598e-05	0.000000000000000e+00
6.854730506908262e-05	5.931642574700263e-06	0.000000000000000e+00
1.276424336429977e-05	2.014422396023892e-05	0.000000000000000e+00
5.484532490513153e-05	2.597301862680647e-07	0.000000000000000e+00
7.287049280051804e-05	1.235610727267318e-06	0.000000000000000e+00
4.031633918353723e-05	6.356572715230890e-07	0.000000000000000e+00
5.408993220324745e-05	1.260548615709632e-06	0.000000000000000e+00
3.603993801129444e-05	9.597115176266344e-05	0.000000000000000e+00
1.886670168507589e-05	9.628300138227141e-05	0.000000000000000e+00
4.899639898499137e-05	2.082526358406484e-06	0.000000000000000e+00
4.318299262785895e-05	7.213230860442671e-05	0.000000000000000e+00
5.122266940891628e-05	2.546169967638352e-07	0.000000000000000e+00
1.447791748464319e-05	5.019407321682599e-05	0.000000000000000e+00
2.108799449465883e-05	6.693661188962246e-06	0.000000000000000e+00
7.149524013933349e-05	5.285678036111273e-06	0.000000000000000e+00
4.953912183830596e-05	4.737656961863211e-07	0.000000000000000e+00
4.989153998119787e-05	6.303171845534451e-07	0.000000000000000e+00
4.991835200325825e-05	1.095940366107723e-06	0.000000000000000e+00
9.667193486031231e-05	5.772830843012592e-06	0.000000000000000e+00
6.594647271882294e-05	5.328979085052931e-07	0.000000000000000e+00
6.888868823393529e-05	6.285382597143298e-07	0.000000000000000e+00
6.855166092767805e-05	5.022316848440259e-07	0.000000000000000e+00
6.887420832736018e-05	2.651007391009698e-07	0.000000000000000e+00
6.911124308910810e-05	4.362190592674170e-07	0.000000000000000e+00
2.794707129546927e-05	1.031830826425200e-07	0.000000000000000e+00
8.931958863091012e-05	4.854940839930532e-06	0.000000000000000e+00
4.310307515297638e-05	9.823236373288099e-05	0.000000000000000e+00
6.286414848051940e-05	9.826854502194190e-05	0.000000000000000e+00
6.291671102178276e-05	3.324709889556906e-06	0.000000000000000e+00
3.232820371067801e-06	9.640797634137162e-06	0.000000000000000e+00
6.942591929955820e-05	1.675235657362163e-06	0.000000000000000e+00
5.709538551526765e-05	6.588961028756419e-07	0.000000000000000e+00
9.711350554741138e-05	1.605256785104050e-06	0.000000000000000e+00
2.947763264574875e-06	1.485409370156760e-06	0.000000000000000e+00
4.800597231483556e-05	6.383973716999318e-07	0.000000000000000e+00
3.996112338423404e-05	8.612540206936964e-05	0.000000000000000e+00
4.918830386575148e-06	3.645479585374899e-05	0.000000000000000e+00
7.376368990743987e-05	1.406018959755502e-05	0.000000000000000e+00
5.222154565918341e-05	7.405299488645474e-07	0.000000000000000e+00
5.123688311440996e-05	6.422483667513226e-06	0.000000000000000e+00
3.496375605934166e-05	9.808918114120389e-05	0.000000000000000e+00
3.891466550099233e-05	9.820056325120963e-05	0.000000000000000e+00
9.814582015874919e-05	2.235877559125345e-05	0.000000000000000e+00
6.705557168950760e-05	9.818543679489794e-05	0.000000000000000e+00
7.099503644599820e-05	9.647415950688070e-05	0.000000000000000e+00
7.032553794202608e-05	4.874671434968588e-06	0.000000000000000e+00
6.283113383207778e-05	8.313444213002352e-05	0.000000000000000e+00
5.717151012896284e-05	1.780370475732660e-06	0.000000000000000e+00
5.765006895208809e-05	1.875994821094014e-06	0.000000000000000e+00
5.929227945976281e-05	3.038873392821493e-06	0.000000000000000e+00
2.683154055614612e-05	7.651432246795299e-05	0.000000000000000e+00
6.593348574938359e-05	1.738227732095845e-05	0.000000000000000e+00
4.646165471227933e-05	4.587863522698947e-07	0.000000000000000e+00
4.668370178737797e-05	4.451780255352444e-07	0.000000000000000e+00
5.263060036704521e-05	3.327257140606633e-06	0.000000000000000e+00
6.431466622025138e-05	4.239087362113674e-06	0.000000000000000e+00
4.708950641722870e-05	2.347450146296274e-06	0.000000000000000e+00
5.589059942488468e-05	8.201137225741368e-07	0.000000000000000e+00
4.688003836777995e-05	6.474611399338536e-07	0.000000000000000e+00
5.227534357339379e-05	2.657389619872889e-06	0.000000000000000e+00
4.778754768344315e-05	9.633184562378796e-05	0.000000000000000e+00
5.686989466854402e-05	6.445161718843951e-06	0.000000000000000e+00
5.933620628178494e-05	8.794395646210041e-06	0.000000000000000e+00
9.093762626788631e-05	2.779608763999209e-05	0.000000000000000e+00
3.291450596540327e-05	9.816289377367151e-05	0.000000000000000e+00
2.904297780731137e-05	9.806264987915673e-05	0.000000000000000e+00
6.288611894172888e-05	6.440625915121793e-06	0.000000000000000e+00
9.508333333332292e-05	9.817842991910561e-05	0.000000000000000e+00
9.099999999997877e-05	9.820806548885958e-05	0.000000000000000e+00
5.212394541481616e-05	8.229686453739047e-05	0.000000000000000e+00
8.876789853408787e-06	9.773406171195709e-05	0.000000000000000e+00
4.796039530630189e-06	9.656998941582264e-05	0.000000000000000e+00
8.699034460339987e-05	9.851253586825966e-05	0.000000000000000e+00
8.503928868865653e-05	9.797884356770473e-05	0.000000000000000e+00
8.109260737615163e-05	9.631548028387670e-05	0.000000000000000e+00
1.300243449584411e-05	9.823375123756310e-05	0.000000000000000e+00
7.499999999993616e-05	9.826794919242655e-05	0.000000000000000e+00
7.415303175993365e-05	9.613627690269544e-05	0.000000000000000e+00
5.470306729383550e-05	1.602584728741289e-06	0.000000000000000e+00
5.471900788174107e-05	2.069815318491586e-06	0.000000000000000e+00
8.999999999997621e-05	9.618626031294324e-05	0.000000000000000e+00
2.500327905205901e-05	9.817748386515605e-05	0.000000000000000e+00
2.599999999993942e-05	9.617858402926420e-05	0.000000000000000e+00
1.897334033698134e-05	9.856377995342896e-05	0.000000000000000e+00
2.099999999995216e-05	9.826794919243648e-05	0.000000000000000e+00
2.163037996810222e-05	9.618110021063010e-05	0.000000000000000e+00
1.500040574928135e-05	9.821110224312475e-05	0.000000000000000e+00
6.560891088070513e-05	8.665129413266967e-06	0.000000000000000e+00
2.307568345464200e-05	8.392294463972426e-05	0.000000000000000e+00
6.949555329473793e-05	8.041109596126969e-08	0.000000000000000e+00
5.896392224596722e-05	5.992108763168091e-05	0.000000000000000e+00
7.903865889806507e-05	9.784100619558743e-05	0.000000000000000e+00
6.238425792970206e-05	2.923395202980194e-06	0.000000000000000e+00
2.986152804594732e-05	2.362778447988007e-06	0.000000000000000e+00
7.000134457263829e-05	1.116827472778559e-06	0.000000000000000e+00
6.084596516423564e-05	7.948724020943942e-05	0.000000000000000e+00
9.829644437592479e-05	1.424559418027350e-05	0.000000000000000e+00
5.939419024479030e-05	2.514711343897621e-07	0.000000000000000e+00
5.821855542854064e-05	9.764884589825452e-06	0.000000000000000e+00
5.864599464350452e-05	1.151528388164205e-05	0.000000000000000e+00
1.123174503994668e-05	2.644857374852177e-05	0.000000000000000e+00
8.080077169345332e-05	5.196666348712581e-05	0.000000000000000e+00
5.480582572902247e-05	4.761105195948894e-06	0.000000000000000e+00
7.927607809808844e-05	3.322207686345465e-06	0.000000000000000e+00
6.103577996626141e-05	5.872468058520213e-06	0.000000000000000e+00
2.522641556697873e-05	4.745719388016085e-06	0.000000000000000e+00
3.284819649913814e-05	1.125799669090610e-06	0.000000000000000e+00
3.302282557158299e-05	6.566912348188426e-07	0.000000000000000e+00
5.632537599569889e-05	6.390304635394512e-05	0.000000000000000e+00
4.953266326716374e-06	1.639100003605037e-05	0.000000000000000e+00
3.936635899831032e-06	1.943014968149154e-05	0.000000000000000e+00
5.299252793972368e-05	3.107692858015259e-05	0.000000000000000e+00
4.468535953475637e-05	7.239954175470200e-06	0.000000000000000e+00
7.837545360467674e-05	2.025086807937245e-06	0.000000000000000e+00
6.735215776102709e-05	6.838417682655724e-05	0.000000000000000e+00
7.443161842442077e-05	7.224556321530852e-05	0.000000000000000e+00
7.004949574240574e-05	1.641998604499434e-07	0.000000000000000e+00
4.432567492886278e-05	5.907010364372711e-05	0.000000000000000e+00
8.540804881566091e-05	1.996513219651031e-05	0.000000000000000e+00
8.351678261592048e-05	1.931465030398077e-05	0.000000000000000e+00
5.531863624996749e-05	2.106880605480605e-06	0.000000000000000e+00
5.133052574416155e-05	3.766294335580619e-07	0.000000000000000e+00
5.140876616271305e-05	4.105822111037680e-07	0.000000000000000e+00
8.399972117152242e-05	2.099104576705521e-05	0.000000000000000e+00
1.149619015893383e-05	3.191686633546971e-06	0.000000000000000e+00
7.311954458632345e-06	6.331803197434012e-05	0.000000000000000e+00
7.858717924194457e-05	2.142753919326034e-05	0.000000000000000e+00
4.372139255150000e-05	8.224878218553900e-06	0.000000000000000e+00
5.750677696931876e-05	4.906924509300066e-06	0.000000000000000e+00
6.713662518678102e-05	3.591592570516356e-07	0.000000000000000e+00
3.870123976400160e-05	3.494791849251549e-07	0.000000000000000e+00
3.838468431760526e-05	4.055082491843350e-07	0.000000000000000e+00
3.807077885720058e-05	8.415803486331741e-07	0.000000000000000e+00
6.078688447384601e-05	4.744479436090013e-06	0.000000000000000e+00
6.927465857469214e-05	1.759483512510644e-05	0.000000000000000e+00
8.139705827701636e-05	7.337861377818509e-06	0.000000000000000e+00
3.802257155490582e-05	4.374344360145260e-07	0.000000000000000e+00
3.819276735332155e-05	2.998385972757155e-07	0.000000000000000e+00
8.453470569229699e-06	8.230226210468554e-05	0.000000000000000e+00
5.162831986793321e-05	2.506439193247354e-06	0.000000000000000e+00
2.290128700629485e-05	1.709074276698787e-05	0.000000000000000e+00
5.018860471045227e-05	9.648965628328343e-05	0.000000000000000e+00
5.068424877881084e-05	9.296884320596760e-05	0.000000000000000e+00
5.433456673853343e-05	9.295712330681394e-06	0.000000000000000e+00
4.356933434220795e-05	1.540883538889450e-07	0.000000000000000e+00
6.933417610621480e-05	6.235652319345980e-05	0.000000000000000e+00
4.811356331799671e-05	1.914016801614672e-06	0.000000000000000e+00
7.190795278358692e-05	1.335303312362044e-05	0.000000000000000e+00
5.551137841740089e-05	1.557603009519459e-05	0.000000000000000e+00
8.696673384990454e-05	7.337974887986017e-05	0.000000000000000e+00
5.074625445077050e-05	5.238852289647051e-07	0.000000000000000e+00
5.052157036506334e-05	2.985196689660447e-07	0.000000000000000e+00
6.450887879575673e-05	9.707781871408562e-06	0.000000000000000e+00
3.916545132829723e-05	2.446516360192999e-05	0.000000000000000e+00
6.547195862880174e-05	9.030873822517626e-07	0.000000000000000e+00
5.283594463702059e-05	1.545950316273682e-06	0.000000000000000e+00
3.556862852693268e-05	4.645902190767804e-07	0.000000000000000e+00
6.949690348886594e-05	2.637007293567796e-07	0.000000000000000e+00
6.942682869981589e-05	3.438783712890432e-07	0.000000000000000e+00
7.747550946547922e-05	2.410233306602417e-05	0.000000000000000e+00
4.498131824907258e-05	9.858869224719991e-05	0.000000000000000e+00
2.896505293933688e-05	1.737931050104341e-06	0.000000000000000e+00
4.755902952711732e-05	5.560839505576473e-06	0.000000000000000e+00
6.956776135746422e-05	2.211170175130160e-07	0.000000000000000e+00
2.572284302727531e-05	2.755778329886797e-05	0.000000000000000e+00
1.893541612645164e-05	1.697733322780322e-05	0.000000000000000e+00
3.185058450346599e-05	2.048096593368172e-06	0.000000000000000e+00
1.469739786490136e-05	3.416405874684614e-05	0.000000000000000e+00
5.311588425181082e-05	2.777299929992260e-07	0.000000000000000e+00
6.290349723972623e-05	9.165875553024684e-07	0.000000000000000e+00
6.254145705833715e-05	4.892483248326166e-07	0.000000000000000e+00
4.619126070951254e-05	2.164810252135391e-06	0.000000000000000e+00
3.940066844901065e-05	5.064403854242272e-06	0.000000000000000e+00
4.472130014905541e-05	5.213605124045858e-06	0.000000000000000e+00
3.998432059446130e-05	3.127118582406002e-06	0.000000000000000e+00
5.961048414266439e-06	4.334256911168408e-05	0.000000000000000e+00
5.612465177511604e-05	9.655658675823140e-05	0.000000000000000e+00
5.903805767030488e-05	3.799066717376536e-07	0.000000000000000e+00
5.912235237794328e-05	4.098124539641736e-07	0.000000000000000e+00
5.891504144945781e-05	1.471691436504404e-06	0.000000000000000e+00
8.022531320295849e-05	4.287122103924647e-05	0.000000000000000e+00
9.434778424265326e-05	3.201340416882442e-06	0.000000000000000e+00
8.336366618745930e-05	1.517602441053168e-06	0.000000000000000e+00
5.073520037982158e-05	1.849387250511033e-05	0.000000000000000e+00
3.536907374630528e-05	3.688694577066678e-06	0.000000000000000e+00
9.595944829235884e-05	9.598571735526774e-05	0.000000000000000e+00
9.571615760963562e-06	3.137483356101072e-06	0.000000000000000e+00
3.855175905828438e-05	1.741463632983653e-07	0.000000000000000e+00
7.127843922832304e-05	7.646248373925615e-05	0.000000000000000e+00
7.087230560794537e-05	4.256738595583243e-07	0.000000000000000e+00
8.098132613828329e-05	9.843206872362535e-05	0.000000000000000e+00
8.121816054342843e-05	8.128757069869258e-05	0.000000000000000e+00
8.371493843979060e-05	7.751050351575735e-05	0.000000000000000e+00
9.071653829646628e-05	2.000938060020817e-05	0.000000000000000e+00
4.150692556922819e-05	5.812056253988860e-06	0.000000000000000e+00
7.013207271929719e-05	9.341888630928040e-05	0.000000000000000e+00
3.335661381483716e-05	4.332826262019222e-07	0.000000000000000e+00
3.309225659463938e-05	3.444648942086635e-07	0.000000000000000e+00
6.725375718393917e-05	3.597833634414298e-06	0.000000000000000e+00
6.985756922518624e-05	1.595338221981068e-07	0.000000000000000e+00
5.437919843450493e-05	1.479356068644881e-07	0.000000000000000e+00
5.918176019060017e-05	3.587120976304432e-07	0.000000000000000e+00
5.859175447592674e-05	8.772515892785179e-05	0.000000000000000e+00
6.922511222686093e-05	3.381551328549087e-06	0.000000000000000e+00
7.215787812530895e-05	5.252628537820548e-07	0.000000000000000e+00
6.776714303355045e-05	4.581165218528756e-07	0.000000000000000e+00
7.156945568560000e-05	3.515250980124600e-07	0.000000000000000e+00
3.046381178118333e-05	8.476096946912677e-05	0.000000000000000e+00
3.069513488934330e-05	1.439240732429192e-07	0.000000000000000e+00
3.064719556539476e-05	2.696508169104251e-07	0.000000000000000e+00
3.052046923351763e-05	2.746089484413098e-07	0.000000000000000e+00
3.054524640964863e-05	1.769954106525875e-07	0.000000000000000e+00
5.441511110758514e-05	3.063744648052913e-06	0.000000000000000e+00
5.562225200026912e-05	3.404567608705646e-05	0.000000000000000e+00
5.360066140481277e-05	9.005388110632393e-05	0.000000000000000e+00
3.631942879049247e-05	4.545634778254719e-05	0.000000000000000e+00
3.373783948031516e-05	5.160367991660378e-05	0.000000000000000e+00
6.835970414278427e-05	1.321160178731579e-06	0.000000000000000e+00
6.861216380237981e-05	1.659647480039488e-06	0.000000000000000e+00
9.696384603650682e-05	7.675032145759646e-06	0.000000000000000e+00
9.276942891809545e-05	4.918969510565871e-05	0.000000000000000e+00
6.057172900624751e-05	9.352688863069387e-06	0.000000000000000e+00
4.570722136525728e-05	4.170915755348138e-07	0.000000000000000e+00
5.495650920317087e-05	5.726361358388653e-06	0.000000000000000e+00
7.129619931944660e-05	4.112837201653758e-06	0.000000000000000e+00
3.270596788495278e-06	1.303015863735181e-05	0.000000000000000e+00
5.609888789015467e-05	2.056119307218026e-05	0.000000000000000e+00
5.439988118575483e-05	1.872392266913805e-05	0.000000000000000e+00
2.641988406402439e-05	4.610154105687439e-06	0.000000000000000e+00
4.398294535058771e-05	5.135015385490668e-07	0.000000000000000e+00
4.985268066282507e-05	2.835468776096933e-06	0.000000000000000e+00
5.878499695080611e-05	7.591107471832563e-05	0.000000000000000e+00
6.685828396115331e-05	8.946170539343418e-06	0.000000000000000e+00
9.861260667311392e-05	1.096450935504029e-05	0.000000000000000e+00
5.697026831366343e-05	2.288813187864898e-07	0.000000000000000e+00
5.706874448920983e-05	1.150603397729323e-07	0.000000000000000e+00
5.142123319468475e-05	2.475753087323278e-07	0.000000000000000e+00
5.151740767760618e-05	2.583557029247792e-07	0.000000000000000e+00
5.154879967698623e-05	1.810918321524699e-07	0.000000000000000e+00
5.161102649599292e-05	2.678267279192658e-07	0.000000000000000e+00
7.149968609802854e-05	2.037926021325202e-05	0.000000000000000e+00
7.292767514111431e-05	2.118368210421399e-05	0.000000000000000e+00
6.045028535004881e-05	1.282074999851026e-05	0.000000000000000e+00
5.667177669484795e-05	2.515727065893273e-07	0.000000000000000e+00
4.296530697734171e-05	5.495624556358290e-07	0.000000000000000e+00
2.569025467085287e-05	8.065801344890978e-05	0.000000000000000e+00
3.629838278207021e-05	1.147982808723446e-06	0.000000000000000e+00
7.611815727996103e-06	3.098046195109413e-06	0.000000000000000e+00
2.694093780363302e-05	4.437075797947593e-07	0.000000000000000e+00
2.737310597261325e-05	4.925297495778558e-07	0.000000000000000e+00
6.217882191216691e-05	1.882848055001189e-07	0.000000000000000e+00
5.261830695609752e-05	7.542060733076827e-07	0.000000000000000e+00
1.599999999996720e-05	9.624397513462369e-05	0.000000000000000e+00
5.909740066554619e-05	2.372065069548685e-07	0.000000000000000e+00
7.968991819954725e-05	5.142167659634575e-06	0.000000000000000e+00
3.932433752082249e-05	7.245272597569032e-05	0.000000000000000e+00
5.067202518057559e-05	7.912042154536355e-05	0.000000000000000e+00
5.694634812853227e-05	1.135699315198284e-07	0.000000000000000e+00
5.686321605809428e-05	8.348805908115371e-08	0.000000000000000e+00
7.099999999992555e-05	9.840589385198095e-05	0.000000000000000e+00
6.134498531409915e-05	1.671552146621936e-06	0.000000000000000e+00
3.360143086658803e-05	4.078561659910809e-05	0.000000000000000e+00
5.383840437292915e-05	4.158020068857727e-05	0.000000000000000e+00
5.678830227839912e-05	2.612823277221811e-07	0.000000000000000e+00
4.871145164590361e-05	1.462281532658185e-05	0.000000000000000e+00
5.929410179886683e-05	2.420447535309101e-07	0.000000000000000e+00
5.809974541325095e-05	2.789153950717319e-06	0.000000000000000e+00
5.154440057487766e-05	4.387661279584260e-06	0.000000000000000e+00
4.546469613535391e-05	9.034607726936275e-07	0.000000000000000e+00
1.238376658027833e-05	9.645959638999519e-05	0.000000000000000e+00
3.841944481404040e-05	2.177335405095570e-05	0.000000000000000e+00
7.043527089612778e-05	3.795676575251222e-06	0.000000000000000e+00
5.687420572771373e-05	2.327861298086852e-07	0.000000000000000e+00
5.961936764860268e-05	4.319390987679942e-07	0.000000000000000e+00
4.678422661586735e-05	2.857785494918634e-07	0.000000000000000e+00
5.208027176677136e-05	3.541788159175893e-07	0.000000000000000e+00
4.876937021920864e-05	2.419792329345748e-07	0.000000000000000e+00
4.889548540636881e-05	2.791089566632362e-07	0.000000000000000e+00
4.227379449443340e-05	5.443000054375265e-05	0.000000000000000e+00
5.382889103031312e-05	9.656391539483594e-05	0.000000000000000e+00
5.676057889191972e-05	4.650085434233571e-05	0.000000000000000e+00
3.278768708847702e-05	3.215296380571231e-07	0.000000000000000e+00
2.959994758907186e-05	5.674826983275455e-05	0.000000000000000e+00
4.065596103978943e-05	9.077978978954433e-07	0.000000000000000e+00
4.061740369288271e-05	4.133001310460902e-07	0.000000000000000e+00
3.706230288786733e-05	3.271860290207253e-06	0.000000000000000e+00
5.739664298756476e-06	3.006303219358924e-06	0.000000000000000e+00
3.245721047268414e-05	2.587584456379271e-07	0.000000000000000e+00
4.852121962820917e-05	1.645275740339051e-07	0.000000000000000e+00
4.846303053852357e-05	2.412540565174584e-07	0.000000000000000e+00
9.677705792173777e-05	2.023135790512768e-05	0.000000000000000e+00
3.523602302835926e-05	3.208772909807932e-07	0.000000000000000e+00
3.543729157677063e-05	2.601050579106692e-07	0.000000000000000e+00
5.940055776009115e-05	5.131865579696609e-05	0.000000000000000e+00
6.323443986645269e-05	6.317257128294329e-07	0.000000000000000e+00
5.589130403152766e-05	2.871133409263979e-07	0.000000000000000e+00
5.646651161672840e-05	2.409293894026364e-07	0.000000000000000e+00
3.338644144161941e-05	1.626523185584766e-06	0.000000000000000e+00
6.963682177447969e-05	2.712492646546815e-07	0.000000000000000e+00
6.739338793119618e-05	1.648265985996373e-05	0.000000000000000e+00
6.350949934563662e-05	6.025866254486455e-05	0.000000000000000e+00
6.744752722042231e-05	2.017962055529976e-05	0.000000000000000e+00
5.720903679690466e-05	3.614508611187110e-07	0.000000000000000e+00
6.995429074130980e-05	1.530317274049611e-07	0.000000000000000e+00
5.426779370185077e-05	2.517442787614024e-07	0.000000000000000e+00
6.947049396280329e-05	1.297137265777371e-06	0.000000000000000e+00
6.165160897884779e-05	3.308538115517798e-07	0.000000000000000e+00
6.185352105487511e-05	2.732995235357486e-07	0.000000000000000e+00
6.198917052522868e-05	2.624998802148417e-07	0.000000000000000e+00
6.174660996030782e-05	2.096350725557310e-07	0.000000000000000e+00
7.035355056185123e-05	1.287792013087346e-05	0.000000000000000e+00
6.333690094713069e-05	5.681046483441194e-06	0.000000000000000e+00
7.685977380074045e-05	9.639340394371895e-05	0.000000000000000e+00
8.418611656882998e-05	2.642200007269074e-05	0.000000000000000e+00
3.607620177494466e-05	9.554667211146891e-06	0.000000000000000e+00
6.397847110954210e-05	5.157005836330251e-07	0.000000000000000e+00
8.638693300847981e-05	2.960213184182760e-05	0.000000000000000e+00
8.140937997690490e-05	1.395365879234611e-06	0.000000000000000e+00
5.417585064181824e-05	1.704066147478007e-07	0.000000000000000e+00
6.224999814186527e-05	4.629791794629838e-07	0.000000000000000e+00
6.555428341085783e-05	1.548107961570787e-05	0.000000000000000e+00
9.357214855900900e-05	7.976521346765141e-05	0.000000000000000e+00
2.417629575432864e-05	6.287871309661216e-05	0.000000000000000e+00
8.854183114872976e-05	3.144585497484290e-06	0.000000000000000e+00
5.027322802151319e-05	1.293719663403201e-06	0.000000000000000e+00
3.236744199331013e-05	6.414045317965750e-06	0.000000000000000e+00
4.588604580392444e-05	3.593988421063536e-07	0.000000000000000e+00
7.202379437735159e-05	9.144940144636080e-05	0.000000000000000e+00
6.630085901323623e-05	3.129828138473109e-07	0.000000000000000e+00
4.327051633923002e-05	8.026487928162057e-07	0.000000000000000e+00
6.455142294845923e-05	6.387893798660051e-08	0.000000000000000e+00
4.266038799731925e-05	2.081557166613799e-06	0.000000000000000e+00
6.210960997825932e-05	8.976993957639039e-08	0.000000000000000e+00
6.206046986904725e-05	1.882698565499894e-07	0.000000000000000e+00
6.196923833808233e-05	1.703804336643167e-07	0.000000000000000e+00
6.192883456429138e-05	8.543831501429668e-08	0.000000000000000e+00
6.183481009452829e-05	8.536269642009216e-08	0.000000000000000e+00
6.188573855136307e-05	1.672322926393867e-07	0.000000000000000e+00
7.944892474396435e-05	7.798823509652894e-05	0.000000000000000e+00
8.892089748864404e-05	7.832589667665446e-05	0.000000000000000e+00
4.613303488409578e-05	2.139351903342994e-05	0.000000000000000e+00
4.721197045694939e-05	8.996598495289698e-05	0.000000000000000e+00
3.854702414339496e-06	2.933140673077197e-06	0.000000000000000e+00
3.768757577643905e-05	2.720418296135472e-07	0.000000000000000e+00
5.822065349190818e-05	1.399564883799526e-06	0.000000000000000e+00
5.788230778527284e-05	1.549695834148834e-06	0.000000000000000e+00
4.888780970509643e-05	2.644916756860643e-06	0.000000000000000e+00
6.529022850829946e-05	2.372458137075732e-06	0.000000000000000e+00
6.098006159578254e-05	2.106007390814042e-05	0.000000000000000e+00
9.683943034537110e-05	1.678063475353380e-05	0.000000000000000e+00
5.821550987729685e-05	7.270230246695296e-07	0.000000000000000e+00
5.200711828806525e-05	9.681726517624531e-05	0.000000000000000e+00
6.192757121166902e-05	6.078063855483318e-06	0.000000000000000e+00
6.619148221173490e-05	1.016587658791582e-05	0.000000000000000e+00
6.185651529371420e-05	5.606917609982780e-05	0.000000000000000e+00
2.854933465393820e-05	2.405152478775274e-05	0.000000000000000e+00
3.119313054312550e-05	2.196096981632133e-05	0.000000000000000e+00
5.558922530870853e-05	1.615135914758344e-06	0.000000000000000e+00
4.860006331612270e-05	2.875930916611129e-07	0.000000000000000e+00
5.950100482995994e-05	1.053478994864065e-07	0.000000000000000e+00
1.223896303064602e-05	7.318507060158397e-05	0.000000000000000e+00
6.527511122877637e-05	2.764125109668586e-07	0.000000000000000e+00
3.061148233631547e-05	3.178030859643849e-06	0.000000000000000e+00
6.094566015356129e-05	1.078387839285727e-06	0.000000000000000e+00
3.158180232511677e-05	4.781491080036485e-06	0.000000000000000e+00
2.811804587617619e-05	9.633584986752598e-05	0.000000000000000e+00
6.150473694098775e-05	9.637326927676023e-05	0.000000000000000e+00
9.856571907933610e-05	8.247072398592608e-06	0.000000000000000e+00
4.297943037334437e-05	2.399950323087769e-07	0.000000000000000e+00
4.323459578080943e-05	4.123064638507636e-07	0.000000000000000e+00
4.852019579371124e-05	8.191937958059627e-07	0.000000000000000e+00
4.822510039494439e-05	3.828820892625147e-07	0.000000000000000e+00
5.233045449734179e-05	5.162951990176310e-06	0.000000000000000e+00
5.222225525010559e-05	6.152018039484332e-06	0.000000000000000e+00
2.465724825160098e-05	6.036868667752418e-06	0.000000000000000e+00
1.399723289622959e-05	9.657299646589443e-05	0.000000000000000e+00
5.655537917134068e-05	2.568638111118185e-07	0.000000000000000e+00
5.667154423913636e-05	3.580998159515047e-07	0.000000000000000e+00
5.577631677880269e-05	1.185905191388882e-06	0.000000000000000e+00
4.956551201633241e-06	9.847336442564823e-05	0.000000000000000e+00
4.633033338728235e-05	8.646018655558852e-08	0.000000000000000e+00
7.020640346045271e-05	1.505306144954319e-06	0.000000000000000e+00
3.546013697086876e-05	8.886194129721381e-05	0.000000000000000e+00
6.270878451250110e-05	2.383282707854127e-07	0.000000000000000e+00
2.386960097556526e-05	9.609948965044366e-05	0.000000000000000e+00
6.740379525955349e-05	4.172834398517271e-07	0.000000000000000e+00
6.729413854650940e-05	2.694694061640875e-07	0.000000000000000e+00
6.742015343271109e-05	1.641540381493634e-07	0.000000000000000e+00
6.735418084378136e-05	8.321053349394180e-08	0.000000000000000e+00
6.731402930729152e-05	1.547904762830963e-07	0.000000000000000e+00
6.722921905968169e-05	1.760136618010116e-07	0.000000000000000e+00
6.719678513731035e-05	2.487147723901928e-07	0.000000000000000e+00
6.713391108383135e-05	1.896786004867615e-07	0.000000000000000e+00
6.717768340436505e-05	9.004984543389399e-08	0.000000000000000e+00
6.702739742733619e-05	1.748053629962351e-07	0.000000000000000e+00
4.197446029686899e-05	1.375826799811992e-06	0.000000000000000e+00
6.399525668326873e-05	9.655504420188246e-05	0.000000000000000e+00
6.976409595736092e-05	2.523340817620763e-07	0.000000000000000e+00
7.264589767176730e-06	2.456221186098661e-05	0.000000000000000e+00
6.933174990087786e-05	5.060865279141236e-07	0.000000000000000e+00
5.261956259781005e-05	7.679721071869709e-05	0.000000000000000e+00
4.603988796844611e-05	4.372570950221947e-07	0.000000000000000e+00
4.600685708397912e-05	3.331362845951386e-07	0.000000000000000e+00
4.595106482723532e-05	2.568880835980855e-07	0.000000000000000e+00
8.547601287188558e-05	2.173151275311341e-05	0.000000000000000e+00
7.422706928169878e-05	1.129807930311696e-06	0.000000000000000e+00
2.681188292940916e-06	9.584995185383074e-05	0.000000000000000e+00
5.535381988616051e-05	1.727825134919463e-05	0.000000000000000e+00
4.950283166905860e-05	1.152905259511011e-05	0.000000000000000e+00
4.575505797189866e-05	2.549222583400588e-07	0.000000000000000e+00
4.585908870159762e-05	2.427997084505727e-07	0.000000000000000e+00
4.581821204003049e-05	1.731576840104933e-07	0.000000000000000e+00
7.980558908493674e-06	4.920724064653706e-05	0.000000000000000e+00
8.713747817652712e-05	6.308376746430532e-05	0.000000000000000e+00
5.725841131314349e-05	2.211590341536043e-07	0.000000000000000e+00
5.758682857978692e-05	2.265271138398780e-07	0.000000000000000e+00
5.535887639214439e-05	4.208708847001423e-06	0.000000000000000e+00
4.438505800976031e-05	8.986604741479095e-05	0.000000000000000e+00
3.902750760502823e-05	8.921641057651248e-06	0.000000000000000e+00
2.282640487618403e-05	1.400387544335167e-06	0.000000000000000e+00
4.831807491012262e-05	6.260595590885926e-06	0.000000000000000e+00
5.871671888589185e-05	3.182516804763455e-06	0.000000000000000e+00
5.654053840204229e-05	3.395425086163074e-07	0.000000000000000e+00
2.165730577347024e-05	1.868230206771639e-05	0.000000000000000e+00
2.237449645111578e-05	2.032119156526040e-05	0.000000000000000e+00
4.979931575346942e-05	3.379176731999194e-06	0.000000000000000e+00
2.717884805602657e-05	2.948505550862787e-07	0.000000000000000e+00
2.763214533230516e-05	3.653384178006509e-07	0.000000000000000e+00
2.759371849036770e-05	1.573820553101467e-07	0.000000000000000e+00
2.765425346827262e-05	8.339623168339570e-08	0.000000000000000e+00
2.768829040571767e-05	1.466529066340730e-07	0.000000000000000e+00
2.779360485748424e-05	1.851855628431646e-07	0.000000000000000e+00
2.783944700013820e-05	7.485396317792613e-08	0.000000000000000e+00
2.755271749814626e-05	7.613261899954013e-08	0.000000000000000e+00
2.728376456610332e-05	1.297172798469321e-07	0.000000000000000e+00
2.764499309554990e-05	2.216228739518771e-07	0.000000000000000e+00
2.776025366111887e-05	7.141647517066385e-07	0.000000000000000e+00
2.750509807671190e-05	1.536961269802319e-07	0.000000000000000e+00
2.739898799725042e-05	2.885059515468775e-07	0.000000000000000e+00
2.741467092166864e-05	1.827046057796428e-07	0.000000000000000e+00
2.753160231897562e-05	2.282083385615712e-07	0.000000000000000e+00
2.737159043688719e-05	7.975762784970003e-08	0.000000000000000e+00
9.209581849554092e-05	3.174530978484024e-06	0.000000000000000e+00
6.965120110025230e-05	3.758529011290604e-07	0.000000000000000e+00
5.891301478967119e-05	9.874582365397984e-05	0.000000000000000e+00
6.794663942931953e-05	2.421956124318579e-07	0.000000000000000e+00
7.046294076861068e-05	8.515674251452498e-07	0.000000000000000e+00
6.129190209831114e-05	8.797468396917899e-05	0.000000000000000e+00
4.470507381605437e-05	1.887341986149795e-06	0.000000000000000e+00
4.906438050250178e-05	3.584342244836710e-07	0.000000000000000e+00
5.397178635884635e-05	2.463941896536521e-07	0.000000000000000e+00
6.988640768953498e-05	3.059833137640951e-07	0.000000000000000e+00
3.345884406286730e-05	6.368017166623501e-06	0.000000000000000e+00
2.920615244250917e-05	1.125449204107115e-06	0.000000000000000e+00
9.863416919644302e-05	1.365803922577788e-06	0.000000000000000e+00
1.410355716915977e-06	1.411436166814221e-06	0.000000000000000e+00
6.963693478801983e-05	4.070287055398266e-06	0.000000000000000e+00
6.984701281568064e-05	1.028537139013856e-05	0.000000000000000e+00
2.879017111083149e-05	5.659177814183861e-07	0.000000000000000e+00
7.318948457561338e-05	4.542706862674703e-06	0.000000000000000e+00
6.979998657513417e-05	1.391916606879958e-06	0.000000000000000e+00
4.868052673906883e-05	2.391427160699128e-07	0.000000000000000e+00
5.777476257425471e-05	1.805572557105419e-05	0.000000000000000e+00
3.581822558427486e-05	3.500087608741836e-07	0.000000000000000e+00
3.564256463672753e-05	2.812403756401342e-07	0.000000000000000e+00
3.575645723007088e-05	2.206824671742726e-07	0.000000000000000e+00
1.858917093971420e-05	2.021598431886012e-05	0.000000000000000e+00
1.974698082696638e-05	1.865687153999830e-05	0.000000000000000e+00
6.382819316236304e-05	2.498395410077455e-07	0.000000000000000e+00
4.381535101209482e-05	1.942496021634659e-06	0.000000000000000e+00
4.050325257743220e-05	3.746017198678130e-06	0.000000000000000e+00
9.378723816347934e-05	9.672853920827091e-05	0.000000000000000e+00
9.213612947103354e-05	9.681325791059663e-05	0.000000000000000e+00
5.612263945771898e-05	3.124233903633542e-07	0.000000000000000e+00
5.241209453627270e-05	1.697114868838425e-06	0.000000000000000e+00
6.282199979377624e-05	4.024702860987435e-06	0.000000000000000e+00
5.184357963028809e-05	3.290903036923665e-07	0.000000000000000e+00
5.373063472167514e-05	1.681105096504710e-07	0.000000000000000e+00
6.181065915868095e-05	1.667320623215220e-07	0.000000000000000e+00
6.166339654738541e-05	1.463251086970702e-07	0.000000000000000e+00
6.162027196877939e-05	6.920406642716831e-08	0.000000000000000e+00
4.929451248323535e-05	2.877615046773990e-07	0.000000000000000e+00
7.279033093090007e-05	6.472182984555243e-07	0.000000000000000e+00
7.251514716211583e-05	3.955776040799110e-07	0.000000000000000e+00
7.242648390965742e-05	2.277622151770255e-07	0.000000000000000e+00
7.226495328303915e-05	2.915441006156529e-07	0.000000000000000e+00
7.258252124101203e-05	1.554277553591950e-07	0.000000000000000e+00
7.248731017943048e-05	1.588550028090584e-07	0.000000000000000e+00
7.244596472352915e-05	8.184536356288423e-08	0.000000000000000e+00
7.240379326538776e-05	1.433586260811129e-07	0.000000000000000e+00
7.231545561267114e-05	1.667716855096999e-07	0.000000000000000e+00
7.225216088216276e-05	8.179241511731411e-08	0.000000000000000e+00
7.216780530876256e-05	1.654924305222681e-07	0.000000000000000e+00
7.263494904561598e-05	2.138712354030769e-07	0.000000000000000e+00
7.252688066193009e-05	2.365230810965684e-07	0.000000000000000e+00
1.663133931590539e-05	5.592566052698060e-05	0.000000000000000e+00
5.674141022397221e-05	3.860986566603177e-07	0.000000000000000e+00
5.679198952291365e-05	3.468428255252145e-07	0.000000000000000e+00
5.440295137964713e-05	1.089006203960920e-05	0.000000000000000e+00
2.867748348398140e-05	1.015984057540473e-06	0.000000000000000e+00
6.136680251577136e-05	2.144937509383210e-06	0.000000000000000e+00
5.498410784672977e-05	7.085666441858498e-07	0.000000000000000e+00
5.190384167339221e-05	1.734738254166129e-05	0.000000000000000e+00
9.827184300341856e-06	2.271541011436567e-05	0.000000000000000e+00
5.874504987937290e-06	7.966833596127824e-05	0.000000000000000e+00
5.237626889816875e-05	2.056861337730733e-05	0.000000000000000e+00
4.851938527014479e-05	3.010938325533154e-07	0.000000000000000e+00
5.535637373197244e-05	3.569927087952527e-07	0.000000000000000e+00
7.247056252136190e-05	5.262446968689296e-06	0.000000000000000e+00
7.934213317955231e-06	6.959618624890562e-05	0.000000000000000e+00
6.901731867100273e-05	1.695679812127429e-06	0.000000000000000e+00
5.568760355717665e-05	6.415565726685423e-07	0.000000000000000e+00
8.223086349953394e-05	4.712925582140538e-05	0.000000000000000e+00
4.856696069026738e-05	2.208241659142705e-06	0.000000000000000e+00
2.824703849031508e-05	5.775143655824979e-07	0.000000000000000e+00
2.792219737239869e-05	3.756885790492202e-07	0.000000000000000e+00
5.798538429150387e-05	8.597540436020337e-07	0.000000000000000e+00
5.113122283603338e-05	2.418510998774662e-07	0.000000000000000e+00
6.953205126828619e-05	5.795404660869000e-06	0.000000000000000e+00
4.798024110062218e-05	2.837210379696468e-07	0.000000000000000e+00
3.202324874422056e-06	2.116015528280288e-05	0.000000000000000e+00
5.986024739115721e-05	2.988641145885932e-05	0.000000000000000e+00
7.257437381883916e-05	1.827949583375363e-06	0.000000000000000e+00
6.254671847455704e-05	1.181539779706615e-06	0.000000000000000e+00
4.136301741339433e-05	2.632876817369635e-07	0.000000000000000e+00
5.384060446520358e-05	2.281704697012163e-07	0.000000000000000e+00
3.064277716939180e-06	4.253098958539120e-06	0.000000000000000e+00
4.533133619488629e-05	6.337020527186331e-07	0.000000000000000e+00
4.539435742060451e-05	3.461528003991441e-07	0.000000000000000e+00
4.552490692162511e-05	4.552044927454078e-07	0.000000000000000e+00
4.110399918553360e-05	3.709339801843671e-07	0.000000000000000e+00
3.249345484555760e-05	1.650274157750583e-06	0.000000000000000e+00
7.482932986121942e-05	1.274705544633696e-06	0.000000000000000e+00
4.222501658536855e-05	6.628466703741338e-06	0.000000000000000e+00
5.746346524893386e-05	5.783393505843803e-06	0.000000000000000e+00
6.430300424884860e-05	3.958777021212871e-07	0.000000000000000e+00
6.430300424884974e-05	2.621147938214685e-07	0.000000000000000e+00
6.430300424884388e-05	1.671668473622901e-07	0.000000000000000e+00
6.440665667051844e-05	2.602153404321308e-07	0.000000000000000e+00
6.448233680137310e-05	2.220935857664510e-07	0.000000000000000e+00
6.445320447248547e-05	3.615983010978295e-07	0.000000000000000e+00
6.436646741017556e-05	3.199515343681790e-07	0.000000000000000e+00
4.227935064533299e-05	2.655871020161204e-06	0.000000000000000e+00
2.556105918845180e-05	2.628368535681346e-06	0.000000000000000e+00
8.698908679308540e-05	2.994500010350110e-06	0.000000000000000e+00
4.607551817162676e-05	2.857244273606096e-06	0.000000000000000e+00
5.990405813074746e-05	1.974167566508004e-05	0.000000000000000e+00
5.422835633186273e-05	2.380864537738472e-06	0.000000000000000e+00
2.781980227322164e-06	7.708487850515532e-06	0.000000000000000e+00
3.021227165039748e-05	7.140169681315755e-06	0.000000000000000e+00
2.409339011191221e-05	7.300203346528867e-06	0.000000000000000e+00
5.964448515416043e-05	1.185042507879406e-07	0.000000000000000e+00
3.182934691836129e-05	1.466839608395189e-06	0.000000000000000e+00
6.913305265377415e-05	2.418357634274357e-07	0.000000000000000e+00
4.891478701533197e-05	1.676927671734852e-07	0.000000000000000e+00
6.553006908054630e-05	1.263954592301072e-06	0.000000000000000e+00
4.768978329153406e-05	6.668479139357791e-07	0.000000000000000e+00
4.743145557635902e-05	4.941822407512176e-07	0.000000000000000e+00
1.034003398805049e-05	7.839995515174514e-05	0.000000000000000e+00
5.725429014746868e-05	5.322568996816786e-07	0.000000000000000e+00
7.181291180828603e-05	5.534174350371347e-07	0.000000000000000e+00
6.990374909130743e-05	2.219533103568406e-07	0.000000000000000e+00
9.608757543629122e-05	4.598427730902473e-05	0.000000000000000e+00
6.359212420896145e-05	8.113212252041012e-07	0.000000000000000e+00
4.442886116382009e-05	6.304965039996084e-07	0.000000000000000e+00
4.463264871764978e-05	4.029649832439316e-07	0.000000000000000e+00
4.480381329629108e-05	6.611112148292030e-07	0.000000000000000e+00
5.689437038774350e-05	1.645073537225840e-07	0.000000000000000e+00
6.160775804637464e-05	2.133754286520599e-07	0.000000000000000e+00
6.664547678661655e-05	4.110789910086795e-06	0.000000000000000e+00
4.673452904592045e-05	9.500786172059509e-07	0.000000000000000e+00
6.836005234742788e-05	7.144129937716417e-07	0.000000000000000e+00
8.069133818430976e-05	2.620064017442916e-06	0.000000000000000e+00
4.657713064383948e-05	1.156796864156272e-05	0.000000000000000e+00
5.948752737966393e-05	1.007118833490777e-05	0.000000000000000e+00
7.419491351494246e-05	4.732542029726478e-06	0.000000000000000e+00
3.495945275872700e-05	5.673728740419065e-07	0.000000000000000e+00
5.691780766045997e-05	7.742399292222217e-07	0.000000000000000e+00
5.106295651128198e-05	2.585308691187857e-07	0.000000000000000e+00
5.145048616943142e-05	3.033651430306462e-07	0.000000000000000e+00
5.147992797474482e-05	3.505947715877470e-07	0.000000000000000e+00
5.853249340178890e-05	1.582072305124179e-06	0.000000000000000e+00
4.431883548532607e-05	6.258878610071625e-06	0.000000000000000e+00
5.490827798655975e-05	3.244087348209292e-06	0.000000000000000e+00
5.793363108193565e-05	2.243770214455085e-06	0.000000000000000e+00
4.614872908135934e-05	5.645111518341199e-07	0.000000000000000e+00
4.633655992057392e-05	6.787314011936170e-07	0.000000000000000e+00
4.085676993709459e-05	3.338743644616323e-07	0.000000000000000e+00
4.072175951410353e-05	2.863498135431346e-07	0.000000000000000e+00
4.098135218403272e-05	2.297557772067469e-07	0.000000000000000e+00
4.086506908188474e-05	2.194394015495559e-07	0.000000000000000e+00
4.098827066467521e-05	1.224319943364405e-07	0.000000000000000e+00
4.092444297468391e-05	1.631367517601294e-07	0.000000000000000e+00
4.105164293195156e-05	7.022128581295494e-08	0.000000000000000e+00
6.088678677548316e-05	1.437752529447561e-06	0.000000000000000e+00
9.725569387850767e-05	1.151704827120692e-05	0.000000000000000e+00
6.192441711738730e-05	2.183530325135734e-07	0.000000000000000e+00
4.235345753174085e-05	7.755950259698047e-06	0.000000000000000e+00
9.085486757586984e-05	6.933728894525937e-05	0.000000000000000e+00
8.014153733656385e-05	6.627744854834004e-06	0.000000000000000e+00
6.342021195080679e-06	9.128325023623340e-05	0.000000000000000e+00
4.656249065901334e-05	2.466884393956724e-06	0.000000000000000e+00
7.378241379864462e-05	2.168906588311362e-06	0.000000000000000e+00
4.686219620275494e-05	4.303267167528595e-07	0.000000000000000e+00
3.785713077732312e-05	5.430968741306953e-05	0.000000000000000e+00
4.930170535519737e-05	1.596148725869547e-05	0.000000000000000e+00
7.117993817525186e-05	4.747848251152265e-07	0.000000000000000e+00
7.773191745130207e-05	9.408480635054137e-07	0.000000000000000e+00
4.030260023047416e-05	2.702859118774742e-07	0.000000000000000e+00
4.085148931887313e-05	1.467111632000993e-07	0.000000000000000e+00
4.077457784098779e-05	1.849868942125435e-07	0.000000000000000e+00
4.080122017950217e-05	8.263936322725560e-08	0.000000000000000e+00
4.065628261849976e-05	2.011999539260374e-07	0.000000000000000e+00
4.061720654317982e-05	8.360220183073694e-08	0.000000000000000e+00
4.080454409351766e-05	2.561626184417166e-07	0.000000000000000e+00
9.402491524244735e-05	2.826788586410557e-05	0.000000000000000e+00
5.934560387834820e-05	2.965553811164785e-07	0.000000000000000e+00
2.264857272874899e-05	9.414402483898148e-05	0.000000000000000e+00
8.111780355936677e-05	9.415542542391723e-05	0.000000000000000e+00
3.068028370653991e-05	6.624915569933662e-07	0.000000000000000e+00
3.093101879556317e-06	1.592300825427477e-05	0.000000000000000e+00
7.028342307526999e-05	1.106369245018311e-06	0.000000000000000e+00
2.345438840618234e-05	2.510783195730969e-05	0.000000000000000e+00
2.970515588125762e-05	8.166624221978488e-07	0.000000000000000e+00
2.995358150780743e-05	5.643195135742680e-07	0.000000000000000e+00
2.977450711084989e-05	2.967552291311835e-07	0.000000000000000e+00
4.296698580353194e-05	1.580517368445587e-06	0.000000000000000e+00
4.164192134258007e-05	2.423010134405349e-05	0.000000000000000e+00
3.179157467131921e-05	9.652492467724023e-05	0.000000000000000e+00
4.355091152242982e-05	5.548745505723059e-07	0.000000000000000e+00
5.103252348173044e-05	3.089947869667310e-07	0.000000000000000e+00
4.126832238516918e-05	8.315316822039216e-06	0.000000000000000e+00
4.432831269869163e-05	2.400504597336394e-06	0.000000000000000e+00
4.053041739629059e-05	8.916552461398041e-05	0.000000000000000e+00
6.956284568616581e-05	1.452738137489512e-07	0.000000000000000e+00
3.787677199613781e-05	9.656839279757486e-05	0.000000000000000e+00
4.716957624862242e-05	6.535052289440503e-07	0.000000000000000e+00
5.283266110941108e-05	2.714683285180587e-06	0.000000000000000e+00
6.941882427395266e-05	4.950516681370432e-08	0.000000000000000e+00
5.791273046325027e-05	3.227141226151867e-07	0.000000000000000e+00
3.058595367361320e-05	2.220707797777287e-07	0.000000000000000e+00
3.062188994643971e-05	1.735492106631955e-07	0.000000000000000e+00
4.368309539422129e-05	1.504497192706072e-07	0.000000000000000e+00
9.422405328944727e-06	8.997599492455540e-05	0.000000000000000e+00
2.707669722032589e-06	1.156273177577578e-05	0.000000000000000e+00
6.949849090416521e-05	3.339803209480925e-07	0.000000000000000e+00
5.278846983177684e-05	4.049521875768479e-07	0.000000000000000e+00
6.596083761337180e-05	9.674182017079932e-05	0.000000000000000e+00
7.089675363625744e-05	8.656384302836953e-05	0.000000000000000e+00
6.122674653892264e-05	8.985809686924102e-07	0.000000000000000e+00
6.619734540666432e-05	1.903174096667372e-05	0.000000000000000e+00
3.028108592315489e-05	5.347517492521669e-07	0.000000000000000e+00
6.956230937029076e-05	3.677075085413290e-07	0.000000000000000e+00
3.662088360374749e-05	6.609617108259514e-05	0.000000000000000e+00
2.457400573975761e-05	2.263350525946098e-06	0.000000000000000e+00
5.955838598797853e-05	2.625896771311370e-07	0.000000000000000e+00
5.946121856008960e-05	2.588360855096141e-07	0.000000000000000e+00
3.621885777587261e-05	3.252551686028061e-06	0.000000000000000e+00
7.947149743988334e-05	9.466731732662554e-06	0.000000000000000e+00
2.170352455712399e-05	1.106730961537560e-06	0.000000000000000e+00
6.970190500935365e-05	2.327235967741088e-07	0.000000000000000e+00
4.618911456686526e-05	4.049116411198013e-07	0.000000000000000e+00
4.610670922888704e-05	3.342127518047066e-07	0.000000000000000e+00
4.620442715457776e-05	3.047806275337650e-07	0.000000000000000e+00
2.769633386371264e-05	1.194313252590506e-06	0.000000000000000e+00
3.665285255059848e-05	2.366806887103762e-05	0.000000000000000e+00
6.377727705664184e-05	1.841901046713225e-06	0.000000000000000e+00
5.117018493458090e-05	3.019921335371520e-07	0.000000000000000e+00
9.241054008851527e-05	1.792874597911533e-05	0.000000000000000e+00
5.357817027457764e-05	7.393313188929735e-05	0.000000000000000e+00
6.679096266749066e-05	4.341271461709153e-08	0.000000000000000e+00
5.746763280753560e-05	5.673716301133400e-07	0.000000000000000e+00
6.155372389479162e-05	4.747891562845893e-08	0.000000000000000e+00
1.252170154594831e-05	6.026369397640277e-05	0.000000000000000e+00
6.362982492100844e-05	1.147844280313008e-06	0.000000000000000e+00
4.600417622122412e-05	-1.826989699512664e-05	0.000000000000000e+00
5.399645347905898e-05	-1.827254050087296e-05	0.000000000000000e+00
3.801325164540650e-05	-1.827059257667481e-05	0.000000000000000e+00
6.198674835453368e-05	-1.827059257666212e-05	0.000000000000000e+00
3.003492964143236e-05	-1.827965886870013e-05	0.000000000000000e+00
6.997893388960639e-05	-1.827306332454958e-05	0.000000000000000e+00
4.999966757690748e-05	-1.826898770227307e-05	0.000000000000000e+00
4.200853431992456e-05	-1.826873259892165e-05	0.000000000000000e+00
5.798987032949613e-05	-1.827220788611409e-05	0.000000000000000e+00
3.401857953123101e-05	-1.826929099739233e-05	0.000000000000000e+00
6.598142046872604e-05	-1.826929099738260e-05	0.000000000000000e+00
4.000000000003601e-05	-1.173205080757319e-05	0.000000000000000e+00
6.000000000003390e-05	-1.173205080756374e-05	0.000000000000000e+00
5.200000000005600e-05	-1.173205080756196e-05	0.000000000000000e+00
4.800000000005905e-05	-1.173205080756981e-05	0.000000000000000e+00
3.200000000001611e-05	-1.173205080757319e-05	0.000000000000000e+00
6.800000000001365e-05	-1.173205080756333e-05	0.000000000000000e+00
4.400000000004728e-05	-1.173205080757395e-05	0.000000000000000e+00
5.599979537795916e-05	-1.171575848755411e-05	0.000000000000000e+00
3.600000000002604e-05	-1.173205080757319e-05	0.000000000000000e+00
6.400000000002605e-05	-1.173205080756374e-05	0.000000000000000e+00
2.664014370757519e-05	-1.492085575092483e-05	0.000000000000000e+00
7.336894667703763e-05	-1.490517501369120e-05	0.000000000000000e+00
7.185663418004310e-05	-1.192008301500818e-05	0.000000000000000e+00
2.814343711751279e-05	-1.192003264069391e-05	0.000000000000000e+00
6.798129382026148e-05	-1.827048937209061e-05	0.000000000000000e+00
6.698118926931404e-05	-1.653943603970143e-05	0.000000000000000e+00
6.498220822888782e-05	-1.653894813318451e-05	0.000000000000000e+00
6.598041478354332e-05	-1.480841133199963e-05	0.000000000000000e+00
6.398226731172471e-05	-1.480843808458300e-05	0.000000000000000e+00
6.797900354418877e-05	-1.480750203435354e-05	0.000000000000000e+00
6.898011543296281e-05	-1.653898564679578e-05	0.000000000000000e+00
7.013551756781146e-05	-1.481828554628509e-05	0.000000000000000e+00
7.104736044038438e-05	-1.670513940870044e-05	0.000000000000000e+00
6.298453223102822e-05	-1.653913233121411e-05	0.000000000000000e+00
6.198492333384995e-05	-1.480897197861186e-05	0.000000000000000e+00
6.098719344109465e-05	-1.653937551173719e-05	0.000000000000000e+00
5.998785513295211e-05	-1.480911193259807e-05	0.000000000000000e+00
7.197471231712394e-05	-1.830321691060756e-05	0.000000000000000e+00
5.998975632237702e-05	-1.826951346169452e-05	0.000000000000000e+00
3.201982018780489e-05	-1.826838698999998e-05	0.000000000000000e+00
3.301899639866581e-05	-1.653908564269860e-05	0.000000000000000e+00
3.501859824910363e-05	-1.653884950746858e-05	0.000000000000000e+00
3.401958521641789e-05	-1.480841133201761e-05	0.000000000000000e+00
3.601773268823474e-05	-1.480843808460234e-05	0.000000000000000e+00
3.202099645577404e-05	-1.480750203437029e-05	0.000000000000000e+00
3.101639875166342e-05	-1.654207299494279e-05	0.000000000000000e+00
2.986465975116185e-05	-1.482077812391690e-05	0.000000000000000e+00
2.897807701987042e-05	-1.673177277273042e-05	0.000000000000000e+00
3.701560218193004e-05	-1.653911589360928e-05	0.000000000000000e+00
3.801507666610811e-05	-1.480897197863437e-05	0.000000000000000e+00
3.901298976355537e-05	-1.653887762043249e-05	0.000000000000000e+00
4.001214486700456e-05	-1.480911193262364e-05	0.000000000000000e+00
4.001024367755310e-05	-1.826951346172662e-05	0.000000000000000e+00
5.199826972537158e-05	-1.826929203417418e-05	0.000000000000000e+00
5.300095208984861e-05	-1.654324252042676e-05	0.000000000000000e+00
5.499653030180698e-05	-1.654629292144650e-05	0.000000000000000e+00
5.400289413619311e-05	-1.481625606435183e-05	0.000000000000000e+00
5.600016450982714e-05	-1.482091537767991e-05	0.000000000000000e+00
5.200612191295421e-05	-1.481229341592496e-05	0.000000000000000e+00
5.099979802274233e-05	-1.653955665159288e-05	0.000000000000000e+00
4.900048032235682e-05	-1.653868376507667e-05	0.000000000000000e+00
4.999965771488760e-05	-1.480878487809891e-05	0.000000000000000e+00
4.800211416174076e-05	-1.480849014280256e-05	0.000000000000000e+00
4.700310356797331e-05	-1.653829422940584e-05	0.000000000000000e+00
4.600490947730011e-05	-1.480806887221581e-05	0.000000000000000e+00
4.500557211292083e-05	-1.653775225561990e-05	0.000000000000000e+00
4.400774603806530e-05	-1.480726417054790e-05	0.000000000000000e+00
4.800125736497215e-05	-1.826931044864703e-05	0.000000000000000e+00
4.400697254648734e-05	-1.826902960996710e-05	0.000000000000000e+00
4.300806887888272e-05	-1.653785139670572e-05	0.000000000000000e+00
3.011745405938019e-05	-1.167902676480959e-05	0.000000000000000e+00
6.988254734400898e-05	-1.167907418906040e-05	0.000000000000000e+00
3.799991980292253e-05	-1.173200450575104e-05	0.000000000000000e+00
6.200008019713748e-05	-1.173200450574411e-05	0.000000000000000e+00
4.200007885745998e-05	-1.173200527922265e-05	0.000000000000000e+00
5.799939481992319e-05	-1.171475346236442e-05	0.000000000000000e+00
2.685255224039418e-05	-1.689182584035750e-05	0.000000000000000e+00
3.400008019712954e-05	-1.173200450575101e-05	0.000000000000000e+00
6.599991980291269e-05	-1.173200450574277e-05	0.000000000000000e+00
6.398361621005861e-05	-1.826958048413483e-05	0.000000000000000e+00
3.601624587829142e-05	-1.826951342203182e-05	0.000000000000000e+00
4.999991465106666e-05	-1.173200153130584e-05	0.000000000000000e+00
4.599992114263524e-05	-1.173200527922302e-05	0.000000000000000e+00
5.400059997687479e-05	-1.171497034672051e-05	0.000000000000000e+00
4.200994443272691e-05	-1.480598281843833e-05	0.000000000000000e+00
5.898936508720956e-05	-1.654184872970562e-05	0.000000000000000e+00
4.101032098994120e-05	-1.653834497147474e-05	0.000000000000000e+00
5.599153917583894e-05	-1.827456256353712e-05	0.000000000000000e+00
5.799399879046184e-05	-1.481128695272606e-05	0.000000000000000e+00
5.699357803244010e-05	-1.654451907186821e-05	0.000000000000000e+00
2.806415645515880e-05	-1.840728758826445e-05	0.000000000000000e+00
7.311536373427460e-05	-1.683814896027889e-05	0.000000000000000e+00
2.659528160374972e-05	-1.305093754352062e-05	0.000000000000000e+00
7.340624534327758e-05	-1.304833248303308e-05	0.000000000000000e+00
7.185336189026945e-05	-1.387673056416299e-05	0.000000000000000e+00
2.814890174972355e-05	-1.388088409321882e-05	0.000000000000000e+00
5.500154370691557e-05	-1.327179228357947e-05	0.000000000000000e+00
5.100474822234469e-05	-1.327352771649776e-05	0.000000000000000e+00
5.300505688788818e-05	-1.327254328554780e-05	0.000000000000000e+00
4.900171180624497e-05	-1.327096847538092e-05	0.000000000000000e+00
5.699735799474426e-05	-1.326802052295701e-05	0.000000000000000e+00
4.700260054006641e-05	-1.327053916105923e-05	0.000000000000000e+00
4.500416776807789e-05	-1.327034827305541e-05	0.000000000000000e+00
4.100863985259361e-05	-1.327219178882285e-05	0.000000000000000e+00
5.899274884085913e-05	-1.326980970865341e-05	0.000000000000000e+00
3.900876595496929e-05	-1.327161654562928e-05	0.000000000000000e+00
6.099146549394047e-05	-1.327121953225994e-05	0.000000000000000e+00
4.300509615816182e-05	-1.326997385627684e-05	0.000000000000000e+00
3.701002909706579e-05	-1.327150565526224e-05	0.000000000000000e+00
6.299000947775096e-05	-1.327143948636018e-05	0.000000000000000e+00
3.501140246864812e-05	-1.327148129580758e-05	0.000000000000000e+00
6.498860396048432e-05	-1.327147026765018e-05	0.000000000000000e+00
3.109404365016012e-05	-1.324356354400984e-05	0.000000000000000e+00
6.890597565735058e-05	-1.324319504697610e-05	0.000000000000000e+00
3.302435133135763e-05	-1.326583558658825e-05	0.000000000000000e+00
6.697565295808220e-05	-1.326577233238093e-05	0.000000000000000e+00
7.352347223306169e-05	-1.853100782524255e-05	0.000000000000000e+00
2.646719831202247e-05	-1.854046804779864e-05	0.000000000000000e+00
2.646410703755827e-05	-1.146409848450672e-05	0.000000000000000e+00
7.353589296244964e-05	-1.146409848450132e-05	0.000000000000000e+00
2.951594217175007e-05	-1.313217547668727e-05	0.000000000000000e+00
7.048420248406398e-05	-1.313182016820634e-05	0.000000000000000e+00
2.810972429672796e-05	-1.542715435650663e-05	0.000000000000000e+00
7.189305447231462e-05	-1.542272701201791e-05	0.000000000000000e+00
3.597833693719643e-05	-1.733837861540205e-07	0.000000000000000e+00
3.724544256917221e-05	-4.223933694235852e-07	0.000000000000000e+00
3.865271761365890e-05	-2.940803339941933e-07	0.000000000000000e+00
3.808617135160515e-05	-8.170009823707212e-08	0.000000000000000e+00
3.979000080581394e-05	-4.509964459255685e-07	0.000000000000000e+00
4.193505666050080e-05	-4.474562771885041e-07	0.000000000000000e+00
4.322694143503759e-05	-8.636625362191945e-08	0.000000000000000e+00
3.339069253892926e-05	-1.855169560341127e-07	0.000000000000000e+00
3.453739202744013e-05	-5.206660415261182e-07	0.000000000000000e+00
3.074985788050437e-05	-1.895810303680756e-07	0.000000000000000e+00
3.192774970986012e-05	-5.253010458003343e-07	0.000000000000000e+00
3.282416905634824e-05	-8.643023283856856e-08	0.000000000000000e+00
4.909502224660005e-05	-2.503758368379699e-07	0.000000000000000e+00
4.781512705695889e-05	-4.012713048882700e-07	0.000000000000000e+00
4.636420325864302e-05	-1.549468278585982e-07	0.000000000000000e+00
5.019560906484340e-05	-5.702495699005615e-07	0.000000000000000e+00
5.244816036802558e-05	-4.151275323904809e-07	0.000000000000000e+00
4.857820732358093e-05	-8.643023283845640e-08	0.000000000000000e+00
5.881750835745886e-05	-2.207389247165740e-07	0.000000000000000e+00
5.967988579009047e-05	-2.344826598252716e-07	0.000000000000000e+00
5.768579994001511e-05	-4.242538423642074e-07	0.000000000000000e+00
5.571771754608160e-05	-4.119348398938466e-07	0.000000000000000e+00
5.426260277696825e-05	-1.559974588194752e-07	0.000000000000000e+00
5.364982416244047e-05	-8.636625362150279e-08	0.000000000000000e+00
6.095451911457648e-05	-4.410824872919434e-07	0.000000000000000e+00
6.283883358137774e-05	-6.630497038872452e-07	0.000000000000000e+00
6.496730368424784e-05	-2.332467604346997e-07	0.000000000000000e+00
6.629593130927667e-05	-4.467342161390978e-07	0.000000000000000e+00
6.815078452588187e-05	-5.312873099787538e-07	0.000000000000000e+00
6.980470000198087e-05	-8.636625362183142e-08	0.000000000000000e+00
6.925580885194855e-05	-2.801479864017043e-07	0.000000000000000e+00
5.667297406288808e-05	-8.690050358192997e-08	0.000000000000000e+00
6.425954694718289e-05	-7.531751179204297e-08	0.000000000000000e+00
5.132384841694593e-05	-8.711000927806352e-08	0.000000000000000e+00
5.637426646677566e-05	-8.532221623501070e-08	0.000000000000000e+00
3.534795069273315e-05	-8.636625362192531e-08	0.000000000000000e+00
4.080462754377318e-05	-9.978935716349626e-08	0.000000000000000e+00
4.049503766109182e-05	-1.517050894282457e-07	0.000000000000000e+00
6.193047231953461e-05	-8.677869617092518e-08	0.000000000000000e+00
6.163019832246888e-05	-8.940401285848360e-08	0.000000000000000e+00
4.427444134741537e-05	-3.999919174814707e-07	0.000000000000000e+00
4.558775144848957e-05	-2.108349698522931e-07	0.000000000000000e+00
6.717447053007869e-05	-8.594442520671561e-08	0.000000000000000e+00
6.687660683660263e-05	-8.636625362133848e-08	0.000000000000000e+00
5.919553592155302e-05	-8.479346709275725e-08	0.000000000000000e+00
5.169012613616360e-05	-1.559631579589322e-07	0.000000000000000e+00
4.605103698734417e-05	-8.643023283856964e-08	0.000000000000000e+00
5.394904826950174e-05	-8.643023283863968e-08	0.000000000000000e+00
3.028880589838872e-05	-8.242398080048203e-08	0.000000000000000e+00
4.106095330350564e-05	-1.686228981461393e-07	0.000000000000000e+00
2.942479131367339e-05	-3.975681169853650e-07	0.000000000000000e+00
2.789334618580962e-05	-7.051550657075783e-08	0.000000000000000e+00
7.075624769197037e-05	-4.889732786469204e-07	0.000000000000000e+00
7.224782818274478e-05	-8.465469593747576e-08	0.000000000000000e+00
7.274646398052037e-05	-1.879254727730868e-07	0.000000000000000e+00
4.596001831496618e-05	-8.437519683458788e-06	0.000000000000000e+00
3.418663914532669e-05	-8.302652068269702e-06	0.000000000000000e+00
6.000090319882246e-05	-8.136762048749064e-06	0.000000000000000e+00
3.780125685179309e-05	-8.261510335749962e-06	0.000000000000000e+00
6.597697478381289e-05	-8.287576313811237e-06	0.000000000000000e+00
5.411067021370601e-05	-8.332593133289057e-06	0.000000000000000e+00
4.965816561735583e-05	-8.443751200138640e-06	0.000000000000000e+00
7.006162918149847e-05	-8.169093114852630e-06	0.000000000000000e+00
2.988731319904554e-05	-8.518675896453217e-06	0.000000000000000e+00
4.362585007325784e-05	-8.636625362192239e-08	0.000000000000000e+00
4.229266311378251e-05	-8.305550437186854e-06	0.000000000000000e+00
3.564717479979595e-05	-8.643023283848221e-08	0.000000000000000e+00
7.193872426955778e-05	-2.420822284316059e-07	0.000000000000000e+00
4.585154003983595e-05	-8.648436553781404e-08	0.000000000000000e+00
6.960524568287055e-05	-8.648458660123198e-08	0.000000000000000e+00
6.444394135559698e-05	-9.963641621863481e-08	0.000000000000000e+00
4.877756450381493e-05	-8.710698210167769e-08	0.000000000000000e+00
7.244728734160817e-05	-8.662751245363467e-08	0.000000000000000e+00
4.345219619773136e-05	-1.274537791362522e-07	0.000000000000000e+00
7.004647025243037e-05	-1.147331972090273e-07	0.000000000000000e+00
3.049448147669225e-05	-8.636625362192239e-08	0.000000000000000e+00
3.302366600385616e-05	-8.242148157140394e-08	0.000000000000000e+00
4.834545098178340e-05	-8.646009632555018e-08	0.000000000000000e+00
3.785269054718226e-05	-1.225703349166045e-07	0.000000000000000e+00
3.825903176150069e-05	-6.914026024867741e-08	0.000000000000000e+00
3.262280180757743e-05	-8.349952567740025e-08	0.000000000000000e+00
3.009831915118116e-05	-7.911428610000723e-08	0.000000000000000e+00
4.381762295954252e-05	-9.507844796400524e-08	0.000000000000000e+00
5.941113872287896e-05	-1.069115361247491e-07	0.000000000000000e+00
5.112256856941943e-05	-8.636625362133848e-08	0.000000000000000e+00
6.465063170261036e-05	-7.773908362543114e-08	0.000000000000000e+00
5.933352274454794e-05	-3.797293969641446e-07	0.000000000000000e+00
5.974183704198191e-05	-6.033834169492813e-07	0.000000000000000e+00
5.934313595604740e-05	-8.235094981139337e-07	0.000000000000000e+00
5.976827636733269e-05	-1.078954921035241e-06	0.000000000000000e+00
5.928491733798471e-05	-1.326147766548156e-06	0.000000000000000e+00
5.974887440220292e-05	-1.626963563153082e-06	0.000000000000000e+00
5.923171363272877e-05	-1.883874339520921e-06	0.000000000000000e+00
5.974960816274416e-05	-2.258277619249302e-06	0.000000000000000e+00
5.914008275025175e-05	-2.565545735008692e-06	0.000000000000000e+00
5.974295846164516e-05	-2.989333533135019e-06	0.000000000000000e+00
5.903015017684458e-05	-3.365537597952028e-06	0.000000000000000e+00
5.834470764784226e-05	-2.737033886869347e-06	0.000000000000000e+00
6.046151472184395e-05	-2.501650050645647e-06	0.000000000000000e+00
5.823461098126258e-05	-3.717606384193848e-06	0.000000000000000e+00
5.748913702211997e-05	-3.169797900668964e-06	0.000000000000000e+00
6.044403203443495e-05	-3.445912018348538e-06	0.000000000000000e+00
6.122540187265737e-05	-3.023494039972666e-06	0.000000000000000e+00
6.119887610448066e-05	-3.958088581793693e-06	0.000000000000000e+00
6.200271847100217e-05	-3.516811413044181e-06	0.000000000000000e+00
6.203131674977886e-05	-4.503329380536401e-06	0.000000000000000e+00
6.294741566118557e-05	-4.020937422774783e-06	0.000000000000000e+00
5.738869970194339e-05	-4.128960589571978e-06	0.000000000000000e+00
5.657851426048777e-05	-3.555238763116139e-06	0.000000000000000e+00
5.897492222054256e-05	-4.278755978622450e-06	0.000000000000000e+00
6.743829974332550e-05	-1.794159522818814e-07	0.000000000000000e+00
6.468274086864585e-05	-4.110406503518531e-07	0.000000000000000e+00
6.503163945066970e-05	-6.319504906074268e-07	0.000000000000000e+00
6.462607942165225e-05	-8.672824346350013e-07	0.000000000000000e+00
6.508146397157027e-05	-1.127906924390058e-06	0.000000000000000e+00
6.456724089938133e-05	-1.398372576631597e-06	0.000000000000000e+00
6.511333143402492e-05	-1.708268002188808e-06	0.000000000000000e+00
5.647671084032926e-05	-4.557411184425841e-06	0.000000000000000e+00
5.560581410711448e-05	-3.940900339171553e-06	0.000000000000000e+00
5.734977876282509e-05	-5.169351896916860e-06	0.000000000000000e+00
6.218715342038328e-05	-1.678739919070788e-07	0.000000000000000e+00
5.690298946222994e-05	-1.302991111594047e-07	0.000000000000000e+00
2.663593184803003e-05	-2.976767917153735e-06	0.000000000000000e+00
6.293222691471898e-05	-5.117938349236434e-06	0.000000000000000e+00
6.395841471230333e-05	-4.683994527468575e-06	0.000000000000000e+00
7.323092854555834e-05	-3.086511077313531e-06	0.000000000000000e+00
6.453295301921825e-05	-2.020380144063550e-06	0.000000000000000e+00
6.511126723302287e-05	-2.399126986043649e-06	0.000000000000000e+00
6.575568975712732e-05	-2.025262637809776e-06	0.000000000000000e+00
6.577295661706436e-05	-2.808390488440834e-06	0.000000000000000e+00
6.649188660637376e-05	-2.379662244737839e-06	0.000000000000000e+00
6.651128495099833e-05	-3.255343048182748e-06	0.000000000000000e+00
6.730335331375948e-05	-2.784277824753098e-06	0.000000000000000e+00
6.731633923091578e-05	-3.734273251546328e-06	0.000000000000000e+00
6.817619138414714e-05	-3.221560903524786e-06	0.000000000000000e+00
6.813683209804089e-05	-4.266457223564244e-06	0.000000000000000e+00
6.906478910299272e-05	-3.683804436916584e-06	0.000000000000000e+00
6.905792594499735e-05	-2.681819433439887e-06	0.000000000000000e+00
5.869377845298778e-05	-1.545358230816733e-06	0.000000000000000e+00
5.663775377109549e-05	-2.594559412360855e-06	0.000000000000000e+00
5.899646561390296e-05	-9.071812985202647e-08	0.000000000000000e+00
7.024979122240469e-05	-2.067948011805669e-07	0.000000000000000e+00
7.001946188864972e-05	-3.457089597177135e-07	0.000000000000000e+00
6.652009194896841e-05	-4.221797104410337e-06	0.000000000000000e+00
6.191158736783968e-05	-2.571214937333977e-06	0.000000000000000e+00
6.995857193540562e-05	-3.125900264960142e-06	0.000000000000000e+00
6.980614221594741e-05	-4.314324298956678e-06	0.000000000000000e+00
6.993415862718190e-05	-2.388061655649940e-07	0.000000000000000e+00
6.396655295377313e-05	-1.652201160442591e-06	0.000000000000000e+00
3.504513498997475e-05	-2.178674312909876e-07	0.000000000000000e+00
5.549359504785670e-05	-5.020385488763588e-06	0.000000000000000e+00
5.463725018433256e-05	-4.321552471209451e-06	0.000000000000000e+00
5.476488912432674e-05	-3.297975072205537e-06	0.000000000000000e+00
5.385494678311049e-05	-3.647965572741314e-06	0.000000000000000e+00
5.404857006423751e-05	-2.735149113108907e-06	0.000000000000000e+00
5.314225741182180e-05	-3.034194436054696e-06	0.000000000000000e+00
5.294117361221506e-05	-3.977450688599477e-06	0.000000000000000e+00
5.217361684436099e-05	-3.347155510931017e-06	0.000000000000000e+00
5.199898171494198e-05	-4.278183166737729e-06	0.000000000000000e+00
5.126509488283244e-05	-3.601101062097256e-06	0.000000000000000e+00
5.144401918652850e-05	-2.716635027691251e-06	0.000000000000000e+00
5.056878579705382e-05	-2.906501271228584e-06	0.000000000000000e+00
5.032071074853066e-05	-3.861567822368298e-06	0.000000000000000e+00
4.963445484609116e-05	-3.136173168791885e-06	0.000000000000000e+00
4.935471551081285e-05	-4.099082413516718e-06	0.000000000000000e+00
4.868431805642459e-05	-3.383096810662342e-06	0.000000000000000e+00
4.837653048189153e-05	-4.338008401701556e-06	0.000000000000000e+00
4.766499080851454e-05	-3.476848716526646e-06	0.000000000000000e+00
4.892084198020892e-05	-2.501523362935172e-06	0.000000000000000e+00
4.735702315821263e-05	-4.595285965685918e-06	0.000000000000000e+00
4.667008205299646e-05	-3.810937313932595e-06	0.000000000000000e+00
4.688261900616236e-05	-2.893734096050800e-06	0.000000000000000e+00
4.603620482606690e-05	-3.117082387705396e-06	0.000000000000000e+00
4.568550922908480e-05	-4.005398442354414e-06	0.000000000000000e+00
4.513295846881198e-05	-3.299841156647008e-06	0.000000000000000e+00
4.469422649155936e-05	-4.179751093252135e-06	0.000000000000000e+00
4.409582144792968e-05	-3.274897012351165e-06	0.000000000000000e+00
4.633844306323723e-05	-2.291468234261857e-06	0.000000000000000e+00
4.366034946154821e-05	-4.362171828725928e-06	0.000000000000000e+00
4.303888512995148e-05	-3.514731615505558e-06	0.000000000000000e+00
4.334431344952429e-05	-2.600130173668393e-06	0.000000000000000e+00
4.240916399377744e-05	-2.738383630863448e-06	0.000000000000000e+00
4.201570392286203e-05	-3.611940220466496e-06	0.000000000000000e+00
4.144708215750369e-05	-2.812504755965995e-06	0.000000000000000e+00
4.102985480278674e-05	-3.679223463259495e-06	0.000000000000000e+00
4.050824974625192e-05	-2.870707199047638e-06	0.000000000000000e+00
4.005075221921611e-05	-3.739321899083594e-06	0.000000000000000e+00
3.950971888871223e-05	-2.887566384206934e-06	0.000000000000000e+00
3.906390617457585e-05	-3.787741410551441e-06	0.000000000000000e+00
3.852897429563820e-05	-3.050563114427913e-06	0.000000000000000e+00
3.808997723728942e-05	-3.853609663654171e-06	0.000000000000000e+00
3.758344986600421e-05	-3.067899182321292e-06	0.000000000000000e+00
3.714374181322273e-05	-3.896021603965580e-06	0.000000000000000e+00
3.664771699974531e-05	-3.012020998602896e-06	0.000000000000000e+00
3.620919516681297e-05	-3.927115492651691e-06	0.000000000000000e+00
3.575010899836489e-05	-3.195340318592747e-06	0.000000000000000e+00
3.531332312422042e-05	-3.977273756189943e-06	0.000000000000000e+00
3.481062146305916e-05	-3.224133343581716e-06	0.000000000000000e+00
3.441030066335537e-05	-4.026326433126286e-06	0.000000000000000e+00
3.389034052369105e-05	-3.306329202144722e-06	0.000000000000000e+00
3.351097821135900e-05	-4.096163398362816e-06	0.000000000000000e+00
3.303346341849157e-05	-3.358703183014752e-06	0.000000000000000e+00
3.261553388238900e-05	-4.153548720904004e-06	0.000000000000000e+00
3.213016917874373e-05	-3.277715582639926e-06	0.000000000000000e+00
3.340469041738703e-05	-2.627601970738551e-06	0.000000000000000e+00
3.169386338398550e-05	-4.201677081118705e-06	0.000000000000000e+00
3.121796502144559e-05	-3.408451766227347e-06	0.000000000000000e+00
3.070392964302565e-05	-4.140995081633679e-06	0.000000000000000e+00
3.600786175940907e-05	-2.510876973955663e-06	0.000000000000000e+00
3.154324510599710e-05	-2.636384566308125e-06	0.000000000000000e+00
3.076019085940955e-05	-2.677821018604205e-06	0.000000000000000e+00
3.568023143070993e-05	-4.791682749614433e-06	0.000000000000000e+00
3.118908093907742e-05	-1.951272363193744e-06	0.000000000000000e+00
3.186253754402635e-05	-2.088383244514318e-06	0.000000000000000e+00
3.960215862821609e-05	-4.616998218662002e-06	0.000000000000000e+00
4.093496012439349e-05	-2.075998653568388e-06	0.000000000000000e+00
3.225140960788989e-05	-5.114505247417289e-06	0.000000000000000e+00
3.038014869767860e-05	-2.015222025793955e-06	0.000000000000000e+00
2.995667209540129e-05	-2.724170155685845e-06	0.000000000000000e+00
5.482909416789685e-05	-2.422786462867807e-06	0.000000000000000e+00
5.420260633131326e-05	-1.921742879834673e-06	0.000000000000000e+00
3.805871547191754e-05	-2.230111636574176e-06	0.000000000000000e+00
4.158540977482693e-05	-4.587249250597002e-06	0.000000000000000e+00
4.712904632548090e-05	-2.033219536783200e-06	0.000000000000000e+00
4.653397843562571e-05	-1.580243913547036e-06	0.000000000000000e+00
4.590667940944304e-05	-1.757248891684494e-06	0.000000000000000e+00
3.765016583761001e-05	-4.736978134451033e-06	0.000000000000000e+00
3.411059111763655e-05	-4.864698063908900e-06	0.000000000000000e+00
6.023005524579347e-05	-1.354537627640354e-06	0.000000000000000e+00
6.986593547866027e-05	-2.158644151615255e-06	0.000000000000000e+00
5.003330433037519e-05	-4.762714686867899e-06	0.000000000000000e+00
4.435241644014639e-05	-5.261205896257949e-06	0.000000000000000e+00
6.109934348339851e-05	-5.018129354482918e-06	0.000000000000000e+00
4.613004222161677e-05	-1.160820878168137e-06	0.000000000000000e+00
4.548439021935690e-05	-1.209393001667911e-06	0.000000000000000e+00
4.812803629711440e-05	-5.432771772761707e-06	0.000000000000000e+00
5.272961497943042e-05	-5.024573914535980e-06	0.000000000000000e+00
3.076335014095739e-05	-1.434449128263556e-06	0.000000000000000e+00
2.957698063568712e-05	-2.009664798595856e-06	0.000000000000000e+00
4.664486888420009e-05	-1.053205759354406e-06	0.000000000000000e+00
5.086867878268959e-05	-2.063840443026136e-06	0.000000000000000e+00
4.275177537243329e-05	-1.884519052790709e-06	0.000000000000000e+00
4.360186298943945e-05	-1.796302434192475e-06	0.000000000000000e+00
4.316623447860895e-05	-1.246449483119278e-06	0.000000000000000e+00
6.389708831290898e-05	-5.738011125249642e-06	0.000000000000000e+00
6.280135046907580e-05	-6.357318925674942e-06	0.000000000000000e+00
5.170991423654803e-05	-1.877695912760581e-06	0.000000000000000e+00
2.666102479997848e-05	-6.609404950039914e-07	0.000000000000000e+00
2.745299033859136e-05	-8.636625362192531e-08	0.000000000000000e+00
5.484531363434439e-05	-1.626758481393516e-06	0.000000000000000e+00
5.427508490123702e-05	-1.261501861769227e-06	0.000000000000000e+00
5.373908160652766e-05	-1.497483576707839e-06	0.000000000000000e+00
6.390441595395618e-05	-2.354325082851411e-06	0.000000000000000e+00
2.855435586977911e-05	-4.391242868754566e-07	0.000000000000000e+00
5.382384456937705e-05	-8.793167655241645e-07	0.000000000000000e+00
4.530981040896749e-05	-1.810124155441032e-06	0.000000000000000e+00
6.719448728658379e-05	-1.906691919514543e-06	0.000000000000000e+00
7.072123103251559e-05	-2.516170391981588e-06	0.000000000000000e+00
2.901837081917478e-05	-2.701871128320528e-06	0.000000000000000e+00
2.867535669682952e-05	-1.871399756089404e-06	0.000000000000000e+00
5.331505204918603e-05	-1.098523626030177e-06	0.000000000000000e+00
4.486186867666199e-05	-1.357348547587433e-06	0.000000000000000e+00
5.082178509018109e-05	-2.468967887677757e-07	0.000000000000000e+00
5.109349677537688e-05	-1.366074424252185e-06	0.000000000000000e+00
5.036220481683740e-05	-1.524810127777110e-06	0.000000000000000e+00
5.315951246029375e-05	-1.697500760088489e-06	0.000000000000000e+00
6.907627838726140e-05	-1.768940183412210e-06	0.000000000000000e+00
4.703967284794050e-05	-5.692430250931433e-06	0.000000000000000e+00
4.784131692132122e-05	-6.630852253044314e-06	0.000000000000000e+00
7.314774925918052e-05	-6.939703694788635e-06	0.000000000000000e+00
2.661910319239295e-05	-6.977804659387025e-06	0.000000000000000e+00
4.322428720504449e-05	-5.450652138737577e-06	0.000000000000000e+00
4.396041551504741e-05	-6.409127357212013e-06	0.000000000000000e+00
4.469825810454116e-05	-5.156917511206834e-07	0.000000000000000e+00
5.429576334860868e-05	-7.819644212346909e-07	0.000000000000000e+00
5.502347169745591e-05	-4.314377389679943e-07	0.000000000000000e+00
5.449177841085975e-05	-5.447824116298859e-06	0.000000000000000e+00
5.540150049792486e-05	-6.220907909541181e-06	0.000000000000000e+00
6.330657643500680e-05	-1.911591679386375e-06	0.000000000000000e+00
6.140237116615283e-05	-2.522132849093148e-07	0.000000000000000e+00
6.667166703501937e-05	-2.429860943486718e-07	0.000000000000000e+00
5.547236194330257e-05	-2.031677295307419e-06	0.000000000000000e+00
4.257707718200042e-05	-3.902578042842352e-07	0.000000000000000e+00
4.225921648012246e-05	-8.908058097529270e-07	0.000000000000000e+00
4.175224143285578e-05	-9.540124349027579e-07	0.000000000000000e+00
6.403341424276763e-05	-2.918185588876799e-07	0.000000000000000e+00
6.548530100511089e-05	-8.187019848067618e-07	0.000000000000000e+00
6.486470181226426e-05	-3.246368914184789e-06	0.000000000000000e+00
5.167223620155241e-05	-5.462334458477865e-06	0.000000000000000e+00
4.467005457676655e-05	-1.914744002738577e-06	0.000000000000000e+00
6.938929713725329e-05	-1.029620807455088e-07	0.000000000000000e+00
2.979615059566419e-05	-2.334285021039927e-07	0.000000000000000e+00
4.375974887852631e-05	-1.149345395034154e-06	0.000000000000000e+00
4.338499389840875e-05	-7.507161276267101e-07	0.000000000000000e+00
7.203686960072019e-05	-1.015502165154830e-07	0.000000000000000e+00
6.976297742443220e-05	-1.286721267738216e-06	0.000000000000000e+00
4.724991502722129e-05	-5.366080563641621e-07	0.000000000000000e+00
4.749301008038346e-05	-9.202191462022516e-07	0.000000000000000e+00
4.805030739912313e-05	-9.068174148129737e-07	0.000000000000000e+00
5.259672378477641e-05	-6.204500361044902e-06	0.000000000000000e+00
6.386937472364482e-05	-7.054437844023976e-06	0.000000000000000e+00
5.169257471933106e-05	-1.135290500935706e-06	0.000000000000000e+00
4.899516608953986e-05	-1.025591757882178e-07	0.000000000000000e+00
3.268621755652601e-05	-2.652396145858793e-06	0.000000000000000e+00
3.300721793821639e-05	-1.997495623721366e-06	0.000000000000000e+00
3.364916513506047e-05	-1.997781799871559e-06	0.000000000000000e+00
3.334006768087004e-05	-1.491237304032015e-06	0.000000000000000e+00
3.382832687494745e-05	-1.473814276445249e-06	0.000000000000000e+00
3.418849320821832e-05	-1.869276519899125e-06	0.000000000000000e+00
3.433064049480365e-05	-1.341386737733038e-06	0.000000000000000e+00
3.468831755056688e-05	-1.764927550751588e-06	0.000000000000000e+00
3.487448495453567e-05	-1.304944655763665e-06	0.000000000000000e+00
3.351705551054836e-05	-1.083926445487731e-06	0.000000000000000e+00
3.311708416785961e-05	-1.073066543391023e-06	0.000000000000000e+00
3.518547468439292e-05	-1.672925608864441e-06	0.000000000000000e+00
3.532216957008283e-05	-1.222292841068706e-06	0.000000000000000e+00
3.502727975006039e-05	-8.763101941708381e-07	0.000000000000000e+00
3.546034174196045e-05	-8.360483802656264e-07	0.000000000000000e+00
3.572442980514572e-05	-1.116130532337817e-06	0.000000000000000e+00
3.582028046607436e-05	-7.731449380072219e-07	0.000000000000000e+00
3.611192979500610e-05	-1.026701782285556e-06	0.000000000000000e+00
3.622888303606107e-05	-6.387299791249920e-07	0.000000000000000e+00
3.654876572926383e-05	-9.467714581044977e-07	0.000000000000000e+00
3.640313896718139e-05	-1.384555775665610e-06	0.000000000000000e+00
3.689209433106373e-05	-1.304091164644986e-06	0.000000000000000e+00
3.556092555771279e-05	-5.181283143162800e-07	0.000000000000000e+00
3.525713920579663e-05	-5.884721615732468e-07	0.000000000000000e+00
3.328660018374981e-05	-6.812883293984836e-07	0.000000000000000e+00
3.292197986354404e-05	-7.319631961899497e-07	0.000000000000000e+00
3.273878689876536e-05	-1.048405679703398e-06	0.000000000000000e+00
3.258529108629621e-05	-6.583995872157685e-07	0.000000000000000e+00
3.236853028458599e-05	-9.915460105421527e-07	0.000000000000000e+00
3.253498159799043e-05	-1.349560986608792e-06	0.000000000000000e+00
3.272820083999527e-05	-4.415480845224318e-07	0.000000000000000e+00
3.719426782149737e-05	-2.355903919880549e-06	0.000000000000000e+00
3.367586067954270e-05	-6.761688083476938e-07	0.000000000000000e+00
3.458877260386137e-05	-9.843343439932444e-07	0.000000000000000e+00
5.340961774703024e-05	-5.720633702800430e-07	0.000000000000000e+00
3.501982805438201e-05	-2.174913076841098e-06	0.000000000000000e+00
3.243403195147237e-05	-2.162914655712787e-07	0.000000000000000e+00
6.506261872518942e-05	-5.351629756743698e-06	0.000000000000000e+00
3.766788407737267e-05	-2.340988216475753e-07	0.000000000000000e+00
3.796299484945348e-05	-3.626302080060699e-07	0.000000000000000e+00
3.796982299879148e-05	-2.026323227384022e-07	0.000000000000000e+00
4.631259265010853e-05	-6.737009935455915e-07	0.000000000000000e+00
4.583036002434871e-05	-7.886562796590214e-07	0.000000000000000e+00
3.133529548201602e-05	-1.352874502950115e-06	0.000000000000000e+00
3.102142879240302e-05	-9.612649803187390e-07	0.000000000000000e+00
3.057037796075405e-05	-9.844516399876864e-07	0.000000000000000e+00
3.153241658180506e-05	-9.114884418797220e-07	0.000000000000000e+00
3.182096589380377e-05	-1.282370503842022e-06	0.000000000000000e+00
6.914819817938155e-05	-1.039921450828428e-06	0.000000000000000e+00
3.496644210237943e-05	-5.583422891613209e-07	0.000000000000000e+00
4.814936649094531e-05	-2.664281478376996e-06	0.000000000000000e+00
4.835012969987550e-05	-1.952847101351410e-06	0.000000000000000e+00
4.912088498609624e-05	-1.666862476762501e-06	0.000000000000000e+00
4.963356386007933e-05	-2.195632883136432e-06	0.000000000000000e+00
7.264041027208438e-05	-9.673311722784999e-08	0.000000000000000e+00
3.906953810388368e-05	-3.441690349323083e-07	0.000000000000000e+00
3.931090252450159e-05	-8.617577359802495e-07	0.000000000000000e+00
3.987656190074810e-05	-1.055321807958499e-06	0.000000000000000e+00
3.941271393114423e-05	-1.472010641445658e-06	0.000000000000000e+00
3.881366345379804e-05	-1.301273661356539e-06	0.000000000000000e+00
4.035058425648735e-05	-7.018586690821051e-07	0.000000000000000e+00
4.903971066020057e-05	-6.272658890208014e-06	0.000000000000000e+00
4.030112889926047e-05	-2.504845374779521e-07	0.000000000000000e+00
5.537058842784537e-05	-9.120376278410482e-07	0.000000000000000e+00
5.602871868129668e-05	-9.551655755265355e-07	0.000000000000000e+00
3.012670183056360e-05	-1.341848412281078e-06	0.000000000000000e+00
2.996580544934971e-05	-8.650672169807465e-07	0.000000000000000e+00
3.027673440217879e-05	-5.448348820997872e-07	0.000000000000000e+00
5.122310211471839e-05	-7.732983664363830e-07	0.000000000000000e+00
6.325363673001969e-05	-2.639419422501889e-06	0.000000000000000e+00
4.290932520188612e-05	-1.999055295304104e-07	0.000000000000000e+00
6.413558132030863e-05	-1.172525113386622e-07	0.000000000000000e+00
3.765634544469839e-05	-5.883046134789297e-07	0.000000000000000e+00
3.795827294724982e-05	-7.352314867237160e-07	0.000000000000000e+00
3.769399325535044e-05	-1.079845168535388e-06	0.000000000000000e+00
7.049209116954479e-05	-1.594744349142689e-06	0.000000000000000e+00
7.136020537765673e-05	-1.858028596782352e-06	0.000000000000000e+00
3.889947316067334e-05	-1.917316775497631e-06	0.000000000000000e+00
6.676121873646017e-05	-9.910125034814161e-08	0.000000000000000e+00
6.151158042937748e-05	-1.011560965489893e-07	0.000000000000000e+00
5.272437087402784e-05	-1.305680308281493e-06	0.000000000000000e+00
5.248846819696864e-05	-1.887302612574599e-06	0.000000000000000e+00
6.841844633533917e-05	-1.235038127992589e-06	0.000000000000000e+00
7.389095331856142e-05	-6.914464716421705e-07	0.000000000000000e+00
4.040466739017387e-05	-1.245697671921624e-06	0.000000000000000e+00
5.888222699873796e-05	-9.769028207478971e-08	0.000000000000000e+00
6.396463959598417e-05	-3.067447194192583e-06	0.000000000000000e+00
3.422533898313036e-05	-9.519823132110301e-07	0.000000000000000e+00
2.965953619774401e-05	-3.732313826143660e-06	0.000000000000000e+00
2.849184721817716e-05	-3.619983430225857e-06	0.000000000000000e+00
2.905248189661488e-05	-4.788779584090945e-06	0.000000000000000e+00
2.781738292425926e-05	-4.815722479770810e-06	0.000000000000000e+00
3.630767573594476e-05	-2.844341583771919e-07	0.000000000000000e+00
4.528284708673680e-05	-6.198902109529927e-06	0.000000000000000e+00
3.371617454885961e-05	-2.626524279440833e-07	0.000000000000000e+00
5.400025883444257e-05	-4.754790032128200e-07	0.000000000000000e+00
6.273463242392462e-05	-7.873178326705999e-06	0.000000000000000e+00
3.304313715539014e-05	-5.032016103204881e-07	0.000000000000000e+00
3.288735266912489e-05	-3.776684873813044e-07	0.000000000000000e+00
3.288641168493714e-05	-5.309122413370259e-07	0.000000000000000e+00
3.301398343102894e-05	-3.369257432622354e-07	0.000000000000000e+00
6.012562245502157e-05	-3.718462207175159e-07	0.000000000000000e+00
4.185975103787650e-05	-2.102293334032212e-06	0.000000000000000e+00
2.852499770826236e-05	-5.916016122247029e-06	0.000000000000000e+00
2.979567667275228e-05	-5.927294883690404e-06	0.000000000000000e+00
5.148432891720548e-05	-6.834682052028659e-06	0.000000000000000e+00
3.079970037278398e-05	-5.691051079997842e-07	0.000000000000000e+00
3.119105416310940e-05	-5.472084986323039e-07	0.000000000000000e+00
3.536990939220715e-05	-3.486740156972926e-07	0.000000000000000e+00
3.552806477864949e-05	-3.221619452567259e-07	0.000000000000000e+00
4.078865008545678e-05	-8.650546480648044e-07	0.000000000000000e+00
7.172128223032086e-05	-2.870475633880715e-06	0.000000000000000e+00
2.585081858208232e-05	-8.438806533016466e-07	0.000000000000000e+00
5.170510513483325e-05	-6.671178991227365e-07	0.000000000000000e+00
4.543381297308058e-05	-7.583881464029228e-07	0.000000000000000e+00
6.144006995502960e-05	-6.988161961557519e-06	0.000000000000000e+00
7.337274846877203e-05	-4.859632339605776e-06	0.000000000000000e+00
7.176715453988118e-05	-5.820190493277127e-06	0.000000000000000e+00
4.015168979473669e-05	-2.208320219970618e-06	0.000000000000000e+00
2.935440439933840e-05	-1.264322884297292e-06	0.000000000000000e+00
2.855313974185966e-05	-1.169617844438882e-06	0.000000000000000e+00
2.796063708692713e-05	-1.524849143942121e-06	0.000000000000000e+00
3.597062768362521e-05	-8.366812494724743e-06	0.000000000000000e+00
3.504646826290981e-05	-6.792698986829708e-06	0.000000000000000e+00
3.341722291737701e-05	-6.888692223465736e-06	0.000000000000000e+00
3.245510660596310e-05	-7.938917197645346e-06	0.000000000000000e+00
3.672837564136557e-05	-6.947353270075980e-06	0.000000000000000e+00
3.833691005603776e-05	-6.597897777083321e-06	0.000000000000000e+00
3.949054790472700e-05	-7.801042862131937e-06	0.000000000000000e+00
3.990798622388198e-05	-6.362157388195747e-06	0.000000000000000e+00
5.753557988697298e-05	-2.300030131265944e-06	0.000000000000000e+00
5.694582319609471e-05	-1.810566222470978e-06	0.000000000000000e+00
5.760043217235733e-05	-1.640067608117799e-06	0.000000000000000e+00
5.713788607727177e-05	-1.177766337756192e-06	0.000000000000000e+00
4.777057549663724e-05	-1.463277505982514e-06	0.000000000000000e+00
6.798266533852921e-05	-8.341509584002809e-06	0.000000000000000e+00
6.715597636620276e-05	-6.877989434625699e-06	0.000000000000000e+00
6.878034085336395e-05	-6.859148822273235e-06	0.000000000000000e+00
4.408660442855249e-05	-8.584327862404587e-06	0.000000000000000e+00
3.584658649050831e-05	-1.500311247658778e-07	0.000000000000000e+00
3.588629086530951e-05	-3.300224578043857e-07	0.000000000000000e+00
3.578186927834394e-05	-2.586819958463288e-07	0.000000000000000e+00
5.476052500794101e-05	-9.835612645033649e-07	0.000000000000000e+00
4.441200606314882e-05	-9.037175565462272e-07	0.000000000000000e+00
5.899911847918279e-05	-6.122898672406131e-07	0.000000000000000e+00
4.148583187898311e-05	-4.737754224687062e-07	0.000000000000000e+00
6.123605395224108e-05	-2.151984618270278e-06	0.000000000000000e+00
6.186034082240682e-05	-1.721975408494377e-06	0.000000000000000e+00
6.124497875844689e-05	-1.330714092900441e-06	0.000000000000000e+00
6.186813466749242e-05	-9.846323071568733e-07	0.000000000000000e+00
6.242504576263034e-05	-1.281506817001377e-06	0.000000000000000e+00
6.341864181081933e-05	-1.166399178367270e-06	0.000000000000000e+00
4.126333301951890e-05	-2.223764444293894e-07	0.000000000000000e+00
6.537947434977865e-05	-3.594941079846669e-07	0.000000000000000e+00
6.638737139902080e-05	-1.527419024637419e-06	0.000000000000000e+00
6.712914318691826e-05	-1.153386725061187e-06	0.000000000000000e+00
5.228488283884435e-05	-8.396909581914673e-06	0.000000000000000e+00
6.813872587804045e-05	-2.140566348374878e-06	0.000000000000000e+00
5.065728300112594e-05	-8.856284301954565e-07	0.000000000000000e+00
3.197731035845064e-05	-6.394696392833663e-06	0.000000000000000e+00
3.827479108143727e-05	-1.090223897043497e-06	0.000000000000000e+00
3.740352330251342e-05	-1.651074993289091e-06	0.000000000000000e+00
4.600752025115635e-05	-4.306140227141513e-07	0.000000000000000e+00
2.802350724275878e-05	-8.569097268838712e-07	0.000000000000000e+00
5.569414108770630e-05	-2.962820193929944e-06	0.000000000000000e+00
2.728107573430146e-05	-1.090513013523098e-06	0.000000000000000e+00
2.645213220922701e-05	-1.579105521043157e-06	0.000000000000000e+00
3.415844042870769e-05	-2.588349817682325e-06	0.000000000000000e+00
5.808258983213182e-05	-8.336930990939031e-06	0.000000000000000e+00
5.897063267300298e-05	-6.680546848645354e-06	0.000000000000000e+00
5.616329699849522e-05	-8.265213000492208e-06	0.000000000000000e+00
5.739051079668280e-05	-6.778325609739281e-06	0.000000000000000e+00
7.117034859596578e-05	-1.145173947452384e-06	0.000000000000000e+00
7.180887745203395e-05	-1.251707702417571e-06	0.000000000000000e+00
7.159533308449645e-05	-7.453073203348871e-07	0.000000000000000e+00
7.211245655229688e-05	-7.555202694857012e-07	0.000000000000000e+00
7.252156794985452e-05	-1.261221312316983e-06	0.000000000000000e+00
7.229982926105103e-05	-1.988172012529653e-06	0.000000000000000e+00
6.959884194337245e-05	-7.625858105199917e-07	0.000000000000000e+00
3.194201274407443e-05	-8.832164885893334e-07	0.000000000000000e+00
4.074450209024482e-05	-5.167531841985570e-07	0.000000000000000e+00
7.032133939990765e-05	-5.538309336776327e-07	0.000000000000000e+00
3.322312032296619e-05	-1.506571589825392e-07	0.000000000000000e+00
3.321727709494920e-05	-3.454061882994227e-07	0.000000000000000e+00
4.287126349325189e-05	-7.820981533166191e-07	0.000000000000000e+00
5.816981649990118e-05	-1.959598901628486e-06	0.000000000000000e+00
3.563746056068804e-05	-1.550977665269285e-06	0.000000000000000e+00
4.781834947596939e-05	-8.265251564686740e-06	0.000000000000000e+00
5.414845996021348e-05	-9.058367867047373e-08	0.000000000000000e+00
4.625023436929453e-05	-9.229551045999616e-08	0.000000000000000e+00
5.446381492992055e-05	-1.762213131343223e-07	0.000000000000000e+00
5.648936855165181e-05	-1.347310903611420e-06	0.000000000000000e+00
5.661658073655421e-05	-7.934986393083772e-07	0.000000000000000e+00
5.705641490393315e-05	-6.882129521541741e-07	0.000000000000000e+00
5.623481207092799e-05	-4.979815881317874e-07	0.000000000000000e+00
5.626144398842966e-05	-1.952905444753165e-06	0.000000000000000e+00
5.655452885057150e-05	-4.205989844491432e-07	0.000000000000000e+00
4.657075531383345e-05	-1.590958644116765e-07	0.000000000000000e+00
6.804605435522839e-05	-5.477885572271770e-06	0.000000000000000e+00
6.936188647992198e-05	-5.497137306998094e-06	0.000000000000000e+00
7.024717980525779e-05	-6.601228052880635e-06	0.000000000000000e+00
3.156112398694265e-05	-5.231395082682545e-07	0.000000000000000e+00
7.332697666262141e-05	-1.689827725784366e-06	0.000000000000000e+00
5.747774200653413e-05	-7.797220680818771e-07	0.000000000000000e+00
5.797071001347911e-05	-8.765785998209129e-07	0.000000000000000e+00
5.677495415075076e-05	-8.964950444606133e-08	0.000000000000000e+00
5.671877645632591e-05	-1.731753851892422e-07	0.000000000000000e+00
5.662077644855666e-05	-1.719268094154395e-07	0.000000000000000e+00
5.666963410957746e-05	-2.991873108660441e-07	0.000000000000000e+00
5.679553323797660e-05	-3.064475557078264e-07	0.000000000000000e+00
5.656901137496889e-05	-2.571354321384117e-07	0.000000000000000e+00
5.652183793380352e-05	-1.702458818364877e-07	0.000000000000000e+00
5.646904570055965e-05	-2.544998202251422e-07	0.000000000000000e+00
6.203131192491570e-05	-8.527747781069114e-08	0.000000000000000e+00
4.887844364015258e-05	-9.059628317178585e-08	0.000000000000000e+00
4.882436397330818e-05	-1.749150464274115e-07	0.000000000000000e+00
5.709140199407857e-05	-1.512415796287196e-07	0.000000000000000e+00
2.793334719499409e-05	-2.616835446293666e-06	0.000000000000000e+00
7.193082837436256e-05	-4.289813839472267e-06	0.000000000000000e+00
4.248306497528303e-05	-6.543953313826131e-06	0.000000000000000e+00
6.649227935017492e-05	-5.389405178527584e-06	0.000000000000000e+00
6.574844289629803e-05	-6.616065595800811e-06	0.000000000000000e+00
6.727896923380730e-05	-9.617130287721808e-08	0.000000000000000e+00
7.253547349991846e-05	-7.152405851026732e-08	0.000000000000000e+00
7.253014460763445e-05	-1.465283702485256e-07	0.000000000000000e+00
6.020307107573206e-05	-8.227579665792826e-07	0.000000000000000e+00
7.203254540721675e-05	-8.456344603282369e-06	0.000000000000000e+00
2.803733370888523e-05	-8.314552438533684e-06	0.000000000000000e+00
4.710097105079133e-05	-1.334550744038398e-06	0.000000000000000e+00
4.828302211385699e-05	-5.458067996667404e-07	0.000000000000000e+00
4.855401076645170e-05	-8.575071259113904e-07	0.000000000000000e+00
4.861837627038893e-05	-5.177293267845057e-07	0.000000000000000e+00
4.892620887772240e-05	-7.360817678965726e-07	0.000000000000000e+00
4.886010451759184e-05	-1.116023511002905e-06	0.000000000000000e+00
4.929039684195791e-05	-1.011450683754688e-06	0.000000000000000e+00
4.936782656967240e-05	-4.688324938906778e-07	0.000000000000000e+00
4.976810120651603e-05	-8.051695750198349e-07	0.000000000000000e+00
4.966868065205706e-05	-1.320760605495565e-06	0.000000000000000e+00
6.774033235358508e-05	-1.443906323790042e-06	0.000000000000000e+00
6.173081718247998e-05	-9.051359200439953e-08	0.000000000000000e+00
6.168113194279585e-05	-1.729687939994600e-07	0.000000000000000e+00
3.554736948817843e-05	-8.644089604159509e-08	0.000000000000000e+00
3.559727068904336e-05	-1.719180413302177e-07	0.000000000000000e+00
3.549741731833947e-05	-1.716843725275610e-07	0.000000000000000e+00
3.569725152156240e-05	-1.728800957873343e-07	0.000000000000000e+00
3.564733688458186e-05	-2.595269511940754e-07	0.000000000000000e+00
3.569841738097677e-05	-3.796676377031683e-07	0.000000000000000e+00
4.595127430412417e-05	-8.651471406010400e-08	0.000000000000000e+00
4.600118353968871e-05	-1.730109671186986e-07	0.000000000000000e+00
4.610073448844819e-05	-1.731220807159354e-07	0.000000000000000e+00
4.604111618801434e-05	-2.406147405780997e-07	0.000000000000000e+00
4.610006576938036e-05	-2.692054779608522e-07	0.000000000000000e+00
4.592652913125520e-05	-2.388992196466833e-07	0.000000000000000e+00
6.435009801806379e-05	-8.509051353616982e-08	0.000000000000000e+00
6.429733838759159e-05	-2.144540220707640e-07	0.000000000000000e+00
6.429566215039798e-05	-5.581980355354771e-07	0.000000000000000e+00
6.446065629831251e-05	-3.187686011866494e-07	0.000000000000000e+00
6.442234517781550e-05	-2.066121852591125e-07	0.000000000000000e+00
6.379894152294797e-05	-6.630505868950874e-07	0.000000000000000e+00
3.312339316341127e-05	-8.636625362191945e-08	0.000000000000000e+00
3.307574777454276e-05	-1.900682590874959e-07	0.000000000000000e+00
3.296799376937766e-05	-2.269098526100530e-07	0.000000000000000e+00
4.867788659533442e-05	-8.641161417731554e-08	0.000000000000000e+00
4.862787875264688e-05	-1.728473298765516e-07	0.000000000000000e+00
4.853005729095822e-05	-1.717856760396972e-07	0.000000000000000e+00
3.524822353317745e-05	-8.636625362334013e-08	0.000000000000000e+00
3.528974872453085e-05	-2.099454570670503e-07	0.000000000000000e+00
4.847582582297383e-05	-8.627413290023260e-08	0.000000000000000e+00
4.615041945528875e-05	-8.763553265948109e-08	0.000000000000000e+00
3.544762991216776e-05	-8.619177510904735e-08	0.000000000000000e+00
4.572859079386140e-05	-1.080400068572348e-07	0.000000000000000e+00
5.384924295788457e-05	-8.644089604127439e-08	0.000000000000000e+00
5.389912029797374e-05	-1.729614006636380e-07	0.000000000000000e+00
5.379927049370270e-05	-1.728978895940802e-07	0.000000000000000e+00
5.384916855558605e-05	-3.122090601144450e-07	0.000000000000000e+00
5.374391031787175e-05	-2.628919204898563e-07	0.000000000000000e+00
5.394907266943644e-05	-2.596101323319979e-07	0.000000000000000e+00
5.399870258125022e-05	-1.731648596653149e-07	0.000000000000000e+00
5.403875662035337e-05	-2.683175799237522e-07	0.000000000000000e+00
3.292393173956813e-05	-8.177468276572709e-08	0.000000000000000e+00
3.288433660689007e-05	-1.803011831278843e-07	0.000000000000000e+00
3.275930126558406e-05	-1.742453802231645e-07	0.000000000000000e+00
3.282188074705324e-05	-2.705814946883944e-07	0.000000000000000e+00
3.272087750740278e-05	-2.768456780939654e-07	0.000000000000000e+00
3.277392590770010e-05	-3.460823313039432e-07	0.000000000000000e+00
3.272374503184448e-05	-8.482711624375493e-08	0.000000000000000e+00
3.818057972931745e-05	-6.476183049721795e-08	0.000000000000000e+00
3.818916245088037e-05	-1.865713129478848e-07	0.000000000000000e+00
5.623856934674339e-05	-9.057539612173371e-08	0.000000000000000e+00
5.630009867263679e-05	-2.303692223367290e-07	0.000000000000000e+00
3.796982299879049e-05	-8.636625362055344e-08	0.000000000000000e+00
7.234755614892597e-05	-8.573054944839094e-08	0.000000000000000e+00
7.228740352886190e-05	-1.701223990323374e-07	0.000000000000000e+00
5.351651116123485e-05	-8.619646863707139e-08	0.000000000000000e+00
5.358674170660004e-05	-2.505313016528031e-07	0.000000000000000e+00
3.835450327179971e-05	-7.706082623054964e-08	0.000000000000000e+00
3.846940303272380e-05	-1.561334979804089e-07	0.000000000000000e+00
3.859119626599709e-05	-1.125534579936505e-07	0.000000000000000e+00
5.404863648488089e-05	-8.673492542934256e-08	0.000000000000000e+00
3.575803095823474e-05	-9.385731663892657e-08	0.000000000000000e+00
6.697633399615745e-05	-8.659025584309719e-08	0.000000000000000e+00
6.692647041638062e-05	-1.729687939997823e-07	0.000000000000000e+00
6.991143888749063e-05	-8.748936699124912e-08	0.000000000000000e+00
6.455064360819015e-05	-8.082115277847930e-08	0.000000000000000e+00
6.950551852331649e-05	-8.636625362005354e-08	0.000000000000000e+00
6.955948019047850e-05	-1.705437678291269e-07	0.000000000000000e+00
5.928792152411359e-05	-7.293475944339518e-08	0.000000000000000e+00
5.924674858742413e-05	-1.754509363973693e-07	0.000000000000000e+00
6.183069670508572e-05	-9.076726228732601e-08	0.000000000000000e+00
6.187291013043992e-05	-1.577923153858125e-07	0.000000000000000e+00
5.374949999948384e-05	-8.639402795362748e-08	0.000000000000000e+00
6.707584152484719e-05	-8.655728481096247e-08	0.000000000000000e+00
6.712438737699932e-05	-1.716315942087228e-07	0.000000000000000e+00
7.215093083969629e-05	-9.034591573012781e-08	0.000000000000000e+00
7.271995055341154e-05	-7.116464750023420e-08	0.000000000000000e+00
6.970497284242596e-05	-8.650430876477458e-08	0.000000000000000e+00
6.975483642220465e-05	-1.729687940011488e-07	0.000000000000000e+00
5.370584933601976e-05	-1.718162786623740e-07	0.000000000000000e+00
3.539768626917919e-05	-1.726591284632028e-07	0.000000000000000e+00
3.545648907349535e-05	-2.635121246618594e-07	0.000000000000000e+00
6.986337024785267e-05	-1.833754215880334e-07	0.000000000000000e+00
6.979440861648657e-05	-2.609857336986368e-07	0.000000000000000e+00
4.841610904209499e-05	-2.029530041958559e-07	0.000000000000000e+00
4.847756200484068e-05	-3.601368605612593e-07	0.000000000000000e+00
4.860758332717200e-05	-3.599772439350732e-07	0.000000000000000e+00
4.824150027779367e-05	-2.280897236625251e-07	0.000000000000000e+00
4.857804523879893e-05	-2.595269511945177e-07	0.000000000000000e+00
4.867632379618824e-05	-2.605933027034476e-07	0.000000000000000e+00
6.237499926659781e-05	-4.372519221944502e-07	0.000000000000000e+00
6.205145179015778e-05	-4.768156425603423e-07	0.000000000000000e+00
6.178085910234969e-05	-4.549678035715451e-07	0.000000000000000e+00
6.177278860038755e-05	-2.921234910479931e-07	0.000000000000000e+00
6.146970036798369e-05	-7.651552106901408e-07	0.000000000000000e+00
6.177873912394827e-05	-1.880511857784836e-07	0.000000000000000e+00
5.657277900389651e-05	-8.549941630152993e-08	0.000000000000000e+00
7.068231938537657e-05	-9.006950710813284e-07	0.000000000000000e+00
4.872641161427524e-05	-1.730111211684258e-07	0.000000000000000e+00
6.654645906923251e-05	-8.746295244759139e-07	0.000000000000000e+00
6.692910059950190e-05	-6.907386590519847e-07	0.000000000000000e+00
6.735159920569462e-05	-6.847115936745950e-07	0.000000000000000e+00
6.602009430332102e-05	-9.228037064041851e-07	0.000000000000000e+00
3.555452312458880e-05	-2.067566026943561e-06	0.000000000000000e+00
4.388810182114555e-05	-6.682666451949567e-07	0.000000000000000e+00
6.581195233070062e-05	-5.095468030669423e-07	0.000000000000000e+00
5.888224875773130e-05	-1.022005003296733e-06	0.000000000000000e+00
5.863291806755121e-05	-6.985448880203802e-07	0.000000000000000e+00
5.842815750596703e-05	-1.064310885995839e-06	0.000000000000000e+00
2.755412976529911e-05	-5.846758389810889e-07	0.000000000000000e+00
4.411089997834789e-05	-2.295437837358314e-06	0.000000000000000e+00
5.409400388636577e-05	-1.743443257081017e-07	0.000000000000000e+00
5.416163119792154e-05	-2.789697592582510e-07	0.000000000000000e+00
6.198620703807878e-05	-2.033127582966376e-07	0.000000000000000e+00
3.672415139547512e-05	-1.809398417735669e-06	0.000000000000000e+00
4.618916791635496e-05	-1.748893054465935e-07	0.000000000000000e+00
4.625047799268741e-05	-2.769753710096491e-07	0.000000000000000e+00
3.057550858783379e-05	-1.215133028348386e-07	0.000000000000000e+00
5.647371448477753e-05	-8.445073863287498e-08	0.000000000000000e+00
5.642779265171063e-05	-1.649775758532489e-07	0.000000000000000e+00
4.423607352714850e-05	-1.569482628909530e-06	0.000000000000000e+00
4.877333758075025e-05	-2.593933604849706e-07	0.000000000000000e+00
4.889928381966185e-05	-2.741616589453053e-07	0.000000000000000e+00
4.880851370902882e-05	-4.362271240330737e-07	0.000000000000000e+00
4.870532692175303e-05	-3.470986453849783e-07	0.000000000000000e+00
6.067927556089454e-05	-1.123325082343117e-06	0.000000000000000e+00
3.102319308974731e-05	-2.611789274000327e-07	0.000000000000000e+00
3.054517593910993e-05	-4.103646789369835e-07	0.000000000000000e+00
3.054434505646880e-05	-2.461457607677258e-07	0.000000000000000e+00
4.359225906182685e-05	-4.610376890518827e-07	0.000000000000000e+00
4.330554803210168e-05	-4.095183065565355e-07	0.000000000000000e+00
4.344434027953109e-05	-3.038347769003999e-07	0.000000000000000e+00
4.559073824200530e-05	-2.488499421964235e-06	0.000000000000000e+00
6.564054197836253e-05	-1.355060380039501e-06	0.000000000000000e+00
5.142188462446673e-05	-4.386573470064902e-07	0.000000000000000e+00
5.609260831321702e-05	-2.280057531038141e-07	0.000000000000000e+00
3.555803841881086e-05	-2.563847588405055e-07	0.000000000000000e+00
5.405410684415502e-05	-6.682728499815880e-06	0.000000000000000e+00
5.309389360372846e-05	-2.968427407672522e-07	0.000000000000000e+00
6.426230926729780e-05	-8.471219909192326e-06	0.000000000000000e+00
4.635821065546813e-05	-4.788937810566666e-06	0.000000000000000e+00
4.840902111573092e-05	-1.308215500689375e-06	0.000000000000000e+00
4.105255678125042e-05	-7.177684967635384e-06	0.000000000000000e+00
3.561105540572902e-05	-3.375058954389101e-07	0.000000000000000e+00
2.789733689619263e-05	-4.439883249081312e-07	0.000000000000000e+00
2.805692539287291e-05	-1.951556247163944e-07	0.000000000000000e+00
2.765244465770135e-05	-3.148945573959400e-07	0.000000000000000e+00
2.767777603533076e-05	-1.641028109575018e-07	0.000000000000000e+00
2.764878043831197e-05	-7.806470025150935e-08	0.000000000000000e+00
2.755252404405020e-05	-7.933915928888791e-08	0.000000000000000e+00
2.752498735243416e-05	-1.700847823574331e-07	0.000000000000000e+00
2.740342005049421e-05	-1.732413273231587e-07	0.000000000000000e+00
2.761492623904859e-05	-1.969688668109713e-07	0.000000000000000e+00
2.775353211707892e-05	-7.814544672649413e-08	0.000000000000000e+00
4.262395872250332e-05	-4.518547666143379e-06	0.000000000000000e+00
5.015331061825787e-05	-1.023951689661392e-06	0.000000000000000e+00
4.598312469172472e-05	-3.150239685918646e-07	0.000000000000000e+00
6.258639835455743e-05	-2.014668943205481e-06	0.000000000000000e+00
3.222916012440536e-05	-7.028510436086876e-07	0.000000000000000e+00
4.113130810724844e-05	-5.748436650614486e-06	0.000000000000000e+00
5.292156673332533e-05	-7.664176363001322e-07	0.000000000000000e+00
5.564839015960039e-05	-1.437560131501578e-06	0.000000000000000e+00
7.265166385551721e-05	-7.233135041416209e-07	0.000000000000000e+00
7.309480890585564e-05	-4.523834882425293e-07	0.000000000000000e+00
4.777205804325590e-05	-2.131692106093493e-06	0.000000000000000e+00
3.667081702472264e-05	-5.090282288542126e-07	0.000000000000000e+00
3.586262955649688e-05	-2.284947471626360e-07	0.000000000000000e+00
5.357446012954604e-05	-2.181262368031219e-06	0.000000000000000e+00
4.640198150874984e-05	-6.893294813492992e-06	0.000000000000000e+00
5.368854653092116e-05	-4.689089338573269e-06	0.000000000000000e+00
6.071888736534560e-05	-1.746809473017719e-06	0.000000000000000e+00
6.408575805781062e-05	-1.065439881746483e-06	0.000000000000000e+00
6.159344653020077e-05	-1.638019394446461e-07	0.000000000000000e+00
6.165710100765783e-05	-2.870880386851749e-07	0.000000000000000e+00
5.220949129224457e-05	-8.954974000912045e-07	0.000000000000000e+00
6.450245856795867e-05	-1.628381247146182e-07	0.000000000000000e+00
5.103820877625914e-05	-4.588972075453673e-06	0.000000000000000e+00
4.108707542911661e-05	-4.694839015321012e-07	0.000000000000000e+00
3.698812289111085e-05	-8.682201529122442e-07	0.000000000000000e+00
6.484157433704995e-05	-4.183030345668045e-06	0.000000000000000e+00
3.242955800422523e-05	-2.115449551012482e-06	0.000000000000000e+00
6.035992958616143e-05	-4.419804567766837e-06	0.000000000000000e+00
6.004348844819259e-05	-5.551574269686215e-06	0.000000000000000e+00
4.891532255301107e-05	-1.819385234616149e-07	0.000000000000000e+00
3.874690717781160e-05	-7.375862905958074e-07	0.000000000000000e+00
3.860077235195721e-05	-4.702089973149114e-06	0.000000000000000e+00
4.652480114940089e-05	-3.676230569264976e-07	0.000000000000000e+00
4.059472519885504e-05	-4.541460679800032e-06	0.000000000000000e+00
3.041713950163968e-05	-3.360724395543532e-06	0.000000000000000e+00
4.218057446162999e-05	-1.485060363620488e-06	0.000000000000000e+00
6.573382287249154e-05	-3.653794105469175e-06	0.000000000000000e+00
3.607920176463665e-05	-1.869979766337391e-06	0.000000000000000e+00
5.231893631927981e-05	-2.544415485135989e-06	0.000000000000000e+00
4.920773213280493e-05	-5.156508840716690e-06	0.000000000000000e+00
3.516106935612255e-05	-3.569422612410597e-07	0.000000000000000e+00
2.782189354749770e-05	-2.111337118792032e-07	0.000000000000000e+00
5.816032777712380e-05	-4.766138967254574e-06	0.000000000000000e+00
5.894430285596726e-05	-5.346028605489254e-06	0.000000000000000e+00
3.663670621826364e-05	-4.829832064166068e-06	0.000000000000000e+00
3.713346566868539e-05	-5.701261925176040e-06	0.000000000000000e+00
3.602138721979465e-05	-5.811158548670391e-06	0.000000000000000e+00
3.496190209306871e-05	-5.474932115016678e-06	0.000000000000000e+00
5.034229786322479e-05	-5.742215273239219e-06	0.000000000000000e+00
5.112144871744639e-05	-3.855757578906739e-07	0.000000000000000e+00
4.540550078743726e-05	-5.022273552366148e-06	0.000000000000000e+00
3.535281818426799e-05	-2.636869613733523e-06	0.000000000000000e+00
7.081019310764063e-05	-3.706283811007450e-06	0.000000000000000e+00
2.923550412893975e-05	-7.093811582758573e-06	0.000000000000000e+00
5.731426528604201e-05	-3.824688432414737e-07	0.000000000000000e+00
6.730508023170830e-05	-4.635714807153959e-06	0.000000000000000e+00
3.311577659404861e-05	-4.883961147923877e-06	0.000000000000000e+00
7.065389742050193e-05	-5.038162967098708e-06	0.000000000000000e+00
6.661862389094122e-05	-5.268681095072303e-07	0.000000000000000e+00
5.639995052439556e-05	-5.785957091355670e-06	0.000000000000000e+00
5.969568745493010e-05	-3.886089409241385e-06	0.000000000000000e+00
6.447559552288915e-05	-2.617529664267197e-06	0.000000000000000e+00
5.435705867869121e-05	-4.108527278649486e-07	0.000000000000000e+00
6.193401984915439e-05	-5.602542587539889e-06	0.000000000000000e+00
3.076077637023219e-05	-7.171824096836937e-06	0.000000000000000e+00
5.904753356705551e-05	-3.873488266534916e-07	0.000000000000000e+00
5.895426999732476e-05	-1.629237033820753e-07	0.000000000000000e+00
5.905269716999424e-05	-1.635030998312901e-07	0.000000000000000e+00
5.909481119952810e-05	-8.013915467905656e-08	0.000000000000000e+00
5.913830106716529e-05	-1.485873033004671e-07	0.000000000000000e+00
6.683015894861152e-05	-4.083545790364211e-07	0.000000000000000e+00
6.680692968006282e-05	-2.664229979872867e-07	0.000000000000000e+00
6.710447151331582e-05	-4.464915685426796e-07	0.000000000000000e+00
4.147876640057897e-05	-1.478983207963047e-06	0.000000000000000e+00
4.386312850040997e-05	-3.141935987253967e-07	0.000000000000000e+00
4.362784258838324e-05	-2.531183513161577e-07	0.000000000000000e+00
4.476449032382396e-05	-2.579713277784224e-06	0.000000000000000e+00
2.638124590600471e-05	-4.950650784555219e-06	0.000000000000000e+00
3.290744857324195e-05	-1.431278808183718e-06	0.000000000000000e+00
3.126956039030147e-05	-5.104397462135375e-06	0.000000000000000e+00
6.021413707294950e-05	-6.709804980246034e-06	0.000000000000000e+00
3.912596477188422e-05	-5.543093647642778e-06	0.000000000000000e+00
5.912099749048886e-05	-2.440857058191244e-07	0.000000000000000e+00
2.720098692145568e-05	-4.182284458052229e-07	0.000000000000000e+00
6.163512111556704e-05	-8.599620467402517e-06	0.000000000000000e+00
2.822444807462446e-05	-4.899270555516828e-07	0.000000000000000e+00
3.291770658872190e-05	-5.850714254438060e-06	0.000000000000000e+00
6.885226277253721e-05	-5.260603900242256e-07	0.000000000000000e+00
5.683804619524549e-05	-2.162697941151141e-07	0.000000000000000e+00
5.216496386382403e-05	-1.420293346928717e-06	0.000000000000000e+00
4.626352088424497e-05	-1.747767536937092e-07	0.000000000000000e+00
5.416667445536726e-05	-1.749738056140754e-07	0.000000000000000e+00
4.220960575698125e-05	-5.369767803983714e-06	0.000000000000000e+00
3.457507557098853e-05	-2.215920311286388e-06	0.000000000000000e+00
5.087944890677131e-05	-5.388852315655902e-07	0.000000000000000e+00
6.018178797958603e-05	-1.897647666741220e-06	0.000000000000000e+00
2.844301466284617e-05	-7.494815226473552e-07	0.000000000000000e+00
2.893284660268516e-05	-7.005142217349542e-07	0.000000000000000e+00
7.238473973285219e-05	-4.503031989517125e-07	0.000000000000000e+00
6.998912694089703e-05	-7.182598116844496e-07	0.000000000000000e+00
5.021822868545154e-05	-2.099557327813083e-06	0.000000000000000e+00
3.439194339908254e-05	-6.767932332738381e-07	0.000000000000000e+00
3.403882591673189e-05	-6.442536694229160e-07	0.000000000000000e+00
5.295049636684866e-05	-2.368478621958833e-06	0.000000000000000e+00
6.171972889875180e-05	-2.391095591607265e-07	0.000000000000000e+00
3.290567875008536e-05	-2.838634374753873e-07	0.000000000000000e+00
6.676219093448859e-05	-1.976261580066511e-07	0.000000000000000e+00
6.683926036345043e-05	-1.687833888931624e-07	0.000000000000000e+00
4.563620707630869e-05	-4.808158963467445e-07	0.000000000000000e+00
3.834999202004785e-05	-5.274817787796589e-07	0.000000000000000e+00
3.585099413483633e-05	-7.526256679393535e-08	0.000000000000000e+00
6.154187461389131e-05	-2.564391969048758e-07	0.000000000000000e+00
5.896300952313059e-05	-2.742290197746634e-07	0.000000000000000e+00
5.871601979674235e-05	-2.138282218768836e-06	0.000000000000000e+00
6.995429074131400e-05	-1.512453178350132e-07	0.000000000000000e+00
3.226191596801040e-05	-3.891401372370906e-07	0.000000000000000e+00
4.263135832811663e-05	-1.177320205360528e-06	0.000000000000000e+00
3.840950390811568e-05	-1.636445946074513e-06	0.000000000000000e+00
3.262115693072456e-05	-1.712955174431865e-06	0.000000000000000e+00
3.215859273161559e-05	-1.640172250662316e-06	0.000000000000000e+00
4.899499587325762e-05	-2.283162712310800e-07	0.000000000000000e+00
6.187382596422699e-05	-2.955105327734690e-07	0.000000000000000e+00
5.808986793307675e-05	-4.469307406745070e-07	0.000000000000000e+00
6.765126877887788e-05	-4.491475972343636e-07	0.000000000000000e+00
6.776096651260416e-05	-9.117156436193786e-07	0.000000000000000e+00
3.217680186802860e-05	-1.286676453527039e-06	0.000000000000000e+00
3.727478734565515e-05	-1.146594789531039e-06	0.000000000000000e+00
2.725262481469594e-05	-1.957614208391156e-06	0.000000000000000e+00
3.256096157723053e-05	-3.738978923366058e-07	0.000000000000000e+00
3.258025208484900e-05	-2.126241085779528e-07	0.000000000000000e+00
3.268512358283489e-05	-3.454695691146829e-07	0.000000000000000e+00
3.264142879848388e-05	-2.851284882673473e-07	0.000000000000000e+00
3.267529612034656e-05	-2.174779074498976e-07	0.000000000000000e+00
5.806965214020194e-05	-5.956130348733055e-06	0.000000000000000e+00
4.093193707472968e-05	-2.884595357214076e-07	0.000000000000000e+00
4.095860136167382e-05	-1.422926997675716e-07	0.000000000000000e+00
4.070267131356571e-05	-2.913177286216029e-07	0.000000000000000e+00
4.082548553493497e-05	-2.078300394648890e-07	0.000000000000000e+00
4.091283486890712e-05	-8.157498714340290e-08	0.000000000000000e+00
4.098844429084199e-05	-7.849811701142276e-08	0.000000000000000e+00
4.088438617446713e-05	-1.532017780056600e-07	0.000000000000000e+00
4.072954916203161e-05	-1.515527995381927e-07	0.000000000000000e+00
4.071097452101711e-05	-6.732934357006022e-08	0.000000000000000e+00
4.062106401632626e-05	-9.442006128627178e-08	0.000000000000000e+00
5.373559028848462e-05	-4.587485702123552e-07	0.000000000000000e+00
5.696920148206729e-05	-3.406732902398779e-07	0.000000000000000e+00
5.677698222011336e-05	-4.747697887875738e-07	0.000000000000000e+00
6.060707878755267e-05	-6.203509620775298e-07	0.000000000000000e+00
3.297380242407889e-05	-1.488275881838263e-07	0.000000000000000e+00
5.809856496848973e-05	-1.375977160006646e-06	0.000000000000000e+00
4.485782348397294e-05	-7.326234501552707e-06	0.000000000000000e+00
4.867807181095431e-05	-4.164135452440988e-07	0.000000000000000e+00
3.557126044122287e-05	-3.951403841163841e-07	0.000000000000000e+00
3.599123217853158e-05	-1.389669104379132e-06	0.000000000000000e+00
3.319818853307744e-05	-5.925585315111465e-08	0.000000000000000e+00
3.397072322985112e-05	-5.840399968661622e-06	0.000000000000000e+00
3.737173830119741e-05	-8.210716187762373e-07	0.000000000000000e+00
7.353589838486613e-05	-8.535898384865783e-06	0.000000000000000e+00
2.646410161514133e-05	-8.535898384858161e-06	0.000000000000000e+00
4.499217470993121e-05	-8.711814968214767e-07	0.000000000000000e+00
4.520605239657624e-05	-4.052731800777314e-07	0.000000000000000e+00
6.263678226280720e-05	-3.026292770579296e-06	0.000000000000000e+00
3.948086951480581e-05	-2.068986574834222e-06	0.000000000000000e+00
3.388704431795643e-05	-1.094193912238221e-06	0.000000000000000e+00
6.566420109707007e-05	-4.493466225185034e-06	0.000000000000000e+00
5.290614251973744e-05	-7.290282725618634e-06	0.000000000000000e+00
3.489526968579820e-05	-4.626982623571248e-06	0.000000000000000e+00
7.183807793225128e-05	-5.269148504221471e-07	0.000000000000000e+00
7.159534239202297e-05	-3.420629408368821e-07	0.000000000000000e+00
4.680641413308051e-05	-6.449335901454716e-07	0.000000000000000e+00
3.479391156107726e-05	-2.600636477948665e-06	0.000000000000000e+00
3.844020597441408e-05	-5.829858105273962e-08	0.000000000000000e+00
3.578516647026708e-05	-1.808294409671850e-07	0.000000000000000e+00
7.305868969548829e-05	-1.036117021473418e-06	0.000000000000000e+00
5.520343635100717e-05	-7.294160600377119e-06	0.000000000000000e+00
6.228078281189286e-05	-8.231748474713806e-07	0.000000000000000e+00
4.089491269882197e-05	-1.376732503375653e-06	0.000000000000000e+00
3.607762766144079e-05	-3.914651565812948e-07	0.000000000000000e+00
3.816945573723492e-05	-5.456264291500457e-06	0.000000000000000e+00
6.368558624041381e-05	-3.222857789825186e-07	0.000000000000000e+00
6.336416562460387e-05	-6.224479781737755e-07	0.000000000000000e+00
6.930648008530700e-05	-5.651569864992805e-07	0.000000000000000e+00
3.657823947911563e-05	-2.317957414282710e-06	0.000000000000000e+00
4.065398917829864e-05	-8.645530020543841e-06	0.000000000000000e+00
5.467576073317763e-05	-3.507540191445451e-07	0.000000000000000e+00
7.116847644415197e-05	-5.380732458326527e-07	0.000000000000000e+00
6.958436107517027e-05	-4.765451635725794e-07	0.000000000000000e+00
6.983704803236646e-05	-4.858066551994584e-07	0.000000000000000e+00
6.976059268412987e-05	-3.843026881059957e-07	0.000000000000000e+00
6.990062277183705e-05	-3.638930546939429e-07	0.000000000000000e+00
6.970233119744313e-05	-2.530497075312214e-07	0.000000000000000e+00
6.965531765537815e-05	-1.715337581068365e-07	0.000000000000000e+00
6.961031727238033e-05	-2.608000841725893e-07	0.000000000000000e+00
6.947621986247787e-05	-3.106140172576629e-07	0.000000000000000e+00
6.940055714300807e-05	-2.129799686713844e-07	0.000000000000000e+00
6.968025533485355e-05	-3.334046327392059e-07	0.000000000000000e+00
6.987717308897418e-05	-2.834915159510967e-07	0.000000000000000e+00
6.982139954584627e-05	-3.369246596351785e-07	0.000000000000000e+00
6.993285409416071e-05	-3.079749239819367e-07	0.000000000000000e+00
4.979023581257815e-05	-4.610629097027685e-07	0.000000000000000e+00
3.517700253766882e-05	-1.738402278288360e-07	0.000000000000000e+00
3.549732984865753e-05	-3.695233568097084e-07	0.000000000000000e+00
5.195961119838506e-05	-4.173700406622139e-07	0.000000000000000e+00
7.145032257027815e-05	-7.120428747195998e-06	0.000000000000000e+00
3.997399993561130e-05	-1.619542499237523e-06	0.000000000000000e+00
5.351215411002856e-05	-5.609743246053778e-06	0.000000000000000e+00
5.005739409753489e-05	-7.074968772678422e-06	0.000000000000000e+00
3.805374495001687e-05	-1.393174968859781e-07	0.000000000000000e+00
4.047204598874747e-05	-1.705258309614761e-06	0.000000000000000e+00
6.497120222842732e-05	-7.506174399931151e-06	0.000000000000000e+00
7.056797473964469e-05	-2.499198027010240e-07	0.000000000000000e+00
6.104388770008387e-05	-7.930879831725879e-07	0.000000000000000e+00
4.125448576883567e-05	-9.043972383213289e-07	0.000000000000000e+00
6.450424351160172e-05	-2.364329100210037e-07	0.000000000000000e+00
6.457288476462749e-05	-2.798392505891701e-07	0.000000000000000e+00
5.881705359454245e-05	-4.326866342204549e-07	0.000000000000000e+00
5.851061032811878e-05	-3.331544316340122e-07	0.000000000000000e+00
6.946621457130685e-05	-1.766932176247473e-07	0.000000000000000e+00
3.130349455716603e-05	-8.670076797348315e-06	0.000000000000000e+00
4.305996758385355e-05	-1.138787786239951e-07	0.000000000000000e+00
4.310829742440856e-05	-2.893751487494697e-07	0.000000000000000e+00
4.291649472311256e-05	-4.507733359673499e-07	0.000000000000000e+00
4.330746467376205e-05	-2.433096529929153e-07	0.000000000000000e+00
2.838258451248576e-05	-2.248413934287067e-07	0.000000000000000e+00
4.751199077083275e-05	-2.638588452543538e-06	0.000000000000000e+00
6.095717699091338e-05	-6.014353728130143e-06	0.000000000000000e+00
6.456741052034705e-05	-2.093964572621998e-07	0.000000000000000e+00
6.460218572750830e-05	-1.447132921121917e-07	0.000000000000000e+00
6.465528003003910e-05	-2.231587088740153e-07	0.000000000000000e+00
6.477373920624644e-05	-1.680073050490201e-07	0.000000000000000e+00
6.472671142719983e-05	-8.035875907131330e-08	0.000000000000000e+00
6.468170961872081e-05	-1.387954297463943e-07	0.000000000000000e+00
6.126119530576229e-05	-4.953094383011161e-07	0.000000000000000e+00
6.112687550853929e-05	-2.377210421004748e-07	0.000000000000000e+00
3.174082575567057e-05	-7.107863711344110e-07	0.000000000000000e+00
3.090619121255820e-05	-5.999249717932742e-06	0.000000000000000e+00
3.212903893028814e-05	-2.537932340745076e-06	0.000000000000000e+00
2.747395294177886e-05	-5.950003959371279e-06	0.000000000000000e+00
6.470974537729371e-05	-6.453263744349855e-06	0.000000000000000e+00
4.884082595757325e-05	-7.344253758404441e-06	0.000000000000000e+00
4.311708831418787e-05	-5.524201657326734e-07	0.000000000000000e+00
6.740201368002189e-05	-3.990816738579305e-07	0.000000000000000e+00
6.723869614588785e-05	-3.500344938661925e-07	0.000000000000000e+00
6.730545876297103e-05	-1.940865134384654e-07	0.000000000000000e+00
6.721967633063503e-05	-1.754453065540366e-07	0.000000000000000e+00
6.717598916202026e-05	-2.615318179305405e-07	0.000000000000000e+00
6.707711770925546e-05	-2.602444886301907e-07	0.000000000000000e+00
6.712515971621411e-05	-3.331611577225578e-07	0.000000000000000e+00
6.704144016368166e-05	-3.288500204697956e-07	0.000000000000000e+00
6.698145448003880e-05	-2.547102907151548e-07	0.000000000000000e+00
6.702693425061313e-05	-1.721171180346518e-07	0.000000000000000e+00
6.725452923530084e-05	-2.632192610905507e-07	0.000000000000000e+00
6.732779951350143e-05	-2.771675789070041e-07	0.000000000000000e+00
6.689067921076664e-05	-2.533423590836624e-07	0.000000000000000e+00
6.694908962081668e-05	-3.373774744324021e-07	0.000000000000000e+00
6.686921436506441e-05	-3.163743526349431e-07	0.000000000000000e+00
3.586146686443584e-05	-5.121712607440039e-07	0.000000000000000e+00
6.897682079642968e-05	-4.627671214188738e-06	0.000000000000000e+00
5.057362561038478e-05	-4.030268145376623e-07	0.000000000000000e+00
2.949684200318885e-05	-7.896673952197422e-07	0.000000000000000e+00
2.974994612728689e-05	-5.844423409573148e-07	0.000000000000000e+00
3.001508048151496e-05	-4.323974652435228e-07	0.000000000000000e+00
3.021463112544907e-05	-3.366203664586870e-07	0.000000000000000e+00
3.036609946373306e-05	-3.365611162503775e-07	0.000000000000000e+00
3.030007060478705e-05	-2.353181598058486e-07	0.000000000000000e+00
2.998871868997545e-05	-2.422555319837711e-07	0.000000000000000e+00
2.993794184615683e-05	-1.171924164613802e-07	0.000000000000000e+00
3.004674963281800e-05	-1.513906188414005e-07	0.000000000000000e+00
3.014986524279213e-05	-1.591267936762986e-07	0.000000000000000e+00
3.019480395967127e-05	-7.961099727415501e-08	0.000000000000000e+00
3.010309070972251e-05	-2.575084858518026e-07	0.000000000000000e+00
3.024238736278833e-05	-1.564757375720359e-07	0.000000000000000e+00
3.000558788232578e-05	-6.367971909327397e-08	0.000000000000000e+00
3.020200900910782e-05	-2.290099086729346e-07	0.000000000000000e+00
3.032348353094888e-05	-1.562711835290366e-07	0.000000000000000e+00
3.039406161842575e-05	-2.081168665872370e-07	0.000000000000000e+00
3.038896822222392e-05	-9.740882334185968e-08	0.000000000000000e+00
3.045912856301058e-05	-2.830079482757881e-07	0.000000000000000e+00
3.048572785423777e-05	-1.809885080275991e-07	0.000000000000000e+00
5.001172465370886e-05	-2.644440171241673e-06	0.000000000000000e+00
5.461101887093811e-05	-6.321589011363024e-07	0.000000000000000e+00
5.611173903370113e-05	-6.868912842301092e-06	0.000000000000000e+00
4.051878484413003e-05	-3.824238417616925e-07	0.000000000000000e+00
4.093232282922754e-05	-2.029406793883491e-07	0.000000000000000e+00
3.345732100920611e-05	-4.302065420047592e-07	0.000000000000000e+00
3.426403792231253e-05	-3.801454982521962e-07	0.000000000000000e+00
4.853805524911620e-05	-3.081865418881816e-07	0.000000000000000e+00
4.850255566815935e-05	-2.583998939433235e-07	0.000000000000000e+00
3.016545778752067e-05	-4.933175677671062e-06	0.000000000000000e+00
5.830953933619887e-05	-7.090126585899003e-07	0.000000000000000e+00
7.211111200252916e-05	-4.437290734154157e-07	0.000000000000000e+00
7.225798780004361e-05	-3.446483565176358e-07	0.000000000000000e+00
7.211719034796489e-05	-2.772096775993528e-07	0.000000000000000e+00
7.221688887445261e-05	-2.359076035875208e-07	0.000000000000000e+00
7.205200318522309e-05	-1.963420461723557e-07	0.000000000000000e+00
7.220595440622429e-05	-1.549348643657477e-07	0.000000000000000e+00
7.231638750965502e-05	-2.647463795190588e-07	0.000000000000000e+00
7.234323216803725e-05	-3.314814253036800e-07	0.000000000000000e+00
7.241381362959818e-05	-2.662277662263130e-07	0.000000000000000e+00
7.239043212771393e-05	-1.699971628213767e-07	0.000000000000000e+00
7.212997287571354e-05	-1.760483873284313e-07	0.000000000000000e+00
5.601642519763350e-05	-2.385490586587846e-06	0.000000000000000e+00
6.969191986350066e-05	-4.115113928012917e-07	0.000000000000000e+00
2.760379882183514e-05	-1.377120639332607e-07	0.000000000000000e+00
3.471844941896508e-05	-6.592715367944885e-07	0.000000000000000e+00
3.473280866512058e-05	-3.414368888201743e-07	0.000000000000000e+00
6.982991575854491e-05	-3.927317644086439e-07	0.000000000000000e+00
3.049356684100134e-05	-6.657035002145395e-07	0.000000000000000e+00
3.027584553017994e-05	-8.197611920484560e-07	0.000000000000000e+00
3.499202616734651e-05	-3.901085616065639e-07	0.000000000000000e+00
4.579394847273819e-05	-2.814259438896325e-07	0.000000000000000e+00
4.582933785391711e-05	-1.762845737022004e-07	0.000000000000000e+00
4.591197297376423e-05	-1.522387680131001e-07	0.000000000000000e+00
3.898673392227832e-05	-2.539295970320757e-06	0.000000000000000e+00
6.294153402641458e-05	-1.489480489880821e-06	0.000000000000000e+00
4.903031168656179e-05	-4.242474258728761e-07	0.000000000000000e+00
3.166678286575526e-05	-1.644710627073626e-06	0.000000000000000e+00
6.339292992831548e-05	-3.324192243417465e-06	0.000000000000000e+00
4.007242858601716e-05	-5.362429316983009e-06	0.000000000000000e+00
4.983696602824763e-05	-1.750045316109708e-06	0.000000000000000e+00
6.151885026063294e-05	-4.185288288436945e-07	0.000000000000000e+00
3.044080979289493e-05	-1.432201128946546e-07	0.000000000000000e+00
4.690047024058889e-05	-2.847100946413013e-07	0.000000000000000e+00
3.267294831443252e-05	-1.499665431923265e-07	0.000000000000000e+00
7.021814660934786e-05	-1.046372434454657e-06	0.000000000000000e+00
6.975070148209201e-05	-3.148005915721700e-07	0.000000000000000e+00
5.095052137068788e-05	-8.048718345656781e-06	0.000000000000000e+00
3.192905765568124e-05	-2.875161382611359e-07	0.000000000000000e+00
2.799213737660130e-05	-6.918834323441461e-06	0.000000000000000e+00
6.437843073476696e-05	-1.514482842711703e-07	0.000000000000000e+00
2.745195101829305e-05	-3.795992011599858e-06	0.000000000000000e+00
5.337007836509199e-05	-2.517515674326190e-07	0.000000000000000e+00
5.962213224995192e-05	-4.817192759623437e-06	0.000000000000000e+00
5.515620430743279e-05	-1.239979376309877e-06	0.000000000000000e+00
6.960861468167655e-05	-3.585750581086658e-07	0.000000000000000e+00
4.608682893279840e-05	-5.713532923051253e-06	0.000000000000000e+00
5.103205507772666e-05	-2.402388162898353e-07	0.000000000000000e+00
5.112916460291070e-05	-2.851672856765338e-07	0.000000000000000e+00
3.797144241274586e-05	-1.614933302033722e-06	0.000000000000000e+00
6.404272583177341e-05	-3.786481574357058e-06	0.000000000000000e+00
4.705903583513533e-05	-8.979034592209378e-07	0.000000000000000e+00
5.166028464407756e-05	-3.906375094139896e-07	0.000000000000000e+00
5.152044157148392e-05	-2.780204422627284e-07	0.000000000000000e+00
5.142013990324392e-05	-3.022457742155484e-07	0.000000000000000e+00
5.149691679557070e-05	-1.644895769340494e-07	0.000000000000000e+00
5.153129629579036e-05	-8.112139401242664e-08	0.000000000000000e+00
5.142846997645918e-05	-8.417965606498540e-08	0.000000000000000e+00
5.137850826066215e-05	-1.693035037785996e-07	0.000000000000000e+00
5.127225539940689e-05	-1.727942128364272e-07	0.000000000000000e+00
5.122206128964891e-05	-8.684883904215472e-08	0.000000000000000e+00
5.117153840839050e-05	-1.657261813115567e-07	0.000000000000000e+00
5.109334762322882e-05	-1.603499264189171e-07	0.000000000000000e+00
5.099838426440261e-05	-1.048359692996952e-07	0.000000000000000e+00
5.120480066983888e-05	-2.517220600342431e-07	0.000000000000000e+00
5.132382157813931e-05	-2.781203237706879e-07	0.000000000000000e+00
5.144771347191020e-05	-2.265436106328332e-07	0.000000000000000e+00
5.112618127641911e-05	-2.206408539462172e-07	0.000000000000000e+00
4.345507404978491e-05	-7.434235183217934e-06	0.000000000000000e+00
5.765706704762642e-05	-1.170022354756686e-06	0.000000000000000e+00
end_coordinates

begin_region "bulk" "Silicon"
begin_nodes
0
1
2
3
4
5
10
11
12
13
14
15
16
17
18
19
20
21
22
23
24
25
26
27
28
29
30
31
32
33
34
35
36
37
38
39
40
41
42
43
44
45
46
47
48
49
50
51
52
53
54
55
56
57
58
59
60
61
62
63
64
65
66
67
68
69
70
71
72
73
74
75
76
77
78
79
80
81
82
83
84
85
86
87
88
89
90
91
92
93
94
95
96
97
98
99
100
101
102
103
104
105
106
107
108
109
110
111
112
113
114
115
116
117
118
119
120
121
122
123
124
125
126
127
128
129
130
131
132
133
134
135
136
137
138
139
140
141
142
143
144
145
146
147
148
149
150
151
152
153
154
155
156
157
158
159
160
161
162
163
164
165
166
167
168
169
170
171
172
173
174
175
176
177
178
179
180
181
182
183
184
185
186
187
188
189
190
191
192
193
194
195
196
197
198
199
200
201
202
203
204
205
206
207
208
209
210
211
212
213
214
215
216
217
218
219
220
221
222
223
224
225
226
227
228
229
230
231
232
233
234
235
236
237
238
239
240
241
242
243
244
245
246
247
248
249
250
251
252
253
254
255
256
257
258
259
260
261
262
263
264
265
266
267
268
269
270
271
272
273
274
275
276
277
278
279
280
281
282
283
284
285
286
287
288
289
290
291
292
293
294
295
296
297
298
299
300
301
302
303
304
305
306
307
308
309
310
311
312
313
314
315
316
317
318
319
320
321
322
323
324
325
326
327
328
329
330
331
332
333
334
335
336
337
338
339
340
405
406
407
408
409
410
411
412
413
414
415
416
417
418
419
420
421
422
423
424
425
426
427
428
429
430
431
432
433
434
435
436
437
438
439
440
441
442
443
444
445
446
447
448
449
450
451
452
453
454
455
456
457
458
459
460
461
462
463
464
465
466
467
468
469
470
471
472
473
474
475
476
477
478
479
480
481
482
483
484
485
486
487
488
489
490
491
492
493
494
495
496
497
498
499
500
501
502
503
504
505
506
507
508
509
510
511
512
513
514
515
516
517
518
519
520
521
522
523
524
525
526
527
528
529
530
531
532
533
534
535
536
537
538
539
540
541
542
543
544
545
546
547
548
549
550
551
552
553
554
555
556
557
558
559
560
561
562
563
564
565
566
567
568
569
570
571
572
573
574
575
576
577
578
579
580
581
582
583
584
585
586
587
588
589
590
591
592
593
594
595
596
597
598
599
600
601
602
603
604
605
606
607
608
609
610
611
612
613
614
615
616
617
618
619
620
621
622
623
624
625
626
627
628
629
630
631
632
633
634
635
636
637
638
639
640
641
642
643
644
645
646
647
648
649
650
651
652
653
654
655
656
657
658
659
660
661
662
663
664
665
666
667
668
669
670
671
672
673
674
675
676
677
678
679
680
681
682
683
684
685
686
687
688
689
690
691
692
693
694
695
696
697
698
699
700
701
702
703
704
705
706
707
708
709
710
711
712
713
714
715
716
717
718
719
720
721
722
723
724
725
726
727
728
729
730
731
732
733
734
735
736
737
738
739
740
741
742
743
744
745
746
747
748
749
750
751
752
753
754
755
756
757
758
759
760
761
762
763
764
765
766
767
768
769
770
771
772
773
774
775
776
777
778
779
780
781
782
783
784
785
786
787
788
789
790
791
792
793
794
795
796
797
798
799
800
801
802
803
804
805
806
807
808
809
810
811
812
813
814
815
816
817
818
819
820
821
822
823
824
825
826
827
828
829
830
831
832
833
834
835
836
837
838
839
840
841
842
843
844
845
846
847
848
849
850
851
852
853
854
855
856
857
858
859
860
861
862
863
864
865
866
867
868
869
870
871
872
873
874
875
876
877
878
879
880
881
882
883
884
885
886
887
888
889
890
891
892
893
894
895
896
897
898
899
900
901
902
903
904
905
906
907
908
909
910
911
912
913
914
915
916
917
918
919
920
921
922
923
924
925
926
927
928
929
930
931
932
933
934
935
936
937
938
939
940
941
942
943
944
945
946
947
948
949
950
951
952
953
954
955
956
957
958
959
960
961
962
963
964
965
966
967
968
969
970
971
972
973
974
975
976
977
978
979
980
981
982
983
984
985
986
987
988
989
990
991
992
993
994
995
996
997
998
999
1000
1001
1002
1003
1004
1005
1006
1007
1008
1009
1010
1011
1012
1013
1014
1015
1016
1017
1018
1019
1020
1021
1022
1023
1024
1025
1026
1027
1028
1029
1030
1031
1032
1033
1034
1035
1036
1037
1038
1039
1040
1041
1042
1043
1044
1045
1046
1047
1048
1049
1050
1051
1052
1053
1054
1055
1056
1057
1058
1059
1060
1061
1062
1063
1064
1065
1066
1067
1068
1069
1070
1071
1072
1073
1074
1075
1076
1077
1078
1079
1080
1081
1082
1083
1084
1085
1086
1087
1088
1089
1090
1091
1092
1093
1094
1095
1096
1097
1098
1099
1100
1101
1102
1103
1104
1105
1106
1107
1108
1109
1110
1111
1112
1113
1114
1115
1116
1117
1118
1119
1120
1121
1122
1123
1124
1125
1126
1127
1128
1129
1130
1131
1132
1133
1134
1135
1136
1137
1138
1139
1140
1141
1142
1143
1144
1145
1146
1147
1148
1149
1150
1151
1152
1153
1154
1155
1156
1157
1158
1159
1160
1161
1162
1163
1164
1165
1166
1167
1168
1169
1170
1171
1172
1173
1174
1175
1176
1177
1178
1179
1180
1181
1182
1183
1184
1185
1186
1187
1188
1189
1190
1191
1192
1193
1194
1195
1196
1197
1198
1199
1200
1201
1202
1203
1204
1205
1206
1207
1208
1209
1210
1211
1212
1213
1214
1215
1216
1217
1218
1219
1220
1221
1222
1223
1224
1225
1226
1227
1228
1229
1230
1231
1232
1233
1234
1235
1236
1237
1238
1239
1240
1241
1242
1243
1244
1245
1246
1247
1248
1249
1250
1251
1252
1253
1254
1255
1256
1257
1258
1259
1260
1261
1262
1263
1264
1265
1266
1267
1268
1269
1270
1271
1272
1273
1274
1275
1276
1277
1278
1279
1280
1281
1282
1283
1284
1285
1286
1287
1288
1289
1290
1291
1292
1293
1294
1295
1296
1297
1298
1299
1300
1301
1302
1303
1304
1305
1306
1307
1308
1309
1310
1311
1312
1313
1314
1315
1316
1317
1318
1319
1320
1321
1322
1323
1324
1325
1326
1327
1328
1329
1330
1331
1332
1333
1334
1335
1336
1337
1338
1339
1340
1341
1342
1343
1344
1345
1346
1347
1348
1349
1350
1351
1352
1353
1354
1355
1356
1357
1358
1359
1360
1361
1362
1363
1364
1365
1366
1367
1368
1369
1370
1371
1372
1373
1374
1375
1376
1377
1378
1379
1380
1381
1382
1383
1384
1385
1386
1387
1388
1389
1390
1391
1392
1393
1394
1395
1396
1397
1398
1399
1400
1401
1402
1403
1404
1405
1406
1407
1408
1409
1410
1411
1412
1413
1414
1415
1416
1417
1418
1419
1420
1421
1422
1423
1424
1425
1426
1427
1428
1429
1430
1431
1432
1433
1434
1435
1436
1437
1438
1439
1440
1441
1442
1443
1444
1445
1446
1447
1448
1449
1450
1451
1452
1453
1454
1455
1456
1457
1458
1459
1460
1461
1462
1463
1464
1465
1466
1467
1468
1469
1470
1471
1472
1473
1474
1475
1476
1477
1478
1479
1480
1481
1482
1483
1484
1485
1486
1487
1488
1489
1490
1491
1492
1493
1494
1495
1496
1497
1498
1499
1500
1501
1502
1503
1504
1505
1506
1507
1508
1509
1510
1511
1512
1513
1514
1515
1516
1517
1518
1519
1520
1521
1522
1523
1524
1525
1526
1527
1528
1529
1530
1531
1532
1533
1534
1535
1536
1537
1538
1539
1540
1541
1542
1543
1544
1545
1546
1547
1548
1549
1550
1551
1552
1553
1554
1555
1556
1557
1558
1559
1560
1561
1562
1563
1564
1565
1566
1567
1568
1569
1570
1571
1572
1573
1574
1575
1576
1577
1578
1579
1580
1581
1582
1583
1584
1585
1586
1587
1588
1589
1590
1591
1592
1593
1594
1595
1596
1597
1598
1599
1600
1601
1602
1603
1604
1605
1606
1607
1608
1609
1610
1611
1612
1613
1614
1615
1616
1617
1618
1619
1620
1621
1622
1623
1624
1625
1626
1627
1628
1629
1630
1631
1632
1633
1634
1635
1636
1637
1638
1639
1640
1641
1642
1643
1644
1645
1646
1647
1648
1649
1650
1651
1652
1653
1654
1655
1656
1657
1658
1659
1660
1661
1662
1663
1664
1665
1666
1667
1668
1669
1670
1671
1672
1673
1674
1675
1676
1677
1678
1679
1680
1681
1682
1683
1684
1685
1686
1687
1688
1689
1690
1691
1692
1693
1694
1695
1696
1697
1698
1699
1700
1701
1702
1703
1704
1705
1706
1707
1708
1709
1710
1711
1712
1713
1714
1715
1716
1717
1718
1719
1720
1721
1722
1723
1724
1725
1726
1727
1728
1729
1730
1731
1732
1733
1734
1735
1736
1737
1738
1739
1740
1741
1742
1743
1744
1745
1746
1747
1748
1749
1750
1751
1752
1753
1754
1755
1756
1757
1758
1759
1760
1761
1762
1763
1764
1765
1766
1767
1768
1769
1770
1771
1772
1773
1774
1775
1776
1777
1778
1779
1780
1781
1782
1783
1784
1785
1786
1787
1788
1789
1790
1791
1792
1793
1794
1795
1796
1797
1798
1799
1800
1801
1802
1803
1804
1805
1806
1807
1808
1809
1810
1811
1812
1813
1814
1815
1816
1817
1818
1819
1820
1821
1822
1823
1824
1825
1826
1827
1828
1829
1830
1831
1832
1833
1834
1835
1836
1837
1838
1839
1840
1841
1842
1843
1844
1845
1846
1847
1848
1849
1850
1851
1852
1853
1854
1855
1856
1857
1858
1859
1860
1861
1862
1863
1864
1865
1866
1867
1868
1869
1870
1871
1872
1873
1874
1875
1876
1877
1878
1879
1880
1881
1882
1883
1884
1885
1886
1887
1888
1889
1890
1891
1892
1893
1894
1895
1896
1897
1898
1899
1900
1901
1902
1903
1904
1905
1906
1907
1908
1909
1910
1911
1912
1913
1914
1915
1916
1917
1918
1919
1920
1921
1922
1923
1924
1925
1926
1927
1928
1929
1930
1931
1932
1933
1934
1935
1936
1937
1938
1939
1940
1941
1942
1943
1944
1945
1946
1947
1948
1949
1950
1951
1952
1953
1954
1955
1956
1957
1958
1959
1960
1961
1962
1963
1964
1965
1966
1967
1968
1969
1970
1971
1972
1973
1974
1975
1976
1977
1978
1979
1980
1981
1982
1983
1984
1985
1986
1987
1988
1989
1990
1991
1992
1993
1994
1995
1996
1997
1998
1999
2000
2001
2002
2003
2004
2005
2006
2007
2008
2009
2010
2011
2012
2013
2014
2015
2016
2017
2018
2019
2020
2021
2022
2023
2024
2025
2026
2027
2028
2029
2030
2031
2032
2033
2034
2035
2036
2037
2038
2039
2040
2041
2042
2043
2044
2045
2046
2047
2048
2049
2050
2051
2052
2053
2054
2055
2056
2057
2058
2059
2060
2061
2062
2063
2064
2065
2066
2067
2068
2069
2070
2071
2072
2073
2074
2075
2076
2077
2078
2079
2080
2081
2082
2083
2084
2085
2086
2087
2088
2089
2090
2091
2092
2093
2094
2095
2096
2097
2098
2099
2100
2101
2102
2103
2104
2105
2106
2107
2108
2109
2110
2111
2112
2113
2114
2115
2116
2117
2118
2119
2120
2121
2122
2123
2124
2125
2126
2127
2128
2129
2130
2131
2132
2133
2134
2135
2136
2137
2138
2139
2140
2141
2142
2143
2144
2145
2146
2147
2148
2149
2150
2151
2152
2153
2154
2155
2156
2157
2158
2159
2160
2161
2162
2163
2164
2165
2166
2167
2168
2169
2170
2171
2172
2173
2174
2175
2176
2177
2178
2179
2180
2181
2182
2183
2184
2185
2186
2187
2188
2189
2190
2191
2192
2193
2194
2195
2196
2197
2198
2199
2200
2201
2202
2203
2204
2205
2206
2207
2208
2209
2210
2211
2212
2213
2214
2215
2216
2217
2218
2219
2220
2221
2222
2223
2224
2225
2226
2227
2228
2229
2230
2231
2232
2233
2234
2235
2236
2237
2238
2239
2240
2241
2242
2243
2244
2245
2246
2247
2248
2249
2250
2251
2252
2253
2254
2255
2256
2257
2258
2259
2260
2261
2262
2263
2264
2265
2266
2267
2268
2269
2270
2271
2272
2273
2274
2275
2276
2277
2278
2279
2280
2281
2282
2283
2284
2285
2286
2287
2288
2289
2290
2291
2292
2293
2294
2295
2296
2297
2298
2299
2300
2301
2302
2303
2304
2305
2306
2307
2308
2309
2310
2311
2312
2313
2314
2315
2316
2317
2318
2319
2320
2321
2322
2323
2324
2325
2326
2327
2328
2329
2330
2331
2332
2333
2334
2335
2336
2337
2338
2339
2340
2341
2342
2343
2344
2345
2346
2347
2348
2349
2350
2351
2352
2353
2354
2355
2356
2357
2358
2359
2360
2361
2362
2363
2364
2365
2366
2367
2368
2369
2370
2371
2372
2373
2374
2375
2376
2377
2378
2379
2380
2381
2382
2383
2384
2385
2386
2387
2388
2389
2390
2391
2392
2393
2394
2395
2396
2397
2398
2399
2400
2401
2402
2403
2404
2405
2406
2407
2408
2409
2410
2411
2412
2413
2414
2415
2416
2417
2418
2419
2420
2421
2422
2423
2424
2425
2426
2427
2428
2429
2430
2431
2432
2433
2434
2435
2436
2437
2438
2439
2440
2441
2442
2443
2444
2445
2446
2447
2448
2449
2450
2451
2452
2453
2454
2455
2456
2457
2458
2459
2460
2461
2462
2463
2464
2465
2466
2467
2468
2469
2470
2471
2472
2473
2474
2475
2476
2477
2478
2479
2480
2481
2482
2483
2484
2485
2486
2487
2488
2489
2490
2491
2492
2493
2494
2495
2496
2497
2498
2499
2500
2501
2502
2503
2504
2505
2506
2507
2508
2509
2510
2511
2512
2513
2514
2515
2516
2517
2518
2519
2520
2521
2522
2523
2524
2525
2526
2527
2528
2529
2530
2531
2532
2533
2534
2535
2536
2537
2538
2539
2540
2541
2542
2543
2544
2545
2546
2547
2548
2549
2550
2551
2552
2553
2554
2555
2556
2557
2558
2559
2560
2561
2562
2563
2564
2565
2566
2567
2568
2569
2570
2571
2572
2573
end_nodes

begin_triangles
0	314	2286
0	315	2286
1	302	351
1	303	1774
1	351	1774
2	88	1423
2	89	349
2	349	1423
3	76	2285
3	77	2285
4	54	1142
4	55	1142
5	6	1143
5	336	1143
6	7	1143
7	8	2210
7	1143	2210
8	9	453
8	453	2210
9	10	1901
9	453	1901
10	11	411
10	411	1901
11	12	1906
11	411	1906
12	13	1917
12	1906	1917
13	14	410
13	410	1917
14	15	1914
14	410	1914
15	16	1915
15	1914	1915
16	17	375
16	375	1915
17	18	1912
17	375	1912
18	19	451
18	451	1912
19	20	1896
19	451	1896
20	21	367
20	367	1896
21	22	1895
21	367	1895
22	23	1871
22	1871	1895
23	24	447
23	447	1871
24	25	1872
24	447	1872
25	26	366
25	366	1872
26	27	1857
26	366	1857
27	28	1991
27	1857	1991
28	29	446
28	446	1991
29	30	1823
29	446	1823
30	31	364
30	364	1823
31	32	1799
31	364	1799
32	33	445
32	445	1799
33	34	1824
33	445	1824
34	35	2275
34	1824	2275
35	36	365
35	365	2275
36	37	1858
36	365	1858
37	38	450
37	450	1858
38	39	1874
38	450	1874
39	40	373
39	373	1874
40	41	2090
40	373	2090
41	42	454
41	454	2090
42	43	1907
42	454	1907
43	44	374
43	374	1907
44	45	1922
44	374	1922
45	46	2021
45	1922	2021
46	47	408
46	408	2021
47	48	1904
47	408	1904
48	49	1903
48	1903	1904
49	50	409
49	409	1903
50	51	1899
50	409	1899
51	52	452
51	452	1899
52	53	1898
52	452	1898
53	54	1142
53	1142	1898
55	56	1403
55	1142	2016
55	1403	2016
56	57	448
56	448	1403
57	58	1484
57	448	1484
58	59	419
58	419	2152
58	1484	2152
59	60	1409
59	419	2429
59	1409	2429
60	61	400
60	400	1409
61	62	2393
61	400	2051
61	2051	2393
62	63	1316
62	1316	1390
62	1390	2393
63	64	371
63	371	1316
64	65	1413
64	371	1413
65	66	1873
65	1413	1873
66	67	354
66	354	1873
67	68	1783
67	354	1783
68	69	440
68	440	1783
69	70	1927
69	440	1927
70	71	392
70	392	1927
71	72	2064
71	392	2064
72	73	2198
72	1381	2064
72	1381	2198
73	74	423
73	423	2198
74	75	1601
74	423	1601
75	76	1094
75	1094	1601
76	1094	2285
77	78	1863
77	1863	2285
78	79	462
78	462	1863
79	80	1663
79	462	1663
80	81	415
80	415	1663
81	82	1568
81	415	1568
82	83	1553
82	1553	1568
83	84	402
83	402	1553
84	85	2013
84	402	2013
85	86	2148
85	2013	2148
86	87	362
86	362	2148
87	88	2438
87	362	1944
87	1944	2438
88	1423	1485
88	1485	2438
89	90	1435
89	349	1435
90	91	372
90	372	1503
90	1435	1503
91	92	1367
91	372	1367
92	93	1367
93	94	466
93	466	1367
94	95	2319
94	466	2319
95	96	412
95	412	2319
96	97	2322
96	412	2322
97	98	465
97	465	2322
98	99	1216
98	465	1216
99	100	1216
100	101	2037
100	353	1216
100	353	2037
101	102	1239
101	1239	2020
101	2020	2437
101	2037	2437
102	103	1547
102	337	1239
102	337	1547
103	104	540
103	540	1547
104	105	1713
104	540	1713
105	106	418
105	418	1713
106	107	1736
106	418	1736
107	108	1688
107	1688	1736
108	109	368
108	368	1688
109	110	1920
109	368	1920
110	111	2469
110	1920	2469
111	112	1119
111	1119	2469
112	113	1853
112	425	1119
112	425	2384
112	1853	2384
113	114	2276
113	360	1852
113	360	2276
113	1852	1853
114	115	457
114	457	2276
115	116	2219
115	457	2218
115	2218	2219
116	117	370
116	370	2219
117	118	2224
117	370	2224
118	119	1730
118	1730	2224
119	120	422
119	422	1730
120	121	1700
120	422	1700
121	122	2501
121	1700	2501
122	123	1127
122	1127	2501
123	124	2159
123	338	1127
123	338	2159
124	125	2192
124	383	1850
124	383	2192
124	1850	2159
125	126	458
125	458	2192
126	127	348
126	348	458
127	128	348
128	129	2161
128	348	2161
129	130	1665
129	1665	2161
130	131	429
130	429	1665
131	132	1711
131	429	1711
132	133	352
132	352	1711
133	134	352
134	135	2299
134	352	2299
135	136	2214
135	339	2125
135	339	2214
135	498	2125
135	498	2299
136	137	455
136	455	2214
137	138	2163
137	455	2081
137	2081	2163
138	139	380
138	380	2163
139	140	2166
139	380	2166
140	141	2167
140	2166	2167
141	142	421
141	421	2167
142	143	2311
142	421	2311
143	144	2503
143	2311	2503
144	145	1128
144	1128	2503
145	146	1478
145	379	1128
145	379	1478
146	147	1125
146	1125	1174
146	1174	1187
146	1187	1478
147	148	2382
147	347	1125
147	347	2382
148	149	2190
148	2190	2382
149	150	438
149	438	2190
150	151	1732
150	438	1732
151	152	413
151	413	1732
152	153	1729
152	413	1729
153	154	1723
153	1723	1729
154	155	426
154	426	1723
155	156	426
156	157	1817
156	426	1816
156	1816	1817
157	158	2246
157	381	1817
157	381	2470
157	2246	2470
158	159	2066
158	2066	2245
158	2245	2246
159	160	2089
159	2066	2088
159	2088	2089
160	161	434
160	434	2089
161	162	1706
161	434	1706
162	163	407
162	407	1706
163	164	1731
163	407	1731
164	165	1715
164	1715	1731
165	166	355
165	355	1715
166	167	1728
166	355	1728
167	168	492
167	492	1728
168	169	2126
168	492	2126
169	170	1834
169	350	1834
169	350	2338
169	468	2126
169	468	2338
170	171	2031
170	1471	1834
170	1471	2031
171	172	464
171	464	2031
172	173	1687
172	464	1687
173	174	406
173	406	1687
174	175	1682
174	406	1682
175	176	1722
175	1682	1722
176	177	358
176	358	1722
177	178	1719
177	358	1719
178	179	437
178	437	1719
179	180	437
180	181	1999
180	437	456
180	456	1999
181	182	341
181	341	2477
181	1999	2477
182	183	1527
182	341	2106
182	1527	2307
182	2106	2307
183	184	414
183	414	1527
184	185	1526
184	414	1526
185	186	1720
185	1526	1720
186	187	395
186	395	1720
187	188	1735
187	395	1735
188	189	439
188	439	1735
189	190	1676
189	439	1676
190	191	1676
191	192	491
191	491	1676
192	193	1982
192	491	1982
193	194	2312
193	382	1847
193	382	1982
193	1846	1847
193	1846	2312
194	195	1161
194	346	1161
194	346	2312
195	196	1161
196	197	1702
196	1161	1702
197	198	428
197	428	1702
198	199	1695
198	428	1695
199	200	385
199	385	1695
200	201	1699
200	385	1699
201	202	430
201	430	1699
202	203	1692
202	430	1692
203	204	496
203	496	1692
204	205	2350
204	496	2350
205	206	497
205	378	2350
205	378	2388
205	497	2388
206	207	342
206	342	2105
206	497	2105
207	208	2211
207	342	1778
207	1778	2211
208	209	427
208	427	2211
209	210	1691
209	427	1691
210	211	1671
210	1671	1691
211	212	384
211	384	1671
212	213	1714
212	384	1714
213	214	541
213	541	1714
214	215	541
215	216	469
215	469	541
216	217	363
216	363	2359
216	469	2359
217	218	467
217	363	2396
217	467	2396
218	219	493
218	467	493
219	220	1698
219	493	1698
220	221	386
220	386	1698
221	222	1705
221	386	1705
222	223	1727
222	1705	1727
223	224	404
223	404	1727
224	225	1667
224	404	1667
225	226	1737
225	1667	1737
226	227	405
226	405	1737
227	228	405
228	229	2199
228	405	2199
229	230	343
229	343	2199
230	231	1112
230	343	1112
231	232	2355
231	1112	2355
232	233	2424
232	393	2355
232	393	2424
233	234	2424
234	235	461
234	461	2422
234	2422	2424
235	236	2442
235	461	2442
236	237	394
236	394	2442
237	238	2444
237	394	2444
238	239	433
238	433	2444
239	240	433
240	241	2439
240	433	2439
241	242	357
241	357	2439
242	243	499
242	357	499
243	244	2018
243	499	1961
243	1961	2018
244	245	389
244	389	2018
245	246	442
245	389	442
246	247	442
247	248	390
247	390	442
248	249	390
249	250	431
249	390	431
250	251	431
251	252	431
252	253	2174
252	431	2174
253	254	344
253	344	2174
254	255	564
254	344	564
255	256	387
255	387	1805
255	564	1805
256	257	387
257	258	443
257	387	443
258	259	443
259	260	388
259	388	443
260	261	388
261	262	388
262	263	435
262	388	435
263	264	435
264	265	2122
264	435	2122
265	266	361
265	361	2407
265	2122	2407
266	267	543
266	361	543
267	268	396
267	396	2027
267	543	2027
268	269	396
269	270	444
269	396	444
270	271	444
271	272	444
272	273	397
272	397	444
273	274	397
274	275	436
274	397	436
275	276	436
276	277	2118
276	436	2118
277	278	345
277	345	2118
278	279	1087
278	345	1087
279	280	2039
279	1087	1489
279	1489	2039
280	281	398
280	398	2039
281	282	1709
281	398	1709
282	283	1491
282	1491	1709
283	284	1703
283	1491	1703
284	285	399
284	399	1703
285	286	1740
285	399	1740
286	287	432
286	432	1740
287	288	432
288	289	2456
288	432	2456
289	290	359
289	359	2456
290	291	1502
290	359	2289
290	1502	2289
291	292	417
291	417	1502
292	293	1855
292	417	1855
293	294	2263
293	1855	2263
294	295	377
294	377	2263
295	296	2260
295	377	2260
296	297	2264
296	2260	2264
297	298	1173
297	1173	2264
298	299	2272
298	1173	2272
299	300	2265
299	2265	2272
300	301	2265
301	302	2079
301	2079	2257
301	2257	2265
302	351	567
302	567	2079
303	304	2490
303	1774	2250
303	2250	2490
304	305	369
304	369	2490
305	306	1476
305	369	1476
306	307	1477
306	1476	1477
307	308	403
307	403	1477
308	309	1567
308	403	1567
309	310	1592
309	1567	1592
310	311	416
310	416	1592
311	312	1662
311	416	1662
312	313	463
312	463	1662
313	314	1864
313	463	1864
314	1864	2286
315	316	1095
315	1095	2286
316	317	1603
316	1095	1603
317	318	424
317	424	1603
318	319	1607
318	424	1607
319	320	1742
319	1607	1742
320	321	391
320	391	1742
321	322	1786
321	391	1786
322	323	441
322	441	1786
323	324	1784
323	441	1784
324	325	356
324	356	1784
325	326	1479
325	356	1479
326	327	1164
326	1164	1479
327	328	376
327	376	1164
328	329	1867
328	376	1867
329	330	2006
329	1867	2006
330	331	401
330	401	2243
330	2006	2243
331	332	1956
331	401	1956
332	333	420
332	420	2340
332	1956	2340
333	334	1398
333	420	2335
333	1398	2335
334	335	449
334	449	1398
335	336	1402
335	449	1402
336	1143	2237
336	1402	2237
337	1239	1335
337	1335	1336
337	1336	1533
337	1533	1800
337	1547	1800
338	1127	1701
338	1387	1795
338	1387	2159
338	1701	1795
339	1330	2000
339	1330	2001
339	2000	2125
339	2001	2214
340	1804	2065
340	1804	2133
340	2065	2066
340	2066	2245
340	2133	2245
341	1869	2082
341	1869	2106
341	2082	2477
342	1777	1778
342	1777	1883
342	1883	1884
342	1884	2105
343	1112	1113
343	1113	1114
343	1114	2075
343	2075	2199
344	564	565
344	565	1148
344	1148	1808
344	1808	2174
345	1087	1088
345	1088	1090
345	1090	1775
345	1775	2118
346	1161	1462
346	1462	2280
346	2280	2312
347	1125	2104
347	2104	2486
347	2382	2486
348	458	460
348	460	566
348	566	2161
349	1423	2363
349	1435	2236
349	2236	2363
350	1373	1834
350	1373	2332
350	1532	2332
350	1532	2338
351	567	568
351	568	939
351	939	1774
352	1711	1712
352	1712	2299
353	1216	2323
353	2035	2316
353	2035	2391
353	2037	2391
353	2316	2323
354	1783	2121
354	1873	2121
355	1715	1716
355	1716	1747
355	1728	1747
356	1479	2351
356	1784	1941
356	1941	2351
357	499	500
357	500	1819
357	1819	1836
357	1836	2439
358	1719	2308
358	1722	1765
358	1765	2308
359	2284	2289
359	2284	2454
359	2454	2456
360	1377	1535
360	1377	2036
360	1535	2402
360	1852	2402
360	2036	2276
361	543	544
361	544	546
361	546	2407
362	1934	1944
362	1934	2403
362	2148	2403
363	1510	2358
363	1510	2397
363	2358	2359
363	2396	2397
364	1799	2182
364	1823	1972
364	1972	2182
365	1500	2197
365	1500	2275
365	1858	2197
366	1541	1548
366	1541	1872
366	1548	1857
367	1754	1896
367	1754	2459
367	1895	2459
368	1688	1689
368	1689	2465
368	1920	2465
369	1428	1430
369	1428	1476
369	1430	1434
369	1434	2490
370	2219	2220
370	2220	2221
370	2221	2224
371	1316	1518
371	1413	2446
371	1518	2446
372	1367	2324
372	1503	2313
372	2313	2314
372	2314	2324
373	1475	1874
373	1475	1875
373	1875	2090
374	1907	2143
374	1922	2143
375	1912	2215
375	1915	1916
375	1916	2215
376	1164	1165
376	1165	1438
376	1438	1867
377	2260	2261
377	2261	2262
377	2262	2263
378	1865	2350
378	1865	2387
378	2387	2388
379	1128	2399
379	1417	1478
379	1417	2137
379	2137	2399
380	2163	2164
380	2164	2165
380	2165	2166
381	1405	1815
381	1405	2181
381	1771	2181
381	1771	2470
381	1815	1817
382	1766	1847
382	1766	1981
382	1981	1982
383	1218	1985
383	1218	2192
383	1850	1985
384	1671	1672
384	1672	1674
384	1674	1714
385	1695	1752
385	1699	2119
385	1752	2119
386	1698	2473
386	1705	2473
387	443	2296
387	1805	2294
387	2294	2296
388	435	2123
388	443	2295
388	2123	2295
389	442	1962
389	1962	2018
390	431	1967
390	442	1968
390	1967	1968
391	1742	2475
391	1786	2056
391	2056	2475
392	1744	1927
392	1744	2426
392	2064	2426
393	2355	2361
393	2361	2420
393	2420	2422
393	2422	2424
394	2441	2442
394	2441	2443
394	2443	2444
395	1720	1750
395	1735	1759
395	1750	1759
396	444	2028
396	2027	2028
397	436	2112
397	444	2112
398	1709	2042
398	2039	2472
398	2042	2472
399	1703	1704
399	1704	1740
400	1409	2244
400	1550	1551
400	1550	2244
400	1551	2051
401	1843	2243
401	1843	2326
401	1956	2504
401	2326	2504
402	1515	1523
402	1515	2375
402	1523	2013
402	1553	2375
403	1477	1788
403	1567	1830
403	1788	1830
404	1667	1668
404	1668	1669
404	1669	1727
405	1737	1738
405	1738	2199
406	1682	1683
406	1683	1684
406	1684	1687
407	1706	1749
407	1731	1756
407	1749	1756
408	1513	1904
408	1513	1905
408	1905	2021
409	1514	1903
409	1514	1911
409	1899	1911
410	1839	1914
410	1839	2083
410	1917	2083
411	1400	1901
411	1400	2100
411	1906	2100
412	2319	2320
412	2320	2321
412	2321	2322
413	1729	1757
413	1732	1751
413	1751	1757
414	1526	2069
414	1527	2070
414	2069	2070
415	1568	1569
415	1569	2273
415	1663	2273
416	1592	2017
416	1662	2078
416	2017	2078
417	1502	2345
417	1855	2346
417	2345	2346
418	1713	2134
418	1736	2030
418	2030	2134
419	1980	2170
419	1980	2429
419	2152	2170
420	2191	2340
420	2191	2389
420	2335	2389
421	2140	2309
421	2140	2310
421	2167	2309
421	2310	2311
422	1700	1701
422	1701	2225
422	1730	2225
423	1601	1849
423	1849	2050
423	2050	2198
424	1603	1828
424	1607	2379
424	1828	2379
425	1119	1358
425	1358	1989
425	1854	2230
425	1854	2384
425	1989	2230
426	1723	1724
426	1724	1816
427	1691	1762
427	1762	1763
427	1763	2211
428	1695	1696
428	1696	1697
428	1697	1702
429	1665	1666
429	1666	2368
429	1711	2368
430	1692	1693
430	1693	1694
430	1694	1699
431	1967	2174
432	1740	1741
432	1741	2456
433	2115	2439
433	2115	2443
433	2443	2444
434	1706	1707
434	1707	1708
434	1708	2089
435	2122	2123
436	2112	2118
437	456	470
437	470	1245
437	1245	1719
438	1732	1733
438	1733	1734
438	1734	2190
439	1676	1677
439	1677	1678
439	1678	1735
440	1644	1927
440	1644	2180
440	1783	2180
441	1784	1785
441	1785	2451
441	1786	2451
442	1962	1968
443	2295	2296
444	2028	2112
445	1799	2110
445	1824	2007
445	2007	2110
446	1418	1891
446	1418	1991
446	1823	1891
447	1838	1871
447	1838	2466
447	1872	2466
448	1403	1472
448	1472	1755
448	1484	1755
449	1398	1399
449	1399	2431
449	1402	2431
450	1858	2227
450	1874	2478
450	2227	2478
451	1896	2196
451	1912	1913
451	1913	2196
452	1898	2302
452	1899	2303
452	2302	2303
453	1591	1901
453	1591	1902
453	1902	2210
454	1875	1908
454	1875	2090
454	1907	1908
455	2001	2150
455	2001	2214
455	2081	2150
456	470	471
456	471	1999
457	2036	2216
457	2036	2276
457	2216	2218
458	459	460
458	459	1218
458	1218	2192
459	460	2371
459	1218	1219
459	1219	1221
459	1221	2371
460	566	2370
460	2370	2371
461	2422	2423
461	2423	2440
461	2440	2442
462	1602	1863
462	1602	2012
462	1663	2012
463	1662	2117
463	1864	2173
463	2117	2173
464	1687	2149
464	2031	2135
464	2135	2149
465	1216	2323
465	2322	2323
466	1367	2317
466	2317	2318
466	2318	2319
467	493	2060
467	2060	2395
467	2395	2396
468	1532	2338
468	1532	2342
468	1566	2126
468	1566	2342
469	541	2240
469	2053	2240
469	2053	2360
469	2359	2360
470	471	472
470	472	1243
470	1243	1245
471	472	473
471	473	1563
471	1563	1999
472	473	474
472	474	490
472	490	1242
472	1242	1243
473	474	475
473	475	542
473	542	1563
474	475	476
474	476	1837
474	490	1837
475	476	477
475	477	1986
475	542	1986
476	477	478
476	478	489
476	489	1837
477	478	479
477	479	488
477	488	1986
478	479	480
478	480	2378
478	489	2378
479	480	481
479	481	2468
479	488	2468
480	481	482
480	482	2043
480	2043	2378
481	482	483
481	483	1885
481	1885	2468
482	483	484
482	484	487
482	487	2043
483	484	485
483	485	486
483	486	1885
484	485	634
484	487	1933
484	634	1933
485	486	2203
485	634	690
485	690	2203
486	1449	1885
486	1449	2098
486	2098	2203
487	1455	2247
487	1455	2414
487	1933	2247
487	2043	2414
488	1469	1890
488	1469	2305
488	1890	2468
488	1986	2305
489	1392	1837
489	1392	1909
489	1909	1910
489	1910	2378
490	1242	1246
490	1246	1247
490	1247	1837
491	1676	1681
491	1679	1681
491	1679	1981
491	1981	1982
492	1728	1747
492	1747	2304
492	2126	2304
493	494	1698
493	494	2060
494	495	1670
494	495	2473
494	1670	2460
494	1698	2473
494	2060	2460
495	1670	1975
495	1975	2473
496	1692	1693
496	1693	2202
496	2202	2350
497	1889	2434
497	1889	2467
497	2105	2434
497	2388	2467
498	2125	2394
498	2146	2299
498	2146	2394
499	500	501
499	501	1961
500	501	502
500	502	503
500	503	1819
501	502	1812
501	1812	1963
501	1961	1962
501	1962	1963
502	503	504
502	504	505
502	505	1812
503	504	507
503	507	508
503	508	1819
504	505	506
504	506	2005
504	507	2005
505	506	545
505	545	558
505	558	1812
506	545	553
506	553	1506
506	1506	2005
507	508	509
507	509	510
507	510	2005
508	509	1549
508	1487	1549
508	1487	2114
508	1819	2114
509	510	511
509	511	537
509	537	1549
510	511	512
510	512	2301
510	2005	2301
511	512	513
511	513	2373
511	537	2373
512	513	514
512	514	532
512	532	2301
513	514	515
513	515	517
513	517	1313
513	1313	2373
514	515	516
514	516	2025
514	532	2025
515	516	1810
515	517	518
515	518	1810
516	1810	1811
516	1811	2364
516	2025	2364
517	518	519
517	519	534
517	534	1313
518	519	520
518	520	2004
518	1810	2004
519	520	521
519	521	1263
519	534	2463
519	1263	2463
520	521	522
520	522	523
520	523	2004
521	522	2376
521	1263	1264
521	1264	2376
522	523	524
522	524	526
522	526	1308
522	1308	2376
523	524	525
523	525	538
523	538	2004
524	525	1993
524	526	527
524	527	1993
525	538	539
525	539	1163
525	1163	1993
526	527	528
526	528	533
526	533	1308
527	528	529
527	529	531
527	531	1993
528	529	530
528	530	1307
528	533	1307
529	530	1796
529	531	535
529	535	1796
530	1307	2177
530	1439	2061
530	1439	2177
530	1796	2256
530	2061	2256
531	535	536
531	536	2251
531	1993	2251
532	1506	2003
532	1506	2301
532	1779	2003
532	1779	2025
533	1307	1787
533	1308	1887
533	1787	1887
534	1313	1314
534	1314	2300
534	2300	2463
535	536	1075
535	1075	1155
535	1155	1796
536	1075	1803
536	1517	1803
536	1517	2251
537	1459	2162
537	1459	2226
537	1549	2226
537	2162	2373
538	539	1943
538	1943	2413
538	2004	2413
539	1163	1223
539	1223	1224
539	1224	1943
540	1547	1800
540	1713	1947
540	1800	1947
541	1714	2242
541	2240	2242
542	1530	1986
542	1530	2082
542	1563	2082
543	544	552
543	552	2027
544	546	547
544	547	2128
544	552	2128
545	553	554
545	554	2116
545	558	2116
546	547	548
546	548	560
546	560	1414
546	1414	2407
547	548	549
547	549	550
547	550	2128
548	549	559
548	559	1579
548	560	1579
549	550	551
549	551	2015
549	559	2015
550	551	872
550	872	1543
550	1543	2128
551	872	873
551	873	1071
551	1071	2015
552	1937	1938
552	1937	2128
552	1938	2027
553	554	555
553	555	2003
553	1506	2003
554	555	556
554	556	1235
554	1235	2116
555	556	557
555	557	561
555	561	2003
556	557	578
556	578	1536
556	1235	1536
557	561	562
557	562	1539
557	578	1539
558	1540	1580
558	1540	1812
558	1580	2116
559	1579	1580
559	1580	2488
559	2015	2488
560	1414	1415
560	1415	2077
560	1579	2077
561	562	1636
561	1636	1779
561	1779	2003
562	1539	1798
562	1636	2249
562	1798	2249
563	1769	1771
563	1769	2502
563	1770	2246
563	1770	2502
563	1771	2470
563	2246	2470
564	565	2077
564	1415	1805
564	1415	2077
565	1148	1540
565	1540	2077
566	1665	1666
566	1665	2161
566	1666	2370
567	568	569
567	569	1172
567	1172	2079
568	569	570
568	570	2374
568	939	2374
569	570	571
569	571	1009
569	1009	2495
569	1172	2495
570	571	572
570	572	575
570	575	2374
571	572	573
571	573	1464
571	1009	1464
572	573	574
572	574	2059
572	575	2059
573	574	576
573	576	812
573	812	1464
574	576	577
574	577	1814
574	1814	2059
575	1773	1936
575	1773	2374
575	1936	2059
576	577	579
576	579	1587
576	812	1587
577	579	580
577	580	581
577	581	1814
578	1536	1537
578	1537	1538
578	1538	1539
579	580	2380
579	1587	1827
579	1827	2380
580	581	582
580	582	595
580	595	2380
581	582	583
581	583	1006
581	1006	1814
582	583	584
582	584	1585
582	595	1585
583	584	585
583	585	1761
583	1006	1761
584	585	586
584	586	1826
584	1585	1826
585	586	587
585	587	594
585	594	1761
586	587	588
586	588	589
586	589	1826
587	588	1596
587	594	596
587	596	1596
588	589	590
588	590	593
588	593	1596
589	590	591
589	591	1609
589	1609	1826
590	591	592
590	592	1604
590	593	1604
591	592	783
591	783	784
591	784	1609
592	783	932
592	932	949
592	949	1604
593	1596	1597
593	1597	1971
593	1604	1971
594	596	597
594	597	841
594	841	1761
595	1450	1452
595	1450	1453
595	1452	2380
595	1453	1585
596	597	598
596	598	1042
596	1042	1596
597	598	599
597	599	1612
597	841	1612
598	599	600
598	600	1617
598	1042	1617
599	600	601
599	601	817
599	817	1612
600	601	602
600	602	603
600	603	1617
601	602	1622
601	817	818
601	818	1622
602	603	604
602	604	607
602	607	1622
603	604	605
603	605	861
603	861	1617
604	605	606
604	606	1629
604	607	1629
605	606	608
605	608	1595
605	861	1595
606	608	609
606	609	1641
606	1629	1641
607	1622	1623
607	1623	1631
607	1629	1631
608	609	610
608	610	611
608	611	1595
609	610	612
609	612	613
609	613	1641
610	611	614
610	612	1833
610	614	1833
611	614	615
611	615	1391
611	1391	1595
612	613	622
612	622	1807
612	1807	1833
613	622	623
613	623	868
613	868	1641
614	615	616
614	616	1084
614	1084	1833
615	616	617
615	617	2297
615	1391	2297
616	617	618
616	618	1084
617	618	619
617	619	1546
617	1032	1546
617	1032	2297
618	619	620
618	620	1074
618	1074	1931
618	1084	1931
619	620	621
619	621	1995
619	1546	2453
619	1995	2453
620	621	624
620	624	1998
620	1074	1998
621	624	625
621	625	626
621	626	1995
622	623	882
622	882	883
622	883	1807
623	868	869
623	869	1615
623	882	1615
624	625	852
624	852	956
624	956	1998
625	626	627
625	627	1809
625	852	1809
626	627	628
626	628	1091
626	1091	1995
627	628	629
627	629	2092
627	1809	2092
628	629	630
628	630	1365
628	1091	1365
629	630	631
629	631	632
629	632	2092
630	631	633
630	633	660
630	660	1365
631	632	635
631	633	1582
631	635	1582
632	635	636
632	636	2046
632	2046	2092
633	660	661
633	661	1581
633	1581	1582
634	690	691
634	691	2054
634	1933	2054
635	636	637
635	637	1584
635	1582	1584
636	637	638
636	638	687
636	687	2046
637	638	639
637	639	641
637	641	1584
638	639	640
638	640	2109
638	687	2109
639	640	642
639	641	1813
639	642	1813
640	642	643
640	643	1948
640	1948	2109
641	1584	2093
641	1813	2111
641	2093	2111
642	643	644
642	644	788
642	788	1813
643	644	645
643	645	646
643	646	1948
644	645	1939
644	788	1921
644	1921	1939
645	646	647
645	647	648
645	648	1939
646	647	1465
646	1465	1466
646	1466	1948
647	648	649
647	649	650
647	650	1465
648	649	651
648	651	756
648	756	1939
649	650	652
649	651	2500
649	652	2500
650	652	653
650	653	1841
650	1465	1841
651	756	757
651	757	2062
651	1565	2062
651	1565	2500
652	653	654
652	654	2087
652	2087	2231
652	2231	2500
653	654	655
653	655	656
653	656	1841
654	655	662
654	662	663
654	663	2087
655	656	657
655	657	1512
655	662	1512
656	657	658
656	658	2086
656	1841	2086
657	658	659
657	659	753
657	753	1512
658	659	688
658	688	798
658	798	2086
659	688	689
659	689	1382
659	753	1382
660	661	664
660	664	2458
660	1365	1984
660	1984	2458
661	664	665
661	665	666
661	666	1581
662	663	754
662	754	1520
662	1512	1520
663	754	755
663	755	1900
663	1900	2087
664	665	2171
664	1162	1650
664	1162	2458
664	1650	2171
665	666	667
665	667	684
665	684	1529
665	1529	2171
666	667	668
666	668	1942
666	1581	1942
667	668	669
667	669	1324
667	684	2336
667	1324	2336
668	669	670
668	670	857
668	857	1942
669	670	671
669	671	680
669	680	2057
669	1324	2057
670	671	672
670	672	2352
670	857	2352
671	672	673
671	673	2179
671	680	2179
672	673	674
672	674	1797
672	1797	2352
673	674	675
673	675	676
673	676	1226
673	1226	2179
674	675	679
674	679	681
674	681	1797
675	676	2132
675	677	1542
675	677	2132
675	679	1542
676	1226	1606
676	1606	2481
676	2132	2481
677	678	1965
677	678	2132
677	1542	2071
677	1782	1965
677	1782	2071
678	1882	2130
678	1882	2481
678	1965	2130
678	2132	2481
679	681	682
679	682	1468
679	1468	1542
680	1325	2057
680	1325	2293
680	1410	2293
680	1410	2377
680	2179	2377
681	682	683
681	683	793
681	793	1797
682	683	685
682	685	1427
682	1427	1468
683	685	686
683	686	1831
683	793	1831
684	1445	2014
684	1445	2336
684	1528	1529
684	1528	2014
685	686	809
685	809	811
685	811	1427
686	809	810
686	810	853
686	853	1831
687	2046	2047
687	2047	2435
687	2109	2435
688	689	1881
688	798	799
688	799	1881
689	1323	2038
689	1323	2076
689	1382	2038
689	1881	2076
690	691	692
690	692	2204
690	2203	2204
691	692	693
691	693	694
691	694	2054
692	693	697
692	697	999
692	999	2204
693	694	695
693	695	1974
693	697	1974
694	695	696
694	696	1892
694	1664	1892
694	1664	2054
695	696	698
695	698	800
695	800	1974
696	698	699
696	699	700
696	700	1892
697	999	1000
697	1000	1312
697	1312	1974
698	699	1929
698	800	859
698	859	1929
699	700	701
699	701	1893
699	1893	1929
700	701	702
700	702	1501
700	1501	2365
700	1892	2365
701	702	703
701	703	704
701	704	1893
702	703	706
702	706	707
702	707	1501
703	704	705
703	705	1935
703	706	1935
704	705	709
704	709	2052
704	1893	2052
705	709	710
705	710	1897
705	1897	2183
705	1935	2183
706	707	708
706	708	1964
706	1935	1964
707	708	711
707	711	796
707	796	1501
708	711	712
708	712	713
708	713	1964
709	710	714
709	714	716
709	716	2052
710	714	715
710	715	717
710	717	1897
711	712	1880
711	796	967
711	967	2252
711	1880	2252
712	713	751
712	751	766
712	766	1880
713	751	752
713	752	858
713	858	1964
714	715	1983
714	716	785
714	785	1983
715	717	718
715	718	1918
715	1918	1983
716	785	787
716	787	1100
716	1100	2052
717	718	719
717	719	1389
717	1389	2142
717	1897	2142
718	719	720
718	720	721
718	721	1918
719	720	744
719	744	745
719	745	1389
720	721	722
720	722	1457
720	744	1457
721	722	723
721	723	2063
721	1918	2063
722	723	724
722	724	1832
722	1457	1832
723	724	725
723	725	801
723	801	2063
724	725	726
724	726	743
724	743	2349
724	1832	2349
725	726	727
725	727	2288
725	801	2288
726	727	728
726	728	1425
726	743	1425
727	728	729
727	729	792
727	792	2288
728	729	730
728	730	786
728	786	1425
729	730	731
729	731	1578
729	792	1578
730	731	732
730	732	1589
730	786	1589
731	732	733
731	733	749
731	749	1578
732	733	734
732	734	838
732	838	1589
733	734	735
733	735	1600
733	749	1600
734	735	736
734	736	2489
734	838	2489
735	736	737
735	737	1605
735	1600	1605
736	737	738
736	738	765
736	765	2489
737	738	739
737	739	740
737	740	1605
738	739	742
738	742	1614
738	765	1614
739	740	741
739	741	1620
739	742	1620
740	741	746
740	746	1661
740	1605	1661
741	746	747
741	747	769
741	769	1620
742	1614	1624
742	1620	1621
742	1621	1624
743	1425	1845
743	1845	1876
743	1876	2349
744	745	748
744	748	2400
744	1249	1457
744	1249	2400
745	748	750
745	750	1886
745	1389	1886
746	747	767
746	767	768
746	768	1661
747	767	1950
747	769	770
747	770	1950
748	750	790
748	790	791
748	791	2400
749	1578	1868
749	1600	1806
749	1806	1868
750	790	797
750	797	813
750	813	1886
751	752	1250
751	766	789
751	789	1250
752	858	1117
752	1117	1492
752	1250	1492
753	1382	1564
753	1512	1866
753	1564	1866
754	755	806
754	806	808
754	808	1520
755	806	807
755	807	851
755	851	1900
756	757	758
756	758	1099
756	1099	1939
757	758	759
757	759	760
757	760	2062
758	759	1945
758	1099	1230
758	1230	1945
759	760	761
759	761	764
759	764	1945
760	761	762
760	762	1926
760	1926	2062
761	762	763
761	763	2019
761	764	2019
762	763	777
762	777	1877
762	1877	1926
763	777	778
763	778	779
763	779	2019
764	1743	1945
764	1743	1946
764	1946	2019
765	1545	1966
765	1545	2489
765	1590	1614
765	1590	1966
766	789	794
766	794	795
766	795	1880
767	768	839
767	839	897
767	897	1950
768	839	840
768	840	940
768	940	1661
769	770	771
769	771	1625
769	1620	1625
770	771	772
770	772	1949
770	1949	1950
771	772	773
771	773	776
771	776	1625
772	773	774
772	774	775
772	775	1949
773	774	1640
773	776	781
773	781	1640
774	775	912
774	912	2024
774	1640	2024
775	912	913
775	913	2235
775	1949	2235
776	781	782
776	782	1660
776	1625	1660
777	778	825
777	825	826
777	826	1877
778	779	780
778	780	2479
778	825	2479
779	780	880
779	880	1241
779	1241	2019
780	880	881
780	881	886
780	886	1454
780	1454	2479
781	782	814
781	814	816
781	816	1640
782	814	815
782	815	862
782	862	1660
783	784	802
783	802	1616
783	932	1616
784	802	803
784	803	1045
784	1045	1609
785	787	849
785	849	1554
785	1554	1983
786	1425	1426
786	1426	1570
786	1570	1589
787	849	850
787	850	2073
787	1100	2073
788	1813	2124
788	1921	2185
788	2124	2185
789	794	1522
789	1250	1322
789	1322	1522
790	791	819
790	797	2178
790	819	1258
790	1258	2178
791	819	820
791	820	2029
791	2029	2400
792	1578	1978
792	1586	2141
792	1586	2288
792	1978	2141
793	1560	1562
793	1560	1831
793	1562	1797
794	795	874
794	874	885
794	885	1522
795	874	875
795	875	1238
795	1238	1880
796	967	968
796	968	1959
796	1501	1959
797	813	848
797	848	895
797	895	2178
798	799	855
798	855	2484
798	1507	2086
798	1507	2484
799	855	876
799	876	934
799	934	1881
800	859	860
800	860	2329
800	1974	2329
801	1555	1586
801	1555	2184
801	1586	2288
801	2063	2184
802	803	804
802	804	931
802	931	1616
803	804	805
803	805	1628
803	1045	1628
804	805	844
804	844	1626
804	931	1626
805	844	845
805	845	846
805	846	1628
806	807	896
806	808	2172
806	896	2172
807	851	856
807	856	2045
807	896	2045
808	1520	1521
808	1521	2248
808	2172	2248
809	810	2011
809	811	899
809	899	2011
810	853	854
810	854	984
810	984	2011
811	899	1016
811	1016	1085
811	1085	1427
812	1464	1924
812	1587	2193
812	1924	2193
813	848	890
813	890	891
813	891	1886
814	815	937
814	816	1642
814	937	1642
815	862	863
815	863	1657
815	937	1657
816	1481	1642
816	1481	2499
816	1640	2499
817	818	871
817	871	1037
817	1037	1612
818	871	884
818	884	1043
818	1043	1622
819	820	821
819	821	900
819	900	1258
820	821	822
820	822	823
820	823	2029
821	822	948
821	900	1253
821	948	1253
822	823	824
822	824	1412
822	948	1412
823	824	827
823	827	927
823	927	2029
824	827	828
824	828	829
824	829	1412
825	826	901
825	901	988
825	988	2479
826	901	908
826	908	2278
826	1259	1877
826	1259	2278
827	828	2034
827	927	1170
827	1170	2034
828	829	830
828	830	831
828	831	2034
829	830	2341
829	1412	2049
829	2049	2341
830	831	832
830	832	837
830	837	1861
830	1861	2341
831	832	833
831	833	952
831	952	2034
832	833	834
832	834	1334
832	837	2212
832	1334	2212
833	834	835
833	835	2102
833	952	2102
834	835	836
834	836	907
834	907	1334
835	836	842
835	842	2055
835	2055	2102
836	842	843
836	843	1760
836	907	1760
837	1861	2291
837	2212	2291
838	1440	1544
838	1440	1589
838	1544	1545
838	1545	2489
839	840	1957
839	897	898
839	898	1957
840	940	941
840	941	942
840	942	1957
841	1519	1844
841	1519	2381
841	1612	1844
841	1761	2381
842	843	893
842	893	998
842	998	2055
843	893	894
843	894	953
843	953	2353
843	1760	2353
844	845	1638
844	1626	1627
844	1627	1638
845	846	847
845	847	877
845	877	1638
846	847	909
846	909	926
846	926	1628
847	877	878
847	878	1632
847	909	1632
848	890	892
848	892	2497
848	895	1329
848	1329	2497
849	850	950
849	950	955
849	955	1554
850	950	951
850	951	1588
850	1588	2073
851	856	935
851	935	936
851	936	1900
852	956	1027
852	1027	1028
852	1028	1809
853	854	1556
853	1556	1557
853	1557	1831
854	984	985
854	985	986
854	986	1556
855	876	911
855	911	992
855	992	2484
856	935	2033
856	1818	2033
856	1818	2045
857	1562	2044
857	1562	2352
857	1942	2044
858	1117	1118
858	1118	1168
858	1168	1964
859	860	902
859	902	1930
859	1929	1930
860	902	903
860	903	904
860	904	2329
861	1595	1996
861	1598	1617
861	1598	1996
862	863	864
862	864	1659
862	1659	1660
863	864	865
863	865	867
863	867	1657
864	865	866
864	866	1050
864	1050	1659
865	866	1645
865	867	879
865	879	1645
866	1050	1051
866	1051	1052
866	1052	1645
867	879	962
867	962	1049
867	1049	1657
868	869	870
868	870	1107
868	1107	1641
869	870	914
869	914	1002
869	1002	1615
870	914	915
870	915	1651
870	1107	1651
871	884	1516
871	1037	1038
871	1038	1516
872	873	957
872	957	959
872	959	1543
873	957	958
873	958	1537
873	1071	1537
874	875	2010
874	885	933
874	933	2010
875	1238	1332
875	1332	1333
875	1333	2412
875	2010	2412
876	911	2153
876	934	989
876	989	2153
877	878	916
877	916	918
877	918	1638
878	916	917
878	917	919
878	919	1632
879	962	963
879	963	1031
879	1031	1645
880	881	2022
880	1241	2169
880	2022	2169
881	886	887
881	887	888
881	888	2022
882	883	966
882	966	1060
882	1060	1615
883	966	1001
883	1001	2334
883	1807	2334
884	1043	1044
884	1044	1146
884	1146	1516
885	933	1017
885	1017	1018
885	1018	1522
886	887	1010
886	1010	1177
886	1177	1454
887	888	889
887	889	1388
887	1010	1388
888	889	954
888	954	1080
888	1080	2022
889	954	1061
889	1061	1068
889	1068	1388
890	891	1859
890	892	960
890	960	1859
891	1486	1886
891	1486	2306
891	1859	2306
892	960	961
892	961	1026
892	1026	2497
893	894	928
893	928	2290
893	998	2290
894	928	929
894	929	2433
894	953	2433
895	1329	1801
895	1801	1802
895	1802	2178
896	1497	1973
896	1497	2045
896	1504	1973
896	1504	2172
897	898	1372
897	1372	1954
897	1950	1954
898	1372	1499
898	1499	1990
898	1957	1990
899	1016	1081
899	1081	1126
899	1126	2011
900	1253	1254
900	1254	1257
900	1257	1258
901	908	1033
901	988	1474
901	1033	1474
902	903	910
902	910	1175
902	1175	1930
903	904	905
903	905	1979
903	910	1979
904	905	906
904	906	1594
904	1594	2329
905	906	1007
905	1007	1008
905	1008	1979
906	1007	1181
906	1181	1421
906	1421	1594
907	1334	1344
907	1344	1345
907	1345	1760
908	1033	1034
908	1034	1110
908	1110	2278
909	926	997
909	997	1073
909	1073	1632
910	1175	1460
910	1460	1552
910	1552	1979
911	992	1509
911	1458	2113
911	1458	2153
911	1509	2113
912	913	1063
912	1063	1064
912	1064	2024
913	1063	1123
913	1123	2144
913	1372	2144
913	1372	2235
914	915	943
914	943	1646
914	1002	1646
915	943	944
915	944	945
915	945	1651
916	917	1655
916	918	1022
916	1022	1655
917	919	920
917	920	921
917	921	1655
918	1022	1025
918	1025	1046
918	1046	1638
919	920	1634
919	1632	1633
919	1633	1634
920	921	922
920	922	938
920	938	1634
921	922	923
921	923	1654
921	1654	1655
922	923	924
922	924	1656
922	938	1656
923	924	925
923	925	1021
923	1021	1654
924	925	1082
924	1082	2404
924	1656	2404
925	1021	1023
925	1023	2095
925	1082	2095
926	997	1083
926	1083	1630
926	1628	1630
927	1170	1171
927	1171	1249
927	1249	2029
928	929	930
928	930	2406
928	2290	2406
929	930	995
929	995	1422
929	1422	1424
929	1424	2433
930	995	996
930	996	1570
930	1570	2406
931	1616	2187
931	1626	2187
932	949	1040
932	1040	1098
932	1098	1616
933	1017	1019
933	1019	1020
933	1020	2010
934	989	1157
934	1157	1158
934	1158	1881
935	936	1130
935	1130	1259
935	1259	2033
936	1130	1131
936	1131	1217
936	1217	1900
937	1642	1643
937	1643	1658
937	1657	1658
938	1634	1635
938	1635	1829
938	1656	1829
939	1774	2485
939	2374	2485
940	941	1767
940	1608	1661
940	1608	1767
941	942	993
941	993	994
941	994	1767
942	993	1103
942	1103	1990
942	1957	1990
943	944	1652
943	1646	1647
943	1647	1652
944	945	946
944	946	964
944	964	1652
945	946	947
945	947	1108
945	1108	1651
946	947	1619
946	964	965
946	965	1619
947	1108	1618
947	1610	1618
947	1610	1619
948	1253	1255
948	1255	1256
948	1256	1412
949	1040	1041
949	1041	1120
949	1120	1604
950	951	1076
950	955	2151
950	1076	2151
951	1076	1077
951	1077	1078
951	1078	1588
952	2034	2287
952	2102	2287
953	1525	1835
953	1525	2433
953	1835	2353
954	1061	1755
954	1080	1176
954	1176	1755
955	1554	1555
955	1555	1571
955	1571	2151
956	1027	1129
956	1129	1166
956	1166	1998
957	958	2195
957	959	1317
957	1317	2195
958	1537	2283
958	1827	2156
958	1827	2195
958	2156	2283
959	1188	1997
959	1188	2193
959	1317	2193
959	1543	1997
960	961	1011
960	1011	1923
960	1859	1923
961	1011	1012
961	1012	1231
961	1026	1231
962	963	1613
962	1049	1096
962	1096	1613
963	1031	1121
963	1121	1122
963	1122	1613
964	965	1062
964	1062	1167
964	1167	1652
965	1062	1116
965	1116	1124
965	1124	1619
966	1001	1144
966	1060	1941
966	1144	1941
967	968	969
967	969	2097
967	2097	2252
968	969	970
968	970	972
968	972	1959
969	970	971
969	971	973
969	973	2097
970	971	1441
970	972	1227
970	1227	1441
971	973	974
971	974	975
971	975	1441
972	1227	1228
972	1228	1229
972	1229	1959
973	974	1878
973	1878	1879
973	1879	2415
973	2097	2415
974	975	976
974	976	977
974	977	1878
975	976	1436
975	1436	1437
975	1437	1441
976	977	978
976	978	979
976	979	1436
977	978	980
977	980	981
977	981	1878
978	979	1524
978	980	982
978	982	1524
979	1436	2188
979	1524	2209
979	2188	2209
980	981	1383
980	982	983
980	983	2408
980	1383	2408
981	1383	1384
981	1384	1385
981	1385	1878
982	983	991
982	991	1079
982	1079	1524
983	991	1066
983	1066	1380
983	1067	1380
983	1067	2408
984	985	1932
984	1932	2343
984	2011	2343
985	986	987
985	987	990
985	990	1932
986	987	1065
986	1065	1183
986	1183	1556
987	990	1035
987	1035	1976
987	1065	1976
988	1454	2158
988	1454	2479
988	1474	2026
988	2026	2158
989	1157	1159
989	1159	1185
989	1185	2153
990	1035	1036
990	1036	1550
990	1550	1932
991	1066	1152
991	1079	1156
991	1139	1152
991	1139	1156
992	1466	1508
992	1466	2484
992	1508	1509
993	994	1132
993	1103	2072
993	1132	2072
994	1132	1133
994	1133	1134
994	1134	1767
995	996	1101
995	1101	1485
995	1422	1485
996	1101	1102
996	1102	1440
996	1440	1570
997	1073	2145
997	1083	1086
997	1086	2145
998	1845	2055
998	1845	2339
998	2290	2339
999	1000	1003
999	1003	1803
999	1803	1870
999	1870	2204
1000	1003	1004
1000	1004	1594
1000	1312	1594
1001	1144	2229
1001	2229	2334
1002	1615	1940
1002	1646	1648
1002	1648	1940
1003	1004	1005
1003	1005	1517
1003	1517	1803
1004	1005	2239
1004	1594	2239
1005	1223	1225
1005	1223	1517
1005	1225	1593
1005	1593	2239
1006	1761	2381
1006	1814	2205
1006	2205	2381
1007	1008	2333
1007	1181	1237
1007	1237	2333
1008	1445	2058
1008	1445	2333
1008	1979	2238
1008	2058	2238
1009	1321	2330
1009	1321	2495
1009	1464	1992
1009	1992	2330
1010	1177	1178
1010	1178	1180
1010	1180	2449
1010	1388	2449
1011	1012	1013
1011	1013	1492
1011	1492	1923
1012	1013	1014
1012	1014	1015
1012	1015	2354
1012	1231	2354
1013	1014	2091
1013	1492	2331
1013	2091	2331
1014	1015	1069
1014	1069	1070
1014	1070	2091
1015	1069	1182
1015	1182	1330
1015	1330	2354
1016	1081	1518
1016	1085	2147
1016	1518	2147
1017	1018	1106
1017	1019	1105
1017	1105	1106
1018	1106	1174
1018	1174	1186
1018	1186	1522
1019	1020	1030
1019	1030	1328
1019	1104	1105
1019	1104	1328
1020	1030	1405
1020	1405	1406
1020	1406	2010
1021	1023	1024
1021	1024	1047
1021	1047	1654
1022	1025	1048
1022	1048	1649
1022	1649	1655
1023	1024	1528
1023	1528	2436
1023	2095	2436
1024	1047	1653
1024	1528	1529
1024	1529	1653
1025	1046	2101
1025	1048	1162
1025	1162	2101
1026	1231	1315
1026	1315	2505
1026	1821	2497
1026	1821	2505
1027	1028	1029
1027	1029	1843
1027	1129	1843
1028	1029	1109
1028	1109	1251
1028	1251	1809
1029	1109	1458
1029	1458	2326
1029	1843	2326
1030	1326	1328
1030	1326	1815
1030	1405	1815
1031	1121	2273
1031	1569	1856
1031	1569	2273
1031	1645	1856
1032	1546	2255
1032	2254	2255
1032	2254	2298
1032	2297	2298
1033	1034	1160
1033	1160	1236
1033	1236	1474
1034	1110	1111
1034	1111	1493
1034	1160	1493
1035	1036	1072
1035	1072	1743
1035	1743	1976
1036	1072	1153
1036	1153	2244
1036	1550	2244
1037	1038	1039
1037	1039	1844
1037	1612	1844
1038	1039	1428
1038	1428	1429
1038	1429	1516
1039	1428	1430
1039	1430	1431
1039	1431	1844
1040	1041	1145
1040	1098	2186
1040	1145	2186
1041	1120	2255
1041	1145	1546
1041	1546	2255
1042	1596	1597
1042	1597	1598
1042	1598	1617
1043	1044	1618
1043	1618	1623
1043	1622	1623
1044	1146	1147
1044	1147	1610
1044	1610	1618
1045	1609	1820
1045	1628	1630
1045	1630	1820
1046	1627	1638
1046	1627	1639
1046	1639	2101
1047	1649	1650
1047	1649	1654
1047	1650	1653
1048	1162	1650
1048	1649	1650
1049	1096	1189
1049	1189	1658
1049	1657	1658
1050	1051	1768
1050	1624	1659
1050	1624	1768
1051	1052	1053
1051	1053	1054
1051	1054	1768
1052	1053	1059
1052	1059	1856
1052	1645	1856
1053	1054	1055
1053	1055	1515
1053	1059	1515
1054	1055	1056
1054	1056	1590
1054	1590	1768
1055	1056	1057
1055	1057	1523
1055	1515	1523
1056	1057	1058
1056	1058	1966
1056	1590	1966
1057	1058	1260
1057	1260	1261
1057	1261	1523
1058	1260	2085
1058	1966	2430
1058	2085	2430
1059	1515	2375
1059	1856	2154
1059	2154	2375
1060	1615	1940
1060	1785	1940
1060	1785	1941
1061	1068	1097
1061	1097	1472
1061	1472	1755
1062	1116	1151
1062	1151	1828
1062	1167	1828
1063	1064	1240
1063	1123	1894
1063	1240	1894
1064	1240	1370
1064	1370	1371
1064	1371	1480
1064	1480	2024
1065	1183	2185
1065	1976	2131
1065	2131	2185
1066	1152	2208
1066	1380	2327
1066	2208	2327
1067	1380	1804
1067	1804	1862
1067	1862	2408
1068	1097	1514
1068	1388	1513
1068	1513	1514
1069	1070	2480
1069	1182	1416
1069	1416	1417
1069	1417	2480
1070	2091	2425
1070	2194	2425
1070	2194	2480
1071	1536	1537
1071	1536	2015
1072	1153	1154
1072	1154	1946
1072	1743	1946
1073	1632	1633
1073	1633	1798
1073	1798	2145
1074	1438	1931
1074	1438	1998
1075	1155	1262
1075	1262	1870
1075	1803	1870
1076	1077	1606
1076	1606	1882
1076	1882	2151
1077	1078	1184
1077	1184	1226
1077	1226	1606
1078	1184	1410
1078	1410	1460
1078	1460	1588
1079	1156	1566
1079	1524	1888
1079	1566	1888
1080	1176	2170
1080	2022	2023
1080	2023	2170
1081	1126	1390
1081	1316	1390
1081	1316	1518
1082	1421	2095
1082	1421	2239
1082	1593	2239
1082	1593	2404
1083	1086	1450
1083	1450	1453
1083	1453	1630
1084	1807	1833
1084	1807	2334
1084	1931	2334
1085	1427	1499
1085	1499	2144
1085	2144	2147
1086	1450	1451
1086	1451	1538
1086	1538	1539
1086	1539	2145
1087	1088	1089
1087	1089	2450
1087	1489	2450
1088	1089	1092
1088	1090	2383
1088	1092	2383
1089	1092	1093
1089	1093	1149
1089	1149	2450
1090	1775	1937
1090	1937	2362
1090	2362	2383
1091	1365	1467
1091	1467	2187
1091	1995	2186
1091	2186	2187
1092	1093	1188
1092	1188	1997
1092	1997	2383
1093	1149	1150
1093	1150	1924
1093	1188	1924
1094	1601	1602
1094	1602	1863
1094	1863	2285
1095	1603	2357
1095	1864	2173
1095	1864	2286
1095	2173	2357
1096	1189	1381
1096	1381	2050
1096	1613	2050
1097	1472	1781
1097	1514	1911
1097	1781	1911
1098	1616	2187
1098	2186	2187
1099	1230	2131
1099	1921	1939
1099	1921	2131
1100	1930	2073
1100	1930	2405
1100	2052	2405
1101	1102	1934
1101	1485	1944
1101	1934	1944
1102	1440	1544
1102	1544	2085
1102	1934	2085
1103	1468	1542
1103	1468	1990
1103	1542	2072
1104	1105	1419
1104	1328	2009
1104	1419	1420
1104	1420	2032
1104	2009	2032
1105	1106	2104
1105	1419	2104
1106	1125	1174
1106	1125	2104
1107	1629	1631
1107	1629	1641
1107	1631	1651
1108	1618	1623
1108	1623	1631
1108	1631	1651
1109	1251	2047
1109	1458	2113
1109	2047	2113
1110	1111	1818
1110	1818	2033
1110	2033	2278
1111	1493	1494
1111	1494	1495
1111	1495	1818
1112	1113	1115
1112	1115	1473
1112	1473	2355
1113	1114	1459
1113	1115	2226
1113	1459	2226
1114	1459	2457
1114	1794	2160
1114	1794	2457
1114	2075	2160
1115	1473	1487
1115	1487	1549
1115	1549	2226
1116	1124	2078
1116	1151	2117
1116	2078	2117
1117	1118	2306
1117	1492	1923
1117	1859	1923
1117	1859	2306
1118	1168	1169
1118	1169	1486
1118	1486	2306
1119	1358	1364
1119	1364	1920
1119	1920	2469
1120	1604	1971
1120	1971	2254
1120	2254	2255
1121	1122	2012
1121	2012	2273
1122	1602	1849
1122	1602	2012
1122	1613	1849
1123	1894	2147
1123	2144	2147
1124	1611	1619
1124	1611	2017
1124	2017	2078
1126	1390	1551
1126	1551	2343
1126	2011	2343
1127	1700	1701
1127	1700	2501
1128	2310	2311
1128	2310	2399
1128	2311	2503
1129	1166	2006
1129	1843	2243
1129	2006	2243
1130	1131	1926
1130	1259	1877
1130	1877	1926
1131	1217	1565
1131	1565	2062
1131	1926	2062
1132	1133	1782
1132	1782	2071
1132	2071	2072
1133	1134	1135
1133	1135	1136
1133	1136	1782
1134	1135	1868
1134	1767	1806
1134	1806	1868
1135	1136	1137
1135	1137	1978
1135	1868	1978
1136	1137	1138
1136	1138	1965
1136	1782	1965
1137	1138	1141
1137	1141	2141
1137	1978	2141
1138	1141	1571
1138	1571	2130
1138	1965	2130
1139	1152	2253
1139	1156	1718
1139	1718	2127
1139	2127	2207
1139	2207	2253
1140	1152	2208
1140	1152	2253
1140	2074	2207
1140	2074	2208
1140	2207	2253
1141	1555	1571
1141	1555	1586
1141	1586	2141
1142	1898	2016
1143	1902	2210
1143	1902	2237
1144	1164	1479
1144	1164	2229
1144	1479	2351
1144	1941	2351
1145	1546	2453
1145	1995	2186
1145	1995	2453
1146	1147	1830
1146	1516	1788
1146	1788	1830
1147	1610	1611
1147	1611	1955
1147	1830	1955
1148	1540	1812
1148	1808	1963
1148	1812	1963
1149	1150	2454
1149	2450	2482
1149	2454	2455
1149	2455	2482
1150	1924	1992
1150	1992	2284
1150	2284	2454
1151	1828	2357
1151	2117	2173
1151	2173	2357
1153	1154	1980
1153	1980	2429
1153	2244	2429
1154	1241	1946
1154	1241	2169
1154	1980	2023
1154	2023	2169
1155	1262	2098
1155	1448	1796
1155	1448	2098
1156	1566	2304
1156	1718	1748
1156	1748	2304
1157	1158	1190
1157	1159	2191
1157	1190	2191
1158	1190	1191
1158	1191	1919
1158	1881	2076
1158	1919	2076
1159	1185	2504
1159	1956	2340
1159	1956	2504
1159	2191	2340
1160	1236	2227
1160	1493	2197
1160	2197	2227
1161	1462	2385
1161	1702	2385
1162	1984	2101
1162	1984	2458
1163	1223	1517
1163	1517	2251
1163	1993	2251
1164	1165	2229
1165	1438	1931
1165	1931	2229
1166	1438	1867
1166	1438	1998
1166	1867	2006
1167	1652	1860
1167	1828	2379
1167	1860	2379
1168	1169	2183
1168	1935	1964
1168	1935	2183
1169	1486	2142
1169	1897	2142
1169	1897	2183
1170	1171	1248
1170	1248	2287
1170	2034	2287
1171	1248	1832
1171	1249	1457
1171	1457	1832
1172	2079	2080
1172	2080	2267
1172	2267	2495
1173	2264	2268
1173	2268	2270
1173	2270	2272
1174	1186	1187
1175	1460	1588
1175	1588	2073
1175	1930	2073
1176	1484	1755
1176	1484	2152
1176	2152	2170
1177	1178	1179
1177	1179	2158
1177	1454	2158
1178	1179	1908
1178	1180	2143
1178	1908	2143
1179	1875	1908
1179	1875	2026
1179	2026	2158
1180	1905	1922
1180	1905	2449
1180	1922	2143
1181	1237	2436
1181	1421	2095
1181	2095	2436
1182	1330	2150
1182	1416	1739
1182	1739	2150
1183	1556	1558
1183	1558	2124
1183	2124	2185
1184	1226	2179
1184	1410	2377
1184	2179	2377
1185	1458	2153
1185	1458	2326
1185	2326	2504
1186	1187	2194
1186	1522	2425
1186	2194	2425
1187	1417	1478
1187	1417	2480
1187	2194	2480
1188	1924	2193
1189	1381	2426
1189	1658	1744
1189	1744	2426
1190	1191	1192
1190	1192	2389
1190	2191	2389
1191	1192	1193
1191	1193	1194
1191	1194	1919
1192	1193	1789
1192	1399	1789
1192	1399	1969
1192	1969	2389
1193	1194	1195
1193	1195	1197
1193	1197	1789
1194	1195	1196
1194	1196	1198
1194	1198	1919
1195	1196	1252
1195	1197	1232
1195	1232	1252
1196	1198	1199
1196	1199	1213
1196	1213	2448
1196	1252	2448
1197	1232	1233
1197	1233	1234
1197	1234	1789
1198	1199	1200
1198	1200	1323
1198	1323	1919
1199	1200	1201
1199	1201	1369
1199	1213	1369
1200	1201	1202
1200	1202	2038
1200	1323	2038
1201	1202	1203
1201	1203	1204
1201	1204	1369
1202	1203	2213
1202	1382	1564
1202	1382	2038
1202	1564	2213
1203	1204	1205
1203	1205	1206
1203	1206	2213
1204	1205	1366
1204	1366	2459
1204	1369	1754
1204	1754	2459
1205	1206	1207
1205	1207	1838
1205	1366	1838
1206	1207	1208
1206	1208	1210
1206	1210	2213
1207	1208	1209
1207	1209	1541
1207	1541	2466
1207	1838	2466
1208	1209	1211
1208	1210	2464
1208	1211	2464
1209	1211	1212
1209	1212	1548
1209	1541	1548
1210	1564	1866
1210	1564	2213
1210	1866	2464
1211	1212	1214
1211	1214	2248
1211	1521	2248
1211	1521	2464
1212	1214	1215
1212	1215	1418
1212	1418	1548
1213	1369	1913
1213	1913	2215
1213	2215	2448
1214	1215	1504
1214	1504	2172
1214	2172	2248
1215	1418	1891
1215	1504	1505
1215	1505	1891
1217	1565	2231
1217	1900	2087
1217	2087	2231
1218	1219	1220
1218	1220	1985
1219	1220	1801
1219	1221	1222
1219	1222	1801
1220	1801	1802
1220	1802	2386
1220	1985	2386
1221	1222	1447
1221	1447	2146
1221	2146	2366
1221	2366	2371
1222	1329	1801
1222	1329	1821
1222	1447	1821
1223	1224	1225
1224	1225	1829
1224	1829	1958
1224	1943	1958
1225	1593	2404
1225	1656	1829
1225	1656	2404
1227	1228	2247
1227	1441	1455
1227	1455	2247
1228	1229	1664
1228	1664	2054
1228	1933	2054
1228	1933	2247
1229	1664	1892
1229	1892	2365
1229	1959	2365
1230	1945	1976
1230	1976	2131
1231	1315	2000
1231	2000	2354
1232	1233	2083
1232	1252	1839
1232	1839	2083
1233	1234	1400
1233	1400	2100
1233	2083	2206
1233	2100	2206
1234	1400	1401
1234	1401	2474
1234	1789	2474
1235	1536	2015
1235	2015	2488
1235	2116	2488
1236	1474	1475
1236	1475	2478
1236	2227	2478
1237	1528	2014
1237	1528	2436
1237	2014	2333
1238	1332	2097
1238	1880	2252
1238	2097	2252
1239	1335	1339
1239	1339	2020
1240	1370	1413
1240	1413	2446
1240	1894	2446
1241	1946	2019
1242	1243	1244
1242	1244	2281
1242	1246	1685
1242	1685	2281
1243	1244	2356
1243	1245	2308
1243	1765	2308
1243	1765	2356
1244	1686	2281
1244	1686	2356
1245	1719	2308
1246	1247	1373
1246	1373	1471
1246	1471	2135
1246	1685	2135
1247	1373	1374
1247	1374	1392
1247	1392	1837
1248	1832	2349
1248	1876	2287
1248	1876	2349
1249	2029	2400
1250	1322	2331
1250	1492	2331
1251	1809	2092
1251	2046	2047
1251	2046	2092
1252	1839	1916
1252	1916	2448
1253	1254	1375
1253	1255	1375
1254	1257	1331
1254	1331	1387
1254	1375	1387
1255	1256	1377
1255	1375	1376
1255	1376	1377
1256	1377	1535
1256	1412	2048
1256	1535	2048
1257	1258	1802
1257	1331	2386
1257	1802	2386
1258	1802	2178
1259	2033	2278
1260	1261	2403
1260	1934	2085
1260	1934	2403
1261	1523	2013
1261	2013	2148
1261	2148	2403
1262	1870	2204
1262	2098	2203
1262	2203	2204
1263	1264	1266
1263	1266	2279
1263	2279	2463
1264	1266	1267
1264	1267	2002
1264	2002	2376
1265	1790	1792
1265	1790	2279
1265	1792	2300
1265	2279	2463
1265	2300	2463
1266	1267	1268
1266	1268	1279
1266	1279	2279
1267	1268	1269
1267	1269	1270
1267	1270	2002
1268	1269	1318
1268	1279	1510
1268	1318	2099
1268	1510	2099
1269	1270	1271
1269	1271	1273
1269	1273	1318
1270	1271	1272
1270	1272	1275
1270	1275	2002
1271	1272	2401
1271	1273	2417
1271	1274	2401
1271	1274	2417
1272	1275	1276
1272	1276	1277
1272	1277	1408
1272	1408	2401
1273	1318	1319
1273	1319	2416
1273	2416	2417
1274	1883	1884
1274	1883	2417
1274	1884	1889
1274	1889	2401
1275	1276	1887
1275	1887	2432
1275	2002	2432
1276	1277	1278
1276	1278	1787
1276	1787	1887
1277	1278	1280
1277	1280	1407
1277	1407	1408
1278	1280	1281
1278	1281	1977
1278	1787	1977
1279	1510	1511
1279	1511	1790
1279	1790	2279
1280	1281	1282
1280	1282	1865
1280	1407	2387
1280	1865	2387
1281	1282	1283
1281	1283	1284
1281	1284	1977
1282	1283	2201
1282	1577	1865
1282	1577	2201
1283	1284	1285
1283	1285	1286
1283	1286	1311
1283	1311	2201
1284	1285	1840
1284	1840	2344
1284	1977	2344
1285	1286	1287
1285	1287	1288
1285	1288	1840
1286	1287	1296
1286	1296	1310
1286	1310	1311
1287	1288	1289
1287	1289	1848
1287	1296	1848
1288	1289	1290
1288	1290	1439
1288	1439	1840
1289	1290	1291
1289	1291	2155
1289	1848	2155
1290	1291	1292
1290	1292	2061
1290	1439	2061
1291	1292	1293
1291	1293	1294
1291	1294	1306
1291	1306	2155
1292	1293	1295
1292	1295	1297
1292	1297	2061
1293	1294	1298
1293	1295	1970
1293	1298	1970
1294	1298	1299
1294	1299	1300
1294	1300	1306
1295	1297	1448
1295	1448	1449
1295	1449	1970
1296	1310	1846
1296	1846	1847
1296	1847	1848
1297	1448	1796
1297	1796	2256
1297	2061	2256
1298	1299	1446
1298	1446	1469
1298	1469	1970
1299	1300	1301
1299	1301	1302
1299	1302	1446
1300	1301	1304
1300	1304	1368
1300	1306	1368
1301	1302	1303
1301	1303	1309
1301	1304	1444
1301	1309	1444
1302	1303	1869
1302	1446	1530
1302	1530	1869
1303	1309	2307
1303	1869	2106
1303	2106	2307
1304	1368	1981
1304	1442	1444
1304	1442	1679
1304	1679	1981
1305	1777	1883
1305	1777	2492
1305	1883	2417
1305	2416	2417
1305	2416	2492
1306	1368	1766
1306	1766	2155
1307	1787	1977
1307	1977	2344
1307	2177	2344
1308	1887	2432
1308	2376	2432
1309	1444	1953
1309	1953	2411
1309	2070	2307
1309	2070	2411
1310	1311	1461
1310	1461	2280
1310	1846	2312
1310	2280	2312
1311	1461	1463
1311	1463	2201
1312	1594	2329
1312	1974	2329
1313	1314	2162
1313	2162	2373
1314	1794	2300
1314	1794	2457
1314	2162	2457
1315	2000	2125
1315	2125	2394
1315	2394	2505
1317	1587	2193
1317	1587	2195
1318	1319	1320
1318	1320	2099
1319	1320	2053
1319	2053	2157
1319	2157	2232
1319	2232	2416
1320	2053	2360
1320	2099	2358
1320	2358	2360
1321	2267	2345
1321	2267	2495
1321	2330	2345
1322	1522	2425
1322	2091	2331
1322	2091	2425
1323	1919	2076
1324	1445	2058
1324	1445	2336
1324	2057	2058
1325	1552	2238
1325	1552	2293
1325	2057	2058
1325	2058	2238
1326	1328	2008
1326	1726	1816
1326	1726	2008
1326	1815	1816
1327	1726	2008
1327	1726	2084
1327	1758	2032
1327	1758	2084
1327	2008	2009
1327	2009	2032
1328	2008	2009
1329	1821	2497
1330	2000	2354
1330	2001	2150
1331	1387	1850
1331	1850	1985
1331	1985	2386
1332	1333	2415
1332	2097	2415
1333	1879	2176
1333	1879	2415
1333	2175	2176
1333	2175	2412
1334	1344	1404
1334	1404	2212
1335	1336	1337
1335	1337	1339
1336	1337	1338
1336	1338	1353
1336	1353	1533
1337	1338	1340
1337	1339	2277
1337	1340	2277
1338	1340	1341
1338	1341	1342
1338	1342	1359
1338	1353	1359
1339	1822	2020
1339	1822	2277
1340	1341	1925
1340	1925	2452
1340	2277	2452
1341	1342	1343
1341	1343	1347
1341	1347	1925
1342	1343	1356
1342	1356	2274
1342	1359	2274
1343	1347	1348
1343	1348	1349
1343	1349	2230
1343	1356	2230
1344	1345	1346
1344	1346	1822
1344	1404	1822
1345	1346	1361
1345	1361	1362
1345	1362	1760
1346	1361	2391
1346	1822	2437
1346	2037	2391
1346	2037	2437
1347	1348	2136
1347	1925	2291
1347	2136	2291
1348	1349	1350
1348	1350	1351
1348	1351	2136
1349	1350	1851
1349	1851	1854
1349	1854	2230
1350	1351	1352
1350	1352	1360
1350	1360	1851
1351	1352	2341
1351	1861	2136
1351	1861	2341
1352	1360	2048
1352	2048	2049
1352	2049	2341
1353	1359	2282
1353	1533	1534
1353	1534	2282
1354	1359	2228
1354	1359	2274
1354	2129	2274
1354	2129	2491
1354	2228	2491
1355	1359	2228
1355	1359	2282
1355	1690	2030
1355	1690	2228
1355	2030	2392
1355	2282	2392
1356	1989	2230
1356	1989	2476
1356	2274	2483
1356	2476	2483
1357	1988	1994
1357	1988	2476
1357	1994	2129
1357	2129	2274
1357	2274	2483
1357	2476	2483
1358	1364	1988
1358	1988	1989
1360	1535	2048
1360	1535	2402
1360	1851	1852
1360	1852	2402
1361	1362	1363
1361	1363	2035
1361	2035	2391
1362	1363	1835
1362	1760	2353
1362	1835	2353
1363	1835	2313
1363	2035	2314
1363	2313	2314
1364	1920	2465
1364	1988	1994
1364	1994	2465
1365	1467	2496
1365	1984	2496
1366	1838	1871
1366	1871	1895
1366	1895	2459
1367	2317	2324
1368	1766	1981
1369	1754	2196
1369	1913	2196
1370	1371	2121
1370	1413	1873
1370	1873	2121
1371	1480	1481
1371	1481	1482
1371	1482	2121
1372	1499	2144
1372	1954	2235
1373	1374	2332
1373	1471	1834
1374	1392	1393
1374	1393	1394
1374	1394	2332
1375	1376	1795
1375	1387	1795
1376	1377	2216
1376	1795	1960
1376	1960	2216
1377	2036	2216
1378	1380	1804
1378	1380	2328
1378	1804	2065
1378	2065	2103
1378	2094	2103
1378	2094	2328
1379	2074	2094
1379	2074	2208
1379	2094	2328
1379	2208	2327
1379	2327	2328
1380	2327	2328
1381	2050	2198
1381	2064	2426
1383	1384	1411
1383	1411	1862
1383	1862	2408
1384	1385	1386
1384	1386	1769
1384	1411	1769
1385	1386	2176
1385	1878	1879
1385	1879	2176
1386	1470	2175
1386	1470	2347
1386	1769	2347
1386	2175	2176
1387	1850	2159
1388	1513	2449
1389	1486	1886
1389	1486	2142
1390	1551	2051
1390	2051	2393
1391	1595	1996
1391	1996	2298
1391	2297	2298
1392	1393	1909
1393	1394	1395
1393	1395	1396
1393	1396	1909
1394	1395	1397
1394	1397	1532
1394	1532	2332
1395	1396	2188
1395	1397	2209
1395	2188	2209
1396	1909	1910
1396	1910	1951
1396	1951	2188
1397	1532	2342
1397	1888	2209
1397	1888	2342
1398	1399	1969
1398	1969	2335
1399	1789	2474
1399	2431	2474
1400	1401	1591
1400	1591	1901
1401	1591	2431
1401	2431	2474
1402	1591	1902
1402	1591	2431
1402	1902	2237
1403	1472	1781
1403	1781	2016
1404	1822	2277
1404	2212	2452
1404	2277	2452
1405	1406	1470
1405	1470	2181
1406	1470	2175
1406	2010	2412
1406	2175	2412
1407	1408	2467
1407	2387	2388
1407	2388	2467
1408	1889	2401
1408	1889	2467
1409	2244	2429
1410	1460	2293
1411	1769	2502
1411	1862	2390
1411	2390	2502
1412	2048	2049
1414	1415	1987
1414	1987	2122
1414	2122	2407
1415	1805	2294
1415	1987	2294
1416	1417	2137
1416	1739	2138
1416	2137	2138
1418	1548	1857
1418	1857	1991
1419	1420	2447
1419	1928	2447
1419	1928	2487
1419	2104	2486
1419	2486	2487
1420	1758	2032
1420	1758	2096
1420	2096	2447
1421	1594	2239
1422	1423	1485
1422	1423	2363
1422	1424	2363
1424	1525	2236
1424	1525	2433
1424	2236	2363
1425	1426	2339
1425	1845	2339
1426	1570	2406
1426	2290	2339
1426	2290	2406
1427	1468	1990
1427	1499	1990
1428	1429	1476
1429	1476	1477
1429	1477	1788
1429	1516	1788
1430	1431	1432
1430	1432	1434
1431	1432	1433
1431	1433	1519
1431	1519	1844
1432	1433	1773
1432	1434	1531
1432	1531	1773
1433	1519	2205
1433	1773	1936
1433	1936	2205
1434	1531	2250
1434	2250	2490
1435	1503	1525
1435	1525	2236
1436	1437	1951
1436	1951	2188
1437	1441	1455
1437	1455	1456
1437	1456	1951
1439	1840	2177
1440	1570	1589
1442	1444	1952
1442	1679	1680
1442	1680	2498
1442	1825	1842
1442	1825	1952
1442	1842	2498
1443	1825	1952
1443	1825	2067
1443	1952	1953
1443	1953	2411
1443	2067	2410
1443	2410	2411
1444	1952	1953
1445	2014	2333
1446	1469	2305
1446	1530	2305
1447	1821	2505
1447	2146	2394
1447	2394	2505
1448	1449	2098
1449	1885	1890
1449	1890	1970
1450	1451	1452
1451	1452	2156
1451	1538	2283
1451	2156	2283
1452	1827	2156
1452	1827	2380
1453	1585	1820
1453	1630	1820
1455	1456	2414
1456	1910	1951
1456	1910	2378
1456	2043	2378
1456	2043	2414
1459	2162	2457
1460	1552	2293
1461	1463	1572
1461	1572	1573
1461	1573	2108
1461	2108	2280
1462	2108	2280
1462	2108	2385
1463	1572	1576
1463	1574	1576
1463	1574	1577
1463	1577	2201
1464	1924	1992
1465	1466	1507
1465	1507	1841
1466	1507	2484
1466	1508	1948
1467	1626	1639
1467	1626	2187
1467	1639	2496
1469	1890	1970
1470	2181	2347
1471	2031	2135
1473	1487	1488
1473	1488	2361
1473	2355	2361
1474	1475	2026
1475	1874	2478
1475	1875	2026
1480	1481	2499
1480	1640	2024
1480	1640	2499
1481	1482	1483
1481	1483	1642
1482	1483	2180
1482	1783	2121
1482	1783	2180
1483	1642	1643
1483	1643	1644
1483	1644	2180
1485	1944	2438
1487	1488	2114
1488	2114	2115
1488	2115	2418
1488	2361	2418
1489	1490	2040
1489	1490	2450
1489	2039	2040
1490	1746	1772
1490	1746	2482
1490	1772	2041
1490	2040	2041
1490	2450	2482
1491	1703	1745
1491	1709	1710
1491	1710	1745
1493	1494	1500
1493	1500	2197
1494	1495	1496
1494	1496	2007
1494	1500	2007
1495	1496	1497
1495	1497	2045
1495	1818	2045
1496	1497	1498
1496	1498	2110
1496	2007	2110
1497	1498	1973
1498	1505	1972
1498	1505	1973
1498	1972	2182
1498	2110	2182
1500	1824	2007
1500	1824	2275
1501	1959	2365
1502	2289	2345
1503	1525	1835
1503	1835	2313
1504	1505	1973
1505	1891	1972
1506	2005	2301
1507	1841	2086
1508	1509	2435
1508	1948	2109
1508	2109	2435
1509	2047	2113
1509	2047	2435
1510	1511	2397
1510	2099	2358
1511	1790	1791
1511	1791	2395
1511	2395	2397
1512	1520	1866
1513	1514	1904
1513	1905	2449
1514	1903	1904
1518	1894	2147
1518	1894	2446
1519	2205	2381
1520	1521	1866
1521	1866	2464
1524	1888	2209
1526	1720	1721
1526	1721	2069
1527	2070	2307
1529	1653	2171
1530	1869	2082
1530	1986	2305
1531	1773	2485
1531	1774	2250
1531	1774	2485
1533	1534	1947
1533	1800	1947
1534	1947	2134
1534	2134	2392
1534	2282	2392
1537	1538	2283
1539	1798	2145
1540	1579	1580
1540	1579	2077
1541	1872	2466
1542	2071	2072
1543	1997	2362
1543	2128	2362
1544	1545	2430
1544	2085	2430
1545	1966	2430
1550	1551	1932
1551	1932	2343
1552	1979	2238
1553	1568	2154
1553	2154	2375
1554	1555	2184
1554	1983	2184
1556	1557	1558
1557	1558	1559
1557	1559	1560
1557	1560	1831
1558	1559	2111
1558	2111	2124
1559	1560	1561
1559	1561	2093
1559	2093	2111
1560	1561	1562
1561	1562	2044
1561	1583	2044
1561	1583	2093
1562	1797	2352
1563	1999	2477
1563	2082	2477
1565	2231	2500
1566	1888	2342
1566	2126	2304
1567	1592	1955
1567	1830	1955
1568	1569	2154
1569	1856	2154
1571	2130	2151
1572	1573	2107
1572	1576	2189
1572	2107	2292
1572	2189	2292
1573	2107	2108
1574	1576	2337
1574	1577	2202
1574	1693	2120
1574	1693	2202
1574	2120	2337
1575	1752	2119
1575	1752	2189
1575	2119	2120
1575	2120	2337
1575	2189	2337
1576	2189	2337
1577	1865	2202
1578	1868	1978
1580	2116	2488
1581	1582	1583
1581	1583	1942
1582	1583	1584
1583	1584	2093
1583	1942	2044
1585	1820	1826
1587	1827	2195
1590	1614	1768
1592	1955	2017
1597	1598	1599
1597	1599	1971
1598	1599	1996
1599	1971	2254
1599	1996	2298
1599	2254	2298
1600	1605	1608
1600	1608	1806
1601	1602	1849
1603	1828	2357
1605	1608	1661
1606	1882	2481
1607	1742	1860
1607	1860	2379
1608	1767	1806
1609	1820	1826
1610	1611	1619
1611	1955	2017
1613	1849	2050
1614	1624	1768
1620	1621	1625
1621	1624	1659
1621	1625	1660
1621	1659	1660
1626	1627	1639
1633	1634	1637
1633	1637	2249
1633	1798	2249
1634	1635	1637
1635	1637	2462
1635	1829	1958
1635	1958	2428
1635	2428	2462
1636	1637	2249
1636	1637	2462
1636	1779	1780
1636	1780	2462
1639	2101	2496
1643	1644	1744
1643	1658	1744
1644	1744	1927
1646	1647	2056
1646	1648	2056
1647	1652	1860
1647	1860	2475
1647	2056	2475
1648	1786	2056
1648	1786	2451
1648	1940	2451
1649	1654	1655
1650	1653	2171
1662	2078	2117
1663	2012	2273
1666	2367	2368
1666	2367	2369
1666	2369	2370
1667	1668	1753
1667	1737	1753
1668	1669	1670
1668	1670	1753
1669	1670	1975
1669	1727	1975
1670	1753	2200
1670	2200	2460
1671	1672	1673
1671	1673	1691
1672	1673	1675
1672	1674	2234
1672	1675	2234
1673	1675	1764
1673	1691	1762
1673	1762	1764
1674	1714	2242
1674	2234	2241
1674	2241	2242
1675	1764	2493
1675	2233	2234
1675	2233	2493
1676	1677	1681
1677	1678	2348
1677	1681	2409
1677	2348	2409
1678	1735	1759
1678	1759	1842
1678	1842	2348
1679	1680	2461
1679	1681	2461
1680	2348	2409
1680	2348	2498
1680	2409	2461
1681	2409	2461
1682	1683	1686
1682	1686	1722
1683	1684	1685
1683	1685	2281
1683	1686	2281
1684	1685	2149
1684	1687	2149
1685	2135	2149
1686	1722	1765
1686	1765	2356
1688	1689	1690
1688	1690	1736
1689	1690	2491
1689	1994	2129
1689	1994	2465
1689	2129	2491
1690	1736	2030
1690	2228	2491
1693	1694	2120
1694	1699	2119
1694	2119	2120
1695	1696	1752
1696	1697	2107
1696	1752	2292
1696	2107	2292
1697	1702	2385
1697	2107	2108
1697	2108	2385
1701	1795	1960
1701	1960	2225
1703	1704	1745
1704	1740	1741
1704	1741	1746
1704	1745	1746
1705	1727	1975
1705	1975	2473
1706	1707	1749
1707	1708	2094
1707	1749	2074
1707	2074	2094
1708	2089	2398
1708	2094	2103
1708	2103	2398
1709	1710	2042
1710	1745	1772
1710	1772	2041
1710	2041	2042
1711	1712	2368
1712	2146	2299
1712	2146	2366
1712	2366	2367
1712	2367	2368
1713	1947	2134
1715	1716	1717
1715	1717	1731
1716	1717	1718
1716	1718	1748
1716	1747	1748
1717	1718	2127
1717	1731	1756
1717	1756	2127
1720	1721	1750
1721	1750	2067
1721	2067	2068
1721	2068	2069
1723	1724	1725
1723	1725	1729
1724	1725	1726
1724	1726	1816
1725	1726	2084
1725	1729	1757
1725	1757	2084
1730	2223	2224
1730	2223	2225
1732	1733	1751
1733	1734	1928
1733	1751	2096
1733	1928	2096
1734	1928	2487
1734	2190	2486
1734	2486	2487
1737	1738	1753
1738	1753	2200
1738	2199	2200
1739	2081	2150
1739	2081	2164
1739	2138	2139
1739	2139	2164
1741	1746	2482
1741	2455	2456
1741	2455	2482
1742	1860	2475
1743	1945	1976
1745	1746	1772
1747	1748	2304
1749	1756	2207
1749	2074	2207
1750	1759	1825
1750	1825	2067
1751	1757	1758
1751	1758	2096
1752	2189	2292
1754	1896	2196
1756	2127	2207
1757	1758	2084
1759	1825	1842
1762	1763	1776
1762	1764	1776
1763	1776	1777
1763	1777	1778
1763	1778	2211
1764	1776	2494
1764	2493	2494
1766	1847	1848
1766	1848	2155
1769	1771	2347
1770	2133	2245
1770	2133	2390
1770	2245	2246
1770	2390	2502
1771	2181	2347
1773	2374	2485
1775	1937	1938
1775	1938	2112
1775	2112	2118
1776	1777	2494
1777	2492	2494
1779	1780	2025
1780	2025	2364
1780	2364	2428
1780	2428	2462
1781	1911	2303
1781	2016	2302
1781	2302	2303
1784	1785	1941
1785	1940	2451
1790	1791	1792
1791	1792	1793
1791	1793	2060
1791	2060	2395
1792	1793	1794
1792	1794	2300
1793	1794	2160
1793	2060	2460
1793	2160	2460
1799	2110	2182
1804	1862	2390
1804	2133	2390
1808	1963	1967
1808	1967	2174
1810	1811	2413
1810	2004	2413
1811	1943	1958
1811	1943	2413
1811	1958	2428
1811	2364	2428
1813	2111	2124
1814	1936	2059
1814	1936	2205
1815	1816	1817
1819	1836	2114
1822	2020	2437
1823	1891	1972
1836	2114	2115
1836	2115	2439
1839	1914	1915
1839	1915	1916
1840	2177	2344
1842	2348	2498
1845	1876	2055
1851	1852	1853
1851	1853	1854
1853	1854	2384
1855	2262	2263
1855	2262	2346
1858	2197	2227
1861	2136	2291
1865	2202	2350
1876	2055	2102
1876	2102	2287
1882	2130	2151
1884	1889	2434
1884	2105	2434
1885	1890	2468
1893	1929	2405
1893	2052	2405
1898	2016	2302
1899	1911	2303
1905	1922	2021
1906	1917	2206
1906	2100	2206
1907	1908	2143
1912	1913	2215
1916	2215	2448
1917	2083	2206
1918	1983	2184
1918	2063	2184
1921	2131	2185
1925	2212	2291
1925	2212	2452
1928	2096	2447
1929	1930	2405
1931	2229	2334
1937	2128	2362
1938	2027	2028
1938	2028	2112
1949	1950	1954
1949	1954	2235
1960	2216	2217
1960	2217	2222
1960	2222	2223
1960	2223	2225
1961	1962	2018
1962	1963	1967
1962	1967	1968
1969	2335	2389
1980	2023	2170
1984	2101	2496
1987	2122	2123
1987	2123	2295
1987	2294	2295
1988	1989	2476
1992	2284	2330
1997	2362	2383
2002	2376	2432
2022	2023	2169
2030	2134	2392
2035	2314	2316
2039	2040	2472
2040	2041	2471
2040	2471	2472
2041	2042	2471
2042	2471	2472
2053	2157	2240
2065	2066	2088
2065	2088	2398
2065	2103	2398
2067	2068	2410
2068	2069	2070
2068	2070	2411
2068	2410	2411
2075	2160	2200
2075	2199	2200
2079	2080	2257
2080	2257	2269
2080	2258	2267
2080	2258	2269
2081	2163	2164
2088	2089	2398
2115	2418	2419
2115	2419	2443
2137	2138	2140
2137	2140	2399
2138	2139	2427
2138	2140	2309
2138	2168	2309
2138	2168	2427
2139	2164	2165
2139	2165	2427
2140	2310	2399
2157	2232	2233
2157	2233	2234
2157	2234	2241
2157	2240	2241
2160	2200	2460
2165	2166	2168
2165	2168	2427
2166	2167	2168
2167	2168	2309
2190	2382	2486
2216	2217	2218
2217	2218	2220
2217	2220	2221
2217	2221	2222
2218	2219	2220
2221	2222	2223
2221	2223	2224
2232	2233	2493
2232	2416	2492
2232	2492	2493
2240	2241	2242
2257	2265	2269
2258	2262	2266
2258	2262	2346
2258	2266	2271
2258	2267	2346
2258	2269	2271
2259	2260	2261
2259	2260	2264
2259	2261	2266
2259	2264	2268
2259	2266	2271
2259	2268	2271
2261	2262	2266
2265	2269	2270
2265	2270	2272
2267	2345	2346
2268	2270	2271
2269	2270	2271
2284	2289	2330
2289	2330	2345
2294	2295	2296
2314	2315	2316
2314	2315	2325
2314	2324	2325
2315	2316	2321
2315	2318	2320
2315	2318	2325
2315	2320	2321
2316	2321	2323
2317	2318	2325
2317	2324	2325
2318	2319	2320
2321	2322	2323
2358	2359	2360
2361	2418	2420
2366	2367	2372
2366	2371	2372
2367	2369	2372
2369	2370	2371
2369	2371	2372
2395	2396	2397
2418	2419	2445
2418	2420	2421
2418	2421	2445
2419	2441	2443
2419	2441	2445
2420	2421	2423
2420	2422	2423
2421	2423	2440
2421	2440	2441
2421	2441	2445
2440	2441	2442
2454	2455	2456
2492	2493	2494
end_triangles

begin_node_model "Acceptors"
COMMAND node_model -device "mos2d" -region "bulk" -display_type "scalar" -name "Acceptors" -equation "(1e+15 + BodyDoping);"
end_node_model

begin_node_model "AtContactNode"
BUILTIN
end_node_model

begin_node_model "BodyDoping"
COMMAND node_model -device "mos2d" -region "bulk" -display_type "scalar" -name "BodyDoping" -equation "(1e+19 * 5.000000000000000e-01 * erfc(((-(y + (-1.000000000000000e-04))) * pow(1.000000000000000e-10,(-1)))));"
end_node_model

begin_node_model "ContactNSurfaceNormal_x"
DATAPARENT "SurfaceArea"
end_node_model

begin_node_model "ContactNSurfaceNormal_y"
DATAPARENT "SurfaceArea"
end_node_model

begin_node_model "ContactSurfaceArea"
DATAPARENT "SurfaceArea"
end_node_model

begin_node_model "Donors"
COMMAND node_model -device "mos2d" -region "bulk" -display_type "scalar" -name "Donors" -equation "(1 + DrainDoping + SourceDoping);"
end_node_model

begin_node_model "DrainDoping"
COMMAND node_model -device "mos2d" -region "bulk" -display_type "scalar" -name "DrainDoping" -equation "(1e+19 * 2.500000000000000e-01 * erfc(((-(x + (-7.500000000000001e-05))) * pow(9.999999999999999e-21,(-1)))) * erfc(((y + (-1.000000000000000e-05)) * pow(1.000000000000000e-10,(-1)))));"
end_node_model

begin_node_model "NSurfaceNormal_x"
DATAPARENT "SurfaceArea"
end_node_model

begin_node_model "NSurfaceNormal_y"
DATAPARENT "SurfaceArea"
end_node_model

begin_node_model "NetDoping"
COMMAND node_model -device "mos2d" -region "bulk" -display_type "scalar" -name "NetDoping" -equation "(Donors - Acceptors);"
end_node_model

begin_node_model "NodeVolume"
BUILTIN
end_node_model

begin_node_model "SourceDoping"
COMMAND node_model -device "mos2d" -region "bulk" -display_type "scalar" -name "SourceDoping" -equation "(1e+19 * 2.500000000000000e-01 * erfc(((x + (-2.500000000000000e-05)) * pow(9.999999999999999e-21,(-1)))) * erfc(((y + (-1.000000000000000e-05)) * pow(1.000000000000000e-10,(-1)))));"
end_node_model

begin_node_model "SurfaceArea"
BUILTIN
end_node_model

begin_node_model "coordinate_index"
DATAPARENT "x"
end_node_model

begin_node_model "node_index"
DATAPARENT "x"
end_node_model

begin_node_model "x"
BUILTIN
end_node_model

begin_node_model "y"
DATAPARENT "x"
end_node_model

begin_node_model "z"
DATAPARENT "x"
end_node_model

begin_edge_model "EdgeCouple"
BUILTIN
end_edge_model

begin_edge_model "EdgeInverseLength"
BUILTIN
end_edge_model

begin_edge_model "EdgeLength"
BUILTIN
end_edge_model

begin_edge_model "EdgeNodeVolume"
BUILTIN
end_edge_model

begin_edge_model "edge_index"
BUILTIN
end_edge_model

begin_edge_model "unitx"
BUILTIN
end_edge_model

begin_edge_model "unity"
DATAPARENT "unitx"
end_edge_model

begin_triangle_edge_model "ElementEdgeCouple"
BUILTIN
end_triangle_edge_model

begin_triangle_edge_model "ElementNodeVolume"
BUILTIN
end_triangle_edge_model

end_region

begin_region "gate" "Silicon"
begin_nodes
6
7
8
9
341
342
343
344
345
346
347
348
349
350
351
352
353
354
355
356
357
358
359
360
361
362
363
364
365
366
367
368
369
370
371
372
373
374
375
376
377
378
379
380
381
382
383
384
385
386
387
388
389
390
391
392
393
394
395
396
2574
2575
2576
2577
2578
2579
2580
2581
2582
2583
2584
2585
2586
2587
2588
2589
2590
2591
2592
2593
2594
2595
2596
2597
2598
2599
2600
2601
2602
2603
2604
2605
2606
2607
2608
2609
2610
2611
2612
2613
2614
2615
2616
2617
2618
2619
2620
2621
2622
2623
2624
2625
2626
2627
2628
2629
2630
2631
2632
2633
2634
2635
2636
2637
2638
2639
2640
2641
2642
2643
2644
2645
2646
2647
2648
2649
2650
2651
2652
2653
2654
2655
2656
2657
2658
2659
2660
2661
2662
2663
2664
2665
2666
2667
2668
2669
2670
2671
2672
2673
2674
2675
2676
2677
2678
2679
2680
2681
2682
2683
2684
2685
2686
2687
2688
2689
2690
2691
2692
2693
2694
2695
2696
2697
2698
end_nodes

begin_triangles
0	32	178
0	36	178
1	4	177
1	59	177
2	7	180
2	8	180
3	31	179
3	35	179
4	5	152
4	152	177
5	6	82
5	82	152
6	7	154
6	82	154
7	154	180
8	9	83
8	83	180
9	10	132
9	83	132
10	11	76
10	76	132
11	12	139
11	76	139
12	13	80
12	80	139
13	14	134
13	80	134
14	15	72
14	72	134
15	16	136
15	72	136
16	17	78
16	78	136
17	18	144
17	78	144
18	19	73
18	73	144
19	20	142
19	73	142
20	21	74
20	74	142
21	22	143
21	74	143
22	23	77
22	77	143
23	24	135
23	77	135
24	25	71
24	71	135
25	26	133
25	71	133
26	27	79
26	79	133
27	28	138
27	79	138
28	29	75
28	75	138
29	30	131
29	75	131
30	31	84
30	84	131
31	84	179
32	33	137
32	137	178
33	34	81
33	81	137
34	35	153
34	81	153
35	153	179
36	37	151
36	151	178
37	38	64
37	64	151
38	39	100
38	64	100
39	40	69
39	69	100
40	41	141
40	69	141
41	42	62
41	62	141
42	43	113
42	62	113
43	44	67
43	67	113
44	45	129
44	67	129
45	46	60
45	60	129
46	47	128
46	60	128
47	48	66
47	66	128
48	49	114
48	66	114
49	50	61
49	61	114
50	51	148
50	61	148
51	52	68
51	68	148
52	53	99
52	68	99
53	54	63
53	63	99
54	55	140
54	63	140
55	56	70
55	70	140
56	57	85
56	70	85
57	58	65
57	65	85
58	59	98
58	65	98
59	98	177
60	124	126
60	124	128
60	126	129
61	114	115
61	115	116
61	116	148
62	109	111
62	109	141
62	111	113
63	94	96
63	94	140
63	96	99
64	100	106
64	106	108
64	108	151
65	85	91
65	91	93
65	93	98
66	114	120
66	120	121
66	121	128
67	113	147
67	129	130
67	130	147
68	99	146
68	146	150
68	148	150
69	100	101
69	101	102
69	102	141
70	85	86
70	86	87
70	87	140
71	133	166
71	135	164
71	164	166
72	134	167
72	136	165
72	165	167
73	142	158
73	144	159
73	158	159
74	142	160
74	143	162
74	160	162
75	131	173
75	138	175
75	173	175
76	132	174
76	139	176
76	174	176
77	135	168
77	143	163
77	163	168
78	136	161
78	144	157
78	157	161
79	133	169
79	138	171
79	169	171
80	134	170
80	139	172
80	170	172
81	137	183
81	153	156
81	156	183
82	152	184
82	154	155
82	155	184
83	132	182
83	154	155
83	154	180
83	155	182
84	131	181
84	153	156
84	153	179
84	156	181
85	86	91
86	87	88
86	88	90
86	90	91
87	88	89
87	89	94
87	94	140
88	89	172
88	90	176
88	172	176
89	94	95
89	95	170
89	170	172
90	91	92
90	92	174
90	174	176
91	92	93
92	93	184
92	155	182
92	155	184
92	174	182
93	98	152
93	152	184
94	95	96
95	96	97
95	97	167
95	167	170
96	97	146
96	99	146
97	146	149
97	149	165
97	165	167
98	152	177
100	101	106
101	102	103
101	103	105
101	105	106
102	103	104
102	104	109
102	109	141
103	104	171
103	105	175
103	171	175
104	109	110
104	110	169
104	169	171
105	106	107
105	107	173
105	173	175
106	107	108
107	108	183
107	156	181
107	156	183
107	173	181
108	137	151
108	137	183
109	110	111
110	111	112
110	112	166
110	166	169
111	112	147
111	113	147
112	145	147
112	145	164
112	164	166
114	115	120
115	116	117
115	117	119
115	119	120
116	117	118
116	118	150
116	148	150
117	118	157
117	119	159
117	157	159
118	149	150
118	149	161
118	157	161
119	120	122
119	122	158
119	158	159
120	121	122
121	122	123
121	123	124
121	124	128
122	123	160
122	158	160
123	124	125
123	125	162
123	160	162
124	125	126
125	126	127
125	127	163
125	162	163
126	127	130
126	129	130
127	130	145
127	145	168
127	163	168
130	145	147
131	173	181
132	174	182
133	166	169
134	167	170
135	164	168
136	161	165
137	151	178
138	171	175
139	172	176
142	158	160
143	162	163
144	157	159
145	164	168
146	149	150
149	161	165
end_triangles

begin_node_model "Acceptors"
COMMAND node_model -device "mos2d" -region "gate" -display_type "scalar" -name "Acceptors" -equation "1;"
end_node_model

begin_node_model "AtContactNode"
BUILTIN
end_node_model

begin_node_model "ContactNSurfaceNormal_x"
DATAPARENT "SurfaceArea"
end_node_model

begin_node_model "ContactNSurfaceNormal_y"
DATAPARENT "SurfaceArea"
end_node_model

begin_node_model "ContactSurfaceArea"
DATAPARENT "SurfaceArea"
end_node_model

begin_node_model "Donors"
COMMAND node_model -device "mos2d" -region "gate" -display_type "scalar" -name "Donors" -equation "(1e+20 + 1);"
end_node_model

begin_node_model "NSurfaceNormal_x"
DATAPARENT "SurfaceArea"
end_node_model

begin_node_model "NSurfaceNormal_y"
DATAPARENT "SurfaceArea"
end_node_model

begin_node_model "NetDoping"
COMMAND node_model -device "mos2d" -region "gate" -display_type "scalar" -name "NetDoping" -equation "(Donors - Acceptors);"
end_node_model

begin_node_model "NodeVolume"
BUILTIN
end_node_model

begin_node_model "SurfaceArea"
BUILTIN
end_node_model

begin_node_model "coordinate_index"
DATAPARENT "x"
end_node_model

begin_node_model "node_index"
DATAPARENT "x"
end_node_model

begin_node_model "x"
BUILTIN
end_node_model

begin_node_model "y"
DATAPARENT "x"
end_node_model

begin_node_model "z"
DATAPARENT "x"
end_node_model

begin_edge_model "EdgeCouple"
BUILTIN
end_edge_model

begin_edge_model "EdgeInverseLength"
BUILTIN
end_edge_model

begin_edge_model "EdgeLength"
BUILTIN
end_edge_model

begin_edge_model "EdgeNodeVolume"
BUILTIN
end_edge_model

begin_edge_model "edge_index"
BUILTIN
end_edge_model

begin_edge_model "unitx"
BUILTIN
end_edge_model

begin_edge_model "unity"
DATAPARENT "unitx"
end_edge_model

begin_triangle_edge_model "ElementEdgeCouple"
BUILTIN
end_triangle_edge_model

begin_triangle_edge_model "ElementNodeVolume"
BUILTIN
end_triangle_edge_model

end_region

begin_region "oxide" "Oxide"
begin_nodes
1
2
8
9
93
94
95
96
97
98
99
100
101
102
103
104
105
106
107
108
109
110
111
112
113
114
115
116
117
118
119
120
121
122
123
124
125
126
127
128
129
130
131
132
133
134
135
136
137
138
139
140
141
142
143
144
145
146
147
148
149
150
151
152
153
154
155
156
157
158
159
160
161
162
163
164
165
166
167
168
169
170
171
172
173
174
175
176
177
178
179
180
181
182
183
184
185
186
187
188
189
190
191
192
193
194
195
196
197
198
199
200
201
202
203
204
205
206
207
208
209
210
211
212
213
214
215
216
217
218
219
220
221
222
223
224
225
226
227
228
229
230
231
232
233
234
235
236
237
238
239
240
241
242
243
244
245
246
247
248
249
250
251
252
253
254
255
256
257
258
259
260
261
262
263
264
265
266
267
268
269
270
271
272
273
274
275
276
277
278
279
280
281
282
283
284
285
286
287
288
289
290
291
292
293
294
295
296
297
298
299
300
301
302
303
304
305
306
345
346
347
348
349
350
351
352
353
354
355
356
357
358
359
360
361
362
363
364
365
366
367
368
397
398
399
400
401
402
403
404
2699
2700
2701
2702
2703
2704
2705
2706
2707
2708
2709
2710
2711
2712
2713
2714
2715
2716
2717
2718
2719
2720
2721
2722
2723
2724
2725
2726
2727
2728
2729
2730
2731
2732
2733
2734
2735
2736
2737
2738
2739
2740
2741
2742
2743
2744
2745
2746
2747
2748
2749
2750
2751
2752
2753
2754
2755
2756
2757
2758
2759
2760
2761
2762
2763
2764
2765
2766
2767
2768
2769
2770
2771
2772
2773
2774
2775
2776
2777
2778
2779
2780
2781
2782
2783
2784
2785
2786
2787
2788
2789
2790
2791
2792
2793
2794
2795
2796
2797
2798
2799
2800
2801
2802
2803
2804
2805
2806
2807
2808
2809
2810
2811
2812
2813
2814
2815
2816
2817
2818
2819
2820
2821
2822
2823
2824
2825
2826
2827
2828
2829
2830
2831
2832
2833
2834
2835
2836
2837
2838
2839
2840
2841
2842
2843
2844
2845
2846
2847
2848
2849
2850
2851
2852
2853
2854
2855
2856
2857
2858
2859
2860
2861
2862
2863
2864
2865
2866
2867
2868
2869
2870
2871
2872
2873
2874
2875
2876
2877
2878
2879
2880
2881
2882
2883
2884
2885
2886
2887
2888
2889
2890
2891
2892
2893
2894
2895
2896
2897
2898
2899
2900
2901
2902
2903
2904
2905
2906
2907
2908
2909
2910
2911
2912
2913
2914
2915
2916
2917
2918
2919
2920
2921
2922
2923
2924
2925
2926
2927
2928
2929
2930
2931
2932
2933
2934
2935
2936
2937
2938
2939
2940
2941
2942
2943
2944
2945
2946
2947
2948
2949
2950
2951
2952
2953
2954
2955
2956
2957
2958
2959
2960
2961
2962
2963
2964
2965
2966
2967
2968
2969
2970
2971
2972
2973
2974
2975
2976
2977
2978
2979
2980
2981
2982
2983
2984
2985
2986
2987
2988
2989
2990
2991
2992
2993
2994
2995
2996
2997
2998
2999
3000
3001
3002
3003
3004
3005
3006
3007
3008
3009
3010
3011
3012
3013
3014
3015
3016
3017
3018
3019
3020
3021
3022
3023
3024
3025
3026
3027
3028
3029
3030
3031
3032
3033
3034
3035
3036
3037
3038
3039
3040
3041
3042
3043
3044
3045
3046
3047
3048
3049
3050
3051
3052
3053
3054
3055
3056
3057
3058
3059
3060
3061
3062
3063
3064
3065
3066
3067
3068
3069
3070
3071
3072
3073
3074
3075
3076
3077
3078
3079
3080
3081
3082
3083
3084
3085
3086
3087
3088
3089
3090
3091
3092
3093
3094
3095
3096
3097
3098
3099
3100
3101
3102
3103
3104
3105
3106
3107
3108
3109
3110
3111
3112
3113
3114
3115
3116
3117
3118
3119
3120
3121
3122
3123
3124
3125
3126
3127
3128
3129
3130
3131
3132
3133
3134
3135
3136
3137
3138
3139
3140
3141
3142
3143
3144
3145
3146
3147
3148
3149
3150
3151
3152
3153
3154
3155
3156
3157
3158
3159
3160
3161
3162
3163
3164
3165
3166
3167
3168
3169
3170
3171
3172
3173
3174
3175
3176
3177
3178
3179
3180
3181
3182
3183
3184
3185
3186
3187
3188
3189
3190
3191
3192
3193
3194
3195
3196
3197
3198
3199
3200
3201
3202
3203
3204
3205
3206
3207
3208
3209
3210
3211
3212
3213
3214
3215
3216
3217
3218
3219
3220
3221
3222
3223
3224
3225
3226
3227
3228
3229
3230
3231
3232
3233
3234
3235
3236
3237
3238
3239
3240
3241
3242
3243
3244
3245
3246
3247
3248
3249
3250
3251
3252
3253
3254
3255
3256
3257
3258
3259
3260
3261
3262
3263
3264
3265
3266
3267
3268
3269
3270
3271
3272
3273
3274
3275
3276
3277
3278
3279
3280
3281
3282
3283
3284
3285
3286
3287
3288
3289
3290
3291
3292
3293
3294
3295
3296
3297
3298
3299
3300
3301
3302
3303
3304
3305
3306
3307
3308
3309
3310
3311
3312
3313
3314
3315
3316
3317
3318
3319
3320
3321
3322
3323
3324
3325
3326
3327
3328
3329
3330
3331
3332
3333
3334
3335
3336
3337
3338
3339
3340
3341
3342
3343
3344
3345
3346
3347
3348
3349
3350
3351
3352
3353
3354
3355
3356
3357
3358
3359
3360
3361
3362
3363
3364
3365
3366
3367
3368
3369
3370
3371
3372
3373
3374
3375
3376
3377
3378
3379
3380
3381
3382
3383
3384
3385
3386
3387
3388
3389
3390
3391
3392
3393
3394
3395
3396
3397
3398
3399
3400
3401
3402
3403
3404
3405
3406
3407
3408
3409
3410
3411
3412
3413
3414
3415
3416
3417
3418
3419
3420
3421
3422
3423
3424
3425
3426
3427
3428
3429
3430
3431
3432
3433
3434
3435
3436
3437
3438
3439
3440
3441
3442
3443
3444
3445
3446
3447
3448
3449
3450
3451
3452
3453
3454
3455
3456
3457
3458
3459
3460
3461
3462
3463
3464
3465
3466
3467
3468
3469
3470
3471
3472
3473
3474
3475
3476
3477
3478
3479
3480
3481
3482
3483
3484
3485
3486
3487
3488
3489
3490
3491
3492
3493
3494
3495
3496
3497
3498
3499
3500
3501
3502
3503
3504
3505
3506
3507
3508
3509
3510
3511
3512
3513
3514
3515
3516
3517
3518
3519
3520
3521
3522
3523
3524
3525
3526
3527
3528
3529
3530
3531
3532
3533
3534
3535
3536
3537
3538
3539
3540
3541
3542
3543
3544
3545
3546
3547
3548
3549
3550
3551
3552
3553
3554
3555
3556
3557
3558
3559
3560
3561
3562
3563
3564
3565
3566
3567
3568
3569
3570
3571
3572
3573
3574
3575
3576
3577
3578
3579
3580
3581
3582
3583
3584
3585
3586
3587
3588
3589
3590
3591
3592
3593
3594
3595
3596
3597
3598
3599
3600
3601
3602
3603
3604
3605
3606
3607
3608
3609
3610
3611
3612
3613
3614
3615
3616
3617
3618
3619
3620
3621
3622
3623
3624
3625
3626
3627
3628
3629
3630
3631
3632
3633
3634
3635
3636
3637
3638
3639
3640
3641
3642
3643
3644
3645
3646
3647
3648
3649
3650
3651
3652
3653
3654
3655
3656
3657
3658
3659
3660
3661
3662
3663
3664
3665
3666
3667
3668
3669
3670
3671
3672
3673
3674
3675
3676
3677
3678
3679
3680
3681
3682
3683
3684
3685
3686
3687
3688
3689
3690
3691
3692
3693
3694
3695
3696
3697
3698
3699
3700
3701
3702
3703
3704
3705
3706
3707
3708
3709
3710
3711
3712
3713
3714
3715
3716
3717
3718
3719
3720
3721
3722
3723
3724
3725
3726
3727
3728
3729
3730
3731
3732
3733
3734
3735
3736
3737
3738
3739
3740
3741
3742
3743
3744
3745
3746
3747
3748
3749
3750
3751
3752
end_nodes

begin_triangles
0	217	665
0	246	665
1	4	636
1	245	636
2	218	1102
2	242	1102
3	241	1103
3	249	1103
4	5	636
5	6	954
5	636	954
6	7	867
6	304	867
6	304	954
7	8	607
7	607	867
8	9	776
8	607	776
9	10	322
9	322	776
10	11	844
10	322	844
11	12	303
11	303	844
12	13	866
12	303	866
13	14	544
13	544	866
14	15	544
15	16	1113
15	317	544
15	317	1113
16	17	1155
16	302	1130
16	302	1155
16	1113	1130
17	18	391
17	391	1155
18	19	324
18	324	391
19	20	324
20	21	855
20	324	855
21	22	279
21	279	855
22	23	868
22	279	868
23	24	319
23	319	868
24	25	857
24	319	857
25	26	540
25	540	857
26	27	540
27	28	1032
27	280	540
27	280	1032
28	29	278
28	278	1032
29	30	360
29	278	1068
29	360	1068
30	31	360
31	32	775
31	360	775
32	33	292
32	292	775
33	34	864
33	292	864
34	35	853
34	853	864
35	36	293
35	293	853
36	37	631
36	293	631
37	38	631
38	39	277
38	277	530
38	530	631
39	40	706
39	277	896
39	706	896
40	41	276
40	276	706
41	42	1175
41	276	1174
41	1174	1175
42	43	335
42	335	1175
43	44	856
43	335	856
44	45	320
44	320	856
45	46	806
45	320	806
46	47	282
46	282	806
47	48	624
47	282	624
48	49	624
49	50	1124
49	535	624
49	535	1124
50	51	275
50	275	1125
50	1124	1125
51	52	370
51	275	881
51	370	881
52	53	370
53	54	766
53	370	766
54	55	288
54	288	766
55	56	861
55	288	861
56	57	792
56	792	861
57	58	289
57	289	792
58	59	632
58	289	632
59	60	632
60	61	1178
60	529	632
60	529	1178
61	62	654
61	274	1092
61	274	1178
61	654	1092
62	63	269
62	269	654
63	64	333
63	269	333
64	65	333
65	66	859
65	333	859
66	67	294
66	294	859
67	68	1013
67	294	1013
68	69	390
68	390	1013
69	70	638
69	390	638
70	71	638
71	72	1161
71	268	638
71	268	1161
72	73	270
72	270	1067
72	1067	1161
73	74	769
73	270	999
73	769	999
74	75	371
74	371	769
75	76	758
75	371	758
76	77	281
76	281	758
77	78	887
77	281	887
78	79	909
78	887	909
79	80	284
79	284	909
80	81	841
80	284	841
81	82	841
82	83	926
82	841	926
83	84	271
83	271	926
84	85	525
84	271	525
85	86	743
85	525	1129
85	743	1129
86	87	272
86	272	743
87	88	741
87	272	741
88	89	851
88	741	851
89	90	297
89	297	851
90	91	824
90	297	824
91	92	863
91	824	863
92	93	273
92	273	863
93	94	846
93	273	846
94	95	846
95	96	929
95	846	1276
95	929	1276
96	97	266
96	266	929
97	98	295
97	266	1147
97	295	1147
98	99	295
99	100	1290
99	295	1290
100	101	1291
100	1290	1291
101	102	283
101	283	1291
102	103	1294
102	283	1294
103	104	334
103	334	1294
104	105	1297
104	334	1297
105	106	1297
106	107	512
106	512	1297
107	108	1203
107	512	1203
108	109	788
108	265	1144
108	265	1203
108	788	1144
109	110	552
109	262	552
109	262	788
110	111	552
111	112	767
111	552	767
112	113	321
112	321	767
113	114	815
113	321	815
114	115	267
114	267	815
115	116	820
115	267	820
116	117	327
116	327	820
117	118	327
118	119	878
118	327	878
119	120	263
119	263	878
120	121	1267
120	263	546
120	546	1267
121	122	750
121	750	1267
122	123	264
122	264	750
123	124	742
123	264	742
124	125	821
124	742	821
125	126	296
125	296	821
126	127	800
126	296	800
127	128	318
127	318	800
128	129	823
128	318	823
129	130	823
130	131	291
130	291	823
131	132	1105
131	291	1105
132	133	290
132	290	523
132	523	1105
133	134	332
133	290	1019
133	332	1019
134	135	332
135	136	314
135	314	332
136	137	314
137	138	323
137	314	323
138	139	323
139	140	256
139	256	323
140	141	256
141	142	256
142	143	1164
142	256	1164
143	144	623
143	623	1164
144	145	532
144	532	623
145	146	255
145	255	532
146	147	705
146	255	698
146	698	705
147	148	299
147	299	705
148	149	1084
148	299	1084
149	150	1083
149	1083	1084
150	151	286
150	286	1083
151	152	1087
151	286	1087
152	153	1088
152	1087	1088
153	154	287
153	287	1088
154	155	287
155	156	615
155	287	615
156	157	254
156	254	615
157	158	608
157	254	608
158	159	850
158	252	608
158	252	850
159	160	1116
159	849	850
159	849	1116
160	161	848
160	848	1116
161	162	329
161	329	848
162	163	839
162	329	839
163	164	253
163	253	839
164	165	843
164	253	843
165	166	328
165	328	843
166	167	328
167	168	591
167	328	591
168	169	251
168	251	591
169	170	645
169	251	956
169	645	956
170	171	250
170	250	645
171	172	1055
171	250	1055
172	173	852
172	852	1055
173	174	316
173	316	852
174	175	794
174	316	794
175	176	822
175	794	822
176	177	285
176	285	822
177	178	818
177	285	818
178	179	818
179	180	399
179	399	1145
179	818	1145
180	181	1250
180	399	1250
181	182	647
181	647	1230
181	1230	1250
182	183	257
182	257	647
183	184	1099
183	257	735
183	735	1099
184	185	812
184	812	1099
185	186	326
185	326	812
186	187	832
186	326	832
187	188	261
187	261	832
188	189	838
188	261	838
189	190	330
189	330	838
190	191	330
191	192	589
191	330	1074
191	589	1074
192	193	1272
192	589	1060
192	1060	1272
193	194	917
193	660	754
193	660	917
193	754	1272
194	195	259
194	259	917
195	196	908
195	259	908
196	197	325
196	325	908
197	198	1221
197	325	1221
198	199	298
198	298	1221
199	200	1214
199	298	1214
200	201	331
200	331	1214
201	202	1217
201	331	1217
202	203	1211
202	1211	1217
203	204	541
203	541	1211
204	205	300
204	300	541
205	206	1168
205	300	1042
205	503	1042
205	503	1168
206	207	936
206	936	1168
207	208	301
207	301	936
208	209	301
209	210	944
209	301	944
210	211	939
210	939	944
211	212	940
211	939	940
212	213	498
212	498	940
213	214	498
214	215	942
214	498	942
215	216	1028
215	942	1028
216	217	497
216	497	1028
217	497	665
218	219	779
218	779	1102
219	220	312
219	312	779
220	221	688
220	312	688
221	222	309
221	309	688
222	223	930
222	309	930
223	224	1029
223	649	930
223	649	1029
224	225	307
224	307	1029
225	226	721
225	307	721
226	227	723
226	721	723
227	228	310
227	310	723
228	229	709
228	310	709
229	230	311
229	311	1271
229	709	1271
230	231	740
230	311	740
231	232	305
231	305	740
232	233	691
232	305	691
233	234	315
233	315	691
234	235	1128
234	315	1128
235	236	308
235	308	681
235	681	1128
236	237	675
236	308	675
237	238	306
237	306	675
238	239	1163
238	306	678
238	678	1163
239	240	313
239	313	1163
240	241	780
240	313	780
241	780	1103
242	243	519
242	519	1102
243	244	669
243	519	669
244	245	375
244	375	669
245	375	755
245	636	755
246	247	372
246	372	719
246	665	719
247	248	1022
247	372	1022
248	249	520
248	520	1022
249	520	1103
250	645	1122
250	692	957
250	692	1055
250	693	957
250	693	1122
251	591	625
251	625	1101
251	956	969
251	969	1101
252	608	975
252	849	850
252	849	1054
252	975	1054
253	839	840
253	840	1152
253	843	1152
254	608	609
254	609	610
254	610	613
254	613	615
255	532	533
255	533	534
255	534	698
256	323	1167
256	1164	1165
256	1165	1167
257	647	1229
257	735	736
257	736	1229
258	1046	1230
258	1046	1249
258	1230	1250
258	1249	1250
259	659	917
259	659	918
259	908	919
259	918	919
260	732	949
260	732	1179
260	754	1179
260	754	1272
260	949	1060
260	1060	1272
261	832	833
261	833	834
261	834	838
262	552	1065
262	788	1260
262	1065	1260
263	546	547
263	547	548
263	548	782
263	782	878
264	742	1035
264	750	977
264	907	977
264	907	1035
265	711	946
265	711	1203
265	789	946
265	789	1144
266	929	951
266	951	965
266	965	1147
267	815	816
267	816	817
267	817	820
268	638	1011
268	1011	1057
268	1057	1160
268	1160	1161
269	333	336
269	336	337
269	337	654
270	756	757
270	756	999
270	757	1067
271	525	616
271	616	617
271	617	747
271	747	926
272	741	1036
272	743	1007
272	903	1007
272	903	1036
273	846	847
273	847	870
273	863	870
274	1092	1156
274	1156	1177
274	1177	1178
275	703	1120
275	703	1259
275	704	1125
275	704	1259
275	881	1120
276	361	362
276	361	1174
276	362	706
277	530	1003
277	890	893
277	890	1003
277	893	896
278	635	1032
278	635	1069
278	1068	1069
279	855	873
279	868	869
279	869	873
280	540	1139
280	1032	1126
280	1126	1138
280	1138	1139
281	758	759
281	759	760
281	760	887
282	624	807
282	806	807
283	1291	1292
283	1292	1293
283	1293	1294
284	841	842
284	842	910
284	909	910
285	818	819
285	819	871
285	822	871
286	1082	1085
286	1082	1086
286	1083	1085
286	1086	1087
287	615	1227
287	1081	1088
287	1081	1227
288	766	904
288	861	862
288	862	904
289	632	963
289	792	793
289	793	963
290	523	696
290	696	895
290	895	1019
291	823	1255
291	1053	1105
291	1053	1255
292	775	1189
292	864	865
292	865	1189
293	631	1052
293	853	854
293	854	1052
294	859	860
294	860	1014
294	1013	1014
295	1147	1286
295	1286	1287
295	1287	1289
295	1289	1290
296	800	801
296	801	802
296	802	821
297	824	825
297	825	830
297	830	851
298	1214	1216
298	1216	1219
298	1219	1221
299	705	968
299	968	1079
299	1079	1228
299	1080	1084
299	1080	1228
300	541	1205
300	1042	1204
300	1204	1205
301	936	986
301	944	986
302	734	888
302	734	1155
302	888	1130
303	844	845
303	845	1240
303	866	1240
304	607	777
304	607	867
304	777	1243
304	953	954
304	953	1043
304	1043	1243
305	691	1095
305	740	959
305	959	1095
306	675	676
306	676	677
306	677	678
307	668	1025
307	668	1029
307	721	722
307	722	1025
308	675	679
308	679	680
308	680	681
309	688	689
309	689	774
309	774	1154
309	930	1154
310	709	1110
310	723	1119
310	928	1110
310	928	1119
311	740	1184
311	1151	1184
311	1151	1271
312	688	690
312	690	753
312	753	1148
312	779	1148
313	780	998
313	998	1009
313	1009	1163
314	323	1020
314	332	1020
315	691	1302
315	772	933
315	772	1302
315	933	1128
316	794	795
316	795	797
316	797	852
317	544	1239
317	1112	1113
317	1112	1235
317	1235	1237
317	1237	1239
318	800	1257
318	823	1256
318	1256	1257
319	857	858
319	858	1136
319	868	1136
320	806	1274
320	810	966
320	810	1274
320	856	966
321	767	768
321	768	889
321	815	889
322	776	777
322	777	1244
322	844	1244
323	922	1020
323	922	1167
324	391	392
324	392	1059
324	855	1059
325	908	1223
325	1221	1266
325	1223	1266
326	812	813
326	813	1093
326	832	1093
327	820	875
327	875	878
328	591	592
328	592	593
328	593	843
329	839	840
329	840	848
330	838	1268
330	1074	1268
331	1212	1213
331	1212	1217
331	1213	1214
332	1019	1020
333	336	860
333	859	860
334	1294	1295
334	1295	1296
334	1296	1297
335	856	1172
335	1172	1176
335	1175	1176
336	337	338
336	338	697
336	697	1010
336	860	1027
336	1010	1027
337	338	339
337	339	778
337	654	778
338	339	340
338	340	897
338	697	897
339	340	341
339	341	478
339	478	778
340	341	342
340	342	388
340	388	897
341	342	343
341	343	1040
341	478	1040
342	343	344
342	344	1058
342	388	1058
343	344	345
343	345	348
343	348	1040
344	345	346
344	346	347
344	347	1058
345	346	1005
345	348	351
345	351	1005
346	347	349
346	349	359
346	359	1005
347	349	350
347	350	683
347	683	738
347	738	1058
348	351	352
348	352	699
348	699	961
348	961	1040
349	350	357
349	357	987
349	359	987
350	357	358
350	358	389
350	389	683
351	352	353
351	353	972
351	972	1005
352	353	354
352	354	394
352	394	699
353	354	355
353	355	482
353	482	972
354	355	356
354	356	1106
354	394	1106
355	356	373
355	373	1008
355	482	1008
356	373	374
356	374	1284
356	1106	1262
356	1262	1284
357	358	367
357	367	369
357	369	987
358	367	368
358	368	717
358	389	717
359	987	988
359	988	1277
359	1005	1277
360	775	1188
360	1068	1186
360	1186	1197
360	1188	1197
361	362	363
361	363	808
361	808	809
361	809	1159
361	1159	1173
361	1173	1174
362	363	364
362	364	536
362	536	706
363	364	365
363	365	962
363	808	962
364	365	366
364	366	924
364	536	924
365	366	376
365	376	398
365	398	962
366	376	377
366	377	378
366	378	924
367	368	400
367	369	1004
367	400	1004
368	400	401
368	401	402
368	402	717
369	724	1004
369	724	1078
369	987	1078
370	766	904
370	881	882
370	882	904
371	758	1033
371	769	1090
371	1033	1090
372	719	1072
372	770	1072
372	770	1275
372	1022	1275
373	374	494
373	494	495
373	495	1008
374	494	590
374	590	970
374	970	1284
375	664	730
375	664	771
375	669	771
375	730	755
376	377	1006
376	398	502
376	502	1006
377	378	379
377	379	537
377	537	1006
378	379	380
378	380	707
378	707	924
379	380	381
379	381	981
379	537	981
380	381	382
380	382	506
380	506	707
381	382	383
381	383	393
381	393	981
382	383	384
382	384	710
382	506	710
383	384	385
383	385	1000
383	393	1000
384	385	386
384	386	387
384	387	710
385	386	1202
385	751	1000
385	751	1202
386	387	395
386	395	396
386	396	1202
387	395	479
387	479	516
387	516	710
388	738	1058
388	738	1094
388	897	899
388	899	1094
389	683	684
389	684	748
389	717	1246
389	748	1246
390	638	1011
390	1011	1012
390	1012	1013
391	392	734
391	734	1155
392	397	1059
392	397	1143
392	734	1044
392	1044	1132
392	1132	1134
392	1134	1143
393	773	1000
393	773	1109
393	981	1109
394	699	700
394	700	948
394	948	1106
395	396	997
395	479	507
395	507	997
396	752	1002
396	752	1202
396	997	1002
397	873	1059
397	873	1141
397	1141	1143
398	502	528
398	528	704
398	704	962
399	985	1145
399	985	1254
399	1250	1254
400	401	526
400	526	527
400	527	1004
401	402	403
401	403	960
401	526	960
402	403	404
402	404	469
402	469	717
403	404	405
403	405	406
403	406	960
404	405	958
404	469	470
404	470	958
405	406	407
405	407	983
405	958	1048
405	983	1048
406	407	408
406	408	486
406	486	960
407	408	409
407	409	410
407	410	983
408	409	967
408	486	538
408	538	967
409	410	411
409	411	412
409	412	967
410	411	490
410	490	496
410	496	983
411	412	413
411	413	1224
411	490	1045
411	1045	1224
412	413	414
412	414	480
412	480	967
413	414	415
413	415	418
413	418	606
413	606	1224
414	415	416
414	416	984
414	480	984
415	416	417
415	417	603
415	418	603
416	417	419
416	419	485
416	485	984
417	419	420
417	420	421
417	421	1169
417	603	1169
418	603	604
418	604	605
418	605	606
419	420	931
419	485	517
419	517	931
420	421	422
420	422	423
420	423	931
421	422	427
421	427	473
421	473	1169
422	423	424
422	424	923
422	427	923
423	424	425
423	425	995
423	931	995
424	425	426
424	426	1021
424	923	1021
425	426	428
425	428	481
425	481	995
426	428	429
426	429	430
426	430	901
426	901	1021
427	473	474
427	474	475
427	475	923
428	429	945
428	481	521
428	521	945
429	430	431
429	431	432
429	432	945
430	431	491
430	491	492
430	492	901
431	432	433
431	433	655
431	491	655
432	433	434
432	434	472
432	472	945
433	434	435
433	435	465
433	465	655
434	435	436
434	436	978
434	472	978
435	436	437
435	437	671
435	465	671
436	437	438
436	438	464
436	464	978
437	438	439
437	439	1258
437	671	1107
437	1107	1258
438	439	440
438	440	976
438	464	976
439	440	441
439	441	471
439	471	1258
440	441	442
440	442	476
440	476	976
441	442	443
441	443	584
441	471	584
442	443	444
442	444	989
442	476	989
443	444	445
443	445	458
443	458	1127
443	584	1127
444	445	446
444	446	461
444	461	989
445	446	447
445	447	996
445	458	996
446	447	448
446	448	1111
446	461	1111
447	448	449
447	449	720
447	720	1115
447	996	1115
448	449	450
448	450	477
448	477	1111
449	450	451
449	451	454
449	454	720
450	451	452
450	452	1001
450	477	1001
451	452	453
451	453	553
451	454	553
452	453	455
452	455	466
452	466	1001
453	455	456
453	456	459
453	459	1181
453	553	1181
454	553	554
454	554	555
454	555	720
455	456	457
455	457	1024
455	466	1024
456	457	979
456	459	460
456	460	979
457	641	979
457	641	1233
457	1024	1233
458	894	982
458	894	996
458	982	1127
459	460	462
459	462	463
459	463	1181
460	462	467
460	467	468
460	468	979
461	989	991
461	991	992
461	992	1111
462	463	1261
462	467	487
462	487	596
462	596	1261
463	971	1064
463	971	1181
463	1064	1261
464	976	1026
464	978	1263
464	1026	1263
465	655	1018
465	671	1153
465	1018	1121
465	1121	1153
466	712	1024
466	712	1031
466	1001	1031
467	468	488
467	487	618
467	488	618
468	488	508
468	508	641
468	641	979
469	470	499
469	499	531
469	531	717
470	499	500
470	500	501
470	501	958
471	584	714
471	630	1062
471	630	1258
471	714	1283
471	1062	1283
472	945	1037
472	950	978
472	950	1037
473	474	781
473	687	781
473	687	955
473	955	1169
474	475	483
474	483	489
474	489	781
475	483	484
475	484	505
475	505	923
476	976	1123
476	989	990
476	990	1123
477	992	1100
477	992	1111
477	1001	1100
478	778	916
478	916	961
478	961	1040
479	507	628
479	516	545
479	545	628
480	967	993
480	984	993
481	521	522
481	522	646
481	646	995
482	972	973
482	973	1170
482	1008	1170
483	484	595
483	489	594
483	594	595
484	505	511
484	511	1104
484	595	667
484	667	1104
485	517	518
485	518	614
485	614	984
486	538	549
486	549	1150
486	960	1150
487	596	597
487	597	598
487	598	618
488	508	509
488	509	672
488	618	672
489	594	1114
489	781	1285
489	1114	1285
490	496	513
490	513	514
490	514	1045
491	492	493
491	493	1061
491	655	980
491	980	1061
492	493	542
492	542	911
492	901	911
493	542	543
493	543	737
493	737	1061
494	495	550
494	550	1183
494	590	1183
495	550	649
495	649	668
495	668	1008
496	513	551
496	551	1034
496	634	983
496	634	1034
497	665	719
497	718	719
497	718	1028
498	940	941
498	941	942
499	500	695
499	531	952
499	695	1278
499	952	1278
500	501	504
500	504	524
500	524	695
501	504	510
501	510	515
501	515	958
502	528	622
502	622	639
502	639	1006
503	1030	1041
503	1030	1168
503	1041	1042
504	510	587
504	524	648
504	587	1089
504	648	1089
505	511	539
505	539	1021
505	923	1021
506	707	708
506	708	791
506	710	791
507	628	629
507	629	664
507	664	997
508	509	770
508	641	642
508	642	770
509	672	673
509	673	674
509	674	770
510	515	633
510	587	951
510	633	951
511	539	911
511	696	911
511	696	1104
512	994	1039
512	994	1281
512	1039	1203
512	1281	1297
513	514	711
513	551	621
513	621	711
514	711	946
514	790	946
514	790	1264
514	1045	1264
515	633	634
515	634	1048
515	958	1048
516	545	601
516	601	635
516	635	710
517	518	959
517	931	1280
517	959	1280
518	614	1184
518	740	959
518	740	1184
519	669	670
519	670	1148
519	779	1102
519	779	1148
520	780	1103
520	780	1273
520	1022	1182
520	1182	1273
521	522	772
521	772	1037
521	945	1037
522	646	1095
522	772	1302
522	1095	1302
523	696	1104
523	1104	1105
524	648	1007
524	695	1225
524	1007	1225
525	616	695
525	695	1225
525	1129	1225
526	527	928
526	928	1150
526	960	1150
527	928	1119
527	1004	1226
527	1119	1226
528	622	948
528	704	1259
528	948	1259
529	632	1056
529	1056	1265
529	1177	1178
529	1177	1265
530	631	1051
530	1003	1015
530	1015	1016
530	1016	1051
531	717	1246
531	748	952
531	748	1246
532	533	737
532	623	1166
532	737	1166
533	534	980
533	737	1061
533	980	1061
534	698	1157
534	980	1018
534	1018	1157
535	624	807
535	807	808
535	808	811
535	811	1124
536	706	896
536	893	896
536	893	924
537	639	1006
537	639	1284
537	970	981
537	970	1284
538	549	658
538	658	993
538	967	993
539	901	911
539	901	1021
540	857	1162
540	1139	1162
541	1205	1206
541	1206	1210
541	1210	1211
542	543	895
542	696	895
542	696	911
543	737	1185
543	895	920
543	920	921
543	921	1185
544	866	1245
544	1239	1245
545	601	731
545	628	1269
545	731	1044
545	1044	1269
546	547	1285
546	1114	1267
546	1114	1285
547	548	687
547	687	781
547	781	1285
548	687	932
548	782	783
548	783	932
549	658	1110
549	928	1110
549	928	1150
550	649	930
550	930	1154
550	1154	1183
551	621	666
551	666	965
551	965	1034
552	767	974
552	974	1065
553	554	971
553	971	1181
554	555	556
554	556	1023
554	971	1063
554	1023	1063
555	556	557
555	557	558
555	558	720
556	557	562
556	562	563
556	563	1023
557	558	559
557	559	1108
557	562	1108
558	559	560
558	560	1038
558	720	1038
559	560	561
559	561	586
559	586	640
559	640	1108
560	561	564
560	564	588
560	588	1038
561	564	565
561	565	566
561	566	586
562	563	577
562	577	585
562	585	1108
563	577	578
563	578	579
563	579	1023
564	565	739
564	588	894
564	739	894
565	566	567
565	567	568
565	568	739
566	567	576
566	576	602
566	586	1249
566	602	1249
567	568	569
567	569	575
567	575	576
568	569	570
568	570	1098
568	739	1098
569	570	571
569	571	1201
569	575	1201
570	571	572
570	572	573
570	573	1098
571	572	956
571	645	956
571	645	1122
571	1122	1201
572	573	574
572	574	969
572	956	969
573	574	905
573	905	982
573	982	1098
574	714	905
574	714	1071
574	969	1071
575	576	661
575	661	1146
575	799	1097
575	799	1201
575	1097	1146
576	602	985
576	661	985
577	578	650
577	585	1229
577	650	736
577	736	1229
578	579	580
578	580	652
578	650	652
579	580	581
579	581	582
579	582	1023
580	581	949
580	583	652
580	583	1073
580	949	1060
580	1060	1073
581	582	1070
581	732	949
581	732	1070
582	1023	1063
582	1063	1064
582	1064	1070
583	651	652
583	651	837
583	837	1075
583	1073	1075
584	714	905
584	905	1127
585	647	1047
585	647	1229
585	1047	1108
586	640	1046
586	1046	1249
587	847	1089
587	847	1276
587	929	951
587	929	1276
588	894	996
588	996	1115
588	1038	1115
589	1060	1073
589	1073	1074
590	773	774
590	773	1109
590	774	1183
590	970	1109
591	592	625
592	593	840
592	625	626
592	626	1054
592	840	1054
593	840	1152
593	843	1152
594	595	715
594	715	907
594	907	977
594	977	1114
595	667	1053
595	715	1053
596	597	599
596	599	600
596	600	1261
597	598	659
597	599	660
597	659	660
598	618	1253
598	659	1252
598	1252	1253
599	600	732
599	660	754
599	732	1179
599	754	1179
600	732	1070
600	1064	1070
600	1064	1261
601	635	1032
601	731	1126
601	1032	1126
602	985	1254
602	1249	1250
602	1250	1254
603	604	955
603	955	1169
604	605	932
604	687	932
604	687	955
605	606	1264
605	786	787
605	786	932
605	787	790
605	790	1264
606	1045	1224
606	1045	1264
607	776	777
608	609	975
609	610	611
609	611	612
609	612	975
610	611	1149
610	613	637
610	637	1149
611	612	630
611	630	1107
611	1107	1149
612	630	1062
612	713	975
612	713	1062
613	615	1227
613	637	663
613	663	733
613	733	1227
614	984	993
614	993	1151
614	1151	1184
616	617	952
616	695	1278
616	952	1278
617	744	745
617	744	952
617	745	747
618	619	672
618	619	1253
619	620	1206
619	620	1253
619	672	1204
619	1204	1205
619	1205	1206
620	918	1208
620	918	1252
620	1206	1207
620	1207	1208
620	1252	1253
621	666	925
621	711	1039
621	925	994
621	994	1039
622	639	1262
622	948	1106
622	1106	1262
623	1164	1165
623	1165	1166
625	626	627
625	627	1101
626	627	713
626	713	1054
627	713	1283
627	714	1071
627	714	1283
627	1071	1101
628	629	725
628	725	888
628	888	1269
629	664	730
629	725	726
629	726	730
630	1107	1258
631	1051	1052
632	963	1056
633	634	1034
633	951	965
633	965	1034
634	983	1048
635	710	791
635	791	1069
636	755	1118
636	954	1118
637	663	1121
637	1121	1153
637	1149	1153
639	1262	1284
640	1046	1047
640	1047	1108
641	642	643
641	643	1233
642	643	644
642	644	1275
642	770	1275
643	644	656
643	656	657
643	657	1233
644	656	1182
644	1022	1182
644	1022	1275
646	959	1095
646	959	1280
646	995	1280
647	1047	1230
648	827	829
648	827	1089
648	829	831
648	831	903
648	903	1007
649	668	1029
650	651	652
650	651	653
650	653	736
651	653	1050
651	835	837
651	835	1050
653	736	813
653	813	814
653	814	1050
654	778	1092
655	980	1018
656	657	998
656	998	1273
656	1182	1273
657	998	1009
657	1009	1180
657	1180	1233
658	709	1110
658	709	1271
658	993	1151
658	1151	1271
659	660	917
659	918	1252
661	819	871
661	819	985
661	871	872
661	872	1146
662	872	927
662	872	1146
662	927	934
662	934	1097
662	1097	1146
663	733	968
663	968	1157
663	1121	1157
664	771	997
666	925	1286
666	965	1147
666	1147	1286
667	1053	1105
667	1104	1105
668	1008	1170
668	1025	1170
669	670	771
670	753	1002
670	753	1148
670	771	1002
671	1107	1149
671	1149	1153
672	673	1042
672	1042	1204
673	674	716
673	716	1041
673	1041	1042
674	716	718
674	718	1072
674	770	1072
675	676	679
676	677	1100
676	679	991
676	991	992
676	992	1100
677	678	712
677	712	1031
677	1031	1100
678	712	1009
678	1009	1163
679	680	990
679	990	991
680	681	682
680	682	1026
680	990	1123
680	1026	1123
681	682	933
681	933	1128
682	933	950
682	950	1263
682	1026	1263
683	684	685
683	685	738
684	685	686
684	686	744
684	744	748
685	686	1303
685	738	1094
685	1094	1303
686	744	745
686	745	746
686	746	756
686	756	1303
688	689	690
689	690	751
689	751	773
689	773	774
690	751	752
690	752	753
691	1095	1302
692	852	1055
692	852	1117
692	957	1117
693	694	799
693	694	957
693	799	1201
693	1122	1201
694	797	798
694	797	1117
694	798	799
694	957	1117
697	897	898
697	898	1160
697	1010	1160
698	705	968
698	968	1157
699	700	701
699	701	961
700	701	702
700	702	703
700	703	948
701	702	885
701	885	1156
701	916	961
701	916	1156
702	703	1120
702	882	883
702	882	1120
702	883	885
703	948	1259
704	811	962
704	811	1125
707	708	890
707	890	893
707	893	924
708	791	1069
708	890	891
708	891	892
708	892	1069
711	1039	1203
712	1009	1180
712	1024	1180
713	975	1054
713	1062	1283
715	804	907
715	804	947
715	947	1255
715	1053	1255
716	718	900
716	900	935
716	935	1030
716	1030	1041
718	719	1072
718	900	1028
720	1038	1115
721	722	724
721	723	724
722	724	1078
722	973	988
722	973	1025
722	988	1078
723	724	1226
723	1119	1226
724	1004	1226
725	726	727
725	727	1130
725	888	1130
726	727	728
726	728	729
726	729	730
727	728	1112
727	1112	1113
727	1113	1130
728	729	953
728	953	1043
728	1043	1235
728	1112	1235
729	730	755
729	755	1118
729	953	1118
731	1044	1132
731	1126	1131
731	1131	1132
733	968	1079
733	1079	1081
733	1081	1227
734	888	1269
734	1044	1269
735	736	813
735	812	813
735	812	1099
737	1166	1185
739	894	982
739	982	1098
741	851	902
741	902	1036
742	821	906
742	906	1035
743	1007	1129
744	748	952
745	746	1091
745	747	749
745	749	1091
746	756	999
746	999	1090
746	1090	1091
747	749	765
747	765	842
747	842	926
749	761	763
749	761	1091
749	763	765
750	977	1267
751	752	1202
751	773	1000
752	753	1002
756	757	1303
757	899	1094
757	899	1234
757	1067	1234
757	1094	1303
758	759	1033
759	760	761
759	761	762
759	762	1033
760	761	763
760	763	764
760	764	887
761	762	1091
762	1033	1090
762	1090	1091
763	764	765
764	765	910
764	887	909
764	909	910
765	842	910
767	768	974
768	889	912
768	912	913
768	913	974
769	999	1090
771	997	1002
772	933	950
772	950	1037
774	1154	1183
775	1188	1189
777	1243	1244
778	916	1092
780	998	1273
782	783	784
782	784	876
782	876	878
783	784	785
783	785	786
783	786	932
784	785	914
784	876	877
784	877	1096
784	914	1096
785	786	787
785	787	788
785	788	1260
785	914	1260
787	788	789
787	789	790
788	789	1144
789	790	946
792	793	886
792	861	886
793	886	1049
793	963	964
793	964	1049
794	795	796
794	796	822
795	796	927
795	797	798
795	798	927
796	822	871
796	871	872
796	872	927
797	852	1117
798	799	934
798	927	934
799	934	1097
800	801	1257
801	802	803
801	803	805
801	805	1257
802	803	804
802	804	906
802	821	906
803	804	947
803	805	947
804	906	907
805	947	1255
805	1255	1256
805	1256	1257
806	807	1274
807	808	809
807	809	810
807	810	1274
808	811	962
809	810	1158
809	1158	1159
810	966	1158
811	1124	1125
813	814	1093
814	833	1050
814	833	1093
815	816	889
816	817	879
816	879	880
816	880	889
817	820	875
817	875	1232
817	879	1232
818	819	1145
819	985	1145
823	1255	1256
824	825	826
824	826	863
825	826	827
825	827	829
825	829	830
826	827	828
826	828	870
826	863	870
827	828	1089
828	847	870
828	847	1089
829	830	831
830	831	902
830	851	902
831	902	903
832	833	1093
833	834	835
833	835	1050
834	835	836
834	836	1077
834	838	1268
834	1077	1268
835	836	837
836	837	1075
836	1075	1076
836	1076	1077
840	848	849
840	849	1054
841	842	926
844	845	1244
845	1238	1240
845	1238	1241
845	1241	1244
846	847	1276
848	849	1116
853	854	1195
853	864	1195
854	1052	1198
854	1194	1195
854	1194	1198
855	873	1059
856	966	1172
857	858	1162
858	1136	1137
858	1137	1138
858	1138	1162
860	1014	1027
861	862	886
862	886	1066
862	904	1066
864	865	1195
865	1189	1190
865	1190	1191
865	1191	1195
866	1240	1245
868	869	1136
869	873	874
869	874	1135
869	1135	1136
873	874	1141
874	1135	1270
874	1141	1142
874	1142	1270
875	876	878
875	876	1232
876	877	1231
876	1231	1232
877	879	880
877	879	1231
877	880	915
877	915	1096
879	1231	1232
880	889	912
880	912	915
881	882	1120
882	883	1066
882	904	1066
883	884	964
883	884	1066
883	885	1265
883	964	1265
884	886	1049
884	886	1066
884	964	1049
885	1156	1177
885	1177	1265
890	891	1003
891	892	1017
891	1003	1015
891	1015	1017
892	1017	1186
892	1068	1069
892	1068	1186
895	920	1019
897	898	899
898	899	1234
898	1160	1161
898	1161	1234
900	935	937
900	937	942
900	942	1028
902	903	1036
905	982	1127
906	907	1035
908	919	1223
912	913	914
912	914	915
913	914	1260
913	974	1065
913	1065	1260
914	915	1096
916	1092	1156
918	919	1222
918	1208	1222
919	1222	1223
920	921	922
920	922	1020
920	1019	1020
921	922	1167
921	1165	1167
921	1165	1185
925	994	1299
925	1286	1287
925	1287	1288
925	1288	1299
931	995	1280
935	936	986
935	936	1030
935	937	986
936	1030	1168
937	938	943
937	938	986
937	941	942
937	941	943
938	939	944
938	939	1248
938	943	1248
938	944	986
939	940	1248
940	941	1248
941	943	1248
950	978	1263
953	954	1118
963	964	1056
964	1056	1265
966	1158	1171
966	1171	1172
969	1071	1101
970	981	1109
971	1063	1064
972	973	1277
972	1005	1277
973	988	1277
973	1025	1170
976	1026	1123
977	1114	1267
987	988	1078
989	990	991
994	1281	1282
994	1282	1298
994	1298	1299
1001	1031	1100
1007	1129	1225
1010	1027	1057
1010	1057	1160
1011	1012	1057
1012	1013	1014
1012	1014	1027
1012	1027	1057
1015	1016	1200
1015	1017	1199
1015	1199	1200
1016	1051	1052
1016	1052	1198
1016	1198	1200
1017	1186	1187
1017	1187	1192
1017	1192	1193
1017	1193	1199
1018	1121	1157
1024	1180	1233
1043	1235	1236
1043	1236	1242
1043	1242	1243
1046	1047	1230
1067	1161	1234
1073	1074	1076
1073	1075	1076
1074	1076	1077
1074	1077	1268
1079	1081	1082
1079	1082	1228
1080	1083	1084
1080	1083	1085
1080	1085	1228
1081	1082	1086
1081	1086	1088
1082	1085	1228
1086	1087	1088
1126	1131	1138
1131	1132	1247
1131	1138	1279
1131	1247	1279
1132	1133	1247
1132	1133	1251
1132	1134	1251
1133	1140	1247
1133	1140	1270
1133	1142	1251
1133	1142	1270
1134	1141	1142
1134	1141	1143
1134	1142	1251
1135	1136	1137
1135	1137	1140
1135	1140	1270
1137	1138	1279
1137	1140	1279
1138	1139	1162
1140	1247	1279
1158	1159	1171
1159	1171	1173
1165	1166	1185
1171	1172	1173
1172	1173	1176
1173	1174	1176
1174	1175	1176
1186	1187	1197
1187	1190	1192
1187	1190	1196
1187	1196	1197
1188	1189	1196
1188	1196	1197
1189	1190	1196
1190	1191	1192
1191	1192	1193
1191	1193	1194
1191	1194	1195
1193	1194	1199
1194	1198	1199
1198	1199	1200
1206	1207	1215
1206	1210	1215
1207	1208	1209
1207	1209	1218
1207	1215	1218
1208	1209	1220
1208	1220	1222
1209	1216	1218
1209	1216	1219
1209	1219	1220
1210	1211	1212
1210	1212	1215
1211	1212	1217
1212	1213	1215
1213	1214	1216
1213	1215	1218
1213	1216	1218
1219	1220	1221
1220	1221	1266
1220	1222	1223
1220	1223	1266
1235	1236	1237
1236	1237	1238
1236	1238	1241
1236	1241	1242
1237	1238	1245
1237	1239	1245
1238	1240	1245
1241	1242	1243
1241	1243	1244
1281	1282	1301
1281	1296	1297
1281	1296	1301
1282	1298	1301
1287	1288	1300
1287	1289	1300
1288	1299	1300
1289	1290	1291
1289	1291	1292
1289	1292	1300
1292	1293	1299
1292	1299	1300
1293	1294	1295
1293	1295	1298
1293	1298	1299
1295	1296	1301
1295	1298	1301
end_triangles

begin_node_model "AtContactNode"
BUILTIN
end_node_model

begin_node_model "ContactNSurfaceNormal_x"
DATAPARENT "SurfaceArea"
end_node_model

begin_node_model "ContactNSurfaceNormal_y"
DATAPARENT "SurfaceArea"
end_node_model

begin_node_model "ContactSurfaceArea"
DATAPARENT "SurfaceArea"
end_node_model

begin_node_model "NSurfaceNormal_x"
DATAPARENT "SurfaceArea"
end_node_model

begin_node_model "NSurfaceNormal_y"
DATAPARENT "SurfaceArea"
end_node_model

begin_node_model "NodeVolume"
BUILTIN
end_node_model

begin_node_model "SurfaceArea"
BUILTIN
end_node_model

begin_node_model "coordinate_index"
DATAPARENT "x"
end_node_model

begin_node_model "node_index"
DATAPARENT "x"
end_node_model

begin_node_model "x"
BUILTIN
end_node_model

begin_node_model "y"
DATAPARENT "x"
end_node_model

begin_node_model "z"
DATAPARENT "x"
end_node_model

begin_edge_model "EdgeCouple"
BUILTIN
end_edge_model

begin_edge_model "EdgeInverseLength"
BUILTIN
end_edge_model

begin_edge_model "EdgeLength"
BUILTIN
end_edge_model

begin_edge_model "EdgeNodeVolume"
BUILTIN
end_edge_model

begin_edge_model "edge_index"
BUILTIN
end_edge_model

begin_edge_model "unitx"
BUILTIN
end_edge_model

begin_edge_model "unity"
DATAPARENT "unitx"
end_edge_model

begin_triangle_edge_model "ElementEdgeCouple"
BUILTIN
end_triangle_edge_model

begin_triangle_edge_model "ElementNodeVolume"
BUILTIN
end_triangle_edge_model

end_region

begin_contact "body" "bulk" "metal"
begin_edges
4	54
5	6
6	7
7	8
8	9
9	10
10	11
11	12
12	13
13	14
14	15
15	16
16	17
17	18
18	19
19	20
20	21
21	22
22	23
23	24
24	25
25	26
26	27
27	28
28	29
29	30
30	31
31	32
32	33
33	34
34	35
35	36
36	37
37	38
38	39
39	40
40	41
41	42
42	43
43	44
44	45
45	46
46	47
47	48
48	49
49	50
50	51
51	52
52	53
53	54
end_edges

end_contact

begin_contact "drain" "bulk" "metal"
begin_edges
2	88
3	77
77	78
78	79
79	80
80	81
81	82
82	83
83	84
84	85
85	86
86	87
87	88
end_edges

end_contact

begin_contact "gate" "gate" "metal"
begin_edges
0	36
1	59
36	37
37	38
38	39
39	40
40	41
41	42
42	43
43	44
44	45
45	46
46	47
47	48
48	49
49	50
50	51
51	52
52	53
53	54
54	55
55	56
56	57
57	58
58	59
end_edges

end_contact

begin_contact "source" "bulk" "metal"
begin_edges
0	314
1	303
303	304
304	305
305	306
306	307
307	308
308	309
309	310
310	311
311	312
312	313
313	314
end_edges

end_contact

begin_interface "bulk_oxide" "bulk" "oxide"
begin_edges
1	302	0	217
2	89	1	4
89	90	4	5
90	91	5	6
91	92	6	7
92	93	7	8
93	94	8	9
94	95	9	10
95	96	10	11
96	97	11	12
97	98	12	13
98	99	13	14
99	100	14	15
100	101	15	16
101	102	16	17
102	103	17	18
103	104	18	19
104	105	19	20
105	106	20	21
106	107	21	22
107	108	22	23
108	109	23	24
109	110	24	25
110	111	25	26
111	112	26	27
112	113	27	28
113	114	28	29
114	115	29	30
115	116	30	31
116	117	31	32
117	118	32	33
118	119	33	34
119	120	34	35
120	121	35	36
121	122	36	37
122	123	37	38
123	124	38	39
124	125	39	40
125	126	40	41
126	127	41	42
127	128	42	43
128	129	43	44
129	130	44	45
130	131	45	46
131	132	46	47
132	133	47	48
133	134	48	49
134	135	49	50
135	136	50	51
136	137	51	52
137	138	52	53
138	139	53	54
139	140	54	55
140	141	55	56
141	142	56	57
142	143	57	58
143	144	58	59
144	145	59	60
145	146	60	61
146	147	61	62
147	148	62	63
148	149	63	64
149	150	64	65
150	151	65	66
151	152	66	67
152	153	67	68
153	154	68	69
154	155	69	70
155	156	70	71
156	157	71	72
157	158	72	73
158	159	73	74
159	160	74	75
160	161	75	76
161	162	76	77
162	163	77	78
163	164	78	79
164	165	79	80
165	166	80	81
166	167	81	82
167	168	82	83
168	169	83	84
169	170	84	85
170	171	85	86
171	172	86	87
172	173	87	88
173	174	88	89
174	175	89	90
175	176	90	91
176	177	91	92
177	178	92	93
178	179	93	94
179	180	94	95
180	181	95	96
181	182	96	97
182	183	97	98
183	184	98	99
184	185	99	100
185	186	100	101
186	187	101	102
187	188	102	103
188	189	103	104
189	190	104	105
190	191	105	106
191	192	106	107
192	193	107	108
193	194	108	109
194	195	109	110
195	196	110	111
196	197	111	112
197	198	112	113
198	199	113	114
199	200	114	115
200	201	115	116
201	202	116	117
202	203	117	118
203	204	118	119
204	205	119	120
205	206	120	121
206	207	121	122
207	208	122	123
208	209	123	124
209	210	124	125
210	211	125	126
211	212	126	127
212	213	127	128
213	214	128	129
214	215	129	130
215	216	130	131
216	217	131	132
217	218	132	133
218	219	133	134
219	220	134	135
220	221	135	136
221	222	136	137
222	223	137	138
223	224	138	139
224	225	139	140
225	226	140	141
226	227	141	142
227	228	142	143
228	229	143	144
229	230	144	145
230	231	145	146
231	232	146	147
232	233	147	148
233	234	148	149
234	235	149	150
235	236	150	151
236	237	151	152
237	238	152	153
238	239	153	154
239	240	154	155
240	241	155	156
241	242	156	157
242	243	157	158
243	244	158	159
244	245	159	160
245	246	160	161
246	247	161	162
247	248	162	163
248	249	163	164
249	250	164	165
250	251	165	166
251	252	166	167
252	253	167	168
253	254	168	169
254	255	169	170
255	256	170	171
256	257	171	172
257	258	172	173
258	259	173	174
259	260	174	175
260	261	175	176
261	262	176	177
262	263	177	178
263	264	178	179
264	265	179	180
265	266	180	181
266	267	181	182
267	268	182	183
268	269	183	184
269	270	184	185
270	271	185	186
271	272	186	187
272	273	187	188
273	274	188	189
274	275	189	190
275	276	190	191
276	277	191	192
277	278	192	193
278	279	193	194
279	280	194	195
280	281	195	196
281	282	196	197
282	283	197	198
283	284	198	199
284	285	199	200
285	286	200	201
286	287	201	202
287	288	202	203
288	289	203	204
289	290	204	205
290	291	205	206
291	292	206	207
292	293	207	208
293	294	208	209
294	295	209	210
295	296	210	211
296	297	211	212
297	298	212	213
298	299	213	214
299	300	214	215
300	301	215	216
301	302	216	217
end_edges

end_interface

begin_interface "gate_oxide" "gate" "oxide"
begin_edges
2	8	2	218
3	31	3	241
8	9	218	219
9	10	219	220
10	11	220	221
11	12	221	222
12	13	222	223
13	14	223	224
14	15	224	225
15	16	225	226
16	17	226	227
17	18	227	228
18	19	228	229
19	20	229	230
20	21	230	231
21	22	231	232
22	23	232	233
23	24	233	234
24	25	234	235
25	26	235	236
26	27	236	237
27	28	237	238
28	29	238	239
29	30	239	240
30	31	240	241
end_edges

end_interface

end_device

