$MeshFormat
2.2 0 8
$EndMeshFormat
$PhysicalNames
9
1 1 "gate_contact"
1 2 "gate_oxide_interface"
1 3 "bulk_oxide_interface"
1 4 "source_contact"
1 5 "drain_contact"
1 6 "body_contact"
2 7 "gate"
2 8 "oxide"
2 9 "bulk"
$EndPhysicalNames
$Nodes
1438
1 0 0 0
2 4e-05 0 0
3 6e-05 0 0
4 0.0001 0 0
5 0.0001 0.0001 0
6 0 0.0001 0
7 4e-05 -1.2e-05 0
8 6e-05 -1.2e-05 0
9 6e-05 -2e-06 0
10 4e-05 -2e-06 0
11 1.999999999996283e-06 0.0001 0
12 3.999999999992063e-06 0.0001 0
13 5.999999999987601e-06 0.0001 0
14 7.999999999984174e-06 0.0001 0
15 9.999999999981015e-06 0.0001 0
16 1.199999999997786e-05 0.0001 0
17 1.399999999997345e-05 0.0001 0
18 1.59999999999666e-05 0.0001 0
19 1.799999999996008e-05 0.0001 0
20 1.999999999995523e-05 0.0001 0
21 2.199999999994905e-05 0.0001 0
22 2.399999999994419e-05 0.0001 0
23 2.599999999993802e-05 0.0001 0
24 2.799999999993316e-05 0.0001 0
25 2.999999999992699e-05 0.0001 0
26 3.19999999999202e-05 0.0001 0
27 3.39999999999146e-05 0.0001 0
28 3.599999999991043e-05 0.0001 0
29 3.799999999990425e-05 0.0001 0
30 3.999999999989808e-05 0.0001 0
31 4.199999999989222e-05 0.0001 0
32 4.399999999988837e-05 0.0001 0
33 4.599999999988219e-05 0.0001 0
34 4.799999999987601e-05 0.0001 0
35 4.999999999987116e-05 0.0001 0
36 5.199999999987515e-05 0.0001 0
37 5.399999999988047e-05 0.0001 0
38 5.599999999988578e-05 0.0001 0
39 5.799999999989109e-05 0.0001 0
40 5.999999999989639e-05 0.0001 0
41 6.199999999990172e-05 0.0001 0
42 6.399999999990703e-05 0.0001 0
43 6.599999999991233e-05 0.0001 0
44 6.799999999991764e-05 0.0001 0
45 6.999999999992295e-05 0.0001 0
46 7.199999999992827e-05 0.0001 0
47 7.399999999993359e-05 0.0001 0
48 7.599999999993888e-05 0.0001 0
49 7.79999999999442e-05 0.0001 0
50 7.999999999994952e-05 0.0001 0
51 8.199999999995483e-05 0.0001 0
52 8.399999999996014e-05 0.0001 0
53 8.599999999996546e-05 0.0001 0
54 8.799999999997078e-05 0.0001 0
55 8.999999999997609e-05 0.0001 0
56 9.199999999998141e-05 0.0001 0
57 9.399999999998671e-05 0.0001 0
58 9.599999999999202e-05 0.0001 0
59 9.799999999999733e-05 0.0001 0
60 0.0001 9.539537168741508e-05 0
61 0.0001 9.175889100709381e-05 0
62 0.0001 8.673162092400168e-05 0
63 0.0001 7.97612758856067e-05 0
64 0.0001 7.056817739023901e-05 0
65 0.0001 6.104132443074707e-05 0
66 0.0001 5.151447147125652e-05 0
67 0.0001 4.198761851172274e-05 0
68 0.0001 3.247508535152091e-05 0
69 0.0001 2.454535632420808e-05 0
70 0.0001 1.88163613344959e-05 0
71 0.0001 1.467881296528177e-05 0
72 0.0001 1.169031620827307e-05 0
73 0.0001 9.526852959540106e-06 0
74 0.0001 7.621482367631556e-06 0
75 0.0001 5.716111775723006e-06 0
76 0.0001 3.810741183814457e-06 0
77 0.0001 1.905370591905893e-06 0
78 9.800000000000835e-05 0 0
79 9.600000000000609e-05 0 0
80 9.400000000001443e-05 0 0
81 9.200000000001853e-05 0 0
82 9.00000000000258e-05 0 0
83 8.800000000003414e-05 0 0
84 8.600000000003719e-05 0 0
85 8.400000000004552e-05 0 0
86 8.200000000004963e-05 0 0
87 8.000000000005161e-05 0 0
88 7.800000000005995e-05 0 0
89 7.600000000005083e-05 0 0
90 7.400000000003958e-05 0 0
91 7.200000000004368e-05 0 0
92 7.000000000002714e-05 0 0
93 6.800000000002225e-05 0 0
94 6.600000000001524e-05 0 0
95 6.400000000000928e-05 0 0
96 6.200000000000595e-05 0 0
97 5.93021911445546e-05 0 0
98 5.908744886716289e-05 0 0
99 5.898776028210926e-05 0 0
100 5.888807169705546e-05 0 0
101 5.878838311200098e-05 0 0
102 5.868856472575997e-05 0 0
103 5.802863341397404e-05 0 0
104 5.79289448289204e-05 0 0
105 5.782925624386676e-05 0 0
106 5.772956765881242e-05 0 0
107 5.762949546125162e-05 0 0
108 5.697430192836126e-05 0 0
109 5.687461334330762e-05 0 0
110 5.677492475825398e-05 0 0
111 5.667523617320034e-05 0 0
112 5.657507029419692e-05 0 0
113 5.591540328826072e-05 0 0
114 5.581571470320708e-05 0 0
115 5.571602611815344e-05 0 0
116 5.56163375330998e-05 0 0
117 5.551573541990128e-05 0 0
118 5.485700208911345e-05 0 0
119 5.475731350405981e-05 0 0
120 5.465762491900617e-05 0 0
121 5.455793633395253e-05 0 0
122 5.445680443746362e-05 0 0
123 5.380079754835813e-05 0 0
124 5.370110896330408e-05 0 0
125 5.36014203782496e-05 0 0
126 5.350173179319511e-05 0 0
127 5.340020904151687e-05 0 0
128 5.274242509805915e-05 0 0
129 5.264273651300551e-05 0 0
130 5.254304792795187e-05 0 0
131 5.244335934289824e-05 0 0
132 5.234110647542404e-05 0 0
133 5.16824941524992e-05 0 0
134 5.158280556744556e-05 0 0
135 5.148311698239193e-05 0 0
136 5.138342839733829e-05 0 0
137 5.128006169460288e-05 0 0
138 5.062960091276848e-05 0 0
139 5.052991232771484e-05 0 0
140 5.04302237426612e-05 0 0
141 5.033053515760757e-05 0 0
142 5.022712468924371e-05 0 0
143 4.956977625737632e-05 0 0
144 4.947008767232216e-05 0 0
145 4.937039908726768e-05 0 0
146 4.92707105022132e-05 0 0
147 4.916598191234568e-05 0 0
148 4.851688301763944e-05 0 0
149 4.84171944325858e-05 0 0
150 4.831750584753181e-05 0 0
151 4.821781726247699e-05 0 0
152 4.811303385583581e-05 0 0
153 4.745695207207581e-05 0 0
154 4.735726348702217e-05 0 0
155 4.725757490196854e-05 0 0
156 4.71578863169149e-05 0 0
157 4.649826820683013e-05 0 0
158 4.639857962177558e-05 0 0
159 4.629889103672025e-05 0 0
160 4.619920245166536e-05 0 0
161 4.609951386661088e-05 0 0
162 4.544206366606747e-05 0 0
163 4.534237508101299e-05 0 0
164 4.52426864959591e-05 0 0
165 4.514299791090546e-05 0 0
166 4.50433093258512e-05 0 0
167 4.438366246691634e-05 0 0
168 4.428397388186185e-05 0 0
169 4.418428529680736e-05 0 0
170 4.408459671175288e-05 0 0
171 4.398490812669774e-05 0 0
172 4.332476382681108e-05 0 0
173 4.322507524175623e-05 0 0
174 4.31253866567024e-05 0 0
175 4.302569807164774e-05 0 0
176 4.292600948659277e-05 0 0
177 4.227043234119366e-05 0 0
178 4.217074375613913e-05 0 0
179 4.207105517108464e-05 0 0
180 4.197136658603016e-05 0 0
181 4.187167800097571e-05 0 0
182 4.121161688800151e-05 0 0
183 4.111192830294787e-05 0 0
184 4.101223971789355e-05 0 0
185 4.091255113283906e-05 0 0
186 4.081286254778522e-05 0 0
187 3.800000000000304e-05 0 0
188 3.600000000000794e-05 0 0
189 3.400000000001178e-05 0 0
190 3.200000000001747e-05 0 0
191 3.000000000002448e-05 0 0
192 2.800000000003123e-05 0 0
193 2.600000000003719e-05 0 0
194 2.400000000004156e-05 0 0
195 2.200000000004711e-05 0 0
196 2.000000000005228e-05 0 0
197 1.800000000004818e-05 0 0
198 1.600000000004368e-05 0 0
199 1.400000000003732e-05 0 0
200 1.200000000003309e-05 0 0
201 1.000000000002779e-05 0 0
202 8.000000000022238e-06 0 0
203 6.000000000016544e-06 0 0
204 4.000000000010587e-06 0 0
205 2.000000000007279e-06 0 0
206 0 1.90537059190143e-06 0
207 0 3.810741183802467e-06 0
208 0 5.716111775703104e-06 0
209 0 7.621482367604682e-06 0
210 0 9.52685295950665e-06 0
211 0 1.16903162082212e-05 0
212 0 1.467881296520046e-05 0
213 0 1.88163613343701e-05 0
214 0 2.454535632402951e-05 0
215 0 3.247508535126726e-05 0
216 0 4.198761851142067e-05 0
217 0 5.151447147092719e-05 0
218 0 6.104132443047747e-05 0
219 0 7.056817739002775e-05 0
220 0 7.976127588546208e-05 0
221 0 8.673162092391707e-05 0
222 0 9.175889100704183e-05 0
223 0 9.539537168738698e-05 0
224 6e-05 -9.764944427203902e-06 0
225 6e-05 -7.823708320409861e-06 0
226 6e-05 -5.882472213609842e-06 0
227 6e-05 -3.941236106805441e-06 0
228 5.800000000000371e-05 -2e-06 0
229 5.600000000000741e-05 -2e-06 0
230 5.400000000001641e-05 -2e-06 0
231 5.200000000002276e-05 -2e-06 0
232 5.000000000002911e-05 -2e-06 0
233 4.800000000002118e-05 -2e-06 0
234 4.600000000001509e-05 -2e-06 0
235 4.400000000001192e-05 -2e-06 0
236 4.20000000000053e-05 -2e-06 0
237 4e-05 -9.764944427203902e-06 0
238 4e-05 -7.823708320409861e-06 0
239 4e-05 -5.882472213609842e-06 0
240 4e-05 -3.941236106805441e-06 0
241 4.500208156484312e-05 -1.2e-05 0
242 4.999999999997376e-05 -1.2e-05 0
243 5.499791843513201e-05 -1.2e-05 0
244 5.029037823328269e-05 1.896088131517046e-07 0
245 4.612999946281349e-05 2.423410791388407e-07 0
246 5.371705520007147e-05 1.678894455005906e-07 0
247 4.817381014358237e-05 1.95159917555601e-07 0
248 5.556572082710782e-05 1.835664343905905e-07 0
249 4.431208230418078e-05 2.624039158753842e-07 0
250 5.201011003879928e-05 2.774176907022463e-07 0
251 4.519284220343227e-05 8.633284712377327e-08 0
252 5.460719627855823e-05 9.720521414885544e-08 0
253 4.94202433797949e-05 8.633284712436598e-08 0
254 4.041809799047925e-05 5.302604040857255e-07 0
255 3.494633187689971e-05 1.634093252389402e-06 0
256 5.099999999987315e-05 9.82679491924315e-05 0
257 6.069153233679992e-05 9.821227263029597e-05 0
258 4.099999999989515e-05 9.826794919243633e-05 0
259 3.099999999992359e-05 9.8267949192437e-05 0
260 4.259822091389322e-05 2.838732310280609e-07 0
261 2.700000000003315e-05 1.732050807564834e-06 0
262 6.12007659047992e-05 1.191061249263385e-06 0
263 6.900000000002469e-05 1.732050807573109e-06 0
264 5.727674572837976e-05 3.02634631659659e-07 0
265 7.705546348298204e-05 1.746941318263278e-06 0
266 6.911217633500729e-05 9.817900559003344e-05 0
267 7.706419035254715e-05 9.824279883042958e-05 0
268 2.270093904443326e-05 9.840680177573382e-05 0
269 1.900000000005023e-05 1.732050807568416e-06 0
270 9.18934071274089e-05 4.679827694835706e-05 0
271 8.500000000004153e-05 1.689329775120423e-06 0
272 6.977555595122383e-06 5.702000675891257e-05 0
273 1.299849012462735e-05 1.738003415195204e-06 0
274 5.876471992923013e-05 1.812734135550909e-07 0
275 8.34545636309765e-05 9.838206280262575e-05 0
276 8.896018180685987e-05 9.811967684282347e-05 0
277 1.697520903734695e-05 9.804562613707272e-05 0
278 1.104924691276706e-05 9.81348165328725e-05 0
279 6.033080302178474e-06 2.812738521049171e-05 0
280 9.566957558032458e-05 2.204820917433227e-05 0
281 9.800495782103522e-05 1.052518960703935e-05 0
282 2.29915124196843e-06 1.315667894541645e-05 0
283 5.307131706978794e-05 2.848288026179463e-07 0
284 4.692248153899874e-05 3.224571242169939e-07 0
285 4.365483597675445e-05 2.858508669326698e-07 0
286 9.096688821178168e-05 1.637936610631084e-06 0
287 9.300102364356311e-05 7.516472663792285e-05 0
288 6.776824043723863e-06 7.491511975125155e-05 0
289 5.133174504597074e-05 1.839953138704082e-07 0
290 6.999412714633268e-06 1.731993889984481e-06 0
291 5.620895365739328e-05 2.51890542387174e-07 0
292 4.193702248460641e-05 1.997681819694107e-07 0
293 5.445924046930534e-05 2.550375836730392e-07 0
294 4.5043098957649e-05 2.499429075809553e-07 0
295 5.796729270558719e-05 1.470829197126022e-07 0
296 4.884143246499248e-05 2.810680661919991e-07 0
297 4.317523094922928e-05 8.633284712394346e-08 0
298 4.524778784898127e-05 3.63717138149882e-07 0
299 4.498954454831996e-05 5.519180858529624e-07 0
300 4.531570990877265e-05 7.228764295707302e-07 0
301 4.495979037700348e-05 9.82052517292671e-07 0
302 4.542715961543764e-05 1.181046591931472e-06 0
303 4.495813340150558e-05 1.502852179562466e-06 0
304 4.553949290712979e-05 1.744043095451351e-06 0
305 4.498107405439178e-05 2.125834895860304e-06 0
306 4.564978330851397e-05 2.432718481851836e-06 0
307 4.498177190517255e-05 2.889178453672813e-06 0
308 4.578648611883399e-05 3.261960632742038e-06 0
309 4.495678593874316e-05 3.810887004473641e-06 0
310 4.589342999079125e-05 4.247778104024015e-06 0
311 4.498908512485961e-05 4.913447817677484e-06 0
312 4.393204161967395e-05 4.416366333709639e-06 0
313 4.387715973367869e-05 5.676202881572228e-06 0
314 4.674485799042683e-05 3.614716846421258e-06 0
315 4.691185283099461e-05 4.673336126656751e-06 0
316 4.79295158868459e-05 3.853189383724855e-06 0
317 4.804635835805274e-05 5.161688375783443e-06 0
318 4.907401512091299e-05 4.411227623297028e-06 0
319 4.921927032909204e-05 5.730406333688099e-06 0
320 5.043537455457617e-05 4.767813904471559e-06 0
321 5.055270656600782e-05 6.33467641576972e-06 0
322 4.929019512920561e-05 7.433111669832038e-06 0
323 5.17977261209077e-05 5.415787068670202e-06 0
324 5.197560935062542e-05 7.029631798539352e-06 0
325 5.342876763280581e-05 5.813294198563962e-06 0
326 5.356687678626947e-05 7.751029514710253e-06 0
327 5.500035758143938e-05 6.642823314376282e-06 0
328 5.529194484949561e-05 8.534058012935227e-06 0
329 5.678692522338933e-05 7.364168846182166e-06 0
330 5.70976685388792e-05 9.316463446539897e-06 0
331 5.5390749845617e-05 1.064853211032109e-05 0
332 5.788895968355913e-05 1.141824078537783e-05 0
333 5.545497841388609e-05 1.311001814432644e-05 0
334 5.799602507547741e-05 1.434017711047382e-05 0
335 5.557284510998085e-05 1.5935733047644e-05 0
336 5.840225621673166e-05 1.748145743249718e-05 0
337 5.561475233919153e-05 1.927343304333238e-05 0
338 5.876309855558164e-05 2.097896784639474e-05 0
339 5.567743220343911e-05 2.319002990997564e-05 0
340 5.193145431657536e-05 2.065461660061667e-05 0
341 5.224596026583392e-05 2.547180899785642e-05 0
342 4.811084560353374e-05 2.321737524527872e-05 0
343 4.833630275611794e-05 2.792722137662562e-05 0
344 6.176826601799487e-05 1.887163322176681e-05 0
345 5.287027423129536e-05 3.019010674104913e-05 0
346 6.216423324356973e-05 2.273854892228156e-05 0
347 6.554299857080369e-05 2.028746214658107e-05 0
348 4.841205540643858e-05 3.295535604168248e-05 0
349 5.337861072118116e-05 3.537789896069397e-05 0
350 4.838142616341113e-05 3.84775596612785e-05 0
351 5.351318406412878e-05 4.108756514890383e-05 0
352 4.847829739191423e-05 4.455463529074946e-05 0
353 5.418251041703501e-05 4.734463297500252e-05 0
354 4.888153577272734e-05 5.076317582116782e-05 0
355 5.38661204919753e-05 5.34396354481457e-05 0
356 4.942799281568154e-05 5.661445221511391e-05 0
357 5.390215093850805e-05 5.919479991883813e-05 0
358 4.99319955338222e-05 6.211718836975666e-05 0
359 5.431021341334784e-05 6.452431865168075e-05 0
360 5.024015679972107e-05 6.723437512474802e-05 0
361 5.435704134031861e-05 6.945442540150205e-05 0
362 5.06070488154124e-05 7.194963474207338e-05 0
363 5.440148364919513e-05 7.399805316893489e-05 0
364 4.607714105879061e-05 7.003434879920278e-05 0
365 4.431058929678852e-05 2.562127477957406e-05 0
366 5.096184987727689e-05 7.629127974017473e-05 0
367 5.848945431004448e-05 7.854320146029824e-06 0
368 5.442008431610256e-05 7.797705136217084e-05 0
369 5.805551402916805e-05 7.606023164664177e-05 0
370 5.87871255814562e-05 6.117309523973097e-05 0
371 6.585625814560281e-05 2.471882228757875e-05 0
372 5.099397109682873e-05 8.002830606189133e-05 0
373 5.758562622754702e-05 8.038203594257017e-05 0
374 6.164406429894984e-05 7.808534396662531e-05 0
375 4.33448229938566e-05 4.145245396867854e-05 0
376 6.94502126100371e-05 2.191357621644481e-05 0
377 4.470801934593163e-05 5.483896872736573e-05 0
378 7.01300817706559e-05 2.643772832687635e-05 0
379 6.182548006326546e-05 8.229543703454093e-05 0
380 6.544266186493189e-05 8.007201133695309e-05 0
381 5.671380701474448e-05 1.33483239448985e-07 0
382 5.466566915806628e-05 3.715659521271358e-07 0
383 6.006276695126114e-05 5.115514254945325e-05 0
384 5.831890156212085e-05 8.427290744042853e-05 0
385 6.892559909716128e-05 1.775665585447401e-05 0
386 7.277553745778755e-05 1.924486114956491e-05 0
387 4.413666201096877e-05 2.109516500780458e-05 0
388 4.043064001618008e-05 2.328471213147603e-05 0
389 4.047280799048035e-05 1.903669245552849e-05 0
390 3.675584025615625e-05 2.109542893925699e-05 0
391 3.71140614805423e-05 1.64994251077228e-05 0
392 3.318595906660277e-05 1.886717822369198e-05 0
393 3.302705558646901e-05 2.326649102123097e-05 0
394 5.246163405465333e-05 1.005644946980181e-07 0
395 5.292059992438782e-05 1.463987608126966e-05 0
396 2.923944820008307e-05 2.108815040930814e-05 0
397 2.908010693223956e-05 2.589109216123012e-05 0
398 5.440228536797267e-05 5.445949953934031e-07 0
399 5.473629002820583e-05 7.070488209358092e-07 0
400 5.4384219827745e-05 9.970957923943859e-07 0
401 4.768938461065133e-05 7.858681840298038e-05 0
402 4.782988032163373e-05 8.218711857315843e-05 0
403 4.45852304167234e-05 8.07387227649498e-05 0
404 4.487121524796887e-05 8.442022819231393e-05 0
405 4.15920329657522e-05 8.287544933207207e-05 0
406 1.574389253936827e-06 6.612206530399846e-06 0
407 4.740710777954906e-05 1.85212296485978e-07 0
408 4.106208401042062e-05 8.633284712407256e-08 0
409 3.345407840186602e-05 1.481364709850848e-05 0
410 4.860768568300568e-05 8.576729085532971e-05 0
411 4.44361288604686e-05 1.839939473913746e-06 0
412 7.296604595406078e-05 1.829754080715978e-06 0
413 6.501051949360149e-05 1.385261570610876e-06 0
414 8.100941795230563e-05 1.722750502394896e-06 0
415 2.300000000004434e-05 1.732050807564063e-06 0
416 3.10372690276899e-05 1.665069576959585e-06 0
417 5.504944737793069e-05 9.816737299189015e-05 0
418 4.699999999987908e-05 9.826794919243648e-05 0
419 7.227668263721929e-05 1.523280915854672e-05 0
420 7.611275219501433e-05 1.660398607770597e-05 0
421 7.671688678907773e-05 2.071941032919634e-05 0
422 9.496061804285233e-05 1.331913386697229e-06 0
423 6.567006529381219e-05 8.431441910233565e-05 0
424 6.924712275121632e-05 8.206605809854453e-05 0
425 6.920975181900151e-05 7.760934893457548e-05 0
426 9.817225859999569e-05 6.711965370201558e-06 0
427 3.698548056130308e-05 9.81408182906509e-05 0
428 9.606332068863983e-05 8.888659477218561e-05 0
429 3.565110747847226e-06 8.949729916525731e-05 0
430 4.617809402919973e-05 1.961282845876792e-06 0
431 6.503826433802617e-05 9.799173417966714e-05 0
432 2.69662827494519e-05 9.856525848805326e-05 0
433 9.299999999998403e-05 9.826794919242653e-05 0
434 7.009913116464343e-06 9.809298072230226e-05 0
435 7.299999999993094e-05 9.826794919242653e-05 0
436 4.179874733570259e-05 8.633188219167983e-05 0
437 3.860083684321962e-05 8.488998930895626e-05 0
438 3.829200610881571e-05 8.119462198260433e-05 0
439 3.533542911239179e-05 8.337062240745256e-05 0
440 3.485904942276731e-05 7.931724145344179e-05 0
441 3.14518498327778e-05 8.255958262253758e-05 0
442 3.101733677243156e-05 7.719375295558677e-05 0
443 5.64557673000263e-05 5.681799515266574e-06 0
444 4.99494525782216e-05 3.640349698025919e-06 0
445 3.638067456288479e-05 1.284235465620664e-05 0
446 3.594704261707182e-05 8.705745088571507e-05 0
447 6.862333502835724e-05 1.388925543071321e-05 0
448 2.714574930789716e-05 8.017036151088003e-05 0
449 2.65255911643663e-05 7.514573815752503e-05 0
450 3.10056827587536e-05 7.19342200210795e-05 0
451 2.747874137146886e-05 8.493582843756764e-05 0
452 7.994625861770741e-05 1.806789218979422e-05 0
453 8.071709514484175e-05 2.233803713668645e-05 0
454 7.92891497412733e-05 1.405702418262652e-05 0
455 8.284128910250026e-05 1.531471782413401e-05 0
456 3.345775764083444e-05 1.058023900238774e-05 0
457 3.046735145340093e-05 1.269604626894169e-05 0
458 6.9331699383337e-05 8.627204075177906e-05 0
459 7.300991815141063e-05 8.408808953914908e-05 0
460 3.629367484463472e-05 1.035668356026745e-05 0
461 3.860578407929596e-05 1.080768174726779e-05 0
462 4.516569111768776e-05 6.266652230687284e-06 0
463 7.146659521619847e-05 1.096620822946177e-05 0
464 6.851710369040481e-05 1.103238141892652e-05 0
465 2.468203347978124e-05 2.30794527697897e-05 0
466 2.435305022982626e-05 2.84650785402478e-05 0
467 2.335905005245752e-05 8.296708348409367e-05 0
468 8.204103568129255e-05 1.103957128305512e-05 0
469 8.549823303585891e-05 1.218782128397822e-05 0
470 2.601120011396161e-05 6.979659445475152e-05 0
471 5.287768179491279e-05 4.52615965076374e-06 0
472 5.866811693530524e-05 3.780802273323307e-05 0
473 4.388441472289688e-05 7.16545848845577e-06 0
474 4.243239834289661e-05 6.531099507593895e-06 0
475 4.391676073079021e-05 1.692474040721854e-05 0
476 4.963045362032731e-05 2.148100740656972e-07 0
477 5.200154035674807e-05 8.876918056392798e-06 0
478 3.093468260436053e-05 6.645200469118834e-05 0
479 6.604323212246803e-05 8.811353170854988e-05 0
480 7.897555836757113e-05 1.054210569966952e-05 0
481 4.546073963084254e-05 7.928812387888845e-06 0
482 4.40973093912655e-05 9.435228594593254e-08 0
483 3.051872941169934e-05 9.734115471526521e-06 0
484 2.792754366502039e-05 1.030667787852921e-05 0
485 2.925409226944694e-05 3.131581558136994e-05 0
486 2.412948773840509e-05 3.422013235812117e-05 0
487 7.312598137050887e-05 8.84434081083768e-05 0
488 7.676213445122876e-05 8.685636390585271e-05 0
489 7.674683740166341e-05 8.166169659813404e-05 0
490 2.394577484940017e-05 8.739511057782608e-05 0
491 1.985123765707638e-05 8.572416635219948e-05 0
492 6.047913265792235e-05 1.262942768521471e-05 0
493 2.774086145196526e-05 8.91197306957944e-05 0
494 6.14153993692969e-05 7.352859663033307e-05 0
495 8.455906934928543e-05 9.967581763053793e-06 0
496 8.802058514413879e-05 1.116149863590211e-05 0
497 8.705888960608191e-05 7.956668069965732e-06 0
498 2.549253096835749e-05 6.392573248011252e-05 0
499 5.345097041735686e-05 1.855808248712265e-07 0
500 5.332926613725997e-05 5.662037471552336e-07 0
501 5.294204857110059e-05 7.012215029698007e-07 0
502 5.324719149424714e-05 9.978347721193268e-07 0
503 5.276960504088855e-05 1.16556203542889e-06 0
504 5.317767010945573e-05 1.531092942189977e-06 0
505 5.258096127891485e-05 1.729497863440132e-06 0
506 4.120777973610938e-05 2.53803038845549e-07 0
507 4.637390704332397e-05 2.391110597072039e-07 0
508 4.657080197486227e-05 5.180844488975127e-07 0
509 4.69657820718665e-05 7.013219161410046e-07 0
510 2.808836639530315e-05 8.074339820042215e-06 0
511 2.551332011591817e-05 9.17593995542889e-06 0
512 2.49329216112506e-05 1.168971542738966e-05 0
513 2.255260688191511e-05 1.039331870176268e-05 0
514 2.346682458966589e-05 7.89925451948328e-06 0
515 2.213112596143362e-05 1.339110060775884e-05 0
516 1.943391441979018e-05 1.078993939680111e-05 0
517 1.936270128421956e-05 1.48591317315815e-05 0
518 1.596251553807296e-05 1.222170354993697e-05 0
519 3.019960049424387e-05 7.265571533483038e-06 0
520 1.644605304238168e-05 9.357974980333766e-06 0
521 1.319750018377972e-05 1.125274688416945e-05 0
522 1.28126623470118e-05 1.404058642845415e-05 0
523 1.404975495820726e-05 7.974504388847599e-06 0
524 8.082764228725867e-05 8.402264485104236e-05 0
525 8.099803636119151e-05 8.862892959206922e-05 0
526 4.399391652145848e-05 8.882273942340812e-06 0
527 4.574072144276221e-05 9.816863614136971e-06 0
528 8.853161234212032e-05 1.365048724037835e-05 0
529 9.076099325672412e-05 1.091792196802435e-05 0
530 7.091423382641565e-05 8.439810626219465e-06 0
531 6.85911163692863e-05 7.835780668874836e-06 0
532 3.069229783810001e-05 6.031844594386508e-05 0
533 2.499529931201631e-05 5.743312385974118e-05 0
534 3.041249603261759e-05 5.374352843100613e-05 0
535 2.449887686413732e-05 5.092153563740739e-05 0
536 8.483184960202759e-05 8.633550849983831e-05 0
537 2.948741796302765e-05 3.695768798225235e-05 0
538 1.025905829098347e-05 1.120699412623403e-05 0
539 9.543939552630634e-06 1.515234558896856e-05 0
540 1.244093711703186e-05 1.77512089667445e-05 0
541 2.075413078856033e-05 9.03115326049488e-05 0
542 1.66379247678214e-05 8.844097144098062e-05 0
543 4.004435443620878e-05 2.771063841498853e-05 0
544 3.818319049002773e-05 7.77098028245509e-05 0
545 1.934633430975024e-05 2.484944900220172e-05 0
546 5.965109557227726e-05 5.840927508438728e-07 0
547 8.73442097128584e-06 1.927658169146862e-05 0
548 4.753618799857325e-05 2.782337863114233e-06 0
549 5.307871576548315e-05 2.184634464058078e-06 0
550 5.239153017044859e-05 2.395046281101073e-06 0
551 5.178893596508059e-05 1.879430513593601e-06 0
552 5.377119092625544e-05 1.838819929140931e-06 0
553 5.479436092322707e-05 1.201571003288731e-06 0
554 8.482201748014009e-05 9.064797747736774e-05 0
555 3.617339353138949e-05 6.319149521257001e-05 0
556 1.903912185501069e-05 8.109138366459743e-05 0
557 2.030712241703614e-05 6.739705271130852e-05 0
558 8.079492447724424e-05 7.844917512128371e-05 0
559 4.391095763705638e-05 1.095498430218885e-05 0
560 4.594073210935827e-05 1.204868825678914e-05 0
561 3.078847815623229e-06 1.68479163445535e-06 0
562 6.66642525509338e-05 2.991227651470319e-05 0
563 7.109780174472793e-05 3.157600404486938e-05 0
564 5.903721564735632e-05 1.265525985823997e-07 0
565 5.519760820206246e-05 8.486353608417872e-07 0
566 5.525624284735383e-05 1.367100866694858e-06 0
567 5.567003827678699e-05 1.01953704855487e-06 0
568 5.579276425892777e-05 1.595572529753059e-06 0
569 5.527277734333644e-05 1.982429338127909e-06 0
570 5.590761075997431e-05 2.268176832396665e-06 0
571 5.651875777003429e-05 1.780390383188999e-06 0
572 5.529284970617229e-05 2.753245485247981e-06 0
573 5.663354259471545e-05 2.569238691380446e-06 0
574 5.731941973469117e-05 2.105766940413062e-06 0
575 5.745146024437553e-05 2.909455677082485e-06 0
576 5.821152414377715e-05 2.343583612787532e-06 0
577 5.834131224830924e-05 3.247380946718302e-06 0
578 5.920038026571262e-05 2.644275716538842e-06 0
579 5.930956320642135e-05 3.803598705182111e-06 0
580 4.920821763420908e-05 2.013504401218479e-07 0
581 4.909386104202707e-05 5.359516187919991e-07 0
582 4.874489396411803e-05 6.524318159852062e-07 0
583 4.905276564804089e-05 9.480599566994939e-07 0
584 4.853148643510659e-05 1.048843331875495e-06 0
585 4.899621440064024e-05 1.450837563202545e-06 0
586 4.950904512614471e-05 1.172730160129023e-06 0
587 4.947868122096782e-05 1.959484764020124e-06 0
588 5.003742242466892e-05 1.582918765131861e-06 0
589 3.886506616993398e-05 8.400436899006945e-06 0
590 3.676442486649706e-05 7.448811682639334e-06 0
591 5.692445763583374e-05 1.85019984531469e-07 0
592 5.700123836533489e-05 5.817801503774985e-07 0
593 5.743992028907261e-05 7.096165839978754e-07 0
594 4.297137883698984e-05 1.980912240166628e-07 0
595 4.288553530374319e-05 5.600042955121606e-07 0
596 4.250420407713412e-05 6.570645125894699e-07 0
597 4.285260490081238e-05 9.809364847315976e-07 0
598 4.228294209836088e-05 1.079102872215292e-06 0
599 4.278764951156901e-05 1.485430330209909e-06 0
600 4.22249588459692e-05 1.712659122786586e-06 0
601 4.172218635486727e-05 1.332760632506828e-06 0
602 4.158770761222588e-05 1.964051967812473e-06 0
603 4.215506944927421e-05 2.453881578856007e-06 0
604 4.137768481922588e-05 2.739454615372638e-06 0
605 4.07700423312345e-05 2.130204706561979e-06 0
606 4.043768210124151e-05 3.084372930276544e-06 0
607 4.204352975092491e-05 3.347735728148144e-06 0
608 4.758166195151506e-05 2.029338876591941e-07 0
609 4.757442137157204e-05 4.628979295889924e-07 0
610 4.577078876633916e-05 1.877757538927011e-07 0
611 4.594629728236323e-05 5.048075541366539e-07 0
612 5.27307057541432e-05 2.266871826872194e-07 0
613 5.158516291190437e-05 2.643667929808766e-06 0
614 9.15726950019121e-05 1.435136655863337e-05 0
615 8.979068144330221e-05 1.698556586591819e-05 0
616 5.376548735001985e-05 2.691747097771512e-06 0
617 8.149265248691965e-05 9.304500109482477e-05 0
618 4.788344787496328e-05 1.079289303413012e-05 0
619 4.846112329889388e-05 1.651579230474174e-06 0
620 3.95614809323022e-05 2.280336859633853e-06 0
621 3.921541028203373e-05 3.487813075175877e-06 0
622 4.042778157962421e-05 4.173767982655677e-06 0
623 1.18550823223495e-05 2.18838679433408e-05 0
624 4.3308692459899e-05 1.256044980368298e-06 0
625 4.338260667259079e-05 1.84527753459375e-06 0
626 4.804402256574839e-05 1.24306175561513e-06 0
627 1.754398504400074e-05 9.218580541631947e-05 0
628 1.401297318755992e-05 9.133937857325769e-05 0
629 1.265101720879295e-05 8.732055155501472e-05 0
630 5.584092548555596e-05 2.021145993554676e-07 0
631 4.81852350552072e-05 1.310775402037677e-05 0
632 2.611959543723179e-05 7.032688503876682e-06 0
633 9.834990066378456e-05 2.858055887860175e-06 0
634 6.564163874756544e-05 1.196252000615649e-05 0
635 4.660812431663819e-05 9.951643275547082e-07 0
636 4.70784529227161e-05 1.121411197018805e-06 0
637 4.457646754721032e-05 7.147544456752036e-07 0
638 3.939916301577824e-05 6.233740614653174e-07 0
639 5.892179166167361e-05 4.23581743943489e-07 0
640 5.854437668232733e-05 5.872233438212816e-07 0
641 5.90483649231159e-05 8.433764723525421e-07 0
642 8.869062917599847e-05 8.869381777535377e-05 0
643 2.034921077534285e-05 9.381151421684485e-05 0
644 5.004020533075445e-05 1.024183422453241e-06 0
645 5.058797224419384e-05 1.294480998259014e-06 0
646 5.059141951475744e-05 1.966568159461541e-06 0
647 8.866387845897359e-05 9.314828326155412e-05 0
648 9.361076409369871e-05 1.207345271765798e-05 0
649 9.314122673820127e-05 9.533899802489227e-06 0
650 9.46594764794222e-05 1.520343533815077e-05 0
651 3.821441031430989e-05 2.494940882286912e-06 0
652 3.780466079667873e-05 3.925203819310919e-06 0
653 5.956502435260959e-05 1.264077208928794e-06 0
654 7.38060578305124e-05 9.482495651552057e-06 0
655 7.285847002722761e-05 7.408527470162251e-06 0
656 7.551816075800198e-05 2.8378992006947e-05 0
657 7.587196190840333e-05 3.383737712602166e-05 0
658 7.151997626885546e-05 3.713818566556265e-05 0
659 7.657771084167091e-05 3.942995709277783e-05 0
660 8.182404456505031e-05 3.626729853238011e-05 0
661 7.163013965220545e-05 4.316295657726621e-05 0
662 7.727924536139959e-05 4.583323057748727e-05 0
663 7.221876811118484e-05 4.97074385886782e-05 0
664 7.831289959536607e-05 5.239560730350457e-05 0
665 7.299896858603966e-05 5.641311855693821e-05 0
666 7.917262950717586e-05 5.910342298799188e-05 0
667 7.390846123429815e-05 6.307151900785489e-05 0
668 7.995680344693605e-05 6.57086967143253e-05 0
669 8.540617562471859e-05 6.179128205420537e-05 0
670 7.453383135399817e-05 7.027093006277781e-05 0
671 6.89430512466734e-05 6.711877656109711e-05 0
672 4.318981608031541e-05 4.288369321363904e-07 0
673 6.034280651374102e-05 3.067326144730656e-06 0
674 6.062518076318369e-05 4.293450390774079e-06 0
675 6.174051006736043e-05 3.411951644211273e-06 0
676 6.205376457718788e-05 4.867587003951477e-06 0
677 6.324330673318657e-05 3.82736266204656e-06 0
678 6.366767870241163e-05 5.509799649509005e-06 0
679 6.224790206192388e-05 6.637759131985156e-06 0
680 6.402524523190745e-05 7.375680370053819e-06 0
681 6.490683238711784e-05 4.354194486389123e-06 0
682 6.239302877857505e-05 8.670744095166661e-06 0
683 2.428796936725654e-05 3.986120021764886e-05 0
684 1.853768877381605e-05 3.695649892247244e-05 0
685 1.859719000881633e-05 4.309015830928855e-05 0
686 5.057900746137835e-05 1.808683375767587e-07 0
687 9.763885840414683e-05 9.824365388954899e-05 0
688 2.499999999995058e-06 9.830305324958796e-05 0
689 1.389633159660586e-05 9.462981288927849e-05 0
690 1.076794563907109e-05 9.312262866091097e-05 0
691 4.087900485487459e-05 2.574754566814109e-07 0
692 4.10474423329531e-05 5.611463620588636e-07 0
693 4.142996108929739e-05 5.341513981564585e-07 0
694 4.293458526564716e-05 2.964283777126081e-06 0
695 4.846703872511293e-05 1.837004566578921e-07 0
696 4.437314173482771e-05 7.698423031584226e-05 0
697 5.161976975432759e-05 1.991075261073817e-07 0
698 5.147419397201425e-05 5.017605537130527e-07 0
699 5.11130817508645e-05 4.93296220189117e-07 0
700 5.128710315391671e-05 8.523210861762318e-07 0
701 5.170064055889982e-05 8.362693478892541e-07 0
702 2.499142435112891e-05 1.545984704625147e-05 0
703 5.408313999626685e-05 7.158807649629858e-07 0
704 5.938139838605874e-05 5.209403437878621e-06 0
705 5.708436835851883e-05 1.028371110377352e-06 0
706 5.658531377282373e-05 8.704859970174196e-07 0
707 3.002197488594635e-05 4.780788995637742e-05 0
708 8.901690909902542e-05 8.424178220071941e-05 0
709 1.967318927399152e-05 8.218649632503344e-06 0
710 5.248736120147021e-05 7.881238052053739e-07 0
711 3.445593855877094e-05 3.412818443035656e-05 0
712 1.25270261664627e-05 4.000637787455665e-05 0
713 5.766598184425816e-05 1.156046387330031e-06 0
714 4.634873532924822e-05 8.633284712471516e-08 0
715 4.222058804866604e-05 1.851030390762868e-07 0
716 5.518636875450745e-05 1.888775643451336e-07 0
717 6.274146430896755e-05 2.333839625636517e-06 0
718 7.052935546201628e-06 1.242467089822508e-05 0
719 7.894535182510424e-06 1.009608547996772e-05 0
720 1.60490642349437e-05 2.039593450862605e-05 0
721 8.524450350889193e-05 9.429129181059924e-05 0
722 3.600188622485492e-05 4.990411164821611e-05 0
723 2.480815811430159e-05 9.12334951057195e-05 0
724 2.799355511542977e-05 9.316879904464146e-05 0
725 3.093000861498139e-05 9.089354503129731e-05 0
726 3.125671593624178e-05 9.395606498460122e-05 0
727 3.378730759571019e-05 9.231057430212944e-05 0
728 3.39203850650472e-05 9.560607338926514e-05 0
729 3.64883147242819e-05 9.369645167362316e-05 0
730 5.029048940676139e-05 1.161731162862499e-05 0
731 3.421225403714401e-05 3.990455329603652e-05 0
732 3.34598001445055e-05 8.170855706883217e-06 0
733 5.839696677596711e-05 1.116198907531049e-06 0
734 5.664141509053562e-05 3.457757661571082e-06 0
735 4.09352262388103e-05 1.524611443878824e-05 0
736 2.500146941337508e-05 9.446181411928775e-05 0
737 5.668993059855391e-05 4.306973743774597e-07 0
738 5.043079630429359e-05 4.880513682872399e-07 0
739 4.899301011818093e-05 3.325542043153944e-06 0
740 4.768177850613317e-05 1.859398676683621e-05 0
741 7.796580957355532e-05 9.124913511595391e-05 0
742 7.366281488810494e-05 9.249824040510425e-05 0
743 8.174461498847503e-05 8.368601755237699e-06 0
744 7.9080955354586e-05 7.762053745902427e-06 0
745 8.384327825178727e-05 7.282502873092498e-06 0
746 7.853883692677445e-05 9.448629367933906e-05 0
747 6.974449854475968e-06 8.161394445046139e-05 0
748 5.599609767029623e-05 5.215958044374199e-07 0
749 5.176249777738287e-05 4.098165730589332e-06 0
750 9.03927016125302e-05 8.602778322696722e-06 0
751 9.227076438002637e-05 7.404823153359606e-06 0
752 6.57889612584596e-05 3.977254638266014e-05 0
753 5.491162096258168e-05 4.857995757896117e-06 0
754 4.783361384492707e-05 1.930578424278017e-06 0
755 4.424747765782174e-05 1.094523799287589e-07 0
756 5.260521538135e-05 1.027494288877414e-07 0
757 4.623579643738561e-05 1.092830517317141e-07 0
758 1.938318417315718e-05 5.542402022263297e-05 0
759 4.076121577973899e-05 9.402222444824116e-06 0
760 4.459802171575998e-05 1.967688537488412e-07 0
761 4.652758111958602e-05 6.753053489171847e-06 0
762 6.235596459786418e-05 8.658885865340393e-05 0
763 5.875989858133459e-05 8.811161879079623e-05 0
764 5.561840665660635e-05 8.658295903869486e-05 0
765 5.606848032358489e-05 8.992019375315764e-05 0
766 5.880420772018907e-05 9.132066851735622e-05 0
767 5.6315662047122e-05 9.29155875312512e-05 0
768 5.373055410246236e-05 9.168095495596114e-05 0
769 5.883851619211581e-05 9.418310552084222e-05 0
770 6.128093662750498e-05 9.277263133631036e-05 0
771 5.397572520077812e-05 9.435615035778951e-05 0
772 5.151807220635709e-05 9.334627380028608e-05 0
773 5.113333263179402e-05 9.05443140824691e-05 0
774 4.902031485769787e-05 9.234028013659986e-05 0
775 4.947914230380245e-05 9.475726365301045e-05 0
776 4.697574236927676e-05 9.393362488523859e-05 0
777 4.636898886142855e-05 9.123192950352064e-05 0
778 4.443152162968526e-05 9.309212492575967e-05 0
779 4.485883063842092e-05 9.583813780716545e-05 0
780 4.218292888276423e-05 9.473011721322571e-05 0
781 4.186806045874095e-05 9.225769206679457e-05 0
782 5.62770145079473e-05 9.590267400253795e-05 0
783 5.472482301118671e-05 8.343111509897776e-05 0
784 6.623292844111094e-05 5.447105830657615e-05 0
785 1.04762133676258e-05 8.665227431302108e-06 0
786 8.75576234685361e-06 7.490520653454455e-06 0
787 6.911567670957072e-05 9.007436731601803e-05 0
788 6.58966689141446e-05 9.170395229635421e-05 0
789 6.881640149451277e-05 9.338512819130242e-05 0
790 6.613301183792747e-05 9.538559575151956e-05 0
791 5.231319457391315e-05 8.557773822442401e-05 0
792 4.720773060944253e-05 1.859779335943082e-07 0
793 4.72975309639775e-05 1.021200751220677e-07 0
794 3.989771041737194e-05 9.409854498838501e-05 0
795 3.917454857094658e-05 9.14236271696258e-05 0
796 9.297318160005856e-05 3.801489790945985e-05 0
797 9.221589477723563e-05 3.107456191393122e-05 0
798 4.51652883256393e-05 8.806790126086726e-05 0
799 4.132266589194118e-05 9.456374197362476e-07 0
800 9.447191412948115e-05 8.303373120159407e-05 0
801 4.832256027978422e-05 5.65278363207823e-07 0
802 4.586389608307272e-06 1.095526481099018e-05 0
803 5.285665163638262e-06 7.980504928175228e-06 0
804 3.419952119097282e-06 9.329798241389811e-05 0
805 8.623224358400039e-05 6.879588168222653e-05 0
806 9.666528830484767e-05 9.313313241947495e-05 0
807 9.265009595866567e-05 9.161043610978125e-05 0
808 9.153488475958482e-05 9.4687368123486e-05 0
809 8.01633003139807e-06 6.59956639333574e-05 0
810 5.399607022706424e-05 1.175417307442591e-06 0
811 6.491042645426182e-05 1.599526917831178e-05 0
812 1.761856734875856e-06 1.060858458386392e-05 0
813 4.968608320719424e-05 7.030004349242375e-07 0
814 6.806104638989884e-05 6.100719059795293e-05 0
815 4.369357497292251e-05 1.365418353278939e-05 0
816 1.270648045651152e-05 4.641674378861927e-05 0
817 7.628076150155948e-05 7.625698051672329e-05 0
818 4.207066391087534e-05 5.704492330049215e-07 0
819 1.286512492159838e-05 7.904739740131612e-05 0
820 1.36208053424882e-05 7.205263627227825e-05 0
821 2.921596217866413e-06 1.64827379225858e-05 0
822 4.188027616193493e-06 2.168085882919981e-05 0
823 3.077202915105236e-05 8.707959543852195e-05 0
824 8.080847733644232e-05 9.59559798183797e-05 0
825 4.835914373478048e-05 2.329561546624535e-06 0
826 4.704418706360856e-05 2.047331638624715e-06 0
827 9.210111140470952e-05 5.566934854215995e-05 0
828 7.559464705502822e-05 1.180446577846307e-05 0
829 3.301557007577319e-05 1.605574777389635e-06 0
830 3.390808281119154e-05 3.236927077082729e-06 0
831 5.537828172717106e-05 4.426935973987866e-07 0
832 6.697441217901737e-05 1.576142838509593e-06 0
833 6.784956118349242e-05 3.331184227020194e-06 0
834 6.982656357842066e-05 3.54321252428784e-06 0
835 6.865954421986231e-05 5.034017550033217e-06 0
836 7.063890494703115e-05 5.184844139996249e-06 0
837 7.186494145175266e-05 3.624923780252593e-06 0
838 4.07515048338345e-05 7.401744574335307e-06 0
839 3.893016181002059e-05 6.583336726625576e-06 0
840 1.262963908124521e-05 3.236061393891565e-05 0
841 7.173901689143936e-06 9.183515368824104e-05 0
842 7.932814077338399e-06 8.689508913010733e-05 0
843 5.009640110358953e-05 5.486147555197624e-07 0
844 2.96802807998271e-05 9.603697143330135e-05 0
845 5.455551709391634e-05 2.287869893686964e-06 0
846 5.450653554402423e-05 3.507820893598974e-06 0
847 5.55472387548392e-05 3.669246656940515e-06 0
848 5.886608438665541e-05 9.678164097951952e-05 0
849 9.813912584708814e-05 1.271115937933741e-05 0
850 5.110405976529179e-05 1.646896251125028e-06 0
851 2.921868986313113e-05 1.659689689626405e-05 0
852 6.148316414874781e-05 9.580463343079612e-05 0
853 3.566234644289856e-05 3.130240036010247e-06 0
854 3.484742832397394e-05 4.786519425011117e-06 0
855 3.294000112780327e-05 4.867019178412907e-06 0
856 9.548410982075451e-05 1.015096883512374e-05 0
857 9.473110519491639e-05 8.017725694109307e-06 0
858 9.395941603481711e-05 5.997409861144034e-06 0
859 9.203038546287261e-05 5.296740014307083e-06 0
860 9.353046797197157e-05 4.06769907906901e-06 0
861 9.543332958883725e-05 4.828271127339337e-06 0
862 9.688377359259433e-05 8.423168718229434e-06 0
863 9.039753801106736e-05 6.474378963465159e-06 0
864 9.019711882543966e-05 4.573258653359619e-06 0
865 8.861498978237557e-05 5.574008627591916e-06 0
866 8.82677121710619e-05 3.552524847267582e-06 0
867 8.675314443759761e-05 4.823490924292933e-06 0
868 3.568184138999758e-05 5.678941004803326e-05 0
869 4.13865587042445e-05 6.029406519805403e-05 0
870 4.118912002550568e-05 6.656512770257014e-05 0
871 3.596271408656612e-05 6.889293324301011e-05 0
872 4.27687732634898e-05 4.853991311722427e-05 0
873 5.802349347889702e-05 7.639660101774228e-07 0
874 5.285918627744565e-05 1.204629349290773e-05 0
875 4.670917103189758e-05 1.487899033372769e-06 0
876 4.606810679706764e-05 1.302470704373082e-06 0
877 6.623016421950032e-05 4.718197971841914e-05 0
878 4.063705799510886e-05 7.132128547076191e-05 0
879 5.185540806374424e-05 9.60027865042487e-05 0
880 5.827519189303591e-05 6.690002556788475e-05 0
881 6.323258833992167e-05 6.511025829216282e-05 0
882 3.636712421801934e-05 9.034116059976536e-05 0
883 8.644636515454924e-05 4.125205053121735e-05 0
884 6.125327983940687e-05 5.613609054581887e-05 0
885 5.099719038004137e-05 1.772951123376034e-05 0
886 8.059742844383086e-05 7.241965639043526e-05 0
887 5.401215730554544e-05 1.834431170078281e-07 0
888 9.602635060761014e-05 6.542031994309e-06 0
889 2.900621150463995e-05 1.720887269131814e-06 0
890 2.800103525079915e-05 3.462241025393858e-06 0
891 2.60001725418288e-05 3.463791516840938e-06 0
892 4.970697322020975e-05 2.762468635642686e-06 0
893 5.065156726044109e-05 2.835782458482238e-06 0
894 4.291715728628684e-05 3.927741387059564e-06 0
895 4.171398565588242e-05 4.306682545358833e-06 0
896 4.101514074215931e-05 5.681285258009054e-06 0
897 6.151029808424244e-06 9.54758983852994e-05 0
898 4.647850779718066e-05 2.688123551911834e-06 0
899 5.095413559354221e-05 1.859380196189634e-07 0
900 1.80517710473311e-05 9.5687362317918e-05 0
901 2.109058603500482e-05 9.670036967560712e-05 0
902 2.702013387165825e-05 5.135651347204425e-06 0
903 2.902363354049791e-05 5.156834620626883e-06 0
904 2.511537277474217e-05 5.170163146189978e-06 0
905 6.138354848038648e-05 8.986604993182342e-05 0
906 8.378985088087045e-05 1.94616255612395e-05 0
907 8.504868482578998e-05 2.408581622890946e-05 0
908 8.075472777371509e-05 2.675397615608321e-05 0
909 8.540597329391279e-05 3.004239780063435e-05 0
910 7.095629096035249e-05 1.824632157410038e-06 0
911 7.393247042865862e-05 3.61220733287834e-06 0
912 7.50207973112677e-05 1.790609786122529e-06 0
913 7.609136380287151e-05 3.536082756626565e-06 0
914 7.808131466432486e-05 3.485732805485731e-06 0
915 7.510702656451541e-05 5.287173767176526e-06 0
916 7.703755699076125e-05 5.237250209753069e-06 0
917 7.611498061643507e-05 7.025764857713774e-06 0
918 7.906427790102233e-05 5.517124824155058e-06 0
919 9.316801840086621e-05 1.961480865642786e-06 0
920 5.01210354622131e-06 1.723405747520363e-06 0
921 5.998393106311987e-06 3.462149272259909e-06 0
922 7.996253922343441e-06 3.465838987258555e-06 0
923 6.90439767428746e-06 5.074976141027424e-06 0
924 5.063646958407818e-06 5.054467482651174e-06 0
925 8.894675881383023e-06 5.447825657374631e-06 0
926 9.979657903246165e-06 3.511208458857246e-06 0
927 1.099211846772741e-05 5.20524442038159e-06 0
928 1.199292611368093e-05 3.480763232410446e-06 0
929 1.29918273994639e-05 5.121885458149061e-06 0
930 1.214656974680218e-05 6.996180494144717e-06 0
931 1.399518485194543e-05 3.46168362449828e-06 0
932 1.499215236240272e-05 5.107620849324097e-06 0
933 1.599663178398589e-05 3.459801879717808e-06 0
934 1.69930244916623e-05 5.195825654481357e-06 0
935 1.598845909387763e-05 6.947823054477174e-06 0
936 1.829647282036281e-05 6.807196731509716e-06 0
937 1.905048441033434e-05 5.112423534429475e-06 0
938 8.400084288324258e-05 4.77963314554532e-05 0
939 6.024745051461781e-05 4.402793688123653e-05 0
940 6.320127657072983e-05 3.360567876920112e-05 0
941 5.79719173928208e-05 3.20391237675452e-05 0
942 1.099941584435386e-05 1.741149774489578e-06 0
943 1.499838446011396e-05 1.735580890698004e-06 0
944 1.699922741707714e-05 1.735501780278103e-06 0
945 8.704461869520701e-05 1.696946808402909e-06 0
946 2.100000000004802e-05 1.73205080756791e-06 0
947 2.200000000004752e-05 3.464101615133873e-06 0
948 2.000847211145867e-05 3.453726048514853e-06 0
949 2.101200290226558e-05 5.085467425487367e-06 0
950 2.500002875700428e-05 1.731999124515778e-06 0
951 3.001575162396782e-05 3.381016470974184e-06 0
952 8.300156965875626e-05 1.723380584629328e-06 0
953 8.202837181490346e-05 3.456380603010867e-06 0
954 8.900000000002995e-05 1.732050807561654e-06 0
955 8.398643902529765e-05 3.40081798604526e-06 0
956 8.297996466532884e-05 5.182046294660922e-06 0
957 2.401926234561796e-05 3.459709772156952e-06 0
958 2.311649547006302e-05 5.111458113908989e-06 0
959 1.800797336909476e-05 3.448221617498335e-06 0
960 8.995790064104459e-06 1.741698518431643e-06 0
961 3.791288336827929e-05 9.581074993991359e-05 0
962 5.684232527065007e-05 8.089400219666745e-08 0
963 4.005837711625403e-06 3.452455913699776e-06 0
964 1.853969597858273e-06 3.206977906514619e-06 0
965 4.645073527653706e-05 9.230798682926607e-08 0
966 4.666234672624451e-05 1.953267699418295e-07 0
967 9.840616855405534e-05 4.696877766040461e-06 0
968 3.111806411297995e-06 5.358791119172004e-06 0
969 5.690392454453817e-05 6.64784966820341e-08 0
970 5.082459285909409e-05 8.151598796723128e-07 0
971 5.622614150239083e-05 1.243640342865536e-06 0
972 4.134078678488362e-05 1.187894019038961e-05 0
973 7.288145347671024e-05 5.490688230385698e-06 0
974 4.723018069807587e-05 7.202450217909398e-08 0
975 6.372643435315596e-05 9.393130559341626e-05 0
976 4.848962686573788e-05 8.926961518958337e-05 0
977 6.04563424381743e-05 7.901229025583662e-06 0
978 4.156800724536084e-05 2.389517922164157e-07 0
979 4.383818103442095e-05 9.086518555307179e-05 0
980 3.887422424692843e-05 8.82867316940265e-05 0
981 3.68630397465997e-05 1.606081687637361e-06 0
982 1.668028133267096e-06 8.582496956608916e-06 0
983 3.398748161299404e-06 7.644927416962855e-06 0
984 4.990152660643588e-05 9.413349092931242e-06 0
985 6.466697348655618e-05 9.284290424625858e-06 0
986 6.576912607391471e-05 7.677871620122477e-06 0
987 6.27639296418765e-05 1.092596403105301e-05 0
988 6.303062750134973e-05 1.354534689475534e-05 0
989 5.33108403347108e-05 8.85721997632275e-05 0
990 4.387232996037867e-05 3.542604915640931e-05 0
991 6.303226631657009e-06 3.637814507855772e-05 0
992 5.836457137558839e-05 2.292799176930485e-07 0
993 6.54150904541402e-05 6.055940645426015e-06 0
994 5.214479389115382e-05 3.15115567868619e-06 0
995 5.29841425735306e-05 9.816413650896698e-05 0
996 4.891857464983762e-05 9.824045587685144e-05 0
997 4.499999999988529e-05 9.826794919243627e-05 0
998 9.279009237616527e-05 6.550512345625012e-05 0
999 3.466235285748566e-05 2.858984022031922e-05 0
1000 5.7198757712034e-05 9.824061744459451e-05 0
1001 4.31431384396457e-05 9.817749378004663e-05 0
1002 5.808708294499042e-05 6.247508240084601e-06 0
1003 5.784635207636335e-05 4.667973401936012e-06 0
1004 5.21191639278328e-05 1.187866885177775e-06 0
1005 5.498797476051745e-05 4.57071447043637e-07 0
1006 8.579769739782613e-05 7.535781859502986e-05 0
1007 3.106454007383408e-05 5.089199712124526e-06 0
1008 3.218836913373336e-05 6.738144281949213e-06 0
1009 8.766710461525614e-05 9.597227556911368e-05 0
1010 8.525014171436123e-05 9.697255026962341e-05 0
1011 8.007911079899172e-05 3.48201057896003e-06 0
1012 8.108013247927061e-05 5.149887914253212e-06 0
1013 9.41534722510024e-05 9.55889612213717e-05 0
1014 7.903755114978596e-05 1.739572534183989e-06 0
1015 6.914783373022695e-05 7.265362854117027e-05 0
1016 9.688626490537339e-05 1.666385820061446e-06 0
1017 1.39186956243826e-05 6.020069513737901e-05 0
1018 6.080134019021338e-05 1.561164675678033e-05 0
1019 6.299999999990426e-05 9.826794919242658e-05 0
1020 6.386594845599564e-06 1.629054069472381e-05 0
1021 8.87406557202685e-05 7.365973639965936e-06 0
1022 6.455001497847355e-05 6.958902145909539e-05 0
1023 3.498431093766725e-05 9.808551704857871e-05 0
1024 3.898306065486296e-05 9.809599405409657e-05 0
1025 6.712635352190506e-05 9.791531792765477e-05 0
1026 8.488869267799647e-05 5.131889110343944e-06 0
1027 4.733853516029589e-05 7.449792826064827e-05 0
1028 5.657822365999424e-05 2.769892431025443e-05 0
1029 6.150795063042303e-05 2.788178143892497e-05 0
1030 3.740621522984493e-05 5.602526278384606e-06 0
1031 5.23278788616748e-05 2.277647047917538e-07 0
1032 4.136755591234942e-05 7.910835597029547e-05 0
1033 9.164881314549289e-05 3.411491099072118e-06 0
1034 7.099999999992555e-05 9.826794919242658e-05 0
1035 7.217870355552928e-05 9.63665289249938e-05 0
1036 7.45025949199448e-05 9.62652347990048e-05 0
1037 7.354789565218289e-05 2.344668759144585e-05 0
1038 9.005030614716108e-06 9.821014637896103e-05 0
1039 9.928524396256699e-06 9.603836475532813e-05 0
1040 3.298411600039884e-05 9.803836862676312e-05 0
1041 2.899999999993006e-05 9.82679491924367e-05 0
1042 4.795119514971972e-05 4.970273523629344e-07 0
1043 4.774870236282269e-05 8.729209673317377e-07 0
1044 9.527091351333575e-05 9.798319446013327e-05 0
1045 9.099999999997897e-05 9.826794919242659e-05 0
1046 1.302931363853957e-05 9.82351348639123e-05 0
1047 5.252735352408168e-05 2.632359516685974e-07 0
1048 8.101925465258346e-05 9.804755264122082e-05 0
1049 1.918626101992505e-05 9.815520185611461e-05 0
1050 1.499999999997003e-05 9.826794919243643e-05 0
1051 7.499999999993616e-05 9.826794919242655e-05 0
1052 2.504412103838199e-05 9.835915551959136e-05 0
1053 1.897362132180013e-05 3.078465253681618e-05 0
1054 4.756148378212486e-05 8.385000057503124e-06 0
1055 2.263997123130996e-05 9.50639808410715e-05 0
1056 7.899739167740803e-05 9.833306739682679e-05 0
1057 5.348386291949769e-05 9.751306040905236e-06 0
1058 5.891403808739606e-05 1.707549304944854e-06 0
1059 4.40712453918461e-05 3.305492564792225e-06 0
1060 8.442341799832558e-05 5.498101523213927e-05 0
1061 4.578167349668465e-05 6.43387403658101e-05 0
1062 2.121688249440336e-05 7.306432209358312e-05 0
1063 4.61439426348904e-05 1.472058268243277e-05 0
1064 4.860350954198731e-05 1.592942513053819e-05 0
1065 5.367748619794735e-05 3.683713222724253e-06 0
1066 2.229137163353546e-05 6.645347358424348e-06 0
1067 4.363528769667957e-05 2.520733253373017e-06 0
1068 8.802235459525249e-05 2.038710708892619e-05 0
1069 9.217857381036211e-05 8.729327241192682e-05 0
1070 5.791079459877537e-05 7.161350497504796e-05 0
1071 5.438063026199163e-05 1.645194681856976e-06 0
1072 4.449327953466834e-05 1.258811100346356e-06 0
1073 4.411100352139768e-05 9.647260562338098e-07 0
1074 4.422921342617411e-05 5.595606521643583e-07 0
1075 4.38649351304904e-05 6.336208755808924e-07 0
1076 4.448834605079801e-05 4.019291839873564e-07 0
1077 4.135704589661067e-05 8.967628000841678e-05 0
1078 1.025306796207841e-05 6.760999731331501e-06 0
1079 1.24748807950984e-05 9.279324197678128e-06 0
1080 6.668169067526643e-05 4.722885827315202e-06 0
1081 6.062647811809919e-05 6.276213587542547e-07 0
1082 4.424856598393225e-05 3.035143627117615e-05 0
1083 4.575748399305295e-05 8.287812756598921e-07 0
1084 3.840151225377239e-05 4.444812942324037e-05 0
1085 4.621268290866819e-05 7.834988723601682e-07 0
1086 3.690243651987044e-05 2.49317450374149e-05 0
1087 3.35143779495123e-05 8.887616693123376e-05 0
1088 6.045465674314297e-05 1.021520943518165e-05 0
1089 4.943490487475912e-06 9.800448849581588e-05 0
1090 1.535739591728211e-05 8.410379327514076e-05 0
1091 4.993538687018981e-05 2.234855597188281e-07 0
1092 6.592420934965319e-05 3.017966402526604e-06 0
1093 8.559764467291966e-05 6.80590614904549e-06 0
1094 6.523495434348012e-05 7.52563251447921e-05 0
1095 4.478979802426473e-05 3.525522461408865e-07 0
1096 4.751144789965598e-05 9.615265772125346e-05 0
1097 4.391251685953637e-05 1.472895917299282e-06 0
1098 8.510611139810008e-05 8.122645981617104e-05 0
1099 3.199686912337663e-05 3.307467798823927e-06 0
1100 5.905640240623518e-05 2.473264172751742e-05 0
1101 4.008575347603969e-05 9.633716676078772e-05 0
1102 3.17682995602877e-05 9.638108552527356e-05 0
1103 2.239479754052179e-05 7.810392735332523e-05 0
1104 9.732611234261993e-05 1.644398869537963e-05 0
1105 5.15097526119367e-05 1.267465225189655e-06 0
1106 7.281123247816239e-05 7.951708822508283e-05 0
1107 3.61206807548007e-05 7.450236351002635e-05 0
1108 4.079827755763353e-05 9.051572237813204e-07 0
1109 4.00941177845624e-05 1.33609237953803e-06 0
1110 4.733882715954248e-05 8.081524571012698e-07 0
1111 4.238973038777509e-05 8.04508928455711e-06 0
1112 1.541620365036804e-05 2.76039459529344e-05 0
1113 5.568173724118787e-05 4.674053591335322e-07 0
1114 5.073414025126931e-05 8.786615838749445e-05 0
1115 1.566539130634374e-05 1.638358569077771e-05 0
1116 2.040135842997595e-05 1.933322582499611e-05 0
1117 8.600000000003748e-05 3.207775420467798e-06 0
1118 4.74957129381045e-05 1.414244205038072e-06 0
1119 4.122881139172288e-05 1.500892824547522e-06 0
1120 6.387617493555234e-05 9.627624362956513e-05 0
1121 4.434293768894313e-05 2.464243597113711e-06 0
1122 6.847466862063958e-05 9.593557204470853e-05 0
1123 1.708239036899571e-05 7.618467520927212e-05 0
1124 4.803644412036571e-05 6.545270280465305e-06 0
1125 5.231580079921038e-05 4.715964426172931e-07 0
1126 3.528649136472549e-05 8.598787038579113e-06 0
1127 3.453525634389207e-05 6.721229217420406e-06 0
1128 2.158751114990522e-05 8.521622941211485e-06 0
1129 8.200478893938486e-05 6.636944573927882e-06 0
1130 9.202788218479271e-05 1.986569368394378e-05 0
1131 9.107216809611209e-05 2.452970385930652e-05 0
1132 8.632541684612496e-05 1.621467558231912e-05 0
1133 5.043916320932727e-05 1.405937406182658e-05 0
1134 5.402834754478619e-05 9.651862407308666e-05 0
1135 6.73478574785976e-05 6.625911780459658e-06 0
1136 4.337135312669057e-05 2.670125447687948e-07 0
1137 5.650905846637689e-05 2.850007761636926e-07 0
1138 4.600332916328257e-05 5.312388475728506e-06 0
1139 4.945079477975492e-05 4.069394868883817e-07 0
1140 9.862669297304158e-05 8.570930507438018e-06 0
1141 3.913322840672692e-05 4.908988856693618e-06 0
1142 5.0787309405242e-05 4.329448501940897e-07 0
1143 4.285335957362165e-05 2.163710932824225e-06 0
1144 5.600453138124737e-05 2.943533065507338e-06 0
1145 5.272288629345839e-05 4.500534563295588e-07 0
1146 4.405582314476924e-05 2.778915680611423e-07 0
1147 4.349876809945899e-05 5.821653305328493e-07 0
1148 4.320787953987316e-05 8.364814292094947e-07 0
1149 4.889569190936411e-05 2.000733294054691e-06 0
1150 3.999999999992171e-06 9.615499861770571e-05 0
1151 5.476363069309161e-05 1.836073866131693e-07 0
1152 5.471601213029741e-05 8.376982361371725e-08 0
1153 4.368995176302409e-05 1.019444860990636e-06 0
1154 5.114422908349505e-05 2.194469062494235e-06 0
1155 9.688143764196083e-05 3.78692528237743e-06 0
1156 6.075778429218624e-05 5.849370104066731e-06 0
1157 3.602973210777048e-05 9.63807413422251e-05 0
1158 6.356482459070395e-05 9.162016129989227e-05 0
1159 7.74509532235639e-05 2.432742064407177e-05 0
1160 3.223415360439422e-06 9.425196615227074e-06 0
1161 5.29356695594263e-05 2.857477213536226e-06 0
1162 5.206679650320069e-05 6.674435558640569e-07 0
1163 5.634674877510275e-05 5.375938466920522e-07 0
1164 1.050773036038126e-05 9.010256032150636e-05 0
1165 4.554920443188396e-05 4.427149200859778e-07 0
1166 5.074431560180457e-05 7.817537406693028e-06 0
1167 8.947873113359918e-05 7.980490369028743e-05 0
1168 5.989434187463257e-06 6.537259407946896e-06 0
1169 4.172924148330995e-05 8.556686578519944e-07 0
1170 8.313467853111206e-05 9.594562689040922e-05 0
1171 1.979546386856474e-05 6.184279038310739e-05 0
1172 8.68663604924166e-05 9.835330327435483e-05 0
1173 1.211189369720228e-05 9.614990295524338e-05 0
1174 5.994266645434991e-05 2.094382057741281e-06 0
1175 2.524800039394645e-05 1.885044684294943e-05 0
1176 8.022250376188967e-05 9.131135362662759e-06 0
1177 7.732876555317308e-05 8.751197789140338e-06 0
1178 7.546393649387052e-05 8.775001574683782e-06 0
1179 2.753058809527885e-05 1.352205059550997e-05 0
1180 7.116397941240039e-05 9.181338265661151e-05 0
1181 5.775147944552176e-05 3.404857106595537e-07 0
1182 7.772530728319556e-05 6.858678285332934e-06 0
1183 5.368006761322385e-05 7.91016202051395e-07 0
1184 2.031850536506582e-05 6.731784603927623e-06 0
1185 1.796761773008076e-05 8.424316759125022e-06 0
1186 4.120013278137979e-05 3.530402760362367e-06 0
1187 1.599999999996718e-05 9.639170147080712e-05 0
1188 8.999999999997619e-05 9.632400591300062e-05 0
1189 5.919213178979554e-05 3.955207131444608e-07 0
1190 4.624724797927291e-05 5.964068297522008e-05 0
1191 6.118159653388575e-05 2.150867424859384e-06 0
1192 3.182510547189903e-05 8.355738578306997e-06 0
1193 5.422043419440345e-05 3.532137835232001e-07 0
1194 3.906056229664839e-05 3.798141299007724e-05 0
1195 4.268406766008184e-05 5.141675551507479e-06 0
1196 5.67051915887141e-05 1.314249330116062e-06 0
1197 5.043985709701783e-05 8.658560549213623e-07 0
1198 8.045528594974931e-05 6.861830000718381e-06 0
1199 8.440644611297041e-06 9.42843558649524e-05 0
1200 1.308033052618619e-06 4.940965703118408e-06 0
1201 6.951508664864869e-05 6.541967769652535e-06 0
1202 6.414693731214468e-05 2.668522215789135e-06 0
1203 2.099999999995215e-05 9.849785300608984e-05 0
1204 5.794578732170822e-05 1.656746049362803e-06 0
1205 5.895127488705536e-05 9.864690621088201e-05 0
1206 9.605634754890883e-05 1.232703848377289e-05 0
1207 9.68103880523921e-05 9.586895342531381e-05 0
1208 5.943441247429084e-05 6.612366190728687e-06 0
1209 5.743257946524345e-05 3.754180156175416e-06 0
1210 4.783127075513962e-05 2.084190316803638e-07 0
1211 7.573390843068179e-06 4.297318907130752e-05 0
1212 4.975291458338268e-05 9.668422258955911e-05 0
1213 7.43719875015452e-05 7.244941925279014e-06 0
1214 2.800000000002931e-05 6.462882191715168e-06 0
1215 6.204767829330611e-05 1.320243889684645e-06 0
1216 8.336246982647695e-05 8.846472017480443e-06 0
1217 8.341874936148712e-06 2.341324762780246e-05 0
1218 8.729402463606605e-05 6.469631670895135e-06 0
1219 7.215263194281182e-06 8.182051004753115e-06 0
1220 2.460458742161258e-05 4.546539262866378e-05 0
1221 8.107028509431687e-06 9.642034922136865e-05 0
1222 6.351339371835891e-05 5.957953859644836e-05 0
1223 2.455233479765283e-05 6.728593471395907e-06 0
1224 3.694474935932319e-06 8.489984591104103e-05 0
1225 5.647249560826494e-05 4.34815885829762e-06 0
1226 5.001433208052074e-05 2.182551621285022e-06 0
1227 3.939068401557077e-05 3.236459358055449e-05 0
1228 5.104576618658203e-05 8.305038215205947e-05 0
1229 4.652502526167438e-06 1.406338083180014e-05 0
1230 5.485087256715497e-05 1.672626567170089e-06 0
1231 1.479458168799623e-05 6.636938366215157e-05 0
1232 5.390897758986681e-05 4.203262401019444e-07 0
1233 4.199999999989228e-05 9.669092648824189e-05 0
1234 4.174998527317468e-05 4.459881343270768e-07 0
1235 9.490090611553158e-05 1.851512156945166e-05 0
1236 1.47901561412828e-06 1.455491013811993e-06 0
1237 1.906619617786635e-05 4.90291700651831e-05 0
1238 1.124876002912578e-05 2.615972675266137e-05 0
1239 7.115780802217434e-05 6.783858959423294e-06 0
1240 1.398958179183528e-05 6.412721366898632e-06 0
1241 9.000000000002565e-05 2.931831371423135e-06 0
1242 2.965092622740597e-05 4.231099214032266e-05 0
1243 5.139335076951395e-05 3.320432966322573e-06 0
1244 5.887741634276002e-05 9.341092567742574e-06 0
1245 4.091073917601004e-05 7.543404248387931e-05 0
1246 3.88816926546895e-05 1.348140337986299e-05 0
1247 3.858841985400548e-05 1.28586029230691e-06 0
1248 2.397992087539299e-05 9.525339253339674e-06 0
1249 8.77730918781613e-05 3.533024133752458e-05 0
1250 6.72466592155637e-05 9.02670725486096e-06 0
1251 6.122807143231041e-06 9.828881071636803e-06 0
1252 7.226133922508852e-05 9.074260494348887e-06 0
1253 4.975982391621116e-05 4.193700622233814e-07 0
1254 7.661310761591721e-05 9.619190602521884e-05 0
1255 7.567030781810244e-05 9.36433638816455e-05 0
1256 9.85952119724336e-05 1.377576946205403e-06 0
1257 5.554479316653607e-05 7.023220762606659e-07 0
1258 9.579152769073446e-05 2.69345833246598e-05 0
1259 5.609434068702576e-05 8.542150095997899e-07 0
1260 2.271058806457797e-05 9.297646737757448e-05 0
1261 5.106269612688663e-05 1.175264688084449e-06 0
1262 3.328275550023876e-05 8.557467532997347e-05 0
1263 1.115616039589756e-05 8.379615516240806e-05 0
1264 5.177430216544833e-05 4.963997348551984e-07 0
1265 9.503240223901744e-05 3.097515826781948e-06 0
1266 9.010005410821151e-06 9.066944201389962e-06 0
1267 5.357443807404928e-05 1.266836230588844e-06 0
1268 6.332443323467251e-05 1.284644550286862e-06 0
1269 6.036127115600349e-05 1.318683675065162e-06 0
1270 8.112173241607219e-05 4.204801730108673e-05 0
1271 4.394443678137345e-05 7.36577987983052e-05 0
1272 3.977390569088344e-05 5.368709951433028e-05 0
1273 4.252916777939429e-05 9.689210967395212e-06 0
1274 4.827592359164832e-05 3.003429489270096e-06 0
1275 4.569860176421348e-06 6.515190070981632e-06 0
1276 5.814841361160358e-05 4.268910800289346e-07 0
1277 4.539221937354102e-05 1.855085674104392e-07 0
1278 6.937393330484464e-05 9.360035226708205e-06 0
1279 4.811959335863632e-05 8.454263540786241e-07 0
1280 4.625913653683145e-05 4.645676591397704e-07 0
1281 6.531303980743892e-06 4.943382675095956e-05 0
1282 1.491153781245056e-05 2.410683768631692e-05 0
1283 4.078570568398511e-05 5.6350986165183e-07 0
1284 2.23333756850912e-05 1.640316548491858e-05 0
1285 2.677882854362905e-05 9.653606094223983e-05 0
1286 5.337416366738753e-05 1.744113387865041e-05 0
1287 3.703469793127379e-05 3.000853739638351e-06 0
1288 2.926918108824209e-05 8.762424560318397e-06 0
1289 3.596015683172713e-05 5.864309828057714e-06 0
1290 7.98347569916692e-05 3.121191074978267e-05 0
1291 1.459868823347225e-05 9.730442652057165e-06 0
1292 9.694735082414214e-05 1.433466414207354e-05 0
1293 8.864177522917706e-05 9.24652839445333e-06 0
1294 4.394189555564369e-05 2.028617955258702e-06 0
1295 7.510806396552226e-05 9.023387249184344e-05 0
1296 7.525101410923521e-06 6.559139243388318e-06 0
1297 4.709134595090501e-05 5.704041247735675e-06 0
1298 5.716679334415966e-05 1.511331143170293e-06 0
1299 9.697822063450016e-05 5.273651194830333e-06 0
1300 5.388041842645437e-05 4.477796744709409e-06 0
1301 8.810469485342165e-05 5.131124304452737e-05 0
1302 5.360127370963456e-05 4.28554476428366e-07 0
1303 4.723605842182855e-05 4.443366095214245e-07 0
1304 5.174922721363864e-05 1.049285740723987e-05 0
1305 7.111369774254404e-05 9.445432571263053e-05 0
1306 1.308863518515837e-05 5.298590679460973e-05 0
1307 8.651433537858099e-05 9.729404483062341e-06 0
1308 1.399999999997337e-05 9.67386600291579e-05 0
1309 6.792852248643826e-05 3.435685108984245e-05 0
1310 1.52707388319847e-05 8.502686268928925e-06 0
1311 8.511421316753599e-05 9.87415832693208e-05 0
1312 7.23966821765897e-05 7.526159525606594e-05 0
1313 6.107679783590067e-05 6.934828138490478e-05 0
1314 5.280925742721898e-05 3.643998124971367e-06 0
1315 5.083844858802713e-05 3.732508951578324e-06 0
1316 4.609256963446032e-05 9.713167347832292e-05 0
1317 8.526601711453992e-05 8.377493803761817e-06 0
1318 2.387598588435569e-05 9.658803047892189e-05 0
1319 4.903472622754031e-05 2.583952283830547e-06 0
1320 7.885962265714976e-05 9.645014368560385e-05 0
1321 3.728894018561539e-05 8.960498507417931e-06 0
1322 9.193767140210528e-05 9.662724672854228e-05 0
1323 2.691220640336837e-05 8.64741153946925e-06 0
1324 5.378461251706243e-05 8.07925419105199e-05 0
1325 4.933309185771135e-05 7.316729444776597e-07 0
1326 3.645258425939951e-05 4.384942187735492e-06 0
1327 4.636948815663079e-06 9.273574344476603e-06 0
1328 6.363987450884639e-05 8.929354695354473e-05 0
1329 7.037584925072914e-05 9.664067629295859e-05 0
1330 3.376097825129394e-05 4.476610903599552e-05 0
1331 5.579686213184678e-05 7.229696501819566e-07 0
1332 1.590101217509296e-05 9.404681213351615e-05 0
1333 9.176432039524237e-05 8.807404900545693e-06 0
1334 5.731925662685858e-05 5.630067395574152e-05 0
1335 7.34256237848451e-05 9.464553874467578e-05 0
1336 9.259032824499217e-05 1.698423660321956e-05 0
1337 5.831884021677017e-05 -6.853090267009843e-06 0
1338 4.17619563844262e-05 -6.712349208219891e-06 0
1339 4.500000000001299e-05 -3.7320508075706e-06 0
1340 5.500000000001176e-05 -3.732050807563548e-06 0
1341 5.100000000002318e-05 -3.732050807568723e-06 0
1342 4.768931392643645e-05 -7.79603422745117e-06 0
1343 5.126086649427196e-05 -8.655431823852012e-06 0
1344 5.476622897439433e-05 -8.613099160587919e-06 0
1345 4.421316327651124e-05 -8.809856271733844e-06 0
1346 4.299896519124951e-05 -3.585020206045891e-06 0
1347 4.366450001414661e-05 -5.548434152945508e-06 0
1348 4.585217669171881e-05 -5.394361833899513e-06 0
1349 4.697536278196847e-05 -3.720427510696188e-06 0
1350 4.785220193375668e-05 -5.697836327633842e-06 0
1351 4.897126078596924e-05 -3.769069376840758e-06 0
1352 4.997898365712446e-05 -5.412381865975505e-06 0
1353 5.199649727620558e-05 -5.383244667299254e-06 0
1354 5.700103480876357e-05 -3.585020206043364e-06 0
1355 5.62267509254462e-05 -5.494560467079108e-06 0
1356 5.299941621271564e-05 -3.718574649592952e-06 0
1357 5.403321330659325e-05 -5.377880530783557e-06 0
1358 5.30733034916914e-05 -7.17134964528736e-06 0
1359 5.857005656624484e-05 -8.780671031948395e-06 0
1360 4.20418295702199e-05 -9.215498684816065e-06 0
1361 4.16085104645615e-05 -4.8778832061037e-06 0
1362 5.835463459351369e-05 -4.859748985650988e-06 0
1363 4.492682919216035e-05 -7.137513308172106e-06 0
1364 5.650064137619216e-05 -7.258390828594223e-06 0
1365 4.925108887503418e-05 -7.063829924455671e-06 0
1366 4.91714391587191e-05 -8.861824111617514e-06 0
1367 4.758596078373704e-05 -9.895830050099588e-06 0
1368 5.696696907039267e-05 -9.730432204226107e-06 0
1369 4.606696926871279e-05 -8.821291911429249e-06 0
1370 4.332165568749286e-05 -7.484730325177483e-06 0
1371 5.303513764097063e-05 -1.008061990827977e-05 0
1372 5.111214795886552e-05 -6.73724758537396e-06 0
1373 5.492002761486346e-05 -6.783056126466433e-06 0
1374 5.858118161010221e-05 -3.402114653358333e-06 0
1375 4.141881838989902e-05 -3.402114653356943e-06 0
1376 5.325224438618617e-05 -8.646893564539874e-06 0
1377 4.645609295224355e-05 -6.883673981485774e-06 0
1378 4.720773060944185e-05 -1.859779335943082e-07 0
1379 4.778499296395572e-05 -2.840917458481827e-07 0
1380 4.835301335234136e-05 -2.634429130364355e-07 0
1381 5.095911624339602e-05 -3.208907665446545e-07 0
1382 5.155037973363399e-05 -2.648668057705318e-07 0
1383 5.038722134200277e-05 -2.297791024580868e-07 0
1384 5.873579804066254e-05 -3.843198707742512e-07 0
1385 4.326684772686747e-05 -2.141791537977223e-07 0
1386 4.259822091389324e-05 -2.838732310280609e-07 0
1387 4.193888142702545e-05 -1.926545861352655e-07 0
1388 5.307933514075832e-05 -3.975753907401698e-07 0
1389 5.376676993168403e-05 -2.182841727497674e-07 0
1390 5.249708249644735e-05 -1.864571928098981e-07 0
1391 5.663020052348348e-05 -3.087119552244807e-07 0
1392 5.724251997717567e-05 -5.126868898569599e-07 0
1393 5.788326468241746e-05 -1.868404994397858e-07 0
1394 4.536448731292152e-05 -1.97902308635794e-07 0
1395 4.468998904752154e-05 -2.92049957627804e-07 0
1396 4.411980818564821e-05 -1.367820267713632e-07 0
1397 5.515397168357971e-05 -5.901068006569779e-07 0
1398 5.587733904353426e-05 -2.832045577274214e-07 0
1399 5.458647368038402e-05 -1.552406002870568e-07 0
1400 4.952933440346293e-05 -2.021157072803366e-07 0
1401 4.926522092934379e-05 -1.6621984428727e-07 0
1402 4.644842391430273e-05 -1.859779335947044e-07 0
1403 4.618364590830948e-05 -1.901687763473794e-07 0
1404 4.636456756031847e-05 -8.500671910022758e-08 0
1405 4.943882809615879e-05 -8.384085431470052e-08 0
1406 4.73446621976886e-05 -7.905104768860547e-07 0
1407 4.8071649261799e-05 -9.122122891855452e-07 0
1408 4.889870579866848e-05 -1.016477078431418e-06 0
1409 4.116333119133706e-05 -8.527065509625548e-07 0
1410 4.116177259547475e-05 -1.86073846533359e-07 0
1411 4.154164744448871e-05 -1.881194223856212e-07 0
1412 4.173970290642225e-05 -5.476581088782403e-07 0
1413 4.656981924167418e-05 -1.145477129444191e-06 0
1414 4.977964653804106e-05 -1.087536358385041e-06 0
1415 4.937404290752904e-05 -5.566429463282729e-07 0
1416 4.892897465297797e-05 -3.337971303472327e-07 0
1417 4.990602130174495e-05 -5.590379875383446e-07 0
1418 5.058064758718571e-05 -9.958035222312704e-07 0
1419 5.144510949334579e-05 -8.689809716259806e-07 0
1420 5.213540390249045e-05 -7.633437635834461e-07 0
1421 4.234561796024481e-05 -1.082266653713772e-06 0
1422 4.343545342989597e-05 -1.173794697222267e-06 0
1423 4.299282373779853e-05 -6.990289842950558e-07 0
1424 4.296191998735994e-05 -2.394162738241677e-07 0
1425 4.989845047330983e-05 -1.866676278928906e-07 0
1426 4.229377472038815e-05 -4.007830805786278e-07 0
1427 4.559346431989825e-05 -1.127136295251921e-06 0
1428 4.602998111300004e-05 -6.244657368187981e-07 0
1429 4.576737683497079e-05 -2.658561709668338e-07 0
1430 4.472526970446634e-05 -1.249862969914281e-06 0
1431 4.435310265846541e-05 -6.670364137767959e-07 0
1432 4.377177619766959e-05 -4.235679610870175e-07 0
1433 4.426705207301381e-05 -2.532393932104967e-07 0
1434 4.365483597675454e-05 -1.445823927648466e-07 0
1435 5.888055954400696e-05 -7.95693664318103e-08 0
1436 5.204129335209901e-05 -2.429335524327752e-07 0
1437 4.556842565058596e-05 -5.362358417883184e-07 0
1438 4.50868186721392e-05 -4.658186972682444e-07 0
$EndNodes
$Elements
2925
1 1 2 6 1 6 11
2 1 2 6 1 11 12
3 1 2 6 1 12 13
4 1 2 6 1 13 14
5 1 2 6 1 14 15
6 1 2 6 1 15 16
7 1 2 6 1 16 17
8 1 2 6 1 17 18
9 1 2 6 1 18 19
10 1 2 6 1 19 20
11 1 2 6 1 20 21
12 1 2 6 1 21 22
13 1 2 6 1 22 23
14 1 2 6 1 23 24
15 1 2 6 1 24 25
16 1 2 6 1 25 26
17 1 2 6 1 26 27
18 1 2 6 1 27 28
19 1 2 6 1 28 29
20 1 2 6 1 29 30
21 1 2 6 1 30 31
22 1 2 6 1 31 32
23 1 2 6 1 32 33
24 1 2 6 1 33 34
25 1 2 6 1 34 35
26 1 2 6 1 35 36
27 1 2 6 1 36 37
28 1 2 6 1 37 38
29 1 2 6 1 38 39
30 1 2 6 1 39 40
31 1 2 6 1 40 41
32 1 2 6 1 41 42
33 1 2 6 1 42 43
34 1 2 6 1 43 44
35 1 2 6 1 44 45
36 1 2 6 1 45 46
37 1 2 6 1 46 47
38 1 2 6 1 47 48
39 1 2 6 1 48 49
40 1 2 6 1 49 50
41 1 2 6 1 50 51
42 1 2 6 1 51 52
43 1 2 6 1 52 53
44 1 2 6 1 53 54
45 1 2 6 1 54 55
46 1 2 6 1 55 56
47 1 2 6 1 56 57
48 1 2 6 1 57 58
49 1 2 6 1 58 59
50 1 2 6 1 59 5
51 1 2 5 3 4 78
52 1 2 5 3 78 79
53 1 2 5 3 79 80
54 1 2 5 3 80 81
55 1 2 5 3 81 82
56 1 2 5 3 82 83
57 1 2 5 3 83 84
58 1 2 5 3 84 85
59 1 2 5 3 85 86
60 1 2 5 3 86 87
61 1 2 5 3 87 88
62 1 2 5 3 88 89
63 1 2 5 3 89 90
64 1 2 5 3 90 91
65 1 2 5 3 91 92
66 1 2 5 3 92 93
67 1 2 5 3 93 94
68 1 2 5 3 94 95
69 1 2 5 3 95 96
70 1 2 5 3 96 3
71 1 2 3 4 3 97
72 1 2 3 4 97 98
73 1 2 3 4 98 99
74 1 2 3 4 99 100
75 1 2 3 4 100 101
76 1 2 3 4 101 102
77 1 2 3 4 102 103
78 1 2 3 4 103 104
79 1 2 3 4 104 105
80 1 2 3 4 105 106
81 1 2 3 4 106 107
82 1 2 3 4 107 108
83 1 2 3 4 108 109
84 1 2 3 4 109 110
85 1 2 3 4 110 111
86 1 2 3 4 111 112
87 1 2 3 4 112 113
88 1 2 3 4 113 114
89 1 2 3 4 114 115
90 1 2 3 4 115 116
91 1 2 3 4 116 117
92 1 2 3 4 117 118
93 1 2 3 4 118 119
94 1 2 3 4 119 120
95 1 2 3 4 120 121
96 1 2 3 4 121 122
97 1 2 3 4 122 123
98 1 2 3 4 123 124
99 1 2 3 4 124 125
100 1 2 3 4 125 126
101 1 2 3 4 126 127
102 1 2 3 4 127 128
103 1 2 3 4 128 129
104 1 2 3 4 129 130
105 1 2 3 4 130 131
106 1 2 3 4 131 132
107 1 2 3 4 132 133
108 1 2 3 4 133 134
109 1 2 3 4 134 135
110 1 2 3 4 135 136
111 1 2 3 4 136 137
112 1 2 3 4 137 138
113 1 2 3 4 138 139
114 1 2 3 4 139 140
115 1 2 3 4 140 141
116 1 2 3 4 141 142
117 1 2 3 4 142 143
118 1 2 3 4 143 144
119 1 2 3 4 144 145
120 1 2 3 4 145 146
121 1 2 3 4 146 147
122 1 2 3 4 147 148
123 1 2 3 4 148 149
124 1 2 3 4 149 150
125 1 2 3 4 150 151
126 1 2 3 4 151 152
127 1 2 3 4 152 153
128 1 2 3 4 153 154
129 1 2 3 4 154 155
130 1 2 3 4 155 156
131 1 2 3 4 156 157
132 1 2 3 4 157 158
133 1 2 3 4 158 159
134 1 2 3 4 159 160
135 1 2 3 4 160 161
136 1 2 3 4 161 162
137 1 2 3 4 162 163
138 1 2 3 4 163 164
139 1 2 3 4 164 165
140 1 2 3 4 165 166
141 1 2 3 4 166 167
142 1 2 3 4 167 168
143 1 2 3 4 168 169
144 1 2 3 4 169 170
145 1 2 3 4 170 171
146 1 2 3 4 171 172
147 1 2 3 4 172 173
148 1 2 3 4 173 174
149 1 2 3 4 174 175
150 1 2 3 4 175 176
151 1 2 3 4 176 177
152 1 2 3 4 177 178
153 1 2 3 4 178 179
154 1 2 3 4 179 180
155 1 2 3 4 180 181
156 1 2 3 4 181 182
157 1 2 3 4 182 183
158 1 2 3 4 183 184
159 1 2 3 4 184 185
160 1 2 3 4 185 186
161 1 2 3 4 186 2
162 1 2 4 5 2 187
163 1 2 4 5 187 188
164 1 2 4 5 188 189
165 1 2 4 5 189 190
166 1 2 4 5 190 191
167 1 2 4 5 191 192
168 1 2 4 5 192 193
169 1 2 4 5 193 194
170 1 2 4 5 194 195
171 1 2 4 5 195 196
172 1 2 4 5 196 197
173 1 2 4 5 197 198
174 1 2 4 5 198 199
175 1 2 4 5 199 200
176 1 2 4 5 200 201
177 1 2 4 5 201 202
178 1 2 4 5 202 203
179 1 2 4 5 203 204
180 1 2 4 5 204 205
181 1 2 4 5 205 1
182 1 2 2 11 9 228
183 1 2 2 11 228 229
184 1 2 2 11 229 230
185 1 2 2 11 230 231
186 1 2 2 11 231 232
187 1 2 2 11 232 233
188 1 2 2 11 233 234
189 1 2 2 11 234 235
190 1 2 2 11 235 236
191 1 2 2 11 236 10
192 1 2 1 13 7 241
193 1 2 1 13 241 242
194 1 2 1 13 242 243
195 1 2 1 13 243 8
196 2 2 9 8 649 857 751
197 2 2 9 8 381 737 591
198 2 2 9 8 419 828 463
199 2 2 9 8 520 1185 935
200 2 2 9 8 507 965 714
201 2 2 9 8 340 885 740
202 2 2 9 8 591 969 962
203 2 2 9 8 287 998 805
204 2 2 9 8 808 1013 807
205 2 2 9 8 431 1025 790
206 2 2 9 8 1109 1119 1108
207 2 2 9 8 857 858 751
208 2 2 9 8 384 763 762
209 2 2 9 8 826 1118 875
210 2 2 9 8 617 1170 721
211 2 2 9 8 688 1150 223
212 2 2 9 8 634 811 447
213 2 2 9 8 875 1118 636
214 2 2 9 8 935 1185 936
215 2 2 9 8 710 1162 1004
216 2 2 9 8 1115 1116 517
217 2 2 9 8 562 1029 940
218 2 2 9 8 400 1071 553
219 2 2 9 8 296 695 582
220 2 2 9 8 322 1054 984
221 2 2 9 8 1008 1127 855
222 2 2 9 8 894 1059 694
223 2 2 9 8 779 1001 997
224 2 2 9 8 1178 1213 654
225 2 2 9 8 909 1249 797
226 2 2 9 8 625 1143 1067
227 2 2 9 8 141 244 140
228 2 2 9 8 463 828 654
229 2 2 9 8 779 1233 1001
230 2 2 9 8 654 1213 655
231 2 2 9 8 545 1116 720
232 2 2 9 8 794 795 729
233 2 2 9 8 752 940 472
234 2 2 9 8 617 721 554
235 2 2 9 8 1022 1094 1015
236 2 2 9 8 823 1262 441
237 2 2 9 8 754 826 548
238 2 2 9 8 436 1077 798
239 2 2 9 8 818 1169 598
240 2 2 9 8 340 740 342
241 2 2 9 8 260 715 596
242 2 2 9 8 248 630 115
243 2 2 9 8 999 1227 543
244 2 2 9 8 940 1029 941
245 2 2 9 8 810 1071 400
246 2 2 9 8 1073 1097 1072
247 2 2 9 8 822 1020 821
248 2 2 9 8 259 1102 844
249 2 2 9 8 2 254 186
250 2 2 9 8 935 1310 520
251 2 2 9 8 291 1137 112
252 2 2 9 8 472 939 752
253 2 2 9 8 107 1181 106
254 2 2 9 8 1004 1162 701
255 2 2 9 8 384 762 379
256 2 2 9 8 367 1244 977
257 2 2 9 8 728 1040 1023
258 2 2 9 8 136 289 135
259 2 2 9 8 155 793 154
260 2 2 9 8 807 1013 806
261 2 2 9 8 634 1250 985
262 2 2 9 8 151 247 150
263 2 2 9 8 784 877 383
264 2 2 9 8 647 807 642
265 2 2 9 8 589 839 590
266 2 2 9 8 856 857 649
267 2 2 9 8 759 838 589
268 2 2 9 8 777 976 798
269 2 2 9 8 577 1003 579
270 2 2 9 8 64 998 287
271 2 2 9 8 647 808 807
272 2 2 9 8 451 823 441
273 2 2 9 8 172 1136 285
274 2 2 9 8 695 801 582
275 2 2 9 8 447 811 385
276 2 2 9 8 755 1146 249
277 2 2 9 8 516 1128 709
278 2 2 9 8 844 1041 259
279 2 2 9 8 511 1223 514
280 2 2 9 8 851 1179 702
281 2 2 9 8 322 1124 1054
282 2 2 9 8 802 812 282
283 2 2 9 8 820 1062 557
284 2 2 9 8 353 939 351
285 2 2 9 8 753 847 846
286 2 2 9 8 594 672 297
287 2 2 9 8 260 594 176
288 2 2 9 8 169 755 168
289 2 2 9 8 60 1207 687
290 2 2 9 8 257 1019 852
291 2 2 9 8 130 756 129
292 2 2 9 8 541 723 490
293 2 2 9 8 733 873 713
294 2 2 9 8 482 755 169
295 2 2 9 8 160 757 159
296 2 2 9 8 394 756 130
297 2 2 9 8 159 757 714
298 2 2 9 8 68 797 796
299 2 2 9 8 622 1141 896
300 2 2 9 8 257 852 848
301 2 2 9 8 798 976 410
302 2 2 9 8 220 747 288
303 2 2 9 8 1107 1245 878
304 2 2 9 8 417 1000 782
305 2 2 9 8 207 964 206
306 2 2 9 8 790 1120 431
307 2 2 9 8 743 1198 1176
308 2 2 9 8 541 1260 723
309 2 2 9 8 826 898 548
310 2 2 9 8 702 1175 851
311 2 2 9 8 128 612 283
312 2 2 9 8 113 630 291
313 2 2 9 8 381 1137 737
314 2 2 9 8 1176 1198 744
315 2 2 9 8 1016 1265 1155
316 2 2 9 8 749 1315 320
317 2 2 9 8 1065 1300 846
318 2 2 9 8 383 884 784
319 2 2 9 8 413 1268 1202
320 2 2 9 8 106 1181 295
321 2 2 9 8 632 1223 511
322 2 2 9 8 288 820 809
323 2 2 9 8 351 939 472
324 2 2 9 8 870 878 364
325 2 2 9 8 513 1128 516
326 2 2 9 8 716 1151 1005
327 2 2 9 8 826 875 430
328 2 2 9 8 440 1107 442
329 2 2 9 8 754 1118 826
330 2 2 9 8 730 1133 874
331 2 2 9 8 720 1116 1115
332 2 2 9 8 420 828 419
333 2 2 9 8 483 1288 484
334 2 2 9 8 475 815 735
335 2 2 9 8 126 499 125
336 2 2 9 8 285 1146 171
337 2 2 9 8 410 1114 791
338 2 2 9 8 443 753 327
339 2 2 9 8 729 961 794
340 2 2 9 8 711 1227 999
341 2 2 9 8 375 1194 1084
342 2 2 9 8 287 800 63
343 2 2 9 8 476 1091 143
344 2 2 9 8 548 825 754
345 2 2 9 8 641 1189 639
346 2 2 9 8 740 1063 475
347 2 2 9 8 471 749 323
348 2 2 9 8 1104 1235 70
349 2 2 9 8 897 1089 434
350 2 2 9 8 548 898 314
351 2 2 9 8 855 1127 854
352 2 2 9 8 1066 1223 958
353 2 2 9 8 724 1285 844
354 2 2 9 8 839 1030 590
355 2 2 9 8 1084 1194 731
356 2 2 9 8 554 721 647
357 2 2 9 8 349 941 345
358 2 2 9 8 801 1279 584
359 2 2 9 8 715 818 596
360 2 2 9 8 288 809 219
361 2 2 9 8 964 1236 206
362 2 2 9 8 444 739 318
363 2 2 9 8 797 1249 796
364 2 2 9 8 544 1245 1107
365 2 2 9 8 740 1064 1063
366 2 2 9 8 61 806 60
367 2 2 9 8 846 1300 753
368 2 2 9 8 1019 1120 852
369 2 2 9 8 67 796 270
370 2 2 9 8 296 580 147
371 2 2 9 8 876 1083 302
372 2 2 9 8 530 1201 531
373 2 2 9 8 753 1300 325
374 2 2 9 8 525 617 554
375 2 2 9 8 1110 1118 1043
376 2 2 9 8 909 1131 907
377 2 2 9 8 389 735 391
378 2 2 9 8 791 1228 410
379 2 2 9 8 268 1318 901
380 2 2 9 8 180 292 179
381 2 2 9 8 1191 1269 1174
382 2 2 9 8 782 1134 417
383 2 2 9 8 318 739 316
384 2 2 9 8 547 1020 822
385 2 2 9 8 456 1192 483
386 2 2 9 8 945 1117 866
387 2 2 9 8 615 1132 1068
388 2 2 9 8 739 1274 316
389 2 2 9 8 814 881 671
390 2 2 9 8 488 741 525
391 2 2 9 8 689 1332 628
392 2 2 9 8 918 1182 744
393 2 2 9 8 62 800 428
394 2 2 9 8 445 460 456
395 2 2 9 8 304 876 302
396 2 2 9 8 796 883 270
397 2 2 9 8 96 1081 262
398 2 2 9 8 465 1116 545
399 2 2 9 8 1202 1268 717
400 2 2 9 8 805 1006 287
401 2 2 9 8 323 749 320
402 2 2 9 8 857 888 858
403 2 2 9 8 494 1094 1022
404 2 2 9 8 795 882 729
405 2 2 9 8 262 1269 1191
406 2 2 9 8 531 1278 530
407 2 2 9 8 1059 1067 694
408 2 2 9 8 514 1223 1066
409 2 2 9 8 253 476 143
410 2 2 9 8 117 716 248
411 2 2 9 8 118 1151 716
412 2 2 9 8 634 988 811
413 2 2 9 8 346 1029 371
414 2 2 9 8 736 1285 724
415 2 2 9 8 460 1126 456
416 2 2 9 8 327 753 325
417 2 2 9 8 627 643 541
418 2 2 9 8 546 1189 641
419 2 2 9 8 1066 1184 1128
420 2 2 9 8 387 475 389
421 2 2 9 8 723 724 493
422 2 2 9 8 1025 1122 790
423 2 2 9 8 538 1079 785
424 2 2 9 8 723 736 724
425 2 2 9 8 516 1185 520
426 2 2 9 8 458 787 487
427 2 2 9 8 1067 1143 694
428 2 2 9 8 909 1290 660
429 2 2 9 8 279 822 214
430 2 2 9 8 428 806 61
431 2 2 9 8 1128 1184 709
432 2 2 9 8 1073 1153 1097
433 2 2 9 8 519 1007 903
434 2 2 9 8 820 1123 1062
435 2 2 9 8 277 1049 900
436 2 2 9 8 735 1246 391
437 2 2 9 8 220 288 219
438 2 2 9 8 741 746 617
439 2 2 9 8 745 1026 956
440 2 2 9 8 544 1107 440
441 2 2 9 8 475 735 389
442 2 2 9 8 648 649 529
443 2 2 9 8 579 1003 704
444 2 2 9 8 422 1265 1016
445 2 2 9 8 784 1222 814
446 2 2 9 8 391 445 409
447 2 2 9 8 860 1265 919
448 2 2 9 8 836 1239 973
449 2 2 9 8 850 1154 551
450 2 2 9 8 490 723 493
451 2 2 9 8 810 1267 552
452 2 2 9 8 406 983 968
453 2 2 9 8 710 1004 503
454 2 2 9 8 312 1059 894
455 2 2 9 8 977 1088 682
456 2 2 9 8 744 1198 918
457 2 2 9 8 1054 1124 761
458 2 2 9 8 644 843 813
459 2 2 9 8 848 852 769
460 2 2 9 8 68 796 67
461 2 2 9 8 249 1146 1074
462 2 2 9 8 463 464 447
463 2 2 9 8 155 974 793
464 2 2 9 8 175 594 297
465 2 2 9 8 274 564 100
466 2 2 9 8 840 1238 279
467 2 2 9 8 793 974 792
468 2 2 9 8 456 1126 732
469 2 2 9 8 806 1207 60
470 2 2 9 8 342 740 387
471 2 2 9 8 490 493 451
472 2 2 9 8 281 862 856
473 2 2 9 8 1177 1178 828
474 2 2 9 8 716 831 248
475 2 2 9 8 843 1197 738
476 2 2 9 8 445 456 409
477 2 2 9 8 837 911 412
478 2 2 9 8 782 848 769
479 2 2 9 8 320 444 318
480 2 2 9 8 973 1239 655
481 2 2 9 8 64 287 63
482 2 2 9 8 1088 1244 332
483 2 2 9 8 903 1214 519
484 2 2 9 8 884 1222 784
485 2 2 9 8 882 980 446
486 2 2 9 8 1068 1132 906
487 2 2 9 8 787 1180 487
488 2 2 9 8 732 1192 456
489 2 2 9 8 479 788 787
490 2 2 9 8 284 1303 792
491 2 2 9 8 582 801 584
492 2 2 9 8 977 1244 1088
493 2 2 9 8 538 719 718
494 2 2 9 8 256 995 879
495 2 2 9 8 497 1307 1293
496 2 2 9 8 788 790 789
497 2 2 9 8 644 813 586
498 2 2 9 8 870 1061 869
499 2 2 9 8 450 871 478
500 2 2 9 8 647 1188 808
501 2 2 9 8 469 495 468
502 2 2 9 8 222 804 429
503 2 2 9 8 786 1078 925
504 2 2 9 8 724 726 725
505 2 2 9 8 817 886 670
506 2 2 9 8 482 1146 755
507 2 2 9 8 1023 1157 728
508 2 2 9 8 798 979 777
509 2 2 9 8 325 471 323
510 2 2 9 8 445 461 460
511 2 2 9 8 472 941 349
512 2 2 9 8 858 888 861
513 2 2 9 8 746 824 617
514 2 2 9 8 455 468 454
515 2 2 9 8 63 800 62
516 2 2 9 8 554 647 642
517 2 2 9 8 423 479 458
518 2 2 9 8 871 1107 878
519 2 2 9 8 667 814 671
520 2 2 9 8 419 463 447
521 2 2 9 8 744 1177 480
522 2 2 9 8 488 1295 741
523 2 2 9 8 701 1105 1004
524 2 2 9 8 824 1170 617
525 2 2 9 8 767 782 769
526 2 2 9 8 364 1061 870
527 2 2 9 8 377 1272 869
528 2 2 9 8 419 447 385
529 2 2 9 8 896 1141 839
530 2 2 9 8 1079 1291 523
531 2 2 9 8 215 279 214
532 2 2 9 8 384 764 763
533 2 2 9 8 487 1180 742
534 2 2 9 8 542 627 541
535 2 2 9 8 461 759 589
536 2 2 9 8 379 762 423
537 2 2 9 8 316 548 314
538 2 2 9 8 555 869 868
539 2 2 9 8 598 1169 601
540 2 2 9 8 275 1170 1048
541 2 2 9 8 69 1258 68
542 2 2 9 8 788 789 787
543 2 2 9 8 628 1332 627
544 2 2 9 8 819 1090 556
545 2 2 9 8 222 429 221
546 2 2 9 8 1009 1188 647
547 2 2 9 8 866 954 945
548 2 2 9 8 133 697 250
549 2 2 9 8 287 1167 800
550 2 2 9 8 416 829 190
551 2 2 9 8 279 991 840
552 2 2 9 8 95 413 94
553 2 2 9 8 1007 1099 951
554 2 2 9 8 782 1000 848
555 2 2 9 8 62 428 61
556 2 2 9 8 552 1071 810
557 2 2 9 8 213 822 821
558 2 2 9 8 629 1263 842
559 2 2 9 8 988 1018 811
560 2 2 9 8 282 1229 802
561 2 2 9 8 385 811 347
562 2 2 9 8 941 1028 345
563 2 2 9 8 646 1226 893
564 2 2 9 8 986 1250 1135
565 2 2 9 8 479 787 458
566 2 2 9 8 844 1102 726
567 2 2 9 8 555 868 532
568 2 2 9 8 720 1282 545
569 2 2 9 8 811 1018 344
570 2 2 9 8 780 1233 779
571 2 2 9 8 670 1312 817
572 2 2 9 8 802 1160 812
573 2 2 9 8 491 541 490
574 2 2 9 8 444 892 739
575 2 2 9 8 874 1133 395
576 2 2 9 8 525 554 536
577 2 2 9 8 747 819 288
578 2 2 9 8 412 910 837
579 2 2 9 8 221 1224 220
580 2 2 9 8 653 1269 546
581 2 2 9 8 795 980 882
582 2 2 9 8 764 765 763
583 2 2 9 8 911 915 913
584 2 2 9 8 985 987 634
585 2 2 9 8 436 798 404
586 2 2 9 8 616 845 552
587 2 2 9 8 983 1275 968
588 2 2 9 8 925 1296 786
589 2 2 9 8 765 767 766
590 2 2 9 8 516 520 518
591 2 2 9 8 732 1127 1008
592 2 2 9 8 455 469 468
593 2 2 9 8 919 1033 860
594 2 2 9 8 877 939 383
595 2 2 9 8 426 888 862
596 2 2 9 8 521 1079 538
597 2 2 9 8 506 978 182
598 2 2 9 8 383 939 353
599 2 2 9 8 734 1225 1209
600 2 2 9 8 329 443 327
601 2 2 9 8 616 846 845
602 2 2 9 8 373 783 384
603 2 2 9 8 724 844 726
604 2 2 9 8 337 1286 340
605 2 2 9 8 395 1133 885
606 2 2 9 8 468 480 454
607 2 2 9 8 588 644 586
608 2 2 9 8 454 828 420
609 2 2 9 8 866 1117 867
610 2 2 9 8 916 918 914
611 2 2 9 8 741 1255 746
612 2 2 9 8 220 1224 747
613 2 2 9 8 70 280 69
614 2 2 9 8 783 1228 791
615 2 2 9 8 93 832 263
616 2 2 9 8 558 886 817
617 2 2 9 8 519 1214 510
618 2 2 9 8 636 1118 1110
619 2 2 9 8 218 809 272
620 2 2 9 8 843 1253 813
621 2 2 9 8 596 818 598
622 2 2 9 8 726 728 727
623 2 2 9 8 480 1176 744
624 2 2 9 8 557 1231 820
625 2 2 9 8 970 1142 738
626 2 2 9 8 728 1102 1040
627 2 2 9 8 713 1298 1204
628 2 2 9 8 648 856 649
629 2 2 9 8 804 841 429
630 2 2 9 8 919 1265 422
631 2 2 9 8 214 822 213
632 2 2 9 8 464 1250 634
633 2 2 9 8 1209 1225 1003
634 2 2 9 8 660 1249 909
635 2 2 9 8 284 792 156
636 2 2 9 8 525 741 617
637 2 2 9 8 413 832 94
638 2 2 9 8 373 384 379
639 2 2 9 8 751 863 750
640 2 2 9 8 430 876 304
641 2 2 9 8 836 973 837
642 2 2 9 8 480 1177 828
643 2 2 9 8 637 1095 1076
644 2 2 9 8 815 972 735
645 2 2 9 8 767 769 766
646 2 2 9 8 637 1072 301
647 2 2 9 8 765 766 763
648 2 2 9 8 270 827 66
649 2 2 9 8 67 270 66
650 2 2 9 8 90 912 89
651 2 2 9 8 148 695 296
652 2 2 9 8 901 1203 268
653 2 2 9 8 578 1058 576
654 2 2 9 8 443 1225 753
655 2 2 9 8 900 1049 901
656 2 2 9 8 638 1247 1109
657 2 2 9 8 1135 1250 531
658 2 2 9 8 423 762 479
659 2 2 9 8 797 1131 909
660 2 2 9 8 555 870 869
661 2 2 9 8 543 1086 999
662 2 2 9 8 768 771 767
663 2 2 9 8 430 898 826
664 2 2 9 8 635 876 875
665 2 2 9 8 869 1272 868
666 2 2 9 8 667 671 670
667 2 2 9 8 771 782 767
668 2 2 9 8 1058 1204 576
669 2 2 9 8 856 862 857
670 2 2 9 8 223 1150 804
671 2 2 9 8 219 809 218
672 2 2 9 8 987 988 634
673 2 2 9 8 68 1258 797
674 2 2 9 8 299 1095 637
675 2 2 9 8 474 896 838
676 2 2 9 8 387 740 475
677 2 2 9 8 719 1251 718
678 2 2 9 8 800 1167 708
679 2 2 9 8 1255 1295 742
680 2 2 9 8 901 1318 1055
681 2 2 9 8 340 1286 885
682 2 2 9 8 635 1085 876
683 2 2 9 8 1109 1247 620
684 2 2 9 8 404 410 402
685 2 2 9 8 189 255 188
686 2 2 9 8 92 910 91
687 2 2 9 8 1005 1151 382
688 2 2 9 8 551 1105 850
689 2 2 9 8 940 941 472
690 2 2 9 8 366 372 368
691 2 2 9 8 373 1324 783
692 2 2 9 8 718 1251 802
693 2 2 9 8 387 389 388
694 2 2 9 8 492 988 987
695 2 2 9 8 177 715 260
696 2 2 9 8 484 1288 510
697 2 2 9 8 514 1248 511
698 2 2 9 8 724 725 493
699 2 2 9 8 189 829 255
700 2 2 9 8 362 366 363
701 2 2 9 8 559 1273 972
702 2 2 9 8 584 1279 626
703 2 2 9 8 1285 1318 1052
704 2 2 9 8 763 905 762
705 2 2 9 8 858 859 751
706 2 2 9 8 292 715 179
707 2 2 9 8 911 913 912
708 2 2 9 8 108 591 264
709 2 2 9 8 356 358 357
710 2 2 9 8 1061 1190 869
711 2 2 9 8 354 356 355
712 2 2 9 8 358 360 359
713 2 2 9 8 456 483 457
714 2 2 9 8 360 362 361
715 2 2 9 8 1009 1172 276
716 2 2 9 8 404 798 410
717 2 2 9 8 366 368 363
718 2 2 9 8 996 1212 1096
719 2 2 9 8 464 634 447
720 2 2 9 8 913 916 914
721 2 2 9 8 669 998 827
722 2 2 9 8 851 1175 396
723 2 2 9 8 213 821 212
724 2 2 9 8 254 1109 1108
725 2 2 9 8 371 1029 562
726 2 2 9 8 853 981 255
727 2 2 9 8 362 363 361
728 2 2 9 8 386 419 385
729 2 2 9 8 665 814 667
730 2 2 9 8 856 1206 281
731 2 2 9 8 775 879 772
732 2 2 9 8 871 878 870
733 2 2 9 8 360 361 359
734 2 2 9 8 726 727 725
735 2 2 9 8 478 871 555
736 2 2 9 8 722 1272 872
737 2 2 9 8 627 900 643
738 2 2 9 8 783 1324 1228
739 2 2 9 8 389 391 390
740 2 2 9 8 358 359 357
741 2 2 9 8 637 1073 1072
742 2 2 9 8 95 1268 413
743 2 2 9 8 612 1145 283
744 2 2 9 8 452 455 454
745 2 2 9 8 1058 1174 653
746 2 2 9 8 391 1246 445
747 2 2 9 8 745 1093 1026
748 2 2 9 8 467 490 451
749 2 2 9 8 450 1107 871
750 2 2 9 8 721 1009 647
751 2 2 9 8 784 814 665
752 2 2 9 8 788 975 790
753 2 2 9 8 930 1078 785
754 2 2 9 8 872 1084 722
755 2 2 9 8 279 1217 822
756 2 2 9 8 356 357 355
757 2 2 9 8 452 454 420
758 2 2 9 8 481 1054 761
759 2 2 9 8 120 1152 119
760 2 2 9 8 741 1295 1255
761 2 2 9 8 391 409 392
762 2 2 9 8 667 670 668
763 2 2 9 8 800 1069 428
764 2 2 9 8 408 691 506
765 2 2 9 8 862 888 857
766 2 2 9 8 434 1221 897
767 2 2 9 8 252 1152 120
768 2 2 9 8 745 1129 743
769 2 2 9 8 1015 1094 425
770 2 2 9 8 471 1314 749
771 2 2 9 8 247 801 695
772 2 2 9 8 875 876 430
773 2 2 9 8 892 1226 587
774 2 2 9 8 774 775 772
775 2 2 9 8 628 690 689
776 2 2 9 8 752 877 661
777 2 2 9 8 342 387 365
778 2 2 9 8 347 811 344
779 2 2 9 8 644 1197 843
780 2 2 9 8 804 897 841
781 2 2 9 8 306 898 430
782 2 2 9 8 555 871 870
783 2 2 9 8 532 868 534
784 2 2 9 8 832 833 263
785 2 2 9 8 838 839 589
786 2 2 9 8 765 768 767
787 2 2 9 8 283 499 127
788 2 2 9 8 876 1085 1083
789 2 2 9 8 807 1069 642
790 2 2 9 8 212 821 282
791 2 2 9 8 65 998 64
792 2 2 9 8 519 1008 1007
793 2 2 9 8 778 779 776
794 2 2 9 8 996 1096 418
795 2 2 9 8 492 1088 332
796 2 2 9 8 709 1185 516
797 2 2 9 8 785 1079 930
798 2 2 9 8 376 385 347
799 2 2 9 8 828 1178 654
800 2 2 9 8 752 939 877
801 2 2 9 8 855 1099 1007
802 2 2 9 8 1137 1163 737
803 2 2 9 8 291 1163 1137
804 2 2 9 8 984 1054 618
805 2 2 9 8 534 868 722
806 2 2 9 8 488 525 524
807 2 2 9 8 405 436 404
808 2 2 9 8 1181 1276 295
809 2 2 9 8 375 872 352
810 2 2 9 8 397 999 393
811 2 2 9 8 412 912 90
812 2 2 9 8 89 912 265
813 2 2 9 8 845 1071 552
814 2 2 9 8 91 910 412
815 2 2 9 8 902 904 632
816 2 2 9 8 785 1078 786
817 2 2 9 8 713 1204 733
818 2 2 9 8 838 896 839
819 2 2 9 8 427 1024 961
820 2 2 9 8 401 402 372
821 2 2 9 8 1004 1105 551
822 2 2 9 8 468 1176 480
823 2 2 9 8 514 1128 513
824 2 2 9 8 577 1209 1003
825 2 2 9 8 97 546 3
826 2 2 9 8 530 1239 1201
827 2 2 9 8 874 1304 730
828 2 2 9 8 212 282 211
829 2 2 9 8 827 998 65
830 2 2 9 8 768 772 771
831 2 2 9 8 558 1006 886
832 2 2 9 8 605 1119 1109
833 2 2 9 8 827 1060 669
834 2 2 9 8 509 1303 284
835 2 2 9 8 728 729 727
836 2 2 9 8 841 1199 690
837 2 2 9 8 218 272 217
838 2 2 9 8 661 877 663
839 2 2 9 8 354 355 353
840 2 2 9 8 446 980 437
841 2 2 9 8 665 667 666
842 2 2 9 8 1026 1117 955
843 2 2 9 8 101 274 100
844 2 2 9 8 987 1088 492
845 2 2 9 8 976 1114 410
846 2 2 9 8 403 404 402
847 2 2 9 8 614 648 529
848 2 2 9 8 458 487 459
849 2 2 9 8 542 628 627
850 2 2 9 8 263 910 92
851 2 2 9 8 747 1263 819
852 2 2 9 8 911 973 915
853 2 2 9 8 439 446 437
854 2 2 9 8 70 1235 280
855 2 2 9 8 630 748 291
856 2 2 9 8 491 542 541
857 2 2 9 8 907 1131 1068
858 2 2 9 8 216 991 215
859 2 2 9 8 495 1216 468
860 2 2 9 8 772 879 771
861 2 2 9 8 743 1216 745
862 2 2 9 8 809 1017 272
863 2 2 9 8 930 1079 523
864 2 2 9 8 637 1074 1073
865 2 2 9 8 428 807 806
866 2 2 9 8 534 722 707
867 2 2 9 8 869 1190 377
868 2 2 9 8 769 852 770
869 2 2 9 8 765 989 768
870 2 2 9 8 1048 1170 824
871 2 2 9 8 588 645 644
872 2 2 9 8 768 989 773
873 2 2 9 8 528 529 496
874 2 2 9 8 523 1240 930
875 2 2 9 8 493 823 451
876 2 2 9 8 423 458 424
877 2 2 9 8 671 1022 1015
878 2 2 9 8 900 901 643
879 2 2 9 8 1072 1097 411
880 2 2 9 8 749 1314 994
881 2 2 9 8 442 1107 450
882 2 2 9 8 1026 1093 867
883 2 2 9 8 672 1136 297
884 2 2 9 8 72 849 71
885 2 2 9 8 894 1195 312
886 2 2 9 8 414 1014 1011
887 2 2 9 8 590 1127 1126
888 2 2 9 8 452 906 455
889 2 2 9 8 587 1319 892
890 2 2 9 8 513 1248 514
891 2 2 9 8 66 827 65
892 2 2 9 8 352 872 354
893 2 2 9 8 1041 1285 432
894 2 2 9 8 774 776 775
895 2 2 9 8 995 1134 879
896 2 2 9 8 1108 1119 799
897 2 2 9 8 733 1204 1058
898 2 2 9 8 742 1295 487
899 2 2 9 8 613 1154 893
900 2 2 9 8 663 784 665
901 2 2 9 8 1125 1145 1047
902 2 2 9 8 1010 1170 275
903 2 2 9 8 842 1164 629
904 2 2 9 8 554 642 536
905 2 2 9 8 255 981 188
906 2 2 9 8 794 1101 780
907 2 2 9 8 911 912 412
908 2 2 9 8 480 828 454
909 2 2 9 8 690 1173 689
910 2 2 9 8 779 1096 776
911 2 2 9 8 510 1323 484
912 2 2 9 8 527 1054 481
913 2 2 9 8 915 916 913
914 2 2 9 8 448 451 441
915 2 2 9 8 690 1164 841
916 2 2 9 8 191 416 190
917 2 2 9 8 478 555 532
918 2 2 9 8 190 829 189
919 2 2 9 8 410 1228 402
920 2 2 9 8 778 780 779
921 2 2 9 8 379 423 380
922 2 2 9 8 191 889 416
923 2 2 9 8 728 1157 729
924 2 2 9 8 314 898 308
925 2 2 9 8 521 538 522
926 2 2 9 8 281 1140 862
927 2 2 9 8 1216 1317 745
928 2 2 9 8 538 718 539
929 2 2 9 8 908 1159 656
930 2 2 9 8 591 737 592
931 2 2 9 8 783 791 764
932 2 2 9 8 308 898 306
933 2 2 9 8 386 420 419
934 2 2 9 8 368 1324 373
935 2 2 9 8 663 877 784
936 2 2 9 8 655 1239 530
937 2 2 9 8 916 1182 918
938 2 2 9 8 366 401 372
939 2 2 9 8 1148 1153 1147
940 2 2 9 8 858 860 859
941 2 2 9 8 859 863 751
942 2 2 9 8 883 938 270
943 2 2 9 8 1074 1076 249
944 2 2 9 8 373 379 374
945 2 2 9 8 717 1191 675
946 2 2 9 8 94 832 93
947 2 2 9 8 546 1269 1081
948 2 2 9 8 118 1152 1151
949 2 2 9 8 260 595 594
950 2 2 9 8 590 1289 1127
951 2 2 9 8 495 1317 1216
952 2 2 9 8 376 386 385
953 2 2 9 8 881 1022 671
954 2 2 9 8 897 1150 1089
955 2 2 9 8 873 1181 593
956 2 2 9 8 341 1028 339
957 2 2 9 8 534 707 535
958 2 2 9 8 908 1290 909
959 2 2 9 8 893 1154 646
960 2 2 9 8 589 1321 461
961 2 2 9 8 352 354 353
962 2 2 9 8 467 491 490
963 2 2 9 8 667 668 666
964 2 2 9 8 483 484 457
965 2 2 9 8 956 1129 745
966 2 2 9 8 655 1252 654
967 2 2 9 8 530 1252 655
968 2 2 9 8 746 1320 824
969 2 2 9 8 354 377 356
970 2 2 9 8 456 457 409
971 2 2 9 8 399 1005 382
972 2 2 9 8 616 1065 846
973 2 2 9 8 1048 1320 1056
974 2 2 9 8 73 281 72
975 2 2 9 8 368 373 369
976 2 2 9 8 387 388 365
977 2 2 9 8 503 1004 505
978 2 2 9 8 717 1215 1191
979 2 2 9 8 405 437 436
980 2 2 9 8 837 973 911
981 2 2 9 8 188 981 187
982 2 2 9 8 580 1139 253
983 2 2 9 8 802 1229 718
984 2 2 9 8 392 851 396
985 2 2 9 8 609 1210 608
986 2 2 9 8 862 1140 426
987 2 2 9 8 198 944 197
988 2 2 9 8 296 581 580
989 2 2 9 8 713 873 593
990 2 2 9 8 216 1281 1211
991 2 2 9 8 786 1266 785
992 2 2 9 8 1204 1298 574
993 2 2 9 8 477 1166 984
994 2 2 9 8 771 1134 782
995 2 2 9 8 937 949 948
996 2 2 9 8 896 1195 895
997 2 2 9 8 501 1145 710
998 2 2 9 8 684 1053 840
999 2 2 9 8 475 1063 815
1000 2 2 9 8 893 1226 892
1001 2 2 9 8 933 943 931
1002 2 2 9 8 769 770 766
1003 2 2 9 8 223 804 222
1004 2 2 9 8 416 1099 829
1005 2 2 9 8 931 943 273
1006 2 2 9 8 915 917 916
1007 2 2 9 8 948 959 937
1008 2 2 9 8 292 818 715
1009 2 2 9 8 485 999 397
1010 2 2 9 8 525 536 524
1011 2 2 9 8 483 1192 519
1012 2 2 9 8 928 931 273
1013 2 2 9 8 275 1311 1010
1014 2 2 9 8 505 1004 551
1015 2 2 9 8 709 1184 936
1016 2 2 9 8 282 812 211
1017 2 2 9 8 403 405 404
1018 2 2 9 8 859 864 863
1019 2 2 9 8 858 861 860
1020 2 2 9 8 943 944 198
1021 2 2 9 8 197 944 269
1022 2 2 9 8 944 959 269
1023 2 2 9 8 269 959 948
1024 2 2 9 8 80 422 79
1025 2 2 9 8 592 737 706
1026 2 2 9 8 530 1278 463
1027 2 2 9 8 842 1263 747
1028 2 2 9 8 71 1104 70
1029 2 2 9 8 201 942 200
1030 2 2 9 8 829 830 255
1031 2 2 9 8 933 944 943
1032 2 2 9 8 1043 1118 626
1033 2 2 9 8 912 913 265
1034 2 2 9 8 389 390 388
1035 2 2 9 8 837 910 834
1036 2 2 9 8 384 783 764
1037 2 2 9 8 273 942 928
1038 2 2 9 8 205 561 204
1039 2 2 9 8 359 370 357
1040 2 2 9 8 656 1290 908
1041 2 2 9 8 1101 1233 780
1042 2 2 9 8 80 919 422
1043 2 2 9 8 934 959 933
1044 2 2 9 8 200 942 273
1045 2 2 9 8 926 960 922
1046 2 2 9 8 537 711 485
1047 2 2 9 8 680 993 678
1048 2 2 9 8 201 960 942
1049 2 2 9 8 920 921 290
1050 2 2 9 8 270 1301 827
1051 2 2 9 8 864 865 863
1052 2 2 9 8 203 920 290
1053 2 2 9 8 922 960 290
1054 2 2 9 8 933 959 944
1055 2 2 9 8 1011 1014 914
1056 2 2 9 8 937 959 934
1057 2 2 9 8 942 960 926
1058 2 2 9 8 913 914 265
1059 2 2 9 8 1039 1173 690
1060 2 2 9 8 729 882 727
1061 2 2 9 8 461 1321 460
1062 2 2 9 8 921 922 290
1063 2 2 9 8 864 866 865
1064 2 2 9 8 921 923 922
1065 2 2 9 8 866 867 865
1066 2 2 9 8 923 925 922
1067 2 2 9 8 921 924 923
1068 2 2 9 8 791 989 764
1069 2 2 9 8 925 926 922
1070 2 2 9 8 925 927 926
1071 2 2 9 8 927 928 926
1072 2 2 9 8 928 942 926
1073 2 2 9 8 927 929 928
1074 2 2 9 8 929 931 928
1075 2 2 9 8 927 930 929
1076 2 2 9 8 929 932 931
1077 2 2 9 8 932 933 931
1078 2 2 9 8 932 934 933
1079 2 2 9 8 932 935 934
1080 2 2 9 8 935 936 934
1081 2 2 9 8 936 937 934
1082 2 2 9 8 89 265 88
1083 2 2 9 8 197 269 196
1084 2 2 9 8 203 290 202
1085 2 2 9 8 199 943 198
1086 2 2 9 8 273 943 199
1087 2 2 9 8 93 263 92
1088 2 2 9 8 200 273 199
1089 2 2 9 8 84 945 83
1090 2 2 9 8 196 946 195
1091 2 2 9 8 948 949 947
1092 2 2 9 8 87 414 86
1093 2 2 9 8 269 946 196
1094 2 2 9 8 891 904 902
1095 2 2 9 8 902 903 890
1096 2 2 9 8 890 951 889
1097 2 2 9 8 891 902 890
1098 2 2 9 8 946 948 947
1099 2 2 9 8 81 919 80
1100 2 2 9 8 261 891 890
1101 2 2 9 8 195 946 415
1102 2 2 9 8 903 951 890
1103 2 2 9 8 86 952 85
1104 2 2 9 8 194 950 193
1105 2 2 9 8 91 412 90
1106 2 2 9 8 946 947 415
1107 2 2 9 8 269 948 946
1108 2 2 9 8 414 953 952
1109 2 2 9 8 195 415 194
1110 2 2 9 8 889 951 416
1111 2 2 9 8 953 956 955
1112 2 2 9 8 193 261 192
1113 2 2 9 8 192 889 191
1114 2 2 9 8 82 286 81
1115 2 2 9 8 83 954 82
1116 2 2 9 8 85 271 84
1117 2 2 9 8 953 955 952
1118 2 2 9 8 957 958 904
1119 2 2 9 8 261 890 889
1120 2 2 9 8 891 957 904
1121 2 2 9 8 414 952 86
1122 2 2 9 8 415 950 194
1123 2 2 9 8 193 950 261
1124 2 2 9 8 261 950 891
1125 2 2 9 8 271 945 84
1126 2 2 9 8 945 954 83
1127 2 2 9 8 85 952 271
1128 2 2 9 8 261 889 192
1129 2 2 9 8 286 919 81
1130 2 2 9 8 952 955 271
1131 2 2 9 8 82 954 286
1132 2 2 9 8 947 958 957
1133 2 2 9 8 947 957 415
1134 2 2 9 8 949 958 947
1135 2 2 9 8 415 957 950
1136 2 2 9 8 950 957 891
1137 2 2 9 8 401 403 402
1138 2 2 9 8 552 1267 504
1139 2 2 9 8 202 960 201
1140 2 2 9 8 290 960 202
1141 2 2 9 8 836 837 834
1142 2 2 9 8 559 972 815
1143 2 2 9 8 658 752 661
1144 2 2 9 8 835 836 834
1145 2 2 9 8 360 364 362
1146 2 2 9 8 985 986 680
1147 2 2 9 8 663 665 664
1148 2 2 9 8 920 963 921
1149 2 2 9 8 204 920 203
1150 2 2 9 8 561 964 963
1151 2 2 9 8 1007 1008 855
1152 2 2 9 8 159 714 158
1153 2 2 9 8 145 253 144
1154 2 2 9 8 184 408 183
1155 2 2 9 8 170 482 169
1156 2 2 9 8 174 297 173
1157 2 2 9 8 110 962 109
1158 2 2 9 8 111 381 110
1159 2 2 9 8 121 252 120
1160 2 2 9 8 131 394 130
1161 2 2 9 8 165 251 164
1162 2 2 9 8 867 1117 1026
1163 2 2 9 8 921 963 924
1164 2 2 9 8 761 1138 462
1165 2 2 9 8 330 367 329
1166 2 2 9 8 848 1205 257
1167 2 2 9 8 679 1156 977
1168 2 2 9 8 561 920 204
1169 2 2 9 8 361 880 359
1170 2 2 9 8 677 717 675
1171 2 2 9 8 561 963 920
1172 2 2 9 8 643 1260 541
1173 2 2 9 8 834 910 263
1174 2 2 9 8 833 835 834
1175 2 2 9 8 391 392 390
1176 2 2 9 8 1135 1201 835
1177 2 2 9 8 346 1100 1029
1178 2 2 9 8 381 962 110
1179 2 2 9 8 244 686 140
1180 2 2 9 8 714 965 158
1181 2 2 9 8 838 1111 474
1182 2 2 9 8 682 985 680
1183 2 2 9 8 759 1111 838
1184 2 2 9 8 972 1273 759
1185 2 2 9 8 764 989 765
1186 2 2 9 8 312 1195 313
1187 2 2 9 8 773 774 772
1188 2 2 9 8 484 1323 511
1189 2 2 9 8 578 1174 1058
1190 2 2 9 8 551 1154 613
1191 2 2 9 8 671 1015 670
1192 2 2 9 8 262 1215 96
1193 2 2 9 8 738 1197 970
1194 2 2 9 8 964 968 963
1195 2 2 9 8 885 1133 1064
1196 2 2 9 8 501 710 503
1197 2 2 9 8 558 1098 1006
1198 2 2 9 8 963 968 924
1199 2 2 9 8 743 1176 468
1200 2 2 9 8 286 1033 919
1201 2 2 9 8 289 697 135
1202 2 2 9 8 77 633 76
1203 2 2 9 8 248 1113 630
1204 2 2 9 8 670 886 668
1205 2 2 9 8 328 330 329
1206 2 2 9 8 1010 1172 1009
1207 2 2 9 8 333 874 395
1208 2 2 9 8 935 1240 523
1209 2 2 9 8 519 1288 483
1210 2 2 9 8 510 1288 519
1211 2 2 9 8 545 1053 466
1212 2 2 9 8 863 1021 750
1213 2 2 9 8 1093 1218 867
1214 2 2 9 8 962 969 109
1215 2 2 9 8 641 653 546
1216 2 2 9 8 516 518 517
1217 2 2 9 8 611 1165 1083
1218 2 2 9 8 505 551 550
1219 2 2 9 8 951 1099 416
1220 2 2 9 8 99 564 98
1221 2 2 9 8 264 1181 107
1222 2 2 9 8 510 1214 632
1223 2 2 9 8 833 834 263
1224 2 2 9 8 661 663 662
1225 2 2 9 8 708 1069 800
1226 2 2 9 8 487 488 459
1227 2 2 9 8 693 978 506
1228 2 2 9 8 132 394 131
1229 2 2 9 8 355 383 353
1230 2 2 9 8 497 1293 1021
1231 2 2 9 8 76 967 75
1232 2 2 9 8 463 1278 464
1233 2 2 9 8 1083 1085 611
1234 2 2 9 8 684 840 712
1235 2 2 9 8 289 899 699
1236 2 2 9 8 359 880 370
1237 2 2 9 8 694 1143 603
1238 2 2 9 8 679 682 680
1239 2 2 9 8 569 1230 845
1240 2 2 9 8 329 1002 443
1241 2 2 9 8 211 812 210
1242 2 2 9 8 351 472 349
1243 2 2 9 8 736 1318 1285
1244 2 2 9 8 730 984 618
1245 2 2 9 8 679 977 682
1246 2 2 9 8 1003 1225 443
1247 2 2 9 8 368 369 363
1248 2 2 9 8 79 1016 78
1249 2 2 9 8 247 695 150
1250 2 2 9 8 122 252 121
1251 2 2 9 8 437 980 436
1252 2 2 9 8 469 1307 495
1253 2 2 9 8 650 1206 648
1254 2 2 9 8 556 1123 819
1255 2 2 9 8 711 999 485
1256 2 2 9 8 906 1132 455
1257 2 2 9 8 266 1122 1025
1258 2 2 9 8 656 1037 378
1259 2 2 9 8 777 778 776
1260 2 2 9 8 317 318 316
1261 2 2 9 8 914 1014 265
1262 2 2 9 8 75 426 74
1263 2 2 9 8 265 1014 88
1264 2 2 9 8 87 1014 414
1265 2 2 9 8 781 794 780
1266 2 2 9 8 844 1285 1041
1267 2 2 9 8 633 967 76
1268 2 2 9 8 984 1166 322
1269 2 2 9 8 448 467 451
1270 2 2 9 8 433 1044 1013
1271 2 2 9 8 852 975 770
1272 2 2 9 8 590 1321 589
1273 2 2 9 8 534 535 533
1274 2 2 9 8 918 1011 914
1275 2 2 9 8 632 1323 510
1276 2 2 9 8 511 1323 632
1277 2 2 9 8 299 637 301
1278 2 2 9 8 973 1213 915
1279 2 2 9 8 513 516 515
1280 2 2 9 8 565 1005 399
1281 2 2 9 8 665 666 664
1282 2 2 9 8 986 993 680
1283 2 2 9 8 217 1281 216
1284 2 2 9 8 215 991 279
1285 2 2 9 8 1112 1238 840
1286 2 2 9 8 366 1027 401
1287 2 2 9 8 849 1292 71
1288 2 2 9 8 247 1042 801
1289 2 2 9 8 668 886 805
1290 2 2 9 8 751 1333 649
1291 2 2 9 8 750 1333 751
1292 2 2 9 8 704 1003 1002
1293 2 2 9 8 958 1223 904
1294 2 2 9 8 1042 1210 609
1295 2 2 9 8 319 320 318
1296 2 2 9 8 146 580 253
1297 2 2 9 8 752 1309 940
1298 2 2 9 8 210 982 209
1299 2 2 9 8 209 406 208
1300 2 2 9 8 616 1161 1065
1301 2 2 9 8 414 1011 953
1302 2 2 9 8 325 1300 471
1303 2 2 9 8 813 1325 586
1304 2 2 9 8 788 1328 1158
1305 2 2 9 8 479 1328 788
1306 2 2 9 8 444 893 892
1307 2 2 9 8 819 820 288
1308 2 2 9 8 468 1216 743
1309 2 2 9 8 631 730 618
1310 2 2 9 8 1016 1155 633
1311 2 2 9 8 983 1327 803
1312 2 2 9 8 375 1084 872
1313 2 2 9 8 537 731 711
1314 2 2 9 8 487 1295 488
1315 2 2 9 8 900 1187 277
1316 2 2 9 8 940 1309 562
1317 2 2 9 8 529 1293 496
1318 2 2 9 8 734 1144 847
1319 2 2 9 8 917 1213 1178
1320 2 2 9 8 584 626 619
1321 2 2 9 8 1071 1230 553
1322 2 2 9 8 345 1028 341
1323 2 2 9 8 1232 1302 1183
1324 2 2 9 8 328 329 327
1325 2 2 9 8 678 993 681
1326 2 2 9 8 112 381 111
1327 2 2 9 8 144 253 143
1328 2 2 9 8 779 1316 1096
1329 2 2 9 8 936 1185 709
1330 2 2 9 8 310 314 308
1331 2 2 9 8 819 1263 1090
1332 2 2 9 8 364 1027 362
1333 2 2 9 8 586 1325 583
1334 2 2 9 8 75 967 426
1335 2 2 9 8 532 534 533
1336 2 2 9 8 768 773 772
1337 2 2 9 8 878 1271 364
1338 2 2 9 8 725 823 493
1339 2 2 9 8 880 881 370
1340 2 2 9 8 166 251 165
1341 2 2 9 8 723 1260 736
1342 2 2 9 8 104 295 103
1343 2 2 9 8 114 630 113
1344 2 2 9 8 134 697 133
1345 2 2 9 8 163 1277 162
1346 2 2 9 8 36 256 35
1347 2 2 9 8 421 452 420
1348 2 2 9 8 183 408 182
1349 2 2 9 8 154 407 153
1350 2 2 9 8 124 246 123
1351 2 2 9 8 333 395 335
1352 2 2 9 8 306 430 304
1353 2 2 9 8 178 715 177
1354 2 2 9 8 171 482 170
1355 2 2 9 8 173 297 172
1356 2 2 9 8 321 323 320
1357 2 2 9 8 139 686 138
1358 2 2 9 8 531 1201 1135
1359 2 2 9 8 206 1236 1
1360 2 2 9 8 149 695 148
1361 2 2 9 8 1 1236 205
1362 2 2 9 8 413 1202 1092
1363 2 2 9 8 989 1114 773
1364 2 2 9 8 460 1321 1126
1365 2 2 9 8 1126 1321 590
1366 2 2 9 8 790 1122 789
1367 2 2 9 8 982 983 406
1368 2 2 9 8 1122 1329 1305
1369 2 2 9 8 830 853 255
1370 2 2 9 8 571 971 568
1371 2 2 9 8 350 375 352
1372 2 2 9 8 461 972 759
1373 2 2 9 8 35 996 34
1374 2 2 9 8 766 905 763
1375 2 2 9 8 458 459 424
1376 2 2 9 8 465 1175 1116
1377 2 2 9 8 348 990 350
1378 2 2 9 8 331 874 333
1379 2 2 9 8 521 522 518
1380 2 2 9 8 469 528 496
1381 2 2 9 8 925 1078 927
1382 2 2 9 8 409 851 392
1383 2 2 9 8 481 761 462
1384 2 2 9 8 687 1207 1044
1385 2 2 9 8 37 995 36
1386 2 2 9 8 831 1005 565
1387 2 2 9 8 34 418 33
1388 2 2 9 8 649 1333 529
1389 2 2 9 8 820 1231 809
1390 2 2 9 8 729 1157 961
1391 2 2 9 8 753 1225 847
1392 2 2 9 8 903 1007 951
1393 2 2 9 8 981 1247 187
1394 2 2 9 8 953 1012 956
1395 2 2 9 8 358 1061 360
1396 2 2 9 8 354 872 377
1397 2 2 9 8 598 601 600
1398 2 2 9 8 486 684 683
1399 2 2 9 8 566 567 565
1400 2 2 9 8 362 1027 366
1401 2 2 9 8 830 855 854
1402 2 2 9 8 88 1014 87
1403 2 2 9 8 553 565 399
1404 2 2 9 8 371 376 347
1405 2 2 9 8 474 1195 896
1406 2 2 9 8 567 1257 565
1407 2 2 9 8 38 417 37
1408 2 2 9 8 413 1092 832
1409 2 2 9 8 465 545 466
1410 2 2 9 8 1015 1312 670
1411 2 2 9 8 422 1016 79
1412 2 2 9 8 884 1334 370
1413 2 2 9 8 33 997 32
1414 2 2 9 8 316 1274 548
1415 2 2 9 8 879 1212 256
1416 2 2 9 8 496 1307 469
1417 2 2 9 8 1024 1101 961
1418 2 2 9 8 663 664 662
1419 2 2 9 8 560 618 527
1420 2 2 9 8 367 1002 329
1421 2 2 9 8 736 1260 1055
1422 2 2 9 8 1129 1198 743
1423 2 2 9 8 379 380 374
1424 2 2 9 8 986 1135 993
1425 2 2 9 8 668 805 669
1426 2 2 9 8 852 1120 975
1427 2 2 9 8 1092 1202 681
1428 2 2 9 8 355 1334 383
1429 2 2 9 8 352 353 351
1430 2 2 9 8 423 424 380
1431 2 2 9 8 955 1117 271
1432 2 2 9 8 725 1087 823
1433 2 2 9 8 350 990 375
1434 2 2 9 8 377 1190 356
1435 2 2 9 8 538 1266 719
1436 2 2 9 8 361 1070 880
1437 2 2 9 8 1139 1253 476
1438 2 2 9 8 326 327 325
1439 2 2 9 8 774 777 776
1440 2 2 9 8 334 1018 492
1441 2 2 9 8 337 340 339
1442 2 2 9 8 346 347 344
1443 2 2 9 8 595 1148 672
1444 2 2 9 8 360 1061 364
1445 2 2 9 8 721 1010 1009
1446 2 2 9 8 1116 1284 517
1447 2 2 9 8 901 1055 643
1448 2 2 9 8 773 976 774
1449 2 2 9 8 865 1021 863
1450 2 2 9 8 658 1309 752
1451 2 2 9 8 1171 1231 557
1452 2 2 9 8 601 1169 799
1453 2 2 9 8 917 1178 1177
1454 2 2 9 8 340 342 341
1455 2 2 9 8 39 1000 38
1456 2 2 9 8 778 781 780
1457 2 2 9 8 520 1291 518
1458 2 2 9 8 209 982 406
1459 2 2 9 8 137 899 289
1460 2 2 9 8 373 374 369
1461 2 2 9 8 334 492 332
1462 2 2 9 8 338 344 336
1463 2 2 9 8 563 656 378
1464 2 2 9 8 885 1286 395
1465 2 2 9 8 773 1114 976
1466 2 2 9 8 383 1334 884
1467 2 2 9 8 859 1033 864
1468 2 2 9 8 610 611 245
1469 2 2 9 8 466 1053 486
1470 2 2 9 8 463 1252 530
1471 2 2 9 8 478 532 498
1472 2 2 9 8 486 683 537
1473 2 2 9 8 301 1072 303
1474 2 2 9 8 618 1054 527
1475 2 2 9 8 646 850 645
1476 2 2 9 8 1044 1207 1013
1477 2 2 9 8 936 1184 937
1478 2 2 9 8 573 574 571
1479 2 2 9 8 833 1092 1080
1480 2 2 9 8 320 1315 444
1481 2 2 9 8 658 661 659
1482 2 2 9 8 840 991 712
1483 2 2 9 8 1011 1012 953
1484 2 2 9 8 918 1012 1011
1485 2 2 9 8 438 439 437
1486 2 2 9 8 956 1026 955
1487 2 2 9 8 570 571 568
1488 2 2 9 8 253 1139 476
1489 2 2 9 8 535 758 533
1490 2 2 9 8 162 1277 610
1491 2 2 9 8 401 1027 696
1492 2 2 9 8 561 1236 964
1493 2 2 9 8 342 365 343
1494 2 2 9 8 860 1033 859
1495 2 2 9 8 777 979 778
1496 2 2 9 8 1149 1319 587
1497 2 2 9 8 538 539 522
1498 2 2 9 8 446 1087 882
1499 2 2 9 8 350 352 351
1500 2 2 9 8 984 1304 477
1501 2 2 9 8 32 1001 31
1502 2 2 9 8 1156 1208 977
1503 2 2 9 8 283 500 499
1504 2 2 9 8 428 1069 807
1505 2 2 9 8 661 662 659
1506 2 2 9 8 781 795 794
1507 2 2 9 8 492 1018 988
1508 2 2 9 8 315 316 314
1509 2 2 9 8 1002 1003 443
1510 2 2 9 8 1075 1146 285
1511 2 2 9 8 651 1247 981
1512 2 2 9 8 684 685 683
1513 2 2 9 8 774 976 777
1514 2 2 9 8 655 1213 973
1515 2 2 9 8 873 1276 1181
1516 2 2 9 8 125 499 246
1517 2 2 9 8 295 992 103
1518 2 2 9 8 679 680 678
1519 2 2 9 8 592 706 705
1520 2 2 9 8 523 1310 935
1521 2 2 9 8 392 396 393
1522 2 2 9 8 599 624 597
1523 2 2 9 8 73 1140 281
1524 2 2 9 8 398 1193 703
1525 2 2 9 8 640 873 733
1526 2 2 9 8 990 1194 375
1527 2 2 9 8 324 325 323
1528 2 2 9 8 623 720 540
1529 2 2 9 8 363 1070 361
1530 2 2 9 8 486 537 485
1531 2 2 9 8 614 650 648
1532 2 2 9 8 1177 1182 917
1533 2 2 9 8 744 1182 1177
1534 2 2 9 8 982 1160 983
1535 2 2 9 8 450 478 470
1536 2 2 9 8 853 1287 981
1537 2 2 9 8 245 757 161
1538 2 2 9 8 128 756 612
1539 2 2 9 8 682 1088 987
1540 2 2 9 8 832 1092 833
1541 2 2 9 8 161 610 245
1542 2 2 9 8 167 755 249
1543 2 2 9 8 841 842 429
1544 2 2 9 8 645 1197 644
1545 2 2 9 8 778 979 781
1546 2 2 9 8 303 411 305
1547 2 2 9 8 775 1212 879
1548 2 2 9 8 664 938 662
1549 2 2 9 8 1147 1153 1075
1550 2 2 9 8 569 845 572
1551 2 2 9 8 528 614 529
1552 2 2 9 8 824 1320 1048
1553 2 2 9 8 941 1029 1028
1554 2 2 9 8 386 421 420
1555 2 2 9 8 997 1316 779
1556 2 2 9 8 576 1204 574
1557 2 2 9 8 726 1102 728
1558 2 2 9 8 758 1306 1017
1559 2 2 9 8 256 996 35
1560 2 2 9 8 532 533 498
1561 2 2 9 8 659 660 657
1562 2 2 9 8 442 450 449
1563 2 2 9 8 476 1253 1091
1564 2 2 9 8 686 899 138
1565 2 2 9 8 762 1328 479
1566 2 2 9 8 28 1023 27
1567 2 2 9 8 563 658 657
1568 2 2 9 8 558 817 489
1569 2 2 9 8 932 1240 935
1570 2 2 9 8 930 1240 929
1571 2 2 9 8 880 1313 881
1572 2 2 9 8 587 588 586
1573 2 2 9 8 350 351 349
1574 2 2 9 8 813 1253 1139
1575 2 2 9 8 396 465 397
1576 2 2 9 8 1087 1262 823
1577 2 2 9 8 36 995 256
1578 2 2 9 8 607 694 603
1579 2 2 9 8 949 1066 958
1580 2 2 9 8 401 696 403
1581 2 2 9 8 770 905 766
1582 2 2 9 8 710 1145 1125
1583 2 2 9 8 31 258 30
1584 2 2 9 8 303 1072 411
1585 2 2 9 8 41 257 40
1586 2 2 9 8 660 1270 883
1587 2 2 9 8 980 1077 436
1588 2 2 9 8 776 1096 775
1589 2 2 9 8 281 1206 849
1590 2 2 9 8 640 1276 873
1591 2 2 9 8 34 996 418
1592 2 2 9 8 369 1070 363
1593 2 2 9 8 405 438 437
1594 2 2 9 8 545 1112 1053
1595 2 2 9 8 526 527 481
1596 2 2 9 8 585 586 583
1597 2 2 9 8 668 669 666
1598 2 2 9 8 993 1080 681
1599 2 2 9 8 574 1298 571
1600 2 2 9 8 466 485 397
1601 2 2 9 8 344 1018 336
1602 2 2 9 8 1096 1212 775
1603 2 2 9 8 622 896 895
1604 2 2 9 8 591 592 264
1605 2 2 9 8 750 1293 529
1606 2 2 9 8 331 1057 874
1607 2 2 9 8 610 1165 611
1608 2 2 9 8 676 677 675
1609 2 2 9 8 30 1024 29
1610 2 2 9 8 575 576 574
1611 2 2 9 8 78 1256 4
1612 2 2 9 8 348 1082 990
1613 2 2 9 8 1160 1327 983
1614 2 2 9 8 42 1019 41
1615 2 2 9 8 440 441 439
1616 2 2 9 8 595 672 594
1617 2 2 9 8 417 995 37
1618 2 2 9 8 681 1202 677
1619 2 2 9 8 718 1020 539
1620 2 2 9 8 673 1191 1174
1621 2 2 9 8 446 1262 1087
1622 2 2 9 8 470 1062 449
1623 2 2 9 8 812 982 210
1624 2 2 9 8 307 1059 309
1625 2 2 9 8 418 997 33
1626 2 2 9 8 371 378 376
1627 2 2 9 8 1053 1112 840
1628 2 2 9 8 348 350 349
1629 2 2 9 8 1062 1123 1103
1630 2 2 9 8 326 328 327
1631 2 2 9 8 563 657 656
1632 2 2 9 8 29 427 28
1633 2 2 9 8 632 1214 902
1634 2 2 9 8 453 906 452
1635 2 2 9 8 678 681 677
1636 2 2 9 8 685 1220 683
1637 2 2 9 8 250 1125 1031
1638 2 2 9 8 171 1146 482
1639 2 2 9 8 4 1256 77
1640 2 2 9 8 577 578 576
1641 2 2 9 8 313 474 473
1642 2 2 9 8 27 1040 26
1643 2 2 9 8 927 1078 930
1644 2 2 9 8 703 1232 1183
1645 2 2 9 8 658 659 657
1646 2 2 9 8 488 524 489
1647 2 2 9 8 1103 1123 556
1648 2 2 9 8 43 431 42
1649 2 2 9 8 342 343 341
1650 2 2 9 8 833 1080 835
1651 2 2 9 8 498 557 470
1652 2 2 9 8 346 371 347
1653 2 2 9 8 923 1296 925
1654 2 2 9 8 309 1059 312
1655 2 2 9 8 829 1099 830
1656 2 2 9 8 654 1252 463
1657 2 2 9 8 551 613 550
1658 2 2 9 8 466 486 485
1659 2 2 9 8 371 562 378
1660 2 2 9 8 438 544 440
1661 2 2 9 8 518 1291 521
1662 2 2 9 8 388 543 365
1663 2 2 9 8 830 1099 855
1664 2 2 9 8 968 1275 924
1665 2 2 9 8 119 1152 118
1666 2 2 9 8 893 1243 613
1667 2 2 9 8 999 1086 393
1668 2 2 9 8 392 393 390
1669 2 2 9 8 727 1087 725
1670 2 2 9 8 340 341 339
1671 2 2 9 8 442 448 441
1672 2 2 9 8 845 1230 1071
1673 2 2 9 8 398 703 400
1674 2 2 9 8 307 1121 1059
1675 2 2 9 8 508 966 507
1676 2 2 9 8 374 494 369
1677 2 2 9 8 1125 1162 710
1678 2 2 9 8 326 1057 328
1679 2 2 9 8 879 1134 771
1680 2 2 9 8 795 1077 980
1681 2 2 9 8 821 1229 282
1682 2 2 9 8 51 1048 50
1683 2 2 9 8 549 552 504
1684 2 2 9 8 1066 1128 514
1685 2 2 9 8 17 1046 16
1686 2 2 9 8 685 1237 1220
1687 2 2 9 8 370 1222 884
1688 2 2 9 8 284 966 508
1689 2 2 9 8 348 349 345
1690 2 2 9 8 38 1000 417
1691 2 2 9 8 560 631 618
1692 2 2 9 8 44 1025 43
1693 2 2 9 8 522 1115 518
1694 2 2 9 8 478 498 470
1695 2 2 9 8 486 1053 684
1696 2 2 9 8 1013 1322 433
1697 2 2 9 8 343 345 341
1698 2 2 9 8 516 517 515
1699 2 2 9 8 336 1018 334
1700 2 2 9 8 674 675 673
1701 2 2 9 8 309 312 311
1702 2 2 9 8 1021 1218 497
1703 2 2 9 8 1062 1103 449
1704 2 2 9 8 1080 1092 681
1705 2 2 9 8 474 1111 473
1706 2 2 9 8 814 1222 881
1707 2 2 9 8 571 1298 1196
1708 2 2 9 8 885 1064 740
1709 2 2 9 8 20 1049 19
1710 2 2 9 8 457 851 409
1711 2 2 9 8 441 1262 439
1712 2 2 9 8 465 466 397
1713 2 2 9 8 18 1050 17
1714 2 2 9 8 207 1200 964
1715 2 2 9 8 684 712 685
1716 2 2 9 8 338 346 344
1717 2 2 9 8 477 1057 326
1718 2 2 9 8 276 1188 1009
1719 2 2 9 8 568 971 567
1720 2 2 9 8 529 1333 750
1721 2 2 9 8 883 1249 660
1722 2 2 9 8 886 1006 805
1723 2 2 9 8 706 1259 971
1724 2 2 9 8 50 1056 49
1725 2 2 9 8 513 515 512
1726 2 2 9 8 872 1272 377
1727 2 2 9 8 45 266 44
1728 2 2 9 8 426 1299 888
1729 2 2 9 8 562 563 378
1730 2 2 9 8 579 673 578
1731 2 2 9 8 761 1297 1138
1732 2 2 9 8 882 1087 727
1733 2 2 9 8 805 998 669
1734 2 2 9 8 14 434 13
1735 2 2 9 8 26 259 25
1736 2 2 9 8 15 1038 14
1737 2 2 9 8 57 433 56
1738 2 2 9 8 46 1034 45
1739 2 2 9 8 56 1045 55
1740 2 2 9 8 1274 1319 825
1741 2 2 9 8 343 348 345
1742 2 2 9 8 55 276 54
1743 2 2 9 8 16 278 15
1744 2 2 9 8 712 816 685
1745 2 2 9 8 1122 1305 789
1746 2 2 9 8 624 1148 597
1747 2 2 9 8 519 1192 1008
1748 2 2 9 8 25 1041 24
1749 2 2 9 8 52 275 51
1750 2 2 9 8 19 277 18
1751 2 2 9 8 370 1334 357
1752 2 2 9 8 47 435 46
1753 2 2 9 8 421 453 452
1754 2 2 9 8 1250 1278 531
1755 2 2 9 8 424 425 380
1756 2 2 9 8 187 1247 638
1757 2 2 9 8 1098 1167 1006
1758 2 2 9 8 997 1001 32
1759 2 2 9 8 450 470 449
1760 2 2 9 8 24 432 23
1761 2 2 9 8 817 1106 489
1762 2 2 9 8 403 1032 405
1763 2 2 9 8 1163 1259 706
1764 2 2 9 8 426 1140 74
1765 2 2 9 8 48 1051 47
1766 2 2 9 8 438 440 439
1767 2 2 9 8 830 854 853
1768 2 2 9 8 1056 1320 267
1769 2 2 9 8 23 1052 22
1770 2 2 9 8 432 1285 1052
1771 2 2 9 8 396 397 393
1772 2 2 9 8 1175 1284 1116
1773 2 2 9 8 904 1223 632
1774 2 2 9 8 650 1292 1206
1775 2 2 9 8 49 267 48
1776 2 2 9 8 865 1218 1021
1777 2 2 9 8 488 489 459
1778 2 2 9 8 22 268 21
1779 2 2 9 8 317 319 318
1780 2 2 9 8 542 629 628
1781 2 2 9 8 626 754 619
1782 2 2 9 8 791 1114 989
1783 2 2 9 8 666 1060 664
1784 2 2 9 8 1293 1307 496
1785 2 2 9 8 494 1070 369
1786 2 2 9 8 831 1113 248
1787 2 2 9 8 881 1313 1022
1788 2 2 9 8 1067 1294 625
1789 2 2 9 8 372 1324 368
1790 2 2 9 8 442 449 448
1791 2 2 9 8 271 1117 945
1792 2 2 9 8 961 1157 427
1793 2 2 9 8 358 1190 1061
1794 2 2 9 8 1017 1171 758
1795 2 2 9 8 691 692 506
1796 2 2 9 8 440 442 441
1797 2 2 9 8 435 1036 1035
1798 2 2 9 8 803 1275 983
1799 2 2 9 8 908 909 907
1800 2 2 9 8 376 1037 386
1801 2 2 9 8 378 1037 376
1802 2 2 9 8 521 1291 1079
1803 2 2 9 8 319 321 320
1804 2 2 9 8 455 1132 469
1805 2 2 9 8 716 1005 831
1806 2 2 9 8 557 1062 470
1807 2 2 9 8 71 1292 1104
1808 2 2 9 8 799 1119 601
1809 2 2 9 8 601 602 600
1810 2 2 9 8 453 908 907
1811 2 2 9 8 819 1123 820
1812 2 2 9 8 1083 1165 300
1813 2 2 9 8 788 1158 975
1814 2 2 9 8 515 702 512
1815 2 2 9 8 721 1170 1010
1816 2 2 9 8 324 477 326
1817 2 2 9 8 467 556 491
1818 2 2 9 8 683 1242 537
1819 2 2 9 8 285 1147 1075
1820 2 2 9 8 337 338 336
1821 2 2 9 8 975 1120 790
1822 2 2 9 8 335 336 334
1823 2 2 9 8 702 1284 1175
1824 2 2 9 8 949 1184 1066
1825 2 2 9 8 337 339 338
1826 2 2 9 8 335 337 336
1827 2 2 9 8 508 509 284
1828 2 2 9 8 1017 1231 1171
1829 2 2 9 8 1080 1135 835
1830 2 2 9 8 208 1200 207
1831 2 2 9 8 333 335 334
1832 2 2 9 8 244 1091 843
1833 2 2 9 8 244 843 738
1834 2 2 9 8 676 678 677
1835 2 2 9 8 402 1228 372
1836 2 2 9 8 1228 1324 372
1837 2 2 9 8 785 1266 538
1838 2 2 9 8 722 1330 707
1839 2 2 9 8 588 646 645
1840 2 2 9 8 625 1097 624
1841 2 2 9 8 719 1266 1219
1842 2 2 9 8 1219 1266 786
1843 2 2 9 8 1074 1075 1073
1844 2 2 9 8 13 1089 12
1845 2 2 9 8 699 970 700
1846 2 2 9 8 58 1044 57
1847 2 2 9 8 333 334 332
1848 2 2 9 8 324 326 325
1849 2 2 9 8 283 501 500
1850 2 2 9 8 620 1247 651
1851 2 2 9 8 315 317 316
1852 2 2 9 8 841 1164 842
1853 2 2 9 8 789 1180 787
1854 2 2 9 8 850 1261 645
1855 2 2 9 8 453 907 906
1856 2 2 9 8 847 1225 734
1857 2 2 9 8 1130 1131 280
1858 2 2 9 8 553 566 565
1859 2 2 9 8 1220 1242 683
1860 2 2 9 8 700 701 698
1861 2 2 9 8 365 1082 343
1862 2 2 9 8 664 1060 938
1863 2 2 9 8 669 1060 666
1864 2 2 9 8 272 1281 217
1865 2 2 9 8 283 1145 501
1866 2 2 9 8 469 1132 528
1867 2 2 9 8 657 1290 656
1868 2 2 9 8 676 679 678
1869 2 2 9 8 356 1190 358
1870 2 2 9 8 313 1195 474
1871 2 2 9 8 868 1272 722
1872 2 2 9 8 686 1142 899
1873 2 2 9 8 642 708 536
1874 2 2 9 8 31 1001 258
1875 2 2 9 8 1068 1130 615
1876 2 2 9 8 1155 1265 861
1877 2 2 9 8 289 699 698
1878 2 2 9 8 386 1037 421
1879 2 2 9 8 674 676 675
1880 2 2 9 8 1046 1173 278
1881 2 2 9 8 961 1101 794
1882 2 2 9 8 543 1082 365
1883 2 2 9 8 321 324 323
1884 2 2 9 8 1097 1153 624
1885 2 2 9 8 597 1148 595
1886 2 2 9 8 331 333 332
1887 2 2 9 8 696 1032 403
1888 2 2 9 8 1028 1100 339
1889 2 2 9 8 312 313 311
1890 2 2 9 8 720 1115 540
1891 2 2 9 8 895 1186 622
1892 2 2 9 8 565 1257 831
1893 2 2 9 8 747 1224 842
1894 2 2 9 8 267 1254 1051
1895 2 2 9 8 938 1270 662
1896 2 2 9 8 405 1032 438
1897 2 2 9 8 642 1069 708
1898 2 2 9 8 599 625 624
1899 2 2 9 8 518 1115 517
1900 2 2 9 8 267 1320 1254
1901 2 2 9 8 310 315 314
1902 2 2 9 8 438 1032 544
1903 2 2 9 8 319 322 321
1904 2 2 9 8 979 1077 781
1905 2 2 9 8 918 1198 1012
1906 2 2 9 8 703 1183 810
1907 2 2 9 8 883 1270 938
1908 2 2 9 8 566 568 567
1909 2 2 9 8 607 894 694
1910 2 2 9 8 816 1237 685
1911 2 2 9 8 781 1077 795
1912 2 2 9 8 570 573 571
1913 2 2 9 8 313 462 311
1914 2 2 9 8 699 1142 970
1915 2 2 9 8 630 1113 748
1916 2 2 9 8 585 587 586
1917 2 2 9 8 1074 1146 1075
1918 2 2 9 8 845 846 572
1919 2 2 9 8 390 1086 388
1920 2 2 9 8 1029 1100 1028
1921 2 2 9 8 524 558 489
1922 2 2 9 8 501 503 502
1923 2 2 9 8 1063 1064 631
1924 2 2 9 8 12 688 11
1925 2 2 9 8 59 687 58
1926 2 2 9 8 673 1174 578
1927 2 2 9 8 866 1241 954
1928 2 2 9 8 1017 1306 272
1929 2 2 9 8 461 1246 972
1930 2 2 9 8 697 1264 250
1931 2 2 9 8 621 622 606
1932 2 2 9 8 39 1205 1000
1933 2 2 9 8 258 1024 30
1934 2 2 9 8 96 1268 95
1935 2 2 9 8 637 1076 1074
1936 2 2 9 8 74 1140 73
1937 2 2 9 8 610 1277 1165
1938 2 2 9 8 635 636 509
1939 2 2 9 8 343 1082 348
1940 2 2 9 8 41 1019 257
1941 2 2 9 8 367 1208 1002
1942 2 2 9 8 548 1274 825
1943 2 2 9 8 938 1301 270
1944 2 2 9 8 692 693 506
1945 2 2 9 8 427 1023 28
1946 2 2 9 8 758 1171 533
1947 2 2 9 8 1012 1129 956
1948 2 2 9 8 579 704 674
1949 2 2 9 8 559 815 560
1950 2 2 9 8 364 1271 1027
1951 2 2 9 8 972 1246 735
1952 2 2 9 8 274 992 640
1953 2 2 9 8 309 310 308
1954 2 2 9 8 1023 1040 27
1955 2 2 9 8 1030 1141 652
1956 2 2 9 8 1016 1256 78
1957 2 2 9 8 161 757 160
1958 2 2 9 8 971 1196 706
1959 2 2 9 8 528 615 614
1960 2 2 9 8 129 756 128
1961 2 2 9 8 539 547 540
1962 2 2 9 8 579 674 673
1963 2 2 9 8 575 577 576
1964 2 2 9 8 448 1103 467
1965 2 2 9 8 388 1086 543
1966 2 2 9 8 307 308 306
1967 2 2 9 8 573 575 574
1968 2 2 9 8 473 481 462
1969 2 2 9 8 968 1200 406
1970 2 2 9 8 864 1241 866
1971 2 2 9 8 549 616 552
1972 2 2 9 8 281 849 72
1973 2 2 9 8 503 505 504
1974 2 2 9 8 967 1299 426
1975 2 2 9 8 924 1168 923
1976 2 2 9 8 380 1094 374
1977 2 2 9 8 168 755 167
1978 2 2 9 8 645 1261 970
1979 2 2 9 8 971 1259 567
1980 2 2 9 8 907 1068 906
1981 2 2 9 8 292 1234 818
1982 2 2 9 8 296 582 581
1983 2 2 9 8 970 1197 645
1984 2 2 9 8 547 623 540
1985 2 2 9 8 505 550 549
1986 2 2 9 8 305 306 304
1987 2 2 9 8 701 1264 698
1988 2 2 9 8 842 1224 429
1989 2 2 9 8 29 1024 427
1990 2 2 9 8 301 302 300
1991 2 2 9 8 411 1121 305
1992 2 2 9 8 633 1155 967
1993 2 2 9 8 703 810 400
1994 2 2 9 8 247 1210 1042
1995 2 2 9 8 803 1219 1168
1996 2 2 9 8 459 1106 424
1997 2 2 9 8 501 502 500
1998 2 2 9 8 562 1309 563
1999 2 2 9 8 303 304 302
2000 2 2 9 8 560 1063 631
2001 2 2 9 8 937 1184 949
2002 2 2 9 8 748 1163 291
2003 2 2 9 8 1000 1205 848
2004 2 2 9 8 473 1111 526
2005 2 2 9 8 431 1019 42
2006 2 2 9 8 1305 1335 742
2007 2 2 9 8 917 1182 916
2008 2 2 9 8 508 635 509
2009 2 2 9 8 309 311 310
2010 2 2 9 8 374 1094 494
2011 2 2 9 8 330 1244 367
2012 2 2 9 8 393 1086 390
2013 2 2 9 8 473 526 481
2014 2 2 9 8 796 1249 883
2015 2 2 9 8 449 1103 448
2016 2 2 9 8 577 579 578
2017 2 2 9 8 675 1191 673
2018 2 2 9 8 1161 1314 1065
2019 2 2 9 8 1033 1241 864
2020 2 2 9 8 582 584 583
2021 2 2 9 8 626 1118 754
2022 2 2 9 8 539 540 522
2023 2 2 9 8 584 619 585
2024 2 2 9 8 1059 1121 1067
2025 2 2 9 8 307 309 308
2026 2 2 9 8 417 1134 995
2027 2 2 9 8 905 1328 762
2028 2 2 9 8 609 1043 1042
2029 2 2 9 8 656 1159 1037
2030 2 2 9 8 809 1231 1017
2031 2 2 9 8 602 604 603
2032 2 2 9 8 651 652 621
2033 2 2 9 8 491 1090 542
2034 2 2 9 8 305 307 306
2035 2 2 9 8 425 1094 380
2036 2 2 9 8 770 1158 905
2037 2 2 9 8 754 825 619
2038 2 2 9 8 635 875 636
2039 2 2 9 8 54 1172 53
2040 2 2 9 8 396 1175 465
2041 2 2 9 8 613 994 550
2042 2 2 9 8 628 1164 690
2043 2 2 9 8 631 1133 730
2044 2 2 9 8 1219 1296 1168
2045 2 2 9 8 602 603 600
2046 2 2 9 8 313 473 462
2047 2 2 9 8 303 305 304
2048 2 2 9 8 406 1200 208
2049 2 2 9 8 278 1173 1039
2050 2 2 9 8 257 1205 40
2051 2 2 9 8 302 1083 300
2052 2 2 9 8 730 1304 984
2053 2 2 9 8 301 303 302
2054 2 2 9 8 453 1159 908
2055 2 2 9 8 822 1217 547
2056 2 2 9 8 707 1220 535
2057 2 2 9 8 1136 1147 285
2058 2 2 9 8 43 1025 431
2059 2 2 9 8 699 700 698
2060 2 2 9 8 700 1105 701
2061 2 2 9 8 582 583 581
2062 2 2 9 8 536 1098 524
2063 2 2 9 8 1126 1127 732
2064 2 2 9 8 804 1150 897
2065 2 2 9 8 498 1171 557
2066 2 2 9 8 424 1106 425
2067 2 2 9 8 1090 1263 629
2068 2 2 9 8 539 1020 547
2069 2 2 9 8 299 301 300
2070 2 2 9 8 835 1201 836
2071 2 2 9 8 286 1241 1033
2072 2 2 9 8 250 1162 1125
2073 2 2 9 8 620 651 621
2074 2 2 9 8 839 1141 1030
2075 2 2 9 8 559 560 527
2076 2 2 9 8 584 585 583
2077 2 2 9 8 731 1194 711
2078 2 2 9 8 503 504 502
2079 2 2 9 8 21 1203 20
2080 2 2 9 8 602 605 604
2081 2 2 9 8 258 1101 1024
2082 2 2 9 8 1068 1131 1130
2083 2 2 9 8 540 1115 522
2084 2 2 9 8 915 1213 917
2085 2 2 9 8 1006 1167 287
2086 2 2 9 8 431 1120 1019
2087 2 2 9 8 598 600 599
2088 2 2 9 8 40 1205 39
2089 2 2 9 8 457 1179 851
2090 2 2 9 8 892 1319 739
2091 2 2 9 8 26 1040 259
2092 2 2 9 8 1008 1192 732
2093 2 2 9 8 512 1248 513
2094 2 2 9 8 902 1214 903
2095 2 2 9 8 604 607 603
2096 2 2 9 8 815 1063 560
2097 2 2 9 8 592 705 593
2098 2 2 9 8 648 1206 856
2099 2 2 9 8 338 1100 346
2100 2 2 9 8 625 1294 1097
2101 2 2 9 8 444 1315 893
2102 2 2 9 8 17 1050 1046
2103 2 2 9 8 690 1199 1039
2104 2 2 9 8 573 734 575
2105 2 2 9 8 659 1270 660
2106 2 2 9 8 888 1299 861
2107 2 2 9 8 846 847 572
2108 2 2 9 8 185 691 408
2109 2 2 9 8 1048 1056 50
2110 2 2 9 8 867 1218 865
2111 2 2 9 8 587 1226 588
2112 2 2 9 8 445 1246 461
2113 2 2 9 8 505 549 504
2114 2 2 9 8 266 1025 44
2115 2 2 9 8 435 1051 1036
2116 2 2 9 8 339 1100 338
2117 2 2 9 8 331 332 330
2118 2 2 9 8 16 1046 278
2119 2 2 9 8 1220 1237 535
2120 2 2 9 8 275 1048 51
2121 2 2 9 8 633 1256 1016
2122 2 2 9 8 993 1135 1080
2123 2 2 9 8 629 1164 628
2124 2 2 9 8 205 1236 561
2125 2 2 9 8 624 1153 1148
2126 2 2 9 8 596 598 597
2127 2 2 9 8 528 1132 615
2128 2 2 9 8 569 570 568
2129 2 2 9 8 964 1200 968
2130 2 2 9 8 598 599 597
2131 2 2 9 8 1131 1258 280
2132 2 2 9 8 745 1317 1093
2133 2 2 9 8 566 569 568
2134 2 2 9 8 569 572 570
2135 2 2 9 8 19 1049 277
2136 2 2 9 8 759 1273 1111
2137 2 2 9 8 508 1085 635
2138 2 2 9 8 489 1106 459
2139 2 2 9 8 277 1050 18
2140 2 2 9 8 696 1245 1032
2141 2 2 9 8 45 1034 266
2142 2 2 9 8 279 1238 1217
2143 2 2 9 8 400 553 399
2144 2 2 9 8 216 1211 991
2145 2 2 9 8 1082 1227 990
2146 2 2 9 8 14 1038 434
2147 2 2 9 8 533 1171 498
2148 2 2 9 8 596 597 595
2149 2 2 9 8 433 1045 56
2150 2 2 9 8 278 1038 15
2151 2 2 9 8 435 1035 1034
2152 2 2 9 8 55 1045 276
2153 2 2 9 8 484 1179 457
2154 2 2 9 8 977 1208 367
2155 2 2 9 8 259 1041 25
2156 2 2 9 8 1051 1254 1036
2157 2 2 9 8 1055 1318 736
2158 2 2 9 8 1040 1102 259
2159 2 2 9 8 592 593 264
2160 2 2 9 8 556 1090 491
2161 2 2 9 8 435 1034 46
2162 2 2 9 8 1064 1133 631
2163 2 2 9 8 646 1154 850
2164 2 2 9 8 335 1286 337
2165 2 2 9 8 49 1056 267
2166 2 2 9 8 24 1041 432
2167 2 2 9 8 622 1186 606
2168 2 2 9 8 260 596 595
2169 2 2 9 8 47 1051 435
2170 2 2 9 8 929 1240 932
2171 2 2 9 8 1021 1293 750
2172 2 2 9 8 640 733 641
2173 2 2 9 8 954 1241 286
2174 2 2 9 8 1180 1305 742
2175 2 2 9 8 432 1052 23
2176 2 2 9 8 1022 1313 494
2177 2 2 9 8 799 1169 693
2178 2 2 9 8 975 1158 770
2179 2 2 9 8 267 1051 48
2180 2 2 9 8 705 713 593
2181 2 2 9 8 636 1110 509
2182 2 2 9 8 289 698 697
2183 2 2 9 8 22 1052 268
2184 2 2 9 8 398 400 399
2185 2 2 9 8 1002 1208 704
2186 2 2 9 8 439 1262 446
2187 2 2 9 8 816 1306 1237
2188 2 2 9 8 609 1110 1043
2189 2 2 9 8 357 1334 355
2190 2 2 9 8 398 399 382
2191 2 2 9 8 543 1227 1082
2192 2 2 9 8 467 1103 556
2193 2 2 9 8 317 1124 319
2194 2 2 9 8 861 1265 860
2195 2 2 9 8 702 1179 512
2196 2 2 9 8 244 738 686
2197 2 2 9 8 676 1156 679
2198 2 2 9 8 607 895 894
2199 2 2 9 8 425 1312 1015
2200 2 2 9 8 677 1202 717
2201 2 2 9 8 542 1090 629
2202 2 2 9 8 328 331 330
2203 2 2 9 8 278 1039 1038
2204 2 2 9 8 991 1211 712
2205 2 2 9 8 1194 1227 711
2206 2 2 9 8 1030 1289 590
2207 2 2 9 8 825 1319 1149
2208 2 2 9 8 620 621 606
2209 2 2 9 8 20 1203 1049
2210 2 2 9 8 1075 1153 1073
2211 2 2 9 8 1193 1232 703
2212 2 2 9 8 524 1098 558
2213 2 2 9 8 981 1287 651
2214 2 2 9 8 77 1256 633
2215 2 2 9 8 434 1089 13
2216 2 2 9 8 605 606 604
2217 2 2 9 8 57 1044 433
2218 2 2 9 8 706 1196 705
2219 2 2 9 8 299 300 298
2220 2 2 9 8 276 1172 54
2221 2 2 9 8 638 1109 254
2222 2 2 9 8 581 1139 580
2223 2 2 9 8 324 1166 477
2224 2 2 9 8 421 1159 453
2225 2 2 9 8 854 1326 853
2226 2 2 9 8 268 1203 21
2227 2 2 9 8 1174 1269 653
2228 2 2 9 8 1084 1330 722
2229 2 2 9 8 1032 1245 544
2230 2 2 9 8 708 1098 536
2231 2 2 9 8 319 1124 322
2232 2 2 9 8 545 1282 1112
2233 2 2 9 8 893 1315 1243
2234 2 2 9 8 897 1199 841
2235 2 2 9 8 477 1304 1057
2236 2 2 9 8 464 1278 1250
2237 2 2 9 8 605 620 606
2238 2 2 9 8 1037 1159 421
2239 2 2 9 8 718 1229 1020
2240 2 2 9 8 295 1276 992
2241 2 2 9 8 526 559 527
2242 2 2 9 8 808 1322 1013
2243 2 2 9 8 641 1058 653
2244 2 2 9 8 602 1119 605
2245 2 2 9 8 738 1142 686
2246 2 2 9 8 546 1081 3
2247 2 2 9 8 660 1290 657
2248 2 2 9 8 305 1121 307
2249 2 2 9 8 733 1058 641
2250 2 2 9 8 52 1311 275
2251 2 2 9 8 692 799 693
2252 2 2 9 8 256 1212 996
2253 2 2 9 8 672 1148 1147
2254 2 2 9 8 682 987 985
2255 2 2 9 8 462 1138 311
2256 2 2 9 8 429 1224 221
2257 2 2 9 8 708 1167 1098
2258 2 2 9 8 328 1057 331
2259 2 2 9 8 512 1179 484
2260 2 2 9 8 1076 1095 760
2261 2 2 9 8 712 1211 816
2262 2 2 9 8 881 1222 370
2263 2 2 9 8 537 1242 731
2264 2 2 9 8 899 1142 699
2265 2 2 9 8 613 1243 994
2266 2 2 9 8 300 1165 298
2267 2 2 9 8 1057 1304 874
2268 2 2 9 8 294 1095 299
2269 2 2 9 8 605 1109 620
2270 2 2 9 8 601 1119 602
2271 2 2 9 8 739 1319 1274
2272 2 2 9 8 563 1309 658
2273 2 2 9 8 1191 1215 262
2274 2 2 9 8 707 1242 1220
2275 2 2 9 8 535 1237 758
2276 2 2 9 8 626 1279 1043
2277 2 2 9 8 895 1195 894
2278 2 2 9 8 427 1157 1023
2279 2 2 9 8 1070 1313 880
2280 2 2 9 8 517 1284 515
2281 2 2 9 8 593 1181 264
2282 2 2 9 8 603 1143 600
2283 2 2 9 8 992 1276 640
2284 2 2 9 8 1215 1268 96
2285 2 2 9 8 812 1160 982
2286 2 2 9 8 818 1234 1169
2287 2 2 9 8 825 1149 619
2288 2 2 9 8 497 1218 1093
2289 2 2 9 8 53 1311 52
2290 2 2 9 8 502 1183 500
2291 2 2 9 8 332 1244 330
2292 2 2 9 8 621 1141 622
2293 2 2 9 8 827 1301 1060
2294 2 2 9 8 507 1280 508
2295 2 2 9 8 12 1089 688
2296 2 2 9 8 662 1270 659
2297 2 2 9 8 687 1044 58
2298 2 2 9 8 689 1308 1187
2299 2 2 9 8 704 1208 1156
2300 2 2 9 8 652 1141 621
2301 2 2 9 8 731 1330 1084
2302 2 2 9 8 640 641 639
2303 2 2 9 8 322 1166 321
2304 2 2 9 8 994 1243 749
2305 2 2 9 8 674 1156 676
2306 2 2 9 8 994 1161 550
2307 2 2 9 8 258 1233 1101
2308 2 2 9 8 847 1144 572
2309 2 2 9 8 311 1138 310
2310 2 2 9 8 588 1226 646
2311 2 2 9 8 511 512 484
2312 2 2 9 8 692 1108 799
2313 2 2 9 8 704 1156 674
2314 2 2 9 8 1045 1188 276
2315 2 2 9 8 1096 1316 418
2316 2 2 9 8 280 1258 69
2317 2 2 9 8 573 1144 734
2318 2 2 9 8 293 398 382
2319 2 2 9 8 1172 1311 53
2320 2 2 9 8 748 1259 1163
2321 2 2 9 8 1012 1198 1129
2322 2 2 9 8 619 1149 585
2323 2 2 9 8 672 1147 1136
2324 2 2 9 8 1237 1306 758
2325 2 2 9 8 1085 1280 611
2326 2 2 9 8 599 1143 625
2327 2 2 9 8 310 1138 315
2328 2 2 9 8 550 1161 549
2329 2 2 9 8 585 1149 587
2330 2 2 9 8 600 1143 599
2331 2 2 9 8 627 1332 900
2332 2 2 9 8 266 1329 1122
2333 2 2 9 8 571 1196 971
2334 2 2 9 8 321 1166 324
2335 2 2 9 8 297 1136 172
2336 2 2 9 8 277 1187 1050
2337 2 2 9 8 317 1297 1124
2338 2 2 9 8 1168 1275 803
2339 2 2 9 8 1020 1229 821
2340 2 2 9 8 1130 1336 615
2341 2 2 9 8 623 1282 720
2342 2 2 9 8 1169 1234 693
2343 2 2 9 8 1089 1150 688
2344 2 2 9 8 564 1189 97
2345 2 2 9 8 817 1312 1106
2346 2 2 9 8 570 1144 573
2347 2 2 9 8 395 1286 335
2348 2 2 9 8 1289 1326 854
2349 2 2 9 8 693 1234 978
2350 2 2 9 8 508 1280 1085
2351 2 2 9 8 504 1267 502
2352 2 2 9 8 970 1261 700
2353 2 2 9 8 1001 1233 258
2354 2 2 9 8 572 1144 570
2355 2 2 9 8 511 1248 512
2356 2 2 9 8 549 1161 616
2357 2 2 9 8 293 1193 398
2358 2 2 9 8 566 1230 569
2359 2 2 9 8 1162 1264 701
2360 2 2 9 8 142 1091 244
2361 2 2 9 8 274 640 639
2362 2 2 9 8 494 1313 1070
2363 2 2 9 8 611 1280 245
2364 2 2 9 8 700 1261 1105
2365 2 2 9 8 1183 1302 500
2366 2 2 9 8 1106 1312 425
2367 2 2 9 8 274 639 564
2368 2 2 9 8 245 1280 507
2369 2 2 9 8 249 1076 760
2370 2 2 9 8 1055 1260 643
2371 2 2 9 8 181 978 292
2372 2 2 9 8 1183 1267 810
2373 2 2 9 8 650 1235 1104
2374 2 2 9 8 652 1326 1030
2375 2 2 9 8 1110 1303 509
2376 2 2 9 8 1013 1207 806
2377 2 2 9 8 547 1217 623
2378 2 2 9 8 1027 1271 696
2379 2 2 9 8 293 382 252
2380 2 2 9 8 737 1163 706
2381 2 2 9 8 515 1284 702
2382 2 2 9 8 500 1302 499
2383 2 2 9 8 615 1336 614
2384 2 2 9 8 553 1230 566
2385 2 2 9 8 1031 1047 394
2386 2 2 9 8 831 1257 1113
2387 2 2 9 8 604 1186 607
2388 2 2 9 8 607 1186 895
2389 2 2 9 8 1305 1329 1035
2390 2 2 9 8 606 1186 604
2391 2 2 9 8 797 1258 1131
2392 2 2 9 8 411 1294 1121
2393 2 2 9 8 978 1234 292
2394 2 2 9 8 1281 1306 816
2395 2 2 9 8 418 1316 997
2396 2 2 9 8 853 1326 1287
2397 2 2 9 8 609 1303 1110
2398 2 2 9 8 2 638 254
2399 2 2 9 8 1127 1289 854
2400 2 2 9 8 1238 1282 623
2401 2 2 9 8 1287 1326 652
2402 2 2 9 8 294 299 298
2403 2 2 9 8 786 1296 1219
2404 2 2 9 8 394 1047 756
2405 2 2 9 8 575 1209 577
2406 2 2 9 8 407 1303 609
2407 2 2 9 8 1097 1294 411
2408 2 2 9 8 315 1297 317
2409 2 2 9 8 1047 1145 612
2410 2 2 9 8 1093 1317 497
2411 2 2 9 8 734 1209 575
2412 2 2 9 8 1049 1203 901
2413 2 2 9 8 990 1227 1194
2414 2 2 9 8 1039 1221 1038
2415 2 2 9 8 861 1299 1155
2416 2 2 9 8 1038 1221 434
2417 2 2 9 8 1187 1332 689
2418 2 2 9 8 1111 1273 526
2419 2 2 9 8 526 1273 559
2420 2 2 9 8 705 1298 713
2421 2 2 9 8 1036 1335 1035
2422 2 2 9 8 1034 1329 266
2423 2 2 9 8 897 1221 1199
2424 2 2 9 8 1060 1301 938
2425 2 2 9 8 583 1325 581
2426 2 2 9 8 250 1264 1162
2427 2 2 9 8 1199 1221 1039
2428 2 2 9 8 692 1283 1108
2429 2 2 9 8 691 1283 692
2430 2 2 9 8 698 1264 697
2431 2 2 9 8 1211 1281 816
2432 2 2 9 8 1201 1239 836
2433 2 2 9 8 1035 1329 1034
2434 2 2 9 8 1104 1292 650
2435 2 2 9 8 407 609 608
2436 2 2 9 8 102 992 274
2437 2 2 9 8 651 1287 652
2438 2 2 9 8 1091 1253 843
2439 2 2 9 8 614 1336 650
2440 2 2 9 8 520 1310 1291
2441 2 2 9 8 1291 1310 523
2442 2 2 9 8 1031 1125 1047
2443 2 2 9 8 1254 1255 1036
2444 2 2 9 8 1158 1328 905
2445 2 2 9 8 272 1306 1281
2446 2 2 9 8 1042 1279 801
2447 2 2 9 8 1219 1251 719
2448 2 2 9 8 803 1251 1219
2449 2 2 9 8 1043 1279 1042
2450 2 2 9 8 1124 1297 761
2451 2 2 9 8 497 1317 1307
2452 2 2 9 8 1307 1317 495
2453 2 2 9 8 924 1275 1168
2454 2 2 9 8 746 1255 1254
2455 2 2 9 8 1259 1331 567
2456 2 2 9 8 1196 1298 705
2457 2 2 9 8 294 298 251
2458 2 2 9 8 789 1305 1180
2459 2 2 9 8 1155 1299 967
2460 2 2 9 8 1046 1308 1173
2461 2 2 9 8 1081 1269 262
2462 2 2 9 8 1138 1297 315
2463 2 2 9 8 1168 1296 923
2464 2 2 9 8 1045 1322 1188
2465 2 2 9 8 1187 1308 1050
2466 2 2 9 8 1010 1311 1172
2467 2 2 9 8 1165 1277 298
2468 2 2 9 8 792 1303 407
2469 2 2 9 8 433 1322 1045
2470 2 2 9 8 994 1314 1161
2471 2 2 9 8 887 1232 1193
2472 2 2 9 8 1217 1238 623
2473 2 2 9 8 1121 1294 1067
2474 2 2 9 8 1112 1282 1238
2475 2 2 9 8 1050 1308 1046
2476 2 2 9 8 717 1268 1215
2477 2 2 9 8 471 1300 1065
2478 2 2 9 8 499 1302 246
2479 2 2 9 8 1105 1261 850
2480 2 2 9 8 280 1235 1130
2481 2 2 9 8 1139 1325 813
2482 2 2 9 8 1206 1292 849
2483 2 2 9 8 696 1271 1245
2484 2 2 9 8 1108 1283 254
2485 2 2 9 8 132 1031 394
2486 2 2 9 8 1030 1326 1289
2487 2 2 9 8 639 1189 564
2488 2 2 9 8 1065 1314 471
2489 2 2 9 8 1255 1335 1036
2490 2 2 9 8 502 1267 1183
2491 2 2 9 8 1035 1335 1305
2492 2 2 9 8 1173 1308 689
2493 2 2 9 8 117 248 116
2494 2 2 9 8 1254 1320 746
2495 2 2 9 8 152 1210 247
2496 2 2 9 8 246 1302 1232
2497 2 2 9 8 1245 1271 878
2498 2 2 9 8 650 1336 1235
2499 2 2 9 8 176 594 175
2500 2 2 9 8 382 1151 252
2501 2 2 9 8 1052 1318 268
2502 2 2 9 8 707 1330 1242
2503 2 2 9 8 1242 1330 731
2504 2 2 9 8 803 1327 1251
2505 2 2 9 8 748 1331 1259
2506 2 2 9 8 756 1047 612
2507 2 2 9 8 298 1277 251
2508 2 2 9 8 147 580 146
2509 2 2 9 8 1113 1331 748
2510 2 2 9 8 900 1332 1187
2511 2 2 9 8 246 1232 887
2512 2 2 9 8 581 1325 1139
2513 2 2 9 8 1257 1331 1113
2514 2 2 9 8 166 294 251
2515 2 2 9 8 1188 1322 808
2516 2 2 9 8 742 1335 1255
2517 2 2 9 8 1243 1315 749
2518 2 2 9 8 802 1327 1160
2519 2 2 9 8 186 691 185
2520 2 2 9 8 112 1137 381
2521 2 2 9 8 122 293 252
2522 2 2 9 8 249 760 167
2523 2 2 9 8 142 244 141
2524 2 2 9 8 1235 1336 1130
2525 2 2 9 8 1251 1327 802
2526 2 2 9 8 137 289 136
2527 2 2 9 8 152 247 151
2528 2 2 9 8 127 499 126
2529 2 2 9 8 567 1331 1257
2530 2 2 9 8 181 292 180
2531 2 2 9 8 408 506 182
2532 2 2 9 8 102 274 101
2533 2 2 9 8 246 887 123
2534 2 2 9 8 407 608 153
2535 2 2 9 8 156 974 155
2536 2 2 9 8 109 969 108
2537 2 2 9 8 158 965 157
2538 2 2 9 8 965 966 157
2539 2 2 9 8 507 966 965
2540 2 2 9 8 187 638 2
2541 2 2 9 8 3 1081 96
2542 2 2 9 8 103 992 102
2543 2 2 9 8 108 264 107
2544 2 2 9 8 113 291 112
2545 2 2 9 8 118 716 117
2546 2 2 9 8 123 887 122
2547 2 2 9 8 128 283 127
2548 2 2 9 8 133 250 132
2549 2 2 9 8 138 899 137
2550 2 2 9 8 143 1091 142
2551 2 2 9 8 148 296 147
2552 2 2 9 8 153 1210 152
2553 2 2 9 8 608 1210 153
2554 2 2 9 8 157 966 156
2555 2 2 9 8 162 610 161
2556 2 2 9 8 167 760 166
2557 2 2 9 8 172 285 171
2558 2 2 9 8 177 260 176
2559 2 2 9 8 182 978 181
2560 2 2 9 8 5 687 59
2561 2 2 9 8 60 687 5
2562 2 2 9 8 11 688 6
2563 2 2 9 8 6 688 223
2564 2 2 9 8 98 564 97
2565 2 2 9 8 97 1189 546
2566 2 2 9 8 100 564 99
2567 2 2 9 8 105 295 104
2568 2 2 9 8 106 295 105
2569 2 2 9 8 108 969 591
2570 2 2 9 8 115 630 114
2571 2 2 9 8 116 248 115
2572 2 2 9 8 122 1193 293
2573 2 2 9 8 887 1193 122
2574 2 2 9 8 125 246 124
2575 2 2 9 8 250 1031 132
2576 2 2 9 8 135 697 134
2577 2 2 9 8 140 686 139
2578 2 2 9 8 146 253 145
2579 2 2 9 8 150 695 149
2580 2 2 9 8 154 793 407
2581 2 2 9 8 156 966 284
2582 2 2 9 8 792 974 156
2583 2 2 9 8 164 251 163
2584 2 2 9 8 251 1277 163
2585 2 2 9 8 166 1095 294
2586 2 2 9 8 760 1095 166
2587 2 2 9 8 175 297 174
2588 2 2 9 8 179 715 178
2589 2 2 9 8 185 408 184
2590 2 2 9 8 254 691 186
2591 2 2 9 8 507 757 245
2592 2 2 9 8 1151 1152 252
2593 2 2 9 8 254 1283 691
2594 2 2 9 8 591 962 381
2595 2 2 9 8 407 793 792
2596 2 2 9 8 714 757 507
2597 2 2 9 8 798 1077 979
2598 2 2 9 8 985 1250 986
2599 2 2 7 17 1338 1347 1361
2600 2 2 7 17 1355 1337 1362
2601 2 2 7 17 1343 1365 1366
2602 2 2 7 17 1365 1343 1372
2603 2 2 7 17 1337 1355 1364
2604 2 2 7 17 1347 1338 1370
2605 2 2 7 17 1360 1345 1370
2606 2 2 7 17 1371 1344 1376
2607 2 2 7 17 1343 242 1371
2608 2 2 7 17 242 1343 1366
2609 2 2 7 17 241 242 1367
2610 2 2 7 17 242 243 1371
2611 2 2 7 17 1347 1346 1361
2612 2 2 7 17 1354 1355 1362
2613 2 2 7 17 1342 1350 1377
2614 2 2 7 17 1343 1371 1376
2615 2 2 7 17 1350 1342 1365
2616 2 2 7 17 1344 243 1368
2617 2 2 7 17 1359 1337 1364
2618 2 2 7 17 1359 1364 1368
2619 2 2 7 17 1358 1344 1373
2620 2 2 7 17 243 1344 1371
2621 2 2 7 17 1344 1358 1376
2622 2 2 7 17 1349 1350 1351
2623 2 2 7 17 1341 1352 1353
2624 2 2 7 17 1351 1350 1352
2625 2 2 7 17 1341 1351 1352
2626 2 2 7 17 233 1349 1351
2627 2 2 7 17 1339 1348 1349
2628 2 2 7 17 235 236 1346
2629 2 2 7 17 232 233 1351
2630 2 2 7 17 1341 1353 1356
2631 2 2 7 17 1349 1348 1350
2632 2 2 7 17 234 1339 1349
2633 2 2 7 17 1339 235 1346
2634 2 2 7 17 233 234 1349
2635 2 2 7 17 234 235 1339
2636 2 2 7 17 1339 1346 1347
2637 2 2 7 17 1339 1347 1348
2638 2 2 7 17 228 229 1354
2639 2 2 7 17 230 231 1356
2640 2 2 7 17 1356 1353 1357
2641 2 2 7 17 231 232 1341
2642 2 2 7 17 1341 232 1351
2643 2 2 7 17 229 230 1340
2644 2 2 7 17 1354 1340 1355
2645 2 2 7 17 1357 1353 1358
2646 2 2 7 17 1355 1340 1357
2647 2 2 7 17 229 1340 1354
2648 2 2 7 17 231 1341 1356
2649 2 2 7 17 1340 230 1356
2650 2 2 7 17 1340 1356 1357
2651 2 2 7 17 242 1366 1367
2652 2 2 7 17 1345 241 1369
2653 2 2 7 17 225 226 1337
2654 2 2 7 17 239 238 1338
2655 2 2 7 17 238 237 1360
2656 2 2 7 17 224 225 1359
2657 2 2 7 17 241 1367 1369
2658 2 2 7 17 1366 1342 1367
2659 2 2 7 17 1338 1360 1370
2660 2 2 7 17 1338 238 1360
2661 2 2 7 17 225 1337 1359
2662 2 2 7 17 1358 1343 1376
2663 2 2 7 17 239 1338 1361
2664 2 2 7 17 1337 226 1362
2665 2 2 7 17 1343 1358 1372
2666 2 2 7 17 240 239 1361
2667 2 2 7 17 226 227 1362
2668 2 2 7 17 1358 1353 1372
2669 2 2 7 17 1348 1347 1363
2670 2 2 7 17 1363 1345 1369
2671 2 2 7 17 1357 1358 1373
2672 2 2 7 17 1363 1369 1377
2673 2 2 7 17 1350 1348 1377
2674 2 2 7 17 1363 1347 1370
2675 2 2 7 17 1365 1342 1366
2676 2 2 7 17 236 10 1375
2677 2 2 7 17 9 228 1374
2678 2 2 7 17 10 240 1375
2679 2 2 7 17 227 9 1374
2680 2 2 7 17 1352 1350 1365
2681 2 2 7 17 1352 1365 1372
2682 2 2 7 17 1367 1342 1369
2683 2 2 7 17 1353 1352 1372
2684 2 2 7 17 1355 1357 1373
2685 2 2 7 17 1369 1342 1377
2686 2 2 7 17 1364 1344 1368
2687 2 2 7 17 1345 1363 1370
2688 2 2 7 17 1346 236 1375
2689 2 2 7 17 228 1354 1374
2690 2 2 7 17 1364 1355 1373
2691 2 2 7 17 1344 1364 1373
2692 2 2 7 17 1361 1346 1375
2693 2 2 7 17 1354 1362 1374
2694 2 2 7 17 240 1361 1375
2695 2 2 7 17 1362 227 1374
2696 2 2 7 17 1348 1363 1377
2697 2 2 7 17 237 7 1360
2698 2 2 7 17 7 241 1360
2699 2 2 7 17 8 224 1359
2700 2 2 7 17 243 8 1368
2701 2 2 7 17 8 1359 1368
2702 2 2 7 17 241 1345 1360
2703 2 2 8 19 1389 230 1399
2704 2 2 8 19 9 97 1384
2705 2 2 8 19 1391 229 1392
2706 2 2 8 19 228 1384 1393
2707 2 2 8 19 230 1397 1399
2708 2 2 8 19 229 1391 1398
2709 2 2 8 19 108 1391 1392
2710 2 2 8 19 1392 228 1393
2711 2 2 8 19 1388 230 1389
2712 2 2 8 19 1397 229 1398
2713 2 2 8 19 107 1392 1393
2714 2 2 8 19 1397 118 1399
2715 2 2 8 19 1388 128 1390
2716 2 2 8 19 127 1388 1389
2717 2 2 8 19 117 1397 1398
2718 2 2 8 19 2 10 1409
2719 2 2 8 19 1411 1410 1412
2720 2 2 8 19 1418 231 1419
2721 2 2 8 19 1385 175 1424
2722 2 2 8 19 165 166 1438
2723 2 2 8 19 231 230 1420
2724 2 2 8 19 162 1394 1429
2725 2 2 8 19 1401 147 1416
2726 2 2 8 19 158 159 1404
2727 2 2 8 19 159 1403 1404
2728 2 2 8 19 144 145 1405
2729 2 2 8 19 145 1401 1405
2730 2 2 8 19 1406 1402 1413
2731 2 2 8 19 1410 1409 1412
2732 2 2 8 19 153 1378 1379
2733 2 2 8 19 1408 232 1414
2734 2 2 8 19 1382 1420 1436
2735 2 2 8 19 1412 1409 1421
2736 2 2 8 19 178 1387 1426
2737 2 2 8 19 1421 236 1422
2738 2 2 8 19 1400 1415 1417
2739 2 2 8 19 1381 1383 1418
2740 2 2 8 19 1403 161 1429
2741 2 2 8 19 1380 1408 1416
2742 2 2 8 19 1382 1381 1419
2743 2 2 8 19 1420 1390 1436
2744 2 2 8 19 1380 1379 1407
2745 2 2 8 19 233 232 1408
2746 2 2 8 19 175 176 1424
2747 2 2 8 19 233 1406 1413
2748 2 2 8 19 1423 1385 1424
2749 2 2 8 19 1400 1401 1415
2750 2 2 8 19 10 236 1409
2751 2 2 8 19 146 147 1401
2752 2 2 8 19 232 231 1418
2753 2 2 8 19 1390 132 1436
2754 2 2 8 19 1423 1386 1426
2755 2 2 8 19 159 160 1403
2756 2 2 8 19 100 101 1435
2757 2 2 8 19 145 146 1401
2758 2 2 8 19 169 170 1396
2759 2 2 8 19 104 105 1393
2760 2 2 8 19 120 121 1399
2761 2 2 8 19 130 131 1390
2762 2 2 8 19 236 235 1422
2763 2 2 8 19 235 234 1430
2764 2 2 8 19 1427 1437 1438
2765 2 2 8 19 1431 1395 1433
2766 2 2 8 19 131 132 1390
2767 2 2 8 19 121 122 1399
2768 2 2 8 19 1396 171 1432
2769 2 2 8 19 234 233 1413
2770 2 2 8 19 172 1385 1434
2771 2 2 8 19 1413 1402 1428
2772 2 2 8 19 160 161 1403
2773 2 2 8 19 172 173 1385
2774 2 2 8 19 182 183 1410
2775 2 2 8 19 113 114 1398
2776 2 2 8 19 155 156 1378
2777 2 2 8 19 133 134 1382
2778 2 2 8 19 103 104 1393
2779 2 2 8 19 162 163 1394
2780 2 2 8 19 123 124 1389
2781 2 2 8 19 170 171 1396
2782 2 2 8 19 1383 1417 1418
2783 2 2 8 19 148 149 1380
2784 2 2 8 19 1406 233 1407
2785 2 2 8 19 1402 1403 1428
2786 2 2 8 19 1400 1417 1425
2787 2 2 8 19 1386 177 1426
2788 2 2 8 19 1400 143 1405
2789 2 2 8 19 1402 157 1404
2790 2 2 8 19 143 1400 1425
2791 2 2 8 19 1432 171 1434
2792 2 2 8 19 1415 1401 1416
2793 2 2 8 19 1380 1407 1408
2794 2 2 8 19 140 141 1383
2795 2 2 8 19 179 180 1387
2796 2 2 8 19 234 1427 1430
2797 2 2 8 19 1396 1432 1433
2798 2 2 8 19 1428 1403 1429
2799 2 2 8 19 167 168 1433
2800 2 2 8 19 101 1384 1435
2801 2 2 8 19 166 1395 1438
2802 2 2 8 19 148 1380 1416
2803 2 2 8 19 1407 233 1408
2804 2 2 8 19 1386 1423 1424
2805 2 2 8 19 1382 1419 1420
2806 2 2 8 19 133 1382 1436
2807 2 2 8 19 143 144 1405
2808 2 2 8 19 1422 1430 1431
2809 2 2 8 19 157 158 1404
2810 2 2 8 19 168 1396 1433
2811 2 2 8 19 176 1386 1424
2812 2 2 8 19 1431 1430 1438
2813 2 2 8 19 1408 1414 1415
2814 2 2 8 19 1412 1421 1426
2815 2 2 8 19 1430 1427 1438
2816 2 2 8 19 1429 1394 1437
2817 2 2 8 19 1422 1431 1432
2818 2 2 8 19 1379 1378 1406
2819 2 2 8 19 1423 1422 1432
2820 2 2 8 19 1381 1418 1419
2821 2 2 8 19 1417 1383 1425
2822 2 2 8 19 182 1410 1411
2823 2 2 8 19 1395 167 1433
2824 2 2 8 19 1415 1414 1417
2825 2 2 8 19 1409 236 1421
2826 2 2 8 19 1419 231 1420
2827 2 2 8 19 1387 181 1411
2828 2 2 8 19 1383 142 1425
2829 2 2 8 19 1437 1394 1438
2830 2 2 8 19 1421 1422 1423
2831 2 2 8 19 1421 1423 1426
2832 2 2 8 19 1379 1406 1407
2833 2 2 8 19 1428 1429 1437
2834 2 2 8 19 1427 1413 1428
2835 2 2 8 19 1387 1411 1412
2836 2 2 8 19 1417 1414 1418
2837 2 2 8 19 111 112 1391
2838 2 2 8 19 101 102 1384
2839 2 2 8 19 1432 1431 1433
2840 2 2 8 19 1422 235 1430
2841 2 2 8 19 1414 232 1418
2842 2 2 8 19 1408 1415 1416
2843 2 2 8 19 1387 1412 1426
2844 2 2 8 19 1427 1428 1437
2845 2 2 8 19 234 1413 1427
2846 2 2 8 19 141 142 1383
2847 2 2 8 19 180 181 1387
2848 2 2 8 19 107 108 1392
2849 2 2 8 19 117 118 1397
2850 2 2 8 19 127 128 1388
2851 2 2 8 19 137 138 1381
2852 2 2 8 19 142 143 1425
2853 2 2 8 19 147 148 1416
2854 2 2 8 19 152 153 1379
2855 2 2 8 19 166 167 1395
2856 2 2 8 19 171 172 1434
2857 2 2 8 19 176 177 1386
2858 2 2 8 19 181 182 1411
2859 2 2 8 19 186 2 1409
2860 2 2 8 19 97 9 3
2861 2 2 8 19 228 9 1384
2862 2 2 8 19 97 98 1384
2863 2 2 8 19 98 99 1435
2864 2 2 8 19 1384 98 1435
2865 2 2 8 19 99 100 1435
2866 2 2 8 19 102 103 1384
2867 2 2 8 19 1384 103 1393
2868 2 2 8 19 105 106 1393
2869 2 2 8 19 106 107 1393
2870 2 2 8 19 108 109 1391
2871 2 2 8 19 109 110 1391
2872 2 2 8 19 110 111 1391
2873 2 2 8 19 112 113 1398
2874 2 2 8 19 1391 112 1398
2875 2 2 8 19 114 115 1398
2876 2 2 8 19 115 116 1398
2877 2 2 8 19 116 117 1398
2878 2 2 8 19 118 119 1399
2879 2 2 8 19 119 120 1399
2880 2 2 8 19 122 123 1389
2881 2 2 8 19 122 1389 1399
2882 2 2 8 19 124 125 1389
2883 2 2 8 19 125 126 1389
2884 2 2 8 19 126 127 1389
2885 2 2 8 19 128 129 1390
2886 2 2 8 19 129 130 1390
2887 2 2 8 19 132 133 1436
2888 2 2 8 19 134 135 1382
2889 2 2 8 19 135 136 1382
2890 2 2 8 19 136 137 1382
2891 2 2 8 19 137 1381 1382
2892 2 2 8 19 138 139 1383
2893 2 2 8 19 1381 138 1383
2894 2 2 8 19 139 140 1383
2895 2 2 8 19 149 150 1380
2896 2 2 8 19 150 151 1380
2897 2 2 8 19 151 152 1380
2898 2 2 8 19 152 1379 1380
2899 2 2 8 19 153 154 1378
2900 2 2 8 19 154 155 1378
2901 2 2 8 19 156 157 1378
2902 2 2 8 19 1378 157 1402
2903 2 2 8 19 161 162 1429
2904 2 2 8 19 163 164 1394
2905 2 2 8 19 164 165 1394
2906 2 2 8 19 1394 165 1438
2907 2 2 8 19 168 169 1396
2908 2 2 8 19 173 174 1385
2909 2 2 8 19 174 175 1385
2910 2 2 8 19 177 178 1426
2911 2 2 8 19 178 179 1387
2912 2 2 8 19 183 184 1410
2913 2 2 8 19 184 185 1410
2914 2 2 8 19 185 186 1410
2915 2 2 8 19 186 1409 1410
2916 2 2 8 19 229 228 1392
2917 2 2 8 19 230 229 1397
2918 2 2 8 19 230 1388 1420
2919 2 2 8 19 1378 1402 1406
2920 2 2 8 19 1385 1423 1432
2921 2 2 8 19 1385 1432 1434
2922 2 2 8 19 1388 1390 1420
2923 2 2 8 19 1395 1431 1438
2924 2 2 8 19 1401 1400 1405
2925 2 2 8 19 1403 1402 1404
$EndElements
