Searching DEVSIM_MATH_LIBS="C:\Users\T590\anaconda3\envs\devsim_env\Library\bin\mkl_rt.2.dll;C:\Users\T590\anaconda3\envs\devsim_env\Library\bin\mkl_rt.2.dll;C:\Users\T590\anaconda3\envs\devsim_env\Library\bin\mkl_rt.2.dll"
Loading "C:\Users\T590\anaconda3\envs\devsim_env\Library\bin\mkl_rt.2.dll": Intel MKL with PARDISO LOADED
Skipping C:\Users\T590\anaconda3\envs\devsim_env\Library\bin\mkl_rt.2.dll
Skipping C:\Users\T590\anaconda3\envs\devsim_env\Library\bin\mkl_rt.2.dll
Physical group name body_contact has 0 Tetrahedra.
Physical group name body_contact has 0 Triangles.
Physical group name body_contact has 50 Lines.
Physical group name body_contact has 51 Points.
Physical group name bulk has 0 Tetrahedra.
Physical group name bulk has 2403 Triangles.
Physical group name bulk has 3714 Lines.
Physical group name bulk has 1312 Points.
Physical group name bulk_oxide_interface has 0 Tetrahedra.
Physical group name bulk_oxide_interface has 0 Triangles.
Physical group name bulk_oxide_interface has 91 Lines.
Physical group name bulk_oxide_interface has 92 Points.
Physical group name drain_contact has 0 Tetrahedra.
Physical group name drain_contact has 0 Triangles.
Physical group name drain_contact has 20 Lines.
Physical group name drain_contact has 21 Points.
Physical group name gate has 0 Tetrahedra.
Physical group name gate has 114 Triangles.
Physical group name gate has 184 Lines.
Physical group name gate has 71 Points.
Physical group name gate_contact has 0 Tetrahedra.
Physical group name gate_contact has 0 Triangles.
Physical group name gate_contact has 6 Lines.
Physical group name gate_contact has 7 Points.
Physical group name gate_oxide_interface has 0 Tetrahedra.
Physical group name gate_oxide_interface has 0 Triangles.
Physical group name gate_oxide_interface has 10 Lines.
Physical group name gate_oxide_interface has 11 Points.
Physical group name oxide has 0 Tetrahedra.
Physical group name oxide has 289 Triangles.
Physical group name oxide has 485 Lines.
Physical group name oxide has 197 Points.
Physical group name source_contact has 0 Tetrahedra.
Physical group name source_contact has 0 Triangles.
Physical group name source_contact has 20 Lines.
Physical group name source_contact has 21 Points.
Device mos2d has 1477 coordinates with max index 1477
Region bulk has 1312 nodes.
Region gate has 71 nodes.
Region oxide has 197 nodes.
Contact body in region bulk with 51 nodes
Contact drain in region bulk with 21 nodes
Contact gate in region gate with 7 nodes
Contact source in region bulk with 21 nodes
Warning, contact "drain" shares a node with interface "bulk_oxide"
Warning, contact "source" shares a node with interface "bulk_oxide"
Adding interface bulk_oxide with 92, 92 nodes
Adding interface gate_oxide with 11, 11 nodes
bulk body
bulk drain
gate gate
bulk source
number of equations 1580
Iteration: 0
  Device: "mos2d"	RelError: 3.00000e+00	AbsError: 2.53768e-01
    Region: "bulk"	RelError: 1.00000e+00	AbsError: 2.46502e-01
      Equation: "PotentialEquation"	RelError: 1.00000e+00	AbsError: 2.46502e-01
    Region: "gate"	RelError: 1.00000e+00	AbsError: 2.53768e-01
      Equation: "PotentialEquation"	RelError: 1.00000e+00	AbsError: 2.53768e-01
    Region: "oxide"	RelError: 1.00000e+00	AbsError: 2.51633e-01
      Equation: "PotentialEquation"	RelError: 1.00000e+00	AbsError: 2.51633e-01
Iteration: 1
  Device: "mos2d"	RelError: 3.35151e+01	AbsError: 2.52914e-01
    Region: "bulk"	RelError: 3.25166e+01	AbsError: 2.45419e-01
      Equation: "PotentialEquation"	RelError: 3.25166e+01	AbsError: 2.45419e-01
    Region: "gate"	RelError: 4.99345e-01	AbsError: 2.52914e-01
      Equation: "PotentialEquation"	RelError: 4.99345e-01	AbsError: 2.52914e-01
    Region: "oxide"	RelError: 4.99154e-01	AbsError: 2.50709e-01
      Equation: "PotentialEquation"	RelError: 4.99154e-01	AbsError: 2.50709e-01
Iteration: 2
  Device: "mos2d"	RelError: 5.23412e+01	AbsError: 1.52533e-01
    Region: "bulk"	RelError: 5.18537e+01	AbsError: 1.52533e-01
      Equation: "PotentialEquation"	RelError: 5.18537e+01	AbsError: 1.52533e-01
    Region: "gate"	RelError: 3.16582e-01	AbsError: 1.37662e-01
      Equation: "PotentialEquation"	RelError: 3.16582e-01	AbsError: 1.37662e-01
    Region: "oxide"	RelError: 1.70948e-01	AbsError: 1.01704e-01
      Equation: "PotentialEquation"	RelError: 1.70948e-01	AbsError: 1.01704e-01
Iteration: 3
  Device: "mos2d"	RelError: 1.11322e+02	AbsError: 1.54309e-01
    Region: "bulk"	RelError: 1.11042e+02	AbsError: 1.54309e-01
      Equation: "PotentialEquation"	RelError: 1.11042e+02	AbsError: 1.54309e-01
    Region: "gate"	RelError: 2.29097e-01	AbsError: 7.00000e-02
      Equation: "PotentialEquation"	RelError: 2.29097e-01	AbsError: 7.00000e-02
    Region: "oxide"	RelError: 5.15799e-02	AbsError: 2.57806e-02
      Equation: "PotentialEquation"	RelError: 5.15799e-02	AbsError: 2.57806e-02
Iteration: 4
  Device: "mos2d"	RelError: 1.11866e+02	AbsError: 1.57010e-01
    Region: "bulk"	RelError: 1.11641e+02	AbsError: 1.57010e-01
      Equation: "PotentialEquation"	RelError: 1.11641e+02	AbsError: 1.57010e-01
    Region: "gate"	RelError: 1.75024e-01	AbsError: 6.48239e-02
      Equation: "PotentialEquation"	RelError: 1.75024e-01	AbsError: 6.48239e-02
    Region: "oxide"	RelError: 5.01929e-02	AbsError: 2.57540e-02
      Equation: "PotentialEquation"	RelError: 5.01929e-02	AbsError: 2.57540e-02
Iteration: 5
  Device: "mos2d"	RelError: 1.05518e+02	AbsError: 1.56961e-01
    Region: "bulk"	RelError: 1.05324e+02	AbsError: 1.56961e-01
      Equation: "PotentialEquation"	RelError: 1.05324e+02	AbsError: 1.56961e-01
    Region: "gate"	RelError: 1.37182e-01	AbsError: 5.88866e-02
      Equation: "PotentialEquation"	RelError: 1.37182e-01	AbsError: 5.88866e-02
    Region: "oxide"	RelError: 5.65793e-02	AbsError: 2.58220e-02
      Equation: "PotentialEquation"	RelError: 5.65793e-02	AbsError: 2.58220e-02
Iteration: 6
  Device: "mos2d"	RelError: 1.14112e+02	AbsError: 1.48175e-01
    Region: "bulk"	RelError: 1.13920e+02	AbsError: 1.48175e-01
      Equation: "PotentialEquation"	RelError: 1.13920e+02	AbsError: 1.48175e-01
    Region: "gate"	RelError: 1.08015e-01	AbsError: 5.19808e-02
      Equation: "PotentialEquation"	RelError: 1.08015e-01	AbsError: 5.19808e-02
    Region: "oxide"	RelError: 8.40223e-02	AbsError: 3.54686e-02
      Equation: "PotentialEquation"	RelError: 8.40223e-02	AbsError: 3.54686e-02
Iteration: 7
  Device: "mos2d"	RelError: 3.09096e+02	AbsError: 1.26293e-01
    Region: "bulk"	RelError: 3.08857e+02	AbsError: 1.26293e-01
      Equation: "PotentialEquation"	RelError: 3.08857e+02	AbsError: 1.26293e-01
    Region: "gate"	RelError: 8.34915e-02	AbsError: 4.38395e-02
      Equation: "PotentialEquation"	RelError: 8.34915e-02	AbsError: 4.38395e-02
    Region: "oxide"	RelError: 1.55188e-01	AbsError: 5.67095e-02
      Equation: "PotentialEquation"	RelError: 1.55188e-01	AbsError: 5.67095e-02
Iteration: 8
  Device: "mos2d"	RelError: 1.19247e+03	AbsError: 1.08087e-01
    Region: "bulk"	RelError: 1.19223e+03	AbsError: 1.08087e-01
      Equation: "PotentialEquation"	RelError: 1.19223e+03	AbsError: 1.08087e-01
    Region: "gate"	RelError: 6.11043e-02	AbsError: 3.41726e-02
      Equation: "PotentialEquation"	RelError: 6.11043e-02	AbsError: 3.41726e-02
    Region: "oxide"	RelError: 1.77622e-01	AbsError: 5.51174e-02
      Equation: "PotentialEquation"	RelError: 1.77622e-01	AbsError: 5.51174e-02
Iteration: 9
  Device: "mos2d"	RelError: 7.48569e+02	AbsError: 9.17426e-02
    Region: "bulk"	RelError: 7.48388e+02	AbsError: 9.17426e-02
      Equation: "PotentialEquation"	RelError: 7.48388e+02	AbsError: 9.17426e-02
    Region: "gate"	RelError: 3.93513e-02	AbsError: 2.29087e-02
      Equation: "PotentialEquation"	RelError: 3.93513e-02	AbsError: 2.29087e-02
    Region: "oxide"	RelError: 1.42039e-01	AbsError: 3.85937e-02
      Equation: "PotentialEquation"	RelError: 1.42039e-01	AbsError: 3.85937e-02
Iteration: 10
  Device: "mos2d"	RelError: 8.35112e+02	AbsError: 7.61527e-02
    Region: "bulk"	RelError: 8.35025e+02	AbsError: 7.61527e-02
      Equation: "PotentialEquation"	RelError: 8.35025e+02	AbsError: 7.61527e-02
    Region: "gate"	RelError: 2.33454e-02	AbsError: 1.39156e-02
      Equation: "PotentialEquation"	RelError: 2.33454e-02	AbsError: 1.39156e-02
    Region: "oxide"	RelError: 6.40545e-02	AbsError: 2.19043e-02
      Equation: "PotentialEquation"	RelError: 6.40545e-02	AbsError: 2.19043e-02
Iteration: 11
  Device: "mos2d"	RelError: 2.00517e+01	AbsError: 6.05841e-02
    Region: "bulk"	RelError: 1.99813e+01	AbsError: 6.05841e-02
      Equation: "PotentialEquation"	RelError: 1.99813e+01	AbsError: 6.05841e-02
    Region: "gate"	RelError: 2.55247e-05	AbsError: 1.52082e-05
      Equation: "PotentialEquation"	RelError: 2.55247e-05	AbsError: 1.52082e-05
    Region: "oxide"	RelError: 7.03566e-02	AbsError: 1.93645e-02
      Equation: "PotentialEquation"	RelError: 7.03566e-02	AbsError: 1.93645e-02
Iteration: 12
  Device: "mos2d"	RelError: 6.63983e+01	AbsError: 4.81082e-02
    Region: "bulk"	RelError: 6.63675e+01	AbsError: 4.81082e-02
      Equation: "PotentialEquation"	RelError: 6.63675e+01	AbsError: 4.81082e-02
    Region: "gate"	RelError: 1.15123e-05	AbsError: 6.85937e-06
      Equation: "PotentialEquation"	RelError: 1.15123e-05	AbsError: 6.85937e-06
    Region: "oxide"	RelError: 3.08288e-02	AbsError: 8.75505e-03
      Equation: "PotentialEquation"	RelError: 3.08288e-02	AbsError: 8.75505e-03
Iteration: 13
  Device: "mos2d"	RelError: 1.39029e+00	AbsError: 3.45680e-02
    Region: "bulk"	RelError: 1.37883e+00	AbsError: 3.45680e-02
      Equation: "PotentialEquation"	RelError: 1.37883e+00	AbsError: 3.45680e-02
    Region: "gate"	RelError: 4.31608e-06	AbsError: 2.57166e-06
      Equation: "PotentialEquation"	RelError: 4.31608e-06	AbsError: 2.57166e-06
    Region: "oxide"	RelError: 1.14522e-02	AbsError: 3.30315e-03
      Equation: "PotentialEquation"	RelError: 1.14522e-02	AbsError: 3.30315e-03
Iteration: 14
  Device: "mos2d"	RelError: 2.08528e+00	AbsError: 2.51597e-02
    Region: "bulk"	RelError: 2.08241e+00	AbsError: 2.51597e-02
      Equation: "PotentialEquation"	RelError: 2.08241e+00	AbsError: 2.51597e-02
    Region: "gate"	RelError: 1.08127e-06	AbsError: 6.44254e-07
      Equation: "PotentialEquation"	RelError: 1.08127e-06	AbsError: 6.44254e-07
    Region: "oxide"	RelError: 2.86701e-03	AbsError: 8.35223e-04
      Equation: "PotentialEquation"	RelError: 2.86701e-03	AbsError: 8.35223e-04
Iteration: 15
  Device: "mos2d"	RelError: 5.50211e-01	AbsError: 8.96472e-03
    Region: "bulk"	RelError: 5.49836e-01	AbsError: 8.96472e-03
      Equation: "PotentialEquation"	RelError: 5.49836e-01	AbsError: 8.96472e-03
    Region: "gate"	RelError: 1.41045e-07	AbsError: 8.40390e-08
      Equation: "PotentialEquation"	RelError: 1.41045e-07	AbsError: 8.40390e-08
    Region: "oxide"	RelError: 3.74758e-04	AbsError: 1.10230e-04
      Equation: "PotentialEquation"	RelError: 3.74758e-04	AbsError: 1.10230e-04
Iteration: 16
  Device: "mos2d"	RelError: 8.88139e-03	AbsError: 9.23383e-05
    Region: "bulk"	RelError: 8.87930e-03	AbsError: 9.23383e-05
      Equation: "PotentialEquation"	RelError: 8.87930e-03	AbsError: 9.23383e-05
    Region: "gate"	RelError: 7.83045e-10	AbsError: 4.66564e-10
      Equation: "PotentialEquation"	RelError: 7.83045e-10	AbsError: 4.66564e-10
    Region: "oxide"	RelError: 2.09497e-06	AbsError: 6.16209e-07
      Equation: "PotentialEquation"	RelError: 2.09497e-06	AbsError: 6.16209e-07
Iteration: 17
  Device: "mos2d"	RelError: 1.99398e-06	AbsError: 2.22779e-08
    Region: "bulk"	RelError: 1.99389e-06	AbsError: 2.22779e-08
      Equation: "PotentialEquation"	RelError: 1.99389e-06	AbsError: 2.22779e-08
    Region: "gate"	RelError: 3.27875e-14	AbsError: 1.95363e-14
      Equation: "PotentialEquation"	RelError: 3.27875e-14	AbsError: 1.95363e-14
    Region: "oxide"	RelError: 8.80371e-11	AbsError: 2.58950e-11
      Equation: "PotentialEquation"	RelError: 8.80371e-11	AbsError: 2.58950e-11
Iteration: 18
  Device: "mos2d"	RelError: 2.81563e-13	AbsError: 4.97616e-15
    Region: "bulk"	RelError: 2.81159e-13	AbsError: 4.97616e-15
      Equation: "PotentialEquation"	RelError: 2.81159e-13	AbsError: 4.97616e-15
    Region: "gate"	RelError: 2.06762e-16	AbsError: 1.23246e-16
      Equation: "PotentialEquation"	RelError: 2.06762e-16	AbsError: 1.23246e-16
    Region: "oxide"	RelError: 1.96672e-16	AbsError: 1.17191e-16
      Equation: "PotentialEquation"	RelError: 1.96672e-16	AbsError: 1.17191e-16
number of equations 1580
Iteration: 0
  Device: "mos2d"	RelError: 9.03935e-15	AbsError: 1.27702e-16
    Region: "bulk"	RelError: 8.61071e-15	AbsError: 1.24816e-16
      Equation: "PotentialEquation"	RelError: 8.61071e-15	AbsError: 1.24816e-16
    Region: "gate"	RelError: 2.14320e-16	AbsError: 1.27702e-16
      Equation: "PotentialEquation"	RelError: 2.14320e-16	AbsError: 1.27702e-16
    Region: "oxide"	RelError: 2.14320e-16	AbsError: 1.27702e-16
      Equation: "PotentialEquation"	RelError: 2.14320e-16	AbsError: 1.27702e-16
Warning: Replacing equation with equation of the same name.
Region: gate, Equation: PotentialEquation, Variable: Potential
Warning: Replacing equation with equation of the same name.
Region: bulk, Equation: PotentialEquation, Variable: Potential
number of equations 4346
Iteration: 0
  Device: "mos2d"	RelError: 2.79293e-10	AbsError: 4.76334e+05
    Region: "bulk"	RelError: 2.79283e-10	AbsError: 5.42720e+04
      Equation: "ElectronContinuityEquation"	RelError: 1.40650e-10	AbsError: 4.91520e+04
      Equation: "HoleContinuityEquation"	RelError: 1.38540e-10	AbsError: 5.12000e+03
      Equation: "PotentialEquation"	RelError: 9.29343e-14	AbsError: 1.84882e-16
    Region: "gate"	RelError: 9.67286e-15	AbsError: 4.76334e+05
      Equation: "ElectronContinuityEquation"	RelError: 4.76336e-15	AbsError: 4.76334e+05
      Equation: "HoleContinuityEquation"	RelError: 4.74162e-15	AbsError: 4.74163e-15
      Equation: "PotentialEquation"	RelError: 1.67884e-16	AbsError: 1.00071e-16
    Region: "oxide"	RelError: 2.15917e-16	AbsError: 8.62374e-17
      Equation: "PotentialEquation"	RelError: 2.15917e-16	AbsError: 8.62374e-17
=== SWEEP_START IDVD_VG1P0 ===
number of equations 4346
Iteration: 0
  Device: "mos2d"	RelError: 3.18347e-10	AbsError: 7.82109e+03
    Region: "bulk"	RelError: 3.18346e-10	AbsError: 2.00000e+03
      Equation: "ElectronContinuityEquation"	RelError: 6.06297e-11	AbsError: 1.60337e+03
      Equation: "HoleContinuityEquation"	RelError: 2.57685e-10	AbsError: 3.96630e+02
      Equation: "PotentialEquation"	RelError: 3.12586e-14	AbsError: 1.06031e-16
    Region: "gate"	RelError: 4.30340e-16	AbsError: 7.82109e+03
      Equation: "ElectronContinuityEquation"	RelError: 7.82112e-17	AbsError: 7.82109e+03
      Equation: "HoleContinuityEquation"	RelError: 2.58725e-16	AbsError: 2.61033e-16
      Equation: "PotentialEquation"	RelError: 9.34039e-17	AbsError: 5.56542e-17
    Region: "oxide"	RelError: 1.28046e-16	AbsError: 5.56542e-17
      Equation: "PotentialEquation"	RelError: 1.28046e-16	AbsError: 5.56542e-17
gate last end 0.000000e+00 5.000000e-01
number of equations 4346
Iteration: 0
  Device: "mos2d"	RelError: 9.65512e+00	AbsError: 1.09744e+17
    Region: "bulk"	RelError: 9.57268e+00	AbsError: 1.09744e+17
      Equation: "ElectronContinuityEquation"	RelError: 3.69969e-01	AbsError: 1.08127e+17
      Equation: "HoleContinuityEquation"	RelError: 1.42262e+00	AbsError: 1.61701e+15
      Equation: "PotentialEquation"	RelError: 7.78009e+00	AbsError: 1.52016e-02
    Region: "gate"	RelError: 3.35653e-02	AbsError: 5.42924e+16
      Equation: "ElectronContinuityEquation"	RelError: 5.48068e-04	AbsError: 5.42924e+16
      Equation: "HoleContinuityEquation"	RelError: 5.47468e-04	AbsError: 5.52655e-04
      Equation: "PotentialEquation"	RelError: 3.24697e-02	AbsError: 2.00000e-02
    Region: "oxide"	RelError: 4.88708e-02	AbsError: 1.99964e-02
      Equation: "PotentialEquation"	RelError: 4.88708e-02	AbsError: 1.99964e-02
Iteration: 1
  Device: "mos2d"	RelError: 4.03879e-01	AbsError: 7.56086e+15
    Region: "bulk"	RelError: 4.03342e-01	AbsError: 7.56086e+15
      Equation: "ElectronContinuityEquation"	RelError: 1.16128e-01	AbsError: 7.52396e+15
      Equation: "HoleContinuityEquation"	RelError: 2.58409e-01	AbsError: 3.68976e+13
      Equation: "PotentialEquation"	RelError: 2.88059e-02	AbsError: 2.23138e-04
    Region: "gate"	RelError: 1.93948e-05	AbsError: 9.26004e+14
      Equation: "ElectronContinuityEquation"	RelError: 9.34786e-06	AbsError: 9.26004e+14
      Equation: "HoleContinuityEquation"	RelError: 9.64773e-06	AbsError: 9.73923e-06
      Equation: "PotentialEquation"	RelError: 3.99254e-07	AbsError: 2.45873e-07
    Region: "oxide"	RelError: 5.17400e-04	AbsError: 2.23138e-04
      Equation: "PotentialEquation"	RelError: 5.17400e-04	AbsError: 2.23138e-04
Iteration: 2
  Device: "mos2d"	RelError: 9.26826e-04	AbsError: 7.11691e+12
    Region: "bulk"	RelError: 9.26484e-04	AbsError: 7.11691e+12
      Equation: "ElectronContinuityEquation"	RelError: 4.56842e-04	AbsError: 7.10958e+12
      Equation: "HoleContinuityEquation"	RelError: 4.22313e-04	AbsError: 7.33047e+09
      Equation: "PotentialEquation"	RelError: 4.73287e-05	AbsError: 1.50547e-07
    Region: "gate"	RelError: 6.17048e-09	AbsError: 3.02263e+11
      Equation: "ElectronContinuityEquation"	RelError: 3.05130e-09	AbsError: 3.02263e+11
      Equation: "HoleContinuityEquation"	RelError: 2.99278e-09	AbsError: 3.00615e-09
      Equation: "PotentialEquation"	RelError: 1.26398e-10	AbsError: 7.78396e-11
    Region: "oxide"	RelError: 3.36564e-07	AbsError: 1.50547e-07
      Equation: "PotentialEquation"	RelError: 3.36564e-07	AbsError: 1.50547e-07
Iteration: 3
  Device: "mos2d"	RelError: 2.68803e-09	AbsError: 8.51216e+06
    Region: "bulk"	RelError: 2.68773e-09	AbsError: 8.51216e+06
      Equation: "ElectronContinuityEquation"	RelError: 8.35076e-10	AbsError: 8.50711e+06
      Equation: "HoleContinuityEquation"	RelError: 1.83048e-09	AbsError: 5.05388e+03
      Equation: "PotentialEquation"	RelError: 2.21803e-11	AbsError: 9.94033e-14
    Region: "gate"	RelError: 5.00911e-15	AbsError: 2.34046e+05
      Equation: "ElectronContinuityEquation"	RelError: 2.36139e-15	AbsError: 2.34046e+05
      Equation: "HoleContinuityEquation"	RelError: 2.46795e-15	AbsError: 2.49003e-15
      Equation: "PotentialEquation"	RelError: 1.79771e-16	AbsError: 1.10711e-16
    Region: "oxide"	RelError: 2.90903e-13	AbsError: 9.93322e-14
      Equation: "PotentialEquation"	RelError: 2.90903e-13	AbsError: 9.93322e-14
Succeeded
gate last end 2.000000e-02 5.000000e-01
number of equations 4346
Iteration: 0
  Device: "mos2d"	RelError: 1.27202e+01	AbsError: 1.22312e+17
    Region: "bulk"	RelError: 1.26412e+01	AbsError: 1.22312e+17
      Equation: "ElectronContinuityEquation"	RelError: 3.68815e-01	AbsError: 1.20769e+17
      Equation: "HoleContinuityEquation"	RelError: 1.40571e+00	AbsError: 1.54228e+15
      Equation: "PotentialEquation"	RelError: 1.08667e+01	AbsError: 1.51265e-02
    Region: "gate"	RelError: 3.25828e-02	AbsError: 5.61813e+16
      Equation: "ElectronContinuityEquation"	RelError: 5.67463e-04	AbsError: 5.61813e+16
      Equation: "HoleContinuityEquation"	RelError: 5.66819e-04	AbsError: 5.72520e-04
      Equation: "PotentialEquation"	RelError: 3.14485e-02	AbsError: 2.00000e-02
    Region: "oxide"	RelError: 4.63791e-02	AbsError: 1.99963e-02
      Equation: "PotentialEquation"	RelError: 4.63791e-02	AbsError: 1.99963e-02
Iteration: 1
  Device: "mos2d"	RelError: 4.40227e-01	AbsError: 7.48996e+15
    Region: "bulk"	RelError: 4.39633e-01	AbsError: 7.48996e+15
      Equation: "ElectronContinuityEquation"	RelError: 1.14547e-01	AbsError: 7.45021e+15
      Equation: "HoleContinuityEquation"	RelError: 2.55870e-01	AbsError: 3.97487e+13
      Equation: "PotentialEquation"	RelError: 6.92158e-02	AbsError: 2.47048e-04
    Region: "gate"	RelError: 2.17297e-05	AbsError: 1.03828e+15
      Equation: "ElectronContinuityEquation"	RelError: 1.04873e-05	AbsError: 1.03828e+15
      Equation: "HoleContinuityEquation"	RelError: 1.08088e-05	AbsError: 1.09176e-05
      Equation: "PotentialEquation"	RelError: 4.33538e-07	AbsError: 2.75650e-07
    Region: "oxide"	RelError: 5.73146e-04	AbsError: 2.43260e-04
      Equation: "PotentialEquation"	RelError: 5.73146e-04	AbsError: 2.43260e-04
Iteration: 2
  Device: "mos2d"	RelError: 1.06445e-03	AbsError: 7.49601e+12
    Region: "bulk"	RelError: 1.06401e-03	AbsError: 7.49601e+12
      Equation: "ElectronContinuityEquation"	RelError: 4.74727e-04	AbsError: 7.48528e+12
      Equation: "HoleContinuityEquation"	RelError: 4.82754e-04	AbsError: 1.07305e+10
      Equation: "PotentialEquation"	RelError: 1.06533e-04	AbsError: 1.76056e-07
    Region: "gate"	RelError: 9.07561e-09	AbsError: 4.40288e+11
      Equation: "ElectronContinuityEquation"	RelError: 4.44313e-09	AbsError: 4.40288e+11
      Equation: "HoleContinuityEquation"	RelError: 4.45142e-09	AbsError: 4.49210e-09
      Equation: "PotentialEquation"	RelError: 1.81062e-10	AbsError: 1.15127e-10
    Region: "oxide"	RelError: 4.24249e-07	AbsError: 1.76056e-07
      Equation: "PotentialEquation"	RelError: 4.24249e-07	AbsError: 1.76056e-07
Iteration: 3
  Device: "mos2d"	RelError: 3.51810e-09	AbsError: 1.00873e+07
    Region: "bulk"	RelError: 3.51749e-09	AbsError: 1.00873e+07
      Equation: "ElectronContinuityEquation"	RelError: 1.21910e-09	AbsError: 1.00742e+07
      Equation: "HoleContinuityEquation"	RelError: 2.20855e-09	AbsError: 1.31553e+04
      Equation: "PotentialEquation"	RelError: 8.98329e-11	AbsError: 2.08364e-13
    Region: "gate"	RelError: 1.19182e-14	AbsError: 5.73683e+05
      Equation: "ElectronContinuityEquation"	RelError: 5.78926e-15	AbsError: 5.73683e+05
      Equation: "HoleContinuityEquation"	RelError: 5.91888e-15	AbsError: 5.97297e-15
      Equation: "PotentialEquation"	RelError: 2.10028e-16	AbsError: 1.33544e-16
    Region: "oxide"	RelError: 5.98406e-13	AbsError: 2.08364e-13
      Equation: "PotentialEquation"	RelError: 5.98406e-13	AbsError: 2.08364e-13
Succeeded
gate last end 4.000000e-02 5.000000e-01
number of equations 4346
Iteration: 0
  Device: "mos2d"	RelError: 5.10413e+00	AbsError: 1.34112e+17
    Region: "bulk"	RelError: 5.02845e+00	AbsError: 1.34112e+17
      Equation: "ElectronContinuityEquation"	RelError: 3.67053e-01	AbsError: 1.32630e+17
      Equation: "HoleContinuityEquation"	RelError: 1.38044e+00	AbsError: 1.48220e+15
      Equation: "PotentialEquation"	RelError: 3.28095e+00	AbsError: 1.50122e-02
    Region: "gate"	RelError: 3.16671e-02	AbsError: 5.82939e+16
      Equation: "ElectronContinuityEquation"	RelError: 5.89154e-04	AbsError: 5.82939e+16
      Equation: "HoleContinuityEquation"	RelError: 5.88461e-04	AbsError: 5.94735e-04
      Equation: "PotentialEquation"	RelError: 3.04895e-02	AbsError: 2.00000e-02
    Region: "oxide"	RelError: 4.40120e-02	AbsError: 1.99963e-02
      Equation: "PotentialEquation"	RelError: 4.40120e-02	AbsError: 1.99963e-02
Iteration: 1
  Device: "mos2d"	RelError: 3.94231e-01	AbsError: 7.29373e+15
    Region: "bulk"	RelError: 3.93572e-01	AbsError: 7.29373e+15
      Equation: "ElectronContinuityEquation"	RelError: 1.12164e-01	AbsError: 7.25085e+15
      Equation: "HoleContinuityEquation"	RelError: 2.52056e-01	AbsError: 4.28735e+13
      Equation: "PotentialEquation"	RelError: 2.93525e-02	AbsError: 2.73514e-04
    Region: "gate"	RelError: 2.39853e-05	AbsError: 1.14649e+15
      Equation: "ElectronContinuityEquation"	RelError: 1.15873e-05	AbsError: 1.14649e+15
      Equation: "HoleContinuityEquation"	RelError: 1.19337e-05	AbsError: 1.20611e-05
      Equation: "PotentialEquation"	RelError: 4.64240e-07	AbsError: 3.04448e-07
    Region: "oxide"	RelError: 6.34425e-04	AbsError: 2.72082e-04
      Equation: "PotentialEquation"	RelError: 6.34425e-04	AbsError: 2.72082e-04
Iteration: 2
  Device: "mos2d"	RelError: 1.06356e-03	AbsError: 8.19305e+12
    Region: "bulk"	RelError: 1.06293e-03	AbsError: 8.19305e+12
      Equation: "ElectronContinuityEquation"	RelError: 4.78297e-04	AbsError: 8.17852e+12
      Equation: "HoleContinuityEquation"	RelError: 5.39480e-04	AbsError: 1.45317e+10
      Equation: "PotentialEquation"	RelError: 4.51542e-05	AbsError: 2.14965e-07
    Region: "gate"	RelError: 1.29208e-08	AbsError: 6.33684e+11
      Equation: "ElectronContinuityEquation"	RelError: 6.40448e-09	AbsError: 6.33684e+11
      Equation: "HoleContinuityEquation"	RelError: 6.26617e-09	AbsError: 6.33305e-09
      Equation: "PotentialEquation"	RelError: 2.50120e-10	AbsError: 1.64028e-10
    Region: "oxide"	RelError: 6.14743e-07	AbsError: 2.12000e-07
      Equation: "PotentialEquation"	RelError: 6.14743e-07	AbsError: 2.12000e-07
Iteration: 3
  Device: "mos2d"	RelError: 4.57652e-09	AbsError: 1.44576e+07
    Region: "bulk"	RelError: 4.57537e-09	AbsError: 1.44576e+07
      Equation: "ElectronContinuityEquation"	RelError: 1.64070e-09	AbsError: 1.44263e+07
      Equation: "HoleContinuityEquation"	RelError: 2.85160e-09	AbsError: 3.12810e+04
      Equation: "PotentialEquation"	RelError: 8.30753e-11	AbsError: 4.15148e-13
    Region: "gate"	RelError: 2.41525e-14	AbsError: 1.16738e+06
      Equation: "ElectronContinuityEquation"	RelError: 1.17829e-14	AbsError: 1.16738e+06
      Equation: "HoleContinuityEquation"	RelError: 1.16693e-14	AbsError: 1.17783e-14
      Equation: "PotentialEquation"	RelError: 7.00344e-16	AbsError: 4.59309e-16
    Region: "oxide"	RelError: 1.12774e-12	AbsError: 4.06958e-13
      Equation: "PotentialEquation"	RelError: 1.12774e-12	AbsError: 4.06958e-13
Succeeded
gate last end 6.000000e-02 5.000000e-01
number of equations 4346
Iteration: 0
  Device: "mos2d"	RelError: 2.54810e+00	AbsError: 1.46869e+17
    Region: "bulk"	RelError: 2.47558e+00	AbsError: 1.46869e+17
      Equation: "ElectronContinuityEquation"	RelError: 3.64350e-01	AbsError: 1.45430e+17
      Equation: "HoleContinuityEquation"	RelError: 1.34298e+00	AbsError: 1.43938e+15
      Equation: "PotentialEquation"	RelError: 7.68251e-01	AbsError: 1.48384e-02
    Region: "gate"	RelError: 3.08125e-02	AbsError: 6.06191e+16
      Equation: "ElectronContinuityEquation"	RelError: 6.13038e-04	AbsError: 6.06191e+16
      Equation: "HoleContinuityEquation"	RelError: 6.12287e-04	AbsError: 6.19202e-04
      Equation: "PotentialEquation"	RelError: 2.95872e-02	AbsError: 2.00000e-02
    Region: "oxide"	RelError: 4.17037e-02	AbsError: 1.99961e-02
      Equation: "PotentialEquation"	RelError: 4.17037e-02	AbsError: 1.99961e-02
Iteration: 1
  Device: "mos2d"	RelError: 3.65359e-01	AbsError: 6.93699e+15
    Region: "bulk"	RelError: 3.64613e-01	AbsError: 6.93699e+15
      Equation: "ElectronContinuityEquation"	RelError: 1.08587e-01	AbsError: 6.89064e+15
      Equation: "HoleContinuityEquation"	RelError: 2.46342e-01	AbsError: 4.63546e+13
      Equation: "PotentialEquation"	RelError: 9.68413e-03	AbsError: 3.11182e-04
    Region: "gate"	RelError: 2.59665e-05	AbsError: 1.24114e+15
      Equation: "ElectronContinuityEquation"	RelError: 1.25517e-05	AbsError: 1.24114e+15
      Equation: "HoleContinuityEquation"	RelError: 1.29268e-05	AbsError: 1.30729e-05
      Equation: "PotentialEquation"	RelError: 4.88005e-07	AbsError: 3.29786e-07
    Region: "oxide"	RelError: 7.20562e-04	AbsError: 3.07843e-04
      Equation: "PotentialEquation"	RelError: 7.20562e-04	AbsError: 3.07843e-04
Iteration: 2
  Device: "mos2d"	RelError: 1.06935e-03	AbsError: 1.04210e+13
    Region: "bulk"	RelError: 1.06851e-03	AbsError: 1.04210e+13
      Equation: "ElectronContinuityEquation"	RelError: 4.70398e-04	AbsError: 1.04025e+13
      Equation: "HoleContinuityEquation"	RelError: 5.85270e-04	AbsError: 1.85674e+10
      Equation: "PotentialEquation"	RelError: 1.28367e-05	AbsError: 3.00692e-07
    Region: "gate"	RelError: 1.87279e-08	AbsError: 9.16549e+11
      Equation: "ElectronContinuityEquation"	RelError: 9.26912e-09	AbsError: 9.16549e+11
      Equation: "HoleContinuityEquation"	RelError: 9.10682e-09	AbsError: 9.20979e-09
      Equation: "PotentialEquation"	RelError: 3.52006e-10	AbsError: 2.37880e-10
    Region: "oxide"	RelError: 8.25591e-07	AbsError: 2.96861e-07
      Equation: "PotentialEquation"	RelError: 8.25591e-07	AbsError: 2.96861e-07
Iteration: 3
  Device: "mos2d"	RelError: 5.88129e-09	AbsError: 2.25882e+07
    Region: "bulk"	RelError: 5.87869e-09	AbsError: 2.25882e+07
      Equation: "ElectronContinuityEquation"	RelError: 1.96040e-09	AbsError: 2.25294e+07
      Equation: "HoleContinuityEquation"	RelError: 3.88088e-09	AbsError: 5.88134e+04
      Equation: "PotentialEquation"	RelError: 3.74060e-11	AbsError: 9.29963e-13
    Region: "gate"	RelError: 5.11823e-14	AbsError: 2.49012e+06
      Equation: "ElectronContinuityEquation"	RelError: 2.51372e-14	AbsError: 2.49012e+06
      Equation: "HoleContinuityEquation"	RelError: 2.50605e-14	AbsError: 2.52980e-14
      Equation: "PotentialEquation"	RelError: 9.84615e-16	AbsError: 6.65433e-16
    Region: "oxide"	RelError: 2.55292e-12	AbsError: 9.18013e-13
      Equation: "PotentialEquation"	RelError: 2.55292e-12	AbsError: 9.18013e-13
Succeeded
gate last end 8.000000e-02 5.000000e-01
number of equations 4346
Iteration: 0
  Device: "mos2d"	RelError: 4.32978e+00	AbsError: 1.60174e+17
    Region: "bulk"	RelError: 4.26039e+00	AbsError: 1.60174e+17
      Equation: "ElectronContinuityEquation"	RelError: 3.60222e-01	AbsError: 1.58789e+17
      Equation: "HoleContinuityEquation"	RelError: 1.28855e+00	AbsError: 1.38425e+15
      Equation: "PotentialEquation"	RelError: 2.61162e+00	AbsError: 1.45756e-02
    Region: "gate"	RelError: 3.00135e-02	AbsError: 6.31259e+16
      Equation: "ElectronContinuityEquation"	RelError: 6.38804e-04	AbsError: 6.31259e+16
      Equation: "HoleContinuityEquation"	RelError: 6.37989e-04	AbsError: 6.45615e-04
      Equation: "PotentialEquation"	RelError: 2.87367e-02	AbsError: 2.00000e-02
    Region: "oxide"	RelError: 3.93783e-02	AbsError: 1.99959e-02
      Equation: "PotentialEquation"	RelError: 3.93783e-02	AbsError: 1.99959e-02
Iteration: 1
  Device: "mos2d"	RelError: 3.84848e-01	AbsError: 8.12904e+15
    Region: "bulk"	RelError: 3.84007e-01	AbsError: 8.12904e+15
      Equation: "ElectronContinuityEquation"	RelError: 1.03308e-01	AbsError: 8.07889e+15
      Equation: "HoleContinuityEquation"	RelError: 2.37886e-01	AbsError: 5.01508e+13
      Equation: "PotentialEquation"	RelError: 4.28130e-02	AbsError: 3.54766e-04
    Region: "gate"	RelError: 2.74135e-05	AbsError: 1.30961e+15
      Equation: "ElectronContinuityEquation"	RelError: 1.32528e-05	AbsError: 1.30961e+15
      Equation: "HoleContinuityEquation"	RelError: 1.36600e-05	AbsError: 1.38235e-05
      Equation: "PotentialEquation"	RelError: 5.00673e-07	AbsError: 3.48351e-07
    Region: "oxide"	RelError: 8.13363e-04	AbsError: 3.49690e-04
      Equation: "PotentialEquation"	RelError: 8.13363e-04	AbsError: 3.49690e-04
Iteration: 2
  Device: "mos2d"	RelError: 1.12874e-03	AbsError: 1.45238e+13
    Region: "bulk"	RelError: 1.12777e-03	AbsError: 1.45238e+13
      Equation: "ElectronContinuityEquation"	RelError: 4.37952e-04	AbsError: 1.45040e+13
      Equation: "HoleContinuityEquation"	RelError: 6.49876e-04	AbsError: 1.98041e+10
      Equation: "PotentialEquation"	RelError: 3.99451e-05	AbsError: 4.05906e-07
    Region: "gate"	RelError: 2.53269e-08	AbsError: 1.23746e+12
      Equation: "ElectronContinuityEquation"	RelError: 1.25227e-08	AbsError: 1.23746e+12
      Equation: "HoleContinuityEquation"	RelError: 1.23416e-08	AbsError: 1.24893e-08
      Equation: "PotentialEquation"	RelError: 4.62606e-10	AbsError: 3.21866e-10
    Region: "oxide"	RelError: 9.41264e-07	AbsError: 4.05906e-07
      Equation: "PotentialEquation"	RelError: 9.41264e-07	AbsError: 4.05906e-07
Iteration: 3
  Device: "mos2d"	RelError: 7.73119e-09	AbsError: 4.52482e+07
    Region: "bulk"	RelError: 7.72720e-09	AbsError: 4.52482e+07
      Equation: "ElectronContinuityEquation"	RelError: 1.92436e-09	AbsError: 4.51793e+07
      Equation: "HoleContinuityEquation"	RelError: 5.64593e-09	AbsError: 6.89845e+04
      Equation: "PotentialEquation"	RelError: 1.56912e-10	AbsError: 1.44316e-12
    Region: "gate"	RelError: 8.09417e-14	AbsError: 3.94170e+06
      Equation: "ElectronContinuityEquation"	RelError: 3.97972e-14	AbsError: 3.94170e+06
      Equation: "HoleContinuityEquation"	RelError: 3.96186e-14	AbsError: 4.00008e-14
      Equation: "PotentialEquation"	RelError: 1.52594e-15	AbsError: 1.06179e-15
    Region: "oxide"	RelError: 3.91048e-12	AbsError: 1.44316e-12
      Equation: "PotentialEquation"	RelError: 3.91048e-12	AbsError: 1.44316e-12
Succeeded
gate last end 1.000000e-01 5.000000e-01
number of equations 4346
Iteration: 0
  Device: "mos2d"	RelError: 1.23244e+01	AbsError: 1.72516e+17
    Region: "bulk"	RelError: 1.22581e+01	AbsError: 1.72516e+17
      Equation: "ElectronContinuityEquation"	RelError: 3.54004e-01	AbsError: 1.71201e+17
      Equation: "HoleContinuityEquation"	RelError: 1.21238e+00	AbsError: 1.31470e+15
      Equation: "PotentialEquation"	RelError: 1.06918e+01	AbsError: 1.41861e-02
    Region: "gate"	RelError: 2.92644e-02	AbsError: 6.57573e+16
      Equation: "ElectronContinuityEquation"	RelError: 6.65884e-04	AbsError: 6.57573e+16
      Equation: "HoleContinuityEquation"	RelError: 6.64998e-04	AbsError: 6.73404e-04
      Equation: "PotentialEquation"	RelError: 2.79336e-02	AbsError: 2.00000e-02
    Region: "oxide"	RelError: 3.69518e-02	AbsError: 1.99956e-02
      Equation: "PotentialEquation"	RelError: 3.69518e-02	AbsError: 1.99956e-02
Iteration: 1
  Device: "mos2d"	RelError: 6.57503e-01	AbsError: 9.02134e+15
    Region: "bulk"	RelError: 6.56558e-01	AbsError: 9.02134e+15
      Equation: "ElectronContinuityEquation"	RelError: 9.59130e-02	AbsError: 8.96738e+15
      Equation: "HoleContinuityEquation"	RelError: 2.25701e-01	AbsError: 5.39659e+13
      Equation: "PotentialEquation"	RelError: 3.34945e-01	AbsError: 3.90703e-04
    Region: "gate"	RelError: 2.80530e-05	AbsError: 1.33867e+15
      Equation: "ElectronContinuityEquation"	RelError: 1.35561e-05	AbsError: 1.33867e+15
      Equation: "HoleContinuityEquation"	RelError: 1.39986e-05	AbsError: 1.41757e-05
      Equation: "PotentialEquation"	RelError: 4.98302e-07	AbsError: 3.56659e-07
    Region: "oxide"	RelError: 9.16767e-04	AbsError: 3.88234e-04
      Equation: "PotentialEquation"	RelError: 9.16767e-04	AbsError: 3.88234e-04
Iteration: 2
  Device: "mos2d"	RelError: 1.16465e-03	AbsError: 1.85030e+13
    Region: "bulk"	RelError: 1.16334e-03	AbsError: 1.85030e+13
      Equation: "ElectronContinuityEquation"	RelError: 3.76819e-04	AbsError: 1.84853e+13
      Equation: "HoleContinuityEquation"	RelError: 6.97508e-04	AbsError: 1.77476e+10
      Equation: "PotentialEquation"	RelError: 8.90101e-05	AbsError: 5.69345e-07
    Region: "gate"	RelError: 3.09532e-08	AbsError: 1.51054e+12
      Equation: "ElectronContinuityEquation"	RelError: 1.52966e-08	AbsError: 1.51054e+12
      Equation: "HoleContinuityEquation"	RelError: 1.51068e-08	AbsError: 1.52979e-08
      Equation: "PotentialEquation"	RelError: 5.49864e-10	AbsError: 3.93564e-10
    Region: "oxide"	RelError: 1.27964e-06	AbsError: 5.61468e-07
      Equation: "PotentialEquation"	RelError: 1.27964e-06	AbsError: 5.61468e-07
Iteration: 3
  Device: "mos2d"	RelError: 8.24859e-09	AbsError: 8.04934e+07
    Region: "bulk"	RelError: 8.24573e-09	AbsError: 8.04934e+07
      Equation: "ElectronContinuityEquation"	RelError: 1.39743e-09	AbsError: 8.04793e+07
      Equation: "HoleContinuityEquation"	RelError: 6.58255e-09	AbsError: 1.41188e+04
      Equation: "PotentialEquation"	RelError: 2.65750e-10	AbsError: 1.25945e-12
    Region: "gate"	RelError: 5.09381e-14	AbsError: 2.48010e+06
      Equation: "ElectronContinuityEquation"	RelError: 2.51148e-14	AbsError: 2.48010e+06
      Equation: "HoleContinuityEquation"	RelError: 2.49554e-14	AbsError: 2.52712e-14
      Equation: "PotentialEquation"	RelError: 8.67897e-16	AbsError: 6.21196e-16
    Region: "oxide"	RelError: 2.80808e-12	AbsError: 1.24597e-12
      Equation: "PotentialEquation"	RelError: 2.80808e-12	AbsError: 1.24597e-12
Succeeded
gate last end 1.200000e-01 5.000000e-01
number of equations 4346
Iteration: 0
  Device: "mos2d"	RelError: 4.09156e+00	AbsError: 1.83948e+17
    Region: "bulk"	RelError: 4.02863e+00	AbsError: 1.83948e+17
      Equation: "ElectronContinuityEquation"	RelError: 3.44965e-01	AbsError: 1.82718e+17
      Equation: "HoleContinuityEquation"	RelError: 1.11254e+00	AbsError: 1.22941e+15
      Equation: "PotentialEquation"	RelError: 2.57113e+00	AbsError: 1.36331e-02
    Region: "gate"	RelError: 2.85599e-02	AbsError: 6.84306e+16
      Equation: "ElectronContinuityEquation"	RelError: 6.93446e-04	AbsError: 6.84306e+16
      Equation: "HoleContinuityEquation"	RelError: 6.92485e-04	AbsError: 7.01734e-04
      Equation: "PotentialEquation"	RelError: 2.71739e-02	AbsError: 2.00000e-02
    Region: "oxide"	RelError: 3.43754e-02	AbsError: 1.99952e-02
      Equation: "PotentialEquation"	RelError: 3.43754e-02	AbsError: 1.99952e-02
Iteration: 1
  Device: "mos2d"	RelError: 3.77668e-01	AbsError: 9.44186e+15
    Region: "bulk"	RelError: 3.76599e-01	AbsError: 9.44186e+15
      Equation: "ElectronContinuityEquation"	RelError: 8.64761e-02	AbsError: 9.38473e+15
      Equation: "HoleContinuityEquation"	RelError: 2.08937e-01	AbsError: 5.71350e+13
      Equation: "PotentialEquation"	RelError: 8.11856e-02	AbsError: 4.35857e-04
    Region: "gate"	RelError: 2.76928e-05	AbsError: 1.31908e+15
      Equation: "ElectronContinuityEquation"	RelError: 1.33671e-05	AbsError: 1.31908e+15
      Equation: "HoleContinuityEquation"	RelError: 1.38469e-05	AbsError: 1.40321e-05
      Equation: "PotentialEquation"	RelError: 4.78777e-07	AbsError: 3.52251e-07
    Region: "oxide"	RelError: 1.04146e-03	AbsError: 4.30378e-04
      Equation: "PotentialEquation"	RelError: 1.04146e-03	AbsError: 4.30378e-04
Iteration: 2
  Device: "mos2d"	RelError: 1.17569e-03	AbsError: 1.95083e+13
    Region: "bulk"	RelError: 1.17372e-03	AbsError: 1.95083e+13
      Equation: "ElectronContinuityEquation"	RelError: 2.90910e-04	AbsError: 1.94642e+13
      Equation: "HoleContinuityEquation"	RelError: 7.92688e-04	AbsError: 4.40519e+10
      Equation: "PotentialEquation"	RelError: 9.01233e-05	AbsError: 7.99341e-07
    Region: "gate"	RelError: 4.11719e-08	AbsError: 2.01102e+12
      Equation: "ElectronContinuityEquation"	RelError: 2.03173e-08	AbsError: 2.01102e+12
      Equation: "HoleContinuityEquation"	RelError: 2.01428e-08	AbsError: 2.03503e-08
      Equation: "PotentialEquation"	RelError: 7.11742e-10	AbsError: 5.23706e-10
    Region: "oxide"	RelError: 1.92613e-06	AbsError: 7.97051e-07
      Equation: "PotentialEquation"	RelError: 1.92613e-06	AbsError: 7.97051e-07
Iteration: 3
  Device: "mos2d"	RelError: 9.20251e-09	AbsError: 9.51872e+07
    Region: "bulk"	RelError: 9.19441e-09	AbsError: 9.51872e+07
      Equation: "ElectronContinuityEquation"	RelError: 9.41107e-10	AbsError: 9.51425e+07
      Equation: "HoleContinuityEquation"	RelError: 8.18563e-09	AbsError: 4.46593e+04
      Equation: "PotentialEquation"	RelError: 6.76726e-11	AbsError: 3.31984e-12
    Region: "gate"	RelError: 1.43871e-13	AbsError: 7.01692e+06
      Equation: "ElectronContinuityEquation"	RelError: 7.07760e-14	AbsError: 7.01692e+06
      Equation: "HoleContinuityEquation"	RelError: 7.06257e-14	AbsError: 7.12365e-14
      Equation: "PotentialEquation"	RelError: 2.46891e-15	AbsError: 1.81675e-15
    Region: "oxide"	RelError: 7.95412e-12	AbsError: 3.31984e-12
      Equation: "PotentialEquation"	RelError: 7.95412e-12	AbsError: 3.31984e-12
Succeeded
gate last end 1.400000e-01 5.000000e-01
number of equations 4346
Iteration: 0
  Device: "mos2d"	RelError: 3.22690e+00	AbsError: 1.94626e+17
    Region: "bulk"	RelError: 3.16741e+00	AbsError: 1.94626e+17
      Equation: "ElectronContinuityEquation"	RelError: 3.33057e-01	AbsError: 1.93497e+17
      Equation: "HoleContinuityEquation"	RelError: 9.97521e-01	AbsError: 1.12895e+15
      Equation: "PotentialEquation"	RelError: 1.83684e+00	AbsError: 1.29275e-02
    Region: "gate"	RelError: 2.78943e-02	AbsError: 7.10478e+16
      Equation: "ElectronContinuityEquation"	RelError: 7.20495e-04	AbsError: 7.10478e+16
      Equation: "HoleContinuityEquation"	RelError: 7.19458e-04	AbsError: 7.29601e-04
      Equation: "PotentialEquation"	RelError: 2.64543e-02	AbsError: 2.00000e-02
    Region: "oxide"	RelError: 3.15935e-02	AbsError: 1.99946e-02
      Equation: "PotentialEquation"	RelError: 3.15935e-02	AbsError: 1.99946e-02
Iteration: 1
  Device: "mos2d"	RelError: 3.51949e-01	AbsError: 1.15933e+16
    Region: "bulk"	RelError: 3.50734e-01	AbsError: 1.15933e+16
      Equation: "ElectronContinuityEquation"	RelError: 7.47971e-02	AbsError: 1.15346e+16
      Equation: "HoleContinuityEquation"	RelError: 1.88198e-01	AbsError: 5.86852e+13
      Equation: "PotentialEquation"	RelError: 8.77381e-02	AbsError: 5.04538e-04
    Region: "gate"	RelError: 3.15714e-05	AbsError: 1.53179e+15
      Equation: "ElectronContinuityEquation"	RelError: 1.54803e-05	AbsError: 1.53179e+15
      Equation: "HoleContinuityEquation"	RelError: 1.55595e-05	AbsError: 1.57244e-05
      Equation: "PotentialEquation"	RelError: 5.31577e-07	AbsError: 4.01767e-07
    Region: "oxide"	RelError: 1.18413e-03	AbsError: 4.98971e-04
      Equation: "PotentialEquation"	RelError: 1.18413e-03	AbsError: 4.98971e-04
Iteration: 2
  Device: "mos2d"	RelError: 1.29255e-03	AbsError: 2.50033e+13
    Region: "bulk"	RelError: 1.28933e-03	AbsError: 2.50033e+13
      Equation: "ElectronContinuityEquation"	RelError: 1.94198e-04	AbsError: 2.49126e+13
      Equation: "HoleContinuityEquation"	RelError: 9.09287e-04	AbsError: 9.06559e+10
      Equation: "PotentialEquation"	RelError: 1.85849e-04	AbsError: 1.34022e-06
    Region: "gate"	RelError: 7.94821e-08	AbsError: 3.87813e+12
      Equation: "ElectronContinuityEquation"	RelError: 3.91923e-08	AbsError: 3.87813e+12
      Equation: "HoleContinuityEquation"	RelError: 3.89515e-08	AbsError: 3.93643e-08
      Equation: "PotentialEquation"	RelError: 1.33828e-09	AbsError: 1.01147e-09
    Region: "oxide"	RelError: 3.13714e-06	AbsError: 1.32109e-06
      Equation: "PotentialEquation"	RelError: 3.13714e-06	AbsError: 1.32109e-06
Iteration: 3
  Device: "mos2d"	RelError: 1.65720e-08	AbsError: 2.39922e+08
    Region: "bulk"	RelError: 1.65447e-08	AbsError: 2.39922e+08
      Equation: "ElectronContinuityEquation"	RelError: 2.01147e-09	AbsError: 2.39602e+08
      Equation: "HoleContinuityEquation"	RelError: 1.35916e-08	AbsError: 3.20215e+05
      Equation: "PotentialEquation"	RelError: 9.41641e-10	AbsError: 1.11994e-11
    Region: "gate"	RelError: 6.06789e-13	AbsError: 2.95919e+07
      Equation: "ElectronContinuityEquation"	RelError: 2.99056e-13	AbsError: 2.95919e+07
      Equation: "HoleContinuityEquation"	RelError: 2.97486e-13	AbsError: 3.00639e-13
      Equation: "PotentialEquation"	RelError: 1.02472e-14	AbsError: 7.74482e-15
    Region: "oxide"	RelError: 2.66410e-11	AbsError: 1.11994e-11
      Equation: "PotentialEquation"	RelError: 2.66410e-11	AbsError: 1.11994e-11
Succeeded
gate last end 1.600000e-01 5.000000e-01
number of equations 4346
Iteration: 0
  Device: "mos2d"	RelError: 1.88795e+00	AbsError: 2.04754e+17
    Region: "bulk"	RelError: 1.83207e+00	AbsError: 2.04754e+17
      Equation: "ElectronContinuityEquation"	RelError: 3.17436e-01	AbsError: 2.03737e+17
      Equation: "HoleContinuityEquation"	RelError: 8.69381e-01	AbsError: 1.01685e+15
      Equation: "PotentialEquation"	RelError: 6.45254e-01	AbsError: 1.20392e-02
    Region: "gate"	RelError: 2.72626e-02	AbsError: 7.35128e+16
      Equation: "ElectronContinuityEquation"	RelError: 7.46058e-04	AbsError: 7.35128e+16
      Equation: "HoleContinuityEquation"	RelError: 7.44947e-04	AbsError: 7.56023e-04
      Equation: "PotentialEquation"	RelError: 2.57716e-02	AbsError: 2.00000e-02
    Region: "oxide"	RelError: 2.86163e-02	AbsError: 1.99939e-02
      Equation: "PotentialEquation"	RelError: 2.86163e-02	AbsError: 1.99939e-02
Iteration: 1
  Device: "mos2d"	RelError: 2.62795e-01	AbsError: 1.42010e+16
    Region: "bulk"	RelError: 2.61443e-01	AbsError: 1.42010e+16
      Equation: "ElectronContinuityEquation"	RelError: 6.17106e-02	AbsError: 1.41424e+16
      Equation: "HoleContinuityEquation"	RelError: 1.64229e-01	AbsError: 5.86858e+13
      Equation: "PotentialEquation"	RelError: 3.55029e-02	AbsError: 5.64443e-04
    Region: "gate"	RelError: 3.42322e-05	AbsError: 1.66047e+15
      Equation: "ElectronContinuityEquation"	RelError: 1.67862e-05	AbsError: 1.66047e+15
      Equation: "HoleContinuityEquation"	RelError: 1.68842e-05	AbsError: 1.70688e-05
      Equation: "PotentialEquation"	RelError: 5.61769e-07	AbsError: 4.35816e-07
    Region: "oxide"	RelError: 1.31808e-03	AbsError: 5.57361e-04
      Equation: "PotentialEquation"	RelError: 1.31808e-03	AbsError: 5.57361e-04
Iteration: 2
  Device: "mos2d"	RelError: 1.26026e-03	AbsError: 3.70124e+13
    Region: "bulk"	RelError: 1.25610e-03	AbsError: 3.70124e+13
      Equation: "ElectronContinuityEquation"	RelError: 2.02824e-04	AbsError: 3.68806e+13
      Equation: "HoleContinuityEquation"	RelError: 9.51851e-04	AbsError: 1.31830e+11
      Equation: "PotentialEquation"	RelError: 1.01421e-04	AbsError: 1.78759e-06
    Region: "gate"	RelError: 1.06935e-07	AbsError: 5.21615e+12
      Equation: "ElectronContinuityEquation"	RelError: 5.27318e-08	AbsError: 5.21615e+12
      Equation: "HoleContinuityEquation"	RelError: 5.24484e-08	AbsError: 5.30218e-08
      Equation: "PotentialEquation"	RelError: 1.75488e-09	AbsError: 1.36142e-09
    Region: "oxide"	RelError: 4.06186e-06	AbsError: 1.75613e-06
      Equation: "PotentialEquation"	RelError: 4.06186e-06	AbsError: 1.75613e-06
Iteration: 3
  Device: "mos2d"	RelError: 2.04946e-08	AbsError: 5.50227e+08
    Region: "bulk"	RelError: 2.04430e-08	AbsError: 5.50227e+08
      Equation: "ElectronContinuityEquation"	RelError: 2.49105e-09	AbsError: 5.49124e+08
      Equation: "HoleContinuityEquation"	RelError: 1.69281e-08	AbsError: 1.10357e+06
      Equation: "PotentialEquation"	RelError: 1.02384e-09	AbsError: 2.22010e-11
    Region: "gate"	RelError: 1.27700e-12	AbsError: 6.22514e+07
      Equation: "ElectronContinuityEquation"	RelError: 6.29320e-13	AbsError: 6.22514e+07
      Equation: "HoleContinuityEquation"	RelError: 6.26515e-13	AbsError: 6.33365e-13
      Equation: "PotentialEquation"	RelError: 2.11651e-14	AbsError: 1.64198e-14
    Region: "oxide"	RelError: 5.03282e-11	AbsError: 2.19778e-11
      Equation: "PotentialEquation"	RelError: 5.03282e-11	AbsError: 2.19778e-11
Succeeded
gate last end 1.800000e-01 5.000000e-01
number of equations 4346
Iteration: 0
  Device: "mos2d"	RelError: 2.19711e+00	AbsError: 2.14530e+17
    Region: "bulk"	RelError: 2.14491e+00	AbsError: 2.14530e+17
      Equation: "ElectronContinuityEquation"	RelError: 2.98351e-01	AbsError: 2.13631e+17
      Equation: "HoleContinuityEquation"	RelError: 7.39781e-01	AbsError: 8.99496e+14
      Equation: "PotentialEquation"	RelError: 1.10678e+00	AbsError: 1.10076e-02
    Region: "gate"	RelError: 2.66609e-02	AbsError: 7.57528e+16
      Equation: "ElectronContinuityEquation"	RelError: 7.69392e-04	AbsError: 7.57528e+16
      Equation: "HoleContinuityEquation"	RelError: 7.68210e-04	AbsError: 7.80240e-04
      Equation: "PotentialEquation"	RelError: 2.51233e-02	AbsError: 2.00000e-02
    Region: "oxide"	RelError: 2.55371e-02	AbsError: 1.99931e-02
      Equation: "PotentialEquation"	RelError: 2.55371e-02	AbsError: 1.99931e-02
Iteration: 1
  Device: "mos2d"	RelError: 2.49435e-01	AbsError: 1.59839e+16
    Region: "bulk"	RelError: 2.48028e-01	AbsError: 1.59839e+16
      Equation: "ElectronContinuityEquation"	RelError: 4.86013e-02	AbsError: 1.59258e+16
      Equation: "HoleContinuityEquation"	RelError: 1.38467e-01	AbsError: 5.81427e+13
      Equation: "PotentialEquation"	RelError: 6.09592e-02	AbsError: 6.01634e-04
    Region: "gate"	RelError: 3.45097e-05	AbsError: 1.67600e+15
      Equation: "ElectronContinuityEquation"	RelError: 1.69414e-05	AbsError: 1.67600e+15
      Equation: "HoleContinuityEquation"	RelError: 1.70160e-05	AbsError: 1.72002e-05
      Equation: "PotentialEquation"	RelError: 5.52316e-07	AbsError: 4.39531e-07
    Region: "oxide"	RelError: 1.37238e-03	AbsError: 5.93974e-04
      Equation: "PotentialEquation"	RelError: 1.37238e-03	AbsError: 5.93974e-04
Iteration: 2
  Device: "mos2d"	RelError: 1.23846e-03	AbsError: 4.27901e+13
    Region: "bulk"	RelError: 1.23347e-03	AbsError: 4.27901e+13
      Equation: "ElectronContinuityEquation"	RelError: 1.81835e-04	AbsError: 4.26418e+13
      Equation: "HoleContinuityEquation"	RelError: 8.65595e-04	AbsError: 1.48297e+11
      Equation: "PotentialEquation"	RelError: 1.86045e-04	AbsError: 2.12495e-06
    Region: "gate"	RelError: 1.13023e-07	AbsError: 5.51542e+12
      Equation: "ElectronContinuityEquation"	RelError: 5.57511e-08	AbsError: 5.51542e+12
      Equation: "HoleContinuityEquation"	RelError: 5.54628e-08	AbsError: 5.60631e-08
      Equation: "PotentialEquation"	RelError: 1.80890e-09	AbsError: 1.43952e-09
    Region: "oxide"	RelError: 4.87685e-06	AbsError: 2.11075e-06
      Equation: "PotentialEquation"	RelError: 4.87685e-06	AbsError: 2.11075e-06
Iteration: 3
  Device: "mos2d"	RelError: 2.66998e-08	AbsError: 7.32278e+08
    Region: "bulk"	RelError: 2.66259e-08	AbsError: 7.32278e+08
      Equation: "ElectronContinuityEquation"	RelError: 3.19889e-09	AbsError: 7.30679e+08
      Equation: "HoleContinuityEquation"	RelError: 2.12501e-08	AbsError: 1.59874e+06
      Equation: "PotentialEquation"	RelError: 2.17697e-09	AbsError: 3.12809e-11
    Region: "gate"	RelError: 1.59273e-12	AbsError: 7.77404e+07
      Equation: "ElectronContinuityEquation"	RelError: 7.85022e-13	AbsError: 7.77404e+07
      Equation: "HoleContinuityEquation"	RelError: 7.82248e-13	AbsError: 7.89914e-13
      Equation: "PotentialEquation"	RelError: 2.54599e-14	AbsError: 2.02616e-14
    Region: "oxide"	RelError: 7.22742e-11	AbsError: 3.12809e-11
      Equation: "PotentialEquation"	RelError: 7.22742e-11	AbsError: 3.12809e-11
Succeeded
gate last end 2.000000e-01 5.000000e-01
number of equations 4346
Iteration: 0
  Device: "mos2d"	RelError: 1.21676e+01	AbsError: 2.24106e+17
    Region: "bulk"	RelError: 1.21170e+01	AbsError: 2.24106e+17
      Equation: "ElectronContinuityEquation"	RelError: 2.76758e-01	AbsError: 2.23322e+17
      Equation: "HoleContinuityEquation"	RelError: 6.19862e-01	AbsError: 7.84496e+14
      Equation: "PotentialEquation"	RelError: 1.12204e+01	AbsError: 9.90608e-03
    Region: "gate"	RelError: 2.60865e-02	AbsError: 7.77300e+16
      Equation: "ElectronContinuityEquation"	RelError: 7.90105e-04	AbsError: 7.77300e+16
      Equation: "HoleContinuityEquation"	RelError: 7.88858e-04	AbsError: 8.01854e-04
      Equation: "PotentialEquation"	RelError: 2.45076e-02	AbsError: 2.00000e-02
    Region: "oxide"	RelError: 2.45064e-02	AbsError: 1.99923e-02
      Equation: "PotentialEquation"	RelError: 2.45064e-02	AbsError: 1.99923e-02
Iteration: 1
  Device: "mos2d"	RelError: 5.70283e-01	AbsError: 1.67707e+16
    Region: "bulk"	RelError: 5.68929e-01	AbsError: 1.67707e+16
      Equation: "ElectronContinuityEquation"	RelError: 3.68477e-02	AbsError: 1.67165e+16
      Equation: "HoleContinuityEquation"	RelError: 1.13338e-01	AbsError: 5.41723e+13
      Equation: "PotentialEquation"	RelError: 4.18744e-01	AbsError: 5.90262e-04
    Region: "gate"	RelError: 3.42292e-05	AbsError: 1.66148e+15
      Equation: "ElectronContinuityEquation"	RelError: 1.68001e-05	AbsError: 1.66148e+15
      Equation: "HoleContinuityEquation"	RelError: 1.68945e-05	AbsError: 1.70829e-05
      Equation: "PotentialEquation"	RelError: 5.34612e-07	AbsError: 4.36130e-07
    Region: "oxide"	RelError: 1.31958e-03	AbsError: 5.85880e-04
      Equation: "PotentialEquation"	RelError: 1.31958e-03	AbsError: 5.85880e-04
Iteration: 2
  Device: "mos2d"	RelError: 2.08355e-03	AbsError: 4.02719e+13
    Region: "bulk"	RelError: 2.07880e-03	AbsError: 4.02719e+13
      Equation: "ElectronContinuityEquation"	RelError: 1.28326e-04	AbsError: 4.01356e+13
      Equation: "HoleContinuityEquation"	RelError: 6.95746e-04	AbsError: 1.36316e+11
      Equation: "PotentialEquation"	RelError: 1.25473e-03	AbsError: 2.07134e-06
    Region: "gate"	RelError: 1.12750e-07	AbsError: 5.50230e+12
      Equation: "ElectronContinuityEquation"	RelError: 5.56365e-08	AbsError: 5.50230e+12
      Equation: "HoleContinuityEquation"	RelError: 5.53527e-08	AbsError: 5.59699e-08
      Equation: "PotentialEquation"	RelError: 1.76101e-09	AbsError: 1.43661e-09
    Region: "oxide"	RelError: 4.63575e-06	AbsError: 2.05131e-06
      Equation: "PotentialEquation"	RelError: 4.63575e-06	AbsError: 2.05131e-06
Iteration: 3
  Device: "mos2d"	RelError: 3.37479e-08	AbsError: 6.13442e+08
    Region: "bulk"	RelError: 3.36805e-08	AbsError: 6.13442e+08
      Equation: "ElectronContinuityEquation"	RelError: 2.24520e-09	AbsError: 6.12079e+08
      Equation: "HoleContinuityEquation"	RelError: 1.74235e-08	AbsError: 1.36301e+06
      Equation: "PotentialEquation"	RelError: 1.40118e-08	AbsError: 2.91539e-11
    Region: "gate"	RelError: 1.47602e-12	AbsError: 7.19996e+07
      Equation: "ElectronContinuityEquation"	RelError: 7.28025e-13	AbsError: 7.19996e+07
      Equation: "HoleContinuityEquation"	RelError: 7.24901e-13	AbsError: 7.32984e-13
      Equation: "PotentialEquation"	RelError: 2.30970e-14	AbsError: 1.88423e-14
    Region: "oxide"	RelError: 6.59291e-11	AbsError: 2.91132e-11
      Equation: "PotentialEquation"	RelError: 6.59291e-11	AbsError: 2.91132e-11
Succeeded
gate last end 2.200000e-01 5.000000e-01
number of equations 4346
Iteration: 0
  Device: "mos2d"	RelError: 2.05683e+00	AbsError: 2.33577e+17
    Region: "bulk"	RelError: 2.00737e+00	AbsError: 2.33577e+17
      Equation: "ElectronContinuityEquation"	RelError: 2.54050e-01	AbsError: 2.32899e+17
      Equation: "HoleContinuityEquation"	RelError: 5.16468e-01	AbsError: 6.78278e+14
      Equation: "PotentialEquation"	RelError: 1.23685e+00	AbsError: 8.81648e-03
    Region: "gate"	RelError: 2.55363e-02	AbsError: 7.94415e+16
      Equation: "ElectronContinuityEquation"	RelError: 8.08163e-04	AbsError: 7.94415e+16
      Equation: "HoleContinuityEquation"	RelError: 8.06858e-04	AbsError: 8.20820e-04
      Equation: "PotentialEquation"	RelError: 2.39213e-02	AbsError: 2.00000e-02
    Region: "oxide"	RelError: 2.39192e-02	AbsError: 1.99915e-02
      Equation: "PotentialEquation"	RelError: 2.39192e-02	AbsError: 1.99915e-02
Iteration: 1
  Device: "mos2d"	RelError: 2.07885e-01	AbsError: 1.67532e+16
    Region: "bulk"	RelError: 2.06652e-01	AbsError: 1.67532e+16
      Equation: "ElectronContinuityEquation"	RelError: 2.72711e-02	AbsError: 1.67052e+16
      Equation: "HoleContinuityEquation"	RelError: 9.08475e-02	AbsError: 4.80615e+13
      Equation: "PotentialEquation"	RelError: 8.85330e-02	AbsError: 5.41492e-04
    Region: "gate"	RelError: 3.18023e-05	AbsError: 1.54230e+15
      Equation: "ElectronContinuityEquation"	RelError: 1.56006e-05	AbsError: 1.54230e+15
      Equation: "HoleContinuityEquation"	RelError: 1.57167e-05	AbsError: 1.58976e-05
      Equation: "PotentialEquation"	RelError: 4.85008e-07	AbsError: 4.05359e-07
    Region: "oxide"	RelError: 1.20154e-03	AbsError: 5.40256e-04
      Equation: "PotentialEquation"	RelError: 1.20154e-03	AbsError: 5.40256e-04
Iteration: 2
  Device: "mos2d"	RelError: 8.29334e-04	AbsError: 3.17991e+13
    Region: "bulk"	RelError: 8.25530e-04	AbsError: 3.17991e+13
      Equation: "ElectronContinuityEquation"	RelError: 7.85573e-05	AbsError: 3.16912e+13
      Equation: "HoleContinuityEquation"	RelError: 5.13326e-04	AbsError: 1.07882e+11
      Equation: "PotentialEquation"	RelError: 2.33647e-04	AbsError: 1.68016e-06
    Region: "gate"	RelError: 9.34362e-08	AbsError: 4.56032e+12
      Equation: "ElectronContinuityEquation"	RelError: 4.61282e-08	AbsError: 4.56032e+12
      Equation: "HoleContinuityEquation"	RelError: 4.58830e-08	AbsError: 4.64112e-08
      Equation: "PotentialEquation"	RelError: 1.42498e-09	AbsError: 1.19097e-09
    Region: "oxide"	RelError: 3.70995e-06	AbsError: 1.67676e-06
      Equation: "PotentialEquation"	RelError: 3.70995e-06	AbsError: 1.67676e-06
Iteration: 3
  Device: "mos2d"	RelError: 1.36834e-08	AbsError: 3.98986e+08
    Region: "bulk"	RelError: 1.36419e-08	AbsError: 3.98986e+08
      Equation: "ElectronContinuityEquation"	RelError: 1.05287e-09	AbsError: 3.98167e+08
      Equation: "HoleContinuityEquation"	RelError: 1.05934e-08	AbsError: 8.18788e+05
      Equation: "PotentialEquation"	RelError: 1.99568e-09	AbsError: 1.83388e-11
    Region: "gate"	RelError: 9.51637e-13	AbsError: 4.64301e+07
      Equation: "ElectronContinuityEquation"	RelError: 4.69646e-13	AbsError: 4.64301e+07
      Equation: "HoleContinuityEquation"	RelError: 4.67528e-13	AbsError: 4.72911e-13
      Equation: "PotentialEquation"	RelError: 1.44622e-14	AbsError: 1.20872e-14
    Region: "oxide"	RelError: 4.05758e-11	AbsError: 1.83388e-11
      Equation: "PotentialEquation"	RelError: 4.05758e-11	AbsError: 1.83388e-11
Succeeded
gate last end 2.400000e-01 5.000000e-01
number of equations 4346
Iteration: 0
  Device: "mos2d"	RelError: 1.14642e+02	AbsError: 2.42984e+17
    Region: "bulk"	RelError: 1.14593e+02	AbsError: 2.42984e+17
      Equation: "ElectronContinuityEquation"	RelError: 2.31616e-01	AbsError: 2.42399e+17
      Equation: "HoleContinuityEquation"	RelError: 4.31502e-01	AbsError: 5.84607e+14
      Equation: "PotentialEquation"	RelError: 1.13930e+02	AbsError: 7.80325e-03
    Region: "gate"	RelError: 2.50086e-02	AbsError: 8.09091e+16
      Equation: "ElectronContinuityEquation"	RelError: 8.23776e-04	AbsError: 8.09091e+16
      Equation: "HoleContinuityEquation"	RelError: 8.22421e-04	AbsError: 8.37348e-04
      Equation: "PotentialEquation"	RelError: 2.33624e-02	AbsError: 2.00000e-02
    Region: "oxide"	RelError: 2.33595e-02	AbsError: 1.99908e-02
      Equation: "PotentialEquation"	RelError: 2.33595e-02	AbsError: 1.99908e-02
Iteration: 1
  Device: "mos2d"	RelError: 9.78640e-01	AbsError: 1.62680e+16
    Region: "bulk"	RelError: 9.77565e-01	AbsError: 1.62680e+16
      Equation: "ElectronContinuityEquation"	RelError: 2.00404e-02	AbsError: 1.62268e+16
      Equation: "HoleContinuityEquation"	RelError: 7.20275e-02	AbsError: 4.12176e+13
      Equation: "PotentialEquation"	RelError: 8.85497e-01	AbsError: 4.76127e-04
    Region: "gate"	RelError: 2.81930e-05	AbsError: 1.36549e+15
      Equation: "ElectronContinuityEquation"	RelError: 1.38174e-05	AbsError: 1.36549e+15
      Equation: "HoleContinuityEquation"	RelError: 1.39555e-05	AbsError: 1.41216e-05
      Equation: "PotentialEquation"	RelError: 4.20069e-07	AbsError: 3.59482e-07
    Region: "oxide"	RelError: 1.04700e-03	AbsError: 4.74681e-04
      Equation: "PotentialEquation"	RelError: 1.04700e-03	AbsError: 4.74681e-04
Iteration: 2
  Device: "mos2d"	RelError: 2.34854e-03	AbsError: 2.25752e+13
    Region: "bulk"	RelError: 2.34583e-03	AbsError: 2.25752e+13
      Equation: "ElectronContinuityEquation"	RelError: 4.50890e-05	AbsError: 2.24980e+13
      Equation: "HoleContinuityEquation"	RelError: 3.61858e-04	AbsError: 7.72155e+10
      Equation: "PotentialEquation"	RelError: 1.93888e-03	AbsError: 1.20975e-06
    Region: "gate"	RelError: 6.84184e-08	AbsError: 3.33984e+12
      Equation: "ElectronContinuityEquation"	RelError: 3.37959e-08	AbsError: 3.33984e+12
      Equation: "HoleContinuityEquation"	RelError: 3.36031e-08	AbsError: 3.40030e-08
      Equation: "PotentialEquation"	RelError: 1.01943e-09	AbsError: 8.72399e-10
    Region: "oxide"	RelError: 2.63688e-06	AbsError: 1.20975e-06
      Equation: "PotentialEquation"	RelError: 2.63688e-06	AbsError: 1.20975e-06
Iteration: 3
  Device: "mos2d"	RelError: 1.68686e-08	AbsError: 1.92874e+08
    Region: "bulk"	RelError: 1.68489e-08	AbsError: 1.92874e+08
      Equation: "ElectronContinuityEquation"	RelError: 3.86995e-10	AbsError: 1.92487e+08
      Equation: "HoleContinuityEquation"	RelError: 5.34672e-09	AbsError: 3.86861e+05
      Equation: "PotentialEquation"	RelError: 1.11152e-08	AbsError: 8.83260e-12
    Region: "gate"	RelError: 4.68655e-13	AbsError: 2.28581e+07
      Equation: "ElectronContinuityEquation"	RelError: 2.31302e-13	AbsError: 2.28581e+07
      Equation: "HoleContinuityEquation"	RelError: 2.30298e-13	AbsError: 2.33039e-13
      Equation: "PotentialEquation"	RelError: 7.05617e-15	AbsError: 6.03845e-15
    Region: "oxide"	RelError: 1.92524e-11	AbsError: 8.83260e-12
      Equation: "PotentialEquation"	RelError: 1.92524e-11	AbsError: 8.83260e-12
Succeeded
gate last end 2.600000e-01 5.000000e-01
number of equations 4346
Iteration: 0
  Device: "mos2d"	RelError: 2.65811e+00	AbsError: 2.52334e+17
    Region: "bulk"	RelError: 2.61078e+00	AbsError: 2.52334e+17
      Equation: "ElectronContinuityEquation"	RelError: 2.10496e-01	AbsError: 2.51830e+17
      Equation: "HoleContinuityEquation"	RelError: 3.63546e-01	AbsError: 5.04559e+14
      Equation: "PotentialEquation"	RelError: 2.03674e+00	AbsError: 6.90199e-03
    Region: "gate"	RelError: 2.45023e-02	AbsError: 8.21656e+16
      Equation: "ElectronContinuityEquation"	RelError: 8.37275e-04	AbsError: 8.21656e+16
      Equation: "HoleContinuityEquation"	RelError: 8.35875e-04	AbsError: 8.51765e-04
      Equation: "PotentialEquation"	RelError: 2.28291e-02	AbsError: 2.00000e-02
    Region: "oxide"	RelError: 2.28256e-02	AbsError: 1.99903e-02
      Equation: "PotentialEquation"	RelError: 2.28256e-02	AbsError: 1.99903e-02
Iteration: 1
  Device: "mos2d"	RelError: 1.90451e-01	AbsError: 1.56007e+16
    Region: "bulk"	RelError: 1.89536e-01	AbsError: 1.56007e+16
      Equation: "ElectronContinuityEquation"	RelError: 1.48424e-02	AbsError: 1.55661e+16
      Equation: "HoleContinuityEquation"	RelError: 5.69877e-02	AbsError: 3.46421e+13
      Equation: "PotentialEquation"	RelError: 1.17706e-01	AbsError: 4.08837e-04
    Region: "gate"	RelError: 2.44851e-05	AbsError: 1.18207e+15
      Equation: "ElectronContinuityEquation"	RelError: 1.19762e-05	AbsError: 1.18207e+15
      Equation: "HoleContinuityEquation"	RelError: 1.21523e-05	AbsError: 1.23122e-05
      Equation: "PotentialEquation"	RelError: 3.56625e-07	AbsError: 3.12310e-07
    Region: "oxide"	RelError: 8.89740e-04	AbsError: 4.08684e-04
      Equation: "PotentialEquation"	RelError: 8.89740e-04	AbsError: 4.08684e-04
Iteration: 2
  Device: "mos2d"	RelError: 4.69091e-04	AbsError: 1.51837e+13
    Region: "bulk"	RelError: 4.67286e-04	AbsError: 1.51837e+13
      Equation: "ElectronContinuityEquation"	RelError: 2.55634e-05	AbsError: 1.51317e+13
      Equation: "HoleContinuityEquation"	RelError: 2.50742e-04	AbsError: 5.20718e+10
      Equation: "PotentialEquation"	RelError: 1.90981e-04	AbsError: 8.09076e-07
    Region: "gate"	RelError: 4.64641e-08	AbsError: 2.26857e+12
      Equation: "ElectronContinuityEquation"	RelError: 2.29651e-08	AbsError: 2.26857e+12
      Equation: "HoleContinuityEquation"	RelError: 2.28222e-08	AbsError: 2.31033e-08
      Equation: "PotentialEquation"	RelError: 6.76746e-10	AbsError: 5.92666e-10
    Region: "oxide"	RelError: 1.75819e-06	AbsError: 8.09076e-07
      Equation: "PotentialEquation"	RelError: 1.75819e-06	AbsError: 8.09076e-07
Iteration: 3
  Device: "mos2d"	RelError: 3.43340e-09	AbsError: 7.91906e+07
    Region: "bulk"	RelError: 3.42541e-09	AbsError: 7.91906e+07
      Equation: "ElectronContinuityEquation"	RelError: 3.95561e-10	AbsError: 7.90319e+07
      Equation: "HoleContinuityEquation"	RelError: 2.42109e-09	AbsError: 1.58703e+05
      Equation: "PotentialEquation"	RelError: 6.08764e-10	AbsError: 3.61832e-12
    Region: "gate"	RelError: 1.96740e-13	AbsError: 9.59032e+06
      Equation: "ElectronContinuityEquation"	RelError: 9.70846e-14	AbsError: 9.59032e+06
      Equation: "HoleContinuityEquation"	RelError: 9.66212e-14	AbsError: 9.78114e-14
      Equation: "PotentialEquation"	RelError: 3.03416e-15	AbsError: 2.65719e-15
    Region: "oxide"	RelError: 7.78563e-12	AbsError: 3.61832e-12
      Equation: "PotentialEquation"	RelError: 7.78563e-12	AbsError: 3.61832e-12
Succeeded
gate last end 2.800000e-01 5.000000e-01
number of equations 4346
Iteration: 0
  Device: "mos2d"	RelError: 3.30610e+00	AbsError: 2.66862e+17
    Region: "bulk"	RelError: 3.25976e+00	AbsError: 2.66862e+17
      Equation: "ElectronContinuityEquation"	RelError: 1.91278e-01	AbsError: 2.66424e+17
      Equation: "HoleContinuityEquation"	RelError: 3.09789e-01	AbsError: 4.37392e+14
      Equation: "PotentialEquation"	RelError: 2.75870e+00	AbsError: 6.12279e-03
    Region: "gate"	RelError: 2.40161e-02	AbsError: 8.32456e+16
      Equation: "ElectronContinuityEquation"	RelError: 8.49006e-04	AbsError: 8.32456e+16
      Equation: "HoleContinuityEquation"	RelError: 8.47567e-04	AbsError: 8.64416e-04
      Equation: "PotentialEquation"	RelError: 2.23196e-02	AbsError: 2.00000e-02
    Region: "oxide"	RelError: 2.23155e-02	AbsError: 1.99901e-02
      Equation: "PotentialEquation"	RelError: 2.23155e-02	AbsError: 1.99901e-02
Iteration: 1
  Device: "mos2d"	RelError: 2.68946e-01	AbsError: 1.49234e+16
    Region: "bulk"	RelError: 2.68179e-01	AbsError: 1.49234e+16
      Equation: "ElectronContinuityEquation"	RelError: 1.11015e-02	AbsError: 1.48946e+16
      Equation: "HoleContinuityEquation"	RelError: 4.52910e-02	AbsError: 2.88391e+13
      Equation: "PotentialEquation"	RelError: 2.11786e-01	AbsError: 3.47637e-04
    Region: "gate"	RelError: 2.09843e-05	AbsError: 1.01069e+15
      Equation: "ElectronContinuityEquation"	RelError: 1.02445e-05	AbsError: 1.01069e+15
      Equation: "HoleContinuityEquation"	RelError: 1.04409e-05	AbsError: 1.05831e-05
      Equation: "PotentialEquation"	RelError: 2.98914e-07	AbsError: 2.67744e-07
    Region: "oxide"	RelError: 7.46061e-04	AbsError: 3.46784e-04
      Equation: "PotentialEquation"	RelError: 7.46061e-04	AbsError: 3.46784e-04
Iteration: 2
  Device: "mos2d"	RelError: 4.60192e-04	AbsError: 1.00332e+13
    Region: "bulk"	RelError: 4.59030e-04	AbsError: 1.00332e+13
      Equation: "ElectronContinuityEquation"	RelError: 2.00375e-05	AbsError: 9.99913e+12
      Equation: "HoleContinuityEquation"	RelError: 1.71237e-04	AbsError: 3.41078e+10
      Equation: "PotentialEquation"	RelError: 2.67755e-04	AbsError: 5.27718e-07
    Region: "gate"	RelError: 3.03204e-08	AbsError: 1.48066e+12
      Equation: "ElectronContinuityEquation"	RelError: 1.49955e-08	AbsError: 1.48066e+12
      Equation: "HoleContinuityEquation"	RelError: 1.48929e-08	AbsError: 1.50829e-08
      Equation: "PotentialEquation"	RelError: 4.31904e-10	AbsError: 3.86877e-10
    Region: "oxide"	RelError: 1.13148e-06	AbsError: 5.25226e-07
      Equation: "PotentialEquation"	RelError: 1.13148e-06	AbsError: 5.25226e-07
Iteration: 3
  Device: "mos2d"	RelError: 1.68258e-09	AbsError: 2.94749e+07
    Region: "bulk"	RelError: 1.67954e-09	AbsError: 2.94749e+07
      Equation: "ElectronContinuityEquation"	RelError: 1.12136e-10	AbsError: 2.94143e+07
      Equation: "HoleContinuityEquation"	RelError: 1.06207e-09	AbsError: 6.06771e+04
      Equation: "PotentialEquation"	RelError: 5.05338e-10	AbsError: 1.37263e-12
    Region: "gate"	RelError: 7.60620e-14	AbsError: 3.70421e+06
      Equation: "ElectronContinuityEquation"	RelError: 3.75146e-14	AbsError: 3.70421e+06
      Equation: "HoleContinuityEquation"	RelError: 3.73698e-14	AbsError: 3.78465e-14
      Equation: "PotentialEquation"	RelError: 1.17757e-15	AbsError: 1.05480e-15
    Region: "oxide"	RelError: 2.95702e-12	AbsError: 1.37263e-12
      Equation: "PotentialEquation"	RelError: 2.95702e-12	AbsError: 1.37263e-12
Succeeded
gate last end 3.000000e-01 5.000000e-01
number of equations 4346
Iteration: 0
  Device: "mos2d"	RelError: 1.23243e+00	AbsError: 2.96365e+17
    Region: "bulk"	RelError: 1.18705e+00	AbsError: 2.96365e+17
      Equation: "ElectronContinuityEquation"	RelError: 1.74170e-01	AbsError: 2.95984e+17
      Equation: "HoleContinuityEquation"	RelError: 2.67271e-01	AbsError: 3.81498e+14
      Equation: "PotentialEquation"	RelError: 7.45613e-01	AbsError: 5.45968e-03
    Region: "gate"	RelError: 2.35494e-02	AbsError: 8.41805e+16
      Equation: "ElectronContinuityEquation"	RelError: 8.59282e-04	AbsError: 8.41805e+16
      Equation: "HoleContinuityEquation"	RelError: 8.57808e-04	AbsError: 8.75617e-04
      Equation: "PotentialEquation"	RelError: 2.18323e-02	AbsError: 2.00000e-02
    Region: "oxide"	RelError: 2.18280e-02	AbsError: 1.99898e-02
      Equation: "PotentialEquation"	RelError: 2.18280e-02	AbsError: 1.99898e-02
Iteration: 1
  Device: "mos2d"	RelError: 9.27462e-02	AbsError: 1.43150e+16
    Region: "bulk"	RelError: 9.21068e-02	AbsError: 1.43150e+16
      Equation: "ElectronContinuityEquation"	RelError: 8.42539e-03	AbsError: 1.42910e+16
      Equation: "HoleContinuityEquation"	RelError: 3.63084e-02	AbsError: 2.39549e+13
      Equation: "PotentialEquation"	RelError: 4.73731e-02	AbsError: 2.93220e-04
    Region: "gate"	RelError: 1.78614e-05	AbsError: 8.57795e+14
      Equation: "ElectronContinuityEquation"	RelError: 8.69888e-06	AbsError: 8.57795e+14
      Equation: "HoleContinuityEquation"	RelError: 8.91360e-06	AbsError: 9.03926e-06
      Equation: "PotentialEquation"	RelError: 2.48953e-07	AbsError: 2.27970e-07
    Region: "oxide"	RelError: 6.21549e-04	AbsError: 2.91936e-04
      Equation: "PotentialEquation"	RelError: 6.21549e-04	AbsError: 2.91936e-04
Iteration: 2
  Device: "mos2d"	RelError: 1.78897e-04	AbsError: 6.66892e+12
    Region: "bulk"	RelError: 1.78154e-04	AbsError: 6.66892e+12
      Equation: "ElectronContinuityEquation"	RelError: 1.52093e-05	AbsError: 6.64677e+12
      Equation: "HoleContinuityEquation"	RelError: 1.16541e-04	AbsError: 2.21521e+10
      Equation: "PotentialEquation"	RelError: 4.64041e-05	AbsError: 3.39573e-07
    Region: "gate"	RelError: 1.94764e-08	AbsError: 9.51313e+11
      Equation: "ElectronContinuityEquation"	RelError: 9.63883e-09	AbsError: 9.51313e+11
      Equation: "HoleContinuityEquation"	RelError: 9.56610e-09	AbsError: 9.69250e-09
      Equation: "PotentialEquation"	RelError: 2.71468e-10	AbsError: 2.48592e-10
    Region: "oxide"	RelError: 7.22971e-07	AbsError: 3.39573e-07
      Equation: "PotentialEquation"	RelError: 7.22971e-07	AbsError: 3.39573e-07
Iteration: 3
  Device: "mos2d"	RelError: 6.95593e-10	AbsError: 1.11471e+07
    Region: "bulk"	RelError: 6.94472e-10	AbsError: 1.11471e+07
      Equation: "ElectronContinuityEquation"	RelError: 1.80413e-10	AbsError: 1.11244e+07
      Equation: "HoleContinuityEquation"	RelError: 4.62905e-10	AbsError: 2.26986e+04
      Equation: "PotentialEquation"	RelError: 5.11534e-11	AbsError: 5.12077e-13
    Region: "gate"	RelError: 2.85472e-14	AbsError: 1.39205e+06
      Equation: "ElectronContinuityEquation"	RelError: 1.41044e-14	AbsError: 1.39205e+06
      Equation: "HoleContinuityEquation"	RelError: 1.39578e-14	AbsError: 1.41422e-14
      Equation: "PotentialEquation"	RelError: 4.84991e-16	AbsError: 4.44123e-16
    Region: "oxide"	RelError: 1.09197e-12	AbsError: 5.12077e-13
      Equation: "PotentialEquation"	RelError: 1.09197e-12	AbsError: 5.12077e-13
Succeeded
gate last end 3.200000e-01 5.000000e-01
number of equations 4346
Iteration: 0
  Device: "mos2d"	RelError: 1.78566e+00	AbsError: 3.24707e+17
    Region: "bulk"	RelError: 1.74120e+00	AbsError: 3.24707e+17
      Equation: "ElectronContinuityEquation"	RelError: 1.59134e-01	AbsError: 3.24372e+17
      Equation: "HoleContinuityEquation"	RelError: 2.33426e-01	AbsError: 3.35050e+14
      Equation: "PotentialEquation"	RelError: 1.34864e+00	AbsError: 4.89915e-03
    Region: "gate"	RelError: 2.31010e-02	AbsError: 8.49962e+16
      Equation: "ElectronContinuityEquation"	RelError: 8.68366e-04	AbsError: 8.49962e+16
      Equation: "HoleContinuityEquation"	RelError: 8.66861e-04	AbsError: 8.85630e-04
      Equation: "PotentialEquation"	RelError: 2.13658e-02	AbsError: 2.00000e-02
    Region: "oxide"	RelError: 2.13613e-02	AbsError: 1.99896e-02
      Equation: "PotentialEquation"	RelError: 2.13613e-02	AbsError: 1.99896e-02
Iteration: 1
  Device: "mos2d"	RelError: 1.07278e-01	AbsError: 1.37997e+16
    Region: "bulk"	RelError: 1.06742e-01	AbsError: 1.37997e+16
      Equation: "ElectronContinuityEquation"	RelError: 6.50975e-03	AbsError: 1.37797e+16
      Equation: "HoleContinuityEquation"	RelError: 2.94276e-02	AbsError: 1.99458e+13
      Equation: "PotentialEquation"	RelError: 7.08048e-02	AbsError: 2.46910e-04
    Region: "gate"	RelError: 1.51899e-05	AbsError: 7.26975e+14
      Equation: "ElectronContinuityEquation"	RelError: 7.37584e-06	AbsError: 7.26975e+14
      Equation: "HoleContinuityEquation"	RelError: 7.60678e-06	AbsError: 7.71779e-06
      Equation: "PotentialEquation"	RelError: 2.07257e-07	AbsError: 1.93930e-07
    Region: "oxide"	RelError: 5.20511e-04	AbsError: 2.46284e-04
      Equation: "PotentialEquation"	RelError: 5.20511e-04	AbsError: 2.46284e-04
Iteration: 2
  Device: "mos2d"	RelError: 1.40408e-04	AbsError: 4.52564e+12
    Region: "bulk"	RelError: 1.39932e-04	AbsError: 4.52564e+12
      Equation: "ElectronContinuityEquation"	RelError: 1.13747e-05	AbsError: 4.51119e+12
      Equation: "HoleContinuityEquation"	RelError: 7.99050e-05	AbsError: 1.44522e+10
      Equation: "PotentialEquation"	RelError: 4.86528e-05	AbsError: 2.19563e-07
    Region: "gate"	RelError: 1.25073e-08	AbsError: 6.11046e+11
      Equation: "ElectronContinuityEquation"	RelError: 6.19409e-09	AbsError: 6.11046e+11
      Equation: "HoleContinuityEquation"	RelError: 6.14251e-09	AbsError: 6.22657e-09
      Equation: "PotentialEquation"	RelError: 1.70660e-10	AbsError: 1.59690e-10
    Region: "oxide"	RelError: 4.62805e-07	AbsError: 2.19389e-07
      Equation: "PotentialEquation"	RelError: 4.62805e-07	AbsError: 2.19389e-07
Iteration: 3
  Device: "mos2d"	RelError: 7.12773e-10	AbsError: 4.46217e+06
    Region: "bulk"	RelError: 7.12354e-10	AbsError: 4.46217e+06
      Equation: "ElectronContinuityEquation"	RelError: 4.80313e-10	AbsError: 4.45362e+06
      Equation: "HoleContinuityEquation"	RelError: 2.04760e-10	AbsError: 8.54676e+03
      Equation: "PotentialEquation"	RelError: 2.72809e-11	AbsError: 1.93490e-13
    Region: "gate"	RelError: 1.08712e-14	AbsError: 5.20104e+05
      Equation: "ElectronContinuityEquation"	RelError: 5.27222e-15	AbsError: 5.20104e+05
      Equation: "HoleContinuityEquation"	RelError: 5.34762e-15	AbsError: 5.42080e-15
      Equation: "PotentialEquation"	RelError: 2.51324e-16	AbsError: 2.35164e-16
    Region: "oxide"	RelError: 4.08170e-13	AbsError: 1.93490e-13
      Equation: "PotentialEquation"	RelError: 4.08170e-13	AbsError: 1.93490e-13
Succeeded
gate last end 3.400000e-01 5.000000e-01
number of equations 4346
Iteration: 0
  Device: "mos2d"	RelError: 1.00464e+01	AbsError: 3.52070e+17
    Region: "bulk"	RelError: 1.00029e+01	AbsError: 3.52070e+17
      Equation: "ElectronContinuityEquation"	RelError: 1.46001e-01	AbsError: 3.51774e+17
      Equation: "HoleContinuityEquation"	RelError: 2.06217e-01	AbsError: 2.96341e+14
      Equation: "PotentialEquation"	RelError: 9.65065e+00	AbsError: 4.42571e-03
    Region: "gate"	RelError: 2.26703e-02	AbsError: 8.57139e+16
      Equation: "ElectronContinuityEquation"	RelError: 8.76469e-04	AbsError: 8.57139e+16
      Equation: "HoleContinuityEquation"	RelError: 8.74936e-04	AbsError: 8.94666e-04
      Equation: "PotentialEquation"	RelError: 2.09189e-02	AbsError: 2.00000e-02
    Region: "oxide"	RelError: 2.09142e-02	AbsError: 1.99895e-02
      Equation: "PotentialEquation"	RelError: 2.09142e-02	AbsError: 1.99895e-02
Iteration: 1
  Device: "mos2d"	RelError: 1.10187e+00	AbsError: 1.33759e+16
    Region: "bulk"	RelError: 1.10142e+00	AbsError: 1.33759e+16
      Equation: "ElectronContinuityEquation"	RelError: 5.37203e-03	AbsError: 1.33592e+16
      Equation: "HoleContinuityEquation"	RelError: 2.41793e-02	AbsError: 1.66927e+13
      Equation: "PotentialEquation"	RelError: 1.07187e+00	AbsError: 2.09231e-04
    Region: "gate"	RelError: 1.29552e-05	AbsError: 6.17519e+14
      Equation: "ElectronContinuityEquation"	RelError: 6.26845e-06	AbsError: 6.17519e+14
      Equation: "HoleContinuityEquation"	RelError: 6.51366e-06	AbsError: 6.61203e-06
      Equation: "PotentialEquation"	RelError: 1.73119e-07	AbsError: 1.65448e-07
    Region: "oxide"	RelError: 4.38560e-04	AbsError: 2.09231e-04
      Equation: "PotentialEquation"	RelError: 4.38560e-04	AbsError: 2.09231e-04
Iteration: 2
  Device: "mos2d"	RelError: 6.41878e-04	AbsError: 3.16558e+12
    Region: "bulk"	RelError: 6.41571e-04	AbsError: 3.16558e+12
      Equation: "ElectronContinuityEquation"	RelError: 8.48234e-06	AbsError: 3.15604e+12
      Equation: "HoleContinuityEquation"	RelError: 5.63381e-05	AbsError: 9.54460e+09
      Equation: "PotentialEquation"	RelError: 5.76751e-04	AbsError: 1.43567e-07
    Region: "gate"	RelError: 8.10535e-09	AbsError: 3.96083e+11
      Equation: "ElectronContinuityEquation"	RelError: 4.01695e-09	AbsError: 3.96083e+11
      Equation: "HoleContinuityEquation"	RelError: 3.98007e-09	AbsError: 4.03647e-09
      Equation: "PotentialEquation"	RelError: 1.08317e-10	AbsError: 1.03520e-10
    Region: "oxide"	RelError: 2.98730e-07	AbsError: 1.42779e-07
      Equation: "PotentialEquation"	RelError: 2.98730e-07	AbsError: 1.42779e-07
Iteration: 3
  Device: "mos2d"	RelError: 6.17513e-10	AbsError: 1.79951e+06
    Region: "bulk"	RelError: 6.17352e-10	AbsError: 1.79951e+06
      Equation: "ElectronContinuityEquation"	RelError: 3.33660e-10	AbsError: 1.79622e+06
      Equation: "HoleContinuityEquation"	RelError: 9.19310e-11	AbsError: 3.29010e+03
      Equation: "PotentialEquation"	RelError: 1.91762e-10	AbsError: 7.48340e-14
    Region: "gate"	RelError: 4.31240e-15	AbsError: 2.00595e+05
      Equation: "ElectronContinuityEquation"	RelError: 2.03438e-15	AbsError: 2.00595e+05
      Equation: "HoleContinuityEquation"	RelError: 2.07301e-15	AbsError: 2.10238e-15
      Equation: "PotentialEquation"	RelError: 2.05014e-16	AbsError: 1.95934e-16
    Region: "oxide"	RelError: 1.56571e-13	AbsError: 7.48340e-14
      Equation: "PotentialEquation"	RelError: 1.56571e-13	AbsError: 7.48340e-14
Succeeded
gate last end 3.600000e-01 5.000000e-01
number of equations 4346
Iteration: 0
  Device: "mos2d"	RelError: 1.30847e+00	AbsError: 3.78628e+17
    Region: "bulk"	RelError: 1.26573e+00	AbsError: 3.78628e+17
      Equation: "ElectronContinuityEquation"	RelError: 1.34551e-01	AbsError: 3.78364e+17
      Equation: "HoleContinuityEquation"	RelError: 1.84090e-01	AbsError: 2.63908e+14
      Equation: "PotentialEquation"	RelError: 9.47088e-01	AbsError: 4.02467e-03
    Region: "gate"	RelError: 2.22562e-02	AbsError: 8.63503e+16
      Equation: "ElectronContinuityEquation"	RelError: 8.83760e-04	AbsError: 8.63503e+16
      Equation: "HoleContinuityEquation"	RelError: 8.82201e-04	AbsError: 9.02895e-04
      Equation: "PotentialEquation"	RelError: 2.04902e-02	AbsError: 2.00000e-02
    Region: "oxide"	RelError: 2.04856e-02	AbsError: 1.99893e-02
      Equation: "PotentialEquation"	RelError: 2.04856e-02	AbsError: 1.99893e-02
Iteration: 1
  Device: "mos2d"	RelError: 7.55616e-02	AbsError: 1.30321e+16
    Region: "bulk"	RelError: 7.51792e-02	AbsError: 1.30321e+16
      Equation: "ElectronContinuityEquation"	RelError: 4.52300e-03	AbsError: 1.30181e+16
      Equation: "HoleContinuityEquation"	RelError: 2.00869e-02	AbsError: 1.40615e+13
      Equation: "PotentialEquation"	RelError: 5.05693e-02	AbsError: 1.78584e-04
    Region: "gate"	RelError: 1.11062e-05	AbsError: 5.26920e+14
      Equation: "ElectronContinuityEquation"	RelError: 5.35152e-06	AbsError: 5.26920e+14
      Equation: "HoleContinuityEquation"	RelError: 5.60924e-06	AbsError: 5.69687e-06
      Equation: "PotentialEquation"	RelError: 1.45410e-07	AbsError: 1.41873e-07
    Region: "oxide"	RelError: 3.71324e-04	AbsError: 1.78584e-04
      Equation: "PotentialEquation"	RelError: 3.71324e-04	AbsError: 1.78584e-04
Iteration: 2
  Device: "mos2d"	RelError: 6.83925e-05	AbsError: 2.29664e+12
    Region: "bulk"	RelError: 6.81914e-05	AbsError: 2.29664e+12
      Equation: "ElectronContinuityEquation"	RelError: 6.34973e-06	AbsError: 2.29024e+12
      Equation: "HoleContinuityEquation"	RelError: 4.02886e-05	AbsError: 6.40792e+09
      Equation: "PotentialEquation"	RelError: 2.15531e-05	AbsError: 9.50826e-08
    Region: "gate"	RelError: 5.37662e-09	AbsError: 2.62709e+11
      Equation: "ElectronContinuityEquation"	RelError: 2.66813e-09	AbsError: 2.62709e+11
      Equation: "HoleContinuityEquation"	RelError: 2.63809e-09	AbsError: 2.67931e-09
      Equation: "PotentialEquation"	RelError: 7.04038e-11	AbsError: 6.86911e-11
    Region: "oxide"	RelError: 1.95772e-07	AbsError: 9.44091e-08
      Equation: "PotentialEquation"	RelError: 1.95772e-07	AbsError: 9.44091e-08
Succeeded
gate last end 3.800000e-01 5.000000e-01
number of equations 4346
Iteration: 0
  Device: "mos2d"	RelError: 8.05077e-01	AbsError: 4.04534e+17
    Region: "bulk"	RelError: 7.63144e-01	AbsError: 4.04534e+17
      Equation: "ElectronContinuityEquation"	RelError: 1.24557e-01	AbsError: 4.04298e+17
      Equation: "HoleContinuityEquation"	RelError: 1.65880e-01	AbsError: 2.36554e+14
      Equation: "PotentialEquation"	RelError: 4.72707e-01	AbsError: 3.68320e-03
    Region: "gate"	RelError: 2.18580e-02	AbsError: 8.69186e+16
      Equation: "ElectronContinuityEquation"	RelError: 8.90371e-04	AbsError: 8.69186e+16
      Equation: "HoleContinuityEquation"	RelError: 8.88788e-04	AbsError: 9.10450e-04
      Equation: "PotentialEquation"	RelError: 2.00788e-02	AbsError: 2.00000e-02
    Region: "oxide"	RelError: 2.00742e-02	AbsError: 1.99892e-02
      Equation: "PotentialEquation"	RelError: 2.00742e-02	AbsError: 1.99892e-02
Iteration: 1
  Device: "mos2d"	RelError: 4.43762e-02	AbsError: 1.27544e+16
    Region: "bulk"	RelError: 4.40504e-02	AbsError: 1.27544e+16
      Equation: "ElectronContinuityEquation"	RelError: 3.86693e-03	AbsError: 1.27424e+16
      Equation: "HoleContinuityEquation"	RelError: 1.68666e-02	AbsError: 1.19300e+13
      Equation: "PotentialEquation"	RelError: 2.33168e-02	AbsError: 1.53329e-04
    Region: "gate"	RelError: 9.58181e-06	AbsError: 4.52202e+14
      Equation: "ElectronContinuityEquation"	RelError: 4.59507e-06	AbsError: 4.52202e+14
      Equation: "HoleContinuityEquation"	RelError: 4.86378e-06	AbsError: 4.94235e-06
      Equation: "PotentialEquation"	RelError: 1.22966e-07	AbsError: 1.22433e-07
    Region: "oxide"	RelError: 3.16310e-04	AbsError: 1.53329e-04
      Equation: "PotentialEquation"	RelError: 3.16310e-04	AbsError: 1.53329e-04
Iteration: 2
  Device: "mos2d"	RelError: 4.21447e-05	AbsError: 1.73492e+12
    Region: "bulk"	RelError: 4.20089e-05	AbsError: 1.73492e+12
      Equation: "ElectronContinuityEquation"	RelError: 4.78919e-06	AbsError: 1.73054e+12
      Equation: "HoleContinuityEquation"	RelError: 2.92596e-05	AbsError: 4.38230e+09
      Equation: "PotentialEquation"	RelError: 7.96008e-06	AbsError: 6.41933e-08
    Region: "gate"	RelError: 3.66213e-09	AbsError: 1.78983e+11
      Equation: "ElectronContinuityEquation"	RelError: 1.81875e-09	AbsError: 1.78983e+11
      Equation: "HoleContinuityEquation"	RelError: 1.79638e-09	AbsError: 1.82540e-09
      Equation: "PotentialEquation"	RelError: 4.70056e-11	AbsError: 4.68015e-11
    Region: "oxide"	RelError: 1.32167e-07	AbsError: 6.41933e-08
      Equation: "PotentialEquation"	RelError: 1.32167e-07	AbsError: 6.41933e-08
Succeeded
gate last end 4.000000e-01 5.000000e-01
number of equations 4346
Iteration: 0
  Device: "mos2d"	RelError: 6.12399e-01	AbsError: 4.29913e+17
    Region: "bulk"	RelError: 5.71245e-01	AbsError: 4.29913e+17
      Equation: "ElectronContinuityEquation"	RelError: 1.15809e-01	AbsError: 4.29700e+17
      Equation: "HoleContinuityEquation"	RelError: 1.50718e-01	AbsError: 2.13318e+14
      Equation: "PotentialEquation"	RelError: 3.04718e-01	AbsError: 3.39064e-03
    Region: "gate"	RelError: 2.14748e-02	AbsError: 8.74294e+16
      Equation: "ElectronContinuityEquation"	RelError: 8.96409e-04	AbsError: 8.74294e+16
      Equation: "HoleContinuityEquation"	RelError: 8.94805e-04	AbsError: 9.17437e-04
      Equation: "PotentialEquation"	RelError: 1.96836e-02	AbsError: 2.00000e-02
    Region: "oxide"	RelError: 1.96791e-02	AbsError: 1.99891e-02
      Equation: "PotentialEquation"	RelError: 1.96791e-02	AbsError: 1.99891e-02
Iteration: 1
  Device: "mos2d"	RelError: 3.20775e-02	AbsError: 1.25296e+16
    Region: "bulk"	RelError: 3.17977e-02	AbsError: 1.25296e+16
      Equation: "ElectronContinuityEquation"	RelError: 3.34970e-03	AbsError: 1.25194e+16
      Equation: "HoleContinuityEquation"	RelError: 1.43068e-02	AbsError: 1.01954e+13
      Equation: "PotentialEquation"	RelError: 1.41412e-02	AbsError: 1.32500e-04
    Region: "gate"	RelError: 8.32432e-06	AbsError: 3.90540e+14
      Equation: "ElectronContinuityEquation"	RelError: 3.97060e-06	AbsError: 3.90540e+14
      Equation: "HoleContinuityEquation"	RelError: 4.24897e-06	AbsError: 4.31991e-06
      Equation: "PotentialEquation"	RelError: 1.04753e-07	AbsError: 1.06392e-07
    Region: "oxide"	RelError: 2.71488e-04	AbsError: 1.32500e-04
      Equation: "PotentialEquation"	RelError: 2.71488e-04	AbsError: 1.32500e-04
Iteration: 2
  Device: "mos2d"	RelError: 2.92708e-05	AbsError: 1.36683e+12
    Region: "bulk"	RelError: 2.91774e-05	AbsError: 1.36683e+12
      Equation: "ElectronContinuityEquation"	RelError: 3.64644e-06	AbsError: 1.36377e+12
      Equation: "HoleContinuityEquation"	RelError: 2.16161e-05	AbsError: 3.05514e+09
      Equation: "PotentialEquation"	RelError: 3.91481e-06	AbsError: 4.44240e-08
    Region: "gate"	RelError: 2.53582e-09	AbsError: 1.23970e+11
      Equation: "ElectronContinuityEquation"	RelError: 1.26040e-09	AbsError: 1.23970e+11
      Equation: "HoleContinuityEquation"	RelError: 1.24351e-09	AbsError: 1.26427e-09
      Equation: "PotentialEquation"	RelError: 3.19180e-11	AbsError: 3.24174e-11
    Region: "oxide"	RelError: 9.08683e-08	AbsError: 4.44240e-08
      Equation: "PotentialEquation"	RelError: 9.08683e-08	AbsError: 4.44240e-08
Succeeded
gate last end 4.200000e-01 5.000000e-01
number of equations 4346
Iteration: 0
  Device: "mos2d"	RelError: 5.06984e-01	AbsError: 4.54864e+17
    Region: "bulk"	RelError: 4.66578e-01	AbsError: 4.54864e+17
      Equation: "ElectronContinuityEquation"	RelError: 1.08458e-01	AbsError: 4.54671e+17
      Equation: "HoleContinuityEquation"	RelError: 1.38502e-01	AbsError: 1.93436e+14
      Equation: "PotentialEquation"	RelError: 2.19618e-01	AbsError: 3.14925e-03
    Region: "gate"	RelError: 2.11059e-02	AbsError: 8.78912e+16
      Equation: "ElectronContinuityEquation"	RelError: 9.01959e-04	AbsError: 8.78912e+16
      Equation: "HoleContinuityEquation"	RelError: 9.00334e-04	AbsError: 9.23942e-04
      Equation: "PotentialEquation"	RelError: 1.93036e-02	AbsError: 2.00000e-02
    Region: "oxide"	RelError: 1.92992e-02	AbsError: 1.99890e-02
      Equation: "PotentialEquation"	RelError: 1.92992e-02	AbsError: 1.99890e-02
Iteration: 1
  Device: "mos2d"	RelError: 2.50733e-02	AbsError: 1.23464e+16
    Region: "bulk"	RelError: 2.48309e-02	AbsError: 1.23464e+16
      Equation: "ElectronContinuityEquation"	RelError: 2.93441e-03	AbsError: 1.23376e+16
      Equation: "HoleContinuityEquation"	RelError: 1.22506e-02	AbsError: 8.77526e+12
      Equation: "PotentialEquation"	RelError: 9.64590e-03	AbsError: 1.15325e-04
    Region: "gate"	RelError: 7.28357e-06	AbsError: 3.39483e+14
      Equation: "ElectronContinuityEquation"	RelError: 3.45336e-06	AbsError: 3.39483e+14
      Equation: "HoleContinuityEquation"	RelError: 3.74029e-06	AbsError: 3.80479e-06
      Equation: "PotentialEquation"	RelError: 8.99095e-08	AbsError: 9.31132e-08
    Region: "oxide"	RelError: 2.35128e-04	AbsError: 1.15325e-04
      Equation: "PotentialEquation"	RelError: 2.35128e-04	AbsError: 1.15325e-04
Iteration: 2
  Device: "mos2d"	RelError: 2.13221e-05	AbsError: 1.12222e+12
    Region: "bulk"	RelError: 2.12566e-05	AbsError: 1.12222e+12
      Equation: "ElectronContinuityEquation"	RelError: 2.80508e-06	AbsError: 1.12005e+12
      Equation: "HoleContinuityEquation"	RelError: 1.62590e-05	AbsError: 2.17115e+09
      Equation: "PotentialEquation"	RelError: 2.19257e-06	AbsError: 3.13036e-08
    Region: "gate"	RelError: 1.78597e-09	AbsError: 8.73369e+10
      Equation: "ElectronContinuityEquation"	RelError: 8.88429e-10	AbsError: 8.73369e+10
      Equation: "HoleContinuityEquation"	RelError: 8.75490e-10	AbsError: 8.90586e-10
      Equation: "PotentialEquation"	RelError: 2.20526e-11	AbsError: 2.28384e-11
    Region: "oxide"	RelError: 6.36476e-08	AbsError: 3.13036e-08
      Equation: "PotentialEquation"	RelError: 6.36476e-08	AbsError: 3.13036e-08
Succeeded
gate last end 4.400000e-01 5.000000e-01
number of equations 4346
Iteration: 0
  Device: "mos2d"	RelError: 4.39345e-01	AbsError: 4.79467e+17
    Region: "bulk"	RelError: 3.99661e-01	AbsError: 4.79467e+17
      Equation: "ElectronContinuityEquation"	RelError: 1.02331e-01	AbsError: 4.79291e+17
      Equation: "HoleContinuityEquation"	RelError: 1.28663e-01	AbsError: 1.76303e+14
      Equation: "PotentialEquation"	RelError: 1.68667e-01	AbsError: 2.95103e-03
    Region: "gate"	RelError: 2.07506e-02	AbsError: 8.83109e+16
      Equation: "ElectronContinuityEquation"	RelError: 9.07089e-04	AbsError: 8.83109e+16
      Equation: "HoleContinuityEquation"	RelError: 9.05446e-04	AbsError: 9.30033e-04
      Equation: "PotentialEquation"	RelError: 1.89381e-02	AbsError: 2.00000e-02
    Region: "oxide"	RelError: 1.89337e-02	AbsError: 1.99889e-02
      Equation: "PotentialEquation"	RelError: 1.89337e-02	AbsError: 1.99889e-02
Iteration: 1
  Device: "mos2d"	RelError: 2.04368e-02	AbsError: 1.21955e+16
    Region: "bulk"	RelError: 2.02253e-02	AbsError: 1.21955e+16
      Equation: "ElectronContinuityEquation"	RelError: 2.59542e-03	AbsError: 1.21879e+16
      Equation: "HoleContinuityEquation"	RelError: 1.05947e-02	AbsError: 7.60469e+12
      Equation: "PotentialEquation"	RelError: 7.03516e-03	AbsError: 1.01135e-04
    Region: "gate"	RelError: 6.41802e-06	AbsError: 2.97001e+14
      Equation: "ElectronContinuityEquation"	RelError: 3.02288e-06	AbsError: 2.97001e+14
      Equation: "HoleContinuityEquation"	RelError: 3.31741e-06	AbsError: 3.37645e-06
      Equation: "PotentialEquation"	RelError: 7.77435e-08	AbsError: 8.20674e-08
    Region: "oxide"	RelError: 2.05030e-04	AbsError: 1.01135e-04
      Equation: "PotentialEquation"	RelError: 2.05030e-04	AbsError: 1.01135e-04
Iteration: 2
  Device: "mos2d"	RelError: 1.59625e-05	AbsError: 9.57396e+11
    Region: "bulk"	RelError: 1.59158e-05	AbsError: 9.57396e+11
      Equation: "ElectronContinuityEquation"	RelError: 2.18066e-06	AbsError: 9.55824e+11
      Equation: "HoleContinuityEquation"	RelError: 1.24059e-05	AbsError: 1.57209e+09
      Equation: "PotentialEquation"	RelError: 1.32930e-06	AbsError: 2.24573e-08
    Region: "gate"	RelError: 1.27930e-09	AbsError: 6.25788e+10
      Equation: "ElectronContinuityEquation"	RelError: 6.36926e-10	AbsError: 6.25788e+10
      Equation: "HoleContinuityEquation"	RelError: 6.26874e-10	AbsError: 6.38032e-10
      Equation: "PotentialEquation"	RelError: 1.55022e-11	AbsError: 1.63644e-11
    Region: "oxide"	RelError: 4.54088e-08	AbsError: 2.24573e-08
      Equation: "PotentialEquation"	RelError: 4.54088e-08	AbsError: 2.24573e-08
Succeeded
gate last end 4.600000e-01 5.000000e-01
number of equations 4346
Iteration: 0
  Device: "mos2d"	RelError: 3.90996e-01	AbsError: 5.03782e+17
    Region: "bulk"	RelError: 3.52006e-01	AbsError: 5.03782e+17
      Equation: "ElectronContinuityEquation"	RelError: 9.68584e-02	AbsError: 5.03621e+17
      Equation: "HoleContinuityEquation"	RelError: 1.20130e-01	AbsError: 1.61439e+14
      Equation: "PotentialEquation"	RelError: 1.35018e-01	AbsError: 2.77630e-03
    Region: "gate"	RelError: 2.04081e-02	AbsError: 8.86939e+16
      Equation: "ElectronContinuityEquation"	RelError: 9.11857e-04	AbsError: 8.86939e+16
      Equation: "HoleContinuityEquation"	RelError: 9.10197e-04	AbsError: 9.35766e-04
      Equation: "PotentialEquation"	RelError: 1.85861e-02	AbsError: 2.00000e-02
    Region: "oxide"	RelError: 1.85818e-02	AbsError: 1.99888e-02
      Equation: "PotentialEquation"	RelError: 1.85818e-02	AbsError: 1.99888e-02
Iteration: 1
  Device: "mos2d"	RelError: 1.71098e-02	AbsError: 1.20695e+16
    Region: "bulk"	RelError: 1.69241e-02	AbsError: 1.20695e+16
      Equation: "ElectronContinuityEquation"	RelError: 2.31461e-03	AbsError: 1.20629e+16
      Equation: "HoleContinuityEquation"	RelError: 9.24760e-03	AbsError: 6.63293e+12
      Equation: "PotentialEquation"	RelError: 5.36190e-03	AbsError: 8.92348e-05
    Region: "gate"	RelError: 5.69410e-06	AbsError: 2.61453e+14
      Equation: "ElectronContinuityEquation"	RelError: 2.66254e-06	AbsError: 2.61453e+14
      Equation: "HoleContinuityEquation"	RelError: 2.96385e-06	AbsError: 3.01827e-06
      Equation: "PotentialEquation"	RelError: 6.77082e-08	AbsError: 7.28271e-08
    Region: "oxide"	RelError: 1.79955e-04	AbsError: 8.92348e-05
      Equation: "PotentialEquation"	RelError: 1.79955e-04	AbsError: 8.92348e-05
Iteration: 2
  Device: "mos2d"	RelError: 1.21974e-05	AbsError: 8.44791e+11
    Region: "bulk"	RelError: 1.21634e-05	AbsError: 8.44791e+11
      Equation: "ElectronContinuityEquation"	RelError: 1.71620e-06	AbsError: 8.43632e+11
      Equation: "HoleContinuityEquation"	RelError: 9.59483e-06	AbsError: 1.15901e+09
      Equation: "PotentialEquation"	RelError: 8.52358e-07	AbsError: 1.64230e-08
    Region: "gate"	RelError: 9.31646e-10	AbsError: 4.55869e+10
      Equation: "ElectronContinuityEquation"	RelError: 4.64239e-10	AbsError: 4.55869e+10
      Equation: "HoleContinuityEquation"	RelError: 4.56323e-10	AbsError: 4.64702e-10
      Equation: "PotentialEquation"	RelError: 1.10833e-11	AbsError: 1.19212e-11
    Region: "oxide"	RelError: 3.31194e-08	AbsError: 1.64230e-08
      Equation: "PotentialEquation"	RelError: 3.31194e-08	AbsError: 1.64230e-08
Succeeded
gate last end 4.800000e-01 5.000000e-01
setting to last bias 5.000000e-01
setting next bias 5.000000e-01
number of equations 4346
Iteration: 0
  Device: "mos2d"	RelError: 3.54234e-01	AbsError: 5.27856e+17
    Region: "bulk"	RelError: 3.15913e-01	AbsError: 5.27856e+17
      Equation: "ElectronContinuityEquation"	RelError: 9.19459e-02	AbsError: 5.27708e+17
      Equation: "HoleContinuityEquation"	RelError: 1.12664e-01	AbsError: 1.48462e+14
      Equation: "PotentialEquation"	RelError: 1.11303e-01	AbsError: 2.62123e-03
    Region: "gate"	RelError: 2.00779e-02	AbsError: 8.90451e+16
      Equation: "ElectronContinuityEquation"	RelError: 9.16308e-04	AbsError: 8.90451e+16
      Equation: "HoleContinuityEquation"	RelError: 9.14632e-04	AbsError: 9.41189e-04
      Equation: "PotentialEquation"	RelError: 1.82469e-02	AbsError: 2.00000e-02
    Region: "oxide"	RelError: 1.82428e-02	AbsError: 1.99887e-02
      Equation: "PotentialEquation"	RelError: 1.82428e-02	AbsError: 1.99887e-02
Iteration: 1
  Device: "mos2d"	RelError: 1.46459e-02	AbsError: 1.19622e+16
    Region: "bulk"	RelError: 1.44819e-02	AbsError: 1.19622e+16
      Equation: "ElectronContinuityEquation"	RelError: 2.07891e-03	AbsError: 1.19564e+16
      Equation: "HoleContinuityEquation"	RelError: 8.18530e-03	AbsError: 5.82044e+12
      Equation: "PotentialEquation"	RelError: 4.21767e-03	AbsError: 7.91954e-05
    Region: "gate"	RelError: 5.08491e-06	AbsError: 2.31524e+14
      Equation: "ElectronContinuityEquation"	RelError: 2.35906e-06	AbsError: 2.31524e+14
      Equation: "HoleContinuityEquation"	RelError: 2.66647e-06	AbsError: 2.71694e-06
      Equation: "PotentialEquation"	RelError: 5.93745e-08	AbsError: 6.50500e-08
    Region: "oxide"	RelError: 1.58928e-04	AbsError: 7.91954e-05
      Equation: "PotentialEquation"	RelError: 1.58928e-04	AbsError: 7.91954e-05
Iteration: 2
  Device: "mos2d"	RelError: 9.47512e-06	AbsError: 7.66738e+11
    Region: "bulk"	RelError: 9.44986e-06	AbsError: 7.66738e+11
      Equation: "ElectronContinuityEquation"	RelError: 1.36390e-06	AbsError: 7.65869e+11
      Equation: "HoleContinuityEquation"	RelError: 7.51530e-06	AbsError: 8.69283e+08
      Equation: "PotentialEquation"	RelError: 5.70658e-07	AbsError: 1.22446e-08
    Region: "gate"	RelError: 6.89394e-10	AbsError: 3.37441e+10
      Equation: "ElectronContinuityEquation"	RelError: 3.43828e-10	AbsError: 3.37441e+10
      Equation: "HoleContinuityEquation"	RelError: 3.37512e-10	AbsError: 3.43901e-10
      Equation: "PotentialEquation"	RelError: 8.05439e-12	AbsError: 8.82430e-12
    Region: "oxide"	RelError: 2.45722e-08	AbsError: 1.22446e-08
      Equation: "PotentialEquation"	RelError: 2.45722e-08	AbsError: 1.22446e-08
Succeeded
IVPOINT	IDVD_VG1P0	5.00000000e-01	0.00000000e+00	-2.76009955e-14
drain last end 0.000000e+00 2.000000e+00
number of equations 4346
Iteration: 0
  Device: "mos2d"	RelError: 1.10809e+01	AbsError: 4.10102e+17
    Region: "bulk"	RelError: 1.10449e+01	AbsError: 4.10102e+17
      Equation: "ElectronContinuityEquation"	RelError: 2.82342e+00	AbsError: 4.07282e+17
      Equation: "HoleContinuityEquation"	RelError: 3.27707e+00	AbsError: 2.81955e+15
      Equation: "PotentialEquation"	RelError: 4.94442e+00	AbsError: 2.00000e-02
    Region: "gate"	RelError: 1.26067e-03	AbsError: 6.10062e+16
      Equation: "ElectronContinuityEquation"	RelError: 6.22587e-04	AbsError: 6.10062e+16
      Equation: "HoleContinuityEquation"	RelError: 6.23364e-04	AbsError: 6.36162e-04
      Equation: "PotentialEquation"	RelError: 1.47206e-05	AbsError: 1.61271e-05
    Region: "oxide"	RelError: 3.47112e-02	AbsError: 1.86055e-02
      Equation: "PotentialEquation"	RelError: 3.47112e-02	AbsError: 1.86055e-02
Iteration: 1
  Device: "mos2d"	RelError: 9.80091e-01	AbsError: 1.01148e+16
    Region: "bulk"	RelError: 9.79740e-01	AbsError: 1.01148e+16
      Equation: "ElectronContinuityEquation"	RelError: 4.56885e-01	AbsError: 1.00194e+16
      Equation: "HoleContinuityEquation"	RelError: 4.97798e-01	AbsError: 9.54081e+13
      Equation: "PotentialEquation"	RelError: 2.50571e-02	AbsError: 1.73809e-04
    Region: "gate"	RelError: 1.03734e-05	AbsError: 5.01076e+14
      Equation: "ElectronContinuityEquation"	RelError: 5.10456e-06	AbsError: 5.01076e+14
      Equation: "HoleContinuityEquation"	RelError: 5.14768e-06	AbsError: 5.24405e-06
      Equation: "PotentialEquation"	RelError: 1.21122e-07	AbsError: 1.32701e-07
    Region: "oxide"	RelError: 3.41123e-04	AbsError: 1.73002e-04
      Equation: "PotentialEquation"	RelError: 3.41123e-04	AbsError: 1.73002e-04
Iteration: 2
  Device: "mos2d"	RelError: 1.32247e-03	AbsError: 1.66248e+12
    Region: "bulk"	RelError: 1.32232e-03	AbsError: 1.66248e+12
      Equation: "ElectronContinuityEquation"	RelError: 7.74461e-04	AbsError: 1.60804e+12
      Equation: "HoleContinuityEquation"	RelError: 5.37460e-04	AbsError: 5.44408e+10
      Equation: "PotentialEquation"	RelError: 1.04018e-05	AbsError: 7.16158e-08
    Region: "gate"	RelError: 4.10431e-09	AbsError: 2.00581e+11
      Equation: "ElectronContinuityEquation"	RelError: 2.04101e-09	AbsError: 2.00581e+11
      Equation: "HoleContinuityEquation"	RelError: 2.01538e-09	AbsError: 2.05074e-09
      Equation: "PotentialEquation"	RelError: 4.79242e-11	AbsError: 5.25069e-11
    Region: "oxide"	RelError: 1.41587e-07	AbsError: 7.16158e-08
      Equation: "PotentialEquation"	RelError: 1.41587e-07	AbsError: 7.16158e-08
Iteration: 3
  Device: "mos2d"	RelError: 4.70194e-10	AbsError: 3.44216e+05
    Region: "bulk"	RelError: 4.70169e-10	AbsError: 3.44216e+05
      Equation: "ElectronContinuityEquation"	RelError: 1.22230e-10	AbsError: 3.28607e+05
      Equation: "HoleContinuityEquation"	RelError: 3.46718e-10	AbsError: 1.56090e+04
      Equation: "PotentialEquation"	RelError: 1.22083e-12	AbsError: 1.19875e-14
    Region: "gate"	RelError: 7.73617e-16	AbsError: 2.92544e+04
      Equation: "ElectronContinuityEquation"	RelError: 2.97231e-16	AbsError: 2.92544e+04
      Equation: "HoleContinuityEquation"	RelError: 3.75085e-16	AbsError: 3.81666e-16
      Equation: "PotentialEquation"	RelError: 1.01301e-16	AbsError: 1.11022e-16
    Region: "oxide"	RelError: 2.37220e-14	AbsError: 1.19875e-14
      Equation: "PotentialEquation"	RelError: 2.37220e-14	AbsError: 1.19875e-14
Succeeded
IVPOINT	IDVD_VG1P0	5.00000000e-01	2.00000000e-02	4.23069635e-02
drain last end 2.000000e-02 2.000000e+00
number of equations 4346
Iteration: 0
  Device: "mos2d"	RelError: 4.85806e+01	AbsError: 3.89871e+17
    Region: "bulk"	RelError: 4.85459e+01	AbsError: 3.89871e+17
      Equation: "ElectronContinuityEquation"	RelError: 2.62408e+00	AbsError: 3.87090e+17
      Equation: "HoleContinuityEquation"	RelError: 3.20420e+00	AbsError: 2.78083e+15
      Equation: "PotentialEquation"	RelError: 4.27176e+01	AbsError: 2.00000e-02
    Region: "gate"	RelError: 1.25371e-03	AbsError: 6.07070e+16
      Equation: "ElectronContinuityEquation"	RelError: 6.19151e-04	AbsError: 6.07070e+16
      Equation: "HoleContinuityEquation"	RelError: 6.19918e-04	AbsError: 6.32255e-04
      Equation: "PotentialEquation"	RelError: 1.46390e-05	AbsError: 1.60380e-05
    Region: "oxide"	RelError: 3.34871e-02	AbsError: 1.85707e-02
      Equation: "PotentialEquation"	RelError: 3.34871e-02	AbsError: 1.85707e-02
Iteration: 1
  Device: "mos2d"	RelError: 1.03328e+00	AbsError: 1.05943e+16
    Region: "bulk"	RelError: 1.03290e+00	AbsError: 1.05943e+16
      Equation: "ElectronContinuityEquation"	RelError: 4.37154e-01	AbsError: 1.05008e+16
      Equation: "HoleContinuityEquation"	RelError: 4.92166e-01	AbsError: 9.34729e+13
      Equation: "PotentialEquation"	RelError: 1.03583e-01	AbsError: 1.87442e-04
    Region: "gate"	RelError: 1.11337e-05	AbsError: 5.37592e+14
      Equation: "ElectronContinuityEquation"	RelError: 5.46887e-06	AbsError: 5.37592e+14
      Equation: "HoleContinuityEquation"	RelError: 5.53487e-06	AbsError: 5.63057e-06
      Equation: "PotentialEquation"	RelError: 1.29996e-07	AbsError: 1.42428e-07
    Region: "oxide"	RelError: 3.63139e-04	AbsError: 1.86575e-04
      Equation: "PotentialEquation"	RelError: 3.63139e-04	AbsError: 1.86575e-04
Iteration: 2
  Device: "mos2d"	RelError: 1.32137e-03	AbsError: 2.25738e+12
    Region: "bulk"	RelError: 1.32120e-03	AbsError: 2.25738e+12
      Equation: "ElectronContinuityEquation"	RelError: 6.89801e-04	AbsError: 2.20564e+12
      Equation: "HoleContinuityEquation"	RelError: 5.83466e-04	AbsError: 5.17430e+10
      Equation: "PotentialEquation"	RelError: 4.79308e-05	AbsError: 8.69912e-08
    Region: "gate"	RelError: 5.01663e-09	AbsError: 2.45177e+11
      Equation: "ElectronContinuityEquation"	RelError: 2.49416e-09	AbsError: 2.45177e+11
      Equation: "HoleContinuityEquation"	RelError: 2.46389e-09	AbsError: 2.50649e-09
      Equation: "PotentialEquation"	RelError: 5.85760e-11	AbsError: 6.41777e-11
    Region: "oxide"	RelError: 1.69436e-07	AbsError: 8.69912e-08
      Equation: "PotentialEquation"	RelError: 1.69436e-07	AbsError: 8.69912e-08
Iteration: 3
  Device: "mos2d"	RelError: 5.82219e-10	AbsError: 4.66734e+05
    Region: "bulk"	RelError: 5.82182e-10	AbsError: 4.66734e+05
      Equation: "ElectronContinuityEquation"	RelError: 1.05537e-10	AbsError: 4.52562e+05
      Equation: "HoleContinuityEquation"	RelError: 4.69911e-10	AbsError: 1.41724e+04
      Equation: "PotentialEquation"	RelError: 6.73333e-12	AbsError: 1.87815e-14
    Region: "gate"	RelError: 1.16590e-15	AbsError: 4.65601e+04
      Equation: "ElectronContinuityEquation"	RelError: 4.73651e-16	AbsError: 4.65601e+04
      Equation: "HoleContinuityEquation"	RelError: 5.82925e-16	AbsError: 5.93004e-16
      Equation: "PotentialEquation"	RelError: 1.09327e-16	AbsError: 1.19787e-16
    Region: "oxide"	RelError: 3.61373e-14	AbsError: 1.87815e-14
      Equation: "PotentialEquation"	RelError: 3.61373e-14	AbsError: 1.87815e-14
Succeeded
IVPOINT	IDVD_VG1P0	5.00000000e-01	4.00000000e-02	8.14080891e-02
drain last end 4.000000e-02 2.000000e+00
number of equations 4346
Iteration: 0
  Device: "mos2d"	RelError: 8.94088e+00	AbsError: 3.68654e+17
    Region: "bulk"	RelError: 8.90730e+00	AbsError: 3.68654e+17
      Equation: "ElectronContinuityEquation"	RelError: 2.40069e+00	AbsError: 3.65926e+17
      Equation: "HoleContinuityEquation"	RelError: 3.05961e+00	AbsError: 2.72804e+15
      Equation: "PotentialEquation"	RelError: 3.44699e+00	AbsError: 2.00000e-02
    Region: "gate"	RelError: 1.24589e-03	AbsError: 6.03655e+16
      Equation: "ElectronContinuityEquation"	RelError: 6.15291e-04	AbsError: 6.03655e+16
      Equation: "HoleContinuityEquation"	RelError: 6.16049e-04	AbsError: 6.27923e-04
      Equation: "PotentialEquation"	RelError: 1.45475e-05	AbsError: 1.59380e-05
    Region: "oxide"	RelError: 3.23379e-02	AbsError: 1.85321e-02
      Equation: "PotentialEquation"	RelError: 3.23379e-02	AbsError: 1.85321e-02
Iteration: 1
  Device: "mos2d"	RelError: 9.11165e-01	AbsError: 1.10985e+16
    Region: "bulk"	RelError: 9.10767e-01	AbsError: 1.10985e+16
      Equation: "ElectronContinuityEquation"	RelError: 4.13073e-01	AbsError: 1.10085e+16
      Equation: "HoleContinuityEquation"	RelError: 4.80588e-01	AbsError: 9.00350e+13
      Equation: "PotentialEquation"	RelError: 1.71058e-02	AbsError: 2.01753e-04
    Region: "gate"	RelError: 1.20165e-05	AbsError: 5.80890e+14
      Equation: "ElectronContinuityEquation"	RelError: 5.90792e-06	AbsError: 5.80890e+14
      Equation: "HoleContinuityEquation"	RelError: 5.96831e-06	AbsError: 6.07005e-06
      Equation: "PotentialEquation"	RelError: 1.40303e-07	AbsError: 1.53721e-07
    Region: "oxide"	RelError: 3.86630e-04	AbsError: 2.01733e-04
      Equation: "PotentialEquation"	RelError: 3.86630e-04	AbsError: 2.01733e-04
Iteration: 2
  Device: "mos2d"	RelError: 1.21612e-03	AbsError: 3.02688e+12
    Region: "bulk"	RelError: 1.21592e-03	AbsError: 3.02688e+12
      Equation: "ElectronContinuityEquation"	RelError: 5.71645e-04	AbsError: 2.97940e+12
      Equation: "HoleContinuityEquation"	RelError: 6.35195e-04	AbsError: 4.74779e+10
      Equation: "PotentialEquation"	RelError: 9.07559e-06	AbsError: 1.06855e-07
    Region: "gate"	RelError: 6.00904e-09	AbsError: 2.93701e+11
      Equation: "ElectronContinuityEquation"	RelError: 2.98707e-09	AbsError: 2.93701e+11
      Equation: "HoleContinuityEquation"	RelError: 2.95181e-09	AbsError: 3.00213e-09
      Equation: "PotentialEquation"	RelError: 7.01628e-11	AbsError: 7.68730e-11
    Region: "oxide"	RelError: 2.02193e-07	AbsError: 1.06855e-07
      Equation: "PotentialEquation"	RelError: 2.02193e-07	AbsError: 1.06855e-07
Iteration: 3
  Device: "mos2d"	RelError: 8.50438e-10	AbsError: 7.65662e+05
    Region: "bulk"	RelError: 8.50382e-10	AbsError: 7.65662e+05
      Equation: "ElectronContinuityEquation"	RelError: 1.78198e-10	AbsError: 7.53665e+05
      Equation: "HoleContinuityEquation"	RelError: 6.70553e-10	AbsError: 1.19961e+04
      Equation: "PotentialEquation"	RelError: 1.63129e-12	AbsError: 2.89150e-14
    Region: "gate"	RelError: 1.38484e-15	AbsError: 7.25394e+04
      Equation: "ElectronContinuityEquation"	RelError: 7.37759e-16	AbsError: 7.25394e+04
      Equation: "HoleContinuityEquation"	RelError: 5.45734e-16	AbsError: 5.54163e-16
      Equation: "PotentialEquation"	RelError: 1.01344e-16	AbsError: 1.11081e-16
    Region: "oxide"	RelError: 5.47133e-14	AbsError: 2.89150e-14
      Equation: "PotentialEquation"	RelError: 5.47133e-14	AbsError: 2.89150e-14
Succeeded
IVPOINT	IDVD_VG1P0	5.00000000e-01	6.00000000e-02	1.17385097e-01
drain last end 6.000000e-02 2.000000e+00
number of equations 4346
Iteration: 0
  Device: "mos2d"	RelError: 1.14803e+01	AbsError: 3.46405e+17
    Region: "bulk"	RelError: 1.14478e+01	AbsError: 3.46405e+17
      Equation: "ElectronContinuityEquation"	RelError: 2.15857e+00	AbsError: 3.43744e+17
      Equation: "HoleContinuityEquation"	RelError: 2.90153e+00	AbsError: 2.66176e+15
      Equation: "PotentialEquation"	RelError: 6.38771e+00	AbsError: 2.00000e-02
    Region: "gate"	RelError: 1.23706e-03	AbsError: 5.99745e+16
      Equation: "ElectronContinuityEquation"	RelError: 6.10933e-04	AbsError: 5.99745e+16
      Equation: "HoleContinuityEquation"	RelError: 6.11680e-04	AbsError: 6.23090e-04
      Equation: "PotentialEquation"	RelError: 1.44442e-05	AbsError: 1.58250e-05
    Region: "oxide"	RelError: 3.12557e-02	AbsError: 1.84891e-02
      Equation: "PotentialEquation"	RelError: 3.12557e-02	AbsError: 1.84891e-02
Iteration: 1
  Device: "mos2d"	RelError: 8.62649e-01	AbsError: 1.16058e+16
    Region: "bulk"	RelError: 8.62228e-01	AbsError: 1.16058e+16
      Equation: "ElectronContinuityEquation"	RelError: 3.80837e-01	AbsError: 1.15205e+16
      Equation: "HoleContinuityEquation"	RelError: 4.63514e-01	AbsError: 8.53347e+13
      Equation: "PotentialEquation"	RelError: 1.78767e-02	AbsError: 2.18998e-04
    Region: "gate"	RelError: 1.28537e-05	AbsError: 6.21991e+14
      Equation: "ElectronContinuityEquation"	RelError: 6.32450e-06	AbsError: 6.21991e+14
      Equation: "HoleContinuityEquation"	RelError: 6.37911e-06	AbsError: 6.48638e-06
      Equation: "PotentialEquation"	RelError: 1.50077e-07	AbsError: 1.64430e-07
    Region: "oxide"	RelError: 4.08245e-04	AbsError: 2.18372e-04
      Equation: "PotentialEquation"	RelError: 4.08245e-04	AbsError: 2.18372e-04
Iteration: 2
  Device: "mos2d"	RelError: 1.13221e-03	AbsError: 3.97233e+12
    Region: "bulk"	RelError: 1.13196e-03	AbsError: 3.97233e+12
      Equation: "ElectronContinuityEquation"	RelError: 4.28245e-04	AbsError: 3.92893e+12
      Equation: "HoleContinuityEquation"	RelError: 6.91428e-04	AbsError: 4.33977e+10
      Equation: "PotentialEquation"	RelError: 1.22870e-05	AbsError: 1.29114e-07
    Region: "gate"	RelError: 7.01706e-09	AbsError: 3.43006e+11
      Equation: "ElectronContinuityEquation"	RelError: 3.48774e-09	AbsError: 3.43006e+11
      Equation: "HoleContinuityEquation"	RelError: 3.44739e-09	AbsError: 3.50536e-09
      Equation: "PotentialEquation"	RelError: 8.19320e-11	AbsError: 8.97682e-11
    Region: "oxide"	RelError: 2.41372e-07	AbsError: 1.29114e-07
      Equation: "PotentialEquation"	RelError: 2.41372e-07	AbsError: 1.29114e-07
Iteration: 3
  Device: "mos2d"	RelError: 1.14025e-09	AbsError: 1.47766e+06
    Region: "bulk"	RelError: 1.14017e-09	AbsError: 1.47766e+06
      Equation: "ElectronContinuityEquation"	RelError: 1.89368e-10	AbsError: 1.46591e+06
      Equation: "HoleContinuityEquation"	RelError: 9.47984e-10	AbsError: 1.17501e+04
      Equation: "PotentialEquation"	RelError: 2.81897e-12	AbsError: 4.27279e-14
    Region: "gate"	RelError: 2.03183e-15	AbsError: 1.01923e+05
      Equation: "ElectronContinuityEquation"	RelError: 1.03470e-15	AbsError: 1.01923e+05
      Equation: "HoleContinuityEquation"	RelError: 8.95729e-16	AbsError: 9.09319e-16
      Equation: "PotentialEquation"	RelError: 1.01404e-16	AbsError: 1.11147e-16
    Region: "oxide"	RelError: 7.98775e-14	AbsError: 4.27279e-14
      Equation: "PotentialEquation"	RelError: 7.98775e-14	AbsError: 4.27279e-14
Succeeded
IVPOINT	IDVD_VG1P0	5.00000000e-01	8.00000000e-02	1.50332778e-01
drain last end 8.000000e-02 2.000000e+00
number of equations 4346
Iteration: 0
  Device: "mos2d"	RelError: 1.79952e+01	AbsError: 3.23142e+17
    Region: "bulk"	RelError: 1.79637e+01	AbsError: 3.23142e+17
      Equation: "ElectronContinuityEquation"	RelError: 1.90505e+00	AbsError: 3.20545e+17
      Equation: "HoleContinuityEquation"	RelError: 2.73997e+00	AbsError: 2.59773e+15
      Equation: "PotentialEquation"	RelError: 1.33187e+01	AbsError: 2.00000e-02
    Region: "gate"	RelError: 1.22704e-03	AbsError: 5.95250e+16
      Equation: "ElectronContinuityEquation"	RelError: 6.05987e-04	AbsError: 5.95250e+16
      Equation: "HoleContinuityEquation"	RelError: 6.06723e-04	AbsError: 6.17667e-04
      Equation: "PotentialEquation"	RelError: 1.43270e-05	AbsError: 1.56968e-05
    Region: "oxide"	RelError: 3.02334e-02	AbsError: 1.84412e-02
      Equation: "PotentialEquation"	RelError: 3.02334e-02	AbsError: 1.84412e-02
Iteration: 1
  Device: "mos2d"	RelError: 8.41610e-01	AbsError: 1.20832e+16
    Region: "bulk"	RelError: 8.41164e-01	AbsError: 1.20832e+16
      Equation: "ElectronContinuityEquation"	RelError: 3.50515e-01	AbsError: 1.20026e+16
      Equation: "HoleContinuityEquation"	RelError: 4.48408e-01	AbsError: 8.05232e+13
      Equation: "PotentialEquation"	RelError: 4.22410e-02	AbsError: 2.35384e-04
    Region: "gate"	RelError: 1.38493e-05	AbsError: 6.65910e+14
      Equation: "ElectronContinuityEquation"	RelError: 6.77331e-06	AbsError: 6.65910e+14
      Equation: "HoleContinuityEquation"	RelError: 6.91428e-06	AbsError: 7.03286e-06
      Equation: "PotentialEquation"	RelError: 1.61702e-07	AbsError: 1.77166e-07
    Region: "oxide"	RelError: 4.32441e-04	AbsError: 2.35384e-04
      Equation: "PotentialEquation"	RelError: 4.32441e-04	AbsError: 2.35384e-04
Iteration: 2
  Device: "mos2d"	RelError: 1.09668e-03	AbsError: 5.05196e+12
    Region: "bulk"	RelError: 1.09639e-03	AbsError: 5.05196e+12
      Equation: "ElectronContinuityEquation"	RelError: 3.17146e-04	AbsError: 5.00902e+12
      Equation: "HoleContinuityEquation"	RelError: 7.52391e-04	AbsError: 4.29457e+10
      Equation: "PotentialEquation"	RelError: 2.68533e-05	AbsError: 1.54673e-07
    Region: "gate"	RelError: 8.36781e-09	AbsError: 4.08835e+11
      Equation: "ElectronContinuityEquation"	RelError: 4.15847e-09	AbsError: 4.08835e+11
      Equation: "HoleContinuityEquation"	RelError: 4.11163e-09	AbsError: 4.18215e-09
      Equation: "PotentialEquation"	RelError: 9.77071e-11	AbsError: 1.07051e-10
    Region: "oxide"	RelError: 2.81044e-07	AbsError: 1.54333e-07
      Equation: "PotentialEquation"	RelError: 2.81044e-07	AbsError: 1.54333e-07
Iteration: 3
  Device: "mos2d"	RelError: 1.38418e-09	AbsError: 2.58219e+06
    Region: "bulk"	RelError: 1.38406e-09	AbsError: 2.58219e+06
      Equation: "ElectronContinuityEquation"	RelError: 9.34974e-11	AbsError: 2.57032e+06
      Equation: "HoleContinuityEquation"	RelError: 1.28243e-09	AbsError: 1.18711e+04
      Equation: "PotentialEquation"	RelError: 8.13346e-12	AbsError: 6.30824e-14
    Region: "gate"	RelError: 3.44415e-15	AbsError: 1.66329e+05
      Equation: "ElectronContinuityEquation"	RelError: 1.68810e-15	AbsError: 1.66329e+05
      Equation: "HoleContinuityEquation"	RelError: 1.65465e-15	AbsError: 1.67933e-15
      Equation: "PotentialEquation"	RelError: 1.01404e-16	AbsError: 1.11146e-16
    Region: "oxide"	RelError: 1.14489e-13	AbsError: 6.30140e-14
      Equation: "PotentialEquation"	RelError: 1.14489e-13	AbsError: 6.30140e-14
Succeeded
IVPOINT	IDVD_VG1P0	5.00000000e-01	1.00000000e-01	1.80360689e-01
drain last end 1.000000e-01 2.000000e+00
number of equations 4346
Iteration: 0
  Device: "mos2d"	RelError: 6.78913e+01	AbsError: 2.98964e+17
    Region: "bulk"	RelError: 6.78608e+01	AbsError: 2.98964e+17
      Equation: "ElectronContinuityEquation"	RelError: 1.62616e+00	AbsError: 2.96403e+17
      Equation: "HoleContinuityEquation"	RelError: 2.52344e+00	AbsError: 2.56070e+15
      Equation: "PotentialEquation"	RelError: 6.37112e+01	AbsError: 2.00000e-02
    Region: "gate"	RelError: 1.21562e-03	AbsError: 5.90068e+16
      Equation: "ElectronContinuityEquation"	RelError: 6.00353e-04	AbsError: 5.90068e+16
      Equation: "HoleContinuityEquation"	RelError: 6.01075e-04	AbsError: 6.11552e-04
      Equation: "PotentialEquation"	RelError: 1.41935e-05	AbsError: 1.55508e-05
    Region: "oxide"	RelError: 2.92642e-02	AbsError: 1.83874e-02
      Equation: "PotentialEquation"	RelError: 2.92642e-02	AbsError: 1.83874e-02
Iteration: 1
  Device: "mos2d"	RelError: 8.66817e-01	AbsError: 1.24856e+16
    Region: "bulk"	RelError: 8.66346e-01	AbsError: 1.24856e+16
      Equation: "ElectronContinuityEquation"	RelError: 3.08718e-01	AbsError: 1.24073e+16
      Equation: "HoleContinuityEquation"	RelError: 4.23847e-01	AbsError: 7.83593e+13
      Equation: "PotentialEquation"	RelError: 1.33781e-01	AbsError: 2.55381e-04
    Region: "gate"	RelError: 1.53487e-05	AbsError: 7.39524e+14
      Equation: "ElectronContinuityEquation"	RelError: 7.51941e-06	AbsError: 7.39524e+14
      Equation: "HoleContinuityEquation"	RelError: 7.65010e-06	AbsError: 7.77855e-06
      Equation: "PotentialEquation"	RelError: 1.79208e-07	AbsError: 1.96348e-07
    Region: "oxide"	RelError: 4.55898e-04	AbsError: 2.54487e-04
      Equation: "PotentialEquation"	RelError: 4.55898e-04	AbsError: 2.54487e-04
Iteration: 2
  Device: "mos2d"	RelError: 1.10168e-03	AbsError: 6.14717e+12
    Region: "bulk"	RelError: 1.10134e-03	AbsError: 6.14717e+12
      Equation: "ElectronContinuityEquation"	RelError: 2.48745e-04	AbsError: 6.10601e+12
      Equation: "HoleContinuityEquation"	RelError: 8.15529e-04	AbsError: 4.11592e+10
      Equation: "PotentialEquation"	RelError: 3.70660e-05	AbsError: 1.87700e-07
    Region: "gate"	RelError: 1.07116e-08	AbsError: 5.23416e+11
      Equation: "ElectronContinuityEquation"	RelError: 5.32204e-09	AbsError: 5.23416e+11
      Equation: "HoleContinuityEquation"	RelError: 5.26451e-09	AbsError: 5.35291e-09
      Equation: "PotentialEquation"	RelError: 1.25073e-10	AbsError: 1.37035e-10
    Region: "oxide"	RelError: 3.30194e-07	AbsError: 1.87700e-07
      Equation: "PotentialEquation"	RelError: 3.30194e-07	AbsError: 1.87700e-07
Iteration: 3
  Device: "mos2d"	RelError: 2.12911e-09	AbsError: 3.97836e+06
    Region: "bulk"	RelError: 2.12894e-09	AbsError: 3.97836e+06
      Equation: "ElectronContinuityEquation"	RelError: 3.84298e-10	AbsError: 3.96715e+06
      Equation: "HoleContinuityEquation"	RelError: 1.73775e-09	AbsError: 1.12088e+04
      Equation: "PotentialEquation"	RelError: 6.89168e-12	AbsError: 9.78372e-14
    Region: "gate"	RelError: 5.19492e-15	AbsError: 2.42577e+05
      Equation: "ElectronContinuityEquation"	RelError: 2.46650e-15	AbsError: 2.42577e+05
      Equation: "HoleContinuityEquation"	RelError: 2.60951e-15	AbsError: 2.65333e-15
      Equation: "PotentialEquation"	RelError: 1.18909e-16	AbsError: 1.30282e-16
    Region: "oxide"	RelError: 1.70153e-13	AbsError: 9.78372e-14
      Equation: "PotentialEquation"	RelError: 1.70153e-13	AbsError: 9.78372e-14
Succeeded
IVPOINT	IDVD_VG1P0	5.00000000e-01	1.20000000e-01	2.07594807e-01
drain last end 1.200000e-01 2.000000e+00
number of equations 4346
Iteration: 0
  Device: "mos2d"	RelError: 5.75309e+00	AbsError: 2.74006e+17
    Region: "bulk"	RelError: 5.72354e+00	AbsError: 2.74006e+17
      Equation: "ElectronContinuityEquation"	RelError: 1.41555e+00	AbsError: 2.71494e+17
      Equation: "HoleContinuityEquation"	RelError: 2.35829e+00	AbsError: 2.51280e+15
      Equation: "PotentialEquation"	RelError: 1.94970e+00	AbsError: 2.00000e-02
    Region: "gate"	RelError: 1.20258e-03	AbsError: 5.84086e+16
      Equation: "ElectronContinuityEquation"	RelError: 5.93916e-04	AbsError: 5.84086e+16
      Equation: "HoleContinuityEquation"	RelError: 5.94622e-04	AbsError: 6.04629e-04
      Equation: "PotentialEquation"	RelError: 1.40410e-05	AbsError: 1.53839e-05
    Region: "oxide"	RelError: 2.83424e-02	AbsError: 1.83267e-02
      Equation: "PotentialEquation"	RelError: 2.83424e-02	AbsError: 1.83267e-02
Iteration: 1
  Device: "mos2d"	RelError: 6.87825e-01	AbsError: 1.27516e+16
    Region: "bulk"	RelError: 6.87330e-01	AbsError: 1.27516e+16
      Equation: "ElectronContinuityEquation"	RelError: 2.71482e-01	AbsError: 1.26751e+16
      Equation: "HoleContinuityEquation"	RelError: 4.05955e-01	AbsError: 7.64783e+13
      Equation: "PotentialEquation"	RelError: 9.89266e-03	AbsError: 2.73110e-04
    Region: "gate"	RelError: 1.68029e-05	AbsError: 8.11008e+14
      Equation: "ElectronContinuityEquation"	RelError: 8.24347e-06	AbsError: 8.11008e+14
      Equation: "HoleContinuityEquation"	RelError: 8.36322e-06	AbsError: 8.50077e-06
      Equation: "PotentialEquation"	RelError: 1.96184e-07	AbsError: 2.14950e-07
    Region: "oxide"	RelError: 4.77984e-04	AbsError: 2.72338e-04
      Equation: "PotentialEquation"	RelError: 4.77984e-04	AbsError: 2.72338e-04
Iteration: 2
  Device: "mos2d"	RelError: 1.10339e-03	AbsError: 7.06389e+12
    Region: "bulk"	RelError: 1.10299e-03	AbsError: 7.06389e+12
      Equation: "ElectronContinuityEquation"	RelError: 2.23169e-04	AbsError: 7.02573e+12
      Equation: "HoleContinuityEquation"	RelError: 8.73862e-04	AbsError: 3.81601e+10
      Equation: "PotentialEquation"	RelError: 5.96377e-06	AbsError: 2.22110e-07
    Region: "gate"	RelError: 1.32483e-08	AbsError: 6.47478e+11
      Equation: "ElectronContinuityEquation"	RelError: 6.58127e-09	AbsError: 6.47478e+11
      Equation: "HoleContinuityEquation"	RelError: 6.51232e-09	AbsError: 6.61943e-09
      Equation: "PotentialEquation"	RelError: 1.54689e-10	AbsError: 1.69485e-10
    Region: "oxide"	RelError: 3.78176e-07	AbsError: 2.22110e-07
      Equation: "PotentialEquation"	RelError: 3.78176e-07	AbsError: 2.22110e-07
Iteration: 3
  Device: "mos2d"	RelError: 2.44474e-09	AbsError: 5.24535e+06
    Region: "bulk"	RelError: 2.44449e-09	AbsError: 5.24535e+06
      Equation: "ElectronContinuityEquation"	RelError: 1.08466e-10	AbsError: 5.23549e+06
      Equation: "HoleContinuityEquation"	RelError: 2.33396e-09	AbsError: 9.85804e+03
      Equation: "PotentialEquation"	RelError: 2.06558e-12	AbsError: 1.45863e-13
    Region: "gate"	RelError: 8.20684e-15	AbsError: 4.01378e+05
      Equation: "ElectronContinuityEquation"	RelError: 4.07979e-15	AbsError: 4.01378e+05
      Equation: "HoleContinuityEquation"	RelError: 4.01054e-15	AbsError: 4.07651e-15
      Equation: "PotentialEquation"	RelError: 1.16505e-16	AbsError: 1.27650e-16
    Region: "oxide"	RelError: 2.47212e-13	AbsError: 1.45863e-13
      Equation: "PotentialEquation"	RelError: 2.47212e-13	AbsError: 1.45863e-13
Succeeded
IVPOINT	IDVD_VG1P0	5.00000000e-01	1.40000000e-01	2.32178958e-01
drain last end 1.400000e-01 2.000000e+00
number of equations 4346
Iteration: 0
  Device: "mos2d"	RelError: 8.16006e+02	AbsError: 2.48564e+17
    Region: "bulk"	RelError: 8.15977e+02	AbsError: 2.48564e+17
      Equation: "ElectronContinuityEquation"	RelError: 1.24650e+00	AbsError: 2.46110e+17
      Equation: "HoleContinuityEquation"	RelError: 2.27768e+00	AbsError: 2.45403e+15
      Equation: "PotentialEquation"	RelError: 8.12453e+02	AbsError: 2.00000e-02
    Region: "gate"	RelError: 1.18766e-03	AbsError: 5.77183e+16
      Equation: "ElectronContinuityEquation"	RelError: 5.86554e-04	AbsError: 5.77183e+16
      Equation: "HoleContinuityEquation"	RelError: 5.87243e-04	AbsError: 5.96777e-04
      Equation: "PotentialEquation"	RelError: 1.38667e-05	AbsError: 1.51931e-05
    Region: "oxide"	RelError: 2.74622e-02	AbsError: 1.82581e-02
      Equation: "PotentialEquation"	RelError: 2.74622e-02	AbsError: 1.82581e-02
Iteration: 1
  Device: "mos2d"	RelError: 2.59479e+00	AbsError: 1.28183e+16
    Region: "bulk"	RelError: 2.59428e+00	AbsError: 1.28183e+16
      Equation: "ElectronContinuityEquation"	RelError: 2.37025e-01	AbsError: 1.27421e+16
      Equation: "HoleContinuityEquation"	RelError: 3.91154e-01	AbsError: 7.61814e+13
      Equation: "PotentialEquation"	RelError: 1.96610e+00	AbsError: 2.87614e-04
    Region: "gate"	RelError: 1.81012e-05	AbsError: 8.74968e+14
      Equation: "ElectronContinuityEquation"	RelError: 8.89074e-06	AbsError: 8.74968e+14
      Equation: "HoleContinuityEquation"	RelError: 8.99911e-06	AbsError: 9.14419e-06
      Equation: "PotentialEquation"	RelError: 2.11342e-07	AbsError: 2.31559e-07
    Region: "oxide"	RelError: 4.92319e-04	AbsError: 2.87614e-04
      Equation: "PotentialEquation"	RelError: 4.92319e-04	AbsError: 2.87614e-04
Iteration: 2
  Device: "mos2d"	RelError: 1.67732e-03	AbsError: 7.55036e+12
    Region: "bulk"	RelError: 1.67687e-03	AbsError: 7.55036e+12
      Equation: "ElectronContinuityEquation"	RelError: 1.94879e-04	AbsError: 7.51358e+12
      Equation: "HoleContinuityEquation"	RelError: 9.26699e-04	AbsError: 3.67792e+10
      Equation: "PotentialEquation"	RelError: 5.55292e-04	AbsError: 2.56892e-07
    Region: "gate"	RelError: 1.56656e-08	AbsError: 7.65790e+11
      Equation: "ElectronContinuityEquation"	RelError: 7.78135e-09	AbsError: 7.65790e+11
      Equation: "HoleContinuityEquation"	RelError: 7.70134e-09	AbsError: 7.82550e-09
      Equation: "PotentialEquation"	RelError: 1.82911e-10	AbsError: 2.00409e-10
    Region: "oxide"	RelError: 4.33220e-07	AbsError: 2.56770e-07
      Equation: "PotentialEquation"	RelError: 4.33220e-07	AbsError: 2.56770e-07
Iteration: 3
  Device: "mos2d"	RelError: 3.23396e-09	AbsError: 7.07893e+06
    Region: "bulk"	RelError: 3.23360e-09	AbsError: 7.07893e+06
      Equation: "ElectronContinuityEquation"	RelError: 2.10717e-10	AbsError: 7.07087e+06
      Equation: "HoleContinuityEquation"	RelError: 2.92792e-09	AbsError: 8.05665e+03
      Equation: "PotentialEquation"	RelError: 9.49662e-11	AbsError: 2.05738e-13
    Region: "gate"	RelError: 1.16144e-14	AbsError: 5.67445e+05
      Equation: "ElectronContinuityEquation"	RelError: 5.76593e-15	AbsError: 5.67445e+05
      Equation: "HoleContinuityEquation"	RelError: 5.72021e-15	AbsError: 5.81243e-15
      Equation: "PotentialEquation"	RelError: 1.28216e-16	AbsError: 1.40487e-16
    Region: "oxide"	RelError: 3.48577e-13	AbsError: 2.05738e-13
      Equation: "PotentialEquation"	RelError: 3.48577e-13	AbsError: 2.05738e-13
Succeeded
IVPOINT	IDVD_VG1P0	5.00000000e-01	1.60000000e-01	2.54275716e-01
drain last end 1.600000e-01 2.000000e+00
number of equations 4346
Iteration: 0
  Device: "mos2d"	RelError: 1.03971e+02	AbsError: 2.23058e+17
    Region: "bulk"	RelError: 1.03943e+02	AbsError: 2.23058e+17
      Equation: "ElectronContinuityEquation"	RelError: 1.12838e+00	AbsError: 2.20673e+17
      Equation: "HoleContinuityEquation"	RelError: 2.22441e+00	AbsError: 2.38451e+15
      Equation: "PotentialEquation"	RelError: 1.00591e+02	AbsError: 2.00000e-02
    Region: "gate"	RelError: 1.17063e-03	AbsError: 5.69237e+16
      Equation: "ElectronContinuityEquation"	RelError: 5.78147e-04	AbsError: 5.69237e+16
      Equation: "HoleContinuityEquation"	RelError: 5.78817e-04	AbsError: 5.87876e-04
      Equation: "PotentialEquation"	RelError: 1.36677e-05	AbsError: 1.49753e-05
    Region: "oxide"	RelError: 2.66183e-02	AbsError: 1.81799e-02
      Equation: "PotentialEquation"	RelError: 2.66183e-02	AbsError: 1.81799e-02
Iteration: 1
  Device: "mos2d"	RelError: 8.20659e-01	AbsError: 1.26258e+16
    Region: "bulk"	RelError: 8.20141e-01	AbsError: 1.26258e+16
      Equation: "ElectronContinuityEquation"	RelError: 2.14640e-01	AbsError: 1.25510e+16
      Equation: "HoleContinuityEquation"	RelError: 3.82002e-01	AbsError: 7.47450e+13
      Equation: "PotentialEquation"	RelError: 2.23499e-01	AbsError: 3.01723e-04
    Region: "gate"	RelError: 1.91115e-05	AbsError: 9.24950e+14
      Equation: "ElectronContinuityEquation"	RelError: 9.39578e-06	AbsError: 9.24950e+14
      Equation: "HoleContinuityEquation"	RelError: 9.49256e-06	AbsError: 9.64268e-06
      Equation: "PotentialEquation"	RelError: 2.23136e-07	AbsError: 2.44483e-07
    Region: "oxide"	RelError: 4.98279e-04	AbsError: 3.00927e-04
      Equation: "PotentialEquation"	RelError: 4.98279e-04	AbsError: 3.00927e-04
Iteration: 2
  Device: "mos2d"	RelError: 1.17723e-03	AbsError: 7.68975e+12
    Region: "bulk"	RelError: 1.17673e-03	AbsError: 7.68975e+12
      Equation: "ElectronContinuityEquation"	RelError: 1.61259e-04	AbsError: 7.65436e+12
      Equation: "HoleContinuityEquation"	RelError: 9.68130e-04	AbsError: 3.53919e+10
      Equation: "PotentialEquation"	RelError: 4.73411e-05	AbsError: 2.87340e-07
    Region: "gate"	RelError: 1.74919e-08	AbsError: 8.55319e+11
      Equation: "ElectronContinuityEquation"	RelError: 8.68845e-09	AbsError: 8.55319e+11
      Equation: "HoleContinuityEquation"	RelError: 8.59926e-09	AbsError: 8.73526e-09
      Equation: "PotentialEquation"	RelError: 2.04233e-10	AbsError: 2.23772e-10
    Region: "oxide"	RelError: 4.78870e-07	AbsError: 2.87183e-07
      Equation: "PotentialEquation"	RelError: 4.78870e-07	AbsError: 2.87183e-07
Iteration: 3
  Device: "mos2d"	RelError: 4.45678e-09	AbsError: 7.97850e+06
    Region: "bulk"	RelError: 4.45631e-09	AbsError: 7.97850e+06
      Equation: "ElectronContinuityEquation"	RelError: 7.70615e-10	AbsError: 7.97132e+06
      Equation: "HoleContinuityEquation"	RelError: 3.67489e-09	AbsError: 7.18375e+03
      Equation: "PotentialEquation"	RelError: 1.08079e-11	AbsError: 2.69371e-13
    Region: "gate"	RelError: 1.48631e-14	AbsError: 7.23431e+05
      Equation: "ElectronContinuityEquation"	RelError: 7.34871e-15	AbsError: 7.23431e+05
      Equation: "HoleContinuityEquation"	RelError: 7.31290e-15	AbsError: 7.42855e-15
      Equation: "PotentialEquation"	RelError: 2.01483e-16	AbsError: 2.20772e-16
    Region: "oxide"	RelError: 4.48396e-13	AbsError: 2.69371e-13
      Equation: "PotentialEquation"	RelError: 4.48396e-13	AbsError: 2.69371e-13
Succeeded
IVPOINT	IDVD_VG1P0	5.00000000e-01	1.80000000e-01	2.74066344e-01
drain last end 1.800000e-01 2.000000e+00
number of equations 4346
Iteration: 0
  Device: "mos2d"	RelError: 7.47529e+00	AbsError: 2.06297e+17
    Region: "bulk"	RelError: 7.44833e+00	AbsError: 2.06297e+17
      Equation: "ElectronContinuityEquation"	RelError: 1.05479e+00	AbsError: 2.03993e+17
      Equation: "HoleContinuityEquation"	RelError: 2.20855e+00	AbsError: 2.30459e+15
      Equation: "PotentialEquation"	RelError: 4.18499e+00	AbsError: 2.00000e-02
    Region: "gate"	RelError: 1.15127e-03	AbsError: 5.60143e+16
      Equation: "ElectronContinuityEquation"	RelError: 5.68590e-04	AbsError: 5.60143e+16
      Equation: "HoleContinuityEquation"	RelError: 5.69237e-04	AbsError: 5.77821e-04
      Equation: "PotentialEquation"	RelError: 1.34414e-05	AbsError: 1.47276e-05
    Region: "oxide"	RelError: 2.58057e-02	AbsError: 1.80906e-02
      Equation: "PotentialEquation"	RelError: 2.58057e-02	AbsError: 1.80906e-02
Iteration: 1
  Device: "mos2d"	RelError: 6.47677e-01	AbsError: 1.21393e+16
    Region: "bulk"	RelError: 6.47149e-01	AbsError: 1.21393e+16
      Equation: "ElectronContinuityEquation"	RelError: 1.91121e-01	AbsError: 1.20671e+16
      Equation: "HoleContinuityEquation"	RelError: 3.80465e-01	AbsError: 7.22686e+13
      Equation: "PotentialEquation"	RelError: 7.55625e-02	AbsError: 3.10114e-04
    Region: "gate"	RelError: 1.96990e-05	AbsError: 9.54366e+14
      Equation: "ElectronContinuityEquation"	RelError: 9.69185e-06	AbsError: 9.54366e+14
      Equation: "HoleContinuityEquation"	RelError: 9.77715e-06	AbsError: 9.92896e-06
      Equation: "PotentialEquation"	RelError: 2.29994e-07	AbsError: 2.51999e-07
    Region: "oxide"	RelError: 5.07525e-04	AbsError: 3.08872e-04
      Equation: "PotentialEquation"	RelError: 5.07525e-04	AbsError: 3.08872e-04
Iteration: 2
  Device: "mos2d"	RelError: 1.14544e-03	AbsError: 7.51222e+12
    Region: "bulk"	RelError: 1.14492e-03	AbsError: 7.51222e+12
      Equation: "ElectronContinuityEquation"	RelError: 1.24547e-04	AbsError: 7.47928e+12
      Equation: "HoleContinuityEquation"	RelError: 9.78905e-04	AbsError: 3.29330e+10
      Equation: "PotentialEquation"	RelError: 4.14657e-05	AbsError: 3.05548e-07
    Region: "gate"	RelError: 1.81821e-08	AbsError: 8.89417e+11
      Equation: "ElectronContinuityEquation"	RelError: 9.03228e-09	AbsError: 8.89417e+11
      Equation: "HoleContinuityEquation"	RelError: 8.93752e-09	AbsError: 9.07630e-09
      Equation: "PotentialEquation"	RelError: 2.12289e-10	AbsError: 2.32600e-10
    Region: "oxide"	RelError: 5.00730e-07	AbsError: 3.05548e-07
      Equation: "PotentialEquation"	RelError: 5.00730e-07	AbsError: 3.05548e-07
Iteration: 3
  Device: "mos2d"	RelError: 4.49117e-09	AbsError: 7.79246e+06
    Region: "bulk"	RelError: 4.49063e-09	AbsError: 7.79246e+06
      Equation: "ElectronContinuityEquation"	RelError: 2.52653e-10	AbsError: 7.78606e+06
      Equation: "HoleContinuityEquation"	RelError: 4.22123e-09	AbsError: 6.40028e+03
      Equation: "PotentialEquation"	RelError: 1.67509e-11	AbsError: 3.23843e-13
    Region: "gate"	RelError: 1.56356e-14	AbsError: 7.71553e+05
      Equation: "ElectronContinuityEquation"	RelError: 7.83533e-15	AbsError: 7.71553e+05
      Equation: "HoleContinuityEquation"	RelError: 7.55099e-15	AbsError: 7.66824e-15
      Equation: "PotentialEquation"	RelError: 2.49271e-16	AbsError: 2.73120e-16
    Region: "oxide"	RelError: 5.25002e-13	AbsError: 3.23843e-13
      Equation: "PotentialEquation"	RelError: 5.25002e-13	AbsError: 3.23843e-13
Succeeded
IVPOINT	IDVD_VG1P0	5.00000000e-01	2.00000000e-01	2.91749257e-01
drain last end 2.000000e-01 2.000000e+00
number of equations 4346
Iteration: 0
  Device: "mos2d"	RelError: 5.29919e+00	AbsError: 2.01372e+17
    Region: "bulk"	RelError: 5.27304e+00	AbsError: 2.01372e+17
      Equation: "ElectronContinuityEquation"	RelError: 1.00839e+00	AbsError: 1.99069e+17
      Equation: "HoleContinuityEquation"	RelError: 2.17211e+00	AbsError: 2.30280e+15
      Equation: "PotentialEquation"	RelError: 2.09254e+00	AbsError: 2.00000e-02
    Region: "gate"	RelError: 1.12943e-03	AbsError: 5.49827e+16
      Equation: "ElectronContinuityEquation"	RelError: 5.57810e-04	AbsError: 5.49827e+16
      Equation: "HoleContinuityEquation"	RelError: 5.58433e-04	AbsError: 5.66541e-04
      Equation: "PotentialEquation"	RelError: 1.31862e-05	AbsError: 1.44482e-05
    Region: "oxide"	RelError: 2.50193e-02	AbsError: 1.79881e-02
      Equation: "PotentialEquation"	RelError: 2.50193e-02	AbsError: 1.79881e-02
Iteration: 1
  Device: "mos2d"	RelError: 5.80716e-01	AbsError: 1.13608e+16
    Region: "bulk"	RelError: 5.80193e-01	AbsError: 1.13608e+16
      Equation: "ElectronContinuityEquation"	RelError: 1.83104e-01	AbsError: 1.12919e+16
      Equation: "HoleContinuityEquation"	RelError: 3.76692e-01	AbsError: 6.88941e+13
      Equation: "PotentialEquation"	RelError: 2.03972e-02	AbsError: 3.12657e-04
    Region: "gate"	RelError: 1.97560e-05	AbsError: 9.57934e+14
      Equation: "ElectronContinuityEquation"	RelError: 9.72553e-06	AbsError: 9.57934e+14
      Equation: "HoleContinuityEquation"	RelError: 9.79981e-06	AbsError: 9.94936e-06
      Equation: "PotentialEquation"	RelError: 2.30658e-07	AbsError: 2.52728e-07
    Region: "oxide"	RelError: 5.04046e-04	AbsError: 3.12027e-04
      Equation: "PotentialEquation"	RelError: 5.04046e-04	AbsError: 3.12027e-04
Iteration: 2
  Device: "mos2d"	RelError: 1.07532e-03	AbsError: 6.54792e+12
    Region: "bulk"	RelError: 1.07480e-03	AbsError: 6.54792e+12
      Equation: "ElectronContinuityEquation"	RelError: 1.16724e-04	AbsError: 6.51825e+12
      Equation: "HoleContinuityEquation"	RelError: 9.48437e-04	AbsError: 2.96699e+10
      Equation: "PotentialEquation"	RelError: 9.64149e-06	AbsError: 3.11867e-07
    Region: "gate"	RelError: 1.73090e-08	AbsError: 8.47182e+11
      Equation: "ElectronContinuityEquation"	RelError: 8.60111e-09	AbsError: 8.47182e+11
      Equation: "HoleContinuityEquation"	RelError: 8.50580e-09	AbsError: 8.63560e-09
      Equation: "PotentialEquation"	RelError: 2.02093e-10	AbsError: 2.21430e-10
    Region: "oxide"	RelError: 4.97825e-07	AbsError: 3.11867e-07
      Equation: "PotentialEquation"	RelError: 4.97825e-07	AbsError: 3.11867e-07
Iteration: 3
  Device: "mos2d"	RelError: 4.80322e-09	AbsError: 8.11496e+06
    Region: "bulk"	RelError: 4.80267e-09	AbsError: 8.11496e+06
      Equation: "ElectronContinuityEquation"	RelError: 2.88513e-10	AbsError: 8.10935e+06
      Equation: "HoleContinuityEquation"	RelError: 4.51086e-09	AbsError: 5.60755e+03
      Equation: "PotentialEquation"	RelError: 3.29464e-12	AbsError: 3.39730e-13
    Region: "gate"	RelError: 1.45886e-14	AbsError: 7.11353e+05
      Equation: "ElectronContinuityEquation"	RelError: 7.20307e-15	AbsError: 7.11353e+05
      Equation: "HoleContinuityEquation"	RelError: 7.26147e-15	AbsError: 7.35288e-15
      Equation: "PotentialEquation"	RelError: 1.24107e-16	AbsError: 1.35991e-16
    Region: "oxide"	RelError: 5.36415e-13	AbsError: 3.39730e-13
      Equation: "PotentialEquation"	RelError: 5.36415e-13	AbsError: 3.39730e-13
Succeeded
IVPOINT	IDVD_VG1P0	5.00000000e-01	2.20000000e-01	3.07536522e-01
drain last end 2.200000e-01 2.000000e+00
number of equations 4346
Iteration: 0
  Device: "mos2d"	RelError: 5.84509e+00	AbsError: 1.96221e+17
    Region: "bulk"	RelError: 5.81973e+00	AbsError: 1.96221e+17
      Equation: "ElectronContinuityEquation"	RelError: 9.49851e-01	AbsError: 1.93879e+17
      Equation: "HoleContinuityEquation"	RelError: 2.09809e+00	AbsError: 2.34197e+15
      Equation: "PotentialEquation"	RelError: 2.77179e+00	AbsError: 2.00000e-02
    Region: "gate"	RelError: 1.10507e-03	AbsError: 5.38268e+16
      Equation: "ElectronContinuityEquation"	RelError: 5.45788e-04	AbsError: 5.38268e+16
      Equation: "HoleContinuityEquation"	RelError: 5.46385e-04	AbsError: 5.54018e-04
      Equation: "PotentialEquation"	RelError: 1.29017e-05	AbsError: 1.41366e-05
    Region: "oxide"	RelError: 2.42545e-02	AbsError: 1.78703e-02
      Equation: "PotentialEquation"	RelError: 2.42545e-02	AbsError: 1.78703e-02
Iteration: 1
  Device: "mos2d"	RelError: 5.53766e-01	AbsError: 1.03397e+16
    Region: "bulk"	RelError: 5.53258e-01	AbsError: 1.03397e+16
      Equation: "ElectronContinuityEquation"	RelError: 1.73177e-01	AbsError: 1.02700e+16
      Equation: "HoleContinuityEquation"	RelError: 3.68707e-01	AbsError: 6.96790e+13
      Equation: "PotentialEquation"	RelError: 1.13742e-02	AbsError: 3.10488e-04
    Region: "gate"	RelError: 1.92342e-05	AbsError: 9.33270e+14
      Equation: "ElectronContinuityEquation"	RelError: 9.47281e-06	AbsError: 9.33270e+14
      Equation: "HoleContinuityEquation"	RelError: 9.53686e-06	AbsError: 9.68003e-06
      Equation: "PotentialEquation"	RelError: 2.24565e-07	AbsError: 2.46053e-07
    Region: "oxide"	RelError: 4.89464e-04	AbsError: 3.10488e-04
      Equation: "PotentialEquation"	RelError: 4.89464e-04	AbsError: 3.10488e-04
Iteration: 2
  Device: "mos2d"	RelError: 9.93876e-04	AbsError: 7.12046e+12
    Region: "bulk"	RelError: 9.93399e-04	AbsError: 7.12046e+12
      Equation: "ElectronContinuityEquation"	RelError: 1.05686e-04	AbsError: 7.09121e+12
      Equation: "HoleContinuityEquation"	RelError: 8.83581e-04	AbsError: 2.92481e+10
      Equation: "PotentialEquation"	RelError: 4.13223e-06	AbsError: 2.97150e-07
    Region: "gate"	RelError: 1.49842e-08	AbsError: 7.34740e+11
      Equation: "ElectronContinuityEquation"	RelError: 7.43765e-09	AbsError: 7.34740e+11
      Equation: "HoleContinuityEquation"	RelError: 7.37158e-09	AbsError: 7.46212e-09
      Equation: "PotentialEquation"	RelError: 1.74939e-10	AbsError: 1.91691e-10
    Region: "oxide"	RelError: 4.62178e-07	AbsError: 2.97150e-07
      Equation: "PotentialEquation"	RelError: 4.62178e-07	AbsError: 2.97150e-07
Iteration: 3
  Device: "mos2d"	RelError: 4.39949e-09	AbsError: 1.00224e+07
    Region: "bulk"	RelError: 4.39903e-09	AbsError: 1.00224e+07
      Equation: "ElectronContinuityEquation"	RelError: 2.22529e-10	AbsError: 1.00180e+07
      Equation: "HoleContinuityEquation"	RelError: 4.17565e-09	AbsError: 4.34832e+03
      Equation: "PotentialEquation"	RelError: 8.45005e-13	AbsError: 2.96927e-13
    Region: "gate"	RelError: 1.37230e-14	AbsError: 6.75516e+05
      Equation: "ElectronContinuityEquation"	RelError: 6.83814e-15	AbsError: 6.75516e+05
      Equation: "HoleContinuityEquation"	RelError: 6.68681e-15	AbsError: 6.76895e-15
      Equation: "PotentialEquation"	RelError: 1.98064e-16	AbsError: 2.17031e-16
    Region: "oxide"	RelError: 4.52621e-13	AbsError: 2.96927e-13
      Equation: "PotentialEquation"	RelError: 4.52621e-13	AbsError: 2.96927e-13
Succeeded
IVPOINT	IDVD_VG1P0	5.00000000e-01	2.40000000e-01	3.21648220e-01
drain last end 2.400000e-01 2.000000e+00
number of equations 4346
Iteration: 0
  Device: "mos2d"	RelError: 4.49986e+00	AbsError: 1.91813e+17
    Region: "bulk"	RelError: 4.47527e+00	AbsError: 1.91813e+17
      Equation: "ElectronContinuityEquation"	RelError: 8.84442e-01	AbsError: 1.89439e+17
      Equation: "HoleContinuityEquation"	RelError: 2.03704e+00	AbsError: 2.37409e+15
      Equation: "PotentialEquation"	RelError: 1.55378e+00	AbsError: 2.00000e-02
    Region: "gate"	RelError: 1.07831e-03	AbsError: 5.25517e+16
      Equation: "ElectronContinuityEquation"	RelError: 5.32579e-04	AbsError: 5.25517e+16
      Equation: "HoleContinuityEquation"	RelError: 5.33147e-04	AbsError: 5.40311e-04
      Equation: "PotentialEquation"	RelError: 1.25892e-05	AbsError: 1.37943e-05
    Region: "oxide"	RelError: 2.35069e-02	AbsError: 1.77348e-02
      Equation: "PotentialEquation"	RelError: 2.35069e-02	AbsError: 1.77348e-02
Iteration: 1
  Device: "mos2d"	RelError: 5.30384e-01	AbsError: 9.15206e+15
    Region: "bulk"	RelError: 5.29899e-01	AbsError: 9.15206e+15
      Equation: "ElectronContinuityEquation"	RelError: 1.60656e-01	AbsError: 9.08219e+15
      Equation: "HoleContinuityEquation"	RelError: 3.56206e-01	AbsError: 6.98736e+13
      Equation: "PotentialEquation"	RelError: 1.30368e-02	AbsError: 3.02749e-04
    Region: "gate"	RelError: 1.81665e-05	AbsError: 8.81938e+14
      Equation: "ElectronContinuityEquation"	RelError: 8.94977e-06	AbsError: 8.81938e+14
      Equation: "HoleContinuityEquation"	RelError: 9.00464e-06	AbsError: 9.13776e-06
      Equation: "PotentialEquation"	RelError: 2.12098e-07	AbsError: 2.32394e-07
    Region: "oxide"	RelError: 4.66155e-04	AbsError: 3.02749e-04
      Equation: "PotentialEquation"	RelError: 4.66155e-04	AbsError: 3.02749e-04
Iteration: 2
  Device: "mos2d"	RelError: 8.76450e-04	AbsError: 7.35970e+12
    Region: "bulk"	RelError: 8.76038e-04	AbsError: 7.35970e+12
      Equation: "ElectronContinuityEquation"	RelError: 9.12748e-05	AbsError: 7.32988e+12
      Equation: "HoleContinuityEquation"	RelError: 7.82010e-04	AbsError: 2.98192e+10
      Equation: "PotentialEquation"	RelError: 2.75306e-06	AbsError: 2.70548e-07
    Region: "gate"	RelError: 1.37041e-08	AbsError: 6.72435e+11
      Equation: "ElectronContinuityEquation"	RelError: 6.80501e-09	AbsError: 6.72435e+11
      Equation: "HoleContinuityEquation"	RelError: 6.73906e-09	AbsError: 6.81990e-09
      Equation: "PotentialEquation"	RelError: 1.59993e-10	AbsError: 1.75315e-10
    Region: "oxide"	RelError: 3.98097e-07	AbsError: 2.70548e-07
      Equation: "PotentialEquation"	RelError: 3.98097e-07	AbsError: 2.70548e-07
Iteration: 3
  Device: "mos2d"	RelError: 5.29050e-09	AbsError: 1.10669e+07
    Region: "bulk"	RelError: 5.29012e-09	AbsError: 1.10669e+07
      Equation: "ElectronContinuityEquation"	RelError: 1.85485e-09	AbsError: 1.10623e+07
      Equation: "HoleContinuityEquation"	RelError: 3.43426e-09	AbsError: 4.59531e+03
      Equation: "PotentialEquation"	RelError: 1.01613e-12	AbsError: 2.48407e-13
    Region: "gate"	RelError: 9.58511e-15	AbsError: 4.82366e+05
      Equation: "ElectronContinuityEquation"	RelError: 4.88152e-15	AbsError: 4.82366e+05
      Equation: "HoleContinuityEquation"	RelError: 4.51132e-15	AbsError: 4.56544e-15
      Equation: "PotentialEquation"	RelError: 1.92257e-16	AbsError: 2.10669e-16
    Region: "oxide"	RelError: 3.65338e-13	AbsError: 2.48407e-13
      Equation: "PotentialEquation"	RelError: 3.65338e-13	AbsError: 2.48407e-13
Succeeded
IVPOINT	IDVD_VG1P0	5.00000000e-01	2.60000000e-01	3.34304994e-01
drain last end 2.600000e-01 2.000000e+00
number of equations 4346
Iteration: 0
  Device: "mos2d"	RelError: 7.89675e+00	AbsError: 1.89152e+17
    Region: "bulk"	RelError: 7.87293e+00	AbsError: 1.89152e+17
      Equation: "ElectronContinuityEquation"	RelError: 8.62449e-01	AbsError: 1.86754e+17
      Equation: "HoleContinuityEquation"	RelError: 2.02744e+00	AbsError: 2.39836e+15
      Equation: "PotentialEquation"	RelError: 4.98304e+00	AbsError: 2.00000e-02
    Region: "gate"	RelError: 1.04942e-03	AbsError: 5.11705e+16
      Equation: "ElectronContinuityEquation"	RelError: 5.18315e-04	AbsError: 5.11705e+16
      Equation: "HoleContinuityEquation"	RelError: 5.18853e-04	AbsError: 5.25556e-04
      Equation: "PotentialEquation"	RelError: 1.22517e-05	AbsError: 1.34247e-05
    Region: "oxide"	RelError: 2.27721e-02	AbsError: 1.75790e-02
      Equation: "PotentialEquation"	RelError: 2.27721e-02	AbsError: 1.75790e-02
Iteration: 1
  Device: "mos2d"	RelError: 5.24602e-01	AbsError: 7.89708e+15
    Region: "bulk"	RelError: 5.24151e-01	AbsError: 7.89708e+15
      Equation: "ElectronContinuityEquation"	RelError: 1.49760e-01	AbsError: 7.82796e+15
      Equation: "HoleContinuityEquation"	RelError: 3.55310e-01	AbsError: 6.91170e+13
      Equation: "PotentialEquation"	RelError: 1.90805e-02	AbsError: 2.91235e-04
    Region: "gate"	RelError: 1.66647e-05	AbsError: 8.09368e+14
      Equation: "ElectronContinuityEquation"	RelError: 8.21162e-06	AbsError: 8.09368e+14
      Equation: "HoleContinuityEquation"	RelError: 8.25852e-06	AbsError: 8.37887e-06
      Equation: "PotentialEquation"	RelError: 1.94563e-07	AbsError: 2.13183e-07
    Region: "oxide"	RelError: 4.34324e-04	AbsError: 2.91235e-04
      Equation: "PotentialEquation"	RelError: 4.34324e-04	AbsError: 2.91235e-04
Iteration: 2
  Device: "mos2d"	RelError: 7.40164e-04	AbsError: 6.55268e+12
    Region: "bulk"	RelError: 7.39806e-04	AbsError: 6.55268e+12
      Equation: "ElectronContinuityEquation"	RelError: 7.86456e-05	AbsError: 6.52321e+12
      Equation: "HoleContinuityEquation"	RelError: 6.53407e-04	AbsError: 2.94666e+10
      Equation: "PotentialEquation"	RelError: 7.75386e-06	AbsError: 2.39320e-07
    Region: "gate"	RelError: 1.12887e-08	AbsError: 5.54454e+11
      Equation: "ElectronContinuityEquation"	RelError: 5.60954e-09	AbsError: 5.54454e+11
      Equation: "HoleContinuityEquation"	RelError: 5.54740e-09	AbsError: 5.61244e-09
      Equation: "PotentialEquation"	RelError: 1.31794e-10	AbsError: 1.44416e-10
    Region: "oxide"	RelError: 3.46492e-07	AbsError: 2.39222e-07
      Equation: "PotentialEquation"	RelError: 3.46492e-07	AbsError: 2.39222e-07
Iteration: 3
  Device: "mos2d"	RelError: 3.14029e-09	AbsError: 7.75006e+06
    Region: "bulk"	RelError: 3.14004e-09	AbsError: 7.75006e+06
      Equation: "ElectronContinuityEquation"	RelError: 7.17177e-10	AbsError: 7.74551e+06
      Equation: "HoleContinuityEquation"	RelError: 2.42027e-09	AbsError: 4.54600e+03
      Equation: "PotentialEquation"	RelError: 2.59612e-12	AbsError: 1.67086e-13
    Region: "gate"	RelError: 5.36619e-15	AbsError: 2.59872e+05
      Equation: "ElectronContinuityEquation"	RelError: 2.63232e-15	AbsError: 2.59872e+05
      Equation: "HoleContinuityEquation"	RelError: 2.63087e-15	AbsError: 2.66488e-15
      Equation: "PotentialEquation"	RelError: 1.03004e-16	AbsError: 1.12865e-16
    Region: "oxide"	RelError: 2.37055e-13	AbsError: 1.65859e-13
      Equation: "PotentialEquation"	RelError: 2.37055e-13	AbsError: 1.65859e-13
Succeeded
IVPOINT	IDVD_VG1P0	5.00000000e-01	2.80000000e-01	3.45719796e-01
drain last end 2.800000e-01 2.000000e+00
number of equations 4346
Iteration: 0
  Device: "mos2d"	RelError: 7.53340e+00	AbsError: 1.86025e+17
    Region: "bulk"	RelError: 7.51034e+00	AbsError: 1.86025e+17
      Equation: "ElectronContinuityEquation"	RelError: 8.37165e-01	AbsError: 1.83611e+17
      Equation: "HoleContinuityEquation"	RelError: 2.00311e+00	AbsError: 2.41406e+15
      Equation: "PotentialEquation"	RelError: 4.67006e+00	AbsError: 2.00000e-02
    Region: "gate"	RelError: 1.01882e-03	AbsError: 4.97035e+16
      Equation: "ElectronContinuityEquation"	RelError: 5.03207e-04	AbsError: 4.97035e+16
      Equation: "HoleContinuityEquation"	RelError: 5.03714e-04	AbsError: 5.09968e-04
      Equation: "PotentialEquation"	RelError: 1.18942e-05	AbsError: 1.30332e-05
    Region: "oxide"	RelError: 2.20467e-02	AbsError: 1.74007e-02
      Equation: "PotentialEquation"	RelError: 2.20467e-02	AbsError: 1.74007e-02
Iteration: 1
  Device: "mos2d"	RelError: 5.43476e-01	AbsError: 7.10050e+15
    Region: "bulk"	RelError: 5.43061e-01	AbsError: 7.10050e+15
      Equation: "ElectronContinuityEquation"	RelError: 1.45717e-01	AbsError: 7.03305e+15
      Equation: "HoleContinuityEquation"	RelError: 3.52725e-01	AbsError: 6.74535e+13
      Equation: "PotentialEquation"	RelError: 4.46192e-02	AbsError: 2.80143e-04
    Region: "gate"	RelError: 1.58250e-05	AbsError: 7.59904e+14
      Equation: "ElectronContinuityEquation"	RelError: 7.69345e-06	AbsError: 7.59904e+14
      Equation: "HoleContinuityEquation"	RelError: 7.94680e-06	AbsError: 8.04554e-06
      Equation: "PotentialEquation"	RelError: 1.84749e-07	AbsError: 2.02440e-07
    Region: "oxide"	RelError: 3.99465e-04	AbsError: 2.79753e-04
      Equation: "PotentialEquation"	RelError: 3.99465e-04	AbsError: 2.79753e-04
Iteration: 2
  Device: "mos2d"	RelError: 6.10235e-04	AbsError: 6.26629e+12
    Region: "bulk"	RelError: 6.09938e-04	AbsError: 6.26629e+12
      Equation: "ElectronContinuityEquation"	RelError: 6.81253e-05	AbsError: 6.23805e+12
      Equation: "HoleContinuityEquation"	RelError: 5.32781e-04	AbsError: 2.82410e+10
      Equation: "PotentialEquation"	RelError: 9.03154e-06	AbsError: 2.07689e-07
    Region: "gate"	RelError: 1.01416e-08	AbsError: 4.98028e+11
      Equation: "ElectronContinuityEquation"	RelError: 5.04216e-09	AbsError: 4.98028e+11
      Equation: "HoleContinuityEquation"	RelError: 4.98101e-09	AbsError: 5.04289e-09
      Equation: "PotentialEquation"	RelError: 1.18409e-10	AbsError: 1.29747e-10
    Region: "oxide"	RelError: 2.86881e-07	AbsError: 2.07689e-07
      Equation: "PotentialEquation"	RelError: 2.86881e-07	AbsError: 2.07689e-07
Iteration: 3
  Device: "mos2d"	RelError: 2.29519e-09	AbsError: 7.25259e+06
    Region: "bulk"	RelError: 2.29501e-09	AbsError: 7.25259e+06
      Equation: "ElectronContinuityEquation"	RelError: 8.92698e-10	AbsError: 7.24837e+06
      Equation: "HoleContinuityEquation"	RelError: 1.39614e-09	AbsError: 4.22118e+03
      Equation: "PotentialEquation"	RelError: 6.16597e-12	AbsError: 1.27194e-13
    Region: "gate"	RelError: 4.46035e-15	AbsError: 2.21017e+05
      Equation: "ElectronContinuityEquation"	RelError: 2.23763e-15	AbsError: 2.21017e+05
      Equation: "HoleContinuityEquation"	RelError: 2.11183e-15	AbsError: 2.13807e-15
      Equation: "PotentialEquation"	RelError: 1.10882e-16	AbsError: 1.21497e-16
    Region: "oxide"	RelError: 1.74003e-13	AbsError: 1.27194e-13
      Equation: "PotentialEquation"	RelError: 1.74003e-13	AbsError: 1.27194e-13
Succeeded
IVPOINT	IDVD_VG1P0	5.00000000e-01	3.00000000e-01	3.56090228e-01
drain last end 3.000000e-01 2.000000e+00
number of equations 4346
Iteration: 0
  Device: "mos2d"	RelError: 4.10263e+01	AbsError: 1.82246e+17
    Region: "bulk"	RelError: 4.10040e+01	AbsError: 1.82246e+17
      Equation: "ElectronContinuityEquation"	RelError: 8.01829e-01	AbsError: 1.79826e+17
      Equation: "HoleContinuityEquation"	RelError: 1.95185e+00	AbsError: 2.42056e+15
      Equation: "PotentialEquation"	RelError: 3.82503e+01	AbsError: 2.00000e-02
    Region: "gate"	RelError: 9.87039e-04	AbsError: 4.81772e+16
      Equation: "ElectronContinuityEquation"	RelError: 4.87520e-04	AbsError: 4.81772e+16
      Equation: "HoleContinuityEquation"	RelError: 4.87996e-04	AbsError: 4.93818e-04
      Equation: "PotentialEquation"	RelError: 1.15231e-05	AbsError: 1.26267e-05
    Region: "oxide"	RelError: 2.13275e-02	AbsError: 1.71978e-02
      Equation: "PotentialEquation"	RelError: 2.13275e-02	AbsError: 1.71978e-02
Iteration: 1
  Device: "mos2d"	RelError: 8.93124e-01	AbsError: 6.29097e+15
    Region: "bulk"	RelError: 8.92739e-01	AbsError: 6.29097e+15
      Equation: "ElectronContinuityEquation"	RelError: 1.40168e-01	AbsError: 6.22601e+15
      Equation: "HoleContinuityEquation"	RelError: 3.46990e-01	AbsError: 6.49643e+13
      Equation: "PotentialEquation"	RelError: 4.05581e-01	AbsError: 2.66089e-04
    Region: "gate"	RelError: 1.61599e-05	AbsError: 7.77391e+14
      Equation: "ElectronContinuityEquation"	RelError: 7.86673e-06	AbsError: 7.77391e+14
      Equation: "HoleContinuityEquation"	RelError: 8.10451e-06	AbsError: 8.20127e-06
      Equation: "PotentialEquation"	RelError: 1.88657e-07	AbsError: 2.06724e-07
    Region: "oxide"	RelError: 3.68376e-04	AbsError: 2.65857e-04
      Equation: "PotentialEquation"	RelError: 3.68376e-04	AbsError: 2.65857e-04
Iteration: 2
  Device: "mos2d"	RelError: 5.28711e-04	AbsError: 7.03286e+12
    Region: "bulk"	RelError: 5.28434e-04	AbsError: 7.03286e+12
      Equation: "ElectronContinuityEquation"	RelError: 6.08436e-05	AbsError: 7.00660e+12
      Equation: "HoleContinuityEquation"	RelError: 4.20940e-04	AbsError: 2.62643e+10
      Equation: "PotentialEquation"	RelError: 4.66510e-05	AbsError: 2.00086e-07
    Region: "gate"	RelError: 9.84576e-09	AbsError: 4.83951e+11
      Equation: "ElectronContinuityEquation"	RelError: 4.89729e-09	AbsError: 4.83951e+11
      Equation: "HoleContinuityEquation"	RelError: 4.83352e-09	AbsError: 4.89122e-09
      Equation: "PotentialEquation"	RelError: 1.14954e-10	AbsError: 1.25963e-10
    Region: "oxide"	RelError: 2.67279e-07	AbsError: 2.00086e-07
      Equation: "PotentialEquation"	RelError: 2.67279e-07	AbsError: 2.00086e-07
Iteration: 3
  Device: "mos2d"	RelError: 1.13898e-09	AbsError: 8.98229e+06
    Region: "bulk"	RelError: 1.13881e-09	AbsError: 8.98229e+06
      Equation: "ElectronContinuityEquation"	RelError: 4.34600e-10	AbsError: 8.97861e+06
      Equation: "HoleContinuityEquation"	RelError: 6.69854e-10	AbsError: 3.67858e+03
      Equation: "PotentialEquation"	RelError: 3.43574e-11	AbsError: 1.25936e-13
    Region: "gate"	RelError: 4.16375e-15	AbsError: 2.00306e+05
      Equation: "ElectronContinuityEquation"	RelError: 2.02697e-15	AbsError: 2.00306e+05
      Equation: "HoleContinuityEquation"	RelError: 2.03536e-15	AbsError: 2.05967e-15
      Equation: "PotentialEquation"	RelError: 1.01416e-16	AbsError: 1.11159e-16
    Region: "oxide"	RelError: 1.66659e-13	AbsError: 1.25936e-13
      Equation: "PotentialEquation"	RelError: 1.66659e-13	AbsError: 1.25936e-13
Succeeded
IVPOINT	IDVD_VG1P0	5.00000000e-01	3.20000000e-01	3.65592844e-01
drain last end 3.200000e-01 2.000000e+00
number of equations 4346
Iteration: 0
  Device: "mos2d"	RelError: 5.32812e+00	AbsError: 1.77598e+17
    Region: "bulk"	RelError: 5.30656e+00	AbsError: 1.77598e+17
      Equation: "ElectronContinuityEquation"	RelError: 7.52860e-01	AbsError: 1.75181e+17
      Equation: "HoleContinuityEquation"	RelError: 1.89401e+00	AbsError: 2.41734e+15
      Equation: "PotentialEquation"	RelError: 2.65969e+00	AbsError: 2.00000e-02
    Region: "gate"	RelError: 9.54696e-04	AbsError: 4.66209e+16
      Equation: "ElectronContinuityEquation"	RelError: 4.71553e-04	AbsError: 4.66209e+16
      Equation: "HoleContinuityEquation"	RelError: 4.71998e-04	AbsError: 4.77408e-04
      Equation: "PotentialEquation"	RelError: 1.11454e-05	AbsError: 1.22129e-05
    Region: "oxide"	RelError: 2.06125e-02	AbsError: 1.69686e-02
      Equation: "PotentialEquation"	RelError: 2.06125e-02	AbsError: 1.69686e-02
Iteration: 1
  Device: "mos2d"	RelError: 4.86497e-01	AbsError: 6.15609e+15
    Region: "bulk"	RelError: 4.86137e-01	AbsError: 6.15609e+15
      Equation: "ElectronContinuityEquation"	RelError: 1.32524e-01	AbsError: 6.09364e+15
      Equation: "HoleContinuityEquation"	RelError: 3.36777e-01	AbsError: 6.24546e+13
      Equation: "PotentialEquation"	RelError: 1.68366e-02	AbsError: 2.61340e-04
    Region: "gate"	RelError: 1.61876e-05	AbsError: 7.79863e+14
      Equation: "ElectronContinuityEquation"	RelError: 7.88808e-06	AbsError: 7.79863e+14
      Equation: "HoleContinuityEquation"	RelError: 8.11052e-06	AbsError: 8.20355e-06
      Equation: "PotentialEquation"	RelError: 1.88978e-07	AbsError: 2.07078e-07
    Region: "oxide"	RelError: 3.44546e-04	AbsError: 2.61340e-04
      Equation: "PotentialEquation"	RelError: 3.44546e-04	AbsError: 2.61340e-04
Iteration: 2
  Device: "mos2d"	RelError: 3.99876e-04	AbsError: 7.78371e+12
    Region: "bulk"	RelError: 3.99624e-04	AbsError: 7.78371e+12
      Equation: "ElectronContinuityEquation"	RelError: 6.44879e-05	AbsError: 7.75879e+12
      Equation: "HoleContinuityEquation"	RelError: 3.29600e-04	AbsError: 2.49221e+10
      Equation: "PotentialEquation"	RelError: 5.53544e-06	AbsError: 1.88707e-07
    Region: "gate"	RelError: 9.20792e-09	AbsError: 4.53024e+11
      Equation: "ElectronContinuityEquation"	RelError: 4.58220e-09	AbsError: 4.53024e+11
      Equation: "HoleContinuityEquation"	RelError: 4.51821e-09	AbsError: 4.57003e-09
      Equation: "PotentialEquation"	RelError: 1.07506e-10	AbsError: 1.17803e-10
    Region: "oxide"	RelError: 2.42641e-07	AbsError: 1.88707e-07
      Equation: "PotentialEquation"	RelError: 2.42641e-07	AbsError: 1.88707e-07
Iteration: 3
  Device: "mos2d"	RelError: 1.75538e-09	AbsError: 1.04868e+07
    Region: "bulk"	RelError: 1.75521e-09	AbsError: 1.04868e+07
      Equation: "ElectronContinuityEquation"	RelError: 1.45555e-09	AbsError: 1.04826e+07
      Equation: "HoleContinuityEquation"	RelError: 2.99363e-10	AbsError: 4.15657e+03
      Equation: "PotentialEquation"	RelError: 2.97152e-13	AbsError: 1.28209e-13
    Region: "gate"	RelError: 4.03756e-15	AbsError: 1.84646e+05
      Equation: "ElectronContinuityEquation"	RelError: 1.86764e-15	AbsError: 1.84646e+05
      Equation: "HoleContinuityEquation"	RelError: 2.06764e-15	AbsError: 2.09135e-15
      Equation: "PotentialEquation"	RelError: 1.02286e-16	AbsError: 1.12038e-16
    Region: "oxide"	RelError: 1.64739e-13	AbsError: 1.28209e-13
      Equation: "PotentialEquation"	RelError: 1.64739e-13	AbsError: 1.28209e-13
Succeeded
IVPOINT	IDVD_VG1P0	5.00000000e-01	3.40000000e-01	3.74380138e-01
drain last end 3.400000e-01 2.000000e+00
number of equations 4346
Iteration: 0
  Device: "mos2d"	RelError: 3.85427e+00	AbsError: 1.71853e+17
    Region: "bulk"	RelError: 3.83345e+00	AbsError: 1.71853e+17
      Equation: "ElectronContinuityEquation"	RelError: 6.95519e-01	AbsError: 1.69449e+17
      Equation: "HoleContinuityEquation"	RelError: 1.84468e+00	AbsError: 2.40402e+15
      Equation: "PotentialEquation"	RelError: 1.29325e+00	AbsError: 2.00000e-02
    Region: "gate"	RelError: 9.22396e-04	AbsError: 4.50645e+16
      Equation: "ElectronContinuityEquation"	RelError: 4.55606e-04	AbsError: 4.50645e+16
      Equation: "HoleContinuityEquation"	RelError: 4.56022e-04	AbsError: 4.61042e-04
      Equation: "PotentialEquation"	RelError: 1.07682e-05	AbsError: 1.17997e-05
    Region: "oxide"	RelError: 1.99006e-02	AbsError: 1.67127e-02
      Equation: "PotentialEquation"	RelError: 1.99006e-02	AbsError: 1.67127e-02
Iteration: 1
  Device: "mos2d"	RelError: 4.65329e-01	AbsError: 6.15324e+15
    Region: "bulk"	RelError: 4.64986e-01	AbsError: 6.15324e+15
      Equation: "ElectronContinuityEquation"	RelError: 1.22218e-01	AbsError: 6.09135e+15
      Equation: "HoleContinuityEquation"	RelError: 3.31111e-01	AbsError: 6.18868e+13
      Equation: "PotentialEquation"	RelError: 1.16574e-02	AbsError: 2.52750e-04
    Region: "gate"	RelError: 1.59242e-05	AbsError: 7.68069e+14
      Equation: "ElectronContinuityEquation"	RelError: 7.76531e-06	AbsError: 7.68069e+14
      Equation: "HoleContinuityEquation"	RelError: 7.97295e-06	AbsError: 8.06079e-06
      Equation: "PotentialEquation"	RelError: 1.85901e-07	AbsError: 2.03709e-07
    Region: "oxide"	RelError: 3.27072e-04	AbsError: 2.52750e-04
      Equation: "PotentialEquation"	RelError: 3.27072e-04	AbsError: 2.52750e-04
Iteration: 2
  Device: "mos2d"	RelError: 3.42432e-04	AbsError: 7.55924e+12
    Region: "bulk"	RelError: 3.42200e-04	AbsError: 7.55924e+12
      Equation: "ElectronContinuityEquation"	RelError: 7.68110e-05	AbsError: 7.53347e+12
      Equation: "HoleContinuityEquation"	RelError: 2.60768e-04	AbsError: 2.57792e+10
      Equation: "PotentialEquation"	RelError: 4.62106e-06	AbsError: 1.77283e-07
    Region: "gate"	RelError: 8.35941e-09	AbsError: 4.11652e+11
      Equation: "ElectronContinuityEquation"	RelError: 4.16187e-09	AbsError: 4.11652e+11
      Equation: "HoleContinuityEquation"	RelError: 4.09995e-09	AbsError: 4.14511e-09
      Equation: "PotentialEquation"	RelError: 9.75984e-11	AbsError: 1.06947e-10
    Region: "oxide"	RelError: 2.24113e-07	AbsError: 1.77283e-07
      Equation: "PotentialEquation"	RelError: 2.24113e-07	AbsError: 1.77283e-07
Iteration: 3
  Device: "mos2d"	RelError: 1.39926e-09	AbsError: 8.86039e+06
    Region: "bulk"	RelError: 1.39913e-09	AbsError: 8.86039e+06
      Equation: "ElectronContinuityEquation"	RelError: 1.24252e-09	AbsError: 8.85589e+06
      Equation: "HoleContinuityEquation"	RelError: 1.55474e-10	AbsError: 4.49877e+03
      Equation: "PotentialEquation"	RelError: 1.12769e-12	AbsError: 1.07373e-13
    Region: "gate"	RelError: 3.48121e-15	AbsError: 1.67088e+05
      Equation: "ElectronContinuityEquation"	RelError: 1.68929e-15	AbsError: 1.67088e+05
      Equation: "HoleContinuityEquation"	RelError: 1.65038e-15	AbsError: 1.66857e-15
      Equation: "PotentialEquation"	RelError: 1.41542e-16	AbsError: 1.55101e-16
    Region: "oxide"	RelError: 1.35735e-13	AbsError: 1.07373e-13
      Equation: "PotentialEquation"	RelError: 1.35735e-13	AbsError: 1.07373e-13
Succeeded
IVPOINT	IDVD_VG1P0	5.00000000e-01	3.60000000e-01	3.82580212e-01
drain last end 3.600000e-01 2.000000e+00
number of equations 4346
Iteration: 0
  Device: "mos2d"	RelError: 2.33935e+01	AbsError: 1.64807e+17
    Region: "bulk"	RelError: 2.33735e+01	AbsError: 1.64807e+17
      Equation: "ElectronContinuityEquation"	RelError: 6.62439e-01	AbsError: 1.62426e+17
      Equation: "HoleContinuityEquation"	RelError: 1.79182e+00	AbsError: 2.38038e+15
      Equation: "PotentialEquation"	RelError: 2.09192e+01	AbsError: 2.00000e-02
    Region: "gate"	RelError: 8.90711e-04	AbsError: 4.35360e+16
      Equation: "ElectronContinuityEquation"	RelError: 4.39963e-04	AbsError: 4.35360e+16
      Equation: "HoleContinuityEquation"	RelError: 4.40350e-04	AbsError: 4.45006e-04
      Equation: "PotentialEquation"	RelError: 1.03982e-05	AbsError: 1.13944e-05
    Region: "oxide"	RelError: 1.91923e-02	AbsError: 1.64305e-02
      Equation: "PotentialEquation"	RelError: 1.91923e-02	AbsError: 1.64305e-02
Iteration: 1
  Device: "mos2d"	RelError: 4.86139e-01	AbsError: 6.47681e+15
    Region: "bulk"	RelError: 4.85819e-01	AbsError: 6.47681e+15
      Equation: "ElectronContinuityEquation"	RelError: 1.10684e-01	AbsError: 6.41627e+15
      Equation: "HoleContinuityEquation"	RelError: 3.22516e-01	AbsError: 6.05328e+13
      Equation: "PotentialEquation"	RelError: 5.26198e-02	AbsError: 2.43216e-04
    Region: "gate"	RelError: 1.54033e-05	AbsError: 7.43624e+14
      Equation: "ElectronContinuityEquation"	RelError: 7.51491e-06	AbsError: 7.43624e+14
      Equation: "HoleContinuityEquation"	RelError: 7.70853e-06	AbsError: 7.79009e-06
      Equation: "PotentialEquation"	RelError: 1.79818e-07	AbsError: 1.97045e-07
    Region: "oxide"	RelError: 3.04570e-04	AbsError: 2.43216e-04
      Equation: "PotentialEquation"	RelError: 3.04570e-04	AbsError: 2.43216e-04
Iteration: 2
  Device: "mos2d"	RelError: 3.46515e-04	AbsError: 7.30473e+12
    Region: "bulk"	RelError: 3.46314e-04	AbsError: 7.30473e+12
      Equation: "ElectronContinuityEquation"	RelError: 1.24701e-04	AbsError: 7.27880e+12
      Equation: "HoleContinuityEquation"	RelError: 2.09832e-04	AbsError: 2.59277e+10
      Equation: "PotentialEquation"	RelError: 1.17805e-05	AbsError: 1.55957e-07
    Region: "gate"	RelError: 7.42817e-09	AbsError: 3.66096e+11
      Equation: "ElectronContinuityEquation"	RelError: 3.69969e-09	AbsError: 3.66096e+11
      Equation: "HoleContinuityEquation"	RelError: 3.64175e-09	AbsError: 3.68028e-09
      Equation: "PotentialEquation"	RelError: 8.67251e-11	AbsError: 9.50335e-11
    Region: "oxide"	RelError: 1.94136e-07	AbsError: 1.55957e-07
      Equation: "PotentialEquation"	RelError: 1.94136e-07	AbsError: 1.55957e-07
Iteration: 3
  Device: "mos2d"	RelError: 1.26599e-09	AbsError: 7.76957e+06
    Region: "bulk"	RelError: 1.26589e-09	AbsError: 7.76957e+06
      Equation: "ElectronContinuityEquation"	RelError: 1.09034e-09	AbsError: 7.76496e+06
      Equation: "HoleContinuityEquation"	RelError: 1.66632e-10	AbsError: 4.60535e+03
      Equation: "PotentialEquation"	RelError: 8.91073e-12	AbsError: 8.55380e-14
    Region: "gate"	RelError: 2.53890e-15	AbsError: 1.33248e+05
      Equation: "ElectronContinuityEquation"	RelError: 1.34657e-15	AbsError: 1.33248e+05
      Equation: "HoleContinuityEquation"	RelError: 1.09100e-15	AbsError: 1.10254e-15
      Equation: "PotentialEquation"	RelError: 1.01328e-16	AbsError: 1.11063e-16
    Region: "oxide"	RelError: 1.03861e-13	AbsError: 8.55380e-14
      Equation: "PotentialEquation"	RelError: 1.03861e-13	AbsError: 8.55380e-14
Succeeded
IVPOINT	IDVD_VG1P0	5.00000000e-01	3.80000000e-01	3.90298466e-01
drain last end 3.800000e-01 2.000000e+00
number of equations 4346
Iteration: 0
  Device: "mos2d"	RelError: 4.38265e+00	AbsError: 1.56317e+17
    Region: "bulk"	RelError: 4.36330e+00	AbsError: 1.56317e+17
      Equation: "ElectronContinuityEquation"	RelError: 6.21031e-01	AbsError: 1.53970e+17
      Equation: "HoleContinuityEquation"	RelError: 1.71218e+00	AbsError: 2.34639e+15
      Equation: "PotentialEquation"	RelError: 2.03008e+00	AbsError: 2.00000e-02
    Region: "gate"	RelError: 8.60143e-04	AbsError: 4.21149e+16
      Equation: "ElectronContinuityEquation"	RelError: 4.24870e-04	AbsError: 4.21149e+16
      Equation: "HoleContinuityEquation"	RelError: 4.25232e-04	AbsError: 4.29548e-04
      Equation: "PotentialEquation"	RelError: 1.00413e-05	AbsError: 1.10034e-05
    Region: "oxide"	RelError: 1.84895e-02	AbsError: 1.61242e-02
      Equation: "PotentialEquation"	RelError: 1.84895e-02	AbsError: 1.61242e-02
Iteration: 1
  Device: "mos2d"	RelError: 4.42960e-01	AbsError: 6.71476e+15
    Region: "bulk"	RelError: 4.42662e-01	AbsError: 6.71476e+15
      Equation: "ElectronContinuityEquation"	RelError: 1.04190e-01	AbsError: 6.65629e+15
      Equation: "HoleContinuityEquation"	RelError: 3.13116e-01	AbsError: 5.84745e+13
      Equation: "PotentialEquation"	RelError: 2.53567e-02	AbsError: 2.30750e-04
    Region: "gate"	RelError: 1.46685e-05	AbsError: 7.08637e+14
      Equation: "ElectronContinuityEquation"	RelError: 7.15835e-06	AbsError: 7.08637e+14
      Equation: "HoleContinuityEquation"	RelError: 7.33891e-06	AbsError: 7.41346e-06
      Equation: "PotentialEquation"	RelError: 1.71239e-07	AbsError: 1.87646e-07
    Region: "oxide"	RelError: 2.83070e-04	AbsError: 2.30750e-04
      Equation: "PotentialEquation"	RelError: 2.83070e-04	AbsError: 2.30750e-04
Iteration: 2
  Device: "mos2d"	RelError: 4.05278e-04	AbsError: 7.20791e+12
    Region: "bulk"	RelError: 4.05093e-04	AbsError: 7.20791e+12
      Equation: "ElectronContinuityEquation"	RelError: 2.19270e-04	AbsError: 7.18254e+12
      Equation: "HoleContinuityEquation"	RelError: 1.75972e-04	AbsError: 2.53646e+10
      Equation: "PotentialEquation"	RelError: 9.85056e-06	AbsError: 1.49271e-07
    Region: "gate"	RelError: 6.52691e-09	AbsError: 3.21893e+11
      Equation: "ElectronContinuityEquation"	RelError: 3.25162e-09	AbsError: 3.21893e+11
      Equation: "HoleContinuityEquation"	RelError: 3.19908e-09	AbsError: 3.23158e-09
      Equation: "PotentialEquation"	RelError: 7.62022e-11	AbsError: 8.35034e-11
    Region: "oxide"	RelError: 1.78344e-07	AbsError: 1.49271e-07
      Equation: "PotentialEquation"	RelError: 1.78344e-07	AbsError: 1.49271e-07
Iteration: 3
  Device: "mos2d"	RelError: 6.02441e-10	AbsError: 7.03544e+06
    Region: "bulk"	RelError: 6.02352e-10	AbsError: 7.03544e+06
      Equation: "ElectronContinuityEquation"	RelError: 3.39519e-10	AbsError: 7.03096e+06
      Equation: "HoleContinuityEquation"	RelError: 2.59949e-10	AbsError: 4.48486e+03
      Equation: "PotentialEquation"	RelError: 2.88431e-12	AbsError: 7.23821e-14
    Region: "gate"	RelError: 2.55093e-15	AbsError: 1.16954e+05
      Equation: "ElectronContinuityEquation"	RelError: 1.17728e-15	AbsError: 1.16954e+05
      Equation: "HoleContinuityEquation"	RelError: 1.27168e-15	AbsError: 1.28009e-15
      Equation: "PotentialEquation"	RelError: 1.01966e-16	AbsError: 1.11762e-16
    Region: "oxide"	RelError: 8.64796e-14	AbsError: 7.23821e-14
      Equation: "PotentialEquation"	RelError: 8.64796e-14	AbsError: 7.23821e-14
Succeeded
IVPOINT	IDVD_VG1P0	5.00000000e-01	4.00000000e-01	3.97620458e-01
drain last end 4.000000e-01 2.000000e+00
number of equations 4346
Iteration: 0
  Device: "mos2d"	RelError: 4.49605e+00	AbsError: 1.46345e+17
    Region: "bulk"	RelError: 4.47742e+00	AbsError: 1.46345e+17
      Equation: "ElectronContinuityEquation"	RelError: 5.91637e-01	AbsError: 1.44043e+17
      Equation: "HoleContinuityEquation"	RelError: 1.59754e+00	AbsError: 2.30218e+15
      Equation: "PotentialEquation"	RelError: 2.28823e+00	AbsError: 2.00000e-02
    Region: "gate"	RelError: 8.37284e-04	AbsError: 4.11034e+16
      Equation: "ElectronContinuityEquation"	RelError: 4.13584e-04	AbsError: 4.11034e+16
      Equation: "HoleContinuityEquation"	RelError: 4.13926e-04	AbsError: 4.16494e-04
      Equation: "PotentialEquation"	RelError: 9.77353e-06	AbsError: 1.07110e-05
    Region: "oxide"	RelError: 1.77960e-02	AbsError: 1.57977e-02
      Equation: "PotentialEquation"	RelError: 1.77960e-02	AbsError: 1.57977e-02
Iteration: 1
  Device: "mos2d"	RelError: 4.03778e-01	AbsError: 6.78666e+15
    Region: "bulk"	RelError: 4.03505e-01	AbsError: 6.78666e+15
      Equation: "ElectronContinuityEquation"	RelError: 9.61529e-02	AbsError: 6.73076e+15
      Equation: "HoleContinuityEquation"	RelError: 2.95124e-01	AbsError: 5.58983e+13
      Equation: "PotentialEquation"	RelError: 1.22284e-02	AbsError: 2.17598e-04
    Region: "gate"	RelError: 1.37667e-05	AbsError: 6.65385e+14
      Equation: "ElectronContinuityEquation"	RelError: 6.71872e-06	AbsError: 6.65385e+14
      Equation: "HoleContinuityEquation"	RelError: 6.88731e-06	AbsError: 6.95445e-06
      Equation: "PotentialEquation"	RelError: 1.60711e-07	AbsError: 1.76110e-07
    Region: "oxide"	RelError: 2.59405e-04	AbsError: 2.17598e-04
      Equation: "PotentialEquation"	RelError: 2.59405e-04	AbsError: 2.17598e-04
Iteration: 2
  Device: "mos2d"	RelError: 5.56026e-04	AbsError: 6.43966e+12
    Region: "bulk"	RelError: 5.55856e-04	AbsError: 6.43966e+12
      Equation: "ElectronContinuityEquation"	RelError: 3.95000e-04	AbsError: 6.41553e+12
      Equation: "HoleContinuityEquation"	RelError: 1.58416e-04	AbsError: 2.41348e+10
      Equation: "PotentialEquation"	RelError: 2.43977e-06	AbsError: 1.38176e-07
    Region: "gate"	RelError: 6.56264e-09	AbsError: 3.23664e+11
      Equation: "ElectronContinuityEquation"	RelError: 3.25673e-09	AbsError: 3.23664e+11
      Equation: "HoleContinuityEquation"	RelError: 3.22930e-09	AbsError: 3.24935e-09
      Equation: "PotentialEquation"	RelError: 7.66097e-11	AbsError: 8.39577e-11
    Region: "oxide"	RelError: 1.62570e-07	AbsError: 1.38176e-07
      Equation: "PotentialEquation"	RelError: 1.62570e-07	AbsError: 1.38176e-07
Iteration: 3
  Device: "mos2d"	RelError: 1.79186e-09	AbsError: 5.28192e+06
    Region: "bulk"	RelError: 1.79178e-09	AbsError: 5.28192e+06
      Equation: "ElectronContinuityEquation"	RelError: 1.68862e-09	AbsError: 5.27781e+06
      Equation: "HoleContinuityEquation"	RelError: 1.02002e-10	AbsError: 4.11126e+03
      Equation: "PotentialEquation"	RelError: 1.15777e-12	AbsError: 6.48463e-14
    Region: "gate"	RelError: 2.92656e-15	AbsError: 1.51307e+05
      Equation: "ElectronContinuityEquation"	RelError: 1.52247e-15	AbsError: 1.51307e+05
      Equation: "HoleContinuityEquation"	RelError: 1.29985e-15	AbsError: 1.30792e-15
      Equation: "PotentialEquation"	RelError: 1.04247e-16	AbsError: 1.14262e-16
    Region: "oxide"	RelError: 7.43912e-14	AbsError: 6.48463e-14
      Equation: "PotentialEquation"	RelError: 7.43912e-14	AbsError: 6.48463e-14
Succeeded
IVPOINT	IDVD_VG1P0	5.00000000e-01	4.20000000e-01	4.04615152e-01
drain last end 4.200000e-01 2.000000e+00
number of equations 4346
Iteration: 0
  Device: "mos2d"	RelError: 4.89590e+00	AbsError: 1.34994e+17
    Region: "bulk"	RelError: 4.87797e+00	AbsError: 1.34994e+17
      Equation: "ElectronContinuityEquation"	RelError: 5.49653e-01	AbsError: 1.32746e+17
      Equation: "HoleContinuityEquation"	RelError: 1.46698e+00	AbsError: 2.24807e+15
      Equation: "PotentialEquation"	RelError: 2.86134e+00	AbsError: 2.00000e-02
    Region: "gate"	RelError: 8.16098e-04	AbsError: 4.00797e+16
      Equation: "ElectronContinuityEquation"	RelError: 4.03123e-04	AbsError: 4.00797e+16
      Equation: "HoleContinuityEquation"	RelError: 4.03449e-04	AbsError: 4.05790e-04
      Equation: "PotentialEquation"	RelError: 9.52614e-06	AbsError: 1.04399e-05
    Region: "oxide"	RelError: 1.71170e-02	AbsError: 1.54566e-02
      Equation: "PotentialEquation"	RelError: 1.71170e-02	AbsError: 1.54566e-02
Iteration: 1
  Device: "mos2d"	RelError: 3.77295e-01	AbsError: 6.75706e+15
    Region: "bulk"	RelError: 3.77043e-01	AbsError: 6.75706e+15
      Equation: "ElectronContinuityEquation"	RelError: 9.04165e-02	AbsError: 6.70322e+15
      Equation: "HoleContinuityEquation"	RelError: 2.78152e-01	AbsError: 5.38470e+13
      Equation: "PotentialEquation"	RelError: 8.47443e-03	AbsError: 2.06610e-04
    Region: "gate"	RelError: 1.27432e-05	AbsError: 6.16073e+14
      Equation: "ElectronContinuityEquation"	RelError: 6.21836e-06	AbsError: 6.16073e+14
      Equation: "HoleContinuityEquation"	RelError: 6.37610e-06	AbsError: 6.43575e-06
      Equation: "PotentialEquation"	RelError: 1.48761e-07	AbsError: 1.63017e-07
    Region: "oxide"	RelError: 2.39550e-04	AbsError: 2.06610e-04
      Equation: "PotentialEquation"	RelError: 2.39550e-04	AbsError: 2.06610e-04
Iteration: 2
  Device: "mos2d"	RelError: 8.50680e-04	AbsError: 6.69944e+12
    Region: "bulk"	RelError: 8.50524e-04	AbsError: 6.69944e+12
      Equation: "ElectronContinuityEquation"	RelError: 6.94479e-04	AbsError: 6.67711e+12
      Equation: "HoleContinuityEquation"	RelError: 1.54658e-04	AbsError: 2.23314e+10
      Equation: "PotentialEquation"	RelError: 1.38638e-06	AbsError: 1.32741e-07
    Region: "gate"	RelError: 6.93062e-09	AbsError: 3.41856e+11
      Equation: "ElectronContinuityEquation"	RelError: 3.43841e-09	AbsError: 3.41856e+11
      Equation: "HoleContinuityEquation"	RelError: 3.41131e-09	AbsError: 3.43112e-09
      Equation: "PotentialEquation"	RelError: 8.09043e-11	AbsError: 8.86651e-11
    Region: "oxide"	RelError: 1.49567e-07	AbsError: 1.32741e-07
      Equation: "PotentialEquation"	RelError: 1.49567e-07	AbsError: 1.32741e-07
Iteration: 3
  Device: "mos2d"	RelError: 2.48278e-09	AbsError: 7.00406e+06
    Region: "bulk"	RelError: 2.48267e-09	AbsError: 7.00406e+06
      Equation: "ElectronContinuityEquation"	RelError: 2.13042e-09	AbsError: 7.00048e+06
      Equation: "HoleContinuityEquation"	RelError: 3.51510e-10	AbsError: 3.58112e+03
      Equation: "PotentialEquation"	RelError: 7.36880e-13	AbsError: 9.49229e-14
    Region: "gate"	RelError: 4.61317e-15	AbsError: 2.18822e+05
      Equation: "ElectronContinuityEquation"	RelError: 2.20093e-15	AbsError: 2.18822e+05
      Equation: "HoleContinuityEquation"	RelError: 2.31080e-15	AbsError: 2.32422e-15
      Equation: "PotentialEquation"	RelError: 1.01442e-16	AbsError: 1.11188e-16
    Region: "oxide"	RelError: 1.05140e-13	AbsError: 9.49229e-14
      Equation: "PotentialEquation"	RelError: 1.05140e-13	AbsError: 9.49229e-14
Succeeded
IVPOINT	IDVD_VG1P0	5.00000000e-01	4.40000000e-01	4.11338071e-01
drain last end 4.400000e-01 2.000000e+00
number of equations 4346
Iteration: 0
  Device: "mos2d"	RelError: 9.29151e+00	AbsError: 1.22554e+17
    Region: "bulk"	RelError: 9.27426e+00	AbsError: 1.22554e+17
      Equation: "ElectronContinuityEquation"	RelError: 5.08133e-01	AbsError: 1.20332e+17
      Equation: "HoleContinuityEquation"	RelError: 1.42085e+00	AbsError: 2.22167e+15
      Equation: "PotentialEquation"	RelError: 7.34528e+00	AbsError: 2.00000e-02
    Region: "gate"	RelError: 7.95107e-04	AbsError: 3.90644e+16
      Equation: "ElectronContinuityEquation"	RelError: 3.92759e-04	AbsError: 3.90644e+16
      Equation: "HoleContinuityEquation"	RelError: 3.93068e-04	AbsError: 3.95195e-04
      Equation: "PotentialEquation"	RelError: 9.28104e-06	AbsError: 1.01714e-05
    Region: "oxide"	RelError: 1.64589e-02	AbsError: 1.51081e-02
      Equation: "PotentialEquation"	RelError: 1.64589e-02	AbsError: 1.51081e-02
Iteration: 1
  Device: "mos2d"	RelError: 3.67026e-01	AbsError: 6.65220e+15
    Region: "bulk"	RelError: 3.66794e-01	AbsError: 6.65220e+15
      Equation: "ElectronContinuityEquation"	RelError: 8.27690e-02	AbsError: 6.60097e+15
      Equation: "HoleContinuityEquation"	RelError: 2.61481e-01	AbsError: 5.12310e+13
      Equation: "PotentialEquation"	RelError: 2.25439e-02	AbsError: 1.92156e-04
    Region: "gate"	RelError: 1.16393e-05	AbsError: 5.62718e+14
      Equation: "ElectronContinuityEquation"	RelError: 5.67767e-06	AbsError: 5.62718e+14
      Equation: "HoleContinuityEquation"	RelError: 5.82571e-06	AbsError: 5.87798e-06
      Equation: "PotentialEquation"	RelError: 1.35872e-07	AbsError: 1.48895e-07
    Region: "oxide"	RelError: 2.19697e-04	AbsError: 1.92156e-04
      Equation: "PotentialEquation"	RelError: 2.19697e-04	AbsError: 1.92156e-04
Iteration: 2
  Device: "mos2d"	RelError: 1.29771e-03	AbsError: 7.87762e+12
    Region: "bulk"	RelError: 1.29756e-03	AbsError: 7.87762e+12
      Equation: "ElectronContinuityEquation"	RelError: 1.14548e-03	AbsError: 7.85753e+12
      Equation: "HoleContinuityEquation"	RelError: 1.46824e-04	AbsError: 2.00878e+10
      Equation: "PotentialEquation"	RelError: 5.25320e-06	AbsError: 1.36888e-07
    Region: "gate"	RelError: 7.01030e-09	AbsError: 3.45835e+11
      Equation: "ElectronContinuityEquation"	RelError: 3.47709e-09	AbsError: 3.45835e+11
      Equation: "HoleContinuityEquation"	RelError: 3.45138e-09	AbsError: 3.47008e-09
      Equation: "PotentialEquation"	RelError: 8.18332e-11	AbsError: 8.96839e-11
    Region: "oxide"	RelError: 1.49155e-07	AbsError: 1.36888e-07
      Equation: "PotentialEquation"	RelError: 1.49155e-07	AbsError: 1.36888e-07
Iteration: 3
  Device: "mos2d"	RelError: 4.35170e-09	AbsError: 1.01643e+07
    Region: "bulk"	RelError: 4.35156e-09	AbsError: 1.01643e+07
      Equation: "ElectronContinuityEquation"	RelError: 4.08106e-09	AbsError: 1.01613e+07
      Equation: "HoleContinuityEquation"	RelError: 2.69509e-10	AbsError: 2.98039e+03
      Equation: "PotentialEquation"	RelError: 9.94668e-13	AbsError: 1.24632e-13
    Region: "gate"	RelError: 5.51565e-15	AbsError: 2.64374e+05
      Equation: "ElectronContinuityEquation"	RelError: 2.65807e-15	AbsError: 2.64374e+05
      Equation: "HoleContinuityEquation"	RelError: 2.72652e-15	AbsError: 2.74129e-15
      Equation: "PotentialEquation"	RelError: 1.31063e-16	AbsError: 1.43637e-16
    Region: "oxide"	RelError: 1.35800e-13	AbsError: 1.24632e-13
      Equation: "PotentialEquation"	RelError: 1.35800e-13	AbsError: 1.24632e-13
Succeeded
IVPOINT	IDVD_VG1P0	5.00000000e-01	4.60000000e-01	4.17834044e-01
drain last end 4.600000e-01 2.000000e+00
number of equations 4346
Iteration: 0
  Device: "mos2d"	RelError: 3.38816e+00	AbsError: 1.09384e+17
    Region: "bulk"	RelError: 3.37155e+00	AbsError: 1.09384e+17
      Equation: "ElectronContinuityEquation"	RelError: 4.96479e-01	AbsError: 1.07192e+17
      Equation: "HoleContinuityEquation"	RelError: 1.37238e+00	AbsError: 2.19229e+15
      Equation: "PotentialEquation"	RelError: 1.50269e+00	AbsError: 2.00000e-02
    Region: "gate"	RelError: 7.74738e-04	AbsError: 3.80784e+16
      Equation: "ElectronContinuityEquation"	RelError: 3.82701e-04	AbsError: 3.80784e+16
      Equation: "HoleContinuityEquation"	RelError: 3.82994e-04	AbsError: 3.84922e-04
      Equation: "PotentialEquation"	RelError: 9.04319e-06	AbsError: 9.91084e-06
    Region: "oxide"	RelError: 1.58288e-02	AbsError: 1.47606e-02
      Equation: "PotentialEquation"	RelError: 1.58288e-02	AbsError: 1.47606e-02
Iteration: 1
  Device: "mos2d"	RelError: 3.29225e-01	AbsError: 6.75125e+15
    Region: "bulk"	RelError: 3.29016e-01	AbsError: 6.75125e+15
      Equation: "ElectronContinuityEquation"	RelError: 7.28287e-02	AbsError: 6.70310e+15
      Equation: "HoleContinuityEquation"	RelError: 2.51481e-01	AbsError: 4.81539e+13
      Equation: "PotentialEquation"	RelError: 4.70664e-03	AbsError: 1.77720e-04
    Region: "gate"	RelError: 1.04924e-05	AbsError: 5.07160e+14
      Equation: "ElectronContinuityEquation"	RelError: 5.11522e-06	AbsError: 5.07160e+14
      Equation: "HoleContinuityEquation"	RelError: 5.25470e-06	AbsError: 5.29989e-06
      Equation: "PotentialEquation"	RelError: 1.22483e-07	AbsError: 1.34224e-07
    Region: "oxide"	RelError: 1.97707e-04	AbsError: 1.77480e-04
      Equation: "PotentialEquation"	RelError: 1.97707e-04	AbsError: 1.77480e-04
Iteration: 2
  Device: "mos2d"	RelError: 1.87550e-03	AbsError: 8.54903e+12
    Region: "bulk"	RelError: 1.87535e-03	AbsError: 8.54903e+12
      Equation: "ElectronContinuityEquation"	RelError: 1.71781e-03	AbsError: 8.53147e+12
      Equation: "HoleContinuityEquation"	RelError: 1.56613e-04	AbsError: 1.75627e+10
      Equation: "PotentialEquation"	RelError: 9.26196e-07	AbsError: 1.37552e-07
    Region: "gate"	RelError: 6.74120e-09	AbsError: 3.32618e+11
      Equation: "ElectronContinuityEquation"	RelError: 3.34294e-09	AbsError: 3.32618e+11
      Equation: "HoleContinuityEquation"	RelError: 3.31957e-09	AbsError: 3.33630e-09
      Equation: "PotentialEquation"	RelError: 7.86912e-11	AbsError: 8.62412e-11
    Region: "oxide"	RelError: 1.47534e-07	AbsError: 1.37552e-07
      Equation: "PotentialEquation"	RelError: 1.47534e-07	AbsError: 1.37552e-07
Iteration: 3
  Device: "mos2d"	RelError: 3.75195e-09	AbsError: 1.16737e+07
    Region: "bulk"	RelError: 3.75180e-09	AbsError: 1.16737e+07
      Equation: "ElectronContinuityEquation"	RelError: 3.38168e-09	AbsError: 1.16714e+07
      Equation: "HoleContinuityEquation"	RelError: 3.69523e-10	AbsError: 2.32584e+03
      Equation: "PotentialEquation"	RelError: 5.95274e-13	AbsError: 1.37463e-13
    Region: "gate"	RelError: 6.05240e-15	AbsError: 2.91404e+05
      Equation: "ElectronContinuityEquation"	RelError: 2.92872e-15	AbsError: 2.91404e+05
      Equation: "HoleContinuityEquation"	RelError: 3.02237e-15	AbsError: 3.03759e-15
      Equation: "PotentialEquation"	RelError: 1.01313e-16	AbsError: 1.11047e-16
    Region: "oxide"	RelError: 1.47437e-13	AbsError: 1.37463e-13
      Equation: "PotentialEquation"	RelError: 1.47437e-13	AbsError: 1.37463e-13
Succeeded
IVPOINT	IDVD_VG1P0	5.00000000e-01	4.80000000e-01	4.24139487e-01
drain last end 4.800000e-01 2.000000e+00
number of equations 4346
Iteration: 0
  Device: "mos2d"	RelError: 1.28283e+01	AbsError: 9.59595e+16
    Region: "bulk"	RelError: 1.28123e+01	AbsError: 9.59595e+16
      Equation: "ElectronContinuityEquation"	RelError: 4.86782e-01	AbsError: 9.38038e+16
      Equation: "HoleContinuityEquation"	RelError: 1.34233e+00	AbsError: 2.15571e+15
      Equation: "PotentialEquation"	RelError: 1.09832e+01	AbsError: 2.00000e-02
    Region: "gate"	RelError: 7.55388e-04	AbsError: 3.71414e+16
      Equation: "ElectronContinuityEquation"	RelError: 3.73146e-04	AbsError: 3.71414e+16
      Equation: "HoleContinuityEquation"	RelError: 3.73424e-04	AbsError: 3.75166e-04
      Equation: "PotentialEquation"	RelError: 8.81725e-06	AbsError: 9.66330e-06
    Region: "oxide"	RelError: 1.52335e-02	AbsError: 1.44226e-02
      Equation: "PotentialEquation"	RelError: 1.52335e-02	AbsError: 1.44226e-02
Iteration: 1
  Device: "mos2d"	RelError: 3.50756e-01	AbsError: 6.66059e+15
    Region: "bulk"	RelError: 3.50569e-01	AbsError: 6.66059e+15
      Equation: "ElectronContinuityEquation"	RelError: 6.91391e-02	AbsError: 6.61585e+15
      Equation: "HoleContinuityEquation"	RelError: 2.45883e-01	AbsError: 4.47312e+13
      Equation: "PotentialEquation"	RelError: 3.55470e-02	AbsError: 1.65903e-04
    Region: "gate"	RelError: 9.33769e-06	AbsError: 4.51118e+14
      Equation: "ElectronContinuityEquation"	RelError: 4.54835e-06	AbsError: 4.51118e+14
      Equation: "HoleContinuityEquation"	RelError: 4.68034e-06	AbsError: 4.71890e-06
      Equation: "PotentialEquation"	RelError: 1.09003e-07	AbsError: 1.19452e-07
    Region: "oxide"	RelError: 1.77699e-04	AbsError: 1.65368e-04
      Equation: "PotentialEquation"	RelError: 1.77699e-04	AbsError: 1.65368e-04
Iteration: 2
  Device: "mos2d"	RelError: 2.52469e-03	AbsError: 8.42286e+12
    Region: "bulk"	RelError: 2.52455e-03	AbsError: 8.42286e+12
      Equation: "ElectronContinuityEquation"	RelError: 2.29345e-03	AbsError: 8.40727e+12
      Equation: "HoleContinuityEquation"	RelError: 2.29273e-04	AbsError: 1.55888e+10
      Equation: "PotentialEquation"	RelError: 1.82622e-06	AbsError: 1.28955e-07
    Region: "gate"	RelError: 6.12802e-09	AbsError: 3.02430e+11
      Equation: "ElectronContinuityEquation"	RelError: 3.03842e-09	AbsError: 3.02430e+11
      Equation: "HoleContinuityEquation"	RelError: 3.01807e-09	AbsError: 3.03216e-09
      Equation: "PotentialEquation"	RelError: 7.15327e-11	AbsError: 7.83966e-11
    Region: "oxide"	RelError: 1.36228e-07	AbsError: 1.28955e-07
      Equation: "PotentialEquation"	RelError: 1.36228e-07	AbsError: 1.28955e-07
Iteration: 3
  Device: "mos2d"	RelError: 4.66100e-09	AbsError: 1.10491e+07
    Region: "bulk"	RelError: 4.66086e-09	AbsError: 1.10491e+07
      Equation: "ElectronContinuityEquation"	RelError: 3.99685e-09	AbsError: 1.10473e+07
      Equation: "HoleContinuityEquation"	RelError: 6.57171e-10	AbsError: 1.82136e+03
      Equation: "PotentialEquation"	RelError: 6.83610e-12	AbsError: 1.27996e-13
    Region: "gate"	RelError: 5.58095e-15	AbsError: 2.74643e+05
      Equation: "ElectronContinuityEquation"	RelError: 2.75925e-15	AbsError: 2.74643e+05
      Equation: "HoleContinuityEquation"	RelError: 2.72027e-15	AbsError: 2.73296e-15
      Equation: "PotentialEquation"	RelError: 1.01438e-16	AbsError: 1.11184e-16
    Region: "oxide"	RelError: 1.35216e-13	AbsError: 1.27996e-13
      Equation: "PotentialEquation"	RelError: 1.35216e-13	AbsError: 1.27996e-13
Succeeded
IVPOINT	IDVD_VG1P0	5.00000000e-01	5.00000000e-01	4.30284197e-01
drain last end 5.000000e-01 2.000000e+00
number of equations 4346
Iteration: 0
  Device: "mos2d"	RelError: 5.09821e+01	AbsError: 8.27842e+16
    Region: "bulk"	RelError: 5.09666e+01	AbsError: 8.27842e+16
      Equation: "ElectronContinuityEquation"	RelError: 4.75678e-01	AbsError: 8.06721e+16
      Equation: "HoleContinuityEquation"	RelError: 1.33547e+00	AbsError: 2.11210e+15
      Equation: "PotentialEquation"	RelError: 4.91555e+01	AbsError: 2.00000e-02
    Region: "gate"	RelError: 7.37395e-04	AbsError: 3.62701e+16
      Equation: "ElectronContinuityEquation"	RelError: 3.64261e-04	AbsError: 3.62701e+16
      Equation: "HoleContinuityEquation"	RelError: 3.64527e-04	AbsError: 3.66095e-04
      Equation: "PotentialEquation"	RelError: 8.60716e-06	AbsError: 9.43313e-06
    Region: "oxide"	RelError: 1.46788e-02	AbsError: 1.41020e-02
      Equation: "PotentialEquation"	RelError: 1.46788e-02	AbsError: 1.41020e-02
Iteration: 1
  Device: "mos2d"	RelError: 4.15587e-01	AbsError: 6.33978e+15
    Region: "bulk"	RelError: 4.15418e-01	AbsError: 6.33978e+15
      Equation: "ElectronContinuityEquation"	RelError: 6.73028e-02	AbsError: 6.29265e+15
      Equation: "HoleContinuityEquation"	RelError: 2.42406e-01	AbsError: 4.71313e+13
      Equation: "PotentialEquation"	RelError: 1.05710e-01	AbsError: 1.51524e-04
    Region: "gate"	RelError: 8.34100e-06	AbsError: 4.03806e+14
      Equation: "ElectronContinuityEquation"	RelError: 4.05545e-06	AbsError: 4.03806e+14
      Equation: "HoleContinuityEquation"	RelError: 4.18820e-06	AbsError: 4.20623e-06
      Equation: "PotentialEquation"	RelError: 9.73591e-08	AbsError: 1.06702e-07
    Region: "oxide"	RelError: 1.60008e-04	AbsError: 1.51268e-04
      Equation: "PotentialEquation"	RelError: 1.60008e-04	AbsError: 1.51268e-04
Iteration: 2
  Device: "mos2d"	RelError: 3.02500e-03	AbsError: 7.61073e+12
    Region: "bulk"	RelError: 3.02488e-03	AbsError: 7.61073e+12
      Equation: "ElectronContinuityEquation"	RelError: 2.70189e-03	AbsError: 7.59261e+12
      Equation: "HoleContinuityEquation"	RelError: 3.09347e-04	AbsError: 1.81264e+10
      Equation: "PotentialEquation"	RelError: 1.36478e-05	AbsError: 1.12932e-07
    Region: "gate"	RelError: 5.25212e-09	AbsError: 2.59274e+11
      Equation: "ElectronContinuityEquation"	RelError: 2.60390e-09	AbsError: 2.59274e+11
      Equation: "HoleContinuityEquation"	RelError: 2.58691e-09	AbsError: 2.59805e-09
      Equation: "PotentialEquation"	RelError: 6.13079e-11	AbsError: 6.71913e-11
    Region: "oxide"	RelError: 1.17569e-07	AbsError: 1.12932e-07
      Equation: "PotentialEquation"	RelError: 1.17569e-07	AbsError: 1.12932e-07
Iteration: 3
  Device: "mos2d"	RelError: 7.53946e-09	AbsError: 8.80073e+06
    Region: "bulk"	RelError: 7.53935e-09	AbsError: 8.80073e+06
      Equation: "ElectronContinuityEquation"	RelError: 6.16995e-09	AbsError: 8.79824e+06
      Equation: "HoleContinuityEquation"	RelError: 1.36847e-09	AbsError: 2.49519e+03
      Equation: "PotentialEquation"	RelError: 9.33567e-13	AbsError: 1.01284e-13
    Region: "gate"	RelError: 4.29694e-15	AbsError: 2.21583e+05
      Equation: "ElectronContinuityEquation"	RelError: 2.22537e-15	AbsError: 2.21583e+05
      Equation: "HoleContinuityEquation"	RelError: 1.97025e-15	AbsError: 1.97874e-15
      Equation: "PotentialEquation"	RelError: 1.01312e-16	AbsError: 1.11045e-16
    Region: "oxide"	RelError: 1.05443e-13	AbsError: 1.01284e-13
      Equation: "PotentialEquation"	RelError: 1.05443e-13	AbsError: 1.01284e-13
Succeeded
IVPOINT	IDVD_VG1P0	5.00000000e-01	5.20000000e-01	4.36292740e-01
drain last end 5.200000e-01 2.000000e+00
number of equations 4346
Iteration: 0
  Device: "mos2d"	RelError: 2.78179e+00	AbsError: 7.03160e+16
    Region: "bulk"	RelError: 2.76690e+00	AbsError: 7.03160e+16
      Equation: "ElectronContinuityEquation"	RelError: 4.70037e-01	AbsError: 6.82544e+16
      Equation: "HoleContinuityEquation"	RelError: 1.31900e+00	AbsError: 2.06167e+15
      Equation: "PotentialEquation"	RelError: 9.77862e-01	AbsError: 2.00000e-02
    Region: "gate"	RelError: 7.21005e-04	AbsError: 3.54767e+16
      Equation: "ElectronContinuityEquation"	RelError: 3.56168e-04	AbsError: 3.54767e+16
      Equation: "HoleContinuityEquation"	RelError: 3.56422e-04	AbsError: 3.57829e-04
      Equation: "PotentialEquation"	RelError: 8.41579e-06	AbsError: 9.22347e-06
    Region: "oxide"	RelError: 1.41685e-02	AbsError: 1.38053e-02
      Equation: "PotentialEquation"	RelError: 1.41685e-02	AbsError: 1.38053e-02
Iteration: 1
  Device: "mos2d"	RelError: 3.08150e-01	AbsError: 5.83041e+15
    Region: "bulk"	RelError: 3.08001e-01	AbsError: 5.83041e+15
      Equation: "ElectronContinuityEquation"	RelError: 6.52501e-02	AbsError: 5.78111e+15
      Equation: "HoleContinuityEquation"	RelError: 2.40460e-01	AbsError: 4.92927e+13
      Equation: "PotentialEquation"	RelError: 2.29059e-03	AbsError: 1.36820e-04
    Region: "gate"	RelError: 7.47597e-06	AbsError: 3.61661e+14
      Equation: "ElectronContinuityEquation"	RelError: 3.63090e-06	AbsError: 3.61661e+14
      Equation: "HoleContinuityEquation"	RelError: 3.75782e-06	AbsError: 3.77267e-06
      Equation: "PotentialEquation"	RelError: 8.72614e-08	AbsError: 9.56361e-08
    Region: "oxide"	RelError: 1.41458e-04	AbsError: 1.36820e-04
      Equation: "PotentialEquation"	RelError: 1.41458e-04	AbsError: 1.36820e-04
Iteration: 2
  Device: "mos2d"	RelError: 3.18594e-03	AbsError: 6.35669e+12
    Region: "bulk"	RelError: 3.18584e-03	AbsError: 6.35669e+12
      Equation: "ElectronContinuityEquation"	RelError: 2.81143e-03	AbsError: 6.33640e+12
      Equation: "HoleContinuityEquation"	RelError: 3.74131e-04	AbsError: 2.02871e+10
      Equation: "PotentialEquation"	RelError: 2.84403e-07	AbsError: 9.27279e-08
    Region: "gate"	RelError: 4.24755e-09	AbsError: 2.09752e+11
      Equation: "ElectronContinuityEquation"	RelError: 2.10581e-09	AbsError: 2.09752e+11
      Equation: "HoleContinuityEquation"	RelError: 2.09216e-09	AbsError: 2.10043e-09
      Equation: "PotentialEquation"	RelError: 4.95812e-11	AbsError: 5.43397e-11
    Region: "oxide"	RelError: 9.51810e-08	AbsError: 9.27279e-08
      Equation: "PotentialEquation"	RelError: 9.51810e-08	AbsError: 9.27279e-08
Iteration: 3
  Device: "mos2d"	RelError: 8.36741e-09	AbsError: 5.99056e+06
    Region: "bulk"	RelError: 8.36734e-09	AbsError: 5.99056e+06
      Equation: "ElectronContinuityEquation"	RelError: 6.62439e-09	AbsError: 5.98741e+06
      Equation: "HoleContinuityEquation"	RelError: 1.74274e-09	AbsError: 3.14663e+03
      Equation: "PotentialEquation"	RelError: 2.07924e-13	AbsError: 6.88411e-14
    Region: "gate"	RelError: 3.26206e-15	AbsError: 1.43414e+05
      Equation: "ElectronContinuityEquation"	RelError: 1.43980e-15	AbsError: 1.43414e+05
      Equation: "HoleContinuityEquation"	RelError: 1.72095e-15	AbsError: 1.72775e-15
      Equation: "PotentialEquation"	RelError: 1.01313e-16	AbsError: 1.11047e-16
    Region: "oxide"	RelError: 7.06622e-14	AbsError: 6.88411e-14
      Equation: "PotentialEquation"	RelError: 7.06622e-14	AbsError: 6.88411e-14
Succeeded
IVPOINT	IDVD_VG1P0	5.00000000e-01	5.40000000e-01	4.42185487e-01
drain last end 5.400000e-01 2.000000e+00
number of equations 4346
Iteration: 0
  Device: "mos2d"	RelError: 2.26291e+00	AbsError: 5.89204e+16
    Region: "bulk"	RelError: 2.24850e+00	AbsError: 5.89204e+16
      Equation: "ElectronContinuityEquation"	RelError: 4.67713e-01	AbsError: 5.69059e+16
      Equation: "HoleContinuityEquation"	RelError: 1.28579e+00	AbsError: 2.01449e+15
      Equation: "PotentialEquation"	RelError: 4.94998e-01	AbsError: 2.00000e-02
    Region: "gate"	RelError: 7.06358e-04	AbsError: 3.47683e+16
      Equation: "ElectronContinuityEquation"	RelError: 3.48935e-04	AbsError: 3.47683e+16
      Equation: "HoleContinuityEquation"	RelError: 3.49178e-04	AbsError: 3.50436e-04
      Equation: "PotentialEquation"	RelError: 8.24475e-06	AbsError: 9.03609e-06
    Region: "oxide"	RelError: 1.37045e-02	AbsError: 1.35368e-02
      Equation: "PotentialEquation"	RelError: 1.37045e-02	AbsError: 1.35368e-02
Iteration: 1
  Device: "mos2d"	RelError: 3.01374e-01	AbsError: 5.19685e+15
    Region: "bulk"	RelError: 3.01244e-01	AbsError: 5.19685e+15
      Equation: "ElectronContinuityEquation"	RelError: 6.39713e-02	AbsError: 5.14597e+15
      Equation: "HoleContinuityEquation"	RelError: 2.36136e-01	AbsError: 5.08780e+13
      Equation: "PotentialEquation"	RelError: 1.13663e-03	AbsError: 1.21724e-04
    Region: "gate"	RelError: 6.58714e-06	AbsError: 3.18275e+14
      Equation: "ElectronContinuityEquation"	RelError: 3.19422e-06	AbsError: 3.18275e+14
      Equation: "HoleContinuityEquation"	RelError: 3.31604e-06	AbsError: 3.32799e-06
      Equation: "PotentialEquation"	RelError: 7.68861e-08	AbsError: 8.42658e-08
    Region: "oxide"	RelError: 1.23247e-04	AbsError: 1.21724e-04
      Equation: "PotentialEquation"	RelError: 1.23247e-04	AbsError: 1.21724e-04
Iteration: 2
  Device: "mos2d"	RelError: 3.01221e-03	AbsError: 4.94847e+12
    Region: "bulk"	RelError: 3.01214e-03	AbsError: 4.94847e+12
      Equation: "ElectronContinuityEquation"	RelError: 2.60245e-03	AbsError: 4.92653e+12
      Equation: "HoleContinuityEquation"	RelError: 4.09481e-04	AbsError: 2.19466e+10
      Equation: "PotentialEquation"	RelError: 2.05646e-07	AbsError: 7.18271e-08
    Region: "gate"	RelError: 3.25506e-09	AbsError: 1.60803e+11
      Equation: "ElectronContinuityEquation"	RelError: 1.61383e-09	AbsError: 1.60803e+11
      Equation: "HoleContinuityEquation"	RelError: 1.60323e-09	AbsError: 1.60901e-09
      Equation: "PotentialEquation"	RelError: 3.79959e-11	AbsError: 4.16428e-11
    Region: "oxide"	RelError: 7.27258e-08	AbsError: 7.18271e-08
      Equation: "PotentialEquation"	RelError: 7.27258e-08	AbsError: 7.18271e-08
Iteration: 3
  Device: "mos2d"	RelError: 4.22575e-09	AbsError: 3.53633e+06
    Region: "bulk"	RelError: 4.22571e-09	AbsError: 3.53633e+06
      Equation: "ElectronContinuityEquation"	RelError: 3.29066e-09	AbsError: 3.53269e+06
      Equation: "HoleContinuityEquation"	RelError: 9.34967e-10	AbsError: 3.64813e+03
      Equation: "PotentialEquation"	RelError: 8.21607e-14	AbsError: 4.06900e-14
    Region: "gate"	RelError: 1.68570e-15	AbsError: 8.03736e+04
      Equation: "ElectronContinuityEquation"	RelError: 8.06633e-16	AbsError: 8.03736e+04
      Equation: "HoleContinuityEquation"	RelError: 7.77738e-16	AbsError: 7.80541e-16
      Equation: "PotentialEquation"	RelError: 1.01333e-16	AbsError: 1.11049e-16
    Region: "oxide"	RelError: 4.11991e-14	AbsError: 4.06900e-14
      Equation: "PotentialEquation"	RelError: 4.11991e-14	AbsError: 4.06900e-14
Succeeded
IVPOINT	IDVD_VG1P0	5.00000000e-01	5.60000000e-01	4.47979409e-01
drain last end 5.600000e-01 2.000000e+00
number of equations 4346
Iteration: 0
  Device: "mos2d"	RelError: 2.36353e+00	AbsError: 4.88184e+16
    Region: "bulk"	RelError: 2.34955e+00	AbsError: 4.88184e+16
      Equation: "ElectronContinuityEquation"	RelError: 4.65047e-01	AbsError: 4.68509e+16
      Equation: "HoleContinuityEquation"	RelError: 1.24874e+00	AbsError: 1.96750e+15
      Equation: "PotentialEquation"	RelError: 6.35759e-01	AbsError: 2.00000e-02
    Region: "gate"	RelError: 6.93483e-04	AbsError: 3.41463e+16
      Equation: "ElectronContinuityEquation"	RelError: 3.42577e-04	AbsError: 3.41463e+16
      Equation: "HoleContinuityEquation"	RelError: 3.42812e-04	AbsError: 3.43929e-04
      Equation: "PotentialEquation"	RelError: 8.09441e-06	AbsError: 8.87139e-06
    Region: "oxide"	RelError: 1.32861e-02	AbsError: 1.32986e-02
      Equation: "PotentialEquation"	RelError: 1.32861e-02	AbsError: 1.32986e-02
Iteration: 1
  Device: "mos2d"	RelError: 2.93301e-01	AbsError: 4.50656e+15
    Region: "bulk"	RelError: 2.93188e-01	AbsError: 4.50656e+15
      Equation: "ElectronContinuityEquation"	RelError: 6.30829e-02	AbsError: 4.45442e+15
      Equation: "HoleContinuityEquation"	RelError: 2.28827e-01	AbsError: 5.21421e+13
      Equation: "PotentialEquation"	RelError: 1.27806e-03	AbsError: 1.06445e-04
    Region: "gate"	RelError: 5.72255e-06	AbsError: 2.76016e+14
      Equation: "ElectronContinuityEquation"	RelError: 2.76917e-06	AbsError: 2.76016e+14
      Equation: "HoleContinuityEquation"	RelError: 2.88659e-06	AbsError: 2.89601e-06
      Equation: "PotentialEquation"	RelError: 6.67939e-08	AbsError: 7.32055e-08
    Region: "oxide"	RelError: 1.06356e-04	AbsError: 1.06445e-04
      Equation: "PotentialEquation"	RelError: 1.06356e-04	AbsError: 1.06445e-04
Iteration: 2
  Device: "mos2d"	RelError: 3.29546e-03	AbsError: 3.62096e+12
    Region: "bulk"	RelError: 3.29540e-03	AbsError: 3.62096e+12
      Equation: "ElectronContinuityEquation"	RelError: 2.87927e-03	AbsError: 3.59795e+12
      Equation: "HoleContinuityEquation"	RelError: 4.15895e-04	AbsError: 2.30088e+10
      Equation: "PotentialEquation"	RelError: 2.40177e-07	AbsError: 5.29266e-08
    Region: "gate"	RelError: 2.38080e-09	AbsError: 1.17666e+11
      Equation: "ElectronContinuityEquation"	RelError: 1.18050e-09	AbsError: 1.17666e+11
      Equation: "HoleContinuityEquation"	RelError: 1.17250e-09	AbsError: 1.17633e-09
      Equation: "PotentialEquation"	RelError: 2.77908e-11	AbsError: 3.04585e-11
    Region: "oxide"	RelError: 5.28824e-08	AbsError: 5.29266e-08
      Equation: "PotentialEquation"	RelError: 5.28824e-08	AbsError: 5.29266e-08
Iteration: 3
  Device: "mos2d"	RelError: 1.67452e-08	AbsError: 1.83738e+06
    Region: "bulk"	RelError: 1.67451e-08	AbsError: 1.83738e+06
      Equation: "ElectronContinuityEquation"	RelError: 1.30279e-08	AbsError: 1.83339e+06
      Equation: "HoleContinuityEquation"	RelError: 3.71719e-09	AbsError: 3.98940e+03
      Equation: "PotentialEquation"	RelError: 3.12099e-14	AbsError: 2.11668e-14
    Region: "gate"	RelError: 1.08498e-15	AbsError: 5.24224e+04
      Equation: "ElectronContinuityEquation"	RelError: 5.25935e-16	AbsError: 5.24224e+04
      Equation: "HoleContinuityEquation"	RelError: 4.57698e-16	AbsError: 4.59192e-16
      Equation: "PotentialEquation"	RelError: 1.01350e-16	AbsError: 1.11087e-16
    Region: "oxide"	RelError: 2.11492e-14	AbsError: 2.11668e-14
      Equation: "PotentialEquation"	RelError: 2.11492e-14	AbsError: 2.11668e-14
Succeeded
IVPOINT	IDVD_VG1P0	5.00000000e-01	5.80000000e-01	4.53688684e-01
drain last end 5.800000e-01 2.000000e+00
number of equations 4346
Iteration: 0
  Device: "mos2d"	RelError: 3.47125e+00	AbsError: 4.01116e+16
    Region: "bulk"	RelError: 3.45766e+00	AbsError: 4.01116e+16
      Equation: "ElectronContinuityEquation"	RelError: 4.61917e-01	AbsError: 3.81816e+16
      Equation: "HoleContinuityEquation"	RelError: 1.23195e+00	AbsError: 1.93000e+15
      Equation: "PotentialEquation"	RelError: 1.76379e+00	AbsError: 2.00000e-02
    Region: "gate"	RelError: 6.82318e-04	AbsError: 3.36080e+16
      Equation: "ElectronContinuityEquation"	RelError: 3.37064e-04	AbsError: 3.36080e+16
      Equation: "HoleContinuityEquation"	RelError: 3.37291e-04	AbsError: 3.38278e-04
      Equation: "PotentialEquation"	RelError: 7.96403e-06	AbsError: 8.72857e-06
    Region: "oxide"	RelError: 1.29110e-02	AbsError: 1.30908e-02
      Equation: "PotentialEquation"	RelError: 1.29110e-02	AbsError: 1.30908e-02
Iteration: 1
  Device: "mos2d"	RelError: 2.89309e-01	AbsError: 3.81729e+15
    Region: "bulk"	RelError: 2.89214e-01	AbsError: 3.81729e+15
      Equation: "ElectronContinuityEquation"	RelError: 6.25833e-02	AbsError: 3.76437e+15
      Equation: "HoleContinuityEquation"	RelError: 2.23967e-01	AbsError: 5.29162e+13
      Equation: "PotentialEquation"	RelError: 2.66371e-03	AbsError: 9.18234e-05
    Region: "gate"	RelError: 4.91816e-06	AbsError: 2.36661e+14
      Equation: "ElectronContinuityEquation"	RelError: 2.37354e-06	AbsError: 2.36661e+14
      Equation: "HoleContinuityEquation"	RelError: 2.48722e-06	AbsError: 2.49450e-06
      Equation: "PotentialEquation"	RelError: 5.74046e-08	AbsError: 6.29153e-08
    Region: "oxide"	RelError: 9.05704e-05	AbsError: 9.18234e-05
      Equation: "PotentialEquation"	RelError: 9.05704e-05	AbsError: 9.18234e-05
Iteration: 2
  Device: "mos2d"	RelError: 3.35303e-03	AbsError: 2.51184e+12
    Region: "bulk"	RelError: 3.35299e-03	AbsError: 2.51184e+12
      Equation: "ElectronContinuityEquation"	RelError: 2.95174e-03	AbsError: 2.48843e+12
      Equation: "HoleContinuityEquation"	RelError: 4.00851e-04	AbsError: 2.34162e+10
      Equation: "PotentialEquation"	RelError: 4.00482e-07	AbsError: 3.74817e-08
    Region: "gate"	RelError: 1.67823e-09	AbsError: 8.29845e+10
      Equation: "ElectronContinuityEquation"	RelError: 8.32274e-10	AbsError: 8.29845e+10
      Equation: "HoleContinuityEquation"	RelError: 8.26367e-10	AbsError: 8.28787e-10
      Equation: "PotentialEquation"	RelError: 1.95899e-11	AbsError: 2.14705e-11
    Region: "oxide"	RelError: 3.69703e-08	AbsError: 3.74817e-08
      Equation: "PotentialEquation"	RelError: 3.69703e-08	AbsError: 3.74817e-08
Iteration: 3
  Device: "mos2d"	RelError: 6.66203e-09	AbsError: 8.52816e+05
    Region: "bulk"	RelError: 6.66202e-09	AbsError: 8.52816e+05
      Equation: "ElectronContinuityEquation"	RelError: 4.55395e-09	AbsError: 8.48693e+05
      Equation: "HoleContinuityEquation"	RelError: 2.10804e-09	AbsError: 4.12357e+03
      Equation: "PotentialEquation"	RelError: 3.17940e-14	AbsError: 9.94309e-15
    Region: "gate"	RelError: 5.19360e-16	AbsError: 2.11026e+04
      Equation: "ElectronContinuityEquation"	RelError: 2.11644e-16	AbsError: 2.11026e+04
      Equation: "HoleContinuityEquation"	RelError: 2.06295e-16	AbsError: 2.06297e-16
      Equation: "PotentialEquation"	RelError: 1.01421e-16	AbsError: 1.11165e-16
    Region: "oxide"	RelError: 9.80741e-15	AbsError: 9.94309e-15
      Equation: "PotentialEquation"	RelError: 9.80741e-15	AbsError: 9.94309e-15
Succeeded
IVPOINT	IDVD_VG1P0	5.00000000e-01	6.00000000e-01	4.59325180e-01
drain last end 6.000000e-01 2.000000e+00
number of equations 4346
Iteration: 0
  Device: "mos2d"	RelError: 3.98139e+00	AbsError: 3.34403e+16
    Region: "bulk"	RelError: 3.96814e+00	AbsError: 3.34403e+16
      Equation: "ElectronContinuityEquation"	RelError: 4.58152e-01	AbsError: 3.15035e+16
      Equation: "HoleContinuityEquation"	RelError: 1.21776e+00	AbsError: 1.93688e+15
      Equation: "PotentialEquation"	RelError: 2.29223e+00	AbsError: 2.00000e-02
    Region: "gate"	RelError: 6.72736e-04	AbsError: 3.31471e+16
      Equation: "ElectronContinuityEquation"	RelError: 3.32331e-04	AbsError: 3.31471e+16
      Equation: "HoleContinuityEquation"	RelError: 3.32552e-04	AbsError: 3.33415e-04
      Equation: "PotentialEquation"	RelError: 7.85212e-06	AbsError: 8.60599e-06
    Region: "oxide"	RelError: 1.25755e-02	AbsError: 1.29119e-02
      Equation: "PotentialEquation"	RelError: 1.25755e-02	AbsError: 1.29119e-02
Iteration: 1
  Device: "mos2d"	RelError: 2.89067e-01	AbsError: 3.17120e+15
    Region: "bulk"	RelError: 2.88986e-01	AbsError: 3.17120e+15
      Equation: "ElectronContinuityEquation"	RelError: 6.20085e-02	AbsError: 3.11811e+15
      Equation: "HoleContinuityEquation"	RelError: 2.20669e-01	AbsError: 5.30936e+13
      Equation: "PotentialEquation"	RelError: 6.30872e-03	AbsError: 7.84281e-05
    Region: "gate"	RelError: 4.19607e-06	AbsError: 2.01307e+14
      Equation: "ElectronContinuityEquation"	RelError: 2.01829e-06	AbsError: 2.01307e+14
      Equation: "HoleContinuityEquation"	RelError: 2.12880e-06	AbsError: 2.13433e-06
      Equation: "PotentialEquation"	RelError: 4.89759e-08	AbsError: 5.36780e-08
    Region: "oxide"	RelError: 7.63910e-05	AbsError: 7.84281e-05
      Equation: "PotentialEquation"	RelError: 7.63910e-05	AbsError: 7.84281e-05
Iteration: 2
  Device: "mos2d"	RelError: 3.22347e-03	AbsError: 1.66570e+12
    Region: "bulk"	RelError: 3.22344e-03	AbsError: 1.66570e+12
      Equation: "ElectronContinuityEquation"	RelError: 2.85037e-03	AbsError: 1.64254e+12
      Equation: "HoleContinuityEquation"	RelError: 3.71843e-04	AbsError: 2.31577e+10
      Equation: "PotentialEquation"	RelError: 1.22607e-06	AbsError: 2.58150e-08
    Region: "gate"	RelError: 1.15365e-09	AbsError: 5.70759e+10
      Equation: "ElectronContinuityEquation"	RelError: 5.72241e-10	AbsError: 5.70759e+10
      Equation: "HoleContinuityEquation"	RelError: 5.67942e-10	AbsError: 5.69417e-10
      Equation: "PotentialEquation"	RelError: 1.34665e-11	AbsError: 1.47594e-11
    Region: "oxide"	RelError: 2.51445e-08	AbsError: 2.58150e-08
      Equation: "PotentialEquation"	RelError: 2.51445e-08	AbsError: 2.58150e-08
Iteration: 3
  Device: "mos2d"	RelError: 1.22066e-08	AbsError: 3.58597e+05
    Region: "bulk"	RelError: 1.22066e-08	AbsError: 3.58597e+05
      Equation: "ElectronContinuityEquation"	RelError: 9.74638e-09	AbsError: 3.54559e+05
      Equation: "HoleContinuityEquation"	RelError: 2.46012e-09	AbsError: 4.03874e+03
      Equation: "PotentialEquation"	RelError: 1.20042e-13	AbsError: 4.33844e-15
    Region: "gate"	RelError: 4.64852e-16	AbsError: 8.24211e+03
      Equation: "ElectronContinuityEquation"	RelError: 8.35406e-17	AbsError: 8.24211e+03
      Equation: "HoleContinuityEquation"	RelError: 2.80021e-16	AbsError: 2.81761e-16
      Equation: "PotentialEquation"	RelError: 1.01291e-16	AbsError: 1.11022e-16
    Region: "oxide"	RelError: 4.22575e-15	AbsError: 4.33844e-15
      Equation: "PotentialEquation"	RelError: 4.22575e-15	AbsError: 4.33844e-15
Succeeded
IVPOINT	IDVD_VG1P0	5.00000000e-01	6.20000000e-01	4.64898852e-01
drain last end 6.200000e-01 2.000000e+00
number of equations 4346
Iteration: 0
  Device: "mos2d"	RelError: 4.93870e+00	AbsError: 3.37969e+16
    Region: "bulk"	RelError: 4.92576e+00	AbsError: 3.37969e+16
      Equation: "ElectronContinuityEquation"	RelError: 4.53514e-01	AbsError: 3.18573e+16
      Equation: "HoleContinuityEquation"	RelError: 1.20204e+00	AbsError: 1.93960e+15
      Equation: "PotentialEquation"	RelError: 3.27020e+00	AbsError: 2.00000e-02
    Region: "gate"	RelError: 6.64566e-04	AbsError: 3.27554e+16
      Equation: "ElectronContinuityEquation"	RelError: 3.28297e-04	AbsError: 3.27554e+16
      Equation: "HoleContinuityEquation"	RelError: 3.28513e-04	AbsError: 3.29257e-04
      Equation: "PotentialEquation"	RelError: 7.75671e-06	AbsError: 8.50148e-06
    Region: "oxide"	RelError: 1.22752e-02	AbsError: 1.27592e-02
      Equation: "PotentialEquation"	RelError: 1.22752e-02	AbsError: 1.27592e-02
Iteration: 1
  Device: "mos2d"	RelError: 2.89955e-01	AbsError: 2.59386e+15
    Region: "bulk"	RelError: 2.89888e-01	AbsError: 2.59386e+15
      Equation: "ElectronContinuityEquation"	RelError: 6.13323e-02	AbsError: 2.54116e+15
      Equation: "HoleContinuityEquation"	RelError: 2.18355e-01	AbsError: 5.26964e+13
      Equation: "PotentialEquation"	RelError: 1.02006e-02	AbsError: 6.85977e-05
    Region: "gate"	RelError: 3.56574e-06	AbsError: 1.70427e+14
      Equation: "ElectronContinuityEquation"	RelError: 1.70814e-06	AbsError: 1.70427e+14
      Equation: "HoleContinuityEquation"	RelError: 1.81598e-06	AbsError: 1.82010e-06
      Equation: "PotentialEquation"	RelError: 4.16185e-08	AbsError: 4.56145e-08
    Region: "oxide"	RelError: 6.40387e-05	AbsError: 6.65592e-05
      Equation: "PotentialEquation"	RelError: 6.40387e-05	AbsError: 6.65592e-05
Iteration: 2
  Device: "mos2d"	RelError: 2.94163e-03	AbsError: 1.06432e+12
    Region: "bulk"	RelError: 2.94162e-03	AbsError: 1.06432e+12
      Equation: "ElectronContinuityEquation"	RelError: 2.60531e-03	AbsError: 1.04205e+12
      Equation: "HoleContinuityEquation"	RelError: 3.34432e-04	AbsError: 2.22714e+10
      Equation: "PotentialEquation"	RelError: 1.87203e-06	AbsError: 2.21838e-08
    Region: "gate"	RelError: 7.83776e-10	AbsError: 3.87985e+10
      Equation: "ElectronContinuityEquation"	RelError: 3.88866e-10	AbsError: 3.87985e+10
      Equation: "HoleContinuityEquation"	RelError: 3.85761e-10	AbsError: 3.86636e-10
      Equation: "PotentialEquation"	RelError: 9.14929e-12	AbsError: 1.00278e-11
    Region: "oxide"	RelError: 1.68559e-08	AbsError: 1.75193e-08
      Equation: "PotentialEquation"	RelError: 1.68559e-08	AbsError: 1.75193e-08
Iteration: 3
  Device: "mos2d"	RelError: 2.73271e-09	AbsError: 1.38531e+05
    Region: "bulk"	RelError: 2.73271e-09	AbsError: 1.38531e+05
      Equation: "ElectronContinuityEquation"	RelError: 1.77692e-09	AbsError: 1.34792e+05
      Equation: "HoleContinuityEquation"	RelError: 9.55626e-10	AbsError: 3.73903e+03
      Equation: "PotentialEquation"	RelError: 1.62068e-13	AbsError: 3.25864e-15
    Region: "gate"	RelError: 4.73522e-16	AbsError: 8.18601e+03
      Equation: "ElectronContinuityEquation"	RelError: 8.18604e-17	AbsError: 8.18601e+03
      Equation: "HoleContinuityEquation"	RelError: 2.90325e-16	AbsError: 2.94266e-16
      Equation: "PotentialEquation"	RelError: 1.01337e-16	AbsError: 1.11072e-16
    Region: "oxide"	RelError: 1.58901e-15	AbsError: 1.65156e-15
      Equation: "PotentialEquation"	RelError: 1.58901e-15	AbsError: 1.65156e-15
Succeeded
IVPOINT	IDVD_VG1P0	5.00000000e-01	6.40000000e-01	4.70418079e-01
drain last end 6.400000e-01 2.000000e+00
number of equations 4346
Iteration: 0
  Device: "mos2d"	RelError: 2.67232e+00	AbsError: 3.40981e+16
    Region: "bulk"	RelError: 2.65965e+00	AbsError: 3.40981e+16
      Equation: "ElectronContinuityEquation"	RelError: 4.48079e-01	AbsError: 3.21602e+16
      Equation: "HoleContinuityEquation"	RelError: 1.17058e+00	AbsError: 1.93791e+15
      Equation: "PotentialEquation"	RelError: 1.04100e+00	AbsError: 2.00000e-02
    Region: "gate"	RelError: 6.57626e-04	AbsError: 3.24239e+16
      Equation: "ElectronContinuityEquation"	RelError: 3.24869e-04	AbsError: 3.24239e+16
      Equation: "HoleContinuityEquation"	RelError: 3.25081e-04	AbsError: 3.25712e-04
      Equation: "PotentialEquation"	RelError: 7.67564e-06	AbsError: 8.41269e-06
    Region: "oxide"	RelError: 1.20055e-02	AbsError: 1.26297e-02
      Equation: "PotentialEquation"	RelError: 1.20055e-02	AbsError: 1.26297e-02
Iteration: 1
  Device: "mos2d"	RelError: 2.77158e-01	AbsError: 2.09650e+15
    Region: "bulk"	RelError: 2.77101e-01	AbsError: 2.09650e+15
      Equation: "ElectronContinuityEquation"	RelError: 6.05191e-02	AbsError: 2.04474e+15
      Equation: "HoleContinuityEquation"	RelError: 2.14241e-01	AbsError: 5.17600e+13
      Equation: "PotentialEquation"	RelError: 2.34150e-03	AbsError: 6.74063e-05
    Region: "gate"	RelError: 3.02698e-06	AbsError: 1.44022e+14
      Equation: "ElectronContinuityEquation"	RelError: 1.44302e-06	AbsError: 1.44022e+14
      Equation: "HoleContinuityEquation"	RelError: 1.54862e-06	AbsError: 1.55164e-06
      Equation: "PotentialEquation"	RelError: 3.53298e-08	AbsError: 3.87224e-08
    Region: "oxide"	RelError: 5.35230e-05	AbsError: 5.63027e-05
      Equation: "PotentialEquation"	RelError: 5.35230e-05	AbsError: 5.63027e-05
Iteration: 2
  Device: "mos2d"	RelError: 2.91228e-03	AbsError: 6.60129e+11
    Region: "bulk"	RelError: 2.91227e-03	AbsError: 6.60129e+11
      Equation: "ElectronContinuityEquation"	RelError: 2.61922e-03	AbsError: 6.39288e+11
      Equation: "HoleContinuityEquation"	RelError: 2.92606e-04	AbsError: 2.08411e+10
      Equation: "PotentialEquation"	RelError: 4.35806e-07	AbsError: 2.14489e-08
    Region: "gate"	RelError: 5.33692e-10	AbsError: 2.64335e+10
      Equation: "ElectronContinuityEquation"	RelError: 2.64849e-10	AbsError: 2.64335e+10
      Equation: "HoleContinuityEquation"	RelError: 2.62612e-10	AbsError: 2.63123e-10
      Equation: "PotentialEquation"	RelError: 6.23008e-12	AbsError: 6.82832e-12
    Region: "oxide"	RelError: 1.12901e-08	AbsError: 1.18764e-08
      Equation: "PotentialEquation"	RelError: 1.12901e-08	AbsError: 1.18764e-08
Iteration: 3
  Device: "mos2d"	RelError: 3.27127e-08	AbsError: 4.96965e+04
    Region: "bulk"	RelError: 3.27127e-08	AbsError: 4.96965e+04
      Equation: "ElectronContinuityEquation"	RelError: 2.70990e-08	AbsError: 4.64266e+04
      Equation: "HoleContinuityEquation"	RelError: 5.61367e-09	AbsError: 3.26988e+03
      Equation: "PotentialEquation"	RelError: 4.63019e-14	AbsError: 3.01018e-15
    Region: "gate"	RelError: 4.88808e-16	AbsError: 8.08414e+03
      Equation: "ElectronContinuityEquation"	RelError: 8.08414e-17	AbsError: 8.08414e+03
      Equation: "HoleContinuityEquation"	RelError: 3.06676e-16	AbsError: 3.08386e-16
      Equation: "PotentialEquation"	RelError: 1.01291e-16	AbsError: 1.11022e-16
    Region: "oxide"	RelError: 5.77499e-16	AbsError: 6.07491e-16
      Equation: "PotentialEquation"	RelError: 5.77499e-16	AbsError: 6.07491e-16
Succeeded
IVPOINT	IDVD_VG1P0	5.00000000e-01	6.60000000e-01	4.75889943e-01
drain last end 6.600000e-01 2.000000e+00
number of equations 4346
Iteration: 0
  Device: "mos2d"	RelError: 2.35618e+01	AbsError: 3.43480e+16
    Region: "bulk"	RelError: 2.35494e+01	AbsError: 3.43480e+16
      Equation: "ElectronContinuityEquation"	RelError: 4.42971e-01	AbsError: 3.24164e+16
      Equation: "HoleContinuityEquation"	RelError: 1.15887e+00	AbsError: 1.93154e+15
      Equation: "PotentialEquation"	RelError: 2.19476e+01	AbsError: 2.00000e-02
    Region: "gate"	RelError: 6.51733e-04	AbsError: 3.21438e+16
      Equation: "ElectronContinuityEquation"	RelError: 3.21959e-04	AbsError: 3.21438e+16
      Equation: "HoleContinuityEquation"	RelError: 3.22167e-04	AbsError: 3.22689e-04
      Equation: "PotentialEquation"	RelError: 7.60681e-06	AbsError: 8.33731e-06
    Region: "oxide"	RelError: 1.17621e-02	AbsError: 1.25202e-02
      Equation: "PotentialEquation"	RelError: 1.17621e-02	AbsError: 1.25202e-02
Iteration: 1
  Device: "mos2d"	RelError: 3.13677e-01	AbsError: 1.67993e+15
    Region: "bulk"	RelError: 3.13630e-01	AbsError: 1.67993e+15
      Equation: "ElectronContinuityEquation"	RelError: 5.95217e-02	AbsError: 1.62959e+15
      Equation: "HoleContinuityEquation"	RelError: 2.09039e-01	AbsError: 5.03320e+13
      Equation: "PotentialEquation"	RelError: 4.50693e-02	AbsError: 6.58046e-05
    Region: "gate"	RelError: 2.57330e-06	AbsError: 1.21779e+14
      Equation: "ElectronContinuityEquation"	RelError: 1.21977e-06	AbsError: 1.21779e+14
      Equation: "HoleContinuityEquation"	RelError: 1.32349e-06	AbsError: 1.32564e-06
      Equation: "PotentialEquation"	RelError: 3.00344e-08	AbsError: 3.29187e-08
    Region: "oxide"	RelError: 4.47171e-05	AbsError: 4.75972e-05
      Equation: "PotentialEquation"	RelError: 4.47171e-05	AbsError: 4.75972e-05
Iteration: 2
  Device: "mos2d"	RelError: 2.75985e-03	AbsError: 4.00169e+11
    Region: "bulk"	RelError: 2.75984e-03	AbsError: 4.00169e+11
      Equation: "ElectronContinuityEquation"	RelError: 2.50489e-03	AbsError: 3.81183e+11
      Equation: "HoleContinuityEquation"	RelError: 2.49410e-04	AbsError: 1.89863e+10
      Equation: "PotentialEquation"	RelError: 5.54655e-06	AbsError: 2.03963e-08
    Region: "gate"	RelError: 3.69016e-10	AbsError: 1.82866e+10
      Equation: "ElectronContinuityEquation"	RelError: 1.83162e-10	AbsError: 1.82866e+10
      Equation: "HoleContinuityEquation"	RelError: 1.81545e-10	AbsError: 1.81840e-10
      Equation: "PotentialEquation"	RelError: 4.30771e-12	AbsError: 4.72139e-12
    Region: "oxide"	RelError: 7.65450e-09	AbsError: 8.14750e-09
      Equation: "PotentialEquation"	RelError: 7.65450e-09	AbsError: 8.14750e-09
Iteration: 3
  Device: "mos2d"	RelError: 8.66629e-09	AbsError: 1.70063e+04
    Region: "bulk"	RelError: 8.66629e-09	AbsError: 1.70063e+04
      Equation: "ElectronContinuityEquation"	RelError: 6.05306e-09	AbsError: 1.42924e+04
      Equation: "HoleContinuityEquation"	RelError: 2.61302e-09	AbsError: 2.71393e+03
      Equation: "PotentialEquation"	RelError: 2.07627e-13	AbsError: 2.64800e-15
    Region: "gate"	RelError: 3.93674e-16	AbsError: 8.12731e+03
      Equation: "ElectronContinuityEquation"	RelError: 8.12731e-17	AbsError: 8.12731e+03
      Equation: "HoleContinuityEquation"	RelError: 2.11086e-16	AbsError: 2.17089e-16
      Equation: "PotentialEquation"	RelError: 1.01315e-16	AbsError: 1.11048e-16
    Region: "oxide"	RelError: 2.23018e-16	AbsError: 2.34745e-16
      Equation: "PotentialEquation"	RelError: 2.23018e-16	AbsError: 2.34745e-16
Succeeded
IVPOINT	IDVD_VG1P0	5.00000000e-01	6.80000000e-01	4.81320458e-01
drain last end 6.800000e-01 2.000000e+00
number of equations 4346
Iteration: 0
  Device: "mos2d"	RelError: 5.01883e+00	AbsError: 3.45783e+16
    Region: "bulk"	RelError: 5.00664e+00	AbsError: 3.45783e+16
      Equation: "ElectronContinuityEquation"	RelError: 4.36840e-01	AbsError: 3.26300e+16
      Equation: "HoleContinuityEquation"	RelError: 1.14015e+00	AbsError: 1.94826e+15
      Equation: "PotentialEquation"	RelError: 3.42965e+00	AbsError: 2.00000e-02
    Region: "gate"	RelError: 6.46721e-04	AbsError: 3.19068e+16
      Equation: "ElectronContinuityEquation"	RelError: 3.19484e-04	AbsError: 3.19068e+16
      Equation: "HoleContinuityEquation"	RelError: 3.19689e-04	AbsError: 3.20105e-04
      Equation: "PotentialEquation"	RelError: 7.54825e-06	AbsError: 8.27319e-06
    Region: "oxide"	RelError: 1.15409e-02	AbsError: 1.24276e-02
      Equation: "PotentialEquation"	RelError: 1.15409e-02	AbsError: 1.24276e-02
Iteration: 1
  Device: "mos2d"	RelError: 2.76787e-01	AbsError: 1.33845e+15
    Region: "bulk"	RelError: 2.76747e-01	AbsError: 1.33845e+15
      Equation: "ElectronContinuityEquation"	RelError: 5.83872e-02	AbsError: 1.28998e+15
      Equation: "HoleContinuityEquation"	RelError: 2.06690e-01	AbsError: 4.84709e+13
      Equation: "PotentialEquation"	RelError: 1.16696e-02	AbsError: 6.38363e-05
    Region: "gate"	RelError: 2.19494e-06	AbsError: 1.03225e+14
      Equation: "ElectronContinuityEquation"	RelError: 1.03359e-06	AbsError: 1.03225e+14
      Equation: "HoleContinuityEquation"	RelError: 1.13573e-06	AbsError: 1.13721e-06
      Equation: "PotentialEquation"	RelError: 2.56181e-08	AbsError: 2.80785e-08
    Region: "oxide"	RelError: 3.74228e-05	AbsError: 4.02966e-05
      Equation: "PotentialEquation"	RelError: 3.74228e-05	AbsError: 4.02966e-05
Iteration: 2
  Device: "mos2d"	RelError: 2.43725e-03	AbsError: 2.39460e+11
    Region: "bulk"	RelError: 2.43724e-03	AbsError: 2.39460e+11
      Equation: "ElectronContinuityEquation"	RelError: 2.22744e-03	AbsError: 2.21779e+11
      Equation: "HoleContinuityEquation"	RelError: 2.07288e-04	AbsError: 1.76818e+10
      Equation: "PotentialEquation"	RelError: 2.51372e-06	AbsError: 1.90927e-08
    Region: "gate"	RelError: 2.61677e-10	AbsError: 1.29730e+10
      Equation: "ElectronContinuityEquation"	RelError: 1.29899e-10	AbsError: 1.29730e+10
      Equation: "HoleContinuityEquation"	RelError: 1.28723e-10	AbsError: 1.28891e-10
      Equation: "PotentialEquation"	RelError: 3.05489e-12	AbsError: 3.34828e-12
    Region: "oxide"	RelError: 5.30818e-09	AbsError: 5.71581e-09
      Equation: "PotentialEquation"	RelError: 5.30818e-09	AbsError: 5.71581e-09
Iteration: 3
  Device: "mos2d"	RelError: 3.28420e-09	AbsError: 1.30574e+04
    Region: "bulk"	RelError: 3.28420e-09	AbsError: 1.30574e+04
      Equation: "ElectronContinuityEquation"	RelError: 2.37757e-09	AbsError: 1.06904e+04
      Equation: "HoleContinuityEquation"	RelError: 9.06363e-10	AbsError: 2.36701e+03
      Equation: "PotentialEquation"	RelError: 2.66087e-13	AbsError: 2.39509e-15
    Region: "gate"	RelError: 3.55806e-16	AbsError: 8.12949e+03
      Equation: "ElectronContinuityEquation"	RelError: 8.12952e-17	AbsError: 8.12949e+03
      Equation: "HoleContinuityEquation"	RelError: 1.73191e-16	AbsError: 1.75234e-16
      Equation: "PotentialEquation"	RelError: 1.01319e-16	AbsError: 1.11053e-16
    Region: "oxide"	RelError: 2.51163e-16	AbsError: 2.70450e-16
      Equation: "PotentialEquation"	RelError: 2.51163e-16	AbsError: 2.70450e-16
Succeeded
IVPOINT	IDVD_VG1P0	5.00000000e-01	7.00000000e-01	4.86714773e-01
drain last end 7.000000e-01 2.000000e+00
number of equations 4346
Iteration: 0
  Device: "mos2d"	RelError: 1.07505e+01	AbsError: 3.47747e+16
    Region: "bulk"	RelError: 1.07385e+01	AbsError: 3.47747e+16
      Equation: "ElectronContinuityEquation"	RelError: 4.29340e-01	AbsError: 3.28047e+16
      Equation: "HoleContinuityEquation"	RelError: 1.11517e+00	AbsError: 1.96999e+15
      Equation: "PotentialEquation"	RelError: 9.19400e+00	AbsError: 2.00000e-02
    Region: "gate"	RelError: 6.42443e-04	AbsError: 3.17059e+16
      Equation: "ElectronContinuityEquation"	RelError: 3.17372e-04	AbsError: 3.17059e+16
      Equation: "HoleContinuityEquation"	RelError: 3.17573e-04	AbsError: 3.17886e-04
      Equation: "PotentialEquation"	RelError: 7.49827e-06	AbsError: 8.21847e-06
    Region: "oxide"	RelError: 1.13384e-02	AbsError: 1.23492e-02
      Equation: "PotentialEquation"	RelError: 1.13384e-02	AbsError: 1.23492e-02
Iteration: 1
  Device: "mos2d"	RelError: 2.90312e-01	AbsError: 1.06353e+15
    Region: "bulk"	RelError: 2.90279e-01	AbsError: 1.06353e+15
      Equation: "ElectronContinuityEquation"	RelError: 5.73135e-02	AbsError: 1.01680e+15
      Equation: "HoleContinuityEquation"	RelError: 2.01952e-01	AbsError: 4.67379e+13
      Equation: "PotentialEquation"	RelError: 3.10128e-02	AbsError: 6.15562e-05
    Region: "gate"	RelError: 1.88102e-06	AbsError: 8.78272e+13
      Equation: "ElectronContinuityEquation"	RelError: 8.79140e-07	AbsError: 8.78272e+13
      Equation: "HoleContinuityEquation"	RelError: 9.79927e-07	AbsError: 9.80894e-07
      Equation: "PotentialEquation"	RelError: 2.19541e-08	AbsError: 2.40627e-08
    Region: "oxide"	RelError: 3.14179e-05	AbsError: 3.42175e-05
      Equation: "PotentialEquation"	RelError: 3.14179e-05	AbsError: 3.42175e-05
Iteration: 2
  Device: "mos2d"	RelError: 2.12542e-03	AbsError: 2.04680e+11
    Region: "bulk"	RelError: 2.12541e-03	AbsError: 2.04680e+11
      Equation: "ElectronContinuityEquation"	RelError: 1.93961e-03	AbsError: 1.85808e+11
      Equation: "HoleContinuityEquation"	RelError: 1.78282e-04	AbsError: 1.88718e+10
      Equation: "PotentialEquation"	RelError: 7.52353e-06	AbsError: 1.88725e-08
    Region: "gate"	RelError: 1.91227e-10	AbsError: 9.48355e+09
      Equation: "ElectronContinuityEquation"	RelError: 9.49291e-11	AbsError: 9.48355e+09
      Equation: "HoleContinuityEquation"	RelError: 9.40652e-11	AbsError: 9.41581e-11
      Equation: "PotentialEquation"	RelError: 2.23245e-12	AbsError: 2.44688e-12
    Region: "oxide"	RelError: 3.78795e-09	AbsError: 4.12549e-09
      Equation: "PotentialEquation"	RelError: 3.78795e-09	AbsError: 4.12549e-09
Iteration: 3
  Device: "mos2d"	RelError: 2.33123e-08	AbsError: 1.15782e+04
    Region: "bulk"	RelError: 2.33123e-08	AbsError: 1.15782e+04
      Equation: "ElectronContinuityEquation"	RelError: 1.97515e-08	AbsError: 8.69430e+03
      Equation: "HoleContinuityEquation"	RelError: 3.55991e-09	AbsError: 2.88385e+03
      Equation: "PotentialEquation"	RelError: 9.21097e-13	AbsError: 2.48237e-15
    Region: "gate"	RelError: 3.40207e-16	AbsError: 8.06567e+03
      Equation: "ElectronContinuityEquation"	RelError: 8.06572e-17	AbsError: 8.06567e+03
      Equation: "HoleContinuityEquation"	RelError: 1.58246e-16	AbsError: 1.60818e-16
      Equation: "PotentialEquation"	RelError: 1.01303e-16	AbsError: 1.11036e-16
    Region: "oxide"	RelError: 1.40670e-16	AbsError: 1.48269e-16
      Equation: "PotentialEquation"	RelError: 1.40670e-16	AbsError: 1.48269e-16
Succeeded
IVPOINT	IDVD_VG1P0	5.00000000e-01	7.20000000e-01	4.92077321e-01
drain last end 7.200000e-01 2.000000e+00
number of equations 4346
Iteration: 0
  Device: "mos2d"	RelError: 2.42842e+00	AbsError: 3.49309e+16
    Region: "bulk"	RelError: 2.41663e+00	AbsError: 3.49309e+16
      Equation: "ElectronContinuityEquation"	RelError: 4.20030e-01	AbsError: 3.29438e+16
      Equation: "HoleContinuityEquation"	RelError: 1.09689e+00	AbsError: 1.98707e+15
      Equation: "PotentialEquation"	RelError: 8.99705e-01	AbsError: 2.00000e-02
    Region: "gate"	RelError: 6.38773e-04	AbsError: 3.15348e+16
      Equation: "ElectronContinuityEquation"	RelError: 3.15559e-04	AbsError: 3.15348e+16
      Equation: "HoleContinuityEquation"	RelError: 3.15759e-04	AbsError: 3.15971e-04
      Equation: "PotentialEquation"	RelError: 7.45538e-06	AbsError: 8.17153e-06
    Region: "oxide"	RelError: 1.11518e-02	AbsError: 1.22825e-02
      Equation: "PotentialEquation"	RelError: 1.11518e-02	AbsError: 1.22825e-02
Iteration: 1
  Device: "mos2d"	RelError: 2.57217e-01	AbsError: 8.47813e+14
    Region: "bulk"	RelError: 2.57189e-01	AbsError: 8.47813e+14
      Equation: "ElectronContinuityEquation"	RelError: 5.60317e-02	AbsError: 7.99846e+14
      Equation: "HoleContinuityEquation"	RelError: 1.98155e-01	AbsError: 4.79675e+13
      Equation: "PotentialEquation"	RelError: 3.00219e-03	AbsError: 6.08401e-05
    Region: "gate"	RelError: 1.62098e-06	AbsError: 7.50706e+13
      Equation: "ElectronContinuityEquation"	RelError: 7.51211e-07	AbsError: 7.50706e+13
      Equation: "HoleContinuityEquation"	RelError: 8.50850e-07	AbsError: 8.51422e-07
      Equation: "PotentialEquation"	RelError: 1.89189e-08	AbsError: 2.07362e-08
    Region: "oxide"	RelError: 2.64866e-05	AbsError: 2.91714e-05
      Equation: "PotentialEquation"	RelError: 2.64866e-05	AbsError: 2.91714e-05
Iteration: 2
  Device: "mos2d"	RelError: 2.27188e-03	AbsError: 1.84512e+11
    Region: "bulk"	RelError: 2.27188e-03	AbsError: 1.84512e+11
      Equation: "ElectronContinuityEquation"	RelError: 2.09609e-03	AbsError: 1.64299e+11
      Equation: "HoleContinuityEquation"	RelError: 1.75077e-04	AbsError: 2.02128e+10
      Equation: "PotentialEquation"	RelError: 7.08164e-07	AbsError: 1.91312e-08
    Region: "gate"	RelError: 1.43895e-10	AbsError: 7.13801e+09
      Equation: "ElectronContinuityEquation"	RelError: 7.14281e-11	AbsError: 7.13801e+09
      Equation: "HoleContinuityEquation"	RelError: 7.07864e-11	AbsError: 7.08341e-11
      Equation: "PotentialEquation"	RelError: 1.68000e-12	AbsError: 1.84138e-12
    Region: "oxide"	RelError: 2.78368e-09	AbsError: 3.06584e-09
      Equation: "PotentialEquation"	RelError: 2.78368e-09	AbsError: 3.06584e-09
Iteration: 3
  Device: "mos2d"	RelError: 5.35738e-08	AbsError: 1.00916e+04
    Region: "bulk"	RelError: 5.35738e-08	AbsError: 1.00916e+04
      Equation: "ElectronContinuityEquation"	RelError: 4.74162e-08	AbsError: 6.79684e+03
      Equation: "HoleContinuityEquation"	RelError: 6.15752e-09	AbsError: 3.29479e+03
      Equation: "PotentialEquation"	RelError: 8.24671e-14	AbsError: 2.61408e-15
    Region: "gate"	RelError: 3.68018e-16	AbsError: 7.40011e+03
      Equation: "ElectronContinuityEquation"	RelError: 7.40011e-17	AbsError: 7.40011e+03
      Equation: "HoleContinuityEquation"	RelError: 1.92716e-16	AbsError: 1.92718e-16
      Equation: "PotentialEquation"	RelError: 1.01301e-16	AbsError: 1.11033e-16
    Region: "oxide"	RelError: 1.62142e-16	AbsError: 1.65606e-16
      Equation: "PotentialEquation"	RelError: 1.62142e-16	AbsError: 1.65606e-16
Succeeded
IVPOINT	IDVD_VG1P0	5.00000000e-01	7.40000000e-01	4.97411949e-01
drain last end 7.400000e-01 2.000000e+00
number of equations 4346
Iteration: 0
  Device: "mos2d"	RelError: 3.00120e+00	AbsError: 3.50494e+16
    Region: "bulk"	RelError: 2.98959e+00	AbsError: 3.50494e+16
      Equation: "ElectronContinuityEquation"	RelError: 4.08374e-01	AbsError: 3.30503e+16
      Equation: "HoleContinuityEquation"	RelError: 1.07727e+00	AbsError: 1.99914e+15
      Equation: "PotentialEquation"	RelError: 1.50395e+00	AbsError: 2.00000e-02
    Region: "gate"	RelError: 6.35608e-04	AbsError: 3.13884e+16
      Equation: "ElectronContinuityEquation"	RelError: 3.13996e-04	AbsError: 3.13884e+16
      Equation: "HoleContinuityEquation"	RelError: 3.14194e-04	AbsError: 3.14306e-04
      Equation: "PotentialEquation"	RelError: 7.41838e-06	AbsError: 8.13103e-06
    Region: "oxide"	RelError: 1.09786e-02	AbsError: 1.22257e-02
      Equation: "PotentialEquation"	RelError: 1.09786e-02	AbsError: 1.22257e-02
Iteration: 1
  Device: "mos2d"	RelError: 2.52890e-01	AbsError: 7.27867e+14
    Region: "bulk"	RelError: 2.52866e-01	AbsError: 7.27867e+14
      Equation: "ElectronContinuityEquation"	RelError: 5.44749e-02	AbsError: 6.79293e+14
      Equation: "HoleContinuityEquation"	RelError: 1.93525e-01	AbsError: 4.85737e+13
      Equation: "PotentialEquation"	RelError: 4.86533e-03	AbsError: 6.03087e-05
    Region: "gate"	RelError: 1.40529e-06	AbsError: 6.44886e+13
      Equation: "ElectronContinuityEquation"	RelError: 6.45118e-07	AbsError: 6.44886e+13
      Equation: "HoleContinuityEquation"	RelError: 7.43773e-07	AbsError: 7.44040e-07
      Equation: "PotentialEquation"	RelError: 1.64014e-08	AbsError: 1.79770e-08
    Region: "oxide"	RelError: 2.24349e-05	AbsError: 2.49826e-05
      Equation: "PotentialEquation"	RelError: 2.24349e-05	AbsError: 2.49826e-05
Iteration: 2
  Device: "mos2d"	RelError: 2.30789e-03	AbsError: 1.62958e+11
    Region: "bulk"	RelError: 2.30788e-03	AbsError: 1.62958e+11
      Equation: "ElectronContinuityEquation"	RelError: 2.13530e-03	AbsError: 1.42016e+11
      Equation: "HoleContinuityEquation"	RelError: 1.71687e-04	AbsError: 2.09420e+10
      Equation: "PotentialEquation"	RelError: 8.99731e-07	AbsError: 1.89905e-08
    Region: "gate"	RelError: 1.10920e-10	AbsError: 5.50341e+09
      Equation: "ElectronContinuityEquation"	RelError: 5.50538e-11	AbsError: 5.50341e+09
      Equation: "HoleContinuityEquation"	RelError: 5.45715e-11	AbsError: 5.45911e-11
      Equation: "PotentialEquation"	RelError: 1.29503e-12	AbsError: 1.41944e-12
    Region: "oxide"	RelError: 2.09868e-09	AbsError: 2.33701e-09
      Equation: "PotentialEquation"	RelError: 2.09868e-09	AbsError: 2.33701e-09
Iteration: 3
  Device: "mos2d"	RelError: 8.70550e-09	AbsError: 8.10237e+03
    Region: "bulk"	RelError: 8.70550e-09	AbsError: 7.19155e+03
      Equation: "ElectronContinuityEquation"	RelError: 6.77318e-09	AbsError: 3.69368e+03
      Equation: "HoleContinuityEquation"	RelError: 1.93223e-09	AbsError: 3.49787e+03
      Equation: "PotentialEquation"	RelError: 9.20144e-14	AbsError: 2.62935e-15
    Region: "gate"	RelError: 4.09573e-16	AbsError: 8.10237e+03
      Equation: "ElectronContinuityEquation"	RelError: 8.10237e-17	AbsError: 8.10237e+03
      Equation: "HoleContinuityEquation"	RelError: 2.27207e-16	AbsError: 2.30584e-16
      Equation: "PotentialEquation"	RelError: 1.01341e-16	AbsError: 1.11078e-16
    Region: "oxide"	RelError: 1.06550e-16	AbsError: 1.16441e-16
      Equation: "PotentialEquation"	RelError: 1.06550e-16	AbsError: 1.16441e-16
Succeeded
IVPOINT	IDVD_VG1P0	5.00000000e-01	7.60000000e-01	5.02722015e-01
drain last end 7.600000e-01 2.000000e+00
number of equations 4346
Iteration: 0
  Device: "mos2d"	RelError: 4.39202e+00	AbsError: 3.51328e+16
    Region: "bulk"	RelError: 4.38057e+00	AbsError: 3.51328e+16
      Equation: "ElectronContinuityEquation"	RelError: 3.93783e-01	AbsError: 3.31269e+16
      Equation: "HoleContinuityEquation"	RelError: 1.06720e+00	AbsError: 2.00589e+15
      Equation: "PotentialEquation"	RelError: 2.91959e+00	AbsError: 2.00000e-02
    Region: "gate"	RelError: 6.32861e-04	AbsError: 3.12625e+16
      Equation: "ElectronContinuityEquation"	RelError: 3.12640e-04	AbsError: 3.12625e+16
      Equation: "HoleContinuityEquation"	RelError: 3.12835e-04	AbsError: 3.12850e-04
      Equation: "PotentialEquation"	RelError: 7.38627e-06	AbsError: 8.09589e-06
    Region: "oxide"	RelError: 1.08168e-02	AbsError: 1.21769e-02
      Equation: "PotentialEquation"	RelError: 1.08168e-02	AbsError: 1.21769e-02
Iteration: 1
  Device: "mos2d"	RelError: 2.52653e-01	AbsError: 6.82544e+14
    Region: "bulk"	RelError: 2.52633e-01	AbsError: 6.82544e+14
      Equation: "ElectronContinuityEquation"	RelError: 5.25614e-02	AbsError: 6.34006e+14
      Equation: "HoleContinuityEquation"	RelError: 1.91084e-01	AbsError: 4.85387e+13
      Equation: "PotentialEquation"	RelError: 8.98726e-03	AbsError: 5.93397e-05
    Region: "gate"	RelError: 1.22579e-06	AbsError: 5.56815e+13
      Equation: "ElectronContinuityEquation"	RelError: 5.56841e-07	AbsError: 5.56815e+13
      Equation: "HoleContinuityEquation"	RelError: 6.54645e-07	AbsError: 6.54675e-07
      Equation: "PotentialEquation"	RelError: 1.43063e-08	AbsError: 1.56807e-08
    Region: "oxide"	RelError: 1.90968e-05	AbsError: 2.14976e-05
      Equation: "PotentialEquation"	RelError: 1.90968e-05	AbsError: 2.14976e-05
Iteration: 2
  Device: "mos2d"	RelError: 2.20458e-03	AbsError: 1.41537e+11
    Region: "bulk"	RelError: 2.20458e-03	AbsError: 1.41537e+11
      Equation: "ElectronContinuityEquation"	RelError: 2.03493e-03	AbsError: 1.20511e+11
      Equation: "HoleContinuityEquation"	RelError: 1.68053e-04	AbsError: 2.10262e+10
      Equation: "PotentialEquation"	RelError: 1.59806e-06	AbsError: 1.84489e-08
    Region: "gate"	RelError: 8.69591e-11	AbsError: 4.31533e+09
      Equation: "ElectronContinuityEquation"	RelError: 4.31554e-11	AbsError: 4.31533e+09
      Equation: "HoleContinuityEquation"	RelError: 4.27884e-11	AbsError: 4.27904e-11
      Equation: "PotentialEquation"	RelError: 1.01528e-12	AbsError: 1.11282e-12
    Region: "oxide"	RelError: 1.61292e-09	AbsError: 1.81570e-09
      Equation: "PotentialEquation"	RelError: 1.61292e-09	AbsError: 1.81570e-09
Iteration: 3
  Device: "mos2d"	RelError: 8.19275e-09	AbsError: 8.18773e+03
    Region: "bulk"	RelError: 8.19275e-09	AbsError: 6.74127e+03
      Equation: "ElectronContinuityEquation"	RelError: 5.18399e-09	AbsError: 3.25956e+03
      Equation: "HoleContinuityEquation"	RelError: 3.00861e-09	AbsError: 3.48171e+03
      Equation: "PotentialEquation"	RelError: 1.60894e-13	AbsError: 2.56341e-15
    Region: "gate"	RelError: 3.16094e-16	AbsError: 8.18773e+03
      Equation: "ElectronContinuityEquation"	RelError: 8.18773e-17	AbsError: 8.18773e+03
      Equation: "HoleContinuityEquation"	RelError: 1.32926e-16	AbsError: 1.32927e-16
      Equation: "PotentialEquation"	RelError: 1.01291e-16	AbsError: 1.11022e-16
    Region: "oxide"	RelError: 1.29947e-16	AbsError: 1.10805e-16
      Equation: "PotentialEquation"	RelError: 1.29947e-16	AbsError: 1.10805e-16
Succeeded
IVPOINT	IDVD_VG1P0	5.00000000e-01	7.80000000e-01	5.08010471e-01
drain last end 7.800000e-01 2.000000e+00
number of equations 4346
Iteration: 0
  Device: "mos2d"	RelError: 2.18356e+00	AbsError: 3.51831e+16
    Region: "bulk"	RelError: 2.17226e+00	AbsError: 3.51831e+16
      Equation: "ElectronContinuityEquation"	RelError: 3.75713e-01	AbsError: 3.31760e+16
      Equation: "HoleContinuityEquation"	RelError: 1.05222e+00	AbsError: 2.00707e+15
      Equation: "PotentialEquation"	RelError: 7.44326e-01	AbsError: 2.00000e-02
    Region: "gate"	RelError: 6.30463e-04	AbsError: 3.11538e+16
      Equation: "ElectronContinuityEquation"	RelError: 3.11455e-04	AbsError: 3.11538e+16
      Equation: "HoleContinuityEquation"	RelError: 3.11649e-04	AbsError: 3.11567e-04
      Equation: "PotentialEquation"	RelError: 7.35822e-06	AbsError: 8.06521e-06
    Region: "oxide"	RelError: 1.06648e-02	AbsError: 1.21350e-02
      Equation: "PotentialEquation"	RelError: 1.06648e-02	AbsError: 1.21350e-02
Iteration: 1
  Device: "mos2d"	RelError: 2.40862e-01	AbsError: 6.34482e+14
    Region: "bulk"	RelError: 2.40844e-01	AbsError: 6.34482e+14
      Equation: "ElectronContinuityEquation"	RelError: 5.02045e-02	AbsError: 5.86608e+14
      Equation: "HoleContinuityEquation"	RelError: 1.88418e-01	AbsError: 4.78735e+13
      Equation: "PotentialEquation"	RelError: 2.22209e-03	AbsError: 5.79621e-05
    Region: "gate"	RelError: 1.07570e-06	AbsError: 4.83170e+13
      Equation: "ElectronContinuityEquation"	RelError: 4.83042e-07	AbsError: 4.83170e+13
      Equation: "HoleContinuityEquation"	RelError: 5.80106e-07	AbsError: 5.79953e-07
      Equation: "PotentialEquation"	RelError: 1.25545e-08	AbsError: 1.37607e-08
    Region: "oxide"	RelError: 1.63351e-05	AbsError: 1.85866e-05
      Equation: "PotentialEquation"	RelError: 1.63351e-05	AbsError: 1.85866e-05
Iteration: 2
  Device: "mos2d"	RelError: 1.96616e-03	AbsError: 1.21183e+11
    Region: "bulk"	RelError: 1.96616e-03	AbsError: 1.21183e+11
      Equation: "ElectronContinuityEquation"	RelError: 1.80171e-03	AbsError: 1.00697e+11
      Equation: "HoleContinuityEquation"	RelError: 1.64072e-04	AbsError: 2.04862e+10
      Equation: "PotentialEquation"	RelError: 3.75602e-07	AbsError: 1.75355e-08
    Region: "gate"	RelError: 6.88382e-11	AbsError: 3.41676e+09
      Equation: "ElectronContinuityEquation"	RelError: 3.41586e-11	AbsError: 3.41676e+09
      Equation: "HoleContinuityEquation"	RelError: 3.38760e-11	AbsError: 3.38671e-11
      Equation: "PotentialEquation"	RelError: 8.03623e-13	AbsError: 8.80836e-13
    Region: "oxide"	RelError: 1.25493e-09	AbsError: 1.42790e-09
      Equation: "PotentialEquation"	RelError: 1.25493e-09	AbsError: 1.42790e-09
Iteration: 3
  Device: "mos2d"	RelError: 6.65602e-08	AbsError: 7.78004e+03
    Region: "bulk"	RelError: 6.65602e-08	AbsError: 5.53229e+03
      Equation: "ElectronContinuityEquation"	RelError: 6.11049e-08	AbsError: 2.25373e+03
      Equation: "HoleContinuityEquation"	RelError: 5.45529e-09	AbsError: 3.27856e+03
      Equation: "PotentialEquation"	RelError: 3.53867e-14	AbsError: 2.37014e-15
    Region: "gate"	RelError: 4.09479e-16	AbsError: 7.78004e+03
      Equation: "ElectronContinuityEquation"	RelError: 7.80654e-17	AbsError: 7.78004e+03
      Equation: "HoleContinuityEquation"	RelError: 2.30103e-16	AbsError: 2.33829e-16
      Equation: "PotentialEquation"	RelError: 1.01311e-16	AbsError: 1.11044e-16
    Region: "oxide"	RelError: 1.11456e-16	AbsError: 1.09489e-16
      Equation: "PotentialEquation"	RelError: 1.11456e-16	AbsError: 1.09489e-16
Succeeded
IVPOINT	IDVD_VG1P0	5.00000000e-01	8.00000000e-01	5.13279925e-01
drain last end 8.000000e-01 2.000000e+00
number of equations 4346
Iteration: 0
  Device: "mos2d"	RelError: 2.27955e+00	AbsError: 3.52023e+16
    Region: "bulk"	RelError: 2.26840e+00	AbsError: 3.52023e+16
      Equation: "ElectronContinuityEquation"	RelError: 3.53805e-01	AbsError: 3.31998e+16
      Equation: "HoleContinuityEquation"	RelError: 1.04644e+00	AbsError: 2.00248e+15
      Equation: "PotentialEquation"	RelError: 8.68150e-01	AbsError: 2.00000e-02
    Region: "gate"	RelError: 6.28356e-04	AbsError: 3.10593e+16
      Equation: "ElectronContinuityEquation"	RelError: 3.10415e-04	AbsError: 3.10593e+16
      Equation: "HoleContinuityEquation"	RelError: 3.10608e-04	AbsError: 3.10429e-04
      Equation: "PotentialEquation"	RelError: 7.33358e-06	AbsError: 8.03826e-06
    Region: "oxide"	RelError: 1.05212e-02	AbsError: 1.20987e-02
      Equation: "PotentialEquation"	RelError: 1.05212e-02	AbsError: 1.20987e-02
Iteration: 1
  Device: "mos2d"	RelError: 2.36239e-01	AbsError: 5.85262e+14
    Region: "bulk"	RelError: 2.36224e-01	AbsError: 5.85262e+14
      Equation: "ElectronContinuityEquation"	RelError: 4.73356e-02	AbsError: 5.38645e+14
      Equation: "HoleContinuityEquation"	RelError: 1.86285e-01	AbsError: 4.66172e+13
      Equation: "PotentialEquation"	RelError: 2.60405e-03	AbsError: 5.62217e-05
    Region: "gate"	RelError: 9.49518e-07	AbsError: 4.21252e+13
      Equation: "ElectronContinuityEquation"	RelError: 4.21010e-07	AbsError: 4.21252e+13
      Equation: "HoleContinuityEquation"	RelError: 5.17427e-07	AbsError: 5.17130e-07
      Equation: "PotentialEquation"	RelError: 1.10817e-08	AbsError: 1.21465e-08
    Region: "oxide"	RelError: 1.40386e-05	AbsError: 1.61433e-05
      Equation: "PotentialEquation"	RelError: 1.40386e-05	AbsError: 1.61433e-05
Iteration: 2
  Device: "mos2d"	RelError: 1.63490e-03	AbsError: 1.02432e+11
    Region: "bulk"	RelError: 1.63490e-03	AbsError: 1.02432e+11
      Equation: "ElectronContinuityEquation"	RelError: 1.47481e-03	AbsError: 8.30385e+10
      Equation: "HoleContinuityEquation"	RelError: 1.59630e-04	AbsError: 1.93933e+10
      Equation: "PotentialEquation"	RelError: 4.54178e-07	AbsError: 1.63073e-08
    Region: "gate"	RelError: 5.46967e-11	AbsError: 2.71548e+09
      Equation: "ElectronContinuityEquation"	RelError: 2.71392e-11	AbsError: 2.71548e+09
      Equation: "HoleContinuityEquation"	RelError: 2.69190e-11	AbsError: 2.69035e-11
      Equation: "PotentialEquation"	RelError: 6.38540e-13	AbsError: 6.99897e-13
    Region: "oxide"	RelError: 9.82470e-10	AbsError: 1.12976e-09
      Equation: "PotentialEquation"	RelError: 9.82470e-10	AbsError: 1.12976e-09
Iteration: 3
  Device: "mos2d"	RelError: 2.64985e-08	AbsError: 7.31627e+03
    Region: "bulk"	RelError: 2.64985e-08	AbsError: 5.01285e+03
      Equation: "ElectronContinuityEquation"	RelError: 2.13479e-08	AbsError: 2.10155e+03
      Equation: "HoleContinuityEquation"	RelError: 5.15060e-09	AbsError: 2.91130e+03
      Equation: "PotentialEquation"	RelError: 3.04428e-14	AbsError: 2.08024e-15
    Region: "gate"	RelError: 5.14891e-16	AbsError: 7.31627e+03
      Equation: "ElectronContinuityEquation"	RelError: 7.31629e-17	AbsError: 7.31627e+03
      Equation: "HoleContinuityEquation"	RelError: 3.40402e-16	AbsError: 3.41457e-16
      Equation: "PotentialEquation"	RelError: 1.01327e-16	AbsError: 1.11062e-16
    Region: "oxide"	RelError: 1.45074e-16	AbsError: 1.27074e-16
      Equation: "PotentialEquation"	RelError: 1.45074e-16	AbsError: 1.27074e-16
Succeeded
IVPOINT	IDVD_VG1P0	5.00000000e-01	8.20000000e-01	5.18532688e-01
drain last end 8.200000e-01 2.000000e+00
number of equations 4346
Iteration: 0
  Device: "mos2d"	RelError: 8.42530e+00	AbsError: 3.51923e+16
    Region: "bulk"	RelError: 8.41429e+00	AbsError: 3.51923e+16
      Equation: "ElectronContinuityEquation"	RelError: 3.42576e-01	AbsError: 3.32003e+16
      Equation: "HoleContinuityEquation"	RelError: 1.03272e+00	AbsError: 1.99199e+15
      Equation: "PotentialEquation"	RelError: 7.03899e+00	AbsError: 2.00000e-02
    Region: "gate"	RelError: 6.26495e-04	AbsError: 3.09769e+16
      Equation: "ElectronContinuityEquation"	RelError: 3.09496e-04	AbsError: 3.09769e+16
      Equation: "HoleContinuityEquation"	RelError: 3.09687e-04	AbsError: 3.09414e-04
      Equation: "PotentialEquation"	RelError: 7.31180e-06	AbsError: 8.01445e-06
    Region: "oxide"	RelError: 1.03849e-02	AbsError: 1.20671e-02
      Equation: "PotentialEquation"	RelError: 1.03849e-02	AbsError: 1.20671e-02
Iteration: 1
  Device: "mos2d"	RelError: 2.49671e-01	AbsError: 5.36155e+14
    Region: "bulk"	RelError: 2.49658e-01	AbsError: 5.36155e+14
      Equation: "ElectronContinuityEquation"	RelError: 4.39333e-02	AbsError: 4.91321e+14
      Equation: "HoleContinuityEquation"	RelError: 1.84650e-01	AbsError: 4.48335e+13
      Equation: "PotentialEquation"	RelError: 2.10752e-02	AbsError: 5.41786e-05
    Region: "gate"	RelError: 8.42823e-07	AbsError: 3.68896e+13
      Equation: "ElectronContinuityEquation"	RelError: 3.68570e-07	AbsError: 3.68896e+13
      Equation: "HoleContinuityEquation"	RelError: 4.64416e-07	AbsError: 4.64006e-07
      Equation: "PotentialEquation"	RelError: 9.83634e-09	AbsError: 1.07816e-08
    Region: "oxide"	RelError: 1.21186e-05	AbsError: 1.40815e-05
      Equation: "PotentialEquation"	RelError: 1.21186e-05	AbsError: 1.40815e-05
Iteration: 2
  Device: "mos2d"	RelError: 1.27255e-03	AbsError: 8.55579e+10
    Region: "bulk"	RelError: 1.27255e-03	AbsError: 8.55579e+10
      Equation: "ElectronContinuityEquation"	RelError: 1.11432e-03	AbsError: 6.76994e+10
      Equation: "HoleContinuityEquation"	RelError: 1.54623e-04	AbsError: 1.78585e+10
      Equation: "PotentialEquation"	RelError: 3.60792e-06	AbsError: 1.48433e-08
    Region: "gate"	RelError: 4.34313e-11	AbsError: 2.15678e+09
      Equation: "ElectronContinuityEquation"	RelError: 2.15487e-11	AbsError: 2.15678e+09
      Equation: "HoleContinuityEquation"	RelError: 2.13755e-11	AbsError: 2.13566e-11
      Equation: "PotentialEquation"	RelError: 5.07105e-13	AbsError: 5.55836e-13
    Region: "oxide"	RelError: 7.70356e-10	AbsError: 8.95131e-10
      Equation: "PotentialEquation"	RelError: 7.70356e-10	AbsError: 8.95131e-10
Iteration: 3
  Device: "mos2d"	RelError: 3.79220e-08	AbsError: 7.92696e+03
    Region: "bulk"	RelError: 3.79220e-08	AbsError: 3.82008e+03
      Equation: "ElectronContinuityEquation"	RelError: 3.28987e-08	AbsError: 1.36618e+03
      Equation: "HoleContinuityEquation"	RelError: 5.02307e-09	AbsError: 2.45390e+03
      Equation: "PotentialEquation"	RelError: 2.21779e-13	AbsError: 1.76935e-15
    Region: "gate"	RelError: 3.89097e-16	AbsError: 7.92696e+03
      Equation: "ElectronContinuityEquation"	RelError: 8.01562e-17	AbsError: 7.92696e+03
      Equation: "HoleContinuityEquation"	RelError: 2.07630e-16	AbsError: 2.13523e-16
      Equation: "PotentialEquation"	RelError: 1.01311e-16	AbsError: 1.11044e-16
    Region: "oxide"	RelError: 1.25281e-16	AbsError: 1.24403e-16
      Equation: "PotentialEquation"	RelError: 1.25281e-16	AbsError: 1.24403e-16
Succeeded
IVPOINT	IDVD_VG1P0	5.00000000e-01	8.40000000e-01	5.23770816e-01
drain last end 8.400000e-01 2.000000e+00
number of equations 4346
Iteration: 0
  Device: "mos2d"	RelError: 3.09874e+00	AbsError: 3.51548e+16
    Region: "bulk"	RelError: 3.08786e+00	AbsError: 3.51548e+16
      Equation: "ElectronContinuityEquation"	RelError: 3.39832e-01	AbsError: 3.31792e+16
      Equation: "HoleContinuityEquation"	RelError: 1.01819e+00	AbsError: 1.97553e+15
      Equation: "PotentialEquation"	RelError: 1.72984e+00	AbsError: 2.00000e-02
    Region: "gate"	RelError: 6.24841e-04	AbsError: 3.09047e+16
      Equation: "ElectronContinuityEquation"	RelError: 3.08679e-04	AbsError: 3.09047e+16
      Equation: "HoleContinuityEquation"	RelError: 3.08870e-04	AbsError: 3.08501e-04
      Equation: "PotentialEquation"	RelError: 7.29245e-06	AbsError: 7.99330e-06
    Region: "oxide"	RelError: 1.02551e-02	AbsError: 1.20396e-02
      Equation: "PotentialEquation"	RelError: 1.02551e-02	AbsError: 1.20396e-02
Iteration: 1
  Device: "mos2d"	RelError: 2.25863e-01	AbsError: 4.88147e+14
    Region: "bulk"	RelError: 2.25852e-01	AbsError: 4.88147e+14
      Equation: "ElectronContinuityEquation"	RelError: 4.00456e-02	AbsError: 4.45542e+14
      Equation: "HoleContinuityEquation"	RelError: 1.81167e-01	AbsError: 4.26055e+13
      Equation: "PotentialEquation"	RelError: 4.63926e-03	AbsError: 5.19031e-05
    Region: "gate"	RelError: 7.54671e-07	AbsError: 3.25733e+13
      Equation: "ElectronContinuityEquation"	RelError: 3.26545e-07	AbsError: 3.25733e+13
      Equation: "HoleContinuityEquation"	RelError: 4.19333e-07	AbsError: 4.19024e-07
      Equation: "PotentialEquation"	RelError: 8.79245e-09	AbsError: 9.63661e-09
    Region: "oxide"	RelError: 1.05166e-05	AbsError: 1.23324e-05
      Equation: "PotentialEquation"	RelError: 1.05166e-05	AbsError: 1.23324e-05
Iteration: 2
  Device: "mos2d"	RelError: 1.16031e-03	AbsError: 7.06621e+10
    Region: "bulk"	RelError: 1.16031e-03	AbsError: 7.06621e+10
      Equation: "ElectronContinuityEquation"	RelError: 1.01078e-03	AbsError: 5.46465e+10
      Equation: "HoleContinuityEquation"	RelError: 1.48970e-04	AbsError: 1.60156e+10
      Equation: "PotentialEquation"	RelError: 5.60798e-07	AbsError: 1.32346e-08
    Region: "gate"	RelError: 3.43610e-11	AbsError: 1.70692e+09
      Equation: "ElectronContinuityEquation"	RelError: 1.70489e-11	AbsError: 1.70692e+09
      Equation: "HoleContinuityEquation"	RelError: 1.69109e-11	AbsError: 1.68908e-11
      Equation: "PotentialEquation"	RelError: 4.01168e-13	AbsError: 4.39722e-13
    Region: "oxide"	RelError: 6.03010e-10	AbsError: 7.07932e-10
      Equation: "PotentialEquation"	RelError: 6.03010e-10	AbsError: 7.07932e-10
Iteration: 3
  Device: "mos2d"	RelError: 1.27680e-07	AbsError: 7.85409e+03
    Region: "bulk"	RelError: 1.27680e-07	AbsError: 3.92850e+03
      Equation: "ElectronContinuityEquation"	RelError: 1.20361e-07	AbsError: 1.97214e+03
      Equation: "HoleContinuityEquation"	RelError: 7.31888e-09	AbsError: 1.95637e+03
      Equation: "PotentialEquation"	RelError: 6.92498e-14	AbsError: 1.42379e-15
    Region: "gate"	RelError: 3.61644e-16	AbsError: 7.85409e+03
      Equation: "ElectronContinuityEquation"	RelError: 7.85409e-17	AbsError: 7.85409e+03
      Equation: "HoleContinuityEquation"	RelError: 1.81686e-16	AbsError: 1.84385e-16
      Equation: "PotentialEquation"	RelError: 1.01417e-16	AbsError: 1.11160e-16
    Region: "oxide"	RelError: 1.21723e-16	AbsError: 1.06122e-16
      Equation: "PotentialEquation"	RelError: 1.21723e-16	AbsError: 1.06122e-16
Succeeded
IVPOINT	IDVD_VG1P0	5.00000000e-01	8.60000000e-01	5.28996147e-01
drain last end 8.600000e-01 2.000000e+00
number of equations 4346
Iteration: 0
  Device: "mos2d"	RelError: 3.98824e+00	AbsError: 3.50914e+16
    Region: "bulk"	RelError: 3.97749e+00	AbsError: 3.50914e+16
      Equation: "ElectronContinuityEquation"	RelError: 3.36919e-01	AbsError: 3.31382e+16
      Equation: "HoleContinuityEquation"	RelError: 1.00767e+00	AbsError: 1.95313e+15
      Equation: "PotentialEquation"	RelError: 2.63290e+00	AbsError: 2.00000e-02
    Region: "gate"	RelError: 6.23364e-04	AbsError: 3.08412e+16
      Equation: "ElectronContinuityEquation"	RelError: 3.07949e-04	AbsError: 3.08412e+16
      Equation: "HoleContinuityEquation"	RelError: 3.08139e-04	AbsError: 3.07677e-04
      Equation: "PotentialEquation"	RelError: 7.27516e-06	AbsError: 7.97440e-06
    Region: "oxide"	RelError: 1.01309e-02	AbsError: 1.20154e-02
      Equation: "PotentialEquation"	RelError: 1.01309e-02	AbsError: 1.20154e-02
Iteration: 1
  Device: "mos2d"	RelError: 2.24832e-01	AbsError: 4.41985e+14
    Region: "bulk"	RelError: 2.24822e-01	AbsError: 4.41985e+14
      Equation: "ElectronContinuityEquation"	RelError: 3.84571e-02	AbsError: 4.01957e+14
      Equation: "HoleContinuityEquation"	RelError: 1.79082e-01	AbsError: 4.00285e+13
      Equation: "PotentialEquation"	RelError: 7.28313e-03	AbsError: 4.94710e-05
    Region: "gate"	RelError: 6.82873e-07	AbsError: 2.91316e+13
      Equation: "ElectronContinuityEquation"	RelError: 2.91955e-07	AbsError: 2.91316e+13
      Equation: "HoleContinuityEquation"	RelError: 3.82948e-07	AbsError: 3.83788e-07
      Equation: "PotentialEquation"	RelError: 7.97016e-09	AbsError: 8.73544e-09
    Region: "oxide"	RelError: 9.19015e-06	AbsError: 1.08411e-05
      Equation: "PotentialEquation"	RelError: 9.19015e-06	AbsError: 1.08411e-05
Iteration: 2
  Device: "mos2d"	RelError: 1.38877e-03	AbsError: 5.77323e+10
    Region: "bulk"	RelError: 1.38877e-03	AbsError: 5.77323e+10
      Equation: "ElectronContinuityEquation"	RelError: 1.24534e-03	AbsError: 4.37274e+10
      Equation: "HoleContinuityEquation"	RelError: 1.42627e-04	AbsError: 1.40049e+10
      Equation: "PotentialEquation"	RelError: 8.03730e-07	AbsError: 1.15738e-08
    Region: "gate"	RelError: 2.70367e-11	AbsError: 1.34363e+09
      Equation: "ElectronContinuityEquation"	RelError: 1.34161e-11	AbsError: 1.34363e+09
      Equation: "HoleContinuityEquation"	RelError: 1.33050e-11	AbsError: 1.32851e-11
      Equation: "PotentialEquation"	RelError: 3.15621e-13	AbsError: 3.45956e-13
    Region: "oxide"	RelError: 4.70236e-10	AbsError: 5.57701e-10
      Equation: "PotentialEquation"	RelError: 4.70236e-10	AbsError: 5.57701e-10
Iteration: 3
  Device: "mos2d"	RelError: 6.52357e-08	AbsError: 7.85524e+03
    Region: "bulk"	RelError: 6.52357e-08	AbsError: 3.87802e+03
      Equation: "ElectronContinuityEquation"	RelError: 5.93291e-08	AbsError: 2.38923e+03
      Equation: "HoleContinuityEquation"	RelError: 5.90651e-09	AbsError: 1.48879e+03
      Equation: "PotentialEquation"	RelError: 5.97217e-14	AbsError: 1.07167e-15
    Region: "gate"	RelError: 3.61867e-16	AbsError: 7.85524e+03
      Equation: "ElectronContinuityEquation"	RelError: 7.94590e-17	AbsError: 7.85524e+03
      Equation: "HoleContinuityEquation"	RelError: 1.81085e-16	AbsError: 1.81086e-16
      Equation: "PotentialEquation"	RelError: 1.01323e-16	AbsError: 1.11058e-16
    Region: "oxide"	RelError: 1.20893e-16	AbsError: 1.15500e-16
      Equation: "PotentialEquation"	RelError: 1.20893e-16	AbsError: 1.15500e-16
Succeeded
IVPOINT	IDVD_VG1P0	5.00000000e-01	8.80000000e-01	5.34210322e-01
drain last end 8.800000e-01 2.000000e+00
number of equations 4346
Iteration: 0
  Device: "mos2d"	RelError: 1.50336e+01	AbsError: 3.50037e+16
    Region: "bulk"	RelError: 1.50229e+01	AbsError: 3.50037e+16
      Equation: "ElectronContinuityEquation"	RelError: 3.33792e-01	AbsError: 3.30788e+16
      Equation: "HoleContinuityEquation"	RelError: 9.87098e-01	AbsError: 1.92486e+15
      Equation: "PotentialEquation"	RelError: 1.37020e+01	AbsError: 2.00000e-02
    Region: "gate"	RelError: 6.22038e-04	AbsError: 3.07850e+16
      Equation: "ElectronContinuityEquation"	RelError: 3.07295e-04	AbsError: 3.07850e+16
      Equation: "HoleContinuityEquation"	RelError: 3.07484e-04	AbsError: 3.06929e-04
      Equation: "PotentialEquation"	RelError: 7.25964e-06	AbsError: 7.95744e-06
    Region: "oxide"	RelError: 1.00119e-02	AbsError: 1.19942e-02
      Equation: "PotentialEquation"	RelError: 1.00119e-02	AbsError: 1.19942e-02
Iteration: 1
  Device: "mos2d"	RelError: 2.31297e-01	AbsError: 3.98206e+14
    Region: "bulk"	RelError: 2.31289e-01	AbsError: 3.98206e+14
      Equation: "ElectronContinuityEquation"	RelError: 3.79670e-02	AbsError: 3.61003e+14
      Equation: "HoleContinuityEquation"	RelError: 1.76388e-01	AbsError: 3.72033e+13
      Equation: "PotentialEquation"	RelError: 1.69331e-02	AbsError: 4.69583e-05
    Region: "gate"	RelError: 6.21865e-07	AbsError: 2.61512e+13
      Equation: "ElectronContinuityEquation"	RelError: 2.62007e-07	AbsError: 2.61512e+13
      Equation: "HoleContinuityEquation"	RelError: 3.52600e-07	AbsError: 3.53267e-07
      Equation: "PotentialEquation"	RelError: 7.25803e-09	AbsError: 7.95499e-09
    Region: "oxide"	RelError: 8.06106e-06	AbsError: 9.56369e-06
      Equation: "PotentialEquation"	RelError: 8.06106e-06	AbsError: 9.56369e-06
Iteration: 2
  Device: "mos2d"	RelError: 1.61153e-03	AbsError: 4.66810e+10
    Region: "bulk"	RelError: 1.61153e-03	AbsError: 4.66810e+10
      Equation: "ElectronContinuityEquation"	RelError: 1.47575e-03	AbsError: 3.47247e+10
      Equation: "HoleContinuityEquation"	RelError: 1.35584e-04	AbsError: 1.19563e+10
      Equation: "PotentialEquation"	RelError: 1.95911e-07	AbsError: 9.94505e-09
    Region: "gate"	RelError: 2.11367e-11	AbsError: 1.05089e+09
      Equation: "ElectronContinuityEquation"	RelError: 1.04899e-11	AbsError: 1.05089e+09
      Equation: "HoleContinuityEquation"	RelError: 1.03999e-11	AbsError: 1.03812e-11
      Equation: "PotentialEquation"	RelError: 2.46883e-13	AbsError: 2.70613e-13
    Region: "oxide"	RelError: 3.64874e-10	AbsError: 4.37114e-10
      Equation: "PotentialEquation"	RelError: 3.64874e-10	AbsError: 4.37114e-10
Iteration: 3
  Device: "mos2d"	RelError: 3.52163e-08	AbsError: 8.13314e+03
    Region: "bulk"	RelError: 3.52163e-08	AbsError: 2.21779e+03
      Equation: "ElectronContinuityEquation"	RelError: 2.28292e-08	AbsError: 1.13942e+03
      Equation: "HoleContinuityEquation"	RelError: 1.23870e-08	AbsError: 1.07837e+03
      Equation: "PotentialEquation"	RelError: 2.17889e-13	AbsError: 8.14703e-16
    Region: "gate"	RelError: 3.80392e-16	AbsError: 8.13314e+03
      Equation: "ElectronContinuityEquation"	RelError: 8.13314e-17	AbsError: 8.13314e+03
      Equation: "HoleContinuityEquation"	RelError: 1.97769e-16	AbsError: 2.00707e-16
      Equation: "PotentialEquation"	RelError: 1.01291e-16	AbsError: 1.11022e-16
    Region: "oxide"	RelError: 1.14665e-16	AbsError: 1.13320e-16
      Equation: "PotentialEquation"	RelError: 1.14665e-16	AbsError: 1.13320e-16
Succeeded
IVPOINT	IDVD_VG1P0	5.00000000e-01	9.00000000e-01	5.39414812e-01
drain last end 9.000000e-01 2.000000e+00
number of equations 4346
Iteration: 0
  Device: "mos2d"	RelError: 2.39078e+00	AbsError: 3.48933e+16
    Region: "bulk"	RelError: 2.38026e+00	AbsError: 3.48933e+16
      Equation: "ElectronContinuityEquation"	RelError: 3.30390e-01	AbsError: 3.30023e+16
      Equation: "HoleContinuityEquation"	RelError: 9.72757e-01	AbsError: 1.89090e+15
      Equation: "PotentialEquation"	RelError: 1.07711e+00	AbsError: 2.00000e-02
    Region: "gate"	RelError: 6.20842e-04	AbsError: 3.07353e+16
      Equation: "ElectronContinuityEquation"	RelError: 3.06704e-04	AbsError: 3.07353e+16
      Equation: "HoleContinuityEquation"	RelError: 3.06892e-04	AbsError: 3.06244e-04
      Equation: "PotentialEquation"	RelError: 7.24563e-06	AbsError: 7.94215e-06
    Region: "oxide"	RelError: 9.89737e-03	AbsError: 1.19754e-02
      Equation: "PotentialEquation"	RelError: 9.89737e-03	AbsError: 1.19754e-02
Iteration: 1
  Device: "mos2d"	RelError: 2.10184e-01	AbsError: 3.58058e+14
    Region: "bulk"	RelError: 2.10176e-01	AbsError: 3.58058e+14
      Equation: "ElectronContinuityEquation"	RelError: 3.74514e-02	AbsError: 3.22941e+14
      Equation: "HoleContinuityEquation"	RelError: 1.71404e-01	AbsError: 3.51176e+13
      Equation: "PotentialEquation"	RelError: 1.32119e-03	AbsError: 4.73445e-05
    Region: "gate"	RelError: 5.68837e-07	AbsError: 2.35609e+13
      Equation: "ElectronContinuityEquation"	RelError: 2.35984e-07	AbsError: 2.35609e+13
      Equation: "HoleContinuityEquation"	RelError: 3.26213e-07	AbsError: 3.26732e-07
      Equation: "PotentialEquation"	RelError: 6.63905e-09	AbsError: 7.27662e-09
    Region: "oxide"	RelError: 7.09595e-06	AbsError: 8.46511e-06
      Equation: "PotentialEquation"	RelError: 7.09595e-06	AbsError: 8.46511e-06
Iteration: 2
  Device: "mos2d"	RelError: 1.79934e-03	AbsError: 3.73717e+10
    Region: "bulk"	RelError: 1.79934e-03	AbsError: 3.73717e+10
      Equation: "ElectronContinuityEquation"	RelError: 1.67137e-03	AbsError: 2.73938e+10
      Equation: "HoleContinuityEquation"	RelError: 1.27870e-04	AbsError: 9.97799e+09
      Equation: "PotentialEquation"	RelError: 1.03764e-07	AbsError: 9.24442e-09
    Region: "gate"	RelError: 1.64084e-11	AbsError: 8.16266e+08
      Equation: "ElectronContinuityEquation"	RelError: 8.14543e-12	AbsError: 8.16266e+08
      Equation: "HoleContinuityEquation"	RelError: 8.07146e-12	AbsError: 8.05442e-12
      Equation: "PotentialEquation"	RelError: 1.91567e-13	AbsError: 2.09983e-13
    Region: "oxide"	RelError: 2.81536e-10	AbsError: 3.40646e-10
      Equation: "PotentialEquation"	RelError: 2.81536e-10	AbsError: 3.40646e-10
Iteration: 3
  Device: "mos2d"	RelError: 3.81330e-08	AbsError: 8.18851e+03
    Region: "bulk"	RelError: 3.81330e-08	AbsError: 2.64605e+03
      Equation: "ElectronContinuityEquation"	RelError: 2.01916e-08	AbsError: 1.89849e+03
      Equation: "HoleContinuityEquation"	RelError: 1.79414e-08	AbsError: 7.47560e+02
      Equation: "PotentialEquation"	RelError: 6.80004e-14	AbsError: 5.99934e-16
    Region: "gate"	RelError: 3.51187e-16	AbsError: 8.18851e+03
      Equation: "ElectronContinuityEquation"	RelError: 8.18851e-17	AbsError: 8.18851e+03
      Equation: "HoleContinuityEquation"	RelError: 1.67727e-16	AbsError: 1.67727e-16
      Equation: "PotentialEquation"	RelError: 1.01575e-16	AbsError: 1.11330e-16
    Region: "oxide"	RelError: 1.14831e-16	AbsError: 1.15932e-16
      Equation: "PotentialEquation"	RelError: 1.14831e-16	AbsError: 1.15932e-16
Succeeded
IVPOINT	IDVD_VG1P0	5.00000000e-01	9.20000000e-01	5.44610938e-01
drain last end 9.200000e-01 2.000000e+00
number of equations 4346
Iteration: 0
  Device: "mos2d"	RelError: 1.86870e+00	AbsError: 3.47615e+16
    Region: "bulk"	RelError: 1.85829e+00	AbsError: 3.47615e+16
      Equation: "ElectronContinuityEquation"	RelError: 3.26635e-01	AbsError: 3.29100e+16
      Equation: "HoleContinuityEquation"	RelError: 9.64373e-01	AbsError: 1.85146e+15
      Equation: "PotentialEquation"	RelError: 5.67286e-01	AbsError: 2.00000e-02
    Region: "gate"	RelError: 6.19758e-04	AbsError: 3.06911e+16
      Equation: "ElectronContinuityEquation"	RelError: 3.06169e-04	AbsError: 3.06911e+16
      Equation: "HoleContinuityEquation"	RelError: 3.06357e-04	AbsError: 3.05616e-04
      Equation: "PotentialEquation"	RelError: 7.23293e-06	AbsError: 7.92828e-06
    Region: "oxide"	RelError: 9.78699e-03	AbsError: 1.19588e-02
      Equation: "PotentialEquation"	RelError: 9.78699e-03	AbsError: 1.19588e-02
Iteration: 1
  Device: "mos2d"	RelError: 2.07720e-01	AbsError: 3.24440e+14
    Region: "bulk"	RelError: 2.07713e-01	AbsError: 3.24440e+14
      Equation: "ElectronContinuityEquation"	RelError: 3.69031e-02	AbsError: 2.87895e+14
      Equation: "HoleContinuityEquation"	RelError: 1.69837e-01	AbsError: 3.65446e+13
      Equation: "PotentialEquation"	RelError: 9.73585e-04	AbsError: 4.80191e-05
    Region: "gate"	RelError: 5.22605e-07	AbsError: 2.13029e+13
      Equation: "ElectronContinuityEquation"	RelError: 2.13304e-07	AbsError: 2.13029e+13
      Equation: "HoleContinuityEquation"	RelError: 3.03201e-07	AbsError: 3.03593e-07
      Equation: "PotentialEquation"	RelError: 6.09941e-09	AbsError: 6.68521e-09
    Region: "oxide"	RelError: 6.26808e-06	AbsError: 7.51707e-06
      Equation: "PotentialEquation"	RelError: 6.26808e-06	AbsError: 7.51707e-06
Iteration: 2
  Device: "mos2d"	RelError: 1.91771e-03	AbsError: 3.17587e+10
    Region: "bulk"	RelError: 1.91771e-03	AbsError: 3.17587e+10
      Equation: "ElectronContinuityEquation"	RelError: 1.79808e-03	AbsError: 2.14880e+10
      Equation: "HoleContinuityEquation"	RelError: 1.19551e-04	AbsError: 1.02706e+10
      Equation: "PotentialEquation"	RelError: 8.09682e-08	AbsError: 9.84712e-09
    Region: "gate"	RelError: 1.26463e-11	AbsError: 6.29508e+08
      Equation: "ElectronContinuityEquation"	RelError: 6.27987e-12	AbsError: 6.29508e+08
      Equation: "HoleContinuityEquation"	RelError: 6.21869e-12	AbsError: 6.20366e-12
      Equation: "PotentialEquation"	RelError: 1.47772e-13	AbsError: 1.61979e-13
    Region: "oxide"	RelError: 2.15967e-10	AbsError: 2.63891e-10
      Equation: "PotentialEquation"	RelError: 2.15967e-10	AbsError: 2.63891e-10
Iteration: 3
  Device: "mos2d"	RelError: 1.26021e-07	AbsError: 7.85106e+03
    Region: "bulk"	RelError: 1.26021e-07	AbsError: 2.30452e+03
      Equation: "ElectronContinuityEquation"	RelError: 1.07819e-07	AbsError: 1.55695e+03
      Equation: "HoleContinuityEquation"	RelError: 1.82019e-08	AbsError: 7.47569e+02
      Equation: "PotentialEquation"	RelError: 1.12130e-14	AbsError: 7.58789e-16
    Region: "gate"	RelError: 3.87075e-16	AbsError: 7.85106e+03
      Equation: "ElectronContinuityEquation"	RelError: 7.85106e-17	AbsError: 7.85106e+03
      Equation: "HoleContinuityEquation"	RelError: 2.07258e-16	AbsError: 2.07258e-16
      Equation: "PotentialEquation"	RelError: 1.01307e-16	AbsError: 1.11040e-16
    Region: "oxide"	RelError: 1.11899e-16	AbsError: 1.13372e-16
      Equation: "PotentialEquation"	RelError: 1.11899e-16	AbsError: 1.13372e-16
Succeeded
IVPOINT	IDVD_VG1P0	5.00000000e-01	9.40000000e-01	5.49799889e-01
drain last end 9.400000e-01 2.000000e+00
number of equations 4346
Iteration: 0
  Device: "mos2d"	RelError: 2.60498e+00	AbsError: 3.46264e+16
    Region: "bulk"	RelError: 2.59468e+00	AbsError: 3.46264e+16
      Equation: "ElectronContinuityEquation"	RelError: 3.22429e-01	AbsError: 3.28029e+16
      Equation: "HoleContinuityEquation"	RelError: 9.47874e-01	AbsError: 1.82345e+15
      Equation: "PotentialEquation"	RelError: 1.32438e+00	AbsError: 2.00000e-02
    Region: "gate"	RelError: 6.18772e-04	AbsError: 3.06516e+16
      Equation: "ElectronContinuityEquation"	RelError: 3.05682e-04	AbsError: 3.06516e+16
      Equation: "HoleContinuityEquation"	RelError: 3.05869e-04	AbsError: 3.05036e-04
      Equation: "PotentialEquation"	RelError: 7.22136e-06	AbsError: 7.91566e-06
    Region: "oxide"	RelError: 9.68036e-03	AbsError: 1.19441e-02
      Equation: "PotentialEquation"	RelError: 9.68036e-03	AbsError: 1.19441e-02
Iteration: 1
  Device: "mos2d"	RelError: 2.06232e-01	AbsError: 2.93520e+14
    Region: "bulk"	RelError: 2.06226e-01	AbsError: 2.93520e+14
      Equation: "ElectronContinuityEquation"	RelError: 3.63126e-02	AbsError: 2.55881e+14
      Equation: "HoleContinuityEquation"	RelError: 1.67701e-01	AbsError: 3.76387e+13
      Equation: "PotentialEquation"	RelError: 2.21198e-03	AbsError: 4.85155e-05
    Region: "gate"	RelError: 4.82199e-07	AbsError: 1.93298e+13
      Equation: "ElectronContinuityEquation"	RelError: 1.93490e-07	AbsError: 1.93298e+13
      Equation: "HoleContinuityEquation"	RelError: 2.83081e-07	AbsError: 2.83362e-07
      Equation: "PotentialEquation"	RelError: 5.62777e-09	AbsError: 6.16832e-09
    Region: "oxide"	RelError: 5.56398e-06	AbsError: 6.69661e-06
      Equation: "PotentialEquation"	RelError: 5.56398e-06	AbsError: 6.69661e-06
Iteration: 2
  Device: "mos2d"	RelError: 1.93799e-03	AbsError: 2.78587e+10
    Region: "bulk"	RelError: 1.93799e-03	AbsError: 2.78587e+10
      Equation: "ElectronContinuityEquation"	RelError: 1.82713e-03	AbsError: 1.67745e+10
      Equation: "HoleContinuityEquation"	RelError: 1.10725e-04	AbsError: 1.10842e+10
      Equation: "PotentialEquation"	RelError: 1.39657e-07	AbsError: 1.03462e-08
    Region: "gate"	RelError: 9.67553e-12	AbsError: 4.81987e+08
      Equation: "ElectronContinuityEquation"	RelError: 4.80675e-12	AbsError: 4.81987e+08
      Equation: "HoleContinuityEquation"	RelError: 4.75569e-12	AbsError: 4.74275e-12
      Equation: "PotentialEquation"	RelError: 1.13092e-13	AbsError: 1.23966e-13
    Region: "oxide"	RelError: 1.64699e-10	AbsError: 2.03213e-10
      Equation: "PotentialEquation"	RelError: 1.64699e-10	AbsError: 2.03213e-10
Iteration: 3
  Device: "mos2d"	RelError: 1.45064e-07	AbsError: 8.14016e+03
    Region: "bulk"	RelError: 1.45064e-07	AbsError: 2.64327e+03
      Equation: "ElectronContinuityEquation"	RelError: 1.26955e-07	AbsError: 1.76598e+03
      Equation: "HoleContinuityEquation"	RelError: 1.81088e-08	AbsError: 8.77285e+02
      Equation: "PotentialEquation"	RelError: 2.54693e-14	AbsError: 8.11604e-16
    Region: "gate"	RelError: 3.83532e-16	AbsError: 8.14016e+03
      Equation: "ElectronContinuityEquation"	RelError: 8.14016e-17	AbsError: 8.14016e+03
      Equation: "HoleContinuityEquation"	RelError: 2.00817e-16	AbsError: 2.03800e-16
      Equation: "PotentialEquation"	RelError: 1.01313e-16	AbsError: 1.11047e-16
    Region: "oxide"	RelError: 1.17835e-16	AbsError: 1.25463e-16
      Equation: "PotentialEquation"	RelError: 1.17835e-16	AbsError: 1.25463e-16
Succeeded
IVPOINT	IDVD_VG1P0	5.00000000e-01	9.60000000e-01	5.54982737e-01
drain last end 9.600000e-01 2.000000e+00
number of equations 4346
Iteration: 0
  Device: "mos2d"	RelError: 5.27758e+00	AbsError: 3.45017e+16
    Region: "bulk"	RelError: 5.26739e+00	AbsError: 3.45017e+16
      Equation: "ElectronContinuityEquation"	RelError: 3.17653e-01	AbsError: 3.26821e+16
      Equation: "HoleContinuityEquation"	RelError: 9.35089e-01	AbsError: 1.81966e+15
      Equation: "PotentialEquation"	RelError: 4.01465e+00	AbsError: 2.00000e-02
    Region: "gate"	RelError: 6.17869e-04	AbsError: 3.06162e+16
      Equation: "ElectronContinuityEquation"	RelError: 3.05236e-04	AbsError: 3.06162e+16
      Equation: "HoleContinuityEquation"	RelError: 3.05422e-04	AbsError: 3.04498e-04
      Equation: "PotentialEquation"	RelError: 7.21077e-06	AbsError: 7.90411e-06
    Region: "oxide"	RelError: 9.57715e-03	AbsError: 1.19310e-02
      Equation: "PotentialEquation"	RelError: 9.57715e-03	AbsError: 1.19310e-02
Iteration: 1
  Device: "mos2d"	RelError: 2.06069e-01	AbsError: 2.65216e+14
    Region: "bulk"	RelError: 2.06064e-01	AbsError: 2.65216e+14
      Equation: "ElectronContinuityEquation"	RelError: 3.56686e-02	AbsError: 2.26837e+14
      Equation: "HoleContinuityEquation"	RelError: 1.63946e-01	AbsError: 3.83790e+13
      Equation: "PotentialEquation"	RelError: 6.44883e-03	AbsError: 4.88171e-05
    Region: "gate"	RelError: 4.46813e-07	AbsError: 1.76022e+13
      Equation: "ElectronContinuityEquation"	RelError: 1.76144e-07	AbsError: 1.76022e+13
      Equation: "HoleContinuityEquation"	RelError: 2.65454e-07	AbsError: 2.65638e-07
      Equation: "PotentialEquation"	RelError: 5.21473e-09	AbsError: 5.71564e-09
    Region: "oxide"	RelError: 4.96019e-06	AbsError: 5.98489e-06
      Equation: "PotentialEquation"	RelError: 4.96019e-06	AbsError: 5.98489e-06
Iteration: 2
  Device: "mos2d"	RelError: 1.84682e-03	AbsError: 2.47192e+10
    Region: "bulk"	RelError: 1.84682e-03	AbsError: 2.47192e+10
      Equation: "ElectronContinuityEquation"	RelError: 1.74493e-03	AbsError: 1.30426e+10
      Equation: "HoleContinuityEquation"	RelError: 1.01522e-04	AbsError: 1.16766e+10
      Equation: "PotentialEquation"	RelError: 3.71465e-07	AbsError: 1.07138e-08
    Region: "gate"	RelError: 7.34847e-12	AbsError: 3.66395e+08
      Equation: "ElectronContinuityEquation"	RelError: 3.65287e-12	AbsError: 3.66395e+08
      Equation: "HoleContinuityEquation"	RelError: 3.60966e-12	AbsError: 3.59874e-12
      Equation: "PotentialEquation"	RelError: 8.59435e-14	AbsError: 9.42072e-14
    Region: "oxide"	RelError: 1.24876e-10	AbsError: 1.55567e-10
      Equation: "PotentialEquation"	RelError: 1.24876e-10	AbsError: 1.55567e-10
Iteration: 3
  Device: "mos2d"	RelError: 4.33600e-08	AbsError: 8.11487e+03
    Region: "bulk"	RelError: 4.33600e-08	AbsError: 2.72167e+03
      Equation: "ElectronContinuityEquation"	RelError: 3.30560e-08	AbsError: 1.75361e+03
      Equation: "HoleContinuityEquation"	RelError: 1.03039e-08	AbsError: 9.68058e+02
      Equation: "PotentialEquation"	RelError: 2.95246e-14	AbsError: 8.93535e-16
    Region: "gate"	RelError: 3.09615e-16	AbsError: 8.11487e+03
      Equation: "ElectronContinuityEquation"	RelError: 8.11487e-17	AbsError: 8.11487e+03
      Equation: "HoleContinuityEquation"	RelError: 1.27175e-16	AbsError: 1.26790e-16
      Equation: "PotentialEquation"	RelError: 1.01291e-16	AbsError: 1.11022e-16
    Region: "oxide"	RelError: 1.00264e-16	AbsError: 1.07065e-16
      Equation: "PotentialEquation"	RelError: 1.00264e-16	AbsError: 1.07065e-16
Succeeded
IVPOINT	IDVD_VG1P0	5.00000000e-01	9.80000000e-01	5.60160450e-01
drain last end 9.800000e-01 2.000000e+00
number of equations 4346
Iteration: 0
  Device: "mos2d"	RelError: 2.04111e+00	AbsError: 3.43611e+16
    Region: "bulk"	RelError: 2.03102e+00	AbsError: 3.43611e+16
      Equation: "ElectronContinuityEquation"	RelError: 3.12162e-01	AbsError: 3.25483e+16
      Equation: "HoleContinuityEquation"	RelError: 9.18792e-01	AbsError: 1.81272e+15
      Equation: "PotentialEquation"	RelError: 8.00064e-01	AbsError: 2.00000e-02
    Region: "gate"	RelError: 6.17039e-04	AbsError: 3.05844e+16
      Equation: "ElectronContinuityEquation"	RelError: 3.04826e-04	AbsError: 3.05844e+16
      Equation: "HoleContinuityEquation"	RelError: 3.05012e-04	AbsError: 3.03997e-04
      Equation: "PotentialEquation"	RelError: 7.20104e-06	AbsError: 7.89350e-06
    Region: "oxide"	RelError: 9.47708e-03	AbsError: 1.19192e-02
      Equation: "PotentialEquation"	RelError: 9.47708e-03	AbsError: 1.19192e-02
Iteration: 1
  Device: "mos2d"	RelError: 1.97807e-01	AbsError: 2.39392e+14
    Region: "bulk"	RelError: 1.97802e-01	AbsError: 2.39392e+14
      Equation: "ElectronContinuityEquation"	RelError: 3.49573e-02	AbsError: 2.00639e+14
      Equation: "HoleContinuityEquation"	RelError: 1.61593e-01	AbsError: 3.87526e+13
      Equation: "PotentialEquation"	RelError: 1.25144e-03	AbsError: 4.89113e-05
    Region: "gate"	RelError: 4.15770e-07	AbsError: 1.60871e+13
      Equation: "ElectronContinuityEquation"	RelError: 1.60934e-07	AbsError: 1.60871e+13
      Equation: "HoleContinuityEquation"	RelError: 2.49984e-07	AbsError: 2.50082e-07
      Equation: "PotentialEquation"	RelError: 4.85238e-09	AbsError: 5.31852e-09
    Region: "oxide"	RelError: 4.43766e-06	AbsError: 5.38893e-06
      Equation: "PotentialEquation"	RelError: 4.43766e-06	AbsError: 5.38893e-06
Iteration: 2
  Device: "mos2d"	RelError: 1.65211e-03	AbsError: 2.21376e+10
    Region: "bulk"	RelError: 1.65211e-03	AbsError: 2.21376e+10
      Equation: "ElectronContinuityEquation"	RelError: 1.55994e-03	AbsError: 1.01083e+10
      Equation: "HoleContinuityEquation"	RelError: 9.20933e-05	AbsError: 1.20293e+10
      Equation: "PotentialEquation"	RelError: 7.44159e-08	AbsError: 1.09272e-08
    Region: "gate"	RelError: 5.53960e-12	AbsError: 2.76507e+08
      Equation: "ElectronContinuityEquation"	RelError: 2.75586e-12	AbsError: 2.76507e+08
      Equation: "HoleContinuityEquation"	RelError: 2.71907e-12	AbsError: 2.71002e-12
      Equation: "PotentialEquation"	RelError: 6.46621e-14	AbsError: 7.08801e-14
    Region: "oxide"	RelError: 9.41476e-11	AbsError: 1.18408e-10
      Equation: "PotentialEquation"	RelError: 9.41476e-11	AbsError: 1.18408e-10
Iteration: 3
  Device: "mos2d"	RelError: 3.25830e-08	AbsError: 8.14963e+03
    Region: "bulk"	RelError: 3.25830e-08	AbsError: 2.88912e+03
      Equation: "ElectronContinuityEquation"	RelError: 1.35616e-08	AbsError: 1.83954e+03
      Equation: "HoleContinuityEquation"	RelError: 1.90214e-08	AbsError: 1.04957e+03
      Equation: "PotentialEquation"	RelError: 1.97900e-14	AbsError: 8.97124e-16
    Region: "gate"	RelError: 3.91016e-16	AbsError: 8.14963e+03
      Equation: "ElectronContinuityEquation"	RelError: 8.14981e-17	AbsError: 8.14963e+03
      Equation: "HoleContinuityEquation"	RelError: 2.08203e-16	AbsError: 2.10433e-16
      Equation: "PotentialEquation"	RelError: 1.01315e-16	AbsError: 1.11048e-16
    Region: "oxide"	RelError: 1.17071e-16	AbsError: 1.16240e-16
      Equation: "PotentialEquation"	RelError: 1.17071e-16	AbsError: 1.16240e-16
Succeeded
IVPOINT	IDVD_VG1P0	5.00000000e-01	1.00000000e+00	5.65333907e-01
drain last end 1.000000e+00 2.000000e+00
number of equations 4346
Iteration: 0
  Device: "mos2d"	RelError: 1.67618e+00	AbsError: 3.42050e+16
    Region: "bulk"	RelError: 1.66618e+00	AbsError: 3.42050e+16
      Equation: "ElectronContinuityEquation"	RelError: 3.05783e-01	AbsError: 3.24024e+16
      Equation: "HoleContinuityEquation"	RelError: 9.15475e-01	AbsError: 1.80258e+15
      Equation: "PotentialEquation"	RelError: 4.44923e-01	AbsError: 2.00000e-02
    Region: "gate"	RelError: 6.16274e-04	AbsError: 3.05558e+16
      Equation: "ElectronContinuityEquation"	RelError: 3.04448e-04	AbsError: 3.05558e+16
      Equation: "HoleContinuityEquation"	RelError: 3.04634e-04	AbsError: 3.03527e-04
      Equation: "PotentialEquation"	RelError: 7.19205e-06	AbsError: 7.88371e-06
    Region: "oxide"	RelError: 9.37992e-03	AbsError: 1.19087e-02
      Equation: "PotentialEquation"	RelError: 9.37992e-03	AbsError: 1.19087e-02
Iteration: 1
  Device: "mos2d"	RelError: 1.93884e-01	AbsError: 2.15886e+14
    Region: "bulk"	RelError: 1.93880e-01	AbsError: 2.15886e+14
      Equation: "ElectronContinuityEquation"	RelError: 3.41631e-02	AbsError: 1.77131e+14
      Equation: "HoleContinuityEquation"	RelError: 1.58828e-01	AbsError: 3.87554e+13
      Equation: "PotentialEquation"	RelError: 8.88888e-04	AbsError: 4.87910e-05
    Region: "gate"	RelError: 3.88499e-07	AbsError: 1.47564e+13
      Equation: "ElectronContinuityEquation"	RelError: 1.47579e-07	AbsError: 1.47564e+13
      Equation: "HoleContinuityEquation"	RelError: 2.36386e-07	AbsError: 2.36409e-07
      Equation: "PotentialEquation"	RelError: 4.53406e-09	AbsError: 4.96965e-09
    Region: "oxide"	RelError: 3.99943e-06	AbsError: 4.87106e-06
      Equation: "PotentialEquation"	RelError: 3.99943e-06	AbsError: 4.87106e-06
Iteration: 2
  Device: "mos2d"	RelError: 1.61608e-03	AbsError: 1.99475e+10
    Region: "bulk"	RelError: 1.61608e-03	AbsError: 1.99475e+10
      Equation: "ElectronContinuityEquation"	RelError: 1.53338e-03	AbsError: 7.81472e+09
      Equation: "HoleContinuityEquation"	RelError: 8.26104e-05	AbsError: 1.21327e+10
      Equation: "PotentialEquation"	RelError: 8.97493e-08	AbsError: 1.09707e-08
    Region: "gate"	RelError: 4.14438e-12	AbsError: 2.07138e+08
      Equation: "ElectronContinuityEquation"	RelError: 2.06386e-12	AbsError: 2.07138e+08
      Equation: "HoleContinuityEquation"	RelError: 2.03215e-12	AbsError: 2.02476e-12
      Equation: "PotentialEquation"	RelError: 4.83718e-14	AbsError: 5.30237e-14
    Region: "oxide"	RelError: 7.05891e-11	AbsError: 8.96189e-11
      Equation: "PotentialEquation"	RelError: 7.05891e-11	AbsError: 8.96189e-11
Iteration: 3
  Device: "mos2d"	RelError: 7.78681e-08	AbsError: 8.15484e+03
    Region: "bulk"	RelError: 7.78681e-08	AbsError: 2.86261e+03
      Equation: "ElectronContinuityEquation"	RelError: 1.28406e-08	AbsError: 1.79350e+03
      Equation: "HoleContinuityEquation"	RelError: 6.50276e-08	AbsError: 1.06912e+03
      Equation: "PotentialEquation"	RelError: 9.93885e-15	AbsError: 9.59536e-16
    Region: "gate"	RelError: 3.90445e-16	AbsError: 8.15484e+03
      Equation: "ElectronContinuityEquation"	RelError: 8.15484e-17	AbsError: 8.15484e+03
      Equation: "HoleContinuityEquation"	RelError: 2.07159e-16	AbsError: 2.09260e-16
      Equation: "PotentialEquation"	RelError: 1.01737e-16	AbsError: 1.11512e-16
    Region: "oxide"	RelError: 1.21945e-16	AbsError: 1.21300e-16
      Equation: "PotentialEquation"	RelError: 1.21945e-16	AbsError: 1.21300e-16
Succeeded
IVPOINT	IDVD_VG1P0	5.00000000e-01	1.02000000e+00	5.70503908e-01
drain last end 1.020000e+00 2.000000e+00
number of equations 4346
Iteration: 0
  Device: "mos2d"	RelError: 1.70987e+00	AbsError: 3.40342e+16
    Region: "bulk"	RelError: 1.69997e+00	AbsError: 3.40342e+16
      Equation: "ElectronContinuityEquation"	RelError: 2.98317e-01	AbsError: 3.22451e+16
      Equation: "HoleContinuityEquation"	RelError: 9.07419e-01	AbsError: 1.78915e+15
      Equation: "PotentialEquation"	RelError: 4.94233e-01	AbsError: 2.00000e-02
    Region: "gate"	RelError: 6.15564e-04	AbsError: 3.05299e+16
      Equation: "ElectronContinuityEquation"	RelError: 3.04097e-04	AbsError: 3.05299e+16
      Equation: "HoleContinuityEquation"	RelError: 3.04282e-04	AbsError: 3.03085e-04
      Equation: "PotentialEquation"	RelError: 7.18372e-06	AbsError: 7.87462e-06
    Region: "oxide"	RelError: 9.28546e-03	AbsError: 1.18992e-02
      Equation: "PotentialEquation"	RelError: 9.28546e-03	AbsError: 1.18992e-02
Iteration: 1
  Device: "mos2d"	RelError: 1.92492e-01	AbsError: 1.94521e+14
    Region: "bulk"	RelError: 1.92488e-01	AbsError: 1.94521e+14
      Equation: "ElectronContinuityEquation"	RelError: 3.32686e-02	AbsError: 1.56128e+14
      Equation: "HoleContinuityEquation"	RelError: 1.57931e-01	AbsError: 3.83933e+13
      Equation: "PotentialEquation"	RelError: 1.28790e-03	AbsError: 4.84557e-05
    Region: "gate"	RelError: 3.64510e-07	AbsError: 1.35865e+13
      Equation: "ElectronContinuityEquation"	RelError: 1.35837e-07	AbsError: 1.35865e+13
      Equation: "HoleContinuityEquation"	RelError: 2.24419e-07	AbsError: 2.24373e-07
      Equation: "PotentialEquation"	RelError: 4.25405e-09	AbsError: 4.66278e-09
    Region: "oxide"	RelError: 3.74143e-06	AbsError: 4.41908e-06
      Equation: "PotentialEquation"	RelError: 3.74143e-06	AbsError: 4.41908e-06
Iteration: 2
  Device: "mos2d"	RelError: 1.63033e-03	AbsError: 1.80191e+10
    Region: "bulk"	RelError: 1.63033e-03	AbsError: 1.80191e+10
      Equation: "ElectronContinuityEquation"	RelError: 1.55696e-03	AbsError: 6.03086e+09
      Equation: "HoleContinuityEquation"	RelError: 7.32510e-05	AbsError: 1.19882e+10
      Equation: "PotentialEquation"	RelError: 1.23967e-07	AbsError: 1.08386e-08
    Region: "gate"	RelError: 3.07646e-12	AbsError: 1.53997e+08
      Equation: "ElectronContinuityEquation"	RelError: 1.53391e-12	AbsError: 1.53997e+08
      Equation: "HoleContinuityEquation"	RelError: 1.50658e-12	AbsError: 1.50065e-12
      Equation: "PotentialEquation"	RelError: 3.59684e-14	AbsError: 3.94277e-14
    Region: "oxide"	RelError: 5.36565e-11	AbsError: 6.74608e-11
      Equation: "PotentialEquation"	RelError: 5.36565e-11	AbsError: 6.74608e-11
Iteration: 3
  Device: "mos2d"	RelError: 2.68030e-07	AbsError: 8.09565e+03
    Region: "bulk"	RelError: 2.68030e-07	AbsError: 2.30594e+03
      Equation: "ElectronContinuityEquation"	RelError: 2.25826e-07	AbsError: 1.23907e+03
      Equation: "HoleContinuityEquation"	RelError: 4.22037e-08	AbsError: 1.06687e+03
      Equation: "PotentialEquation"	RelError: 3.35059e-14	AbsError: 9.35679e-16
    Region: "gate"	RelError: 3.61016e-16	AbsError: 8.09565e+03
      Equation: "ElectronContinuityEquation"	RelError: 8.14004e-17	AbsError: 8.09565e+03
      Equation: "HoleContinuityEquation"	RelError: 1.78295e-16	AbsError: 1.81098e-16
      Equation: "PotentialEquation"	RelError: 1.01321e-16	AbsError: 1.11055e-16
    Region: "oxide"	RelError: 1.10502e-16	AbsError: 1.05265e-16
      Equation: "PotentialEquation"	RelError: 1.10502e-16	AbsError: 1.05265e-16
Succeeded
IVPOINT	IDVD_VG1P0	5.00000000e-01	1.04000000e+00	5.75671185e-01
drain last end 1.040000e+00 2.000000e+00
number of equations 4346
Iteration: 0
  Device: "mos2d"	RelError: 2.18123e+00	AbsError: 3.38492e+16
    Region: "bulk"	RelError: 2.17142e+00	AbsError: 3.38492e+16
      Equation: "ElectronContinuityEquation"	RelError: 2.89538e-01	AbsError: 3.20768e+16
      Equation: "HoleContinuityEquation"	RelError: 8.92102e-01	AbsError: 1.77234e+15
      Equation: "PotentialEquation"	RelError: 9.89781e-01	AbsError: 2.00000e-02
    Region: "gate"	RelError: 6.14902e-04	AbsError: 3.05064e+16
      Equation: "ElectronContinuityEquation"	RelError: 3.03771e-04	AbsError: 3.05064e+16
      Equation: "HoleContinuityEquation"	RelError: 3.03955e-04	AbsError: 3.02667e-04
      Equation: "PotentialEquation"	RelError: 7.17595e-06	AbsError: 7.86616e-06
    Region: "oxide"	RelError: 9.19349e-03	AbsError: 1.18906e-02
      Equation: "PotentialEquation"	RelError: 9.19349e-03	AbsError: 1.18906e-02
Iteration: 1
  Device: "mos2d"	RelError: 1.90703e-01	AbsError: 1.75116e+14
    Region: "bulk"	RelError: 1.90700e-01	AbsError: 1.75116e+14
      Equation: "ElectronContinuityEquation"	RelError: 3.22548e-02	AbsError: 1.37435e+14
      Equation: "HoleContinuityEquation"	RelError: 1.55945e-01	AbsError: 3.76816e+13
      Equation: "PotentialEquation"	RelError: 2.49940e-03	AbsError: 4.79122e-05
    Region: "gate"	RelError: 3.43386e-07	AbsError: 1.25567e+13
      Equation: "ElectronContinuityEquation"	RelError: 1.25505e-07	AbsError: 1.25567e+13
      Equation: "HoleContinuityEquation"	RelError: 2.13874e-07	AbsError: 2.13767e-07
      Equation: "PotentialEquation"	RelError: 4.00748e-09	AbsError: 4.39255e-09
    Region: "oxide"	RelError: 3.52572e-06	AbsError: 4.02430e-06
      Equation: "PotentialEquation"	RelError: 3.52572e-06	AbsError: 4.02430e-06
Iteration: 2
  Device: "mos2d"	RelError: 1.55813e-03	AbsError: 1.62583e+10
    Region: "bulk"	RelError: 1.55813e-03	AbsError: 1.62583e+10
      Equation: "ElectronContinuityEquation"	RelError: 1.49371e-03	AbsError: 4.64919e+09
      Equation: "HoleContinuityEquation"	RelError: 6.41910e-05	AbsError: 1.16091e+10
      Equation: "PotentialEquation"	RelError: 2.32431e-07	AbsError: 1.05362e-08
    Region: "gate"	RelError: 2.26582e-12	AbsError: 1.13631e+08
      Equation: "ElectronContinuityEquation"	RelError: 1.13149e-12	AbsError: 1.13631e+08
      Equation: "HoleContinuityEquation"	RelError: 1.10789e-12	AbsError: 1.10319e-12
      Equation: "PotentialEquation"	RelError: 2.64338e-14	AbsError: 2.89763e-14
    Region: "oxide"	RelError: 4.68138e-11	AbsError: 5.05176e-11
      Equation: "PotentialEquation"	RelError: 4.68138e-11	AbsError: 5.05176e-11
Iteration: 3
  Device: "mos2d"	RelError: 8.61723e-08	AbsError: 7.95254e+03
    Region: "bulk"	RelError: 8.61723e-08	AbsError: 2.62730e+03
      Equation: "ElectronContinuityEquation"	RelError: 3.91388e-08	AbsError: 1.61135e+03
      Equation: "HoleContinuityEquation"	RelError: 4.70335e-08	AbsError: 1.01595e+03
      Equation: "PotentialEquation"	RelError: 2.58366e-14	AbsError: 8.50306e-16
    Region: "gate"	RelError: 3.67203e-16	AbsError: 7.95254e+03
      Equation: "ElectronContinuityEquation"	RelError: 7.95254e-17	AbsError: 7.95254e+03
      Equation: "HoleContinuityEquation"	RelError: 1.86387e-16	AbsError: 1.88855e-16
      Equation: "PotentialEquation"	RelError: 1.01291e-16	AbsError: 1.11022e-16
    Region: "oxide"	RelError: 1.45082e-16	AbsError: 1.08331e-16
      Equation: "PotentialEquation"	RelError: 1.45082e-16	AbsError: 1.08331e-16
Succeeded
IVPOINT	IDVD_VG1P0	5.00000000e-01	1.06000000e+00	5.80836407e-01
drain last end 1.060000e+00 2.000000e+00
number of equations 4346
Iteration: 0
  Device: "mos2d"	RelError: 3.61540e+02	AbsError: 3.36502e+16
    Region: "bulk"	RelError: 3.61530e+02	AbsError: 3.36502e+16
      Equation: "ElectronContinuityEquation"	RelError: 2.79201e-01	AbsError: 3.18982e+16
      Equation: "HoleContinuityEquation"	RelError: 8.81208e-01	AbsError: 1.75204e+15
      Equation: "PotentialEquation"	RelError: 3.60369e+02	AbsError: 2.00000e-02
    Region: "gate"	RelError: 6.14283e-04	AbsError: 3.04849e+16
      Equation: "ElectronContinuityEquation"	RelError: 3.03465e-04	AbsError: 3.04849e+16
      Equation: "HoleContinuityEquation"	RelError: 3.03649e-04	AbsError: 3.02271e-04
      Equation: "PotentialEquation"	RelError: 7.16867e-06	AbsError: 7.85824e-06
    Region: "oxide"	RelError: 9.10387e-03	AbsError: 1.18828e-02
      Equation: "PotentialEquation"	RelError: 9.10387e-03	AbsError: 1.18828e-02
Iteration: 1
  Device: "mos2d"	RelError: 7.72256e+00	AbsError: 1.63109e+14
    Region: "bulk"	RelError: 7.72255e+00	AbsError: 1.63109e+14
      Equation: "ElectronContinuityEquation"	RelError: 3.11023e-02	AbsError: 1.26463e+14
      Equation: "HoleContinuityEquation"	RelError: 1.52321e-01	AbsError: 3.66456e+13
      Equation: "PotentialEquation"	RelError: 7.53913e+00	AbsError: 4.71747e-05
    Region: "gate"	RelError: 3.24765e-07	AbsError: 1.16495e+13
      Equation: "ElectronContinuityEquation"	RelError: 1.16403e-07	AbsError: 1.16495e+13
      Equation: "HoleContinuityEquation"	RelError: 2.04572e-07	AbsError: 2.04409e-07
      Equation: "PotentialEquation"	RelError: 3.79013e-09	AbsError: 4.15434e-09
    Region: "oxide"	RelError: 3.33022e-06	AbsError: 3.68582e-06
      Equation: "PotentialEquation"	RelError: 3.33022e-06	AbsError: 3.68582e-06
Iteration: 2
  Device: "mos2d"	RelError: 2.08919e-03	AbsError: 1.46029e+10
    Region: "bulk"	RelError: 2.08919e-03	AbsError: 1.46029e+10
      Equation: "ElectronContinuityEquation"	RelError: 1.34831e-03	AbsError: 3.58262e+09
      Equation: "HoleContinuityEquation"	RelError: 5.55923e-05	AbsError: 1.10203e+10
      Equation: "PotentialEquation"	RelError: 6.85293e-04	AbsError: 1.00796e-08
    Region: "gate"	RelError: 1.67887e-12	AbsError: 8.32139e+07
      Equation: "ElectronContinuityEquation"	RelError: 8.28361e-13	AbsError: 8.32139e+07
      Equation: "HoleContinuityEquation"	RelError: 8.30902e-13	AbsError: 8.39076e-13
      Equation: "PotentialEquation"	RelError: 1.96083e-14	AbsError: 2.14872e-14
    Region: "oxide"	RelError: 4.05505e-11	AbsError: 3.76495e-11
      Equation: "PotentialEquation"	RelError: 4.05505e-11	AbsError: 3.76495e-11
Iteration: 3
  Device: "mos2d"	RelError: 8.54406e-08	AbsError: 8.37436e+03
    Region: "bulk"	RelError: 8.54406e-08	AbsError: 2.41554e+03
      Equation: "ElectronContinuityEquation"	RelError: 1.78356e-08	AbsError: 1.50403e+03
      Equation: "HoleContinuityEquation"	RelError: 6.75806e-08	AbsError: 9.11502e+02
      Equation: "PotentialEquation"	RelError: 2.42866e-11	AbsError: 8.53776e-16
    Region: "gate"	RelError: 3.37666e-16	AbsError: 8.37436e+03
      Equation: "ElectronContinuityEquation"	RelError: 8.45674e-17	AbsError: 8.37436e+03
      Equation: "HoleContinuityEquation"	RelError: 1.51559e-16	AbsError: 1.51560e-16
      Equation: "PotentialEquation"	RelError: 1.01540e-16	AbsError: 1.11295e-16
    Region: "oxide"	RelError: 1.35020e-16	AbsError: 1.29054e-16
      Equation: "PotentialEquation"	RelError: 1.35020e-16	AbsError: 1.29054e-16
Succeeded
IVPOINT	IDVD_VG1P0	5.00000000e-01	1.08000000e+00	5.86000194e-01
drain last end 1.080000e+00 2.000000e+00
number of equations 4346
Iteration: 0
  Device: "mos2d"	RelError: 5.50911e+00	AbsError: 3.34541e+16
    Region: "bulk"	RelError: 5.49947e+00	AbsError: 3.34541e+16
      Equation: "ElectronContinuityEquation"	RelError: 2.69297e-01	AbsError: 3.17095e+16
      Equation: "HoleContinuityEquation"	RelError: 8.76813e-01	AbsError: 1.74457e+15
      Equation: "PotentialEquation"	RelError: 4.35336e+00	AbsError: 2.00000e-02
    Region: "gate"	RelError: 6.13701e-04	AbsError: 3.04653e+16
      Equation: "ElectronContinuityEquation"	RelError: 3.03178e-04	AbsError: 3.04653e+16
      Equation: "HoleContinuityEquation"	RelError: 3.03362e-04	AbsError: 3.01893e-04
      Equation: "PotentialEquation"	RelError: 7.16183e-06	AbsError: 7.85080e-06
    Region: "oxide"	RelError: 9.01643e-03	AbsError: 1.18757e-02
      Equation: "PotentialEquation"	RelError: 9.01643e-03	AbsError: 1.18757e-02
Iteration: 1
  Device: "mos2d"	RelError: 1.86342e-01	AbsError: 1.57302e+14
    Region: "bulk"	RelError: 1.86338e-01	AbsError: 1.57302e+14
      Equation: "ElectronContinuityEquation"	RelError: 2.97915e-02	AbsError: 1.21652e+14
      Equation: "HoleContinuityEquation"	RelError: 1.50879e-01	AbsError: 3.56502e+13
      Equation: "PotentialEquation"	RelError: 5.66800e-03	AbsError: 4.62646e-05
    Region: "gate"	RelError: 3.08333e-07	AbsError: 1.08496e+13
      Equation: "ElectronContinuityEquation"	RelError: 1.08377e-07	AbsError: 1.08496e+13
      Equation: "HoleContinuityEquation"	RelError: 1.96358e-07	AbsError: 1.96144e-07
      Equation: "PotentialEquation"	RelError: 3.59833e-09	AbsError: 3.94414e-09
    Region: "oxide"	RelError: 3.15461e-06	AbsError: 3.39149e-06
      Equation: "PotentialEquation"	RelError: 3.15461e-06	AbsError: 3.39149e-06
Iteration: 2
  Device: "mos2d"	RelError: 1.28018e-03	AbsError: 1.30185e+10
    Region: "bulk"	RelError: 1.28018e-03	AbsError: 1.30185e+10
      Equation: "ElectronContinuityEquation"	RelError: 1.23237e-03	AbsError: 2.76148e+09
      Equation: "HoleContinuityEquation"	RelError: 4.75926e-05	AbsError: 1.02570e+10
      Equation: "PotentialEquation"	RelError: 2.14935e-07	AbsError: 9.49491e-09
    Region: "gate"	RelError: 1.44825e-12	AbsError: 7.05521e+07
      Equation: "ElectronContinuityEquation"	RelError: 7.12390e-13	AbsError: 7.05521e+07
      Equation: "HoleContinuityEquation"	RelError: 7.19005e-13	AbsError: 7.26006e-13
      Equation: "PotentialEquation"	RelError: 1.68588e-14	AbsError: 1.84743e-14
    Region: "oxide"	RelError: 3.48555e-11	AbsError: 2.79462e-11
      Equation: "PotentialEquation"	RelError: 3.48555e-11	AbsError: 2.79462e-11
Iteration: 3
  Device: "mos2d"	RelError: 9.61678e-08	AbsError: 8.13772e+03
    Region: "bulk"	RelError: 9.61678e-08	AbsError: 2.90831e+03
      Equation: "ElectronContinuityEquation"	RelError: 5.54295e-08	AbsError: 2.11027e+03
      Equation: "HoleContinuityEquation"	RelError: 4.07384e-08	AbsError: 7.98046e+02
      Equation: "PotentialEquation"	RelError: 1.56278e-14	AbsError: 7.16236e-16
    Region: "gate"	RelError: 4.53141e-16	AbsError: 8.13772e+03
      Equation: "ElectronContinuityEquation"	RelError: 8.13772e-17	AbsError: 8.13772e+03
      Equation: "HoleContinuityEquation"	RelError: 2.68631e-16	AbsError: 2.76234e-16
      Equation: "PotentialEquation"	RelError: 1.03133e-16	AbsError: 1.13054e-16
    Region: "oxide"	RelError: 1.29166e-16	AbsError: 1.40214e-16
      Equation: "PotentialEquation"	RelError: 1.29166e-16	AbsError: 1.40214e-16
Succeeded
IVPOINT	IDVD_VG1P0	5.00000000e-01	1.10000000e+00	5.91163119e-01
drain last end 1.100000e+00 2.000000e+00
number of equations 4346
Iteration: 0
  Device: "mos2d"	RelError: 1.95607e+00	AbsError: 3.32591e+16
    Region: "bulk"	RelError: 1.94652e+00	AbsError: 3.32591e+16
      Equation: "ElectronContinuityEquation"	RelError: 2.66322e-01	AbsError: 3.15111e+16
      Equation: "HoleContinuityEquation"	RelError: 8.67469e-01	AbsError: 1.74791e+15
      Equation: "PotentialEquation"	RelError: 8.12733e-01	AbsError: 2.00000e-02
    Region: "gate"	RelError: 6.13152e-04	AbsError: 3.04472e+16
      Equation: "ElectronContinuityEquation"	RelError: 3.02906e-04	AbsError: 3.04472e+16
      Equation: "HoleContinuityEquation"	RelError: 3.03090e-04	AbsError: 3.01531e-04
      Equation: "PotentialEquation"	RelError: 7.15537e-06	AbsError: 7.84377e-06
    Region: "oxide"	RelError: 8.93106e-03	AbsError: 1.18693e-02
      Equation: "PotentialEquation"	RelError: 8.93106e-03	AbsError: 1.18693e-02
Iteration: 1
  Device: "mos2d"	RelError: 1.79388e-01	AbsError: 1.53396e+14
    Region: "bulk"	RelError: 1.79385e-01	AbsError: 1.53396e+14
      Equation: "ElectronContinuityEquation"	RelError: 2.83041e-02	AbsError: 1.17130e+14
      Equation: "HoleContinuityEquation"	RelError: 1.49768e-01	AbsError: 3.62655e+13
      Equation: "PotentialEquation"	RelError: 1.31220e-03	AbsError: 4.52093e-05
    Region: "gate"	RelError: 2.93820e-07	AbsError: 1.01436e+13
      Equation: "ElectronContinuityEquation"	RelError: 1.01295e-07	AbsError: 1.01436e+13
      Equation: "HoleContinuityEquation"	RelError: 1.89096e-07	AbsError: 1.88834e-07
      Equation: "PotentialEquation"	RelError: 3.42893e-09	AbsError: 3.75848e-09
    Region: "oxide"	RelError: 2.99225e-06	AbsError: 3.13389e-06
      Equation: "PotentialEquation"	RelError: 2.99225e-06	AbsError: 3.13389e-06
Iteration: 2
  Device: "mos2d"	RelError: 1.37634e-03	AbsError: 1.14924e+10
    Region: "bulk"	RelError: 1.37634e-03	AbsError: 1.14924e+10
      Equation: "ElectronContinuityEquation"	RelError: 1.33584e-03	AbsError: 2.13055e+09
      Equation: "HoleContinuityEquation"	RelError: 4.02976e-05	AbsError: 9.36185e+09
      Equation: "PotentialEquation"	RelError: 1.95778e-07	AbsError: 8.81567e-09
    Region: "gate"	RelError: 1.23976e-12	AbsError: 6.03804e+07
      Equation: "ElectronContinuityEquation"	RelError: 6.09623e-13	AbsError: 6.03804e+07
      Equation: "HoleContinuityEquation"	RelError: 6.15740e-13	AbsError: 6.21674e-13
      Equation: "PotentialEquation"	RelError: 1.43959e-14	AbsError: 1.57754e-14
    Region: "oxide"	RelError: 2.97106e-11	AbsError: 2.13432e-11
      Equation: "PotentialEquation"	RelError: 2.97106e-11	AbsError: 2.13432e-11
Iteration: 3
  Device: "mos2d"	RelError: 5.69473e-07	AbsError: 7.65136e+03
    Region: "bulk"	RelError: 5.69473e-07	AbsError: 2.40131e+03
      Equation: "ElectronContinuityEquation"	RelError: 4.06819e-07	AbsError: 1.72625e+03
      Equation: "HoleContinuityEquation"	RelError: 1.62654e-07	AbsError: 6.75063e+02
      Equation: "PotentialEquation"	RelError: 3.61099e-14	AbsError: 6.22070e-16
    Region: "gate"	RelError: 3.47237e-16	AbsError: 7.65136e+03
      Equation: "ElectronContinuityEquation"	RelError: 7.65136e-17	AbsError: 7.65136e+03
      Equation: "HoleContinuityEquation"	RelError: 1.69432e-16	AbsError: 1.68561e-16
      Equation: "PotentialEquation"	RelError: 1.01291e-16	AbsError: 1.11023e-16
    Region: "oxide"	RelError: 1.32111e-16	AbsError: 1.12554e-16
      Equation: "PotentialEquation"	RelError: 1.32111e-16	AbsError: 1.12554e-16
Succeeded
IVPOINT	IDVD_VG1P0	5.00000000e-01	1.12000000e+00	5.96325718e-01
drain last end 1.120000e+00 2.000000e+00
number of equations 4346
Iteration: 0
  Device: "mos2d"	RelError: 1.91523e+00	AbsError: 3.30521e+16
    Region: "bulk"	RelError: 1.90577e+00	AbsError: 3.30521e+16
      Equation: "ElectronContinuityEquation"	RelError: 2.62981e-01	AbsError: 3.13034e+16
      Equation: "HoleContinuityEquation"	RelError: 8.54285e-01	AbsError: 1.74874e+15
      Equation: "PotentialEquation"	RelError: 7.88502e-01	AbsError: 2.00000e-02
    Region: "gate"	RelError: 6.12631e-04	AbsError: 3.04306e+16
      Equation: "ElectronContinuityEquation"	RelError: 3.02649e-04	AbsError: 3.04306e+16
      Equation: "HoleContinuityEquation"	RelError: 3.02832e-04	AbsError: 3.01184e-04
      Equation: "PotentialEquation"	RelError: 7.14924e-06	AbsError: 7.83711e-06
    Region: "oxide"	RelError: 8.84763e-03	AbsError: 1.18633e-02
      Equation: "PotentialEquation"	RelError: 8.84763e-03	AbsError: 1.18633e-02
Iteration: 1
  Device: "mos2d"	RelError: 1.76470e-01	AbsError: 1.49489e+14
    Region: "bulk"	RelError: 1.76467e-01	AbsError: 1.49489e+14
      Equation: "ElectronContinuityEquation"	RelError: 2.66245e-02	AbsError: 1.12874e+14
      Equation: "HoleContinuityEquation"	RelError: 1.47536e-01	AbsError: 3.66153e+13
      Equation: "PotentialEquation"	RelError: 2.30697e-03	AbsError: 4.40407e-05
    Region: "gate"	RelError: 2.80989e-07	AbsError: 9.51997e+12
      Equation: "ElectronContinuityEquation"	RelError: 9.50396e-08	AbsError: 9.51997e+12
      Equation: "HoleContinuityEquation"	RelError: 1.82670e-07	AbsError: 1.82363e-07
      Equation: "PotentialEquation"	RelError: 3.27915e-09	AbsError: 3.59434e-09
    Region: "oxide"	RelError: 2.84157e-06	AbsError: 2.91464e-06
      Equation: "PotentialEquation"	RelError: 2.84157e-06	AbsError: 2.91464e-06
Iteration: 2
  Device: "mos2d"	RelError: 1.41799e-03	AbsError: 1.03803e+10
    Region: "bulk"	RelError: 1.41799e-03	AbsError: 1.03803e+10
      Equation: "ElectronContinuityEquation"	RelError: 1.38380e-03	AbsError: 1.64642e+09
      Equation: "HoleContinuityEquation"	RelError: 3.38555e-05	AbsError: 8.73390e+09
      Equation: "PotentialEquation"	RelError: 3.29897e-07	AbsError: 8.07949e-09
    Region: "gate"	RelError: 1.05014e-12	AbsError: 5.11222e+07
      Equation: "ElectronContinuityEquation"	RelError: 5.16097e-13	AbsError: 5.11222e+07
      Equation: "HoleContinuityEquation"	RelError: 5.21711e-13	AbsError: 5.26687e-13
      Equation: "PotentialEquation"	RelError: 1.23277e-14	AbsError: 1.35091e-14
    Region: "oxide"	RelError: 2.51021e-11	AbsError: 1.80867e-11
      Equation: "PotentialEquation"	RelError: 2.51021e-11	AbsError: 1.80867e-11
Iteration: 3
  Device: "mos2d"	RelError: 4.76682e-07	AbsError: 8.17779e+03
    Region: "bulk"	RelError: 4.76682e-07	AbsError: 1.63249e+03
      Equation: "ElectronContinuityEquation"	RelError: 4.33069e-07	AbsError: 1.07523e+03
      Equation: "HoleContinuityEquation"	RelError: 4.36134e-08	AbsError: 5.57260e+02
      Equation: "PotentialEquation"	RelError: 1.51925e-14	AbsError: 4.96283e-16
    Region: "gate"	RelError: 3.19258e-16	AbsError: 8.17779e+03
      Equation: "ElectronContinuityEquation"	RelError: 8.17779e-17	AbsError: 8.17779e+03
      Equation: "HoleContinuityEquation"	RelError: 1.36189e-16	AbsError: 1.36189e-16
      Equation: "PotentialEquation"	RelError: 1.01291e-16	AbsError: 1.11022e-16
    Region: "oxide"	RelError: 1.22589e-16	AbsError: 1.08353e-16
      Equation: "PotentialEquation"	RelError: 1.22589e-16	AbsError: 1.08353e-16
Succeeded
IVPOINT	IDVD_VG1P0	5.00000000e-01	1.14000000e+00	6.01488491e-01
drain last end 1.140000e+00 2.000000e+00
number of equations 4346
Iteration: 0
  Device: "mos2d"	RelError: 4.99431e+00	AbsError: 3.30123e+16
    Region: "bulk"	RelError: 4.98493e+00	AbsError: 3.30123e+16
      Equation: "ElectronContinuityEquation"	RelError: 2.59195e-01	AbsError: 3.12653e+16
      Equation: "HoleContinuityEquation"	RelError: 8.49611e-01	AbsError: 1.74700e+15
      Equation: "PotentialEquation"	RelError: 3.87612e+00	AbsError: 2.00000e-02
    Region: "gate"	RelError: 6.12135e-04	AbsError: 3.04151e+16
      Equation: "ElectronContinuityEquation"	RelError: 3.02404e-04	AbsError: 3.04151e+16
      Equation: "HoleContinuityEquation"	RelError: 3.02587e-04	AbsError: 3.00849e-04
      Equation: "PotentialEquation"	RelError: 7.14340e-06	AbsError: 7.83076e-06
    Region: "oxide"	RelError: 8.76605e-03	AbsError: 1.18579e-02
      Equation: "PotentialEquation"	RelError: 8.76605e-03	AbsError: 1.18579e-02
Iteration: 1
  Device: "mos2d"	RelError: 1.81962e-01	AbsError: 1.48923e+14
    Region: "bulk"	RelError: 1.81959e-01	AbsError: 1.48923e+14
      Equation: "ElectronContinuityEquation"	RelError: 2.56261e-02	AbsError: 1.12222e+14
      Equation: "HoleContinuityEquation"	RelError: 1.45174e-01	AbsError: 3.67013e+13
      Equation: "PotentialEquation"	RelError: 1.11584e-02	AbsError: 4.35345e-05
    Region: "gate"	RelError: 2.69633e-07	AbsError: 8.96869e+12
      Equation: "ElectronContinuityEquation"	RelError: 8.95096e-08	AbsError: 8.96869e+12
      Equation: "HoleContinuityEquation"	RelError: 1.76977e-07	AbsError: 1.76627e-07
      Equation: "PotentialEquation"	RelError: 3.14660e-09	AbsError: 3.44907e-09
    Region: "oxide"	RelError: 2.70122e-06	AbsError: 2.73738e-06
      Equation: "PotentialEquation"	RelError: 2.70122e-06	AbsError: 2.73738e-06
Iteration: 2
  Device: "mos2d"	RelError: 1.39511e-03	AbsError: 1.04833e+10
    Region: "bulk"	RelError: 1.39511e-03	AbsError: 1.04833e+10
      Equation: "ElectronContinuityEquation"	RelError: 1.36297e-03	AbsError: 1.70597e+09
      Equation: "HoleContinuityEquation"	RelError: 3.06171e-05	AbsError: 8.77732e+09
      Equation: "PotentialEquation"	RelError: 1.52305e-06	AbsError: 7.32469e-09
    Region: "gate"	RelError: 8.79571e-13	AbsError: 4.27989e+07
      Equation: "ElectronContinuityEquation"	RelError: 4.32028e-13	AbsError: 4.27989e+07
      Equation: "HoleContinuityEquation"	RelError: 4.37203e-13	AbsError: 4.41328e-13
      Equation: "PotentialEquation"	RelError: 1.03399e-14	AbsError: 1.13308e-14
    Region: "oxide"	RelError: 2.10254e-11	AbsError: 1.51946e-11
      Equation: "PotentialEquation"	RelError: 2.10254e-11	AbsError: 1.51946e-11
Iteration: 3
  Device: "mos2d"	RelError: 1.86097e-07	AbsError: 7.95756e+03
    Region: "bulk"	RelError: 1.86097e-07	AbsError: 1.84191e+03
      Equation: "ElectronContinuityEquation"	RelError: 3.12422e-08	AbsError: 1.27957e+03
      Equation: "HoleContinuityEquation"	RelError: 1.54854e-07	AbsError: 5.62332e+02
      Equation: "PotentialEquation"	RelError: 1.10189e-13	AbsError: 4.52657e-16
    Region: "gate"	RelError: 4.48364e-16	AbsError: 7.95756e+03
      Equation: "ElectronContinuityEquation"	RelError: 7.95756e-17	AbsError: 7.95756e+03
      Equation: "HoleContinuityEquation"	RelError: 2.67497e-16	AbsError: 2.68738e-16
      Equation: "PotentialEquation"	RelError: 1.01291e-16	AbsError: 1.11022e-16
    Region: "oxide"	RelError: 1.20323e-16	AbsError: 1.34828e-16
      Equation: "PotentialEquation"	RelError: 1.20323e-16	AbsError: 1.34828e-16
Succeeded
IVPOINT	IDVD_VG1P0	5.00000000e-01	1.16000000e+00	6.06651913e-01
drain last end 1.160000e+00 2.000000e+00
number of equations 4346
Iteration: 0
  Device: "mos2d"	RelError: 3.56010e+00	AbsError: 3.31314e+16
    Region: "bulk"	RelError: 3.55080e+00	AbsError: 3.31314e+16
      Equation: "ElectronContinuityEquation"	RelError: 2.54876e-01	AbsError: 3.13888e+16
      Equation: "HoleContinuityEquation"	RelError: 8.40090e-01	AbsError: 1.74262e+15
      Equation: "PotentialEquation"	RelError: 2.45584e+00	AbsError: 2.00000e-02
    Region: "gate"	RelError: 6.11661e-04	AbsError: 3.04008e+16
      Equation: "ElectronContinuityEquation"	RelError: 3.02170e-04	AbsError: 3.04008e+16
      Equation: "HoleContinuityEquation"	RelError: 3.02353e-04	AbsError: 3.00525e-04
      Equation: "PotentialEquation"	RelError: 7.13782e-06	AbsError: 7.82470e-06
    Region: "oxide"	RelError: 8.68621e-03	AbsError: 1.18528e-02
      Equation: "PotentialEquation"	RelError: 8.68621e-03	AbsError: 1.18528e-02
Iteration: 1
  Device: "mos2d"	RelError: 1.72880e-01	AbsError: 1.53213e+14
    Region: "bulk"	RelError: 1.72877e-01	AbsError: 1.53213e+14
      Equation: "ElectronContinuityEquation"	RelError: 2.51392e-02	AbsError: 1.16685e+14
      Equation: "HoleContinuityEquation"	RelError: 1.44028e-01	AbsError: 3.65286e+13
      Equation: "PotentialEquation"	RelError: 3.70949e-03	AbsError: 4.56822e-05
    Region: "gate"	RelError: 2.59573e-07	AbsError: 8.48092e+12
      Equation: "ElectronContinuityEquation"	RelError: 8.46165e-08	AbsError: 8.48092e+12
      Equation: "HoleContinuityEquation"	RelError: 1.71927e-07	AbsError: 1.71537e-07
      Equation: "PotentialEquation"	RelError: 3.02917e-09	AbsError: 3.32038e-09
    Region: "oxide"	RelError: 2.57001e-06	AbsError: 2.58210e-06
      Equation: "PotentialEquation"	RelError: 2.57001e-06	AbsError: 2.58210e-06
Iteration: 2
  Device: "mos2d"	RelError: 1.30315e-03	AbsError: 1.05285e+10
    Region: "bulk"	RelError: 1.30315e-03	AbsError: 1.05285e+10
      Equation: "ElectronContinuityEquation"	RelError: 1.27081e-03	AbsError: 1.82703e+09
      Equation: "HoleContinuityEquation"	RelError: 3.18596e-05	AbsError: 8.70150e+09
      Equation: "PotentialEquation"	RelError: 4.82710e-07	AbsError: 7.03575e-09
    Region: "gate"	RelError: 7.30124e-13	AbsError: 3.55147e+07
      Equation: "ElectronContinuityEquation"	RelError: 3.58463e-13	AbsError: 3.55147e+07
      Equation: "HoleContinuityEquation"	RelError: 3.63098e-13	AbsError: 3.66488e-13
      Equation: "PotentialEquation"	RelError: 8.56307e-15	AbsError: 9.38371e-15
    Region: "oxide"	RelError: 1.74853e-11	AbsError: 1.26738e-11
      Equation: "PotentialEquation"	RelError: 1.74853e-11	AbsError: 1.26738e-11
Iteration: 3
  Device: "mos2d"	RelError: 6.83759e-07	AbsError: 8.22578e+03
    Region: "bulk"	RelError: 6.83759e-07	AbsError: 2.05098e+03
      Equation: "ElectronContinuityEquation"	RelError: 5.86032e-07	AbsError: 1.61917e+03
      Equation: "HoleContinuityEquation"	RelError: 9.77271e-08	AbsError: 4.31804e+02
      Equation: "PotentialEquation"	RelError: 3.29118e-14	AbsError: 3.82552e-16
    Region: "gate"	RelError: 3.49413e-16	AbsError: 8.22578e+03
      Equation: "ElectronContinuityEquation"	RelError: 8.33577e-17	AbsError: 8.22578e+03
      Equation: "HoleContinuityEquation"	RelError: 1.64765e-16	AbsError: 1.64765e-16
      Equation: "PotentialEquation"	RelError: 1.01291e-16	AbsError: 1.11022e-16
    Region: "oxide"	RelError: 1.27960e-16	AbsError: 1.28361e-16
      Equation: "PotentialEquation"	RelError: 1.27960e-16	AbsError: 1.28361e-16
Succeeded
IVPOINT	IDVD_VG1P0	5.00000000e-01	1.18000000e+00	6.11816432e-01
drain last end 1.180000e+00 2.000000e+00
number of equations 4346
Iteration: 0
  Device: "mos2d"	RelError: 4.04685e+00	AbsError: 3.32461e+16
    Region: "bulk"	RelError: 4.03763e+00	AbsError: 3.32461e+16
      Equation: "ElectronContinuityEquation"	RelError: 2.49931e-01	AbsError: 3.15106e+16
      Equation: "HoleContinuityEquation"	RelError: 8.23321e-01	AbsError: 1.73553e+15
      Equation: "PotentialEquation"	RelError: 2.96438e+00	AbsError: 2.00000e-02
    Region: "gate"	RelError: 6.11206e-04	AbsError: 3.03873e+16
      Equation: "ElectronContinuityEquation"	RelError: 3.01945e-04	AbsError: 3.03873e+16
      Equation: "HoleContinuityEquation"	RelError: 3.02128e-04	AbsError: 3.00211e-04
      Equation: "PotentialEquation"	RelError: 7.13246e-06	AbsError: 7.81888e-06
    Region: "oxide"	RelError: 8.60802e-03	AbsError: 1.18481e-02
      Equation: "PotentialEquation"	RelError: 8.60802e-03	AbsError: 1.18481e-02
Iteration: 1
  Device: "mos2d"	RelError: 1.70345e-01	AbsError: 1.57215e+14
    Region: "bulk"	RelError: 1.70342e-01	AbsError: 1.57215e+14
      Equation: "ElectronContinuityEquation"	RelError: 2.45946e-02	AbsError: 1.21109e+14
      Equation: "HoleContinuityEquation"	RelError: 1.41792e-01	AbsError: 3.61063e+13
      Equation: "PotentialEquation"	RelError: 3.95568e-03	AbsError: 4.79983e-05
    Region: "gate"	RelError: 2.50652e-07	AbsError: 8.04898e+12
      Equation: "ElectronContinuityEquation"	RelError: 8.02832e-08	AbsError: 8.04898e+12
      Equation: "HoleContinuityEquation"	RelError: 1.67443e-07	AbsError: 1.67014e-07
      Equation: "PotentialEquation"	RelError: 2.92504e-09	AbsError: 3.20625e-09
    Region: "oxide"	RelError: 2.44690e-06	AbsError: 2.44557e-06
      Equation: "PotentialEquation"	RelError: 2.44690e-06	AbsError: 2.44557e-06
Iteration: 2
  Device: "mos2d"	RelError: 1.15108e-03	AbsError: 1.04705e+10
    Region: "bulk"	RelError: 1.15108e-03	AbsError: 1.04705e+10
      Equation: "ElectronContinuityEquation"	RelError: 1.11774e-03	AbsError: 1.96040e+09
      Equation: "HoleContinuityEquation"	RelError: 3.31511e-05	AbsError: 8.51012e+09
      Equation: "PotentialEquation"	RelError: 1.93136e-07	AbsError: 7.46201e-09
    Region: "gate"	RelError: 6.03773e-13	AbsError: 2.93487e+07
      Equation: "ElectronContinuityEquation"	RelError: 2.96198e-13	AbsError: 2.93487e+07
      Equation: "HoleContinuityEquation"	RelError: 3.00472e-13	AbsError: 3.03248e-13
      Equation: "PotentialEquation"	RelError: 7.10275e-15	AbsError: 7.78345e-15
    Region: "oxide"	RelError: 1.44927e-11	AbsError: 1.05358e-11
      Equation: "PotentialEquation"	RelError: 1.44927e-11	AbsError: 1.05358e-11
Iteration: 3
  Device: "mos2d"	RelError: 3.93575e-07	AbsError: 7.97390e+03
    Region: "bulk"	RelError: 3.93575e-07	AbsError: 1.69018e+03
      Equation: "ElectronContinuityEquation"	RelError: 1.36610e-07	AbsError: 1.26586e+03
      Equation: "HoleContinuityEquation"	RelError: 2.56965e-07	AbsError: 4.24312e+02
      Equation: "PotentialEquation"	RelError: 4.92490e-14	AbsError: 3.83511e-16
    Region: "gate"	RelError: 4.07418e-16	AbsError: 7.97390e+03
      Equation: "ElectronContinuityEquation"	RelError: 8.05471e-17	AbsError: 7.97390e+03
      Equation: "HoleContinuityEquation"	RelError: 2.25568e-16	AbsError: 2.29148e-16
      Equation: "PotentialEquation"	RelError: 1.01303e-16	AbsError: 1.11036e-16
    Region: "oxide"	RelError: 1.28096e-16	AbsError: 1.08757e-16
      Equation: "PotentialEquation"	RelError: 1.28096e-16	AbsError: 1.08757e-16
Succeeded
IVPOINT	IDVD_VG1P0	5.00000000e-01	1.20000000e+00	6.16982475e-01
drain last end 1.200000e+00 2.000000e+00
number of equations 4346
Iteration: 0
  Device: "mos2d"	RelError: 3.95485e+00	AbsError: 3.33569e+16
    Region: "bulk"	RelError: 3.94571e+00	AbsError: 3.33569e+16
      Equation: "ElectronContinuityEquation"	RelError: 2.44271e-01	AbsError: 3.16313e+16
      Equation: "HoleContinuityEquation"	RelError: 7.96098e-01	AbsError: 1.72562e+15
      Equation: "PotentialEquation"	RelError: 2.90534e+00	AbsError: 2.00000e-02
    Region: "gate"	RelError: 6.10767e-04	AbsError: 3.03747e+16
      Equation: "ElectronContinuityEquation"	RelError: 3.01729e-04	AbsError: 3.03747e+16
      Equation: "HoleContinuityEquation"	RelError: 3.01911e-04	AbsError: 2.99905e-04
      Equation: "PotentialEquation"	RelError: 7.12729e-06	AbsError: 7.81327e-06
    Region: "oxide"	RelError: 8.53143e-03	AbsError: 1.18437e-02
      Equation: "PotentialEquation"	RelError: 8.53143e-03	AbsError: 1.18437e-02
Iteration: 1
  Device: "mos2d"	RelError: 1.66610e-01	AbsError: 1.60961e+14
    Region: "bulk"	RelError: 1.66607e-01	AbsError: 1.60961e+14
      Equation: "ElectronContinuityEquation"	RelError: 2.39816e-02	AbsError: 1.25514e+14
      Equation: "HoleContinuityEquation"	RelError: 1.37961e-01	AbsError: 3.54472e+13
      Equation: "PotentialEquation"	RelError: 4.66504e-03	AbsError: 5.03052e-05
    Region: "gate"	RelError: 2.42732e-07	AbsError: 7.66616e+12
      Equation: "ElectronContinuityEquation"	RelError: 7.64424e-08	AbsError: 7.66616e+12
      Equation: "HoleContinuityEquation"	RelError: 1.63457e-07	AbsError: 1.62990e-07
      Equation: "PotentialEquation"	RelError: 2.83259e-09	AbsError: 3.10494e-09
    Region: "oxide"	RelError: 2.33100e-06	AbsError: 2.32552e-06
      Equation: "PotentialEquation"	RelError: 2.33100e-06	AbsError: 2.32552e-06
Iteration: 2
  Device: "mos2d"	RelError: 1.11128e-03	AbsError: 1.03165e+10
    Region: "bulk"	RelError: 1.11128e-03	AbsError: 1.03165e+10
      Equation: "ElectronContinuityEquation"	RelError: 1.07652e-03	AbsError: 2.10569e+09
      Equation: "HoleContinuityEquation"	RelError: 3.44749e-05	AbsError: 8.21078e+09
      Equation: "PotentialEquation"	RelError: 2.91265e-07	AbsError: 8.73535e-09
    Region: "gate"	RelError: 5.01458e-13	AbsError: 2.43581e+07
      Equation: "ElectronContinuityEquation"	RelError: 2.45807e-13	AbsError: 2.43581e+07
      Equation: "HoleContinuityEquation"	RelError: 2.49733e-13	AbsError: 2.52015e-13
      Equation: "PotentialEquation"	RelError: 5.91756e-15	AbsError: 6.48469e-15
    Region: "oxide"	RelError: 1.20586e-11	AbsError: 8.79211e-12
      Equation: "PotentialEquation"	RelError: 1.20586e-11	AbsError: 8.79211e-12
Iteration: 3
  Device: "mos2d"	RelError: 1.43519e-07	AbsError: 8.08489e+03
    Region: "bulk"	RelError: 1.43519e-07	AbsError: 2.07014e+03
      Equation: "ElectronContinuityEquation"	RelError: 2.53295e-08	AbsError: 1.67484e+03
      Equation: "HoleContinuityEquation"	RelError: 1.18189e-07	AbsError: 3.95293e+02
      Equation: "PotentialEquation"	RelError: 1.10930e-13	AbsError: 3.73475e-16
    Region: "gate"	RelError: 3.85620e-16	AbsError: 8.08489e+03
      Equation: "ElectronContinuityEquation"	RelError: 8.08489e-17	AbsError: 8.08489e+03
      Equation: "HoleContinuityEquation"	RelError: 2.03390e-16	AbsError: 2.06107e-16
      Equation: "PotentialEquation"	RelError: 1.01381e-16	AbsError: 1.11121e-16
    Region: "oxide"	RelError: 1.11471e-16	AbsError: 1.11360e-16
      Equation: "PotentialEquation"	RelError: 1.11471e-16	AbsError: 1.11360e-16
Succeeded
IVPOINT	IDVD_VG1P0	5.00000000e-01	1.22000000e+00	6.22150454e-01
drain last end 1.220000e+00 2.000000e+00
number of equations 4346
Iteration: 0
  Device: "mos2d"	RelError: 4.40353e+00	AbsError: 3.34643e+16
    Region: "bulk"	RelError: 4.39446e+00	AbsError: 3.34643e+16
      Equation: "ElectronContinuityEquation"	RelError: 2.37812e-01	AbsError: 3.17515e+16
      Equation: "HoleContinuityEquation"	RelError: 7.84527e-01	AbsError: 1.71280e+15
      Equation: "PotentialEquation"	RelError: 3.37212e+00	AbsError: 2.00000e-02
    Region: "gate"	RelError: 6.10344e-04	AbsError: 3.03628e+16
      Equation: "ElectronContinuityEquation"	RelError: 3.01520e-04	AbsError: 3.03628e+16
      Equation: "HoleContinuityEquation"	RelError: 3.01702e-04	AbsError: 2.99606e-04
      Equation: "PotentialEquation"	RelError: 7.12230e-06	AbsError: 7.80785e-06
    Region: "oxide"	RelError: 8.45634e-03	AbsError: 1.18395e-02
      Equation: "PotentialEquation"	RelError: 8.45634e-03	AbsError: 1.18395e-02
Iteration: 1
  Device: "mos2d"	RelError: 1.58925e-01	AbsError: 1.64483e+14
    Region: "bulk"	RelError: 1.58923e-01	AbsError: 1.64483e+14
      Equation: "ElectronContinuityEquation"	RelError: 2.32915e-02	AbsError: 1.29916e+14
      Equation: "HoleContinuityEquation"	RelError: 1.31905e-01	AbsError: 3.45678e+13
      Equation: "PotentialEquation"	RelError: 3.72646e-03	AbsError: 5.25630e-05
    Region: "gate"	RelError: 2.35695e-07	AbsError: 7.32664e+12
      Equation: "ElectronContinuityEquation"	RelError: 7.30353e-08	AbsError: 7.32664e+12
      Equation: "HoleContinuityEquation"	RelError: 1.59909e-07	AbsError: 1.59405e-07
      Equation: "PotentialEquation"	RelError: 2.75045e-09	AbsError: 3.01492e-09
    Region: "oxide"	RelError: 2.22153e-06	AbsError: 2.22000e-06
      Equation: "PotentialEquation"	RelError: 2.22153e-06	AbsError: 2.22000e-06
Iteration: 2
  Device: "mos2d"	RelError: 1.21467e-03	AbsError: 1.00770e+10
    Region: "bulk"	RelError: 1.21467e-03	AbsError: 1.00770e+10
      Equation: "ElectronContinuityEquation"	RelError: 1.17863e-03	AbsError: 2.26197e+09
      Equation: "HoleContinuityEquation"	RelError: 3.58089e-05	AbsError: 7.81500e+09
      Equation: "PotentialEquation"	RelError: 2.30349e-07	AbsError: 1.01085e-08
    Region: "gate"	RelError: 4.24255e-13	AbsError: 2.05907e+07
      Equation: "ElectronContinuityEquation"	RelError: 2.07768e-13	AbsError: 2.05907e+07
      Equation: "HoleContinuityEquation"	RelError: 2.11457e-13	AbsError: 2.13369e-13
      Equation: "PotentialEquation"	RelError: 5.02938e-15	AbsError: 5.51141e-15
    Region: "oxide"	RelError: 1.01886e-11	AbsError: 7.45048e-12
      Equation: "PotentialEquation"	RelError: 1.01886e-11	AbsError: 7.45048e-12
Iteration: 3
  Device: "mos2d"	RelError: 2.95258e-07	AbsError: 8.12121e+03
    Region: "bulk"	RelError: 2.95258e-07	AbsError: 1.78014e+03
      Equation: "ElectronContinuityEquation"	RelError: 1.73154e-08	AbsError: 1.41880e+03
      Equation: "HoleContinuityEquation"	RelError: 2.77943e-07	AbsError: 3.61334e+02
      Equation: "PotentialEquation"	RelError: 1.86907e-14	AbsError: 5.44816e-16
    Region: "gate"	RelError: 3.88555e-16	AbsError: 8.12121e+03
      Equation: "ElectronContinuityEquation"	RelError: 8.12140e-17	AbsError: 8.12121e+03
      Equation: "HoleContinuityEquation"	RelError: 2.06050e-16	AbsError: 2.07913e-16
      Equation: "PotentialEquation"	RelError: 1.01291e-16	AbsError: 1.11022e-16
    Region: "oxide"	RelError: 1.20990e-16	AbsError: 1.29877e-16
      Equation: "PotentialEquation"	RelError: 1.20990e-16	AbsError: 1.29877e-16
Succeeded
IVPOINT	IDVD_VG1P0	5.00000000e-01	1.24000000e+00	6.27320762e-01
drain last end 1.240000e+00 2.000000e+00
number of equations 4346
Iteration: 0
  Device: "mos2d"	RelError: 4.30331e+00	AbsError: 3.35685e+16
    Region: "bulk"	RelError: 4.29432e+00	AbsError: 3.35685e+16
      Equation: "ElectronContinuityEquation"	RelError: 2.30482e-01	AbsError: 3.18716e+16
      Equation: "HoleContinuityEquation"	RelError: 7.88322e-01	AbsError: 1.69694e+15
      Equation: "PotentialEquation"	RelError: 3.27552e+00	AbsError: 2.00000e-02
    Region: "gate"	RelError: 6.09933e-04	AbsError: 3.03515e+16
      Equation: "ElectronContinuityEquation"	RelError: 3.01317e-04	AbsError: 3.03515e+16
      Equation: "HoleContinuityEquation"	RelError: 3.01498e-04	AbsError: 2.99315e-04
      Equation: "PotentialEquation"	RelError: 7.11745e-06	AbsError: 7.80260e-06
    Region: "oxide"	RelError: 8.38270e-03	AbsError: 1.18356e-02
      Equation: "PotentialEquation"	RelError: 8.38270e-03	AbsError: 1.18356e-02
Iteration: 1
  Device: "mos2d"	RelError: 1.61562e-01	AbsError: 1.67817e+14
    Region: "bulk"	RelError: 1.61560e-01	AbsError: 1.67817e+14
      Equation: "ElectronContinuityEquation"	RelError: 2.25186e-02	AbsError: 1.34328e+14
      Equation: "HoleContinuityEquation"	RelError: 1.30578e-01	AbsError: 3.34882e+13
      Equation: "PotentialEquation"	RelError: 8.46335e-03	AbsError: 5.47251e-05
    Region: "gate"	RelError: 2.29437e-07	AbsError: 7.02531e+12
      Equation: "ElectronContinuityEquation"	RelError: 7.00109e-08	AbsError: 7.02531e+12
      Equation: "HoleContinuityEquation"	RelError: 1.56748e-07	AbsError: 1.56208e-07
      Equation: "PotentialEquation"	RelError: 2.67739e-09	AbsError: 2.93486e-09
    Region: "oxide"	RelError: 2.11782e-06	AbsError: 2.12729e-06
      Equation: "PotentialEquation"	RelError: 2.11782e-06	AbsError: 2.12729e-06
Iteration: 2
  Device: "mos2d"	RelError: 1.27875e-03	AbsError: 1.00318e+10
    Region: "bulk"	RelError: 1.27875e-03	AbsError: 1.00318e+10
      Equation: "ElectronContinuityEquation"	RelError: 1.24070e-03	AbsError: 2.42737e+09
      Equation: "HoleContinuityEquation"	RelError: 3.71244e-05	AbsError: 7.60440e+09
      Equation: "PotentialEquation"	RelError: 9.24219e-07	AbsError: 1.15569e-08
    Region: "gate"	RelError: 3.72737e-13	AbsError: 1.80814e+07
      Equation: "ElectronContinuityEquation"	RelError: 1.82430e-13	AbsError: 1.80814e+07
      Equation: "HoleContinuityEquation"	RelError: 1.85859e-13	AbsError: 1.87521e-13
      Equation: "PotentialEquation"	RelError: 4.44710e-15	AbsError: 4.87333e-15
    Region: "oxide"	RelError: 8.87811e-12	AbsError: 6.51114e-12
      Equation: "PotentialEquation"	RelError: 8.87811e-12	AbsError: 6.51114e-12
Iteration: 3
  Device: "mos2d"	RelError: 1.98636e-07	AbsError: 8.12532e+03
    Region: "bulk"	RelError: 1.98636e-07	AbsError: 1.74499e+03
      Equation: "ElectronContinuityEquation"	RelError: 1.79827e-08	AbsError: 1.20057e+03
      Equation: "HoleContinuityEquation"	RelError: 1.80653e-07	AbsError: 5.44420e+02
      Equation: "PotentialEquation"	RelError: 1.83683e-14	AbsError: 7.75182e-16
    Region: "gate"	RelError: 3.95747e-16	AbsError: 8.12532e+03
      Equation: "ElectronContinuityEquation"	RelError: 8.12531e-17	AbsError: 8.12532e+03
      Equation: "HoleContinuityEquation"	RelError: 2.13202e-16	AbsError: 2.15108e-16
      Equation: "PotentialEquation"	RelError: 1.01292e-16	AbsError: 1.11023e-16
    Region: "oxide"	RelError: 1.29599e-16	AbsError: 1.21312e-16
      Equation: "PotentialEquation"	RelError: 1.29599e-16	AbsError: 1.21312e-16
Succeeded
IVPOINT	IDVD_VG1P0	5.00000000e-01	1.26000000e+00	6.32493784e-01
drain last end 1.260000e+00 2.000000e+00
number of equations 4346
Iteration: 0
  Device: "mos2d"	RelError: 1.23949e+01	AbsError: 3.36699e+16
    Region: "bulk"	RelError: 1.23860e+01	AbsError: 3.36699e+16
      Equation: "ElectronContinuityEquation"	RelError: 2.27931e-01	AbsError: 3.19920e+16
      Equation: "HoleContinuityEquation"	RelError: 7.91343e-01	AbsError: 1.67795e+15
      Equation: "PotentialEquation"	RelError: 1.13667e+01	AbsError: 2.00000e-02
    Region: "gate"	RelError: 6.09533e-04	AbsError: 3.03408e+16
      Equation: "ElectronContinuityEquation"	RelError: 3.01119e-04	AbsError: 3.03408e+16
      Equation: "HoleContinuityEquation"	RelError: 3.01301e-04	AbsError: 2.99028e-04
      Equation: "PotentialEquation"	RelError: 7.11274e-06	AbsError: 7.79749e-06
    Region: "oxide"	RelError: 8.31044e-03	AbsError: 1.18319e-02
      Equation: "PotentialEquation"	RelError: 8.31044e-03	AbsError: 1.18319e-02
Iteration: 1
  Device: "mos2d"	RelError: 1.86367e-01	AbsError: 1.70996e+14
    Region: "bulk"	RelError: 1.86365e-01	AbsError: 1.70996e+14
      Equation: "ElectronContinuityEquation"	RelError: 2.16613e-02	AbsError: 1.38765e+14
      Equation: "HoleContinuityEquation"	RelError: 1.31384e-01	AbsError: 3.22312e+13
      Equation: "PotentialEquation"	RelError: 3.33188e-02	AbsError: 5.67393e-05
    Region: "gate"	RelError: 2.23866e-07	AbsError: 6.75775e+12
      Equation: "ElectronContinuityEquation"	RelError: 6.73247e-08	AbsError: 6.75775e+12
      Equation: "HoleContinuityEquation"	RelError: 1.53929e-07	AbsError: 1.53353e-07
      Equation: "PotentialEquation"	RelError: 2.61237e-09	AbsError: 2.86360e-09
    Region: "oxide"	RelError: 2.01931e-06	AbsError: 2.04590e-06
      Equation: "PotentialEquation"	RelError: 2.01931e-06	AbsError: 2.04590e-06
Iteration: 2
  Device: "mos2d"	RelError: 1.29294e-03	AbsError: 1.15796e+10
    Region: "bulk"	RelError: 1.29294e-03	AbsError: 1.15796e+10
      Equation: "ElectronContinuityEquation"	RelError: 1.25035e-03	AbsError: 2.59868e+09
      Equation: "HoleContinuityEquation"	RelError: 3.83834e-05	AbsError: 8.98090e+09
      Equation: "PotentialEquation"	RelError: 4.20539e-06	AbsError: 1.30429e-08
    Region: "gate"	RelError: 3.46176e-13	AbsError: 1.68073e+07
      Equation: "ElectronContinuityEquation"	RelError: 1.69559e-13	AbsError: 1.68073e+07
      Equation: "HoleContinuityEquation"	RelError: 1.72541e-13	AbsError: 1.74067e-13
      Equation: "PotentialEquation"	RelError: 4.07588e-15	AbsError: 4.46655e-15
    Region: "oxide"	RelError: 8.10729e-12	AbsError: 6.00790e-12
      Equation: "PotentialEquation"	RelError: 8.10729e-12	AbsError: 6.00790e-12
Iteration: 3
  Device: "mos2d"	RelError: 1.60797e-07	AbsError: 8.23766e+03
    Region: "bulk"	RelError: 1.60797e-07	AbsError: 2.62522e+03
      Equation: "ElectronContinuityEquation"	RelError: 4.22114e-08	AbsError: 1.87809e+03
      Equation: "HoleContinuityEquation"	RelError: 1.18585e-07	AbsError: 7.47130e+02
      Equation: "PotentialEquation"	RelError: 2.88304e-13	AbsError: 1.00713e-15
    Region: "gate"	RelError: 3.62948e-16	AbsError: 8.23766e+03
      Equation: "ElectronContinuityEquation"	RelError: 8.26894e-17	AbsError: 8.23766e+03
      Equation: "HoleContinuityEquation"	RelError: 1.78967e-16	AbsError: 1.81622e-16
      Equation: "PotentialEquation"	RelError: 1.01291e-16	AbsError: 1.11022e-16
    Region: "oxide"	RelError: 1.21560e-16	AbsError: 1.40404e-16
      Equation: "PotentialEquation"	RelError: 1.21560e-16	AbsError: 1.40404e-16
Succeeded
IVPOINT	IDVD_VG1P0	5.00000000e-01	1.28000000e+00	6.37669891e-01
drain last end 1.280000e+00 2.000000e+00
number of equations 4346
Iteration: 0
  Device: "mos2d"	RelError: 4.83303e+00	AbsError: 3.37688e+16
    Region: "bulk"	RelError: 4.82418e+00	AbsError: 3.37688e+16
      Equation: "ElectronContinuityEquation"	RelError: 2.26602e-01	AbsError: 3.21131e+16
      Equation: "HoleContinuityEquation"	RelError: 7.93085e-01	AbsError: 1.65571e+15
      Equation: "PotentialEquation"	RelError: 3.80449e+00	AbsError: 2.00000e-02
    Region: "gate"	RelError: 6.09143e-04	AbsError: 3.03305e+16
      Equation: "ElectronContinuityEquation"	RelError: 3.00927e-04	AbsError: 3.03305e+16
      Equation: "HoleContinuityEquation"	RelError: 3.01108e-04	AbsError: 2.98747e-04
      Equation: "PotentialEquation"	RelError: 7.10814e-06	AbsError: 7.79250e-06
    Region: "oxide"	RelError: 8.23953e-03	AbsError: 1.18284e-02
      Equation: "PotentialEquation"	RelError: 8.23953e-03	AbsError: 1.18284e-02
Iteration: 1
  Device: "mos2d"	RelError: 1.67255e-01	AbsError: 1.76387e+14
    Region: "bulk"	RelError: 1.67253e-01	AbsError: 1.76387e+14
      Equation: "ElectronContinuityEquation"	RelError: 2.07218e-02	AbsError: 1.43235e+14
      Equation: "HoleContinuityEquation"	RelError: 1.32013e-01	AbsError: 3.31528e+13
      Equation: "PotentialEquation"	RelError: 1.45178e-02	AbsError: 5.85488e-05
    Region: "gate"	RelError: 2.18905e-07	AbsError: 6.52011e+12
      Equation: "ElectronContinuityEquation"	RelError: 6.49381e-08	AbsError: 6.52011e+12
      Equation: "HoleContinuityEquation"	RelError: 1.51413e-07	AbsError: 1.50802e-07
      Equation: "PotentialEquation"	RelError: 2.55446e-09	AbsError: 2.80014e-09
    Region: "oxide"	RelError: 1.92552e-06	AbsError: 1.97452e-06
      Equation: "PotentialEquation"	RelError: 1.92552e-06	AbsError: 1.97452e-06
Iteration: 2
  Device: "mos2d"	RelError: 1.24317e-03	AbsError: 1.31200e+10
    Region: "bulk"	RelError: 1.24317e-03	AbsError: 1.31200e+10
      Equation: "ElectronContinuityEquation"	RelError: 1.20094e-03	AbsError: 2.77107e+09
      Equation: "HoleContinuityEquation"	RelError: 3.95349e-05	AbsError: 1.03490e+10
      Equation: "PotentialEquation"	RelError: 2.70053e-06	AbsError: 1.45149e-08
    Region: "gate"	RelError: 3.43510e-13	AbsError: 1.66888e+07
      Equation: "ElectronContinuityEquation"	RelError: 1.68347e-13	AbsError: 1.66888e+07
      Equation: "HoleContinuityEquation"	RelError: 1.71076e-13	AbsError: 1.72572e-13
      Equation: "PotentialEquation"	RelError: 4.08684e-15	AbsError: 4.47856e-15
    Region: "oxide"	RelError: 7.84157e-12	AbsError: 5.94351e-12
      Equation: "PotentialEquation"	RelError: 7.84157e-12	AbsError: 5.94351e-12
Iteration: 3
  Device: "mos2d"	RelError: 4.07504e-07	AbsError: 8.15983e+03
    Region: "bulk"	RelError: 4.07504e-07	AbsError: 2.14743e+03
      Equation: "ElectronContinuityEquation"	RelError: 2.44531e-07	AbsError: 1.13798e+03
      Equation: "HoleContinuityEquation"	RelError: 1.62973e-07	AbsError: 1.00945e+03
      Equation: "PotentialEquation"	RelError: 1.76355e-13	AbsError: 1.25129e-15
    Region: "gate"	RelError: 3.65932e-16	AbsError: 8.15983e+03
      Equation: "ElectronContinuityEquation"	RelError: 8.15983e-17	AbsError: 8.15983e+03
      Equation: "HoleContinuityEquation"	RelError: 1.83040e-16	AbsError: 1.88209e-16
      Equation: "PotentialEquation"	RelError: 1.01294e-16	AbsError: 1.11025e-16
    Region: "oxide"	RelError: 1.04153e-16	AbsError: 1.29492e-16
      Equation: "PotentialEquation"	RelError: 1.04153e-16	AbsError: 1.29492e-16
Succeeded
IVPOINT	IDVD_VG1P0	5.00000000e-01	1.30000000e+00	6.42849446e-01
drain last end 1.300000e+00 2.000000e+00
number of equations 4346
Iteration: 0
  Device: "mos2d"	RelError: 1.81748e+00	AbsError: 3.38654e+16
    Region: "bulk"	RelError: 1.80870e+00	AbsError: 3.38654e+16
      Equation: "ElectronContinuityEquation"	RelError: 2.25203e-01	AbsError: 3.22352e+16
      Equation: "HoleContinuityEquation"	RelError: 7.92772e-01	AbsError: 1.63012e+15
      Equation: "PotentialEquation"	RelError: 7.90723e-01	AbsError: 2.00000e-02
    Region: "gate"	RelError: 6.08762e-04	AbsError: 3.03206e+16
      Equation: "ElectronContinuityEquation"	RelError: 3.00739e-04	AbsError: 3.03206e+16
      Equation: "HoleContinuityEquation"	RelError: 3.00920e-04	AbsError: 2.98470e-04
      Equation: "PotentialEquation"	RelError: 7.10364e-06	AbsError: 7.78762e-06
    Region: "oxide"	RelError: 8.16989e-03	AbsError: 1.18250e-02
      Equation: "PotentialEquation"	RelError: 8.16989e-03	AbsError: 1.18250e-02
Iteration: 1
  Device: "mos2d"	RelError: 1.55120e-01	AbsError: 1.82324e+14
    Region: "bulk"	RelError: 1.55118e-01	AbsError: 1.82324e+14
      Equation: "ElectronContinuityEquation"	RelError: 1.97049e-02	AbsError: 1.47746e+14
      Equation: "HoleContinuityEquation"	RelError: 1.32350e-01	AbsError: 3.45775e+13
      Equation: "PotentialEquation"	RelError: 3.06300e-03	AbsError: 6.00949e-05
    Region: "gate"	RelError: 2.14486e-07	AbsError: 6.30906e+12
      Equation: "ElectronContinuityEquation"	RelError: 6.28176e-08	AbsError: 6.30906e+12
      Equation: "HoleContinuityEquation"	RelError: 1.49166e-07	AbsError: 1.48520e-07
      Equation: "PotentialEquation"	RelError: 2.50287e-09	AbsError: 2.74361e-09
    Region: "oxide"	RelError: 1.83603e-06	AbsError: 1.91203e-06
      Equation: "PotentialEquation"	RelError: 1.83603e-06	AbsError: 1.91203e-06
Iteration: 2
  Device: "mos2d"	RelError: 1.13559e-03	AbsError: 1.45859e+10
    Region: "bulk"	RelError: 1.13559e-03	AbsError: 1.45859e+10
      Equation: "ElectronContinuityEquation"	RelError: 1.09448e-03	AbsError: 2.93805e+09
      Equation: "HoleContinuityEquation"	RelError: 4.05133e-05	AbsError: 1.16478e+10
      Equation: "PotentialEquation"	RelError: 5.98357e-07	AbsError: 1.59085e-08
    Region: "gate"	RelError: 3.62200e-13	AbsError: 1.76244e+07
      Equation: "ElectronContinuityEquation"	RelError: 1.77767e-13	AbsError: 1.76244e+07
      Equation: "HoleContinuityEquation"	RelError: 1.80210e-13	AbsError: 1.81767e-13
      Equation: "PotentialEquation"	RelError: 4.22313e-15	AbsError: 4.62792e-15
    Region: "oxide"	RelError: 8.03133e-12	AbsError: 6.19709e-12
      Equation: "PotentialEquation"	RelError: 8.03133e-12	AbsError: 6.19709e-12
Iteration: 3
  Device: "mos2d"	RelError: 4.81543e-07	AbsError: 8.10662e+03
    Region: "bulk"	RelError: 4.81543e-07	AbsError: 3.19103e+03
      Equation: "ElectronContinuityEquation"	RelError: 1.25594e-07	AbsError: 1.90842e+03
      Equation: "HoleContinuityEquation"	RelError: 3.55948e-07	AbsError: 1.28261e+03
      Equation: "PotentialEquation"	RelError: 4.30243e-14	AbsError: 1.54444e-15
    Region: "gate"	RelError: 3.11134e-16	AbsError: 8.10662e+03
      Equation: "ElectronContinuityEquation"	RelError: 8.10662e-17	AbsError: 8.10662e+03
      Equation: "HoleContinuityEquation"	RelError: 1.28754e-16	AbsError: 1.28754e-16
      Equation: "PotentialEquation"	RelError: 1.01314e-16	AbsError: 1.11048e-16
    Region: "oxide"	RelError: 1.39689e-16	AbsError: 1.16122e-16
      Equation: "PotentialEquation"	RelError: 1.39689e-16	AbsError: 1.16122e-16
Succeeded
IVPOINT	IDVD_VG1P0	5.00000000e-01	1.32000000e+00	6.48032805e-01
drain last end 1.320000e+00 2.000000e+00
number of equations 4346
Iteration: 0
  Device: "mos2d"	RelError: 1.46438e+00	AbsError: 3.39598e+16
    Region: "bulk"	RelError: 1.45567e+00	AbsError: 3.39598e+16
      Equation: "ElectronContinuityEquation"	RelError: 2.23716e-01	AbsError: 3.23587e+16
      Equation: "HoleContinuityEquation"	RelError: 7.89230e-01	AbsError: 1.60109e+15
      Equation: "PotentialEquation"	RelError: 4.42722e-01	AbsError: 2.00000e-02
    Region: "gate"	RelError: 6.08388e-04	AbsError: 3.03111e+16
      Equation: "ElectronContinuityEquation"	RelError: 3.00554e-04	AbsError: 3.03111e+16
      Equation: "HoleContinuityEquation"	RelError: 3.00735e-04	AbsError: 2.98197e-04
      Equation: "PotentialEquation"	RelError: 7.09923e-06	AbsError: 7.78284e-06
    Region: "oxide"	RelError: 8.10149e-03	AbsError: 1.18218e-02
      Equation: "PotentialEquation"	RelError: 8.10149e-03	AbsError: 1.18218e-02
Iteration: 1
  Device: "mos2d"	RelError: 1.53350e-01	AbsError: 1.88026e+14
    Region: "bulk"	RelError: 1.53348e-01	AbsError: 1.88026e+14
      Equation: "ElectronContinuityEquation"	RelError: 1.94098e-02	AbsError: 1.52306e+14
      Equation: "HoleContinuityEquation"	RelError: 1.32220e-01	AbsError: 3.57203e+13
      Equation: "PotentialEquation"	RelError: 1.71865e-03	AbsError: 6.13194e-05
    Region: "gate"	RelError: 2.10550e-07	AbsError: 6.12170e+12
      Equation: "ElectronContinuityEquation"	RelError: 6.09343e-08	AbsError: 6.12170e+12
      Equation: "HoleContinuityEquation"	RelError: 1.47158e-07	AbsError: 1.46479e-07
      Equation: "PotentialEquation"	RelError: 2.45691e-09	AbsError: 2.69325e-09
    Region: "oxide"	RelError: 1.75050e-06	AbsError: 1.85934e-06
      Equation: "PotentialEquation"	RelError: 1.75050e-06	AbsError: 1.85934e-06
Iteration: 2
  Device: "mos2d"	RelError: 1.01544e-03	AbsError: 1.59006e+10
    Region: "bulk"	RelError: 1.01544e-03	AbsError: 1.59006e+10
      Equation: "ElectronContinuityEquation"	RelError: 9.73865e-04	AbsError: 3.09168e+09
      Equation: "HoleContinuityEquation"	RelError: 4.12278e-05	AbsError: 1.28089e+10
      Equation: "PotentialEquation"	RelError: 3.50436e-07	AbsError: 1.71494e-08
    Region: "gate"	RelError: 3.99721e-13	AbsError: 1.94592e+07
      Equation: "ElectronContinuityEquation"	RelError: 1.96255e-13	AbsError: 1.94592e+07
      Equation: "HoleContinuityEquation"	RelError: 1.98821e-13	AbsError: 2.00520e-13
      Equation: "PotentialEquation"	RelError: 4.64489e-15	AbsError: 5.09012e-15
    Region: "oxide"	RelError: 8.61417e-12	AbsError: 6.74085e-12
      Equation: "PotentialEquation"	RelError: 8.61417e-12	AbsError: 6.74085e-12
Iteration: 3
  Device: "mos2d"	RelError: 4.04739e-07	AbsError: 8.07530e+03
    Region: "bulk"	RelError: 4.04739e-07	AbsError: 3.45591e+03
      Equation: "ElectronContinuityEquation"	RelError: 2.59110e-07	AbsError: 1.90388e+03
      Equation: "HoleContinuityEquation"	RelError: 1.45629e-07	AbsError: 1.55203e+03
      Equation: "PotentialEquation"	RelError: 2.94243e-14	AbsError: 1.90711e-15
    Region: "gate"	RelError: 3.81843e-16	AbsError: 8.07530e+03
      Equation: "ElectronContinuityEquation"	RelError: 8.11628e-17	AbsError: 8.07530e+03
      Equation: "HoleContinuityEquation"	RelError: 1.99390e-16	AbsError: 2.02347e-16
      Equation: "PotentialEquation"	RelError: 1.01291e-16	AbsError: 1.11022e-16
    Region: "oxide"	RelError: 1.25035e-16	AbsError: 1.15811e-16
      Equation: "PotentialEquation"	RelError: 1.25035e-16	AbsError: 1.15811e-16
Succeeded
IVPOINT	IDVD_VG1P0	5.00000000e-01	1.34000000e+00	6.53220316e-01
drain last end 1.340000e+00 2.000000e+00
number of equations 4346
Iteration: 0
  Device: "mos2d"	RelError: 1.41436e+00	AbsError: 3.40524e+16
    Region: "bulk"	RelError: 1.40572e+00	AbsError: 3.40524e+16
      Equation: "ElectronContinuityEquation"	RelError: 2.22119e-01	AbsError: 3.24838e+16
      Equation: "HoleContinuityEquation"	RelError: 7.80739e-01	AbsError: 1.56856e+15
      Equation: "PotentialEquation"	RelError: 4.02865e-01	AbsError: 2.00000e-02
    Region: "gate"	RelError: 6.08021e-04	AbsError: 3.03019e+16
      Equation: "ElectronContinuityEquation"	RelError: 3.00373e-04	AbsError: 3.03019e+16
      Equation: "HoleContinuityEquation"	RelError: 3.00553e-04	AbsError: 2.97928e-04
      Equation: "PotentialEquation"	RelError: 7.09489e-06	AbsError: 7.77814e-06
    Region: "oxide"	RelError: 8.03428e-03	AbsError: 1.18187e-02
      Equation: "PotentialEquation"	RelError: 8.03428e-03	AbsError: 1.18187e-02
Iteration: 1
  Device: "mos2d"	RelError: 1.52394e-01	AbsError: 1.93452e+14
    Region: "bulk"	RelError: 1.52392e-01	AbsError: 1.93452e+14
      Equation: "ElectronContinuityEquation"	RelError: 1.92207e-02	AbsError: 1.56918e+14
      Equation: "HoleContinuityEquation"	RelError: 1.31365e-01	AbsError: 3.65334e+13
      Equation: "PotentialEquation"	RelError: 1.80689e-03	AbsError: 6.21689e-05
    Region: "gate"	RelError: 2.07044e-07	AbsError: 5.95554e+12
      Equation: "ElectronContinuityEquation"	RelError: 5.92630e-08	AbsError: 5.95554e+12
      Equation: "HoleContinuityEquation"	RelError: 1.45365e-07	AbsError: 1.44651e-07
      Equation: "PotentialEquation"	RelError: 2.41598e-09	AbsError: 2.64841e-09
    Region: "oxide"	RelError: 1.66866e-06	AbsError: 1.81321e-06
      Equation: "PotentialEquation"	RelError: 1.66866e-06	AbsError: 1.81321e-06
Iteration: 2
  Device: "mos2d"	RelError: 1.10277e-03	AbsError: 1.69842e+10
    Region: "bulk"	RelError: 1.10277e-03	AbsError: 1.69842e+10
      Equation: "ElectronContinuityEquation"	RelError: 1.06079e-03	AbsError: 3.22320e+09
      Equation: "HoleContinuityEquation"	RelError: 4.15625e-05	AbsError: 1.37610e+10
      Equation: "PotentialEquation"	RelError: 4.13219e-07	AbsError: 1.81593e-08
    Region: "gate"	RelError: 4.52552e-13	AbsError: 2.20641e+07
      Equation: "ElectronContinuityEquation"	RelError: 2.22504e-13	AbsError: 2.20641e+07
      Equation: "HoleContinuityEquation"	RelError: 2.24690e-13	AbsError: 2.26588e-13
      Equation: "PotentialEquation"	RelError: 5.35734e-15	AbsError: 5.87088e-15
    Region: "oxide"	RelError: 9.51965e-12	AbsError: 7.50645e-12
      Equation: "PotentialEquation"	RelError: 9.51965e-12	AbsError: 7.50645e-12
Iteration: 3
  Device: "mos2d"	RelError: 1.96227e-07	AbsError: 8.25339e+03
    Region: "bulk"	RelError: 1.96227e-07	AbsError: 3.16517e+03
      Equation: "ElectronContinuityEquation"	RelError: 1.05855e-07	AbsError: 1.33545e+03
      Equation: "HoleContinuityEquation"	RelError: 9.03720e-08	AbsError: 1.82972e+03
      Equation: "PotentialEquation"	RelError: 4.32063e-14	AbsError: 2.18412e-15
    Region: "gate"	RelError: 3.20527e-16	AbsError: 8.25339e+03
      Equation: "ElectronContinuityEquation"	RelError: 8.33327e-17	AbsError: 8.25339e+03
      Equation: "HoleContinuityEquation"	RelError: 1.35854e-16	AbsError: 1.37869e-16
      Equation: "PotentialEquation"	RelError: 1.01340e-16	AbsError: 1.11076e-16
    Region: "oxide"	RelError: 1.08910e-16	AbsError: 1.09212e-16
      Equation: "PotentialEquation"	RelError: 1.08910e-16	AbsError: 1.09212e-16
Succeeded
IVPOINT	IDVD_VG1P0	5.00000000e-01	1.36000000e+00	6.58412321e-01
drain last end 1.360000e+00 2.000000e+00
number of equations 4346
Iteration: 0
  Device: "mos2d"	RelError: 1.68078e+00	AbsError: 3.41706e+16
    Region: "bulk"	RelError: 1.67221e+00	AbsError: 3.41706e+16
      Equation: "ElectronContinuityEquation"	RelError: 2.20386e-01	AbsError: 3.26108e+16
      Equation: "HoleContinuityEquation"	RelError: 7.64891e-01	AbsError: 1.55982e+15
      Equation: "PotentialEquation"	RelError: 6.86932e-01	AbsError: 2.00000e-02
    Region: "gate"	RelError: 6.07659e-04	AbsError: 3.02930e+16
      Equation: "ElectronContinuityEquation"	RelError: 3.00194e-04	AbsError: 3.02930e+16
      Equation: "HoleContinuityEquation"	RelError: 3.00374e-04	AbsError: 2.97661e-04
      Equation: "PotentialEquation"	RelError: 7.09062e-06	AbsError: 7.77351e-06
    Region: "oxide"	RelError: 7.96823e-03	AbsError: 1.18156e-02
      Equation: "PotentialEquation"	RelError: 7.96823e-03	AbsError: 1.18156e-02
Iteration: 1
  Device: "mos2d"	RelError: 1.51505e-01	AbsError: 1.98564e+14
    Region: "bulk"	RelError: 1.51503e-01	AbsError: 1.98564e+14
      Equation: "ElectronContinuityEquation"	RelError: 1.90231e-02	AbsError: 1.61587e+14
      Equation: "HoleContinuityEquation"	RelError: 1.29416e-01	AbsError: 3.69769e+13
      Equation: "PotentialEquation"	RelError: 3.06428e-03	AbsError: 6.25989e-05
    Region: "gate"	RelError: 2.03926e-07	AbsError: 5.80841e+12
      Equation: "ElectronContinuityEquation"	RelError: 5.77820e-08	AbsError: 5.80841e+12
      Equation: "HoleContinuityEquation"	RelError: 1.43764e-07	AbsError: 1.43017e-07
      Equation: "PotentialEquation"	RelError: 2.37958e-09	AbsError: 2.60852e-09
    Region: "oxide"	RelError: 1.59027e-06	AbsError: 1.77251e-06
      Equation: "PotentialEquation"	RelError: 1.59027e-06	AbsError: 1.77251e-06
Iteration: 2
  Device: "mos2d"	RelError: 1.15377e-03	AbsError: 1.77619e+10
    Region: "bulk"	RelError: 1.15377e-03	AbsError: 1.77619e+10
      Equation: "ElectronContinuityEquation"	RelError: 1.11168e-03	AbsError: 3.32396e+09
      Equation: "HoleContinuityEquation"	RelError: 4.13684e-05	AbsError: 1.44380e+10
      Equation: "PotentialEquation"	RelError: 7.20518e-07	AbsError: 1.88646e-08
    Region: "gate"	RelError: 5.16576e-13	AbsError: 2.52129e+07
      Equation: "ElectronContinuityEquation"	RelError: 2.54233e-13	AbsError: 2.52129e+07
      Equation: "HoleContinuityEquation"	RelError: 2.56355e-13	AbsError: 2.58495e-13
      Equation: "PotentialEquation"	RelError: 5.98787e-15	AbsError: 6.56186e-15
    Region: "oxide"	RelError: 1.06729e-11	AbsError: 8.43978e-12
      Equation: "PotentialEquation"	RelError: 1.06729e-11	AbsError: 8.43978e-12
Iteration: 3
  Device: "mos2d"	RelError: 3.31812e-07	AbsError: 8.16615e+03
    Region: "bulk"	RelError: 3.31812e-07	AbsError: 3.86941e+03
      Equation: "ElectronContinuityEquation"	RelError: 1.26690e-07	AbsError: 1.85239e+03
      Equation: "HoleContinuityEquation"	RelError: 2.05121e-07	AbsError: 2.01702e+03
      Equation: "PotentialEquation"	RelError: 8.57153e-14	AbsError: 2.44438e-15
    Region: "gate"	RelError: 3.29660e-16	AbsError: 8.16615e+03
      Equation: "ElectronContinuityEquation"	RelError: 8.16615e-17	AbsError: 8.16615e+03
      Equation: "HoleContinuityEquation"	RelError: 1.46703e-16	AbsError: 1.48878e-16
      Equation: "PotentialEquation"	RelError: 1.01295e-16	AbsError: 1.11027e-16
    Region: "oxide"	RelError: 1.41716e-16	AbsError: 1.08338e-16
      Equation: "PotentialEquation"	RelError: 1.41716e-16	AbsError: 1.08338e-16
Succeeded
IVPOINT	IDVD_VG1P0	5.00000000e-01	1.38000000e+00	6.63609157e-01
drain last end 1.380000e+00 2.000000e+00
number of equations 4346
Iteration: 0
  Device: "mos2d"	RelError: 3.27109e+00	AbsError: 3.42926e+16
    Region: "bulk"	RelError: 3.26258e+00	AbsError: 3.42926e+16
      Equation: "ElectronContinuityEquation"	RelError: 2.19049e-01	AbsError: 3.27399e+16
      Equation: "HoleContinuityEquation"	RelError: 7.63091e-01	AbsError: 1.55276e+15
      Equation: "PotentialEquation"	RelError: 2.28044e+00	AbsError: 2.00000e-02
    Region: "gate"	RelError: 6.07302e-04	AbsError: 3.02843e+16
      Equation: "ElectronContinuityEquation"	RelError: 3.00018e-04	AbsError: 3.02843e+16
      Equation: "HoleContinuityEquation"	RelError: 3.00198e-04	AbsError: 2.97397e-04
      Equation: "PotentialEquation"	RelError: 7.08640e-06	AbsError: 7.76894e-06
    Region: "oxide"	RelError: 7.90329e-03	AbsError: 1.18127e-02
      Equation: "PotentialEquation"	RelError: 7.90329e-03	AbsError: 1.18127e-02
Iteration: 1
  Device: "mos2d"	RelError: 1.54967e-01	AbsError: 2.03336e+14
    Region: "bulk"	RelError: 1.54966e-01	AbsError: 2.03336e+14
      Equation: "ElectronContinuityEquation"	RelError: 1.88147e-02	AbsError: 1.66313e+14
      Equation: "HoleContinuityEquation"	RelError: 1.26019e-01	AbsError: 3.70228e+13
      Equation: "PotentialEquation"	RelError: 1.01316e-02	AbsError: 6.25780e-05
    Region: "gate"	RelError: 2.01156e-07	AbsError: 5.67842e+12
      Equation: "ElectronContinuityEquation"	RelError: 5.64723e-08	AbsError: 5.67842e+12
      Equation: "HoleContinuityEquation"	RelError: 1.42337e-07	AbsError: 1.41555e-07
      Equation: "PotentialEquation"	RelError: 2.34724e-09	AbsError: 2.57309e-09
    Region: "oxide"	RelError: 1.51514e-06	AbsError: 1.73671e-06
      Equation: "PotentialEquation"	RelError: 1.51514e-06	AbsError: 1.73671e-06
Iteration: 2
  Device: "mos2d"	RelError: 1.15974e-03	AbsError: 1.81737e+10
    Region: "bulk"	RelError: 1.15974e-03	AbsError: 1.81737e+10
      Equation: "ElectronContinuityEquation"	RelError: 1.11685e-03	AbsError: 3.38665e+09
      Equation: "HoleContinuityEquation"	RelError: 4.04615e-05	AbsError: 1.47870e+10
      Equation: "PotentialEquation"	RelError: 2.42322e-06	AbsError: 1.92058e-08
    Region: "gate"	RelError: 5.88623e-13	AbsError: 2.87583e+07
      Equation: "ElectronContinuityEquation"	RelError: 2.89955e-13	AbsError: 2.87583e+07
      Equation: "HoleContinuityEquation"	RelError: 2.91811e-13	AbsError: 2.94218e-13
      Equation: "PotentialEquation"	RelError: 6.85701e-15	AbsError: 7.51433e-15
    Region: "oxide"	RelError: 1.19997e-11	AbsError: 9.50450e-12
      Equation: "PotentialEquation"	RelError: 1.19997e-11	AbsError: 9.50450e-12
Iteration: 3
  Device: "mos2d"	RelError: 2.72580e-06	AbsError: 8.46052e+03
    Region: "bulk"	RelError: 2.72580e-06	AbsError: 4.05640e+03
      Equation: "ElectronContinuityEquation"	RelError: 2.18166e-06	AbsError: 1.89843e+03
      Equation: "HoleContinuityEquation"	RelError: 5.44147e-07	AbsError: 2.15797e+03
      Equation: "PotentialEquation"	RelError: 2.87827e-13	AbsError: 2.61751e-15
    Region: "gate"	RelError: 3.75067e-16	AbsError: 8.46052e+03
      Equation: "ElectronContinuityEquation"	RelError: 8.69917e-17	AbsError: 8.46052e+03
      Equation: "HoleContinuityEquation"	RelError: 1.86734e-16	AbsError: 1.89072e-16
      Equation: "PotentialEquation"	RelError: 1.01341e-16	AbsError: 1.11077e-16
    Region: "oxide"	RelError: 1.04796e-16	AbsError: 1.23837e-16
      Equation: "PotentialEquation"	RelError: 1.04796e-16	AbsError: 1.23837e-16
Succeeded
IVPOINT	IDVD_VG1P0	5.00000000e-01	1.40000000e+00	6.68811155e-01
drain last end 1.400000e+00 2.000000e+00
number of equations 4346
Iteration: 0
  Device: "mos2d"	RelError: 3.28595e+00	AbsError: 3.44171e+16
    Region: "bulk"	RelError: 3.27751e+00	AbsError: 3.44171e+16
      Equation: "ElectronContinuityEquation"	RelError: 2.18059e-01	AbsError: 3.28712e+16
      Equation: "HoleContinuityEquation"	RelError: 7.59553e-01	AbsError: 1.54588e+15
      Equation: "PotentialEquation"	RelError: 2.29989e+00	AbsError: 2.00000e-02
    Region: "gate"	RelError: 6.06949e-04	AbsError: 3.02758e+16
      Equation: "ElectronContinuityEquation"	RelError: 2.99843e-04	AbsError: 3.02758e+16
      Equation: "HoleContinuityEquation"	RelError: 3.00023e-04	AbsError: 2.97135e-04
      Equation: "PotentialEquation"	RelError: 7.08223e-06	AbsError: 7.76443e-06
    Region: "oxide"	RelError: 7.83943e-03	AbsError: 1.18098e-02
      Equation: "PotentialEquation"	RelError: 7.83943e-03	AbsError: 1.18098e-02
Iteration: 1
  Device: "mos2d"	RelError: 1.52006e-01	AbsError: 2.07754e+14
    Region: "bulk"	RelError: 1.52004e-01	AbsError: 2.07754e+14
      Equation: "ElectronContinuityEquation"	RelError: 1.85930e-02	AbsError: 1.71096e+14
      Equation: "HoleContinuityEquation"	RelError: 1.25868e-01	AbsError: 3.66580e+13
      Equation: "PotentialEquation"	RelError: 7.54376e-03	AbsError: 6.20916e-05
    Region: "gate"	RelError: 1.98702e-07	AbsError: 5.56393e+12
      Equation: "ElectronContinuityEquation"	RelError: 5.53174e-08	AbsError: 5.56393e+12
      Equation: "HoleContinuityEquation"	RelError: 1.41066e-07	AbsError: 1.40250e-07
      Equation: "PotentialEquation"	RelError: 2.31858e-09	AbsError: 2.54169e-09
    Region: "oxide"	RelError: 1.44311e-06	AbsError: 1.70534e-06
      Equation: "PotentialEquation"	RelError: 1.44311e-06	AbsError: 1.70534e-06
Iteration: 2
  Device: "mos2d"	RelError: 1.11734e-03	AbsError: 1.81832e+10
    Region: "bulk"	RelError: 1.11734e-03	AbsError: 1.81832e+10
      Equation: "ElectronContinuityEquation"	RelError: 1.07688e-03	AbsError: 3.40647e+09
      Equation: "HoleContinuityEquation"	RelError: 3.86494e-05	AbsError: 1.47767e+10
      Equation: "PotentialEquation"	RelError: 1.81441e-06	AbsError: 1.91468e-08
    Region: "gate"	RelError: 6.64587e-13	AbsError: 3.25006e+07
      Equation: "ElectronContinuityEquation"	RelError: 3.27655e-13	AbsError: 3.25006e+07
      Equation: "HoleContinuityEquation"	RelError: 3.29246e-13	AbsError: 3.31930e-13
      Equation: "PotentialEquation"	RelError: 7.68634e-15	AbsError: 8.42319e-15
    Region: "oxide"	RelError: 1.34311e-11	AbsError: 1.07037e-11
      Equation: "PotentialEquation"	RelError: 1.34311e-11	AbsError: 1.07037e-11
Iteration: 3
  Device: "mos2d"	RelError: 7.78348e-07	AbsError: 8.13974e+03
    Region: "bulk"	RelError: 7.78348e-07	AbsError: 3.86040e+03
      Equation: "ElectronContinuityEquation"	RelError: 2.87047e-07	AbsError: 1.67702e+03
      Equation: "HoleContinuityEquation"	RelError: 4.91301e-07	AbsError: 2.18338e+03
      Equation: "PotentialEquation"	RelError: 2.11990e-13	AbsError: 2.62318e-15
    Region: "gate"	RelError: 3.67877e-16	AbsError: 8.13974e+03
      Equation: "ElectronContinuityEquation"	RelError: 8.13982e-17	AbsError: 8.13974e+03
      Equation: "HoleContinuityEquation"	RelError: 1.85174e-16	AbsError: 1.87485e-16
      Equation: "PotentialEquation"	RelError: 1.01305e-16	AbsError: 1.11038e-16
    Region: "oxide"	RelError: 1.36266e-16	AbsError: 1.21203e-16
      Equation: "PotentialEquation"	RelError: 1.36266e-16	AbsError: 1.21203e-16
Succeeded
IVPOINT	IDVD_VG1P0	5.00000000e-01	1.42000000e+00	6.74018642e-01
drain last end 1.420000e+00 2.000000e+00
number of equations 4346
Iteration: 0
  Device: "mos2d"	RelError: 2.73599e+00	AbsError: 3.45414e+16
    Region: "bulk"	RelError: 2.72760e+00	AbsError: 3.45414e+16
      Equation: "ElectronContinuityEquation"	RelError: 2.17019e-01	AbsError: 3.30050e+16
      Equation: "HoleContinuityEquation"	RelError: 7.51436e-01	AbsError: 1.53642e+15
      Equation: "PotentialEquation"	RelError: 1.75915e+00	AbsError: 2.00000e-02
    Region: "gate"	RelError: 6.06600e-04	AbsError: 3.02674e+16
      Equation: "ElectronContinuityEquation"	RelError: 2.99671e-04	AbsError: 3.02674e+16
      Equation: "HoleContinuityEquation"	RelError: 2.99851e-04	AbsError: 2.96875e-04
      Equation: "PotentialEquation"	RelError: 7.07811e-06	AbsError: 7.75996e-06
    Region: "oxide"	RelError: 7.77661e-03	AbsError: 1.18070e-02
      Equation: "PotentialEquation"	RelError: 7.77661e-03	AbsError: 1.18070e-02
Iteration: 1
  Device: "mos2d"	RelError: 1.46450e-01	AbsError: 2.11821e+14
    Region: "bulk"	RelError: 1.46449e-01	AbsError: 2.11821e+14
      Equation: "ElectronContinuityEquation"	RelError: 1.83542e-02	AbsError: 1.75935e+14
      Equation: "HoleContinuityEquation"	RelError: 1.25042e-01	AbsError: 3.58865e+13
      Equation: "PotentialEquation"	RelError: 3.05265e-03	AbsError: 6.11448e-05
    Region: "gate"	RelError: 1.96533e-07	AbsError: 5.46350e+12
      Equation: "ElectronContinuityEquation"	RelError: 5.43030e-08	AbsError: 5.46350e+12
      Equation: "HoleContinuityEquation"	RelError: 1.39937e-07	AbsError: 1.39087e-07
      Equation: "PotentialEquation"	RelError: 2.29326e-09	AbsError: 2.51394e-09
    Region: "oxide"	RelError: 1.37404e-06	AbsError: 1.67799e-06
      Equation: "PotentialEquation"	RelError: 1.37404e-06	AbsError: 1.67799e-06
Iteration: 2
  Device: "mos2d"	RelError: 1.04683e-03	AbsError: 1.77851e+10
    Region: "bulk"	RelError: 1.04683e-03	AbsError: 1.77851e+10
      Equation: "ElectronContinuityEquation"	RelError: 1.01042e-03	AbsError: 3.38207e+09
      Equation: "HoleContinuityEquation"	RelError: 3.57732e-05	AbsError: 1.44030e+10
      Equation: "PotentialEquation"	RelError: 6.44715e-07	AbsError: 1.86824e-08
    Region: "gate"	RelError: 7.42463e-13	AbsError: 3.63145e+07
      Equation: "ElectronContinuityEquation"	RelError: 3.66069e-13	AbsError: 3.63145e+07
      Equation: "HoleContinuityEquation"	RelError: 3.67728e-13	AbsError: 3.70689e-13
      Equation: "PotentialEquation"	RelError: 8.66605e-15	AbsError: 9.49684e-15
    Region: "oxide"	RelError: 1.49073e-11	AbsError: 1.19212e-11
      Equation: "PotentialEquation"	RelError: 1.49073e-11	AbsError: 1.19212e-11
Iteration: 3
  Device: "mos2d"	RelError: 6.43948e-07	AbsError: 8.01427e+03
    Region: "bulk"	RelError: 6.43948e-07	AbsError: 3.48337e+03
      Equation: "ElectronContinuityEquation"	RelError: 1.76814e-07	AbsError: 1.39395e+03
      Equation: "HoleContinuityEquation"	RelError: 4.67135e-07	AbsError: 2.08941e+03
      Equation: "PotentialEquation"	RelError: 7.75670e-14	AbsError: 2.55702e-15
    Region: "gate"	RelError: 4.49039e-16	AbsError: 8.01427e+03
      Equation: "ElectronContinuityEquation"	RelError: 8.09135e-17	AbsError: 8.01427e+03
      Equation: "HoleContinuityEquation"	RelError: 2.66829e-16	AbsError: 2.68978e-16
      Equation: "PotentialEquation"	RelError: 1.01296e-16	AbsError: 1.11028e-16
    Region: "oxide"	RelError: 1.39967e-16	AbsError: 1.36491e-16
      Equation: "PotentialEquation"	RelError: 1.39967e-16	AbsError: 1.36491e-16
Succeeded
IVPOINT	IDVD_VG1P0	5.00000000e-01	1.44000000e+00	6.79231939e-01
drain last end 1.440000e+00 2.000000e+00
number of equations 4346
Iteration: 0
  Device: "mos2d"	RelError: 2.62552e+00	AbsError: 3.46656e+16
    Region: "bulk"	RelError: 2.61720e+00	AbsError: 3.46656e+16
      Equation: "ElectronContinuityEquation"	RelError: 2.15918e-01	AbsError: 3.31415e+16
      Equation: "HoleContinuityEquation"	RelError: 7.48591e-01	AbsError: 1.52415e+15
      Equation: "PotentialEquation"	RelError: 1.65269e+00	AbsError: 2.00000e-02
    Region: "gate"	RelError: 6.06253e-04	AbsError: 3.02592e+16
      Equation: "ElectronContinuityEquation"	RelError: 2.99500e-04	AbsError: 3.02592e+16
      Equation: "HoleContinuityEquation"	RelError: 2.99679e-04	AbsError: 2.96617e-04
      Equation: "PotentialEquation"	RelError: 7.07402e-06	AbsError: 7.75553e-06
    Region: "oxide"	RelError: 7.71481e-03	AbsError: 1.18042e-02
      Equation: "PotentialEquation"	RelError: 7.71481e-03	AbsError: 1.18042e-02
Iteration: 1
  Device: "mos2d"	RelError: 1.44428e-01	AbsError: 2.15556e+14
    Region: "bulk"	RelError: 1.44427e-01	AbsError: 2.15556e+14
      Equation: "ElectronContinuityEquation"	RelError: 1.81487e-02	AbsError: 1.80826e+14
      Equation: "HoleContinuityEquation"	RelError: 1.23216e-01	AbsError: 3.47303e+13
      Equation: "PotentialEquation"	RelError: 3.06202e-03	AbsError: 5.97625e-05
    Region: "gate"	RelError: 1.94624e-07	AbsError: 5.37585e+12
      Equation: "ElectronContinuityEquation"	RelError: 5.34163e-08	AbsError: 5.37585e+12
      Equation: "HoleContinuityEquation"	RelError: 1.38936e-07	AbsError: 1.38052e-07
      Equation: "PotentialEquation"	RelError: 2.27096e-09	AbsError: 2.48952e-09
    Region: "oxide"	RelError: 1.32074e-06	AbsError: 1.65450e-06
      Equation: "PotentialEquation"	RelError: 1.32074e-06	AbsError: 1.65450e-06
Iteration: 2
  Device: "mos2d"	RelError: 9.31537e-04	AbsError: 1.70073e+10
    Region: "bulk"	RelError: 9.31537e-04	AbsError: 1.70073e+10
      Equation: "ElectronContinuityEquation"	RelError: 8.97449e-04	AbsError: 3.31603e+09
      Equation: "HoleContinuityEquation"	RelError: 3.37089e-05	AbsError: 1.36912e+10
      Equation: "PotentialEquation"	RelError: 3.79111e-07	AbsError: 1.78406e-08
    Region: "gate"	RelError: 8.18372e-13	AbsError: 4.00507e+07
      Equation: "ElectronContinuityEquation"	RelError: 4.03693e-13	AbsError: 4.00507e+07
      Equation: "HoleContinuityEquation"	RelError: 4.05195e-13	AbsError: 4.08418e-13
      Equation: "PotentialEquation"	RelError: 9.48436e-15	AbsError: 1.03936e-14
    Region: "oxide"	RelError: 1.63802e-11	AbsError: 1.31562e-11
      Equation: "PotentialEquation"	RelError: 1.63802e-11	AbsError: 1.31562e-11
Iteration: 3
  Device: "mos2d"	RelError: 2.22609e-06	AbsError: 8.43414e+03
    Region: "bulk"	RelError: 2.22609e-06	AbsError: 3.89958e+03
      Equation: "ElectronContinuityEquation"	RelError: 3.70468e-07	AbsError: 1.98412e+03
      Equation: "HoleContinuityEquation"	RelError: 1.85562e-06	AbsError: 1.91546e+03
      Equation: "PotentialEquation"	RelError: 4.25007e-14	AbsError: 2.32922e-15
    Region: "gate"	RelError: 3.59362e-16	AbsError: 8.43414e+03
      Equation: "ElectronContinuityEquation"	RelError: 8.56632e-17	AbsError: 8.43414e+03
      Equation: "HoleContinuityEquation"	RelError: 1.72400e-16	AbsError: 1.75007e-16
      Equation: "PotentialEquation"	RelError: 1.01299e-16	AbsError: 1.11031e-16
    Region: "oxide"	RelError: 1.01647e-16	AbsError: 1.05296e-16
      Equation: "PotentialEquation"	RelError: 1.01647e-16	AbsError: 1.05296e-16
Succeeded
IVPOINT	IDVD_VG1P0	5.00000000e-01	1.46000000e+00	6.84451362e-01
drain last end 1.460000e+00 2.000000e+00
number of equations 4346
Iteration: 0
  Device: "mos2d"	RelError: 3.47838e+00	AbsError: 3.47895e+16
    Region: "bulk"	RelError: 3.47012e+00	AbsError: 3.47895e+16
      Equation: "ElectronContinuityEquation"	RelError: 2.14740e-01	AbsError: 3.32807e+16
      Equation: "HoleContinuityEquation"	RelError: 7.49064e-01	AbsError: 1.50882e+15
      Equation: "PotentialEquation"	RelError: 2.50631e+00	AbsError: 2.00000e-02
    Region: "gate"	RelError: 6.05909e-04	AbsError: 3.02511e+16
      Equation: "ElectronContinuityEquation"	RelError: 2.99330e-04	AbsError: 3.02511e+16
      Equation: "HoleContinuityEquation"	RelError: 2.99509e-04	AbsError: 2.96360e-04
      Equation: "PotentialEquation"	RelError: 7.06996e-06	AbsError: 7.75114e-06
    Region: "oxide"	RelError: 7.65400e-03	AbsError: 1.18015e-02
      Equation: "PotentialEquation"	RelError: 7.65400e-03	AbsError: 1.18015e-02
Iteration: 1
  Device: "mos2d"	RelError: 1.45441e-01	AbsError: 2.18991e+14
    Region: "bulk"	RelError: 1.45439e-01	AbsError: 2.18991e+14
      Equation: "ElectronContinuityEquation"	RelError: 1.80103e-02	AbsError: 1.85763e+14
      Equation: "HoleContinuityEquation"	RelError: 1.22848e-01	AbsError: 3.32281e+13
      Equation: "PotentialEquation"	RelError: 4.58125e-03	AbsError: 5.79890e-05
    Region: "gate"	RelError: 1.92951e-07	AbsError: 5.29987e+12
      Equation: "ElectronContinuityEquation"	RelError: 5.26459e-08	AbsError: 5.29987e+12
      Equation: "HoleContinuityEquation"	RelError: 1.38054e-07	AbsError: 1.37135e-07
      Equation: "PotentialEquation"	RelError: 2.25143e-09	AbsError: 2.46813e-09
    Region: "oxide"	RelError: 1.28813e-06	AbsError: 1.63634e-06
      Equation: "PotentialEquation"	RelError: 1.28813e-06	AbsError: 1.63634e-06
Iteration: 2
  Device: "mos2d"	RelError: 8.11580e-04	AbsError: 1.59081e+10
    Region: "bulk"	RelError: 8.11580e-04	AbsError: 1.59081e+10
      Equation: "ElectronContinuityEquation"	RelError: 7.77927e-04	AbsError: 3.21457e+09
      Equation: "HoleContinuityEquation"	RelError: 3.33899e-05	AbsError: 1.26935e+10
      Equation: "PotentialEquation"	RelError: 2.62621e-07	AbsError: 1.66800e-08
    Region: "gate"	RelError: 8.91504e-13	AbsError: 4.36334e+07
      Equation: "ElectronContinuityEquation"	RelError: 4.39762e-13	AbsError: 4.36334e+07
      Equation: "HoleContinuityEquation"	RelError: 4.41331e-13	AbsError: 4.44798e-13
      Equation: "PotentialEquation"	RelError: 1.04117e-14	AbsError: 1.14099e-14
    Region: "oxide"	RelError: 1.78151e-11	AbsError: 1.43342e-11
      Equation: "PotentialEquation"	RelError: 1.78151e-11	AbsError: 1.43342e-11
Iteration: 3
  Device: "mos2d"	RelError: 7.97601e-07	AbsError: 8.17650e+03
    Region: "bulk"	RelError: 7.97601e-07	AbsError: 3.01020e+03
      Equation: "ElectronContinuityEquation"	RelError: 4.20777e-07	AbsError: 1.34025e+03
      Equation: "HoleContinuityEquation"	RelError: 3.76824e-07	AbsError: 1.66994e+03
      Equation: "PotentialEquation"	RelError: 3.03243e-14	AbsError: 2.02990e-15
    Region: "gate"	RelError: 3.40112e-16	AbsError: 8.17650e+03
      Equation: "ElectronContinuityEquation"	RelError: 8.17656e-17	AbsError: 8.17650e+03
      Equation: "HoleContinuityEquation"	RelError: 1.57056e-16	AbsError: 1.58523e-16
      Equation: "PotentialEquation"	RelError: 1.01291e-16	AbsError: 1.11022e-16
    Region: "oxide"	RelError: 1.23930e-16	AbsError: 1.13433e-16
      Equation: "PotentialEquation"	RelError: 1.23930e-16	AbsError: 1.13433e-16
Succeeded
IVPOINT	IDVD_VG1P0	5.00000000e-01	1.48000000e+00	6.89677222e-01
drain last end 1.480000e+00 2.000000e+00
number of equations 4346
Iteration: 0
  Device: "mos2d"	RelError: 1.68298e+00	AbsError: 3.49130e+16
    Region: "bulk"	RelError: 1.67478e+00	AbsError: 3.49130e+16
      Equation: "ElectronContinuityEquation"	RelError: 2.13472e-01	AbsError: 3.34228e+16
      Equation: "HoleContinuityEquation"	RelError: 7.46696e-01	AbsError: 1.49019e+15
      Equation: "PotentialEquation"	RelError: 7.14611e-01	AbsError: 2.00000e-02
    Region: "gate"	RelError: 6.05568e-04	AbsError: 3.02431e+16
      Equation: "ElectronContinuityEquation"	RelError: 2.99161e-04	AbsError: 3.02431e+16
      Equation: "HoleContinuityEquation"	RelError: 2.99340e-04	AbsError: 2.96104e-04
      Equation: "PotentialEquation"	RelError: 7.06592e-06	AbsError: 7.74676e-06
    Region: "oxide"	RelError: 7.59414e-03	AbsError: 1.17988e-02
      Equation: "PotentialEquation"	RelError: 7.59414e-03	AbsError: 1.17988e-02
Iteration: 1
  Device: "mos2d"	RelError: 1.42844e-01	AbsError: 2.22174e+14
    Region: "bulk"	RelError: 1.42843e-01	AbsError: 2.22174e+14
      Equation: "ElectronContinuityEquation"	RelError: 1.78648e-02	AbsError: 1.90741e+14
      Equation: "HoleContinuityEquation"	RelError: 1.22912e-01	AbsError: 3.14329e+13
      Equation: "PotentialEquation"	RelError: 2.06575e-03	AbsError: 5.58847e-05
    Region: "gate"	RelError: 1.91494e-07	AbsError: 5.23452e+12
      Equation: "ElectronContinuityEquation"	RelError: 5.19817e-08	AbsError: 5.23452e+12
      Equation: "HoleContinuityEquation"	RelError: 1.37278e-07	AbsError: 1.36325e-07
      Equation: "PotentialEquation"	RelError: 2.23442e-09	AbsError: 2.44949e-09
    Region: "oxide"	RelError: 1.25810e-06	AbsError: 1.62155e-06
      Equation: "PotentialEquation"	RelError: 1.25810e-06	AbsError: 1.62155e-06
Iteration: 2
  Device: "mos2d"	RelError: 7.23813e-04	AbsError: 1.45689e+10
    Region: "bulk"	RelError: 7.23813e-04	AbsError: 1.45689e+10
      Equation: "ElectronContinuityEquation"	RelError: 6.90606e-04	AbsError: 3.08670e+09
      Equation: "HoleContinuityEquation"	RelError: 3.28215e-05	AbsError: 1.14822e+10
      Equation: "PotentialEquation"	RelError: 3.84745e-07	AbsError: 1.52825e-08
    Region: "gate"	RelError: 9.60195e-13	AbsError: 4.70284e+07
      Equation: "ElectronContinuityEquation"	RelError: 4.73932e-13	AbsError: 4.70284e+07
      Equation: "HoleContinuityEquation"	RelError: 4.75138e-13	AbsError: 4.78825e-13
      Equation: "PotentialEquation"	RelError: 1.11244e-14	AbsError: 1.21910e-14
    Region: "oxide"	RelError: 1.91907e-11	AbsError: 1.54369e-11
      Equation: "PotentialEquation"	RelError: 1.91907e-11	AbsError: 1.54369e-11
Iteration: 3
  Device: "mos2d"	RelError: 5.27191e-06	AbsError: 8.18275e+03
    Region: "bulk"	RelError: 5.27191e-06	AbsError: 2.77755e+03
      Equation: "ElectronContinuityEquation"	RelError: 3.83480e-06	AbsError: 1.39133e+03
      Equation: "HoleContinuityEquation"	RelError: 1.43711e-06	AbsError: 1.38622e+03
      Equation: "PotentialEquation"	RelError: 2.92837e-14	AbsError: 1.65797e-15
    Region: "gate"	RelError: 3.23668e-16	AbsError: 8.18275e+03
      Equation: "ElectronContinuityEquation"	RelError: 8.18294e-17	AbsError: 8.18275e+03
      Equation: "HoleContinuityEquation"	RelError: 1.40499e-16	AbsError: 1.42582e-16
      Equation: "PotentialEquation"	RelError: 1.01339e-16	AbsError: 1.11076e-16
    Region: "oxide"	RelError: 1.20217e-16	AbsError: 1.21052e-16
      Equation: "PotentialEquation"	RelError: 1.20217e-16	AbsError: 1.21052e-16
Succeeded
IVPOINT	IDVD_VG1P0	5.00000000e-01	1.50000000e+00	6.94909826e-01
drain last end 1.500000e+00 2.000000e+00
number of equations 4346
Iteration: 0
  Device: "mos2d"	RelError: 2.23068e+00	AbsError: 3.50360e+16
    Region: "bulk"	RelError: 2.22254e+00	AbsError: 3.50360e+16
      Equation: "ElectronContinuityEquation"	RelError: 2.12096e-01	AbsError: 3.35680e+16
      Equation: "HoleContinuityEquation"	RelError: 7.40089e-01	AbsError: 1.46806e+15
      Equation: "PotentialEquation"	RelError: 1.27035e+00	AbsError: 2.00000e-02
    Region: "gate"	RelError: 6.05228e-04	AbsError: 3.02352e+16
      Equation: "ElectronContinuityEquation"	RelError: 2.98993e-04	AbsError: 3.02352e+16
      Equation: "HoleContinuityEquation"	RelError: 2.99172e-04	AbsError: 2.95849e-04
      Equation: "PotentialEquation"	RelError: 7.06190e-06	AbsError: 7.74241e-06
    Region: "oxide"	RelError: 7.53522e-03	AbsError: 1.17961e-02
      Equation: "PotentialEquation"	RelError: 7.53522e-03	AbsError: 1.17961e-02
Iteration: 1
  Device: "mos2d"	RelError: 1.44402e-01	AbsError: 2.25786e+14
    Region: "bulk"	RelError: 1.44400e-01	AbsError: 2.25786e+14
      Equation: "ElectronContinuityEquation"	RelError: 1.77102e-02	AbsError: 1.95751e+14
      Equation: "HoleContinuityEquation"	RelError: 1.22350e-01	AbsError: 3.00344e+13
      Equation: "PotentialEquation"	RelError: 4.34062e-03	AbsError: 5.35211e-05
    Region: "gate"	RelError: 1.90234e-07	AbsError: 5.17890e+12
      Equation: "ElectronContinuityEquation"	RelError: 5.14142e-08	AbsError: 5.17890e+12
      Equation: "HoleContinuityEquation"	RelError: 1.36600e-07	AbsError: 1.35612e-07
      Equation: "PotentialEquation"	RelError: 2.21970e-09	AbsError: 2.43337e-09
    Region: "oxide"	RelError: 1.23049e-06	AbsError: 1.60980e-06
      Equation: "PotentialEquation"	RelError: 1.23049e-06	AbsError: 1.60980e-06
Iteration: 2
  Device: "mos2d"	RelError: 6.15274e-04	AbsError: 1.30829e+10
    Region: "bulk"	RelError: 6.15274e-04	AbsError: 1.30829e+10
      Equation: "ElectronContinuityEquation"	RelError: 5.82532e-04	AbsError: 2.94290e+09
      Equation: "HoleContinuityEquation"	RelError: 3.19753e-05	AbsError: 1.01400e+10
      Equation: "PotentialEquation"	RelError: 7.67349e-07	AbsError: 1.37419e-08
    Region: "gate"	RelError: 1.02427e-12	AbsError: 5.01769e+07
      Equation: "ElectronContinuityEquation"	RelError: 5.05613e-13	AbsError: 5.01769e+07
      Equation: "HoleContinuityEquation"	RelError: 5.06634e-13	AbsError: 5.10515e-13
      Equation: "PotentialEquation"	RelError: 1.20195e-14	AbsError: 1.31719e-14
    Region: "oxide"	RelError: 2.04976e-11	AbsError: 1.64564e-11
      Equation: "PotentialEquation"	RelError: 2.04976e-11	AbsError: 1.64564e-11
Iteration: 3
  Device: "mos2d"	RelError: 1.79294e-06	AbsError: 8.11029e+03
    Region: "bulk"	RelError: 1.79294e-06	AbsError: 2.81179e+03
      Equation: "ElectronContinuityEquation"	RelError: 2.17722e-07	AbsError: 1.70644e+03
      Equation: "HoleContinuityEquation"	RelError: 1.57522e-06	AbsError: 1.10535e+03
      Equation: "PotentialEquation"	RelError: 4.63890e-14	AbsError: 1.31045e-15
    Region: "gate"	RelError: 3.79165e-16	AbsError: 8.11029e+03
      Equation: "ElectronContinuityEquation"	RelError: 8.11029e-17	AbsError: 8.11029e+03
      Equation: "HoleContinuityEquation"	RelError: 1.96771e-16	AbsError: 1.98586e-16
      Equation: "PotentialEquation"	RelError: 1.01291e-16	AbsError: 1.11022e-16
    Region: "oxide"	RelError: 1.04202e-16	AbsError: 1.15737e-16
      Equation: "PotentialEquation"	RelError: 1.04202e-16	AbsError: 1.15737e-16
Succeeded
IVPOINT	IDVD_VG1P0	5.00000000e-01	1.52000000e+00	7.00149472e-01
drain last end 1.520000e+00 2.000000e+00
number of equations 4346
Iteration: 0
  Device: "mos2d"	RelError: 1.50197e+01	AbsError: 3.51921e+16
    Region: "bulk"	RelError: 1.50116e+01	AbsError: 3.51921e+16
      Equation: "ElectronContinuityEquation"	RelError: 2.10599e-01	AbsError: 3.37162e+16
      Equation: "HoleContinuityEquation"	RelError: 7.27295e-01	AbsError: 1.47586e+15
      Equation: "PotentialEquation"	RelError: 1.40737e+01	AbsError: 2.00000e-02
    Region: "gate"	RelError: 6.04889e-04	AbsError: 3.02273e+16
      Equation: "ElectronContinuityEquation"	RelError: 2.98826e-04	AbsError: 3.02273e+16
      Equation: "HoleContinuityEquation"	RelError: 2.99005e-04	AbsError: 2.95595e-04
      Equation: "PotentialEquation"	RelError: 7.05790e-06	AbsError: 7.73808e-06
    Region: "oxide"	RelError: 7.47719e-03	AbsError: 1.17934e-02
      Equation: "PotentialEquation"	RelError: 7.47719e-03	AbsError: 1.17934e-02
Iteration: 1
  Device: "mos2d"	RelError: 1.89787e-01	AbsError: 2.31690e+14
    Region: "bulk"	RelError: 1.89785e-01	AbsError: 2.31690e+14
      Equation: "ElectronContinuityEquation"	RelError: 1.75445e-02	AbsError: 2.00783e+14
      Equation: "HoleContinuityEquation"	RelError: 1.20862e-01	AbsError: 3.09069e+13
      Equation: "PotentialEquation"	RelError: 5.13784e-02	AbsError: 5.09758e-05
    Region: "gate"	RelError: 1.89154e-07	AbsError: 5.13213e+12
      Equation: "ElectronContinuityEquation"	RelError: 5.09351e-08	AbsError: 5.13213e+12
      Equation: "HoleContinuityEquation"	RelError: 1.36012e-07	AbsError: 1.34988e-07
      Equation: "PotentialEquation"	RelError: 2.20708e-09	AbsError: 2.41955e-09
    Region: "oxide"	RelError: 1.21328e-06	AbsError: 1.60079e-06
      Equation: "PotentialEquation"	RelError: 1.21328e-06	AbsError: 1.60079e-06
Iteration: 2
  Device: "mos2d"	RelError: 5.06656e-04	AbsError: 1.15434e+10
    Region: "bulk"	RelError: 5.06655e-04	AbsError: 1.15434e+10
      Equation: "ElectronContinuityEquation"	RelError: 4.66714e-04	AbsError: 2.79362e+09
      Equation: "HoleContinuityEquation"	RelError: 3.08130e-05	AbsError: 8.74976e+09
      Equation: "PotentialEquation"	RelError: 9.12813e-06	AbsError: 1.21518e-08
    Region: "gate"	RelError: 1.08343e-12	AbsError: 5.30843e+07
      Equation: "ElectronContinuityEquation"	RelError: 5.34857e-13	AbsError: 5.30843e+07
      Equation: "HoleContinuityEquation"	RelError: 5.35838e-13	AbsError: 5.39891e-13
      Equation: "PotentialEquation"	RelError: 1.27356e-14	AbsError: 1.39567e-14
    Region: "oxide"	RelError: 2.17361e-11	AbsError: 1.73923e-11
      Equation: "PotentialEquation"	RelError: 2.17361e-11	AbsError: 1.73923e-11
Iteration: 3
  Device: "mos2d"	RelError: 7.83218e-07	AbsError: 8.18222e+03
    Region: "bulk"	RelError: 7.83218e-07	AbsError: 2.63300e+03
      Equation: "ElectronContinuityEquation"	RelError: 1.94932e-07	AbsError: 1.80757e+03
      Equation: "HoleContinuityEquation"	RelError: 5.88285e-07	AbsError: 8.25434e+02
      Equation: "PotentialEquation"	RelError: 6.68582e-13	AbsError: 1.07278e-15
    Region: "gate"	RelError: 3.83885e-16	AbsError: 8.18222e+03
      Equation: "ElectronContinuityEquation"	RelError: 8.18222e-17	AbsError: 8.18222e+03
      Equation: "HoleContinuityEquation"	RelError: 2.00766e-16	AbsError: 2.02284e-16
      Equation: "PotentialEquation"	RelError: 1.01297e-16	AbsError: 1.11029e-16
    Region: "oxide"	RelError: 1.11052e-16	AbsError: 1.36129e-16
      Equation: "PotentialEquation"	RelError: 1.11052e-16	AbsError: 1.36129e-16
Succeeded
IVPOINT	IDVD_VG1P0	5.00000000e-01	1.54000000e+00	7.05396455e-01
drain last end 1.540000e+00 2.000000e+00
number of equations 4346
Iteration: 0
  Device: "mos2d"	RelError: 1.87473e+00	AbsError: 3.53662e+16
    Region: "bulk"	RelError: 1.86671e+00	AbsError: 3.53662e+16
      Equation: "ElectronContinuityEquation"	RelError: 2.08965e-01	AbsError: 3.38676e+16
      Equation: "HoleContinuityEquation"	RelError: 7.26933e-01	AbsError: 1.49855e+15
      Equation: "PotentialEquation"	RelError: 9.30811e-01	AbsError: 2.00000e-02
    Region: "gate"	RelError: 6.04551e-04	AbsError: 3.02195e+16
      Equation: "ElectronContinuityEquation"	RelError: 2.98659e-04	AbsError: 3.02195e+16
      Equation: "HoleContinuityEquation"	RelError: 2.98838e-04	AbsError: 2.95342e-04
      Equation: "PotentialEquation"	RelError: 7.05391e-06	AbsError: 7.73376e-06
    Region: "oxide"	RelError: 7.42005e-03	AbsError: 1.17908e-02
      Equation: "PotentialEquation"	RelError: 7.42005e-03	AbsError: 1.17908e-02
Iteration: 1
  Device: "mos2d"	RelError: 1.38898e-01	AbsError: 2.37363e+14
    Region: "bulk"	RelError: 1.38897e-01	AbsError: 2.37363e+14
      Equation: "ElectronContinuityEquation"	RelError: 1.73661e-02	AbsError: 2.05824e+14
      Equation: "HoleContinuityEquation"	RelError: 1.18055e-01	AbsError: 3.15394e+13
      Equation: "PotentialEquation"	RelError: 3.47557e-03	AbsError: 4.83267e-05
    Region: "gate"	RelError: 1.88237e-07	AbsError: 5.09343e+12
      Equation: "ElectronContinuityEquation"	RelError: 5.05363e-08	AbsError: 5.09343e+12
      Equation: "HoleContinuityEquation"	RelError: 1.35504e-07	AbsError: 1.34445e-07
      Equation: "PotentialEquation"	RelError: 2.19636e-09	AbsError: 2.40782e-09
    Region: "oxide"	RelError: 1.19840e-06	AbsError: 1.59424e-06
      Equation: "PotentialEquation"	RelError: 1.19840e-06	AbsError: 1.59424e-06
Iteration: 2
  Device: "mos2d"	RelError: 5.66681e-04	AbsError: 1.03814e+10
    Region: "bulk"	RelError: 5.66680e-04	AbsError: 1.03814e+10
      Equation: "ElectronContinuityEquation"	RelError: 5.36794e-04	AbsError: 2.73133e+09
      Equation: "HoleContinuityEquation"	RelError: 2.92834e-05	AbsError: 7.65010e+09
      Equation: "PotentialEquation"	RelError: 6.03087e-07	AbsError: 1.05955e-08
    Region: "gate"	RelError: 1.13841e-12	AbsError: 5.57875e+07
      Equation: "ElectronContinuityEquation"	RelError: 5.62039e-13	AbsError: 5.57875e+07
      Equation: "HoleContinuityEquation"	RelError: 5.63059e-13	AbsError: 5.67262e-13
      Equation: "PotentialEquation"	RelError: 1.33140e-14	AbsError: 1.45906e-14
    Region: "oxide"	RelError: 2.29125e-11	AbsError: 1.82505e-11
      Equation: "PotentialEquation"	RelError: 2.29125e-11	AbsError: 1.82505e-11
Iteration: 3
  Device: "mos2d"	RelError: 5.57692e-06	AbsError: 8.18537e+03
    Region: "bulk"	RelError: 5.57692e-06	AbsError: 1.86196e+03
      Equation: "ElectronContinuityEquation"	RelError: 5.46428e-06	AbsError: 1.27050e+03
      Equation: "HoleContinuityEquation"	RelError: 1.12642e-07	AbsError: 5.91467e+02
      Equation: "PotentialEquation"	RelError: 3.73790e-14	AbsError: 8.48730e-16
    Region: "gate"	RelError: 3.74291e-16	AbsError: 8.18537e+03
      Equation: "ElectronContinuityEquation"	RelError: 8.18536e-17	AbsError: 8.18537e+03
      Equation: "HoleContinuityEquation"	RelError: 1.91109e-16	AbsError: 1.96490e-16
      Equation: "PotentialEquation"	RelError: 1.01328e-16	AbsError: 1.11063e-16
    Region: "oxide"	RelError: 1.25262e-16	AbsError: 1.27666e-16
      Equation: "PotentialEquation"	RelError: 1.25262e-16	AbsError: 1.27666e-16
Succeeded
IVPOINT	IDVD_VG1P0	5.00000000e-01	1.56000000e+00	7.10651064e-01
drain last end 1.560000e+00 2.000000e+00
number of equations 4346
Iteration: 0
  Device: "mos2d"	RelError: 6.35501e+00	AbsError: 3.55415e+16
    Region: "bulk"	RelError: 6.34704e+00	AbsError: 3.55415e+16
      Equation: "ElectronContinuityEquation"	RelError: 2.07180e-01	AbsError: 3.40223e+16
      Equation: "HoleContinuityEquation"	RelError: 7.28596e-01	AbsError: 1.51924e+15
      Equation: "PotentialEquation"	RelError: 5.41126e+00	AbsError: 2.00000e-02
    Region: "gate"	RelError: 6.04214e-04	AbsError: 3.02117e+16
      Equation: "ElectronContinuityEquation"	RelError: 2.98493e-04	AbsError: 3.02117e+16
      Equation: "HoleContinuityEquation"	RelError: 2.98671e-04	AbsError: 2.95089e-04
      Equation: "PotentialEquation"	RelError: 7.04993e-06	AbsError: 7.72945e-06
    Region: "oxide"	RelError: 7.36377e-03	AbsError: 1.17881e-02
      Equation: "PotentialEquation"	RelError: 7.36377e-03	AbsError: 1.17881e-02
Iteration: 1
  Device: "mos2d"	RelError: 1.50155e-01	AbsError: 2.42775e+14
    Region: "bulk"	RelError: 1.50154e-01	AbsError: 2.42775e+14
      Equation: "ElectronContinuityEquation"	RelError: 1.71738e-02	AbsError: 2.10860e+14
      Equation: "HoleContinuityEquation"	RelError: 1.18201e-01	AbsError: 3.19146e+13
      Equation: "PotentialEquation"	RelError: 1.47797e-02	AbsError: 4.75527e-05
    Region: "gate"	RelError: 1.87468e-07	AbsError: 5.06206e+12
      Equation: "ElectronContinuityEquation"	RelError: 5.02104e-08	AbsError: 5.06206e+12
      Equation: "HoleContinuityEquation"	RelError: 1.35070e-07	AbsError: 1.33975e-07
      Equation: "PotentialEquation"	RelError: 2.18737e-09	AbsError: 2.39798e-09
    Region: "oxide"	RelError: 1.18529e-06	AbsError: 1.58990e-06
      Equation: "PotentialEquation"	RelError: 1.18529e-06	AbsError: 1.58990e-06
Iteration: 2
  Device: "mos2d"	RelError: 6.62853e-04	AbsError: 1.10708e+10
    Region: "bulk"	RelError: 6.62853e-04	AbsError: 1.10708e+10
      Equation: "ElectronContinuityEquation"	RelError: 6.33336e-04	AbsError: 3.06964e+09
      Equation: "HoleContinuityEquation"	RelError: 2.78143e-05	AbsError: 8.00117e+09
      Equation: "PotentialEquation"	RelError: 1.70279e-06	AbsError: 9.15895e-09
    Region: "gate"	RelError: 1.18918e-12	AbsError: 5.82895e+07
      Equation: "ElectronContinuityEquation"	RelError: 5.87190e-13	AbsError: 5.82895e+07
      Equation: "HoleContinuityEquation"	RelError: 5.88128e-13	AbsError: 5.92461e-13
      Equation: "PotentialEquation"	RelError: 1.38663e-14	AbsError: 1.51959e-14
    Region: "oxide"	RelError: 2.40353e-11	AbsError: 1.90378e-11
      Equation: "PotentialEquation"	RelError: 2.40353e-11	AbsError: 1.90378e-11
Iteration: 3
  Device: "mos2d"	RelError: 8.36891e-07	AbsError: 8.01595e+03
    Region: "bulk"	RelError: 8.36891e-07	AbsError: 2.36667e+03
      Equation: "ElectronContinuityEquation"	RelError: 4.27846e-08	AbsError: 1.92137e+03
      Equation: "HoleContinuityEquation"	RelError: 7.94107e-07	AbsError: 4.45296e+02
      Equation: "PotentialEquation"	RelError: 1.17079e-13	AbsError: 6.25127e-16
    Region: "gate"	RelError: 3.17335e-16	AbsError: 8.01595e+03
      Equation: "ElectronContinuityEquation"	RelError: 8.14083e-17	AbsError: 8.01595e+03
      Equation: "HoleContinuityEquation"	RelError: 1.34617e-16	AbsError: 1.34617e-16
      Equation: "PotentialEquation"	RelError: 1.01310e-16	AbsError: 1.11044e-16
    Region: "oxide"	RelError: 1.15619e-16	AbsError: 1.21215e-16
      Equation: "PotentialEquation"	RelError: 1.15619e-16	AbsError: 1.21215e-16
Succeeded
IVPOINT	IDVD_VG1P0	5.00000000e-01	1.58000000e+00	7.15913579e-01
drain last end 1.580000e+00 2.000000e+00
number of equations 4346
Iteration: 0
  Device: "mos2d"	RelError: 2.18111e+00	AbsError: 3.57181e+16
    Region: "bulk"	RelError: 2.17319e+00	AbsError: 3.57181e+16
      Equation: "ElectronContinuityEquation"	RelError: 2.05226e-01	AbsError: 3.41802e+16
      Equation: "HoleContinuityEquation"	RelError: 7.28143e-01	AbsError: 1.53782e+15
      Equation: "PotentialEquation"	RelError: 1.23983e+00	AbsError: 2.00000e-02
    Region: "gate"	RelError: 6.03878e-04	AbsError: 3.02038e+16
      Equation: "ElectronContinuityEquation"	RelError: 2.98327e-04	AbsError: 3.02038e+16
      Equation: "HoleContinuityEquation"	RelError: 2.98505e-04	AbsError: 2.94837e-04
      Equation: "PotentialEquation"	RelError: 7.04596e-06	AbsError: 7.72515e-06
    Region: "oxide"	RelError: 7.30832e-03	AbsError: 1.17855e-02
      Equation: "PotentialEquation"	RelError: 7.30832e-03	AbsError: 1.17855e-02
Iteration: 1
  Device: "mos2d"	RelError: 1.38703e-01	AbsError: 2.47898e+14
    Region: "bulk"	RelError: 1.38702e-01	AbsError: 2.47898e+14
      Equation: "ElectronContinuityEquation"	RelError: 1.69669e-02	AbsError: 2.15876e+14
      Equation: "HoleContinuityEquation"	RelError: 1.18535e-01	AbsError: 3.20219e+13
      Equation: "PotentialEquation"	RelError: 3.19984e-03	AbsError: 4.77766e-05
    Region: "gate"	RelError: 1.86832e-07	AbsError: 5.03729e+12
      Equation: "ElectronContinuityEquation"	RelError: 4.99502e-08	AbsError: 5.03729e+12
      Equation: "HoleContinuityEquation"	RelError: 1.34702e-07	AbsError: 1.33571e-07
      Equation: "PotentialEquation"	RelError: 2.17994e-09	AbsError: 2.38985e-09
    Region: "oxide"	RelError: 1.17376e-06	AbsError: 1.58753e-06
      Equation: "PotentialEquation"	RelError: 1.17376e-06	AbsError: 1.58753e-06
Iteration: 2
  Device: "mos2d"	RelError: 7.56196e-04	AbsError: 1.16219e+10
    Region: "bulk"	RelError: 7.56196e-04	AbsError: 1.16219e+10
      Equation: "ElectronContinuityEquation"	RelError: 7.28983e-04	AbsError: 3.43660e+09
      Equation: "HoleContinuityEquation"	RelError: 2.68553e-05	AbsError: 8.18527e+09
      Equation: "PotentialEquation"	RelError: 3.57709e-07	AbsError: 9.42120e-09
    Region: "gate"	RelError: 1.23670e-12	AbsError: 6.06181e+07
      Equation: "ElectronContinuityEquation"	RelError: 6.10588e-13	AbsError: 6.06181e+07
      Equation: "HoleContinuityEquation"	RelError: 6.11722e-13	AbsError: 6.16169e-13
      Equation: "PotentialEquation"	RelError: 1.43856e-14	AbsError: 1.57650e-14
    Region: "oxide"	RelError: 2.51121e-11	AbsError: 1.98195e-11
      Equation: "PotentialEquation"	RelError: 2.51121e-11	AbsError: 1.98195e-11
Iteration: 3
  Device: "mos2d"	RelError: 4.72512e-07	AbsError: 7.85302e+03
    Region: "bulk"	RelError: 4.72512e-07	AbsError: 1.73419e+03
      Equation: "ElectronContinuityEquation"	RelError: 4.15848e-07	AbsError: 1.26163e+03
      Equation: "HoleContinuityEquation"	RelError: 5.66640e-08	AbsError: 4.72564e+02
      Equation: "PotentialEquation"	RelError: 3.35843e-14	AbsError: 5.64869e-16
    Region: "gate"	RelError: 3.44018e-16	AbsError: 7.85302e+03
      Equation: "ElectronContinuityEquation"	RelError: 7.85302e-17	AbsError: 7.85302e+03
      Equation: "HoleContinuityEquation"	RelError: 1.64197e-16	AbsError: 1.66185e-16
      Equation: "PotentialEquation"	RelError: 1.01291e-16	AbsError: 1.11022e-16
    Region: "oxide"	RelError: 1.24014e-16	AbsError: 1.35164e-16
      Equation: "PotentialEquation"	RelError: 1.24014e-16	AbsError: 1.35164e-16
Succeeded
IVPOINT	IDVD_VG1P0	5.00000000e-01	1.60000000e+00	7.21184275e-01
drain last end 1.600000e+00 2.000000e+00
number of equations 4346
Iteration: 0
  Device: "mos2d"	RelError: 1.48930e+00	AbsError: 3.58957e+16
    Region: "bulk"	RelError: 1.48145e+00	AbsError: 3.58957e+16
      Equation: "ElectronContinuityEquation"	RelError: 2.03082e-01	AbsError: 3.43415e+16
      Equation: "HoleContinuityEquation"	RelError: 7.24577e-01	AbsError: 1.55420e+15
      Equation: "PotentialEquation"	RelError: 5.53787e-01	AbsError: 2.00000e-02
    Region: "gate"	RelError: 6.03542e-04	AbsError: 3.01960e+16
      Equation: "ElectronContinuityEquation"	RelError: 2.98161e-04	AbsError: 3.01960e+16
      Equation: "HoleContinuityEquation"	RelError: 2.98339e-04	AbsError: 2.94585e-04
      Equation: "PotentialEquation"	RelError: 7.04199e-06	AbsError: 7.72085e-06
    Region: "oxide"	RelError: 7.25369e-03	AbsError: 1.17829e-02
      Equation: "PotentialEquation"	RelError: 7.25369e-03	AbsError: 1.17829e-02
Iteration: 1
  Device: "mos2d"	RelError: 1.36562e-01	AbsError: 2.52711e+14
    Region: "bulk"	RelError: 1.36560e-01	AbsError: 2.52711e+14
      Equation: "ElectronContinuityEquation"	RelError: 1.67449e-02	AbsError: 2.20853e+14
      Equation: "HoleContinuityEquation"	RelError: 1.18405e-01	AbsError: 3.18583e+13
      Equation: "PotentialEquation"	RelError: 1.41051e-03	AbsError: 4.78030e-05
    Region: "gate"	RelError: 1.86316e-07	AbsError: 5.01845e+12
      Equation: "ElectronContinuityEquation"	RelError: 4.97489e-08	AbsError: 5.01845e+12
      Equation: "HoleContinuityEquation"	RelError: 1.34393e-07	AbsError: 1.33227e-07
      Equation: "PotentialEquation"	RelError: 2.17390e-09	AbsError: 2.38325e-09
    Region: "oxide"	RelError: 1.16362e-06	AbsError: 1.58687e-06
      Equation: "PotentialEquation"	RelError: 1.16362e-06	AbsError: 1.58687e-06
Iteration: 2
  Device: "mos2d"	RelError: 8.41166e-04	AbsError: 1.20319e+10
    Region: "bulk"	RelError: 8.41166e-04	AbsError: 1.20319e+10
      Equation: "ElectronContinuityEquation"	RelError: 8.15210e-04	AbsError: 3.83309e+09
      Equation: "HoleContinuityEquation"	RelError: 2.58026e-05	AbsError: 8.19886e+09
      Equation: "PotentialEquation"	RelError: 1.53446e-07	AbsError: 9.59220e-09
    Region: "gate"	RelError: 1.28036e-12	AbsError: 6.27777e+07
      Equation: "ElectronContinuityEquation"	RelError: 6.32279e-13	AbsError: 6.27777e+07
      Equation: "HoleContinuityEquation"	RelError: 6.33107e-13	AbsError: 6.37648e-13
      Equation: "PotentialEquation"	RelError: 1.49781e-14	AbsError: 1.64143e-14
    Region: "oxide"	RelError: 2.61455e-11	AbsError: 2.05547e-11
      Equation: "PotentialEquation"	RelError: 2.61455e-11	AbsError: 2.05547e-11
Iteration: 3
  Device: "mos2d"	RelError: 1.04109e-06	AbsError: 8.17236e+03
    Region: "bulk"	RelError: 1.04109e-06	AbsError: 2.21619e+03
      Equation: "ElectronContinuityEquation"	RelError: 1.00566e-06	AbsError: 1.73543e+03
      Equation: "HoleContinuityEquation"	RelError: 3.54277e-08	AbsError: 4.80754e+02
      Equation: "PotentialEquation"	RelError: 6.61485e-14	AbsError: 5.68413e-16
    Region: "gate"	RelError: 3.48890e-16	AbsError: 8.17236e+03
      Equation: "ElectronContinuityEquation"	RelError: 8.17242e-17	AbsError: 8.17236e+03
      Equation: "HoleContinuityEquation"	RelError: 1.65875e-16	AbsError: 1.65876e-16
      Equation: "PotentialEquation"	RelError: 1.01291e-16	AbsError: 1.11022e-16
    Region: "oxide"	RelError: 1.18881e-16	AbsError: 1.16863e-16
      Equation: "PotentialEquation"	RelError: 1.18881e-16	AbsError: 1.16863e-16
Succeeded
IVPOINT	IDVD_VG1P0	5.00000000e-01	1.62000000e+00	7.26463418e-01
drain last end 1.620000e+00 2.000000e+00
number of equations 4346
Iteration: 0
  Device: "mos2d"	RelError: 1.44229e+00	AbsError: 3.60743e+16
    Region: "bulk"	RelError: 1.43448e+00	AbsError: 3.60743e+16
      Equation: "ElectronContinuityEquation"	RelError: 2.00721e-01	AbsError: 3.45060e+16
      Equation: "HoleContinuityEquation"	RelError: 7.16475e-01	AbsError: 1.56833e+15
      Equation: "PotentialEquation"	RelError: 5.17287e-01	AbsError: 2.00000e-02
    Region: "gate"	RelError: 6.03206e-04	AbsError: 3.01882e+16
      Equation: "ElectronContinuityEquation"	RelError: 2.97995e-04	AbsError: 3.01882e+16
      Equation: "HoleContinuityEquation"	RelError: 2.98173e-04	AbsError: 2.94333e-04
      Equation: "PotentialEquation"	RelError: 7.03802e-06	AbsError: 7.71655e-06
    Region: "oxide"	RelError: 7.19986e-03	AbsError: 1.17802e-02
      Equation: "PotentialEquation"	RelError: 7.19986e-03	AbsError: 1.17802e-02
Iteration: 1
  Device: "mos2d"	RelError: 1.34998e-01	AbsError: 2.57200e+14
    Region: "bulk"	RelError: 1.34997e-01	AbsError: 2.57200e+14
      Equation: "ElectronContinuityEquation"	RelError: 1.65066e-02	AbsError: 2.25771e+14
      Equation: "HoleContinuityEquation"	RelError: 1.17598e-01	AbsError: 3.14283e+13
      Equation: "PotentialEquation"	RelError: 8.91803e-04	AbsError: 4.76287e-05
    Region: "gate"	RelError: 1.85906e-07	AbsError: 5.00486e+12
      Equation: "ElectronContinuityEquation"	RelError: 4.95998e-08	AbsError: 5.00486e+12
      Equation: "HoleContinuityEquation"	RelError: 1.34137e-07	AbsError: 1.32934e-07
      Equation: "PotentialEquation"	RelError: 2.16910e-09	AbsError: 2.37800e-09
    Region: "oxide"	RelError: 1.15471e-06	AbsError: 1.58770e-06
      Equation: "PotentialEquation"	RelError: 1.15471e-06	AbsError: 1.58770e-06
Iteration: 2
  Device: "mos2d"	RelError: 9.07079e-04	AbsError: 1.23073e+10
    Region: "bulk"	RelError: 9.07079e-04	AbsError: 1.23073e+10
      Equation: "ElectronContinuityEquation"	RelError: 8.82326e-04	AbsError: 4.25961e+09
      Equation: "HoleContinuityEquation"	RelError: 2.46441e-05	AbsError: 8.04766e+09
      Equation: "PotentialEquation"	RelError: 1.08605e-07	AbsError: 9.86196e-09
    Region: "gate"	RelError: 1.32045e-12	AbsError: 6.47582e+07
      Equation: "ElectronContinuityEquation"	RelError: 6.52163e-13	AbsError: 6.47582e+07
      Equation: "HoleContinuityEquation"	RelError: 6.52789e-13	AbsError: 6.57407e-13
      Equation: "PotentialEquation"	RelError: 1.54990e-14	AbsError: 1.69852e-14
    Region: "oxide"	RelError: 2.71315e-11	AbsError: 2.12332e-11
      Equation: "PotentialEquation"	RelError: 2.71315e-11	AbsError: 2.12332e-11
Iteration: 3
  Device: "mos2d"	RelError: 1.18161e-06	AbsError: 8.07284e+03
    Region: "bulk"	RelError: 1.18161e-06	AbsError: 2.64421e+03
      Equation: "ElectronContinuityEquation"	RelError: 1.15927e-06	AbsError: 2.18514e+03
      Equation: "HoleContinuityEquation"	RelError: 2.23362e-08	AbsError: 4.59069e+02
      Equation: "PotentialEquation"	RelError: 3.28266e-14	AbsError: 5.55084e-16
    Region: "gate"	RelError: 4.55347e-16	AbsError: 8.07284e+03
      Equation: "ElectronContinuityEquation"	RelError: 8.07287e-17	AbsError: 8.07284e+03
      Equation: "HoleContinuityEquation"	RelError: 2.73122e-16	AbsError: 2.77168e-16
      Equation: "PotentialEquation"	RelError: 1.01496e-16	AbsError: 1.11229e-16
    Region: "oxide"	RelError: 1.10232e-16	AbsError: 1.11229e-16
      Equation: "PotentialEquation"	RelError: 1.10232e-16	AbsError: 1.11229e-16
Succeeded
IVPOINT	IDVD_VG1P0	5.00000000e-01	1.64000000e+00	7.31751270e-01
drain last end 1.640000e+00 2.000000e+00
number of equations 4346
Iteration: 0
  Device: "mos2d"	RelError: 1.98907e+00	AbsError: 3.62538e+16
    Region: "bulk"	RelError: 1.98132e+00	AbsError: 3.62538e+16
      Equation: "ElectronContinuityEquation"	RelError: 1.98112e-01	AbsError: 3.46737e+16
      Equation: "HoleContinuityEquation"	RelError: 7.01901e-01	AbsError: 1.58012e+15
      Equation: "PotentialEquation"	RelError: 1.08131e+00	AbsError: 2.00000e-02
    Region: "gate"	RelError: 6.02870e-04	AbsError: 3.01804e+16
      Equation: "ElectronContinuityEquation"	RelError: 2.97829e-04	AbsError: 3.01804e+16
      Equation: "HoleContinuityEquation"	RelError: 2.98007e-04	AbsError: 2.94081e-04
      Equation: "PotentialEquation"	RelError: 7.03405e-06	AbsError: 7.71225e-06
    Region: "oxide"	RelError: 7.14680e-03	AbsError: 1.17776e-02
      Equation: "PotentialEquation"	RelError: 7.14680e-03	AbsError: 1.17776e-02
Iteration: 1
  Device: "mos2d"	RelError: 1.33936e-01	AbsError: 2.61353e+14
    Region: "bulk"	RelError: 1.33935e-01	AbsError: 2.61353e+14
      Equation: "ElectronContinuityEquation"	RelError: 1.62507e-02	AbsError: 2.30609e+14
      Equation: "HoleContinuityEquation"	RelError: 1.15820e-01	AbsError: 3.07443e+13
      Equation: "PotentialEquation"	RelError: 1.86363e-03	AbsError: 4.79454e-05
    Region: "gate"	RelError: 1.85588e-07	AbsError: 4.99587e+12
      Equation: "ElectronContinuityEquation"	RelError: 4.94963e-08	AbsError: 4.99587e+12
      Equation: "HoleContinuityEquation"	RelError: 1.33927e-07	AbsError: 1.32687e-07
      Equation: "PotentialEquation"	RelError: 2.16538e-09	AbsError: 2.37394e-09
    Region: "oxide"	RelError: 1.14685e-06	AbsError: 1.58980e-06
      Equation: "PotentialEquation"	RelError: 1.14685e-06	AbsError: 1.58980e-06
Iteration: 2
  Device: "mos2d"	RelError: 9.44387e-04	AbsError: 1.24623e+10
    Region: "bulk"	RelError: 9.44387e-04	AbsError: 1.24623e+10
      Equation: "ElectronContinuityEquation"	RelError: 9.20938e-04	AbsError: 4.71626e+09
      Equation: "HoleContinuityEquation"	RelError: 2.33524e-05	AbsError: 7.74601e+09
      Equation: "PotentialEquation"	RelError: 9.73998e-08	AbsError: 1.07921e-08
    Region: "gate"	RelError: 1.35654e-12	AbsError: 6.65385e+07
      Equation: "ElectronContinuityEquation"	RelError: 6.70028e-13	AbsError: 6.65385e+07
      Equation: "HoleContinuityEquation"	RelError: 6.70751e-13	AbsError: 6.75431e-13
      Equation: "PotentialEquation"	RelError: 1.57642e-14	AbsError: 1.72759e-14
    Region: "oxide"	RelError: 2.80579e-11	AbsError: 2.18449e-11
      Equation: "PotentialEquation"	RelError: 2.80579e-11	AbsError: 2.18449e-11
Iteration: 3
  Device: "mos2d"	RelError: 9.81500e-06	AbsError: 8.11400e+03
    Region: "bulk"	RelError: 9.81500e-06	AbsError: 4.80666e+03
      Equation: "ElectronContinuityEquation"	RelError: 9.56135e-06	AbsError: 4.28779e+03
      Equation: "HoleContinuityEquation"	RelError: 2.53644e-07	AbsError: 5.18867e+02
      Equation: "PotentialEquation"	RelError: 2.29150e-14	AbsError: 7.18551e-16
    Region: "gate"	RelError: 4.13279e-16	AbsError: 8.11400e+03
      Equation: "ElectronContinuityEquation"	RelError: 8.11400e-17	AbsError: 8.11400e+03
      Equation: "HoleContinuityEquation"	RelError: 2.30831e-16	AbsError: 2.32870e-16
      Equation: "PotentialEquation"	RelError: 1.01309e-16	AbsError: 1.11042e-16
    Region: "oxide"	RelError: 1.21668e-16	AbsError: 1.22349e-16
      Equation: "PotentialEquation"	RelError: 1.21668e-16	AbsError: 1.22349e-16
Succeeded
IVPOINT	IDVD_VG1P0	5.00000000e-01	1.66000000e+00	7.37048081e-01
drain last end 1.660000e+00 2.000000e+00
number of equations 4346
Iteration: 0
  Device: "mos2d"	RelError: 1.33688e+01	AbsError: 3.64342e+16
    Region: "bulk"	RelError: 1.33611e+01	AbsError: 3.64342e+16
      Equation: "ElectronContinuityEquation"	RelError: 1.95217e-01	AbsError: 3.48447e+16
      Equation: "HoleContinuityEquation"	RelError: 6.78405e-01	AbsError: 1.58952e+15
      Equation: "PotentialEquation"	RelError: 1.24874e+01	AbsError: 2.00000e-02
    Region: "gate"	RelError: 6.02533e-04	AbsError: 3.01726e+16
      Equation: "ElectronContinuityEquation"	RelError: 2.97663e-04	AbsError: 3.01726e+16
      Equation: "HoleContinuityEquation"	RelError: 2.97840e-04	AbsError: 2.93830e-04
      Equation: "PotentialEquation"	RelError: 7.03007e-06	AbsError: 7.70795e-06
    Region: "oxide"	RelError: 7.09450e-03	AbsError: 1.17749e-02
      Equation: "PotentialEquation"	RelError: 7.09450e-03	AbsError: 1.17749e-02
Iteration: 1
  Device: "mos2d"	RelError: 1.49654e-01	AbsError: 2.65166e+14
    Region: "bulk"	RelError: 1.49653e-01	AbsError: 2.65166e+14
      Equation: "ElectronContinuityEquation"	RelError: 1.59747e-02	AbsError: 2.35341e+14
      Equation: "HoleContinuityEquation"	RelError: 1.12687e-01	AbsError: 2.98253e+13
      Equation: "PotentialEquation"	RelError: 2.09909e-02	AbsError: 4.88533e-05
    Region: "gate"	RelError: 1.85350e-07	AbsError: 4.99083e+12
      Equation: "ElectronContinuityEquation"	RelError: 4.94320e-08	AbsError: 4.99083e+12
      Equation: "HoleContinuityEquation"	RelError: 1.33756e-07	AbsError: 1.32479e-07
      Equation: "PotentialEquation"	RelError: 2.16259e-09	AbsError: 2.37090e-09
    Region: "oxide"	RelError: 1.13989e-06	AbsError: 1.59295e-06
      Equation: "PotentialEquation"	RelError: 1.13989e-06	AbsError: 1.59295e-06
Iteration: 2
  Device: "mos2d"	RelError: 9.46642e-04	AbsError: 1.33381e+10
    Region: "bulk"	RelError: 9.46642e-04	AbsError: 1.33381e+10
      Equation: "ElectronContinuityEquation"	RelError: 9.23780e-04	AbsError: 5.20263e+09
      Equation: "HoleContinuityEquation"	RelError: 2.18837e-05	AbsError: 8.13548e+09
      Equation: "PotentialEquation"	RelError: 9.79029e-07	AbsError: 1.16536e-08
    Region: "gate"	RelError: 1.38691e-12	AbsError: 6.80331e+07
      Equation: "ElectronContinuityEquation"	RelError: 6.85011e-13	AbsError: 6.80331e+07
      Equation: "HoleContinuityEquation"	RelError: 6.85660e-13	AbsError: 6.90377e-13
      Equation: "PotentialEquation"	RelError: 1.62424e-14	AbsError: 1.78001e-14
    Region: "oxide"	RelError: 2.89047e-11	AbsError: 2.24832e-11
      Equation: "PotentialEquation"	RelError: 2.89047e-11	AbsError: 2.24832e-11
Iteration: 3
  Device: "mos2d"	RelError: 1.48294e-06	AbsError: 7.49724e+03
    Region: "bulk"	RelError: 1.48294e-06	AbsError: 2.48123e+03
      Equation: "ElectronContinuityEquation"	RelError: 1.47435e-06	AbsError: 1.78452e+03
      Equation: "HoleContinuityEquation"	RelError: 8.58812e-09	AbsError: 6.96716e+02
      Equation: "PotentialEquation"	RelError: 3.81331e-14	AbsError: 8.28067e-16
    Region: "gate"	RelError: 3.45366e-16	AbsError: 7.49724e+03
      Equation: "ElectronContinuityEquation"	RelError: 7.39629e-17	AbsError: 7.49724e+03
      Equation: "HoleContinuityEquation"	RelError: 1.70102e-16	AbsError: 1.70103e-16
      Equation: "PotentialEquation"	RelError: 1.01301e-16	AbsError: 1.11034e-16
    Region: "oxide"	RelError: 1.23468e-16	AbsError: 1.36589e-16
      Equation: "PotentialEquation"	RelError: 1.23468e-16	AbsError: 1.36589e-16
Succeeded
IVPOINT	IDVD_VG1P0	5.00000000e-01	1.68000000e+00	7.42354095e-01
drain last end 1.680000e+00 2.000000e+00
number of equations 4346
Iteration: 0
  Device: "mos2d"	RelError: 1.76810e+00	AbsError: 3.66153e+16
    Region: "bulk"	RelError: 1.76045e+00	AbsError: 3.66153e+16
      Equation: "ElectronContinuityEquation"	RelError: 1.91997e-01	AbsError: 3.50189e+16
      Equation: "HoleContinuityEquation"	RelError: 6.43831e-01	AbsError: 1.59648e+15
      Equation: "PotentialEquation"	RelError: 9.24627e-01	AbsError: 2.00000e-02
    Region: "gate"	RelError: 6.02197e-04	AbsError: 3.01647e+16
      Equation: "ElectronContinuityEquation"	RelError: 2.97497e-04	AbsError: 3.01647e+16
      Equation: "HoleContinuityEquation"	RelError: 2.97674e-04	AbsError: 2.93578e-04
      Equation: "PotentialEquation"	RelError: 7.02610e-06	AbsError: 7.70365e-06
    Region: "oxide"	RelError: 7.04294e-03	AbsError: 1.17722e-02
      Equation: "PotentialEquation"	RelError: 7.04294e-03	AbsError: 1.17722e-02
Iteration: 1
  Device: "mos2d"	RelError: 1.25009e-01	AbsError: 2.68663e+14
    Region: "bulk"	RelError: 1.25008e-01	AbsError: 2.68663e+14
      Equation: "ElectronContinuityEquation"	RelError: 1.56757e-02	AbsError: 2.39941e+14
      Equation: "HoleContinuityEquation"	RelError: 1.07752e-01	AbsError: 2.87221e+13
      Equation: "PotentialEquation"	RelError: 1.58088e-03	AbsError: 4.95151e-05
    Region: "gate"	RelError: 1.85179e-07	AbsError: 4.98908e+12
      Equation: "ElectronContinuityEquation"	RelError: 4.94003e-08	AbsError: 4.98908e+12
      Equation: "HoleContinuityEquation"	RelError: 1.33618e-07	AbsError: 1.32304e-07
      Equation: "PotentialEquation"	RelError: 2.16057e-09	AbsError: 2.36870e-09
    Region: "oxide"	RelError: 1.13366e-06	AbsError: 1.59692e-06
      Equation: "PotentialEquation"	RelError: 1.13366e-06	AbsError: 1.59692e-06
Iteration: 2
  Device: "mos2d"	RelError: 9.07887e-04	AbsError: 1.48404e+10
    Region: "bulk"	RelError: 9.07887e-04	AbsError: 1.48404e+10
      Equation: "ElectronContinuityEquation"	RelError: 8.87566e-04	AbsError: 5.71771e+09
      Equation: "HoleContinuityEquation"	RelError: 2.01873e-05	AbsError: 9.12270e+09
      Equation: "PotentialEquation"	RelError: 1.34415e-07	AbsError: 1.24049e-08
    Region: "gate"	RelError: 1.41081e-12	AbsError: 6.92212e+07
      Equation: "ElectronContinuityEquation"	RelError: 6.96908e-13	AbsError: 6.92212e+07
      Equation: "HoleContinuityEquation"	RelError: 6.97368e-13	AbsError: 7.02098e-13
      Equation: "PotentialEquation"	RelError: 1.65358e-14	AbsError: 1.81216e-14
    Region: "oxide"	RelError: 2.96453e-11	AbsError: 2.31216e-11
      Equation: "PotentialEquation"	RelError: 2.96453e-11	AbsError: 2.31216e-11
Iteration: 3
  Device: "mos2d"	RelError: 1.68034e-06	AbsError: 8.07468e+03
    Region: "bulk"	RelError: 1.68034e-06	AbsError: 2.32051e+03
      Equation: "ElectronContinuityEquation"	RelError: 1.67330e-06	AbsError: 1.48303e+03
      Equation: "HoleContinuityEquation"	RelError: 7.04352e-09	AbsError: 8.37479e+02
      Equation: "PotentialEquation"	RelError: 2.39427e-14	AbsError: 1.01797e-15
    Region: "gate"	RelError: 4.55256e-16	AbsError: 8.07468e+03
      Equation: "ElectronContinuityEquation"	RelError: 8.19426e-17	AbsError: 8.07468e+03
      Equation: "HoleContinuityEquation"	RelError: 2.72011e-16	AbsError: 2.79658e-16
      Equation: "PotentialEquation"	RelError: 1.01303e-16	AbsError: 1.11035e-16
    Region: "oxide"	RelError: 9.89902e-17	AbsError: 1.23424e-16
      Equation: "PotentialEquation"	RelError: 9.89902e-17	AbsError: 1.23424e-16
Succeeded
IVPOINT	IDVD_VG1P0	5.00000000e-01	1.70000000e+00	7.47669546e-01
drain last end 1.700000e+00 2.000000e+00
number of equations 4346
Iteration: 0
  Device: "mos2d"	RelError: 1.32510e+00	AbsError: 3.67970e+16
    Region: "bulk"	RelError: 1.31751e+00	AbsError: 3.67970e+16
      Equation: "ElectronContinuityEquation"	RelError: 1.88407e-01	AbsError: 3.51961e+16
      Equation: "HoleContinuityEquation"	RelError: 6.48222e-01	AbsError: 1.60094e+15
      Equation: "PotentialEquation"	RelError: 4.80877e-01	AbsError: 2.00000e-02
    Region: "gate"	RelError: 6.01860e-04	AbsError: 3.01568e+16
      Equation: "ElectronContinuityEquation"	RelError: 2.97330e-04	AbsError: 3.01568e+16
      Equation: "HoleContinuityEquation"	RelError: 2.97507e-04	AbsError: 2.93327e-04
      Equation: "PotentialEquation"	RelError: 7.02212e-06	AbsError: 7.69934e-06
    Region: "oxide"	RelError: 6.99211e-03	AbsError: 1.17696e-02
      Equation: "PotentialEquation"	RelError: 6.99211e-03	AbsError: 1.17696e-02
Iteration: 1
  Device: "mos2d"	RelError: 1.16769e-01	AbsError: 2.74167e+14
    Region: "bulk"	RelError: 1.16767e-01	AbsError: 2.74167e+14
      Equation: "ElectronContinuityEquation"	RelError: 1.53507e-02	AbsError: 2.44382e+14
      Equation: "HoleContinuityEquation"	RelError: 1.00589e-01	AbsError: 2.97853e+13
      Equation: "PotentialEquation"	RelError: 8.27810e-04	AbsError: 4.99021e-05
    Region: "gate"	RelError: 1.85060e-07	AbsError: 4.98996e+12
      Equation: "ElectronContinuityEquation"	RelError: 4.93948e-08	AbsError: 4.98996e+12
      Equation: "HoleContinuityEquation"	RelError: 1.33506e-07	AbsError: 1.32155e-07
      Equation: "PotentialEquation"	RelError: 2.15917e-09	AbsError: 2.36718e-09
    Region: "oxide"	RelError: 1.12802e-06	AbsError: 1.60150e-06
      Equation: "PotentialEquation"	RelError: 1.12802e-06	AbsError: 1.60150e-06
Iteration: 2
  Device: "mos2d"	RelError: 8.33392e-04	AbsError: 1.62207e+10
    Region: "bulk"	RelError: 8.33392e-04	AbsError: 1.62207e+10
      Equation: "ElectronContinuityEquation"	RelError: 8.14341e-04	AbsError: 6.25988e+09
      Equation: "HoleContinuityEquation"	RelError: 1.88872e-05	AbsError: 9.96085e+09
      Equation: "PotentialEquation"	RelError: 1.63092e-07	AbsError: 1.30042e-08
    Region: "gate"	RelError: 1.42620e-12	AbsError: 6.99764e+07
      Equation: "ElectronContinuityEquation"	RelError: 7.04443e-13	AbsError: 6.99764e+07
      Equation: "HoleContinuityEquation"	RelError: 7.05151e-13	AbsError: 7.09865e-13
      Equation: "PotentialEquation"	RelError: 1.66049e-14	AbsError: 1.81974e-14
    Region: "oxide"	RelError: 3.02540e-11	AbsError: 2.36556e-11
      Equation: "PotentialEquation"	RelError: 3.02540e-11	AbsError: 2.36556e-11
Iteration: 3
  Device: "mos2d"	RelError: 1.33879e-05	AbsError: 7.91337e+03
    Region: "bulk"	RelError: 1.33879e-05	AbsError: 2.37357e+03
      Equation: "ElectronContinuityEquation"	RelError: 1.32638e-05	AbsError: 1.38620e+03
      Equation: "HoleContinuityEquation"	RelError: 1.24078e-07	AbsError: 9.87371e+02
      Equation: "PotentialEquation"	RelError: 1.64156e-14	AbsError: 1.14435e-15
    Region: "gate"	RelError: 3.55873e-16	AbsError: 7.91337e+03
      Equation: "ElectronContinuityEquation"	RelError: 7.91337e-17	AbsError: 7.91337e+03
      Equation: "HoleContinuityEquation"	RelError: 1.75415e-16	AbsError: 1.73640e-16
      Equation: "PotentialEquation"	RelError: 1.01324e-16	AbsError: 1.11059e-16
    Region: "oxide"	RelError: 1.19028e-16	AbsError: 1.24930e-16
      Equation: "PotentialEquation"	RelError: 1.19028e-16	AbsError: 1.24930e-16
Succeeded
IVPOINT	IDVD_VG1P0	5.00000000e-01	1.72000000e+00	7.52994659e-01
drain last end 1.720000e+00 2.000000e+00
number of equations 4346
Iteration: 0
  Device: "mos2d"	RelError: 1.16958e+00	AbsError: 3.69790e+16
    Region: "bulk"	RelError: 1.16203e+00	AbsError: 3.69790e+16
      Equation: "ElectronContinuityEquation"	RelError: 1.84403e-01	AbsError: 3.53762e+16
      Equation: "HoleContinuityEquation"	RelError: 6.52337e-01	AbsError: 1.60285e+15
      Equation: "PotentialEquation"	RelError: 3.25292e-01	AbsError: 2.00000e-02
    Region: "gate"	RelError: 6.01523e-04	AbsError: 3.01488e+16
      Equation: "ElectronContinuityEquation"	RelError: 2.97164e-04	AbsError: 3.01488e+16
      Equation: "HoleContinuityEquation"	RelError: 2.97341e-04	AbsError: 2.93075e-04
      Equation: "PotentialEquation"	RelError: 7.01813e-06	AbsError: 7.69502e-06
    Region: "oxide"	RelError: 6.94198e-03	AbsError: 1.17669e-02
      Equation: "PotentialEquation"	RelError: 6.94198e-03	AbsError: 1.17669e-02
Iteration: 1
  Device: "mos2d"	RelError: 1.17209e-01	AbsError: 2.79196e+14
    Region: "bulk"	RelError: 1.17208e-01	AbsError: 2.79196e+14
      Equation: "ElectronContinuityEquation"	RelError: 1.49962e-02	AbsError: 2.48633e+14
      Equation: "HoleContinuityEquation"	RelError: 1.01188e-01	AbsError: 3.05633e+13
      Equation: "PotentialEquation"	RelError: 1.02370e-03	AbsError: 4.99911e-05
    Region: "gate"	RelError: 1.84981e-07	AbsError: 4.99282e+12
      Equation: "ElectronContinuityEquation"	RelError: 4.94087e-08	AbsError: 4.99282e+12
      Equation: "HoleContinuityEquation"	RelError: 1.33414e-07	AbsError: 1.32026e-07
      Equation: "PotentialEquation"	RelError: 2.15824e-09	AbsError: 2.36617e-09
    Region: "oxide"	RelError: 1.12279e-06	AbsError: 1.60645e-06
      Equation: "PotentialEquation"	RelError: 1.12279e-06	AbsError: 1.60645e-06
Iteration: 2
  Device: "mos2d"	RelError: 8.96687e-04	AbsError: 1.74345e+10
    Region: "bulk"	RelError: 8.96687e-04	AbsError: 1.74345e+10
      Equation: "ElectronContinuityEquation"	RelError: 8.77458e-04	AbsError: 6.82678e+09
      Equation: "HoleContinuityEquation"	RelError: 1.90242e-05	AbsError: 1.06077e+10
      Equation: "PotentialEquation"	RelError: 2.05105e-07	AbsError: 1.34133e-08
    Region: "gate"	RelError: 1.43143e-12	AbsError: 7.02399e+07
      Equation: "ElectronContinuityEquation"	RelError: 7.07027e-13	AbsError: 7.02399e+07
      Equation: "HoleContinuityEquation"	RelError: 7.07705e-13	AbsError: 7.12367e-13
      Equation: "PotentialEquation"	RelError: 1.67028e-14	AbsError: 1.83046e-14
    Region: "oxide"	RelError: 3.08047e-11	AbsError: 2.40583e-11
      Equation: "PotentialEquation"	RelError: 3.08047e-11	AbsError: 2.40583e-11
Iteration: 3
  Device: "mos2d"	RelError: 2.17140e-06	AbsError: 8.04736e+03
    Region: "bulk"	RelError: 2.17140e-06	AbsError: 2.52822e+03
      Equation: "ElectronContinuityEquation"	RelError: 2.16851e-06	AbsError: 1.41071e+03
      Equation: "HoleContinuityEquation"	RelError: 2.88988e-09	AbsError: 1.11751e+03
      Equation: "PotentialEquation"	RelError: 1.53070e-14	AbsError: 1.20033e-15
    Region: "gate"	RelError: 4.08994e-16	AbsError: 8.04736e+03
      Equation: "ElectronContinuityEquation"	RelError: 8.04736e-17	AbsError: 8.04736e+03
      Equation: "HoleContinuityEquation"	RelError: 2.27229e-16	AbsError: 2.23970e-16
      Equation: "PotentialEquation"	RelError: 1.01291e-16	AbsError: 1.11022e-16
    Region: "oxide"	RelError: 1.14736e-16	AbsError: 1.15200e-16
      Equation: "PotentialEquation"	RelError: 1.14736e-16	AbsError: 1.15200e-16
Succeeded
IVPOINT	IDVD_VG1P0	5.00000000e-01	1.74000000e+00	7.58329652e-01
drain last end 1.740000e+00 2.000000e+00
number of equations 4346
Iteration: 0
  Device: "mos2d"	RelError: 1.19346e+00	AbsError: 3.71613e+16
    Region: "bulk"	RelError: 1.18597e+00	AbsError: 3.71613e+16
      Equation: "ElectronContinuityEquation"	RelError: 1.80925e-01	AbsError: 3.55591e+16
      Equation: "HoleContinuityEquation"	RelError: 6.56051e-01	AbsError: 1.60216e+15
      Equation: "PotentialEquation"	RelError: 3.48994e-01	AbsError: 2.00000e-02
    Region: "gate"	RelError: 6.01185e-04	AbsError: 3.01409e+16
      Equation: "ElectronContinuityEquation"	RelError: 2.96997e-04	AbsError: 3.01409e+16
      Equation: "HoleContinuityEquation"	RelError: 2.97174e-04	AbsError: 2.92824e-04
      Equation: "PotentialEquation"	RelError: 7.01414e-06	AbsError: 7.69070e-06
    Region: "oxide"	RelError: 6.89255e-03	AbsError: 1.17642e-02
      Equation: "PotentialEquation"	RelError: 6.89255e-03	AbsError: 1.17642e-02
Iteration: 1
  Device: "mos2d"	RelError: 1.18043e-01	AbsError: 2.83695e+14
    Region: "bulk"	RelError: 1.18042e-01	AbsError: 2.83695e+14
      Equation: "ElectronContinuityEquation"	RelError: 1.46091e-02	AbsError: 2.52663e+14
      Equation: "HoleContinuityEquation"	RelError: 1.02078e-01	AbsError: 3.10318e+13
      Equation: "PotentialEquation"	RelError: 1.35527e-03	AbsError: 4.97668e-05
    Region: "gate"	RelError: 1.84928e-07	AbsError: 4.99696e+12
      Equation: "ElectronContinuityEquation"	RelError: 4.94354e-08	AbsError: 4.99696e+12
      Equation: "HoleContinuityEquation"	RelError: 1.33335e-07	AbsError: 1.31909e-07
      Equation: "PotentialEquation"	RelError: 2.15760e-09	AbsError: 2.36549e-09
    Region: "oxide"	RelError: 1.11783e-06	AbsError: 1.61155e-06
      Equation: "PotentialEquation"	RelError: 1.11783e-06	AbsError: 1.61155e-06
Iteration: 2
  Device: "mos2d"	RelError: 9.51288e-04	AbsError: 1.84447e+10
    Region: "bulk"	RelError: 9.51288e-04	AbsError: 1.84447e+10
      Equation: "ElectronContinuityEquation"	RelError: 9.31943e-04	AbsError: 7.41530e+09
      Equation: "HoleContinuityEquation"	RelError: 1.90709e-05	AbsError: 1.10294e+10
      Equation: "PotentialEquation"	RelError: 2.74230e-07	AbsError: 1.36020e-08
    Region: "gate"	RelError: 1.42453e-12	AbsError: 6.99341e+07
      Equation: "ElectronContinuityEquation"	RelError: 7.03880e-13	AbsError: 6.99341e+07
      Equation: "HoleContinuityEquation"	RelError: 7.04099e-13	AbsError: 7.08669e-13
      Equation: "PotentialEquation"	RelError: 1.65541e-14	AbsError: 1.81417e-14
    Region: "oxide"	RelError: 3.11590e-11	AbsError: 2.43037e-11
      Equation: "PotentialEquation"	RelError: 3.11590e-11	AbsError: 2.43037e-11
Iteration: 3
  Device: "mos2d"	RelError: 2.44439e-06	AbsError: 8.18468e+03
    Region: "bulk"	RelError: 2.44439e-06	AbsError: 2.62937e+03
      Equation: "ElectronContinuityEquation"	RelError: 2.43991e-06	AbsError: 1.44433e+03
      Equation: "HoleContinuityEquation"	RelError: 4.47995e-09	AbsError: 1.18504e+03
      Equation: "PotentialEquation"	RelError: 2.47435e-14	AbsError: 1.32388e-15
    Region: "gate"	RelError: 5.24016e-16	AbsError: 8.18468e+03
      Equation: "ElectronContinuityEquation"	RelError: 8.18468e-17	AbsError: 8.18468e+03
      Equation: "HoleContinuityEquation"	RelError: 3.40878e-16	AbsError: 3.45364e-16
      Equation: "PotentialEquation"	RelError: 1.01291e-16	AbsError: 1.11022e-16
    Region: "oxide"	RelError: 1.25092e-16	AbsError: 1.11716e-16
      Equation: "PotentialEquation"	RelError: 1.25092e-16	AbsError: 1.11716e-16
Succeeded
IVPOINT	IDVD_VG1P0	5.00000000e-01	1.76000000e+00	7.63674729e-01
drain last end 1.760000e+00 2.000000e+00
number of equations 4346
Iteration: 0
  Device: "mos2d"	RelError: 1.39064e+00	AbsError: 3.73435e+16
    Region: "bulk"	RelError: 1.38319e+00	AbsError: 3.73435e+16
      Equation: "ElectronContinuityEquation"	RelError: 1.80405e-01	AbsError: 3.57447e+16
      Equation: "HoleContinuityEquation"	RelError: 6.59181e-01	AbsError: 1.59883e+15
      Equation: "PotentialEquation"	RelError: 5.43607e-01	AbsError: 2.00000e-02
    Region: "gate"	RelError: 6.00846e-04	AbsError: 3.01329e+16
      Equation: "ElectronContinuityEquation"	RelError: 2.96830e-04	AbsError: 3.01329e+16
      Equation: "HoleContinuityEquation"	RelError: 2.97006e-04	AbsError: 2.92572e-04
      Equation: "PotentialEquation"	RelError: 7.01015e-06	AbsError: 7.68638e-06
    Region: "oxide"	RelError: 6.84380e-03	AbsError: 1.17614e-02
      Equation: "PotentialEquation"	RelError: 6.84380e-03	AbsError: 1.17614e-02
Iteration: 1
  Device: "mos2d"	RelError: 1.19116e-01	AbsError: 2.87616e+14
    Region: "bulk"	RelError: 1.19115e-01	AbsError: 2.87616e+14
      Equation: "ElectronContinuityEquation"	RelError: 1.41864e-02	AbsError: 2.56440e+14
      Equation: "HoleContinuityEquation"	RelError: 1.02881e-01	AbsError: 3.11762e+13
      Equation: "PotentialEquation"	RelError: 2.04751e-03	AbsError: 4.92232e-05
    Region: "gate"	RelError: 1.84886e-07	AbsError: 5.00169e+12
      Equation: "ElectronContinuityEquation"	RelError: 4.94678e-08	AbsError: 5.00169e+12
      Equation: "HoleContinuityEquation"	RelError: 1.33261e-07	AbsError: 1.31798e-07
      Equation: "PotentialEquation"	RelError: 2.15710e-09	AbsError: 2.36496e-09
    Region: "oxide"	RelError: 1.11299e-06	AbsError: 1.61658e-06
      Equation: "PotentialEquation"	RelError: 1.11299e-06	AbsError: 1.61658e-06
Iteration: 2
  Device: "mos2d"	RelError: 9.67765e-04	AbsError: 1.92260e+10
    Region: "bulk"	RelError: 9.67765e-04	AbsError: 1.92260e+10
      Equation: "ElectronContinuityEquation"	RelError: 9.48332e-04	AbsError: 8.02151e+09
      Equation: "HoleContinuityEquation"	RelError: 1.90182e-05	AbsError: 1.12045e+10
      Equation: "PotentialEquation"	RelError: 4.14936e-07	AbsError: 1.35515e-08
    Region: "gate"	RelError: 1.40490e-12	AbsError: 6.89667e+07
      Equation: "ElectronContinuityEquation"	RelError: 6.94077e-13	AbsError: 6.89667e+07
      Equation: "HoleContinuityEquation"	RelError: 6.94478e-13	AbsError: 6.98919e-13
      Equation: "PotentialEquation"	RelError: 1.63412e-14	AbsError: 1.79085e-14
    Region: "oxide"	RelError: 3.12890e-11	AbsError: 2.65220e-11
      Equation: "PotentialEquation"	RelError: 3.12890e-11	AbsError: 2.65220e-11
Iteration: 3
  Device: "mos2d"	RelError: 1.02387e-06	AbsError: 8.04344e+03
    Region: "bulk"	RelError: 1.02387e-06	AbsError: 2.29023e+03
      Equation: "ElectronContinuityEquation"	RelError: 1.01788e-06	AbsError: 1.07144e+03
      Equation: "HoleContinuityEquation"	RelError: 5.99181e-09	AbsError: 1.21879e+03
      Equation: "PotentialEquation"	RelError: 3.28498e-14	AbsError: 1.32594e-15
    Region: "gate"	RelError: 5.29033e-16	AbsError: 8.04344e+03
      Equation: "ElectronContinuityEquation"	RelError: 8.04621e-17	AbsError: 8.04344e+03
      Equation: "HoleContinuityEquation"	RelError: 3.47259e-16	AbsError: 3.52615e-16
      Equation: "PotentialEquation"	RelError: 1.01312e-16	AbsError: 1.11046e-16
    Region: "oxide"	RelError: 1.33015e-16	AbsError: 1.07702e-16
      Equation: "PotentialEquation"	RelError: 1.33015e-16	AbsError: 1.07702e-16
Succeeded
IVPOINT	IDVD_VG1P0	5.00000000e-01	1.78000000e+00	7.69030087e-01
drain last end 1.780000e+00 2.000000e+00
number of equations 4346
Iteration: 0
  Device: "mos2d"	RelError: 2.06504e+00	AbsError: 3.75255e+16
    Region: "bulk"	RelError: 2.05764e+00	AbsError: 3.75255e+16
      Equation: "ElectronContinuityEquation"	RelError: 1.79878e-01	AbsError: 3.59327e+16
      Equation: "HoleContinuityEquation"	RelError: 6.61467e-01	AbsError: 1.59282e+15
      Equation: "PotentialEquation"	RelError: 1.21630e+00	AbsError: 2.00000e-02
    Region: "gate"	RelError: 6.00508e-04	AbsError: 3.01248e+16
      Equation: "ElectronContinuityEquation"	RelError: 2.96663e-04	AbsError: 3.01248e+16
      Equation: "HoleContinuityEquation"	RelError: 2.96839e-04	AbsError: 2.92320e-04
      Equation: "PotentialEquation"	RelError: 7.00615e-06	AbsError: 7.68205e-06
    Region: "oxide"	RelError: 6.79571e-03	AbsError: 1.17587e-02
      Equation: "PotentialEquation"	RelError: 6.79571e-03	AbsError: 1.17587e-02
Iteration: 1
  Device: "mos2d"	RelError: 1.21723e-01	AbsError: 2.90922e+14
    Region: "bulk"	RelError: 1.21722e-01	AbsError: 2.90922e+14
      Equation: "ElectronContinuityEquation"	RelError: 1.37256e-02	AbsError: 2.59928e+14
      Equation: "HoleContinuityEquation"	RelError: 1.03560e-01	AbsError: 3.09935e+13
      Equation: "PotentialEquation"	RelError: 4.43644e-03	AbsError: 4.83651e-05
    Region: "gate"	RelError: 1.84842e-07	AbsError: 5.00628e+12
      Equation: "ElectronContinuityEquation"	RelError: 4.94989e-08	AbsError: 5.00628e+12
      Equation: "HoleContinuityEquation"	RelError: 1.33187e-07	AbsError: 1.31687e-07
      Equation: "PotentialEquation"	RelError: 2.15657e-09	AbsError: 2.36440e-09
    Region: "oxide"	RelError: 1.10809e-06	AbsError: 1.62129e-06
      Equation: "PotentialEquation"	RelError: 1.10809e-06	AbsError: 1.62129e-06
Iteration: 2
  Device: "mos2d"	RelError: 9.41115e-04	AbsError: 1.97673e+10
    Region: "bulk"	RelError: 9.41115e-04	AbsError: 1.97673e+10
      Equation: "ElectronContinuityEquation"	RelError: 9.21366e-04	AbsError: 8.64064e+09
      Equation: "HoleContinuityEquation"	RelError: 1.88578e-05	AbsError: 1.11267e+10
      Equation: "PotentialEquation"	RelError: 8.91959e-07	AbsError: 1.32579e-08
    Region: "gate"	RelError: 1.52386e-12	AbsError: 7.68225e+07
      Equation: "ElectronContinuityEquation"	RelError: 7.56531e-13	AbsError: 7.68225e+07
      Equation: "HoleContinuityEquation"	RelError: 7.49522e-13	AbsError: 7.38113e-13
      Equation: "PotentialEquation"	RelError: 1.78082e-14	AbsError: 1.95262e-14
    Region: "oxide"	RelError: 3.11743e-11	AbsError: 2.95972e-11
      Equation: "PotentialEquation"	RelError: 3.11743e-11	AbsError: 2.95972e-11
Iteration: 3
  Device: "mos2d"	RelError: 1.19451e-06	AbsError: 7.96855e+03
    Region: "bulk"	RelError: 1.19451e-06	AbsError: 3.02306e+03
      Equation: "ElectronContinuityEquation"	RelError: 1.16251e-06	AbsError: 1.81959e+03
      Equation: "HoleContinuityEquation"	RelError: 3.20086e-08	AbsError: 1.20348e+03
      Equation: "PotentialEquation"	RelError: 8.81124e-14	AbsError: 1.33833e-15
    Region: "gate"	RelError: 3.30936e-16	AbsError: 7.96855e+03
      Equation: "ElectronContinuityEquation"	RelError: 7.96855e-17	AbsError: 7.96855e+03
      Equation: "HoleContinuityEquation"	RelError: 1.49941e-16	AbsError: 1.54151e-16
      Equation: "PotentialEquation"	RelError: 1.01310e-16	AbsError: 1.11044e-16
    Region: "oxide"	RelError: 1.15039e-16	AbsError: 1.22607e-16
      Equation: "PotentialEquation"	RelError: 1.15039e-16	AbsError: 1.22607e-16
Succeeded
IVPOINT	IDVD_VG1P0	5.00000000e-01	1.80000000e+00	7.74395912e-01
drain last end 1.800000e+00 2.000000e+00
number of equations 4346
Iteration: 0
  Device: "mos2d"	RelError: 6.18724e+00	AbsError: 3.77069e+16
    Region: "bulk"	RelError: 6.17990e+00	AbsError: 3.77069e+16
      Equation: "ElectronContinuityEquation"	RelError: 1.79343e-01	AbsError: 3.61228e+16
      Equation: "HoleContinuityEquation"	RelError: 6.62527e-01	AbsError: 1.58409e+15
      Equation: "PotentialEquation"	RelError: 5.33803e+00	AbsError: 2.00000e-02
    Region: "gate"	RelError: 6.00169e-04	AbsError: 3.01168e+16
      Equation: "ElectronContinuityEquation"	RelError: 2.96495e-04	AbsError: 3.01168e+16
      Equation: "HoleContinuityEquation"	RelError: 2.96671e-04	AbsError: 2.92069e-04
      Equation: "PotentialEquation"	RelError: 7.00215e-06	AbsError: 7.67771e-06
    Region: "oxide"	RelError: 6.74828e-03	AbsError: 1.17559e-02
      Equation: "PotentialEquation"	RelError: 6.74828e-03	AbsError: 1.17559e-02
Iteration: 1
  Device: "mos2d"	RelError: 1.35609e-01	AbsError: 2.93587e+14
    Region: "bulk"	RelError: 1.35607e-01	AbsError: 2.93587e+14
      Equation: "ElectronContinuityEquation"	RelError: 1.32247e-02	AbsError: 2.63095e+14
      Equation: "HoleContinuityEquation"	RelError: 1.04058e-01	AbsError: 3.04918e+13
      Equation: "PotentialEquation"	RelError: 1.83250e-02	AbsError: 4.72086e-05
    Region: "gate"	RelError: 1.84781e-07	AbsError: 5.01000e+12
      Equation: "ElectronContinuityEquation"	RelError: 4.95214e-08	AbsError: 5.01000e+12
      Equation: "HoleContinuityEquation"	RelError: 1.33103e-07	AbsError: 1.31566e-07
      Equation: "PotentialEquation"	RelError: 2.15584e-09	AbsError: 2.36361e-09
    Region: "oxide"	RelError: 1.10300e-06	AbsError: 1.62545e-06
      Equation: "PotentialEquation"	RelError: 1.10300e-06	AbsError: 1.62545e-06
Iteration: 2
  Device: "mos2d"	RelError: 8.74236e-04	AbsError: 2.00730e+10
    Region: "bulk"	RelError: 8.74236e-04	AbsError: 2.00730e+10
      Equation: "ElectronContinuityEquation"	RelError: 8.52036e-04	AbsError: 9.26707e+09
      Equation: "HoleContinuityEquation"	RelError: 1.85820e-05	AbsError: 1.08059e+10
      Equation: "PotentialEquation"	RelError: 3.61776e-06	AbsError: 1.27336e-08
    Region: "gate"	RelError: 1.69111e-12	AbsError: 8.52382e+07
      Equation: "ElectronContinuityEquation"	RelError: 8.39158e-13	AbsError: 8.52382e+07
      Equation: "HoleContinuityEquation"	RelError: 8.32086e-13	AbsError: 8.19178e-13
      Equation: "PotentialEquation"	RelError: 1.98678e-14	AbsError: 2.17847e-14
    Region: "oxide"	RelError: 3.08032e-11	AbsError: 3.28084e-11
      Equation: "PotentialEquation"	RelError: 3.08032e-11	AbsError: 3.28084e-11
Iteration: 3
  Device: "mos2d"	RelError: 5.69271e-08	AbsError: 8.00275e+03
    Region: "bulk"	RelError: 5.69271e-08	AbsError: 2.97917e+03
      Equation: "ElectronContinuityEquation"	RelError: 2.66635e-08	AbsError: 1.83680e+03
      Equation: "HoleContinuityEquation"	RelError: 3.02633e-08	AbsError: 1.14237e+03
      Equation: "PotentialEquation"	RelError: 3.05655e-13	AbsError: 1.25109e-15
    Region: "gate"	RelError: 3.86255e-16	AbsError: 8.00275e+03
      Equation: "ElectronContinuityEquation"	RelError: 8.06647e-17	AbsError: 8.00275e+03
      Equation: "HoleContinuityEquation"	RelError: 2.04299e-16	AbsError: 2.07283e-16
      Equation: "PotentialEquation"	RelError: 1.01291e-16	AbsError: 1.11022e-16
    Region: "oxide"	RelError: 1.05383e-16	AbsError: 1.21628e-16
      Equation: "PotentialEquation"	RelError: 1.05383e-16	AbsError: 1.21628e-16
Succeeded
IVPOINT	IDVD_VG1P0	5.00000000e-01	1.82000000e+00	7.79772379e-01
drain last end 1.820000e+00 2.000000e+00
number of equations 4346
Iteration: 0
  Device: "mos2d"	RelError: 1.68859e+00	AbsError: 3.78876e+16
    Region: "bulk"	RelError: 1.68129e+00	AbsError: 3.78876e+16
      Equation: "ElectronContinuityEquation"	RelError: 1.78797e-01	AbsError: 3.63149e+16
      Equation: "HoleContinuityEquation"	RelError: 6.61814e-01	AbsError: 1.57263e+15
      Equation: "PotentialEquation"	RelError: 8.40680e-01	AbsError: 2.00000e-02
    Region: "gate"	RelError: 5.99829e-04	AbsError: 3.01086e+16
      Equation: "ElectronContinuityEquation"	RelError: 2.96328e-04	AbsError: 3.01086e+16
      Equation: "HoleContinuityEquation"	RelError: 2.96503e-04	AbsError: 2.91817e-04
      Equation: "PotentialEquation"	RelError: 6.99814e-06	AbsError: 7.67337e-06
    Region: "oxide"	RelError: 6.70148e-03	AbsError: 1.17532e-02
      Equation: "PotentialEquation"	RelError: 6.70148e-03	AbsError: 1.17532e-02
Iteration: 1
  Device: "mos2d"	RelError: 1.20043e-01	AbsError: 2.95596e+14
    Region: "bulk"	RelError: 1.20042e-01	AbsError: 2.95596e+14
      Equation: "ElectronContinuityEquation"	RelError: 1.29326e-02	AbsError: 2.65905e+14
      Equation: "HoleContinuityEquation"	RelError: 1.04295e-01	AbsError: 2.96911e+13
      Equation: "PotentialEquation"	RelError: 2.81437e-03	AbsError: 4.57803e-05
    Region: "gate"	RelError: 1.84687e-07	AbsError: 5.01210e+12
      Equation: "ElectronContinuityEquation"	RelError: 4.95278e-08	AbsError: 5.01210e+12
      Equation: "HoleContinuityEquation"	RelError: 1.33004e-07	AbsError: 1.31430e-07
      Equation: "PotentialEquation"	RelError: 2.15474e-09	AbsError: 2.36242e-09
    Region: "oxide"	RelError: 1.09754e-06	AbsError: 1.62882e-06
      Equation: "PotentialEquation"	RelError: 1.09754e-06	AbsError: 1.62882e-06
Iteration: 2
  Device: "mos2d"	RelError: 7.66811e-04	AbsError: 2.01624e+10
    Region: "bulk"	RelError: 7.66811e-04	AbsError: 2.01624e+10
      Equation: "ElectronContinuityEquation"	RelError: 7.48087e-04	AbsError: 9.89436e+09
      Equation: "HoleContinuityEquation"	RelError: 1.81837e-05	AbsError: 1.02680e+10
      Equation: "PotentialEquation"	RelError: 5.39738e-07	AbsError: 1.20063e-08
    Region: "gate"	RelError: 1.86336e-12	AbsError: 9.39219e+07
      Equation: "ElectronContinuityEquation"	RelError: 9.24374e-13	AbsError: 9.39219e+07
      Equation: "HoleContinuityEquation"	RelError: 9.17296e-13	AbsError: 9.02797e-13
      Equation: "PotentialEquation"	RelError: 2.16868e-14	AbsError: 2.37793e-14
    Region: "oxide"	RelError: 3.01748e-11	AbsError: 3.61253e-11
      Equation: "PotentialEquation"	RelError: 3.01748e-11	AbsError: 3.61253e-11
Iteration: 3
  Device: "mos2d"	RelError: 4.22526e-08	AbsError: 8.09575e+03
    Region: "bulk"	RelError: 4.22526e-08	AbsError: 2.66589e+03
      Equation: "ElectronContinuityEquation"	RelError: 3.04162e-08	AbsError: 1.63775e+03
      Equation: "HoleContinuityEquation"	RelError: 1.18363e-08	AbsError: 1.02814e+03
      Equation: "PotentialEquation"	RelError: 4.66609e-14	AbsError: 1.13559e-15
    Region: "gate"	RelError: 3.34743e-16	AbsError: 8.09575e+03
      Equation: "ElectronContinuityEquation"	RelError: 8.09565e-17	AbsError: 8.09575e+03
      Equation: "HoleContinuityEquation"	RelError: 1.52495e-16	AbsError: 1.54718e-16
      Equation: "PotentialEquation"	RelError: 1.01291e-16	AbsError: 1.11022e-16
    Region: "oxide"	RelError: 1.19248e-16	AbsError: 1.42843e-16
      Equation: "PotentialEquation"	RelError: 1.19248e-16	AbsError: 1.42843e-16
Succeeded
IVPOINT	IDVD_VG1P0	5.00000000e-01	1.84000000e+00	7.85159654e-01
drain last end 1.840000e+00 2.000000e+00
number of equations 4346
Iteration: 0
  Device: "mos2d"	RelError: 3.77174e+00	AbsError: 3.80671e+16
    Region: "bulk"	RelError: 3.76449e+00	AbsError: 3.80671e+16
      Equation: "ElectronContinuityEquation"	RelError: 1.78237e-01	AbsError: 3.65087e+16
      Equation: "HoleContinuityEquation"	RelError: 6.58551e-01	AbsError: 1.55842e+15
      Equation: "PotentialEquation"	RelError: 2.92770e+00	AbsError: 2.00000e-02
    Region: "gate"	RelError: 5.99490e-04	AbsError: 3.01005e+16
      Equation: "ElectronContinuityEquation"	RelError: 2.96160e-04	AbsError: 3.01005e+16
      Equation: "HoleContinuityEquation"	RelError: 2.96336e-04	AbsError: 2.91565e-04
      Equation: "PotentialEquation"	RelError: 6.99413e-06	AbsError: 7.66902e-06
    Region: "oxide"	RelError: 6.65531e-03	AbsError: 1.17504e-02
      Equation: "PotentialEquation"	RelError: 6.65531e-03	AbsError: 1.17504e-02
Iteration: 1
  Device: "mos2d"	RelError: 1.21734e-01	AbsError: 2.96946e+14
    Region: "bulk"	RelError: 1.21732e-01	AbsError: 2.96946e+14
      Equation: "ElectronContinuityEquation"	RelError: 1.28677e-02	AbsError: 2.68325e+14
      Equation: "HoleContinuityEquation"	RelError: 1.04156e-01	AbsError: 2.86215e+13
      Equation: "PotentialEquation"	RelError: 4.70849e-03	AbsError: 4.41169e-05
    Region: "gate"	RelError: 1.84546e-07	AbsError: 5.01183e+12
      Equation: "ElectronContinuityEquation"	RelError: 4.95108e-08	AbsError: 5.01183e+12
      Equation: "HoleContinuityEquation"	RelError: 1.32882e-07	AbsError: 1.31271e-07
      Equation: "PotentialEquation"	RelError: 2.15308e-09	AbsError: 2.36061e-09
    Region: "oxide"	RelError: 1.09157e-06	AbsError: 1.63116e-06
      Equation: "PotentialEquation"	RelError: 1.09157e-06	AbsError: 1.63116e-06
Iteration: 2
  Device: "mos2d"	RelError: 7.65136e-04	AbsError: 2.00670e+10
    Region: "bulk"	RelError: 7.65136e-04	AbsError: 2.00670e+10
      Equation: "ElectronContinuityEquation"	RelError: 7.47210e-04	AbsError: 1.05152e+10
      Equation: "HoleContinuityEquation"	RelError: 1.76551e-05	AbsError: 9.55171e+09
      Equation: "PotentialEquation"	RelError: 2.70662e-07	AbsError: 1.11164e-08
    Region: "gate"	RelError: 2.03974e-12	AbsError: 1.02803e+08
      Equation: "ElectronContinuityEquation"	RelError: 1.01149e-12	AbsError: 1.02803e+08
      Equation: "HoleContinuityEquation"	RelError: 1.00439e-12	AbsError: 9.88222e-13
      Equation: "PotentialEquation"	RelError: 2.38626e-14	AbsError: 2.61652e-14
    Region: "oxide"	RelError: 2.92986e-11	AbsError: 3.95088e-11
      Equation: "PotentialEquation"	RelError: 2.92986e-11	AbsError: 3.95088e-11
Iteration: 3
  Device: "mos2d"	RelError: 1.03211e-06	AbsError: 7.61237e+03
    Region: "bulk"	RelError: 1.03211e-06	AbsError: 3.15100e+03
      Equation: "ElectronContinuityEquation"	RelError: 1.02295e-06	AbsError: 2.26532e+03
      Equation: "HoleContinuityEquation"	RelError: 9.16445e-09	AbsError: 8.85679e+02
      Equation: "PotentialEquation"	RelError: 2.52944e-14	AbsError: 8.83040e-16
    Region: "gate"	RelError: 3.94781e-16	AbsError: 7.61237e+03
      Equation: "ElectronContinuityEquation"	RelError: 7.61237e-17	AbsError: 7.61237e+03
      Equation: "HoleContinuityEquation"	RelError: 2.15373e-16	AbsError: 2.17155e-16
      Equation: "PotentialEquation"	RelError: 1.03284e-16	AbsError: 1.13185e-16
    Region: "oxide"	RelError: 1.11997e-16	AbsError: 1.15601e-16
      Equation: "PotentialEquation"	RelError: 1.11997e-16	AbsError: 1.15601e-16
Succeeded
IVPOINT	IDVD_VG1P0	5.00000000e-01	1.86000000e+00	7.90557892e-01
drain last end 1.860000e+00 2.000000e+00
number of equations 4346
Iteration: 0
  Device: "mos2d"	RelError: 2.34911e+00	AbsError: 3.82452e+16
    Region: "bulk"	RelError: 2.34190e+00	AbsError: 3.82452e+16
      Equation: "ElectronContinuityEquation"	RelError: 1.77661e-01	AbsError: 3.67038e+16
      Equation: "HoleContinuityEquation"	RelError: 6.51654e-01	AbsError: 1.54144e+15
      Equation: "PotentialEquation"	RelError: 1.51259e+00	AbsError: 2.00000e-02
    Region: "gate"	RelError: 5.99150e-04	AbsError: 3.00924e+16
      Equation: "ElectronContinuityEquation"	RelError: 2.95992e-04	AbsError: 3.00924e+16
      Equation: "HoleContinuityEquation"	RelError: 2.96168e-04	AbsError: 2.91314e-04
      Equation: "PotentialEquation"	RelError: 6.99011e-06	AbsError: 7.66468e-06
    Region: "oxide"	RelError: 6.60976e-03	AbsError: 1.17476e-02
      Equation: "PotentialEquation"	RelError: 6.60976e-03	AbsError: 1.17476e-02
Iteration: 1
  Device: "mos2d"	RelError: 1.18674e-01	AbsError: 2.97642e+14
    Region: "bulk"	RelError: 1.18673e-01	AbsError: 2.97642e+14
      Equation: "ElectronContinuityEquation"	RelError: 1.28023e-02	AbsError: 2.70320e+14
      Equation: "HoleContinuityEquation"	RelError: 1.03482e-01	AbsError: 2.73213e+13
      Equation: "PotentialEquation"	RelError: 2.38850e-03	AbsError: 4.22623e-05
    Region: "gate"	RelError: 1.84342e-07	AbsError: 5.00842e+12
      Equation: "ElectronContinuityEquation"	RelError: 4.94629e-08	AbsError: 5.00842e+12
      Equation: "HoleContinuityEquation"	RelError: 1.32729e-07	AbsError: 1.31082e-07
      Equation: "PotentialEquation"	RelError: 2.15069e-09	AbsError: 2.35801e-09
    Region: "oxide"	RelError: 1.08494e-06	AbsError: 1.63223e-06
      Equation: "PotentialEquation"	RelError: 1.08494e-06	AbsError: 1.63223e-06
Iteration: 2
  Device: "mos2d"	RelError: 8.22066e-04	AbsError: 1.98260e+10
    Region: "bulk"	RelError: 8.22066e-04	AbsError: 1.98260e+10
      Equation: "ElectronContinuityEquation"	RelError: 8.04910e-04	AbsError: 1.11218e+10
      Equation: "HoleContinuityEquation"	RelError: 1.69869e-05	AbsError: 8.70420e+09
      Equation: "PotentialEquation"	RelError: 1.69252e-07	AbsError: 1.01132e-08
    Region: "gate"	RelError: 2.21661e-12	AbsError: 1.11719e+08
      Equation: "ElectronContinuityEquation"	RelError: 1.09888e-12	AbsError: 1.11719e+08
      Equation: "HoleContinuityEquation"	RelError: 1.09182e-12	AbsError: 1.07392e-12
      Equation: "PotentialEquation"	RelError: 2.59144e-14	AbsError: 2.84152e-14
    Region: "oxide"	RelError: 2.81941e-11	AbsError: 4.29128e-11
      Equation: "PotentialEquation"	RelError: 2.81941e-11	AbsError: 4.29128e-11
Iteration: 3
  Device: "mos2d"	RelError: 3.15507e-05	AbsError: 8.14695e+03
    Region: "bulk"	RelError: 3.15507e-05	AbsError: 2.43060e+03
      Equation: "ElectronContinuityEquation"	RelError: 3.15470e-05	AbsError: 1.69322e+03
      Equation: "HoleContinuityEquation"	RelError: 3.73362e-09	AbsError: 7.37383e+02
      Equation: "PotentialEquation"	RelError: 6.58517e-14	AbsError: 8.30317e-16
    Region: "gate"	RelError: 4.07063e-16	AbsError: 8.14695e+03
      Equation: "ElectronContinuityEquation"	RelError: 8.14695e-17	AbsError: 8.14695e+03
      Equation: "HoleContinuityEquation"	RelError: 2.24302e-16	AbsError: 2.24303e-16
      Equation: "PotentialEquation"	RelError: 1.01291e-16	AbsError: 1.11022e-16
    Region: "oxide"	RelError: 1.31287e-16	AbsError: 1.17286e-16
      Equation: "PotentialEquation"	RelError: 1.31287e-16	AbsError: 1.17286e-16
Succeeded
IVPOINT	IDVD_VG1P0	5.00000000e-01	1.88000000e+00	7.95967238e-01
drain last end 1.880000e+00 2.000000e+00
number of equations 4346
Iteration: 0
  Device: "mos2d"	RelError: 1.82406e+00	AbsError: 3.84216e+16
    Region: "bulk"	RelError: 1.81690e+00	AbsError: 3.84216e+16
      Equation: "ElectronContinuityEquation"	RelError: 1.77063e-01	AbsError: 3.68999e+16
      Equation: "HoleContinuityEquation"	RelError: 6.39679e-01	AbsError: 1.52172e+15
      Equation: "PotentialEquation"	RelError: 1.00016e+00	AbsError: 2.00000e-02
    Region: "gate"	RelError: 5.98810e-04	AbsError: 3.00842e+16
      Equation: "ElectronContinuityEquation"	RelError: 2.95824e-04	AbsError: 3.00842e+16
      Equation: "HoleContinuityEquation"	RelError: 2.96000e-04	AbsError: 2.91063e-04
      Equation: "PotentialEquation"	RelError: 6.98610e-06	AbsError: 7.66033e-06
    Region: "oxide"	RelError: 6.56482e-03	AbsError: 1.17448e-02
      Equation: "PotentialEquation"	RelError: 6.56482e-03	AbsError: 1.17448e-02
Iteration: 1
  Device: "mos2d"	RelError: 1.17394e-01	AbsError: 2.97694e+14
    Region: "bulk"	RelError: 1.17392e-01	AbsError: 2.97694e+14
      Equation: "ElectronContinuityEquation"	RelError: 1.27362e-02	AbsError: 2.71860e+14
      Equation: "HoleContinuityEquation"	RelError: 1.02056e-01	AbsError: 2.58347e+13
      Equation: "PotentialEquation"	RelError: 2.59978e-03	AbsError: 4.02654e-05
    Region: "gate"	RelError: 1.84062e-07	AbsError: 5.00113e+12
      Equation: "ElectronContinuityEquation"	RelError: 4.93767e-08	AbsError: 5.00113e+12
      Equation: "HoleContinuityEquation"	RelError: 1.32537e-07	AbsError: 1.30856e-07
      Equation: "PotentialEquation"	RelError: 2.14740e-09	AbsError: 2.35442e-09
    Region: "oxide"	RelError: 1.07751e-06	AbsError: 1.63181e-06
      Equation: "PotentialEquation"	RelError: 1.07751e-06	AbsError: 1.63181e-06
Iteration: 2
  Device: "mos2d"	RelError: 8.52908e-04	AbsError: 1.94818e+10
    Region: "bulk"	RelError: 8.52908e-04	AbsError: 1.94818e+10
      Equation: "ElectronContinuityEquation"	RelError: 8.36466e-04	AbsError: 1.17054e+10
      Equation: "HoleContinuityEquation"	RelError: 1.61677e-05	AbsError: 7.77634e+09
      Equation: "PotentialEquation"	RelError: 2.74283e-07	AbsError: 9.04901e-09
    Region: "gate"	RelError: 2.39246e-12	AbsError: 1.20576e+08
      Equation: "ElectronContinuityEquation"	RelError: 1.18565e-12	AbsError: 1.20576e+08
      Equation: "HoleContinuityEquation"	RelError: 1.17883e-12	AbsError: 1.15917e-12
      Equation: "PotentialEquation"	RelError: 2.79815e-14	AbsError: 3.06820e-14
    Region: "oxide"	RelError: 2.85063e-11	AbsError: 4.62851e-11
      Equation: "PotentialEquation"	RelError: 2.85063e-11	AbsError: 4.62851e-11
Iteration: 3
  Device: "mos2d"	RelError: 3.50732e-05	AbsError: 8.10938e+03
    Region: "bulk"	RelError: 3.50732e-05	AbsError: 1.69985e+03
      Equation: "ElectronContinuityEquation"	RelError: 3.50583e-05	AbsError: 1.11610e+03
      Equation: "HoleContinuityEquation"	RelError: 1.48325e-08	AbsError: 5.83751e+02
      Equation: "PotentialEquation"	RelError: 1.27755e-14	AbsError: 6.72803e-16
    Region: "gate"	RelError: 3.26693e-16	AbsError: 8.10938e+03
      Equation: "ElectronContinuityEquation"	RelError: 8.22691e-17	AbsError: 8.10938e+03
      Equation: "HoleContinuityEquation"	RelError: 1.42281e-16	AbsError: 1.44387e-16
      Equation: "PotentialEquation"	RelError: 1.02143e-16	AbsError: 1.11990e-16
    Region: "oxide"	RelError: 1.14996e-16	AbsError: 1.36819e-16
      Equation: "PotentialEquation"	RelError: 1.14996e-16	AbsError: 1.36819e-16
Succeeded
IVPOINT	IDVD_VG1P0	5.00000000e-01	1.90000000e+00	8.01387825e-01
drain last end 1.900000e+00 2.000000e+00
number of equations 4346
Iteration: 0
  Device: "mos2d"	RelError: 1.27808e+02	AbsError: 3.85958e+16
    Region: "bulk"	RelError: 1.27801e+02	AbsError: 3.85958e+16
      Equation: "ElectronContinuityEquation"	RelError: 1.76437e-01	AbsError: 3.70966e+16
      Equation: "HoleContinuityEquation"	RelError: 6.20816e-01	AbsError: 1.49927e+15
      Equation: "PotentialEquation"	RelError: 1.27004e+02	AbsError: 2.00000e-02
    Region: "gate"	RelError: 5.98470e-04	AbsError: 3.00760e+16
      Equation: "ElectronContinuityEquation"	RelError: 2.95657e-04	AbsError: 3.00760e+16
      Equation: "HoleContinuityEquation"	RelError: 2.95832e-04	AbsError: 2.90811e-04
      Equation: "PotentialEquation"	RelError: 6.98209e-06	AbsError: 7.65599e-06
    Region: "oxide"	RelError: 6.52046e-03	AbsError: 1.17420e-02
      Equation: "PotentialEquation"	RelError: 6.52046e-03	AbsError: 1.17420e-02
Iteration: 1
  Device: "mos2d"	RelError: 3.54783e-01	AbsError: 2.97122e+14
    Region: "bulk"	RelError: 3.54782e-01	AbsError: 2.97122e+14
      Equation: "ElectronContinuityEquation"	RelError: 1.26693e-02	AbsError: 2.72913e+14
      Equation: "HoleContinuityEquation"	RelError: 9.96002e-02	AbsError: 2.42088e+13
      Equation: "PotentialEquation"	RelError: 2.42512e-01	AbsError: 3.81771e-05
    Region: "gate"	RelError: 1.83689e-07	AbsError: 4.98923e+12
      Equation: "ElectronContinuityEquation"	RelError: 4.92450e-08	AbsError: 4.98923e+12
      Equation: "HoleContinuityEquation"	RelError: 1.32301e-07	AbsError: 1.30584e-07
      Equation: "PotentialEquation"	RelError: 2.14304e-09	AbsError: 2.34965e-09
    Region: "oxide"	RelError: 1.06913e-06	AbsError: 1.62966e-06
      Equation: "PotentialEquation"	RelError: 1.06913e-06	AbsError: 1.62966e-06
Iteration: 2
  Device: "mos2d"	RelError: 8.75640e-04	AbsError: 1.90747e+10
    Region: "bulk"	RelError: 8.75640e-04	AbsError: 1.90747e+10
      Equation: "ElectronContinuityEquation"	RelError: 8.35685e-04	AbsError: 1.22572e+10
      Equation: "HoleContinuityEquation"	RelError: 1.51837e-05	AbsError: 6.81748e+09
      Equation: "PotentialEquation"	RelError: 2.47720e-05	AbsError: 7.97444e-09
    Region: "gate"	RelError: 2.56289e-12	AbsError: 1.29199e+08
      Equation: "ElectronContinuityEquation"	RelError: 1.27007e-12	AbsError: 1.29199e+08
      Equation: "HoleContinuityEquation"	RelError: 1.26279e-12	AbsError: 1.24507e-12
      Equation: "PotentialEquation"	RelError: 3.00356e-14	AbsError: 3.29346e-14
    Region: "oxide"	RelError: 3.05547e-11	AbsError: 4.96370e-11
      Equation: "PotentialEquation"	RelError: 3.05547e-11	AbsError: 4.96370e-11
Iteration: 3
  Device: "mos2d"	RelError: 1.32189e-06	AbsError: 7.98357e+03
    Region: "bulk"	RelError: 1.32189e-06	AbsError: 2.41876e+03
      Equation: "ElectronContinuityEquation"	RelError: 1.31545e-06	AbsError: 1.94247e+03
      Equation: "HoleContinuityEquation"	RelError: 6.43620e-09	AbsError: 4.76285e+02
      Equation: "PotentialEquation"	RelError: 5.89786e-13	AbsError: 5.16907e-16
    Region: "gate"	RelError: 4.08598e-16	AbsError: 7.98357e+03
      Equation: "ElectronContinuityEquation"	RelError: 7.98357e-17	AbsError: 7.98357e+03
      Equation: "HoleContinuityEquation"	RelError: 2.27460e-16	AbsError: 2.30063e-16
      Equation: "PotentialEquation"	RelError: 1.01303e-16	AbsError: 1.11035e-16
    Region: "oxide"	RelError: 1.18567e-16	AbsError: 1.09804e-16
      Equation: "PotentialEquation"	RelError: 1.18567e-16	AbsError: 1.09804e-16
Succeeded
IVPOINT	IDVD_VG1P0	5.00000000e-01	1.92000000e+00	8.06819781e-01
drain last end 1.920000e+00 2.000000e+00
number of equations 4346
Iteration: 0
  Device: "mos2d"	RelError: 4.26737e+00	AbsError: 3.87676e+16
    Region: "bulk"	RelError: 4.26030e+00	AbsError: 3.87676e+16
      Equation: "ElectronContinuityEquation"	RelError: 1.75778e-01	AbsError: 3.72935e+16
      Equation: "HoleContinuityEquation"	RelError: 6.19437e-01	AbsError: 1.47412e+15
      Equation: "PotentialEquation"	RelError: 3.46508e+00	AbsError: 2.00000e-02
    Region: "gate"	RelError: 5.98131e-04	AbsError: 3.00679e+16
      Equation: "ElectronContinuityEquation"	RelError: 2.95489e-04	AbsError: 3.00679e+16
      Equation: "HoleContinuityEquation"	RelError: 2.95664e-04	AbsError: 2.90561e-04
      Equation: "PotentialEquation"	RelError: 6.97808e-06	AbsError: 7.65165e-06
    Region: "oxide"	RelError: 6.47670e-03	AbsError: 1.17392e-02
      Equation: "PotentialEquation"	RelError: 6.47670e-03	AbsError: 1.17392e-02
Iteration: 1
  Device: "mos2d"	RelError: 1.13070e-01	AbsError: 2.95944e+14
    Region: "bulk"	RelError: 1.13069e-01	AbsError: 2.95944e+14
      Equation: "ElectronContinuityEquation"	RelError: 1.26013e-02	AbsError: 2.73453e+14
      Equation: "HoleContinuityEquation"	RelError: 9.57896e-02	AbsError: 2.24912e+13
      Equation: "PotentialEquation"	RelError: 4.67761e-03	AbsError: 3.60474e-05
    Region: "gate"	RelError: 1.83211e-07	AbsError: 4.97202e+12
      Equation: "ElectronContinuityEquation"	RelError: 4.90610e-08	AbsError: 4.97202e+12
      Equation: "HoleContinuityEquation"	RelError: 1.32012e-07	AbsError: 1.30262e-07
      Equation: "PotentialEquation"	RelError: 2.13744e-09	AbsError: 2.34354e-09
    Region: "oxide"	RelError: 1.05967e-06	AbsError: 1.62558e-06
      Equation: "PotentialEquation"	RelError: 1.05967e-06	AbsError: 1.62558e-06
Iteration: 2
  Device: "mos2d"	RelError: 8.14372e-04	AbsError: 1.86393e+10
    Region: "bulk"	RelError: 8.14372e-04	AbsError: 1.86393e+10
      Equation: "ElectronContinuityEquation"	RelError: 8.00100e-04	AbsError: 1.27680e+10
      Equation: "HoleContinuityEquation"	RelError: 1.40214e-05	AbsError: 5.87128e+09
      Equation: "PotentialEquation"	RelError: 2.50346e-07	AbsError: 6.93401e-09
    Region: "gate"	RelError: 2.78152e-12	AbsError: 1.39721e+08
      Equation: "ElectronContinuityEquation"	RelError: 1.37869e-12	AbsError: 1.39721e+08
      Equation: "HoleContinuityEquation"	RelError: 1.37042e-12	AbsError: 1.35226e-12
      Equation: "PotentialEquation"	RelError: 3.24038e-14	AbsError: 3.55282e-14
    Region: "oxide"	RelError: 3.24907e-11	AbsError: 5.28465e-11
      Equation: "PotentialEquation"	RelError: 3.24907e-11	AbsError: 5.28465e-11
Iteration: 3
  Device: "mos2d"	RelError: 3.72170e-06	AbsError: 8.22330e+03
    Region: "bulk"	RelError: 3.72170e-06	AbsError: 2.35978e+03
      Equation: "ElectronContinuityEquation"	RelError: 3.71425e-06	AbsError: 1.94553e+03
      Equation: "HoleContinuityEquation"	RelError: 7.45545e-09	AbsError: 4.14249e+02
      Equation: "PotentialEquation"	RelError: 2.01763e-14	AbsError: 4.48188e-16
    Region: "gate"	RelError: 4.13529e-16	AbsError: 8.22330e+03
      Equation: "ElectronContinuityEquation"	RelError: 8.45386e-17	AbsError: 8.22330e+03
      Equation: "HoleContinuityEquation"	RelError: 2.27700e-16	AbsError: 2.30681e-16
      Equation: "PotentialEquation"	RelError: 1.01291e-16	AbsError: 1.11022e-16
    Region: "oxide"	RelError: 1.30092e-16	AbsError: 1.20254e-16
      Equation: "PotentialEquation"	RelError: 1.30092e-16	AbsError: 1.20254e-16
Succeeded
IVPOINT	IDVD_VG1P0	5.00000000e-01	1.94000000e+00	8.12263219e-01
drain last end 1.940000e+00 2.000000e+00
number of equations 4346
Iteration: 0
  Device: "mos2d"	RelError: 1.35492e+01	AbsError: 3.89366e+16
    Region: "bulk"	RelError: 1.35422e+01	AbsError: 3.89366e+16
      Equation: "ElectronContinuityEquation"	RelError: 1.75077e-01	AbsError: 3.74903e+16
      Equation: "HoleContinuityEquation"	RelError: 6.22141e-01	AbsError: 1.44633e+15
      Equation: "PotentialEquation"	RelError: 1.27450e+01	AbsError: 2.00000e-02
    Region: "gate"	RelError: 5.97792e-04	AbsError: 3.00597e+16
      Equation: "ElectronContinuityEquation"	RelError: 2.95322e-04	AbsError: 3.00597e+16
      Equation: "HoleContinuityEquation"	RelError: 2.95496e-04	AbsError: 2.90310e-04
      Equation: "PotentialEquation"	RelError: 6.97408e-06	AbsError: 7.64731e-06
    Region: "oxide"	RelError: 6.43351e-03	AbsError: 1.17364e-02
      Equation: "PotentialEquation"	RelError: 6.43351e-03	AbsError: 1.17364e-02
Iteration: 1
  Device: "mos2d"	RelError: 1.40021e-01	AbsError: 2.94183e+14
    Region: "bulk"	RelError: 1.40020e-01	AbsError: 2.94183e+14
      Equation: "ElectronContinuityEquation"	RelError: 1.25318e-02	AbsError: 2.73456e+14
      Equation: "HoleContinuityEquation"	RelError: 9.49242e-02	AbsError: 2.07268e+13
      Equation: "PotentialEquation"	RelError: 3.25637e-02	AbsError: 3.39232e-05
    Region: "gate"	RelError: 1.82615e-07	AbsError: 4.94886e+12
      Equation: "ElectronContinuityEquation"	RelError: 4.88185e-08	AbsError: 4.94886e+12
      Equation: "HoleContinuityEquation"	RelError: 1.31666e-07	AbsError: 1.29883e-07
      Equation: "PotentialEquation"	RelError: 2.13047e-09	AbsError: 2.33591e-09
    Region: "oxide"	RelError: 1.04904e-06	AbsError: 1.61937e-06
      Equation: "PotentialEquation"	RelError: 1.04904e-06	AbsError: 1.61937e-06
Iteration: 2
  Device: "mos2d"	RelError: 7.47978e-04	AbsError: 1.82016e+10
    Region: "bulk"	RelError: 7.47978e-04	AbsError: 1.82016e+10
      Equation: "ElectronContinuityEquation"	RelError: 7.32019e-04	AbsError: 1.32287e+10
      Equation: "HoleContinuityEquation"	RelError: 1.26745e-05	AbsError: 4.97287e+09
      Equation: "PotentialEquation"	RelError: 3.28430e-06	AbsError: 5.96319e-09
    Region: "gate"	RelError: 2.99074e-12	AbsError: 1.50229e+08
      Equation: "ElectronContinuityEquation"	RelError: 1.48194e-12	AbsError: 1.50229e+08
      Equation: "HoleContinuityEquation"	RelError: 1.47381e-12	AbsError: 1.45385e-12
      Equation: "PotentialEquation"	RelError: 3.49923e-14	AbsError: 3.83665e-14
    Region: "oxide"	RelError: 3.42753e-11	AbsError: 5.58461e-11
      Equation: "PotentialEquation"	RelError: 3.42753e-11	AbsError: 5.58461e-11
Iteration: 3
  Device: "mos2d"	RelError: 1.62560e-06	AbsError: 7.89920e+03
    Region: "bulk"	RelError: 1.62560e-06	AbsError: 2.05422e+03
      Equation: "ElectronContinuityEquation"	RelError: 1.58682e-06	AbsError: 1.72599e+03
      Equation: "HoleContinuityEquation"	RelError: 3.87792e-08	AbsError: 3.28228e+02
      Equation: "PotentialEquation"	RelError: 1.89460e-13	AbsError: 2.95093e-16
    Region: "gate"	RelError: 3.32310e-16	AbsError: 7.89920e+03
      Equation: "ElectronContinuityEquation"	RelError: 7.89920e-17	AbsError: 7.89920e+03
      Equation: "HoleContinuityEquation"	RelError: 1.52027e-16	AbsError: 1.52030e-16
      Equation: "PotentialEquation"	RelError: 1.01291e-16	AbsError: 1.11022e-16
    Region: "oxide"	RelError: 1.06119e-16	AbsError: 1.61290e-16
      Equation: "PotentialEquation"	RelError: 1.06119e-16	AbsError: 1.61290e-16
Succeeded
IVPOINT	IDVD_VG1P0	5.00000000e-01	1.96000000e+00	8.17718249e-01
drain last end 1.960000e+00 2.000000e+00
number of equations 4346
Iteration: 0
  Device: "mos2d"	RelError: 2.74699e+00	AbsError: 3.91023e+16
    Region: "bulk"	RelError: 2.74000e+00	AbsError: 3.91023e+16
      Equation: "ElectronContinuityEquation"	RelError: 1.74322e-01	AbsError: 3.76864e+16
      Equation: "HoleContinuityEquation"	RelError: 6.24552e-01	AbsError: 1.41594e+15
      Equation: "PotentialEquation"	RelError: 1.94112e+00	AbsError: 2.00000e-02
    Region: "gate"	RelError: 5.97455e-04	AbsError: 3.00516e+16
      Equation: "ElectronContinuityEquation"	RelError: 2.95155e-04	AbsError: 3.00516e+16
      Equation: "HoleContinuityEquation"	RelError: 2.95329e-04	AbsError: 2.90061e-04
      Equation: "PotentialEquation"	RelError: 6.97009e-06	AbsError: 7.64299e-06
    Region: "oxide"	RelError: 6.39088e-03	AbsError: 1.17337e-02
      Equation: "PotentialEquation"	RelError: 6.39088e-03	AbsError: 1.17337e-02
Iteration: 1
  Device: "mos2d"	RelError: 1.10779e-01	AbsError: 2.91859e+14
    Region: "bulk"	RelError: 1.10778e-01	AbsError: 2.91859e+14
      Equation: "ElectronContinuityEquation"	RelError: 1.24606e-02	AbsError: 2.72903e+14
      Equation: "HoleContinuityEquation"	RelError: 9.55052e-02	AbsError: 1.89567e+13
      Equation: "PotentialEquation"	RelError: 2.81188e-03	AbsError: 3.18456e-05
    Region: "gate"	RelError: 1.81889e-07	AbsError: 4.91917e+12
      Equation: "ElectronContinuityEquation"	RelError: 4.85116e-08	AbsError: 4.91917e+12
      Equation: "HoleContinuityEquation"	RelError: 1.31255e-07	AbsError: 1.29440e-07
      Equation: "PotentialEquation"	RelError: 2.12199e-09	AbsError: 2.32662e-09
    Region: "oxide"	RelError: 1.03712e-06	AbsError: 1.61087e-06
      Equation: "PotentialEquation"	RelError: 1.03712e-06	AbsError: 1.61087e-06
Iteration: 2
  Device: "mos2d"	RelError: 6.51003e-04	AbsError: 1.77779e+10
    Region: "bulk"	RelError: 6.51003e-04	AbsError: 1.77779e+10
      Equation: "ElectronContinuityEquation"	RelError: 6.38540e-04	AbsError: 1.36304e+10
      Equation: "HoleContinuityEquation"	RelError: 1.22151e-05	AbsError: 4.14751e+09
      Equation: "PotentialEquation"	RelError: 2.47634e-07	AbsError: 5.08699e-09
    Region: "gate"	RelError: 3.18433e-12	AbsError: 1.59975e+08
      Equation: "ElectronContinuityEquation"	RelError: 1.57763e-12	AbsError: 1.59975e+08
      Equation: "HoleContinuityEquation"	RelError: 1.56953e-12	AbsError: 1.54783e-12
      Equation: "PotentialEquation"	RelError: 3.71733e-14	AbsError: 4.07581e-14
    Region: "oxide"	RelError: 3.58713e-11	AbsError: 5.85750e-11
      Equation: "PotentialEquation"	RelError: 3.58713e-11	AbsError: 5.85750e-11
Iteration: 3
  Device: "mos2d"	RelError: 4.73869e-06	AbsError: 8.34366e+03
    Region: "bulk"	RelError: 4.73869e-06	AbsError: 1.80553e+03
      Equation: "ElectronContinuityEquation"	RelError: 4.72631e-06	AbsError: 1.41251e+03
      Equation: "HoleContinuityEquation"	RelError: 1.23828e-08	AbsError: 3.93019e+02
      Equation: "PotentialEquation"	RelError: 2.17662e-14	AbsError: 2.59635e-16
    Region: "gate"	RelError: 3.63266e-16	AbsError: 8.34366e+03
      Equation: "ElectronContinuityEquation"	RelError: 8.57749e-17	AbsError: 8.34366e+03
      Equation: "HoleContinuityEquation"	RelError: 1.76201e-16	AbsError: 1.81139e-16
      Equation: "PotentialEquation"	RelError: 1.01291e-16	AbsError: 1.11022e-16
    Region: "oxide"	RelError: 1.17670e-16	AbsError: 1.28290e-16
      Equation: "PotentialEquation"	RelError: 1.17670e-16	AbsError: 1.28290e-16
Succeeded
IVPOINT	IDVD_VG1P0	5.00000000e-01	1.98000000e+00	8.23184969e-01
drain last end 1.980000e+00 2.000000e+00
setting to last bias 2.000000e+00
setting next bias 2.000000e+00
number of equations 4346
Iteration: 0
  Device: "mos2d"	RelError: 2.85722e+00	AbsError: 3.92645e+16
    Region: "bulk"	RelError: 2.85027e+00	AbsError: 3.92645e+16
      Equation: "ElectronContinuityEquation"	RelError: 1.73502e-01	AbsError: 3.78814e+16
      Equation: "HoleContinuityEquation"	RelError: 6.26568e-01	AbsError: 1.38303e+15
      Equation: "PotentialEquation"	RelError: 2.05020e+00	AbsError: 2.00000e-02
    Region: "gate"	RelError: 5.97118e-04	AbsError: 3.00436e+16
      Equation: "ElectronContinuityEquation"	RelError: 2.94989e-04	AbsError: 3.00436e+16
      Equation: "HoleContinuityEquation"	RelError: 2.95163e-04	AbsError: 2.89812e-04
      Equation: "PotentialEquation"	RelError: 6.96612e-06	AbsError: 7.63868e-06
    Region: "oxide"	RelError: 6.34881e-03	AbsError: 1.17309e-02
      Equation: "PotentialEquation"	RelError: 6.34881e-03	AbsError: 1.17309e-02
Iteration: 1
  Device: "mos2d"	RelError: 1.11322e-01	AbsError: 2.89349e+14
    Region: "bulk"	RelError: 1.11320e-01	AbsError: 2.89349e+14
      Equation: "ElectronContinuityEquation"	RelError: 1.23870e-02	AbsError: 2.71777e+14
      Equation: "HoleContinuityEquation"	RelError: 9.60259e-02	AbsError: 1.75720e+13
      Equation: "PotentialEquation"	RelError: 2.90754e-03	AbsError: 2.98493e-05
    Region: "gate"	RelError: 1.81023e-07	AbsError: 4.88242e+12
      Equation: "ElectronContinuityEquation"	RelError: 4.81354e-08	AbsError: 4.88242e+12
      Equation: "HoleContinuityEquation"	RelError: 1.30775e-07	AbsError: 1.28930e-07
      Equation: "PotentialEquation"	RelError: 2.11187e-09	AbsError: 2.31554e-09
    Region: "oxide"	RelError: 1.02384e-06	AbsError: 1.59991e-06
      Equation: "PotentialEquation"	RelError: 1.02384e-06	AbsError: 1.59991e-06
Iteration: 2
  Device: "mos2d"	RelError: 5.42386e-04	AbsError: 1.73755e+10
    Region: "bulk"	RelError: 5.42386e-04	AbsError: 1.73755e+10
      Equation: "ElectronContinuityEquation"	RelError: 5.30301e-04	AbsError: 1.39648e+10
      Equation: "HoleContinuityEquation"	RelError: 1.19729e-05	AbsError: 3.41067e+09
      Equation: "PotentialEquation"	RelError: 1.12107e-07	AbsError: 4.32007e-09
    Region: "gate"	RelError: 3.35823e-12	AbsError: 1.68728e+08
      Equation: "ElectronContinuityEquation"	RelError: 1.66347e-12	AbsError: 1.68728e+08
      Equation: "HoleContinuityEquation"	RelError: 1.65555e-12	AbsError: 1.63219e-12
      Equation: "PotentialEquation"	RelError: 3.92132e-14	AbsError: 4.29951e-14
    Region: "oxide"	RelError: 3.72452e-11	AbsError: 6.09774e-11
      Equation: "PotentialEquation"	RelError: 3.72452e-11	AbsError: 6.09774e-11
Iteration: 3
  Device: "mos2d"	RelError: 2.97608e-05	AbsError: 8.11027e+03
    Region: "bulk"	RelError: 2.97608e-05	AbsError: 1.84209e+03
      Equation: "ElectronContinuityEquation"	RelError: 2.97140e-05	AbsError: 1.54783e+03
      Equation: "HoleContinuityEquation"	RelError: 4.68340e-08	AbsError: 2.94260e+02
      Equation: "PotentialEquation"	RelError: 3.72287e-14	AbsError: 2.39090e-16
    Region: "gate"	RelError: 3.47543e-16	AbsError: 8.11027e+03
      Equation: "ElectronContinuityEquation"	RelError: 8.10090e-17	AbsError: 8.11027e+03
      Equation: "HoleContinuityEquation"	RelError: 1.65244e-16	AbsError: 1.66547e-16
      Equation: "PotentialEquation"	RelError: 1.01291e-16	AbsError: 1.11022e-16
    Region: "oxide"	RelError: 1.29229e-16	AbsError: 1.09224e-16
      Equation: "PotentialEquation"	RelError: 1.29229e-16	AbsError: 1.09224e-16
Succeeded
IVPOINT	IDVD_VG1P0	5.00000000e-01	2.00000000e+00	8.28663471e-01
=== SWEEP_START IDVG_VD0P05 ===
number of equations 4346
Iteration: 0
  Device: "mos2d"	RelError: 2.01387e+03	AbsError: 6.67563e+18
    Region: "bulk"	RelError: 2.01364e+03	AbsError: 6.67563e+18
      Equation: "ElectronContinuityEquation"	RelError: 9.99000e+02	AbsError: 6.54085e+18
      Equation: "HoleContinuityEquation"	RelError: 9.99000e+02	AbsError: 1.34782e+17
      Equation: "PotentialEquation"	RelError: 1.56419e+01	AbsError: 1.12912e-01
    Region: "gate"	RelError: 1.19786e-01	AbsError: 2.16303e+18
      Equation: "ElectronContinuityEquation"	RelError: 2.16989e-02	AbsError: 2.16303e+18
      Equation: "HoleContinuityEquation"	RelError: 2.14661e-02	AbsError: 2.16038e-02
      Equation: "PotentialEquation"	RelError: 7.66211e-02	AbsError: 7.80085e-02
    Region: "oxide"	RelError: 1.11357e-01	AbsError: 1.02964e-01
      Equation: "PotentialEquation"	RelError: 1.11357e-01	AbsError: 1.02964e-01
Iteration: 1
  Device: "mos2d"	RelError: 2.05884e+03	AbsError: 9.11516e+17
    Region: "bulk"	RelError: 2.05863e+03	AbsError: 9.11516e+17
      Equation: "ElectronContinuityEquation"	RelError: 9.99000e+02	AbsError: 7.91489e+17
      Equation: "HoleContinuityEquation"	RelError: 9.99000e+02	AbsError: 1.20027e+17
      Equation: "PotentialEquation"	RelError: 6.06292e+01	AbsError: 1.11427e-01
    Region: "gate"	RelError: 8.26600e-02	AbsError: 2.17801e+17
      Equation: "ElectronContinuityEquation"	RelError: 2.19856e-03	AbsError: 2.17801e+17
      Equation: "HoleContinuityEquation"	RelError: 2.25341e-03	AbsError: 2.27469e-03
      Equation: "PotentialEquation"	RelError: 7.82080e-02	AbsError: 7.38555e-02
    Region: "oxide"	RelError: 1.27003e-01	AbsError: 1.01126e-01
      Equation: "PotentialEquation"	RelError: 1.27003e-01	AbsError: 1.01126e-01
Iteration: 2
  Device: "mos2d"	RelError: 2.11210e+03	AbsError: 3.68069e+17
    Region: "bulk"	RelError: 2.11188e+03	AbsError: 3.68069e+17
      Equation: "ElectronContinuityEquation"	RelError: 9.99000e+02	AbsError: 2.70630e+17
      Equation: "HoleContinuityEquation"	RelError: 9.99000e+02	AbsError: 9.74397e+16
      Equation: "PotentialEquation"	RelError: 1.13884e+02	AbsError: 1.09872e-01
    Region: "gate"	RelError: 7.99280e-02	AbsError: 4.48953e+16
      Equation: "ElectronContinuityEquation"	RelError: 4.53033e-04	AbsError: 4.48953e+16
      Equation: "HoleContinuityEquation"	RelError: 4.21692e-04	AbsError: 4.25527e-04
      Equation: "PotentialEquation"	RelError: 7.90533e-02	AbsError: 6.91948e-02
    Region: "oxide"	RelError: 1.31417e-01	AbsError: 9.90246e-02
      Equation: "PotentialEquation"	RelError: 1.31417e-01	AbsError: 9.90246e-02
Iteration: 3
  Device: "mos2d"	RelError: 1.04748e+03	AbsError: 2.05888e+17
    Region: "bulk"	RelError: 1.04727e+03	AbsError: 2.05888e+17
      Equation: "ElectronContinuityEquation"	RelError: 9.99000e+02	AbsError: 1.18657e+17
      Equation: "HoleContinuityEquation"	RelError: 1.00000e+00	AbsError: 8.72308e+16
      Equation: "PotentialEquation"	RelError: 4.72745e+01	AbsError: 1.08242e-01
    Region: "gate"	RelError: 7.91126e-02	AbsError: 1.79519e+16
      Equation: "ElectronContinuityEquation"	RelError: 1.81214e-04	AbsError: 1.79519e+16
      Equation: "HoleContinuityEquation"	RelError: 1.82671e-04	AbsError: 1.84396e-04
      Equation: "PotentialEquation"	RelError: 7.87487e-02	AbsError: 6.39055e-02
    Region: "oxide"	RelError: 1.29098e-01	AbsError: 9.67546e-02
      Equation: "PotentialEquation"	RelError: 1.29098e-01	AbsError: 9.67546e-02
Iteration: 4
  Device: "mos2d"	RelError: 2.00675e+03	AbsError: 1.05387e+17
    Region: "bulk"	RelError: 2.00655e+03	AbsError: 1.05387e+17
      Equation: "ElectronContinuityEquation"	RelError: 9.99000e+02	AbsError: 3.39355e+16
      Equation: "HoleContinuityEquation"	RelError: 9.99000e+02	AbsError: 7.14511e+16
      Equation: "PotentialEquation"	RelError: 8.54811e+00	AbsError: 1.06530e-01
    Region: "gate"	RelError: 7.68220e-02	AbsError: 5.02282e+15
      Equation: "ElectronContinuityEquation"	RelError: 5.06666e-05	AbsError: 5.02282e+15
      Equation: "HoleContinuityEquation"	RelError: 5.08816e-05	AbsError: 5.13257e-05
      Equation: "PotentialEquation"	RelError: 7.67205e-02	AbsError: 5.78248e-02
    Region: "oxide"	RelError: 1.27708e-01	AbsError: 9.43254e-02
      Equation: "PotentialEquation"	RelError: 1.27708e-01	AbsError: 9.43254e-02
Iteration: 5
  Device: "mos2d"	RelError: 2.00801e+03	AbsError: 7.53649e+16
    Region: "bulk"	RelError: 2.00781e+03	AbsError: 7.53649e+16
      Equation: "ElectronContinuityEquation"	RelError: 9.99000e+02	AbsError: 1.64667e+16
      Equation: "HoleContinuityEquation"	RelError: 9.99000e+02	AbsError: 5.88981e+16
      Equation: "PotentialEquation"	RelError: 9.80982e+00	AbsError: 1.04726e-01
    Region: "gate"	RelError: 7.22295e-02	AbsError: 2.85486e+15
      Equation: "ElectronContinuityEquation"	RelError: 2.87970e-05	AbsError: 2.85486e+15
      Equation: "HoleContinuityEquation"	RelError: 2.88442e-05	AbsError: 2.90952e-05
      Equation: "PotentialEquation"	RelError: 7.21719e-02	AbsError: 5.07359e-02
    Region: "oxide"	RelError: 1.24288e-01	AbsError: 9.17218e-02
      Equation: "PotentialEquation"	RelError: 1.24288e-01	AbsError: 9.17218e-02
Iteration: 6
  Device: "mos2d"	RelError: 2.00492e+03	AbsError: 6.60359e+16
    Region: "bulk"	RelError: 2.00473e+03	AbsError: 6.60359e+16
      Equation: "ElectronContinuityEquation"	RelError: 9.99000e+02	AbsError: 1.42740e+16
      Equation: "HoleContinuityEquation"	RelError: 9.99000e+02	AbsError: 5.17619e+16
      Equation: "PotentialEquation"	RelError: 6.73164e+00	AbsError: 1.02821e-01
    Region: "gate"	RelError: 6.41461e-02	AbsError: 1.12081e+15
      Equation: "ElectronContinuityEquation"	RelError: 1.13055e-05	AbsError: 1.12081e+15
      Equation: "HoleContinuityEquation"	RelError: 1.13417e-05	AbsError: 1.14402e-05
      Equation: "PotentialEquation"	RelError: 6.41234e-02	AbsError: 4.23629e-02
    Region: "oxide"	RelError: 1.19931e-01	AbsError: 8.89160e-02
      Equation: "PotentialEquation"	RelError: 1.19931e-01	AbsError: 8.89160e-02
Iteration: 7
  Device: "mos2d"	RelError: 1.00803e+03	AbsError: 4.00690e+16
    Region: "bulk"	RelError: 1.00786e+03	AbsError: 4.00690e+16
      Equation: "ElectronContinuityEquation"	RelError: 9.99000e+02	AbsError: 8.21864e+15
      Equation: "HoleContinuityEquation"	RelError: 1.00000e+00	AbsError: 3.18503e+16
      Equation: "PotentialEquation"	RelError: 7.86387e+00	AbsError: 1.00804e-01
    Region: "gate"	RelError: 5.16341e-02	AbsError: 1.06192e+15
      Equation: "ElectronContinuityEquation"	RelError: 1.07113e-05	AbsError: 1.06192e+15
      Equation: "HoleContinuityEquation"	RelError: 1.07164e-05	AbsError: 1.08094e-05
      Equation: "PotentialEquation"	RelError: 5.16127e-02	AbsError: 3.24249e-02
    Region: "oxide"	RelError: 1.16203e-01	AbsError: 8.58708e-02
      Equation: "PotentialEquation"	RelError: 1.16203e-01	AbsError: 8.58708e-02
Iteration: 8
  Device: "mos2d"	RelError: 1.03886e+03	AbsError: 3.24120e+16
    Region: "bulk"	RelError: 1.03871e+03	AbsError: 3.24120e+16
      Equation: "ElectronContinuityEquation"	RelError: 9.99000e+02	AbsError: 8.14114e+15
      Equation: "HoleContinuityEquation"	RelError: 9.97719e-01	AbsError: 2.42708e+16
      Equation: "PotentialEquation"	RelError: 3.87151e+01	AbsError: 9.86609e-02
    Region: "gate"	RelError: 3.45102e-02	AbsError: 8.54984e+14
      Equation: "ElectronContinuityEquation"	RelError: 8.62396e-06	AbsError: 8.54984e+14
      Equation: "HoleContinuityEquation"	RelError: 8.63018e-06	AbsError: 8.70500e-06
      Equation: "PotentialEquation"	RelError: 3.44930e-02	AbsError: 2.09472e-02
    Region: "oxide"	RelError: 1.11327e-01	AbsError: 8.25456e-02
      Equation: "PotentialEquation"	RelError: 1.11327e-01	AbsError: 8.25456e-02
Iteration: 9
  Device: "mos2d"	RelError: 2.00810e+03	AbsError: 2.69837e+16
    Region: "bulk"	RelError: 2.00797e+03	AbsError: 2.69837e+16
      Equation: "ElectronContinuityEquation"	RelError: 9.99000e+02	AbsError: 7.78286e+15
      Equation: "HoleContinuityEquation"	RelError: 9.99000e+02	AbsError: 1.92009e+16
      Equation: "PotentialEquation"	RelError: 9.97087e+00	AbsError: 9.63763e-02
    Region: "gate"	RelError: 1.89735e-02	AbsError: 4.86708e+14
      Equation: "ElectronContinuityEquation"	RelError: 4.90925e-06	AbsError: 4.86708e+14
      Equation: "HoleContinuityEquation"	RelError: 4.91457e-06	AbsError: 4.95715e-06
      Equation: "PotentialEquation"	RelError: 1.89637e-02	AbsError: 1.13021e-02
    Region: "oxide"	RelError: 1.06249e-01	AbsError: 7.88900e-02
      Equation: "PotentialEquation"	RelError: 1.06249e-01	AbsError: 7.88900e-02
Iteration: 10
  Device: "mos2d"	RelError: 1.01080e+03	AbsError: 1.88206e+16
    Region: "bulk"	RelError: 1.01070e+03	AbsError: 1.88206e+16
      Equation: "ElectronContinuityEquation"	RelError: 9.99000e+02	AbsError: 7.16658e+15
      Equation: "HoleContinuityEquation"	RelError: 9.99720e-01	AbsError: 1.16540e+16
      Equation: "PotentialEquation"	RelError: 1.06964e+01	AbsError: 9.39314e-02
    Region: "gate"	RelError: 2.55000e-06	AbsError: 1.23603e+14
      Equation: "ElectronContinuityEquation"	RelError: 1.24674e-06	AbsError: 1.23603e+14
      Equation: "HoleContinuityEquation"	RelError: 1.24908e-06	AbsError: 1.25990e-06
      Equation: "PotentialEquation"	RelError: 5.41855e-08	AbsError: 3.22865e-08
    Region: "oxide"	RelError: 1.01403e-01	AbsError: 7.48390e-02
      Equation: "PotentialEquation"	RelError: 1.01403e-01	AbsError: 7.48390e-02
Iteration: 11
  Device: "mos2d"	RelError: 2.00443e+03	AbsError: 1.38932e+16
    Region: "bulk"	RelError: 2.00434e+03	AbsError: 1.38932e+16
      Equation: "ElectronContinuityEquation"	RelError: 9.99000e+02	AbsError: 6.97843e+15
      Equation: "HoleContinuityEquation"	RelError: 9.99000e+02	AbsError: 6.91480e+15
      Equation: "PotentialEquation"	RelError: 6.33600e+00	AbsError: 9.13035e-02
    Region: "gate"	RelError: 2.42289e-06	AbsError: 1.18165e+14
      Equation: "ElectronContinuityEquation"	RelError: 1.18570e-06	AbsError: 1.18165e+14
      Equation: "HoleContinuityEquation"	RelError: 1.18569e-06	AbsError: 1.18976e-06
      Equation: "PotentialEquation"	RelError: 5.15018e-08	AbsError: 3.06943e-08
    Region: "oxide"	RelError: 9.64142e-02	AbsError: 7.03057e-02
      Equation: "PotentialEquation"	RelError: 9.64142e-02	AbsError: 7.03057e-02
Iteration: 12
  Device: "mos2d"	RelError: 2.00484e+03	AbsError: 2.61879e+16
    Region: "bulk"	RelError: 2.00475e+03	AbsError: 2.61879e+16
      Equation: "ElectronContinuityEquation"	RelError: 9.99000e+02	AbsError: 1.73227e+16
      Equation: "HoleContinuityEquation"	RelError: 9.99000e+02	AbsError: 8.86513e+15
      Equation: "PotentialEquation"	RelError: 6.75069e+00	AbsError: 8.84651e-02
    Region: "gate"	RelError: 2.16373e-05	AbsError: 1.04977e+15
      Equation: "ElectronContinuityEquation"	RelError: 1.05885e-05	AbsError: 1.04977e+15
      Equation: "HoleContinuityEquation"	RelError: 1.05887e-05	AbsError: 1.06803e-05
      Equation: "PotentialEquation"	RelError: 4.60030e-07	AbsError: 2.74110e-07
    Region: "oxide"	RelError: 9.27218e-02	AbsError: 6.51654e-02
      Equation: "PotentialEquation"	RelError: 9.27218e-02	AbsError: 6.51654e-02
Iteration: 13
  Device: "mos2d"	RelError: 1.81287e+01	AbsError: 1.25328e+16
    Region: "bulk"	RelError: 1.80383e+01	AbsError: 1.25328e+16
      Equation: "ElectronContinuityEquation"	RelError: 9.99995e-01	AbsError: 8.25535e+15
      Equation: "HoleContinuityEquation"	RelError: 1.00000e+00	AbsError: 4.27745e+15
      Equation: "PotentialEquation"	RelError: 1.60383e+01	AbsError: 8.53821e-02
    Region: "gate"	RelError: 2.71839e-06	AbsError: 1.32576e+14
      Equation: "ElectronContinuityEquation"	RelError: 1.33030e-06	AbsError: 1.32576e+14
      Equation: "HoleContinuityEquation"	RelError: 1.33031e-06	AbsError: 1.33487e-06
      Equation: "PotentialEquation"	RelError: 5.77830e-08	AbsError: 3.44378e-08
    Region: "oxide"	RelError: 9.03762e-02	AbsError: 5.92863e-02
      Equation: "PotentialEquation"	RelError: 9.03762e-02	AbsError: 5.92863e-02
Iteration: 14
  Device: "mos2d"	RelError: 1.56647e+01	AbsError: 9.33744e+15
    Region: "bulk"	RelError: 1.55778e+01	AbsError: 9.33744e+15
      Equation: "ElectronContinuityEquation"	RelError: 8.45296e-01	AbsError: 7.06000e+15
      Equation: "HoleContinuityEquation"	RelError: 9.24337e-01	AbsError: 2.27744e+15
      Equation: "PotentialEquation"	RelError: 1.38082e+01	AbsError: 8.20121e-02
    Region: "gate"	RelError: 1.15794e-05	AbsError: 5.63299e+14
      Equation: "ElectronContinuityEquation"	RelError: 5.66664e-06	AbsError: 5.63299e+14
      Equation: "HoleContinuityEquation"	RelError: 5.66658e-06	AbsError: 5.70042e-06
      Equation: "PotentialEquation"	RelError: 2.46161e-07	AbsError: 1.46693e-07
    Region: "oxide"	RelError: 8.69334e-02	AbsError: 5.24667e-02
      Equation: "PotentialEquation"	RelError: 8.69334e-02	AbsError: 5.24667e-02
Iteration: 15
  Device: "mos2d"	RelError: 9.65727e+00	AbsError: 1.52756e+16
    Region: "bulk"	RelError: 9.57778e+00	AbsError: 1.52756e+16
      Equation: "ElectronContinuityEquation"	RelError: 1.03197e+00	AbsError: 7.05324e+15
      Equation: "HoleContinuityEquation"	RelError: 9.13495e-01	AbsError: 8.22237e+15
      Equation: "PotentialEquation"	RelError: 7.63231e+00	AbsError: 7.83016e-02
    Region: "gate"	RelError: 9.96824e-06	AbsError: 4.84919e+14
      Equation: "ElectronContinuityEquation"	RelError: 4.87817e-06	AbsError: 4.84919e+14
      Equation: "HoleContinuityEquation"	RelError: 4.87816e-06	AbsError: 4.90732e-06
      Equation: "PotentialEquation"	RelError: 2.11911e-07	AbsError: 1.26282e-07
    Region: "oxide"	RelError: 7.94876e-02	AbsError: 4.44405e-02
      Equation: "PotentialEquation"	RelError: 7.94876e-02	AbsError: 4.44405e-02
Iteration: 16
  Device: "mos2d"	RelError: 9.88042e+00	AbsError: 8.40168e+15
    Region: "bulk"	RelError: 9.81377e+00	AbsError: 8.40168e+15
      Equation: "ElectronContinuityEquation"	RelError: 1.26054e+00	AbsError: 7.32562e+15
      Equation: "HoleContinuityEquation"	RelError: 9.10711e-01	AbsError: 1.07606e+15
      Equation: "PotentialEquation"	RelError: 7.64251e+00	AbsError: 7.41817e-02
    Region: "gate"	RelError: 1.10396e-05	AbsError: 5.37035e+14
      Equation: "ElectronContinuityEquation"	RelError: 5.40248e-06	AbsError: 5.37035e+14
      Equation: "HoleContinuityEquation"	RelError: 5.40245e-06	AbsError: 5.43477e-06
      Equation: "PotentialEquation"	RelError: 2.34687e-07	AbsError: 1.39855e-07
    Region: "oxide"	RelError: 6.66410e-02	AbsError: 3.49303e-02
      Equation: "PotentialEquation"	RelError: 6.66410e-02	AbsError: 3.49303e-02
Iteration: 17
  Device: "mos2d"	RelError: 5.49049e+00	AbsError: 1.09263e+16
    Region: "bulk"	RelError: 5.44277e+00	AbsError: 1.09263e+16
      Equation: "ElectronContinuityEquation"	RelError: 8.26805e-01	AbsError: 9.19302e+15
      Equation: "HoleContinuityEquation"	RelError: 8.93602e-01	AbsError: 1.73328e+15
      Equation: "PotentialEquation"	RelError: 3.72237e+00	AbsError: 6.95625e-02
    Region: "gate"	RelError: 1.36072e-05	AbsError: 6.61935e+14
      Equation: "ElectronContinuityEquation"	RelError: 6.65900e-06	AbsError: 6.61935e+14
      Equation: "HoleContinuityEquation"	RelError: 6.65894e-06	AbsError: 6.69882e-06
      Equation: "PotentialEquation"	RelError: 2.89270e-07	AbsError: 1.72382e-07
    Region: "oxide"	RelError: 4.77008e-02	AbsError: 2.38644e-02
      Equation: "PotentialEquation"	RelError: 4.77008e-02	AbsError: 2.38644e-02
Iteration: 18
  Device: "mos2d"	RelError: 1.78958e+01	AbsError: 1.83578e+16
    Region: "bulk"	RelError: 1.78634e+01	AbsError: 1.83578e+16
      Equation: "ElectronContinuityEquation"	RelError: 8.67412e-01	AbsError: 1.52782e+16
      Equation: "HoleContinuityEquation"	RelError: 8.75777e-01	AbsError: 3.07959e+15
      Equation: "PotentialEquation"	RelError: 1.61202e+01	AbsError: 6.43251e-02
    Region: "gate"	RelError: 2.05086e-05	AbsError: 1.00019e+15
      Equation: "ElectronContinuityEquation"	RelError: 1.00364e-05	AbsError: 1.00019e+15
      Equation: "HoleContinuityEquation"	RelError: 1.00363e-05	AbsError: 1.00710e-05
      Equation: "PotentialEquation"	RelError: 4.35939e-07	AbsError: 2.59813e-07
    Region: "oxide"	RelError: 3.23858e-02	AbsError: 1.56941e-02
      Equation: "PotentialEquation"	RelError: 3.23858e-02	AbsError: 1.56941e-02
Iteration: 19
  Device: "mos2d"	RelError: 1.88697e+01	AbsError: 3.05048e+16
    Region: "bulk"	RelError: 1.88682e+01	AbsError: 3.05048e+16
      Equation: "ElectronContinuityEquation"	RelError: 8.43188e-01	AbsError: 2.69203e+16
      Equation: "HoleContinuityEquation"	RelError: 8.46128e-01	AbsError: 3.58453e+15
      Equation: "PotentialEquation"	RelError: 1.71789e+01	AbsError: 5.83103e-02
    Region: "gate"	RelError: 3.75309e-05	AbsError: 1.83033e+15
      Equation: "ElectronContinuityEquation"	RelError: 1.83668e-05	AbsError: 1.83033e+15
      Equation: "HoleContinuityEquation"	RelError: 1.83663e-05	AbsError: 1.84301e-05
      Equation: "PotentialEquation"	RelError: 7.97770e-07	AbsError: 4.75459e-07
    Region: "oxide"	RelError: 1.45230e-03	AbsError: 6.93084e-04
      Equation: "PotentialEquation"	RelError: 1.45230e-03	AbsError: 6.93084e-04
Iteration: 20
  Device: "mos2d"	RelError: 4.69597e+00	AbsError: 5.29369e+16
    Region: "bulk"	RelError: 4.69262e+00	AbsError: 5.29369e+16
      Equation: "ElectronContinuityEquation"	RelError: 8.16233e-01	AbsError: 4.98141e+16
      Equation: "HoleContinuityEquation"	RelError: 8.02644e-01	AbsError: 3.12278e+15
      Equation: "PotentialEquation"	RelError: 3.07374e+00	AbsError: 5.13054e-02
    Region: "gate"	RelError: 8.39580e-05	AbsError: 4.09442e+15
      Equation: "ElectronContinuityEquation"	RelError: 4.10882e-05	AbsError: 4.09442e+15
      Equation: "HoleContinuityEquation"	RelError: 4.10851e-05	AbsError: 4.12296e-05
      Equation: "PotentialEquation"	RelError: 1.78464e-06	AbsError: 1.06362e-06
    Region: "oxide"	RelError: 3.26518e-03	AbsError: 1.56125e-03
      Equation: "PotentialEquation"	RelError: 3.26518e-03	AbsError: 1.56125e-03
Iteration: 21
  Device: "mos2d"	RelError: 2.97491e+00	AbsError: 9.42570e+16
    Region: "bulk"	RelError: 2.96664e+00	AbsError: 9.42570e+16
      Equation: "ElectronContinuityEquation"	RelError: 7.75393e-01	AbsError: 9.27548e+16
      Equation: "HoleContinuityEquation"	RelError: 7.70860e-01	AbsError: 1.50219e+15
      Equation: "PotentialEquation"	RelError: 1.42038e+00	AbsError: 4.30387e-02
    Region: "gate"	RelError: 2.05695e-04	AbsError: 1.00308e+16
      Equation: "ElectronContinuityEquation"	RelError: 1.00671e-04	AbsError: 1.00308e+16
      Equation: "HoleContinuityEquation"	RelError: 1.00652e-04	AbsError: 1.01016e-04
      Equation: "PotentialEquation"	RelError: 4.37235e-06	AbsError: 2.60584e-06
    Region: "oxide"	RelError: 8.07098e-03	AbsError: 3.84379e-03
      Equation: "PotentialEquation"	RelError: 8.07098e-03	AbsError: 3.84379e-03
Iteration: 22
  Device: "mos2d"	RelError: 3.87157e+00	AbsError: 1.92045e+17
    Region: "bulk"	RelError: 3.85665e+00	AbsError: 1.92045e+17
      Equation: "ElectronContinuityEquation"	RelError: 6.92500e-01	AbsError: 1.90993e+17
      Equation: "HoleContinuityEquation"	RelError: 7.32202e-01	AbsError: 1.05261e+15
      Equation: "PotentialEquation"	RelError: 2.43194e+00	AbsError: 3.32244e-02
    Region: "gate"	RelError: 3.65907e-04	AbsError: 1.78414e+16
      Equation: "ElectronContinuityEquation"	RelError: 1.79092e-04	AbsError: 1.78414e+16
      Equation: "HoleContinuityEquation"	RelError: 1.79038e-04	AbsError: 1.79717e-04
      Equation: "PotentialEquation"	RelError: 7.77796e-06	AbsError: 4.63548e-06
    Region: "oxide"	RelError: 1.45564e-02	AbsError: 6.82033e-03
      Equation: "PotentialEquation"	RelError: 1.45564e-02	AbsError: 6.82033e-03
Iteration: 23
  Device: "mos2d"	RelError: 1.85051e+00	AbsError: 1.78264e+17
    Region: "bulk"	RelError: 1.83572e+00	AbsError: 1.78264e+17
      Equation: "ElectronContinuityEquation"	RelError: 5.38645e-01	AbsError: 1.76124e+17
      Equation: "HoleContinuityEquation"	RelError: 5.93664e-01	AbsError: 2.14011e+15
      Equation: "PotentialEquation"	RelError: 7.03413e-01	AbsError: 2.25611e-02
    Region: "gate"	RelError: 3.59256e-04	AbsError: 1.75129e+16
      Equation: "ElectronContinuityEquation"	RelError: 1.75824e-04	AbsError: 1.75129e+16
      Equation: "HoleContinuityEquation"	RelError: 1.75795e-04	AbsError: 1.76493e-04
      Equation: "PotentialEquation"	RelError: 7.63663e-06	AbsError: 4.55122e-06
    Region: "oxide"	RelError: 1.44333e-02	AbsError: 6.69795e-03
      Equation: "PotentialEquation"	RelError: 1.44333e-02	AbsError: 6.69795e-03
Iteration: 24
  Device: "mos2d"	RelError: 1.01184e+00	AbsError: 6.92227e+16
    Region: "bulk"	RelError: 1.00582e+00	AbsError: 6.92227e+16
      Equation: "ElectronContinuityEquation"	RelError: 3.30120e-01	AbsError: 6.71057e+16
      Equation: "HoleContinuityEquation"	RelError: 3.59176e-01	AbsError: 2.11702e+15
      Equation: "PotentialEquation"	RelError: 3.16526e-01	AbsError: 1.24495e-02
    Region: "gate"	RelError: 1.45627e-04	AbsError: 7.09682e+15
      Equation: "ElectronContinuityEquation"	RelError: 7.12553e-05	AbsError: 7.09682e+15
      Equation: "HoleContinuityEquation"	RelError: 7.12760e-05	AbsError: 7.15643e-05
      Equation: "PotentialEquation"	RelError: 3.09557e-06	AbsError: 1.84487e-06
    Region: "oxide"	RelError: 5.86851e-03	AbsError: 2.68912e-03
      Equation: "PotentialEquation"	RelError: 5.86851e-03	AbsError: 2.68912e-03
Iteration: 25
  Device: "mos2d"	RelError: 3.45963e-01	AbsError: 1.16402e+16
    Region: "bulk"	RelError: 3.44949e-01	AbsError: 1.16402e+16
      Equation: "ElectronContinuityEquation"	RelError: 7.03253e-02	AbsError: 1.03183e+16
      Equation: "HoleContinuityEquation"	RelError: 9.31866e-02	AbsError: 1.32187e+15
      Equation: "PotentialEquation"	RelError: 1.81437e-01	AbsError: 1.61166e-03
    Region: "gate"	RelError: 2.45989e-05	AbsError: 1.19870e+15
      Equation: "ElectronContinuityEquation"	RelError: 1.20356e-05	AbsError: 1.19870e+15
      Equation: "HoleContinuityEquation"	RelError: 1.20404e-05	AbsError: 1.20892e-05
      Equation: "PotentialEquation"	RelError: 5.22896e-07	AbsError: 3.11630e-07
    Region: "oxide"	RelError: 9.89791e-04	AbsError: 4.48997e-04
      Equation: "PotentialEquation"	RelError: 9.89791e-04	AbsError: 4.48997e-04
Iteration: 26
  Device: "mos2d"	RelError: 1.61339e-01	AbsError: 7.35262e+14
    Region: "bulk"	RelError: 1.61318e-01	AbsError: 7.35262e+14
      Equation: "ElectronContinuityEquation"	RelError: 4.62536e-02	AbsError: 4.06086e+14
      Equation: "HoleContinuityEquation"	RelError: 4.25736e-02	AbsError: 3.29176e+14
      Equation: "PotentialEquation"	RelError: 7.24904e-02	AbsError: 1.12550e-03
    Region: "gate"	RelError: 3.98286e-07	AbsError: 1.93215e+13
      Equation: "ElectronContinuityEquation"	RelError: 1.94906e-07	AbsError: 1.93215e+13
      Equation: "HoleContinuityEquation"	RelError: 1.94912e-07	AbsError: 1.96619e-07
      Equation: "PotentialEquation"	RelError: 8.46801e-09	AbsError: 5.04565e-09
    Region: "oxide"	RelError: 2.05582e-05	AbsError: 6.79742e-06
      Equation: "PotentialEquation"	RelError: 2.05582e-05	AbsError: 6.79742e-06
Iteration: 27
  Device: "mos2d"	RelError: 1.09739e-01	AbsError: 7.69112e+14
    Region: "bulk"	RelError: 1.09723e-01	AbsError: 7.69112e+14
      Equation: "ElectronContinuityEquation"	RelError: 2.99235e-02	AbsError: 3.02353e+14
      Equation: "HoleContinuityEquation"	RelError: 3.00420e-02	AbsError: 4.66758e+14
      Equation: "PotentialEquation"	RelError: 4.97571e-02	AbsError: 7.76895e-04
    Region: "gate"	RelError: 3.18786e-07	AbsError: 1.54650e+13
      Equation: "ElectronContinuityEquation"	RelError: 1.56004e-07	AbsError: 1.54650e+13
      Equation: "HoleContinuityEquation"	RelError: 1.56004e-07	AbsError: 1.57370e-07
      Equation: "PotentialEquation"	RelError: 6.77774e-09	AbsError: 4.03851e-09
    Region: "oxide"	RelError: 1.64091e-05	AbsError: 5.41592e-06
      Equation: "PotentialEquation"	RelError: 1.64091e-05	AbsError: 5.41592e-06
Iteration: 28
  Device: "mos2d"	RelError: 1.24945e-01	AbsError: 1.12922e+15
    Region: "bulk"	RelError: 1.24931e-01	AbsError: 1.12922e+15
      Equation: "ElectronContinuityEquation"	RelError: 4.37289e-02	AbsError: 2.08699e+14
      Equation: "HoleContinuityEquation"	RelError: 4.73566e-02	AbsError: 9.20525e+14
      Equation: "PotentialEquation"	RelError: 3.38460e-02	AbsError: 1.17695e-03
    Region: "gate"	RelError: 2.59660e-07	AbsError: 1.25967e+13
      Equation: "ElectronContinuityEquation"	RelError: 1.27070e-07	AbsError: 1.25967e+13
      Equation: "HoleContinuityEquation"	RelError: 1.27070e-07	AbsError: 1.28182e-07
      Equation: "PotentialEquation"	RelError: 5.52065e-09	AbsError: 3.28948e-09
    Region: "oxide"	RelError: 1.33654e-05	AbsError: 4.41123e-06
      Equation: "PotentialEquation"	RelError: 1.33654e-05	AbsError: 4.41123e-06
Iteration: 29
  Device: "mos2d"	RelError: 1.27666e-01	AbsError: 1.18280e+15
    Region: "bulk"	RelError: 1.27655e-01	AbsError: 1.18280e+15
      Equation: "ElectronContinuityEquation"	RelError: 4.99962e-02	AbsError: 2.00229e+14
      Equation: "HoleContinuityEquation"	RelError: 5.32399e-02	AbsError: 9.82574e+14
      Equation: "PotentialEquation"	RelError: 2.44192e-02	AbsError: 1.33516e-03
    Region: "gate"	RelError: 2.11207e-07	AbsError: 1.02461e+13
      Equation: "ElectronContinuityEquation"	RelError: 1.03358e-07	AbsError: 1.02461e+13
      Equation: "HoleContinuityEquation"	RelError: 1.03358e-07	AbsError: 1.04263e-07
      Equation: "PotentialEquation"	RelError: 4.49049e-09	AbsError: 2.67566e-09
    Region: "oxide"	RelError: 1.08703e-05	AbsError: 3.58747e-06
      Equation: "PotentialEquation"	RelError: 1.08703e-05	AbsError: 3.58747e-06
Iteration: 30
  Device: "mos2d"	RelError: 9.79895e-02	AbsError: 8.85142e+14
    Region: "bulk"	RelError: 9.79805e-02	AbsError: 8.85142e+14
      Equation: "ElectronContinuityEquation"	RelError: 3.80351e-02	AbsError: 2.04538e+14
      Equation: "HoleContinuityEquation"	RelError: 3.82900e-02	AbsError: 6.80605e+14
      Equation: "PotentialEquation"	RelError: 2.16554e-02	AbsError: 9.88943e-04
    Region: "gate"	RelError: 1.71653e-07	AbsError: 8.32725e+12
      Equation: "ElectronContinuityEquation"	RelError: 8.40015e-08	AbsError: 8.32725e+12
      Equation: "HoleContinuityEquation"	RelError: 8.40015e-08	AbsError: 8.47370e-08
      Equation: "PotentialEquation"	RelError: 3.64952e-09	AbsError: 2.17456e-09
    Region: "oxide"	RelError: 8.83303e-06	AbsError: 2.91487e-06
      Equation: "PotentialEquation"	RelError: 8.83303e-06	AbsError: 2.91487e-06
Iteration: 31
  Device: "mos2d"	RelError: 6.81029e-02	AbsError: 3.03761e+14
    Region: "bulk"	RelError: 6.80956e-02	AbsError: 3.03761e+14
      Equation: "ElectronContinuityEquation"	RelError: 2.15838e-02	AbsError: 1.53269e+14
      Equation: "HoleContinuityEquation"	RelError: 2.21783e-02	AbsError: 1.50492e+14
      Equation: "PotentialEquation"	RelError: 2.43335e-02	AbsError: 5.66384e-04
    Region: "gate"	RelError: 1.40094e-07	AbsError: 6.79625e+12
      Equation: "ElectronContinuityEquation"	RelError: 6.85575e-08	AbsError: 6.79625e+12
      Equation: "HoleContinuityEquation"	RelError: 6.85575e-08	AbsError: 6.91578e-08
      Equation: "PotentialEquation"	RelError: 2.97854e-09	AbsError: 1.77476e-09
    Region: "oxide"	RelError: 7.20799e-06	AbsError: 2.37843e-06
      Equation: "PotentialEquation"	RelError: 7.20799e-06	AbsError: 2.37843e-06
Iteration: 32
  Device: "mos2d"	RelError: 6.92552e-02	AbsError: 4.50152e+14
    Region: "bulk"	RelError: 6.92492e-02	AbsError: 4.50152e+14
      Equation: "ElectronContinuityEquation"	RelError: 2.08302e-02	AbsError: 8.90515e+13
      Equation: "HoleContinuityEquation"	RelError: 2.00772e-02	AbsError: 3.61101e+14
      Equation: "PotentialEquation"	RelError: 2.83417e-02	AbsError: 5.29337e-04
    Region: "gate"	RelError: 1.15776e-07	AbsError: 5.61653e+12
      Equation: "ElectronContinuityEquation"	RelError: 5.66570e-08	AbsError: 5.61653e+12
      Equation: "HoleContinuityEquation"	RelError: 5.66570e-08	AbsError: 5.71531e-08
      Equation: "PotentialEquation"	RelError: 2.46152e-09	AbsError: 1.46669e-09
    Region: "oxide"	RelError: 5.95669e-06	AbsError: 1.96551e-06
      Equation: "PotentialEquation"	RelError: 5.95669e-06	AbsError: 1.96551e-06
Iteration: 33
  Device: "mos2d"	RelError: 9.71243e-02	AbsError: 7.44817e+14
    Region: "bulk"	RelError: 9.71192e-02	AbsError: 7.44817e+14
      Equation: "ElectronContinuityEquation"	RelError: 3.49352e-02	AbsError: 1.30214e+14
      Equation: "HoleContinuityEquation"	RelError: 3.30429e-02	AbsError: 6.14604e+14
      Equation: "PotentialEquation"	RelError: 2.91412e-02	AbsError: 8.79154e-04
    Region: "gate"	RelError: 9.73885e-08	AbsError: 4.72453e+12
      Equation: "ElectronContinuityEquation"	RelError: 4.76590e-08	AbsError: 4.72453e+12
      Equation: "HoleContinuityEquation"	RelError: 4.76590e-08	AbsError: 4.80762e-08
      Equation: "PotentialEquation"	RelError: 2.07059e-09	AbsError: 1.23376e-09
    Region: "oxide"	RelError: 5.01147e-06	AbsError: 1.65372e-06
      Equation: "PotentialEquation"	RelError: 5.01147e-06	AbsError: 1.65372e-06
Iteration: 34
  Device: "mos2d"	RelError: 8.35193e-02	AbsError: 6.99258e+14
    Region: "bulk"	RelError: 8.35149e-02	AbsError: 6.99258e+14
      Equation: "ElectronContinuityEquation"	RelError: 2.90886e-02	AbsError: 1.52080e+14
      Equation: "HoleContinuityEquation"	RelError: 2.85772e-02	AbsError: 5.47178e+14
      Equation: "PotentialEquation"	RelError: 2.58492e-02	AbsError: 7.46609e-04
    Region: "gate"	RelError: 8.31200e-08	AbsError: 4.03233e+12
      Equation: "ElectronContinuityEquation"	RelError: 4.06764e-08	AbsError: 4.03233e+12
      Equation: "HoleContinuityEquation"	RelError: 4.06764e-08	AbsError: 4.10325e-08
      Equation: "PotentialEquation"	RelError: 1.76722e-09	AbsError: 1.05300e-09
    Region: "oxide"	RelError: 4.27837e-06	AbsError: 1.41197e-06
      Equation: "PotentialEquation"	RelError: 4.27837e-06	AbsError: 1.41197e-06
Iteration: 35
  Device: "mos2d"	RelError: 4.92788e-02	AbsError: 4.18202e+14
    Region: "bulk"	RelError: 4.92751e-02	AbsError: 4.18202e+14
      Equation: "ElectronContinuityEquation"	RelError: 1.45898e-02	AbsError: 1.42336e+14
      Equation: "HoleContinuityEquation"	RelError: 1.42727e-02	AbsError: 2.75866e+14
      Equation: "PotentialEquation"	RelError: 2.04126e-02	AbsError: 3.73553e-04
    Region: "gate"	RelError: 7.13154e-08	AbsError: 3.45967e+12
      Equation: "ElectronContinuityEquation"	RelError: 3.48996e-08	AbsError: 3.45967e+12
      Equation: "HoleContinuityEquation"	RelError: 3.48996e-08	AbsError: 3.52051e-08
      Equation: "PotentialEquation"	RelError: 1.51624e-09	AbsError: 9.03452e-10
    Region: "oxide"	RelError: 3.67168e-06	AbsError: 1.21188e-06
      Equation: "PotentialEquation"	RelError: 3.67168e-06	AbsError: 1.21188e-06
Iteration: 36
  Device: "mos2d"	RelError: 3.98970e-02	AbsError: 1.58344e+14
    Region: "bulk"	RelError: 3.98938e-02	AbsError: 1.58344e+14
      Equation: "ElectronContinuityEquation"	RelError: 1.26179e-02	AbsError: 1.02215e+14
      Equation: "HoleContinuityEquation"	RelError: 1.25106e-02	AbsError: 5.61289e+13
      Equation: "PotentialEquation"	RelError: 1.47654e-02	AbsError: 3.25260e-04
    Region: "gate"	RelError: 6.09171e-08	AbsError: 2.95522e+12
      Equation: "ElectronContinuityEquation"	RelError: 2.98110e-08	AbsError: 2.95522e+12
      Equation: "HoleContinuityEquation"	RelError: 2.98110e-08	AbsError: 3.00720e-08
      Equation: "PotentialEquation"	RelError: 1.29516e-09	AbsError: 7.71722e-10
    Region: "oxide"	RelError: 3.13674e-06	AbsError: 1.03537e-06
      Equation: "PotentialEquation"	RelError: 3.13674e-06	AbsError: 1.03537e-06
Iteration: 37
  Device: "mos2d"	RelError: 3.76523e-02	AbsError: 3.28283e+14
    Region: "bulk"	RelError: 3.76496e-02	AbsError: 3.28283e+14
      Equation: "ElectronContinuityEquation"	RelError: 1.35844e-02	AbsError: 6.13683e+13
      Equation: "HoleContinuityEquation"	RelError: 1.39598e-02	AbsError: 2.66915e+14
      Equation: "PotentialEquation"	RelError: 1.01054e-02	AbsError: 3.56452e-04
    Region: "gate"	RelError: 5.14478e-08	AbsError: 2.49584e+12
      Equation: "ElectronContinuityEquation"	RelError: 2.51770e-08	AbsError: 2.49584e+12
      Equation: "HoleContinuityEquation"	RelError: 2.51770e-08	AbsError: 2.53974e-08
      Equation: "PotentialEquation"	RelError: 1.09384e-09	AbsError: 6.51761e-10
    Region: "oxide"	RelError: 2.64905e-06	AbsError: 8.74376e-07
      Equation: "PotentialEquation"	RelError: 2.64905e-06	AbsError: 8.74376e-07
Iteration: 38
  Device: "mos2d"	RelError: 4.44061e-02	AbsError: 4.20763e+14
    Region: "bulk"	RelError: 4.44039e-02	AbsError: 4.20763e+14
      Equation: "ElectronContinuityEquation"	RelError: 1.83851e-02	AbsError: 6.62866e+13
      Equation: "HoleContinuityEquation"	RelError: 1.88895e-02	AbsError: 3.54476e+14
      Equation: "PotentialEquation"	RelError: 7.12928e-03	AbsError: 4.82379e-04
    Region: "gate"	RelError: 4.28298e-08	AbsError: 2.07777e+12
      Equation: "ElectronContinuityEquation"	RelError: 2.09596e-08	AbsError: 2.07777e+12
      Equation: "HoleContinuityEquation"	RelError: 2.09596e-08	AbsError: 2.11431e-08
      Equation: "PotentialEquation"	RelError: 9.10608e-10	AbsError: 5.42585e-10
    Region: "oxide"	RelError: 2.20485e-06	AbsError: 7.27690e-07
      Equation: "PotentialEquation"	RelError: 2.20485e-06	AbsError: 7.27690e-07
Iteration: 39
  Device: "mos2d"	RelError: 3.77249e-02	AbsError: 3.67473e+14
    Region: "bulk"	RelError: 3.77230e-02	AbsError: 3.67473e+14
      Equation: "ElectronContinuityEquation"	RelError: 1.57329e-02	AbsError: 7.40346e+13
      Equation: "HoleContinuityEquation"	RelError: 1.58853e-02	AbsError: 2.93439e+14
      Equation: "PotentialEquation"	RelError: 6.10477e-03	AbsError: 4.09284e-04
    Region: "gate"	RelError: 3.52206e-08	AbsError: 1.70863e+12
      Equation: "ElectronContinuityEquation"	RelError: 1.72359e-08	AbsError: 1.70863e+12
      Equation: "HoleContinuityEquation"	RelError: 1.72359e-08	AbsError: 1.73868e-08
      Equation: "PotentialEquation"	RelError: 7.48828e-10	AbsError: 4.46188e-10
    Region: "oxide"	RelError: 1.81254e-06	AbsError: 5.98121e-07
      Equation: "PotentialEquation"	RelError: 1.81254e-06	AbsError: 5.98121e-07
Iteration: 40
  Device: "mos2d"	RelError: 2.24474e-02	AbsError: 1.97036e+14
    Region: "bulk"	RelError: 2.24459e-02	AbsError: 1.97036e+14
      Equation: "ElectronContinuityEquation"	RelError: 7.81758e-03	AbsError: 6.76077e+13
      Equation: "HoleContinuityEquation"	RelError: 7.90978e-03	AbsError: 1.29429e+14
      Equation: "PotentialEquation"	RelError: 6.71853e-03	AbsError: 2.03564e-04
    Region: "gate"	RelError: 2.88567e-08	AbsError: 1.39990e+12
      Equation: "ElectronContinuityEquation"	RelError: 1.41216e-08	AbsError: 1.39990e+12
      Equation: "HoleContinuityEquation"	RelError: 1.41216e-08	AbsError: 1.42452e-08
      Equation: "PotentialEquation"	RelError: 6.13526e-10	AbsError: 3.65569e-10
    Region: "oxide"	RelError: 1.48455e-06	AbsError: 4.89813e-07
      Equation: "PotentialEquation"	RelError: 1.48455e-06	AbsError: 4.89813e-07
Iteration: 41
  Device: "mos2d"	RelError: 2.09557e-02	AbsError: 9.45707e+13
    Region: "bulk"	RelError: 2.09544e-02	AbsError: 9.45707e+13
      Equation: "ElectronContinuityEquation"	RelError: 6.44801e-03	AbsError: 3.74958e+13
      Equation: "HoleContinuityEquation"	RelError: 6.46966e-03	AbsError: 5.70749e+13
      Equation: "PotentialEquation"	RelError: 8.03677e-03	AbsError: 1.67203e-04
    Region: "gate"	RelError: 2.38820e-08	AbsError: 1.15857e+12
      Equation: "ElectronContinuityEquation"	RelError: 1.16871e-08	AbsError: 1.15857e+12
      Equation: "HoleContinuityEquation"	RelError: 1.16871e-08	AbsError: 1.17895e-08
      Equation: "PotentialEquation"	RelError: 5.07758e-10	AbsError: 3.02547e-10
    Region: "oxide"	RelError: 1.22842e-06	AbsError: 4.05275e-07
      Equation: "PotentialEquation"	RelError: 1.22842e-06	AbsError: 4.05275e-07
Iteration: 42
  Device: "mos2d"	RelError: 2.90437e-02	AbsError: 2.16250e+14
    Region: "bulk"	RelError: 2.90427e-02	AbsError: 2.16250e+14
      Equation: "ElectronContinuityEquation"	RelError: 1.01523e-02	AbsError: 3.11515e+13
      Equation: "HoleContinuityEquation"	RelError: 9.95954e-03	AbsError: 1.85099e+14
      Equation: "PotentialEquation"	RelError: 8.93089e-03	AbsError: 2.60294e-04
    Region: "gate"	RelError: 2.02106e-08	AbsError: 9.80460e+11
      Equation: "ElectronContinuityEquation"	RelError: 9.89044e-09	AbsError: 9.80460e+11
      Equation: "HoleContinuityEquation"	RelError: 9.89044e-09	AbsError: 9.97704e-09
      Equation: "PotentialEquation"	RelError: 4.29699e-10	AbsError: 2.56036e-10
    Region: "oxide"	RelError: 1.03971e-06	AbsError: 3.43035e-07
      Equation: "PotentialEquation"	RelError: 1.03971e-06	AbsError: 3.43035e-07
Iteration: 43
  Device: "mos2d"	RelError: 3.14783e-02	AbsError: 2.61747e+14
    Region: "bulk"	RelError: 3.14774e-02	AbsError: 2.61747e+14
      Equation: "ElectronContinuityEquation"	RelError: 1.14454e-02	AbsError: 4.95630e+13
      Equation: "HoleContinuityEquation"	RelError: 1.12880e-02	AbsError: 2.12184e+14
      Equation: "PotentialEquation"	RelError: 8.74389e-03	AbsError: 2.94242e-04
    Region: "gate"	RelError: 1.75234e-08	AbsError: 8.50100e+11
      Equation: "ElectronContinuityEquation"	RelError: 8.57543e-09	AbsError: 8.50100e+11
      Equation: "HoleContinuityEquation"	RelError: 8.57543e-09	AbsError: 8.65052e-09
      Equation: "PotentialEquation"	RelError: 3.72567e-10	AbsError: 2.21994e-10
    Region: "oxide"	RelError: 9.01821e-07	AbsError: 2.97593e-07
      Equation: "PotentialEquation"	RelError: 9.01821e-07	AbsError: 2.97593e-07
Iteration: 44
  Device: "mos2d"	RelError: 2.32463e-02	AbsError: 2.00892e+14
    Region: "bulk"	RelError: 2.32455e-02	AbsError: 2.00892e+14
      Equation: "ElectronContinuityEquation"	RelError: 7.85181e-03	AbsError: 5.20206e+13
      Equation: "HoleContinuityEquation"	RelError: 7.85761e-03	AbsError: 1.48871e+14
      Equation: "PotentialEquation"	RelError: 7.53604e-03	AbsError: 2.03349e-04
    Region: "gate"	RelError: 1.54052e-08	AbsError: 7.47338e+11
      Equation: "ElectronContinuityEquation"	RelError: 7.53881e-09	AbsError: 7.47338e+11
      Equation: "HoleContinuityEquation"	RelError: 7.53881e-09	AbsError: 7.60482e-09
      Equation: "PotentialEquation"	RelError: 3.27530e-10	AbsError: 1.95159e-10
    Region: "oxide"	RelError: 7.93175e-07	AbsError: 2.61795e-07
      Equation: "PotentialEquation"	RelError: 7.93175e-07	AbsError: 2.61795e-07
Iteration: 45
  Device: "mos2d"	RelError: 1.56091e-02	AbsError: 8.10963e+13
    Region: "bulk"	RelError: 1.56084e-02	AbsError: 8.10963e+13
      Equation: "ElectronContinuityEquation"	RelError: 4.91945e-03	AbsError: 4.03605e+13
      Equation: "HoleContinuityEquation"	RelError: 4.89089e-03	AbsError: 4.07358e+13
      Equation: "PotentialEquation"	RelError: 5.79803e-03	AbsError: 1.26981e-04
    Region: "gate"	RelError: 1.35083e-08	AbsError: 6.55318e+11
      Equation: "ElectronContinuityEquation"	RelError: 6.61055e-09	AbsError: 6.55318e+11
      Equation: "HoleContinuityEquation"	RelError: 6.61055e-09	AbsError: 6.66843e-09
      Equation: "PotentialEquation"	RelError: 2.87201e-10	AbsError: 1.71129e-10
    Region: "oxide"	RelError: 6.95744e-07	AbsError: 2.29671e-07
      Equation: "PotentialEquation"	RelError: 6.95744e-07	AbsError: 2.29671e-07
Iteration: 46
  Device: "mos2d"	RelError: 1.10059e-02	AbsError: 8.49697e+13
    Region: "bulk"	RelError: 1.10053e-02	AbsError: 8.49697e+13
      Equation: "ElectronContinuityEquation"	RelError: 3.45984e-03	AbsError: 2.42187e+13
      Equation: "HoleContinuityEquation"	RelError: 3.45998e-03	AbsError: 6.07510e+13
      Equation: "PotentialEquation"	RelError: 4.08550e-03	AbsError: 8.95681e-05
    Region: "gate"	RelError: 1.16431e-08	AbsError: 5.64832e+11
      Equation: "ElectronContinuityEquation"	RelError: 5.69777e-09	AbsError: 5.64832e+11
      Equation: "HoleContinuityEquation"	RelError: 5.69777e-09	AbsError: 5.74766e-09
      Equation: "PotentialEquation"	RelError: 2.47545e-10	AbsError: 1.47499e-10
    Region: "oxide"	RelError: 5.99721e-07	AbsError: 1.97980e-07
      Equation: "PotentialEquation"	RelError: 5.99721e-07	AbsError: 1.97980e-07
Iteration: 47
  Device: "mos2d"	RelError: 1.53951e-02	AbsError: 1.37782e+14
    Region: "bulk"	RelError: 1.53946e-02	AbsError: 1.37782e+14
      Equation: "ElectronContinuityEquation"	RelError: 6.25171e-03	AbsError: 1.89112e+13
      Equation: "HoleContinuityEquation"	RelError: 6.32047e-03	AbsError: 1.18871e+14
      Equation: "PotentialEquation"	RelError: 2.82240e-03	AbsError: 1.62724e-04
    Region: "gate"	RelError: 9.78057e-09	AbsError: 4.74477e+11
      Equation: "ElectronContinuityEquation"	RelError: 4.78631e-09	AbsError: 4.74477e+11
      Equation: "HoleContinuityEquation"	RelError: 4.78631e-09	AbsError: 4.82822e-09
      Equation: "PotentialEquation"	RelError: 2.07946e-10	AbsError: 1.23904e-10
    Region: "oxide"	RelError: 5.03671e-07	AbsError: 1.66255e-07
      Equation: "PotentialEquation"	RelError: 5.03671e-07	AbsError: 1.66255e-07
Iteration: 48
  Device: "mos2d"	RelError: 1.50527e-02	AbsError: 1.47349e+14
    Region: "bulk"	RelError: 1.50523e-02	AbsError: 1.47349e+14
      Equation: "ElectronContinuityEquation"	RelError: 6.39495e-03	AbsError: 2.70470e+13
      Equation: "HoleContinuityEquation"	RelError: 6.43775e-03	AbsError: 1.20302e+14
      Equation: "PotentialEquation"	RelError: 2.21961e-03	AbsError: 1.66100e-04
    Region: "gate"	RelError: 8.00571e-09	AbsError: 3.88374e+11
      Equation: "ElectronContinuityEquation"	RelError: 3.91775e-09	AbsError: 3.88374e+11
      Equation: "HoleContinuityEquation"	RelError: 3.91775e-09	AbsError: 3.95205e-09
      Equation: "PotentialEquation"	RelError: 1.70210e-10	AbsError: 1.01420e-10
    Region: "oxide"	RelError: 4.12069e-07	AbsError: 1.35989e-07
      Equation: "PotentialEquation"	RelError: 4.12069e-07	AbsError: 1.35989e-07
Iteration: 49
  Device: "mos2d"	RelError: 1.02997e-02	AbsError: 1.02153e+14
    Region: "bulk"	RelError: 1.02994e-02	AbsError: 1.02153e+14
      Equation: "ElectronContinuityEquation"	RelError: 4.03358e-03	AbsError: 2.72416e+13
      Equation: "HoleContinuityEquation"	RelError: 4.02489e-03	AbsError: 7.49113e+13
      Equation: "PotentialEquation"	RelError: 2.24093e-03	AbsError: 1.04308e-04
    Region: "gate"	RelError: 6.44962e-09	AbsError: 3.12885e+11
      Equation: "ElectronContinuityEquation"	RelError: 3.15625e-09	AbsError: 3.12885e+11
      Equation: "HoleContinuityEquation"	RelError: 3.15624e-09	AbsError: 3.18388e-09
      Equation: "PotentialEquation"	RelError: 1.37126e-10	AbsError: 8.17063e-11
    Region: "oxide"	RelError: 3.31772e-07	AbsError: 1.09459e-07
      Equation: "PotentialEquation"	RelError: 3.31772e-07	AbsError: 1.09459e-07
Iteration: 50
  Device: "mos2d"	RelError: 8.00019e-03	AbsError: 2.93908e+13
    Region: "bulk"	RelError: 7.99991e-03	AbsError: 2.93908e+13
      Equation: "ElectronContinuityEquation"	RelError: 2.68107e-03	AbsError: 1.85906e+13
      Equation: "HoleContinuityEquation"	RelError: 2.68850e-03	AbsError: 1.08003e+13
      Equation: "PotentialEquation"	RelError: 2.63034e-03	AbsError: 6.95016e-05
    Region: "gate"	RelError: 5.21964e-09	AbsError: 2.53216e+11
      Equation: "ElectronContinuityEquation"	RelError: 2.55433e-09	AbsError: 2.53216e+11
      Equation: "HoleContinuityEquation"	RelError: 2.55433e-09	AbsError: 2.57670e-09
      Equation: "PotentialEquation"	RelError: 1.10975e-10	AbsError: 6.61246e-11
    Region: "oxide"	RelError: 2.68375e-07	AbsError: 8.85244e-08
      Equation: "PotentialEquation"	RelError: 2.68375e-07	AbsError: 8.85244e-08
Iteration: 51
  Device: "mos2d"	RelError: 8.21527e-03	AbsError: 5.89552e+13
    Region: "bulk"	RelError: 8.21505e-03	AbsError: 5.89552e+13
      Equation: "ElectronContinuityEquation"	RelError: 2.59807e-03	AbsError: 1.07435e+13
      Equation: "HoleContinuityEquation"	RelError: 2.58487e-03	AbsError: 4.82117e+13
      Equation: "PotentialEquation"	RelError: 3.03211e-03	AbsError: 6.70855e-05
    Region: "gate"	RelError: 4.34753e-09	AbsError: 2.10908e+11
      Equation: "ElectronContinuityEquation"	RelError: 2.12755e-09	AbsError: 2.10908e+11
      Equation: "HoleContinuityEquation"	RelError: 2.12755e-09	AbsError: 2.14618e-09
      Equation: "PotentialEquation"	RelError: 9.24333e-11	AbsError: 5.50763e-11
    Region: "oxide"	RelError: 2.23527e-07	AbsError: 7.37300e-08
      Equation: "PotentialEquation"	RelError: 2.23527e-07	AbsError: 7.37300e-08
Iteration: 52
  Device: "mos2d"	RelError: 1.11851e-02	AbsError: 9.00595e+13
    Region: "bulk"	RelError: 1.11849e-02	AbsError: 9.00595e+13
      Equation: "ElectronContinuityEquation"	RelError: 4.02405e-03	AbsError: 1.51806e+13
      Equation: "HoleContinuityEquation"	RelError: 3.99858e-03	AbsError: 7.48789e+13
      Equation: "PotentialEquation"	RelError: 3.16231e-03	AbsError: 1.03840e-04
    Region: "gate"	RelError: 3.77651e-09	AbsError: 1.83207e+11
      Equation: "ElectronContinuityEquation"	RelError: 1.84811e-09	AbsError: 1.83207e+11
      Equation: "HoleContinuityEquation"	RelError: 1.84811e-09	AbsError: 1.86429e-09
      Equation: "PotentialEquation"	RelError: 8.02928e-11	AbsError: 4.78424e-11
    Region: "oxide"	RelError: 1.94265e-07	AbsError: 6.40923e-08
      Equation: "PotentialEquation"	RelError: 1.94265e-07	AbsError: 6.40923e-08
Iteration: 53
  Device: "mos2d"	RelError: 1.00249e-02	AbsError: 8.41744e+13
    Region: "bulk"	RelError: 1.00248e-02	AbsError: 8.41744e+13
      Equation: "ElectronContinuityEquation"	RelError: 3.55506e-03	AbsError: 1.75356e+13
      Equation: "HoleContinuityEquation"	RelError: 3.54594e-03	AbsError: 6.66389e+13
      Equation: "PotentialEquation"	RelError: 2.92376e-03	AbsError: 9.19127e-05
    Region: "gate"	RelError: 3.39110e-09	AbsError: 1.64509e+11
      Equation: "ElectronContinuityEquation"	RelError: 1.65950e-09	AbsError: 1.64509e+11
      Equation: "HoleContinuityEquation"	RelError: 1.65950e-09	AbsError: 1.67403e-09
      Equation: "PotentialEquation"	RelError: 7.20984e-11	AbsError: 4.29598e-11
    Region: "oxide"	RelError: 1.74576e-07	AbsError: 5.76168e-08
      Equation: "PotentialEquation"	RelError: 1.74576e-07	AbsError: 5.76168e-08
Iteration: 54
  Device: "mos2d"	RelError: 5.99862e-03	AbsError: 5.06979e+13
    Region: "bulk"	RelError: 5.99846e-03	AbsError: 5.06979e+13
      Equation: "ElectronContinuityEquation"	RelError: 1.79520e-03	AbsError: 1.67842e+13
      Equation: "HoleContinuityEquation"	RelError: 1.80134e-03	AbsError: 3.39137e+13
      Equation: "PotentialEquation"	RelError: 2.40193e-03	AbsError: 4.65525e-05
    Region: "gate"	RelError: 3.06872e-09	AbsError: 1.48871e+11
      Equation: "ElectronContinuityEquation"	RelError: 1.50174e-09	AbsError: 1.48871e+11
      Equation: "HoleContinuityEquation"	RelError: 1.50174e-09	AbsError: 1.51489e-09
      Equation: "PotentialEquation"	RelError: 6.52445e-11	AbsError: 3.88758e-11
    Region: "oxide"	RelError: 1.58089e-07	AbsError: 5.21917e-08
      Equation: "PotentialEquation"	RelError: 1.58089e-07	AbsError: 5.21917e-08
Iteration: 55
  Device: "mos2d"	RelError: 4.84546e-03	AbsError: 1.72725e+13
    Region: "bulk"	RelError: 4.84531e-03	AbsError: 1.72725e+13
      Equation: "ElectronContinuityEquation"	RelError: 1.53345e-03	AbsError: 1.13068e+13
      Equation: "HoleContinuityEquation"	RelError: 1.53177e-03	AbsError: 5.96573e+12
      Equation: "PotentialEquation"	RelError: 1.78010e-03	AbsError: 3.96749e-05
    Region: "gate"	RelError: 2.72388e-09	AbsError: 1.32141e+11
      Equation: "ElectronContinuityEquation"	RelError: 1.33298e-09	AbsError: 1.32141e+11
      Equation: "HoleContinuityEquation"	RelError: 1.33298e-09	AbsError: 1.34466e-09
      Equation: "PotentialEquation"	RelError: 5.79128e-11	AbsError: 3.45073e-11
    Region: "oxide"	RelError: 1.40371e-07	AbsError: 4.63488e-08
      Equation: "PotentialEquation"	RelError: 1.40371e-07	AbsError: 4.63488e-08
Iteration: 56
  Device: "mos2d"	RelError: 4.95640e-03	AbsError: 4.11326e+13
    Region: "bulk"	RelError: 4.95628e-03	AbsError: 4.11326e+13
      Equation: "ElectronContinuityEquation"	RelError: 1.85240e-03	AbsError: 6.20467e+12
      Equation: "HoleContinuityEquation"	RelError: 1.85920e-03	AbsError: 3.49279e+13
      Equation: "PotentialEquation"	RelError: 1.24468e-03	AbsError: 4.80412e-05
    Region: "gate"	RelError: 2.32747e-09	AbsError: 1.12910e+11
      Equation: "ElectronContinuityEquation"	RelError: 1.13899e-09	AbsError: 1.12910e+11
      Equation: "HoleContinuityEquation"	RelError: 1.13899e-09	AbsError: 1.14896e-09
      Equation: "PotentialEquation"	RelError: 4.94845e-11	AbsError: 2.94853e-11
    Region: "oxide"	RelError: 1.19925e-07	AbsError: 3.95956e-08
      Equation: "PotentialEquation"	RelError: 1.19925e-07	AbsError: 3.95956e-08
Iteration: 57
  Device: "mos2d"	RelError: 5.72348e-03	AbsError: 5.40316e+13
    Region: "bulk"	RelError: 5.72338e-03	AbsError: 5.40316e+13
      Equation: "ElectronContinuityEquation"	RelError: 2.39832e-03	AbsError: 8.93196e+12
      Equation: "HoleContinuityEquation"	RelError: 2.40641e-03	AbsError: 4.50997e+13
      Equation: "PotentialEquation"	RelError: 9.18650e-04	AbsError: 6.21903e-05
    Region: "gate"	RelError: 1.90110e-09	AbsError: 9.22264e+10
      Equation: "ElectronContinuityEquation"	RelError: 9.30339e-10	AbsError: 9.22264e+10
      Equation: "HoleContinuityEquation"	RelError: 9.30338e-10	AbsError: 9.38484e-10
      Equation: "PotentialEquation"	RelError: 4.04193e-11	AbsError: 2.40838e-11
    Region: "oxide"	RelError: 9.78969e-08	AbsError: 3.23137e-08
      Equation: "PotentialEquation"	RelError: 9.78969e-08	AbsError: 3.23137e-08
Iteration: 58
  Device: "mos2d"	RelError: 4.65447e-03	AbsError: 4.57049e+13
    Region: "bulk"	RelError: 4.65439e-03	AbsError: 4.57049e+13
      Equation: "ElectronContinuityEquation"	RelError: 1.91129e-03	AbsError: 9.92412e+12
      Equation: "HoleContinuityEquation"	RelError: 1.91283e-03	AbsError: 3.57808e+13
      Equation: "PotentialEquation"	RelError: 8.30275e-04	AbsError: 4.94980e-05
    Region: "gate"	RelError: 1.49503e-09	AbsError: 7.25270e+10
      Equation: "ElectronContinuityEquation"	RelError: 7.31620e-10	AbsError: 7.25270e+10
      Equation: "HoleContinuityEquation"	RelError: 7.31620e-10	AbsError: 7.38026e-10
      Equation: "PotentialEquation"	RelError: 3.17858e-11	AbsError: 1.89396e-11
    Region: "oxide"	RelError: 7.69114e-08	AbsError: 2.53758e-08
      Equation: "PotentialEquation"	RelError: 7.69114e-08	AbsError: 2.53758e-08
Iteration: 59
  Device: "mos2d"	RelError: 2.94412e-03	AbsError: 2.29035e+13
    Region: "bulk"	RelError: 2.94406e-03	AbsError: 2.29035e+13
      Equation: "ElectronContinuityEquation"	RelError: 1.01256e-03	AbsError: 8.60419e+12
      Equation: "HoleContinuityEquation"	RelError: 1.01400e-03	AbsError: 1.42993e+13
      Equation: "PotentialEquation"	RelError: 9.17504e-04	AbsError: 2.62310e-05
    Region: "gate"	RelError: 1.16052e-09	AbsError: 5.62994e+10
      Equation: "ElectronContinuityEquation"	RelError: 5.67924e-10	AbsError: 5.62994e+10
      Equation: "HoleContinuityEquation"	RelError: 5.67924e-10	AbsError: 5.72897e-10
      Equation: "PotentialEquation"	RelError: 2.46740e-11	AbsError: 1.47020e-11
    Region: "oxide"	RelError: 5.96412e-08	AbsError: 1.96686e-08
      Equation: "PotentialEquation"	RelError: 5.96412e-08	AbsError: 1.96686e-08
Iteration: 60
  Device: "mos2d"	RelError: 2.66017e-03	AbsError: 1.36270e+13
    Region: "bulk"	RelError: 2.66012e-03	AbsError: 1.36270e+13
      Equation: "ElectronContinuityEquation"	RelError: 7.97394e-04	AbsError: 5.00579e+12
      Equation: "HoleContinuityEquation"	RelError: 7.97639e-04	AbsError: 8.62119e+12
      Equation: "PotentialEquation"	RelError: 1.06509e-03	AbsError: 2.06455e-05
    Region: "gate"	RelError: 9.27060e-10	AbsError: 4.49737e+10
      Equation: "ElectronContinuityEquation"	RelError: 4.53675e-10	AbsError: 4.49737e+10
      Equation: "HoleContinuityEquation"	RelError: 4.53675e-10	AbsError: 4.57647e-10
      Equation: "PotentialEquation"	RelError: 1.97103e-11	AbsError: 1.17443e-11
    Region: "oxide"	RelError: 4.76181e-08	AbsError: 1.56999e-08
      Equation: "PotentialEquation"	RelError: 4.76181e-08	AbsError: 1.56999e-08
Iteration: 61
  Device: "mos2d"	RelError: 3.69212e-03	AbsError: 2.76338e+13
    Region: "bulk"	RelError: 3.69208e-03	AbsError: 2.76338e+13
      Equation: "ElectronContinuityEquation"	RelError: 1.26780e-03	AbsError: 3.95205e+12
      Equation: "HoleContinuityEquation"	RelError: 1.26480e-03	AbsError: 2.36818e+13
      Equation: "PotentialEquation"	RelError: 1.15948e-03	AbsError: 3.27809e-05
    Region: "gate"	RelError: 7.92157e-10	AbsError: 3.84293e+10
      Equation: "ElectronContinuityEquation"	RelError: 3.87658e-10	AbsError: 3.84293e+10
      Equation: "HoleContinuityEquation"	RelError: 3.87658e-10	AbsError: 3.91052e-10
      Equation: "PotentialEquation"	RelError: 1.68421e-11	AbsError: 1.00353e-11
    Region: "oxide"	RelError: 4.07080e-08	AbsError: 1.34244e-08
      Equation: "PotentialEquation"	RelError: 4.07080e-08	AbsError: 1.34244e-08
Iteration: 62
  Device: "mos2d"	RelError: 3.96247e-03	AbsError: 3.26457e+13
    Region: "bulk"	RelError: 3.96244e-03	AbsError: 3.26457e+13
      Equation: "ElectronContinuityEquation"	RelError: 1.41485e-03	AbsError: 6.16203e+12
      Equation: "HoleContinuityEquation"	RelError: 1.41245e-03	AbsError: 2.64837e+13
      Equation: "PotentialEquation"	RelError: 1.13514e-03	AbsError: 3.65954e-05
    Region: "gate"	RelError: 7.26225e-10	AbsError: 3.52307e+10
      Equation: "ElectronContinuityEquation"	RelError: 3.55392e-10	AbsError: 3.52307e+10
      Equation: "HoleContinuityEquation"	RelError: 3.55392e-10	AbsError: 3.58504e-10
      Equation: "PotentialEquation"	RelError: 1.54404e-11	AbsError: 9.20013e-12
    Region: "oxide"	RelError: 3.73668e-08	AbsError: 1.23296e-08
      Equation: "PotentialEquation"	RelError: 3.73668e-08	AbsError: 1.23296e-08
Iteration: 63
  Device: "mos2d"	RelError: 2.94736e-03	AbsError: 2.46974e+13
    Region: "bulk"	RelError: 2.94733e-03	AbsError: 2.46974e+13
      Equation: "ElectronContinuityEquation"	RelError: 9.77992e-04	AbsError: 6.34031e+12
      Equation: "HoleContinuityEquation"	RelError: 9.78077e-04	AbsError: 1.83570e+13
      Equation: "PotentialEquation"	RelError: 9.91260e-04	AbsError: 2.53186e-05
    Region: "gate"	RelError: 6.87938e-10	AbsError: 3.33734e+10
      Equation: "ElectronContinuityEquation"	RelError: 3.36656e-10	AbsError: 3.33734e+10
      Equation: "HoleContinuityEquation"	RelError: 3.36656e-10	AbsError: 3.39604e-10
      Equation: "PotentialEquation"	RelError: 1.46264e-11	AbsError: 8.71512e-12
    Region: "oxide"	RelError: 3.54433e-08	AbsError: 1.17017e-08
      Equation: "PotentialEquation"	RelError: 3.54433e-08	AbsError: 1.17017e-08
Iteration: 64
  Device: "mos2d"	RelError: 1.99323e-03	AbsError: 9.51792e+12
    Region: "bulk"	RelError: 1.99319e-03	AbsError: 9.51792e+12
      Equation: "ElectronContinuityEquation"	RelError: 6.08090e-04	AbsError: 4.85282e+12
      Equation: "HoleContinuityEquation"	RelError: 6.07653e-04	AbsError: 4.66509e+12
      Equation: "PotentialEquation"	RelError: 7.77451e-04	AbsError: 1.57361e-05
    Region: "gate"	RelError: 6.41546e-10	AbsError: 3.11228e+10
      Equation: "ElectronContinuityEquation"	RelError: 3.13953e-10	AbsError: 3.11228e+10
      Equation: "HoleContinuityEquation"	RelError: 3.13953e-10	AbsError: 3.16702e-10
      Equation: "PotentialEquation"	RelError: 1.36399e-11	AbsError: 8.12734e-12
    Region: "oxide"	RelError: 3.30799e-08	AbsError: 1.09263e-08
      Equation: "PotentialEquation"	RelError: 3.30799e-08	AbsError: 1.09263e-08
Iteration: 65
  Device: "mos2d"	RelError: 1.43087e-03	AbsError: 1.08515e+13
    Region: "bulk"	RelError: 1.43084e-03	AbsError: 1.08515e+13
      Equation: "ElectronContinuityEquation"	RelError: 4.33823e-04	AbsError: 2.70493e+12
      Equation: "HoleContinuityEquation"	RelError: 4.34138e-04	AbsError: 8.14662e+12
      Equation: "PotentialEquation"	RelError: 5.62882e-04	AbsError: 1.12345e-05
    Region: "gate"	RelError: 5.68494e-10	AbsError: 2.75789e+10
      Equation: "ElectronContinuityEquation"	RelError: 2.78204e-10	AbsError: 2.75789e+10
      Equation: "HoleContinuityEquation"	RelError: 2.78203e-10	AbsError: 2.80639e-10
      Equation: "PotentialEquation"	RelError: 1.20867e-11	AbsError: 7.20186e-12
    Region: "oxide"	RelError: 2.93165e-08	AbsError: 9.68396e-09
      Equation: "PotentialEquation"	RelError: 2.93165e-08	AbsError: 9.68396e-09
Iteration: 66
  Device: "mos2d"	RelError: 2.03346e-03	AbsError: 1.78145e+13
    Region: "bulk"	RelError: 2.03343e-03	AbsError: 1.78145e+13
      Equation: "ElectronContinuityEquation"	RelError: 8.13341e-04	AbsError: 2.54326e+12
      Equation: "HoleContinuityEquation"	RelError: 8.14478e-04	AbsError: 1.52713e+13
      Equation: "PotentialEquation"	RelError: 4.05614e-04	AbsError: 2.10698e-05
    Region: "gate"	RelError: 4.70052e-10	AbsError: 2.28032e+10
      Equation: "ElectronContinuityEquation"	RelError: 2.30029e-10	AbsError: 2.28032e+10
      Equation: "HoleContinuityEquation"	RelError: 2.30029e-10	AbsError: 2.32043e-10
      Equation: "PotentialEquation"	RelError: 9.99374e-12	AbsError: 5.95476e-12
    Region: "oxide"	RelError: 2.42253e-08	AbsError: 7.99922e-09
      Equation: "PotentialEquation"	RelError: 2.42253e-08	AbsError: 7.99922e-09
Iteration: 67
  Device: "mos2d"	RelError: 1.93909e-03	AbsError: 1.85145e+13
    Region: "bulk"	RelError: 1.93908e-03	AbsError: 1.85145e+13
      Equation: "ElectronContinuityEquation"	RelError: 8.02817e-04	AbsError: 3.46223e+12
      Equation: "HoleContinuityEquation"	RelError: 8.03444e-04	AbsError: 1.50523e+13
      Equation: "PotentialEquation"	RelError: 3.32814e-04	AbsError: 2.07908e-05
    Region: "gate"	RelError: 3.61976e-10	AbsError: 1.75603e+10
      Equation: "ElectronContinuityEquation"	RelError: 1.77140e-10	AbsError: 1.75603e+10
      Equation: "HoleContinuityEquation"	RelError: 1.77140e-10	AbsError: 1.78691e-10
      Equation: "PotentialEquation"	RelError: 7.69596e-12	AbsError: 4.58563e-12
    Region: "oxide"	RelError: 1.86309e-08	AbsError: 6.14833e-09
      Equation: "PotentialEquation"	RelError: 1.86309e-08	AbsError: 6.14833e-09
Iteration: 68
  Device: "mos2d"	RelError: 1.29766e-03	AbsError: 1.25040e+13
    Region: "bulk"	RelError: 1.29764e-03	AbsError: 1.25040e+13
      Equation: "ElectronContinuityEquation"	RelError: 4.80874e-04	AbsError: 3.50269e+12
      Equation: "HoleContinuityEquation"	RelError: 4.80692e-04	AbsError: 9.00129e+12
      Equation: "PotentialEquation"	RelError: 3.36075e-04	AbsError: 1.24461e-05
    Region: "gate"	RelError: 2.64875e-10	AbsError: 1.28497e+10
      Equation: "ElectronContinuityEquation"	RelError: 1.29622e-10	AbsError: 1.28497e+10
      Equation: "HoleContinuityEquation"	RelError: 1.29622e-10	AbsError: 1.30757e-10
      Equation: "PotentialEquation"	RelError: 5.63146e-12	AbsError: 3.35550e-12
    Region: "oxide"	RelError: 1.36077e-08	AbsError: 4.48688e-09
      Equation: "PotentialEquation"	RelError: 1.36077e-08	AbsError: 4.48688e-09
Iteration: 69
  Device: "mos2d"	RelError: 1.05823e-03	AbsError: 3.63851e+12
    Region: "bulk"	RelError: 1.05822e-03	AbsError: 3.63851e+12
      Equation: "ElectronContinuityEquation"	RelError: 3.38612e-04	AbsError: 2.40097e+12
      Equation: "HoleContinuityEquation"	RelError: 3.38723e-04	AbsError: 1.23754e+12
      Equation: "PotentialEquation"	RelError: 3.80885e-04	AbsError: 8.76715e-06
    Region: "gate"	RelError: 1.94655e-10	AbsError: 9.44315e+09
      Equation: "ElectronContinuityEquation"	RelError: 9.52584e-11	AbsError: 9.44315e+09
      Equation: "HoleContinuityEquation"	RelError: 9.52583e-11	AbsError: 9.60924e-11
      Equation: "PotentialEquation"	RelError: 4.13853e-12	AbsError: 2.46594e-12
    Region: "oxide"	RelError: 9.98311e-09	AbsError: 3.28922e-09
      Equation: "PotentialEquation"	RelError: 9.98311e-09	AbsError: 3.28922e-09
Iteration: 70
  Device: "mos2d"	RelError: 1.10620e-03	AbsError: 7.92069e+12
    Region: "bulk"	RelError: 1.10619e-03	AbsError: 7.92069e+12
      Equation: "ElectronContinuityEquation"	RelError: 3.40840e-04	AbsError: 1.54058e+12
      Equation: "HoleContinuityEquation"	RelError: 3.40609e-04	AbsError: 6.38011e+12
      Equation: "PotentialEquation"	RelError: 4.24740e-04	AbsError: 8.82041e-06
    Region: "gate"	RelError: 1.56658e-10	AbsError: 7.59984e+09
      Equation: "ElectronContinuityEquation"	RelError: 7.66638e-11	AbsError: 7.59984e+09
      Equation: "HoleContinuityEquation"	RelError: 7.66638e-11	AbsError: 7.73350e-11
      Equation: "PotentialEquation"	RelError: 3.33076e-12	AbsError: 1.98463e-12
    Region: "oxide"	RelError: 8.03320e-09	AbsError: 2.64659e-09
      Equation: "PotentialEquation"	RelError: 8.03320e-09	AbsError: 2.64659e-09
Iteration: 71
  Device: "mos2d"	RelError: 1.45019e-03	AbsError: 1.14448e+13
    Region: "bulk"	RelError: 1.45019e-03	AbsError: 1.14448e+13
      Equation: "ElectronContinuityEquation"	RelError: 5.07594e-04	AbsError: 1.93943e+12
      Equation: "HoleContinuityEquation"	RelError: 5.07196e-04	AbsError: 9.50534e+12
      Equation: "PotentialEquation"	RelError: 4.35396e-04	AbsError: 1.31350e-05
    Region: "gate"	RelError: 1.45114e-10	AbsError: 7.03983e+09
      Equation: "ElectronContinuityEquation"	RelError: 7.10146e-11	AbsError: 7.03983e+09
      Equation: "HoleContinuityEquation"	RelError: 7.10146e-11	AbsError: 7.16363e-11
      Equation: "PotentialEquation"	RelError: 3.08528e-12	AbsError: 1.83836e-12
    Region: "oxide"	RelError: 7.45555e-09	AbsError: 2.45839e-09
      Equation: "PotentialEquation"	RelError: 7.45555e-09	AbsError: 2.45839e-09
Iteration: 72
  Device: "mos2d"	RelError: 1.28702e-03	AbsError: 1.05022e+13
    Region: "bulk"	RelError: 1.28701e-03	AbsError: 1.05022e+13
      Equation: "ElectronContinuityEquation"	RelError: 4.42785e-04	AbsError: 2.20281e+12
      Equation: "HoleContinuityEquation"	RelError: 4.42651e-04	AbsError: 8.29938e+12
      Equation: "PotentialEquation"	RelError: 4.01573e-04	AbsError: 1.14607e-05
    Region: "gate"	RelError: 1.47183e-10	AbsError: 7.14015e+09
      Equation: "ElectronContinuityEquation"	RelError: 7.20266e-11	AbsError: 7.14015e+09
      Equation: "HoleContinuityEquation"	RelError: 7.20267e-11	AbsError: 7.26573e-11
      Equation: "PotentialEquation"	RelError: 3.12935e-12	AbsError: 1.86462e-12
    Region: "oxide"	RelError: 7.58064e-09	AbsError: 2.50243e-09
      Equation: "PotentialEquation"	RelError: 7.58064e-09	AbsError: 2.50243e-09
Iteration: 73
  Device: "mos2d"	RelError: 7.69535e-04	AbsError: 6.15237e+12
    Region: "bulk"	RelError: 7.69527e-04	AbsError: 6.15237e+12
      Equation: "ElectronContinuityEquation"	RelError: 2.18285e-04	AbsError: 2.06464e+12
      Equation: "HoleContinuityEquation"	RelError: 2.18212e-04	AbsError: 4.08773e+12
      Equation: "PotentialEquation"	RelError: 3.33031e-04	AbsError: 5.64984e-06
    Region: "gate"	RelError: 1.49066e-10	AbsError: 7.23153e+09
      Equation: "ElectronContinuityEquation"	RelError: 7.29485e-11	AbsError: 7.23153e+09
      Equation: "HoleContinuityEquation"	RelError: 7.29484e-11	AbsError: 7.35871e-11
      Equation: "PotentialEquation"	RelError: 3.16932e-12	AbsError: 1.88843e-12
    Region: "oxide"	RelError: 7.69065e-09	AbsError: 2.54114e-09
      Equation: "PotentialEquation"	RelError: 7.69065e-09	AbsError: 2.54114e-09
Iteration: 74
  Device: "mos2d"	RelError: 6.30978e-04	AbsError: 2.23476e+12
    Region: "bulk"	RelError: 6.30971e-04	AbsError: 2.23476e+12
      Equation: "ElectronContinuityEquation"	RelError: 1.89353e-04	AbsError: 1.34311e+12
      Equation: "HoleContinuityEquation"	RelError: 1.89329e-04	AbsError: 8.91649e+11
      Equation: "PotentialEquation"	RelError: 2.52288e-04	AbsError: 4.90152e-06
    Region: "gate"	RelError: 1.41332e-10	AbsError: 6.85634e+09
      Equation: "ElectronContinuityEquation"	RelError: 6.91637e-11	AbsError: 6.85634e+09
      Equation: "HoleContinuityEquation"	RelError: 6.91637e-11	AbsError: 6.97693e-11
      Equation: "PotentialEquation"	RelError: 3.00479e-12	AbsError: 1.79040e-12
    Region: "oxide"	RelError: 7.29604e-09	AbsError: 2.41167e-09
      Equation: "PotentialEquation"	RelError: 7.29604e-09	AbsError: 2.41167e-09
Iteration: 75
  Device: "mos2d"	RelError: 6.67920e-04	AbsError: 5.44657e+12
    Region: "bulk"	RelError: 6.67914e-04	AbsError: 5.44657e+12
      Equation: "ElectronContinuityEquation"	RelError: 2.42317e-04	AbsError: 9.01472e+11
      Equation: "HoleContinuityEquation"	RelError: 2.42432e-04	AbsError: 4.54510e+12
      Equation: "PotentialEquation"	RelError: 1.83165e-04	AbsError: 6.27439e-06
    Region: "gate"	RelError: 1.21484e-10	AbsError: 5.89344e+09
      Equation: "ElectronContinuityEquation"	RelError: 5.94504e-11	AbsError: 5.89344e+09
      Equation: "HoleContinuityEquation"	RelError: 5.94506e-11	AbsError: 5.99712e-11
      Equation: "PotentialEquation"	RelError: 2.58279e-12	AbsError: 1.53895e-12
    Region: "oxide"	RelError: 6.26883e-09	AbsError: 2.07159e-09
      Equation: "PotentialEquation"	RelError: 6.26883e-09	AbsError: 2.07159e-09
Iteration: 76
  Device: "mos2d"	RelError: 7.50238e-04	AbsError: 6.85997e+12
    Region: "bulk"	RelError: 7.50233e-04	AbsError: 6.85997e+12
      Equation: "ElectronContinuityEquation"	RelError: 3.04431e-04	AbsError: 1.15188e+12
      Equation: "HoleContinuityEquation"	RelError: 3.04558e-04	AbsError: 5.70809e+12
      Equation: "PotentialEquation"	RelError: 1.41244e-04	AbsError: 7.88251e-06
    Region: "gate"	RelError: 9.33550e-11	AbsError: 4.52886e+09
      Equation: "ElectronContinuityEquation"	RelError: 4.56852e-11	AbsError: 4.52886e+09
      Equation: "HoleContinuityEquation"	RelError: 4.56850e-11	AbsError: 4.60850e-11
      Equation: "PotentialEquation"	RelError: 1.98476e-12	AbsError: 1.18262e-12
    Region: "oxide"	RelError: 4.81032e-09	AbsError: 1.58823e-09
      Equation: "PotentialEquation"	RelError: 4.81032e-09	AbsError: 1.58823e-09
Iteration: 77
  Device: "mos2d"	RelError: 6.00492e-04	AbsError: 5.69567e+12
    Region: "bulk"	RelError: 6.00489e-04	AbsError: 5.69567e+12
      Equation: "ElectronContinuityEquation"	RelError: 2.35546e-04	AbsError: 1.28171e+12
      Equation: "HoleContinuityEquation"	RelError: 2.35564e-04	AbsError: 4.41396e+12
      Equation: "PotentialEquation"	RelError: 1.29379e-04	AbsError: 6.09786e-06
    Region: "gate"	RelError: 6.42076e-11	AbsError: 3.11485e+09
      Equation: "ElectronContinuityEquation"	RelError: 3.14212e-11	AbsError: 3.11485e+09
      Equation: "HoleContinuityEquation"	RelError: 3.14212e-11	AbsError: 3.16963e-11
      Equation: "PotentialEquation"	RelError: 1.36515e-12	AbsError: 8.13420e-13
    Region: "oxide"	RelError: 3.29944e-09	AbsError: 1.08805e-09
      Equation: "PotentialEquation"	RelError: 3.29944e-09	AbsError: 1.08805e-09
Iteration: 78
  Device: "mos2d"	RelError: 3.97226e-04	AbsError: 2.72994e+12
    Region: "bulk"	RelError: 3.97223e-04	AbsError: 2.72994e+12
      Equation: "ElectronContinuityEquation"	RelError: 1.29128e-04	AbsError: 1.08236e+12
      Equation: "HoleContinuityEquation"	RelError: 1.29151e-04	AbsError: 1.64758e+12
      Equation: "PotentialEquation"	RelError: 1.38944e-04	AbsError: 3.34306e-06
    Region: "gate"	RelError: 4.10930e-11	AbsError: 1.99351e+09
      Equation: "ElectronContinuityEquation"	RelError: 2.01097e-11	AbsError: 1.99351e+09
      Equation: "HoleContinuityEquation"	RelError: 2.01097e-11	AbsError: 2.02858e-11
      Equation: "PotentialEquation"	RelError: 8.73609e-13	AbsError: 5.20539e-13
    Region: "oxide"	RelError: 2.10413e-09	AbsError: 6.92362e-10
      Equation: "PotentialEquation"	RelError: 2.10413e-09	AbsError: 6.92362e-10
Iteration: 79
  Device: "mos2d"	RelError: 3.53595e-04	AbsError: 1.85542e+12
    Region: "bulk"	RelError: 3.53594e-04	AbsError: 1.85542e+12
      Equation: "ElectronContinuityEquation"	RelError: 9.91382e-05	AbsError: 6.32908e+11
      Equation: "HoleContinuityEquation"	RelError: 9.91412e-05	AbsError: 1.22251e+12
      Equation: "PotentialEquation"	RelError: 1.55315e-04	AbsError: 2.56645e-06
    Region: "gate"	RelError: 2.80189e-11	AbsError: 1.35926e+09
      Equation: "ElectronContinuityEquation"	RelError: 1.37116e-11	AbsError: 1.35926e+09
      Equation: "HoleContinuityEquation"	RelError: 1.37117e-11	AbsError: 1.38317e-11
      Equation: "PotentialEquation"	RelError: 5.95638e-13	AbsError: 3.54911e-13
    Region: "oxide"	RelError: 1.43295e-09	AbsError: 4.70032e-10
      Equation: "PotentialEquation"	RelError: 1.43295e-09	AbsError: 4.70032e-10
