Searching DEVSIM_MATH_LIBS="C:\Users\T590\anaconda3\envs\devsim_env\Library\bin\mkl_rt.2.dll;C:\Users\T590\anaconda3\envs\devsim_env\Library\bin\mkl_rt.2.dll;C:\Users\T590\anaconda3\envs\devsim_env\Library\bin\mkl_rt.2.dll"
Loading "C:\Users\T590\anaconda3\envs\devsim_env\Library\bin\mkl_rt.2.dll": Intel MKL with PARDISO LOADED
Skipping C:\Users\T590\anaconda3\envs\devsim_env\Library\bin\mkl_rt.2.dll
Skipping C:\Users\T590\anaconda3\envs\devsim_env\Library\bin\mkl_rt.2.dll
Physical group name body_contact has 0 Tetrahedra.
Physical group name body_contact has 0 Triangles.
Physical group name body_contact has 50 Lines.
Physical group name body_contact has 51 Points.
Physical group name bulk has 0 Tetrahedra.
Physical group name bulk has 2403 Triangles.
Physical group name bulk has 3714 Lines.
Physical group name bulk has 1312 Points.
Physical group name bulk_oxide_interface has 0 Tetrahedra.
Physical group name bulk_oxide_interface has 0 Triangles.
Physical group name bulk_oxide_interface has 91 Lines.
Physical group name bulk_oxide_interface has 92 Points.
Physical group name drain_contact has 0 Tetrahedra.
Physical group name drain_contact has 0 Triangles.
Physical group name drain_contact has 20 Lines.
Physical group name drain_contact has 21 Points.
Physical group name gate has 0 Tetrahedra.
Physical group name gate has 114 Triangles.
Physical group name gate has 184 Lines.
Physical group name gate has 71 Points.
Physical group name gate_contact has 0 Tetrahedra.
Physical group name gate_contact has 0 Triangles.
Physical group name gate_contact has 6 Lines.
Physical group name gate_contact has 7 Points.
Physical group name gate_oxide_interface has 0 Tetrahedra.
Physical group name gate_oxide_interface has 0 Triangles.
Physical group name gate_oxide_interface has 10 Lines.
Physical group name gate_oxide_interface has 11 Points.
Physical group name oxide has 0 Tetrahedra.
Physical group name oxide has 289 Triangles.
Physical group name oxide has 485 Lines.
Physical group name oxide has 197 Points.
Physical group name source_contact has 0 Tetrahedra.
Physical group name source_contact has 0 Triangles.
Physical group name source_contact has 20 Lines.
Physical group name source_contact has 21 Points.
Device mos2d has 1477 coordinates with max index 1477
Region bulk has 1312 nodes.
Region gate has 71 nodes.
Region oxide has 197 nodes.
Contact body in region bulk with 51 nodes
Contact drain in region bulk with 21 nodes
Contact gate in region gate with 7 nodes
Contact source in region bulk with 21 nodes
Warning, contact "drain" shares a node with interface "bulk_oxide"
Warning, contact "source" shares a node with interface "bulk_oxide"
Adding interface bulk_oxide with 92, 92 nodes
Adding interface gate_oxide with 11, 11 nodes
bulk body
bulk drain
gate gate
bulk source
number of equations 1580
Iteration: 0
  Device: "mos2d"	RelError: 3.00000e+00	AbsError: 2.54796e-01
    Region: "bulk"	RelError: 1.00000e+00	AbsError: 2.48544e-01
      Equation: "PotentialEquation"	RelError: 1.00000e+00	AbsError: 2.48544e-01
    Region: "gate"	RelError: 1.00000e+00	AbsError: 2.54796e-01
      Equation: "PotentialEquation"	RelError: 1.00000e+00	AbsError: 2.54796e-01
    Region: "oxide"	RelError: 1.00000e+00	AbsError: 2.52989e-01
      Equation: "PotentialEquation"	RelError: 1.00000e+00	AbsError: 2.52989e-01
Iteration: 1
  Device: "mos2d"	RelError: 1.49738e+00	AbsError: 2.53782e-01
    Region: "bulk"	RelError: 4.99132e-01	AbsError: 2.47186e-01
      Equation: "PotentialEquation"	RelError: 4.99132e-01	AbsError: 2.47186e-01
    Region: "gate"	RelError: 4.99252e-01	AbsError: 2.53782e-01
      Equation: "PotentialEquation"	RelError: 4.99252e-01	AbsError: 2.53782e-01
    Region: "oxide"	RelError: 4.98993e-01	AbsError: 2.51866e-01
      Equation: "PotentialEquation"	RelError: 4.98993e-01	AbsError: 2.51866e-01
Iteration: 2
  Device: "mos2d"	RelError: 1.76657e+00	AbsError: 1.60127e-01
    Region: "bulk"	RelError: 1.28314e+00	AbsError: 1.60127e-01
      Equation: "PotentialEquation"	RelError: 1.28314e+00	AbsError: 1.60127e-01
    Region: "gate"	RelError: 3.16582e-01	AbsError: 1.36939e-01
      Equation: "PotentialEquation"	RelError: 3.16582e-01	AbsError: 1.36939e-01
    Region: "oxide"	RelError: 1.66842e-01	AbsError: 9.92930e-02
      Equation: "PotentialEquation"	RelError: 1.66842e-01	AbsError: 9.92930e-02
Iteration: 3
  Device: "mos2d"	RelError: 6.65441e+01	AbsError: 1.05825e-01
    Region: "bulk"	RelError: 6.62637e+01	AbsError: 1.05825e-01
      Equation: "PotentialEquation"	RelError: 6.62637e+01	AbsError: 1.05825e-01
    Region: "gate"	RelError: 2.29097e-01	AbsError: 7.00000e-02
      Equation: "PotentialEquation"	RelError: 2.29097e-01	AbsError: 7.00000e-02
    Region: "oxide"	RelError: 5.12260e-02	AbsError: 2.58651e-02
      Equation: "PotentialEquation"	RelError: 5.12260e-02	AbsError: 2.58651e-02
Iteration: 4
  Device: "mos2d"	RelError: 1.50385e+03	AbsError: 1.23102e-01
    Region: "bulk"	RelError: 1.50362e+03	AbsError: 1.23102e-01
      Equation: "PotentialEquation"	RelError: 1.50362e+03	AbsError: 1.23102e-01
    Region: "gate"	RelError: 1.75024e-01	AbsError: 6.48239e-02
      Equation: "PotentialEquation"	RelError: 1.75024e-01	AbsError: 6.48239e-02
    Region: "oxide"	RelError: 5.08739e-02	AbsError: 2.57491e-02
      Equation: "PotentialEquation"	RelError: 5.08739e-02	AbsError: 2.57491e-02
Iteration: 5
  Device: "mos2d"	RelError: 1.34569e+02	AbsError: 1.38534e-01
    Region: "bulk"	RelError: 1.34376e+02	AbsError: 1.38534e-01
      Equation: "PotentialEquation"	RelError: 1.34376e+02	AbsError: 1.38534e-01
    Region: "gate"	RelError: 1.37182e-01	AbsError: 5.88866e-02
      Equation: "PotentialEquation"	RelError: 1.37182e-01	AbsError: 5.88866e-02
    Region: "oxide"	RelError: 5.61847e-02	AbsError: 2.55447e-02
      Equation: "PotentialEquation"	RelError: 5.61847e-02	AbsError: 2.55447e-02
Iteration: 6
  Device: "mos2d"	RelError: 3.73869e+02	AbsError: 1.48714e-01
    Region: "bulk"	RelError: 3.73718e+02	AbsError: 1.48714e-01
      Equation: "PotentialEquation"	RelError: 3.73718e+02	AbsError: 1.48714e-01
    Region: "gate"	RelError: 1.08015e-01	AbsError: 5.19808e-02
      Equation: "PotentialEquation"	RelError: 1.08015e-01	AbsError: 5.19808e-02
    Region: "oxide"	RelError: 4.27387e-02	AbsError: 1.92327e-02
      Equation: "PotentialEquation"	RelError: 4.27387e-02	AbsError: 1.92327e-02
Iteration: 7
  Device: "mos2d"	RelError: 1.70570e+03	AbsError: 1.49675e-01
    Region: "bulk"	RelError: 1.70556e+03	AbsError: 1.49675e-01
      Equation: "PotentialEquation"	RelError: 1.70556e+03	AbsError: 1.49675e-01
    Region: "gate"	RelError: 8.34915e-02	AbsError: 4.38395e-02
      Equation: "PotentialEquation"	RelError: 8.34915e-02	AbsError: 4.38395e-02
    Region: "oxide"	RelError: 6.15507e-02	AbsError: 2.58206e-02
      Equation: "PotentialEquation"	RelError: 6.15507e-02	AbsError: 2.58206e-02
Iteration: 8
  Device: "mos2d"	RelError: 1.24723e+02	AbsError: 1.32112e-01
    Region: "bulk"	RelError: 1.24549e+02	AbsError: 1.32112e-01
      Equation: "PotentialEquation"	RelError: 1.24549e+02	AbsError: 1.32112e-01
    Region: "gate"	RelError: 6.11043e-02	AbsError: 3.41726e-02
      Equation: "PotentialEquation"	RelError: 6.11043e-02	AbsError: 3.41726e-02
    Region: "oxide"	RelError: 1.12540e-01	AbsError: 4.22249e-02
      Equation: "PotentialEquation"	RelError: 1.12540e-01	AbsError: 4.22249e-02
Iteration: 9
  Device: "mos2d"	RelError: 2.60209e+02	AbsError: 1.13458e-01
    Region: "bulk"	RelError: 2.60064e+02	AbsError: 1.13458e-01
      Equation: "PotentialEquation"	RelError: 2.60064e+02	AbsError: 1.13458e-01
    Region: "gate"	RelError: 3.93513e-02	AbsError: 2.29087e-02
      Equation: "PotentialEquation"	RelError: 3.93513e-02	AbsError: 2.29087e-02
    Region: "oxide"	RelError: 1.05982e-01	AbsError: 3.60298e-02
      Equation: "PotentialEquation"	RelError: 1.05982e-01	AbsError: 3.60298e-02
Iteration: 10
  Device: "mos2d"	RelError: 1.24282e+02	AbsError: 9.36966e-02
    Region: "bulk"	RelError: 1.24197e+02	AbsError: 9.36966e-02
      Equation: "PotentialEquation"	RelError: 1.24197e+02	AbsError: 9.36966e-02
    Region: "gate"	RelError: 2.33454e-02	AbsError: 1.39156e-02
      Equation: "PotentialEquation"	RelError: 2.33454e-02	AbsError: 1.39156e-02
    Region: "oxide"	RelError: 6.21821e-02	AbsError: 2.49645e-02
      Equation: "PotentialEquation"	RelError: 6.21821e-02	AbsError: 2.49645e-02
Iteration: 11
  Device: "mos2d"	RelError: 3.00133e+01	AbsError: 7.42307e-02
    Region: "bulk"	RelError: 2.99439e+01	AbsError: 7.42307e-02
      Equation: "PotentialEquation"	RelError: 2.99439e+01	AbsError: 7.42307e-02
    Region: "gate"	RelError: 3.57829e-05	AbsError: 2.13228e-05
      Equation: "PotentialEquation"	RelError: 3.57829e-05	AbsError: 2.13228e-05
    Region: "oxide"	RelError: 6.93807e-02	AbsError: 2.58864e-02
      Equation: "PotentialEquation"	RelError: 6.93807e-02	AbsError: 2.58864e-02
Iteration: 12
  Device: "mos2d"	RelError: 7.85727e+00	AbsError: 5.46393e-02
    Region: "bulk"	RelError: 7.80472e+00	AbsError: 5.46393e-02
      Equation: "PotentialEquation"	RelError: 7.80472e+00	AbsError: 5.46393e-02
    Region: "gate"	RelError: 1.45510e-05	AbsError: 8.67096e-06
      Equation: "PotentialEquation"	RelError: 1.45510e-05	AbsError: 8.67096e-06
    Region: "oxide"	RelError: 5.25422e-02	AbsError: 1.99316e-02
      Equation: "PotentialEquation"	RelError: 5.25422e-02	AbsError: 1.99316e-02
Iteration: 13
  Device: "mos2d"	RelError: 6.24297e+00	AbsError: 3.54811e-02
    Region: "bulk"	RelError: 6.23362e+00	AbsError: 3.54811e-02
      Equation: "PotentialEquation"	RelError: 6.23362e+00	AbsError: 3.54811e-02
    Region: "gate"	RelError: 4.64071e-06	AbsError: 2.76543e-06
      Equation: "PotentialEquation"	RelError: 4.64071e-06	AbsError: 2.76543e-06
    Region: "oxide"	RelError: 9.34270e-03	AbsError: 3.58081e-03
      Equation: "PotentialEquation"	RelError: 9.34270e-03	AbsError: 3.58081e-03
Iteration: 14
  Device: "mos2d"	RelError: 1.61678e+00	AbsError: 2.54785e-02
    Region: "bulk"	RelError: 1.61437e+00	AbsError: 2.54785e-02
      Equation: "PotentialEquation"	RelError: 1.61437e+00	AbsError: 2.54785e-02
    Region: "gate"	RelError: 1.19759e-06	AbsError: 7.13652e-07
      Equation: "PotentialEquation"	RelError: 1.19759e-06	AbsError: 7.13652e-07
    Region: "oxide"	RelError: 2.40758e-03	AbsError: 9.23476e-04
      Equation: "PotentialEquation"	RelError: 2.40758e-03	AbsError: 9.23476e-04
Iteration: 15
  Device: "mos2d"	RelError: 2.61494e-01	AbsError: 2.28063e-03
    Region: "bulk"	RelError: 2.61166e-01	AbsError: 2.28063e-03
      Equation: "PotentialEquation"	RelError: 2.61166e-01	AbsError: 2.28063e-03
    Region: "gate"	RelError: 1.63224e-07	AbsError: 9.72664e-08
      Equation: "PotentialEquation"	RelError: 1.63224e-07	AbsError: 9.72664e-08
    Region: "oxide"	RelError: 3.28295e-04	AbsError: 1.26411e-04
      Equation: "PotentialEquation"	RelError: 3.28295e-04	AbsError: 1.26411e-04
Iteration: 16
  Device: "mos2d"	RelError: 4.14369e-03	AbsError: 4.00972e-05
    Region: "bulk"	RelError: 4.13845e-03	AbsError: 4.00972e-05
      Equation: "PotentialEquation"	RelError: 4.13845e-03	AbsError: 4.00972e-05
    Region: "gate"	RelError: 2.60462e-09	AbsError: 1.55211e-09
      Equation: "PotentialEquation"	RelError: 2.60462e-09	AbsError: 1.55211e-09
    Region: "oxide"	RelError: 5.23915e-06	AbsError: 2.01548e-06
      Equation: "PotentialEquation"	RelError: 5.23915e-06	AbsError: 2.01548e-06
Iteration: 17
  Device: "mos2d"	RelError: 1.15665e-06	AbsError: 1.32437e-08
    Region: "bulk"	RelError: 1.15515e-06	AbsError: 1.32437e-08
      Equation: "PotentialEquation"	RelError: 1.15515e-06	AbsError: 1.32437e-08
    Region: "gate"	RelError: 7.42918e-13	AbsError: 4.42710e-13
      Equation: "PotentialEquation"	RelError: 7.42918e-13	AbsError: 4.42710e-13
    Region: "oxide"	RelError: 1.49441e-09	AbsError: 5.74249e-10
      Equation: "PotentialEquation"	RelError: 1.49441e-09	AbsError: 5.74249e-10
Iteration: 18
  Device: "mos2d"	RelError: 1.12907e-13	AbsError: 1.39340e-15
    Region: "bulk"	RelError: 1.12491e-13	AbsError: 1.39340e-15
      Equation: "PotentialEquation"	RelError: 1.12491e-13	AbsError: 1.39340e-15
    Region: "gate"	RelError: 1.90016e-16	AbsError: 1.13264e-16
      Equation: "PotentialEquation"	RelError: 1.90016e-16	AbsError: 1.13264e-16
    Region: "oxide"	RelError: 2.26109e-16	AbsError: 9.90988e-17
      Equation: "PotentialEquation"	RelError: 2.26109e-16	AbsError: 9.90988e-17
number of equations 1580
Iteration: 0
  Device: "mos2d"	RelError: 5.52156e-15	AbsError: 1.24671e-16
    Region: "bulk"	RelError: 5.11143e-15	AbsError: 1.24671e-16
      Equation: "PotentialEquation"	RelError: 5.11143e-15	AbsError: 1.24671e-16
    Region: "gate"	RelError: 2.05064e-16	AbsError: 1.22215e-16
      Equation: "PotentialEquation"	RelError: 2.05064e-16	AbsError: 1.22215e-16
    Region: "oxide"	RelError: 2.05064e-16	AbsError: 1.22215e-16
      Equation: "PotentialEquation"	RelError: 2.05064e-16	AbsError: 1.22215e-16
Warning: Replacing equation with equation of the same name.
Region: gate, Equation: PotentialEquation, Variable: Potential
Warning: Replacing equation with equation of the same name.
Region: bulk, Equation: PotentialEquation, Variable: Potential
number of equations 4346
Iteration: 0
  Device: "mos2d"	RelError: 3.75475e-12	AbsError: 4.37708e+05
    Region: "bulk"	RelError: 3.74580e-12	AbsError: 2.45766e+05
      Equation: "ElectronContinuityEquation"	RelError: 2.43639e-12	AbsError: 2.36550e+05
      Equation: "HoleContinuityEquation"	RelError: 1.21272e-12	AbsError: 9.21600e+03
      Equation: "PotentialEquation"	RelError: 9.66913e-14	AbsError: 7.86594e-16
    Region: "gate"	RelError: 8.79466e-15	AbsError: 4.37708e+05
      Equation: "ElectronContinuityEquation"	RelError: 4.37709e-15	AbsError: 4.37708e+05
      Equation: "HoleContinuityEquation"	RelError: 4.27997e-15	AbsError: 4.27998e-15
      Equation: "PotentialEquation"	RelError: 1.37592e-16	AbsError: 8.20150e-17
    Region: "oxide"	RelError: 1.62995e-16	AbsError: 7.89051e-17
      Equation: "PotentialEquation"	RelError: 1.62995e-16	AbsError: 7.89051e-17
=== SWEEP_START IDVD_VG1P0 ===
number of equations 4346
Iteration: 0
  Device: "mos2d"	RelError: 6.44622e-12	AbsError: 7.85847e+03
    Region: "bulk"	RelError: 6.44573e-12	AbsError: 5.78789e+03
      Equation: "ElectronContinuityEquation"	RelError: 3.71725e-12	AbsError: 5.37420e+03
      Equation: "HoleContinuityEquation"	RelError: 2.57815e-12	AbsError: 4.13688e+02
      Equation: "PotentialEquation"	RelError: 1.50328e-13	AbsError: 1.18097e-15
    Region: "gate"	RelError: 3.80710e-16	AbsError: 7.85847e+03
      Equation: "ElectronContinuityEquation"	RelError: 7.85851e-17	AbsError: 7.85847e+03
      Equation: "HoleContinuityEquation"	RelError: 2.10253e-16	AbsError: 2.10254e-16
      Equation: "PotentialEquation"	RelError: 9.18714e-17	AbsError: 5.47478e-17
    Region: "oxide"	RelError: 1.11551e-16	AbsError: 6.04302e-17
      Equation: "PotentialEquation"	RelError: 1.11551e-16	AbsError: 6.04302e-17
gate last end 0.000000e+00 5.000000e-01
number of equations 4346
Iteration: 0
  Device: "mos2d"	RelError: 3.96039e+00	AbsError: 1.35633e+17
    Region: "bulk"	RelError: 3.89409e+00	AbsError: 1.35633e+17
      Equation: "ElectronContinuityEquation"	RelError: 3.34422e-01	AbsError: 1.35264e+17
      Equation: "HoleContinuityEquation"	RelError: 1.00986e+00	AbsError: 3.69077e+14
      Equation: "PotentialEquation"	RelError: 2.54981e+00	AbsError: 1.30071e-02
    Region: "gate"	RelError: 3.38393e-02	AbsError: 6.82960e+16
      Equation: "ElectronContinuityEquation"	RelError: 6.88341e-04	AbsError: 6.82960e+16
      Equation: "HoleContinuityEquation"	RelError: 6.87395e-04	AbsError: 6.92810e-04
      Equation: "PotentialEquation"	RelError: 3.24636e-02	AbsError: 2.00000e-02
    Region: "oxide"	RelError: 3.24633e-02	AbsError: 1.99947e-02
      Equation: "PotentialEquation"	RelError: 3.24633e-02	AbsError: 1.99947e-02
Iteration: 1
  Device: "mos2d"	RelError: 4.08474e-01	AbsError: 6.80908e+15
    Region: "bulk"	RelError: 4.07253e-01	AbsError: 6.80908e+15
      Equation: "ElectronContinuityEquation"	RelError: 7.51417e-02	AbsError: 6.79109e+15
      Equation: "HoleContinuityEquation"	RelError: 1.91730e-01	AbsError: 1.79871e+13
      Equation: "PotentialEquation"	RelError: 1.40381e-01	AbsError: 4.98221e-04
    Region: "gate"	RelError: 3.06772e-05	AbsError: 1.48894e+15
      Equation: "ElectronContinuityEquation"	RelError: 1.49850e-05	AbsError: 1.48894e+15
      Equation: "HoleContinuityEquation"	RelError: 1.50608e-05	AbsError: 1.51575e-05
      Equation: "PotentialEquation"	RelError: 6.31426e-07	AbsError: 3.88901e-07
    Region: "oxide"	RelError: 1.19035e-03	AbsError: 4.84877e-04
      Equation: "PotentialEquation"	RelError: 1.19035e-03	AbsError: 4.84877e-04
Iteration: 2
  Device: "mos2d"	RelError: 1.34017e-03	AbsError: 1.22889e+13
    Region: "bulk"	RelError: 1.33702e-03	AbsError: 1.22889e+13
      Equation: "ElectronContinuityEquation"	RelError: 1.80534e-04	AbsError: 1.22518e+13
      Equation: "HoleContinuityEquation"	RelError: 8.43651e-04	AbsError: 3.71694e+10
      Equation: "PotentialEquation"	RelError: 3.12833e-04	AbsError: 1.31565e-06
    Region: "gate"	RelError: 7.72638e-08	AbsError: 3.77073e+12
      Equation: "ElectronContinuityEquation"	RelError: 3.79496e-08	AbsError: 3.77073e+12
      Equation: "HoleContinuityEquation"	RelError: 3.77239e-08	AbsError: 3.79662e-08
      Equation: "PotentialEquation"	RelError: 1.59032e-09	AbsError: 9.79495e-10
    Region: "oxide"	RelError: 3.07679e-06	AbsError: 1.26837e-06
      Equation: "PotentialEquation"	RelError: 3.07679e-06	AbsError: 1.26837e-06
Iteration: 3
  Device: "mos2d"	RelError: 1.53537e-08	AbsError: 1.29361e+08
    Region: "bulk"	RelError: 1.53281e-08	AbsError: 1.29361e+08
      Equation: "ElectronContinuityEquation"	RelError: 1.80178e-09	AbsError: 1.29165e+08
      Equation: "HoleContinuityEquation"	RelError: 1.16082e-08	AbsError: 1.95872e+05
      Equation: "PotentialEquation"	RelError: 1.91818e-09	AbsError: 1.06605e-11
    Region: "gate"	RelError: 5.95990e-13	AbsError: 2.90755e+07
      Equation: "ElectronContinuityEquation"	RelError: 2.92623e-13	AbsError: 2.90755e+07
      Equation: "HoleContinuityEquation"	RelError: 2.91094e-13	AbsError: 2.92965e-13
      Equation: "PotentialEquation"	RelError: 1.22723e-14	AbsError: 7.55862e-15
    Region: "oxide"	RelError: 2.50036e-11	AbsError: 1.03114e-11
      Equation: "PotentialEquation"	RelError: 2.50036e-11	AbsError: 1.03114e-11
Succeeded
gate last end 2.000000e-02 5.000000e-01
number of equations 4346
Iteration: 0
  Device: "mos2d"	RelError: 5.25419e+00	AbsError: 1.43663e+17
    Region: "bulk"	RelError: 5.18988e+00	AbsError: 1.43663e+17
      Equation: "ElectronContinuityEquation"	RelError: 3.18219e-01	AbsError: 1.43331e+17
      Equation: "HoleContinuityEquation"	RelError: 8.75278e-01	AbsError: 3.32640e+14
      Equation: "PotentialEquation"	RelError: 3.99638e+00	AbsError: 1.20827e-02
    Region: "gate"	RelError: 3.28689e-02	AbsError: 7.07418e+16
      Equation: "ElectronContinuityEquation"	RelError: 7.13509e-04	AbsError: 7.07418e+16
      Equation: "HoleContinuityEquation"	RelError: 7.12492e-04	AbsError: 7.18626e-04
      Equation: "PotentialEquation"	RelError: 3.14429e-02	AbsError: 2.00000e-02
    Region: "oxide"	RelError: 3.14415e-02	AbsError: 1.99940e-02
      Equation: "PotentialEquation"	RelError: 3.14415e-02	AbsError: 1.99940e-02
Iteration: 1
  Device: "mos2d"	RelError: 5.24264e-01	AbsError: 8.53759e+15
    Region: "bulk"	RelError: 5.22896e-01	AbsError: 8.53759e+15
      Equation: "ElectronContinuityEquation"	RelError: 6.17931e-02	AbsError: 8.51839e+15
      Equation: "HoleContinuityEquation"	RelError: 1.65902e-01	AbsError: 1.92041e+13
      Equation: "PotentialEquation"	RelError: 2.95202e-01	AbsError: 5.70062e-04
    Region: "gate"	RelError: 3.32113e-05	AbsError: 1.61189e+15
      Equation: "ElectronContinuityEquation"	RelError: 1.62277e-05	AbsError: 1.61189e+15
      Equation: "HoleContinuityEquation"	RelError: 1.63211e-05	AbsError: 1.64313e-05
      Equation: "PotentialEquation"	RelError: 6.62523e-07	AbsError: 4.21299e-07
    Region: "oxide"	RelError: 1.33448e-03	AbsError: 5.53240e-04
      Equation: "PotentialEquation"	RelError: 1.33448e-03	AbsError: 5.53240e-04
Iteration: 2
  Device: "mos2d"	RelError: 1.87841e-03	AbsError: 1.82333e+13
    Region: "bulk"	RelError: 1.87410e-03	AbsError: 1.82333e+13
      Equation: "ElectronContinuityEquation"	RelError: 2.12468e-04	AbsError: 1.81828e+13
      Equation: "HoleContinuityEquation"	RelError: 8.87948e-04	AbsError: 5.04702e+10
      Equation: "PotentialEquation"	RelError: 7.73681e-04	AbsError: 1.80169e-06
    Region: "gate"	RelError: 1.00067e-07	AbsError: 4.88384e+12
      Equation: "ElectronContinuityEquation"	RelError: 4.91680e-08	AbsError: 4.88384e+12
      Equation: "HoleContinuityEquation"	RelError: 4.89032e-08	AbsError: 4.92333e-08
      Equation: "PotentialEquation"	RelError: 1.99623e-09	AbsError: 1.26941e-09
    Region: "oxide"	RelError: 4.21072e-06	AbsError: 1.74566e-06
      Equation: "PotentialEquation"	RelError: 4.21072e-06	AbsError: 1.74566e-06
Iteration: 3
  Device: "mos2d"	RelError: 2.68457e-08	AbsError: 2.54816e+08
    Region: "bulk"	RelError: 2.67936e-08	AbsError: 2.54816e+08
      Equation: "ElectronContinuityEquation"	RelError: 2.87635e-09	AbsError: 2.54333e+08
      Equation: "HoleContinuityEquation"	RelError: 1.69914e-08	AbsError: 4.82215e+05
      Equation: "PotentialEquation"	RelError: 6.92590e-09	AbsError: 2.16609e-11
    Region: "gate"	RelError: 1.12101e-12	AbsError: 5.47133e+07
      Equation: "ElectronContinuityEquation"	RelError: 5.50376e-13	AbsError: 5.47133e+07
      Equation: "HoleContinuityEquation"	RelError: 5.48229e-13	AbsError: 5.51493e-13
      Equation: "PotentialEquation"	RelError: 2.24040e-14	AbsError: 1.42467e-14
    Region: "oxide"	RelError: 5.10033e-11	AbsError: 2.10242e-11
      Equation: "PotentialEquation"	RelError: 5.10033e-11	AbsError: 2.10242e-11
Succeeded
gate last end 4.000000e-02 5.000000e-01
number of equations 4346
Iteration: 0
  Device: "mos2d"	RelError: 3.54812e+00	AbsError: 1.52415e+17
    Region: "bulk"	RelError: 3.48568e+00	AbsError: 1.52415e+17
      Equation: "ElectronContinuityEquation"	RelError: 2.98766e-01	AbsError: 1.52121e+17
      Equation: "HoleContinuityEquation"	RelError: 7.42332e-01	AbsError: 2.94219e+14
      Equation: "PotentialEquation"	RelError: 2.44458e+00	AbsError: 1.10294e-02
    Region: "gate"	RelError: 3.19574e-02	AbsError: 7.30251e+16
      Equation: "ElectronContinuityEquation"	RelError: 7.37090e-04	AbsError: 7.30251e+16
      Equation: "HoleContinuityEquation"	RelError: 7.36005e-04	AbsError: 7.42898e-04
      Equation: "PotentialEquation"	RelError: 3.04843e-02	AbsError: 2.00000e-02
    Region: "oxide"	RelError: 3.04819e-02	AbsError: 1.99933e-02
      Equation: "PotentialEquation"	RelError: 3.04819e-02	AbsError: 1.99933e-02
Iteration: 1
  Device: "mos2d"	RelError: 3.70959e-01	AbsError: 9.90554e+15
    Region: "bulk"	RelError: 3.69545e-01	AbsError: 9.90554e+15
      Equation: "ElectronContinuityEquation"	RelError: 4.86680e-02	AbsError: 9.88643e+15
      Equation: "HoleContinuityEquation"	RelError: 1.39225e-01	AbsError: 1.91134e+13
      Equation: "PotentialEquation"	RelError: 1.81652e-01	AbsError: 6.03099e-04
    Region: "gate"	RelError: 3.45115e-05	AbsError: 1.67553e+15
      Equation: "ElectronContinuityEquation"	RelError: 1.68782e-05	AbsError: 1.67553e+15
      Equation: "HoleContinuityEquation"	RelError: 1.69654e-05	AbsError: 1.70899e-05
      Equation: "PotentialEquation"	RelError: 6.67889e-07	AbsError: 4.38059e-07
    Region: "oxide"	RelError: 1.37962e-03	AbsError: 5.85908e-04
      Equation: "PotentialEquation"	RelError: 1.37962e-03	AbsError: 5.85908e-04
Iteration: 2
  Device: "mos2d"	RelError: 1.55559e-03	AbsError: 2.21739e+13
    Region: "bulk"	RelError: 1.55059e-03	AbsError: 2.21739e+13
      Equation: "ElectronContinuityEquation"	RelError: 1.82840e-04	AbsError: 2.21201e+13
      Equation: "HoleContinuityEquation"	RelError: 8.10549e-04	AbsError: 5.38539e+10
      Equation: "PotentialEquation"	RelError: 5.57198e-04	AbsError: 2.14834e-06
    Region: "gate"	RelError: 1.16985e-07	AbsError: 5.71106e+12
      Equation: "ElectronContinuityEquation"	RelError: 5.75029e-08	AbsError: 5.71106e+12
      Equation: "HoleContinuityEquation"	RelError: 5.72177e-08	AbsError: 5.76108e-08
      Equation: "PotentialEquation"	RelError: 2.26393e-09	AbsError: 1.48491e-09
    Region: "oxide"	RelError: 4.88809e-06	AbsError: 2.07593e-06
      Equation: "PotentialEquation"	RelError: 4.88809e-06	AbsError: 2.07593e-06
Iteration: 3
  Device: "mos2d"	RelError: 2.99522e-08	AbsError: 3.85863e+08
    Region: "bulk"	RelError: 2.98782e-08	AbsError: 3.85863e+08
      Equation: "ElectronContinuityEquation"	RelError: 3.23888e-09	AbsError: 3.85258e+08
      Equation: "HoleContinuityEquation"	RelError: 2.00557e-08	AbsError: 6.04556e+05
      Equation: "PotentialEquation"	RelError: 6.58365e-09	AbsError: 3.16900e-11
    Region: "gate"	RelError: 1.64969e-12	AbsError: 8.04944e+07
      Equation: "ElectronContinuityEquation"	RelError: 8.10474e-13	AbsError: 8.04944e+07
      Equation: "HoleContinuityEquation"	RelError: 8.07074e-13	AbsError: 8.12619e-13
      Equation: "PotentialEquation"	RelError: 3.21374e-14	AbsError: 2.10788e-14
    Region: "oxide"	RelError: 7.23921e-11	AbsError: 3.07443e-11
      Equation: "PotentialEquation"	RelError: 7.23921e-11	AbsError: 3.07443e-11
Succeeded
gate last end 6.000000e-02 5.000000e-01
number of equations 4346
Iteration: 0
  Device: "mos2d"	RelError: 1.67559e+00	AbsError: 1.62452e+17
    Region: "bulk"	RelError: 1.61491e+00	AbsError: 1.62452e+17
      Equation: "ElectronContinuityEquation"	RelError: 2.77060e-01	AbsError: 1.62195e+17
      Equation: "HoleContinuityEquation"	RelError: 6.21378e-01	AbsError: 2.56407e+14
      Equation: "PotentialEquation"	RelError: 7.16476e-01	AbsError: 9.92102e-03
    Region: "gate"	RelError: 3.10984e-02	AbsError: 7.50876e+16
      Equation: "ElectronContinuityEquation"	RelError: 7.58491e-04	AbsError: 7.50876e+16
      Equation: "HoleContinuityEquation"	RelError: 7.57342e-04	AbsError: 7.65022e-04
      Equation: "PotentialEquation"	RelError: 2.95825e-02	AbsError: 2.00000e-02
    Region: "oxide"	RelError: 2.95790e-02	AbsError: 1.99925e-02
      Equation: "PotentialEquation"	RelError: 2.95790e-02	AbsError: 1.99925e-02
Iteration: 1
  Device: "mos2d"	RelError: 2.03354e-01	AbsError: 1.07844e+16
    Region: "bulk"	RelError: 2.01996e-01	AbsError: 1.07844e+16
      Equation: "ElectronContinuityEquation"	RelError: 3.70898e-02	AbsError: 1.07665e+16
      Equation: "HoleContinuityEquation"	RelError: 1.13629e-01	AbsError: 1.78559e+13
      Equation: "PotentialEquation"	RelError: 5.12771e-02	AbsError: 5.89017e-04
    Region: "gate"	RelError: 3.38673e-05	AbsError: 1.64511e+15
      Equation: "ElectronContinuityEquation"	RelError: 1.65694e-05	AbsError: 1.64511e+15
      Equation: "HoleContinuityEquation"	RelError: 1.66615e-05	AbsError: 1.67814e-05
      Equation: "PotentialEquation"	RelError: 6.36388e-07	AbsError: 4.30128e-07
    Region: "oxide"	RelError: 1.32445e-03	AbsError: 5.74422e-04
      Equation: "PotentialEquation"	RelError: 1.32445e-03	AbsError: 5.74422e-04
Iteration: 2
  Device: "mos2d"	RelError: 9.35975e-04	AbsError: 2.27197e+13
    Region: "bulk"	RelError: 9.31347e-04	AbsError: 2.27197e+13
      Equation: "ElectronContinuityEquation"	RelError: 1.27291e-04	AbsError: 2.26723e+13
      Equation: "HoleContinuityEquation"	RelError: 6.54772e-04	AbsError: 4.74270e+10
      Equation: "PotentialEquation"	RelError: 1.49284e-04	AbsError: 2.03077e-06
    Region: "gate"	RelError: 1.11575e-07	AbsError: 5.44852e+12
      Equation: "ElectronContinuityEquation"	RelError: 5.48771e-08	AbsError: 5.44852e+12
      Equation: "HoleContinuityEquation"	RelError: 5.46010e-08	AbsError: 5.49938e-08
      Equation: "PotentialEquation"	RelError: 2.09657e-09	AbsError: 1.41705e-09
    Region: "oxide"	RelError: 4.51641e-06	AbsError: 1.96403e-06
      Equation: "PotentialEquation"	RelError: 4.51641e-06	AbsError: 1.96403e-06
Iteration: 3
  Device: "mos2d"	RelError: 1.97134e-08	AbsError: 3.68598e+08
    Region: "bulk"	RelError: 1.96511e-08	AbsError: 3.68598e+08
      Equation: "ElectronContinuityEquation"	RelError: 2.11169e-09	AbsError: 3.68126e+08
      Equation: "HoleContinuityEquation"	RelError: 1.59736e-08	AbsError: 4.71453e+05
      Equation: "PotentialEquation"	RelError: 1.56578e-09	AbsError: 2.72308e-11
    Region: "gate"	RelError: 1.43631e-12	AbsError: 7.01145e+07
      Equation: "ElectronContinuityEquation"	RelError: 7.06188e-13	AbsError: 7.01145e+07
      Equation: "HoleContinuityEquation"	RelError: 7.03113e-13	AbsError: 7.08170e-13
      Equation: "PotentialEquation"	RelError: 2.70064e-14	AbsError: 1.82533e-14
    Region: "oxide"	RelError: 6.08589e-11	AbsError: 2.64880e-11
      Equation: "PotentialEquation"	RelError: 6.08589e-11	AbsError: 2.64880e-11
Succeeded
gate last end 8.000000e-02 5.000000e-01
number of equations 4346
Iteration: 0
  Device: "mos2d"	RelError: 1.22679e+00	AbsError: 1.72454e+17
    Region: "bulk"	RelError: 1.16777e+00	AbsError: 1.72454e+17
      Equation: "ElectronContinuityEquation"	RelError: 2.54523e-01	AbsError: 1.72233e+17
      Equation: "HoleContinuityEquation"	RelError: 5.18427e-01	AbsError: 2.21394e+14
      Equation: "PotentialEquation"	RelError: 3.94821e-01	AbsError: 8.83850e-03
    Region: "gate"	RelError: 3.02863e-02	AbsError: 7.69087e+16
      Equation: "ElectronContinuityEquation"	RelError: 7.77498e-04	AbsError: 7.69087e+16
      Equation: "HoleContinuityEquation"	RelError: 7.76291e-04	AbsError: 7.84780e-04
      Equation: "PotentialEquation"	RelError: 2.87326e-02	AbsError: 2.00000e-02
    Region: "oxide"	RelError: 2.87280e-02	AbsError: 1.99917e-02
      Equation: "PotentialEquation"	RelError: 2.87280e-02	AbsError: 1.99917e-02
Iteration: 1
  Device: "mos2d"	RelError: 1.48691e-01	AbsError: 1.12279e+16
    Region: "bulk"	RelError: 1.47458e-01	AbsError: 1.12279e+16
      Equation: "ElectronContinuityEquation"	RelError: 2.77601e-02	AbsError: 1.12120e+16
      Equation: "HoleContinuityEquation"	RelError: 9.10312e-02	AbsError: 1.58710e+13
      Equation: "PotentialEquation"	RelError: 2.86668e-02	AbsError: 5.39571e-04
    Region: "gate"	RelError: 3.12918e-05	AbsError: 1.51889e+15
      Equation: "ElectronContinuityEquation"	RelError: 1.53036e-05	AbsError: 1.51889e+15
      Equation: "HoleContinuityEquation"	RelError: 1.54168e-05	AbsError: 1.55332e-05
      Equation: "PotentialEquation"	RelError: 5.71410e-07	AbsError: 3.97633e-07
    Region: "oxide"	RelError: 1.20170e-03	AbsError: 5.29308e-04
      Equation: "PotentialEquation"	RelError: 1.20170e-03	AbsError: 5.29308e-04
Iteration: 2
  Device: "mos2d"	RelError: 6.36881e-04	AbsError: 1.92088e+13
    Region: "bulk"	RelError: 6.33229e-04	AbsError: 1.92088e+13
      Equation: "ElectronContinuityEquation"	RelError: 7.73423e-05	AbsError: 1.91726e+13
      Equation: "HoleContinuityEquation"	RelError: 4.83701e-04	AbsError: 3.62583e+10
      Equation: "PotentialEquation"	RelError: 7.21852e-05	AbsError: 1.62279e-06
    Region: "gate"	RelError: 8.99825e-08	AbsError: 4.39558e+12
      Equation: "ElectronContinuityEquation"	RelError: 4.42876e-08	AbsError: 4.39558e+12
      Equation: "HoleContinuityEquation"	RelError: 4.40517e-08	AbsError: 4.43842e-08
      Equation: "PotentialEquation"	RelError: 1.64316e-09	AbsError: 1.14344e-09
    Region: "oxide"	RelError: 3.56248e-06	AbsError: 1.57908e-06
      Equation: "PotentialEquation"	RelError: 3.56248e-06	AbsError: 1.57908e-06
Iteration: 3
  Device: "mos2d"	RelError: 1.11599e-08	AbsError: 2.34491e+08
    Region: "bulk"	RelError: 1.11231e-08	AbsError: 2.34491e+08
      Equation: "ElectronContinuityEquation"	RelError: 9.67323e-10	AbsError: 2.34228e+08
      Equation: "HoleContinuityEquation"	RelError: 9.60167e-09	AbsError: 2.62977e+05
      Equation: "PotentialEquation"	RelError: 5.54147e-10	AbsError: 1.61869e-11
    Region: "gate"	RelError: 8.64828e-13	AbsError: 4.22211e+07
      Equation: "ElectronContinuityEquation"	RelError: 4.25397e-13	AbsError: 4.22211e+07
      Equation: "HoleContinuityEquation"	RelError: 4.23691e-13	AbsError: 4.26889e-13
      Equation: "PotentialEquation"	RelError: 1.57394e-14	AbsError: 1.09527e-14
    Region: "oxide"	RelError: 3.58614e-11	AbsError: 1.58957e-11
      Equation: "PotentialEquation"	RelError: 3.58614e-11	AbsError: 1.58957e-11
Succeeded
gate last end 1.000000e-01 5.000000e-01
number of equations 4346
Iteration: 0
  Device: "mos2d"	RelError: 1.09296e+00	AbsError: 1.82438e+17
    Region: "bulk"	RelError: 1.03552e+00	AbsError: 1.82438e+17
      Equation: "ElectronContinuityEquation"	RelError: 2.32489e-01	AbsError: 1.82248e+17
      Equation: "HoleContinuityEquation"	RelError: 4.34540e-01	AbsError: 1.90459e+14
      Equation: "PotentialEquation"	RelError: 3.68493e-01	AbsError: 7.84155e-03
    Region: "gate"	RelError: 2.95172e-02	AbsError: 7.84976e+16
      Equation: "ElectronContinuityEquation"	RelError: 7.94197e-04	AbsError: 7.84976e+16
      Equation: "HoleContinuityEquation"	RelError: 7.92938e-04	AbsError: 8.02252e-04
      Equation: "PotentialEquation"	RelError: 2.79300e-02	AbsError: 2.00000e-02
    Region: "oxide"	RelError: 2.79248e-02	AbsError: 1.99910e-02
      Equation: "PotentialEquation"	RelError: 2.79248e-02	AbsError: 1.99910e-02
Iteration: 1
  Device: "mos2d"	RelError: 1.19192e-01	AbsError: 1.13794e+16
    Region: "bulk"	RelError: 1.18120e-01	AbsError: 1.13794e+16
      Equation: "ElectronContinuityEquation"	RelError: 2.07123e-02	AbsError: 1.13658e+16
      Equation: "HoleContinuityEquation"	RelError: 7.23051e-02	AbsError: 1.36319e+13
      Equation: "PotentialEquation"	RelError: 2.51025e-02	AbsError: 4.73537e-04
    Region: "gate"	RelError: 2.76728e-05	AbsError: 1.34170e+15
      Equation: "ElectronContinuityEquation"	RelError: 1.35234e-05	AbsError: 1.34170e+15
      Equation: "HoleContinuityEquation"	RelError: 1.36580e-05	AbsError: 1.37663e-05
      Equation: "PotentialEquation"	RelError: 4.91465e-07	AbsError: 3.51825e-07
    Region: "oxide"	RelError: 1.04463e-03	AbsError: 4.66238e-04
      Equation: "PotentialEquation"	RelError: 1.04463e-03	AbsError: 4.66238e-04
Iteration: 2
  Device: "mos2d"	RelError: 4.32048e-04	AbsError: 1.42920e+13
    Region: "bulk"	RelError: 4.29459e-04	AbsError: 1.42920e+13
      Equation: "ElectronContinuityEquation"	RelError: 4.36010e-05	AbsError: 1.42668e+13
      Equation: "HoleContinuityEquation"	RelError: 3.39948e-04	AbsError: 2.52426e+10
      Equation: "PotentialEquation"	RelError: 4.59098e-05	AbsError: 1.15868e-06
    Region: "gate"	RelError: 6.48685e-08	AbsError: 3.16991e+12
      Equation: "ElectronContinuityEquation"	RelError: 3.19506e-08	AbsError: 3.16991e+12
      Equation: "HoleContinuityEquation"	RelError: 3.17658e-08	AbsError: 3.20178e-08
      Equation: "PotentialEquation"	RelError: 1.15207e-09	AbsError: 8.24732e-10
    Region: "oxide"	RelError: 2.52434e-06	AbsError: 1.13320e-06
      Equation: "PotentialEquation"	RelError: 2.52434e-06	AbsError: 1.13320e-06
Iteration: 3
  Device: "mos2d"	RelError: 5.35836e-09	AbsError: 1.14488e+08
    Region: "bulk"	RelError: 5.34132e-09	AbsError: 1.14488e+08
      Equation: "ElectronContinuityEquation"	RelError: 3.54976e-10	AbsError: 1.14370e+08
      Equation: "HoleContinuityEquation"	RelError: 4.78641e-09	AbsError: 1.17874e+05
      Equation: "PotentialEquation"	RelError: 1.99934e-10	AbsError: 7.56953e-12
    Region: "gate"	RelError: 4.09268e-13	AbsError: 2.00046e+07
      Equation: "ElectronContinuityEquation"	RelError: 2.01632e-13	AbsError: 2.00046e+07
      Equation: "HoleContinuityEquation"	RelError: 2.00385e-13	AbsError: 2.01974e-13
      Equation: "PotentialEquation"	RelError: 7.25123e-15	AbsError: 5.19094e-15
    Region: "oxide"	RelError: 1.66312e-11	AbsError: 7.48900e-12
      Equation: "PotentialEquation"	RelError: 1.66312e-11	AbsError: 7.48900e-12
Succeeded
gate last end 1.200000e-01 5.000000e-01
number of equations 4346
Iteration: 0
  Device: "mos2d"	RelError: 1.08588e+00	AbsError: 1.92397e+17
    Region: "bulk"	RelError: 1.02993e+00	AbsError: 1.92397e+17
      Equation: "ElectronContinuityEquation"	RelError: 2.11898e-01	AbsError: 1.92233e+17
      Equation: "HoleContinuityEquation"	RelError: 3.67748e-01	AbsError: 1.63983e+14
      Equation: "PotentialEquation"	RelError: 4.50285e-01	AbsError: 6.96032e-03
    Region: "gate"	RelError: 2.87875e-02	AbsError: 7.98794e+16
      Equation: "ElectronContinuityEquation"	RelError: 8.08837e-04	AbsError: 7.98794e+16
      Equation: "HoleContinuityEquation"	RelError: 8.07531e-04	AbsError: 8.17684e-04
      Equation: "PotentialEquation"	RelError: 2.71712e-02	AbsError: 2.00000e-02
    Region: "oxide"	RelError: 2.71654e-02	AbsError: 1.99906e-02
      Equation: "PotentialEquation"	RelError: 2.71654e-02	AbsError: 1.99906e-02
Iteration: 1
  Device: "mos2d"	RelError: 1.03867e-01	AbsError: 1.13759e+16
    Region: "bulk"	RelError: 1.02959e-01	AbsError: 1.13759e+16
      Equation: "ElectronContinuityEquation"	RelError: 1.57183e-02	AbsError: 1.13644e+16
      Equation: "HoleContinuityEquation"	RelError: 5.74263e-02	AbsError: 1.14725e+13
      Equation: "PotentialEquation"	RelError: 2.98142e-02	AbsError: 4.05125e-04
    Region: "gate"	RelError: 2.38188e-05	AbsError: 1.15299e+15
      Equation: "ElectronContinuityEquation"	RelError: 1.16261e-05	AbsError: 1.15299e+15
      Equation: "HoleContinuityEquation"	RelError: 1.17809e-05	AbsError: 1.18858e-05
      Equation: "PotentialEquation"	RelError: 4.11725e-07	AbsError: 3.02972e-07
    Region: "oxide"	RelError: 8.84469e-04	AbsError: 4.00110e-04
      Equation: "PotentialEquation"	RelError: 8.84469e-04	AbsError: 4.00110e-04
Iteration: 2
  Device: "mos2d"	RelError: 3.03243e-04	AbsError: 9.84265e+12
    Region: "bulk"	RelError: 3.01521e-04	AbsError: 9.84265e+12
      Equation: "ElectronContinuityEquation"	RelError: 2.79829e-05	AbsError: 9.82600e+12
      Equation: "HoleContinuityEquation"	RelError: 2.30613e-04	AbsError: 1.66461e+10
      Equation: "PotentialEquation"	RelError: 4.29249e-05	AbsError: 7.74096e-07
    Region: "gate"	RelError: 4.36990e-08	AbsError: 2.13621e+12
      Equation: "ElectronContinuityEquation"	RelError: 2.15403e-08	AbsError: 2.13621e+12
      Equation: "HoleContinuityEquation"	RelError: 2.14033e-08	AbsError: 2.15818e-08
      Equation: "PotentialEquation"	RelError: 7.55385e-10	AbsError: 5.55858e-10
    Region: "oxide"	RelError: 1.67846e-06	AbsError: 7.59293e-07
      Equation: "PotentialEquation"	RelError: 1.67846e-06	AbsError: 7.59293e-07
Iteration: 3
  Device: "mos2d"	RelError: 2.47873e-09	AbsError: 4.76111e+07
    Region: "bulk"	RelError: 2.47184e-09	AbsError: 4.76111e+07
      Equation: "ElectronContinuityEquation"	RelError: 1.89128e-10	AbsError: 4.75645e+07
      Equation: "HoleContinuityEquation"	RelError: 2.17051e-09	AbsError: 4.65532e+04
      Equation: "PotentialEquation"	RelError: 1.12205e-10	AbsError: 3.09124e-12
    Region: "gate"	RelError: 1.68510e-13	AbsError: 8.23373e+06
      Equation: "ElectronContinuityEquation"	RelError: 8.30240e-14	AbsError: 8.23373e+06
      Equation: "HoleContinuityEquation"	RelError: 8.25271e-14	AbsError: 8.32154e-14
      Equation: "PotentialEquation"	RelError: 2.95918e-15	AbsError: 2.17754e-15
    Region: "oxide"	RelError: 6.71486e-12	AbsError: 3.05588e-12
      Equation: "PotentialEquation"	RelError: 6.71486e-12	AbsError: 3.05588e-12
Succeeded
gate last end 1.400000e-01 5.000000e-01
number of equations 4346
Iteration: 0
  Device: "mos2d"	RelError: 1.17317e+00	AbsError: 2.02313e+17
    Region: "bulk"	RelError: 1.11863e+00	AbsError: 2.02313e+17
      Equation: "ElectronContinuityEquation"	RelError: 1.93245e-01	AbsError: 2.02172e+17
      Equation: "HoleContinuityEquation"	RelError: 3.14983e-01	AbsError: 1.41739e+14
      Equation: "PotentialEquation"	RelError: 6.10399e-01	AbsError: 6.20087e-03
    Region: "gate"	RelError: 2.80945e-02	AbsError: 8.10840e+16
      Equation: "ElectronContinuityEquation"	RelError: 8.21715e-04	AbsError: 8.10840e+16
      Equation: "HoleContinuityEquation"	RelError: 8.20367e-04	AbsError: 8.31369e-04
      Equation: "PotentialEquation"	RelError: 2.64524e-02	AbsError: 2.00000e-02
    Region: "oxide"	RelError: 2.64463e-02	AbsError: 1.99903e-02
      Equation: "PotentialEquation"	RelError: 2.64463e-02	AbsError: 1.99903e-02
Iteration: 1
  Device: "mos2d"	RelError: 9.77294e-02	AbsError: 1.13093e+16
    Region: "bulk"	RelError: 9.69690e-02	AbsError: 1.13093e+16
      Equation: "ElectronContinuityEquation"	RelError: 1.24835e-02	AbsError: 1.12998e+16
      Equation: "HoleContinuityEquation"	RelError: 4.58811e-02	AbsError: 9.56089e+12
      Equation: "PotentialEquation"	RelError: 3.86044e-02	AbsError: 3.41124e-04
    Region: "gate"	RelError: 2.03065e-05	AbsError: 9.79316e+14
      Equation: "ElectronContinuityEquation"	RelError: 9.88490e-06	AbsError: 9.79316e+14
      Equation: "HoleContinuityEquation"	RelError: 1.00797e-05	AbsError: 1.01742e-05
      Equation: "PotentialEquation"	RelError: 3.41894e-07	AbsError: 2.58415e-07
    Region: "oxide"	RelError: 7.40068e-04	AbsError: 3.39186e-04
      Equation: "PotentialEquation"	RelError: 7.40068e-04	AbsError: 3.39186e-04
Iteration: 2
  Device: "mos2d"	RelError: 2.20427e-04	AbsError: 6.51214e+12
    Region: "bulk"	RelError: 2.19321e-04	AbsError: 6.51214e+12
      Equation: "ElectronContinuityEquation"	RelError: 2.14657e-05	AbsError: 6.50144e+12
      Equation: "HoleContinuityEquation"	RelError: 1.54730e-04	AbsError: 1.07016e+10
      Equation: "PotentialEquation"	RelError: 4.31252e-05	AbsError: 5.03296e-07
    Region: "gate"	RelError: 2.84143e-08	AbsError: 1.38955e+12
      Equation: "ElectronContinuityEquation"	RelError: 1.40173e-08	AbsError: 1.38955e+12
      Equation: "HoleContinuityEquation"	RelError: 1.39186e-08	AbsError: 1.40407e-08
      Equation: "PotentialEquation"	RelError: 4.78407e-10	AbsError: 3.61603e-10
    Region: "oxide"	RelError: 1.07749e-06	AbsError: 4.93362e-07
      Equation: "PotentialEquation"	RelError: 1.07749e-06	AbsError: 4.93362e-07
Iteration: 3
  Device: "mos2d"	RelError: 1.10638e-09	AbsError: 1.81616e+07
    Region: "bulk"	RelError: 1.10377e-09	AbsError: 1.81616e+07
      Equation: "ElectronContinuityEquation"	RelError: 9.84295e-11	AbsError: 1.81444e+07
      Equation: "HoleContinuityEquation"	RelError: 9.40285e-10	AbsError: 1.72638e+04
      Equation: "PotentialEquation"	RelError: 6.50572e-11	AbsError: 1.17863e-12
    Region: "gate"	RelError: 6.43984e-14	AbsError: 3.15433e+06
      Equation: "ElectronContinuityEquation"	RelError: 3.18200e-14	AbsError: 3.15433e+06
      Equation: "HoleContinuityEquation"	RelError: 3.15340e-14	AbsError: 3.18106e-14
      Equation: "PotentialEquation"	RelError: 1.04433e-15	AbsError: 7.89353e-16
    Region: "oxide"	RelError: 2.54137e-12	AbsError: 1.16365e-12
      Equation: "PotentialEquation"	RelError: 2.54137e-12	AbsError: 1.16365e-12
Succeeded
gate last end 1.600000e-01 5.000000e-01
number of equations 4346
Iteration: 0
  Device: "mos2d"	RelError: 1.55222e+00	AbsError: 2.12166e+17
    Region: "bulk"	RelError: 1.49902e+00	AbsError: 2.12166e+17
      Equation: "ElectronContinuityEquation"	RelError: 1.76672e-01	AbsError: 2.12043e+17
      Equation: "HoleContinuityEquation"	RelError: 2.73208e-01	AbsError: 1.23208e+14
      Equation: "PotentialEquation"	RelError: 1.04914e+00	AbsError: 5.55493e-03
    Region: "gate"	RelError: 2.74356e-02	AbsError: 8.21400e+16
      Equation: "ElectronContinuityEquation"	RelError: 8.33114e-04	AbsError: 8.21400e+16
      Equation: "HoleContinuityEquation"	RelError: 8.31728e-04	AbsError: 8.43589e-04
      Equation: "PotentialEquation"	RelError: 2.57707e-02	AbsError: 2.00000e-02
    Region: "oxide"	RelError: 2.57644e-02	AbsError: 1.99901e-02
      Equation: "PotentialEquation"	RelError: 2.57644e-02	AbsError: 1.99901e-02
Iteration: 1
  Device: "mos2d"	RelError: 1.09673e-01	AbsError: 1.12293e+16
    Region: "bulk"	RelError: 1.09038e-01	AbsError: 1.12293e+16
      Equation: "ElectronContinuityEquation"	RelError: 1.01108e-02	AbsError: 1.12213e+16
      Equation: "HoleContinuityEquation"	RelError: 3.70103e-02	AbsError: 7.94716e+12
      Equation: "PotentialEquation"	RelError: 6.19171e-02	AbsError: 2.87017e-04
    Region: "gate"	RelError: 1.72529e-05	AbsError: 8.29703e+14
      Equation: "ElectronContinuityEquation"	RelError: 8.37868e-06	AbsError: 8.29703e+14
      Equation: "HoleContinuityEquation"	RelError: 8.59111e-06	AbsError: 8.67566e-06
      Equation: "PotentialEquation"	RelError: 2.83121e-07	AbsError: 2.19651e-07
    Region: "oxide"	RelError: 6.17924e-04	AbsError: 2.86297e-04
      Equation: "PotentialEquation"	RelError: 6.17924e-04	AbsError: 2.86297e-04
Iteration: 2
  Device: "mos2d"	RelError: 1.76580e-04	AbsError: 4.74494e+12
    Region: "bulk"	RelError: 1.75879e-04	AbsError: 4.74494e+12
      Equation: "ElectronContinuityEquation"	RelError: 1.60453e-05	AbsError: 4.73810e+12
      Equation: "HoleContinuityEquation"	RelError: 1.06313e-04	AbsError: 6.83742e+09
      Equation: "PotentialEquation"	RelError: 5.35209e-05	AbsError: 3.22409e-07
    Region: "gate"	RelError: 1.82269e-08	AbsError: 8.91692e+11
      Equation: "ElectronContinuityEquation"	RelError: 8.99913e-09	AbsError: 8.91692e+11
      Equation: "HoleContinuityEquation"	RelError: 8.92863e-09	AbsError: 9.01095e-09
      Equation: "PotentialEquation"	RelError: 2.99110e-10	AbsError: 2.32061e-10
    Region: "oxide"	RelError: 6.82529e-07	AbsError: 3.15865e-07
      Equation: "PotentialEquation"	RelError: 6.82529e-07	AbsError: 3.15865e-07
Iteration: 3
  Device: "mos2d"	RelError: 4.94685e-10	AbsError: 6.67936e+06
    Region: "bulk"	RelError: 4.93725e-10	AbsError: 6.67936e+06
      Equation: "ElectronContinuityEquation"	RelError: 4.88406e-11	AbsError: 6.67306e+06
      Equation: "HoleContinuityEquation"	RelError: 3.98413e-10	AbsError: 6.30111e+03
      Equation: "PotentialEquation"	RelError: 4.64714e-11	AbsError: 4.37397e-13
    Region: "gate"	RelError: 2.38557e-14	AbsError: 1.16770e+06
      Equation: "ElectronContinuityEquation"	RelError: 1.17847e-14	AbsError: 1.16770e+06
      Equation: "HoleContinuityEquation"	RelError: 1.16070e-14	AbsError: 1.17141e-14
      Equation: "PotentialEquation"	RelError: 4.64020e-16	AbsError: 3.60004e-16
    Region: "oxide"	RelError: 9.36228e-13	AbsError: 4.33273e-13
      Equation: "PotentialEquation"	RelError: 9.36228e-13	AbsError: 4.33273e-13
Succeeded
gate last end 1.800000e-01 5.000000e-01
number of equations 4346
Iteration: 0
  Device: "mos2d"	RelError: 6.81464e+00	AbsError: 2.21936e+17
    Region: "bulk"	RelError: 6.76271e+00	AbsError: 2.21936e+17
      Equation: "ElectronContinuityEquation"	RelError: 1.62824e-01	AbsError: 2.21828e+17
      Equation: "HoleContinuityEquation"	RelError: 2.41452e-01	AbsError: 1.07799e+14
      Equation: "PotentialEquation"	RelError: 6.35844e+00	AbsError: 5.03484e-03
    Region: "gate"	RelError: 2.68084e-02	AbsError: 8.30717e+16
      Equation: "ElectronContinuityEquation"	RelError: 8.43279e-04	AbsError: 8.30717e+16
      Equation: "HoleContinuityEquation"	RelError: 8.41859e-04	AbsError: 8.54589e-04
      Equation: "PotentialEquation"	RelError: 2.51233e-02	AbsError: 2.00000e-02
    Region: "oxide"	RelError: 2.51168e-02	AbsError: 1.99899e-02
      Equation: "PotentialEquation"	RelError: 2.51168e-02	AbsError: 1.99899e-02
Iteration: 1
  Device: "mos2d"	RelError: 3.14915e-01	AbsError: 1.11578e+16
    Region: "bulk"	RelError: 3.14384e-01	AbsError: 1.11578e+16
      Equation: "ElectronContinuityEquation"	RelError: 8.34148e-03	AbsError: 1.11512e+16
      Equation: "HoleContinuityEquation"	RelError: 3.01975e-02	AbsError: 6.61875e+12
      Equation: "PotentialEquation"	RelError: 2.75845e-01	AbsError: 2.42343e-04
    Region: "gate"	RelError: 1.46745e-05	AbsError: 7.03316e+14
      Equation: "ElectronContinuityEquation"	RelError: 7.10582e-06	AbsError: 7.03316e+14
      Equation: "HoleContinuityEquation"	RelError: 7.33379e-06	AbsError: 7.40955e-06
      Equation: "PotentialEquation"	RelError: 2.34857e-07	AbsError: 1.86901e-07
    Region: "oxide"	RelError: 5.16510e-04	AbsError: 2.41629e-04
      Equation: "PotentialEquation"	RelError: 5.16510e-04	AbsError: 2.41629e-04
Iteration: 2
  Device: "mos2d"	RelError: 2.71322e-04	AbsError: 3.52880e+12
    Region: "bulk"	RelError: 2.70878e-04	AbsError: 3.52880e+12
      Equation: "ElectronContinuityEquation"	RelError: 1.18768e-05	AbsError: 3.52441e+12
      Equation: "HoleContinuityEquation"	RelError: 7.36591e-05	AbsError: 4.39363e+09
      Equation: "PotentialEquation"	RelError: 1.85342e-04	AbsError: 2.06339e-07
    Region: "gate"	RelError: 1.16943e-08	AbsError: 5.72337e+11
      Equation: "ElectronContinuityEquation"	RelError: 5.77879e-09	AbsError: 5.72337e+11
      Equation: "HoleContinuityEquation"	RelError: 5.72836e-09	AbsError: 5.78382e-09
      Equation: "PotentialEquation"	RelError: 1.87169e-10	AbsError: 1.48954e-10
    Region: "oxide"	RelError: 4.32519e-07	AbsError: 2.02319e-07
      Equation: "PotentialEquation"	RelError: 4.32519e-07	AbsError: 2.02319e-07
Iteration: 3
  Device: "mos2d"	RelError: 2.86066e-10	AbsError: 2.44560e+06
    Region: "bulk"	RelError: 2.85711e-10	AbsError: 2.44560e+06
      Equation: "ElectronContinuityEquation"	RelError: 2.38896e-11	AbsError: 2.44328e+06
      Equation: "HoleContinuityEquation"	RelError: 1.69028e-10	AbsError: 2.31312e+03
      Equation: "PotentialEquation"	RelError: 9.27929e-11	AbsError: 1.63465e-13
    Region: "gate"	RelError: 8.99585e-15	AbsError: 4.32566e+05
      Equation: "ElectronContinuityEquation"	RelError: 4.36755e-15	AbsError: 4.32566e+05
      Equation: "HoleContinuityEquation"	RelError: 4.49263e-15	AbsError: 4.53613e-15
      Equation: "PotentialEquation"	RelError: 1.35676e-16	AbsError: 1.07974e-16
    Region: "oxide"	RelError: 3.45452e-13	AbsError: 1.61390e-13
      Equation: "PotentialEquation"	RelError: 3.45452e-13	AbsError: 1.61390e-13
Succeeded
gate last end 2.000000e-01 5.000000e-01
number of equations 4346
Iteration: 0
  Device: "mos2d"	RelError: 1.74442e+00	AbsError: 2.38225e+17
    Region: "bulk"	RelError: 1.69370e+00	AbsError: 2.38225e+17
      Equation: "ElectronContinuityEquation"	RelError: 1.51197e-01	AbsError: 2.38130e+17
      Equation: "HoleContinuityEquation"	RelError: 2.16737e-01	AbsError: 9.49555e+13
      Equation: "PotentialEquation"	RelError: 1.32577e+00	AbsError: 4.61128e-03
    Region: "gate"	RelError: 2.62109e-02	AbsError: 8.38995e+16
      Equation: "ElectronContinuityEquation"	RelError: 8.52411e-04	AbsError: 8.38995e+16
      Equation: "HoleContinuityEquation"	RelError: 8.50961e-04	AbsError: 8.64568e-04
      Equation: "PotentialEquation"	RelError: 2.45076e-02	AbsError: 2.00000e-02
    Region: "oxide"	RelError: 2.45012e-02	AbsError: 1.99897e-02
      Equation: "PotentialEquation"	RelError: 2.45012e-02	AbsError: 1.99897e-02
Iteration: 1
  Device: "mos2d"	RelError: 1.14025e-01	AbsError: 1.11025e+16
    Region: "bulk"	RelError: 1.13578e-01	AbsError: 1.11025e+16
      Equation: "ElectronContinuityEquation"	RelError: 6.99653e-03	AbsError: 1.10969e+16
      Equation: "HoleContinuityEquation"	RelError: 2.49366e-02	AbsError: 5.53794e+12
      Equation: "PotentialEquation"	RelError: 8.16452e-02	AbsError: 2.05309e-04
    Region: "gate"	RelError: 1.25358e-05	AbsError: 5.98438e+14
      Equation: "ElectronContinuityEquation"	RelError: 6.04921e-06	AbsError: 5.98438e+14
      Equation: "HoleContinuityEquation"	RelError: 6.29083e-06	AbsError: 6.35899e-06
      Equation: "PotentialEquation"	RelError: 1.95791e-07	AbsError: 1.59726e-07
    Region: "oxide"	RelError: 4.33692e-04	AbsError: 2.04646e-04
      Equation: "PotentialEquation"	RelError: 4.33692e-04	AbsError: 2.04646e-04
Iteration: 2
  Device: "mos2d"	RelError: 1.03777e-04	AbsError: 2.67800e+12
    Region: "bulk"	RelError: 1.03491e-04	AbsError: 2.67800e+12
      Equation: "ElectronContinuityEquation"	RelError: 8.78779e-06	AbsError: 2.67514e+12
      Equation: "HoleContinuityEquation"	RelError: 5.17113e-05	AbsError: 2.85923e+09
      Equation: "PotentialEquation"	RelError: 4.29918e-05	AbsError: 1.33023e-07
    Region: "gate"	RelError: 7.56588e-09	AbsError: 3.70442e+11
      Equation: "ElectronContinuityEquation"	RelError: 3.74206e-09	AbsError: 3.70442e+11
      Equation: "HoleContinuityEquation"	RelError: 3.70565e-09	AbsError: 3.74330e-09
      Equation: "PotentialEquation"	RelError: 1.18176e-10	AbsError: 9.64093e-11
    Region: "oxide"	RelError: 2.78458e-07	AbsError: 1.31396e-07
      Equation: "PotentialEquation"	RelError: 2.78458e-07	AbsError: 1.31396e-07
Iteration: 3
  Device: "mos2d"	RelError: 9.66381e-11	AbsError: 9.79719e+05
    Region: "bulk"	RelError: 9.65048e-11	AbsError: 9.79719e+05
      Equation: "ElectronContinuityEquation"	RelError: 1.18439e-11	AbsError: 9.78855e+05
      Equation: "HoleContinuityEquation"	RelError: 7.27809e-11	AbsError: 8.63400e+02
      Equation: "PotentialEquation"	RelError: 1.18800e-11	AbsError: 6.21336e-14
    Region: "gate"	RelError: 3.50387e-15	AbsError: 1.59579e+05
      Equation: "ElectronContinuityEquation"	RelError: 1.61200e-15	AbsError: 1.59579e+05
      Equation: "HoleContinuityEquation"	RelError: 1.77984e-15	AbsError: 1.79793e-15
      Equation: "PotentialEquation"	RelError: 1.12022e-16	AbsError: 9.13886e-17
    Region: "oxide"	RelError: 1.29815e-13	AbsError: 6.11629e-14
      Equation: "PotentialEquation"	RelError: 1.29815e-13	AbsError: 6.11629e-14
Succeeded
gate last end 2.200000e-01 5.000000e-01
number of equations 4346
Iteration: 0
  Device: "mos2d"	RelError: 9.47375e-01	AbsError: 2.60390e+17
    Region: "bulk"	RelError: 8.97819e-01	AbsError: 2.60390e+17
      Equation: "ElectronContinuityEquation"	RelError: 1.40983e-01	AbsError: 2.60306e+17
      Equation: "HoleContinuityEquation"	RelError: 1.96346e-01	AbsError: 8.41976e+13
      Equation: "PotentialEquation"	RelError: 5.60490e-01	AbsError: 4.24864e-03
    Region: "gate"	RelError: 2.56412e-02	AbsError: 8.46397e+16
      Equation: "ElectronContinuityEquation"	RelError: 8.60675e-04	AbsError: 8.46397e+16
      Equation: "HoleContinuityEquation"	RelError: 8.59196e-04	AbsError: 8.73690e-04
      Equation: "PotentialEquation"	RelError: 2.39213e-02	AbsError: 2.00000e-02
    Region: "oxide"	RelError: 2.39151e-02	AbsError: 1.99896e-02
      Equation: "PotentialEquation"	RelError: 2.39151e-02	AbsError: 1.99896e-02
Iteration: 1
  Device: "mos2d"	RelError: 5.86713e-02	AbsError: 1.10639e+16
    Region: "bulk"	RelError: 5.82941e-02	AbsError: 1.10639e+16
      Equation: "ElectronContinuityEquation"	RelError: 5.95409e-03	AbsError: 1.10593e+16
      Equation: "HoleContinuityEquation"	RelError: 2.10790e-02	AbsError: 4.66172e+12
      Equation: "PotentialEquation"	RelError: 3.12610e-02	AbsError: 1.74870e-04
    Region: "gate"	RelError: 1.07753e-05	AbsError: 5.12057e+14
      Equation: "ElectronContinuityEquation"	RelError: 5.17868e-06	AbsError: 5.12057e+14
      Equation: "HoleContinuityEquation"	RelError: 5.43229e-06	AbsError: 5.49394e-06
      Equation: "PotentialEquation"	RelError: 1.64331e-07	AbsError: 1.37345e-07
    Region: "oxide"	RelError: 3.66484e-04	AbsError: 1.74527e-04
      Equation: "PotentialEquation"	RelError: 3.66484e-04	AbsError: 1.74527e-04
Iteration: 2
  Device: "mos2d"	RelError: 5.67498e-05	AbsError: 2.07075e+12
    Region: "bulk"	RelError: 5.65632e-05	AbsError: 2.07075e+12
      Equation: "ElectronContinuityEquation"	RelError: 6.53512e-06	AbsError: 2.06886e+12
      Equation: "HoleContinuityEquation"	RelError: 3.69855e-05	AbsError: 1.89141e+09
      Equation: "PotentialEquation"	RelError: 1.30426e-05	AbsError: 8.67788e-08
    Region: "gate"	RelError: 4.95789e-09	AbsError: 2.42859e+11
      Equation: "ElectronContinuityEquation"	RelError: 2.45445e-09	AbsError: 2.42859e+11
      Equation: "HoleContinuityEquation"	RelError: 2.42783e-09	AbsError: 2.45368e-09
      Equation: "PotentialEquation"	RelError: 7.56190e-11	AbsError: 6.32024e-11
    Region: "oxide"	RelError: 1.81629e-07	AbsError: 8.63753e-08
      Equation: "PotentialEquation"	RelError: 1.81629e-07	AbsError: 8.63753e-08
Succeeded
gate last end 2.400000e-01 5.000000e-01
number of equations 4346
Iteration: 0
  Device: "mos2d"	RelError: 7.00620e-01	AbsError: 2.82487e+17
    Region: "bulk"	RelError: 6.52166e-01	AbsError: 2.82487e+17
      Equation: "ElectronContinuityEquation"	RelError: 1.31978e-01	AbsError: 2.82412e+17
      Equation: "HoleContinuityEquation"	RelError: 1.79308e-01	AbsError: 7.51313e+13
      Equation: "PotentialEquation"	RelError: 3.40880e-01	AbsError: 3.93602e-03
    Region: "gate"	RelError: 2.50973e-02	AbsError: 8.53055e+16
      Equation: "ElectronContinuityEquation"	RelError: 8.68202e-04	AbsError: 8.53055e+16
      Equation: "HoleContinuityEquation"	RelError: 8.66697e-04	AbsError: 8.82085e-04
      Equation: "PotentialEquation"	RelError: 2.33624e-02	AbsError: 2.00000e-02
    Region: "oxide"	RelError: 2.33563e-02	AbsError: 1.99894e-02
      Equation: "PotentialEquation"	RelError: 2.33563e-02	AbsError: 1.99894e-02
Iteration: 1
  Device: "mos2d"	RelError: 4.13448e-02	AbsError: 1.10402e+16
    Region: "bulk"	RelError: 4.10219e-02	AbsError: 1.10402e+16
      Equation: "ElectronContinuityEquation"	RelError: 5.13106e-03	AbsError: 1.10362e+16
      Equation: "HoleContinuityEquation"	RelError: 1.80580e-02	AbsError: 3.95049e+12
      Equation: "PotentialEquation"	RelError: 1.78328e-02	AbsError: 1.50460e-04
    Region: "gate"	RelError: 9.32788e-06	AbsError: 4.41000e+14
      Equation: "ElectronContinuityEquation"	RelError: 4.46237e-06	AbsError: 4.41000e+14
      Equation: "HoleContinuityEquation"	RelError: 4.72653e-06	AbsError: 4.78265e-06
      Equation: "PotentialEquation"	RelError: 1.38984e-07	AbsError: 1.18938e-07
    Region: "oxide"	RelError: 3.13562e-04	AbsError: 1.50460e-04
      Equation: "PotentialEquation"	RelError: 3.13562e-04	AbsError: 1.50460e-04
Iteration: 2
  Device: "mos2d"	RelError: 3.82793e-05	AbsError: 1.62702e+12
    Region: "bulk"	RelError: 3.81558e-05	AbsError: 1.62702e+12
      Equation: "ElectronContinuityEquation"	RelError: 4.89930e-06	AbsError: 1.62575e+12
      Equation: "HoleContinuityEquation"	RelError: 2.72920e-05	AbsError: 1.27409e+09
      Equation: "PotentialEquation"	RelError: 5.96446e-06	AbsError: 5.79656e-08
    Region: "gate"	RelError: 3.29767e-09	AbsError: 1.61613e+11
      Equation: "ElectronContinuityEquation"	RelError: 1.63414e-09	AbsError: 1.61613e+11
      Equation: "HoleContinuityEquation"	RelError: 1.61438e-09	AbsError: 1.63237e-09
      Equation: "PotentialEquation"	RelError: 4.91416e-11	AbsError: 4.20548e-11
    Region: "oxide"	RelError: 1.20256e-07	AbsError: 5.75949e-08
      Equation: "PotentialEquation"	RelError: 1.20256e-07	AbsError: 5.75949e-08
Succeeded
gate last end 2.600000e-01 5.000000e-01
number of equations 4346
Iteration: 0
  Device: "mos2d"	RelError: 5.74241e-01	AbsError: 3.04545e+17
    Region: "bulk"	RelError: 5.26840e-01	AbsError: 3.04545e+17
      Equation: "ElectronContinuityEquation"	RelError: 1.24006e-01	AbsError: 3.04477e+17
      Equation: "HoleContinuityEquation"	RelError: 1.64904e-01	AbsError: 6.74390e+13
      Equation: "PotentialEquation"	RelError: 2.37930e-01	AbsError: 3.66459e-03
    Region: "gate"	RelError: 2.45778e-02	AbsError: 8.59076e+16
      Equation: "ElectronContinuityEquation"	RelError: 8.75098e-04	AbsError: 8.59076e+16
      Equation: "HoleContinuityEquation"	RelError: 8.73569e-04	AbsError: 8.89860e-04
      Equation: "PotentialEquation"	RelError: 2.28291e-02	AbsError: 2.00000e-02
    Region: "oxide"	RelError: 2.28231e-02	AbsError: 1.99893e-02
      Equation: "PotentialEquation"	RelError: 2.28231e-02	AbsError: 1.99893e-02
Iteration: 1
  Device: "mos2d"	RelError: 3.21411e-02	AbsError: 1.10285e+16
    Region: "bulk"	RelError: 3.18626e-02	AbsError: 1.10285e+16
      Equation: "ElectronContinuityEquation"	RelError: 4.47017e-03	AbsError: 1.10251e+16
      Equation: "HoleContinuityEquation"	RelError: 1.56226e-02	AbsError: 3.37084e+12
      Equation: "PotentialEquation"	RelError: 1.17698e-02	AbsError: 1.30638e-04
    Region: "gate"	RelError: 8.13494e-06	AbsError: 3.82404e+14
      Equation: "ElectronContinuityEquation"	RelError: 3.87149e-06	AbsError: 3.82404e+14
      Equation: "HoleContinuityEquation"	RelError: 4.14497e-06	AbsError: 4.19639e-06
      Equation: "PotentialEquation"	RelError: 1.18484e-07	AbsError: 1.03763e-07
    Region: "oxide"	RelError: 2.70391e-04	AbsError: 1.30638e-04
      Equation: "PotentialEquation"	RelError: 2.70391e-04	AbsError: 1.30638e-04
Iteration: 2
  Device: "mos2d"	RelError: 2.74550e-05	AbsError: 1.29514e+12
    Region: "bulk"	RelError: 2.73719e-05	AbsError: 1.29514e+12
      Equation: "ElectronContinuityEquation"	RelError: 3.70849e-06	AbsError: 1.29427e+12
      Equation: "HoleContinuityEquation"	RelError: 2.04692e-05	AbsError: 8.74505e+08
      Equation: "PotentialEquation"	RelError: 3.19415e-06	AbsError: 3.93633e-08
    Region: "gate"	RelError: 2.22789e-09	AbsError: 1.09244e+11
      Equation: "ElectronContinuityEquation"	RelError: 1.10517e-09	AbsError: 1.09244e+11
      Equation: "HoleContinuityEquation"	RelError: 1.09027e-09	AbsError: 1.10297e-09
      Equation: "PotentialEquation"	RelError: 3.24552e-11	AbsError: 2.84235e-11
    Region: "oxide"	RelError: 8.08680e-08	AbsError: 3.89950e-08
      Equation: "PotentialEquation"	RelError: 8.08680e-08	AbsError: 3.89950e-08
Succeeded
gate last end 2.800000e-01 5.000000e-01
number of equations 4346
Iteration: 0
  Device: "mos2d"	RelError: 4.94729e-01	AbsError: 3.26585e+17
    Region: "bulk"	RelError: 4.48334e-01	AbsError: 3.26585e+17
      Equation: "ElectronContinuityEquation"	RelError: 1.16912e-01	AbsError: 3.26524e+17
      Equation: "HoleContinuityEquation"	RelError: 1.52592e-01	AbsError: 6.08677e+13
      Equation: "PotentialEquation"	RelError: 1.78829e-01	AbsError: 3.42722e-03
    Region: "gate"	RelError: 2.40809e-02	AbsError: 8.64547e+16
      Equation: "ElectronContinuityEquation"	RelError: 8.81450e-04	AbsError: 8.64547e+16
      Equation: "HoleContinuityEquation"	RelError: 8.79899e-04	AbsError: 8.97100e-04
      Equation: "PotentialEquation"	RelError: 2.23196e-02	AbsError: 2.00000e-02
    Region: "oxide"	RelError: 2.23137e-02	AbsError: 1.99892e-02
      Equation: "PotentialEquation"	RelError: 2.23137e-02	AbsError: 1.99892e-02
Iteration: 1
  Device: "mos2d"	RelError: 2.62080e-02	AbsError: 1.10260e+16
    Region: "bulk"	RelError: 2.59659e-02	AbsError: 1.10260e+16
      Equation: "ElectronContinuityEquation"	RelError: 3.93132e-03	AbsError: 1.10231e+16
      Equation: "HoleContinuityEquation"	RelError: 1.36368e-02	AbsError: 2.89578e+12
      Equation: "PotentialEquation"	RelError: 8.39779e-03	AbsError: 1.14209e-04
    Region: "gate"	RelError: 7.14718e-06	AbsError: 3.33858e+14
      Equation: "ElectronContinuityEquation"	RelError: 3.38181e-06	AbsError: 3.33858e+14
      Equation: "HoleContinuityEquation"	RelError: 3.66356e-06	AbsError: 3.71100e-06
      Equation: "PotentialEquation"	RelError: 1.01808e-07	AbsError: 9.11938e-08
    Region: "oxide"	RelError: 2.34898e-04	AbsError: 1.14209e-04
      Equation: "PotentialEquation"	RelError: 2.34898e-04	AbsError: 1.14209e-04
Iteration: 2
  Device: "mos2d"	RelError: 2.03572e-05	AbsError: 1.05896e+12
    Region: "bulk"	RelError: 2.02998e-05	AbsError: 1.05896e+12
      Equation: "ElectronContinuityEquation"	RelError: 2.83620e-06	AbsError: 1.05835e+12
      Equation: "HoleContinuityEquation"	RelError: 1.55920e-05	AbsError: 6.11608e+08
      Equation: "PotentialEquation"	RelError: 1.87164e-06	AbsError: 2.71751e-08
    Region: "gate"	RelError: 1.52865e-09	AbsError: 7.50021e+10
      Equation: "ElectronContinuityEquation"	RelError: 7.59144e-10	AbsError: 7.50021e+10
      Equation: "HoleContinuityEquation"	RelError: 7.47728e-10	AbsError: 7.56824e-10
      Equation: "PotentialEquation"	RelError: 2.17804e-11	AbsError: 1.95101e-11
    Region: "oxide"	RelError: 5.58922e-08	AbsError: 2.71751e-08
      Equation: "PotentialEquation"	RelError: 5.58922e-08	AbsError: 2.71751e-08
Succeeded
gate last end 3.000000e-01 5.000000e-01
number of equations 4346
Iteration: 0
  Device: "mos2d"	RelError: 4.38810e-01	AbsError: 3.48625e+17
    Region: "bulk"	RelError: 3.93378e-01	AbsError: 3.48625e+17
      Equation: "ElectronContinuityEquation"	RelError: 1.10570e-01	AbsError: 3.48570e+17
      Equation: "HoleContinuityEquation"	RelError: 1.41963e-01	AbsError: 5.52162e+13
      Equation: "PotentialEquation"	RelError: 1.40845e-01	AbsError: 3.21817e-03
    Region: "gate"	RelError: 2.36054e-02	AbsError: 8.69541e+16
      Equation: "ElectronContinuityEquation"	RelError: 8.87329e-04	AbsError: 8.69541e+16
      Equation: "HoleContinuityEquation"	RelError: 8.85758e-04	AbsError: 9.03878e-04
      Equation: "PotentialEquation"	RelError: 2.18323e-02	AbsError: 2.00000e-02
    Region: "oxide"	RelError: 2.18266e-02	AbsError: 1.99891e-02
      Equation: "PotentialEquation"	RelError: 2.18266e-02	AbsError: 1.99891e-02
Iteration: 1
  Device: "mos2d"	RelError: 2.19935e-02	AbsError: 1.10303e+16
    Region: "bulk"	RelError: 2.17817e-02	AbsError: 1.10303e+16
      Equation: "ElectronContinuityEquation"	RelError: 3.48593e-03	AbsError: 1.10278e+16
      Equation: "HoleContinuityEquation"	RelError: 1.20001e-02	AbsError: 2.50394e+12
      Equation: "PotentialEquation"	RelError: 6.29562e-03	AbsError: 1.00510e-04
    Region: "gate"	RelError: 6.32453e-06	AbsError: 2.93402e+14
      Equation: "ElectronContinuityEquation"	RelError: 2.97362e-06	AbsError: 2.93402e+14
      Equation: "HoleContinuityEquation"	RelError: 3.26275e-06	AbsError: 3.30679e-06
      Equation: "PotentialEquation"	RelError: 8.81512e-08	AbsError: 8.07225e-08
    Region: "oxide"	RelError: 2.05518e-04	AbsError: 1.00510e-04
      Equation: "PotentialEquation"	RelError: 2.05518e-04	AbsError: 1.00510e-04
Iteration: 2
  Device: "mos2d"	RelError: 1.54489e-05	AbsError: 8.79562e+11
    Region: "bulk"	RelError: 1.54084e-05	AbsError: 8.79562e+11
      Equation: "ElectronContinuityEquation"	RelError: 2.19186e-06	AbsError: 8.79126e+11
      Equation: "HoleContinuityEquation"	RelError: 1.20505e-05	AbsError: 4.35696e+08
      Equation: "PotentialEquation"	RelError: 1.16607e-06	AbsError: 1.92796e-08
    Region: "gate"	RelError: 1.06464e-09	AbsError: 5.22707e+10
      Equation: "ElectronContinuityEquation"	RelError: 5.29337e-10	AbsError: 5.22707e+10
      Equation: "HoleContinuityEquation"	RelError: 5.20459e-10	AbsError: 5.27061e-10
      Equation: "PotentialEquation"	RelError: 1.48442e-11	AbsError: 1.35935e-11
    Region: "oxide"	RelError: 3.94219e-08	AbsError: 1.92796e-08
      Equation: "PotentialEquation"	RelError: 3.94219e-08	AbsError: 1.92796e-08
Succeeded
gate last end 3.200000e-01 5.000000e-01
number of equations 4346
Iteration: 0
  Device: "mos2d"	RelError: 3.96679e-01	AbsError: 3.70677e+17
    Region: "bulk"	RelError: 3.52169e-01	AbsError: 3.70677e+17
      Equation: "ElectronContinuityEquation"	RelError: 1.04870e-01	AbsError: 3.70626e+17
      Equation: "HoleContinuityEquation"	RelError: 1.32704e-01	AbsError: 5.03243e+13
      Equation: "PotentialEquation"	RelError: 1.14595e-01	AbsError: 3.03285e-03
    Region: "gate"	RelError: 2.31498e-02	AbsError: 8.74115e+16
      Equation: "ElectronContinuityEquation"	RelError: 8.92796e-04	AbsError: 8.74115e+16
      Equation: "HoleContinuityEquation"	RelError: 8.91204e-04	AbsError: 9.10250e-04
      Equation: "PotentialEquation"	RelError: 2.13658e-02	AbsError: 2.00000e-02
    Region: "oxide"	RelError: 2.13603e-02	AbsError: 1.99890e-02
      Equation: "PotentialEquation"	RelError: 2.13603e-02	AbsError: 1.99890e-02
Iteration: 1
  Device: "mos2d"	RelError: 1.88238e-02	AbsError: 1.10392e+16
    Region: "bulk"	RelError: 1.86371e-02	AbsError: 1.10392e+16
      Equation: "ElectronContinuityEquation"	RelError: 3.11326e-03	AbsError: 1.10371e+16
      Equation: "HoleContinuityEquation"	RelError: 1.06375e-02	AbsError: 2.17856e+12
      Equation: "PotentialEquation"	RelError: 4.88632e-03	AbsError: 8.90117e-05
    Region: "gate"	RelError: 5.68080e-06	AbsError: 2.59470e+14
      Equation: "ElectronContinuityEquation"	RelError: 2.63115e-06	AbsError: 2.59470e+14
      Equation: "HoleContinuityEquation"	RelError: 2.97277e-06	AbsError: 3.03630e-06
      Equation: "PotentialEquation"	RelError: 7.68853e-08	AbsError: 7.19426e-08
    Region: "oxide"	RelError: 1.81020e-04	AbsError: 8.90117e-05
      Equation: "PotentialEquation"	RelError: 1.81020e-04	AbsError: 8.90117e-05
Iteration: 2
  Device: "mos2d"	RelError: 1.19405e-05	AbsError: 7.35424e+11
    Region: "bulk"	RelError: 1.19115e-05	AbsError: 7.35424e+11
      Equation: "ElectronContinuityEquation"	RelError: 1.71139e-06	AbsError: 7.35108e+11
      Equation: "HoleContinuityEquation"	RelError: 9.43918e-06	AbsError: 3.15992e+08
      Equation: "PotentialEquation"	RelError: 7.60906e-07	AbsError: 1.38988e-08
    Region: "gate"	RelError: 7.52022e-10	AbsError: 3.69499e+10
      Equation: "ElectronContinuityEquation"	RelError: 3.74381e-10	AbsError: 3.69499e+10
      Equation: "HoleContinuityEquation"	RelError: 3.67376e-10	AbsError: 3.72229e-10
      Equation: "PotentialEquation"	RelError: 1.02654e-11	AbsError: 9.60572e-12
    Region: "oxide"	RelError: 2.82655e-08	AbsError: 1.38988e-08
      Equation: "PotentialEquation"	RelError: 2.82655e-08	AbsError: 1.38988e-08
Succeeded
gate last end 3.400000e-01 5.000000e-01
number of equations 4346
Iteration: 0
  Device: "mos2d"	RelError: 3.63430e-01	AbsError: 3.92749e+17
    Region: "bulk"	RelError: 3.19804e-01	AbsError: 3.92749e+17
      Equation: "ElectronContinuityEquation"	RelError: 9.97244e-02	AbsError: 3.92703e+17
      Equation: "HoleContinuityEquation"	RelError: 1.24570e-01	AbsError: 4.60638e+13
      Equation: "PotentialEquation"	RelError: 9.55096e-02	AbsError: 2.86755e-03
    Region: "gate"	RelError: 2.27131e-02	AbsError: 8.78320e+16
      Equation: "ElectronContinuityEquation"	RelError: 8.97898e-04	AbsError: 8.78320e+16
      Equation: "HoleContinuityEquation"	RelError: 8.96289e-04	AbsError: 9.16267e-04
      Equation: "PotentialEquation"	RelError: 2.09189e-02	AbsError: 2.00000e-02
    Region: "oxide"	RelError: 2.09135e-02	AbsError: 1.99889e-02
      Equation: "PotentialEquation"	RelError: 2.09135e-02	AbsError: 1.99889e-02
Iteration: 1
  Device: "mos2d"	RelError: 1.63483e-02	AbsError: 1.10510e+16
    Region: "bulk"	RelError: 1.61827e-02	AbsError: 1.10510e+16
      Equation: "ElectronContinuityEquation"	RelError: 2.79800e-03	AbsError: 1.10491e+16
      Equation: "HoleContinuityEquation"	RelError: 9.49228e-03	AbsError: 1.90656e+12
      Equation: "PotentialEquation"	RelError: 3.89238e-03	AbsError: 7.92926e-05
    Region: "gate"	RelError: 5.22277e-06	AbsError: 2.30817e+14
      Equation: "ElectronContinuityEquation"	RelError: 2.34190e-06	AbsError: 2.30817e+14
      Equation: "HoleContinuityEquation"	RelError: 2.81335e-06	AbsError: 2.87607e-06
      Equation: "PotentialEquation"	RelError: 6.75232e-08	AbsError: 6.45319e-08
    Region: "oxide"	RelError: 1.60438e-04	AbsError: 7.92926e-05
      Equation: "PotentialEquation"	RelError: 1.60438e-04	AbsError: 7.92926e-05
Iteration: 2
  Device: "mos2d"	RelError: 9.37154e-06	AbsError: 6.57347e+11
    Region: "bulk"	RelError: 9.35041e-06	AbsError: 6.57347e+11
      Equation: "ElectronContinuityEquation"	RelError: 1.34956e-06	AbsError: 6.57114e+11
      Equation: "HoleContinuityEquation"	RelError: 7.48547e-06	AbsError: 2.33187e+08
      Equation: "PotentialEquation"	RelError: 5.15375e-07	AbsError: 1.01746e-08
    Region: "gate"	RelError: 5.40566e-10	AbsError: 2.65891e+10
      Equation: "ElectronContinuityEquation"	RelError: 2.69776e-10	AbsError: 2.65891e+10
      Equation: "HoleContinuityEquation"	RelError: 2.63561e-10	AbsError: 2.67412e-10
      Equation: "PotentialEquation"	RelError: 7.22862e-12	AbsError: 6.90839e-12
    Region: "oxide"	RelError: 2.05869e-08	AbsError: 1.01746e-08
      Equation: "PotentialEquation"	RelError: 2.05869e-08	AbsError: 1.01746e-08
Succeeded
gate last end 3.600000e-01 5.000000e-01
number of equations 4346
Iteration: 0
  Device: "mos2d"	RelError: 3.36309e-01	AbsError: 4.14846e+17
    Region: "bulk"	RelError: 2.93530e-01	AbsError: 4.14846e+17
      Equation: "ElectronContinuityEquation"	RelError: 9.50572e-02	AbsError: 4.14804e+17
      Equation: "HoleContinuityEquation"	RelError: 1.17371e-01	AbsError: 4.23317e+13
      Equation: "PotentialEquation"	RelError: 8.11013e-02	AbsError: 2.71925e-03
    Region: "gate"	RelError: 2.22940e-02	AbsError: 8.82198e+16
      Equation: "ElectronContinuityEquation"	RelError: 9.02679e-04	AbsError: 8.82198e+16
      Equation: "HoleContinuityEquation"	RelError: 9.01052e-04	AbsError: 9.21970e-04
      Equation: "PotentialEquation"	RelError: 2.04902e-02	AbsError: 2.00000e-02
    Region: "oxide"	RelError: 2.04850e-02	AbsError: 1.99888e-02
      Equation: "PotentialEquation"	RelError: 2.04850e-02	AbsError: 1.99888e-02
Iteration: 1
  Device: "mos2d"	RelError: 1.43624e-02	AbsError: 1.10642e+16
    Region: "bulk"	RelError: 1.42146e-02	AbsError: 1.10642e+16
      Equation: "ElectronContinuityEquation"	RelError: 2.52869e-03	AbsError: 1.10625e+16
      Equation: "HoleContinuityEquation"	RelError: 8.52143e-03	AbsError: 1.67767e+12
      Equation: "PotentialEquation"	RelError: 3.16447e-03	AbsError: 7.10209e-05
    Region: "gate"	RelError: 4.82797e-06	AbsError: 2.06462e+14
      Equation: "ElectronContinuityEquation"	RelError: 2.09595e-06	AbsError: 2.06462e+14
      Equation: "HoleContinuityEquation"	RelError: 2.67190e-06	AbsError: 2.73393e-06
      Equation: "PotentialEquation"	RelError: 6.01207e-08	AbsError: 5.86466e-08
    Region: "oxide"	RelError: 1.43020e-04	AbsError: 7.10209e-05
      Equation: "PotentialEquation"	RelError: 1.43020e-04	AbsError: 7.10209e-05
Iteration: 2
  Device: "mos2d"	RelError: 7.45366e-06	AbsError: 6.23516e+11
    Region: "bulk"	RelError: 7.43804e-06	AbsError: 6.23516e+11
      Equation: "ElectronContinuityEquation"	RelError: 1.07436e-06	AbsError: 6.23341e+11
      Equation: "HoleContinuityEquation"	RelError: 6.00350e-06	AbsError: 1.74988e+08
      Equation: "PotentialEquation"	RelError: 3.60176e-07	AbsError: 7.67832e-09
    Region: "gate"	RelError: 3.95086e-10	AbsError: 1.94533e+10
      Equation: "ElectronContinuityEquation"	RelError: 1.97485e-10	AbsError: 1.94533e+10
      Equation: "HoleContinuityEquation"	RelError: 1.92424e-10	AbsError: 1.95344e-10
      Equation: "PotentialEquation"	RelError: 5.17725e-12	AbsError: 5.05136e-12
    Region: "oxide"	RelError: 1.52197e-08	AbsError: 7.67832e-09
      Equation: "PotentialEquation"	RelError: 1.52197e-08	AbsError: 7.67832e-09
Succeeded
gate last end 3.800000e-01 5.000000e-01
number of equations 4346
Iteration: 0
  Device: "mos2d"	RelError: 3.13630e-01	AbsError: 4.36971e+17
    Region: "bulk"	RelError: 2.71665e-01	AbsError: 4.36971e+17
      Equation: "ElectronContinuityEquation"	RelError: 9.08057e-02	AbsError: 4.36932e+17
      Equation: "HoleContinuityEquation"	RelError: 1.10957e-01	AbsError: 3.90448e+13
      Equation: "PotentialEquation"	RelError: 6.99024e-02	AbsError: 2.58548e-03
    Region: "gate"	RelError: 2.18915e-02	AbsError: 8.85785e+16
      Equation: "ElectronContinuityEquation"	RelError: 9.07173e-04	AbsError: 8.85785e+16
      Equation: "HoleContinuityEquation"	RelError: 9.05530e-04	AbsError: 9.27393e-04
      Equation: "PotentialEquation"	RelError: 2.00788e-02	AbsError: 2.00000e-02
    Region: "oxide"	RelError: 2.00737e-02	AbsError: 1.99888e-02
      Equation: "PotentialEquation"	RelError: 2.00737e-02	AbsError: 1.99888e-02
Iteration: 1
  Device: "mos2d"	RelError: 1.27365e-02	AbsError: 1.10774e+16
    Region: "bulk"	RelError: 1.26039e-02	AbsError: 1.10774e+16
      Equation: "ElectronContinuityEquation"	RelError: 2.29657e-03	AbsError: 1.10759e+16
      Equation: "HoleContinuityEquation"	RelError: 7.69173e-03	AbsError: 1.48383e+12
      Equation: "PotentialEquation"	RelError: 2.61557e-03	AbsError: 6.39338e-05
    Region: "gate"	RelError: 4.48681e-06	AbsError: 1.85625e+14
      Equation: "ElectronContinuityEquation"	RelError: 1.88547e-06	AbsError: 1.85625e+14
      Equation: "HoleContinuityEquation"	RelError: 2.54581e-06	AbsError: 2.60728e-06
      Equation: "PotentialEquation"	RelError: 5.55299e-08	AbsError: 5.52776e-08
    Region: "oxide"	RelError: 1.28175e-04	AbsError: 6.39338e-05
      Equation: "PotentialEquation"	RelError: 1.28175e-04	AbsError: 6.39338e-05
Iteration: 2
  Device: "mos2d"	RelError: 5.99843e-06	AbsError: 6.00074e+11
    Region: "bulk"	RelError: 5.98648e-06	AbsError: 6.00074e+11
      Equation: "ElectronContinuityEquation"	RelError: 8.63001e-07	AbsError: 5.99940e+11
      Equation: "HoleContinuityEquation"	RelError: 4.86485e-06	AbsError: 1.33453e+08
      Equation: "PotentialEquation"	RelError: 2.58628e-07	AbsError: 5.92105e-09
    Region: "gate"	RelError: 2.92202e-10	AbsError: 1.44041e+10
      Equation: "ElectronContinuityEquation"	RelError: 1.46308e-10	AbsError: 1.44041e+10
      Equation: "HoleContinuityEquation"	RelError: 1.42140e-10	AbsError: 1.44377e-10
      Equation: "PotentialEquation"	RelError: 3.75418e-12	AbsError: 3.73793e-12
    Region: "oxide"	RelError: 1.16596e-08	AbsError: 5.92105e-09
      Equation: "PotentialEquation"	RelError: 1.16596e-08	AbsError: 5.92105e-09
Succeeded
gate last end 4.000000e-01 5.000000e-01
number of equations 4346
Iteration: 0
  Device: "mos2d"	RelError: 2.94299e-01	AbsError: 4.59123e+17
    Region: "bulk"	RelError: 2.53116e-01	AbsError: 4.59123e+17
      Equation: "ElectronContinuityEquation"	RelError: 8.69172e-02	AbsError: 4.59087e+17
      Equation: "HoleContinuityEquation"	RelError: 1.05206e-01	AbsError: 3.61354e+13
      Equation: "PotentialEquation"	RelError: 6.09932e-02	AbsError: 2.46423e-03
    Region: "gate"	RelError: 2.15048e-02	AbsError: 8.89111e+16
      Equation: "ElectronContinuityEquation"	RelError: 9.11411e-04	AbsError: 8.89111e+16
      Equation: "HoleContinuityEquation"	RelError: 9.09752e-04	AbsError: 9.32569e-04
      Equation: "PotentialEquation"	RelError: 1.96836e-02	AbsError: 2.00000e-02
    Region: "oxide"	RelError: 1.96786e-02	AbsError: 1.99887e-02
      Equation: "PotentialEquation"	RelError: 1.96786e-02	AbsError: 1.99887e-02
Iteration: 1
  Device: "mos2d"	RelError: 1.13837e-02	AbsError: 1.10896e+16
    Region: "bulk"	RelError: 1.12641e-02	AbsError: 1.10896e+16
      Equation: "ElectronContinuityEquation"	RelError: 2.09490e-03	AbsError: 1.10883e+16
      Equation: "HoleContinuityEquation"	RelError: 6.97740e-03	AbsError: 1.31868e+12
      Equation: "PotentialEquation"	RelError: 2.19181e-03	AbsError: 5.78225e-05
    Region: "gate"	RelError: 4.18863e-06	AbsError: 1.67685e+14
      Equation: "ElectronContinuityEquation"	RelError: 1.70421e-06	AbsError: 1.67685e+14
      Equation: "HoleContinuityEquation"	RelError: 2.43296e-06	AbsError: 2.49398e-06
      Equation: "PotentialEquation"	RelError: 5.14626e-08	AbsError: 5.22569e-08
    Region: "oxide"	RelError: 1.15436e-04	AbsError: 5.78225e-05
      Equation: "PotentialEquation"	RelError: 1.15436e-04	AbsError: 5.78225e-05
Iteration: 2
  Device: "mos2d"	RelError: 4.87811e-06	AbsError: 5.83850e+11
    Region: "bulk"	RelError: 4.86883e-06	AbsError: 5.83850e+11
      Equation: "ElectronContinuityEquation"	RelError: 6.99128e-07	AbsError: 5.83747e+11
      Equation: "HoleContinuityEquation"	RelError: 3.97949e-06	AbsError: 1.03370e+08
      Equation: "PotentialEquation"	RelError: 1.90212e-07	AbsError: 4.61952e-09
    Region: "gate"	RelError: 2.18564e-10	AbsError: 1.07880e+10
      Equation: "ElectronContinuityEquation"	RelError: 1.09640e-10	AbsError: 1.07880e+10
      Equation: "HoleContinuityEquation"	RelError: 1.06170e-10	AbsError: 1.07902e-10
      Equation: "PotentialEquation"	RelError: 2.75421e-12	AbsError: 2.79733e-12
    Region: "oxide"	RelError: 9.06088e-09	AbsError: 4.61952e-09
      Equation: "PotentialEquation"	RelError: 9.06088e-09	AbsError: 4.61952e-09
Succeeded
gate last end 4.200000e-01 5.000000e-01
number of equations 4346
Iteration: 0
  Device: "mos2d"	RelError: 2.77568e-01	AbsError: 4.81300e+17
    Region: "bulk"	RelError: 2.37136e-01	AbsError: 4.81300e+17
      Equation: "ElectronContinuityEquation"	RelError: 8.33471e-02	AbsError: 4.81266e+17
      Equation: "HoleContinuityEquation"	RelError: 1.00020e-01	AbsError: 3.35478e+13
      Equation: "PotentialEquation"	RelError: 5.37693e-02	AbsError: 2.35380e-03
    Region: "gate"	RelError: 2.11328e-02	AbsError: 8.92203e+16
      Equation: "ElectronContinuityEquation"	RelError: 9.15419e-04	AbsError: 8.92203e+16
      Equation: "HoleContinuityEquation"	RelError: 9.13746e-04	AbsError: 9.37522e-04
      Equation: "PotentialEquation"	RelError: 1.93036e-02	AbsError: 2.00000e-02
    Region: "oxide"	RelError: 1.92988e-02	AbsError: 1.99887e-02
      Equation: "PotentialEquation"	RelError: 1.92988e-02	AbsError: 1.99887e-02
Iteration: 1
  Device: "mos2d"	RelError: 1.02432e-02	AbsError: 1.10999e+16
    Region: "bulk"	RelError: 1.01348e-02	AbsError: 1.10999e+16
      Equation: "ElectronContinuityEquation"	RelError: 1.91843e-03	AbsError: 1.10987e+16
      Equation: "HoleContinuityEquation"	RelError: 6.35816e-03	AbsError: 1.17714e+12
      Equation: "PotentialEquation"	RelError: 1.85825e-03	AbsError: 5.25204e-05
    Region: "gate"	RelError: 3.92660e-06	AbsError: 1.52147e+14
      Equation: "ElectronContinuityEquation"	RelError: 1.54717e-06	AbsError: 1.52147e+14
      Equation: "HoleContinuityEquation"	RelError: 2.33158e-06	AbsError: 2.39225e-06
      Equation: "PotentialEquation"	RelError: 4.78439e-08	AbsError: 4.95380e-08
    Region: "oxide"	RelError: 1.04436e-04	AbsError: 5.25204e-05
      Equation: "PotentialEquation"	RelError: 1.04436e-04	AbsError: 5.25204e-05
Iteration: 2
  Device: "mos2d"	RelError: 4.00458e-06	AbsError: 5.72605e+11
    Region: "bulk"	RelError: 3.99729e-06	AbsError: 5.72605e+11
      Equation: "ElectronContinuityEquation"	RelError: 5.70918e-07	AbsError: 5.72524e+11
      Equation: "HoleContinuityEquation"	RelError: 3.28345e-06	AbsError: 8.12719e+07
      Equation: "PotentialEquation"	RelError: 1.42929e-07	AbsError: 3.64285e-09
    Region: "gate"	RelError: 1.65261e-10	AbsError: 8.16872e+09
      Equation: "ElectronContinuityEquation"	RelError: 8.30673e-11	AbsError: 8.16872e+09
      Equation: "HoleContinuityEquation"	RelError: 8.01507e-11	AbsError: 8.15048e-11
      Equation: "PotentialEquation"	RelError: 2.04333e-12	AbsError: 2.11615e-12
    Region: "oxide"	RelError: 7.11867e-09	AbsError: 3.64285e-09
      Equation: "PotentialEquation"	RelError: 7.11867e-09	AbsError: 3.64285e-09
Succeeded
gate last end 4.400000e-01 5.000000e-01
number of equations 4346
Iteration: 0
  Device: "mos2d"	RelError: 2.62903e-01	AbsError: 5.03497e+17
    Region: "bulk"	RelError: 2.23195e-01	AbsError: 5.03497e+17
      Equation: "ElectronContinuityEquation"	RelError: 8.00574e-02	AbsError: 5.03466e+17
      Equation: "HoleContinuityEquation"	RelError: 9.53195e-02	AbsError: 3.12363e+13
      Equation: "PotentialEquation"	RelError: 4.78179e-02	AbsError: 2.25282e-03
    Region: "gate"	RelError: 2.07748e-02	AbsError: 8.95084e+16
      Equation: "ElectronContinuityEquation"	RelError: 9.19220e-04	AbsError: 8.95084e+16
      Equation: "HoleContinuityEquation"	RelError: 9.17534e-04	AbsError: 9.42274e-04
      Equation: "PotentialEquation"	RelError: 1.89381e-02	AbsError: 2.00000e-02
    Region: "oxide"	RelError: 1.89334e-02	AbsError: 1.99886e-02
      Equation: "PotentialEquation"	RelError: 1.89334e-02	AbsError: 1.99886e-02
Iteration: 1
  Device: "mos2d"	RelError: 9.27087e-03	AbsError: 1.11076e+16
    Region: "bulk"	RelError: 9.17229e-03	AbsError: 1.11076e+16
      Equation: "ElectronContinuityEquation"	RelError: 1.76297e-03	AbsError: 1.11065e+16
      Equation: "HoleContinuityEquation"	RelError: 5.81795e-03	AbsError: 1.05519e+12
      Equation: "PotentialEquation"	RelError: 1.59138e-03	AbsError: 4.78939e-05
    Region: "gate"	RelError: 3.69517e-06	AbsError: 1.38613e+14
      Equation: "ElectronContinuityEquation"	RelError: 1.41035e-06	AbsError: 1.38613e+14
      Equation: "HoleContinuityEquation"	RelError: 2.24020e-06	AbsError: 2.30061e-06
      Equation: "PotentialEquation"	RelError: 4.46117e-08	AbsError: 4.70825e-08
    Region: "oxide"	RelError: 9.48783e-05	AbsError: 4.78939e-05
      Equation: "PotentialEquation"	RelError: 9.48783e-05	AbsError: 4.78939e-05
Iteration: 2
  Device: "mos2d"	RelError: 3.31565e-06	AbsError: 5.64733e+11
    Region: "bulk"	RelError: 3.30988e-06	AbsError: 5.64733e+11
      Equation: "ElectronContinuityEquation"	RelError: 4.69738e-07	AbsError: 5.64668e+11
      Equation: "HoleContinuityEquation"	RelError: 2.73063e-06	AbsError: 6.48155e+07
      Equation: "PotentialEquation"	RelError: 1.09508e-07	AbsError: 2.90097e-09
    Region: "gate"	RelError: 1.26268e-10	AbsError: 6.25119e+09
      Equation: "ElectronContinuityEquation"	RelError: 6.36044e-11	AbsError: 6.25119e+09
      Equation: "HoleContinuityEquation"	RelError: 6.11305e-11	AbsError: 6.21988e-11
      Equation: "PotentialEquation"	RelError: 1.53260e-12	AbsError: 1.61785e-12
    Region: "oxide"	RelError: 5.64903e-09	AbsError: 2.90097e-09
      Equation: "PotentialEquation"	RelError: 5.64903e-09	AbsError: 2.90097e-09
Succeeded
gate last end 4.600000e-01 5.000000e-01
number of equations 4346
Iteration: 0
  Device: "mos2d"	RelError: 2.49914e-01	AbsError: 5.25709e+17
    Region: "bulk"	RelError: 2.10903e-01	AbsError: 5.25709e+17
      Equation: "ElectronContinuityEquation"	RelError: 7.70159e-02	AbsError: 5.25679e+17
      Equation: "HoleContinuityEquation"	RelError: 9.10388e-02	AbsError: 2.91629e+13
      Equation: "PotentialEquation"	RelError: 4.28480e-02	AbsError: 2.16009e-03
    Region: "gate"	RelError: 2.04300e-02	AbsError: 8.97774e+16
      Equation: "ElectronContinuityEquation"	RelError: 9.22835e-04	AbsError: 8.97774e+16
      Equation: "HoleContinuityEquation"	RelError: 9.21135e-04	AbsError: 9.46847e-04
      Equation: "PotentialEquation"	RelError: 1.85861e-02	AbsError: 2.00000e-02
    Region: "oxide"	RelError: 1.85815e-02	AbsError: 1.99886e-02
      Equation: "PotentialEquation"	RelError: 1.85815e-02	AbsError: 1.99886e-02
Iteration: 1
  Device: "mos2d"	RelError: 8.43399e-03	AbsError: 1.11119e+16
    Region: "bulk"	RelError: 8.34396e-03	AbsError: 1.11119e+16
      Equation: "ElectronContinuityEquation"	RelError: 1.62520e-03	AbsError: 1.11110e+16
      Equation: "HoleContinuityEquation"	RelError: 5.34391e-03	AbsError: 9.49571e+11
      Equation: "PotentialEquation"	RelError: 1.37485e-03	AbsError: 4.38349e-05
    Region: "gate"	RelError: 3.50683e-06	AbsError: 1.27202e+14
      Equation: "ElectronContinuityEquation"	RelError: 1.30753e-06	AbsError: 1.27202e+14
      Equation: "HoleContinuityEquation"	RelError: 2.15758e-06	AbsError: 2.21781e-06
      Equation: "PotentialEquation"	RelError: 4.17141e-08	AbsError: 4.48578e-08
    Region: "oxide"	RelError: 8.65281e-05	AbsError: 4.38349e-05
      Equation: "PotentialEquation"	RelError: 8.65281e-05	AbsError: 4.38349e-05
Iteration: 2
  Device: "mos2d"	RelError: 2.77503e-06	AbsError: 5.59075e+11
    Region: "bulk"	RelError: 2.77041e-06	AbsError: 5.59075e+11
      Equation: "ElectronContinuityEquation"	RelError: 3.89232e-07	AbsError: 5.59023e+11
      Equation: "HoleContinuityEquation"	RelError: 2.29578e-06	AbsError: 5.23981e+07
      Equation: "PotentialEquation"	RelError: 8.54001e-08	AbsError: 2.33103e-09
    Region: "gate"	RelError: 9.74550e-11	AbsError: 4.83320e+09
      Equation: "ElectronContinuityEquation"	RelError: 4.92049e-11	AbsError: 4.83320e+09
      Equation: "HoleContinuityEquation"	RelError: 4.70884e-11	AbsError: 4.79388e-11
      Equation: "PotentialEquation"	RelError: 1.16164e-12	AbsError: 1.24948e-12
    Region: "oxide"	RelError: 4.52408e-09	AbsError: 2.33103e-09
      Equation: "PotentialEquation"	RelError: 4.52408e-09	AbsError: 2.33103e-09
Succeeded
gate last end 4.800000e-01 5.000000e-01
setting to last bias 5.000000e-01
setting next bias 5.000000e-01
number of equations 4346
Iteration: 0
  Device: "mos2d"	RelError: 2.38308e-01	AbsError: 5.47928e+17
    Region: "bulk"	RelError: 1.99968e-01	AbsError: 5.47928e+17
      Equation: "ElectronContinuityEquation"	RelError: 7.41950e-02	AbsError: 5.47901e+17
      Equation: "HoleContinuityEquation"	RelError: 8.71233e-02	AbsError: 2.72959e+13
      Equation: "PotentialEquation"	RelError: 3.86493e-02	AbsError: 2.07463e-03
    Region: "gate"	RelError: 2.00978e-02	AbsError: 9.00290e+16
      Equation: "ElectronContinuityEquation"	RelError: 9.26280e-04	AbsError: 9.00290e+16
      Equation: "HoleContinuityEquation"	RelError: 9.24567e-04	AbsError: 9.51257e-04
      Equation: "PotentialEquation"	RelError: 1.82469e-02	AbsError: 2.00000e-02
    Region: "oxide"	RelError: 1.82425e-02	AbsError: 1.99885e-02
      Equation: "PotentialEquation"	RelError: 1.82425e-02	AbsError: 1.99885e-02
Iteration: 1
  Device: "mos2d"	RelError: 7.70768e-03	AbsError: 1.11124e+16
    Region: "bulk"	RelError: 7.62514e-03	AbsError: 1.11124e+16
      Equation: "ElectronContinuityEquation"	RelError: 1.50243e-03	AbsError: 1.11116e+16
      Equation: "HoleContinuityEquation"	RelError: 4.92568e-03	AbsError: 8.57649e+11
      Equation: "PotentialEquation"	RelError: 1.19702e-03	AbsError: 4.02559e-05
    Region: "gate"	RelError: 3.34804e-06	AbsError: 1.19186e+14
      Equation: "ElectronContinuityEquation"	RelError: 1.22627e-06	AbsError: 1.19186e+14
      Equation: "HoleContinuityEquation"	RelError: 2.08267e-06	AbsError: 2.14279e-06
      Equation: "PotentialEquation"	RelError: 3.91079e-08	AbsError: 4.28364e-08
    Region: "oxide"	RelError: 7.91941e-05	AbsError: 4.02559e-05
      Equation: "PotentialEquation"	RelError: 7.91941e-05	AbsError: 4.02559e-05
Iteration: 2
  Device: "mos2d"	RelError: 2.36889e-06	AbsError: 5.54791e+11
    Region: "bulk"	RelError: 2.36514e-06	AbsError: 5.54791e+11
      Equation: "ElectronContinuityEquation"	RelError: 3.24674e-07	AbsError: 5.54748e+11
      Equation: "HoleContinuityEquation"	RelError: 1.97277e-06	AbsError: 4.29085e+07
      Equation: "PotentialEquation"	RelError: 6.76870e-08	AbsError: 1.90460e-09
    Region: "gate"	RelError: 7.62038e-11	AbsError: 3.77463e+09
      Equation: "ElectronContinuityEquation"	RelError: 3.84502e-11	AbsError: 3.77463e+09
      Equation: "HoleContinuityEquation"	RelError: 3.68639e-11	AbsError: 3.74582e-11
      Equation: "PotentialEquation"	RelError: 8.89732e-13	AbsError: 9.74787e-13
    Region: "oxide"	RelError: 3.67954e-09	AbsError: 1.90460e-09
      Equation: "PotentialEquation"	RelError: 3.67954e-09	AbsError: 1.90460e-09
Succeeded
IVPOINT	IDVD_VG1P0	5.00000000e-01	0.00000000e+00	1.19050582e-12
drain last end 0.000000e+00 2.000000e+00
number of equations 4346
Iteration: 0
  Device: "mos2d"	RelError: 8.75817e+00	AbsError: 3.96548e+17
    Region: "bulk"	RelError: 8.72206e+00	AbsError: 3.96548e+17
      Equation: "ElectronContinuityEquation"	RelError: 2.72607e+00	AbsError: 3.95098e+17
      Equation: "HoleContinuityEquation"	RelError: 3.31590e+00	AbsError: 1.45037e+15
      Equation: "PotentialEquation"	RelError: 2.68009e+00	AbsError: 2.00000e-02
    Region: "gate"	RelError: 1.27685e-03	AbsError: 6.17975e+16
      Equation: "ElectronContinuityEquation"	RelError: 6.30570e-04	AbsError: 6.17975e+16
      Equation: "HoleContinuityEquation"	RelError: 6.31367e-04	AbsError: 6.44235e-04
      Equation: "PotentialEquation"	RelError: 1.49094e-05	AbsError: 1.63340e-05
    Region: "oxide"	RelError: 3.48376e-02	AbsError: 1.88139e-02
      Equation: "PotentialEquation"	RelError: 3.48376e-02	AbsError: 1.88139e-02
Iteration: 1
  Device: "mos2d"	RelError: 9.62614e-01	AbsError: 8.13184e+15
    Region: "bulk"	RelError: 9.62371e-01	AbsError: 8.13184e+15
      Equation: "ElectronContinuityEquation"	RelError: 4.48140e-01	AbsError: 8.08593e+15
      Equation: "HoleContinuityEquation"	RelError: 5.00672e-01	AbsError: 4.59126e+13
      Equation: "PotentialEquation"	RelError: 1.35600e-02	AbsError: 1.21928e-04
    Region: "gate"	RelError: 7.33957e-06	AbsError: 3.53748e+14
      Equation: "ElectronContinuityEquation"	RelError: 3.60266e-06	AbsError: 3.53748e+14
      Equation: "HoleContinuityEquation"	RelError: 3.65121e-06	AbsError: 3.71849e-06
      Equation: "PotentialEquation"	RelError: 8.56982e-08	AbsError: 9.38911e-08
    Region: "oxide"	RelError: 2.35117e-04	AbsError: 1.21418e-04
      Equation: "PotentialEquation"	RelError: 2.35117e-04	AbsError: 1.21418e-04
Iteration: 2
  Device: "mos2d"	RelError: 1.26904e-03	AbsError: 5.00654e+11
    Region: "bulk"	RelError: 1.26900e-03	AbsError: 5.00654e+11
      Equation: "ElectronContinuityEquation"	RelError: 7.88074e-04	AbsError: 4.78449e+11
      Equation: "HoleContinuityEquation"	RelError: 4.78163e-04	AbsError: 2.22044e+10
      Equation: "PotentialEquation"	RelError: 2.76122e-06	AbsError: 2.37142e-08
    Region: "gate"	RelError: 1.34816e-09	AbsError: 6.61138e+10
      Equation: "ElectronContinuityEquation"	RelError: 6.72572e-10	AbsError: 6.61138e+10
      Equation: "HoleContinuityEquation"	RelError: 6.59850e-10	AbsError: 6.71262e-10
      Equation: "PotentialEquation"	RelError: 1.57428e-11	AbsError: 1.72483e-11
    Region: "oxide"	RelError: 4.57953e-08	AbsError: 2.35436e-08
      Equation: "PotentialEquation"	RelError: 4.57953e-08	AbsError: 2.35436e-08
Iteration: 3
  Device: "mos2d"	RelError: 1.68658e-10	AbsError: 2.54438e+04
    Region: "bulk"	RelError: 1.68656e-10	AbsError: 2.54438e+04
      Equation: "ElectronContinuityEquation"	RelError: 5.10348e-11	AbsError: 2.06474e+04
      Equation: "HoleContinuityEquation"	RelError: 1.17524e-10	AbsError: 4.79642e+03
      Equation: "PotentialEquation"	RelError: 9.68567e-14	AbsError: 4.52742e-15
    Region: "gate"	RelError: 3.86082e-16	AbsError: 8.16210e+03
      Equation: "ElectronContinuityEquation"	RelError: 8.28671e-17	AbsError: 8.16210e+03
      Equation: "HoleContinuityEquation"	RelError: 2.01915e-16	AbsError: 2.01919e-16
      Equation: "PotentialEquation"	RelError: 1.01300e-16	AbsError: 1.11032e-16
    Region: "oxide"	RelError: 1.80343e-15	AbsError: 9.25576e-16
      Equation: "PotentialEquation"	RelError: 1.80343e-15	AbsError: 9.25576e-16
Succeeded
IVPOINT	IDVD_VG1P0	5.00000000e-01	2.00000000e-02	6.56936243e-02
drain last end 2.000000e-02 2.000000e+00
number of equations 4346
Iteration: 0
  Device: "mos2d"	RelError: 7.98953e+00	AbsError: 3.80320e+17
    Region: "bulk"	RelError: 7.95465e+00	AbsError: 3.80320e+17
      Equation: "ElectronContinuityEquation"	RelError: 2.47058e+00	AbsError: 3.78882e+17
      Equation: "HoleContinuityEquation"	RelError: 3.28656e+00	AbsError: 1.43808e+15
      Equation: "PotentialEquation"	RelError: 2.19751e+00	AbsError: 2.00000e-02
    Region: "gate"	RelError: 1.27109e-03	AbsError: 6.15574e+16
      Equation: "ElectronContinuityEquation"	RelError: 6.27727e-04	AbsError: 6.15574e+16
      Equation: "HoleContinuityEquation"	RelError: 6.28516e-04	AbsError: 6.40925e-04
      Equation: "PotentialEquation"	RelError: 1.48419e-05	AbsError: 1.62603e-05
    Region: "oxide"	RelError: 3.36108e-02	AbsError: 1.87821e-02
      Equation: "PotentialEquation"	RelError: 3.36108e-02	AbsError: 1.87821e-02
Iteration: 1
  Device: "mos2d"	RelError: 9.28025e-01	AbsError: 8.26517e+15
    Region: "bulk"	RelError: 9.27773e-01	AbsError: 8.26517e+15
      Equation: "ElectronContinuityEquation"	RelError: 4.20083e-01	AbsError: 8.22199e+15
      Equation: "HoleContinuityEquation"	RelError: 4.98444e-01	AbsError: 4.31881e+13
      Equation: "PotentialEquation"	RelError: 9.24565e-03	AbsError: 1.28760e-04
    Region: "gate"	RelError: 7.66926e-06	AbsError: 3.69066e+14
      Equation: "ElectronContinuityEquation"	RelError: 3.75349e-06	AbsError: 3.69066e+14
      Equation: "HoleContinuityEquation"	RelError: 3.82623e-06	AbsError: 3.89136e-06
      Equation: "PotentialEquation"	RelError: 8.95447e-08	AbsError: 9.81086e-08
    Region: "oxide"	RelError: 2.44617e-04	AbsError: 1.27848e-04
      Equation: "PotentialEquation"	RelError: 2.44617e-04	AbsError: 1.27848e-04
Iteration: 2
  Device: "mos2d"	RelError: 1.15399e-03	AbsError: 5.85395e+11
    Region: "bulk"	RelError: 1.15394e-03	AbsError: 5.85395e+11
      Equation: "ElectronContinuityEquation"	RelError: 6.83339e-04	AbsError: 5.66241e+11
      Equation: "HoleContinuityEquation"	RelError: 4.68620e-04	AbsError: 1.91539e+10
      Equation: "PotentialEquation"	RelError: 1.98106e-06	AbsError: 2.72965e-08
    Region: "gate"	RelError: 1.56114e-09	AbsError: 7.65604e+10
      Equation: "ElectronContinuityEquation"	RelError: 7.78637e-10	AbsError: 7.65604e+10
      Equation: "HoleContinuityEquation"	RelError: 7.64273e-10	AbsError: 7.77285e-10
      Equation: "PotentialEquation"	RelError: 1.82294e-11	AbsError: 1.99728e-11
    Region: "oxide"	RelError: 5.17208e-08	AbsError: 2.70086e-08
      Equation: "PotentialEquation"	RelError: 5.17208e-08	AbsError: 2.70086e-08
Iteration: 3
  Device: "mos2d"	RelError: 1.85036e-10	AbsError: 3.03707e+04
    Region: "bulk"	RelError: 1.85033e-10	AbsError: 3.03707e+04
      Equation: "ElectronContinuityEquation"	RelError: 4.06147e-11	AbsError: 2.68738e+04
      Equation: "HoleContinuityEquation"	RelError: 1.44213e-10	AbsError: 3.49690e+03
      Equation: "PotentialEquation"	RelError: 2.05439e-13	AbsError: 3.42073e-15
    Region: "gate"	RelError: 3.98475e-16	AbsError: 1.04165e+04
      Equation: "ElectronContinuityEquation"	RelError: 1.06063e-16	AbsError: 1.04165e+04
      Equation: "HoleContinuityEquation"	RelError: 1.91104e-16	AbsError: 1.94877e-16
      Equation: "PotentialEquation"	RelError: 1.01309e-16	AbsError: 1.11042e-16
    Region: "oxide"	RelError: 2.31274e-15	AbsError: 1.21386e-15
      Equation: "PotentialEquation"	RelError: 2.31274e-15	AbsError: 1.21386e-15
Succeeded
IVPOINT	IDVD_VG1P0	5.00000000e-01	4.00000000e-02	1.28138152e-01
drain last end 4.000000e-02 2.000000e+00
number of equations 4346
Iteration: 0
  Device: "mos2d"	RelError: 1.65200e+01	AbsError: 3.63811e+17
    Region: "bulk"	RelError: 1.64863e+01	AbsError: 3.63811e+17
      Equation: "ElectronContinuityEquation"	RelError: 2.24286e+00	AbsError: 3.62393e+17
      Equation: "HoleContinuityEquation"	RelError: 3.22606e+00	AbsError: 1.41810e+15
      Equation: "PotentialEquation"	RelError: 1.10173e+01	AbsError: 2.00000e-02
    Region: "gate"	RelError: 1.26486e-03	AbsError: 6.12941e+16
      Equation: "ElectronContinuityEquation"	RelError: 6.24653e-04	AbsError: 6.12941e+16
      Equation: "HoleContinuityEquation"	RelError: 6.25434e-04	AbsError: 6.37384e-04
      Equation: "PotentialEquation"	RelError: 1.47689e-05	AbsError: 1.61806e-05
    Region: "oxide"	RelError: 3.24616e-02	AbsError: 1.87480e-02
      Equation: "PotentialEquation"	RelError: 3.24616e-02	AbsError: 1.87480e-02
Iteration: 1
  Device: "mos2d"	RelError: 9.17133e-01	AbsError: 8.39827e+15
    Region: "bulk"	RelError: 9.16869e-01	AbsError: 8.39827e+15
      Equation: "ElectronContinuityEquation"	RelError: 3.94039e-01	AbsError: 8.35829e+15
      Equation: "HoleContinuityEquation"	RelError: 4.93783e-01	AbsError: 3.99843e+13
      Equation: "PotentialEquation"	RelError: 2.90474e-02	AbsError: 1.36357e-04
    Region: "gate"	RelError: 8.12312e-06	AbsError: 3.91420e+14
      Equation: "ElectronContinuityEquation"	RelError: 3.97981e-06	AbsError: 3.91420e+14
      Equation: "HoleContinuityEquation"	RelError: 4.04847e-06	AbsError: 4.11633e-06
      Equation: "PotentialEquation"	RelError: 9.48434e-08	AbsError: 1.03915e-07
    Region: "oxide"	RelError: 2.55325e-04	AbsError: 1.35552e-04
      Equation: "PotentialEquation"	RelError: 2.55325e-04	AbsError: 1.35552e-04
Iteration: 2
  Device: "mos2d"	RelError: 1.03245e-03	AbsError: 6.88028e+11
    Region: "bulk"	RelError: 1.03239e-03	AbsError: 6.88028e+11
      Equation: "ElectronContinuityEquation"	RelError: 5.43348e-04	AbsError: 6.70649e+11
      Equation: "HoleContinuityEquation"	RelError: 4.82613e-04	AbsError: 1.73787e+10
      Equation: "PotentialEquation"	RelError: 6.43260e-06	AbsError: 3.12418e-08
    Region: "gate"	RelError: 1.79237e-09	AbsError: 8.79045e+10
      Equation: "ElectronContinuityEquation"	RelError: 8.93779e-10	AbsError: 8.79045e+10
      Equation: "HoleContinuityEquation"	RelError: 8.77666e-10	AbsError: 8.92377e-10
      Equation: "PotentialEquation"	RelError: 2.09291e-11	AbsError: 2.29308e-11
    Region: "oxide"	RelError: 5.84761e-08	AbsError: 3.10451e-08
      Equation: "PotentialEquation"	RelError: 5.84761e-08	AbsError: 3.10451e-08
Iteration: 3
  Device: "mos2d"	RelError: 2.22400e-10	AbsError: 3.54050e+04
    Region: "bulk"	RelError: 2.22397e-10	AbsError: 3.54050e+04
      Equation: "ElectronContinuityEquation"	RelError: 3.90431e-11	AbsError: 3.24890e+04
      Equation: "HoleContinuityEquation"	RelError: 1.82542e-10	AbsError: 2.91593e+03
      Equation: "PotentialEquation"	RelError: 8.11967e-13	AbsError: 3.29887e-15
    Region: "gate"	RelError: 4.59270e-16	AbsError: 1.13903e+04
      Equation: "ElectronContinuityEquation"	RelError: 1.15813e-16	AbsError: 1.13903e+04
      Equation: "HoleContinuityEquation"	RelError: 2.42095e-16	AbsError: 2.46369e-16
      Equation: "PotentialEquation"	RelError: 1.01363e-16	AbsError: 1.11102e-16
    Region: "oxide"	RelError: 3.07570e-15	AbsError: 1.65085e-15
      Equation: "PotentialEquation"	RelError: 3.07570e-15	AbsError: 1.65085e-15
Succeeded
IVPOINT	IDVD_VG1P0	5.00000000e-01	6.00000000e-02	1.87378593e-01
drain last end 6.000000e-02 2.000000e+00
number of equations 4346
Iteration: 0
  Device: "mos2d"	RelError: 1.15385e+01	AbsError: 3.47024e+17
    Region: "bulk"	RelError: 1.15059e+01	AbsError: 3.47024e+17
      Equation: "ElectronContinuityEquation"	RelError: 1.95946e+00	AbsError: 3.45633e+17
      Equation: "HoleContinuityEquation"	RelError: 3.14388e+00	AbsError: 1.39043e+15
      Equation: "PotentialEquation"	RelError: 6.40257e+00	AbsError: 2.00000e-02
    Region: "gate"	RelError: 1.25810e-03	AbsError: 6.10045e+16
      Equation: "ElectronContinuityEquation"	RelError: 6.21316e-04	AbsError: 6.10045e+16
      Equation: "HoleContinuityEquation"	RelError: 6.22089e-04	AbsError: 6.33583e-04
      Equation: "PotentialEquation"	RelError: 1.46898e-05	AbsError: 1.60941e-05
    Region: "oxide"	RelError: 3.13823e-02	AbsError: 1.87113e-02
      Equation: "PotentialEquation"	RelError: 3.13823e-02	AbsError: 1.87113e-02
Iteration: 1
  Device: "mos2d"	RelError: 8.61343e-01	AbsError: 8.53099e+15
    Region: "bulk"	RelError: 8.61069e-01	AbsError: 8.53099e+15
      Equation: "ElectronContinuityEquation"	RelError: 3.57507e-01	AbsError: 8.49070e+15
      Equation: "HoleContinuityEquation"	RelError: 4.86176e-01	AbsError: 4.02972e+13
      Equation: "PotentialEquation"	RelError: 1.73863e-02	AbsError: 1.44131e-04
    Region: "gate"	RelError: 8.57102e-06	AbsError: 4.13498e+14
      Equation: "ElectronContinuityEquation"	RelError: 4.20324e-06	AbsError: 4.13498e+14
      Equation: "HoleContinuityEquation"	RelError: 4.26772e-06	AbsError: 4.33817e-06
      Equation: "PotentialEquation"	RelError: 1.00072e-07	AbsError: 1.09644e-07
    Region: "oxide"	RelError: 2.65623e-04	AbsError: 1.43367e-04
      Equation: "PotentialEquation"	RelError: 2.65623e-04	AbsError: 1.43367e-04
Iteration: 2
  Device: "mos2d"	RelError: 9.14822e-04	AbsError: 8.10171e+11
    Region: "bulk"	RelError: 9.14754e-04	AbsError: 8.10171e+11
      Equation: "ElectronContinuityEquation"	RelError: 4.00698e-04	AbsError: 7.92004e+11
      Equation: "HoleContinuityEquation"	RelError: 5.11012e-04	AbsError: 1.81674e+10
      Equation: "PotentialEquation"	RelError: 3.04470e-06	AbsError: 3.63260e-08
    Region: "gate"	RelError: 2.03680e-09	AbsError: 9.98987e+10
      Equation: "ElectronContinuityEquation"	RelError: 1.01548e-09	AbsError: 9.98987e+10
      Equation: "HoleContinuityEquation"	RelError: 9.97538e-10	AbsError: 1.01400e-09
      Equation: "PotentialEquation"	RelError: 2.37829e-11	AbsError: 2.60577e-11
    Region: "oxide"	RelError: 6.58980e-08	AbsError: 3.59037e-08
      Equation: "PotentialEquation"	RelError: 6.58980e-08	AbsError: 3.59037e-08
Iteration: 3
  Device: "mos2d"	RelError: 2.74283e-10	AbsError: 5.13830e+04
    Region: "bulk"	RelError: 2.74278e-10	AbsError: 5.13830e+04
      Equation: "ElectronContinuityEquation"	RelError: 4.29923e-11	AbsError: 4.81872e+04
      Equation: "HoleContinuityEquation"	RelError: 2.30936e-10	AbsError: 3.19581e+03
      Equation: "PotentialEquation"	RelError: 3.49484e-13	AbsError: 3.35220e-15
    Region: "gate"	RelError: 4.64199e-16	AbsError: 1.10159e+04
      Equation: "ElectronContinuityEquation"	RelError: 1.12058e-16	AbsError: 1.10159e+04
      Equation: "HoleContinuityEquation"	RelError: 2.50783e-16	AbsError: 2.54521e-16
      Equation: "PotentialEquation"	RelError: 1.01358e-16	AbsError: 1.11096e-16
    Region: "oxide"	RelError: 4.02961e-15	AbsError: 2.19326e-15
      Equation: "PotentialEquation"	RelError: 4.02961e-15	AbsError: 2.19326e-15
Succeeded
IVPOINT	IDVD_VG1P0	5.00000000e-01	8.00000000e-02	2.43465518e-01
drain last end 8.000000e-02 2.000000e+00
number of equations 4346
Iteration: 0
  Device: "mos2d"	RelError: 7.29045e+00	AbsError: 3.29978e+17
    Region: "bulk"	RelError: 7.25883e+00	AbsError: 3.29978e+17
      Equation: "ElectronContinuityEquation"	RelError: 1.73803e+00	AbsError: 3.28611e+17
      Equation: "HoleContinuityEquation"	RelError: 3.01677e+00	AbsError: 1.36698e+15
      Equation: "PotentialEquation"	RelError: 2.50404e+00	AbsError: 2.00000e-02
    Region: "gate"	RelError: 1.25073e-03	AbsError: 6.06852e+16
      Equation: "ElectronContinuityEquation"	RelError: 6.17683e-04	AbsError: 6.06852e+16
      Equation: "HoleContinuityEquation"	RelError: 6.18447e-04	AbsError: 6.29485e-04
      Equation: "PotentialEquation"	RelError: 1.46036e-05	AbsError: 1.60000e-05
    Region: "oxide"	RelError: 3.03659e-02	AbsError: 1.86716e-02
      Equation: "PotentialEquation"	RelError: 3.03659e-02	AbsError: 1.86716e-02
Iteration: 1
  Device: "mos2d"	RelError: 8.06799e-01	AbsError: 8.65386e+15
    Region: "bulk"	RelError: 8.06515e-01	AbsError: 8.65386e+15
      Equation: "ElectronContinuityEquation"	RelError: 3.24206e-01	AbsError: 8.61353e+15
      Equation: "HoleContinuityEquation"	RelError: 4.75833e-01	AbsError: 4.03318e+13
      Equation: "PotentialEquation"	RelError: 6.47583e-03	AbsError: 1.53023e-04
    Region: "gate"	RelError: 9.00261e-06	AbsError: 4.34794e+14
      Equation: "ElectronContinuityEquation"	RelError: 4.41864e-06	AbsError: 4.34794e+14
      Equation: "HoleContinuityEquation"	RelError: 4.47886e-06	AbsError: 4.55169e-06
      Equation: "PotentialEquation"	RelError: 1.05111e-07	AbsError: 1.15166e-07
    Region: "oxide"	RelError: 2.75220e-04	AbsError: 1.51815e-04
      Equation: "PotentialEquation"	RelError: 2.75220e-04	AbsError: 1.51815e-04
Iteration: 2
  Device: "mos2d"	RelError: 8.27562e-04	AbsError: 9.46968e+11
    Region: "bulk"	RelError: 8.27485e-04	AbsError: 9.46968e+11
      Equation: "ElectronContinuityEquation"	RelError: 2.82340e-04	AbsError: 9.28771e+11
      Equation: "HoleContinuityEquation"	RelError: 5.43384e-04	AbsError: 1.81965e+10
      Equation: "PotentialEquation"	RelError: 1.76044e-06	AbsError: 4.17530e-08
    Region: "gate"	RelError: 2.28644e-09	AbsError: 1.12153e+11
      Equation: "ElectronContinuityEquation"	RelError: 1.13977e-09	AbsError: 1.12153e+11
      Equation: "HoleContinuityEquation"	RelError: 1.11998e-09	AbsError: 1.13819e-09
      Equation: "PotentialEquation"	RelError: 2.66973e-11	AbsError: 2.92511e-11
    Region: "oxide"	RelError: 7.48384e-08	AbsError: 4.14203e-08
      Equation: "PotentialEquation"	RelError: 7.48384e-08	AbsError: 4.14203e-08
Iteration: 3
  Device: "mos2d"	RelError: 3.31767e-10	AbsError: 8.11386e+04
    Region: "bulk"	RelError: 3.31761e-10	AbsError: 8.11386e+04
      Equation: "ElectronContinuityEquation"	RelError: 4.14582e-11	AbsError: 7.79552e+04
      Equation: "HoleContinuityEquation"	RelError: 2.90167e-10	AbsError: 3.18343e+03
      Equation: "PotentialEquation"	RelError: 1.35800e-13	AbsError: 3.28211e-15
    Region: "gate"	RelError: 4.39119e-16	AbsError: 1.03639e+04
      Equation: "ElectronContinuityEquation"	RelError: 1.05155e-16	AbsError: 1.03639e+04
      Equation: "HoleContinuityEquation"	RelError: 2.32524e-16	AbsError: 2.36456e-16
      Equation: "PotentialEquation"	RelError: 1.01439e-16	AbsError: 1.11185e-16
    Region: "oxide"	RelError: 5.45270e-15	AbsError: 3.01787e-15
      Equation: "PotentialEquation"	RelError: 5.45270e-15	AbsError: 3.01787e-15
Succeeded
IVPOINT	IDVD_VG1P0	5.00000000e-01	1.00000000e-01	2.96455806e-01
drain last end 1.000000e-01 2.000000e+00
number of equations 4346
Iteration: 0
  Device: "mos2d"	RelError: 1.12356e+01	AbsError: 3.12711e+17
    Region: "bulk"	RelError: 1.12049e+01	AbsError: 3.12711e+17
      Equation: "ElectronContinuityEquation"	RelError: 1.48613e+00	AbsError: 3.11348e+17
      Equation: "HoleContinuityEquation"	RelError: 2.81543e+00	AbsError: 1.36288e+15
      Equation: "PotentialEquation"	RelError: 6.90337e+00	AbsError: 2.00000e-02
    Region: "gate"	RelError: 1.24269e-03	AbsError: 6.03323e+16
      Equation: "ElectronContinuityEquation"	RelError: 6.13715e-04	AbsError: 6.03323e+16
      Equation: "HoleContinuityEquation"	RelError: 6.14469e-04	AbsError: 6.25054e-04
      Equation: "PotentialEquation"	RelError: 1.45095e-05	AbsError: 1.58971e-05
    Region: "oxide"	RelError: 2.94064e-02	AbsError: 1.86288e-02
      Equation: "PotentialEquation"	RelError: 2.94064e-02	AbsError: 1.86288e-02
Iteration: 1
  Device: "mos2d"	RelError: 7.83542e-01	AbsError: 8.75909e+15
    Region: "bulk"	RelError: 7.83246e-01	AbsError: 8.75909e+15
      Equation: "ElectronContinuityEquation"	RelError: 2.84688e-01	AbsError: 8.71937e+15
      Equation: "HoleContinuityEquation"	RelError: 4.55264e-01	AbsError: 3.97173e+13
      Equation: "PotentialEquation"	RelError: 4.32948e-02	AbsError: 1.61629e-04
    Region: "gate"	RelError: 9.54692e-06	AbsError: 4.56692e+14
      Equation: "ElectronContinuityEquation"	RelError: 4.64207e-06	AbsError: 4.56692e+14
      Equation: "HoleContinuityEquation"	RelError: 4.79339e-06	AbsError: 4.87226e-06
      Equation: "PotentialEquation"	RelError: 1.11466e-07	AbsError: 1.22128e-07
    Region: "oxide"	RelError: 2.85477e-04	AbsError: 1.61148e-04
      Equation: "PotentialEquation"	RelError: 2.85477e-04	AbsError: 1.61148e-04
Iteration: 2
  Device: "mos2d"	RelError: 7.94389e-04	AbsError: 1.12281e+12
    Region: "bulk"	RelError: 7.94303e-04	AbsError: 1.12281e+12
      Equation: "ElectronContinuityEquation"	RelError: 2.05358e-04	AbsError: 1.10527e+12
      Equation: "HoleContinuityEquation"	RelError: 5.76514e-04	AbsError: 1.75429e+10
      Equation: "PotentialEquation"	RelError: 1.24310e-05	AbsError: 4.79601e-08
    Region: "gate"	RelError: 2.54916e-09	AbsError: 1.25137e+11
      Equation: "ElectronContinuityEquation"	RelError: 1.26933e-09	AbsError: 1.25137e+11
      Equation: "HoleContinuityEquation"	RelError: 1.25007e-09	AbsError: 1.26801e-09
      Equation: "PotentialEquation"	RelError: 2.97640e-11	AbsError: 3.26126e-11
    Region: "oxide"	RelError: 8.39462e-08	AbsError: 4.78115e-08
      Equation: "PotentialEquation"	RelError: 8.39462e-08	AbsError: 4.78115e-08
Iteration: 3
  Device: "mos2d"	RelError: 3.99955e-10	AbsError: 1.27277e+05
    Region: "bulk"	RelError: 3.99947e-10	AbsError: 1.27277e+05
      Equation: "ElectronContinuityEquation"	RelError: 3.78104e-11	AbsError: 1.24314e+05
      Equation: "HoleContinuityEquation"	RelError: 3.61463e-10	AbsError: 2.96314e+03
      Equation: "PotentialEquation"	RelError: 6.73599e-13	AbsError: 4.18185e-15
    Region: "gate"	RelError: 4.21406e-16	AbsError: 1.22328e+04
      Equation: "ElectronContinuityEquation"	RelError: 1.24084e-16	AbsError: 1.22328e+04
      Equation: "HoleContinuityEquation"	RelError: 1.96007e-16	AbsError: 1.96010e-16
      Equation: "PotentialEquation"	RelError: 1.01316e-16	AbsError: 1.11049e-16
    Region: "oxide"	RelError: 7.33183e-15	AbsError: 4.18185e-15
      Equation: "PotentialEquation"	RelError: 7.33183e-15	AbsError: 4.18185e-15
Succeeded
IVPOINT	IDVD_VG1P0	5.00000000e-01	1.20000000e-01	3.46413462e-01
drain last end 1.200000e-01 2.000000e+00
number of equations 4346
Iteration: 0
  Device: "mos2d"	RelError: 1.14509e+01	AbsError: 2.95234e+17
    Region: "bulk"	RelError: 1.14212e+01	AbsError: 2.95234e+17
      Equation: "ElectronContinuityEquation"	RelError: 1.30014e+00	AbsError: 2.93882e+17
      Equation: "HoleContinuityEquation"	RelError: 2.75240e+00	AbsError: 1.35228e+15
      Equation: "PotentialEquation"	RelError: 7.36861e+00	AbsError: 2.00000e-02
    Region: "gate"	RelError: 1.23388e-03	AbsError: 5.99412e+16
      Equation: "ElectronContinuityEquation"	RelError: 6.09367e-04	AbsError: 5.99412e+16
      Equation: "HoleContinuityEquation"	RelError: 6.10111e-04	AbsError: 6.20243e-04
      Equation: "PotentialEquation"	RelError: 1.44065e-05	AbsError: 1.57844e-05
    Region: "oxide"	RelError: 2.84981e-02	AbsError: 1.85823e-02
      Equation: "PotentialEquation"	RelError: 2.84981e-02	AbsError: 1.85823e-02
Iteration: 1
  Device: "mos2d"	RelError: 7.03977e-01	AbsError: 8.83754e+15
    Region: "bulk"	RelError: 7.03671e-01	AbsError: 8.83754e+15
      Equation: "ElectronContinuityEquation"	RelError: 2.50909e-01	AbsError: 8.79903e+15
      Equation: "HoleContinuityEquation"	RelError: 4.46979e-01	AbsError: 3.85179e+13
      Equation: "PotentialEquation"	RelError: 5.78241e-03	AbsError: 1.71777e-04
    Region: "gate"	RelError: 1.03059e-05	AbsError: 4.94139e+14
      Equation: "ElectronContinuityEquation"	RelError: 5.02082e-06	AbsError: 4.94139e+14
      Equation: "HoleContinuityEquation"	RelError: 5.16479e-06	AbsError: 5.24781e-06
      Equation: "PotentialEquation"	RelError: 1.20327e-07	AbsError: 1.31838e-07
    Region: "oxide"	RelError: 2.96043e-04	AbsError: 1.71365e-04
      Equation: "PotentialEquation"	RelError: 2.96043e-04	AbsError: 1.71365e-04
Iteration: 2
  Device: "mos2d"	RelError: 7.97082e-04	AbsError: 1.32208e+12
    Region: "bulk"	RelError: 7.96984e-04	AbsError: 1.32208e+12
      Equation: "ElectronContinuityEquation"	RelError: 1.86243e-04	AbsError: 1.30575e+12
      Equation: "HoleContinuityEquation"	RelError: 6.08988e-04	AbsError: 1.63293e+10
      Equation: "PotentialEquation"	RelError: 1.75233e-06	AbsError: 5.57712e-08
    Region: "gate"	RelError: 3.06817e-09	AbsError: 1.50495e+11
      Equation: "ElectronContinuityEquation"	RelError: 1.52914e-09	AbsError: 1.50495e+11
      Equation: "HoleContinuityEquation"	RelError: 1.50320e-09	AbsError: 1.52737e-09
      Equation: "PotentialEquation"	RelError: 3.58270e-11	AbsError: 3.92543e-11
    Region: "oxide"	RelError: 9.54424e-08	AbsError: 5.53733e-08
      Equation: "PotentialEquation"	RelError: 9.54424e-08	AbsError: 5.53733e-08
Iteration: 3
  Device: "mos2d"	RelError: 4.83796e-10	AbsError: 1.83084e+05
    Region: "bulk"	RelError: 4.83786e-10	AbsError: 1.83084e+05
      Equation: "ElectronContinuityEquation"	RelError: 3.33532e-11	AbsError: 1.80527e+05
      Equation: "HoleContinuityEquation"	RelError: 4.50315e-10	AbsError: 2.55763e+03
      Equation: "PotentialEquation"	RelError: 1.17220e-13	AbsError: 5.75571e-15
    Region: "gate"	RelError: 6.03712e-16	AbsError: 1.82921e+04
      Equation: "ElectronContinuityEquation"	RelError: 1.85861e-16	AbsError: 1.82921e+04
      Equation: "HoleContinuityEquation"	RelError: 3.16495e-16	AbsError: 3.20954e-16
      Equation: "PotentialEquation"	RelError: 1.01356e-16	AbsError: 1.11093e-16
    Region: "oxide"	RelError: 9.86465e-15	AbsError: 5.75571e-15
      Equation: "PotentialEquation"	RelError: 9.86465e-15	AbsError: 5.75571e-15
Succeeded
IVPOINT	IDVD_VG1P0	5.00000000e-01	1.40000000e-01	3.93410489e-01
drain last end 1.400000e-01 2.000000e+00
number of equations 4346
Iteration: 0
  Device: "mos2d"	RelError: 1.97654e+02	AbsError: 2.77603e+17
    Region: "bulk"	RelError: 1.97625e+02	AbsError: 2.77603e+17
      Equation: "ElectronContinuityEquation"	RelError: 1.21362e+00	AbsError: 2.76267e+17
      Equation: "HoleContinuityEquation"	RelError: 2.63247e+00	AbsError: 1.33521e+15
      Equation: "PotentialEquation"	RelError: 1.93779e+02	AbsError: 2.00000e-02
    Region: "gate"	RelError: 1.22421e-03	AbsError: 5.95072e+16
      Equation: "ElectronContinuityEquation"	RelError: 6.04591e-04	AbsError: 5.95072e+16
      Equation: "HoleContinuityEquation"	RelError: 6.05322e-04	AbsError: 6.15004e-04
      Equation: "PotentialEquation"	RelError: 1.42933e-05	AbsError: 1.56606e-05
    Region: "oxide"	RelError: 2.76362e-02	AbsError: 1.85318e-02
      Equation: "PotentialEquation"	RelError: 2.76362e-02	AbsError: 1.85318e-02
Iteration: 1
  Device: "mos2d"	RelError: 1.79158e+00	AbsError: 8.88051e+15
    Region: "bulk"	RelError: 1.79126e+00	AbsError: 8.88051e+15
      Equation: "ElectronContinuityEquation"	RelError: 2.25942e-01	AbsError: 8.84166e+15
      Equation: "HoleContinuityEquation"	RelError: 4.35910e-01	AbsError: 3.88524e+13
      Equation: "PotentialEquation"	RelError: 1.12941e+00	AbsError: 1.81918e-04
    Region: "gate"	RelError: 1.10706e-05	AbsError: 5.31901e+14
      Equation: "ElectronContinuityEquation"	RelError: 5.40254e-06	AbsError: 5.31901e+14
      Equation: "HoleContinuityEquation"	RelError: 5.53878e-06	AbsError: 5.62576e-06
      Equation: "PotentialEquation"	RelError: 1.29254e-07	AbsError: 1.41620e-07
    Region: "oxide"	RelError: 3.06990e-04	AbsError: 1.81009e-04
      Equation: "PotentialEquation"	RelError: 3.06990e-04	AbsError: 1.81009e-04
Iteration: 2
  Device: "mos2d"	RelError: 1.00630e-03	AbsError: 1.53198e+12
    Region: "bulk"	RelError: 1.00619e-03	AbsError: 1.53198e+12
      Equation: "ElectronContinuityEquation"	RelError: 1.71518e-04	AbsError: 1.51727e+12
      Equation: "HoleContinuityEquation"	RelError: 6.38980e-04	AbsError: 1.47067e+10
      Equation: "PotentialEquation"	RelError: 1.95695e-04	AbsError: 6.41244e-08
    Region: "gate"	RelError: 3.68044e-09	AbsError: 1.80535e+11
      Equation: "ElectronContinuityEquation"	RelError: 1.83370e-09	AbsError: 1.80535e+11
      Equation: "HoleContinuityEquation"	RelError: 1.80377e-09	AbsError: 1.83210e-09
      Equation: "PotentialEquation"	RelError: 4.29755e-11	AbsError: 4.70870e-11
    Region: "oxide"	RelError: 1.06802e-07	AbsError: 6.35518e-08
      Equation: "PotentialEquation"	RelError: 1.06802e-07	AbsError: 6.35518e-08
Iteration: 3
  Device: "mos2d"	RelError: 6.12960e-10	AbsError: 2.46307e+05
    Region: "bulk"	RelError: 6.12946e-10	AbsError: 2.46307e+05
      Equation: "ElectronContinuityEquation"	RelError: 3.24235e-11	AbsError: 2.44243e+05
      Equation: "HoleContinuityEquation"	RelError: 5.58870e-10	AbsError: 2.06341e+03
      Equation: "PotentialEquation"	RelError: 2.16523e-11	AbsError: 7.92458e-15
    Region: "gate"	RelError: 6.72938e-16	AbsError: 1.79911e+04
      Equation: "ElectronContinuityEquation"	RelError: 1.82400e-16	AbsError: 1.79911e+04
      Equation: "HoleContinuityEquation"	RelError: 3.83125e-16	AbsError: 3.89141e-16
      Equation: "PotentialEquation"	RelError: 1.07413e-16	AbsError: 1.17695e-16
    Region: "oxide"	RelError: 1.30882e-14	AbsError: 7.92340e-15
      Equation: "PotentialEquation"	RelError: 1.30882e-14	AbsError: 7.92340e-15
Succeeded
IVPOINT	IDVD_VG1P0	5.00000000e-01	1.60000000e-01	4.37527791e-01
drain last end 1.600000e-01 2.000000e+00
number of equations 4346
Iteration: 0
  Device: "mos2d"	RelError: 6.01478e+00	AbsError: 2.59895e+17
    Region: "bulk"	RelError: 5.98675e+00	AbsError: 2.59895e+17
      Equation: "ElectronContinuityEquation"	RelError: 1.11550e+00	AbsError: 2.58583e+17
      Equation: "HoleContinuityEquation"	RelError: 2.47608e+00	AbsError: 1.31172e+15
      Equation: "PotentialEquation"	RelError: 2.39518e+00	AbsError: 2.00000e-02
    Region: "gate"	RelError: 1.21355e-03	AbsError: 5.90249e+16
      Equation: "ElectronContinuityEquation"	RelError: 5.99332e-04	AbsError: 5.90249e+16
      Equation: "HoleContinuityEquation"	RelError: 6.00052e-04	AbsError: 6.09285e-04
      Equation: "PotentialEquation"	RelError: 1.41687e-05	AbsError: 1.55243e-05
    Region: "oxide"	RelError: 2.68161e-02	AbsError: 1.84766e-02
      Equation: "PotentialEquation"	RelError: 2.68161e-02	AbsError: 1.84766e-02
Iteration: 1
  Device: "mos2d"	RelError: 6.33291e-01	AbsError: 8.87417e+15
    Region: "bulk"	RelError: 6.32962e-01	AbsError: 8.87417e+15
      Equation: "ElectronContinuityEquation"	RelError: 2.10048e-01	AbsError: 8.83530e+15
      Equation: "HoleContinuityEquation"	RelError: 4.14816e-01	AbsError: 3.88742e+13
      Equation: "PotentialEquation"	RelError: 8.09804e-03	AbsError: 1.91142e-04
    Region: "gate"	RelError: 1.18175e-05	AbsError: 5.68837e+14
      Equation: "ElectronContinuityEquation"	RelError: 5.77567e-06	AbsError: 5.68837e+14
      Equation: "HoleContinuityEquation"	RelError: 5.90386e-06	AbsError: 5.99446e-06
      Equation: "PotentialEquation"	RelError: 1.37973e-07	AbsError: 1.51175e-07
    Region: "oxide"	RelError: 3.16818e-04	AbsError: 1.89690e-04
      Equation: "PotentialEquation"	RelError: 3.16818e-04	AbsError: 1.89690e-04
Iteration: 2
  Device: "mos2d"	RelError: 8.33465e-04	AbsError: 1.74017e+12
    Region: "bulk"	RelError: 8.33343e-04	AbsError: 1.74017e+12
      Equation: "ElectronContinuityEquation"	RelError: 1.62709e-04	AbsError: 1.72499e+12
      Equation: "HoleContinuityEquation"	RelError: 6.67471e-04	AbsError: 1.51795e+10
      Equation: "PotentialEquation"	RelError: 3.16324e-06	AbsError: 7.31032e-08
    Region: "gate"	RelError: 4.33767e-09	AbsError: 2.12791e+11
      Equation: "ElectronContinuityEquation"	RelError: 2.16056e-09	AbsError: 2.12791e+11
      Equation: "HoleContinuityEquation"	RelError: 2.12646e-09	AbsError: 2.15910e-09
      Equation: "PotentialEquation"	RelError: 5.06485e-11	AbsError: 5.54946e-11
    Region: "oxide"	RelError: 1.17208e-07	AbsError: 7.22644e-08
      Equation: "PotentialEquation"	RelError: 1.17208e-07	AbsError: 7.22644e-08
Iteration: 3
  Device: "mos2d"	RelError: 7.18308e-10	AbsError: 3.17923e+05
    Region: "bulk"	RelError: 7.18290e-10	AbsError: 3.17923e+05
      Equation: "ElectronContinuityEquation"	RelError: 2.87881e-11	AbsError: 3.15080e+05
      Equation: "HoleContinuityEquation"	RelError: 6.89194e-10	AbsError: 2.84352e+03
      Equation: "PotentialEquation"	RelError: 3.07635e-13	AbsError: 1.09192e-14
    Region: "gate"	RelError: 9.09248e-16	AbsError: 3.56283e+04
      Equation: "ElectronContinuityEquation"	RelError: 3.61750e-16	AbsError: 3.56283e+04
      Equation: "HoleContinuityEquation"	RelError: 4.46113e-16	AbsError: 4.52175e-16
      Equation: "PotentialEquation"	RelError: 1.01385e-16	AbsError: 1.11125e-16
    Region: "oxide"	RelError: 1.75437e-14	AbsError: 1.09069e-14
      Equation: "PotentialEquation"	RelError: 1.75437e-14	AbsError: 1.09069e-14
Succeeded
IVPOINT	IDVD_VG1P0	5.00000000e-01	1.80000000e-01	4.78856065e-01
drain last end 1.800000e-01 2.000000e+00
number of equations 4346
Iteration: 0
  Device: "mos2d"	RelError: 2.32666e+02	AbsError: 2.42213e+17
    Region: "bulk"	RelError: 2.32639e+02	AbsError: 2.42213e+17
      Equation: "ElectronContinuityEquation"	RelError: 1.03498e+00	AbsError: 2.40931e+17
      Equation: "HoleContinuityEquation"	RelError: 2.41474e+00	AbsError: 1.28195e+15
      Equation: "PotentialEquation"	RelError: 2.29189e+02	AbsError: 2.00000e-02
    Region: "gate"	RelError: 1.20181e-03	AbsError: 5.84887e+16
      Equation: "ElectronContinuityEquation"	RelError: 5.93536e-04	AbsError: 5.84887e+16
      Equation: "HoleContinuityEquation"	RelError: 5.94242e-04	AbsError: 6.03030e-04
      Equation: "PotentialEquation"	RelError: 1.40314e-05	AbsError: 1.53741e-05
    Region: "oxide"	RelError: 2.60336e-02	AbsError: 1.84161e-02
      Equation: "PotentialEquation"	RelError: 2.60336e-02	AbsError: 1.84161e-02
Iteration: 1
  Device: "mos2d"	RelError: 1.02297e+00	AbsError: 8.80606e+15
    Region: "bulk"	RelError: 1.02264e+00	AbsError: 8.80606e+15
      Equation: "ElectronContinuityEquation"	RelError: 1.91680e-01	AbsError: 8.76771e+15
      Equation: "HoleContinuityEquation"	RelError: 4.08271e-01	AbsError: 3.83524e+13
      Equation: "PotentialEquation"	RelError: 4.22685e-01	AbsError: 1.99639e-04
    Region: "gate"	RelError: 1.25173e-05	AbsError: 6.03512e+14
      Equation: "ElectronContinuityEquation"	RelError: 6.12566e-06	AbsError: 6.03512e+14
      Equation: "HoleContinuityEquation"	RelError: 6.24553e-06	AbsError: 6.33922e-06
      Equation: "PotentialEquation"	RelError: 1.46143e-07	AbsError: 1.60127e-07
    Region: "oxide"	RelError: 3.24229e-04	AbsError: 1.98291e-04
      Equation: "PotentialEquation"	RelError: 3.24229e-04	AbsError: 1.98291e-04
Iteration: 2
  Device: "mos2d"	RelError: 9.19935e-04	AbsError: 1.92527e+12
    Region: "bulk"	RelError: 9.19800e-04	AbsError: 1.92527e+12
      Equation: "ElectronContinuityEquation"	RelError: 1.51849e-04	AbsError: 1.90768e+12
      Equation: "HoleContinuityEquation"	RelError: 6.86520e-04	AbsError: 1.75944e+10
      Equation: "PotentialEquation"	RelError: 8.14307e-05	AbsError: 8.28604e-08
    Region: "gate"	RelError: 5.00159e-09	AbsError: 2.45391e+11
      Equation: "ElectronContinuityEquation"	RelError: 2.49073e-09	AbsError: 2.45391e+11
      Equation: "HoleContinuityEquation"	RelError: 2.45246e-09	AbsError: 2.48926e-09
      Equation: "PotentialEquation"	RelError: 5.83996e-11	AbsError: 6.39878e-11
    Region: "oxide"	RelError: 1.30184e-07	AbsError: 8.17700e-08
      Equation: "PotentialEquation"	RelError: 1.30184e-07	AbsError: 8.17700e-08
Iteration: 3
  Device: "mos2d"	RelError: 8.69305e-10	AbsError: 4.07410e+05
    Region: "bulk"	RelError: 8.69280e-10	AbsError: 4.07410e+05
      Equation: "ElectronContinuityEquation"	RelError: 2.13399e-11	AbsError: 4.03606e+05
      Equation: "HoleContinuityEquation"	RelError: 8.33734e-10	AbsError: 3.80404e+03
      Equation: "PotentialEquation"	RelError: 1.42064e-11	AbsError: 1.48667e-14
    Region: "gate"	RelError: 1.06968e-15	AbsError: 4.65694e+04
      Equation: "ElectronContinuityEquation"	RelError: 4.72680e-16	AbsError: 4.65694e+04
      Equation: "HoleContinuityEquation"	RelError: 4.95704e-16	AbsError: 5.03141e-16
      Equation: "PotentialEquation"	RelError: 1.01293e-16	AbsError: 1.11025e-16
    Region: "oxide"	RelError: 2.37940e-14	AbsError: 1.48667e-14
      Equation: "PotentialEquation"	RelError: 2.37940e-14	AbsError: 1.48667e-14
Succeeded
IVPOINT	IDVD_VG1P0	5.00000000e-01	2.00000000e-01	5.17496605e-01
drain last end 2.000000e-01 2.000000e+00
number of equations 4346
Iteration: 0
  Device: "mos2d"	RelError: 5.17808e+00	AbsError: 2.24688e+17
    Region: "bulk"	RelError: 5.15160e+00	AbsError: 2.24688e+17
      Equation: "ElectronContinuityEquation"	RelError: 9.61669e-01	AbsError: 2.23437e+17
      Equation: "HoleContinuityEquation"	RelError: 2.34084e+00	AbsError: 1.25132e+15
      Equation: "PotentialEquation"	RelError: 1.84909e+00	AbsError: 2.00000e-02
    Region: "gate"	RelError: 1.18886e-03	AbsError: 5.78926e+16
      Equation: "ElectronContinuityEquation"	RelError: 5.87145e-04	AbsError: 5.78926e+16
      Equation: "HoleContinuityEquation"	RelError: 5.87835e-04	AbsError: 5.96180e-04
      Equation: "PotentialEquation"	RelError: 1.38800e-05	AbsError: 1.52085e-05
    Region: "oxide"	RelError: 2.52850e-02	AbsError: 1.83497e-02
      Equation: "PotentialEquation"	RelError: 2.52850e-02	AbsError: 1.83497e-02
Iteration: 1
  Device: "mos2d"	RelError: 5.81790e-01	AbsError: 8.66501e+15
    Region: "bulk"	RelError: 5.81449e-01	AbsError: 8.66501e+15
      Equation: "ElectronContinuityEquation"	RelError: 1.76212e-01	AbsError: 8.62767e+15
      Equation: "HoleContinuityEquation"	RelError: 3.99864e-01	AbsError: 3.73376e+13
      Equation: "PotentialEquation"	RelError: 5.37237e-03	AbsError: 2.07672e-04
    Region: "gate"	RelError: 1.31354e-05	AbsError: 6.34229e+14
      Equation: "ElectronContinuityEquation"	RelError: 6.43533e-06	AbsError: 6.34229e+14
      Equation: "HoleContinuityEquation"	RelError: 6.54670e-06	AbsError: 6.64274e-06
      Equation: "PotentialEquation"	RelError: 1.53358e-07	AbsError: 1.68034e-07
    Region: "oxide"	RelError: 3.28599e-04	AbsError: 2.06280e-04
      Equation: "PotentialEquation"	RelError: 3.28599e-04	AbsError: 2.06280e-04
Iteration: 2
  Device: "mos2d"	RelError: 8.30578e-04	AbsError: 2.05869e+12
    Region: "bulk"	RelError: 8.30428e-04	AbsError: 2.05869e+12
      Equation: "ElectronContinuityEquation"	RelError: 1.38307e-04	AbsError: 2.03915e+12
      Equation: "HoleContinuityEquation"	RelError: 6.91063e-04	AbsError: 1.95456e+10
      Equation: "PotentialEquation"	RelError: 1.05841e-06	AbsError: 9.26511e-08
    Region: "gate"	RelError: 5.61527e-09	AbsError: 2.75550e+11
      Equation: "ElectronContinuityEquation"	RelError: 2.79592e-09	AbsError: 2.75550e+11
      Equation: "HoleContinuityEquation"	RelError: 2.75379e-09	AbsError: 2.79418e-09
      Equation: "PotentialEquation"	RelError: 6.55638e-11	AbsError: 7.18381e-11
    Region: "oxide"	RelError: 1.44309e-07	AbsError: 9.16509e-08
      Equation: "PotentialEquation"	RelError: 1.44309e-07	AbsError: 9.16509e-08
Iteration: 3
  Device: "mos2d"	RelError: 9.83851e-10	AbsError: 4.77898e+05
    Region: "bulk"	RelError: 9.83819e-10	AbsError: 4.77898e+05
      Equation: "ElectronContinuityEquation"	RelError: 1.97052e-11	AbsError: 4.73188e+05
      Equation: "HoleContinuityEquation"	RelError: 9.63938e-10	AbsError: 4.70951e+03
      Equation: "PotentialEquation"	RelError: 1.76046e-13	AbsError: 1.97426e-14
    Region: "gate"	RelError: 1.09658e-15	AbsError: 4.75065e+04
      Equation: "ElectronContinuityEquation"	RelError: 4.82034e-16	AbsError: 4.75065e+04
      Equation: "HoleContinuityEquation"	RelError: 5.13121e-16	AbsError: 5.19859e-16
      Equation: "PotentialEquation"	RelError: 1.01430e-16	AbsError: 1.11174e-16
    Region: "oxide"	RelError: 3.08410e-14	AbsError: 1.96628e-14
      Equation: "PotentialEquation"	RelError: 3.08410e-14	AbsError: 1.96628e-14
Succeeded
IVPOINT	IDVD_VG1P0	5.00000000e-01	2.20000000e-01	5.53561920e-01
drain last end 2.200000e-01 2.000000e+00
number of equations 4346
Iteration: 0
  Device: "mos2d"	RelError: 1.52001e+01	AbsError: 2.07485e+17
    Region: "bulk"	RelError: 1.51744e+01	AbsError: 2.07485e+17
      Equation: "ElectronContinuityEquation"	RelError: 8.91219e-01	AbsError: 2.06249e+17
      Equation: "HoleContinuityEquation"	RelError: 2.25876e+00	AbsError: 1.23603e+15
      Equation: "PotentialEquation"	RelError: 1.20244e+01	AbsError: 2.00000e-02
    Region: "gate"	RelError: 1.17459e-03	AbsError: 5.72312e+16
      Equation: "ElectronContinuityEquation"	RelError: 5.80102e-04	AbsError: 5.72312e+16
      Equation: "HoleContinuityEquation"	RelError: 5.80776e-04	AbsError: 5.88680e-04
      Equation: "PotentialEquation"	RelError: 1.37132e-05	AbsError: 1.50259e-05
    Region: "oxide"	RelError: 2.45665e-02	AbsError: 1.82764e-02
      Equation: "PotentialEquation"	RelError: 2.45665e-02	AbsError: 1.82764e-02
Iteration: 1
  Device: "mos2d"	RelError: 5.92745e-01	AbsError: 8.44482e+15
    Region: "bulk"	RelError: 5.92402e-01	AbsError: 8.44482e+15
      Equation: "ElectronContinuityEquation"	RelError: 1.63108e-01	AbsError: 8.40657e+15
      Equation: "HoleContinuityEquation"	RelError: 3.89449e-01	AbsError: 3.82508e+13
      Equation: "PotentialEquation"	RelError: 3.98445e-02	AbsError: 2.14702e-04
    Region: "gate"	RelError: 1.36338e-05	AbsError: 6.59131e+14
      Equation: "ElectronContinuityEquation"	RelError: 6.68590e-06	AbsError: 6.59131e+14
      Equation: "HoleContinuityEquation"	RelError: 6.78872e-06	AbsError: 6.88614e-06
      Equation: "PotentialEquation"	RelError: 1.59176e-07	AbsError: 1.74410e-07
    Region: "oxide"	RelError: 3.29368e-04	AbsError: 2.12629e-04
      Equation: "PotentialEquation"	RelError: 3.29368e-04	AbsError: 2.12629e-04
Iteration: 2
  Device: "mos2d"	RelError: 8.06998e-04	AbsError: 2.11303e+12
    Region: "bulk"	RelError: 8.06837e-04	AbsError: 2.11303e+12
      Equation: "ElectronContinuityEquation"	RelError: 1.21748e-04	AbsError: 2.09214e+12
      Equation: "HoleContinuityEquation"	RelError: 6.75452e-04	AbsError: 2.08893e+10
      Equation: "PotentialEquation"	RelError: 9.63714e-06	AbsError: 1.01569e-07
    Region: "gate"	RelError: 6.10554e-09	AbsError: 2.99682e+11
      Equation: "ElectronContinuityEquation"	RelError: 3.03982e-09	AbsError: 2.99682e+11
      Equation: "HoleContinuityEquation"	RelError: 2.99443e-09	AbsError: 3.03740e-09
      Equation: "PotentialEquation"	RelError: 7.12871e-11	AbsError: 7.81097e-11
    Region: "oxide"	RelError: 1.55250e-07	AbsError: 1.00604e-07
      Equation: "PotentialEquation"	RelError: 1.55250e-07	AbsError: 1.00604e-07
Iteration: 3
  Device: "mos2d"	RelError: 1.11603e-09	AbsError: 5.06348e+05
    Region: "bulk"	RelError: 1.11599e-09	AbsError: 5.06348e+05
      Equation: "ElectronContinuityEquation"	RelError: 2.70479e-11	AbsError: 5.00902e+05
      Equation: "HoleContinuityEquation"	RelError: 1.08728e-09	AbsError: 5.44619e+03
      Equation: "PotentialEquation"	RelError: 1.66121e-12	AbsError: 2.51425e-14
    Region: "gate"	RelError: 1.38451e-15	AbsError: 6.86455e+04
      Equation: "ElectronContinuityEquation"	RelError: 6.96306e-16	AbsError: 6.86455e+04
      Equation: "HoleContinuityEquation"	RelError: 5.86707e-16	AbsError: 5.95127e-16
      Equation: "PotentialEquation"	RelError: 1.01498e-16	AbsError: 1.11249e-16
    Region: "oxide"	RelError: 3.86412e-14	AbsError: 2.51425e-14
      Equation: "PotentialEquation"	RelError: 3.86412e-14	AbsError: 2.51425e-14
Succeeded
IVPOINT	IDVD_VG1P0	5.00000000e-01	2.40000000e-01	5.87176033e-01
drain last end 2.400000e-01 2.000000e+00
number of equations 4346
Iteration: 0
  Device: "mos2d"	RelError: 5.65639e+00	AbsError: 1.95582e+17
    Region: "bulk"	RelError: 5.63136e+00	AbsError: 1.95582e+17
      Equation: "ElectronContinuityEquation"	RelError: 8.59068e-01	AbsError: 1.94367e+17
      Equation: "HoleContinuityEquation"	RelError: 2.14972e+00	AbsError: 1.21579e+15
      Equation: "PotentialEquation"	RelError: 2.62257e+00	AbsError: 2.00000e-02
    Region: "gate"	RelError: 1.15890e-03	AbsError: 5.64994e+16
      Equation: "ElectronContinuityEquation"	RelError: 5.72359e-04	AbsError: 5.64994e+16
      Equation: "HoleContinuityEquation"	RelError: 5.73015e-04	AbsError: 5.80483e-04
      Equation: "PotentialEquation"	RelError: 1.35299e-05	AbsError: 1.48252e-05
    Region: "oxide"	RelError: 2.38748e-02	AbsError: 1.81952e-02
      Equation: "PotentialEquation"	RelError: 2.38748e-02	AbsError: 1.81952e-02
Iteration: 1
  Device: "mos2d"	RelError: 5.33796e-01	AbsError: 8.13878e+15
    Region: "bulk"	RelError: 5.33449e-01	AbsError: 8.13878e+15
      Equation: "ElectronContinuityEquation"	RelError: 1.50967e-01	AbsError: 8.10009e+15
      Equation: "HoleContinuityEquation"	RelError: 3.75954e-01	AbsError: 3.86826e+13
      Equation: "PotentialEquation"	RelError: 6.52793e-03	AbsError: 2.20333e-04
    Region: "gate"	RelError: 1.39749e-05	AbsError: 6.76372e+14
      Equation: "ElectronContinuityEquation"	RelError: 6.85873e-06	AbsError: 6.76372e+14
      Equation: "HoleContinuityEquation"	RelError: 6.95304e-06	AbsError: 7.05070e-06
      Equation: "PotentialEquation"	RelError: 1.63157e-07	AbsError: 1.78774e-07
    Region: "oxide"	RelError: 3.33142e-04	AbsError: 2.18015e-04
      Equation: "PotentialEquation"	RelError: 3.33142e-04	AbsError: 2.18015e-04
Iteration: 2
  Device: "mos2d"	RelError: 7.44303e-04	AbsError: 2.06595e+12
    Region: "bulk"	RelError: 7.44134e-04	AbsError: 2.06595e+12
      Equation: "ElectronContinuityEquation"	RelError: 1.02553e-04	AbsError: 2.04443e+12
      Equation: "HoleContinuityEquation"	RelError: 6.39432e-04	AbsError: 2.15185e+10
      Equation: "PotentialEquation"	RelError: 2.14898e-06	AbsError: 1.08384e-07
    Region: "gate"	RelError: 6.39182e-09	AbsError: 3.13836e+11
      Equation: "ElectronContinuityEquation"	RelError: 3.18244e-09	AbsError: 3.13836e+11
      Equation: "HoleContinuityEquation"	RelError: 3.13475e-09	AbsError: 3.17878e-09
      Equation: "PotentialEquation"	RelError: 7.46289e-11	AbsError: 8.17719e-11
    Region: "oxide"	RelError: 1.63327e-07	AbsError: 1.08384e-07
      Equation: "PotentialEquation"	RelError: 1.63327e-07	AbsError: 1.08384e-07
Iteration: 3
  Device: "mos2d"	RelError: 1.18378e-09	AbsError: 6.11202e+05
    Region: "bulk"	RelError: 1.18373e-09	AbsError: 6.11202e+05
      Equation: "ElectronContinuityEquation"	RelError: 1.64044e-11	AbsError: 6.05414e+05
      Equation: "HoleContinuityEquation"	RelError: 1.16702e-09	AbsError: 5.78800e+03
      Equation: "PotentialEquation"	RelError: 3.10694e-13	AbsError: 3.11015e-14
    Region: "gate"	RelError: 1.61533e-15	AbsError: 7.86741e+04
      Equation: "ElectronContinuityEquation"	RelError: 7.97792e-16	AbsError: 7.86741e+04
      Equation: "HoleContinuityEquation"	RelError: 7.16204e-16	AbsError: 7.24392e-16
      Equation: "PotentialEquation"	RelError: 1.01334e-16	AbsError: 1.11069e-16
    Region: "oxide"	RelError: 4.66843e-14	AbsError: 3.11015e-14
      Equation: "PotentialEquation"	RelError: 4.66843e-14	AbsError: 3.11015e-14
Succeeded
IVPOINT	IDVD_VG1P0	5.00000000e-01	2.60000000e-01	6.18474297e-01
drain last end 2.600000e-01 2.000000e+00
number of equations 4346
Iteration: 0
  Device: "mos2d"	RelError: 4.54770e+00	AbsError: 1.92876e+17
    Region: "bulk"	RelError: 4.52335e+00	AbsError: 1.92876e+17
      Equation: "ElectronContinuityEquation"	RelError: 8.28564e-01	AbsError: 1.91686e+17
      Equation: "HoleContinuityEquation"	RelError: 2.08632e+00	AbsError: 1.19050e+15
      Equation: "PotentialEquation"	RelError: 1.60846e+00	AbsError: 2.00000e-02
    Region: "gate"	RelError: 1.14172e-03	AbsError: 5.56934e+16
      Equation: "ElectronContinuityEquation"	RelError: 5.63877e-04	AbsError: 5.56934e+16
      Equation: "HoleContinuityEquation"	RelError: 5.64514e-04	AbsError: 5.71552e-04
      Equation: "PotentialEquation"	RelError: 1.33291e-05	AbsError: 1.46054e-05
    Region: "oxide"	RelError: 2.32066e-02	AbsError: 1.81051e-02
      Equation: "PotentialEquation"	RelError: 2.32066e-02	AbsError: 1.81051e-02
Iteration: 1
  Device: "mos2d"	RelError: 5.24828e-01	AbsError: 7.74817e+15
    Region: "bulk"	RelError: 5.24481e-01	AbsError: 7.74817e+15
      Equation: "ElectronContinuityEquation"	RelError: 1.44048e-01	AbsError: 7.70970e+15
      Equation: "HoleContinuityEquation"	RelError: 3.65920e-01	AbsError: 3.84711e+13
      Equation: "PotentialEquation"	RelError: 1.45137e-02	AbsError: 2.23713e-04
    Region: "gate"	RelError: 1.41261e-05	AbsError: 6.84343e+14
      Equation: "ElectronContinuityEquation"	RelError: 6.93757e-06	AbsError: 6.84343e+14
      Equation: "HoleContinuityEquation"	RelError: 7.02356e-06	AbsError: 7.12018e-06
      Equation: "PotentialEquation"	RelError: 1.64921e-07	AbsError: 1.80707e-07
    Region: "oxide"	RelError: 3.32666e-04	AbsError: 2.22058e-04
      Equation: "PotentialEquation"	RelError: 3.32666e-04	AbsError: 2.22058e-04
Iteration: 2
  Device: "mos2d"	RelError: 6.78559e-04	AbsError: 2.05031e+12
    Region: "bulk"	RelError: 6.78385e-04	AbsError: 2.05031e+12
      Equation: "ElectronContinuityEquation"	RelError: 8.21329e-05	AbsError: 2.02893e+12
      Equation: "HoleContinuityEquation"	RelError: 5.91681e-04	AbsError: 2.13854e+10
      Equation: "PotentialEquation"	RelError: 4.57079e-06	AbsError: 1.15133e-07
    Region: "gate"	RelError: 6.40205e-09	AbsError: 3.14476e+11
      Equation: "ElectronContinuityEquation"	RelError: 3.18802e-09	AbsError: 3.14476e+11
      Equation: "HoleContinuityEquation"	RelError: 3.13929e-09	AbsError: 3.18247e-09
      Equation: "PotentialEquation"	RelError: 7.47475e-11	AbsError: 8.19024e-11
    Region: "oxide"	RelError: 1.68296e-07	AbsError: 1.14072e-07
      Equation: "PotentialEquation"	RelError: 1.68296e-07	AbsError: 1.14072e-07
Iteration: 3
  Device: "mos2d"	RelError: 1.17519e-09	AbsError: 7.82842e+05
    Region: "bulk"	RelError: 1.17513e-09	AbsError: 7.82842e+05
      Equation: "ElectronContinuityEquation"	RelError: 2.05378e-11	AbsError: 7.77060e+05
      Equation: "HoleContinuityEquation"	RelError: 1.15387e-09	AbsError: 5.78214e+03
      Equation: "PotentialEquation"	RelError: 7.26207e-13	AbsError: 3.60195e-14
    Region: "gate"	RelError: 1.87833e-15	AbsError: 7.84516e+04
      Equation: "ElectronContinuityEquation"	RelError: 7.93221e-16	AbsError: 7.84516e+04
      Equation: "HoleContinuityEquation"	RelError: 9.68231e-16	AbsError: 9.78974e-16
      Equation: "PotentialEquation"	RelError: 1.16875e-16	AbsError: 1.28062e-16
    Region: "oxide"	RelError: 5.26077e-14	AbsError: 3.60195e-14
      Equation: "PotentialEquation"	RelError: 5.26077e-14	AbsError: 3.60195e-14
Succeeded
IVPOINT	IDVD_VG1P0	5.00000000e-01	2.80000000e-01	6.47602574e-01
drain last end 2.800000e-01 2.000000e+00
number of equations 4346
Iteration: 0
  Device: "mos2d"	RelError: 8.35366e+00	AbsError: 1.89983e+17
    Region: "bulk"	RelError: 8.32997e+00	AbsError: 1.89983e+17
      Equation: "ElectronContinuityEquation"	RelError: 8.01500e-01	AbsError: 1.88823e+17
      Equation: "HoleContinuityEquation"	RelError: 2.06359e+00	AbsError: 1.16011e+15
      Equation: "PotentialEquation"	RelError: 5.46489e+00	AbsError: 2.00000e-02
    Region: "gate"	RelError: 1.12300e-03	AbsError: 5.48111e+16
      Equation: "ElectronContinuityEquation"	RelError: 5.54639e-04	AbsError: 5.48111e+16
      Equation: "HoleContinuityEquation"	RelError: 5.55255e-04	AbsError: 5.61868e-04
      Equation: "PotentialEquation"	RelError: 1.31105e-05	AbsError: 1.43660e-05
    Region: "oxide"	RelError: 2.25588e-02	AbsError: 1.80047e-02
      Equation: "PotentialEquation"	RelError: 2.25588e-02	AbsError: 1.80047e-02
Iteration: 1
  Device: "mos2d"	RelError: 5.67852e-01	AbsError: 7.28098e+15
    Region: "bulk"	RelError: 5.67509e-01	AbsError: 7.28098e+15
      Equation: "ElectronContinuityEquation"	RelError: 1.38563e-01	AbsError: 7.24335e+15
      Equation: "HoleContinuityEquation"	RelError: 3.61120e-01	AbsError: 3.76360e+13
      Equation: "PotentialEquation"	RelError: 6.78251e-02	AbsError: 2.25561e-04
    Region: "gate"	RelError: 1.40646e-05	AbsError: 6.81930e+14
      Equation: "ElectronContinuityEquation"	RelError: 6.91122e-06	AbsError: 6.81930e+14
      Equation: "HoleContinuityEquation"	RelError: 6.98922e-06	AbsError: 7.08343e-06
      Equation: "PotentialEquation"	RelError: 1.64203e-07	AbsError: 1.79922e-07
    Region: "oxide"	RelError: 3.29228e-04	AbsError: 2.24168e-04
      Equation: "PotentialEquation"	RelError: 3.29228e-04	AbsError: 2.24168e-04
Iteration: 2
  Device: "mos2d"	RelError: 6.27723e-04	AbsError: 2.28047e+12
    Region: "bulk"	RelError: 6.27549e-04	AbsError: 2.28047e+12
      Equation: "ElectronContinuityEquation"	RelError: 7.54584e-05	AbsError: 2.25995e+12
      Equation: "HoleContinuityEquation"	RelError: 5.32347e-04	AbsError: 2.05147e+10
      Equation: "PotentialEquation"	RelError: 1.97441e-05	AbsError: 1.16590e-07
    Region: "gate"	RelError: 6.09315e-09	AbsError: 2.99479e+11
      Equation: "ElectronContinuityEquation"	RelError: 3.03516e-09	AbsError: 2.99479e+11
      Equation: "HoleContinuityEquation"	RelError: 2.98685e-09	AbsError: 3.02711e-09
      Equation: "PotentialEquation"	RelError: 7.11404e-11	AbsError: 7.79506e-11
    Region: "oxide"	RelError: 1.67718e-07	AbsError: 1.16590e-07
      Equation: "PotentialEquation"	RelError: 1.67718e-07	AbsError: 1.16590e-07
Iteration: 3
  Device: "mos2d"	RelError: 1.06544e-09	AbsError: 1.05053e+06
    Region: "bulk"	RelError: 1.06538e-09	AbsError: 1.05053e+06
      Equation: "ElectronContinuityEquation"	RelError: 2.63833e-11	AbsError: 1.04517e+06
      Equation: "HoleContinuityEquation"	RelError: 1.03606e-09	AbsError: 5.36405e+03
      Equation: "PotentialEquation"	RelError: 2.93992e-12	AbsError: 3.80496e-14
    Region: "gate"	RelError: 1.93217e-15	AbsError: 8.18728e+04
      Equation: "ElectronContinuityEquation"	RelError: 8.27546e-16	AbsError: 8.18728e+04
      Equation: "HoleContinuityEquation"	RelError: 1.00330e-15	AbsError: 1.01410e-15
      Equation: "PotentialEquation"	RelError: 1.01323e-16	AbsError: 1.11058e-16
    Region: "oxide"	RelError: 5.35869e-14	AbsError: 3.80496e-14
      Equation: "PotentialEquation"	RelError: 5.35869e-14	AbsError: 3.80496e-14
Succeeded
IVPOINT	IDVD_VG1P0	5.00000000e-01	3.00000000e-01	6.74715649e-01
drain last end 3.000000e-01 2.000000e+00
number of equations 4346
Iteration: 0
  Device: "mos2d"	RelError: 4.48947e+00	AbsError: 1.86912e+17
    Region: "bulk"	RelError: 4.46643e+00	AbsError: 1.86912e+17
      Equation: "ElectronContinuityEquation"	RelError: 7.64363e-01	AbsError: 1.85736e+17
      Equation: "HoleContinuityEquation"	RelError: 2.01519e+00	AbsError: 1.17640e+15
      Equation: "PotentialEquation"	RelError: 1.68688e+00	AbsError: 2.00000e-02
    Region: "gate"	RelError: 1.10277e-03	AbsError: 5.38529e+16
      Equation: "ElectronContinuityEquation"	RelError: 5.44649e-04	AbsError: 5.38529e+16
      Equation: "HoleContinuityEquation"	RelError: 5.45243e-04	AbsError: 5.51438e-04
      Equation: "PotentialEquation"	RelError: 1.28740e-05	AbsError: 1.41071e-05
    Region: "oxide"	RelError: 2.19284e-02	AbsError: 1.78928e-02
      Equation: "PotentialEquation"	RelError: 2.19284e-02	AbsError: 1.78928e-02
Iteration: 1
  Device: "mos2d"	RelError: 5.05076e-01	AbsError: 6.75155e+15
    Region: "bulk"	RelError: 5.04741e-01	AbsError: 6.75155e+15
      Equation: "ElectronContinuityEquation"	RelError: 1.32730e-01	AbsError: 6.71533e+15
      Equation: "HoleContinuityEquation"	RelError: 3.55816e-01	AbsError: 3.62290e+13
      Equation: "PotentialEquation"	RelError: 1.61947e-02	AbsError: 2.25914e-04
    Region: "gate"	RelError: 1.37829e-05	AbsError: 6.68740e+14
      Equation: "ElectronContinuityEquation"	RelError: 6.77579e-06	AbsError: 6.68740e+14
      Equation: "HoleContinuityEquation"	RelError: 6.84624e-06	AbsError: 6.93673e-06
      Equation: "PotentialEquation"	RelError: 1.60913e-07	AbsError: 1.76318e-07
    Region: "oxide"	RelError: 3.20963e-04	AbsError: 2.24248e-04
      Equation: "PotentialEquation"	RelError: 3.20963e-04	AbsError: 2.24248e-04
Iteration: 2
  Device: "mos2d"	RelError: 5.49082e-04	AbsError: 2.38113e+12
    Region: "bulk"	RelError: 5.48916e-04	AbsError: 2.38113e+12
      Equation: "ElectronContinuityEquation"	RelError: 7.78670e-05	AbsError: 2.36212e+12
      Equation: "HoleContinuityEquation"	RelError: 4.66346e-04	AbsError: 1.90036e+10
      Equation: "PotentialEquation"	RelError: 4.70300e-06	AbsError: 1.15737e-07
    Region: "gate"	RelError: 5.96637e-09	AbsError: 2.93569e+11
      Equation: "ElectronContinuityEquation"	RelError: 2.96639e-09	AbsError: 2.93569e+11
      Equation: "HoleContinuityEquation"	RelError: 2.93032e-09	AbsError: 2.96097e-09
      Equation: "PotentialEquation"	RelError: 6.96560e-11	AbsError: 7.63295e-11
    Region: "oxide"	RelError: 1.59929e-07	AbsError: 1.15056e-07
      Equation: "PotentialEquation"	RelError: 1.59929e-07	AbsError: 1.15056e-07
Iteration: 3
  Device: "mos2d"	RelError: 8.89572e-10	AbsError: 1.28608e+06
    Region: "bulk"	RelError: 8.89516e-10	AbsError: 1.28608e+06
      Equation: "ElectronContinuityEquation"	RelError: 5.64087e-11	AbsError: 1.28145e+06
      Equation: "HoleContinuityEquation"	RelError: 8.32421e-10	AbsError: 4.62803e+03
      Equation: "PotentialEquation"	RelError: 6.86172e-13	AbsError: 3.99413e-14
    Region: "gate"	RelError: 1.61690e-15	AbsError: 8.73200e+04
      Equation: "ElectronContinuityEquation"	RelError: 8.82333e-16	AbsError: 8.73200e+04
      Equation: "HoleContinuityEquation"	RelError: 6.33268e-16	AbsError: 6.39891e-16
      Equation: "PotentialEquation"	RelError: 1.01303e-16	AbsError: 1.11035e-16
    Region: "oxide"	RelError: 5.43021e-14	AbsError: 3.99413e-14
      Equation: "PotentialEquation"	RelError: 5.43021e-14	AbsError: 3.99413e-14
Succeeded
IVPOINT	IDVD_VG1P0	5.00000000e-01	3.20000000e-01	6.99974845e-01
drain last end 3.200000e-01 2.000000e+00
number of equations 4346
Iteration: 0
  Device: "mos2d"	RelError: 5.29316e+00	AbsError: 1.83561e+17
    Region: "bulk"	RelError: 5.27076e+00	AbsError: 1.83561e+17
      Equation: "ElectronContinuityEquation"	RelError: 7.13611e-01	AbsError: 1.82368e+17
      Equation: "HoleContinuityEquation"	RelError: 1.96323e+00	AbsError: 1.19272e+15
      Equation: "PotentialEquation"	RelError: 2.59392e+00	AbsError: 2.00000e-02
    Region: "gate"	RelError: 1.08108e-03	AbsError: 5.28222e+16
      Equation: "ElectronContinuityEquation"	RelError: 5.33942e-04	AbsError: 5.28222e+16
      Equation: "HoleContinuityEquation"	RelError: 5.34513e-04	AbsError: 5.40301e-04
      Equation: "PotentialEquation"	RelError: 1.26206e-05	AbsError: 1.38296e-05
    Region: "oxide"	RelError: 2.13126e-02	AbsError: 1.77677e-02
      Equation: "PotentialEquation"	RelError: 2.13126e-02	AbsError: 1.77677e-02
Iteration: 1
  Device: "mos2d"	RelError: 4.97797e-01	AbsError: 6.17923e+15
    Region: "bulk"	RelError: 4.97474e-01	AbsError: 6.17923e+15
      Equation: "ElectronContinuityEquation"	RelError: 1.24871e-01	AbsError: 6.14490e+15
      Equation: "HoleContinuityEquation"	RelError: 3.47205e-01	AbsError: 3.43292e+13
      Equation: "PotentialEquation"	RelError: 2.53975e-02	AbsError: 2.22377e-04
    Region: "gate"	RelError: 1.32907e-05	AbsError: 6.45235e+14
      Equation: "ElectronContinuityEquation"	RelError: 6.53603e-06	AbsError: 6.45235e+14
      Equation: "HoleContinuityEquation"	RelError: 6.59947e-06	AbsError: 6.68506e-06
      Equation: "PotentialEquation"	RelError: 1.55165e-07	AbsError: 1.70021e-07
    Region: "oxide"	RelError: 3.10311e-04	AbsError: 2.21254e-04
      Equation: "PotentialEquation"	RelError: 3.10311e-04	AbsError: 2.21254e-04
Iteration: 2
  Device: "mos2d"	RelError: 4.93855e-04	AbsError: 2.31383e+12
    Region: "bulk"	RelError: 4.93697e-04	AbsError: 2.31383e+12
      Equation: "ElectronContinuityEquation"	RelError: 8.76131e-05	AbsError: 2.29683e+12
      Equation: "HoleContinuityEquation"	RelError: 3.99803e-04	AbsError: 1.70078e+10
      Equation: "PotentialEquation"	RelError: 6.28023e-06	AbsError: 1.14282e-07
    Region: "gate"	RelError: 5.73194e-09	AbsError: 2.82195e+11
      Equation: "ElectronContinuityEquation"	RelError: 2.85062e-09	AbsError: 2.82195e+11
      Equation: "HoleContinuityEquation"	RelError: 2.81441e-09	AbsError: 2.84300e-09
      Equation: "PotentialEquation"	RelError: 6.69185e-11	AbsError: 7.33301e-11
    Region: "oxide"	RelError: 1.52983e-07	AbsError: 1.14282e-07
      Equation: "PotentialEquation"	RelError: 1.52983e-07	AbsError: 1.14282e-07
Iteration: 3
  Device: "mos2d"	RelError: 6.28140e-10	AbsError: 1.29533e+06
    Region: "bulk"	RelError: 6.28086e-10	AbsError: 1.29533e+06
      Equation: "ElectronContinuityEquation"	RelError: 1.78593e-11	AbsError: 1.29159e+06
      Equation: "HoleContinuityEquation"	RelError: 6.09538e-10	AbsError: 3.73665e+03
      Equation: "PotentialEquation"	RelError: 6.88806e-13	AbsError: 3.88856e-14
    Region: "gate"	RelError: 1.59783e-15	AbsError: 7.71397e+04
      Equation: "ElectronContinuityEquation"	RelError: 7.79233e-16	AbsError: 7.71397e+04
      Equation: "HoleContinuityEquation"	RelError: 6.98668e-16	AbsError: 7.05765e-16
      Equation: "PotentialEquation"	RelError: 1.19933e-16	AbsError: 1.31425e-16
    Region: "oxide"	RelError: 5.16756e-14	AbsError: 3.86030e-14
      Equation: "PotentialEquation"	RelError: 5.16756e-14	AbsError: 3.86030e-14
Succeeded
IVPOINT	IDVD_VG1P0	5.00000000e-01	3.40000000e-01	7.23544932e-01
drain last end 3.400000e-01 2.000000e+00
number of equations 4346
Iteration: 0
  Device: "mos2d"	RelError: 3.34085e+00	AbsError: 1.79850e+17
    Region: "bulk"	RelError: 3.31908e+00	AbsError: 1.79850e+17
      Equation: "ElectronContinuityEquation"	RelError: 6.92200e-01	AbsError: 1.78645e+17
      Equation: "HoleContinuityEquation"	RelError: 1.90393e+00	AbsError: 1.20473e+15
      Equation: "PotentialEquation"	RelError: 7.22948e-01	AbsError: 2.00000e-02
    Region: "gate"	RelError: 1.05808e-03	AbsError: 5.17258e+16
      Equation: "ElectronContinuityEquation"	RelError: 5.22589e-04	AbsError: 5.17258e+16
      Equation: "HoleContinuityEquation"	RelError: 5.23135e-04	AbsError: 5.28527e-04
      Equation: "PotentialEquation"	RelError: 1.23520e-05	AbsError: 1.35354e-05
    Region: "oxide"	RelError: 2.07090e-02	AbsError: 1.76281e-02
      Equation: "PotentialEquation"	RelError: 2.07090e-02	AbsError: 1.76281e-02
Iteration: 1
  Device: "mos2d"	RelError: 4.62047e-01	AbsError: 5.58713e+15
    Region: "bulk"	RelError: 4.61738e-01	AbsError: 5.58713e+15
      Equation: "ElectronContinuityEquation"	RelError: 1.14470e-01	AbsError: 5.55405e+15
      Equation: "HoleContinuityEquation"	RelError: 3.40567e-01	AbsError: 3.30768e+13
      Equation: "PotentialEquation"	RelError: 6.70030e-03	AbsError: 2.19317e-04
    Region: "gate"	RelError: 1.26146e-05	AbsError: 6.12711e+14
      Equation: "ElectronContinuityEquation"	RelError: 6.20512e-06	AbsError: 6.12711e+14
      Equation: "HoleContinuityEquation"	RelError: 6.26218e-06	AbsError: 6.34191e-06
      Equation: "PotentialEquation"	RelError: 1.47271e-07	AbsError: 1.61372e-07
    Region: "oxide"	RelError: 2.96352e-04	AbsError: 2.17944e-04
      Equation: "PotentialEquation"	RelError: 2.96352e-04	AbsError: 2.17944e-04
Iteration: 2
  Device: "mos2d"	RelError: 4.46007e-04	AbsError: 2.53400e+12
    Region: "bulk"	RelError: 4.45859e-04	AbsError: 2.53400e+12
      Equation: "ElectronContinuityEquation"	RelError: 1.12865e-04	AbsError: 2.51929e+12
      Equation: "HoleContinuityEquation"	RelError: 3.31677e-04	AbsError: 1.47156e+10
      Equation: "PotentialEquation"	RelError: 1.31693e-06	AbsError: 1.09820e-07
    Region: "gate"	RelError: 5.20835e-09	AbsError: 2.56603e+11
      Equation: "ElectronContinuityEquation"	RelError: 2.59136e-09	AbsError: 2.56603e+11
      Equation: "HoleContinuityEquation"	RelError: 2.55618e-09	AbsError: 2.58141e-09
      Equation: "PotentialEquation"	RelError: 6.08053e-11	AbsError: 6.66316e-11
    Region: "oxide"	RelError: 1.42388e-07	AbsError: 1.07941e-07
      Equation: "PotentialEquation"	RelError: 1.42388e-07	AbsError: 1.07941e-07
Iteration: 3
  Device: "mos2d"	RelError: 4.16855e-10	AbsError: 1.36250e+06
    Region: "bulk"	RelError: 4.16808e-10	AbsError: 1.36250e+06
      Equation: "ElectronContinuityEquation"	RelError: 1.86381e-11	AbsError: 1.35969e+06
      Equation: "HoleContinuityEquation"	RelError: 3.98098e-10	AbsError: 2.81328e+03
      Equation: "PotentialEquation"	RelError: 7.21184e-14	AbsError: 3.54771e-14
    Region: "gate"	RelError: 1.30028e-15	AbsError: 5.80669e+04
      Equation: "ElectronContinuityEquation"	RelError: 5.86657e-16	AbsError: 5.80669e+04
      Equation: "HoleContinuityEquation"	RelError: 6.12251e-16	AbsError: 6.18565e-16
      Equation: "PotentialEquation"	RelError: 1.01373e-16	AbsError: 1.11113e-16
    Region: "oxide"	RelError: 4.60843e-14	AbsError: 3.54771e-14
      Equation: "PotentialEquation"	RelError: 4.60843e-14	AbsError: 3.54771e-14
Succeeded
IVPOINT	IDVD_VG1P0	5.00000000e-01	3.60000000e-01	7.45590560e-01
drain last end 3.600000e-01 2.000000e+00
number of equations 4346
Iteration: 0
  Device: "mos2d"	RelError: 2.99449e+00	AbsError: 1.75687e+17
    Region: "bulk"	RelError: 2.97334e+00	AbsError: 1.75687e+17
      Equation: "ElectronContinuityEquation"	RelError: 6.65699e-01	AbsError: 1.74475e+17
      Equation: "HoleContinuityEquation"	RelError: 1.79580e+00	AbsError: 1.21210e+15
      Equation: "PotentialEquation"	RelError: 5.11840e-01	AbsError: 2.00000e-02
    Region: "gate"	RelError: 1.03397e-03	AbsError: 5.05736e+16
      Equation: "ElectronContinuityEquation"	RelError: 5.10691e-04	AbsError: 5.05736e+16
      Equation: "HoleContinuityEquation"	RelError: 5.11213e-04	AbsError: 5.16221e-04
      Equation: "PotentialEquation"	RelError: 1.20705e-05	AbsError: 1.32271e-05
    Region: "oxide"	RelError: 2.01150e-02	AbsError: 1.74725e-02
      Equation: "PotentialEquation"	RelError: 2.01150e-02	AbsError: 1.74725e-02
Iteration: 1
  Device: "mos2d"	RelError: 4.41554e-01	AbsError: 4.99804e+15
    Region: "bulk"	RelError: 4.41263e-01	AbsError: 4.99804e+15
      Equation: "ElectronContinuityEquation"	RelError: 1.10370e-01	AbsError: 4.96476e+15
      Equation: "HoleContinuityEquation"	RelError: 3.27233e-01	AbsError: 3.32785e+13
      Equation: "PotentialEquation"	RelError: 3.65950e-03	AbsError: 2.14655e-04
    Region: "gate"	RelError: 1.24164e-05	AbsError: 5.94692e+14
      Equation: "ElectronContinuityEquation"	RelError: 6.00521e-06	AbsError: 5.94692e+14
      Equation: "HoleContinuityEquation"	RelError: 6.26621e-06	AbsError: 6.32763e-06
      Equation: "PotentialEquation"	RelError: 1.44946e-07	AbsError: 1.58835e-07
    Region: "oxide"	RelError: 2.79176e-04	AbsError: 2.13640e-04
      Equation: "PotentialEquation"	RelError: 2.79176e-04	AbsError: 2.13640e-04
Iteration: 2
  Device: "mos2d"	RelError: 4.45891e-04	AbsError: 2.75177e+12
    Region: "bulk"	RelError: 4.45756e-04	AbsError: 2.75177e+12
      Equation: "ElectronContinuityEquation"	RelError: 1.68853e-04	AbsError: 2.73891e+12
      Equation: "HoleContinuityEquation"	RelError: 2.76385e-04	AbsError: 1.28557e+10
      Equation: "PotentialEquation"	RelError: 5.17490e-07	AbsError: 1.03315e-07
    Region: "gate"	RelError: 4.91990e-09	AbsError: 2.42627e+11
      Equation: "ElectronContinuityEquation"	RelError: 2.45005e-09	AbsError: 2.42627e+11
      Equation: "HoleContinuityEquation"	RelError: 2.41241e-09	AbsError: 2.43605e-09
      Equation: "PotentialEquation"	RelError: 5.74428e-11	AbsError: 6.29470e-11
    Region: "oxide"	RelError: 1.30459e-07	AbsError: 1.03315e-07
      Equation: "PotentialEquation"	RelError: 1.30459e-07	AbsError: 1.03315e-07
Iteration: 3
  Device: "mos2d"	RelError: 2.69091e-10	AbsError: 1.61575e+06
    Region: "bulk"	RelError: 2.69045e-10	AbsError: 1.61575e+06
      Equation: "ElectronContinuityEquation"	RelError: 3.92535e-11	AbsError: 1.61377e+06
      Equation: "HoleContinuityEquation"	RelError: 2.29733e-10	AbsError: 1.97820e+03
      Equation: "PotentialEquation"	RelError: 5.82239e-14	AbsError: 3.60075e-14
    Region: "gate"	RelError: 1.48370e-15	AbsError: 7.10126e+04
      Equation: "ElectronContinuityEquation"	RelError: 7.17087e-16	AbsError: 7.10126e+04
      Equation: "HoleContinuityEquation"	RelError: 6.65312e-16	AbsError: 6.71834e-16
      Equation: "PotentialEquation"	RelError: 1.01302e-16	AbsError: 1.11035e-16
    Region: "oxide"	RelError: 4.48298e-14	AbsError: 3.60075e-14
      Equation: "PotentialEquation"	RelError: 4.48298e-14	AbsError: 3.60075e-14
Succeeded
IVPOINT	IDVD_VG1P0	5.00000000e-01	3.80000000e-01	7.66272578e-01
drain last end 3.800000e-01 2.000000e+00
number of equations 4346
Iteration: 0
  Device: "mos2d"	RelError: 3.43271e+00	AbsError: 1.70964e+17
    Region: "bulk"	RelError: 3.41217e+00	AbsError: 1.70964e+17
      Equation: "ElectronContinuityEquation"	RelError: 6.28076e-01	AbsError: 1.69749e+17
      Equation: "HoleContinuityEquation"	RelError: 1.71525e+00	AbsError: 1.21460e+15
      Equation: "PotentialEquation"	RelError: 1.06884e+00	AbsError: 2.00000e-02
    Region: "gate"	RelError: 1.00904e-03	AbsError: 4.93788e+16
      Equation: "ElectronContinuityEquation"	RelError: 4.98380e-04	AbsError: 4.93788e+16
      Equation: "HoleContinuityEquation"	RelError: 4.98878e-04	AbsError: 5.03516e-04
      Equation: "PotentialEquation"	RelError: 1.17792e-05	AbsError: 1.29081e-05
    Region: "oxide"	RelError: 1.95290e-02	AbsError: 1.72996e-02
      Equation: "PotentialEquation"	RelError: 1.95290e-02	AbsError: 1.72996e-02
Iteration: 1
  Device: "mos2d"	RelError: 4.23068e-01	AbsError: 4.42951e+15
    Region: "bulk"	RelError: 4.22791e-01	AbsError: 4.42951e+15
      Equation: "ElectronContinuityEquation"	RelError: 1.05193e-01	AbsError: 4.39649e+15
      Equation: "HoleContinuityEquation"	RelError: 3.13693e-01	AbsError: 3.30215e+13
      Equation: "PotentialEquation"	RelError: 3.90452e-03	AbsError: 2.08842e-04
    Region: "gate"	RelError: 1.27049e-05	AbsError: 6.09730e+14
      Equation: "ElectronContinuityEquation"	RelError: 6.15404e-06	AbsError: 6.09730e+14
      Equation: "HoleContinuityEquation"	RelError: 6.40259e-06	AbsError: 6.46217e-06
      Equation: "PotentialEquation"	RelError: 1.48313e-07	AbsError: 1.62527e-07
    Region: "oxide"	RelError: 2.64278e-04	AbsError: 2.05852e-04
      Equation: "PotentialEquation"	RelError: 2.64278e-04	AbsError: 2.05852e-04
Iteration: 2
  Device: "mos2d"	RelError: 5.11188e-04	AbsError: 3.03404e+12
    Region: "bulk"	RelError: 5.11058e-04	AbsError: 3.03404e+12
      Equation: "ElectronContinuityEquation"	RelError: 2.80994e-04	AbsError: 3.02123e+12
      Equation: "HoleContinuityEquation"	RelError: 2.29105e-04	AbsError: 1.28185e+10
      Equation: "PotentialEquation"	RelError: 9.60051e-07	AbsError: 1.02086e-07
    Region: "gate"	RelError: 4.97342e-09	AbsError: 2.45455e+11
      Equation: "ElectronContinuityEquation"	RelError: 2.47739e-09	AbsError: 2.45455e+11
      Equation: "HoleContinuityEquation"	RelError: 2.43797e-09	AbsError: 2.46065e-09
      Equation: "PotentialEquation"	RelError: 5.80667e-11	AbsError: 6.36315e-11
    Region: "oxide"	RelError: 1.24665e-07	AbsError: 1.02086e-07
      Equation: "PotentialEquation"	RelError: 1.24665e-07	AbsError: 1.02086e-07
Iteration: 3
  Device: "mos2d"	RelError: 1.71185e-10	AbsError: 1.91966e+06
    Region: "bulk"	RelError: 1.71137e-10	AbsError: 1.91966e+06
      Equation: "ElectronContinuityEquation"	RelError: 4.90606e-11	AbsError: 1.91772e+06
      Equation: "HoleContinuityEquation"	RelError: 1.21951e-10	AbsError: 1.94298e+03
      Equation: "PotentialEquation"	RelError: 1.25969e-13	AbsError: 3.78086e-14
    Region: "gate"	RelError: 1.67806e-15	AbsError: 6.82003e+04
      Equation: "ElectronContinuityEquation"	RelError: 6.88349e-16	AbsError: 6.82003e+04
      Equation: "HoleContinuityEquation"	RelError: 8.88418e-16	AbsError: 8.96685e-16
      Equation: "PotentialEquation"	RelError: 1.01291e-16	AbsError: 1.11022e-16
    Region: "oxide"	RelError: 4.60164e-14	AbsError: 3.78086e-14
      Equation: "PotentialEquation"	RelError: 4.60164e-14	AbsError: 3.78086e-14
Succeeded
IVPOINT	IDVD_VG1P0	5.00000000e-01	4.00000000e-01	7.85744620e-01
drain last end 4.000000e-01 2.000000e+00
number of equations 4346
Iteration: 0
  Device: "mos2d"	RelError: 1.55386e+01	AbsError: 1.65563e+17
    Region: "bulk"	RelError: 1.55187e+01	AbsError: 1.65563e+17
      Equation: "ElectronContinuityEquation"	RelError: 5.74735e-01	AbsError: 1.64351e+17
      Equation: "HoleContinuityEquation"	RelError: 1.56690e+00	AbsError: 1.21203e+15
      Equation: "PotentialEquation"	RelError: 1.33770e+01	AbsError: 2.00000e-02
    Region: "gate"	RelError: 9.83578e-04	AbsError: 4.81567e+16
      Equation: "ElectronContinuityEquation"	RelError: 4.85812e-04	AbsError: 4.81567e+16
      Equation: "HoleContinuityEquation"	RelError: 4.86284e-04	AbsError: 4.90571e-04
      Equation: "PotentialEquation"	RelError: 1.14819e-05	AbsError: 1.25824e-05
    Region: "oxide"	RelError: 1.89494e-02	AbsError: 1.71086e-02
      Equation: "PotentialEquation"	RelError: 1.89494e-02	AbsError: 1.71086e-02
Iteration: 1
  Device: "mos2d"	RelError: 4.38921e-01	AbsError: 4.54521e+15
    Region: "bulk"	RelError: 4.38660e-01	AbsError: 4.54521e+15
      Equation: "ElectronContinuityEquation"	RelError: 9.80835e-02	AbsError: 4.51289e+15
      Equation: "HoleContinuityEquation"	RelError: 2.95415e-01	AbsError: 3.23274e+13
      Equation: "PotentialEquation"	RelError: 4.51617e-02	AbsError: 2.03669e-04
    Region: "gate"	RelError: 1.28254e-05	AbsError: 6.16535e+14
      Equation: "ElectronContinuityEquation"	RelError: 6.21974e-06	AbsError: 6.16535e+14
      Equation: "HoleContinuityEquation"	RelError: 6.45590e-06	AbsError: 6.51285e-06
      Equation: "PotentialEquation"	RelError: 1.49717e-07	AbsError: 1.64067e-07
    Region: "oxide"	RelError: 2.47454e-04	AbsError: 2.03669e-04
      Equation: "PotentialEquation"	RelError: 2.47454e-04	AbsError: 2.03669e-04
Iteration: 2
  Device: "mos2d"	RelError: 7.08282e-04	AbsError: 3.24406e+12
    Region: "bulk"	RelError: 7.08160e-04	AbsError: 3.24406e+12
      Equation: "ElectronContinuityEquation"	RelError: 4.83984e-04	AbsError: 3.23118e+12
      Equation: "HoleContinuityEquation"	RelError: 2.13044e-04	AbsError: 1.28797e+10
      Equation: "PotentialEquation"	RelError: 1.11324e-05	AbsError: 9.79317e-08
    Region: "gate"	RelError: 4.83842e-09	AbsError: 2.38996e+11
      Equation: "ElectronContinuityEquation"	RelError: 2.41105e-09	AbsError: 2.38996e+11
      Equation: "HoleContinuityEquation"	RelError: 2.37088e-09	AbsError: 2.39179e-09
      Equation: "PotentialEquation"	RelError: 5.64898e-11	AbsError: 6.19042e-11
    Region: "oxide"	RelError: 1.17349e-07	AbsError: 9.79317e-08
      Equation: "PotentialEquation"	RelError: 1.17349e-07	AbsError: 9.79317e-08
Iteration: 3
  Device: "mos2d"	RelError: 1.94434e-10	AbsError: 2.18609e+06
    Region: "bulk"	RelError: 1.94388e-10	AbsError: 2.18609e+06
      Equation: "ElectronContinuityEquation"	RelError: 2.62915e-11	AbsError: 2.18367e+06
      Equation: "HoleContinuityEquation"	RelError: 1.66752e-10	AbsError: 2.41225e+03
      Equation: "PotentialEquation"	RelError: 1.34535e-12	AbsError: 3.72985e-14
    Region: "gate"	RelError: 1.52532e-15	AbsError: 7.12036e+04
      Equation: "ElectronContinuityEquation"	RelError: 7.18317e-16	AbsError: 7.12036e+04
      Equation: "HoleContinuityEquation"	RelError: 7.05677e-16	AbsError: 7.11902e-16
      Equation: "PotentialEquation"	RelError: 1.01323e-16	AbsError: 1.11058e-16
    Region: "oxide"	RelError: 4.41091e-14	AbsError: 3.72985e-14
      Equation: "PotentialEquation"	RelError: 4.41091e-14	AbsError: 3.72985e-14
Succeeded
IVPOINT	IDVD_VG1P0	5.00000000e-01	4.20000000e-01	8.04150319e-01
drain last end 4.200000e-01 2.000000e+00
number of equations 4346
Iteration: 0
  Device: "mos2d"	RelError: 2.89481e+00	AbsError: 1.59371e+17
    Region: "bulk"	RelError: 2.87547e+00	AbsError: 1.59371e+17
      Equation: "ElectronContinuityEquation"	RelError: 5.45807e-01	AbsError: 1.58166e+17
      Equation: "HoleContinuityEquation"	RelError: 1.40180e+00	AbsError: 1.20429e+15
      Equation: "PotentialEquation"	RelError: 9.27866e-01	AbsError: 2.00000e-02
    Region: "gate"	RelError: 9.57935e-04	AbsError: 4.69237e+16
      Equation: "ElectronContinuityEquation"	RelError: 4.73152e-04	AbsError: 4.69237e+16
      Equation: "HoleContinuityEquation"	RelError: 4.73600e-04	AbsError: 4.77552e-04
      Equation: "PotentialEquation"	RelError: 1.11824e-05	AbsError: 1.22544e-05
    Region: "oxide"	RelError: 1.83756e-02	AbsError: 1.68991e-02
      Equation: "PotentialEquation"	RelError: 1.83756e-02	AbsError: 1.68991e-02
Iteration: 1
  Device: "mos2d"	RelError: 3.60903e-01	AbsError: 4.78194e+15
    Region: "bulk"	RelError: 3.60654e-01	AbsError: 4.78194e+15
      Equation: "ElectronContinuityEquation"	RelError: 8.83909e-02	AbsError: 4.75070e+15
      Equation: "HoleContinuityEquation"	RelError: 2.69095e-01	AbsError: 3.12348e+13
      Equation: "PotentialEquation"	RelError: 3.16789e-03	AbsError: 2.00081e-04
    Region: "gate"	RelError: 1.27736e-05	AbsError: 6.14892e+14
      Equation: "ElectronContinuityEquation"	RelError: 6.20026e-06	AbsError: 6.14892e+14
      Equation: "HoleContinuityEquation"	RelError: 6.42427e-06	AbsError: 6.47791e-06
      Equation: "PotentialEquation"	RelError: 1.49112e-07	AbsError: 1.63406e-07
    Region: "oxide"	RelError: 2.36244e-04	AbsError: 2.00081e-04
      Equation: "PotentialEquation"	RelError: 2.36244e-04	AbsError: 2.00081e-04
Iteration: 2
  Device: "mos2d"	RelError: 9.99757e-04	AbsError: 3.17770e+12
    Region: "bulk"	RelError: 9.99646e-04	AbsError: 3.17770e+12
      Equation: "ElectronContinuityEquation"	RelError: 8.07652e-04	AbsError: 3.16384e+12
      Equation: "HoleContinuityEquation"	RelError: 1.91219e-04	AbsError: 1.38644e+10
      Equation: "PotentialEquation"	RelError: 7.75348e-07	AbsError: 9.17128e-08
    Region: "gate"	RelError: 4.54334e-09	AbsError: 2.24632e+11
      Equation: "ElectronContinuityEquation"	RelError: 2.26507e-09	AbsError: 2.24632e+11
      Equation: "HoleContinuityEquation"	RelError: 2.22523e-09	AbsError: 2.24381e-09
      Equation: "PotentialEquation"	RelError: 5.30442e-11	AbsError: 5.81289e-11
    Region: "oxide"	RelError: 1.06027e-07	AbsError: 9.16602e-08
      Equation: "PotentialEquation"	RelError: 1.06027e-07	AbsError: 9.16602e-08
Iteration: 3
  Device: "mos2d"	RelError: 2.03914e-10	AbsError: 2.08202e+06
    Region: "bulk"	RelError: 2.03873e-10	AbsError: 2.08202e+06
      Equation: "ElectronContinuityEquation"	RelError: 4.39936e-11	AbsError: 2.07930e+06
      Equation: "HoleContinuityEquation"	RelError: 1.59774e-10	AbsError: 2.72333e+03
      Equation: "PotentialEquation"	RelError: 1.04616e-13	AbsError: 3.49746e-14
    Region: "gate"	RelError: 1.13479e-15	AbsError: 5.64973e+04
      Equation: "ElectronContinuityEquation"	RelError: 5.69690e-16	AbsError: 5.64973e+04
      Equation: "HoleContinuityEquation"	RelError: 4.63791e-16	AbsError: 4.67664e-16
      Equation: "PotentialEquation"	RelError: 1.01305e-16	AbsError: 1.11038e-16
    Region: "oxide"	RelError: 4.04567e-14	AbsError: 3.49746e-14
      Equation: "PotentialEquation"	RelError: 4.04567e-14	AbsError: 3.49746e-14
Succeeded
IVPOINT	IDVD_VG1P0	5.00000000e-01	4.40000000e-01	8.21621352e-01
drain last end 4.400000e-01 2.000000e+00
number of equations 4346
Iteration: 0
  Device: "mos2d"	RelError: 3.48259e+00	AbsError: 1.52289e+17
    Region: "bulk"	RelError: 3.46385e+00	AbsError: 1.52289e+17
      Equation: "ElectronContinuityEquation"	RelError: 5.41962e-01	AbsError: 1.51098e+17
      Equation: "HoleContinuityEquation"	RelError: 1.37790e+00	AbsError: 1.19134e+15
      Equation: "PotentialEquation"	RelError: 1.54399e+00	AbsError: 2.00000e-02
    Region: "gate"	RelError: 9.32451e-04	AbsError: 4.56967e+16
      Equation: "ElectronContinuityEquation"	RelError: 4.60571e-04	AbsError: 4.56967e+16
      Equation: "HoleContinuityEquation"	RelError: 4.60996e-04	AbsError: 4.64631e-04
      Equation: "PotentialEquation"	RelError: 1.08848e-05	AbsError: 1.19284e-05
    Region: "oxide"	RelError: 1.78075e-02	AbsError: 1.66716e-02
      Equation: "PotentialEquation"	RelError: 1.78075e-02	AbsError: 1.66716e-02
Iteration: 1
  Device: "mos2d"	RelError: 3.36335e-01	AbsError: 4.95217e+15
    Region: "bulk"	RelError: 3.36097e-01	AbsError: 4.95217e+15
      Equation: "ElectronContinuityEquation"	RelError: 7.91584e-02	AbsError: 4.92150e+15
      Equation: "HoleContinuityEquation"	RelError: 2.52065e-01	AbsError: 3.06734e+13
      Equation: "PotentialEquation"	RelError: 4.87344e-03	AbsError: 1.94700e-04
    Region: "gate"	RelError: 1.25560e-05	AbsError: 6.05083e+14
      Equation: "ElectronContinuityEquation"	RelError: 6.09858e-06	AbsError: 6.05083e+14
      Equation: "HoleContinuityEquation"	RelError: 6.31083e-06	AbsError: 6.36063e-06
      Equation: "PotentialEquation"	RelError: 1.46570e-07	AbsError: 1.60622e-07
    Region: "oxide"	RelError: 2.25179e-04	AbsError: 1.93459e-04
      Equation: "PotentialEquation"	RelError: 2.25179e-04	AbsError: 1.93459e-04
Iteration: 2
  Device: "mos2d"	RelError: 1.41950e-03	AbsError: 3.23740e+12
    Region: "bulk"	RelError: 1.41940e-03	AbsError: 3.23740e+12
      Equation: "ElectronContinuityEquation"	RelError: 1.24191e-03	AbsError: 3.22303e+12
      Equation: "HoleContinuityEquation"	RelError: 1.76598e-04	AbsError: 1.43701e+10
      Equation: "PotentialEquation"	RelError: 8.86461e-07	AbsError: 8.41185e-08
    Region: "gate"	RelError: 4.13881e-09	AbsError: 2.04833e+11
      Equation: "ElectronContinuityEquation"	RelError: 2.06450e-09	AbsError: 2.04833e+11
      Equation: "HoleContinuityEquation"	RelError: 2.02600e-09	AbsError: 2.04199e-09
      Equation: "PotentialEquation"	RelError: 4.83209e-11	AbsError: 5.29535e-11
    Region: "oxide"	RelError: 9.58695e-08	AbsError: 8.41185e-08
      Equation: "PotentialEquation"	RelError: 9.58695e-08	AbsError: 8.41185e-08
Iteration: 3
  Device: "mos2d"	RelError: 2.90078e-10	AbsError: 1.65657e+06
    Region: "bulk"	RelError: 2.90045e-10	AbsError: 1.65657e+06
      Equation: "ElectronContinuityEquation"	RelError: 5.94445e-11	AbsError: 1.65370e+06
      Equation: "HoleContinuityEquation"	RelError: 2.30515e-10	AbsError: 2.87296e+03
      Equation: "PotentialEquation"	RelError: 8.59772e-14	AbsError: 2.77729e-14
    Region: "gate"	RelError: 1.08882e-15	AbsError: 5.06473e+04
      Equation: "ElectronContinuityEquation"	RelError: 5.10470e-16	AbsError: 5.06473e+04
      Equation: "HoleContinuityEquation"	RelError: 4.77030e-16	AbsError: 4.80795e-16
      Equation: "PotentialEquation"	RelError: 1.01320e-16	AbsError: 1.11055e-16
    Region: "oxide"	RelError: 3.16527e-14	AbsError: 2.77729e-14
      Equation: "PotentialEquation"	RelError: 3.16527e-14	AbsError: 2.77729e-14
Succeeded
IVPOINT	IDVD_VG1P0	5.00000000e-01	4.60000000e-01	8.38276389e-01
drain last end 4.600000e-01 2.000000e+00
number of equations 4346
Iteration: 0
  Device: "mos2d"	RelError: 4.66775e+00	AbsError: 1.44262e+17
    Region: "bulk"	RelError: 4.64960e+00	AbsError: 1.44262e+17
      Equation: "ElectronContinuityEquation"	RelError: 5.37568e-01	AbsError: 1.43089e+17
      Equation: "HoleContinuityEquation"	RelError: 1.33018e+00	AbsError: 1.17322e+15
      Equation: "PotentialEquation"	RelError: 2.78185e+00	AbsError: 2.00000e-02
    Region: "gate"	RelError: 9.07455e-04	AbsError: 4.44920e+16
      Equation: "ElectronContinuityEquation"	RelError: 4.48230e-04	AbsError: 4.44920e+16
      Equation: "HoleContinuityEquation"	RelError: 4.48632e-04	AbsError: 4.51970e-04
      Equation: "PotentialEquation"	RelError: 1.05929e-05	AbsError: 1.16086e-05
    Region: "oxide"	RelError: 1.72461e-02	AbsError: 1.64272e-02
      Equation: "PotentialEquation"	RelError: 1.72461e-02	AbsError: 1.64272e-02
Iteration: 1
  Device: "mos2d"	RelError: 3.32875e-01	AbsError: 5.07836e+15
    Region: "bulk"	RelError: 3.32652e-01	AbsError: 5.07836e+15
      Equation: "ElectronContinuityEquation"	RelError: 7.83882e-02	AbsError: 5.04771e+15
      Equation: "HoleContinuityEquation"	RelError: 2.45900e-01	AbsError: 3.06545e+13
      Equation: "PotentialEquation"	RelError: 8.36399e-03	AbsError: 1.87228e-04
    Region: "gate"	RelError: 1.21868e-05	AbsError: 5.87801e+14
      Equation: "ElectronContinuityEquation"	RelError: 5.92177e-06	AbsError: 5.87801e+14
      Equation: "HoleContinuityEquation"	RelError: 6.12279e-06	AbsError: 6.16838e-06
      Equation: "PotentialEquation"	RelError: 1.42259e-07	AbsError: 1.55899e-07
    Region: "oxide"	RelError: 2.11400e-04	AbsError: 1.86524e-04
      Equation: "PotentialEquation"	RelError: 2.11400e-04	AbsError: 1.86524e-04
Iteration: 2
  Device: "mos2d"	RelError: 1.95497e-03	AbsError: 3.22374e+12
    Region: "bulk"	RelError: 1.95488e-03	AbsError: 3.22374e+12
      Equation: "ElectronContinuityEquation"	RelError: 1.69878e-03	AbsError: 3.20937e+12
      Equation: "HoleContinuityEquation"	RelError: 2.54620e-04	AbsError: 1.43772e+10
      Equation: "PotentialEquation"	RelError: 1.48285e-06	AbsError: 7.35313e-08
    Region: "gate"	RelError: 3.68592e-09	AbsError: 1.82598e+11
      Equation: "ElectronContinuityEquation"	RelError: 1.83958e-09	AbsError: 1.82598e+11
      Equation: "HoleContinuityEquation"	RelError: 1.80331e-09	AbsError: 1.81674e-09
      Equation: "PotentialEquation"	RelError: 4.30331e-11	AbsError: 4.71592e-11
    Region: "oxide"	RelError: 8.26211e-08	AbsError: 7.35313e-08
      Equation: "PotentialEquation"	RelError: 8.26211e-08	AbsError: 7.35313e-08
Iteration: 3
  Device: "mos2d"	RelError: 2.46932e-10	AbsError: 1.69053e+06
    Region: "bulk"	RelError: 2.46908e-10	AbsError: 1.69053e+06
      Equation: "ElectronContinuityEquation"	RelError: 1.11238e-10	AbsError: 1.68771e+06
      Equation: "HoleContinuityEquation"	RelError: 1.35504e-10	AbsError: 2.81472e+03
      Equation: "PotentialEquation"	RelError: 1.65884e-13	AbsError: 2.16108e-14
    Region: "gate"	RelError: 1.01288e-15	AbsError: 3.27098e+04
      Equation: "ElectronContinuityEquation"	RelError: 3.29533e-16	AbsError: 3.27098e+04
      Equation: "HoleContinuityEquation"	RelError: 5.77196e-16	AbsError: 5.81494e-16
      Equation: "PotentialEquation"	RelError: 1.06154e-16	AbsError: 1.16341e-16
    Region: "oxide"	RelError: 2.36787e-14	AbsError: 2.16108e-14
      Equation: "PotentialEquation"	RelError: 2.36787e-14	AbsError: 2.16108e-14
Succeeded
IVPOINT	IDVD_VG1P0	5.00000000e-01	4.80000000e-01	8.54220869e-01
drain last end 4.800000e-01 2.000000e+00
number of equations 4346
Iteration: 0
  Device: "mos2d"	RelError: 9.32064e+00	AbsError: 1.35288e+17
    Region: "bulk"	RelError: 9.30306e+00	AbsError: 1.35288e+17
      Equation: "ElectronContinuityEquation"	RelError: 5.32376e-01	AbsError: 1.34138e+17
      Equation: "HoleContinuityEquation"	RelError: 1.29157e+00	AbsError: 1.15004e+15
      Equation: "PotentialEquation"	RelError: 7.47912e+00	AbsError: 2.00000e-02
    Region: "gate"	RelError: 8.83242e-04	AbsError: 4.33240e+16
      Equation: "ElectronContinuityEquation"	RelError: 4.36275e-04	AbsError: 4.33240e+16
      Equation: "HoleContinuityEquation"	RelError: 4.36656e-04	AbsError: 4.39716e-04
      Equation: "PotentialEquation"	RelError: 1.03102e-05	AbsError: 1.12989e-05
    Region: "oxide"	RelError: 1.66930e-02	AbsError: 1.61681e-02
      Equation: "PotentialEquation"	RelError: 1.66930e-02	AbsError: 1.61681e-02
Iteration: 1
  Device: "mos2d"	RelError: 3.28849e-01	AbsError: 5.13647e+15
    Region: "bulk"	RelError: 3.28640e-01	AbsError: 5.13647e+15
      Equation: "ElectronContinuityEquation"	RelError: 7.75195e-02	AbsError: 5.10627e+15
      Equation: "HoleContinuityEquation"	RelError: 2.35333e-01	AbsError: 3.01912e+13
      Equation: "PotentialEquation"	RelError: 1.57882e-02	AbsError: 1.77908e-04
    Region: "gate"	RelError: 1.16862e-05	AbsError: 5.64015e+14
      Equation: "ElectronContinuityEquation"	RelError: 5.67970e-06	AbsError: 5.64015e+14
      Equation: "HoleContinuityEquation"	RelError: 5.87013e-06	AbsError: 5.91130e-06
      Equation: "PotentialEquation"	RelError: 1.36414e-07	AbsError: 1.49496e-07
    Region: "oxide"	RelError: 1.97199e-04	AbsError: 1.77908e-04
      Equation: "PotentialEquation"	RelError: 1.97199e-04	AbsError: 1.77908e-04
Iteration: 2
  Device: "mos2d"	RelError: 2.38349e-03	AbsError: 2.96410e+12
    Region: "bulk"	RelError: 2.38341e-03	AbsError: 2.96410e+12
      Equation: "ElectronContinuityEquation"	RelError: 2.02557e-03	AbsError: 2.95019e+12
      Equation: "HoleContinuityEquation"	RelError: 3.56327e-04	AbsError: 1.39114e+10
      Equation: "PotentialEquation"	RelError: 1.51751e-06	AbsError: 6.90939e-08
    Region: "gate"	RelError: 3.24086e-09	AbsError: 1.60692e+11
      Equation: "ElectronContinuityEquation"	RelError: 1.61819e-09	AbsError: 1.60692e+11
      Equation: "HoleContinuityEquation"	RelError: 1.58484e-09	AbsError: 1.59595e-09
      Equation: "PotentialEquation"	RelError: 3.78369e-11	AbsError: 4.14653e-11
    Region: "oxide"	RelError: 7.45930e-08	AbsError: 6.90939e-08
      Equation: "PotentialEquation"	RelError: 7.45930e-08	AbsError: 6.90939e-08
Iteration: 3
  Device: "mos2d"	RelError: 3.33198e-10	AbsError: 1.38393e+06
    Region: "bulk"	RelError: 3.33179e-10	AbsError: 1.38393e+06
      Equation: "ElectronContinuityEquation"	RelError: 9.68567e-11	AbsError: 1.38134e+06
      Equation: "HoleContinuityEquation"	RelError: 2.35997e-10	AbsError: 2.59330e+03
      Equation: "PotentialEquation"	RelError: 3.25810e-13	AbsError: 1.66573e-14
    Region: "gate"	RelError: 7.36217e-16	AbsError: 3.07016e+04
      Equation: "ElectronContinuityEquation"	RelError: 3.08241e-16	AbsError: 3.07016e+04
      Equation: "HoleContinuityEquation"	RelError: 3.26650e-16	AbsError: 3.27954e-16
      Equation: "PotentialEquation"	RelError: 1.01326e-16	AbsError: 1.11061e-16
    Region: "oxide"	RelError: 1.79830e-14	AbsError: 1.66573e-14
      Equation: "PotentialEquation"	RelError: 1.79830e-14	AbsError: 1.66573e-14
Succeeded
IVPOINT	IDVD_VG1P0	5.00000000e-01	5.00000000e-01	8.69547423e-01
drain last end 5.000000e-01 2.000000e+00
number of equations 4346
Iteration: 0
  Device: "mos2d"	RelError: 7.88410e+00	AbsError: 1.25440e+17
    Region: "bulk"	RelError: 7.86709e+00	AbsError: 1.25440e+17
      Equation: "ElectronContinuityEquation"	RelError: 5.26044e-01	AbsError: 1.24318e+17
      Equation: "HoleContinuityEquation"	RelError: 1.28270e+00	AbsError: 1.12200e+15
      Equation: "PotentialEquation"	RelError: 6.05835e+00	AbsError: 2.00000e-02
    Region: "gate"	RelError: 8.60068e-04	AbsError: 4.22054e+16
      Equation: "ElectronContinuityEquation"	RelError: 4.24833e-04	AbsError: 4.22054e+16
      Equation: "HoleContinuityEquation"	RelError: 4.25195e-04	AbsError: 4.27994e-04
      Equation: "PotentialEquation"	RelError: 1.00396e-05	AbsError: 1.10024e-05
    Region: "oxide"	RelError: 1.61510e-02	AbsError: 1.58977e-02
      Equation: "PotentialEquation"	RelError: 1.61510e-02	AbsError: 1.58977e-02
Iteration: 1
  Device: "mos2d"	RelError: 3.24120e-01	AbsError: 5.24754e+15
    Region: "bulk"	RelError: 3.23926e-01	AbsError: 5.24754e+15
      Equation: "ElectronContinuityEquation"	RelError: 7.65086e-02	AbsError: 5.21823e+15
      Equation: "HoleContinuityEquation"	RelError: 2.32865e-01	AbsError: 2.93162e+13
      Equation: "PotentialEquation"	RelError: 1.45523e-02	AbsError: 1.68974e-04
    Region: "gate"	RelError: 1.10774e-05	AbsError: 5.34849e+14
      Equation: "ElectronContinuityEquation"	RelError: 5.38374e-06	AbsError: 5.34849e+14
      Equation: "HoleContinuityEquation"	RelError: 5.56431e-06	AbsError: 5.60098e-06
      Equation: "PotentialEquation"	RelError: 1.29306e-07	AbsError: 1.41707e-07
    Region: "oxide"	RelError: 1.82943e-04	AbsError: 1.68974e-04
      Equation: "PotentialEquation"	RelError: 1.82943e-04	AbsError: 1.68974e-04
Iteration: 2
  Device: "mos2d"	RelError: 2.55161e-03	AbsError: 2.75172e+12
    Region: "bulk"	RelError: 2.55154e-03	AbsError: 2.75172e+12
      Equation: "ElectronContinuityEquation"	RelError: 2.09303e-03	AbsError: 2.73868e+12
      Equation: "HoleContinuityEquation"	RelError: 4.56625e-04	AbsError: 1.30390e+10
      Equation: "PotentialEquation"	RelError: 1.87659e-06	AbsError: 6.34188e-08
    Region: "gate"	RelError: 2.93883e-09	AbsError: 1.45590e+11
      Equation: "ElectronContinuityEquation"	RelError: 1.46110e-09	AbsError: 1.45590e+11
      Equation: "HoleContinuityEquation"	RelError: 1.44342e-09	AbsError: 1.44858e-09
      Equation: "PotentialEquation"	RelError: 3.43063e-11	AbsError: 3.75991e-11
    Region: "oxide"	RelError: 6.74994e-08	AbsError: 6.34188e-08
      Equation: "PotentialEquation"	RelError: 6.74994e-08	AbsError: 6.34188e-08
Iteration: 3
  Device: "mos2d"	RelError: 3.70703e-10	AbsError: 1.00803e+06
    Region: "bulk"	RelError: 3.70690e-10	AbsError: 1.00803e+06
      Equation: "ElectronContinuityEquation"	RelError: 9.95493e-11	AbsError: 1.00577e+06
      Equation: "HoleContinuityEquation"	RelError: 2.70933e-10	AbsError: 2.25383e+03
      Equation: "PotentialEquation"	RelError: 2.08061e-13	AbsError: 1.20019e-14
    Region: "gate"	RelError: 6.99350e-16	AbsError: 2.70114e+04
      Equation: "ElectronContinuityEquation"	RelError: 2.71079e-16	AbsError: 2.70114e+04
      Equation: "HoleContinuityEquation"	RelError: 3.26880e-16	AbsError: 3.28049e-16
      Equation: "PotentialEquation"	RelError: 1.01390e-16	AbsError: 1.11131e-16
    Region: "oxide"	RelError: 1.25304e-14	AbsError: 1.20019e-14
      Equation: "PotentialEquation"	RelError: 1.25304e-14	AbsError: 1.20019e-14
Succeeded
IVPOINT	IDVD_VG1P0	5.00000000e-01	5.20000000e-01	8.84336760e-01
drain last end 5.200000e-01 2.000000e+00
number of equations 4346
Iteration: 0
  Device: "mos2d"	RelError: 4.69001e+00	AbsError: 1.14874e+17
    Region: "bulk"	RelError: 4.67355e+00	AbsError: 1.14874e+17
      Equation: "ElectronContinuityEquation"	RelError: 5.18109e-01	AbsError: 1.13784e+17
      Equation: "HoleContinuityEquation"	RelError: 1.26178e+00	AbsError: 1.08937e+15
      Equation: "PotentialEquation"	RelError: 2.89366e+00	AbsError: 2.00000e-02
    Region: "gate"	RelError: 8.38141e-04	AbsError: 4.11467e+16
      Equation: "ElectronContinuityEquation"	RelError: 4.14007e-04	AbsError: 4.11467e+16
      Equation: "HoleContinuityEquation"	RelError: 4.14350e-04	AbsError: 4.16908e-04
      Equation: "PotentialEquation"	RelError: 9.78354e-06	AbsError: 1.07219e-05
    Region: "oxide"	RelError: 1.56233e-02	AbsError: 1.56202e-02
      Equation: "PotentialEquation"	RelError: 1.56233e-02	AbsError: 1.56202e-02
Iteration: 1
  Device: "mos2d"	RelError: 3.19411e-01	AbsError: 5.51201e+15
    Region: "bulk"	RelError: 3.19231e-01	AbsError: 5.51201e+15
      Equation: "ElectronContinuityEquation"	RelError: 7.52968e-02	AbsError: 5.48393e+15
      Equation: "HoleContinuityEquation"	RelError: 2.30305e-01	AbsError: 2.80802e+13
      Equation: "PotentialEquation"	RelError: 1.36290e-02	AbsError: 1.61137e-04
    Region: "gate"	RelError: 1.03843e-05	AbsError: 5.01482e+14
      Equation: "ElectronContinuityEquation"	RelError: 5.04580e-06	AbsError: 5.01482e+14
      Equation: "HoleContinuityEquation"	RelError: 5.21729e-06	AbsError: 5.24953e-06
      Equation: "PotentialEquation"	RelError: 1.21214e-07	AbsError: 1.32841e-07
    Region: "oxide"	RelError: 1.69175e-04	AbsError: 1.61137e-04
      Equation: "PotentialEquation"	RelError: 1.69175e-04	AbsError: 1.61137e-04
Iteration: 2
  Device: "mos2d"	RelError: 2.56148e-03	AbsError: 3.13250e+12
    Region: "bulk"	RelError: 2.56141e-03	AbsError: 3.13250e+12
      Equation: "ElectronContinuityEquation"	RelError: 2.03372e-03	AbsError: 3.12065e+12
      Equation: "HoleContinuityEquation"	RelError: 5.25779e-04	AbsError: 1.18556e+10
      Equation: "PotentialEquation"	RelError: 1.91250e-06	AbsError: 5.92461e-08
    Region: "gate"	RelError: 3.08781e-09	AbsError: 1.52967e+11
      Equation: "ElectronContinuityEquation"	RelError: 1.53451e-09	AbsError: 1.52967e+11
      Equation: "HoleContinuityEquation"	RelError: 1.51725e-09	AbsError: 1.52206e-09
      Equation: "PotentialEquation"	RelError: 3.60448e-11	AbsError: 3.95049e-11
    Region: "oxide"	RelError: 6.07712e-08	AbsError: 5.92461e-08
      Equation: "PotentialEquation"	RelError: 6.07712e-08	AbsError: 5.92461e-08
Iteration: 3
  Device: "mos2d"	RelError: 1.45679e-10	AbsError: 1.16555e+06
    Region: "bulk"	RelError: 1.45663e-10	AbsError: 1.16555e+06
      Equation: "ElectronContinuityEquation"	RelError: 8.93388e-11	AbsError: 1.16372e+06
      Equation: "HoleContinuityEquation"	RelError: 5.60486e-11	AbsError: 1.83656e+03
      Equation: "PotentialEquation"	RelError: 2.75346e-13	AbsError: 1.50377e-14
    Region: "gate"	RelError: 9.44249e-16	AbsError: 3.31673e+04
      Equation: "ElectronContinuityEquation"	RelError: 3.32724e-16	AbsError: 3.31673e+04
      Equation: "HoleContinuityEquation"	RelError: 5.10234e-16	AbsError: 5.11851e-16
      Equation: "PotentialEquation"	RelError: 1.01291e-16	AbsError: 1.11022e-16
    Region: "oxide"	RelError: 1.50428e-14	AbsError: 1.50377e-14
      Equation: "PotentialEquation"	RelError: 1.50428e-14	AbsError: 1.50377e-14
Succeeded
IVPOINT	IDVD_VG1P0	5.00000000e-01	5.40000000e-01	8.98658813e-01
drain last end 5.400000e-01 2.000000e+00
number of equations 4346
Iteration: 0
  Device: "mos2d"	RelError: 1.00614e+01	AbsError: 1.03816e+17
    Region: "bulk"	RelError: 1.00454e+01	AbsError: 1.03816e+17
      Equation: "ElectronContinuityEquation"	RelError: 5.07954e-01	AbsError: 1.02764e+17
      Equation: "HoleContinuityEquation"	RelError: 1.23143e+00	AbsError: 1.05246e+15
      Equation: "PotentialEquation"	RelError: 8.30604e+00	AbsError: 2.00000e-02
    Region: "gate"	RelError: 8.17623e-04	AbsError: 4.01559e+16
      Equation: "ElectronContinuityEquation"	RelError: 4.03876e-04	AbsError: 4.01559e+16
      Equation: "HoleContinuityEquation"	RelError: 4.04203e-04	AbsError: 4.06536e-04
      Equation: "PotentialEquation"	RelError: 9.54394e-06	AbsError: 1.04595e-05
    Region: "oxide"	RelError: 1.51138e-02	AbsError: 1.53406e-02
      Equation: "PotentialEquation"	RelError: 1.51138e-02	AbsError: 1.53406e-02
Iteration: 1
  Device: "mos2d"	RelError: 3.09458e-01	AbsError: 5.63739e+15
    Region: "bulk"	RelError: 3.09292e-01	AbsError: 5.63739e+15
      Equation: "ElectronContinuityEquation"	RelError: 7.38064e-02	AbsError: 5.61085e+15
      Equation: "HoleContinuityEquation"	RelError: 2.24937e-01	AbsError: 2.65473e+13
      Equation: "PotentialEquation"	RelError: 1.05489e-02	AbsError: 1.51346e-04
    Region: "gate"	RelError: 9.63129e-06	AbsError: 4.65097e+14
      Equation: "ElectronContinuityEquation"	RelError: 4.67783e-06	AbsError: 4.65097e+14
      Equation: "HoleContinuityEquation"	RelError: 4.84103e-06	AbsError: 4.86900e-06
      Equation: "PotentialEquation"	RelError: 1.12424e-07	AbsError: 1.23208e-07
    Region: "oxide"	RelError: 1.56816e-04	AbsError: 1.51346e-04
      Equation: "PotentialEquation"	RelError: 1.56816e-04	AbsError: 1.51346e-04
Iteration: 2
  Device: "mos2d"	RelError: 2.76449e-03	AbsError: 3.69548e+12
    Region: "bulk"	RelError: 2.76443e-03	AbsError: 3.69548e+12
      Equation: "ElectronContinuityEquation"	RelError: 2.21218e-03	AbsError: 3.68501e+12
      Equation: "HoleContinuityEquation"	RelError: 5.50662e-04	AbsError: 1.04721e+10
      Equation: "PotentialEquation"	RelError: 1.59250e-06	AbsError: 5.99826e-08
    Region: "gate"	RelError: 3.11670e-09	AbsError: 1.54403e+11
      Equation: "ElectronContinuityEquation"	RelError: 1.54831e-09	AbsError: 1.54403e+11
      Equation: "HoleContinuityEquation"	RelError: 1.53201e-09	AbsError: 1.53625e-09
      Equation: "PotentialEquation"	RelError: 3.63815e-11	AbsError: 3.98742e-11
    Region: "oxide"	RelError: 5.98302e-08	AbsError: 5.99826e-08
      Equation: "PotentialEquation"	RelError: 5.98302e-08	AbsError: 5.99826e-08
Iteration: 3
  Device: "mos2d"	RelError: 4.15161e-10	AbsError: 1.70701e+06
    Region: "bulk"	RelError: 4.15140e-10	AbsError: 1.70701e+06
      Equation: "ElectronContinuityEquation"	RelError: 9.55337e-11	AbsError: 1.70559e+06
      Equation: "HoleContinuityEquation"	RelError: 3.19556e-10	AbsError: 1.41441e+03
      Equation: "PotentialEquation"	RelError: 5.03516e-14	AbsError: 1.97371e-14
    Region: "gate"	RelError: 9.70159e-16	AbsError: 3.76004e+04
      Equation: "ElectronContinuityEquation"	RelError: 3.77046e-16	AbsError: 3.76004e+04
      Equation: "HoleContinuityEquation"	RelError: 4.91770e-16	AbsError: 4.93133e-16
      Equation: "PotentialEquation"	RelError: 1.01342e-16	AbsError: 1.11079e-16
    Region: "oxide"	RelError: 1.94480e-14	AbsError: 1.97371e-14
      Equation: "PotentialEquation"	RelError: 1.94480e-14	AbsError: 1.97371e-14
Succeeded
IVPOINT	IDVD_VG1P0	5.00000000e-01	5.60000000e-01	9.12573982e-01
drain last end 5.600000e-01 2.000000e+00
number of equations 4346
Iteration: 0
  Device: "mos2d"	RelError: 3.47923e+00	AbsError: 9.25533e+16
    Region: "bulk"	RelError: 3.46380e+00	AbsError: 9.25533e+16
      Equation: "ElectronContinuityEquation"	RelError: 4.94784e-01	AbsError: 9.15416e+16
      Equation: "HoleContinuityEquation"	RelError: 1.22123e+00	AbsError: 1.01169e+15
      Equation: "PotentialEquation"	RelError: 1.74778e+00	AbsError: 2.00000e-02
    Region: "gate"	RelError: 7.98625e-04	AbsError: 3.92385e+16
      Equation: "ElectronContinuityEquation"	RelError: 3.94496e-04	AbsError: 3.92385e+16
      Equation: "HoleContinuityEquation"	RelError: 3.94807e-04	AbsError: 3.96931e-04
      Equation: "PotentialEquation"	RelError: 9.32210e-06	AbsError: 1.02164e-05
    Region: "oxide"	RelError: 1.46263e-02	AbsError: 1.50640e-02
      Equation: "PotentialEquation"	RelError: 1.46263e-02	AbsError: 1.50640e-02
Iteration: 1
  Device: "mos2d"	RelError: 2.98791e-01	AbsError: 5.60784e+15
    Region: "bulk"	RelError: 2.98639e-01	AbsError: 5.60784e+15
      Equation: "ElectronContinuityEquation"	RelError: 7.19374e-02	AbsError: 5.58305e+15
      Equation: "HoleContinuityEquation"	RelError: 2.21352e-01	AbsError: 2.47891e+13
      Equation: "PotentialEquation"	RelError: 5.35031e-03	AbsError: 1.41019e-04
    Region: "gate"	RelError: 8.84214e-06	AbsError: 4.26863e+14
      Equation: "ElectronContinuityEquation"	RelError: 4.29161e-06	AbsError: 4.26863e+14
      Equation: "HoleContinuityEquation"	RelError: 4.44732e-06	AbsError: 4.47126e-06
      Equation: "PotentialEquation"	RelError: 1.03211e-07	AbsError: 1.13113e-07
    Region: "oxide"	RelError: 1.43367e-04	AbsError: 1.40676e-04
      Equation: "PotentialEquation"	RelError: 1.43367e-04	AbsError: 1.40676e-04
Iteration: 2
  Device: "mos2d"	RelError: 2.76227e-03	AbsError: 3.95314e+12
    Region: "bulk"	RelError: 2.76221e-03	AbsError: 3.95314e+12
      Equation: "ElectronContinuityEquation"	RelError: 2.22530e-03	AbsError: 3.94414e+12
      Equation: "HoleContinuityEquation"	RelError: 5.36015e-04	AbsError: 8.99880e+09
      Equation: "PotentialEquation"	RelError: 8.89162e-07	AbsError: 6.03966e-08
    Region: "gate"	RelError: 3.00535e-09	AbsError: 1.48904e+11
      Equation: "ElectronContinuityEquation"	RelError: 1.49259e-09	AbsError: 1.48904e+11
      Equation: "HoleContinuityEquation"	RelError: 1.47768e-09	AbsError: 1.48120e-09
      Equation: "PotentialEquation"	RelError: 3.50813e-11	AbsError: 3.84496e-11
    Region: "oxide"	RelError: 5.86493e-08	AbsError: 6.03966e-08
      Equation: "PotentialEquation"	RelError: 5.86493e-08	AbsError: 6.03966e-08
Iteration: 3
  Device: "mos2d"	RelError: 6.37291e-10	AbsError: 1.98308e+06
    Region: "bulk"	RelError: 6.37268e-10	AbsError: 1.98308e+06
      Equation: "ElectronContinuityEquation"	RelError: 1.02874e-10	AbsError: 1.98204e+06
      Equation: "HoleContinuityEquation"	RelError: 5.34351e-10	AbsError: 1.04357e+03
      Equation: "PotentialEquation"	RelError: 4.30855e-14	AbsError: 2.20480e-14
    Region: "gate"	RelError: 9.63032e-16	AbsError: 4.90258e+04
      Equation: "ElectronContinuityEquation"	RelError: 4.91426e-16	AbsError: 4.90258e+04
      Equation: "HoleContinuityEquation"	RelError: 3.68845e-16	AbsError: 3.69723e-16
      Equation: "PotentialEquation"	RelError: 1.02761e-16	AbsError: 1.12628e-16
    Region: "oxide"	RelError: 2.14102e-14	AbsError: 2.20480e-14
      Equation: "PotentialEquation"	RelError: 2.14102e-14	AbsError: 2.20480e-14
Succeeded
IVPOINT	IDVD_VG1P0	5.00000000e-01	5.80000000e-01	9.26134355e-01
drain last end 5.800000e-01 2.000000e+00
number of equations 4346
Iteration: 0
  Device: "mos2d"	RelError: 4.06399e+00	AbsError: 8.13948e+16
    Region: "bulk"	RelError: 4.04905e+00	AbsError: 8.13948e+16
      Equation: "ElectronContinuityEquation"	RelError: 4.77627e-01	AbsError: 8.04273e+16
      Equation: "HoleContinuityEquation"	RelError: 1.19874e+00	AbsError: 9.67510e+14
      Equation: "PotentialEquation"	RelError: 2.37268e+00	AbsError: 2.00000e-02
    Region: "gate"	RelError: 7.81212e-04	AbsError: 3.83979e+16
      Equation: "ElectronContinuityEquation"	RelError: 3.85897e-04	AbsError: 3.83979e+16
      Equation: "HoleContinuityEquation"	RelError: 3.86196e-04	AbsError: 3.88125e-04
      Equation: "PotentialEquation"	RelError: 9.11875e-06	AbsError: 9.99366e-06
    Region: "oxide"	RelError: 1.41643e-02	AbsError: 1.47958e-02
      Equation: "PotentialEquation"	RelError: 1.41643e-02	AbsError: 1.47958e-02
Iteration: 1
  Device: "mos2d"	RelError: 2.95254e-01	AbsError: 5.42535e+15
    Region: "bulk"	RelError: 2.95117e-01	AbsError: 5.42535e+15
      Equation: "ElectronContinuityEquation"	RelError: 6.95681e-02	AbsError: 5.40202e+15
      Equation: "HoleContinuityEquation"	RelError: 2.18533e-01	AbsError: 2.33272e+13
      Equation: "PotentialEquation"	RelError: 7.01572e-03	AbsError: 1.32893e-04
    Region: "gate"	RelError: 8.04022e-06	AbsError: 3.87929e+14
      Equation: "ElectronContinuityEquation"	RelError: 3.89868e-06	AbsError: 3.87929e+14
      Equation: "HoleContinuityEquation"	RelError: 4.04768e-06	AbsError: 4.06792e-06
      Equation: "PotentialEquation"	RelError: 9.38496e-08	AbsError: 1.02854e-07
    Region: "oxide"	RelError: 1.29419e-04	AbsError: 1.31887e-04
      Equation: "PotentialEquation"	RelError: 1.29419e-04	AbsError: 1.31887e-04
Iteration: 2
  Device: "mos2d"	RelError: 2.58653e-03	AbsError: 3.89025e+12
    Region: "bulk"	RelError: 2.58647e-03	AbsError: 3.89025e+12
      Equation: "ElectronContinuityEquation"	RelError: 2.09192e-03	AbsError: 3.88272e+12
      Equation: "HoleContinuityEquation"	RelError: 4.93386e-04	AbsError: 7.53337e+09
      Equation: "PotentialEquation"	RelError: 1.16345e-06	AbsError: 5.71263e-08
    Region: "gate"	RelError: 2.75721e-09	AbsError: 1.36638e+11
      Equation: "ElectronContinuityEquation"	RelError: 1.36911e-09	AbsError: 1.36638e+11
      Equation: "HoleContinuityEquation"	RelError: 1.35592e-09	AbsError: 1.35863e-09
      Equation: "PotentialEquation"	RelError: 3.21844e-11	AbsError: 3.52749e-11
    Region: "oxide"	RelError: 5.46946e-08	AbsError: 5.71263e-08
      Equation: "PotentialEquation"	RelError: 5.46946e-08	AbsError: 5.71263e-08
Iteration: 3
  Device: "mos2d"	RelError: 6.28217e-10	AbsError: 1.92864e+06
    Region: "bulk"	RelError: 6.28195e-10	AbsError: 1.92864e+06
      Equation: "ElectronContinuityEquation"	RelError: 1.19886e-10	AbsError: 1.92791e+06
      Equation: "HoleContinuityEquation"	RelError: 5.08234e-10	AbsError: 7.25540e+02
      Equation: "PotentialEquation"	RelError: 7.53408e-14	AbsError: 2.13940e-14
    Region: "gate"	RelError: 8.07169e-16	AbsError: 5.19082e+04
      Equation: "ElectronContinuityEquation"	RelError: 5.20120e-16	AbsError: 5.19082e+04
      Equation: "HoleContinuityEquation"	RelError: 1.85655e-16	AbsError: 1.88542e-16
      Equation: "PotentialEquation"	RelError: 1.01394e-16	AbsError: 1.11135e-16
    Region: "oxide"	RelError: 2.04834e-14	AbsError: 2.13940e-14
      Equation: "PotentialEquation"	RelError: 2.04834e-14	AbsError: 2.13940e-14
Succeeded
IVPOINT	IDVD_VG1P0	5.00000000e-01	6.00000000e-01	9.39384832e-01
drain last end 6.000000e-01 2.000000e+00
number of equations 4346
Iteration: 0
  Device: "mos2d"	RelError: 5.15681e+00	AbsError: 7.06888e+16
    Region: "bulk"	RelError: 5.14231e+00	AbsError: 7.06888e+16
      Equation: "ElectronContinuityEquation"	RelError: 4.55393e-01	AbsError: 6.97227e+16
      Equation: "HoleContinuityEquation"	RelError: 1.15873e+00	AbsError: 9.66140e+14
      Equation: "PotentialEquation"	RelError: 3.52818e+00	AbsError: 2.00000e-02
    Region: "gate"	RelError: 7.65401e-04	AbsError: 3.76955e+16
      Equation: "ElectronContinuityEquation"	RelError: 3.78090e-04	AbsError: 3.76955e+16
      Equation: "HoleContinuityEquation"	RelError: 3.78376e-04	AbsError: 3.80124e-04
      Equation: "PotentialEquation"	RelError: 8.93412e-06	AbsError: 9.79140e-06
    Region: "oxide"	RelError: 1.37305e-02	AbsError: 1.45406e-02
      Equation: "PotentialEquation"	RelError: 1.37305e-02	AbsError: 1.45406e-02
Iteration: 1
  Device: "mos2d"	RelError: 2.86261e-01	AbsError: 5.11058e+15
    Region: "bulk"	RelError: 2.86137e-01	AbsError: 5.11058e+15
      Equation: "ElectronContinuityEquation"	RelError: 6.65629e-02	AbsError: 5.08604e+15
      Equation: "HoleContinuityEquation"	RelError: 2.12855e-01	AbsError: 2.45492e+13
      Equation: "PotentialEquation"	RelError: 6.71863e-03	AbsError: 1.23258e-04
    Region: "gate"	RelError: 7.24789e-06	AbsError: 3.49397e+14
      Equation: "ElectronContinuityEquation"	RelError: 3.51013e-06	AbsError: 3.49397e+14
      Equation: "HoleContinuityEquation"	RelError: 3.65316e-06	AbsError: 3.67005e-06
      Equation: "PotentialEquation"	RelError: 8.46004e-08	AbsError: 9.27183e-08
    Region: "oxide"	RelError: 1.17500e-04	AbsError: 1.22314e-04
      Equation: "PotentialEquation"	RelError: 1.17500e-04	AbsError: 1.22314e-04
Iteration: 2
  Device: "mos2d"	RelError: 2.23890e-03	AbsError: 3.55658e+12
    Region: "bulk"	RelError: 2.23885e-03	AbsError: 3.55658e+12
      Equation: "ElectronContinuityEquation"	RelError: 1.80420e-03	AbsError: 3.54944e+12
      Equation: "HoleContinuityEquation"	RelError: 4.33921e-04	AbsError: 7.13461e+09
      Equation: "PotentialEquation"	RelError: 7.34069e-07	AbsError: 5.08503e-08
    Region: "gate"	RelError: 2.40132e-09	AbsError: 1.19037e+11
      Equation: "ElectronContinuityEquation"	RelError: 1.19231e-09	AbsError: 1.19037e+11
      Equation: "HoleContinuityEquation"	RelError: 1.18099e-09	AbsError: 1.18290e-09
      Equation: "PotentialEquation"	RelError: 2.80302e-11	AbsError: 3.07220e-11
    Region: "oxide"	RelError: 4.80227e-08	AbsError: 5.08503e-08
      Equation: "PotentialEquation"	RelError: 4.80227e-08	AbsError: 5.08503e-08
Iteration: 3
  Device: "mos2d"	RelError: 5.42465e-10	AbsError: 1.61339e+06
    Region: "bulk"	RelError: 5.42448e-10	AbsError: 1.61339e+06
      Equation: "ElectronContinuityEquation"	RelError: 7.13814e-11	AbsError: 1.61284e+06
      Equation: "HoleContinuityEquation"	RelError: 4.71026e-10	AbsError: 5.51759e+02
      Equation: "PotentialEquation"	RelError: 3.97478e-14	AbsError: 1.79926e-14
    Region: "gate"	RelError: 7.56342e-16	AbsError: 3.19017e+04
      Equation: "ElectronContinuityEquation"	RelError: 3.19536e-16	AbsError: 3.19017e+04
      Equation: "HoleContinuityEquation"	RelError: 3.35514e-16	AbsError: 3.36060e-16
      Equation: "PotentialEquation"	RelError: 1.01292e-16	AbsError: 1.11024e-16
    Region: "oxide"	RelError: 1.69921e-14	AbsError: 1.79926e-14
      Equation: "PotentialEquation"	RelError: 1.69921e-14	AbsError: 1.79926e-14
Succeeded
IVPOINT	IDVD_VG1P0	5.00000000e-01	6.20000000e-01	9.52364113e-01
drain last end 6.200000e-01 2.000000e+00
number of equations 4346
Iteration: 0
  Device: "mos2d"	RelError: 2.35994e+00	AbsError: 6.06579e+16
    Region: "bulk"	RelError: 2.34586e+00	AbsError: 6.06579e+16
      Equation: "ElectronContinuityEquation"	RelError: 4.27009e-01	AbsError: 5.96879e+16
      Equation: "HoleContinuityEquation"	RelError: 1.14019e+00	AbsError: 9.70069e+14
      Equation: "PotentialEquation"	RelError: 7.78659e-01	AbsError: 2.00000e-02
    Region: "gate"	RelError: 7.51166e-04	AbsError: 3.70474e+16
      Equation: "ElectronContinuityEquation"	RelError: 3.71061e-04	AbsError: 3.70474e+16
      Equation: "HoleContinuityEquation"	RelError: 3.71337e-04	AbsError: 3.72915e-04
      Equation: "PotentialEquation"	RelError: 8.76789e-06	AbsError: 9.60930e-06
    Region: "oxide"	RelError: 1.33269e-02	AbsError: 1.43021e-02
      Equation: "PotentialEquation"	RelError: 1.33269e-02	AbsError: 1.43021e-02
Iteration: 1
  Device: "mos2d"	RelError: 2.71732e-01	AbsError: 4.69155e+15
    Region: "bulk"	RelError: 2.71620e-01	AbsError: 4.69155e+15
      Equation: "ElectronContinuityEquation"	RelError: 6.27909e-02	AbsError: 4.66607e+15
      Equation: "HoleContinuityEquation"	RelError: 2.06693e-01	AbsError: 2.54817e+13
      Equation: "PotentialEquation"	RelError: 2.13580e-03	AbsError: 1.12704e-04
    Region: "gate"	RelError: 6.48553e-06	AbsError: 3.12275e+14
      Equation: "ElectronContinuityEquation"	RelError: 3.13603e-06	AbsError: 3.12275e+14
      Equation: "HoleContinuityEquation"	RelError: 3.27380e-06	AbsError: 3.28773e-06
      Equation: "PotentialEquation"	RelError: 7.57012e-08	AbsError: 8.29658e-08
    Region: "oxide"	RelError: 1.06020e-04	AbsError: 1.11779e-04
      Equation: "PotentialEquation"	RelError: 1.06020e-04	AbsError: 1.11779e-04
Iteration: 2
  Device: "mos2d"	RelError: 1.79751e-03	AbsError: 3.04382e+12
    Region: "bulk"	RelError: 1.79746e-03	AbsError: 3.04382e+12
      Equation: "ElectronContinuityEquation"	RelError: 1.43050e-03	AbsError: 3.03601e+12
      Equation: "HoleContinuityEquation"	RelError: 3.66612e-04	AbsError: 7.81148e+09
      Equation: "PotentialEquation"	RelError: 3.52247e-07	AbsError: 4.27085e-08
    Region: "gate"	RelError: 1.98450e-09	AbsError: 9.84161e+10
      Equation: "ElectronContinuityEquation"	RelError: 9.85398e-10	AbsError: 9.84161e+10
      Equation: "HoleContinuityEquation"	RelError: 9.75940e-10	AbsError: 9.77166e-10
      Equation: "PotentialEquation"	RelError: 2.31647e-11	AbsError: 2.53895e-11
    Region: "oxide"	RelError: 3.98003e-08	AbsError: 4.27085e-08
      Equation: "PotentialEquation"	RelError: 3.98003e-08	AbsError: 4.27085e-08
Iteration: 3
  Device: "mos2d"	RelError: 9.86786e-10	AbsError: 1.17987e+06
    Region: "bulk"	RelError: 9.86772e-10	AbsError: 1.17987e+06
      Equation: "ElectronContinuityEquation"	RelError: 8.37593e-11	AbsError: 1.17924e+06
      Equation: "HoleContinuityEquation"	RelError: 9.02970e-10	AbsError: 6.28275e+02
      Equation: "PotentialEquation"	RelError: 4.30773e-14	AbsError: 1.35356e-14
    Region: "gate"	RelError: 6.23634e-16	AbsError: 2.42842e+04
      Equation: "ElectronContinuityEquation"	RelError: 2.43148e-16	AbsError: 2.42842e+04
      Equation: "HoleContinuityEquation"	RelError: 2.79148e-16	AbsError: 2.82043e-16
      Equation: "PotentialEquation"	RelError: 1.01339e-16	AbsError: 1.11075e-16
    Region: "oxide"	RelError: 1.26139e-14	AbsError: 1.35356e-14
      Equation: "PotentialEquation"	RelError: 1.26139e-14	AbsError: 1.35356e-14
Succeeded
IVPOINT	IDVD_VG1P0	5.00000000e-01	6.40000000e-01	9.65105544e-01
drain last end 6.400000e-01 2.000000e+00
number of equations 4346
Iteration: 0
  Device: "mos2d"	RelError: 3.75390e+00	AbsError: 5.14952e+16
    Region: "bulk"	RelError: 3.74021e+00	AbsError: 5.14952e+16
      Equation: "ElectronContinuityEquation"	RelError: 3.91689e-01	AbsError: 5.05184e+16
      Equation: "HoleContinuityEquation"	RelError: 1.11644e+00	AbsError: 9.76824e+14
      Equation: "PotentialEquation"	RelError: 2.23208e+00	AbsError: 2.00000e-02
    Region: "gate"	RelError: 7.38674e-04	AbsError: 3.64568e+16
      Equation: "ElectronContinuityEquation"	RelError: 3.64893e-04	AbsError: 3.64568e+16
      Equation: "HoleContinuityEquation"	RelError: 3.65160e-04	AbsError: 3.66463e-04
      Equation: "PotentialEquation"	RelError: 8.62141e-06	AbsError: 9.44951e-06
    Region: "oxide"	RelError: 1.29538e-02	AbsError: 1.40828e-02
      Equation: "PotentialEquation"	RelError: 1.29538e-02	AbsError: 1.40828e-02
Iteration: 1
  Device: "mos2d"	RelError: 2.66949e-01	AbsError: 4.20571e+15
    Region: "bulk"	RelError: 2.66849e-01	AbsError: 4.20571e+15
      Equation: "ElectronContinuityEquation"	RelError: 5.81591e-02	AbsError: 4.17959e+15
      Equation: "HoleContinuityEquation"	RelError: 2.01988e-01	AbsError: 2.61147e+13
      Equation: "PotentialEquation"	RelError: 6.70174e-03	AbsError: 1.01826e-04
    Region: "gate"	RelError: 5.77025e-06	AbsError: 2.77408e+14
      Equation: "ElectronContinuityEquation"	RelError: 2.78488e-06	AbsError: 2.77408e+14
      Equation: "HoleContinuityEquation"	RelError: 2.91802e-06	AbsError: 2.92937e-06
      Equation: "PotentialEquation"	RelError: 6.73516e-08	AbsError: 7.38156e-08
    Region: "oxide"	RelError: 9.45105e-05	AbsError: 1.01218e-04
      Equation: "PotentialEquation"	RelError: 9.45105e-05	AbsError: 1.01218e-04
Iteration: 2
  Device: "mos2d"	RelError: 1.70003e-03	AbsError: 2.45430e+12
    Region: "bulk"	RelError: 1.70000e-03	AbsError: 2.45430e+12
      Equation: "ElectronContinuityEquation"	RelError: 1.40045e-03	AbsError: 2.44602e+12
      Equation: "HoleContinuityEquation"	RelError: 2.98458e-04	AbsError: 8.28363e+09
      Equation: "PotentialEquation"	RelError: 1.09130e-06	AbsError: 3.39563e-08
    Region: "gate"	RelError: 1.55779e-09	AbsError: 7.72972e+10
      Equation: "ElectronContinuityEquation"	RelError: 7.73663e-10	AbsError: 7.72972e+10
      Equation: "HoleContinuityEquation"	RelError: 7.65945e-10	AbsError: 7.66630e-10
      Equation: "PotentialEquation"	RelError: 1.81838e-11	AbsError: 1.99304e-11
    Region: "oxide"	RelError: 3.12371e-08	AbsError: 3.39563e-08
      Equation: "PotentialEquation"	RelError: 3.12371e-08	AbsError: 3.39563e-08
Iteration: 3
  Device: "mos2d"	RelError: 8.92331e-10	AbsError: 7.64827e+05
    Region: "bulk"	RelError: 8.92323e-10	AbsError: 7.64827e+05
      Equation: "ElectronContinuityEquation"	RelError: 2.42601e-10	AbsError: 7.64091e+05
      Equation: "HoleContinuityEquation"	RelError: 6.49657e-10	AbsError: 7.35924e+02
      Equation: "PotentialEquation"	RelError: 6.46937e-14	AbsError: 8.91834e-15
    Region: "gate"	RelError: 6.65538e-16	AbsError: 2.58315e+04
      Equation: "ElectronContinuityEquation"	RelError: 2.58546e-16	AbsError: 2.58315e+04
      Equation: "HoleContinuityEquation"	RelError: 3.05700e-16	AbsError: 3.06889e-16
      Equation: "PotentialEquation"	RelError: 1.01292e-16	AbsError: 1.11024e-16
    Region: "oxide"	RelError: 8.20415e-15	AbsError: 8.91834e-15
      Equation: "PotentialEquation"	RelError: 8.20415e-15	AbsError: 8.91834e-15
Succeeded
IVPOINT	IDVD_VG1P0	5.00000000e-01	6.60000000e-01	9.77637851e-01
drain last end 6.600000e-01 2.000000e+00
number of equations 4346
Iteration: 0
  Device: "mos2d"	RelError: 2.76633e+01	AbsError: 4.44462e+16
    Region: "bulk"	RelError: 2.76500e+01	AbsError: 4.44462e+16
      Equation: "ElectronContinuityEquation"	RelError: 3.76402e-01	AbsError: 4.34648e+16
      Equation: "HoleContinuityEquation"	RelError: 1.09626e+00	AbsError: 9.81424e+14
      Equation: "PotentialEquation"	RelError: 2.61773e+01	AbsError: 2.00000e-02
    Region: "gate"	RelError: 7.27633e-04	AbsError: 3.59249e+16
      Equation: "ElectronContinuityEquation"	RelError: 3.59441e-04	AbsError: 3.59249e+16
      Equation: "HoleContinuityEquation"	RelError: 3.59700e-04	AbsError: 3.60718e-04
      Equation: "PotentialEquation"	RelError: 8.49247e-06	AbsError: 9.30826e-06
    Region: "oxide"	RelError: 1.26110e-02	AbsError: 1.38839e-02
      Equation: "PotentialEquation"	RelError: 1.26110e-02	AbsError: 1.38839e-02
Iteration: 1
  Device: "mos2d"	RelError: 3.19398e-01	AbsError: 3.69052e+15
    Region: "bulk"	RelError: 3.19310e-01	AbsError: 3.69052e+15
      Equation: "ElectronContinuityEquation"	RelError: 5.26600e-02	AbsError: 3.66407e+15
      Equation: "HoleContinuityEquation"	RelError: 1.98238e-01	AbsError: 2.64449e+13
      Equation: "PotentialEquation"	RelError: 6.84116e-02	AbsError: 9.11455e-05
    Region: "gate"	RelError: 5.11472e-06	AbsError: 2.45429e+14
      Equation: "ElectronContinuityEquation"	RelError: 2.46296e-06	AbsError: 2.45429e+14
      Equation: "HoleContinuityEquation"	RelError: 2.59206e-06	AbsError: 2.60122e-06
      Equation: "PotentialEquation"	RelError: 5.96996e-08	AbsError: 6.54298e-08
    Region: "oxide"	RelError: 8.34576e-05	AbsError: 9.09323e-05
      Equation: "PotentialEquation"	RelError: 8.34576e-05	AbsError: 9.09323e-05
Iteration: 2
  Device: "mos2d"	RelError: 1.86296e-03	AbsError: 1.87624e+12
    Region: "bulk"	RelError: 1.86294e-03	AbsError: 1.87624e+12
      Equation: "ElectronContinuityEquation"	RelError: 1.62045e-03	AbsError: 1.86769e+12
      Equation: "HoleContinuityEquation"	RelError: 2.34683e-04	AbsError: 8.54343e+09
      Equation: "PotentialEquation"	RelError: 7.80060e-06	AbsError: 2.56517e-08
    Region: "gate"	RelError: 1.16374e-09	AbsError: 5.77860e+10
      Equation: "ElectronContinuityEquation"	RelError: 5.78170e-10	AbsError: 5.77860e+10
      Equation: "HoleContinuityEquation"	RelError: 5.71984e-10	AbsError: 5.72291e-10
      Equation: "PotentialEquation"	RelError: 1.35842e-11	AbsError: 1.48891e-11
    Region: "oxide"	RelError: 2.33018e-08	AbsError: 2.56517e-08
      Equation: "PotentialEquation"	RelError: 2.33018e-08	AbsError: 2.56517e-08
Iteration: 3
  Device: "mos2d"	RelError: 1.29163e-09	AbsError: 4.45100e+05
    Region: "bulk"	RelError: 1.29162e-09	AbsError: 4.45100e+05
      Equation: "ElectronContinuityEquation"	RelError: 1.06312e-10	AbsError: 4.44308e+05
      Equation: "HoleContinuityEquation"	RelError: 1.18489e-09	AbsError: 7.91967e+02
      Equation: "PotentialEquation"	RelError: 4.16430e-13	AbsError: 5.44947e-15
    Region: "gate"	RelError: 4.39613e-16	AbsError: 1.11581e+04
      Equation: "ElectronContinuityEquation"	RelError: 1.11641e-16	AbsError: 1.11581e+04
      Equation: "HoleContinuityEquation"	RelError: 2.26582e-16	AbsError: 2.26582e-16
      Equation: "PotentialEquation"	RelError: 1.01391e-16	AbsError: 1.11132e-16
    Region: "oxide"	RelError: 4.95026e-15	AbsError: 5.44947e-15
      Equation: "PotentialEquation"	RelError: 4.95026e-15	AbsError: 5.44947e-15
Succeeded
IVPOINT	IDVD_VG1P0	5.00000000e-01	6.80000000e-01	9.89985755e-01
drain last end 6.800000e-01 2.000000e+00
number of equations 4346
Iteration: 0
  Device: "mos2d"	RelError: 3.34900e+00	AbsError: 4.43010e+16
    Region: "bulk"	RelError: 3.33599e+00	AbsError: 4.43010e+16
      Equation: "ElectronContinuityEquation"	RelError: 3.74406e-01	AbsError: 4.33172e+16
      Equation: "HoleContinuityEquation"	RelError: 1.07025e+00	AbsError: 9.83863e+14
      Equation: "PotentialEquation"	RelError: 1.89133e+00	AbsError: 2.00000e-02
    Region: "gate"	RelError: 7.17759e-04	AbsError: 3.54501e+16
      Equation: "ElectronContinuityEquation"	RelError: 3.54565e-04	AbsError: 3.54501e+16
      Equation: "HoleContinuityEquation"	RelError: 3.54817e-04	AbsError: 3.55619e-04
      Equation: "PotentialEquation"	RelError: 8.37716e-06	AbsError: 9.18195e-06
    Region: "oxide"	RelError: 1.22968e-02	AbsError: 1.37054e-02
      Equation: "PotentialEquation"	RelError: 1.22968e-02	AbsError: 1.37054e-02
Iteration: 1
  Device: "mos2d"	RelError: 2.44762e-01	AbsError: 3.17843e+15
    Region: "bulk"	RelError: 2.44684e-01	AbsError: 3.17843e+15
      Equation: "ElectronContinuityEquation"	RelError: 4.64215e-02	AbsError: 3.15195e+15
      Equation: "HoleContinuityEquation"	RelError: 1.93212e-01	AbsError: 2.64767e+13
      Equation: "PotentialEquation"	RelError: 5.05097e-03	AbsError: 8.10659e-05
    Region: "gate"	RelError: 4.52666e-06	AbsError: 2.16724e+14
      Equation: "ElectronContinuityEquation"	RelError: 2.17413e-06	AbsError: 2.16724e+14
      Equation: "HoleContinuityEquation"	RelError: 2.29969e-06	AbsError: 2.30700e-06
      Equation: "PotentialEquation"	RelError: 5.28352e-08	AbsError: 5.79070e-08
    Region: "oxide"	RelError: 7.32189e-05	AbsError: 8.10097e-05
      Equation: "PotentialEquation"	RelError: 7.32189e-05	AbsError: 8.10097e-05
Iteration: 2
  Device: "mos2d"	RelError: 1.96273e-03	AbsError: 1.36781e+12
    Region: "bulk"	RelError: 1.96272e-03	AbsError: 1.36781e+12
      Equation: "ElectronContinuityEquation"	RelError: 1.78345e-03	AbsError: 1.35922e+12
      Equation: "HoleContinuityEquation"	RelError: 1.78751e-04	AbsError: 8.59216e+09
      Equation: "PotentialEquation"	RelError: 5.11384e-07	AbsError: 1.84826e-08
    Region: "gate"	RelError: 8.29252e-10	AbsError: 4.12159e+10
      Equation: "ElectronContinuityEquation"	RelError: 4.12235e-10	AbsError: 4.12159e+10
      Equation: "HoleContinuityEquation"	RelError: 4.07338e-10	AbsError: 4.07413e-10
      Equation: "PotentialEquation"	RelError: 9.67995e-12	AbsError: 1.06099e-11
    Region: "oxide"	RelError: 1.65842e-08	AbsError: 1.84826e-08
      Equation: "PotentialEquation"	RelError: 1.65842e-08	AbsError: 1.84826e-08
Iteration: 3
  Device: "mos2d"	RelError: 1.81227e-09	AbsError: 2.35059e+05
    Region: "bulk"	RelError: 1.81227e-09	AbsError: 2.35059e+05
      Equation: "ElectronContinuityEquation"	RelError: 7.61368e-11	AbsError: 2.34259e+05
      Equation: "HoleContinuityEquation"	RelError: 1.73610e-09	AbsError: 8.00292e+02
      Equation: "PotentialEquation"	RelError: 3.58256e-14	AbsError: 2.96818e-15
    Region: "gate"	RelError: 4.34283e-16	AbsError: 8.52291e+03
      Equation: "ElectronContinuityEquation"	RelError: 8.57605e-17	AbsError: 8.52291e+03
      Equation: "HoleContinuityEquation"	RelError: 2.47172e-16	AbsError: 2.48713e-16
      Equation: "PotentialEquation"	RelError: 1.01351e-16	AbsError: 1.11088e-16
    Region: "oxide"	RelError: 2.66331e-15	AbsError: 2.96818e-15
      Equation: "PotentialEquation"	RelError: 2.66331e-15	AbsError: 2.96818e-15
Succeeded
IVPOINT	IDVD_VG1P0	5.00000000e-01	7.00000000e-01	1.00217052e+00
drain last end 7.000000e-01 2.000000e+00
number of equations 4346
Iteration: 0
  Device: "mos2d"	RelError: 3.55236e+00	AbsError: 4.38694e+16
    Region: "bulk"	RelError: 3.53964e+00	AbsError: 4.38694e+16
      Equation: "ElectronContinuityEquation"	RelError: 3.72383e-01	AbsError: 4.28853e+16
      Equation: "HoleContinuityEquation"	RelError: 1.06951e+00	AbsError: 9.84138e+14
      Equation: "PotentialEquation"	RelError: 2.09775e+00	AbsError: 2.00000e-02
    Region: "gate"	RelError: 7.08980e-04	AbsError: 3.50288e+16
      Equation: "ElectronContinuityEquation"	RelError: 3.50230e-04	AbsError: 3.50288e+16
      Equation: "HoleContinuityEquation"	RelError: 3.50475e-04	AbsError: 3.51095e-04
      Equation: "PotentialEquation"	RelError: 8.27462e-06	AbsError: 9.06964e-06
    Region: "oxide"	RelError: 1.20092e-02	AbsError: 1.35466e-02
      Equation: "PotentialEquation"	RelError: 1.20092e-02	AbsError: 1.35466e-02
Iteration: 1
  Device: "mos2d"	RelError: 2.40391e-01	AbsError: 2.69400e+15
    Region: "bulk"	RelError: 2.40323e-01	AbsError: 2.69400e+15
      Equation: "ElectronContinuityEquation"	RelError: 4.47187e-02	AbsError: 2.66778e+15
      Equation: "HoleContinuityEquation"	RelError: 1.90186e-01	AbsError: 2.62220e+13
      Equation: "PotentialEquation"	RelError: 5.41908e-03	AbsError: 7.18584e-05
    Region: "gate"	RelError: 4.00888e-06	AbsError: 1.91439e+14
      Equation: "ElectronContinuityEquation"	RelError: 1.91981e-06	AbsError: 1.91439e+14
      Equation: "HoleContinuityEquation"	RelError: 2.04229e-06	AbsError: 2.04807e-06
      Equation: "PotentialEquation"	RelError: 4.67913e-08	AbsError: 5.12834e-08
    Region: "oxide"	RelError: 6.40138e-05	AbsError: 7.18003e-05
      Equation: "PotentialEquation"	RelError: 6.40138e-05	AbsError: 7.18003e-05
Iteration: 2
  Device: "mos2d"	RelError: 1.98274e-03	AbsError: 9.55865e+11
    Region: "bulk"	RelError: 1.98273e-03	AbsError: 9.55865e+11
      Equation: "ElectronContinuityEquation"	RelError: 1.84978e-03	AbsError: 9.47424e+11
      Equation: "HoleContinuityEquation"	RelError: 1.32401e-04	AbsError: 8.44051e+09
      Equation: "PotentialEquation"	RelError: 5.42088e-07	AbsError: 1.27507e-08
    Region: "gate"	RelError: 5.64970e-10	AbsError: 2.81159e+10
      Equation: "ElectronContinuityEquation"	RelError: 2.81113e-10	AbsError: 2.81159e+10
      Equation: "HoleContinuityEquation"	RelError: 2.77261e-10	AbsError: 2.77216e-10
      Equation: "PotentialEquation"	RelError: 6.59519e-12	AbsError: 7.22884e-12
    Region: "oxide"	RelError: 1.13044e-08	AbsError: 1.27507e-08
      Equation: "PotentialEquation"	RelError: 1.13044e-08	AbsError: 1.27507e-08
Iteration: 3
  Device: "mos2d"	RelError: 7.36804e-10	AbsError: 1.13677e+05
    Region: "bulk"	RelError: 7.36802e-10	AbsError: 1.13677e+05
      Equation: "ElectronContinuityEquation"	RelError: 1.30451e-10	AbsError: 1.12905e+05
      Equation: "HoleContinuityEquation"	RelError: 6.06317e-10	AbsError: 7.72118e+02
      Equation: "PotentialEquation"	RelError: 3.42153e-14	AbsError: 1.49375e-15
    Region: "gate"	RelError: 4.18135e-16	AbsError: 8.14852e+03
      Equation: "ElectronContinuityEquation"	RelError: 8.27010e-17	AbsError: 8.14852e+03
      Equation: "HoleContinuityEquation"	RelError: 2.34143e-16	AbsError: 2.36494e-16
      Equation: "PotentialEquation"	RelError: 1.01291e-16	AbsError: 1.11022e-16
    Region: "oxide"	RelError: 1.32431e-15	AbsError: 1.49375e-15
      Equation: "PotentialEquation"	RelError: 1.32431e-15	AbsError: 1.49375e-15
Succeeded
IVPOINT	IDVD_VG1P0	5.00000000e-01	7.20000000e-01	1.01421045e+00
drain last end 7.200000e-01 2.000000e+00
number of equations 4346
Iteration: 0
  Device: "mos2d"	RelError: 3.04737e+00	AbsError: 4.31753e+16
    Region: "bulk"	RelError: 3.03492e+00	AbsError: 4.31753e+16
      Equation: "ElectronContinuityEquation"	RelError: 3.70317e-01	AbsError: 4.21930e+16
      Equation: "HoleContinuityEquation"	RelError: 1.06432e+00	AbsError: 9.82247e+14
      Equation: "PotentialEquation"	RelError: 1.60028e+00	AbsError: 2.00000e-02
    Region: "gate"	RelError: 7.01194e-04	AbsError: 3.46562e+16
      Equation: "ElectronContinuityEquation"	RelError: 3.46385e-04	AbsError: 3.46562e+16
      Equation: "HoleContinuityEquation"	RelError: 3.46625e-04	AbsError: 3.47078e-04
      Equation: "PotentialEquation"	RelError: 8.18369e-06	AbsError: 8.97004e-06
    Region: "oxide"	RelError: 1.17456e-02	AbsError: 1.34059e-02
      Equation: "PotentialEquation"	RelError: 1.17456e-02	AbsError: 1.34059e-02
Iteration: 1
  Device: "mos2d"	RelError: 2.35895e-01	AbsError: 2.25323e+15
    Region: "bulk"	RelError: 2.35836e-01	AbsError: 2.25323e+15
      Equation: "ElectronContinuityEquation"	RelError: 4.43464e-02	AbsError: 2.22753e+15
      Equation: "HoleContinuityEquation"	RelError: 1.89771e-01	AbsError: 2.56999e+13
      Equation: "PotentialEquation"	RelError: 1.71819e-03	AbsError: 6.36669e-05
    Region: "gate"	RelError: 3.56008e-06	AbsError: 1.69516e+14
      Equation: "ElectronContinuityEquation"	RelError: 1.69938e-06	AbsError: 1.69516e+14
      Equation: "HoleContinuityEquation"	RelError: 1.81915e-06	AbsError: 1.82367e-06
      Equation: "PotentialEquation"	RelError: 4.15526e-08	AbsError: 4.55421e-08
    Region: "oxide"	RelError: 5.59369e-05	AbsError: 6.35138e-05
      Equation: "PotentialEquation"	RelError: 5.59369e-05	AbsError: 6.35138e-05
Iteration: 2
  Device: "mos2d"	RelError: 1.93235e-03	AbsError: 6.43060e+11
    Region: "bulk"	RelError: 1.93234e-03	AbsError: 6.43060e+11
      Equation: "ElectronContinuityEquation"	RelError: 1.79378e-03	AbsError: 6.34952e+11
      Equation: "HoleContinuityEquation"	RelError: 1.38387e-04	AbsError: 8.10828e+09
      Equation: "PotentialEquation"	RelError: 1.70077e-07	AbsError: 1.02796e-08
    Region: "gate"	RelError: 3.68973e-10	AbsError: 1.83941e+10
      Equation: "ElectronContinuityEquation"	RelError: 1.83847e-10	AbsError: 1.83941e+10
      Equation: "HoleContinuityEquation"	RelError: 1.80819e-10	AbsError: 1.80727e-10
      Equation: "PotentialEquation"	RelError: 4.30751e-12	AbsError: 4.72140e-12
    Region: "oxide"	RelError: 7.41091e-09	AbsError: 8.45797e-09
      Equation: "PotentialEquation"	RelError: 7.41091e-09	AbsError: 8.45797e-09
Iteration: 3
  Device: "mos2d"	RelError: 3.95037e-10	AbsError: 5.07796e+04
    Region: "bulk"	RelError: 3.95036e-10	AbsError: 5.07796e+04
      Equation: "ElectronContinuityEquation"	RelError: 1.65847e-10	AbsError: 5.00635e+04
      Equation: "HoleContinuityEquation"	RelError: 2.29157e-10	AbsError: 7.16105e+02
      Equation: "PotentialEquation"	RelError: 3.11945e-14	AbsError: 9.86107e-16
    Region: "gate"	RelError: 4.57204e-16	AbsError: 8.06910e+03
      Equation: "ElectronContinuityEquation"	RelError: 8.06928e-17	AbsError: 8.06910e+03
      Equation: "HoleContinuityEquation"	RelError: 2.75080e-16	AbsError: 2.78680e-16
      Equation: "PotentialEquation"	RelError: 1.01432e-16	AbsError: 1.11177e-16
    Region: "oxide"	RelError: 6.40676e-16	AbsError: 7.31195e-16
      Equation: "PotentialEquation"	RelError: 6.40676e-16	AbsError: 7.31195e-16
Succeeded
IVPOINT	IDVD_VG1P0	5.00000000e-01	7.40000000e-01	1.02612129e+00
drain last end 7.400000e-01 2.000000e+00
number of equations 4346
Iteration: 0
  Device: "mos2d"	RelError: 4.10340e+00	AbsError: 4.22458e+16
    Region: "bulk"	RelError: 4.09120e+00	AbsError: 4.22458e+16
      Equation: "ElectronContinuityEquation"	RelError: 3.68183e-01	AbsError: 4.12677e+16
      Equation: "HoleContinuityEquation"	RelError: 1.05197e+00	AbsError: 9.78191e+14
      Equation: "PotentialEquation"	RelError: 2.67104e+00	AbsError: 2.00000e-02
    Region: "gate"	RelError: 6.94288e-04	AbsError: 3.43268e+16
      Equation: "ElectronContinuityEquation"	RelError: 3.42975e-04	AbsError: 3.43268e+16
      Equation: "HoleContinuityEquation"	RelError: 3.43210e-04	AbsError: 3.43498e-04
      Equation: "PotentialEquation"	RelError: 8.10303e-06	AbsError: 8.88171e-06
    Region: "oxide"	RelError: 1.15034e-02	AbsError: 1.32814e-02
      Equation: "PotentialEquation"	RelError: 1.15034e-02	AbsError: 1.32814e-02
Iteration: 1
  Device: "mos2d"	RelError: 2.33332e-01	AbsError: 1.86437e+15
    Region: "bulk"	RelError: 2.33280e-01	AbsError: 1.86437e+15
      Equation: "ElectronContinuityEquation"	RelError: 4.39700e-02	AbsError: 1.83943e+15
      Equation: "HoleContinuityEquation"	RelError: 1.88303e-01	AbsError: 2.49363e+13
      Equation: "PotentialEquation"	RelError: 1.00642e-03	AbsError: 5.65306e-05
    Region: "gate"	RelError: 3.17584e-06	AbsError: 1.50745e+14
      Equation: "ElectronContinuityEquation"	RelError: 1.51068e-06	AbsError: 1.50745e+14
      Equation: "HoleContinuityEquation"	RelError: 1.62809e-06	AbsError: 1.63157e-06
      Equation: "PotentialEquation"	RelError: 3.70674e-08	AbsError: 4.06266e-08
    Region: "oxide"	RelError: 4.89851e-05	AbsError: 5.62390e-05
      Equation: "PotentialEquation"	RelError: 4.89851e-05	AbsError: 5.62390e-05
Iteration: 2
  Device: "mos2d"	RelError: 1.78100e-03	AbsError: 4.17747e+11
    Region: "bulk"	RelError: 1.78099e-03	AbsError: 4.17747e+11
      Equation: "ElectronContinuityEquation"	RelError: 1.63624e-03	AbsError: 4.10124e+11
      Equation: "HoleContinuityEquation"	RelError: 1.44653e-04	AbsError: 7.62328e+09
      Equation: "PotentialEquation"	RelError: 9.86404e-08	AbsError: 9.61718e-09
    Region: "gate"	RelError: 2.31970e-10	AbsError: 1.15926e+10
      Equation: "ElectronContinuityEquation"	RelError: 1.15827e-10	AbsError: 1.15926e+10
      Equation: "HoleContinuityEquation"	RelError: 1.13435e-10	AbsError: 1.13338e-10
      Equation: "PotentialEquation"	RelError: 2.70834e-12	AbsError: 2.96861e-12
    Region: "oxide"	RelError: 4.70077e-09	AbsError: 5.42710e-09
      Equation: "PotentialEquation"	RelError: 4.70077e-09	AbsError: 5.42710e-09
Iteration: 3
  Device: "mos2d"	RelError: 1.28123e-09	AbsError: 2.12309e+04
    Region: "bulk"	RelError: 1.28123e-09	AbsError: 2.12309e+04
      Equation: "ElectronContinuityEquation"	RelError: 4.09820e-10	AbsError: 2.05908e+04
      Equation: "HoleContinuityEquation"	RelError: 8.71341e-10	AbsError: 6.40088e+02
      Equation: "PotentialEquation"	RelError: 6.80113e-14	AbsError: 9.04787e-16
    Region: "gate"	RelError: 4.22660e-16	AbsError: 8.11217e+03
      Equation: "ElectronContinuityEquation"	RelError: 8.11217e-17	AbsError: 8.11217e+03
      Equation: "HoleContinuityEquation"	RelError: 2.39942e-16	AbsError: 2.42314e-16
      Equation: "PotentialEquation"	RelError: 1.01596e-16	AbsError: 1.11317e-16
    Region: "oxide"	RelError: 2.20269e-16	AbsError: 2.46688e-16
      Equation: "PotentialEquation"	RelError: 2.20269e-16	AbsError: 2.46688e-16
Succeeded
IVPOINT	IDVD_VG1P0	5.00000000e-01	7.60000000e-01	1.03791664e+00
drain last end 7.600000e-01 2.000000e+00
number of equations 4346
Iteration: 0
  Device: "mos2d"	RelError: 2.13387e+00	AbsError: 4.11099e+16
    Region: "bulk"	RelError: 2.12190e+00	AbsError: 4.11099e+16
      Equation: "ElectronContinuityEquation"	RelError: 3.65952e-01	AbsError: 4.01380e+16
      Equation: "HoleContinuityEquation"	RelError: 1.02832e+00	AbsError: 9.71969e+14
      Equation: "PotentialEquation"	RelError: 7.27630e-01	AbsError: 2.00000e-02
    Region: "gate"	RelError: 6.88147e-04	AbsError: 3.40347e+16
      Equation: "ElectronContinuityEquation"	RelError: 3.39942e-04	AbsError: 3.40347e+16
      Equation: "HoleContinuityEquation"	RelError: 3.40174e-04	AbsError: 3.40292e-04
      Equation: "PotentialEquation"	RelError: 8.03129e-06	AbsError: 8.80314e-06
    Region: "oxide"	RelError: 1.12797e-02	AbsError: 1.31712e-02
      Equation: "PotentialEquation"	RelError: 1.12797e-02	AbsError: 1.31712e-02
Iteration: 1
  Device: "mos2d"	RelError: 2.29836e-01	AbsError: 1.52965e+15
    Region: "bulk"	RelError: 2.29790e-01	AbsError: 1.52965e+15
      Equation: "ElectronContinuityEquation"	RelError: 4.35868e-02	AbsError: 1.50569e+15
      Equation: "HoleContinuityEquation"	RelError: 1.85159e-01	AbsError: 2.39624e+13
      Equation: "PotentialEquation"	RelError: 1.04412e-03	AbsError: 5.11942e-05
    Region: "gate"	RelError: 2.84976e-06	AbsError: 1.34817e+14
      Equation: "ElectronContinuityEquation"	RelError: 1.35060e-06	AbsError: 1.34817e+14
      Equation: "HoleContinuityEquation"	RelError: 1.46590e-06	AbsError: 1.46854e-06
      Equation: "PotentialEquation"	RelError: 3.32613e-08	AbsError: 3.64553e-08
    Region: "oxide"	RelError: 4.30872e-05	AbsError: 4.99715e-05
      Equation: "PotentialEquation"	RelError: 4.30872e-05	AbsError: 4.99715e-05
Iteration: 2
  Device: "mos2d"	RelError: 1.80501e-03	AbsError: 2.62411e+11
    Region: "bulk"	RelError: 1.80500e-03	AbsError: 2.62411e+11
      Equation: "ElectronContinuityEquation"	RelError: 1.65598e-03	AbsError: 2.55391e+11
      Equation: "HoleContinuityEquation"	RelError: 1.48924e-04	AbsError: 7.01920e+09
      Equation: "PotentialEquation"	RelError: 9.81047e-08	AbsError: 8.83616e-09
    Region: "gate"	RelError: 1.41814e-10	AbsError: 7.11167e+09
      Equation: "ElectronContinuityEquation"	RelError: 7.10322e-11	AbsError: 7.11167e+09
      Equation: "HoleContinuityEquation"	RelError: 6.91257e-11	AbsError: 6.90435e-11
      Equation: "PotentialEquation"	RelError: 1.65600e-12	AbsError: 1.81515e-12
    Region: "oxide"	RelError: 2.91791e-09	AbsError: 3.40704e-09
      Equation: "PotentialEquation"	RelError: 2.91791e-09	AbsError: 3.40704e-09
Iteration: 3
  Device: "mos2d"	RelError: 1.86353e-09	AbsError: 8.33029e+03
    Region: "bulk"	RelError: 1.86353e-09	AbsError: 8.33029e+03
      Equation: "ElectronContinuityEquation"	RelError: 2.90406e-10	AbsError: 7.77623e+03
      Equation: "HoleContinuityEquation"	RelError: 1.57311e-09	AbsError: 5.54061e+02
      Equation: "PotentialEquation"	RelError: 1.81345e-14	AbsError: 8.54237e-16
    Region: "gate"	RelError: 3.84984e-16	AbsError: 8.18644e+03
      Equation: "ElectronContinuityEquation"	RelError: 8.18644e-17	AbsError: 8.18644e+03
      Equation: "HoleContinuityEquation"	RelError: 2.01811e-16	AbsError: 2.01812e-16
      Equation: "PotentialEquation"	RelError: 1.01308e-16	AbsError: 1.11041e-16
    Region: "oxide"	RelError: 1.80250e-16	AbsError: 2.06038e-16
      Equation: "PotentialEquation"	RelError: 1.80250e-16	AbsError: 2.06038e-16
Succeeded
IVPOINT	IDVD_VG1P0	5.00000000e-01	7.80000000e-01	1.04960828e+00
drain last end 7.800000e-01 2.000000e+00
number of equations 4346
Iteration: 0
  Device: "mos2d"	RelError: 1.96802e+00	AbsError: 3.97964e+16
    Region: "bulk"	RelError: 1.95626e+00	AbsError: 3.97964e+16
      Equation: "ElectronContinuityEquation"	RelError: 3.63581e-01	AbsError: 3.88328e+16
      Equation: "HoleContinuityEquation"	RelError: 1.01003e+00	AbsError: 9.63581e+14
      Equation: "PotentialEquation"	RelError: 5.82644e-01	AbsError: 2.00000e-02
    Region: "gate"	RelError: 6.82659e-04	AbsError: 3.37747e+16
      Equation: "ElectronContinuityEquation"	RelError: 3.37232e-04	AbsError: 3.37747e+16
      Equation: "HoleContinuityEquation"	RelError: 3.37460e-04	AbsError: 3.37404e-04
      Equation: "PotentialEquation"	RelError: 7.96718e-06	AbsError: 8.73294e-06
    Region: "oxide"	RelError: 1.10723e-02	AbsError: 1.30731e-02
      Equation: "PotentialEquation"	RelError: 1.10723e-02	AbsError: 1.30731e-02
Iteration: 1
  Device: "mos2d"	RelError: 2.24284e-01	AbsError: 1.24712e+15
    Region: "bulk"	RelError: 2.24243e-01	AbsError: 1.24712e+15
      Equation: "ElectronContinuityEquation"	RelError: 4.31927e-02	AbsError: 1.22430e+15
      Equation: "HoleContinuityEquation"	RelError: 1.79432e-01	AbsError: 2.28136e+13
      Equation: "PotentialEquation"	RelError: 1.61877e-03	AbsError: 4.69496e-05
    Region: "gate"	RelError: 2.57448e-06	AbsError: 1.21372e+14
      Equation: "ElectronContinuityEquation"	RelError: 1.21550e-06	AbsError: 1.21372e+14
      Equation: "HoleContinuityEquation"	RelError: 1.32893e-06	AbsError: 1.33088e-06
      Equation: "PotentialEquation"	RelError: 3.00481e-08	AbsError: 3.29338e-08
    Region: "oxide"	RelError: 3.81322e-05	AbsError: 4.46451e-05
      Equation: "PotentialEquation"	RelError: 3.81322e-05	AbsError: 4.46451e-05
Iteration: 2
  Device: "mos2d"	RelError: 1.70600e-03	AbsError: 1.59237e+11
    Region: "bulk"	RelError: 1.70600e-03	AbsError: 1.59237e+11
      Equation: "ElectronContinuityEquation"	RelError: 1.55543e-03	AbsError: 1.52904e+11
      Equation: "HoleContinuityEquation"	RelError: 1.50426e-04	AbsError: 6.33295e+09
      Equation: "PotentialEquation"	RelError: 1.45213e-07	AbsError: 7.97845e-09
    Region: "gate"	RelError: 8.65129e-11	AbsError: 4.35867e+09
      Equation: "ElectronContinuityEquation"	RelError: 4.35203e-11	AbsError: 4.35867e+09
      Equation: "HoleContinuityEquation"	RelError: 4.19821e-11	AbsError: 4.19181e-11
      Equation: "PotentialEquation"	RelError: 1.01051e-12	AbsError: 1.10763e-12
    Region: "oxide"	RelError: 1.81559e-09	AbsError: 2.14359e-09
      Equation: "PotentialEquation"	RelError: 1.81559e-09	AbsError: 2.14359e-09
Iteration: 3
  Device: "mos2d"	RelError: 1.91378e-09	AbsError: 7.79306e+03
    Region: "bulk"	RelError: 1.91377e-09	AbsError: 5.64687e+03
      Equation: "ElectronContinuityEquation"	RelError: 3.27340e-10	AbsError: 5.19732e+03
      Equation: "HoleContinuityEquation"	RelError: 1.58643e-09	AbsError: 4.49548e+02
      Equation: "PotentialEquation"	RelError: 9.61934e-15	AbsError: 7.50173e-16
    Region: "gate"	RelError: 4.52138e-16	AbsError: 7.79306e+03
      Equation: "ElectronContinuityEquation"	RelError: 7.79306e-17	AbsError: 7.79306e+03
      Equation: "HoleContinuityEquation"	RelError: 2.72916e-16	AbsError: 2.75440e-16
      Equation: "PotentialEquation"	RelError: 1.01291e-16	AbsError: 1.11022e-16
    Region: "oxide"	RelError: 1.77405e-16	AbsError: 1.98068e-16
      Equation: "PotentialEquation"	RelError: 1.77405e-16	AbsError: 1.98068e-16
Succeeded
IVPOINT	IDVD_VG1P0	5.00000000e-01	8.00000000e-01	1.06120645e+00
drain last end 8.000000e-01 2.000000e+00
number of equations 4346
Iteration: 0
  Device: "mos2d"	RelError: 2.78698e+00	AbsError: 3.83383e+16
    Region: "bulk"	RelError: 2.77543e+00	AbsError: 3.83383e+16
      Equation: "ElectronContinuityEquation"	RelError: 3.61014e-01	AbsError: 3.73802e+16
      Equation: "HoleContinuityEquation"	RelError: 9.94193e-01	AbsError: 9.58033e+14
      Equation: "PotentialEquation"	RelError: 1.42022e+00	AbsError: 2.00000e-02
    Region: "gate"	RelError: 6.77724e-04	AbsError: 3.35418e+16
      Equation: "ElectronContinuityEquation"	RelError: 3.34795e-04	AbsError: 3.35418e+16
      Equation: "HoleContinuityEquation"	RelError: 3.35019e-04	AbsError: 3.34783e-04
      Equation: "PotentialEquation"	RelError: 7.90952e-06	AbsError: 8.66980e-06
    Region: "oxide"	RelError: 1.08788e-02	AbsError: 1.29854e-02
      Equation: "PotentialEquation"	RelError: 1.08788e-02	AbsError: 1.29854e-02
Iteration: 1
  Device: "mos2d"	RelError: 2.23765e-01	AbsError: 1.01229e+15
    Region: "bulk"	RelError: 2.23729e-01	AbsError: 1.01229e+15
      Equation: "ElectronContinuityEquation"	RelError: 4.27825e-02	AbsError: 9.90763e+14
      Equation: "HoleContinuityEquation"	RelError: 1.77086e-01	AbsError: 2.15274e+13
      Equation: "PotentialEquation"	RelError: 3.85993e-03	AbsError: 4.40359e-05
    Region: "gate"	RelError: 2.34243e-06	AbsError: 1.10042e+14
      Equation: "ElectronContinuityEquation"	RelError: 1.10167e-06	AbsError: 1.10042e+14
      Equation: "HoleContinuityEquation"	RelError: 1.21342e-06	AbsError: 1.21480e-06
      Equation: "PotentialEquation"	RelError: 2.73395e-08	AbsError: 2.99653e-08
    Region: "oxide"	RelError: 3.39911e-05	AbsError: 4.01569e-05
      Equation: "PotentialEquation"	RelError: 3.39911e-05	AbsError: 4.01569e-05
Iteration: 2
  Device: "mos2d"	RelError: 1.52731e-03	AbsError: 9.29275e+10
    Region: "bulk"	RelError: 1.52730e-03	AbsError: 9.29275e+10
      Equation: "ElectronContinuityEquation"	RelError: 1.37838e-03	AbsError: 8.73258e+10
      Equation: "HoleContinuityEquation"	RelError: 1.48592e-04	AbsError: 5.60169e+09
      Equation: "PotentialEquation"	RelError: 3.31550e-07	AbsError: 7.08798e-09
    Region: "gate"	RelError: 5.57621e-11	AbsError: 2.82372e+09
      Equation: "ElectronContinuityEquation"	RelError: 2.81847e-11	AbsError: 2.82372e+09
      Equation: "HoleContinuityEquation"	RelError: 2.69259e-11	AbsError: 2.68759e-11
      Equation: "PotentialEquation"	RelError: 6.51488e-13	AbsError: 7.14111e-13
    Region: "oxide"	RelError: 1.18624e-09	AbsError: 1.41590e-09
      Equation: "PotentialEquation"	RelError: 1.18624e-09	AbsError: 1.41590e-09
Iteration: 3
  Device: "mos2d"	RelError: 7.56307e-10	AbsError: 7.85696e+03
    Region: "bulk"	RelError: 7.56306e-10	AbsError: 6.34869e+03
      Equation: "ElectronContinuityEquation"	RelError: 2.53370e-10	AbsError: 5.99019e+03
      Equation: "HoleContinuityEquation"	RelError: 5.02914e-10	AbsError: 3.58501e+02
      Equation: "PotentialEquation"	RelError: 2.24081e-14	AbsError: 8.14490e-16
    Region: "gate"	RelError: 3.34375e-16	AbsError: 7.85696e+03
      Equation: "ElectronContinuityEquation"	RelError: 7.95943e-17	AbsError: 7.85696e+03
      Equation: "HoleContinuityEquation"	RelError: 1.53442e-16	AbsError: 1.57735e-16
      Equation: "PotentialEquation"	RelError: 1.01339e-16	AbsError: 1.11075e-16
    Region: "oxide"	RelError: 1.74187e-16	AbsError: 1.83542e-16
      Equation: "PotentialEquation"	RelError: 1.74187e-16	AbsError: 1.83542e-16
Succeeded
IVPOINT	IDVD_VG1P0	5.00000000e-01	8.20000000e-01	1.07272011e+00
drain last end 8.200000e-01 2.000000e+00
number of equations 4346
Iteration: 0
  Device: "mos2d"	RelError: 4.66319e+00	AbsError: 3.67583e+16
    Region: "bulk"	RelError: 4.65182e+00	AbsError: 3.67583e+16
      Equation: "ElectronContinuityEquation"	RelError: 3.58173e-01	AbsError: 3.58072e+16
      Equation: "HoleContinuityEquation"	RelError: 9.86297e-01	AbsError: 9.51085e+14
      Equation: "PotentialEquation"	RelError: 3.30735e+00	AbsError: 2.00000e-02
    Region: "gate"	RelError: 6.73254e-04	AbsError: 3.33317e+16
      Equation: "ElectronContinuityEquation"	RelError: 3.32587e-04	AbsError: 3.33317e+16
      Equation: "HoleContinuityEquation"	RelError: 3.32809e-04	AbsError: 3.32388e-04
      Equation: "PotentialEquation"	RelError: 7.85729e-06	AbsError: 8.61262e-06
    Region: "oxide"	RelError: 1.06973e-02	AbsError: 1.29064e-02
      Equation: "PotentialEquation"	RelError: 1.06973e-02	AbsError: 1.29064e-02
Iteration: 1
  Device: "mos2d"	RelError: 2.24957e-01	AbsError: 8.47298e+14
    Region: "bulk"	RelError: 2.24925e-01	AbsError: 8.47298e+14
      Equation: "ElectronContinuityEquation"	RelError: 4.23493e-02	AbsError: 8.27156e+14
      Equation: "HoleContinuityEquation"	RelError: 1.73880e-01	AbsError: 2.01423e+13
      Equation: "PotentialEquation"	RelError: 8.69569e-03	AbsError: 4.27302e-05
    Region: "gate"	RelError: 2.14638e-06	AbsError: 1.00474e+14
      Equation: "ElectronContinuityEquation"	RelError: 1.00555e-06	AbsError: 1.00474e+14
      Equation: "HoleContinuityEquation"	RelError: 1.11578e-06	AbsError: 1.11667e-06
      Equation: "PotentialEquation"	RelError: 2.50510e-08	AbsError: 2.74573e-08
    Region: "oxide"	RelError: 3.05328e-05	AbsError: 3.63887e-05
      Equation: "PotentialEquation"	RelError: 3.05328e-05	AbsError: 3.63887e-05
Iteration: 2
  Device: "mos2d"	RelError: 1.61111e-03	AbsError: 5.15955e+10
    Region: "bulk"	RelError: 1.61111e-03	AbsError: 5.15955e+10
      Equation: "ElectronContinuityEquation"	RelError: 1.46722e-03	AbsError: 4.67355e+10
      Equation: "HoleContinuityEquation"	RelError: 1.43170e-04	AbsError: 4.85999e+09
      Equation: "PotentialEquation"	RelError: 7.19078e-07	AbsError: 6.20694e-09
    Region: "gate"	RelError: 4.14293e-11	AbsError: 2.10415e+09
      Equation: "ElectronContinuityEquation"	RelError: 2.09955e-11	AbsError: 2.10415e+09
      Equation: "HoleContinuityEquation"	RelError: 1.99497e-11	AbsError: 1.99060e-11
      Equation: "PotentialEquation"	RelError: 4.84183e-13	AbsError: 5.30729e-13
    Region: "oxide"	RelError: 8.69285e-10	AbsError: 1.04877e-09
      Equation: "PotentialEquation"	RelError: 8.69285e-10	AbsError: 1.04877e-09
Iteration: 3
  Device: "mos2d"	RelError: 1.12391e-09	AbsError: 8.29664e+03
    Region: "bulk"	RelError: 1.12391e-09	AbsError: 4.47183e+03
      Equation: "ElectronContinuityEquation"	RelError: 1.49808e-10	AbsError: 4.07584e+03
      Equation: "HoleContinuityEquation"	RelError: 9.74055e-10	AbsError: 3.95989e+02
      Equation: "PotentialEquation"	RelError: 4.75607e-14	AbsError: 8.65694e-16
    Region: "gate"	RelError: 3.60739e-16	AbsError: 8.29664e+03
      Equation: "ElectronContinuityEquation"	RelError: 8.37127e-17	AbsError: 8.29664e+03
      Equation: "HoleContinuityEquation"	RelError: 1.75667e-16	AbsError: 1.78262e-16
      Equation: "PotentialEquation"	RelError: 1.01359e-16	AbsError: 1.11097e-16
    Region: "oxide"	RelError: 1.19439e-16	AbsError: 1.05550e-16
      Equation: "PotentialEquation"	RelError: 1.19439e-16	AbsError: 1.05550e-16
Succeeded
IVPOINT	IDVD_VG1P0	5.00000000e-01	8.40000000e-01	1.08415718e+00
drain last end 8.400000e-01 2.000000e+00
number of equations 4346
Iteration: 0
  Device: "mos2d"	RelError: 2.21839e+00	AbsError: 3.50810e+16
    Region: "bulk"	RelError: 2.20719e+00	AbsError: 3.50810e+16
      Equation: "ElectronContinuityEquation"	RelError: 3.54954e-01	AbsError: 3.41392e+16
      Equation: "HoleContinuityEquation"	RelError: 9.74407e-01	AbsError: 9.41805e+14
      Equation: "PotentialEquation"	RelError: 8.77829e-01	AbsError: 2.00000e-02
    Region: "gate"	RelError: 6.69174e-04	AbsError: 3.31408e+16
      Equation: "ElectronContinuityEquation"	RelError: 3.30573e-04	AbsError: 3.31408e+16
      Equation: "HoleContinuityEquation"	RelError: 3.30792e-04	AbsError: 3.30184e-04
      Equation: "PotentialEquation"	RelError: 7.80962e-06	AbsError: 8.56044e-06
    Region: "oxide"	RelError: 1.05262e-02	AbsError: 1.28348e-02
      Equation: "PotentialEquation"	RelError: 1.05262e-02	AbsError: 1.28348e-02
Iteration: 1
  Device: "mos2d"	RelError: 2.16734e-01	AbsError: 8.83433e+14
    Region: "bulk"	RelError: 2.16705e-01	AbsError: 8.83433e+14
      Equation: "ElectronContinuityEquation"	RelError: 4.18838e-02	AbsError: 8.64587e+14
      Equation: "HoleContinuityEquation"	RelError: 1.72435e-01	AbsError: 1.88463e+13
      Equation: "PotentialEquation"	RelError: 2.38587e-03	AbsError: 4.22903e-05
    Region: "gate"	RelError: 1.97973e-06	AbsError: 9.23451e+13
      Equation: "ElectronContinuityEquation"	RelError: 9.23889e-07	AbsError: 9.23451e+13
      Equation: "HoleContinuityEquation"	RelError: 1.03273e-06	AbsError: 1.03322e-06
      Equation: "PotentialEquation"	RelError: 2.31058e-08	AbsError: 2.53254e-08
    Region: "oxide"	RelError: 2.76341e-05	AbsError: 3.32204e-05
      Equation: "PotentialEquation"	RelError: 2.76341e-05	AbsError: 3.32204e-05
Iteration: 2
  Device: "mos2d"	RelError: 1.61015e-03	AbsError: 6.42113e+10
    Region: "bulk"	RelError: 1.61014e-03	AbsError: 6.42113e+10
      Equation: "ElectronContinuityEquation"	RelError: 1.47561e-03	AbsError: 6.00737e+10
      Equation: "HoleContinuityEquation"	RelError: 1.34294e-04	AbsError: 4.13757e+09
      Equation: "PotentialEquation"	RelError: 2.43081e-07	AbsError: 5.37263e-09
    Region: "gate"	RelError: 3.74518e-11	AbsError: 1.89956e+09
      Equation: "ElectronContinuityEquation"	RelError: 1.89478e-11	AbsError: 1.89956e+09
      Equation: "HoleContinuityEquation"	RelError: 1.80663e-11	AbsError: 1.80209e-11
      Equation: "PotentialEquation"	RelError: 4.37668e-13	AbsError: 4.79746e-13
    Region: "oxide"	RelError: 7.47439e-10	AbsError: 9.11336e-10
      Equation: "PotentialEquation"	RelError: 7.47439e-10	AbsError: 9.11336e-10
Iteration: 3
  Device: "mos2d"	RelError: 3.23155e-09	AbsError: 8.11777e+03
    Region: "bulk"	RelError: 3.23155e-09	AbsError: 7.08588e+03
      Equation: "ElectronContinuityEquation"	RelError: 3.09218e-10	AbsError: 6.60133e+03
      Equation: "HoleContinuityEquation"	RelError: 2.92230e-09	AbsError: 4.84549e+02
      Equation: "PotentialEquation"	RelError: 2.89965e-14	AbsError: 6.59073e-16
    Region: "gate"	RelError: 4.08979e-16	AbsError: 8.11777e+03
      Equation: "ElectronContinuityEquation"	RelError: 8.11777e-17	AbsError: 8.11777e+03
      Equation: "HoleContinuityEquation"	RelError: 2.26485e-16	AbsError: 2.29933e-16
      Equation: "PotentialEquation"	RelError: 1.01317e-16	AbsError: 1.11051e-16
    Region: "oxide"	RelError: 1.18869e-16	AbsError: 1.10249e-16
      Equation: "PotentialEquation"	RelError: 1.18869e-16	AbsError: 1.10249e-16
Succeeded
IVPOINT	IDVD_VG1P0	5.00000000e-01	8.60000000e-01	1.09552466e+00
drain last end 8.600000e-01 2.000000e+00
number of equations 4346
Iteration: 0
  Device: "mos2d"	RelError: 8.98608e+00	AbsError: 3.50486e+16
    Region: "bulk"	RelError: 8.97505e+00	AbsError: 3.50486e+16
      Equation: "ElectronContinuityEquation"	RelError: 3.51221e-01	AbsError: 3.41148e+16
      Equation: "HoleContinuityEquation"	RelError: 9.52505e-01	AbsError: 9.33836e+14
      Equation: "PotentialEquation"	RelError: 7.67133e+00	AbsError: 2.00000e-02
    Region: "gate"	RelError: 6.65425e-04	AbsError: 3.29659e+16
      Equation: "ElectronContinuityEquation"	RelError: 3.28721e-04	AbsError: 3.29659e+16
      Equation: "HoleContinuityEquation"	RelError: 3.28938e-04	AbsError: 3.28142e-04
      Equation: "PotentialEquation"	RelError: 7.76580e-06	AbsError: 8.51247e-06
    Region: "oxide"	RelError: 1.03643e-02	AbsError: 1.27693e-02
      Equation: "PotentialEquation"	RelError: 1.03643e-02	AbsError: 1.27693e-02
Iteration: 1
  Device: "mos2d"	RelError: 2.31582e-01	AbsError: 9.08474e+14
    Region: "bulk"	RelError: 2.31555e-01	AbsError: 9.08474e+14
      Equation: "ElectronContinuityEquation"	RelError: 4.13737e-02	AbsError: 8.90595e+14
      Equation: "HoleContinuityEquation"	RelError: 1.69491e-01	AbsError: 1.78789e+13
      Equation: "PotentialEquation"	RelError: 2.06903e-02	AbsError: 4.19725e-05
    Region: "gate"	RelError: 1.83671e-06	AbsError: 8.53722e+13
      Equation: "ElectronContinuityEquation"	RelError: 8.53847e-07	AbsError: 8.53722e+13
      Equation: "HoleContinuityEquation"	RelError: 9.61421e-07	AbsError: 9.61562e-07
      Equation: "PotentialEquation"	RelError: 2.14364e-08	AbsError: 2.34958e-08
    Region: "oxide"	RelError: 2.51849e-05	AbsError: 3.05393e-05
      Equation: "PotentialEquation"	RelError: 2.51849e-05	AbsError: 3.05393e-05
Iteration: 2
  Device: "mos2d"	RelError: 1.51660e-03	AbsError: 7.92738e+10
    Region: "bulk"	RelError: 1.51660e-03	AbsError: 7.92738e+10
      Equation: "ElectronContinuityEquation"	RelError: 1.39221e-03	AbsError: 7.55282e+10
      Equation: "HoleContinuityEquation"	RelError: 1.22484e-04	AbsError: 3.74562e+09
      Equation: "PotentialEquation"	RelError: 1.90942e-06	AbsError: 4.84404e-09
    Region: "gate"	RelError: 3.94869e-11	AbsError: 1.99462e+09
      Equation: "ElectronContinuityEquation"	RelError: 1.98894e-11	AbsError: 1.99462e+09
      Equation: "HoleContinuityEquation"	RelError: 1.91362e-11	AbsError: 1.90818e-11
      Equation: "PotentialEquation"	RelError: 4.61315e-13	AbsError: 5.05670e-13
    Region: "oxide"	RelError: 7.38493e-10	AbsError: 9.09836e-10
      Equation: "PotentialEquation"	RelError: 7.38493e-10	AbsError: 9.09836e-10
Iteration: 3
  Device: "mos2d"	RelError: 4.06433e-09	AbsError: 8.19116e+03
    Region: "bulk"	RelError: 4.06433e-09	AbsError: 6.36781e+03
      Equation: "ElectronContinuityEquation"	RelError: 1.02679e-10	AbsError: 5.97254e+03
      Equation: "HoleContinuityEquation"	RelError: 3.96162e-09	AbsError: 3.95270e+02
      Equation: "PotentialEquation"	RelError: 2.43163e-14	AbsError: 7.57995e-16
    Region: "gate"	RelError: 3.92971e-16	AbsError: 8.19116e+03
      Equation: "ElectronContinuityEquation"	RelError: 8.19116e-17	AbsError: 8.19116e+03
      Equation: "HoleContinuityEquation"	RelError: 2.09738e-16	AbsError: 2.09768e-16
      Equation: "PotentialEquation"	RelError: 1.01322e-16	AbsError: 1.11056e-16
    Region: "oxide"	RelError: 1.57651e-16	AbsError: 1.01467e-16
      Equation: "PotentialEquation"	RelError: 1.57651e-16	AbsError: 1.01467e-16
Succeeded
IVPOINT	IDVD_VG1P0	5.00000000e-01	8.80000000e-01	1.10682884e+00
drain last end 8.800000e-01 2.000000e+00
number of equations 4346
Iteration: 0
  Device: "mos2d"	RelError: 9.59398e+00	AbsError: 3.55011e+16
    Region: "bulk"	RelError: 9.58311e+00	AbsError: 3.55011e+16
      Equation: "ElectronContinuityEquation"	RelError: 3.46789e-01	AbsError: 3.45750e+16
      Equation: "HoleContinuityEquation"	RelError: 9.47495e-01	AbsError: 9.26121e+14
      Equation: "PotentialEquation"	RelError: 8.28882e+00	AbsError: 2.00000e-02
    Region: "gate"	RelError: 6.61955e-04	AbsError: 3.28048e+16
      Equation: "ElectronContinuityEquation"	RelError: 3.27008e-04	AbsError: 3.28048e+16
      Equation: "HoleContinuityEquation"	RelError: 3.27222e-04	AbsError: 3.26241e-04
      Equation: "PotentialEquation"	RelError: 7.72525e-06	AbsError: 8.46809e-06
    Region: "oxide"	RelError: 1.02103e-02	AbsError: 1.27090e-02
      Equation: "PotentialEquation"	RelError: 1.02103e-02	AbsError: 1.27090e-02
Iteration: 1
  Device: "mos2d"	RelError: 2.12576e-01	AbsError: 9.22745e+14
    Region: "bulk"	RelError: 2.12551e-01	AbsError: 9.22745e+14
      Equation: "ElectronContinuityEquation"	RelError: 4.08029e-02	AbsError: 9.05897e+14
      Equation: "HoleContinuityEquation"	RelError: 1.65620e-01	AbsError: 1.68486e+13
      Equation: "PotentialEquation"	RelError: 6.12748e-03	AbsError: 4.16537e-05
    Region: "gate"	RelError: 1.71239e-06	AbsError: 7.93146e+13
      Equation: "ElectronContinuityEquation"	RelError: 7.93004e-07	AbsError: 7.93146e+13
      Equation: "HoleContinuityEquation"	RelError: 8.99405e-07	AbsError: 8.99244e-07
      Equation: "PotentialEquation"	RelError: 1.99854e-08	AbsError: 2.19056e-08
    Region: "oxide"	RelError: 2.30910e-05	AbsError: 2.82450e-05
      Equation: "PotentialEquation"	RelError: 2.30910e-05	AbsError: 2.82450e-05
Iteration: 2
  Device: "mos2d"	RelError: 1.33431e-03	AbsError: 9.10768e+10
    Region: "bulk"	RelError: 1.33431e-03	AbsError: 9.10768e+10
      Equation: "ElectronContinuityEquation"	RelError: 1.22547e-03	AbsError: 8.76376e+10
      Equation: "HoleContinuityEquation"	RelError: 1.08588e-04	AbsError: 3.43919e+09
      Equation: "PotentialEquation"	RelError: 2.48339e-07	AbsError: 4.60452e-09
    Region: "gate"	RelError: 4.45202e-11	AbsError: 2.23966e+09
      Equation: "ElectronContinuityEquation"	RelError: 2.23256e-11	AbsError: 2.23966e+09
      Equation: "HoleContinuityEquation"	RelError: 2.16746e-11	AbsError: 2.16059e-11
      Equation: "PotentialEquation"	RelError: 5.19986e-13	AbsError: 5.69986e-13
    Region: "oxide"	RelError: 7.86702e-10	AbsError: 9.79207e-10
      Equation: "PotentialEquation"	RelError: 7.86702e-10	AbsError: 9.79207e-10
Iteration: 3
  Device: "mos2d"	RelError: 1.94183e-09	AbsError: 7.93303e+03
    Region: "bulk"	RelError: 1.94183e-09	AbsError: 7.34595e+03
      Equation: "ElectronContinuityEquation"	RelError: 1.76521e-10	AbsError: 6.91515e+03
      Equation: "HoleContinuityEquation"	RelError: 1.76495e-09	AbsError: 4.30803e+02
      Equation: "PotentialEquation"	RelError: 3.59787e-13	AbsError: 9.09062e-16
    Region: "gate"	RelError: 3.08939e-16	AbsError: 7.93303e+03
      Equation: "ElectronContinuityEquation"	RelError: 7.93308e-17	AbsError: 7.93303e+03
      Equation: "HoleContinuityEquation"	RelError: 1.28299e-16	AbsError: 1.29841e-16
      Equation: "PotentialEquation"	RelError: 1.01309e-16	AbsError: 1.11042e-16
    Region: "oxide"	RelError: 1.72980e-16	AbsError: 1.85149e-16
      Equation: "PotentialEquation"	RelError: 1.72980e-16	AbsError: 1.85149e-16
Succeeded
IVPOINT	IDVD_VG1P0	5.00000000e-01	9.00000000e-01	1.11807539e+00
drain last end 9.000000e-01 2.000000e+00
number of equations 4346
Iteration: 0
  Device: "mos2d"	RelError: 3.93373e+00	AbsError: 3.59317e+16
    Region: "bulk"	RelError: 3.92300e+00	AbsError: 3.59317e+16
      Equation: "ElectronContinuityEquation"	RelError: 3.41419e-01	AbsError: 3.50151e+16
      Equation: "HoleContinuityEquation"	RelError: 9.38181e-01	AbsError: 9.16606e+14
      Equation: "PotentialEquation"	RelError: 2.64340e+00	AbsError: 2.00000e-02
    Region: "gate"	RelError: 6.58727e-04	AbsError: 3.26555e+16
      Equation: "ElectronContinuityEquation"	RelError: 3.25414e-04	AbsError: 3.26555e+16
      Equation: "HoleContinuityEquation"	RelError: 3.25626e-04	AbsError: 3.24488e-04
      Equation: "PotentialEquation"	RelError: 7.68752e-06	AbsError: 8.42679e-06
    Region: "oxide"	RelError: 1.00634e-02	AbsError: 1.26532e-02
      Equation: "PotentialEquation"	RelError: 1.00634e-02	AbsError: 1.26532e-02
Iteration: 1
  Device: "mos2d"	RelError: 2.12409e-01	AbsError: 9.27161e+14
    Region: "bulk"	RelError: 2.12386e-01	AbsError: 9.27161e+14
      Equation: "ElectronContinuityEquation"	RelError: 4.01505e-02	AbsError: 9.11216e+14
      Equation: "HoleContinuityEquation"	RelError: 1.64545e-01	AbsError: 1.59456e+13
      Equation: "PotentialEquation"	RelError: 7.69096e-03	AbsError: 4.13447e-05
    Region: "gate"	RelError: 1.60272e-06	AbsError: 7.39724e+13
      Equation: "ElectronContinuityEquation"	RelError: 7.39352e-07	AbsError: 7.39724e+13
      Equation: "HoleContinuityEquation"	RelError: 8.44664e-07	AbsError: 8.44240e-07
      Equation: "PotentialEquation"	RelError: 1.87052e-08	AbsError: 2.05026e-08
    Region: "oxide"	RelError: 2.12739e-05	AbsError: 2.62513e-05
      Equation: "PotentialEquation"	RelError: 2.12739e-05	AbsError: 2.62513e-05
Iteration: 2
  Device: "mos2d"	RelError: 1.09758e-03	AbsError: 9.97430e+10
    Region: "bulk"	RelError: 1.09758e-03	AbsError: 9.97430e+10
      Equation: "ElectronContinuityEquation"	RelError: 1.00322e-03	AbsError: 9.66328e+10
      Equation: "HoleContinuityEquation"	RelError: 9.36494e-05	AbsError: 3.11015e+09
      Equation: "PotentialEquation"	RelError: 7.11783e-07	AbsError: 4.35873e-09
    Region: "gate"	RelError: 5.05185e-11	AbsError: 2.53367e+09
      Equation: "ElectronContinuityEquation"	RelError: 2.52481e-11	AbsError: 2.53367e+09
      Equation: "HoleContinuityEquation"	RelError: 2.46803e-11	AbsError: 2.45940e-11
      Equation: "PotentialEquation"	RelError: 5.90078e-13	AbsError: 6.46823e-13
    Region: "oxide"	RelError: 8.55447e-10	AbsError: 1.07558e-09
      Equation: "PotentialEquation"	RelError: 8.55447e-10	AbsError: 1.07558e-09
Iteration: 3
  Device: "mos2d"	RelError: 3.38940e-09	AbsError: 8.29870e+03
    Region: "bulk"	RelError: 3.38939e-09	AbsError: 6.65096e+03
      Equation: "ElectronContinuityEquation"	RelError: 1.15137e-10	AbsError: 6.27429e+03
      Equation: "HoleContinuityEquation"	RelError: 3.27424e-09	AbsError: 3.76664e+02
      Equation: "PotentialEquation"	RelError: 1.73505e-14	AbsError: 8.61134e-16
    Region: "gate"	RelError: 4.64588e-16	AbsError: 8.29870e+03
      Equation: "ElectronContinuityEquation"	RelError: 8.53051e-17	AbsError: 8.29870e+03
      Equation: "HoleContinuityEquation"	RelError: 2.77988e-16	AbsError: 2.80352e-16
      Equation: "PotentialEquation"	RelError: 1.01295e-16	AbsError: 1.11027e-16
    Region: "oxide"	RelError: 1.35012e-16	AbsError: 1.63808e-16
      Equation: "PotentialEquation"	RelError: 1.35012e-16	AbsError: 1.63808e-16
Succeeded
IVPOINT	IDVD_VG1P0	5.00000000e-01	9.20000000e-01	1.12926945e+00
drain last end 9.200000e-01 2.000000e+00
number of equations 4346
Iteration: 0
  Device: "mos2d"	RelError: 2.86158e+00	AbsError: 3.63407e+16
    Region: "bulk"	RelError: 2.85101e+00	AbsError: 3.63407e+16
      Equation: "ElectronContinuityEquation"	RelError: 3.34805e-01	AbsError: 3.54354e+16
      Equation: "HoleContinuityEquation"	RelError: 9.20644e-01	AbsError: 9.05271e+14
      Equation: "PotentialEquation"	RelError: 1.59556e+00	AbsError: 2.00000e-02
    Region: "gate"	RelError: 6.55710e-04	AbsError: 3.25165e+16
      Equation: "ElectronContinuityEquation"	RelError: 3.23924e-04	AbsError: 3.25165e+16
      Equation: "HoleContinuityEquation"	RelError: 3.24134e-04	AbsError: 3.22897e-04
      Equation: "PotentialEquation"	RelError: 7.65226e-06	AbsError: 8.38820e-06
    Region: "oxide"	RelError: 9.92286e-03	AbsError: 1.26013e-02
      Equation: "PotentialEquation"	RelError: 9.92286e-03	AbsError: 1.26013e-02
Iteration: 1
  Device: "mos2d"	RelError: 2.06188e-01	AbsError: 9.22749e+14
    Region: "bulk"	RelError: 2.06167e-01	AbsError: 9.22749e+14
      Equation: "ElectronContinuityEquation"	RelError: 3.93897e-02	AbsError: 9.07305e+14
      Equation: "HoleContinuityEquation"	RelError: 1.62240e-01	AbsError: 1.54445e+13
      Equation: "PotentialEquation"	RelError: 4.53779e-03	AbsError: 4.10541e-05
    Region: "gate"	RelError: 1.50439e-06	AbsError: 6.91838e+13
      Equation: "ElectronContinuityEquation"	RelError: 6.91267e-07	AbsError: 6.91838e+13
      Equation: "HoleContinuityEquation"	RelError: 7.95564e-07	AbsError: 7.94909e-07
      Equation: "PotentialEquation"	RelError: 1.75575e-08	AbsError: 1.92447e-08
    Region: "oxide"	RelError: 1.96703e-05	AbsError: 2.44872e-05
      Equation: "PotentialEquation"	RelError: 1.96703e-05	AbsError: 2.44872e-05
Iteration: 2
  Device: "mos2d"	RelError: 8.48252e-04	AbsError: 1.05640e+11
    Region: "bulk"	RelError: 8.48251e-04	AbsError: 1.05640e+11
      Equation: "ElectronContinuityEquation"	RelError: 7.63614e-04	AbsError: 1.02658e+11
      Equation: "HoleContinuityEquation"	RelError: 8.42092e-05	AbsError: 2.98230e+09
      Equation: "PotentialEquation"	RelError: 4.28203e-07	AbsError: 4.67026e-09
    Region: "gate"	RelError: 5.61598e-11	AbsError: 2.81089e+09
      Equation: "ElectronContinuityEquation"	RelError: 2.80016e-11	AbsError: 2.81089e+09
      Equation: "HoleContinuityEquation"	RelError: 2.75025e-11	AbsError: 2.73976e-11
      Equation: "PotentialEquation"	RelError: 6.55718e-13	AbsError: 7.18780e-13
    Region: "oxide"	RelError: 9.21639e-10	AbsError: 1.17039e-09
      Equation: "PotentialEquation"	RelError: 9.21639e-10	AbsError: 1.17039e-09
Iteration: 3
  Device: "mos2d"	RelError: 2.15643e-09	AbsError: 8.13552e+03
    Region: "bulk"	RelError: 2.15643e-09	AbsError: 5.56069e+03
      Equation: "ElectronContinuityEquation"	RelError: 1.68170e-10	AbsError: 5.13967e+03
      Equation: "HoleContinuityEquation"	RelError: 1.98823e-09	AbsError: 4.21019e+02
      Equation: "PotentialEquation"	RelError: 3.34611e-14	AbsError: 8.73158e-16
    Region: "gate"	RelError: 3.80326e-16	AbsError: 8.13552e+03
      Equation: "ElectronContinuityEquation"	RelError: 8.13552e-17	AbsError: 8.13552e+03
      Equation: "HoleContinuityEquation"	RelError: 1.97680e-16	AbsError: 2.03201e-16
      Equation: "PotentialEquation"	RelError: 1.01291e-16	AbsError: 1.11022e-16
    Region: "oxide"	RelError: 1.80606e-16	AbsError: 1.98053e-16
      Equation: "PotentialEquation"	RelError: 1.80606e-16	AbsError: 1.98053e-16
Succeeded
IVPOINT	IDVD_VG1P0	5.00000000e-01	9.40000000e-01	1.14041573e+00
drain last end 9.400000e-01 2.000000e+00
number of equations 4346
Iteration: 0
  Device: "mos2d"	RelError: 3.12354e+00	AbsError: 3.67283e+16
    Region: "bulk"	RelError: 3.11310e+00	AbsError: 3.67283e+16
      Equation: "ElectronContinuityEquation"	RelError: 3.26567e-01	AbsError: 3.58362e+16
      Equation: "HoleContinuityEquation"	RelError: 8.90844e-01	AbsError: 8.92099e+14
      Equation: "PotentialEquation"	RelError: 1.89569e+00	AbsError: 2.00000e-02
    Region: "gate"	RelError: 6.52881e-04	AbsError: 3.23867e+16
      Equation: "ElectronContinuityEquation"	RelError: 3.22527e-04	AbsError: 3.23867e+16
      Equation: "HoleContinuityEquation"	RelError: 3.22735e-04	AbsError: 3.21400e-04
      Equation: "PotentialEquation"	RelError: 7.61918e-06	AbsError: 8.35201e-06
    Region: "oxide"	RelError: 9.78816e-03	AbsError: 1.25529e-02
      Equation: "PotentialEquation"	RelError: 9.78816e-03	AbsError: 1.25529e-02
Iteration: 1
  Device: "mos2d"	RelError: 2.01916e-01	AbsError: 9.11001e+14
    Region: "bulk"	RelError: 2.01896e-01	AbsError: 9.11001e+14
      Equation: "ElectronContinuityEquation"	RelError: 3.84875e-02	AbsError: 8.94965e+14
      Equation: "HoleContinuityEquation"	RelError: 1.58072e-01	AbsError: 1.60364e+13
      Equation: "PotentialEquation"	RelError: 5.33625e-03	AbsError: 4.07879e-05
    Region: "gate"	RelError: 1.41480e-06	AbsError: 6.48211e+13
      Equation: "ElectronContinuityEquation"	RelError: 6.47469e-07	AbsError: 6.48211e+13
      Equation: "HoleContinuityEquation"	RelError: 7.50818e-07	AbsError: 7.49959e-07
      Equation: "PotentialEquation"	RelError: 1.65117e-08	AbsError: 1.80986e-08
    Region: "oxide"	RelError: 1.82305e-05	AbsError: 2.28958e-05
      Equation: "PotentialEquation"	RelError: 1.82305e-05	AbsError: 2.28958e-05
Iteration: 2
  Device: "mos2d"	RelError: 6.24846e-04	AbsError: 1.09140e+11
    Region: "bulk"	RelError: 6.24845e-04	AbsError: 1.09140e+11
      Equation: "ElectronContinuityEquation"	RelError: 5.42013e-04	AbsError: 1.05847e+11
      Equation: "HoleContinuityEquation"	RelError: 8.24129e-05	AbsError: 3.29298e+09
      Equation: "PotentialEquation"	RelError: 4.18892e-07	AbsError: 4.95789e-09
    Region: "gate"	RelError: 6.06391e-11	AbsError: 3.03111e+09
      Equation: "ElectronContinuityEquation"	RelError: 3.01857e-11	AbsError: 3.03111e+09
      Equation: "HoleContinuityEquation"	RelError: 2.97452e-11	AbsError: 2.96222e-11
      Equation: "PotentialEquation"	RelError: 7.08133e-13	AbsError: 7.76243e-13
    Region: "oxide"	RelError: 9.71691e-10	AbsError: 1.24613e-09
      Equation: "PotentialEquation"	RelError: 9.71691e-10	AbsError: 1.24613e-09
Iteration: 3
  Device: "mos2d"	RelError: 9.17646e-10	AbsError: 8.09723e+03
    Region: "bulk"	RelError: 9.17646e-10	AbsError: 5.68198e+03
      Equation: "ElectronContinuityEquation"	RelError: 3.30580e-10	AbsError: 5.15877e+03
      Equation: "HoleContinuityEquation"	RelError: 5.87042e-10	AbsError: 5.23202e+02
      Equation: "PotentialEquation"	RelError: 2.44282e-14	AbsError: 6.38855e-16
    Region: "gate"	RelError: 2.89189e-16	AbsError: 8.09723e+03
      Equation: "ElectronContinuityEquation"	RelError: 8.09729e-17	AbsError: 8.09723e+03
      Equation: "HoleContinuityEquation"	RelError: 1.06925e-16	AbsError: 1.06925e-16
      Equation: "PotentialEquation"	RelError: 1.01291e-16	AbsError: 1.11022e-16
    Region: "oxide"	RelError: 1.46513e-16	AbsError: 1.65682e-16
      Equation: "PotentialEquation"	RelError: 1.46513e-16	AbsError: 1.65682e-16
Succeeded
IVPOINT	IDVD_VG1P0	5.00000000e-01	9.60000000e-01	1.15151858e+00
drain last end 9.600000e-01 2.000000e+00
number of equations 4346
Iteration: 0
  Device: "mos2d"	RelError: 4.66511e+00	AbsError: 3.70946e+16
    Region: "bulk"	RelError: 4.65480e+00	AbsError: 3.70946e+16
      Equation: "ElectronContinuityEquation"	RelError: 3.16252e-01	AbsError: 3.62175e+16
      Equation: "HoleContinuityEquation"	RelError: 8.50183e-01	AbsError: 8.77073e+14
      Equation: "PotentialEquation"	RelError: 3.48837e+00	AbsError: 2.00000e-02
    Region: "gate"	RelError: 6.50223e-04	AbsError: 3.22652e+16
      Equation: "ElectronContinuityEquation"	RelError: 3.21214e-04	AbsError: 3.22652e+16
      Equation: "HoleContinuityEquation"	RelError: 3.21421e-04	AbsError: 3.19988e-04
      Equation: "PotentialEquation"	RelError: 7.58810e-06	AbsError: 8.31801e-06
    Region: "oxide"	RelError: 9.65882e-03	AbsError: 1.25076e-02
      Equation: "PotentialEquation"	RelError: 9.65882e-03	AbsError: 1.25076e-02
Iteration: 1
  Device: "mos2d"	RelError: 1.94729e-01	AbsError: 8.91574e+14
    Region: "bulk"	RelError: 1.94711e-01	AbsError: 8.91574e+14
      Equation: "ElectronContinuityEquation"	RelError: 3.74053e-02	AbsError: 8.75058e+14
      Equation: "HoleContinuityEquation"	RelError: 1.51220e-01	AbsError: 1.65163e+13
      Equation: "PotentialEquation"	RelError: 6.08544e-03	AbsError: 4.19540e-05
    Region: "gate"	RelError: 1.33196e-06	AbsError: 6.07867e+13
      Equation: "ElectronContinuityEquation"	RelError: 6.06977e-07	AbsError: 6.07867e+13
      Equation: "HoleContinuityEquation"	RelError: 7.09438e-07	AbsError: 7.08400e-07
      Equation: "PotentialEquation"	RelError: 1.55448e-08	AbsError: 1.70389e-08
    Region: "oxide"	RelError: 1.69166e-05	AbsError: 2.14330e-05
      Equation: "PotentialEquation"	RelError: 1.69166e-05	AbsError: 2.14330e-05
Iteration: 2
  Device: "mos2d"	RelError: 7.29936e-04	AbsError: 1.09929e+11
    Region: "bulk"	RelError: 7.29935e-04	AbsError: 1.09929e+11
      Equation: "ElectronContinuityEquation"	RelError: 6.48988e-04	AbsError: 1.06375e+11
      Equation: "HoleContinuityEquation"	RelError: 8.04367e-05	AbsError: 3.55421e+09
      Equation: "PotentialEquation"	RelError: 5.10391e-07	AbsError: 5.21407e-09
    Region: "gate"	RelError: 6.35259e-11	AbsError: 3.17283e+09
      Equation: "ElectronContinuityEquation"	RelError: 3.15869e-11	AbsError: 3.17283e+09
      Equation: "HoleContinuityEquation"	RelError: 3.11973e-11	AbsError: 3.10582e-11
      Equation: "PotentialEquation"	RelError: 7.41778e-13	AbsError: 8.13129e-13
    Region: "oxide"	RelError: 9.98694e-10	AbsError: 1.29323e-09
      Equation: "PotentialEquation"	RelError: 9.98694e-10	AbsError: 1.29323e-09
Iteration: 3
  Device: "mos2d"	RelError: 1.49976e-09	AbsError: 8.16428e+03
    Region: "bulk"	RelError: 1.49975e-09	AbsError: 5.10748e+03
      Equation: "ElectronContinuityEquation"	RelError: 2.17689e-10	AbsError: 4.72880e+03
      Equation: "HoleContinuityEquation"	RelError: 1.28202e-09	AbsError: 3.78680e+02
      Equation: "PotentialEquation"	RelError: 4.15716e-14	AbsError: 5.16727e-16
    Region: "gate"	RelError: 3.85720e-16	AbsError: 8.16428e+03
      Equation: "ElectronContinuityEquation"	RelError: 8.16428e-17	AbsError: 8.16428e+03
      Equation: "HoleContinuityEquation"	RelError: 2.02766e-16	AbsError: 2.04603e-16
      Equation: "PotentialEquation"	RelError: 1.01311e-16	AbsError: 1.11045e-16
    Region: "oxide"	RelError: 1.20987e-16	AbsError: 1.40571e-16
      Equation: "PotentialEquation"	RelError: 1.20987e-16	AbsError: 1.40571e-16
Succeeded
IVPOINT	IDVD_VG1P0	5.00000000e-01	9.80000000e-01	1.16258201e+00
drain last end 9.800000e-01 2.000000e+00
number of equations 4346
Iteration: 0
  Device: "mos2d"	RelError: 1.94411e+00	AbsError: 3.74394e+16
    Region: "bulk"	RelError: 1.93393e+00	AbsError: 3.74394e+16
      Equation: "ElectronContinuityEquation"	RelError: 3.04368e-01	AbsError: 3.65793e+16
      Equation: "HoleContinuityEquation"	RelError: 8.52643e-01	AbsError: 8.60176e+14
      Equation: "PotentialEquation"	RelError: 7.76921e-01	AbsError: 2.00000e-02
    Region: "gate"	RelError: 6.47722e-04	AbsError: 3.21514e+16
      Equation: "ElectronContinuityEquation"	RelError: 3.19979e-04	AbsError: 3.21514e+16
      Equation: "HoleContinuityEquation"	RelError: 3.20184e-04	AbsError: 3.18655e-04
      Equation: "PotentialEquation"	RelError: 7.55886e-06	AbsError: 8.28601e-06
    Region: "oxide"	RelError: 9.53446e-03	AbsError: 1.24652e-02
      Equation: "PotentialEquation"	RelError: 9.53446e-03	AbsError: 1.24652e-02
Iteration: 1
  Device: "mos2d"	RelError: 1.82627e-01	AbsError: 8.65386e+14
    Region: "bulk"	RelError: 1.82610e-01	AbsError: 8.65386e+14
      Equation: "ElectronContinuityEquation"	RelError: 3.61012e-02	AbsError: 8.48509e+14
      Equation: "HoleContinuityEquation"	RelError: 1.44558e-01	AbsError: 1.68768e+13
      Equation: "PotentialEquation"	RelError: 1.95091e-03	AbsError: 4.34169e-05
    Region: "gate"	RelError: 1.25440e-06	AbsError: 5.70081e+13
      Equation: "ElectronContinuityEquation"	RelError: 5.69066e-07	AbsError: 5.70081e+13
      Equation: "HoleContinuityEquation"	RelError: 6.70694e-07	AbsError: 6.69499e-07
      Equation: "PotentialEquation"	RelError: 1.46395e-08	AbsError: 1.60467e-08
    Region: "oxide"	RelError: 1.57044e-05	AbsError: 2.00661e-05
      Equation: "PotentialEquation"	RelError: 1.57044e-05	AbsError: 2.00661e-05
Iteration: 2
  Device: "mos2d"	RelError: 8.40694e-04	AbsError: 1.08244e+11
    Region: "bulk"	RelError: 8.40693e-04	AbsError: 1.08244e+11
      Equation: "ElectronContinuityEquation"	RelError: 7.62234e-04	AbsError: 1.04485e+11
      Equation: "HoleContinuityEquation"	RelError: 7.82828e-05	AbsError: 3.75901e+09
      Equation: "PotentialEquation"	RelError: 1.76270e-07	AbsError: 5.66304e-09
    Region: "gate"	RelError: 6.46650e-11	AbsError: 3.22816e+09
      Equation: "ElectronContinuityEquation"	RelError: 3.21275e-11	AbsError: 3.22816e+09
      Equation: "HoleContinuityEquation"	RelError: 3.17826e-11	AbsError: 3.16309e-11
      Equation: "PotentialEquation"	RelError: 7.54941e-13	AbsError: 8.27565e-13
    Region: "oxide"	RelError: 1.00042e-09	AbsError: 1.30792e-09
      Equation: "PotentialEquation"	RelError: 1.00042e-09	AbsError: 1.30792e-09
Iteration: 3
  Device: "mos2d"	RelError: 2.16827e-09	AbsError: 7.90858e+03
    Region: "bulk"	RelError: 2.16827e-09	AbsError: 5.18617e+03
      Equation: "ElectronContinuityEquation"	RelError: 2.84257e-10	AbsError: 4.57401e+03
      Equation: "HoleContinuityEquation"	RelError: 1.88399e-09	AbsError: 6.12155e+02
      Equation: "PotentialEquation"	RelError: 1.41777e-14	AbsError: 9.56012e-16
    Region: "gate"	RelError: 4.07034e-16	AbsError: 7.90858e+03
      Equation: "ElectronContinuityEquation"	RelError: 7.90858e-17	AbsError: 7.90858e+03
      Equation: "HoleContinuityEquation"	RelError: 2.26147e-16	AbsError: 2.27961e-16
      Equation: "PotentialEquation"	RelError: 1.01801e-16	AbsError: 1.11542e-16
    Region: "oxide"	RelError: 1.58534e-16	AbsError: 1.11542e-16
      Equation: "PotentialEquation"	RelError: 1.58534e-16	AbsError: 1.11542e-16
Succeeded
IVPOINT	IDVD_VG1P0	5.00000000e-01	1.00000000e+00	1.17360979e+00
drain last end 1.000000e+00 2.000000e+00
number of equations 4346
Iteration: 0
  Device: "mos2d"	RelError: 2.25771e+00	AbsError: 3.77628e+16
    Region: "bulk"	RelError: 2.24765e+00	AbsError: 3.77628e+16
      Equation: "ElectronContinuityEquation"	RelError: 3.01561e-01	AbsError: 3.69214e+16
      Equation: "HoleContinuityEquation"	RelError: 8.53830e-01	AbsError: 8.41397e+14
      Equation: "PotentialEquation"	RelError: 1.09225e+00	AbsError: 2.00000e-02
    Region: "gate"	RelError: 6.45369e-04	AbsError: 3.20449e+16
      Equation: "ElectronContinuityEquation"	RelError: 3.18817e-04	AbsError: 3.20449e+16
      Equation: "HoleContinuityEquation"	RelError: 3.19020e-04	AbsError: 3.17396e-04
      Equation: "PotentialEquation"	RelError: 7.53134e-06	AbsError: 8.25591e-06
    Region: "oxide"	RelError: 9.41476e-03	AbsError: 1.24255e-02
      Equation: "PotentialEquation"	RelError: 9.41476e-03	AbsError: 1.24255e-02
Iteration: 1
  Device: "mos2d"	RelError: 1.82256e-01	AbsError: 8.33410e+14
    Region: "bulk"	RelError: 1.82240e-01	AbsError: 8.33410e+14
      Equation: "ElectronContinuityEquation"	RelError: 3.45350e-02	AbsError: 8.16297e+14
      Equation: "HoleContinuityEquation"	RelError: 1.45043e-01	AbsError: 1.71131e+13
      Equation: "PotentialEquation"	RelError: 2.66228e-03	AbsError: 4.48349e-05
    Region: "gate"	RelError: 1.18107e-06	AbsError: 5.34340e+13
      Equation: "ElectronContinuityEquation"	RelError: 5.33219e-07	AbsError: 5.34340e+13
      Equation: "HoleContinuityEquation"	RelError: 6.34066e-07	AbsError: 6.32736e-07
      Equation: "PotentialEquation"	RelError: 1.37836e-08	AbsError: 1.51086e-08
    Region: "oxide"	RelError: 1.45734e-05	AbsError: 1.87721e-05
      Equation: "PotentialEquation"	RelError: 1.45734e-05	AbsError: 1.87721e-05
Iteration: 2
  Device: "mos2d"	RelError: 9.38478e-04	AbsError: 1.04399e+11
    Region: "bulk"	RelError: 9.38477e-04	AbsError: 1.04399e+11
      Equation: "ElectronContinuityEquation"	RelError: 8.62352e-04	AbsError: 1.00497e+11
      Equation: "HoleContinuityEquation"	RelError: 7.59536e-05	AbsError: 3.90220e+09
      Equation: "PotentialEquation"	RelError: 1.71667e-07	AbsError: 6.34977e-09
    Region: "gate"	RelError: 6.40994e-11	AbsError: 3.19911e+09
      Equation: "ElectronContinuityEquation"	RelError: 3.18283e-11	AbsError: 3.19911e+09
      Equation: "HoleContinuityEquation"	RelError: 3.15228e-11	AbsError: 3.13623e-11
      Equation: "PotentialEquation"	RelError: 7.48386e-13	AbsError: 8.20386e-13
    Region: "oxide"	RelError: 9.77873e-10	AbsError: 1.29057e-09
      Equation: "PotentialEquation"	RelError: 9.77873e-10	AbsError: 1.29057e-09
Iteration: 3
  Device: "mos2d"	RelError: 7.86448e-10	AbsError: 7.70048e+03
    Region: "bulk"	RelError: 7.86448e-10	AbsError: 4.90846e+03
      Equation: "ElectronContinuityEquation"	RelError: 4.25472e-10	AbsError: 4.47209e+03
      Equation: "HoleContinuityEquation"	RelError: 3.60929e-10	AbsError: 4.36374e+02
      Equation: "PotentialEquation"	RelError: 4.64551e-14	AbsError: 7.28559e-16
    Region: "gate"	RelError: 4.82959e-16	AbsError: 7.70048e+03
      Equation: "ElectronContinuityEquation"	RelError: 7.70051e-17	AbsError: 7.70048e+03
      Equation: "HoleContinuityEquation"	RelError: 3.04554e-16	AbsError: 3.05650e-16
      Equation: "PotentialEquation"	RelError: 1.01400e-16	AbsError: 1.11142e-16
    Region: "oxide"	RelError: 1.49839e-16	AbsError: 1.08559e-16
      Equation: "PotentialEquation"	RelError: 1.49839e-16	AbsError: 1.08559e-16
Succeeded
IVPOINT	IDVD_VG1P0	5.00000000e-01	1.02000000e+00	1.18460542e+00
drain last end 1.020000e+00 2.000000e+00
number of equations 4346
Iteration: 0
  Device: "mos2d"	RelError: 1.21140e+01	AbsError: 3.80646e+16
    Region: "bulk"	RelError: 1.21040e+01	AbsError: 3.80646e+16
      Equation: "ElectronContinuityEquation"	RelError: 2.98422e-01	AbsError: 3.72438e+16
      Equation: "HoleContinuityEquation"	RelError: 8.52986e-01	AbsError: 8.20730e+14
      Equation: "PotentialEquation"	RelError: 1.09526e+01	AbsError: 2.00000e-02
    Region: "gate"	RelError: 6.43155e-04	AbsError: 3.19451e+16
      Equation: "ElectronContinuityEquation"	RelError: 3.17724e-04	AbsError: 3.19451e+16
      Equation: "HoleContinuityEquation"	RelError: 3.17926e-04	AbsError: 3.16207e-04
      Equation: "PotentialEquation"	RelError: 7.50546e-06	AbsError: 8.22759e-06
    Region: "oxide"	RelError: 9.29948e-03	AbsError: 1.23884e-02
      Equation: "PotentialEquation"	RelError: 9.29948e-03	AbsError: 1.23884e-02
Iteration: 1
  Device: "mos2d"	RelError: 2.03446e-01	AbsError: 7.96658e+14
    Region: "bulk"	RelError: 2.03431e-01	AbsError: 7.96658e+14
      Equation: "ElectronContinuityEquation"	RelError: 3.26764e-02	AbsError: 7.79436e+14
      Equation: "HoleContinuityEquation"	RelError: 1.45233e-01	AbsError: 1.72223e+13
      Equation: "PotentialEquation"	RelError: 2.55223e-02	AbsError: 4.61846e-05
    Region: "gate"	RelError: 1.11127e-06	AbsError: 5.00301e+13
      Equation: "ElectronContinuityEquation"	RelError: 4.99094e-07	AbsError: 5.00301e+13
      Equation: "HoleContinuityEquation"	RelError: 5.99209e-07	AbsError: 5.97763e-07
      Equation: "PotentialEquation"	RelError: 1.29689e-08	AbsError: 1.42157e-08
    Region: "oxide"	RelError: 1.35063e-05	AbsError: 1.75357e-05
      Equation: "PotentialEquation"	RelError: 1.35063e-05	AbsError: 1.75357e-05
Iteration: 2
  Device: "mos2d"	RelError: 1.00900e-03	AbsError: 9.87713e+10
    Region: "bulk"	RelError: 1.00900e-03	AbsError: 9.87713e+10
      Equation: "ElectronContinuityEquation"	RelError: 9.33896e-04	AbsError: 9.47906e+10
      Equation: "HoleContinuityEquation"	RelError: 7.34524e-05	AbsError: 3.98072e+09
      Equation: "PotentialEquation"	RelError: 1.65141e-06	AbsError: 7.04865e-09
    Region: "gate"	RelError: 6.20115e-11	AbsError: 3.09460e+09
      Equation: "ElectronContinuityEquation"	RelError: 3.07786e-11	AbsError: 3.09460e+09
      Equation: "HoleContinuityEquation"	RelError: 3.05089e-11	AbsError: 3.03440e-11
      Equation: "PotentialEquation"	RelError: 7.23905e-13	AbsError: 7.93556e-13
    Region: "oxide"	RelError: 9.34151e-10	AbsError: 1.24442e-09
      Equation: "PotentialEquation"	RelError: 9.34151e-10	AbsError: 1.24442e-09
Iteration: 3
  Device: "mos2d"	RelError: 1.16276e-09	AbsError: 8.12789e+03
    Region: "bulk"	RelError: 1.16276e-09	AbsError: 4.93267e+03
      Equation: "ElectronContinuityEquation"	RelError: 6.18113e-10	AbsError: 4.48188e+03
      Equation: "HoleContinuityEquation"	RelError: 5.44592e-10	AbsError: 4.50792e+02
      Equation: "PotentialEquation"	RelError: 4.98177e-14	AbsError: 8.42621e-16
    Region: "gate"	RelError: 3.40139e-16	AbsError: 8.12789e+03
      Equation: "ElectronContinuityEquation"	RelError: 8.12789e-17	AbsError: 8.12789e+03
      Equation: "HoleContinuityEquation"	RelError: 1.56877e-16	AbsError: 1.59192e-16
      Equation: "PotentialEquation"	RelError: 1.01983e-16	AbsError: 1.11781e-16
    Region: "oxide"	RelError: 1.47014e-16	AbsError: 1.52932e-16
      Equation: "PotentialEquation"	RelError: 1.47014e-16	AbsError: 1.52932e-16
Succeeded
IVPOINT	IDVD_VG1P0	5.00000000e-01	1.04000000e+00	1.19557218e+00
drain last end 1.040000e+00 2.000000e+00
number of equations 4346
Iteration: 0
  Device: "mos2d"	RelError: 2.06834e+00	AbsError: 3.83683e+16
    Region: "bulk"	RelError: 2.05851e+00	AbsError: 3.83683e+16
      Equation: "ElectronContinuityEquation"	RelError: 2.94866e-01	AbsError: 3.75465e+16
      Equation: "HoleContinuityEquation"	RelError: 8.48939e-01	AbsError: 8.21794e+14
      Equation: "PotentialEquation"	RelError: 9.14705e-01	AbsError: 2.00000e-02
    Region: "gate"	RelError: 6.41076e-04	AbsError: 3.18519e+16
      Equation: "ElectronContinuityEquation"	RelError: 3.16697e-04	AbsError: 3.18519e+16
      Equation: "HoleContinuityEquation"	RelError: 3.16898e-04	AbsError: 3.15084e-04
      Equation: "PotentialEquation"	RelError: 7.48113e-06	AbsError: 8.20099e-06
    Region: "oxide"	RelError: 9.18837e-03	AbsError: 1.23537e-02
      Equation: "PotentialEquation"	RelError: 9.18837e-03	AbsError: 1.23537e-02
Iteration: 1
  Device: "mos2d"	RelError: 1.78487e-01	AbsError: 7.56156e+14
    Region: "bulk"	RelError: 1.78473e-01	AbsError: 7.56156e+14
      Equation: "ElectronContinuityEquation"	RelError: 3.13712e-02	AbsError: 7.38952e+14
      Equation: "HoleContinuityEquation"	RelError: 1.44954e-01	AbsError: 1.72041e+13
      Equation: "PotentialEquation"	RelError: 2.14842e-03	AbsError: 4.74405e-05
    Region: "gate"	RelError: 1.04457e-06	AbsError: 4.67753e+13
      Equation: "ElectronContinuityEquation"	RelError: 4.66478e-07	AbsError: 4.67753e+13
      Equation: "HoleContinuityEquation"	RelError: 5.65906e-07	AbsError: 5.64363e-07
      Equation: "PotentialEquation"	RelError: 1.21904e-08	AbsError: 1.33625e-08
    Region: "oxide"	RelError: 1.24950e-05	AbsError: 1.63478e-05
      Equation: "PotentialEquation"	RelError: 1.24950e-05	AbsError: 1.63478e-05
Iteration: 2
  Device: "mos2d"	RelError: 1.03338e-03	AbsError: 9.17815e+10
    Region: "bulk"	RelError: 1.03338e-03	AbsError: 9.17815e+10
      Equation: "ElectronContinuityEquation"	RelError: 9.62455e-04	AbsError: 8.77876e+10
      Equation: "HoleContinuityEquation"	RelError: 7.07834e-05	AbsError: 3.99389e+09
      Equation: "PotentialEquation"	RelError: 1.39872e-07	AbsError: 7.74270e-09
    Region: "gate"	RelError: 5.86686e-11	AbsError: 2.92781e+09
      Equation: "ElectronContinuityEquation"	RelError: 2.91106e-11	AbsError: 2.92781e+09
      Equation: "HoleContinuityEquation"	RelError: 2.88731e-11	AbsError: 2.87079e-11
      Equation: "PotentialEquation"	RelError: 6.84862e-13	AbsError: 7.50761e-13
    Region: "oxide"	RelError: 8.73579e-10	AbsError: 1.17451e-09
      Equation: "PotentialEquation"	RelError: 8.73579e-10	AbsError: 1.17451e-09
Iteration: 3
  Device: "mos2d"	RelError: 1.87906e-09	AbsError: 7.86163e+03
    Region: "bulk"	RelError: 1.87906e-09	AbsError: 7.07410e+03
      Equation: "ElectronContinuityEquation"	RelError: 1.00868e-09	AbsError: 6.63505e+03
      Equation: "HoleContinuityEquation"	RelError: 8.70257e-10	AbsError: 4.39048e+02
      Equation: "PotentialEquation"	RelError: 1.24928e-13	AbsError: 8.59477e-16
    Region: "gate"	RelError: 3.30261e-16	AbsError: 7.86163e+03
      Equation: "ElectronContinuityEquation"	RelError: 7.92190e-17	AbsError: 7.86163e+03
      Equation: "HoleContinuityEquation"	RelError: 1.49358e-16	AbsError: 1.49359e-16
      Equation: "PotentialEquation"	RelError: 1.01683e-16	AbsError: 1.11453e-16
    Region: "oxide"	RelError: 1.25915e-16	AbsError: 1.53302e-16
      Equation: "PotentialEquation"	RelError: 1.25915e-16	AbsError: 1.53302e-16
Succeeded
IVPOINT	IDVD_VG1P0	5.00000000e-01	1.06000000e+00	1.20651316e+00
drain last end 1.060000e+00 2.000000e+00
number of equations 4346
Iteration: 0
  Device: "mos2d"	RelError: 1.61879e+00	AbsError: 3.86647e+16
    Region: "bulk"	RelError: 1.60907e+00	AbsError: 3.86647e+16
      Equation: "ElectronContinuityEquation"	RelError: 2.90787e-01	AbsError: 3.78296e+16
      Equation: "HoleContinuityEquation"	RelError: 8.39926e-01	AbsError: 8.35113e+14
      Equation: "PotentialEquation"	RelError: 4.78360e-01	AbsError: 2.00000e-02
    Region: "gate"	RelError: 6.39124e-04	AbsError: 3.17650e+16
      Equation: "ElectronContinuityEquation"	RelError: 3.15733e-04	AbsError: 3.17650e+16
      Equation: "HoleContinuityEquation"	RelError: 3.15933e-04	AbsError: 3.14026e-04
      Equation: "PotentialEquation"	RelError: 7.45830e-06	AbsError: 8.17603e-06
    Region: "oxide"	RelError: 9.08122e-03	AbsError: 1.23214e-02
      Equation: "PotentialEquation"	RelError: 9.08122e-03	AbsError: 1.23214e-02
Iteration: 1
  Device: "mos2d"	RelError: 1.75931e-01	AbsError: 7.13347e+14
    Region: "bulk"	RelError: 1.75919e-01	AbsError: 7.13347e+14
      Equation: "ElectronContinuityEquation"	RelError: 3.08694e-02	AbsError: 6.95856e+14
      Equation: "HoleContinuityEquation"	RelError: 1.43942e-01	AbsError: 1.74911e+13
      Equation: "PotentialEquation"	RelError: 1.10772e-03	AbsError: 4.85760e-05
    Region: "gate"	RelError: 9.80749e-07	AbsError: 4.36587e+13
      Equation: "ElectronContinuityEquation"	RelError: 4.35259e-07	AbsError: 4.36587e+13
      Equation: "HoleContinuityEquation"	RelError: 5.34044e-07	AbsError: 5.32421e-07
      Equation: "PotentialEquation"	RelError: 1.14455e-08	AbsError: 1.25460e-08
    Region: "oxide"	RelError: 1.15349e-05	AbsError: 1.52041e-05
      Equation: "PotentialEquation"	RelError: 1.15349e-05	AbsError: 1.52041e-05
Iteration: 2
  Device: "mos2d"	RelError: 1.00706e-03	AbsError: 8.42104e+10
    Region: "bulk"	RelError: 1.00706e-03	AbsError: 8.42104e+10
      Equation: "ElectronContinuityEquation"	RelError: 9.39017e-04	AbsError: 7.99179e+10
      Equation: "HoleContinuityEquation"	RelError: 6.79527e-05	AbsError: 4.29243e+09
      Equation: "PotentialEquation"	RelError: 8.79711e-08	AbsError: 8.41205e-09
    Region: "gate"	RelError: 5.43824e-11	AbsError: 2.71418e+09
      Equation: "ElectronContinuityEquation"	RelError: 2.69780e-11	AbsError: 2.71418e+09
      Equation: "HoleContinuityEquation"	RelError: 2.67696e-11	AbsError: 2.66080e-11
      Equation: "PotentialEquation"	RelError: 6.34782e-13	AbsError: 6.95867e-13
    Region: "oxide"	RelError: 8.00994e-10	AbsError: 1.08678e-09
      Equation: "PotentialEquation"	RelError: 8.00994e-10	AbsError: 1.08678e-09
Iteration: 3
  Device: "mos2d"	RelError: 4.23331e-10	AbsError: 7.92638e+03
    Region: "bulk"	RelError: 4.23330e-10	AbsError: 6.36517e+03
      Equation: "ElectronContinuityEquation"	RelError: 2.09181e-10	AbsError: 5.91874e+03
      Equation: "HoleContinuityEquation"	RelError: 2.13948e-10	AbsError: 4.46432e+02
      Equation: "PotentialEquation"	RelError: 2.01384e-13	AbsError: 1.11915e-15
    Region: "gate"	RelError: 3.23496e-16	AbsError: 7.92638e+03
      Equation: "ElectronContinuityEquation"	RelError: 7.90978e-17	AbsError: 7.92638e+03
      Equation: "HoleContinuityEquation"	RelError: 1.43105e-16	AbsError: 1.43105e-16
      Equation: "PotentialEquation"	RelError: 1.01293e-16	AbsError: 1.11025e-16
    Region: "oxide"	RelError: 1.14883e-16	AbsError: 1.25293e-16
      Equation: "PotentialEquation"	RelError: 1.14883e-16	AbsError: 1.25293e-16
Succeeded
IVPOINT	IDVD_VG1P0	5.00000000e-01	1.08000000e+00	1.21743129e+00
drain last end 1.080000e+00 2.000000e+00
number of equations 4346
Iteration: 0
  Device: "mos2d"	RelError: 2.01547e+00	AbsError: 3.89406e+16
    Region: "bulk"	RelError: 2.00585e+00	AbsError: 3.89406e+16
      Equation: "ElectronContinuityEquation"	RelError: 2.86055e-01	AbsError: 3.80932e+16
      Equation: "HoleContinuityEquation"	RelError: 8.23415e-01	AbsError: 8.47403e+14
      Equation: "PotentialEquation"	RelError: 8.96384e-01	AbsError: 2.00000e-02
    Region: "gate"	RelError: 6.37296e-04	AbsError: 3.16841e+16
      Equation: "ElectronContinuityEquation"	RelError: 3.14830e-04	AbsError: 3.16841e+16
      Equation: "HoleContinuityEquation"	RelError: 3.15029e-04	AbsError: 3.13029e-04
      Equation: "PotentialEquation"	RelError: 7.43691e-06	AbsError: 8.15264e-06
    Region: "oxide"	RelError: 8.97786e-03	AbsError: 1.22914e-02
      Equation: "PotentialEquation"	RelError: 8.97786e-03	AbsError: 1.22914e-02
Iteration: 1
  Device: "mos2d"	RelError: 1.73787e-01	AbsError: 6.68939e+14
    Region: "bulk"	RelError: 1.73776e-01	AbsError: 6.68939e+14
      Equation: "ElectronContinuityEquation"	RelError: 3.03113e-02	AbsError: 6.51110e+14
      Equation: "HoleContinuityEquation"	RelError: 1.41810e-01	AbsError: 1.78290e+13
      Equation: "PotentialEquation"	RelError: 1.65475e-03	AbsError: 4.95638e-05
    Region: "gate"	RelError: 9.19706e-07	AbsError: 4.06758e+13
      Equation: "ElectronContinuityEquation"	RelError: 4.05395e-07	AbsError: 4.06758e+13
      Equation: "HoleContinuityEquation"	RelError: 5.03578e-07	AbsError: 5.01890e-07
      Equation: "PotentialEquation"	RelError: 1.07330e-08	AbsError: 1.17651e-08
    Region: "oxide"	RelError: 1.06238e-05	AbsError: 1.41033e-05
      Equation: "PotentialEquation"	RelError: 1.06238e-05	AbsError: 1.41033e-05
Iteration: 2
  Device: "mos2d"	RelError: 9.71369e-04	AbsError: 7.61390e+10
    Region: "bulk"	RelError: 9.71368e-04	AbsError: 7.61390e+10
      Equation: "ElectronContinuityEquation"	RelError: 9.06251e-04	AbsError: 7.15922e+10
      Equation: "HoleContinuityEquation"	RelError: 6.49683e-05	AbsError: 4.54675e+09
      Equation: "PotentialEquation"	RelError: 1.48758e-07	AbsError: 9.03467e-09
    Region: "gate"	RelError: 4.94708e-11	AbsError: 2.46946e+09
      Equation: "ElectronContinuityEquation"	RelError: 2.45379e-11	AbsError: 2.46946e+09
      Equation: "HoleContinuityEquation"	RelError: 2.43554e-11	AbsError: 2.42008e-11
      Equation: "PotentialEquation"	RelError: 5.77503e-13	AbsError: 6.33081e-13
    Region: "oxide"	RelError: 7.21190e-10	AbsError: 9.87354e-10
      Equation: "PotentialEquation"	RelError: 7.21190e-10	AbsError: 9.87354e-10
Iteration: 3
  Device: "mos2d"	RelError: 4.88194e-10	AbsError: 8.06712e+03
    Region: "bulk"	RelError: 4.88193e-10	AbsError: 5.10103e+03
      Equation: "ElectronContinuityEquation"	RelError: 2.61913e-10	AbsError: 4.71496e+03
      Equation: "HoleContinuityEquation"	RelError: 2.26244e-10	AbsError: 3.86067e+02
      Equation: "PotentialEquation"	RelError: 3.70090e-14	AbsError: 9.50748e-16
    Region: "gate"	RelError: 4.00730e-16	AbsError: 8.06712e+03
      Equation: "ElectronContinuityEquation"	RelError: 8.06712e-17	AbsError: 8.06712e+03
      Equation: "HoleContinuityEquation"	RelError: 2.18734e-16	AbsError: 2.24828e-16
      Equation: "PotentialEquation"	RelError: 1.01324e-16	AbsError: 1.11059e-16
    Region: "oxide"	RelError: 1.12131e-16	AbsError: 1.38767e-16
      Equation: "PotentialEquation"	RelError: 1.12131e-16	AbsError: 1.38767e-16
Succeeded
IVPOINT	IDVD_VG1P0	5.00000000e-01	1.10000000e+00	1.22832929e+00
drain last end 1.100000e+00 2.000000e+00
number of equations 4346
Iteration: 0
  Device: "mos2d"	RelError: 1.02158e+01	AbsError: 3.91963e+16
    Region: "bulk"	RelError: 1.02063e+01	AbsError: 3.91963e+16
      Equation: "ElectronContinuityEquation"	RelError: 2.80516e-01	AbsError: 3.83378e+16
      Equation: "HoleContinuityEquation"	RelError: 8.05805e-01	AbsError: 8.58516e+14
      Equation: "PotentialEquation"	RelError: 9.12001e+00	AbsError: 2.00000e-02
    Region: "gate"	RelError: 6.35586e-04	AbsError: 3.16091e+16
      Equation: "ElectronContinuityEquation"	RelError: 3.13986e-04	AbsError: 3.16091e+16
      Equation: "HoleContinuityEquation"	RelError: 3.14183e-04	AbsError: 3.12091e-04
      Equation: "PotentialEquation"	RelError: 7.41691e-06	AbsError: 8.13077e-06
    Region: "oxide"	RelError: 8.87808e-03	AbsError: 1.22635e-02
      Equation: "PotentialEquation"	RelError: 8.87808e-03	AbsError: 1.22635e-02
Iteration: 1
  Device: "mos2d"	RelError: 1.85030e-01	AbsError: 6.23643e+14
    Region: "bulk"	RelError: 1.85019e-01	AbsError: 6.23643e+14
      Equation: "ElectronContinuityEquation"	RelError: 2.96839e-02	AbsError: 6.05606e+14
      Equation: "HoleContinuityEquation"	RelError: 1.38024e-01	AbsError: 1.80367e+13
      Equation: "PotentialEquation"	RelError: 1.73116e-02	AbsError: 5.03777e-05
    Region: "gate"	RelError: 8.61447e-07	AbsError: 3.78272e+13
      Equation: "ElectronContinuityEquation"	RelError: 3.76887e-07	AbsError: 3.78272e+13
      Equation: "HoleContinuityEquation"	RelError: 4.74507e-07	AbsError: 4.72769e-07
      Equation: "PotentialEquation"	RelError: 1.00530e-08	AbsError: 1.10198e-08
    Region: "oxide"	RelError: 9.76114e-06	AbsError: 1.30591e-05
      Equation: "PotentialEquation"	RelError: 9.76114e-06	AbsError: 1.30591e-05
Iteration: 2
  Device: "mos2d"	RelError: 1.04458e-03	AbsError: 6.79156e+10
    Region: "bulk"	RelError: 1.04458e-03	AbsError: 6.79156e+10
      Equation: "ElectronContinuityEquation"	RelError: 9.81225e-04	AbsError: 6.31768e+10
      Equation: "HoleContinuityEquation"	RelError: 6.18410e-05	AbsError: 4.73882e+09
      Equation: "PotentialEquation"	RelError: 1.51297e-06	AbsError: 9.58740e-09
    Region: "gate"	RelError: 4.42326e-11	AbsError: 2.20847e+09
      Equation: "ElectronContinuityEquation"	RelError: 2.19376e-11	AbsError: 2.20847e+09
      Equation: "HoleContinuityEquation"	RelError: 2.17786e-11	AbsError: 2.16335e-11
      Equation: "PotentialEquation"	RelError: 5.16423e-13	AbsError: 5.66127e-13
    Region: "oxide"	RelError: 6.38527e-10	AbsError: 8.82004e-10
      Equation: "PotentialEquation"	RelError: 6.38527e-10	AbsError: 8.82004e-10
Iteration: 3
  Device: "mos2d"	RelError: 9.03360e-10	AbsError: 7.62112e+03
    Region: "bulk"	RelError: 9.03360e-10	AbsError: 6.76677e+03
      Equation: "ElectronContinuityEquation"	RelError: 4.84521e-10	AbsError: 6.44934e+03
      Equation: "HoleContinuityEquation"	RelError: 4.18007e-10	AbsError: 3.17430e+02
      Equation: "PotentialEquation"	RelError: 8.31280e-13	AbsError: 8.61815e-16
    Region: "gate"	RelError: 3.82326e-16	AbsError: 7.62112e+03
      Equation: "ElectronContinuityEquation"	RelError: 7.62112e-17	AbsError: 7.62112e+03
      Equation: "HoleContinuityEquation"	RelError: 2.03784e-16	AbsError: 2.06790e-16
      Equation: "PotentialEquation"	RelError: 1.02332e-16	AbsError: 1.12173e-16
    Region: "oxide"	RelError: 1.54261e-16	AbsError: 1.59304e-16
      Equation: "PotentialEquation"	RelError: 1.54261e-16	AbsError: 1.59304e-16
Succeeded
IVPOINT	IDVD_VG1P0	5.00000000e-01	1.12000000e+00	1.23920975e+00
drain last end 1.120000e+00 2.000000e+00
number of equations 4346
Iteration: 0
  Device: "mos2d"	RelError: 3.76609e+01	AbsError: 3.94319e+16
    Region: "bulk"	RelError: 3.76515e+01	AbsError: 3.94319e+16
      Equation: "ElectronContinuityEquation"	RelError: 2.73993e-01	AbsError: 3.85636e+16
      Equation: "HoleContinuityEquation"	RelError: 8.08278e-01	AbsError: 8.68300e+14
      Equation: "PotentialEquation"	RelError: 3.65692e+01	AbsError: 2.00000e-02
    Region: "gate"	RelError: 6.33990e-04	AbsError: 3.15396e+16
      Equation: "ElectronContinuityEquation"	RelError: 3.13198e-04	AbsError: 3.15396e+16
      Equation: "HoleContinuityEquation"	RelError: 3.13394e-04	AbsError: 3.11210e-04
      Equation: "PotentialEquation"	RelError: 7.39823e-06	AbsError: 8.11035e-06
    Region: "oxide"	RelError: 8.78172e-03	AbsError: 1.22378e-02
      Equation: "PotentialEquation"	RelError: 8.78172e-03	AbsError: 1.22378e-02
Iteration: 1
  Device: "mos2d"	RelError: 2.30878e-01	AbsError: 5.78250e+14
    Region: "bulk"	RelError: 2.30869e-01	AbsError: 5.78250e+14
      Equation: "ElectronContinuityEquation"	RelError: 2.89721e-02	AbsError: 5.60143e+14
      Equation: "HoleContinuityEquation"	RelError: 1.35100e-01	AbsError: 1.81066e+13
      Equation: "PotentialEquation"	RelError: 6.67961e-02	AbsError: 5.09929e-05
    Region: "gate"	RelError: 8.06020e-07	AbsError: 3.51155e+13
      Equation: "ElectronContinuityEquation"	RelError: 3.49760e-07	AbsError: 3.51155e+13
      Equation: "HoleContinuityEquation"	RelError: 4.46855e-07	AbsError: 4.45079e-07
      Equation: "PotentialEquation"	RelError: 9.40613e-09	AbsError: 1.03108e-08
    Region: "oxide"	RelError: 8.94705e-06	AbsError: 1.20622e-05
      Equation: "PotentialEquation"	RelError: 8.94705e-06	AbsError: 1.20622e-05
Iteration: 2
  Device: "mos2d"	RelError: 1.07187e-03	AbsError: 5.98352e+10
    Region: "bulk"	RelError: 1.07187e-03	AbsError: 5.98352e+10
      Equation: "ElectronContinuityEquation"	RelError: 1.01148e-03	AbsError: 5.49764e+10
      Equation: "HoleContinuityEquation"	RelError: 5.85844e-05	AbsError: 4.85882e+09
      Equation: "PotentialEquation"	RelError: 1.80352e-06	AbsError: 1.00472e-08
    Region: "gate"	RelError: 3.89265e-11	AbsError: 1.94408e+09
      Equation: "ElectronContinuityEquation"	RelError: 1.93053e-11	AbsError: 1.94408e+09
      Equation: "HoleContinuityEquation"	RelError: 1.91667e-11	AbsError: 1.90331e-11
      Equation: "PotentialEquation"	RelError: 4.54537e-13	AbsError: 4.98289e-13
    Region: "oxide"	RelError: 5.56668e-10	AbsError: 7.75738e-10
      Equation: "PotentialEquation"	RelError: 5.56668e-10	AbsError: 7.75738e-10
Iteration: 3
  Device: "mos2d"	RelError: 1.18402e-09	AbsError: 8.05226e+03
    Region: "bulk"	RelError: 1.18402e-09	AbsError: 7.15745e+03
      Equation: "ElectronContinuityEquation"	RelError: 6.70753e-10	AbsError: 6.78952e+03
      Equation: "HoleContinuityEquation"	RelError: 5.13056e-10	AbsError: 3.67931e+02
      Equation: "PotentialEquation"	RelError: 2.13907e-13	AbsError: 1.22256e-15
    Region: "gate"	RelError: 3.57839e-16	AbsError: 8.05226e+03
      Equation: "ElectronContinuityEquation"	RelError: 8.05228e-17	AbsError: 8.05226e+03
      Equation: "HoleContinuityEquation"	RelError: 1.75953e-16	AbsError: 1.77220e-16
      Equation: "PotentialEquation"	RelError: 1.01364e-16	AbsError: 1.11102e-16
    Region: "oxide"	RelError: 1.20555e-16	AbsError: 1.28237e-16
      Equation: "PotentialEquation"	RelError: 1.20555e-16	AbsError: 1.28237e-16
Succeeded
IVPOINT	IDVD_VG1P0	5.00000000e-01	1.14000000e+00	1.25007512e+00
drain last end 1.140000e+00 2.000000e+00
number of equations 4346
Iteration: 0
  Device: "mos2d"	RelError: 7.15147e+00	AbsError: 3.96480e+16
    Region: "bulk"	RelError: 7.14215e+00	AbsError: 3.96480e+16
      Equation: "ElectronContinuityEquation"	RelError: 2.66286e-01	AbsError: 3.87714e+16
      Equation: "HoleContinuityEquation"	RelError: 8.09381e-01	AbsError: 8.76596e+14
      Equation: "PotentialEquation"	RelError: 6.06648e+00	AbsError: 2.00000e-02
    Region: "gate"	RelError: 6.32502e-04	AbsError: 3.14754e+16
      Equation: "ElectronContinuityEquation"	RelError: 3.12463e-04	AbsError: 3.14754e+16
      Equation: "HoleContinuityEquation"	RelError: 3.12658e-04	AbsError: 3.10382e-04
      Equation: "PotentialEquation"	RelError: 7.38081e-06	AbsError: 8.09131e-06
    Region: "oxide"	RelError: 8.68861e-03	AbsError: 1.22140e-02
      Equation: "PotentialEquation"	RelError: 8.68861e-03	AbsError: 1.22140e-02
Iteration: 1
  Device: "mos2d"	RelError: 1.72363e-01	AbsError: 5.33448e+14
    Region: "bulk"	RelError: 1.72354e-01	AbsError: 5.33448e+14
      Equation: "ElectronContinuityEquation"	RelError: 2.81583e-02	AbsError: 5.15414e+14
      Equation: "HoleContinuityEquation"	RelError: 1.35603e-01	AbsError: 1.80344e+13
      Equation: "PotentialEquation"	RelError: 8.59280e-03	AbsError: 5.13884e-05
    Region: "gate"	RelError: 7.53495e-07	AbsError: 3.25442e+13
      Equation: "ElectronContinuityEquation"	RelError: 3.24048e-07	AbsError: 3.25442e+13
      Equation: "HoleContinuityEquation"	RelError: 4.20653e-07	AbsError: 4.18852e-07
      Equation: "PotentialEquation"	RelError: 8.79309e-09	AbsError: 9.63886e-09
    Region: "oxide"	RelError: 8.18196e-06	AbsError: 1.11138e-05
      Equation: "PotentialEquation"	RelError: 8.18196e-06	AbsError: 1.11138e-05
Iteration: 2
  Device: "mos2d"	RelError: 1.12385e-03	AbsError: 5.21252e+10
    Region: "bulk"	RelError: 1.12385e-03	AbsError: 5.21252e+10
      Equation: "ElectronContinuityEquation"	RelError: 1.06819e-03	AbsError: 4.72257e+10
      Equation: "HoleContinuityEquation"	RelError: 5.52158e-05	AbsError: 4.89948e+09
      Equation: "PotentialEquation"	RelError: 4.41833e-07	AbsError: 1.03930e-08
    Region: "gate"	RelError: 3.37629e-11	AbsError: 1.68670e+09
      Equation: "ElectronContinuityEquation"	RelError: 1.67442e-11	AbsError: 1.68670e+09
      Equation: "HoleContinuityEquation"	RelError: 1.66244e-11	AbsError: 1.65034e-11
      Equation: "PotentialEquation"	RelError: 3.94174e-13	AbsError: 4.32119e-13
    Region: "oxide"	RelError: 4.78468e-10	AbsError: 6.72602e-10
      Equation: "PotentialEquation"	RelError: 4.78468e-10	AbsError: 6.72602e-10
Iteration: 3
  Device: "mos2d"	RelError: 7.00224e-10	AbsError: 7.99971e+03
    Region: "bulk"	RelError: 7.00224e-10	AbsError: 5.37286e+03
      Equation: "ElectronContinuityEquation"	RelError: 3.94315e-10	AbsError: 5.05033e+03
      Equation: "HoleContinuityEquation"	RelError: 3.05327e-10	AbsError: 3.22526e+02
      Equation: "PotentialEquation"	RelError: 5.81312e-13	AbsError: 6.38913e-16
    Region: "gate"	RelError: 4.12952e-16	AbsError: 7.99971e+03
      Equation: "ElectronContinuityEquation"	RelError: 7.99971e-17	AbsError: 7.99971e+03
      Equation: "HoleContinuityEquation"	RelError: 2.31664e-16	AbsError: 2.38112e-16
      Equation: "PotentialEquation"	RelError: 1.01291e-16	AbsError: 1.11022e-16
    Region: "oxide"	RelError: 1.56859e-16	AbsError: 1.69448e-16
      Equation: "PotentialEquation"	RelError: 1.56859e-16	AbsError: 1.69448e-16
Succeeded
IVPOINT	IDVD_VG1P0	5.00000000e-01	1.16000000e+00	1.26092769e+00
drain last end 1.160000e+00 2.000000e+00
number of equations 4346
Iteration: 0
  Device: "mos2d"	RelError: 7.11222e+00	AbsError: 3.98451e+16
    Region: "bulk"	RelError: 7.10299e+00	AbsError: 3.98451e+16
      Equation: "ElectronContinuityEquation"	RelError: 2.57194e-01	AbsError: 3.89619e+16
      Equation: "HoleContinuityEquation"	RelError: 8.08290e-01	AbsError: 8.83244e+14
      Equation: "PotentialEquation"	RelError: 6.03751e+00	AbsError: 2.00000e-02
    Region: "gate"	RelError: 6.31117e-04	AbsError: 3.14163e+16
      Equation: "ElectronContinuityEquation"	RelError: 3.11779e-04	AbsError: 3.14163e+16
      Equation: "HoleContinuityEquation"	RelError: 3.11973e-04	AbsError: 3.09606e-04
      Equation: "PotentialEquation"	RelError: 7.36459e-06	AbsError: 8.07359e-06
    Region: "oxide"	RelError: 8.59856e-03	AbsError: 1.21922e-02
      Equation: "PotentialEquation"	RelError: 8.59856e-03	AbsError: 1.21922e-02
Iteration: 1
  Device: "mos2d"	RelError: 1.84771e-01	AbsError: 4.89812e+14
    Region: "bulk"	RelError: 1.84762e-01	AbsError: 4.89812e+14
      Equation: "ElectronContinuityEquation"	RelError: 2.72239e-02	AbsError: 4.71993e+14
      Equation: "HoleContinuityEquation"	RelError: 1.35791e-01	AbsError: 1.78188e+13
      Equation: "PotentialEquation"	RelError: 2.17476e-02	AbsError: 5.18820e-05
    Region: "gate"	RelError: 7.03931e-07	AbsError: 3.01167e+13
      Equation: "ElectronContinuityEquation"	RelError: 2.99785e-07	AbsError: 3.01167e+13
      Equation: "HoleContinuityEquation"	RelError: 3.95932e-07	AbsError: 3.94115e-07
      Equation: "PotentialEquation"	RelError: 8.21462e-09	AbsError: 9.00482e-09
    Region: "oxide"	RelError: 7.46621e-06	AbsError: 1.02161e-05
      Equation: "PotentialEquation"	RelError: 7.46621e-06	AbsError: 1.02161e-05
Iteration: 2
  Device: "mos2d"	RelError: 1.18566e-03	AbsError: 4.49454e+10
    Region: "bulk"	RelError: 1.18566e-03	AbsError: 4.49454e+10
      Equation: "ElectronContinuityEquation"	RelError: 1.12823e-03	AbsError: 4.00883e+10
      Equation: "HoleContinuityEquation"	RelError: 5.42063e-05	AbsError: 4.85703e+09
      Equation: "PotentialEquation"	RelError: 3.21922e-06	AbsError: 1.07307e-08
    Region: "gate"	RelError: 2.88968e-11	AbsError: 1.44413e+09
      Equation: "ElectronContinuityEquation"	RelError: 1.43317e-11	AbsError: 1.44413e+09
      Equation: "HoleContinuityEquation"	RelError: 1.42278e-11	AbsError: 1.41198e-11
      Equation: "PotentialEquation"	RelError: 3.37328e-13	AbsError: 3.69803e-13
    Region: "oxide"	RelError: 4.05948e-10	AbsError: 5.75603e-10
      Equation: "PotentialEquation"	RelError: 4.05948e-10	AbsError: 5.75603e-10
Iteration: 3
  Device: "mos2d"	RelError: 6.41480e-10	AbsError: 9.75336e+03
    Region: "bulk"	RelError: 6.41479e-10	AbsError: 9.75336e+03
      Equation: "ElectronContinuityEquation"	RelError: 4.01121e-10	AbsError: 9.24761e+03
      Equation: "HoleContinuityEquation"	RelError: 2.40156e-10	AbsError: 5.05759e+02
      Equation: "PotentialEquation"	RelError: 2.02734e-13	AbsError: 9.98966e-16
    Region: "gate"	RelError: 3.72912e-16	AbsError: 8.08764e+03
      Equation: "ElectronContinuityEquation"	RelError: 8.08764e-17	AbsError: 8.08764e+03
      Equation: "HoleContinuityEquation"	RelError: 1.90738e-16	AbsError: 1.93190e-16
      Equation: "PotentialEquation"	RelError: 1.01297e-16	AbsError: 1.11029e-16
    Region: "oxide"	RelError: 1.30532e-16	AbsError: 1.17500e-16
      Equation: "PotentialEquation"	RelError: 1.30532e-16	AbsError: 1.17500e-16
Succeeded
IVPOINT	IDVD_VG1P0	5.00000000e-01	1.18000000e+00	1.27176963e+00
drain last end 1.180000e+00 2.000000e+00
number of equations 4346
Iteration: 0
  Device: "mos2d"	RelError: 2.65341e+00	AbsError: 4.00238e+16
    Region: "bulk"	RelError: 2.64427e+00	AbsError: 4.00238e+16
      Equation: "ElectronContinuityEquation"	RelError: 2.46524e-01	AbsError: 3.91357e+16
      Equation: "HoleContinuityEquation"	RelError: 8.03763e-01	AbsError: 8.88090e+14
      Equation: "PotentialEquation"	RelError: 1.59398e+00	AbsError: 2.00000e-02
    Region: "gate"	RelError: 6.29829e-04	AbsError: 3.13620e+16
      Equation: "ElectronContinuityEquation"	RelError: 3.11143e-04	AbsError: 3.13620e+16
      Equation: "HoleContinuityEquation"	RelError: 3.11336e-04	AbsError: 3.08878e-04
      Equation: "PotentialEquation"	RelError: 7.34951e-06	AbsError: 8.05712e-06
    Region: "oxide"	RelError: 8.51143e-03	AbsError: 1.21721e-02
      Equation: "PotentialEquation"	RelError: 8.51143e-03	AbsError: 1.21721e-02
Iteration: 1
  Device: "mos2d"	RelError: 1.65762e-01	AbsError: 4.47803e+14
    Region: "bulk"	RelError: 1.65754e-01	AbsError: 4.47803e+14
      Equation: "ElectronContinuityEquation"	RelError: 2.61505e-02	AbsError: 4.30341e+14
      Equation: "HoleContinuityEquation"	RelError: 1.35480e-01	AbsError: 1.74625e+13
      Equation: "PotentialEquation"	RelError: 4.12395e-03	AbsError: 5.29340e-05
    Region: "gate"	RelError: 6.57372e-07	AbsError: 2.78353e+13
      Equation: "ElectronContinuityEquation"	RelError: 2.76989e-07	AbsError: 2.78353e+13
      Equation: "HoleContinuityEquation"	RelError: 3.72711e-07	AbsError: 3.70886e-07
      Equation: "PotentialEquation"	RelError: 7.67122e-09	AbsError: 8.40920e-09
    Region: "oxide"	RelError: 6.79979e-06	AbsError: 9.37100e-06
      Equation: "PotentialEquation"	RelError: 6.79979e-06	AbsError: 9.37100e-06
Iteration: 2
  Device: "mos2d"	RelError: 1.19167e-03	AbsError: 3.85081e+10
    Region: "bulk"	RelError: 1.19167e-03	AbsError: 3.85081e+10
      Equation: "ElectronContinuityEquation"	RelError: 1.13680e-03	AbsError: 3.36623e+10
      Equation: "HoleContinuityEquation"	RelError: 5.42481e-05	AbsError: 4.84588e+09
      Equation: "PotentialEquation"	RelError: 6.16951e-07	AbsError: 1.15329e-08
    Region: "gate"	RelError: 2.44337e-11	AbsError: 1.22154e+09
      Equation: "ElectronContinuityEquation"	RelError: 1.21190e-11	AbsError: 1.22154e+09
      Equation: "HoleContinuityEquation"	RelError: 1.20294e-11	AbsError: 1.19344e-11
      Equation: "PotentialEquation"	RelError: 2.85315e-13	AbsError: 3.12785e-13
    Region: "oxide"	RelError: 3.40364e-10	AbsError: 4.86750e-10
      Equation: "PotentialEquation"	RelError: 3.40364e-10	AbsError: 4.86750e-10
Iteration: 3
  Device: "mos2d"	RelError: 1.49536e-09	AbsError: 8.16835e+03
    Region: "bulk"	RelError: 1.49536e-09	AbsError: 6.60297e+03
      Equation: "ElectronContinuityEquation"	RelError: 8.33726e-10	AbsError: 6.17102e+03
      Equation: "HoleContinuityEquation"	RelError: 6.61568e-10	AbsError: 4.31950e+02
      Equation: "PotentialEquation"	RelError: 6.21495e-14	AbsError: 8.92881e-16
    Region: "gate"	RelError: 4.17399e-16	AbsError: 8.16835e+03
      Equation: "ElectronContinuityEquation"	RelError: 8.22435e-17	AbsError: 8.16835e+03
      Equation: "HoleContinuityEquation"	RelError: 2.33851e-16	AbsError: 2.37325e-16
      Equation: "PotentialEquation"	RelError: 1.01305e-16	AbsError: 1.11038e-16
    Region: "oxide"	RelError: 1.41417e-16	AbsError: 1.50204e-16
      Equation: "PotentialEquation"	RelError: 1.41417e-16	AbsError: 1.50204e-16
Succeeded
IVPOINT	IDVD_VG1P0	5.00000000e-01	1.20000000e+00	1.28260298e+00
drain last end 1.200000e+00 2.000000e+00
number of equations 4346
Iteration: 0
  Device: "mos2d"	RelError: 1.91636e+00	AbsError: 4.01848e+16
    Region: "bulk"	RelError: 1.90731e+00	AbsError: 4.01848e+16
      Equation: "ElectronContinuityEquation"	RelError: 2.40640e-01	AbsError: 3.92939e+16
      Equation: "HoleContinuityEquation"	RelError: 7.93977e-01	AbsError: 8.90984e+14
      Equation: "PotentialEquation"	RelError: 8.72689e-01	AbsError: 2.00000e-02
    Region: "gate"	RelError: 6.28632e-04	AbsError: 3.13121e+16
      Equation: "ElectronContinuityEquation"	RelError: 3.10552e-04	AbsError: 3.13121e+16
      Equation: "HoleContinuityEquation"	RelError: 3.10745e-04	AbsError: 3.08195e-04
      Equation: "PotentialEquation"	RelError: 7.33549e-06	AbsError: 8.04181e-06
    Region: "oxide"	RelError: 8.42705e-03	AbsError: 1.21538e-02
      Equation: "PotentialEquation"	RelError: 8.42705e-03	AbsError: 1.21538e-02
Iteration: 1
  Device: "mos2d"	RelError: 1.61182e-01	AbsError: 4.08471e+14
    Region: "bulk"	RelError: 1.61175e-01	AbsError: 4.08471e+14
      Equation: "ElectronContinuityEquation"	RelError: 2.49242e-02	AbsError: 3.90804e+14
      Equation: "HoleContinuityEquation"	RelError: 1.34395e-01	AbsError: 1.76678e+13
      Equation: "PotentialEquation"	RelError: 1.85664e-03	AbsError: 5.37248e-05
    Region: "gate"	RelError: 6.13827e-07	AbsError: 2.57007e+13
      Equation: "ElectronContinuityEquation"	RelError: 2.55669e-07	AbsError: 2.57007e+13
      Equation: "HoleContinuityEquation"	RelError: 3.50994e-07	AbsError: 3.49167e-07
      Equation: "PotentialEquation"	RelError: 7.16300e-09	AbsError: 7.85215e-09
    Region: "oxide"	RelError: 6.18844e-06	AbsError: 8.57957e-06
      Equation: "PotentialEquation"	RelError: 6.18844e-06	AbsError: 8.57957e-06
Iteration: 2
  Device: "mos2d"	RelError: 1.14272e-03	AbsError: 3.32175e+10
    Region: "bulk"	RelError: 1.14272e-03	AbsError: 3.32175e+10
      Equation: "ElectronContinuityEquation"	RelError: 1.08822e-03	AbsError: 2.79895e+10
      Equation: "HoleContinuityEquation"	RelError: 5.41942e-05	AbsError: 5.22795e+09
      Equation: "PotentialEquation"	RelError: 3.06675e-07	AbsError: 1.21846e-08
    Region: "gate"	RelError: 2.04323e-11	AbsError: 1.02194e+09
      Equation: "ElectronContinuityEquation"	RelError: 1.01356e-11	AbsError: 1.02194e+09
      Equation: "HoleContinuityEquation"	RelError: 1.00581e-11	AbsError: 9.97561e-12
      Equation: "PotentialEquation"	RelError: 2.38645e-13	AbsError: 2.61623e-13
    Region: "oxide"	RelError: 2.82320e-10	AbsError: 4.07170e-10
      Equation: "PotentialEquation"	RelError: 2.82320e-10	AbsError: 4.07170e-10
Iteration: 3
  Device: "mos2d"	RelError: 2.29398e-09	AbsError: 8.13961e+03
    Region: "bulk"	RelError: 2.29398e-09	AbsError: 5.14618e+03
      Equation: "ElectronContinuityEquation"	RelError: 1.24607e-09	AbsError: 4.71309e+03
      Equation: "HoleContinuityEquation"	RelError: 1.04782e-09	AbsError: 4.33082e+02
      Equation: "PotentialEquation"	RelError: 8.42600e-14	AbsError: 1.00056e-15
    Region: "gate"	RelError: 4.19657e-16	AbsError: 8.13961e+03
      Equation: "ElectronContinuityEquation"	RelError: 8.13961e-17	AbsError: 8.13961e+03
      Equation: "HoleContinuityEquation"	RelError: 2.36924e-16	AbsError: 2.34980e-16
      Equation: "PotentialEquation"	RelError: 1.01337e-16	AbsError: 1.11072e-16
    Region: "oxide"	RelError: 1.41191e-16	AbsError: 1.12512e-16
      Equation: "PotentialEquation"	RelError: 1.41191e-16	AbsError: 1.12512e-16
Succeeded
IVPOINT	IDVD_VG1P0	5.00000000e-01	1.22000000e+00	1.29342966e+00
drain last end 1.220000e+00 2.000000e+00
number of equations 4346
Iteration: 0
  Device: "mos2d"	RelError: 8.13493e+00	AbsError: 4.03290e+16
    Region: "bulk"	RelError: 8.12596e+00	AbsError: 4.03290e+16
      Equation: "ElectronContinuityEquation"	RelError: 2.35204e-01	AbsError: 3.94372e+16
      Equation: "HoleContinuityEquation"	RelError: 7.87089e-01	AbsError: 8.91791e+14
      Equation: "PotentialEquation"	RelError: 7.10367e+00	AbsError: 2.00000e-02
    Region: "gate"	RelError: 6.27520e-04	AbsError: 3.12664e+16
      Equation: "ElectronContinuityEquation"	RelError: 3.10003e-04	AbsError: 3.12664e+16
      Equation: "HoleContinuityEquation"	RelError: 3.10195e-04	AbsError: 3.07555e-04
      Equation: "PotentialEquation"	RelError: 7.32247e-06	AbsError: 8.02759e-06
    Region: "oxide"	RelError: 8.34525e-03	AbsError: 1.21371e-02
      Equation: "PotentialEquation"	RelError: 8.34525e-03	AbsError: 1.21371e-02
Iteration: 1
  Device: "mos2d"	RelError: 1.66812e-01	AbsError: 3.71503e+14
    Region: "bulk"	RelError: 1.66806e-01	AbsError: 3.71503e+14
      Equation: "ElectronContinuityEquation"	RelError: 2.35397e-02	AbsError: 3.53625e+14
      Equation: "HoleContinuityEquation"	RelError: 1.32144e-01	AbsError: 1.78786e+13
      Equation: "PotentialEquation"	RelError: 1.11222e-02	AbsError: 5.42259e-05
    Region: "gate"	RelError: 5.73274e-07	AbsError: 2.37122e+13
      Equation: "ElectronContinuityEquation"	RelError: 2.35815e-07	AbsError: 2.37122e+13
      Equation: "HoleContinuityEquation"	RelError: 3.30770e-07	AbsError: 3.28947e-07
      Equation: "PotentialEquation"	RelError: 6.68972e-09	AbsError: 7.33339e-09
    Region: "oxide"	RelError: 5.62606e-06	AbsError: 7.84220e-06
      Equation: "PotentialEquation"	RelError: 5.62606e-06	AbsError: 7.84220e-06
Iteration: 2
  Device: "mos2d"	RelError: 1.04063e-03	AbsError: 2.85864e+10
    Region: "bulk"	RelError: 1.04063e-03	AbsError: 2.85864e+10
      Equation: "ElectronContinuityEquation"	RelError: 9.85983e-04	AbsError: 2.30676e+10
      Equation: "HoleContinuityEquation"	RelError: 5.40524e-05	AbsError: 5.51881e+09
      Equation: "PotentialEquation"	RelError: 5.94957e-07	AbsError: 1.26451e-08
    Region: "gate"	RelError: 1.69155e-11	AbsError: 8.46430e+08
      Equation: "ElectronContinuityEquation"	RelError: 8.39224e-12	AbsError: 8.46430e+08
      Equation: "HoleContinuityEquation"	RelError: 8.32577e-12	AbsError: 8.25490e-12
      Equation: "PotentialEquation"	RelError: 1.97451e-13	AbsError: 2.16465e-13
    Region: "oxide"	RelError: 2.31900e-10	AbsError: 3.37266e-10
      Equation: "PotentialEquation"	RelError: 2.31900e-10	AbsError: 3.37266e-10
Iteration: 3
  Device: "mos2d"	RelError: 2.19161e-09	AbsError: 8.04488e+03
    Region: "bulk"	RelError: 2.19161e-09	AbsError: 4.65896e+03
      Equation: "ElectronContinuityEquation"	RelError: 1.19533e-09	AbsError: 4.17062e+03
      Equation: "HoleContinuityEquation"	RelError: 9.96214e-10	AbsError: 4.88339e+02
      Equation: "PotentialEquation"	RelError: 6.50709e-14	AbsError: 1.26535e-15
    Region: "gate"	RelError: 3.25226e-16	AbsError: 8.04488e+03
      Equation: "ElectronContinuityEquation"	RelError: 8.04487e-17	AbsError: 8.04488e+03
      Equation: "HoleContinuityEquation"	RelError: 1.43477e-16	AbsError: 1.44646e-16
      Equation: "PotentialEquation"	RelError: 1.01300e-16	AbsError: 1.11033e-16
    Region: "oxide"	RelError: 1.24922e-16	AbsError: 1.35106e-16
      Equation: "PotentialEquation"	RelError: 1.24922e-16	AbsError: 1.35106e-16
Succeeded
IVPOINT	IDVD_VG1P0	5.00000000e-01	1.24000000e+00	1.30425149e+00
drain last end 1.240000e+00 2.000000e+00
number of equations 4346
Iteration: 0
  Device: "mos2d"	RelError: 8.42846e+00	AbsError: 4.04571e+16
    Region: "bulk"	RelError: 8.41957e+00	AbsError: 4.04571e+16
      Equation: "ElectronContinuityEquation"	RelError: 2.30522e-01	AbsError: 3.95667e+16
      Equation: "HoleContinuityEquation"	RelError: 7.83848e-01	AbsError: 8.90390e+14
      Equation: "PotentialEquation"	RelError: 7.40520e+00	AbsError: 2.00000e-02
    Region: "gate"	RelError: 6.26489e-04	AbsError: 3.12247e+16
      Equation: "ElectronContinuityEquation"	RelError: 3.09493e-04	AbsError: 3.12247e+16
      Equation: "HoleContinuityEquation"	RelError: 3.09685e-04	AbsError: 3.06954e-04
      Equation: "PotentialEquation"	RelError: 7.31037e-06	AbsError: 8.01439e-06
    Region: "oxide"	RelError: 8.26590e-03	AbsError: 1.21218e-02
      Equation: "PotentialEquation"	RelError: 8.26590e-03	AbsError: 1.21218e-02
Iteration: 1
  Device: "mos2d"	RelError: 1.82380e-01	AbsError: 3.36881e+14
    Region: "bulk"	RelError: 1.82374e-01	AbsError: 3.36881e+14
      Equation: "ElectronContinuityEquation"	RelError: 2.20050e-02	AbsError: 3.18953e+14
      Equation: "HoleContinuityEquation"	RelError: 1.31006e-01	AbsError: 1.79279e+13
      Equation: "PotentialEquation"	RelError: 2.93627e-02	AbsError: 5.44173e-05
    Region: "gate"	RelError: 5.35659e-07	AbsError: 2.18671e+13
      Equation: "ElectronContinuityEquation"	RelError: 2.17399e-07	AbsError: 2.18671e+13
      Equation: "HoleContinuityEquation"	RelError: 3.12009e-07	AbsError: 3.10194e-07
      Equation: "PotentialEquation"	RelError: 6.25072e-09	AbsError: 6.85220e-09
    Region: "oxide"	RelError: 5.12735e-06	AbsError: 7.15852e-06
      Equation: "PotentialEquation"	RelError: 5.12735e-06	AbsError: 7.15852e-06
Iteration: 2
  Device: "mos2d"	RelError: 9.02106e-04	AbsError: 2.45595e+10
    Region: "bulk"	RelError: 9.02105e-04	AbsError: 2.45595e+10
      Equation: "ElectronContinuityEquation"	RelError: 8.43039e-04	AbsError: 1.88617e+10
      Equation: "HoleContinuityEquation"	RelError: 5.38296e-05	AbsError: 5.69779e+09
      Equation: "PotentialEquation"	RelError: 5.23659e-06	AbsError: 1.28824e-08
    Region: "gate"	RelError: 1.38767e-11	AbsError: 6.94725e+08
      Equation: "ElectronContinuityEquation"	RelError: 6.88598e-12	AbsError: 6.94725e+08
      Equation: "HoleContinuityEquation"	RelError: 6.82876e-12	AbsError: 6.76854e-12
      Equation: "PotentialEquation"	RelError: 1.61961e-13	AbsError: 1.77559e-13
    Region: "oxide"	RelError: 1.88812e-10	AbsError: 2.76888e-10
      Equation: "PotentialEquation"	RelError: 1.88812e-10	AbsError: 2.76888e-10
Iteration: 3
  Device: "mos2d"	RelError: 3.16986e-09	AbsError: 8.13629e+03
    Region: "bulk"	RelError: 3.16986e-09	AbsError: 7.21505e+03
      Equation: "ElectronContinuityEquation"	RelError: 1.74036e-09	AbsError: 6.65169e+03
      Equation: "HoleContinuityEquation"	RelError: 1.42906e-09	AbsError: 5.63362e+02
      Equation: "PotentialEquation"	RelError: 4.39044e-13	AbsError: 1.20521e-15
    Region: "gate"	RelError: 3.84480e-16	AbsError: 8.13629e+03
      Equation: "ElectronContinuityEquation"	RelError: 8.13629e-17	AbsError: 8.13629e+03
      Equation: "HoleContinuityEquation"	RelError: 2.01827e-16	AbsError: 2.01826e-16
      Equation: "PotentialEquation"	RelError: 1.01291e-16	AbsError: 1.11022e-16
    Region: "oxide"	RelError: 1.35471e-16	AbsError: 1.43406e-16
      Equation: "PotentialEquation"	RelError: 1.35471e-16	AbsError: 1.43406e-16
Succeeded
IVPOINT	IDVD_VG1P0	5.00000000e-01	1.26000000e+00	1.31507017e+00
drain last end 1.260000e+00 2.000000e+00
number of equations 4346
Iteration: 0
  Device: "mos2d"	RelError: 5.65944e+00	AbsError: 4.05699e+16
    Region: "bulk"	RelError: 5.65063e+00	AbsError: 4.05699e+16
      Equation: "ElectronContinuityEquation"	RelError: 2.26774e-01	AbsError: 3.96833e+16
      Equation: "HoleContinuityEquation"	RelError: 7.75969e-01	AbsError: 8.86684e+14
      Equation: "PotentialEquation"	RelError: 4.64789e+00	AbsError: 2.00000e-02
    Region: "gate"	RelError: 6.25530e-04	AbsError: 3.11866e+16
      Equation: "ElectronContinuityEquation"	RelError: 3.09020e-04	AbsError: 3.11866e+16
      Equation: "HoleContinuityEquation"	RelError: 3.09211e-04	AbsError: 3.06389e-04
      Equation: "PotentialEquation"	RelError: 7.29914e-06	AbsError: 8.00213e-06
    Region: "oxide"	RelError: 8.18885e-03	AbsError: 1.21079e-02
      Equation: "PotentialEquation"	RelError: 8.18885e-03	AbsError: 1.21079e-02
Iteration: 1
  Device: "mos2d"	RelError: 1.63776e-01	AbsError: 3.04668e+14
    Region: "bulk"	RelError: 1.63771e-01	AbsError: 3.04668e+14
      Equation: "ElectronContinuityEquation"	RelError: 2.11530e-02	AbsError: 2.86859e+14
      Equation: "HoleContinuityEquation"	RelError: 1.30223e-01	AbsError: 1.78093e+13
      Equation: "PotentialEquation"	RelError: 1.23945e-02	AbsError: 5.42900e-05
    Region: "gate"	RelError: 5.00897e-07	AbsError: 2.01616e+13
      Equation: "ElectronContinuityEquation"	RelError: 2.00382e-07	AbsError: 2.01616e+13
      Equation: "HoleContinuityEquation"	RelError: 2.94670e-07	AbsError: 2.92866e-07
      Equation: "PotentialEquation"	RelError: 5.84501e-09	AbsError: 6.40750e-09
    Region: "oxide"	RelError: 4.67352e-06	AbsError: 6.52747e-06
      Equation: "PotentialEquation"	RelError: 4.67352e-06	AbsError: 6.52747e-06
Iteration: 2
  Device: "mos2d"	RelError: 8.07444e-04	AbsError: 2.10663e+10
    Region: "bulk"	RelError: 8.07444e-04	AbsError: 2.10663e+10
      Equation: "ElectronContinuityEquation"	RelError: 7.52959e-04	AbsError: 1.53155e+10
      Equation: "HoleContinuityEquation"	RelError: 5.35311e-05	AbsError: 5.75088e+09
      Equation: "PotentialEquation"	RelError: 9.53949e-07	AbsError: 1.28783e-08
    Region: "gate"	RelError: 1.12896e-11	AbsError: 5.65522e+08
      Equation: "ElectronContinuityEquation"	RelError: 5.60361e-12	AbsError: 5.65522e+08
      Equation: "HoleContinuityEquation"	RelError: 5.55403e-12	AbsError: 5.50335e-12
      Equation: "PotentialEquation"	RelError: 1.31911e-13	AbsError: 1.44616e-13
    Region: "oxide"	RelError: 1.52510e-10	AbsError: 2.25497e-10
      Equation: "PotentialEquation"	RelError: 1.52510e-10	AbsError: 2.25497e-10
Iteration: 3
  Device: "mos2d"	RelError: 2.99690e-09	AbsError: 7.84786e+03
    Region: "bulk"	RelError: 2.99690e-09	AbsError: 4.68435e+03
      Equation: "ElectronContinuityEquation"	RelError: 1.63932e-09	AbsError: 4.08148e+03
      Equation: "HoleContinuityEquation"	RelError: 1.35752e-09	AbsError: 6.02879e+02
      Equation: "PotentialEquation"	RelError: 6.29310e-14	AbsError: 1.18489e-15
    Region: "gate"	RelError: 3.79562e-16	AbsError: 7.84786e+03
      Equation: "ElectronContinuityEquation"	RelError: 7.84780e-17	AbsError: 7.84786e+03
      Equation: "HoleContinuityEquation"	RelError: 1.99782e-16	AbsError: 1.97959e-16
      Equation: "PotentialEquation"	RelError: 1.01301e-16	AbsError: 1.11034e-16
    Region: "oxide"	RelError: 1.29901e-16	AbsError: 1.10756e-16
      Equation: "PotentialEquation"	RelError: 1.29901e-16	AbsError: 1.10756e-16
Succeeded
IVPOINT	IDVD_VG1P0	5.00000000e-01	1.28000000e+00	1.32588732e+00
drain last end 1.280000e+00 2.000000e+00
number of equations 4346
Iteration: 0
  Device: "mos2d"	RelError: 1.81715e+00	AbsError: 4.06712e+16
    Region: "bulk"	RelError: 1.80841e+00	AbsError: 4.06712e+16
      Equation: "ElectronContinuityEquation"	RelError: 2.25286e-01	AbsError: 3.97879e+16
      Equation: "HoleContinuityEquation"	RelError: 7.61218e-01	AbsError: 8.83290e+14
      Equation: "PotentialEquation"	RelError: 8.21906e-01	AbsError: 2.00000e-02
    Region: "gate"	RelError: 6.24640e-04	AbsError: 3.11518e+16
      Equation: "ElectronContinuityEquation"	RelError: 3.08580e-04	AbsError: 3.11518e+16
      Equation: "HoleContinuityEquation"	RelError: 3.08771e-04	AbsError: 3.05859e-04
      Equation: "PotentialEquation"	RelError: 7.28870e-06	AbsError: 7.99074e-06
    Region: "oxide"	RelError: 8.11396e-03	AbsError: 1.20952e-02
      Equation: "PotentialEquation"	RelError: 8.11396e-03	AbsError: 1.20952e-02
Iteration: 1
  Device: "mos2d"	RelError: 1.51903e-01	AbsError: 2.74868e+14
    Region: "bulk"	RelError: 1.51898e-01	AbsError: 2.74868e+14
      Equation: "ElectronContinuityEquation"	RelError: 2.03853e-02	AbsError: 2.57346e+14
      Equation: "HoleContinuityEquation"	RelError: 1.28415e-01	AbsError: 1.75222e+13
      Equation: "PotentialEquation"	RelError: 3.09806e-03	AbsError: 5.38470e-05
    Region: "gate"	RelError: 4.68876e-07	AbsError: 1.85903e+13
      Equation: "ElectronContinuityEquation"	RelError: 1.84708e-07	AbsError: 1.85903e+13
      Equation: "HoleContinuityEquation"	RelError: 2.78696e-07	AbsError: 2.76905e-07
      Equation: "PotentialEquation"	RelError: 5.47131e-09	AbsError: 5.99787e-09
    Region: "oxide"	RelError: 4.25904e-06	AbsError: 5.94739e-06
      Equation: "PotentialEquation"	RelError: 4.25904e-06	AbsError: 5.94739e-06
Iteration: 2
  Device: "mos2d"	RelError: 8.74323e-04	AbsError: 1.80331e+10
    Region: "bulk"	RelError: 8.74323e-04	AbsError: 1.80331e+10
      Equation: "ElectronContinuityEquation"	RelError: 8.20642e-04	AbsError: 1.23604e+10
      Equation: "HoleContinuityEquation"	RelError: 5.31601e-05	AbsError: 5.67270e+09
      Equation: "PotentialEquation"	RelError: 5.20810e-07	AbsError: 1.26313e-08
    Region: "gate"	RelError: 9.11512e-12	AbsError: 4.56892e+08
      Equation: "ElectronContinuityEquation"	RelError: 4.52583e-12	AbsError: 4.56892e+08
      Equation: "HoleContinuityEquation"	RelError: 4.48273e-12	AbsError: 4.44046e-12
      Equation: "PotentialEquation"	RelError: 1.06555e-13	AbsError: 1.16819e-13
    Region: "oxide"	RelError: 1.22301e-10	AbsError: 1.82311e-10
      Equation: "PotentialEquation"	RelError: 1.22301e-10	AbsError: 1.82311e-10
Iteration: 3
  Device: "mos2d"	RelError: 6.74495e-10	AbsError: 7.92087e+03
    Region: "bulk"	RelError: 6.74495e-10	AbsError: 4.81470e+03
      Equation: "ElectronContinuityEquation"	RelError: 2.74647e-10	AbsError: 4.26099e+03
      Equation: "HoleContinuityEquation"	RelError: 3.99799e-10	AbsError: 5.53711e+02
      Equation: "PotentialEquation"	RelError: 4.93551e-14	AbsError: 1.20226e-15
    Region: "gate"	RelError: 3.81235e-16	AbsError: 7.92087e+03
      Equation: "ElectronContinuityEquation"	RelError: 7.92093e-17	AbsError: 7.92087e+03
      Equation: "HoleContinuityEquation"	RelError: 2.00711e-16	AbsError: 2.03672e-16
      Equation: "PotentialEquation"	RelError: 1.01314e-16	AbsError: 1.11048e-16
    Region: "oxide"	RelError: 1.38055e-16	AbsError: 1.63267e-16
      Equation: "PotentialEquation"	RelError: 1.38055e-16	AbsError: 1.63267e-16
Succeeded
IVPOINT	IDVD_VG1P0	5.00000000e-01	1.30000000e+00	1.33670446e+00
drain last end 1.300000e+00 2.000000e+00
number of equations 4346
Iteration: 0
  Device: "mos2d"	RelError: 4.67168e+00	AbsError: 4.07675e+16
    Region: "bulk"	RelError: 4.66301e+00	AbsError: 4.07675e+16
      Equation: "ElectronContinuityEquation"	RelError: 2.23769e-01	AbsError: 3.98816e+16
      Equation: "HoleContinuityEquation"	RelError: 7.57553e-01	AbsError: 8.85909e+14
      Equation: "PotentialEquation"	RelError: 3.68169e+00	AbsError: 2.00000e-02
    Region: "gate"	RelError: 6.23812e-04	AbsError: 3.11201e+16
      Equation: "ElectronContinuityEquation"	RelError: 3.08171e-04	AbsError: 3.11201e+16
      Equation: "HoleContinuityEquation"	RelError: 3.08361e-04	AbsError: 3.05359e-04
      Equation: "PotentialEquation"	RelError: 7.27898e-06	AbsError: 7.98015e-06
    Region: "oxide"	RelError: 8.04111e-03	AbsError: 1.20838e-02
      Equation: "PotentialEquation"	RelError: 8.04111e-03	AbsError: 1.20838e-02
Iteration: 1
  Device: "mos2d"	RelError: 1.59508e-01	AbsError: 2.47439e+14
    Region: "bulk"	RelError: 1.59504e-01	AbsError: 2.47439e+14
      Equation: "ElectronContinuityEquation"	RelError: 1.97137e-02	AbsError: 2.30366e+14
      Equation: "HoleContinuityEquation"	RelError: 1.25121e-01	AbsError: 1.70728e+13
      Equation: "PotentialEquation"	RelError: 1.46691e-02	AbsError: 5.31034e-05
    Region: "gate"	RelError: 4.39465e-07	AbsError: 1.71469e+13
      Equation: "ElectronContinuityEquation"	RelError: 1.70315e-07	AbsError: 1.71469e+13
      Equation: "HoleContinuityEquation"	RelError: 2.64022e-07	AbsError: 2.62245e-07
      Equation: "PotentialEquation"	RelError: 5.12806e-09	AbsError: 5.62164e-09
    Region: "oxide"	RelError: 3.88923e-06	AbsError: 5.42370e-06
      Equation: "PotentialEquation"	RelError: 3.88923e-06	AbsError: 5.42370e-06
Iteration: 2
  Device: "mos2d"	RelError: 9.09935e-04	AbsError: 1.53907e+10
    Region: "bulk"	RelError: 9.09935e-04	AbsError: 1.53907e+10
      Equation: "ElectronContinuityEquation"	RelError: 8.54797e-04	AbsError: 9.92310e+09
      Equation: "HoleContinuityEquation"	RelError: 5.27181e-05	AbsError: 5.46758e+09
      Equation: "PotentialEquation"	RelError: 2.42021e-06	AbsError: 1.21576e-08
    Region: "gate"	RelError: 7.30795e-12	AbsError: 3.66555e+08
      Equation: "ElectronContinuityEquation"	RelError: 3.62986e-12	AbsError: 3.66555e+08
      Equation: "HoleContinuityEquation"	RelError: 3.59273e-12	AbsError: 3.55775e-12
      Equation: "PotentialEquation"	RelError: 8.53588e-14	AbsError: 9.35813e-14
    Region: "oxide"	RelError: 9.74335e-11	AbsError: 1.46418e-10
      Equation: "PotentialEquation"	RelError: 9.74335e-11	AbsError: 1.46418e-10
Iteration: 3
  Device: "mos2d"	RelError: 3.62199e-09	AbsError: 8.19587e+03
    Region: "bulk"	RelError: 3.62199e-09	AbsError: 4.87324e+03
      Equation: "ElectronContinuityEquation"	RelError: 1.96769e-09	AbsError: 4.28775e+03
      Equation: "HoleContinuityEquation"	RelError: 1.65411e-09	AbsError: 5.85487e+02
      Equation: "PotentialEquation"	RelError: 1.90543e-13	AbsError: 1.04211e-15
    Region: "gate"	RelError: 2.92554e-16	AbsError: 8.19587e+03
      Equation: "ElectronContinuityEquation"	RelError: 8.26038e-17	AbsError: 8.19587e+03
      Equation: "HoleContinuityEquation"	RelError: 1.08597e-16	AbsError: 1.08598e-16
      Equation: "PotentialEquation"	RelError: 1.01352e-16	AbsError: 1.11090e-16
    Region: "oxide"	RelError: 1.21122e-16	AbsError: 1.25982e-16
      Equation: "PotentialEquation"	RelError: 1.21122e-16	AbsError: 1.25982e-16
Succeeded
IVPOINT	IDVD_VG1P0	5.00000000e-01	1.32000000e+00	1.34752302e+00
drain last end 1.320000e+00 2.000000e+00
number of equations 4346
Iteration: 0
  Device: "mos2d"	RelError: 2.34975e+00	AbsError: 4.08516e+16
    Region: "bulk"	RelError: 2.34116e+00	AbsError: 4.08516e+16
      Equation: "ElectronContinuityEquation"	RelError: 2.22213e-01	AbsError: 3.99652e+16
      Equation: "HoleContinuityEquation"	RelError: 7.57285e-01	AbsError: 8.86380e+14
      Equation: "PotentialEquation"	RelError: 1.36166e+00	AbsError: 2.00000e-02
    Region: "gate"	RelError: 6.23041e-04	AbsError: 3.10912e+16
      Equation: "ElectronContinuityEquation"	RelError: 3.07791e-04	AbsError: 3.10912e+16
      Equation: "HoleContinuityEquation"	RelError: 3.07980e-04	AbsError: 3.04888e-04
      Equation: "PotentialEquation"	RelError: 7.26993e-06	AbsError: 7.97029e-06
    Region: "oxide"	RelError: 7.97016e-03	AbsError: 1.20733e-02
      Equation: "PotentialEquation"	RelError: 7.97016e-03	AbsError: 1.20733e-02
Iteration: 1
  Device: "mos2d"	RelError: 1.49200e-01	AbsError: 2.22301e+14
    Region: "bulk"	RelError: 1.49196e-01	AbsError: 2.22301e+14
      Equation: "ElectronContinuityEquation"	RelError: 1.91975e-02	AbsError: 2.05828e+14
      Equation: "HoleContinuityEquation"	RelError: 1.24753e-01	AbsError: 1.64732e+13
      Equation: "PotentialEquation"	RelError: 5.24497e-03	AbsError: 5.20863e-05
    Region: "gate"	RelError: 4.12519e-07	AbsError: 1.58244e+13
      Equation: "ElectronContinuityEquation"	RelError: 1.57131e-07	AbsError: 1.58244e+13
      Equation: "HoleContinuityEquation"	RelError: 2.50575e-07	AbsError: 2.48812e-07
      Equation: "PotentialEquation"	RelError: 4.81359e-09	AbsError: 5.27693e-09
    Region: "oxide"	RelError: 3.57114e-06	AbsError: 4.94613e-06
      Equation: "PotentialEquation"	RelError: 3.57114e-06	AbsError: 4.94613e-06
Iteration: 2
  Device: "mos2d"	RelError: 9.00055e-04	AbsError: 1.30801e+10
    Region: "bulk"	RelError: 9.00055e-04	AbsError: 1.30801e+10
      Equation: "ElectronContinuityEquation"	RelError: 8.47010e-04	AbsError: 7.93095e+09
      Equation: "HoleContinuityEquation"	RelError: 5.22039e-05	AbsError: 5.14915e+09
      Equation: "PotentialEquation"	RelError: 8.40666e-07	AbsError: 1.14904e-08
    Region: "gate"	RelError: 5.81996e-12	AbsError: 2.92156e+08
      Equation: "ElectronContinuityEquation"	RelError: 2.89222e-12	AbsError: 2.92156e+08
      Equation: "HoleContinuityEquation"	RelError: 2.85975e-12	AbsError: 2.83104e-12
      Equation: "PotentialEquation"	RelError: 6.79919e-14	AbsError: 7.45419e-14
    Region: "oxide"	RelError: 7.71505e-11	AbsError: 1.16869e-10
      Equation: "PotentialEquation"	RelError: 7.71505e-11	AbsError: 1.16869e-10
Iteration: 3
  Device: "mos2d"	RelError: 2.12058e-09	AbsError: 7.97131e+03
    Region: "bulk"	RelError: 2.12058e-09	AbsError: 6.00829e+03
      Equation: "ElectronContinuityEquation"	RelError: 1.19057e-09	AbsError: 5.52302e+03
      Equation: "HoleContinuityEquation"	RelError: 9.29981e-10	AbsError: 4.85264e+02
      Equation: "PotentialEquation"	RelError: 3.51454e-14	AbsError: 9.03322e-16
    Region: "gate"	RelError: 4.00097e-16	AbsError: 7.97131e+03
      Equation: "ElectronContinuityEquation"	RelError: 7.97131e-17	AbsError: 7.97131e+03
      Equation: "HoleContinuityEquation"	RelError: 2.19031e-16	AbsError: 2.22253e-16
      Equation: "PotentialEquation"	RelError: 1.01353e-16	AbsError: 1.11090e-16
    Region: "oxide"	RelError: 1.09420e-16	AbsError: 1.34759e-16
      Equation: "PotentialEquation"	RelError: 1.09420e-16	AbsError: 1.34759e-16
Succeeded
IVPOINT	IDVD_VG1P0	5.00000000e-01	1.34000000e+00	1.35834436e+00
drain last end 1.340000e+00 2.000000e+00
number of equations 4346
Iteration: 0
  Device: "mos2d"	RelError: 1.56015e+00	AbsError: 4.09241e+16
    Region: "bulk"	RelError: 1.55162e+00	AbsError: 4.09241e+16
      Equation: "ElectronContinuityEquation"	RelError: 2.20607e-01	AbsError: 4.00396e+16
      Equation: "HoleContinuityEquation"	RelError: 7.53850e-01	AbsError: 8.84540e+14
      Equation: "PotentialEquation"	RelError: 5.77167e-01	AbsError: 2.00000e-02
    Region: "gate"	RelError: 6.22322e-04	AbsError: 3.10649e+16
      Equation: "ElectronContinuityEquation"	RelError: 3.07436e-04	AbsError: 3.10649e+16
      Equation: "HoleContinuityEquation"	RelError: 3.07625e-04	AbsError: 3.04442e-04
      Equation: "PotentialEquation"	RelError: 7.26149e-06	AbsError: 7.96109e-06
    Region: "oxide"	RelError: 7.90102e-03	AbsError: 1.20639e-02
      Equation: "PotentialEquation"	RelError: 7.90102e-03	AbsError: 1.20639e-02
Iteration: 1
  Device: "mos2d"	RelError: 1.45831e-01	AbsError: 1.99355e+14
    Region: "bulk"	RelError: 1.45828e-01	AbsError: 1.99355e+14
      Equation: "ElectronContinuityEquation"	RelError: 1.89853e-02	AbsError: 1.83614e+14
      Equation: "HoleContinuityEquation"	RelError: 1.24649e-01	AbsError: 1.57411e+13
      Equation: "PotentialEquation"	RelError: 2.19344e-03	AbsError: 5.08327e-05
    Region: "gate"	RelError: 3.87883e-07	AbsError: 1.46152e+13
      Equation: "ElectronContinuityEquation"	RelError: 1.45080e-07	AbsError: 1.46152e+13
      Equation: "HoleContinuityEquation"	RelError: 2.38277e-07	AbsError: 2.36529e-07
      Equation: "PotentialEquation"	RelError: 4.52607e-09	AbsError: 4.96177e-09
    Region: "oxide"	RelError: 3.32091e-06	AbsError: 4.51120e-06
      Equation: "PotentialEquation"	RelError: 3.32091e-06	AbsError: 4.51120e-06
Iteration: 2
  Device: "mos2d"	RelError: 8.47420e-04	AbsError: 1.10540e+10
    Region: "bulk"	RelError: 8.47420e-04	AbsError: 1.10540e+10
      Equation: "ElectronContinuityEquation"	RelError: 7.95467e-04	AbsError: 6.31525e+09
      Equation: "HoleContinuityEquation"	RelError: 5.16142e-05	AbsError: 4.73871e+09
      Equation: "PotentialEquation"	RelError: 3.38689e-07	AbsError: 1.06763e-08
    Region: "gate"	RelError: 4.60468e-12	AbsError: 2.31344e+08
      Equation: "ElectronContinuityEquation"	RelError: 2.28951e-12	AbsError: 2.31344e+08
      Equation: "HoleContinuityEquation"	RelError: 2.26137e-12	AbsError: 2.23798e-12
      Equation: "PotentialEquation"	RelError: 5.37998e-14	AbsError: 5.89831e-14
    Region: "oxide"	RelError: 6.07361e-11	AbsError: 9.27362e-11
      Equation: "PotentialEquation"	RelError: 6.07361e-11	AbsError: 9.27362e-11
Iteration: 3
  Device: "mos2d"	RelError: 1.64328e-09	AbsError: 7.99534e+03
    Region: "bulk"	RelError: 1.64328e-09	AbsError: 6.64326e+03
      Equation: "ElectronContinuityEquation"	RelError: 9.29560e-10	AbsError: 6.24151e+03
      Equation: "HoleContinuityEquation"	RelError: 7.13696e-10	AbsError: 4.01745e+02
      Equation: "PotentialEquation"	RelError: 2.66797e-14	AbsError: 9.52628e-16
    Region: "gate"	RelError: 4.08422e-16	AbsError: 7.99534e+03
      Equation: "ElectronContinuityEquation"	RelError: 7.99535e-17	AbsError: 7.99534e+03
      Equation: "HoleContinuityEquation"	RelError: 2.27123e-16	AbsError: 2.25457e-16
      Equation: "PotentialEquation"	RelError: 1.01345e-16	AbsError: 1.11082e-16
    Region: "oxide"	RelError: 1.37100e-16	AbsError: 1.35295e-16
      Equation: "PotentialEquation"	RelError: 1.37100e-16	AbsError: 1.35295e-16
Succeeded
IVPOINT	IDVD_VG1P0	5.00000000e-01	1.36000000e+00	1.36916976e+00
drain last end 1.360000e+00 2.000000e+00
number of equations 4346
Iteration: 0
  Device: "mos2d"	RelError: 1.34029e+00	AbsError: 4.09858e+16
    Region: "bulk"	RelError: 1.33183e+00	AbsError: 4.09858e+16
      Equation: "ElectronContinuityEquation"	RelError: 2.18936e-01	AbsError: 4.01056e+16
      Equation: "HoleContinuityEquation"	RelError: 7.45694e-01	AbsError: 8.80250e+14
      Equation: "PotentialEquation"	RelError: 3.67201e-01	AbsError: 2.00000e-02
    Region: "gate"	RelError: 6.21650e-04	AbsError: 3.10409e+16
      Equation: "ElectronContinuityEquation"	RelError: 3.07104e-04	AbsError: 3.10409e+16
      Equation: "HoleContinuityEquation"	RelError: 3.07293e-04	AbsError: 3.04020e-04
      Equation: "PotentialEquation"	RelError: 7.25360e-06	AbsError: 7.95250e-06
    Region: "oxide"	RelError: 7.83357e-03	AbsError: 1.20553e-02
      Equation: "PotentialEquation"	RelError: 7.83357e-03	AbsError: 1.20553e-02
Iteration: 1
  Device: "mos2d"	RelError: 1.43988e-01	AbsError: 1.78484e+14
    Region: "bulk"	RelError: 1.43985e-01	AbsError: 1.78484e+14
      Equation: "ElectronContinuityEquation"	RelError: 1.87700e-02	AbsError: 1.63585e+14
      Equation: "HoleContinuityEquation"	RelError: 1.23844e-01	AbsError: 1.48987e+13
      Equation: "PotentialEquation"	RelError: 1.37078e-03	AbsError: 4.93870e-05
    Region: "gate"	RelError: 3.65396e-07	AbsError: 1.35115e+13
      Equation: "ElectronContinuityEquation"	RelError: 1.34083e-07	AbsError: 1.35115e+13
      Equation: "HoleContinuityEquation"	RelError: 2.27049e-07	AbsError: 2.25315e-07
      Equation: "PotentialEquation"	RelError: 4.26363e-09	AbsError: 4.67411e-09
    Region: "oxide"	RelError: 3.09470e-06	AbsError: 4.11640e-06
      Equation: "PotentialEquation"	RelError: 3.09470e-06	AbsError: 4.11640e-06
Iteration: 2
  Device: "mos2d"	RelError: 8.86080e-04	AbsError: 9.27624e+09
    Region: "bulk"	RelError: 8.86080e-04	AbsError: 9.27624e+09
      Equation: "ElectronContinuityEquation"	RelError: 8.34934e-04	AbsError: 5.01364e+09
      Equation: "HoleContinuityEquation"	RelError: 5.09431e-05	AbsError: 4.26260e+09
      Equation: "PotentialEquation"	RelError: 2.02730e-07	AbsError: 9.76997e-09
    Region: "gate"	RelError: 3.61822e-12	AbsError: 1.81963e+08
      Equation: "ElectronContinuityEquation"	RelError: 1.80026e-12	AbsError: 1.81963e+08
      Equation: "HoleContinuityEquation"	RelError: 1.77561e-12	AbsError: 1.75670e-12
      Equation: "PotentialEquation"	RelError: 4.23554e-14	AbsError: 4.64364e-14
    Region: "oxide"	RelError: 4.75380e-11	AbsError: 7.31573e-11
      Equation: "PotentialEquation"	RelError: 4.75380e-11	AbsError: 7.31573e-11
Iteration: 3
  Device: "mos2d"	RelError: 6.67167e-09	AbsError: 8.10077e+03
    Region: "bulk"	RelError: 6.67167e-09	AbsError: 5.03306e+03
      Equation: "ElectronContinuityEquation"	RelError: 3.59639e-09	AbsError: 4.58884e+03
      Equation: "HoleContinuityEquation"	RelError: 3.07527e-09	AbsError: 4.44221e+02
      Equation: "PotentialEquation"	RelError: 1.18016e-14	AbsError: 8.61774e-16
    Region: "gate"	RelError: 4.13773e-16	AbsError: 8.10077e+03
      Equation: "ElectronContinuityEquation"	RelError: 8.10083e-17	AbsError: 8.10077e+03
      Equation: "HoleContinuityEquation"	RelError: 2.31428e-16	AbsError: 2.37849e-16
      Equation: "PotentialEquation"	RelError: 1.01337e-16	AbsError: 1.11073e-16
    Region: "oxide"	RelError: 1.33143e-16	AbsError: 1.16417e-16
      Equation: "PotentialEquation"	RelError: 1.33143e-16	AbsError: 1.16417e-16
Succeeded
IVPOINT	IDVD_VG1P0	5.00000000e-01	1.38000000e+00	1.38000046e+00
drain last end 1.380000e+00 2.000000e+00
number of equations 4346
Iteration: 0
  Device: "mos2d"	RelError: 1.33418e+00	AbsError: 4.10374e+16
    Region: "bulk"	RelError: 1.32579e+00	AbsError: 4.10374e+16
      Equation: "ElectronContinuityEquation"	RelError: 2.17186e-01	AbsError: 4.01640e+16
      Equation: "HoleContinuityEquation"	RelError: 7.30683e-01	AbsError: 8.73404e+14
      Equation: "PotentialEquation"	RelError: 3.77925e-01	AbsError: 2.00000e-02
    Region: "gate"	RelError: 6.21021e-04	AbsError: 3.10191e+16
      Equation: "ElectronContinuityEquation"	RelError: 3.06793e-04	AbsError: 3.10191e+16
      Equation: "HoleContinuityEquation"	RelError: 3.06982e-04	AbsError: 3.03620e-04
      Equation: "PotentialEquation"	RelError: 7.24622e-06	AbsError: 7.94446e-06
    Region: "oxide"	RelError: 7.76772e-03	AbsError: 1.20475e-02
      Equation: "PotentialEquation"	RelError: 7.76772e-03	AbsError: 1.20475e-02
Iteration: 1
  Device: "mos2d"	RelError: 1.41950e-01	AbsError: 1.59561e+14
    Region: "bulk"	RelError: 1.41947e-01	AbsError: 1.59561e+14
      Equation: "ElectronContinuityEquation"	RelError: 1.85504e-02	AbsError: 1.45590e+14
      Equation: "HoleContinuityEquation"	RelError: 1.22011e-01	AbsError: 1.39708e+13
      Equation: "PotentialEquation"	RelError: 1.38545e-03	AbsError: 4.80679e-05
    Region: "gate"	RelError: 3.44898e-07	AbsError: 1.25056e+13
      Equation: "ElectronContinuityEquation"	RelError: 1.24063e-07	AbsError: 1.25056e+13
      Equation: "HoleContinuityEquation"	RelError: 2.16811e-07	AbsError: 2.15089e-07
      Equation: "PotentialEquation"	RelError: 4.02441e-09	AbsError: 4.41188e-09
    Region: "oxide"	RelError: 2.90342e-06	AbsError: 3.76954e-06
      Equation: "PotentialEquation"	RelError: 2.90342e-06	AbsError: 3.76954e-06
Iteration: 2
  Device: "mos2d"	RelError: 9.14906e-04	AbsError: 7.72017e+09
    Region: "bulk"	RelError: 9.14906e-04	AbsError: 7.72017e+09
      Equation: "ElectronContinuityEquation"	RelError: 8.64545e-04	AbsError: 3.97104e+09
      Equation: "HoleContinuityEquation"	RelError: 5.01829e-05	AbsError: 3.74913e+09
      Equation: "PotentialEquation"	RelError: 1.77896e-07	AbsError: 8.82821e-09
    Region: "gate"	RelError: 2.82152e-12	AbsError: 1.42069e+08
      Equation: "ElectronContinuityEquation"	RelError: 1.40513e-12	AbsError: 1.42069e+08
      Equation: "HoleContinuityEquation"	RelError: 1.38337e-12	AbsError: 1.36822e-12
      Equation: "PotentialEquation"	RelError: 3.30190e-14	AbsError: 3.62007e-14
    Region: "oxide"	RelError: 3.69809e-11	AbsError: 5.73562e-11
      Equation: "PotentialEquation"	RelError: 3.69809e-11	AbsError: 5.73562e-11
Iteration: 3
  Device: "mos2d"	RelError: 1.24159e-09	AbsError: 7.93734e+03
    Region: "bulk"	RelError: 1.24159e-09	AbsError: 6.85627e+03
      Equation: "ElectronContinuityEquation"	RelError: 7.14191e-10	AbsError: 6.40864e+03
      Equation: "HoleContinuityEquation"	RelError: 5.27386e-10	AbsError: 4.47624e+02
      Equation: "PotentialEquation"	RelError: 1.19950e-14	AbsError: 1.14095e-15
    Region: "gate"	RelError: 4.83064e-16	AbsError: 7.93734e+03
      Equation: "ElectronContinuityEquation"	RelError: 7.93734e-17	AbsError: 7.93734e+03
      Equation: "HoleContinuityEquation"	RelError: 3.02372e-16	AbsError: 3.04102e-16
      Equation: "PotentialEquation"	RelError: 1.01318e-16	AbsError: 1.11052e-16
    Region: "oxide"	RelError: 1.29955e-16	AbsError: 1.54642e-16
      Equation: "PotentialEquation"	RelError: 1.29955e-16	AbsError: 1.54642e-16
Succeeded
IVPOINT	IDVD_VG1P0	5.00000000e-01	1.40000000e+00	1.39083761e+00
drain last end 1.400000e+00 2.000000e+00
number of equations 4346
Iteration: 0
  Device: "mos2d"	RelError: 1.54826e+00	AbsError: 4.10794e+16
    Region: "bulk"	RelError: 1.53994e+00	AbsError: 4.10794e+16
      Equation: "ElectronContinuityEquation"	RelError: 2.15339e-01	AbsError: 4.02155e+16
      Equation: "HoleContinuityEquation"	RelError: 7.08554e-01	AbsError: 8.63927e+14
      Equation: "PotentialEquation"	RelError: 6.16043e-01	AbsError: 2.00000e-02
    Region: "gate"	RelError: 6.20432e-04	AbsError: 3.09991e+16
      Equation: "ElectronContinuityEquation"	RelError: 3.06502e-04	AbsError: 3.09991e+16
      Equation: "HoleContinuityEquation"	RelError: 3.06690e-04	AbsError: 3.03238e-04
      Equation: "PotentialEquation"	RelError: 7.23928e-06	AbsError: 7.93692e-06
    Region: "oxide"	RelError: 7.70338e-03	AbsError: 1.20404e-02
      Equation: "PotentialEquation"	RelError: 7.70338e-03	AbsError: 1.20404e-02
Iteration: 1
  Device: "mos2d"	RelError: 1.39223e-01	AbsError: 1.43093e+14
    Region: "bulk"	RelError: 1.39220e-01	AbsError: 1.43093e+14
      Equation: "ElectronContinuityEquation"	RelError: 1.83247e-02	AbsError: 1.30109e+14
      Equation: "HoleContinuityEquation"	RelError: 1.18721e-01	AbsError: 1.29837e+13
      Equation: "PotentialEquation"	RelError: 2.17411e-03	AbsError: 4.77098e-05
    Region: "gate"	RelError: 3.26230e-07	AbsError: 1.15896e+13
      Equation: "ElectronContinuityEquation"	RelError: 1.14941e-07	AbsError: 1.15896e+13
      Equation: "HoleContinuityEquation"	RelError: 2.07483e-07	AbsError: 2.05773e-07
      Equation: "PotentialEquation"	RelError: 3.80655e-09	AbsError: 4.17308e-09
    Region: "oxide"	RelError: 2.74422e-06	AbsError: 3.47235e-06
      Equation: "PotentialEquation"	RelError: 2.74422e-06	AbsError: 3.47235e-06
Iteration: 2
  Device: "mos2d"	RelError: 9.01115e-04	AbsError: 6.36547e+09
    Region: "bulk"	RelError: 9.01115e-04	AbsError: 6.36547e+09
      Equation: "ElectronContinuityEquation"	RelError: 8.51528e-04	AbsError: 3.13994e+09
      Equation: "HoleContinuityEquation"	RelError: 4.93243e-05	AbsError: 3.22554e+09
      Equation: "PotentialEquation"	RelError: 2.63234e-07	AbsError: 7.90451e-09
    Region: "gate"	RelError: 2.18006e-12	AbsError: 1.09924e+08
      Equation: "ElectronContinuityEquation"	RelError: 1.08687e-12	AbsError: 1.09924e+08
      Equation: "HoleContinuityEquation"	RelError: 1.06770e-12	AbsError: 1.05568e-12
      Equation: "PotentialEquation"	RelError: 2.54889e-14	AbsError: 2.79453e-14
    Region: "oxide"	RelError: 2.85688e-11	AbsError: 4.46531e-11
      Equation: "PotentialEquation"	RelError: 2.85688e-11	AbsError: 4.46531e-11
Iteration: 3
  Device: "mos2d"	RelError: 5.16318e-09	AbsError: 8.08099e+03
    Region: "bulk"	RelError: 5.16318e-09	AbsError: 4.84000e+03
      Equation: "ElectronContinuityEquation"	RelError: 2.77239e-09	AbsError: 4.39434e+03
      Equation: "HoleContinuityEquation"	RelError: 2.39079e-09	AbsError: 4.45667e+02
      Equation: "PotentialEquation"	RelError: 1.05886e-14	AbsError: 6.09851e-16
    Region: "gate"	RelError: 3.91812e-16	AbsError: 8.08099e+03
      Equation: "ElectronContinuityEquation"	RelError: 8.12632e-17	AbsError: 8.08099e+03
      Equation: "HoleContinuityEquation"	RelError: 2.09156e-16	AbsError: 2.11990e-16
      Equation: "PotentialEquation"	RelError: 1.01392e-16	AbsError: 1.11133e-16
    Region: "oxide"	RelError: 1.43317e-16	AbsError: 1.56513e-16
      Equation: "PotentialEquation"	RelError: 1.43317e-16	AbsError: 1.56513e-16
Succeeded
IVPOINT	IDVD_VG1P0	5.00000000e-01	1.42000000e+00	1.40168232e+00
drain last end 1.420000e+00 2.000000e+00
number of equations 4346
Iteration: 0
  Device: "mos2d"	RelError: 2.55570e+00	AbsError: 4.11125e+16
    Region: "bulk"	RelError: 2.54744e+00	AbsError: 4.11125e+16
      Equation: "ElectronContinuityEquation"	RelError: 2.13375e-01	AbsError: 4.02607e+16
      Equation: "HoleContinuityEquation"	RelError: 6.90616e-01	AbsError: 8.51780e+14
      Equation: "PotentialEquation"	RelError: 1.64345e+00	AbsError: 2.00000e-02
    Region: "gate"	RelError: 6.19877e-04	AbsError: 3.09809e+16
      Equation: "ElectronContinuityEquation"	RelError: 3.06228e-04	AbsError: 3.09809e+16
      Equation: "HoleContinuityEquation"	RelError: 3.06416e-04	AbsError: 3.02874e-04
      Equation: "PotentialEquation"	RelError: 7.23276e-06	AbsError: 7.92982e-06
    Region: "oxide"	RelError: 7.64046e-03	AbsError: 1.20340e-02
      Equation: "PotentialEquation"	RelError: 7.64046e-03	AbsError: 1.20340e-02
Iteration: 1
  Device: "mos2d"	RelError: 1.37748e-01	AbsError: 1.39054e+14
    Region: "bulk"	RelError: 1.37745e-01	AbsError: 1.39054e+14
      Equation: "ElectronContinuityEquation"	RelError: 1.80913e-02	AbsError: 1.27091e+14
      Equation: "HoleContinuityEquation"	RelError: 1.14056e-01	AbsError: 1.19632e+13
      Equation: "PotentialEquation"	RelError: 5.59812e-03	AbsError: 4.72790e-05
    Region: "gate"	RelError: 3.09240e-07	AbsError: 1.07561e+13
      Equation: "ElectronContinuityEquation"	RelError: 1.06642e-07	AbsError: 1.07561e+13
      Equation: "HoleContinuityEquation"	RelError: 1.98990e-07	AbsError: 1.97290e-07
      Equation: "PotentialEquation"	RelError: 3.60827e-09	AbsError: 3.95573e-09
    Region: "oxide"	RelError: 2.59561e-06	AbsError: 3.20260e-06
      Equation: "PotentialEquation"	RelError: 2.59561e-06	AbsError: 3.20260e-06
Iteration: 2
  Device: "mos2d"	RelError: 8.44161e-04	AbsError: 5.19565e+09
    Region: "bulk"	RelError: 8.44161e-04	AbsError: 5.19565e+09
      Equation: "ElectronContinuityEquation"	RelError: 7.95162e-04	AbsError: 2.48008e+09
      Equation: "HoleContinuityEquation"	RelError: 4.83566e-05	AbsError: 2.71557e+09
      Equation: "PotentialEquation"	RelError: 6.42488e-07	AbsError: 7.04424e-09
    Region: "gate"	RelError: 1.66480e-12	AbsError: 8.40964e+07
      Equation: "ElectronContinuityEquation"	RelError: 8.31244e-13	AbsError: 8.40964e+07
      Equation: "HoleContinuityEquation"	RelError: 8.14149e-13	AbsError: 8.04739e-13
      Equation: "PotentialEquation"	RelError: 1.94050e-14	AbsError: 2.12752e-14
    Region: "oxide"	RelError: 2.18832e-11	AbsError: 3.44668e-11
      Equation: "PotentialEquation"	RelError: 2.18832e-11	AbsError: 3.44668e-11
Iteration: 3
  Device: "mos2d"	RelError: 2.67303e-09	AbsError: 7.96747e+03
    Region: "bulk"	RelError: 2.67303e-09	AbsError: 4.49299e+03
      Equation: "ElectronContinuityEquation"	RelError: 1.56259e-09	AbsError: 4.09678e+03
      Equation: "HoleContinuityEquation"	RelError: 1.11041e-09	AbsError: 3.96210e+02
      Equation: "PotentialEquation"	RelError: 2.68783e-14	AbsError: 7.75241e-16
    Region: "gate"	RelError: 3.55804e-16	AbsError: 7.96747e+03
      Equation: "ElectronContinuityEquation"	RelError: 7.96746e-17	AbsError: 7.96747e+03
      Equation: "HoleContinuityEquation"	RelError: 1.74836e-16	AbsError: 1.74837e-16
      Equation: "PotentialEquation"	RelError: 1.01294e-16	AbsError: 1.11026e-16
    Region: "oxide"	RelError: 1.37512e-16	AbsError: 1.42927e-16
      Equation: "PotentialEquation"	RelError: 1.37512e-16	AbsError: 1.42927e-16
Succeeded
IVPOINT	IDVD_VG1P0	5.00000000e-01	1.44000000e+00	1.41253563e+00
drain last end 1.440000e+00 2.000000e+00
number of equations 4346
Iteration: 0
  Device: "mos2d"	RelError: 3.42014e+00	AbsError: 4.11373e+16
    Region: "bulk"	RelError: 3.41194e+00	AbsError: 4.11373e+16
      Equation: "ElectronContinuityEquation"	RelError: 2.11274e-01	AbsError: 4.03004e+16
      Equation: "HoleContinuityEquation"	RelError: 6.94161e-01	AbsError: 8.36960e+14
      Equation: "PotentialEquation"	RelError: 2.50651e+00	AbsError: 2.00000e-02
    Region: "gate"	RelError: 6.19355e-04	AbsError: 3.09643e+16
      Equation: "ElectronContinuityEquation"	RelError: 3.05970e-04	AbsError: 3.09643e+16
      Equation: "HoleContinuityEquation"	RelError: 3.06158e-04	AbsError: 3.02526e-04
      Equation: "PotentialEquation"	RelError: 7.22661e-06	AbsError: 7.92314e-06
    Region: "oxide"	RelError: 7.57889e-03	AbsError: 1.20282e-02
      Equation: "PotentialEquation"	RelError: 7.57889e-03	AbsError: 1.20282e-02
Iteration: 1
  Device: "mos2d"	RelError: 1.36292e-01	AbsError: 1.36983e+14
    Region: "bulk"	RelError: 1.36289e-01	AbsError: 1.36983e+14
      Equation: "ElectronContinuityEquation"	RelError: 1.78484e-02	AbsError: 1.24231e+14
      Equation: "HoleContinuityEquation"	RelError: 1.10336e-01	AbsError: 1.27513e+13
      Equation: "PotentialEquation"	RelError: 8.10448e-03	AbsError: 4.67953e-05
    Region: "gate"	RelError: 2.93782e-07	AbsError: 9.99794e+12
      Equation: "ElectronContinuityEquation"	RelError: 9.90951e-08	AbsError: 9.99794e+12
      Equation: "HoleContinuityEquation"	RelError: 1.91259e-07	AbsError: 1.89567e-07
      Equation: "PotentialEquation"	RelError: 3.42787e-09	AbsError: 3.75799e-09
    Region: "oxide"	RelError: 2.45674e-06	AbsError: 2.95791e-06
      Equation: "PotentialEquation"	RelError: 2.45674e-06	AbsError: 2.95791e-06
Iteration: 2
  Device: "mos2d"	RelError: 7.89671e-04	AbsError: 4.19580e+09
    Region: "bulk"	RelError: 7.89671e-04	AbsError: 4.19580e+09
      Equation: "ElectronContinuityEquation"	RelError: 7.41512e-04	AbsError: 1.95787e+09
      Equation: "HoleContinuityEquation"	RelError: 4.72689e-05	AbsError: 2.23793e+09
      Equation: "PotentialEquation"	RelError: 8.89709e-07	AbsError: 6.28172e-09
    Region: "gate"	RelError: 1.25111e-12	AbsError: 6.33323e+07
      Equation: "ElectronContinuityEquation"	RelError: 6.25811e-13	AbsError: 6.33323e+07
      Equation: "HoleContinuityEquation"	RelError: 6.10690e-13	AbsError: 6.03447e-13
      Equation: "PotentialEquation"	RelError: 1.46052e-14	AbsError: 1.60129e-14
    Region: "oxide"	RelError: 1.65766e-11	AbsError: 2.63081e-11
      Equation: "PotentialEquation"	RelError: 1.65766e-11	AbsError: 2.63081e-11
Iteration: 3
  Device: "mos2d"	RelError: 4.57050e-09	AbsError: 8.22422e+03
    Region: "bulk"	RelError: 4.57050e-09	AbsError: 5.36576e+03
      Equation: "ElectronContinuityEquation"	RelError: 2.44899e-09	AbsError: 5.08251e+03
      Equation: "HoleContinuityEquation"	RelError: 2.12144e-09	AbsError: 2.83242e+02
      Equation: "PotentialEquation"	RelError: 7.30898e-14	AbsError: 8.24215e-16
    Region: "gate"	RelError: 3.64204e-16	AbsError: 8.22422e+03
      Equation: "ElectronContinuityEquation"	RelError: 8.23454e-17	AbsError: 8.22422e+03
      Equation: "HoleContinuityEquation"	RelError: 1.80564e-16	AbsError: 1.83198e-16
      Equation: "PotentialEquation"	RelError: 1.01294e-16	AbsError: 1.11026e-16
    Region: "oxide"	RelError: 1.37162e-16	AbsError: 1.58102e-16
      Equation: "PotentialEquation"	RelError: 1.37162e-16	AbsError: 1.58102e-16
Succeeded
IVPOINT	IDVD_VG1P0	5.00000000e-01	1.46000000e+00	1.42339857e+00
drain last end 1.460000e+00 2.000000e+00
number of equations 4346
Iteration: 0
  Device: "mos2d"	RelError: 1.62863e+00	AbsError: 4.11545e+16
    Region: "bulk"	RelError: 1.62049e+00	AbsError: 4.11545e+16
      Equation: "ElectronContinuityEquation"	RelError: 2.09011e-01	AbsError: 4.03350e+16
      Equation: "HoleContinuityEquation"	RelError: 6.97005e-01	AbsError: 8.19500e+14
      Equation: "PotentialEquation"	RelError: 7.14475e-01	AbsError: 2.00000e-02
    Region: "gate"	RelError: 6.18861e-04	AbsError: 3.09491e+16
      Equation: "ElectronContinuityEquation"	RelError: 3.05726e-04	AbsError: 3.09491e+16
      Equation: "HoleContinuityEquation"	RelError: 3.05913e-04	AbsError: 3.02193e-04
      Equation: "PotentialEquation"	RelError: 7.22080e-06	AbsError: 7.91682e-06
    Region: "oxide"	RelError: 7.51860e-03	AbsError: 1.20229e-02
      Equation: "PotentialEquation"	RelError: 7.51860e-03	AbsError: 1.20229e-02
Iteration: 1
  Device: "mos2d"	RelError: 1.30929e-01	AbsError: 1.35029e+14
    Region: "bulk"	RelError: 1.30927e-01	AbsError: 1.35029e+14
      Equation: "ElectronContinuityEquation"	RelError: 1.75945e-02	AbsError: 1.21519e+14
      Equation: "HoleContinuityEquation"	RelError: 1.11094e-01	AbsError: 1.35102e+13
      Equation: "PotentialEquation"	RelError: 2.23826e-03	AbsError: 4.62756e-05
    Region: "gate"	RelError: 2.79718e-07	AbsError: 9.30839e+12
      Equation: "ElectronContinuityEquation"	RelError: 9.22327e-08	AbsError: 9.30839e+12
      Equation: "HoleContinuityEquation"	RelError: 1.84222e-07	AbsError: 1.82537e-07
      Equation: "PotentialEquation"	RelError: 3.26374e-09	AbsError: 3.57807e-09
    Region: "oxide"	RelError: 2.32684e-06	AbsError: 2.75746e-06
      Equation: "PotentialEquation"	RelError: 2.32684e-06	AbsError: 2.75746e-06
Iteration: 2
  Device: "mos2d"	RelError: 8.46561e-04	AbsError: 3.95668e+09
    Region: "bulk"	RelError: 8.46561e-04	AbsError: 3.95668e+09
      Equation: "ElectronContinuityEquation"	RelError: 8.00273e-04	AbsError: 1.54566e+09
      Equation: "HoleContinuityEquation"	RelError: 4.60504e-05	AbsError: 2.41102e+09
      Equation: "PotentialEquation"	RelError: 2.37943e-07	AbsError: 5.79841e-09
    Region: "gate"	RelError: 9.18406e-13	AbsError: 4.66284e+07
      Equation: "ElectronContinuityEquation"	RelError: 4.60613e-13	AbsError: 4.66284e+07
      Equation: "HoleContinuityEquation"	RelError: 4.46950e-13	AbsError: 4.41514e-13
      Equation: "PotentialEquation"	RelError: 1.08432e-14	AbsError: 1.18884e-14
    Region: "oxide"	RelError: 1.59943e-11	AbsError: 1.97725e-11
      Equation: "PotentialEquation"	RelError: 1.59943e-11	AbsError: 1.97725e-11
Iteration: 3
  Device: "mos2d"	RelError: 2.68973e-09	AbsError: 8.07952e+03
    Region: "bulk"	RelError: 2.68973e-09	AbsError: 7.78870e+03
      Equation: "ElectronContinuityEquation"	RelError: 1.49876e-09	AbsError: 7.34215e+03
      Equation: "HoleContinuityEquation"	RelError: 1.19096e-09	AbsError: 4.46552e+02
      Equation: "PotentialEquation"	RelError: 1.76407e-14	AbsError: 1.27642e-15
    Region: "gate"	RelError: 3.52247e-16	AbsError: 8.07952e+03
      Equation: "ElectronContinuityEquation"	RelError: 8.07952e-17	AbsError: 8.07952e+03
      Equation: "HoleContinuityEquation"	RelError: 1.70140e-16	AbsError: 1.68071e-16
      Equation: "PotentialEquation"	RelError: 1.01312e-16	AbsError: 1.11045e-16
    Region: "oxide"	RelError: 1.17687e-16	AbsError: 1.43942e-16
      Equation: "PotentialEquation"	RelError: 1.17687e-16	AbsError: 1.43942e-16
Succeeded
IVPOINT	IDVD_VG1P0	5.00000000e-01	1.48000000e+00	1.43427210e+00
drain last end 1.480000e+00 2.000000e+00
number of equations 4346
Iteration: 0
  Device: "mos2d"	RelError: 2.60292e+00	AbsError: 4.11645e+16
    Region: "bulk"	RelError: 2.59485e+00	AbsError: 4.11645e+16
      Equation: "ElectronContinuityEquation"	RelError: 2.06558e-01	AbsError: 4.03650e+16
      Equation: "HoleContinuityEquation"	RelError: 6.98853e-01	AbsError: 7.99471e+14
      Equation: "PotentialEquation"	RelError: 1.68944e+00	AbsError: 2.00000e-02
    Region: "gate"	RelError: 6.18393e-04	AbsError: 3.09351e+16
      Equation: "ElectronContinuityEquation"	RelError: 3.05495e-04	AbsError: 3.09351e+16
      Equation: "HoleContinuityEquation"	RelError: 3.05682e-04	AbsError: 3.01872e-04
      Equation: "PotentialEquation"	RelError: 7.21528e-06	AbsError: 7.91083e-06
    Region: "oxide"	RelError: 7.45953e-03	AbsError: 1.20180e-02
      Equation: "PotentialEquation"	RelError: 7.45953e-03	AbsError: 1.20180e-02
Iteration: 1
  Device: "mos2d"	RelError: 1.33769e-01	AbsError: 1.33104e+14
    Region: "bulk"	RelError: 1.33766e-01	AbsError: 1.33104e+14
      Equation: "ElectronContinuityEquation"	RelError: 1.73278e-02	AbsError: 1.18942e+14
      Equation: "HoleContinuityEquation"	RelError: 1.11700e-01	AbsError: 1.41620e+13
      Equation: "PotentialEquation"	RelError: 4.73885e-03	AbsError: 4.57328e-05
    Region: "gate"	RelError: 2.66920e-07	AbsError: 8.68115e+12
      Equation: "ElectronContinuityEquation"	RelError: 8.59916e-08	AbsError: 8.68115e+12
      Equation: "HoleContinuityEquation"	RelError: 1.77814e-07	AbsError: 1.76135e-07
      Equation: "PotentialEquation"	RelError: 3.11438e-09	AbsError: 3.41436e-09
    Region: "oxide"	RelError: 2.20519e-06	AbsError: 2.57554e-06
      Equation: "PotentialEquation"	RelError: 2.20519e-06	AbsError: 2.57554e-06
Iteration: 2
  Device: "mos2d"	RelError: 8.74379e-04	AbsError: 3.95572e+09
    Region: "bulk"	RelError: 8.74379e-04	AbsError: 3.95572e+09
      Equation: "ElectronContinuityEquation"	RelError: 8.29331e-04	AbsError: 1.27282e+09
      Equation: "HoleContinuityEquation"	RelError: 4.46915e-05	AbsError: 2.68290e+09
      Equation: "PotentialEquation"	RelError: 3.56639e-07	AbsError: 5.80371e-09
    Region: "gate"	RelError: 8.46482e-13	AbsError: 4.13715e+07
      Equation: "ElectronContinuityEquation"	RelError: 4.15851e-13	AbsError: 4.13715e+07
      Equation: "HoleContinuityEquation"	RelError: 4.20727e-13	AbsError: 4.22899e-13
      Equation: "PotentialEquation"	RelError: 9.90486e-15	AbsError: 1.08551e-14
    Region: "oxide"	RelError: 1.70654e-11	AbsError: 1.45303e-11
      Equation: "PotentialEquation"	RelError: 1.70654e-11	AbsError: 1.45303e-11
Iteration: 3
  Device: "mos2d"	RelError: 5.34137e-09	AbsError: 8.07120e+03
    Region: "bulk"	RelError: 5.34137e-09	AbsError: 4.50699e+03
      Equation: "ElectronContinuityEquation"	RelError: 3.15431e-09	AbsError: 4.05413e+03
      Equation: "HoleContinuityEquation"	RelError: 2.18703e-09	AbsError: 4.52863e+02
      Equation: "PotentialEquation"	RelError: 2.66651e-14	AbsError: 3.58870e-16
    Region: "gate"	RelError: 4.48992e-16	AbsError: 8.07120e+03
      Equation: "ElectronContinuityEquation"	RelError: 8.07120e-17	AbsError: 8.07120e+03
      Equation: "HoleContinuityEquation"	RelError: 2.66906e-16	AbsError: 2.70295e-16
      Equation: "PotentialEquation"	RelError: 1.01374e-16	AbsError: 1.11114e-16
    Region: "oxide"	RelError: 1.30260e-16	AbsError: 1.49528e-16
      Equation: "PotentialEquation"	RelError: 1.30260e-16	AbsError: 1.49528e-16
Succeeded
IVPOINT	IDVD_VG1P0	5.00000000e-01	1.50000000e+00	1.44515715e+00
drain last end 1.500000e+00 2.000000e+00
number of equations 4346
Iteration: 0
  Device: "mos2d"	RelError: 3.32580e+00	AbsError: 4.11680e+16
    Region: "bulk"	RelError: 3.31778e+00	AbsError: 4.11680e+16
      Equation: "ElectronContinuityEquation"	RelError: 2.03883e-01	AbsError: 4.03910e+16
      Equation: "HoleContinuityEquation"	RelError: 6.99265e-01	AbsError: 7.76975e+14
      Equation: "PotentialEquation"	RelError: 2.41463e+00	AbsError: 2.00000e-02
    Region: "gate"	RelError: 6.17948e-04	AbsError: 3.09223e+16
      Equation: "ElectronContinuityEquation"	RelError: 3.05276e-04	AbsError: 3.09223e+16
      Equation: "HoleContinuityEquation"	RelError: 3.05462e-04	AbsError: 3.01563e-04
      Equation: "PotentialEquation"	RelError: 7.21004e-06	AbsError: 7.90514e-06
    Region: "oxide"	RelError: 7.40161e-03	AbsError: 1.20136e-02
      Equation: "PotentialEquation"	RelError: 7.40161e-03	AbsError: 1.20136e-02
Iteration: 1
  Device: "mos2d"	RelError: 1.37652e-01	AbsError: 1.31194e+14
    Region: "bulk"	RelError: 1.37650e-01	AbsError: 1.31194e+14
      Equation: "ElectronContinuityEquation"	RelError: 1.70464e-02	AbsError: 1.16492e+14
      Equation: "HoleContinuityEquation"	RelError: 1.12089e-01	AbsError: 1.47013e+13
      Equation: "PotentialEquation"	RelError: 8.51456e-03	AbsError: 4.51745e-05
    Region: "gate"	RelError: 2.55270e-07	AbsError: 8.11040e+12
      Equation: "ElectronContinuityEquation"	RelError: 8.03137e-08	AbsError: 8.11040e+12
      Equation: "HoleContinuityEquation"	RelError: 1.71978e-07	AbsError: 1.70302e-07
      Equation: "PotentialEquation"	RelError: 2.97842e-09	AbsError: 3.26532e-09
    Region: "oxide"	RelError: 2.09118e-06	AbsError: 2.40969e-06
      Equation: "PotentialEquation"	RelError: 2.09118e-06	AbsError: 2.40969e-06
Iteration: 2
  Device: "mos2d"	RelError: 8.65608e-04	AbsError: 4.16596e+09
    Region: "bulk"	RelError: 8.65608e-04	AbsError: 4.16596e+09
      Equation: "ElectronContinuityEquation"	RelError: 8.21375e-04	AbsError: 1.25858e+09
      Equation: "HoleContinuityEquation"	RelError: 4.31845e-05	AbsError: 2.90738e+09
      Equation: "PotentialEquation"	RelError: 1.04789e-06	AbsError: 5.89118e-09
    Region: "gate"	RelError: 9.33716e-13	AbsError: 4.56912e+07
      Equation: "ElectronContinuityEquation"	RelError: 4.59220e-13	AbsError: 4.56912e+07
      Equation: "HoleContinuityEquation"	RelError: 4.63679e-13	AbsError: 4.66021e-13
      Equation: "PotentialEquation"	RelError: 1.08179e-14	AbsError: 1.18558e-14
    Region: "oxide"	RelError: 1.82264e-11	AbsError: 1.52634e-11
      Equation: "PotentialEquation"	RelError: 1.82264e-11	AbsError: 1.52634e-11
Iteration: 3
  Device: "mos2d"	RelError: 6.65314e-09	AbsError: 8.10329e+03
    Region: "bulk"	RelError: 6.65314e-09	AbsError: 5.15741e+03
      Equation: "ElectronContinuityEquation"	RelError: 3.56090e-09	AbsError: 4.78131e+03
      Equation: "HoleContinuityEquation"	RelError: 3.09220e-09	AbsError: 3.76099e+02
      Equation: "PotentialEquation"	RelError: 4.59347e-14	AbsError: 1.18448e-15
    Region: "gate"	RelError: 4.23429e-16	AbsError: 8.10329e+03
      Equation: "ElectronContinuityEquation"	RelError: 8.10329e-17	AbsError: 8.10329e+03
      Equation: "HoleContinuityEquation"	RelError: 2.41073e-16	AbsError: 2.44624e-16
      Equation: "PotentialEquation"	RelError: 1.01323e-16	AbsError: 1.11058e-16
    Region: "oxide"	RelError: 1.77831e-16	AbsError: 1.49527e-16
      Equation: "PotentialEquation"	RelError: 1.77831e-16	AbsError: 1.49527e-16
Succeeded
IVPOINT	IDVD_VG1P0	5.00000000e-01	1.52000000e+00	1.45605461e+00
drain last end 1.520000e+00 2.000000e+00
number of equations 4346
Iteration: 0
  Device: "mos2d"	RelError: 2.62307e+00	AbsError: 4.11659e+16
    Region: "bulk"	RelError: 2.61511e+00	AbsError: 4.11659e+16
      Equation: "ElectronContinuityEquation"	RelError: 2.00947e-01	AbsError: 4.04133e+16
      Equation: "HoleContinuityEquation"	RelError: 6.98243e-01	AbsError: 7.52625e+14
      Equation: "PotentialEquation"	RelError: 1.71591e+00	AbsError: 2.00000e-02
    Region: "gate"	RelError: 6.17524e-04	AbsError: 3.09105e+16
      Equation: "ElectronContinuityEquation"	RelError: 3.05066e-04	AbsError: 3.09105e+16
      Equation: "HoleContinuityEquation"	RelError: 3.05253e-04	AbsError: 3.01264e-04
      Equation: "PotentialEquation"	RelError: 7.20505e-06	AbsError: 7.89972e-06
    Region: "oxide"	RelError: 7.34479e-03	AbsError: 1.20096e-02
      Equation: "PotentialEquation"	RelError: 7.34479e-03	AbsError: 1.20096e-02
Iteration: 1
  Device: "mos2d"	RelError: 1.34826e-01	AbsError: 1.29284e+14
    Region: "bulk"	RelError: 1.34824e-01	AbsError: 1.29284e+14
      Equation: "ElectronContinuityEquation"	RelError: 1.67480e-02	AbsError: 1.14159e+14
      Equation: "HoleContinuityEquation"	RelError: 1.12169e-01	AbsError: 1.51246e+13
      Equation: "PotentialEquation"	RelError: 5.90720e-03	AbsError: 4.46030e-05
    Region: "gate"	RelError: 2.44658e-07	AbsError: 7.59079e+12
      Equation: "ElectronContinuityEquation"	RelError: 7.51455e-08	AbsError: 7.59079e+12
      Equation: "HoleContinuityEquation"	RelError: 1.66658e-07	AbsError: 1.64984e-07
      Equation: "PotentialEquation"	RelError: 2.85457e-09	AbsError: 3.12957e-09
    Region: "oxide"	RelError: 1.98422e-06	AbsError: 2.27156e-06
      Equation: "PotentialEquation"	RelError: 1.98422e-06	AbsError: 2.27156e-06
Iteration: 2
  Device: "mos2d"	RelError: 8.16377e-04	AbsError: 4.34731e+09
    Region: "bulk"	RelError: 8.16377e-04	AbsError: 4.34731e+09
      Equation: "ElectronContinuityEquation"	RelError: 7.74115e-04	AbsError: 1.26471e+09
      Equation: "HoleContinuityEquation"	RelError: 4.15248e-05	AbsError: 3.08259e+09
      Equation: "PotentialEquation"	RelError: 7.37330e-07	AbsError: 6.47890e-09
    Region: "gate"	RelError: 1.02130e-12	AbsError: 5.00215e+07
      Equation: "ElectronContinuityEquation"	RelError: 5.02686e-13	AbsError: 5.00215e+07
      Equation: "HoleContinuityEquation"	RelError: 5.06699e-13	AbsError: 5.09202e-13
      Equation: "PotentialEquation"	RelError: 1.19199e-14	AbsError: 1.30636e-14
    Region: "oxide"	RelError: 1.94381e-11	AbsError: 1.64481e-11
      Equation: "PotentialEquation"	RelError: 1.94381e-11	AbsError: 1.64481e-11
Iteration: 3
  Device: "mos2d"	RelError: 4.80197e-09	AbsError: 7.99804e+03
    Region: "bulk"	RelError: 4.80197e-09	AbsError: 6.52078e+03
      Equation: "ElectronContinuityEquation"	RelError: 2.97935e-09	AbsError: 6.00961e+03
      Equation: "HoleContinuityEquation"	RelError: 1.82259e-09	AbsError: 5.11170e+02
      Equation: "PotentialEquation"	RelError: 3.02594e-14	AbsError: 1.19772e-15
    Region: "gate"	RelError: 5.17705e-16	AbsError: 7.99804e+03
      Equation: "ElectronContinuityEquation"	RelError: 7.99802e-17	AbsError: 7.99804e+03
      Equation: "HoleContinuityEquation"	RelError: 3.36393e-16	AbsError: 3.38792e-16
      Equation: "PotentialEquation"	RelError: 1.01332e-16	AbsError: 1.11067e-16
    Region: "oxide"	RelError: 1.30985e-16	AbsError: 1.67899e-16
      Equation: "PotentialEquation"	RelError: 1.30985e-16	AbsError: 1.67899e-16
Succeeded
IVPOINT	IDVD_VG1P0	5.00000000e-01	1.54000000e+00	1.46696533e+00
drain last end 1.540000e+00 2.000000e+00
number of equations 4346
Iteration: 0
  Device: "mos2d"	RelError: 1.11069e+01	AbsError: 4.11868e+16
    Region: "bulk"	RelError: 1.10989e+01	AbsError: 4.11868e+16
      Equation: "ElectronContinuityEquation"	RelError: 1.97709e-01	AbsError: 4.04324e+16
      Equation: "HoleContinuityEquation"	RelError: 6.99987e-01	AbsError: 7.54446e+14
      Equation: "PotentialEquation"	RelError: 1.02012e+01	AbsError: 2.00000e-02
    Region: "gate"	RelError: 6.17120e-04	AbsError: 3.08997e+16
      Equation: "ElectronContinuityEquation"	RelError: 3.04867e-04	AbsError: 3.08997e+16
      Equation: "HoleContinuityEquation"	RelError: 3.05053e-04	AbsError: 3.00975e-04
      Equation: "PotentialEquation"	RelError: 7.20028e-06	AbsError: 7.89455e-06
    Region: "oxide"	RelError: 7.28902e-03	AbsError: 1.20059e-02
      Equation: "PotentialEquation"	RelError: 7.28902e-03	AbsError: 1.20059e-02
Iteration: 1
  Device: "mos2d"	RelError: 1.44577e-01	AbsError: 1.27366e+14
    Region: "bulk"	RelError: 1.44575e-01	AbsError: 1.27366e+14
      Equation: "ElectronContinuityEquation"	RelError: 1.64300e-02	AbsError: 1.11935e+14
      Equation: "HoleContinuityEquation"	RelError: 1.11982e-01	AbsError: 1.54302e+13
      Equation: "PotentialEquation"	RelError: 1.61634e-02	AbsError: 4.40151e-05
    Region: "gate"	RelError: 2.34985e-07	AbsError: 7.11743e+12
      Equation: "ElectronContinuityEquation"	RelError: 7.04382e-08	AbsError: 7.11743e+12
      Equation: "HoleContinuityEquation"	RelError: 1.61806e-07	AbsError: 1.60132e-07
      Equation: "PotentialEquation"	RelError: 2.74169e-09	AbsError: 3.00583e-09
    Region: "oxide"	RelError: 1.88383e-06	AbsError: 2.15823e-06
      Equation: "PotentialEquation"	RelError: 1.88383e-06	AbsError: 2.15823e-06
Iteration: 2
  Device: "mos2d"	RelError: 7.31822e-04	AbsError: 4.49508e+09
    Region: "bulk"	RelError: 7.31822e-04	AbsError: 4.49508e+09
      Equation: "ElectronContinuityEquation"	RelError: 6.91797e-04	AbsError: 1.28744e+09
      Equation: "HoleContinuityEquation"	RelError: 3.97118e-05	AbsError: 3.20763e+09
      Equation: "PotentialEquation"	RelError: 3.13527e-07	AbsError: 7.13179e-09
    Region: "gate"	RelError: 1.10820e-12	AbsError: 5.43254e+07
      Equation: "ElectronContinuityEquation"	RelError: 5.45878e-13	AbsError: 5.43254e+07
      Equation: "HoleContinuityEquation"	RelError: 5.49317e-13	AbsError: 5.51969e-13
      Equation: "PotentialEquation"	RelError: 1.30026e-14	AbsError: 1.42502e-14
    Region: "oxide"	RelError: 2.06787e-11	AbsError: 1.79253e-11
      Equation: "PotentialEquation"	RelError: 2.06787e-11	AbsError: 1.79253e-11
Iteration: 3
  Device: "mos2d"	RelError: 5.00940e-09	AbsError: 8.06600e+03
    Region: "bulk"	RelError: 5.00940e-09	AbsError: 5.03320e+03
      Equation: "ElectronContinuityEquation"	RelError: 3.14779e-09	AbsError: 4.67332e+03
      Equation: "HoleContinuityEquation"	RelError: 1.86149e-09	AbsError: 3.59877e+02
      Equation: "PotentialEquation"	RelError: 1.22288e-13	AbsError: 7.36107e-16
    Region: "gate"	RelError: 4.42508e-16	AbsError: 8.06600e+03
      Equation: "ElectronContinuityEquation"	RelError: 8.06600e-17	AbsError: 8.06600e+03
      Equation: "HoleContinuityEquation"	RelError: 2.60557e-16	AbsError: 2.64020e-16
      Equation: "PotentialEquation"	RelError: 1.01291e-16	AbsError: 1.11022e-16
    Region: "oxide"	RelError: 1.49326e-16	AbsError: 1.59765e-16
      Equation: "PotentialEquation"	RelError: 1.49326e-16	AbsError: 1.59765e-16
Succeeded
IVPOINT	IDVD_VG1P0	5.00000000e-01	1.56000000e+00	1.47789014e+00
drain last end 1.560000e+00 2.000000e+00
number of equations 4346
Iteration: 0
  Device: "mos2d"	RelError: 2.00844e+00	AbsError: 4.12038e+16
    Region: "bulk"	RelError: 2.00059e+00	AbsError: 4.12038e+16
      Equation: "ElectronContinuityEquation"	RelError: 1.94121e-01	AbsError: 4.04485e+16
      Equation: "HoleContinuityEquation"	RelError: 7.00071e-01	AbsError: 7.55322e+14
      Equation: "PotentialEquation"	RelError: 1.10640e+00	AbsError: 2.00000e-02
    Region: "gate"	RelError: 6.16732e-04	AbsError: 3.08897e+16
      Equation: "ElectronContinuityEquation"	RelError: 3.04675e-04	AbsError: 3.08897e+16
      Equation: "HoleContinuityEquation"	RelError: 3.04861e-04	AbsError: 3.00694e-04
      Equation: "PotentialEquation"	RelError: 7.19570e-06	AbsError: 7.88959e-06
    Region: "oxide"	RelError: 7.23426e-03	AbsError: 1.20025e-02
      Equation: "PotentialEquation"	RelError: 7.23426e-03	AbsError: 1.20025e-02
Iteration: 1
  Device: "mos2d"	RelError: 1.30156e-01	AbsError: 1.25431e+14
    Region: "bulk"	RelError: 1.30154e-01	AbsError: 1.25431e+14
      Equation: "ElectronContinuityEquation"	RelError: 1.60891e-02	AbsError: 1.09813e+14
      Equation: "HoleContinuityEquation"	RelError: 1.12351e-01	AbsError: 1.56182e+13
      Equation: "PotentialEquation"	RelError: 1.71336e-03	AbsError: 4.34029e-05
    Region: "gate"	RelError: 2.26161e-07	AbsError: 6.68587e+12
      Equation: "ElectronContinuityEquation"	RelError: 6.61472e-08	AbsError: 6.68587e+12
      Equation: "HoleContinuityEquation"	RelError: 1.57375e-07	AbsError: 1.55700e-07
      Equation: "PotentialEquation"	RelError: 2.63870e-09	AbsError: 2.89294e-09
    Region: "oxide"	RelError: 1.78953e-06	AbsError: 2.05365e-06
      Equation: "PotentialEquation"	RelError: 1.78953e-06	AbsError: 2.05365e-06
Iteration: 2
  Device: "mos2d"	RelError: 6.22757e-04	AbsError: 4.82797e+09
    Region: "bulk"	RelError: 6.22757e-04	AbsError: 4.82797e+09
      Equation: "ElectronContinuityEquation"	RelError: 5.84838e-04	AbsError: 1.32195e+09
      Equation: "HoleContinuityEquation"	RelError: 3.77502e-05	AbsError: 3.50602e+09
      Equation: "PotentialEquation"	RelError: 1.68727e-07	AbsError: 7.77942e-09
    Region: "gate"	RelError: 1.19369e-12	AbsError: 5.85468e+07
      Equation: "ElectronContinuityEquation"	RelError: 5.88230e-13	AbsError: 5.85468e+07
      Equation: "HoleContinuityEquation"	RelError: 5.91607e-13	AbsError: 5.94398e-13
      Equation: "PotentialEquation"	RelError: 1.38572e-14	AbsError: 1.51868e-14
    Region: "oxide"	RelError: 2.19225e-11	AbsError: 1.93682e-11
      Equation: "PotentialEquation"	RelError: 2.19225e-11	AbsError: 1.93682e-11
Iteration: 3
  Device: "mos2d"	RelError: 2.98059e-09	AbsError: 8.09993e+03
    Region: "bulk"	RelError: 2.98059e-09	AbsError: 6.39952e+03
      Equation: "ElectronContinuityEquation"	RelError: 1.59776e-09	AbsError: 5.99498e+03
      Equation: "HoleContinuityEquation"	RelError: 1.38279e-09	AbsError: 4.04540e+02
      Equation: "PotentialEquation"	RelError: 2.99343e-14	AbsError: 1.34452e-15
    Region: "gate"	RelError: 3.66870e-16	AbsError: 8.09993e+03
      Equation: "ElectronContinuityEquation"	RelError: 8.09994e-17	AbsError: 8.09993e+03
      Equation: "HoleContinuityEquation"	RelError: 1.84557e-16	AbsError: 1.82593e-16
      Equation: "PotentialEquation"	RelError: 1.01314e-16	AbsError: 1.11047e-16
    Region: "oxide"	RelError: 1.37549e-16	AbsError: 1.35100e-16
      Equation: "PotentialEquation"	RelError: 1.37549e-16	AbsError: 1.35100e-16
Succeeded
IVPOINT	IDVD_VG1P0	5.00000000e-01	1.58000000e+00	1.48882984e+00
drain last end 1.580000e+00 2.000000e+00
number of equations 4346
Iteration: 0
  Device: "mos2d"	RelError: 1.42124e+00	AbsError: 4.12172e+16
    Region: "bulk"	RelError: 1.41344e+00	AbsError: 4.12172e+16
      Equation: "ElectronContinuityEquation"	RelError: 1.90132e-01	AbsError: 4.04620e+16
      Equation: "HoleContinuityEquation"	RelError: 6.97711e-01	AbsError: 7.55225e+14
      Equation: "PotentialEquation"	RelError: 5.25601e-01	AbsError: 2.00000e-02
    Region: "gate"	RelError: 6.16360e-04	AbsError: 3.08805e+16
      Equation: "ElectronContinuityEquation"	RelError: 3.04491e-04	AbsError: 3.08805e+16
      Equation: "HoleContinuityEquation"	RelError: 3.04677e-04	AbsError: 3.00421e-04
      Equation: "PotentialEquation"	RelError: 7.19131e-06	AbsError: 7.88483e-06
    Region: "oxide"	RelError: 7.18046e-03	AbsError: 1.19994e-02
      Equation: "PotentialEquation"	RelError: 7.18046e-03	AbsError: 1.19994e-02
Iteration: 1
  Device: "mos2d"	RelError: 1.29643e-01	AbsError: 1.23750e+14
    Region: "bulk"	RelError: 1.29641e-01	AbsError: 1.23750e+14
      Equation: "ElectronContinuityEquation"	RelError: 1.57216e-02	AbsError: 1.07785e+14
      Equation: "HoleContinuityEquation"	RelError: 1.12361e-01	AbsError: 1.59649e+13
      Equation: "PotentialEquation"	RelError: 1.55837e-03	AbsError: 4.38973e-05
    Region: "gate"	RelError: 2.18103e-07	AbsError: 6.29208e+12
      Equation: "ElectronContinuityEquation"	RelError: 6.22324e-08	AbsError: 6.29208e+12
      Equation: "HoleContinuityEquation"	RelError: 1.53326e-07	AbsError: 1.51649e-07
      Equation: "PotentialEquation"	RelError: 2.54467e-09	AbsError: 2.78987e-09
    Region: "oxide"	RelError: 1.70094e-06	AbsError: 1.95705e-06
      Equation: "PotentialEquation"	RelError: 1.70094e-06	AbsError: 1.95705e-06
Iteration: 2
  Device: "mos2d"	RelError: 5.05300e-04	AbsError: 5.28439e+09
    Region: "bulk"	RelError: 5.05300e-04	AbsError: 5.28439e+09
      Equation: "ElectronContinuityEquation"	RelError: 4.69456e-04	AbsError: 1.36276e+09
      Equation: "HoleContinuityEquation"	RelError: 3.56502e-05	AbsError: 3.92163e+09
      Equation: "PotentialEquation"	RelError: 1.93796e-07	AbsError: 8.39453e-09
    Region: "gate"	RelError: 1.27658e-12	AbsError: 6.26422e+07
      Equation: "ElectronContinuityEquation"	RelError: 6.29307e-13	AbsError: 6.26422e+07
      Equation: "HoleContinuityEquation"	RelError: 6.32404e-13	AbsError: 6.35317e-13
      Equation: "PotentialEquation"	RelError: 1.48690e-14	AbsError: 1.62958e-14
    Region: "oxide"	RelError: 2.31420e-11	AbsError: 2.07584e-11
      Equation: "PotentialEquation"	RelError: 2.31420e-11	AbsError: 2.07584e-11
Iteration: 3
  Device: "mos2d"	RelError: 2.36142e-09	AbsError: 8.16732e+03
    Region: "bulk"	RelError: 2.36141e-09	AbsError: 5.59393e+03
      Equation: "ElectronContinuityEquation"	RelError: 1.26742e-09	AbsError: 5.11008e+03
      Equation: "HoleContinuityEquation"	RelError: 1.09398e-09	AbsError: 4.83855e+02
      Equation: "PotentialEquation"	RelError: 1.46429e-14	AbsError: 6.75233e-16
    Region: "gate"	RelError: 4.57606e-16	AbsError: 8.16732e+03
      Equation: "ElectronContinuityEquation"	RelError: 8.16722e-17	AbsError: 8.16732e+03
      Equation: "HoleContinuityEquation"	RelError: 2.74637e-16	AbsError: 2.78111e-16
      Equation: "PotentialEquation"	RelError: 1.01296e-16	AbsError: 1.11028e-16
    Region: "oxide"	RelError: 1.48146e-16	AbsError: 1.37864e-16
      Equation: "PotentialEquation"	RelError: 1.48146e-16	AbsError: 1.37864e-16
Succeeded
IVPOINT	IDVD_VG1P0	5.00000000e-01	1.60000000e+00	1.49978520e+00
drain last end 1.600000e+00 2.000000e+00
number of equations 4346
Iteration: 0
  Device: "mos2d"	RelError: 1.87545e+00	AbsError: 4.12273e+16
    Region: "bulk"	RelError: 1.86771e+00	AbsError: 4.12273e+16
      Equation: "ElectronContinuityEquation"	RelError: 1.85692e-01	AbsError: 4.04732e+16
      Equation: "HoleContinuityEquation"	RelError: 6.91785e-01	AbsError: 7.54124e+14
      Equation: "PotentialEquation"	RelError: 9.90233e-01	AbsError: 2.00000e-02
    Region: "gate"	RelError: 6.16002e-04	AbsError: 3.08719e+16
      Equation: "ElectronContinuityEquation"	RelError: 3.04315e-04	AbsError: 3.08719e+16
      Equation: "HoleContinuityEquation"	RelError: 3.04500e-04	AbsError: 3.00155e-04
      Equation: "PotentialEquation"	RelError: 7.18708e-06	AbsError: 7.88025e-06
    Region: "oxide"	RelError: 7.12759e-03	AbsError: 1.19966e-02
      Equation: "PotentialEquation"	RelError: 7.12759e-03	AbsError: 1.19966e-02
Iteration: 1
  Device: "mos2d"	RelError: 1.30199e-01	AbsError: 1.22431e+14
    Region: "bulk"	RelError: 1.30197e-01	AbsError: 1.22431e+14
      Equation: "ElectronContinuityEquation"	RelError: 1.53232e-02	AbsError: 1.05845e+14
      Equation: "HoleContinuityEquation"	RelError: 1.11847e-01	AbsError: 1.65862e+13
      Equation: "PotentialEquation"	RelError: 3.02729e-03	AbsError: 4.42632e-05
    Region: "gate"	RelError: 2.10739e-07	AbsError: 5.93244e+12
      Equation: "ElectronContinuityEquation"	RelError: 5.86577e-08	AbsError: 5.93244e+12
      Equation: "HoleContinuityEquation"	RelError: 1.49622e-07	AbsError: 1.47941e-07
      Equation: "PotentialEquation"	RelError: 2.45871e-09	AbsError: 2.69565e-09
    Region: "oxide"	RelError: 1.61769e-06	AbsError: 1.86774e-06
      Equation: "PotentialEquation"	RelError: 1.61769e-06	AbsError: 1.86774e-06
Iteration: 2
  Device: "mos2d"	RelError: 5.26060e-04	AbsError: 5.68790e+09
    Region: "bulk"	RelError: 5.26060e-04	AbsError: 5.68790e+09
      Equation: "ElectronContinuityEquation"	RelError: 4.92239e-04	AbsError: 1.40410e+09
      Equation: "HoleContinuityEquation"	RelError: 3.34288e-05	AbsError: 4.28380e+09
      Equation: "PotentialEquation"	RelError: 3.91501e-07	AbsError: 8.94744e-09
    Region: "gate"	RelError: 1.35504e-12	AbsError: 6.65321e+07
      Equation: "ElectronContinuityEquation"	RelError: 6.68312e-13	AbsError: 6.65321e+07
      Equation: "HoleContinuityEquation"	RelError: 6.71000e-13	AbsError: 6.74017e-13
      Equation: "PotentialEquation"	RelError: 1.57269e-14	AbsError: 1.72360e-14
    Region: "oxide"	RelError: 2.43093e-11	AbsError: 2.20751e-11
      Equation: "PotentialEquation"	RelError: 2.43093e-11	AbsError: 2.20751e-11
Iteration: 3
  Device: "mos2d"	RelError: 1.01290e-08	AbsError: 8.13247e+03
    Region: "bulk"	RelError: 1.01290e-08	AbsError: 4.75011e+03
      Equation: "ElectronContinuityEquation"	RelError: 5.44434e-09	AbsError: 4.43585e+03
      Equation: "HoleContinuityEquation"	RelError: 4.68468e-09	AbsError: 3.14257e+02
      Equation: "PotentialEquation"	RelError: 2.22095e-14	AbsError: 6.77989e-16
    Region: "gate"	RelError: 4.42903e-16	AbsError: 8.13247e+03
      Equation: "ElectronContinuityEquation"	RelError: 8.13244e-17	AbsError: 8.13247e+03
      Equation: "HoleContinuityEquation"	RelError: 2.60274e-16	AbsError: 2.61444e-16
      Equation: "PotentialEquation"	RelError: 1.01305e-16	AbsError: 1.11037e-16
    Region: "oxide"	RelError: 1.07054e-16	AbsError: 1.54017e-16
      Equation: "PotentialEquation"	RelError: 1.07054e-16	AbsError: 1.54017e-16
Succeeded
IVPOINT	IDVD_VG1P0	5.00000000e-01	1.62000000e+00	1.51075695e+00
drain last end 1.620000e+00 2.000000e+00
number of equations 4346
Iteration: 0
  Device: "mos2d"	RelError: 1.34670e+03	AbsError: 4.12342e+16
    Region: "bulk"	RelError: 1.34669e+03	AbsError: 4.12342e+16
      Equation: "ElectronContinuityEquation"	RelError: 1.82602e-01	AbsError: 4.04822e+16
      Equation: "HoleContinuityEquation"	RelError: 6.80743e-01	AbsError: 7.51985e+14
      Equation: "PotentialEquation"	RelError: 1.34583e+03	AbsError: 2.00000e-02
    Region: "gate"	RelError: 6.15656e-04	AbsError: 3.08640e+16
      Equation: "ElectronContinuityEquation"	RelError: 3.04144e-04	AbsError: 3.08640e+16
      Equation: "HoleContinuityEquation"	RelError: 3.04329e-04	AbsError: 2.99896e-04
      Equation: "PotentialEquation"	RelError: 7.18299e-06	AbsError: 7.87583e-06
    Region: "oxide"	RelError: 7.07561e-03	AbsError: 1.19939e-02
      Equation: "PotentialEquation"	RelError: 7.07561e-03	AbsError: 1.19939e-02
Iteration: 1
  Device: "mos2d"	RelError: 1.46221e+00	AbsError: 1.21047e+14
    Region: "bulk"	RelError: 1.46221e+00	AbsError: 1.21047e+14
      Equation: "ElectronContinuityEquation"	RelError: 1.48895e-02	AbsError: 1.03988e+14
      Equation: "HoleContinuityEquation"	RelError: 1.10574e-01	AbsError: 1.70591e+13
      Equation: "PotentialEquation"	RelError: 1.33675e+00	AbsError: 4.44337e-05
    Region: "gate"	RelError: 2.04000e-07	AbsError: 5.60367e+12
      Equation: "ElectronContinuityEquation"	RelError: 5.53903e-08	AbsError: 5.60367e+12
      Equation: "HoleContinuityEquation"	RelError: 1.46230e-07	AbsError: 1.44543e-07
      Equation: "PotentialEquation"	RelError: 2.38007e-09	AbsError: 2.60945e-09
    Region: "oxide"	RelError: 1.53944e-06	AbsError: 1.78511e-06
      Equation: "PotentialEquation"	RelError: 1.53944e-06	AbsError: 1.78511e-06
Iteration: 2
  Device: "mos2d"	RelError: 7.06377e-04	AbsError: 6.02105e+09
    Region: "bulk"	RelError: 7.06377e-04	AbsError: 6.02105e+09
      Equation: "ElectronContinuityEquation"	RelError: 4.95721e-04	AbsError: 1.44025e+09
      Equation: "HoleContinuityEquation"	RelError: 3.11095e-05	AbsError: 4.58080e+09
      Equation: "PotentialEquation"	RelError: 1.79546e-04	AbsError: 9.40791e-09
    Region: "gate"	RelError: 1.42852e-12	AbsError: 7.01530e+07
      Equation: "ElectronContinuityEquation"	RelError: 7.04606e-13	AbsError: 7.01530e+07
      Equation: "HoleContinuityEquation"	RelError: 7.07181e-13	AbsError: 7.10282e-13
      Equation: "PotentialEquation"	RelError: 1.67322e-14	AbsError: 1.83378e-14
    Region: "oxide"	RelError: 2.53973e-11	AbsError: 2.32973e-11
      Equation: "PotentialEquation"	RelError: 2.53973e-11	AbsError: 2.32973e-11
Iteration: 3
  Device: "mos2d"	RelError: 5.08130e-09	AbsError: 8.17229e+03
    Region: "bulk"	RelError: 5.08130e-09	AbsError: 5.28156e+03
      Equation: "ElectronContinuityEquation"	RelError: 3.36580e-09	AbsError: 4.81666e+03
      Equation: "HoleContinuityEquation"	RelError: 1.70698e-09	AbsError: 4.64905e+02
      Equation: "PotentialEquation"	RelError: 8.51419e-12	AbsError: 8.89767e-16
    Region: "gate"	RelError: 3.94296e-16	AbsError: 8.17229e+03
      Equation: "ElectronContinuityEquation"	RelError: 8.17229e-17	AbsError: 8.17229e+03
      Equation: "HoleContinuityEquation"	RelError: 2.11282e-16	AbsError: 2.14393e-16
      Equation: "PotentialEquation"	RelError: 1.01291e-16	AbsError: 1.11022e-16
    Region: "oxide"	RelError: 1.66501e-16	AbsError: 1.25316e-16
      Equation: "PotentialEquation"	RelError: 1.66501e-16	AbsError: 1.25316e-16
Succeeded
IVPOINT	IDVD_VG1P0	5.00000000e-01	1.64000000e+00	1.52174580e+00
drain last end 1.640000e+00 2.000000e+00
number of equations 4346
Iteration: 0
  Device: "mos2d"	RelError: 1.86105e+00	AbsError: 4.12382e+16
    Region: "bulk"	RelError: 1.85341e+00	AbsError: 4.12382e+16
      Equation: "ElectronContinuityEquation"	RelError: 1.81893e-01	AbsError: 4.04895e+16
      Equation: "HoleContinuityEquation"	RelError: 6.73702e-01	AbsError: 7.48775e+14
      Equation: "PotentialEquation"	RelError: 9.97812e-01	AbsError: 2.00000e-02
    Region: "gate"	RelError: 6.15322e-04	AbsError: 3.08566e+16
      Equation: "ElectronContinuityEquation"	RelError: 3.03979e-04	AbsError: 3.08566e+16
      Equation: "HoleContinuityEquation"	RelError: 3.04164e-04	AbsError: 2.99642e-04
      Equation: "PotentialEquation"	RelError: 7.17904e-06	AbsError: 7.87155e-06
    Region: "oxide"	RelError: 7.02449e-03	AbsError: 1.19915e-02
      Equation: "PotentialEquation"	RelError: 7.02449e-03	AbsError: 1.19915e-02
Iteration: 1
  Device: "mos2d"	RelError: 1.25492e-01	AbsError: 1.19583e+14
    Region: "bulk"	RelError: 1.25490e-01	AbsError: 1.19583e+14
      Equation: "ElectronContinuityEquation"	RelError: 1.44155e-02	AbsError: 1.02207e+14
      Equation: "HoleContinuityEquation"	RelError: 1.08234e-01	AbsError: 1.73757e+13
      Equation: "PotentialEquation"	RelError: 2.84053e-03	AbsError: 4.43894e-05
    Region: "gate"	RelError: 1.97829e-07	AbsError: 5.30285e+12
      Equation: "ElectronContinuityEquation"	RelError: 5.24010e-08	AbsError: 5.30285e+12
      Equation: "HoleContinuityEquation"	RelError: 1.43120e-07	AbsError: 1.41426e-07
      Equation: "PotentialEquation"	RelError: 2.30805e-09	AbsError: 2.53051e-09
    Region: "oxide"	RelError: 1.46592e-06	AbsError: 1.70859e-06
      Equation: "PotentialEquation"	RelError: 1.46592e-06	AbsError: 1.70859e-06
Iteration: 2
  Device: "mos2d"	RelError: 5.07049e-04	AbsError: 6.26748e+09
    Region: "bulk"	RelError: 5.07049e-04	AbsError: 6.26748e+09
      Equation: "ElectronContinuityEquation"	RelError: 4.77933e-04	AbsError: 1.46592e+09
      Equation: "HoleContinuityEquation"	RelError: 2.87219e-05	AbsError: 4.80156e+09
      Equation: "PotentialEquation"	RelError: 3.94209e-07	AbsError: 9.74749e-09
    Region: "gate"	RelError: 1.49488e-12	AbsError: 7.34298e+07
      Equation: "ElectronContinuityEquation"	RelError: 7.37437e-13	AbsError: 7.34298e+07
      Equation: "HoleContinuityEquation"	RelError: 7.40066e-13	AbsError: 7.43230e-13
      Equation: "PotentialEquation"	RelError: 1.73817e-14	AbsError: 1.90497e-14
    Region: "oxide"	RelError: 2.63810e-11	AbsError: 2.44046e-11
      Equation: "PotentialEquation"	RelError: 2.63810e-11	AbsError: 2.44046e-11
Iteration: 3
  Device: "mos2d"	RelError: 9.85185e-09	AbsError: 8.10531e+03
    Region: "bulk"	RelError: 9.85185e-09	AbsError: 5.19945e+03
      Equation: "ElectronContinuityEquation"	RelError: 6.63043e-09	AbsError: 4.82139e+03
      Equation: "HoleContinuityEquation"	RelError: 3.22139e-09	AbsError: 3.78064e+02
      Equation: "PotentialEquation"	RelError: 2.72548e-14	AbsError: 6.77403e-16
    Region: "gate"	RelError: 3.07229e-16	AbsError: 8.10531e+03
      Equation: "ElectronContinuityEquation"	RelError: 8.10531e-17	AbsError: 8.10531e+03
      Equation: "HoleContinuityEquation"	RelError: 1.24870e-16	AbsError: 1.28321e-16
      Equation: "PotentialEquation"	RelError: 1.01306e-16	AbsError: 1.11039e-16
    Region: "oxide"	RelError: 1.69837e-16	AbsError: 1.53251e-16
      Equation: "PotentialEquation"	RelError: 1.69837e-16	AbsError: 1.53251e-16
Succeeded
IVPOINT	IDVD_VG1P0	5.00000000e-01	1.66000000e+00	1.53275244e+00
drain last end 1.660000e+00 2.000000e+00
number of equations 4346
Iteration: 0
  Device: "mos2d"	RelError: 1.06407e+01	AbsError: 4.12395e+16
    Region: "bulk"	RelError: 1.06331e+01	AbsError: 4.12395e+16
      Equation: "ElectronContinuityEquation"	RelError: 1.81169e-01	AbsError: 4.04950e+16
      Equation: "HoleContinuityEquation"	RelError: 6.73800e-01	AbsError: 7.44464e+14
      Equation: "PotentialEquation"	RelError: 9.77812e+00	AbsError: 2.00000e-02
    Region: "gate"	RelError: 6.14998e-04	AbsError: 3.08498e+16
      Equation: "ElectronContinuityEquation"	RelError: 3.03819e-04	AbsError: 3.08498e+16
      Equation: "HoleContinuityEquation"	RelError: 3.04004e-04	AbsError: 2.99393e-04
      Equation: "PotentialEquation"	RelError: 7.17521e-06	AbsError: 7.86741e-06
    Region: "oxide"	RelError: 6.97420e-03	AbsError: 1.19893e-02
      Equation: "PotentialEquation"	RelError: 6.97420e-03	AbsError: 1.19893e-02
Iteration: 1
  Device: "mos2d"	RelError: 1.35886e-01	AbsError: 1.18031e+14
    Region: "bulk"	RelError: 1.35884e-01	AbsError: 1.18031e+14
      Equation: "ElectronContinuityEquation"	RelError: 1.38966e-02	AbsError: 1.00500e+14
      Equation: "HoleContinuityEquation"	RelError: 1.06670e-01	AbsError: 1.75309e+13
      Equation: "PotentialEquation"	RelError: 1.53175e-02	AbsError: 4.41157e-05
    Region: "gate"	RelError: 1.92171e-07	AbsError: 5.02733e+12
      Equation: "ElectronContinuityEquation"	RelError: 4.96635e-08	AbsError: 5.02733e+12
      Equation: "HoleContinuityEquation"	RelError: 1.40265e-07	AbsError: 1.38564e-07
      Equation: "PotentialEquation"	RelError: 2.24201e-09	AbsError: 2.45812e-09
    Region: "oxide"	RelError: 1.39686e-06	AbsError: 1.63767e-06
      Equation: "PotentialEquation"	RelError: 1.39686e-06	AbsError: 1.63767e-06
Iteration: 2
  Device: "mos2d"	RelError: 4.66616e-04	AbsError: 6.41354e+09
    Region: "bulk"	RelError: 4.66616e-04	AbsError: 6.41354e+09
      Equation: "ElectronContinuityEquation"	RelError: 4.40022e-04	AbsError: 1.47665e+09
      Equation: "HoleContinuityEquation"	RelError: 2.63008e-05	AbsError: 4.93689e+09
      Equation: "PotentialEquation"	RelError: 2.92758e-07	AbsError: 9.94211e-09
    Region: "gate"	RelError: 1.55325e-12	AbsError: 7.63222e+07
      Equation: "ElectronContinuityEquation"	RelError: 7.66400e-13	AbsError: 7.63222e+07
      Equation: "HoleContinuityEquation"	RelError: 7.68736e-13	AbsError: 7.71937e-13
      Equation: "PotentialEquation"	RelError: 1.81139e-14	AbsError: 1.98523e-14
    Region: "oxide"	RelError: 2.72383e-11	AbsError: 2.53786e-11
      Equation: "PotentialEquation"	RelError: 2.72383e-11	AbsError: 2.53786e-11
Iteration: 3
  Device: "mos2d"	RelError: 4.98519e-09	AbsError: 7.99899e+03
    Region: "bulk"	RelError: 4.98519e-09	AbsError: 5.74566e+03
      Equation: "ElectronContinuityEquation"	RelError: 3.40343e-09	AbsError: 5.23991e+03
      Equation: "HoleContinuityEquation"	RelError: 1.58129e-09	AbsError: 5.05748e+02
      Equation: "PotentialEquation"	RelError: 4.70421e-13	AbsError: 7.31609e-16
    Region: "gate"	RelError: 3.33957e-16	AbsError: 7.99899e+03
      Equation: "ElectronContinuityEquation"	RelError: 7.99899e-17	AbsError: 7.99899e+03
      Equation: "HoleContinuityEquation"	RelError: 1.52660e-16	AbsError: 1.52658e-16
      Equation: "PotentialEquation"	RelError: 1.01307e-16	AbsError: 1.11040e-16
    Region: "oxide"	RelError: 1.09990e-16	AbsError: 1.06792e-16
      Equation: "PotentialEquation"	RelError: 1.09990e-16	AbsError: 1.06792e-16
Succeeded
IVPOINT	IDVD_VG1P0	5.00000000e-01	1.68000000e+00	1.54377753e+00
drain last end 1.680000e+00 2.000000e+00
number of equations 4346
Iteration: 0
  Device: "mos2d"	RelError: 1.97141e+00	AbsError: 4.12381e+16
    Region: "bulk"	RelError: 1.96387e+00	AbsError: 4.12381e+16
      Equation: "ElectronContinuityEquation"	RelError: 1.80425e-01	AbsError: 4.04991e+16
      Equation: "HoleContinuityEquation"	RelError: 6.71818e-01	AbsError: 7.39020e+14
      Equation: "PotentialEquation"	RelError: 1.11163e+00	AbsError: 2.00000e-02
    Region: "gate"	RelError: 6.14683e-04	AbsError: 3.08434e+16
      Equation: "ElectronContinuityEquation"	RelError: 3.03663e-04	AbsError: 3.08434e+16
      Equation: "HoleContinuityEquation"	RelError: 3.03848e-04	AbsError: 2.99149e-04
      Equation: "PotentialEquation"	RelError: 7.17149e-06	AbsError: 7.86338e-06
    Region: "oxide"	RelError: 6.92470e-03	AbsError: 1.19872e-02
      Equation: "PotentialEquation"	RelError: 6.92470e-03	AbsError: 1.19872e-02
Iteration: 1
  Device: "mos2d"	RelError: 1.21730e-01	AbsError: 1.16383e+14
    Region: "bulk"	RelError: 1.21728e-01	AbsError: 1.16383e+14
      Equation: "ElectronContinuityEquation"	RelError: 1.33294e-02	AbsError: 9.88596e+13
      Equation: "HoleContinuityEquation"	RelError: 1.06698e-01	AbsError: 1.75235e+13
      Equation: "PotentialEquation"	RelError: 1.70102e-03	AbsError: 4.36043e-05
    Region: "gate"	RelError: 1.86977e-07	AbsError: 4.77475e+12
      Equation: "ElectronContinuityEquation"	RelError: 4.71541e-08	AbsError: 4.77475e+12
      Equation: "HoleContinuityEquation"	RelError: 1.37642e-07	AbsError: 1.35931e-07
      Equation: "PotentialEquation"	RelError: 2.18141e-09	AbsError: 2.39169e-09
    Region: "oxide"	RelError: 1.33744e-06	AbsError: 1.57192e-06
      Equation: "PotentialEquation"	RelError: 1.33744e-06	AbsError: 1.57192e-06
Iteration: 2
  Device: "mos2d"	RelError: 4.10294e-04	AbsError: 6.44984e+09
    Region: "bulk"	RelError: 4.10294e-04	AbsError: 6.44984e+09
      Equation: "ElectronContinuityEquation"	RelError: 3.86280e-04	AbsError: 1.46911e+09
      Equation: "HoleContinuityEquation"	RelError: 2.38844e-05	AbsError: 4.98073e+09
      Equation: "PotentialEquation"	RelError: 1.29116e-07	AbsError: 9.97463e-09
    Region: "gate"	RelError: 1.60266e-12	AbsError: 7.87865e+07
      Equation: "ElectronContinuityEquation"	RelError: 7.91059e-13	AbsError: 7.87865e+07
      Equation: "HoleContinuityEquation"	RelError: 7.92932e-13	AbsError: 7.96146e-13
      Equation: "PotentialEquation"	RelError: 1.86732e-14	AbsError: 2.04653e-14
    Region: "oxide"	RelError: 2.79505e-11	AbsError: 2.62036e-11
      Equation: "PotentialEquation"	RelError: 2.79505e-11	AbsError: 2.62036e-11
Iteration: 3
  Device: "mos2d"	RelError: 8.04107e-09	AbsError: 8.17564e+03
    Region: "bulk"	RelError: 8.04107e-09	AbsError: 7.10383e+03
      Equation: "ElectronContinuityEquation"	RelError: 4.36196e-09	AbsError: 6.50990e+03
      Equation: "HoleContinuityEquation"	RelError: 3.67903e-09	AbsError: 5.93933e+02
      Equation: "PotentialEquation"	RelError: 7.34982e-14	AbsError: 1.54990e-15
    Region: "gate"	RelError: 3.41702e-16	AbsError: 8.17564e+03
      Equation: "ElectronContinuityEquation"	RelError: 8.16296e-17	AbsError: 8.17564e+03
      Equation: "HoleContinuityEquation"	RelError: 1.58761e-16	AbsError: 1.61098e-16
      Equation: "PotentialEquation"	RelError: 1.01311e-16	AbsError: 1.11045e-16
    Region: "oxide"	RelError: 1.10195e-16	AbsError: 1.18979e-16
      Equation: "PotentialEquation"	RelError: 1.10195e-16	AbsError: 1.18979e-16
Succeeded
IVPOINT	IDVD_VG1P0	5.00000000e-01	1.70000000e+00	1.55482171e+00
drain last end 1.700000e+00 2.000000e+00
number of equations 4346
Iteration: 0
  Device: "mos2d"	RelError: 1.55034e+00	AbsError: 4.12343e+16
    Region: "bulk"	RelError: 1.54285e+00	AbsError: 4.12343e+16
      Equation: "ElectronContinuityEquation"	RelError: 1.79653e-01	AbsError: 4.05019e+16
      Equation: "HoleContinuityEquation"	RelError: 6.66831e-01	AbsError: 7.32415e+14
      Equation: "PotentialEquation"	RelError: 6.96371e-01	AbsError: 2.00000e-02
    Region: "gate"	RelError: 6.14377e-04	AbsError: 3.08374e+16
      Equation: "ElectronContinuityEquation"	RelError: 3.03512e-04	AbsError: 3.08374e+16
      Equation: "HoleContinuityEquation"	RelError: 3.03697e-04	AbsError: 2.98909e-04
      Equation: "PotentialEquation"	RelError: 7.16787e-06	AbsError: 7.85947e-06
    Region: "oxide"	RelError: 6.87598e-03	AbsError: 1.19852e-02
      Equation: "PotentialEquation"	RelError: 6.87598e-03	AbsError: 1.19852e-02
Iteration: 1
  Device: "mos2d"	RelError: 1.20507e-01	AbsError: 1.14639e+14
    Region: "bulk"	RelError: 1.20505e-01	AbsError: 1.14639e+14
      Equation: "ElectronContinuityEquation"	RelError: 1.31280e-02	AbsError: 9.72832e+13
      Equation: "HoleContinuityEquation"	RelError: 1.06284e-01	AbsError: 1.73561e+13
      Equation: "PotentialEquation"	RelError: 1.09310e-03	AbsError: 4.28539e-05
    Region: "gate"	RelError: 1.82206e-07	AbsError: 4.54298e+12
      Equation: "ElectronContinuityEquation"	RelError: 4.48517e-08	AbsError: 4.54298e+12
      Equation: "HoleContinuityEquation"	RelError: 1.35229e-07	AbsError: 1.33508e-07
      Equation: "PotentialEquation"	RelError: 2.12572e-09	AbsError: 2.33066e-09
    Region: "oxide"	RelError: 1.28258e-06	AbsError: 1.51091e-06
      Equation: "PotentialEquation"	RelError: 1.28258e-06	AbsError: 1.51091e-06
Iteration: 2
  Device: "mos2d"	RelError: 3.75222e-04	AbsError: 6.37259e+09
    Region: "bulk"	RelError: 3.75222e-04	AbsError: 6.37259e+09
      Equation: "ElectronContinuityEquation"	RelError: 3.53593e-04	AbsError: 1.44142e+09
      Equation: "HoleContinuityEquation"	RelError: 2.15118e-05	AbsError: 4.93118e+09
      Equation: "PotentialEquation"	RelError: 1.17487e-07	AbsError: 9.83699e-09
    Region: "gate"	RelError: 1.64264e-12	AbsError: 8.07531e+07
      Equation: "ElectronContinuityEquation"	RelError: 8.10716e-13	AbsError: 8.07531e+07
      Equation: "HoleContinuityEquation"	RelError: 8.12731e-13	AbsError: 8.15936e-13
      Equation: "PotentialEquation"	RelError: 1.91921e-14	AbsError: 2.10341e-14
    Region: "oxide"	RelError: 2.85042e-11	AbsError: 2.68679e-11
      Equation: "PotentialEquation"	RelError: 2.85042e-11	AbsError: 2.68679e-11
Iteration: 3
  Device: "mos2d"	RelError: 6.83986e-09	AbsError: 8.07581e+03
    Region: "bulk"	RelError: 6.83986e-09	AbsError: 5.64689e+03
      Equation: "ElectronContinuityEquation"	RelError: 3.72162e-09	AbsError: 5.05247e+03
      Equation: "HoleContinuityEquation"	RelError: 3.11822e-09	AbsError: 5.94419e+02
      Equation: "PotentialEquation"	RelError: 2.52573e-14	AbsError: 7.46632e-16
    Region: "gate"	RelError: 3.99114e-16	AbsError: 8.07581e+03
      Equation: "ElectronContinuityEquation"	RelError: 8.07581e-17	AbsError: 8.07581e+03
      Equation: "HoleContinuityEquation"	RelError: 2.17036e-16	AbsError: 2.20144e-16
      Equation: "PotentialEquation"	RelError: 1.01321e-16	AbsError: 1.11055e-16
    Region: "oxide"	RelError: 1.78233e-16	AbsError: 1.34105e-16
      Equation: "PotentialEquation"	RelError: 1.78233e-16	AbsError: 1.34105e-16
Succeeded
IVPOINT	IDVD_VG1P0	5.00000000e-01	1.72000000e+00	1.56588558e+00
drain last end 1.720000e+00 2.000000e+00
number of equations 4346
Iteration: 0
  Device: "mos2d"	RelError: 3.16897e+00	AbsError: 4.12281e+16
    Region: "bulk"	RelError: 3.16152e+00	AbsError: 4.12281e+16
      Equation: "ElectronContinuityEquation"	RelError: 1.78844e-01	AbsError: 4.05035e+16
      Equation: "HoleContinuityEquation"	RelError: 6.57564e-01	AbsError: 7.24629e+14
      Equation: "PotentialEquation"	RelError: 2.32512e+00	AbsError: 2.00000e-02
    Region: "gate"	RelError: 6.14078e-04	AbsError: 3.08317e+16
      Equation: "ElectronContinuityEquation"	RelError: 3.03365e-04	AbsError: 3.08317e+16
      Equation: "HoleContinuityEquation"	RelError: 3.03549e-04	AbsError: 2.98673e-04
      Equation: "PotentialEquation"	RelError: 7.16433e-06	AbsError: 7.85565e-06
    Region: "oxide"	RelError: 6.82800e-03	AbsError: 1.19834e-02
      Equation: "PotentialEquation"	RelError: 6.82800e-03	AbsError: 1.19834e-02
Iteration: 1
  Device: "mos2d"	RelError: 1.21839e-01	AbsError: 1.12802e+14
    Region: "bulk"	RelError: 1.21838e-01	AbsError: 1.12802e+14
      Equation: "ElectronContinuityEquation"	RelError: 1.30421e-02	AbsError: 9.57667e+13
      Equation: "HoleContinuityEquation"	RelError: 1.05240e-01	AbsError: 1.70354e+13
      Equation: "PotentialEquation"	RelError: 3.55521e-03	AbsError: 4.18718e-05
    Region: "gate"	RelError: 1.77818e-07	AbsError: 4.33010e+12
      Equation: "ElectronContinuityEquation"	RelError: 4.27372e-08	AbsError: 4.33010e+12
      Equation: "HoleContinuityEquation"	RelError: 1.33007e-07	AbsError: 1.31275e-07
      Equation: "PotentialEquation"	RelError: 2.07451e-09	AbsError: 2.27452e-09
    Region: "oxide"	RelError: 1.23164e-06	AbsError: 1.45429e-06
      Equation: "PotentialEquation"	RelError: 1.23164e-06	AbsError: 1.45429e-06
Iteration: 2
  Device: "mos2d"	RelError: 4.44749e-04	AbsError: 6.18444e+09
    Region: "bulk"	RelError: 4.44749e-04	AbsError: 6.18444e+09
      Equation: "ElectronContinuityEquation"	RelError: 4.25340e-04	AbsError: 1.39324e+09
      Equation: "HoleContinuityEquation"	RelError: 1.92210e-05	AbsError: 4.79119e+09
      Equation: "PotentialEquation"	RelError: 1.87876e-07	AbsError: 9.53146e-09
    Region: "gate"	RelError: 1.67204e-12	AbsError: 8.22294e+07
      Equation: "ElectronContinuityEquation"	RelError: 8.25447e-13	AbsError: 8.22294e+07
      Equation: "HoleContinuityEquation"	RelError: 8.27117e-13	AbsError: 8.30289e-13
      Equation: "PotentialEquation"	RelError: 1.94746e-14	AbsError: 2.13437e-14
    Region: "oxide"	RelError: 2.88899e-11	AbsError: 2.73636e-11
      Equation: "PotentialEquation"	RelError: 2.88899e-11	AbsError: 2.73636e-11
Iteration: 3
  Device: "mos2d"	RelError: 1.49529e-08	AbsError: 7.86972e+03
    Region: "bulk"	RelError: 1.49529e-08	AbsError: 4.96269e+03
      Equation: "ElectronContinuityEquation"	RelError: 1.06645e-08	AbsError: 4.62263e+03
      Equation: "HoleContinuityEquation"	RelError: 4.28842e-09	AbsError: 3.40060e+02
      Equation: "PotentialEquation"	RelError: 1.52954e-14	AbsError: 6.56373e-16
    Region: "gate"	RelError: 3.51901e-16	AbsError: 7.86972e+03
      Equation: "ElectronContinuityEquation"	RelError: 7.86972e-17	AbsError: 7.86972e+03
      Equation: "HoleContinuityEquation"	RelError: 1.71880e-16	AbsError: 1.76624e-16
      Equation: "PotentialEquation"	RelError: 1.01323e-16	AbsError: 1.11058e-16
    Region: "oxide"	RelError: 1.51340e-16	AbsError: 1.82740e-16
      Equation: "PotentialEquation"	RelError: 1.51340e-16	AbsError: 1.82740e-16
Succeeded
IVPOINT	IDVD_VG1P0	5.00000000e-01	1.74000000e+00	1.57696974e+00
drain last end 1.740000e+00 2.000000e+00
number of equations 4346
Iteration: 0
  Device: "mos2d"	RelError: 2.57373e+00	AbsError: 4.12197e+16
    Region: "bulk"	RelError: 2.56633e+00	AbsError: 4.12197e+16
      Equation: "ElectronContinuityEquation"	RelError: 1.77986e-01	AbsError: 4.05040e+16
      Equation: "HoleContinuityEquation"	RelError: 6.42347e-01	AbsError: 7.15645e+14
      Equation: "PotentialEquation"	RelError: 1.74600e+00	AbsError: 2.00000e-02
    Region: "gate"	RelError: 6.13787e-04	AbsError: 3.08265e+16
      Equation: "ElectronContinuityEquation"	RelError: 3.03221e-04	AbsError: 3.08265e+16
      Equation: "HoleContinuityEquation"	RelError: 3.03405e-04	AbsError: 2.98441e-04
      Equation: "PotentialEquation"	RelError: 7.16088e-06	AbsError: 7.85192e-06
    Region: "oxide"	RelError: 6.78075e-03	AbsError: 1.19817e-02
      Equation: "PotentialEquation"	RelError: 6.78075e-03	AbsError: 1.19817e-02
Iteration: 1
  Device: "mos2d"	RelError: 1.20958e-01	AbsError: 1.10879e+14
    Region: "bulk"	RelError: 1.20957e-01	AbsError: 1.10879e+14
      Equation: "ElectronContinuityEquation"	RelError: 1.29557e-02	AbsError: 9.43063e+13
      Equation: "HoleContinuityEquation"	RelError: 1.03313e-01	AbsError: 1.65723e+13
      Equation: "PotentialEquation"	RelError: 4.68862e-03	AbsError: 4.06730e-05
    Region: "gate"	RelError: 1.73779e-07	AbsError: 4.13441e+12
      Equation: "ElectronContinuityEquation"	RelError: 4.07935e-08	AbsError: 4.13441e+12
      Equation: "HoleContinuityEquation"	RelError: 1.30958e-07	AbsError: 1.29214e-07
      Equation: "PotentialEquation"	RelError: 2.02736e-09	AbsError: 2.22285e-09
    Region: "oxide"	RelError: 1.18437e-06	AbsError: 1.40170e-06
      Equation: "PotentialEquation"	RelError: 1.18437e-06	AbsError: 1.40170e-06
Iteration: 2
  Device: "mos2d"	RelError: 5.17385e-04	AbsError: 5.89454e+09
    Region: "bulk"	RelError: 5.17385e-04	AbsError: 5.89454e+09
      Equation: "ElectronContinuityEquation"	RelError: 4.99089e-04	AbsError: 1.32582e+09
      Equation: "HoleContinuityEquation"	RelError: 1.77985e-05	AbsError: 4.56871e+09
      Equation: "PotentialEquation"	RelError: 4.97735e-07	AbsError: 9.07091e-09
    Region: "gate"	RelError: 1.69123e-12	AbsError: 8.31881e+07
      Equation: "ElectronContinuityEquation"	RelError: 8.34978e-13	AbsError: 8.31881e+07
      Equation: "HoleContinuityEquation"	RelError: 8.36579e-13	AbsError: 8.39694e-13
      Equation: "PotentialEquation"	RelError: 1.96727e-14	AbsError: 2.15609e-14
    Region: "oxide"	RelError: 2.91038e-11	AbsError: 2.76878e-11
      Equation: "PotentialEquation"	RelError: 2.91038e-11	AbsError: 2.76878e-11
Iteration: 3
  Device: "mos2d"	RelError: 1.96781e-08	AbsError: 8.34127e+03
    Region: "bulk"	RelError: 1.96781e-08	AbsError: 6.02463e+03
      Equation: "ElectronContinuityEquation"	RelError: 1.19550e-08	AbsError: 5.62700e+03
      Equation: "HoleContinuityEquation"	RelError: 7.72308e-09	AbsError: 3.97632e+02
      Equation: "PotentialEquation"	RelError: 1.84883e-14	AbsError: 7.26975e-16
    Region: "gate"	RelError: 3.80712e-16	AbsError: 8.34127e+03
      Equation: "ElectronContinuityEquation"	RelError: 8.46404e-17	AbsError: 8.34127e+03
      Equation: "HoleContinuityEquation"	RelError: 1.94779e-16	AbsError: 1.97645e-16
      Equation: "PotentialEquation"	RelError: 1.01293e-16	AbsError: 1.11025e-16
    Region: "oxide"	RelError: 1.52062e-16	AbsError: 1.58967e-16
      Equation: "PotentialEquation"	RelError: 1.52062e-16	AbsError: 1.58967e-16
Succeeded
IVPOINT	IDVD_VG1P0	5.00000000e-01	1.76000000e+00	1.58807475e+00
drain last end 1.760000e+00 2.000000e+00
number of equations 4346
Iteration: 0
  Device: "mos2d"	RelError: 3.18918e+00	AbsError: 4.12091e+16
    Region: "bulk"	RelError: 3.18183e+00	AbsError: 4.12091e+16
      Equation: "ElectronContinuityEquation"	RelError: 1.77064e-01	AbsError: 4.05037e+16
      Equation: "HoleContinuityEquation"	RelError: 6.19166e-01	AbsError: 7.05453e+14
      Equation: "PotentialEquation"	RelError: 2.38560e+00	AbsError: 2.00000e-02
    Region: "gate"	RelError: 6.13501e-04	AbsError: 3.08215e+16
      Equation: "ElectronContinuityEquation"	RelError: 3.03080e-04	AbsError: 3.08215e+16
      Equation: "HoleContinuityEquation"	RelError: 3.03264e-04	AbsError: 2.98212e-04
      Equation: "PotentialEquation"	RelError: 7.15750e-06	AbsError: 7.84827e-06
    Region: "oxide"	RelError: 6.73420e-03	AbsError: 1.19801e-02
      Equation: "PotentialEquation"	RelError: 6.73420e-03	AbsError: 1.19801e-02
Iteration: 1
  Device: "mos2d"	RelError: 1.19405e-01	AbsError: 1.08880e+14
    Region: "bulk"	RelError: 1.19403e-01	AbsError: 1.08880e+14
      Equation: "ElectronContinuityEquation"	RelError: 1.28683e-02	AbsError: 9.28988e+13
      Equation: "HoleContinuityEquation"	RelError: 1.00186e-01	AbsError: 1.59814e+13
      Equation: "PotentialEquation"	RelError: 6.34915e-03	AbsError: 3.92805e-05
    Region: "gate"	RelError: 1.70056e-07	AbsError: 3.95434e+12
      Equation: "ElectronContinuityEquation"	RelError: 3.90050e-08	AbsError: 3.95434e+12
      Equation: "HoleContinuityEquation"	RelError: 1.29067e-07	AbsError: 1.27310e-07
      Equation: "PotentialEquation"	RelError: 1.98391e-09	AbsError: 2.17522e-09
    Region: "oxide"	RelError: 1.14145e-06	AbsError: 1.35284e-06
      Equation: "PotentialEquation"	RelError: 1.14145e-06	AbsError: 1.35284e-06
Iteration: 2
  Device: "mos2d"	RelError: 5.86375e-04	AbsError: 5.51794e+09
    Region: "bulk"	RelError: 5.86375e-04	AbsError: 5.51794e+09
      Equation: "ElectronContinuityEquation"	RelError: 5.68982e-04	AbsError: 1.24179e+09
      Equation: "HoleContinuityEquation"	RelError: 1.67292e-05	AbsError: 4.27614e+09
      Equation: "PotentialEquation"	RelError: 6.63831e-07	AbsError: 8.47767e-09
    Region: "gate"	RelError: 1.69963e-12	AbsError: 8.36242e+07
      Equation: "ElectronContinuityEquation"	RelError: 8.39265e-13	AbsError: 8.36242e+07
      Equation: "HoleContinuityEquation"	RelError: 8.40604e-13	AbsError: 8.43642e-13
      Equation: "PotentialEquation"	RelError: 1.97604e-14	AbsError: 2.16570e-14
    Region: "oxide"	RelError: 2.91471e-11	AbsError: 2.78418e-11
      Equation: "PotentialEquation"	RelError: 2.91471e-11	AbsError: 2.78418e-11
Iteration: 3
  Device: "mos2d"	RelError: 1.82080e-08	AbsError: 8.03535e+03
    Region: "bulk"	RelError: 1.82080e-08	AbsError: 4.55597e+03
      Equation: "ElectronContinuityEquation"	RelError: 1.33667e-08	AbsError: 4.10296e+03
      Equation: "HoleContinuityEquation"	RelError: 4.84129e-09	AbsError: 4.53010e+02
      Equation: "PotentialEquation"	RelError: 1.80500e-14	AbsError: 5.96800e-16
    Region: "gate"	RelError: 4.21311e-16	AbsError: 8.03535e+03
      Equation: "ElectronContinuityEquation"	RelError: 8.03535e-17	AbsError: 8.03535e+03
      Equation: "HoleContinuityEquation"	RelError: 2.39660e-16	AbsError: 2.40526e-16
      Equation: "PotentialEquation"	RelError: 1.01298e-16	AbsError: 1.11030e-16
    Region: "oxide"	RelError: 1.27971e-16	AbsError: 1.40572e-16
      Equation: "PotentialEquation"	RelError: 1.27971e-16	AbsError: 1.40572e-16
Succeeded
IVPOINT	IDVD_VG1P0	5.00000000e-01	1.78000000e+00	1.59920115e+00
drain last end 1.780000e+00 2.000000e+00
number of equations 4346
Iteration: 0
  Device: "mos2d"	RelError: 1.47472e+00	AbsError: 4.11966e+16
    Region: "bulk"	RelError: 1.46742e+00	AbsError: 4.11966e+16
      Equation: "ElectronContinuityEquation"	RelError: 1.76057e-01	AbsError: 4.05025e+16
      Equation: "HoleContinuityEquation"	RelError: 5.86951e-01	AbsError: 6.94053e+14
      Equation: "PotentialEquation"	RelError: 7.04414e-01	AbsError: 2.00000e-02
    Region: "gate"	RelError: 6.13222e-04	AbsError: 3.08168e+16
      Equation: "ElectronContinuityEquation"	RelError: 3.02942e-04	AbsError: 3.08168e+16
      Equation: "HoleContinuityEquation"	RelError: 3.03126e-04	AbsError: 2.97985e-04
      Equation: "PotentialEquation"	RelError: 7.15419e-06	AbsError: 7.84470e-06
    Region: "oxide"	RelError: 6.68833e-03	AbsError: 1.19787e-02
      Equation: "PotentialEquation"	RelError: 6.68833e-03	AbsError: 1.19787e-02
Iteration: 1
  Device: "mos2d"	RelError: 1.10135e-01	AbsError: 1.06822e+14
    Region: "bulk"	RelError: 1.10134e-01	AbsError: 1.06822e+14
      Equation: "ElectronContinuityEquation"	RelError: 1.27797e-02	AbsError: 9.15411e+13
      Equation: "HoleContinuityEquation"	RelError: 9.55126e-02	AbsError: 1.52806e+13
      Equation: "PotentialEquation"	RelError: 1.84119e-03	AbsError: 3.77238e-05
    Region: "gate"	RelError: 1.66621e-07	AbsError: 3.78849e+12
      Equation: "ElectronContinuityEquation"	RelError: 3.73579e-08	AbsError: 3.78849e+12
      Equation: "HoleContinuityEquation"	RelError: 1.27319e-07	AbsError: 1.25548e-07
      Equation: "PotentialEquation"	RelError: 1.94382e-09	AbsError: 2.13128e-09
    Region: "oxide"	RelError: 1.10216e-06	AbsError: 1.30743e-06
      Equation: "PotentialEquation"	RelError: 1.10216e-06	AbsError: 1.30743e-06
Iteration: 2
  Device: "mos2d"	RelError: 6.43308e-04	AbsError: 5.07415e+09
    Region: "bulk"	RelError: 6.43308e-04	AbsError: 5.07415e+09
      Equation: "ElectronContinuityEquation"	RelError: 6.27721e-04	AbsError: 1.14486e+09
      Equation: "HoleContinuityEquation"	RelError: 1.53977e-05	AbsError: 3.92929e+09
      Equation: "PotentialEquation"	RelError: 1.88635e-07	AbsError: 7.78140e-09
    Region: "gate"	RelError: 1.69859e-12	AbsError: 8.35784e+07
      Equation: "ElectronContinuityEquation"	RelError: 8.38713e-13	AbsError: 8.35784e+07
      Equation: "HoleContinuityEquation"	RelError: 8.40075e-13	AbsError: 8.43019e-13
      Equation: "PotentialEquation"	RelError: 1.98038e-14	AbsError: 2.17047e-14
    Region: "oxide"	RelError: 2.90245e-11	AbsError: 2.78310e-11
      Equation: "PotentialEquation"	RelError: 2.90245e-11	AbsError: 2.78310e-11
Iteration: 3
  Device: "mos2d"	RelError: 2.00119e-08	AbsError: 8.16206e+03
    Region: "bulk"	RelError: 2.00119e-08	AbsError: 5.62598e+03
      Equation: "ElectronContinuityEquation"	RelError: 1.49016e-08	AbsError: 5.14569e+03
      Equation: "HoleContinuityEquation"	RelError: 5.11023e-09	AbsError: 4.80292e+02
      Equation: "PotentialEquation"	RelError: 1.93610e-14	AbsError: 1.01562e-15
    Region: "gate"	RelError: 3.31465e-16	AbsError: 8.16206e+03
      Equation: "ElectronContinuityEquation"	RelError: 8.16206e-17	AbsError: 8.16206e+03
      Equation: "HoleContinuityEquation"	RelError: 1.48541e-16	AbsError: 1.48541e-16
      Equation: "PotentialEquation"	RelError: 1.01303e-16	AbsError: 1.11036e-16
    Region: "oxide"	RelError: 1.42171e-16	AbsError: 1.60779e-16
      Equation: "PotentialEquation"	RelError: 1.42171e-16	AbsError: 1.60779e-16
Succeeded
IVPOINT	IDVD_VG1P0	5.00000000e-01	1.80000000e+00	1.61034945e+00
drain last end 1.800000e+00 2.000000e+00
number of equations 4346
Iteration: 0
  Device: "mos2d"	RelError: 1.47847e+00	AbsError: 4.11845e+16
    Region: "bulk"	RelError: 1.47122e+00	AbsError: 4.11845e+16
      Equation: "ElectronContinuityEquation"	RelError: 1.74941e-01	AbsError: 4.05006e+16
      Equation: "HoleContinuityEquation"	RelError: 5.90426e-01	AbsError: 6.83892e+14
      Equation: "PotentialEquation"	RelError: 7.05850e-01	AbsError: 2.00000e-02
    Region: "gate"	RelError: 6.12948e-04	AbsError: 3.08123e+16
      Equation: "ElectronContinuityEquation"	RelError: 3.02807e-04	AbsError: 3.08123e+16
      Equation: "HoleContinuityEquation"	RelError: 3.02990e-04	AbsError: 2.97762e-04
      Equation: "PotentialEquation"	RelError: 7.15094e-06	AbsError: 7.84119e-06
    Region: "oxide"	RelError: 6.64313e-03	AbsError: 1.19773e-02
      Equation: "PotentialEquation"	RelError: 6.64313e-03	AbsError: 1.19773e-02
Iteration: 1
  Device: "mos2d"	RelError: 1.02898e-01	AbsError: 1.04720e+14
    Region: "bulk"	RelError: 1.02897e-01	AbsError: 1.04720e+14
      Equation: "ElectronContinuityEquation"	RelError: 1.26893e-02	AbsError: 9.02301e+13
      Equation: "HoleContinuityEquation"	RelError: 8.89894e-02	AbsError: 1.44900e+13
      Equation: "PotentialEquation"	RelError: 1.21812e-03	AbsError: 3.60373e-05
    Region: "gate"	RelError: 1.63448e-07	AbsError: 3.63559e+12
      Equation: "ElectronContinuityEquation"	RelError: 3.58395e-08	AbsError: 3.63559e+12
      Equation: "HoleContinuityEquation"	RelError: 1.25702e-07	AbsError: 1.23917e-07
      Equation: "PotentialEquation"	RelError: 1.90680e-09	AbsError: 2.09070e-09
    Region: "oxide"	RelError: 1.06581e-06	AbsError: 1.26520e-06
      Equation: "PotentialEquation"	RelError: 1.06581e-06	AbsError: 1.26520e-06
Iteration: 2
  Device: "mos2d"	RelError: 6.81475e-04	AbsError: 4.58531e+09
    Region: "bulk"	RelError: 6.81475e-04	AbsError: 4.58531e+09
      Equation: "ElectronContinuityEquation"	RelError: 6.67571e-04	AbsError: 1.03937e+09
      Equation: "HoleContinuityEquation"	RelError: 1.37989e-05	AbsError: 3.54594e+09
      Equation: "PotentialEquation"	RelError: 1.05824e-07	AbsError: 7.01608e-09
    Region: "gate"	RelError: 1.68783e-12	AbsError: 8.30622e+07
      Equation: "ElectronContinuityEquation"	RelError: 8.33441e-13	AbsError: 8.30622e+07
      Equation: "HoleContinuityEquation"	RelError: 8.34703e-13	AbsError: 8.37536e-13
      Equation: "PotentialEquation"	RelError: 1.96847e-14	AbsError: 2.15741e-14
    Region: "oxide"	RelError: 2.87459e-11	AbsError: 2.76645e-11
      Equation: "PotentialEquation"	RelError: 2.87459e-11	AbsError: 2.76645e-11
Iteration: 3
  Device: "mos2d"	RelError: 1.62369e-08	AbsError: 8.57471e+03
    Region: "bulk"	RelError: 1.62369e-08	AbsError: 8.57471e+03
      Equation: "ElectronContinuityEquation"	RelError: 1.22615e-08	AbsError: 8.14429e+03
      Equation: "HoleContinuityEquation"	RelError: 3.97529e-09	AbsError: 4.30420e+02
      Equation: "PotentialEquation"	RelError: 1.74075e-13	AbsError: 9.45585e-16
    Region: "gate"	RelError: 3.09931e-16	AbsError: 8.07189e+03
      Equation: "ElectronContinuityEquation"	RelError: 8.07189e-17	AbsError: 8.07189e+03
      Equation: "HoleContinuityEquation"	RelError: 1.27921e-16	AbsError: 1.31448e-16
      Equation: "PotentialEquation"	RelError: 1.01291e-16	AbsError: 1.11022e-16
    Region: "oxide"	RelError: 1.65902e-16	AbsError: 1.81898e-16
      Equation: "PotentialEquation"	RelError: 1.65902e-16	AbsError: 1.81898e-16
Succeeded
IVPOINT	IDVD_VG1P0	5.00000000e-01	1.82000000e+00	1.62152016e+00
drain last end 1.820000e+00 2.000000e+00
number of equations 4346
Iteration: 0
  Device: "mos2d"	RelError: 3.21271e+00	AbsError: 4.11813e+16
    Region: "bulk"	RelError: 3.20550e+00	AbsError: 4.11813e+16
      Equation: "ElectronContinuityEquation"	RelError: 1.73682e-01	AbsError: 4.04981e+16
      Equation: "HoleContinuityEquation"	RelError: 5.93711e-01	AbsError: 6.83143e+14
      Equation: "PotentialEquation"	RelError: 2.43811e+00	AbsError: 2.00000e-02
    Region: "gate"	RelError: 6.12678e-04	AbsError: 3.08081e+16
      Equation: "ElectronContinuityEquation"	RelError: 3.02674e-04	AbsError: 3.08081e+16
      Equation: "HoleContinuityEquation"	RelError: 3.02857e-04	AbsError: 2.97541e-04
      Equation: "PotentialEquation"	RelError: 7.14775e-06	AbsError: 7.83774e-06
    Region: "oxide"	RelError: 6.59857e-03	AbsError: 1.19759e-02
      Equation: "PotentialEquation"	RelError: 6.59857e-03	AbsError: 1.19759e-02
Iteration: 1
  Device: "mos2d"	RelError: 1.05487e-01	AbsError: 1.02594e+14
    Region: "bulk"	RelError: 1.05486e-01	AbsError: 1.02594e+14
      Equation: "ElectronContinuityEquation"	RelError: 1.25964e-02	AbsError: 8.89632e+13
      Equation: "HoleContinuityEquation"	RelError: 8.87237e-02	AbsError: 1.36309e+13
      Equation: "PotentialEquation"	RelError: 4.16555e-03	AbsError: 3.42584e-05
    Region: "gate"	RelError: 1.60515e-07	AbsError: 3.49449e+12
      Equation: "ElectronContinuityEquation"	RelError: 3.44382e-08	AbsError: 3.49449e+12
      Equation: "HoleContinuityEquation"	RelError: 1.24204e-07	AbsError: 1.22403e-07
      Equation: "PotentialEquation"	RelError: 1.87256e-09	AbsError: 2.05317e-09
    Region: "oxide"	RelError: 1.03217e-06	AbsError: 1.22590e-06
      Equation: "PotentialEquation"	RelError: 1.03217e-06	AbsError: 1.22590e-06
Iteration: 2
  Device: "mos2d"	RelError: 6.93970e-04	AbsError: 4.07409e+09
    Region: "bulk"	RelError: 6.93970e-04	AbsError: 4.07409e+09
      Equation: "ElectronContinuityEquation"	RelError: 6.81861e-04	AbsError: 9.29905e+08
      Equation: "HoleContinuityEquation"	RelError: 1.20378e-05	AbsError: 3.14419e+09
      Equation: "PotentialEquation"	RelError: 7.13334e-08	AbsError: 6.21675e-09
    Region: "gate"	RelError: 1.66802e-12	AbsError: 8.20954e+07
      Equation: "ElectronContinuityEquation"	RelError: 8.23651e-13	AbsError: 8.20954e+07
      Equation: "HoleContinuityEquation"	RelError: 8.24908e-13	AbsError: 8.27618e-13
      Equation: "PotentialEquation"	RelError: 1.94638e-14	AbsError: 2.13321e-14
    Region: "oxide"	RelError: 2.83225e-11	AbsError: 2.73537e-11
      Equation: "PotentialEquation"	RelError: 2.83225e-11	AbsError: 2.73537e-11
Iteration: 3
  Device: "mos2d"	RelError: 1.31967e-08	AbsError: 7.89878e+03
    Region: "bulk"	RelError: 1.31967e-08	AbsError: 4.87360e+03
      Equation: "ElectronContinuityEquation"	RelError: 7.93602e-09	AbsError: 4.16220e+03
      Equation: "HoleContinuityEquation"	RelError: 5.26063e-09	AbsError: 7.11393e+02
      Equation: "PotentialEquation"	RelError: 1.34586e-14	AbsError: 5.96202e-16
    Region: "gate"	RelError: 3.33983e-16	AbsError: 7.89878e+03
      Equation: "ElectronContinuityEquation"	RelError: 7.93484e-17	AbsError: 7.89878e+03
      Equation: "HoleContinuityEquation"	RelError: 1.53343e-16	AbsError: 1.55304e-16
      Equation: "PotentialEquation"	RelError: 1.01291e-16	AbsError: 1.11022e-16
    Region: "oxide"	RelError: 1.63378e-16	AbsError: 1.09448e-16
      Equation: "PotentialEquation"	RelError: 1.63378e-16	AbsError: 1.09448e-16
Succeeded
IVPOINT	IDVD_VG1P0	5.00000000e-01	1.84000000e+00	1.63271374e+00
drain last end 1.840000e+00 2.000000e+00
number of equations 4346
Iteration: 0
  Device: "mos2d"	RelError: 2.46272e+00	AbsError: 4.11767e+16
    Region: "bulk"	RelError: 2.45556e+00	AbsError: 4.11767e+16
      Equation: "ElectronContinuityEquation"	RelError: 1.72239e-01	AbsError: 4.04950e+16
      Equation: "HoleContinuityEquation"	RelError: 5.96776e-01	AbsError: 6.81690e+14
      Equation: "PotentialEquation"	RelError: 1.68654e+00	AbsError: 2.00000e-02
    Region: "gate"	RelError: 6.12413e-04	AbsError: 3.08041e+16
      Equation: "ElectronContinuityEquation"	RelError: 3.02543e-04	AbsError: 3.08041e+16
      Equation: "HoleContinuityEquation"	RelError: 3.02726e-04	AbsError: 2.97322e-04
      Equation: "PotentialEquation"	RelError: 7.14461e-06	AbsError: 7.83436e-06
    Region: "oxide"	RelError: 6.55464e-03	AbsError: 1.19747e-02
      Equation: "PotentialEquation"	RelError: 6.55464e-03	AbsError: 1.19747e-02
Iteration: 1
  Device: "mos2d"	RelError: 1.04746e-01	AbsError: 1.00463e+14
    Region: "bulk"	RelError: 1.04745e-01	AbsError: 1.00463e+14
      Equation: "ElectronContinuityEquation"	RelError: 1.25000e-02	AbsError: 8.77377e+13
      Equation: "HoleContinuityEquation"	RelError: 8.94236e-02	AbsError: 1.27249e+13
      Equation: "PotentialEquation"	RelError: 2.82159e-03	AbsError: 3.24258e-05
    Region: "gate"	RelError: 1.57799e-07	AbsError: 3.36413e+12
      Equation: "ElectronContinuityEquation"	RelError: 3.31436e-08	AbsError: 3.36413e+12
      Equation: "HoleContinuityEquation"	RelError: 1.22815e-07	AbsError: 1.20998e-07
      Equation: "PotentialEquation"	RelError: 1.84086e-09	AbsError: 2.01843e-09
    Region: "oxide"	RelError: 1.00107e-06	AbsError: 1.18932e-06
      Equation: "PotentialEquation"	RelError: 1.00107e-06	AbsError: 1.18932e-06
Iteration: 2
  Device: "mos2d"	RelError: 6.78319e-04	AbsError: 3.56176e+09
    Region: "bulk"	RelError: 6.78319e-04	AbsError: 3.56176e+09
      Equation: "ElectronContinuityEquation"	RelError: 6.66667e-04	AbsError: 8.20786e+08
      Equation: "HoleContinuityEquation"	RelError: 1.15715e-05	AbsError: 2.74098e+09
      Equation: "PotentialEquation"	RelError: 7.99379e-08	AbsError: 5.41644e-09
    Region: "gate"	RelError: 1.64058e-12	AbsError: 8.07488e+07
      Equation: "ElectronContinuityEquation"	RelError: 8.10052e-13	AbsError: 8.07488e+07
      Equation: "HoleContinuityEquation"	RelError: 8.11324e-13	AbsError: 8.13900e-13
      Equation: "PotentialEquation"	RelError: 1.92013e-14	AbsError: 2.10445e-14
    Region: "oxide"	RelError: 2.77685e-11	AbsError: 2.69119e-11
      Equation: "PotentialEquation"	RelError: 2.77685e-11	AbsError: 2.69119e-11
Iteration: 3
  Device: "mos2d"	RelError: 1.05112e-08	AbsError: 8.17497e+03
    Region: "bulk"	RelError: 1.05112e-08	AbsError: 4.95483e+03
      Equation: "ElectronContinuityEquation"	RelError: 5.89999e-09	AbsError: 4.58609e+03
      Equation: "HoleContinuityEquation"	RelError: 4.61107e-09	AbsError: 3.68744e+02
      Equation: "PotentialEquation"	RelError: 1.33056e-13	AbsError: 6.81189e-16
    Region: "gate"	RelError: 3.04616e-16	AbsError: 8.17497e+03
      Equation: "ElectronContinuityEquation"	RelError: 8.17497e-17	AbsError: 8.17497e+03
      Equation: "HoleContinuityEquation"	RelError: 1.21538e-16	AbsError: 1.19368e-16
      Equation: "PotentialEquation"	RelError: 1.01329e-16	AbsError: 1.11064e-16
    Region: "oxide"	RelError: 1.15923e-16	AbsError: 1.42961e-16
      Equation: "PotentialEquation"	RelError: 1.15923e-16	AbsError: 1.42961e-16
Succeeded
IVPOINT	IDVD_VG1P0	5.00000000e-01	1.86000000e+00	1.64393066e+00
drain last end 1.860000e+00 2.000000e+00
number of equations 4346
Iteration: 0
  Device: "mos2d"	RelError: 3.82531e+00	AbsError: 4.11710e+16
    Region: "bulk"	RelError: 3.81819e+00	AbsError: 4.11710e+16
      Equation: "ElectronContinuityEquation"	RelError: 1.70560e-01	AbsError: 4.04915e+16
      Equation: "HoleContinuityEquation"	RelError: 5.99587e-01	AbsError: 6.79526e+14
      Equation: "PotentialEquation"	RelError: 3.04804e+00	AbsError: 2.00000e-02
    Region: "gate"	RelError: 6.12153e-04	AbsError: 3.08003e+16
      Equation: "ElectronContinuityEquation"	RelError: 3.02414e-04	AbsError: 3.08003e+16
      Equation: "HoleContinuityEquation"	RelError: 3.02597e-04	AbsError: 2.97106e-04
      Equation: "PotentialEquation"	RelError: 7.14151e-06	AbsError: 7.83102e-06
    Region: "oxide"	RelError: 6.51132e-03	AbsError: 1.19735e-02
      Equation: "PotentialEquation"	RelError: 6.51132e-03	AbsError: 1.19735e-02
Iteration: 1
  Device: "mos2d"	RelError: 1.08458e-01	AbsError: 9.83443e+13
    Region: "bulk"	RelError: 1.08457e-01	AbsError: 9.83443e+13
      Equation: "ElectronContinuityEquation"	RelError: 1.23990e-02	AbsError: 8.65513e+13
      Equation: "HoleContinuityEquation"	RelError: 9.00773e-02	AbsError: 1.17930e+13
      Equation: "PotentialEquation"	RelError: 5.98082e-03	AbsError: 3.05769e-05
    Region: "gate"	RelError: 1.55282e-07	AbsError: 3.24357e+12
      Equation: "ElectronContinuityEquation"	RelError: 3.19463e-08	AbsError: 3.24357e+12
      Equation: "HoleContinuityEquation"	RelError: 1.21525e-07	AbsError: 1.19691e-07
      Equation: "PotentialEquation"	RelError: 1.81148e-09	AbsError: 1.98623e-09
    Region: "oxide"	RelError: 9.72321e-07	AbsError: 1.15523e-06
      Equation: "PotentialEquation"	RelError: 9.72321e-07	AbsError: 1.15523e-06
Iteration: 2
  Device: "mos2d"	RelError: 6.33541e-04	AbsError: 3.06663e+09
    Region: "bulk"	RelError: 6.33541e-04	AbsError: 3.06663e+09
      Equation: "ElectronContinuityEquation"	RelError: 6.22143e-04	AbsError: 7.15772e+08
      Equation: "HoleContinuityEquation"	RelError: 1.10783e-05	AbsError: 2.35085e+09
      Equation: "PotentialEquation"	RelError: 3.19713e-07	AbsError: 4.64366e-09
    Region: "gate"	RelError: 1.60571e-12	AbsError: 7.90521e+07
      Equation: "ElectronContinuityEquation"	RelError: 7.92944e-13	AbsError: 7.90521e+07
      Equation: "HoleContinuityEquation"	RelError: 7.94046e-13	AbsError: 7.96481e-13
      Equation: "PotentialEquation"	RelError: 1.87222e-14	AbsError: 2.05194e-14
    Region: "oxide"	RelError: 2.70984e-11	AbsError: 2.63537e-11
      Equation: "PotentialEquation"	RelError: 2.70984e-11	AbsError: 2.63537e-11
Iteration: 3
  Device: "mos2d"	RelError: 9.17141e-09	AbsError: 8.17625e+03
    Region: "bulk"	RelError: 9.17141e-09	AbsError: 5.24101e+03
      Equation: "ElectronContinuityEquation"	RelError: 5.17820e-09	AbsError: 4.70517e+03
      Equation: "HoleContinuityEquation"	RelError: 3.99314e-09	AbsError: 5.35839e+02
      Equation: "PotentialEquation"	RelError: 7.08930e-14	AbsError: 7.05946e-16
    Region: "gate"	RelError: 3.64937e-16	AbsError: 8.17625e+03
      Equation: "ElectronContinuityEquation"	RelError: 8.22535e-17	AbsError: 8.17625e+03
      Equation: "HoleContinuityEquation"	RelError: 1.81383e-16	AbsError: 1.82472e-16
      Equation: "PotentialEquation"	RelError: 1.01301e-16	AbsError: 1.11033e-16
    Region: "oxide"	RelError: 1.21100e-16	AbsError: 1.63640e-16
      Equation: "PotentialEquation"	RelError: 1.21100e-16	AbsError: 1.63640e-16
Succeeded
IVPOINT	IDVD_VG1P0	5.00000000e-01	1.88000000e+00	1.65517135e+00
drain last end 1.880000e+00 2.000000e+00
number of equations 4346
Iteration: 0
  Device: "mos2d"	RelError: 2.25894e+00	AbsError: 4.11641e+16
    Region: "bulk"	RelError: 2.25186e+00	AbsError: 4.11641e+16
      Equation: "ElectronContinuityEquation"	RelError: 1.68580e-01	AbsError: 4.04875e+16
      Equation: "HoleContinuityEquation"	RelError: 6.02093e-01	AbsError: 6.76650e+14
      Equation: "PotentialEquation"	RelError: 1.48118e+00	AbsError: 2.00000e-02
    Region: "gate"	RelError: 6.11895e-04	AbsError: 3.07967e+16
      Equation: "ElectronContinuityEquation"	RelError: 3.02287e-04	AbsError: 3.07967e+16
      Equation: "HoleContinuityEquation"	RelError: 3.02470e-04	AbsError: 2.96891e-04
      Equation: "PotentialEquation"	RelError: 7.13846e-06	AbsError: 7.82773e-06
    Region: "oxide"	RelError: 6.46860e-03	AbsError: 1.19724e-02
      Equation: "PotentialEquation"	RelError: 6.46860e-03	AbsError: 1.19724e-02
Iteration: 1
  Device: "mos2d"	RelError: 1.05797e-01	AbsError: 9.62560e+13
    Region: "bulk"	RelError: 1.05796e-01	AbsError: 9.62560e+13
      Equation: "ElectronContinuityEquation"	RelError: 1.22920e-02	AbsError: 8.54016e+13
      Equation: "HoleContinuityEquation"	RelError: 9.06775e-02	AbsError: 1.08544e+13
      Equation: "PotentialEquation"	RelError: 2.82664e-03	AbsError: 2.87468e-05
    Region: "gate"	RelError: 1.52946e-07	AbsError: 3.13194e+12
      Equation: "ElectronContinuityEquation"	RelError: 3.08376e-08	AbsError: 3.13194e+12
      Equation: "HoleContinuityEquation"	RelError: 1.20324e-07	AbsError: 1.18473e-07
      Equation: "PotentialEquation"	RelError: 1.78421e-09	AbsError: 1.95635e-09
    Region: "oxide"	RelError: 9.45750e-07	AbsError: 1.12345e-06
      Equation: "PotentialEquation"	RelError: 9.45750e-07	AbsError: 1.12345e-06
Iteration: 2
  Device: "mos2d"	RelError: 5.63672e-04	AbsError: 2.60306e+09
    Region: "bulk"	RelError: 5.63672e-04	AbsError: 2.60306e+09
      Equation: "ElectronContinuityEquation"	RelError: 5.52952e-04	AbsError: 6.17834e+08
      Equation: "HoleContinuityEquation"	RelError: 1.05701e-05	AbsError: 1.98522e+09
      Equation: "PotentialEquation"	RelError: 1.49944e-07	AbsError: 3.92084e-09
    Region: "gate"	RelError: 1.56474e-12	AbsError: 7.70291e+07
      Equation: "ElectronContinuityEquation"	RelError: 7.72568e-13	AbsError: 7.70291e+07
      Equation: "HoleContinuityEquation"	RelError: 7.73958e-13	AbsError: 7.76246e-13
      Equation: "PotentialEquation"	RelError: 1.82144e-14	AbsError: 1.99629e-14
    Region: "oxide"	RelError: 2.63269e-11	AbsError: 2.56931e-11
      Equation: "PotentialEquation"	RelError: 2.63269e-11	AbsError: 2.56931e-11
Iteration: 3
  Device: "mos2d"	RelError: 1.56662e-08	AbsError: 8.08415e+03
    Region: "bulk"	RelError: 1.56662e-08	AbsError: 5.99898e+03
      Equation: "ElectronContinuityEquation"	RelError: 7.48766e-09	AbsError: 5.64642e+03
      Equation: "HoleContinuityEquation"	RelError: 8.17842e-09	AbsError: 3.52561e+02
      Equation: "PotentialEquation"	RelError: 1.24307e-13	AbsError: 1.25079e-15
    Region: "gate"	RelError: 2.96666e-16	AbsError: 8.08415e+03
      Equation: "ElectronContinuityEquation"	RelError: 8.10805e-17	AbsError: 8.08415e+03
      Equation: "HoleContinuityEquation"	RelError: 1.14281e-16	AbsError: 1.14281e-16
      Equation: "PotentialEquation"	RelError: 1.01304e-16	AbsError: 1.11037e-16
    Region: "oxide"	RelError: 1.41194e-16	AbsError: 1.42347e-16
      Equation: "PotentialEquation"	RelError: 1.41194e-16	AbsError: 1.42347e-16
Succeeded
IVPOINT	IDVD_VG1P0	5.00000000e-01	1.90000000e+00	1.66643622e+00
drain last end 1.900000e+00 2.000000e+00
number of equations 4346
Iteration: 0
  Device: "mos2d"	RelError: 8.27426e+00	AbsError: 4.11562e+16
    Region: "bulk"	RelError: 8.26723e+00	AbsError: 4.11562e+16
      Equation: "ElectronContinuityEquation"	RelError: 1.66218e-01	AbsError: 4.04831e+16
      Equation: "HoleContinuityEquation"	RelError: 6.04223e-01	AbsError: 6.73060e+14
      Equation: "PotentialEquation"	RelError: 7.49678e+00	AbsError: 2.00000e-02
    Region: "gate"	RelError: 6.11641e-04	AbsError: 3.07932e+16
      Equation: "ElectronContinuityEquation"	RelError: 3.02162e-04	AbsError: 3.07932e+16
      Equation: "HoleContinuityEquation"	RelError: 3.02344e-04	AbsError: 2.96678e-04
      Equation: "PotentialEquation"	RelError: 7.13545e-06	AbsError: 7.82448e-06
    Region: "oxide"	RelError: 6.42646e-03	AbsError: 1.19713e-02
      Equation: "PotentialEquation"	RelError: 6.42646e-03	AbsError: 1.19713e-02
Iteration: 1
  Device: "mos2d"	RelError: 1.19247e-01	AbsError: 9.46667e+13
    Region: "bulk"	RelError: 1.19246e-01	AbsError: 9.46667e+13
      Equation: "ElectronContinuityEquation"	RelError: 1.21770e-02	AbsError: 8.42864e+13
      Equation: "HoleContinuityEquation"	RelError: 9.12142e-02	AbsError: 1.03803e+13
      Equation: "PotentialEquation"	RelError: 1.58548e-02	AbsError: 2.69665e-05
    Region: "gate"	RelError: 1.50774e-07	AbsError: 3.02843e+12
      Equation: "ElectronContinuityEquation"	RelError: 2.98095e-08	AbsError: 3.02843e+12
      Equation: "HoleContinuityEquation"	RelError: 1.19206e-07	AbsError: 1.17337e-07
      Equation: "PotentialEquation"	RelError: 1.75886e-09	AbsError: 1.92857e-09
    Region: "oxide"	RelError: 9.21191e-07	AbsError: 1.09379e-06
      Equation: "PotentialEquation"	RelError: 9.21191e-07	AbsError: 1.09379e-06
Iteration: 2
  Device: "mos2d"	RelError: 4.78450e-04	AbsError: 2.18473e+09
    Region: "bulk"	RelError: 4.78450e-04	AbsError: 2.18473e+09
      Equation: "ElectronContinuityEquation"	RelError: 4.67478e-04	AbsError: 5.29048e+08
      Equation: "HoleContinuityEquation"	RelError: 1.00587e-05	AbsError: 1.65568e+09
      Equation: "PotentialEquation"	RelError: 9.13811e-07	AbsError: 3.26368e-09
    Region: "gate"	RelError: 1.51799e-12	AbsError: 7.47551e+07
      Equation: "ElectronContinuityEquation"	RelError: 7.49679e-13	AbsError: 7.47551e+07
      Equation: "HoleContinuityEquation"	RelError: 7.50525e-13	AbsError: 7.52662e-13
      Equation: "PotentialEquation"	RelError: 1.77874e-14	AbsError: 1.94950e-14
    Region: "oxide"	RelError: 2.54684e-11	AbsError: 2.49437e-11
      Equation: "PotentialEquation"	RelError: 2.54684e-11	AbsError: 2.49437e-11
Iteration: 3
  Device: "mos2d"	RelError: 3.80621e-08	AbsError: 8.18614e+03
    Region: "bulk"	RelError: 3.80621e-08	AbsError: 4.65123e+03
      Equation: "ElectronContinuityEquation"	RelError: 2.17658e-08	AbsError: 4.19514e+03
      Equation: "HoleContinuityEquation"	RelError: 1.62962e-08	AbsError: 4.56092e+02
      Equation: "PotentialEquation"	RelError: 5.54776e-14	AbsError: 8.21181e-16
    Region: "gate"	RelError: 3.87217e-16	AbsError: 8.18614e+03
      Equation: "ElectronContinuityEquation"	RelError: 8.18614e-17	AbsError: 8.18614e+03
      Equation: "HoleContinuityEquation"	RelError: 2.04064e-16	AbsError: 2.05263e-16
      Equation: "PotentialEquation"	RelError: 1.01291e-16	AbsError: 1.11022e-16
    Region: "oxide"	RelError: 1.56251e-16	AbsError: 1.26521e-16
      Equation: "PotentialEquation"	RelError: 1.56251e-16	AbsError: 1.26521e-16
Succeeded
IVPOINT	IDVD_VG1P0	5.00000000e-01	1.92000000e+00	1.67772568e+00
drain last end 1.920000e+00 2.000000e+00
number of equations 4346
Iteration: 0
  Device: "mos2d"	RelError: 2.34075e+00	AbsError: 4.11472e+16
    Region: "bulk"	RelError: 2.33375e+00	AbsError: 4.11472e+16
      Equation: "ElectronContinuityEquation"	RelError: 1.63376e-01	AbsError: 4.04785e+16
      Equation: "HoleContinuityEquation"	RelError: 6.05876e-01	AbsError: 6.68757e+14
      Equation: "PotentialEquation"	RelError: 1.56450e+00	AbsError: 2.00000e-02
    Region: "gate"	RelError: 6.11391e-04	AbsError: 3.07899e+16
      Equation: "ElectronContinuityEquation"	RelError: 3.02038e-04	AbsError: 3.07899e+16
      Equation: "HoleContinuityEquation"	RelError: 3.02220e-04	AbsError: 2.96467e-04
      Equation: "PotentialEquation"	RelError: 7.13248e-06	AbsError: 7.82127e-06
    Region: "oxide"	RelError: 6.38489e-03	AbsError: 1.19703e-02
      Equation: "PotentialEquation"	RelError: 6.38489e-03	AbsError: 1.19703e-02
Iteration: 1
  Device: "mos2d"	RelError: 1.07207e-01	AbsError: 9.31519e+13
    Region: "bulk"	RelError: 1.07206e-01	AbsError: 9.31519e+13
      Equation: "ElectronContinuityEquation"	RelError: 1.20518e-02	AbsError: 8.32037e+13
      Equation: "HoleContinuityEquation"	RelError: 9.16729e-02	AbsError: 9.94823e+12
      Equation: "PotentialEquation"	RelError: 3.48100e-03	AbsError: 2.54667e-05
    Region: "gate"	RelError: 1.48753e-07	AbsError: 2.93232e+12
      Equation: "ElectronContinuityEquation"	RelError: 2.88549e-08	AbsError: 2.93232e+12
      Equation: "HoleContinuityEquation"	RelError: 1.18162e-07	AbsError: 1.16275e-07
      Equation: "PotentialEquation"	RelError: 1.73526e-09	AbsError: 1.90270e-09
    Region: "oxide"	RelError: 8.98490e-07	AbsError: 1.06608e-06
      Equation: "PotentialEquation"	RelError: 8.98490e-07	AbsError: 1.06608e-06
Iteration: 2
  Device: "mos2d"	RelError: 4.49448e-04	AbsError: 1.96825e+09
    Region: "bulk"	RelError: 4.49448e-04	AbsError: 1.96825e+09
      Equation: "ElectronContinuityEquation"	RelError: 4.39679e-04	AbsError: 4.50611e+08
      Equation: "HoleContinuityEquation"	RelError: 9.55358e-06	AbsError: 1.51763e+09
      Equation: "PotentialEquation"	RelError: 2.15325e-07	AbsError: 2.73971e-09
    Region: "gate"	RelError: 1.46690e-12	AbsError: 7.22404e+07
      Equation: "ElectronContinuityEquation"	RelError: 7.24382e-13	AbsError: 7.22404e+07
      Equation: "HoleContinuityEquation"	RelError: 7.25330e-13	AbsError: 7.27316e-13
      Equation: "PotentialEquation"	RelError: 1.71924e-14	AbsError: 1.88429e-14
    Region: "oxide"	RelError: 2.45361e-11	AbsError: 2.41181e-11
      Equation: "PotentialEquation"	RelError: 2.45361e-11	AbsError: 2.41181e-11
Iteration: 3
  Device: "mos2d"	RelError: 9.32967e-09	AbsError: 8.13760e+03
    Region: "bulk"	RelError: 9.32967e-09	AbsError: 6.21143e+03
      Equation: "ElectronContinuityEquation"	RelError: 4.94139e-09	AbsError: 5.79634e+03
      Equation: "HoleContinuityEquation"	RelError: 4.38826e-09	AbsError: 4.15089e+02
      Equation: "PotentialEquation"	RelError: 2.24176e-14	AbsError: 4.40050e-16
    Region: "gate"	RelError: 4.09945e-16	AbsError: 8.13760e+03
      Equation: "ElectronContinuityEquation"	RelError: 8.13763e-17	AbsError: 8.13760e+03
      Equation: "HoleContinuityEquation"	RelError: 2.27270e-16	AbsError: 2.30108e-16
      Equation: "PotentialEquation"	RelError: 1.01299e-16	AbsError: 1.11031e-16
    Region: "oxide"	RelError: 1.10796e-16	AbsError: 1.48579e-16
      Equation: "PotentialEquation"	RelError: 1.10796e-16	AbsError: 1.48579e-16
Succeeded
IVPOINT	IDVD_VG1P0	5.00000000e-01	1.94000000e+00	1.68904010e+00
drain last end 1.940000e+00 2.000000e+00
number of equations 4346
Iteration: 0
  Device: "mos2d"	RelError: 3.50724e+00	AbsError: 4.11403e+16
    Region: "bulk"	RelError: 3.50029e+00	AbsError: 4.11403e+16
      Equation: "ElectronContinuityEquation"	RelError: 1.59938e-01	AbsError: 4.04735e+16
      Equation: "HoleContinuityEquation"	RelError: 6.06903e-01	AbsError: 6.66801e+14
      Equation: "PotentialEquation"	RelError: 2.73345e+00	AbsError: 2.00000e-02
    Region: "gate"	RelError: 6.11143e-04	AbsError: 3.07867e+16
      Equation: "ElectronContinuityEquation"	RelError: 3.01916e-04	AbsError: 3.07867e+16
      Equation: "HoleContinuityEquation"	RelError: 3.02098e-04	AbsError: 2.96258e-04
      Equation: "PotentialEquation"	RelError: 7.12953e-06	AbsError: 7.81811e-06
    Region: "oxide"	RelError: 6.34387e-03	AbsError: 1.19693e-02
      Equation: "PotentialEquation"	RelError: 6.34387e-03	AbsError: 1.19693e-02
Iteration: 1
  Device: "mos2d"	RelError: 1.09821e-01	AbsError: 9.23599e+13
    Region: "bulk"	RelError: 1.09820e-01	AbsError: 9.23599e+13
      Equation: "ElectronContinuityEquation"	RelError: 1.19138e-02	AbsError: 8.21516e+13
      Equation: "HoleContinuityEquation"	RelError: 9.20332e-02	AbsError: 1.02084e+13
      Equation: "PotentialEquation"	RelError: 5.87254e-03	AbsError: 2.55361e-05
    Region: "gate"	RelError: 1.46867e-07	AbsError: 2.84296e+12
      Equation: "ElectronContinuityEquation"	RelError: 2.79671e-08	AbsError: 2.84296e+12
      Equation: "HoleContinuityEquation"	RelError: 1.17187e-07	AbsError: 1.15281e-07
      Equation: "PotentialEquation"	RelError: 1.71326e-09	AbsError: 1.87859e-09
    Region: "oxide"	RelError: 8.77497e-07	AbsError: 1.04015e-06
      Equation: "PotentialEquation"	RelError: 8.77497e-07	AbsError: 1.04015e-06
Iteration: 2
  Device: "mos2d"	RelError: 4.46661e-04	AbsError: 1.88646e+09
    Region: "bulk"	RelError: 4.46661e-04	AbsError: 1.88646e+09
      Equation: "ElectronContinuityEquation"	RelError: 4.37244e-04	AbsError: 3.82954e+08
      Equation: "HoleContinuityEquation"	RelError: 9.06361e-06	AbsError: 1.50351e+09
      Equation: "PotentialEquation"	RelError: 3.53418e-07	AbsError: 2.78593e-09
    Region: "gate"	RelError: 1.41166e-12	AbsError: 6.95403e+07
      Equation: "ElectronContinuityEquation"	RelError: 6.97231e-13	AbsError: 6.95403e+07
      Equation: "HoleContinuityEquation"	RelError: 6.97980e-13	AbsError: 6.99815e-13
      Equation: "PotentialEquation"	RelError: 1.64515e-14	AbsError: 1.80310e-14
    Region: "oxide"	RelError: 2.35422e-11	AbsError: 2.32281e-11
      Equation: "PotentialEquation"	RelError: 2.35422e-11	AbsError: 2.32281e-11
Iteration: 3
  Device: "mos2d"	RelError: 2.03401e-08	AbsError: 7.87873e+03
    Region: "bulk"	RelError: 2.03401e-08	AbsError: 5.63358e+03
      Equation: "ElectronContinuityEquation"	RelError: 1.17976e-08	AbsError: 5.12050e+03
      Equation: "HoleContinuityEquation"	RelError: 8.54242e-09	AbsError: 5.13077e+02
      Equation: "PotentialEquation"	RelError: 1.11221e-14	AbsError: 3.86684e-16
    Region: "gate"	RelError: 3.89026e-16	AbsError: 7.87873e+03
      Equation: "ElectronContinuityEquation"	RelError: 7.87873e-17	AbsError: 7.87873e+03
      Equation: "HoleContinuityEquation"	RelError: 2.08901e-16	AbsError: 2.08900e-16
      Equation: "PotentialEquation"	RelError: 1.01338e-16	AbsError: 1.11074e-16
    Region: "oxide"	RelError: 1.46204e-16	AbsError: 1.29791e-16
      Equation: "PotentialEquation"	RelError: 1.46204e-16	AbsError: 1.29791e-16
Succeeded
IVPOINT	IDVD_VG1P0	5.00000000e-01	1.96000000e+00	1.70037986e+00
drain last end 1.960000e+00 2.000000e+00
number of equations 4346
Iteration: 0
  Device: "mos2d"	RelError: 7.64602e+00	AbsError: 4.11364e+16
    Region: "bulk"	RelError: 7.63911e+00	AbsError: 4.11364e+16
      Equation: "ElectronContinuityEquation"	RelError: 1.57462e-01	AbsError: 4.04683e+16
      Equation: "HoleContinuityEquation"	RelError: 6.07087e-01	AbsError: 6.68109e+14
      Equation: "PotentialEquation"	RelError: 6.87456e+00	AbsError: 2.00000e-02
    Region: "gate"	RelError: 6.10898e-04	AbsError: 3.07837e+16
      Equation: "ElectronContinuityEquation"	RelError: 3.01794e-04	AbsError: 3.07837e+16
      Equation: "HoleContinuityEquation"	RelError: 3.01977e-04	AbsError: 2.96049e-04
      Equation: "PotentialEquation"	RelError: 7.12663e-06	AbsError: 7.81497e-06
    Region: "oxide"	RelError: 6.30340e-03	AbsError: 1.19684e-02
      Equation: "PotentialEquation"	RelError: 6.30340e-03	AbsError: 1.19684e-02
Iteration: 1
  Device: "mos2d"	RelError: 1.19019e-01	AbsError: 9.16566e+13
    Region: "bulk"	RelError: 1.19018e-01	AbsError: 9.16566e+13
      Equation: "ElectronContinuityEquation"	RelError: 1.17599e-02	AbsError: 8.11282e+13
      Equation: "HoleContinuityEquation"	RelError: 9.22650e-02	AbsError: 1.05284e+13
      Equation: "PotentialEquation"	RelError: 1.49936e-02	AbsError: 2.57328e-05
    Region: "gate"	RelError: 1.45106e-07	AbsError: 2.75971e+12
      Equation: "ElectronContinuityEquation"	RelError: 2.71401e-08	AbsError: 2.75971e+12
      Equation: "HoleContinuityEquation"	RelError: 1.16274e-07	AbsError: 1.14348e-07
      Equation: "PotentialEquation"	RelError: 1.69270e-09	AbsError: 1.85606e-09
    Region: "oxide"	RelError: 8.58069e-07	AbsError: 1.01586e-06
      Equation: "PotentialEquation"	RelError: 8.58069e-07	AbsError: 1.01586e-06
Iteration: 2
  Device: "mos2d"	RelError: 4.27858e-04	AbsError: 1.99103e+09
    Region: "bulk"	RelError: 4.27858e-04	AbsError: 1.99103e+09
      Equation: "ElectronContinuityEquation"	RelError: 4.18134e-04	AbsError: 3.61023e+08
      Equation: "HoleContinuityEquation"	RelError: 8.67399e-06	AbsError: 1.63000e+09
      Equation: "PotentialEquation"	RelError: 1.05073e-06	AbsError: 2.87977e-09
    Region: "gate"	RelError: 1.35333e-12	AbsError: 6.66531e+07
      Equation: "ElectronContinuityEquation"	RelError: 6.68211e-13	AbsError: 6.66531e+07
      Equation: "HoleContinuityEquation"	RelError: 6.69395e-13	AbsError: 6.71082e-13
      Equation: "PotentialEquation"	RelError: 1.57242e-14	AbsError: 1.72338e-14
    Region: "oxide"	RelError: 2.24977e-11	AbsError: 2.22841e-11
      Equation: "PotentialEquation"	RelError: 2.24977e-11	AbsError: 2.22841e-11
Iteration: 3
  Device: "mos2d"	RelError: 2.61238e-08	AbsError: 8.18610e+03
    Region: "bulk"	RelError: 2.61238e-08	AbsError: 4.57881e+03
      Equation: "ElectronContinuityEquation"	RelError: 1.67287e-08	AbsError: 4.07995e+03
      Equation: "HoleContinuityEquation"	RelError: 9.39503e-09	AbsError: 4.98866e+02
      Equation: "PotentialEquation"	RelError: 5.43421e-14	AbsError: 6.57326e-16
    Region: "gate"	RelError: 3.57343e-16	AbsError: 8.18610e+03
      Equation: "ElectronContinuityEquation"	RelError: 8.28868e-17	AbsError: 8.18610e+03
      Equation: "HoleContinuityEquation"	RelError: 1.73151e-16	AbsError: 1.75321e-16
      Equation: "PotentialEquation"	RelError: 1.01305e-16	AbsError: 1.11038e-16
    Region: "oxide"	RelError: 1.10064e-16	AbsError: 1.59097e-16
      Equation: "PotentialEquation"	RelError: 1.10064e-16	AbsError: 1.59097e-16
Succeeded
IVPOINT	IDVD_VG1P0	5.00000000e-01	1.98000000e+00	1.71174530e+00
drain last end 1.980000e+00 2.000000e+00
setting to last bias 2.000000e+00
setting next bias 2.000000e+00
number of equations 4346
Iteration: 0
  Device: "mos2d"	RelError: 2.06646e+00	AbsError: 4.11316e+16
    Region: "bulk"	RelError: 2.05959e+00	AbsError: 4.11316e+16
      Equation: "ElectronContinuityEquation"	RelError: 1.56466e-01	AbsError: 4.04629e+16
      Equation: "HoleContinuityEquation"	RelError: 6.06118e-01	AbsError: 6.68746e+14
      Equation: "PotentialEquation"	RelError: 1.29700e+00	AbsError: 2.00000e-02
    Region: "gate"	RelError: 6.10655e-04	AbsError: 3.07808e+16
      Equation: "ElectronContinuityEquation"	RelError: 3.01675e-04	AbsError: 3.07808e+16
      Equation: "HoleContinuityEquation"	RelError: 3.01857e-04	AbsError: 2.95842e-04
      Equation: "PotentialEquation"	RelError: 7.12374e-06	AbsError: 7.81187e-06
    Region: "oxide"	RelError: 6.26345e-03	AbsError: 1.19675e-02
      Equation: "PotentialEquation"	RelError: 6.26345e-03	AbsError: 1.19675e-02
Iteration: 1
  Device: "mos2d"	RelError: 1.06279e-01	AbsError: 9.09248e+13
    Region: "bulk"	RelError: 1.06278e-01	AbsError: 9.09248e+13
      Equation: "ElectronContinuityEquation"	RelError: 1.15866e-02	AbsError: 8.01318e+13
      Equation: "HoleContinuityEquation"	RelError: 9.23248e-02	AbsError: 1.07930e+13
      Equation: "PotentialEquation"	RelError: 2.36639e-03	AbsError: 2.58737e-05
    Region: "gate"	RelError: 1.43458e-07	AbsError: 2.68204e+12
      Equation: "ElectronContinuityEquation"	RelError: 2.63684e-08	AbsError: 2.68204e+12
      Equation: "HoleContinuityEquation"	RelError: 1.15416e-07	AbsError: 1.13471e-07
      Equation: "PotentialEquation"	RelError: 1.67346e-09	AbsError: 1.83498e-09
    Region: "oxide"	RelError: 8.40074e-07	AbsError: 9.93058e-07
      Equation: "PotentialEquation"	RelError: 8.40074e-07	AbsError: 9.93058e-07
Iteration: 2
  Device: "mos2d"	RelError: 3.92499e-04	AbsError: 2.07949e+09
    Region: "bulk"	RelError: 3.92499e-04	AbsError: 2.07949e+09
      Equation: "ElectronContinuityEquation"	RelError: 3.83788e-04	AbsError: 3.42079e+08
      Equation: "HoleContinuityEquation"	RelError: 8.56798e-06	AbsError: 1.73741e+09
      Equation: "PotentialEquation"	RelError: 1.43312e-07	AbsError: 2.95521e-09
    Region: "gate"	RelError: 1.29203e-12	AbsError: 6.36474e+07
      Equation: "ElectronContinuityEquation"	RelError: 6.38009e-13	AbsError: 6.36474e+07
      Equation: "HoleContinuityEquation"	RelError: 6.39037e-13	AbsError: 6.40578e-13
      Equation: "PotentialEquation"	RelError: 1.49860e-14	AbsError: 1.64248e-14
    Region: "oxide"	RelError: 2.14125e-11	AbsError: 2.12953e-11
      Equation: "PotentialEquation"	RelError: 2.14125e-11	AbsError: 2.12953e-11
Iteration: 3
  Device: "mos2d"	RelError: 3.22918e-08	AbsError: 8.18579e+03
    Region: "bulk"	RelError: 3.22918e-08	AbsError: 5.16850e+03
      Equation: "ElectronContinuityEquation"	RelError: 1.90240e-08	AbsError: 4.72061e+03
      Equation: "HoleContinuityEquation"	RelError: 1.32678e-08	AbsError: 4.47897e+02
      Equation: "PotentialEquation"	RelError: 2.61962e-14	AbsError: 1.22548e-15
    Region: "gate"	RelError: 3.64654e-16	AbsError: 8.18579e+03
      Equation: "ElectronContinuityEquation"	RelError: 8.18579e-17	AbsError: 8.18579e+03
      Equation: "HoleContinuityEquation"	RelError: 1.81506e-16	AbsError: 1.82524e-16
      Equation: "PotentialEquation"	RelError: 1.01291e-16	AbsError: 1.11022e-16
    Region: "oxide"	RelError: 1.30915e-16	AbsError: 1.44825e-16
      Equation: "PotentialEquation"	RelError: 1.30915e-16	AbsError: 1.44825e-16
Succeeded
IVPOINT	IDVD_VG1P0	5.00000000e-01	2.00000000e+00	1.72313677e+00
=== SWEEP_START IDVG_VD0P05 ===
number of equations 4346
Iteration: 0
  Device: "mos2d"	RelError: 2.44855e+03	AbsError: 7.34123e+18
    Region: "bulk"	RelError: 2.44832e+03	AbsError: 7.34123e+18
      Equation: "ElectronContinuityEquation"	RelError: 1.43089e+03	AbsError: 7.27431e+18
      Equation: "HoleContinuityEquation"	RelError: 9.99000e+02	AbsError: 6.69153e+16
      Equation: "PotentialEquation"	RelError: 1.84361e+01	AbsError: 1.12912e-01
    Region: "gate"	RelError: 1.20570e-01	AbsError: 2.21642e+18
      Equation: "ElectronContinuityEquation"	RelError: 2.22049e-02	AbsError: 2.21642e+18
      Equation: "HoleContinuityEquation"	RelError: 2.17449e-02	AbsError: 2.18674e-02
      Equation: "PotentialEquation"	RelError: 7.66198e-02	AbsError: 7.80092e-02
    Region: "oxide"	RelError: 1.00600e-01	AbsError: 1.03292e-01
      Equation: "PotentialEquation"	RelError: 1.00600e-01	AbsError: 1.03292e-01
Iteration: 1
  Device: "mos2d"	RelError: 2.00396e+03	AbsError: 1.14719e+18
    Region: "bulk"	RelError: 2.00377e+03	AbsError: 1.14719e+18
      Equation: "ElectronContinuityEquation"	RelError: 9.99000e+02	AbsError: 1.08889e+18
      Equation: "HoleContinuityEquation"	RelError: 9.99000e+02	AbsError: 5.83036e+16
      Equation: "PotentialEquation"	RelError: 5.77257e+00	AbsError: 1.11426e-01
    Region: "gate"	RelError: 8.05966e-02	AbsError: 9.51699e+16
      Equation: "ElectronContinuityEquation"	RelError: 9.58413e-04	AbsError: 9.51699e+16
      Equation: "HoleContinuityEquation"	RelError: 1.43310e-03	AbsError: 1.44324e-03
      Equation: "PotentialEquation"	RelError: 7.82051e-02	AbsError: 7.38559e-02
    Region: "oxide"	RelError: 1.05403e-01	AbsError: 1.01355e-01
      Equation: "PotentialEquation"	RelError: 1.05403e-01	AbsError: 1.01355e-01
Iteration: 2
  Device: "mos2d"	RelError: 2.14326e+03	AbsError: 2.17757e+17
    Region: "bulk"	RelError: 2.14307e+03	AbsError: 2.17757e+17
      Equation: "ElectronContinuityEquation"	RelError: 9.99000e+02	AbsError: 1.73992e+17
      Equation: "HoleContinuityEquation"	RelError: 9.99000e+02	AbsError: 4.37642e+16
      Equation: "PotentialEquation"	RelError: 1.45070e+02	AbsError: 1.09872e-01
    Region: "gate"	RelError: 7.96080e-02	AbsError: 2.79612e+16
      Equation: "ElectronContinuityEquation"	RelError: 2.81424e-04	AbsError: 2.79612e+16
      Equation: "HoleContinuityEquation"	RelError: 2.77751e-04	AbsError: 2.79551e-04
      Equation: "PotentialEquation"	RelError: 7.90489e-02	AbsError: 6.91952e-02
    Region: "oxide"	RelError: 1.06221e-01	AbsError: 9.92467e-02
      Equation: "PotentialEquation"	RelError: 1.06221e-01	AbsError: 9.92467e-02
Iteration: 3
  Device: "mos2d"	RelError: 2.00523e+03	AbsError: 8.21752e+16
    Region: "bulk"	RelError: 2.00504e+03	AbsError: 8.21752e+16
      Equation: "ElectronContinuityEquation"	RelError: 9.99000e+02	AbsError: 3.67571e+16
      Equation: "HoleContinuityEquation"	RelError: 9.99000e+02	AbsError: 4.54181e+16
      Equation: "PotentialEquation"	RelError: 7.04390e+00	AbsError: 1.08242e-01
    Region: "gate"	RelError: 7.88626e-02	AbsError: 6.01764e+15
      Equation: "ElectronContinuityEquation"	RelError: 6.06089e-05	AbsError: 6.01764e+15
      Equation: "HoleContinuityEquation"	RelError: 6.01290e-05	AbsError: 6.05612e-05
      Equation: "PotentialEquation"	RelError: 7.87418e-02	AbsError: 6.39060e-02
    Region: "oxide"	RelError: 1.05493e-01	AbsError: 9.69947e-02
      Equation: "PotentialEquation"	RelError: 1.05493e-01	AbsError: 9.69947e-02
Iteration: 4
  Device: "mos2d"	RelError: 1.00585e+03	AbsError: 3.86625e+16
    Region: "bulk"	RelError: 1.00567e+03	AbsError: 3.86625e+16
      Equation: "ElectronContinuityEquation"	RelError: 9.99000e+02	AbsError: 1.45255e+16
      Equation: "HoleContinuityEquation"	RelError: 1.19365e+00	AbsError: 2.41370e+16
      Equation: "PotentialEquation"	RelError: 5.48066e+00	AbsError: 1.06530e-01
    Region: "gate"	RelError: 7.68122e-02	AbsError: 4.83256e+15
      Equation: "ElectronContinuityEquation"	RelError: 4.86372e-05	AbsError: 4.83256e+15
      Equation: "HoleContinuityEquation"	RelError: 4.89123e-05	AbsError: 4.92277e-05
      Equation: "PotentialEquation"	RelError: 7.67147e-02	AbsError: 5.78255e-02
    Region: "oxide"	RelError: 1.03861e-01	AbsError: 9.45876e-02
      Equation: "PotentialEquation"	RelError: 1.03861e-01	AbsError: 9.45876e-02
Iteration: 5
  Device: "mos2d"	RelError: 2.01574e+03	AbsError: 3.66353e+16
    Region: "bulk"	RelError: 2.01557e+03	AbsError: 3.66353e+16
      Equation: "ElectronContinuityEquation"	RelError: 9.99000e+02	AbsError: 7.42588e+15
      Equation: "HoleContinuityEquation"	RelError: 9.99000e+02	AbsError: 2.92094e+16
      Equation: "PotentialEquation"	RelError: 1.75693e+01	AbsError: 1.04726e-01
    Region: "gate"	RelError: 7.22290e-02	AbsError: 3.11115e+15
      Equation: "ElectronContinuityEquation"	RelError: 3.13111e-05	AbsError: 3.11115e+15
      Equation: "HoleContinuityEquation"	RelError: 3.12236e-05	AbsError: 3.14239e-05
      Equation: "PotentialEquation"	RelError: 7.21664e-02	AbsError: 5.07366e-02
    Region: "oxide"	RelError: 1.01661e-01	AbsError: 9.20055e-02
      Equation: "PotentialEquation"	RelError: 1.01661e-01	AbsError: 9.20055e-02
Iteration: 6
  Device: "mos2d"	RelError: 2.02821e+03	AbsError: 3.04691e+16
    Region: "bulk"	RelError: 2.02805e+03	AbsError: 3.04691e+16
      Equation: "ElectronContinuityEquation"	RelError: 9.99000e+02	AbsError: 6.42151e+15
      Equation: "HoleContinuityEquation"	RelError: 9.99000e+02	AbsError: 2.40476e+16
      Equation: "PotentialEquation"	RelError: 3.00499e+01	AbsError: 1.02821e-01
    Region: "gate"	RelError: 6.41631e-02	AbsError: 2.18328e+15
      Equation: "ElectronContinuityEquation"	RelError: 2.19579e-05	AbsError: 2.18328e+15
      Equation: "HoleContinuityEquation"	RelError: 2.19788e-05	AbsError: 2.21047e-05
      Equation: "PotentialEquation"	RelError: 6.41192e-02	AbsError: 4.23638e-02
    Region: "oxide"	RelError: 9.99164e-02	AbsError: 8.92210e-02
      Equation: "PotentialEquation"	RelError: 9.99164e-02	AbsError: 8.92210e-02
Iteration: 7
  Device: "mos2d"	RelError: 2.12909e+03	AbsError: 2.38960e+16
    Region: "bulk"	RelError: 2.12894e+03	AbsError: 2.38960e+16
      Equation: "ElectronContinuityEquation"	RelError: 9.99000e+02	AbsError: 6.32728e+15
      Equation: "HoleContinuityEquation"	RelError: 9.99000e+02	AbsError: 1.75688e+16
      Equation: "PotentialEquation"	RelError: 1.30940e+02	AbsError: 1.00804e-01
    Region: "gate"	RelError: 5.16392e-02	AbsError: 1.40927e+15
      Equation: "ElectronContinuityEquation"	RelError: 1.41733e-05	AbsError: 1.40927e+15
      Equation: "HoleContinuityEquation"	RelError: 1.41908e-05	AbsError: 1.42719e-05
      Equation: "PotentialEquation"	RelError: 5.16108e-02	AbsError: 3.24259e-02
    Region: "oxide"	RelError: 9.76709e-02	AbsError: 8.62037e-02
      Equation: "PotentialEquation"	RelError: 9.76709e-02	AbsError: 8.62037e-02
Iteration: 8
  Device: "mos2d"	RelError: 2.00111e+03	AbsError: 2.25815e+16
    Region: "bulk"	RelError: 2.00098e+03	AbsError: 2.25815e+16
      Equation: "ElectronContinuityEquation"	RelError: 9.99000e+02	AbsError: 7.30618e+15
      Equation: "HoleContinuityEquation"	RelError: 9.99000e+02	AbsError: 1.52753e+16
      Equation: "PotentialEquation"	RelError: 2.98365e+00	AbsError: 9.86606e-02
    Region: "gate"	RelError: 3.45146e-02	AbsError: 1.09726e+15
      Equation: "ElectronContinuityEquation"	RelError: 1.10351e-05	AbsError: 1.09726e+15
      Equation: "HoleContinuityEquation"	RelError: 1.10426e-05	AbsError: 1.11055e-05
      Equation: "PotentialEquation"	RelError: 3.44925e-02	AbsError: 2.09483e-02
    Region: "oxide"	RelError: 9.48593e-02	AbsError: 8.29138e-02
      Equation: "PotentialEquation"	RelError: 9.48593e-02	AbsError: 8.29138e-02
Iteration: 9
  Device: "mos2d"	RelError: 2.00541e+03	AbsError: 1.85010e+16
    Region: "bulk"	RelError: 2.00529e+03	AbsError: 1.85010e+16
      Equation: "ElectronContinuityEquation"	RelError: 9.99000e+02	AbsError: 9.05620e+15
      Equation: "HoleContinuityEquation"	RelError: 9.99000e+02	AbsError: 9.44479e+15
      Equation: "PotentialEquation"	RelError: 7.29419e+00	AbsError: 9.63761e-02
    Region: "gate"	RelError: 1.89893e-02	AbsError: 1.21534e+15
      Equation: "ElectronContinuityEquation"	RelError: 1.22226e-05	AbsError: 1.21534e+15
      Equation: "HoleContinuityEquation"	RelError: 1.22258e-05	AbsError: 1.22954e-05
      Equation: "PotentialEquation"	RelError: 1.89649e-02	AbsError: 1.13035e-02
    Region: "oxide"	RelError: 9.25575e-02	AbsError: 7.93004e-02
      Equation: "PotentialEquation"	RelError: 9.25575e-02	AbsError: 7.93004e-02
Iteration: 10
  Device: "mos2d"	RelError: 2.00812e+03	AbsError: 1.82233e+16
    Region: "bulk"	RelError: 2.00803e+03	AbsError: 1.82233e+16
      Equation: "ElectronContinuityEquation"	RelError: 9.99000e+02	AbsError: 1.14524e+16
      Equation: "HoleContinuityEquation"	RelError: 9.99000e+02	AbsError: 6.77091e+15
      Equation: "PotentialEquation"	RelError: 1.00252e+01	AbsError: 9.39312e-02
    Region: "gate"	RelError: 2.35769e-05	AbsError: 1.14699e+15
      Equation: "ElectronContinuityEquation"	RelError: 1.15350e-05	AbsError: 1.14699e+15
      Equation: "HoleContinuityEquation"	RelError: 1.15407e-05	AbsError: 1.16062e-05
      Equation: "PotentialEquation"	RelError: 5.01186e-07	AbsError: 2.98671e-07
    Region: "oxide"	RelError: 8.99693e-02	AbsError: 7.53010e-02
      Equation: "PotentialEquation"	RelError: 8.99693e-02	AbsError: 7.53010e-02
Iteration: 11
  Device: "mos2d"	RelError: 2.00065e+03	AbsError: 1.77643e+16
    Region: "bulk"	RelError: 2.00056e+03	AbsError: 1.77643e+16
      Equation: "ElectronContinuityEquation"	RelError: 9.99000e+02	AbsError: 1.46463e+16
      Equation: "HoleContinuityEquation"	RelError: 9.99000e+02	AbsError: 3.11799e+15
      Equation: "PotentialEquation"	RelError: 2.55972e+00	AbsError: 9.13033e-02
    Region: "gate"	RelError: 1.94624e-05	AbsError: 9.47063e+14
      Equation: "ElectronContinuityEquation"	RelError: 9.52433e-06	AbsError: 9.47063e+14
      Equation: "HoleContinuityEquation"	RelError: 9.52437e-06	AbsError: 9.57837e-06
      Equation: "PotentialEquation"	RelError: 4.13739e-07	AbsError: 2.46559e-07
    Region: "oxide"	RelError: 8.72736e-02	AbsError: 7.08349e-02
      Equation: "PotentialEquation"	RelError: 8.72736e-02	AbsError: 7.08349e-02
Iteration: 12
  Device: "mos2d"	RelError: 2.00245e+03	AbsError: 2.04920e+16
    Region: "bulk"	RelError: 2.00237e+03	AbsError: 2.04920e+16
      Equation: "ElectronContinuityEquation"	RelError: 9.99000e+02	AbsError: 1.89824e+16
      Equation: "HoleContinuityEquation"	RelError: 9.99000e+02	AbsError: 1.50958e+15
      Equation: "PotentialEquation"	RelError: 4.36639e+00	AbsError: 8.84649e-02
    Region: "gate"	RelError: 1.44362e-05	AbsError: 7.02488e+14
      Equation: "ElectronContinuityEquation"	RelError: 7.06466e-06	AbsError: 7.02488e+14
      Equation: "HoleContinuityEquation"	RelError: 7.06467e-06	AbsError: 7.10467e-06
      Equation: "PotentialEquation"	RelError: 3.06890e-07	AbsError: 1.82884e-07
    Region: "oxide"	RelError: 8.54872e-02	AbsError: 6.57967e-02
      Equation: "PotentialEquation"	RelError: 8.54872e-02	AbsError: 6.57967e-02
Iteration: 13
  Device: "mos2d"	RelError: 1.00774e+03	AbsError: 2.61283e+16
    Region: "bulk"	RelError: 1.00765e+03	AbsError: 2.61283e+16
      Equation: "ElectronContinuityEquation"	RelError: 9.99996e-01	AbsError: 2.49977e+16
      Equation: "HoleContinuityEquation"	RelError: 9.98994e+02	AbsError: 1.13052e+15
      Equation: "PotentialEquation"	RelError: 7.65827e+00	AbsError: 8.53819e-02
    Region: "gate"	RelError: 2.03200e-05	AbsError: 9.92514e+14
      Equation: "ElectronContinuityEquation"	RelError: 9.94414e-06	AbsError: 9.92514e+14
      Equation: "HoleContinuityEquation"	RelError: 9.94399e-06	AbsError: 9.96303e-06
      Equation: "PotentialEquation"	RelError: 4.31901e-07	AbsError: 2.57424e-07
    Region: "oxide"	RelError: 8.41504e-02	AbsError: 6.00489e-02
      Equation: "PotentialEquation"	RelError: 8.41504e-02	AbsError: 6.00489e-02
Iteration: 14
  Device: "mos2d"	RelError: 1.00846e+03	AbsError: 3.40804e+16
    Region: "bulk"	RelError: 1.00837e+03	AbsError: 3.40804e+16
      Equation: "ElectronContinuityEquation"	RelError: 7.30503e-01	AbsError: 3.35307e+16
      Equation: "HoleContinuityEquation"	RelError: 9.98999e+02	AbsError: 5.49699e+14
      Equation: "PotentialEquation"	RelError: 8.64462e+00	AbsError: 8.20119e-02
    Region: "gate"	RelError: 2.97417e-05	AbsError: 1.45269e+15
      Equation: "ElectronContinuityEquation"	RelError: 1.45549e-05	AbsError: 1.45269e+15
      Equation: "HoleContinuityEquation"	RelError: 1.45546e-05	AbsError: 1.45827e-05
      Equation: "PotentialEquation"	RelError: 6.32158e-07	AbsError: 3.76782e-07
    Region: "oxide"	RelError: 8.09096e-02	AbsError: 5.34146e-02
      Equation: "PotentialEquation"	RelError: 8.09096e-02	AbsError: 5.34146e-02
Iteration: 15
  Device: "mos2d"	RelError: 1.01588e+03	AbsError: 4.63046e+16
    Region: "bulk"	RelError: 1.01580e+03	AbsError: 4.63046e+16
      Equation: "ElectronContinuityEquation"	RelError: 6.92878e-01	AbsError: 4.58863e+16
      Equation: "HoleContinuityEquation"	RelError: 9.98419e+02	AbsError: 4.18301e+14
      Equation: "PotentialEquation"	RelError: 1.66909e+01	AbsError: 7.83015e-02
    Region: "gate"	RelError: 4.30583e-05	AbsError: 2.10309e+15
      Equation: "ElectronContinuityEquation"	RelError: 2.10719e-05	AbsError: 2.10309e+15
      Equation: "HoleContinuityEquation"	RelError: 2.10712e-05	AbsError: 2.11123e-05
      Equation: "PotentialEquation"	RelError: 9.15204e-07	AbsError: 5.45484e-07
    Region: "oxide"	RelError: 7.43374e-02	AbsError: 4.56801e-02
      Equation: "PotentialEquation"	RelError: 7.43374e-02	AbsError: 4.56801e-02
Iteration: 16
  Device: "mos2d"	RelError: 6.40152e+02	AbsError: 6.44035e+16
    Region: "bulk"	RelError: 6.40089e+02	AbsError: 6.44035e+16
      Equation: "ElectronContinuityEquation"	RelError: 7.73595e-01	AbsError: 6.40463e+16
      Equation: "HoleContinuityEquation"	RelError: 6.31552e+02	AbsError: 3.57268e+14
      Equation: "PotentialEquation"	RelError: 7.76348e+00	AbsError: 7.41816e-02
    Region: "gate"	RelError: 6.28718e-05	AbsError: 3.07076e+15
      Equation: "ElectronContinuityEquation"	RelError: 3.07684e-05	AbsError: 3.07076e+15
      Equation: "HoleContinuityEquation"	RelError: 3.07670e-05	AbsError: 3.08280e-05
      Equation: "PotentialEquation"	RelError: 1.33634e-06	AbsError: 7.96490e-07
    Region: "oxide"	RelError: 6.34238e-02	AbsError: 3.66493e-02
      Equation: "PotentialEquation"	RelError: 6.34238e-02	AbsError: 3.66493e-02
Iteration: 17
  Device: "mos2d"	RelError: 9.29867e+00	AbsError: 9.10339e+16
    Region: "bulk"	RelError: 9.25072e+00	AbsError: 9.10339e+16
      Equation: "ElectronContinuityEquation"	RelError: 8.48325e-01	AbsError: 9.07492e+16
      Equation: "HoleContinuityEquation"	RelError: 1.00000e+00	AbsError: 2.84671e+14
      Equation: "PotentialEquation"	RelError: 7.40240e+00	AbsError: 6.95625e-02
    Region: "gate"	RelError: 9.42168e-05	AbsError: 4.60154e+15
      Equation: "ElectronContinuityEquation"	RelError: 4.61088e-05	AbsError: 4.60154e+15
      Equation: "HoleContinuityEquation"	RelError: 4.61054e-05	AbsError: 4.61989e-05
      Equation: "PotentialEquation"	RelError: 2.00258e-06	AbsError: 1.19358e-06
    Region: "oxide"	RelError: 4.78577e-02	AbsError: 2.63914e-02
      Equation: "PotentialEquation"	RelError: 4.78577e-02	AbsError: 2.63914e-02
Iteration: 18
  Device: "mos2d"	RelError: 3.27144e+00	AbsError: 1.28870e+17
    Region: "bulk"	RelError: 3.22926e+00	AbsError: 1.28870e+17
      Equation: "ElectronContinuityEquation"	RelError: 8.46819e-01	AbsError: 1.28634e+17
      Equation: "HoleContinuityEquation"	RelError: 8.83685e-01	AbsError: 2.35815e+14
      Equation: "PotentialEquation"	RelError: 1.49875e+00	AbsError: 6.43251e-02
    Region: "gate"	RelError: 1.48872e-04	AbsError: 7.27056e+15
      Equation: "ElectronContinuityEquation"	RelError: 7.28583e-05	AbsError: 7.27056e+15
      Equation: "HoleContinuityEquation"	RelError: 7.28498e-05	AbsError: 7.30029e-05
      Equation: "PotentialEquation"	RelError: 3.16430e-06	AbsError: 1.88599e-06
    Region: "oxide"	RelError: 4.20288e-02	AbsError: 2.22422e-02
      Equation: "PotentialEquation"	RelError: 4.20288e-02	AbsError: 2.22422e-02
Iteration: 19
  Device: "mos2d"	RelError: 3.85754e+01	AbsError: 1.76350e+17
    Region: "bulk"	RelError: 3.85660e+01	AbsError: 1.76350e+17
      Equation: "ElectronContinuityEquation"	RelError: 8.33082e-01	AbsError: 1.76150e+17
      Equation: "HoleContinuityEquation"	RelError: 8.54678e-01	AbsError: 1.99141e+14
      Equation: "PotentialEquation"	RelError: 3.68782e+01	AbsError: 5.83103e-02
    Region: "gate"	RelError: 2.57606e-04	AbsError: 1.25798e+16
      Equation: "ElectronContinuityEquation"	RelError: 1.26078e-04	AbsError: 1.25798e+16
      Equation: "HoleContinuityEquation"	RelError: 1.26052e-04	AbsError: 1.26333e-04
      Equation: "PotentialEquation"	RelError: 5.47547e-06	AbsError: 3.26347e-06
    Region: "oxide"	RelError: 9.14985e-03	AbsError: 4.73527e-03
      Equation: "PotentialEquation"	RelError: 9.14985e-03	AbsError: 4.73527e-03
Iteration: 20
  Device: "mos2d"	RelError: 2.14085e+00	AbsError: 2.11837e+17
    Region: "bulk"	RelError: 2.12280e+00	AbsError: 2.11837e+17
      Equation: "ElectronContinuityEquation"	RelError: 8.01406e-01	AbsError: 2.11666e+17
      Equation: "HoleContinuityEquation"	RelError: 8.19694e-01	AbsError: 1.71327e+14
      Equation: "PotentialEquation"	RelError: 5.01699e-01	AbsError: 5.13054e-02
    Region: "gate"	RelError: 4.98580e-04	AbsError: 2.43041e+16
      Equation: "ElectronContinuityEquation"	RelError: 2.44043e-04	AbsError: 2.43041e+16
      Equation: "HoleContinuityEquation"	RelError: 2.43939e-04	AbsError: 2.44945e-04
      Equation: "PotentialEquation"	RelError: 1.05983e-05	AbsError: 6.31624e-06
    Region: "oxide"	RelError: 1.75490e-02	AbsError: 8.88216e-03
      Equation: "PotentialEquation"	RelError: 1.75490e-02	AbsError: 8.88216e-03
Iteration: 21
  Device: "mos2d"	RelError: 2.09526e+00	AbsError: 2.94783e+17
    Region: "bulk"	RelError: 2.06552e+00	AbsError: 2.94783e+17
      Equation: "ElectronContinuityEquation"	RelError: 7.46718e-01	AbsError: 2.94626e+17
      Equation: "HoleContinuityEquation"	RelError: 7.93166e-01	AbsError: 1.56525e+14
      Equation: "PotentialEquation"	RelError: 5.25636e-01	AbsError: 4.30387e-02
    Region: "gate"	RelError: 8.35310e-04	AbsError: 4.07069e+16
      Equation: "ElectronContinuityEquation"	RelError: 4.08914e-04	AbsError: 4.07069e+16
      Equation: "HoleContinuityEquation"	RelError: 4.08639e-04	AbsError: 4.10491e-04
      Equation: "PotentialEquation"	RelError: 1.77564e-05	AbsError: 1.05821e-05
    Region: "oxide"	RelError: 2.89004e-02	AbsError: 1.41703e-02
      Equation: "PotentialEquation"	RelError: 2.89004e-02	AbsError: 1.41703e-02
Iteration: 22
  Device: "mos2d"	RelError: 3.25772e+00	AbsError: 3.38607e+17
    Region: "bulk"	RelError: 3.22833e+00	AbsError: 3.38607e+17
      Equation: "ElectronContinuityEquation"	RelError: 6.59546e-01	AbsError: 3.38405e+17
      Equation: "HoleContinuityEquation"	RelError: 7.10804e-01	AbsError: 2.02031e+14
      Equation: "PotentialEquation"	RelError: 1.85798e+00	AbsError: 3.32241e-02
    Region: "gate"	RelError: 8.42448e-04	AbsError: 4.10326e+16
      Equation: "ElectronContinuityEquation"	RelError: 4.12356e-04	AbsError: 4.10326e+16
      Equation: "HoleContinuityEquation"	RelError: 4.12183e-04	AbsError: 4.14222e-04
      Equation: "PotentialEquation"	RelError: 1.79085e-05	AbsError: 1.06725e-05
    Region: "oxide"	RelError: 2.85435e-02	AbsError: 1.35048e-02
      Equation: "PotentialEquation"	RelError: 2.85435e-02	AbsError: 1.35048e-02
Iteration: 23
  Device: "mos2d"	RelError: 4.12358e+00	AbsError: 1.97763e+17
    Region: "bulk"	RelError: 4.10728e+00	AbsError: 1.97763e+17
      Equation: "ElectronContinuityEquation"	RelError: 5.10473e-01	AbsError: 1.97580e+17
      Equation: "HoleContinuityEquation"	RelError: 5.90291e-01	AbsError: 1.83664e+14
      Equation: "PotentialEquation"	RelError: 3.00652e+00	AbsError: 2.18400e-02
    Region: "gate"	RelError: 4.78233e-04	AbsError: 2.32797e+16
      Equation: "ElectronContinuityEquation"	RelError: 2.34003e-04	AbsError: 2.32797e+16
      Equation: "HoleContinuityEquation"	RelError: 2.34064e-04	AbsError: 2.35277e-04
      Equation: "PotentialEquation"	RelError: 1.01662e-05	AbsError: 6.05847e-06
    Region: "oxide"	RelError: 1.58186e-02	AbsError: 7.29032e-03
      Equation: "PotentialEquation"	RelError: 1.58186e-02	AbsError: 7.29032e-03
Iteration: 24
  Device: "mos2d"	RelError: 1.26121e+00	AbsError: 7.12433e+16
    Region: "bulk"	RelError: 1.25583e+00	AbsError: 7.12433e+16
      Equation: "ElectronContinuityEquation"	RelError: 2.85729e-01	AbsError: 7.11361e+16
      Equation: "HoleContinuityEquation"	RelError: 3.97117e-01	AbsError: 1.07202e+14
      Equation: "PotentialEquation"	RelError: 5.72988e-01	AbsError: 1.24489e-02
    Region: "gate"	RelError: 1.59785e-04	AbsError: 7.77637e+15
      Equation: "ElectronContinuityEquation"	RelError: 7.81728e-05	AbsError: 7.77637e+15
      Equation: "HoleContinuityEquation"	RelError: 7.82154e-05	AbsError: 7.86268e-05
      Equation: "PotentialEquation"	RelError: 3.39670e-06	AbsError: 2.02423e-06
    Region: "oxide"	RelError: 5.21887e-03	AbsError: 2.38156e-03
      Equation: "PotentialEquation"	RelError: 5.21887e-03	AbsError: 2.38156e-03
Iteration: 25
  Device: "mos2d"	RelError: 3.04800e-01	AbsError: 1.27338e+16
    Region: "bulk"	RelError: 3.03293e-01	AbsError: 1.27338e+16
      Equation: "ElectronContinuityEquation"	RelError: 7.49439e-02	AbsError: 1.26404e+16
      Equation: "HoleContinuityEquation"	RelError: 1.12102e-01	AbsError: 9.33855e+13
      Equation: "PotentialEquation"	RelError: 1.16247e-01	AbsError: 7.42600e-04
    Region: "gate"	RelError: 4.36354e-05	AbsError: 2.12391e+15
      Equation: "ElectronContinuityEquation"	RelError: 2.13513e-05	AbsError: 2.12391e+15
      Equation: "HoleContinuityEquation"	RelError: 2.13565e-05	AbsError: 2.14693e-05
      Equation: "PotentialEquation"	RelError: 9.27600e-07	AbsError: 5.52792e-07
    Region: "oxide"	RelError: 1.46296e-03	AbsError: 6.77461e-04
      Equation: "PotentialEquation"	RelError: 1.46296e-03	AbsError: 6.77461e-04
Iteration: 26
  Device: "mos2d"	RelError: 4.93453e-02	AbsError: 1.72854e+14
    Region: "bulk"	RelError: 4.93408e-02	AbsError: 1.72854e+14
      Equation: "ElectronContinuityEquation"	RelError: 1.49623e-02	AbsError: 9.26753e+13
      Equation: "HoleContinuityEquation"	RelError: 1.44382e-02	AbsError: 8.01783e+13
      Equation: "PotentialEquation"	RelError: 1.99403e-02	AbsError: 3.75691e-04
    Region: "gate"	RelError: 1.24433e-07	AbsError: 6.03471e+12
      Equation: "ElectronContinuityEquation"	RelError: 6.06659e-08	AbsError: 6.03471e+12
      Equation: "HoleContinuityEquation"	RelError: 6.11219e-08	AbsError: 6.14447e-08
      Equation: "PotentialEquation"	RelError: 2.64519e-09	AbsError: 1.57637e-09
    Region: "oxide"	RelError: 4.42210e-06	AbsError: 1.81604e-06
      Equation: "PotentialEquation"	RelError: 4.42210e-06	AbsError: 1.81604e-06
Iteration: 27
  Device: "mos2d"	RelError: 4.08919e-02	AbsError: 1.49268e+14
    Region: "bulk"	RelError: 4.08919e-02	AbsError: 1.49268e+14
      Equation: "ElectronContinuityEquation"	RelError: 1.28325e-02	AbsError: 7.91563e+13
      Equation: "HoleContinuityEquation"	RelError: 1.27174e-02	AbsError: 7.01118e+13
      Equation: "PotentialEquation"	RelError: 1.53420e-02	AbsError: 3.30718e-04
    Region: "gate"	RelError: 1.51461e-09	AbsError: 7.36685e+10
      Equation: "ElectronContinuityEquation"	RelError: 7.41202e-10	AbsError: 7.36685e+10
      Equation: "HoleContinuityEquation"	RelError: 7.41205e-10	AbsError: 7.45750e-10
      Equation: "PotentialEquation"	RelError: 3.21987e-11	AbsError: 1.91877e-11
    Region: "oxide"	RelError: 6.04745e-08	AbsError: 2.39393e-08
      Equation: "PotentialEquation"	RelError: 6.04745e-08	AbsError: 2.39393e-08
Iteration: 28
  Device: "mos2d"	RelError: 3.50359e-02	AbsError: 1.29922e+14
    Region: "bulk"	RelError: 3.50359e-02	AbsError: 1.29922e+14
      Equation: "ElectronContinuityEquation"	RelError: 1.13121e-02	AbsError: 6.83799e+13
      Equation: "HoleContinuityEquation"	RelError: 1.12214e-02	AbsError: 6.15424e+13
      Equation: "PotentialEquation"	RelError: 1.25024e-02	AbsError: 2.91666e-04
    Region: "gate"	RelError: 1.31916e-09	AbsError: 6.41622e+10
      Equation: "ElectronContinuityEquation"	RelError: 6.45557e-10	AbsError: 6.41622e+10
      Equation: "HoleContinuityEquation"	RelError: 6.45557e-10	AbsError: 6.49515e-10
      Equation: "PotentialEquation"	RelError: 2.80435e-11	AbsError: 1.67116e-11
    Region: "oxide"	RelError: 5.26652e-08	AbsError: 2.08505e-08
      Equation: "PotentialEquation"	RelError: 5.26652e-08	AbsError: 2.08505e-08
Iteration: 29
  Device: "mos2d"	RelError: 3.04417e-02	AbsError: 1.13826e+14
    Region: "bulk"	RelError: 3.04417e-02	AbsError: 1.13826e+14
      Equation: "ElectronContinuityEquation"	RelError: 9.99094e-03	AbsError: 5.96411e+13
      Equation: "HoleContinuityEquation"	RelError: 9.91968e-03	AbsError: 5.41851e+13
      Equation: "PotentialEquation"	RelError: 1.05310e-02	AbsError: 2.57716e-04
    Region: "gate"	RelError: 1.15410e-09	AbsError: 5.61340e+10
      Equation: "ElectronContinuityEquation"	RelError: 5.64782e-10	AbsError: 5.61340e+10
      Equation: "HoleContinuityEquation"	RelError: 5.64782e-10	AbsError: 5.68245e-10
      Equation: "PotentialEquation"	RelError: 2.45346e-11	AbsError: 1.46206e-11
    Region: "oxide"	RelError: 4.60755e-08	AbsError: 1.82416e-08
      Equation: "PotentialEquation"	RelError: 4.60755e-08	AbsError: 1.82416e-08
Iteration: 30
  Device: "mos2d"	RelError: 2.66713e-02	AbsError: 1.00164e+14
    Region: "bulk"	RelError: 2.66712e-02	AbsError: 1.00164e+14
      Equation: "ElectronContinuityEquation"	RelError: 8.84061e-03	AbsError: 5.23363e+13
      Equation: "HoleContinuityEquation"	RelError: 8.78441e-03	AbsError: 4.78278e+13
      Equation: "PotentialEquation"	RelError: 9.04620e-03	AbsError: 2.28132e-04
    Region: "gate"	RelError: 1.01316e-09	AbsError: 4.92791e+10
      Equation: "ElectronContinuityEquation"	RelError: 4.95813e-10	AbsError: 4.92791e+10
      Equation: "HoleContinuityEquation"	RelError: 4.95813e-10	AbsError: 4.98853e-10
      Equation: "PotentialEquation"	RelError: 2.15387e-11	AbsError: 1.28353e-11
    Region: "oxide"	RelError: 4.04489e-08	AbsError: 1.60140e-08
      Equation: "PotentialEquation"	RelError: 4.04489e-08	AbsError: 1.60140e-08
Iteration: 31
  Device: "mos2d"	RelError: 2.34906e-02	AbsError: 8.84210e+13
    Region: "bulk"	RelError: 2.34905e-02	AbsError: 8.84210e+13
      Equation: "ElectronContinuityEquation"	RelError: 7.83611e-03	AbsError: 4.61147e+13
      Equation: "HoleContinuityEquation"	RelError: 7.79166e-03	AbsError: 4.23063e+13
      Equation: "PotentialEquation"	RelError: 7.86274e-03	AbsError: 2.02280e-04
    Region: "gate"	RelError: 8.91955e-10	AbsError: 4.33836e+10
      Equation: "ElectronContinuityEquation"	RelError: 4.36497e-10	AbsError: 4.33836e+10
      Equation: "HoleContinuityEquation"	RelError: 4.36497e-10	AbsError: 4.39173e-10
      Equation: "PotentialEquation"	RelError: 1.89618e-11	AbsError: 1.12996e-11
    Region: "oxide"	RelError: 3.56098e-08	AbsError: 1.40982e-08
      Equation: "PotentialEquation"	RelError: 3.56098e-08	AbsError: 1.40982e-08
Iteration: 32
  Device: "mos2d"	RelError: 2.07620e-02	AbsError: 7.82432e+13
    Region: "bulk"	RelError: 2.07620e-02	AbsError: 7.82432e+13
      Equation: "ElectronContinuityEquation"	RelError: 6.95643e-03	AbsError: 4.07525e+13
      Equation: "HoleContinuityEquation"	RelError: 6.92119e-03	AbsError: 3.74908e+13
      Equation: "PotentialEquation"	RelError: 6.88438e-03	AbsError: 1.79627e-04
    Region: "gate"	RelError: 7.87115e-10	AbsError: 3.82843e+10
      Equation: "ElectronContinuityEquation"	RelError: 3.85191e-10	AbsError: 3.82843e+10
      Equation: "HoleContinuityEquation"	RelError: 3.85191e-10	AbsError: 3.87553e-10
      Equation: "PotentialEquation"	RelError: 1.67331e-11	AbsError: 9.97152e-12
    Region: "oxide"	RelError: 3.14242e-08	AbsError: 1.24411e-08
      Equation: "PotentialEquation"	RelError: 3.14242e-08	AbsError: 1.24411e-08
Iteration: 33
  Device: "mos2d"	RelError: 1.83968e-02	AbsError: 6.93707e+13
    Region: "bulk"	RelError: 1.83968e-02	AbsError: 6.93707e+13
      Equation: "ElectronContinuityEquation"	RelError: 6.18396e-03	AbsError: 3.60947e+13
      Equation: "HoleContinuityEquation"	RelError: 6.15597e-03	AbsError: 3.32760e+13
      Equation: "PotentialEquation"	RelError: 6.05687e-03	AbsError: 1.59723e-04
    Region: "gate"	RelError: 6.96014e-10	AbsError: 3.38533e+10
      Equation: "ElectronContinuityEquation"	RelError: 3.40609e-10	AbsError: 3.38533e+10
      Equation: "HoleContinuityEquation"	RelError: 3.40608e-10	AbsError: 3.42697e-10
      Equation: "PotentialEquation"	RelError: 1.47965e-11	AbsError: 8.81745e-12
    Region: "oxide"	RelError: 2.77872e-08	AbsError: 1.10011e-08
      Equation: "PotentialEquation"	RelError: 2.77872e-08	AbsError: 1.10011e-08
Iteration: 34
  Device: "mos2d"	RelError: 1.63325e-02	AbsError: 6.16025e+13
    Region: "bulk"	RelError: 1.63325e-02	AbsError: 6.16025e+13
      Equation: "ElectronContinuityEquation"	RelError: 5.50396e-03	AbsError: 3.20266e+13
      Equation: "HoleContinuityEquation"	RelError: 5.48169e-03	AbsError: 2.95759e+13
      Equation: "PotentialEquation"	RelError: 5.34684e-03	AbsError: 1.42194e-04
    Region: "gate"	RelError: 6.16544e-10	AbsError: 2.99880e+10
      Equation: "ElectronContinuityEquation"	RelError: 3.01718e-10	AbsError: 2.99880e+10
      Equation: "HoleContinuityEquation"	RelError: 3.01718e-10	AbsError: 3.03569e-10
      Equation: "PotentialEquation"	RelError: 1.31069e-11	AbsError: 7.81059e-12
    Region: "oxide"	RelError: 2.46145e-08	AbsError: 9.74504e-09
      Equation: "PotentialEquation"	RelError: 2.46145e-08	AbsError: 9.74504e-09
Iteration: 35
  Device: "mos2d"	RelError: 1.45222e-02	AbsError: 5.47785e+13
    Region: "bulk"	RelError: 1.45222e-02	AbsError: 5.47785e+13
      Equation: "ElectronContinuityEquation"	RelError: 4.90400e-03	AbsError: 2.84593e+13
      Equation: "HoleContinuityEquation"	RelError: 4.88625e-03	AbsError: 2.63191e+13
      Equation: "PotentialEquation"	RelError: 4.73191e-03	AbsError: 1.26721e-04
    Region: "gate"	RelError: 5.46991e-10	AbsError: 2.66050e+10
      Equation: "ElectronContinuityEquation"	RelError: 2.67681e-10	AbsError: 2.66050e+10
      Equation: "HoleContinuityEquation"	RelError: 2.67682e-10	AbsError: 2.69323e-10
      Equation: "PotentialEquation"	RelError: 1.16283e-11	AbsError: 6.92948e-12
    Region: "oxide"	RelError: 2.18377e-08	AbsError: 8.64569e-09
      Equation: "PotentialEquation"	RelError: 2.18377e-08	AbsError: 8.64569e-09
Iteration: 36
  Device: "mos2d"	RelError: 1.29290e-02	AbsError: 4.87673e+13
    Region: "bulk"	RelError: 1.29290e-02	AbsError: 4.87673e+13
      Equation: "ElectronContinuityEquation"	RelError: 4.37361e-03	AbsError: 2.53213e+13
      Equation: "HoleContinuityEquation"	RelError: 4.35944e-03	AbsError: 2.34460e+13
      Equation: "PotentialEquation"	RelError: 4.19596e-03	AbsError: 1.13037e-04
    Region: "gate"	RelError: 4.85943e-10	AbsError: 2.36357e+10
      Equation: "ElectronContinuityEquation"	RelError: 2.37807e-10	AbsError: 2.36357e+10
      Equation: "HoleContinuityEquation"	RelError: 2.37806e-10	AbsError: 2.39264e-10
      Equation: "PotentialEquation"	RelError: 1.03306e-11	AbsError: 6.15616e-12
    Region: "oxide"	RelError: 1.94004e-08	AbsError: 7.68078e-09
      Equation: "PotentialEquation"	RelError: 1.94004e-08	AbsError: 7.68078e-09
Iteration: 37
  Device: "mos2d"	RelError: 1.15232e-02	AbsError: 4.34601e+13
    Region: "bulk"	RelError: 1.15231e-02	AbsError: 4.34601e+13
      Equation: "ElectronContinuityEquation"	RelError: 3.90387e-03	AbsError: 2.25539e+13
      Equation: "HoleContinuityEquation"	RelError: 3.89255e-03	AbsError: 2.09062e+13
      Equation: "PotentialEquation"	RelError: 3.72672e-03	AbsError: 1.00914e-04
    Region: "gate"	RelError: 4.32227e-10	AbsError: 2.10230e+10
      Equation: "ElectronContinuityEquation"	RelError: 2.11519e-10	AbsError: 2.10230e+10
      Equation: "HoleContinuityEquation"	RelError: 2.11519e-10	AbsError: 2.12816e-10
      Equation: "PotentialEquation"	RelError: 9.18856e-12	AbsError: 5.47561e-12
    Region: "oxide"	RelError: 1.72559e-08	AbsError: 6.83174e-09
      Equation: "PotentialEquation"	RelError: 1.72559e-08	AbsError: 6.83174e-09
Iteration: 38
  Device: "mos2d"	RelError: 1.02798e-02	AbsError: 3.87652e+13
    Region: "bulk"	RelError: 1.02798e-02	AbsError: 3.87652e+13
      Equation: "ElectronContinuityEquation"	RelError: 3.48719e-03	AbsError: 2.01081e+13
      Equation: "HoleContinuityEquation"	RelError: 3.47813e-03	AbsError: 1.86571e+13
      Equation: "PotentialEquation"	RelError: 3.31445e-03	AbsError: 9.01562e-05
    Region: "gate"	RelError: 3.84856e-10	AbsError: 1.87189e+10
      Equation: "ElectronContinuityEquation"	RelError: 1.88337e-10	AbsError: 1.87189e+10
      Equation: "HoleContinuityEquation"	RelError: 1.88337e-10	AbsError: 1.89492e-10
      Equation: "PotentialEquation"	RelError: 8.18154e-12	AbsError: 4.87552e-12
    Region: "oxide"	RelError: 1.53647e-08	AbsError: 6.08300e-09
      Equation: "PotentialEquation"	RelError: 1.53647e-08	AbsError: 6.08300e-09
Iteration: 39
  Device: "mos2d"	RelError: 9.17805e-03	AbsError: 3.46048e+13
    Region: "bulk"	RelError: 9.17804e-03	AbsError: 3.46048e+13
      Equation: "ElectronContinuityEquation"	RelError: 3.11704e-03	AbsError: 1.79426e+13
      Equation: "HoleContinuityEquation"	RelError: 3.10978e-03	AbsError: 1.66623e+13
      Equation: "PotentialEquation"	RelError: 2.95121e-03	AbsError: 8.05975e-05
    Region: "gate"	RelError: 3.43001e-10	AbsError: 1.66831e+10
      Equation: "ElectronContinuityEquation"	RelError: 1.67854e-10	AbsError: 1.66831e+10
      Equation: "HoleContinuityEquation"	RelError: 1.67855e-10	AbsError: 1.68884e-10
      Equation: "PotentialEquation"	RelError: 7.29171e-12	AbsError: 4.34525e-12
    Region: "oxide"	RelError: 1.36937e-08	AbsError: 5.42143e-09
      Equation: "PotentialEquation"	RelError: 1.36937e-08	AbsError: 5.42143e-09
Iteration: 40
  Device: "mos2d"	RelError: 8.20028e-03	AbsError: 3.09126e+13
    Region: "bulk"	RelError: 8.20027e-03	AbsError: 3.09126e+13
      Equation: "ElectronContinuityEquation"	RelError: 2.78782e-03	AbsError: 1.60221e+13
      Equation: "HoleContinuityEquation"	RelError: 2.78200e-03	AbsError: 1.48905e+13
      Equation: "PotentialEquation"	RelError: 2.63045e-03	AbsError: 7.20935e-05
    Region: "gate"	RelError: 3.05954e-10	AbsError: 1.48812e+10
      Equation: "ElectronContinuityEquation"	RelError: 1.49725e-10	AbsError: 1.48812e+10
      Equation: "HoleContinuityEquation"	RelError: 1.49725e-10	AbsError: 1.50643e-10
      Equation: "PotentialEquation"	RelError: 6.50410e-12	AbsError: 3.87590e-12
    Region: "oxide"	RelError: 1.22146e-08	AbsError: 4.83588e-09
      Equation: "PotentialEquation"	RelError: 1.22146e-08	AbsError: 4.83588e-09
Iteration: 41
  Device: "mos2d"	RelError: 7.33132e-03	AbsError: 2.76315e+13
    Region: "bulk"	RelError: 7.33131e-03	AbsError: 2.76315e+13
      Equation: "ElectronContinuityEquation"	RelError: 2.49467e-03	AbsError: 1.43166e+13
      Equation: "HoleContinuityEquation"	RelError: 2.49000e-03	AbsError: 1.33149e+13
      Equation: "PotentialEquation"	RelError: 2.34664e-03	AbsError: 6.45196e-05
    Region: "gate"	RelError: 2.73113e-10	AbsError: 1.32839e+10
      Equation: "ElectronContinuityEquation"	RelError: 1.33653e-10	AbsError: 1.32839e+10
      Equation: "HoleContinuityEquation"	RelError: 1.33653e-10	AbsError: 1.34473e-10
      Equation: "PotentialEquation"	RelError: 5.80603e-12	AbsError: 3.45991e-12
    Region: "oxide"	RelError: 1.09035e-08	AbsError: 4.31679e-09
      Equation: "PotentialEquation"	RelError: 1.09035e-08	AbsError: 4.31679e-09
Iteration: 42
  Device: "mos2d"	RelError: 6.55811e-03	AbsError: 2.47124e+13
    Region: "bulk"	RelError: 6.55810e-03	AbsError: 2.47124e+13
      Equation: "ElectronContinuityEquation"	RelError: 2.23338e-03	AbsError: 1.28002e+13
      Equation: "HoleContinuityEquation"	RelError: 2.22963e-03	AbsError: 1.19122e+13
      Equation: "PotentialEquation"	RelError: 2.09509e-03	AbsError: 5.77674e-05
    Region: "gate"	RelError: 2.43960e-10	AbsError: 1.18659e+10
      Equation: "ElectronContinuityEquation"	RelError: 1.19387e-10	AbsError: 1.18659e+10
      Equation: "HoleContinuityEquation"	RelError: 1.19387e-10	AbsError: 1.20119e-10
      Equation: "PotentialEquation"	RelError: 5.18630e-12	AbsError: 3.09060e-12
    Region: "oxide"	RelError: 9.73966e-09	AbsError: 3.85601e-09
      Equation: "PotentialEquation"	RelError: 9.73966e-09	AbsError: 3.85601e-09
Iteration: 43
  Device: "mos2d"	RelError: 5.86935e-03	AbsError: 2.21126e+13
    Region: "bulk"	RelError: 5.86934e-03	AbsError: 2.21126e+13
      Equation: "ElectronContinuityEquation"	RelError: 2.00028e-03	AbsError: 1.14503e+13
      Equation: "HoleContinuityEquation"	RelError: 1.99726e-03	AbsError: 1.06622e+13
      Equation: "PotentialEquation"	RelError: 1.87180e-03	AbsError: 5.17426e-05
    Region: "gate"	RelError: 2.18050e-10	AbsError: 1.06057e+10
      Equation: "ElectronContinuityEquation"	RelError: 1.06707e-10	AbsError: 1.06057e+10
      Equation: "HoleContinuityEquation"	RelError: 1.06707e-10	AbsError: 1.07361e-10
      Equation: "PotentialEquation"	RelError: 4.63540e-12	AbsError: 2.76231e-12
    Region: "oxide"	RelError: 8.70523e-09	AbsError: 3.44647e-09
      Equation: "PotentialEquation"	RelError: 8.70523e-09	AbsError: 3.44647e-09
Iteration: 44
  Device: "mos2d"	RelError: 5.25525e-03	AbsError: 1.97950e+13
    Region: "bulk"	RelError: 5.25524e-03	AbsError: 1.97950e+13
      Equation: "ElectronContinuityEquation"	RelError: 1.79216e-03	AbsError: 1.02476e+13
      Equation: "HoleContinuityEquation"	RelError: 1.78974e-03	AbsError: 9.54738e+12
      Equation: "PotentialEquation"	RelError: 1.67335e-03	AbsError: 4.63626e-05
    Region: "gate"	RelError: 1.94995e-10	AbsError: 9.48435e+09
      Equation: "ElectronContinuityEquation"	RelError: 9.54251e-11	AbsError: 9.48435e+09
      Equation: "HoleContinuityEquation"	RelError: 9.54249e-11	AbsError: 9.60101e-11
      Equation: "PotentialEquation"	RelError: 4.14530e-12	AbsError: 2.47025e-12
    Region: "oxide"	RelError: 7.78484e-09	AbsError: 3.08208e-09
      Equation: "PotentialEquation"	RelError: 7.78484e-09	AbsError: 3.08208e-09
Iteration: 45
  Device: "mos2d"	RelError: 4.70724e-03	AbsError: 1.77273e+13
    Region: "bulk"	RelError: 4.70724e-03	AbsError: 1.77273e+13
      Equation: "ElectronContinuityEquation"	RelError: 1.60621e-03	AbsError: 9.17507e+12
      Equation: "HoleContinuityEquation"	RelError: 1.60427e-03	AbsError: 8.55225e+12
      Equation: "PotentialEquation"	RelError: 1.49676e-03	AbsError: 4.15552e-05
    Region: "gate"	RelError: 1.74463e-10	AbsError: 8.48566e+09
      Equation: "ElectronContinuityEquation"	RelError: 8.53770e-11	AbsError: 8.48566e+09
      Equation: "HoleContinuityEquation"	RelError: 8.53771e-11	AbsError: 8.59006e-11
      Equation: "PotentialEquation"	RelError: 3.70887e-12	AbsError: 2.21018e-12
    Region: "oxide"	RelError: 6.96511e-09	AbsError: 2.75754e-09
      Equation: "PotentialEquation"	RelError: 6.96511e-09	AbsError: 2.75754e-09
Iteration: 46
  Device: "mos2d"	RelError: 4.21785e-03	AbsError: 1.58812e+13
    Region: "bulk"	RelError: 4.21785e-03	AbsError: 1.58812e+13
      Equation: "ElectronContinuityEquation"	RelError: 1.43998e-03	AbsError: 8.21783e+12
      Equation: "HoleContinuityEquation"	RelError: 1.43841e-03	AbsError: 7.66336e+12
      Equation: "PotentialEquation"	RelError: 1.33945e-03	AbsError: 3.72568e-05
    Region: "gate"	RelError: 1.56160e-10	AbsError: 7.59541e+09
      Equation: "ElectronContinuityEquation"	RelError: 7.64199e-11	AbsError: 7.59541e+09
      Equation: "HoleContinuityEquation"	RelError: 7.64200e-11	AbsError: 7.68886e-11
      Equation: "PotentialEquation"	RelError: 3.31967e-12	AbsError: 1.97824e-12
    Region: "oxide"	RelError: 6.23438e-09	AbsError: 2.46824e-09
      Equation: "PotentialEquation"	RelError: 6.23438e-09	AbsError: 2.46824e-09
Iteration: 47
  Device: "mos2d"	RelError: 3.78052e-03	AbsError: 1.42318e+13
    Region: "bulk"	RelError: 3.78051e-03	AbsError: 1.42318e+13
      Equation: "ElectronContinuityEquation"	RelError: 1.29128e-03	AbsError: 7.36292e+12
      Equation: "HoleContinuityEquation"	RelError: 1.29002e-03	AbsError: 6.86889e+12
      Equation: "PotentialEquation"	RelError: 1.19921e-03	AbsError: 3.34114e-05
    Region: "gate"	RelError: 1.39831e-10	AbsError: 6.80120e+09
      Equation: "ElectronContinuityEquation"	RelError: 6.84290e-11	AbsError: 6.80120e+09
      Equation: "HoleContinuityEquation"	RelError: 6.84289e-11	AbsError: 6.88485e-11
      Equation: "PotentialEquation"	RelError: 2.97270e-12	AbsError: 1.77148e-12
    Region: "oxide"	RelError: 5.58248e-09	AbsError: 2.21015e-09
      Equation: "PotentialEquation"	RelError: 5.58248e-09	AbsError: 2.21015e-09
Iteration: 48
  Device: "mos2d"	RelError: 3.38946e-03	AbsError: 1.27573e+13
    Region: "bulk"	RelError: 3.38946e-03	AbsError: 1.27573e+13
      Equation: "ElectronContinuityEquation"	RelError: 1.15820e-03	AbsError: 6.59892e+12
      Equation: "HoleContinuityEquation"	RelError: 1.15719e-03	AbsError: 6.15841e+12
      Equation: "PotentialEquation"	RelError: 1.07406e-03	AbsError: 2.99695e-05
    Region: "gate"	RelError: 1.25253e-10	AbsError: 6.09214e+09
      Equation: "ElectronContinuityEquation"	RelError: 6.12950e-11	AbsError: 6.09214e+09
      Equation: "HoleContinuityEquation"	RelError: 6.12950e-11	AbsError: 6.16709e-11
      Equation: "PotentialEquation"	RelError: 2.66273e-12	AbsError: 1.58677e-12
    Region: "oxide"	RelError: 5.00048e-09	AbsError: 1.97973e-09
      Equation: "PotentialEquation"	RelError: 5.00048e-09	AbsError: 1.97973e-09
Iteration: 49
  Device: "mos2d"	RelError: 3.03961e-03	AbsError: 1.14385e+13
    Region: "bulk"	RelError: 3.03960e-03	AbsError: 1.14385e+13
      Equation: "ElectronContinuityEquation"	RelError: 1.03905e-03	AbsError: 5.91578e+12
      Equation: "HoleContinuityEquation"	RelError: 1.03824e-03	AbsError: 5.52272e+12
      Equation: "PotentialEquation"	RelError: 9.62313e-04	AbsError: 2.68876e-05
    Region: "gate"	RelError: 1.12230e-10	AbsError: 5.45872e+09
      Equation: "ElectronContinuityEquation"	RelError: 5.49219e-11	AbsError: 5.45872e+09
      Equation: "HoleContinuityEquation"	RelError: 5.49218e-11	AbsError: 5.52585e-11
      Equation: "PotentialEquation"	RelError: 2.38592e-12	AbsError: 1.42181e-12
    Region: "oxide"	RelError: 4.48056e-09	AbsError: 1.77389e-09
      Equation: "PotentialEquation"	RelError: 4.48056e-09	AbsError: 1.77389e-09
Iteration: 50
  Device: "mos2d"	RelError: 2.72646e-03	AbsError: 1.02583e+13
    Region: "bulk"	RelError: 2.72646e-03	AbsError: 1.02583e+13
      Equation: "ElectronContinuityEquation"	RelError: 9.32330e-04	AbsError: 5.30463e+12
      Equation: "HoleContinuityEquation"	RelError: 9.31672e-04	AbsError: 4.95369e+12
      Equation: "PotentialEquation"	RelError: 8.62457e-04	AbsError: 2.41269e-05
    Region: "gate"	RelError: 1.00589e-10	AbsError: 4.89254e+09
      Equation: "ElectronContinuityEquation"	RelError: 4.92254e-11	AbsError: 4.89254e+09
      Equation: "HoleContinuityEquation"	RelError: 4.92257e-11	AbsError: 4.95275e-11
      Equation: "PotentialEquation"	RelError: 2.13831e-12	AbsError: 1.27426e-12
    Region: "oxide"	RelError: 4.01583e-09	AbsError: 1.58990e-09
      Equation: "PotentialEquation"	RelError: 4.01583e-09	AbsError: 1.58990e-09
Iteration: 51
  Device: "mos2d"	RelError: 2.44606e-03	AbsError: 9.20179e+12
    Region: "bulk"	RelError: 2.44605e-03	AbsError: 9.20179e+12
      Equation: "ElectronContinuityEquation"	RelError: 8.36704e-04	AbsError: 4.75765e+12
      Equation: "HoleContinuityEquation"	RelError: 8.36173e-04	AbsError: 4.44413e+12
      Equation: "PotentialEquation"	RelError: 7.73178e-04	AbsError: 2.16530e-05
    Region: "gate"	RelError: 9.01787e-11	AbsError: 4.38619e+09
      Equation: "ElectronContinuityEquation"	RelError: 4.41308e-11	AbsError: 4.38619e+09
      Equation: "HoleContinuityEquation"	RelError: 4.41307e-11	AbsError: 4.44013e-11
      Equation: "PotentialEquation"	RelError: 1.91717e-12	AbsError: 1.14248e-12
    Region: "oxide"	RelError: 3.60022e-09	AbsError: 1.42536e-09
      Equation: "PotentialEquation"	RelError: 3.60022e-09	AbsError: 1.42536e-09
Iteration: 52
  Device: "mos2d"	RelError: 2.19488e-03	AbsError: 8.25557e+12
    Region: "bulk"	RelError: 2.19487e-03	AbsError: 8.25557e+12
      Equation: "ElectronContinuityEquation"	RelError: 7.50994e-04	AbsError: 4.26790e+12
      Equation: "HoleContinuityEquation"	RelError: 7.50566e-04	AbsError: 3.98767e+12
      Equation: "PotentialEquation"	RelError: 6.93313e-04	AbsError: 1.94356e-05
    Region: "gate"	RelError: 8.08643e-11	AbsError: 3.93314e+09
      Equation: "ElectronContinuityEquation"	RelError: 3.95726e-11	AbsError: 3.93314e+09
      Equation: "HoleContinuityEquation"	RelError: 3.95727e-11	AbsError: 3.98154e-11
      Equation: "PotentialEquation"	RelError: 1.71898e-12	AbsError: 1.02437e-12
    Region: "oxide"	RelError: 3.22836e-09	AbsError: 1.27814e-09
      Equation: "PotentialEquation"	RelError: 3.22836e-09	AbsError: 1.27814e-09
Iteration: 53
  Device: "mos2d"	RelError: 1.96979e-03	AbsError: 7.40786e+12
    Region: "bulk"	RelError: 1.96979e-03	AbsError: 7.40786e+12
      Equation: "ElectronContinuityEquation"	RelError: 6.74150e-04	AbsError: 3.82923e+12
      Equation: "HoleContinuityEquation"	RelError: 6.73805e-04	AbsError: 3.57863e+12
      Equation: "PotentialEquation"	RelError: 6.21836e-04	AbsError: 1.74474e-05
    Region: "gate"	RelError: 7.25268e-11	AbsError: 3.52763e+09
      Equation: "ElectronContinuityEquation"	RelError: 3.54926e-11	AbsError: 3.52763e+09
      Equation: "HoleContinuityEquation"	RelError: 3.54925e-11	AbsError: 3.57101e-11
      Equation: "PotentialEquation"	RelError: 1.54178e-12	AbsError: 9.18772e-13
    Region: "oxide"	RelError: 2.89550e-09	AbsError: 1.14635e-09
      Equation: "PotentialEquation"	RelError: 2.89550e-09	AbsError: 1.14635e-09
Iteration: 54
  Device: "mos2d"	RelError: 1.76804e-03	AbsError: 6.64817e+12
    Region: "bulk"	RelError: 1.76804e-03	AbsError: 6.64817e+12
      Equation: "ElectronContinuityEquation"	RelError: 6.05239e-04	AbsError: 3.43618e+12
      Equation: "HoleContinuityEquation"	RelError: 6.04961e-04	AbsError: 3.21199e+12
      Equation: "PotentialEquation"	RelError: 5.57839e-04	AbsError: 1.56643e-05
    Region: "gate"	RelError: 6.50611e-11	AbsError: 3.16450e+09
      Equation: "ElectronContinuityEquation"	RelError: 3.18391e-11	AbsError: 3.16450e+09
      Equation: "HoleContinuityEquation"	RelError: 3.18390e-11	AbsError: 3.20343e-11
      Equation: "PotentialEquation"	RelError: 1.38304e-12	AbsError: 8.24173e-13
    Region: "oxide"	RelError: 2.59745e-09	AbsError: 1.02835e-09
      Equation: "PotentialEquation"	RelError: 2.59745e-09	AbsError: 1.02835e-09
Iteration: 55
  Device: "mos2d"	RelError: 1.58715e-03	AbsError: 5.96718e+12
    Region: "bulk"	RelError: 1.58715e-03	AbsError: 5.96718e+12
      Equation: "ElectronContinuityEquation"	RelError: 5.43427e-04	AbsError: 3.08392e+12
      Equation: "HoleContinuityEquation"	RelError: 5.43203e-04	AbsError: 2.88326e+12
      Equation: "PotentialEquation"	RelError: 5.00517e-04	AbsError: 1.40649e-05
    Region: "gate"	RelError: 5.83739e-11	AbsError: 2.83923e+09
      Equation: "ElectronContinuityEquation"	RelError: 2.85664e-11	AbsError: 2.83923e+09
      Equation: "HoleContinuityEquation"	RelError: 2.85665e-11	AbsError: 2.87417e-11
      Equation: "PotentialEquation"	RelError: 1.24104e-12	AbsError: 7.39559e-13
    Region: "oxide"	RelError: 2.33046e-09	AbsError: 9.22650e-10
      Equation: "PotentialEquation"	RelError: 2.33046e-09	AbsError: 9.22650e-10
Iteration: 56
  Device: "mos2d"	RelError: 1.42492e-03	AbsError: 5.35657e+12
    Region: "bulk"	RelError: 1.42492e-03	AbsError: 5.35657e+12
      Equation: "ElectronContinuityEquation"	RelError: 4.87973e-04	AbsError: 2.76811e+12
      Equation: "HoleContinuityEquation"	RelError: 4.87792e-04	AbsError: 2.58846e+12
      Equation: "PotentialEquation"	RelError: 4.49157e-04	AbsError: 1.26299e-05
    Region: "gate"	RelError: 5.23817e-11	AbsError: 2.54777e+09
      Equation: "ElectronContinuityEquation"	RelError: 2.56340e-11	AbsError: 2.54777e+09
      Equation: "HoleContinuityEquation"	RelError: 2.56341e-11	AbsError: 2.57913e-11
      Equation: "PotentialEquation"	RelError: 1.11364e-12	AbsError: 6.63634e-13
    Region: "oxide"	RelError: 2.09124e-09	AbsError: 8.27939e-10
      Equation: "PotentialEquation"	RelError: 2.09124e-09	AbsError: 8.27939e-10
Iteration: 57
  Device: "mos2d"	RelError: 1.27941e-03	AbsError: 4.80896e+12
    Region: "bulk"	RelError: 1.27940e-03	AbsError: 4.80896e+12
      Equation: "ElectronContinuityEquation"	RelError: 4.38212e-04	AbsError: 2.48493e+12
      Equation: "HoleContinuityEquation"	RelError: 4.38066e-04	AbsError: 2.32403e+12
      Equation: "PotentialEquation"	RelError: 4.03124e-04	AbsError: 1.13422e-05
    Region: "gate"	RelError: 4.70109e-11	AbsError: 2.28655e+09
      Equation: "ElectronContinuityEquation"	RelError: 2.30057e-11	AbsError: 2.28655e+09
      Equation: "HoleContinuityEquation"	RelError: 2.30056e-11	AbsError: 2.31467e-11
      Equation: "PotentialEquation"	RelError: 9.99484e-13	AbsError: 5.95609e-13
    Region: "oxide"	RelError: 1.87682e-09	AbsError: 7.43051e-10
      Equation: "PotentialEquation"	RelError: 1.87682e-09	AbsError: 7.43051e-10
Iteration: 58
  Device: "mos2d"	RelError: 1.14885e-03	AbsError: 4.31774e+12
    Region: "bulk"	RelError: 1.14885e-03	AbsError: 4.31774e+12
      Equation: "ElectronContinuityEquation"	RelError: 3.93555e-04	AbsError: 2.23094e+12
      Equation: "HoleContinuityEquation"	RelError: 3.93437e-04	AbsError: 2.08680e+12
      Equation: "PotentialEquation"	RelError: 3.61856e-04	AbsError: 1.01865e-05
    Region: "gate"	RelError: 4.21960e-11	AbsError: 2.05237e+09
      Equation: "ElectronContinuityEquation"	RelError: 2.06496e-11	AbsError: 2.05237e+09
      Equation: "HoleContinuityEquation"	RelError: 2.06494e-11	AbsError: 2.07760e-11
      Equation: "PotentialEquation"	RelError: 8.96994e-13	AbsError: 5.34533e-13
    Region: "oxide"	RelError: 1.68460e-09	AbsError: 6.66948e-10
      Equation: "PotentialEquation"	RelError: 1.68460e-09	AbsError: 6.66948e-10
Iteration: 59
  Device: "mos2d"	RelError: 1.03170e-03	AbsError: 3.87703e+12
    Region: "bulk"	RelError: 1.03170e-03	AbsError: 3.87703e+12
      Equation: "ElectronContinuityEquation"	RelError: 3.53471e-04	AbsError: 2.00310e+12
      Equation: "HoleContinuityEquation"	RelError: 3.53376e-04	AbsError: 1.87393e+12
      Equation: "PotentialEquation"	RelError: 3.24849e-04	AbsError: 9.14914e-06
    Region: "gate"	RelError: 3.78786e-11	AbsError: 1.84237e+09
      Equation: "ElectronContinuityEquation"	RelError: 1.85367e-11	AbsError: 1.84237e+09
      Equation: "HoleContinuityEquation"	RelError: 1.85368e-11	AbsError: 1.86504e-11
      Equation: "PotentialEquation"	RelError: 8.05186e-13	AbsError: 4.79823e-13
    Region: "oxide"	RelError: 1.51223e-09	AbsError: 5.98706e-10
      Equation: "PotentialEquation"	RelError: 1.51223e-09	AbsError: 5.98706e-10
Iteration: 60
  Device: "mos2d"	RelError: 9.26558e-04	AbsError: 3.48157e+12
    Region: "bulk"	RelError: 9.26557e-04	AbsError: 3.48157e+12
      Equation: "ElectronContinuityEquation"	RelError: 3.17488e-04	AbsError: 1.79868e+12
      Equation: "HoleContinuityEquation"	RelError: 3.17411e-04	AbsError: 1.68289e+12
      Equation: "PotentialEquation"	RelError: 2.91657e-04	AbsError: 8.21788e-06
    Region: "gate"	RelError: 3.40064e-11	AbsError: 1.65403e+09
      Equation: "ElectronContinuityEquation"	RelError: 1.66417e-11	AbsError: 1.65403e+09
      Equation: "HoleContinuityEquation"	RelError: 1.66417e-11	AbsError: 1.67438e-11
      Equation: "PotentialEquation"	RelError: 7.22908e-13	AbsError: 4.30793e-13
    Region: "oxide"	RelError: 1.35764e-09	AbsError: 5.37501e-10
      Equation: "PotentialEquation"	RelError: 1.35764e-09	AbsError: 5.37501e-10
Iteration: 61
  Device: "mos2d"	RelError: 8.32185e-04	AbsError: 3.12667e+12
    Region: "bulk"	RelError: 8.32184e-04	AbsError: 3.12667e+12
      Equation: "ElectronContinuityEquation"	RelError: 2.85183e-04	AbsError: 1.61524e+12
      Equation: "HoleContinuityEquation"	RelError: 2.85121e-04	AbsError: 1.51143e+12
      Equation: "PotentialEquation"	RelError: 2.61881e-04	AbsError: 7.38178e-06
    Region: "gate"	RelError: 3.05327e-11	AbsError: 1.48507e+09
      Equation: "ElectronContinuityEquation"	RelError: 1.49418e-11	AbsError: 1.48507e+09
      Equation: "HoleContinuityEquation"	RelError: 1.49418e-11	AbsError: 1.50334e-11
      Equation: "PotentialEquation"	RelError: 6.49128e-13	AbsError: 3.86826e-13
    Region: "oxide"	RelError: 1.21896e-09	AbsError: 4.82596e-10
      Equation: "PotentialEquation"	RelError: 1.21896e-09	AbsError: 4.82596e-10
Iteration: 62
  Device: "mos2d"	RelError: 7.47467e-04	AbsError: 2.80812e+12
    Region: "bulk"	RelError: 7.47466e-04	AbsError: 2.80812e+12
      Equation: "ElectronContinuityEquation"	RelError: 2.56176e-04	AbsError: 1.45060e+12
      Equation: "HoleContinuityEquation"	RelError: 2.56126e-04	AbsError: 1.35751e+12
      Equation: "PotentialEquation"	RelError: 2.35164e-04	AbsError: 6.63103e-06
    Region: "gate"	RelError: 2.74161e-11	AbsError: 1.33348e+09
      Equation: "ElectronContinuityEquation"	RelError: 1.34165e-11	AbsError: 1.33348e+09
      Equation: "HoleContinuityEquation"	RelError: 1.34167e-11	AbsError: 1.34989e-11
      Equation: "PotentialEquation"	RelError: 5.82872e-13	AbsError: 3.47343e-13
    Region: "oxide"	RelError: 1.09453e-09	AbsError: 4.33336e-10
      Equation: "PotentialEquation"	RelError: 1.09453e-09	AbsError: 4.33336e-10
Iteration: 63
  Device: "mos2d"	RelError: 6.71407e-04	AbsError: 2.52216e+12
    Region: "bulk"	RelError: 6.71406e-04	AbsError: 2.52216e+12
      Equation: "ElectronContinuityEquation"	RelError: 2.30129e-04	AbsError: 1.30283e+12
      Equation: "HoleContinuityEquation"	RelError: 2.30089e-04	AbsError: 1.21934e+12
      Equation: "PotentialEquation"	RelError: 2.11188e-04	AbsError: 5.95688e-06
    Region: "gate"	RelError: 2.46193e-11	AbsError: 1.19746e+09
      Equation: "ElectronContinuityEquation"	RelError: 1.20480e-11	AbsError: 1.19746e+09
      Equation: "HoleContinuityEquation"	RelError: 1.20480e-11	AbsError: 1.21219e-11
      Equation: "PotentialEquation"	RelError: 5.23299e-13	AbsError: 3.11842e-13
    Region: "oxide"	RelError: 9.82882e-10	AbsError: 3.89132e-10
      Equation: "PotentialEquation"	RelError: 9.82882e-10	AbsError: 3.89132e-10
Iteration: 64
  Device: "mos2d"	RelError: 6.03114e-04	AbsError: 2.26544e+12
    Region: "bulk"	RelError: 6.03113e-04	AbsError: 2.26544e+12
      Equation: "ElectronContinuityEquation"	RelError: 2.06738e-04	AbsError: 1.17017e+12
      Equation: "HoleContinuityEquation"	RelError: 2.06706e-04	AbsError: 1.09527e+12
      Equation: "PotentialEquation"	RelError: 1.89669e-04	AbsError: 5.35145e-06
    Region: "gate"	RelError: 2.21096e-11	AbsError: 1.07538e+09
      Equation: "ElectronContinuityEquation"	RelError: 1.08197e-11	AbsError: 1.07538e+09
      Equation: "HoleContinuityEquation"	RelError: 1.08199e-11	AbsError: 1.08862e-11
      Equation: "PotentialEquation"	RelError: 4.69991e-13	AbsError: 2.80076e-13
    Region: "oxide"	RelError: 8.82679e-10	AbsError: 3.49461e-10
      Equation: "PotentialEquation"	RelError: 8.82679e-10	AbsError: 3.49461e-10
Iteration: 65
  Device: "mos2d"	RelError: 5.41788e-04	AbsError: 2.03494e+12
    Region: "bulk"	RelError: 5.41788e-04	AbsError: 2.03494e+12
      Equation: "ElectronContinuityEquation"	RelError: 1.85731e-04	AbsError: 1.05107e+12
      Equation: "HoleContinuityEquation"	RelError: 1.85704e-04	AbsError: 9.83872e+11
      Equation: "PotentialEquation"	RelError: 1.70353e-04	AbsError: 4.80770e-06
    Region: "gate"	RelError: 1.98567e-11	AbsError: 9.65805e+08
      Equation: "ElectronContinuityEquation"	RelError: 9.71727e-12	AbsError: 9.65805e+08
      Equation: "HoleContinuityEquation"	RelError: 9.71731e-12	AbsError: 9.77690e-12
      Equation: "PotentialEquation"	RelError: 4.22070e-13	AbsError: 2.51519e-13
    Region: "oxide"	RelError: 7.92740e-10	AbsError: 3.13853e-10
      Equation: "PotentialEquation"	RelError: 7.92740e-10	AbsError: 3.13853e-10
Iteration: 66
  Device: "mos2d"	RelError: 4.86716e-04	AbsError: 1.82797e+12
    Region: "bulk"	RelError: 4.86716e-04	AbsError: 1.82797e+12
      Equation: "ElectronContinuityEquation"	RelError: 1.66863e-04	AbsError: 9.44132e+11
      Equation: "HoleContinuityEquation"	RelError: 1.66841e-04	AbsError: 8.83835e+11
      Equation: "PotentialEquation"	RelError: 1.53012e-04	AbsError: 4.31933e-06
    Region: "gate"	RelError: 1.78345e-11	AbsError: 8.67444e+08
      Equation: "ElectronContinuityEquation"	RelError: 8.72763e-12	AbsError: 8.67444e+08
      Equation: "HoleContinuityEquation"	RelError: 8.72760e-12	AbsError: 8.78112e-12
      Equation: "PotentialEquation"	RelError: 3.79225e-13	AbsError: 2.25986e-13
    Region: "oxide"	RelError: 7.12003e-10	AbsError: 2.81889e-10
      Equation: "PotentialEquation"	RelError: 7.12003e-10	AbsError: 2.81889e-10
Iteration: 67
  Device: "mos2d"	RelError: 4.37256e-04	AbsError: 1.64211e+12
    Region: "bulk"	RelError: 4.37256e-04	AbsError: 1.64211e+12
      Equation: "ElectronContinuityEquation"	RelError: 1.49915e-04	AbsError: 8.48109e+11
      Equation: "HoleContinuityEquation"	RelError: 1.49898e-04	AbsError: 7.93996e+11
      Equation: "PotentialEquation"	RelError: 1.37443e-04	AbsError: 3.88066e-06
    Region: "gate"	RelError: 1.60185e-11	AbsError: 7.79129e+08
      Equation: "ElectronContinuityEquation"	RelError: 7.83907e-12	AbsError: 7.79129e+08
      Equation: "HoleContinuityEquation"	RelError: 7.83896e-12	AbsError: 7.88703e-12
      Equation: "PotentialEquation"	RelError: 3.40443e-13	AbsError: 2.02876e-13
    Region: "oxide"	RelError: 6.39521e-10	AbsError: 2.53192e-10
      Equation: "PotentialEquation"	RelError: 6.39521e-10	AbsError: 2.53192e-10
Iteration: 68
  Device: "mos2d"	RelError: 3.92834e-04	AbsError: 1.47519e+12
    Region: "bulk"	RelError: 3.92833e-04	AbsError: 1.47519e+12
      Equation: "ElectronContinuityEquation"	RelError: 1.34692e-04	AbsError: 7.61880e+11
      Equation: "HoleContinuityEquation"	RelError: 1.34678e-04	AbsError: 7.13311e+11
      Equation: "PotentialEquation"	RelError: 1.23463e-04	AbsError: 3.48662e-06
    Region: "gate"	RelError: 1.43890e-11	AbsError: 6.99856e+08
      Equation: "ElectronContinuityEquation"	RelError: 7.04147e-12	AbsError: 6.99856e+08
      Equation: "HoleContinuityEquation"	RelError: 7.04153e-12	AbsError: 7.08471e-12
      Equation: "PotentialEquation"	RelError: 3.05954e-13	AbsError: 1.82323e-13
    Region: "oxide"	RelError: 5.74443e-10	AbsError: 2.27427e-10
      Equation: "PotentialEquation"	RelError: 5.74443e-10	AbsError: 2.27427e-10
Iteration: 69
  Device: "mos2d"	RelError: 3.52933e-04	AbsError: 1.32528e+12
    Region: "bulk"	RelError: 3.52933e-04	AbsError: 1.32528e+12
      Equation: "ElectronContinuityEquation"	RelError: 1.21017e-04	AbsError: 6.84439e+11
      Equation: "HoleContinuityEquation"	RelError: 1.21006e-04	AbsError: 6.40842e+11
      Equation: "PotentialEquation"	RelError: 1.10910e-04	AbsError: 3.13265e-06
    Region: "gate"	RelError: 1.29250e-11	AbsError: 6.28656e+08
      Equation: "ElectronContinuityEquation"	RelError: 6.32511e-12	AbsError: 6.28656e+08
      Equation: "HoleContinuityEquation"	RelError: 6.32507e-12	AbsError: 6.36386e-12
      Equation: "PotentialEquation"	RelError: 2.74811e-13	AbsError: 1.63765e-13
    Region: "oxide"	RelError: 5.16008e-10	AbsError: 2.04292e-10
      Equation: "PotentialEquation"	RelError: 5.16008e-10	AbsError: 2.04292e-10
Iteration: 70
  Device: "mos2d"	RelError: 3.17093e-04	AbsError: 1.19064e+12
    Region: "bulk"	RelError: 3.17092e-04	AbsError: 1.19064e+12
      Equation: "ElectronContinuityEquation"	RelError: 1.08733e-04	AbsError: 6.14888e+11
      Equation: "HoleContinuityEquation"	RelError: 1.08724e-04	AbsError: 5.75749e+11
      Equation: "PotentialEquation"	RelError: 9.96358e-05	AbsError: 2.81467e-06
    Region: "gate"	RelError: 1.16107e-11	AbsError: 5.64731e+08
      Equation: "ElectronContinuityEquation"	RelError: 5.68194e-12	AbsError: 5.64731e+08
      Equation: "HoleContinuityEquation"	RelError: 5.68194e-12	AbsError: 5.71679e-12
      Equation: "PotentialEquation"	RelError: 2.46838e-13	AbsError: 1.47095e-13
    Region: "oxide"	RelError: 4.63534e-10	AbsError: 1.83517e-10
      Equation: "PotentialEquation"	RelError: 4.63534e-10	AbsError: 1.83517e-10
Iteration: 71
  Device: "mos2d"	RelError: 2.84897e-04	AbsError: 1.06970e+12
    Region: "bulk"	RelError: 2.84897e-04	AbsError: 1.06970e+12
      Equation: "ElectronContinuityEquation"	RelError: 9.76967e-05	AbsError: 5.52419e+11
      Equation: "HoleContinuityEquation"	RelError: 9.76894e-05	AbsError: 5.17280e+11
      Equation: "PotentialEquation"	RelError: 8.95109e-05	AbsError: 2.52900e-06
    Region: "gate"	RelError: 1.04304e-11	AbsError: 5.07326e+08
      Equation: "ElectronContinuityEquation"	RelError: 5.10437e-12	AbsError: 5.07326e+08
      Equation: "HoleContinuityEquation"	RelError: 5.10434e-12	AbsError: 5.13564e-12
      Equation: "PotentialEquation"	RelError: 2.21721e-13	AbsError: 1.32127e-13
    Region: "oxide"	RelError: 4.16411e-10	AbsError: 1.64861e-10
      Equation: "PotentialEquation"	RelError: 4.16411e-10	AbsError: 1.64861e-10
Iteration: 72
  Device: "mos2d"	RelError: 2.55976e-04	AbsError: 9.61065e+11
    Region: "bulk"	RelError: 2.55975e-04	AbsError: 9.61065e+11
      Equation: "ElectronContinuityEquation"	RelError: 8.77821e-05	AbsError: 4.96308e+11
      Equation: "HoleContinuityEquation"	RelError: 8.77762e-05	AbsError: 4.64757e+11
      Equation: "PotentialEquation"	RelError: 8.04170e-05	AbsError: 2.27236e-06
    Region: "gate"	RelError: 9.37014e-12	AbsError: 4.55753e+08
      Equation: "ElectronContinuityEquation"	RelError: 4.58548e-12	AbsError: 4.55753e+08
      Equation: "HoleContinuityEquation"	RelError: 4.58545e-12	AbsError: 4.61357e-12
      Equation: "PotentialEquation"	RelError: 1.99213e-13	AbsError: 1.18715e-13
    Region: "oxide"	RelError: 3.74089e-10	AbsError: 1.48105e-10
      Equation: "PotentialEquation"	RelError: 3.74089e-10	AbsError: 1.48105e-10
Iteration: 73
  Device: "mos2d"	RelError: 2.29994e-04	AbsError: 8.63480e+11
    Region: "bulk"	RelError: 2.29993e-04	AbsError: 8.63480e+11
      Equation: "ElectronContinuityEquation"	RelError: 7.88747e-05	AbsError: 4.45906e+11
      Equation: "HoleContinuityEquation"	RelError: 7.88700e-05	AbsError: 4.17575e+11
      Equation: "PotentialEquation"	RelError: 7.22488e-05	AbsError: 2.04178e-06
    Region: "gate"	RelError: 8.41819e-12	AbsError: 4.09446e+08
      Equation: "ElectronContinuityEquation"	RelError: 4.11957e-12	AbsError: 4.09446e+08
      Equation: "HoleContinuityEquation"	RelError: 4.11961e-12	AbsError: 4.14487e-12
      Equation: "PotentialEquation"	RelError: 1.79017e-13	AbsError: 1.06679e-13
    Region: "oxide"	RelError: 3.36077e-10	AbsError: 1.33056e-10
      Equation: "PotentialEquation"	RelError: 3.36077e-10	AbsError: 1.33056e-10
Iteration: 74
  Device: "mos2d"	RelError: 2.06652e-04	AbsError: 7.75818e+11
    Region: "bulk"	RelError: 2.06652e-04	AbsError: 7.75818e+11
      Equation: "ElectronContinuityEquation"	RelError: 7.08720e-05	AbsError: 4.00630e+11
      Equation: "HoleContinuityEquation"	RelError: 7.08681e-05	AbsError: 3.75188e+11
      Equation: "PotentialEquation"	RelError: 6.49117e-05	AbsError: 1.83463e-06
    Region: "gate"	RelError: 7.56270e-12	AbsError: 3.67845e+08
      Equation: "ElectronContinuityEquation"	RelError: 3.70101e-12	AbsError: 3.67845e+08
      Equation: "HoleContinuityEquation"	RelError: 3.70094e-12	AbsError: 3.72363e-12
      Equation: "PotentialEquation"	RelError: 1.60752e-13	AbsError: 9.57947e-14
    Region: "oxide"	RelError: 3.01935e-10	AbsError: 1.19539e-10
      Equation: "PotentialEquation"	RelError: 3.01935e-10	AbsError: 1.19539e-10
Iteration: 75
  Device: "mos2d"	RelError: 1.85682e-04	AbsError: 6.97066e+11
    Region: "bulk"	RelError: 1.85681e-04	AbsError: 6.97066e+11
      Equation: "ElectronContinuityEquation"	RelError: 6.36818e-05	AbsError: 3.59957e+11
      Equation: "HoleContinuityEquation"	RelError: 6.36787e-05	AbsError: 3.37109e+11
      Equation: "PotentialEquation"	RelError: 5.83209e-05	AbsError: 1.64850e-06
    Region: "gate"	RelError: 6.79485e-12	AbsError: 3.30498e+08
      Equation: "ElectronContinuityEquation"	RelError: 3.32524e-12	AbsError: 3.30498e+08
      Equation: "HoleContinuityEquation"	RelError: 3.32519e-12	AbsError: 3.34558e-12
      Equation: "PotentialEquation"	RelError: 1.44419e-13	AbsError: 8.60617e-14
    Region: "oxide"	RelError: 2.71268e-10	AbsError: 1.07397e-10
      Equation: "PotentialEquation"	RelError: 2.71268e-10	AbsError: 1.07397e-10
Iteration: 76
  Device: "mos2d"	RelError: 1.66841e-04	AbsError: 6.26317e+11
    Region: "bulk"	RelError: 1.66841e-04	AbsError: 6.26317e+11
      Equation: "ElectronContinuityEquation"	RelError: 5.72216e-05	AbsError: 3.23419e+11
      Equation: "HoleContinuityEquation"	RelError: 5.72192e-05	AbsError: 3.02898e+11
      Equation: "PotentialEquation"	RelError: 5.24002e-05	AbsError: 1.48128e-06
    Region: "gate"	RelError: 6.10479e-12	AbsError: 2.96927e+08
      Equation: "ElectronContinuityEquation"	RelError: 2.98748e-12	AbsError: 2.96927e+08
      Equation: "HoleContinuityEquation"	RelError: 2.98750e-12	AbsError: 3.00581e-12
      Equation: "PotentialEquation"	RelError: 1.29812e-13	AbsError: 7.73570e-14
    Region: "oxide"	RelError: 2.43720e-10	AbsError: 9.64911e-11
      Equation: "PotentialEquation"	RelError: 2.43720e-10	AbsError: 9.64911e-11
Iteration: 77
  Device: "mos2d"	RelError: 1.49914e-04	AbsError: 5.62756e+11
    Region: "bulk"	RelError: 1.49914e-04	AbsError: 5.62756e+11
      Equation: "ElectronContinuityEquation"	RelError: 5.14172e-05	AbsError: 2.90593e+11
      Equation: "HoleContinuityEquation"	RelError: 5.14152e-05	AbsError: 2.72163e+11
      Equation: "PotentialEquation"	RelError: 4.70813e-05	AbsError: 1.33102e-06
    Region: "gate"	RelError: 5.48487e-12	AbsError: 2.66779e+08
      Equation: "ElectronContinuityEquation"	RelError: 2.68415e-12	AbsError: 2.66779e+08
      Equation: "HoleContinuityEquation"	RelError: 2.68416e-12	AbsError: 2.70062e-12
      Equation: "PotentialEquation"	RelError: 1.16559e-13	AbsError: 6.94596e-14
    Region: "oxide"	RelError: 2.18974e-10	AbsError: 8.66939e-11
      Equation: "PotentialEquation"	RelError: 2.18974e-10	AbsError: 8.66939e-11
Iteration: 78
  Device: "mos2d"	RelError: 1.34705e-04	AbsError: 5.05651e+11
    Region: "bulk"	RelError: 1.34705e-04	AbsError: 5.05651e+11
      Equation: "ElectronContinuityEquation"	RelError: 4.62019e-05	AbsError: 2.61103e+11
      Equation: "HoleContinuityEquation"	RelError: 4.62003e-05	AbsError: 2.44548e+11
      Equation: "PotentialEquation"	RelError: 4.23029e-05	AbsError: 1.19602e-06
    Region: "gate"	RelError: 4.92787e-12	AbsError: 2.39694e+08
      Equation: "ElectronContinuityEquation"	RelError: 2.41164e-12	AbsError: 2.39694e+08
      Equation: "HoleContinuityEquation"	RelError: 2.41153e-12	AbsError: 2.42632e-12
      Equation: "PotentialEquation"	RelError: 1.04700e-13	AbsError: 6.23926e-14
    Region: "oxide"	RelError: 1.96744e-10	AbsError: 7.78927e-11
      Equation: "PotentialEquation"	RelError: 1.96744e-10	AbsError: 7.78927e-11
Iteration: 79
  Device: "mos2d"	RelError: 1.21041e-04	AbsError: 4.54345e+11
    Region: "bulk"	RelError: 1.21040e-04	AbsError: 4.54345e+11
      Equation: "ElectronContinuityEquation"	RelError: 4.15159e-05	AbsError: 2.34607e+11
      Equation: "HoleContinuityEquation"	RelError: 4.15146e-05	AbsError: 2.19738e+11
      Equation: "PotentialEquation"	RelError: 3.80100e-05	AbsError: 1.07471e-06
    Region: "gate"	RelError: 4.42783e-12	AbsError: 2.15361e+08
      Equation: "ElectronContinuityEquation"	RelError: 2.16682e-12	AbsError: 2.15361e+08
      Equation: "HoleContinuityEquation"	RelError: 2.16689e-12	AbsError: 2.18017e-12
      Equation: "PotentialEquation"	RelError: 9.41233e-14	AbsError: 5.60896e-14
    Region: "oxide"	RelError: 1.76773e-10	AbsError: 6.99860e-11
      Equation: "PotentialEquation"	RelError: 1.76773e-10	AbsError: 6.99860e-11
