$MeshFormat
2.2 0 8
$EndMeshFormat
$PhysicalNames
9
1 1 "gate_contact"
1 2 "gate_oxide_interface"
1 3 "bulk_oxide_interface"
1 4 "source_contact"
1 5 "drain_contact"
1 6 "body_contact"
2 7 "gate"
2 8 "oxide"
2 9 "bulk"
$EndPhysicalNames
$Nodes
1475
1 0 0 0
2 3.5e-05 0 0
3 6.500000000000001e-05 0 0
4 0.0001 0 0
5 0.0001 0.0001 0
6 0 0.0001 0
7 3.5e-05 -1.1e-05 0
8 6.500000000000001e-05 -1.1e-05 0
9 6.500000000000001e-05 -1e-06 0
10 3.5e-05 -1e-06 0
11 1.999999999996283e-06 0.0001 0
12 3.999999999992063e-06 0.0001 0
13 5.999999999987601e-06 0.0001 0
14 7.999999999984174e-06 0.0001 0
15 9.999999999981015e-06 0.0001 0
16 1.199999999997786e-05 0.0001 0
17 1.399999999997345e-05 0.0001 0
18 1.59999999999666e-05 0.0001 0
19 1.799999999996008e-05 0.0001 0
20 1.999999999995523e-05 0.0001 0
21 2.199999999994905e-05 0.0001 0
22 2.399999999994419e-05 0.0001 0
23 2.599999999993802e-05 0.0001 0
24 2.799999999993316e-05 0.0001 0
25 2.999999999992699e-05 0.0001 0
26 3.19999999999202e-05 0.0001 0
27 3.39999999999146e-05 0.0001 0
28 3.599999999991043e-05 0.0001 0
29 3.799999999990425e-05 0.0001 0
30 3.999999999989808e-05 0.0001 0
31 4.199999999989222e-05 0.0001 0
32 4.399999999988837e-05 0.0001 0
33 4.599999999988219e-05 0.0001 0
34 4.799999999987601e-05 0.0001 0
35 4.999999999987116e-05 0.0001 0
36 5.199999999987515e-05 0.0001 0
37 5.399999999988047e-05 0.0001 0
38 5.599999999988578e-05 0.0001 0
39 5.799999999989109e-05 0.0001 0
40 5.999999999989639e-05 0.0001 0
41 6.199999999990172e-05 0.0001 0
42 6.399999999990703e-05 0.0001 0
43 6.599999999991233e-05 0.0001 0
44 6.799999999991764e-05 0.0001 0
45 6.999999999992295e-05 0.0001 0
46 7.199999999992827e-05 0.0001 0
47 7.399999999993359e-05 0.0001 0
48 7.599999999993888e-05 0.0001 0
49 7.79999999999442e-05 0.0001 0
50 7.999999999994952e-05 0.0001 0
51 8.199999999995483e-05 0.0001 0
52 8.399999999996014e-05 0.0001 0
53 8.599999999996546e-05 0.0001 0
54 8.799999999997078e-05 0.0001 0
55 8.999999999997609e-05 0.0001 0
56 9.199999999998141e-05 0.0001 0
57 9.399999999998671e-05 0.0001 0
58 9.599999999999202e-05 0.0001 0
59 9.799999999999733e-05 0.0001 0
60 0.0001 9.538875054619507e-05 0
61 0.0001 9.174470661272213e-05 0
62 0.0001 8.670534238907664e-05 0
63 0.0001 7.97163889185028e-05 0
64 0.0001 7.050452584395634e-05 0
65 0.0001 6.096706429341728e-05 0
66 0.0001 5.142960274287978e-05 0
67 0.0001 4.18921411922984e-05 0
68 0.0001 3.237333818085552e-05 0
69 0.0001 2.447886907677924e-05 0
70 0.0001 1.87770639438893e-05 0
71 0.0001 1.466192303451093e-05 0
72 0.0001 1.169005265846699e-05 0
73 0.0001 9.537461550587274e-06 0
74 0.0001 7.629969240469288e-06 0
75 0.0001 5.722476930351288e-06 0
76 0.0001 3.814984620233302e-06 0
77 0.0001 1.90749231011533e-06 0
78 9.805555555555674e-05 0 0
79 9.611111111112199e-05 0 0
80 9.416666666668519e-05 0 0
81 9.222222222224692e-05 0 0
82 9.027777777780482e-05 0 0
83 8.833333333336949e-05 0 0
84 8.638888888892681e-05 0 0
85 8.444444444448324e-05 0 0
86 8.250000000005027e-05 0 0
87 8.055555555560142e-05 0 0
88 7.861111111114727e-05 0 0
89 7.666666666669842e-05 0 0
90 7.472222222224428e-05 0 0
91 7.277777777779543e-05 0 0
92 7.083333333334658e-05 0 0
93 6.888888888889773e-05 0 0
94 6.694444444444887e-05 0 0
95 6.421009769002222e-05 0 0
96 6.357594288477274e-05 0 0
97 6.347602215795935e-05 0 0
98 6.337610143114595e-05 0 0
99 6.327618070433256e-05 0 0
100 6.317625997751878e-05 0 0
101 6.242386707186984e-05 0 0
102 6.181939662733643e-05 0 0
103 6.171947590052303e-05 0 0
104 6.161955517370964e-05 0 0
105 6.090963148395079e-05 0 0
106 6.026120265061748e-05 0 0
107 6.016128192380409e-05 0 0
108 6.006136119699069e-05 0 0
109 5.995627902518413e-05 0 0
110 5.91697602147305e-05 0 0
111 5.870644348295583e-05 0 0
112 5.860652275614206e-05 0 0
113 5.85066020293281e-05 0 0
114 5.840534514925609e-05 0 0
115 5.764123129224114e-05 0 0
116 5.705132238885206e-05 0 0
117 5.695140166203866e-05 0 0
118 5.685145638227645e-05 0 0
119 5.609309976561014e-05 0 0
120 5.549282076623149e-05 0 0
121 5.53929000394181e-05 0 0
122 5.529297931260437e-05 0 0
123 5.456668452780794e-05 0 0
124 5.393705573912553e-05 0 0
125 5.383713501231213e-05 0 0
126 5.373721428549874e-05 0 0
127 5.303912559936615e-05 0 0
128 5.238208966596775e-05 0 0
129 5.228216893915359e-05 0 0
130 5.218224821234011e-05 0 0
131 5.208000774647639e-05 0 0
132 5.129772328790044e-05 0 0
133 5.082529133321627e-05 0 0
134 5.072537060640288e-05 0 0
135 5.062544987958905e-05 0 0
136 5.052519163685298e-05 0 0
137 4.976358176866494e-05 0 0
138 4.917470866682614e-05 0 0
139 4.907478794001218e-05 0 0
140 4.897486721319796e-05 0 0
141 4.825150146358989e-05 0 0
142 4.761791033407017e-05 0 0
143 4.751798960725665e-05 0 0
144 4.741806888044268e-05 0 0
145 4.671861335969718e-05 0 0
146 4.606294426090891e-05 0 0
147 4.596302353409439e-05 0 0
148 4.586310280728059e-05 0 0
149 4.576040008453268e-05 0 0
150 4.498585700705098e-05 0 0
151 4.450717923379796e-05 0 0
152 4.440725850698352e-05 0 0
153 4.430733778016904e-05 0 0
154 4.420695644107986e-05 0 0
155 4.343570802390311e-05 0 0
156 4.284875688435777e-05 0 0
157 4.274883615754324e-05 0 0
158 4.264891543072846e-05 0 0
159 4.190872618661237e-05 0 0
160 4.12935565170647e-05 0 0
161 4.119363579025074e-05 0 0
162 4.109371506343677e-05 0 0
163 4.037944586779674e-05 0 0
164 3.973879734939654e-05 0 0
165 3.963887662258229e-05 0 0
166 3.953895589576852e-05 0 0
167 3.943489036252748e-05 0 0
168 3.864187128271197e-05 0 0
169 3.818060337267322e-05 0 0
170 3.808068264585926e-05 0 0
171 3.798076191904492e-05 0 0
172 3.787955151704641e-05 0 0
173 3.71052338081157e-05 0 0
174 3.662389856885762e-05 0 0
175 3.652397784204367e-05 0 0
176 3.642405711522915e-05 0 0
177 3.63240966257541e-05 0 0
178 3.546687893939548e-05 0 0
179 3.305555555555931e-05 0 0
180 3.111111111111832e-05 0 0
181 2.916666666668057e-05 0 0
182 2.722222222224025e-05 0 0
183 2.527777777780183e-05 0 0
184 2.333333333336466e-05 0 0
185 2.138888888892309e-05 0 0
186 1.944444444448503e-05 0 0
187 1.750000000004499e-05 0 0
188 1.555555555559547e-05 0 0
189 1.36111111111453e-05 0 0
190 1.1666666666696e-05 0 0
191 9.722222222245901e-06 0 0
192 7.777777777797114e-06 0 0
193 5.833333333347012e-06 0 0
194 3.888888888897859e-06 0 0
195 1.944444444448787e-06 0 0
196 0 1.907492310110863e-06 0
197 0 3.814984620221331e-06 0
198 0 5.722476930331401e-06 0
199 0 7.629969240442415e-06 0
200 0 9.537461550553817e-06 0
201 0 1.169005265841554e-05 0
202 0 1.466192303443003e-05 0
203 0 1.877706394376371e-05 0
204 0 2.447886907660082e-05 0
205 0 3.237333818060181e-05 0
206 0 4.189214119199641e-05 0
207 0 5.14296027425495e-05 0
208 0 6.096706429314698e-05 0
209 0 7.050452584374447e-05 0
210 0 7.971638891835779e-05 0
211 0 8.670534238898806e-05 0
212 0 9.174470661267004e-05 0
213 0 9.53887505461669e-05 0
214 6.500000000000001e-05 -8.923153231001549e-06 0
215 6.500000000000001e-05 -6.942364923258277e-06 0
216 6.500000000000001e-05 -4.961576615509187e-06 0
217 6.500000000000001e-05 -2.980788307754855e-06 0
218 6.30000000000053e-05 -1e-06 0
219 6.100000000001324e-05 -1e-06 0
220 5.900000000002118e-05 -1e-06 0
221 5.700000000002383e-05 -1e-06 0
222 5.500000000003176e-05 -1e-06 0
223 5.300000000003705e-05 -1e-06 0
224 5.100000000004234e-05 -1e-06 0
225 4.90000000000403e-05 -1e-06 0
226 4.700000000003466e-05 -1e-06 0
227 4.50000000000269e-05 -1e-06 0
228 4.300000000002135e-05 -1e-06 0
229 4.100000000001615e-05 -1e-06 0
230 3.900000000001068e-05 -1e-06 0
231 3.700000000000539e-05 -1e-06 0
232 3.5e-05 -8.923153231001549e-06 0
233 3.5e-05 -6.942364923258277e-06 0
234 3.5e-05 -4.961576615509187e-06 0
235 3.5e-05 -2.980788307754855e-06 0
236 3.834749399642525e-05 -1.1e-05 0
237 4.167612426446527e-05 -1.1e-05 0
238 4.500517863419433e-05 -1.1e-05 0
239 4.833486008636759e-05 -1.1e-05 0
240 5.166513991356192e-05 -1.1e-05 0
241 5.499482136575403e-05 -1.1e-05 0
242 5.832387573550186e-05 -1.1e-05 0
243 6.165250600355981e-05 -1.1e-05 0
244 4.915949251781334e-05 1.998882262492384e-07 0
245 5.225250613314237e-05 2.144456109789886e-07 0
246 4.600067986108208e-05 2.350089878178291e-07 0
247 4.278121965778685e-05 2.057712994269915e-07 0
248 3.967177830598233e-05 2.372647402375069e-07 0
249 5.545616038723583e-05 2.222173749178144e-07 0
250 5.888420299677652e-05 3.73839378300258e-07 0
251 5.080018185222971e-05 1.837089394811052e-07 0
252 4.444541048508887e-05 1.850067346628255e-07 0
253 5.697528207939569e-05 2.241865118318216e-07 0
254 4.15646283961625e-05 5.627924297130586e-07 0
255 3.522549724566465e-05 5.868266260333214e-07 0
256 3.793015671804568e-05 2.109116455264511e-07 0
257 3.006896327771535e-05 1.618228559139556e-06 0
258 4.792705423802835e-05 4.167095342474417e-07 0
259 5.425187013346674e-05 4.089558944647417e-07 0
260 6.46085662684301e-05 6.177977228322441e-07 0
261 6.175473955806514e-05 2.099971153721953e-07 0
262 7.016533954856102e-05 1.484526256639237e-06 0
263 5.099999999987326e-05 9.829731650509962e-05 0
264 6.083318794448244e-05 9.812831427777796e-05 0
265 4.113958481599667e-05 9.835397558605763e-05 0
266 3.122924658423025e-05 9.792047381329979e-05 0
267 6.058541706728416e-05 4.211668816597138e-07 0
268 2.22993523085499e-05 1.781171290234196e-06 0
269 7.774916283288954e-05 1.74939316525485e-06 0
270 6.860174502877815e-05 9.783652550619991e-05 0
271 7.706493611388674e-05 9.792568688787333e-05 0
272 2.301646532514464e-05 9.803716514751048e-05 0
273 8.042509417959229e-06 4.683139808824029e-05 0
274 1.444152722832292e-05 1.796663058727046e-06 0
275 8.550571850356791e-05 1.820385872431396e-06 0
276 9.275178666334706e-05 5.537484868360287e-05 0
277 3.657393820545068e-05 1.474790801262821e-07 0
278 9.452188965691101e-05 2.796544120633763e-05 0
279 8.33075417475446e-05 9.831087568166165e-05 0
280 8.889341412486971e-05 9.809316870309187e-05 0
281 1.697908951697087e-05 9.800887147344464e-05 0
282 1.108137573015368e-05 9.861595237421945e-05 0
283 4.250862330050502e-06 2.162796651018227e-05 0
284 9.750437924217549e-05 1.289551878330915e-05 0
285 1.814584882060871e-06 1.060158045943937e-05 0
286 6.278087393439117e-05 4.235562800637417e-07 0
287 8.750000000021507e-06 1.683938285140169e-06 0
288 9.304807345049328e-05 7.468081276849562e-05 0
289 7.015159345116095e-06 7.511045738105113e-05 0
290 9.122552806846318e-05 1.758873696291026e-06 0
291 9.832098574780262e-05 6.728065835224102e-06 0
292 3.897850873504474e-05 4.197137404394865e-07 0
293 4.379105748594551e-05 4.183212490108943e-07 0
294 5.014438670275893e-05 4.198829063048138e-07 0
295 7.343799355770061e-05 1.475025153848588e-06 0
296 4.532739896790454e-05 3.942198849686403e-07 0
297 5.802328822074864e-05 4.208735510164456e-07 0
298 1.857998031305749e-05 1.629873037666023e-06 0
299 2.622948248787922e-05 1.690844559588633e-06 0
300 8.151879405312063e-05 1.545694774423726e-06 0
301 5.499999999988312e-05 9.826794919242653e-05 0
302 4.699999999987908e-05 9.826794919243648e-05 0
303 1.837514134698714e-06 6.420192699733926e-06 0
304 3.699999999990734e-05 9.826794919243648e-05 0
305 9.623997397225322e-05 8.922502450089936e-05 0
306 3.436479440307381e-06 8.899357730422217e-05 0
307 6.483432185534738e-05 9.786149851241531e-05 0
308 2.699999999993559e-05 9.826794919243648e-05 0
309 9.299999999998402e-05 9.826073534212692e-05 0
310 6.999999999985869e-06 9.819774789787632e-05 0
311 7.295730783150798e-05 9.84669817499382e-05 0
312 6.352598252136579e-05 1.80565486712008e-07 0
313 9.526486814857542e-05 1.689677810940544e-06 0
314 4.861111111122435e-06 1.683938285140451e-06 0
315 4.072063391140653e-05 4.340276239003005e-07 0
316 5.652005975614923e-05 4.488795440407538e-07 0
317 5.698760164712744e-05 7.843356864469466e-07 0
318 5.639072599328518e-05 1.06614194153318e-06 0
319 5.703175369701169e-05 1.463100805061377e-06 0
320 5.633956777398297e-05 1.861880973572382e-06 0
321 5.705076656296953e-05 2.2669354451001e-06 0
322 5.626911937189708e-05 2.741725730543806e-06 0
323 5.713446734635519e-05 3.286233014430201e-06 0
324 5.617452276721208e-05 3.866849745823057e-06 0
325 5.721319895580704e-05 4.483764272545905e-06 0
326 5.608266694951104e-05 5.169904744517987e-06 0
327 5.491075056083305e-05 4.211495297270155e-06 0
328 5.830770769853132e-05 3.611602113195468e-06 0
329 5.838039263140498e-05 5.153569694733276e-06 0
330 5.952251917336897e-05 4.31769575314616e-06 0
331 5.99944817137903e-05 6.000532148613382e-06 0
332 5.554839554009649e-05 2.270897156938862e-06 0
333 5.95046570158024e-05 3.012961321825889e-06 0
334 6.053734474822175e-05 3.54588825631916e-06 0
335 5.77482983399701e-05 1.842007338295671e-06 0
336 3.842412255009025e-05 3.07284714602145e-07 0
337 3.856215019243865e-05 8.263309277343184e-07 0
338 5.481052619916886e-05 5.796720297029767e-06 0
339 5.364547210758305e-05 4.963374850946385e-06 0
340 5.348836193589979e-05 6.548040019455176e-06 0
341 5.614683063210498e-05 6.625841452651886e-06 0
342 3.918203560360039e-05 9.785349332365979e-07 0
343 3.866250183568398e-05 1.575175847766324e-06 0
344 3.963739426687061e-05 1.613317145800752e-06 0
345 3.884994585866362e-05 2.581167269787845e-06 0
346 4.014013709947168e-05 2.761071882618895e-06 0
347 3.907200340072919e-05 3.80840832917327e-06 0
348 3.782404346982471e-05 2.146589147582133e-06 0
349 5.362965017332544e-05 3.583417841233042e-06 0
350 5.25122411969777e-05 4.18765552208167e-06 0
351 5.259844472366461e-05 2.967873488701667e-06 0
352 5.158892566161012e-05 3.422576088918526e-06 0
353 5.140747038828541e-05 4.677740646672978e-06 0
354 5.040123701543975e-05 3.70825884084425e-06 0
355 5.02024904684475e-05 5.150171782005439e-06 0
356 4.92487061394107e-05 4.331863213636127e-06 0
357 4.892336764851818e-05 5.708104039020553e-06 0
358 4.787742272159195e-05 4.648064205612257e-06 0
359 4.750669889380202e-05 6.342996777455973e-06 0
360 4.88035610694132e-05 7.400597053394607e-06 0
361 4.717692234806687e-05 8.113991681832631e-06 0
362 4.038152299278916e-05 4.176671024484845e-06 0
363 3.928420858809528e-05 5.203678798922414e-06 0
364 4.617834957098466e-05 5.192154870058519e-06 0
365 4.138177034531225e-05 3.276541600696016e-06 0
366 4.169063712649376e-05 4.529918014275784e-06 0
367 4.273426600909926e-05 3.377203239163538e-06 0
368 4.667624952383826e-05 3.774312908175031e-06 0
369 4.944734629969684e-05 3.238246607572903e-06 0
370 5.177599196219758e-05 2.332688844105807e-06 0
371 4.227882080867034e-05 4.266319529861144e-07 0
372 4.27677800062401e-05 7.935776962743167e-07 0
373 4.200518895325407e-05 1.010631603049206e-06 0
374 5.260668821471359e-05 1.926636093882791e-06 0
375 4.304902021588473e-05 4.883375737604552e-06 0
376 4.202756675809741e-05 6.052086079613302e-06 0
377 4.867328349126379e-05 4.149654927581315e-07 0
378 4.827498841489161e-05 8.038020104403383e-07 0
379 5.492983192020607e-05 4.298846965439601e-07 0
380 6.125907447396217e-05 3.960149896476454e-07 0
381 6.099488847561233e-05 9.422252009155232e-07 0
382 6.03198066472061e-05 9.852821938788265e-07 0
383 6.177032317766291e-05 7.955129265964979e-07 0
384 6.14507892911306e-05 1.474163878009044e-06 0
385 6.220483763581621e-05 1.450329632555856e-06 0
386 4.359723713469077e-05 6.445366255039565e-06 0
387 4.243331939648883e-05 7.716886885187994e-06 0
388 4.251729613400793e-05 1.559585438870909e-06 0
389 4.323437789620963e-05 1.287805640693366e-06 0
390 6.188387311558613e-05 2.156643055196058e-06 0
391 6.281184544263706e-05 2.116306515308534e-06 0
392 6.237775446237035e-05 2.999323257884284e-06 0
393 6.356304145675723e-05 2.940126740208264e-06 0
394 6.300311702799415e-05 4.109727725239159e-06 0
395 6.447080872769062e-05 4.036282277991113e-06 0
396 6.374130102922844e-05 5.438699297019212e-06 0
397 5.457271953539698e-05 1.006766780317832e-06 0
398 6.503694711526484e-05 2.531454202827651e-06 0
399 6.610197214060617e-05 3.814462088392178e-06 0
400 5.93348975297001e-05 4.721389323555191e-07 0
401 5.90286666393399e-05 8.346983322511062e-07 0
402 4.398514692076565e-05 3.821380317633509e-06 0
403 5.185340456370518e-05 1.386772592160068e-06 0
404 5.106041620361958e-05 1.751345388284983e-06 0
405 5.175979750678852e-05 3.864476435006733e-07 0
406 5.389666880070998e-05 8.981504779042172e-07 0
407 5.411117590094824e-05 1.698227045035463e-06 0
408 9.834806320191552e-05 2.861238465174316e-06 0
409 1.701021238710771e-06 3.067522028097765e-06 0
410 3.577863402048311e-05 4.720865865822252e-07 0
411 3.564134388248354e-05 1.036150489066854e-06 0
412 3.492075220939744e-05 1.236473813391445e-06 0
413 3.55158159947035e-05 1.77597854281266e-06 0
414 3.455529794813638e-05 2.145961230488343e-06 0
415 3.56229044752198e-05 2.836066577288346e-06 0
416 3.412692381277571e-05 3.345594895983259e-06 0
417 3.522226225849912e-05 4.375468305408634e-06 0
418 3.356951776423118e-05 4.901248865552101e-06 0
419 3.488744392184083e-05 6.139531314052389e-06 0
420 3.305154833957777e-05 6.725465043811854e-06 0
421 3.451573469426341e-05 8.079578131211551e-06 0
422 3.258704518903934e-05 8.653539631650247e-06 0
423 3.404803132789903e-05 1.00397771018419e-05 0
424 3.113881975321165e-05 7.273425555697955e-06 0
425 3.076117196580133e-05 8.827821955589199e-06 0
426 2.923793360710444e-05 7.779725125275847e-06 0
427 2.899771086197244e-05 9.688713080267488e-06 0
428 2.730112588152069e-05 8.363088636289612e-06 0
429 2.651652588258352e-05 1.057809068806552e-05 0
430 2.870126869347772e-05 1.211180820755332e-05 0
431 2.566256718296918e-05 1.319161362507763e-05 0
432 2.794613704386322e-05 1.502458823725579e-05 0
433 2.483351585855375e-05 1.609408231731398e-05 0
434 2.740736770080347e-05 1.850078522892604e-05 0
435 2.235537245297071e-05 1.38344829802794e-05 0
436 2.388679778829887e-05 1.98111927998434e-05 0
437 2.679012369746382e-05 2.250441122647992e-05 0
438 3.1022454495986e-05 2.041725736396743e-05 0
439 3.009466712058729e-05 2.511342639399027e-05 0
440 3.412577762890746e-05 2.366340110566311e-05 0
441 3.337879061938924e-05 2.785366505449985e-05 0
442 3.724043667383308e-05 2.642438225028502e-05 0
443 3.66093778321612e-05 3.042824450888518e-05 0
444 4.039790594396077e-05 2.904385988589735e-05 0
445 3.975932713205574e-05 3.293688548579095e-05 0
446 4.35346106771835e-05 3.150033815216074e-05 0
447 4.29088237070956e-05 3.542483706322674e-05 0
448 4.671158839879628e-05 3.388673342023623e-05 0
449 4.607713157873834e-05 3.793759831600182e-05 0
450 4.98405710930833e-05 3.643106677406732e-05 0
451 4.930918207527425e-05 4.055832206445462e-05 0
452 4.545766372402463e-05 4.197985014282665e-05 0
453 4.863555749575892e-05 4.468996922397156e-05 0
454 4.469327662142679e-05 4.611185014370906e-05 0
455 4.790736470468806e-05 4.883406765555032e-05 0
456 5.052784020938227e-05 3.233860778347786e-05 0
457 4.869511445709409e-05 9.310144618433913e-06 0
458 4.396062246015982e-05 5.025954321278674e-05 0
459 4.720965428173926e-05 5.297354294028681e-05 0
460 5.376441851446948e-05 3.493584969279136e-05 0
461 5.447711354754321e-05 3.072466441738182e-05 0
462 4.291849221106727e-05 5.439908117830229e-05 0
463 4.637302622333766e-05 5.708729790421049e-05 0
464 4.22781374248274e-05 5.852740419730851e-05 0
465 4.559630434052876e-05 6.117195399598402e-05 0
466 4.182003670205533e-05 6.258849217764429e-05 0
467 4.488715970508719e-05 6.515384080253603e-05 0
468 4.12310382343994e-05 6.654360094268268e-05 0
469 4.427382432209802e-05 6.903572485508284e-05 0
470 4.069174393216045e-05 7.035706776613777e-05 0
471 4.787449547127239e-05 6.764829229016249e-05 0
472 4.725812365418057e-05 7.148309506822608e-05 0
473 5.082241997061156e-05 7.013993705039034e-05 0
474 5.018304030358769e-05 5.553178928727142e-05 0
475 5.021037136063511e-05 7.396143442156073e-05 0
476 5.38349413324603e-05 7.261343441176581e-05 0
477 3.608395321262296e-05 3.439930230112273e-05 0
478 5.763770852686057e-05 3.343659897591561e-05 0
479 5.845319776071606e-05 2.913845955519569e-05 0
480 4.019951489615035e-05 5.162328477426473e-05 0
481 5.324649035782931e-05 7.646303492519273e-05 0
482 4.969149480886299e-05 7.769521860656894e-05 0
483 5.693059390528634e-05 7.51092912897655e-05 0
484 5.770097230528267e-05 7.098054116115159e-05 0
485 3.807397366950306e-05 6.421252860902615e-05 0
486 6.174902565110676e-05 3.196087941085622e-05 0
487 6.226732437168632e-05 2.765801323907962e-05 0
488 6.11056252080882e-05 3.642507192456104e-05 0
489 5.248123769042525e-05 8.009778912336626e-05 0
490 4.916778578217354e-05 8.1252891760007e-05 0
491 6.118862637747448e-05 7.391001072012776e-05 0
492 6.1912977193149e-05 6.91859708173536e-05 0
493 5.917872710551751e-05 2.502927714835741e-05 0
494 6.276524389324338e-05 2.356751086361271e-05 0
495 2.283490486144914e-05 2.399035400641781e-05 0
496 6.540526911273298e-05 3.478971728793703e-05 0
497 6.461751892983155e-05 3.976915663871337e-05 0
498 4.117635296312112e-05 2.530802814720907e-05 0
499 5.168045298533361e-05 8.349137091463759e-05 0
500 4.857665810988205e-05 8.454105565669254e-05 0
501 4.608099288723749e-05 8.245972940564255e-05 0
502 6.947225732635429e-05 3.76775799006337e-05 0
503 6.852424261460966e-05 4.313218568762531e-05 0
504 5.992071583057306e-05 2.129189432852766e-05 0
505 6.318868229973324e-05 1.991272229561833e-05 0
506 6.61731576112636e-05 2.209464548201471e-05 0
507 6.653193808809065e-05 1.831742457324387e-05 0
508 6.957082656293703e-05 2.052245759126875e-05 0
509 6.983752365814619e-05 1.629624860928481e-05 0
510 4.689638350825499e-05 9.977762339521031e-06 0
511 4.851397204145372e-05 1.138873055345738e-05 0
512 4.603261212682249e-05 1.201600768297505e-05 0
513 4.82263494734442e-05 1.366912743244544e-05 0
514 4.556619832944454e-05 8.561067154325842e-05 0
515 4.313895889786182e-05 8.365373445958383e-05 0
516 5.046665350872397e-05 1.274046714243757e-05 0
517 7.301838411029661e-05 1.892802316106619e-05 0
518 6.55614000201621e-05 7.227671996035674e-05 0
519 6.475436196939848e-05 7.70409779677229e-05 0
520 6.642772004673814e-05 6.7348576336236e-05 0
521 7.343444596043402e-05 1.5168393127695e-05 0
522 4.265655006236232e-05 8.667120454824859e-05 0
523 4.028902859942132e-05 8.476238798942821e-05 0
524 2.938326611914925e-05 2.948399382846781e-05 0
525 7.653713342722645e-05 1.745095530942164e-05 0
526 7.618981374107243e-05 2.144522957519542e-05 0
527 5.027293424896614e-05 1.516947699147347e-05 0
528 5.108338440239114e-05 8.665511826339523e-05 0
529 5.399958815945495e-05 8.567055321784679e-05 0
530 6.076949949930803e-05 1.789138312529772e-05 0
531 3.982048657671396e-05 8.773017884840581e-05 0
532 3.743851755970969e-05 8.584276936998227e-05 0
533 3.796678270001743e-05 8.275478111635687e-05 0
534 3.488899002329456e-05 8.394352626122304e-05 0
535 3.549834503929341e-05 8.05227618166348e-05 0
536 3.212644492053355e-05 8.186597546474097e-05 0
537 3.262380549070487e-05 7.819675228751033e-05 0
538 3.184098812459532e-05 8.521324010295911e-05 0
539 2.873616710999123e-05 8.327061985694922e-05 0
540 7.702482232545765e-05 1.380338296462923e-05 0
541 7.997925128432285e-05 1.588666672982297e-05 0
542 6.92367866272322e-05 7.543502244209136e-05 0
543 6.828285487955044e-05 8.019451664263485e-05 0
544 5.16417929369697e-05 4.749310283603888e-05 0
545 3.702297606834724e-05 8.879926844256424e-05 0
546 4.595755102043372e-05 1.463159807493568e-05 0
547 7.372066853029833e-05 4.108926600303605e-05 0
548 7.284419932711759e-05 4.6517011415372e-05 0
549 6.753204069098157e-05 4.857259301675679e-05 0
550 2.872375417235537e-05 8.728420258915579e-05 0
551 2.514699738201432e-05 8.473307518335499e-05 0
552 8.037837014487701e-05 1.148875157489685e-05 0
553 8.321331011242523e-05 1.415209780474257e-05 0
554 4.495982960810406e-05 8.882293017444915e-05 0
555 2.51356960999353e-05 8.088994506781316e-05 0
556 7.27924906789707e-05 7.868769347301159e-05 0
557 7.480402767422969e-05 7.33383432405876e-05 0
558 7.18794350029971e-05 8.377043110507727e-05 0
559 6.75281987054091e-05 8.416932368229966e-05 0
560 7.38947240085438e-05 1.156003325545478e-05 0
561 5.344521300022274e-05 8.871772020711623e-05 0
562 5.627254417306891e-05 8.777605930686036e-05 0
563 3.614054179432084e-05 9.429226199788847e-06 0
564 3.554547868664756e-05 1.165048250293894e-05 0
565 5.114525589050283e-05 2.832225198852053e-05 0
566 8.40058429729106e-05 1.052190471227091e-05 0
567 8.630000522726491e-05 1.269743178094132e-05 0
568 6.623845403137833e-05 1.498422197572847e-05 0
569 6.245303454953299e-05 6.441329204973653e-05 0
570 8.652867800855777e-05 1.030041434317171e-05 0
571 7.631186863530801e-05 8.190908003732633e-05 0
572 7.186013552188864e-05 5.211425870290956e-05 0
573 4.37675343659681e-05 1.316776650789839e-05 0
574 4.365454539174507e-05 1.561262851911522e-05 0
575 4.570188984709029e-05 1.731528439029975e-05 0
576 7.572474589481437e-05 8.643150157776726e-05 0
577 7.972382990580004e-05 8.492827001265463e-05 0
578 1.960989894512266e-05 2.022110328312753e-05 0
579 1.845500287511858e-05 2.554539665329833e-05 0
580 8.386626073168394e-05 1.824326298127662e-05 0
581 4.36646335926261e-05 8.04933380828299e-05 0
582 5.258369582848151e-05 1.411368306510604e-05 0
583 5.242388914892552e-05 1.679507717996487e-05 0
584 2.4596240867317e-05 8.8603471166608e-05 0
585 2.138762081662441e-05 8.624344411281463e-05 0
586 8.416613024615289e-05 7.924370507077683e-06 0
587 8.632542265235614e-05 7.270138457799037e-06 0
588 3.929669295007809e-05 9.061518627674717e-05 0
589 7.455527915220606e-05 3.547569914477589e-05 0
590 8.921117610655602e-05 1.075655760659806e-05 0
591 8.891033691357771e-05 1.45411186252117e-05 0
592 5.564543681329803e-05 9.069924172754767e-05 0
593 5.849361339409109e-05 8.980643851507115e-05 0
594 2.51300012965057e-05 8.899774887607341e-06 0
595 4.153263736998254e-05 4.337403225239613e-05 0
596 7.912405127855089e-05 3.914244825254906e-05 0
597 3.659981690002123e-05 9.165247215955631e-05 0
598 7.958779949239187e-05 3.327328304552259e-05 0
599 5.699381932751993e-05 8.469349926524942e-05 0
600 5.145036318234941e-05 6.634652034386059e-05 0
601 5.294214115973186e-05 9.160223047431113e-05 0
602 7.885961277931084e-05 8.909854487661233e-05 0
603 8.284106927599095e-05 8.784066298242321e-05 0
604 2.095975235236885e-05 9.037140271408782e-05 0
605 1.76047570527359e-05 8.84650263350669e-05 0
606 2.582520384296485e-05 6.961450544279027e-06 0
607 2.384724350299085e-05 7.345865494073571e-06 0
608 6.909143438287549e-05 2.384544448437609e-05 0
609 1.835965341771015e-05 8.369064031863243e-05 0
610 7.481620273971201e-05 9.089356787132852e-05 0
611 2.752018983026663e-05 9.092282420616928e-05 0
612 3.784968664152884e-05 1.093249185123064e-05 0
613 3.718186009387811e-05 1.347274655243215e-05 0
614 1.386075484569264e-05 8.529745178485969e-05 0
615 1.344586447612944e-05 8.979344513716209e-05 0
616 5.772355830082132e-05 9.265886762254864e-05 0
617 6.060283853712518e-05 9.183642144175443e-05 0
618 5.256240754938236e-05 1.138495877301649e-05 0
619 5.480047036505236e-05 1.295221972339227e-05 0
620 5.609078890066596e-05 2.277258667774496e-05 0
621 8.532546428844931e-05 3.616273187511854e-05 0
622 8.019110125485321e-05 7.988035156255636e-05 0
623 6.012056544931746e-05 4.136254383781335e-05 0
624 3.446150627018208e-05 1.40011000144196e-05 0
625 3.633354765159562e-05 1.632194377244006e-05 0
626 2.45057838154277e-05 5.453419947451567e-06 0
627 2.255921107127515e-05 5.928829357487122e-06 0
628 2.188257551076361e-05 7.734638047991507e-06 0
629 2.059788912631759e-05 6.322349212993736e-06 0
630 1.992111748069338e-05 8.115234681244143e-06 0
631 1.861546759649987e-05 6.601802437545605e-06 0
632 1.795398750888674e-05 8.474530433671103e-06 0
633 1.66473883711496e-05 6.957548048035803e-06 0
634 1.598829747297353e-05 8.842990328579101e-06 0
635 1.468193862975188e-05 7.327535140881118e-06 0
636 1.402328548973936e-05 9.21535180804916e-06 0
637 1.271703957807429e-05 7.700546559376023e-06 0
638 1.205851548729103e-05 9.589063115477691e-06 0
639 1.075225333429381e-05 8.074181542486259e-06 0
640 1.001831378852763e-05 1.002725850416743e-05 0
641 1.152275259004923e-05 1.174381658003854e-05 0
642 8.670094706842292e-06 1.213433111911372e-05 0
643 8.774313402992466e-06 8.458290024564139e-06 0
644 1.092992434894734e-05 1.434164624473771e-05 0
645 1.141088999834718e-05 6.18578971212626e-06 0
646 1.520927790434841e-05 1.1031427888051e-05 0
647 1.49689157369442e-05 2.21032100498764e-05 0
648 1.33018623265793e-05 2.698462675549413e-05 0
649 1.741964329016466e-05 3.096405942432848e-05 0
650 4.317817328098011e-05 1.840903792965298e-05 0
651 4.511694154035642e-05 2.04733609749546e-05 0
652 2.966673675146875e-05 6.014076069983593e-06 0
653 6.165175243084465e-05 8.889880084896325e-05 0
654 6.362264277057581e-05 9.103724759449789e-05 0
655 7.796357930878576e-05 5.046378833339017e-05 0
656 7.585993445792402e-05 5.629194766169195e-05 0
657 6.673529083371595e-05 5.371252771800728e-05 0
658 6.247952097608093e-05 5.042019724118004e-05 0
659 3.880293853763736e-05 9.335900404501047e-05 0
660 4.134067336652024e-05 9.24542628394499e-05 0
661 3.623488578351468e-05 7.688155349146884e-05 0
662 3.335994983214192e-05 7.444819934273254e-05 0
663 8.196722960723837e-05 9.227338788460668e-05 0
664 8.563889120221692e-05 9.060503574190258e-05 0
665 8.670657421392547e-05 8.670156316512882e-05 0
666 5.025653779338528e-05 8.483939926265971e-06 0
667 2.646096637073794e-05 5.07863342418564e-06 0
668 6.209471549798267e-05 5.518473708831593e-05 0
669 5.495761903940465e-05 1.059216463301996e-05 0
670 5.695940556172818e-05 1.200542559736524e-05 0
671 1.534044518966569e-05 5.438909922973129e-06 0
672 1.167714229639203e-05 3.264399429358829e-05 0
673 1.610718941355932e-05 3.69644730244258e-05 0
674 9.177967194153075e-05 1.300809967598407e-05 0
675 9.191832908165847e-05 1.061981079668528e-05 0
676 9.164662179564967e-05 1.646522963760342e-05 0
677 3.388110512728943e-05 9.008763832707858e-05 0
678 3.400315420142529e-05 9.293254119694216e-05 0
679 6.249040178906691e-05 9.415805045180377e-05 0
680 6.568016528559732e-05 9.308665639790343e-05 0
681 2.262744359980818e-05 3.477371954616708e-05 0
682 2.085876959430956e-05 4.096502081443209e-05 0
683 2.670799527886015e-05 3.935847097361387e-05 0
684 2.533580150390395e-05 4.488280583119993e-05 0
685 3.072074217410089e-05 4.317514127355056e-05 0
686 2.961981349336664e-05 4.86351534480724e-05 0
687 2.43438902615074e-05 5.042997194970118e-05 0
688 2.862290883489855e-05 5.423263539684478e-05 0
689 2.33127167226696e-05 5.614772096902342e-05 0
690 2.758461126134609e-05 5.998700309715105e-05 0
691 2.217032089180967e-05 6.18757086129658e-05 0
692 1.805911891406324e-05 5.757481530226903e-05 0
693 2.65061647457311e-05 6.573005199578003e-05 0
694 2.113950216450437e-05 6.760011017739705e-05 0
695 8.060610488915263e-06 1.509998122711406e-05 0
696 2.614215680009519e-05 7.147121249548623e-05 0
697 2.056325659823089e-05 7.310582942625406e-05 0
698 3.618338912605418e-05 8.679028659641824e-07 0
699 5.865600846994297e-06 1.280989550757527e-05 0
700 5.691751287707847e-05 1.434965524950278e-05 0
701 5.913818986650681e-05 1.325053937997884e-05 0
702 5.901217545456643e-05 1.059886559569377e-05 0
703 6.136645289954193e-05 1.200132056684451e-05 0
704 6.150631561070512e-05 9.552617983432681e-06 0
705 6.351281153995314e-05 1.068887590148115e-05 0
706 3.295113106706863e-05 5.783271743043061e-05 0
707 6.753003955925141e-05 6.210755349274535e-05 0
708 7.047688611501819e-05 6.606226448616601e-05 0
709 3.829865827291461e-05 8.468597375676306e-06 0
710 6.652141717378541e-05 9.022978960950311e-05 0
711 6.863516390036548e-05 9.238515446900863e-05 0
712 6.955145015423378e-05 8.935254169177272e-05 0
713 5.791077538744373e-05 5.226199453284192e-05 0
714 3.246675191306071e-05 3.501018848364005e-06 0
715 3.059131220492608e-06 1.680100086635989e-05 0
716 4.994494401680556e-05 1.794447670077554e-05 0
717 3.978664099654766e-05 1.009454391451399e-05 0
718 7.527968102657066e-05 3.033052964216675e-05 0
719 8.038895104018026e-05 2.755187581332307e-05 0
720 9.749999999999528e-05 9.828705081546272e-05 0
721 2.433390547779189e-06 9.826522597343058e-05 0
722 9.512204080178802e-05 2.224272312244952e-05 0
723 9.007860434370714e-05 2.447202416000295e-05 0
724 3.786840841986123e-05 1.153920503515064e-06 0
725 1.614221221164625e-05 1.788191870951696e-05 0
726 1.562251821860461e-05 6.952931193833903e-05 0
727 5.689364128882022e-05 5.701931327065651e-05 0
728 4.160200427348119e-05 1.41609719479411e-05 0
729 8.517730011800654e-05 9.40779461951006e-05 0
730 8.799348712599671e-05 9.334434056539819e-05 0
731 8.370469965776259e-05 4.203507566916118e-05 0
732 5.217484045552656e-05 1.964543893580712e-05 0
733 4.416970883568472e-05 8.225018833102319e-06 0
734 3.787509865532124e-05 4.63115223209509e-06 0
735 4.29999980514725e-05 9.60321177446509e-06 0
736 1.951590794994978e-05 4.680161989118408e-06 0
737 5.470407034940956e-05 1.809968289613309e-05 0
738 4.172451657480258e-05 1.709725913912277e-06 0
739 5.122533848302548e-05 5.874253953448991e-06 0
740 5.525896245204134e-05 8.923486771175463e-07 0
741 5.374976140254205e-05 2.375187207860852e-07 0
742 6.387021729135284e-05 1.808106422155611e-06 0
743 3.410640944757907e-05 4.680674128913813e-05 0
744 1.014120024490131e-05 1.780938107275567e-05 0
745 9.91118939255525e-06 8.736016762035139e-05 0
746 1.003098162458176e-05 9.166161176785139e-05 0
747 1.293649771553045e-05 9.385506859816148e-05 0
748 3.713163770182414e-05 1.637330923390511e-06 0
749 8.830760905452459e-05 1.810134468615755e-05 0
750 1.432616833636718e-05 8.044888132925124e-05 0
751 1.920018723458364e-05 9.932823265208605e-06 0
752 5.322052741526974e-05 9.254125355234368e-06 0
753 4.939745368529738e-05 2.095265878286987e-05 0
754 5.226230961146562e-05 2.237506217417932e-05 0
755 4.98875433930743e-05 2.434406772701489e-05 0
756 6.543958418751722e-05 7.067725254666415e-07 0
757 6.664816953626798e-05 2.169263089888523e-06 0
758 6.778386217960612e-05 3.510026016623887e-06 0
759 6.719868690673804e-05 5.253173365168263e-06 0
760 6.904277634281178e-05 5.01814548965529e-06 0
761 6.835634158357338e-05 6.814750899249613e-06 0
762 7.032552929448732e-05 6.532958338970714e-06 0
763 6.945610372100547e-05 8.519206335285184e-06 0
764 7.100242095808722e-05 4.711276406969426e-06 0
765 7.22987366817002e-05 6.233484050436458e-06 0
766 6.64988902694912e-05 6.961552644503949e-06 0
767 7.304108890849204e-05 4.475997775220004e-06 0
768 7.428674603541149e-05 5.939077742439883e-06 0
769 7.502043698863232e-05 4.098374555172194e-06 0
770 7.626683959520276e-05 5.621415538993816e-06 0
771 7.554173639093465e-05 7.481462909105846e-06 0
772 7.751931291571923e-05 7.171355097680389e-06 0
773 7.824256966412468e-05 5.305979240321346e-06 0
774 7.94342073848209e-05 6.839097852647814e-06 0
775 8.017594760204438e-05 5.020198476614035e-06 0
776 8.137921080559689e-05 6.449478012647606e-06 0
777 8.199837304264153e-05 4.776139765950707e-06 0
778 4.780047978267561e-05 3.280585111046666e-06 0
779 4.708186809332173e-05 2.48760166077036e-06 0
780 4.796463367097865e-05 2.461176977477773e-06 0
781 4.704388779356021e-05 1.585983248033406e-06 0
782 4.628644660387622e-05 1.908082819994988e-06 0
783 4.705189557637393e-05 3.883399702140241e-07 0
784 4.113996316605577e-05 3.196320521960312e-07 0
785 4.097861133330164e-05 8.392030081767318e-07 0
786 4.034858087730249e-05 9.220712105247114e-07 0
787 4.076589118704496e-05 1.631585297891873e-06 0
788 9.30455084574289e-05 8.143211449200449e-05 0
789 1.606973297214978e-05 9.219855708470935e-05 0
790 1.991323408995157e-05 9.396929616267276e-05 0
791 7.779506647879024e-05 9.332992123053045e-05 0
792 7.471934847355055e-05 9.396904383622851e-05 0
793 8.024295434208937e-05 9.504628327965768e-05 0
794 7.139951947786374e-06 5.58233895660068e-05 0
795 6.035847863369058e-05 2.35605579996166e-06 0
796 5.948766607373966e-05 1.908708189358999e-06 0
797 4.084353826927007e-05 9.500579616475906e-05 0
798 4.330152794292969e-05 9.42571180421285e-05 0
799 6.350673267838793e-05 8.347474150780997e-06 0
800 7.073801103931802e-05 1.296908801141774e-05 0
801 6.802449269891067e-05 1.0998380367451e-05 0
802 2.43989061250722e-05 9.226056456178259e-05 0
803 2.687269115715392e-05 9.419866976121217e-05 0
804 2.972947755290087e-05 9.309400345311341e-05 0
805 4.747903583844263e-05 3.790542214741176e-07 0
806 4.77118350679928e-05 8.504428399363326e-07 0
807 5.855370686390514e-05 4.707485061628373e-05 0
808 3.720757056697021e-05 9.246869753395788e-07 0
809 6.162113810327111e-05 7.401211493529091e-06 0
810 3.495821168443258e-05 4.189081729700032e-05 0
811 5.26498921525811e-05 1.064957771887493e-06 0
812 6.355622207770474e-05 1.352595882293972e-05 0
813 5.967658479798459e-05 8.21925766280199e-06 0
814 5.800881683808231e-05 8.801928886916752e-06 0
815 3.326372145302391e-05 1.680786689765934e-05 0
816 4.380191943468643e-05 2.602069015948974e-06 0
817 4.479580608741204e-05 2.900132562124666e-06 0
818 4.450603676847051e-05 1.933573929699318e-06 0
819 9.29332211800663e-05 3.487509192248506e-05 0
820 7.362128027278261e-06 2.918020190575871e-05 0
821 5.086885388383666e-05 2.67059227552689e-06 0
822 5.0279808628862e-05 2.014185101496738e-06 0
823 5.043984599808019e-05 1.232042603573703e-06 0
824 4.975588432432087e-05 1.475953455565729e-06 0
825 5.113627138700436e-05 1.073674814912244e-06 0
826 4.651179151909515e-05 1.129981361977968e-06 0
827 4.578030071715322e-05 1.362011704575504e-06 0
828 9.429682513031703e-05 1.132409724751549e-05 0
829 9.463909456200643e-05 8.843821949193848e-06 0
830 9.283064066915297e-05 7.625294295590377e-06 0
831 9.665643234724078e-05 1.004537317440279e-05 0
832 4.094063855826805e-05 7.177555831664298e-06 0
833 4.807488397415883e-05 1.324647258105662e-06 0
834 4.8585565634644e-05 1.298669206284142e-06 0
835 6.399746743051875e-05 5.806488579656786e-07 0
836 6.347642008944305e-05 6.764059774596182e-07 0
837 6.420873668125393e-05 8.152378865066406e-05 0
838 3.950252854548523e-06 8.40384214471248e-05 0
839 6.776629869120941e-05 9.527711628207937e-05 0
840 7.054572616797214e-05 9.425140451453683e-05 0
841 9.631804064462513e-05 9.30721694048615e-05 0
842 9.273448106702437e-05 9.125164894425342e-05 0
843 3.223702246057315e-05 3.760375767587321e-05 0
844 3.687057948717017e-05 2.611884273484424e-06 0
845 6.029063201088148e-05 7.885907212872672e-05 0
846 3.821870257490068e-06 9.317490752014452e-05 0
847 9.178512465294545e-05 6.486341593916418e-05 0
848 8.572684509196619e-05 7.163637436499064e-05 0
849 8.43045795540894e-05 6.498105362485507e-05 0
850 7.972939148520787e-05 6.918885771803169e-05 0
851 6.010804967211038e-05 5.315300261434631e-07 0
852 8.940098633031638e-05 8.467157345748329e-06 0
853 5.329784323175498e-05 6.452315528991711e-07 0
854 3.059859065294509e-05 6.848664658302972e-05 0
855 3.113052549040274e-05 6.337251757057223e-05 0
856 3.07154407311264e-05 9.019187068092999e-05 0
857 2.304948695329638e-05 3.811710455443363e-06 0
858 8.13739596509301e-05 5.490416173222012e-05 0
859 7.69570959584317e-05 8.764837877129396e-06 0
860 2.932194599911895e-05 7.573877690752727e-05 0
861 5.499254251754578e-05 9.341971999430445e-05 0
862 5.242305652038851e-05 9.417023051031659e-05 0
863 5.043849211217568e-05 9.252041618099515e-05 0
864 5.008684984017269e-05 9.488605408790688e-05 0
865 4.810047314175057e-05 9.334336640791008e-05 0
866 4.842579088514691e-05 9.095953208082346e-05 0
867 5.689251933541516e-05 9.51148239795675e-05 0
868 4.60720959310763e-05 9.176492785477517e-05 0
869 5.950312374963102e-05 9.455354597848203e-05 0
870 8.854755828742496e-05 3.009570018721304e-05 0
871 8.17695906611096e-06 6.458093875850279e-05 0
872 3.749239266258102e-05 2.044199875008916e-07 0
873 5.538138465693164e-05 2.671677468604154e-05 0
874 3.521987572234481e-05 1.97397764057933e-05 0
875 3.850260874926578e-05 1.840064899776307e-05 0
876 9.734235305784152e-05 1.580563639619467e-05 0
877 4.592074517875002e-05 2.842583265725706e-06 0
878 9.720960543152941e-06 9.504654571024302e-05 0
879 3.761057459629648e-05 7.266450313431901e-05 0
880 3.990994329708784e-05 7.631598009319371e-05 0
881 3.321150940925487e-05 5.221587409799548e-05 0
882 8.800849970029997e-05 7.861143063350735e-05 0
883 9.37363400492904e-05 4.778882839705538e-05 0
884 2.416747194686604e-05 9.553701423948676e-05 0
885 4.688872562259577e-05 7.538602152591428e-05 0
886 9.361482717396127e-05 9.453242437647218e-05 0
887 2.881543988882415e-05 9.618185821451773e-05 0
888 3.189426432945696e-05 9.494390696470809e-05 0
889 3.347179709546428e-05 9.697800976940563e-05 0
890 7.183241484740231e-05 2.837331193055222e-06 0
891 3.853618999863638e-05 2.20702406025233e-05 0
892 3.845629050988093e-05 9.597789771465446e-05 0
893 2.502359909564817e-06 1.325403034164859e-05 0
894 6.361496299584652e-05 8.559797140104974e-05 0
895 4.801454950515472e-05 8.803819931636902e-05 0
896 5.806200631487602e-05 6.908311942898844e-06 0
897 3.148343157450001e-05 1.389403078729782e-05 0
898 5.243836293651769e-05 4.366644293690641e-05 0
899 6.199188327234842e-05 5.51667360127676e-06 0
900 2.81762445469244e-05 1.630051912580078e-06 0
901 2.908496450933949e-05 3.154906549531261e-06 0
902 4.717843394646687e-05 3.006711845691656e-05 0
903 4.225256490729533e-05 2.170159904776435e-05 0
904 4.446668608855685e-05 2.402262455069674e-05 0
905 3.762517067277871e-05 5.783862676724383e-07 0
906 7.893939614464269e-05 3.448607327680029e-06 0
907 4.214107329370212e-05 8.962669495261348e-05 0
908 1.57121097828868e-05 9.559758169849853e-05 0
909 4.399229834790316e-05 7.27653532783073e-05 0
910 6.347735310229748e-05 4.516017776702988e-05 0
911 9.658154314644163e-05 8.011328566342826e-06 0
912 9.475888633332415e-05 6.756345249605851e-06 0
913 9.306577008678556e-05 5.685033875880062e-06 0
914 9.148086164910115e-05 6.534523625018999e-06 0
915 9.478345435094866e-05 4.766737844697494e-06 0
916 9.288682115928711e-05 3.699344054381819e-06 0
917 4.538314186806701e-05 2.056827316754691e-06 0
918 5.345587044428549e-05 2.409574440835635e-06 0
919 3.866903672595655e-05 7.950192580988161e-05 0
920 3.207393476467891e-05 1.696500682826126e-06 0
921 7.031078721667474e-05 3.278253133449058e-05 0
922 6.341253775404416e-05 1.658292098834194e-05 0
923 3.640643193724399e-05 7.302202755506306e-06 0
924 5.455741283559781e-05 2.741956418969568e-06 0
925 3.626157863470556e-05 9.428569701168843e-05 0
926 5.59396074753874e-05 7.912741377597966e-05 0
927 4.208448111955326e-05 2.399289501254516e-06 0
928 7.389779372107753e-06 9.382169740953862e-05 0
929 5.860143089623694e-05 2.244110633464852e-06 0
930 5.761513707244264e-05 1.035920892734235e-06 0
931 5.835945862832682e-05 1.214217757719767e-06 0
932 4.991996943153792e-05 5.980417470459962e-05 0
933 4.790755548831033e-05 9.589986162394791e-05 0
934 9.393486871063178e-06 3.929447040386396e-05 0
935 5.088851224773544e-05 5.15122385381595e-05 0
936 4.534031510000271e-05 3.937293477927977e-06 0
937 6.758519834029059e-05 8.436187086011998e-06 0
938 6.561813981679378e-05 9.097988136529684e-06 0
939 5.428708999261234e-05 9.593922389369615e-05 0
940 4.260442037194574e-05 9.665556643341808e-05 0
941 4.516904826786324e-05 9.586581001943555e-05 0
942 8.799846071525706e-06 8.236285938322953e-05 0
943 8.21935964951425e-05 9.121220751670773e-06 0
944 5.491663323025281e-05 8.889047168393651e-06 0
945 5.8604839721314e-05 9.69387587860097e-05 0
946 2.430555555558323e-05 1.683938285130108e-06 0
947 2.106927153881039e-05 3.340274101029266e-06 0
948 2.529551634394075e-05 3.499235646261607e-06 0
949 3.913917478170679e-05 1.523221138171821e-05 0
950 7.549228221230791e-05 2.030445678007088e-06 0
951 6.054024774728495e-05 8.341915882893451e-05 0
952 4.476679316124173e-05 9.80149315561901e-05 0
953 7.155246046366691e-05 8.113725953159747e-06 0
954 9.655392368364697e-05 5.782932896233065e-06 0
955 2.223480465732732e-05 2.889523783266069e-05 0
956 7.355565887779385e-05 7.79313704304741e-06 0
957 1.35299328321033e-05 9.653469731974796e-05 0
958 3.152653282020609e-05 5.151168184207401e-06 0
959 2.857556194163392e-05 3.445811516391835e-05 0
960 7.698907997505822e-05 3.744944345819807e-06 0
961 9.444077780027424e-06 6.561054647540939e-06 0
962 7.478755126577421e-06 6.934390988769237e-06 0
963 8.14877773808725e-06 5.091827488481474e-06 0
964 5.973682802627068e-06 5.065648782559671e-06 0
965 5.482063734884819e-06 7.246910890755801e-06 0
966 3.907589585603904e-06 5.82581150322846e-06 0
967 7.087804403768325e-06 3.424410690032337e-06 0
968 3.551184562455703e-06 7.67790272437208e-06 0
969 4.856478057910617e-06 9.193227406019679e-06 0
970 2.529503433185338e-06 4.771548030601872e-06 0
971 4.176927193651636e-06 3.775483146672836e-06 0
972 7.879968045090117e-05 8.941433976401362e-06 0
973 1.337555462347612e-05 5.811938880270889e-06 0
974 1.206888605395407e-05 4.297811578157749e-06 0
975 1.39916194137347e-05 3.884389418631556e-06 0
976 1.596671568570337e-05 3.548028172203169e-06 0
977 6.821434375949684e-06 8.820472385873489e-06 0
978 8.089185549771052e-06 1.002978074124599e-05 0
979 1.73491892388807e-05 5.107005111294089e-06 0
980 1.011486522899338e-05 4.726237073218669e-06 0
981 1.05343537826197e-05 2.963360856781418e-06 0
982 5.317804151400106e-05 3.943814348257822e-05 0
983 1.350311800004277e-05 1.298181862938139e-05 0
984 1.681101914829562e-05 1.338167436441153e-05 0
985 1.943687802627494e-05 1.595379166789493e-05 0
986 9.339523357419806e-05 1.718455248118543e-06 0
987 9.075564400292066e-05 3.772772535442782e-06 0
988 8.919086341688552e-05 2.624490367886508e-06 0
989 8.891283099723384e-05 4.391325472291008e-06 0
990 8.728248891856793e-05 3.218605376028958e-06 0
991 8.704462928253083e-05 5.157996107511583e-06 0
992 8.548995054504379e-05 3.912357856920745e-06 0
993 8.396844375169597e-05 2.930399218294763e-06 0
994 8.851144436453946e-05 6.550621192731198e-06 0
995 7.490794088644291e-05 9.351915558609173e-06 0
996 7.295079824818462e-05 9.35438659149805e-06 0
997 7.110276502993824e-05 1.025247008571108e-05 0
998 7.144639915938582e-05 9.147270186675738e-05 0
999 1.239495330200383e-05 2.529338669638903e-06 0
1000 9.829226365913596e-05 4.76268130890865e-06 0
1001 1.746182177121991e-05 1.07958078427156e-05 0
1002 2.13949071518564e-05 1.051209358137015e-05 0
1003 6.495666586804631e-05 9.554249402406807e-05 0
1004 3.370346285555241e-05 1.343981757879994e-06 0
1005 9.640413577027875e-05 3.521572542890193e-06 0
1006 2.317213909137162e-05 9.228063081002329e-06 0
1007 8.734403356146326e-05 9.611707593539233e-05 0
1008 8.325496937321528e-05 6.189159138952891e-06 0
1009 1.65662306254236e-05 1.694161384460885e-06 0
1010 7.061614947276774e-05 5.750907942236367e-05 0
1011 3.144947387319809e-05 1.074234290078168e-05 0
1012 1.651936798079715e-06 8.583715395498116e-06 0
1013 3.790823240638027e-05 5.519126592987713e-05 0
1014 4.236044259707065e-05 3.930900944899133e-05 0
1015 3.271132869758828e-05 3.237117975546118e-05 0
1016 5.830153774489961e-05 6.671412992139325e-05 0
1017 5.818145629785607e-05 6.2322278100852e-05 0
1018 5.40974478789819e-05 6.082584486123977e-05 0
1019 4.655675653457431e-05 7.91017568043025e-05 0
1020 4.338731957226905e-05 7.655757127134813e-05 0
1021 3.796474564970754e-05 6.243726281771435e-06 0
1022 5.967633520208917e-05 9.52239196537875e-07 0
1023 3.927923711887037e-05 3.675821305602224e-05 0
1024 9.45183586097993e-05 1.462791022020227e-05 0
1025 5.304784833199927e-05 9.815077741002013e-05 0
1026 2.778810350725238e-05 6.507183605915945e-06 0
1027 5.589649310202599e-05 6.73429896686756e-07 0
1028 1.469450598554425e-05 4.333280316715033e-05 0
1029 1.428073901916334e-05 5.157143325049226e-05 0
1030 4.489640977028555e-05 9.97524687934856e-06 0
1031 2.041666666670406e-05 1.648306125707863e-06 0
1032 3.76794495858475e-05 6.830629899356796e-05 0
1033 8.056677197455745e-05 7.419228483861982e-05 0
1034 5.036991144167547e-05 1.052716882586833e-05 0
1035 9.835737750723268e-05 8.710341954859675e-06 0
1036 5.085813044916097e-05 8.979817885191566e-05 0
1037 7.968664825110116e-05 1.672330185647984e-06 0
1038 4.899999999987362e-05 9.826794919243591e-05 0
1039 5.710080662012558e-05 9.845881638437958e-05 0
1040 6.626481819047606e-06 1.637694653710662e-06 0
1041 4.45307592961234e-05 5.138198993607771e-06 0
1042 3.784388628077932e-05 3.260274481664066e-06 0
1043 1.983269610363231e-05 4.71259188970842e-05 0
1044 7.809969783302536e-05 9.597585037011622e-05 0
1045 7.969944725124855e-05 9.752606668311118e-05 0
1046 6.265170845436526e-05 9.653924932816038e-05 0
1047 4.712188214893139e-05 8.705432966688953e-07 0
1048 6.298139517522758e-05 1.393423249607e-06 0
1049 5.060858437872317e-05 6.790937354493071e-07 0
1050 3.466792385104259e-05 8.696457682547325e-05 0
1051 8.939836066217512e-05 9.046533942007661e-05 0
1052 9.23929006363698e-05 8.69793112326574e-05 0
1053 2.724166075039695e-05 3.295178821387062e-06 0
1054 3.868672414428225e-05 5.99756715109682e-05 0
1055 3.809710864234236e-05 5.535889873163542e-07 0
1056 4.856070944617581e-05 6.382352304314702e-05 0
1057 4.089879621180871e-05 8.164747260071696e-05 0
1058 9.708788345355421e-05 1.590735753617859e-06 0
1059 2.505925931735602e-05 7.646169997465999e-05 0
1060 2.067785317455084e-05 7.904714320674044e-05 0
1061 3.018917832220406e-06 1.6249035471869e-06 0
1062 3.903619262174751e-05 9.825659617989954e-05 0
1063 8.504784022352499e-05 5.846268595367674e-06 0
1064 6.684028334205983e-05 9.839518875231252e-05 0
1065 5.480941871399434e-05 8.246409636438422e-05 0
1066 4.555562147904429e-05 6.888762241201135e-06 0
1067 5.959449001144266e-05 8.669865469435473e-05 0
1068 7.984663584743455e-05 1.979536258987886e-05 0
1069 8.3065325801644e-05 2.216130501592595e-05 0
1070 6.57926741979927e-05 3.040335397030658e-05 0
1071 4.083857304506185e-05 4.772407876480291e-05 0
1072 9.150644354782339e-06 2.266752449292862e-05 0
1073 7.894375056476669e-05 6.201764478836623e-05 0
1074 7.099999999992555e-05 9.826794919242658e-05 0
1075 5.469664011137006e-05 1.551640334733426e-05 0
1076 5.180747411415277e-05 9.63819046973126e-05 0
1077 9.508333333332291e-05 9.81844203138192e-05 0
1078 9.099999999997897e-05 9.826794919242659e-05 0
1079 8.97461162076655e-05 9.607089299768564e-05 0
1080 2.900325703150439e-05 9.834306109171296e-05 0
1081 9.315602132013222e-06 9.781980393466035e-05 0
1082 6.132628168218009e-05 1.486140082531299e-05 0
1083 8.679017234358545e-05 9.824958976667435e-05 0
1084 8.503948114420257e-05 9.680424057406471e-05 0
1085 7.499999999993616e-05 9.826794919242655e-05 0
1086 1.899999999995766e-05 9.826794919243663e-05 0
1087 2.099999999995216e-05 9.826794919243648e-05 0
1088 1.487018868864611e-05 9.809588368930335e-05 0
1089 2.50306562119613e-05 9.803875877445615e-05 0
1090 4.601871498313132e-05 7.648778151010637e-07 0
1091 9.469829414456209e-05 1.805311063185343e-05 0
1092 4.948265544426895e-05 2.208654793067218e-06 0
1093 6.418878860442697e-05 1.120637693282567e-06 0
1094 6.482476265643612e-05 1.398689785656937e-06 0
1095 4.392886990004789e-05 2.771712024483256e-05 0
1096 5.440987881323583e-05 6.879702320434345e-05 0
1097 7.01722025174927e-05 7.056143461748143e-05 0
1098 4.796602040742765e-05 1.623584247682087e-05 0
1099 3.974179344185487e-05 1.245993881594584e-05 0
1100 6.816745109072975e-05 1.539147830402664e-06 0
1101 4.505846561749033e-05 1.339946944128416e-06 0
1102 4.438223298087263e-05 1.147480938481404e-06 0
1103 4.492022265574936e-05 7.855875244284132e-07 0
1104 8.412774304912156e-05 8.293184778392479e-05 0
1105 5.73823104501346e-05 4.10886107004908e-07 0
1106 6.290274546483033e-05 9.843989877282896e-05 0
1107 3.086555339635382e-05 3.258996495703545e-06 0
1108 3.664577700345519e-05 3.836161745366295e-06 0
1109 5.852071737293136e-05 6.661628095155577e-07 0
1110 5.333635645749889e-05 1.440462897074128e-06 0
1111 6.547557232890158e-05 5.353534021235418e-06 0
1112 5.54920402151273e-05 3.166584869909089e-06 0
1113 1.621701726065712e-05 6.357690915336634e-05 0
1114 4.371379215989853e-05 9.180368037386551e-05 0
1115 6.577074480438642e-05 2.589604205743339e-05 0
1116 6.239419283803643e-06 1.071058994330079e-05 0
1117 4.074933616230939e-06 1.098240466636844e-05 0
1118 4.83895563907152e-06 9.809124974165468e-05 0
1119 4.180948718585501e-05 1.146924992643976e-05 0
1120 6.479213957815432e-06 1.844126436537801e-05 0
1121 5.999999999987436e-06 9.614986847663957e-05 0
1122 7.258288045159857e-05 2.269576923004003e-05 0
1123 6.242087387041773e-05 5.983578336868464e-05 0
1124 5.214304931912546e-05 7.322616729060349e-07 0
1125 2.836910083038631e-05 4.747022436859403e-06 0
1126 1.799999999996014e-05 9.621202539676654e-05 0
1127 3.648304684512471e-05 5.38730258090684e-06 0
1128 5.118639981333417e-05 5.219748005645087e-07 0
1129 5.708221574518636e-05 3.818977788204884e-05 0
1130 5.852187457259122e-05 2.086965341188945e-07 0
1131 5.748845571692978e-05 1.905137674207395e-05 0
1132 5.625212648794447e-05 4.295248669032737e-05 0
1133 1.797911724382018e-05 3.366998151958944e-06 0
1134 2.62370802832307e-05 2.691473881613962e-05 0
1135 7.587381980704524e-05 2.560441137491323e-05 0
1136 6.956934677686955e-05 3.28193049605625e-06 0
1137 8.07458698092055e-05 3.290285846529303e-06 0
1138 7.280266455803123e-05 9.619453915171876e-05 0
1139 5.89024103771968e-05 1.57912139676038e-05 0
1140 1.468045634746361e-05 7.455651346005294e-05 0
1141 2.199999999994938e-05 9.625087415004153e-05 0
1142 7.869836279115221e-05 4.470575946943631e-05 0
1143 8.758018039091188e-05 1.454698238243209e-06 0
1144 2.883388648960665e-05 7.940396159320014e-05 0
1145 4.649807452988857e-05 4.841073473971113e-07 0
1146 6.070815976570536e-05 1.564613322593704e-06 0
1147 3.412465887376547e-05 9.511787111703577e-05 0
1148 4.99524776630781e-05 9.106107353278959e-07 0
1149 4.930884528875193e-05 9.597331446154885e-07 0
1150 4.955315999327249e-05 5.048796834260126e-07 0
1151 9.608603352531515e-05 9.599299100466357e-05 0
1152 6.170261551130959e-05 4.013477757997696e-06 0
1153 3.494878193098306e-05 6.198045914923736e-05 0
1154 7.262700298170917e-05 8.818211670886015e-05 0
1155 8.927160230698035e-06 3.577954878730813e-06 0
1156 4.337126998177216e-05 7.884475070647385e-07 0
1157 5.799741055349915e-06 3.435576540074892e-05 0
1158 4.290215966979295e-05 9.860489471513317e-05 0
1159 3.571905418560601e-05 9.651065622681967e-05 0
1160 5.389790881244837e-05 5.395545524819786e-05 0
1161 9.015510964293452e-05 4.172464069756763e-05 0
1162 3.399686470139657e-05 7.053712715224898e-05 0
1163 3.022462245363532e-05 1.692890570302128e-05 0
1164 1.333381165678992e-05 1.605596585986424e-05 0
1165 8.611950440789527e-05 1.554705117566595e-05 0
1166 5.776853416881262e-05 2.650177708897258e-06 0
1167 4.121935926523694e-05 2.355642839274715e-06 0
1168 4.90986212284028e-05 1.467790501734899e-06 0
1169 4.849858126566942e-05 1.902572127783588e-06 0
1170 4.860878872903875e-05 2.801012263840441e-06 0
1171 3.486514188012e-05 9.842191891957055e-05 0
1172 8.366922672239113e-05 4.447683828606622e-06 0
1173 5.719409644641134e-05 5.697295175900238e-06 0
1174 4.063478660077872e-05 5.615751945855321e-06 0
1175 7.067171741244912e-05 2.73654402991038e-05 0
1176 6.125545805182165e-05 2.848717809196967e-06 0
1177 7.718752785266317e-05 7.731833655035129e-05 0
1178 5.450592121701695e-05 4.994424647050238e-05 0
1179 5.239207202060801e-05 5.648657640676462e-06 0
1180 5.196493539663422e-05 7.471177976339473e-06 0
1181 9.633567661321038e-05 8.481163630662813e-05 0
1182 5.654181788639693e-05 1.656166644052958e-05 0
1183 4.880166510676792e-05 8.831004531203976e-07 0
1184 8.758447106748762e-05 8.652676521725635e-06 0
1185 7.907290924747529e-05 2.331163687384731e-05 0
1186 6.248754345631238e-05 8.877918810058614e-07 0
1187 6.570908381637575e-05 1.207319912373002e-05 0
1188 9.852186593816782e-05 1.059436553299552e-05 0
1189 3.17601733489192e-06 9.346621882426172e-06 0
1190 5.495595935957535e-05 1.653160653664254e-06 0
1191 7.59136189095367e-05 9.594383177814896e-05 0
1192 2.609820174947307e-05 9.640459159362521e-05 0
1193 4.909928927957389e-05 5.925134000338536e-07 0
1194 6.456108347375473e-05 8.865939978278537e-05 0
1195 8.541004484404674e-05 2.60997110764856e-05 0
1196 5.022937180990397e-05 6.681374121745838e-06 0
1197 4.116819984489151e-05 1.689290283567772e-05 0
1198 8.053566359881545e-05 8.326102285873146e-06 0
1199 1.326338989429416e-05 1.091229560419956e-05 0
1200 6.764863807450732e-06 9.039653045660371e-05 0
1201 8.344444954150636e-05 1.377139192372779e-06 0
1202 1.299999999997565e-05 9.843415164412906e-05 0
1203 5.16474318009746e-05 8.639571832855062e-07 0
1204 9.125508415340218e-05 2.021948365459202e-05 0
1205 3.973146955813708e-05 7.777917545471453e-07 0
1206 4.553915458471637e-05 8.543516106838002e-07 0
1207 5.771474505501361e-05 8.171264807265491e-05 0
1208 6.990013138035754e-05 8.652275173373021e-05 0
1209 4.753836635243486e-05 1.920326717714484e-05 0
1210 5.573168403683455e-05 1.40297654991883e-06 0
1211 5.009598025442085e-05 2.7679875237016e-06 0
1212 5.90307114879465e-05 1.43079482186652e-06 0
1213 9.112097908879906e-05 8.606822417917832e-06 0
1214 8.559883828787719e-05 4.938637609767294e-05 0
1215 3.438105357323476e-05 6.33456439460952e-07 0
1216 1.998264681795418e-05 9.659361881887078e-05 0
1217 3.196584240128182e-05 8.794830570511933e-05 0
1218 1.961329012517591e-05 5.248152209712695e-05 0
1219 4.681922978099825e-05 2.636075227611496e-05 0
1220 4.591657181578015e-05 9.388643558383959e-05 0
1221 7.69937722957757e-05 1.065172586785346e-05 0
1222 3.631138413308045e-05 3.818786787138066e-05 0
1223 1.951218874246838e-05 2.933122681096101e-06 0
1224 7.464410703858738e-05 6.708713918232115e-05 0
1225 1.944336429753354e-05 1.240177895031337e-05 0
1226 1.277475724155621e-05 5.862549720612745e-05 0
1227 4.380344878598106e-05 1.665902156142164e-06 0
1228 7.18093718129612e-05 1.159376520708609e-06 0
1229 9.070883409575656e-05 9.375666838910458e-05 0
1230 4.12902221541382e-05 9.079987306127789e-06 0
1231 3.622636372793845e-05 4.382415520944819e-07 0
1232 3.667442164641952e-05 6.596697418045706e-07 0
1233 5.262741768365629e-05 4.428161014452812e-07 0
1234 7.30118112013859e-05 6.184593817227572e-05 0
1235 8.502743904705164e-05 9.867294120448015e-05 0
1236 8.234770774432602e-05 9.609458415406407e-05 0
1237 6.466136698676165e-05 7.014651824135586e-06 0
1238 6.630216637510387e-05 5.803651761725385e-05 0
1239 6.006508928163399e-05 1.538266290576242e-06 0
1240 4.720437014011967e-05 2.255945524813264e-05 0
1241 5.285191542824857e-05 2.51488780085734e-05 0
1242 1.082543238628064e-05 1.295003839670617e-06 0
1243 4.442697196608848e-05 6.212314747006115e-07 0
1244 2.2141564178167e-05 8.292084957787112e-05 0
1245 3.322055779234402e-05 2.402894703876758e-06 0
1246 3.553097348069483e-06 9.60073717281857e-05 0
1247 8.357030220430131e-05 3.068893261198993e-05 0
1248 3.783696700094226e-05 4.500511780339238e-05 0
1249 7.010234777796612e-05 9.640686638206526e-05 0
1250 8.256990362361771e-05 7.620975455996767e-06 0
1251 7.970134425604642e-06 9.642429720214528e-05 0
1252 8.14709393486047e-05 9.838630530376739e-05 0
1253 6.739464199772127e-05 8.753318945991293e-05 0
1254 6.053766136628927e-05 9.642205683545014e-05 0
1255 9.460529517993066e-05 3.16283592709787e-06 0
1256 5.41262939979272e-06 1.544104446771839e-05 0
1257 3.879467509020791e-05 4.062076849925078e-05 0
1258 5.054075889003077e-05 2.565371162470452e-07 0
1259 4.476884005261336e-05 3.310076031267484e-07 0
1260 4.009845097833694e-05 3.951925548682773e-07 0
1261 4.302929822992293e-05 2.148642498678911e-06 0
1262 2.22878729028416e-05 9.367783036561429e-05 0
1263 5.469390723529415e-05 6.466031095479216e-05 0
1264 3.436644092960341e-05 6.629749085500776e-05 0
1265 4.996037588847653e-05 9.674661722134059e-05 0
1266 9.859989001969126e-05 1.389922998154368e-06 0
1267 1.400109980305283e-06 1.389922998148275e-06 0
1268 4.573443698534009e-05 8.698581806744828e-06 0
1269 5.467838208847079e-05 4.622622591001175e-05 0
1270 2.403858550970952e-05 1.104068647390039e-05 0
1271 2.209460404138289e-05 1.729216989366191e-05 0
1272 2.588965529828059e-05 3.107540348642801e-05 0
1273 4.130594587994965e-05 7.890325757159406e-05 0
1274 4.94131456779758e-06 8.03070317824408e-05 0
1275 8.887396204112093e-05 8.298514423916719e-05 0
1276 4.68680664823705e-05 8.98963973566042e-05 0
1277 5.45440930067995e-05 2.038882948518769e-05 0
1278 5.174447943486783e-05 6.309207478152782e-05 0
1279 9.675063800798718e-06 7.029500329231576e-05 0
1280 8.236574795915882e-05 3.042509217901022e-06 0
1281 5.609814950373427e-05 9.684889851719755e-05 0
1282 4.082802665545774e-05 1.95179221382842e-05 0
1283 5.89999999998937e-05 9.873072928601621e-05 0
1284 3.678601830461049e-05 4.989918142553213e-05 0
1285 3.941013572380854e-05 4.949569868140918e-07 0
1286 9.39691705760768e-05 9.664174503945159e-05 0
1287 9.200331190929565e-05 9.639236581415617e-05 0
1288 4.364148292781167e-05 1.126077662358672e-05 0
1289 4.107731484235995e-05 7.343321471356237e-05 0
1290 6.31044844139995e-05 6.74374207334833e-06 0
1291 6.114308161458748e-05 2.09416203697845e-06 0
1292 3.633233190161182e-05 1.943317298313082e-06 0
1293 8.690525566992005e-05 2.158817012893559e-05 0
1294 6.359835986483172e-05 1.134404415211126e-06 0
1295 4.416858730673166e-05 3.519879934189036e-07 0
1296 2.13529220307652e-05 4.861976458404182e-06 0
1297 6.074976888380781e-05 4.678853503470632e-06 0
1298 3.711312126038596e-05 4.191070087406268e-07 0
1299 3.339758434648536e-05 1.206554666145599e-05 0
1300 4.575632678403827e-05 4.934569302694928e-07 0
1301 4.010828959742766e-05 9.682850813971141e-05 0
1302 3.193345579775851e-05 9.216279363726139e-05 0
1303 5.299840154307521e-05 5.742731547439303e-05 0
1304 3.305777403665845e-05 9.871835862044191e-05 0
1305 2.990257766155089e-05 4.465233947257041e-06 0
1306 5.489166443127447e-05 7.32076366896918e-06 0
1307 5.644626548229618e-05 8.136987859016988e-06 0
1308 6.579778492382237e-05 1.543299388680281e-06 0
1309 4.316596534000091e-05 3.676862919628234e-07 0
1310 4.388256377194301e-05 8.973109942160118e-07 0
1311 3.814253478580215e-05 2.1435706948899e-07 0
1312 5.973463515370835e-05 3.408142262451369e-07 0
1313 6.005303535803296e-05 1.950160729108067e-07 0
1314 6.023379733436982e-05 2.295425961427968e-07 0
1315 8.930971555191698e-05 1.096572711432919e-06 0
1316 5.600056725889533e-06 3.07651048321233e-06 0
1317 5.36964244818662e-05 7.89663083767837e-06 0
1318 1.281732488570937e-05 1.936002977272853e-05 0
1319 5.164272203938778e-05 9.46206997390562e-06 0
1320 8.640686853881476e-05 5.809390579894984e-05 0
1321 3.659748745702288e-05 1.247308091960092e-06 0
1322 7.381165306944985e-05 3.062756171416648e-06 0
1323 6.21727906376063e-05 3.86143033839716e-07 0
1324 3.996006111255944e-05 8.275057270830733e-06 0
1325 1.767242643787193e-05 9.403536560873342e-05 0
1326 5.668489543725552e-05 1.005224283824923e-05 0
1327 1.872384330386637e-05 9.176293272161635e-05 0
1328 1.093394586168844e-06 4.765310252871443e-06 0
1329 9.299893723768559e-05 9.321932474048115e-06 0
1330 4.15272694242222e-06 2.606558003321444e-05 0
1331 6.320704020527777e-05 3.565408227222937e-07 0
1332 6.303643706934996e-05 8.416994244525782e-07 0
1333 3.951384979705393e-05 6.830727917453417e-06 0
1334 3.605480842839914e-05 1.411752334027579e-06 0
1335 9.173554748826047e-05 5.008119811209831e-06 0
1336 8.5666968976095e-05 8.83026355866513e-06 0
1337 9.003763906781874e-05 7.092098090421078e-06 0
1338 4.752965381607074e-05 1.275943239564892e-06 0
1339 4.769802152898388e-05 1.813495648086676e-06 0
1340 1.262562599064105e-05 1.040740924457122e-06 0
1341 6.572526313277519e-06 8.663031124230632e-05 0
1342 1.147630874364901e-05 9.650158312964813e-05 0
1343 6.835921874992897e-05 1.34093586397364e-05 0
1344 3.062045098857176e-05 7.228286732338978e-05 0
1345 4.827909066208537e-05 4.263194842164882e-07 0
1346 9.023899459497905e-05 5.558243454519148e-06 0
1347 4.1415730158005e-05 1.174256539131382e-06 0
1348 6.65244606159675e-05 9.676207526715589e-05 0
1349 8.360647786711822e-05 7.712827807491987e-05 0
1350 4.865887457052549e-05 3.636887248722196e-06 0
1351 7.250284901232231e-05 9.377142594503737e-05 0
1352 4.000000000001341e-05 -2.732050807573421e-06 0
1353 6.000000000001917e-05 -2.732050807569483e-06 0
1354 5.000000000003403e-05 -2.732050807571489e-06 0
1355 5.600000000002422e-05 -2.732050807576329e-06 0
1356 4.400000000002313e-05 -2.732050807571701e-06 0
1357 3.671541299402739e-05 -5.951970769383732e-06 0
1358 6.328458700597262e-05 -5.951970769383732e-06 0
1359 5.332998063965799e-05 -8.116682810555282e-06 0
1360 4.66860546986653e-05 -7.980688224283782e-06 0
1361 5.036343232582612e-05 -8.845076865028691e-06 0
1362 3.968533516788211e-05 -8.614643958020601e-06 0
1363 4.370359632280653e-05 -9.034656761748107e-06 0
1364 6.031466483210111e-05 -8.614643958020945e-06 0
1365 5.629640367714217e-05 -9.03465676177097e-06 0
1366 6.229954154370877e-05 -8.693445668881305e-06 0
1367 3.770045845627954e-05 -8.693445668889078e-06 0
1368 4.200000000001892e-05 -2.732050807571277e-06 0
1369 4.300000000002017e-05 -4.464101615141531e-06 0
1370 4.500000000002181e-05 -4.464101615142922e-06 0
1371 4.403742351126366e-05 -6.019189152637231e-06 0
1372 4.207121301077219e-05 -6.149473063537557e-06 0
1373 4.598889361774077e-05 -6.13729057459629e-06 0
1374 4.699814893630975e-05 -4.454291307125125e-06 0
1375 4.800000000001968e-05 -6.196152422716444e-06 0
1376 4.899969148940549e-05 -4.462466563809547e-06 0
1377 5.011766860184159e-05 -6.558860978763641e-06 0
1378 5.101956001522584e-05 -4.524280532597219e-06 0
1379 5.215788244737525e-05 -6.243501595516678e-06 0
1380 5.302957374378315e-05 -4.482022963523033e-06 0
1381 5.402841910305507e-05 -6.18627052249788e-06 0
1382 5.500966547448794e-05 -4.465441523176956e-06 0
1383 5.596892391833499e-05 -6.017765487292711e-06 0
1384 5.699643156548517e-05 -4.434593777249544e-06 0
1385 5.792895578147255e-05 -6.147594327935038e-06 0
1386 5.896130285809111e-05 -4.435928426943125e-06 0
1387 5.400653986973277e-05 -2.735261016973452e-06 0
1388 3.801096601140936e-05 -2.675112731590065e-06 0
1389 3.871736982138412e-05 -4.693755372790444e-06 0
1390 4.100000000001798e-05 -4.464101615140701e-06 0
1391 4.599969148940738e-05 -2.730415756235696e-06 0
1392 5.799295573727744e-05 -2.72243730322308e-06 0
1393 6.127866858855211e-05 -4.697864642470059e-06 0
1394 4.79995886525386e-05 -2.729870739123642e-06 0
1395 6.201782241601777e-05 -2.680166433017744e-06 0
1396 5.200927893814253e-05 -2.745602553444198e-06 0
1397 6.169344840778475e-05 -6.906318485205227e-06 0
1398 3.830607997434345e-05 -6.905829286439522e-06 0
1399 4.842438943641401e-05 -8.400606637896249e-06 0
1400 3.665464385362645e-05 -3.985691291059477e-06 0
1401 6.334831172225198e-05 -3.986782120953006e-06 0
1402 4.028602373087328e-05 -6.491205399283773e-06 0
1403 4.183807799249616e-05 -8.103254732587947e-06 0
1404 5.970681600952138e-05 -6.486963156729729e-06 0
1405 5.816132749494712e-05 -8.102734241267912e-06 0
1406 6.352465473556763e-05 -9.573883948047671e-06 0
1407 3.647534526442526e-05 -9.573883948048848e-06 0
1408 4.480614509980545e-05 -7.617015700302015e-06 0
1409 5.520047081495071e-05 -7.647607511787651e-06 0
1410 3.646731797295724e-05 -2.462244650092742e-06 0
1411 6.363307117034053e-05 -2.367460880270496e-06 0
1412 3.649352720233088e-05 -7.658220777075817e-06 0
1413 6.35064326941071e-05 -7.658262375609325e-06 0
1414 5.169512422628294e-05 -7.746967994885777e-06 0
1415 4.544905913224709e-05 -9.09104440458377e-06 0
1416 5.455547111832309e-05 -9.124361684131229e-06 0
1417 4.6855454828488e-05 -9.588294562847669e-06 0
1418 5.325309011894123e-05 -9.673455260044224e-06 0
1419 5.196383461986978e-05 -9.090663791654741e-06 0
1420 4.32912911874288e-05 -7.384717882162571e-06 0
1421 5.671121633736951e-05 -7.390071666010857e-06 0
1422 4.59179004219369e-05 -1.534900586441137e-07 0
1423 5.378089822750273e-05 -2.217366686053495e-07 0
1424 3.813064300926614e-05 -1.431343759037734e-07 0
1425 6.021124228721084e-05 -1.836559044457405e-07 0
1426 6.178456089391546e-05 -2.857142857142857e-07 0
1427 5.233212930256036e-05 -1.855193962730961e-07 0
1428 3.959554933123178e-05 -2.283343711605053e-07 0
1429 5.798635760511162e-05 -4.955217650285976e-07 0
1430 4.44597982515033e-05 -1.755342922872791e-07 0
1431 3.602649615697659e-05 -4.850294122979872e-07 0
1432 4.786565463035307e-05 -4.216785493469993e-07 0
1433 6.370653250695241e-05 -3.546055651406816e-07 0
1434 5.042257106031329e-05 -3.591119372265741e-07 0
1435 3.654360440656605e-05 -1.475433907264275e-07 0
1436 4.387411586177748e-05 -4.261283734178579e-07 0
1437 5.579296026592094e-05 -3.898926471151593e-07 0
1438 5.862375873422706e-05 -1.444346426890187e-07 0
1439 5.183531092804723e-05 -4.451281350004469e-07 0
1440 4.232076644521137e-05 -4.159460016406454e-07 0
1441 5.072660899536555e-05 -1.389820216061967e-07 0
1442 4.125943774063847e-05 -2.34249707804682e-07 0
1443 5.956301961995728e-05 -3.709083474594134e-07 0
1444 4.914581158316449e-05 -2.348183580304202e-07 0
1445 5.70251880563764e-05 -2.202956630263539e-07 0
1446 3.749239266258103e-05 -3.760689741006184e-07 0
1447 5.889150122497056e-05 -2.12599491533311e-07 0
1448 5.101050199767495e-05 -2.151125305031109e-07 0
1449 3.681607672645731e-05 -2.160108930090417e-07 0
1450 6.325136334181961e-05 -1.693256956425852e-07 0
1451 5.741319423843824e-05 -4.289543570137379e-07 0
1452 5.640647268066908e-05 -5.083431575218599e-07 0
1453 4.986639288244508e-05 -5.18786059051399e-07 0
1454 4.864756697806915e-05 -3.312993814754839e-07 0
1455 4.543994019112716e-05 -3.658369025366008e-07 0
1456 4.177206312866236e-05 -5.458582624873327e-07 0
1457 4.077692997952665e-05 -3.545441655335467e-07 0
1458 4.010186255592462e-05 -4.613344314720684e-07 0
1459 3.903838082261969e-05 -3.714285312235539e-07 0
1460 3.676114078312812e-05 -4.55457353206733e-07 0
1461 4.3174112609164e-05 -3.715496053455889e-07 0
1462 3.647690691598374e-05 -4.1976061131586e-07 0
1463 5.491422665863957e-05 -3.967295901444153e-07 0
1464 5.425236188280382e-05 -5.236932517499528e-07 0
1465 5.882336274610294e-05 -4.506481364874621e-07 0
1466 4.279023125450436e-05 -2.979159344977057e-07 0
1467 4.716752162946622e-05 -3.279419749872509e-07 0
1468 4.61867028375997e-05 -4.067527051668521e-07 0
1469 5.531431450714103e-05 -2.977703728765957e-07 0
1470 6.42796333478645e-05 -4.983330919718438e-07 0
1471 5.090088114062566e-05 -4.513312171797717e-07 0
1472 3.706903349817654e-05 -4.482395143057181e-07 0
1473 5.91147779138505e-05 -4.284247877658819e-07 0
1474 5.84971794406254e-05 -4.160034573798589e-07 0
1475 5.123548968811775e-05 -4.402958157346431e-07 0
$EndNodes
$Elements
2998
1 1 2 6 1 6 11
2 1 2 6 1 11 12
3 1 2 6 1 12 13
4 1 2 6 1 13 14
5 1 2 6 1 14 15
6 1 2 6 1 15 16
7 1 2 6 1 16 17
8 1 2 6 1 17 18
9 1 2 6 1 18 19
10 1 2 6 1 19 20
11 1 2 6 1 20 21
12 1 2 6 1 21 22
13 1 2 6 1 22 23
14 1 2 6 1 23 24
15 1 2 6 1 24 25
16 1 2 6 1 25 26
17 1 2 6 1 26 27
18 1 2 6 1 27 28
19 1 2 6 1 28 29
20 1 2 6 1 29 30
21 1 2 6 1 30 31
22 1 2 6 1 31 32
23 1 2 6 1 32 33
24 1 2 6 1 33 34
25 1 2 6 1 34 35
26 1 2 6 1 35 36
27 1 2 6 1 36 37
28 1 2 6 1 37 38
29 1 2 6 1 38 39
30 1 2 6 1 39 40
31 1 2 6 1 40 41
32 1 2 6 1 41 42
33 1 2 6 1 42 43
34 1 2 6 1 43 44
35 1 2 6 1 44 45
36 1 2 6 1 45 46
37 1 2 6 1 46 47
38 1 2 6 1 47 48
39 1 2 6 1 48 49
40 1 2 6 1 49 50
41 1 2 6 1 50 51
42 1 2 6 1 51 52
43 1 2 6 1 52 53
44 1 2 6 1 53 54
45 1 2 6 1 54 55
46 1 2 6 1 55 56
47 1 2 6 1 56 57
48 1 2 6 1 57 58
49 1 2 6 1 58 59
50 1 2 6 1 59 5
51 1 2 5 3 4 78
52 1 2 5 3 78 79
53 1 2 5 3 79 80
54 1 2 5 3 80 81
55 1 2 5 3 81 82
56 1 2 5 3 82 83
57 1 2 5 3 83 84
58 1 2 5 3 84 85
59 1 2 5 3 85 86
60 1 2 5 3 86 87
61 1 2 5 3 87 88
62 1 2 5 3 88 89
63 1 2 5 3 89 90
64 1 2 5 3 90 91
65 1 2 5 3 91 92
66 1 2 5 3 92 93
67 1 2 5 3 93 94
68 1 2 5 3 94 3
69 1 2 3 4 3 95
70 1 2 3 4 95 96
71 1 2 3 4 96 97
72 1 2 3 4 97 98
73 1 2 3 4 98 99
74 1 2 3 4 99 100
75 1 2 3 4 100 101
76 1 2 3 4 101 102
77 1 2 3 4 102 103
78 1 2 3 4 103 104
79 1 2 3 4 104 105
80 1 2 3 4 105 106
81 1 2 3 4 106 107
82 1 2 3 4 107 108
83 1 2 3 4 108 109
84 1 2 3 4 109 110
85 1 2 3 4 110 111
86 1 2 3 4 111 112
87 1 2 3 4 112 113
88 1 2 3 4 113 114
89 1 2 3 4 114 115
90 1 2 3 4 115 116
91 1 2 3 4 116 117
92 1 2 3 4 117 118
93 1 2 3 4 118 119
94 1 2 3 4 119 120
95 1 2 3 4 120 121
96 1 2 3 4 121 122
97 1 2 3 4 122 123
98 1 2 3 4 123 124
99 1 2 3 4 124 125
100 1 2 3 4 125 126
101 1 2 3 4 126 127
102 1 2 3 4 127 128
103 1 2 3 4 128 129
104 1 2 3 4 129 130
105 1 2 3 4 130 131
106 1 2 3 4 131 132
107 1 2 3 4 132 133
108 1 2 3 4 133 134
109 1 2 3 4 134 135
110 1 2 3 4 135 136
111 1 2 3 4 136 137
112 1 2 3 4 137 138
113 1 2 3 4 138 139
114 1 2 3 4 139 140
115 1 2 3 4 140 141
116 1 2 3 4 141 142
117 1 2 3 4 142 143
118 1 2 3 4 143 144
119 1 2 3 4 144 145
120 1 2 3 4 145 146
121 1 2 3 4 146 147
122 1 2 3 4 147 148
123 1 2 3 4 148 149
124 1 2 3 4 149 150
125 1 2 3 4 150 151
126 1 2 3 4 151 152
127 1 2 3 4 152 153
128 1 2 3 4 153 154
129 1 2 3 4 154 155
130 1 2 3 4 155 156
131 1 2 3 4 156 157
132 1 2 3 4 157 158
133 1 2 3 4 158 159
134 1 2 3 4 159 160
135 1 2 3 4 160 161
136 1 2 3 4 161 162
137 1 2 3 4 162 163
138 1 2 3 4 163 164
139 1 2 3 4 164 165
140 1 2 3 4 165 166
141 1 2 3 4 166 167
142 1 2 3 4 167 168
143 1 2 3 4 168 169
144 1 2 3 4 169 170
145 1 2 3 4 170 171
146 1 2 3 4 171 172
147 1 2 3 4 172 173
148 1 2 3 4 173 174
149 1 2 3 4 174 175
150 1 2 3 4 175 176
151 1 2 3 4 176 177
152 1 2 3 4 177 178
153 1 2 3 4 178 2
154 1 2 4 5 2 179
155 1 2 4 5 179 180
156 1 2 4 5 180 181
157 1 2 4 5 181 182
158 1 2 4 5 182 183
159 1 2 4 5 183 184
160 1 2 4 5 184 185
161 1 2 4 5 185 186
162 1 2 4 5 186 187
163 1 2 4 5 187 188
164 1 2 4 5 188 189
165 1 2 4 5 189 190
166 1 2 4 5 190 191
167 1 2 4 5 191 192
168 1 2 4 5 192 193
169 1 2 4 5 193 194
170 1 2 4 5 194 195
171 1 2 4 5 195 1
172 1 2 2 11 9 218
173 1 2 2 11 218 219
174 1 2 2 11 219 220
175 1 2 2 11 220 221
176 1 2 2 11 221 222
177 1 2 2 11 222 223
178 1 2 2 11 223 224
179 1 2 2 11 224 225
180 1 2 2 11 225 226
181 1 2 2 11 226 227
182 1 2 2 11 227 228
183 1 2 2 11 228 229
184 1 2 2 11 229 230
185 1 2 2 11 230 231
186 1 2 2 11 231 10
187 1 2 1 13 7 236
188 1 2 1 13 236 237
189 1 2 1 13 237 238
190 1 2 1 13 238 239
191 1 2 1 13 239 240
192 1 2 1 13 240 241
193 1 2 1 13 241 242
194 1 2 1 13 242 243
195 1 2 1 13 243 8
196 2 2 9 8 119 316 118
197 2 2 9 8 971 1061 409
198 2 2 9 8 462 1013 464
199 2 2 9 8 253 1105 116
200 2 2 9 8 1070 1175 1115
201 2 2 9 8 430 1011 427
202 2 2 9 8 290 987 916
203 2 2 9 8 873 1241 565
204 2 2 9 8 312 835 95
205 2 2 9 8 50 1045 49
206 2 2 9 8 1045 1252 1236
207 2 2 9 8 142 258 141
208 2 2 9 8 143 805 142
209 2 2 9 8 897 1011 430
210 2 2 9 8 812 922 568
211 2 2 9 8 60 1151 720
212 2 2 9 8 791 793 663
213 2 2 9 8 699 1117 893
214 2 2 9 8 982 1132 1129
215 2 2 9 8 754 1241 620
216 2 2 9 8 146 1145 145
217 2 2 9 8 560 1221 995
218 2 2 9 8 912 913 830
219 2 2 9 8 346 1167 787
220 2 2 9 8 903 1282 891
221 2 2 9 8 289 942 750
222 2 2 9 8 941 952 302
223 2 2 9 8 438 874 815
224 2 2 9 8 779 1339 781
225 2 2 9 8 163 315 162
226 2 2 9 8 802 803 611
227 2 2 9 8 909 1289 1020
228 2 2 9 8 819 870 621
229 2 2 9 8 294 1148 1049
230 2 2 9 8 159 371 158
231 2 2 9 8 655 1214 1142
232 2 2 9 8 829 912 830
233 2 2 9 8 793 1236 663
234 2 2 9 8 498 903 891
235 2 2 9 8 933 941 302
236 2 2 9 8 284 831 828
237 2 2 9 8 477 1015 843
238 2 2 9 8 435 1270 1002
239 2 2 9 8 266 889 888
240 2 2 9 8 929 1212 931
241 2 2 9 8 970 971 409
242 2 2 9 8 461 873 565
243 2 2 9 8 847 848 288
244 2 2 9 8 346 787 344
245 2 2 9 8 983 1164 984
246 2 2 9 8 1020 1289 880
247 2 2 9 8 303 968 966
248 2 2 9 8 763 937 801
249 2 2 9 8 916 986 290
250 2 2 9 8 168 336 292
251 2 2 9 8 894 1067 653
252 2 2 9 8 931 1109 297
253 2 2 9 8 1224 1234 708
254 2 2 9 8 966 970 303
255 2 2 9 8 1046 1106 307
256 2 2 9 8 1002 1225 435
257 2 2 9 8 786 1205 344
258 2 2 9 8 750 1140 289
259 2 2 9 8 663 1236 729
260 2 2 9 8 924 1190 407
261 2 2 9 8 266 888 887
262 2 2 9 8 127 853 741
263 2 2 9 8 1017 1123 727
264 2 2 9 8 327 924 349
265 2 2 9 8 784 785 254
266 2 2 9 8 1029 1226 692
267 2 2 9 8 95 835 260
268 2 2 9 8 327 1112 924
269 2 2 9 8 869 1254 679
270 2 2 9 8 876 1091 70
271 2 2 9 8 893 1256 699
272 2 2 9 8 49 1045 271
273 2 2 9 8 801 997 763
274 2 2 9 8 106 1314 267
275 2 2 9 8 554 1114 868
276 2 2 9 8 400 1312 110
277 2 2 9 8 721 1246 213
278 2 2 9 8 778 780 779
279 2 2 9 8 1115 1175 608
280 2 2 9 8 778 779 368
281 2 2 9 8 769 960 950
282 2 2 9 8 145 783 144
283 2 2 9 8 679 1254 1046
284 2 2 9 8 929 931 335
285 2 2 9 8 780 1339 779
286 2 2 9 8 739 1196 1180
287 2 2 9 8 244 1193 1150
288 2 2 9 8 857 946 268
289 2 2 9 8 930 931 297
290 2 2 9 8 755 1219 565
291 2 2 9 8 620 1241 873
292 2 2 9 8 809 899 331
293 2 2 9 8 1073 1234 1224
294 2 2 9 8 855 1153 706
295 2 2 9 8 331 813 809
296 2 2 9 8 690 855 706
297 2 2 9 8 744 1120 1072
298 2 2 9 8 833 1169 834
299 2 2 9 8 367 1261 927
300 2 2 9 8 244 1150 137
301 2 2 9 8 587 994 991
302 2 2 9 8 727 1123 668
303 2 2 9 8 850 1224 557
304 2 2 9 8 623 1132 807
305 2 2 9 8 617 869 679
306 2 2 9 8 656 1073 858
307 2 2 9 8 602 791 663
308 2 2 9 8 557 1033 850
309 2 2 9 8 270 1348 1064
310 2 2 9 8 833 1339 1169
311 2 2 9 8 287 1040 967
312 2 2 9 8 587 1063 586
313 2 2 9 8 440 874 438
314 2 2 9 8 288 788 63
315 2 2 9 8 470 1032 879
316 2 2 9 8 480 1013 462
317 2 2 9 8 951 1067 894
318 2 2 9 8 1142 1214 731
319 2 2 9 8 967 1155 287
320 2 2 9 8 570 1336 566
321 2 2 9 8 964 1316 971
322 2 2 9 8 866 1036 895
323 2 2 9 8 795 796 333
324 2 2 9 8 1051 1052 665
325 2 2 9 8 275 992 990
326 2 2 9 8 131 405 245
327 2 2 9 8 584 802 611
328 2 2 9 8 816 1261 367
329 2 2 9 8 105 380 104
330 2 2 9 8 123 379 122
331 2 2 9 8 817 818 816
332 2 2 9 8 161 784 160
333 2 2 9 8 739 1180 1179
334 2 2 9 8 1085 1138 311
335 2 2 9 8 262 1136 890
336 2 2 9 8 359 1066 361
337 2 2 9 8 568 922 507
338 2 2 9 8 843 1015 959
339 2 2 9 8 887 1192 308
340 2 2 9 8 815 1163 438
341 2 2 9 8 868 1276 554
342 2 2 9 8 377 1193 244
343 2 2 9 8 1129 1132 623
344 2 2 9 8 800 997 801
345 2 2 9 8 116 1105 115
346 2 2 9 8 332 1190 924
347 2 2 9 8 831 911 829
348 2 2 9 8 1030 1288 512
349 2 2 9 8 934 1157 206
350 2 2 9 8 273 934 206
351 2 2 9 8 1073 1320 858
352 2 2 9 8 807 910 623
353 2 2 9 8 964 971 966
354 2 2 9 8 333 929 328
355 2 2 9 8 586 1063 1008
356 2 2 9 8 749 1165 580
357 2 2 9 8 106 267 105
358 2 2 9 8 358 778 368
359 2 2 9 8 352 821 354
360 2 2 9 8 848 882 288
361 2 2 9 8 856 1217 550
362 2 2 9 8 259 741 406
363 2 2 9 8 255 410 178
364 2 2 9 8 364 1066 359
365 2 2 9 8 497 910 503
366 2 2 9 8 552 1198 972
367 2 2 9 8 841 1151 60
368 2 2 9 8 367 927 365
369 2 2 9 8 64 847 288
370 2 2 9 8 746 747 615
371 2 2 9 8 1003 1046 307
372 2 2 9 8 790 1262 604
373 2 2 9 8 374 403 370
374 2 2 9 8 1179 1180 340
375 2 2 9 8 709 923 563
376 2 2 9 8 996 997 560
377 2 2 9 8 756 1308 94
378 2 2 9 8 61 841 60
379 2 2 9 8 895 1036 528
380 2 2 9 8 540 1221 560
381 2 2 9 8 1236 1252 279
382 2 2 9 8 1180 1196 666
383 2 2 9 8 828 1024 284
384 2 2 9 8 1060 1140 750
385 2 2 9 8 928 1200 846
386 2 2 9 8 839 1348 270
387 2 2 9 8 741 853 406
388 2 2 9 8 337 1055 724
389 2 2 9 8 817 936 877
390 2 2 9 8 615 789 605
391 2 2 9 8 938 1187 801
392 2 2 9 8 799 809 704
393 2 2 9 8 827 917 782
394 2 2 9 8 781 826 782
395 2 2 9 8 791 1191 1044
396 2 2 9 8 813 896 814
397 2 2 9 8 314 1061 971
398 2 2 9 8 142 805 258
399 2 2 9 8 104 261 103
400 2 2 9 8 440 891 874
401 2 2 9 8 210 1274 289
402 2 2 9 8 857 948 946
403 2 2 9 8 726 1113 871
404 2 2 9 8 1045 1236 793
405 2 2 9 8 918 924 407
406 2 2 9 8 821 1211 354
407 2 2 9 8 351 370 352
408 2 2 9 8 125 741 124
409 2 2 9 8 908 1088 281
410 2 2 9 8 543 837 559
411 2 2 9 8 724 905 808
412 2 2 9 8 818 1227 816
413 2 2 9 8 479 873 461
414 2 2 9 8 358 1350 778
415 2 2 9 8 1085 1191 1138
416 2 2 9 8 975 976 274
417 2 2 9 8 379 740 249
418 2 2 9 8 483 926 845
419 2 2 9 8 404 825 823
420 2 2 9 8 334 795 333
421 2 2 9 8 798 1220 1114
422 2 2 9 8 837 894 559
423 2 2 9 8 984 1164 725
424 2 2 9 8 740 1027 249
425 2 2 9 8 483 845 491
426 2 2 9 8 268 947 857
427 2 2 9 8 903 904 651
428 2 2 9 8 783 1145 1047
429 2 2 9 8 69 722 278
430 2 2 9 8 620 1277 754
431 2 2 9 8 792 1191 791
432 2 2 9 8 990 1143 275
433 2 2 9 8 950 960 269
434 2 2 9 8 937 938 801
435 2 2 9 8 724 808 748
436 2 2 9 8 907 1114 554
437 2 2 9 8 169 336 168
438 2 2 9 8 751 1225 1002
439 2 2 9 8 943 1198 552
440 2 2 9 8 722 723 278
441 2 2 9 8 94 1308 757
442 2 2 9 8 394 899 396
443 2 2 9 8 706 1054 1013
444 2 2 9 8 305 841 61
445 2 2 9 8 686 881 743
446 2 2 9 8 1013 1054 464
447 2 2 9 8 308 1080 887
448 2 2 9 8 578 985 725
449 2 2 9 8 1072 1318 744
450 2 2 9 8 697 1140 1060
451 2 2 9 8 403 825 404
452 2 2 9 8 586 1250 943
453 2 2 9 8 610 791 602
454 2 2 9 8 610 792 791
455 2 2 9 8 604 1262 802
456 2 2 9 8 291 954 911
457 2 2 9 8 898 1132 982
458 2 2 9 8 144 805 143
459 2 2 9 8 794 1226 1029
460 2 2 9 8 64 288 63
461 2 2 9 8 371 373 372
462 2 2 9 8 344 787 786
463 2 2 9 8 706 1153 1054
464 2 2 9 8 381 383 380
465 2 2 9 8 122 249 121
466 2 2 9 8 892 1159 304
467 2 2 9 8 568 1187 812
468 2 2 9 8 1073 1224 850
469 2 2 9 8 929 1166 328
470 2 2 9 8 128 1233 127
471 2 2 9 8 604 802 584
472 2 2 9 8 351 374 370
473 2 2 9 8 623 910 497
474 2 2 9 8 565 1241 755
475 2 2 9 8 742 1294 1048
476 2 2 9 8 349 351 350
477 2 2 9 8 1005 1058 313
478 2 2 9 8 849 1320 1073
479 2 2 9 8 444 1095 498
480 2 2 9 8 1059 1144 860
481 2 2 9 8 848 1349 882
482 2 2 9 8 950 1322 769
483 2 2 9 8 742 1048 391
484 2 2 9 8 587 1184 994
485 2 2 9 8 140 244 139
486 2 2 9 8 560 997 800
487 2 2 9 8 576 610 602
488 2 2 9 8 402 816 367
489 2 2 9 8 909 1020 885
490 2 2 9 8 861 867 616
491 2 2 9 8 374 811 403
492 2 2 9 8 820 1330 205
493 2 2 9 8 294 1258 136
494 2 2 9 8 354 369 356
495 2 2 9 8 302 1038 933
496 2 2 9 8 1049 1148 823
497 2 2 9 8 705 1187 938
498 2 2 9 8 550 1217 538
499 2 2 9 8 404 823 822
500 2 2 9 8 331 896 813
501 2 2 9 8 210 289 209
502 2 2 9 8 209 1279 871
503 2 2 9 8 663 729 664
504 2 2 9 8 789 1327 605
505 2 2 9 8 683 959 681
506 2 2 9 8 891 1282 875
507 2 2 9 8 874 891 875
508 2 2 9 8 272 1089 884
509 2 2 9 8 151 1259 150
510 2 2 9 8 611 856 550
511 2 2 9 8 555 1144 1059
512 2 2 9 8 803 804 611
513 2 2 9 8 270 1249 839
514 2 2 9 8 565 1219 902
515 2 2 9 8 1052 1275 665
516 2 2 9 8 578 725 647
517 2 2 9 8 283 715 203
518 2 2 9 8 610 1351 792
519 2 2 9 8 802 884 803
520 2 2 9 8 845 951 837
521 2 2 9 8 343 724 348
522 2 2 9 8 746 878 747
523 2 2 9 8 489 926 481
524 2 2 9 8 512 1288 573
525 2 2 9 8 849 850 848
526 2 2 9 8 403 404 370
527 2 2 9 8 877 936 368
528 2 2 9 8 69 278 68
529 2 2 9 8 358 368 364
530 2 2 9 8 904 1240 651
531 2 2 9 8 785 1347 254
532 2 2 9 8 212 846 306
533 2 2 9 8 758 1136 1100
534 2 2 9 8 368 936 364
535 2 2 9 8 819 1161 67
536 2 2 9 8 813 814 702
537 2 2 9 8 70 1091 722
538 2 2 9 8 1018 1263 1017
539 2 2 9 8 543 559 558
540 2 2 9 8 939 1025 301
541 2 2 9 8 846 1246 1121
542 2 2 9 8 95 260 3
543 2 2 9 8 554 895 514
544 2 2 9 8 480 1284 1013
545 2 2 9 8 1041 1066 364
546 2 2 9 8 540 560 521
547 2 2 9 8 284 1188 831
548 2 2 9 8 521 800 509
549 2 2 9 8 911 954 912
550 2 2 9 8 407 1110 918
551 2 2 9 8 205 1330 204
552 2 2 9 8 584 611 550
553 2 2 9 8 1081 1342 878
554 2 2 9 8 925 1159 892
555 2 2 9 8 330 333 328
556 2 2 9 8 609 1060 750
557 2 2 9 8 503 910 549
558 2 2 9 8 349 918 351
559 2 2 9 8 967 1316 964
560 2 2 9 8 160 254 159
561 2 2 9 8 62 305 61
562 2 2 9 8 602 663 603
563 2 2 9 8 715 893 202
564 2 2 9 8 158 247 157
565 2 2 9 8 805 1047 806
566 2 2 9 8 99 1331 312
567 2 2 9 8 251 1128 132
568 2 2 9 8 212 306 211
569 2 2 9 8 660 907 588
570 2 2 9 8 1100 1136 262
571 2 2 9 8 675 1213 590
572 2 2 9 8 861 939 867
573 2 2 9 8 624 897 815
574 2 2 9 8 590 1184 570
575 2 2 9 8 282 1342 1081
576 2 2 9 8 921 1175 1070
577 2 2 9 8 592 861 616
578 2 2 9 8 588 907 531
579 2 2 9 8 826 827 782
580 2 2 9 8 580 1293 749
581 2 2 9 8 730 1229 1051
582 2 2 9 8 1038 1265 933
583 2 2 9 8 277 1298 173
584 2 2 9 8 828 831 829
585 2 2 9 8 847 849 848
586 2 2 9 8 781 782 779
587 2 2 9 8 181 900 257
588 2 2 9 8 949 1099 613
589 2 2 9 8 927 1167 365
590 2 2 9 8 491 845 519
591 2 2 9 8 327 349 339
592 2 2 9 8 1103 1206 296
593 2 2 9 8 498 1095 904
594 2 2 9 8 823 824 822
595 2 2 9 8 696 854 693
596 2 2 9 8 402 817 816
597 2 2 9 8 63 1181 62
598 2 2 9 8 519 837 543
599 2 2 9 8 70 722 69
600 2 2 9 8 288 882 788
601 2 2 9 8 505 530 504
602 2 2 9 8 67 1161 883
603 2 2 9 8 590 1213 852
604 2 2 9 8 674 675 590
605 2 2 9 8 747 789 615
606 2 2 9 8 878 1251 1081
607 2 2 9 8 533 919 535
608 2 2 9 8 558 1154 576
609 2 2 9 8 757 1100 94
610 2 2 9 8 494 504 493
611 2 2 9 8 890 1136 764
612 2 2 9 8 936 1041 364
613 2 2 9 8 858 1214 655
614 2 2 9 8 669 752 618
615 2 2 9 8 586 943 566
616 2 2 9 8 100 1331 99
617 2 2 9 8 509 568 507
618 2 2 9 8 803 887 804
619 2 2 9 8 33 952 32
620 2 2 9 8 1114 1220 868
621 2 2 9 8 852 1184 590
622 2 2 9 8 870 1247 621
623 2 2 9 8 795 1239 796
624 2 2 9 8 209 871 208
625 2 2 9 8 745 746 615
626 2 2 9 8 566 1336 586
627 2 2 9 8 341 1307 896
628 2 2 9 8 576 602 577
629 2 2 9 8 788 1181 63
630 2 2 9 8 203 715 202
631 2 2 9 8 693 855 690
632 2 2 9 8 204 283 203
633 2 2 9 8 885 1019 482
634 2 2 9 8 276 847 65
635 2 2 9 8 846 1121 928
636 2 2 9 8 560 800 521
637 2 2 9 8 724 748 348
638 2 2 9 8 715 1256 893
639 2 2 9 8 998 1351 610
640 2 2 9 8 373 388 372
641 2 2 9 8 207 794 273
642 2 2 9 8 351 352 350
643 2 2 9 8 118 253 117
644 2 2 9 8 535 919 661
645 2 2 9 8 381 384 383
646 2 2 9 8 940 1301 265
647 2 2 9 8 269 960 906
648 2 2 9 8 738 1347 787
649 2 2 9 8 206 1157 205
650 2 2 9 8 616 869 617
651 2 2 9 8 132 1128 405
652 2 2 9 8 783 1047 805
653 2 2 9 8 470 909 469
654 2 2 9 8 920 1004 179
655 2 2 9 8 156 1309 155
656 2 2 9 8 735 1230 1119
657 2 2 9 8 845 1207 951
658 2 2 9 8 475 885 482
659 2 2 9 8 1227 1261 816
660 2 2 9 8 428 606 594
661 2 2 9 8 978 1116 642
662 2 2 9 8 738 1167 927
663 2 2 9 8 211 838 210
664 2 2 9 8 274 999 975
665 2 2 9 8 208 871 794
666 2 2 9 8 344 1205 342
667 2 2 9 8 747 908 789
668 2 2 9 8 553 566 552
669 2 2 9 8 502 921 496
670 2 2 9 8 487 493 479
671 2 2 9 8 791 1044 793
672 2 2 9 8 1051 1229 842
673 2 2 9 8 803 1192 887
674 2 2 9 8 890 1228 262
675 2 2 9 8 249 1027 119
676 2 2 9 8 293 1295 154
677 2 2 9 8 1101 1206 1103
678 2 2 9 8 939 1076 1025
679 2 2 9 8 356 1350 358
680 2 2 9 8 1007 1079 730
681 2 2 9 8 65 847 64
682 2 2 9 8 957 1088 908
683 2 2 9 8 959 1272 681
684 2 2 9 8 579 955 495
685 2 2 9 8 972 1221 552
686 2 2 9 8 871 1279 726
687 2 2 9 8 911 912 829
688 2 2 9 8 601 862 861
689 2 2 9 8 1047 1145 826
690 2 2 9 8 688 881 686
691 2 2 9 8 1138 1249 1074
692 2 2 9 8 618 1034 516
693 2 2 9 8 1169 1170 1092
694 2 2 9 8 589 921 502
695 2 2 9 8 567 570 566
696 2 2 9 8 827 1101 917
697 2 2 9 8 102 1323 101
698 2 2 9 8 846 1200 306
699 2 2 9 8 278 870 819
700 2 2 9 8 718 921 589
701 2 2 9 8 207 273 206
702 2 2 9 8 976 1009 274
703 2 2 9 8 1122 1175 1135
704 2 2 9 8 290 988 987
705 2 2 9 8 794 1029 273
706 2 2 9 8 541 552 540
707 2 2 9 8 743 810 685
708 2 2 9 8 881 1284 743
709 2 2 9 8 714 1107 958
710 2 2 9 8 690 706 688
711 2 2 9 8 608 1175 1122
712 2 2 9 8 313 1255 1005
713 2 2 9 8 817 917 818
714 2 2 9 8 842 886 841
715 2 2 9 8 498 904 903
716 2 2 9 8 311 1138 1074
717 2 2 9 8 494 505 504
718 2 2 9 8 601 861 592
719 2 2 9 8 561 601 592
720 2 2 9 8 289 1279 209
721 2 2 9 8 558 1208 1154
722 2 2 9 8 398 742 393
723 2 2 9 8 1013 1284 881
724 2 2 9 8 658 713 668
725 2 2 9 8 704 813 702
726 2 2 9 8 1104 1349 622
727 2 2 9 8 897 1299 1011
728 2 2 9 8 913 914 830
729 2 2 9 8 912 915 913
730 2 2 9 8 728 1099 949
731 2 2 9 8 349 350 339
732 2 2 9 8 945 1281 1039
733 2 2 9 8 729 730 664
734 2 2 9 8 504 620 493
735 2 2 9 8 514 895 500
736 2 2 9 8 825 1049 823
737 2 2 9 8 976 1133 1009
738 2 2 9 8 275 993 992
739 2 2 9 8 854 855 693
740 2 2 9 8 519 845 837
741 2 2 9 8 349 924 918
742 2 2 9 8 674 828 675
743 2 2 9 8 685 843 683
744 2 2 9 8 1022 1212 796
745 2 2 9 8 1069 1185 719
746 2 2 9 8 722 1204 723
747 2 2 9 8 1032 1162 879
748 2 2 9 8 642 1116 699
749 2 2 9 8 938 1237 799
750 2 2 9 8 896 1173 341
751 2 2 9 8 706 881 688
752 2 2 9 8 271 1045 1044
753 2 2 9 8 879 1289 470
754 2 2 9 8 847 1320 849
755 2 2 9 8 558 576 571
756 2 2 9 8 686 743 685
757 2 2 9 8 680 1003 839
758 2 2 9 8 684 685 683
759 2 2 9 8 500 528 499
760 2 2 9 8 487 494 493
761 2 2 9 8 1131 1277 620
762 2 2 9 8 598 718 589
763 2 2 9 8 920 1245 1004
764 2 2 9 8 578 1271 985
765 2 2 9 8 797 1301 940
766 2 2 9 8 991 1063 587
767 2 2 9 8 549 658 657
768 2 2 9 8 680 839 711
769 2 2 9 8 482 490 489
770 2 2 9 8 500 895 528
771 2 2 9 8 370 821 352
772 2 2 9 8 181 257 180
773 2 2 9 8 510 1030 512
774 2 2 9 8 899 1290 396
775 2 2 9 8 68 819 67
776 2 2 9 8 124 259 123
777 2 2 9 8 800 1343 509
778 2 2 9 8 475 482 481
779 2 2 9 8 658 668 657
780 2 2 9 8 490 500 499
781 2 2 9 8 1198 1250 776
782 2 2 9 8 887 888 804
783 2 2 9 8 507 922 505
784 2 2 9 8 659 925 892
785 2 2 9 8 614 942 745
786 2 2 9 8 619 669 618
787 2 2 9 8 563 923 421
788 2 2 9 8 682 683 681
789 2 2 9 8 490 499 489
790 2 2 9 8 66 883 276
791 2 2 9 8 707 1234 1010
792 2 2 9 8 202 893 201
793 2 2 9 8 614 615 605
794 2 2 9 8 661 919 880
795 2 2 9 8 844 1292 415
796 2 2 9 8 531 907 522
797 2 2 9 8 93 262 92
798 2 2 9 8 597 659 588
799 2 2 9 8 713 727 668
800 2 2 9 8 448 902 446
801 2 2 9 8 617 679 654
802 2 2 9 8 663 664 603
803 2 2 9 8 1021 1127 923
804 2 2 9 8 245 1233 128
805 2 2 9 8 312 836 835
806 2 2 9 8 1119 1230 717
807 2 2 9 8 856 1302 677
808 2 2 9 8 621 1161 819
809 2 2 9 8 472 885 475
810 2 2 9 8 725 985 984
811 2 2 9 8 779 877 368
812 2 2 9 8 661 880 879
813 2 2 9 8 594 1270 429
814 2 2 9 8 504 1131 620
815 2 2 9 8 585 604 584
816 2 2 9 8 330 334 333
817 2 2 9 8 354 1211 369
818 2 2 9 8 649 955 579
819 2 2 9 8 811 1124 403
820 2 2 9 8 482 489 481
821 2 2 9 8 1139 1182 1131
822 2 2 9 8 896 1307 814
823 2 2 9 8 498 891 442
824 2 2 9 8 295 1228 890
825 2 2 9 8 302 952 33
826 2 2 9 8 401 1212 1022
827 2 2 9 8 1001 1225 751
828 2 2 9 8 659 797 660
829 2 2 9 8 522 554 514
830 2 2 9 8 658 807 713
831 2 2 9 8 481 926 483
832 2 2 9 8 493 873 479
833 2 2 9 8 72 284 71
834 2 2 9 8 618 1319 1034
835 2 2 9 8 705 938 799
836 2 2 9 8 843 1222 477
837 2 2 9 8 863 864 862
838 2 2 9 8 592 616 593
839 2 2 9 8 468 469 467
840 2 2 9 8 164 1260 163
841 2 2 9 8 505 922 530
842 2 2 9 8 737 1277 1131
843 2 2 9 8 522 907 554
844 2 2 9 8 421 923 419
845 2 2 9 8 201 893 285
846 2 2 9 8 461 565 456
847 2 2 9 8 678 925 597
848 2 2 9 8 598 719 718
849 2 2 9 8 466 467 465
850 2 2 9 8 118 316 253
851 2 2 9 8 543 558 556
852 2 2 9 8 877 917 817
853 2 2 9 8 612 709 563
854 2 2 9 8 254 1347 373
855 2 2 9 8 444 498 442
856 2 2 9 8 659 892 797
857 2 2 9 8 1187 1343 801
858 2 2 9 8 1101 1103 1102
859 2 2 9 8 624 1299 897
860 2 2 9 8 545 588 531
861 2 2 9 8 566 943 552
862 2 2 9 8 489 1065 926
863 2 2 9 8 669 944 752
864 2 2 9 8 1169 1339 780
865 2 2 9 8 796 929 333
866 2 2 9 8 782 917 877
867 2 2 9 8 469 909 472
868 2 2 9 8 582 618 516
869 2 2 9 8 880 1273 1020
870 2 2 9 8 71 876 70
871 2 2 9 8 895 1276 866
872 2 2 9 8 731 1214 1161
873 2 2 9 8 553 567 566
874 2 2 9 8 705 799 704
875 2 2 9 8 703 704 702
876 2 2 9 8 287 1155 981
877 2 2 9 8 858 1320 1214
878 2 2 9 8 501 514 500
879 2 2 9 8 797 940 798
880 2 2 9 8 885 1020 1019
881 2 2 9 8 305 842 841
882 2 2 9 8 867 869 616
883 2 2 9 8 809 813 704
884 2 2 9 8 943 1250 1198
885 2 2 9 8 303 1012 968
886 2 2 9 8 709 1021 923
887 2 2 9 8 406 1110 407
888 2 2 9 8 66 276 65
889 2 2 9 8 999 1242 981
890 2 2 9 8 567 590 570
891 2 2 9 8 867 945 869
892 2 2 9 8 456 902 448
893 2 2 9 8 162 784 161
894 2 2 9 8 944 1326 1307
895 2 2 9 8 1090 1145 246
896 2 2 9 8 67 883 66
897 2 2 9 8 810 843 685
898 2 2 9 8 1194 1253 894
899 2 2 9 8 299 900 182
900 2 2 9 8 528 1036 561
901 2 2 9 8 708 1234 707
902 2 2 9 8 597 925 659
903 2 2 9 8 862 939 861
904 2 2 9 8 694 696 693
905 2 2 9 8 541 553 552
906 2 2 9 8 900 901 257
907 2 2 9 8 1172 1280 777
908 2 2 9 8 276 1320 847
909 2 2 9 8 717 1324 709
910 2 2 9 8 914 1213 830
911 2 2 9 8 208 794 207
912 2 2 9 8 561 592 562
913 2 2 9 8 796 1239 1022
914 2 2 9 8 612 717 709
915 2 2 9 8 659 660 588
916 2 2 9 8 781 1047 826
917 2 2 9 8 519 543 542
918 2 2 9 8 1150 1193 1149
919 2 2 9 8 993 1280 1172
920 2 2 9 8 1128 1203 405
921 2 2 9 8 393 742 391
922 2 2 9 8 515 522 514
923 2 2 9 8 545 597 588
924 2 2 9 8 408 1005 1000
925 2 2 9 8 797 798 660
926 2 2 9 8 678 1302 888
927 2 2 9 8 602 603 577
928 2 2 9 8 681 955 649
929 2 2 9 8 701 702 670
930 2 2 9 8 1049 1258 294
931 2 2 9 8 528 561 529
932 2 2 9 8 801 1343 800
933 2 2 9 8 1072 1120 283
934 2 2 9 8 281 1126 908
935 2 2 9 8 296 1259 1103
936 2 2 9 8 684 686 685
937 2 2 9 8 839 840 711
938 2 2 9 8 886 1286 1151
939 2 2 9 8 673 681 649
940 2 2 9 8 988 1143 990
941 2 2 9 8 266 1304 889
942 2 2 9 8 867 1281 945
943 2 2 9 8 729 1007 730
944 2 2 9 8 438 1163 434
945 2 2 9 8 442 891 440
946 2 2 9 8 453 898 451
947 2 2 9 8 836 1294 835
948 2 2 9 8 405 1124 245
949 2 2 9 8 441 442 440
950 2 2 9 8 257 920 180
951 2 2 9 8 182 900 181
952 2 2 9 8 1009 1133 298
953 2 2 9 8 468 470 469
954 2 2 9 8 530 1139 1131
955 2 2 9 8 882 1275 788
956 2 2 9 8 398 1094 742
957 2 2 9 8 525 540 521
958 2 2 9 8 464 465 463
959 2 2 9 8 940 952 941
960 2 2 9 8 796 1212 929
961 2 2 9 8 691 693 690
962 2 2 9 8 601 863 862
963 2 2 9 8 394 1152 899
964 2 2 9 8 887 1080 266
965 2 2 9 8 826 1090 827
966 2 2 9 8 814 1326 702
967 2 2 9 8 366 367 365
968 2 2 9 8 999 1340 1242
969 2 2 9 8 459 935 455
970 2 2 9 8 523 531 522
971 2 2 9 8 604 1327 790
972 2 2 9 8 304 1062 892
973 2 2 9 8 679 680 654
974 2 2 9 8 441 443 442
975 2 2 9 8 472 909 885
976 2 2 9 8 365 1167 346
977 2 2 9 8 490 501 500
978 2 2 9 8 940 941 798
979 2 2 9 8 150 1259 296
980 2 2 9 8 462 463 459
981 2 2 9 8 549 657 572
982 2 2 9 8 882 1349 1104
983 2 2 9 8 850 1033 848
984 2 2 9 8 890 1322 295
985 2 2 9 8 682 684 683
986 2 2 9 8 458 459 455
987 2 2 9 8 1214 1320 276
988 2 2 9 8 295 1322 950
989 2 2 9 8 1066 1268 361
990 2 2 9 8 362 365 346
991 2 2 9 8 1101 1102 818
992 2 2 9 8 843 959 683
993 2 2 9 8 946 948 299
994 2 2 9 8 466 468 467
995 2 2 9 8 984 1225 1001
996 2 2 9 8 706 1013 881
997 2 2 9 8 454 455 453
998 2 2 9 8 443 445 444
999 2 2 9 8 906 1037 269
1000 2 2 9 8 573 1119 728
1001 2 2 9 8 403 1203 825
1002 2 2 9 8 1007 1083 280
1003 2 2 9 8 443 444 442
1004 2 2 9 8 865 933 864
1005 2 2 9 8 893 1117 285
1006 2 2 9 8 606 607 594
1007 2 2 9 8 860 1344 696
1008 2 2 9 8 709 1333 1021
1009 2 2 9 8 439 441 440
1010 2 2 9 8 966 971 970
1011 2 2 9 8 517 521 509
1012 2 2 9 8 894 1253 559
1013 2 2 9 8 375 402 367
1014 2 2 9 8 1190 1210 740
1015 2 2 9 8 257 1107 920
1016 2 2 9 8 727 1018 1017
1017 2 2 9 8 988 989 987
1018 2 2 9 8 501 515 514
1019 2 2 9 8 696 1059 860
1020 2 2 9 8 667 948 626
1021 2 2 9 8 626 948 857
1022 2 2 9 8 736 1296 947
1023 2 2 9 8 1017 1263 1016
1024 2 2 9 8 576 577 571
1025 2 2 9 8 831 1035 911
1026 2 2 9 8 915 916 913
1027 2 2 9 8 714 958 418
1028 2 2 9 8 439 440 438
1029 2 2 9 8 205 1157 820
1030 2 2 9 8 506 507 505
1031 2 2 9 8 948 1053 299
1032 2 2 9 8 1153 1264 485
1033 2 2 9 8 508 509 507
1034 2 2 9 8 549 910 658
1035 2 2 9 8 616 617 593
1036 2 2 9 8 1000 1005 954
1037 2 2 9 8 689 690 688
1038 2 2 9 8 911 1035 291
1039 2 2 9 8 351 918 374
1040 2 2 9 8 912 954 915
1041 2 2 9 8 981 1242 287
1042 2 2 9 8 557 1177 1033
1043 2 2 9 8 337 724 343
1044 2 2 9 8 823 1148 824
1045 2 2 9 8 292 1285 167
1046 2 2 9 8 119 1027 316
1047 2 2 9 8 1049 1128 251
1048 2 2 9 8 565 902 456
1049 2 2 9 8 883 1214 276
1050 2 2 9 8 72 1188 284
1051 2 2 9 8 408 1058 1005
1052 2 2 9 8 599 1067 951
1053 2 2 9 8 296 1300 149
1054 2 2 9 8 491 519 518
1055 2 2 9 8 959 1015 524
1056 2 2 9 8 888 1147 678
1057 2 2 9 8 332 1210 1190
1058 2 2 9 8 389 1261 1227
1059 2 2 9 8 386 1066 1041
1060 2 2 9 8 465 932 463
1061 2 2 9 8 183 299 182
1062 2 2 9 8 677 678 597
1063 2 2 9 8 582 619 618
1064 2 2 9 8 252 1259 151
1065 2 2 9 8 418 958 420
1066 2 2 9 8 111 1130 250
1067 2 2 9 8 653 1194 894
1068 2 2 9 8 747 957 908
1069 2 2 9 8 619 670 669
1070 2 2 9 8 515 523 522
1071 2 2 9 8 201 285 200
1072 2 2 9 8 450 456 448
1073 2 2 9 8 509 1343 568
1074 2 2 9 8 475 481 476
1075 2 2 9 8 91 295 90
1076 2 2 9 8 863 865 864
1077 2 2 9 8 761 937 763
1078 2 2 9 8 601 1036 863
1079 2 2 9 8 488 623 497
1080 2 2 9 8 490 1019 501
1081 2 2 9 8 172 872 256
1082 2 2 9 8 528 529 499
1083 2 2 9 8 472 475 473
1084 2 2 9 8 920 1107 714
1085 2 2 9 8 469 472 471
1086 2 2 9 8 923 1127 419
1087 2 2 9 8 455 544 453
1088 2 2 9 8 464 466 465
1089 2 2 9 8 1313 1314 107
1090 2 2 9 8 460 461 456
1091 2 2 9 8 501 1019 581
1092 2 2 9 8 667 1053 948
1093 2 2 9 8 694 697 696
1094 2 2 9 8 428 1026 606
1095 2 2 9 8 898 982 451
1096 2 2 9 8 884 1141 272
1097 2 2 9 8 939 1281 867
1098 2 2 9 8 702 1326 670
1099 2 2 9 8 783 805 144
1100 2 2 9 8 1219 1240 904
1101 2 2 9 8 804 856 611
1102 2 2 9 8 525 541 540
1103 2 2 9 8 455 935 544
1104 2 2 9 8 213 846 212
1105 2 2 9 8 606 626 607
1106 2 2 9 8 837 951 894
1107 2 2 9 8 988 990 989
1108 2 2 9 8 768 956 771
1109 2 2 9 8 136 1258 135
1110 2 2 9 8 111 250 110
1111 2 2 9 8 918 1110 374
1112 2 2 9 8 451 982 450
1113 2 2 9 8 673 682 681
1114 2 2 9 8 827 1206 1101
1115 2 2 9 8 551 584 550
1116 2 2 9 8 953 956 765
1117 2 2 9 8 415 1108 844
1118 2 2 9 8 765 956 768
1119 2 2 9 8 697 1060 1059
1120 2 2 9 8 956 996 995
1121 2 2 9 8 953 997 996
1122 2 2 9 8 267 381 380
1123 2 2 9 8 762 953 765
1124 2 2 9 8 463 474 459
1125 2 2 9 8 183 946 299
1126 2 2 9 8 258 806 378
1127 2 2 9 8 758 1100 757
1128 2 2 9 8 486 487 479
1129 2 2 9 8 642 699 695
1130 2 2 9 8 478 479 461
1131 2 2 9 8 1113 1226 871
1132 2 2 9 8 679 1003 680
1133 2 2 9 8 687 688 686
1134 2 2 9 8 606 667 626
1135 2 2 9 8 626 627 607
1136 2 2 9 8 990 991 989
1137 2 2 9 8 328 1166 323
1138 2 2 9 8 956 995 771
1139 2 2 9 8 953 996 956
1140 2 2 9 8 863 1036 866
1141 2 2 9 8 568 1343 1187
1142 2 2 9 8 719 1195 1069
1143 2 2 9 8 532 545 531
1144 2 2 9 8 627 628 607
1145 2 2 9 8 626 857 627
1146 2 2 9 8 990 992 991
1147 2 2 9 8 991 994 989
1148 2 2 9 8 424 958 652
1149 2 2 9 8 666 1196 360
1150 2 2 9 8 639 961 643
1151 2 2 9 8 324 1112 327
1152 2 2 9 8 592 593 562
1153 2 2 9 8 627 629 628
1154 2 2 9 8 503 549 548
1155 2 2 9 8 607 1006 594
1156 2 2 9 8 629 630 628
1157 2 2 9 8 629 631 630
1158 2 2 9 8 629 736 631
1159 2 2 9 8 631 632 630
1160 2 2 9 8 906 960 773
1161 2 2 9 8 773 960 770
1162 2 2 9 8 631 633 632
1163 2 2 9 8 961 962 643
1164 2 2 9 8 633 634 632
1165 2 2 9 8 772 972 774
1166 2 2 9 8 961 963 962
1167 2 2 9 8 633 635 634
1168 2 2 9 8 963 964 962
1169 2 2 9 8 635 636 634
1170 2 2 9 8 633 671 635
1171 2 2 9 8 963 967 964
1172 2 2 9 8 964 965 962
1173 2 2 9 8 635 637 636
1174 2 2 9 8 964 966 965
1175 2 2 9 8 637 638 636
1176 2 2 9 8 966 968 965
1177 2 2 9 8 637 639 638
1178 2 2 9 8 968 969 965
1179 2 2 9 8 637 645 639
1180 2 2 9 8 645 961 639
1181 2 2 9 8 776 777 775
1182 2 2 9 8 774 776 775
1183 2 2 9 8 775 906 773
1184 2 2 9 8 962 977 643
1185 2 2 9 8 774 775 773
1186 2 2 9 8 671 973 635
1187 2 2 9 8 635 973 637
1188 2 2 9 8 973 974 645
1189 2 2 9 8 859 972 772
1190 2 2 9 8 772 774 773
1191 2 2 9 8 637 973 645
1192 2 2 9 8 671 976 975
1193 2 2 9 8 965 977 962
1194 2 2 9 8 973 975 974
1195 2 2 9 8 772 773 770
1196 2 2 9 8 771 859 772
1197 2 2 9 8 671 975 973
1198 2 2 9 8 969 977 965
1199 2 2 9 8 771 772 770
1200 2 2 9 8 770 960 769
1201 2 2 9 8 768 771 770
1202 2 2 9 8 736 979 631
1203 2 2 9 8 671 979 976
1204 2 2 9 8 631 979 633
1205 2 2 9 8 768 770 769
1206 2 2 9 8 633 979 671
1207 2 2 9 8 426 428 427
1208 2 2 9 8 768 769 767
1209 2 2 9 8 630 1002 628
1210 2 2 9 8 424 652 426
1211 2 2 9 8 426 427 425
1212 2 2 9 8 767 890 764
1213 2 2 9 8 765 768 767
1214 2 2 9 8 424 426 425
1215 2 2 9 8 765 767 764
1216 2 2 9 8 763 997 953
1217 2 2 9 8 961 980 963
1218 2 2 9 8 645 980 961
1219 2 2 9 8 639 643 640
1220 2 2 9 8 974 981 980
1221 2 2 9 8 1003 1348 839
1222 2 2 9 8 420 958 424
1223 2 2 9 8 424 425 422
1224 2 2 9 8 974 980 645
1225 2 2 9 8 449 451 450
1226 2 2 9 8 763 953 762
1227 2 2 9 8 762 765 764
1228 2 2 9 8 766 938 937
1229 2 2 9 8 639 640 638
1230 2 2 9 8 975 999 974
1231 2 2 9 8 420 424 422
1232 2 2 9 8 771 995 859
1233 2 2 9 8 445 447 446
1234 2 2 9 8 469 471 467
1235 2 2 9 8 80 313 79
1236 2 2 9 8 766 937 761
1237 2 2 9 8 761 763 762
1238 2 2 9 8 762 764 760
1239 2 2 9 8 974 999 981
1240 2 2 9 8 447 449 448
1241 2 2 9 8 914 1337 1213
1242 2 2 9 8 701 1082 703
1243 2 2 9 8 1324 1333 709
1244 2 2 9 8 561 562 529
1245 2 2 9 8 404 822 821
1246 2 2 9 8 755 1240 1219
1247 2 2 9 8 941 1220 798
1248 2 2 9 8 369 1350 356
1249 2 2 9 8 994 1184 852
1250 2 2 9 8 268 1031 947
1251 2 2 9 8 194 314 193
1252 2 2 9 8 610 1154 998
1253 2 2 9 8 628 1006 607
1254 2 2 9 8 77 408 76
1255 2 2 9 8 954 1005 915
1256 2 2 9 8 420 422 421
1257 2 2 9 8 677 1302 678
1258 2 2 9 8 660 1114 907
1259 2 2 9 8 197 409 196
1260 2 2 9 8 864 1076 862
1261 2 2 9 8 614 745 615
1262 2 2 9 8 657 1010 572
1263 2 2 9 8 280 1079 1007
1264 2 2 9 8 401 1109 931
1265 2 2 9 8 988 1315 1143
1266 2 2 9 8 766 1237 938
1267 2 2 9 8 921 1070 496
1268 2 2 9 8 520 569 492
1269 2 2 9 8 345 1042 347
1270 2 2 9 8 723 870 278
1271 2 2 9 8 423 563 421
1272 2 2 9 8 180 920 179
1273 2 2 9 8 632 751 630
1274 2 2 9 8 751 1002 630
1275 2 2 9 8 273 1029 1028
1276 2 2 9 8 849 1073 850
1277 2 2 9 8 886 1151 841
1278 2 2 9 8 569 1017 1016
1279 2 2 9 8 378 1183 377
1280 2 2 9 8 452 453 451
1281 2 2 9 8 1002 1006 628
1282 2 2 9 8 701 703 702
1283 2 2 9 8 606 1026 667
1284 2 2 9 8 1079 1229 730
1285 2 2 9 8 1232 1298 277
1286 2 2 9 8 759 766 761
1287 2 2 9 8 761 762 760
1288 2 2 9 8 703 705 704
1289 2 2 9 8 262 1228 92
1290 2 2 9 8 569 1016 492
1291 2 2 9 8 76 1000 75
1292 2 2 9 8 445 446 444
1293 2 2 9 8 585 605 604
1294 2 2 9 8 554 1276 895
1295 2 2 9 8 447 1014 449
1296 2 2 9 8 776 1008 777
1297 2 2 9 8 658 910 807
1298 2 2 9 8 807 1178 713
1299 2 2 9 8 746 928 878
1300 2 2 9 8 295 950 90
1301 2 2 9 8 192 287 191
1302 2 2 9 8 875 1197 949
1303 2 2 9 8 669 1326 944
1304 2 2 9 8 184 946 183
1305 2 2 9 8 539 550 538
1306 2 2 9 8 652 1026 426
1307 2 2 9 8 620 873 493
1308 2 2 9 8 917 1101 818
1309 2 2 9 8 830 1329 829
1310 2 2 9 8 533 1057 919
1311 2 2 9 8 482 1019 490
1312 2 2 9 8 719 1135 718
1313 2 2 9 8 488 1129 623
1314 2 2 9 8 902 1095 446
1315 2 2 9 8 408 1000 76
1316 2 2 9 8 661 879 662
1317 2 2 9 8 875 949 625
1318 2 2 9 8 335 930 319
1319 2 2 9 8 812 1082 922
1320 2 2 9 8 87 300 86
1321 2 2 9 8 189 274 188
1322 2 2 9 8 89 269 88
1323 2 2 9 8 85 275 84
1324 2 2 9 8 82 290 81
1325 2 2 9 8 185 268 184
1326 2 2 9 8 187 298 186
1327 2 2 9 8 81 986 80
1328 2 2 9 8 75 291 74
1329 2 2 9 8 558 571 556
1330 2 2 9 8 811 1110 853
1331 2 2 9 8 605 1327 604
1332 2 2 9 8 188 1009 187
1333 2 2 9 8 467 1056 465
1334 2 2 9 8 420 421 419
1335 2 2 9 8 283 1120 715
1336 2 2 9 8 1029 1043 1028
1337 2 2 9 8 561 1036 601
1338 2 2 9 8 538 1050 534
1339 2 2 9 8 90 950 89
1340 2 2 9 8 752 1319 618
1341 2 2 9 8 492 1016 484
1342 2 2 9 8 922 1082 530
1343 2 2 9 8 737 1075 583
1344 2 2 9 8 284 1024 876
1345 2 2 9 8 523 532 531
1346 2 2 9 8 874 875 625
1347 2 2 9 8 347 1042 734
1348 2 2 9 8 299 1053 900
1349 2 2 9 8 1248 1284 1071
1350 2 2 9 8 755 1241 754
1351 2 2 9 8 933 1265 864
1352 2 2 9 8 787 1167 738
1353 2 2 9 8 80 986 313
1354 2 2 9 8 335 931 930
1355 2 2 9 8 254 373 371
1356 2 2 9 8 586 1336 587
1357 2 2 9 8 947 1223 736
1358 2 2 9 8 457 666 360
1359 2 2 9 8 462 464 463
1360 2 2 9 8 458 462 459
1361 2 2 9 8 742 1094 1093
1362 2 2 9 8 647 1318 1072
1363 2 2 9 8 445 1023 447
1364 2 2 9 8 450 460 456
1365 2 2 9 8 454 458 455
1366 2 2 9 8 352 354 353
1367 2 2 9 8 691 694 693
1368 2 2 9 8 668 1238 657
1369 2 2 9 8 1089 1192 884
1370 2 2 9 8 94 1100 93
1371 2 2 9 8 465 1056 932
1372 2 2 9 8 501 581 515
1373 2 2 9 8 79 1058 78
1374 2 2 9 8 872 1298 905
1375 2 2 9 8 933 1220 941
1376 2 2 9 8 1107 1305 958
1377 2 2 9 8 195 1061 194
1378 2 2 9 8 591 674 590
1379 2 2 9 8 677 1217 856
1380 2 2 9 8 251 1258 1049
1381 2 2 9 8 866 868 865
1382 2 2 9 8 75 1000 291
1383 2 2 9 8 199 303 198
1384 2 2 9 8 426 1026 428
1385 2 2 9 8 535 661 537
1386 2 2 9 8 1019 1020 581
1387 2 2 9 8 327 339 338
1388 2 2 9 8 878 1342 747
1389 2 2 9 8 291 1000 954
1390 2 2 9 8 1016 1096 484
1391 2 2 9 8 545 677 597
1392 2 2 9 8 200 1012 199
1393 2 2 9 8 348 1042 345
1394 2 2 9 8 692 1218 1029
1395 2 2 9 8 89 950 269
1396 2 2 9 8 536 538 534
1397 2 2 9 8 283 1330 1072
1398 2 2 9 8 463 932 474
1399 2 2 9 8 549 572 548
1400 2 2 9 8 468 1032 470
1401 2 2 9 8 543 556 542
1402 2 2 9 8 494 506 505
1403 2 2 9 8 928 1251 878
1404 2 2 9 8 519 542 518
1405 2 2 9 8 432 897 430
1406 2 2 9 8 447 448 446
1407 2 2 9 8 452 454 453
1408 2 2 9 8 680 711 710
1409 2 2 9 8 1140 1279 289
1410 2 2 9 8 431 435 433
1411 2 2 9 8 617 654 653
1412 2 2 9 8 428 594 429
1413 2 2 9 8 734 1127 1021
1414 2 2 9 8 422 423 421
1415 2 2 9 8 449 450 448
1416 2 2 9 8 450 982 460
1417 2 2 9 8 268 946 184
1418 2 2 9 8 290 986 81
1419 2 2 9 8 520 707 569
1420 2 2 9 8 512 573 546
1421 2 2 9 8 388 389 372
1422 2 2 9 8 572 1010 656
1423 2 2 9 8 745 1200 746
1424 2 2 9 8 613 1099 612
1425 2 2 9 8 689 691 690
1426 2 2 9 8 358 364 359
1427 2 2 9 8 274 1009 188
1428 2 2 9 8 187 1009 298
1429 2 2 9 8 343 348 345
1430 2 2 9 8 314 1040 193
1431 2 2 9 8 544 898 453
1432 2 2 9 8 647 1072 648
1433 2 2 9 8 297 1130 114
1434 2 2 9 8 186 1031 185
1435 2 2 9 8 449 452 451
1436 2 2 9 8 759 761 760
1437 2 2 9 8 93 1100 262
1438 2 2 9 8 443 477 445
1439 2 2 9 8 703 1082 812
1440 2 2 9 8 750 942 614
1441 2 2 9 8 529 1065 499
1442 2 2 9 8 324 327 326
1443 2 2 9 8 452 595 454
1444 2 2 9 8 446 1095 444
1445 2 2 9 8 248 1260 164
1446 2 2 9 8 578 647 579
1447 2 2 9 8 273 1028 934
1448 2 2 9 8 129 245 128
1449 2 2 9 8 147 246 146
1450 2 2 9 8 267 380 105
1451 2 2 9 8 648 1072 820
1452 2 2 9 8 474 935 459
1453 2 2 9 8 835 1294 1093
1454 2 2 9 8 942 1341 745
1455 2 2 9 8 165 248 164
1456 2 2 9 8 88 1037 87
1457 2 2 9 8 36 263 35
1458 2 2 9 8 437 439 438
1459 2 2 9 8 1161 1214 883
1460 2 2 9 8 1168 1169 1092
1461 2 2 9 8 97 312 96
1462 2 2 9 8 154 1295 153
1463 2 2 9 8 596 598 589
1464 2 2 9 8 285 1012 200
1465 2 2 9 8 573 728 574
1466 2 2 9 8 185 1031 268
1467 2 2 9 8 298 1031 186
1468 2 2 9 8 573 1288 1119
1469 2 2 9 8 192 1040 287
1470 2 2 9 8 74 1035 73
1471 2 2 9 8 472 473 471
1472 2 2 9 8 354 356 355
1473 2 2 9 8 829 1329 828
1474 2 2 9 8 457 1034 666
1475 2 2 9 8 389 1310 1156
1476 2 2 9 8 193 1040 192
1477 2 2 9 8 103 261 102
1478 2 2 9 8 687 689 688
1479 2 2 9 8 121 249 120
1480 2 2 9 8 269 1037 88
1481 2 2 9 8 87 1037 300
1482 2 2 9 8 888 1302 804
1483 2 2 9 8 551 585 584
1484 2 2 9 8 547 589 502
1485 2 2 9 8 475 476 473
1486 2 2 9 8 117 253 116
1487 2 2 9 8 732 737 583
1488 2 2 9 8 139 244 138
1489 2 2 9 8 356 358 357
1490 2 2 9 8 157 247 156
1491 2 2 9 8 778 1170 780
1492 2 2 9 8 684 687 686
1493 2 2 9 8 1069 1293 580
1494 2 2 9 8 1092 1170 369
1495 2 2 9 8 863 866 865
1496 2 2 9 8 947 1296 857
1497 2 2 9 8 437 438 434
1498 2 2 9 8 481 483 476
1499 2 2 9 8 828 1329 675
1500 2 2 9 8 527 582 516
1501 2 2 9 8 926 1207 845
1502 2 2 9 8 471 1056 467
1503 2 2 9 8 497 503 502
1504 2 2 9 8 648 820 672
1505 2 2 9 8 862 1076 939
1506 2 2 9 8 513 516 511
1507 2 2 9 8 429 1270 431
1508 2 2 9 8 517 525 521
1509 2 2 9 8 696 1344 854
1510 2 2 9 8 213 1246 846
1511 2 2 9 8 697 1059 696
1512 2 2 9 8 35 1038 34
1513 2 2 9 8 441 1015 443
1514 2 2 9 8 37 1025 36
1515 2 2 9 8 871 1226 794
1516 2 2 9 8 384 385 383
1517 2 2 9 8 998 1154 712
1518 2 2 9 8 979 1133 976
1519 2 2 9 8 899 1297 331
1520 2 2 9 8 488 497 496
1521 2 2 9 8 439 524 441
1522 2 2 9 8 499 1065 489
1523 2 2 9 8 508 517 509
1524 2 2 9 8 777 1137 775
1525 2 2 9 8 673 1028 682
1526 2 2 9 8 169 1311 336
1527 2 2 9 8 1123 1238 668
1528 2 2 9 8 447 1023 1014
1529 2 2 9 8 387 735 733
1530 2 2 9 8 395 398 393
1531 2 2 9 8 900 1053 901
1532 2 2 9 8 880 1289 879
1533 2 2 9 8 625 949 613
1534 2 2 9 8 842 1052 1051
1535 2 2 9 8 506 508 507
1536 2 2 9 8 402 936 817
1537 2 2 9 8 297 1105 930
1538 2 2 9 8 175 277 174
1539 2 2 9 8 436 578 495
1540 2 2 9 8 152 252 151
1541 2 2 9 8 134 251 133
1542 2 2 9 8 700 701 670
1543 2 2 9 8 530 1131 504
1544 2 2 9 8 735 1030 733
1545 2 2 9 8 724 1055 905
1546 2 2 9 8 199 1012 303
1547 2 2 9 8 987 1335 916
1548 2 2 9 8 320 332 322
1549 2 2 9 8 963 1155 967
1550 2 2 9 8 981 1155 980
1551 2 2 9 8 1048 1186 385
1552 2 2 9 8 34 302 33
1553 2 2 9 8 452 1014 595
1554 2 2 9 8 38 301 37
1555 2 2 9 8 897 1163 815
1556 2 2 9 8 325 328 323
1557 2 2 9 8 1149 1183 1168
1558 2 2 9 8 955 1134 495
1559 2 2 9 8 532 1050 545
1560 2 2 9 8 436 1271 578
1561 2 2 9 8 460 478 461
1562 2 2 9 8 824 1092 822
1563 2 2 9 8 278 819 68
1564 2 2 9 8 362 366 365
1565 2 2 9 8 321 335 319
1566 2 2 9 8 313 1058 79
1567 2 2 9 8 265 1158 940
1568 2 2 9 8 39 1039 38
1569 2 2 9 8 404 821 370
1570 2 2 9 8 992 1063 991
1571 2 2 9 8 1295 1310 1243
1572 2 2 9 8 497 502 496
1573 2 2 9 8 416 714 418
1574 2 2 9 8 194 1061 314
1575 2 2 9 8 707 1123 569
1576 2 2 9 8 486 1070 487
1577 2 2 9 8 291 1035 74
1578 2 2 9 8 478 486 479
1579 2 2 9 8 572 656 655
1580 2 2 9 8 1070 1115 487
1581 2 2 9 8 523 533 532
1582 2 2 9 8 449 1014 452
1583 2 2 9 8 135 1258 251
1584 2 2 9 8 254 371 159
1585 2 2 9 8 520 708 707
1586 2 2 9 8 809 1290 899
1587 2 2 9 8 50 1252 1045
1588 2 2 9 8 336 337 292
1589 2 2 9 8 889 1147 888
1590 2 2 9 8 91 1228 295
1591 2 2 9 8 1044 1191 271
1592 2 2 9 8 879 1162 662
1593 2 2 9 8 971 1316 314
1594 2 2 9 8 764 1136 760
1595 2 2 9 8 1037 1137 300
1596 2 2 9 8 872 905 256
1597 2 2 9 8 680 710 654
1598 2 2 9 8 1148 1149 824
1599 2 2 9 8 983 984 646
1600 2 2 9 8 679 1046 1003
1601 2 2 9 8 1018 1278 1263
1602 2 2 9 8 559 1208 558
1603 2 2 9 8 595 1071 454
1604 2 2 9 8 840 998 711
1605 2 2 9 8 409 1328 970
1606 2 2 9 8 713 1160 727
1607 2 2 9 8 320 1210 332
1608 2 2 9 8 415 1292 413
1609 2 2 9 8 488 496 486
1610 2 2 9 8 774 1198 776
1611 2 2 9 8 458 480 462
1612 2 2 9 8 1148 1150 1149
1613 2 2 9 8 723 1195 870
1614 2 2 9 8 753 755 754
1615 2 2 9 8 124 741 259
1616 2 2 9 8 315 784 162
1617 2 2 9 8 42 1106 41
1618 2 2 9 8 617 653 593
1619 2 2 9 8 533 534 532
1620 2 2 9 8 573 574 546
1621 2 2 9 8 865 1220 933
1622 2 2 9 8 945 1283 264
1623 2 2 9 8 518 520 492
1624 2 2 9 8 319 930 317
1625 2 2 9 8 672 673 649
1626 2 2 9 8 466 485 468
1627 2 2 9 8 473 600 471
1628 2 2 9 8 418 420 419
1629 2 2 9 8 599 1065 529
1630 2 2 9 8 581 1057 515
1631 2 2 9 8 478 488 486
1632 2 2 9 8 824 1168 1092
1633 2 2 9 8 515 1057 523
1634 2 2 9 8 361 510 457
1635 2 2 9 8 1059 1060 555
1636 2 2 9 8 875 1282 1197
1637 2 2 9 8 1337 1346 994
1638 2 2 9 8 545 1050 677
1639 2 2 9 8 1104 1275 882
1640 2 2 9 8 562 599 529
1641 2 2 9 8 477 1023 445
1642 2 2 9 8 619 700 670
1643 2 2 9 8 552 1221 540
1644 2 2 9 8 300 1280 1201
1645 2 2 9 8 600 1056 471
1646 2 2 9 8 790 1216 1141
1647 2 2 9 8 919 1273 880
1648 2 2 9 8 674 1024 828
1649 2 2 9 8 851 1312 1022
1650 2 2 9 8 906 1137 1037
1651 2 2 9 8 853 1110 406
1652 2 2 9 8 1042 1108 734
1653 2 2 9 8 782 877 779
1654 2 2 9 8 516 1034 511
1655 2 2 9 8 366 375 367
1656 2 2 9 8 1022 1312 400
1657 2 2 9 8 275 1201 993
1658 2 2 9 8 483 491 484
1659 2 2 9 8 854 1264 855
1660 2 2 9 8 275 1143 84
1661 2 2 9 8 381 1146 384
1662 2 2 9 8 629 1296 736
1663 2 2 9 8 767 1322 890
1664 2 2 9 8 503 548 547
1665 2 2 9 8 352 353 350
1666 2 2 9 8 31 265 30
1667 2 2 9 8 1007 1084 1083
1668 2 2 9 8 399 759 758
1669 2 2 9 8 259 397 379
1670 2 2 9 8 857 1296 627
1671 2 2 9 8 41 264 40
1672 2 2 9 8 716 753 732
1673 2 2 9 8 661 662 537
1674 2 2 9 8 399 758 757
1675 2 2 9 8 329 330 328
1676 2 2 9 8 513 527 516
1677 2 2 9 8 747 1342 957
1678 2 2 9 8 483 484 476
1679 2 2 9 8 286 1331 100
1680 2 2 9 8 567 591 590
1681 2 2 9 8 884 1192 803
1682 2 2 9 8 78 1266 4
1683 2 2 9 8 1 1267 195
1684 2 2 9 8 155 1309 293
1685 2 2 9 8 527 583 582
1686 2 2 9 8 650 903 651
1687 2 2 9 8 576 1154 610
1688 2 2 9 8 454 1071 458
1689 2 2 9 8 4 1266 77
1690 2 2 9 8 196 1267 1
1691 2 2 9 8 753 754 732
1692 2 2 9 8 376 832 387
1693 2 2 9 8 533 535 534
1694 2 2 9 8 527 716 583
1695 2 2 9 8 982 1129 460
1696 2 2 9 8 711 712 710
1697 2 2 9 8 994 1346 989
1698 2 2 9 8 520 1097 708
1699 2 2 9 8 464 1054 466
1700 2 2 9 8 30 1062 29
1701 2 2 9 8 263 1038 35
1702 2 2 9 8 36 1025 263
1703 2 2 9 8 397 740 379
1704 2 2 9 8 107 1314 106
1705 2 2 9 8 916 1255 986
1706 2 2 9 8 587 1336 1184
1707 2 2 9 8 1184 1336 570
1708 2 2 9 8 334 1176 795
1709 2 2 9 8 970 1328 303
1710 2 2 9 8 1048 1332 1186
1711 2 2 9 8 650 651 575
1712 2 2 9 8 386 1041 375
1713 2 2 9 8 574 650 575
1714 2 2 9 8 536 539 538
1715 2 2 9 8 399 757 398
1716 2 2 9 8 718 1175 921
1717 2 2 9 8 392 1176 1152
1718 2 2 9 8 806 833 378
1719 2 2 9 8 524 1015 441
1720 2 2 9 8 293 1310 1295
1721 2 2 9 8 512 546 513
1722 2 2 9 8 574 575 546
1723 2 2 9 8 539 551 550
1724 2 2 9 8 267 382 381
1725 2 2 9 8 1044 1045 793
1726 2 2 9 8 443 1015 477
1727 2 2 9 8 952 1158 32
1728 2 2 9 8 29 304 28
1729 2 2 9 8 141 1345 377
1730 2 2 9 8 678 1147 925
1731 2 2 9 8 290 1315 988
1732 2 2 9 8 259 406 397
1733 2 2 9 8 839 1249 840
1734 2 2 9 8 491 518 492
1735 2 2 9 8 1002 1270 1006
1736 2 2 9 8 924 1112 332
1737 2 2 9 8 940 1158 952
1738 2 2 9 8 534 1050 532
1739 2 2 9 8 931 1212 401
1740 2 2 9 8 703 812 705
1741 2 2 9 8 43 307 42
1742 2 2 9 8 137 1150 294
1743 2 2 9 8 716 732 583
1744 2 2 9 8 361 457 360
1745 2 2 9 8 1146 1239 795
1746 2 2 9 8 20 1086 19
1747 2 2 9 8 572 655 548
1748 2 2 9 8 730 1051 664
1749 2 2 9 8 503 547 502
1750 2 2 9 8 197 1328 409
1751 2 2 9 8 470 1289 909
1752 2 2 9 8 458 1071 480
1753 2 2 9 8 759 760 758
1754 2 2 9 8 494 1115 506
1755 2 2 9 8 682 1043 684
1756 2 2 9 8 523 1057 533
1757 2 2 9 8 556 557 542
1758 2 2 9 8 759 1111 766
1759 2 2 9 8 316 317 253
1760 2 2 9 8 374 1110 811
1761 2 2 9 8 54 1083 53
1762 2 2 9 8 256 1311 170
1763 2 2 9 8 300 1201 86
1764 2 2 9 8 85 1201 275
1765 2 2 9 8 547 596 589
1766 2 2 9 8 491 492 484
1767 2 2 9 8 652 1125 1026
1768 2 2 9 8 743 1248 810
1769 2 2 9 8 1025 1076 263
1770 2 2 9 8 695 1120 744
1771 2 2 9 8 1124 1233 245
1772 2 2 9 8 596 621 598
1773 2 2 9 8 316 1027 318
1774 2 2 9 8 596 731 621
1775 2 2 9 8 246 1300 1090
1776 2 2 9 8 44 1064 43
1777 2 2 9 8 612 1099 717
1778 2 2 9 8 564 613 612
1779 2 2 9 8 711 998 712
1780 2 2 9 8 1018 1303 932
1781 2 2 9 8 506 608 508
1782 2 2 9 8 694 726 697
1783 2 2 9 8 487 1115 494
1784 2 2 9 8 725 1318 647
1785 2 2 9 8 34 1038 302
1786 2 2 9 8 18 1088 17
1787 2 2 9 8 301 1025 37
1788 2 2 9 8 689 692 691
1789 2 2 9 8 542 1097 518
1790 2 2 9 8 375 1041 402
1791 2 2 9 8 835 1093 260
1792 2 2 9 8 167 1285 248
1793 2 2 9 8 986 1255 313
1794 2 2 9 8 512 513 511
1795 2 2 9 8 1162 1344 662
1796 2 2 9 8 798 1114 660
1797 2 2 9 8 517 526 525
1798 2 2 9 8 21 1087 20
1799 2 2 9 8 1006 1270 594
1800 2 2 9 8 595 1257 1248
1801 2 2 9 8 593 1067 562
1802 2 2 9 8 287 1242 191
1803 2 2 9 8 518 1097 520
1804 2 2 9 8 305 1052 842
1805 2 2 9 8 644 983 641
1806 2 2 9 8 45 270 44
1807 2 2 9 8 158 371 247
1808 2 2 9 8 985 1271 435
1809 2 2 9 8 664 665 603
1810 2 2 9 8 389 1156 372
1811 2 2 9 8 564 624 613
1812 2 2 9 8 831 1188 1035
1813 2 2 9 8 57 309 56
1814 2 2 9 8 26 266 25
1815 2 2 9 8 510 512 511
1816 2 2 9 8 387 733 386
1817 2 2 9 8 56 1078 55
1818 2 2 9 8 14 310 13
1819 2 2 9 8 46 1074 45
1820 2 2 9 8 541 580 553
1821 2 2 9 8 15 1081 14
1822 2 2 9 8 684 1043 687
1823 2 2 9 8 55 280 54
1824 2 2 9 8 16 282 15
1825 2 2 9 8 525 1068 541
1826 2 2 9 8 733 1066 386
1827 2 2 9 8 624 625 613
1828 2 2 9 8 1005 1255 915
1829 2 2 9 8 327 338 326
1830 2 2 9 8 25 1080 24
1831 2 2 9 8 901 1107 257
1832 2 2 9 8 1033 1177 622
1833 2 2 9 8 672 934 673
1834 2 2 9 8 52 279 51
1835 2 2 9 8 47 311 46
1836 2 2 9 8 19 281 18
1837 2 2 9 8 648 649 579
1838 2 2 9 8 485 1032 468
1839 2 2 9 8 160 784 254
1840 2 2 9 8 24 308 23
1841 2 2 9 8 949 1197 728
1842 2 2 9 8 1028 1043 682
1843 2 2 9 8 274 1340 999
1844 2 2 9 8 395 399 398
1845 2 2 9 8 189 1340 274
1846 2 2 9 8 48 1085 47
1847 2 2 9 8 38 1039 301
1848 2 2 9 8 339 340 338
1849 2 2 9 8 23 1089 22
1850 2 2 9 8 511 1034 457
1851 2 2 9 8 82 1315 290
1852 2 2 9 8 855 1264 1153
1853 2 2 9 8 609 614 605
1854 2 2 9 8 815 874 625
1855 2 2 9 8 301 1281 939
1856 2 2 9 8 736 1133 979
1857 2 2 9 8 496 1070 486
1858 2 2 9 8 1012 1189 968
1859 2 2 9 8 49 271 48
1860 2 2 9 8 22 272 21
1861 2 2 9 8 648 672 649
1862 2 2 9 8 934 1028 673
1863 2 2 9 8 825 1203 1128
1864 2 2 9 8 852 1337 994
1865 2 2 9 8 535 536 534
1866 2 2 9 8 264 1106 1046
1867 2 2 9 8 347 734 363
1868 2 2 9 8 439 1134 524
1869 2 2 9 8 656 858 655
1870 2 2 9 8 373 738 388
1871 2 2 9 8 932 1278 1018
1872 2 2 9 8 73 1188 72
1873 2 2 9 8 358 359 357
1874 2 2 9 8 775 1137 906
1875 2 2 9 8 377 1345 378
1876 2 2 9 8 582 1075 619
1877 2 2 9 8 583 1075 582
1878 2 2 9 8 1035 1188 73
1879 2 2 9 8 303 1328 198
1880 2 2 9 8 437 1134 439
1881 2 2 9 8 993 1172 992
1882 2 2 9 8 714 1245 920
1883 2 2 9 8 681 1272 955
1884 2 2 9 8 371 372 247
1885 2 2 9 8 662 860 537
1886 2 2 9 8 833 834 378
1887 2 2 9 8 1010 1238 707
1888 2 2 9 8 729 1084 1007
1889 2 2 9 8 1168 1183 834
1890 2 2 9 8 307 1348 1003
1891 2 2 9 8 1227 1310 389
1892 2 2 9 8 433 434 432
1893 2 2 9 8 591 676 674
1894 2 2 9 8 460 1129 478
1895 2 2 9 8 387 1230 735
1896 2 2 9 8 378 1345 258
1897 2 2 9 8 676 1024 674
1898 2 2 9 8 466 1054 485
1899 2 2 9 8 1026 1125 667
1900 2 2 9 8 810 1222 843
1901 2 2 9 8 577 622 571
1902 2 2 9 8 557 1097 542
1903 2 2 9 8 1306 1307 341
1904 2 2 9 8 401 1022 400
1905 2 2 9 8 535 537 536
1906 2 2 9 8 32 1158 31
1907 2 2 9 8 376 386 375
1908 2 2 9 8 431 433 432
1909 2 2 9 8 569 1123 1017
1910 2 2 9 8 436 437 434
1911 2 2 9 8 347 362 346
1912 2 2 9 8 624 815 625
1913 2 2 9 8 433 436 434
1914 2 2 9 8 294 1150 1148
1915 2 2 9 8 388 1261 389
1916 2 2 9 8 506 1115 608
1917 2 2 9 8 985 1225 984
1918 2 2 9 8 84 1143 83
1919 2 2 9 8 667 1125 1053
1920 2 2 9 8 654 1194 653
1921 2 2 9 8 510 511 457
1922 2 2 9 8 578 579 495
1923 2 2 9 8 293 1309 1156
1924 2 2 9 8 376 1174 832
1925 2 2 9 8 621 1247 598
1926 2 2 9 8 548 1142 547
1927 2 2 9 8 980 1155 963
1928 2 2 9 8 723 1293 1195
1929 2 2 9 8 788 1275 1052
1930 2 2 9 8 1071 1284 480
1931 2 2 9 8 1053 1125 901
1932 2 2 9 8 359 361 360
1933 2 2 9 8 354 355 353
1934 2 2 9 8 562 1067 599
1935 2 2 9 8 485 1264 1032
1936 2 2 9 8 271 1191 1085
1937 2 2 9 8 647 648 579
1938 2 2 9 8 58 1077 57
1939 2 2 9 8 13 1118 12
1940 2 2 9 8 1117 1189 285
1941 2 2 9 8 653 1067 593
1942 2 2 9 8 1008 1172 777
1943 2 2 9 8 984 1001 646
1944 2 2 9 8 1072 1330 820
1945 2 2 9 8 391 1048 385
1946 2 2 9 8 478 1129 488
1947 2 2 9 8 609 1244 1060
1948 2 2 9 8 840 1249 1138
1949 2 2 9 8 905 1298 808
1950 2 2 9 8 842 1229 886
1951 2 2 9 8 380 383 261
1952 2 2 9 8 473 1096 600
1953 2 2 9 8 356 357 355
1954 2 2 9 8 264 1254 945
1955 2 2 9 8 435 1225 985
1956 2 2 9 8 418 419 417
1957 2 2 9 8 306 838 211
1958 2 2 9 8 539 555 551
1959 2 2 9 8 329 896 331
1960 2 2 9 8 247 1309 156
1961 2 2 9 8 805 806 258
1962 2 2 9 8 476 1096 473
1963 2 2 9 8 713 1178 1160
1964 2 2 9 8 1141 1262 790
1965 2 2 9 8 834 1183 378
1966 2 2 9 8 345 346 344
1967 2 2 9 8 484 1096 476
1968 2 2 9 8 807 1269 1178
1969 2 2 9 8 431 432 430
1970 2 2 9 8 28 1171 27
1971 2 2 9 8 411 698 410
1972 2 2 9 8 619 1075 700
1973 2 2 9 8 339 1179 340
1974 2 2 9 8 267 851 382
1975 2 2 9 8 435 1271 433
1976 2 2 9 8 864 1265 1076
1977 2 2 9 8 359 360 357
1978 2 2 9 8 1138 1191 792
1979 2 2 9 8 719 1185 1135
1980 2 2 9 8 1213 1329 830
1981 2 2 9 8 838 1341 942
1982 2 2 9 8 376 387 386
1983 2 2 9 8 935 1178 544
1984 2 2 9 8 104 380 261
1985 2 2 9 8 1126 1216 790
1986 2 2 9 8 951 1207 599
1987 2 2 9 8 749 1293 1204
1988 2 2 9 8 1248 1257 810
1989 2 2 9 8 553 1165 567
1990 2 2 9 8 406 407 397
1991 2 2 9 8 575 1098 546
1992 2 2 9 8 385 1186 383
1993 2 2 9 8 728 1197 574
1994 2 2 9 8 1201 1280 993
1995 2 2 9 8 799 1290 809
1996 2 2 9 8 41 1106 264
1997 2 2 9 8 527 1098 716
1998 2 2 9 8 1160 1178 935
1999 2 2 9 8 1033 1349 848
2000 2 2 9 8 675 1329 1213
2001 2 2 9 8 932 1303 474
2002 2 2 9 8 740 1210 1027
2003 2 2 9 8 436 495 437
2004 2 2 9 8 916 1335 913
2005 2 2 9 8 734 1021 363
2006 2 2 9 8 1134 1272 524
2007 2 2 9 8 115 1105 297
2008 2 2 9 8 417 1108 415
2009 2 2 9 8 153 1295 252
2010 2 2 9 8 335 1166 929
2011 2 2 9 8 314 1316 1040
2012 2 2 9 8 691 1113 694
2013 2 2 9 8 345 347 346
2014 2 2 9 8 390 1176 392
2015 2 2 9 8 743 1284 1248
2016 2 2 9 8 1056 1278 932
2017 2 2 9 8 289 1274 942
2018 2 2 9 8 892 1301 797
2019 2 2 9 8 1180 1319 752
2020 2 2 9 8 546 1098 513
2021 2 2 9 8 930 1105 317
2022 2 2 9 8 347 363 362
2023 2 2 9 8 1010 1234 656
2024 2 2 9 8 1027 1210 318
2025 2 2 9 8 1065 1207 926
2026 2 2 9 8 1108 1127 734
2027 2 2 9 8 431 1270 435
2028 2 2 9 8 318 320 319
2029 2 2 9 8 261 1323 102
2030 2 2 9 8 643 978 640
2031 2 2 9 8 665 1275 1104
2032 2 2 9 8 977 978 643
2033 2 2 9 8 366 376 375
2034 2 2 9 8 1202 1342 282
2035 2 2 9 8 585 609 605
2036 2 2 9 8 31 1158 265
2037 2 2 9 8 307 1106 42
2038 2 2 9 8 564 612 563
2039 2 2 9 8 958 1305 652
2040 2 2 9 8 1152 1176 334
2041 2 2 9 8 575 1209 1098
2042 2 2 9 8 1082 1139 530
2043 2 2 9 8 59 720 58
2044 2 2 9 8 12 721 11
2045 2 2 9 8 325 329 328
2046 2 2 9 8 2 255 178
2047 2 2 9 8 428 429 427
2048 2 2 9 8 1209 1240 753
2049 2 2 9 8 329 331 330
2050 2 2 9 8 513 1098 527
2051 2 2 9 8 384 390 385
2052 2 2 9 8 1068 1069 580
2053 2 2 9 8 760 1136 758
2054 2 2 9 8 474 1160 935
2055 2 2 9 8 656 1234 1073
2056 2 2 9 8 149 1300 246
2057 2 2 9 8 265 1062 30
2058 2 2 9 8 324 326 325
2059 2 2 9 8 402 1041 936
2060 2 2 9 8 651 1240 1209
2061 2 2 9 8 634 1001 632
2062 2 2 9 8 968 1189 969
2063 2 2 9 8 541 1068 580
2064 2 2 9 8 320 322 321
2065 2 2 9 8 322 324 323
2066 2 2 9 8 259 379 123
2067 2 2 9 8 836 1332 1294
2068 2 2 9 8 820 1157 672
2069 2 2 9 8 1079 1287 1229
2070 2 2 9 8 508 1122 517
2071 2 2 9 8 1092 1211 822
2072 2 2 9 8 17 1202 16
2073 2 2 9 8 318 319 317
2074 2 2 9 8 1004 1245 414
2075 2 2 9 8 737 1182 1075
2076 2 2 9 8 603 1104 577
2077 2 2 9 8 698 1231 410
2078 2 2 9 8 526 1068 525
2079 2 2 9 8 547 1142 596
2080 2 2 9 8 726 1279 1140
2081 2 2 9 8 581 1273 1057
2082 2 2 9 8 338 341 326
2083 2 2 9 8 434 1163 432
2084 2 2 9 8 1063 1172 1008
2085 2 2 9 8 642 695 644
2086 2 2 9 8 350 1179 339
2087 2 2 9 8 1099 1119 717
2088 2 2 9 8 1098 1209 716
2089 2 2 9 8 701 1139 1082
2090 2 2 9 8 355 739 353
2091 2 2 9 8 544 1269 898
2092 2 2 9 8 632 1001 751
2093 2 2 9 8 255 411 410
2094 2 2 9 8 315 1260 786
2095 2 2 9 8 700 1139 701
2096 2 2 9 8 944 1317 752
2097 2 2 9 8 670 1326 669
2098 2 2 9 8 733 1268 1066
2099 2 2 9 8 664 1051 665
2100 2 2 9 8 666 1319 1180
2101 2 2 9 8 29 1062 304
2102 2 2 9 8 1084 1236 279
2103 2 2 9 8 1040 1316 967
2104 2 2 9 8 390 391 385
2105 2 2 9 8 972 1198 774
2106 2 2 9 8 853 1233 811
2107 2 2 9 8 39 1283 1039
2108 2 2 9 8 591 749 676
2109 2 2 9 8 320 321 319
2110 2 2 9 8 101 1323 286
2111 2 2 9 8 324 325 323
2112 2 2 9 8 642 644 641
2113 2 2 9 8 859 1221 972
2114 2 2 9 8 322 323 321
2115 2 2 9 8 731 1161 621
2116 2 2 9 8 517 1122 526
2117 2 2 9 8 414 1245 416
2118 2 2 9 8 122 379 249
2119 2 2 9 8 608 1122 508
2120 2 2 9 8 754 1277 732
2121 2 2 9 8 622 1349 1033
2122 2 2 9 8 1084 1235 1083
2123 2 2 9 8 992 1172 1063
2124 2 2 9 8 416 1245 714
2125 2 2 9 8 596 1142 731
2126 2 2 9 8 826 1145 1090
2127 2 2 9 8 1124 1203 403
2128 2 2 9 8 692 1113 691
2129 2 2 9 8 1135 1175 718
2130 2 2 9 8 655 1142 548
2131 2 2 9 8 1024 1091 876
2132 2 2 9 8 395 1111 399
2133 2 2 9 8 416 418 417
2134 2 2 9 8 787 1347 785
2135 2 2 9 8 332 1112 322
2136 2 2 9 8 944 1307 1306
2137 2 2 9 8 86 1201 85
2138 2 2 9 8 738 927 388
2139 2 2 9 8 556 1177 557
2140 2 2 9 8 1046 1254 264
2141 2 2 9 8 304 1171 28
2142 2 2 9 8 1195 1293 1069
2143 2 2 9 8 571 1177 556
2144 2 2 9 8 868 1220 865
2145 2 2 9 8 1122 1135 526
2146 2 2 9 8 399 1111 759
2147 2 2 9 8 726 1140 697
2148 2 2 9 8 599 1207 1065
2149 2 2 9 8 728 1119 1099
2150 2 2 9 8 804 1302 856
2151 2 2 9 8 609 750 614
2152 2 2 9 8 1118 1246 721
2153 2 2 9 8 1058 1266 78
2154 2 2 9 8 353 1179 350
2155 2 2 9 8 43 1064 307
2156 2 2 9 8 316 318 317
2157 2 2 9 8 195 1267 1061
2158 2 2 9 8 748 844 348
2159 2 2 9 8 279 1235 1084
2160 2 2 9 8 657 1238 1010
2161 2 2 9 8 419 1127 417
2162 2 2 9 8 567 1165 591
2163 2 2 9 8 317 1105 253
2164 2 2 9 8 298 1223 1031
2165 2 2 9 8 1004 1215 179
2166 2 2 9 8 394 396 395
2167 2 2 9 8 860 1144 537
2168 2 2 9 8 1143 1315 83
2169 2 2 9 8 432 1163 897
2170 2 2 9 8 524 1272 959
2171 2 2 9 8 20 1087 1086
2172 2 2 9 8 777 1280 1137
2173 2 2 9 8 780 1170 1169
2174 2 2 9 8 495 1134 437
2175 2 2 9 8 114 1130 113
2176 2 2 9 8 145 1145 783
2177 2 2 9 8 382 1146 381
2178 2 2 9 8 267 1314 851
2179 2 2 9 8 1103 1243 1102
2180 2 2 9 8 264 1283 40
2181 2 2 9 8 1102 1227 818
2182 2 2 9 8 695 744 644
2183 2 2 9 8 258 1345 141
2184 2 2 9 8 580 1165 553
2185 2 2 9 8 694 1113 726
2186 2 2 9 8 92 1228 91
2187 2 2 9 8 1054 1153 485
2188 2 2 9 8 250 1109 401
2189 2 2 9 8 19 1086 281
2190 2 2 9 8 284 876 71
2191 2 2 9 8 538 1217 1050
2192 2 2 9 8 53 1235 52
2193 2 2 9 8 757 1308 398
2194 2 2 9 8 270 1064 44
2195 2 2 9 8 280 1083 54
2196 2 2 9 8 825 1128 1049
2197 2 2 9 8 716 1209 753
2198 2 2 9 8 1121 1246 1118
2199 2 2 9 8 913 1335 914
2200 2 2 9 8 1076 1265 263
2201 2 2 9 8 343 345 344
2202 2 2 9 8 689 1218 692
2203 2 2 9 8 1121 1251 928
2204 2 2 9 8 163 1260 315
2205 2 2 9 8 1029 1218 1043
2206 2 2 9 8 811 1233 1124
2207 2 2 9 8 915 1255 916
2208 2 2 9 8 577 1104 622
2209 2 2 9 8 727 1303 1018
2210 2 2 9 8 644 1164 983
2211 2 2 9 8 281 1088 18
2212 2 2 9 8 729 1236 1084
2213 2 2 9 8 1149 1168 824
2214 2 2 9 8 574 1197 650
2215 2 2 9 8 394 395 393
2216 2 2 9 8 331 1297 330
2217 2 2 9 8 969 1117 1116
2218 2 2 9 8 45 1074 270
2219 2 2 9 8 1086 1126 281
2220 2 2 9 8 1147 1159 925
2221 2 2 9 8 127 1233 853
2222 2 2 9 8 309 1078 56
2223 2 2 9 8 945 1254 869
2224 2 2 9 8 707 1238 1123
2225 2 2 9 8 802 1262 884
2226 2 2 9 8 55 1078 280
2227 2 2 9 8 14 1081 310
2228 2 2 9 8 282 1081 15
2229 2 2 9 8 266 1080 25
2230 2 2 9 8 255 1215 412
2231 2 2 9 8 676 1091 1024
2232 2 2 9 8 1060 1244 555
2233 2 2 9 8 812 1187 705
2234 2 2 9 8 272 1087 21
2235 2 2 9 8 898 1269 1132
2236 2 2 9 8 311 1074 46
2237 2 2 9 8 322 1112 324
2238 2 2 9 8 24 1080 308
2239 2 2 9 8 710 1194 654
2240 2 2 9 8 398 1308 1094
2241 2 2 9 8 1014 1257 595
2242 2 2 9 8 47 1085 311
2243 2 2 9 8 672 1157 934
2244 2 2 9 8 396 1111 395
2245 2 2 9 8 927 1261 388
2246 2 2 9 8 776 1250 1008
2247 2 2 9 8 191 1242 190
2248 2 2 9 8 1231 1232 277
2249 2 2 9 8 308 1089 23
2250 2 2 9 8 1057 1273 919
2251 2 2 9 8 665 1104 603
2252 2 2 9 8 914 1346 1337
2253 2 2 9 8 1135 1185 526
2254 2 2 9 8 271 1085 48
2255 2 2 9 8 808 1321 748
2256 2 2 9 8 250 401 400
2257 2 2 9 8 854 1344 1162
2258 2 2 9 8 1008 1250 586
2259 2 2 9 8 844 1042 348
2260 2 2 9 8 22 1089 272
2261 2 2 9 8 1307 1326 814
2262 2 2 9 8 1088 1202 17
2263 2 2 9 8 260 756 3
2264 2 2 9 8 539 1144 555
2265 2 2 9 8 1043 1218 687
2266 2 2 9 8 889 1159 1147
2267 2 2 9 8 1016 1263 1096
2268 2 2 9 8 286 1323 1186
2269 2 2 9 8 536 1144 539
2270 2 2 9 8 969 1189 1117
2271 2 2 9 8 537 1144 536
2272 2 2 9 8 77 1266 408
2273 2 2 9 8 1146 1291 384
2274 2 2 9 8 285 1189 1012
2275 2 2 9 8 902 1219 1095
2276 2 2 9 8 409 1267 196
2277 2 2 9 8 844 1108 1042
2278 2 2 9 8 16 1202 282
2279 2 2 9 8 622 1177 571
2280 2 2 9 8 746 1200 928
2281 2 2 9 8 1078 1079 280
2282 2 2 9 8 405 1203 1124
2283 2 2 9 8 1083 1235 53
2284 2 2 9 8 329 1173 896
2285 2 2 9 8 1237 1290 799
2286 2 2 9 8 908 1325 789
2287 2 2 9 8 392 393 391
2288 2 2 9 8 361 1268 510
2289 2 2 9 8 1039 1283 945
2290 2 2 9 8 26 1304 266
2291 2 2 9 8 315 786 785
2292 2 2 9 8 1229 1287 886
2293 2 2 9 8 627 1296 629
2294 2 2 9 8 272 1141 1087
2295 2 2 9 8 851 1022 382
2296 2 2 9 8 989 1346 987
2297 2 2 9 8 1186 1332 286
2298 2 2 9 8 51 1252 50
2299 2 2 9 8 983 1199 641
2300 2 2 9 8 651 1209 575
2301 2 2 9 8 343 344 342
2302 2 2 9 8 687 1218 689
2303 2 2 9 8 372 1309 247
2304 2 2 9 8 321 1166 335
2305 2 2 9 8 57 1077 309
2306 2 2 9 8 957 1342 1202
2307 2 2 9 8 310 1118 13
2308 2 2 9 8 695 1256 1120
2309 2 2 9 8 822 1211 821
2310 2 2 9 8 1095 1219 904
2311 2 2 9 8 1097 1224 708
2312 2 2 9 8 363 1174 362
2313 2 2 9 8 1183 1193 377
2314 2 2 9 8 408 1266 1058
2315 2 2 9 8 753 1240 755
2316 2 2 9 8 739 1179 353
2317 2 2 9 8 362 1174 366
2318 2 2 9 8 1061 1267 409
2319 2 2 9 8 646 1199 983
2320 2 2 9 8 1031 1223 947
2321 2 2 9 8 1075 1182 700
2322 2 2 9 8 749 1204 676
2323 2 2 9 8 40 1283 39
2324 2 2 9 8 52 1235 279
2325 2 2 9 8 1111 1237 766
2326 2 2 9 8 769 1322 767
2327 2 2 9 8 1171 1304 27
2328 2 2 9 8 416 417 415
2329 2 2 9 8 640 642 641
2330 2 2 9 8 700 1182 1139
2331 2 2 9 8 1020 1273 581
2332 2 2 9 8 598 1247 719
2333 2 2 9 8 832 1230 387
2334 2 2 9 8 279 1252 51
2335 2 2 9 8 834 1169 1168
2336 2 2 9 8 790 1325 1126
2337 2 2 9 8 838 1274 210
2338 2 2 9 8 955 1272 1134
2339 2 2 9 8 397 1190 740
2340 2 2 9 8 198 1328 197
2341 2 2 9 8 360 1196 357
2342 2 2 9 8 1242 1340 190
2343 2 2 9 8 126 741 125
2344 2 2 9 8 699 1256 695
2345 2 2 9 8 1197 1282 650
2346 2 2 9 8 1133 1223 298
2347 2 2 9 8 83 1315 82
2348 2 2 9 8 1030 1268 733
2349 2 2 9 8 310 1121 1118
2350 2 2 9 8 390 392 391
2351 2 2 9 8 557 1224 1097
2352 2 2 9 8 341 1173 326
2353 2 2 9 8 1116 1117 699
2354 2 2 9 8 429 431 430
2355 2 2 9 8 591 1165 749
2356 2 2 9 8 555 1244 551
2357 2 2 9 8 1050 1217 677
2358 2 2 9 8 323 1166 321
2359 2 2 9 8 369 1211 1092
2360 2 2 9 8 510 1268 1030
2361 2 2 9 8 1162 1264 854
2362 2 2 9 8 62 1181 305
2363 2 2 9 8 27 1304 26
2364 2 2 9 8 1180 1317 340
2365 2 2 9 8 190 1340 189
2366 2 2 9 8 1159 1171 304
2367 2 2 9 8 957 1202 1088
2368 2 2 9 8 250 400 110
2369 2 2 9 8 1120 1256 715
2370 2 2 9 8 1062 1301 892
2371 2 2 9 8 417 1127 1108
2372 2 2 9 8 866 1276 868
2373 2 2 9 8 1023 1257 1014
2374 2 2 9 8 1149 1193 1183
2375 2 2 9 8 595 1248 1071
2376 2 2 9 8 425 1011 422
2377 2 2 9 8 1034 1319 666
2378 2 2 9 8 318 1210 320
2379 2 2 9 8 551 1244 585
2380 2 2 9 8 585 1244 609
2381 2 2 9 8 676 1204 1091
2382 2 2 9 8 477 1222 1023
2383 2 2 9 8 1131 1182 737
2384 2 2 9 8 392 394 393
2385 2 2 9 8 383 1323 261
2386 2 2 9 8 744 1164 644
2387 2 2 9 8 652 1305 1125
2388 2 2 9 8 177 1231 277
2389 2 2 9 8 1243 1259 252
2390 2 2 9 8 1068 1185 1069
2391 2 2 9 8 720 1151 1077
2392 2 2 9 8 366 1174 376
2393 2 2 9 8 326 1173 325
2394 2 2 9 8 650 1282 903
2395 2 2 9 8 736 1223 1133
2396 2 2 9 8 250 1130 1109
2397 2 2 9 8 1243 1310 1102
2398 2 2 9 8 712 1253 710
2399 2 2 9 8 526 1185 1068
2400 2 2 9 8 1174 1333 832
2401 2 2 9 8 732 1277 737
2402 2 2 9 8 1064 1348 307
2403 2 2 9 8 786 787 785
2404 2 2 9 8 1125 1305 901
2405 2 2 9 8 745 1341 1200
2406 2 2 9 8 312 1331 836
2407 2 2 9 8 720 1077 58
2408 2 2 9 8 414 415 413
2409 2 2 9 8 1164 1318 725
2410 2 2 9 8 1154 1208 712
2411 2 2 9 8 12 1118 721
2412 2 2 9 8 248 1285 1205
2413 2 2 9 8 422 1011 423
2414 2 2 9 8 748 1321 1292
2415 2 2 9 8 305 1181 1052
2416 2 2 9 8 433 1271 436
2417 2 2 9 8 1091 1204 722
2418 2 2 9 8 840 1351 998
2419 2 2 9 8 336 1055 337
2420 2 2 9 8 640 978 642
2421 2 2 9 8 407 1190 397
2422 2 2 9 8 710 1253 1194
2423 2 2 9 8 1321 1334 1292
2424 2 2 9 8 752 1317 1180
2425 2 2 9 8 392 1152 394
2426 2 2 9 8 363 1333 1174
2427 2 2 9 8 1294 1332 1048
2428 2 2 9 8 1156 1310 293
2429 2 2 9 8 308 1192 1089
2430 2 2 9 8 263 1265 1038
2431 2 2 9 8 330 1297 334
2432 2 2 9 8 564 1299 624
2433 2 2 9 8 969 1116 977
2434 2 2 9 8 414 416 415
2435 2 2 9 8 1213 1337 852
2436 2 2 9 8 325 1173 329
2437 2 2 9 8 1204 1293 723
2438 2 2 9 8 412 413 411
2439 2 2 9 8 412 414 413
2440 2 2 9 8 255 412 411
2441 2 2 9 8 1156 1309 372
2442 2 2 9 8 382 1239 1146
2443 2 2 9 8 1222 1257 1023
2444 2 2 9 8 905 1055 256
2445 2 2 9 8 355 1196 739
2446 2 2 9 8 889 1171 1159
2447 2 2 9 8 636 646 634
2448 2 2 9 8 342 1285 292
2449 2 2 9 8 357 1196 355
2450 2 2 9 8 373 1347 738
2451 2 2 9 8 2 1215 255
2452 2 2 9 8 338 1306 341
2453 2 2 9 8 1205 1260 248
2454 2 2 9 8 1090 1206 827
2455 2 2 9 8 1263 1278 600
2456 2 2 9 8 600 1278 1056
2457 2 2 9 8 173 1298 872
2458 2 2 9 8 942 1274 838
2459 2 2 9 8 692 1226 1113
2460 2 2 9 8 1096 1263 600
2461 2 2 9 8 334 1297 1152
2462 2 2 9 8 1119 1288 735
2463 2 2 9 8 1086 1216 1126
2464 2 2 9 8 1039 1281 301
2465 2 2 9 8 748 1292 844
2466 2 2 9 8 412 1004 414
2467 2 2 9 8 832 1333 1324
2468 2 2 9 8 889 1304 1171
2469 2 2 9 8 306 1341 838
2470 2 2 9 8 337 342 292
2471 2 2 9 8 1032 1264 1162
2472 2 2 9 8 1141 1216 1087
2473 2 2 9 8 1087 1216 1086
2474 2 2 9 8 1102 1310 1227
2475 2 2 9 8 1022 1239 382
2476 2 2 9 8 260 1094 756
2477 2 2 9 8 1137 1280 300
2478 2 2 9 8 1047 1338 806
2479 2 2 9 8 1074 1249 270
2480 2 2 9 8 204 1330 283
2481 2 2 9 8 1186 1323 383
2482 2 2 9 8 1109 1130 297
2483 2 2 9 8 396 1237 1111
2484 2 2 9 8 337 343 342
2485 2 2 9 8 1132 1269 807
2486 2 2 9 8 340 1306 338
2487 2 2 9 8 1208 1253 712
2488 2 2 9 8 315 785 784
2489 2 2 9 8 384 1291 390
2490 2 2 9 8 735 1288 1030
2491 2 2 9 8 1052 1181 788
2492 2 2 9 8 1178 1269 544
2493 2 2 9 8 1206 1300 296
2494 2 2 9 8 1160 1303 727
2495 2 2 9 8 1021 1333 363
2496 2 2 9 8 698 1334 1321
2497 2 2 9 8 1055 1311 256
2498 2 2 9 8 1312 1313 109
2499 2 2 9 8 662 1344 860
2500 2 2 9 8 810 1257 1222
2501 2 2 9 8 778 1350 1170
2502 2 2 9 8 390 1291 1176
2503 2 2 9 8 396 1290 1237
2504 2 2 9 8 1078 1287 1079
2505 2 2 9 8 719 1247 1195
2506 2 2 9 8 474 1303 1160
2507 2 2 9 8 1081 1251 310
2508 2 2 9 8 901 1305 1107
2509 2 2 9 8 310 1251 1121
2510 2 2 9 8 884 1262 1141
2511 2 2 9 8 309 1287 1078
2512 2 2 9 8 265 1301 1062
2513 2 2 9 8 1151 1286 1077
2514 2 2 9 8 423 564 563
2515 2 2 9 8 1176 1291 795
2516 2 2 9 8 1230 1324 717
2517 2 2 9 8 977 1116 978
2518 2 2 9 8 795 1291 1146
2519 2 2 9 8 1077 1286 309
2520 2 2 9 8 781 1338 1047
2521 2 2 9 8 411 1334 698
2522 2 2 9 8 995 996 560
2523 2 2 9 8 252 1295 1243
2524 2 2 9 8 1093 1094 260
2525 2 2 9 8 1094 1308 756
2526 2 2 9 8 1103 1259 1243
2527 2 2 9 8 1093 1294 742
2528 2 2 9 8 806 1338 833
2529 2 2 9 8 559 1253 1208
2530 2 2 9 8 1232 1321 808
2531 2 2 9 8 413 1334 411
2532 2 2 9 8 698 1232 1231
2533 2 2 9 8 1152 1297 899
2534 2 2 9 8 1138 1351 840
2535 2 2 9 8 638 1199 636
2536 2 2 9 8 646 1001 634
2537 2 2 9 8 1126 1325 908
2538 2 2 9 8 832 1324 1230
2539 2 2 9 8 1090 1300 1206
2540 2 2 9 8 790 1327 1325
2541 2 2 9 8 744 1318 1164
2542 2 2 9 8 1170 1350 369
2543 2 2 9 8 412 1215 1004
2544 2 2 9 8 786 1260 1205
2545 2 2 9 8 698 1321 1232
2546 2 2 9 8 1195 1247 870
2547 2 2 9 8 1200 1341 306
2548 2 2 9 8 808 1298 1232
2549 2 2 9 8 792 1351 1138
2550 2 2 9 8 1286 1287 309
2551 2 2 9 8 640 641 638
2552 2 2 9 8 336 1311 1055
2553 2 2 9 8 340 1317 1306
2554 2 2 9 8 1306 1317 944
2555 2 2 9 8 423 1299 564
2556 2 2 9 8 429 430 427
2557 2 2 9 8 1331 1332 836
2558 2 2 9 8 1011 1299 423
2559 2 2 9 8 286 1332 1331
2560 2 2 9 8 1325 1327 789
2561 2 2 9 8 641 1199 638
2562 2 2 9 8 109 1313 108
2563 2 2 9 8 1335 1346 914
2564 2 2 9 8 987 1346 1335
2565 2 2 9 8 636 1199 646
2566 2 2 9 8 1338 1339 833
2567 2 2 9 8 1292 1334 413
2568 2 2 9 8 781 1339 1338
2569 2 2 9 8 851 1313 1312
2570 2 2 9 8 172 256 171
2571 2 2 9 8 1205 1285 342
2572 2 2 9 8 886 1287 1286
2573 2 2 9 8 851 1314 1313
2574 2 2 9 8 179 1215 2
2575 2 2 9 8 3 756 94
2576 2 2 9 8 110 1312 109
2577 2 2 9 8 132 405 131
2578 2 2 9 8 150 296 149
2579 2 2 9 8 168 292 167
2580 2 2 9 8 173 872 172
2581 2 2 9 8 5 720 59
2582 2 2 9 8 60 720 5
2583 2 2 9 8 11 721 6
2584 2 2 9 8 6 721 213
2585 2 2 9 8 96 312 95
2586 2 2 9 8 98 312 97
2587 2 2 9 8 99 312 98
2588 2 2 9 8 101 286 100
2589 2 2 9 8 108 1313 107
2590 2 2 9 8 112 1130 111
2591 2 2 9 8 113 1130 112
2592 2 2 9 8 115 297 114
2593 2 2 9 8 120 249 119
2594 2 2 9 8 127 741 126
2595 2 2 9 8 130 245 129
2596 2 2 9 8 131 245 130
2597 2 2 9 8 133 251 132
2598 2 2 9 8 135 251 134
2599 2 2 9 8 137 294 136
2600 2 2 9 8 138 244 137
2601 2 2 9 8 141 377 140
2602 2 2 9 8 140 377 244
2603 2 2 9 8 246 1145 146
2604 2 2 9 8 148 246 147
2605 2 2 9 8 149 246 148
2606 2 2 9 8 153 252 152
2607 2 2 9 8 155 293 154
2608 2 2 9 8 166 248 165
2609 2 2 9 8 167 248 166
2610 2 2 9 8 170 1311 169
2611 2 2 9 8 171 256 170
2612 2 2 9 8 174 277 173
2613 2 2 9 8 176 277 175
2614 2 2 9 8 177 277 176
2615 2 2 9 8 178 410 177
2616 2 2 9 8 410 1231 177
2617 2 2 9 8 427 1011 425
2618 2 2 9 8 995 1221 859
2619 2 2 7 17 1389 1357 1398
2620 2 2 7 17 1358 1393 1397
2621 2 2 7 17 239 1361 1399
2622 2 2 7 17 1357 1389 1400
2623 2 2 7 17 1393 1358 1401
2624 2 2 7 17 1365 242 1405
2625 2 2 7 17 237 1363 1403
2626 2 2 7 17 1364 243 1366
2627 2 2 7 17 236 1362 1367
2628 2 2 7 17 242 1364 1405
2629 2 2 7 17 1362 237 1403
2630 2 2 7 17 1364 1404 1405
2631 2 2 7 17 1402 1362 1403
2632 2 2 7 17 1404 1385 1405
2633 2 2 7 17 1372 1402 1403
2634 2 2 7 17 242 243 1364
2635 2 2 7 17 236 237 1362
2636 2 2 7 17 1361 240 1419
2637 2 2 7 17 1364 1366 1397
2638 2 2 7 17 1367 1362 1398
2639 2 2 7 17 239 240 1361
2640 2 2 7 17 241 242 1365
2641 2 2 7 17 237 238 1363
2642 2 2 7 17 1361 1377 1399
2643 2 2 7 17 1406 214 1413
2644 2 2 7 17 232 1407 1412
2645 2 2 7 17 1407 1367 1412
2646 2 2 7 17 1366 1406 1413
2647 2 2 7 17 1389 1398 1402
2648 2 2 7 17 1397 1393 1404
2649 2 2 7 17 1377 1361 1414
2650 2 2 7 17 1373 1360 1375
2651 2 2 7 17 1379 1359 1381
2652 2 2 7 17 1389 1388 1400
2653 2 2 7 17 1395 1393 1401
2654 2 2 7 17 1363 238 1415
2655 2 2 7 17 241 1365 1416
2656 2 2 7 17 239 1399 1417
2657 2 2 7 17 1377 1375 1399
2658 2 2 7 17 1375 1360 1399
2659 2 2 7 17 238 239 1417
2660 2 2 7 17 240 241 1418
2661 2 2 7 17 1379 1377 1414
2662 2 2 7 17 1399 1360 1417
2663 2 2 7 17 1359 1379 1414
2664 2 2 7 17 1384 1386 1392
2665 2 2 7 17 1355 1382 1384
2666 2 2 7 17 1386 1353 1392
2667 2 2 7 17 1355 1384 1392
2668 2 2 7 17 1376 1354 1394
2669 2 2 7 17 1353 1386 1393
2670 2 2 7 17 1378 1380 1396
2671 2 2 7 17 1382 1355 1387
2672 2 2 7 17 222 223 1387
2673 2 2 7 17 1354 1376 1378
2674 2 2 7 17 1354 225 1394
2675 2 2 7 17 1355 222 1387
2676 2 2 7 17 1354 1378 1396
2677 2 2 7 17 229 1352 1368
2678 2 2 7 17 225 226 1394
2679 2 2 7 17 1391 1374 1394
2680 2 2 7 17 1368 1352 1390
2681 2 2 7 17 1352 1389 1390
2682 2 2 7 17 1380 1382 1387
2683 2 2 7 17 1356 1370 1391
2684 2 2 7 17 1370 1374 1391
2685 2 2 7 17 1374 1376 1394
2686 2 2 7 17 1380 1387 1396
2687 2 2 7 17 1356 228 1368
2688 2 2 7 17 1352 230 1388
2689 2 2 7 17 226 227 1391
2690 2 2 7 17 227 228 1356
2691 2 2 7 17 229 230 1352
2692 2 2 7 17 1369 1368 1390
2693 2 2 7 17 1352 1388 1389
2694 2 2 7 17 1356 1368 1369
2695 2 2 7 17 227 1356 1391
2696 2 2 7 17 1372 1369 1390
2697 2 2 7 17 226 1391 1394
2698 2 2 7 17 224 225 1354
2699 2 2 7 17 228 229 1368
2700 2 2 7 17 230 231 1388
2701 2 2 7 17 220 221 1392
2702 2 2 7 17 1356 1369 1370
2703 2 2 7 17 1370 1369 1371
2704 2 2 7 17 1370 1371 1373
2705 2 2 7 17 1370 1373 1374
2706 2 2 7 17 1371 1369 1372
2707 2 2 7 17 1384 1383 1385
2708 2 2 7 17 1380 1381 1382
2709 2 2 7 17 1376 1377 1378
2710 2 2 7 17 1378 1377 1379
2711 2 2 7 17 1374 1373 1375
2712 2 2 7 17 1376 1375 1377
2713 2 2 7 17 1374 1375 1376
2714 2 2 7 17 1380 1379 1381
2715 2 2 7 17 1382 1383 1384
2716 2 2 7 17 1384 1385 1386
2717 2 2 7 17 1378 1379 1380
2718 2 2 7 17 1382 1381 1383
2719 2 2 7 17 1387 223 1396
2720 2 2 7 17 223 224 1396
2721 2 2 7 17 219 220 1353
2722 2 2 7 17 221 222 1355
2723 2 2 7 17 218 219 1395
2724 2 2 7 17 1353 1393 1395
2725 2 2 7 17 221 1355 1392
2726 2 2 7 17 1353 220 1392
2727 2 2 7 17 224 1354 1396
2728 2 2 7 17 219 1353 1395
2729 2 2 7 17 215 216 1358
2730 2 2 7 17 234 233 1357
2731 2 2 7 17 235 234 1400
2732 2 2 7 17 216 217 1401
2733 2 2 7 17 1393 1386 1404
2734 2 2 7 17 1390 1389 1402
2735 2 2 7 17 1398 1362 1402
2736 2 2 7 17 1364 1397 1404
2737 2 2 7 17 234 1357 1400
2738 2 2 7 17 1358 216 1401
2739 2 2 7 17 1358 1397 1413
2740 2 2 7 17 1397 1366 1413
2741 2 2 7 17 1398 1357 1412
2742 2 2 7 17 1367 1398 1412
2743 2 2 7 17 231 10 1410
2744 2 2 7 17 9 218 1411
2745 2 2 7 17 10 235 1410
2746 2 2 7 17 217 9 1411
2747 2 2 7 17 233 232 1412
2748 2 2 7 17 214 215 1413
2749 2 2 7 17 1372 1390 1402
2750 2 2 7 17 1386 1385 1404
2751 2 2 7 17 1383 1409 1421
2752 2 2 7 17 1408 1371 1420
2753 2 2 7 17 1409 1365 1421
2754 2 2 7 17 1363 1408 1420
2755 2 2 7 17 8 214 1406
2756 2 2 7 17 232 7 1407
2757 2 2 7 17 1366 243 1406
2758 2 2 7 17 236 1367 1407
2759 2 2 7 17 1383 1381 1409
2760 2 2 7 17 1373 1371 1408
2761 2 2 7 17 1360 1373 1408
2762 2 2 7 17 1381 1359 1409
2763 2 2 7 17 1401 217 1411
2764 2 2 7 17 235 1400 1410
2765 2 2 7 17 1388 231 1410
2766 2 2 7 17 218 1395 1411
2767 2 2 7 17 1357 233 1412
2768 2 2 7 17 215 1358 1413
2769 2 2 7 17 1360 1415 1417
2770 2 2 7 17 1416 1359 1418
2771 2 2 7 17 1385 1383 1421
2772 2 2 7 17 1371 1372 1420
2773 2 2 7 17 1418 1359 1419
2774 2 2 7 17 1365 1409 1416
2775 2 2 7 17 1408 1363 1415
2776 2 2 7 17 1400 1388 1410
2777 2 2 7 17 1395 1401 1411
2778 2 2 7 17 1360 1408 1415
2779 2 2 7 17 1409 1359 1416
2780 2 2 7 17 1405 1385 1421
2781 2 2 7 17 1372 1403 1420
2782 2 2 7 17 241 1416 1418
2783 2 2 7 17 1415 238 1417
2784 2 2 7 17 1365 1405 1421
2785 2 2 7 17 1403 1363 1420
2786 2 2 7 17 1359 1414 1419
2787 2 2 7 17 1414 1361 1419
2788 2 2 7 17 240 1418 1419
2789 2 2 7 17 7 236 1407
2790 2 2 7 17 243 8 1406
2791 2 2 8 19 230 1424 1446
2792 2 2 8 19 1422 1455 1468
2793 2 2 8 19 219 1425 1443
2794 2 2 8 19 218 101 1426
2795 2 2 8 19 223 1427 1439
2796 2 2 8 19 168 1424 1459
2797 2 2 8 19 1455 227 1468
2798 2 2 8 19 227 1430 1436
2799 2 2 8 19 127 223 1423
2800 2 2 8 19 105 219 1426
2801 2 2 8 19 227 150 1430
2802 2 2 8 19 219 105 1425
2803 2 2 8 19 1424 230 1459
2804 2 2 8 19 223 127 1427
2805 2 2 8 19 101 218 1450
2806 2 2 8 19 1430 154 1436
2807 2 2 8 19 1424 172 1446
2808 2 2 8 19 178 10 1431
2809 2 2 8 19 1427 131 1439
2810 2 2 8 19 1422 149 1455
2811 2 2 8 19 218 1433 1450
2812 2 2 8 19 1425 109 1443
2813 2 2 8 19 150 227 1455
2814 2 2 8 19 164 1428 1458
2815 2 2 8 19 145 146 1468
2816 2 2 8 19 118 119 1452
2817 2 2 8 19 1428 167 1459
2818 2 2 8 19 1434 224 1471
2819 2 2 8 19 220 1443 1473
2820 2 2 8 19 173 174 1449
2821 2 2 8 19 228 1436 1461
2822 2 2 8 19 125 126 1423
2823 2 2 8 19 110 111 1447
2824 2 2 8 19 114 115 1429
2825 2 2 8 19 136 137 1434
2826 2 2 8 19 132 133 1448
2827 2 2 8 19 226 1432 1467
2828 2 2 8 19 1445 118 1452
2829 2 2 8 19 161 162 1442
2830 2 2 8 19 103 104 1426
2831 2 2 8 19 115 1445 1451
2832 2 2 8 19 220 1465 1474
2833 2 2 8 19 122 123 1463
2834 2 2 8 19 140 141 1454
2835 2 2 8 19 158 159 1440
2836 2 2 8 19 139 140 1444
2837 2 2 8 19 163 164 1458
2838 2 2 8 19 162 163 1457
2839 2 2 8 19 144 145 1467
2840 2 2 8 19 123 1423 1464
2841 2 2 8 19 137 1444 1453
2842 2 2 8 19 1444 140 1454
2843 2 2 8 19 117 118 1445
2844 2 2 8 19 1440 228 1466
2845 2 2 8 19 1442 229 1456
2846 2 2 8 19 1444 225 1453
2847 2 2 8 19 1445 221 1451
2848 2 2 8 19 229 1457 1458
2849 2 2 8 19 156 157 1466
2850 2 2 8 19 159 1442 1456
2851 2 2 8 19 231 1446 1472
2852 2 2 8 19 155 156 1461
2853 2 2 8 19 120 121 1469
2854 2 2 8 19 229 1442 1457
2855 2 2 8 19 221 1445 1452
2856 2 2 8 19 225 1444 1454
2857 2 2 8 19 1442 162 1457
2858 2 2 8 19 9 3 1470
2859 2 2 8 19 95 96 1433
2860 2 2 8 19 128 129 1427
2861 2 2 8 19 146 147 1422
2862 2 2 8 19 106 107 1425
2863 2 2 8 19 164 165 1428
2864 2 2 8 19 124 125 1423
2865 2 2 8 19 160 161 1442
2866 2 2 8 19 102 103 1426
2867 2 2 8 19 141 142 1432
2868 2 2 8 19 116 117 1445
2869 2 2 8 19 138 139 1444
2870 2 2 8 19 3 95 1470
2871 2 2 8 19 1436 155 1461
2872 2 2 8 19 174 175 1435
2873 2 2 8 19 151 152 1430
2874 2 2 8 19 133 134 1441
2875 2 2 8 19 111 112 1438
2876 2 2 8 19 169 170 1424
2877 2 2 8 19 119 120 1437
2878 2 2 8 19 157 158 1466
2879 2 2 8 19 119 1437 1452
2880 2 2 8 19 121 122 1469
2881 2 2 8 19 177 1431 1462
2882 2 2 8 19 1435 177 1462
2883 2 2 8 19 1438 114 1474
2884 2 2 8 19 1467 145 1468
2885 2 2 8 19 174 1435 1449
2886 2 2 8 19 111 1438 1447
2887 2 2 8 19 1443 110 1473
2888 2 2 8 19 1439 132 1475
2889 2 2 8 19 1463 123 1464
2890 2 2 8 19 1446 173 1472
2891 2 2 8 19 114 1429 1474
2892 2 2 8 19 133 1441 1448
2893 2 2 8 19 1429 115 1451
2894 2 2 8 19 110 1447 1473
2895 2 2 8 19 222 1463 1464
2896 2 2 8 19 1434 137 1453
2897 2 2 8 19 173 1449 1472
2898 2 2 8 19 141 1432 1454
2899 2 2 8 19 132 1448 1475
2900 2 2 8 19 95 1433 1470
2901 2 2 8 19 1440 159 1456
2902 2 2 8 19 1449 1435 1460
2903 2 2 8 19 1461 156 1466
2904 2 2 8 19 1447 1438 1465
2905 2 2 8 19 1460 1435 1462
2906 2 2 8 19 1457 163 1458
2907 2 2 8 19 122 1463 1469
2908 2 2 8 19 226 1467 1468
2909 2 2 8 19 158 1440 1466
2910 2 2 8 19 1448 1441 1471
2911 2 2 8 19 1465 1438 1474
2912 2 2 8 19 1460 231 1472
2913 2 2 8 19 1437 120 1469
2914 2 2 8 19 1465 220 1473
2915 2 2 8 19 99 100 1450
2916 2 2 8 19 1449 1460 1472
2917 2 2 8 19 1447 1465 1473
2918 2 2 8 19 1471 224 1475
2919 2 2 8 19 228 1461 1466
2920 2 2 8 19 1448 1471 1475
2921 2 2 8 19 1463 222 1469
2922 2 2 8 19 218 9 1470
2923 2 2 8 19 109 110 1443
2924 2 2 8 19 131 132 1439
2925 2 2 8 19 149 150 1455
2926 2 2 8 19 167 168 1459
2927 2 2 8 19 172 173 1446
2928 2 2 8 19 177 178 1431
2929 2 2 8 19 1433 218 1470
2930 2 2 8 19 1429 220 1474
2931 2 2 8 19 222 221 1452
2932 2 2 8 19 221 1429 1451
2933 2 2 8 19 223 222 1464
2934 2 2 8 19 1437 222 1452
2935 2 2 8 19 222 1437 1469
2936 2 2 8 19 225 224 1453
2937 2 2 8 19 224 1434 1453
2938 2 2 8 19 224 1439 1475
2939 2 2 8 19 1432 225 1454
2940 2 2 8 19 227 226 1468
2941 2 2 8 19 229 228 1456
2942 2 2 8 19 228 1440 1456
2943 2 2 8 19 230 229 1458
2944 2 2 8 19 10 178 2
2945 2 2 8 19 10 231 1431
2946 2 2 8 19 96 97 1450
2947 2 2 8 19 1433 96 1450
2948 2 2 8 19 97 98 1450
2949 2 2 8 19 98 99 1450
2950 2 2 8 19 100 101 1450
2951 2 2 8 19 101 102 1426
2952 2 2 8 19 104 105 1426
2953 2 2 8 19 105 106 1425
2954 2 2 8 19 107 108 1425
2955 2 2 8 19 108 109 1425
2956 2 2 8 19 112 113 1438
2957 2 2 8 19 113 114 1438
2958 2 2 8 19 115 116 1445
2959 2 2 8 19 123 124 1423
2960 2 2 8 19 126 127 1423
2961 2 2 8 19 127 128 1427
2962 2 2 8 19 129 130 1427
2963 2 2 8 19 130 131 1427
2964 2 2 8 19 134 135 1441
2965 2 2 8 19 135 136 1441
2966 2 2 8 19 136 1434 1441
2967 2 2 8 19 137 138 1444
2968 2 2 8 19 142 143 1432
2969 2 2 8 19 143 144 1467
2970 2 2 8 19 1432 143 1467
2971 2 2 8 19 146 1422 1468
2972 2 2 8 19 147 148 1422
2973 2 2 8 19 148 149 1422
2974 2 2 8 19 150 151 1430
2975 2 2 8 19 152 153 1430
2976 2 2 8 19 153 154 1430
2977 2 2 8 19 154 155 1436
2978 2 2 8 19 159 160 1442
2979 2 2 8 19 165 166 1428
2980 2 2 8 19 166 167 1428
2981 2 2 8 19 168 169 1424
2982 2 2 8 19 170 171 1424
2983 2 2 8 19 171 172 1424
2984 2 2 8 19 175 176 1435
2985 2 2 8 19 176 177 1435
2986 2 2 8 19 219 218 1426
2987 2 2 8 19 220 219 1443
2988 2 2 8 19 221 220 1429
2989 2 2 8 19 224 223 1439
2990 2 2 8 19 1423 223 1464
2991 2 2 8 19 226 225 1432
2992 2 2 8 19 228 227 1436
2993 2 2 8 19 231 230 1446
2994 2 2 8 19 1428 230 1458
2995 2 2 8 19 230 1428 1459
2996 2 2 8 19 1431 231 1462
2997 2 2 8 19 231 1460 1462
2998 2 2 8 19 1441 1434 1471
$EndElements
