Searching DEVSIM_MATH_LIBS="C:\Users\T590\anaconda3\envs\devsim_env\Library\bin\mkl_rt.2.dll;C:\Users\T590\anaconda3\envs\devsim_env\Library\bin\mkl_rt.2.dll;C:\Users\T590\anaconda3\envs\devsim_env\Library\bin\mkl_rt.2.dll"
Loading "C:\Users\T590\anaconda3\envs\devsim_env\Library\bin\mkl_rt.2.dll": Intel MKL with PARDISO LOADED
Skipping C:\Users\T590\anaconda3\envs\devsim_env\Library\bin\mkl_rt.2.dll
Skipping C:\Users\T590\anaconda3\envs\devsim_env\Library\bin\mkl_rt.2.dll
Physical group name body_contact has 0 Tetrahedra.
Physical group name body_contact has 0 Triangles.
Physical group name body_contact has 50 Lines.
Physical group name body_contact has 51 Points.
Physical group name bulk has 0 Tetrahedra.
Physical group name bulk has 3017 Triangles.
Physical group name bulk has 4647 Lines.
Physical group name bulk has 1631 Points.
Physical group name bulk_oxide_interface has 0 Tetrahedra.
Physical group name bulk_oxide_interface has 0 Triangles.
Physical group name bulk_oxide_interface has 125 Lines.
Physical group name bulk_oxide_interface has 126 Points.
Physical group name drain_contact has 0 Tetrahedra.
Physical group name drain_contact has 0 Triangles.
Physical group name drain_contact has 15 Lines.
Physical group name drain_contact has 16 Points.
Physical group name gate has 0 Tetrahedra.
Physical group name gate has 231 Triangles.
Physical group name gate has 367 Lines.
Physical group name gate has 137 Points.
Physical group name gate_contact has 0 Tetrahedra.
Physical group name gate_contact has 0 Triangles.
Physical group name gate_contact has 11 Lines.
Physical group name gate_contact has 12 Points.
Physical group name gate_oxide_interface has 0 Tetrahedra.
Physical group name gate_oxide_interface has 0 Triangles.
Physical group name gate_oxide_interface has 20 Lines.
Physical group name gate_oxide_interface has 21 Points.
Physical group name oxide has 0 Tetrahedra.
Physical group name oxide has 329 Triangles.
Physical group name oxide has 567 Lines.
Physical group name oxide has 239 Points.
Physical group name source_contact has 0 Tetrahedra.
Physical group name source_contact has 0 Triangles.
Physical group name source_contact has 15 Lines.
Physical group name source_contact has 16 Points.
Device mos2d has 1860 coordinates with max index 1860
Region bulk has 1631 nodes.
Region gate has 137 nodes.
Region oxide has 239 nodes.
Contact body in region bulk with 51 nodes
Contact drain in region bulk with 16 nodes
Contact gate in region gate with 12 nodes
Contact source in region bulk with 16 nodes
Warning, contact "drain" shares a node with interface "bulk_oxide"
Warning, contact "source" shares a node with interface "bulk_oxide"
Adding interface bulk_oxide with 126, 126 nodes
Adding interface gate_oxide with 21, 21 nodes
bulk body
bulk drain
gate gate
bulk source
number of equations 2007
Iteration: 0
  Device: "mos2d"	RelError: 3.00000e+00	AbsError: 2.59292e-01
    Region: "bulk"	RelError: 1.00000e+00	AbsError: 2.55930e-01
      Equation: "PotentialEquation"	RelError: 1.00000e+00	AbsError: 2.55930e-01
    Region: "gate"	RelError: 1.00000e+00	AbsError: 2.59292e-01
      Equation: "PotentialEquation"	RelError: 1.00000e+00	AbsError: 2.59292e-01
    Region: "oxide"	RelError: 1.00000e+00	AbsError: 2.58640e-01
      Equation: "PotentialEquation"	RelError: 1.00000e+00	AbsError: 2.58640e-01
Iteration: 1
  Device: "mos2d"	RelError: 1.49541e+00	AbsError: 2.57472e-01
    Region: "bulk"	RelError: 4.97925e-01	AbsError: 2.53415e-01
      Equation: "PotentialEquation"	RelError: 4.97925e-01	AbsError: 2.53415e-01
    Region: "gate"	RelError: 4.98974e-01	AbsError: 2.57472e-01
      Equation: "PotentialEquation"	RelError: 4.98974e-01	AbsError: 2.57472e-01
    Region: "oxide"	RelError: 4.98507e-01	AbsError: 2.56611e-01
      Equation: "PotentialEquation"	RelError: 4.98507e-01	AbsError: 2.56611e-01
Iteration: 2
  Device: "mos2d"	RelError: 3.14362e+00	AbsError: 1.45312e-01
    Region: "bulk"	RelError: 2.66201e+00	AbsError: 1.45312e-01
      Equation: "PotentialEquation"	RelError: 2.66201e+00	AbsError: 1.45312e-01
    Region: "gate"	RelError: 3.16582e-01	AbsError: 1.33444e-01
      Equation: "PotentialEquation"	RelError: 3.16582e-01	AbsError: 1.33444e-01
    Region: "oxide"	RelError: 1.65027e-01	AbsError: 9.81998e-02
      Equation: "PotentialEquation"	RelError: 1.65027e-01	AbsError: 9.81998e-02
Iteration: 3
  Device: "mos2d"	RelError: 1.83878e+01	AbsError: 1.25521e-01
    Region: "bulk"	RelError: 1.81048e+01	AbsError: 1.25521e-01
      Equation: "PotentialEquation"	RelError: 1.81048e+01	AbsError: 1.25521e-01
    Region: "gate"	RelError: 2.29097e-01	AbsError: 7.00000e-02
      Equation: "PotentialEquation"	RelError: 2.29097e-01	AbsError: 7.00000e-02
    Region: "oxide"	RelError: 5.38549e-02	AbsError: 2.76566e-02
      Equation: "PotentialEquation"	RelError: 5.38549e-02	AbsError: 2.76566e-02
Iteration: 4
  Device: "mos2d"	RelError: 1.25297e+03	AbsError: 1.46225e-01
    Region: "bulk"	RelError: 1.25274e+03	AbsError: 1.46225e-01
      Equation: "PotentialEquation"	RelError: 1.25274e+03	AbsError: 1.46225e-01
    Region: "gate"	RelError: 1.75024e-01	AbsError: 6.48239e-02
      Equation: "PotentialEquation"	RelError: 1.75024e-01	AbsError: 6.48239e-02
    Region: "oxide"	RelError: 5.41438e-02	AbsError: 2.57810e-02
      Equation: "PotentialEquation"	RelError: 5.41438e-02	AbsError: 2.57810e-02
Iteration: 5
  Device: "mos2d"	RelError: 5.84618e+01	AbsError: 1.60663e-01
    Region: "bulk"	RelError: 5.82674e+01	AbsError: 1.60663e-01
      Equation: "PotentialEquation"	RelError: 5.82674e+01	AbsError: 1.60663e-01
    Region: "gate"	RelError: 1.37182e-01	AbsError: 5.88866e-02
      Equation: "PotentialEquation"	RelError: 1.37182e-01	AbsError: 5.88866e-02
    Region: "oxide"	RelError: 5.72282e-02	AbsError: 2.58982e-02
      Equation: "PotentialEquation"	RelError: 5.72282e-02	AbsError: 2.58982e-02
Iteration: 6
  Device: "mos2d"	RelError: 1.48043e+02	AbsError: 1.66492e-01
    Region: "bulk"	RelError: 1.47876e+02	AbsError: 1.66492e-01
      Equation: "PotentialEquation"	RelError: 1.47876e+02	AbsError: 1.66492e-01
    Region: "gate"	RelError: 1.08015e-01	AbsError: 5.19808e-02
      Equation: "PotentialEquation"	RelError: 1.08015e-01	AbsError: 5.19808e-02
    Region: "oxide"	RelError: 5.84168e-02	AbsError: 2.55373e-02
      Equation: "PotentialEquation"	RelError: 5.84168e-02	AbsError: 2.55373e-02
Iteration: 7
  Device: "mos2d"	RelError: 5.27426e+01	AbsError: 1.56237e-01
    Region: "bulk"	RelError: 5.25606e+01	AbsError: 1.56237e-01
      Equation: "PotentialEquation"	RelError: 5.25606e+01	AbsError: 1.56237e-01
    Region: "gate"	RelError: 8.34915e-02	AbsError: 4.38395e-02
      Equation: "PotentialEquation"	RelError: 8.34915e-02	AbsError: 4.38395e-02
    Region: "oxide"	RelError: 9.84898e-02	AbsError: 3.90276e-02
      Equation: "PotentialEquation"	RelError: 9.84898e-02	AbsError: 3.90276e-02
Iteration: 8
  Device: "mos2d"	RelError: 8.43380e+02	AbsError: 1.39466e-01
    Region: "bulk"	RelError: 8.43108e+02	AbsError: 1.39466e-01
      Equation: "PotentialEquation"	RelError: 8.43108e+02	AbsError: 1.39466e-01
    Region: "gate"	RelError: 6.11043e-02	AbsError: 3.41726e-02
      Equation: "PotentialEquation"	RelError: 6.11043e-02	AbsError: 3.41726e-02
    Region: "oxide"	RelError: 2.10333e-01	AbsError: 6.91529e-02
      Equation: "PotentialEquation"	RelError: 2.10333e-01	AbsError: 6.91529e-02
Iteration: 9
  Device: "mos2d"	RelError: 1.25432e+02	AbsError: 1.24188e-01
    Region: "bulk"	RelError: 1.25123e+02	AbsError: 1.24188e-01
      Equation: "PotentialEquation"	RelError: 1.25123e+02	AbsError: 1.24188e-01
    Region: "gate"	RelError: 3.93513e-02	AbsError: 2.29087e-02
      Equation: "PotentialEquation"	RelError: 3.93513e-02	AbsError: 2.29087e-02
    Region: "oxide"	RelError: 2.69753e-01	AbsError: 7.43307e-02
      Equation: "PotentialEquation"	RelError: 2.69753e-01	AbsError: 7.43307e-02
Iteration: 10
  Device: "mos2d"	RelError: 7.54081e+02	AbsError: 1.10176e-01
    Region: "bulk"	RelError: 7.53766e+02	AbsError: 1.10176e-01
      Equation: "PotentialEquation"	RelError: 7.53766e+02	AbsError: 1.10176e-01
    Region: "gate"	RelError: 2.33454e-02	AbsError: 1.39156e-02
      Equation: "PotentialEquation"	RelError: 2.33454e-02	AbsError: 1.39156e-02
    Region: "oxide"	RelError: 2.91763e-01	AbsError: 6.22369e-02
      Equation: "PotentialEquation"	RelError: 2.91763e-01	AbsError: 6.22369e-02
Iteration: 11
  Device: "mos2d"	RelError: 7.55619e+01	AbsError: 9.63428e-02
    Region: "bulk"	RelError: 7.53081e+01	AbsError: 9.63428e-02
      Equation: "PotentialEquation"	RelError: 7.53081e+01	AbsError: 9.63428e-02
    Region: "gate"	RelError: 1.43591e-04	AbsError: 8.55227e-05
      Equation: "PotentialEquation"	RelError: 1.43591e-04	AbsError: 8.55227e-05
    Region: "oxide"	RelError: 2.53611e-01	AbsError: 4.31543e-02
      Equation: "PotentialEquation"	RelError: 2.53611e-01	AbsError: 4.31543e-02
Iteration: 12
  Device: "mos2d"	RelError: 5.44907e+01	AbsError: 8.12737e-02
    Region: "bulk"	RelError: 5.43709e+01	AbsError: 8.12737e-02
      Equation: "PotentialEquation"	RelError: 5.43709e+01	AbsError: 8.12737e-02
    Region: "gate"	RelError: 1.01129e-04	AbsError: 6.02383e-05
      Equation: "PotentialEquation"	RelError: 1.01129e-04	AbsError: 6.02383e-05
    Region: "oxide"	RelError: 1.19745e-01	AbsError: 2.59068e-02
      Equation: "PotentialEquation"	RelError: 1.19745e-01	AbsError: 2.59068e-02
Iteration: 13
  Device: "mos2d"	RelError: 2.11039e+01	AbsError: 6.43082e-02
    Region: "bulk"	RelError: 2.09769e+01	AbsError: 6.43082e-02
      Equation: "PotentialEquation"	RelError: 2.09769e+01	AbsError: 6.43082e-02
    Region: "gate"	RelError: 6.49267e-05	AbsError: 3.86766e-05
      Equation: "PotentialEquation"	RelError: 6.49267e-05	AbsError: 3.86766e-05
    Region: "oxide"	RelError: 1.26900e-01	AbsError: 2.56703e-02
      Equation: "PotentialEquation"	RelError: 1.26900e-01	AbsError: 2.56703e-02
Iteration: 14
  Device: "mos2d"	RelError: 9.20368e+02	AbsError: 4.51765e-02
    Region: "bulk"	RelError: 9.20263e+02	AbsError: 4.51765e-02
      Equation: "PotentialEquation"	RelError: 9.20263e+02	AbsError: 4.51765e-02
    Region: "gate"	RelError: 3.35076e-05	AbsError: 1.99610e-05
      Equation: "PotentialEquation"	RelError: 3.35076e-05	AbsError: 1.99610e-05
    Region: "oxide"	RelError: 1.05695e-01	AbsError: 2.57802e-02
      Equation: "PotentialEquation"	RelError: 1.05695e-01	AbsError: 2.57802e-02
Iteration: 15
  Device: "mos2d"	RelError: 2.18025e+01	AbsError: 2.56963e-02
    Region: "bulk"	RelError: 2.17155e+01	AbsError: 2.56963e-02
      Equation: "PotentialEquation"	RelError: 2.17155e+01	AbsError: 2.56963e-02
    Region: "gate"	RelError: 1.23438e-05	AbsError: 7.35347e-06
      Equation: "PotentialEquation"	RelError: 1.23438e-05	AbsError: 7.35347e-06
    Region: "oxide"	RelError: 8.69714e-02	AbsError: 1.99695e-02
      Equation: "PotentialEquation"	RelError: 8.69714e-02	AbsError: 1.99695e-02
Iteration: 16
  Device: "mos2d"	RelError: 8.67433e+00	AbsError: 1.05703e-02
    Region: "bulk"	RelError: 8.66834e+00	AbsError: 1.05703e-02
      Equation: "PotentialEquation"	RelError: 8.66834e+00	AbsError: 1.05703e-02
    Region: "gate"	RelError: 2.44299e-06	AbsError: 1.45535e-06
      Equation: "PotentialEquation"	RelError: 2.44299e-06	AbsError: 1.45535e-06
    Region: "oxide"	RelError: 5.98530e-03	AbsError: 1.43378e-03
      Equation: "PotentialEquation"	RelError: 5.98530e-03	AbsError: 1.43378e-03
Iteration: 17
  Device: "mos2d"	RelError: 2.11112e+00	AbsError: 6.03641e-04
    Region: "bulk"	RelError: 2.11065e+00	AbsError: 6.03641e-04
      Equation: "PotentialEquation"	RelError: 2.11065e+00	AbsError: 6.03641e-04
    Region: "gate"	RelError: 1.95435e-07	AbsError: 1.16425e-07
      Equation: "PotentialEquation"	RelError: 1.95435e-07	AbsError: 1.16425e-07
    Region: "oxide"	RelError: 4.68721e-04	AbsError: 1.14881e-04
      Equation: "PotentialEquation"	RelError: 4.68721e-04	AbsError: 1.14881e-04
Iteration: 18
  Device: "mos2d"	RelError: 1.00974e-02	AbsError: 3.43517e-06
    Region: "bulk"	RelError: 1.00952e-02	AbsError: 3.43517e-06
      Equation: "PotentialEquation"	RelError: 1.00952e-02	AbsError: 3.43517e-06
    Region: "gate"	RelError: 9.46419e-10	AbsError: 5.63806e-10
      Equation: "PotentialEquation"	RelError: 9.46419e-10	AbsError: 5.63806e-10
    Region: "oxide"	RelError: 2.23579e-06	AbsError: 5.57286e-07
      Equation: "PotentialEquation"	RelError: 2.23579e-06	AbsError: 5.57286e-07
Iteration: 19
  Device: "mos2d"	RelError: 2.74330e-07	AbsError: 1.06714e-10
    Region: "bulk"	RelError: 2.74268e-07	AbsError: 1.06714e-10
      Equation: "PotentialEquation"	RelError: 2.74268e-07	AbsError: 1.06714e-10
    Region: "gate"	RelError: 2.62509e-14	AbsError: 1.56383e-14
      Equation: "PotentialEquation"	RelError: 2.62509e-14	AbsError: 1.56383e-14
    Region: "oxide"	RelError: 6.16046e-11	AbsError: 1.55150e-11
      Equation: "PotentialEquation"	RelError: 6.16046e-11	AbsError: 1.55150e-11
Iteration: 20
  Device: "mos2d"	RelError: 3.89280e-14	AbsError: 1.26265e-16
    Region: "bulk"	RelError: 3.84852e-14	AbsError: 1.23110e-16
      Equation: "PotentialEquation"	RelError: 3.84852e-14	AbsError: 1.23110e-16
    Region: "gate"	RelError: 2.11828e-16	AbsError: 1.26265e-16
      Equation: "PotentialEquation"	RelError: 2.11828e-16	AbsError: 1.26265e-16
    Region: "oxide"	RelError: 2.30929e-16	AbsError: 1.14716e-16
      Equation: "PotentialEquation"	RelError: 2.30929e-16	AbsError: 1.14716e-16
number of equations 2007
Iteration: 0
  Device: "mos2d"	RelError: 1.50307e-13	AbsError: 1.26409e-16
    Region: "bulk"	RelError: 1.49841e-13	AbsError: 1.20717e-16
      Equation: "PotentialEquation"	RelError: 1.49841e-13	AbsError: 1.20717e-16
    Region: "gate"	RelError: 2.12135e-16	AbsError: 1.26409e-16
      Equation: "PotentialEquation"	RelError: 2.12135e-16	AbsError: 1.26409e-16
    Region: "oxide"	RelError: 2.53601e-16	AbsError: 1.26409e-16
      Equation: "PotentialEquation"	RelError: 2.53601e-16	AbsError: 1.26409e-16
Warning: Replacing equation with equation of the same name.
Region: gate, Equation: PotentialEquation, Variable: Potential
Warning: Replacing equation with equation of the same name.
Region: bulk, Equation: PotentialEquation, Variable: Potential
number of equations 5543
Iteration: 0
  Device: "mos2d"	RelError: 2.32090e-10	AbsError: 4.87914e+05
    Region: "bulk"	RelError: 2.32079e-10	AbsError: 5.42720e+04
      Equation: "ElectronContinuityEquation"	RelError: 1.23196e-10	AbsError: 4.91520e+04
      Equation: "HoleContinuityEquation"	RelError: 1.08798e-10	AbsError: 5.12000e+03
      Equation: "PotentialEquation"	RelError: 8.50118e-14	AbsError: 2.52075e-16
    Region: "gate"	RelError: 9.84367e-15	AbsError: 4.87914e+05
      Equation: "ElectronContinuityEquation"	RelError: 4.87914e-15	AbsError: 4.87914e+05
      Equation: "HoleContinuityEquation"	RelError: 4.79611e-15	AbsError: 4.79611e-15
      Equation: "PotentialEquation"	RelError: 1.68418e-16	AbsError: 1.00390e-16
    Region: "oxide"	RelError: 1.93659e-16	AbsError: 9.31412e-17
      Equation: "PotentialEquation"	RelError: 1.93659e-16	AbsError: 9.31412e-17
=== SWEEP_START IDVD_VG1P0 ===
number of equations 5543
Iteration: 0
  Device: "mos2d"	RelError: 1.06171e-10	AbsError: 8.51800e+03
    Region: "bulk"	RelError: 1.06171e-10	AbsError: 1.33912e+03
      Equation: "ElectronContinuityEquation"	RelError: 1.86770e-11	AbsError: 1.05364e+03
      Equation: "HoleContinuityEquation"	RelError: 8.74663e-11	AbsError: 2.85478e+02
      Equation: "PotentialEquation"	RelError: 2.72633e-14	AbsError: 2.59497e-16
    Region: "gate"	RelError: 3.56187e-16	AbsError: 8.51800e+03
      Equation: "ElectronContinuityEquation"	RelError: 8.60075e-17	AbsError: 8.51800e+03
      Equation: "HoleContinuityEquation"	RelError: 1.77610e-16	AbsError: 1.77610e-16
      Equation: "PotentialEquation"	RelError: 9.25693e-17	AbsError: 5.51640e-17
    Region: "oxide"	RelError: 1.50224e-16	AbsError: 5.51640e-17
      Equation: "PotentialEquation"	RelError: 1.50224e-16	AbsError: 5.51640e-17
gate last end 0.000000e+00 5.000000e-01
number of equations 5543
Iteration: 0
  Device: "mos2d"	RelError: 6.52938e+01	AbsError: 9.54449e+16
    Region: "bulk"	RelError: 6.51974e+01	AbsError: 9.54449e+16
      Equation: "ElectronContinuityEquation"	RelError: 3.83312e-01	AbsError: 9.27189e+16
      Equation: "HoleContinuityEquation"	RelError: 1.64247e+00	AbsError: 2.72604e+15
      Equation: "PotentialEquation"	RelError: 6.31716e+01	AbsError: 1.60906e-02
    Region: "gate"	RelError: 3.33297e-02	AbsError: 4.24317e+16
      Equation: "ElectronContinuityEquation"	RelError: 4.27403e-04	AbsError: 4.24317e+16
      Equation: "HoleContinuityEquation"	RelError: 4.27038e-04	AbsError: 4.30144e-04
      Equation: "PotentialEquation"	RelError: 3.24753e-02	AbsError: 2.00000e-02
    Region: "oxide"	RelError: 6.31462e-02	AbsError: 1.99977e-02
      Equation: "PotentialEquation"	RelError: 6.31462e-02	AbsError: 1.99977e-02
Iteration: 1
  Device: "mos2d"	RelError: 6.48920e-01	AbsError: 5.79914e+15
    Region: "bulk"	RelError: 6.48393e-01	AbsError: 5.79914e+15
      Equation: "ElectronContinuityEquation"	RelError: 1.28792e-01	AbsError: 5.72054e+15
      Equation: "HoleContinuityEquation"	RelError: 2.95048e-01	AbsError: 7.85982e+13
      Equation: "PotentialEquation"	RelError: 2.24553e-01	AbsError: 2.22674e-04
    Region: "gate"	RelError: 1.47982e-05	AbsError: 7.10386e+14
      Equation: "ElectronContinuityEquation"	RelError: 7.15557e-06	AbsError: 7.10386e+14
      Equation: "HoleContinuityEquation"	RelError: 7.33798e-06	AbsError: 7.39140e-06
      Equation: "PotentialEquation"	RelError: 3.04600e-07	AbsError: 1.87599e-07
    Region: "oxide"	RelError: 5.12483e-04	AbsError: 2.22674e-04
      Equation: "PotentialEquation"	RelError: 5.12483e-04	AbsError: 2.22674e-04
Iteration: 2
  Device: "mos2d"	RelError: 1.48385e-03	AbsError: 9.50291e+12
    Region: "bulk"	RelError: 1.48339e-03	AbsError: 9.50291e+12
      Equation: "ElectronContinuityEquation"	RelError: 7.58710e-04	AbsError: 9.48363e+12
      Equation: "HoleContinuityEquation"	RelError: 4.73561e-04	AbsError: 1.92814e+10
      Equation: "PotentialEquation"	RelError: 2.51118e-04	AbsError: 2.01088e-07
    Region: "gate"	RelError: 1.03356e-08	AbsError: 5.05604e+11
      Equation: "ElectronContinuityEquation"	RelError: 5.07946e-09	AbsError: 5.05604e+11
      Equation: "HoleContinuityEquation"	RelError: 5.04337e-09	AbsError: 5.06673e-09
      Equation: "PotentialEquation"	RelError: 2.12728e-10	AbsError: 1.31031e-10
    Region: "oxide"	RelError: 4.53739e-07	AbsError: 2.01088e-07
      Equation: "PotentialEquation"	RelError: 4.53739e-07	AbsError: 2.01088e-07
Iteration: 3
  Device: "mos2d"	RelError: 3.72729e-09	AbsError: 2.03006e+07
    Region: "bulk"	RelError: 3.72655e-09	AbsError: 2.03006e+07
      Equation: "ElectronContinuityEquation"	RelError: 1.13463e-09	AbsError: 2.02967e+07
      Equation: "HoleContinuityEquation"	RelError: 2.41903e-09	AbsError: 3.91966e+03
      Equation: "PotentialEquation"	RelError: 1.72886e-10	AbsError: 3.30207e-13
    Region: "gate"	RelError: 1.60425e-14	AbsError: 7.80003e+05
      Equation: "ElectronContinuityEquation"	RelError: 7.83616e-15	AbsError: 7.80003e+05
      Equation: "HoleContinuityEquation"	RelError: 7.96651e-15	AbsError: 8.00341e-15
      Equation: "PotentialEquation"	RelError: 2.39883e-16	AbsError: 1.47757e-16
    Region: "oxide"	RelError: 7.25855e-13	AbsError: 3.30207e-13
      Equation: "PotentialEquation"	RelError: 7.25855e-13	AbsError: 3.30207e-13
Succeeded
gate last end 2.000000e-02 5.000000e-01
number of equations 5543
Iteration: 0
  Device: "mos2d"	RelError: 1.07750e+01	AbsError: 1.01434e+17
    Region: "bulk"	RelError: 1.06832e+01	AbsError: 1.01434e+17
      Equation: "ElectronContinuityEquation"	RelError: 3.83524e-01	AbsError: 9.87403e+16
      Equation: "HoleContinuityEquation"	RelError: 1.64636e+00	AbsError: 2.69389e+15
      Equation: "PotentialEquation"	RelError: 8.65334e+00	AbsError: 1.61050e-02
    Region: "gate"	RelError: 3.23379e-02	AbsError: 4.38819e+16
      Equation: "ElectronContinuityEquation"	RelError: 4.42209e-04	AbsError: 4.38819e+16
      Equation: "HoleContinuityEquation"	RelError: 4.41819e-04	AbsError: 4.45232e-04
      Equation: "PotentialEquation"	RelError: 3.14539e-02	AbsError: 2.00000e-02
    Region: "oxide"	RelError: 5.94816e-02	AbsError: 1.99977e-02
      Equation: "PotentialEquation"	RelError: 5.94816e-02	AbsError: 1.99977e-02
Iteration: 1
  Device: "mos2d"	RelError: 4.43115e-01	AbsError: 6.05267e+15
    Region: "bulk"	RelError: 4.42531e-01	AbsError: 6.05267e+15
      Equation: "ElectronContinuityEquation"	RelError: 1.28740e-01	AbsError: 5.97397e+15
      Equation: "HoleContinuityEquation"	RelError: 2.95837e-01	AbsError: 7.86966e+13
      Equation: "PotentialEquation"	RelError: 1.79539e-02	AbsError: 2.42904e-04
    Region: "gate"	RelError: 1.66428e-05	AbsError: 7.99592e+14
      Equation: "ElectronContinuityEquation"	RelError: 8.05775e-06	AbsError: 7.99592e+14
      Equation: "HoleContinuityEquation"	RelError: 8.25300e-06	AbsError: 8.31682e-06
      Equation: "PotentialEquation"	RelError: 3.32016e-07	AbsError: 2.11121e-07
    Region: "oxide"	RelError: 5.67634e-04	AbsError: 2.42904e-04
      Equation: "PotentialEquation"	RelError: 5.67634e-04	AbsError: 2.42904e-04
Iteration: 2
  Device: "mos2d"	RelError: 1.36057e-03	AbsError: 1.02154e+13
    Region: "bulk"	RelError: 1.36005e-03	AbsError: 1.02154e+13
      Equation: "ElectronContinuityEquation"	RelError: 8.24759e-04	AbsError: 1.01951e+13
      Equation: "HoleContinuityEquation"	RelError: 5.10622e-04	AbsError: 2.02775e+10
      Equation: "PotentialEquation"	RelError: 2.46706e-05	AbsError: 2.30238e-07
    Region: "gate"	RelError: 9.99623e-09	AbsError: 4.89381e+11
      Equation: "ElectronContinuityEquation"	RelError: 4.93165e-09	AbsError: 4.89381e+11
      Equation: "HoleContinuityEquation"	RelError: 4.86514e-09	AbsError: 4.90277e-09
      Equation: "PotentialEquation"	RelError: 1.99435e-10	AbsError: 1.26816e-10
    Region: "oxide"	RelError: 5.13608e-07	AbsError: 2.30238e-07
      Equation: "PotentialEquation"	RelError: 5.13608e-07	AbsError: 2.30238e-07
Iteration: 3
  Device: "mos2d"	RelError: 4.66503e-09	AbsError: 2.42609e+07
    Region: "bulk"	RelError: 4.66413e-09	AbsError: 2.42609e+07
      Equation: "ElectronContinuityEquation"	RelError: 1.92679e-09	AbsError: 2.42524e+07
      Equation: "HoleContinuityEquation"	RelError: 2.71193e-09	AbsError: 8.45187e+03
      Equation: "PotentialEquation"	RelError: 2.53989e-11	AbsError: 4.00130e-13
    Region: "gate"	RelError: 1.32760e-14	AbsError: 6.60351e+05
      Equation: "ElectronContinuityEquation"	RelError: 6.65457e-15	AbsError: 6.60351e+05
      Equation: "HoleContinuityEquation"	RelError: 6.39021e-15	AbsError: 6.43963e-15
      Equation: "PotentialEquation"	RelError: 2.31171e-16	AbsError: 1.46996e-16
    Region: "oxide"	RelError: 8.92598e-13	AbsError: 4.00130e-13
      Equation: "PotentialEquation"	RelError: 8.92598e-13	AbsError: 4.00130e-13
Succeeded
gate last end 4.000000e-02 5.000000e-01
number of equations 5543
Iteration: 0
  Device: "mos2d"	RelError: 2.39749e+01	AbsError: 1.06427e+17
    Region: "bulk"	RelError: 2.38872e+01	AbsError: 1.06427e+17
      Equation: "ElectronContinuityEquation"	RelError: 3.83558e-01	AbsError: 1.03781e+17
      Equation: "HoleContinuityEquation"	RelError: 1.64700e+00	AbsError: 2.64617e+15
      Equation: "PotentialEquation"	RelError: 2.18567e+01	AbsError: 1.61074e-02
    Region: "gate"	RelError: 3.14119e-02	AbsError: 4.55085e+16
      Equation: "ElectronContinuityEquation"	RelError: 4.58814e-04	AbsError: 4.55085e+16
      Equation: "HoleContinuityEquation"	RelError: 4.58394e-04	AbsError: 4.62150e-04
      Equation: "PotentialEquation"	RelError: 3.04947e-02	AbsError: 2.00000e-02
    Region: "oxide"	RelError: 5.61972e-02	AbsError: 1.99978e-02
      Equation: "PotentialEquation"	RelError: 5.61972e-02	AbsError: 1.99978e-02
Iteration: 1
  Device: "mos2d"	RelError: 5.02631e-01	AbsError: 7.30587e+15
    Region: "bulk"	RelError: 5.01987e-01	AbsError: 7.30587e+15
      Equation: "ElectronContinuityEquation"	RelError: 1.28415e-01	AbsError: 7.22729e+15
      Equation: "HoleContinuityEquation"	RelError: 2.96183e-01	AbsError: 7.85753e+13
      Equation: "PotentialEquation"	RelError: 7.73895e-02	AbsError: 2.68280e-04
    Region: "gate"	RelError: 1.83279e-05	AbsError: 8.80923e+14
      Equation: "ElectronContinuityEquation"	RelError: 8.88150e-06	AbsError: 8.80923e+14
      Equation: "HoleContinuityEquation"	RelError: 9.09166e-06	AbsError: 9.16625e-06
      Equation: "PotentialEquation"	RelError: 3.54705e-07	AbsError: 2.32638e-07
    Region: "oxide"	RelError: 6.25577e-04	AbsError: 2.68280e-04
      Equation: "PotentialEquation"	RelError: 6.25577e-04	AbsError: 2.68280e-04
Iteration: 2
  Device: "mos2d"	RelError: 1.61614e-03	AbsError: 9.53373e+12
    Region: "bulk"	RelError: 1.61557e-03	AbsError: 9.53373e+12
      Equation: "ElectronContinuityEquation"	RelError: 8.91915e-04	AbsError: 9.50893e+12
      Equation: "HoleContinuityEquation"	RelError: 5.72588e-04	AbsError: 2.48003e+10
      Equation: "PotentialEquation"	RelError: 1.51063e-04	AbsError: 2.43588e-07
    Region: "gate"	RelError: 1.28639e-08	AbsError: 6.29617e+11
      Equation: "ElectronContinuityEquation"	RelError: 6.34782e-09	AbsError: 6.29617e+11
      Equation: "HoleContinuityEquation"	RelError: 6.26707e-09	AbsError: 6.31848e-09
      Equation: "PotentialEquation"	RelError: 2.48975e-10	AbsError: 1.63294e-10
    Region: "oxide"	RelError: 5.59495e-07	AbsError: 2.43588e-07
      Equation: "PotentialEquation"	RelError: 5.59495e-07	AbsError: 2.43588e-07
Iteration: 3
  Device: "mos2d"	RelError: 6.71132e-09	AbsError: 2.09901e+07
    Region: "bulk"	RelError: 6.71041e-09	AbsError: 2.09901e+07
      Equation: "ElectronContinuityEquation"	RelError: 3.18151e-09	AbsError: 2.09750e+07
      Equation: "HoleContinuityEquation"	RelError: 3.40701e-09	AbsError: 1.50724e+04
      Equation: "PotentialEquation"	RelError: 1.21887e-10	AbsError: 4.04142e-13
    Region: "gate"	RelError: 1.75725e-14	AbsError: 8.41931e+05
      Equation: "ElectronContinuityEquation"	RelError: 8.48839e-15	AbsError: 8.41931e+05
      Equation: "HoleContinuityEquation"	RelError: 8.56995e-15	AbsError: 8.64026e-15
      Equation: "PotentialEquation"	RelError: 5.14209e-16	AbsError: 3.37251e-16
    Region: "oxide"	RelError: 8.90034e-13	AbsError: 4.04142e-13
      Equation: "PotentialEquation"	RelError: 8.90034e-13	AbsError: 4.04142e-13
Succeeded
gate last end 6.000000e-02 5.000000e-01
number of equations 5543
Iteration: 0
  Device: "mos2d"	RelError: 6.09494e+01	AbsError: 1.10471e+17
    Region: "bulk"	RelError: 6.08657e+01	AbsError: 1.10471e+17
      Equation: "ElectronContinuityEquation"	RelError: 3.83297e-01	AbsError: 1.07852e+17
      Equation: "HoleContinuityEquation"	RelError: 1.64218e+00	AbsError: 2.61939e+15
      Equation: "PotentialEquation"	RelError: 5.88402e+01	AbsError: 1.60895e-02
    Region: "gate"	RelError: 3.05459e-02	AbsError: 4.72931e+16
      Equation: "ElectronContinuityEquation"	RelError: 4.77039e-04	AbsError: 4.72931e+16
      Equation: "HoleContinuityEquation"	RelError: 4.76584e-04	AbsError: 4.80723e-04
      Equation: "PotentialEquation"	RelError: 2.95923e-02	AbsError: 2.00000e-02
    Region: "oxide"	RelError: 5.32188e-02	AbsError: 1.99977e-02
      Equation: "PotentialEquation"	RelError: 5.32188e-02	AbsError: 1.99977e-02
Iteration: 1
  Device: "mos2d"	RelError: 4.55962e-01	AbsError: 8.37867e+15
    Region: "bulk"	RelError: 4.55262e-01	AbsError: 8.37867e+15
      Equation: "ElectronContinuityEquation"	RelError: 1.27623e-01	AbsError: 8.30101e+15
      Equation: "HoleContinuityEquation"	RelError: 2.95788e-01	AbsError: 7.76612e+13
      Equation: "PotentialEquation"	RelError: 3.18509e-02	AbsError: 2.97312e-04
    Region: "gate"	RelError: 1.97040e-05	AbsError: 9.47094e+14
      Equation: "ElectronContinuityEquation"	RelError: 9.55329e-06	AbsError: 9.47094e+14
      Equation: "HoleContinuityEquation"	RelError: 9.78046e-06	AbsError: 9.86550e-06
      Equation: "PotentialEquation"	RelError: 3.70273e-07	AbsError: 2.50249e-07
    Region: "oxide"	RelError: 6.80148e-04	AbsError: 2.97312e-04
      Equation: "PotentialEquation"	RelError: 6.80148e-04	AbsError: 2.97312e-04
Iteration: 2
  Device: "mos2d"	RelError: 2.14612e-03	AbsError: 1.15272e+13
    Region: "bulk"	RelError: 2.14546e-03	AbsError: 1.15272e+13
      Equation: "ElectronContinuityEquation"	RelError: 9.55556e-04	AbsError: 1.14920e+13
      Equation: "HoleContinuityEquation"	RelError: 6.33027e-04	AbsError: 3.51294e+10
      Equation: "PotentialEquation"	RelError: 5.56881e-04	AbsError: 2.84484e-07
    Region: "gate"	RelError: 1.56623e-08	AbsError: 7.66405e+11
      Equation: "ElectronContinuityEquation"	RelError: 7.73068e-09	AbsError: 7.66405e+11
      Equation: "HoleContinuityEquation"	RelError: 7.63724e-09	AbsError: 7.70364e-09
      Equation: "PotentialEquation"	RelError: 2.94340e-10	AbsError: 1.98930e-10
    Region: "oxide"	RelError: 6.44120e-07	AbsError: 2.84484e-07
      Equation: "PotentialEquation"	RelError: 6.44120e-07	AbsError: 2.84484e-07
Iteration: 3
  Device: "mos2d"	RelError: 9.99132e-09	AbsError: 2.27012e+07
    Region: "bulk"	RelError: 9.98996e-09	AbsError: 2.27012e+07
      Equation: "ElectronContinuityEquation"	RelError: 5.11828e-09	AbsError: 2.26777e+07
      Equation: "HoleContinuityEquation"	RelError: 4.53274e-09	AbsError: 2.34848e+04
      Equation: "PotentialEquation"	RelError: 3.38940e-10	AbsError: 4.95535e-13
    Region: "gate"	RelError: 2.21446e-14	AbsError: 1.08473e+06
      Equation: "ElectronContinuityEquation"	RelError: 1.09360e-14	AbsError: 1.08473e+06
      Equation: "HoleContinuityEquation"	RelError: 1.07654e-14	AbsError: 1.08534e-14
      Equation: "PotentialEquation"	RelError: 4.43167e-16	AbsError: 2.99515e-16
    Region: "oxide"	RelError: 1.33804e-12	AbsError: 4.95535e-13
      Equation: "PotentialEquation"	RelError: 1.33804e-12	AbsError: 4.95535e-13
Succeeded
gate last end 8.000000e-02 5.000000e-01
number of equations 5543
Iteration: 0
  Device: "mos2d"	RelError: 3.61239e+01	AbsError: 1.17526e+17
    Region: "bulk"	RelError: 3.60437e+01	AbsError: 1.17526e+17
      Equation: "ElectronContinuityEquation"	RelError: 3.82523e-01	AbsError: 1.14926e+17
      Equation: "HoleContinuityEquation"	RelError: 1.62808e+00	AbsError: 2.60038e+15
      Equation: "PotentialEquation"	RelError: 3.40331e+01	AbsError: 1.60369e-02
    Region: "gate"	RelError: 2.97343e-02	AbsError: 4.92032e+16
      Equation: "ElectronContinuityEquation"	RelError: 4.96557e-04	AbsError: 4.92032e+16
      Equation: "HoleContinuityEquation"	RelError: 4.96064e-04	AbsError: 5.00626e-04
      Equation: "PotentialEquation"	RelError: 2.87417e-02	AbsError: 2.00000e-02
    Region: "oxide"	RelError: 5.04765e-02	AbsError: 1.99977e-02
      Equation: "PotentialEquation"	RelError: 5.04765e-02	AbsError: 1.99977e-02
Iteration: 1
  Device: "mos2d"	RelError: 4.76211e-01	AbsError: 9.09947e+15
    Region: "bulk"	RelError: 4.75420e-01	AbsError: 9.09947e+15
      Equation: "ElectronContinuityEquation"	RelError: 1.26219e-01	AbsError: 9.02160e+15
      Equation: "HoleContinuityEquation"	RelError: 2.94134e-01	AbsError: 7.78699e+13
      Equation: "PotentialEquation"	RelError: 5.50675e-02	AbsError: 3.27361e-04
    Region: "gate"	RelError: 2.06255e-05	AbsError: 9.91012e+14
      Equation: "ElectronContinuityEquation"	RelError: 1.00014e-05	AbsError: 9.91012e+14
      Equation: "HoleContinuityEquation"	RelError: 1.02475e-05	AbsError: 1.03418e-05
      Equation: "PotentialEquation"	RelError: 3.76660e-07	AbsError: 2.62094e-07
    Region: "oxide"	RelError: 7.70376e-04	AbsError: 3.27361e-04
      Equation: "PotentialEquation"	RelError: 7.70376e-04	AbsError: 3.27361e-04
Iteration: 2
  Device: "mos2d"	RelError: 2.21366e-03	AbsError: 1.40044e+13
    Region: "bulk"	RelError: 2.21261e-03	AbsError: 1.40044e+13
      Equation: "ElectronContinuityEquation"	RelError: 1.00662e-03	AbsError: 1.39508e+13
      Equation: "HoleContinuityEquation"	RelError: 6.61994e-04	AbsError: 5.36685e+10
      Equation: "PotentialEquation"	RelError: 5.44001e-04	AbsError: 3.57290e-07
    Region: "gate"	RelError: 2.46195e-08	AbsError: 1.19123e+12
      Equation: "ElectronContinuityEquation"	RelError: 1.20840e-08	AbsError: 1.19123e+12
      Equation: "HoleContinuityEquation"	RelError: 1.20858e-08	AbsError: 1.22601e-08
      Equation: "PotentialEquation"	RelError: 4.49680e-10	AbsError: 3.12845e-10
    Region: "oxide"	RelError: 1.02337e-06	AbsError: 3.52267e-07
      Equation: "PotentialEquation"	RelError: 1.02337e-06	AbsError: 3.52267e-07
Iteration: 3
  Device: "mos2d"	RelError: 1.42267e-08	AbsError: 3.51160e+07
    Region: "bulk"	RelError: 1.42233e-08	AbsError: 3.51160e+07
      Equation: "ElectronContinuityEquation"	RelError: 7.97874e-09	AbsError: 3.49853e+07
      Equation: "HoleContinuityEquation"	RelError: 5.47526e-09	AbsError: 1.30739e+05
      Equation: "PotentialEquation"	RelError: 7.69309e-10	AbsError: 1.15743e-12
    Region: "gate"	RelError: 7.54820e-14	AbsError: 3.67383e+06
      Equation: "ElectronContinuityEquation"	RelError: 3.71654e-14	AbsError: 3.67383e+06
      Equation: "HoleContinuityEquation"	RelError: 3.69652e-14	AbsError: 3.73950e-14
      Equation: "PotentialEquation"	RelError: 1.35139e-15	AbsError: 9.40262e-16
    Region: "oxide"	RelError: 3.34110e-12	AbsError: 1.14714e-12
      Equation: "PotentialEquation"	RelError: 3.34110e-12	AbsError: 1.14714e-12
Succeeded
gate last end 1.000000e-01 5.000000e-01
number of equations 5543
Iteration: 0
  Device: "mos2d"	RelError: 1.42832e+01	AbsError: 1.24090e+17
    Region: "bulk"	RelError: 1.42063e+01	AbsError: 1.24090e+17
      Equation: "ElectronContinuityEquation"	RelError: 3.81044e-01	AbsError: 1.21529e+17
      Equation: "HoleContinuityEquation"	RelError: 1.60162e+00	AbsError: 2.56091e+15
      Equation: "PotentialEquation"	RelError: 1.22236e+01	AbsError: 1.59368e-02
    Region: "gate"	RelError: 2.89719e-02	AbsError: 5.11921e+16
      Equation: "ElectronContinuityEquation"	RelError: 5.16900e-04	AbsError: 5.11921e+16
      Equation: "HoleContinuityEquation"	RelError: 5.16367e-04	AbsError: 5.21389e-04
      Equation: "PotentialEquation"	RelError: 2.79386e-02	AbsError: 2.00000e-02
    Region: "oxide"	RelError: 4.78966e-02	AbsError: 1.99977e-02
      Equation: "PotentialEquation"	RelError: 4.78966e-02	AbsError: 1.99977e-02
Iteration: 1
  Device: "mos2d"	RelError: 7.22908e-01	AbsError: 9.35486e+15
    Region: "bulk"	RelError: 7.22039e-01	AbsError: 9.35486e+15
      Equation: "ElectronContinuityEquation"	RelError: 1.23937e-01	AbsError: 9.27592e+15
      Equation: "HoleContinuityEquation"	RelError: 2.90342e-01	AbsError: 7.89354e+13
      Equation: "PotentialEquation"	RelError: 3.07760e-01	AbsError: 3.67771e-04
    Region: "gate"	RelError: 2.09737e-05	AbsError: 1.00692e+15
      Equation: "ElectronContinuityEquation"	RelError: 1.01673e-05	AbsError: 1.00692e+15
      Equation: "HoleContinuityEquation"	RelError: 1.04340e-05	AbsError: 1.05356e-05
      Equation: "PotentialEquation"	RelError: 3.72515e-07	AbsError: 2.66655e-07
    Region: "oxide"	RelError: 8.47840e-04	AbsError: 3.67771e-04
      Equation: "PotentialEquation"	RelError: 8.47840e-04	AbsError: 3.67771e-04
Iteration: 2
  Device: "mos2d"	RelError: 2.00016e-03	AbsError: 1.62056e+13
    Region: "bulk"	RelError: 1.99853e-03	AbsError: 1.62056e+13
      Equation: "ElectronContinuityEquation"	RelError: 1.03571e-03	AbsError: 1.61252e+13
      Equation: "HoleContinuityEquation"	RelError: 7.36275e-04	AbsError: 8.04530e+10
      Equation: "PotentialEquation"	RelError: 2.26543e-04	AbsError: 5.87334e-07
    Region: "gate"	RelError: 4.25116e-08	AbsError: 2.05740e+12
      Equation: "ElectronContinuityEquation"	RelError: 2.08742e-08	AbsError: 2.05740e+12
      Equation: "HoleContinuityEquation"	RelError: 2.08823e-08	AbsError: 2.11870e-08
      Equation: "PotentialEquation"	RelError: 7.55175e-10	AbsError: 5.40478e-10
    Region: "oxide"	RelError: 1.59170e-06	AbsError: 5.79613e-07
      Equation: "PotentialEquation"	RelError: 1.59170e-06	AbsError: 5.79613e-07
Iteration: 3
  Device: "mos2d"	RelError: 2.18078e-08	AbsError: 1.26155e+08
    Region: "bulk"	RelError: 2.17949e-08	AbsError: 1.26155e+08
      Equation: "ElectronContinuityEquation"	RelError: 1.16867e-08	AbsError: 1.25631e+08
      Equation: "HoleContinuityEquation"	RelError: 8.07601e-09	AbsError: 5.24836e+05
      Equation: "PotentialEquation"	RelError: 2.03222e-09	AbsError: 4.62386e-12
    Region: "gate"	RelError: 3.02300e-13	AbsError: 1.46866e+07
      Equation: "ElectronContinuityEquation"	RelError: 1.48595e-13	AbsError: 1.46866e+07
      Equation: "HoleContinuityEquation"	RelError: 1.48410e-13	AbsError: 1.50157e-13
      Equation: "PotentialEquation"	RelError: 5.29463e-15	AbsError: 3.78975e-15
    Region: "oxide"	RelError: 1.25190e-11	AbsError: 4.56870e-12
      Equation: "PotentialEquation"	RelError: 1.25190e-11	AbsError: 4.56870e-12
Succeeded
gate last end 1.200000e-01 5.000000e-01
number of equations 5543
Iteration: 0
  Device: "mos2d"	RelError: 1.25127e+01	AbsError: 1.29385e+17
    Region: "bulk"	RelError: 1.24391e+01	AbsError: 1.29385e+17
      Equation: "ElectronContinuityEquation"	RelError: 3.78601e-01	AbsError: 1.26889e+17
      Equation: "HoleContinuityEquation"	RelError: 1.55932e+00	AbsError: 2.49630e+15
      Equation: "PotentialEquation"	RelError: 1.05012e+01	AbsError: 1.57723e-02
    Region: "gate"	RelError: 2.82534e-02	AbsError: 5.32024e+16
      Equation: "ElectronContinuityEquation"	RelError: 5.37494e-04	AbsError: 5.32024e+16
      Equation: "HoleContinuityEquation"	RelError: 5.36916e-04	AbsError: 5.42436e-04
      Equation: "PotentialEquation"	RelError: 2.71790e-02	AbsError: 2.00000e-02
    Region: "oxide"	RelError: 4.53926e-02	AbsError: 1.99976e-02
      Equation: "PotentialEquation"	RelError: 4.53926e-02	AbsError: 1.99976e-02
Iteration: 1
  Device: "mos2d"	RelError: 5.18587e-01	AbsError: 9.14134e+15
    Region: "bulk"	RelError: 5.17645e-01	AbsError: 9.14134e+15
      Equation: "ElectronContinuityEquation"	RelError: 1.20315e-01	AbsError: 9.06091e+15
      Equation: "HoleContinuityEquation"	RelError: 2.84679e-01	AbsError: 8.04242e+13
      Equation: "PotentialEquation"	RelError: 1.12651e-01	AbsError: 3.94705e-04
    Region: "gate"	RelError: 2.25589e-05	AbsError: 1.09389e+15
      Equation: "ElectronContinuityEquation"	RelError: 1.10396e-05	AbsError: 1.09389e+15
      Equation: "HoleContinuityEquation"	RelError: 1.11294e-05	AbsError: 1.12318e-05
      Equation: "PotentialEquation"	RelError: 3.89959e-07	AbsError: 2.86946e-07
    Region: "oxide"	RelError: 9.19337e-04	AbsError: 3.94705e-04
      Equation: "PotentialEquation"	RelError: 9.19337e-04	AbsError: 3.94705e-04
Iteration: 2
  Device: "mos2d"	RelError: 2.30932e-03	AbsError: 2.07039e+13
    Region: "bulk"	RelError: 2.30705e-03	AbsError: 2.07039e+13
      Equation: "ElectronContinuityEquation"	RelError: 1.01846e-03	AbsError: 2.05972e+13
      Equation: "HoleContinuityEquation"	RelError: 7.97319e-04	AbsError: 1.06700e+11
      Equation: "PotentialEquation"	RelError: 4.91270e-04	AbsError: 8.17446e-07
    Region: "gate"	RelError: 6.42727e-08	AbsError: 3.11069e+12
      Equation: "ElectronContinuityEquation"	RelError: 3.15665e-08	AbsError: 3.11069e+12
      Equation: "HoleContinuityEquation"	RelError: 3.15950e-08	AbsError: 3.20618e-08
      Equation: "PotentialEquation"	RelError: 1.11124e-09	AbsError: 8.17536e-10
    Region: "oxide"	RelError: 2.20846e-06	AbsError: 8.13609e-07
      Equation: "PotentialEquation"	RelError: 2.20846e-06	AbsError: 8.13609e-07
Iteration: 3
  Device: "mos2d"	RelError: 3.05626e-08	AbsError: 2.93998e+08
    Region: "bulk"	RelError: 3.05335e-08	AbsError: 2.93998e+08
      Equation: "ElectronContinuityEquation"	RelError: 1.54408e-08	AbsError: 2.92701e+08
      Equation: "HoleContinuityEquation"	RelError: 9.03179e-09	AbsError: 1.29650e+06
      Equation: "PotentialEquation"	RelError: 6.06087e-09	AbsError: 1.09526e-11
    Region: "gate"	RelError: 7.28110e-13	AbsError: 3.53083e+07
      Equation: "ElectronContinuityEquation"	RelError: 3.58300e-13	AbsError: 3.53083e+07
      Equation: "HoleContinuityEquation"	RelError: 3.57243e-13	AbsError: 3.62521e-13
      Equation: "PotentialEquation"	RelError: 1.25670e-14	AbsError: 9.24548e-15
    Region: "oxide"	RelError: 2.83589e-11	AbsError: 1.08626e-11
      Equation: "PotentialEquation"	RelError: 2.83589e-11	AbsError: 1.08626e-11
Succeeded
gate last end 1.400000e-01 5.000000e-01
number of equations 5543
Iteration: 0
  Device: "mos2d"	RelError: 2.00911e+01	AbsError: 1.36296e+17
    Region: "bulk"	RelError: 2.00206e+01	AbsError: 1.36296e+17
      Equation: "ElectronContinuityEquation"	RelError: 3.74670e-01	AbsError: 1.33895e+17
      Equation: "HoleContinuityEquation"	RelError: 1.49473e+00	AbsError: 2.40024e+15
      Equation: "PotentialEquation"	RelError: 1.81512e+01	AbsError: 1.55104e-02
    Region: "gate"	RelError: 2.75743e-02	AbsError: 5.51717e+16
      Equation: "ElectronContinuityEquation"	RelError: 5.57705e-04	AbsError: 5.51717e+16
      Equation: "HoleContinuityEquation"	RelError: 5.57084e-04	AbsError: 5.63131e-04
      Equation: "PotentialEquation"	RelError: 2.64595e-02	AbsError: 2.00000e-02
    Region: "oxide"	RelError: 4.28574e-02	AbsError: 1.99974e-02
      Equation: "PotentialEquation"	RelError: 4.28574e-02	AbsError: 1.99974e-02
Iteration: 1
  Device: "mos2d"	RelError: 5.97239e-01	AbsError: 1.00835e+16
    Region: "bulk"	RelError: 5.96208e-01	AbsError: 1.00835e+16
      Equation: "ElectronContinuityEquation"	RelError: 1.14136e-01	AbsError: 9.99634e+15
      Equation: "HoleContinuityEquation"	RelError: 2.75514e-01	AbsError: 8.71389e+13
      Equation: "PotentialEquation"	RelError: 2.06559e-01	AbsError: 4.33681e-04
    Region: "gate"	RelError: 2.48114e-05	AbsError: 1.20302e+15
      Equation: "ElectronContinuityEquation"	RelError: 1.21449e-05	AbsError: 1.20302e+15
      Equation: "HoleContinuityEquation"	RelError: 1.22487e-05	AbsError: 1.23655e-05
      Equation: "PotentialEquation"	RelError: 4.17742e-07	AbsError: 3.15742e-07
    Region: "oxide"	RelError: 1.00587e-03	AbsError: 4.30722e-04
      Equation: "PotentialEquation"	RelError: 1.00587e-03	AbsError: 4.30722e-04
Iteration: 2
  Device: "mos2d"	RelError: 2.73527e-03	AbsError: 1.88966e+13
    Region: "bulk"	RelError: 2.73266e-03	AbsError: 1.88966e+13
      Equation: "ElectronContinuityEquation"	RelError: 9.40447e-04	AbsError: 1.87865e+13
      Equation: "HoleContinuityEquation"	RelError: 1.06250e-03	AbsError: 1.10107e+11
      Equation: "PotentialEquation"	RelError: 7.29720e-04	AbsError: 9.58094e-07
    Region: "gate"	RelError: 7.38632e-08	AbsError: 3.57321e+12
      Equation: "ElectronContinuityEquation"	RelError: 3.62671e-08	AbsError: 3.57321e+12
      Equation: "HoleContinuityEquation"	RelError: 3.63523e-08	AbsError: 3.68966e-08
      Equation: "PotentialEquation"	RelError: 1.24384e-09	AbsError: 9.39954e-10
    Region: "oxide"	RelError: 2.53332e-06	AbsError: 9.54268e-07
      Equation: "PotentialEquation"	RelError: 2.53332e-06	AbsError: 9.54268e-07
Iteration: 3
  Device: "mos2d"	RelError: 3.60047e-08	AbsError: 2.76469e+08
    Region: "bulk"	RelError: 3.59674e-08	AbsError: 2.76469e+08
      Equation: "ElectronContinuityEquation"	RelError: 1.65044e-08	AbsError: 2.74846e+08
      Equation: "HoleContinuityEquation"	RelError: 1.16872e-08	AbsError: 1.62248e+06
      Equation: "PotentialEquation"	RelError: 7.77586e-09	AbsError: 1.39042e-11
    Region: "gate"	RelError: 1.08439e-12	AbsError: 5.25944e+07
      Equation: "ElectronContinuityEquation"	RelError: 5.33819e-13	AbsError: 5.25944e+07
      Equation: "HoleContinuityEquation"	RelError: 5.32364e-13	AbsError: 5.40335e-13
      Equation: "PotentialEquation"	RelError: 1.82065e-14	AbsError: 1.37585e-14
    Region: "oxide"	RelError: 3.61938e-11	AbsError: 1.39042e-11
      Equation: "PotentialEquation"	RelError: 3.61938e-11	AbsError: 1.39042e-11
Succeeded
gate last end 1.600000e-01 5.000000e-01
number of equations 5543
Iteration: 0
  Device: "mos2d"	RelError: 5.15307e+01	AbsError: 1.52893e+17
    Region: "bulk"	RelError: 5.14636e+01	AbsError: 1.52893e+17
      Equation: "ElectronContinuityEquation"	RelError: 3.67809e-01	AbsError: 1.50627e+17
      Equation: "HoleContinuityEquation"	RelError: 1.39120e+00	AbsError: 2.26570e+15
      Equation: "PotentialEquation"	RelError: 4.97046e+01	AbsError: 1.50612e-02
    Region: "gate"	RelError: 2.69300e-02	AbsError: 5.70397e+16
      Equation: "ElectronContinuityEquation"	RelError: 5.76927e-04	AbsError: 5.70397e+16
      Equation: "HoleContinuityEquation"	RelError: 5.76262e-04	AbsError: 5.82858e-04
      Equation: "PotentialEquation"	RelError: 2.57768e-02	AbsError: 2.00000e-02
    Region: "oxide"	RelError: 4.01626e-02	AbsError: 1.99971e-02
      Equation: "PotentialEquation"	RelError: 4.01626e-02	AbsError: 1.99971e-02
Iteration: 1
  Device: "mos2d"	RelError: 4.15688e+00	AbsError: 1.35891e+16
    Region: "bulk"	RelError: 4.15572e+00	AbsError: 1.35891e+16
      Equation: "ElectronContinuityEquation"	RelError: 1.05503e-01	AbsError: 1.34909e+16
      Equation: "HoleContinuityEquation"	RelError: 2.60499e-01	AbsError: 9.81342e+13
      Equation: "PotentialEquation"	RelError: 3.78972e+00	AbsError: 4.83877e-04
    Region: "gate"	RelError: 2.98391e-05	AbsError: 1.44342e+15
      Equation: "ElectronContinuityEquation"	RelError: 1.46536e-05	AbsError: 1.44342e+15
      Equation: "HoleContinuityEquation"	RelError: 1.46957e-05	AbsError: 1.49191e-05
      Equation: "PotentialEquation"	RelError: 4.89743e-07	AbsError: 3.79886e-07
    Region: "oxide"	RelError: 1.12930e-03	AbsError: 4.83877e-04
      Equation: "PotentialEquation"	RelError: 1.12930e-03	AbsError: 4.83877e-04
Iteration: 2
  Device: "mos2d"	RelError: 2.45420e-03	AbsError: 1.92355e+13
    Region: "bulk"	RelError: 2.45198e-03	AbsError: 1.92355e+13
      Equation: "ElectronContinuityEquation"	RelError: 7.84327e-04	AbsError: 1.91623e+13
      Equation: "HoleContinuityEquation"	RelError: 1.42320e-03	AbsError: 7.32011e+10
      Equation: "PotentialEquation"	RelError: 2.44461e-04	AbsError: 8.83765e-07
    Region: "gate"	RelError: 4.60448e-08	AbsError: 2.23375e+12
      Equation: "ElectronContinuityEquation"	RelError: 2.26104e-08	AbsError: 2.23375e+12
      Equation: "HoleContinuityEquation"	RelError: 2.26787e-08	AbsError: 2.29557e-08
      Equation: "PotentialEquation"	RelError: 7.55649e-10	AbsError: 5.86203e-10
    Region: "oxide"	RelError: 2.16691e-06	AbsError: 8.79476e-07
      Equation: "PotentialEquation"	RelError: 2.16691e-06	AbsError: 8.79476e-07
Iteration: 3
  Device: "mos2d"	RelError: 2.51746e-08	AbsError: 1.18642e+08
    Region: "bulk"	RelError: 2.51588e-08	AbsError: 1.18642e+08
      Equation: "ElectronContinuityEquation"	RelError: 1.11540e-08	AbsError: 1.18184e+08
      Equation: "HoleContinuityEquation"	RelError: 1.34055e-08	AbsError: 4.57511e+05
      Equation: "PotentialEquation"	RelError: 5.99288e-10	AbsError: 5.69755e-12
    Region: "gate"	RelError: 3.03645e-13	AbsError: 1.47612e+07
      Equation: "ElectronContinuityEquation"	RelError: 1.49363e-13	AbsError: 1.47612e+07
      Equation: "HoleContinuityEquation"	RelError: 1.49097e-13	AbsError: 1.50918e-13
      Equation: "PotentialEquation"	RelError: 5.18544e-15	AbsError: 4.02281e-15
    Region: "oxide"	RelError: 1.54656e-11	AbsError: 5.69755e-12
      Equation: "PotentialEquation"	RelError: 1.54656e-11	AbsError: 5.69755e-12
Succeeded
gate last end 1.800000e-01 5.000000e-01
number of equations 5543
Iteration: 0
  Device: "mos2d"	RelError: 4.80224e+00	AbsError: 1.67956e+17
    Region: "bulk"	RelError: 4.73874e+00	AbsError: 1.67956e+17
      Equation: "ElectronContinuityEquation"	RelError: 3.57657e-01	AbsError: 1.65862e+17
      Equation: "HoleContinuityEquation"	RelError: 1.25633e+00	AbsError: 2.09370e+15
      Equation: "PotentialEquation"	RelError: 3.12475e+00	AbsError: 1.44140e-02
    Region: "gate"	RelError: 2.63167e-02	AbsError: 5.87568e+16
      Equation: "ElectronContinuityEquation"	RelError: 5.94653e-04	AbsError: 5.87568e+16
      Equation: "HoleContinuityEquation"	RelError: 5.93946e-04	AbsError: 6.01108e-04
      Equation: "PotentialEquation"	RelError: 2.51281e-02	AbsError: 2.00000e-02
    Region: "oxide"	RelError: 3.71813e-02	AbsError: 1.99967e-02
      Equation: "PotentialEquation"	RelError: 3.71813e-02	AbsError: 1.99967e-02
Iteration: 1
  Device: "mos2d"	RelError: 4.84613e-01	AbsError: 1.71589e+16
    Region: "bulk"	RelError: 4.83161e-01	AbsError: 1.71589e+16
      Equation: "ElectronContinuityEquation"	RelError: 9.51606e-02	AbsError: 1.70487e+16
      Equation: "HoleContinuityEquation"	RelError: 2.37592e-01	AbsError: 1.10194e+14
      Equation: "PotentialEquation"	RelError: 1.50408e-01	AbsError: 6.03135e-04
    Region: "gate"	RelError: 4.27298e-05	AbsError: 2.06754e+15
      Equation: "ElectronContinuityEquation"	RelError: 2.09951e-05	AbsError: 2.06754e+15
      Equation: "HoleContinuityEquation"	RelError: 2.10508e-05	AbsError: 2.13762e-05
      Equation: "PotentialEquation"	RelError: 6.83976e-07	AbsError: 5.44224e-07
    Region: "oxide"	RelError: 1.41004e-03	AbsError: 5.97795e-04
      Equation: "PotentialEquation"	RelError: 1.41004e-03	AbsError: 5.97795e-04
Iteration: 2
  Device: "mos2d"	RelError: 2.69338e-03	AbsError: 6.73103e+13
    Region: "bulk"	RelError: 2.68830e-03	AbsError: 6.73103e+13
      Equation: "ElectronContinuityEquation"	RelError: 5.75340e-04	AbsError: 6.70913e+13
      Equation: "HoleContinuityEquation"	RelError: 1.65545e-03	AbsError: 2.19038e+11
      Equation: "PotentialEquation"	RelError: 4.57510e-04	AbsError: 2.12317e-06
    Region: "gate"	RelError: 1.36456e-07	AbsError: 6.64958e+12
      Equation: "ElectronContinuityEquation"	RelError: 6.73297e-08	AbsError: 6.64958e+12
      Equation: "HoleContinuityEquation"	RelError: 6.69423e-08	AbsError: 6.77817e-08
      Equation: "PotentialEquation"	RelError: 2.18406e-09	AbsError: 1.73797e-09
    Region: "oxide"	RelError: 4.94812e-06	AbsError: 2.10956e-06
      Equation: "PotentialEquation"	RelError: 4.94812e-06	AbsError: 2.10956e-06
Iteration: 3
  Device: "mos2d"	RelError: 6.15274e-08	AbsError: 1.56207e+09
    Region: "bulk"	RelError: 6.14301e-08	AbsError: 1.56207e+09
      Equation: "ElectronContinuityEquation"	RelError: 9.90140e-09	AbsError: 1.55975e+09
      Equation: "HoleContinuityEquation"	RelError: 4.46727e-08	AbsError: 2.32884e+06
      Equation: "PotentialEquation"	RelError: 6.85601e-09	AbsError: 4.06115e-11
    Region: "gate"	RelError: 2.54866e-12	AbsError: 1.24062e+08
      Equation: "ElectronContinuityEquation"	RelError: 1.25618e-12	AbsError: 1.24062e+08
      Equation: "HoleContinuityEquation"	RelError: 1.25167e-12	AbsError: 1.26736e-12
      Equation: "PotentialEquation"	RelError: 4.08132e-14	AbsError: 3.24772e-14
    Region: "oxide"	RelError: 9.47832e-11	AbsError: 4.04991e-11
      Equation: "PotentialEquation"	RelError: 9.47832e-11	AbsError: 4.04991e-11
Succeeded
gate last end 2.000000e-01 5.000000e-01
number of equations 5543
Iteration: 0
  Device: "mos2d"	RelError: 4.20848e+00	AbsError: 1.81602e+17
    Region: "bulk"	RelError: 4.14890e+00	AbsError: 1.81602e+17
      Equation: "ElectronContinuityEquation"	RelError: 3.45377e-01	AbsError: 1.79667e+17
      Equation: "HoleContinuityEquation"	RelError: 1.11683e+00	AbsError: 1.93482e+15
      Equation: "PotentialEquation"	RelError: 2.68669e+00	AbsError: 1.36580e-02
    Region: "gate"	RelError: 2.57312e-02	AbsError: 6.02901e+16
      Equation: "ElectronContinuityEquation"	RelError: 6.10548e-04	AbsError: 6.02901e+16
      Equation: "HoleContinuityEquation"	RelError: 6.09803e-04	AbsError: 6.17538e-04
      Equation: "PotentialEquation"	RelError: 2.45108e-02	AbsError: 2.00000e-02
    Region: "oxide"	RelError: 3.38439e-02	AbsError: 1.99960e-02
      Equation: "PotentialEquation"	RelError: 3.38439e-02	AbsError: 1.99960e-02
Iteration: 1
  Device: "mos2d"	RelError: 4.72148e-01	AbsError: 2.07739e+16
    Region: "bulk"	RelError: 4.70447e-01	AbsError: 2.07739e+16
      Equation: "ElectronContinuityEquation"	RelError: 8.19572e-02	AbsError: 2.06539e+16
      Equation: "HoleContinuityEquation"	RelError: 2.13284e-01	AbsError: 1.20007e+14
      Equation: "PotentialEquation"	RelError: 1.75206e-01	AbsError: 7.24290e-04
    Region: "gate"	RelError: 5.39814e-05	AbsError: 2.61181e+15
      Equation: "ElectronContinuityEquation"	RelError: 2.65301e-05	AbsError: 2.61181e+15
      Equation: "HoleContinuityEquation"	RelError: 2.66081e-05	AbsError: 2.70278e-05
      Equation: "PotentialEquation"	RelError: 8.43232e-07	AbsError: 6.87799e-07
    Region: "oxide"	RelError: 1.64647e-03	AbsError: 7.18859e-04
      Equation: "PotentialEquation"	RelError: 1.64647e-03	AbsError: 7.18859e-04
Iteration: 2
  Device: "mos2d"	RelError: 2.87623e-03	AbsError: 1.20253e+14
    Region: "bulk"	RelError: 2.86675e-03	AbsError: 1.20253e+14
      Equation: "ElectronContinuityEquation"	RelError: 3.96103e-04	AbsError: 1.19791e+14
      Equation: "HoleContinuityEquation"	RelError: 1.63546e-03	AbsError: 4.61649e+11
      Equation: "PotentialEquation"	RelError: 8.35188e-04	AbsError: 4.07085e-06
    Region: "gate"	RelError: 2.61987e-07	AbsError: 1.27591e+13
      Equation: "ElectronContinuityEquation"	RelError: 1.29227e-07	AbsError: 1.27591e+13
      Equation: "HoleContinuityEquation"	RelError: 1.28669e-07	AbsError: 1.30318e-07
      Equation: "PotentialEquation"	RelError: 4.09209e-09	AbsError: 3.33810e-09
    Region: "oxide"	RelError: 9.21704e-06	AbsError: 4.05071e-06
      Equation: "PotentialEquation"	RelError: 9.21704e-06	AbsError: 4.05071e-06
Iteration: 3
  Device: "mos2d"	RelError: 1.27459e-07	AbsError: 5.83897e+09
    Region: "bulk"	RelError: 1.27057e-07	AbsError: 5.83897e+09
      Equation: "ElectronContinuityEquation"	RelError: 1.90134e-08	AbsError: 5.82535e+09
      Equation: "HoleContinuityEquation"	RelError: 7.94111e-08	AbsError: 1.36119e+07
      Equation: "PotentialEquation"	RelError: 2.86327e-08	AbsError: 1.72948e-10
    Region: "gate"	RelError: 1.08505e-11	AbsError: 5.28108e+08
      Equation: "ElectronContinuityEquation"	RelError: 5.34879e-12	AbsError: 5.28108e+08
      Equation: "HoleContinuityEquation"	RelError: 5.33228e-12	AbsError: 5.40064e-12
      Equation: "PotentialEquation"	RelError: 1.69466e-13	AbsError: 1.38241e-13
    Region: "oxide"	RelError: 3.90837e-10	AbsError: 1.72948e-10
      Equation: "PotentialEquation"	RelError: 3.90837e-10	AbsError: 1.72948e-10
Succeeded
gate last end 2.200000e-01 5.000000e-01
number of equations 5543
Iteration: 0
  Device: "mos2d"	RelError: 1.13428e+01	AbsError: 1.94074e+17
    Region: "bulk"	RelError: 1.12873e+01	AbsError: 1.94074e+17
      Equation: "ElectronContinuityEquation"	RelError: 3.28758e-01	AbsError: 1.92337e+17
      Equation: "HoleContinuityEquation"	RelError: 9.59923e-01	AbsError: 1.73683e+15
      Equation: "PotentialEquation"	RelError: 9.99862e+00	AbsError: 1.26789e-02
    Region: "gate"	RelError: 2.51717e-02	AbsError: 6.16272e+16
      Equation: "ElectronContinuityEquation"	RelError: 6.24483e-04	AbsError: 6.16272e+16
      Equation: "HoleContinuityEquation"	RelError: 6.23704e-04	AbsError: 6.32013e-04
      Equation: "PotentialEquation"	RelError: 2.39235e-02	AbsError: 2.00000e-02
    Region: "oxide"	RelError: 3.03405e-02	AbsError: 1.99953e-02
      Equation: "PotentialEquation"	RelError: 3.03405e-02	AbsError: 1.99953e-02
Iteration: 1
  Device: "mos2d"	RelError: 6.14908e-01	AbsError: 2.21750e+16
    Region: "bulk"	RelError: 6.13123e-01	AbsError: 2.21750e+16
      Equation: "ElectronContinuityEquation"	RelError: 6.71974e-02	AbsError: 2.20523e+16
      Equation: "HoleContinuityEquation"	RelError: 1.84509e-01	AbsError: 1.22700e+14
      Equation: "PotentialEquation"	RelError: 3.61417e-01	AbsError: 7.61116e-04
    Region: "gate"	RelError: 5.97362e-05	AbsError: 2.88905e+15
      Equation: "ElectronContinuityEquation"	RelError: 2.93569e-05	AbsError: 2.88905e+15
      Equation: "HoleContinuityEquation"	RelError: 2.94681e-05	AbsError: 2.99439e-05
      Equation: "PotentialEquation"	RelError: 9.11146e-07	AbsError: 7.61408e-07
    Region: "oxide"	RelError: 1.72443e-03	AbsError: 7.56291e-04
      Equation: "PotentialEquation"	RelError: 1.72443e-03	AbsError: 7.56291e-04
Iteration: 2
  Device: "mos2d"	RelError: 3.32328e-03	AbsError: 1.32995e+14
    Region: "bulk"	RelError: 3.31259e-03	AbsError: 1.32995e+14
      Equation: "ElectronContinuityEquation"	RelError: 3.03097e-04	AbsError: 1.32427e+14
      Equation: "HoleContinuityEquation"	RelError: 1.43931e-03	AbsError: 5.67559e+11
      Equation: "PotentialEquation"	RelError: 1.57018e-03	AbsError: 4.69308e-06
    Region: "gate"	RelError: 3.25301e-07	AbsError: 1.58050e+13
      Equation: "ElectronContinuityEquation"	RelError: 1.60602e-07	AbsError: 1.58050e+13
      Equation: "HoleContinuityEquation"	RelError: 1.59737e-07	AbsError: 1.62316e-07
      Equation: "PotentialEquation"	RelError: 4.96178e-09	AbsError: 4.14636e-09
    Region: "oxide"	RelError: 1.03715e-05	AbsError: 4.67339e-06
      Equation: "PotentialEquation"	RelError: 1.03715e-05	AbsError: 4.67339e-06
Iteration: 3
  Device: "mos2d"	RelError: 1.34448e-07	AbsError: 7.07648e+09
    Region: "bulk"	RelError: 1.33942e-07	AbsError: 7.07648e+09
      Equation: "ElectronContinuityEquation"	RelError: 1.54236e-08	AbsError: 7.05587e+09
      Equation: "HoleContinuityEquation"	RelError: 7.30874e-08	AbsError: 2.06062e+07
      Equation: "PotentialEquation"	RelError: 4.54307e-08	AbsError: 2.23778e-10
    Region: "gate"	RelError: 1.40297e-11	AbsError: 6.82894e+08
      Equation: "ElectronContinuityEquation"	RelError: 6.91875e-12	AbsError: 6.82894e+08
      Equation: "HoleContinuityEquation"	RelError: 6.89699e-12	AbsError: 6.98769e-12
      Equation: "PotentialEquation"	RelError: 2.13989e-13	AbsError: 1.78838e-13
    Region: "oxide"	RelError: 4.92342e-10	AbsError: 2.23778e-10
      Equation: "PotentialEquation"	RelError: 4.92342e-10	AbsError: 2.23778e-10
Succeeded
gate last end 2.400000e-01 5.000000e-01
number of equations 5543
Iteration: 0
  Device: "mos2d"	RelError: 1.17847e+01	AbsError: 2.05746e+17
    Region: "bulk"	RelError: 1.17333e+01	AbsError: 2.05746e+17
      Equation: "ElectronContinuityEquation"	RelError: 3.08380e-01	AbsError: 2.04226e+17
      Equation: "HoleContinuityEquation"	RelError: 8.04669e-01	AbsError: 1.52023e+15
      Equation: "PotentialEquation"	RelError: 1.06202e+01	AbsError: 1.15426e-02
    Region: "gate"	RelError: 2.46357e-02	AbsError: 6.27747e+16
      Equation: "ElectronContinuityEquation"	RelError: 6.36519e-04	AbsError: 6.27747e+16
      Equation: "HoleContinuityEquation"	RelError: 6.35710e-04	AbsError: 6.44593e-04
      Equation: "PotentialEquation"	RelError: 2.33634e-02	AbsError: 2.00000e-02
    Region: "oxide"	RelError: 2.68453e-02	AbsError: 1.99944e-02
      Equation: "PotentialEquation"	RelError: 2.68453e-02	AbsError: 1.99944e-02
Iteration: 1
  Device: "mos2d"	RelError: 3.36100e+00	AbsError: 2.13511e+16
    Region: "bulk"	RelError: 3.35929e+00	AbsError: 2.13511e+16
      Equation: "ElectronContinuityEquation"	RelError: 5.27552e-02	AbsError: 2.12369e+16
      Equation: "HoleContinuityEquation"	RelError: 1.53626e-01	AbsError: 1.14185e+14
      Equation: "PotentialEquation"	RelError: 3.15291e+00	AbsError: 7.30568e-04
    Region: "gate"	RelError: 5.87177e-05	AbsError: 2.83740e+15
      Equation: "ElectronContinuityEquation"	RelError: 2.88443e-05	AbsError: 2.83740e+15
      Equation: "HoleContinuityEquation"	RelError: 2.89984e-05	AbsError: 2.94791e-05
      Equation: "PotentialEquation"	RelError: 8.75000e-07	AbsError: 7.48693e-07
    Region: "oxide"	RelError: 1.65075e-03	AbsError: 7.30568e-04
      Equation: "PotentialEquation"	RelError: 1.65075e-03	AbsError: 7.30568e-04
Iteration: 2
  Device: "mos2d"	RelError: 1.73812e-02	AbsError: 1.06726e+14
    Region: "bulk"	RelError: 1.73720e-02	AbsError: 1.06726e+14
      Equation: "ElectronContinuityEquation"	RelError: 2.04581e-04	AbsError: 1.06225e+14
      Equation: "HoleContinuityEquation"	RelError: 1.13765e-03	AbsError: 5.01695e+11
      Equation: "PotentialEquation"	RelError: 1.60298e-02	AbsError: 3.98986e-06
    Region: "gate"	RelError: 3.07775e-07	AbsError: 1.49534e+13
      Equation: "ElectronContinuityEquation"	RelError: 1.52012e-07	AbsError: 1.49534e+13
      Equation: "HoleContinuityEquation"	RelError: 1.51176e-07	AbsError: 1.53682e-07
      Equation: "PotentialEquation"	RelError: 4.58643e-09	AbsError: 3.92438e-09
    Region: "oxide"	RelError: 8.84205e-06	AbsError: 3.98986e-06
      Equation: "PotentialEquation"	RelError: 8.84205e-06	AbsError: 3.98986e-06
Iteration: 3
  Device: "mos2d"	RelError: 5.74895e-07	AbsError: 4.29431e+09
    Region: "bulk"	RelError: 5.74567e-07	AbsError: 4.29431e+09
      Equation: "ElectronContinuityEquation"	RelError: 7.46926e-09	AbsError: 4.27941e+09
      Equation: "HoleContinuityEquation"	RelError: 4.75640e-08	AbsError: 1.48993e+07
      Equation: "PotentialEquation"	RelError: 5.19534e-07	AbsError: 1.44165e-10
    Region: "gate"	RelError: 1.05922e-11	AbsError: 5.14338e+08
      Equation: "ElectronContinuityEquation"	RelError: 5.22864e-12	AbsError: 5.14338e+08
      Equation: "HoleContinuityEquation"	RelError: 5.20559e-12	AbsError: 5.29188e-12
      Equation: "PotentialEquation"	RelError: 1.57922e-13	AbsError: 1.35126e-13
    Region: "oxide"	RelError: 3.17219e-10	AbsError: 1.44165e-10
      Equation: "PotentialEquation"	RelError: 3.17219e-10	AbsError: 1.44165e-10
Succeeded
gate last end 2.600000e-01 5.000000e-01
number of equations 5543
Iteration: 0
  Device: "mos2d"	RelError: 1.05280e+01	AbsError: 2.40515e+17
    Region: "bulk"	RelError: 1.04804e+01	AbsError: 2.40515e+17
      Equation: "ElectronContinuityEquation"	RelError: 2.85617e-01	AbsError: 2.39208e+17
      Equation: "HoleContinuityEquation"	RelError: 6.66139e-01	AbsError: 1.30775e+15
      Equation: "PotentialEquation"	RelError: 9.52869e+00	AbsError: 1.03500e-02
    Region: "gate"	RelError: 2.41220e-02	AbsError: 6.37527e+16
      Equation: "ElectronContinuityEquation"	RelError: 6.46857e-04	AbsError: 6.37527e+16
      Equation: "HoleContinuityEquation"	RelError: 6.46022e-04	AbsError: 6.55476e-04
      Equation: "PotentialEquation"	RelError: 2.28291e-02	AbsError: 2.00000e-02
    Region: "oxide"	RelError: 2.34626e-02	AbsError: 1.99937e-02
      Equation: "PotentialEquation"	RelError: 2.34626e-02	AbsError: 1.99937e-02
Iteration: 1
  Device: "mos2d"	RelError: 1.59931e+00	AbsError: 1.91982e+16
    Region: "bulk"	RelError: 1.59777e+00	AbsError: 1.91982e+16
      Equation: "ElectronContinuityEquation"	RelError: 4.01593e-02	AbsError: 1.90992e+16
      Equation: "HoleContinuityEquation"	RelError: 1.24212e-01	AbsError: 9.89269e+13
      Equation: "PotentialEquation"	RelError: 1.43339e+00	AbsError: 6.66136e-04
    Region: "gate"	RelError: 5.27937e-05	AbsError: 2.54764e+15
      Equation: "ElectronContinuityEquation"	RelError: 2.59111e-05	AbsError: 2.54764e+15
      Equation: "HoleContinuityEquation"	RelError: 2.61136e-05	AbsError: 2.65591e-05
      Equation: "PotentialEquation"	RelError: 7.69026e-07	AbsError: 6.73387e-07
    Region: "oxide"	RelError: 1.49310e-03	AbsError: 6.65120e-04
      Equation: "PotentialEquation"	RelError: 1.49310e-03	AbsError: 6.65120e-04
Iteration: 2
  Device: "mos2d"	RelError: 7.01619e-03	AbsError: 7.21840e+13
    Region: "bulk"	RelError: 7.00954e-03	AbsError: 7.21840e+13
      Equation: "ElectronContinuityEquation"	RelError: 1.15581e-04	AbsError: 7.18069e+13
      Equation: "HoleContinuityEquation"	RelError: 7.98746e-04	AbsError: 3.77120e+11
      Equation: "PotentialEquation"	RelError: 6.09521e-03	AbsError: 2.89193e-06
    Region: "gate"	RelError: 2.28499e-07	AbsError: 1.11029e+13
      Equation: "ElectronContinuityEquation"	RelError: 1.12924e-07	AbsError: 1.11029e+13
      Equation: "HoleContinuityEquation"	RelError: 1.12247e-07	AbsError: 1.14162e-07
      Equation: "PotentialEquation"	RelError: 3.32849e-09	AbsError: 2.91455e-09
    Region: "oxide"	RelError: 6.42756e-06	AbsError: 2.89193e-06
      Equation: "PotentialEquation"	RelError: 6.42756e-06	AbsError: 2.89193e-06
Iteration: 3
  Device: "mos2d"	RelError: 1.60737e-07	AbsError: 1.69496e+09
    Region: "bulk"	RelError: 1.60582e-07	AbsError: 1.69496e+09
      Equation: "ElectronContinuityEquation"	RelError: 2.82822e-09	AbsError: 1.68780e+09
      Equation: "HoleContinuityEquation"	RelError: 2.56298e-08	AbsError: 7.16385e+06
      Equation: "PotentialEquation"	RelError: 1.32124e-07	AbsError: 6.85779e-11
    Region: "gate"	RelError: 5.29004e-12	AbsError: 2.56902e+08
      Equation: "ElectronContinuityEquation"	RelError: 2.61285e-12	AbsError: 2.56902e+08
      Equation: "HoleContinuityEquation"	RelError: 2.60000e-12	AbsError: 2.64436e-12
      Equation: "PotentialEquation"	RelError: 7.71883e-14	AbsError: 6.75889e-14
    Region: "oxide"	RelError: 1.49645e-10	AbsError: 6.85779e-11
      Equation: "PotentialEquation"	RelError: 1.49645e-10	AbsError: 6.85779e-11
Succeeded
gate last end 2.800000e-01 5.000000e-01
number of equations 5543
Iteration: 0
  Device: "mos2d"	RelError: 4.57349e+00	AbsError: 2.77778e+17
    Region: "bulk"	RelError: 4.52754e+00	AbsError: 2.77778e+17
      Equation: "ElectronContinuityEquation"	RelError: 2.62107e-01	AbsError: 2.76663e+17
      Equation: "HoleContinuityEquation"	RelError: 5.50892e-01	AbsError: 1.11553e+15
      Equation: "PotentialEquation"	RelError: 3.71454e+00	AbsError: 9.19538e-03
    Region: "gate"	RelError: 2.36302e-02	AbsError: 6.45869e+16
      Equation: "ElectronContinuityEquation"	RelError: 6.55754e-04	AbsError: 6.45869e+16
      Equation: "HoleContinuityEquation"	RelError: 6.54895e-04	AbsError: 6.64918e-04
      Equation: "PotentialEquation"	RelError: 2.23196e-02	AbsError: 2.00000e-02
    Region: "oxide"	RelError: 2.23185e-02	AbsError: 1.99930e-02
      Equation: "PotentialEquation"	RelError: 2.23185e-02	AbsError: 1.99930e-02
Iteration: 1
  Device: "mos2d"	RelError: 3.36414e-01	AbsError: 1.80134e+16
    Region: "bulk"	RelError: 3.35052e-01	AbsError: 1.80134e+16
      Equation: "ElectronContinuityEquation"	RelError: 3.00823e-02	AbsError: 1.79283e+16
      Equation: "HoleContinuityEquation"	RelError: 9.86837e-02	AbsError: 8.50696e+13
      Equation: "PotentialEquation"	RelError: 2.06286e-01	AbsError: 5.74806e-04
    Region: "gate"	RelError: 4.48612e-05	AbsError: 2.16054e+15
      Equation: "ElectronContinuityEquation"	RelError: 2.19855e-05	AbsError: 2.16054e+15
      Equation: "HoleContinuityEquation"	RelError: 2.22366e-05	AbsError: 2.26278e-05
      Equation: "PotentialEquation"	RelError: 6.39102e-07	AbsError: 5.72394e-07
    Region: "oxide"	RelError: 1.31750e-03	AbsError: 5.72758e-04
      Equation: "PotentialEquation"	RelError: 1.31750e-03	AbsError: 5.72758e-04
Iteration: 2
  Device: "mos2d"	RelError: 1.14041e-03	AbsError: 4.40979e+13
    Region: "bulk"	RelError: 1.13601e-03	AbsError: 4.40979e+13
      Equation: "ElectronContinuityEquation"	RelError: 6.86356e-05	AbsError: 4.38484e+13
      Equation: "HoleContinuityEquation"	RelError: 5.66246e-04	AbsError: 2.49430e+11
      Equation: "PotentialEquation"	RelError: 5.01129e-04	AbsError: 1.93258e-06
    Region: "gate"	RelError: 1.46863e-07	AbsError: 7.13740e+12
      Equation: "ElectronContinuityEquation"	RelError: 7.26298e-08	AbsError: 7.13740e+12
      Equation: "HoleContinuityEquation"	RelError: 7.21409e-08	AbsError: 7.34101e-08
      Equation: "PotentialEquation"	RelError: 2.09227e-09	AbsError: 1.87389e-09
    Region: "oxide"	RelError: 4.25210e-06	AbsError: 1.93173e-06
      Equation: "PotentialEquation"	RelError: 4.25210e-06	AbsError: 1.93173e-06
Iteration: 3
  Device: "mos2d"	RelError: 1.64870e-08	AbsError: 5.29606e+08
    Region: "bulk"	RelError: 1.64284e-08	AbsError: 5.29606e+08
      Equation: "ElectronContinuityEquation"	RelError: 9.75326e-10	AbsError: 5.26904e+08
      Equation: "HoleContinuityEquation"	RelError: 1.11279e-08	AbsError: 2.70228e+06
      Equation: "PotentialEquation"	RelError: 4.32520e-09	AbsError: 2.58755e-11
    Region: "gate"	RelError: 1.96751e-12	AbsError: 9.55462e+07
      Equation: "ElectronContinuityEquation"	RelError: 9.72272e-13	AbsError: 9.55462e+07
      Equation: "HoleContinuityEquation"	RelError: 9.67113e-13	AbsError: 9.84128e-13
      Equation: "PotentialEquation"	RelError: 2.81282e-14	AbsError: 2.51923e-14
    Region: "oxide"	RelError: 5.66229e-11	AbsError: 2.58755e-11
      Equation: "PotentialEquation"	RelError: 5.66229e-11	AbsError: 2.58755e-11
Succeeded
gate last end 3.000000e-01 5.000000e-01
number of equations 5543
Iteration: 0
  Device: "mos2d"	RelError: 2.38859e+00	AbsError: 3.13116e+17
    Region: "bulk"	RelError: 2.34360e+00	AbsError: 3.13116e+17
      Equation: "ElectronContinuityEquation"	RelError: 2.39236e-01	AbsError: 3.12165e+17
      Equation: "HoleContinuityEquation"	RelError: 4.58720e-01	AbsError: 9.50581e+14
      Equation: "PotentialEquation"	RelError: 1.64564e+00	AbsError: 8.14069e-03
    Region: "gate"	RelError: 2.31583e-02	AbsError: 6.53028e+16
      Equation: "ElectronContinuityEquation"	RelError: 6.63465e-04	AbsError: 6.53028e+16
      Equation: "HoleContinuityEquation"	RelError: 6.62585e-04	AbsError: 6.73175e-04
      Equation: "PotentialEquation"	RelError: 2.18323e-02	AbsError: 2.00000e-02
    Region: "oxide"	RelError: 2.18304e-02	AbsError: 1.99924e-02
      Equation: "PotentialEquation"	RelError: 2.18304e-02	AbsError: 1.99924e-02
Iteration: 1
  Device: "mos2d"	RelError: 2.28170e-01	AbsError: 1.70296e+16
    Region: "bulk"	RelError: 2.27007e-01	AbsError: 1.70296e+16
      Equation: "ElectronContinuityEquation"	RelError: 2.24657e-02	AbsError: 1.69586e+16
      Equation: "HoleContinuityEquation"	RelError: 7.78868e-02	AbsError: 7.10244e+13
      Equation: "PotentialEquation"	RelError: 1.26655e-01	AbsError: 4.96505e-04
    Region: "gate"	RelError: 3.70180e-05	AbsError: 1.77799e+15
      Equation: "ElectronContinuityEquation"	RelError: 1.81029e-05	AbsError: 1.77799e+15
      Equation: "HoleContinuityEquation"	RelError: 1.83991e-05	AbsError: 1.87333e-05
      Equation: "PotentialEquation"	RelError: 5.16016e-07	AbsError: 4.72468e-07
    Region: "oxide"	RelError: 1.12546e-03	AbsError: 4.96505e-04
      Equation: "PotentialEquation"	RelError: 1.12546e-03	AbsError: 4.96505e-04
Iteration: 2
  Device: "mos2d"	RelError: 6.79305e-04	AbsError: 2.57523e+13
    Region: "bulk"	RelError: 6.76539e-04	AbsError: 2.57523e+13
      Equation: "ElectronContinuityEquation"	RelError: 5.01859e-05	AbsError: 2.55979e+13
      Equation: "HoleContinuityEquation"	RelError: 3.90791e-04	AbsError: 1.54384e+11
      Equation: "PotentialEquation"	RelError: 2.35562e-04	AbsError: 1.19433e-06
    Region: "gate"	RelError: 8.76308e-08	AbsError: 4.25973e+12
      Equation: "ElectronContinuityEquation"	RelError: 4.33712e-08	AbsError: 4.25973e+12
      Equation: "HoleContinuityEquation"	RelError: 4.30381e-08	AbsError: 4.38199e-08
      Equation: "PotentialEquation"	RelError: 1.22157e-09	AbsError: 1.11848e-09
    Region: "oxide"	RelError: 2.67840e-06	AbsError: 1.19433e-06
      Equation: "PotentialEquation"	RelError: 2.67840e-06	AbsError: 1.19433e-06
Iteration: 3
  Device: "mos2d"	RelError: 6.21940e-09	AbsError: 1.59609e+08
    Region: "bulk"	RelError: 6.19955e-09	AbsError: 1.59609e+08
      Equation: "ElectronContinuityEquation"	RelError: 5.39857e-10	AbsError: 1.58714e+08
      Equation: "HoleContinuityEquation"	RelError: 4.62614e-09	AbsError: 8.94937e+05
      Equation: "PotentialEquation"	RelError: 1.03355e-09	AbsError: 8.78569e-12
    Region: "gate"	RelError: 6.31135e-13	AbsError: 3.06409e+07
      Equation: "ElectronContinuityEquation"	RelError: 3.11976e-13	AbsError: 3.06409e+07
      Equation: "HoleContinuityEquation"	RelError: 3.10198e-13	AbsError: 3.15833e-13
      Equation: "PotentialEquation"	RelError: 8.96137e-15	AbsError: 8.20511e-15
    Region: "oxide"	RelError: 1.92191e-11	AbsError: 8.78569e-12
      Equation: "PotentialEquation"	RelError: 1.92191e-11	AbsError: 8.78569e-12
Succeeded
gate last end 3.200000e-01 5.000000e-01
number of equations 5543
Iteration: 0
  Device: "mos2d"	RelError: 2.63180e+00	AbsError: 3.46579e+17
    Region: "bulk"	RelError: 2.58773e+00	AbsError: 3.46579e+17
      Equation: "ElectronContinuityEquation"	RelError: 2.17911e-01	AbsError: 3.45766e+17
      Equation: "HoleContinuityEquation"	RelError: 3.86246e-01	AbsError: 8.13224e+14
      Equation: "PotentialEquation"	RelError: 1.98357e+00	AbsError: 7.21288e-03
    Region: "gate"	RelError: 2.27053e-02	AbsError: 6.59224e+16
      Equation: "ElectronContinuityEquation"	RelError: 6.70211e-04	AbsError: 6.59224e+16
      Equation: "HoleContinuityEquation"	RelError: 6.69314e-04	AbsError: 6.80468e-04
      Equation: "PotentialEquation"	RelError: 2.13658e-02	AbsError: 2.00000e-02
    Region: "oxide"	RelError: 2.13633e-02	AbsError: 1.99920e-02
      Equation: "PotentialEquation"	RelError: 2.13633e-02	AbsError: 1.99920e-02
Iteration: 1
  Device: "mos2d"	RelError: 1.98799e-01	AbsError: 1.61543e+16
    Region: "bulk"	RelError: 1.97829e-01	AbsError: 1.61543e+16
      Equation: "ElectronContinuityEquation"	RelError: 1.68902e-02	AbsError: 1.60960e+16
      Equation: "HoleContinuityEquation"	RelError: 6.15722e-02	AbsError: 5.83652e+13
      Equation: "PotentialEquation"	RelError: 1.19367e-01	AbsError: 4.20561e-04
    Region: "gate"	RelError: 3.02245e-05	AbsError: 1.44664e+15
      Equation: "ElectronContinuityEquation"	RelError: 1.47380e-05	AbsError: 1.44664e+15
      Equation: "HoleContinuityEquation"	RelError: 1.50740e-05	AbsError: 1.53570e-05
      Equation: "PotentialEquation"	RelError: 4.12440e-07	AbsError: 3.85876e-07
    Region: "oxide"	RelError: 9.39556e-04	AbsError: 4.20139e-04
      Equation: "PotentialEquation"	RelError: 9.39556e-04	AbsError: 4.20139e-04
Iteration: 2
  Device: "mos2d"	RelError: 4.90829e-04	AbsError: 1.49593e+13
    Region: "bulk"	RelError: 4.89054e-04	AbsError: 1.49593e+13
      Equation: "ElectronContinuityEquation"	RelError: 3.52867e-05	AbsError: 1.48663e+13
      Equation: "HoleContinuityEquation"	RelError: 2.67650e-04	AbsError: 9.30743e+10
      Equation: "PotentialEquation"	RelError: 1.86117e-04	AbsError: 7.71296e-07
    Region: "gate"	RelError: 5.08193e-08	AbsError: 2.47101e+12
      Equation: "ElectronContinuityEquation"	RelError: 2.51740e-08	AbsError: 2.47101e+12
      Equation: "HoleContinuityEquation"	RelError: 2.49518e-08	AbsError: 2.54202e-08
      Equation: "PotentialEquation"	RelError: 6.93505e-10	AbsError: 6.48838e-10
    Region: "oxide"	RelError: 1.72484e-06	AbsError: 7.71296e-07
      Equation: "PotentialEquation"	RelError: 1.72484e-06	AbsError: 7.71296e-07
Iteration: 3
  Device: "mos2d"	RelError: 2.98109e-09	AbsError: 4.74924e+07
    Region: "bulk"	RelError: 2.97431e-09	AbsError: 4.74924e+07
      Equation: "ElectronContinuityEquation"	RelError: 2.72511e-10	AbsError: 4.72086e+07
      Equation: "HoleContinuityEquation"	RelError: 2.13707e-09	AbsError: 2.83853e+05
      Equation: "PotentialEquation"	RelError: 5.64733e-10	AbsError: 2.95088e-12
    Region: "gate"	RelError: 1.91817e-13	AbsError: 9.30708e+06
      Equation: "ElectronContinuityEquation"	RelError: 9.48180e-14	AbsError: 9.30708e+06
      Equation: "HoleContinuityEquation"	RelError: 9.42339e-14	AbsError: 9.60030e-14
      Equation: "PotentialEquation"	RelError: 2.76549e-15	AbsError: 2.58737e-15
    Region: "oxide"	RelError: 6.59073e-12	AbsError: 2.94761e-12
      Equation: "PotentialEquation"	RelError: 6.59073e-12	AbsError: 2.94761e-12
Succeeded
gate last end 3.400000e-01 5.000000e-01
number of equations 5543
Iteration: 0
  Device: "mos2d"	RelError: 3.50742e+00	AbsError: 3.78391e+17
    Region: "bulk"	RelError: 3.46423e+00	AbsError: 3.78391e+17
      Equation: "ElectronContinuityEquation"	RelError: 1.98583e-01	AbsError: 3.77691e+17
      Equation: "HoleContinuityEquation"	RelError: 3.29415e-01	AbsError: 7.00428e+14
      Equation: "PotentialEquation"	RelError: 2.93623e+00	AbsError: 6.41457e-03
    Region: "gate"	RelError: 2.22703e-02	AbsError: 6.64636e+16
      Equation: "ElectronContinuityEquation"	RelError: 6.76172e-04	AbsError: 6.64636e+16
      Equation: "HoleContinuityEquation"	RelError: 6.75259e-04	AbsError: 6.86978e-04
      Equation: "PotentialEquation"	RelError: 2.09189e-02	AbsError: 2.00000e-02
    Region: "oxide"	RelError: 2.09159e-02	AbsError: 1.99916e-02
      Equation: "PotentialEquation"	RelError: 2.09159e-02	AbsError: 1.99916e-02
Iteration: 1
  Device: "mos2d"	RelError: 2.95804e-01	AbsError: 1.54161e+16
    Region: "bulk"	RelError: 2.95004e-01	AbsError: 1.54161e+16
      Equation: "ElectronContinuityEquation"	RelError: 1.28646e-02	AbsError: 1.53684e+16
      Equation: "HoleContinuityEquation"	RelError: 4.90141e-02	AbsError: 4.77362e+13
      Equation: "PotentialEquation"	RelError: 2.33125e-01	AbsError: 3.56587e-04
    Region: "gate"	RelError: 2.46990e-05	AbsError: 1.17708e+15
      Equation: "ElectronContinuityEquation"	RelError: 1.19992e-05	AbsError: 1.17708e+15
      Equation: "HoleContinuityEquation"	RelError: 1.23697e-05	AbsError: 1.26097e-05
      Equation: "PotentialEquation"	RelError: 3.30087e-07	AbsError: 3.15423e-07
    Region: "oxide"	RelError: 7.75830e-04	AbsError: 3.54506e-04
      Equation: "PotentialEquation"	RelError: 7.75830e-04	AbsError: 3.54506e-04
Iteration: 2
  Device: "mos2d"	RelError: 4.73448e-04	AbsError: 8.84870e+12
    Region: "bulk"	RelError: 4.72335e-04	AbsError: 8.84870e+12
      Equation: "ElectronContinuityEquation"	RelError: 2.49171e-05	AbsError: 8.79271e+12
      Equation: "HoleContinuityEquation"	RelError: 1.84509e-04	AbsError: 5.59902e+10
      Equation: "PotentialEquation"	RelError: 2.62909e-04	AbsError: 4.90121e-07
    Region: "gate"	RelError: 2.94540e-08	AbsError: 1.43264e+12
      Equation: "ElectronContinuityEquation"	RelError: 1.46044e-08	AbsError: 1.43264e+12
      Equation: "HoleContinuityEquation"	RelError: 1.44559e-08	AbsError: 1.47365e-08
      Equation: "PotentialEquation"	RelError: 3.93660e-10	AbsError: 3.76173e-10
    Region: "oxide"	RelError: 1.08330e-06	AbsError: 4.90121e-07
      Equation: "PotentialEquation"	RelError: 1.08330e-06	AbsError: 4.90121e-07
Iteration: 3
  Device: "mos2d"	RelError: 1.48815e-09	AbsError: 1.88091e+07
    Region: "bulk"	RelError: 1.48570e-09	AbsError: 1.88091e+07
      Equation: "ElectronContinuityEquation"	RelError: 1.29809e-10	AbsError: 1.87163e+07
      Equation: "HoleContinuityEquation"	RelError: 9.37401e-10	AbsError: 9.27809e+04
      Equation: "PotentialEquation"	RelError: 4.18489e-10	AbsError: 1.08132e-12
    Region: "gate"	RelError: 5.82341e-14	AbsError: 2.82128e+06
      Equation: "ElectronContinuityEquation"	RelError: 2.87603e-14	AbsError: 2.82128e+06
      Equation: "HoleContinuityEquation"	RelError: 2.85450e-14	AbsError: 2.90989e-14
      Equation: "PotentialEquation"	RelError: 9.28901e-16	AbsError: 8.87637e-16
    Region: "oxide"	RelError: 2.38999e-12	AbsError: 1.08132e-12
      Equation: "PotentialEquation"	RelError: 2.38999e-12	AbsError: 1.08132e-12
Succeeded
gate last end 3.600000e-01 5.000000e-01
number of equations 5543
Iteration: 0
  Device: "mos2d"	RelError: 1.60652e+01	AbsError: 4.08816e+17
    Region: "bulk"	RelError: 1.60228e+01	AbsError: 4.08816e+17
      Equation: "ElectronContinuityEquation"	RelError: 1.81369e-01	AbsError: 4.08208e+17
      Equation: "HoleContinuityEquation"	RelError: 2.84606e-01	AbsError: 6.08133e+14
      Equation: "PotentialEquation"	RelError: 1.55568e+01	AbsError: 5.73534e-03
    Region: "gate"	RelError: 2.18523e-02	AbsError: 6.69406e+16
      Equation: "ElectronContinuityEquation"	RelError: 6.81490e-04	AbsError: 6.69406e+16
      Equation: "HoleContinuityEquation"	RelError: 6.80562e-04	AbsError: 6.92848e-04
      Equation: "PotentialEquation"	RelError: 2.04902e-02	AbsError: 2.00000e-02
    Region: "oxide"	RelError: 2.04870e-02	AbsError: 1.99913e-02
      Equation: "PotentialEquation"	RelError: 2.04870e-02	AbsError: 1.99913e-02
Iteration: 1
  Device: "mos2d"	RelError: 3.33942e+01	AbsError: 1.48083e+16
    Region: "bulk"	RelError: 3.33936e+01	AbsError: 1.48083e+16
      Equation: "ElectronContinuityEquation"	RelError: 9.96152e-03	AbsError: 1.47692e+16
      Equation: "HoleContinuityEquation"	RelError: 3.94082e-02	AbsError: 3.91185e+13
      Equation: "PotentialEquation"	RelError: 3.33442e+01	AbsError: 3.01452e-04
    Region: "gate"	RelError: 2.03283e-05	AbsError: 9.63782e+14
      Equation: "ElectronContinuityEquation"	RelError: 9.83116e-06	AbsError: 9.63782e+14
      Equation: "HoleContinuityEquation"	RelError: 1.02309e-05	AbsError: 1.04362e-05
      Equation: "PotentialEquation"	RelError: 2.66183e-07	AbsError: 2.59678e-07
    Region: "oxide"	RelError: 6.44851e-04	AbsError: 3.00495e-04
      Equation: "PotentialEquation"	RelError: 6.44851e-04	AbsError: 3.00495e-04
Iteration: 2
  Device: "mos2d"	RelError: 3.13857e-02	AbsError: 6.27618e+12
    Region: "bulk"	RelError: 3.13850e-02	AbsError: 6.27618e+12
      Equation: "ElectronContinuityEquation"	RelError: 1.76920e-05	AbsError: 6.24197e+12
      Equation: "HoleContinuityEquation"	RelError: 1.27353e-04	AbsError: 3.42093e+10
      Equation: "PotentialEquation"	RelError: 3.12399e-02	AbsError: 3.11588e-07
    Region: "gate"	RelError: 1.77786e-08	AbsError: 8.67745e+11
      Equation: "ElectronContinuityEquation"	RelError: 8.81323e-09	AbsError: 8.67745e+11
      Equation: "HoleContinuityEquation"	RelError: 8.73257e-09	AbsError: 8.86921e-09
      Equation: "PotentialEquation"	RelError: 2.32781e-10	AbsError: 2.27118e-10
    Region: "oxide"	RelError: 6.75594e-07	AbsError: 3.09164e-07
      Equation: "PotentialEquation"	RelError: 6.75594e-07	AbsError: 3.09164e-07
Iteration: 3
  Device: "mos2d"	RelError: 3.38224e-08	AbsError: 8.44972e+06
    Region: "bulk"	RelError: 3.38215e-08	AbsError: 8.44972e+06
      Equation: "ElectronContinuityEquation"	RelError: 1.24520e-10	AbsError: 8.41880e+06
      Equation: "HoleContinuityEquation"	RelError: 4.20830e-10	AbsError: 3.09228e+04
      Equation: "PotentialEquation"	RelError: 3.32762e-08	AbsError: 3.92789e-13
    Region: "gate"	RelError: 2.05377e-14	AbsError: 9.95186e+05
      Equation: "ElectronContinuityEquation"	RelError: 1.00932e-14	AbsError: 9.95186e+05
      Equation: "HoleContinuityEquation"	RelError: 1.00624e-14	AbsError: 1.02053e-14
      Equation: "PotentialEquation"	RelError: 3.82146e-16	AbsError: 3.72864e-16
    Region: "oxide"	RelError: 8.59348e-13	AbsError: 3.92789e-13
      Equation: "PotentialEquation"	RelError: 8.59348e-13	AbsError: 3.92789e-13
Succeeded
gate last end 3.800000e-01 5.000000e-01
number of equations 5543
Iteration: 0
  Device: "mos2d"	RelError: 1.56959e+00	AbsError: 4.38100e+17
    Region: "bulk"	RelError: 1.52806e+00	AbsError: 4.38100e+17
      Equation: "ElectronContinuityEquation"	RelError: 1.66192e-01	AbsError: 4.37567e+17
      Equation: "HoleContinuityEquation"	RelError: 2.48933e-01	AbsError: 5.32420e+14
      Equation: "PotentialEquation"	RelError: 1.11294e+00	AbsError: 5.15974e-03
    Region: "gate"	RelError: 2.14504e-02	AbsError: 6.73643e+16
      Equation: "ElectronContinuityEquation"	RelError: 6.86276e-04	AbsError: 6.73643e+16
      Equation: "HoleContinuityEquation"	RelError: 6.85335e-04	AbsError: 6.98187e-04
      Equation: "PotentialEquation"	RelError: 2.00788e-02	AbsError: 2.00000e-02
    Region: "oxide"	RelError: 2.00755e-02	AbsError: 1.99910e-02
      Equation: "PotentialEquation"	RelError: 2.00755e-02	AbsError: 1.99910e-02
Iteration: 1
  Device: "mos2d"	RelError: 1.02646e-01	AbsError: 1.43114e+16
    Region: "bulk"	RelError: 1.02088e-01	AbsError: 1.43114e+16
      Equation: "ElectronContinuityEquation"	RelError: 7.85338e-03	AbsError: 1.42792e+16
      Equation: "HoleContinuityEquation"	RelError: 3.20483e-02	AbsError: 3.22384e+13
      Equation: "PotentialEquation"	RelError: 6.21863e-02	AbsError: 2.54818e-04
    Region: "gate"	RelError: 1.69020e-05	AbsError: 7.96501e+14
      Equation: "ElectronContinuityEquation"	RelError: 8.13016e-06	AbsError: 7.96501e+14
      Equation: "HoleContinuityEquation"	RelError: 8.55495e-06	AbsError: 8.73234e-06
      Equation: "PotentialEquation"	RelError: 2.16935e-07	AbsError: 2.15968e-07
    Region: "oxide"	RelError: 5.41160e-04	AbsError: 2.54689e-04
      Equation: "PotentialEquation"	RelError: 5.41160e-04	AbsError: 2.54689e-04
Iteration: 2
  Device: "mos2d"	RelError: 1.47392e-04	AbsError: 4.54904e+12
    Region: "bulk"	RelError: 1.46953e-04	AbsError: 4.54904e+12
      Equation: "ElectronContinuityEquation"	RelError: 1.27705e-05	AbsError: 4.52751e+12
      Equation: "HoleContinuityEquation"	RelError: 8.86173e-05	AbsError: 2.15363e+10
      Equation: "PotentialEquation"	RelError: 4.55657e-05	AbsError: 2.02835e-07
    Region: "gate"	RelError: 1.14271e-08	AbsError: 5.57895e+11
      Equation: "ElectronContinuityEquation"	RelError: 5.66897e-09	AbsError: 5.57895e+11
      Equation: "HoleContinuityEquation"	RelError: 5.61151e-09	AbsError: 5.70206e-09
      Equation: "PotentialEquation"	RelError: 1.46658e-10	AbsError: 1.46021e-10
    Region: "oxide"	RelError: 4.27464e-07	AbsError: 2.01180e-07
      Equation: "PotentialEquation"	RelError: 4.27464e-07	AbsError: 2.01180e-07
Iteration: 3
  Device: "mos2d"	RelError: 3.26480e-10	AbsError: 3.87451e+06
    Region: "bulk"	RelError: 3.26160e-10	AbsError: 3.87451e+06
      Equation: "ElectronContinuityEquation"	RelError: 1.00654e-10	AbsError: 3.86384e+06
      Equation: "HoleContinuityEquation"	RelError: 1.97551e-10	AbsError: 1.06638e+04
      Equation: "PotentialEquation"	RelError: 2.79542e-11	AbsError: 1.47082e-13
    Region: "gate"	RelError: 7.69783e-15	AbsError: 3.70697e+05
      Equation: "ElectronContinuityEquation"	RelError: 3.76678e-15	AbsError: 3.70697e+05
      Equation: "HoleContinuityEquation"	RelError: 3.70097e-15	AbsError: 3.76069e-15
      Equation: "PotentialEquation"	RelError: 2.30078e-16	AbsError: 2.29089e-16
    Region: "oxide"	RelError: 3.12638e-13	AbsError: 1.47082e-13
      Equation: "PotentialEquation"	RelError: 3.12638e-13	AbsError: 1.47082e-13
Succeeded
gate last end 4.000000e-01 5.000000e-01
number of equations 5543
Iteration: 0
  Device: "mos2d"	RelError: 1.28459e+01	AbsError: 4.66449e+17
    Region: "bulk"	RelError: 1.28051e+01	AbsError: 4.66449e+17
      Equation: "ElectronContinuityEquation"	RelError: 1.52874e-01	AbsError: 4.65979e+17
      Equation: "HoleContinuityEquation"	RelError: 2.20199e-01	AbsError: 4.69940e+14
      Equation: "PotentialEquation"	RelError: 1.24321e+01	AbsError: 4.67164e-03
    Region: "gate"	RelError: 2.10639e-02	AbsError: 6.77435e+16
      Equation: "ElectronContinuityEquation"	RelError: 6.90617e-04	AbsError: 6.77435e+16
      Equation: "HoleContinuityEquation"	RelError: 6.89664e-04	AbsError: 7.03084e-04
      Equation: "PotentialEquation"	RelError: 1.96836e-02	AbsError: 2.00000e-02
    Region: "oxide"	RelError: 1.96802e-02	AbsError: 1.99908e-02
      Equation: "PotentialEquation"	RelError: 1.96802e-02	AbsError: 1.99908e-02
Iteration: 1
  Device: "mos2d"	RelError: 4.40727e-01	AbsError: 1.39037e+16
    Region: "bulk"	RelError: 4.40257e-01	AbsError: 1.39037e+16
      Equation: "ElectronContinuityEquation"	RelError: 6.30434e-03	AbsError: 1.38769e+16
      Equation: "HoleContinuityEquation"	RelError: 2.63730e-02	AbsError: 2.67698e+13
      Equation: "PotentialEquation"	RelError: 4.07580e-01	AbsError: 2.16488e-04
    Region: "gate"	RelError: 1.42133e-05	AbsError: 6.65158e+14
      Equation: "ElectronContinuityEquation"	RelError: 6.79409e-06	AbsError: 6.65158e+14
      Equation: "HoleContinuityEquation"	RelError: 7.24030e-06	AbsError: 7.39541e-06
      Equation: "PotentialEquation"	RelError: 1.78881e-07	AbsError: 1.81658e-07
    Region: "oxide"	RelError: 4.55933e-04	AbsError: 2.16488e-04
      Equation: "PotentialEquation"	RelError: 4.55933e-04	AbsError: 2.16488e-04
Iteration: 2
  Device: "mos2d"	RelError: 3.01994e-04	AbsError: 3.28800e+12
    Region: "bulk"	RelError: 3.01706e-04	AbsError: 3.28800e+12
      Equation: "ElectronContinuityEquation"	RelError: 9.28082e-06	AbsError: 3.27416e+12
      Equation: "HoleContinuityEquation"	RelError: 6.26353e-05	AbsError: 1.38466e+10
      Equation: "PotentialEquation"	RelError: 2.29790e-04	AbsError: 1.33646e-07
    Region: "gate"	RelError: 7.43151e-09	AbsError: 3.62928e+11
      Equation: "ElectronContinuityEquation"	RelError: 3.68966e-09	AbsError: 3.62928e+11
      Equation: "HoleContinuityEquation"	RelError: 3.64832e-09	AbsError: 3.70902e-09
      Equation: "PotentialEquation"	RelError: 9.35266e-11	AbsError: 9.49900e-11
    Region: "oxide"	RelError: 2.80620e-07	AbsError: 1.33245e-07
      Equation: "PotentialEquation"	RelError: 2.80620e-07	AbsError: 1.33245e-07
Iteration: 3
  Device: "mos2d"	RelError: 2.31629e-10	AbsError: 1.77323e+06
    Region: "bulk"	RelError: 2.31504e-10	AbsError: 1.77323e+06
      Equation: "ElectronContinuityEquation"	RelError: 5.63244e-11	AbsError: 1.76940e+06
      Equation: "HoleContinuityEquation"	RelError: 9.39860e-11	AbsError: 3.83122e+03
      Equation: "PotentialEquation"	RelError: 8.11934e-11	AbsError: 5.85840e-14
    Region: "gate"	RelError: 3.02926e-15	AbsError: 1.44789e+05
      Equation: "ElectronContinuityEquation"	RelError: 1.47198e-15	AbsError: 1.44789e+05
      Equation: "HoleContinuityEquation"	RelError: 1.44778e-15	AbsError: 1.47186e-15
      Equation: "PotentialEquation"	RelError: 1.09502e-16	AbsError: 1.11262e-16
    Region: "oxide"	RelError: 1.21890e-13	AbsError: 5.80952e-14
      Equation: "PotentialEquation"	RelError: 1.21890e-13	AbsError: 5.80952e-14
Succeeded
gate last end 4.200000e-01 5.000000e-01
number of equations 5543
Iteration: 0
  Device: "mos2d"	RelError: 1.71920e+00	AbsError: 4.94030e+17
    Region: "bulk"	RelError: 1.67921e+00	AbsError: 4.94030e+17
      Equation: "ElectronContinuityEquation"	RelError: 1.41202e-01	AbsError: 4.93612e+17
      Equation: "HoleContinuityEquation"	RelError: 1.96772e-01	AbsError: 4.17982e+14
      Equation: "PotentialEquation"	RelError: 1.34124e+00	AbsError: 4.25634e-03
    Region: "gate"	RelError: 2.06918e-02	AbsError: 6.80850e+16
      Equation: "ElectronContinuityEquation"	RelError: 6.94581e-04	AbsError: 6.80850e+16
      Equation: "HoleContinuityEquation"	RelError: 6.93618e-04	AbsError: 7.07607e-04
      Equation: "PotentialEquation"	RelError: 1.93036e-02	AbsError: 2.00000e-02
    Region: "oxide"	RelError: 1.93002e-02	AbsError: 1.99906e-02
      Equation: "PotentialEquation"	RelError: 1.93002e-02	AbsError: 1.99906e-02
Iteration: 1
  Device: "mos2d"	RelError: 9.30012e-02	AbsError: 1.35656e+16
    Region: "bulk"	RelError: 9.26029e-02	AbsError: 1.35656e+16
      Equation: "ElectronContinuityEquation"	RelError: 5.14948e-03	AbsError: 1.35432e+16
      Equation: "HoleContinuityEquation"	RelError: 2.19569e-02	AbsError: 2.24150e+13
      Equation: "PotentialEquation"	RelError: 6.54965e-02	AbsError: 1.84866e-04
    Region: "gate"	RelError: 1.20896e-05	AbsError: 5.61364e+14
      Equation: "ElectronContinuityEquation"	RelError: 5.73785e-06	AbsError: 5.61364e+14
      Equation: "HoleContinuityEquation"	RelError: 6.20252e-06	AbsError: 6.33976e-06
      Equation: "PotentialEquation"	RelError: 1.49254e-07	AbsError: 1.54554e-07
    Region: "oxide"	RelError: 3.86247e-04	AbsError: 1.84866e-04
      Equation: "PotentialEquation"	RelError: 3.86247e-04	AbsError: 1.84866e-04
Iteration: 2
  Device: "mos2d"	RelError: 8.02757e-05	AbsError: 2.38834e+12
    Region: "bulk"	RelError: 8.00841e-05	AbsError: 2.38834e+12
      Equation: "ElectronContinuityEquation"	RelError: 6.81720e-06	AbsError: 2.37923e+12
      Equation: "HoleContinuityEquation"	RelError: 4.48319e-05	AbsError: 9.10802e+09
      Equation: "PotentialEquation"	RelError: 2.84349e-05	AbsError: 8.93616e-08
    Region: "gate"	RelError: 4.90555e-09	AbsError: 2.39645e+11
      Equation: "ElectronContinuityEquation"	RelError: 2.43756e-09	AbsError: 2.39645e+11
      Equation: "HoleContinuityEquation"	RelError: 2.40743e-09	AbsError: 2.44872e-09
      Equation: "PotentialEquation"	RelError: 6.05625e-11	AbsError: 6.27206e-11
    Region: "oxide"	RelError: 1.86706e-07	AbsError: 8.93616e-08
      Equation: "PotentialEquation"	RelError: 1.86706e-07	AbsError: 8.93616e-08
Succeeded
gate last end 4.400000e-01 5.000000e-01
number of equations 5543
Iteration: 0
  Device: "mos2d"	RelError: 9.13160e-01	AbsError: 5.20971e+17
    Region: "bulk"	RelError: 8.73892e-01	AbsError: 5.20971e+17
      Equation: "ElectronContinuityEquation"	RelError: 1.30963e-01	AbsError: 5.20597e+17
      Equation: "HoleContinuityEquation"	RelError: 1.77439e-01	AbsError: 3.74412e+14
      Equation: "PotentialEquation"	RelError: 5.65491e-01	AbsError: 3.90117e-03
    Region: "gate"	RelError: 2.03335e-02	AbsError: 6.83942e+16
      Equation: "ElectronContinuityEquation"	RelError: 6.98225e-04	AbsError: 6.83942e+16
      Equation: "HoleContinuityEquation"	RelError: 6.97251e-04	AbsError: 7.11811e-04
      Equation: "PotentialEquation"	RelError: 1.89381e-02	AbsError: 2.00000e-02
    Region: "oxide"	RelError: 1.89346e-02	AbsError: 1.99905e-02
      Equation: "PotentialEquation"	RelError: 1.89346e-02	AbsError: 1.99905e-02
Iteration: 1
  Device: "mos2d"	RelError: 4.98658e-02	AbsError: 1.32807e+16
    Region: "bulk"	RelError: 4.95261e-02	AbsError: 1.32807e+16
      Equation: "ElectronContinuityEquation"	RelError: 4.27479e-03	AbsError: 1.32618e+16
      Equation: "HoleContinuityEquation"	RelError: 1.84848e-02	AbsError: 1.89288e+13
      Equation: "PotentialEquation"	RelError: 2.67665e-02	AbsError: 1.58741e-04
    Region: "gate"	RelError: 1.03972e-05	AbsError: 4.78596e+14
      Equation: "ElectronContinuityEquation"	RelError: 4.89527e-06	AbsError: 4.78596e+14
      Equation: "HoleContinuityEquation"	RelError: 5.37596e-06	AbsError: 5.49875e-06
      Equation: "PotentialEquation"	RelError: 1.25960e-07	AbsError: 1.32950e-07
    Region: "oxide"	RelError: 3.29280e-04	AbsError: 1.58741e-04
      Equation: "PotentialEquation"	RelError: 3.29280e-04	AbsError: 1.58741e-04
Iteration: 2
  Device: "mos2d"	RelError: 4.68138e-05	AbsError: 1.75329e+12
    Region: "bulk"	RelError: 4.66844e-05	AbsError: 1.75329e+12
      Equation: "ElectronContinuityEquation"	RelError: 5.07039e-06	AbsError: 1.74716e+12
      Equation: "HoleContinuityEquation"	RelError: 3.25334e-05	AbsError: 6.13173e+09
      Equation: "PotentialEquation"	RelError: 9.08060e-06	AbsError: 6.07856e-08
    Region: "gate"	RelError: 3.29163e-09	AbsError: 1.60858e+11
      Equation: "ElectronContinuityEquation"	RelError: 1.63701e-09	AbsError: 1.60858e+11
      Equation: "HoleContinuityEquation"	RelError: 1.61474e-09	AbsError: 1.64328e-09
      Equation: "PotentialEquation"	RelError: 3.98794e-11	AbsError: 4.20976e-11
    Region: "oxide"	RelError: 1.26089e-07	AbsError: 6.07856e-08
      Equation: "PotentialEquation"	RelError: 1.26089e-07	AbsError: 6.07856e-08
Succeeded
gate last end 4.600000e-01 5.000000e-01
number of equations 5543
Iteration: 0
  Device: "mos2d"	RelError: 1.10274e+00	AbsError: 5.47371e+17
    Region: "bulk"	RelError: 1.06416e+00	AbsError: 5.47371e+17
      Equation: "ElectronContinuityEquation"	RelError: 1.21956e-01	AbsError: 5.47034e+17
      Equation: "HoleContinuityEquation"	RelError: 1.61300e-01	AbsError: 3.37566e+14
      Equation: "PotentialEquation"	RelError: 7.80907e-01	AbsError: 3.59562e-03
    Region: "gate"	RelError: 1.99928e-02	AbsError: 6.87678e+16
      Equation: "ElectronContinuityEquation"	RelError: 7.03880e-04	AbsError: 6.87678e+16
      Equation: "HoleContinuityEquation"	RelError: 7.02890e-04	AbsError: 7.19450e-04
      Equation: "PotentialEquation"	RelError: 1.85861e-02	AbsError: 2.00000e-02
    Region: "oxide"	RelError: 1.85826e-02	AbsError: 1.99903e-02
      Equation: "PotentialEquation"	RelError: 1.85826e-02	AbsError: 1.99903e-02
Iteration: 1
  Device: "mos2d"	RelError: 5.40761e-02	AbsError: 1.30361e+16
    Region: "bulk"	RelError: 5.37844e-02	AbsError: 1.30361e+16
      Equation: "ElectronContinuityEquation"	RelError: 3.60155e-03	AbsError: 1.30200e+16
      Equation: "HoleContinuityEquation"	RelError: 1.57251e-02	AbsError: 1.61181e+13
      Equation: "PotentialEquation"	RelError: 3.44578e-02	AbsError: 1.37124e-04
    Region: "gate"	RelError: 9.03476e-06	AbsError: 4.11923e+14
      Equation: "ElectronContinuityEquation"	RelError: 4.21630e-06	AbsError: 4.11923e+14
      Equation: "HoleContinuityEquation"	RelError: 4.71101e-06	AbsError: 4.82203e-06
      Equation: "PotentialEquation"	RelError: 1.07445e-07	AbsError: 1.15555e-07
    Region: "oxide"	RelError: 2.82578e-04	AbsError: 1.37124e-04
      Equation: "PotentialEquation"	RelError: 2.82578e-04	AbsError: 1.37124e-04
Iteration: 2
  Device: "mos2d"	RelError: 3.66543e-05	AbsError: 1.30638e+12
    Region: "bulk"	RelError: 3.65656e-05	AbsError: 1.30638e+12
      Equation: "ElectronContinuityEquation"	RelError: 3.82079e-06	AbsError: 1.30216e+12
      Equation: "HoleContinuityEquation"	RelError: 2.39438e-05	AbsError: 4.22335e+09
      Equation: "PotentialEquation"	RelError: 8.80102e-06	AbsError: 4.19642e-08
    Region: "gate"	RelError: 2.24621e-09	AbsError: 1.09811e+11
      Equation: "ElectronContinuityEquation"	RelError: 1.11811e-09	AbsError: 1.09811e+11
      Equation: "HoleContinuityEquation"	RelError: 1.10139e-09	AbsError: 1.12144e-09
      Equation: "PotentialEquation"	RelError: 2.67158e-11	AbsError: 2.87357e-11
    Region: "oxide"	RelError: 8.64774e-08	AbsError: 4.19642e-08
      Equation: "PotentialEquation"	RelError: 8.64774e-08	AbsError: 4.19642e-08
Succeeded
gate last end 4.800000e-01 5.000000e-01
setting to last bias 5.000000e-01
setting next bias 5.000000e-01
number of equations 5543
Iteration: 0
  Device: "mos2d"	RelError: 2.49233e+00	AbsError: 5.73304e+17
    Region: "bulk"	RelError: 2.45441e+00	AbsError: 5.73304e+17
      Equation: "ElectronContinuityEquation"	RelError: 1.14007e-01	AbsError: 5.72998e+17
      Equation: "HoleContinuityEquation"	RelError: 1.47680e-01	AbsError: 3.06148e+14
      Equation: "PotentialEquation"	RelError: 2.19272e+00	AbsError: 3.33109e-03
    Region: "gate"	RelError: 1.96712e-02	AbsError: 6.95721e+16
      Equation: "ElectronContinuityEquation"	RelError: 7.12623e-04	AbsError: 6.95721e+16
      Equation: "HoleContinuityEquation"	RelError: 7.11609e-04	AbsError: 7.28897e-04
      Equation: "PotentialEquation"	RelError: 1.82469e-02	AbsError: 2.00000e-02
    Region: "oxide"	RelError: 1.82435e-02	AbsError: 1.99902e-02
      Equation: "PotentialEquation"	RelError: 1.82435e-02	AbsError: 1.99902e-02
Iteration: 1
  Device: "mos2d"	RelError: 1.03511e-01	AbsError: 1.28216e+16
    Region: "bulk"	RelError: 1.03259e-01	AbsError: 1.28216e+16
      Equation: "ElectronContinuityEquation"	RelError: 3.07508e-03	AbsError: 1.28078e+16
      Equation: "HoleContinuityEquation"	RelError: 1.35077e-02	AbsError: 1.38337e+13
      Equation: "PotentialEquation"	RelError: 8.66758e-02	AbsError: 1.19174e-04
    Region: "gate"	RelError: 7.92663e-06	AbsError: 3.57659e+14
      Equation: "ElectronContinuityEquation"	RelError: 3.66349e-06	AbsError: 3.57659e+14
      Equation: "HoleContinuityEquation"	RelError: 4.17057e-06	AbsError: 4.27191e-06
      Equation: "PotentialEquation"	RelError: 9.25682e-08	AbsError: 1.01404e-07
    Region: "oxide"	RelError: 2.44116e-04	AbsError: 1.19174e-04
      Equation: "PotentialEquation"	RelError: 2.44116e-04	AbsError: 1.19174e-04
Iteration: 2
  Device: "mos2d"	RelError: 3.86648e-05	AbsError: 9.96443e+11
    Region: "bulk"	RelError: 3.86030e-05	AbsError: 9.96443e+11
      Equation: "ElectronContinuityEquation"	RelError: 2.91683e-06	AbsError: 9.93469e+11
      Equation: "HoleContinuityEquation"	RelError: 1.78768e-05	AbsError: 2.97371e+09
      Equation: "PotentialEquation"	RelError: 1.78094e-05	AbsError: 2.94035e-08
    Region: "gate"	RelError: 1.55867e-09	AbsError: 7.62312e+10
      Equation: "ElectronContinuityEquation"	RelError: 7.76607e-10	AbsError: 7.62312e+10
      Equation: "HoleContinuityEquation"	RelError: 7.63858e-10	AbsError: 7.78182e-10
      Equation: "PotentialEquation"	RelError: 1.82055e-11	AbsError: 1.99458e-11
    Region: "oxide"	RelError: 6.02300e-08	AbsError: 2.94035e-08
      Equation: "PotentialEquation"	RelError: 6.02300e-08	AbsError: 2.94035e-08
Succeeded
IVPOINT	IDVD_VG1P0	5.00000000e-01	0.00000000e+00	-6.40490808e-14
drain last end 0.000000e+00 2.000000e+00
number of equations 5543
Iteration: 0
  Device: "mos2d"	RelError: 9.11937e+00	AbsError: 5.95415e+17
    Region: "bulk"	RelError: 9.08213e+00	AbsError: 5.95415e+17
      Equation: "ElectronContinuityEquation"	RelError: 2.79980e+00	AbsError: 5.92552e+17
      Equation: "HoleContinuityEquation"	RelError: 3.23901e+00	AbsError: 2.86208e+15
      Equation: "PotentialEquation"	RelError: 3.04332e+00	AbsError: 2.00000e-02
    Region: "gate"	RelError: 1.39948e-03	AbsError: 6.76466e+16
      Equation: "ElectronContinuityEquation"	RelError: 6.91089e-04	AbsError: 6.76466e+16
      Equation: "HoleContinuityEquation"	RelError: 6.92046e-04	AbsError: 7.07005e-04
      Equation: "PotentialEquation"	RelError: 1.63418e-05	AbsError: 1.79027e-05
    Region: "oxide"	RelError: 3.58309e-02	AbsError: 1.89716e-02
      Equation: "PotentialEquation"	RelError: 3.58309e-02	AbsError: 1.89716e-02
Iteration: 1
  Device: "mos2d"	RelError: 9.94567e-01	AbsError: 1.20528e+16
    Region: "bulk"	RelError: 9.94111e-01	AbsError: 1.20528e+16
      Equation: "ElectronContinuityEquation"	RelError: 4.55082e-01	AbsError: 1.19628e+16
      Equation: "HoleContinuityEquation"	RelError: 4.94302e-01	AbsError: 9.00546e+13
      Equation: "PotentialEquation"	RelError: 4.47270e-02	AbsError: 2.19250e-04
    Region: "gate"	RelError: 1.78910e-05	AbsError: 8.57324e+14
      Equation: "ElectronContinuityEquation"	RelError: 8.77853e-06	AbsError: 8.57324e+14
      Equation: "HoleContinuityEquation"	RelError: 8.90350e-06	AbsError: 9.11670e-06
      Equation: "PotentialEquation"	RelError: 2.08924e-07	AbsError: 2.28869e-07
    Region: "oxide"	RelError: 4.38450e-04	AbsError: 2.18457e-04
      Equation: "PotentialEquation"	RelError: 4.38450e-04	AbsError: 2.18457e-04
Iteration: 2
  Device: "mos2d"	RelError: 1.55555e-03	AbsError: 3.99373e+12
    Region: "bulk"	RelError: 1.55526e-03	AbsError: 3.99373e+12
      Equation: "ElectronContinuityEquation"	RelError: 7.77832e-04	AbsError: 3.94821e+12
      Equation: "HoleContinuityEquation"	RelError: 7.55144e-04	AbsError: 4.55175e+10
      Equation: "PotentialEquation"	RelError: 2.22851e-05	AbsError: 1.41595e-07
    Region: "gate"	RelError: 1.12027e-08	AbsError: 5.44465e+11
      Equation: "ElectronContinuityEquation"	RelError: 5.57502e-09	AbsError: 5.44465e+11
      Equation: "HoleContinuityEquation"	RelError: 5.49685e-09	AbsError: 5.62848e-09
      Equation: "PotentialEquation"	RelError: 1.30828e-10	AbsError: 1.43317e-10
    Region: "oxide"	RelError: 2.80629e-07	AbsError: 1.41595e-07
      Equation: "PotentialEquation"	RelError: 2.80629e-07	AbsError: 1.41595e-07
Iteration: 3
  Device: "mos2d"	RelError: 1.09220e-09	AbsError: 1.43560e+06
    Region: "bulk"	RelError: 1.09209e-09	AbsError: 1.43560e+06
      Equation: "ElectronContinuityEquation"	RelError: 3.89498e-10	AbsError: 1.42322e+06
      Equation: "HoleContinuityEquation"	RelError: 6.97935e-10	AbsError: 1.23837e+04
      Equation: "PotentialEquation"	RelError: 4.65373e-12	AbsError: 5.57123e-14
    Region: "gate"	RelError: 4.23860e-15	AbsError: 2.03095e+05
      Equation: "ElectronContinuityEquation"	RelError: 2.07958e-15	AbsError: 2.03095e+05
      Equation: "HoleContinuityEquation"	RelError: 2.05765e-15	AbsError: 2.10692e-15
      Equation: "PotentialEquation"	RelError: 1.01372e-16	AbsError: 1.11111e-16
    Region: "oxide"	RelError: 1.09476e-13	AbsError: 5.57123e-14
      Equation: "PotentialEquation"	RelError: 1.09476e-13	AbsError: 5.57123e-14
Succeeded
IVPOINT	IDVD_VG1P0	5.00000000e-01	2.00000000e-02	1.25024150e-02
drain last end 2.000000e-02 2.000000e+00
number of equations 5543
Iteration: 0
  Device: "mos2d"	RelError: 9.33763e+00	AbsError: 5.71318e+17
    Region: "bulk"	RelError: 9.30170e+00	AbsError: 5.71318e+17
      Equation: "ElectronContinuityEquation"	RelError: 2.63564e+00	AbsError: 5.68463e+17
      Equation: "HoleContinuityEquation"	RelError: 3.18086e+00	AbsError: 2.85525e+15
      Equation: "PotentialEquation"	RelError: 3.48520e+00	AbsError: 2.00000e-02
    Region: "gate"	RelError: 1.39316e-03	AbsError: 6.73879e+16
      Equation: "ElectronContinuityEquation"	RelError: 6.87974e-04	AbsError: 6.73879e+16
      Equation: "HoleContinuityEquation"	RelError: 6.88921e-04	AbsError: 7.03330e-04
      Equation: "PotentialEquation"	RelError: 1.62678e-05	AbsError: 1.78220e-05
    Region: "oxide"	RelError: 3.45408e-02	AbsError: 1.89422e-02
      Equation: "PotentialEquation"	RelError: 3.45408e-02	AbsError: 1.89422e-02
Iteration: 1
  Device: "mos2d"	RelError: 9.77382e-01	AbsError: 1.25823e+16
    Region: "bulk"	RelError: 9.76883e-01	AbsError: 1.25823e+16
      Equation: "ElectronContinuityEquation"	RelError: 4.37045e-01	AbsError: 1.24960e+16
      Equation: "HoleContinuityEquation"	RelError: 4.89388e-01	AbsError: 8.63171e+13
      Equation: "PotentialEquation"	RelError: 5.04505e-02	AbsError: 2.46029e-04
    Region: "gate"	RelError: 1.98006e-05	AbsError: 9.50400e+14
      Equation: "ElectronContinuityEquation"	RelError: 9.72840e-06	AbsError: 9.50400e+14
      Equation: "HoleContinuityEquation"	RelError: 9.84095e-06	AbsError: 1.00733e-05
      Equation: "PotentialEquation"	RelError: 2.31223e-07	AbsError: 2.53297e-07
    Region: "oxide"	RelError: 4.79122e-04	AbsError: 2.44957e-04
      Equation: "PotentialEquation"	RelError: 4.79122e-04	AbsError: 2.44957e-04
Iteration: 2
  Device: "mos2d"	RelError: 1.53853e-03	AbsError: 5.60256e+12
    Region: "bulk"	RelError: 1.53816e-03	AbsError: 5.60256e+12
      Equation: "ElectronContinuityEquation"	RelError: 6.84367e-04	AbsError: 5.55193e+12
      Equation: "HoleContinuityEquation"	RelError: 8.12540e-04	AbsError: 5.06310e+10
      Equation: "PotentialEquation"	RelError: 4.12498e-05	AbsError: 1.85481e-07
    Region: "gate"	RelError: 1.42890e-08	AbsError: 6.94494e+11
      Equation: "ElectronContinuityEquation"	RelError: 7.10892e-09	AbsError: 6.94494e+11
      Equation: "HoleContinuityEquation"	RelError: 7.01317e-09	AbsError: 7.17876e-09
      Equation: "PotentialEquation"	RelError: 1.66867e-10	AbsError: 1.82797e-10
    Region: "oxide"	RelError: 3.58695e-07	AbsError: 1.84419e-07
      Equation: "PotentialEquation"	RelError: 3.58695e-07	AbsError: 1.84419e-07
Iteration: 3
  Device: "mos2d"	RelError: 1.67834e-09	AbsError: 3.07443e+06
    Region: "bulk"	RelError: 1.67814e-09	AbsError: 3.07443e+06
      Equation: "ElectronContinuityEquation"	RelError: 5.41778e-10	AbsError: 3.05941e+06
      Equation: "HoleContinuityEquation"	RelError: 1.11599e-09	AbsError: 1.50279e+04
      Equation: "PotentialEquation"	RelError: 2.03705e-11	AbsError: 1.01793e-13
    Region: "gate"	RelError: 7.29911e-15	AbsError: 3.52343e+05
      Equation: "ElectronContinuityEquation"	RelError: 3.60662e-15	AbsError: 3.52343e+05
      Equation: "HoleContinuityEquation"	RelError: 3.55012e-15	AbsError: 3.63394e-15
      Equation: "PotentialEquation"	RelError: 1.42370e-16	AbsError: 1.55978e-16
    Region: "oxide"	RelError: 1.94228e-13	AbsError: 1.01674e-13
      Equation: "PotentialEquation"	RelError: 1.94228e-13	AbsError: 1.01674e-13
Succeeded
IVPOINT	IDVD_VG1P0	5.00000000e-01	4.00000000e-02	2.37598620e-02
drain last end 4.000000e-02 2.000000e+00
number of equations 5543
Iteration: 0
  Device: "mos2d"	RelError: 2.00029e+01	AbsError: 5.46100e+17
    Region: "bulk"	RelError: 1.99681e+01	AbsError: 5.46100e+17
      Equation: "ElectronContinuityEquation"	RelError: 2.41007e+00	AbsError: 5.43268e+17
      Equation: "HoleContinuityEquation"	RelError: 3.07694e+00	AbsError: 2.83194e+15
      Equation: "PotentialEquation"	RelError: 1.44811e+01	AbsError: 2.00000e-02
    Region: "gate"	RelError: 1.38619e-03	AbsError: 6.70968e+16
      Equation: "ElectronContinuityEquation"	RelError: 6.84533e-04	AbsError: 6.70968e+16
      Equation: "HoleContinuityEquation"	RelError: 6.85472e-04	AbsError: 6.99330e-04
      Equation: "PotentialEquation"	RelError: 1.61861e-05	AbsError: 1.77328e-05
    Region: "oxide"	RelError: 3.33345e-02	AbsError: 1.89106e-02
      Equation: "PotentialEquation"	RelError: 3.33345e-02	AbsError: 1.89106e-02
Iteration: 1
  Device: "mos2d"	RelError: 1.04332e+00	AbsError: 1.32488e+16
    Region: "bulk"	RelError: 1.04278e+00	AbsError: 1.32488e+16
      Equation: "ElectronContinuityEquation"	RelError: 4.14304e-01	AbsError: 1.31617e+16
      Equation: "HoleContinuityEquation"	RelError: 4.81056e-01	AbsError: 8.70830e+13
      Equation: "PotentialEquation"	RelError: 1.47415e-01	AbsError: 2.76937e-04
    Region: "gate"	RelError: 2.17520e-05	AbsError: 1.04556e+15
      Equation: "ElectronContinuityEquation"	RelError: 1.06992e-05	AbsError: 1.04556e+15
      Equation: "HoleContinuityEquation"	RelError: 1.07988e-05	AbsError: 1.10504e-05
      Equation: "PotentialEquation"	RelError: 2.54009e-07	AbsError: 2.78261e-07
    Region: "oxide"	RelError: 5.21807e-04	AbsError: 2.75182e-04
      Equation: "PotentialEquation"	RelError: 5.21807e-04	AbsError: 2.75182e-04
Iteration: 2
  Device: "mos2d"	RelError: 1.56540e-03	AbsError: 7.79300e+12
    Region: "bulk"	RelError: 1.56492e-03	AbsError: 7.79300e+12
      Equation: "ElectronContinuityEquation"	RelError: 5.59580e-04	AbsError: 7.73930e+12
      Equation: "HoleContinuityEquation"	RelError: 8.77653e-04	AbsError: 5.36982e+10
      Equation: "PotentialEquation"	RelError: 1.27684e-04	AbsError: 2.49882e-07
    Region: "gate"	RelError: 1.78697e-08	AbsError: 8.68593e+11
      Equation: "ElectronContinuityEquation"	RelError: 8.88830e-09	AbsError: 8.68593e+11
      Equation: "HoleContinuityEquation"	RelError: 8.77275e-09	AbsError: 8.97715e-09
      Equation: "PotentialEquation"	RelError: 2.08680e-10	AbsError: 2.28604e-10
    Region: "oxide"	RelError: 4.63374e-07	AbsError: 2.48135e-07
      Equation: "PotentialEquation"	RelError: 4.63374e-07	AbsError: 2.48135e-07
Iteration: 3
  Device: "mos2d"	RelError: 2.60793e-09	AbsError: 6.45123e+06
    Region: "bulk"	RelError: 2.60756e-09	AbsError: 6.45123e+06
      Equation: "ElectronContinuityEquation"	RelError: 7.58120e-10	AbsError: 6.43419e+06
      Equation: "HoleContinuityEquation"	RelError: 1.77603e-09	AbsError: 1.70377e+04
      Equation: "PotentialEquation"	RelError: 7.34034e-11	AbsError: 1.95768e-13
    Region: "gate"	RelError: 1.29237e-14	AbsError: 6.28446e+05
      Equation: "ElectronContinuityEquation"	RelError: 6.40365e-15	AbsError: 6.28446e+05
      Equation: "HoleContinuityEquation"	RelError: 6.34076e-15	AbsError: 6.46102e-15
      Equation: "PotentialEquation"	RelError: 1.79279e-16	AbsError: 1.96447e-16
    Region: "oxide"	RelError: 3.61678e-13	AbsError: 1.95067e-13
      Equation: "PotentialEquation"	RelError: 3.61678e-13	AbsError: 1.95067e-13
Succeeded
IVPOINT	IDVD_VG1P0	5.00000000e-01	6.00000000e-02	3.38074571e-02
drain last end 6.000000e-02 2.000000e+00
number of equations 5543
Iteration: 0
  Device: "mos2d"	RelError: 7.42529e+00	AbsError: 5.19481e+17
    Region: "bulk"	RelError: 7.39171e+00	AbsError: 5.19481e+17
      Equation: "ElectronContinuityEquation"	RelError: 2.12003e+00	AbsError: 5.16689e+17
      Equation: "HoleContinuityEquation"	RelError: 2.87815e+00	AbsError: 2.79222e+15
      Equation: "PotentialEquation"	RelError: 2.39352e+00	AbsError: 2.00000e-02
    Region: "gate"	RelError: 1.37843e-03	AbsError: 6.67667e+16
      Equation: "ElectronContinuityEquation"	RelError: 6.80703e-04	AbsError: 6.67667e+16
      Equation: "HoleContinuityEquation"	RelError: 6.81631e-04	AbsError: 6.94939e-04
      Equation: "PotentialEquation"	RelError: 1.60952e-05	AbsError: 1.76335e-05
    Region: "oxide"	RelError: 3.22035e-02	AbsError: 1.88763e-02
      Equation: "PotentialEquation"	RelError: 3.22035e-02	AbsError: 1.88763e-02
Iteration: 1
  Device: "mos2d"	RelError: 9.40755e-01	AbsError: 1.40883e+16
    Region: "bulk"	RelError: 9.40153e-01	AbsError: 1.40883e+16
      Equation: "ElectronContinuityEquation"	RelError: 3.78636e-01	AbsError: 1.40002e+16
      Equation: "HoleContinuityEquation"	RelError: 4.64333e-01	AbsError: 8.81081e+13
      Equation: "PotentialEquation"	RelError: 9.71838e-02	AbsError: 3.12420e-04
    Region: "gate"	RelError: 2.36412e-05	AbsError: 1.13777e+15
      Equation: "ElectronContinuityEquation"	RelError: 1.16395e-05	AbsError: 1.13777e+15
      Equation: "HoleContinuityEquation"	RelError: 1.17257e-05	AbsError: 1.19955e-05
      Equation: "PotentialEquation"	RelError: 2.76068e-07	AbsError: 3.02429e-07
    Region: "oxide"	RelError: 5.78552e-04	AbsError: 3.11313e-04
      Equation: "PotentialEquation"	RelError: 5.78552e-04	AbsError: 3.11313e-04
Iteration: 2
  Device: "mos2d"	RelError: 1.49086e-03	AbsError: 1.06342e+13
    Region: "bulk"	RelError: 1.49023e-03	AbsError: 1.06342e+13
      Equation: "ElectronContinuityEquation"	RelError: 4.49813e-04	AbsError: 1.05796e+13
      Equation: "HoleContinuityEquation"	RelError: 9.47994e-04	AbsError: 5.45896e+10
      Equation: "PotentialEquation"	RelError: 9.24196e-05	AbsError: 3.34022e-07
    Region: "gate"	RelError: 2.20763e-08	AbsError: 1.07640e+12
      Equation: "ElectronContinuityEquation"	RelError: 1.09646e-08	AbsError: 1.07640e+12
      Equation: "HoleContinuityEquation"	RelError: 1.08539e-08	AbsError: 1.10563e-08
      Equation: "PotentialEquation"	RelError: 2.57776e-10	AbsError: 2.82418e-10
    Region: "oxide"	RelError: 6.11139e-07	AbsError: 3.29507e-07
      Equation: "PotentialEquation"	RelError: 6.11139e-07	AbsError: 3.29507e-07
Iteration: 3
  Device: "mos2d"	RelError: 3.86185e-09	AbsError: 1.29248e+07
    Region: "bulk"	RelError: 3.86115e-09	AbsError: 1.29248e+07
      Equation: "ElectronContinuityEquation"	RelError: 1.02052e-09	AbsError: 1.28945e+07
      Equation: "HoleContinuityEquation"	RelError: 2.76601e-09	AbsError: 3.03678e+04
      Equation: "PotentialEquation"	RelError: 7.46128e-11	AbsError: 3.74807e-13
    Region: "gate"	RelError: 2.43506e-14	AbsError: 1.18363e+06
      Equation: "ElectronContinuityEquation"	RelError: 1.20575e-14	AbsError: 1.18363e+06
      Equation: "HoleContinuityEquation"	RelError: 1.19349e-14	AbsError: 1.21579e-14
      Equation: "PotentialEquation"	RelError: 3.58215e-16	AbsError: 3.92459e-16
    Region: "oxide"	RelError: 6.77934e-13	AbsError: 3.70314e-13
      Equation: "PotentialEquation"	RelError: 6.77934e-13	AbsError: 3.70314e-13
Succeeded
IVPOINT	IDVD_VG1P0	5.00000000e-01	8.00000000e-02	4.26863398e-02
drain last end 8.000000e-02 2.000000e+00
number of equations 5543
Iteration: 0
  Device: "mos2d"	RelError: 1.26036e+01	AbsError: 4.91104e+17
    Region: "bulk"	RelError: 1.25711e+01	AbsError: 4.91104e+17
      Equation: "ElectronContinuityEquation"	RelError: 1.88674e+00	AbsError: 4.88368e+17
      Equation: "HoleContinuityEquation"	RelError: 2.53220e+00	AbsError: 2.73648e+15
      Equation: "PotentialEquation"	RelError: 8.15211e+00	AbsError: 2.00000e-02
    Region: "gate"	RelError: 1.36971e-03	AbsError: 6.63893e+16
      Equation: "ElectronContinuityEquation"	RelError: 6.76398e-04	AbsError: 6.63893e+16
      Equation: "HoleContinuityEquation"	RelError: 6.77315e-04	AbsError: 6.90073e-04
      Equation: "PotentialEquation"	RelError: 1.59931e-05	AbsError: 1.75219e-05
    Region: "oxide"	RelError: 3.11399e-02	AbsError: 1.88390e-02
      Equation: "PotentialEquation"	RelError: 3.11399e-02	AbsError: 1.88390e-02
Iteration: 1
  Device: "mos2d"	RelError: 8.10044e-01	AbsError: 1.51432e+16
    Region: "bulk"	RelError: 8.09380e-01	AbsError: 1.51432e+16
      Equation: "ElectronContinuityEquation"	RelError: 3.45345e-01	AbsError: 1.50557e+16
      Equation: "HoleContinuityEquation"	RelError: 4.32500e-01	AbsError: 8.74490e+13
      Equation: "PotentialEquation"	RelError: 3.15340e-02	AbsError: 3.53761e-04
    Region: "gate"	RelError: 2.53189e-05	AbsError: 1.21978e+15
      Equation: "ElectronContinuityEquation"	RelError: 1.24752e-05	AbsError: 1.21978e+15
      Equation: "HoleContinuityEquation"	RelError: 1.25481e-05	AbsError: 1.28335e-05
      Equation: "PotentialEquation"	RelError: 2.95658e-07	AbsError: 3.23891e-07
    Region: "oxide"	RelError: 6.39058e-04	AbsError: 3.49754e-04
      Equation: "PotentialEquation"	RelError: 6.39058e-04	AbsError: 3.49754e-04
Iteration: 2
  Device: "mos2d"	RelError: 1.52026e-03	AbsError: 1.40310e+13
    Region: "bulk"	RelError: 1.51945e-03	AbsError: 1.40310e+13
      Equation: "ElectronContinuityEquation"	RelError: 4.69825e-04	AbsError: 1.39777e+13
      Equation: "HoleContinuityEquation"	RelError: 1.01634e-03	AbsError: 5.33521e+10
      Equation: "PotentialEquation"	RelError: 3.32893e-05	AbsError: 4.41838e-07
    Region: "gate"	RelError: 2.94473e-08	AbsError: 1.43595e+12
      Equation: "ElectronContinuityEquation"	RelError: 1.46229e-08	AbsError: 1.43595e+12
      Equation: "HoleContinuityEquation"	RelError: 1.44806e-08	AbsError: 1.47462e-08
      Equation: "PotentialEquation"	RelError: 3.43841e-10	AbsError: 3.76714e-10
    Region: "oxide"	RelError: 7.83058e-07	AbsError: 4.35480e-07
      Equation: "PotentialEquation"	RelError: 7.83058e-07	AbsError: 4.35480e-07
Iteration: 3
  Device: "mos2d"	RelError: 5.46797e-09	AbsError: 2.39022e+07
    Region: "bulk"	RelError: 5.46669e-09	AbsError: 2.39022e+07
      Equation: "ElectronContinuityEquation"	RelError: 1.29841e-09	AbsError: 2.38507e+07
      Equation: "HoleContinuityEquation"	RelError: 4.12437e-09	AbsError: 5.15016e+04
      Equation: "PotentialEquation"	RelError: 4.39146e-11	AbsError: 6.92406e-13
    Region: "gate"	RelError: 4.59256e-14	AbsError: 2.22446e+06
      Equation: "ElectronContinuityEquation"	RelError: 2.26526e-14	AbsError: 2.22446e+06
      Equation: "HoleContinuityEquation"	RelError: 2.26386e-14	AbsError: 2.30539e-14
      Equation: "PotentialEquation"	RelError: 6.34301e-16	AbsError: 6.94943e-16
    Region: "oxide"	RelError: 1.22540e-12	AbsError: 6.83018e-13
      Equation: "PotentialEquation"	RelError: 1.22540e-12	AbsError: 6.83018e-13
Succeeded
IVPOINT	IDVD_VG1P0	5.00000000e-01	1.00000000e-01	5.04450657e-02
drain last end 1.000000e-01 2.000000e+00
number of equations 5543
Iteration: 0
  Device: "mos2d"	RelError: 8.36846e+00	AbsError: 4.60522e+17
    Region: "bulk"	RelError: 8.33696e+00	AbsError: 4.60522e+17
      Equation: "ElectronContinuityEquation"	RelError: 1.63994e+00	AbsError: 4.57857e+17
      Equation: "HoleContinuityEquation"	RelError: 2.39501e+00	AbsError: 2.66540e+15
      Equation: "PotentialEquation"	RelError: 4.30201e+00	AbsError: 2.00000e-02
    Region: "gate"	RelError: 1.35981e-03	AbsError: 6.59540e+16
      Equation: "ElectronContinuityEquation"	RelError: 6.71514e-04	AbsError: 6.59540e+16
      Equation: "HoleContinuityEquation"	RelError: 6.72417e-04	AbsError: 6.84625e-04
      Equation: "PotentialEquation"	RelError: 1.58773e-05	AbsError: 1.73953e-05
    Region: "oxide"	RelError: 3.01370e-02	AbsError: 1.87981e-02
      Equation: "PotentialEquation"	RelError: 3.01370e-02	AbsError: 1.87981e-02
Iteration: 1
  Device: "mos2d"	RelError: 8.51273e-01	AbsError: 1.64496e+16
    Region: "bulk"	RelError: 8.50548e-01	AbsError: 1.64496e+16
      Equation: "ElectronContinuityEquation"	RelError: 3.08243e-01	AbsError: 1.63643e+16
      Equation: "HoleContinuityEquation"	RelError: 4.05168e-01	AbsError: 8.52154e+13
      Equation: "PotentialEquation"	RelError: 1.37137e-01	AbsError: 3.93761e-04
    Region: "gate"	RelError: 2.69232e-05	AbsError: 1.30171e+15
      Equation: "ElectronContinuityEquation"	RelError: 1.32517e-05	AbsError: 1.30171e+15
      Equation: "HoleContinuityEquation"	RelError: 1.33571e-05	AbsError: 1.35979e-05
      Equation: "PotentialEquation"	RelError: 3.14357e-07	AbsError: 3.44414e-07
    Region: "oxide"	RelError: 6.98197e-04	AbsError: 3.92061e-04
      Equation: "PotentialEquation"	RelError: 6.98197e-04	AbsError: 3.92061e-04
Iteration: 2
  Device: "mos2d"	RelError: 1.74084e-03	AbsError: 1.75652e+13
    Region: "bulk"	RelError: 1.73981e-03	AbsError: 1.75652e+13
      Equation: "ElectronContinuityEquation"	RelError: 4.80282e-04	AbsError: 1.75061e+13
      Equation: "HoleContinuityEquation"	RelError: 1.07303e-03	AbsError: 5.90131e+10
      Equation: "PotentialEquation"	RelError: 1.86492e-04	AbsError: 5.60824e-07
    Region: "gate"	RelError: 3.75137e-08	AbsError: 1.82965e+12
      Equation: "ElectronContinuityEquation"	RelError: 1.86263e-08	AbsError: 1.82965e+12
      Equation: "HoleContinuityEquation"	RelError: 1.84493e-08	AbsError: 1.87819e-08
      Equation: "PotentialEquation"	RelError: 4.38021e-10	AbsError: 4.79902e-10
    Region: "oxide"	RelError: 9.98735e-07	AbsError: 5.60824e-07
      Equation: "PotentialEquation"	RelError: 9.98735e-07	AbsError: 5.60824e-07
Iteration: 3
  Device: "mos2d"	RelError: 7.64110e-09	AbsError: 3.88951e+07
    Region: "bulk"	RelError: 7.63890e-09	AbsError: 3.88951e+07
      Equation: "ElectronContinuityEquation"	RelError: 1.59807e-09	AbsError: 3.88152e+07
      Equation: "HoleContinuityEquation"	RelError: 5.72389e-09	AbsError: 7.99125e+04
      Equation: "PotentialEquation"	RelError: 3.16940e-10	AbsError: 1.19094e-12
    Region: "gate"	RelError: 7.69873e-14	AbsError: 3.76290e+06
      Equation: "ElectronContinuityEquation"	RelError: 3.83073e-14	AbsError: 3.76290e+06
      Equation: "HoleContinuityEquation"	RelError: 3.78468e-14	AbsError: 3.85290e-14
      Equation: "PotentialEquation"	RelError: 8.33231e-16	AbsError: 9.12899e-16
    Region: "oxide"	RelError: 2.12087e-12	AbsError: 1.19094e-12
      Equation: "PotentialEquation"	RelError: 2.12087e-12	AbsError: 1.19094e-12
Succeeded
IVPOINT	IDVD_VG1P0	5.00000000e-01	1.20000000e-01	5.71412210e-02
drain last end 1.200000e-01 2.000000e+00
number of equations 5543
Iteration: 0
  Device: "mos2d"	RelError: 9.29176e+00	AbsError: 4.27227e+17
    Region: "bulk"	RelError: 9.26123e+00	AbsError: 4.27227e+17
      Equation: "ElectronContinuityEquation"	RelError: 1.43612e+00	AbsError: 4.24648e+17
      Equation: "HoleContinuityEquation"	RelError: 2.31908e+00	AbsError: 2.57991e+15
      Equation: "PotentialEquation"	RelError: 5.50603e+00	AbsError: 2.00000e-02
    Region: "gate"	RelError: 1.34846e-03	AbsError: 6.54473e+16
      Equation: "ElectronContinuityEquation"	RelError: 6.65913e-04	AbsError: 6.54473e+16
      Equation: "HoleContinuityEquation"	RelError: 6.66801e-04	AbsError: 6.78456e-04
      Equation: "PotentialEquation"	RelError: 1.57445e-05	AbsError: 1.72501e-05
    Region: "oxide"	RelError: 2.91885e-02	AbsError: 1.87532e-02
      Equation: "PotentialEquation"	RelError: 2.91885e-02	AbsError: 1.87532e-02
Iteration: 1
  Device: "mos2d"	RelError: 7.39158e-01	AbsError: 1.80083e+16
    Region: "bulk"	RelError: 7.38372e-01	AbsError: 1.80083e+16
      Equation: "ElectronContinuityEquation"	RelError: 2.75985e-01	AbsError: 1.79267e+16
      Equation: "HoleContinuityEquation"	RelError: 3.97280e-01	AbsError: 8.15927e+13
      Equation: "PotentialEquation"	RelError: 6.51079e-02	AbsError: 4.34011e-04
    Region: "gate"	RelError: 2.93365e-05	AbsError: 1.42008e+15
      Equation: "ElectronContinuityEquation"	RelError: 1.44527e-05	AbsError: 1.42008e+15
      Equation: "HoleContinuityEquation"	RelError: 1.45412e-05	AbsError: 1.47991e-05
      Equation: "PotentialEquation"	RelError: 3.42533e-07	AbsError: 3.75285e-07
    Region: "oxide"	RelError: 7.56262e-04	AbsError: 4.31315e-04
      Equation: "PotentialEquation"	RelError: 7.56262e-04	AbsError: 4.31315e-04
Iteration: 2
  Device: "mos2d"	RelError: 1.74709e-03	AbsError: 2.03220e+13
    Region: "bulk"	RelError: 1.74585e-03	AbsError: 2.03220e+13
      Equation: "ElectronContinuityEquation"	RelError: 4.75655e-04	AbsError: 2.02557e+13
      Equation: "HoleContinuityEquation"	RelError: 1.17662e-03	AbsError: 6.62830e+10
      Equation: "PotentialEquation"	RelError: 9.35779e-05	AbsError: 6.89591e-07
    Region: "gate"	RelError: 4.45637e-08	AbsError: 2.17412e+12
      Equation: "ElectronContinuityEquation"	RelError: 2.21268e-08	AbsError: 2.17412e+12
      Equation: "HoleContinuityEquation"	RelError: 2.19166e-08	AbsError: 2.23054e-08
      Equation: "PotentialEquation"	RelError: 5.20335e-10	AbsError: 5.70089e-10
    Region: "oxide"	RelError: 1.19204e-06	AbsError: 6.81844e-07
      Equation: "PotentialEquation"	RelError: 1.19204e-06	AbsError: 6.81844e-07
Iteration: 3
  Device: "mos2d"	RelError: 9.41984e-09	AbsError: 5.48887e+07
    Region: "bulk"	RelError: 9.41663e-09	AbsError: 5.48887e+07
      Equation: "ElectronContinuityEquation"	RelError: 1.77649e-09	AbsError: 5.47822e+07
      Equation: "HoleContinuityEquation"	RelError: 7.45466e-09	AbsError: 1.06460e+05
      Equation: "PotentialEquation"	RelError: 1.85477e-10	AbsError: 1.81891e-12
    Region: "gate"	RelError: 1.10033e-13	AbsError: 5.35972e+06
      Equation: "ElectronContinuityEquation"	RelError: 5.45479e-14	AbsError: 5.35972e+06
      Equation: "HoleContinuityEquation"	RelError: 5.41287e-14	AbsError: 5.50888e-14
      Equation: "PotentialEquation"	RelError: 1.35609e-15	AbsError: 1.48576e-15
    Region: "oxide"	RelError: 3.10132e-12	AbsError: 1.80392e-12
      Equation: "PotentialEquation"	RelError: 3.10132e-12	AbsError: 1.80392e-12
Succeeded
IVPOINT	IDVD_VG1P0	5.00000000e-01	1.40000000e-01	6.28430926e-02
drain last end 1.400000e-01 2.000000e+00
number of equations 5543
Iteration: 0
  Device: "mos2d"	RelError: 5.47032e+00	AbsError: 3.90747e+17
    Region: "bulk"	RelError: 5.44070e+00	AbsError: 3.90747e+17
      Equation: "ElectronContinuityEquation"	RelError: 1.27758e+00	AbsError: 3.88251e+17
      Equation: "HoleContinuityEquation"	RelError: 2.24668e+00	AbsError: 2.49569e+15
      Equation: "PotentialEquation"	RelError: 1.91644e+00	AbsError: 2.00000e-02
    Region: "gate"	RelError: 1.33531e-03	AbsError: 6.48520e+16
      Equation: "ElectronContinuityEquation"	RelError: 6.59423e-04	AbsError: 6.48520e+16
      Equation: "HoleContinuityEquation"	RelError: 6.60294e-04	AbsError: 6.71394e-04
      Equation: "PotentialEquation"	RelError: 1.55907e-05	AbsError: 1.70819e-05
    Region: "oxide"	RelError: 2.82886e-02	AbsError: 1.87034e-02
      Equation: "PotentialEquation"	RelError: 2.82886e-02	AbsError: 1.87034e-02
Iteration: 1
  Device: "mos2d"	RelError: 7.19084e-01	AbsError: 1.97374e+16
    Region: "bulk"	RelError: 7.18258e-01	AbsError: 1.97374e+16
      Equation: "ElectronContinuityEquation"	RelError: 2.40617e-01	AbsError: 1.96606e+16
      Equation: "HoleContinuityEquation"	RelError: 3.85884e-01	AbsError: 7.68261e+13
      Equation: "PotentialEquation"	RelError: 9.17572e-02	AbsError: 4.67205e-04
    Region: "gate"	RelError: 3.09836e-05	AbsError: 1.50126e+15
      Equation: "ElectronContinuityEquation"	RelError: 1.52750e-05	AbsError: 1.50126e+15
      Equation: "HoleContinuityEquation"	RelError: 1.53468e-05	AbsError: 1.56151e-05
      Equation: "PotentialEquation"	RelError: 3.61762e-07	AbsError: 3.96356e-07
    Region: "oxide"	RelError: 7.95355e-04	AbsError: 4.61911e-04
      Equation: "PotentialEquation"	RelError: 7.95355e-04	AbsError: 4.61911e-04
Iteration: 2
  Device: "mos2d"	RelError: 1.90167e-03	AbsError: 2.09757e+13
    Region: "bulk"	RelError: 1.90031e-03	AbsError: 2.09757e+13
      Equation: "ElectronContinuityEquation"	RelError: 4.76815e-04	AbsError: 2.09072e+13
      Equation: "HoleContinuityEquation"	RelError: 1.30743e-03	AbsError: 6.84602e+10
      Equation: "PotentialEquation"	RelError: 1.16063e-04	AbsError: 7.77792e-07
    Region: "gate"	RelError: 4.78636e-08	AbsError: 2.33613e+12
      Equation: "ElectronContinuityEquation"	RelError: 2.37696e-08	AbsError: 2.33613e+12
      Equation: "HoleContinuityEquation"	RelError: 2.35352e-08	AbsError: 2.39466e-08
      Equation: "PotentialEquation"	RelError: 5.58860e-10	AbsError: 6.12301e-10
    Region: "oxide"	RelError: 1.31172e-06	AbsError: 7.67425e-07
      Equation: "PotentialEquation"	RelError: 1.31172e-06	AbsError: 7.67425e-07
Iteration: 3
  Device: "mos2d"	RelError: 1.16251e-08	AbsError: 6.29505e+07
    Region: "bulk"	RelError: 1.16212e-08	AbsError: 6.29505e+07
      Equation: "ElectronContinuityEquation"	RelError: 1.92181e-09	AbsError: 6.28310e+07
      Equation: "HoleContinuityEquation"	RelError: 9.45014e-09	AbsError: 1.19484e+05
      Equation: "PotentialEquation"	RelError: 2.49279e-10	AbsError: 2.19565e-12
    Region: "gate"	RelError: 1.25349e-13	AbsError: 6.12956e+06
      Equation: "ElectronContinuityEquation"	RelError: 6.22275e-14	AbsError: 6.12956e+06
      Equation: "HoleContinuityEquation"	RelError: 6.15627e-14	AbsError: 6.24986e-14
      Equation: "PotentialEquation"	RelError: 1.55926e-15	AbsError: 1.70846e-15
    Region: "oxide"	RelError: 3.69599e-12	AbsError: 2.16991e-12
      Equation: "PotentialEquation"	RelError: 3.69599e-12	AbsError: 2.16991e-12
Succeeded
IVPOINT	IDVD_VG1P0	5.00000000e-01	1.60000000e-01	6.76309856e-02
drain last end 1.600000e-01 2.000000e+00
number of equations 5543
Iteration: 0
  Device: "mos2d"	RelError: 8.70554e+01	AbsError: 3.50862e+17
    Region: "bulk"	RelError: 8.70266e+01	AbsError: 3.50862e+17
      Equation: "ElectronContinuityEquation"	RelError: 1.19414e+00	AbsError: 3.48387e+17
      Equation: "HoleContinuityEquation"	RelError: 2.20898e+00	AbsError: 2.47470e+15
      Equation: "PotentialEquation"	RelError: 8.36235e+01	AbsError: 2.00000e-02
    Region: "gate"	RelError: 1.31993e-03	AbsError: 6.41470e+16
      Equation: "ElectronContinuityEquation"	RelError: 6.51832e-04	AbsError: 6.41470e+16
      Equation: "HoleContinuityEquation"	RelError: 6.52683e-04	AbsError: 6.63225e-04
      Equation: "PotentialEquation"	RelError: 1.54109e-05	AbsError: 1.68851e-05
    Region: "oxide"	RelError: 2.74320e-02	AbsError: 1.86479e-02
      Equation: "PotentialEquation"	RelError: 2.74320e-02	AbsError: 1.86479e-02
Iteration: 1
  Device: "mos2d"	RelError: 1.47674e+00	AbsError: 2.14144e+16
    Region: "bulk"	RelError: 1.47589e+00	AbsError: 2.14144e+16
      Equation: "ElectronContinuityEquation"	RelError: 2.18833e-01	AbsError: 2.13415e+16
      Equation: "HoleContinuityEquation"	RelError: 3.80491e-01	AbsError: 7.29336e+13
      Equation: "PotentialEquation"	RelError: 8.76566e-01	AbsError: 4.83718e-04
    Region: "gate"	RelError: 3.14617e-05	AbsError: 1.52559e+15
      Equation: "ElectronContinuityEquation"	RelError: 1.55191e-05	AbsError: 1.52559e+15
      Equation: "HoleContinuityEquation"	RelError: 1.55753e-05	AbsError: 1.58440e-05
      Equation: "PotentialEquation"	RelError: 3.67343e-07	AbsError: 4.02473e-07
    Region: "oxide"	RelError: 8.20177e-04	AbsError: 4.82026e-04
      Equation: "PotentialEquation"	RelError: 8.20177e-04	AbsError: 4.82026e-04
Iteration: 2
  Device: "mos2d"	RelError: 2.08147e-03	AbsError: 2.83584e+13
    Region: "bulk"	RelError: 2.08006e-03	AbsError: 2.83584e+13
      Equation: "ElectronContinuityEquation"	RelError: 4.65944e-04	AbsError: 2.82933e+13
      Equation: "HoleContinuityEquation"	RelError: 1.40619e-03	AbsError: 6.50527e+10
      Equation: "PotentialEquation"	RelError: 2.07927e-04	AbsError: 8.24402e-07
    Region: "gate"	RelError: 4.95886e-08	AbsError: 2.42434e+12
      Equation: "ElectronContinuityEquation"	RelError: 2.46125e-08	AbsError: 2.42434e+12
      Equation: "HoleContinuityEquation"	RelError: 2.43971e-08	AbsError: 2.47686e-08
      Equation: "PotentialEquation"	RelError: 5.78973e-10	AbsError: 6.34371e-10
    Region: "oxide"	RelError: 1.35799e-06	AbsError: 8.24402e-07
      Equation: "PotentialEquation"	RelError: 1.35799e-06	AbsError: 8.24402e-07
Iteration: 3
  Device: "mos2d"	RelError: 1.61488e-08	AbsError: 1.06042e+08
    Region: "bulk"	RelError: 1.61445e-08	AbsError: 1.06042e+08
      Equation: "ElectronContinuityEquation"	RelError: 1.92138e-09	AbsError: 1.05943e+08
      Equation: "HoleContinuityEquation"	RelError: 1.34700e-08	AbsError: 9.95015e+04
      Equation: "PotentialEquation"	RelError: 7.53149e-10	AbsError: 2.50126e-12
    Region: "gate"	RelError: 1.38692e-13	AbsError: 6.77400e+06
      Equation: "ElectronContinuityEquation"	RelError: 6.87714e-14	AbsError: 6.77400e+06
      Equation: "HoleContinuityEquation"	RelError: 6.82082e-14	AbsError: 6.92468e-14
      Equation: "PotentialEquation"	RelError: 1.71289e-15	AbsError: 1.87679e-15
    Region: "oxide"	RelError: 4.12018e-12	AbsError: 2.50126e-12
      Equation: "PotentialEquation"	RelError: 4.12018e-12	AbsError: 2.50126e-12
Succeeded
IVPOINT	IDVD_VG1P0	5.00000000e-01	1.80000000e-01	7.15974763e-02
drain last end 1.800000e-01 2.000000e+00
number of equations 5543
Iteration: 0
  Device: "mos2d"	RelError: 1.18880e+01	AbsError: 3.07722e+17
    Region: "bulk"	RelError: 1.18601e+01	AbsError: 3.07722e+17
      Equation: "ElectronContinuityEquation"	RelError: 1.14798e+00	AbsError: 3.05278e+17
      Equation: "HoleContinuityEquation"	RelError: 2.17325e+00	AbsError: 2.44342e+15
      Equation: "PotentialEquation"	RelError: 8.53883e+00	AbsError: 2.00000e-02
    Region: "gate"	RelError: 1.30180e-03	AbsError: 6.33074e+16
      Equation: "ElectronContinuityEquation"	RelError: 6.42888e-04	AbsError: 6.33074e+16
      Equation: "HoleContinuityEquation"	RelError: 6.43716e-04	AbsError: 6.53696e-04
      Equation: "PotentialEquation"	RelError: 1.51991e-05	AbsError: 1.66533e-05
    Region: "oxide"	RelError: 2.66139e-02	AbsError: 1.85856e-02
      Equation: "PotentialEquation"	RelError: 2.66139e-02	AbsError: 1.85856e-02
Iteration: 1
  Device: "mos2d"	RelError: 8.69962e-01	AbsError: 2.26474e+16
    Region: "bulk"	RelError: 8.69104e-01	AbsError: 2.26474e+16
      Equation: "ElectronContinuityEquation"	RelError: 2.10891e-01	AbsError: 2.25756e+16
      Equation: "HoleContinuityEquation"	RelError: 3.76791e-01	AbsError: 7.18555e+13
      Equation: "PotentialEquation"	RelError: 2.81422e-01	AbsError: 5.04255e-04
    Region: "gate"	RelError: 3.11456e-05	AbsError: 1.51249e+15
      Equation: "ElectronContinuityEquation"	RelError: 1.53511e-05	AbsError: 1.51249e+15
      Equation: "HoleContinuityEquation"	RelError: 1.54309e-05	AbsError: 1.56616e-05
      Equation: "PotentialEquation"	RelError: 3.63633e-07	AbsError: 3.98429e-07
    Region: "oxide"	RelError: 8.26586e-04	AbsError: 5.04255e-04
      Equation: "PotentialEquation"	RelError: 8.26586e-04	AbsError: 5.04255e-04
Iteration: 2
  Device: "mos2d"	RelError: 2.09352e-03	AbsError: 3.72170e+13
    Region: "bulk"	RelError: 2.09199e-03	AbsError: 3.72170e+13
      Equation: "ElectronContinuityEquation"	RelError: 4.30296e-04	AbsError: 3.71595e+13
      Equation: "HoleContinuityEquation"	RelError: 1.48880e-03	AbsError: 5.75269e+10
      Equation: "PotentialEquation"	RelError: 1.72893e-04	AbsError: 9.47362e-07
    Region: "gate"	RelError: 5.14882e-08	AbsError: 2.51853e+12
      Equation: "ElectronContinuityEquation"	RelError: 2.55619e-08	AbsError: 2.51853e+12
      Equation: "HoleContinuityEquation"	RelError: 2.53251e-08	AbsError: 2.57038e-08
      Equation: "PotentialEquation"	RelError: 6.01146e-10	AbsError: 6.58670e-10
    Region: "oxide"	RelError: 1.47642e-06	AbsError: 9.47362e-07
      Equation: "PotentialEquation"	RelError: 1.47642e-06	AbsError: 9.47362e-07
Iteration: 3
  Device: "mos2d"	RelError: 2.11657e-08	AbsError: 2.01497e+08
    Region: "bulk"	RelError: 2.11600e-08	AbsError: 2.01497e+08
      Equation: "ElectronContinuityEquation"	RelError: 1.71969e-09	AbsError: 2.01440e+08
      Equation: "HoleContinuityEquation"	RelError: 1.89063e-08	AbsError: 5.70944e+04
      Equation: "PotentialEquation"	RelError: 5.34030e-10	AbsError: 3.57644e-12
    Region: "gate"	RelError: 1.49507e-13	AbsError: 7.32295e+06
      Equation: "ElectronContinuityEquation"	RelError: 7.41057e-14	AbsError: 7.32295e+06
      Equation: "HoleContinuityEquation"	RelError: 7.37440e-14	AbsError: 7.46264e-14
      Equation: "PotentialEquation"	RelError: 1.65768e-15	AbsError: 1.81643e-15
    Region: "oxide"	RelError: 5.57374e-12	AbsError: 3.57644e-12
      Equation: "PotentialEquation"	RelError: 5.57374e-12	AbsError: 3.57644e-12
Succeeded
IVPOINT	IDVD_VG1P0	5.00000000e-01	2.00000000e-01	7.48457423e-02
drain last end 2.000000e-01 2.000000e+00
number of equations 5543
Iteration: 0
  Device: "mos2d"	RelError: 5.18429e+00	AbsError: 2.62377e+17
    Region: "bulk"	RelError: 5.15718e+00	AbsError: 2.62377e+17
      Equation: "ElectronContinuityEquation"	RelError: 1.08099e+00	AbsError: 2.59976e+17
      Equation: "HoleContinuityEquation"	RelError: 2.14770e+00	AbsError: 2.40162e+15
      Equation: "PotentialEquation"	RelError: 1.92848e+00	AbsError: 2.00000e-02
    Region: "gate"	RelError: 1.28038e-03	AbsError: 6.23053e+16
      Equation: "ElectronContinuityEquation"	RelError: 6.32316e-04	AbsError: 6.23053e+16
      Equation: "HoleContinuityEquation"	RelError: 6.33117e-04	AbsError: 6.42529e-04
      Equation: "PotentialEquation"	RelError: 1.49488e-05	AbsError: 1.63792e-05
    Region: "oxide"	RelError: 2.58293e-02	AbsError: 1.85150e-02
      Equation: "PotentialEquation"	RelError: 2.58293e-02	AbsError: 1.85150e-02
Iteration: 1
  Device: "mos2d"	RelError: 6.42316e-01	AbsError: 2.29437e+16
    Region: "bulk"	RelError: 6.41464e-01	AbsError: 2.29437e+16
      Equation: "ElectronContinuityEquation"	RelError: 2.00643e-01	AbsError: 2.28739e+16
      Equation: "HoleContinuityEquation"	RelError: 3.72282e-01	AbsError: 6.98137e+13
      Equation: "PotentialEquation"	RelError: 6.85391e-02	AbsError: 5.24423e-04
    Region: "gate"	RelError: 3.11512e-05	AbsError: 1.51393e+15
      Equation: "ElectronContinuityEquation"	RelError: 1.53621e-05	AbsError: 1.51393e+15
      Equation: "HoleContinuityEquation"	RelError: 1.54254e-05	AbsError: 1.56524e-05
      Equation: "PotentialEquation"	RelError: 3.63696e-07	AbsError: 3.98501e-07
    Region: "oxide"	RelError: 8.20931e-04	AbsError: 5.24423e-04
      Equation: "PotentialEquation"	RelError: 8.20931e-04	AbsError: 5.24423e-04
Iteration: 2
  Device: "mos2d"	RelError: 1.95352e-03	AbsError: 4.01397e+13
    Region: "bulk"	RelError: 1.95195e-03	AbsError: 4.01397e+13
      Equation: "ElectronContinuityEquation"	RelError: 3.70751e-04	AbsError: 4.00965e+13
      Equation: "HoleContinuityEquation"	RelError: 1.54391e-03	AbsError: 4.31802e+10
      Equation: "PotentialEquation"	RelError: 3.72831e-05	AbsError: 9.93865e-07
    Region: "gate"	RelError: 4.85349e-08	AbsError: 2.37901e+12
      Equation: "ElectronContinuityEquation"	RelError: 2.40683e-08	AbsError: 2.37901e+12
      Equation: "HoleContinuityEquation"	RelError: 2.38999e-08	AbsError: 2.41794e-08
      Equation: "PotentialEquation"	RelError: 5.66622e-10	AbsError: 6.20890e-10
    Region: "oxide"	RelError: 1.52400e-06	AbsError: 9.90468e-07
      Equation: "PotentialEquation"	RelError: 1.52400e-06	AbsError: 9.90468e-07
Iteration: 3
  Device: "mos2d"	RelError: 2.41708e-08	AbsError: 2.15334e+08
    Region: "bulk"	RelError: 2.41645e-08	AbsError: 2.15334e+08
      Equation: "ElectronContinuityEquation"	RelError: 1.43903e-09	AbsError: 2.15254e+08
      Equation: "HoleContinuityEquation"	RelError: 2.25716e-08	AbsError: 7.96391e+04
      Equation: "PotentialEquation"	RelError: 1.53891e-10	AbsError: 4.00902e-12
    Region: "gate"	RelError: 1.81341e-13	AbsError: 8.88134e+06
      Equation: "ElectronContinuityEquation"	RelError: 8.98520e-14	AbsError: 8.88134e+06
      Equation: "HoleContinuityEquation"	RelError: 8.93610e-14	AbsError: 9.04060e-14
      Equation: "PotentialEquation"	RelError: 2.12839e-15	AbsError: 2.33224e-15
    Region: "oxide"	RelError: 6.15515e-12	AbsError: 4.00902e-12
      Equation: "PotentialEquation"	RelError: 6.15515e-12	AbsError: 4.00902e-12
Succeeded
IVPOINT	IDVD_VG1P0	5.00000000e-01	2.20000000e-01	7.74854317e-02
drain last end 2.200000e-01 2.000000e+00
number of equations 5543
Iteration: 0
  Device: "mos2d"	RelError: 7.36700e+00	AbsError: 2.43954e+17
    Region: "bulk"	RelError: 7.34067e+00	AbsError: 2.43954e+17
      Equation: "ElectronContinuityEquation"	RelError: 9.96733e-01	AbsError: 2.41605e+17
      Equation: "HoleContinuityEquation"	RelError: 2.11283e+00	AbsError: 2.34927e+15
      Equation: "PotentialEquation"	RelError: 4.23111e+00	AbsError: 2.00000e-02
    Region: "gate"	RelError: 1.25511e-03	AbsError: 6.11138e+16
      Equation: "ElectronContinuityEquation"	RelError: 6.19843e-04	AbsError: 6.11138e+16
      Equation: "HoleContinuityEquation"	RelError: 6.20612e-04	AbsError: 6.29452e-04
      Equation: "PotentialEquation"	RelError: 1.46535e-05	AbsError: 1.60559e-05
    Region: "oxide"	RelError: 2.50737e-02	AbsError: 1.84346e-02
      Equation: "PotentialEquation"	RelError: 2.50737e-02	AbsError: 1.84346e-02
Iteration: 1
  Device: "mos2d"	RelError: 5.91188e-01	AbsError: 2.19345e+16
    Region: "bulk"	RelError: 5.90367e-01	AbsError: 2.19345e+16
      Equation: "ElectronContinuityEquation"	RelError: 1.85837e-01	AbsError: 2.18644e+16
      Equation: "HoleContinuityEquation"	RelError: 3.68630e-01	AbsError: 7.00866e+13
      Equation: "PotentialEquation"	RelError: 3.58998e-02	AbsError: 5.23359e-04
    Region: "gate"	RelError: 2.95479e-05	AbsError: 1.43686e+15
      Equation: "ElectronContinuityEquation"	RelError: 1.45770e-05	AbsError: 1.43686e+15
      Equation: "HoleContinuityEquation"	RelError: 1.46259e-05	AbsError: 1.48380e-05
      Equation: "PotentialEquation"	RelError: 3.44976e-07	AbsError: 3.77990e-07
    Region: "oxide"	RelError: 7.91510e-04	AbsError: 5.21582e-04
      Equation: "PotentialEquation"	RelError: 7.91510e-04	AbsError: 5.21582e-04
Iteration: 2
  Device: "mos2d"	RelError: 1.85153e-03	AbsError: 3.31407e+13
    Region: "bulk"	RelError: 1.84998e-03	AbsError: 3.31407e+13
      Equation: "ElectronContinuityEquation"	RelError: 3.25955e-04	AbsError: 3.31091e+13
      Equation: "HoleContinuityEquation"	RelError: 1.48959e-03	AbsError: 3.16237e+10
      Equation: "PotentialEquation"	RelError: 3.44350e-05	AbsError: 9.99032e-07
    Region: "gate"	RelError: 4.62087e-08	AbsError: 2.26634e+12
      Equation: "ElectronContinuityEquation"	RelError: 2.29229e-08	AbsError: 2.26634e+12
      Equation: "HoleContinuityEquation"	RelError: 2.27464e-08	AbsError: 2.30068e-08
      Equation: "PotentialEquation"	RelError: 5.39462e-10	AbsError: 5.91132e-10
    Region: "oxide"	RelError: 1.50194e-06	AbsError: 9.99032e-07
      Equation: "PotentialEquation"	RelError: 1.50194e-06	AbsError: 9.99032e-07
Iteration: 3
  Device: "mos2d"	RelError: 2.72799e-08	AbsError: 1.51029e+08
    Region: "bulk"	RelError: 2.72734e-08	AbsError: 1.51029e+08
      Equation: "ElectronContinuityEquation"	RelError: 1.07980e-09	AbsError: 1.50989e+08
      Equation: "HoleContinuityEquation"	RelError: 2.61524e-08	AbsError: 4.00572e+04
      Equation: "PotentialEquation"	RelError: 4.12709e-11	AbsError: 4.23830e-12
    Region: "gate"	RelError: 1.37818e-13	AbsError: 6.76640e+06
      Equation: "ElectronContinuityEquation"	RelError: 6.84387e-14	AbsError: 6.76640e+06
      Equation: "HoleContinuityEquation"	RelError: 6.77461e-14	AbsError: 6.85218e-14
      Equation: "PotentialEquation"	RelError: 1.63289e-15	AbsError: 1.78929e-15
    Region: "oxide"	RelError: 6.37185e-12	AbsError: 4.23830e-12
      Equation: "PotentialEquation"	RelError: 6.37185e-12	AbsError: 4.23830e-12
Succeeded
IVPOINT	IDVD_VG1P0	5.00000000e-01	2.40000000e-01	7.96264342e-02
drain last end 2.400000e-01 2.000000e+00
number of equations 5543
Iteration: 0
  Device: "mos2d"	RelError: 5.08954e+00	AbsError: 2.30546e+17
    Region: "bulk"	RelError: 5.06397e+00	AbsError: 2.30546e+17
      Equation: "ElectronContinuityEquation"	RelError: 9.72629e-01	AbsError: 2.28186e+17
      Equation: "HoleContinuityEquation"	RelError: 2.05104e+00	AbsError: 2.36031e+15
      Equation: "PotentialEquation"	RelError: 2.04030e+00	AbsError: 2.00000e-02
    Region: "gate"	RelError: 1.22555e-03	AbsError: 5.97111e+16
      Equation: "ElectronContinuityEquation"	RelError: 6.05253e-04	AbsError: 5.97111e+16
      Equation: "HoleContinuityEquation"	RelError: 6.05987e-04	AbsError: 6.14250e-04
      Equation: "PotentialEquation"	RelError: 1.43082e-05	AbsError: 1.56778e-05
    Region: "oxide"	RelError: 2.43427e-02	AbsError: 1.83426e-02
      Equation: "PotentialEquation"	RelError: 2.43427e-02	AbsError: 1.83426e-02
Iteration: 1
  Device: "mos2d"	RelError: 5.90002e-01	AbsError: 1.96057e+16
    Region: "bulk"	RelError: 5.89218e-01	AbsError: 1.96057e+16
      Equation: "ElectronContinuityEquation"	RelError: 1.73447e-01	AbsError: 1.95341e+16
      Equation: "HoleContinuityEquation"	RelError: 3.60819e-01	AbsError: 7.15502e+13
      Equation: "PotentialEquation"	RelError: 5.49517e-02	AbsError: 5.10538e-04
    Region: "gate"	RelError: 2.65397e-05	AbsError: 1.29115e+15
      Equation: "ElectronContinuityEquation"	RelError: 1.30964e-05	AbsError: 1.29115e+15
      Equation: "HoleContinuityEquation"	RelError: 1.31334e-05	AbsError: 1.33215e-05
      Equation: "PotentialEquation"	RelError: 3.09853e-07	AbsError: 3.39508e-07
    Region: "oxide"	RelError: 7.57104e-04	AbsError: 5.10538e-04
      Equation: "PotentialEquation"	RelError: 7.57104e-04	AbsError: 5.10538e-04
Iteration: 2
  Device: "mos2d"	RelError: 1.73462e-03	AbsError: 2.31722e+13
    Region: "bulk"	RelError: 1.73327e-03	AbsError: 2.31722e+13
      Equation: "ElectronContinuityEquation"	RelError: 2.87561e-04	AbsError: 2.31395e+13
      Equation: "HoleContinuityEquation"	RelError: 1.40972e-03	AbsError: 3.26622e+10
      Equation: "PotentialEquation"	RelError: 3.59862e-05	AbsError: 8.79758e-07
    Region: "gate"	RelError: 4.33244e-08	AbsError: 2.12419e+12
      Equation: "ElectronContinuityEquation"	RelError: 2.14945e-08	AbsError: 2.12419e+12
      Equation: "HoleContinuityEquation"	RelError: 2.13240e-08	AbsError: 2.15776e-08
      Equation: "PotentialEquation"	RelError: 5.05800e-10	AbsError: 5.54240e-10
    Region: "oxide"	RelError: 1.30464e-06	AbsError: 8.79758e-07
      Equation: "PotentialEquation"	RelError: 1.30464e-06	AbsError: 8.79758e-07
Iteration: 3
  Device: "mos2d"	RelError: 2.36567e-08	AbsError: 1.21910e+08
    Region: "bulk"	RelError: 2.36521e-08	AbsError: 1.21910e+08
      Equation: "ElectronContinuityEquation"	RelError: 1.22095e-09	AbsError: 1.21891e+08
      Equation: "HoleContinuityEquation"	RelError: 2.23945e-08	AbsError: 1.93179e+04
      Equation: "PotentialEquation"	RelError: 3.66039e-11	AbsError: 3.07310e-12
    Region: "gate"	RelError: 1.33391e-13	AbsError: 6.53929e+06
      Equation: "ElectronContinuityEquation"	RelError: 6.61705e-14	AbsError: 6.53929e+06
      Equation: "HoleContinuityEquation"	RelError: 6.56438e-14	AbsError: 6.64243e-14
      Equation: "PotentialEquation"	RelError: 1.57713e-15	AbsError: 1.72817e-15
    Region: "oxide"	RelError: 4.43008e-12	AbsError: 3.07310e-12
      Equation: "PotentialEquation"	RelError: 4.43008e-12	AbsError: 3.07310e-12
Succeeded
IVPOINT	IDVD_VG1P0	5.00000000e-01	2.60000000e-01	8.13719689e-02
drain last end 2.600000e-01 2.000000e+00
number of equations 5543
Iteration: 0
  Device: "mos2d"	RelError: 5.17469e+00	AbsError: 2.15275e+17
    Region: "bulk"	RelError: 5.14986e+00	AbsError: 2.15275e+17
      Equation: "ElectronContinuityEquation"	RelError: 9.37540e-01	AbsError: 2.12910e+17
      Equation: "HoleContinuityEquation"	RelError: 1.99306e+00	AbsError: 2.36484e+15
      Equation: "PotentialEquation"	RelError: 2.21926e+00	AbsError: 2.00000e-02
    Region: "gate"	RelError: 1.19150e-03	AbsError: 5.80869e+16
      Equation: "ElectronContinuityEquation"	RelError: 5.88448e-04	AbsError: 5.80869e+16
      Equation: "HoleContinuityEquation"	RelError: 5.89142e-04	AbsError: 5.96829e-04
      Equation: "PotentialEquation"	RelError: 1.39105e-05	AbsError: 1.52422e-05
    Region: "oxide"	RelError: 2.36318e-02	AbsError: 1.82367e-02
      Equation: "PotentialEquation"	RelError: 2.36318e-02	AbsError: 1.82367e-02
Iteration: 1
  Device: "mos2d"	RelError: 5.85626e-01	AbsError: 1.63645e+16
    Region: "bulk"	RelError: 5.84892e-01	AbsError: 1.63645e+16
      Equation: "ElectronContinuityEquation"	RelError: 1.68018e-01	AbsError: 1.62926e+16
      Equation: "HoleContinuityEquation"	RelError: 3.53051e-01	AbsError: 7.19726e+13
      Equation: "PotentialEquation"	RelError: 6.38235e-02	AbsError: 4.82445e-04
    Region: "gate"	RelError: 2.70777e-05	AbsError: 1.31710e+15
      Equation: "ElectronContinuityEquation"	RelError: 1.33233e-05	AbsError: 1.31710e+15
      Equation: "HoleContinuityEquation"	RelError: 1.34383e-05	AbsError: 1.35937e-05
      Equation: "PotentialEquation"	RelError: 3.16114e-07	AbsError: 3.46391e-07
    Region: "oxide"	RelError: 7.06383e-04	AbsError: 4.82445e-04
      Equation: "PotentialEquation"	RelError: 7.06383e-04	AbsError: 4.82445e-04
Iteration: 2
  Device: "mos2d"	RelError: 1.49036e-03	AbsError: 2.17169e+13
    Region: "bulk"	RelError: 1.48917e-03	AbsError: 2.17169e+13
      Equation: "ElectronContinuityEquation"	RelError: 2.33262e-04	AbsError: 2.16841e+13
      Equation: "HoleContinuityEquation"	RelError: 1.23251e-03	AbsError: 3.27978e+10
      Equation: "PotentialEquation"	RelError: 2.33962e-05	AbsError: 8.07564e-07
    Region: "gate"	RelError: 4.13825e-08	AbsError: 2.03045e+12
      Equation: "ElectronContinuityEquation"	RelError: 2.05392e-08	AbsError: 2.03045e+12
      Equation: "HoleContinuityEquation"	RelError: 2.03602e-08	AbsError: 2.05955e-08
      Equation: "PotentialEquation"	RelError: 4.83125e-10	AbsError: 5.29397e-10
    Region: "oxide"	RelError: 1.14869e-06	AbsError: 8.07564e-07
      Equation: "PotentialEquation"	RelError: 1.14869e-06	AbsError: 8.07564e-07
Iteration: 3
  Device: "mos2d"	RelError: 2.10659e-08	AbsError: 1.22493e+08
    Region: "bulk"	RelError: 2.10617e-08	AbsError: 1.22493e+08
      Equation: "ElectronContinuityEquation"	RelError: 1.48070e-09	AbsError: 1.22455e+08
      Equation: "HoleContinuityEquation"	RelError: 1.95363e-08	AbsError: 3.79416e+04
      Equation: "PotentialEquation"	RelError: 4.47571e-11	AbsError: 2.85821e-12
    Region: "gate"	RelError: 1.14656e-13	AbsError: 5.62170e+06
      Equation: "ElectronContinuityEquation"	RelError: 5.68669e-14	AbsError: 5.62170e+06
      Equation: "HoleContinuityEquation"	RelError: 5.64184e-14	AbsError: 5.70706e-14
      Equation: "PotentialEquation"	RelError: 1.37120e-15	AbsError: 1.50252e-15
    Region: "oxide"	RelError: 4.02916e-12	AbsError: 2.85821e-12
      Equation: "PotentialEquation"	RelError: 4.02916e-12	AbsError: 2.85821e-12
Succeeded
IVPOINT	IDVD_VG1P0	5.00000000e-01	2.80000000e-01	8.28128410e-02
drain last end 2.800000e-01 2.000000e+00
number of equations 5543
Iteration: 0
  Device: "mos2d"	RelError: 3.82853e+00	AbsError: 1.97738e+17
    Region: "bulk"	RelError: 3.80444e+00	AbsError: 1.97738e+17
      Equation: "ElectronContinuityEquation"	RelError: 8.86586e-01	AbsError: 1.95376e+17
      Equation: "HoleContinuityEquation"	RelError: 1.97619e+00	AbsError: 2.36168e+15
      Equation: "PotentialEquation"	RelError: 9.41661e-01	AbsError: 2.00000e-02
    Region: "gate"	RelError: 1.15313e-03	AbsError: 5.62490e+16
      Equation: "ElectronContinuityEquation"	RelError: 5.69510e-04	AbsError: 5.62490e+16
      Equation: "HoleContinuityEquation"	RelError: 5.70159e-04	AbsError: 5.77275e-04
      Equation: "PotentialEquation"	RelError: 1.34623e-05	AbsError: 1.47514e-05
    Region: "oxide"	RelError: 2.29370e-02	AbsError: 1.81146e-02
      Equation: "PotentialEquation"	RelError: 2.29370e-02	AbsError: 1.81146e-02
Iteration: 1
  Device: "mos2d"	RelError: 5.26565e-01	AbsError: 1.28431e+16
    Region: "bulk"	RelError: 5.25885e-01	AbsError: 1.28431e+16
      Equation: "ElectronContinuityEquation"	RelError: 1.60137e-01	AbsError: 1.27717e+16
      Equation: "HoleContinuityEquation"	RelError: 3.48404e-01	AbsError: 7.13776e+13
      Equation: "PotentialEquation"	RelError: 1.73436e-02	AbsError: 4.65378e-04
    Region: "gate"	RelError: 2.64682e-05	AbsError: 1.28857e+15
      Equation: "ElectronContinuityEquation"	RelError: 1.30308e-05	AbsError: 1.28857e+15
      Equation: "HoleContinuityEquation"	RelError: 1.31284e-05	AbsError: 1.32762e-05
      Equation: "PotentialEquation"	RelError: 3.08997e-07	AbsError: 3.38594e-07
    Region: "oxide"	RelError: 6.53331e-04	AbsError: 4.63531e-04
      Equation: "PotentialEquation"	RelError: 6.53331e-04	AbsError: 4.63531e-04
Iteration: 2
  Device: "mos2d"	RelError: 1.18578e-03	AbsError: 2.37952e+13
    Region: "bulk"	RelError: 1.18473e-03	AbsError: 2.37952e+13
      Equation: "ElectronContinuityEquation"	RelError: 1.82584e-04	AbsError: 2.37632e+13
      Equation: "HoleContinuityEquation"	RelError: 9.78611e-04	AbsError: 3.20270e+10
      Equation: "PotentialEquation"	RelError: 2.35315e-05	AbsError: 7.51980e-07
    Region: "gate"	RelError: 3.42255e-08	AbsError: 1.68093e+12
      Equation: "ElectronContinuityEquation"	RelError: 1.69985e-08	AbsError: 1.68093e+12
      Equation: "HoleContinuityEquation"	RelError: 1.68274e-08	AbsError: 1.70169e-08
      Equation: "PotentialEquation"	RelError: 3.99567e-10	AbsError: 4.37840e-10
    Region: "oxide"	RelError: 1.01754e-06	AbsError: 7.51980e-07
      Equation: "PotentialEquation"	RelError: 1.01754e-06	AbsError: 7.51980e-07
Iteration: 3
  Device: "mos2d"	RelError: 1.55539e-08	AbsError: 1.61316e+08
    Region: "bulk"	RelError: 1.55494e-08	AbsError: 1.61316e+08
      Equation: "ElectronContinuityEquation"	RelError: 2.94425e-09	AbsError: 1.61270e+08
      Equation: "HoleContinuityEquation"	RelError: 1.25708e-08	AbsError: 4.56899e+04
      Equation: "PotentialEquation"	RelError: 3.43311e-11	AbsError: 3.23280e-12
    Region: "gate"	RelError: 8.19596e-14	AbsError: 4.01721e+06
      Equation: "ElectronContinuityEquation"	RelError: 4.06243e-14	AbsError: 4.01721e+06
      Equation: "HoleContinuityEquation"	RelError: 4.03542e-14	AbsError: 4.08084e-14
      Equation: "PotentialEquation"	RelError: 9.81174e-16	AbsError: 1.07516e-15
    Region: "oxide"	RelError: 4.37446e-12	AbsError: 3.23280e-12
      Equation: "PotentialEquation"	RelError: 4.37446e-12	AbsError: 3.23280e-12
Succeeded
IVPOINT	IDVD_VG1P0	5.00000000e-01	3.00000000e-01	8.40241987e-02
drain last end 3.000000e-01 2.000000e+00
number of equations 5543
Iteration: 0
  Device: "mos2d"	RelError: 2.06613e+01	AbsError: 1.77798e+17
    Region: "bulk"	RelError: 2.06379e+01	AbsError: 1.77798e+17
      Equation: "ElectronContinuityEquation"	RelError: 8.15046e-01	AbsError: 1.75448e+17
      Equation: "HoleContinuityEquation"	RelError: 1.93820e+00	AbsError: 2.35037e+15
      Equation: "PotentialEquation"	RelError: 1.78847e+01	AbsError: 2.00000e-02
    Region: "gate"	RelError: 1.11103e-03	AbsError: 5.42258e+16
      Equation: "ElectronContinuityEquation"	RelError: 5.48730e-04	AbsError: 5.42258e+16
      Equation: "HoleContinuityEquation"	RelError: 5.49333e-04	AbsError: 5.55889e-04
      Equation: "PotentialEquation"	RelError: 1.29707e-05	AbsError: 1.42129e-05
    Region: "oxide"	RelError: 2.22544e-02	AbsError: 1.79740e-02
      Equation: "PotentialEquation"	RelError: 2.22544e-02	AbsError: 1.79740e-02
Iteration: 1
  Device: "mos2d"	RelError: 5.67484e-01	AbsError: 1.09398e+16
    Region: "bulk"	RelError: 5.66865e-01	AbsError: 1.09398e+16
      Equation: "ElectronContinuityEquation"	RelError: 1.48918e-01	AbsError: 1.08700e+16
      Equation: "HoleContinuityEquation"	RelError: 3.44198e-01	AbsError: 6.98239e+13
      Equation: "PotentialEquation"	RelError: 7.37489e-02	AbsError: 4.39747e-04
    Region: "gate"	RelError: 2.47221e-05	AbsError: 1.20435e+15
      Equation: "ElectronContinuityEquation"	RelError: 1.21757e-05	AbsError: 1.20435e+15
      Equation: "HoleContinuityEquation"	RelError: 1.22578e-05	AbsError: 1.23924e-05
      Equation: "PotentialEquation"	RelError: 2.88611e-07	AbsError: 3.16257e-07
    Region: "oxide"	RelError: 5.93891e-04	AbsError: 4.39747e-04
      Equation: "PotentialEquation"	RelError: 5.93891e-04	AbsError: 4.39747e-04
Iteration: 2
  Device: "mos2d"	RelError: 8.95207e-04	AbsError: 2.46937e+13
    Region: "bulk"	RelError: 8.94251e-04	AbsError: 2.46937e+13
      Equation: "ElectronContinuityEquation"	RelError: 1.61019e-04	AbsError: 2.46633e+13
      Equation: "HoleContinuityEquation"	RelError: 7.08792e-04	AbsError: 3.04129e+10
      Equation: "PotentialEquation"	RelError: 2.44394e-05	AbsError: 6.98764e-07
    Region: "gate"	RelError: 2.44451e-08	AbsError: 1.19970e+12
      Equation: "ElectronContinuityEquation"	RelError: 1.21404e-08	AbsError: 1.19970e+12
      Equation: "HoleContinuityEquation"	RelError: 1.20194e-08	AbsError: 1.21629e-08
      Equation: "PotentialEquation"	RelError: 2.85400e-10	AbsError: 3.12732e-10
    Region: "oxide"	RelError: 9.31575e-07	AbsError: 6.98764e-07
      Equation: "PotentialEquation"	RelError: 9.31575e-07	AbsError: 6.98764e-07
Iteration: 3
  Device: "mos2d"	RelError: 7.26322e-09	AbsError: 1.54281e+08
    Region: "bulk"	RelError: 7.25945e-09	AbsError: 1.54281e+08
      Equation: "ElectronContinuityEquation"	RelError: 1.53587e-09	AbsError: 1.54240e+08
      Equation: "HoleContinuityEquation"	RelError: 5.58673e-09	AbsError: 4.10196e+04
      Equation: "PotentialEquation"	RelError: 1.36855e-10	AbsError: 2.77852e-12
    Region: "gate"	RelError: 5.85265e-14	AbsError: 2.87094e+06
      Equation: "ElectronContinuityEquation"	RelError: 2.90523e-14	AbsError: 2.87094e+06
      Equation: "HoleContinuityEquation"	RelError: 2.88151e-14	AbsError: 2.91593e-14
      Equation: "PotentialEquation"	RelError: 6.59087e-16	AbsError: 7.22205e-16
    Region: "oxide"	RelError: 3.70425e-12	AbsError: 2.77852e-12
      Equation: "PotentialEquation"	RelError: 3.70425e-12	AbsError: 2.77852e-12
Succeeded
IVPOINT	IDVD_VG1P0	5.00000000e-01	3.20000000e-01	8.50650384e-02
drain last end 3.200000e-01 2.000000e+00
number of equations 5543
Iteration: 0
  Device: "mos2d"	RelError: 5.71231e+00	AbsError: 1.55772e+17
    Region: "bulk"	RelError: 5.68966e+00	AbsError: 1.55772e+17
      Equation: "ElectronContinuityEquation"	RelError: 7.78438e-01	AbsError: 1.53441e+17
      Equation: "HoleContinuityEquation"	RelError: 1.86300e+00	AbsError: 2.33053e+15
      Equation: "PotentialEquation"	RelError: 3.04822e+00	AbsError: 2.00000e-02
    Region: "gate"	RelError: 1.06621e-03	AbsError: 5.20661e+16
      Equation: "ElectronContinuityEquation"	RelError: 5.26604e-04	AbsError: 5.20661e+16
      Equation: "HoleContinuityEquation"	RelError: 5.27159e-04	AbsError: 5.33175e-04
      Equation: "PotentialEquation"	RelError: 1.24473e-05	AbsError: 1.36395e-05
    Region: "oxide"	RelError: 2.15805e-02	AbsError: 1.78124e-02
      Equation: "PotentialEquation"	RelError: 2.15805e-02	AbsError: 1.78124e-02
Iteration: 1
  Device: "mos2d"	RelError: 5.31845e-01	AbsError: 1.16498e+16
    Region: "bulk"	RelError: 5.31271e-01	AbsError: 1.16498e+16
      Equation: "ElectronContinuityEquation"	RelError: 1.33721e-01	AbsError: 1.15824e+16
      Equation: "HoleContinuityEquation"	RelError: 3.35487e-01	AbsError: 6.74041e+13
      Equation: "PotentialEquation"	RelError: 6.20635e-02	AbsError: 4.19169e-04
    Region: "gate"	RelError: 2.30901e-05	AbsError: 1.11443e+15
      Equation: "ElectronContinuityEquation"	RelError: 1.12716e-05	AbsError: 1.11443e+15
      Equation: "HoleContinuityEquation"	RelError: 1.15489e-05	AbsError: 1.16809e-05
      Equation: "PotentialEquation"	RelError: 2.69560e-07	AbsError: 2.95379e-07
    Region: "oxide"	RelError: 5.51315e-04	AbsError: 4.19169e-04
      Equation: "PotentialEquation"	RelError: 5.51315e-04	AbsError: 4.19169e-04
Iteration: 2
  Device: "mos2d"	RelError: 6.76315e-04	AbsError: 2.02588e+13
    Region: "bulk"	RelError: 6.75564e-04	AbsError: 2.02588e+13
      Equation: "ElectronContinuityEquation"	RelError: 1.31625e-04	AbsError: 2.02308e+13
      Equation: "HoleContinuityEquation"	RelError: 5.00228e-04	AbsError: 2.80823e+10
      Equation: "PotentialEquation"	RelError: 4.37111e-05	AbsError: 5.51728e-07
    Region: "gate"	RelError: 2.50337e-08	AbsError: 1.22953e+12
      Equation: "ElectronContinuityEquation"	RelError: 1.24358e-08	AbsError: 1.22953e+12
      Equation: "HoleContinuityEquation"	RelError: 1.23056e-08	AbsError: 1.24462e-08
      Equation: "PotentialEquation"	RelError: 2.92267e-10	AbsError: 3.20261e-10
    Region: "oxide"	RelError: 7.25664e-07	AbsError: 5.51728e-07
      Equation: "PotentialEquation"	RelError: 7.25664e-07	AbsError: 5.51728e-07
Iteration: 3
  Device: "mos2d"	RelError: 2.57429e-09	AbsError: 7.77614e+07
    Region: "bulk"	RelError: 2.57234e-09	AbsError: 7.77614e+07
      Equation: "ElectronContinuityEquation"	RelError: 8.44014e-10	AbsError: 7.77328e+07
      Equation: "HoleContinuityEquation"	RelError: 1.61125e-09	AbsError: 2.85738e+04
      Equation: "PotentialEquation"	RelError: 1.17069e-10	AbsError: 1.44562e-12
    Region: "gate"	RelError: 5.10113e-14	AbsError: 2.50047e+06
      Equation: "ElectronContinuityEquation"	RelError: 2.52903e-14	AbsError: 2.50047e+06
      Equation: "HoleContinuityEquation"	RelError: 2.52084e-14	AbsError: 2.54964e-14
      Equation: "PotentialEquation"	RelError: 5.12559e-16	AbsError: 5.61653e-16
    Region: "oxide"	RelError: 1.90136e-12	AbsError: 1.44562e-12
      Equation: "PotentialEquation"	RelError: 1.90136e-12	AbsError: 1.44562e-12
Succeeded
IVPOINT	IDVD_VG1P0	5.00000000e-01	3.40000000e-01	8.59797818e-02
drain last end 3.400000e-01 2.000000e+00
number of equations 5543
Iteration: 0
  Device: "mos2d"	RelError: 4.12752e+00	AbsError: 1.37563e+17
    Region: "bulk"	RelError: 4.10558e+00	AbsError: 1.37563e+17
      Equation: "ElectronContinuityEquation"	RelError: 7.70341e-01	AbsError: 1.35261e+17
      Equation: "HoleContinuityEquation"	RelError: 1.76025e+00	AbsError: 2.30185e+15
      Equation: "PotentialEquation"	RelError: 1.57500e+00	AbsError: 2.00000e-02
    Region: "gate"	RelError: 1.01996e-03	AbsError: 4.98333e+16
      Equation: "ElectronContinuityEquation"	RelError: 5.03773e-04	AbsError: 4.98333e+16
      Equation: "HoleContinuityEquation"	RelError: 5.04281e-04	AbsError: 5.09785e-04
      Equation: "PotentialEquation"	RelError: 1.19072e-05	AbsError: 1.30478e-05
    Region: "oxide"	RelError: 2.09124e-02	AbsError: 1.76277e-02
      Equation: "PotentialEquation"	RelError: 2.09124e-02	AbsError: 1.76277e-02
Iteration: 1
  Device: "mos2d"	RelError: 4.77894e-01	AbsError: 1.17526e+16
    Region: "bulk"	RelError: 4.77375e-01	AbsError: 1.17526e+16
      Equation: "ElectronContinuityEquation"	RelError: 1.29030e-01	AbsError: 1.16883e+16
      Equation: "HoleContinuityEquation"	RelError: 3.19034e-01	AbsError: 6.42393e+13
      Equation: "PotentialEquation"	RelError: 2.93117e-02	AbsError: 3.81336e-04
    Region: "gate"	RelError: 2.32060e-05	AbsError: 1.12181e+15
      Equation: "ElectronContinuityEquation"	RelError: 1.13407e-05	AbsError: 1.12181e+15
      Equation: "HoleContinuityEquation"	RelError: 1.15945e-05	AbsError: 1.17211e-05
      Equation: "PotentialEquation"	RelError: 2.70911e-07	AbsError: 2.96862e-07
    Region: "oxide"	RelError: 4.95411e-04	AbsError: 3.81336e-04
      Equation: "PotentialEquation"	RelError: 4.95411e-04	AbsError: 3.81336e-04
Iteration: 2
  Device: "mos2d"	RelError: 4.97801e-04	AbsError: 2.05211e+13
    Region: "bulk"	RelError: 4.97190e-04	AbsError: 2.05211e+13
      Equation: "ElectronContinuityEquation"	RelError: 1.05624e-04	AbsError: 2.04959e+13
      Equation: "HoleContinuityEquation"	RelError: 3.67843e-04	AbsError: 2.52115e+10
      Equation: "PotentialEquation"	RelError: 2.37226e-05	AbsError: 4.68131e-07
    Region: "gate"	RelError: 2.40142e-08	AbsError: 1.18037e+12
      Equation: "ElectronContinuityEquation"	RelError: 1.19327e-08	AbsError: 1.18037e+12
      Equation: "HoleContinuityEquation"	RelError: 1.18012e-08	AbsError: 1.19301e-08
      Equation: "PotentialEquation"	RelError: 2.80362e-10	AbsError: 3.07219e-10
    Region: "oxide"	RelError: 5.86709e-07	AbsError: 4.68131e-07
      Equation: "PotentialEquation"	RelError: 5.86709e-07	AbsError: 4.68131e-07
Iteration: 3
  Device: "mos2d"	RelError: 2.20496e-09	AbsError: 6.69309e+07
    Region: "bulk"	RelError: 2.20362e-09	AbsError: 6.69309e+07
      Equation: "ElectronContinuityEquation"	RelError: 1.03747e-09	AbsError: 6.69136e+07
      Equation: "HoleContinuityEquation"	RelError: 1.12194e-09	AbsError: 1.72695e+04
      Equation: "PotentialEquation"	RelError: 4.42139e-11	AbsError: 1.03335e-12
    Region: "gate"	RelError: 4.24971e-14	AbsError: 2.08870e+06
      Equation: "ElectronContinuityEquation"	RelError: 2.11152e-14	AbsError: 2.08870e+06
      Equation: "HoleContinuityEquation"	RelError: 2.08578e-14	AbsError: 2.10857e-14
      Equation: "PotentialEquation"	RelError: 5.24162e-16	AbsError: 5.74373e-16
    Region: "oxide"	RelError: 1.29510e-12	AbsError: 1.03335e-12
      Equation: "PotentialEquation"	RelError: 1.29510e-12	AbsError: 1.03335e-12
Succeeded
IVPOINT	IDVD_VG1P0	5.00000000e-01	3.60000000e-01	8.68008998e-02
drain last end 3.600000e-01 2.000000e+00
number of equations 5543
Iteration: 0
  Device: "mos2d"	RelError: 3.22498e+00	AbsError: 1.28992e+17
    Region: "bulk"	RelError: 3.20376e+00	AbsError: 1.28992e+17
      Equation: "ElectronContinuityEquation"	RelError: 7.55503e-01	AbsError: 1.26728e+17
      Equation: "HoleContinuityEquation"	RelError: 1.72225e+00	AbsError: 2.26412e+15
      Equation: "PotentialEquation"	RelError: 7.26009e-01	AbsError: 2.00000e-02
    Region: "gate"	RelError: 9.73717e-04	AbsError: 4.75974e+16
      Equation: "ElectronContinuityEquation"	RelError: 4.80943e-04	AbsError: 4.75974e+16
      Equation: "HoleContinuityEquation"	RelError: 4.81406e-04	AbsError: 4.86432e-04
      Equation: "PotentialEquation"	RelError: 1.13672e-05	AbsError: 1.24563e-05
    Region: "oxide"	RelError: 2.02482e-02	AbsError: 1.74185e-02
      Equation: "PotentialEquation"	RelError: 2.02482e-02	AbsError: 1.74185e-02
Iteration: 1
  Device: "mos2d"	RelError: 4.59451e-01	AbsError: 1.11634e+16
    Region: "bulk"	RelError: 4.58992e-01	AbsError: 1.11634e+16
      Equation: "ElectronContinuityEquation"	RelError: 1.27197e-01	AbsError: 1.11030e+16
      Equation: "HoleContinuityEquation"	RelError: 3.11542e-01	AbsError: 6.04721e+13
      Equation: "PotentialEquation"	RelError: 2.02530e-02	AbsError: 3.53117e-04
    Region: "gate"	RelError: 2.26177e-05	AbsError: 1.09468e+15
      Equation: "ElectronContinuityEquation"	RelError: 1.10612e-05	AbsError: 1.09468e+15
      Equation: "HoleContinuityEquation"	RelError: 1.12925e-05	AbsError: 1.14105e-05
      Equation: "PotentialEquation"	RelError: 2.64040e-07	AbsError: 2.89336e-07
    Region: "oxide"	RelError: 4.36512e-04	AbsError: 3.53117e-04
      Equation: "PotentialEquation"	RelError: 4.36512e-04	AbsError: 3.53117e-04
Iteration: 2
  Device: "mos2d"	RelError: 4.25627e-04	AbsError: 1.78122e+13
    Region: "bulk"	RelError: 4.25109e-04	AbsError: 1.78122e+13
      Equation: "ElectronContinuityEquation"	RelError: 1.07620e-04	AbsError: 1.77901e+13
      Equation: "HoleContinuityEquation"	RelError: 2.91299e-04	AbsError: 2.21474e+10
      Equation: "PotentialEquation"	RelError: 2.61892e-05	AbsError: 4.01466e-07
    Region: "gate"	RelError: 2.17241e-08	AbsError: 1.06860e+12
      Equation: "ElectronContinuityEquation"	RelError: 1.07977e-08	AbsError: 1.06860e+12
      Equation: "HoleContinuityEquation"	RelError: 1.06728e-08	AbsError: 1.07843e-08
      Equation: "PotentialEquation"	RelError: 2.53623e-10	AbsError: 2.77921e-10
    Region: "oxide"	RelError: 4.96278e-07	AbsError: 4.01466e-07
      Equation: "PotentialEquation"	RelError: 4.96278e-07	AbsError: 4.01466e-07
Iteration: 3
  Device: "mos2d"	RelError: 3.60733e-09	AbsError: 4.59255e+07
    Region: "bulk"	RelError: 3.60633e-09	AbsError: 4.59255e+07
      Equation: "ElectronContinuityEquation"	RelError: 2.84156e-09	AbsError: 4.59139e+07
      Equation: "HoleContinuityEquation"	RelError: 7.52172e-10	AbsError: 1.15752e+04
      Equation: "PotentialEquation"	RelError: 1.25993e-11	AbsError: 7.84708e-13
    Region: "gate"	RelError: 3.72289e-14	AbsError: 1.83308e+06
      Equation: "ElectronContinuityEquation"	RelError: 1.85223e-14	AbsError: 1.83308e+06
      Equation: "HoleContinuityEquation"	RelError: 1.83532e-14	AbsError: 1.85450e-14
      Equation: "PotentialEquation"	RelError: 3.53387e-16	AbsError: 3.87243e-16
    Region: "oxide"	RelError: 9.61960e-13	AbsError: 7.84708e-13
      Equation: "PotentialEquation"	RelError: 9.61960e-13	AbsError: 7.84708e-13
Succeeded
IVPOINT	IDVD_VG1P0	5.00000000e-01	3.80000000e-01	8.75517160e-02
drain last end 3.800000e-01 2.000000e+00
number of equations 5543
Iteration: 0
  Device: "mos2d"	RelError: 4.46758e+00	AbsError: 1.26881e+17
    Region: "bulk"	RelError: 4.44706e+00	AbsError: 1.26881e+17
      Equation: "ElectronContinuityEquation"	RelError: 7.30961e-01	AbsError: 1.24663e+17
      Equation: "HoleContinuityEquation"	RelError: 1.66268e+00	AbsError: 2.21723e+15
      Equation: "PotentialEquation"	RelError: 2.05342e+00	AbsError: 2.00000e-02
    Region: "gate"	RelError: 9.28863e-04	AbsError: 4.54262e+16
      Equation: "ElectronContinuityEquation"	RelError: 4.58799e-04	AbsError: 4.54262e+16
      Equation: "HoleContinuityEquation"	RelError: 4.59221e-04	AbsError: 4.63807e-04
      Equation: "PotentialEquation"	RelError: 1.08435e-05	AbsError: 1.18825e-05
    Region: "oxide"	RelError: 1.95873e-02	AbsError: 1.71842e-02
      Equation: "PotentialEquation"	RelError: 1.95873e-02	AbsError: 1.71842e-02
Iteration: 1
  Device: "mos2d"	RelError: 4.71777e-01	AbsError: 9.97722e+15
    Region: "bulk"	RelError: 4.71360e-01	AbsError: 9.97722e+15
      Equation: "ElectronContinuityEquation"	RelError: 1.23946e-01	AbsError: 9.91866e+15
      Equation: "HoleContinuityEquation"	RelError: 3.02356e-01	AbsError: 5.85541e+13
      Equation: "PotentialEquation"	RelError: 4.50572e-02	AbsError: 3.24176e-04
    Region: "gate"	RelError: 2.14148e-05	AbsError: 1.03734e+15
      Equation: "ElectronContinuityEquation"	RelError: 1.04772e-05	AbsError: 1.03734e+15
      Equation: "HoleContinuityEquation"	RelError: 1.06876e-05	AbsError: 1.07945e-05
      Equation: "PotentialEquation"	RelError: 2.49994e-07	AbsError: 2.73948e-07
    Region: "oxide"	RelError: 3.95652e-04	AbsError: 3.24176e-04
      Equation: "PotentialEquation"	RelError: 3.95652e-04	AbsError: 3.24176e-04
Iteration: 2
  Device: "mos2d"	RelError: 4.37013e-04	AbsError: 1.31732e+13
    Region: "bulk"	RelError: 4.36576e-04	AbsError: 1.31732e+13
      Equation: "ElectronContinuityEquation"	RelError: 1.60500e-04	AbsError: 1.31510e+13
      Equation: "HoleContinuityEquation"	RelError: 2.28210e-04	AbsError: 2.21535e+10
      Equation: "PotentialEquation"	RelError: 4.78659e-05	AbsError: 3.47268e-07
    Region: "gate"	RelError: 1.85872e-08	AbsError: 9.14961e+11
      Equation: "ElectronContinuityEquation"	RelError: 9.24109e-09	AbsError: 9.14961e+11
      Equation: "HoleContinuityEquation"	RelError: 9.12910e-09	AbsError: 9.22038e-09
      Equation: "PotentialEquation"	RelError: 2.16998e-10	AbsError: 2.37790e-10
    Region: "oxide"	RelError: 4.19014e-07	AbsError: 3.47268e-07
      Equation: "PotentialEquation"	RelError: 4.19014e-07	AbsError: 3.47268e-07
Iteration: 3
  Device: "mos2d"	RelError: 2.18478e-09	AbsError: 3.71103e+07
    Region: "bulk"	RelError: 2.18389e-09	AbsError: 3.71103e+07
      Equation: "ElectronContinuityEquation"	RelError: 1.74321e-09	AbsError: 3.71017e+07
      Equation: "HoleContinuityEquation"	RelError: 4.12936e-10	AbsError: 8.59936e+03
      Equation: "PotentialEquation"	RelError: 2.77440e-11	AbsError: 7.33031e-13
    Region: "gate"	RelError: 3.29387e-14	AbsError: 1.61836e+06
      Equation: "ElectronContinuityEquation"	RelError: 1.63454e-14	AbsError: 1.61836e+06
      Equation: "HoleContinuityEquation"	RelError: 1.61381e-14	AbsError: 1.62994e-14
      Equation: "PotentialEquation"	RelError: 4.55157e-16	AbsError: 4.98769e-16
    Region: "oxide"	RelError: 8.59629e-13	AbsError: 7.33031e-13
      Equation: "PotentialEquation"	RelError: 8.59629e-13	AbsError: 7.33031e-13
Succeeded
IVPOINT	IDVD_VG1P0	5.00000000e-01	4.00000000e-01	8.82488783e-02
drain last end 4.000000e-01 2.000000e+00
number of equations 5543
Iteration: 0
  Device: "mos2d"	RelError: 4.44859e+00	AbsError: 1.23756e+17
    Region: "bulk"	RelError: 4.42878e+00	AbsError: 1.23756e+17
      Equation: "ElectronContinuityEquation"	RelError: 6.93005e-01	AbsError: 1.21595e+17
      Equation: "HoleContinuityEquation"	RelError: 1.59212e+00	AbsError: 2.16120e+15
      Equation: "PotentialEquation"	RelError: 2.14365e+00	AbsError: 2.00000e-02
    Region: "gate"	RelError: 8.86583e-04	AbsError: 4.33780e+16
      Equation: "ElectronContinuityEquation"	RelError: 4.37925e-04	AbsError: 4.33780e+16
      Equation: "HoleContinuityEquation"	RelError: 4.38309e-04	AbsError: 4.42497e-04
      Equation: "PotentialEquation"	RelError: 1.03498e-05	AbsError: 1.13416e-05
    Region: "oxide"	RelError: 1.89301e-02	AbsError: 1.69257e-02
      Equation: "PotentialEquation"	RelError: 1.89301e-02	AbsError: 1.69257e-02
Iteration: 1
  Device: "mos2d"	RelError: 4.54022e-01	AbsError: 8.41868e+15
    Region: "bulk"	RelError: 4.53653e-01	AbsError: 8.41868e+15
      Equation: "ElectronContinuityEquation"	RelError: 1.18723e-01	AbsError: 8.35963e+15
      Equation: "HoleContinuityEquation"	RelError: 2.93542e-01	AbsError: 5.90494e+13
      Equation: "PotentialEquation"	RelError: 4.13879e-02	AbsError: 2.93219e-04
    Region: "gate"	RelError: 1.97435e-05	AbsError: 9.56909e+14
      Equation: "ElectronContinuityEquation"	RelError: 9.66063e-06	AbsError: 9.56909e+14
      Equation: "HoleContinuityEquation"	RelError: 9.85239e-06	AbsError: 9.94663e-06
      Equation: "PotentialEquation"	RelError: 2.30481e-07	AbsError: 2.52568e-07
    Region: "oxide"	RelError: 3.48998e-04	AbsError: 2.93219e-04
      Equation: "PotentialEquation"	RelError: 3.48998e-04	AbsError: 2.93219e-04
Iteration: 2
  Device: "mos2d"	RelError: 4.76001e-04	AbsError: 1.50915e+13
    Region: "bulk"	RelError: 4.75602e-04	AbsError: 1.50915e+13
      Equation: "ElectronContinuityEquation"	RelError: 2.55984e-04	AbsError: 1.50688e+13
      Equation: "HoleContinuityEquation"	RelError: 1.84856e-04	AbsError: 2.27173e+10
      Equation: "PotentialEquation"	RelError: 3.47625e-05	AbsError: 3.32739e-07
    Region: "gate"	RelError: 1.50327e-08	AbsError: 7.40537e+11
      Equation: "ElectronContinuityEquation"	RelError: 7.47621e-09	AbsError: 7.40537e+11
      Equation: "HoleContinuityEquation"	RelError: 7.38102e-09	AbsError: 7.45162e-09
      Equation: "PotentialEquation"	RelError: 1.75500e-10	AbsError: 1.92318e-10
    Region: "oxide"	RelError: 3.84116e-07	AbsError: 3.32739e-07
      Equation: "PotentialEquation"	RelError: 3.84116e-07	AbsError: 3.32739e-07
Iteration: 3
  Device: "mos2d"	RelError: 4.85241e-09	AbsError: 5.19112e+07
    Region: "bulk"	RelError: 4.85140e-09	AbsError: 5.19112e+07
      Equation: "ElectronContinuityEquation"	RelError: 4.62505e-09	AbsError: 5.19051e+07
      Equation: "HoleContinuityEquation"	RelError: 2.01276e-10	AbsError: 6.11909e+03
      Equation: "PotentialEquation"	RelError: 2.50776e-11	AbsError: 8.53224e-13
    Region: "gate"	RelError: 2.84709e-14	AbsError: 1.40397e+06
      Equation: "ElectronContinuityEquation"	RelError: 1.41740e-14	AbsError: 1.40397e+06
      Equation: "HoleContinuityEquation"	RelError: 1.39945e-14	AbsError: 1.41284e-14
      Equation: "PotentialEquation"	RelError: 3.02386e-16	AbsError: 3.31363e-16
    Region: "oxide"	RelError: 9.84967e-13	AbsError: 8.53224e-13
      Equation: "PotentialEquation"	RelError: 9.84967e-13	AbsError: 8.53224e-13
Succeeded
IVPOINT	IDVD_VG1P0	5.00000000e-01	4.20000000e-01	8.89043068e-02
drain last end 4.200000e-01 2.000000e+00
number of equations 5543
Iteration: 0
  Device: "mos2d"	RelError: 5.18529e+00	AbsError: 1.19447e+17
    Region: "bulk"	RelError: 5.16617e+00	AbsError: 1.19447e+17
      Equation: "ElectronContinuityEquation"	RelError: 6.54728e-01	AbsError: 1.17323e+17
      Equation: "HoleContinuityEquation"	RelError: 1.45687e+00	AbsError: 2.12405e+15
      Equation: "PotentialEquation"	RelError: 3.05457e+00	AbsError: 2.00000e-02
    Region: "gate"	RelError: 8.47757e-04	AbsError: 4.14961e+16
      Equation: "ElectronContinuityEquation"	RelError: 4.18755e-04	AbsError: 4.14961e+16
      Equation: "HoleContinuityEquation"	RelError: 4.19106e-04	AbsError: 4.22938e-04
      Equation: "PotentialEquation"	RelError: 9.89646e-06	AbsError: 1.08449e-05
    Region: "oxide"	RelError: 1.82788e-02	AbsError: 1.66451e-02
      Equation: "PotentialEquation"	RelError: 1.82788e-02	AbsError: 1.66451e-02
Iteration: 1
  Device: "mos2d"	RelError: 3.98471e-01	AbsError: 7.30974e+15
    Region: "bulk"	RelError: 3.98144e-01	AbsError: 7.30974e+15
      Equation: "ElectronContinuityEquation"	RelError: 1.10922e-01	AbsError: 7.25098e+15
      Equation: "HoleContinuityEquation"	RelError: 2.76879e-01	AbsError: 5.87581e+13
      Equation: "PotentialEquation"	RelError: 1.03432e-02	AbsError: 2.68435e-04
    Region: "gate"	RelError: 1.77783e-05	AbsError: 8.61881e+14
      Equation: "ElectronContinuityEquation"	RelError: 8.69769e-06	AbsError: 8.61881e+14
      Equation: "HoleContinuityEquation"	RelError: 8.87304e-06	AbsError: 8.95424e-06
      Equation: "PotentialEquation"	RelError: 2.07538e-07	AbsError: 2.27428e-07
    Region: "oxide"	RelError: 3.08951e-04	AbsError: 2.68435e-04
      Equation: "PotentialEquation"	RelError: 3.08951e-04	AbsError: 2.68435e-04
Iteration: 2
  Device: "mos2d"	RelError: 5.80358e-04	AbsError: 1.51641e+13
    Region: "bulk"	RelError: 5.80000e-04	AbsError: 1.51641e+13
      Equation: "ElectronContinuityEquation"	RelError: 4.13567e-04	AbsError: 1.51415e+13
      Equation: "HoleContinuityEquation"	RelError: 1.59716e-04	AbsError: 2.25884e+10
      Equation: "PotentialEquation"	RelError: 6.71613e-06	AbsError: 3.05217e-07
    Region: "gate"	RelError: 1.14637e-08	AbsError: 5.65179e+11
      Equation: "ElectronContinuityEquation"	RelError: 5.70351e-09	AbsError: 5.65179e+11
      Equation: "HoleContinuityEquation"	RelError: 5.62633e-09	AbsError: 5.67782e-09
      Equation: "PotentialEquation"	RelError: 1.33832e-10	AbsError: 1.46658e-10
    Region: "oxide"	RelError: 3.47145e-07	AbsError: 3.05217e-07
      Equation: "PotentialEquation"	RelError: 3.47145e-07	AbsError: 3.05217e-07
Iteration: 3
  Device: "mos2d"	RelError: 1.38869e-09	AbsError: 5.00344e+07
    Region: "bulk"	RelError: 1.38779e-09	AbsError: 5.00344e+07
      Equation: "ElectronContinuityEquation"	RelError: 1.29185e-09	AbsError: 5.00304e+07
      Equation: "HoleContinuityEquation"	RelError: 9.05657e-11	AbsError: 4.02587e+03
      Equation: "PotentialEquation"	RelError: 5.37912e-12	AbsError: 7.69194e-13
    Region: "gate"	RelError: 2.25193e-14	AbsError: 1.11255e+06
      Equation: "ElectronContinuityEquation"	RelError: 1.12273e-14	AbsError: 1.11255e+06
      Equation: "HoleContinuityEquation"	RelError: 1.10300e-14	AbsError: 1.11309e-14
      Equation: "PotentialEquation"	RelError: 2.61995e-16	AbsError: 2.87105e-16
    Region: "oxide"	RelError: 8.74860e-13	AbsError: 7.69194e-13
      Equation: "PotentialEquation"	RelError: 8.74860e-13	AbsError: 7.69194e-13
Succeeded
IVPOINT	IDVD_VG1P0	5.00000000e-01	4.40000000e-01	8.95266196e-02
drain last end 4.400000e-01 2.000000e+00
number of equations 5543
Iteration: 0
  Device: "mos2d"	RelError: 1.92656e+01	AbsError: 1.13859e+17
    Region: "bulk"	RelError: 1.92471e+01	AbsError: 1.13859e+17
      Equation: "ElectronContinuityEquation"	RelError: 6.07729e-01	AbsError: 1.11732e+17
      Equation: "HoleContinuityEquation"	RelError: 1.39840e+00	AbsError: 2.12760e+15
      Equation: "PotentialEquation"	RelError: 1.72410e+01	AbsError: 2.00000e-02
    Region: "gate"	RelError: 8.12912e-04	AbsError: 3.98068e+16
      Equation: "ElectronContinuityEquation"	RelError: 4.01550e-04	AbsError: 3.98068e+16
      Equation: "HoleContinuityEquation"	RelError: 4.01873e-04	AbsError: 4.05388e-04
      Equation: "PotentialEquation"	RelError: 9.48961e-06	AbsError: 1.03992e-05
    Region: "oxide"	RelError: 1.76366e-02	AbsError: 1.63459e-02
      Equation: "PotentialEquation"	RelError: 1.76366e-02	AbsError: 1.63459e-02
Iteration: 1
  Device: "mos2d"	RelError: 3.95748e-01	AbsError: 6.95634e+15
    Region: "bulk"	RelError: 3.95452e-01	AbsError: 6.95634e+15
      Equation: "ElectronContinuityEquation"	RelError: 1.03016e-01	AbsError: 6.89862e+15
      Equation: "HoleContinuityEquation"	RelError: 2.54756e-01	AbsError: 5.77183e+13
      Equation: "PotentialEquation"	RelError: 3.76802e-02	AbsError: 2.50398e-04
    Region: "gate"	RelError: 1.56927e-05	AbsError: 7.60752e+14
      Equation: "ElectronContinuityEquation"	RelError: 7.67412e-06	AbsError: 7.60752e+14
      Equation: "HoleContinuityEquation"	RelError: 7.83537e-06	AbsError: 7.90396e-06
      Equation: "PotentialEquation"	RelError: 1.83189e-07	AbsError: 2.00748e-07
    Region: "oxide"	RelError: 2.80816e-04	AbsError: 2.50398e-04
      Equation: "PotentialEquation"	RelError: 2.80816e-04	AbsError: 2.50398e-04
Iteration: 2
  Device: "mos2d"	RelError: 8.64624e-04	AbsError: 1.31263e+13
    Region: "bulk"	RelError: 8.64333e-04	AbsError: 1.31263e+13
      Equation: "ElectronContinuityEquation"	RelError: 6.73333e-04	AbsError: 1.31045e+13
      Equation: "HoleContinuityEquation"	RelError: 1.84575e-04	AbsError: 2.18192e+10
      Equation: "PotentialEquation"	RelError: 6.42486e-06	AbsError: 2.51926e-07
    Region: "gate"	RelError: 8.23374e-09	AbsError: 4.06331e+11
      Equation: "ElectronContinuityEquation"	RelError: 4.09888e-09	AbsError: 4.06331e+11
      Equation: "HoleContinuityEquation"	RelError: 4.03874e-09	AbsError: 4.07410e-09
      Equation: "PotentialEquation"	RelError: 9.61245e-11	AbsError: 1.05338e-10
    Region: "oxide"	RelError: 2.82530e-07	AbsError: 2.51926e-07
      Equation: "PotentialEquation"	RelError: 2.82530e-07	AbsError: 2.51926e-07
Iteration: 3
  Device: "mos2d"	RelError: 1.16492e-08	AbsError: 3.49237e+07
    Region: "bulk"	RelError: 1.16486e-08	AbsError: 3.49237e+07
      Equation: "ElectronContinuityEquation"	RelError: 1.11405e-08	AbsError: 3.49209e+07
      Equation: "HoleContinuityEquation"	RelError: 4.95650e-10	AbsError: 2.81287e+03
      Equation: "PotentialEquation"	RelError: 1.24722e-11	AbsError: 5.25301e-13
    Region: "gate"	RelError: 1.50677e-14	AbsError: 7.34705e+05
      Equation: "ElectronContinuityEquation"	RelError: 7.41137e-15	AbsError: 7.34705e+05
      Equation: "HoleContinuityEquation"	RelError: 7.54390e-15	AbsError: 7.60994e-15
      Equation: "PotentialEquation"	RelError: 1.12397e-16	AbsError: 1.23170e-16
    Region: "oxide"	RelError: 5.89114e-13	AbsError: 5.25301e-13
      Equation: "PotentialEquation"	RelError: 5.89114e-13	AbsError: 5.25301e-13
Succeeded
IVPOINT	IDVD_VG1P0	5.00000000e-01	4.60000000e-01	9.01221300e-02
drain last end 4.600000e-01 2.000000e+00
number of equations 5543
Iteration: 0
  Device: "mos2d"	RelError: 2.00031e+01	AbsError: 1.06949e+17
    Region: "bulk"	RelError: 1.99853e+01	AbsError: 1.06949e+17
      Equation: "ElectronContinuityEquation"	RelError: 5.75603e-01	AbsError: 1.04825e+17
      Equation: "HoleContinuityEquation"	RelError: 1.37974e+00	AbsError: 2.12473e+15
      Equation: "PotentialEquation"	RelError: 1.80300e+01	AbsError: 2.00000e-02
    Region: "gate"	RelError: 7.82238e-04	AbsError: 3.83199e+16
      Equation: "ElectronContinuityEquation"	RelError: 3.86404e-04	AbsError: 3.83199e+16
      Equation: "HoleContinuityEquation"	RelError: 3.86703e-04	AbsError: 3.89937e-04
      Equation: "PotentialEquation"	RelError: 9.13145e-06	AbsError: 1.00068e-05
    Region: "oxide"	RelError: 1.70076e-02	AbsError: 1.60330e-02
      Equation: "PotentialEquation"	RelError: 1.70076e-02	AbsError: 1.60330e-02
Iteration: 1
  Device: "mos2d"	RelError: 4.08739e-01	AbsError: 6.26341e+15
    Region: "bulk"	RelError: 4.08474e-01	AbsError: 6.26341e+15
      Equation: "ElectronContinuityEquation"	RelError: 9.37506e-02	AbsError: 6.20742e+15
      Equation: "HoleContinuityEquation"	RelError: 2.51818e-01	AbsError: 5.59949e+13
      Equation: "PotentialEquation"	RelError: 6.29058e-02	AbsError: 2.26677e-04
    Region: "gate"	RelError: 1.36354e-05	AbsError: 6.60812e+14
      Equation: "ElectronContinuityEquation"	RelError: 6.66343e-06	AbsError: 6.60812e+14
      Equation: "HoleContinuityEquation"	RelError: 6.81277e-06	AbsError: 6.86980e-06
      Equation: "PotentialEquation"	RelError: 1.59172e-07	AbsError: 1.74430e-07
    Region: "oxide"	RelError: 2.50840e-04	AbsError: 2.26677e-04
      Equation: "PotentialEquation"	RelError: 2.50840e-04	AbsError: 2.26677e-04
Iteration: 2
  Device: "mos2d"	RelError: 1.30334e-03	AbsError: 9.88725e+12
    Region: "bulk"	RelError: 1.30313e-03	AbsError: 9.88725e+12
      Equation: "ElectronContinuityEquation"	RelError: 1.04965e-03	AbsError: 9.86674e+12
      Equation: "HoleContinuityEquation"	RelError: 2.41892e-04	AbsError: 2.05036e+10
      Equation: "PotentialEquation"	RelError: 1.15798e-05	AbsError: 1.88443e-07
    Region: "gate"	RelError: 6.25201e-09	AbsError: 3.08676e+11
      Equation: "ElectronContinuityEquation"	RelError: 3.09969e-09	AbsError: 3.08676e+11
      Equation: "HoleContinuityEquation"	RelError: 3.07934e-09	AbsError: 3.09224e-09
      Equation: "PotentialEquation"	RelError: 7.29787e-11	AbsError: 7.99822e-11
    Region: "oxide"	RelError: 2.08531e-07	AbsError: 1.88443e-07
      Equation: "PotentialEquation"	RelError: 2.08531e-07	AbsError: 1.88443e-07
Iteration: 3
  Device: "mos2d"	RelError: 9.87948e-09	AbsError: 1.75214e+07
    Region: "bulk"	RelError: 9.87918e-09	AbsError: 1.75214e+07
      Equation: "ElectronContinuityEquation"	RelError: 9.22649e-09	AbsError: 1.75189e+07
      Equation: "HoleContinuityEquation"	RelError: 6.50096e-10	AbsError: 2.50667e+03
      Equation: "PotentialEquation"	RelError: 2.59627e-12	AbsError: 2.64517e-13
    Region: "gate"	RelError: 8.02484e-15	AbsError: 3.80743e+05
      Equation: "ElectronContinuityEquation"	RelError: 3.83931e-15	AbsError: 3.80743e+05
      Equation: "HoleContinuityEquation"	RelError: 4.01307e-15	AbsError: 4.04666e-15
      Equation: "PotentialEquation"	RelError: 1.72469e-16	AbsError: 1.89002e-16
    Region: "oxide"	RelError: 2.92714e-13	AbsError: 2.64517e-13
      Equation: "PotentialEquation"	RelError: 2.92714e-13	AbsError: 2.64517e-13
Succeeded
IVPOINT	IDVD_VG1P0	5.00000000e-01	4.80000000e-01	9.06955268e-02
drain last end 4.800000e-01 2.000000e+00
number of equations 5543
Iteration: 0
  Device: "mos2d"	RelError: 5.95048e+00	AbsError: 9.88498e+16
    Region: "bulk"	RelError: 5.93333e+00	AbsError: 9.88498e+16
      Equation: "ElectronContinuityEquation"	RelError: 5.72504e-01	AbsError: 9.67345e+16
      Equation: "HoleContinuityEquation"	RelError: 1.34185e+00	AbsError: 2.11528e+15
      Equation: "PotentialEquation"	RelError: 4.01898e+00	AbsError: 2.00000e-02
    Region: "gate"	RelError: 7.55637e-04	AbsError: 3.70308e+16
      Equation: "ElectronContinuityEquation"	RelError: 3.73269e-04	AbsError: 3.70308e+16
      Equation: "HoleContinuityEquation"	RelError: 3.73548e-04	AbsError: 3.76534e-04
      Equation: "PotentialEquation"	RelError: 8.82085e-06	AbsError: 9.66649e-06
    Region: "oxide"	RelError: 1.63968e-02	AbsError: 1.57122e-02
      Equation: "PotentialEquation"	RelError: 1.63968e-02	AbsError: 1.57122e-02
Iteration: 1
  Device: "mos2d"	RelError: 3.51275e-01	AbsError: 5.36877e+15
    Region: "bulk"	RelError: 3.51045e-01	AbsError: 5.36877e+15
      Equation: "ElectronContinuityEquation"	RelError: 8.54579e-02	AbsError: 5.31510e+15
      Equation: "HoleContinuityEquation"	RelError: 2.46937e-01	AbsError: 5.36758e+13
      Equation: "PotentialEquation"	RelError: 1.86493e-02	AbsError: 2.00150e-04
    Region: "gate"	RelError: 1.17142e-05	AbsError: 5.67364e+14
      Equation: "ElectronContinuityEquation"	RelError: 5.71904e-06	AbsError: 5.67364e+14
      Equation: "HoleContinuityEquation"	RelError: 5.85840e-06	AbsError: 5.90528e-06
      Equation: "PotentialEquation"	RelError: 1.36744e-07	AbsError: 1.49853e-07
    Region: "oxide"	RelError: 2.18685e-04	AbsError: 2.00150e-04
      Equation: "PotentialEquation"	RelError: 2.18685e-04	AbsError: 2.00150e-04
Iteration: 2
  Device: "mos2d"	RelError: 1.84497e-03	AbsError: 6.51147e+12
    Region: "bulk"	RelError: 1.84482e-03	AbsError: 6.51147e+12
      Equation: "ElectronContinuityEquation"	RelError: 1.52643e-03	AbsError: 6.49270e+12
      Equation: "HoleContinuityEquation"	RelError: 3.12035e-04	AbsError: 1.87657e+10
      Equation: "PotentialEquation"	RelError: 6.35947e-06	AbsError: 1.29933e-07
    Region: "gate"	RelError: 5.77791e-09	AbsError: 2.85362e+11
      Equation: "ElectronContinuityEquation"	RelError: 2.86457e-09	AbsError: 2.85362e+11
      Equation: "HoleContinuityEquation"	RelError: 2.84590e-09	AbsError: 2.85681e-09
      Equation: "PotentialEquation"	RelError: 6.74441e-11	AbsError: 7.39171e-11
    Region: "oxide"	RelError: 1.41966e-07	AbsError: 1.29933e-07
      Equation: "PotentialEquation"	RelError: 1.41966e-07	AbsError: 1.29933e-07
Iteration: 3
  Device: "mos2d"	RelError: 8.90895e-09	AbsError: 5.70887e+06
    Region: "bulk"	RelError: 8.90884e-09	AbsError: 5.70887e+06
      Equation: "ElectronContinuityEquation"	RelError: 8.31070e-09	AbsError: 5.70674e+06
      Equation: "HoleContinuityEquation"	RelError: 5.95800e-10	AbsError: 2.12705e+03
      Equation: "PotentialEquation"	RelError: 2.34103e-12	AbsError: 9.88002e-14
    Region: "gate"	RelError: 4.70651e-15	AbsError: 2.38990e+05
      Equation: "ElectronContinuityEquation"	RelError: 2.39906e-15	AbsError: 2.38990e+05
      Equation: "HoleContinuityEquation"	RelError: 2.20610e-15	AbsError: 2.21456e-15
      Equation: "PotentialEquation"	RelError: 1.01349e-16	AbsError: 1.11087e-16
    Region: "oxide"	RelError: 1.03914e-13	AbsError: 9.88002e-14
      Equation: "PotentialEquation"	RelError: 1.03914e-13	AbsError: 9.88002e-14
Succeeded
IVPOINT	IDVD_VG1P0	5.00000000e-01	5.00000000e-01	9.12503379e-02
drain last end 5.000000e-01 2.000000e+00
number of equations 5543
Iteration: 0
  Device: "mos2d"	RelError: 3.41871e+00	AbsError: 8.98149e+16
    Region: "bulk"	RelError: 3.40217e+00	AbsError: 8.98149e+16
      Equation: "ElectronContinuityEquation"	RelError: 5.68674e-01	AbsError: 8.77157e+16
      Equation: "HoleContinuityEquation"	RelError: 1.29322e+00	AbsError: 2.09918e+15
      Equation: "PotentialEquation"	RelError: 1.54028e+00	AbsError: 2.00000e-02
    Region: "gate"	RelError: 7.32814e-04	AbsError: 3.59256e+16
      Equation: "ElectronContinuityEquation"	RelError: 3.61999e-04	AbsError: 3.59256e+16
      Equation: "HoleContinuityEquation"	RelError: 3.62261e-04	AbsError: 3.65027e-04
      Equation: "PotentialEquation"	RelError: 8.55436e-06	AbsError: 9.37453e-06
    Region: "oxide"	RelError: 1.58091e-02	AbsError: 1.53898e-02
      Equation: "PotentialEquation"	RelError: 1.58091e-02	AbsError: 1.53898e-02
Iteration: 1
  Device: "mos2d"	RelError: 3.25548e-01	AbsError: 4.82585e+15
    Region: "bulk"	RelError: 3.25351e-01	AbsError: 4.82585e+15
      Equation: "ElectronContinuityEquation"	RelError: 8.48236e-02	AbsError: 4.77499e+15
      Equation: "HoleContinuityEquation"	RelError: 2.37678e-01	AbsError: 5.08651e+13
      Equation: "PotentialEquation"	RelError: 2.84941e-03	AbsError: 1.73346e-04
    Region: "gate"	RelError: 9.99073e-06	AbsError: 4.83457e+14
      Equation: "ElectronContinuityEquation"	RelError: 4.87151e-06	AbsError: 4.83457e+14
      Equation: "HoleContinuityEquation"	RelError: 5.00260e-06	AbsError: 5.04082e-06
      Equation: "PotentialEquation"	RelError: 1.16624e-07	AbsError: 1.27806e-07
    Region: "oxide"	RelError: 1.87108e-04	AbsError: 1.73346e-04
      Equation: "PotentialEquation"	RelError: 1.87108e-04	AbsError: 1.73346e-04
Iteration: 2
  Device: "mos2d"	RelError: 2.41443e-03	AbsError: 5.40636e+12
    Region: "bulk"	RelError: 2.41430e-03	AbsError: 5.40636e+12
      Equation: "ElectronContinuityEquation"	RelError: 2.03796e-03	AbsError: 5.38764e+12
      Equation: "HoleContinuityEquation"	RelError: 3.75496e-04	AbsError: 1.87204e+10
      Equation: "PotentialEquation"	RelError: 8.49404e-07	AbsError: 1.22291e-07
    Region: "gate"	RelError: 5.36639e-09	AbsError: 2.65094e+11
      Equation: "ElectronContinuityEquation"	RelError: 2.66018e-09	AbsError: 2.65094e+11
      Equation: "HoleContinuityEquation"	RelError: 2.64357e-09	AbsError: 2.65278e-09
      Equation: "PotentialEquation"	RelError: 6.26402e-11	AbsError: 6.86527e-11
    Region: "oxide"	RelError: 1.25643e-07	AbsError: 1.22291e-07
      Equation: "PotentialEquation"	RelError: 1.25643e-07	AbsError: 1.22291e-07
Iteration: 3
  Device: "mos2d"	RelError: 1.17705e-08	AbsError: 5.91523e+06
    Region: "bulk"	RelError: 1.17704e-08	AbsError: 5.91523e+06
      Equation: "ElectronContinuityEquation"	RelError: 1.03429e-08	AbsError: 5.91308e+06
      Equation: "HoleContinuityEquation"	RelError: 1.42735e-09	AbsError: 2.15723e+03
      Equation: "PotentialEquation"	RelError: 1.16437e-13	AbsError: 1.13330e-13
    Region: "gate"	RelError: 4.33073e-15	AbsError: 2.06416e+05
      Equation: "ElectronContinuityEquation"	RelError: 2.07135e-15	AbsError: 2.06416e+05
      Equation: "HoleContinuityEquation"	RelError: 2.15729e-15	AbsError: 2.16481e-15
      Equation: "PotentialEquation"	RelError: 1.02084e-16	AbsError: 1.11891e-16
    Region: "oxide"	RelError: 1.16437e-13	AbsError: 1.13330e-13
      Equation: "PotentialEquation"	RelError: 1.16437e-13	AbsError: 1.13330e-13
Succeeded
IVPOINT	IDVD_VG1P0	5.00000000e-01	5.20000000e-01	9.17892502e-02
drain last end 5.200000e-01 2.000000e+00
number of equations 5543
Iteration: 0
  Device: "mos2d"	RelError: 3.15650e+00	AbsError: 8.01867e+16
    Region: "bulk"	RelError: 3.14054e+00	AbsError: 8.01867e+16
      Equation: "ElectronContinuityEquation"	RelError: 5.63871e-01	AbsError: 7.81103e+16
      Equation: "HoleContinuityEquation"	RelError: 1.28847e+00	AbsError: 2.07640e+15
      Equation: "PotentialEquation"	RelError: 1.28819e+00	AbsError: 2.00000e-02
    Region: "gate"	RelError: 7.13364e-04	AbsError: 3.49845e+16
      Equation: "ElectronContinuityEquation"	RelError: 3.52394e-04	AbsError: 3.49845e+16
      Equation: "HoleContinuityEquation"	RelError: 3.52643e-04	AbsError: 3.55212e-04
      Equation: "PotentialEquation"	RelError: 8.32724e-06	AbsError: 9.12571e-06
    Region: "oxide"	RelError: 1.52497e-02	AbsError: 1.50726e-02
      Equation: "PotentialEquation"	RelError: 1.52497e-02	AbsError: 1.50726e-02
Iteration: 1
  Device: "mos2d"	RelError: 3.20996e-01	AbsError: 4.96162e+15
    Region: "bulk"	RelError: 3.20829e-01	AbsError: 4.96162e+15
      Equation: "ElectronContinuityEquation"	RelError: 8.40520e-02	AbsError: 4.90847e+15
      Equation: "HoleContinuityEquation"	RelError: 2.33496e-01	AbsError: 5.31486e+13
      Equation: "PotentialEquation"	RelError: 3.28073e-03	AbsError: 1.54075e-04
    Region: "gate"	RelError: 8.48562e-06	AbsError: 4.10127e+14
      Equation: "ElectronContinuityEquation"	RelError: 4.13116e-06	AbsError: 4.10127e+14
      Equation: "HoleContinuityEquation"	RelError: 4.25540e-06	AbsError: 4.28642e-06
      Equation: "PotentialEquation"	RelError: 9.90540e-08	AbsError: 1.08552e-07
    Region: "oxide"	RelError: 1.57933e-04	AbsError: 1.54075e-04
      Equation: "PotentialEquation"	RelError: 1.57933e-04	AbsError: 1.54075e-04
Iteration: 2
  Device: "mos2d"	RelError: 2.88971e-03	AbsError: 5.77543e+12
    Region: "bulk"	RelError: 2.88959e-03	AbsError: 5.77543e+12
      Equation: "ElectronContinuityEquation"	RelError: 2.47812e-03	AbsError: 5.75429e+12
      Equation: "HoleContinuityEquation"	RelError: 4.10993e-04	AbsError: 2.11393e+10
      Equation: "PotentialEquation"	RelError: 4.78226e-07	AbsError: 1.22005e-07
    Region: "gate"	RelError: 4.96952e-09	AbsError: 2.45521e+11
      Equation: "ElectronContinuityEquation"	RelError: 2.46294e-09	AbsError: 2.45521e+11
      Equation: "HoleContinuityEquation"	RelError: 2.44857e-09	AbsError: 2.45628e-09
      Equation: "PotentialEquation"	RelError: 5.80072e-11	AbsError: 6.35755e-11
    Region: "oxide"	RelError: 1.23457e-07	AbsError: 1.22005e-07
      Equation: "PotentialEquation"	RelError: 1.23457e-07	AbsError: 1.22005e-07
Iteration: 3
  Device: "mos2d"	RelError: 8.16695e-09	AbsError: 6.46089e+06
    Region: "bulk"	RelError: 8.16682e-09	AbsError: 6.46089e+06
      Equation: "ElectronContinuityEquation"	RelError: 6.41294e-09	AbsError: 6.45804e+06
      Equation: "HoleContinuityEquation"	RelError: 1.75376e-09	AbsError: 2.85682e+03
      Equation: "PotentialEquation"	RelError: 1.24038e-13	AbsError: 1.22579e-13
    Region: "gate"	RelError: 4.33231e-15	AbsError: 2.21976e+05
      Equation: "ElectronContinuityEquation"	RelError: 2.22675e-15	AbsError: 2.21976e+05
      Equation: "HoleContinuityEquation"	RelError: 2.00420e-15	AbsError: 2.01050e-15
      Equation: "PotentialEquation"	RelError: 1.01365e-16	AbsError: 1.11103e-16
    Region: "oxide"	RelError: 1.24038e-13	AbsError: 1.22579e-13
      Equation: "PotentialEquation"	RelError: 1.24038e-13	AbsError: 1.22579e-13
Succeeded
IVPOINT	IDVD_VG1P0	5.00000000e-01	5.40000000e-01	9.23143349e-02
drain last end 5.400000e-01 2.000000e+00
number of equations 5543
Iteration: 0
  Device: "mos2d"	RelError: 6.30600e+00	AbsError: 7.03510e+16
    Region: "bulk"	RelError: 6.29058e+00	AbsError: 7.03510e+16
      Equation: "ElectronContinuityEquation"	RelError: 5.57731e-01	AbsError: 6.83039e+16
      Equation: "HoleContinuityEquation"	RelError: 1.27440e+00	AbsError: 2.04701e+15
      Equation: "PotentialEquation"	RelError: 4.45845e+00	AbsError: 2.00000e-02
    Region: "gate"	RelError: 6.96850e-04	AbsError: 3.41866e+16
      Equation: "ElectronContinuityEquation"	RelError: 3.44239e-04	AbsError: 3.41866e+16
      Equation: "HoleContinuityEquation"	RelError: 3.44477e-04	AbsError: 3.46868e-04
      Equation: "PotentialEquation"	RelError: 8.13441e-06	AbsError: 8.91446e-06
    Region: "oxide"	RelError: 1.47230e-02	AbsError: 1.47672e-02
      Equation: "PotentialEquation"	RelError: 1.47230e-02	AbsError: 1.47672e-02
Iteration: 1
  Device: "mos2d"	RelError: 3.19717e-01	AbsError: 4.90379e+15
    Region: "bulk"	RelError: 3.19565e-01	AbsError: 4.90379e+15
      Equation: "ElectronContinuityEquation"	RelError: 8.31012e-02	AbsError: 4.84885e+15
      Equation: "HoleContinuityEquation"	RelError: 2.31918e-01	AbsError: 5.49386e+13
      Equation: "PotentialEquation"	RelError: 4.54510e-03	AbsError: 1.45670e-04
    Region: "gate"	RelError: 7.19091e-06	AbsError: 3.47010e+14
      Equation: "ElectronContinuityEquation"	RelError: 3.49420e-06	AbsError: 3.47010e+14
      Equation: "HoleContinuityEquation"	RelError: 3.61276e-06	AbsError: 3.63786e-06
      Equation: "PotentialEquation"	RelError: 8.39399e-08	AbsError: 9.19894e-08
    Region: "oxide"	RelError: 1.45255e-04	AbsError: 1.45670e-04
      Equation: "PotentialEquation"	RelError: 1.45255e-04	AbsError: 1.45670e-04
Iteration: 2
  Device: "mos2d"	RelError: 3.18665e-03	AbsError: 5.62578e+12
    Region: "bulk"	RelError: 3.18653e-03	AbsError: 5.62578e+12
      Equation: "ElectronContinuityEquation"	RelError: 2.77860e-03	AbsError: 5.60267e+12
      Equation: "HoleContinuityEquation"	RelError: 4.07121e-04	AbsError: 2.31076e+10
      Equation: "PotentialEquation"	RelError: 8.04409e-07	AbsError: 1.15261e-07
    Region: "gate"	RelError: 4.50916e-09	AbsError: 2.22802e+11
      Equation: "ElectronContinuityEquation"	RelError: 2.23430e-09	AbsError: 2.22802e+11
      Equation: "HoleContinuityEquation"	RelError: 2.22223e-09	AbsError: 2.22849e-09
      Equation: "PotentialEquation"	RelError: 5.26331e-11	AbsError: 5.76860e-11
    Region: "oxide"	RelError: 1.14932e-07	AbsError: 1.15261e-07
      Equation: "PotentialEquation"	RelError: 1.14932e-07	AbsError: 1.15261e-07
Iteration: 3
  Device: "mos2d"	RelError: 4.30445e-08	AbsError: 5.99208e+06
    Region: "bulk"	RelError: 4.30444e-08	AbsError: 5.99208e+06
      Equation: "ElectronContinuityEquation"	RelError: 3.65356e-08	AbsError: 5.98852e+06
      Equation: "HoleContinuityEquation"	RelError: 6.50833e-09	AbsError: 3.55910e+03
      Equation: "PotentialEquation"	RelError: 4.31483e-13	AbsError: 1.16201e-13
    Region: "gate"	RelError: 4.18461e-15	AbsError: 2.13126e+05
      Equation: "ElectronContinuityEquation"	RelError: 2.13726e-15	AbsError: 2.13126e+05
      Equation: "HoleContinuityEquation"	RelError: 1.94601e-15	AbsError: 1.95149e-15
      Equation: "PotentialEquation"	RelError: 1.01341e-16	AbsError: 1.11077e-16
    Region: "oxide"	RelError: 1.15869e-13	AbsError: 1.16201e-13
      Equation: "PotentialEquation"	RelError: 1.15869e-13	AbsError: 1.16201e-13
Succeeded
IVPOINT	IDVD_VG1P0	5.00000000e-01	5.60000000e-01	9.28272107e-02
drain last end 5.600000e-01 2.000000e+00
number of equations 5543
Iteration: 0
  Device: "mos2d"	RelError: 3.65659e+00	AbsError: 6.06882e+16
    Region: "bulk"	RelError: 3.64167e+00	AbsError: 6.06882e+16
      Equation: "ElectronContinuityEquation"	RelError: 5.49718e-01	AbsError: 5.86771e+16
      Equation: "HoleContinuityEquation"	RelError: 1.24482e+00	AbsError: 2.01112e+15
      Equation: "PotentialEquation"	RelError: 1.84714e+00	AbsError: 2.00000e-02
    Region: "gate"	RelError: 6.82860e-04	AbsError: 3.35117e+16
      Equation: "ElectronContinuityEquation"	RelError: 3.37331e-04	AbsError: 3.35117e+16
      Equation: "HoleContinuityEquation"	RelError: 3.37558e-04	AbsError: 3.39789e-04
      Equation: "PotentialEquation"	RelError: 7.97104e-06	AbsError: 8.73549e-06
    Region: "oxide"	RelError: 1.42327e-02	AbsError: 1.44795e-02
      Equation: "PotentialEquation"	RelError: 1.42327e-02	AbsError: 1.44795e-02
Iteration: 1
  Device: "mos2d"	RelError: 3.19993e-01	AbsError: 4.67322e+15
    Region: "bulk"	RelError: 3.19854e-01	AbsError: 4.67322e+15
      Equation: "ElectronContinuityEquation"	RelError: 8.19079e-02	AbsError: 4.61720e+15
      Equation: "HoleContinuityEquation"	RelError: 2.28134e-01	AbsError: 5.60164e+13
      Equation: "PotentialEquation"	RelError: 9.81189e-03	AbsError: 1.34721e-04
    Region: "gate"	RelError: 6.34481e-06	AbsError: 3.07403e+14
      Equation: "ElectronContinuityEquation"	RelError: 3.08169e-06	AbsError: 3.07403e+14
      Equation: "HoleContinuityEquation"	RelError: 3.18907e-06	AbsError: 3.19701e-06
      Equation: "PotentialEquation"	RelError: 7.40557e-08	AbsError: 8.11658e-08
    Region: "oxide"	RelError: 1.32443e-04	AbsError: 1.34721e-04
      Equation: "PotentialEquation"	RelError: 1.32443e-04	AbsError: 1.34721e-04
Iteration: 2
  Device: "mos2d"	RelError: 3.36673e-03	AbsError: 5.06329e+12
    Region: "bulk"	RelError: 3.36662e-03	AbsError: 5.06329e+12
      Equation: "ElectronContinuityEquation"	RelError: 2.99926e-03	AbsError: 5.03879e+12
      Equation: "HoleContinuityEquation"	RelError: 3.66867e-04	AbsError: 2.44958e+10
      Equation: "PotentialEquation"	RelError: 4.95746e-07	AbsError: 1.02713e-07
    Region: "gate"	RelError: 3.94353e-09	AbsError: 1.94881e+11
      Equation: "ElectronContinuityEquation"	RelError: 1.95367e-09	AbsError: 1.94881e+11
      Equation: "HoleContinuityEquation"	RelError: 1.94384e-09	AbsError: 1.94868e-09
      Equation: "PotentialEquation"	RelError: 4.60305e-11	AbsError: 5.04499e-11
    Region: "oxide"	RelError: 1.00976e-07	AbsError: 1.02713e-07
      Equation: "PotentialEquation"	RelError: 1.00976e-07	AbsError: 1.02713e-07
Iteration: 3
  Device: "mos2d"	RelError: 9.95413e-09	AbsError: 4.80909e+06
    Region: "bulk"	RelError: 9.95404e-09	AbsError: 4.80909e+06
      Equation: "ElectronContinuityEquation"	RelError: 7.08890e-09	AbsError: 4.80498e+06
      Equation: "HoleContinuityEquation"	RelError: 2.86457e-09	AbsError: 4.10482e+03
      Equation: "PotentialEquation"	RelError: 5.69477e-13	AbsError: 9.53701e-14
    Region: "gate"	RelError: 3.36479e-15	AbsError: 1.79851e+05
      Equation: "ElectronContinuityEquation"	RelError: 1.80299e-15	AbsError: 1.79851e+05
      Equation: "HoleContinuityEquation"	RelError: 1.46046e-15	AbsError: 1.46410e-15
      Equation: "PotentialEquation"	RelError: 1.01338e-16	AbsError: 1.11074e-16
    Region: "oxide"	RelError: 9.37572e-14	AbsError: 9.53701e-14
      Equation: "PotentialEquation"	RelError: 9.37572e-14	AbsError: 9.53701e-14
Succeeded
IVPOINT	IDVD_VG1P0	5.00000000e-01	5.80000000e-01	9.33291614e-02
drain last end 5.800000e-01 2.000000e+00
number of equations 5543
Iteration: 0
  Device: "mos2d"	RelError: 4.93316e+00	AbsError: 5.15652e+16
    Region: "bulk"	RelError: 4.91871e+00	AbsError: 5.15652e+16
      Equation: "ElectronContinuityEquation"	RelError: 5.39076e-01	AbsError: 4.95619e+16
      Equation: "HoleContinuityEquation"	RelError: 1.19222e+00	AbsError: 2.00330e+15
      Equation: "PotentialEquation"	RelError: 3.18742e+00	AbsError: 2.00000e-02
    Region: "gate"	RelError: 6.71026e-04	AbsError: 3.29419e+16
      Equation: "ElectronContinuityEquation"	RelError: 3.31487e-04	AbsError: 3.29419e+16
      Equation: "HoleContinuityEquation"	RelError: 3.31707e-04	AbsError: 3.33788e-04
      Equation: "PotentialEquation"	RelError: 7.83284e-06	AbsError: 8.58411e-06
    Region: "oxide"	RelError: 1.37814e-02	AbsError: 1.42144e-02
      Equation: "PotentialEquation"	RelError: 1.37814e-02	AbsError: 1.42144e-02
Iteration: 1
  Device: "mos2d"	RelError: 3.20642e-01	AbsError: 4.30747e+15
    Region: "bulk"	RelError: 3.20518e-01	AbsError: 4.30747e+15
      Equation: "ElectronContinuityEquation"	RelError: 8.03812e-02	AbsError: 4.25113e+15
      Equation: "HoleContinuityEquation"	RelError: 2.20775e-01	AbsError: 5.63398e+13
      Equation: "PotentialEquation"	RelError: 1.93620e-02	AbsError: 1.21948e-04
    Region: "gate"	RelError: 5.64030e-06	AbsError: 2.72962e+14
      Equation: "ElectronContinuityEquation"	RelError: 2.73554e-06	AbsError: 2.72962e+14
      Equation: "HoleContinuityEquation"	RelError: 2.83893e-06	AbsError: 2.84509e-06
      Equation: "PotentialEquation"	RelError: 6.58323e-08	AbsError: 7.21534e-08
    Region: "oxide"	RelError: 1.18248e-04	AbsError: 1.21948e-04
      Equation: "PotentialEquation"	RelError: 1.18248e-04	AbsError: 1.21948e-04
Iteration: 2
  Device: "mos2d"	RelError: 3.29015e-03	AbsError: 4.24707e+12
    Region: "bulk"	RelError: 3.29006e-03	AbsError: 4.24707e+12
      Equation: "ElectronContinuityEquation"	RelError: 2.98607e-03	AbsError: 4.22187e+12
      Equation: "HoleContinuityEquation"	RelError: 3.03674e-04	AbsError: 2.52002e+10
      Equation: "PotentialEquation"	RelError: 3.14314e-07	AbsError: 8.62996e-08
    Region: "gate"	RelError: 3.29131e-09	AbsError: 1.62680e+11
      Equation: "ElectronContinuityEquation"	RelError: 1.63033e-09	AbsError: 1.62680e+11
      Equation: "HoleContinuityEquation"	RelError: 1.62256e-09	AbsError: 1.62609e-09
      Equation: "PotentialEquation"	RelError: 3.84173e-11	AbsError: 4.21061e-11
    Region: "oxide"	RelError: 8.36808e-08	AbsError: 8.62996e-08
      Equation: "PotentialEquation"	RelError: 8.36808e-08	AbsError: 8.62996e-08
Iteration: 3
  Device: "mos2d"	RelError: 1.69271e-08	AbsError: 3.37058e+06
    Region: "bulk"	RelError: 1.69270e-08	AbsError: 3.37058e+06
      Equation: "ElectronContinuityEquation"	RelError: 1.44028e-08	AbsError: 3.36613e+06
      Equation: "HoleContinuityEquation"	RelError: 2.52290e-09	AbsError: 4.45446e+03
      Equation: "PotentialEquation"	RelError: 1.32836e-12	AbsError: 6.76458e-14
    Region: "gate"	RelError: 2.54406e-15	AbsError: 1.29775e+05
      Equation: "ElectronContinuityEquation"	RelError: 1.30057e-15	AbsError: 1.29775e+05
      Equation: "HoleContinuityEquation"	RelError: 1.14218e-15	AbsError: 1.14466e-15
      Equation: "PotentialEquation"	RelError: 1.01308e-16	AbsError: 1.11041e-16
    Region: "oxide"	RelError: 6.55931e-14	AbsError: 6.76458e-14
      Equation: "PotentialEquation"	RelError: 6.55931e-14	AbsError: 6.76458e-14
Succeeded
IVPOINT	IDVD_VG1P0	5.00000000e-01	6.00000000e-01	9.38212220e-02
drain last end 6.000000e-01 2.000000e+00
number of equations 5543
Iteration: 0
  Device: "mos2d"	RelError: 3.74510e+00	AbsError: 4.32280e+16
    Region: "bulk"	RelError: 3.73106e+00	AbsError: 4.32280e+16
      Equation: "ElectronContinuityEquation"	RelError: 5.24783e-01	AbsError: 4.12119e+16
      Equation: "HoleContinuityEquation"	RelError: 1.18777e+00	AbsError: 2.01609e+15
      Equation: "PotentialEquation"	RelError: 2.01852e+00	AbsError: 2.00000e-02
    Region: "gate"	RelError: 6.61032e-04	AbsError: 3.24620e+16
      Equation: "ElectronContinuityEquation"	RelError: 3.26551e-04	AbsError: 3.24620e+16
      Equation: "HoleContinuityEquation"	RelError: 3.26765e-04	AbsError: 3.28709e-04
      Equation: "PotentialEquation"	RelError: 7.71612e-06	AbsError: 8.45626e-06
    Region: "oxide"	RelError: 1.33699e-02	AbsError: 1.39751e-02
      Equation: "PotentialEquation"	RelError: 1.33699e-02	AbsError: 1.39751e-02
Iteration: 1
  Device: "mos2d"	RelError: 2.96234e-01	AbsError: 3.85261e+15
    Region: "bulk"	RelError: 2.96125e-01	AbsError: 3.85261e+15
      Equation: "ElectronContinuityEquation"	RelError: 7.83969e-02	AbsError: 3.79672e+15
      Equation: "HoleContinuityEquation"	RelError: 2.13602e-01	AbsError: 5.58948e+13
      Equation: "PotentialEquation"	RelError: 4.12583e-03	AbsError: 1.08186e-04
    Region: "gate"	RelError: 4.94090e-06	AbsError: 2.38723e+14
      Equation: "ElectronContinuityEquation"	RelError: 2.39166e-06	AbsError: 2.38723e+14
      Equation: "HoleContinuityEquation"	RelError: 2.49157e-06	AbsError: 2.49620e-06
      Equation: "PotentialEquation"	RelError: 5.76686e-08	AbsError: 6.32063e-08
    Region: "oxide"	RelError: 1.03512e-04	AbsError: 1.08186e-04
      Equation: "PotentialEquation"	RelError: 1.03512e-04	AbsError: 1.08186e-04
Iteration: 2
  Device: "mos2d"	RelError: 2.96536e-03	AbsError: 3.34369e+12
    Region: "bulk"	RelError: 2.96529e-03	AbsError: 3.34369e+12
      Equation: "ElectronContinuityEquation"	RelError: 2.73101e-03	AbsError: 3.31853e+12
      Equation: "HoleContinuityEquation"	RelError: 2.33848e-04	AbsError: 2.51619e+10
      Equation: "PotentialEquation"	RelError: 4.34917e-07	AbsError: 6.85527e-08
    Region: "gate"	RelError: 2.61369e-09	AbsError: 1.29217e+11
      Equation: "ElectronContinuityEquation"	RelError: 1.29457e-09	AbsError: 1.29217e+11
      Equation: "HoleContinuityEquation"	RelError: 1.28861e-09	AbsError: 1.29100e-09
      Equation: "PotentialEquation"	RelError: 3.05077e-11	AbsError: 3.34372e-11
    Region: "oxide"	RelError: 6.55905e-08	AbsError: 6.85527e-08
      Equation: "PotentialEquation"	RelError: 6.55905e-08	AbsError: 6.85527e-08
Iteration: 3
  Device: "mos2d"	RelError: 2.99169e-08	AbsError: 2.08147e+06
    Region: "bulk"	RelError: 2.99169e-08	AbsError: 2.08147e+06
      Equation: "ElectronContinuityEquation"	RelError: 2.80578e-08	AbsError: 2.07691e+06
      Equation: "HoleContinuityEquation"	RelError: 1.85887e-09	AbsError: 4.55984e+03
      Equation: "PotentialEquation"	RelError: 2.44592e-13	AbsError: 4.23117e-14
    Region: "gate"	RelError: 1.55098e-15	AbsError: 7.85041e+04
      Equation: "ElectronContinuityEquation"	RelError: 7.86498e-16	AbsError: 7.85041e+04
      Equation: "HoleContinuityEquation"	RelError: 6.63161e-16	AbsError: 6.64392e-16
      Equation: "PotentialEquation"	RelError: 1.01319e-16	AbsError: 1.11054e-16
    Region: "oxide"	RelError: 4.04834e-14	AbsError: 4.23117e-14
      Equation: "PotentialEquation"	RelError: 4.04834e-14	AbsError: 4.23117e-14
Succeeded
IVPOINT	IDVD_VG1P0	5.00000000e-01	6.20000000e-01	9.43042396e-02
drain last end 6.200000e-01 2.000000e+00
number of equations 5543
Iteration: 0
  Device: "mos2d"	RelError: 7.44041e+00	AbsError: 3.58118e+16
    Region: "bulk"	RelError: 7.42676e+00	AbsError: 3.58118e+16
      Equation: "ElectronContinuityEquation"	RelError: 5.05528e-01	AbsError: 3.37879e+16
      Equation: "HoleContinuityEquation"	RelError: 1.18252e+00	AbsError: 2.02389e+15
      Equation: "PotentialEquation"	RelError: 5.73871e+00	AbsError: 2.00000e-02
    Region: "gate"	RelError: 6.52608e-04	AbsError: 3.20587e+16
      Equation: "ElectronContinuityEquation"	RelError: 3.22391e-04	AbsError: 3.20587e+16
      Equation: "HoleContinuityEquation"	RelError: 3.22599e-04	AbsError: 3.24414e-04
      Equation: "PotentialEquation"	RelError: 7.61772e-06	AbsError: 8.34849e-06
    Region: "oxide"	RelError: 1.29977e-02	AbsError: 1.37636e-02
      Equation: "PotentialEquation"	RelError: 1.29977e-02	AbsError: 1.37636e-02
Iteration: 1
  Device: "mos2d"	RelError: 3.03481e-01	AbsError: 3.35492e+15
    Region: "bulk"	RelError: 3.03388e-01	AbsError: 3.35492e+15
      Equation: "ElectronContinuityEquation"	RelError: 7.57949e-02	AbsError: 3.30022e+15
      Equation: "HoleContinuityEquation"	RelError: 2.13293e-01	AbsError: 5.47003e+13
      Equation: "PotentialEquation"	RelError: 1.43003e-02	AbsError: 9.42547e-05
    Region: "gate"	RelError: 4.27058e-06	AbsError: 2.05872e+14
      Equation: "ElectronContinuityEquation"	RelError: 2.06190e-06	AbsError: 2.05872e+14
      Equation: "HoleContinuityEquation"	RelError: 2.15883e-06	AbsError: 2.16217e-06
      Equation: "PotentialEquation"	RelError: 4.98444e-08	AbsError: 5.46312e-08
    Region: "oxide"	RelError: 8.90176e-05	AbsError: 9.42547e-05
      Equation: "PotentialEquation"	RelError: 8.90176e-05	AbsError: 9.42547e-05
Iteration: 2
  Device: "mos2d"	RelError: 2.45878e-03	AbsError: 2.48762e+12
    Region: "bulk"	RelError: 2.45872e-03	AbsError: 2.48762e+12
      Equation: "ElectronContinuityEquation"	RelError: 2.28658e-03	AbsError: 2.46323e+12
      Equation: "HoleContinuityEquation"	RelError: 1.70156e-04	AbsError: 2.43815e+10
      Equation: "PotentialEquation"	RelError: 1.98767e-06	AbsError: 5.17596e-08
    Region: "gate"	RelError: 1.97958e-09	AbsError: 9.78950e+10
      Equation: "ElectronContinuityEquation"	RelError: 9.80464e-10	AbsError: 9.78950e+10
      Equation: "HoleContinuityEquation"	RelError: 9.76010e-10	AbsError: 9.77520e-10
      Equation: "PotentialEquation"	RelError: 2.31063e-11	AbsError: 2.53253e-11
    Region: "oxide"	RelError: 4.88837e-08	AbsError: 5.17596e-08
      Equation: "PotentialEquation"	RelError: 4.88837e-08	AbsError: 5.17596e-08
Iteration: 3
  Device: "mos2d"	RelError: 3.37835e-08	AbsError: 1.14445e+06
    Region: "bulk"	RelError: 3.37834e-08	AbsError: 1.14445e+06
      Equation: "ElectronContinuityEquation"	RelError: 2.84440e-08	AbsError: 1.14005e+06
      Equation: "HoleContinuityEquation"	RelError: 5.33932e-09	AbsError: 4.39634e+03
      Equation: "PotentialEquation"	RelError: 1.46042e-13	AbsError: 2.33720e-14
    Region: "gate"	RelError: 1.08974e-15	AbsError: 4.26980e+04
      Equation: "ElectronContinuityEquation"	RelError: 4.27640e-16	AbsError: 4.26980e+04
      Equation: "HoleContinuityEquation"	RelError: 5.60417e-16	AbsError: 5.61284e-16
      Equation: "PotentialEquation"	RelError: 1.01683e-16	AbsError: 1.11408e-16
    Region: "oxide"	RelError: 2.20734e-14	AbsError: 2.33720e-14
      Equation: "PotentialEquation"	RelError: 2.20734e-14	AbsError: 2.33720e-14
Succeeded
IVPOINT	IDVD_VG1P0	5.00000000e-01	6.40000000e-01	9.47789174e-02
drain last end 6.400000e-01 2.000000e+00
number of equations 5543
Iteration: 0
  Device: "mos2d"	RelError: 4.26041e+00	AbsError: 3.17205e+16
    Region: "bulk"	RelError: 4.24710e+00	AbsError: 2.93863e+16
      Equation: "ElectronContinuityEquation"	RelError: 4.79790e-01	AbsError: 2.73599e+16
      Equation: "HoleContinuityEquation"	RelError: 1.16795e+00	AbsError: 2.02638e+15
      Equation: "PotentialEquation"	RelError: 2.59937e+00	AbsError: 2.00000e-02
    Region: "gate"	RelError: 6.45517e-04	AbsError: 3.17205e+16
      Equation: "ElectronContinuityEquation"	RelError: 3.18889e-04	AbsError: 3.17205e+16
      Equation: "HoleContinuityEquation"	RelError: 3.19093e-04	AbsError: 3.20787e-04
      Equation: "PotentialEquation"	RelError: 7.53490e-06	AbsError: 8.25778e-06
    Region: "oxide"	RelError: 1.26628e-02	AbsError: 1.35797e-02
      Equation: "PotentialEquation"	RelError: 1.26628e-02	AbsError: 1.35797e-02
Iteration: 1
  Device: "mos2d"	RelError: 2.93622e-01	AbsError: 2.85432e+15
    Region: "bulk"	RelError: 2.93543e-01	AbsError: 2.85432e+15
      Equation: "ElectronContinuityEquation"	RelError: 7.23864e-02	AbsError: 2.80151e+15
      Equation: "HoleContinuityEquation"	RelError: 2.11634e-01	AbsError: 5.28088e+13
      Equation: "PotentialEquation"	RelError: 9.52251e-03	AbsError: 8.08492e-05
    Region: "gate"	RelError: 3.64911e-06	AbsError: 1.75389e+14
      Equation: "ElectronContinuityEquation"	RelError: 1.75607e-06	AbsError: 1.75389e+14
      Equation: "HoleContinuityEquation"	RelError: 1.85045e-06	AbsError: 1.85275e-06
      Equation: "PotentialEquation"	RelError: 4.25906e-08	AbsError: 4.66811e-08
    Region: "oxide"	RelError: 7.53958e-05	AbsError: 8.08492e-05
      Equation: "PotentialEquation"	RelError: 7.53958e-05	AbsError: 8.08492e-05
Iteration: 2
  Device: "mos2d"	RelError: 2.44337e-03	AbsError: 1.76088e+12
    Region: "bulk"	RelError: 2.44333e-03	AbsError: 1.76088e+12
      Equation: "ElectronContinuityEquation"	RelError: 2.32175e-03	AbsError: 1.73795e+12
      Equation: "HoleContinuityEquation"	RelError: 1.19135e-04	AbsError: 2.29248e+10
      Equation: "PotentialEquation"	RelError: 2.44936e-06	AbsError: 3.74174e-08
    Region: "gate"	RelError: 1.43858e-09	AbsError: 7.11636e+10
      Equation: "ElectronContinuityEquation"	RelError: 7.12519e-10	AbsError: 7.11636e+10
      Equation: "HoleContinuityEquation"	RelError: 7.09267e-10	AbsError: 7.10148e-10
      Equation: "PotentialEquation"	RelError: 1.67914e-11	AbsError: 1.84041e-11
    Region: "oxide"	RelError: 3.48935e-08	AbsError: 3.74174e-08
      Equation: "PotentialEquation"	RelError: 3.48935e-08	AbsError: 3.74174e-08
Iteration: 3
  Device: "mos2d"	RelError: 1.66499e-08	AbsError: 5.67469e+05
    Region: "bulk"	RelError: 1.66499e-08	AbsError: 5.67469e+05
      Equation: "ElectronContinuityEquation"	RelError: 1.25844e-08	AbsError: 5.63490e+05
      Equation: "HoleContinuityEquation"	RelError: 4.06516e-09	AbsError: 3.97866e+03
      Equation: "PotentialEquation"	RelError: 4.13489e-13	AbsError: 1.16095e-14
    Region: "gate"	RelError: 5.82570e-16	AbsError: 1.88994e+04
      Equation: "ElectronContinuityEquation"	RelError: 1.89228e-16	AbsError: 1.88994e+04
      Equation: "HoleContinuityEquation"	RelError: 2.91405e-16	AbsError: 2.96177e-16
      Equation: "PotentialEquation"	RelError: 1.01937e-16	AbsError: 1.11730e-16
    Region: "oxide"	RelError: 1.08265e-14	AbsError: 1.16095e-14
      Equation: "PotentialEquation"	RelError: 1.08265e-14	AbsError: 1.16095e-14
Succeeded
IVPOINT	IDVD_VG1P0	5.00000000e-01	6.60000000e-01	9.52458467e-02
drain last end 6.600000e-01 2.000000e+00
number of equations 5543
Iteration: 0
  Device: "mos2d"	RelError: 3.20608e+00	AbsError: 3.14375e+16
    Region: "bulk"	RelError: 3.19308e+00	AbsError: 2.95411e+16
      Equation: "ElectronContinuityEquation"	RelError: 4.46074e-01	AbsError: 2.75178e+16
      Equation: "HoleContinuityEquation"	RelError: 1.13837e+00	AbsError: 2.02332e+15
      Equation: "PotentialEquation"	RelError: 1.60863e+00	AbsError: 2.00000e-02
    Region: "gate"	RelError: 6.39555e-04	AbsError: 3.14375e+16
      Equation: "ElectronContinuityEquation"	RelError: 3.15945e-04	AbsError: 3.14375e+16
      Equation: "HoleContinuityEquation"	RelError: 3.16145e-04	AbsError: 3.17723e-04
      Equation: "PotentialEquation"	RelError: 7.46525e-06	AbsError: 8.18151e-06
    Region: "oxide"	RelError: 1.23623e-02	AbsError: 1.34223e-02
      Equation: "PotentialEquation"	RelError: 1.23623e-02	AbsError: 1.34223e-02
Iteration: 1
  Device: "mos2d"	RelError: 2.81379e-01	AbsError: 2.38064e+15
    Region: "bulk"	RelError: 2.81313e-01	AbsError: 2.38064e+15
      Equation: "ElectronContinuityEquation"	RelError: 6.79812e-02	AbsError: 2.33034e+15
      Equation: "HoleContinuityEquation"	RelError: 2.07778e-01	AbsError: 5.03039e+13
      Equation: "PotentialEquation"	RelError: 5.55308e-03	AbsError: 6.84749e-05
    Region: "gate"	RelError: 3.08993e-06	AbsError: 1.47942e+14
      Equation: "ElectronContinuityEquation"	RelError: 1.48081e-06	AbsError: 1.47942e+14
      Equation: "HoleContinuityEquation"	RelError: 1.57305e-06	AbsError: 1.57453e-06
      Equation: "PotentialEquation"	RelError: 3.60638e-08	AbsError: 3.95277e-08
    Region: "oxide"	RelError: 6.30707e-05	AbsError: 6.84749e-05
      Equation: "PotentialEquation"	RelError: 6.30707e-05	AbsError: 6.84749e-05
Iteration: 2
  Device: "mos2d"	RelError: 2.71187e-03	AbsError: 1.19408e+12
    Region: "bulk"	RelError: 2.71185e-03	AbsError: 1.19408e+12
      Equation: "ElectronContinuityEquation"	RelError: 2.60792e-03	AbsError: 1.17316e+12
      Equation: "HoleContinuityEquation"	RelError: 1.02570e-04	AbsError: 2.09163e+10
      Equation: "PotentialEquation"	RelError: 1.35340e-06	AbsError: 2.61232e-08
    Region: "gate"	RelError: 1.01143e-09	AbsError: 5.00510e+10
      Equation: "ElectronContinuityEquation"	RelError: 5.00979e-10	AbsError: 5.00510e+10
      Equation: "HoleContinuityEquation"	RelError: 4.98648e-10	AbsError: 4.99116e-10
      Equation: "PotentialEquation"	RelError: 1.18058e-11	AbsError: 1.29397e-11
    Region: "oxide"	RelError: 2.40615e-08	AbsError: 2.61232e-08
      Equation: "PotentialEquation"	RelError: 2.40615e-08	AbsError: 2.61232e-08
Iteration: 3
  Device: "mos2d"	RelError: 8.03336e-08	AbsError: 2.57250e+05
    Region: "bulk"	RelError: 8.03336e-08	AbsError: 2.57250e+05
      Equation: "ElectronContinuityEquation"	RelError: 7.39255e-08	AbsError: 2.53882e+05
      Equation: "HoleContinuityEquation"	RelError: 6.40783e-09	AbsError: 3.36843e+03
      Equation: "PotentialEquation"	RelError: 2.34940e-13	AbsError: 5.31245e-15
    Region: "gate"	RelError: 5.40934e-16	AbsError: 1.55846e+04
      Equation: "ElectronContinuityEquation"	RelError: 1.55993e-16	AbsError: 1.55846e+04
      Equation: "HoleContinuityEquation"	RelError: 2.83568e-16	AbsError: 2.84984e-16
      Equation: "PotentialEquation"	RelError: 1.01373e-16	AbsError: 1.11112e-16
    Region: "oxide"	RelError: 4.89318e-15	AbsError: 5.31245e-15
      Equation: "PotentialEquation"	RelError: 4.89318e-15	AbsError: 5.31245e-15
Succeeded
IVPOINT	IDVD_VG1P0	5.00000000e-01	6.80000000e-01	9.57055296e-02
drain last end 6.800000e-01 2.000000e+00
number of equations 5543
Iteration: 0
  Device: "mos2d"	RelError: 2.06564e+01	AbsError: 3.12009e+16
    Region: "bulk"	RelError: 2.06437e+01	AbsError: 2.97249e+16
      Equation: "ElectronContinuityEquation"	RelError: 4.07769e-01	AbsError: 2.77104e+16
      Equation: "HoleContinuityEquation"	RelError: 1.10886e+00	AbsError: 2.01448e+15
      Equation: "PotentialEquation"	RelError: 1.91271e+01	AbsError: 2.00000e-02
    Region: "gate"	RelError: 6.34542e-04	AbsError: 3.12009e+16
      Equation: "ElectronContinuityEquation"	RelError: 3.13469e-04	AbsError: 3.12009e+16
      Equation: "HoleContinuityEquation"	RelError: 3.13666e-04	AbsError: 3.15134e-04
      Equation: "PotentialEquation"	RelError: 7.40669e-06	AbsError: 8.11739e-06
    Region: "oxide"	RelError: 1.20925e-02	AbsError: 1.32893e-02
      Equation: "PotentialEquation"	RelError: 1.20925e-02	AbsError: 1.32893e-02
Iteration: 1
  Device: "mos2d"	RelError: 3.16607e-01	AbsError: 1.95281e+15
    Region: "bulk"	RelError: 3.16552e-01	AbsError: 1.95281e+15
      Equation: "ElectronContinuityEquation"	RelError: 6.24417e-02	AbsError: 1.90552e+15
      Equation: "HoleContinuityEquation"	RelError: 2.00488e-01	AbsError: 4.72948e+13
      Equation: "PotentialEquation"	RelError: 5.36223e-02	AbsError: 6.30148e-05
    Region: "gate"	RelError: 2.59956e-06	AbsError: 1.23859e+14
      Equation: "ElectronContinuityEquation"	RelError: 1.23939e-06	AbsError: 1.23859e+14
      Equation: "HoleContinuityEquation"	RelError: 1.32983e-06	AbsError: 1.33068e-06
      Equation: "PotentialEquation"	RelError: 3.03402e-08	AbsError: 3.32547e-08
    Region: "oxide"	RelError: 5.22610e-05	AbsError: 5.74305e-05
      Equation: "PotentialEquation"	RelError: 5.22610e-05	AbsError: 5.74305e-05
Iteration: 2
  Device: "mos2d"	RelError: 2.86088e-03	AbsError: 7.80835e+11
    Region: "bulk"	RelError: 2.86087e-03	AbsError: 7.80835e+11
      Equation: "ElectronContinuityEquation"	RelError: 2.75356e-03	AbsError: 7.62313e+11
      Equation: "HoleContinuityEquation"	RelError: 9.93223e-05	AbsError: 1.85221e+10
      Equation: "PotentialEquation"	RelError: 7.98265e-06	AbsError: 1.77822e-08
    Region: "gate"	RelError: 6.94662e-10	AbsError: 3.43882e+10
      Equation: "ElectronContinuityEquation"	RelError: 3.44102e-10	AbsError: 3.43882e+10
      Equation: "HoleContinuityEquation"	RelError: 3.42452e-10	AbsError: 3.42670e-10
      Equation: "PotentialEquation"	RelError: 8.10844e-12	AbsError: 8.88733e-12
    Region: "oxide"	RelError: 1.61816e-08	AbsError: 1.77822e-08
      Equation: "PotentialEquation"	RelError: 1.61816e-08	AbsError: 1.77822e-08
Iteration: 3
  Device: "mos2d"	RelError: 1.79646e-08	AbsError: 1.08196e+05
    Region: "bulk"	RelError: 1.79645e-08	AbsError: 1.08196e+05
      Equation: "ElectronContinuityEquation"	RelError: 1.29695e-08	AbsError: 1.05509e+05
      Equation: "HoleContinuityEquation"	RelError: 4.99425e-09	AbsError: 2.68711e+03
      Equation: "PotentialEquation"	RelError: 8.39641e-13	AbsError: 2.56739e-15
    Region: "gate"	RelError: 4.02272e-16	AbsError: 8.18564e+03
      Equation: "ElectronContinuityEquation"	RelError: 8.18564e-17	AbsError: 8.18564e+03
      Equation: "HoleContinuityEquation"	RelError: 2.19087e-16	AbsError: 2.19087e-16
      Equation: "PotentialEquation"	RelError: 1.01329e-16	AbsError: 1.11064e-16
    Region: "oxide"	RelError: 2.22240e-15	AbsError: 2.44223e-15
      Equation: "PotentialEquation"	RelError: 2.22240e-15	AbsError: 2.44223e-15
Succeeded
IVPOINT	IDVD_VG1P0	5.00000000e-01	7.00000000e-01	9.61583967e-02
drain last end 7.000000e-01 2.000000e+00
number of equations 5543
Iteration: 0
  Device: "mos2d"	RelError: 2.76890e+00	AbsError: 3.10031e+16
    Region: "bulk"	RelError: 2.75642e+00	AbsError: 2.98773e+16
      Equation: "ElectronContinuityEquation"	RelError: 4.05820e-01	AbsError: 2.78776e+16
      Equation: "HoleContinuityEquation"	RelError: 1.10689e+00	AbsError: 1.99974e+15
      Equation: "PotentialEquation"	RelError: 1.24371e+00	AbsError: 2.00000e-02
    Region: "gate"	RelError: 6.30322e-04	AbsError: 3.10031e+16
      Equation: "ElectronContinuityEquation"	RelError: 3.11385e-04	AbsError: 3.10031e+16
      Equation: "HoleContinuityEquation"	RelError: 3.11579e-04	AbsError: 3.12940e-04
      Equation: "PotentialEquation"	RelError: 7.35737e-06	AbsError: 8.06340e-06
    Region: "oxide"	RelError: 1.18496e-02	AbsError: 1.31778e-02
      Equation: "PotentialEquation"	RelError: 1.18496e-02	AbsError: 1.31778e-02
Iteration: 1
  Device: "mos2d"	RelError: 2.56425e-01	AbsError: 1.58011e+15
    Region: "bulk"	RelError: 2.56379e-01	AbsError: 1.58011e+15
      Equation: "ElectronContinuityEquation"	RelError: 5.57651e-02	AbsError: 1.53620e+15
      Equation: "HoleContinuityEquation"	RelError: 1.97904e-01	AbsError: 4.39070e+13
      Equation: "PotentialEquation"	RelError: 2.70993e-03	AbsError: 6.01386e-05
    Region: "gate"	RelError: 2.17855e-06	AbsError: 1.03173e+14
      Equation: "ElectronContinuityEquation"	RelError: 1.03208e-06	AbsError: 1.03173e+14
      Equation: "HoleContinuityEquation"	RelError: 1.12104e-06	AbsError: 1.12142e-06
      Equation: "PotentialEquation"	RelError: 2.54263e-08	AbsError: 2.78689e-08
    Region: "oxide"	RelError: 4.30138e-05	AbsError: 4.78333e-05
      Equation: "PotentialEquation"	RelError: 4.30138e-05	AbsError: 4.78333e-05
Iteration: 2
  Device: "mos2d"	RelError: 2.80963e-03	AbsError: 4.95417e+11
    Region: "bulk"	RelError: 2.80962e-03	AbsError: 4.95417e+11
      Equation: "ElectronContinuityEquation"	RelError: 2.71363e-03	AbsError: 4.79491e+11
      Equation: "HoleContinuityEquation"	RelError: 9.56161e-05	AbsError: 1.59261e+10
      Equation: "PotentialEquation"	RelError: 3.81184e-07	AbsError: 1.48656e-08
    Region: "gate"	RelError: 4.70871e-10	AbsError: 2.33187e+10
      Equation: "ElectronContinuityEquation"	RelError: 2.33267e-10	AbsError: 2.33187e+10
      Equation: "HoleContinuityEquation"	RelError: 2.32108e-10	AbsError: 2.32187e-10
      Equation: "PotentialEquation"	RelError: 5.49628e-12	AbsError: 6.02428e-12
    Region: "oxide"	RelError: 1.07193e-08	AbsError: 1.19204e-08
      Equation: "PotentialEquation"	RelError: 1.07193e-08	AbsError: 1.19204e-08
Iteration: 3
  Device: "mos2d"	RelError: 2.06304e-08	AbsError: 4.28235e+04
    Region: "bulk"	RelError: 2.06304e-08	AbsError: 4.28235e+04
      Equation: "ElectronContinuityEquation"	RelError: 1.42107e-08	AbsError: 4.08100e+04
      Equation: "HoleContinuityEquation"	RelError: 6.41968e-09	AbsError: 2.01346e+03
      Equation: "PotentialEquation"	RelError: 4.14992e-14	AbsError: 1.94006e-15
    Region: "gate"	RelError: 4.25046e-16	AbsError: 8.34732e+03
      Equation: "ElectronContinuityEquation"	RelError: 8.48707e-17	AbsError: 8.34732e+03
      Equation: "HoleContinuityEquation"	RelError: 2.38805e-16	AbsError: 2.42302e-16
      Equation: "PotentialEquation"	RelError: 1.01370e-16	AbsError: 1.11109e-16
    Region: "oxide"	RelError: 8.96293e-16	AbsError: 9.96719e-16
      Equation: "PotentialEquation"	RelError: 8.96293e-16	AbsError: 9.96719e-16
Succeeded
IVPOINT	IDVD_VG1P0	5.00000000e-01	7.20000000e-01	9.66048206e-02
drain last end 7.200000e-01 2.000000e+00
number of equations 5543
Iteration: 0
  Device: "mos2d"	RelError: 6.61066e+00	AbsError: 3.08375e+16
    Region: "bulk"	RelError: 6.59840e+00	AbsError: 3.00009e+16
      Equation: "ElectronContinuityEquation"	RelError: 4.03824e-01	AbsError: 2.80219e+16
      Equation: "HoleContinuityEquation"	RelError: 1.09910e+00	AbsError: 1.97902e+15
      Equation: "PotentialEquation"	RelError: 5.09547e+00	AbsError: 2.00000e-02
    Region: "gate"	RelError: 6.26759e-04	AbsError: 3.08375e+16
      Equation: "ElectronContinuityEquation"	RelError: 3.09626e-04	AbsError: 3.08375e+16
      Equation: "HoleContinuityEquation"	RelError: 3.09817e-04	AbsError: 3.11074e-04
      Equation: "PotentialEquation"	RelError: 7.31573e-06	AbsError: 8.01782e-06
    Region: "oxide"	RelError: 1.16298e-02	AbsError: 1.30851e-02
      Equation: "PotentialEquation"	RelError: 1.16298e-02	AbsError: 1.30851e-02
Iteration: 1
  Device: "mos2d"	RelError: 2.49260e-01	AbsError: 1.26485e+15
    Region: "bulk"	RelError: 2.49223e-01	AbsError: 1.26485e+15
      Equation: "ElectronContinuityEquation"	RelError: 5.07255e-02	AbsError: 1.22422e+15
      Equation: "HoleContinuityEquation"	RelError: 1.97146e-01	AbsError: 4.06359e+13
      Equation: "PotentialEquation"	RelError: 1.35151e-03	AbsError: 5.71154e-05
    Region: "gate"	RelError: 1.82306e-06	AbsError: 8.56995e+13
      Equation: "ElectronContinuityEquation"	RelError: 8.57034e-07	AbsError: 8.56995e+13
      Equation: "HoleContinuityEquation"	RelError: 9.44744e-07	AbsError: 9.44788e-07
      Equation: "PotentialEquation"	RelError: 2.12771e-08	AbsError: 2.33213e-08
    Region: "oxide"	RelError: 3.52548e-05	AbsError: 3.96648e-05
      Equation: "PotentialEquation"	RelError: 3.52548e-05	AbsError: 3.96648e-05
Iteration: 2
  Device: "mos2d"	RelError: 2.57292e-03	AbsError: 3.06645e+11
    Region: "bulk"	RelError: 2.57291e-03	AbsError: 3.06645e+11
      Equation: "ElectronContinuityEquation"	RelError: 2.48111e-03	AbsError: 2.93341e+11
      Equation: "HoleContinuityEquation"	RelError: 9.14871e-05	AbsError: 1.33046e+10
      Equation: "PotentialEquation"	RelError: 3.14818e-07	AbsError: 1.25328e-08
    Region: "gate"	RelError: 3.18221e-10	AbsError: 1.57652e+10
      Equation: "ElectronContinuityEquation"	RelError: 1.57659e-10	AbsError: 1.57652e+10
      Equation: "HoleContinuityEquation"	RelError: 1.56848e-10	AbsError: 1.56855e-10
      Equation: "PotentialEquation"	RelError: 3.71456e-12	AbsError: 4.07143e-12
    Region: "oxide"	RelError: 7.06448e-09	AbsError: 7.94819e-09
      Equation: "PotentialEquation"	RelError: 7.06448e-09	AbsError: 7.94819e-09
Iteration: 3
  Device: "mos2d"	RelError: 1.07610e-07	AbsError: 1.61484e+04
    Region: "bulk"	RelError: 1.07610e-07	AbsError: 1.61484e+04
      Equation: "ElectronContinuityEquation"	RelError: 9.78846e-08	AbsError: 1.47323e+04
      Equation: "HoleContinuityEquation"	RelError: 9.72507e-09	AbsError: 1.41611e+03
      Equation: "PotentialEquation"	RelError: 8.22714e-14	AbsError: 1.41583e-15
    Region: "gate"	RelError: 3.25804e-16	AbsError: 8.15100e+03
      Equation: "ElectronContinuityEquation"	RelError: 8.15100e-17	AbsError: 8.15100e+03
      Equation: "HoleContinuityEquation"	RelError: 1.42973e-16	AbsError: 1.42974e-16
      Equation: "PotentialEquation"	RelError: 1.01322e-16	AbsError: 1.11056e-16
    Region: "oxide"	RelError: 2.74103e-16	AbsError: 3.08391e-16
      Equation: "PotentialEquation"	RelError: 2.74103e-16	AbsError: 3.08391e-16
Succeeded
IVPOINT	IDVD_VG1P0	5.00000000e-01	7.40000000e-01	9.70451266e-02
drain last end 7.400000e-01 2.000000e+00
number of equations 5543
Iteration: 0
  Device: "mos2d"	RelError: 2.85174e+00	AbsError: 3.06984e+16
    Region: "bulk"	RelError: 2.83969e+00	AbsError: 3.00981e+16
      Equation: "ElectronContinuityEquation"	RelError: 4.01754e-01	AbsError: 2.81457e+16
      Equation: "HoleContinuityEquation"	RelError: 1.08191e+00	AbsError: 1.95233e+15
      Equation: "PotentialEquation"	RelError: 1.35602e+00	AbsError: 2.00000e-02
    Region: "gate"	RelError: 6.23740e-04	AbsError: 3.06984e+16
      Equation: "ElectronContinuityEquation"	RelError: 3.08135e-04	AbsError: 3.06984e+16
      Equation: "HoleContinuityEquation"	RelError: 3.08325e-04	AbsError: 3.09480e-04
      Equation: "PotentialEquation"	RelError: 7.28044e-06	AbsError: 7.97920e-06
    Region: "oxide"	RelError: 1.14297e-02	AbsError: 1.30082e-02
      Equation: "PotentialEquation"	RelError: 1.14297e-02	AbsError: 1.30082e-02
Iteration: 1
  Device: "mos2d"	RelError: 2.46476e-01	AbsError: 1.00698e+15
    Region: "bulk"	RelError: 2.46446e-01	AbsError: 1.00698e+15
      Equation: "ElectronContinuityEquation"	RelError: 5.03489e-02	AbsError: 9.66570e+14
      Equation: "HoleContinuityEquation"	RelError: 1.95008e-01	AbsError: 4.04110e+13
      Equation: "PotentialEquation"	RelError: 1.08877e-03	AbsError: 5.40560e-05
    Region: "gate"	RelError: 1.52659e-06	AbsError: 7.11225e+13
      Equation: "ElectronContinuityEquation"	RelError: 7.11049e-07	AbsError: 7.11225e+13
      Equation: "HoleContinuityEquation"	RelError: 7.97726e-07	AbsError: 7.97529e-07
      Equation: "PotentialEquation"	RelError: 1.78169e-08	AbsError: 1.95288e-08
    Region: "oxide"	RelError: 2.88380e-05	AbsError: 3.28195e-05
      Equation: "PotentialEquation"	RelError: 2.88380e-05	AbsError: 3.28195e-05
Iteration: 2
  Device: "mos2d"	RelError: 2.18340e-03	AbsError: 1.86031e+11
    Region: "bulk"	RelError: 2.18340e-03	AbsError: 1.86031e+11
      Equation: "ElectronContinuityEquation"	RelError: 2.09625e-03	AbsError: 1.75225e+11
      Equation: "HoleContinuityEquation"	RelError: 8.69800e-05	AbsError: 1.08061e+10
      Equation: "PotentialEquation"	RelError: 1.69366e-07	AbsError: 1.03405e-08
    Region: "gate"	RelError: 2.16391e-10	AbsError: 1.07244e+10
      Equation: "ElectronContinuityEquation"	RelError: 1.07217e-10	AbsError: 1.07244e+10
      Equation: "HoleContinuityEquation"	RelError: 1.06648e-10	AbsError: 1.06622e-10
      Equation: "PotentialEquation"	RelError: 2.52585e-12	AbsError: 2.76854e-12
    Region: "oxide"	RelError: 4.67519e-09	AbsError: 5.32068e-09
      Equation: "PotentialEquation"	RelError: 4.67519e-09	AbsError: 5.32068e-09
Iteration: 3
  Device: "mos2d"	RelError: 1.30370e-07	AbsError: 7.93513e+03
    Region: "bulk"	RelError: 1.30370e-07	AbsError: 5.82612e+03
      Equation: "ElectronContinuityEquation"	RelError: 1.23574e-07	AbsError: 4.88754e+03
      Equation: "HoleContinuityEquation"	RelError: 6.79626e-09	AbsError: 9.38580e+02
      Equation: "PotentialEquation"	RelError: 5.13260e-14	AbsError: 9.25768e-16
    Region: "gate"	RelError: 4.05988e-16	AbsError: 7.93513e+03
      Equation: "ElectronContinuityEquation"	RelError: 7.93513e-17	AbsError: 7.93513e+03
      Equation: "HoleContinuityEquation"	RelError: 2.25218e-16	AbsError: 2.28675e-16
      Equation: "PotentialEquation"	RelError: 1.01419e-16	AbsError: 1.11162e-16
    Region: "oxide"	RelError: 1.55494e-16	AbsError: 1.76962e-16
      Equation: "PotentialEquation"	RelError: 1.55494e-16	AbsError: 1.76962e-16
Succeeded
IVPOINT	IDVD_VG1P0	5.00000000e-01	7.60000000e-01	9.74796009e-02
drain last end 7.600000e-01 2.000000e+00
number of equations 5543
Iteration: 0
  Device: "mos2d"	RelError: 2.04754e+00	AbsError: 3.05813e+16
    Region: "bulk"	RelError: 2.03567e+00	AbsError: 3.01710e+16
      Equation: "ElectronContinuityEquation"	RelError: 3.99578e-01	AbsError: 2.82513e+16
      Equation: "HoleContinuityEquation"	RelError: 1.06055e+00	AbsError: 1.91972e+15
      Equation: "PotentialEquation"	RelError: 5.75540e-01	AbsError: 2.00000e-02
    Region: "gate"	RelError: 6.21170e-04	AbsError: 3.05813e+16
      Equation: "ElectronContinuityEquation"	RelError: 3.06865e-04	AbsError: 3.05813e+16
      Equation: "HoleContinuityEquation"	RelError: 3.07054e-04	AbsError: 3.08110e-04
      Equation: "PotentialEquation"	RelError: 7.25039e-06	AbsError: 7.94632e-06
    Region: "oxide"	RelError: 1.12462e-02	AbsError: 1.29445e-02
      Equation: "PotentialEquation"	RelError: 1.12462e-02	AbsError: 1.29445e-02
Iteration: 1
  Device: "mos2d"	RelError: 2.42218e-01	AbsError: 7.98688e+14
    Region: "bulk"	RelError: 2.42193e-01	AbsError: 7.98688e+14
      Equation: "ElectronContinuityEquation"	RelError: 4.99633e-02	AbsError: 7.57555e+14
      Equation: "HoleContinuityEquation"	RelError: 1.90682e-01	AbsError: 4.11329e+13
      Equation: "PotentialEquation"	RelError: 1.54780e-03	AbsError: 5.10608e-05
    Region: "gate"	RelError: 1.28148e-06	AbsError: 5.90673e+13
      Equation: "ElectronContinuityEquation"	RelError: 5.90354e-07	AbsError: 5.90673e+13
      Equation: "HoleContinuityEquation"	RelError: 6.76171e-07	AbsError: 6.75806e-07
      Equation: "PotentialEquation"	RelError: 1.49561e-08	AbsError: 1.63932e-08
    Region: "oxide"	RelError: 2.35853e-05	AbsError: 2.71463e-05
      Equation: "PotentialEquation"	RelError: 2.35853e-05	AbsError: 2.71463e-05
Iteration: 2
  Device: "mos2d"	RelError: 1.71848e-03	AbsError: 1.12411e+11
    Region: "bulk"	RelError: 1.71848e-03	AbsError: 1.12411e+11
      Equation: "ElectronContinuityEquation"	RelError: 1.63611e-03	AbsError: 1.02500e+11
      Equation: "HoleContinuityEquation"	RelError: 8.21568e-05	AbsError: 9.91064e+09
      Equation: "PotentialEquation"	RelError: 2.11613e-07	AbsError: 8.39006e-09
    Region: "gate"	RelError: 1.49129e-10	AbsError: 7.39347e+09
      Equation: "ElectronContinuityEquation"	RelError: 7.38948e-11	AbsError: 7.39347e+09
      Equation: "HoleContinuityEquation"	RelError: 7.34939e-11	AbsError: 7.34543e-11
      Equation: "PotentialEquation"	RelError: 1.74076e-12	AbsError: 1.90803e-12
    Region: "oxide"	RelError: 3.13132e-09	AbsError: 3.60410e-09
      Equation: "PotentialEquation"	RelError: 3.13132e-09	AbsError: 3.60410e-09
Iteration: 3
  Device: "mos2d"	RelError: 2.06961e-08	AbsError: 8.15562e+03
    Region: "bulk"	RelError: 2.06961e-08	AbsError: 2.38642e+03
      Equation: "ElectronContinuityEquation"	RelError: 1.33599e-08	AbsError: 1.75085e+03
      Equation: "HoleContinuityEquation"	RelError: 7.33614e-09	AbsError: 6.35571e+02
      Equation: "PotentialEquation"	RelError: 2.17908e-14	AbsError: 5.84191e-16
    Region: "gate"	RelError: 5.14884e-16	AbsError: 8.15562e+03
      Equation: "ElectronContinuityEquation"	RelError: 8.15562e-17	AbsError: 8.15562e+03
      Equation: "HoleContinuityEquation"	RelError: 3.31935e-16	AbsError: 3.35517e-16
      Equation: "PotentialEquation"	RelError: 1.01393e-16	AbsError: 1.11134e-16
    Region: "oxide"	RelError: 1.64312e-16	AbsError: 1.10894e-16
      Equation: "PotentialEquation"	RelError: 1.64312e-16	AbsError: 1.10894e-16
Succeeded
IVPOINT	IDVD_VG1P0	5.00000000e-01	7.80000000e-01	9.79084979e-02
drain last end 7.800000e-01 2.000000e+00
number of equations 5543
Iteration: 0
  Device: "mos2d"	RelError: 2.40236e+00	AbsError: 3.04823e+16
    Region: "bulk"	RelError: 2.39066e+00	AbsError: 3.02252e+16
      Equation: "ElectronContinuityEquation"	RelError: 3.97251e-01	AbsError: 2.83405e+16
      Equation: "HoleContinuityEquation"	RelError: 1.05338e+00	AbsError: 1.88470e+15
      Equation: "PotentialEquation"	RelError: 9.40031e-01	AbsError: 2.00000e-02
    Region: "gate"	RelError: 6.18969e-04	AbsError: 3.04823e+16
      Equation: "ElectronContinuityEquation"	RelError: 3.05779e-04	AbsError: 3.04823e+16
      Equation: "HoleContinuityEquation"	RelError: 3.05966e-04	AbsError: 3.06925e-04
      Equation: "PotentialEquation"	RelError: 7.22465e-06	AbsError: 7.91818e-06
    Region: "oxide"	RelError: 1.10767e-02	AbsError: 1.28919e-02
      Equation: "PotentialEquation"	RelError: 1.10767e-02	AbsError: 1.28919e-02
Iteration: 1
  Device: "mos2d"	RelError: 2.39946e-01	AbsError: 6.31850e+14
    Region: "bulk"	RelError: 2.39926e-01	AbsError: 6.31850e+14
      Equation: "ElectronContinuityEquation"	RelError: 4.95633e-02	AbsError: 5.90359e+14
      Equation: "HoleContinuityEquation"	RelError: 1.87472e-01	AbsError: 4.14907e+13
      Equation: "PotentialEquation"	RelError: 2.89123e-03	AbsError: 4.82141e-05
    Region: "gate"	RelError: 1.07992e-06	AbsError: 4.91516e+13
      Equation: "ElectronContinuityEquation"	RelError: 4.91108e-07	AbsError: 4.91516e+13
      Equation: "HoleContinuityEquation"	RelError: 5.76205e-07	AbsError: 5.75727e-07
      Equation: "PotentialEquation"	RelError: 1.26035e-08	AbsError: 1.38147e-08
    Region: "oxide"	RelError: 1.93144e-05	AbsError: 2.24792e-05
      Equation: "PotentialEquation"	RelError: 1.93144e-05	AbsError: 2.24792e-05
Iteration: 2
  Device: "mos2d"	RelError: 1.30382e-03	AbsError: 8.60605e+10
    Region: "bulk"	RelError: 1.30382e-03	AbsError: 8.60605e+10
      Equation: "ElectronContinuityEquation"	RelError: 1.22641e-03	AbsError: 7.58013e+10
      Equation: "HoleContinuityEquation"	RelError: 7.70587e-05	AbsError: 1.02592e+10
      Equation: "PotentialEquation"	RelError: 3.47975e-07	AbsError: 7.45243e-09
    Region: "gate"	RelError: 1.04623e-10	AbsError: 5.18864e+09
      Equation: "ElectronContinuityEquation"	RelError: 5.18433e-11	AbsError: 5.18864e+09
      Equation: "HoleContinuityEquation"	RelError: 5.15587e-11	AbsError: 5.15159e-11
      Equation: "PotentialEquation"	RelError: 1.22126e-12	AbsError: 1.33862e-12
    Region: "oxide"	RelError: 2.13430e-09	AbsError: 2.48401e-09
      Equation: "PotentialEquation"	RelError: 2.13430e-09	AbsError: 2.48401e-09
Iteration: 3
  Device: "mos2d"	RelError: 1.85266e-08	AbsError: 8.09740e+03
    Region: "bulk"	RelError: 1.85266e-08	AbsError: 2.83926e+03
      Equation: "ElectronContinuityEquation"	RelError: 1.39804e-08	AbsError: 2.27995e+03
      Equation: "HoleContinuityEquation"	RelError: 4.54613e-09	AbsError: 5.59311e+02
      Equation: "PotentialEquation"	RelError: 2.56958e-14	AbsError: 4.37586e-16
    Region: "gate"	RelError: 3.74422e-16	AbsError: 8.09740e+03
      Equation: "ElectronContinuityEquation"	RelError: 8.20105e-17	AbsError: 8.09740e+03
      Equation: "HoleContinuityEquation"	RelError: 1.91041e-16	AbsError: 1.94058e-16
      Equation: "PotentialEquation"	RelError: 1.01371e-16	AbsError: 1.11110e-16
    Region: "oxide"	RelError: 1.67603e-16	AbsError: 1.10234e-16
      Equation: "PotentialEquation"	RelError: 1.67603e-16	AbsError: 1.10234e-16
Succeeded
IVPOINT	IDVD_VG1P0	5.00000000e-01	8.00000000e-01	9.83320452e-02
drain last end 8.000000e-01 2.000000e+00
number of equations 5543
Iteration: 0
  Device: "mos2d"	RelError: 1.98658e+01	AbsError: 3.03983e+16
    Region: "bulk"	RelError: 1.98542e+01	AbsError: 3.03131e+16
      Equation: "ElectronContinuityEquation"	RelError: 3.94711e-01	AbsError: 2.84150e+16
      Equation: "HoleContinuityEquation"	RelError: 1.04485e+00	AbsError: 1.89801e+15
      Equation: "PotentialEquation"	RelError: 1.84147e+01	AbsError: 2.00000e-02
    Region: "gate"	RelError: 6.17075e-04	AbsError: 3.03983e+16
      Equation: "ElectronContinuityEquation"	RelError: 3.04843e-04	AbsError: 3.03983e+16
      Equation: "HoleContinuityEquation"	RelError: 3.05029e-04	AbsError: 3.05892e-04
      Equation: "PotentialEquation"	RelError: 7.20249e-06	AbsError: 7.89394e-06
    Region: "oxide"	RelError: 1.09189e-02	AbsError: 1.28483e-02
      Equation: "PotentialEquation"	RelError: 1.09189e-02	AbsError: 1.28483e-02
Iteration: 1
  Device: "mos2d"	RelError: 2.92626e-01	AbsError: 4.99569e+14
    Region: "bulk"	RelError: 2.92609e-01	AbsError: 4.99569e+14
      Equation: "ElectronContinuityEquation"	RelError: 4.91427e-02	AbsError: 4.58085e+14
      Equation: "HoleContinuityEquation"	RelError: 1.86349e-01	AbsError: 4.14842e+13
      Equation: "PotentialEquation"	RelError: 5.71169e-02	AbsError: 4.68789e-05
    Region: "gate"	RelError: 9.14606e-07	AbsError: 4.10179e+13
      Equation: "ElectronContinuityEquation"	RelError: 4.09719e-07	AbsError: 4.10179e+13
      Equation: "HoleContinuityEquation"	RelError: 4.94212e-07	AbsError: 4.93659e-07
      Equation: "PotentialEquation"	RelError: 1.06741e-08	AbsError: 1.16999e-08
    Region: "oxide"	RelError: 1.58549e-05	AbsError: 1.86562e-05
      Equation: "PotentialEquation"	RelError: 1.58549e-05	AbsError: 1.86562e-05
Iteration: 2
  Device: "mos2d"	RelError: 1.54867e-03	AbsError: 7.43985e+10
    Region: "bulk"	RelError: 1.54867e-03	AbsError: 7.43985e+10
      Equation: "ElectronContinuityEquation"	RelError: 1.47080e-03	AbsError: 6.40067e+10
      Equation: "HoleContinuityEquation"	RelError: 7.17509e-05	AbsError: 1.03918e+10
      Equation: "PotentialEquation"	RelError: 6.12224e-06	AbsError: 7.14291e-09
    Region: "gate"	RelError: 7.48176e-11	AbsError: 3.71158e+09
      Equation: "ElectronContinuityEquation"	RelError: 3.70742e-11	AbsError: 3.71158e+09
      Equation: "HoleContinuityEquation"	RelError: 3.68699e-11	AbsError: 3.68286e-11
      Equation: "PotentialEquation"	RelError: 8.73490e-13	AbsError: 9.57436e-13
    Region: "oxide"	RelError: 1.48429e-09	AbsError: 1.74654e-09
      Equation: "PotentialEquation"	RelError: 1.48429e-09	AbsError: 1.74654e-09
Iteration: 3
  Device: "mos2d"	RelError: 3.80120e-08	AbsError: 8.15900e+03
    Region: "bulk"	RelError: 3.80120e-08	AbsError: 3.09992e+03
      Equation: "ElectronContinuityEquation"	RelError: 2.37880e-08	AbsError: 2.51888e+03
      Equation: "HoleContinuityEquation"	RelError: 1.42237e-08	AbsError: 5.81047e+02
      Equation: "PotentialEquation"	RelError: 2.32782e-13	AbsError: 4.10826e-16
    Region: "gate"	RelError: 3.66203e-16	AbsError: 8.15900e+03
      Equation: "ElectronContinuityEquation"	RelError: 8.15906e-17	AbsError: 8.15900e+03
      Equation: "HoleContinuityEquation"	RelError: 1.83306e-16	AbsError: 1.85280e-16
      Equation: "PotentialEquation"	RelError: 1.01306e-16	AbsError: 1.11039e-16
    Region: "oxide"	RelError: 1.45221e-16	AbsError: 1.24282e-16
      Equation: "PotentialEquation"	RelError: 1.45221e-16	AbsError: 1.24282e-16
Succeeded
IVPOINT	IDVD_VG1P0	5.00000000e-01	8.20000000e-01	9.87504482e-02
drain last end 8.200000e-01 2.000000e+00
number of equations 5543
Iteration: 0
  Device: "mos2d"	RelError: 1.72644e+01	AbsError: 3.03841e+16
    Region: "bulk"	RelError: 1.72530e+01	AbsError: 3.03841e+16
      Equation: "ElectronContinuityEquation"	RelError: 3.91880e-01	AbsError: 2.84764e+16
      Equation: "HoleContinuityEquation"	RelError: 1.03146e+00	AbsError: 1.90764e+15
      Equation: "PotentialEquation"	RelError: 1.58296e+01	AbsError: 2.00000e-02
    Region: "gate"	RelError: 6.15433e-04	AbsError: 3.03267e+16
      Equation: "ElectronContinuityEquation"	RelError: 3.04032e-04	AbsError: 3.03267e+16
      Equation: "HoleContinuityEquation"	RelError: 3.04217e-04	AbsError: 3.04985e-04
      Equation: "PotentialEquation"	RelError: 7.18328e-06	AbsError: 7.87294e-06
    Region: "oxide"	RelError: 1.07711e-02	AbsError: 1.28121e-02
      Equation: "PotentialEquation"	RelError: 1.07711e-02	AbsError: 1.28121e-02
Iteration: 1
  Device: "mos2d"	RelError: 2.60062e-01	AbsError: 4.28754e+14
    Region: "bulk"	RelError: 2.60048e-01	AbsError: 4.28754e+14
      Equation: "ElectronContinuityEquation"	RelError: 4.86926e-02	AbsError: 3.87633e+14
      Equation: "HoleContinuityEquation"	RelError: 1.84083e-01	AbsError: 4.11217e+13
      Equation: "PotentialEquation"	RelError: 2.72727e-02	AbsError: 4.69606e-05
    Region: "gate"	RelError: 7.79096e-07	AbsError: 3.43495e+13
      Equation: "ElectronContinuityEquation"	RelError: 3.43011e-07	AbsError: 3.43495e+13
      Equation: "HoleContinuityEquation"	RelError: 4.26993e-07	AbsError: 4.26391e-07
      Equation: "PotentialEquation"	RelError: 9.09251e-09	AbsError: 9.96640e-09
    Region: "oxide"	RelError: 1.30568e-05	AbsError: 1.55307e-05
      Equation: "PotentialEquation"	RelError: 1.30568e-05	AbsError: 1.55307e-05
Iteration: 2
  Device: "mos2d"	RelError: 1.76705e-03	AbsError: 6.33696e+10
    Region: "bulk"	RelError: 1.76705e-03	AbsError: 6.33696e+10
      Equation: "ElectronContinuityEquation"	RelError: 1.69892e-03	AbsError: 5.30583e+10
      Equation: "HoleContinuityEquation"	RelError: 6.62850e-05	AbsError: 1.03113e+10
      Equation: "PotentialEquation"	RelError: 1.83986e-06	AbsError: 7.11007e-09
    Region: "gate"	RelError: 5.44568e-11	AbsError: 2.70226e+09
      Equation: "ElectronContinuityEquation"	RelError: 2.69845e-11	AbsError: 2.70226e+09
      Equation: "HoleContinuityEquation"	RelError: 2.68366e-11	AbsError: 2.67987e-11
      Equation: "PotentialEquation"	RelError: 6.35719e-13	AbsError: 6.96818e-13
    Region: "oxide"	RelError: 1.05292e-09	AbsError: 1.25243e-09
      Equation: "PotentialEquation"	RelError: 1.05292e-09	AbsError: 1.25243e-09
Iteration: 3
  Device: "mos2d"	RelError: 2.25867e-08	AbsError: 8.12107e+03
    Region: "bulk"	RelError: 2.25867e-08	AbsError: 2.07574e+03
      Equation: "ElectronContinuityEquation"	RelError: 1.57577e-08	AbsError: 1.48516e+03
      Equation: "HoleContinuityEquation"	RelError: 6.82889e-09	AbsError: 5.90580e+02
      Equation: "PotentialEquation"	RelError: 8.07472e-14	AbsError: 4.13185e-16
    Region: "gate"	RelError: 4.22623e-16	AbsError: 8.12107e+03
      Equation: "ElectronContinuityEquation"	RelError: 8.12107e-17	AbsError: 8.12107e+03
      Equation: "HoleContinuityEquation"	RelError: 2.40114e-16	AbsError: 2.43574e-16
      Equation: "PotentialEquation"	RelError: 1.01298e-16	AbsError: 1.11031e-16
    Region: "oxide"	RelError: 1.79623e-16	AbsError: 1.21051e-16
      Equation: "PotentialEquation"	RelError: 1.79623e-16	AbsError: 1.21051e-16
Succeeded
IVPOINT	IDVD_VG1P0	5.00000000e-01	8.40000000e-01	9.91638938e-02
drain last end 8.400000e-01 2.000000e+00
number of equations 5543
Iteration: 0
  Device: "mos2d"	RelError: 8.40008e+00	AbsError: 3.04394e+16
    Region: "bulk"	RelError: 8.38883e+00	AbsError: 3.04394e+16
      Equation: "ElectronContinuityEquation"	RelError: 3.88653e-01	AbsError: 2.85260e+16
      Equation: "HoleContinuityEquation"	RelError: 1.01207e+00	AbsError: 1.91336e+15
      Equation: "PotentialEquation"	RelError: 6.98811e+00	AbsError: 2.00000e-02
    Region: "gate"	RelError: 6.14002e-04	AbsError: 3.02653e+16
      Equation: "ElectronContinuityEquation"	RelError: 3.03326e-04	AbsError: 3.02653e+16
      Equation: "HoleContinuityEquation"	RelError: 3.03510e-04	AbsError: 3.04184e-04
      Equation: "PotentialEquation"	RelError: 7.16652e-06	AbsError: 7.85463e-06
    Region: "oxide"	RelError: 1.06316e-02	AbsError: 1.27820e-02
      Equation: "PotentialEquation"	RelError: 1.06316e-02	AbsError: 1.27820e-02
Iteration: 1
  Device: "mos2d"	RelError: 2.42420e-01	AbsError: 3.94018e+14
    Region: "bulk"	RelError: 2.42409e-01	AbsError: 3.94018e+14
      Equation: "ElectronContinuityEquation"	RelError: 4.82021e-02	AbsError: 3.53598e+14
      Equation: "HoleContinuityEquation"	RelError: 1.81273e-01	AbsError: 4.04199e+13
      Equation: "PotentialEquation"	RelError: 1.29335e-02	AbsError: 4.69219e-05
    Region: "gate"	RelError: 6.67883e-07	AbsError: 2.88760e+13
      Equation: "ElectronContinuityEquation"	RelError: 2.88270e-07	AbsError: 2.88760e+13
      Equation: "HoleContinuityEquation"	RelError: 3.71818e-07	AbsError: 3.71187e-07
      Equation: "PotentialEquation"	RelError: 7.79451e-09	AbsError: 8.54371e-09
    Region: "oxide"	RelError: 1.07926e-05	AbsError: 1.29754e-05
      Equation: "PotentialEquation"	RelError: 1.07926e-05	AbsError: 1.29754e-05
Iteration: 2
  Device: "mos2d"	RelError: 1.93299e-03	AbsError: 5.33476e+10
    Region: "bulk"	RelError: 1.93299e-03	AbsError: 5.33476e+10
      Equation: "ElectronContinuityEquation"	RelError: 1.87146e-03	AbsError: 4.33173e+10
      Equation: "HoleContinuityEquation"	RelError: 6.07502e-05	AbsError: 1.00303e+10
      Equation: "PotentialEquation"	RelError: 7.81325e-07	AbsError: 6.99823e-09
    Region: "gate"	RelError: 4.02061e-11	AbsError: 1.99567e+09
      Equation: "ElectronContinuityEquation"	RelError: 1.99228e-11	AbsError: 1.99567e+09
      Equation: "HoleContinuityEquation"	RelError: 1.98139e-11	AbsError: 1.97803e-11
      Equation: "PotentialEquation"	RelError: 4.69318e-13	AbsError: 5.14429e-13
    Region: "oxide"	RelError: 7.59935e-10	AbsError: 9.13631e-10
      Equation: "PotentialEquation"	RelError: 7.59935e-10	AbsError: 9.13631e-10
Iteration: 3
  Device: "mos2d"	RelError: 3.95971e-08	AbsError: 8.17904e+03
    Region: "bulk"	RelError: 3.95971e-08	AbsError: 2.63963e+03
      Equation: "ElectronContinuityEquation"	RelError: 3.34590e-08	AbsError: 2.08061e+03
      Equation: "HoleContinuityEquation"	RelError: 6.13747e-09	AbsError: 5.59019e+02
      Equation: "PotentialEquation"	RelError: 6.30407e-13	AbsError: 4.12917e-16
    Region: "gate"	RelError: 3.31545e-16	AbsError: 8.17904e+03
      Equation: "ElectronContinuityEquation"	RelError: 8.17911e-17	AbsError: 8.17904e+03
      Equation: "HoleContinuityEquation"	RelError: 1.48352e-16	AbsError: 1.50941e-16
      Equation: "PotentialEquation"	RelError: 1.01401e-16	AbsError: 1.11143e-16
    Region: "oxide"	RelError: 2.31813e-16	AbsError: 1.33071e-16
      Equation: "PotentialEquation"	RelError: 2.31813e-16	AbsError: 1.33071e-16
Succeeded
IVPOINT	IDVD_VG1P0	5.00000000e-01	8.60000000e-01	9.95725527e-02
drain last end 8.600000e-01 2.000000e+00
number of equations 5543
Iteration: 0
  Device: "mos2d"	RelError: 3.41587e+00	AbsError: 3.04799e+16
    Region: "bulk"	RelError: 3.40476e+00	AbsError: 3.04799e+16
      Equation: "ElectronContinuityEquation"	RelError: 3.84890e-01	AbsError: 2.85650e+16
      Equation: "HoleContinuityEquation"	RelError: 9.77967e-01	AbsError: 1.91493e+15
      Equation: "PotentialEquation"	RelError: 2.04190e+00	AbsError: 2.00000e-02
    Region: "gate"	RelError: 6.12747e-04	AbsError: 3.02126e+16
      Equation: "ElectronContinuityEquation"	RelError: 3.02706e-04	AbsError: 3.02126e+16
      Equation: "HoleContinuityEquation"	RelError: 3.02889e-04	AbsError: 3.03470e-04
      Equation: "PotentialEquation"	RelError: 7.15182e-06	AbsError: 7.83858e-06
    Region: "oxide"	RelError: 1.04994e-02	AbsError: 1.27568e-02
      Equation: "PotentialEquation"	RelError: 1.04994e-02	AbsError: 1.27568e-02
Iteration: 1
  Device: "mos2d"	RelError: 2.29319e-01	AbsError: 3.60034e+14
    Region: "bulk"	RelError: 2.29309e-01	AbsError: 3.60034e+14
      Equation: "ElectronContinuityEquation"	RelError: 4.76566e-02	AbsError: 3.20631e+14
      Equation: "HoleContinuityEquation"	RelError: 1.76527e-01	AbsError: 3.94035e+13
      Equation: "PotentialEquation"	RelError: 5.12503e-03	AbsError: 4.67723e-05
    Region: "gate"	RelError: 5.76387e-07	AbsError: 2.43726e+13
      Equation: "ElectronContinuityEquation"	RelError: 2.43242e-07	AbsError: 2.43726e+13
      Equation: "HoleContinuityEquation"	RelError: 3.26419e-07	AbsError: 3.25770e-07
      Equation: "PotentialEquation"	RelError: 6.72665e-09	AbsError: 7.37325e-09
    Region: "oxide"	RelError: 8.95721e-06	AbsError: 1.08830e-05
      Equation: "PotentialEquation"	RelError: 8.95721e-06	AbsError: 1.08830e-05
Iteration: 2
  Device: "mos2d"	RelError: 2.00350e-03	AbsError: 4.44852e+10
    Region: "bulk"	RelError: 2.00350e-03	AbsError: 4.44852e+10
      Equation: "ElectronContinuityEquation"	RelError: 1.94776e-03	AbsError: 3.49144e+10
      Equation: "HoleContinuityEquation"	RelError: 5.52041e-05	AbsError: 9.57073e+09
      Equation: "PotentialEquation"	RelError: 5.38082e-07	AbsError: 6.82088e-09
    Region: "gate"	RelError: 2.99811e-11	AbsError: 1.48856e+09
      Equation: "ElectronContinuityEquation"	RelError: 1.48561e-11	AbsError: 1.48856e+09
      Equation: "HoleContinuityEquation"	RelError: 1.47750e-11	AbsError: 1.47456e-11
      Equation: "PotentialEquation"	RelError: 3.50109e-13	AbsError: 3.83764e-13
    Region: "oxide"	RelError: 5.55845e-10	AbsError: 6.75348e-10
      Equation: "PotentialEquation"	RelError: 5.55845e-10	AbsError: 6.75348e-10
Iteration: 3
  Device: "mos2d"	RelError: 4.40654e-07	AbsError: 8.12165e+03
    Region: "bulk"	RelError: 4.40654e-07	AbsError: 2.63751e+03
      Equation: "ElectronContinuityEquation"	RelError: 4.28299e-07	AbsError: 2.11105e+03
      Equation: "HoleContinuityEquation"	RelError: 1.23552e-08	AbsError: 5.26460e+02
      Equation: "PotentialEquation"	RelError: 3.29546e-14	AbsError: 4.78117e-16
    Region: "gate"	RelError: 3.46880e-16	AbsError: 8.12165e+03
      Equation: "ElectronContinuityEquation"	RelError: 8.12165e-17	AbsError: 8.12165e+03
      Equation: "HoleContinuityEquation"	RelError: 1.64313e-16	AbsError: 1.66889e-16
      Equation: "PotentialEquation"	RelError: 1.01350e-16	AbsError: 1.11088e-16
    Region: "oxide"	RelError: 1.46224e-16	AbsError: 1.16656e-16
      Equation: "PotentialEquation"	RelError: 1.46224e-16	AbsError: 1.16656e-16
Succeeded
IVPOINT	IDVD_VG1P0	5.00000000e-01	8.80000000e-01	9.99765824e-02
drain last end 8.800000e-01 2.000000e+00
number of equations 5543
Iteration: 0
  Device: "mos2d"	RelError: 3.26713e+00	AbsError: 3.05065e+16
    Region: "bulk"	RelError: 3.25614e+00	AbsError: 3.05065e+16
      Equation: "ElectronContinuityEquation"	RelError: 3.80408e-01	AbsError: 2.85944e+16
      Equation: "HoleContinuityEquation"	RelError: 9.34645e-01	AbsError: 1.91210e+15
      Equation: "PotentialEquation"	RelError: 1.94109e+00	AbsError: 2.00000e-02
    Region: "gate"	RelError: 6.11640e-04	AbsError: 3.01672e+16
      Equation: "ElectronContinuityEquation"	RelError: 3.02159e-04	AbsError: 3.01672e+16
      Equation: "HoleContinuityEquation"	RelError: 3.02342e-04	AbsError: 3.02830e-04
      Equation: "PotentialEquation"	RelError: 7.13885e-06	AbsError: 7.82442e-06
    Region: "oxide"	RelError: 1.03733e-02	AbsError: 1.27356e-02
      Equation: "PotentialEquation"	RelError: 1.03733e-02	AbsError: 1.27356e-02
Iteration: 1
  Device: "mos2d"	RelError: 2.20310e-01	AbsError: 3.27314e+14
    Region: "bulk"	RelError: 2.20302e-01	AbsError: 3.27314e+14
      Equation: "ElectronContinuityEquation"	RelError: 4.70388e-02	AbsError: 2.89209e+14
      Equation: "HoleContinuityEquation"	RelError: 1.68519e-01	AbsError: 3.81045e+13
      Equation: "PotentialEquation"	RelError: 4.74391e-03	AbsError: 4.65244e-05
    Region: "gate"	RelError: 5.05029e-07	AbsError: 2.06552e+13
      Equation: "ElectronContinuityEquation"	RelError: 2.06083e-07	AbsError: 2.06552e+13
      Equation: "HoleContinuityEquation"	RelError: 2.93101e-07	AbsError: 2.93575e-07
      Equation: "PotentialEquation"	RelError: 5.84523e-09	AbsError: 6.40715e-09
    Region: "oxide"	RelError: 7.46526e-06	AbsError: 9.16525e-06
      Equation: "PotentialEquation"	RelError: 7.46526e-06	AbsError: 9.16525e-06
Iteration: 2
  Device: "mos2d"	RelError: 1.95033e-03	AbsError: 3.67976e+10
    Region: "bulk"	RelError: 1.95033e-03	AbsError: 3.67976e+10
      Equation: "ElectronContinuityEquation"	RelError: 1.90007e-03	AbsError: 2.78357e+10
      Equation: "HoleContinuityEquation"	RelError: 4.97531e-05	AbsError: 8.96192e+09
      Equation: "PotentialEquation"	RelError: 5.01916e-07	AbsError: 6.59522e-09
    Region: "gate"	RelError: 2.24791e-11	AbsError: 1.11643e+09
      Equation: "ElectronContinuityEquation"	RelError: 1.11389e-11	AbsError: 1.11643e+09
      Equation: "HoleContinuityEquation"	RelError: 1.10777e-11	AbsError: 1.10525e-11
      Equation: "PotentialEquation"	RelError: 2.62447e-13	AbsError: 2.87677e-13
    Region: "oxide"	RelError: 4.10231e-10	AbsError: 5.03650e-10
      Equation: "PotentialEquation"	RelError: 4.10231e-10	AbsError: 5.03650e-10
Iteration: 3
  Device: "mos2d"	RelError: 5.56318e-07	AbsError: 8.13713e+03
    Region: "bulk"	RelError: 5.56318e-07	AbsError: 1.96961e+03
      Equation: "ElectronContinuityEquation"	RelError: 5.49542e-07	AbsError: 1.49837e+03
      Equation: "HoleContinuityEquation"	RelError: 6.77552e-09	AbsError: 4.71242e+02
      Equation: "PotentialEquation"	RelError: 1.89275e-14	AbsError: 3.08691e-16
    Region: "gate"	RelError: 4.28626e-16	AbsError: 8.13713e+03
      Equation: "ElectronContinuityEquation"	RelError: 8.13713e-17	AbsError: 8.13713e+03
      Equation: "HoleContinuityEquation"	RelError: 2.45964e-16	AbsError: 2.48599e-16
      Equation: "PotentialEquation"	RelError: 1.01291e-16	AbsError: 1.11022e-16
    Region: "oxide"	RelError: 1.37544e-16	AbsError: 1.13735e-16
      Equation: "PotentialEquation"	RelError: 1.37544e-16	AbsError: 1.13735e-16
Succeeded
IVPOINT	IDVD_VG1P0	5.00000000e-01	9.00000000e-01	1.00376128e-01
drain last end 9.000000e-01 2.000000e+00
number of equations 5543
Iteration: 0
  Device: "mos2d"	RelError: 1.96013e+00	AbsError: 3.05199e+16
    Region: "bulk"	RelError: 1.94927e+00	AbsError: 3.05199e+16
      Equation: "ElectronContinuityEquation"	RelError: 3.74967e-01	AbsError: 2.86152e+16
      Equation: "HoleContinuityEquation"	RelError: 9.14283e-01	AbsError: 1.90465e+15
      Equation: "PotentialEquation"	RelError: 6.60020e-01	AbsError: 2.00000e-02
    Region: "gate"	RelError: 6.10658e-04	AbsError: 3.01278e+16
      Equation: "ElectronContinuityEquation"	RelError: 3.01674e-04	AbsError: 3.01278e+16
      Equation: "HoleContinuityEquation"	RelError: 3.01856e-04	AbsError: 3.02253e-04
      Equation: "PotentialEquation"	RelError: 7.12734e-06	AbsError: 7.81185e-06
    Region: "oxide"	RelError: 1.02527e-02	AbsError: 1.27178e-02
      Equation: "PotentialEquation"	RelError: 1.02527e-02	AbsError: 1.27178e-02
Iteration: 1
  Device: "mos2d"	RelError: 2.09292e-01	AbsError: 2.96219e+14
    Region: "bulk"	RelError: 2.09285e-01	AbsError: 2.96219e+14
      Equation: "ElectronContinuityEquation"	RelError: 4.63247e-02	AbsError: 2.59659e+14
      Equation: "HoleContinuityEquation"	RelError: 1.61369e-01	AbsError: 3.65602e+13
      Equation: "PotentialEquation"	RelError: 1.59204e-03	AbsError: 4.62844e-05
    Region: "gate"	RelError: 4.46588e-07	AbsError: 1.75750e+13
      Equation: "ElectronContinuityEquation"	RelError: 1.75300e-07	AbsError: 1.75750e+13
      Equation: "HoleContinuityEquation"	RelError: 2.66079e-07	AbsError: 2.66429e-07
      Equation: "PotentialEquation"	RelError: 5.20887e-09	AbsError: 5.70913e-09
    Region: "oxide"	RelError: 6.24822e-06	AbsError: 7.75048e-06
      Equation: "PotentialEquation"	RelError: 6.24822e-06	AbsError: 7.75048e-06
Iteration: 2
  Device: "mos2d"	RelError: 1.77101e-03	AbsError: 3.02225e+10
    Region: "bulk"	RelError: 1.77101e-03	AbsError: 3.02225e+10
      Equation: "ElectronContinuityEquation"	RelError: 1.72642e-03	AbsError: 2.19842e+10
      Equation: "HoleContinuityEquation"	RelError: 4.44239e-05	AbsError: 8.23836e+09
      Equation: "PotentialEquation"	RelError: 1.70041e-07	AbsError: 6.98229e-09
    Region: "gate"	RelError: 1.68765e-11	AbsError: 8.38464e+08
      Equation: "ElectronContinuityEquation"	RelError: 8.36319e-12	AbsError: 8.38464e+08
      Equation: "HoleContinuityEquation"	RelError: 8.31635e-12	AbsError: 8.29507e-12
      Equation: "PotentialEquation"	RelError: 1.96992e-13	AbsError: 2.15931e-13
    Region: "oxide"	RelError: 3.04212e-10	AbsError: 3.77354e-10
      Equation: "PotentialEquation"	RelError: 3.04212e-10	AbsError: 3.77354e-10
Iteration: 3
  Device: "mos2d"	RelError: 7.64142e-08	AbsError: 8.07053e+03
    Region: "bulk"	RelError: 7.64142e-08	AbsError: 1.58412e+03
      Equation: "ElectronContinuityEquation"	RelError: 6.76391e-08	AbsError: 1.18482e+03
      Equation: "HoleContinuityEquation"	RelError: 8.77508e-09	AbsError: 3.99293e+02
      Equation: "PotentialEquation"	RelError: 3.11802e-14	AbsError: 2.93077e-16
    Region: "gate"	RelError: 3.86874e-16	AbsError: 8.07053e+03
      Equation: "ElectronContinuityEquation"	RelError: 8.14587e-17	AbsError: 8.07053e+03
      Equation: "HoleContinuityEquation"	RelError: 2.04054e-16	AbsError: 2.08267e-16
      Equation: "PotentialEquation"	RelError: 1.01361e-16	AbsError: 1.11099e-16
    Region: "oxide"	RelError: 1.39180e-16	AbsError: 1.17683e-16
      Equation: "PotentialEquation"	RelError: 1.39180e-16	AbsError: 1.17683e-16
Succeeded
IVPOINT	IDVD_VG1P0	5.00000000e-01	9.20000000e-01	1.00771326e-01
drain last end 9.200000e-01 2.000000e+00
number of equations 5543
Iteration: 0
  Device: "mos2d"	RelError: 1.97310e+00	AbsError: 3.05207e+16
    Region: "bulk"	RelError: 1.96236e+00	AbsError: 3.05207e+16
      Equation: "ElectronContinuityEquation"	RelError: 3.68254e-01	AbsError: 2.86284e+16
      Equation: "HoleContinuityEquation"	RelError: 8.80577e-01	AbsError: 1.89236e+15
      Equation: "PotentialEquation"	RelError: 7.13526e-01	AbsError: 2.00000e-02
    Region: "gate"	RelError: 6.09781e-04	AbsError: 3.00937e+16
      Equation: "ElectronContinuityEquation"	RelError: 3.01241e-04	AbsError: 3.00937e+16
      Equation: "HoleContinuityEquation"	RelError: 3.01423e-04	AbsError: 3.01728e-04
      Equation: "PotentialEquation"	RelError: 7.11706e-06	AbsError: 7.80064e-06
    Region: "oxide"	RelError: 1.01367e-02	AbsError: 1.27027e-02
      Equation: "PotentialEquation"	RelError: 1.01367e-02	AbsError: 1.27027e-02
Iteration: 1
  Device: "mos2d"	RelError: 2.03153e-01	AbsError: 2.68704e+14
    Region: "bulk"	RelError: 2.03147e-01	AbsError: 2.68704e+14
      Equation: "ElectronContinuityEquation"	RelError: 4.54845e-02	AbsError: 2.32177e+14
      Equation: "HoleContinuityEquation"	RelError: 1.56572e-01	AbsError: 3.65273e+13
      Equation: "PotentialEquation"	RelError: 1.09049e-03	AbsError: 4.73813e-05
    Region: "gate"	RelError: 4.00005e-07	AbsError: 1.52114e+13
      Equation: "ElectronContinuityEquation"	RelError: 1.52268e-07	AbsError: 1.52114e+13
      Equation: "HoleContinuityEquation"	RelError: 2.43069e-07	AbsError: 2.43315e-07
      Equation: "PotentialEquation"	RelError: 4.66845e-09	AbsError: 5.11685e-09
    Region: "oxide"	RelError: 5.25155e-06	AbsError: 6.58086e-06
      Equation: "PotentialEquation"	RelError: 5.25155e-06	AbsError: 6.58086e-06
Iteration: 2
  Device: "mos2d"	RelError: 1.49425e-03	AbsError: 2.61750e+10
    Region: "bulk"	RelError: 1.49425e-03	AbsError: 2.61750e+10
      Equation: "ElectronContinuityEquation"	RelError: 1.45484e-03	AbsError: 1.72214e+10
      Equation: "HoleContinuityEquation"	RelError: 3.93054e-05	AbsError: 8.95363e+09
      Equation: "PotentialEquation"	RelError: 1.02112e-07	AbsError: 7.68428e-09
    Region: "gate"	RelError: 1.26404e-11	AbsError: 6.28246e+08
      Equation: "ElectronContinuityEquation"	RelError: 6.26458e-12	AbsError: 6.28246e+08
      Equation: "HoleContinuityEquation"	RelError: 6.22817e-12	AbsError: 6.21045e-12
      Equation: "PotentialEquation"	RelError: 1.47619e-13	AbsError: 1.61813e-13
    Region: "oxide"	RelError: 2.25821e-10	AbsError: 2.82983e-10
      Equation: "PotentialEquation"	RelError: 2.25821e-10	AbsError: 2.82983e-10
Iteration: 3
  Device: "mos2d"	RelError: 1.97219e-08	AbsError: 8.09684e+03
    Region: "bulk"	RelError: 1.97219e-08	AbsError: 1.68282e+03
      Equation: "ElectronContinuityEquation"	RelError: 1.39733e-08	AbsError: 1.22547e+03
      Equation: "HoleContinuityEquation"	RelError: 5.74854e-09	AbsError: 4.57357e+02
      Equation: "PotentialEquation"	RelError: 1.94666e-14	AbsError: 4.27975e-16
    Region: "gate"	RelError: 4.57342e-16	AbsError: 8.09684e+03
      Equation: "ElectronContinuityEquation"	RelError: 8.09684e-17	AbsError: 8.09684e+03
      Equation: "HoleContinuityEquation"	RelError: 2.74282e-16	AbsError: 2.78993e-16
      Equation: "PotentialEquation"	RelError: 1.02091e-16	AbsError: 1.11899e-16
    Region: "oxide"	RelError: 1.37570e-16	AbsError: 1.18152e-16
      Equation: "PotentialEquation"	RelError: 1.37570e-16	AbsError: 1.18152e-16
Succeeded
IVPOINT	IDVD_VG1P0	5.00000000e-01	9.40000000e-01	1.01162301e-01
drain last end 9.400000e-01 2.000000e+00
number of equations 5543
Iteration: 0
  Device: "mos2d"	RelError: 3.75498e+00	AbsError: 3.05096e+16
    Region: "bulk"	RelError: 3.74435e+00	AbsError: 3.05096e+16
      Equation: "ElectronContinuityEquation"	RelError: 3.59875e-01	AbsError: 2.86346e+16
      Equation: "HoleContinuityEquation"	RelError: 8.57351e-01	AbsError: 1.87504e+15
      Equation: "PotentialEquation"	RelError: 2.52712e+00	AbsError: 2.00000e-02
    Region: "gate"	RelError: 6.08995e-04	AbsError: 3.00639e+16
      Equation: "ElectronContinuityEquation"	RelError: 3.00853e-04	AbsError: 3.00639e+16
      Equation: "HoleContinuityEquation"	RelError: 3.01034e-04	AbsError: 3.01248e-04
      Equation: "PotentialEquation"	RelError: 7.10783e-06	AbsError: 7.79059e-06
    Region: "oxide"	RelError: 1.00251e-02	AbsError: 1.26899e-02
      Equation: "PotentialEquation"	RelError: 1.00251e-02	AbsError: 1.26899e-02
Iteration: 1
  Device: "mos2d"	RelError: 1.97210e-01	AbsError: 2.44586e+14
    Region: "bulk"	RelError: 1.97205e-01	AbsError: 2.44586e+14
      Equation: "ElectronContinuityEquation"	RelError: 4.44808e-02	AbsError: 2.06856e+14
      Equation: "HoleContinuityEquation"	RelError: 1.48886e-01	AbsError: 3.77298e+13
      Equation: "PotentialEquation"	RelError: 3.83803e-03	AbsError: 4.83677e-05
    Region: "gate"	RelError: 3.60433e-07	AbsError: 1.32736e+13
      Equation: "ElectronContinuityEquation"	RelError: 1.32830e-07	AbsError: 1.32736e+13
      Equation: "HoleContinuityEquation"	RelError: 2.23397e-07	AbsError: 2.23556e-07
      Equation: "PotentialEquation"	RelError: 4.20656e-09	AbsError: 4.61062e-09
    Region: "oxide"	RelError: 4.43198e-06	AbsError: 5.61005e-06
      Equation: "PotentialEquation"	RelError: 4.43198e-06	AbsError: 5.61005e-06
Iteration: 2
  Device: "mos2d"	RelError: 1.51153e-03	AbsError: 2.31288e+10
    Region: "bulk"	RelError: 1.51153e-03	AbsError: 2.31288e+10
      Equation: "ElectronContinuityEquation"	RelError: 1.47520e-03	AbsError: 1.33946e+10
      Equation: "HoleContinuityEquation"	RelError: 3.61549e-05	AbsError: 9.73421e+09
      Equation: "PotentialEquation"	RelError: 1.74998e-07	AbsError: 8.35781e-09
    Region: "gate"	RelError: 9.41325e-12	AbsError: 4.68066e+08
      Equation: "ElectronContinuityEquation"	RelError: 4.66601e-12	AbsError: 4.68066e+08
      Equation: "HoleContinuityEquation"	RelError: 4.63739e-12	AbsError: 4.62287e-12
      Equation: "PotentialEquation"	RelError: 1.09860e-13	AbsError: 1.20424e-13
    Region: "oxide"	RelError: 1.67253e-10	AbsError: 2.11711e-10
      Equation: "PotentialEquation"	RelError: 1.67253e-10	AbsError: 2.11711e-10
Iteration: 3
  Device: "mos2d"	RelError: 2.74038e-08	AbsError: 8.51500e+03
    Region: "bulk"	RelError: 2.74038e-08	AbsError: 2.07668e+03
      Equation: "ElectronContinuityEquation"	RelError: 1.94700e-08	AbsError: 1.51609e+03
      Equation: "HoleContinuityEquation"	RelError: 7.93377e-09	AbsError: 5.60587e+02
      Equation: "PotentialEquation"	RelError: 2.12161e-14	AbsError: 4.33272e-16
    Region: "gate"	RelError: 4.15093e-16	AbsError: 8.51500e+03
      Equation: "ElectronContinuityEquation"	RelError: 8.66353e-17	AbsError: 8.51500e+03
      Equation: "HoleContinuityEquation"	RelError: 2.27127e-16	AbsError: 2.30577e-16
      Equation: "PotentialEquation"	RelError: 1.01330e-16	AbsError: 1.11066e-16
    Region: "oxide"	RelError: 1.78084e-16	AbsError: 1.13182e-16
      Equation: "PotentialEquation"	RelError: 1.78084e-16	AbsError: 1.13182e-16
Succeeded
IVPOINT	IDVD_VG1P0	5.00000000e-01	9.60000000e-01	1.01549174e-01
drain last end 9.600000e-01 2.000000e+00
number of equations 5543
Iteration: 0
  Device: "mos2d"	RelError: 2.86938e+00	AbsError: 3.04871e+16
    Region: "bulk"	RelError: 2.85885e+00	AbsError: 3.04871e+16
      Equation: "ElectronContinuityEquation"	RelError: 3.49345e-01	AbsError: 2.86346e+16
      Equation: "HoleContinuityEquation"	RelError: 8.62041e-01	AbsError: 1.85253e+15
      Equation: "PotentialEquation"	RelError: 1.64746e+00	AbsError: 2.00000e-02
    Region: "gate"	RelError: 6.08286e-04	AbsError: 3.00380e+16
      Equation: "ElectronContinuityEquation"	RelError: 3.00503e-04	AbsError: 3.00380e+16
      Equation: "HoleContinuityEquation"	RelError: 3.00684e-04	AbsError: 3.00807e-04
      Equation: "PotentialEquation"	RelError: 7.09951e-06	AbsError: 7.78152e-06
    Region: "oxide"	RelError: 9.91713e-03	AbsError: 1.26790e-02
      Equation: "PotentialEquation"	RelError: 9.91713e-03	AbsError: 1.26790e-02
Iteration: 1
  Device: "mos2d"	RelError: 1.92137e-01	AbsError: 2.22348e+14
    Region: "bulk"	RelError: 1.92133e-01	AbsError: 2.22348e+14
      Equation: "ElectronContinuityEquation"	RelError: 4.32692e-02	AbsError: 1.83715e+14
      Equation: "HoleContinuityEquation"	RelError: 1.46178e-01	AbsError: 3.86337e+13
      Equation: "PotentialEquation"	RelError: 2.68645e-03	AbsError: 4.92178e-05
    Region: "gate"	RelError: 3.26494e-07	AbsError: 1.16116e+13
      Equation: "ElectronContinuityEquation"	RelError: 1.16164e-07	AbsError: 1.16116e+13
      Equation: "HoleContinuityEquation"	RelError: 2.06520e-07	AbsError: 2.06605e-07
      Equation: "PotentialEquation"	RelError: 3.81041e-09	AbsError: 4.17646e-09
    Region: "oxide"	RelError: 3.75525e-06	AbsError: 4.80104e-06
      Equation: "PotentialEquation"	RelError: 3.75525e-06	AbsError: 4.80104e-06
Iteration: 2
  Device: "mos2d"	RelError: 1.58436e-03	AbsError: 2.07407e+10
    Region: "bulk"	RelError: 1.58436e-03	AbsError: 2.07407e+10
      Equation: "ElectronContinuityEquation"	RelError: 1.54848e-03	AbsError: 1.03534e+10
      Equation: "HoleContinuityEquation"	RelError: 3.56202e-05	AbsError: 1.03873e+10
      Equation: "PotentialEquation"	RelError: 2.59950e-07	AbsError: 8.97973e-09
    Region: "gate"	RelError: 6.94615e-12	AbsError: 3.45571e+08
      Equation: "ElectronContinuityEquation"	RelError: 3.44390e-12	AbsError: 3.45571e+08
      Equation: "HoleContinuityEquation"	RelError: 3.42114e-12	AbsError: 3.40945e-12
      Equation: "PotentialEquation"	RelError: 8.11096e-14	AbsError: 8.89093e-14
    Region: "oxide"	RelError: 1.23228e-10	AbsError: 1.57546e-10
      Equation: "PotentialEquation"	RelError: 1.23228e-10	AbsError: 1.57546e-10
Iteration: 3
  Device: "mos2d"	RelError: 2.01308e-08	AbsError: 8.03505e+03
    Region: "bulk"	RelError: 2.01308e-08	AbsError: 2.23549e+03
      Equation: "ElectronContinuityEquation"	RelError: 1.50601e-08	AbsError: 1.52135e+03
      Equation: "HoleContinuityEquation"	RelError: 5.07063e-09	AbsError: 7.14141e+02
      Equation: "PotentialEquation"	RelError: 2.86021e-14	AbsError: 5.29034e-16
    Region: "gate"	RelError: 4.06657e-16	AbsError: 8.03505e+03
      Equation: "ElectronContinuityEquation"	RelError: 8.14261e-17	AbsError: 8.03505e+03
      Equation: "HoleContinuityEquation"	RelError: 2.23920e-16	AbsError: 2.27194e-16
      Equation: "PotentialEquation"	RelError: 1.01310e-16	AbsError: 1.11044e-16
    Region: "oxide"	RelError: 1.31145e-16	AbsError: 1.35117e-16
      Equation: "PotentialEquation"	RelError: 1.31145e-16	AbsError: 1.35117e-16
Succeeded
IVPOINT	IDVD_VG1P0	5.00000000e-01	9.80000000e-01	1.01932054e-01
drain last end 9.800000e-01 2.000000e+00
number of equations 5543
Iteration: 0
  Device: "mos2d"	RelError: 3.12898e+01	AbsError: 3.04537e+16
    Region: "bulk"	RelError: 3.12794e+01	AbsError: 3.04537e+16
      Equation: "ElectronContinuityEquation"	RelError: 3.36109e-01	AbsError: 2.86290e+16
      Equation: "HoleContinuityEquation"	RelError: 8.66548e-01	AbsError: 1.82471e+15
      Equation: "PotentialEquation"	RelError: 3.00768e+01	AbsError: 2.00000e-02
    Region: "gate"	RelError: 6.07643e-04	AbsError: 3.00152e+16
      Equation: "ElectronContinuityEquation"	RelError: 3.00186e-04	AbsError: 3.00152e+16
      Equation: "HoleContinuityEquation"	RelError: 3.00366e-04	AbsError: 3.00399e-04
      Equation: "PotentialEquation"	RelError: 7.09196e-06	AbsError: 7.77329e-06
    Region: "oxide"	RelError: 9.81260e-03	AbsError: 1.26696e-02
      Equation: "PotentialEquation"	RelError: 9.81260e-03	AbsError: 1.26696e-02
Iteration: 1
  Device: "mos2d"	RelError: 2.79615e-01	AbsError: 2.01932e+14
    Region: "bulk"	RelError: 2.79611e-01	AbsError: 2.01932e+14
      Equation: "ElectronContinuityEquation"	RelError: 4.17969e-02	AbsError: 1.62709e+14
      Equation: "HoleContinuityEquation"	RelError: 1.47168e-01	AbsError: 3.92225e+13
      Equation: "PotentialEquation"	RelError: 9.06470e-02	AbsError: 4.99069e-05
    Region: "gate"	RelError: 2.97299e-07	AbsError: 1.01821e+13
      Equation: "ElectronContinuityEquation"	RelError: 1.01832e-07	AbsError: 1.01821e+13
      Equation: "HoleContinuityEquation"	RelError: 1.91998e-07	AbsError: 1.92019e-07
      Equation: "PotentialEquation"	RelError: 3.46964e-09	AbsError: 3.80298e-09
    Region: "oxide"	RelError: 3.19421e-06	AbsError: 4.12421e-06
      Equation: "PotentialEquation"	RelError: 3.19421e-06	AbsError: 4.12421e-06
Iteration: 2
  Device: "mos2d"	RelError: 1.58378e-03	AbsError: 1.88473e+10
    Region: "bulk"	RelError: 1.58378e-03	AbsError: 1.88473e+10
      Equation: "ElectronContinuityEquation"	RelError: 1.53929e-03	AbsError: 7.95903e+09
      Equation: "HoleContinuityEquation"	RelError: 3.50160e-05	AbsError: 1.08882e+10
      Equation: "PotentialEquation"	RelError: 9.47343e-06	AbsError: 9.52723e-09
    Region: "gate"	RelError: 5.06005e-12	AbsError: 2.51900e+08
      Equation: "ElectronContinuityEquation"	RelError: 2.50968e-12	AbsError: 2.51900e+08
      Equation: "HoleContinuityEquation"	RelError: 2.49117e-12	AbsError: 2.48195e-12
      Equation: "PotentialEquation"	RelError: 5.91972e-14	AbsError: 6.48902e-14
    Region: "oxide"	RelError: 9.00515e-11	AbsError: 1.16270e-10
      Equation: "PotentialEquation"	RelError: 9.00515e-11	AbsError: 1.16270e-10
Iteration: 3
  Device: "mos2d"	RelError: 3.95930e-08	AbsError: 8.06730e+03
    Region: "bulk"	RelError: 3.95930e-08	AbsError: 2.54063e+03
      Equation: "ElectronContinuityEquation"	RelError: 3.21181e-08	AbsError: 1.77582e+03
      Equation: "HoleContinuityEquation"	RelError: 7.47444e-09	AbsError: 7.64806e+02
      Equation: "PotentialEquation"	RelError: 5.44087e-13	AbsError: 6.06439e-16
    Region: "gate"	RelError: 3.77994e-16	AbsError: 8.06730e+03
      Equation: "ElectronContinuityEquation"	RelError: 8.12536e-17	AbsError: 8.06730e+03
      Equation: "HoleContinuityEquation"	RelError: 1.95395e-16	AbsError: 1.98110e-16
      Equation: "PotentialEquation"	RelError: 1.01345e-16	AbsError: 1.11082e-16
    Region: "oxide"	RelError: 1.39006e-16	AbsError: 1.23955e-16
      Equation: "PotentialEquation"	RelError: 1.39006e-16	AbsError: 1.23955e-16
Succeeded
IVPOINT	IDVD_VG1P0	5.00000000e-01	1.00000000e+00	1.02311048e-01
drain last end 1.000000e+00 2.000000e+00
number of equations 5543
Iteration: 0
  Device: "mos2d"	RelError: 2.57756e+00	AbsError: 3.04099e+16
    Region: "bulk"	RelError: 2.56724e+00	AbsError: 3.04099e+16
      Equation: "ElectronContinuityEquation"	RelError: 3.19577e-01	AbsError: 2.86184e+16
      Equation: "HoleContinuityEquation"	RelError: 8.70779e-01	AbsError: 1.79152e+15
      Equation: "PotentialEquation"	RelError: 1.37688e+00	AbsError: 2.00000e-02
    Region: "gate"	RelError: 6.07058e-04	AbsError: 2.99953e+16
      Equation: "ElectronContinuityEquation"	RelError: 2.99896e-04	AbsError: 2.99953e+16
      Equation: "HoleContinuityEquation"	RelError: 3.00076e-04	AbsError: 3.00019e-04
      Equation: "PotentialEquation"	RelError: 7.08507e-06	AbsError: 7.76580e-06
    Region: "oxide"	RelError: 9.71117e-03	AbsError: 1.26615e-02
      Equation: "PotentialEquation"	RelError: 9.71117e-03	AbsError: 1.26615e-02
Iteration: 1
  Device: "mos2d"	RelError: 1.90947e-01	AbsError: 1.83240e+14
    Region: "bulk"	RelError: 1.90944e-01	AbsError: 1.83240e+14
      Equation: "ElectronContinuityEquation"	RelError: 4.00072e-02	AbsError: 1.43755e+14
      Equation: "HoleContinuityEquation"	RelError: 1.48116e-01	AbsError: 3.94846e+13
      Equation: "PotentialEquation"	RelError: 2.82095e-03	AbsError: 5.04127e-05
    Region: "gate"	RelError: 2.72122e-07	AbsError: 8.94940e+12
      Equation: "ElectronContinuityEquation"	RelError: 8.94770e-08	AbsError: 8.94940e+12
      Equation: "HoleContinuityEquation"	RelError: 1.79469e-07	AbsError: 1.79435e-07
      Equation: "PotentialEquation"	RelError: 3.17577e-09	AbsError: 3.48089e-09
    Region: "oxide"	RelError: 2.72729e-06	AbsError: 3.55586e-06
      Equation: "PotentialEquation"	RelError: 2.72729e-06	AbsError: 3.55586e-06
Iteration: 2
  Device: "mos2d"	RelError: 1.47840e-03	AbsError: 1.73041e+10
    Region: "bulk"	RelError: 1.47840e-03	AbsError: 1.73041e+10
      Equation: "ElectronContinuityEquation"	RelError: 1.44217e-03	AbsError: 6.08917e+09
      Equation: "HoleContinuityEquation"	RelError: 3.59117e-05	AbsError: 1.12149e+10
      Equation: "PotentialEquation"	RelError: 3.17111e-07	AbsError: 9.97946e-09
    Region: "gate"	RelError: 3.62067e-12	AbsError: 1.80390e+08
      Equation: "ElectronContinuityEquation"	RelError: 1.79671e-12	AbsError: 1.80390e+08
      Equation: "HoleContinuityEquation"	RelError: 1.78155e-12	AbsError: 1.77445e-12
      Equation: "PotentialEquation"	RelError: 4.24013e-14	AbsError: 4.64793e-14
    Region: "oxide"	RelError: 6.50519e-11	AbsError: 8.48153e-11
      Equation: "PotentialEquation"	RelError: 6.50519e-11	AbsError: 8.48153e-11
Iteration: 3
  Device: "mos2d"	RelError: 1.69497e-06	AbsError: 8.11739e+03
    Region: "bulk"	RelError: 1.69497e-06	AbsError: 2.54668e+03
      Equation: "ElectronContinuityEquation"	RelError: 1.68356e-06	AbsError: 1.73202e+03
      Equation: "HoleContinuityEquation"	RelError: 1.14161e-08	AbsError: 8.14661e+02
      Equation: "PotentialEquation"	RelError: 1.44779e-14	AbsError: 6.61220e-16
    Region: "gate"	RelError: 3.70939e-16	AbsError: 8.11739e+03
      Equation: "ElectronContinuityEquation"	RelError: 8.11739e-17	AbsError: 8.11739e+03
      Equation: "HoleContinuityEquation"	RelError: 1.88458e-16	AbsError: 1.91214e-16
      Equation: "PotentialEquation"	RelError: 1.01307e-16	AbsError: 1.11040e-16
    Region: "oxide"	RelError: 1.45741e-16	AbsError: 1.04414e-16
      Equation: "PotentialEquation"	RelError: 1.45741e-16	AbsError: 1.04414e-16
Succeeded
IVPOINT	IDVD_VG1P0	5.00000000e-01	1.02000000e+00	1.02686256e-01
drain last end 1.020000e+00 2.000000e+00
number of equations 5543
Iteration: 0
  Device: "mos2d"	RelError: 1.76350e+00	AbsError: 3.03562e+16
    Region: "bulk"	RelError: 1.75328e+00	AbsError: 3.03562e+16
      Equation: "ElectronContinuityEquation"	RelError: 2.99221e-01	AbsError: 2.86032e+16
      Equation: "HoleContinuityEquation"	RelError: 8.74569e-01	AbsError: 1.75292e+15
      Equation: "PotentialEquation"	RelError: 5.79486e-01	AbsError: 2.00000e-02
    Region: "gate"	RelError: 6.06521e-04	AbsError: 2.99778e+16
      Equation: "ElectronContinuityEquation"	RelError: 2.99631e-04	AbsError: 2.99778e+16
      Equation: "HoleContinuityEquation"	RelError: 2.99811e-04	AbsError: 2.99664e-04
      Equation: "PotentialEquation"	RelError: 7.07876e-06	AbsError: 7.75894e-06
    Region: "oxide"	RelError: 9.61257e-03	AbsError: 1.26546e-02
      Equation: "PotentialEquation"	RelError: 9.61257e-03	AbsError: 1.26546e-02
Iteration: 1
  Device: "mos2d"	RelError: 1.88238e-01	AbsError: 1.66153e+14
    Region: "bulk"	RelError: 1.88235e-01	AbsError: 1.66153e+14
      Equation: "ElectronContinuityEquation"	RelError: 3.78506e-02	AbsError: 1.26739e+14
      Equation: "HoleContinuityEquation"	RelError: 1.48999e-01	AbsError: 3.94140e+13
      Equation: "PotentialEquation"	RelError: 1.38508e-03	AbsError: 5.07165e-05
    Region: "gate"	RelError: 2.50362e-07	AbsError: 7.88424e+12
      Equation: "ElectronContinuityEquation"	RelError: 7.88038e-08	AbsError: 7.88424e+12
      Equation: "HoleContinuityEquation"	RelError: 1.68637e-07	AbsError: 1.68554e-07
      Equation: "PotentialEquation"	RelError: 2.92179e-09	AbsError: 3.20254e-09
    Region: "oxide"	RelError: 2.60744e-06	AbsError: 3.07695e-06
      Equation: "PotentialEquation"	RelError: 2.60744e-06	AbsError: 3.07695e-06
Iteration: 2
  Device: "mos2d"	RelError: 1.30852e-03	AbsError: 1.59899e+10
    Region: "bulk"	RelError: 1.30852e-03	AbsError: 1.59899e+10
      Equation: "ElectronContinuityEquation"	RelError: 1.26840e-03	AbsError: 4.63909e+09
      Equation: "HoleContinuityEquation"	RelError: 3.99504e-05	AbsError: 1.13508e+10
      Equation: "PotentialEquation"	RelError: 1.66420e-07	AbsError: 1.03192e-08
    Region: "gate"	RelError: 2.52575e-12	AbsError: 1.25992e+08
      Equation: "ElectronContinuityEquation"	RelError: 1.25455e-12	AbsError: 1.25992e+08
      Equation: "HoleContinuityEquation"	RelError: 1.24171e-12	AbsError: 1.23641e-12
      Equation: "PotentialEquation"	RelError: 2.94896e-14	AbsError: 3.23261e-14
    Region: "oxide"	RelError: 5.25595e-11	AbsError: 6.08864e-11
      Equation: "PotentialEquation"	RelError: 5.25595e-11	AbsError: 6.08864e-11
Iteration: 3
  Device: "mos2d"	RelError: 2.07177e-06	AbsError: 8.22166e+03
    Region: "bulk"	RelError: 2.07177e-06	AbsError: 2.58901e+03
      Equation: "ElectronContinuityEquation"	RelError: 2.06548e-06	AbsError: 1.72282e+03
      Equation: "HoleContinuityEquation"	RelError: 6.29385e-09	AbsError: 8.66191e+02
      Equation: "PotentialEquation"	RelError: 2.29065e-14	AbsError: 7.10531e-16
    Region: "gate"	RelError: 3.75362e-16	AbsError: 8.22166e+03
      Equation: "ElectronContinuityEquation"	RelError: 8.34627e-17	AbsError: 8.22166e+03
      Equation: "HoleContinuityEquation"	RelError: 1.90584e-16	AbsError: 1.93526e-16
      Equation: "PotentialEquation"	RelError: 1.01315e-16	AbsError: 1.11049e-16
    Region: "oxide"	RelError: 2.16013e-16	AbsError: 1.24964e-16
      Equation: "PotentialEquation"	RelError: 2.16013e-16	AbsError: 1.24964e-16
Succeeded
IVPOINT	IDVD_VG1P0	5.00000000e-01	1.04000000e+00	1.03057772e-01
drain last end 1.040000e+00 2.000000e+00
number of equations 5543
Iteration: 0
  Device: "mos2d"	RelError: 1.72530e+00	AbsError: 3.02930e+16
    Region: "bulk"	RelError: 1.71518e+00	AbsError: 3.02930e+16
      Equation: "ElectronContinuityEquation"	RelError: 2.97640e-01	AbsError: 2.85840e+16
      Equation: "HoleContinuityEquation"	RelError: 8.77651e-01	AbsError: 1.70899e+15
      Equation: "PotentialEquation"	RelError: 5.39891e-01	AbsError: 2.00000e-02
    Region: "gate"	RelError: 6.06027e-04	AbsError: 2.99623e+16
      Equation: "ElectronContinuityEquation"	RelError: 2.99387e-04	AbsError: 2.99623e+16
      Equation: "HoleContinuityEquation"	RelError: 2.99567e-04	AbsError: 2.99330e-04
      Equation: "PotentialEquation"	RelError: 7.07294e-06	AbsError: 7.75262e-06
    Region: "oxide"	RelError: 9.51659e-03	AbsError: 1.26486e-02
      Equation: "PotentialEquation"	RelError: 9.51659e-03	AbsError: 1.26486e-02
Iteration: 1
  Device: "mos2d"	RelError: 1.86276e-01	AbsError: 1.50543e+14
    Region: "bulk"	RelError: 1.86274e-01	AbsError: 1.50543e+14
      Equation: "ElectronContinuityEquation"	RelError: 3.52915e-02	AbsError: 1.11531e+14
      Equation: "HoleContinuityEquation"	RelError: 1.49779e-01	AbsError: 3.90123e+13
      Equation: "PotentialEquation"	RelError: 1.20265e-03	AbsError: 5.08042e-05
    Region: "gate"	RelError: 2.31523e-07	AbsError: 6.96224e+12
      Equation: "ElectronContinuityEquation"	RelError: 6.95676e-08	AbsError: 6.96224e+12
      Equation: "HoleContinuityEquation"	RelError: 1.59254e-07	AbsError: 1.59128e-07
      Equation: "PotentialEquation"	RelError: 2.70190e-09	AbsError: 2.96154e-09
    Region: "oxide"	RelError: 2.54356e-06	AbsError: 2.67212e-06
      Equation: "PotentialEquation"	RelError: 2.54356e-06	AbsError: 2.67212e-06
Iteration: 2
  Device: "mos2d"	RelError: 1.08882e-03	AbsError: 1.48090e+10
    Region: "bulk"	RelError: 1.08882e-03	AbsError: 1.48090e+10
      Equation: "ElectronContinuityEquation"	RelError: 1.04447e-03	AbsError: 3.52134e+09
      Equation: "HoleContinuityEquation"	RelError: 4.41914e-05	AbsError: 1.12876e+10
      Equation: "PotentialEquation"	RelError: 1.56028e-07	AbsError: 1.05344e-08
    Region: "gate"	RelError: 2.13123e-12	AbsError: 1.04122e+08
      Equation: "ElectronContinuityEquation"	RelError: 1.05291e-12	AbsError: 1.04122e+08
      Equation: "HoleContinuityEquation"	RelError: 1.05350e-12	AbsError: 1.06533e-12
      Equation: "PotentialEquation"	RelError: 2.48248e-14	AbsError: 2.72027e-14
    Region: "oxide"	RelError: 5.11025e-11	AbsError: 4.27361e-11
      Equation: "PotentialEquation"	RelError: 5.11025e-11	AbsError: 4.27361e-11
Iteration: 3
  Device: "mos2d"	RelError: 1.30426e-07	AbsError: 8.16127e+03
    Region: "bulk"	RelError: 1.30426e-07	AbsError: 2.47946e+03
      Equation: "ElectronContinuityEquation"	RelError: 1.20633e-07	AbsError: 1.59247e+03
      Equation: "HoleContinuityEquation"	RelError: 9.79285e-09	AbsError: 8.86987e+02
      Equation: "PotentialEquation"	RelError: 1.14632e-14	AbsError: 7.16834e-16
    Region: "gate"	RelError: 3.76305e-16	AbsError: 8.16127e+03
      Equation: "ElectronContinuityEquation"	RelError: 8.16127e-17	AbsError: 8.16127e+03
      Equation: "HoleContinuityEquation"	RelError: 1.92012e-16	AbsError: 1.95156e-16
      Equation: "PotentialEquation"	RelError: 1.02681e-16	AbsError: 1.12546e-16
    Region: "oxide"	RelError: 1.70932e-16	AbsError: 1.14210e-16
      Equation: "PotentialEquation"	RelError: 1.70932e-16	AbsError: 1.14210e-16
Succeeded
IVPOINT	IDVD_VG1P0	5.00000000e-01	1.06000000e+00	1.03425687e-01
drain last end 1.060000e+00 2.000000e+00
number of equations 5543
Iteration: 0
  Device: "mos2d"	RelError: 2.37259e+00	AbsError: 3.02210e+16
    Region: "bulk"	RelError: 2.36257e+00	AbsError: 3.02210e+16
      Equation: "ElectronContinuityEquation"	RelError: 2.96145e-01	AbsError: 2.85611e+16
      Equation: "HoleContinuityEquation"	RelError: 8.79585e-01	AbsError: 1.65986e+15
      Equation: "PotentialEquation"	RelError: 1.18684e+00	AbsError: 2.00000e-02
    Region: "gate"	RelError: 6.05569e-04	AbsError: 2.99487e+16
      Equation: "ElectronContinuityEquation"	RelError: 2.99161e-04	AbsError: 2.99487e+16
      Equation: "HoleContinuityEquation"	RelError: 2.99340e-04	AbsError: 2.99015e-04
      Equation: "PotentialEquation"	RelError: 7.06755e-06	AbsError: 7.74677e-06
    Region: "oxide"	RelError: 9.42304e-03	AbsError: 1.26434e-02
      Equation: "PotentialEquation"	RelError: 9.42304e-03	AbsError: 1.26434e-02
Iteration: 1
  Device: "mos2d"	RelError: 1.85135e-01	AbsError: 1.36278e+14
    Region: "bulk"	RelError: 1.85132e-01	AbsError: 1.36278e+14
      Equation: "ElectronContinuityEquation"	RelError: 3.23308e-02	AbsError: 9.79895e+13
      Equation: "HoleContinuityEquation"	RelError: 1.50393e-01	AbsError: 3.82889e+13
      Equation: "PotentialEquation"	RelError: 2.40848e-03	AbsError: 5.06673e-05
    Region: "gate"	RelError: 2.15189e-07	AbsError: 6.16304e+12
      Equation: "ElectronContinuityEquation"	RelError: 6.15634e-08	AbsError: 6.16304e+12
      Equation: "HoleContinuityEquation"	RelError: 1.51114e-07	AbsError: 1.50950e-07
      Equation: "PotentialEquation"	RelError: 2.51125e-09	AbsError: 2.75258e-09
    Region: "oxide"	RelError: 2.48279e-06	AbsError: 2.32895e-06
      Equation: "PotentialEquation"	RelError: 2.48279e-06	AbsError: 2.32895e-06
Iteration: 2
  Device: "mos2d"	RelError: 1.15145e-03	AbsError: 1.36911e+10
    Region: "bulk"	RelError: 1.15145e-03	AbsError: 1.36911e+10
      Equation: "ElectronContinuityEquation"	RelError: 1.10263e-03	AbsError: 2.66430e+09
      Equation: "HoleContinuityEquation"	RelError: 4.85778e-05	AbsError: 1.10268e+10
      Equation: "PotentialEquation"	RelError: 2.49877e-07	AbsError: 1.06194e-08
    Region: "gate"	RelError: 2.07560e-12	AbsError: 1.01990e+08
      Equation: "ElectronContinuityEquation"	RelError: 1.02501e-12	AbsError: 1.01990e+08
      Equation: "HoleContinuityEquation"	RelError: 1.02638e-12	AbsError: 1.03233e-12
      Equation: "PotentialEquation"	RelError: 2.42160e-14	AbsError: 2.65394e-14
    Region: "oxide"	RelError: 4.94428e-11	AbsError: 3.95719e-11
      Equation: "PotentialEquation"	RelError: 4.94428e-11	AbsError: 3.95719e-11
Iteration: 3
  Device: "mos2d"	RelError: 1.86873e-07	AbsError: 8.21121e+03
    Region: "bulk"	RelError: 1.86873e-07	AbsError: 2.17756e+03
      Equation: "ElectronContinuityEquation"	RelError: 1.58569e-07	AbsError: 1.31198e+03
      Equation: "HoleContinuityEquation"	RelError: 2.83039e-08	AbsError: 8.65578e+02
      Equation: "PotentialEquation"	RelError: 1.64947e-14	AbsError: 7.19952e-16
    Region: "gate"	RelError: 3.61323e-16	AbsError: 8.21121e+03
      Equation: "ElectronContinuityEquation"	RelError: 8.34567e-17	AbsError: 8.21121e+03
      Equation: "HoleContinuityEquation"	RelError: 1.76531e-16	AbsError: 1.79131e-16
      Equation: "PotentialEquation"	RelError: 1.01336e-16	AbsError: 1.11072e-16
    Region: "oxide"	RelError: 1.46441e-16	AbsError: 1.19086e-16
      Equation: "PotentialEquation"	RelError: 1.46441e-16	AbsError: 1.19086e-16
Succeeded
IVPOINT	IDVD_VG1P0	5.00000000e-01	1.08000000e+00	1.03790087e-01
drain last end 1.080000e+00 2.000000e+00
number of equations 5543
Iteration: 0
  Device: "mos2d"	RelError: 7.32563e+00	AbsError: 3.01406e+16
    Region: "bulk"	RelError: 7.31570e+00	AbsError: 3.01406e+16
      Equation: "ElectronContinuityEquation"	RelError: 2.94581e-01	AbsError: 2.85349e+16
      Equation: "HoleContinuityEquation"	RelError: 8.79677e-01	AbsError: 1.60574e+15
      Equation: "PotentialEquation"	RelError: 6.14144e+00	AbsError: 2.00000e-02
    Region: "gate"	RelError: 6.05144e-04	AbsError: 2.99366e+16
      Equation: "ElectronContinuityEquation"	RelError: 2.98951e-04	AbsError: 2.99366e+16
      Equation: "HoleContinuityEquation"	RelError: 2.99130e-04	AbsError: 2.98716e-04
      Equation: "PotentialEquation"	RelError: 7.06254e-06	AbsError: 7.74132e-06
    Region: "oxide"	RelError: 9.33176e-03	AbsError: 1.26388e-02
      Equation: "PotentialEquation"	RelError: 9.33176e-03	AbsError: 1.26388e-02
Iteration: 1
  Device: "mos2d"	RelError: 1.93435e-01	AbsError: 1.23235e+14
    Region: "bulk"	RelError: 1.93432e-01	AbsError: 1.23235e+14
      Equation: "ElectronContinuityEquation"	RelError: 3.06454e-02	AbsError: 8.59731e+13
      Equation: "HoleContinuityEquation"	RelError: 1.50738e-01	AbsError: 3.72616e+13
      Equation: "PotentialEquation"	RelError: 1.20485e-02	AbsError: 5.03030e-05
    Region: "gate"	RelError: 2.02262e-07	AbsError: 5.47515e+12
      Equation: "ElectronContinuityEquation"	RelError: 5.58723e-08	AbsError: 5.47515e+12
      Equation: "HoleContinuityEquation"	RelError: 1.44044e-07	AbsError: 1.43844e-07
      Equation: "PotentialEquation"	RelError: 2.34573e-09	AbsError: 2.57118e-09
    Region: "oxide"	RelError: 2.42479e-06	AbsError: 2.03733e-06
      Equation: "PotentialEquation"	RelError: 2.42479e-06	AbsError: 2.03733e-06
Iteration: 2
  Device: "mos2d"	RelError: 1.32442e-03	AbsError: 1.30012e+10
    Region: "bulk"	RelError: 1.32442e-03	AbsError: 1.30012e+10
      Equation: "ElectronContinuityEquation"	RelError: 1.27062e-03	AbsError: 2.42057e+09
      Equation: "HoleContinuityEquation"	RelError: 5.30345e-05	AbsError: 1.05807e+10
      Equation: "PotentialEquation"	RelError: 7.65736e-07	AbsError: 1.05753e-08
    Region: "gate"	RelError: 2.11089e-12	AbsError: 1.03752e+08
      Equation: "ElectronContinuityEquation"	RelError: 1.04256e-12	AbsError: 1.03752e+08
      Equation: "HoleContinuityEquation"	RelError: 1.04369e-12	AbsError: 1.04876e-12
      Equation: "PotentialEquation"	RelError: 2.46399e-14	AbsError: 2.70041e-14
    Region: "oxide"	RelError: 4.80015e-11	AbsError: 3.93595e-11
      Equation: "PotentialEquation"	RelError: 4.80015e-11	AbsError: 3.93595e-11
Iteration: 3
  Device: "mos2d"	RelError: 1.14964e-07	AbsError: 8.17117e+03
    Region: "bulk"	RelError: 1.14964e-07	AbsError: 2.47385e+03
      Equation: "ElectronContinuityEquation"	RelError: 1.02082e-07	AbsError: 1.66576e+03
      Equation: "HoleContinuityEquation"	RelError: 1.28818e-08	AbsError: 8.08084e+02
      Equation: "PotentialEquation"	RelError: 2.55939e-14	AbsError: 6.92481e-16
    Region: "gate"	RelError: 4.23329e-16	AbsError: 8.17117e+03
      Equation: "ElectronContinuityEquation"	RelError: 8.17117e-17	AbsError: 8.17117e+03
      Equation: "HoleContinuityEquation"	RelError: 2.40288e-16	AbsError: 2.44223e-16
      Equation: "PotentialEquation"	RelError: 1.01329e-16	AbsError: 1.11064e-16
    Region: "oxide"	RelError: 1.25297e-16	AbsError: 1.39038e-16
      Equation: "PotentialEquation"	RelError: 1.25297e-16	AbsError: 1.39038e-16
Succeeded
IVPOINT	IDVD_VG1P0	5.00000000e-01	1.10000000e+00	1.04151055e-01
drain last end 1.100000e+00 2.000000e+00
number of equations 5543
Iteration: 0
  Device: "mos2d"	RelError: 5.47907e+00	AbsError: 3.00526e+16
    Region: "bulk"	RelError: 5.46922e+00	AbsError: 3.00526e+16
      Equation: "ElectronContinuityEquation"	RelError: 2.92926e-01	AbsError: 2.85056e+16
      Equation: "HoleContinuityEquation"	RelError: 8.76835e-01	AbsError: 1.54695e+15
      Equation: "PotentialEquation"	RelError: 4.29946e+00	AbsError: 2.00000e-02
    Region: "gate"	RelError: 6.04746e-04	AbsError: 2.99259e+16
      Equation: "ElectronContinuityEquation"	RelError: 2.98755e-04	AbsError: 2.99259e+16
      Equation: "HoleContinuityEquation"	RelError: 2.98933e-04	AbsError: 2.98430e-04
      Equation: "PotentialEquation"	RelError: 7.05785e-06	AbsError: 7.73624e-06
    Region: "oxide"	RelError: 9.24261e-03	AbsError: 1.26348e-02
      Equation: "PotentialEquation"	RelError: 9.24261e-03	AbsError: 1.26348e-02
Iteration: 1
  Device: "mos2d"	RelError: 1.94820e-01	AbsError: 1.14017e+14
    Region: "bulk"	RelError: 1.94817e-01	AbsError: 1.14017e+14
      Equation: "ElectronContinuityEquation"	RelError: 3.03981e-02	AbsError: 7.80609e+13
      Equation: "HoleContinuityEquation"	RelError: 1.50653e-01	AbsError: 3.59563e+13
      Equation: "PotentialEquation"	RelError: 1.37659e-02	AbsError: 4.97148e-05
    Region: "gate"	RelError: 1.94722e-07	AbsError: 5.35295e+12
      Equation: "ElectronContinuityEquation"	RelError: 5.46243e-08	AbsError: 5.35295e+12
      Equation: "HoleContinuityEquation"	RelError: 1.37895e-07	AbsError: 1.37663e-07
      Equation: "PotentialEquation"	RelError: 2.20189e-09	AbsError: 2.41353e-09
    Region: "oxide"	RelError: 2.36923e-06	AbsError: 1.78899e-06
      Equation: "PotentialEquation"	RelError: 2.36923e-06	AbsError: 1.78899e-06
Iteration: 2
  Device: "mos2d"	RelError: 1.46587e-03	AbsError: 1.24607e+10
    Region: "bulk"	RelError: 1.46587e-03	AbsError: 1.24607e+10
      Equation: "ElectronContinuityEquation"	RelError: 1.40644e-03	AbsError: 2.48925e+09
      Equation: "HoleContinuityEquation"	RelError: 5.74672e-05	AbsError: 9.97142e+09
      Equation: "PotentialEquation"	RelError: 1.96598e-06	AbsError: 1.04096e-08
    Region: "gate"	RelError: 2.12072e-12	AbsError: 1.04251e+08
      Equation: "ElectronContinuityEquation"	RelError: 1.04744e-12	AbsError: 1.04251e+08
      Equation: "HoleContinuityEquation"	RelError: 1.04862e-12	AbsError: 1.05357e-12
      Equation: "PotentialEquation"	RelError: 2.46618e-14	AbsError: 2.70281e-14
    Region: "oxide"	RelError: 4.66643e-11	AbsError: 3.90578e-11
      Equation: "PotentialEquation"	RelError: 4.66643e-11	AbsError: 3.90578e-11
Iteration: 3
  Device: "mos2d"	RelError: 3.13521e-08	AbsError: 8.02604e+03
    Region: "bulk"	RelError: 3.13521e-08	AbsError: 3.50598e+03
      Equation: "ElectronContinuityEquation"	RelError: 2.56941e-08	AbsError: 2.77424e+03
      Equation: "HoleContinuityEquation"	RelError: 5.65790e-09	AbsError: 7.31738e+02
      Equation: "PotentialEquation"	RelError: 1.10116e-13	AbsError: 6.59370e-16
    Region: "gate"	RelError: 3.26062e-16	AbsError: 8.02604e+03
      Equation: "ElectronContinuityEquation"	RelError: 8.02604e-17	AbsError: 8.02604e+03
      Equation: "HoleContinuityEquation"	RelError: 1.44028e-16	AbsError: 1.45605e-16
      Equation: "PotentialEquation"	RelError: 1.01773e-16	AbsError: 1.11507e-16
    Region: "oxide"	RelError: 1.65019e-16	AbsError: 1.19851e-16
      Equation: "PotentialEquation"	RelError: 1.65019e-16	AbsError: 1.19851e-16
Succeeded
IVPOINT	IDVD_VG1P0	5.00000000e-01	1.12000000e+00	1.04508672e-01
drain last end 1.120000e+00 2.000000e+00
number of equations 5543
Iteration: 0
  Device: "mos2d"	RelError: 1.98047e+00	AbsError: 3.00045e+16
    Region: "bulk"	RelError: 1.97071e+00	AbsError: 3.00045e+16
      Equation: "ElectronContinuityEquation"	RelError: 2.91151e-01	AbsError: 2.84736e+16
      Equation: "HoleContinuityEquation"	RelError: 8.69395e-01	AbsError: 1.53089e+15
      Equation: "PotentialEquation"	RelError: 8.10167e-01	AbsError: 2.00000e-02
    Region: "gate"	RelError: 6.04373e-04	AbsError: 2.99163e+16
      Equation: "ElectronContinuityEquation"	RelError: 2.98570e-04	AbsError: 2.99163e+16
      Equation: "HoleContinuityEquation"	RelError: 2.98749e-04	AbsError: 2.98157e-04
      Equation: "PotentialEquation"	RelError: 7.05344e-06	AbsError: 7.73146e-06
    Region: "oxide"	RelError: 9.15546e-03	AbsError: 1.26313e-02
      Equation: "PotentialEquation"	RelError: 9.15546e-03	AbsError: 1.26313e-02
Iteration: 1
  Device: "mos2d"	RelError: 1.82617e-01	AbsError: 1.11210e+14
    Region: "bulk"	RelError: 1.82615e-01	AbsError: 1.11210e+14
      Equation: "ElectronContinuityEquation"	RelError: 3.01410e-02	AbsError: 7.68036e+13
      Equation: "HoleContinuityEquation"	RelError: 1.49890e-01	AbsError: 3.44061e+13
      Equation: "PotentialEquation"	RelError: 2.58403e-03	AbsError: 4.89119e-05
    Region: "gate"	RelError: 1.88044e-07	AbsError: 5.23541e+12
      Equation: "ElectronContinuityEquation"	RelError: 5.34238e-08	AbsError: 5.23541e+12
      Equation: "HoleContinuityEquation"	RelError: 1.32543e-07	AbsError: 1.32281e-07
      Equation: "PotentialEquation"	RelError: 2.07678e-09	AbsError: 2.27641e-09
    Region: "oxide"	RelError: 2.31582e-06	AbsError: 1.57712e-06
      Equation: "PotentialEquation"	RelError: 2.31582e-06	AbsError: 1.57712e-06
Iteration: 2
  Device: "mos2d"	RelError: 1.54996e-03	AbsError: 1.17766e+10
    Region: "bulk"	RelError: 1.54996e-03	AbsError: 1.17766e+10
      Equation: "ElectronContinuityEquation"	RelError: 1.48782e-03	AbsError: 2.54675e+09
      Equation: "HoleContinuityEquation"	RelError: 6.17634e-05	AbsError: 9.22983e+09
      Equation: "PotentialEquation"	RelError: 3.80748e-07	AbsError: 1.01352e-08
    Region: "gate"	RelError: 2.11640e-12	AbsError: 1.04061e+08
      Equation: "ElectronContinuityEquation"	RelError: 1.04538e-12	AbsError: 1.04061e+08
      Equation: "HoleContinuityEquation"	RelError: 1.04635e-12	AbsError: 1.05115e-12
      Equation: "PotentialEquation"	RelError: 2.46607e-14	AbsError: 2.70270e-14
    Region: "oxide"	RelError: 4.54186e-11	AbsError: 3.86162e-11
      Equation: "PotentialEquation"	RelError: 4.54186e-11	AbsError: 3.86162e-11
Iteration: 3
  Device: "mos2d"	RelError: 6.59916e-08	AbsError: 8.07891e+03
    Region: "bulk"	RelError: 6.59916e-08	AbsError: 1.97846e+03
      Equation: "ElectronContinuityEquation"	RelError: 5.27823e-08	AbsError: 1.34620e+03
      Equation: "HoleContinuityEquation"	RelError: 1.32092e-08	AbsError: 6.32261e+02
      Equation: "PotentialEquation"	RelError: 2.95406e-14	AbsError: 6.49719e-16
    Region: "gate"	RelError: 4.21592e-16	AbsError: 8.07891e+03
      Equation: "ElectronContinuityEquation"	RelError: 8.07891e-17	AbsError: 8.07891e+03
      Equation: "HoleContinuityEquation"	RelError: 2.39306e-16	AbsError: 2.44196e-16
      Equation: "PotentialEquation"	RelError: 1.01497e-16	AbsError: 1.11205e-16
    Region: "oxide"	RelError: 1.39518e-16	AbsError: 1.13072e-16
      Equation: "PotentialEquation"	RelError: 1.39518e-16	AbsError: 1.13072e-16
Succeeded
IVPOINT	IDVD_VG1P0	5.00000000e-01	1.14000000e+00	1.04863013e-01
drain last end 1.140000e+00 2.000000e+00
number of equations 5543
Iteration: 0
  Device: "mos2d"	RelError: 2.35261e+00	AbsError: 2.99720e+16
    Region: "bulk"	RelError: 2.34294e+00	AbsError: 2.99720e+16
      Equation: "ElectronContinuityEquation"	RelError: 2.89224e-01	AbsError: 2.84391e+16
      Equation: "HoleContinuityEquation"	RelError: 8.56574e-01	AbsError: 1.53292e+15
      Equation: "PotentialEquation"	RelError: 1.19714e+00	AbsError: 2.00000e-02
    Region: "gate"	RelError: 6.04020e-04	AbsError: 2.99078e+16
      Equation: "ElectronContinuityEquation"	RelError: 2.98396e-04	AbsError: 2.99078e+16
      Equation: "HoleContinuityEquation"	RelError: 2.98574e-04	AbsError: 2.97894e-04
      Equation: "PotentialEquation"	RelError: 7.04927e-06	AbsError: 7.72695e-06
    Region: "oxide"	RelError: 9.07021e-03	AbsError: 1.26282e-02
      Equation: "PotentialEquation"	RelError: 9.07021e-03	AbsError: 1.26282e-02
Iteration: 1
  Device: "mos2d"	RelError: 1.80832e-01	AbsError: 1.10387e+14
    Region: "bulk"	RelError: 1.80830e-01	AbsError: 1.10387e+14
      Equation: "ElectronContinuityEquation"	RelError: 2.98708e-02	AbsError: 7.55935e+13
      Equation: "HoleContinuityEquation"	RelError: 1.48076e-01	AbsError: 3.47938e+13
      Equation: "PotentialEquation"	RelError: 2.88293e-03	AbsError: 4.79087e-05
    Region: "gate"	RelError: 1.82114e-07	AbsError: 5.12199e+12
      Equation: "ElectronContinuityEquation"	RelError: 5.22655e-08	AbsError: 5.12199e+12
      Equation: "HoleContinuityEquation"	RelError: 1.27881e-07	AbsError: 1.27589e-07
      Equation: "PotentialEquation"	RelError: 1.96788e-09	AbsError: 2.15706e-09
    Region: "oxide"	RelError: 2.26433e-06	AbsError: 1.40166e-06
      Equation: "PotentialEquation"	RelError: 2.26433e-06	AbsError: 1.40166e-06
Iteration: 2
  Device: "mos2d"	RelError: 1.56291e-03	AbsError: 1.15693e+10
    Region: "bulk"	RelError: 1.56291e-03	AbsError: 1.15693e+10
      Equation: "ElectronContinuityEquation"	RelError: 1.49687e-03	AbsError: 2.59268e+09
      Equation: "HoleContinuityEquation"	RelError: 6.57944e-05	AbsError: 8.97659e+09
      Equation: "PotentialEquation"	RelError: 2.49432e-07	AbsError: 9.76891e-09
    Region: "gate"	RelError: 2.10680e-12	AbsError: 1.03612e+08
      Equation: "ElectronContinuityEquation"	RelError: 1.04072e-12	AbsError: 1.03612e+08
      Equation: "HoleContinuityEquation"	RelError: 1.04155e-12	AbsError: 1.04618e-12
      Equation: "PotentialEquation"	RelError: 2.45268e-14	AbsError: 2.68804e-14
    Region: "oxide"	RelError: 4.43682e-11	AbsError: 3.81662e-11
      Equation: "PotentialEquation"	RelError: 4.43682e-11	AbsError: 3.81662e-11
Iteration: 3
  Device: "mos2d"	RelError: 2.84217e-07	AbsError: 8.07495e+03
    Region: "bulk"	RelError: 2.84217e-07	AbsError: 2.07264e+03
      Equation: "ElectronContinuityEquation"	RelError: 2.53472e-07	AbsError: 1.50854e+03
      Equation: "HoleContinuityEquation"	RelError: 3.07453e-08	AbsError: 5.64096e+02
      Equation: "PotentialEquation"	RelError: 5.63903e-14	AbsError: 5.61619e-16
    Region: "gate"	RelError: 4.34427e-16	AbsError: 8.07495e+03
      Equation: "ElectronContinuityEquation"	RelError: 8.17190e-17	AbsError: 8.07495e+03
      Equation: "HoleContinuityEquation"	RelError: 2.51390e-16	AbsError: 2.55063e-16
      Equation: "PotentialEquation"	RelError: 1.01318e-16	AbsError: 1.11052e-16
    Region: "oxide"	RelError: 1.57677e-16	AbsError: 1.11777e-16
      Equation: "PotentialEquation"	RelError: 1.57677e-16	AbsError: 1.11777e-16
Succeeded
IVPOINT	IDVD_VG1P0	5.00000000e-01	1.16000000e+00	1.05214154e-01
drain last end 1.160000e+00 2.000000e+00
number of equations 5543
Iteration: 0
  Device: "mos2d"	RelError: 6.98461e+00	AbsError: 2.99492e+16
    Region: "bulk"	RelError: 6.97502e+00	AbsError: 2.99492e+16
      Equation: "ElectronContinuityEquation"	RelError: 2.87105e-01	AbsError: 2.84022e+16
      Equation: "HoleContinuityEquation"	RelError: 8.41568e-01	AbsError: 1.54706e+15
      Equation: "PotentialEquation"	RelError: 5.84634e+00	AbsError: 2.00000e-02
    Region: "gate"	RelError: 6.03685e-04	AbsError: 2.99002e+16
      Equation: "ElectronContinuityEquation"	RelError: 2.98231e-04	AbsError: 2.99002e+16
      Equation: "HoleContinuityEquation"	RelError: 2.98409e-04	AbsError: 2.97640e-04
      Equation: "PotentialEquation"	RelError: 7.04532e-06	AbsError: 7.72267e-06
    Region: "oxide"	RelError: 8.98676e-03	AbsError: 1.26255e-02
      Equation: "PotentialEquation"	RelError: 8.98676e-03	AbsError: 1.26255e-02
Iteration: 1
  Device: "mos2d"	RelError: 1.88502e-01	AbsError: 1.10558e+14
    Region: "bulk"	RelError: 1.88500e-01	AbsError: 1.10558e+14
      Equation: "ElectronContinuityEquation"	RelError: 2.95837e-02	AbsError: 7.44256e+13
      Equation: "HoleContinuityEquation"	RelError: 1.45375e-01	AbsError: 3.61325e+13
      Equation: "PotentialEquation"	RelError: 1.35407e-02	AbsError: 4.67237e-05
    Region: "gate"	RelError: 1.76834e-07	AbsError: 5.01223e+12
      Equation: "ElectronContinuityEquation"	RelError: 5.11446e-08	AbsError: 5.01223e+12
      Equation: "HoleContinuityEquation"	RelError: 1.23816e-07	AbsError: 1.23497e-07
      Equation: "PotentialEquation"	RelError: 1.87304e-09	AbsError: 2.05312e-09
    Region: "oxide"	RelError: 2.21455e-06	AbsError: 1.36900e-06
      Equation: "PotentialEquation"	RelError: 2.21455e-06	AbsError: 1.36900e-06
Iteration: 2
  Device: "mos2d"	RelError: 1.49615e-03	AbsError: 1.24835e+10
    Region: "bulk"	RelError: 1.49615e-03	AbsError: 1.24835e+10
      Equation: "ElectronContinuityEquation"	RelError: 1.42560e-03	AbsError: 2.62648e+09
      Equation: "HoleContinuityEquation"	RelError: 6.94207e-05	AbsError: 9.85699e+09
      Equation: "PotentialEquation"	RelError: 1.13387e-06	AbsError: 9.32898e-09
    Region: "gate"	RelError: 2.09899e-12	AbsError: 1.03245e+08
      Equation: "ElectronContinuityEquation"	RelError: 1.03689e-12	AbsError: 1.03245e+08
      Equation: "HoleContinuityEquation"	RelError: 1.03765e-12	AbsError: 1.04212e-12
      Equation: "PotentialEquation"	RelError: 2.44479e-14	AbsError: 2.67940e-14
    Region: "oxide"	RelError: 4.35902e-11	AbsError: 3.78092e-11
      Equation: "PotentialEquation"	RelError: 4.35902e-11	AbsError: 3.78092e-11
Iteration: 3
  Device: "mos2d"	RelError: 7.42203e-06	AbsError: 8.10604e+03
    Region: "bulk"	RelError: 7.42203e-06	AbsError: 1.88135e+03
      Equation: "ElectronContinuityEquation"	RelError: 7.40526e-06	AbsError: 1.21085e+03
      Equation: "HoleContinuityEquation"	RelError: 1.67705e-08	AbsError: 6.70507e+02
      Equation: "PotentialEquation"	RelError: 9.19571e-14	AbsError: 5.95591e-16
    Region: "gate"	RelError: 3.99996e-16	AbsError: 8.10604e+03
      Equation: "ElectronContinuityEquation"	RelError: 8.23189e-17	AbsError: 8.10604e+03
      Equation: "HoleContinuityEquation"	RelError: 2.16225e-16	AbsError: 2.19922e-16
      Equation: "PotentialEquation"	RelError: 1.01452e-16	AbsError: 1.11153e-16
    Region: "oxide"	RelError: 1.57720e-16	AbsError: 1.52232e-16
      Equation: "PotentialEquation"	RelError: 1.57720e-16	AbsError: 1.52232e-16
Succeeded
IVPOINT	IDVD_VG1P0	5.00000000e-01	1.18000000e+00	1.05562164e-01
drain last end 1.180000e+00 2.000000e+00
number of equations 5543
Iteration: 0
  Device: "mos2d"	RelError: 1.96307e+00	AbsError: 2.99224e+16
    Region: "bulk"	RelError: 1.95356e+00	AbsError: 2.99224e+16
      Equation: "ElectronContinuityEquation"	RelError: 2.84745e-01	AbsError: 2.83631e+16
      Equation: "HoleContinuityEquation"	RelError: 8.15997e-01	AbsError: 1.55932e+15
      Equation: "PotentialEquation"	RelError: 8.52815e-01	AbsError: 2.00000e-02
    Region: "gate"	RelError: 6.03367e-04	AbsError: 2.98933e+16
      Equation: "ElectronContinuityEquation"	RelError: 2.98074e-04	AbsError: 2.98933e+16
      Equation: "HoleContinuityEquation"	RelError: 2.98252e-04	AbsError: 2.97394e-04
      Equation: "PotentialEquation"	RelError: 7.04155e-06	AbsError: 7.71859e-06
    Region: "oxide"	RelError: 8.90502e-03	AbsError: 1.26231e-02
      Equation: "PotentialEquation"	RelError: 8.90502e-03	AbsError: 1.26231e-02
Iteration: 1
  Device: "mos2d"	RelError: 1.73502e-01	AbsError: 1.10420e+14
    Region: "bulk"	RelError: 1.73500e-01	AbsError: 1.10420e+14
      Equation: "ElectronContinuityEquation"	RelError: 2.92755e-02	AbsError: 7.32957e+13
      Equation: "HoleContinuityEquation"	RelError: 1.41881e-01	AbsError: 3.71247e+13
      Equation: "PotentialEquation"	RelError: 2.34285e-03	AbsError: 4.55296e-05
    Region: "gate"	RelError: 1.72119e-07	AbsError: 4.90575e+12
      Equation: "ElectronContinuityEquation"	RelError: 5.00571e-08	AbsError: 4.90575e+12
      Equation: "HoleContinuityEquation"	RelError: 1.20271e-07	AbsError: 1.19926e-07
      Equation: "PotentialEquation"	RelError: 1.79042e-09	AbsError: 1.96256e-09
    Region: "oxide"	RelError: 2.16630e-06	AbsError: 1.33745e-06
      Equation: "PotentialEquation"	RelError: 2.16630e-06	AbsError: 1.33745e-06
Iteration: 2
  Device: "mos2d"	RelError: 1.35268e-03	AbsError: 1.31827e+10
    Region: "bulk"	RelError: 1.35268e-03	AbsError: 1.31827e+10
      Equation: "ElectronContinuityEquation"	RelError: 1.27991e-03	AbsError: 2.64711e+09
      Equation: "HoleContinuityEquation"	RelError: 7.24959e-05	AbsError: 1.05356e+10
      Equation: "PotentialEquation"	RelError: 2.75609e-07	AbsError: 9.27350e-09
    Region: "gate"	RelError: 2.09735e-12	AbsError: 1.03191e+08
      Equation: "ElectronContinuityEquation"	RelError: 1.03620e-12	AbsError: 1.03191e+08
      Equation: "HoleContinuityEquation"	RelError: 1.03676e-12	AbsError: 1.04108e-12
      Equation: "PotentialEquation"	RelError: 2.43902e-14	AbsError: 2.67309e-14
    Region: "oxide"	RelError: 4.31357e-11	AbsError: 3.76184e-11
      Equation: "PotentialEquation"	RelError: 4.31357e-11	AbsError: 3.76184e-11
Iteration: 3
  Device: "mos2d"	RelError: 8.80641e-06	AbsError: 8.01988e+03
    Region: "bulk"	RelError: 8.80641e-06	AbsError: 2.42554e+03
      Equation: "ElectronContinuityEquation"	RelError: 8.77820e-06	AbsError: 1.64594e+03
      Equation: "HoleContinuityEquation"	RelError: 2.82165e-08	AbsError: 7.79597e+02
      Equation: "PotentialEquation"	RelError: 5.26072e-14	AbsError: 6.12603e-16
    Region: "gate"	RelError: 3.75994e-16	AbsError: 8.01988e+03
      Equation: "ElectronContinuityEquation"	RelError: 8.13704e-17	AbsError: 8.01988e+03
      Equation: "HoleContinuityEquation"	RelError: 1.91840e-16	AbsError: 1.95749e-16
      Equation: "PotentialEquation"	RelError: 1.02784e-16	AbsError: 1.12618e-16
    Region: "oxide"	RelError: 1.32964e-16	AbsError: 1.12618e-16
      Equation: "PotentialEquation"	RelError: 1.32964e-16	AbsError: 1.12618e-16
Succeeded
IVPOINT	IDVD_VG1P0	5.00000000e-01	1.20000000e+00	1.05907115e-01
drain last end 1.200000e+00 2.000000e+00
number of equations 5543
Iteration: 0
  Device: "mos2d"	RelError: 5.99038e+00	AbsError: 2.98916e+16
    Region: "bulk"	RelError: 5.98095e+00	AbsError: 2.98916e+16
      Equation: "ElectronContinuityEquation"	RelError: 2.82086e-01	AbsError: 2.83220e+16
      Equation: "HoleContinuityEquation"	RelError: 7.75834e-01	AbsError: 1.56954e+15
      Equation: "PotentialEquation"	RelError: 4.92303e+00	AbsError: 2.00000e-02
    Region: "gate"	RelError: 6.03062e-04	AbsError: 2.98871e+16
      Equation: "ElectronContinuityEquation"	RelError: 2.97923e-04	AbsError: 2.98871e+16
      Equation: "HoleContinuityEquation"	RelError: 2.98101e-04	AbsError: 2.97155e-04
      Equation: "PotentialEquation"	RelError: 7.03795e-06	AbsError: 7.71470e-06
    Region: "oxide"	RelError: 8.82492e-03	AbsError: 1.26209e-02
      Equation: "PotentialEquation"	RelError: 8.82492e-03	AbsError: 1.26209e-02
Iteration: 1
  Device: "mos2d"	RelError: 1.78896e-01	AbsError: 1.09950e+14
    Region: "bulk"	RelError: 1.78894e-01	AbsError: 1.09950e+14
      Equation: "ElectronContinuityEquation"	RelError: 2.89411e-02	AbsError: 7.22001e+13
      Equation: "HoleContinuityEquation"	RelError: 1.36110e-01	AbsError: 3.77502e+13
      Equation: "PotentialEquation"	RelError: 1.38425e-02	AbsError: 4.65203e-05
    Region: "gate"	RelError: 1.67897e-07	AbsError: 4.80222e+12
      Equation: "ElectronContinuityEquation"	RelError: 4.89999e-08	AbsError: 4.80222e+12
      Equation: "HoleContinuityEquation"	RelError: 1.17179e-07	AbsError: 1.16807e-07
      Equation: "PotentialEquation"	RelError: 1.71842e-09	AbsError: 1.88366e-09
    Region: "oxide"	RelError: 2.11943e-06	AbsError: 1.30688e-06
      Equation: "PotentialEquation"	RelError: 2.11943e-06	AbsError: 1.30688e-06
Iteration: 2
  Device: "mos2d"	RelError: 1.15628e-03	AbsError: 1.36378e+10
    Region: "bulk"	RelError: 1.15628e-03	AbsError: 1.36378e+10
      Equation: "ElectronContinuityEquation"	RelError: 1.07979e-03	AbsError: 2.65292e+09
      Equation: "HoleContinuityEquation"	RelError: 7.48768e-05	AbsError: 1.09849e+10
      Equation: "PotentialEquation"	RelError: 1.61294e-06	AbsError: 9.34099e-09
    Region: "gate"	RelError: 2.10615e-12	AbsError: 1.03635e+08
      Equation: "ElectronContinuityEquation"	RelError: 1.04053e-12	AbsError: 1.03635e+08
      Equation: "HoleContinuityEquation"	RelError: 1.04104e-12	AbsError: 1.04524e-12
      Equation: "PotentialEquation"	RelError: 2.45829e-14	AbsError: 2.69422e-14
    Region: "oxide"	RelError: 4.30320e-11	AbsError: 3.76418e-11
      Equation: "PotentialEquation"	RelError: 4.30320e-11	AbsError: 3.76418e-11
Iteration: 3
  Device: "mos2d"	RelError: 1.03651e-05	AbsError: 8.51401e+03
    Region: "bulk"	RelError: 1.03651e-05	AbsError: 2.24582e+03
      Equation: "ElectronContinuityEquation"	RelError: 1.03461e-05	AbsError: 1.42800e+03
      Equation: "HoleContinuityEquation"	RelError: 1.89723e-08	AbsError: 8.17826e+02
      Equation: "PotentialEquation"	RelError: 1.32959e-13	AbsError: 6.56279e-16
    Region: "gate"	RelError: 3.52881e-16	AbsError: 8.51401e+03
      Equation: "ElectronContinuityEquation"	RelError: 8.65342e-17	AbsError: 8.51401e+03
      Equation: "HoleContinuityEquation"	RelError: 1.65056e-16	AbsError: 1.66823e-16
      Equation: "PotentialEquation"	RelError: 1.01291e-16	AbsError: 1.11022e-16
    Region: "oxide"	RelError: 2.22856e-16	AbsError: 1.21260e-16
      Equation: "PotentialEquation"	RelError: 2.22856e-16	AbsError: 1.21260e-16
Succeeded
IVPOINT	IDVD_VG1P0	5.00000000e-01	1.22000000e+00	1.06249074e-01
drain last end 1.220000e+00 2.000000e+00
number of equations 5543
Iteration: 0
  Device: "mos2d"	RelError: 2.48523e+00	AbsError: 2.98815e+16
    Region: "bulk"	RelError: 2.47588e+00	AbsError: 2.98566e+16
      Equation: "ElectronContinuityEquation"	RelError: 2.79052e-01	AbsError: 2.82790e+16
      Equation: "HoleContinuityEquation"	RelError: 7.79405e-01	AbsError: 1.57759e+15
      Equation: "PotentialEquation"	RelError: 1.41742e+00	AbsError: 2.00000e-02
    Region: "gate"	RelError: 6.02769e-04	AbsError: 2.98815e+16
      Equation: "ElectronContinuityEquation"	RelError: 2.97779e-04	AbsError: 2.98815e+16
      Equation: "HoleContinuityEquation"	RelError: 2.97956e-04	AbsError: 2.96923e-04
      Equation: "PotentialEquation"	RelError: 7.03448e-06	AbsError: 7.71095e-06
    Region: "oxide"	RelError: 8.74638e-03	AbsError: 1.26189e-02
      Equation: "PotentialEquation"	RelError: 8.74638e-03	AbsError: 1.26189e-02
Iteration: 1
  Device: "mos2d"	RelError: 1.60482e-01	AbsError: 1.09135e+14
    Region: "bulk"	RelError: 1.60480e-01	AbsError: 1.09135e+14
      Equation: "ElectronContinuityEquation"	RelError: 2.85750e-02	AbsError: 7.11357e+13
      Equation: "HoleContinuityEquation"	RelError: 1.28529e-01	AbsError: 3.79995e+13
      Equation: "PotentialEquation"	RelError: 3.37542e-03	AbsError: 4.73009e-05
    Region: "gate"	RelError: 1.64106e-07	AbsError: 4.70138e+12
      Equation: "ElectronContinuityEquation"	RelError: 4.79701e-08	AbsError: 4.70138e+12
      Equation: "HoleContinuityEquation"	RelError: 1.14480e-07	AbsError: 1.14083e-07
      Equation: "PotentialEquation"	RelError: 1.65571e-09	AbsError: 1.81493e-09
    Region: "oxide"	RelError: 2.07381e-06	AbsError: 1.27718e-06
      Equation: "PotentialEquation"	RelError: 2.07381e-06	AbsError: 1.27718e-06
Iteration: 2
  Device: "mos2d"	RelError: 1.25334e-03	AbsError: 1.38321e+10
    Region: "bulk"	RelError: 1.25334e-03	AbsError: 1.38321e+10
      Equation: "ElectronContinuityEquation"	RelError: 1.17652e-03	AbsError: 2.64169e+09
      Equation: "HoleContinuityEquation"	RelError: 7.64291e-05	AbsError: 1.11904e+10
      Equation: "PotentialEquation"	RelError: 3.89227e-07	AbsError: 9.27310e-09
    Region: "gate"	RelError: 2.12684e-12	AbsError: 1.04670e+08
      Equation: "ElectronContinuityEquation"	RelError: 1.05077e-12	AbsError: 1.04670e+08
      Equation: "HoleContinuityEquation"	RelError: 1.05133e-12	AbsError: 1.05541e-12
      Equation: "PotentialEquation"	RelError: 2.47412e-14	AbsError: 2.71157e-14
    Region: "oxide"	RelError: 4.32852e-11	AbsError: 3.79052e-11
      Equation: "PotentialEquation"	RelError: 4.32852e-11	AbsError: 3.79052e-11
Iteration: 3
  Device: "mos2d"	RelError: 2.61067e-07	AbsError: 8.17475e+03
    Region: "bulk"	RelError: 2.61067e-07	AbsError: 2.65368e+03
      Equation: "ElectronContinuityEquation"	RelError: 2.31423e-07	AbsError: 1.78251e+03
      Equation: "HoleContinuityEquation"	RelError: 2.96441e-08	AbsError: 8.71165e+02
      Equation: "PotentialEquation"	RelError: 8.10526e-14	AbsError: 6.37183e-16
    Region: "gate"	RelError: 4.19323e-16	AbsError: 8.17475e+03
      Equation: "ElectronContinuityEquation"	RelError: 8.27155e-17	AbsError: 8.17475e+03
      Equation: "HoleContinuityEquation"	RelError: 2.35269e-16	AbsError: 2.37741e-16
      Equation: "PotentialEquation"	RelError: 1.01339e-16	AbsError: 1.11075e-16
    Region: "oxide"	RelError: 1.43813e-16	AbsError: 1.38309e-16
      Equation: "PotentialEquation"	RelError: 1.43813e-16	AbsError: 1.38309e-16
Succeeded
IVPOINT	IDVD_VG1P0	5.00000000e-01	1.24000000e+00	1.06588105e-01
drain last end 1.240000e+00 2.000000e+00
number of equations 5543
Iteration: 0
  Device: "mos2d"	RelError: 4.51171e+00	AbsError: 2.98764e+16
    Region: "bulk"	RelError: 4.50244e+00	AbsError: 2.98175e+16
      Equation: "ElectronContinuityEquation"	RelError: 2.75552e-01	AbsError: 2.82342e+16
      Equation: "HoleContinuityEquation"	RelError: 7.83549e-01	AbsError: 1.58331e+15
      Equation: "PotentialEquation"	RelError: 3.44334e+00	AbsError: 2.00000e-02
    Region: "gate"	RelError: 6.02487e-04	AbsError: 2.98764e+16
      Equation: "ElectronContinuityEquation"	RelError: 2.97639e-04	AbsError: 2.98764e+16
      Equation: "HoleContinuityEquation"	RelError: 2.97817e-04	AbsError: 2.96695e-04
      Equation: "PotentialEquation"	RelError: 7.03114e-06	AbsError: 7.70734e-06
    Region: "oxide"	RelError: 8.66934e-03	AbsError: 1.26172e-02
      Equation: "PotentialEquation"	RelError: 8.66934e-03	AbsError: 1.26172e-02
Iteration: 1
  Device: "mos2d"	RelError: 1.63346e-01	AbsError: 1.07974e+14
    Region: "bulk"	RelError: 1.63344e-01	AbsError: 1.07974e+14
      Equation: "ElectronContinuityEquation"	RelError: 2.81702e-02	AbsError: 7.00998e+13
      Equation: "HoleContinuityEquation"	RelError: 1.29487e-01	AbsError: 3.78744e+13
      Equation: "PotentialEquation"	RelError: 5.68651e-03	AbsError: 4.78415e-05
    Region: "gate"	RelError: 1.60694e-07	AbsError: 4.60302e+12
      Equation: "ElectronContinuityEquation"	RelError: 4.69657e-08	AbsError: 4.60302e+12
      Equation: "HoleContinuityEquation"	RelError: 1.12127e-07	AbsError: 1.11705e-07
      Equation: "PotentialEquation"	RelError: 1.60110e-09	AbsError: 1.75508e-09
    Region: "oxide"	RelError: 2.02935e-06	AbsError: 1.24827e-06
      Equation: "PotentialEquation"	RelError: 2.02935e-06	AbsError: 1.24827e-06
Iteration: 2
  Device: "mos2d"	RelError: 1.35278e-03	AbsError: 1.37623e+10
    Region: "bulk"	RelError: 1.35278e-03	AbsError: 1.37623e+10
      Equation: "ElectronContinuityEquation"	RelError: 1.27525e-03	AbsError: 2.61088e+09
      Equation: "HoleContinuityEquation"	RelError: 7.70385e-05	AbsError: 1.11514e+10
      Equation: "PotentialEquation"	RelError: 4.89695e-07	AbsError: 9.58696e-09
    Region: "gate"	RelError: 2.16030e-12	AbsError: 1.06333e+08
      Equation: "ElectronContinuityEquation"	RelError: 1.06732e-12	AbsError: 1.06333e+08
      Equation: "HoleContinuityEquation"	RelError: 1.06770e-12	AbsError: 1.07170e-12
      Equation: "PotentialEquation"	RelError: 2.52882e-14	AbsError: 2.77154e-14
    Region: "oxide"	RelError: 4.38823e-11	AbsError: 3.84149e-11
      Equation: "PotentialEquation"	RelError: 4.38823e-11	AbsError: 3.84149e-11
Iteration: 3
  Device: "mos2d"	RelError: 2.74302e-07	AbsError: 8.15810e+03
    Region: "bulk"	RelError: 2.74302e-07	AbsError: 1.92734e+03
      Equation: "ElectronContinuityEquation"	RelError: 2.55563e-07	AbsError: 1.08967e+03
      Equation: "HoleContinuityEquation"	RelError: 1.87378e-08	AbsError: 8.37672e+02
      Equation: "PotentialEquation"	RelError: 4.11251e-13	AbsError: 6.57575e-16
    Region: "gate"	RelError: 3.67597e-16	AbsError: 8.15810e+03
      Equation: "ElectronContinuityEquation"	RelError: 8.15810e-17	AbsError: 8.15810e+03
      Equation: "HoleContinuityEquation"	RelError: 1.84015e-16	AbsError: 1.85246e-16
      Equation: "PotentialEquation"	RelError: 1.02001e-16	AbsError: 1.11801e-16
    Region: "oxide"	RelError: 1.59368e-16	AbsError: 1.21737e-16
      Equation: "PotentialEquation"	RelError: 1.59368e-16	AbsError: 1.21737e-16
Succeeded
IVPOINT	IDVD_VG1P0	5.00000000e-01	1.26000000e+00	1.06924273e-01
drain last end 1.260000e+00 2.000000e+00
number of equations 5543
Iteration: 0
  Device: "mos2d"	RelError: 6.46963e+00	AbsError: 2.98718e+16
    Region: "bulk"	RelError: 6.46043e+00	AbsError: 2.97742e+16
      Equation: "ElectronContinuityEquation"	RelError: 2.71474e-01	AbsError: 2.81877e+16
      Equation: "HoleContinuityEquation"	RelError: 7.87168e-01	AbsError: 1.58656e+15
      Equation: "PotentialEquation"	RelError: 5.40179e+00	AbsError: 2.00000e-02
    Region: "gate"	RelError: 6.02214e-04	AbsError: 2.98718e+16
      Equation: "ElectronContinuityEquation"	RelError: 2.97505e-04	AbsError: 2.98718e+16
      Equation: "HoleContinuityEquation"	RelError: 2.97682e-04	AbsError: 2.96473e-04
      Equation: "PotentialEquation"	RelError: 7.02791e-06	AbsError: 7.70385e-06
    Region: "oxide"	RelError: 8.59375e-03	AbsError: 1.26155e-02
      Equation: "PotentialEquation"	RelError: 8.59375e-03	AbsError: 1.26155e-02
Iteration: 1
  Device: "mos2d"	RelError: 1.75661e-01	AbsError: 1.06478e+14
    Region: "bulk"	RelError: 1.75658e-01	AbsError: 1.06478e+14
      Equation: "ElectronContinuityEquation"	RelError: 2.77179e-02	AbsError: 6.90902e+13
      Equation: "HoleContinuityEquation"	RelError: 1.30367e-01	AbsError: 3.73879e+13
      Equation: "PotentialEquation"	RelError: 1.75737e-02	AbsError: 4.81168e-05
    Region: "gate"	RelError: 1.57615e-07	AbsError: 4.50699e+12
      Equation: "ElectronContinuityEquation"	RelError: 4.59850e-08	AbsError: 4.50699e+12
      Equation: "HoleContinuityEquation"	RelError: 1.10076e-07	AbsError: 1.09629e-07
      Equation: "PotentialEquation"	RelError: 1.55360e-09	AbsError: 1.70303e-09
    Region: "oxide"	RelError: 1.98598e-06	AbsError: 1.22010e-06
      Equation: "PotentialEquation"	RelError: 1.98598e-06	AbsError: 1.22010e-06
Iteration: 2
  Device: "mos2d"	RelError: 1.40093e-03	AbsError: 1.34394e+10
    Region: "bulk"	RelError: 1.40093e-03	AbsError: 1.34394e+10
      Equation: "ElectronContinuityEquation"	RelError: 1.32124e-03	AbsError: 2.55797e+09
      Equation: "HoleContinuityEquation"	RelError: 7.66213e-05	AbsError: 1.08815e+10
      Equation: "PotentialEquation"	RelError: 3.06756e-06	AbsError: 1.00680e-08
    Region: "gate"	RelError: 2.20610e-12	AbsError: 1.08604e+08
      Equation: "ElectronContinuityEquation"	RelError: 1.08996e-12	AbsError: 1.08604e+08
      Equation: "HoleContinuityEquation"	RelError: 1.09029e-12	AbsError: 1.09423e-12
      Equation: "PotentialEquation"	RelError: 2.58464e-14	AbsError: 2.83272e-14
    Region: "oxide"	RelError: 4.47956e-11	AbsError: 3.91619e-11
      Equation: "PotentialEquation"	RelError: 4.47956e-11	AbsError: 3.91619e-11
Iteration: 3
  Device: "mos2d"	RelError: 1.61323e-05	AbsError: 8.16042e+03
    Region: "bulk"	RelError: 1.61323e-05	AbsError: 2.48872e+03
      Equation: "ElectronContinuityEquation"	RelError: 1.61226e-05	AbsError: 1.68078e+03
      Equation: "HoleContinuityEquation"	RelError: 9.74574e-09	AbsError: 8.07934e+02
      Equation: "PotentialEquation"	RelError: 2.12470e-13	AbsError: 6.93350e-16
    Region: "gate"	RelError: 3.74446e-16	AbsError: 8.16042e+03
      Equation: "ElectronContinuityEquation"	RelError: 8.29609e-17	AbsError: 8.16042e+03
      Equation: "HoleContinuityEquation"	RelError: 1.90180e-16	AbsError: 1.92414e-16
      Equation: "PotentialEquation"	RelError: 1.01305e-16	AbsError: 1.11037e-16
    Region: "oxide"	RelError: 1.48151e-16	AbsError: 1.13886e-16
      Equation: "PotentialEquation"	RelError: 1.48151e-16	AbsError: 1.13886e-16
Succeeded
IVPOINT	IDVD_VG1P0	5.00000000e-01	1.28000000e+00	1.07257640e-01
drain last end 1.280000e+00 2.000000e+00
number of equations 5543
Iteration: 0
  Device: "mos2d"	RelError: 4.41390e+00	AbsError: 2.98675e+16
    Region: "bulk"	RelError: 4.40478e+00	AbsError: 2.97266e+16
      Equation: "ElectronContinuityEquation"	RelError: 2.66680e-01	AbsError: 2.81394e+16
      Equation: "HoleContinuityEquation"	RelError: 7.89979e-01	AbsError: 1.58719e+15
      Equation: "PotentialEquation"	RelError: 3.34812e+00	AbsError: 2.00000e-02
    Region: "gate"	RelError: 6.01949e-04	AbsError: 2.98675e+16
      Equation: "ElectronContinuityEquation"	RelError: 2.97374e-04	AbsError: 2.98675e+16
      Equation: "HoleContinuityEquation"	RelError: 2.97551e-04	AbsError: 2.96254e-04
      Equation: "PotentialEquation"	RelError: 7.02476e-06	AbsError: 7.70046e-06
    Region: "oxide"	RelError: 8.51955e-03	AbsError: 1.26141e-02
      Equation: "PotentialEquation"	RelError: 8.51955e-03	AbsError: 1.26141e-02
Iteration: 1
  Device: "mos2d"	RelError: 1.65382e-01	AbsError: 1.04669e+14
    Region: "bulk"	RelError: 1.65380e-01	AbsError: 1.04669e+14
      Equation: "ElectronContinuityEquation"	RelError: 2.72082e-02	AbsError: 6.81051e+13
      Equation: "HoleContinuityEquation"	RelError: 1.31126e-01	AbsError: 3.65639e+13
      Equation: "PotentialEquation"	RelError: 7.04551e-03	AbsError: 4.81085e-05
    Region: "gate"	RelError: 1.54831e-07	AbsError: 4.41317e+12
      Equation: "ElectronContinuityEquation"	RelError: 4.50269e-08	AbsError: 4.41317e+12
      Equation: "HoleContinuityEquation"	RelError: 1.08292e-07	AbsError: 1.07820e-07
      Equation: "PotentialEquation"	RelError: 1.51237e-09	AbsError: 1.65784e-09
    Region: "oxide"	RelError: 1.94364e-06	AbsError: 1.19262e-06
      Equation: "PotentialEquation"	RelError: 1.94364e-06	AbsError: 1.19262e-06
Iteration: 2
  Device: "mos2d"	RelError: 1.37849e-03	AbsError: 1.28871e+10
    Region: "bulk"	RelError: 1.37849e-03	AbsError: 1.28871e+10
      Equation: "ElectronContinuityEquation"	RelError: 1.30271e-03	AbsError: 2.48097e+09
      Equation: "HoleContinuityEquation"	RelError: 7.51324e-05	AbsError: 1.04061e+10
      Equation: "PotentialEquation"	RelError: 6.42609e-07	AbsError: 1.03750e-08
    Region: "gate"	RelError: 2.26357e-12	AbsError: 1.11452e+08
      Equation: "ElectronContinuityEquation"	RelError: 1.11839e-12	AbsError: 1.11452e+08
      Equation: "HoleContinuityEquation"	RelError: 1.11883e-12	AbsError: 1.12271e-12
      Equation: "PotentialEquation"	RelError: 2.63554e-14	AbsError: 2.88851e-14
    Region: "oxide"	RelError: 4.59858e-11	AbsError: 4.01251e-11
      Equation: "PotentialEquation"	RelError: 4.59858e-11	AbsError: 4.01251e-11
Iteration: 3
  Device: "mos2d"	RelError: 1.83155e-05	AbsError: 8.18602e+03
    Region: "bulk"	RelError: 1.83155e-05	AbsError: 3.14157e+03
      Equation: "ElectronContinuityEquation"	RelError: 1.82953e-05	AbsError: 2.41434e+03
      Equation: "HoleContinuityEquation"	RelError: 2.02196e-08	AbsError: 7.27224e+02
      Equation: "PotentialEquation"	RelError: 4.48119e-13	AbsError: 8.13918e-16
    Region: "gate"	RelError: 4.57879e-16	AbsError: 8.18602e+03
      Equation: "ElectronContinuityEquation"	RelError: 8.18609e-17	AbsError: 8.18602e+03
      Equation: "HoleContinuityEquation"	RelError: 2.74702e-16	AbsError: 2.79200e-16
      Equation: "PotentialEquation"	RelError: 1.01316e-16	AbsError: 1.11050e-16
    Region: "oxide"	RelError: 1.68422e-16	AbsError: 1.18898e-16
      Equation: "PotentialEquation"	RelError: 1.68422e-16	AbsError: 1.18898e-16
Succeeded
IVPOINT	IDVD_VG1P0	5.00000000e-01	1.30000000e+00	1.07588265e-01
drain last end 1.300000e+00 2.000000e+00
number of equations 5543
Iteration: 0
  Device: "mos2d"	RelError: 1.83213e+00	AbsError: 2.98636e+16
    Region: "bulk"	RelError: 1.82308e+00	AbsError: 2.96746e+16
      Equation: "ElectronContinuityEquation"	RelError: 2.61009e-01	AbsError: 2.80896e+16
      Equation: "HoleContinuityEquation"	RelError: 7.91549e-01	AbsError: 1.58509e+15
      Equation: "PotentialEquation"	RelError: 7.70520e-01	AbsError: 2.00000e-02
    Region: "gate"	RelError: 6.01691e-04	AbsError: 2.98636e+16
      Equation: "ElectronContinuityEquation"	RelError: 2.97246e-04	AbsError: 2.98636e+16
      Equation: "HoleContinuityEquation"	RelError: 2.97423e-04	AbsError: 2.96039e-04
      Equation: "PotentialEquation"	RelError: 7.02170e-06	AbsError: 7.69716e-06
    Region: "oxide"	RelError: 8.44669e-03	AbsError: 1.26127e-02
      Equation: "PotentialEquation"	RelError: 8.44669e-03	AbsError: 1.26127e-02
Iteration: 1
  Device: "mos2d"	RelError: 1.59957e-01	AbsError: 1.02578e+14
    Region: "bulk"	RelError: 1.59955e-01	AbsError: 1.02578e+14
      Equation: "ElectronContinuityEquation"	RelError: 2.66287e-02	AbsError: 6.71428e+13
      Equation: "HoleContinuityEquation"	RelError: 1.31701e-01	AbsError: 3.54349e+13
      Equation: "PotentialEquation"	RelError: 1.62497e-03	AbsError: 4.78063e-05
    Region: "gate"	RelError: 1.52310e-07	AbsError: 4.32148e+12
      Equation: "ElectronContinuityEquation"	RelError: 4.40907e-08	AbsError: 4.32148e+12
      Equation: "HoleContinuityEquation"	RelError: 1.06743e-07	AbsError: 1.06246e-07
      Equation: "PotentialEquation"	RelError: 1.47668e-09	AbsError: 1.61873e-09
    Region: "oxide"	RelError: 1.90231e-06	AbsError: 1.16579e-06
      Equation: "PotentialEquation"	RelError: 1.90231e-06	AbsError: 1.16579e-06
Iteration: 2
  Device: "mos2d"	RelError: 1.29015e-03	AbsError: 1.21395e+10
    Region: "bulk"	RelError: 1.29015e-03	AbsError: 1.21395e+10
      Equation: "ElectronContinuityEquation"	RelError: 1.21730e-03	AbsError: 2.37888e+09
      Equation: "HoleContinuityEquation"	RelError: 7.25731e-05	AbsError: 9.76058e+09
      Equation: "PotentialEquation"	RelError: 2.72114e-07	AbsError: 1.04830e-08
    Region: "gate"	RelError: 2.33116e-12	AbsError: 1.14808e+08
      Equation: "ElectronContinuityEquation"	RelError: 1.15191e-12	AbsError: 1.14808e+08
      Equation: "HoleContinuityEquation"	RelError: 1.15204e-12	AbsError: 1.15587e-12
      Equation: "PotentialEquation"	RelError: 2.72116e-14	AbsError: 2.98236e-14
    Region: "oxide"	RelError: 4.74062e-11	AbsError: 4.12747e-11
      Equation: "PotentialEquation"	RelError: 4.74062e-11	AbsError: 4.12747e-11
Iteration: 3
  Device: "mos2d"	RelError: 1.67831e-07	AbsError: 8.44117e+03
    Region: "bulk"	RelError: 1.67831e-07	AbsError: 3.19666e+03
      Equation: "ElectronContinuityEquation"	RelError: 1.52853e-07	AbsError: 2.47057e+03
      Equation: "HoleContinuityEquation"	RelError: 1.49776e-08	AbsError: 7.26092e+02
      Equation: "PotentialEquation"	RelError: 1.16809e-13	AbsError: 8.30015e-16
    Region: "gate"	RelError: 4.11046e-16	AbsError: 8.44117e+03
      Equation: "ElectronContinuityEquation"	RelError: 8.57097e-17	AbsError: 8.44117e+03
      Equation: "HoleContinuityEquation"	RelError: 2.24023e-16	AbsError: 2.27691e-16
      Equation: "PotentialEquation"	RelError: 1.01313e-16	AbsError: 1.11047e-16
    Region: "oxide"	RelError: 1.82480e-16	AbsError: 1.13620e-16
      Equation: "PotentialEquation"	RelError: 1.82480e-16	AbsError: 1.13620e-16
Succeeded
IVPOINT	IDVD_VG1P0	5.00000000e-01	1.32000000e+00	1.07916209e-01
drain last end 1.320000e+00 2.000000e+00
number of equations 5543
Iteration: 0
  Device: "mos2d"	RelError: 1.57014e+00	AbsError: 2.98600e+16
    Region: "bulk"	RelError: 1.56116e+00	AbsError: 2.96182e+16
      Equation: "ElectronContinuityEquation"	RelError: 2.54277e-01	AbsError: 2.80381e+16
      Equation: "HoleContinuityEquation"	RelError: 7.91228e-01	AbsError: 1.58012e+15
      Equation: "PotentialEquation"	RelError: 5.15654e-01	AbsError: 2.00000e-02
    Region: "gate"	RelError: 6.01439e-04	AbsError: 2.98600e+16
      Equation: "ElectronContinuityEquation"	RelError: 2.97122e-04	AbsError: 2.98600e+16
      Equation: "HoleContinuityEquation"	RelError: 2.97298e-04	AbsError: 2.95827e-04
      Equation: "PotentialEquation"	RelError: 7.01871e-06	AbsError: 7.69393e-06
    Region: "oxide"	RelError: 8.37512e-03	AbsError: 1.26115e-02
      Equation: "PotentialEquation"	RelError: 8.37512e-03	AbsError: 1.26115e-02
Iteration: 1
  Device: "mos2d"	RelError: 1.58969e-01	AbsError: 1.00243e+14
    Region: "bulk"	RelError: 1.58967e-01	AbsError: 1.00243e+14
      Equation: "ElectronContinuityEquation"	RelError: 2.59656e-02	AbsError: 6.62022e+13
      Equation: "HoleContinuityEquation"	RelError: 1.31994e-01	AbsError: 3.40413e+13
      Equation: "PotentialEquation"	RelError: 1.00763e-03	AbsError: 4.72103e-05
    Region: "gate"	RelError: 1.50025e-07	AbsError: 4.23190e+12
      Equation: "ElectronContinuityEquation"	RelError: 4.31760e-08	AbsError: 4.23190e+12
      Equation: "HoleContinuityEquation"	RelError: 1.05403e-07	AbsError: 1.04881e-07
      Equation: "PotentialEquation"	RelError: 1.44590e-09	AbsError: 1.58500e-09
    Region: "oxide"	RelError: 1.86195e-06	AbsError: 1.13962e-06
      Equation: "PotentialEquation"	RelError: 1.86195e-06	AbsError: 1.13962e-06
Iteration: 2
  Device: "mos2d"	RelError: 1.14342e-03	AbsError: 1.16168e+10
    Region: "bulk"	RelError: 1.14342e-03	AbsError: 1.16168e+10
      Equation: "ElectronContinuityEquation"	RelError: 1.07425e-03	AbsError: 2.25215e+09
      Equation: "HoleContinuityEquation"	RelError: 6.90001e-05	AbsError: 9.36469e+09
      Equation: "PotentialEquation"	RelError: 1.63230e-07	AbsError: 1.03789e-08
    Region: "gate"	RelError: 2.40681e-12	AbsError: 1.18553e+08
      Equation: "ElectronContinuityEquation"	RelError: 1.18931e-12	AbsError: 1.18553e+08
      Equation: "HoleContinuityEquation"	RelError: 1.18942e-12	AbsError: 1.19322e-12
      Equation: "PotentialEquation"	RelError: 2.80775e-14	AbsError: 3.07727e-14
    Region: "oxide"	RelError: 4.90648e-11	AbsError: 4.25760e-11
      Equation: "PotentialEquation"	RelError: 4.90648e-11	AbsError: 4.25760e-11
Iteration: 3
  Device: "mos2d"	RelError: 2.30832e-07	AbsError: 8.05400e+03
    Region: "bulk"	RelError: 2.30832e-07	AbsError: 2.28958e+03
      Equation: "ElectronContinuityEquation"	RelError: 2.13645e-07	AbsError: 1.53141e+03
      Equation: "HoleContinuityEquation"	RelError: 1.71867e-08	AbsError: 7.58165e+02
      Equation: "PotentialEquation"	RelError: 9.35385e-14	AbsError: 8.18576e-16
    Region: "gate"	RelError: 3.85907e-16	AbsError: 8.05400e+03
      Equation: "ElectronContinuityEquation"	RelError: 8.19128e-17	AbsError: 8.05400e+03
      Equation: "HoleContinuityEquation"	RelError: 2.02655e-16	AbsError: 2.04745e-16
      Equation: "PotentialEquation"	RelError: 1.01339e-16	AbsError: 1.11076e-16
    Region: "oxide"	RelError: 1.65547e-16	AbsError: 1.07184e-16
      Equation: "PotentialEquation"	RelError: 1.65547e-16	AbsError: 1.07184e-16
Succeeded
IVPOINT	IDVD_VG1P0	5.00000000e-01	1.34000000e+00	1.08241529e-01
drain last end 1.340000e+00 2.000000e+00
number of equations 5543
Iteration: 0
  Device: "mos2d"	RelError: 2.11627e+00	AbsError: 2.98566e+16
    Region: "bulk"	RelError: 2.10737e+00	AbsError: 2.95573e+16
      Equation: "ElectronContinuityEquation"	RelError: 2.46283e-01	AbsError: 2.79851e+16
      Equation: "HoleContinuityEquation"	RelError: 7.88041e-01	AbsError: 1.57219e+15
      Equation: "PotentialEquation"	RelError: 1.07304e+00	AbsError: 2.00000e-02
    Region: "gate"	RelError: 6.01192e-04	AbsError: 2.98566e+16
      Equation: "ElectronContinuityEquation"	RelError: 2.97000e-04	AbsError: 2.98566e+16
      Equation: "HoleContinuityEquation"	RelError: 2.97176e-04	AbsError: 2.95618e-04
      Equation: "PotentialEquation"	RelError: 7.01578e-06	AbsError: 7.69077e-06
    Region: "oxide"	RelError: 8.30480e-03	AbsError: 1.26103e-02
      Equation: "PotentialEquation"	RelError: 8.30480e-03	AbsError: 1.26103e-02
Iteration: 1
  Device: "mos2d"	RelError: 1.58681e-01	AbsError: 9.77104e+13
    Region: "bulk"	RelError: 1.58679e-01	AbsError: 9.77104e+13
      Equation: "ElectronContinuityEquation"	RelError: 2.52047e-02	AbsError: 6.52821e+13
      Equation: "HoleContinuityEquation"	RelError: 1.31860e-01	AbsError: 3.24282e+13
      Equation: "PotentialEquation"	RelError: 1.61393e-03	AbsError: 4.63310e-05
    Region: "gate"	RelError: 1.47952e-07	AbsError: 4.14441e+12
      Equation: "ElectronContinuityEquation"	RelError: 4.22826e-08	AbsError: 4.14441e+12
      Equation: "HoleContinuityEquation"	RelError: 1.04250e-07	AbsError: 1.03703e-07
      Equation: "PotentialEquation"	RelError: 1.41952e-09	AbsError: 1.55609e-09
    Region: "oxide"	RelError: 1.82256e-06	AbsError: 1.11410e-06
      Equation: "PotentialEquation"	RelError: 1.82256e-06	AbsError: 1.11410e-06
Iteration: 2
  Device: "mos2d"	RelError: 1.10546e-03	AbsError: 1.12544e+10
    Region: "bulk"	RelError: 1.10546e-03	AbsError: 1.12544e+10
      Equation: "ElectronContinuityEquation"	RelError: 1.04074e-03	AbsError: 2.10284e+09
      Equation: "HoleContinuityEquation"	RelError: 6.45225e-05	AbsError: 9.15158e+09
      Equation: "PotentialEquation"	RelError: 2.01817e-07	AbsError: 1.00638e-08
    Region: "gate"	RelError: 2.48889e-12	AbsError: 1.22600e+08
      Equation: "ElectronContinuityEquation"	RelError: 1.22974e-12	AbsError: 1.22600e+08
      Equation: "HoleContinuityEquation"	RelError: 1.23006e-12	AbsError: 1.23382e-12
      Equation: "PotentialEquation"	RelError: 2.90859e-14	AbsError: 3.18780e-14
    Region: "oxide"	RelError: 5.09833e-11	AbsError: 4.39913e-11
      Equation: "PotentialEquation"	RelError: 5.09833e-11	AbsError: 4.39913e-11
Iteration: 3
  Device: "mos2d"	RelError: 2.42835e-05	AbsError: 8.01064e+03
    Region: "bulk"	RelError: 2.42835e-05	AbsError: 2.53933e+03
      Equation: "ElectronContinuityEquation"	RelError: 2.42650e-05	AbsError: 1.80986e+03
      Equation: "HoleContinuityEquation"	RelError: 1.84628e-08	AbsError: 7.29470e+02
      Equation: "PotentialEquation"	RelError: 4.98080e-14	AbsError: 7.68656e-16
    Region: "gate"	RelError: 4.12292e-16	AbsError: 8.01064e+03
      Equation: "ElectronContinuityEquation"	RelError: 8.01064e-17	AbsError: 8.01064e+03
      Equation: "HoleContinuityEquation"	RelError: 2.30860e-16	AbsError: 2.34051e-16
      Equation: "PotentialEquation"	RelError: 1.01326e-16	AbsError: 1.11060e-16
    Region: "oxide"	RelError: 1.40496e-16	AbsError: 1.12822e-16
      Equation: "PotentialEquation"	RelError: 1.40496e-16	AbsError: 1.12822e-16
Succeeded
IVPOINT	IDVD_VG1P0	5.00000000e-01	1.36000000e+00	1.08564280e-01
drain last end 1.360000e+00 2.000000e+00
number of equations 5543
Iteration: 0
  Device: "mos2d"	RelError: 1.48467e+01	AbsError: 2.98534e+16
    Region: "bulk"	RelError: 1.48379e+01	AbsError: 2.94917e+16
      Equation: "ElectronContinuityEquation"	RelError: 2.36817e-01	AbsError: 2.79305e+16
      Equation: "HoleContinuityEquation"	RelError: 7.80563e-01	AbsError: 1.56122e+15
      Equation: "PotentialEquation"	RelError: 1.38205e+01	AbsError: 2.00000e-02
    Region: "gate"	RelError: 6.00949e-04	AbsError: 2.98534e+16
      Equation: "ElectronContinuityEquation"	RelError: 2.96880e-04	AbsError: 2.98534e+16
      Equation: "HoleContinuityEquation"	RelError: 2.97056e-04	AbsError: 2.95411e-04
      Equation: "PotentialEquation"	RelError: 7.01290e-06	AbsError: 7.68767e-06
    Region: "oxide"	RelError: 8.23569e-03	AbsError: 1.26092e-02
      Equation: "PotentialEquation"	RelError: 8.23569e-03	AbsError: 1.26092e-02
Iteration: 1
  Device: "mos2d"	RelError: 1.75597e-01	AbsError: 9.57829e+13
    Region: "bulk"	RelError: 1.75595e-01	AbsError: 9.57829e+13
      Equation: "ElectronContinuityEquation"	RelError: 2.43312e-02	AbsError: 6.43819e+13
      Equation: "HoleContinuityEquation"	RelError: 1.31084e-01	AbsError: 3.14010e+13
      Equation: "PotentialEquation"	RelError: 2.01793e-02	AbsError: 4.51896e-05
    Region: "gate"	RelError: 1.46072e-07	AbsError: 4.05902e+12
      Equation: "ElectronContinuityEquation"	RelError: 4.14107e-08	AbsError: 4.05902e+12
      Equation: "HoleContinuityEquation"	RelError: 1.03265e-07	AbsError: 1.02693e-07
      Equation: "PotentialEquation"	RelError: 1.39708e-09	AbsError: 1.53151e-09
    Region: "oxide"	RelError: 1.78415e-06	AbsError: 1.08926e-06
      Equation: "PotentialEquation"	RelError: 1.78415e-06	AbsError: 1.08926e-06
Iteration: 2
  Device: "mos2d"	RelError: 1.05934e-03	AbsError: 1.06830e+10
    Region: "bulk"	RelError: 1.05934e-03	AbsError: 1.06830e+10
      Equation: "ElectronContinuityEquation"	RelError: 9.99300e-04	AbsError: 1.93469e+09
      Equation: "HoleContinuityEquation"	RelError: 5.93009e-05	AbsError: 8.74833e+09
      Equation: "PotentialEquation"	RelError: 7.38222e-07	AbsError: 9.55350e-09
    Region: "gate"	RelError: 2.57466e-12	AbsError: 1.26854e+08
      Equation: "ElectronContinuityEquation"	RelError: 1.27224e-12	AbsError: 1.26854e+08
      Equation: "HoleContinuityEquation"	RelError: 1.27227e-12	AbsError: 1.27598e-12
      Equation: "PotentialEquation"	RelError: 3.01492e-14	AbsError: 3.30435e-14
    Region: "oxide"	RelError: 5.29770e-11	AbsError: 4.54821e-11
      Equation: "PotentialEquation"	RelError: 5.29770e-11	AbsError: 4.54821e-11
Iteration: 3
  Device: "mos2d"	RelError: 2.57446e-05	AbsError: 7.88195e+03
    Region: "bulk"	RelError: 2.57446e-05	AbsError: 2.36423e+03
      Equation: "ElectronContinuityEquation"	RelError: 2.57279e-05	AbsError: 1.68288e+03
      Equation: "HoleContinuityEquation"	RelError: 1.66720e-08	AbsError: 6.81356e+02
      Equation: "PotentialEquation"	RelError: 1.29561e-13	AbsError: 7.32833e-16
    Region: "gate"	RelError: 4.06920e-16	AbsError: 7.88195e+03
      Equation: "ElectronContinuityEquation"	RelError: 8.01285e-17	AbsError: 7.88195e+03
      Equation: "HoleContinuityEquation"	RelError: 2.25037e-16	AbsError: 2.25692e-16
      Equation: "PotentialEquation"	RelError: 1.01754e-16	AbsError: 1.11530e-16
    Region: "oxide"	RelError: 1.59640e-16	AbsError: 1.13093e-16
      Equation: "PotentialEquation"	RelError: 1.59640e-16	AbsError: 1.13093e-16
Succeeded
IVPOINT	IDVD_VG1P0	5.00000000e-01	1.38000000e+00	1.08884516e-01
drain last end 1.380000e+00 2.000000e+00
number of equations 5543
Iteration: 0
  Device: "mos2d"	RelError: 6.09546e+00	AbsError: 2.98504e+16
    Region: "bulk"	RelError: 6.08669e+00	AbsError: 2.94215e+16
      Equation: "ElectronContinuityEquation"	RelError: 2.33384e-01	AbsError: 2.78743e+16
      Equation: "HoleContinuityEquation"	RelError: 7.66781e-01	AbsError: 1.54715e+15
      Equation: "PotentialEquation"	RelError: 5.08653e+00	AbsError: 2.00000e-02
    Region: "gate"	RelError: 6.00710e-04	AbsError: 2.98504e+16
      Equation: "ElectronContinuityEquation"	RelError: 2.96762e-04	AbsError: 2.98504e+16
      Equation: "HoleContinuityEquation"	RelError: 2.96938e-04	AbsError: 2.95205e-04
      Equation: "PotentialEquation"	RelError: 7.01006e-06	AbsError: 7.68461e-06
    Region: "oxide"	RelError: 8.16776e-03	AbsError: 1.26082e-02
      Equation: "PotentialEquation"	RelError: 8.16776e-03	AbsError: 1.26082e-02
Iteration: 1
  Device: "mos2d"	RelError: 1.59293e-01	AbsError: 9.36626e+13
    Region: "bulk"	RelError: 1.59291e-01	AbsError: 9.36626e+13
      Equation: "ElectronContinuityEquation"	RelError: 2.33336e-02	AbsError: 6.35009e+13
      Equation: "HoleContinuityEquation"	RelError: 1.29360e-01	AbsError: 3.01618e+13
      Equation: "PotentialEquation"	RelError: 6.59754e-03	AbsError: 4.38170e-05
    Region: "gate"	RelError: 1.44370e-07	AbsError: 3.97577e+12
      Equation: "ElectronContinuityEquation"	RelError: 4.05608e-08	AbsError: 3.97577e+12
      Equation: "HoleContinuityEquation"	RelError: 1.02431e-07	AbsError: 1.01834e-07
      Equation: "PotentialEquation"	RelError: 1.37822e-09	AbsError: 1.51085e-09
    Region: "oxide"	RelError: 1.74674e-06	AbsError: 1.06722e-06
      Equation: "PotentialEquation"	RelError: 1.74674e-06	AbsError: 1.06722e-06
Iteration: 2
  Device: "mos2d"	RelError: 9.65856e-04	AbsError: 9.93465e+09
    Region: "bulk"	RelError: 9.65856e-04	AbsError: 9.93465e+09
      Equation: "ElectronContinuityEquation"	RelError: 9.11784e-04	AbsError: 1.75281e+09
      Equation: "HoleContinuityEquation"	RelError: 5.35393e-05	AbsError: 8.18184e+09
      Equation: "PotentialEquation"	RelError: 5.32452e-07	AbsError: 8.87720e-09
    Region: "gate"	RelError: 2.66289e-12	AbsError: 1.31217e+08
      Equation: "ElectronContinuityEquation"	RelError: 1.31581e-12	AbsError: 1.31217e+08
      Equation: "HoleContinuityEquation"	RelError: 1.31593e-12	AbsError: 1.31959e-12
      Equation: "PotentialEquation"	RelError: 3.11515e-14	AbsError: 3.41422e-14
    Region: "oxide"	RelError: 5.49905e-11	AbsError: 4.70100e-11
      Equation: "PotentialEquation"	RelError: 5.49905e-11	AbsError: 4.70100e-11
Iteration: 3
  Device: "mos2d"	RelError: 4.87165e-07	AbsError: 8.03075e+03
    Region: "bulk"	RelError: 4.87165e-07	AbsError: 1.93270e+03
      Equation: "ElectronContinuityEquation"	RelError: 4.70392e-07	AbsError: 1.32902e+03
      Equation: "HoleContinuityEquation"	RelError: 1.67729e-08	AbsError: 6.03678e+02
      Equation: "PotentialEquation"	RelError: 6.13649e-14	AbsError: 6.57984e-16
    Region: "gate"	RelError: 3.75498e-16	AbsError: 8.03075e+03
      Equation: "ElectronContinuityEquation"	RelError: 8.03075e-17	AbsError: 8.03075e+03
      Equation: "HoleContinuityEquation"	RelError: 1.93869e-16	AbsError: 1.96699e-16
      Equation: "PotentialEquation"	RelError: 1.01322e-16	AbsError: 1.11057e-16
    Region: "oxide"	RelError: 1.35536e-16	AbsError: 1.08621e-16
      Equation: "PotentialEquation"	RelError: 1.35536e-16	AbsError: 1.08621e-16
Succeeded
IVPOINT	IDVD_VG1P0	5.00000000e-01	1.40000000e+00	1.09202292e-01
drain last end 1.400000e+00 2.000000e+00
number of equations 5543
Iteration: 0
  Device: "mos2d"	RelError: 2.23825e+01	AbsError: 2.98475e+16
    Region: "bulk"	RelError: 2.23738e+01	AbsError: 2.93466e+16
      Equation: "ElectronContinuityEquation"	RelError: 2.32299e-01	AbsError: 2.78166e+16
      Equation: "HoleContinuityEquation"	RelError: 7.56447e-01	AbsError: 1.52994e+15
      Equation: "PotentialEquation"	RelError: 2.13850e+01	AbsError: 2.00000e-02
    Region: "gate"	RelError: 6.00474e-04	AbsError: 2.98475e+16
      Equation: "ElectronContinuityEquation"	RelError: 2.96646e-04	AbsError: 2.98475e+16
      Equation: "HoleContinuityEquation"	RelError: 2.96822e-04	AbsError: 2.95002e-04
      Equation: "PotentialEquation"	RelError: 7.00726e-06	AbsError: 7.68160e-06
    Region: "oxide"	RelError: 8.10096e-03	AbsError: 1.26072e-02
      Equation: "PotentialEquation"	RelError: 8.10096e-03	AbsError: 1.26072e-02
Iteration: 1
  Device: "mos2d"	RelError: 2.07202e-01	AbsError: 9.13535e+13
    Region: "bulk"	RelError: 2.07200e-01	AbsError: 9.13535e+13
      Equation: "ElectronContinuityEquation"	RelError: 2.22022e-02	AbsError: 6.26384e+13
      Equation: "HoleContinuityEquation"	RelError: 1.26271e-01	AbsError: 2.87151e+13
      Equation: "PotentialEquation"	RelError: 5.87272e-02	AbsError: 4.22525e-05
    Region: "gate"	RelError: 1.42832e-07	AbsError: 3.89471e+12
      Equation: "ElectronContinuityEquation"	RelError: 3.97331e-08	AbsError: 3.89471e+12
      Equation: "HoleContinuityEquation"	RelError: 1.01737e-07	AbsError: 1.01113e-07
      Equation: "PotentialEquation"	RelError: 1.36263e-09	AbsError: 1.49376e-09
    Region: "oxide"	RelError: 1.71032e-06	AbsError: 1.04576e-06
      Equation: "PotentialEquation"	RelError: 1.71032e-06	AbsError: 1.04576e-06
Iteration: 2
  Device: "mos2d"	RelError: 8.45110e-04	AbsError: 9.05175e+09
    Region: "bulk"	RelError: 8.45110e-04	AbsError: 9.05175e+09
      Equation: "ElectronContinuityEquation"	RelError: 7.88462e-04	AbsError: 1.56329e+09
      Equation: "HoleContinuityEquation"	RelError: 4.74647e-05	AbsError: 7.48846e+09
      Equation: "PotentialEquation"	RelError: 9.18398e-06	AbsError: 8.07419e-09
    Region: "gate"	RelError: 2.75068e-12	AbsError: 1.35553e+08
      Equation: "ElectronContinuityEquation"	RelError: 1.35911e-12	AbsError: 1.35553e+08
      Equation: "HoleContinuityEquation"	RelError: 1.35938e-12	AbsError: 1.36296e-12
      Equation: "PotentialEquation"	RelError: 3.21951e-14	AbsError: 3.52861e-14
    Region: "oxide"	RelError: 5.69691e-11	AbsError: 4.85366e-11
      Equation: "PotentialEquation"	RelError: 5.69691e-11	AbsError: 4.85366e-11
Iteration: 3
  Device: "mos2d"	RelError: 3.89084e-08	AbsError: 8.16233e+03
    Region: "bulk"	RelError: 3.89084e-08	AbsError: 2.45333e+03
      Equation: "ElectronContinuityEquation"	RelError: 2.92598e-08	AbsError: 1.94290e+03
      Equation: "HoleContinuityEquation"	RelError: 9.64806e-09	AbsError: 5.10432e+02
      Equation: "PotentialEquation"	RelError: 5.25844e-13	AbsError: 5.46670e-16
    Region: "gate"	RelError: 3.50139e-16	AbsError: 8.16233e+03
      Equation: "ElectronContinuityEquation"	RelError: 8.16233e-17	AbsError: 8.16233e+03
      Equation: "HoleContinuityEquation"	RelError: 1.67193e-16	AbsError: 1.69927e-16
      Equation: "PotentialEquation"	RelError: 1.01322e-16	AbsError: 1.11056e-16
    Region: "oxide"	RelError: 1.17016e-16	AbsError: 1.14413e-16
      Equation: "PotentialEquation"	RelError: 1.17016e-16	AbsError: 1.14413e-16
Succeeded
IVPOINT	IDVD_VG1P0	5.00000000e-01	1.42000000e+00	1.09517657e-01
drain last end 1.420000e+00 2.000000e+00
number of equations 5543
Iteration: 0
  Device: "mos2d"	RelError: 1.93668e+00	AbsError: 2.98448e+16
    Region: "bulk"	RelError: 1.92804e+00	AbsError: 2.92669e+16
      Equation: "ElectronContinuityEquation"	RelError: 2.31173e-01	AbsError: 2.77573e+16
      Equation: "HoleContinuityEquation"	RelError: 7.43935e-01	AbsError: 1.50959e+15
      Equation: "PotentialEquation"	RelError: 9.52932e-01	AbsError: 2.00000e-02
    Region: "gate"	RelError: 6.00241e-04	AbsError: 2.98448e+16
      Equation: "ElectronContinuityEquation"	RelError: 2.96530e-04	AbsError: 2.98448e+16
      Equation: "HoleContinuityEquation"	RelError: 2.96706e-04	AbsError: 2.94800e-04
      Equation: "PotentialEquation"	RelError: 7.00449e-06	AbsError: 7.67862e-06
    Region: "oxide"	RelError: 8.03527e-03	AbsError: 1.26062e-02
      Equation: "PotentialEquation"	RelError: 8.03527e-03	AbsError: 1.26062e-02
Iteration: 1
  Device: "mos2d"	RelError: 1.47828e-01	AbsError: 8.91024e+13
    Region: "bulk"	RelError: 1.47826e-01	AbsError: 8.91024e+13
      Equation: "ElectronContinuityEquation"	RelError: 2.09358e-02	AbsError: 6.17942e+13
      Equation: "HoleContinuityEquation"	RelError: 1.24247e-01	AbsError: 2.73082e+13
      Equation: "PotentialEquation"	RelError: 2.64329e-03	AbsError: 4.05410e-05
    Region: "gate"	RelError: 1.41447e-07	AbsError: 3.81589e+12
      Equation: "ElectronContinuityEquation"	RelError: 3.89283e-08	AbsError: 3.81589e+12
      Equation: "HoleContinuityEquation"	RelError: 1.01169e-07	AbsError: 1.00519e-07
      Equation: "PotentialEquation"	RelError: 1.35002e-09	AbsError: 1.47995e-09
    Region: "oxide"	RelError: 1.67494e-06	AbsError: 1.02489e-06
      Equation: "PotentialEquation"	RelError: 1.67494e-06	AbsError: 1.02489e-06
Iteration: 2
  Device: "mos2d"	RelError: 8.09065e-04	AbsError: 8.08254e+09
    Region: "bulk"	RelError: 8.09065e-04	AbsError: 8.08254e+09
      Equation: "ElectronContinuityEquation"	RelError: 7.67368e-04	AbsError: 1.37260e+09
      Equation: "HoleContinuityEquation"	RelError: 4.13166e-05	AbsError: 6.70994e+09
      Equation: "PotentialEquation"	RelError: 3.80191e-07	AbsError: 7.18957e-09
    Region: "gate"	RelError: 2.83612e-12	AbsError: 1.39787e+08
      Equation: "ElectronContinuityEquation"	RelError: 1.40136e-12	AbsError: 1.39787e+08
      Equation: "HoleContinuityEquation"	RelError: 1.40167e-12	AbsError: 1.40517e-12
      Equation: "PotentialEquation"	RelError: 3.30837e-14	AbsError: 3.62600e-14
    Region: "oxide"	RelError: 5.88593e-11	AbsError: 5.00238e-11
      Equation: "PotentialEquation"	RelError: 5.88593e-11	AbsError: 5.00238e-11
Iteration: 3
  Device: "mos2d"	RelError: 2.74977e-05	AbsError: 8.12862e+03
    Region: "bulk"	RelError: 2.74977e-05	AbsError: 2.07599e+03
      Equation: "ElectronContinuityEquation"	RelError: 2.74807e-05	AbsError: 1.65763e+03
      Equation: "HoleContinuityEquation"	RelError: 1.70563e-08	AbsError: 4.18361e+02
      Equation: "PotentialEquation"	RelError: 2.32284e-14	AbsError: 4.51502e-16
    Region: "gate"	RelError: 3.80292e-16	AbsError: 8.12862e+03
      Equation: "ElectronContinuityEquation"	RelError: 8.12865e-17	AbsError: 8.12862e+03
      Equation: "HoleContinuityEquation"	RelError: 1.97301e-16	AbsError: 2.00531e-16
      Equation: "PotentialEquation"	RelError: 1.01705e-16	AbsError: 1.11476e-16
    Region: "oxide"	RelError: 1.44448e-16	AbsError: 1.00687e-16
      Equation: "PotentialEquation"	RelError: 1.44448e-16	AbsError: 1.00687e-16
Succeeded
IVPOINT	IDVD_VG1P0	5.00000000e-01	1.44000000e+00	1.09830664e-01
drain last end 1.440000e+00 2.000000e+00
number of equations 5543
Iteration: 0
  Device: "mos2d"	RelError: 1.55458e+00	AbsError: 2.98421e+16
    Region: "bulk"	RelError: 1.54601e+00	AbsError: 2.91826e+16
      Equation: "ElectronContinuityEquation"	RelError: 2.29991e-01	AbsError: 2.76965e+16
      Equation: "HoleContinuityEquation"	RelError: 7.32920e-01	AbsError: 1.48610e+15
      Equation: "PotentialEquation"	RelError: 5.83098e-01	AbsError: 2.00000e-02
    Region: "gate"	RelError: 6.00010e-04	AbsError: 2.98421e+16
      Equation: "ElectronContinuityEquation"	RelError: 2.96416e-04	AbsError: 2.98421e+16
      Equation: "HoleContinuityEquation"	RelError: 2.96592e-04	AbsError: 2.94599e-04
      Equation: "PotentialEquation"	RelError: 7.00175e-06	AbsError: 7.67566e-06
    Region: "oxide"	RelError: 7.97064e-03	AbsError: 1.26053e-02
      Equation: "PotentialEquation"	RelError: 7.97064e-03	AbsError: 1.26053e-02
Iteration: 1
  Device: "mos2d"	RelError: 1.43334e-01	AbsError: 8.67717e+13
    Region: "bulk"	RelError: 1.43332e-01	AbsError: 8.67717e+13
      Equation: "ElectronContinuityEquation"	RelError: 2.02223e-02	AbsError: 6.09679e+13
      Equation: "HoleContinuityEquation"	RelError: 1.21475e-01	AbsError: 2.58038e+13
      Equation: "PotentialEquation"	RelError: 1.63416e-03	AbsError: 3.87309e-05
    Region: "gate"	RelError: 1.40207e-07	AbsError: 3.73936e+12
      Equation: "ElectronContinuityEquation"	RelError: 3.81469e-08	AbsError: 3.73936e+12
      Equation: "HoleContinuityEquation"	RelError: 1.00719e-07	AbsError: 1.00043e-07
      Equation: "PotentialEquation"	RelError: 1.34019e-09	AbsError: 1.46919e-09
    Region: "oxide"	RelError: 1.64061e-06	AbsError: 1.00463e-06
      Equation: "PotentialEquation"	RelError: 1.64061e-06	AbsError: 1.00463e-06
Iteration: 2
  Device: "mos2d"	RelError: 8.96961e-04	AbsError: 7.07600e+09
    Region: "bulk"	RelError: 8.96961e-04	AbsError: 7.07600e+09
      Equation: "ElectronContinuityEquation"	RelError: 8.61459e-04	AbsError: 1.18697e+09
      Equation: "HoleContinuityEquation"	RelError: 3.53162e-05	AbsError: 5.88903e+09
      Equation: "PotentialEquation"	RelError: 1.85995e-07	AbsError: 6.26953e-09
    Region: "gate"	RelError: 2.91737e-12	AbsError: 1.43819e+08
      Equation: "ElectronContinuityEquation"	RelError: 1.44158e-12	AbsError: 1.43819e+08
      Equation: "HoleContinuityEquation"	RelError: 1.44172e-12	AbsError: 1.44512e-12
      Equation: "PotentialEquation"	RelError: 3.40685e-14	AbsError: 3.73395e-14
    Region: "oxide"	RelError: 6.06091e-11	AbsError: 5.14336e-11
      Equation: "PotentialEquation"	RelError: 6.06091e-11	AbsError: 5.14336e-11
Iteration: 3
  Device: "mos2d"	RelError: 2.71898e-05	AbsError: 8.07150e+03
    Region: "bulk"	RelError: 2.71898e-05	AbsError: 1.88924e+03
      Equation: "ElectronContinuityEquation"	RelError: 2.71725e-05	AbsError: 1.56565e+03
      Equation: "HoleContinuityEquation"	RelError: 1.73162e-08	AbsError: 3.23589e+02
      Equation: "PotentialEquation"	RelError: 2.65763e-14	AbsError: 3.24753e-16
    Region: "gate"	RelError: 3.94158e-16	AbsError: 8.07150e+03
      Equation: "ElectronContinuityEquation"	RelError: 8.07157e-17	AbsError: 8.07150e+03
      Equation: "HoleContinuityEquation"	RelError: 2.12119e-16	AbsError: 2.15268e-16
      Equation: "PotentialEquation"	RelError: 1.01324e-16	AbsError: 1.11058e-16
    Region: "oxide"	RelError: 1.88939e-16	AbsError: 1.16823e-16
      Equation: "PotentialEquation"	RelError: 1.88939e-16	AbsError: 1.16823e-16
Succeeded
IVPOINT	IDVD_VG1P0	5.00000000e-01	1.46000000e+00	1.10141359e-01
drain last end 1.460000e+00 2.000000e+00
number of equations 5543
Iteration: 0
  Device: "mos2d"	RelError: 2.39477e+00	AbsError: 2.98396e+16
    Region: "bulk"	RelError: 2.38627e+00	AbsError: 2.91144e+16
      Equation: "ElectronContinuityEquation"	RelError: 2.28741e-01	AbsError: 2.76340e+16
      Equation: "HoleContinuityEquation"	RelError: 7.34452e-01	AbsError: 1.48039e+15
      Equation: "PotentialEquation"	RelError: 1.42307e+00	AbsError: 2.00000e-02
    Region: "gate"	RelError: 5.99781e-04	AbsError: 2.98396e+16
      Equation: "ElectronContinuityEquation"	RelError: 2.96303e-04	AbsError: 2.98396e+16
      Equation: "HoleContinuityEquation"	RelError: 2.96479e-04	AbsError: 2.94399e-04
      Equation: "PotentialEquation"	RelError: 6.99902e-06	AbsError: 7.67272e-06
    Region: "oxide"	RelError: 7.90706e-03	AbsError: 1.26044e-02
      Equation: "PotentialEquation"	RelError: 7.90706e-03	AbsError: 1.26044e-02
Iteration: 1
  Device: "mos2d"	RelError: 1.43296e-01	AbsError: 8.43719e+13
    Region: "bulk"	RelError: 1.43295e-01	AbsError: 8.43719e+13
      Equation: "ElectronContinuityEquation"	RelError: 2.00645e-02	AbsError: 6.01591e+13
      Equation: "HoleContinuityEquation"	RelError: 1.19384e-01	AbsError: 2.42128e+13
      Equation: "PotentialEquation"	RelError: 3.84567e-03	AbsError: 3.68710e-05
    Region: "gate"	RelError: 1.39102e-07	AbsError: 3.66520e+12
      Equation: "ElectronContinuityEquation"	RelError: 3.73897e-08	AbsError: 3.66520e+12
      Equation: "HoleContinuityEquation"	RelError: 1.00380e-07	AbsError: 9.96757e-08
      Equation: "PotentialEquation"	RelError: 1.33296e-09	AbsError: 1.46126e-09
    Region: "oxide"	RelError: 1.60736e-06	AbsError: 9.84995e-07
      Equation: "PotentialEquation"	RelError: 1.60736e-06	AbsError: 9.84995e-07
Iteration: 2
  Device: "mos2d"	RelError: 9.62202e-04	AbsError: 6.10117e+09
    Region: "bulk"	RelError: 9.62202e-04	AbsError: 6.10117e+09
      Equation: "ElectronContinuityEquation"	RelError: 9.32139e-04	AbsError: 1.03577e+09
      Equation: "HoleContinuityEquation"	RelError: 2.96553e-05	AbsError: 5.06539e+09
      Equation: "PotentialEquation"	RelError: 4.07613e-07	AbsError: 5.35689e-09
    Region: "gate"	RelError: 2.99214e-12	AbsError: 1.47523e+08
      Equation: "ElectronContinuityEquation"	RelError: 1.47850e-12	AbsError: 1.47523e+08
      Equation: "HoleContinuityEquation"	RelError: 1.47866e-12	AbsError: 1.48194e-12
      Equation: "PotentialEquation"	RelError: 3.49767e-14	AbsError: 3.83351e-14
    Region: "oxide"	RelError: 6.21676e-11	AbsError: 5.27279e-11
      Equation: "PotentialEquation"	RelError: 6.21676e-11	AbsError: 5.27279e-11
Iteration: 3
  Device: "mos2d"	RelError: 2.65203e-05	AbsError: 8.34264e+03
    Region: "bulk"	RelError: 2.65203e-05	AbsError: 1.60273e+03
      Equation: "ElectronContinuityEquation"	RelError: 2.64686e-05	AbsError: 1.26665e+03
      Equation: "HoleContinuityEquation"	RelError: 5.17642e-08	AbsError: 3.36080e+02
      Equation: "PotentialEquation"	RelError: 2.12199e-14	AbsError: 3.41937e-16
    Region: "gate"	RelError: 5.03784e-16	AbsError: 8.34264e+03
      Equation: "ElectronContinuityEquation"	RelError: 8.48449e-17	AbsError: 8.34264e+03
      Equation: "HoleContinuityEquation"	RelError: 3.16935e-16	AbsError: 3.21370e-16
      Equation: "PotentialEquation"	RelError: 1.02003e-16	AbsError: 1.11803e-16
    Region: "oxide"	RelError: 1.25768e-16	AbsError: 1.28469e-16
      Equation: "PotentialEquation"	RelError: 1.25768e-16	AbsError: 1.28469e-16
Succeeded
IVPOINT	IDVD_VG1P0	5.00000000e-01	1.48000000e+00	1.10449791e-01
drain last end 1.480000e+00 2.000000e+00
number of equations 5543
Iteration: 0
  Device: "mos2d"	RelError: 4.26318e+00	AbsError: 2.98371e+16
    Region: "bulk"	RelError: 4.25474e+00	AbsError: 2.90516e+16
      Equation: "ElectronContinuityEquation"	RelError: 2.27402e-01	AbsError: 2.75699e+16
      Equation: "HoleContinuityEquation"	RelError: 7.34770e-01	AbsError: 1.48172e+15
      Equation: "PotentialEquation"	RelError: 3.29256e+00	AbsError: 2.00000e-02
    Region: "gate"	RelError: 5.99552e-04	AbsError: 2.98371e+16
      Equation: "ElectronContinuityEquation"	RelError: 2.96190e-04	AbsError: 2.98371e+16
      Equation: "HoleContinuityEquation"	RelError: 2.96366e-04	AbsError: 2.94200e-04
      Equation: "PotentialEquation"	RelError: 6.99631e-06	AbsError: 7.66980e-06
    Region: "oxide"	RelError: 7.84449e-03	AbsError: 1.26036e-02
      Equation: "PotentialEquation"	RelError: 7.84449e-03	AbsError: 1.26036e-02
Iteration: 1
  Device: "mos2d"	RelError: 1.48054e-01	AbsError: 8.24147e+13
    Region: "bulk"	RelError: 1.48052e-01	AbsError: 8.24147e+13
      Equation: "ElectronContinuityEquation"	RelError: 1.99014e-02	AbsError: 5.93677e+13
      Equation: "HoleContinuityEquation"	RelError: 1.19694e-01	AbsError: 2.30470e+13
      Equation: "PotentialEquation"	RelError: 8.45711e-03	AbsError: 3.50083e-05
    Region: "gate"	RelError: 1.38129e-07	AbsError: 3.59345e+12
      Equation: "ElectronContinuityEquation"	RelError: 3.66572e-08	AbsError: 3.59345e+12
      Equation: "HoleContinuityEquation"	RelError: 1.00143e-07	AbsError: 9.94117e-08
      Equation: "PotentialEquation"	RelError: 1.32816e-09	AbsError: 1.45601e-09
    Region: "oxide"	RelError: 1.57521e-06	AbsError: 9.66005e-07
      Equation: "PotentialEquation"	RelError: 1.57521e-06	AbsError: 9.66005e-07
Iteration: 2
  Device: "mos2d"	RelError: 9.93919e-04	AbsError: 5.18175e+09
    Region: "bulk"	RelError: 9.93919e-04	AbsError: 5.18175e+09
      Equation: "ElectronContinuityEquation"	RelError: 9.68606e-04	AbsError: 9.09182e+08
      Equation: "HoleContinuityEquation"	RelError: 2.44801e-05	AbsError: 4.27256e+09
      Equation: "PotentialEquation"	RelError: 8.33179e-07	AbsError: 4.48781e-09
    Region: "gate"	RelError: 3.05798e-12	AbsError: 1.50794e+08
      Equation: "ElectronContinuityEquation"	RelError: 1.51108e-12	AbsError: 1.50794e+08
      Equation: "HoleContinuityEquation"	RelError: 1.51121e-12	AbsError: 1.51436e-12
      Equation: "PotentialEquation"	RelError: 3.56922e-14	AbsError: 3.91194e-14
    Region: "oxide"	RelError: 6.34846e-11	AbsError: 5.38684e-11
      Equation: "PotentialEquation"	RelError: 6.34846e-11	AbsError: 5.38684e-11
Iteration: 3
  Device: "mos2d"	RelError: 6.11439e-07	AbsError: 7.97064e+03
    Region: "bulk"	RelError: 6.11439e-07	AbsError: 2.98462e+03
      Equation: "ElectronContinuityEquation"	RelError: 5.94206e-07	AbsError: 2.67042e+03
      Equation: "HoleContinuityEquation"	RelError: 1.72334e-08	AbsError: 3.14202e+02
      Equation: "PotentialEquation"	RelError: 4.13949e-14	AbsError: 2.22045e-16
    Region: "gate"	RelError: 4.42094e-16	AbsError: 7.97064e+03
      Equation: "ElectronContinuityEquation"	RelError: 7.97064e-17	AbsError: 7.97064e+03
      Equation: "HoleContinuityEquation"	RelError: 2.61070e-16	AbsError: 2.63628e-16
      Equation: "PotentialEquation"	RelError: 1.01317e-16	AbsError: 1.11051e-16
    Region: "oxide"	RelError: 1.44388e-16	AbsError: 1.13143e-16
      Equation: "PotentialEquation"	RelError: 1.44388e-16	AbsError: 1.13143e-16
Succeeded
IVPOINT	IDVD_VG1P0	5.00000000e-01	1.50000000e+00	1.10756005e-01
drain last end 1.500000e+00 2.000000e+00
number of equations 5543
Iteration: 0
  Device: "mos2d"	RelError: 1.89951e+00	AbsError: 2.98346e+16
    Region: "bulk"	RelError: 1.89113e+00	AbsError: 2.89850e+16
      Equation: "ElectronContinuityEquation"	RelError: 2.25954e-01	AbsError: 2.75041e+16
      Equation: "HoleContinuityEquation"	RelError: 7.33333e-01	AbsError: 1.48091e+15
      Equation: "PotentialEquation"	RelError: 9.31842e-01	AbsError: 2.00000e-02
    Region: "gate"	RelError: 5.99325e-04	AbsError: 2.98346e+16
      Equation: "ElectronContinuityEquation"	RelError: 2.96078e-04	AbsError: 2.98346e+16
      Equation: "HoleContinuityEquation"	RelError: 2.96253e-04	AbsError: 2.94001e-04
      Equation: "PotentialEquation"	RelError: 6.99360e-06	AbsError: 7.66689e-06
    Region: "oxide"	RelError: 7.78290e-03	AbsError: 1.26027e-02
      Equation: "PotentialEquation"	RelError: 7.78290e-03	AbsError: 1.26027e-02
Iteration: 1
  Device: "mos2d"	RelError: 1.41378e-01	AbsError: 8.18534e+13
    Region: "bulk"	RelError: 1.41376e-01	AbsError: 8.18534e+13
      Equation: "ElectronContinuityEquation"	RelError: 1.97315e-02	AbsError: 5.85933e+13
      Equation: "HoleContinuityEquation"	RelError: 1.19736e-01	AbsError: 2.32601e+13
      Equation: "PotentialEquation"	RelError: 1.90797e-03	AbsError: 3.31858e-05
    Region: "gate"	RelError: 1.37281e-07	AbsError: 3.52418e+12
      Equation: "ElectronContinuityEquation"	RelError: 3.59499e-08	AbsError: 3.52418e+12
      Equation: "HoleContinuityEquation"	RelError: 1.00005e-07	AbsError: 9.92450e-08
      Equation: "PotentialEquation"	RelError: 1.32567e-09	AbsError: 1.45330e-09
    Region: "oxide"	RelError: 1.54419e-06	AbsError: 9.47671e-07
      Equation: "PotentialEquation"	RelError: 1.54419e-06	AbsError: 9.47671e-07
Iteration: 2
  Device: "mos2d"	RelError: 9.83319e-04	AbsError: 4.59339e+09
    Region: "bulk"	RelError: 9.83319e-04	AbsError: 4.59339e+09
      Equation: "ElectronContinuityEquation"	RelError: 9.63255e-04	AbsError: 8.09201e+08
      Equation: "HoleContinuityEquation"	RelError: 1.98890e-05	AbsError: 3.78419e+09
      Equation: "PotentialEquation"	RelError: 1.74839e-07	AbsError: 3.68978e-09
    Region: "gate"	RelError: 3.11329e-12	AbsError: 1.53539e+08
      Equation: "ElectronContinuityEquation"	RelError: 1.53837e-12	AbsError: 1.53539e+08
      Equation: "HoleContinuityEquation"	RelError: 1.53853e-12	AbsError: 1.54152e-12
      Equation: "PotentialEquation"	RelError: 3.63821e-14	AbsError: 3.98757e-14
    Region: "oxide"	RelError: 6.45142e-11	AbsError: 5.48184e-11
      Equation: "PotentialEquation"	RelError: 6.45142e-11	AbsError: 5.48184e-11
Iteration: 3
  Device: "mos2d"	RelError: 9.02980e-07	AbsError: 8.08495e+03
    Region: "bulk"	RelError: 9.02980e-07	AbsError: 2.56699e+03
      Equation: "ElectronContinuityEquation"	RelError: 8.85981e-07	AbsError: 2.13419e+03
      Equation: "HoleContinuityEquation"	RelError: 1.69995e-08	AbsError: 4.32793e+02
      Equation: "PotentialEquation"	RelError: 4.52061e-14	AbsError: 3.67630e-16
    Region: "gate"	RelError: 3.70146e-16	AbsError: 8.08495e+03
      Equation: "ElectronContinuityEquation"	RelError: 8.08495e-17	AbsError: 8.08495e+03
      Equation: "HoleContinuityEquation"	RelError: 1.87956e-16	AbsError: 1.90698e-16
      Equation: "PotentialEquation"	RelError: 1.01340e-16	AbsError: 1.11076e-16
    Region: "oxide"	RelError: 1.20606e-16	AbsError: 1.18543e-16
      Equation: "PotentialEquation"	RelError: 1.20606e-16	AbsError: 1.18543e-16
Succeeded
IVPOINT	IDVD_VG1P0	5.00000000e-01	1.52000000e+00	1.11060046e-01
drain last end 1.520000e+00 2.000000e+00
number of equations 5543
Iteration: 0
  Device: "mos2d"	RelError: 1.55184e+01	AbsError: 2.98321e+16
    Region: "bulk"	RelError: 1.55101e+01	AbsError: 2.89199e+16
      Equation: "ElectronContinuityEquation"	RelError: 2.24370e-01	AbsError: 2.74366e+16
      Equation: "HoleContinuityEquation"	RelError: 7.29351e-01	AbsError: 1.48334e+15
      Equation: "PotentialEquation"	RelError: 1.45564e+01	AbsError: 2.00000e-02
    Region: "gate"	RelError: 5.99097e-04	AbsError: 2.98321e+16
      Equation: "ElectronContinuityEquation"	RelError: 2.95966e-04	AbsError: 2.98321e+16
      Equation: "HoleContinuityEquation"	RelError: 2.96141e-04	AbsError: 2.93803e-04
      Equation: "PotentialEquation"	RelError: 6.99090e-06	AbsError: 7.66399e-06
    Region: "oxide"	RelError: 7.72228e-03	AbsError: 1.26018e-02
      Equation: "PotentialEquation"	RelError: 7.72228e-03	AbsError: 1.26018e-02
Iteration: 1
  Device: "mos2d"	RelError: 1.59837e-01	AbsError: 8.11848e+13
    Region: "bulk"	RelError: 1.59835e-01	AbsError: 8.11848e+13
      Equation: "ElectronContinuityEquation"	RelError: 1.95530e-02	AbsError: 5.78358e+13
      Equation: "HoleContinuityEquation"	RelError: 1.19396e-01	AbsError: 2.33490e+13
      Equation: "PotentialEquation"	RelError: 2.08864e-02	AbsError: 3.14409e-05
    Region: "gate"	RelError: 1.36554e-07	AbsError: 3.45742e+12
      Equation: "ElectronContinuityEquation"	RelError: 3.52683e-08	AbsError: 3.45742e+12
      Equation: "HoleContinuityEquation"	RelError: 9.99604e-08	AbsError: 9.91712e-08
      Equation: "PotentialEquation"	RelError: 1.32539e-09	AbsError: 1.45300e-09
    Region: "oxide"	RelError: 1.51430e-06	AbsError: 9.30007e-07
      Equation: "PotentialEquation"	RelError: 1.51430e-06	AbsError: 9.30007e-07
Iteration: 2
  Device: "mos2d"	RelError: 9.30610e-04	AbsError: 4.59004e+09
    Region: "bulk"	RelError: 9.30610e-04	AbsError: 4.59004e+09
      Equation: "ElectronContinuityEquation"	RelError: 9.13906e-04	AbsError: 7.41758e+08
      Equation: "HoleContinuityEquation"	RelError: 1.59221e-05	AbsError: 3.84828e+09
      Equation: "PotentialEquation"	RelError: 7.81815e-07	AbsError: 3.32389e-09
    Region: "gate"	RelError: 3.15613e-12	AbsError: 1.55667e+08
      Equation: "ElectronContinuityEquation"	RelError: 1.55948e-12	AbsError: 1.55667e+08
      Equation: "HoleContinuityEquation"	RelError: 1.55982e-12	AbsError: 1.56264e-12
      Equation: "PotentialEquation"	RelError: 3.68306e-14	AbsError: 4.03674e-14
    Region: "oxide"	RelError: 6.52136e-11	AbsError: 5.55430e-11
      Equation: "PotentialEquation"	RelError: 6.52136e-11	AbsError: 5.55430e-11
Iteration: 3
  Device: "mos2d"	RelError: 5.68592e-08	AbsError: 8.10906e+03
    Region: "bulk"	RelError: 5.68592e-08	AbsError: 2.23519e+03
      Equation: "ElectronContinuityEquation"	RelError: 4.52082e-08	AbsError: 1.86216e+03
      Equation: "HoleContinuityEquation"	RelError: 1.16510e-08	AbsError: 3.73029e+02
      Equation: "PotentialEquation"	RelError: 1.58283e-14	AbsError: 3.13190e-16
    Region: "gate"	RelError: 4.22087e-16	AbsError: 8.10906e+03
      Equation: "ElectronContinuityEquation"	RelError: 8.10906e-17	AbsError: 8.10906e+03
      Equation: "HoleContinuityEquation"	RelError: 2.39678e-16	AbsError: 2.42358e-16
      Equation: "PotentialEquation"	RelError: 1.01319e-16	AbsError: 1.11053e-16
    Region: "oxide"	RelError: 2.20108e-16	AbsError: 1.28945e-16
      Equation: "PotentialEquation"	RelError: 2.20108e-16	AbsError: 1.28945e-16
Succeeded
IVPOINT	IDVD_VG1P0	5.00000000e-01	1.54000000e+00	1.11361957e-01
drain last end 1.540000e+00 2.000000e+00
number of equations 5543
Iteration: 0
  Device: "mos2d"	RelError: 2.02449e+00	AbsError: 2.98296e+16
    Region: "bulk"	RelError: 2.01623e+00	AbsError: 2.88520e+16
      Equation: "ElectronContinuityEquation"	RelError: 2.22619e-01	AbsError: 2.73673e+16
      Equation: "HoleContinuityEquation"	RelError: 7.21681e-01	AbsError: 1.48472e+15
      Equation: "PotentialEquation"	RelError: 1.07193e+00	AbsError: 2.00000e-02
    Region: "gate"	RelError: 5.98870e-04	AbsError: 2.98296e+16
      Equation: "ElectronContinuityEquation"	RelError: 2.95853e-04	AbsError: 2.98296e+16
      Equation: "HoleContinuityEquation"	RelError: 2.96029e-04	AbsError: 2.93604e-04
      Equation: "PotentialEquation"	RelError: 6.98820e-06	AbsError: 7.66108e-06
    Region: "oxide"	RelError: 7.66258e-03	AbsError: 1.26010e-02
      Equation: "PotentialEquation"	RelError: 7.66258e-03	AbsError: 1.26010e-02
Iteration: 1
  Device: "mos2d"	RelError: 1.39358e-01	AbsError: 8.04087e+13
    Region: "bulk"	RelError: 1.39356e-01	AbsError: 8.04087e+13
      Equation: "ElectronContinuityEquation"	RelError: 1.93637e-02	AbsError: 5.70948e+13
      Equation: "HoleContinuityEquation"	RelError: 1.18502e-01	AbsError: 2.33139e+13
      Equation: "PotentialEquation"	RelError: 1.49022e-03	AbsError: 2.98047e-05
    Region: "gate"	RelError: 1.35945e-07	AbsError: 3.39320e+12
      Equation: "ElectronContinuityEquation"	RelError: 3.46127e-08	AbsError: 3.39320e+12
      Equation: "HoleContinuityEquation"	RelError: 1.00005e-07	AbsError: 9.91864e-08
      Equation: "PotentialEquation"	RelError: 1.32722e-09	AbsError: 1.45502e-09
    Region: "oxide"	RelError: 1.48557e-06	AbsError: 9.13021e-07
      Equation: "PotentialEquation"	RelError: 1.48557e-06	AbsError: 9.13021e-07
Iteration: 2
  Device: "mos2d"	RelError: 8.38691e-04	AbsError: 4.57635e+09
    Region: "bulk"	RelError: 8.38691e-04	AbsError: 4.57635e+09
      Equation: "ElectronContinuityEquation"	RelError: 8.25007e-04	AbsError: 7.06933e+08
      Equation: "HoleContinuityEquation"	RelError: 1.36269e-05	AbsError: 3.86942e+09
      Equation: "PotentialEquation"	RelError: 5.66316e-08	AbsError: 3.34362e-09
    Region: "gate"	RelError: 3.18415e-12	AbsError: 1.57082e+08
      Equation: "ElectronContinuityEquation"	RelError: 1.57343e-12	AbsError: 1.57082e+08
      Equation: "HoleContinuityEquation"	RelError: 1.57359e-12	AbsError: 1.57621e-12
      Equation: "PotentialEquation"	RelError: 3.71254e-14	AbsError: 4.06906e-14
    Region: "oxide"	RelError: 6.55472e-11	AbsError: 5.60120e-11
      Equation: "PotentialEquation"	RelError: 6.55472e-11	AbsError: 5.60120e-11
Iteration: 3
  Device: "mos2d"	RelError: 1.11883e-06	AbsError: 8.23977e+03
    Region: "bulk"	RelError: 1.11883e-06	AbsError: 1.68237e+03
      Equation: "ElectronContinuityEquation"	RelError: 1.08620e-06	AbsError: 1.36064e+03
      Equation: "HoleContinuityEquation"	RelError: 3.26308e-08	AbsError: 3.21735e+02
      Equation: "PotentialEquation"	RelError: 1.92347e-14	AbsError: 2.34565e-16
    Region: "gate"	RelError: 3.52532e-16	AbsError: 8.23977e+03
      Equation: "ElectronContinuityEquation"	RelError: 8.25350e-17	AbsError: 8.23977e+03
      Equation: "HoleContinuityEquation"	RelError: 1.68656e-16	AbsError: 1.68657e-16
      Equation: "PotentialEquation"	RelError: 1.01341e-16	AbsError: 1.11077e-16
    Region: "oxide"	RelError: 1.91217e-16	AbsError: 1.15487e-16
      Equation: "PotentialEquation"	RelError: 1.91217e-16	AbsError: 1.15487e-16
Succeeded
IVPOINT	IDVD_VG1P0	5.00000000e-01	1.56000000e+00	1.11661778e-01
drain last end 1.560000e+00 2.000000e+00
number of equations 5543
Iteration: 0
  Device: "mos2d"	RelError: 1.45529e+00	AbsError: 2.98271e+16
    Region: "bulk"	RelError: 1.44708e+00	AbsError: 2.87804e+16
      Equation: "ElectronContinuityEquation"	RelError: 2.20660e-01	AbsError: 2.72962e+16
      Equation: "HoleContinuityEquation"	RelError: 7.08743e-01	AbsError: 1.48416e+15
      Equation: "PotentialEquation"	RelError: 5.17680e-01	AbsError: 2.00000e-02
    Region: "gate"	RelError: 5.98642e-04	AbsError: 2.98271e+16
      Equation: "ElectronContinuityEquation"	RelError: 2.95741e-04	AbsError: 2.98271e+16
      Equation: "HoleContinuityEquation"	RelError: 2.95916e-04	AbsError: 2.93406e-04
      Equation: "PotentialEquation"	RelError: 6.98550e-06	AbsError: 7.65817e-06
    Region: "oxide"	RelError: 7.60380e-03	AbsError: 1.26001e-02
      Equation: "PotentialEquation"	RelError: 7.60380e-03	AbsError: 1.26001e-02
Iteration: 1
  Device: "mos2d"	RelError: 1.36694e-01	AbsError: 7.95271e+13
    Region: "bulk"	RelError: 1.36692e-01	AbsError: 7.95271e+13
      Equation: "ElectronContinuityEquation"	RelError: 1.91612e-02	AbsError: 5.63702e+13
      Equation: "HoleContinuityEquation"	RelError: 1.16818e-01	AbsError: 2.31569e+13
      Equation: "PotentialEquation"	RelError: 7.12907e-04	AbsError: 2.83016e-05
    Region: "gate"	RelError: 1.35451e-07	AbsError: 3.33155e+12
      Equation: "ElectronContinuityEquation"	RelError: 3.39832e-08	AbsError: 3.33155e+12
      Equation: "HoleContinuityEquation"	RelError: 1.00137e-07	AbsError: 9.92873e-08
      Equation: "PotentialEquation"	RelError: 1.33110e-09	AbsError: 1.45928e-09
    Region: "oxide"	RelError: 1.45799e-06	AbsError: 8.96717e-07
      Equation: "PotentialEquation"	RelError: 1.45799e-06	AbsError: 8.96717e-07
Iteration: 2
  Device: "mos2d"	RelError: 7.84171e-04	AbsError: 4.54791e+09
    Region: "bulk"	RelError: 7.84171e-04	AbsError: 4.54791e+09
      Equation: "ElectronContinuityEquation"	RelError: 7.71074e-04	AbsError: 7.00228e+08
      Equation: "HoleContinuityEquation"	RelError: 1.30567e-05	AbsError: 3.84768e+09
      Equation: "PotentialEquation"	RelError: 3.98410e-08	AbsError: 3.33488e-09
    Region: "gate"	RelError: 3.19704e-12	AbsError: 1.57741e+08
      Equation: "ElectronContinuityEquation"	RelError: 1.57982e-12	AbsError: 1.57741e+08
      Equation: "HoleContinuityEquation"	RelError: 1.57984e-12	AbsError: 1.58225e-12
      Equation: "PotentialEquation"	RelError: 3.73846e-14	AbsError: 4.09748e-14
    Region: "oxide"	RelError: 6.54876e-11	AbsError: 5.62008e-11
      Equation: "PotentialEquation"	RelError: 6.54876e-11	AbsError: 5.62008e-11
Iteration: 3
  Device: "mos2d"	RelError: 2.03012e-05	AbsError: 8.09717e+03
    Region: "bulk"	RelError: 2.03012e-05	AbsError: 1.96711e+03
      Equation: "ElectronContinuityEquation"	RelError: 2.02843e-05	AbsError: 1.37188e+03
      Equation: "HoleContinuityEquation"	RelError: 1.69273e-08	AbsError: 5.95230e+02
      Equation: "PotentialEquation"	RelError: 2.44099e-14	AbsError: 2.70719e-16
    Region: "gate"	RelError: 3.87625e-16	AbsError: 8.09717e+03
      Equation: "ElectronContinuityEquation"	RelError: 8.09717e-17	AbsError: 8.09717e+03
      Equation: "HoleContinuityEquation"	RelError: 2.05273e-16	AbsError: 2.09192e-16
      Equation: "PotentialEquation"	RelError: 1.01380e-16	AbsError: 1.11120e-16
    Region: "oxide"	RelError: 1.26688e-16	AbsError: 1.30836e-16
      Equation: "PotentialEquation"	RelError: 1.26688e-16	AbsError: 1.30836e-16
Succeeded
IVPOINT	IDVD_VG1P0	5.00000000e-01	1.58000000e+00	1.11959551e-01
drain last end 1.580000e+00 2.000000e+00
number of equations 5543
Iteration: 0
  Device: "mos2d"	RelError: 1.86307e+00	AbsError: 2.98245e+16
    Region: "bulk"	RelError: 1.85493e+00	AbsError: 2.87050e+16
      Equation: "ElectronContinuityEquation"	RelError: 2.18448e-01	AbsError: 2.72233e+16
      Equation: "HoleContinuityEquation"	RelError: 6.88473e-01	AbsError: 1.48172e+15
      Equation: "PotentialEquation"	RelError: 9.48009e-01	AbsError: 2.00000e-02
    Region: "gate"	RelError: 5.98414e-04	AbsError: 2.98245e+16
      Equation: "ElectronContinuityEquation"	RelError: 2.95628e-04	AbsError: 2.98245e+16
      Equation: "HoleContinuityEquation"	RelError: 2.95803e-04	AbsError: 2.93207e-04
      Equation: "PotentialEquation"	RelError: 6.98279e-06	AbsError: 7.65525e-06
    Region: "oxide"	RelError: 7.54590e-03	AbsError: 1.25992e-02
      Equation: "PotentialEquation"	RelError: 7.54590e-03	AbsError: 1.25992e-02
Iteration: 1
  Device: "mos2d"	RelError: 1.34262e-01	AbsError: 7.85433e+13
    Region: "bulk"	RelError: 1.34260e-01	AbsError: 7.85433e+13
      Equation: "ElectronContinuityEquation"	RelError: 1.89426e-02	AbsError: 5.56614e+13
      Equation: "HoleContinuityEquation"	RelError: 1.14025e-01	AbsError: 2.28819e+13
      Equation: "PotentialEquation"	RelError: 1.29274e-03	AbsError: 2.82619e-05
    Region: "gate"	RelError: 1.35068e-07	AbsError: 3.27244e+12
      Equation: "ElectronContinuityEquation"	RelError: 3.33798e-08	AbsError: 3.27244e+12
      Equation: "HoleContinuityEquation"	RelError: 1.00352e-07	AbsError: 9.94711e-08
      Equation: "PotentialEquation"	RelError: 1.33696e-09	AbsError: 1.46571e-09
    Region: "oxide"	RelError: 1.43156e-06	AbsError: 8.81095e-07
      Equation: "PotentialEquation"	RelError: 1.43156e-06	AbsError: 8.81095e-07
Iteration: 2
  Device: "mos2d"	RelError: 8.62464e-04	AbsError: 4.47570e+09
    Region: "bulk"	RelError: 8.62464e-04	AbsError: 4.47570e+09
      Equation: "ElectronContinuityEquation"	RelError: 8.49970e-04	AbsError: 6.91334e+08
      Equation: "HoleContinuityEquation"	RelError: 1.24516e-05	AbsError: 3.78437e+09
      Equation: "PotentialEquation"	RelError: 4.23031e-08	AbsError: 3.29758e-09
    Region: "gate"	RelError: 3.19306e-12	AbsError: 1.57564e+08
      Equation: "ElectronContinuityEquation"	RelError: 1.57783e-12	AbsError: 1.57564e+08
      Equation: "HoleContinuityEquation"	RelError: 1.57802e-12	AbsError: 1.58021e-12
      Equation: "PotentialEquation"	RelError: 3.72104e-14	AbsError: 4.07841e-14
    Region: "oxide"	RelError: 6.50180e-11	AbsError: 5.60925e-11
      Equation: "PotentialEquation"	RelError: 6.50180e-11	AbsError: 5.60925e-11
Iteration: 3
  Device: "mos2d"	RelError: 1.90234e-06	AbsError: 8.00861e+03
    Region: "bulk"	RelError: 1.90234e-06	AbsError: 1.99984e+03
      Equation: "ElectronContinuityEquation"	RelError: 1.81947e-06	AbsError: 1.64232e+03
      Equation: "HoleContinuityEquation"	RelError: 8.28706e-08	AbsError: 3.57523e+02
      Equation: "PotentialEquation"	RelError: 1.31556e-14	AbsError: 3.54215e-16
    Region: "gate"	RelError: 4.80809e-16	AbsError: 8.00861e+03
      Equation: "ElectronContinuityEquation"	RelError: 8.00861e-17	AbsError: 8.00861e+03
      Equation: "HoleContinuityEquation"	RelError: 2.99390e-16	AbsError: 3.03593e-16
      Equation: "PotentialEquation"	RelError: 1.01333e-16	AbsError: 1.11068e-16
    Region: "oxide"	RelError: 1.19398e-16	AbsError: 1.16224e-16
      Equation: "PotentialEquation"	RelError: 1.19398e-16	AbsError: 1.16224e-16
Succeeded
IVPOINT	IDVD_VG1P0	5.00000000e-01	1.60000000e+00	1.12255314e-01
drain last end 1.600000e+00 2.000000e+00
number of equations 5543
Iteration: 0
  Device: "mos2d"	RelError: 2.06433e+01	AbsError: 2.98219e+16
    Region: "bulk"	RelError: 2.06352e+01	AbsError: 2.86259e+16
      Equation: "ElectronContinuityEquation"	RelError: 2.15926e-01	AbsError: 2.71484e+16
      Equation: "HoleContinuityEquation"	RelError: 6.65332e-01	AbsError: 1.47745e+15
      Equation: "PotentialEquation"	RelError: 1.97539e+01	AbsError: 2.00000e-02
    Region: "gate"	RelError: 5.98185e-04	AbsError: 2.98219e+16
      Equation: "ElectronContinuityEquation"	RelError: 2.95515e-04	AbsError: 2.98219e+16
      Equation: "HoleContinuityEquation"	RelError: 2.95690e-04	AbsError: 2.93008e-04
      Equation: "PotentialEquation"	RelError: 6.98006e-06	AbsError: 7.65231e-06
    Region: "oxide"	RelError: 7.48887e-03	AbsError: 1.25984e-02
      Equation: "PotentialEquation"	RelError: 7.48887e-03	AbsError: 1.25984e-02
Iteration: 1
  Device: "mos2d"	RelError: 1.55791e-01	AbsError: 7.78964e+13
    Region: "bulk"	RelError: 1.55789e-01	AbsError: 7.78964e+13
      Equation: "ElectronContinuityEquation"	RelError: 1.87044e-02	AbsError: 5.49682e+13
      Equation: "HoleContinuityEquation"	RelError: 1.09732e-01	AbsError: 2.29282e+13
      Equation: "PotentialEquation"	RelError: 2.73528e-02	AbsError: 2.85722e-05
    Region: "gate"	RelError: 1.34795e-07	AbsError: 3.21587e+12
      Equation: "ElectronContinuityEquation"	RelError: 3.28022e-08	AbsError: 3.21587e+12
      Equation: "HoleContinuityEquation"	RelError: 1.00648e-07	AbsError: 9.97352e-08
      Equation: "PotentialEquation"	RelError: 1.34474e-09	AbsError: 1.47425e-09
    Region: "oxide"	RelError: 1.40627e-06	AbsError: 8.66148e-07
      Equation: "PotentialEquation"	RelError: 1.40627e-06	AbsError: 8.66148e-07
Iteration: 2
  Device: "mos2d"	RelError: 9.18662e-04	AbsError: 4.45609e+09
    Region: "bulk"	RelError: 9.18662e-04	AbsError: 4.45609e+09
      Equation: "ElectronContinuityEquation"	RelError: 9.05709e-04	AbsError: 6.79891e+08
      Equation: "HoleContinuityEquation"	RelError: 1.20630e-05	AbsError: 3.77620e+09
      Equation: "PotentialEquation"	RelError: 8.90431e-07	AbsError: 3.41267e-09
    Region: "gate"	RelError: 3.17193e-12	AbsError: 1.56541e+08
      Equation: "ElectronContinuityEquation"	RelError: 1.56737e-12	AbsError: 1.56541e+08
      Equation: "HoleContinuityEquation"	RelError: 1.56745e-12	AbsError: 1.56941e-12
      Equation: "PotentialEquation"	RelError: 3.71070e-14	AbsError: 4.06709e-14
    Region: "oxide"	RelError: 6.41333e-11	AbsError: 5.56792e-11
      Equation: "PotentialEquation"	RelError: 6.41333e-11	AbsError: 5.56792e-11
Iteration: 3
  Device: "mos2d"	RelError: 6.90600e-08	AbsError: 8.18291e+03
    Region: "bulk"	RelError: 6.90600e-08	AbsError: 2.19119e+03
      Equation: "ElectronContinuityEquation"	RelError: 4.60368e-08	AbsError: 1.84013e+03
      Equation: "HoleContinuityEquation"	RelError: 2.30231e-08	AbsError: 3.51062e+02
      Equation: "PotentialEquation"	RelError: 8.83470e-14	AbsError: 4.80280e-16
    Region: "gate"	RelError: 3.85493e-16	AbsError: 8.18291e+03
      Equation: "ElectronContinuityEquation"	RelError: 8.18291e-17	AbsError: 8.18291e+03
      Equation: "HoleContinuityEquation"	RelError: 2.02357e-16	AbsError: 2.04260e-16
      Equation: "PotentialEquation"	RelError: 1.01307e-16	AbsError: 1.11040e-16
    Region: "oxide"	RelError: 1.36867e-16	AbsError: 1.22987e-16
      Equation: "PotentialEquation"	RelError: 1.36867e-16	AbsError: 1.22987e-16
Succeeded
IVPOINT	IDVD_VG1P0	5.00000000e-01	1.62000000e+00	1.12549105e-01
drain last end 1.620000e+00 2.000000e+00
number of equations 5543
Iteration: 0
  Device: "mos2d"	RelError: 2.35039e+00	AbsError: 2.98192e+16
    Region: "bulk"	RelError: 2.34236e+00	AbsError: 2.85430e+16
      Equation: "ElectronContinuityEquation"	RelError: 2.13028e-01	AbsError: 2.70716e+16
      Equation: "HoleContinuityEquation"	RelError: 6.67362e-01	AbsError: 1.47140e+15
      Equation: "PotentialEquation"	RelError: 1.46197e+00	AbsError: 2.00000e-02
    Region: "gate"	RelError: 5.97954e-04	AbsError: 2.98192e+16
      Equation: "ElectronContinuityEquation"	RelError: 2.95401e-04	AbsError: 2.98192e+16
      Equation: "HoleContinuityEquation"	RelError: 2.95576e-04	AbsError: 2.92809e-04
      Equation: "PotentialEquation"	RelError: 6.97732e-06	AbsError: 7.64936e-06
    Region: "oxide"	RelError: 7.43268e-03	AbsError: 1.25975e-02
      Equation: "PotentialEquation"	RelError: 7.43268e-03	AbsError: 1.25975e-02
Iteration: 1
  Device: "mos2d"	RelError: 1.26174e-01	AbsError: 7.79667e+13
    Region: "bulk"	RelError: 1.26172e-01	AbsError: 7.79667e+13
      Equation: "ElectronContinuityEquation"	RelError: 1.84427e-02	AbsError: 5.42901e+13
      Equation: "HoleContinuityEquation"	RelError: 1.04769e-01	AbsError: 2.36766e+13
      Equation: "PotentialEquation"	RelError: 2.96039e-03	AbsError: 2.88248e-05
    Region: "gate"	RelError: 1.34627e-07	AbsError: 3.16178e+12
      Equation: "ElectronContinuityEquation"	RelError: 3.22499e-08	AbsError: 3.16178e+12
      Equation: "HoleContinuityEquation"	RelError: 1.01023e-07	AbsError: 1.00077e-07
      Equation: "PotentialEquation"	RelError: 1.35438e-09	AbsError: 1.48483e-09
    Region: "oxide"	RelError: 1.38210e-06	AbsError: 8.51865e-07
      Equation: "PotentialEquation"	RelError: 1.38210e-06	AbsError: 8.51865e-07
Iteration: 2
  Device: "mos2d"	RelError: 9.42160e-04	AbsError: 4.73793e+09
    Region: "bulk"	RelError: 9.42160e-04	AbsError: 4.73793e+09
      Equation: "ElectronContinuityEquation"	RelError: 9.30363e-04	AbsError: 6.65651e+08
      Equation: "HoleContinuityEquation"	RelError: 1.16986e-05	AbsError: 4.07228e+09
      Equation: "PotentialEquation"	RelError: 9.86294e-08	AbsError: 3.55757e-09
    Region: "gate"	RelError: 3.13398e-12	AbsError: 1.54699e+08
      Equation: "ElectronContinuityEquation"	RelError: 1.54871e-12	AbsError: 1.54699e+08
      Equation: "HoleContinuityEquation"	RelError: 1.54860e-12	AbsError: 1.55032e-12
      Equation: "PotentialEquation"	RelError: 3.66652e-14	AbsError: 4.01868e-14
    Region: "oxide"	RelError: 6.28413e-11	AbsError: 5.49636e-11
      Equation: "PotentialEquation"	RelError: 6.28413e-11	AbsError: 5.49636e-11
Iteration: 3
  Device: "mos2d"	RelError: 1.62795e-05	AbsError: 8.17563e+03
    Region: "bulk"	RelError: 1.62795e-05	AbsError: 1.38870e+03
      Equation: "ElectronContinuityEquation"	RelError: 1.62628e-05	AbsError: 1.07508e+03
      Equation: "HoleContinuityEquation"	RelError: 1.66106e-08	AbsError: 3.13620e+02
      Equation: "PotentialEquation"	RelError: 5.67377e-14	AbsError: 2.56792e-16
    Region: "gate"	RelError: 3.75543e-16	AbsError: 8.17563e+03
      Equation: "ElectronContinuityEquation"	RelError: 8.17563e-17	AbsError: 8.17563e+03
      Equation: "HoleContinuityEquation"	RelError: 1.92468e-16	AbsError: 1.95820e-16
      Equation: "PotentialEquation"	RelError: 1.01319e-16	AbsError: 1.11054e-16
    Region: "oxide"	RelError: 1.41462e-16	AbsError: 1.19539e-16
      Equation: "PotentialEquation"	RelError: 1.41462e-16	AbsError: 1.19539e-16
Succeeded
IVPOINT	IDVD_VG1P0	5.00000000e-01	1.64000000e+00	1.12840958e-01
drain last end 1.640000e+00 2.000000e+00
number of equations 5543
Iteration: 0
  Device: "mos2d"	RelError: 4.85682e+00	AbsError: 2.98164e+16
    Region: "bulk"	RelError: 4.84885e+00	AbsError: 2.84563e+16
      Equation: "ElectronContinuityEquation"	RelError: 2.09675e-01	AbsError: 2.69926e+16
      Equation: "HoleContinuityEquation"	RelError: 6.69002e-01	AbsError: 1.46361e+15
      Equation: "PotentialEquation"	RelError: 3.97017e+00	AbsError: 2.00000e-02
    Region: "gate"	RelError: 5.97721e-04	AbsError: 2.98164e+16
      Equation: "ElectronContinuityEquation"	RelError: 2.95286e-04	AbsError: 2.98164e+16
      Equation: "HoleContinuityEquation"	RelError: 2.95461e-04	AbsError: 2.92608e-04
      Equation: "PotentialEquation"	RelError: 6.97456e-06	AbsError: 7.64639e-06
    Region: "oxide"	RelError: 7.37730e-03	AbsError: 1.25965e-02
      Equation: "PotentialEquation"	RelError: 7.37730e-03	AbsError: 1.25965e-02
Iteration: 1
  Device: "mos2d"	RelError: 1.29473e-01	AbsError: 7.79116e+13
    Region: "bulk"	RelError: 1.29471e-01	AbsError: 7.79116e+13
      Equation: "ElectronContinuityEquation"	RelError: 1.81527e-02	AbsError: 5.36266e+13
      Equation: "HoleContinuityEquation"	RelError: 1.05204e-01	AbsError: 2.42850e+13
      Equation: "PotentialEquation"	RelError: 6.11463e-03	AbsError: 2.90144e-05
    Region: "gate"	RelError: 1.34563e-07	AbsError: 3.11011e+12
      Equation: "ElectronContinuityEquation"	RelError: 3.17224e-08	AbsError: 3.11011e+12
      Equation: "HoleContinuityEquation"	RelError: 1.01475e-07	AbsError: 1.00495e-07
      Equation: "PotentialEquation"	RelError: 1.36583e-09	AbsError: 1.49740e-09
    Region: "oxide"	RelError: 1.35901e-06	AbsError: 8.38226e-07
      Equation: "PotentialEquation"	RelError: 1.35901e-06	AbsError: 8.38226e-07
Iteration: 2
  Device: "mos2d"	RelError: 9.30256e-04	AbsError: 4.96987e+09
    Region: "bulk"	RelError: 9.30256e-04	AbsError: 4.96987e+09
      Equation: "ElectronContinuityEquation"	RelError: 9.18837e-04	AbsError: 6.48492e+08
      Equation: "HoleContinuityEquation"	RelError: 1.12265e-05	AbsError: 4.32137e+09
      Equation: "PotentialEquation"	RelError: 1.91735e-07	AbsError: 3.67973e-09
    Region: "gate"	RelError: 3.08001e-12	AbsError: 1.52040e+08
      Equation: "ElectronContinuityEquation"	RelError: 1.52188e-12	AbsError: 1.52040e+08
      Equation: "HoleContinuityEquation"	RelError: 1.52214e-12	AbsError: 1.52363e-12
      Equation: "PotentialEquation"	RelError: 3.59811e-14	AbsError: 3.94371e-14
    Region: "oxide"	RelError: 6.11629e-11	AbsError: 5.39584e-11
      Equation: "PotentialEquation"	RelError: 6.11629e-11	AbsError: 5.39584e-11
Iteration: 3
  Device: "mos2d"	RelError: 1.54809e-07	AbsError: 8.15904e+03
    Region: "bulk"	RelError: 1.54809e-07	AbsError: 2.75772e+03
      Equation: "ElectronContinuityEquation"	RelError: 1.20090e-07	AbsError: 2.38362e+03
      Equation: "HoleContinuityEquation"	RelError: 3.47185e-08	AbsError: 3.74098e+02
      Equation: "PotentialEquation"	RelError: 1.17984e-13	AbsError: 3.45633e-16
    Region: "gate"	RelError: 3.82813e-16	AbsError: 8.15904e+03
      Equation: "ElectronContinuityEquation"	RelError: 8.15904e-17	AbsError: 8.15904e+03
      Equation: "HoleContinuityEquation"	RelError: 1.99932e-16	AbsError: 2.02847e-16
      Equation: "PotentialEquation"	RelError: 1.01291e-16	AbsError: 1.11022e-16
    Region: "oxide"	RelError: 1.45650e-16	AbsError: 1.09501e-16
      Equation: "PotentialEquation"	RelError: 1.45650e-16	AbsError: 1.09501e-16
Succeeded
IVPOINT	IDVD_VG1P0	5.00000000e-01	1.66000000e+00	1.13130910e-01
drain last end 1.660000e+00 2.000000e+00
number of equations 5543
Iteration: 0
  Device: "mos2d"	RelError: 1.68246e+00	AbsError: 2.98136e+16
    Region: "bulk"	RelError: 1.67454e+00	AbsError: 2.83657e+16
      Equation: "ElectronContinuityEquation"	RelError: 2.05775e-01	AbsError: 2.69116e+16
      Equation: "HoleContinuityEquation"	RelError: 6.70100e-01	AbsError: 1.45413e+15
      Equation: "PotentialEquation"	RelError: 7.98660e-01	AbsError: 2.00000e-02
    Region: "gate"	RelError: 5.97487e-04	AbsError: 2.98136e+16
      Equation: "ElectronContinuityEquation"	RelError: 2.95170e-04	AbsError: 2.98136e+16
      Equation: "HoleContinuityEquation"	RelError: 2.95345e-04	AbsError: 2.92407e-04
      Equation: "PotentialEquation"	RelError: 6.97177e-06	AbsError: 7.64339e-06
    Region: "oxide"	RelError: 7.32273e-03	AbsError: 1.25956e-02
      Equation: "PotentialEquation"	RelError: 7.32273e-03	AbsError: 1.25956e-02
Iteration: 1
  Device: "mos2d"	RelError: 1.24851e-01	AbsError: 7.77250e+13
    Region: "bulk"	RelError: 1.24850e-01	AbsError: 7.77250e+13
      Equation: "ElectronContinuityEquation"	RelError: 1.78290e-02	AbsError: 5.29771e+13
      Equation: "HoleContinuityEquation"	RelError: 1.05556e-01	AbsError: 2.47480e+13
      Equation: "PotentialEquation"	RelError: 1.46457e-03	AbsError: 2.91365e-05
    Region: "gate"	RelError: 1.34598e-07	AbsError: 3.06076e+12
      Equation: "ElectronContinuityEquation"	RelError: 3.12185e-08	AbsError: 3.06076e+12
      Equation: "HoleContinuityEquation"	RelError: 1.02001e-07	AbsError: 1.00986e-07
      Equation: "PotentialEquation"	RelError: 1.37906e-09	AbsError: 1.51191e-09
    Region: "oxide"	RelError: 1.33697e-06	AbsError: 8.25209e-07
      Equation: "PotentialEquation"	RelError: 1.33697e-06	AbsError: 8.25209e-07
Iteration: 2
  Device: "mos2d"	RelError: 8.81076e-04	AbsError: 5.14797e+09
    Region: "bulk"	RelError: 8.81076e-04	AbsError: 5.14797e+09
      Equation: "ElectronContinuityEquation"	RelError: 8.70225e-04	AbsError: 6.28430e+08
      Equation: "HoleContinuityEquation"	RelError: 1.08072e-05	AbsError: 4.51954e+09
      Equation: "PotentialEquation"	RelError: 4.44805e-08	AbsError: 3.77454e-09
    Region: "gate"	RelError: 3.01120e-12	AbsError: 1.48663e+08
      Equation: "ElectronContinuityEquation"	RelError: 1.48787e-12	AbsError: 1.48663e+08
      Equation: "HoleContinuityEquation"	RelError: 1.48817e-12	AbsError: 1.48942e-12
      Equation: "PotentialEquation"	RelError: 3.51561e-14	AbsError: 3.85329e-14
    Region: "oxide"	RelError: 5.91312e-11	AbsError: 5.26866e-11
      Equation: "PotentialEquation"	RelError: 5.91312e-11	AbsError: 5.26866e-11
Iteration: 3
  Device: "mos2d"	RelError: 1.85270e-06	AbsError: 8.08048e+03
    Region: "bulk"	RelError: 1.85270e-06	AbsError: 2.28504e+03
      Equation: "ElectronContinuityEquation"	RelError: 1.82528e-06	AbsError: 1.87703e+03
      Equation: "HoleContinuityEquation"	RelError: 2.74234e-08	AbsError: 4.08008e+02
      Equation: "PotentialEquation"	RelError: 1.88914e-14	AbsError: 2.59579e-16
    Region: "gate"	RelError: 4.04734e-16	AbsError: 8.08048e+03
      Equation: "ElectronContinuityEquation"	RelError: 8.08051e-17	AbsError: 8.08048e+03
      Equation: "HoleContinuityEquation"	RelError: 2.22276e-16	AbsError: 2.25591e-16
      Equation: "PotentialEquation"	RelError: 1.01653e-16	AbsError: 1.11419e-16
    Region: "oxide"	RelError: 1.96497e-16	AbsError: 1.05037e-16
      Equation: "PotentialEquation"	RelError: 1.96497e-16	AbsError: 1.05037e-16
Succeeded
IVPOINT	IDVD_VG1P0	5.00000000e-01	1.68000000e+00	1.13418994e-01
drain last end 1.680000e+00 2.000000e+00
number of equations 5543
Iteration: 0
  Device: "mos2d"	RelError: 1.32369e+00	AbsError: 2.98105e+16
    Region: "bulk"	RelError: 1.31582e+00	AbsError: 2.82713e+16
      Equation: "ElectronContinuityEquation"	RelError: 2.01227e-01	AbsError: 2.68283e+16
      Equation: "HoleContinuityEquation"	RelError: 6.70427e-01	AbsError: 1.44299e+15
      Equation: "PotentialEquation"	RelError: 4.44165e-01	AbsError: 2.00000e-02
    Region: "gate"	RelError: 5.97250e-04	AbsError: 2.98105e+16
      Equation: "ElectronContinuityEquation"	RelError: 2.95053e-04	AbsError: 2.98105e+16
      Equation: "HoleContinuityEquation"	RelError: 2.95228e-04	AbsError: 2.92205e-04
      Equation: "PotentialEquation"	RelError: 6.96896e-06	AbsError: 7.64036e-06
    Region: "oxide"	RelError: 7.26895e-03	AbsError: 1.25946e-02
      Equation: "PotentialEquation"	RelError: 7.26895e-03	AbsError: 1.25946e-02
Iteration: 1
  Device: "mos2d"	RelError: 1.24086e-01	AbsError: 7.74026e+13
    Region: "bulk"	RelError: 1.24084e-01	AbsError: 7.74026e+13
      Equation: "ElectronContinuityEquation"	RelError: 1.74653e-02	AbsError: 5.23409e+13
      Equation: "HoleContinuityEquation"	RelError: 1.05794e-01	AbsError: 2.50617e+13
      Equation: "PotentialEquation"	RelError: 8.24522e-04	AbsError: 2.91877e-05
    Region: "gate"	RelError: 1.34731e-07	AbsError: 3.01363e+12
      Equation: "ElectronContinuityEquation"	RelError: 3.07373e-08	AbsError: 3.01363e+12
      Equation: "HoleContinuityEquation"	RelError: 1.02600e-07	AbsError: 1.01549e-07
      Equation: "PotentialEquation"	RelError: 1.39401e-09	AbsError: 1.52831e-09
    Region: "oxide"	RelError: 1.31591e-06	AbsError: 8.12783e-07
      Equation: "PotentialEquation"	RelError: 1.31591e-06	AbsError: 8.12783e-07
Iteration: 2
  Device: "mos2d"	RelError: 7.99362e-04	AbsError: 5.26915e+09
    Region: "bulk"	RelError: 7.99362e-04	AbsError: 5.26915e+09
      Equation: "ElectronContinuityEquation"	RelError: 7.88483e-04	AbsError: 6.05623e+08
      Equation: "HoleContinuityEquation"	RelError: 1.08459e-05	AbsError: 4.66353e+09
      Equation: "PotentialEquation"	RelError: 3.39649e-08	AbsError: 3.83802e-09
    Region: "gate"	RelError: 2.92899e-12	AbsError: 1.44633e+08
      Equation: "ElectronContinuityEquation"	RelError: 1.44734e-12	AbsError: 1.44633e+08
      Equation: "HoleContinuityEquation"	RelError: 1.44751e-12	AbsError: 1.44852e-12
      Equation: "PotentialEquation"	RelError: 3.41433e-14	AbsError: 3.74230e-14
    Region: "oxide"	RelError: 5.67909e-11	AbsError: 5.11815e-11
      Equation: "PotentialEquation"	RelError: 5.67909e-11	AbsError: 5.11815e-11
Iteration: 3
  Device: "mos2d"	RelError: 3.28694e-06	AbsError: 8.17336e+03
    Region: "bulk"	RelError: 3.28694e-06	AbsError: 1.47230e+03
      Equation: "ElectronContinuityEquation"	RelError: 3.26944e-06	AbsError: 1.12761e+03
      Equation: "HoleContinuityEquation"	RelError: 1.75091e-08	AbsError: 3.44688e+02
      Equation: "PotentialEquation"	RelError: 2.17451e-14	AbsError: 2.22045e-16
    Region: "gate"	RelError: 3.97921e-16	AbsError: 8.17336e+03
      Equation: "ElectronContinuityEquation"	RelError: 8.17336e-17	AbsError: 8.17336e+03
      Equation: "HoleContinuityEquation"	RelError: 2.14869e-16	AbsError: 2.18387e-16
      Equation: "PotentialEquation"	RelError: 1.01318e-16	AbsError: 1.11052e-16
    Region: "oxide"	RelError: 1.45404e-16	AbsError: 1.18131e-16
      Equation: "PotentialEquation"	RelError: 1.45404e-16	AbsError: 1.18131e-16
Succeeded
IVPOINT	IDVD_VG1P0	5.00000000e-01	1.70000000e+00	1.13705241e-01
drain last end 1.700000e+00 2.000000e+00
number of equations 5543
Iteration: 0
  Device: "mos2d"	RelError: 1.55643e+00	AbsError: 2.98074e+16
    Region: "bulk"	RelError: 1.54862e+00	AbsError: 2.81729e+16
      Equation: "ElectronContinuityEquation"	RelError: 1.95921e-01	AbsError: 2.67427e+16
      Equation: "HoleContinuityEquation"	RelError: 6.69637e-01	AbsError: 1.43023e+15
      Equation: "PotentialEquation"	RelError: 6.83061e-01	AbsError: 2.00000e-02
    Region: "gate"	RelError: 5.97011e-04	AbsError: 2.98074e+16
      Equation: "ElectronContinuityEquation"	RelError: 2.94935e-04	AbsError: 2.98074e+16
      Equation: "HoleContinuityEquation"	RelError: 2.95109e-04	AbsError: 2.92002e-04
      Equation: "PotentialEquation"	RelError: 6.96612e-06	AbsError: 7.63730e-06
    Region: "oxide"	RelError: 7.21592e-03	AbsError: 1.25936e-02
      Equation: "PotentialEquation"	RelError: 7.21592e-03	AbsError: 1.25936e-02
Iteration: 1
  Device: "mos2d"	RelError: 1.23732e-01	AbsError: 7.69418e+13
    Region: "bulk"	RelError: 1.23730e-01	AbsError: 7.69418e+13
      Equation: "ElectronContinuityEquation"	RelError: 1.70545e-02	AbsError: 5.17176e+13
      Equation: "HoleContinuityEquation"	RelError: 1.05869e-01	AbsError: 2.52243e+13
      Equation: "PotentialEquation"	RelError: 8.06516e-04	AbsError: 2.91656e-05
    Region: "gate"	RelError: 1.34957e-07	AbsError: 2.96858e+12
      Equation: "ElectronContinuityEquation"	RelError: 3.02773e-08	AbsError: 2.96858e+12
      Equation: "HoleContinuityEquation"	RelError: 1.03269e-07	AbsError: 1.02182e-07
      Equation: "PotentialEquation"	RelError: 1.41063e-09	AbsError: 1.54654e-09
    Region: "oxide"	RelError: 1.29579e-06	AbsError: 8.00912e-07
      Equation: "PotentialEquation"	RelError: 1.29579e-06	AbsError: 8.00912e-07
Iteration: 2
  Device: "mos2d"	RelError: 6.93087e-04	AbsError: 5.33145e+09
    Region: "bulk"	RelError: 6.93087e-04	AbsError: 5.33145e+09
      Equation: "ElectronContinuityEquation"	RelError: 6.82111e-04	AbsError: 5.80353e+08
      Equation: "HoleContinuityEquation"	RelError: 1.09318e-05	AbsError: 4.75109e+09
      Equation: "PotentialEquation"	RelError: 4.46644e-08	AbsError: 3.86718e-09
    Region: "gate"	RelError: 2.83647e-12	AbsError: 1.40085e+08
      Equation: "ElectronContinuityEquation"	RelError: 1.40164e-12	AbsError: 1.40085e+08
      Equation: "HoleContinuityEquation"	RelError: 1.40171e-12	AbsError: 1.40250e-12
      Equation: "PotentialEquation"	RelError: 3.31212e-14	AbsError: 3.63028e-14
    Region: "oxide"	RelError: 5.41956e-11	AbsError: 4.94835e-11
      Equation: "PotentialEquation"	RelError: 5.41956e-11	AbsError: 4.94835e-11
Iteration: 3
  Device: "mos2d"	RelError: 1.18652e-05	AbsError: 8.44368e+03
    Region: "bulk"	RelError: 1.18652e-05	AbsError: 1.82388e+03
      Equation: "ElectronContinuityEquation"	RelError: 1.18345e-05	AbsError: 1.42958e+03
      Equation: "HoleContinuityEquation"	RelError: 3.07104e-08	AbsError: 3.94305e+02
      Equation: "PotentialEquation"	RelError: 2.18221e-14	AbsError: 2.32980e-16
    Region: "gate"	RelError: 4.05501e-16	AbsError: 8.44368e+03
      Equation: "ElectronContinuityEquation"	RelError: 8.59072e-17	AbsError: 8.44368e+03
      Equation: "HoleContinuityEquation"	RelError: 2.18089e-16	AbsError: 2.21251e-16
      Equation: "PotentialEquation"	RelError: 1.01504e-16	AbsError: 1.11221e-16
    Region: "oxide"	RelError: 1.40581e-16	AbsError: 1.11221e-16
      Equation: "PotentialEquation"	RelError: 1.40581e-16	AbsError: 1.11221e-16
Succeeded
IVPOINT	IDVD_VG1P0	5.00000000e-01	1.72000000e+00	1.13989683e-01
drain last end 1.720000e+00 2.000000e+00
number of equations 5543
Iteration: 0
  Device: "mos2d"	RelError: 3.04157e+00	AbsError: 2.98041e+16
    Region: "bulk"	RelError: 3.03381e+00	AbsError: 2.80705e+16
      Equation: "ElectronContinuityEquation"	RelError: 1.89743e-01	AbsError: 2.66546e+16
      Equation: "HoleContinuityEquation"	RelError: 6.67221e-01	AbsError: 1.41587e+15
      Equation: "PotentialEquation"	RelError: 2.17685e+00	AbsError: 2.00000e-02
    Region: "gate"	RelError: 5.96768e-04	AbsError: 2.98041e+16
      Equation: "ElectronContinuityEquation"	RelError: 2.94816e-04	AbsError: 2.98041e+16
      Equation: "HoleContinuityEquation"	RelError: 2.94989e-04	AbsError: 2.91797e-04
      Equation: "PotentialEquation"	RelError: 6.96324e-06	AbsError: 7.63420e-06
    Region: "oxide"	RelError: 7.16364e-03	AbsError: 1.25926e-02
      Equation: "PotentialEquation"	RelError: 7.16364e-03	AbsError: 1.25926e-02
Iteration: 1
  Device: "mos2d"	RelError: 1.24845e-01	AbsError: 7.63424e+13
    Region: "bulk"	RelError: 1.24844e-01	AbsError: 7.63424e+13
      Equation: "ElectronContinuityEquation"	RelError: 1.65890e-02	AbsError: 5.11062e+13
      Equation: "HoleContinuityEquation"	RelError: 1.05709e-01	AbsError: 2.52362e+13
      Equation: "PotentialEquation"	RelError: 2.54613e-03	AbsError: 2.90691e-05
    Region: "gate"	RelError: 1.35273e-07	AbsError: 2.92546e+12
      Equation: "ElectronContinuityEquation"	RelError: 2.98371e-08	AbsError: 2.92546e+12
      Equation: "HoleContinuityEquation"	RelError: 1.04007e-07	AbsError: 1.02881e-07
      Equation: "PotentialEquation"	RelError: 1.42887e-09	AbsError: 1.56655e-09
    Region: "oxide"	RelError: 1.27653e-06	AbsError: 7.89559e-07
      Equation: "PotentialEquation"	RelError: 1.27653e-06	AbsError: 7.89559e-07
Iteration: 2
  Device: "mos2d"	RelError: 5.73801e-04	AbsError: 5.33426e+09
    Region: "bulk"	RelError: 5.73801e-04	AbsError: 5.33426e+09
      Equation: "ElectronContinuityEquation"	RelError: 5.62678e-04	AbsError: 5.53019e+08
      Equation: "HoleContinuityEquation"	RelError: 1.10547e-05	AbsError: 4.78124e+09
      Equation: "PotentialEquation"	RelError: 6.83354e-08	AbsError: 3.86018e-09
    Region: "gate"	RelError: 2.74316e-12	AbsError: 1.36866e+08
      Equation: "ElectronContinuityEquation"	RelError: 1.35385e-12	AbsError: 1.36866e+08
      Equation: "HoleContinuityEquation"	RelError: 1.35734e-12	AbsError: 1.35277e-12
      Equation: "PotentialEquation"	RelError: 3.19670e-14	AbsError: 3.50472e-14
    Region: "oxide"	RelError: 5.14069e-11	AbsError: 4.76408e-11
      Equation: "PotentialEquation"	RelError: 5.14069e-11	AbsError: 4.76408e-11
Iteration: 3
  Device: "mos2d"	RelError: 2.64512e-06	AbsError: 8.18414e+03
    Region: "bulk"	RelError: 2.64512e-06	AbsError: 2.54914e+03
      Equation: "ElectronContinuityEquation"	RelError: 2.62853e-06	AbsError: 2.20468e+03
      Equation: "HoleContinuityEquation"	RelError: 1.65918e-08	AbsError: 3.44462e+02
      Equation: "PotentialEquation"	RelError: 1.37425e-14	AbsError: 3.75385e-16
    Region: "gate"	RelError: 4.17078e-16	AbsError: 8.18414e+03
      Equation: "ElectronContinuityEquation"	RelError: 8.18414e-17	AbsError: 8.18414e+03
      Equation: "HoleContinuityEquation"	RelError: 2.32805e-16	AbsError: 2.33202e-16
      Equation: "PotentialEquation"	RelError: 1.02432e-16	AbsError: 1.12273e-16
    Region: "oxide"	RelError: 1.48968e-16	AbsError: 1.30763e-16
      Equation: "PotentialEquation"	RelError: 1.48968e-16	AbsError: 1.30763e-16
Succeeded
IVPOINT	IDVD_VG1P0	5.00000000e-01	1.74000000e+00	1.14272351e-01
drain last end 1.740000e+00 2.000000e+00
number of equations 5543
Iteration: 0
  Device: "mos2d"	RelError: 2.69821e+00	AbsError: 2.98006e+16
    Region: "bulk"	RelError: 2.69050e+00	AbsError: 2.79640e+16
      Equation: "ElectronContinuityEquation"	RelError: 1.85930e-01	AbsError: 2.65641e+16
      Equation: "HoleContinuityEquation"	RelError: 6.62443e-01	AbsError: 1.39992e+15
      Equation: "PotentialEquation"	RelError: 1.84212e+00	AbsError: 2.00000e-02
    Region: "gate"	RelError: 5.96523e-04	AbsError: 2.98006e+16
      Equation: "ElectronContinuityEquation"	RelError: 2.94694e-04	AbsError: 2.98006e+16
      Equation: "HoleContinuityEquation"	RelError: 2.94868e-04	AbsError: 2.91591e-04
      Equation: "PotentialEquation"	RelError: 6.96033e-06	AbsError: 7.63106e-06
    Region: "oxide"	RelError: 7.11209e-03	AbsError: 1.25915e-02
      Equation: "PotentialEquation"	RelError: 7.11209e-03	AbsError: 1.25915e-02
Iteration: 1
  Device: "mos2d"	RelError: 1.24319e-01	AbsError: 7.56063e+13
    Region: "bulk"	RelError: 1.24318e-01	AbsError: 7.56063e+13
      Equation: "ElectronContinuityEquation"	RelError: 1.60606e-02	AbsError: 5.05062e+13
      Equation: "HoleContinuityEquation"	RelError: 1.05207e-01	AbsError: 2.51001e+13
      Equation: "PotentialEquation"	RelError: 3.05055e-03	AbsError: 2.88990e-05
    Region: "gate"	RelError: 1.35675e-07	AbsError: 2.88412e+12
      Equation: "ElectronContinuityEquation"	RelError: 2.94150e-08	AbsError: 2.88412e+12
      Equation: "HoleContinuityEquation"	RelError: 1.04812e-07	AbsError: 1.03647e-07
      Equation: "PotentialEquation"	RelError: 1.44871e-09	AbsError: 1.58831e-09
    Region: "oxide"	RelError: 1.25807e-06	AbsError: 7.78678e-07
      Equation: "PotentialEquation"	RelError: 1.25807e-06	AbsError: 7.78678e-07
Iteration: 2
  Device: "mos2d"	RelError: 4.53853e-04	AbsError: 5.27858e+09
    Region: "bulk"	RelError: 4.53853e-04	AbsError: 5.27858e+09
      Equation: "ElectronContinuityEquation"	RelError: 4.42485e-04	AbsError: 5.24113e+08
      Equation: "HoleContinuityEquation"	RelError: 1.12001e-05	AbsError: 4.75447e+09
      Equation: "PotentialEquation"	RelError: 1.68313e-07	AbsError: 3.81652e-09
    Region: "gate"	RelError: 2.68746e-12	AbsError: 1.34112e+08
      Equation: "ElectronContinuityEquation"	RelError: 1.32622e-12	AbsError: 1.34112e+08
      Equation: "HoleContinuityEquation"	RelError: 1.32989e-12	AbsError: 1.31511e-12
      Equation: "PotentialEquation"	RelError: 3.13555e-14	AbsError: 3.43770e-14
    Region: "oxide"	RelError: 4.84908e-11	AbsError: 4.57058e-11
      Equation: "PotentialEquation"	RelError: 4.84908e-11	AbsError: 4.57058e-11
Iteration: 3
  Device: "mos2d"	RelError: 4.67854e-06	AbsError: 8.45259e+03
    Region: "bulk"	RelError: 4.67854e-06	AbsError: 1.59550e+03
      Equation: "ElectronContinuityEquation"	RelError: 4.62191e-06	AbsError: 1.27515e+03
      Equation: "HoleContinuityEquation"	RelError: 5.66304e-08	AbsError: 3.20356e+02
      Equation: "PotentialEquation"	RelError: 1.25790e-14	AbsError: 3.18176e-16
    Region: "gate"	RelError: 3.90311e-16	AbsError: 8.45259e+03
      Equation: "ElectronContinuityEquation"	RelError: 8.61067e-17	AbsError: 8.45259e+03
      Equation: "HoleContinuityEquation"	RelError: 2.02866e-16	AbsError: 2.02867e-16
      Equation: "PotentialEquation"	RelError: 1.01339e-16	AbsError: 1.11075e-16
    Region: "oxide"	RelError: 1.84366e-16	AbsError: 1.66810e-16
      Equation: "PotentialEquation"	RelError: 1.84366e-16	AbsError: 1.66810e-16
Succeeded
IVPOINT	IDVD_VG1P0	5.00000000e-01	1.76000000e+00	1.14553272e-01
drain last end 1.760000e+00 2.000000e+00
number of equations 5543
Iteration: 0
  Device: "mos2d"	RelError: 3.46036e+00	AbsError: 2.97969e+16
    Region: "bulk"	RelError: 3.45270e+00	AbsError: 2.78532e+16
      Equation: "ElectronContinuityEquation"	RelError: 1.85343e-01	AbsError: 2.64708e+16
      Equation: "HoleContinuityEquation"	RelError: 6.54275e-01	AbsError: 1.38241e+15
      Equation: "PotentialEquation"	RelError: 2.61309e+00	AbsError: 2.00000e-02
    Region: "gate"	RelError: 5.96274e-04	AbsError: 2.97969e+16
      Equation: "ElectronContinuityEquation"	RelError: 2.94571e-04	AbsError: 2.97969e+16
      Equation: "HoleContinuityEquation"	RelError: 2.94745e-04	AbsError: 2.91384e-04
      Equation: "PotentialEquation"	RelError: 6.95738e-06	AbsError: 7.62787e-06
    Region: "oxide"	RelError: 7.06124e-03	AbsError: 1.25904e-02
      Equation: "PotentialEquation"	RelError: 7.06124e-03	AbsError: 1.25904e-02
Iteration: 1
  Device: "mos2d"	RelError: 1.24484e-01	AbsError: 7.47377e+13
    Region: "bulk"	RelError: 1.24483e-01	AbsError: 7.47377e+13
      Equation: "ElectronContinuityEquation"	RelError: 1.54628e-02	AbsError: 4.99167e+13
      Equation: "HoleContinuityEquation"	RelError: 1.04212e-01	AbsError: 2.48209e+13
      Equation: "PotentialEquation"	RelError: 4.80751e-03	AbsError: 2.86576e-05
    Region: "gate"	RelError: 1.36160e-07	AbsError: 2.84439e+12
      Equation: "ElectronContinuityEquation"	RelError: 2.90093e-08	AbsError: 2.84439e+12
      Equation: "HoleContinuityEquation"	RelError: 1.05681e-07	AbsError: 1.04476e-07
      Equation: "PotentialEquation"	RelError: 1.47008e-09	AbsError: 1.61176e-09
    Region: "oxide"	RelError: 1.24032e-06	AbsError: 7.68224e-07
      Equation: "PotentialEquation"	RelError: 1.24032e-06	AbsError: 7.68224e-07
Iteration: 2
  Device: "mos2d"	RelError: 3.83642e-04	AbsError: 5.16705e+09
    Region: "bulk"	RelError: 3.83641e-04	AbsError: 5.16705e+09
      Equation: "ElectronContinuityEquation"	RelError: 3.72041e-04	AbsError: 4.94198e+08
      Equation: "HoleContinuityEquation"	RelError: 1.13479e-05	AbsError: 4.67286e+09
      Equation: "PotentialEquation"	RelError: 2.52860e-07	AbsError: 3.73714e-09
    Region: "gate"	RelError: 2.63286e-12	AbsError: 1.31410e+08
      Equation: "ElectronContinuityEquation"	RelError: 1.29911e-12	AbsError: 1.31410e+08
      Equation: "HoleContinuityEquation"	RelError: 1.30303e-12	AbsError: 1.28817e-12
      Equation: "PotentialEquation"	RelError: 3.07150e-14	AbsError: 3.36750e-14
    Region: "oxide"	RelError: 4.55868e-11	AbsError: 4.37340e-11
      Equation: "PotentialEquation"	RelError: 4.55868e-11	AbsError: 4.37340e-11
Iteration: 3
  Device: "mos2d"	RelError: 5.19233e-06	AbsError: 8.42700e+03
    Region: "bulk"	RelError: 5.19233e-06	AbsError: 1.73797e+03
      Equation: "ElectronContinuityEquation"	RelError: 5.17480e-06	AbsError: 1.35567e+03
      Equation: "HoleContinuityEquation"	RelError: 1.75347e-08	AbsError: 3.82302e+02
      Equation: "PotentialEquation"	RelError: 7.61245e-15	AbsError: 3.33700e-16
    Region: "gate"	RelError: 4.30750e-16	AbsError: 8.42700e+03
      Equation: "ElectronContinuityEquation"	RelError: 8.58460e-17	AbsError: 8.42700e+03
      Equation: "HoleContinuityEquation"	RelError: 2.43535e-16	AbsError: 2.47563e-16
      Equation: "PotentialEquation"	RelError: 1.01369e-16	AbsError: 1.11108e-16
    Region: "oxide"	RelError: 1.98708e-16	AbsError: 1.32606e-16
      Equation: "PotentialEquation"	RelError: 1.98708e-16	AbsError: 1.32606e-16
Succeeded
IVPOINT	IDVD_VG1P0	5.00000000e-01	1.78000000e+00	1.14832477e-01
drain last end 1.780000e+00 2.000000e+00
number of equations 5543
Iteration: 0
  Device: "mos2d"	RelError: 1.57381e+01	AbsError: 2.97931e+16
    Region: "bulk"	RelError: 1.57305e+01	AbsError: 2.77382e+16
      Equation: "ElectronContinuityEquation"	RelError: 1.84748e-01	AbsError: 2.63749e+16
      Equation: "HoleContinuityEquation"	RelError: 6.41333e-01	AbsError: 1.36334e+15
      Equation: "PotentialEquation"	RelError: 1.49044e+01	AbsError: 2.00000e-02
    Region: "gate"	RelError: 5.96021e-04	AbsError: 2.97931e+16
      Equation: "ElectronContinuityEquation"	RelError: 2.94447e-04	AbsError: 2.97931e+16
      Equation: "HoleContinuityEquation"	RelError: 2.94620e-04	AbsError: 2.91174e-04
      Equation: "PotentialEquation"	RelError: 6.95438e-06	AbsError: 7.62464e-06
    Region: "oxide"	RelError: 7.01110e-03	AbsError: 1.25892e-02
      Equation: "PotentialEquation"	RelError: 7.01110e-03	AbsError: 1.25892e-02
Iteration: 1
  Device: "mos2d"	RelError: 1.52656e-01	AbsError: 7.37431e+13
    Region: "bulk"	RelError: 1.52655e-01	AbsError: 7.37431e+13
      Equation: "ElectronContinuityEquation"	RelError: 1.47912e-02	AbsError: 4.93372e+13
      Equation: "HoleContinuityEquation"	RelError: 1.02520e-01	AbsError: 2.44059e+13
      Equation: "PotentialEquation"	RelError: 3.53435e-02	AbsError: 2.83487e-05
    Region: "gate"	RelError: 1.36725e-07	AbsError: 2.80608e+12
      Equation: "ElectronContinuityEquation"	RelError: 2.86181e-08	AbsError: 2.80608e+12
      Equation: "HoleContinuityEquation"	RelError: 1.06614e-07	AbsError: 1.05367e-07
      Equation: "PotentialEquation"	RelError: 1.49297e-09	AbsError: 1.63686e-09
    Region: "oxide"	RelError: 1.22322e-06	AbsError: 7.58150e-07
      Equation: "PotentialEquation"	RelError: 1.22322e-06	AbsError: 7.58150e-07
Iteration: 2
  Device: "mos2d"	RelError: 4.33897e-04	AbsError: 5.08462e+09
    Region: "bulk"	RelError: 4.33897e-04	AbsError: 5.08462e+09
      Equation: "ElectronContinuityEquation"	RelError: 4.21073e-04	AbsError: 5.44487e+08
      Equation: "HoleContinuityEquation"	RelError: 1.14648e-05	AbsError: 4.54013e+09
      Equation: "PotentialEquation"	RelError: 1.35982e-06	AbsError: 3.62438e-09
    Region: "gate"	RelError: 2.58196e-12	AbsError: 1.28908e+08
      Equation: "ElectronContinuityEquation"	RelError: 1.27401e-12	AbsError: 1.28908e+08
      Equation: "HoleContinuityEquation"	RelError: 1.27784e-12	AbsError: 1.26290e-12
      Equation: "PotentialEquation"	RelError: 3.01117e-14	AbsError: 3.30138e-14
    Region: "oxide"	RelError: 4.28976e-11	AbsError: 4.17823e-11
      Equation: "PotentialEquation"	RelError: 4.28976e-11	AbsError: 4.17823e-11
Iteration: 3
  Device: "mos2d"	RelError: 8.61510e-06	AbsError: 8.13530e+03
    Region: "bulk"	RelError: 8.61510e-06	AbsError: 1.83783e+03
      Equation: "ElectronContinuityEquation"	RelError: 8.55326e-06	AbsError: 1.50274e+03
      Equation: "HoleContinuityEquation"	RelError: 6.18413e-08	AbsError: 3.35093e+02
      Equation: "PotentialEquation"	RelError: 2.35100e-14	AbsError: 3.61648e-16
    Region: "gate"	RelError: 4.62158e-16	AbsError: 8.13530e+03
      Equation: "ElectronContinuityEquation"	RelError: 8.13530e-17	AbsError: 8.13530e+03
      Equation: "HoleContinuityEquation"	RelError: 2.79499e-16	AbsError: 2.79501e-16
      Equation: "PotentialEquation"	RelError: 1.01306e-16	AbsError: 1.11039e-16
    Region: "oxide"	RelError: 1.44787e-16	AbsError: 1.46872e-16
      Equation: "PotentialEquation"	RelError: 1.44787e-16	AbsError: 1.46872e-16
Succeeded
IVPOINT	IDVD_VG1P0	5.00000000e-01	1.80000000e+00	1.15109991e-01
drain last end 1.800000e+00 2.000000e+00
number of equations 5543
Iteration: 0
  Device: "mos2d"	RelError: 1.88253e+00	AbsError: 2.97890e+16
    Region: "bulk"	RelError: 1.87497e+00	AbsError: 2.76330e+16
      Equation: "ElectronContinuityEquation"	RelError: 1.84140e-01	AbsError: 2.62760e+16
      Equation: "HoleContinuityEquation"	RelError: 6.21873e-01	AbsError: 1.35703e+15
      Equation: "PotentialEquation"	RelError: 1.06896e+00	AbsError: 2.00000e-02
    Region: "gate"	RelError: 5.95764e-04	AbsError: 2.97890e+16
      Equation: "ElectronContinuityEquation"	RelError: 2.94320e-04	AbsError: 2.97890e+16
      Equation: "HoleContinuityEquation"	RelError: 2.94493e-04	AbsError: 2.90963e-04
      Equation: "PotentialEquation"	RelError: 6.95134e-06	AbsError: 7.62136e-06
    Region: "oxide"	RelError: 6.96162e-03	AbsError: 1.25880e-02
      Equation: "PotentialEquation"	RelError: 6.96162e-03	AbsError: 1.25880e-02
Iteration: 1
  Device: "mos2d"	RelError: 1.16399e-01	AbsError: 7.45776e+13
    Region: "bulk"	RelError: 1.16398e-01	AbsError: 7.45776e+13
      Equation: "ElectronContinuityEquation"	RelError: 1.40458e-02	AbsError: 5.07131e+13
      Equation: "HoleContinuityEquation"	RelError: 9.98640e-02	AbsError: 2.38645e+13
      Equation: "PotentialEquation"	RelError: 2.48836e-03	AbsError: 2.80544e-05
    Region: "gate"	RelError: 1.37366e-07	AbsError: 2.76902e+12
      Equation: "ElectronContinuityEquation"	RelError: 2.82397e-08	AbsError: 2.76902e+12
      Equation: "HoleContinuityEquation"	RelError: 1.07608e-07	AbsError: 1.06319e-07
      Equation: "PotentialEquation"	RelError: 1.51732e-09	AbsError: 1.66357e-09
    Region: "oxide"	RelError: 1.20667e-06	AbsError: 7.48405e-07
      Equation: "PotentialEquation"	RelError: 1.20667e-06	AbsError: 7.48405e-07
Iteration: 2
  Device: "mos2d"	RelError: 4.76347e-04	AbsError: 4.97650e+09
    Region: "bulk"	RelError: 4.76347e-04	AbsError: 4.97650e+09
      Equation: "ElectronContinuityEquation"	RelError: 4.64727e-04	AbsError: 6.14978e+08
      Equation: "HoleContinuityEquation"	RelError: 1.15117e-05	AbsError: 4.36152e+09
      Equation: "PotentialEquation"	RelError: 1.08554e-07	AbsError: 3.48192e-09
    Region: "gate"	RelError: 2.53807e-12	AbsError: 1.26741e+08
      Equation: "ElectronContinuityEquation"	RelError: 1.25222e-12	AbsError: 1.26741e+08
      Equation: "HoleContinuityEquation"	RelError: 1.25626e-12	AbsError: 1.24121e-12
      Equation: "PotentialEquation"	RelError: 2.95920e-14	AbsError: 3.24443e-14
    Region: "oxide"	RelError: 4.02903e-11	AbsError: 3.99067e-11
      Equation: "PotentialEquation"	RelError: 4.02903e-11	AbsError: 3.99067e-11
Iteration: 3
  Device: "mos2d"	RelError: 6.60264e-06	AbsError: 8.01699e+03
    Region: "bulk"	RelError: 6.60264e-06	AbsError: 2.63927e+03
      Equation: "ElectronContinuityEquation"	RelError: 6.51682e-06	AbsError: 2.39163e+03
      Equation: "HoleContinuityEquation"	RelError: 8.58216e-08	AbsError: 2.47637e+02
      Equation: "PotentialEquation"	RelError: 1.49485e-14	AbsError: 2.22045e-16
    Region: "gate"	RelError: 4.15409e-16	AbsError: 8.01699e+03
      Equation: "ElectronContinuityEquation"	RelError: 8.17609e-17	AbsError: 8.01699e+03
      Equation: "HoleContinuityEquation"	RelError: 2.32336e-16	AbsError: 2.36947e-16
      Equation: "PotentialEquation"	RelError: 1.01312e-16	AbsError: 1.11046e-16
    Region: "oxide"	RelError: 1.61217e-16	AbsError: 1.28109e-16
      Equation: "PotentialEquation"	RelError: 1.61217e-16	AbsError: 1.28109e-16
Succeeded
IVPOINT	IDVD_VG1P0	5.00000000e-01	1.82000000e+00	1.15385841e-01
drain last end 1.820000e+00 2.000000e+00
number of equations 5543
Iteration: 0
  Device: "mos2d"	RelError: 7.38506e+01	AbsError: 2.97848e+16
    Region: "bulk"	RelError: 7.38431e+01	AbsError: 2.75319e+16
      Equation: "ElectronContinuityEquation"	RelError: 1.83515e-01	AbsError: 2.61740e+16
      Equation: "HoleContinuityEquation"	RelError: 6.15271e-01	AbsError: 1.35786e+15
      Equation: "PotentialEquation"	RelError: 7.30443e+01	AbsError: 2.00000e-02
    Region: "gate"	RelError: 5.95504e-04	AbsError: 2.97848e+16
      Equation: "ElectronContinuityEquation"	RelError: 2.94191e-04	AbsError: 2.97848e+16
      Equation: "HoleContinuityEquation"	RelError: 2.94364e-04	AbsError: 2.90750e-04
      Equation: "PotentialEquation"	RelError: 6.94825e-06	AbsError: 7.61802e-06
    Region: "oxide"	RelError: 6.91281e-03	AbsError: 1.25868e-02
      Equation: "PotentialEquation"	RelError: 6.91281e-03	AbsError: 1.25868e-02
Iteration: 1
  Device: "mos2d"	RelError: 2.13894e-01	AbsError: 7.55122e+13
    Region: "bulk"	RelError: 2.13892e-01	AbsError: 7.55122e+13
      Equation: "ElectronContinuityEquation"	RelError: 1.35652e-02	AbsError: 5.23041e+13
      Equation: "HoleContinuityEquation"	RelError: 9.59320e-02	AbsError: 2.32080e+13
      Equation: "PotentialEquation"	RelError: 1.04395e-01	AbsError: 2.92891e-05
    Region: "gate"	RelError: 1.38079e-07	AbsError: 2.73303e+12
      Equation: "ElectronContinuityEquation"	RelError: 2.78722e-08	AbsError: 2.73303e+12
      Equation: "HoleContinuityEquation"	RelError: 1.08664e-07	AbsError: 1.07330e-07
      Equation: "PotentialEquation"	RelError: 1.54313e-09	AbsError: 1.69188e-09
    Region: "oxide"	RelError: 1.19061e-06	AbsError: 7.56634e-07
      Equation: "PotentialEquation"	RelError: 1.19061e-06	AbsError: 7.56634e-07
Iteration: 2
  Device: "mos2d"	RelError: 5.12777e-04	AbsError: 4.83297e+09
    Region: "bulk"	RelError: 5.12777e-04	AbsError: 4.83297e+09
      Equation: "ElectronContinuityEquation"	RelError: 4.98783e-04	AbsError: 6.89419e+08
      Equation: "HoleContinuityEquation"	RelError: 1.14333e-05	AbsError: 4.14355e+09
      Equation: "PotentialEquation"	RelError: 2.56138e-06	AbsError: 3.31451e-09
    Region: "gate"	RelError: 2.50358e-12	AbsError: 1.25036e+08
      Equation: "ElectronContinuityEquation"	RelError: 1.23501e-12	AbsError: 1.25036e+08
      Equation: "HoleContinuityEquation"	RelError: 1.23946e-12	AbsError: 1.22424e-12
      Equation: "PotentialEquation"	RelError: 2.91070e-14	AbsError: 3.19128e-14
    Region: "oxide"	RelError: 3.78238e-11	AbsError: 3.81807e-11
      Equation: "PotentialEquation"	RelError: 3.78238e-11	AbsError: 3.81807e-11
Iteration: 3
  Device: "mos2d"	RelError: 4.35233e-06	AbsError: 8.15712e+03
    Region: "bulk"	RelError: 4.35233e-06	AbsError: 2.18051e+03
      Equation: "ElectronContinuityEquation"	RelError: 4.33320e-06	AbsError: 1.78048e+03
      Equation: "HoleContinuityEquation"	RelError: 1.91249e-08	AbsError: 4.00033e+02
      Equation: "PotentialEquation"	RelError: 2.50526e-13	AbsError: 4.21103e-16
    Region: "gate"	RelError: 3.31276e-16	AbsError: 8.15712e+03
      Equation: "ElectronContinuityEquation"	RelError: 8.15712e-17	AbsError: 8.15712e+03
      Equation: "HoleContinuityEquation"	RelError: 1.48311e-16	AbsError: 1.51084e-16
      Equation: "PotentialEquation"	RelError: 1.01394e-16	AbsError: 1.11135e-16
    Region: "oxide"	RelError: 1.85443e-16	AbsError: 1.46413e-16
      Equation: "PotentialEquation"	RelError: 1.85443e-16	AbsError: 1.46413e-16
Succeeded
IVPOINT	IDVD_VG1P0	5.00000000e-01	1.84000000e+00	1.15660053e-01
drain last end 1.840000e+00 2.000000e+00
number of equations 5543
Iteration: 0
  Device: "mos2d"	RelError: 6.23153e+00	AbsError: 2.97803e+16
    Region: "bulk"	RelError: 6.22407e+00	AbsError: 2.74268e+16
      Equation: "ElectronContinuityEquation"	RelError: 1.82870e-01	AbsError: 2.60688e+16
      Equation: "HoleContinuityEquation"	RelError: 6.15593e-01	AbsError: 1.35794e+15
      Equation: "PotentialEquation"	RelError: 5.42561e+00	AbsError: 2.00000e-02
    Region: "gate"	RelError: 5.95238e-04	AbsError: 2.97803e+16
      Equation: "ElectronContinuityEquation"	RelError: 2.94060e-04	AbsError: 2.97803e+16
      Equation: "HoleContinuityEquation"	RelError: 2.94233e-04	AbsError: 2.90535e-04
      Equation: "PotentialEquation"	RelError: 6.94511e-06	AbsError: 7.61463e-06
    Region: "oxide"	RelError: 6.86465e-03	AbsError: 1.25855e-02
      Equation: "PotentialEquation"	RelError: 6.86465e-03	AbsError: 1.25855e-02
Iteration: 1
  Device: "mos2d"	RelError: 1.19893e-01	AbsError: 7.64270e+13
    Region: "bulk"	RelError: 1.19891e-01	AbsError: 7.64270e+13
      Equation: "ElectronContinuityEquation"	RelError: 1.34909e-02	AbsError: 5.39777e+13
      Equation: "HoleContinuityEquation"	RelError: 9.40334e-02	AbsError: 2.24493e+13
      Equation: "PotentialEquation"	RelError: 1.23672e-02	AbsError: 3.05625e-05
    Region: "gate"	RelError: 1.38864e-07	AbsError: 2.69793e+12
      Equation: "ElectronContinuityEquation"	RelError: 2.75139e-08	AbsError: 2.69793e+12
      Equation: "HoleContinuityEquation"	RelError: 1.09780e-07	AbsError: 1.08400e-07
      Equation: "PotentialEquation"	RelError: 1.57037e-09	AbsError: 1.72176e-09
    Region: "oxide"	RelError: 1.17495e-06	AbsError: 7.92314e-07
      Equation: "PotentialEquation"	RelError: 1.17495e-06	AbsError: 7.92314e-07
Iteration: 2
  Device: "mos2d"	RelError: 5.31190e-04	AbsError: 4.66164e+09
    Region: "bulk"	RelError: 5.31190e-04	AbsError: 4.66164e+09
      Equation: "ElectronContinuityEquation"	RelError: 5.19198e-04	AbsError: 7.67917e+08
      Equation: "HoleContinuityEquation"	RelError: 1.11658e-05	AbsError: 3.89372e+09
      Equation: "PotentialEquation"	RelError: 8.26233e-07	AbsError: 3.12778e-09
    Region: "gate"	RelError: 2.48150e-12	AbsError: 1.23970e+08
      Equation: "ElectronContinuityEquation"	RelError: 1.22412e-12	AbsError: 1.23970e+08
      Equation: "HoleContinuityEquation"	RelError: 1.22843e-12	AbsError: 1.21299e-12
      Equation: "PotentialEquation"	RelError: 2.89481e-14	AbsError: 3.17388e-14
    Region: "oxide"	RelError: 3.55521e-11	AbsError: 3.67665e-11
      Equation: "PotentialEquation"	RelError: 3.55521e-11	AbsError: 3.67665e-11
Iteration: 3
  Device: "mos2d"	RelError: 6.72972e-06	AbsError: 8.29098e+03
    Region: "bulk"	RelError: 6.72972e-06	AbsError: 1.49843e+03
      Equation: "ElectronContinuityEquation"	RelError: 6.71201e-06	AbsError: 1.15472e+03
      Equation: "HoleContinuityEquation"	RelError: 1.77107e-08	AbsError: 3.43712e+02
      Equation: "PotentialEquation"	RelError: 4.37148e-14	AbsError: 2.22045e-16
    Region: "gate"	RelError: 3.82590e-16	AbsError: 8.29098e+03
      Equation: "ElectronContinuityEquation"	RelError: 8.42671e-17	AbsError: 8.29098e+03
      Equation: "HoleContinuityEquation"	RelError: 1.96975e-16	AbsError: 1.99901e-16
      Equation: "PotentialEquation"	RelError: 1.01348e-16	AbsError: 1.11085e-16
    Region: "oxide"	RelError: 1.55494e-16	AbsError: 1.32694e-16
      Equation: "PotentialEquation"	RelError: 1.55494e-16	AbsError: 1.32694e-16
Succeeded
IVPOINT	IDVD_VG1P0	5.00000000e-01	1.86000000e+00	1.15932654e-01
drain last end 1.860000e+00 2.000000e+00
number of equations 5543
Iteration: 0
  Device: "mos2d"	RelError: 5.59467e+01	AbsError: 2.97755e+16
    Region: "bulk"	RelError: 5.59393e+01	AbsError: 2.73175e+16
      Equation: "ElectronContinuityEquation"	RelError: 1.82200e-01	AbsError: 2.59603e+16
      Equation: "HoleContinuityEquation"	RelError: 6.14914e-01	AbsError: 1.35719e+15
      Equation: "PotentialEquation"	RelError: 5.51422e+01	AbsError: 2.00000e-02
    Region: "gate"	RelError: 5.94968e-04	AbsError: 2.97755e+16
      Equation: "ElectronContinuityEquation"	RelError: 2.93927e-04	AbsError: 2.97755e+16
      Equation: "HoleContinuityEquation"	RelError: 2.94100e-04	AbsError: 2.90318e-04
      Equation: "PotentialEquation"	RelError: 6.94191e-06	AbsError: 7.61117e-06
    Region: "oxide"	RelError: 6.81712e-03	AbsError: 1.25841e-02
      Equation: "PotentialEquation"	RelError: 6.81712e-03	AbsError: 1.25841e-02
Iteration: 1
  Device: "mos2d"	RelError: 1.80337e-01	AbsError: 7.73419e+13
    Region: "bulk"	RelError: 1.80335e-01	AbsError: 7.73419e+13
      Equation: "ElectronContinuityEquation"	RelError: 1.34156e-02	AbsError: 5.57394e+13
      Equation: "HoleContinuityEquation"	RelError: 9.41257e-02	AbsError: 2.16025e+13
      Equation: "PotentialEquation"	RelError: 7.27939e-02	AbsError: 3.18670e-05
    Region: "gate"	RelError: 1.39717e-07	AbsError: 2.66357e+12
      Equation: "ElectronContinuityEquation"	RelError: 2.71630e-08	AbsError: 2.66357e+12
      Equation: "HoleContinuityEquation"	RelError: 1.10955e-07	AbsError: 1.09528e-07
      Equation: "PotentialEquation"	RelError: 1.59904e-09	AbsError: 1.75320e-09
    Region: "oxide"	RelError: 1.15962e-06	AbsError: 8.29880e-07
      Equation: "PotentialEquation"	RelError: 1.15962e-06	AbsError: 8.29880e-07
Iteration: 2
  Device: "mos2d"	RelError: 5.35470e-04	AbsError: 4.47071e+09
    Region: "bulk"	RelError: 5.35469e-04	AbsError: 4.47071e+09
      Equation: "ElectronContinuityEquation"	RelError: 5.22812e-04	AbsError: 8.50643e+08
      Equation: "HoleContinuityEquation"	RelError: 1.06489e-05	AbsError: 3.62007e+09
      Equation: "PotentialEquation"	RelError: 2.00843e-06	AbsError: 2.92785e-09
    Region: "gate"	RelError: 2.47378e-12	AbsError: 1.23607e+08
      Equation: "ElectronContinuityEquation"	RelError: 1.22018e-12	AbsError: 1.23607e+08
      Equation: "HoleContinuityEquation"	RelError: 1.22487e-12	AbsError: 1.20912e-12
      Equation: "PotentialEquation"	RelError: 2.87318e-14	AbsError: 3.15019e-14
    Region: "oxide"	RelError: 3.35229e-11	AbsError: 3.59235e-11
      Equation: "PotentialEquation"	RelError: 3.35229e-11	AbsError: 3.59235e-11
Iteration: 3
  Device: "mos2d"	RelError: 6.01157e-06	AbsError: 8.38528e+03
    Region: "bulk"	RelError: 6.01157e-06	AbsError: 2.31416e+03
      Equation: "ElectronContinuityEquation"	RelError: 5.99540e-06	AbsError: 1.91691e+03
      Equation: "HoleContinuityEquation"	RelError: 1.61749e-08	AbsError: 3.97249e+02
      Equation: "PotentialEquation"	RelError: 3.72781e-14	AbsError: 3.09619e-16
    Region: "gate"	RelError: 3.59637e-16	AbsError: 8.38528e+03
      Equation: "ElectronContinuityEquation"	RelError: 8.54511e-17	AbsError: 8.38528e+03
      Equation: "HoleContinuityEquation"	RelError: 1.72883e-16	AbsError: 1.72884e-16
      Equation: "PotentialEquation"	RelError: 1.01304e-16	AbsError: 1.11036e-16
    Region: "oxide"	RelError: 1.54155e-16	AbsError: 1.14792e-16
      Equation: "PotentialEquation"	RelError: 1.54155e-16	AbsError: 1.14792e-16
Succeeded
IVPOINT	IDVD_VG1P0	5.00000000e-01	1.88000000e+00	1.16203666e-01
drain last end 1.880000e+00 2.000000e+00
number of equations 5543
Iteration: 0
  Device: "mos2d"	RelError: 4.56502e+00	AbsError: 2.97705e+16
    Region: "bulk"	RelError: 4.55766e+00	AbsError: 2.72038e+16
      Equation: "ElectronContinuityEquation"	RelError: 1.81498e-01	AbsError: 2.58482e+16
      Equation: "HoleContinuityEquation"	RelError: 6.12778e-01	AbsError: 1.35554e+15
      Equation: "PotentialEquation"	RelError: 3.76338e+00	AbsError: 2.00000e-02
    Region: "gate"	RelError: 5.94693e-04	AbsError: 2.97705e+16
      Equation: "ElectronContinuityEquation"	RelError: 2.93791e-04	AbsError: 2.97705e+16
      Equation: "HoleContinuityEquation"	RelError: 2.93964e-04	AbsError: 2.90099e-04
      Equation: "PotentialEquation"	RelError: 6.93865e-06	AbsError: 7.60766e-06
    Region: "oxide"	RelError: 6.77021e-03	AbsError: 1.25827e-02
      Equation: "PotentialEquation"	RelError: 6.77021e-03	AbsError: 1.25827e-02
Iteration: 1
  Device: "mos2d"	RelError: 1.10809e-01	AbsError: 7.82780e+13
    Region: "bulk"	RelError: 1.10807e-01	AbsError: 7.82780e+13
      Equation: "ElectronContinuityEquation"	RelError: 1.33389e-02	AbsError: 5.75953e+13
      Equation: "HoleContinuityEquation"	RelError: 9.40148e-02	AbsError: 2.06826e+13
      Equation: "PotentialEquation"	RelError: 3.45376e-03	AbsError: 3.31935e-05
    Region: "gate"	RelError: 1.40638e-07	AbsError: 2.62979e+12
      Equation: "ElectronContinuityEquation"	RelError: 2.68181e-08	AbsError: 2.62979e+12
      Equation: "HoleContinuityEquation"	RelError: 1.12190e-07	AbsError: 1.10715e-07
      Equation: "PotentialEquation"	RelError: 1.62914e-09	AbsError: 1.78622e-09
    Region: "oxide"	RelError: 1.14456e-06	AbsError: 8.69362e-07
      Equation: "PotentialEquation"	RelError: 1.14456e-06	AbsError: 8.69362e-07
Iteration: 2
  Device: "mos2d"	RelError: 5.18040e-04	AbsError: 4.26864e+09
    Region: "bulk"	RelError: 5.18040e-04	AbsError: 4.26864e+09
      Equation: "ElectronContinuityEquation"	RelError: 5.08041e-04	AbsError: 9.37836e+08
      Equation: "HoleContinuityEquation"	RelError: 9.85584e-06	AbsError: 3.33081e+09
      Equation: "PotentialEquation"	RelError: 1.43450e-07	AbsError: 2.83967e-09
    Region: "gate"	RelError: 2.48329e-12	AbsError: 1.24111e+08
      Equation: "ElectronContinuityEquation"	RelError: 1.22480e-12	AbsError: 1.24111e+08
      Equation: "HoleContinuityEquation"	RelError: 1.22950e-12	AbsError: 1.21334e-12
      Equation: "PotentialEquation"	RelError: 2.89880e-14	AbsError: 3.17829e-14
    Region: "oxide"	RelError: 3.17762e-11	AbsError: 3.59442e-11
      Equation: "PotentialEquation"	RelError: 3.17762e-11	AbsError: 3.59442e-11
Iteration: 3
  Device: "mos2d"	RelError: 1.02942e-05	AbsError: 8.05668e+03
    Region: "bulk"	RelError: 1.02942e-05	AbsError: 2.20083e+03
      Equation: "ElectronContinuityEquation"	RelError: 1.02630e-05	AbsError: 1.83815e+03
      Equation: "HoleContinuityEquation"	RelError: 3.12088e-08	AbsError: 3.62677e+02
      Equation: "PotentialEquation"	RelError: 1.55606e-13	AbsError: 2.72485e-16
    Region: "gate"	RelError: 4.32354e-16	AbsError: 8.05668e+03
      Equation: "ElectronContinuityEquation"	RelError: 8.05668e-17	AbsError: 8.05668e+03
      Equation: "HoleContinuityEquation"	RelError: 2.50357e-16	AbsError: 2.54715e-16
      Equation: "PotentialEquation"	RelError: 1.01431e-16	AbsError: 1.11175e-16
    Region: "oxide"	RelError: 1.71136e-16	AbsError: 1.16797e-16
      Equation: "PotentialEquation"	RelError: 1.71136e-16	AbsError: 1.16797e-16
Succeeded
IVPOINT	IDVD_VG1P0	5.00000000e-01	1.90000000e+00	1.16473115e-01
drain last end 1.900000e+00 2.000000e+00
number of equations 5543
Iteration: 0
  Device: "mos2d"	RelError: 3.43929e+00	AbsError: 2.97652e+16
    Region: "bulk"	RelError: 3.43197e+00	AbsError: 2.70853e+16
      Equation: "ElectronContinuityEquation"	RelError: 1.80757e-01	AbsError: 2.57324e+16
      Equation: "HoleContinuityEquation"	RelError: 6.08545e-01	AbsError: 1.35289e+15
      Equation: "PotentialEquation"	RelError: 2.64266e+00	AbsError: 2.00000e-02
    Region: "gate"	RelError: 5.94413e-04	AbsError: 2.97652e+16
      Equation: "ElectronContinuityEquation"	RelError: 2.93653e-04	AbsError: 2.97652e+16
      Equation: "HoleContinuityEquation"	RelError: 2.93825e-04	AbsError: 2.89877e-04
      Equation: "PotentialEquation"	RelError: 6.93533e-06	AbsError: 7.60407e-06
    Region: "oxide"	RelError: 6.72390e-03	AbsError: 1.25812e-02
      Equation: "PotentialEquation"	RelError: 6.72390e-03	AbsError: 1.25812e-02
Iteration: 1
  Device: "mos2d"	RelError: 1.11944e-01	AbsError: 7.92567e+13
    Region: "bulk"	RelError: 1.11943e-01	AbsError: 7.92567e+13
      Equation: "ElectronContinuityEquation"	RelError: 1.32604e-02	AbsError: 5.95517e+13
      Equation: "HoleContinuityEquation"	RelError: 9.36091e-02	AbsError: 1.97049e+13
      Equation: "PotentialEquation"	RelError: 5.07368e-03	AbsError: 3.45311e-05
    Region: "gate"	RelError: 1.42351e-07	AbsError: 2.75746e+12
      Equation: "ElectronContinuityEquation"	RelError: 2.72040e-08	AbsError: 2.75746e+12
      Equation: "HoleContinuityEquation"	RelError: 1.13487e-07	AbsError: 1.11962e-07
      Equation: "PotentialEquation"	RelError: 1.66069e-09	AbsError: 1.82082e-09
    Region: "oxide"	RelError: 1.12970e-06	AbsError: 9.10806e-07
      Equation: "PotentialEquation"	RelError: 1.12970e-06	AbsError: 9.10806e-07
Iteration: 2
  Device: "mos2d"	RelError: 4.85114e-04	AbsError: 4.06367e+09
    Region: "bulk"	RelError: 4.85113e-04	AbsError: 4.06367e+09
      Equation: "ElectronContinuityEquation"	RelError: 4.75382e-04	AbsError: 1.02981e+09
      Equation: "HoleContinuityEquation"	RelError: 9.51273e-06	AbsError: 3.03386e+09
      Equation: "PotentialEquation"	RelError: 2.18756e-07	AbsError: 3.23030e-09
    Region: "gate"	RelError: 2.51131e-12	AbsError: 1.25539e+08
      Equation: "ElectronContinuityEquation"	RelError: 1.23852e-12	AbsError: 1.25539e+08
      Equation: "HoleContinuityEquation"	RelError: 1.24357e-12	AbsError: 1.22686e-12
      Equation: "PotentialEquation"	RelError: 2.92215e-14	AbsError: 3.20391e-14
    Region: "oxide"	RelError: 3.07776e-11	AbsError: 3.64500e-11
      Equation: "PotentialEquation"	RelError: 3.07776e-11	AbsError: 3.64500e-11
Iteration: 3
  Device: "mos2d"	RelError: 2.37736e-06	AbsError: 8.23223e+03
    Region: "bulk"	RelError: 2.37736e-06	AbsError: 1.89174e+03
      Equation: "ElectronContinuityEquation"	RelError: 2.36077e-06	AbsError: 1.55639e+03
      Equation: "HoleContinuityEquation"	RelError: 1.65960e-08	AbsError: 3.35353e+02
      Equation: "PotentialEquation"	RelError: 5.35138e-14	AbsError: 3.27444e-16
    Region: "gate"	RelError: 3.87646e-16	AbsError: 8.23223e+03
      Equation: "ElectronContinuityEquation"	RelError: 8.35382e-17	AbsError: 8.23223e+03
      Equation: "HoleContinuityEquation"	RelError: 2.02812e-16	AbsError: 2.06133e-16
      Equation: "PotentialEquation"	RelError: 1.01295e-16	AbsError: 1.11027e-16
    Region: "oxide"	RelError: 1.31834e-16	AbsError: 1.22752e-16
      Equation: "PotentialEquation"	RelError: 1.31834e-16	AbsError: 1.22752e-16
Succeeded
IVPOINT	IDVD_VG1P0	5.00000000e-01	1.92000000e+00	1.16741024e-01
drain last end 1.920000e+00 2.000000e+00
number of equations 5543
Iteration: 0
  Device: "mos2d"	RelError: 1.51380e+00	AbsError: 2.97596e+16
    Region: "bulk"	RelError: 1.50653e+00	AbsError: 2.69617e+16
      Equation: "ElectronContinuityEquation"	RelError: 1.79969e-01	AbsError: 2.56126e+16
      Equation: "HoleContinuityEquation"	RelError: 6.01335e-01	AbsError: 1.34911e+15
      Equation: "PotentialEquation"	RelError: 7.25228e-01	AbsError: 2.00000e-02
    Region: "gate"	RelError: 5.94127e-04	AbsError: 2.97596e+16
      Equation: "ElectronContinuityEquation"	RelError: 2.93512e-04	AbsError: 2.97596e+16
      Equation: "HoleContinuityEquation"	RelError: 2.93684e-04	AbsError: 2.89653e-04
      Equation: "PotentialEquation"	RelError: 6.93195e-06	AbsError: 7.60042e-06
    Region: "oxide"	RelError: 6.67818e-03	AbsError: 1.25797e-02
      Equation: "PotentialEquation"	RelError: 6.67818e-03	AbsError: 1.25797e-02
Iteration: 1
  Device: "mos2d"	RelError: 1.07332e-01	AbsError: 8.10303e+13
    Region: "bulk"	RelError: 1.07330e-01	AbsError: 8.10303e+13
      Equation: "ElectronContinuityEquation"	RelError: 1.31795e-02	AbsError: 6.16151e+13
      Equation: "HoleContinuityEquation"	RelError: 9.27822e-02	AbsError: 1.94152e+13
      Equation: "PotentialEquation"	RelError: 1.36880e-03	AbsError: 3.58669e-05
    Region: "gate"	RelError: 1.45183e-07	AbsError: 2.90437e+12
      Equation: "ElectronContinuityEquation"	RelError: 2.86451e-08	AbsError: 2.90437e+12
      Equation: "HoleContinuityEquation"	RelError: 1.14845e-07	AbsError: 1.13268e-07
      Equation: "PotentialEquation"	RelError: 1.69372e-09	AbsError: 1.85705e-09
    Region: "oxide"	RelError: 1.11501e-06	AbsError: 9.54272e-07
      Equation: "PotentialEquation"	RelError: 1.11501e-06	AbsError: 9.54272e-07
Iteration: 2
  Device: "mos2d"	RelError: 4.37274e-04	AbsError: 3.86351e+09
    Region: "bulk"	RelError: 4.37274e-04	AbsError: 3.86351e+09
      Equation: "ElectronContinuityEquation"	RelError: 4.27552e-04	AbsError: 1.12694e+09
      Equation: "HoleContinuityEquation"	RelError: 9.66598e-06	AbsError: 2.73657e+09
      Equation: "PotentialEquation"	RelError: 5.63801e-08	AbsError: 3.64774e-09
    Region: "gate"	RelError: 2.56008e-12	AbsError: 1.28003e+08
      Equation: "ElectronContinuityEquation"	RelError: 1.26246e-12	AbsError: 1.28003e+08
      Equation: "HoleContinuityEquation"	RelError: 1.26769e-12	AbsError: 1.25029e-12
      Equation: "PotentialEquation"	RelError: 2.99333e-14	AbsError: 3.28198e-14
    Region: "oxide"	RelError: 3.02371e-11	AbsError: 3.72489e-11
      Equation: "PotentialEquation"	RelError: 3.02371e-11	AbsError: 3.72489e-11
Iteration: 3
  Device: "mos2d"	RelError: 4.89478e-06	AbsError: 8.14855e+03
    Region: "bulk"	RelError: 4.89478e-06	AbsError: 1.53950e+03
      Equation: "ElectronContinuityEquation"	RelError: 4.87519e-06	AbsError: 1.13928e+03
      Equation: "HoleContinuityEquation"	RelError: 1.95889e-08	AbsError: 4.00214e+02
      Equation: "PotentialEquation"	RelError: 1.98157e-14	AbsError: 3.09523e-16
    Region: "gate"	RelError: 3.53236e-16	AbsError: 8.14855e+03
      Equation: "ElectronContinuityEquation"	RelError: 8.26874e-17	AbsError: 8.14855e+03
      Equation: "HoleContinuityEquation"	RelError: 1.69158e-16	AbsError: 1.71479e-16
      Equation: "PotentialEquation"	RelError: 1.01391e-16	AbsError: 1.11132e-16
    Region: "oxide"	RelError: 1.71211e-16	AbsError: 1.28854e-16
      Equation: "PotentialEquation"	RelError: 1.71211e-16	AbsError: 1.28854e-16
Succeeded
IVPOINT	IDVD_VG1P0	5.00000000e-01	1.94000000e+00	1.17007417e-01
drain last end 1.940000e+00 2.000000e+00
number of equations 5543
Iteration: 0
  Device: "mos2d"	RelError: 1.19729e+00	AbsError: 2.97538e+16
    Region: "bulk"	RelError: 1.19006e+00	AbsError: 2.68328e+16
      Equation: "ElectronContinuityEquation"	RelError: 1.79124e-01	AbsError: 2.54887e+16
      Equation: "HoleContinuityEquation"	RelError: 5.89987e-01	AbsError: 1.34409e+15
      Equation: "PotentialEquation"	RelError: 4.20949e-01	AbsError: 2.00000e-02
    Region: "gate"	RelError: 5.93836e-04	AbsError: 2.97538e+16
      Equation: "ElectronContinuityEquation"	RelError: 2.93368e-04	AbsError: 2.97538e+16
      Equation: "HoleContinuityEquation"	RelError: 2.93540e-04	AbsError: 2.89426e-04
      Equation: "PotentialEquation"	RelError: 6.92851e-06	AbsError: 7.59669e-06
    Region: "oxide"	RelError: 6.63304e-03	AbsError: 1.25781e-02
      Equation: "PotentialEquation"	RelError: 6.63304e-03	AbsError: 1.25781e-02
Iteration: 1
  Device: "mos2d"	RelError: 1.05240e-01	AbsError: 8.38636e+13
    Region: "bulk"	RelError: 1.05239e-01	AbsError: 8.38636e+13
      Equation: "ElectronContinuityEquation"	RelError: 1.30955e-02	AbsError: 6.37924e+13
      Equation: "HoleContinuityEquation"	RelError: 9.13643e-02	AbsError: 2.00711e+13
      Equation: "PotentialEquation"	RelError: 7.79324e-04	AbsError: 3.71863e-05
    Region: "gate"	RelError: 1.48147e-07	AbsError: 3.05803e+12
      Equation: "ElectronContinuityEquation"	RelError: 3.01517e-08	AbsError: 3.05803e+12
      Equation: "HoleContinuityEquation"	RelError: 1.16267e-07	AbsError: 1.14637e-07
      Equation: "PotentialEquation"	RelError: 1.72829e-09	AbsError: 1.89496e-09
    Region: "oxide"	RelError: 1.10042e-06	AbsError: 9.99840e-07
      Equation: "PotentialEquation"	RelError: 1.10042e-06	AbsError: 9.99840e-07
Iteration: 2
  Device: "mos2d"	RelError: 3.89265e-04	AbsError: 4.23464e+09
    Region: "bulk"	RelError: 3.89265e-04	AbsError: 4.23464e+09
      Equation: "ElectronContinuityEquation"	RelError: 3.79446e-04	AbsError: 1.22971e+09
      Equation: "HoleContinuityEquation"	RelError: 9.77350e-06	AbsError: 3.00493e+09
      Equation: "PotentialEquation"	RelError: 4.50146e-08	AbsError: 4.08827e-09
    Region: "gate"	RelError: 2.63017e-12	AbsError: 1.31552e+08
      Equation: "ElectronContinuityEquation"	RelError: 1.29708e-12	AbsError: 1.31552e+08
      Equation: "HoleContinuityEquation"	RelError: 1.30238e-12	AbsError: 1.28412e-12
      Equation: "PotentialEquation"	RelError: 3.07069e-14	AbsError: 3.36683e-14
    Region: "oxide"	RelError: 3.00175e-11	AbsError: 3.83610e-11
      Equation: "PotentialEquation"	RelError: 3.00175e-11	AbsError: 3.83610e-11
Iteration: 3
  Device: "mos2d"	RelError: 7.73008e-06	AbsError: 8.11603e+03
    Region: "bulk"	RelError: 7.73008e-06	AbsError: 1.63453e+03
      Equation: "ElectronContinuityEquation"	RelError: 7.71420e-06	AbsError: 1.26489e+03
      Equation: "HoleContinuityEquation"	RelError: 1.58741e-08	AbsError: 3.69645e+02
      Equation: "PotentialEquation"	RelError: 1.25801e-14	AbsError: 2.43488e-16
    Region: "gate"	RelError: 3.99509e-16	AbsError: 8.11603e+03
      Equation: "ElectronContinuityEquation"	RelError: 8.11603e-17	AbsError: 8.11603e+03
      Equation: "HoleContinuityEquation"	RelError: 2.16586e-16	AbsError: 2.18385e-16
      Equation: "PotentialEquation"	RelError: 1.01762e-16	AbsError: 1.11539e-16
    Region: "oxide"	RelError: 1.79515e-16	AbsError: 1.25893e-16
      Equation: "PotentialEquation"	RelError: 1.79515e-16	AbsError: 1.25893e-16
Succeeded
IVPOINT	IDVD_VG1P0	5.00000000e-01	1.96000000e+00	1.17272317e-01
drain last end 1.960000e+00 2.000000e+00
number of equations 5543
Iteration: 0
  Device: "mos2d"	RelError: 1.12909e+00	AbsError: 2.97476e+16
    Region: "bulk"	RelError: 1.12191e+00	AbsError: 2.66980e+16
      Equation: "ElectronContinuityEquation"	RelError: 1.78213e-01	AbsError: 2.53603e+16
      Equation: "HoleContinuityEquation"	RelError: 5.84893e-01	AbsError: 1.33767e+15
      Equation: "PotentialEquation"	RelError: 3.58806e-01	AbsError: 2.00000e-02
    Region: "gate"	RelError: 5.93539e-04	AbsError: 2.97476e+16
      Equation: "ElectronContinuityEquation"	RelError: 2.93221e-04	AbsError: 2.97476e+16
      Equation: "HoleContinuityEquation"	RelError: 2.93393e-04	AbsError: 2.89196e-04
      Equation: "PotentialEquation"	RelError: 6.92499e-06	AbsError: 7.59289e-06
    Region: "oxide"	RelError: 6.58846e-03	AbsError: 1.25764e-02
      Equation: "PotentialEquation"	RelError: 6.58846e-03	AbsError: 1.25764e-02
Iteration: 1
  Device: "mos2d"	RelError: 1.03052e-01	AbsError: 8.67609e+13
    Region: "bulk"	RelError: 1.03051e-01	AbsError: 8.67609e+13
      Equation: "ElectronContinuityEquation"	RelError: 1.30077e-02	AbsError: 6.60908e+13
      Equation: "HoleContinuityEquation"	RelError: 8.91405e-02	AbsError: 2.06701e+13
      Equation: "PotentialEquation"	RelError: 9.02773e-04	AbsError: 3.84728e-05
    Region: "gate"	RelError: 1.51247e-07	AbsError: 3.21871e+12
      Equation: "ElectronContinuityEquation"	RelError: 3.17267e-08	AbsError: 3.21871e+12
      Equation: "HoleContinuityEquation"	RelError: 1.17756e-07	AbsError: 1.16071e-07
      Equation: "PotentialEquation"	RelError: 1.76444e-09	AbsError: 1.93462e-09
    Region: "oxide"	RelError: 1.08592e-06	AbsError: 1.04761e-06
      Equation: "PotentialEquation"	RelError: 1.08592e-06	AbsError: 1.04761e-06
Iteration: 2
  Device: "mos2d"	RelError: 4.34058e-04	AbsError: 4.63846e+09
    Region: "bulk"	RelError: 4.34058e-04	AbsError: 4.63846e+09
      Equation: "ElectronContinuityEquation"	RelError: 4.23970e-04	AbsError: 1.33864e+09
      Equation: "HoleContinuityEquation"	RelError: 1.00285e-05	AbsError: 3.29982e+09
      Equation: "PotentialEquation"	RelError: 5.96619e-08	AbsError: 4.54637e-09
    Region: "gate"	RelError: 2.72348e-12	AbsError: 1.36250e+08
      Equation: "ElectronContinuityEquation"	RelError: 1.34301e-12	AbsError: 1.36250e+08
      Equation: "HoleContinuityEquation"	RelError: 1.34865e-12	AbsError: 1.32936e-12
      Equation: "PotentialEquation"	RelError: 3.18221e-14	AbsError: 3.48913e-14
    Region: "oxide"	RelError: 3.01285e-11	AbsError: 3.98037e-11
      Equation: "PotentialEquation"	RelError: 3.01285e-11	AbsError: 3.98037e-11
Iteration: 3
  Device: "mos2d"	RelError: 1.03523e-05	AbsError: 8.16271e+03
    Region: "bulk"	RelError: 1.03523e-05	AbsError: 1.46134e+03
      Equation: "ElectronContinuityEquation"	RelError: 1.03318e-05	AbsError: 1.06584e+03
      Equation: "HoleContinuityEquation"	RelError: 2.04614e-08	AbsError: 3.95504e+02
      Equation: "PotentialEquation"	RelError: 3.23500e-14	AbsError: 2.75458e-16
    Region: "gate"	RelError: 4.48358e-16	AbsError: 8.16271e+03
      Equation: "ElectronContinuityEquation"	RelError: 8.28882e-17	AbsError: 8.16271e+03
      Equation: "HoleContinuityEquation"	RelError: 2.64170e-16	AbsError: 2.67836e-16
      Equation: "PotentialEquation"	RelError: 1.01299e-16	AbsError: 1.11032e-16
    Region: "oxide"	RelError: 1.06337e-16	AbsError: 1.21560e-16
      Equation: "PotentialEquation"	RelError: 1.06337e-16	AbsError: 1.21560e-16
Succeeded
IVPOINT	IDVD_VG1P0	5.00000000e-01	1.98000000e+00	1.17535746e-01
drain last end 1.980000e+00 2.000000e+00
setting to last bias 2.000000e+00
setting next bias 2.000000e+00
number of equations 5543
Iteration: 0
  Device: "mos2d"	RelError: 1.33642e+00	AbsError: 2.97411e+16
    Region: "bulk"	RelError: 1.32928e+00	AbsError: 2.65571e+16
      Equation: "ElectronContinuityEquation"	RelError: 1.77223e-01	AbsError: 2.52273e+16
      Equation: "HoleContinuityEquation"	RelError: 5.87277e-01	AbsError: 1.32972e+15
      Equation: "PotentialEquation"	RelError: 5.64783e-01	AbsError: 2.00000e-02
    Region: "gate"	RelError: 5.93235e-04	AbsError: 2.97411e+16
      Equation: "ElectronContinuityEquation"	RelError: 2.93071e-04	AbsError: 2.97411e+16
      Equation: "HoleContinuityEquation"	RelError: 2.93243e-04	AbsError: 2.88963e-04
      Equation: "PotentialEquation"	RelError: 6.92140e-06	AbsError: 7.58901e-06
    Region: "oxide"	RelError: 6.54443e-03	AbsError: 1.25746e-02
      Equation: "PotentialEquation"	RelError: 6.54443e-03	AbsError: 1.25746e-02
Iteration: 1
  Device: "mos2d"	RelError: 1.01853e-01	AbsError: 8.97180e+13
    Region: "bulk"	RelError: 1.01852e-01	AbsError: 8.97180e+13
      Equation: "ElectronContinuityEquation"	RelError: 1.29153e-02	AbsError: 6.85178e+13
      Equation: "HoleContinuityEquation"	RelError: 8.75282e-02	AbsError: 2.12002e+13
      Equation: "PotentialEquation"	RelError: 1.40869e-03	AbsError: 3.97084e-05
    Region: "gate"	RelError: 1.54490e-07	AbsError: 3.38677e+12
      Equation: "ElectronContinuityEquation"	RelError: 3.33735e-08	AbsError: 3.38677e+12
      Equation: "HoleContinuityEquation"	RelError: 1.19314e-07	AbsError: 1.17573e-07
      Equation: "PotentialEquation"	RelError: 1.80227e-09	AbsError: 1.97611e-09
    Region: "oxide"	RelError: 1.07147e-06	AbsError: 1.09768e-06
      Equation: "PotentialEquation"	RelError: 1.07147e-06	AbsError: 1.09768e-06
Iteration: 2
  Device: "mos2d"	RelError: 4.73050e-04	AbsError: 5.04584e+09
    Region: "bulk"	RelError: 4.73050e-04	AbsError: 5.04584e+09
      Equation: "ElectronContinuityEquation"	RelError: 4.62413e-04	AbsError: 1.45434e+09
      Equation: "HoleContinuityEquation"	RelError: 1.05455e-05	AbsError: 3.59149e+09
      Equation: "PotentialEquation"	RelError: 9.20193e-08	AbsError: 5.01458e-09
    Region: "gate"	RelError: 2.84056e-12	AbsError: 1.42156e+08
      Equation: "ElectronContinuityEquation"	RelError: 1.40082e-12	AbsError: 1.42156e+08
      Equation: "HoleContinuityEquation"	RelError: 1.40660e-12	AbsError: 1.38607e-12
      Equation: "PotentialEquation"	RelError: 3.31439e-14	AbsError: 3.63409e-14
    Region: "oxide"	RelError: 3.05750e-11	AbsError: 4.15901e-11
      Equation: "PotentialEquation"	RelError: 3.05750e-11	AbsError: 4.15901e-11
Iteration: 3
  Device: "mos2d"	RelError: 1.80607e-05	AbsError: 8.14605e+03
    Region: "bulk"	RelError: 1.80607e-05	AbsError: 1.58107e+03
      Equation: "ElectronContinuityEquation"	RelError: 1.80293e-05	AbsError: 1.14196e+03
      Equation: "HoleContinuityEquation"	RelError: 3.14336e-08	AbsError: 4.39107e+02
      Equation: "PotentialEquation"	RelError: 8.15177e-15	AbsError: 2.66587e-16
    Region: "gate"	RelError: 3.75577e-16	AbsError: 8.14605e+03
      Equation: "ElectronContinuityEquation"	RelError: 8.14605e-17	AbsError: 8.14605e+03
      Equation: "HoleContinuityEquation"	RelError: 1.92806e-16	AbsError: 1.93538e-16
      Equation: "PotentialEquation"	RelError: 1.01311e-16	AbsError: 1.11044e-16
    Region: "oxide"	RelError: 1.47648e-16	AbsError: 1.13505e-16
      Equation: "PotentialEquation"	RelError: 1.47648e-16	AbsError: 1.13505e-16
Succeeded
IVPOINT	IDVD_VG1P0	5.00000000e-01	2.00000000e+00	1.17797728e-01
=== SWEEP_START IDVG_VD0P05 ===
number of equations 5543
Iteration: 0
  Device: "mos2d"	RelError: 2.12531e+03	AbsError: 3.95894e+18
    Region: "bulk"	RelError: 2.12508e+03	AbsError: 3.95894e+18
      Equation: "ElectronContinuityEquation"	RelError: 1.09616e+03	AbsError: 3.82677e+18
      Equation: "HoleContinuityEquation"	RelError: 9.99000e+02	AbsError: 1.32167e+17
      Equation: "PotentialEquation"	RelError: 2.99191e+01	AbsError: 1.12912e-01
    Region: "gate"	RelError: 1.18260e-01	AbsError: 2.11186e+18
      Equation: "ElectronContinuityEquation"	RelError: 2.12526e-02	AbsError: 2.11186e+18
      Equation: "HoleContinuityEquation"	RelError: 2.03861e-02	AbsError: 2.05067e-02
      Equation: "PotentialEquation"	RelError: 7.66208e-02	AbsError: 7.80080e-02
    Region: "oxide"	RelError: 1.17620e-01	AbsError: 1.04360e-01
      Equation: "PotentialEquation"	RelError: 1.17620e-01	AbsError: 1.04360e-01
Iteration: 1
  Device: "mos2d"	RelError: 2.01697e+03	AbsError: 4.21179e+17
    Region: "bulk"	RelError: 2.01674e+03	AbsError: 4.21179e+17
      Equation: "ElectronContinuityEquation"	RelError: 9.99000e+02	AbsError: 3.05149e+17
      Equation: "HoleContinuityEquation"	RelError: 9.99000e+02	AbsError: 1.16030e+17
      Equation: "PotentialEquation"	RelError: 1.87393e+01	AbsError: 1.11426e-01
    Region: "gate"	RelError: 8.60440e-02	AbsError: 3.78921e+17
      Equation: "ElectronContinuityEquation"	RelError: 3.82775e-03	AbsError: 3.78921e+17
      Equation: "HoleContinuityEquation"	RelError: 4.00309e-03	AbsError: 4.04393e-03
      Equation: "PotentialEquation"	RelError: 7.82131e-02	AbsError: 7.38547e-02
    Region: "oxide"	RelError: 1.44335e-01	AbsError: 1.02494e-01
      Equation: "PotentialEquation"	RelError: 1.44335e-01	AbsError: 1.02494e-01
Iteration: 2
  Device: "mos2d"	RelError: 1.56481e+04	AbsError: 2.07968e+17
    Region: "bulk"	RelError: 1.56478e+04	AbsError: 2.07968e+17
      Equation: "ElectronContinuityEquation"	RelError: 9.99000e+02	AbsError: 1.34878e+17
      Equation: "HoleContinuityEquation"	RelError: 9.99000e+02	AbsError: 7.30903e+16
      Equation: "PotentialEquation"	RelError: 1.36498e+04	AbsError: 1.09872e-01
    Region: "gate"	RelError: 8.00192e-02	AbsError: 4.84866e+16
      Equation: "ElectronContinuityEquation"	RelError: 4.88444e-04	AbsError: 4.84866e+16
      Equation: "HoleContinuityEquation"	RelError: 4.68331e-04	AbsError: 4.71788e-04
      Equation: "PotentialEquation"	RelError: 7.90625e-02	AbsError: 6.91937e-02
    Region: "oxide"	RelError: 1.50445e-01	AbsError: 1.00442e-01
      Equation: "PotentialEquation"	RelError: 1.50445e-01	AbsError: 1.00442e-01
Iteration: 3
  Device: "mos2d"	RelError: 1.15665e+03	AbsError: 1.68329e+17
    Region: "bulk"	RelError: 1.15642e+03	AbsError: 1.68329e+17
      Equation: "ElectronContinuityEquation"	RelError: 9.99000e+02	AbsError: 7.12819e+16
      Equation: "HoleContinuityEquation"	RelError: 1.00000e+00	AbsError: 9.70470e+16
      Equation: "PotentialEquation"	RelError: 1.56422e+02	AbsError: 1.08242e-01
    Region: "gate"	RelError: 7.90584e-02	AbsError: 1.47131e+16
      Equation: "ElectronContinuityEquation"	RelError: 1.48662e-04	AbsError: 1.47131e+16
      Equation: "HoleContinuityEquation"	RelError: 1.52267e-04	AbsError: 1.53851e-04
      Equation: "PotentialEquation"	RelError: 7.87574e-02	AbsError: 6.39042e-02
    Region: "oxide"	RelError: 1.49216e-01	AbsError: 9.82636e-02
      Equation: "PotentialEquation"	RelError: 1.49216e-01	AbsError: 9.82636e-02
Iteration: 4
  Device: "mos2d"	RelError: 2.02709e+03	AbsError: 9.00663e+16
    Region: "bulk"	RelError: 2.02687e+03	AbsError: 9.00663e+16
      Equation: "ElectronContinuityEquation"	RelError: 9.99000e+02	AbsError: 2.00487e+16
      Equation: "HoleContinuityEquation"	RelError: 9.99000e+02	AbsError: 7.00177e+16
      Equation: "PotentialEquation"	RelError: 2.88737e+01	AbsError: 1.06530e-01
    Region: "gate"	RelError: 7.68843e-02	AbsError: 7.95382e+15
      Equation: "ElectronContinuityEquation"	RelError: 8.03721e-05	AbsError: 7.95382e+15
      Equation: "HoleContinuityEquation"	RelError: 8.18578e-05	AbsError: 8.27159e-05
      Equation: "PotentialEquation"	RelError: 7.67221e-02	AbsError: 5.78233e-02
    Region: "oxide"	RelError: 1.40801e-01	AbsError: 9.59410e-02
      Equation: "PotentialEquation"	RelError: 1.40801e-01	AbsError: 9.59410e-02
Iteration: 5
  Device: "mos2d"	RelError: 1.11218e+03	AbsError: 6.83939e+16
    Region: "bulk"	RelError: 1.11197e+03	AbsError: 6.83939e+16
      Equation: "ElectronContinuityEquation"	RelError: 9.99000e+02	AbsError: 9.80658e+15
      Equation: "HoleContinuityEquation"	RelError: 9.99998e-01	AbsError: 5.85874e+16
      Equation: "PotentialEquation"	RelError: 1.11971e+02	AbsError: 1.04726e-01
    Region: "gate"	RelError: 7.22408e-02	AbsError: 3.28885e+15
      Equation: "ElectronContinuityEquation"	RelError: 3.32132e-05	AbsError: 3.28885e+15
      Equation: "HoleContinuityEquation"	RelError: 3.32442e-05	AbsError: 3.35724e-05
      Equation: "PotentialEquation"	RelError: 7.21743e-02	AbsError: 5.07340e-02
    Region: "oxide"	RelError: 1.38142e-01	AbsError: 9.34591e-02
      Equation: "PotentialEquation"	RelError: 1.38142e-01	AbsError: 9.34591e-02
Iteration: 6
  Device: "mos2d"	RelError: 2.15425e+03	AbsError: 4.88696e+16
    Region: "bulk"	RelError: 2.15405e+03	AbsError: 4.88696e+16
      Equation: "ElectronContinuityEquation"	RelError: 9.99000e+02	AbsError: 1.05895e+16
      Equation: "HoleContinuityEquation"	RelError: 9.99000e+02	AbsError: 3.82800e+16
      Equation: "PotentialEquation"	RelError: 1.56051e+02	AbsError: 1.02821e-01
    Region: "gate"	RelError: 6.41716e-02	AbsError: 2.22456e+15
      Equation: "ElectronContinuityEquation"	RelError: 2.24647e-05	AbsError: 2.22456e+15
      Equation: "HoleContinuityEquation"	RelError: 2.24784e-05	AbsError: 2.26998e-05
      Equation: "PotentialEquation"	RelError: 6.41267e-02	AbsError: 4.23606e-02
    Region: "oxide"	RelError: 1.33749e-01	AbsError: 9.07896e-02
      Equation: "PotentialEquation"	RelError: 1.33749e-01	AbsError: 9.07896e-02
Iteration: 7
  Device: "mos2d"	RelError: 2.36218e+03	AbsError: 4.52734e+16
    Region: "bulk"	RelError: 2.36201e+03	AbsError: 4.52734e+16
      Equation: "ElectronContinuityEquation"	RelError: 9.99000e+02	AbsError: 1.08669e+16
      Equation: "HoleContinuityEquation"	RelError: 9.99000e+02	AbsError: 3.44065e+16
      Equation: "PotentialEquation"	RelError: 3.64009e+02	AbsError: 1.00804e-01
    Region: "gate"	RelError: 5.16413e-02	AbsError: 1.30845e+15
      Equation: "ElectronContinuityEquation"	RelError: 1.32132e-05	AbsError: 1.30845e+15
      Equation: "HoleContinuityEquation"	RelError: 1.32219e-05	AbsError: 1.33520e-05
      Equation: "PotentialEquation"	RelError: 5.16149e-02	AbsError: 3.24221e-02
    Region: "oxide"	RelError: 1.21373e-01	AbsError: 8.79048e-02
      Equation: "PotentialEquation"	RelError: 1.21373e-01	AbsError: 8.79048e-02
Iteration: 8
  Device: "mos2d"	RelError: 2.00357e+03	AbsError: 3.11029e+16
    Region: "bulk"	RelError: 2.00342e+03	AbsError: 3.11029e+16
      Equation: "ElectronContinuityEquation"	RelError: 9.99000e+02	AbsError: 5.83354e+15
      Equation: "HoleContinuityEquation"	RelError: 9.99000e+02	AbsError: 2.52693e+16
      Equation: "PotentialEquation"	RelError: 5.42193e+00	AbsError: 9.86606e-02
    Region: "gate"	RelError: 3.45020e-02	AbsError: 4.84768e+14
      Equation: "ElectronContinuityEquation"	RelError: 4.89534e-06	AbsError: 4.84768e+14
      Equation: "HoleContinuityEquation"	RelError: 4.90035e-06	AbsError: 4.94853e-06
      Equation: "PotentialEquation"	RelError: 3.44922e-02	AbsError: 2.09440e-02
    Region: "oxide"	RelError: 1.13140e-01	AbsError: 8.47705e-02
      Equation: "PotentialEquation"	RelError: 1.13140e-01	AbsError: 8.47705e-02
Iteration: 9
  Device: "mos2d"	RelError: 2.00255e+03	AbsError: 2.66275e+16
    Region: "bulk"	RelError: 2.00242e+03	AbsError: 2.66275e+16
      Equation: "ElectronContinuityEquation"	RelError: 9.99000e+02	AbsError: 3.91462e+15
      Equation: "HoleContinuityEquation"	RelError: 9.99000e+02	AbsError: 2.27129e+16
      Equation: "PotentialEquation"	RelError: 4.42291e+00	AbsError: 9.63761e-02
    Region: "gate"	RelError: 1.89640e-02	AbsError: 2.22342e+14
      Equation: "ElectronContinuityEquation"	RelError: 2.24527e-06	AbsError: 2.22342e+14
      Equation: "HoleContinuityEquation"	RelError: 2.24660e-06	AbsError: 2.26868e-06
      Equation: "PotentialEquation"	RelError: 1.89595e-02	AbsError: 1.12982e-02
    Region: "oxide"	RelError: 1.05267e-01	AbsError: 8.13410e-02
      Equation: "PotentialEquation"	RelError: 1.05267e-01	AbsError: 8.13410e-02
Iteration: 10
  Device: "mos2d"	RelError: 2.02567e+03	AbsError: 1.60939e+16
    Region: "bulk"	RelError: 2.02557e+03	AbsError: 1.60939e+16
      Equation: "ElectronContinuityEquation"	RelError: 9.99000e+02	AbsError: 3.09210e+15
      Equation: "HoleContinuityEquation"	RelError: 9.99000e+02	AbsError: 1.30018e+16
      Equation: "PotentialEquation"	RelError: 2.75674e+01	AbsError: 9.39312e-02
    Region: "gate"	RelError: 2.99391e-06	AbsError: 1.45066e+14
      Equation: "ElectronContinuityEquation"	RelError: 1.46492e-06	AbsError: 1.45066e+14
      Equation: "HoleContinuityEquation"	RelError: 1.46535e-06	AbsError: 1.47975e-06
      Equation: "PotentialEquation"	RelError: 6.36435e-08	AbsError: 3.79202e-08
    Region: "oxide"	RelError: 9.94521e-02	AbsError: 7.75596e-02
      Equation: "PotentialEquation"	RelError: 9.94521e-02	AbsError: 7.75596e-02
Iteration: 11
  Device: "mos2d"	RelError: 2.00613e+03	AbsError: 3.77442e+16
    Region: "bulk"	RelError: 2.00603e+03	AbsError: 3.77442e+16
      Equation: "ElectronContinuityEquation"	RelError: 9.99000e+02	AbsError: 1.36963e+16
      Equation: "HoleContinuityEquation"	RelError: 9.99000e+02	AbsError: 2.40479e+16
      Equation: "PotentialEquation"	RelError: 8.03486e+00	AbsError: 9.13033e-02
    Region: "gate"	RelError: 5.34559e-06	AbsError: 2.59732e+14
      Equation: "ElectronContinuityEquation"	RelError: 2.61597e-06	AbsError: 2.59732e+14
      Equation: "HoleContinuityEquation"	RelError: 2.61598e-06	AbsError: 2.63476e-06
      Equation: "PotentialEquation"	RelError: 1.13645e-07	AbsError: 6.77202e-08
    Region: "oxide"	RelError: 9.62226e-02	AbsError: 7.33531e-02
      Equation: "PotentialEquation"	RelError: 9.62226e-02	AbsError: 7.33531e-02
Iteration: 12
  Device: "mos2d"	RelError: 1.99956e+03	AbsError: 1.80420e+16
    Region: "bulk"	RelError: 1.99947e+03	AbsError: 1.80420e+16
      Equation: "ElectronContinuityEquation"	RelError: 9.98996e+02	AbsError: 1.01202e+16
      Equation: "HoleContinuityEquation"	RelError: 9.99000e+02	AbsError: 7.92176e+15
      Equation: "PotentialEquation"	RelError: 1.47216e+00	AbsError: 8.84648e-02
    Region: "gate"	RelError: 5.28900e-06	AbsError: 2.56983e+14
      Equation: "ElectronContinuityEquation"	RelError: 2.58828e-06	AbsError: 2.56983e+14
      Equation: "HoleContinuityEquation"	RelError: 2.58828e-06	AbsError: 2.60686e-06
      Equation: "PotentialEquation"	RelError: 1.12442e-07	AbsError: 6.70033e-08
    Region: "oxide"	RelError: 9.20381e-02	AbsError: 6.86278e-02
      Equation: "PotentialEquation"	RelError: 9.20381e-02	AbsError: 6.86278e-02
Iteration: 13
  Device: "mos2d"	RelError: 1.00511e+03	AbsError: 7.92642e+15
    Region: "bulk"	RelError: 1.00502e+03	AbsError: 7.92642e+15
      Equation: "ElectronContinuityEquation"	RelError: 9.99997e-01	AbsError: 4.46580e+15
      Equation: "HoleContinuityEquation"	RelError: 9.98998e+02	AbsError: 3.46063e+15
      Equation: "PotentialEquation"	RelError: 5.02042e+00	AbsError: 8.53818e-02
    Region: "gate"	RelError: 4.13965e-06	AbsError: 2.01317e+14
      Equation: "ElectronContinuityEquation"	RelError: 2.02583e-06	AbsError: 2.01317e+14
      Equation: "HoleContinuityEquation"	RelError: 2.02582e-06	AbsError: 2.03856e-06
      Equation: "PotentialEquation"	RelError: 8.80044e-08	AbsError: 5.24429e-08
    Region: "oxide"	RelError: 9.05226e-02	AbsError: 6.32622e-02
      Equation: "PotentialEquation"	RelError: 9.05226e-02	AbsError: 6.32622e-02
Iteration: 14
  Device: "mos2d"	RelError: 1.01609e+03	AbsError: 3.58528e+15
    Region: "bulk"	RelError: 1.01600e+03	AbsError: 3.58528e+15
      Equation: "ElectronContinuityEquation"	RelError: 1.00000e+00	AbsError: 2.20196e+15
      Equation: "HoleContinuityEquation"	RelError: 9.99000e+02	AbsError: 1.38333e+15
      Equation: "PotentialEquation"	RelError: 1.60026e+01	AbsError: 8.20119e-02
    Region: "gate"	RelError: 4.95277e-06	AbsError: 2.40859e+14
      Equation: "ElectronContinuityEquation"	RelError: 2.42374e-06	AbsError: 2.40859e+14
      Equation: "HoleContinuityEquation"	RelError: 2.42373e-06	AbsError: 2.43898e-06
      Equation: "PotentialEquation"	RelError: 1.05290e-07	AbsError: 6.27438e-08
    Region: "oxide"	RelError: 8.89526e-02	AbsError: 5.70869e-02
      Equation: "PotentialEquation"	RelError: 8.89526e-02	AbsError: 5.70869e-02
Iteration: 15
  Device: "mos2d"	RelError: 1.00900e+03	AbsError: 4.01071e+15
    Region: "bulk"	RelError: 1.00891e+03	AbsError: 4.01071e+15
      Equation: "ElectronContinuityEquation"	RelError: 8.89529e-01	AbsError: 3.15900e+15
      Equation: "HoleContinuityEquation"	RelError: 9.99000e+02	AbsError: 8.51712e+14
      Equation: "PotentialEquation"	RelError: 9.02449e+00	AbsError: 7.83015e-02
    Region: "gate"	RelError: 5.24062e-06	AbsError: 2.54857e+14
      Equation: "ElectronContinuityEquation"	RelError: 2.56461e-06	AbsError: 2.54857e+14
      Equation: "HoleContinuityEquation"	RelError: 2.56460e-06	AbsError: 2.58074e-06
      Equation: "PotentialEquation"	RelError: 1.11410e-07	AbsError: 6.63904e-08
    Region: "oxide"	RelError: 8.42739e-02	AbsError: 4.98807e-02
      Equation: "PotentialEquation"	RelError: 8.42739e-02	AbsError: 4.98807e-02
Iteration: 16
  Device: "mos2d"	RelError: 3.02457e+00	AbsError: 5.75940e+15
    Region: "bulk"	RelError: 2.94942e+00	AbsError: 5.75940e+15
      Equation: "ElectronContinuityEquation"	RelError: 7.88352e-01	AbsError: 4.70682e+15
      Equation: "HoleContinuityEquation"	RelError: 1.00000e+00	AbsError: 1.05258e+15
      Equation: "PotentialEquation"	RelError: 1.16106e+00	AbsError: 7.41816e-02
    Region: "gate"	RelError: 6.37755e-06	AbsError: 3.10147e+14
      Equation: "ElectronContinuityEquation"	RelError: 3.12099e-06	AbsError: 3.10147e+14
      Equation: "HoleContinuityEquation"	RelError: 3.12098e-06	AbsError: 3.14062e-06
      Equation: "PotentialEquation"	RelError: 1.35580e-07	AbsError: 8.07935e-08
    Region: "oxide"	RelError: 7.51462e-02	AbsError: 4.13694e-02
      Equation: "PotentialEquation"	RelError: 7.51462e-02	AbsError: 4.13694e-02
Iteration: 17
  Device: "mos2d"	RelError: 6.28421e+00	AbsError: 8.20073e+15
    Region: "bulk"	RelError: 6.22392e+00	AbsError: 8.20073e+15
      Equation: "ElectronContinuityEquation"	RelError: 8.86996e-01	AbsError: 7.32211e+15
      Equation: "HoleContinuityEquation"	RelError: 1.00000e+00	AbsError: 8.78618e+14
      Equation: "PotentialEquation"	RelError: 4.33693e+00	AbsError: 6.95624e-02
    Region: "gate"	RelError: 8.68575e-06	AbsError: 4.22396e+14
      Equation: "ElectronContinuityEquation"	RelError: 4.25056e-06	AbsError: 4.22396e+14
      Equation: "HoleContinuityEquation"	RelError: 4.25054e-06	AbsError: 4.27731e-06
      Equation: "PotentialEquation"	RelError: 1.84649e-07	AbsError: 1.10035e-07
    Region: "oxide"	RelError: 6.02825e-02	AbsError: 3.12998e-02
      Equation: "PotentialEquation"	RelError: 6.02825e-02	AbsError: 3.12998e-02
Iteration: 18
  Device: "mos2d"	RelError: 4.92270e+00	AbsError: 1.27303e+16
    Region: "bulk"	RelError: 4.88298e+00	AbsError: 1.27303e+16
      Equation: "ElectronContinuityEquation"	RelError: 8.71290e-01	AbsError: 1.19592e+16
      Equation: "HoleContinuityEquation"	RelError: 8.75659e-01	AbsError: 7.71069e+14
      Equation: "PotentialEquation"	RelError: 3.13603e+00	AbsError: 6.43251e-02
    Region: "gate"	RelError: 1.36000e-05	AbsError: 6.61376e+14
      Equation: "ElectronContinuityEquation"	RelError: 6.65546e-06	AbsError: 6.61376e+14
      Equation: "HoleContinuityEquation"	RelError: 6.65539e-06	AbsError: 6.69735e-06
      Equation: "PotentialEquation"	RelError: 2.89120e-07	AbsError: 1.72290e-07
    Region: "oxide"	RelError: 3.97044e-02	AbsError: 1.98280e-02
      Equation: "PotentialEquation"	RelError: 3.97044e-02	AbsError: 1.98280e-02
Iteration: 19
  Device: "mos2d"	RelError: 4.20221e+00	AbsError: 2.12831e+16
    Region: "bulk"	RelError: 4.18073e+00	AbsError: 2.12831e+16
      Equation: "ElectronContinuityEquation"	RelError: 8.46006e-01	AbsError: 2.05994e+16
      Equation: "HoleContinuityEquation"	RelError: 8.41104e-01	AbsError: 6.83725e+14
      Equation: "PotentialEquation"	RelError: 2.49362e+00	AbsError: 5.83102e-02
    Region: "gate"	RelError: 2.56690e-05	AbsError: 1.24829e+15
      Equation: "ElectronContinuityEquation"	RelError: 1.25618e-05	AbsError: 1.24829e+15
      Equation: "HoleContinuityEquation"	RelError: 1.25615e-05	AbsError: 1.26409e-05
      Equation: "PotentialEquation"	RelError: 5.45694e-07	AbsError: 3.25186e-07
    Region: "oxide"	RelError: 2.14560e-02	AbsError: 1.04898e-02
      Equation: "PotentialEquation"	RelError: 2.14560e-02	AbsError: 1.04898e-02
Iteration: 20
  Device: "mos2d"	RelError: 1.80265e+00	AbsError: 3.79041e+16
    Region: "bulk"	RelError: 1.79988e+00	AbsError: 3.79041e+16
      Equation: "ElectronContinuityEquation"	RelError: 8.15613e-01	AbsError: 3.72915e+16
      Equation: "HoleContinuityEquation"	RelError: 7.79562e-01	AbsError: 6.12603e+14
      Equation: "PotentialEquation"	RelError: 2.04708e-01	AbsError: 5.13054e-02
    Region: "gate"	RelError: 6.21767e-05	AbsError: 3.03366e+15
      Equation: "ElectronContinuityEquation"	RelError: 3.04284e-05	AbsError: 3.03366e+15
      Equation: "HoleContinuityEquation"	RelError: 3.04267e-05	AbsError: 3.05188e-05
      Equation: "PotentialEquation"	RelError: 1.32163e-06	AbsError: 7.87684e-07
    Region: "oxide"	RelError: 2.70047e-03	AbsError: 1.31671e-03
      Equation: "PotentialEquation"	RelError: 2.70047e-03	AbsError: 1.31671e-03
Iteration: 21
  Device: "mos2d"	RelError: 2.01631e+00	AbsError: 9.51109e+16
    Region: "bulk"	RelError: 2.00829e+00	AbsError: 9.51109e+16
      Equation: "ElectronContinuityEquation"	RelError: 7.74889e-01	AbsError: 9.45572e+16
      Equation: "HoleContinuityEquation"	RelError: 7.76108e-01	AbsError: 5.53628e+14
      Equation: "PotentialEquation"	RelError: 4.57293e-01	AbsError: 4.30387e-02
    Region: "gate"	RelError: 1.75829e-04	AbsError: 8.57857e+15
      Equation: "ElectronContinuityEquation"	RelError: 8.60526e-05	AbsError: 8.57857e+15
      Equation: "HoleContinuityEquation"	RelError: 8.60387e-05	AbsError: 8.63065e-05
      Equation: "PotentialEquation"	RelError: 3.73742e-06	AbsError: 2.22748e-06
    Region: "oxide"	RelError: 7.83954e-03	AbsError: 3.79270e-03
      Equation: "PotentialEquation"	RelError: 7.83954e-03	AbsError: 3.79270e-03
Iteration: 22
  Device: "mos2d"	RelError: 1.42731e+01	AbsError: 2.21505e+17
    Region: "bulk"	RelError: 1.42563e+01	AbsError: 2.21505e+17
      Equation: "ElectronContinuityEquation"	RelError: 6.87732e-01	AbsError: 2.21001e+17
      Equation: "HoleContinuityEquation"	RelError: 6.99790e-01	AbsError: 5.04193e+14
      Equation: "PotentialEquation"	RelError: 1.28687e+01	AbsError: 3.32241e-02
    Region: "gate"	RelError: 3.62668e-04	AbsError: 1.76925e+16
      Equation: "ElectronContinuityEquation"	RelError: 1.77507e-04	AbsError: 1.76925e+16
      Equation: "HoleContinuityEquation"	RelError: 1.77452e-04	AbsError: 1.78035e-04
      Equation: "PotentialEquation"	RelError: 7.70893e-06	AbsError: 4.59444e-06
    Region: "oxide"	RelError: 1.65053e-02	AbsError: 7.85546e-03
      Equation: "PotentialEquation"	RelError: 1.65053e-02	AbsError: 7.85546e-03
Iteration: 23
  Device: "mos2d"	RelError: 2.20723e+00	AbsError: 2.10445e+17
    Region: "bulk"	RelError: 2.19123e+00	AbsError: 2.10445e+17
      Equation: "ElectronContinuityEquation"	RelError: 5.37891e-01	AbsError: 2.09984e+17
      Equation: "HoleContinuityEquation"	RelError: 5.76625e-01	AbsError: 4.61185e+14
      Equation: "PotentialEquation"	RelError: 1.07672e+00	AbsError: 2.18399e-02
    Region: "gate"	RelError: 3.42846e-04	AbsError: 1.67213e+16
      Equation: "ElectronContinuityEquation"	RelError: 1.67791e-04	AbsError: 1.67213e+16
      Equation: "HoleContinuityEquation"	RelError: 1.67767e-04	AbsError: 1.68347e-04
      Equation: "PotentialEquation"	RelError: 7.28765e-06	AbsError: 4.34333e-06
    Region: "oxide"	RelError: 1.56557e-02	AbsError: 7.33627e-03
      Equation: "PotentialEquation"	RelError: 1.56557e-02	AbsError: 7.33627e-03
Iteration: 24
  Device: "mos2d"	RelError: 1.33545e+00	AbsError: 7.31241e+16
    Region: "bulk"	RelError: 1.32918e+00	AbsError: 7.31241e+16
      Equation: "ElectronContinuityEquation"	RelError: 3.07555e-01	AbsError: 7.26988e+16
      Equation: "HoleContinuityEquation"	RelError: 3.63341e-01	AbsError: 4.25261e+14
      Equation: "PotentialEquation"	RelError: 6.58285e-01	AbsError: 1.24513e-02
    Region: "gate"	RelError: 1.41358e-04	AbsError: 6.86985e+15
      Equation: "ElectronContinuityEquation"	RelError: 6.91677e-05	AbsError: 6.86985e+15
      Equation: "HoleContinuityEquation"	RelError: 6.91848e-05	AbsError: 6.96573e-05
      Equation: "PotentialEquation"	RelError: 3.00517e-06	AbsError: 1.79078e-06
    Region: "oxide"	RelError: 6.13023e-03	AbsError: 2.85512e-03
      Equation: "PotentialEquation"	RelError: 6.13023e-03	AbsError: 2.85512e-03
Iteration: 25
  Device: "mos2d"	RelError: 5.88164e-01	AbsError: 1.14087e+16
    Region: "bulk"	RelError: 5.87176e-01	AbsError: 1.14087e+16
      Equation: "ElectronContinuityEquation"	RelError: 7.28160e-02	AbsError: 1.10175e+16
      Equation: "HoleContinuityEquation"	RelError: 8.13337e-02	AbsError: 3.91206e+14
      Equation: "PotentialEquation"	RelError: 4.33026e-01	AbsError: 8.09088e-04
    Region: "gate"	RelError: 2.29736e-05	AbsError: 1.11639e+15
      Equation: "ElectronContinuityEquation"	RelError: 1.12403e-05	AbsError: 1.11639e+15
      Equation: "HoleContinuityEquation"	RelError: 1.12449e-05	AbsError: 1.13218e-05
      Equation: "PotentialEquation"	RelError: 4.88404e-07	AbsError: 2.91039e-07
    Region: "oxide"	RelError: 9.64725e-04	AbsError: 4.48882e-04
      Equation: "PotentialEquation"	RelError: 9.64725e-04	AbsError: 4.48882e-04
Iteration: 26
  Device: "mos2d"	RelError: 4.66501e-01	AbsError: 6.42487e+14
    Region: "bulk"	RelError: 4.66490e-01	AbsError: 6.42487e+14
      Equation: "ElectronContinuityEquation"	RelError: 3.03537e-02	AbsError: 2.81760e+14
      Equation: "HoleContinuityEquation"	RelError: 2.82097e-02	AbsError: 3.60727e+14
      Equation: "PotentialEquation"	RelError: 4.07926e-01	AbsError: 7.38697e-04
    Region: "gate"	RelError: 2.05200e-07	AbsError: 9.96778e+12
      Equation: "ElectronContinuityEquation"	RelError: 1.00411e-07	AbsError: 9.96778e+12
      Equation: "HoleContinuityEquation"	RelError: 1.00427e-07	AbsError: 1.01165e-07
      Equation: "PotentialEquation"	RelError: 4.36252e-09	AbsError: 2.59956e-09
    Region: "oxide"	RelError: 1.11324e-05	AbsError: 3.60972e-06
      Equation: "PotentialEquation"	RelError: 1.11324e-05	AbsError: 3.60972e-06
Iteration: 27
  Device: "mos2d"	RelError: 6.43061e-01	AbsError: 5.87920e+14
    Region: "bulk"	RelError: 6.43051e-01	AbsError: 5.87920e+14
      Equation: "ElectronContinuityEquation"	RelError: 2.64313e-02	AbsError: 2.54091e+14
      Equation: "HoleContinuityEquation"	RelError: 2.58875e-02	AbsError: 3.33828e+14
      Equation: "PotentialEquation"	RelError: 5.90733e-01	AbsError: 6.77328e-04
    Region: "gate"	RelError: 1.61121e-07	AbsError: 7.82723e+12
      Equation: "ElectronContinuityEquation"	RelError: 7.88478e-08	AbsError: 7.82723e+12
      Equation: "HoleContinuityEquation"	RelError: 7.88478e-08	AbsError: 7.94276e-08
      Equation: "PotentialEquation"	RelError: 3.42541e-09	AbsError: 2.04115e-09
    Region: "oxide"	RelError: 8.92324e-06	AbsError: 2.84690e-06
      Equation: "PotentialEquation"	RelError: 8.92324e-06	AbsError: 2.84690e-06
Iteration: 28
  Device: "mos2d"	RelError: 1.22205e+00	AbsError: 5.41368e+14
    Region: "bulk"	RelError: 1.22204e+00	AbsError: 5.41368e+14
      Equation: "ElectronContinuityEquation"	RelError: 2.43169e-02	AbsError: 2.31561e+14
      Equation: "HoleContinuityEquation"	RelError: 2.38420e-02	AbsError: 3.09807e+14
      Equation: "PotentialEquation"	RelError: 1.17388e+00	AbsError: 6.23341e-04
    Region: "gate"	RelError: 1.35409e-07	AbsError: 6.57815e+12
      Equation: "ElectronContinuityEquation"	RelError: 6.62652e-08	AbsError: 6.57815e+12
      Equation: "HoleContinuityEquation"	RelError: 6.62652e-08	AbsError: 6.67525e-08
      Equation: "PotentialEquation"	RelError: 2.87878e-09	AbsError: 1.71542e-09
    Region: "oxide"	RelError: 7.48826e-06	AbsError: 2.39229e-06
      Equation: "PotentialEquation"	RelError: 7.48826e-06	AbsError: 2.39229e-06
Iteration: 29
  Device: "mos2d"	RelError: 1.40327e+01	AbsError: 5.00082e+14
    Region: "bulk"	RelError: 1.40326e+01	AbsError: 5.00082e+14
      Equation: "ElectronContinuityEquation"	RelError: 2.24368e-02	AbsError: 2.11850e+14
      Equation: "HoleContinuityEquation"	RelError: 2.20281e-02	AbsError: 2.88231e+14
      Equation: "PotentialEquation"	RelError: 1.39882e+01	AbsError: 5.75528e-04
    Region: "gate"	RelError: 1.16214e-07	AbsError: 5.64567e+12
      Equation: "ElectronContinuityEquation"	RelError: 5.68719e-08	AbsError: 5.64567e+12
      Equation: "HoleContinuityEquation"	RelError: 5.68719e-08	AbsError: 5.72901e-08
      Equation: "PotentialEquation"	RelError: 2.47070e-09	AbsError: 1.47225e-09
    Region: "oxide"	RelError: 6.41901e-06	AbsError: 2.05296e-06
      Equation: "PotentialEquation"	RelError: 6.41901e-06	AbsError: 2.05296e-06
Iteration: 30
  Device: "mos2d"	RelError: 9.69107e-01	AbsError: 4.63231e+14
    Region: "bulk"	RelError: 9.69102e-01	AbsError: 4.63231e+14
      Equation: "ElectronContinuityEquation"	RelError: 2.07635e-02	AbsError: 1.94475e+14
      Equation: "HoleContinuityEquation"	RelError: 2.04102e-02	AbsError: 2.68756e+14
      Equation: "PotentialEquation"	RelError: 9.27928e-01	AbsError: 5.32928e-04
    Region: "gate"	RelError: 1.01445e-07	AbsError: 4.92816e+12
      Equation: "ElectronContinuityEquation"	RelError: 4.96440e-08	AbsError: 4.92816e+12
      Equation: "HoleContinuityEquation"	RelError: 4.96440e-08	AbsError: 5.00091e-08
      Equation: "PotentialEquation"	RelError: 2.15670e-09	AbsError: 1.28514e-09
    Region: "oxide"	RelError: 5.59778e-06	AbsError: 1.79190e-06
      Equation: "PotentialEquation"	RelError: 5.59778e-06	AbsError: 1.79190e-06
Iteration: 31
  Device: "mos2d"	RelError: 4.99590e-01	AbsError: 4.30159e+14
    Region: "bulk"	RelError: 4.99585e-01	AbsError: 4.30159e+14
      Equation: "ElectronContinuityEquation"	RelError: 1.92661e-02	AbsError: 1.79060e+14
      Equation: "HoleContinuityEquation"	RelError: 1.89594e-02	AbsError: 2.51098e+14
      Equation: "PotentialEquation"	RelError: 4.61359e-01	AbsError: 4.94768e-04
    Region: "gate"	RelError: 8.97528e-08	AbsError: 4.36017e+12
      Equation: "ElectronContinuityEquation"	RelError: 4.39223e-08	AbsError: 4.36017e+12
      Equation: "HoleContinuityEquation"	RelError: 4.39223e-08	AbsError: 4.42453e-08
      Equation: "PotentialEquation"	RelError: 1.90813e-09	AbsError: 1.13703e-09
    Region: "oxide"	RelError: 4.94883e-06	AbsError: 1.58527e-06
      Equation: "PotentialEquation"	RelError: 4.94883e-06	AbsError: 1.58527e-06
Iteration: 32
  Device: "mos2d"	RelError: 3.34780e-01	AbsError: 4.00335e+14
    Region: "bulk"	RelError: 3.34775e-01	AbsError: 4.00335e+14
      Equation: "ElectronContinuityEquation"	RelError: 1.79195e-02	AbsError: 1.65310e+14
      Equation: "HoleContinuityEquation"	RelError: 1.76522e-02	AbsError: 2.35025e+14
      Equation: "PotentialEquation"	RelError: 2.99204e-01	AbsError: 4.60419e-04
    Region: "gate"	RelError: 8.02555e-08	AbsError: 3.89879e+12
      Equation: "ElectronContinuityEquation"	RelError: 3.92747e-08	AbsError: 3.89879e+12
      Equation: "HoleContinuityEquation"	RelError: 3.92747e-08	AbsError: 3.95635e-08
      Equation: "PotentialEquation"	RelError: 1.70622e-09	AbsError: 1.01671e-09
    Region: "oxide"	RelError: 4.42252e-06	AbsError: 1.41745e-06
      Equation: "PotentialEquation"	RelError: 4.42252e-06	AbsError: 1.41745e-06
Iteration: 33
  Device: "mos2d"	RelError: 2.50413e-01	AbsError: 3.73326e+14
    Region: "bulk"	RelError: 2.50409e-01	AbsError: 3.73326e+14
      Equation: "ElectronContinuityEquation"	RelError: 1.67031e-02	AbsError: 1.52984e+14
      Equation: "HoleContinuityEquation"	RelError: 1.64693e-02	AbsError: 2.20342e+14
      Equation: "PotentialEquation"	RelError: 2.17236e-01	AbsError: 4.29365e-04
    Region: "gate"	RelError: 7.23637e-08	AbsError: 3.51541e+12
      Equation: "ElectronContinuityEquation"	RelError: 3.54126e-08	AbsError: 3.51541e+12
      Equation: "HoleContinuityEquation"	RelError: 3.54126e-08	AbsError: 3.56730e-08
      Equation: "PotentialEquation"	RelError: 1.53844e-09	AbsError: 9.16734e-10
    Region: "oxide"	RelError: 3.98578e-06	AbsError: 1.27801e-06
      Equation: "PotentialEquation"	RelError: 3.98578e-06	AbsError: 1.27801e-06
Iteration: 34
  Device: "mos2d"	RelError: 1.98994e-01	AbsError: 3.48772e+14
    Region: "bulk"	RelError: 1.98990e-01	AbsError: 3.48772e+14
      Equation: "ElectronContinuityEquation"	RelError: 1.55999e-02	AbsError: 1.41886e+14
      Equation: "HoleContinuityEquation"	RelError: 1.53947e-02	AbsError: 2.06885e+14
      Equation: "PotentialEquation"	RelError: 1.67995e-01	AbsError: 4.01178e-04
    Region: "gate"	RelError: 6.56770e-08	AbsError: 3.19057e+12
      Equation: "ElectronContinuityEquation"	RelError: 3.21404e-08	AbsError: 3.19057e+12
      Equation: "HoleContinuityEquation"	RelError: 3.21404e-08	AbsError: 3.23767e-08
      Equation: "PotentialEquation"	RelError: 1.39628e-09	AbsError: 8.32024e-10
    Region: "oxide"	RelError: 3.61616e-06	AbsError: 1.15988e-06
      Equation: "PotentialEquation"	RelError: 3.61616e-06	AbsError: 1.15988e-06
Iteration: 35
  Device: "mos2d"	RelError: 1.64295e-01	AbsError: 3.26614e+14
    Region: "bulk"	RelError: 1.64291e-01	AbsError: 3.26614e+14
      Equation: "ElectronContinuityEquation"	RelError: 1.45957e-02	AbsError: 1.32098e+14
      Equation: "HoleContinuityEquation"	RelError: 1.44151e-02	AbsError: 1.94516e+14
      Equation: "PotentialEquation"	RelError: 1.35280e-01	AbsError: 3.75501e-04
    Region: "gate"	RelError: 5.99184e-08	AbsError: 2.91082e+12
      Equation: "ElectronContinuityEquation"	RelError: 2.93223e-08	AbsError: 2.91082e+12
      Equation: "HoleContinuityEquation"	RelError: 2.93223e-08	AbsError: 2.95379e-08
      Equation: "PotentialEquation"	RelError: 1.27386e-09	AbsError: 7.59072e-10
    Region: "oxide"	RelError: 3.29815e-06	AbsError: 1.05816e-06
      Equation: "PotentialEquation"	RelError: 3.29815e-06	AbsError: 1.05816e-06
Iteration: 36
  Device: "mos2d"	RelError: 1.39257e-01	AbsError: 3.06666e+14
    Region: "bulk"	RelError: 1.39254e-01	AbsError: 3.06666e+14
      Equation: "ElectronContinuityEquation"	RelError: 1.36785e-02	AbsError: 1.23549e+14
      Equation: "HoleContinuityEquation"	RelError: 1.35191e-02	AbsError: 1.83117e+14
      Equation: "PotentialEquation"	RelError: 1.12056e-01	AbsError: 3.52032e-04
    Region: "gate"	RelError: 5.48923e-08	AbsError: 2.66666e+12
      Equation: "ElectronContinuityEquation"	RelError: 2.68627e-08	AbsError: 2.66666e+12
      Equation: "HoleContinuityEquation"	RelError: 2.68627e-08	AbsError: 2.70602e-08
      Equation: "PotentialEquation"	RelError: 1.16700e-09	AbsError: 6.95399e-10
    Region: "oxide"	RelError: 3.02081e-06	AbsError: 9.69379e-07
      Equation: "PotentialEquation"	RelError: 3.02081e-06	AbsError: 9.69379e-07
Iteration: 37
  Device: "mos2d"	RelError: 1.20314e-01	AbsError: 2.88314e+14
    Region: "bulk"	RelError: 1.20312e-01	AbsError: 2.88314e+14
      Equation: "ElectronContinuityEquation"	RelError: 1.28382e-02	AbsError: 1.15730e+14
      Equation: "HoleContinuityEquation"	RelError: 1.26972e-02	AbsError: 1.72585e+14
      Equation: "PotentialEquation"	RelError: 9.47763e-02	AbsError: 3.30517e-04
    Region: "gate"	RelError: 5.04575e-08	AbsError: 2.45121e+12
      Equation: "ElectronContinuityEquation"	RelError: 2.46924e-08	AbsError: 2.45121e+12
      Equation: "HoleContinuityEquation"	RelError: 2.46924e-08	AbsError: 2.48740e-08
      Equation: "PotentialEquation"	RelError: 1.07272e-09	AbsError: 6.39217e-10
    Region: "oxide"	RelError: 2.77624e-06	AbsError: 8.91047e-07
      Equation: "PotentialEquation"	RelError: 2.77624e-06	AbsError: 8.91047e-07
Iteration: 38
  Device: "mos2d"	RelError: 1.05470e-01	AbsError: 2.71389e+14
    Region: "bulk"	RelError: 1.05467e-01	AbsError: 2.71389e+14
      Equation: "ElectronContinuityEquation"	RelError: 1.20662e-02	AbsError: 1.08557e+14
      Equation: "HoleContinuityEquation"	RelError: 1.19410e-02	AbsError: 1.62832e+14
      Equation: "PotentialEquation"	RelError: 8.14597e-02	AbsError: 3.10737e-04
    Region: "gate"	RelError: 4.65099e-08	AbsError: 2.25944e+12
      Equation: "ElectronContinuityEquation"	RelError: 2.27606e-08	AbsError: 2.25944e+12
      Equation: "HoleContinuityEquation"	RelError: 2.27606e-08	AbsError: 2.29279e-08
      Equation: "PotentialEquation"	RelError: 9.88793e-10	AbsError: 5.89207e-10
    Region: "oxide"	RelError: 2.55865e-06	AbsError: 8.21324e-07
      Equation: "PotentialEquation"	RelError: 2.55865e-06	AbsError: 8.21324e-07
Iteration: 39
  Device: "mos2d"	RelError: 9.35154e-02	AbsError: 2.55743e+14
    Region: "bulk"	RelError: 9.35130e-02	AbsError: 2.55743e+14
      Equation: "ElectronContinuityEquation"	RelError: 1.13550e-02	AbsError: 1.01961e+14
      Equation: "HoleContinuityEquation"	RelError: 1.12437e-02	AbsError: 1.53782e+14
      Equation: "PotentialEquation"	RelError: 7.09143e-02	AbsError: 2.92506e-04
    Region: "gate"	RelError: 4.29710e-08	AbsError: 2.08752e+12
      Equation: "ElectronContinuityEquation"	RelError: 2.10287e-08	AbsError: 2.08752e+12
      Equation: "HoleContinuityEquation"	RelError: 2.10287e-08	AbsError: 2.11834e-08
      Equation: "PotentialEquation"	RelError: 9.13557e-10	AbsError: 5.44375e-10
    Region: "oxide"	RelError: 2.36366e-06	AbsError: 7.58822e-07
      Equation: "PotentialEquation"	RelError: 2.36366e-06	AbsError: 7.58822e-07
Iteration: 40
  Device: "mos2d"	RelError: 8.36793e-02	AbsError: 2.41248e+14
    Region: "bulk"	RelError: 8.36771e-02	AbsError: 2.41248e+14
      Equation: "ElectronContinuityEquation"	RelError: 1.06983e-02	AbsError: 9.58799e+13
      Equation: "HoleContinuityEquation"	RelError: 1.05992e-02	AbsError: 1.45368e+14
      Equation: "PotentialEquation"	RelError: 6.23797e-02	AbsError: 2.75663e-04
    Region: "gate"	RelError: 3.97803e-08	AbsError: 1.93252e+12
      Equation: "ElectronContinuityEquation"	RelError: 1.94673e-08	AbsError: 1.93252e+12
      Equation: "HoleContinuityEquation"	RelError: 1.94673e-08	AbsError: 1.96104e-08
      Equation: "PotentialEquation"	RelError: 8.45722e-10	AbsError: 5.03953e-10
    Region: "oxide"	RelError: 2.18791e-06	AbsError: 7.02470e-07
      Equation: "PotentialEquation"	RelError: 2.18791e-06	AbsError: 7.02470e-07
Iteration: 41
  Device: "mos2d"	RelError: 7.54431e-02	AbsError: 2.27793e+14
    Region: "bulk"	RelError: 7.54410e-02	AbsError: 2.27793e+14
      Equation: "ElectronContinuityEquation"	RelError: 1.00905e-02	AbsError: 9.02618e+13
      Equation: "HoleContinuityEquation"	RelError: 1.00020e-02	AbsError: 1.37531e+14
      Equation: "PotentialEquation"	RelError: 5.53485e-02	AbsError: 2.60068e-04
    Region: "gate"	RelError: 3.68899e-08	AbsError: 1.79210e+12
      Equation: "ElectronContinuityEquation"	RelError: 1.80528e-08	AbsError: 1.79210e+12
      Equation: "HoleContinuityEquation"	RelError: 1.80528e-08	AbsError: 1.81856e-08
      Equation: "PotentialEquation"	RelError: 7.84273e-10	AbsError: 4.67336e-10
    Region: "oxide"	RelError: 2.02874e-06	AbsError: 6.51423e-07
      Equation: "PotentialEquation"	RelError: 2.02874e-06	AbsError: 6.51423e-07
Iteration: 42
  Device: "mos2d"	RelError: 6.84461e-02	AbsError: 2.15281e+14
    Region: "bulk"	RelError: 6.84442e-02	AbsError: 2.15281e+14
      Equation: "ElectronContinuityEquation"	RelError: 9.52683e-03	AbsError: 8.50606e+13
      Equation: "HoleContinuityEquation"	RelError: 9.44775e-03	AbsError: 1.30220e+14
      Equation: "PotentialEquation"	RelError: 4.94696e-02	AbsError: 2.45598e-04
    Region: "gate"	RelError: 3.42614e-08	AbsError: 1.66441e+12
      Equation: "ElectronContinuityEquation"	RelError: 1.67665e-08	AbsError: 1.66441e+12
      Equation: "HoleContinuityEquation"	RelError: 1.67665e-08	AbsError: 1.68898e-08
      Equation: "PotentialEquation"	RelError: 7.28392e-10	AbsError: 4.34038e-10
    Region: "oxide"	RelError: 1.88402e-06	AbsError: 6.05003e-07
      Equation: "PotentialEquation"	RelError: 1.88402e-06	AbsError: 6.05003e-07
Iteration: 43
  Device: "mos2d"	RelError: 6.24292e-02	AbsError: 2.03625e+14
    Region: "bulk"	RelError: 6.24274e-02	AbsError: 2.03625e+14
      Equation: "ElectronContinuityEquation"	RelError: 9.00310e-03	AbsError: 8.02364e+13
      Equation: "HoleContinuityEquation"	RelError: 8.93228e-03	AbsError: 1.23389e+14
      Equation: "PotentialEquation"	RelError: 4.44920e-02	AbsError: 2.32147e-04
    Region: "gate"	RelError: 3.18634e-08	AbsError: 1.54792e+12
      Equation: "ElectronContinuityEquation"	RelError: 1.55930e-08	AbsError: 1.54792e+12
      Equation: "HoleContinuityEquation"	RelError: 1.55930e-08	AbsError: 1.57077e-08
      Equation: "PotentialEquation"	RelError: 6.77410e-10	AbsError: 4.03659e-10
    Region: "oxide"	RelError: 1.75201e-06	AbsError: 5.62654e-07
      Equation: "PotentialEquation"	RelError: 1.75201e-06	AbsError: 5.62654e-07
Iteration: 44
  Device: "mos2d"	RelError: 5.72015e-02	AbsError: 1.92751e+14
    Region: "bulk"	RelError: 5.71998e-02	AbsError: 1.92751e+14
      Equation: "ElectronContinuityEquation"	RelError: 8.51560e-03	AbsError: 7.57541e+13
      Equation: "HoleContinuityEquation"	RelError: 8.45207e-03	AbsError: 1.16997e+14
      Equation: "PotentialEquation"	RelError: 4.02321e-02	AbsError: 2.19621e-04
    Region: "gate"	RelError: 2.96696e-08	AbsError: 1.44134e+12
      Equation: "ElectronContinuityEquation"	RelError: 1.45194e-08	AbsError: 1.44134e+12
      Equation: "HoleContinuityEquation"	RelError: 1.45194e-08	AbsError: 1.46262e-08
      Equation: "PotentialEquation"	RelError: 6.30771e-10	AbsError: 3.75867e-10
    Region: "oxide"	RelError: 1.63126e-06	AbsError: 5.23912e-07
      Equation: "PotentialEquation"	RelError: 1.63126e-06	AbsError: 5.23912e-07
Iteration: 45
  Device: "mos2d"	RelError: 5.26189e-02	AbsError: 1.82590e+14
    Region: "bulk"	RelError: 5.26174e-02	AbsError: 1.82590e+14
      Equation: "ElectronContinuityEquation"	RelError: 8.06104e-03	AbsError: 7.15826e+13
      Equation: "HoleContinuityEquation"	RelError: 8.00398e-03	AbsError: 1.11007e+14
      Equation: "PotentialEquation"	RelError: 3.65524e-02	AbsError: 2.07938e-04
    Region: "gate"	RelError: 2.76579e-08	AbsError: 1.34361e+12
      Equation: "ElectronContinuityEquation"	RelError: 1.35350e-08	AbsError: 1.34361e+12
      Equation: "HoleContinuityEquation"	RelError: 1.35350e-08	AbsError: 1.36345e-08
      Equation: "PotentialEquation"	RelError: 5.88003e-10	AbsError: 3.50382e-10
    Region: "oxide"	RelError: 1.52055e-06	AbsError: 4.88386e-07
      Equation: "PotentialEquation"	RelError: 1.52055e-06	AbsError: 4.88386e-07
Iteration: 46
  Device: "mos2d"	RelError: 4.85710e-02	AbsError: 1.73083e+14
    Region: "bulk"	RelError: 4.85695e-02	AbsError: 1.73083e+14
      Equation: "ElectronContinuityEquation"	RelError: 7.63655e-03	AbsError: 6.76943e+13
      Equation: "HoleContinuityEquation"	RelError: 7.58522e-03	AbsError: 1.05388e+14
      Equation: "PotentialEquation"	RelError: 3.33478e-02	AbsError: 1.97024e-04
    Region: "gate"	RelError: 2.58094e-08	AbsError: 1.25382e+12
      Equation: "ElectronContinuityEquation"	RelError: 1.26304e-08	AbsError: 1.25382e+12
      Equation: "HoleContinuityEquation"	RelError: 1.26304e-08	AbsError: 1.27232e-08
      Equation: "PotentialEquation"	RelError: 5.48704e-10	AbsError: 3.26965e-10
    Region: "oxide"	RelError: 1.41883e-06	AbsError: 4.55743e-07
      Equation: "PotentialEquation"	RelError: 1.41883e-06	AbsError: 4.55743e-07
Iteration: 47
  Device: "mos2d"	RelError: 4.49710e-02	AbsError: 1.64176e+14
    Region: "bulk"	RelError: 4.49697e-02	AbsError: 1.64176e+14
      Equation: "ElectronContinuityEquation"	RelError: 7.23955e-03	AbsError: 6.40650e+13
      Equation: "HoleContinuityEquation"	RelError: 7.19333e-03	AbsError: 1.00111e+14
      Equation: "PotentialEquation"	RelError: 3.05368e-02	AbsError: 1.86813e-04
    Region: "gate"	RelError: 2.41078e-08	AbsError: 1.17115e+12
      Equation: "ElectronContinuityEquation"	RelError: 1.17976e-08	AbsError: 1.17115e+12
      Equation: "HoleContinuityEquation"	RelError: 1.17976e-08	AbsError: 1.18844e-08
      Equation: "PotentialEquation"	RelError: 5.12528e-10	AbsError: 3.05408e-10
    Region: "oxide"	RelError: 1.32520e-06	AbsError: 4.25693e-07
      Equation: "PotentialEquation"	RelError: 1.32520e-06	AbsError: 4.25693e-07
Iteration: 48
  Device: "mos2d"	RelError: 4.17505e-02	AbsError: 1.55821e+14
    Region: "bulk"	RelError: 4.17492e-02	AbsError: 1.55821e+14
      Equation: "ElectronContinuityEquation"	RelError: 6.86776e-03	AbsError: 6.06727e+13
      Equation: "HoleContinuityEquation"	RelError: 6.82608e-03	AbsError: 9.51479e+13
      Equation: "PotentialEquation"	RelError: 2.80554e-02	AbsError: 1.77247e-04
    Region: "gate"	RelError: 2.25388e-08	AbsError: 1.09493e+12
      Equation: "ElectronContinuityEquation"	RelError: 1.10298e-08	AbsError: 1.09493e+12
      Equation: "HoleContinuityEquation"	RelError: 1.10298e-08	AbsError: 1.11109e-08
      Equation: "PotentialEquation"	RelError: 4.79171e-10	AbsError: 2.85531e-10
    Region: "oxide"	RelError: 1.23888e-06	AbsError: 3.97985e-07
      Equation: "PotentialEquation"	RelError: 1.23888e-06	AbsError: 3.97985e-07
Iteration: 49
  Device: "mos2d"	RelError: 3.88541e-02	AbsError: 1.47975e+14
    Region: "bulk"	RelError: 3.88529e-02	AbsError: 1.47975e+14
      Equation: "ElectronContinuityEquation"	RelError: 6.51913e-03	AbsError: 5.74980e+13
      Equation: "HoleContinuityEquation"	RelError: 6.48150e-03	AbsError: 9.04766e+13
      Equation: "PotentialEquation"	RelError: 2.58522e-02	AbsError: 1.68274e-04
    Region: "gate"	RelError: 2.10899e-08	AbsError: 1.02454e+12
      Equation: "ElectronContinuityEquation"	RelError: 1.03208e-08	AbsError: 1.02454e+12
      Equation: "HoleContinuityEquation"	RelError: 1.03208e-08	AbsError: 1.03967e-08
      Equation: "PotentialEquation"	RelError: 4.48369e-10	AbsError: 2.67176e-10
    Region: "oxide"	RelError: 1.15917e-06	AbsError: 3.72400e-07
      Equation: "PotentialEquation"	RelError: 1.15917e-06	AbsError: 3.72400e-07
Iteration: 50
  Device: "mos2d"	RelError: 3.62369e-02	AbsError: 1.40598e+14
    Region: "bulk"	RelError: 3.62358e-02	AbsError: 1.40598e+14
      Equation: "ElectronContinuityEquation"	RelError: 6.19182e-03	AbsError: 5.45233e+13
      Equation: "HoleContinuityEquation"	RelError: 6.15782e-03	AbsError: 8.60751e+13
      Equation: "PotentialEquation"	RelError: 2.38862e-02	AbsError: 1.59848e-04
    Region: "gate"	RelError: 1.97502e-08	AbsError: 9.59461e+11
      Equation: "ElectronContinuityEquation"	RelError: 9.66517e-09	AbsError: 9.59461e+11
      Equation: "HoleContinuityEquation"	RelError: 9.66517e-09	AbsError: 9.73625e-09
      Equation: "PotentialEquation"	RelError: 4.19887e-10	AbsError: 2.50204e-10
    Region: "oxide"	RelError: 1.08547e-06	AbsError: 3.48742e-07
      Equation: "PotentialEquation"	RelError: 1.08547e-06	AbsError: 3.48742e-07
Iteration: 51
  Device: "mos2d"	RelError: 3.38621e-02	AbsError: 1.33657e+14
    Region: "bulk"	RelError: 3.38610e-02	AbsError: 1.33657e+14
      Equation: "ElectronContinuityEquation"	RelError: 5.88418e-03	AbsError: 5.17330e+13
      Equation: "HoleContinuityEquation"	RelError: 5.85343e-03	AbsError: 8.19243e+13
      Equation: "PotentialEquation"	RelError: 2.21234e-02	AbsError: 1.51926e-04
    Region: "gate"	RelError: 1.85099e-08	AbsError: 8.99205e+11
      Equation: "ElectronContinuityEquation"	RelError: 9.05818e-09	AbsError: 8.99205e+11
      Equation: "HoleContinuityEquation"	RelError: 9.05818e-09	AbsError: 9.12480e-09
      Equation: "PotentialEquation"	RelError: 3.93517e-10	AbsError: 2.34491e-10
    Region: "oxide"	RelError: 1.01725e-06	AbsError: 3.26839e-07
      Equation: "PotentialEquation"	RelError: 1.01725e-06	AbsError: 3.26839e-07
Iteration: 52
  Device: "mos2d"	RelError: 3.16989e-02	AbsError: 1.27119e+14
    Region: "bulk"	RelError: 3.16979e-02	AbsError: 1.27119e+14
      Equation: "ElectronContinuityEquation"	RelError: 5.59472e-03	AbsError: 4.91128e+13
      Equation: "HoleContinuityEquation"	RelError: 5.56688e-03	AbsError: 7.80063e+13
      Equation: "PotentialEquation"	RelError: 2.05363e-02	AbsError: 1.44471e-04
    Region: "gate"	RelError: 1.73602e-08	AbsError: 8.43354e+11
      Equation: "ElectronContinuityEquation"	RelError: 8.49557e-09	AbsError: 8.43354e+11
      Equation: "HoleContinuityEquation"	RelError: 8.49557e-09	AbsError: 8.55804e-09
      Equation: "PotentialEquation"	RelError: 3.69075e-10	AbsError: 2.19926e-10
    Region: "oxide"	RelError: 9.54010e-07	AbsError: 3.06537e-07
      Equation: "PotentialEquation"	RelError: 9.54010e-07	AbsError: 3.06537e-07
Iteration: 53
  Device: "mos2d"	RelError: 2.97217e-02	AbsError: 1.20955e+14
    Region: "bulk"	RelError: 2.97208e-02	AbsError: 1.20955e+14
      Equation: "ElectronContinuityEquation"	RelError: 5.32210e-03	AbsError: 4.66499e+13
      Equation: "HoleContinuityEquation"	RelError: 5.29686e-03	AbsError: 7.43051e+13
      Equation: "PotentialEquation"	RelError: 1.91019e-02	AbsError: 1.37447e-04
    Region: "gate"	RelError: 1.62934e-08	AbsError: 7.91530e+11
      Equation: "ElectronContinuityEquation"	RelError: 7.97351e-09	AbsError: 7.91530e+11
      Equation: "HoleContinuityEquation"	RelError: 7.97351e-09	AbsError: 8.03215e-09
      Equation: "PotentialEquation"	RelError: 3.46395e-10	AbsError: 2.06412e-10
    Region: "oxide"	RelError: 8.95337e-07	AbsError: 2.87698e-07
      Equation: "PotentialEquation"	RelError: 8.95337e-07	AbsError: 2.87698e-07
Iteration: 54
  Device: "mos2d"	RelError: 2.79089e-02	AbsError: 1.15139e+14
    Region: "bulk"	RelError: 2.79080e-02	AbsError: 1.15139e+14
      Equation: "ElectronContinuityEquation"	RelError: 5.06508e-03	AbsError: 4.43325e+13
      Equation: "HoleContinuityEquation"	RelError: 5.04219e-03	AbsError: 7.08060e+13
      Equation: "PotentialEquation"	RelError: 1.78007e-02	AbsError: 1.30824e-04
    Region: "gate"	RelError: 1.53025e-08	AbsError: 7.43392e+11
      Equation: "ElectronContinuityEquation"	RelError: 7.48859e-09	AbsError: 7.43392e+11
      Equation: "HoleContinuityEquation"	RelError: 7.48859e-09	AbsError: 7.54366e-09
      Equation: "PotentialEquation"	RelError: 3.25329e-10	AbsError: 1.93858e-10
    Region: "oxide"	RelError: 8.40841e-07	AbsError: 2.70200e-07
      Equation: "PotentialEquation"	RelError: 8.40841e-07	AbsError: 2.70200e-07
Iteration: 55
  Device: "mos2d"	RelError: 2.62419e-02	AbsError: 1.09646e+14
    Region: "bulk"	RelError: 2.62411e-02	AbsError: 1.09646e+14
      Equation: "ElectronContinuityEquation"	RelError: 4.82257e-03	AbsError: 4.21502e+13
      Equation: "HoleContinuityEquation"	RelError: 4.80179e-03	AbsError: 6.74956e+13
      Equation: "PotentialEquation"	RelError: 1.66167e-02	AbsError: 1.24574e-04
    Region: "gate"	RelError: 1.43812e-08	AbsError: 6.98635e+11
      Equation: "ElectronContinuityEquation"	RelError: 7.03773e-09	AbsError: 6.98635e+11
      Equation: "HoleContinuityEquation"	RelError: 7.03773e-09	AbsError: 7.08948e-09
      Equation: "PotentialEquation"	RelError: 3.05742e-10	AbsError: 1.82187e-10
    Region: "oxide"	RelError: 7.90176e-07	AbsError: 2.53932e-07
      Equation: "PotentialEquation"	RelError: 7.90176e-07	AbsError: 2.53932e-07
Iteration: 56
  Device: "mos2d"	RelError: 2.47051e-02	AbsError: 1.04455e+14
    Region: "bulk"	RelError: 2.47043e-02	AbsError: 1.04455e+14
      Equation: "ElectronContinuityEquation"	RelError: 4.59354e-03	AbsError: 4.00933e+13
      Equation: "HoleContinuityEquation"	RelError: 4.57467e-03	AbsError: 6.43614e+13
      Equation: "PotentialEquation"	RelError: 1.55361e-02	AbsError: 1.18669e-04
    Region: "gate"	RelError: 1.35238e-08	AbsError: 6.56984e+11
      Equation: "ElectronContinuityEquation"	RelError: 6.61815e-09	AbsError: 6.56984e+11
      Equation: "HoleContinuityEquation"	RelError: 6.61815e-09	AbsError: 6.66683e-09
      Equation: "PotentialEquation"	RelError: 2.87514e-10	AbsError: 1.71325e-10
    Region: "oxide"	RelError: 7.43029e-07	AbsError: 2.38792e-07
      Equation: "PotentialEquation"	RelError: 7.43029e-07	AbsError: 2.38792e-07
Iteration: 57
  Device: "mos2d"	RelError: 2.32848e-02	AbsError: 9.95453e+13
    Region: "bulk"	RelError: 2.32841e-02	AbsError: 9.95453e+13
      Equation: "ElectronContinuityEquation"	RelError: 4.37708e-03	AbsError: 3.81530e+13
      Equation: "HoleContinuityEquation"	RelError: 4.35993e-03	AbsError: 6.13923e+13
      Equation: "PotentialEquation"	RelError: 1.45471e-02	AbsError: 1.13088e-04
    Region: "gate"	RelError: 1.27252e-08	AbsError: 6.18189e+11
      Equation: "ElectronContinuityEquation"	RelError: 6.22735e-09	AbsError: 6.18189e+11
      Equation: "HoleContinuityEquation"	RelError: 6.22735e-09	AbsError: 6.27315e-09
      Equation: "PotentialEquation"	RelError: 2.70537e-10	AbsError: 1.61209e-10
    Region: "oxide"	RelError: 6.99117e-07	AbsError: 2.24690e-07
      Equation: "PotentialEquation"	RelError: 6.99117e-07	AbsError: 2.24690e-07
Iteration: 58
  Device: "mos2d"	RelError: 2.19694e-02	AbsError: 9.48990e+13
    Region: "bulk"	RelError: 2.19687e-02	AbsError: 9.48990e+13
      Equation: "ElectronContinuityEquation"	RelError: 4.17235e-03	AbsError: 3.63212e+13
      Equation: "HoleContinuityEquation"	RelError: 4.15675e-03	AbsError: 5.85777e+13
      Equation: "PotentialEquation"	RelError: 1.36396e-02	AbsError: 1.07808e-04
    Region: "gate"	RelError: 1.19808e-08	AbsError: 5.82024e+11
      Equation: "ElectronContinuityEquation"	RelError: 5.86304e-09	AbsError: 5.82024e+11
      Equation: "HoleContinuityEquation"	RelError: 5.86304e-09	AbsError: 5.90616e-09
      Equation: "PotentialEquation"	RelError: 2.54710e-10	AbsError: 1.51778e-10
    Region: "oxide"	RelError: 6.58185e-07	AbsError: 2.11544e-07
      Equation: "PotentialEquation"	RelError: 6.58185e-07	AbsError: 2.11544e-07
Iteration: 59
  Device: "mos2d"	RelError: 2.07485e-02	AbsError: 9.04988e+13
    Region: "bulk"	RelError: 2.07479e-02	AbsError: 9.04988e+13
      Equation: "ElectronContinuityEquation"	RelError: 3.97857e-03	AbsError: 3.45907e+13
      Equation: "HoleContinuityEquation"	RelError: 3.96436e-03	AbsError: 5.59081e+13
      Equation: "PotentialEquation"	RelError: 1.28049e-02	AbsError: 1.02810e-04
    Region: "gate"	RelError: 1.12863e-08	AbsError: 5.48284e+11
      Equation: "ElectronContinuityEquation"	RelError: 5.52317e-09	AbsError: 5.48284e+11
      Equation: "HoleContinuityEquation"	RelError: 5.52317e-09	AbsError: 5.56378e-09
      Equation: "PotentialEquation"	RelError: 2.39944e-10	AbsError: 1.42979e-10
    Region: "oxide"	RelError: 6.20000e-07	AbsError: 1.99280e-07
      Equation: "PotentialEquation"	RelError: 6.20000e-07	AbsError: 1.99280e-07
Iteration: 60
  Device: "mos2d"	RelError: 1.96132e-02	AbsError: 8.63293e+13
    Region: "bulk"	RelError: 1.96126e-02	AbsError: 8.63293e+13
      Equation: "ElectronContinuityEquation"	RelError: 3.79503e-03	AbsError: 3.29547e+13
      Equation: "HoleContinuityEquation"	RelError: 3.78209e-03	AbsError: 5.33746e+13
      Equation: "PotentialEquation"	RelError: 1.20355e-02	AbsError: 9.80750e-05
    Region: "gate"	RelError: 1.06378e-08	AbsError: 5.16783e+11
      Equation: "ElectronContinuityEquation"	RelError: 5.20583e-09	AbsError: 5.16783e+11
      Equation: "HoleContinuityEquation"	RelError: 5.20583e-09	AbsError: 5.24412e-09
      Equation: "PotentialEquation"	RelError: 2.26158e-10	AbsError: 1.34764e-10
    Region: "oxide"	RelError: 5.84349e-07	AbsError: 1.87830e-07
      Equation: "PotentialEquation"	RelError: 5.84349e-07	AbsError: 1.87830e-07
Iteration: 61
  Device: "mos2d"	RelError: 1.85557e-02	AbsError: 8.23759e+13
    Region: "bulk"	RelError: 1.85552e-02	AbsError: 8.23759e+13
      Equation: "ElectronContinuityEquation"	RelError: 3.62107e-03	AbsError: 3.14069e+13
      Equation: "HoleContinuityEquation"	RelError: 3.60929e-03	AbsError: 5.09690e+13
      Equation: "PotentialEquation"	RelError: 1.13248e-02	AbsError: 9.35868e-05
    Region: "gate"	RelError: 1.00319e-08	AbsError: 4.87349e+11
      Equation: "ElectronContinuityEquation"	RelError: 4.90933e-09	AbsError: 4.87349e+11
      Equation: "HoleContinuityEquation"	RelError: 4.90933e-09	AbsError: 4.94543e-09
      Equation: "PotentialEquation"	RelError: 2.13277e-10	AbsError: 1.27089e-10
    Region: "oxide"	RelError: 5.51041e-07	AbsError: 1.77131e-07
      Equation: "PotentialEquation"	RelError: 5.51041e-07	AbsError: 1.77131e-07
Iteration: 62
  Device: "mos2d"	RelError: 1.75691e-02	AbsError: 7.86253e+13
    Region: "bulk"	RelError: 1.75685e-02	AbsError: 7.86253e+13
      Equation: "ElectronContinuityEquation"	RelError: 3.45611e-03	AbsError: 2.99417e+13
      Equation: "HoleContinuityEquation"	RelError: 3.44537e-03	AbsError: 4.86836e+13
      Equation: "PotentialEquation"	RelError: 1.06671e-02	AbsError: 8.93299e-05
    Region: "gate"	RelError: 9.46542e-09	AbsError: 4.59828e+11
      Equation: "ElectronContinuityEquation"	RelError: 4.63209e-09	AbsError: 4.59828e+11
      Equation: "HoleContinuityEquation"	RelError: 4.63209e-09	AbsError: 4.66616e-09
      Equation: "PotentialEquation"	RelError: 2.01233e-10	AbsError: 1.19912e-10
    Region: "oxide"	RelError: 5.19898e-07	AbsError: 1.67128e-07
      Equation: "PotentialEquation"	RelError: 5.19898e-07	AbsError: 1.67128e-07
Iteration: 63
  Device: "mos2d"	RelError: 1.66471e-02	AbsError: 7.50654e+13
    Region: "bulk"	RelError: 1.66466e-02	AbsError: 7.50654e+13
      Equation: "ElectronContinuityEquation"	RelError: 3.29958e-03	AbsError: 2.85539e+13
      Equation: "HoleContinuityEquation"	RelError: 3.28978e-03	AbsError: 4.65115e+13
      Equation: "PotentialEquation"	RelError: 1.00572e-02	AbsError: 8.52900e-05
    Region: "gate"	RelError: 8.93535e-09	AbsError: 4.34077e+11
      Equation: "ElectronContinuityEquation"	RelError: 4.37269e-09	AbsError: 4.34077e+11
      Equation: "HoleContinuityEquation"	RelError: 4.37269e-09	AbsError: 4.40485e-09
      Equation: "PotentialEquation"	RelError: 1.89964e-10	AbsError: 1.13197e-10
    Region: "oxide"	RelError: 4.90761e-07	AbsError: 1.57768e-07
      Equation: "PotentialEquation"	RelError: 4.90761e-07	AbsError: 1.57768e-07
Iteration: 64
  Device: "mos2d"	RelError: 1.57843e-02	AbsError: 7.16846e+13
    Region: "bulk"	RelError: 1.57838e-02	AbsError: 7.16846e+13
      Equation: "ElectronContinuityEquation"	RelError: 3.15098e-03	AbsError: 2.72385e+13
      Equation: "HoleContinuityEquation"	RelError: 3.14203e-03	AbsError: 4.44461e+13
      Equation: "PotentialEquation"	RelError: 9.49081e-03	AbsError: 8.14541e-05
    Region: "gate"	RelError: 8.43905e-09	AbsError: 4.09967e+11
      Equation: "ElectronContinuityEquation"	RelError: 4.12982e-09	AbsError: 4.09967e+11
      Equation: "HoleContinuityEquation"	RelError: 4.12982e-09	AbsError: 4.16019e-09
      Equation: "PotentialEquation"	RelError: 1.79413e-10	AbsError: 1.06909e-10
    Region: "oxide"	RelError: 4.63481e-07	AbsError: 1.49004e-07
      Equation: "PotentialEquation"	RelError: 4.63481e-07	AbsError: 1.49004e-07
Iteration: 65
  Device: "mos2d"	RelError: 1.49759e-02	AbsError: 6.84725e+13
    Region: "bulk"	RelError: 1.49754e-02	AbsError: 6.84725e+13
      Equation: "ElectronContinuityEquation"	RelError: 3.00982e-03	AbsError: 2.59911e+13
      Equation: "HoleContinuityEquation"	RelError: 3.00165e-03	AbsError: 4.24813e+13
      Equation: "PotentialEquation"	RelError: 8.96394e-03	AbsError: 7.78101e-05
    Region: "gate"	RelError: 7.97408e-09	AbsError: 3.87379e+11
      Equation: "ElectronContinuityEquation"	RelError: 3.90228e-09	AbsError: 3.87379e+11
      Equation: "HoleContinuityEquation"	RelError: 3.90228e-09	AbsError: 3.93097e-09
      Equation: "PotentialEquation"	RelError: 1.69528e-10	AbsError: 1.01019e-10
    Region: "oxide"	RelError: 4.37925e-07	AbsError: 1.40794e-07
      Equation: "PotentialEquation"	RelError: 4.37925e-07	AbsError: 1.40794e-07
Iteration: 66
  Device: "mos2d"	RelError: 1.42174e-02	AbsError: 6.54191e+13
    Region: "bulk"	RelError: 1.42170e-02	AbsError: 6.54191e+13
      Equation: "ElectronContinuityEquation"	RelError: 2.87567e-03	AbsError: 2.48076e+13
      Equation: "HoleContinuityEquation"	RelError: 2.86821e-03	AbsError: 4.06115e+13
      Equation: "PotentialEquation"	RelError: 8.47308e-03	AbsError: 7.43465e-05
    Region: "gate"	RelError: 7.53818e-09	AbsError: 3.66203e+11
      Equation: "ElectronContinuityEquation"	RelError: 3.68896e-09	AbsError: 3.66203e+11
      Equation: "HoleContinuityEquation"	RelError: 3.68896e-09	AbsError: 3.71609e-09
      Equation: "PotentialEquation"	RelError: 1.60260e-10	AbsError: 9.54968e-11
    Region: "oxide"	RelError: 4.13967e-07	AbsError: 1.33097e-07
      Equation: "PotentialEquation"	RelError: 4.13967e-07	AbsError: 1.33097e-07
Iteration: 67
  Device: "mos2d"	RelError: 1.35050e-02	AbsError: 6.25155e+13
    Region: "bulk"	RelError: 1.35046e-02	AbsError: 6.25155e+13
      Equation: "ElectronContinuityEquation"	RelError: 2.74813e-03	AbsError: 2.36842e+13
      Equation: "HoleContinuityEquation"	RelError: 2.74131e-03	AbsError: 3.88313e+13
      Equation: "PotentialEquation"	RelError: 8.01514e-03	AbsError: 7.10530e-05
    Region: "gate"	RelError: 7.12928e-09	AbsError: 3.46339e+11
      Equation: "ElectronContinuityEquation"	RelError: 3.48886e-09	AbsError: 3.46339e+11
      Equation: "HoleContinuityEquation"	RelError: 3.48886e-09	AbsError: 3.51452e-09
      Equation: "PotentialEquation"	RelError: 1.51567e-10	AbsError: 9.03167e-11
    Region: "oxide"	RelError: 3.91496e-07	AbsError: 1.25877e-07
      Equation: "PotentialEquation"	RelError: 3.91496e-07	AbsError: 1.25877e-07
Iteration: 68
  Device: "mos2d"	RelError: 1.28351e-02	AbsError: 5.97530e+13
    Region: "bulk"	RelError: 1.28347e-02	AbsError: 5.97530e+13
      Equation: "ElectronContinuityEquation"	RelError: 2.62681e-03	AbsError: 2.26172e+13
      Equation: "HoleContinuityEquation"	RelError: 2.62057e-03	AbsError: 3.71359e+13
      Equation: "PotentialEquation"	RelError: 7.58734e-03	AbsError: 6.79199e-05
    Region: "gate"	RelError: 6.74550e-09	AbsError: 3.27695e+11
      Equation: "ElectronContinuityEquation"	RelError: 3.30105e-09	AbsError: 3.27695e+11
      Equation: "HoleContinuityEquation"	RelError: 3.30105e-09	AbsError: 3.32532e-09
      Equation: "PotentialEquation"	RelError: 1.43408e-10	AbsError: 8.54548e-11
    Region: "oxide"	RelError: 3.70404e-07	AbsError: 1.19100e-07
      Equation: "PotentialEquation"	RelError: 3.70404e-07	AbsError: 1.19100e-07
Iteration: 69
  Device: "mos2d"	RelError: 1.22045e-02	AbsError: 5.71239e+13
    Region: "bulk"	RelError: 1.22042e-02	AbsError: 5.71239e+13
      Equation: "ElectronContinuityEquation"	RelError: 2.51135e-03	AbsError: 2.16034e+13
      Equation: "HoleContinuityEquation"	RelError: 2.50565e-03	AbsError: 3.55206e+13
      Equation: "PotentialEquation"	RelError: 7.18719e-03	AbsError: 6.49381e-05
    Region: "gate"	RelError: 6.38507e-09	AbsError: 3.10185e+11
      Equation: "ElectronContinuityEquation"	RelError: 3.12466e-09	AbsError: 3.10185e+11
      Equation: "HoleContinuityEquation"	RelError: 3.12466e-09	AbsError: 3.14764e-09
      Equation: "PotentialEquation"	RelError: 1.35746e-10	AbsError: 8.08888e-11
    Region: "oxide"	RelError: 3.50598e-07	AbsError: 1.12736e-07
      Equation: "PotentialEquation"	RelError: 3.50598e-07	AbsError: 1.12736e-07
Iteration: 70
  Device: "mos2d"	RelError: 1.16105e-02	AbsError: 5.46207e+13
    Region: "bulk"	RelError: 1.16101e-02	AbsError: 5.46207e+13
      Equation: "ElectronContinuityEquation"	RelError: 2.40145e-03	AbsError: 2.06396e+13
      Equation: "HoleContinuityEquation"	RelError: 2.39623e-03	AbsError: 3.39811e+13
      Equation: "PotentialEquation"	RelError: 6.81245e-03	AbsError: 6.20991e-05
    Region: "gate"	RelError: 6.04639e-09	AbsError: 2.93732e+11
      Equation: "ElectronContinuityEquation"	RelError: 2.95892e-09	AbsError: 2.93732e+11
      Equation: "HoleContinuityEquation"	RelError: 2.95892e-09	AbsError: 2.98068e-09
      Equation: "PotentialEquation"	RelError: 1.28545e-10	AbsError: 7.65983e-11
    Region: "oxide"	RelError: 3.31988e-07	AbsError: 1.06756e-07
      Equation: "PotentialEquation"	RelError: 3.31988e-07	AbsError: 1.06756e-07
Iteration: 71
  Device: "mos2d"	RelError: 1.10502e-02	AbsError: 5.22365e+13
    Region: "bulk"	RelError: 1.10499e-02	AbsError: 5.22365e+13
      Equation: "ElectronContinuityEquation"	RelError: 2.29677e-03	AbsError: 1.97231e+13
      Equation: "HoleContinuityEquation"	RelError: 2.29200e-03	AbsError: 3.25134e+13
      Equation: "PotentialEquation"	RelError: 6.46112e-03	AbsError: 5.93952e-05
    Region: "gate"	RelError: 5.72798e-09	AbsError: 2.78264e+11
      Equation: "ElectronContinuityEquation"	RelError: 2.80310e-09	AbsError: 2.78264e+11
      Equation: "HoleContinuityEquation"	RelError: 2.80310e-09	AbsError: 2.82372e-09
      Equation: "PotentialEquation"	RelError: 1.21776e-10	AbsError: 7.25644e-11
    Region: "oxide"	RelError: 3.14492e-07	AbsError: 1.01133e-07
      Equation: "PotentialEquation"	RelError: 3.14492e-07	AbsError: 1.01133e-07
Iteration: 72
  Device: "mos2d"	RelError: 1.05214e-02	AbsError: 4.99650e+13
    Region: "bulk"	RelError: 1.05211e-02	AbsError: 4.99650e+13
      Equation: "ElectronContinuityEquation"	RelError: 2.19705e-03	AbsError: 1.88511e+13
      Equation: "HoleContinuityEquation"	RelError: 2.19268e-03	AbsError: 3.11138e+13
      Equation: "PotentialEquation"	RelError: 6.13138e-03	AbsError: 5.68189e-05
    Region: "gate"	RelError: 5.42845e-09	AbsError: 2.63713e+11
      Equation: "ElectronContinuityEquation"	RelError: 2.65652e-09	AbsError: 2.63713e+11
      Equation: "HoleContinuityEquation"	RelError: 2.65652e-09	AbsError: 2.67606e-09
      Equation: "PotentialEquation"	RelError: 1.15408e-10	AbsError: 6.87699e-11
    Region: "oxide"	RelError: 2.98034e-07	AbsError: 9.58447e-08
      Equation: "PotentialEquation"	RelError: 2.98034e-07	AbsError: 9.58447e-08
Iteration: 73
  Device: "mos2d"	RelError: 1.00219e-02	AbsError: 4.78000e+13
    Region: "bulk"	RelError: 1.00216e-02	AbsError: 4.78000e+13
      Equation: "ElectronContinuityEquation"	RelError: 2.10201e-03	AbsError: 1.80213e+13
      Equation: "HoleContinuityEquation"	RelError: 2.09801e-03	AbsError: 2.97787e+13
      Equation: "PotentialEquation"	RelError: 5.82159e-03	AbsError: 5.43634e-05
    Region: "gate"	RelError: 5.14655e-09	AbsError: 2.50018e+11
      Equation: "ElectronContinuityEquation"	RelError: 2.51857e-09	AbsError: 2.50018e+11
      Equation: "HoleContinuityEquation"	RelError: 2.51857e-09	AbsError: 2.53709e-09
      Equation: "PotentialEquation"	RelError: 1.09415e-10	AbsError: 6.51987e-11
    Region: "oxide"	RelError: 2.82546e-07	AbsError: 9.08671e-08
      Equation: "PotentialEquation"	RelError: 2.82546e-07	AbsError: 9.08671e-08
Iteration: 74
  Device: "mos2d"	RelError: 9.54969e-03	AbsError: 4.57359e+13
    Region: "bulk"	RelError: 9.54941e-03	AbsError: 4.57359e+13
      Equation: "ElectronContinuityEquation"	RelError: 2.01141e-03	AbsError: 1.72311e+13
      Equation: "HoleContinuityEquation"	RelError: 2.00774e-03	AbsError: 2.85047e+13
      Equation: "PotentialEquation"	RelError: 5.53027e-03	AbsError: 5.20222e-05
    Region: "gate"	RelError: 4.88110e-09	AbsError: 2.37123e+11
      Equation: "ElectronContinuityEquation"	RelError: 2.38867e-09	AbsError: 2.37123e+11
      Equation: "HoleContinuityEquation"	RelError: 2.38867e-09	AbsError: 2.40623e-09
      Equation: "PotentialEquation"	RelError: 1.03771e-10	AbsError: 6.18358e-11
    Region: "oxide"	RelError: 2.67963e-07	AbsError: 8.61801e-08
      Equation: "PotentialEquation"	RelError: 2.67963e-07	AbsError: 8.61801e-08
Iteration: 75
  Device: "mos2d"	RelError: 9.10296e-03	AbsError: 4.37674e+13
    Region: "bulk"	RelError: 9.10270e-03	AbsError: 4.37674e+13
      Equation: "ElectronContinuityEquation"	RelError: 1.92500e-03	AbsError: 1.64786e+13
      Equation: "HoleContinuityEquation"	RelError: 1.92164e-03	AbsError: 2.72888e+13
      Equation: "PotentialEquation"	RelError: 5.25606e-03	AbsError: 4.97894e-05
    Region: "gate"	RelError: 4.63102e-09	AbsError: 2.24974e+11
      Equation: "ElectronContinuityEquation"	RelError: 2.26628e-09	AbsError: 2.24974e+11
      Equation: "HoleContinuityEquation"	RelError: 2.26628e-09	AbsError: 2.28295e-09
      Equation: "PotentialEquation"	RelError: 9.84549e-11	AbsError: 5.86678e-11
    Region: "oxide"	RelError: 2.54224e-07	AbsError: 8.17644e-08
      Equation: "PotentialEquation"	RelError: 2.54224e-07	AbsError: 8.17644e-08
Iteration: 76
  Device: "mos2d"	RelError: 8.68005e-03	AbsError: 4.18896e+13
    Region: "bulk"	RelError: 8.67981e-03	AbsError: 4.18896e+13
      Equation: "ElectronContinuityEquation"	RelError: 1.84258e-03	AbsError: 1.57616e+13
      Equation: "HoleContinuityEquation"	RelError: 1.83950e-03	AbsError: 2.61279e+13
      Equation: "PotentialEquation"	RelError: 4.99773e-03	AbsError: 4.76593e-05
    Region: "gate"	RelError: 4.39531e-09	AbsError: 2.13523e+11
      Equation: "ElectronContinuityEquation"	RelError: 2.15093e-09	AbsError: 2.13523e+11
      Equation: "HoleContinuityEquation"	RelError: 2.15093e-09	AbsError: 2.16675e-09
      Equation: "PotentialEquation"	RelError: 9.34435e-11	AbsError: 5.56816e-11
    Region: "oxide"	RelError: 2.41275e-07	AbsError: 7.76025e-08
      Equation: "PotentialEquation"	RelError: 2.41275e-07	AbsError: 7.76025e-08
Iteration: 77
  Device: "mos2d"	RelError: 8.27944e-03	AbsError: 4.00977e+13
    Region: "bulk"	RelError: 8.27920e-03	AbsError: 4.00977e+13
      Equation: "ElectronContinuityEquation"	RelError: 1.76393e-03	AbsError: 1.50783e+13
      Equation: "HoleContinuityEquation"	RelError: 1.76110e-03	AbsError: 2.50195e+13
      Equation: "PotentialEquation"	RelError: 4.75417e-03	AbsError: 4.56266e-05
    Region: "gate"	RelError: 4.17303e-09	AbsError: 2.02725e+11
      Equation: "ElectronContinuityEquation"	RelError: 2.04216e-09	AbsError: 2.02725e+11
      Equation: "HoleContinuityEquation"	RelError: 2.04216e-09	AbsError: 2.05717e-09
      Equation: "PotentialEquation"	RelError: 8.87179e-11	AbsError: 5.28657e-11
    Region: "oxide"	RelError: 2.29065e-07	AbsError: 7.36777e-08
      Equation: "PotentialEquation"	RelError: 2.29065e-07	AbsError: 7.36777e-08
Iteration: 78
  Device: "mos2d"	RelError: 7.89970e-03	AbsError: 3.83875e+13
    Region: "bulk"	RelError: 7.89948e-03	AbsError: 3.83875e+13
      Equation: "ElectronContinuityEquation"	RelError: 1.68886e-03	AbsError: 1.44268e+13
      Equation: "HoleContinuityEquation"	RelError: 1.68627e-03	AbsError: 2.39607e+13
      Equation: "PotentialEquation"	RelError: 4.52435e-03	AbsError: 4.36863e-05
    Region: "gate"	RelError: 3.96332e-09	AbsError: 1.92537e+11
      Equation: "ElectronContinuityEquation"	RelError: 1.93953e-09	AbsError: 1.92537e+11
      Equation: "HoleContinuityEquation"	RelError: 1.93953e-09	AbsError: 1.95379e-09
      Equation: "PotentialEquation"	RelError: 8.42595e-11	AbsError: 5.02089e-11
    Region: "oxide"	RelError: 2.17546e-07	AbsError: 6.99749e-08
      Equation: "PotentialEquation"	RelError: 2.17546e-07	AbsError: 6.99749e-08
Iteration: 79
  Device: "mos2d"	RelError: 7.53955e-03	AbsError: 3.67548e+13
    Region: "bulk"	RelError: 7.53934e-03	AbsError: 3.67548e+13
      Equation: "ElectronContinuityEquation"	RelError: 1.61719e-03	AbsError: 1.38056e+13
      Equation: "HoleContinuityEquation"	RelError: 1.61482e-03	AbsError: 2.29492e+13
      Equation: "PotentialEquation"	RelError: 4.30733e-03	AbsError: 4.18338e-05
    Region: "gate"	RelError: 3.76538e-09	AbsError: 1.82921e+11
      Equation: "ElectronContinuityEquation"	RelError: 1.84266e-09	AbsError: 1.82921e+11
      Equation: "HoleContinuityEquation"	RelError: 1.84266e-09	AbsError: 1.85622e-09
      Equation: "PotentialEquation"	RelError: 8.00514e-11	AbsError: 4.77014e-11
    Region: "oxide"	RelError: 2.06674e-07	AbsError: 6.64800e-08
      Equation: "PotentialEquation"	RelError: 2.06674e-07	AbsError: 6.64800e-08
