$MeshFormat
2.2 0 8
$EndMeshFormat
$PhysicalNames
9
1 1 "gate_contact"
1 2 "gate_oxide_interface"
1 3 "bulk_oxide_interface"
1 4 "source_contact"
1 5 "drain_contact"
1 6 "body_contact"
2 7 "gate"
2 8 "oxide"
2 9 "bulk"
$EndPhysicalNames
$Nodes
1501
1 0 0 0
2 4e-05 0 0
3 6e-05 0 0
4 0.0001 0 0
5 0.0001 0.0001 0
6 0 0.0001 0
7 4e-05 -1.3e-05 0
8 6e-05 -1.3e-05 0
9 6e-05 -3e-06 0
10 4e-05 -3e-06 0
11 1.999999999996283e-06 0.0001 0
12 3.999999999992063e-06 0.0001 0
13 5.999999999987601e-06 0.0001 0
14 7.999999999984174e-06 0.0001 0
15 9.999999999981015e-06 0.0001 0
16 1.199999999997786e-05 0.0001 0
17 1.399999999997345e-05 0.0001 0
18 1.59999999999666e-05 0.0001 0
19 1.799999999996008e-05 0.0001 0
20 1.999999999995523e-05 0.0001 0
21 2.199999999994905e-05 0.0001 0
22 2.399999999994419e-05 0.0001 0
23 2.599999999993802e-05 0.0001 0
24 2.799999999993316e-05 0.0001 0
25 2.999999999992699e-05 0.0001 0
26 3.19999999999202e-05 0.0001 0
27 3.39999999999146e-05 0.0001 0
28 3.599999999991043e-05 0.0001 0
29 3.799999999990425e-05 0.0001 0
30 3.999999999989808e-05 0.0001 0
31 4.199999999989222e-05 0.0001 0
32 4.399999999988837e-05 0.0001 0
33 4.599999999988219e-05 0.0001 0
34 4.799999999987601e-05 0.0001 0
35 4.999999999987116e-05 0.0001 0
36 5.199999999987515e-05 0.0001 0
37 5.399999999988047e-05 0.0001 0
38 5.599999999988578e-05 0.0001 0
39 5.799999999989109e-05 0.0001 0
40 5.999999999989639e-05 0.0001 0
41 6.199999999990172e-05 0.0001 0
42 6.399999999990703e-05 0.0001 0
43 6.599999999991233e-05 0.0001 0
44 6.799999999991764e-05 0.0001 0
45 6.999999999992295e-05 0.0001 0
46 7.199999999992827e-05 0.0001 0
47 7.399999999993359e-05 0.0001 0
48 7.599999999993888e-05 0.0001 0
49 7.79999999999442e-05 0.0001 0
50 7.999999999994952e-05 0.0001 0
51 8.199999999995483e-05 0.0001 0
52 8.399999999996014e-05 0.0001 0
53 8.599999999996546e-05 0.0001 0
54 8.799999999997078e-05 0.0001 0
55 8.999999999997609e-05 0.0001 0
56 9.199999999998141e-05 0.0001 0
57 9.399999999998671e-05 0.0001 0
58 9.599999999999202e-05 0.0001 0
59 9.799999999999733e-05 0.0001 0
60 0.0001 9.539537168741508e-05 0
61 0.0001 9.175889100709381e-05 0
62 0.0001 8.673162092400168e-05 0
63 0.0001 7.97612758856067e-05 0
64 0.0001 7.056817739023901e-05 0
65 0.0001 6.104132443074707e-05 0
66 0.0001 5.151447147125652e-05 0
67 0.0001 4.198761851172274e-05 0
68 0.0001 3.247508535152091e-05 0
69 0.0001 2.454535632420808e-05 0
70 0.0001 1.88163613344959e-05 0
71 0.0001 1.467881296528177e-05 0
72 0.0001 1.169031620827307e-05 0
73 0.0001 9.526852959540106e-06 0
74 0.0001 7.621482367631556e-06 0
75 0.0001 5.716111775723006e-06 0
76 0.0001 3.810741183814457e-06 0
77 0.0001 1.905370591905893e-06 0
78 9.800000000000835e-05 0 0
79 9.600000000000609e-05 0 0
80 9.400000000001443e-05 0 0
81 9.200000000001853e-05 0 0
82 9.00000000000258e-05 0 0
83 8.800000000003414e-05 0 0
84 8.600000000003719e-05 0 0
85 8.400000000004552e-05 0 0
86 8.200000000004963e-05 0 0
87 8.000000000005161e-05 0 0
88 7.800000000005995e-05 0 0
89 7.600000000005083e-05 0 0
90 7.400000000003958e-05 0 0
91 7.200000000004368e-05 0 0
92 7.000000000002714e-05 0 0
93 6.800000000002225e-05 0 0
94 6.600000000001524e-05 0 0
95 6.400000000000928e-05 0 0
96 6.200000000000595e-05 0 0
97 5.93021911445546e-05 0 0
98 5.908744886716289e-05 0 0
99 5.898776028210926e-05 0 0
100 5.888807169705546e-05 0 0
101 5.878838311200098e-05 0 0
102 5.868856472575997e-05 0 0
103 5.802863341397404e-05 0 0
104 5.79289448289204e-05 0 0
105 5.782925624386676e-05 0 0
106 5.772956765881242e-05 0 0
107 5.762949546125162e-05 0 0
108 5.697430192836126e-05 0 0
109 5.687461334330762e-05 0 0
110 5.677492475825398e-05 0 0
111 5.667523617320034e-05 0 0
112 5.657507029419692e-05 0 0
113 5.591540328826072e-05 0 0
114 5.581571470320708e-05 0 0
115 5.571602611815344e-05 0 0
116 5.56163375330998e-05 0 0
117 5.551573541990128e-05 0 0
118 5.485700208911345e-05 0 0
119 5.475731350405981e-05 0 0
120 5.465762491900617e-05 0 0
121 5.455793633395253e-05 0 0
122 5.445680443746362e-05 0 0
123 5.380079754835813e-05 0 0
124 5.370110896330408e-05 0 0
125 5.36014203782496e-05 0 0
126 5.350173179319511e-05 0 0
127 5.340020904151687e-05 0 0
128 5.274242509805915e-05 0 0
129 5.264273651300551e-05 0 0
130 5.254304792795187e-05 0 0
131 5.244335934289824e-05 0 0
132 5.234110647542404e-05 0 0
133 5.16824941524992e-05 0 0
134 5.158280556744556e-05 0 0
135 5.148311698239193e-05 0 0
136 5.138342839733829e-05 0 0
137 5.128006169460288e-05 0 0
138 5.062960091276848e-05 0 0
139 5.052991232771484e-05 0 0
140 5.04302237426612e-05 0 0
141 5.033053515760757e-05 0 0
142 5.022712468924371e-05 0 0
143 4.956977625737632e-05 0 0
144 4.947008767232216e-05 0 0
145 4.937039908726768e-05 0 0
146 4.92707105022132e-05 0 0
147 4.916598191234568e-05 0 0
148 4.851688301763944e-05 0 0
149 4.84171944325858e-05 0 0
150 4.831750584753181e-05 0 0
151 4.821781726247699e-05 0 0
152 4.811303385583581e-05 0 0
153 4.745695207207581e-05 0 0
154 4.735726348702217e-05 0 0
155 4.725757490196854e-05 0 0
156 4.71578863169149e-05 0 0
157 4.649826820683013e-05 0 0
158 4.639857962177558e-05 0 0
159 4.629889103672025e-05 0 0
160 4.619920245166536e-05 0 0
161 4.609951386661088e-05 0 0
162 4.544206366606747e-05 0 0
163 4.534237508101299e-05 0 0
164 4.52426864959591e-05 0 0
165 4.514299791090546e-05 0 0
166 4.50433093258512e-05 0 0
167 4.438366246691634e-05 0 0
168 4.428397388186185e-05 0 0
169 4.418428529680736e-05 0 0
170 4.408459671175288e-05 0 0
171 4.398490812669774e-05 0 0
172 4.332476382681108e-05 0 0
173 4.322507524175623e-05 0 0
174 4.31253866567024e-05 0 0
175 4.302569807164774e-05 0 0
176 4.292600948659277e-05 0 0
177 4.227043234119366e-05 0 0
178 4.217074375613913e-05 0 0
179 4.207105517108464e-05 0 0
180 4.197136658603016e-05 0 0
181 4.187167800097571e-05 0 0
182 4.121161688800151e-05 0 0
183 4.111192830294787e-05 0 0
184 4.101223971789355e-05 0 0
185 4.091255113283906e-05 0 0
186 4.081286254778522e-05 0 0
187 3.800000000000304e-05 0 0
188 3.600000000000794e-05 0 0
189 3.400000000001178e-05 0 0
190 3.200000000001747e-05 0 0
191 3.000000000002448e-05 0 0
192 2.800000000003123e-05 0 0
193 2.600000000003719e-05 0 0
194 2.400000000004156e-05 0 0
195 2.200000000004711e-05 0 0
196 2.000000000005228e-05 0 0
197 1.800000000004818e-05 0 0
198 1.600000000004368e-05 0 0
199 1.400000000003732e-05 0 0
200 1.200000000003309e-05 0 0
201 1.000000000002779e-05 0 0
202 8.000000000022238e-06 0 0
203 6.000000000016544e-06 0 0
204 4.000000000010587e-06 0 0
205 2.000000000007279e-06 0 0
206 0 1.90537059190143e-06 0
207 0 3.810741183802467e-06 0
208 0 5.716111775703104e-06 0
209 0 7.621482367604682e-06 0
210 0 9.52685295950665e-06 0
211 0 1.16903162082212e-05 0
212 0 1.467881296520046e-05 0
213 0 1.88163613343701e-05 0
214 0 2.454535632402951e-05 0
215 0 3.247508535126726e-05 0
216 0 4.198761851142067e-05 0
217 0 5.151447147092719e-05 0
218 0 6.104132443047747e-05 0
219 0 7.056817739002775e-05 0
220 0 7.976127588546208e-05 0
221 0 8.673162092391707e-05 0
222 0 9.175889100704183e-05 0
223 0 9.539537168738698e-05 0
224 6e-05 -1.055200153032037e-05 0
225 6e-05 -8.641872999804161e-06 0
226 6e-05 -6.761248666539046e-06 0
227 6e-05 -4.880624333270171e-06 0
228 5.800000000000371e-05 -3e-06 0
229 5.600000000000741e-05 -3e-06 0
230 5.400000000001641e-05 -3e-06 0
231 5.200000000002276e-05 -3e-06 0
232 5.000000000002911e-05 -3e-06 0
233 4.800000000002118e-05 -3e-06 0
234 4.600000000001509e-05 -3e-06 0
235 4.400000000001192e-05 -3e-06 0
236 4.20000000000053e-05 -3e-06 0
237 4e-05 -1.055200153032037e-05 0
238 4e-05 -8.641872999804161e-06 0
239 4e-05 -6.761248666539046e-06 0
240 4e-05 -4.880624333270171e-06 0
241 4.666737697064776e-05 -1.3e-05 0
242 5.333262302931807e-05 -1.3e-05 0
243 6e-05 -1.500000000004304e-06 0
244 4e-05 -1.49999999999625e-06 0
245 5.029037823328269e-05 1.896088131517046e-07 0
246 4.612999946281349e-05 2.423410791388407e-07 0
247 5.371705520007147e-05 1.678894455005906e-07 0
248 4.817381014358237e-05 1.95159917555601e-07 0
249 5.556572082710782e-05 1.835664343905905e-07 0
250 4.431208230418078e-05 2.624039158753842e-07 0
251 5.201011003879928e-05 2.774176907022463e-07 0
252 4.519284220343227e-05 8.633284712377327e-08 0
253 5.460719627855823e-05 9.720521414885544e-08 0
254 4.94202433797949e-05 8.633284712436598e-08 0
255 4.041809799047925e-05 5.302604040857255e-07 0
256 3.494633187689971e-05 1.634093252389402e-06 0
257 5.099999999987315e-05 9.82679491924315e-05 0
258 6.069153233679992e-05 9.821227263029597e-05 0
259 4.099999999989515e-05 9.826794919243633e-05 0
260 3.099999999992359e-05 9.8267949192437e-05 0
261 4.259822091389322e-05 2.838732310280609e-07 0
262 2.700000000003315e-05 1.732050807564834e-06 0
263 6.12007659047992e-05 1.191061249263385e-06 0
264 6.900000000002469e-05 1.732050807573109e-06 0
265 5.727674572837976e-05 3.02634631659659e-07 0
266 7.705546348298204e-05 1.746941318263278e-06 0
267 6.911217633500729e-05 9.817900559003344e-05 0
268 7.706419035254715e-05 9.824279883042958e-05 0
269 2.270093904443326e-05 9.840680177573382e-05 0
270 1.900000000005023e-05 1.732050807568416e-06 0
271 9.18934071274089e-05 4.679827694835706e-05 0
272 8.500000000004153e-05 1.689329775120423e-06 0
273 6.977555595122383e-06 5.702000675891257e-05 0
274 1.299849012462735e-05 1.738003415195204e-06 0
275 5.876471992923013e-05 1.812734135550909e-07 0
276 8.34545636309765e-05 9.838206280262575e-05 0
277 8.896018180685987e-05 9.811967684282347e-05 0
278 1.697520903734695e-05 9.804562613707272e-05 0
279 1.104924691276706e-05 9.81348165328725e-05 0
280 6.033080302178474e-06 2.812738521049171e-05 0
281 9.566957558032458e-05 2.204820917433227e-05 0
282 9.800495782103522e-05 1.052518960703935e-05 0
283 2.29915124196843e-06 1.315667894541645e-05 0
284 5.307131706978794e-05 2.848288026179463e-07 0
285 4.692248153899874e-05 3.224571242169939e-07 0
286 4.365483597675445e-05 2.858508669326698e-07 0
287 9.096688821178168e-05 1.637936610631084e-06 0
288 9.300102364356311e-05 7.516472663792285e-05 0
289 6.776824043723863e-06 7.491511975125155e-05 0
290 5.133174504597074e-05 1.839953138704082e-07 0
291 6.999412714633268e-06 1.731993889984481e-06 0
292 5.620895365739328e-05 2.51890542387174e-07 0
293 4.193702248460641e-05 1.997681819694107e-07 0
294 5.445924046930534e-05 2.550375836730392e-07 0
295 4.5043098957649e-05 2.499429075809553e-07 0
296 5.796729270558719e-05 1.470829197126022e-07 0
297 4.884143246499248e-05 2.810680661919991e-07 0
298 4.317523094922928e-05 8.633284712394346e-08 0
299 4.524778784898127e-05 3.63717138149882e-07 0
300 4.498954454831996e-05 5.519180858529624e-07 0
301 4.531570990877265e-05 7.228764295707302e-07 0
302 4.495979037700348e-05 9.82052517292671e-07 0
303 4.542715961543764e-05 1.181046591931472e-06 0
304 4.495813340150558e-05 1.502852179562466e-06 0
305 4.553949290712979e-05 1.744043095451351e-06 0
306 4.498107405439178e-05 2.125834895860304e-06 0
307 4.564978330851397e-05 2.432718481851836e-06 0
308 4.498177190517255e-05 2.889178453672813e-06 0
309 4.578648611883399e-05 3.261960632742038e-06 0
310 4.495678593874316e-05 3.810887004473641e-06 0
311 4.589342999079125e-05 4.247778104024015e-06 0
312 4.498908512485961e-05 4.913447817677484e-06 0
313 4.393204161967395e-05 4.416366333709639e-06 0
314 4.387715973367869e-05 5.676202881572228e-06 0
315 4.674485799042683e-05 3.614716846421258e-06 0
316 4.691185283099461e-05 4.673336126656751e-06 0
317 4.79295158868459e-05 3.853189383724855e-06 0
318 4.804635835805274e-05 5.161688375783443e-06 0
319 4.907401512091299e-05 4.411227623297028e-06 0
320 4.921927032909204e-05 5.730406333688099e-06 0
321 5.043537455457617e-05 4.767813904471559e-06 0
322 5.055270656600782e-05 6.33467641576972e-06 0
323 4.929019512920561e-05 7.433111669832038e-06 0
324 5.17977261209077e-05 5.415787068670202e-06 0
325 5.197560935062542e-05 7.029631798539352e-06 0
326 5.342876763280581e-05 5.813294198563962e-06 0
327 5.356687678626947e-05 7.751029514710253e-06 0
328 5.500035758143938e-05 6.642823314376282e-06 0
329 5.529194484949561e-05 8.534058012935227e-06 0
330 5.678692522338933e-05 7.364168846182166e-06 0
331 5.70976685388792e-05 9.316463446539897e-06 0
332 5.5390749845617e-05 1.064853211032109e-05 0
333 5.788895968355913e-05 1.141824078537783e-05 0
334 5.545497841388609e-05 1.311001814432644e-05 0
335 5.799602507547741e-05 1.434017711047382e-05 0
336 5.557284510998085e-05 1.5935733047644e-05 0
337 5.840225621673166e-05 1.748145743249718e-05 0
338 5.561475233919153e-05 1.927343304333238e-05 0
339 5.876309855558164e-05 2.097896784639474e-05 0
340 5.567743220343911e-05 2.319002990997564e-05 0
341 5.193145431657536e-05 2.065461660061667e-05 0
342 5.224596026583392e-05 2.547180899785642e-05 0
343 4.811084560353374e-05 2.321737524527872e-05 0
344 4.833630275611794e-05 2.792722137662562e-05 0
345 6.176826601799487e-05 1.887163322176681e-05 0
346 5.287027423129536e-05 3.019010674104913e-05 0
347 6.216423324356973e-05 2.273854892228156e-05 0
348 6.554299857080369e-05 2.028746214658107e-05 0
349 4.841205540643858e-05 3.295535604168248e-05 0
350 5.337861072118116e-05 3.537789896069397e-05 0
351 4.838142616341113e-05 3.84775596612785e-05 0
352 5.351318406412878e-05 4.108756514890383e-05 0
353 4.847829739191423e-05 4.455463529074946e-05 0
354 5.418251041703501e-05 4.734463297500252e-05 0
355 4.888153577272734e-05 5.076317582116782e-05 0
356 5.38661204919753e-05 5.34396354481457e-05 0
357 4.942799281568154e-05 5.661445221511391e-05 0
358 5.390215093850805e-05 5.919479991883813e-05 0
359 4.99319955338222e-05 6.211718836975666e-05 0
360 5.431021341334784e-05 6.452431865168075e-05 0
361 5.024015679972107e-05 6.723437512474802e-05 0
362 5.435704134031861e-05 6.945442540150205e-05 0
363 5.06070488154124e-05 7.194963474207338e-05 0
364 5.440148364919513e-05 7.399805316893489e-05 0
365 4.607714105879061e-05 7.003434879920278e-05 0
366 4.431058929678852e-05 2.562127477957406e-05 0
367 5.096184987727689e-05 7.629127974017473e-05 0
368 5.848945431004448e-05 7.854320146029824e-06 0
369 5.442008431610256e-05 7.797705136217084e-05 0
370 5.805551402916805e-05 7.606023164664177e-05 0
371 5.87871255814562e-05 6.117309523973097e-05 0
372 6.585625814560281e-05 2.471882228757875e-05 0
373 5.099397109682873e-05 8.002830606189133e-05 0
374 5.758562622754702e-05 8.038203594257017e-05 0
375 6.164406429894984e-05 7.808534396662531e-05 0
376 4.33448229938566e-05 4.145245396867854e-05 0
377 6.94502126100371e-05 2.191357621644481e-05 0
378 4.470801934593163e-05 5.483896872736573e-05 0
379 7.01300817706559e-05 2.643772832687635e-05 0
380 6.182548006326546e-05 8.229543703454093e-05 0
381 6.544266186493189e-05 8.007201133695309e-05 0
382 5.671380701474448e-05 1.33483239448985e-07 0
383 5.466566915806628e-05 3.715659521271358e-07 0
384 6.006276695126114e-05 5.115514254945325e-05 0
385 5.831890156212085e-05 8.427290744042853e-05 0
386 6.892559909716128e-05 1.775665585447401e-05 0
387 7.277553745778755e-05 1.924486114956491e-05 0
388 4.413666201096877e-05 2.109516500780458e-05 0
389 4.043064001618008e-05 2.328471213147603e-05 0
390 4.047280799048035e-05 1.903669245552849e-05 0
391 3.675584025615625e-05 2.109542893925699e-05 0
392 3.71140614805423e-05 1.64994251077228e-05 0
393 3.318595906660277e-05 1.886717822369198e-05 0
394 3.302705558646901e-05 2.326649102123097e-05 0
395 5.246163405465333e-05 1.005644946980181e-07 0
396 5.292059992438782e-05 1.463987608126966e-05 0
397 2.923944820008307e-05 2.108815040930814e-05 0
398 2.908010693223956e-05 2.589109216123012e-05 0
399 5.440228536797267e-05 5.445949953934031e-07 0
400 5.473629002820583e-05 7.070488209358092e-07 0
401 5.4384219827745e-05 9.970957923943859e-07 0
402 4.768938461065133e-05 7.858681840298038e-05 0
403 4.782988032163373e-05 8.218711857315843e-05 0
404 4.45852304167234e-05 8.07387227649498e-05 0
405 4.487121524796887e-05 8.442022819231393e-05 0
406 4.15920329657522e-05 8.287544933207207e-05 0
407 1.574389253936827e-06 6.612206530399846e-06 0
408 4.740710777954906e-05 1.85212296485978e-07 0
409 4.106208401042062e-05 8.633284712407256e-08 0
410 3.345407840186602e-05 1.481364709850848e-05 0
411 4.860768568300568e-05 8.576729085532971e-05 0
412 4.44361288604686e-05 1.839939473913746e-06 0
413 7.296604595406078e-05 1.829754080715978e-06 0
414 6.501051949360149e-05 1.385261570610876e-06 0
415 8.100941795230563e-05 1.722750502394896e-06 0
416 2.300000000004434e-05 1.732050807564063e-06 0
417 3.10372690276899e-05 1.665069576959585e-06 0
418 5.504944737793069e-05 9.816737299189015e-05 0
419 4.699999999987908e-05 9.826794919243648e-05 0
420 7.227668263721929e-05 1.523280915854672e-05 0
421 7.611275219501433e-05 1.660398607770597e-05 0
422 7.671688678907773e-05 2.071941032919634e-05 0
423 9.496061804285233e-05 1.331913386697229e-06 0
424 6.567006529381219e-05 8.431441910233565e-05 0
425 6.924712275121632e-05 8.206605809854453e-05 0
426 6.920975181900151e-05 7.760934893457548e-05 0
427 9.817225859999569e-05 6.711965370201558e-06 0
428 3.698548056130308e-05 9.81408182906509e-05 0
429 9.606332068863983e-05 8.888659477218561e-05 0
430 3.565110747847226e-06 8.949729916525731e-05 0
431 4.617809402919973e-05 1.961282845876792e-06 0
432 6.503826433802617e-05 9.799173417966714e-05 0
433 2.69662827494519e-05 9.856525848805326e-05 0
434 9.299999999998403e-05 9.826794919242653e-05 0
435 7.009913116464343e-06 9.809298072230226e-05 0
436 7.299999999993094e-05 9.826794919242653e-05 0
437 4.179874733570259e-05 8.633188219167983e-05 0
438 3.860083684321962e-05 8.488998930895626e-05 0
439 3.829200610881571e-05 8.119462198260433e-05 0
440 3.533542911239179e-05 8.337062240745256e-05 0
441 3.485904942276731e-05 7.931724145344179e-05 0
442 3.14518498327778e-05 8.255958262253758e-05 0
443 3.101733677243156e-05 7.719375295558677e-05 0
444 5.64557673000263e-05 5.681799515266574e-06 0
445 4.99494525782216e-05 3.640349698025919e-06 0
446 3.638067456288479e-05 1.284235465620664e-05 0
447 3.594704261707182e-05 8.705745088571507e-05 0
448 6.862333502835724e-05 1.388925543071321e-05 0
449 2.714574930789716e-05 8.017036151088003e-05 0
450 2.65255911643663e-05 7.514573815752503e-05 0
451 3.10056827587536e-05 7.19342200210795e-05 0
452 2.747874137146886e-05 8.493582843756764e-05 0
453 7.994625861770741e-05 1.806789218979422e-05 0
454 8.071709514484175e-05 2.233803713668645e-05 0
455 7.92891497412733e-05 1.405702418262652e-05 0
456 8.284128910250026e-05 1.531471782413401e-05 0
457 3.345775764083444e-05 1.058023900238774e-05 0
458 3.046735145340093e-05 1.269604626894169e-05 0
459 6.9331699383337e-05 8.627204075177906e-05 0
460 7.300991815141063e-05 8.408808953914908e-05 0
461 3.629367484463472e-05 1.035668356026745e-05 0
462 3.860578407929596e-05 1.080768174726779e-05 0
463 4.516569111768776e-05 6.266652230687284e-06 0
464 7.146659521619847e-05 1.096620822946177e-05 0
465 6.851710369040481e-05 1.103238141892652e-05 0
466 2.468203347978124e-05 2.30794527697897e-05 0
467 2.435305022982626e-05 2.84650785402478e-05 0
468 2.335905005245752e-05 8.296708348409367e-05 0
469 8.204103568129255e-05 1.103957128305512e-05 0
470 8.549823303585891e-05 1.218782128397822e-05 0
471 2.601120011396161e-05 6.979659445475152e-05 0
472 5.287768179491279e-05 4.52615965076374e-06 0
473 5.866811693530524e-05 3.780802273323307e-05 0
474 4.388441472289688e-05 7.16545848845577e-06 0
475 4.243239834289661e-05 6.531099507593895e-06 0
476 4.391676073079021e-05 1.692474040721854e-05 0
477 4.963045362032731e-05 2.148100740656972e-07 0
478 5.200154035674807e-05 8.876918056392798e-06 0
479 3.093468260436053e-05 6.645200469118834e-05 0
480 6.604323212246803e-05 8.811353170854988e-05 0
481 7.897555836757113e-05 1.054210569966952e-05 0
482 4.546073963084254e-05 7.928812387888845e-06 0
483 4.40973093912655e-05 9.435228594593254e-08 0
484 3.051872941169934e-05 9.734115471526521e-06 0
485 2.792754366502039e-05 1.030667787852921e-05 0
486 2.925409226944694e-05 3.131581558136994e-05 0
487 2.412948773840509e-05 3.422013235812117e-05 0
488 7.312598137050887e-05 8.84434081083768e-05 0
489 7.676213445122876e-05 8.685636390585271e-05 0
490 7.674683740166341e-05 8.166169659813404e-05 0
491 2.394577484940017e-05 8.739511057782608e-05 0
492 1.985123765707638e-05 8.572416635219948e-05 0
493 6.047913265792235e-05 1.262942768521471e-05 0
494 2.774086145196526e-05 8.91197306957944e-05 0
495 6.14153993692969e-05 7.352859663033307e-05 0
496 8.455906934928543e-05 9.967581763053793e-06 0
497 8.802058514413879e-05 1.116149863590211e-05 0
498 8.705888960608191e-05 7.956668069965732e-06 0
499 2.549253096835749e-05 6.392573248011252e-05 0
500 5.345097041735686e-05 1.855808248712265e-07 0
501 5.332926613725997e-05 5.662037471552336e-07 0
502 5.294204857110059e-05 7.012215029698007e-07 0
503 5.324719149424714e-05 9.978347721193268e-07 0
504 5.276960504088855e-05 1.16556203542889e-06 0
505 5.317767010945573e-05 1.531092942189977e-06 0
506 5.258096127891485e-05 1.729497863440132e-06 0
507 4.120777973610938e-05 2.53803038845549e-07 0
508 4.637390704332397e-05 2.391110597072039e-07 0
509 4.657080197486227e-05 5.180844488975127e-07 0
510 4.69657820718665e-05 7.013219161410046e-07 0
511 2.808836639530315e-05 8.074339820042215e-06 0
512 2.551332011591817e-05 9.17593995542889e-06 0
513 2.49329216112506e-05 1.168971542738966e-05 0
514 2.255260688191511e-05 1.039331870176268e-05 0
515 2.346682458966589e-05 7.89925451948328e-06 0
516 2.213112596143362e-05 1.339110060775884e-05 0
517 1.943391441979018e-05 1.078993939680111e-05 0
518 1.936270128421956e-05 1.48591317315815e-05 0
519 1.596251553807296e-05 1.222170354993697e-05 0
520 3.019960049424387e-05 7.265571533483038e-06 0
521 1.644605304238168e-05 9.357974980333766e-06 0
522 1.319750018377972e-05 1.125274688416945e-05 0
523 1.28126623470118e-05 1.404058642845415e-05 0
524 1.404975495820726e-05 7.974504388847599e-06 0
525 8.082764228725867e-05 8.402264485104236e-05 0
526 8.099803636119151e-05 8.862892959206922e-05 0
527 4.399391652145848e-05 8.882273942340812e-06 0
528 4.574072144276221e-05 9.816863614136971e-06 0
529 8.853161234212032e-05 1.365048724037835e-05 0
530 9.076099325672412e-05 1.091792196802435e-05 0
531 7.091423382641565e-05 8.439810626219465e-06 0
532 6.85911163692863e-05 7.835780668874836e-06 0
533 3.069229783810001e-05 6.031844594386508e-05 0
534 2.499529931201631e-05 5.743312385974118e-05 0
535 3.041249603261759e-05 5.374352843100613e-05 0
536 2.449887686413732e-05 5.092153563740739e-05 0
537 8.483184960202759e-05 8.633550849983831e-05 0
538 2.948741796302765e-05 3.695768798225235e-05 0
539 1.025905829098347e-05 1.120699412623403e-05 0
540 9.543939552630634e-06 1.515234558896856e-05 0
541 1.244093711703186e-05 1.77512089667445e-05 0
542 2.075413078856033e-05 9.03115326049488e-05 0
543 1.66379247678214e-05 8.844097144098062e-05 0
544 4.004435443620878e-05 2.771063841498853e-05 0
545 3.818319049002773e-05 7.77098028245509e-05 0
546 1.934633430975024e-05 2.484944900220172e-05 0
547 5.965109557227726e-05 5.840927508438728e-07 0
548 8.73442097128584e-06 1.927658169146862e-05 0
549 4.753618799857325e-05 2.782337863114233e-06 0
550 5.307871576548315e-05 2.184634464058078e-06 0
551 5.239153017044859e-05 2.395046281101073e-06 0
552 5.178893596508059e-05 1.879430513593601e-06 0
553 5.377119092625544e-05 1.838819929140931e-06 0
554 5.479436092322707e-05 1.201571003288731e-06 0
555 8.482201748014009e-05 9.064797747736774e-05 0
556 3.617339353138949e-05 6.319149521257001e-05 0
557 1.903912185501069e-05 8.109138366459743e-05 0
558 2.030712241703614e-05 6.739705271130852e-05 0
559 8.079492447724424e-05 7.844917512128371e-05 0
560 4.391095763705638e-05 1.095498430218885e-05 0
561 4.594073210935827e-05 1.204868825678914e-05 0
562 3.078847815623229e-06 1.68479163445535e-06 0
563 6.66642525509338e-05 2.991227651470319e-05 0
564 7.109780174472793e-05 3.157600404486938e-05 0
565 5.903721564735632e-05 1.265525985823997e-07 0
566 5.519760820206246e-05 8.486353608417872e-07 0
567 5.525624284735383e-05 1.367100866694858e-06 0
568 5.567003827678699e-05 1.01953704855487e-06 0
569 5.579276425892777e-05 1.595572529753059e-06 0
570 5.527277734333644e-05 1.982429338127909e-06 0
571 5.590761075997431e-05 2.268176832396665e-06 0
572 5.651875777003429e-05 1.780390383188999e-06 0
573 5.529284970617229e-05 2.753245485247981e-06 0
574 5.663354259471545e-05 2.569238691380446e-06 0
575 5.731941973469117e-05 2.105766940413062e-06 0
576 5.745146024437553e-05 2.909455677082485e-06 0
577 5.821152414377715e-05 2.343583612787532e-06 0
578 5.834131224830924e-05 3.247380946718302e-06 0
579 5.920038026571262e-05 2.644275716538842e-06 0
580 5.930956320642135e-05 3.803598705182111e-06 0
581 4.920821763420908e-05 2.013504401218479e-07 0
582 4.909386104202707e-05 5.359516187919991e-07 0
583 4.874489396411803e-05 6.524318159852062e-07 0
584 4.905276564804089e-05 9.480599566994939e-07 0
585 4.853148643510659e-05 1.048843331875495e-06 0
586 4.899621440064024e-05 1.450837563202545e-06 0
587 4.950904512614471e-05 1.172730160129023e-06 0
588 4.947868122096782e-05 1.959484764020124e-06 0
589 5.003742242466892e-05 1.582918765131861e-06 0
590 3.886506616993398e-05 8.400436899006945e-06 0
591 3.676442486649706e-05 7.448811682639334e-06 0
592 5.692445763583374e-05 1.85019984531469e-07 0
593 5.700123836533489e-05 5.817801503774985e-07 0
594 5.743992028907261e-05 7.096165839978754e-07 0
595 4.297137883698984e-05 1.980912240166628e-07 0
596 4.288553530374319e-05 5.600042955121606e-07 0
597 4.250420407713412e-05 6.570645125894699e-07 0
598 4.285260490081238e-05 9.809364847315976e-07 0
599 4.228294209836088e-05 1.079102872215292e-06 0
600 4.278764951156901e-05 1.485430330209909e-06 0
601 4.22249588459692e-05 1.712659122786586e-06 0
602 4.172218635486727e-05 1.332760632506828e-06 0
603 4.158770761222588e-05 1.964051967812473e-06 0
604 4.215506944927421e-05 2.453881578856007e-06 0
605 4.137768481922588e-05 2.739454615372638e-06 0
606 4.07700423312345e-05 2.130204706561979e-06 0
607 4.043768210124151e-05 3.084372930276544e-06 0
608 4.204352975092491e-05 3.347735728148144e-06 0
609 4.758166195151506e-05 2.029338876591941e-07 0
610 4.757442137157204e-05 4.628979295889924e-07 0
611 4.577078876633916e-05 1.877757538927011e-07 0
612 4.594629728236323e-05 5.048075541366539e-07 0
613 5.27307057541432e-05 2.266871826872194e-07 0
614 5.158516291190437e-05 2.643667929808766e-06 0
615 9.15726950019121e-05 1.435136655863337e-05 0
616 8.979068144330221e-05 1.698556586591819e-05 0
617 5.376548735001985e-05 2.691747097771512e-06 0
618 8.149265248691965e-05 9.304500109482477e-05 0
619 4.788344787496328e-05 1.079289303413012e-05 0
620 4.846112329889388e-05 1.651579230474174e-06 0
621 3.95614809323022e-05 2.280336859633853e-06 0
622 3.921541028203373e-05 3.487813075175877e-06 0
623 4.042778157962421e-05 4.173767982655677e-06 0
624 1.18550823223495e-05 2.18838679433408e-05 0
625 4.3308692459899e-05 1.256044980368298e-06 0
626 4.338260667259079e-05 1.84527753459375e-06 0
627 4.804402256574839e-05 1.24306175561513e-06 0
628 1.754398504400074e-05 9.218580541631947e-05 0
629 1.401297318755992e-05 9.133937857325769e-05 0
630 1.265101720879295e-05 8.732055155501472e-05 0
631 5.584092548555596e-05 2.021145993554676e-07 0
632 4.81852350552072e-05 1.310775402037677e-05 0
633 2.611959543723179e-05 7.032688503876682e-06 0
634 9.834990066378456e-05 2.858055887860175e-06 0
635 6.564163874756544e-05 1.196252000615649e-05 0
636 4.660812431663819e-05 9.951643275547082e-07 0
637 4.70784529227161e-05 1.121411197018805e-06 0
638 4.457646754721032e-05 7.147544456752036e-07 0
639 3.939916301577824e-05 6.233740614653174e-07 0
640 5.892179166167361e-05 4.23581743943489e-07 0
641 5.854437668232733e-05 5.872233438212816e-07 0
642 5.90483649231159e-05 8.433764723525421e-07 0
643 8.869062917599847e-05 8.869381777535377e-05 0
644 2.034921077534285e-05 9.381151421684485e-05 0
645 5.004020533075445e-05 1.024183422453241e-06 0
646 5.058797224419384e-05 1.294480998259014e-06 0
647 5.059141951475744e-05 1.966568159461541e-06 0
648 8.866387845897359e-05 9.314828326155412e-05 0
649 9.361076409369871e-05 1.207345271765798e-05 0
650 9.314122673820127e-05 9.533899802489227e-06 0
651 9.46594764794222e-05 1.520343533815077e-05 0
652 3.821441031430989e-05 2.494940882286912e-06 0
653 3.780466079667873e-05 3.925203819310919e-06 0
654 5.956502435260959e-05 1.264077208928794e-06 0
655 7.38060578305124e-05 9.482495651552057e-06 0
656 7.285847002722761e-05 7.408527470162251e-06 0
657 7.551816075800198e-05 2.8378992006947e-05 0
658 7.587196190840333e-05 3.383737712602166e-05 0
659 7.151997626885546e-05 3.713818566556265e-05 0
660 7.657771084167091e-05 3.942995709277783e-05 0
661 8.182404456505031e-05 3.626729853238011e-05 0
662 7.163013965220545e-05 4.316295657726621e-05 0
663 7.727924536139959e-05 4.583323057748727e-05 0
664 7.221876811118484e-05 4.97074385886782e-05 0
665 7.831289959536607e-05 5.239560730350457e-05 0
666 7.299896858603966e-05 5.641311855693821e-05 0
667 7.917262950717586e-05 5.910342298799188e-05 0
668 7.390846123429815e-05 6.307151900785489e-05 0
669 7.995680344693605e-05 6.57086967143253e-05 0
670 8.540617562471859e-05 6.179128205420537e-05 0
671 7.453383135399817e-05 7.027093006277781e-05 0
672 6.89430512466734e-05 6.711877656109711e-05 0
673 4.318981608031541e-05 4.288369321363904e-07 0
674 6.034280651374102e-05 3.067326144730656e-06 0
675 6.062518076318369e-05 4.293450390774079e-06 0
676 6.174051006736043e-05 3.411951644211273e-06 0
677 6.205376457718788e-05 4.867587003951477e-06 0
678 6.324330673318657e-05 3.82736266204656e-06 0
679 6.366767870241163e-05 5.509799649509005e-06 0
680 6.224790206192388e-05 6.637759131985156e-06 0
681 6.402524523190745e-05 7.375680370053819e-06 0
682 6.490683238711784e-05 4.354194486389123e-06 0
683 6.239302877857505e-05 8.670744095166661e-06 0
684 2.428796936725654e-05 3.986120021764886e-05 0
685 1.853768877381605e-05 3.695649892247244e-05 0
686 1.859719000881633e-05 4.309015830928855e-05 0
687 5.057900746137835e-05 1.808683375767587e-07 0
688 9.763885840414683e-05 9.824365388954899e-05 0
689 2.499999999995058e-06 9.830305324958796e-05 0
690 1.389633159660586e-05 9.462981288927849e-05 0
691 1.076794563907109e-05 9.312262866091097e-05 0
692 4.087900485487459e-05 2.574754566814109e-07 0
693 4.10474423329531e-05 5.611463620588636e-07 0
694 4.142996108929739e-05 5.341513981564585e-07 0
695 4.293458526564716e-05 2.964283777126081e-06 0
696 4.846703872511293e-05 1.837004566578921e-07 0
697 4.437314173482771e-05 7.698423031584226e-05 0
698 5.161976975432759e-05 1.991075261073817e-07 0
699 5.147419397201425e-05 5.017605537130527e-07 0
700 5.11130817508645e-05 4.93296220189117e-07 0
701 5.128710315391671e-05 8.523210861762318e-07 0
702 5.170064055889982e-05 8.362693478892541e-07 0
703 2.499142435112891e-05 1.545984704625147e-05 0
704 5.408313999626685e-05 7.158807649629858e-07 0
705 5.938139838605874e-05 5.209403437878621e-06 0
706 5.708436835851883e-05 1.028371110377352e-06 0
707 5.658531377282373e-05 8.704859970174196e-07 0
708 3.002197488594635e-05 4.780788995637742e-05 0
709 8.901690909902542e-05 8.424178220071941e-05 0
710 1.967318927399152e-05 8.218649632503344e-06 0
711 5.248736120147021e-05 7.881238052053739e-07 0
712 3.445593855877094e-05 3.412818443035656e-05 0
713 1.25270261664627e-05 4.000637787455665e-05 0
714 5.766598184425816e-05 1.156046387330031e-06 0
715 4.634873532924822e-05 8.633284712471516e-08 0
716 4.222058804866604e-05 1.851030390762868e-07 0
717 5.518636875450745e-05 1.888775643451336e-07 0
718 6.274146430896755e-05 2.333839625636517e-06 0
719 7.052935546201628e-06 1.242467089822508e-05 0
720 7.894535182510424e-06 1.009608547996772e-05 0
721 1.60490642349437e-05 2.039593450862605e-05 0
722 8.524450350889193e-05 9.429129181059924e-05 0
723 3.600188622485492e-05 4.990411164821611e-05 0
724 2.480815811430159e-05 9.12334951057195e-05 0
725 2.799355511542977e-05 9.316879904464146e-05 0
726 3.093000861498139e-05 9.089354503129731e-05 0
727 3.125671593624178e-05 9.395606498460122e-05 0
728 3.378730759571019e-05 9.231057430212944e-05 0
729 3.39203850650472e-05 9.560607338926514e-05 0
730 3.64883147242819e-05 9.369645167362316e-05 0
731 5.029048940676139e-05 1.161731162862499e-05 0
732 3.421225403714401e-05 3.990455329603652e-05 0
733 3.34598001445055e-05 8.170855706883217e-06 0
734 5.839696677596711e-05 1.116198907531049e-06 0
735 5.664141509053562e-05 3.457757661571082e-06 0
736 4.09352262388103e-05 1.524611443878824e-05 0
737 2.500146941337508e-05 9.446181411928775e-05 0
738 5.668993059855391e-05 4.306973743774597e-07 0
739 5.043079630429359e-05 4.880513682872399e-07 0
740 4.899301011818093e-05 3.325542043153944e-06 0
741 4.768177850613317e-05 1.859398676683621e-05 0
742 7.796580957355532e-05 9.124913511595391e-05 0
743 7.366281488810494e-05 9.249824040510425e-05 0
744 8.174461498847503e-05 8.368601755237699e-06 0
745 7.9080955354586e-05 7.762053745902427e-06 0
746 8.384327825178727e-05 7.282502873092498e-06 0
747 7.853883692677445e-05 9.448629367933906e-05 0
748 6.974449854475968e-06 8.161394445046139e-05 0
749 5.599609767029623e-05 5.215958044374199e-07 0
750 5.176249777738287e-05 4.098165730589332e-06 0
751 9.03927016125302e-05 8.602778322696722e-06 0
752 9.227076438002637e-05 7.404823153359606e-06 0
753 6.57889612584596e-05 3.977254638266014e-05 0
754 5.491162096258168e-05 4.857995757896117e-06 0
755 4.783361384492707e-05 1.930578424278017e-06 0
756 4.424747765782174e-05 1.094523799287589e-07 0
757 5.260521538135e-05 1.027494288877414e-07 0
758 4.623579643738561e-05 1.092830517317141e-07 0
759 1.938318417315718e-05 5.542402022263297e-05 0
760 4.076121577973899e-05 9.402222444824116e-06 0
761 4.459802171575998e-05 1.967688537488412e-07 0
762 4.652758111958602e-05 6.753053489171847e-06 0
763 6.235596459786418e-05 8.658885865340393e-05 0
764 5.875989858133459e-05 8.811161879079623e-05 0
765 5.561840665660635e-05 8.658295903869486e-05 0
766 5.606848032358489e-05 8.992019375315764e-05 0
767 5.880420772018907e-05 9.132066851735622e-05 0
768 5.6315662047122e-05 9.29155875312512e-05 0
769 5.373055410246236e-05 9.168095495596114e-05 0
770 5.883851619211581e-05 9.418310552084222e-05 0
771 6.128093662750498e-05 9.277263133631036e-05 0
772 5.397572520077812e-05 9.435615035778951e-05 0
773 5.151807220635709e-05 9.334627380028608e-05 0
774 5.113333263179402e-05 9.05443140824691e-05 0
775 4.902031485769787e-05 9.234028013659986e-05 0
776 4.947914230380245e-05 9.475726365301045e-05 0
777 4.697574236927676e-05 9.393362488523859e-05 0
778 4.636898886142855e-05 9.123192950352064e-05 0
779 4.443152162968526e-05 9.309212492575967e-05 0
780 4.485883063842092e-05 9.583813780716545e-05 0
781 4.218292888276423e-05 9.473011721322571e-05 0
782 4.186806045874095e-05 9.225769206679457e-05 0
783 5.62770145079473e-05 9.590267400253795e-05 0
784 5.472482301118671e-05 8.343111509897776e-05 0
785 6.623292844111094e-05 5.447105830657615e-05 0
786 1.04762133676258e-05 8.665227431302108e-06 0
787 8.75576234685361e-06 7.490520653454455e-06 0
788 6.911567670957072e-05 9.007436731601803e-05 0
789 6.58966689141446e-05 9.170395229635421e-05 0
790 6.881640149451277e-05 9.338512819130242e-05 0
791 6.613301183792747e-05 9.538559575151956e-05 0
792 5.231319457391315e-05 8.557773822442401e-05 0
793 4.720773060944253e-05 1.859779335943082e-07 0
794 4.72975309639775e-05 1.021200751220677e-07 0
795 3.989771041737194e-05 9.409854498838501e-05 0
796 3.917454857094658e-05 9.14236271696258e-05 0
797 9.297318160005856e-05 3.801489790945985e-05 0
798 9.221589477723563e-05 3.107456191393122e-05 0
799 4.51652883256393e-05 8.806790126086726e-05 0
800 4.132266589194118e-05 9.456374197362476e-07 0
801 9.447191412948115e-05 8.303373120159407e-05 0
802 4.832256027978422e-05 5.65278363207823e-07 0
803 4.586389608307272e-06 1.095526481099018e-05 0
804 5.285665163638262e-06 7.980504928175228e-06 0
805 3.419952119097282e-06 9.329798241389811e-05 0
806 8.623224358400039e-05 6.879588168222653e-05 0
807 9.666528830484767e-05 9.313313241947495e-05 0
808 9.265009595866567e-05 9.161043610978125e-05 0
809 9.153488475958482e-05 9.4687368123486e-05 0
810 8.01633003139807e-06 6.59956639333574e-05 0
811 5.399607022706424e-05 1.175417307442591e-06 0
812 6.491042645426182e-05 1.599526917831178e-05 0
813 1.761856734875856e-06 1.060858458386392e-05 0
814 4.968608320719424e-05 7.030004349242375e-07 0
815 6.806104638989884e-05 6.100719059795293e-05 0
816 4.369357497292251e-05 1.365418353278939e-05 0
817 1.270648045651152e-05 4.641674378861927e-05 0
818 7.628076150155948e-05 7.625698051672329e-05 0
819 4.207066391087534e-05 5.704492330049215e-07 0
820 1.286512492159838e-05 7.904739740131612e-05 0
821 1.36208053424882e-05 7.205263627227825e-05 0
822 2.921596217866413e-06 1.64827379225858e-05 0
823 4.188027616193493e-06 2.168085882919981e-05 0
824 3.077202915105236e-05 8.707959543852195e-05 0
825 8.080847733644232e-05 9.59559798183797e-05 0
826 4.835914373478048e-05 2.329561546624535e-06 0
827 4.704418706360856e-05 2.047331638624715e-06 0
828 9.210111140470952e-05 5.566934854215995e-05 0
829 7.559464705502822e-05 1.180446577846307e-05 0
830 3.301557007577319e-05 1.605574777389635e-06 0
831 3.390808281119154e-05 3.236927077082729e-06 0
832 5.537828172717106e-05 4.426935973987866e-07 0
833 6.697441217901737e-05 1.576142838509593e-06 0
834 6.784956118349242e-05 3.331184227020194e-06 0
835 6.982656357842066e-05 3.54321252428784e-06 0
836 6.865954421986231e-05 5.034017550033217e-06 0
837 7.063890494703115e-05 5.184844139996249e-06 0
838 7.186494145175266e-05 3.624923780252593e-06 0
839 4.07515048338345e-05 7.401744574335307e-06 0
840 3.893016181002059e-05 6.583336726625576e-06 0
841 1.262963908124521e-05 3.236061393891565e-05 0
842 7.173901689143936e-06 9.183515368824104e-05 0
843 7.932814077338399e-06 8.689508913010733e-05 0
844 5.009640110358953e-05 5.486147555197624e-07 0
845 2.96802807998271e-05 9.603697143330135e-05 0
846 5.455551709391634e-05 2.287869893686964e-06 0
847 5.450653554402423e-05 3.507820893598974e-06 0
848 5.55472387548392e-05 3.669246656940515e-06 0
849 5.886608438665541e-05 9.678164097951952e-05 0
850 9.813912584708814e-05 1.271115937933741e-05 0
851 5.110405976529179e-05 1.646896251125028e-06 0
852 2.921868986313113e-05 1.659689689626405e-05 0
853 6.148316414874781e-05 9.580463343079612e-05 0
854 3.566234644289856e-05 3.130240036010247e-06 0
855 3.484742832397394e-05 4.786519425011117e-06 0
856 3.294000112780327e-05 4.867019178412907e-06 0
857 9.548410982075451e-05 1.015096883512374e-05 0
858 9.473110519491639e-05 8.017725694109307e-06 0
859 9.395941603481711e-05 5.997409861144034e-06 0
860 9.203038546287261e-05 5.296740014307083e-06 0
861 9.353046797197157e-05 4.06769907906901e-06 0
862 9.543332958883725e-05 4.828271127339337e-06 0
863 9.688377359259433e-05 8.423168718229434e-06 0
864 9.039753801106736e-05 6.474378963465159e-06 0
865 9.019711882543966e-05 4.573258653359619e-06 0
866 8.861498978237557e-05 5.574008627591916e-06 0
867 8.82677121710619e-05 3.552524847267582e-06 0
868 8.675314443759761e-05 4.823490924292933e-06 0
869 3.568184138999758e-05 5.678941004803326e-05 0
870 4.13865587042445e-05 6.029406519805403e-05 0
871 4.118912002550568e-05 6.656512770257014e-05 0
872 3.596271408656612e-05 6.889293324301011e-05 0
873 4.27687732634898e-05 4.853991311722427e-05 0
874 5.802349347889702e-05 7.639660101774228e-07 0
875 5.285918627744565e-05 1.204629349290773e-05 0
876 4.670917103189758e-05 1.487899033372769e-06 0
877 4.606810679706764e-05 1.302470704373082e-06 0
878 6.623016421950032e-05 4.718197971841914e-05 0
879 4.063705799510886e-05 7.132128547076191e-05 0
880 5.185540806374424e-05 9.60027865042487e-05 0
881 5.827519189303591e-05 6.690002556788475e-05 0
882 6.323258833992167e-05 6.511025829216282e-05 0
883 3.636712421801934e-05 9.034116059976536e-05 0
884 8.644636515454924e-05 4.125205053121735e-05 0
885 6.125327983940687e-05 5.613609054581887e-05 0
886 5.099719038004137e-05 1.772951123376034e-05 0
887 8.059742844383086e-05 7.241965639043526e-05 0
888 5.401215730554544e-05 1.834431170078281e-07 0
889 9.602635060761014e-05 6.542031994309e-06 0
890 2.900621150463995e-05 1.720887269131814e-06 0
891 2.800103525079915e-05 3.462241025393858e-06 0
892 2.60001725418288e-05 3.463791516840938e-06 0
893 4.970697322020975e-05 2.762468635642686e-06 0
894 5.065156726044109e-05 2.835782458482238e-06 0
895 4.291715728628684e-05 3.927741387059564e-06 0
896 4.171398565588242e-05 4.306682545358833e-06 0
897 4.101514074215931e-05 5.681285258009054e-06 0
898 6.151029808424244e-06 9.54758983852994e-05 0
899 4.647850779718066e-05 2.688123551911834e-06 0
900 5.095413559354221e-05 1.859380196189634e-07 0
901 1.80517710473311e-05 9.5687362317918e-05 0
902 2.109058603500482e-05 9.670036967560712e-05 0
903 2.702013387165825e-05 5.135651347204425e-06 0
904 2.902363354049791e-05 5.156834620626883e-06 0
905 2.511537277474217e-05 5.170163146189978e-06 0
906 6.138354848038648e-05 8.986604993182342e-05 0
907 8.378985088087045e-05 1.94616255612395e-05 0
908 8.504868482578998e-05 2.408581622890946e-05 0
909 8.075472777371509e-05 2.675397615608321e-05 0
910 8.540597329391279e-05 3.004239780063435e-05 0
911 7.095629096035249e-05 1.824632157410038e-06 0
912 7.393247042865862e-05 3.61220733287834e-06 0
913 7.50207973112677e-05 1.790609786122529e-06 0
914 7.609136380287151e-05 3.536082756626565e-06 0
915 7.808131466432486e-05 3.485732805485731e-06 0
916 7.510702656451541e-05 5.287173767176526e-06 0
917 7.703755699076125e-05 5.237250209753069e-06 0
918 7.611498061643507e-05 7.025764857713774e-06 0
919 7.906427790102233e-05 5.517124824155058e-06 0
920 9.316801840086621e-05 1.961480865642786e-06 0
921 5.01210354622131e-06 1.723405747520363e-06 0
922 5.998393106311987e-06 3.462149272259909e-06 0
923 7.996253922343441e-06 3.465838987258555e-06 0
924 6.90439767428746e-06 5.074976141027424e-06 0
925 5.063646958407818e-06 5.054467482651174e-06 0
926 8.894675881383023e-06 5.447825657374631e-06 0
927 9.979657903246165e-06 3.511208458857246e-06 0
928 1.099211846772741e-05 5.20524442038159e-06 0
929 1.199292611368093e-05 3.480763232410446e-06 0
930 1.29918273994639e-05 5.121885458149061e-06 0
931 1.214656974680218e-05 6.996180494144717e-06 0
932 1.399518485194543e-05 3.46168362449828e-06 0
933 1.499215236240272e-05 5.107620849324097e-06 0
934 1.599663178398589e-05 3.459801879717808e-06 0
935 1.69930244916623e-05 5.195825654481357e-06 0
936 1.598845909387763e-05 6.947823054477174e-06 0
937 1.829647282036281e-05 6.807196731509716e-06 0
938 1.905048441033434e-05 5.112423534429475e-06 0
939 8.400084288324258e-05 4.77963314554532e-05 0
940 6.024745051461781e-05 4.402793688123653e-05 0
941 6.320127657072983e-05 3.360567876920112e-05 0
942 5.79719173928208e-05 3.20391237675452e-05 0
943 1.099941584435386e-05 1.741149774489578e-06 0
944 1.499838446011396e-05 1.735580890698004e-06 0
945 1.699922741707714e-05 1.735501780278103e-06 0
946 8.704461869520701e-05 1.696946808402909e-06 0
947 2.100000000004802e-05 1.73205080756791e-06 0
948 2.200000000004752e-05 3.464101615133873e-06 0
949 2.000847211145867e-05 3.453726048514853e-06 0
950 2.101200290226558e-05 5.085467425487367e-06 0
951 2.500002875700428e-05 1.731999124515778e-06 0
952 3.001575162396782e-05 3.381016470974184e-06 0
953 8.300156965875626e-05 1.723380584629328e-06 0
954 8.202837181490346e-05 3.456380603010867e-06 0
955 8.900000000002995e-05 1.732050807561654e-06 0
956 8.398643902529765e-05 3.40081798604526e-06 0
957 8.297996466532884e-05 5.182046294660922e-06 0
958 2.401926234561796e-05 3.459709772156952e-06 0
959 2.311649547006302e-05 5.111458113908989e-06 0
960 1.800797336909476e-05 3.448221617498335e-06 0
961 8.995790064104459e-06 1.741698518431643e-06 0
962 3.791288336827929e-05 9.581074993991359e-05 0
963 5.684232527065007e-05 8.089400219666745e-08 0
964 4.005837711625403e-06 3.452455913699776e-06 0
965 1.853969597858273e-06 3.206977906514619e-06 0
966 4.645073527653706e-05 9.230798682926607e-08 0
967 4.666234672624451e-05 1.953267699418295e-07 0
968 9.840616855405534e-05 4.696877766040461e-06 0
969 3.111806411297995e-06 5.358791119172004e-06 0
970 5.690392454453817e-05 6.64784966820341e-08 0
971 5.082459285909409e-05 8.151598796723128e-07 0
972 5.622614150239083e-05 1.243640342865536e-06 0
973 4.134078678488362e-05 1.187894019038961e-05 0
974 7.288145347671024e-05 5.490688230385698e-06 0
975 4.723018069807587e-05 7.202450217909398e-08 0
976 6.372643435315596e-05 9.393130559341626e-05 0
977 4.848962686573788e-05 8.926961518958337e-05 0
978 6.04563424381743e-05 7.901229025583662e-06 0
979 4.156800724536084e-05 2.389517922164157e-07 0
980 4.383818103442095e-05 9.086518555307179e-05 0
981 3.887422424692843e-05 8.82867316940265e-05 0
982 3.68630397465997e-05 1.606081687637361e-06 0
983 1.668028133267096e-06 8.582496956608916e-06 0
984 3.398748161299404e-06 7.644927416962855e-06 0
985 4.990152660643588e-05 9.413349092931242e-06 0
986 6.466697348655618e-05 9.284290424625858e-06 0
987 6.576912607391471e-05 7.677871620122477e-06 0
988 6.27639296418765e-05 1.092596403105301e-05 0
989 6.303062750134973e-05 1.354534689475534e-05 0
990 5.33108403347108e-05 8.85721997632275e-05 0
991 4.387232996037867e-05 3.542604915640931e-05 0
992 6.303226631657009e-06 3.637814507855772e-05 0
993 5.836457137558839e-05 2.292799176930485e-07 0
994 6.54150904541402e-05 6.055940645426015e-06 0
995 5.214479389115382e-05 3.15115567868619e-06 0
996 5.29841425735306e-05 9.816413650896698e-05 0
997 4.891857464983762e-05 9.824045587685144e-05 0
998 4.499999999988529e-05 9.826794919243627e-05 0
999 9.279009237616527e-05 6.550512345625012e-05 0
1000 3.466235285748566e-05 2.858984022031922e-05 0
1001 5.7198757712034e-05 9.824061744459451e-05 0
1002 4.31431384396457e-05 9.817749378004663e-05 0
1003 5.808708294499042e-05 6.247508240084601e-06 0
1004 5.784635207636335e-05 4.667973401936012e-06 0
1005 5.21191639278328e-05 1.187866885177775e-06 0
1006 5.498797476051745e-05 4.57071447043637e-07 0
1007 8.579769739782613e-05 7.535781859502986e-05 0
1008 3.106454007383408e-05 5.089199712124526e-06 0
1009 3.218836913373336e-05 6.738144281949213e-06 0
1010 8.766710461525614e-05 9.597227556911368e-05 0
1011 8.525014171436123e-05 9.697255026962341e-05 0
1012 8.007911079899172e-05 3.48201057896003e-06 0
1013 8.108013247927061e-05 5.149887914253212e-06 0
1014 9.41534722510024e-05 9.55889612213717e-05 0
1015 7.903755114978596e-05 1.739572534183989e-06 0
1016 6.914783373022695e-05 7.265362854117027e-05 0
1017 9.688626490537339e-05 1.666385820061446e-06 0
1018 1.39186956243826e-05 6.020069513737901e-05 0
1019 6.080134019021338e-05 1.561164675678033e-05 0
1020 6.299999999990426e-05 9.826794919242658e-05 0
1021 6.386594845599564e-06 1.629054069472381e-05 0
1022 8.87406557202685e-05 7.365973639965936e-06 0
1023 6.455001497847355e-05 6.958902145909539e-05 0
1024 3.498431093766725e-05 9.808551704857871e-05 0
1025 3.898306065486296e-05 9.809599405409657e-05 0
1026 6.712635352190506e-05 9.791531792765477e-05 0
1027 8.488869267799647e-05 5.131889110343944e-06 0
1028 4.733853516029589e-05 7.449792826064827e-05 0
1029 5.657822365999424e-05 2.769892431025443e-05 0
1030 6.150795063042303e-05 2.788178143892497e-05 0
1031 3.740621522984493e-05 5.602526278384606e-06 0
1032 5.23278788616748e-05 2.277647047917538e-07 0
1033 4.136755591234942e-05 7.910835597029547e-05 0
1034 9.164881314549289e-05 3.411491099072118e-06 0
1035 7.099999999992555e-05 9.826794919242658e-05 0
1036 7.217870355552928e-05 9.63665289249938e-05 0
1037 7.45025949199448e-05 9.62652347990048e-05 0
1038 7.354789565218289e-05 2.344668759144585e-05 0
1039 9.005030614716108e-06 9.821014637896103e-05 0
1040 9.928524396256699e-06 9.603836475532813e-05 0
1041 3.298411600039884e-05 9.803836862676312e-05 0
1042 2.899999999993006e-05 9.82679491924367e-05 0
1043 4.795119514971972e-05 4.970273523629344e-07 0
1044 4.774870236282269e-05 8.729209673317377e-07 0
1045 9.527091351333575e-05 9.798319446013327e-05 0
1046 9.099999999997897e-05 9.826794919242659e-05 0
1047 1.302931363853957e-05 9.82351348639123e-05 0
1048 5.252735352408168e-05 2.632359516685974e-07 0
1049 8.101925465258346e-05 9.804755264122082e-05 0
1050 1.918626101992505e-05 9.815520185611461e-05 0
1051 1.499999999997003e-05 9.826794919243643e-05 0
1052 7.499999999993616e-05 9.826794919242655e-05 0
1053 2.504412103838199e-05 9.835915551959136e-05 0
1054 1.897362132180013e-05 3.078465253681618e-05 0
1055 4.756148378212486e-05 8.385000057503124e-06 0
1056 2.263997123130996e-05 9.50639808410715e-05 0
1057 7.899739167740803e-05 9.833306739682679e-05 0
1058 5.348386291949769e-05 9.751306040905236e-06 0
1059 5.891403808739606e-05 1.707549304944854e-06 0
1060 4.40712453918461e-05 3.305492564792225e-06 0
1061 8.442341799832558e-05 5.498101523213927e-05 0
1062 4.578167349668465e-05 6.43387403658101e-05 0
1063 2.121688249440336e-05 7.306432209358312e-05 0
1064 4.61439426348904e-05 1.472058268243277e-05 0
1065 4.860350954198731e-05 1.592942513053819e-05 0
1066 5.367748619794735e-05 3.683713222724253e-06 0
1067 2.229137163353546e-05 6.645347358424348e-06 0
1068 4.363528769667957e-05 2.520733253373017e-06 0
1069 8.802235459525249e-05 2.038710708892619e-05 0
1070 9.217857381036211e-05 8.729327241192682e-05 0
1071 5.791079459877537e-05 7.161350497504796e-05 0
1072 5.438063026199163e-05 1.645194681856976e-06 0
1073 4.449327953466834e-05 1.258811100346356e-06 0
1074 4.411100352139768e-05 9.647260562338098e-07 0
1075 4.422921342617411e-05 5.595606521643583e-07 0
1076 4.38649351304904e-05 6.336208755808924e-07 0
1077 4.448834605079801e-05 4.019291839873564e-07 0
1078 4.135704589661067e-05 8.967628000841678e-05 0
1079 1.025306796207841e-05 6.760999731331501e-06 0
1080 1.24748807950984e-05 9.279324197678128e-06 0
1081 6.668169067526643e-05 4.722885827315202e-06 0
1082 6.062647811809919e-05 6.276213587542547e-07 0
1083 4.424856598393225e-05 3.035143627117615e-05 0
1084 4.575748399305295e-05 8.287812756598921e-07 0
1085 3.840151225377239e-05 4.444812942324037e-05 0
1086 4.621268290866819e-05 7.834988723601682e-07 0
1087 3.690243651987044e-05 2.49317450374149e-05 0
1088 3.35143779495123e-05 8.887616693123376e-05 0
1089 6.045465674314297e-05 1.021520943518165e-05 0
1090 4.943490487475912e-06 9.800448849581588e-05 0
1091 1.535739591728211e-05 8.410379327514076e-05 0
1092 4.993538687018981e-05 2.234855597188281e-07 0
1093 6.592420934965319e-05 3.017966402526604e-06 0
1094 8.559764467291966e-05 6.80590614904549e-06 0
1095 6.523495434348012e-05 7.52563251447921e-05 0
1096 4.478979802426473e-05 3.525522461408865e-07 0
1097 4.751144789965598e-05 9.615265772125346e-05 0
1098 4.391251685953637e-05 1.472895917299282e-06 0
1099 8.510611139810008e-05 8.122645981617104e-05 0
1100 3.199686912337663e-05 3.307467798823927e-06 0
1101 5.905640240623518e-05 2.473264172751742e-05 0
1102 4.008575347603969e-05 9.633716676078772e-05 0
1103 3.17682995602877e-05 9.638108552527356e-05 0
1104 2.239479754052179e-05 7.810392735332523e-05 0
1105 9.732611234261993e-05 1.644398869537963e-05 0
1106 5.15097526119367e-05 1.267465225189655e-06 0
1107 7.281123247816239e-05 7.951708822508283e-05 0
1108 3.61206807548007e-05 7.450236351002635e-05 0
1109 4.079827755763353e-05 9.051572237813204e-07 0
1110 4.00941177845624e-05 1.33609237953803e-06 0
1111 4.733882715954248e-05 8.081524571012698e-07 0
1112 4.238973038777509e-05 8.04508928455711e-06 0
1113 1.541620365036804e-05 2.76039459529344e-05 0
1114 5.568173724118787e-05 4.674053591335322e-07 0
1115 5.073414025126931e-05 8.786615838749445e-05 0
1116 1.566539130634374e-05 1.638358569077771e-05 0
1117 2.040135842997595e-05 1.933322582499611e-05 0
1118 8.600000000003748e-05 3.207775420467798e-06 0
1119 4.74957129381045e-05 1.414244205038072e-06 0
1120 4.122881139172288e-05 1.500892824547522e-06 0
1121 6.387617493555234e-05 9.627624362956513e-05 0
1122 4.434293768894313e-05 2.464243597113711e-06 0
1123 6.847466862063958e-05 9.593557204470853e-05 0
1124 1.708239036899571e-05 7.618467520927212e-05 0
1125 4.803644412036571e-05 6.545270280465305e-06 0
1126 5.231580079921038e-05 4.715964426172931e-07 0
1127 3.528649136472549e-05 8.598787038579113e-06 0
1128 3.453525634389207e-05 6.721229217420406e-06 0
1129 2.158751114990522e-05 8.521622941211485e-06 0
1130 8.200478893938486e-05 6.636944573927882e-06 0
1131 9.202788218479271e-05 1.986569368394378e-05 0
1132 9.107216809611209e-05 2.452970385930652e-05 0
1133 8.632541684612496e-05 1.621467558231912e-05 0
1134 5.043916320932727e-05 1.405937406182658e-05 0
1135 5.402834754478619e-05 9.651862407308666e-05 0
1136 6.73478574785976e-05 6.625911780459658e-06 0
1137 4.337135312669057e-05 2.670125447687948e-07 0
1138 5.650905846637689e-05 2.850007761636926e-07 0
1139 4.600332916328257e-05 5.312388475728506e-06 0
1140 4.945079477975492e-05 4.069394868883817e-07 0
1141 9.862669297304158e-05 8.570930507438018e-06 0
1142 3.913322840672692e-05 4.908988856693618e-06 0
1143 5.0787309405242e-05 4.329448501940897e-07 0
1144 4.285335957362165e-05 2.163710932824225e-06 0
1145 5.600453138124737e-05 2.943533065507338e-06 0
1146 5.272288629345839e-05 4.500534563295588e-07 0
1147 4.405582314476924e-05 2.778915680611423e-07 0
1148 4.349876809945899e-05 5.821653305328493e-07 0
1149 4.320787953987316e-05 8.364814292094947e-07 0
1150 4.889569190936411e-05 2.000733294054691e-06 0
1151 3.999999999992171e-06 9.615499861770571e-05 0
1152 5.476363069309161e-05 1.836073866131693e-07 0
1153 5.471601213029741e-05 8.376982361371725e-08 0
1154 4.368995176302409e-05 1.019444860990636e-06 0
1155 5.114422908349505e-05 2.194469062494235e-06 0
1156 9.688143764196083e-05 3.78692528237743e-06 0
1157 6.075778429218624e-05 5.849370104066731e-06 0
1158 3.602973210777048e-05 9.63807413422251e-05 0
1159 6.356482459070395e-05 9.162016129989227e-05 0
1160 7.74509532235639e-05 2.432742064407177e-05 0
1161 3.223415360439422e-06 9.425196615227074e-06 0
1162 5.29356695594263e-05 2.857477213536226e-06 0
1163 5.206679650320069e-05 6.674435558640569e-07 0
1164 5.634674877510275e-05 5.375938466920522e-07 0
1165 1.050773036038126e-05 9.010256032150636e-05 0
1166 4.554920443188396e-05 4.427149200859778e-07 0
1167 5.074431560180457e-05 7.817537406693028e-06 0
1168 8.947873113359918e-05 7.980490369028743e-05 0
1169 5.989434187463257e-06 6.537259407946896e-06 0
1170 4.172924148330995e-05 8.556686578519944e-07 0
1171 8.313467853111206e-05 9.594562689040922e-05 0
1172 1.979546386856474e-05 6.184279038310739e-05 0
1173 8.68663604924166e-05 9.835330327435483e-05 0
1174 1.211189369720228e-05 9.614990295524338e-05 0
1175 5.994266645434991e-05 2.094382057741281e-06 0
1176 2.524800039394645e-05 1.885044684294943e-05 0
1177 8.022250376188967e-05 9.131135362662759e-06 0
1178 7.732876555317308e-05 8.751197789140338e-06 0
1179 7.546393649387052e-05 8.775001574683782e-06 0
1180 2.753058809527885e-05 1.352205059550997e-05 0
1181 7.116397941240039e-05 9.181338265661151e-05 0
1182 5.775147944552176e-05 3.404857106595537e-07 0
1183 7.772530728319556e-05 6.858678285332934e-06 0
1184 5.368006761322385e-05 7.91016202051395e-07 0
1185 2.031850536506582e-05 6.731784603927623e-06 0
1186 1.796761773008076e-05 8.424316759125022e-06 0
1187 4.120013278137979e-05 3.530402760362367e-06 0
1188 1.599999999996718e-05 9.639170147080712e-05 0
1189 8.999999999997619e-05 9.632400591300062e-05 0
1190 5.919213178979554e-05 3.955207131444608e-07 0
1191 4.624724797927291e-05 5.964068297522008e-05 0
1192 6.118159653388575e-05 2.150867424859384e-06 0
1193 3.182510547189903e-05 8.355738578306997e-06 0
1194 5.422043419440345e-05 3.532137835232001e-07 0
1195 3.906056229664839e-05 3.798141299007724e-05 0
1196 4.268406766008184e-05 5.141675551507479e-06 0
1197 5.67051915887141e-05 1.314249330116062e-06 0
1198 5.043985709701783e-05 8.658560549213623e-07 0
1199 8.045528594974931e-05 6.861830000718381e-06 0
1200 8.440644611297041e-06 9.42843558649524e-05 0
1201 1.308033052618619e-06 4.940965703118408e-06 0
1202 6.951508664864869e-05 6.541967769652535e-06 0
1203 6.414693731214468e-05 2.668522215789135e-06 0
1204 2.099999999995215e-05 9.849785300608984e-05 0
1205 5.794578732170822e-05 1.656746049362803e-06 0
1206 5.895127488705536e-05 9.864690621088201e-05 0
1207 9.605634754890883e-05 1.232703848377289e-05 0
1208 9.68103880523921e-05 9.586895342531381e-05 0
1209 5.943441247429084e-05 6.612366190728687e-06 0
1210 5.743257946524345e-05 3.754180156175416e-06 0
1211 4.783127075513962e-05 2.084190316803638e-07 0
1212 7.573390843068179e-06 4.297318907130752e-05 0
1213 4.975291458338268e-05 9.668422258955911e-05 0
1214 7.43719875015452e-05 7.244941925279014e-06 0
1215 2.800000000002931e-05 6.462882191715168e-06 0
1216 6.204767829330611e-05 1.320243889684645e-06 0
1217 8.336246982647695e-05 8.846472017480443e-06 0
1218 8.341874936148712e-06 2.341324762780246e-05 0
1219 8.729402463606605e-05 6.469631670895135e-06 0
1220 7.215263194281182e-06 8.182051004753115e-06 0
1221 2.460458742161258e-05 4.546539262866378e-05 0
1222 8.107028509431687e-06 9.642034922136865e-05 0
1223 6.351339371835891e-05 5.957953859644836e-05 0
1224 2.455233479765283e-05 6.728593471395907e-06 0
1225 3.694474935932319e-06 8.489984591104103e-05 0
1226 5.647249560826494e-05 4.34815885829762e-06 0
1227 5.001433208052074e-05 2.182551621285022e-06 0
1228 3.939068401557077e-05 3.236459358055449e-05 0
1229 5.104576618658203e-05 8.305038215205947e-05 0
1230 4.652502526167438e-06 1.406338083180014e-05 0
1231 5.485087256715497e-05 1.672626567170089e-06 0
1232 1.479458168799623e-05 6.636938366215157e-05 0
1233 5.390897758986681e-05 4.203262401019444e-07 0
1234 4.199999999989228e-05 9.669092648824189e-05 0
1235 4.174998527317468e-05 4.459881343270768e-07 0
1236 9.490090611553158e-05 1.851512156945166e-05 0
1237 1.47901561412828e-06 1.455491013811993e-06 0
1238 1.906619617786635e-05 4.90291700651831e-05 0
1239 1.124876002912578e-05 2.615972675266137e-05 0
1240 7.115780802217434e-05 6.783858959423294e-06 0
1241 1.398958179183528e-05 6.412721366898632e-06 0
1242 9.000000000002565e-05 2.931831371423135e-06 0
1243 2.965092622740597e-05 4.231099214032266e-05 0
1244 5.139335076951395e-05 3.320432966322573e-06 0
1245 5.887741634276002e-05 9.341092567742574e-06 0
1246 4.091073917601004e-05 7.543404248387931e-05 0
1247 3.88816926546895e-05 1.348140337986299e-05 0
1248 3.858841985400548e-05 1.28586029230691e-06 0
1249 2.397992087539299e-05 9.525339253339674e-06 0
1250 8.77730918781613e-05 3.533024133752458e-05 0
1251 6.72466592155637e-05 9.02670725486096e-06 0
1252 6.122807143231041e-06 9.828881071636803e-06 0
1253 7.226133922508852e-05 9.074260494348887e-06 0
1254 4.975982391621116e-05 4.193700622233814e-07 0
1255 7.661310761591721e-05 9.619190602521884e-05 0
1256 7.567030781810244e-05 9.36433638816455e-05 0
1257 9.85952119724336e-05 1.377576946205403e-06 0
1258 5.554479316653607e-05 7.023220762606659e-07 0
1259 9.579152769073446e-05 2.69345833246598e-05 0
1260 5.609434068702576e-05 8.542150095997899e-07 0
1261 2.271058806457797e-05 9.297646737757448e-05 0
1262 5.106269612688663e-05 1.175264688084449e-06 0
1263 3.328275550023876e-05 8.557467532997347e-05 0
1264 1.115616039589756e-05 8.379615516240806e-05 0
1265 5.177430216544833e-05 4.963997348551984e-07 0
1266 9.503240223901744e-05 3.097515826781948e-06 0
1267 9.010005410821151e-06 9.066944201389962e-06 0
1268 5.357443807404928e-05 1.266836230588844e-06 0
1269 6.332443323467251e-05 1.284644550286862e-06 0
1270 6.036127115600349e-05 1.318683675065162e-06 0
1271 8.112173241607219e-05 4.204801730108673e-05 0
1272 4.394443678137345e-05 7.36577987983052e-05 0
1273 3.977390569088344e-05 5.368709951433028e-05 0
1274 4.252916777939429e-05 9.689210967395212e-06 0
1275 4.827592359164832e-05 3.003429489270096e-06 0
1276 4.569860176421348e-06 6.515190070981632e-06 0
1277 5.814841361160358e-05 4.268910800289346e-07 0
1278 4.539221937354102e-05 1.855085674104392e-07 0
1279 6.937393330484464e-05 9.360035226708205e-06 0
1280 4.811959335863632e-05 8.454263540786241e-07 0
1281 4.625913653683145e-05 4.645676591397704e-07 0
1282 6.531303980743892e-06 4.943382675095956e-05 0
1283 1.491153781245056e-05 2.410683768631692e-05 0
1284 4.078570568398511e-05 5.6350986165183e-07 0
1285 2.23333756850912e-05 1.640316548491858e-05 0
1286 2.677882854362905e-05 9.653606094223983e-05 0
1287 5.337416366738753e-05 1.744113387865041e-05 0
1288 3.703469793127379e-05 3.000853739638351e-06 0
1289 2.926918108824209e-05 8.762424560318397e-06 0
1290 3.596015683172713e-05 5.864309828057714e-06 0
1291 7.98347569916692e-05 3.121191074978267e-05 0
1292 1.459868823347225e-05 9.730442652057165e-06 0
1293 9.694735082414214e-05 1.433466414207354e-05 0
1294 8.864177522917706e-05 9.24652839445333e-06 0
1295 4.394189555564369e-05 2.028617955258702e-06 0
1296 7.510806396552226e-05 9.023387249184344e-05 0
1297 7.525101410923521e-06 6.559139243388318e-06 0
1298 4.709134595090501e-05 5.704041247735675e-06 0
1299 5.716679334415966e-05 1.511331143170293e-06 0
1300 9.697822063450016e-05 5.273651194830333e-06 0
1301 5.388041842645437e-05 4.477796744709409e-06 0
1302 8.810469485342165e-05 5.131124304452737e-05 0
1303 5.360127370963456e-05 4.28554476428366e-07 0
1304 4.723605842182855e-05 4.443366095214245e-07 0
1305 5.174922721363864e-05 1.049285740723987e-05 0
1306 7.111369774254404e-05 9.445432571263053e-05 0
1307 1.308863518515837e-05 5.298590679460973e-05 0
1308 8.651433537858099e-05 9.729404483062341e-06 0
1309 1.399999999997337e-05 9.67386600291579e-05 0
1310 6.792852248643826e-05 3.435685108984245e-05 0
1311 1.52707388319847e-05 8.502686268928925e-06 0
1312 8.511421316753599e-05 9.87415832693208e-05 0
1313 7.23966821765897e-05 7.526159525606594e-05 0
1314 6.107679783590067e-05 6.934828138490478e-05 0
1315 5.280925742721898e-05 3.643998124971367e-06 0
1316 5.083844858802713e-05 3.732508951578324e-06 0
1317 4.609256963446032e-05 9.713167347832292e-05 0
1318 8.526601711453992e-05 8.377493803761817e-06 0
1319 2.387598588435569e-05 9.658803047892189e-05 0
1320 4.903472622754031e-05 2.583952283830547e-06 0
1321 7.885962265714976e-05 9.645014368560385e-05 0
1322 3.728894018561539e-05 8.960498507417931e-06 0
1323 9.193767140210528e-05 9.662724672854228e-05 0
1324 2.691220640336837e-05 8.64741153946925e-06 0
1325 5.378461251706243e-05 8.07925419105199e-05 0
1326 4.933309185771135e-05 7.316729444776597e-07 0
1327 3.645258425939951e-05 4.384942187735492e-06 0
1328 4.636948815663079e-06 9.273574344476603e-06 0
1329 6.363987450884639e-05 8.929354695354473e-05 0
1330 7.037584925072914e-05 9.664067629295859e-05 0
1331 3.376097825129394e-05 4.476610903599552e-05 0
1332 5.579686213184678e-05 7.229696501819566e-07 0
1333 1.590101217509296e-05 9.404681213351615e-05 0
1334 9.176432039524237e-05 8.807404900545693e-06 0
1335 5.731925662685858e-05 5.630067395574152e-05 0
1336 7.34256237848451e-05 9.464553874467578e-05 0
1337 9.259032824499217e-05 1.698423660321956e-05 0
1338 4.500000000001763e-05 -4.732050807572003e-06 0
1339 4.900000000002695e-05 -4.732050807568929e-06 0
1340 5.500000000001194e-05 -4.73205080756108e-06 0
1341 4.174062924861892e-05 -7.604874804052254e-06 0
1342 5.825937075138616e-05 -7.604874804036989e-06 0
1343 5.100000000002646e-05 -4.73205080756594e-06 0
1344 5.000000000003061e-05 -6.464101615135456e-06 0
1345 4.800000000003051e-05 -6.464101615140716e-06 0
1346 5.200000000002748e-05 -6.464101615130154e-06 0
1347 4.900000000003513e-05 -8.19615242270672e-06 0
1348 4.700000000003514e-05 -8.196152422712355e-06 0
1349 4.600000000002591e-05 -6.464101615142985e-06 0
1350 4.504272373379648e-05 -8.220818981905419e-06 0
1351 4.298893482949158e-05 -4.560849506798636e-06 0
1352 4.365412538970811e-05 -6.535397713319884e-06 0
1353 4.700000000002287e-05 -4.732050807570771e-06 0
1354 5.100000000003448e-05 -8.196152422701218e-06 0
1355 5.300000000002872e-05 -8.196152422688297e-06 0
1356 5.000000000001908e-05 -1.037478521765877e-05 0
1357 4.773347539415542e-05 -9.939058658672379e-06 0
1358 4.606336801410782e-05 -9.877234250592563e-06 0
1359 4.377783278281223e-05 -1.033985704590392e-05 0
1360 5.226652460588968e-05 -9.939058658659331e-06 0
1361 5.701106517052237e-05 -4.560849506795489e-06 0
1362 5.63519780008498e-05 -6.531873919123287e-06 0
1363 5.300000000001984e-05 -4.732050807562254e-06 0
1364 5.405866300015704e-05 -6.475396999121344e-06 0
1365 5.500000000000444e-05 -8.196152422662995e-06 0
1366 5.394273537648331e-05 -9.87371045638757e-06 0
1367 5.62303050712484e-05 -1.0335158653649e-05 0
1368 4.163718557569534e-05 -9.596937265062268e-06 0
1369 5.836281442430464e-05 -9.596937265062268e-06 0
1370 4.16278418218902e-05 -5.78183385702584e-06 0
1371 5.837317540987285e-05 -5.781246557990254e-06 0
1372 4.319502593369759e-05 -8.426598480852904e-06 0
1373 5.681311192036478e-05 -8.421900088585263e-06 0
1374 5.861663853647877e-05 -4.348008118176545e-06 0
1375 4.138336146352256e-05 -4.34800811817506e-06 0
1376 4.148650276128924e-05 -4.066022959318797e-07 0
1377 4.213403176760488e-05 -1.441084364284244e-07 0
1378 4.297585377912029e-05 -1.851030390763601e-07 0
1379 4.367372561080813e-05 -2.469754703175438e-07 0
1380 4.428177008772156e-05 -1.992256175298556e-07 0
1381 4.509800338508576e-05 -1.907404552143291e-07 0
1382 4.576548568726993e-05 -2.904222695587503e-07 0
1383 4.64463927356977e-05 -2.083140173523049e-07 0
1384 5.692445763583433e-05 -1.85019984531469e-07 0
1385 5.624523679122884e-05 -2.85644192589583e-07 0
1386 5.557419078395115e-05 -1.956645693464695e-07 0
1387 5.873847391888044e-05 -1.860457437521048e-07 0
1388 5.480715779658663e-05 -1.857863732573394e-07 0
1389 5.412914521405822e-05 -3.207630631275522e-07 0
1390 5.34672460578626e-05 -2.452243103631622e-07 0
1391 4.928804936233085e-05 -2.151526400563274e-07 0
1392 4.995851302042266e-05 -3.258996392405841e-07 0
1393 5.056488769327223e-05 -1.985301286988601e-07 0
1394 4.720773060944181e-05 -1.859779335943082e-07 0
1395 4.778499296395572e-05 -2.840917458481827e-07 0
1396 4.842140862077889e-05 -2.040473223491918e-07 0
1397 5.267146503313966e-05 -2.488379870808234e-07 0
1398 5.201180031396164e-05 -2.851875014491929e-07 0
1399 5.144737517632254e-05 -1.444148486631039e-07 0
1400 5.768482759006625e-05 -2.17988289225201e-07 0
1401 4.450761101933642e-05 -2.116703063657932e-07 0
1402 4.450495243810482e-05 -5.608106477978331e-07 0
1403 4.541573627630749e-05 -2.155652798299918e-07 0
1404 4.546745318251576e-05 -5.54955486938244e-07 0
1405 4.330922730084185e-05 -2.237755600344531e-07 0
1406 4.342621579799247e-05 -5.788197208815513e-07 0
1407 4.269631755221276e-05 -1.919949531261813e-07 0
1408 4.284643761036138e-05 -4.330572940838252e-07 0
1409 4.315571250585414e-05 -1.47364404433179e-07 0
1410 4.527459462706364e-05 -1.442901728312446e-07 0
1411 5.095736976157756e-05 -1.886456811873801e-06 0
1412 5.301903312518046e-05 -1.625795629205707e-06 0
1413 4.70059158664801e-05 -1.809972538103685e-06 0
1414 5.501384404565049e-05 -1.725939608096895e-06 0
1415 5.71647886356642e-05 -1.842362743176415e-06 0
1416 5.844863892116816e-05 -1.613860551704097e-06 0
1417 4.845100139104184e-05 -1.666011293448633e-06 0
1418 5.600109159576202e-05 -1.343601953982439e-06 0
1419 5.200299993010525e-05 -1.357846676137761e-06 0
1420 5.400207904651384e-05 -1.355040017419013e-06 0
1421 4.307554236417449e-05 -8.949446149876691e-08 0
1422 4.519284220343211e-05 -8.944691328705124e-08 0
1423 4.325369471881582e-05 -9.278499111690802e-08 0
1424 4.536869241261289e-05 -8.99638631653091e-08 0
1425 4.296876368642644e-05 -1.802216307728074e-06 0
1426 4.164757567931864e-05 -1.883240049359919e-06 0
1427 4.414968107011839e-05 -1.649826310097594e-06 0
1428 4.541315070684341e-05 -1.847835121178045e-06 0
1429 5.51937235045574e-05 -2.338234089415125e-07 0
1430 5.534732227084588e-05 -7.365016865491641e-07 0
1431 5.766259382689746e-05 -1.115552554405201e-06 0
1432 5.111850068436502e-05 -1.00266295489766e-06 0
1433 5.034239178038311e-05 -1.174345259499828e-06 0
1434 5.238903524288589e-05 -7.341062126361109e-07 0
1435 5.305149952245833e-05 -6.688098799136562e-07 0
1436 5.587153827743634e-05 -5.753573318512318e-07 0
1437 4.621492172059312e-05 -1.183806577064181e-06 0
1438 4.474597051473966e-05 -1.127873448153232e-06 0
1439 4.404459548290727e-05 -1.02239419617502e-06 0
1440 4.477462475638188e-05 -2.237014493826798e-07 0
1441 4.50513876767377e-05 -5.994925441092107e-07 0
1442 5.23713532816619e-05 -2.536263402332254e-07 0
1443 5.684761931374269e-05 -1.038116759697063e-06 0
1444 4.694700263471911e-05 -9.813292491981347e-07 0
1445 4.766510915070927e-05 -1.139567215742334e-06 0
1446 4.808804245404201e-05 -6.592379839514188e-07 0
1447 4.875831627313549e-05 -7.886490828874924e-07 0
1448 4.938721988166357e-05 -1.412005186741632e-06 0
1449 4.228552486769128e-05 -1.091851942719178e-06 0
1450 5.165755328063508e-05 -5.647115899042496e-07 0
1451 5.118829092598616e-05 -4.227486410061889e-07 0
1452 5.370812097026395e-05 -7.364387156559157e-07 0
1453 5.376128375076939e-05 -2.604852178293261e-07 0
1454 5.086685292858712e-05 -2.60525519158684e-07 0
1455 4.742836109123637e-05 -5.998419736758338e-07 0
1456 5.828850302894895e-05 -7.03235435685044e-07 0
1457 4.684018051241629e-05 -4.928310503214047e-07 0
1458 4.248584946246842e-05 -3.943844313609124e-07 0
1459 4.196861228136928e-05 -4.909442979663935e-07 0
1460 4.294048955836662e-05 -8.263599105441545e-07 0
1461 4.683009167626017e-05 -1.774246002536036e-07 0
1462 4.932202047172656e-05 -7.195949299750213e-07 0
1463 5.632446179405925e-05 -7.837957409354422e-07 0
1464 5.728075802998536e-05 -5.84308510014191e-07 0
1465 4.154808682818612e-05 -9.087186813579669e-07 0
1466 4.096274225087538e-05 -6.174391538820748e-07 0
1467 5.017174535591333e-05 -1.868201814528815e-06 0
1468 4.107292051451883e-05 -1.462916356877078e-07 0
1469 5.729876812909977e-05 -1.974633567541722e-07 0
1470 5.476658443343123e-05 -9.976000118650814e-07 0
1471 5.434943654147591e-05 -7.156144282200502e-07 0
1472 4.403792989827297e-05 -5.698000550316311e-07 0
1473 4.404120262201011e-05 -1.693335238131718e-07 0
1474 5.585635166037293e-05 -1.76111015631214e-07 0
1475 4.092396286347188e-05 -1.37396589834357e-06 0
1476 5.068575146888218e-05 -6.582455686239956e-07 0
1477 5.028156487176301e-05 -5.451975745283642e-07 0
1478 4.983505791988316e-05 -7.759597987018806e-07 0
1479 4.592235191628199e-05 -7.034484193896849e-07 0
1480 4.638987432200338e-05 -6.413623531023564e-07 0
1481 5.66239334426701e-05 -4.9916702530371e-07 0
1482 5.483370925248374e-05 -5.260131528069587e-07 0
1483 4.546920595295194e-05 -1.002901932805433e-06 0
1484 5.306805656798933e-05 -2.524177479059963e-07 0
1485 4.884269246619619e-05 -2.888052800973268e-07 0
1486 4.524976282885211e-05 -3.956232161487801e-07 0
1487 5.777920918472722e-05 -6.31987392159352e-07 0
1488 5.801046957124256e-05 -2.939926152208785e-07 0
1489 5.90961850588269e-05 -9.013689353107059e-07 0
1490 5.835269938081856e-05 -2.107445742556742e-07 0
1491 5.907196963146508e-05 -3.912822712483815e-07 0
1492 5.903760457463588e-05 -8.965949043382251e-08 0
1493 5.919037955741942e-05 -2.124003008880555e-06 0
1494 4.31086962033054e-05 -4.218782718376011e-07 0
1495 4.613713682992153e-05 -3.072578432338494e-07 0
1496 5.454168778500383e-05 -2.497395739159858e-07 0
1497 5.663324129241207e-05 -1.860482431039716e-07 0
1498 5.02988081958284e-05 -1.782712237446347e-07 0
1499 4.744706004474638e-05 -2.13982330623665e-07 0
1500 4.35104837369073e-05 -1.051806471849691e-06 0
1501 4.957391745067695e-05 -3.394345013289688e-07 0
$EndNodes
$Elements
3049
1 1 2 6 1 6 11
2 1 2 6 1 11 12
3 1 2 6 1 12 13
4 1 2 6 1 13 14
5 1 2 6 1 14 15
6 1 2 6 1 15 16
7 1 2 6 1 16 17
8 1 2 6 1 17 18
9 1 2 6 1 18 19
10 1 2 6 1 19 20
11 1 2 6 1 20 21
12 1 2 6 1 21 22
13 1 2 6 1 22 23
14 1 2 6 1 23 24
15 1 2 6 1 24 25
16 1 2 6 1 25 26
17 1 2 6 1 26 27
18 1 2 6 1 27 28
19 1 2 6 1 28 29
20 1 2 6 1 29 30
21 1 2 6 1 30 31
22 1 2 6 1 31 32
23 1 2 6 1 32 33
24 1 2 6 1 33 34
25 1 2 6 1 34 35
26 1 2 6 1 35 36
27 1 2 6 1 36 37
28 1 2 6 1 37 38
29 1 2 6 1 38 39
30 1 2 6 1 39 40
31 1 2 6 1 40 41
32 1 2 6 1 41 42
33 1 2 6 1 42 43
34 1 2 6 1 43 44
35 1 2 6 1 44 45
36 1 2 6 1 45 46
37 1 2 6 1 46 47
38 1 2 6 1 47 48
39 1 2 6 1 48 49
40 1 2 6 1 49 50
41 1 2 6 1 50 51
42 1 2 6 1 51 52
43 1 2 6 1 52 53
44 1 2 6 1 53 54
45 1 2 6 1 54 55
46 1 2 6 1 55 56
47 1 2 6 1 56 57
48 1 2 6 1 57 58
49 1 2 6 1 58 59
50 1 2 6 1 59 5
51 1 2 5 3 4 78
52 1 2 5 3 78 79
53 1 2 5 3 79 80
54 1 2 5 3 80 81
55 1 2 5 3 81 82
56 1 2 5 3 82 83
57 1 2 5 3 83 84
58 1 2 5 3 84 85
59 1 2 5 3 85 86
60 1 2 5 3 86 87
61 1 2 5 3 87 88
62 1 2 5 3 88 89
63 1 2 5 3 89 90
64 1 2 5 3 90 91
65 1 2 5 3 91 92
66 1 2 5 3 92 93
67 1 2 5 3 93 94
68 1 2 5 3 94 95
69 1 2 5 3 95 96
70 1 2 5 3 96 3
71 1 2 3 4 3 97
72 1 2 3 4 97 98
73 1 2 3 4 98 99
74 1 2 3 4 99 100
75 1 2 3 4 100 101
76 1 2 3 4 101 102
77 1 2 3 4 102 103
78 1 2 3 4 103 104
79 1 2 3 4 104 105
80 1 2 3 4 105 106
81 1 2 3 4 106 107
82 1 2 3 4 107 108
83 1 2 3 4 108 109
84 1 2 3 4 109 110
85 1 2 3 4 110 111
86 1 2 3 4 111 112
87 1 2 3 4 112 113
88 1 2 3 4 113 114
89 1 2 3 4 114 115
90 1 2 3 4 115 116
91 1 2 3 4 116 117
92 1 2 3 4 117 118
93 1 2 3 4 118 119
94 1 2 3 4 119 120
95 1 2 3 4 120 121
96 1 2 3 4 121 122
97 1 2 3 4 122 123
98 1 2 3 4 123 124
99 1 2 3 4 124 125
100 1 2 3 4 125 126
101 1 2 3 4 126 127
102 1 2 3 4 127 128
103 1 2 3 4 128 129
104 1 2 3 4 129 130
105 1 2 3 4 130 131
106 1 2 3 4 131 132
107 1 2 3 4 132 133
108 1 2 3 4 133 134
109 1 2 3 4 134 135
110 1 2 3 4 135 136
111 1 2 3 4 136 137
112 1 2 3 4 137 138
113 1 2 3 4 138 139
114 1 2 3 4 139 140
115 1 2 3 4 140 141
116 1 2 3 4 141 142
117 1 2 3 4 142 143
118 1 2 3 4 143 144
119 1 2 3 4 144 145
120 1 2 3 4 145 146
121 1 2 3 4 146 147
122 1 2 3 4 147 148
123 1 2 3 4 148 149
124 1 2 3 4 149 150
125 1 2 3 4 150 151
126 1 2 3 4 151 152
127 1 2 3 4 152 153
128 1 2 3 4 153 154
129 1 2 3 4 154 155
130 1 2 3 4 155 156
131 1 2 3 4 156 157
132 1 2 3 4 157 158
133 1 2 3 4 158 159
134 1 2 3 4 159 160
135 1 2 3 4 160 161
136 1 2 3 4 161 162
137 1 2 3 4 162 163
138 1 2 3 4 163 164
139 1 2 3 4 164 165
140 1 2 3 4 165 166
141 1 2 3 4 166 167
142 1 2 3 4 167 168
143 1 2 3 4 168 169
144 1 2 3 4 169 170
145 1 2 3 4 170 171
146 1 2 3 4 171 172
147 1 2 3 4 172 173
148 1 2 3 4 173 174
149 1 2 3 4 174 175
150 1 2 3 4 175 176
151 1 2 3 4 176 177
152 1 2 3 4 177 178
153 1 2 3 4 178 179
154 1 2 3 4 179 180
155 1 2 3 4 180 181
156 1 2 3 4 181 182
157 1 2 3 4 182 183
158 1 2 3 4 183 184
159 1 2 3 4 184 185
160 1 2 3 4 185 186
161 1 2 3 4 186 2
162 1 2 4 5 2 187
163 1 2 4 5 187 188
164 1 2 4 5 188 189
165 1 2 4 5 189 190
166 1 2 4 5 190 191
167 1 2 4 5 191 192
168 1 2 4 5 192 193
169 1 2 4 5 193 194
170 1 2 4 5 194 195
171 1 2 4 5 195 196
172 1 2 4 5 196 197
173 1 2 4 5 197 198
174 1 2 4 5 198 199
175 1 2 4 5 199 200
176 1 2 4 5 200 201
177 1 2 4 5 201 202
178 1 2 4 5 202 203
179 1 2 4 5 203 204
180 1 2 4 5 204 205
181 1 2 4 5 205 1
182 1 2 2 11 9 228
183 1 2 2 11 228 229
184 1 2 2 11 229 230
185 1 2 2 11 230 231
186 1 2 2 11 231 232
187 1 2 2 11 232 233
188 1 2 2 11 233 234
189 1 2 2 11 234 235
190 1 2 2 11 235 236
191 1 2 2 11 236 10
192 1 2 1 13 7 241
193 1 2 1 13 241 242
194 1 2 1 13 242 8
195 2 2 9 8 650 858 752
196 2 2 9 8 382 738 592
197 2 2 9 8 420 829 464
198 2 2 9 8 521 1186 936
199 2 2 9 8 508 966 715
200 2 2 9 8 341 886 741
201 2 2 9 8 592 970 963
202 2 2 9 8 288 999 806
203 2 2 9 8 809 1014 808
204 2 2 9 8 432 1026 791
205 2 2 9 8 1110 1120 1109
206 2 2 9 8 858 859 752
207 2 2 9 8 385 764 763
208 2 2 9 8 827 1119 876
209 2 2 9 8 618 1171 722
210 2 2 9 8 689 1151 223
211 2 2 9 8 635 812 448
212 2 2 9 8 876 1119 637
213 2 2 9 8 936 1186 937
214 2 2 9 8 711 1163 1005
215 2 2 9 8 1116 1117 518
216 2 2 9 8 563 1030 941
217 2 2 9 8 401 1072 554
218 2 2 9 8 297 696 583
219 2 2 9 8 323 1055 985
220 2 2 9 8 1009 1128 856
221 2 2 9 8 895 1060 695
222 2 2 9 8 780 1002 998
223 2 2 9 8 1179 1214 655
224 2 2 9 8 910 1250 798
225 2 2 9 8 626 1144 1068
226 2 2 9 8 141 245 140
227 2 2 9 8 464 829 655
228 2 2 9 8 780 1234 1002
229 2 2 9 8 655 1214 656
230 2 2 9 8 546 1117 721
231 2 2 9 8 795 796 730
232 2 2 9 8 753 941 473
233 2 2 9 8 618 722 555
234 2 2 9 8 1023 1095 1016
235 2 2 9 8 824 1263 442
236 2 2 9 8 755 827 549
237 2 2 9 8 437 1078 799
238 2 2 9 8 819 1170 599
239 2 2 9 8 341 741 343
240 2 2 9 8 261 716 597
241 2 2 9 8 249 631 115
242 2 2 9 8 1000 1228 544
243 2 2 9 8 941 1030 942
244 2 2 9 8 811 1072 401
245 2 2 9 8 1074 1098 1073
246 2 2 9 8 823 1021 822
247 2 2 9 8 260 1103 845
248 2 2 9 8 2 255 186
249 2 2 9 8 936 1311 521
250 2 2 9 8 292 1138 112
251 2 2 9 8 473 940 753
252 2 2 9 8 107 1182 106
253 2 2 9 8 1005 1163 702
254 2 2 9 8 385 763 380
255 2 2 9 8 368 1245 978
256 2 2 9 8 729 1041 1024
257 2 2 9 8 136 290 135
258 2 2 9 8 155 794 154
259 2 2 9 8 808 1014 807
260 2 2 9 8 635 1251 986
261 2 2 9 8 151 248 150
262 2 2 9 8 785 878 384
263 2 2 9 8 648 808 643
264 2 2 9 8 590 840 591
265 2 2 9 8 857 858 650
266 2 2 9 8 760 839 590
267 2 2 9 8 778 977 799
268 2 2 9 8 578 1004 580
269 2 2 9 8 64 999 288
270 2 2 9 8 648 809 808
271 2 2 9 8 452 824 442
272 2 2 9 8 172 1137 286
273 2 2 9 8 696 802 583
274 2 2 9 8 448 812 386
275 2 2 9 8 756 1147 250
276 2 2 9 8 517 1129 710
277 2 2 9 8 845 1042 260
278 2 2 9 8 512 1224 515
279 2 2 9 8 852 1180 703
280 2 2 9 8 323 1125 1055
281 2 2 9 8 803 813 283
282 2 2 9 8 821 1063 558
283 2 2 9 8 354 940 352
284 2 2 9 8 754 848 847
285 2 2 9 8 595 673 298
286 2 2 9 8 261 595 176
287 2 2 9 8 169 756 168
288 2 2 9 8 60 1208 688
289 2 2 9 8 258 1020 853
290 2 2 9 8 130 757 129
291 2 2 9 8 542 724 491
292 2 2 9 8 734 874 714
293 2 2 9 8 483 756 169
294 2 2 9 8 160 758 159
295 2 2 9 8 395 757 130
296 2 2 9 8 159 758 715
297 2 2 9 8 68 798 797
298 2 2 9 8 623 1142 897
299 2 2 9 8 258 853 849
300 2 2 9 8 799 977 411
301 2 2 9 8 220 748 289
302 2 2 9 8 1108 1246 879
303 2 2 9 8 418 1001 783
304 2 2 9 8 207 965 206
305 2 2 9 8 791 1121 432
306 2 2 9 8 744 1199 1177
307 2 2 9 8 542 1261 724
308 2 2 9 8 827 899 549
309 2 2 9 8 703 1176 852
310 2 2 9 8 128 613 284
311 2 2 9 8 113 631 292
312 2 2 9 8 382 1138 738
313 2 2 9 8 1177 1199 745
314 2 2 9 8 1017 1266 1156
315 2 2 9 8 750 1316 321
316 2 2 9 8 1066 1301 847
317 2 2 9 8 384 885 785
318 2 2 9 8 414 1269 1203
319 2 2 9 8 106 1182 296
320 2 2 9 8 633 1224 512
321 2 2 9 8 289 821 810
322 2 2 9 8 352 940 473
323 2 2 9 8 871 879 365
324 2 2 9 8 514 1129 517
325 2 2 9 8 717 1152 1006
326 2 2 9 8 827 876 431
327 2 2 9 8 441 1108 443
328 2 2 9 8 755 1119 827
329 2 2 9 8 731 1134 875
330 2 2 9 8 721 1117 1116
331 2 2 9 8 421 829 420
332 2 2 9 8 484 1289 485
333 2 2 9 8 476 816 736
334 2 2 9 8 126 500 125
335 2 2 9 8 286 1147 171
336 2 2 9 8 411 1115 792
337 2 2 9 8 444 754 328
338 2 2 9 8 730 962 795
339 2 2 9 8 712 1228 1000
340 2 2 9 8 376 1195 1085
341 2 2 9 8 288 801 63
342 2 2 9 8 477 1092 143
343 2 2 9 8 549 826 755
344 2 2 9 8 642 1190 640
345 2 2 9 8 741 1064 476
346 2 2 9 8 472 750 324
347 2 2 9 8 1105 1236 70
348 2 2 9 8 898 1090 435
349 2 2 9 8 549 899 315
350 2 2 9 8 856 1128 855
351 2 2 9 8 1067 1224 959
352 2 2 9 8 725 1286 845
353 2 2 9 8 840 1031 591
354 2 2 9 8 1085 1195 732
355 2 2 9 8 555 722 648
356 2 2 9 8 350 942 346
357 2 2 9 8 802 1280 585
358 2 2 9 8 716 819 597
359 2 2 9 8 289 810 219
360 2 2 9 8 965 1237 206
361 2 2 9 8 445 740 319
362 2 2 9 8 798 1250 797
363 2 2 9 8 545 1246 1108
364 2 2 9 8 741 1065 1064
365 2 2 9 8 61 807 60
366 2 2 9 8 847 1301 754
367 2 2 9 8 1020 1121 853
368 2 2 9 8 67 797 271
369 2 2 9 8 297 581 147
370 2 2 9 8 877 1084 303
371 2 2 9 8 531 1202 532
372 2 2 9 8 754 1301 326
373 2 2 9 8 526 618 555
374 2 2 9 8 1111 1119 1044
375 2 2 9 8 910 1132 908
376 2 2 9 8 390 736 392
377 2 2 9 8 792 1229 411
378 2 2 9 8 269 1319 902
379 2 2 9 8 180 293 179
380 2 2 9 8 1192 1270 1175
381 2 2 9 8 783 1135 418
382 2 2 9 8 319 740 317
383 2 2 9 8 548 1021 823
384 2 2 9 8 457 1193 484
385 2 2 9 8 946 1118 867
386 2 2 9 8 616 1133 1069
387 2 2 9 8 740 1275 317
388 2 2 9 8 815 882 672
389 2 2 9 8 489 742 526
390 2 2 9 8 690 1333 629
391 2 2 9 8 919 1183 745
392 2 2 9 8 62 801 429
393 2 2 9 8 446 461 457
394 2 2 9 8 305 877 303
395 2 2 9 8 797 884 271
396 2 2 9 8 96 1082 263
397 2 2 9 8 466 1117 546
398 2 2 9 8 1203 1269 718
399 2 2 9 8 806 1007 288
400 2 2 9 8 324 750 321
401 2 2 9 8 858 889 859
402 2 2 9 8 495 1095 1023
403 2 2 9 8 796 883 730
404 2 2 9 8 263 1270 1192
405 2 2 9 8 532 1279 531
406 2 2 9 8 1060 1068 695
407 2 2 9 8 515 1224 1067
408 2 2 9 8 254 477 143
409 2 2 9 8 117 717 249
410 2 2 9 8 118 1152 717
411 2 2 9 8 635 989 812
412 2 2 9 8 347 1030 372
413 2 2 9 8 737 1286 725
414 2 2 9 8 461 1127 457
415 2 2 9 8 328 754 326
416 2 2 9 8 628 644 542
417 2 2 9 8 547 1190 642
418 2 2 9 8 1067 1185 1129
419 2 2 9 8 388 476 390
420 2 2 9 8 724 725 494
421 2 2 9 8 1026 1123 791
422 2 2 9 8 539 1080 786
423 2 2 9 8 724 737 725
424 2 2 9 8 517 1186 521
425 2 2 9 8 459 788 488
426 2 2 9 8 1068 1144 695
427 2 2 9 8 910 1291 661
428 2 2 9 8 280 823 214
429 2 2 9 8 429 807 61
430 2 2 9 8 1129 1185 710
431 2 2 9 8 1074 1154 1098
432 2 2 9 8 520 1008 904
433 2 2 9 8 821 1124 1063
434 2 2 9 8 278 1050 901
435 2 2 9 8 736 1247 392
436 2 2 9 8 220 289 219
437 2 2 9 8 742 747 618
438 2 2 9 8 746 1027 957
439 2 2 9 8 545 1108 441
440 2 2 9 8 476 736 390
441 2 2 9 8 649 650 530
442 2 2 9 8 580 1004 705
443 2 2 9 8 423 1266 1017
444 2 2 9 8 785 1223 815
445 2 2 9 8 392 446 410
446 2 2 9 8 861 1266 920
447 2 2 9 8 837 1240 974
448 2 2 9 8 851 1155 552
449 2 2 9 8 491 724 494
450 2 2 9 8 811 1268 553
451 2 2 9 8 407 984 969
452 2 2 9 8 711 1005 504
453 2 2 9 8 313 1060 895
454 2 2 9 8 978 1089 683
455 2 2 9 8 745 1199 919
456 2 2 9 8 1055 1125 762
457 2 2 9 8 645 844 814
458 2 2 9 8 849 853 770
459 2 2 9 8 68 797 67
460 2 2 9 8 250 1147 1075
461 2 2 9 8 464 465 448
462 2 2 9 8 155 975 794
463 2 2 9 8 175 595 298
464 2 2 9 8 275 565 100
465 2 2 9 8 841 1239 280
466 2 2 9 8 794 975 793
467 2 2 9 8 457 1127 733
468 2 2 9 8 807 1208 60
469 2 2 9 8 343 741 388
470 2 2 9 8 491 494 452
471 2 2 9 8 282 863 857
472 2 2 9 8 1178 1179 829
473 2 2 9 8 717 832 249
474 2 2 9 8 844 1198 739
475 2 2 9 8 446 457 410
476 2 2 9 8 838 912 413
477 2 2 9 8 783 849 770
478 2 2 9 8 321 445 319
479 2 2 9 8 974 1240 656
480 2 2 9 8 64 288 63
481 2 2 9 8 1089 1245 333
482 2 2 9 8 904 1215 520
483 2 2 9 8 885 1223 785
484 2 2 9 8 883 981 447
485 2 2 9 8 1069 1133 907
486 2 2 9 8 788 1181 488
487 2 2 9 8 733 1193 457
488 2 2 9 8 480 789 788
489 2 2 9 8 285 1304 793
490 2 2 9 8 583 802 585
491 2 2 9 8 978 1245 1089
492 2 2 9 8 539 720 719
493 2 2 9 8 257 996 880
494 2 2 9 8 498 1308 1294
495 2 2 9 8 789 791 790
496 2 2 9 8 645 814 587
497 2 2 9 8 871 1062 870
498 2 2 9 8 451 872 479
499 2 2 9 8 648 1189 809
500 2 2 9 8 470 496 469
501 2 2 9 8 222 805 430
502 2 2 9 8 787 1079 926
503 2 2 9 8 725 727 726
504 2 2 9 8 818 887 671
505 2 2 9 8 483 1147 756
506 2 2 9 8 1024 1158 729
507 2 2 9 8 799 980 778
508 2 2 9 8 326 472 324
509 2 2 9 8 446 462 461
510 2 2 9 8 473 942 350
511 2 2 9 8 859 889 862
512 2 2 9 8 747 825 618
513 2 2 9 8 456 469 455
514 2 2 9 8 63 801 62
515 2 2 9 8 555 648 643
516 2 2 9 8 424 480 459
517 2 2 9 8 872 1108 879
518 2 2 9 8 668 815 672
519 2 2 9 8 420 464 448
520 2 2 9 8 745 1178 481
521 2 2 9 8 489 1296 742
522 2 2 9 8 702 1106 1005
523 2 2 9 8 825 1171 618
524 2 2 9 8 768 783 770
525 2 2 9 8 365 1062 871
526 2 2 9 8 378 1273 870
527 2 2 9 8 420 448 386
528 2 2 9 8 897 1142 840
529 2 2 9 8 1080 1292 524
530 2 2 9 8 215 280 214
531 2 2 9 8 385 765 764
532 2 2 9 8 488 1181 743
533 2 2 9 8 543 628 542
534 2 2 9 8 462 760 590
535 2 2 9 8 380 763 424
536 2 2 9 8 317 549 315
537 2 2 9 8 556 870 869
538 2 2 9 8 599 1170 602
539 2 2 9 8 276 1171 1049
540 2 2 9 8 69 1259 68
541 2 2 9 8 789 790 788
542 2 2 9 8 629 1333 628
543 2 2 9 8 820 1091 557
544 2 2 9 8 222 430 221
545 2 2 9 8 1010 1189 648
546 2 2 9 8 867 955 946
547 2 2 9 8 133 698 251
548 2 2 9 8 288 1168 801
549 2 2 9 8 417 830 190
550 2 2 9 8 280 992 841
551 2 2 9 8 95 414 94
552 2 2 9 8 1008 1100 952
553 2 2 9 8 783 1001 849
554 2 2 9 8 62 429 61
555 2 2 9 8 553 1072 811
556 2 2 9 8 213 823 822
557 2 2 9 8 630 1264 843
558 2 2 9 8 989 1019 812
559 2 2 9 8 283 1230 803
560 2 2 9 8 386 812 348
561 2 2 9 8 942 1029 346
562 2 2 9 8 647 1227 894
563 2 2 9 8 987 1251 1136
564 2 2 9 8 480 788 459
565 2 2 9 8 845 1103 727
566 2 2 9 8 556 869 533
567 2 2 9 8 721 1283 546
568 2 2 9 8 812 1019 345
569 2 2 9 8 781 1234 780
570 2 2 9 8 671 1313 818
571 2 2 9 8 803 1161 813
572 2 2 9 8 492 542 491
573 2 2 9 8 445 893 740
574 2 2 9 8 875 1134 396
575 2 2 9 8 526 555 537
576 2 2 9 8 748 820 289
577 2 2 9 8 413 911 838
578 2 2 9 8 221 1225 220
579 2 2 9 8 654 1270 547
580 2 2 9 8 796 981 883
581 2 2 9 8 765 766 764
582 2 2 9 8 912 916 914
583 2 2 9 8 986 988 635
584 2 2 9 8 437 799 405
585 2 2 9 8 617 846 553
586 2 2 9 8 984 1276 969
587 2 2 9 8 926 1297 787
588 2 2 9 8 766 768 767
589 2 2 9 8 517 521 519
590 2 2 9 8 733 1128 1009
591 2 2 9 8 456 470 469
592 2 2 9 8 920 1034 861
593 2 2 9 8 878 940 384
594 2 2 9 8 427 889 863
595 2 2 9 8 522 1080 539
596 2 2 9 8 507 979 182
597 2 2 9 8 384 940 354
598 2 2 9 8 735 1226 1210
599 2 2 9 8 330 444 328
600 2 2 9 8 617 847 846
601 2 2 9 8 374 784 385
602 2 2 9 8 725 845 727
603 2 2 9 8 338 1287 341
604 2 2 9 8 396 1134 886
605 2 2 9 8 469 481 455
606 2 2 9 8 589 645 587
607 2 2 9 8 455 829 421
608 2 2 9 8 867 1118 868
609 2 2 9 8 917 919 915
610 2 2 9 8 742 1256 747
611 2 2 9 8 220 1225 748
612 2 2 9 8 70 281 69
613 2 2 9 8 784 1229 792
614 2 2 9 8 93 833 264
615 2 2 9 8 559 887 818
616 2 2 9 8 520 1215 511
617 2 2 9 8 637 1119 1111
618 2 2 9 8 218 810 273
619 2 2 9 8 844 1254 814
620 2 2 9 8 597 819 599
621 2 2 9 8 727 729 728
622 2 2 9 8 481 1177 745
623 2 2 9 8 558 1232 821
624 2 2 9 8 971 1143 739
625 2 2 9 8 729 1103 1041
626 2 2 9 8 714 1299 1205
627 2 2 9 8 649 857 650
628 2 2 9 8 805 842 430
629 2 2 9 8 920 1266 423
630 2 2 9 8 214 823 213
631 2 2 9 8 465 1251 635
632 2 2 9 8 1210 1226 1004
633 2 2 9 8 661 1250 910
634 2 2 9 8 285 793 156
635 2 2 9 8 526 742 618
636 2 2 9 8 414 833 94
637 2 2 9 8 374 385 380
638 2 2 9 8 752 864 751
639 2 2 9 8 431 877 305
640 2 2 9 8 837 974 838
641 2 2 9 8 481 1178 829
642 2 2 9 8 638 1096 1077
643 2 2 9 8 816 973 736
644 2 2 9 8 768 770 767
645 2 2 9 8 638 1073 302
646 2 2 9 8 766 767 764
647 2 2 9 8 271 828 66
648 2 2 9 8 67 271 66
649 2 2 9 8 90 913 89
650 2 2 9 8 148 696 297
651 2 2 9 8 902 1204 269
652 2 2 9 8 579 1059 577
653 2 2 9 8 444 1226 754
654 2 2 9 8 901 1050 902
655 2 2 9 8 639 1248 1110
656 2 2 9 8 1136 1251 532
657 2 2 9 8 424 763 480
658 2 2 9 8 798 1132 910
659 2 2 9 8 556 871 870
660 2 2 9 8 544 1087 1000
661 2 2 9 8 769 772 768
662 2 2 9 8 431 899 827
663 2 2 9 8 636 877 876
664 2 2 9 8 870 1273 869
665 2 2 9 8 668 672 671
666 2 2 9 8 772 783 768
667 2 2 9 8 1059 1205 577
668 2 2 9 8 857 863 858
669 2 2 9 8 223 1151 805
670 2 2 9 8 219 810 218
671 2 2 9 8 988 989 635
672 2 2 9 8 68 1259 798
673 2 2 9 8 300 1096 638
674 2 2 9 8 475 897 839
675 2 2 9 8 388 741 476
676 2 2 9 8 720 1252 719
677 2 2 9 8 801 1168 709
678 2 2 9 8 1256 1296 743
679 2 2 9 8 902 1319 1056
680 2 2 9 8 341 1287 886
681 2 2 9 8 636 1086 877
682 2 2 9 8 1110 1248 621
683 2 2 9 8 405 411 403
684 2 2 9 8 189 256 188
685 2 2 9 8 92 911 91
686 2 2 9 8 1006 1152 383
687 2 2 9 8 552 1106 851
688 2 2 9 8 941 942 473
689 2 2 9 8 367 373 369
690 2 2 9 8 374 1325 784
691 2 2 9 8 719 1252 803
692 2 2 9 8 388 390 389
693 2 2 9 8 493 989 988
694 2 2 9 8 177 716 261
695 2 2 9 8 485 1289 511
696 2 2 9 8 515 1249 512
697 2 2 9 8 725 726 494
698 2 2 9 8 189 830 256
699 2 2 9 8 363 367 364
700 2 2 9 8 560 1274 973
701 2 2 9 8 585 1280 627
702 2 2 9 8 1286 1319 1053
703 2 2 9 8 764 906 763
704 2 2 9 8 859 860 752
705 2 2 9 8 293 716 179
706 2 2 9 8 912 914 913
707 2 2 9 8 108 592 265
708 2 2 9 8 357 359 358
709 2 2 9 8 1062 1191 870
710 2 2 9 8 355 357 356
711 2 2 9 8 359 361 360
712 2 2 9 8 457 484 458
713 2 2 9 8 361 363 362
714 2 2 9 8 1010 1173 277
715 2 2 9 8 405 799 411
716 2 2 9 8 367 369 364
717 2 2 9 8 997 1213 1097
718 2 2 9 8 465 635 448
719 2 2 9 8 914 917 915
720 2 2 9 8 670 999 828
721 2 2 9 8 852 1176 397
722 2 2 9 8 213 822 212
723 2 2 9 8 255 1110 1109
724 2 2 9 8 372 1030 563
725 2 2 9 8 854 982 256
726 2 2 9 8 363 364 362
727 2 2 9 8 387 420 386
728 2 2 9 8 666 815 668
729 2 2 9 8 857 1207 282
730 2 2 9 8 776 880 773
731 2 2 9 8 872 879 871
732 2 2 9 8 361 362 360
733 2 2 9 8 727 728 726
734 2 2 9 8 479 872 556
735 2 2 9 8 723 1273 873
736 2 2 9 8 628 901 644
737 2 2 9 8 784 1325 1229
738 2 2 9 8 390 392 391
739 2 2 9 8 359 360 358
740 2 2 9 8 638 1074 1073
741 2 2 9 8 95 1269 414
742 2 2 9 8 613 1146 284
743 2 2 9 8 453 456 455
744 2 2 9 8 1059 1175 654
745 2 2 9 8 392 1247 446
746 2 2 9 8 746 1094 1027
747 2 2 9 8 468 491 452
748 2 2 9 8 451 1108 872
749 2 2 9 8 722 1010 648
750 2 2 9 8 785 815 666
751 2 2 9 8 789 976 791
752 2 2 9 8 931 1079 786
753 2 2 9 8 873 1085 723
754 2 2 9 8 280 1218 823
755 2 2 9 8 357 358 356
756 2 2 9 8 453 455 421
757 2 2 9 8 482 1055 762
758 2 2 9 8 120 1153 119
759 2 2 9 8 742 1296 1256
760 2 2 9 8 392 410 393
761 2 2 9 8 668 671 669
762 2 2 9 8 801 1070 429
763 2 2 9 8 409 692 507
764 2 2 9 8 863 889 858
765 2 2 9 8 435 1222 898
766 2 2 9 8 253 1153 120
767 2 2 9 8 746 1130 744
768 2 2 9 8 1016 1095 426
769 2 2 9 8 472 1315 750
770 2 2 9 8 248 802 696
771 2 2 9 8 876 877 431
772 2 2 9 8 893 1227 588
773 2 2 9 8 775 776 773
774 2 2 9 8 629 691 690
775 2 2 9 8 753 878 662
776 2 2 9 8 343 388 366
777 2 2 9 8 348 812 345
778 2 2 9 8 645 1198 844
779 2 2 9 8 805 898 842
780 2 2 9 8 307 899 431
781 2 2 9 8 556 872 871
782 2 2 9 8 533 869 535
783 2 2 9 8 833 834 264
784 2 2 9 8 839 840 590
785 2 2 9 8 766 769 768
786 2 2 9 8 284 500 127
787 2 2 9 8 877 1086 1084
788 2 2 9 8 808 1070 643
789 2 2 9 8 212 822 283
790 2 2 9 8 65 999 64
791 2 2 9 8 520 1009 1008
792 2 2 9 8 779 780 777
793 2 2 9 8 997 1097 419
794 2 2 9 8 493 1089 333
795 2 2 9 8 710 1186 517
796 2 2 9 8 786 1080 931
797 2 2 9 8 377 386 348
798 2 2 9 8 829 1179 655
799 2 2 9 8 753 940 878
800 2 2 9 8 856 1100 1008
801 2 2 9 8 1138 1164 738
802 2 2 9 8 292 1164 1138
803 2 2 9 8 985 1055 619
804 2 2 9 8 535 869 723
805 2 2 9 8 489 526 525
806 2 2 9 8 406 437 405
807 2 2 9 8 1182 1277 296
808 2 2 9 8 376 873 353
809 2 2 9 8 398 1000 394
810 2 2 9 8 413 913 90
811 2 2 9 8 89 913 266
812 2 2 9 8 846 1072 553
813 2 2 9 8 91 911 413
814 2 2 9 8 903 905 633
815 2 2 9 8 786 1079 787
816 2 2 9 8 714 1205 734
817 2 2 9 8 839 897 840
818 2 2 9 8 428 1025 962
819 2 2 9 8 402 403 373
820 2 2 9 8 1005 1106 552
821 2 2 9 8 469 1177 481
822 2 2 9 8 515 1129 514
823 2 2 9 8 578 1210 1004
824 2 2 9 8 97 547 3
825 2 2 9 8 531 1240 1202
826 2 2 9 8 875 1305 731
827 2 2 9 8 212 283 211
828 2 2 9 8 828 999 65
829 2 2 9 8 769 773 772
830 2 2 9 8 559 1007 887
831 2 2 9 8 606 1120 1110
832 2 2 9 8 828 1061 670
833 2 2 9 8 510 1304 285
834 2 2 9 8 729 730 728
835 2 2 9 8 842 1200 691
836 2 2 9 8 218 273 217
837 2 2 9 8 662 878 664
838 2 2 9 8 355 356 354
839 2 2 9 8 447 981 438
840 2 2 9 8 666 668 667
841 2 2 9 8 1027 1118 956
842 2 2 9 8 101 275 100
843 2 2 9 8 988 1089 493
844 2 2 9 8 977 1115 411
845 2 2 9 8 404 405 403
846 2 2 9 8 615 649 530
847 2 2 9 8 459 488 460
848 2 2 9 8 543 629 628
849 2 2 9 8 264 911 92
850 2 2 9 8 748 1264 820
851 2 2 9 8 912 974 916
852 2 2 9 8 440 447 438
853 2 2 9 8 70 1236 281
854 2 2 9 8 631 749 292
855 2 2 9 8 492 543 542
856 2 2 9 8 908 1132 1069
857 2 2 9 8 216 992 215
858 2 2 9 8 496 1217 469
859 2 2 9 8 773 880 772
860 2 2 9 8 744 1217 746
861 2 2 9 8 810 1018 273
862 2 2 9 8 931 1080 524
863 2 2 9 8 638 1075 1074
864 2 2 9 8 429 808 807
865 2 2 9 8 535 723 708
866 2 2 9 8 870 1191 378
867 2 2 9 8 770 853 771
868 2 2 9 8 766 990 769
869 2 2 9 8 1049 1171 825
870 2 2 9 8 589 646 645
871 2 2 9 8 769 990 774
872 2 2 9 8 529 530 497
873 2 2 9 8 524 1241 931
874 2 2 9 8 494 824 452
875 2 2 9 8 424 459 425
876 2 2 9 8 672 1023 1016
877 2 2 9 8 901 902 644
878 2 2 9 8 1073 1098 412
879 2 2 9 8 750 1315 995
880 2 2 9 8 443 1108 451
881 2 2 9 8 1027 1094 868
882 2 2 9 8 673 1137 298
883 2 2 9 8 72 850 71
884 2 2 9 8 895 1196 313
885 2 2 9 8 415 1015 1012
886 2 2 9 8 591 1128 1127
887 2 2 9 8 453 907 456
888 2 2 9 8 588 1320 893
889 2 2 9 8 514 1249 515
890 2 2 9 8 66 828 65
891 2 2 9 8 353 873 355
892 2 2 9 8 1042 1286 433
893 2 2 9 8 775 777 776
894 2 2 9 8 996 1135 880
895 2 2 9 8 1109 1120 800
896 2 2 9 8 734 1205 1059
897 2 2 9 8 743 1296 488
898 2 2 9 8 614 1155 894
899 2 2 9 8 664 785 666
900 2 2 9 8 1126 1146 1048
901 2 2 9 8 1011 1171 276
902 2 2 9 8 843 1165 630
903 2 2 9 8 555 643 537
904 2 2 9 8 256 982 188
905 2 2 9 8 795 1102 781
906 2 2 9 8 912 913 413
907 2 2 9 8 481 829 455
908 2 2 9 8 691 1174 690
909 2 2 9 8 780 1097 777
910 2 2 9 8 511 1324 485
911 2 2 9 8 528 1055 482
912 2 2 9 8 916 917 914
913 2 2 9 8 449 452 442
914 2 2 9 8 691 1165 842
915 2 2 9 8 191 417 190
916 2 2 9 8 479 556 533
917 2 2 9 8 190 830 189
918 2 2 9 8 411 1229 403
919 2 2 9 8 779 781 780
920 2 2 9 8 380 424 381
921 2 2 9 8 191 890 417
922 2 2 9 8 729 1158 730
923 2 2 9 8 315 899 309
924 2 2 9 8 522 539 523
925 2 2 9 8 282 1141 863
926 2 2 9 8 1217 1318 746
927 2 2 9 8 539 719 540
928 2 2 9 8 909 1160 657
929 2 2 9 8 592 738 593
930 2 2 9 8 784 792 765
931 2 2 9 8 309 899 307
932 2 2 9 8 387 421 420
933 2 2 9 8 369 1325 374
934 2 2 9 8 664 878 785
935 2 2 9 8 656 1240 531
936 2 2 9 8 917 1183 919
937 2 2 9 8 367 402 373
938 2 2 9 8 1149 1154 1148
939 2 2 9 8 859 861 860
940 2 2 9 8 860 864 752
941 2 2 9 8 884 939 271
942 2 2 9 8 1075 1077 250
943 2 2 9 8 374 380 375
944 2 2 9 8 718 1192 676
945 2 2 9 8 94 833 93
946 2 2 9 8 547 1270 1082
947 2 2 9 8 118 1153 1152
948 2 2 9 8 261 596 595
949 2 2 9 8 591 1290 1128
950 2 2 9 8 496 1318 1217
951 2 2 9 8 377 387 386
952 2 2 9 8 882 1023 672
953 2 2 9 8 898 1151 1090
954 2 2 9 8 874 1182 594
955 2 2 9 8 342 1029 340
956 2 2 9 8 535 708 536
957 2 2 9 8 909 1291 910
958 2 2 9 8 894 1155 647
959 2 2 9 8 590 1322 462
960 2 2 9 8 353 355 354
961 2 2 9 8 468 492 491
962 2 2 9 8 668 669 667
963 2 2 9 8 484 485 458
964 2 2 9 8 957 1130 746
965 2 2 9 8 656 1253 655
966 2 2 9 8 531 1253 656
967 2 2 9 8 747 1321 825
968 2 2 9 8 355 378 357
969 2 2 9 8 457 458 410
970 2 2 9 8 400 1006 383
971 2 2 9 8 617 1066 847
972 2 2 9 8 1049 1321 1057
973 2 2 9 8 73 282 72
974 2 2 9 8 369 374 370
975 2 2 9 8 388 389 366
976 2 2 9 8 504 1005 506
977 2 2 9 8 718 1216 1192
978 2 2 9 8 406 438 437
979 2 2 9 8 838 974 912
980 2 2 9 8 188 982 187
981 2 2 9 8 581 1140 254
982 2 2 9 8 803 1230 719
983 2 2 9 8 393 852 397
984 2 2 9 8 610 1211 609
985 2 2 9 8 863 1141 427
986 2 2 9 8 198 945 197
987 2 2 9 8 297 582 581
988 2 2 9 8 714 874 594
989 2 2 9 8 216 1282 1212
990 2 2 9 8 787 1267 786
991 2 2 9 8 1205 1299 575
992 2 2 9 8 478 1167 985
993 2 2 9 8 772 1135 783
994 2 2 9 8 938 950 949
995 2 2 9 8 897 1196 896
996 2 2 9 8 502 1146 711
997 2 2 9 8 685 1054 841
998 2 2 9 8 476 1064 816
999 2 2 9 8 894 1227 893
1000 2 2 9 8 934 944 932
1001 2 2 9 8 770 771 767
1002 2 2 9 8 223 805 222
1003 2 2 9 8 417 1100 830
1004 2 2 9 8 932 944 274
1005 2 2 9 8 916 918 917
1006 2 2 9 8 949 960 938
1007 2 2 9 8 293 819 716
1008 2 2 9 8 486 1000 398
1009 2 2 9 8 526 537 525
1010 2 2 9 8 484 1193 520
1011 2 2 9 8 929 932 274
1012 2 2 9 8 276 1312 1011
1013 2 2 9 8 506 1005 552
1014 2 2 9 8 710 1185 937
1015 2 2 9 8 283 813 211
1016 2 2 9 8 404 406 405
1017 2 2 9 8 860 865 864
1018 2 2 9 8 859 862 861
1019 2 2 9 8 944 945 198
1020 2 2 9 8 197 945 270
1021 2 2 9 8 945 960 270
1022 2 2 9 8 270 960 949
1023 2 2 9 8 80 423 79
1024 2 2 9 8 593 738 707
1025 2 2 9 8 531 1279 464
1026 2 2 9 8 843 1264 748
1027 2 2 9 8 71 1105 70
1028 2 2 9 8 201 943 200
1029 2 2 9 8 830 831 256
1030 2 2 9 8 934 945 944
1031 2 2 9 8 1044 1119 627
1032 2 2 9 8 913 914 266
1033 2 2 9 8 390 391 389
1034 2 2 9 8 838 911 835
1035 2 2 9 8 385 784 765
1036 2 2 9 8 274 943 929
1037 2 2 9 8 205 562 204
1038 2 2 9 8 360 371 358
1039 2 2 9 8 657 1291 909
1040 2 2 9 8 1102 1234 781
1041 2 2 9 8 80 920 423
1042 2 2 9 8 935 960 934
1043 2 2 9 8 200 943 274
1044 2 2 9 8 927 961 923
1045 2 2 9 8 538 712 486
1046 2 2 9 8 681 994 679
1047 2 2 9 8 201 961 943
1048 2 2 9 8 921 922 291
1049 2 2 9 8 271 1302 828
1050 2 2 9 8 865 866 864
1051 2 2 9 8 203 921 291
1052 2 2 9 8 923 961 291
1053 2 2 9 8 934 960 945
1054 2 2 9 8 1012 1015 915
1055 2 2 9 8 938 960 935
1056 2 2 9 8 943 961 927
1057 2 2 9 8 914 915 266
1058 2 2 9 8 1040 1174 691
1059 2 2 9 8 730 883 728
1060 2 2 9 8 462 1322 461
1061 2 2 9 8 922 923 291
1062 2 2 9 8 865 867 866
1063 2 2 9 8 922 924 923
1064 2 2 9 8 867 868 866
1065 2 2 9 8 924 926 923
1066 2 2 9 8 922 925 924
1067 2 2 9 8 792 990 765
1068 2 2 9 8 926 927 923
1069 2 2 9 8 926 928 927
1070 2 2 9 8 928 929 927
1071 2 2 9 8 929 943 927
1072 2 2 9 8 928 930 929
1073 2 2 9 8 930 932 929
1074 2 2 9 8 928 931 930
1075 2 2 9 8 930 933 932
1076 2 2 9 8 933 934 932
1077 2 2 9 8 933 935 934
1078 2 2 9 8 933 936 935
1079 2 2 9 8 936 937 935
1080 2 2 9 8 937 938 935
1081 2 2 9 8 89 266 88
1082 2 2 9 8 197 270 196
1083 2 2 9 8 203 291 202
1084 2 2 9 8 199 944 198
1085 2 2 9 8 274 944 199
1086 2 2 9 8 93 264 92
1087 2 2 9 8 200 274 199
1088 2 2 9 8 84 946 83
1089 2 2 9 8 196 947 195
1090 2 2 9 8 949 950 948
1091 2 2 9 8 87 415 86
1092 2 2 9 8 270 947 196
1093 2 2 9 8 892 905 903
1094 2 2 9 8 903 904 891
1095 2 2 9 8 891 952 890
1096 2 2 9 8 892 903 891
1097 2 2 9 8 947 949 948
1098 2 2 9 8 81 920 80
1099 2 2 9 8 262 892 891
1100 2 2 9 8 195 947 416
1101 2 2 9 8 904 952 891
1102 2 2 9 8 86 953 85
1103 2 2 9 8 194 951 193
1104 2 2 9 8 91 413 90
1105 2 2 9 8 947 948 416
1106 2 2 9 8 270 949 947
1107 2 2 9 8 415 954 953
1108 2 2 9 8 195 416 194
1109 2 2 9 8 890 952 417
1110 2 2 9 8 954 957 956
1111 2 2 9 8 193 262 192
1112 2 2 9 8 192 890 191
1113 2 2 9 8 82 287 81
1114 2 2 9 8 83 955 82
1115 2 2 9 8 85 272 84
1116 2 2 9 8 954 956 953
1117 2 2 9 8 958 959 905
1118 2 2 9 8 262 891 890
1119 2 2 9 8 892 958 905
1120 2 2 9 8 415 953 86
1121 2 2 9 8 416 951 194
1122 2 2 9 8 193 951 262
1123 2 2 9 8 262 951 892
1124 2 2 9 8 272 946 84
1125 2 2 9 8 946 955 83
1126 2 2 9 8 85 953 272
1127 2 2 9 8 262 890 192
1128 2 2 9 8 287 920 81
1129 2 2 9 8 953 956 272
1130 2 2 9 8 82 955 287
1131 2 2 9 8 948 959 958
1132 2 2 9 8 948 958 416
1133 2 2 9 8 950 959 948
1134 2 2 9 8 416 958 951
1135 2 2 9 8 951 958 892
1136 2 2 9 8 402 404 403
1137 2 2 9 8 553 1268 505
1138 2 2 9 8 202 961 201
1139 2 2 9 8 291 961 202
1140 2 2 9 8 837 838 835
1141 2 2 9 8 560 973 816
1142 2 2 9 8 659 753 662
1143 2 2 9 8 836 837 835
1144 2 2 9 8 361 365 363
1145 2 2 9 8 986 987 681
1146 2 2 9 8 664 666 665
1147 2 2 9 8 921 964 922
1148 2 2 9 8 204 921 203
1149 2 2 9 8 562 965 964
1150 2 2 9 8 1008 1009 856
1151 2 2 9 8 159 715 158
1152 2 2 9 8 145 254 144
1153 2 2 9 8 184 409 183
1154 2 2 9 8 170 483 169
1155 2 2 9 8 174 298 173
1156 2 2 9 8 110 963 109
1157 2 2 9 8 111 382 110
1158 2 2 9 8 121 253 120
1159 2 2 9 8 131 395 130
1160 2 2 9 8 165 252 164
1161 2 2 9 8 868 1118 1027
1162 2 2 9 8 922 964 925
1163 2 2 9 8 762 1139 463
1164 2 2 9 8 331 368 330
1165 2 2 9 8 849 1206 258
1166 2 2 9 8 680 1157 978
1167 2 2 9 8 562 921 204
1168 2 2 9 8 362 881 360
1169 2 2 9 8 678 718 676
1170 2 2 9 8 562 964 921
1171 2 2 9 8 644 1261 542
1172 2 2 9 8 835 911 264
1173 2 2 9 8 834 836 835
1174 2 2 9 8 392 393 391
1175 2 2 9 8 1136 1202 836
1176 2 2 9 8 347 1101 1030
1177 2 2 9 8 382 963 110
1178 2 2 9 8 245 687 140
1179 2 2 9 8 715 966 158
1180 2 2 9 8 839 1112 475
1181 2 2 9 8 683 986 681
1182 2 2 9 8 760 1112 839
1183 2 2 9 8 973 1274 760
1184 2 2 9 8 765 990 766
1185 2 2 9 8 313 1196 314
1186 2 2 9 8 774 775 773
1187 2 2 9 8 485 1324 512
1188 2 2 9 8 579 1175 1059
1189 2 2 9 8 552 1155 614
1190 2 2 9 8 672 1016 671
1191 2 2 9 8 263 1216 96
1192 2 2 9 8 739 1198 971
1193 2 2 9 8 965 969 964
1194 2 2 9 8 886 1134 1065
1195 2 2 9 8 502 711 504
1196 2 2 9 8 559 1099 1007
1197 2 2 9 8 964 969 925
1198 2 2 9 8 744 1177 469
1199 2 2 9 8 287 1034 920
1200 2 2 9 8 290 698 135
1201 2 2 9 8 77 634 76
1202 2 2 9 8 249 1114 631
1203 2 2 9 8 671 887 669
1204 2 2 9 8 329 331 330
1205 2 2 9 8 1011 1173 1010
1206 2 2 9 8 334 875 396
1207 2 2 9 8 936 1241 524
1208 2 2 9 8 520 1289 484
1209 2 2 9 8 511 1289 520
1210 2 2 9 8 546 1054 467
1211 2 2 9 8 864 1022 751
1212 2 2 9 8 1094 1219 868
1213 2 2 9 8 963 970 109
1214 2 2 9 8 642 654 547
1215 2 2 9 8 517 519 518
1216 2 2 9 8 612 1166 1084
1217 2 2 9 8 506 552 551
1218 2 2 9 8 952 1100 417
1219 2 2 9 8 99 565 98
1220 2 2 9 8 265 1182 107
1221 2 2 9 8 511 1215 633
1222 2 2 9 8 834 835 264
1223 2 2 9 8 662 664 663
1224 2 2 9 8 709 1070 801
1225 2 2 9 8 488 489 460
1226 2 2 9 8 694 979 507
1227 2 2 9 8 132 395 131
1228 2 2 9 8 356 384 354
1229 2 2 9 8 498 1294 1022
1230 2 2 9 8 76 968 75
1231 2 2 9 8 464 1279 465
1232 2 2 9 8 1084 1086 612
1233 2 2 9 8 685 841 713
1234 2 2 9 8 290 900 700
1235 2 2 9 8 360 881 371
1236 2 2 9 8 695 1144 604
1237 2 2 9 8 680 683 681
1238 2 2 9 8 570 1231 846
1239 2 2 9 8 330 1003 444
1240 2 2 9 8 211 813 210
1241 2 2 9 8 352 473 350
1242 2 2 9 8 737 1319 1286
1243 2 2 9 8 731 985 619
1244 2 2 9 8 680 978 683
1245 2 2 9 8 1004 1226 444
1246 2 2 9 8 369 370 364
1247 2 2 9 8 79 1017 78
1248 2 2 9 8 248 696 150
1249 2 2 9 8 122 253 121
1250 2 2 9 8 438 981 437
1251 2 2 9 8 470 1308 496
1252 2 2 9 8 651 1207 649
1253 2 2 9 8 557 1124 820
1254 2 2 9 8 712 1000 486
1255 2 2 9 8 907 1133 456
1256 2 2 9 8 267 1123 1026
1257 2 2 9 8 657 1038 379
1258 2 2 9 8 778 779 777
1259 2 2 9 8 318 319 317
1260 2 2 9 8 915 1015 266
1261 2 2 9 8 75 427 74
1262 2 2 9 8 266 1015 88
1263 2 2 9 8 87 1015 415
1264 2 2 9 8 782 795 781
1265 2 2 9 8 845 1286 1042
1266 2 2 9 8 634 968 76
1267 2 2 9 8 985 1167 323
1268 2 2 9 8 449 468 452
1269 2 2 9 8 434 1045 1014
1270 2 2 9 8 853 976 771
1271 2 2 9 8 591 1322 590
1272 2 2 9 8 535 536 534
1273 2 2 9 8 919 1012 915
1274 2 2 9 8 633 1324 511
1275 2 2 9 8 512 1324 633
1276 2 2 9 8 300 638 302
1277 2 2 9 8 974 1214 916
1278 2 2 9 8 514 517 516
1279 2 2 9 8 566 1006 400
1280 2 2 9 8 666 667 665
1281 2 2 9 8 987 994 681
1282 2 2 9 8 217 1282 216
1283 2 2 9 8 215 992 280
1284 2 2 9 8 1113 1239 841
1285 2 2 9 8 367 1028 402
1286 2 2 9 8 850 1293 71
1287 2 2 9 8 248 1043 802
1288 2 2 9 8 669 887 806
1289 2 2 9 8 752 1334 650
1290 2 2 9 8 751 1334 752
1291 2 2 9 8 705 1004 1003
1292 2 2 9 8 959 1224 905
1293 2 2 9 8 1043 1211 610
1294 2 2 9 8 320 321 319
1295 2 2 9 8 146 581 254
1296 2 2 9 8 753 1310 941
1297 2 2 9 8 210 983 209
1298 2 2 9 8 209 407 208
1299 2 2 9 8 617 1162 1066
1300 2 2 9 8 415 1012 954
1301 2 2 9 8 326 1301 472
1302 2 2 9 8 814 1326 587
1303 2 2 9 8 789 1329 1159
1304 2 2 9 8 480 1329 789
1305 2 2 9 8 445 894 893
1306 2 2 9 8 820 821 289
1307 2 2 9 8 469 1217 744
1308 2 2 9 8 632 731 619
1309 2 2 9 8 1017 1156 634
1310 2 2 9 8 984 1328 804
1311 2 2 9 8 376 1085 873
1312 2 2 9 8 538 732 712
1313 2 2 9 8 488 1296 489
1314 2 2 9 8 901 1188 278
1315 2 2 9 8 941 1310 563
1316 2 2 9 8 530 1294 497
1317 2 2 9 8 735 1145 848
1318 2 2 9 8 918 1214 1179
1319 2 2 9 8 585 627 620
1320 2 2 9 8 1072 1231 554
1321 2 2 9 8 346 1029 342
1322 2 2 9 8 1233 1303 1184
1323 2 2 9 8 329 330 328
1324 2 2 9 8 679 994 682
1325 2 2 9 8 112 382 111
1326 2 2 9 8 144 254 143
1327 2 2 9 8 780 1317 1097
1328 2 2 9 8 937 1186 710
1329 2 2 9 8 311 315 309
1330 2 2 9 8 820 1264 1091
1331 2 2 9 8 365 1028 363
1332 2 2 9 8 587 1326 584
1333 2 2 9 8 75 968 427
1334 2 2 9 8 533 535 534
1335 2 2 9 8 769 774 773
1336 2 2 9 8 879 1272 365
1337 2 2 9 8 726 824 494
1338 2 2 9 8 881 882 371
1339 2 2 9 8 166 252 165
1340 2 2 9 8 724 1261 737
1341 2 2 9 8 104 296 103
1342 2 2 9 8 114 631 113
1343 2 2 9 8 134 698 133
1344 2 2 9 8 163 1278 162
1345 2 2 9 8 36 257 35
1346 2 2 9 8 422 453 421
1347 2 2 9 8 183 409 182
1348 2 2 9 8 154 408 153
1349 2 2 9 8 124 247 123
1350 2 2 9 8 334 396 336
1351 2 2 9 8 307 431 305
1352 2 2 9 8 178 716 177
1353 2 2 9 8 171 483 170
1354 2 2 9 8 173 298 172
1355 2 2 9 8 322 324 321
1356 2 2 9 8 139 687 138
1357 2 2 9 8 532 1202 1136
1358 2 2 9 8 206 1237 1
1359 2 2 9 8 149 696 148
1360 2 2 9 8 1 1237 205
1361 2 2 9 8 414 1203 1093
1362 2 2 9 8 990 1115 774
1363 2 2 9 8 461 1322 1127
1364 2 2 9 8 1127 1322 591
1365 2 2 9 8 791 1123 790
1366 2 2 9 8 983 984 407
1367 2 2 9 8 1123 1330 1306
1368 2 2 9 8 831 854 256
1369 2 2 9 8 572 972 569
1370 2 2 9 8 351 376 353
1371 2 2 9 8 462 973 760
1372 2 2 9 8 35 997 34
1373 2 2 9 8 767 906 764
1374 2 2 9 8 459 460 425
1375 2 2 9 8 466 1176 1117
1376 2 2 9 8 349 991 351
1377 2 2 9 8 332 875 334
1378 2 2 9 8 522 523 519
1379 2 2 9 8 470 529 497
1380 2 2 9 8 926 1079 928
1381 2 2 9 8 410 852 393
1382 2 2 9 8 482 762 463
1383 2 2 9 8 688 1208 1045
1384 2 2 9 8 37 996 36
1385 2 2 9 8 832 1006 566
1386 2 2 9 8 34 419 33
1387 2 2 9 8 650 1334 530
1388 2 2 9 8 821 1232 810
1389 2 2 9 8 730 1158 962
1390 2 2 9 8 754 1226 848
1391 2 2 9 8 904 1008 952
1392 2 2 9 8 982 1248 187
1393 2 2 9 8 954 1013 957
1394 2 2 9 8 359 1062 361
1395 2 2 9 8 355 873 378
1396 2 2 9 8 599 602 601
1397 2 2 9 8 487 685 684
1398 2 2 9 8 567 568 566
1399 2 2 9 8 363 1028 367
1400 2 2 9 8 831 856 855
1401 2 2 9 8 88 1015 87
1402 2 2 9 8 554 566 400
1403 2 2 9 8 372 377 348
1404 2 2 9 8 475 1196 897
1405 2 2 9 8 568 1258 566
1406 2 2 9 8 38 418 37
1407 2 2 9 8 414 1093 833
1408 2 2 9 8 466 546 467
1409 2 2 9 8 1016 1313 671
1410 2 2 9 8 423 1017 79
1411 2 2 9 8 885 1335 371
1412 2 2 9 8 33 998 32
1413 2 2 9 8 317 1275 549
1414 2 2 9 8 880 1213 257
1415 2 2 9 8 497 1308 470
1416 2 2 9 8 1025 1102 962
1417 2 2 9 8 664 665 663
1418 2 2 9 8 561 619 528
1419 2 2 9 8 368 1003 330
1420 2 2 9 8 737 1261 1056
1421 2 2 9 8 1130 1199 744
1422 2 2 9 8 380 381 375
1423 2 2 9 8 987 1136 994
1424 2 2 9 8 669 806 670
1425 2 2 9 8 853 1121 976
1426 2 2 9 8 1093 1203 682
1427 2 2 9 8 356 1335 384
1428 2 2 9 8 353 354 352
1429 2 2 9 8 424 425 381
1430 2 2 9 8 956 1118 272
1431 2 2 9 8 726 1088 824
1432 2 2 9 8 351 991 376
1433 2 2 9 8 378 1191 357
1434 2 2 9 8 539 1267 720
1435 2 2 9 8 362 1071 881
1436 2 2 9 8 1140 1254 477
1437 2 2 9 8 327 328 326
1438 2 2 9 8 775 778 777
1439 2 2 9 8 335 1019 493
1440 2 2 9 8 338 341 340
1441 2 2 9 8 347 348 345
1442 2 2 9 8 596 1149 673
1443 2 2 9 8 361 1062 365
1444 2 2 9 8 722 1011 1010
1445 2 2 9 8 1117 1285 518
1446 2 2 9 8 902 1056 644
1447 2 2 9 8 774 977 775
1448 2 2 9 8 866 1022 864
1449 2 2 9 8 659 1310 753
1450 2 2 9 8 1172 1232 558
1451 2 2 9 8 602 1170 800
1452 2 2 9 8 918 1179 1178
1453 2 2 9 8 341 343 342
1454 2 2 9 8 39 1001 38
1455 2 2 9 8 779 782 781
1456 2 2 9 8 521 1292 519
1457 2 2 9 8 209 983 407
1458 2 2 9 8 137 900 290
1459 2 2 9 8 374 375 370
1460 2 2 9 8 335 493 333
1461 2 2 9 8 339 345 337
1462 2 2 9 8 564 657 379
1463 2 2 9 8 886 1287 396
1464 2 2 9 8 774 1115 977
1465 2 2 9 8 384 1335 885
1466 2 2 9 8 860 1034 865
1467 2 2 9 8 611 612 246
1468 2 2 9 8 467 1054 487
1469 2 2 9 8 464 1253 531
1470 2 2 9 8 479 533 499
1471 2 2 9 8 487 684 538
1472 2 2 9 8 302 1073 304
1473 2 2 9 8 619 1055 528
1474 2 2 9 8 647 851 646
1475 2 2 9 8 1045 1208 1014
1476 2 2 9 8 937 1185 938
1477 2 2 9 8 574 575 572
1478 2 2 9 8 834 1093 1081
1479 2 2 9 8 321 1316 445
1480 2 2 9 8 659 662 660
1481 2 2 9 8 841 992 713
1482 2 2 9 8 1012 1013 954
1483 2 2 9 8 919 1013 1012
1484 2 2 9 8 439 440 438
1485 2 2 9 8 957 1027 956
1486 2 2 9 8 571 572 569
1487 2 2 9 8 254 1140 477
1488 2 2 9 8 536 759 534
1489 2 2 9 8 162 1278 611
1490 2 2 9 8 402 1028 697
1491 2 2 9 8 562 1237 965
1492 2 2 9 8 343 366 344
1493 2 2 9 8 861 1034 860
1494 2 2 9 8 778 980 779
1495 2 2 9 8 1150 1320 588
1496 2 2 9 8 539 540 523
1497 2 2 9 8 447 1088 883
1498 2 2 9 8 351 353 352
1499 2 2 9 8 985 1305 478
1500 2 2 9 8 32 1002 31
1501 2 2 9 8 1157 1209 978
1502 2 2 9 8 284 501 500
1503 2 2 9 8 429 1070 808
1504 2 2 9 8 662 663 660
1505 2 2 9 8 782 796 795
1506 2 2 9 8 493 1019 989
1507 2 2 9 8 316 317 315
1508 2 2 9 8 1003 1004 444
1509 2 2 9 8 1076 1147 286
1510 2 2 9 8 652 1248 982
1511 2 2 9 8 685 686 684
1512 2 2 9 8 775 977 778
1513 2 2 9 8 656 1214 974
1514 2 2 9 8 874 1277 1182
1515 2 2 9 8 125 500 247
1516 2 2 9 8 296 993 103
1517 2 2 9 8 680 681 679
1518 2 2 9 8 593 707 706
1519 2 2 9 8 524 1311 936
1520 2 2 9 8 393 397 394
1521 2 2 9 8 600 625 598
1522 2 2 9 8 73 1141 282
1523 2 2 9 8 399 1194 704
1524 2 2 9 8 641 874 734
1525 2 2 9 8 991 1195 376
1526 2 2 9 8 325 326 324
1527 2 2 9 8 624 721 541
1528 2 2 9 8 364 1071 362
1529 2 2 9 8 487 538 486
1530 2 2 9 8 615 651 649
1531 2 2 9 8 1178 1183 918
1532 2 2 9 8 745 1183 1178
1533 2 2 9 8 983 1161 984
1534 2 2 9 8 451 479 471
1535 2 2 9 8 854 1288 982
1536 2 2 9 8 246 758 161
1537 2 2 9 8 128 757 613
1538 2 2 9 8 683 1089 988
1539 2 2 9 8 833 1093 834
1540 2 2 9 8 161 611 246
1541 2 2 9 8 167 756 250
1542 2 2 9 8 842 843 430
1543 2 2 9 8 646 1198 645
1544 2 2 9 8 779 980 782
1545 2 2 9 8 304 412 306
1546 2 2 9 8 776 1213 880
1547 2 2 9 8 665 939 663
1548 2 2 9 8 1148 1154 1076
1549 2 2 9 8 570 846 573
1550 2 2 9 8 529 615 530
1551 2 2 9 8 825 1321 1049
1552 2 2 9 8 942 1030 1029
1553 2 2 9 8 387 422 421
1554 2 2 9 8 998 1317 780
1555 2 2 9 8 577 1205 575
1556 2 2 9 8 727 1103 729
1557 2 2 9 8 759 1307 1018
1558 2 2 9 8 257 997 35
1559 2 2 9 8 533 534 499
1560 2 2 9 8 660 661 658
1561 2 2 9 8 443 451 450
1562 2 2 9 8 477 1254 1092
1563 2 2 9 8 687 900 138
1564 2 2 9 8 763 1329 480
1565 2 2 9 8 28 1024 27
1566 2 2 9 8 564 659 658
1567 2 2 9 8 559 818 490
1568 2 2 9 8 933 1241 936
1569 2 2 9 8 931 1241 930
1570 2 2 9 8 881 1314 882
1571 2 2 9 8 588 589 587
1572 2 2 9 8 351 352 350
1573 2 2 9 8 814 1254 1140
1574 2 2 9 8 397 466 398
1575 2 2 9 8 1088 1263 824
1576 2 2 9 8 36 996 257
1577 2 2 9 8 608 695 604
1578 2 2 9 8 950 1067 959
1579 2 2 9 8 402 697 404
1580 2 2 9 8 771 906 767
1581 2 2 9 8 711 1146 1126
1582 2 2 9 8 31 259 30
1583 2 2 9 8 304 1073 412
1584 2 2 9 8 41 258 40
1585 2 2 9 8 661 1271 884
1586 2 2 9 8 981 1078 437
1587 2 2 9 8 777 1097 776
1588 2 2 9 8 282 1207 850
1589 2 2 9 8 641 1277 874
1590 2 2 9 8 34 997 419
1591 2 2 9 8 370 1071 364
1592 2 2 9 8 406 439 438
1593 2 2 9 8 546 1113 1054
1594 2 2 9 8 527 528 482
1595 2 2 9 8 586 587 584
1596 2 2 9 8 669 670 667
1597 2 2 9 8 994 1081 682
1598 2 2 9 8 575 1299 572
1599 2 2 9 8 467 486 398
1600 2 2 9 8 345 1019 337
1601 2 2 9 8 1097 1213 776
1602 2 2 9 8 623 897 896
1603 2 2 9 8 592 593 265
1604 2 2 9 8 751 1294 530
1605 2 2 9 8 332 1058 875
1606 2 2 9 8 611 1166 612
1607 2 2 9 8 677 678 676
1608 2 2 9 8 30 1025 29
1609 2 2 9 8 576 577 575
1610 2 2 9 8 78 1257 4
1611 2 2 9 8 349 1083 991
1612 2 2 9 8 1161 1328 984
1613 2 2 9 8 42 1020 41
1614 2 2 9 8 441 442 440
1615 2 2 9 8 596 673 595
1616 2 2 9 8 418 996 37
1617 2 2 9 8 682 1203 678
1618 2 2 9 8 719 1021 540
1619 2 2 9 8 674 1192 1175
1620 2 2 9 8 447 1263 1088
1621 2 2 9 8 471 1063 450
1622 2 2 9 8 813 983 210
1623 2 2 9 8 308 1060 310
1624 2 2 9 8 419 998 33
1625 2 2 9 8 372 379 377
1626 2 2 9 8 1054 1113 841
1627 2 2 9 8 349 351 350
1628 2 2 9 8 1063 1124 1104
1629 2 2 9 8 327 329 328
1630 2 2 9 8 564 658 657
1631 2 2 9 8 29 428 28
1632 2 2 9 8 633 1215 903
1633 2 2 9 8 454 907 453
1634 2 2 9 8 679 682 678
1635 2 2 9 8 686 1221 684
1636 2 2 9 8 251 1126 1032
1637 2 2 9 8 171 1147 483
1638 2 2 9 8 4 1257 77
1639 2 2 9 8 578 579 577
1640 2 2 9 8 314 475 474
1641 2 2 9 8 27 1041 26
1642 2 2 9 8 928 1079 931
1643 2 2 9 8 704 1233 1184
1644 2 2 9 8 659 660 658
1645 2 2 9 8 489 525 490
1646 2 2 9 8 1104 1124 557
1647 2 2 9 8 43 432 42
1648 2 2 9 8 343 344 342
1649 2 2 9 8 834 1081 836
1650 2 2 9 8 499 558 471
1651 2 2 9 8 347 372 348
1652 2 2 9 8 924 1297 926
1653 2 2 9 8 310 1060 313
1654 2 2 9 8 830 1100 831
1655 2 2 9 8 655 1253 464
1656 2 2 9 8 552 614 551
1657 2 2 9 8 467 487 486
1658 2 2 9 8 372 563 379
1659 2 2 9 8 439 545 441
1660 2 2 9 8 519 1292 522
1661 2 2 9 8 389 544 366
1662 2 2 9 8 831 1100 856
1663 2 2 9 8 969 1276 925
1664 2 2 9 8 119 1153 118
1665 2 2 9 8 894 1244 614
1666 2 2 9 8 1000 1087 394
1667 2 2 9 8 393 394 391
1668 2 2 9 8 728 1088 726
1669 2 2 9 8 341 342 340
1670 2 2 9 8 443 449 442
1671 2 2 9 8 846 1231 1072
1672 2 2 9 8 399 704 401
1673 2 2 9 8 308 1122 1060
1674 2 2 9 8 509 967 508
1675 2 2 9 8 375 495 370
1676 2 2 9 8 1126 1163 711
1677 2 2 9 8 327 1058 329
1678 2 2 9 8 880 1135 772
1679 2 2 9 8 796 1078 981
1680 2 2 9 8 822 1230 283
1681 2 2 9 8 51 1049 50
1682 2 2 9 8 550 553 505
1683 2 2 9 8 1067 1129 515
1684 2 2 9 8 17 1047 16
1685 2 2 9 8 686 1238 1221
1686 2 2 9 8 371 1223 885
1687 2 2 9 8 285 967 509
1688 2 2 9 8 349 350 346
1689 2 2 9 8 38 1001 418
1690 2 2 9 8 561 632 619
1691 2 2 9 8 44 1026 43
1692 2 2 9 8 523 1116 519
1693 2 2 9 8 479 499 471
1694 2 2 9 8 487 1054 685
1695 2 2 9 8 1014 1323 434
1696 2 2 9 8 344 346 342
1697 2 2 9 8 517 518 516
1698 2 2 9 8 337 1019 335
1699 2 2 9 8 675 676 674
1700 2 2 9 8 310 313 312
1701 2 2 9 8 1022 1219 498
1702 2 2 9 8 1063 1104 450
1703 2 2 9 8 1081 1093 682
1704 2 2 9 8 475 1112 474
1705 2 2 9 8 815 1223 882
1706 2 2 9 8 572 1299 1197
1707 2 2 9 8 886 1065 741
1708 2 2 9 8 20 1050 19
1709 2 2 9 8 458 852 410
1710 2 2 9 8 442 1263 440
1711 2 2 9 8 466 467 398
1712 2 2 9 8 18 1051 17
1713 2 2 9 8 207 1201 965
1714 2 2 9 8 685 713 686
1715 2 2 9 8 339 347 345
1716 2 2 9 8 478 1058 327
1717 2 2 9 8 277 1189 1010
1718 2 2 9 8 569 972 568
1719 2 2 9 8 530 1334 751
1720 2 2 9 8 884 1250 661
1721 2 2 9 8 887 1007 806
1722 2 2 9 8 707 1260 972
1723 2 2 9 8 50 1057 49
1724 2 2 9 8 514 516 513
1725 2 2 9 8 873 1273 378
1726 2 2 9 8 45 267 44
1727 2 2 9 8 427 1300 889
1728 2 2 9 8 563 564 379
1729 2 2 9 8 580 674 579
1730 2 2 9 8 762 1298 1139
1731 2 2 9 8 883 1088 728
1732 2 2 9 8 806 999 670
1733 2 2 9 8 14 435 13
1734 2 2 9 8 26 260 25
1735 2 2 9 8 15 1039 14
1736 2 2 9 8 57 434 56
1737 2 2 9 8 46 1035 45
1738 2 2 9 8 56 1046 55
1739 2 2 9 8 1275 1320 826
1740 2 2 9 8 344 349 346
1741 2 2 9 8 55 277 54
1742 2 2 9 8 16 279 15
1743 2 2 9 8 713 817 686
1744 2 2 9 8 1123 1306 790
1745 2 2 9 8 625 1149 598
1746 2 2 9 8 520 1193 1009
1747 2 2 9 8 25 1042 24
1748 2 2 9 8 52 276 51
1749 2 2 9 8 19 278 18
1750 2 2 9 8 371 1335 358
1751 2 2 9 8 47 436 46
1752 2 2 9 8 422 454 453
1753 2 2 9 8 1251 1279 532
1754 2 2 9 8 425 426 381
1755 2 2 9 8 187 1248 639
1756 2 2 9 8 1099 1168 1007
1757 2 2 9 8 998 1002 32
1758 2 2 9 8 451 471 450
1759 2 2 9 8 24 433 23
1760 2 2 9 8 818 1107 490
1761 2 2 9 8 404 1033 406
1762 2 2 9 8 1164 1260 707
1763 2 2 9 8 427 1141 74
1764 2 2 9 8 48 1052 47
1765 2 2 9 8 439 441 440
1766 2 2 9 8 831 855 854
1767 2 2 9 8 1057 1321 268
1768 2 2 9 8 23 1053 22
1769 2 2 9 8 433 1286 1053
1770 2 2 9 8 397 398 394
1771 2 2 9 8 1176 1285 1117
1772 2 2 9 8 905 1224 633
1773 2 2 9 8 651 1293 1207
1774 2 2 9 8 49 268 48
1775 2 2 9 8 866 1219 1022
1776 2 2 9 8 489 490 460
1777 2 2 9 8 22 269 21
1778 2 2 9 8 318 320 319
1779 2 2 9 8 543 630 629
1780 2 2 9 8 627 755 620
1781 2 2 9 8 792 1115 990
1782 2 2 9 8 667 1061 665
1783 2 2 9 8 1294 1308 497
1784 2 2 9 8 495 1071 370
1785 2 2 9 8 832 1114 249
1786 2 2 9 8 882 1314 1023
1787 2 2 9 8 1068 1295 626
1788 2 2 9 8 373 1325 369
1789 2 2 9 8 443 450 449
1790 2 2 9 8 272 1118 946
1791 2 2 9 8 962 1158 428
1792 2 2 9 8 359 1191 1062
1793 2 2 9 8 1018 1172 759
1794 2 2 9 8 692 693 507
1795 2 2 9 8 441 443 442
1796 2 2 9 8 436 1037 1036
1797 2 2 9 8 804 1276 984
1798 2 2 9 8 909 910 908
1799 2 2 9 8 377 1038 387
1800 2 2 9 8 379 1038 377
1801 2 2 9 8 522 1292 1080
1802 2 2 9 8 320 322 321
1803 2 2 9 8 456 1133 470
1804 2 2 9 8 717 1006 832
1805 2 2 9 8 558 1063 471
1806 2 2 9 8 71 1293 1105
1807 2 2 9 8 800 1120 602
1808 2 2 9 8 602 603 601
1809 2 2 9 8 454 909 908
1810 2 2 9 8 820 1124 821
1811 2 2 9 8 1084 1166 301
1812 2 2 9 8 789 1159 976
1813 2 2 9 8 516 703 513
1814 2 2 9 8 722 1171 1011
1815 2 2 9 8 325 478 327
1816 2 2 9 8 468 557 492
1817 2 2 9 8 684 1243 538
1818 2 2 9 8 286 1148 1076
1819 2 2 9 8 338 339 337
1820 2 2 9 8 976 1121 791
1821 2 2 9 8 336 337 335
1822 2 2 9 8 703 1285 1176
1823 2 2 9 8 950 1185 1067
1824 2 2 9 8 338 340 339
1825 2 2 9 8 336 338 337
1826 2 2 9 8 509 510 285
1827 2 2 9 8 1018 1232 1172
1828 2 2 9 8 1081 1136 836
1829 2 2 9 8 208 1201 207
1830 2 2 9 8 334 336 335
1831 2 2 9 8 245 1092 844
1832 2 2 9 8 245 844 739
1833 2 2 9 8 677 679 678
1834 2 2 9 8 403 1229 373
1835 2 2 9 8 1229 1325 373
1836 2 2 9 8 786 1267 539
1837 2 2 9 8 723 1331 708
1838 2 2 9 8 589 647 646
1839 2 2 9 8 626 1098 625
1840 2 2 9 8 720 1267 1220
1841 2 2 9 8 1220 1267 787
1842 2 2 9 8 1075 1076 1074
1843 2 2 9 8 13 1090 12
1844 2 2 9 8 700 971 701
1845 2 2 9 8 58 1045 57
1846 2 2 9 8 334 335 333
1847 2 2 9 8 325 327 326
1848 2 2 9 8 284 502 501
1849 2 2 9 8 621 1248 652
1850 2 2 9 8 316 318 317
1851 2 2 9 8 842 1165 843
1852 2 2 9 8 790 1181 788
1853 2 2 9 8 851 1262 646
1854 2 2 9 8 454 908 907
1855 2 2 9 8 848 1226 735
1856 2 2 9 8 1131 1132 281
1857 2 2 9 8 554 567 566
1858 2 2 9 8 1221 1243 684
1859 2 2 9 8 701 702 699
1860 2 2 9 8 366 1083 344
1861 2 2 9 8 665 1061 939
1862 2 2 9 8 670 1061 667
1863 2 2 9 8 273 1282 217
1864 2 2 9 8 284 1146 502
1865 2 2 9 8 470 1133 529
1866 2 2 9 8 658 1291 657
1867 2 2 9 8 677 680 679
1868 2 2 9 8 357 1191 359
1869 2 2 9 8 314 1196 475
1870 2 2 9 8 869 1273 723
1871 2 2 9 8 687 1143 900
1872 2 2 9 8 643 709 537
1873 2 2 9 8 31 1002 259
1874 2 2 9 8 1069 1131 616
1875 2 2 9 8 1156 1266 862
1876 2 2 9 8 290 700 699
1877 2 2 9 8 387 1038 422
1878 2 2 9 8 675 677 676
1879 2 2 9 8 1047 1174 279
1880 2 2 9 8 962 1102 795
1881 2 2 9 8 544 1083 366
1882 2 2 9 8 322 325 324
1883 2 2 9 8 1098 1154 625
1884 2 2 9 8 598 1149 596
1885 2 2 9 8 332 334 333
1886 2 2 9 8 697 1033 404
1887 2 2 9 8 1029 1101 340
1888 2 2 9 8 313 314 312
1889 2 2 9 8 721 1116 541
1890 2 2 9 8 896 1187 623
1891 2 2 9 8 566 1258 832
1892 2 2 9 8 748 1225 843
1893 2 2 9 8 268 1255 1052
1894 2 2 9 8 939 1271 663
1895 2 2 9 8 406 1033 439
1896 2 2 9 8 643 1070 709
1897 2 2 9 8 600 626 625
1898 2 2 9 8 519 1116 518
1899 2 2 9 8 268 1321 1255
1900 2 2 9 8 311 316 315
1901 2 2 9 8 439 1033 545
1902 2 2 9 8 320 323 322
1903 2 2 9 8 980 1078 782
1904 2 2 9 8 919 1199 1013
1905 2 2 9 8 704 1184 811
1906 2 2 9 8 884 1271 939
1907 2 2 9 8 567 569 568
1908 2 2 9 8 608 895 695
1909 2 2 9 8 817 1238 686
1910 2 2 9 8 782 1078 796
1911 2 2 9 8 571 574 572
1912 2 2 9 8 314 463 312
1913 2 2 9 8 700 1143 971
1914 2 2 9 8 631 1114 749
1915 2 2 9 8 586 588 587
1916 2 2 9 8 1075 1147 1076
1917 2 2 9 8 846 847 573
1918 2 2 9 8 391 1087 389
1919 2 2 9 8 1030 1101 1029
1920 2 2 9 8 525 559 490
1921 2 2 9 8 502 504 503
1922 2 2 9 8 1064 1065 632
1923 2 2 9 8 12 689 11
1924 2 2 9 8 59 688 58
1925 2 2 9 8 674 1175 579
1926 2 2 9 8 867 1242 955
1927 2 2 9 8 1018 1307 273
1928 2 2 9 8 462 1247 973
1929 2 2 9 8 698 1265 251
1930 2 2 9 8 622 623 607
1931 2 2 9 8 39 1206 1001
1932 2 2 9 8 259 1025 30
1933 2 2 9 8 96 1269 95
1934 2 2 9 8 638 1077 1075
1935 2 2 9 8 74 1141 73
1936 2 2 9 8 611 1278 1166
1937 2 2 9 8 636 637 510
1938 2 2 9 8 344 1083 349
1939 2 2 9 8 41 1020 258
1940 2 2 9 8 368 1209 1003
1941 2 2 9 8 549 1275 826
1942 2 2 9 8 939 1302 271
1943 2 2 9 8 693 694 507
1944 2 2 9 8 428 1024 28
1945 2 2 9 8 759 1172 534
1946 2 2 9 8 1013 1130 957
1947 2 2 9 8 580 705 675
1948 2 2 9 8 560 816 561
1949 2 2 9 8 365 1272 1028
1950 2 2 9 8 973 1247 736
1951 2 2 9 8 275 993 641
1952 2 2 9 8 310 311 309
1953 2 2 9 8 1024 1041 27
1954 2 2 9 8 1031 1142 653
1955 2 2 9 8 1017 1257 78
1956 2 2 9 8 161 758 160
1957 2 2 9 8 972 1197 707
1958 2 2 9 8 529 616 615
1959 2 2 9 8 129 757 128
1960 2 2 9 8 540 548 541
1961 2 2 9 8 580 675 674
1962 2 2 9 8 576 578 577
1963 2 2 9 8 449 1104 468
1964 2 2 9 8 389 1087 544
1965 2 2 9 8 308 309 307
1966 2 2 9 8 574 576 575
1967 2 2 9 8 474 482 463
1968 2 2 9 8 969 1201 407
1969 2 2 9 8 865 1242 867
1970 2 2 9 8 550 617 553
1971 2 2 9 8 282 850 72
1972 2 2 9 8 504 506 505
1973 2 2 9 8 968 1300 427
1974 2 2 9 8 925 1169 924
1975 2 2 9 8 381 1095 375
1976 2 2 9 8 168 756 167
1977 2 2 9 8 646 1262 971
1978 2 2 9 8 972 1260 568
1979 2 2 9 8 908 1069 907
1980 2 2 9 8 293 1235 819
1981 2 2 9 8 297 583 582
1982 2 2 9 8 971 1198 646
1983 2 2 9 8 548 624 541
1984 2 2 9 8 506 551 550
1985 2 2 9 8 306 307 305
1986 2 2 9 8 702 1265 699
1987 2 2 9 8 843 1225 430
1988 2 2 9 8 29 1025 428
1989 2 2 9 8 302 303 301
1990 2 2 9 8 412 1122 306
1991 2 2 9 8 634 1156 968
1992 2 2 9 8 704 811 401
1993 2 2 9 8 248 1211 1043
1994 2 2 9 8 804 1220 1169
1995 2 2 9 8 460 1107 425
1996 2 2 9 8 502 503 501
1997 2 2 9 8 563 1310 564
1998 2 2 9 8 304 305 303
1999 2 2 9 8 561 1064 632
2000 2 2 9 8 938 1185 950
2001 2 2 9 8 749 1164 292
2002 2 2 9 8 1001 1206 849
2003 2 2 9 8 474 1112 527
2004 2 2 9 8 432 1020 42
2005 2 2 9 8 1306 1336 743
2006 2 2 9 8 918 1183 917
2007 2 2 9 8 509 636 510
2008 2 2 9 8 310 312 311
2009 2 2 9 8 375 1095 495
2010 2 2 9 8 331 1245 368
2011 2 2 9 8 394 1087 391
2012 2 2 9 8 474 527 482
2013 2 2 9 8 797 1250 884
2014 2 2 9 8 450 1104 449
2015 2 2 9 8 578 580 579
2016 2 2 9 8 676 1192 674
2017 2 2 9 8 1162 1315 1066
2018 2 2 9 8 1034 1242 865
2019 2 2 9 8 583 585 584
2020 2 2 9 8 627 1119 755
2021 2 2 9 8 540 541 523
2022 2 2 9 8 585 620 586
2023 2 2 9 8 1060 1122 1068
2024 2 2 9 8 308 310 309
2025 2 2 9 8 418 1135 996
2026 2 2 9 8 906 1329 763
2027 2 2 9 8 610 1044 1043
2028 2 2 9 8 657 1160 1038
2029 2 2 9 8 810 1232 1018
2030 2 2 9 8 603 605 604
2031 2 2 9 8 652 653 622
2032 2 2 9 8 492 1091 543
2033 2 2 9 8 306 308 307
2034 2 2 9 8 426 1095 381
2035 2 2 9 8 771 1159 906
2036 2 2 9 8 755 826 620
2037 2 2 9 8 636 876 637
2038 2 2 9 8 54 1173 53
2039 2 2 9 8 397 1176 466
2040 2 2 9 8 614 995 551
2041 2 2 9 8 629 1165 691
2042 2 2 9 8 632 1134 731
2043 2 2 9 8 1220 1297 1169
2044 2 2 9 8 603 604 601
2045 2 2 9 8 314 474 463
2046 2 2 9 8 304 306 305
2047 2 2 9 8 407 1201 208
2048 2 2 9 8 279 1174 1040
2049 2 2 9 8 258 1206 40
2050 2 2 9 8 303 1084 301
2051 2 2 9 8 731 1305 985
2052 2 2 9 8 302 304 303
2053 2 2 9 8 454 1160 909
2054 2 2 9 8 823 1218 548
2055 2 2 9 8 708 1221 536
2056 2 2 9 8 1137 1148 286
2057 2 2 9 8 43 1026 432
2058 2 2 9 8 700 701 699
2059 2 2 9 8 701 1106 702
2060 2 2 9 8 583 584 582
2061 2 2 9 8 537 1099 525
2062 2 2 9 8 1127 1128 733
2063 2 2 9 8 805 1151 898
2064 2 2 9 8 499 1172 558
2065 2 2 9 8 425 1107 426
2066 2 2 9 8 1091 1264 630
2067 2 2 9 8 540 1021 548
2068 2 2 9 8 300 302 301
2069 2 2 9 8 836 1202 837
2070 2 2 9 8 287 1242 1034
2071 2 2 9 8 251 1163 1126
2072 2 2 9 8 621 652 622
2073 2 2 9 8 840 1142 1031
2074 2 2 9 8 560 561 528
2075 2 2 9 8 585 586 584
2076 2 2 9 8 732 1195 712
2077 2 2 9 8 504 505 503
2078 2 2 9 8 21 1204 20
2079 2 2 9 8 603 606 605
2080 2 2 9 8 259 1102 1025
2081 2 2 9 8 1069 1132 1131
2082 2 2 9 8 541 1116 523
2083 2 2 9 8 916 1214 918
2084 2 2 9 8 1007 1168 288
2085 2 2 9 8 432 1121 1020
2086 2 2 9 8 599 601 600
2087 2 2 9 8 40 1206 39
2088 2 2 9 8 458 1180 852
2089 2 2 9 8 893 1320 740
2090 2 2 9 8 26 1041 260
2091 2 2 9 8 1009 1193 733
2092 2 2 9 8 513 1249 514
2093 2 2 9 8 903 1215 904
2094 2 2 9 8 605 608 604
2095 2 2 9 8 816 1064 561
2096 2 2 9 8 593 706 594
2097 2 2 9 8 649 1207 857
2098 2 2 9 8 339 1101 347
2099 2 2 9 8 626 1295 1098
2100 2 2 9 8 445 1316 894
2101 2 2 9 8 17 1051 1047
2102 2 2 9 8 691 1200 1040
2103 2 2 9 8 574 735 576
2104 2 2 9 8 660 1271 661
2105 2 2 9 8 889 1300 862
2106 2 2 9 8 847 848 573
2107 2 2 9 8 185 692 409
2108 2 2 9 8 1049 1057 50
2109 2 2 9 8 868 1219 866
2110 2 2 9 8 588 1227 589
2111 2 2 9 8 446 1247 462
2112 2 2 9 8 506 550 505
2113 2 2 9 8 267 1026 44
2114 2 2 9 8 436 1052 1037
2115 2 2 9 8 340 1101 339
2116 2 2 9 8 332 333 331
2117 2 2 9 8 16 1047 279
2118 2 2 9 8 1221 1238 536
2119 2 2 9 8 276 1049 51
2120 2 2 9 8 634 1257 1017
2121 2 2 9 8 994 1136 1081
2122 2 2 9 8 630 1165 629
2123 2 2 9 8 205 1237 562
2124 2 2 9 8 625 1154 1149
2125 2 2 9 8 597 599 598
2126 2 2 9 8 529 1133 616
2127 2 2 9 8 570 571 569
2128 2 2 9 8 965 1201 969
2129 2 2 9 8 599 600 598
2130 2 2 9 8 1132 1259 281
2131 2 2 9 8 746 1318 1094
2132 2 2 9 8 567 570 569
2133 2 2 9 8 570 573 571
2134 2 2 9 8 19 1050 278
2135 2 2 9 8 760 1274 1112
2136 2 2 9 8 509 1086 636
2137 2 2 9 8 490 1107 460
2138 2 2 9 8 278 1051 18
2139 2 2 9 8 697 1246 1033
2140 2 2 9 8 45 1035 267
2141 2 2 9 8 280 1239 1218
2142 2 2 9 8 401 554 400
2143 2 2 9 8 216 1212 992
2144 2 2 9 8 1083 1228 991
2145 2 2 9 8 14 1039 435
2146 2 2 9 8 534 1172 499
2147 2 2 9 8 597 598 596
2148 2 2 9 8 434 1046 56
2149 2 2 9 8 279 1039 15
2150 2 2 9 8 436 1036 1035
2151 2 2 9 8 55 1046 277
2152 2 2 9 8 485 1180 458
2153 2 2 9 8 978 1209 368
2154 2 2 9 8 260 1042 25
2155 2 2 9 8 1052 1255 1037
2156 2 2 9 8 1056 1319 737
2157 2 2 9 8 1041 1103 260
2158 2 2 9 8 593 594 265
2159 2 2 9 8 557 1091 492
2160 2 2 9 8 436 1035 46
2161 2 2 9 8 1065 1134 632
2162 2 2 9 8 647 1155 851
2163 2 2 9 8 336 1287 338
2164 2 2 9 8 49 1057 268
2165 2 2 9 8 24 1042 433
2166 2 2 9 8 623 1187 607
2167 2 2 9 8 261 597 596
2168 2 2 9 8 47 1052 436
2169 2 2 9 8 930 1241 933
2170 2 2 9 8 1022 1294 751
2171 2 2 9 8 641 734 642
2172 2 2 9 8 955 1242 287
2173 2 2 9 8 1181 1306 743
2174 2 2 9 8 433 1053 23
2175 2 2 9 8 1023 1314 495
2176 2 2 9 8 800 1170 694
2177 2 2 9 8 976 1159 771
2178 2 2 9 8 268 1052 48
2179 2 2 9 8 706 714 594
2180 2 2 9 8 637 1111 510
2181 2 2 9 8 290 699 698
2182 2 2 9 8 22 1053 269
2183 2 2 9 8 399 401 400
2184 2 2 9 8 1003 1209 705
2185 2 2 9 8 440 1263 447
2186 2 2 9 8 817 1307 1238
2187 2 2 9 8 610 1111 1044
2188 2 2 9 8 358 1335 356
2189 2 2 9 8 399 400 383
2190 2 2 9 8 544 1228 1083
2191 2 2 9 8 468 1104 557
2192 2 2 9 8 318 1125 320
2193 2 2 9 8 862 1266 861
2194 2 2 9 8 703 1180 513
2195 2 2 9 8 245 739 687
2196 2 2 9 8 677 1157 680
2197 2 2 9 8 608 896 895
2198 2 2 9 8 426 1313 1016
2199 2 2 9 8 678 1203 718
2200 2 2 9 8 543 1091 630
2201 2 2 9 8 329 332 331
2202 2 2 9 8 279 1040 1039
2203 2 2 9 8 992 1212 713
2204 2 2 9 8 1195 1228 712
2205 2 2 9 8 1031 1290 591
2206 2 2 9 8 826 1320 1150
2207 2 2 9 8 621 622 607
2208 2 2 9 8 20 1204 1050
2209 2 2 9 8 1076 1154 1074
2210 2 2 9 8 1194 1233 704
2211 2 2 9 8 525 1099 559
2212 2 2 9 8 982 1288 652
2213 2 2 9 8 77 1257 634
2214 2 2 9 8 435 1090 13
2215 2 2 9 8 606 607 605
2216 2 2 9 8 57 1045 434
2217 2 2 9 8 707 1197 706
2218 2 2 9 8 300 301 299
2219 2 2 9 8 277 1173 54
2220 2 2 9 8 639 1110 255
2221 2 2 9 8 582 1140 581
2222 2 2 9 8 325 1167 478
2223 2 2 9 8 422 1160 454
2224 2 2 9 8 855 1327 854
2225 2 2 9 8 269 1204 21
2226 2 2 9 8 1175 1270 654
2227 2 2 9 8 1085 1331 723
2228 2 2 9 8 1033 1246 545
2229 2 2 9 8 709 1099 537
2230 2 2 9 8 320 1125 323
2231 2 2 9 8 546 1283 1113
2232 2 2 9 8 894 1316 1244
2233 2 2 9 8 898 1200 842
2234 2 2 9 8 478 1305 1058
2235 2 2 9 8 465 1279 1251
2236 2 2 9 8 606 621 607
2237 2 2 9 8 1038 1160 422
2238 2 2 9 8 719 1230 1021
2239 2 2 9 8 296 1277 993
2240 2 2 9 8 527 560 528
2241 2 2 9 8 809 1323 1014
2242 2 2 9 8 642 1059 654
2243 2 2 9 8 603 1120 606
2244 2 2 9 8 739 1143 687
2245 2 2 9 8 547 1082 3
2246 2 2 9 8 661 1291 658
2247 2 2 9 8 306 1122 308
2248 2 2 9 8 734 1059 642
2249 2 2 9 8 52 1312 276
2250 2 2 9 8 693 800 694
2251 2 2 9 8 257 1213 997
2252 2 2 9 8 673 1149 1148
2253 2 2 9 8 683 988 986
2254 2 2 9 8 463 1139 312
2255 2 2 9 8 430 1225 221
2256 2 2 9 8 709 1168 1099
2257 2 2 9 8 329 1058 332
2258 2 2 9 8 513 1180 485
2259 2 2 9 8 1077 1096 761
2260 2 2 9 8 713 1212 817
2261 2 2 9 8 882 1223 371
2262 2 2 9 8 538 1243 732
2263 2 2 9 8 900 1143 700
2264 2 2 9 8 614 1244 995
2265 2 2 9 8 301 1166 299
2266 2 2 9 8 1058 1305 875
2267 2 2 9 8 295 1096 300
2268 2 2 9 8 606 1110 621
2269 2 2 9 8 602 1120 603
2270 2 2 9 8 740 1320 1275
2271 2 2 9 8 564 1310 659
2272 2 2 9 8 1192 1216 263
2273 2 2 9 8 708 1243 1221
2274 2 2 9 8 536 1238 759
2275 2 2 9 8 627 1280 1044
2276 2 2 9 8 896 1196 895
2277 2 2 9 8 428 1158 1024
2278 2 2 9 8 1071 1314 881
2279 2 2 9 8 518 1285 516
2280 2 2 9 8 594 1182 265
2281 2 2 9 8 604 1144 601
2282 2 2 9 8 993 1277 641
2283 2 2 9 8 1216 1269 96
2284 2 2 9 8 813 1161 983
2285 2 2 9 8 819 1235 1170
2286 2 2 9 8 826 1150 620
2287 2 2 9 8 498 1219 1094
2288 2 2 9 8 53 1312 52
2289 2 2 9 8 503 1184 501
2290 2 2 9 8 333 1245 331
2291 2 2 9 8 622 1142 623
2292 2 2 9 8 828 1302 1061
2293 2 2 9 8 508 1281 509
2294 2 2 9 8 12 1090 689
2295 2 2 9 8 663 1271 660
2296 2 2 9 8 688 1045 58
2297 2 2 9 8 690 1309 1188
2298 2 2 9 8 705 1209 1157
2299 2 2 9 8 653 1142 622
2300 2 2 9 8 732 1331 1085
2301 2 2 9 8 641 642 640
2302 2 2 9 8 323 1167 322
2303 2 2 9 8 995 1244 750
2304 2 2 9 8 675 1157 677
2305 2 2 9 8 995 1162 551
2306 2 2 9 8 259 1234 1102
2307 2 2 9 8 848 1145 573
2308 2 2 9 8 312 1139 311
2309 2 2 9 8 589 1227 647
2310 2 2 9 8 512 513 485
2311 2 2 9 8 693 1109 800
2312 2 2 9 8 705 1157 675
2313 2 2 9 8 1046 1189 277
2314 2 2 9 8 1097 1317 419
2315 2 2 9 8 281 1259 69
2316 2 2 9 8 574 1145 735
2317 2 2 9 8 294 399 383
2318 2 2 9 8 1173 1312 53
2319 2 2 9 8 749 1260 1164
2320 2 2 9 8 1013 1199 1130
2321 2 2 9 8 620 1150 586
2322 2 2 9 8 673 1148 1137
2323 2 2 9 8 1238 1307 759
2324 2 2 9 8 1086 1281 612
2325 2 2 9 8 600 1144 626
2326 2 2 9 8 311 1139 316
2327 2 2 9 8 551 1162 550
2328 2 2 9 8 586 1150 588
2329 2 2 9 8 601 1144 600
2330 2 2 9 8 628 1333 901
2331 2 2 9 8 267 1330 1123
2332 2 2 9 8 572 1197 972
2333 2 2 9 8 322 1167 325
2334 2 2 9 8 298 1137 172
2335 2 2 9 8 278 1188 1051
2336 2 2 9 8 318 1298 1125
2337 2 2 9 8 1169 1276 804
2338 2 2 9 8 1021 1230 822
2339 2 2 9 8 1131 1337 616
2340 2 2 9 8 624 1283 721
2341 2 2 9 8 1170 1235 694
2342 2 2 9 8 1090 1151 689
2343 2 2 9 8 565 1190 97
2344 2 2 9 8 818 1313 1107
2345 2 2 9 8 571 1145 574
2346 2 2 9 8 396 1287 336
2347 2 2 9 8 1290 1327 855
2348 2 2 9 8 694 1235 979
2349 2 2 9 8 509 1281 1086
2350 2 2 9 8 505 1268 503
2351 2 2 9 8 971 1262 701
2352 2 2 9 8 1002 1234 259
2353 2 2 9 8 573 1145 571
2354 2 2 9 8 512 1249 513
2355 2 2 9 8 550 1162 617
2356 2 2 9 8 294 1194 399
2357 2 2 9 8 567 1231 570
2358 2 2 9 8 1163 1265 702
2359 2 2 9 8 142 1092 245
2360 2 2 9 8 275 641 640
2361 2 2 9 8 495 1314 1071
2362 2 2 9 8 612 1281 246
2363 2 2 9 8 701 1262 1106
2364 2 2 9 8 1184 1303 501
2365 2 2 9 8 1107 1313 426
2366 2 2 9 8 275 640 565
2367 2 2 9 8 246 1281 508
2368 2 2 9 8 250 1077 761
2369 2 2 9 8 1056 1261 644
2370 2 2 9 8 181 979 293
2371 2 2 9 8 1184 1268 811
2372 2 2 9 8 651 1236 1105
2373 2 2 9 8 653 1327 1031
2374 2 2 9 8 1111 1304 510
2375 2 2 9 8 1014 1208 807
2376 2 2 9 8 548 1218 624
2377 2 2 9 8 1028 1272 697
2378 2 2 9 8 294 383 253
2379 2 2 9 8 738 1164 707
2380 2 2 9 8 516 1285 703
2381 2 2 9 8 501 1303 500
2382 2 2 9 8 616 1337 615
2383 2 2 9 8 554 1231 567
2384 2 2 9 8 1032 1048 395
2385 2 2 9 8 832 1258 1114
2386 2 2 9 8 605 1187 608
2387 2 2 9 8 608 1187 896
2388 2 2 9 8 1306 1330 1036
2389 2 2 9 8 607 1187 605
2390 2 2 9 8 798 1259 1132
2391 2 2 9 8 412 1295 1122
2392 2 2 9 8 979 1235 293
2393 2 2 9 8 1282 1307 817
2394 2 2 9 8 419 1317 998
2395 2 2 9 8 854 1327 1288
2396 2 2 9 8 610 1304 1111
2397 2 2 9 8 2 639 255
2398 2 2 9 8 1128 1290 855
2399 2 2 9 8 1239 1283 624
2400 2 2 9 8 1288 1327 653
2401 2 2 9 8 295 300 299
2402 2 2 9 8 787 1297 1220
2403 2 2 9 8 395 1048 757
2404 2 2 9 8 576 1210 578
2405 2 2 9 8 408 1304 610
2406 2 2 9 8 1098 1295 412
2407 2 2 9 8 316 1298 318
2408 2 2 9 8 1048 1146 613
2409 2 2 9 8 1094 1318 498
2410 2 2 9 8 735 1210 576
2411 2 2 9 8 1050 1204 902
2412 2 2 9 8 991 1228 1195
2413 2 2 9 8 1040 1222 1039
2414 2 2 9 8 862 1300 1156
2415 2 2 9 8 1039 1222 435
2416 2 2 9 8 1188 1333 690
2417 2 2 9 8 1112 1274 527
2418 2 2 9 8 527 1274 560
2419 2 2 9 8 706 1299 714
2420 2 2 9 8 1037 1336 1036
2421 2 2 9 8 1035 1330 267
2422 2 2 9 8 898 1222 1200
2423 2 2 9 8 1061 1302 939
2424 2 2 9 8 584 1326 582
2425 2 2 9 8 251 1265 1163
2426 2 2 9 8 1200 1222 1040
2427 2 2 9 8 693 1284 1109
2428 2 2 9 8 692 1284 693
2429 2 2 9 8 699 1265 698
2430 2 2 9 8 1212 1282 817
2431 2 2 9 8 1202 1240 837
2432 2 2 9 8 1036 1330 1035
2433 2 2 9 8 1105 1293 651
2434 2 2 9 8 408 610 609
2435 2 2 9 8 102 993 275
2436 2 2 9 8 652 1288 653
2437 2 2 9 8 1092 1254 844
2438 2 2 9 8 615 1337 651
2439 2 2 9 8 521 1311 1292
2440 2 2 9 8 1292 1311 524
2441 2 2 9 8 1032 1126 1048
2442 2 2 9 8 1255 1256 1037
2443 2 2 9 8 1159 1329 906
2444 2 2 9 8 273 1307 1282
2445 2 2 9 8 1043 1280 802
2446 2 2 9 8 1220 1252 720
2447 2 2 9 8 804 1252 1220
2448 2 2 9 8 1044 1280 1043
2449 2 2 9 8 1125 1298 762
2450 2 2 9 8 498 1318 1308
2451 2 2 9 8 1308 1318 496
2452 2 2 9 8 925 1276 1169
2453 2 2 9 8 747 1256 1255
2454 2 2 9 8 1260 1332 568
2455 2 2 9 8 1197 1299 706
2456 2 2 9 8 295 299 252
2457 2 2 9 8 790 1306 1181
2458 2 2 9 8 1156 1300 968
2459 2 2 9 8 1047 1309 1174
2460 2 2 9 8 1082 1270 263
2461 2 2 9 8 1139 1298 316
2462 2 2 9 8 1169 1297 924
2463 2 2 9 8 1046 1323 1189
2464 2 2 9 8 1188 1309 1051
2465 2 2 9 8 1011 1312 1173
2466 2 2 9 8 1166 1278 299
2467 2 2 9 8 793 1304 408
2468 2 2 9 8 434 1323 1046
2469 2 2 9 8 995 1315 1162
2470 2 2 9 8 888 1233 1194
2471 2 2 9 8 1218 1239 624
2472 2 2 9 8 1122 1295 1068
2473 2 2 9 8 1113 1283 1239
2474 2 2 9 8 1051 1309 1047
2475 2 2 9 8 718 1269 1216
2476 2 2 9 8 472 1301 1066
2477 2 2 9 8 500 1303 247
2478 2 2 9 8 1106 1262 851
2479 2 2 9 8 281 1236 1131
2480 2 2 9 8 1140 1326 814
2481 2 2 9 8 1207 1293 850
2482 2 2 9 8 697 1272 1246
2483 2 2 9 8 1109 1284 255
2484 2 2 9 8 132 1032 395
2485 2 2 9 8 1031 1327 1290
2486 2 2 9 8 640 1190 565
2487 2 2 9 8 1066 1315 472
2488 2 2 9 8 1256 1336 1037
2489 2 2 9 8 503 1268 1184
2490 2 2 9 8 1036 1336 1306
2491 2 2 9 8 1174 1309 690
2492 2 2 9 8 117 249 116
2493 2 2 9 8 1255 1321 747
2494 2 2 9 8 152 1211 248
2495 2 2 9 8 247 1303 1233
2496 2 2 9 8 1246 1272 879
2497 2 2 9 8 651 1337 1236
2498 2 2 9 8 176 595 175
2499 2 2 9 8 383 1152 253
2500 2 2 9 8 1053 1319 269
2501 2 2 9 8 708 1331 1243
2502 2 2 9 8 1243 1331 732
2503 2 2 9 8 804 1328 1252
2504 2 2 9 8 749 1332 1260
2505 2 2 9 8 757 1048 613
2506 2 2 9 8 299 1278 252
2507 2 2 9 8 147 581 146
2508 2 2 9 8 1114 1332 749
2509 2 2 9 8 901 1333 1188
2510 2 2 9 8 247 1233 888
2511 2 2 9 8 582 1326 1140
2512 2 2 9 8 1258 1332 1114
2513 2 2 9 8 166 295 252
2514 2 2 9 8 1189 1323 809
2515 2 2 9 8 743 1336 1256
2516 2 2 9 8 1244 1316 750
2517 2 2 9 8 803 1328 1161
2518 2 2 9 8 186 692 185
2519 2 2 9 8 112 1138 382
2520 2 2 9 8 122 294 253
2521 2 2 9 8 250 761 167
2522 2 2 9 8 142 245 141
2523 2 2 9 8 1236 1337 1131
2524 2 2 9 8 1252 1328 803
2525 2 2 9 8 137 290 136
2526 2 2 9 8 152 248 151
2527 2 2 9 8 127 500 126
2528 2 2 9 8 568 1332 1258
2529 2 2 9 8 181 293 180
2530 2 2 9 8 409 507 182
2531 2 2 9 8 102 275 101
2532 2 2 9 8 247 888 123
2533 2 2 9 8 408 609 153
2534 2 2 9 8 156 975 155
2535 2 2 9 8 109 970 108
2536 2 2 9 8 158 966 157
2537 2 2 9 8 966 967 157
2538 2 2 9 8 508 967 966
2539 2 2 9 8 187 639 2
2540 2 2 9 8 3 1082 96
2541 2 2 9 8 103 993 102
2542 2 2 9 8 108 265 107
2543 2 2 9 8 113 292 112
2544 2 2 9 8 118 717 117
2545 2 2 9 8 123 888 122
2546 2 2 9 8 128 284 127
2547 2 2 9 8 133 251 132
2548 2 2 9 8 138 900 137
2549 2 2 9 8 143 1092 142
2550 2 2 9 8 148 297 147
2551 2 2 9 8 153 1211 152
2552 2 2 9 8 609 1211 153
2553 2 2 9 8 157 967 156
2554 2 2 9 8 162 611 161
2555 2 2 9 8 167 761 166
2556 2 2 9 8 172 286 171
2557 2 2 9 8 177 261 176
2558 2 2 9 8 182 979 181
2559 2 2 9 8 5 688 59
2560 2 2 9 8 60 688 5
2561 2 2 9 8 11 689 6
2562 2 2 9 8 6 689 223
2563 2 2 9 8 98 565 97
2564 2 2 9 8 97 1190 547
2565 2 2 9 8 100 565 99
2566 2 2 9 8 105 296 104
2567 2 2 9 8 106 296 105
2568 2 2 9 8 108 970 592
2569 2 2 9 8 115 631 114
2570 2 2 9 8 116 249 115
2571 2 2 9 8 122 1194 294
2572 2 2 9 8 888 1194 122
2573 2 2 9 8 125 247 124
2574 2 2 9 8 251 1032 132
2575 2 2 9 8 135 698 134
2576 2 2 9 8 140 687 139
2577 2 2 9 8 146 254 145
2578 2 2 9 8 150 696 149
2579 2 2 9 8 154 794 408
2580 2 2 9 8 156 967 285
2581 2 2 9 8 793 975 156
2582 2 2 9 8 164 252 163
2583 2 2 9 8 252 1278 163
2584 2 2 9 8 166 1096 295
2585 2 2 9 8 761 1096 166
2586 2 2 9 8 175 298 174
2587 2 2 9 8 179 716 178
2588 2 2 9 8 185 409 184
2589 2 2 9 8 255 692 186
2590 2 2 9 8 508 758 246
2591 2 2 9 8 1152 1153 253
2592 2 2 9 8 255 1284 692
2593 2 2 9 8 592 963 382
2594 2 2 9 8 408 794 793
2595 2 2 9 8 715 758 508
2596 2 2 9 8 799 1078 980
2597 2 2 9 8 986 1251 987
2598 2 2 7 17 1341 1352 1370
2599 2 2 7 17 1362 1342 1371
2600 2 2 7 17 241 1356 1357
2601 2 2 7 17 1356 242 1360
2602 2 2 7 17 1352 1341 1372
2603 2 2 7 17 1342 1362 1373
2604 2 2 7 17 241 242 1356
2605 2 2 7 17 1352 1351 1370
2606 2 2 7 17 1361 1362 1371
2607 2 2 7 17 1368 1359 1372
2608 2 2 7 17 1367 1369 1373
2609 2 2 7 17 1366 242 1367
2610 2 2 7 17 241 1358 1359
2611 2 2 7 17 1350 1349 1352
2612 2 2 7 17 1349 1338 1352
2613 2 2 7 17 1338 1349 1353
2614 2 2 7 17 234 1338 1353
2615 2 2 7 17 232 233 1339
2616 2 2 7 17 233 234 1353
2617 2 2 7 17 235 236 1351
2618 2 2 7 17 1338 235 1351
2619 2 2 7 17 234 235 1338
2620 2 2 7 17 1338 1351 1352
2621 2 2 7 17 232 1339 1343
2622 2 2 7 17 1343 1339 1344
2623 2 2 7 17 1355 1360 1366
2624 2 2 7 17 1344 1339 1345
2625 2 2 7 17 1343 1344 1346
2626 2 2 7 17 1344 1345 1347
2627 2 2 7 17 1347 1345 1348
2628 2 2 7 17 1348 1349 1350
2629 2 2 7 17 1348 1345 1349
2630 2 2 7 17 1348 1350 1358
2631 2 2 7 17 1357 1348 1358
2632 2 2 7 17 1358 1350 1359
2633 2 2 7 17 1347 1348 1357
2634 2 2 7 17 1345 1339 1353
2635 2 2 7 17 1356 1347 1357
2636 2 2 7 17 1349 1345 1353
2637 2 2 7 17 1354 1347 1356
2638 2 2 7 17 1346 1354 1355
2639 2 2 7 17 1344 1347 1354
2640 2 2 7 17 1346 1344 1354
2641 2 2 7 17 1339 233 1353
2642 2 2 7 17 1354 1356 1360
2643 2 2 7 17 1355 1354 1360
2644 2 2 7 17 228 229 1361
2645 2 2 7 17 230 231 1363
2646 2 2 7 17 231 232 1343
2647 2 2 7 17 229 230 1340
2648 2 2 7 17 1361 1340 1362
2649 2 2 7 17 1365 1366 1367
2650 2 2 7 17 1343 1346 1363
2651 2 2 7 17 229 1340 1361
2652 2 2 7 17 231 1343 1363
2653 2 2 7 17 1346 1355 1364
2654 2 2 7 17 1340 230 1363
2655 2 2 7 17 1362 1340 1364
2656 2 2 7 17 1363 1346 1364
2657 2 2 7 17 1340 1363 1364
2658 2 2 7 17 1365 1355 1366
2659 2 2 7 17 1364 1355 1365
2660 2 2 7 17 1362 1364 1365
2661 2 2 7 17 224 225 1369
2662 2 2 7 17 238 237 1368
2663 2 2 7 17 225 226 1342
2664 2 2 7 17 239 238 1341
2665 2 2 7 17 1350 1352 1372
2666 2 2 7 17 1362 1365 1373
2667 2 2 7 17 225 1342 1369
2668 2 2 7 17 1341 238 1368
2669 2 2 7 17 240 239 1370
2670 2 2 7 17 226 227 1371
2671 2 2 7 17 1369 1342 1373
2672 2 2 7 17 1341 1368 1372
2673 2 2 7 17 239 1341 1370
2674 2 2 7 17 1342 226 1371
2675 2 2 7 17 9 228 1374
2676 2 2 7 17 236 10 1375
2677 2 2 7 17 227 9 1374
2678 2 2 7 17 10 240 1375
2679 2 2 7 17 1359 1350 1372
2680 2 2 7 17 1365 1367 1373
2681 2 2 7 17 1351 236 1375
2682 2 2 7 17 228 1361 1374
2683 2 2 7 17 1360 242 1366
2684 2 2 7 17 241 1357 1358
2685 2 2 7 17 1370 1351 1375
2686 2 2 7 17 1361 1371 1374
2687 2 2 7 17 240 1370 1375
2688 2 2 7 17 1371 227 1374
2689 2 2 7 17 242 8 1367
2690 2 2 7 17 237 7 1368
2691 2 2 7 17 7 241 1359
2692 2 2 7 17 7 1359 1368
2693 2 2 7 17 8 224 1369
2694 2 2 7 17 1367 8 1369
2695 2 2 8 19 1434 1398 1450
2696 2 2 8 19 1396 152 1446
2697 2 2 8 19 183 184 1468
2698 2 2 8 19 1377 181 1459
2699 2 2 8 19 1414 1430 1470
2700 2 2 8 19 169 170 1473
2701 2 2 8 19 10 236 1426
2702 2 2 8 19 173 174 1409
2703 2 2 8 19 163 164 1410
2704 2 2 8 19 1491 97 1492
2705 2 2 8 19 152 1395 1446
2706 2 2 8 19 1389 1452 1471
2707 2 2 8 19 1407 177 1458
2708 2 2 8 19 244 10 1475
2709 2 2 8 19 1470 1430 1482
2710 2 2 8 19 1379 1406 1472
2711 2 2 8 19 181 1376 1459
2712 2 2 8 19 1438 1402 1439
2713 2 2 8 19 1456 1387 1490
2714 2 2 8 19 143 144 1501
2715 2 2 8 19 1448 232 1467
2716 2 2 8 19 1414 1418 1430
2717 2 2 8 19 105 106 1400
2718 2 2 8 19 1462 1391 1485
2719 2 2 8 19 1430 1418 1436
2720 2 2 8 19 1435 1412 1452
2721 2 2 8 19 1409 174 1421
2722 2 2 8 19 1410 164 1422
2723 2 2 8 19 1415 1416 1431
2724 2 2 8 19 100 1387 1492
2725 2 2 8 19 1427 235 1428
2726 2 2 8 19 1434 1397 1442
2727 2 2 8 19 1489 1416 1493
2728 2 2 8 19 1402 1438 1441
2729 2 2 8 19 173 1409 1423
2730 2 2 8 19 1435 1390 1484
2731 2 2 8 19 1409 1405 1423
2732 2 2 8 19 1408 1458 1460
2733 2 2 8 19 163 1410 1424
2734 2 2 8 19 228 9 1493
2735 2 2 8 19 1413 1417 1445
2736 2 2 8 19 1410 1403 1424
2737 2 2 8 19 133 1399 1450
2738 2 2 8 19 1378 1409 1421
2739 2 2 8 19 233 232 1417
2740 2 2 8 19 1387 1489 1491
2741 2 2 8 19 1428 1413 1437
2742 2 2 8 19 1379 172 1405
2743 2 2 8 19 144 1391 1501
2744 2 2 8 19 1464 1384 1481
2745 2 2 8 19 160 161 1495
2746 2 2 8 19 1398 1434 1442
2747 2 2 8 19 1404 1441 1483
2748 2 2 8 19 104 1400 1488
2749 2 2 8 19 1439 1402 1472
2750 2 2 8 19 1446 1395 1455
2751 2 2 8 19 1452 1389 1453
2752 2 2 8 19 1401 1402 1440
2753 2 2 8 19 175 1378 1421
2754 2 2 8 19 1382 162 1403
2755 2 2 8 19 1398 133 1450
2756 2 2 8 19 171 1379 1473
2757 2 2 8 19 1381 1440 1441
2758 2 2 8 19 1466 244 1475
2759 2 2 8 19 1434 1412 1435
2760 2 2 8 19 243 1489 1493
2761 2 2 8 19 1383 160 1495
2762 2 2 8 19 1464 1400 1469
2763 2 2 8 19 145 146 1391
2764 2 2 8 19 1454 1393 1476
2765 2 2 8 19 1390 1452 1453
2766 2 2 8 19 1472 1406 1500
2767 2 2 8 19 1397 1435 1484
2768 2 2 8 19 1446 1417 1447
2769 2 2 8 19 1427 1439 1500
2770 2 2 8 19 1411 231 1419
2771 2 2 8 19 131 132 1442
2772 2 2 8 19 1414 229 1418
2773 2 2 8 19 1412 230 1420
2774 2 2 8 19 229 1415 1418
2775 2 2 8 19 125 126 1390
2776 2 2 8 19 231 1412 1419
2777 2 2 8 19 174 175 1421
2778 2 2 8 19 164 165 1422
2779 2 2 8 19 235 234 1428
2780 2 2 8 19 1390 1435 1452
2781 2 2 8 19 115 116 1386
2782 2 2 8 19 230 1414 1420
2783 2 2 8 19 1397 1434 1435
2784 2 2 8 19 1397 131 1442
2785 2 2 8 19 123 124 1453
2786 2 2 8 19 103 104 1488
2787 2 2 8 19 1447 1448 1462
2788 2 2 8 19 232 231 1411
2789 2 2 8 19 1419 1434 1450
2790 2 2 8 19 136 137 1399
2791 2 2 8 19 1452 1420 1471
2792 2 2 8 19 231 230 1412
2793 2 2 8 19 186 1466 1468
2794 2 2 8 19 1433 1432 1476
2795 2 2 8 19 234 233 1413
2796 2 2 8 19 230 229 1414
2797 2 2 8 19 229 228 1415
2798 2 2 8 19 135 136 1399
2799 2 2 8 19 1399 137 1451
2800 2 2 8 19 124 1390 1453
2801 2 2 8 19 1384 1464 1469
2802 2 2 8 19 1426 1425 1449
2803 2 2 8 19 98 99 1492
2804 2 2 8 19 1387 1456 1489
2805 2 2 8 19 177 1377 1458
2806 2 2 8 19 1425 1427 1500
2807 2 2 8 19 1413 233 1417
2808 2 2 8 19 1412 1420 1452
2809 2 2 8 19 1415 228 1416
2810 2 2 8 19 122 1389 1496
2811 2 2 8 19 100 101 1387
2812 2 2 8 19 1409 1378 1494
2813 2 2 8 19 167 168 1380
2814 2 2 8 19 157 158 1383
2815 2 2 8 19 155 156 1394
2816 2 2 8 19 118 119 1388
2817 2 2 8 19 128 129 1397
2818 2 2 8 19 177 178 1377
2819 2 2 8 19 108 109 1384
2820 2 2 8 19 138 139 1393
2821 2 2 8 19 148 149 1396
2822 2 2 8 19 1449 1458 1459
2823 2 2 8 19 1447 1417 1448
2824 2 2 8 19 236 235 1425
2825 2 2 8 19 1447 1462 1485
2826 2 2 8 19 121 122 1496
2827 2 2 8 19 1488 1456 1490
2828 2 2 8 19 1440 1402 1441
2829 2 2 8 19 1458 1449 1460
2830 2 2 8 19 1449 1459 1465
2831 2 2 8 19 1451 137 1454
2832 2 2 8 19 1448 1433 1478
2833 2 2 8 19 1379 1472 1473
2834 2 2 8 19 1455 1394 1457
2835 2 2 8 19 1466 1376 1468
2836 2 2 8 19 1391 1462 1501
2837 2 2 8 19 161 1382 1495
2838 2 2 8 19 234 1413 1428
2839 2 2 8 19 232 1411 1467
2840 2 2 8 19 1388 120 1496
2841 2 2 8 19 1400 107 1469
2842 2 2 8 19 1451 1454 1476
2843 2 2 8 19 1418 1443 1463
2844 2 2 8 19 1419 1412 1434
2845 2 2 8 19 1472 1380 1473
2846 2 2 8 19 128 1397 1484
2847 2 2 8 19 1427 1428 1438
2848 2 2 8 19 1432 1419 1450
2849 2 2 8 19 142 1392 1498
2850 2 2 8 19 112 1385 1497
2851 2 2 8 19 1420 1470 1471
2852 2 2 8 19 1396 1446 1447
2853 2 2 8 19 1400 1464 1487
2854 2 2 8 19 1379 1405 1406
2855 2 2 8 19 1390 127 1484
2856 2 2 8 19 118 1388 1429
2857 2 2 8 19 1450 1399 1451
2858 2 2 8 19 153 154 1499
2859 2 2 8 19 1392 143 1501
2860 2 2 8 19 1385 113 1474
2861 2 2 8 19 1482 1388 1496
2862 2 2 8 19 1410 1381 1486
2863 2 2 8 19 148 1396 1485
2864 2 2 8 19 1387 1491 1492
2865 2 2 8 19 1391 147 1485
2866 2 2 8 19 1396 1447 1485
2867 2 2 8 19 115 1386 1474
2868 2 2 8 19 1460 1425 1500
2869 2 2 8 19 1393 140 1498
2870 2 2 8 19 1456 1416 1489
2871 2 2 8 19 236 1425 1426
2872 2 2 8 19 1384 110 1497
2873 2 2 8 19 1441 1438 1483
2874 2 2 8 19 1429 1388 1482
2875 2 2 8 19 1383 1457 1461
2876 2 2 8 19 1457 1394 1461
2877 2 2 8 19 1427 1438 1439
2878 2 2 8 19 1444 1413 1445
2879 2 2 8 19 1405 1409 1494
2880 2 2 8 19 9 243 1493
2881 2 2 8 19 1459 1376 1465
2882 2 2 8 19 1418 1415 1443
2883 2 2 8 19 1445 1417 1446
2884 2 2 8 19 108 1384 1469
2885 2 2 8 19 1381 1441 1486
2886 2 2 8 19 1411 1419 1432
2887 2 2 8 19 132 1398 1442
2888 2 2 8 19 1408 1460 1494
2889 2 2 8 19 1411 1432 1433
2890 2 2 8 19 1416 228 1493
2891 2 2 8 19 1389 123 1453
2892 2 2 8 19 103 1488 1490
2893 2 2 8 19 1378 176 1407
2894 2 2 8 19 1425 235 1427
2895 2 2 8 19 1460 1406 1494
2896 2 2 8 19 1443 1464 1481
2897 2 2 8 19 1439 1472 1500
2898 2 2 8 19 1382 1403 1404
2899 2 2 8 19 1395 153 1499
2900 2 2 8 19 1402 1380 1472
2901 2 2 8 19 1445 1446 1455
2902 2 2 8 19 1444 1457 1480
2903 2 2 8 19 113 114 1474
2904 2 2 8 19 154 1394 1499
2905 2 2 8 19 157 1383 1461
2906 2 2 8 19 1420 1414 1470
2907 2 2 8 19 1437 1444 1480
2908 2 2 8 19 1394 156 1461
2909 2 2 8 19 138 1393 1454
2910 2 2 8 19 1487 1456 1488
2911 2 2 8 19 1443 1431 1464
2912 2 2 8 19 165 166 1381
2913 2 2 8 19 1387 102 1490
2914 2 2 8 19 1444 1445 1455
2915 2 2 8 19 1394 1455 1499
2916 2 2 8 19 182 183 1468
2917 2 2 8 19 1386 1436 1474
2918 2 2 8 19 1449 1425 1460
2919 2 2 8 19 1389 1471 1496
2920 2 2 8 19 1437 1413 1444
2921 2 2 8 19 1436 1418 1463
2922 2 2 8 19 1426 1449 1465
2923 2 2 8 19 1457 1383 1480
2924 2 2 8 19 1431 1416 1456
2925 2 2 8 19 1433 1448 1467
2926 2 2 8 19 1403 1410 1486
2927 2 2 8 19 1465 1376 1466
2928 2 2 8 19 1431 1456 1487
2929 2 2 8 19 1455 1395 1499
2930 2 2 8 19 1385 1436 1463
2931 2 2 8 19 1415 1431 1443
2932 2 2 8 19 1376 182 1468
2933 2 2 8 19 1400 1487 1488
2934 2 2 8 19 1477 1393 1498
2935 2 2 8 19 175 176 1378
2936 2 2 8 19 1481 1384 1497
2937 2 2 8 19 141 142 1498
2938 2 2 8 19 1476 1393 1477
2939 2 2 8 19 1471 1482 1496
2940 2 2 8 19 111 112 1497
2941 2 2 8 19 1386 1430 1436
2942 2 2 8 19 1432 1451 1476
2943 2 2 8 19 1382 1404 1479
2944 2 2 8 19 1428 1437 1483
2945 2 2 8 19 1430 1429 1482
2946 2 2 8 19 1436 1385 1474
2947 2 2 8 19 1382 1479 1495
2948 2 2 8 19 1386 1429 1430
2949 2 2 8 19 1386 117 1429
2950 2 2 8 19 1381 166 1440
2951 2 2 8 19 1477 1392 1478
2952 2 2 8 19 1462 1448 1478
2953 2 2 8 19 1378 1407 1408
2954 2 2 8 19 1478 1392 1501
2955 2 2 8 19 1406 1405 1494
2956 2 2 8 19 1385 1463 1481
2957 2 2 8 19 1480 1383 1495
2958 2 2 8 19 1458 1377 1459
2959 2 2 8 19 1444 1455 1457
2960 2 2 8 19 1406 1460 1500
2961 2 2 8 19 1392 1477 1498
2962 2 2 8 19 1385 1481 1497
2963 2 2 8 19 1411 1433 1467
2964 2 2 8 19 1465 1466 1475
2965 2 2 8 19 1408 1407 1458
2966 2 2 8 19 1479 1404 1483
2967 2 2 8 19 1437 1479 1483
2968 2 2 8 19 1464 1431 1487
2969 2 2 8 19 1404 1403 1486
2970 2 2 8 19 1433 1477 1478
2971 2 2 8 19 1401 1380 1402
2972 2 2 8 19 1378 1408 1494
2973 2 2 8 19 1432 1450 1451
2974 2 2 8 19 1433 1476 1477
2975 2 2 8 19 1463 1443 1481
2976 2 2 8 19 1438 1428 1483
2977 2 2 8 19 170 171 1473
2978 2 2 8 19 1462 1478 1501
2979 2 2 8 19 1479 1480 1495
2980 2 2 8 19 1479 1437 1480
2981 2 2 8 19 1426 1465 1475
2982 2 2 8 19 106 107 1400
2983 2 2 8 19 1471 1470 1482
2984 2 2 8 19 146 147 1391
2985 2 2 8 19 126 127 1390
2986 2 2 8 19 116 117 1386
2987 2 2 8 19 101 102 1387
2988 2 2 8 19 162 163 1424
2989 2 2 8 19 172 173 1423
2990 2 2 8 19 167 1380 1401
2991 2 2 8 19 102 103 1490
2992 2 2 8 19 107 108 1469
2993 2 2 8 19 112 113 1385
2994 2 2 8 19 117 118 1429
2995 2 2 8 19 122 123 1389
2996 2 2 8 19 127 128 1484
2997 2 2 8 19 132 133 1398
2998 2 2 8 19 137 138 1454
2999 2 2 8 19 142 143 1392
3000 2 2 8 19 147 148 1485
3001 2 2 8 19 152 153 1395
3002 2 2 8 19 156 157 1461
3003 2 2 8 19 161 162 1382
3004 2 2 8 19 166 167 1440
3005 2 2 8 19 167 1401 1440
3006 2 2 8 19 171 172 1379
3007 2 2 8 19 176 177 1407
3008 2 2 8 19 181 182 1376
3009 2 2 8 19 186 2 1466
3010 2 2 8 19 2 244 1466
3011 2 2 8 19 3 97 1491
3012 2 2 8 19 243 3 1489
3013 2 2 8 19 1489 3 1491
3014 2 2 8 19 10 1426 1475
3015 2 2 8 19 97 98 1492
3016 2 2 8 19 99 100 1492
3017 2 2 8 19 104 105 1400
3018 2 2 8 19 109 110 1384
3019 2 2 8 19 110 111 1497
3020 2 2 8 19 114 115 1474
3021 2 2 8 19 119 120 1388
3022 2 2 8 19 120 121 1496
3023 2 2 8 19 124 125 1390
3024 2 2 8 19 129 130 1397
3025 2 2 8 19 130 131 1397
3026 2 2 8 19 133 134 1399
3027 2 2 8 19 134 135 1399
3028 2 2 8 19 139 140 1393
3029 2 2 8 19 140 141 1498
3030 2 2 8 19 144 145 1391
3031 2 2 8 19 149 150 1396
3032 2 2 8 19 150 151 1396
3033 2 2 8 19 151 152 1396
3034 2 2 8 19 154 155 1394
3035 2 2 8 19 158 159 1383
3036 2 2 8 19 159 160 1383
3037 2 2 8 19 1403 162 1424
3038 2 2 8 19 165 1381 1422
3039 2 2 8 19 168 169 1380
3040 2 2 8 19 1380 169 1473
3041 2 2 8 19 1405 172 1423
3042 2 2 8 19 178 179 1377
3043 2 2 8 19 179 180 1377
3044 2 2 8 19 180 181 1377
3045 2 2 8 19 184 185 1468
3046 2 2 8 19 185 186 1468
3047 2 2 8 19 1417 232 1448
3048 2 2 8 19 1381 1410 1422
3049 2 2 8 19 1441 1404 1486
$EndElements
