Searching DEVSIM_MATH_LIBS="C:\Users\T590\anaconda3\envs\devsim_env\Library\bin\mkl_rt.2.dll;C:\Users\T590\anaconda3\envs\devsim_env\Library\bin\mkl_rt.2.dll;C:\Users\T590\anaconda3\envs\devsim_env\Library\bin\mkl_rt.2.dll"
Loading "C:\Users\T590\anaconda3\envs\devsim_env\Library\bin\mkl_rt.2.dll": Intel MKL with PARDISO LOADED
Skipping C:\Users\T590\anaconda3\envs\devsim_env\Library\bin\mkl_rt.2.dll
Skipping C:\Users\T590\anaconda3\envs\devsim_env\Library\bin\mkl_rt.2.dll
Physical group name body_contact has 0 Tetrahedra.
Physical group name body_contact has 0 Triangles.
Physical group name body_contact has 50 Lines.
Physical group name body_contact has 51 Points.
Physical group name bulk has 0 Tetrahedra.
Physical group name bulk has 3017 Triangles.
Physical group name bulk has 4647 Lines.
Physical group name bulk has 1631 Points.
Physical group name bulk_oxide_interface has 0 Tetrahedra.
Physical group name bulk_oxide_interface has 0 Triangles.
Physical group name bulk_oxide_interface has 125 Lines.
Physical group name bulk_oxide_interface has 126 Points.
Physical group name drain_contact has 0 Tetrahedra.
Physical group name drain_contact has 0 Triangles.
Physical group name drain_contact has 15 Lines.
Physical group name drain_contact has 16 Points.
Physical group name gate has 0 Tetrahedra.
Physical group name gate has 180 Triangles.
Physical group name gate has 288 Lines.
Physical group name gate has 109 Points.
Physical group name gate_contact has 0 Tetrahedra.
Physical group name gate_contact has 0 Triangles.
Physical group name gate_contact has 6 Lines.
Physical group name gate_contact has 7 Points.
Physical group name gate_oxide_interface has 0 Tetrahedra.
Physical group name gate_oxide_interface has 0 Triangles.
Physical group name gate_oxide_interface has 20 Lines.
Physical group name gate_oxide_interface has 21 Points.
Physical group name oxide has 0 Tetrahedra.
Physical group name oxide has 509 Triangles.
Physical group name oxide has 838 Lines.
Physical group name oxide has 330 Points.
Physical group name source_contact has 0 Tetrahedra.
Physical group name source_contact has 0 Triangles.
Physical group name source_contact has 15 Lines.
Physical group name source_contact has 16 Points.
Device mos2d has 1923 coordinates with max index 1923
Region bulk has 1631 nodes.
Region gate has 109 nodes.
Region oxide has 330 nodes.
Contact body in region bulk with 51 nodes
Contact drain in region bulk with 16 nodes
Contact gate in region gate with 7 nodes
Contact source in region bulk with 16 nodes
Warning, contact "drain" shares a node with interface "bulk_oxide"
Warning, contact "source" shares a node with interface "bulk_oxide"
Adding interface bulk_oxide with 126, 126 nodes
Adding interface gate_oxide with 21, 21 nodes
bulk body
bulk drain
gate gate
bulk source
number of equations 2070
Iteration: 0
  Device: "mos2d"	RelError: 3.00000e+00	AbsError: 2.59417e-01
    Region: "bulk"	RelError: 1.00000e+00	AbsError: 2.50262e-01
      Equation: "PotentialEquation"	RelError: 1.00000e+00	AbsError: 2.50262e-01
    Region: "gate"	RelError: 1.00000e+00	AbsError: 2.59417e-01
      Equation: "PotentialEquation"	RelError: 1.00000e+00	AbsError: 2.59417e-01
    Region: "oxide"	RelError: 1.00000e+00	AbsError: 2.58911e-01
      Equation: "PotentialEquation"	RelError: 1.00000e+00	AbsError: 2.58911e-01
Iteration: 1
  Device: "mos2d"	RelError: 3.59696e+00	AbsError: 2.58010e-01
    Region: "bulk"	RelError: 2.59901e+00	AbsError: 2.47696e-01
      Equation: "PotentialEquation"	RelError: 2.59901e+00	AbsError: 2.47696e-01
    Region: "gate"	RelError: 4.99116e-01	AbsError: 2.58010e-01
      Equation: "PotentialEquation"	RelError: 4.99116e-01	AbsError: 2.58010e-01
    Region: "oxide"	RelError: 4.98829e-01	AbsError: 2.57374e-01
      Equation: "PotentialEquation"	RelError: 4.98829e-01	AbsError: 2.57374e-01
Iteration: 2
  Device: "mos2d"	RelError: 1.67299e+02	AbsError: 1.46988e-01
    Region: "bulk"	RelError: 1.66835e+02	AbsError: 1.46988e-01
      Equation: "PotentialEquation"	RelError: 1.66835e+02	AbsError: 1.46988e-01
    Region: "gate"	RelError: 3.16582e-01	AbsError: 1.24978e-01
      Equation: "PotentialEquation"	RelError: 3.16582e-01	AbsError: 1.24978e-01
    Region: "oxide"	RelError: 1.47326e-01	AbsError: 8.77824e-02
      Equation: "PotentialEquation"	RelError: 1.47326e-01	AbsError: 8.77824e-02
Iteration: 3
  Device: "mos2d"	RelError: 1.07960e+02	AbsError: 1.33018e-01
    Region: "bulk"	RelError: 1.07668e+02	AbsError: 1.33018e-01
      Equation: "PotentialEquation"	RelError: 1.07668e+02	AbsError: 1.33018e-01
    Region: "gate"	RelError: 2.29097e-01	AbsError: 7.00000e-02
      Equation: "PotentialEquation"	RelError: 2.29097e-01	AbsError: 7.00000e-02
    Region: "oxide"	RelError: 6.27106e-02	AbsError: 3.09951e-02
      Equation: "PotentialEquation"	RelError: 6.27106e-02	AbsError: 3.09951e-02
Iteration: 4
  Device: "mos2d"	RelError: 1.48134e+02	AbsError: 1.53004e-01
    Region: "bulk"	RelError: 1.47901e+02	AbsError: 1.53004e-01
      Equation: "PotentialEquation"	RelError: 1.47901e+02	AbsError: 1.53004e-01
    Region: "gate"	RelError: 1.75024e-01	AbsError: 6.48239e-02
      Equation: "PotentialEquation"	RelError: 1.75024e-01	AbsError: 6.48239e-02
    Region: "oxide"	RelError: 5.79165e-02	AbsError: 2.69854e-02
      Equation: "PotentialEquation"	RelError: 5.79165e-02	AbsError: 2.69854e-02
Iteration: 5
  Device: "mos2d"	RelError: 5.78312e+01	AbsError: 1.64017e-01
    Region: "bulk"	RelError: 5.76337e+01	AbsError: 1.64017e-01
      Equation: "PotentialEquation"	RelError: 5.76337e+01	AbsError: 1.64017e-01
    Region: "gate"	RelError: 1.37182e-01	AbsError: 5.88866e-02
      Equation: "PotentialEquation"	RelError: 1.37182e-01	AbsError: 5.88866e-02
    Region: "oxide"	RelError: 6.03310e-02	AbsError: 2.57343e-02
      Equation: "PotentialEquation"	RelError: 6.03310e-02	AbsError: 2.57343e-02
Iteration: 6
  Device: "mos2d"	RelError: 2.74368e+02	AbsError: 1.66941e-01
    Region: "bulk"	RelError: 2.74149e+02	AbsError: 1.66941e-01
      Equation: "PotentialEquation"	RelError: 2.74149e+02	AbsError: 1.66941e-01
    Region: "gate"	RelError: 1.08015e-01	AbsError: 5.19808e-02
      Equation: "PotentialEquation"	RelError: 1.08015e-01	AbsError: 5.19808e-02
    Region: "oxide"	RelError: 1.10500e-01	AbsError: 4.11539e-02
      Equation: "PotentialEquation"	RelError: 1.10500e-01	AbsError: 4.11539e-02
Iteration: 7
  Device: "mos2d"	RelError: 5.04507e+02	AbsError: 1.49894e-01
    Region: "bulk"	RelError: 5.04129e+02	AbsError: 1.49894e-01
      Equation: "PotentialEquation"	RelError: 5.04129e+02	AbsError: 1.49894e-01
    Region: "gate"	RelError: 8.34915e-02	AbsError: 4.38395e-02
      Equation: "PotentialEquation"	RelError: 8.34915e-02	AbsError: 4.38395e-02
    Region: "oxide"	RelError: 2.94782e-01	AbsError: 8.57807e-02
      Equation: "PotentialEquation"	RelError: 2.94782e-01	AbsError: 8.57807e-02
Iteration: 8
  Device: "mos2d"	RelError: 1.53656e+02	AbsError: 1.33853e-01
    Region: "bulk"	RelError: 1.53066e+02	AbsError: 1.33853e-01
      Equation: "PotentialEquation"	RelError: 1.53066e+02	AbsError: 1.33853e-01
    Region: "gate"	RelError: 6.11043e-02	AbsError: 3.41726e-02
      Equation: "PotentialEquation"	RelError: 6.11043e-02	AbsError: 3.41726e-02
    Region: "oxide"	RelError: 5.28975e-01	AbsError: 1.07492e-01
      Equation: "PotentialEquation"	RelError: 5.28975e-01	AbsError: 1.07492e-01
Iteration: 9
  Device: "mos2d"	RelError: 8.57759e+02	AbsError: 1.19762e-01
    Region: "bulk"	RelError: 8.56779e+02	AbsError: 1.19762e-01
      Equation: "PotentialEquation"	RelError: 8.56779e+02	AbsError: 1.19762e-01
    Region: "gate"	RelError: 3.93513e-02	AbsError: 2.29087e-02
      Equation: "PotentialEquation"	RelError: 3.93513e-02	AbsError: 2.29087e-02
    Region: "oxide"	RelError: 9.40783e-01	AbsError: 1.00554e-01
      Equation: "PotentialEquation"	RelError: 9.40783e-01	AbsError: 1.00554e-01
Iteration: 10
  Device: "mos2d"	RelError: 1.08682e+03	AbsError: 1.07094e-01
    Region: "bulk"	RelError: 1.08178e+03	AbsError: 1.07094e-01
      Equation: "PotentialEquation"	RelError: 1.08178e+03	AbsError: 1.07094e-01
    Region: "gate"	RelError: 2.33454e-02	AbsError: 1.39156e-02
      Equation: "PotentialEquation"	RelError: 2.33454e-02	AbsError: 1.39156e-02
    Region: "oxide"	RelError: 5.01588e+00	AbsError: 9.07182e-02
      Equation: "PotentialEquation"	RelError: 5.01588e+00	AbsError: 9.07182e-02
Iteration: 11
  Device: "mos2d"	RelError: 1.49611e+02	AbsError: 9.41232e-02
    Region: "bulk"	RelError: 3.46868e+01	AbsError: 9.41232e-02
      Equation: "PotentialEquation"	RelError: 3.46868e+01	AbsError: 9.41232e-02
    Region: "gate"	RelError: 8.18479e-05	AbsError: 4.87673e-05
      Equation: "PotentialEquation"	RelError: 8.18479e-05	AbsError: 4.87673e-05
    Region: "oxide"	RelError: 1.14924e+02	AbsError: 7.91738e-02
      Equation: "PotentialEquation"	RelError: 1.14924e+02	AbsError: 7.91738e-02
Iteration: 12
  Device: "mos2d"	RelError: 5.30810e+01	AbsError: 7.97873e-02
    Region: "bulk"	RelError: 3.02156e+01	AbsError: 7.97873e-02
      Equation: "PotentialEquation"	RelError: 3.02156e+01	AbsError: 7.97873e-02
    Region: "gate"	RelError: 5.85538e-05	AbsError: 3.48900e-05
      Equation: "PotentialEquation"	RelError: 5.85538e-05	AbsError: 3.48900e-05
    Region: "oxide"	RelError: 2.28653e+01	AbsError: 6.45934e-02
      Equation: "PotentialEquation"	RelError: 2.28653e+01	AbsError: 6.45934e-02
Iteration: 13
  Device: "mos2d"	RelError: 8.42488e+01	AbsError: 6.27288e-02
    Region: "bulk"	RelError: 1.44572e+01	AbsError: 6.27288e-02
      Equation: "PotentialEquation"	RelError: 1.44572e+01	AbsError: 6.27288e-02
    Region: "gate"	RelError: 3.92988e-05	AbsError: 2.34178e-05
      Equation: "PotentialEquation"	RelError: 3.92988e-05	AbsError: 2.34178e-05
    Region: "oxide"	RelError: 6.97915e+01	AbsError: 4.40538e-02
      Equation: "PotentialEquation"	RelError: 6.97915e+01	AbsError: 4.40538e-02
Iteration: 14
  Device: "mos2d"	RelError: 2.95633e+01	AbsError: 4.27230e-02
    Region: "bulk"	RelError: 1.42086e+01	AbsError: 4.27230e-02
      Equation: "PotentialEquation"	RelError: 1.42086e+01	AbsError: 4.27230e-02
    Region: "gate"	RelError: 2.09616e-05	AbsError: 1.24911e-05
      Equation: "PotentialEquation"	RelError: 2.09616e-05	AbsError: 1.24911e-05
    Region: "oxide"	RelError: 1.53547e+01	AbsError: 2.89613e-02
      Equation: "PotentialEquation"	RelError: 1.53547e+01	AbsError: 2.89613e-02
Iteration: 15
  Device: "mos2d"	RelError: 5.00005e+01	AbsError: 2.57024e-02
    Region: "bulk"	RelError: 2.50003e+01	AbsError: 2.57024e-02
      Equation: "PotentialEquation"	RelError: 2.50003e+01	AbsError: 2.57024e-02
    Region: "gate"	RelError: 7.02001e-06	AbsError: 4.18329e-06
      Equation: "PotentialEquation"	RelError: 7.02001e-06	AbsError: 4.18329e-06
    Region: "oxide"	RelError: 2.50003e+01	AbsError: 2.56612e-02
      Equation: "PotentialEquation"	RelError: 2.50003e+01	AbsError: 2.56612e-02
Iteration: 16
  Device: "mos2d"	RelError: 9.89395e+00	AbsError: 1.38799e-02
    Region: "bulk"	RelError: 5.28172e-01	AbsError: 7.86021e-03
      Equation: "PotentialEquation"	RelError: 5.28172e-01	AbsError: 7.86021e-03
    Region: "gate"	RelError: 1.17198e-06	AbsError: 6.98392e-07
      Equation: "PotentialEquation"	RelError: 1.17198e-06	AbsError: 6.98392e-07
    Region: "oxide"	RelError: 9.36578e+00	AbsError: 1.38799e-02
      Equation: "PotentialEquation"	RelError: 9.36578e+00	AbsError: 1.38799e-02
Iteration: 17
  Device: "mos2d"	RelError: 1.73240e-01	AbsError: 3.44986e-04
    Region: "bulk"	RelError: 2.32486e-02	AbsError: 3.44986e-04
      Equation: "PotentialEquation"	RelError: 2.32486e-02	AbsError: 3.44986e-04
    Region: "gate"	RelError: 7.19339e-08	AbsError: 4.28661e-08
      Equation: "PotentialEquation"	RelError: 7.19339e-08	AbsError: 4.28661e-08
    Region: "oxide"	RelError: 1.49991e-01	AbsError: 2.01737e-04
      Equation: "PotentialEquation"	RelError: 1.49991e-01	AbsError: 2.01737e-04
Iteration: 18
  Device: "mos2d"	RelError: 4.51963e-04	AbsError: 9.92712e-07
    Region: "bulk"	RelError: 5.26021e-05	AbsError: 9.92712e-07
      Equation: "PotentialEquation"	RelError: 5.26021e-05	AbsError: 9.92712e-07
    Region: "gate"	RelError: 1.91208e-10	AbsError: 1.13943e-10
      Equation: "PotentialEquation"	RelError: 1.91208e-10	AbsError: 1.13943e-10
    Region: "oxide"	RelError: 3.99361e-04	AbsError: 5.41243e-07
      Equation: "PotentialEquation"	RelError: 3.99361e-04	AbsError: 5.41243e-07
Iteration: 19
  Device: "mos2d"	RelError: 3.53455e-09	AbsError: 8.51753e-12
    Region: "bulk"	RelError: 3.63627e-10	AbsError: 8.51753e-12
      Equation: "PotentialEquation"	RelError: 3.63627e-10	AbsError: 8.51753e-12
    Region: "gate"	RelError: 1.53461e-15	AbsError: 9.14491e-16
      Equation: "PotentialEquation"	RelError: 1.53461e-15	AbsError: 9.14491e-16
    Region: "oxide"	RelError: 3.17092e-09	AbsError: 4.32663e-12
      Equation: "PotentialEquation"	RelError: 3.17092e-09	AbsError: 4.32663e-12
Iteration: 20
  Device: "mos2d"	RelError: 6.74033e-14	AbsError: 1.26354e-16
    Region: "bulk"	RelError: 5.13725e-14	AbsError: 1.26354e-16
      Equation: "PotentialEquation"	RelError: 5.13725e-14	AbsError: 1.26354e-16
    Region: "gate"	RelError: 2.01916e-16	AbsError: 1.20344e-16
      Equation: "PotentialEquation"	RelError: 2.01916e-16	AbsError: 1.20344e-16
    Region: "oxide"	RelError: 1.58290e-14	AbsError: 1.20344e-16
      Equation: "PotentialEquation"	RelError: 1.58290e-14	AbsError: 1.20344e-16
number of equations 2070
Iteration: 0
  Device: "mos2d"	RelError: 3.56802e-14	AbsError: 1.24018e-16
    Region: "bulk"	RelError: 1.77361e-14	AbsError: 1.13710e-16
      Equation: "PotentialEquation"	RelError: 1.77361e-14	AbsError: 1.13710e-16
    Region: "gate"	RelError: 2.08058e-16	AbsError: 1.24018e-16
      Equation: "PotentialEquation"	RelError: 2.08058e-16	AbsError: 1.24018e-16
    Region: "oxide"	RelError: 1.77361e-14	AbsError: 1.23717e-16
      Equation: "PotentialEquation"	RelError: 1.77361e-14	AbsError: 1.23717e-16
Warning: Replacing equation with equation of the same name.
Region: gate, Equation: PotentialEquation, Variable: Potential
Warning: Replacing equation with equation of the same name.
Region: bulk, Equation: PotentialEquation, Variable: Potential
number of equations 5550
Iteration: 0
  Device: "mos2d"	RelError: 1.51194e-10	AbsError: 4.63969e+05
    Region: "bulk"	RelError: 1.51162e-10	AbsError: 5.42720e+04
      Equation: "ElectronContinuityEquation"	RelError: 9.09253e-11	AbsError: 4.91520e+04
      Equation: "HoleContinuityEquation"	RelError: 6.01676e-11	AbsError: 5.12000e+03
      Equation: "PotentialEquation"	RelError: 6.94394e-14	AbsError: 2.10981e-16
    Region: "gate"	RelError: 9.54713e-15	AbsError: 4.63969e+05
      Equation: "ElectronContinuityEquation"	RelError: 4.65158e-15	AbsError: 4.63969e+05
      Equation: "HoleContinuityEquation"	RelError: 4.73389e-15	AbsError: 4.74602e-15
      Equation: "PotentialEquation"	RelError: 1.61653e-16	AbsError: 9.63464e-17
    Region: "oxide"	RelError: 2.19269e-14	AbsError: 9.63464e-17
      Equation: "PotentialEquation"	RelError: 2.19269e-14	AbsError: 9.63464e-17
=== SWEEP_START IDVD_VG1P0 ===
number of equations 5550
Iteration: 0
  Device: "mos2d"	RelError: 6.21645e-11	AbsError: 8.15226e+03
    Region: "bulk"	RelError: 6.21423e-11	AbsError: 1.69458e+03
      Equation: "ElectronContinuityEquation"	RelError: 4.63017e-11	AbsError: 1.39604e+03
      Equation: "HoleContinuityEquation"	RelError: 1.56441e-11	AbsError: 2.98537e+02
      Equation: "PotentialEquation"	RelError: 1.96569e-13	AbsError: 2.53000e-16
    Region: "gate"	RelError: 3.95986e-16	AbsError: 8.15226e+03
      Equation: "ElectronContinuityEquation"	RelError: 8.15226e-17	AbsError: 8.15226e+03
      Equation: "HoleContinuityEquation"	RelError: 2.21413e-16	AbsError: 2.21413e-16
      Equation: "PotentialEquation"	RelError: 9.30501e-17	AbsError: 5.54648e-17
    Region: "oxide"	RelError: 2.17583e-14	AbsError: 5.52486e-17
      Equation: "PotentialEquation"	RelError: 2.17583e-14	AbsError: 5.52486e-17
gate last end 0.000000e+00 5.000000e-01
number of equations 5550
Iteration: 0
  Device: "mos2d"	RelError: 6.14907e+01	AbsError: 1.62730e+16
    Region: "bulk"	RelError: 1.19711e+01	AbsError: 1.30296e+16
      Equation: "ElectronContinuityEquation"	RelError: 2.47223e-01	AbsError: 1.06798e+16
      Equation: "HoleContinuityEquation"	RelError: 4.89013e-01	AbsError: 2.34980e+15
      Equation: "PotentialEquation"	RelError: 1.12349e+01	AbsError: 8.50172e-03
    Region: "gate"	RelError: 3.27950e-02	AbsError: 1.62730e+16
      Equation: "ElectronContinuityEquation"	RelError: 1.63363e-04	AbsError: 1.62730e+16
      Equation: "HoleContinuityEquation"	RelError: 1.63310e-04	AbsError: 1.63945e-04
      Equation: "PotentialEquation"	RelError: 3.24683e-02	AbsError: 2.00000e-02
    Region: "oxide"	RelError: 4.94868e+01	AbsError: 1.99975e-02
      Equation: "PotentialEquation"	RelError: 4.94868e+01	AbsError: 1.99975e-02
Iteration: 1
  Device: "mos2d"	RelError: 2.34633e-01	AbsError: 5.02327e+14
    Region: "bulk"	RelError: 1.28958e-01	AbsError: 5.02327e+14
      Equation: "ElectronContinuityEquation"	RelError: 4.43792e-02	AbsError: 4.45160e+14
      Equation: "HoleContinuityEquation"	RelError: 6.63731e-02	AbsError: 5.71663e+13
      Equation: "PotentialEquation"	RelError: 1.82056e-02	AbsError: 5.36209e-05
    Region: "gate"	RelError: 6.95257e-07	AbsError: 3.43470e+13
      Equation: "ElectronContinuityEquation"	RelError: 3.45704e-07	AbsError: 3.43470e+13
      Equation: "HoleContinuityEquation"	RelError: 3.35243e-07	AbsError: 3.37423e-07
      Equation: "PotentialEquation"	RelError: 1.43104e-08	AbsError: 8.81389e-09
    Region: "oxide"	RelError: 1.05674e-01	AbsError: 4.10258e-05
      Equation: "PotentialEquation"	RelError: 1.05674e-01	AbsError: 4.10258e-05
Iteration: 2
  Device: "mos2d"	RelError: 9.59082e-05	AbsError: 5.64021e+10
    Region: "bulk"	RelError: 9.39857e-05	AbsError: 5.64021e+10
      Equation: "ElectronContinuityEquation"	RelError: 7.28600e-05	AbsError: 4.51561e+10
      Equation: "HoleContinuityEquation"	RelError: 2.05392e-05	AbsError: 1.12459e+10
      Equation: "PotentialEquation"	RelError: 5.86579e-07	AbsError: 3.03185e-09
    Region: "gate"	RelError: 3.22802e-11	AbsError: 1.56481e+09
      Equation: "ElectronContinuityEquation"	RelError: 1.57498e-11	AbsError: 1.56481e+09
      Equation: "HoleContinuityEquation"	RelError: 1.58660e-11	AbsError: 1.59691e-11
      Equation: "PotentialEquation"	RelError: 6.64459e-13	AbsError: 4.09245e-13
    Region: "oxide"	RelError: 1.92244e-06	AbsError: 1.92294e-09
      Equation: "PotentialEquation"	RelError: 1.92244e-06	AbsError: 1.92294e-09
Succeeded
gate last end 2.000000e-02 5.000000e-01
number of equations 5550
Iteration: 0
  Device: "mos2d"	RelError: 2.47951e+01	AbsError: 1.62798e+16
    Region: "bulk"	RelError: 3.61517e+00	AbsError: 1.29583e+16
      Equation: "ElectronContinuityEquation"	RelError: 2.48353e-01	AbsError: 1.06296e+16
      Equation: "HoleContinuityEquation"	RelError: 4.93456e-01	AbsError: 2.32868e+15
      Equation: "PotentialEquation"	RelError: 2.87337e+00	AbsError: 8.55344e-03
    Region: "gate"	RelError: 3.17742e-02	AbsError: 1.62798e+16
      Equation: "ElectronContinuityEquation"	RelError: 1.63458e-04	AbsError: 1.62798e+16
      Equation: "HoleContinuityEquation"	RelError: 1.63404e-04	AbsError: 1.64066e-04
      Equation: "PotentialEquation"	RelError: 3.14473e-02	AbsError: 2.00000e-02
    Region: "oxide"	RelError: 2.11481e+01	AbsError: 1.99975e-02
      Equation: "PotentialEquation"	RelError: 2.11481e+01	AbsError: 1.99975e-02
Iteration: 1
  Device: "mos2d"	RelError: 1.64395e-01	AbsError: 5.40338e+14
    Region: "bulk"	RelError: 1.24525e-01	AbsError: 5.40338e+14
      Equation: "ElectronContinuityEquation"	RelError: 4.48259e-02	AbsError: 4.84031e+14
      Equation: "HoleContinuityEquation"	RelError: 6.73142e-02	AbsError: 5.63069e+13
      Equation: "PotentialEquation"	RelError: 1.23845e-02	AbsError: 5.29312e-05
    Region: "gate"	RelError: 6.79262e-07	AbsError: 3.35799e+13
      Equation: "ElectronContinuityEquation"	RelError: 3.38017e-07	AbsError: 3.35799e+13
      Equation: "HoleContinuityEquation"	RelError: 3.27694e-07	AbsError: 3.29859e-07
      Equation: "PotentialEquation"	RelError: 1.35503e-08	AbsError: 8.61669e-09
    Region: "oxide"	RelError: 3.98692e-02	AbsError: 4.01171e-05
      Equation: "PotentialEquation"	RelError: 3.98692e-02	AbsError: 4.01171e-05
Iteration: 2
  Device: "mos2d"	RelError: 9.70120e-05	AbsError: 6.53080e+10
    Region: "bulk"	RelError: 9.66321e-05	AbsError: 6.53080e+10
      Equation: "ElectronContinuityEquation"	RelError: 7.34694e-05	AbsError: 5.42952e+10
      Equation: "HoleContinuityEquation"	RelError: 2.09205e-05	AbsError: 1.10128e+10
      Equation: "PotentialEquation"	RelError: 2.24217e-06	AbsError: 3.07351e-09
    Region: "gate"	RelError: 3.22752e-11	AbsError: 1.56570e+09
      Equation: "ElectronContinuityEquation"	RelError: 1.57604e-11	AbsError: 1.56570e+09
      Equation: "HoleContinuityEquation"	RelError: 1.58710e-11	AbsError: 1.59758e-11
      Equation: "PotentialEquation"	RelError: 6.43862e-13	AbsError: 4.09434e-13
    Region: "oxide"	RelError: 3.79954e-07	AbsError: 1.92434e-09
      Equation: "PotentialEquation"	RelError: 3.79954e-07	AbsError: 1.92434e-09
Succeeded
gate last end 4.000000e-02 5.000000e-01
number of equations 5550
Iteration: 0
  Device: "mos2d"	RelError: 1.65958e+01	AbsError: 1.62882e+16
    Region: "bulk"	RelError: 2.43417e+00	AbsError: 1.28716e+16
      Equation: "ElectronContinuityEquation"	RelError: 2.49450e-01	AbsError: 1.05734e+16
      Equation: "HoleContinuityEquation"	RelError: 4.97804e-01	AbsError: 2.29815e+15
      Equation: "PotentialEquation"	RelError: 1.68692e+00	AbsError: 8.60377e-03
    Region: "gate"	RelError: 3.08156e-02	AbsError: 1.62882e+16
      Equation: "ElectronContinuityEquation"	RelError: 1.63569e-04	AbsError: 1.62882e+16
      Equation: "HoleContinuityEquation"	RelError: 1.63515e-04	AbsError: 1.64205e-04
      Equation: "PotentialEquation"	RelError: 3.04886e-02	AbsError: 2.00000e-02
    Region: "oxide"	RelError: 1.41308e+01	AbsError: 1.99975e-02
      Equation: "PotentialEquation"	RelError: 1.41308e+01	AbsError: 1.99975e-02
Iteration: 1
  Device: "mos2d"	RelError: 1.56459e-01	AbsError: 5.79968e+14
    Region: "bulk"	RelError: 1.19738e-01	AbsError: 5.79968e+14
      Equation: "ElectronContinuityEquation"	RelError: 4.52622e-02	AbsError: 5.24227e+14
      Equation: "HoleContinuityEquation"	RelError: 6.82371e-02	AbsError: 5.57414e+13
      Equation: "PotentialEquation"	RelError: 6.23899e-03	AbsError: 5.23405e-05
    Region: "gate"	RelError: 6.63587e-07	AbsError: 3.28266e+13
      Equation: "ElectronContinuityEquation"	RelError: 3.30467e-07	AbsError: 3.28266e+13
      Equation: "HoleContinuityEquation"	RelError: 3.20279e-07	AbsError: 3.22426e-07
      Equation: "PotentialEquation"	RelError: 1.28418e-08	AbsError: 8.42298e-09
    Region: "oxide"	RelError: 3.67196e-02	AbsError: 3.92233e-05
      Equation: "PotentialEquation"	RelError: 3.67196e-02	AbsError: 3.92233e-05
Iteration: 2
  Device: "mos2d"	RelError: 9.81877e-05	AbsError: 7.51708e+10
    Region: "bulk"	RelError: 9.66181e-05	AbsError: 7.51708e+10
      Equation: "ElectronContinuityEquation"	RelError: 7.41118e-05	AbsError: 6.46200e+10
      Equation: "HoleContinuityEquation"	RelError: 2.13824e-05	AbsError: 1.05508e+10
      Equation: "PotentialEquation"	RelError: 1.12387e-06	AbsError: 3.09144e-09
    Region: "gate"	RelError: 3.22025e-11	AbsError: 1.56318e+09
      Equation: "ElectronContinuityEquation"	RelError: 1.57366e-11	AbsError: 1.56318e+09
      Equation: "HoleContinuityEquation"	RelError: 1.58425e-11	AbsError: 1.59488e-11
      Equation: "PotentialEquation"	RelError: 6.23356e-13	AbsError: 4.08861e-13
    Region: "oxide"	RelError: 1.56953e-06	AbsError: 1.92157e-09
      Equation: "PotentialEquation"	RelError: 1.56953e-06	AbsError: 1.92157e-09
Succeeded
gate last end 6.000000e-02 5.000000e-01
number of equations 5550
Iteration: 0
  Device: "mos2d"	RelError: 1.33857e+02	AbsError: 1.62983e+16
    Region: "bulk"	RelError: 5.89915e+00	AbsError: 1.35135e+16
      Equation: "ElectronContinuityEquation"	RelError: 2.50514e-01	AbsError: 1.12272e+16
      Equation: "HoleContinuityEquation"	RelError: 5.02059e-01	AbsError: 2.28629e+15
      Equation: "PotentialEquation"	RelError: 5.14658e+00	AbsError: 8.65272e-03
    Region: "gate"	RelError: 2.99139e-02	AbsError: 1.62983e+16
      Equation: "ElectronContinuityEquation"	RelError: 1.63697e-04	AbsError: 1.62983e+16
      Equation: "HoleContinuityEquation"	RelError: 1.63643e-04	AbsError: 1.64360e-04
      Equation: "PotentialEquation"	RelError: 2.95865e-02	AbsError: 2.00000e-02
    Region: "oxide"	RelError: 1.27928e+02	AbsError: 1.99975e-02
      Equation: "PotentialEquation"	RelError: 1.27928e+02	AbsError: 1.99975e-02
Iteration: 1
  Device: "mos2d"	RelError: 8.16073e-01	AbsError: 6.20424e+14
    Region: "bulk"	RelError: 1.22800e-01	AbsError: 6.20424e+14
      Equation: "ElectronContinuityEquation"	RelError: 4.56879e-02	AbsError: 5.65362e+14
      Equation: "HoleContinuityEquation"	RelError: 6.91417e-02	AbsError: 5.50627e+13
      Equation: "PotentialEquation"	RelError: 7.97003e-03	AbsError: 5.17867e-05
    Region: "gate"	RelError: 6.48202e-07	AbsError: 3.20856e+13
      Equation: "ElectronContinuityEquation"	RelError: 3.23040e-07	AbsError: 3.20856e+13
      Equation: "HoleContinuityEquation"	RelError: 3.12982e-07	AbsError: 3.15112e-07
      Equation: "PotentialEquation"	RelError: 1.21799e-08	AbsError: 8.23241e-09
    Region: "oxide"	RelError: 6.93273e-01	AbsError: 3.83430e-05
      Equation: "PotentialEquation"	RelError: 6.93273e-01	AbsError: 3.83430e-05
Iteration: 2
  Device: "mos2d"	RelError: 1.29918e-04	AbsError: 8.61796e+10
    Region: "bulk"	RelError: 9.71566e-05	AbsError: 8.61796e+10
      Equation: "ElectronContinuityEquation"	RelError: 7.47949e-05	AbsError: 7.61007e+10
      Equation: "HoleContinuityEquation"	RelError: 2.19274e-05	AbsError: 1.00789e+10
      Equation: "PotentialEquation"	RelError: 4.34309e-07	AbsError: 3.09143e-09
    Region: "gate"	RelError: 3.20498e-11	AbsError: 1.55673e+09
      Equation: "ElectronContinuityEquation"	RelError: 1.56733e-11	AbsError: 1.55673e+09
      Equation: "HoleContinuityEquation"	RelError: 1.57743e-11	AbsError: 1.58817e-11
      Equation: "PotentialEquation"	RelError: 6.02203e-13	AbsError: 4.07028e-13
    Region: "oxide"	RelError: 3.27613e-05	AbsError: 1.91345e-09
      Equation: "PotentialEquation"	RelError: 3.27613e-05	AbsError: 1.91345e-09
Iteration: 3
  Device: "mos2d"	RelError: 3.12021e-10	AbsError: 7.97802e+03
    Region: "bulk"	RelError: 3.11651e-10	AbsError: 1.94189e+03
      Equation: "ElectronContinuityEquation"	RelError: 2.01660e-10	AbsError: 1.50067e+03
      Equation: "HoleContinuityEquation"	RelError: 1.09913e-10	AbsError: 4.41227e+02
      Equation: "PotentialEquation"	RelError: 7.83243e-14	AbsError: 2.87695e-16
    Region: "gate"	RelError: 3.65150e-16	AbsError: 7.97802e+03
      Equation: "ElectronContinuityEquation"	RelError: 8.03129e-17	AbsError: 7.97802e+03
      Equation: "HoleContinuityEquation"	RelError: 2.02828e-16	AbsError: 2.02828e-16
      Equation: "PotentialEquation"	RelError: 8.20094e-17	AbsError: 5.54445e-17
    Region: "oxide"	RelError: 3.69644e-13	AbsError: 5.61379e-17
      Equation: "PotentialEquation"	RelError: 3.69644e-13	AbsError: 5.61379e-17
Succeeded
gate last end 8.000000e-02 5.000000e-01
number of equations 5550
Iteration: 0
  Device: "mos2d"	RelError: 5.17433e+01	AbsError: 1.63101e+16
    Region: "bulk"	RelError: 4.57941e+00	AbsError: 1.46501e+16
      Equation: "ElectronContinuityEquation"	RelError: 2.51545e-01	AbsError: 1.23716e+16
      Equation: "HoleContinuityEquation"	RelError: 5.06218e-01	AbsError: 2.27845e+15
      Equation: "PotentialEquation"	RelError: 3.82164e+00	AbsError: 8.70031e-03
    Region: "gate"	RelError: 2.90640e-02	AbsError: 1.63101e+16
      Equation: "ElectronContinuityEquation"	RelError: 1.63843e-04	AbsError: 1.63101e+16
      Equation: "HoleContinuityEquation"	RelError: 1.63789e-04	AbsError: 1.64533e-04
      Equation: "PotentialEquation"	RelError: 2.87363e-02	AbsError: 2.00000e-02
    Region: "oxide"	RelError: 4.71349e+01	AbsError: 1.99975e-02
      Equation: "PotentialEquation"	RelError: 4.71349e+01	AbsError: 1.99975e-02
Iteration: 1
  Device: "mos2d"	RelError: 2.38870e-01	AbsError: 6.61683e+14
    Region: "bulk"	RelError: 1.21827e-01	AbsError: 6.61683e+14
      Equation: "ElectronContinuityEquation"	RelError: 4.61031e-02	AbsError: 6.06965e+14
      Equation: "HoleContinuityEquation"	RelError: 7.00281e-02	AbsError: 5.47183e+13
      Equation: "PotentialEquation"	RelError: 5.69584e-03	AbsError: 5.11577e-05
    Region: "gate"	RelError: 6.33081e-07	AbsError: 3.13560e+13
      Equation: "ElectronContinuityEquation"	RelError: 3.15726e-07	AbsError: 3.13560e+13
      Equation: "HoleContinuityEquation"	RelError: 3.05795e-07	AbsError: 3.07907e-07
      Equation: "PotentialEquation"	RelError: 1.15602e-08	AbsError: 8.04470e-09
    Region: "oxide"	RelError: 1.17042e-01	AbsError: 3.74749e-05
      Equation: "PotentialEquation"	RelError: 1.17042e-01	AbsError: 3.74749e-05
Iteration: 2
  Device: "mos2d"	RelError: 1.00142e-04	AbsError: 9.86975e+10
    Region: "bulk"	RelError: 9.84485e-05	AbsError: 9.86975e+10
      Equation: "ElectronContinuityEquation"	RelError: 7.56283e-05	AbsError: 8.86467e+10
      Equation: "HoleContinuityEquation"	RelError: 2.25563e-05	AbsError: 1.00508e+10
      Equation: "PotentialEquation"	RelError: 2.63895e-07	AbsError: 3.07943e-09
    Region: "gate"	RelError: 3.18108e-11	AbsError: 1.54598e+09
      Equation: "ElectronContinuityEquation"	RelError: 1.55666e-11	AbsError: 1.54598e+09
      Equation: "HoleContinuityEquation"	RelError: 1.56634e-11	AbsError: 1.57715e-11
      Equation: "PotentialEquation"	RelError: 5.80868e-13	AbsError: 4.04224e-13
    Region: "oxide"	RelError: 1.69360e-06	AbsError: 2.07524e-09
      Equation: "PotentialEquation"	RelError: 1.69360e-06	AbsError: 2.07524e-09
Iteration: 3
  Device: "mos2d"	RelError: 1.56346e-10	AbsError: 8.14200e+03
    Region: "bulk"	RelError: 1.56313e-10	AbsError: 1.95279e+03
      Equation: "ElectronContinuityEquation"	RelError: 6.26119e-11	AbsError: 1.62060e+03
      Equation: "HoleContinuityEquation"	RelError: 9.36826e-11	AbsError: 3.32185e+02
      Equation: "PotentialEquation"	RelError: 1.82480e-14	AbsError: 2.48576e-16
    Region: "gate"	RelError: 4.69483e-16	AbsError: 8.14200e+03
      Equation: "ElectronContinuityEquation"	RelError: 8.14200e-17	AbsError: 8.14200e+03
      Equation: "HoleContinuityEquation"	RelError: 3.07524e-16	AbsError: 3.08950e-16
      Equation: "PotentialEquation"	RelError: 8.05387e-17	AbsError: 5.60609e-17
    Region: "oxide"	RelError: 3.26134e-14	AbsError: 7.12072e-17
      Equation: "PotentialEquation"	RelError: 3.26134e-14	AbsError: 7.12072e-17
Succeeded
gate last end 1.000000e-01 5.000000e-01
number of equations 5550
Iteration: 0
  Device: "mos2d"	RelError: 1.68937e+01	AbsError: 1.63239e+16
    Region: "bulk"	RelError: 1.33990e+01	AbsError: 1.58649e+16
      Equation: "ElectronContinuityEquation"	RelError: 2.52545e-01	AbsError: 1.35992e+16
      Equation: "HoleContinuityEquation"	RelError: 5.10284e-01	AbsError: 2.26568e+15
      Equation: "PotentialEquation"	RelError: 1.26361e+01	AbsError: 8.74658e-03
    Region: "gate"	RelError: 2.82616e-02	AbsError: 1.63239e+16
      Equation: "ElectronContinuityEquation"	RelError: 1.64007e-04	AbsError: 1.63239e+16
      Equation: "HoleContinuityEquation"	RelError: 1.63954e-04	AbsError: 1.64726e-04
      Equation: "PotentialEquation"	RelError: 2.79336e-02	AbsError: 2.00000e-02
    Region: "oxide"	RelError: 3.46644e+00	AbsError: 1.99975e-02
      Equation: "PotentialEquation"	RelError: 3.46644e+00	AbsError: 1.99975e-02
Iteration: 1
  Device: "mos2d"	RelError: 1.42316e-01	AbsError: 7.02312e+14
    Region: "bulk"	RelError: 1.35912e-01	AbsError: 7.02312e+14
      Equation: "ElectronContinuityEquation"	RelError: 4.65320e-02	AbsError: 6.48484e+14
      Equation: "HoleContinuityEquation"	RelError: 7.08961e-02	AbsError: 5.38288e+13
      Equation: "PotentialEquation"	RelError: 1.84837e-02	AbsError: 5.04611e-05
    Region: "gate"	RelError: 6.18201e-07	AbsError: 3.06369e+13
      Equation: "ElectronContinuityEquation"	RelError: 3.08515e-07	AbsError: 3.06369e+13
      Equation: "HoleContinuityEquation"	RelError: 2.98707e-07	AbsError: 3.00800e-07
      Equation: "PotentialEquation"	RelError: 1.09788e-08	AbsError: 7.85963e-09
    Region: "oxide"	RelError: 6.40381e-03	AbsError: 3.66181e-05
      Equation: "PotentialEquation"	RelError: 6.40381e-03	AbsError: 3.66181e-05
Iteration: 2
  Device: "mos2d"	RelError: 1.00423e-04	AbsError: 1.11879e+11
    Region: "bulk"	RelError: 1.00261e-04	AbsError: 1.11879e+11
      Equation: "ElectronContinuityEquation"	RelError: 7.64947e-05	AbsError: 1.02096e+11
      Equation: "HoleContinuityEquation"	RelError: 2.32674e-05	AbsError: 9.78306e+09
      Equation: "PotentialEquation"	RelError: 4.98877e-07	AbsError: 3.04893e-09
    Region: "gate"	RelError: 3.14822e-11	AbsError: 1.53082e+09
      Equation: "ElectronContinuityEquation"	RelError: 1.54154e-11	AbsError: 1.53082e+09
      Equation: "HoleContinuityEquation"	RelError: 1.55076e-11	AbsError: 1.56163e-11
      Equation: "PotentialEquation"	RelError: 5.59096e-13	AbsError: 4.00253e-13
    Region: "oxide"	RelError: 1.61626e-07	AbsError: 2.36355e-09
      Equation: "PotentialEquation"	RelError: 1.61626e-07	AbsError: 2.36355e-09
Iteration: 3
  Device: "mos2d"	RelError: 2.67127e-10	AbsError: 8.17090e+03
    Region: "bulk"	RelError: 2.67114e-10	AbsError: 2.77667e+03
      Equation: "ElectronContinuityEquation"	RelError: 1.35601e-10	AbsError: 2.24037e+03
      Equation: "HoleContinuityEquation"	RelError: 1.31448e-10	AbsError: 5.36308e+02
      Equation: "PotentialEquation"	RelError: 6.44761e-14	AbsError: 3.13123e-16
    Region: "gate"	RelError: 3.94758e-16	AbsError: 8.17090e+03
      Equation: "ElectronContinuityEquation"	RelError: 8.17090e-17	AbsError: 8.17090e+03
      Equation: "HoleContinuityEquation"	RelError: 2.37085e-16	AbsError: 2.38677e-16
      Equation: "PotentialEquation"	RelError: 7.59640e-17	AbsError: 5.43959e-17
    Region: "oxide"	RelError: 1.26980e-14	AbsError: 7.74470e-17
      Equation: "PotentialEquation"	RelError: 1.26980e-14	AbsError: 7.74470e-17
Succeeded
gate last end 1.200000e-01 5.000000e-01
number of equations 5550
Iteration: 0
  Device: "mos2d"	RelError: 2.70590e+02	AbsError: 1.71541e+16
    Region: "bulk"	RelError: 1.35665e+02	AbsError: 1.71541e+16
      Equation: "ElectronContinuityEquation"	RelError: 2.53517e-01	AbsError: 1.49097e+16
      Equation: "HoleContinuityEquation"	RelError: 5.14268e-01	AbsError: 2.24438e+15
      Equation: "PotentialEquation"	RelError: 1.34897e+02	AbsError: 8.79168e-03
    Region: "gate"	RelError: 2.75029e-02	AbsError: 1.63395e+16
      Equation: "ElectronContinuityEquation"	RelError: 1.64192e-04	AbsError: 1.63395e+16
      Equation: "HoleContinuityEquation"	RelError: 1.64138e-04	AbsError: 1.64938e-04
      Equation: "PotentialEquation"	RelError: 2.71746e-02	AbsError: 2.00000e-02
    Region: "oxide"	RelError: 1.34897e+02	AbsError: 1.99975e-02
      Equation: "PotentialEquation"	RelError: 1.34897e+02	AbsError: 1.99975e-02
Iteration: 1
  Device: "mos2d"	RelError: 5.09284e-01	AbsError: 7.41737e+14
    Region: "bulk"	RelError: 3.13990e-01	AbsError: 7.41737e+14
      Equation: "ElectronContinuityEquation"	RelError: 4.69502e-02	AbsError: 6.89287e+14
      Equation: "HoleContinuityEquation"	RelError: 7.17455e-02	AbsError: 5.24500e+13
      Equation: "PotentialEquation"	RelError: 1.95294e-01	AbsError: 4.98579e-05
    Region: "gate"	RelError: 6.03547e-07	AbsError: 2.99276e+13
      Equation: "ElectronContinuityEquation"	RelError: 3.01402e-07	AbsError: 2.99276e+13
      Equation: "HoleContinuityEquation"	RelError: 2.91713e-07	AbsError: 2.93786e-07
      Equation: "PotentialEquation"	RelError: 1.04323e-08	AbsError: 7.67703e-09
    Region: "oxide"	RelError: 1.95294e-01	AbsError: 3.57778e-05
      Equation: "PotentialEquation"	RelError: 1.95294e-01	AbsError: 3.57778e-05
Iteration: 2
  Device: "mos2d"	RelError: 1.05026e-04	AbsError: 1.25526e+11
    Region: "bulk"	RelError: 1.01625e-04	AbsError: 1.25526e+11
      Equation: "ElectronContinuityEquation"	RelError: 7.73941e-05	AbsError: 1.16211e+11
      Equation: "HoleContinuityEquation"	RelError: 2.40559e-05	AbsError: 9.31528e+09
      Equation: "PotentialEquation"	RelError: 1.75284e-07	AbsError: 3.01976e-09
    Region: "gate"	RelError: 3.10640e-11	AbsError: 1.51122e+09
      Equation: "ElectronContinuityEquation"	RelError: 1.52196e-11	AbsError: 1.51122e+09
      Equation: "HoleContinuityEquation"	RelError: 1.53076e-11	AbsError: 1.54163e-11
      Equation: "PotentialEquation"	RelError: 5.36899e-13	AbsError: 3.95099e-13
    Region: "oxide"	RelError: 3.40057e-06	AbsError: 2.66481e-09
      Equation: "PotentialEquation"	RelError: 3.40057e-06	AbsError: 2.66481e-09
Iteration: 3
  Device: "mos2d"	RelError: 1.47524e-10	AbsError: 8.14638e+03
    Region: "bulk"	RelError: 1.47281e-10	AbsError: 3.05976e+03
      Equation: "ElectronContinuityEquation"	RelError: 7.27473e-11	AbsError: 2.70053e+03
      Equation: "HoleContinuityEquation"	RelError: 7.43709e-11	AbsError: 3.59228e+02
      Equation: "PotentialEquation"	RelError: 1.62396e-13	AbsError: 3.92954e-16
    Region: "gate"	RelError: 3.92353e-16	AbsError: 8.14638e+03
      Equation: "ElectronContinuityEquation"	RelError: 8.14641e-17	AbsError: 8.14638e+03
      Equation: "HoleContinuityEquation"	RelError: 2.30219e-16	AbsError: 2.30220e-16
      Equation: "PotentialEquation"	RelError: 8.06701e-17	AbsError: 5.93720e-17
    Region: "oxide"	RelError: 2.43368e-13	AbsError: 1.08278e-16
      Equation: "PotentialEquation"	RelError: 2.43368e-13	AbsError: 1.08278e-16
Succeeded
gate last end 1.400000e-01 5.000000e-01
number of equations 5550
Iteration: 0
  Device: "mos2d"	RelError: 9.95784e+01	AbsError: 1.85366e+16
    Region: "bulk"	RelError: 2.17776e+01	AbsError: 1.85366e+16
      Equation: "ElectronContinuityEquation"	RelError: 2.54512e-01	AbsError: 1.63014e+16
      Equation: "HoleContinuityEquation"	RelError: 5.18381e-01	AbsError: 2.23520e+15
      Equation: "PotentialEquation"	RelError: 2.10047e+01	AbsError: 8.83799e-03
    Region: "gate"	RelError: 2.67844e-02	AbsError: 1.63571e+16
      Equation: "ElectronContinuityEquation"	RelError: 1.64396e-04	AbsError: 1.63571e+16
      Equation: "HoleContinuityEquation"	RelError: 1.64342e-04	AbsError: 1.65170e-04
      Equation: "PotentialEquation"	RelError: 2.64557e-02	AbsError: 2.00000e-02
    Region: "oxide"	RelError: 7.77740e+01	AbsError: 1.99975e-02
      Equation: "PotentialEquation"	RelError: 7.77740e+01	AbsError: 1.99975e-02
Iteration: 1
  Device: "mos2d"	RelError: 4.46570e-01	AbsError: 7.80551e+14
    Region: "bulk"	RelError: 1.56652e-01	AbsError: 7.80551e+14
      Equation: "ElectronContinuityEquation"	RelError: 4.73851e-02	AbsError: 7.28678e+14
      Equation: "HoleContinuityEquation"	RelError: 7.25809e-02	AbsError: 5.18732e+13
      Equation: "PotentialEquation"	RelError: 3.66857e-02	AbsError: 4.92162e-05
    Region: "gate"	RelError: 5.89107e-07	AbsError: 2.92276e+13
      Equation: "ElectronContinuityEquation"	RelError: 2.94381e-07	AbsError: 2.92276e+13
      Equation: "HoleContinuityEquation"	RelError: 2.84808e-07	AbsError: 2.86860e-07
      Equation: "PotentialEquation"	RelError: 9.91785e-09	AbsError: 7.49679e-09
    Region: "oxide"	RelError: 2.89917e-01	AbsError: 3.49522e-05
      Equation: "PotentialEquation"	RelError: 2.89917e-01	AbsError: 3.49522e-05
Iteration: 2
  Device: "mos2d"	RelError: 1.17570e-04	AbsError: 1.39608e+11
    Region: "bulk"	RelError: 1.03757e-04	AbsError: 1.39608e+11
      Equation: "ElectronContinuityEquation"	RelError: 7.83325e-05	AbsError: 1.30670e+11
      Equation: "HoleContinuityEquation"	RelError: 2.49132e-05	AbsError: 8.93787e+09
      Equation: "PotentialEquation"	RelError: 5.11706e-07	AbsError: 2.99227e-09
    Region: "gate"	RelError: 3.09679e-11	AbsError: 1.51765e+09
      Equation: "ElectronContinuityEquation"	RelError: 1.52332e-11	AbsError: 1.51765e+09
      Equation: "HoleContinuityEquation"	RelError: 1.52134e-11	AbsError: 1.52703e-11
      Equation: "PotentialEquation"	RelError: 5.21272e-13	AbsError: 3.94070e-13
    Region: "oxide"	RelError: 1.38127e-05	AbsError: 2.97213e-09
      Equation: "PotentialEquation"	RelError: 1.38127e-05	AbsError: 2.97213e-09
Iteration: 3
  Device: "mos2d"	RelError: 1.98244e-10	AbsError: 7.94601e+03
    Region: "bulk"	RelError: 1.97890e-10	AbsError: 3.83320e+03
      Equation: "ElectronContinuityEquation"	RelError: 9.47034e-11	AbsError: 3.44565e+03
      Equation: "HoleContinuityEquation"	RelError: 1.03154e-10	AbsError: 3.87551e+02
      Equation: "PotentialEquation"	RelError: 3.16654e-14	AbsError: 2.69992e-16
    Region: "gate"	RelError: 4.03439e-16	AbsError: 7.94601e+03
      Equation: "ElectronContinuityEquation"	RelError: 7.94601e-17	AbsError: 7.94601e+03
      Equation: "HoleContinuityEquation"	RelError: 2.50789e-16	AbsError: 2.52073e-16
      Equation: "PotentialEquation"	RelError: 7.31905e-17	AbsError: 5.53375e-17
    Region: "oxide"	RelError: 3.53636e-13	AbsError: 9.28245e-17
      Equation: "PotentialEquation"	RelError: 3.53636e-13	AbsError: 9.28245e-17
Succeeded
gate last end 1.600000e-01 5.000000e-01
number of equations 5550
Iteration: 0
  Device: "mos2d"	RelError: 8.59064e+00	AbsError: 1.99984e+16
    Region: "bulk"	RelError: 3.97080e+00	AbsError: 1.99984e+16
      Equation: "ElectronContinuityEquation"	RelError: 2.55476e-01	AbsError: 1.77712e+16
      Equation: "HoleContinuityEquation"	RelError: 5.22394e-01	AbsError: 2.22728e+15
      Equation: "PotentialEquation"	RelError: 3.19293e+00	AbsError: 8.88293e-03
    Region: "gate"	RelError: 2.61030e-02	AbsError: 1.63768e+16
      Equation: "ElectronContinuityEquation"	RelError: 1.64621e-04	AbsError: 1.63768e+16
      Equation: "HoleContinuityEquation"	RelError: 1.64567e-04	AbsError: 1.65423e-04
      Equation: "PotentialEquation"	RelError: 2.57738e-02	AbsError: 2.00000e-02
    Region: "oxide"	RelError: 4.59373e+00	AbsError: 1.99976e-02
      Equation: "PotentialEquation"	RelError: 4.59373e+00	AbsError: 1.99976e-02
Iteration: 1
  Device: "mos2d"	RelError: 1.41064e-01	AbsError: 8.17216e+14
    Region: "bulk"	RelError: 1.26733e-01	AbsError: 8.17216e+14
      Equation: "ElectronContinuityEquation"	RelError: 4.78736e-02	AbsError: 7.65906e+14
      Equation: "HoleContinuityEquation"	RelError: 7.34427e-02	AbsError: 5.13102e+13
      Equation: "PotentialEquation"	RelError: 5.41688e-03	AbsError: 4.85141e-05
    Region: "gate"	RelError: 5.74875e-07	AbsError: 2.85368e+13
      Equation: "ElectronContinuityEquation"	RelError: 2.87451e-07	AbsError: 2.85368e+13
      Equation: "HoleContinuityEquation"	RelError: 2.77991e-07	AbsError: 2.80020e-07
      Equation: "PotentialEquation"	RelError: 9.43288e-09	AbsError: 7.31884e-09
    Region: "oxide"	RelError: 1.43308e-02	AbsError: 3.41368e-05
      Equation: "PotentialEquation"	RelError: 1.43308e-02	AbsError: 3.41368e-05
Iteration: 2
  Device: "mos2d"	RelError: 1.06066e-04	AbsError: 1.53957e+11
    Region: "bulk"	RelError: 1.05327e-04	AbsError: 1.53957e+11
      Equation: "ElectronContinuityEquation"	RelError: 7.93148e-05	AbsError: 1.45080e+11
      Equation: "HoleContinuityEquation"	RelError: 2.58259e-05	AbsError: 8.87665e+09
      Equation: "PotentialEquation"	RelError: 1.86618e-07	AbsError: 3.27722e-09
    Region: "gate"	RelError: 3.83164e-11	AbsError: 1.87876e+09
      Equation: "ElectronContinuityEquation"	RelError: 1.88581e-11	AbsError: 1.87876e+09
      Equation: "HoleContinuityEquation"	RelError: 1.88298e-11	AbsError: 1.89005e-11
      Equation: "PotentialEquation"	RelError: 6.28539e-13	AbsError: 4.87732e-13
    Region: "oxide"	RelError: 7.38909e-07	AbsError: 3.27722e-09
      Equation: "PotentialEquation"	RelError: 7.38909e-07	AbsError: 3.27722e-09
Iteration: 3
  Device: "mos2d"	RelError: 1.06715e-10	AbsError: 7.93867e+03
    Region: "bulk"	RelError: 1.06697e-10	AbsError: 4.33433e+03
      Equation: "ElectronContinuityEquation"	RelError: 4.63255e-11	AbsError: 4.00985e+03
      Equation: "HoleContinuityEquation"	RelError: 6.03170e-11	AbsError: 3.24482e+02
      Equation: "PotentialEquation"	RelError: 5.44578e-14	AbsError: 3.16787e-16
    Region: "gate"	RelError: 5.50260e-16	AbsError: 7.93867e+03
      Equation: "ElectronContinuityEquation"	RelError: 7.93870e-17	AbsError: 7.93867e+03
      Equation: "HoleContinuityEquation"	RelError: 2.65653e-16	AbsError: 2.67293e-16
      Equation: "PotentialEquation"	RelError: 2.05220e-16	AbsError: 1.59266e-16
    Region: "oxide"	RelError: 1.77586e-14	AbsError: 1.51681e-16
      Equation: "PotentialEquation"	RelError: 1.77586e-14	AbsError: 1.51681e-16
Succeeded
gate last end 1.800000e-01 5.000000e-01
number of equations 5550
Iteration: 0
  Device: "mos2d"	RelError: 2.90020e+01	AbsError: 2.15257e+16
    Region: "bulk"	RelError: 1.66377e+01	AbsError: 2.15257e+16
      Equation: "ElectronContinuityEquation"	RelError: 2.56493e-01	AbsError: 1.93145e+16
      Equation: "HoleContinuityEquation"	RelError: 5.26665e-01	AbsError: 2.21127e+15
      Equation: "PotentialEquation"	RelError: 1.58545e+01	AbsError: 8.93049e-03
    Region: "gate"	RelError: 2.54559e-02	AbsError: 1.63987e+16
      Equation: "ElectronContinuityEquation"	RelError: 1.64868e-04	AbsError: 1.63987e+16
      Equation: "HoleContinuityEquation"	RelError: 1.64813e-04	AbsError: 1.65699e-04
      Equation: "PotentialEquation"	RelError: 2.51263e-02	AbsError: 2.00000e-02
    Region: "oxide"	RelError: 1.23389e+01	AbsError: 1.99976e-02
      Equation: "PotentialEquation"	RelError: 1.23389e+01	AbsError: 1.99976e-02
Iteration: 1
  Device: "mos2d"	RelError: 1.83980e-01	AbsError: 8.51150e+14
    Region: "bulk"	RelError: 1.45655e-01	AbsError: 8.51150e+14
      Equation: "ElectronContinuityEquation"	RelError: 4.83499e-02	AbsError: 8.00188e+14
      Equation: "HoleContinuityEquation"	RelError: 7.42845e-02	AbsError: 5.09623e+13
      Equation: "PotentialEquation"	RelError: 2.30201e-02	AbsError: 4.77599e-05
    Region: "gate"	RelError: 5.60846e-07	AbsError: 2.78550e+13
      Equation: "ElectronContinuityEquation"	RelError: 2.80611e-07	AbsError: 2.78550e+13
      Equation: "HoleContinuityEquation"	RelError: 2.71260e-07	AbsError: 2.73266e-07
      Equation: "PotentialEquation"	RelError: 8.97516e-09	AbsError: 7.14318e-09
    Region: "oxide"	RelError: 3.83253e-02	AbsError: 3.33316e-05
      Equation: "PotentialEquation"	RelError: 3.83253e-02	AbsError: 3.33316e-05
Iteration: 2
  Device: "mos2d"	RelError: 1.10898e-04	AbsError: 1.67681e+11
    Region: "bulk"	RelError: 1.08906e-04	AbsError: 1.67681e+11
      Equation: "ElectronContinuityEquation"	RelError: 8.03438e-05	AbsError: 1.58982e+11
      Equation: "HoleContinuityEquation"	RelError: 2.67755e-05	AbsError: 8.69967e+09
      Equation: "PotentialEquation"	RelError: 1.78713e-06	AbsError: 4.04043e-09
    Region: "gate"	RelError: 4.83546e-11	AbsError: 2.37161e+09
      Equation: "ElectronContinuityEquation"	RelError: 2.38083e-11	AbsError: 2.37161e+09
      Equation: "HoleContinuityEquation"	RelError: 2.37726e-11	AbsError: 2.38651e-11
      Equation: "PotentialEquation"	RelError: 7.73705e-13	AbsError: 6.15849e-13
    Region: "oxide"	RelError: 1.99157e-06	AbsError: 4.04043e-09
      Equation: "PotentialEquation"	RelError: 1.99157e-06	AbsError: 4.04043e-09
Iteration: 3
  Device: "mos2d"	RelError: 3.33910e-10	AbsError: 8.18511e+03
    Region: "bulk"	RelError: 3.33893e-10	AbsError: 5.67940e+03
      Equation: "ElectronContinuityEquation"	RelError: 2.40778e-10	AbsError: 5.32884e+03
      Equation: "HoleContinuityEquation"	RelError: 9.28868e-11	AbsError: 3.50557e+02
      Equation: "PotentialEquation"	RelError: 2.28539e-13	AbsError: 3.41494e-16
    Region: "gate"	RelError: 3.95927e-16	AbsError: 8.18511e+03
      Equation: "ElectronContinuityEquation"	RelError: 8.18511e-17	AbsError: 8.18511e+03
      Equation: "HoleContinuityEquation"	RelError: 2.44285e-16	AbsError: 2.45933e-16
      Equation: "PotentialEquation"	RelError: 6.97900e-17	AbsError: 5.55580e-17
    Region: "oxide"	RelError: 1.60774e-14	AbsError: 1.71757e-16
      Equation: "PotentialEquation"	RelError: 1.60774e-14	AbsError: 1.71757e-16
Succeeded
gate last end 2.000000e-01 5.000000e-01
number of equations 5550
Iteration: 0
  Device: "mos2d"	RelError: 3.47719e+01	AbsError: 2.31123e+16
    Region: "bulk"	RelError: 2.02938e+01	AbsError: 2.31123e+16
      Equation: "ElectronContinuityEquation"	RelError: 2.57606e-01	AbsError: 2.09252e+16
      Equation: "HoleContinuityEquation"	RelError: 5.31377e-01	AbsError: 2.18717e+15
      Equation: "PotentialEquation"	RelError: 1.95048e+01	AbsError: 8.98267e-03
    Region: "gate"	RelError: 2.48406e-02	AbsError: 1.64227e+16
      Equation: "ElectronContinuityEquation"	RelError: 1.65136e-04	AbsError: 1.64227e+16
      Equation: "HoleContinuityEquation"	RelError: 1.65082e-04	AbsError: 1.65996e-04
      Equation: "PotentialEquation"	RelError: 2.45104e-02	AbsError: 2.00000e-02
    Region: "oxide"	RelError: 1.44533e+01	AbsError: 1.99976e-02
      Equation: "PotentialEquation"	RelError: 1.44533e+01	AbsError: 1.99976e-02
Iteration: 1
  Device: "mos2d"	RelError: 1.91516e-01	AbsError: 8.81059e+14
    Region: "bulk"	RelError: 1.59889e-01	AbsError: 8.81059e+14
      Equation: "ElectronContinuityEquation"	RelError: 4.88141e-02	AbsError: 8.30733e+14
      Equation: "HoleContinuityEquation"	RelError: 7.51937e-02	AbsError: 5.03265e+13
      Equation: "PotentialEquation"	RelError: 3.58815e-02	AbsError: 4.69614e-05
    Region: "gate"	RelError: 5.47021e-07	AbsError: 2.71824e+13
      Equation: "ElectronContinuityEquation"	RelError: 2.73862e-07	AbsError: 2.71824e+13
      Equation: "HoleContinuityEquation"	RelError: 2.64616e-07	AbsError: 2.66599e-07
      Equation: "PotentialEquation"	RelError: 8.54270e-09	AbsError: 6.96983e-09
    Region: "oxide"	RelError: 3.16260e-02	AbsError: 3.25368e-05
      Equation: "PotentialEquation"	RelError: 3.16260e-02	AbsError: 3.25368e-05
Iteration: 2
  Device: "mos2d"	RelError: 1.11249e-04	AbsError: 1.91584e+11
    Region: "bulk"	RelError: 1.10089e-04	AbsError: 1.91584e+11
      Equation: "ElectronContinuityEquation"	RelError: 8.14572e-05	AbsError: 1.82812e+11
      Equation: "HoleContinuityEquation"	RelError: 2.77382e-05	AbsError: 8.77215e+09
      Equation: "PotentialEquation"	RelError: 8.93992e-07	AbsError: 5.04995e-09
    Region: "gate"	RelError: 6.02417e-11	AbsError: 2.95535e+09
      Equation: "ElectronContinuityEquation"	RelError: 2.96724e-11	AbsError: 2.95535e+09
      Equation: "HoleContinuityEquation"	RelError: 2.96286e-11	AbsError: 2.97478e-11
      Equation: "PotentialEquation"	RelError: 9.40729e-13	AbsError: 7.67607e-13
    Region: "oxide"	RelError: 1.15917e-06	AbsError: 5.04995e-09
      Equation: "PotentialEquation"	RelError: 1.15917e-06	AbsError: 5.04995e-09
Iteration: 3
  Device: "mos2d"	RelError: 1.03070e-10	AbsError: 8.97787e+03
    Region: "bulk"	RelError: 1.03042e-10	AbsError: 8.97787e+03
      Equation: "ElectronContinuityEquation"	RelError: 7.17890e-11	AbsError: 8.65798e+03
      Equation: "HoleContinuityEquation"	RelError: 3.11706e-11	AbsError: 3.19887e+02
      Equation: "PotentialEquation"	RelError: 8.23506e-14	AbsError: 2.62299e-16
    Region: "gate"	RelError: 4.29570e-16	AbsError: 8.13372e+03
      Equation: "ElectronContinuityEquation"	RelError: 8.13372e-17	AbsError: 8.13372e+03
      Equation: "HoleContinuityEquation"	RelError: 2.82052e-16	AbsError: 2.84161e-16
      Equation: "PotentialEquation"	RelError: 6.61813e-17	AbsError: 5.40089e-17
    Region: "oxide"	RelError: 2.71401e-14	AbsError: 2.62299e-16
      Equation: "PotentialEquation"	RelError: 2.71401e-14	AbsError: 2.62299e-16
Succeeded
gate last end 2.200000e-01 5.000000e-01
number of equations 5550
Iteration: 0
  Device: "mos2d"	RelError: 5.96830e+01	AbsError: 2.47506e+16
    Region: "bulk"	RelError: 3.02267e+01	AbsError: 2.47506e+16
      Equation: "ElectronContinuityEquation"	RelError: 2.58683e-01	AbsError: 2.25955e+16
      Equation: "HoleContinuityEquation"	RelError: 5.35981e-01	AbsError: 2.15510e+15
      Equation: "PotentialEquation"	RelError: 2.94321e+01	AbsError: 9.03335e-03
    Region: "gate"	RelError: 2.42548e-02	AbsError: 1.64489e+16
      Equation: "ElectronContinuityEquation"	RelError: 1.65428e-04	AbsError: 1.64489e+16
      Equation: "HoleContinuityEquation"	RelError: 1.65373e-04	AbsError: 1.66316e-04
      Equation: "PotentialEquation"	RelError: 2.39240e-02	AbsError: 2.00000e-02
    Region: "oxide"	RelError: 2.94321e+01	AbsError: 1.99976e-02
      Equation: "PotentialEquation"	RelError: 2.94321e+01	AbsError: 1.99976e-02
Iteration: 1
  Device: "mos2d"	RelError: 2.60415e-01	AbsError: 9.06261e+14
    Region: "bulk"	RelError: 1.92933e-01	AbsError: 9.06261e+14
      Equation: "ElectronContinuityEquation"	RelError: 4.92661e-02	AbsError: 8.56763e+14
      Equation: "HoleContinuityEquation"	RelError: 7.61859e-02	AbsError: 4.94984e+13
      Equation: "PotentialEquation"	RelError: 6.74815e-02	AbsError: 4.63379e-05
    Region: "gate"	RelError: 5.33402e-07	AbsError: 2.65193e+13
      Equation: "ElectronContinuityEquation"	RelError: 2.67205e-07	AbsError: 2.65193e+13
      Equation: "HoleContinuityEquation"	RelError: 2.58063e-07	AbsError: 2.60022e-07
      Equation: "PotentialEquation"	RelError: 8.13378e-09	AbsError: 6.79886e-09
    Region: "oxide"	RelError: 6.74815e-02	AbsError: 3.38353e-05
      Equation: "PotentialEquation"	RelError: 6.74815e-02	AbsError: 3.38353e-05
Iteration: 2
  Device: "mos2d"	RelError: 1.15319e-04	AbsError: 2.36723e+11
    Region: "bulk"	RelError: 1.13312e-04	AbsError: 2.36723e+11
      Equation: "ElectronContinuityEquation"	RelError: 8.26201e-05	AbsError: 2.28081e+11
      Equation: "HoleContinuityEquation"	RelError: 2.86849e-05	AbsError: 8.64207e+09
      Equation: "PotentialEquation"	RelError: 2.00673e-06	AbsError: 6.21175e-09
    Region: "gate"	RelError: 7.38936e-11	AbsError: 3.62597e+09
      Equation: "ElectronContinuityEquation"	RelError: 3.64105e-11	AbsError: 3.62597e+09
      Equation: "HoleContinuityEquation"	RelError: 3.63563e-11	AbsError: 3.65076e-11
      Equation: "PotentialEquation"	RelError: 1.12676e-12	AbsError: 9.41931e-13
    Region: "oxide"	RelError: 2.00673e-06	AbsError: 6.21175e-09
      Equation: "PotentialEquation"	RelError: 2.00673e-06	AbsError: 6.21175e-09
Iteration: 3
  Device: "mos2d"	RelError: 2.65438e-10	AbsError: 1.38847e+04
    Region: "bulk"	RelError: 2.65329e-10	AbsError: 1.38847e+04
      Equation: "ElectronContinuityEquation"	RelError: 1.74147e-10	AbsError: 1.34874e+04
      Equation: "HoleContinuityEquation"	RelError: 9.10728e-11	AbsError: 3.97317e+02
      Equation: "PotentialEquation"	RelError: 1.09067e-13	AbsError: 3.46635e-16
    Region: "gate"	RelError: 3.32823e-16	AbsError: 8.15079e+03
      Equation: "ElectronContinuityEquation"	RelError: 8.15079e-17	AbsError: 8.15079e+03
      Equation: "HoleContinuityEquation"	RelError: 1.84695e-16	AbsError: 1.84696e-16
      Equation: "PotentialEquation"	RelError: 6.66195e-17	AbsError: 5.56989e-17
    Region: "oxide"	RelError: 1.09067e-13	AbsError: 3.46635e-16
      Equation: "PotentialEquation"	RelError: 1.09067e-13	AbsError: 3.46635e-16
Succeeded
gate last end 2.400000e-01 5.000000e-01
number of equations 5550
Iteration: 0
  Device: "mos2d"	RelError: 1.26574e+02	AbsError: 2.64543e+16
    Region: "bulk"	RelError: 1.24176e+02	AbsError: 2.64543e+16
      Equation: "ElectronContinuityEquation"	RelError: 2.59726e-01	AbsError: 2.43162e+16
      Equation: "HoleContinuityEquation"	RelError: 5.40478e-01	AbsError: 2.13809e+15
      Equation: "PotentialEquation"	RelError: 1.23376e+02	AbsError: 9.08254e-03
    Region: "gate"	RelError: 2.36965e-02	AbsError: 1.64775e+16
      Equation: "ElectronContinuityEquation"	RelError: 1.65742e-04	AbsError: 1.64775e+16
      Equation: "HoleContinuityEquation"	RelError: 1.65688e-04	AbsError: 1.66660e-04
      Equation: "PotentialEquation"	RelError: 2.33651e-02	AbsError: 2.00000e-02
    Region: "oxide"	RelError: 2.37346e+00	AbsError: 1.99976e-02
      Equation: "PotentialEquation"	RelError: 2.37346e+00	AbsError: 1.99976e-02
Iteration: 1
  Device: "mos2d"	RelError: 3.17721e-01	AbsError: 9.61202e+14
    Region: "bulk"	RelError: 3.11402e-01	AbsError: 9.61202e+14
      Equation: "ElectronContinuityEquation"	RelError: 4.97060e-02	AbsError: 9.12508e+14
      Equation: "HoleContinuityEquation"	RelError: 7.71564e-02	AbsError: 4.86943e+13
      Equation: "PotentialEquation"	RelError: 1.84539e-01	AbsError: 4.58385e-05
    Region: "gate"	RelError: 5.33376e-07	AbsError: 2.58658e+13
      Equation: "ElectronContinuityEquation"	RelError: 2.60646e-07	AbsError: 2.58658e+13
      Equation: "HoleContinuityEquation"	RelError: 2.64983e-07	AbsError: 2.66121e-07
      Equation: "PotentialEquation"	RelError: 7.74685e-09	AbsError: 6.63034e-09
    Region: "oxide"	RelError: 6.31882e-03	AbsError: 3.69996e-05
      Equation: "PotentialEquation"	RelError: 6.31882e-03	AbsError: 3.69996e-05
Iteration: 2
  Device: "mos2d"	RelError: 1.16858e-04	AbsError: 2.87137e+11
    Region: "bulk"	RelError: 1.16530e-04	AbsError: 2.87137e+11
      Equation: "ElectronContinuityEquation"	RelError: 8.38742e-05	AbsError: 2.78800e+11
      Equation: "HoleContinuityEquation"	RelError: 2.95826e-05	AbsError: 8.33663e+09
      Equation: "PotentialEquation"	RelError: 3.07309e-06	AbsError: 7.50516e-09
    Region: "gate"	RelError: 8.90419e-11	AbsError: 4.37027e+09
      Equation: "ElectronContinuityEquation"	RelError: 4.38904e-11	AbsError: 4.37027e+09
      Equation: "HoleContinuityEquation"	RelError: 4.38251e-11	AbsError: 4.40134e-11
      Equation: "PotentialEquation"	RelError: 1.32632e-12	AbsError: 1.13529e-12
    Region: "oxide"	RelError: 3.28357e-07	AbsError: 7.50516e-09
      Equation: "PotentialEquation"	RelError: 3.28357e-07	AbsError: 7.50516e-09
Iteration: 3
  Device: "mos2d"	RelError: 1.81717e-10	AbsError: 2.08315e+04
    Region: "bulk"	RelError: 1.81701e-10	AbsError: 2.08315e+04
      Equation: "ElectronContinuityEquation"	RelError: 1.54806e-10	AbsError: 2.04440e+04
      Equation: "HoleContinuityEquation"	RelError: 2.62030e-11	AbsError: 3.87443e+02
      Equation: "PotentialEquation"	RelError: 6.91467e-13	AbsError: 6.24867e-16
    Region: "gate"	RelError: 5.25330e-16	AbsError: 8.18373e+03
      Equation: "ElectronContinuityEquation"	RelError: 8.18373e-17	AbsError: 8.18373e+03
      Equation: "HoleContinuityEquation"	RelError: 2.49118e-16	AbsError: 2.49119e-16
      Equation: "PotentialEquation"	RelError: 1.94374e-16	AbsError: 1.66399e-16
    Region: "oxide"	RelError: 1.54735e-14	AbsError: 6.24867e-16
      Equation: "PotentialEquation"	RelError: 1.54735e-14	AbsError: 6.24867e-16
Succeeded
gate last end 2.600000e-01 5.000000e-01
number of equations 5550
Iteration: 0
  Device: "mos2d"	RelError: 2.99249e+01	AbsError: 2.82026e+16
    Region: "bulk"	RelError: 1.63122e+01	AbsError: 2.82026e+16
      Equation: "ElectronContinuityEquation"	RelError: 2.60735e-01	AbsError: 2.60766e+16
      Equation: "HoleContinuityEquation"	RelError: 5.44865e-01	AbsError: 2.12605e+15
      Equation: "PotentialEquation"	RelError: 1.55066e+01	AbsError: 9.13026e-03
    Region: "gate"	RelError: 2.31637e-02	AbsError: 1.65084e+16
      Equation: "ElectronContinuityEquation"	RelError: 1.66081e-04	AbsError: 1.65084e+16
      Equation: "HoleContinuityEquation"	RelError: 1.66026e-04	AbsError: 1.67028e-04
      Equation: "PotentialEquation"	RelError: 2.28316e-02	AbsError: 2.00000e-02
    Region: "oxide"	RelError: 1.35895e+01	AbsError: 1.99976e-02
      Equation: "PotentialEquation"	RelError: 1.35895e+01	AbsError: 1.99976e-02
Iteration: 1
  Device: "mos2d"	RelError: 1.97426e-01	AbsError: 1.04299e+15
    Region: "bulk"	RelError: 1.61315e-01	AbsError: 1.04299e+15
      Equation: "ElectronContinuityEquation"	RelError: 5.01544e-02	AbsError: 9.94776e+14
      Equation: "HoleContinuityEquation"	RelError: 7.81050e-02	AbsError: 4.82134e+13
      Equation: "PotentialEquation"	RelError: 3.30556e-02	AbsError: 4.52756e-05
    Region: "gate"	RelError: 5.67667e-07	AbsError: 2.69332e+13
      Equation: "ElectronContinuityEquation"	RelError: 2.70526e-07	AbsError: 2.69332e+13
      Equation: "HoleContinuityEquation"	RelError: 2.88875e-07	AbsError: 2.90156e-07
      Equation: "PotentialEquation"	RelError: 8.26600e-09	AbsError: 7.24068e-09
    Region: "oxide"	RelError: 3.61100e-02	AbsError: 4.01792e-05
      Equation: "PotentialEquation"	RelError: 3.61100e-02	AbsError: 4.01792e-05
Iteration: 2
  Device: "mos2d"	RelError: 1.18383e-04	AbsError: 3.41832e+11
    Region: "bulk"	RelError: 1.16693e-04	AbsError: 3.41832e+11
      Equation: "ElectronContinuityEquation"	RelError: 8.52170e-05	AbsError: 3.33565e+11
      Equation: "HoleContinuityEquation"	RelError: 3.03954e-05	AbsError: 8.26722e+09
      Equation: "PotentialEquation"	RelError: 1.08079e-06	AbsError: 8.89154e-09
    Region: "gate"	RelError: 1.05201e-10	AbsError: 5.16448e+09
      Equation: "ElectronContinuityEquation"	RelError: 5.18737e-11	AbsError: 5.16448e+09
      Equation: "HoleContinuityEquation"	RelError: 5.17955e-11	AbsError: 5.20250e-11
      Equation: "PotentialEquation"	RelError: 1.53176e-12	AbsError: 1.34176e-12
    Region: "oxide"	RelError: 1.68983e-06	AbsError: 8.89154e-09
      Equation: "PotentialEquation"	RelError: 1.68983e-06	AbsError: 8.89154e-09
Iteration: 3
  Device: "mos2d"	RelError: 2.63837e-10	AbsError: 2.91742e+04
    Region: "bulk"	RelError: 2.63778e-10	AbsError: 2.91742e+04
      Equation: "ElectronContinuityEquation"	RelError: 9.60763e-11	AbsError: 2.87991e+04
      Equation: "HoleContinuityEquation"	RelError: 1.67598e-10	AbsError: 3.75062e+02
      Equation: "PotentialEquation"	RelError: 1.04144e-13	AbsError: 7.53185e-16
    Region: "gate"	RelError: 5.41986e-16	AbsError: 8.16473e+03
      Equation: "ElectronContinuityEquation"	RelError: 8.16473e-17	AbsError: 8.16473e+03
      Equation: "HoleContinuityEquation"	RelError: 2.64018e-16	AbsError: 2.66072e-16
      Equation: "PotentialEquation"	RelError: 1.96321e-16	AbsError: 1.71969e-16
    Region: "oxide"	RelError: 5.79027e-14	AbsError: 7.53185e-16
      Equation: "PotentialEquation"	RelError: 5.79027e-14	AbsError: 7.53185e-16
Succeeded
gate last end 2.800000e-01 5.000000e-01
number of equations 5550
Iteration: 0
  Device: "mos2d"	RelError: 5.27976e+01	AbsError: 2.99789e+16
    Region: "bulk"	RelError: 4.18911e+01	AbsError: 2.99789e+16
      Equation: "ElectronContinuityEquation"	RelError: 2.61710e-01	AbsError: 2.78645e+16
      Equation: "HoleContinuityEquation"	RelError: 5.49142e-01	AbsError: 2.11434e+15
      Equation: "PotentialEquation"	RelError: 4.10803e+01	AbsError: 9.17653e-03
    Region: "gate"	RelError: 2.26548e-02	AbsError: 1.65418e+16
      Equation: "ElectronContinuityEquation"	RelError: 1.66444e-04	AbsError: 1.65418e+16
      Equation: "HoleContinuityEquation"	RelError: 1.66389e-04	AbsError: 1.67421e-04
      Equation: "PotentialEquation"	RelError: 2.23220e-02	AbsError: 2.00000e-02
    Region: "oxide"	RelError: 1.08838e+01	AbsError: 1.99976e-02
      Equation: "PotentialEquation"	RelError: 1.08838e+01	AbsError: 1.99976e-02
Iteration: 1
  Device: "mos2d"	RelError: 2.39997e-01	AbsError: 1.12195e+15
    Region: "bulk"	RelError: 2.14381e-01	AbsError: 1.12195e+15
      Equation: "ElectronContinuityEquation"	RelError: 5.06351e-02	AbsError: 1.07386e+15
      Equation: "HoleContinuityEquation"	RelError: 7.90314e-02	AbsError: 4.80810e+13
      Equation: "PotentialEquation"	RelError: 8.47140e-02	AbsError: 4.46567e-05
    Region: "gate"	RelError: 6.16110e-07	AbsError: 2.93077e+13
      Equation: "ElectronContinuityEquation"	RelError: 2.94417e-07	AbsError: 2.93077e+13
      Equation: "HoleContinuityEquation"	RelError: 3.12920e-07	AbsError: 3.14350e-07
      Equation: "PotentialEquation"	RelError: 8.77402e-09	AbsError: 7.86114e-09
    Region: "oxide"	RelError: 2.56163e-02	AbsError: 4.33080e-05
      Equation: "PotentialEquation"	RelError: 2.56163e-02	AbsError: 4.33080e-05
Iteration: 2
  Device: "mos2d"	RelError: 1.20413e-04	AbsError: 3.98395e+11
    Region: "bulk"	RelError: 1.19425e-04	AbsError: 3.98395e+11
      Equation: "ElectronContinuityEquation"	RelError: 8.65750e-05	AbsError: 3.90229e+11
      Equation: "HoleContinuityEquation"	RelError: 3.10869e-05	AbsError: 8.16641e+09
      Equation: "PotentialEquation"	RelError: 1.76258e-06	AbsError: 1.03137e-08
    Region: "gate"	RelError: 1.21671e-10	AbsError: 5.97422e+09
      Equation: "ElectronContinuityEquation"	RelError: 6.00152e-11	AbsError: 5.97422e+09
      Equation: "HoleContinuityEquation"	RelError: 5.99229e-11	AbsError: 6.01967e-11
      Equation: "PotentialEquation"	RelError: 1.73261e-12	AbsError: 1.55235e-12
    Region: "oxide"	RelError: 9.88169e-07	AbsError: 1.03137e-08
      Equation: "PotentialEquation"	RelError: 9.88169e-07	AbsError: 1.03137e-08
Iteration: 3
  Device: "mos2d"	RelError: 2.30977e-10	AbsError: 4.00179e+04
    Region: "bulk"	RelError: 2.30882e-10	AbsError: 4.00179e+04
      Equation: "ElectronContinuityEquation"	RelError: 7.19510e-11	AbsError: 3.95708e+04
      Equation: "HoleContinuityEquation"	RelError: 1.58454e-10	AbsError: 4.47122e+02
      Equation: "PotentialEquation"	RelError: 4.77014e-13	AbsError: 1.09859e-15
    Region: "gate"	RelError: 5.12151e-16	AbsError: 8.11077e+03
      Equation: "ElectronContinuityEquation"	RelError: 8.11857e-17	AbsError: 8.11077e+03
      Equation: "HoleContinuityEquation"	RelError: 2.45442e-16	AbsError: 2.45443e-16
      Equation: "PotentialEquation"	RelError: 1.85523e-16	AbsError: 1.66243e-16
    Region: "oxide"	RelError: 9.49663e-14	AbsError: 1.09859e-15
      Equation: "PotentialEquation"	RelError: 9.49663e-14	AbsError: 1.09859e-15
Succeeded
gate last end 3.000000e-01 5.000000e-01
number of equations 5550
Iteration: 0
  Device: "mos2d"	RelError: 5.29703e+02	AbsError: 3.17808e+16
    Region: "bulk"	RelError: 2.65249e+02	AbsError: 3.17808e+16
      Equation: "ElectronContinuityEquation"	RelError: 2.62719e-01	AbsError: 2.96670e+16
      Equation: "HoleContinuityEquation"	RelError: 5.53605e-01	AbsError: 2.11375e+15
      Equation: "PotentialEquation"	RelError: 2.64432e+02	AbsError: 9.22454e-03
    Region: "gate"	RelError: 2.21682e-02	AbsError: 1.65776e+16
      Equation: "ElectronContinuityEquation"	RelError: 1.66833e-04	AbsError: 1.65776e+16
      Equation: "HoleContinuityEquation"	RelError: 1.66777e-04	AbsError: 1.67840e-04
      Equation: "PotentialEquation"	RelError: 2.18346e-02	AbsError: 2.00000e-02
    Region: "oxide"	RelError: 2.64432e+02	AbsError: 1.99976e-02
      Equation: "PotentialEquation"	RelError: 2.64432e+02	AbsError: 1.99976e-02
Iteration: 1
  Device: "mos2d"	RelError: 9.66767e-01	AbsError: 1.19471e+15
    Region: "bulk"	RelError: 5.48903e-01	AbsError: 1.19471e+15
      Equation: "ElectronContinuityEquation"	RelError: 5.11038e-02	AbsError: 1.14719e+15
      Equation: "HoleContinuityEquation"	RelError: 7.99353e-02	AbsError: 4.75122e+13
      Equation: "PotentialEquation"	RelError: 4.17863e-01	AbsError: 4.63135e-05
    Region: "gate"	RelError: 6.64000e-07	AbsError: 3.16549e+13
      Equation: "ElectronContinuityEquation"	RelError: 3.18039e-07	AbsError: 3.16549e+13
      Equation: "HoleContinuityEquation"	RelError: 3.36709e-07	AbsError: 3.38294e-07
      Equation: "PotentialEquation"	RelError: 9.25246e-09	AbsError: 8.47482e-09
    Region: "oxide"	RelError: 4.17863e-01	AbsError: 4.63135e-05
      Equation: "PotentialEquation"	RelError: 4.17863e-01	AbsError: 4.63135e-05
Iteration: 2
  Device: "mos2d"	RelError: 1.57663e-04	AbsError: 4.53874e+11
    Region: "bulk"	RelError: 1.38612e-04	AbsError: 4.53874e+11
      Equation: "ElectronContinuityEquation"	RelError: 8.79381e-05	AbsError: 4.45966e+11
      Equation: "HoleContinuityEquation"	RelError: 3.16228e-05	AbsError: 7.90804e+09
      Equation: "PotentialEquation"	RelError: 1.90511e-05	AbsError: 1.16982e-08
    Region: "gate"	RelError: 1.37572e-10	AbsError: 6.75630e+09
      Equation: "ElectronContinuityEquation"	RelError: 6.78810e-11	AbsError: 6.75630e+09
      Equation: "HoleContinuityEquation"	RelError: 6.77739e-11	AbsError: 6.80929e-11
      Equation: "PotentialEquation"	RelError: 1.91692e-12	AbsError: 1.75581e-12
    Region: "oxide"	RelError: 1.90511e-05	AbsError: 1.16982e-08
      Equation: "PotentialEquation"	RelError: 1.90511e-05	AbsError: 1.16982e-08
Iteration: 3
  Device: "mos2d"	RelError: 1.68529e-10	AbsError: 5.15132e+04
    Region: "bulk"	RelError: 1.68316e-10	AbsError: 5.15132e+04
      Equation: "ElectronContinuityEquation"	RelError: 1.13814e-10	AbsError: 5.12204e+04
      Equation: "HoleContinuityEquation"	RelError: 5.42895e-11	AbsError: 2.92738e+02
      Equation: "PotentialEquation"	RelError: 2.12620e-13	AbsError: 1.36244e-15
    Region: "gate"	RelError: 4.86772e-16	AbsError: 8.11495e+03
      Equation: "ElectronContinuityEquation"	RelError: 8.11495e-17	AbsError: 8.11495e+03
      Equation: "HoleContinuityEquation"	RelError: 2.25668e-16	AbsError: 2.27008e-16
      Equation: "PotentialEquation"	RelError: 1.79954e-16	AbsError: 1.64851e-16
    Region: "oxide"	RelError: 2.12620e-13	AbsError: 1.36244e-15
      Equation: "PotentialEquation"	RelError: 2.12620e-13	AbsError: 1.36244e-15
Succeeded
gate last end 3.200000e-01 5.000000e-01
number of equations 5550
Iteration: 0
  Device: "mos2d"	RelError: 8.90437e+01	AbsError: 3.35765e+16
    Region: "bulk"	RelError: 7.36799e+01	AbsError: 3.35765e+16
      Equation: "ElectronContinuityEquation"	RelError: 2.63773e-01	AbsError: 3.14701e+16
      Equation: "HoleContinuityEquation"	RelError: 5.58304e-01	AbsError: 2.10643e+15
      Equation: "PotentialEquation"	RelError: 7.28578e+01	AbsError: 9.27478e-03
    Region: "gate"	RelError: 2.17025e-02	AbsError: 1.66160e+16
      Equation: "ElectronContinuityEquation"	RelError: 1.67247e-04	AbsError: 1.66160e+16
      Equation: "HoleContinuityEquation"	RelError: 1.67191e-04	AbsError: 1.68285e-04
      Equation: "PotentialEquation"	RelError: 2.13681e-02	AbsError: 2.00000e-02
    Region: "oxide"	RelError: 1.53421e+01	AbsError: 1.99976e-02
      Equation: "PotentialEquation"	RelError: 1.53421e+01	AbsError: 1.99976e-02
Iteration: 1
  Device: "mos2d"	RelError: 3.68876e-01	AbsError: 1.25864e+15
    Region: "bulk"	RelError: 3.26321e-01	AbsError: 1.25864e+15
      Equation: "ElectronContinuityEquation"	RelError: 5.15606e-02	AbsError: 1.21210e+15
      Equation: "HoleContinuityEquation"	RelError: 8.08937e-02	AbsError: 4.65462e+13
      Equation: "PotentialEquation"	RelError: 1.93867e-01	AbsError: 4.91210e-05
    Region: "gate"	RelError: 7.10485e-07	AbsError: 3.39326e+13
      Equation: "ElectronContinuityEquation"	RelError: 3.40971e-07	AbsError: 3.39326e+13
      Equation: "HoleContinuityEquation"	RelError: 3.59823e-07	AbsError: 3.61566e-07
      Equation: "PotentialEquation"	RelError: 9.69156e-09	AbsError: 9.07081e-09
    Region: "oxide"	RelError: 4.25542e-02	AbsError: 4.91210e-05
      Equation: "PotentialEquation"	RelError: 4.25542e-02	AbsError: 4.91210e-05
Iteration: 2
  Device: "mos2d"	RelError: 1.31270e-04	AbsError: 5.05035e+11
    Region: "bulk"	RelError: 1.29182e-04	AbsError: 5.05035e+11
      Equation: "ElectronContinuityEquation"	RelError: 8.92966e-05	AbsError: 4.97457e+11
      Equation: "HoleContinuityEquation"	RelError: 3.19736e-05	AbsError: 7.57775e+09
      Equation: "PotentialEquation"	RelError: 7.91208e-06	AbsError: 1.29615e-08
    Region: "gate"	RelError: 1.51925e-10	AbsError: 7.46263e+09
      Equation: "ElectronContinuityEquation"	RelError: 7.49879e-11	AbsError: 7.46263e+09
      Equation: "HoleContinuityEquation"	RelError: 7.48652e-11	AbsError: 7.52280e-11
      Equation: "PotentialEquation"	RelError: 2.07232e-12	AbsError: 1.93959e-12
    Region: "oxide"	RelError: 2.08753e-06	AbsError: 1.29615e-08
      Equation: "PotentialEquation"	RelError: 2.08753e-06	AbsError: 1.29615e-08
Iteration: 3
  Device: "mos2d"	RelError: 1.98816e-10	AbsError: 6.31905e+04
    Region: "bulk"	RelError: 1.98699e-10	AbsError: 6.31905e+04
      Equation: "ElectronContinuityEquation"	RelError: 9.64834e-11	AbsError: 6.28292e+04
      Equation: "HoleContinuityEquation"	RelError: 1.01167e-10	AbsError: 3.61352e+02
      Equation: "PotentialEquation"	RelError: 1.04761e-12	AbsError: 1.65858e-15
    Region: "gate"	RelError: 5.28704e-16	AbsError: 8.11237e+03
      Equation: "ElectronContinuityEquation"	RelError: 8.11237e-17	AbsError: 8.11237e+03
      Equation: "HoleContinuityEquation"	RelError: 2.70961e-16	AbsError: 2.72274e-16
      Equation: "PotentialEquation"	RelError: 1.76620e-16	AbsError: 1.65329e-16
    Region: "oxide"	RelError: 1.16767e-13	AbsError: 1.65858e-15
      Equation: "PotentialEquation"	RelError: 1.16767e-13	AbsError: 1.65858e-15
Succeeded
gate last end 3.400000e-01 5.000000e-01
number of equations 5550
Iteration: 0
  Device: "mos2d"	RelError: 1.89173e+02	AbsError: 3.53515e+16
    Region: "bulk"	RelError: 9.49896e+01	AbsError: 3.53515e+16
      Equation: "ElectronContinuityEquation"	RelError: 2.64793e-01	AbsError: 3.32592e+16
      Equation: "HoleContinuityEquation"	RelError: 5.62895e-01	AbsError: 2.09231e+15
      Equation: "PotentialEquation"	RelError: 9.41619e+01	AbsError: 9.32357e-03
    Region: "gate"	RelError: 2.12564e-02	AbsError: 1.66571e+16
      Equation: "ElectronContinuityEquation"	RelError: 1.67689e-04	AbsError: 1.66571e+16
      Equation: "HoleContinuityEquation"	RelError: 1.67632e-04	AbsError: 1.68758e-04
      Equation: "PotentialEquation"	RelError: 2.09210e-02	AbsError: 2.00000e-02
    Region: "oxide"	RelError: 9.41619e+01	AbsError: 1.99976e-02
      Equation: "PotentialEquation"	RelError: 9.41619e+01	AbsError: 1.99976e-02
Iteration: 1
  Device: "mos2d"	RelError: 9.16180e-01	AbsError: 1.31122e+15
    Region: "bulk"	RelError: 5.25037e-01	AbsError: 1.31122e+15
      Equation: "ElectronContinuityEquation"	RelError: 5.20057e-02	AbsError: 1.26600e+15
      Equation: "HoleContinuityEquation"	RelError: 8.18896e-02	AbsError: 4.52278e+13
      Equation: "PotentialEquation"	RelError: 3.91142e-01	AbsError: 5.16580e-05
    Region: "gate"	RelError: 7.54738e-07	AbsError: 3.61005e+13
      Equation: "ElectronContinuityEquation"	RelError: 3.62804e-07	AbsError: 3.61005e+13
      Equation: "HoleContinuityEquation"	RelError: 3.81851e-07	AbsError: 3.83754e-07
      Equation: "PotentialEquation"	RelError: 1.00827e-08	AbsError: 9.63854e-09
    Region: "oxide"	RelError: 3.91142e-01	AbsError: 5.16580e-05
      Equation: "PotentialEquation"	RelError: 3.91142e-01	AbsError: 5.16580e-05
Iteration: 2
  Device: "mos2d"	RelError: 1.62237e-04	AbsError: 5.48349e+11
    Region: "bulk"	RelError: 1.42664e-04	AbsError: 5.48349e+11
      Equation: "ElectronContinuityEquation"	RelError: 9.06432e-05	AbsError: 5.41196e+11
      Equation: "HoleContinuityEquation"	RelError: 3.24481e-05	AbsError: 7.15346e+09
      Equation: "PotentialEquation"	RelError: 1.95729e-05	AbsError: 1.40183e-08
    Region: "gate"	RelError: 1.63770e-10	AbsError: 8.04593e+09
      Equation: "ElectronContinuityEquation"	RelError: 8.08603e-11	AbsError: 8.04593e+09
      Equation: "HoleContinuityEquation"	RelError: 8.07216e-11	AbsError: 8.11240e-11
      Equation: "PotentialEquation"	RelError: 2.18781e-12	AbsError: 2.09142e-12
    Region: "oxide"	RelError: 1.95729e-05	AbsError: 1.40183e-08
      Equation: "PotentialEquation"	RelError: 1.95729e-05	AbsError: 1.40183e-08
Iteration: 3
  Device: "mos2d"	RelError: 2.17986e-10	AbsError: 7.40209e+04
    Region: "bulk"	RelError: 2.17296e-10	AbsError: 7.40209e+04
      Equation: "ElectronContinuityEquation"	RelError: 1.56750e-10	AbsError: 7.36093e+04
      Equation: "HoleContinuityEquation"	RelError: 5.98554e-11	AbsError: 4.11692e+02
      Equation: "PotentialEquation"	RelError: 6.89730e-13	AbsError: 1.91647e-15
    Region: "gate"	RelError: 4.99391e-16	AbsError: 8.19797e+03
      Equation: "ElectronContinuityEquation"	RelError: 8.26484e-17	AbsError: 8.19797e+03
      Equation: "HoleContinuityEquation"	RelError: 2.44977e-16	AbsError: 2.46897e-16
      Equation: "PotentialEquation"	RelError: 1.71765e-16	AbsError: 1.64186e-16
    Region: "oxide"	RelError: 6.89730e-13	AbsError: 1.91647e-15
      Equation: "PotentialEquation"	RelError: 6.89730e-13	AbsError: 1.91647e-15
Succeeded
gate last end 3.600000e-01 5.000000e-01
number of equations 5550
Iteration: 0
  Device: "mos2d"	RelError: 3.54692e+02	AbsError: 3.70908e+16
    Region: "bulk"	RelError: 3.53622e+02	AbsError: 3.70908e+16
      Equation: "ElectronContinuityEquation"	RelError: 2.65781e-01	AbsError: 3.50194e+16
      Equation: "HoleContinuityEquation"	RelError: 5.67379e-01	AbsError: 2.07142e+15
      Equation: "PotentialEquation"	RelError: 3.52788e+02	AbsError: 9.37096e-03
    Region: "gate"	RelError: 2.08286e-02	AbsError: 1.67009e+16
      Equation: "ElectronContinuityEquation"	RelError: 1.68158e-04	AbsError: 1.67009e+16
      Equation: "HoleContinuityEquation"	RelError: 1.68101e-04	AbsError: 1.69258e-04
      Equation: "PotentialEquation"	RelError: 2.04923e-02	AbsError: 2.00000e-02
    Region: "oxide"	RelError: 1.04953e+00	AbsError: 1.99977e-02
      Equation: "PotentialEquation"	RelError: 1.04953e+00	AbsError: 1.99977e-02
Iteration: 1
  Device: "mos2d"	RelError: 6.19905e-01	AbsError: 1.35162e+15
    Region: "bulk"	RelError: 6.16889e-01	AbsError: 1.35162e+15
      Equation: "ElectronContinuityEquation"	RelError: 5.24391e-02	AbsError: 1.30657e+15
      Equation: "HoleContinuityEquation"	RelError: 8.28633e-02	AbsError: 4.50542e+13
      Equation: "PotentialEquation"	RelError: 4.81587e-01	AbsError: 5.38591e-05
    Region: "gate"	RelError: 7.98581e-07	AbsError: 3.81218e+13
      Equation: "ElectronContinuityEquation"	RelError: 3.83171e-07	AbsError: 3.81218e+13
      Equation: "HoleContinuityEquation"	RelError: 4.04990e-07	AbsError: 4.07793e-07
      Equation: "PotentialEquation"	RelError: 1.04191e-08	AbsError: 1.01685e-08
    Region: "oxide"	RelError: 3.01535e-03	AbsError: 5.38591e-05
      Equation: "PotentialEquation"	RelError: 3.01535e-03	AbsError: 5.38591e-05
Iteration: 2
  Device: "mos2d"	RelError: 1.45315e-04	AbsError: 5.80935e+11
    Region: "bulk"	RelError: 1.45165e-04	AbsError: 5.80935e+11
      Equation: "ElectronContinuityEquation"	RelError: 9.19739e-05	AbsError: 5.73870e+11
      Equation: "HoleContinuityEquation"	RelError: 3.33623e-05	AbsError: 7.06566e+09
      Equation: "PotentialEquation"	RelError: 1.98288e-05	AbsError: 1.47920e-08
    Region: "gate"	RelError: 1.72293e-10	AbsError: 8.46621e+09
      Equation: "ElectronContinuityEquation"	RelError: 8.50959e-11	AbsError: 8.46621e+09
      Equation: "HoleContinuityEquation"	RelError: 8.49417e-11	AbsError: 8.53770e-11
      Equation: "PotentialEquation"	RelError: 2.25512e-12	AbsError: 2.20087e-12
    Region: "oxide"	RelError: 1.49714e-07	AbsError: 1.47920e-08
      Equation: "PotentialEquation"	RelError: 1.49714e-07	AbsError: 1.47920e-08
Iteration: 3
  Device: "mos2d"	RelError: 2.09094e-10	AbsError: 8.24173e+04
    Region: "bulk"	RelError: 2.09089e-10	AbsError: 8.24173e+04
      Equation: "ElectronContinuityEquation"	RelError: 1.56071e-10	AbsError: 8.19564e+04
      Equation: "HoleContinuityEquation"	RelError: 5.27830e-11	AbsError: 4.60882e+02
      Equation: "PotentialEquation"	RelError: 2.34195e-13	AbsError: 2.15338e-15
    Region: "gate"	RelError: 4.68202e-16	AbsError: 8.57883e+03
      Equation: "ElectronContinuityEquation"	RelError: 8.63819e-17	AbsError: 8.57883e+03
      Equation: "HoleContinuityEquation"	RelError: 2.11736e-16	AbsError: 2.13014e-16
      Equation: "PotentialEquation"	RelError: 1.70084e-16	AbsError: 1.66015e-16
    Region: "oxide"	RelError: 4.89759e-15	AbsError: 2.15338e-15
      Equation: "PotentialEquation"	RelError: 4.89759e-15	AbsError: 2.15338e-15
Succeeded
gate last end 3.800000e-01 5.000000e-01
number of equations 5550
Iteration: 0
  Device: "mos2d"	RelError: 7.34674e+01	AbsError: 3.87847e+16
    Region: "bulk"	RelError: 7.29342e+01	AbsError: 3.87847e+16
      Equation: "ElectronContinuityEquation"	RelError: 2.66738e-01	AbsError: 3.67361e+16
      Equation: "HoleContinuityEquation"	RelError: 5.71756e-01	AbsError: 2.04861e+15
      Equation: "PotentialEquation"	RelError: 7.20957e+01	AbsError: 9.41696e-03
    Region: "gate"	RelError: 2.04181e-02	AbsError: 1.67476e+16
      Equation: "ElectronContinuityEquation"	RelError: 1.68656e-04	AbsError: 1.67476e+16
      Equation: "HoleContinuityEquation"	RelError: 1.68600e-04	AbsError: 1.69788e-04
      Equation: "PotentialEquation"	RelError: 2.00808e-02	AbsError: 2.00000e-02
    Region: "oxide"	RelError: 5.12757e-01	AbsError: 1.99977e-02
      Equation: "PotentialEquation"	RelError: 5.12757e-01	AbsError: 1.99977e-02
Iteration: 1
  Device: "mos2d"	RelError: 3.54112e-01	AbsError: 1.37677e+15
    Region: "bulk"	RelError: 3.52682e-01	AbsError: 1.37677e+15
      Equation: "ElectronContinuityEquation"	RelError: 5.28612e-02	AbsError: 1.33193e+15
      Equation: "HoleContinuityEquation"	RelError: 8.38150e-02	AbsError: 4.48359e+13
      Equation: "PotentialEquation"	RelError: 2.16006e-01	AbsError: 5.56705e-05
    Region: "gate"	RelError: 8.40707e-07	AbsError: 3.99668e+13
      Equation: "ElectronContinuityEquation"	RelError: 4.01772e-07	AbsError: 3.99668e+13
      Equation: "HoleContinuityEquation"	RelError: 4.28164e-07	AbsError: 4.31199e-07
      Equation: "PotentialEquation"	RelError: 1.07707e-08	AbsError: 1.07265e-08
    Region: "oxide"	RelError: 1.42912e-03	AbsError: 5.56705e-05
      Equation: "PotentialEquation"	RelError: 1.42912e-03	AbsError: 5.56705e-05
Iteration: 2
  Device: "mos2d"	RelError: 1.36324e-04	AbsError: 5.99787e+11
    Region: "bulk"	RelError: 1.36254e-04	AbsError: 5.99787e+11
      Equation: "ElectronContinuityEquation"	RelError: 9.32896e-05	AbsError: 5.92755e+11
      Equation: "HoleContinuityEquation"	RelError: 3.41957e-05	AbsError: 7.03197e+09
      Equation: "PotentialEquation"	RelError: 8.76832e-06	AbsError: 1.52252e-08
    Region: "gate"	RelError: 1.76957e-10	AbsError: 8.69702e+09
      Equation: "ElectronContinuityEquation"	RelError: 8.74281e-11	AbsError: 8.69702e+09
      Equation: "HoleContinuityEquation"	RelError: 8.72587e-11	AbsError: 8.77181e-11
      Equation: "PotentialEquation"	RelError: 2.27020e-12	AbsError: 2.26099e-12
    Region: "oxide"	RelError: 7.05967e-08	AbsError: 1.52252e-08
      Equation: "PotentialEquation"	RelError: 7.05967e-08	AbsError: 1.52252e-08
Iteration: 3
  Device: "mos2d"	RelError: 4.04370e-10	AbsError: 8.64289e+04
    Region: "bulk"	RelError: 4.04365e-10	AbsError: 8.64289e+04
      Equation: "ElectronContinuityEquation"	RelError: 2.77058e-10	AbsError: 8.61936e+04
      Equation: "HoleContinuityEquation"	RelError: 1.26840e-10	AbsError: 2.35342e+02
      Equation: "PotentialEquation"	RelError: 4.66911e-13	AbsError: 2.22204e-15
    Region: "gate"	RelError: 5.68461e-16	AbsError: 8.03829e+03
      Equation: "ElectronContinuityEquation"	RelError: 8.08984e-17	AbsError: 8.03829e+03
      Equation: "HoleContinuityEquation"	RelError: 3.19967e-16	AbsError: 3.22235e-16
      Equation: "PotentialEquation"	RelError: 1.67596e-16	AbsError: 1.66938e-16
    Region: "oxide"	RelError: 5.01770e-15	AbsError: 2.22204e-15
      Equation: "PotentialEquation"	RelError: 5.01770e-15	AbsError: 2.22204e-15
Succeeded
gate last end 4.000000e-01 5.000000e-01
number of equations 5550
Iteration: 0
  Device: "mos2d"	RelError: 4.64140e+01	AbsError: 4.04356e+16
    Region: "bulk"	RelError: 4.60541e+01	AbsError: 4.04356e+16
      Equation: "ElectronContinuityEquation"	RelError: 2.67664e-01	AbsError: 3.83948e+16
      Equation: "HoleContinuityEquation"	RelError: 5.76028e-01	AbsError: 2.04080e+15
      Equation: "PotentialEquation"	RelError: 4.52104e+01	AbsError: 9.46160e-03
    Region: "gate"	RelError: 2.00238e-02	AbsError: 1.67972e+16
      Equation: "ElectronContinuityEquation"	RelError: 1.69185e-04	AbsError: 1.67972e+16
      Equation: "HoleContinuityEquation"	RelError: 1.69128e-04	AbsError: 1.70349e-04
      Equation: "PotentialEquation"	RelError: 1.96855e-02	AbsError: 2.00000e-02
    Region: "oxide"	RelError: 3.39877e-01	AbsError: 1.99977e-02
      Equation: "PotentialEquation"	RelError: 3.39877e-01	AbsError: 1.99977e-02
Iteration: 1
  Device: "mos2d"	RelError: 2.25378e-01	AbsError: 1.38500e+15
    Region: "bulk"	RelError: 2.24459e-01	AbsError: 1.38500e+15
      Equation: "ElectronContinuityEquation"	RelError: 5.32873e-02	AbsError: 1.34076e+15
      Equation: "HoleContinuityEquation"	RelError: 8.47448e-02	AbsError: 4.42450e+13
      Equation: "PotentialEquation"	RelError: 8.64269e-02	AbsError: 5.70533e-05
    Region: "gate"	RelError: 8.83511e-07	AbsError: 4.19206e+13
      Equation: "ElectronContinuityEquation"	RelError: 4.22248e-07	AbsError: 4.19206e+13
      Equation: "HoleContinuityEquation"	RelError: 4.50148e-07	AbsError: 4.53414e-07
      Equation: "PotentialEquation"	RelError: 1.11154e-08	AbsError: 1.12920e-08
    Region: "oxide"	RelError: 9.18000e-04	AbsError: 5.70533e-05
      Equation: "PotentialEquation"	RelError: 9.18000e-04	AbsError: 5.70533e-05
Iteration: 2
  Device: "mos2d"	RelError: 1.32559e-04	AbsError: 6.02906e+11
    Region: "bulk"	RelError: 1.32514e-04	AbsError: 6.02906e+11
      Equation: "ElectronContinuityEquation"	RelError: 9.45963e-05	AbsError: 5.96045e+11
      Equation: "HoleContinuityEquation"	RelError: 3.50931e-05	AbsError: 6.86058e+09
      Equation: "PotentialEquation"	RelError: 2.82449e-06	AbsError: 1.52872e-08
    Region: "gate"	RelError: 1.77589e-10	AbsError: 8.72970e+09
      Equation: "ElectronContinuityEquation"	RelError: 8.77690e-11	AbsError: 8.72970e+09
      Equation: "HoleContinuityEquation"	RelError: 8.75855e-11	AbsError: 8.80590e-11
      Equation: "PotentialEquation"	RelError: 2.23424e-12	AbsError: 2.26985e-12
    Region: "oxide"	RelError: 4.52168e-08	AbsError: 1.52872e-08
      Equation: "PotentialEquation"	RelError: 4.52168e-08	AbsError: 1.52872e-08
Iteration: 3
  Device: "mos2d"	RelError: 1.38981e-10	AbsError: 8.69727e+04
    Region: "bulk"	RelError: 1.38975e-10	AbsError: 8.69727e+04
      Equation: "ElectronContinuityEquation"	RelError: 1.24027e-10	AbsError: 8.64612e+04
      Equation: "HoleContinuityEquation"	RelError: 1.47798e-11	AbsError: 5.11526e+02
      Equation: "PotentialEquation"	RelError: 1.68759e-13	AbsError: 2.19064e-15
    Region: "gate"	RelError: 4.26102e-16	AbsError: 8.16502e+03
      Equation: "ElectronContinuityEquation"	RelError: 8.16502e-17	AbsError: 8.16502e+03
      Equation: "HoleContinuityEquation"	RelError: 2.35186e-16	AbsError: 2.37019e-16
      Equation: "PotentialEquation"	RelError: 1.09266e-16	AbsError: 1.11022e-16
    Region: "oxide"	RelError: 4.91303e-15	AbsError: 2.19064e-15
      Equation: "PotentialEquation"	RelError: 4.91303e-15	AbsError: 2.19064e-15
Succeeded
gate last end 4.200000e-01 5.000000e-01
number of equations 5550
Iteration: 0
  Device: "mos2d"	RelError: 5.61110e+01	AbsError: 4.20088e+16
    Region: "bulk"	RelError: 5.58368e+01	AbsError: 4.20088e+16
      Equation: "ElectronContinuityEquation"	RelError: 2.68560e-01	AbsError: 3.99817e+16
      Equation: "HoleContinuityEquation"	RelError: 5.80196e-01	AbsError: 2.02714e+15
      Equation: "PotentialEquation"	RelError: 5.49881e+01	AbsError: 9.50492e-03
    Region: "gate"	RelError: 1.96449e-02	AbsError: 1.68500e+16
      Equation: "ElectronContinuityEquation"	RelError: 1.69745e-04	AbsError: 1.68500e+16
      Equation: "HoleContinuityEquation"	RelError: 1.69688e-04	AbsError: 1.70942e-04
      Equation: "PotentialEquation"	RelError: 1.93055e-02	AbsError: 2.00000e-02
    Region: "oxide"	RelError: 2.54506e-01	AbsError: 1.99977e-02
      Equation: "PotentialEquation"	RelError: 2.54506e-01	AbsError: 1.99977e-02
Iteration: 1
  Device: "mos2d"	RelError: 2.75993e-01	AbsError: 1.37577e+15
    Region: "bulk"	RelError: 2.75326e-01	AbsError: 1.37577e+15
      Equation: "ElectronContinuityEquation"	RelError: 5.37414e-02	AbsError: 1.33239e+15
      Equation: "HoleContinuityEquation"	RelError: 8.56528e-02	AbsError: 4.33829e+13
      Equation: "PotentialEquation"	RelError: 1.35932e-01	AbsError: 5.79856e-05
    Region: "gate"	RelError: 9.24962e-07	AbsError: 4.39413e+13
      Equation: "ElectronContinuityEquation"	RelError: 4.42676e-07	AbsError: 4.39413e+13
      Equation: "HoleContinuityEquation"	RelError: 4.70871e-07	AbsError: 4.74367e-07
      Equation: "PotentialEquation"	RelError: 1.14150e-08	AbsError: 1.18246e-08
    Region: "oxide"	RelError: 6.66019e-04	AbsError: 5.79856e-05
      Equation: "PotentialEquation"	RelError: 6.66019e-04	AbsError: 5.79856e-05
Iteration: 2
  Device: "mos2d"	RelError: 1.38620e-04	AbsError: 5.89793e+11
    Region: "bulk"	RelError: 1.38587e-04	AbsError: 5.89793e+11
      Equation: "ElectronContinuityEquation"	RelError: 9.59479e-05	AbsError: 5.83054e+11
      Equation: "HoleContinuityEquation"	RelError: 3.59527e-05	AbsError: 6.73911e+09
      Equation: "PotentialEquation"	RelError: 6.68593e-06	AbsError: 1.49775e-08
    Region: "gate"	RelError: 1.74409e-10	AbsError: 8.57506e+09
      Equation: "ElectronContinuityEquation"	RelError: 8.62264e-11	AbsError: 8.57506e+09
      Equation: "HoleContinuityEquation"	RelError: 8.60299e-11	AbsError: 8.65073e-11
      Equation: "PotentialEquation"	RelError: 2.15235e-12	AbsError: 2.22968e-12
    Region: "oxide"	RelError: 3.33714e-08	AbsError: 1.49775e-08
      Equation: "PotentialEquation"	RelError: 3.33714e-08	AbsError: 1.49775e-08
Iteration: 3
  Device: "mos2d"	RelError: 1.26846e-10	AbsError: 8.21738e+04
    Region: "bulk"	RelError: 1.26841e-10	AbsError: 8.21738e+04
      Equation: "ElectronContinuityEquation"	RelError: 6.11046e-11	AbsError: 8.18825e+04
      Equation: "HoleContinuityEquation"	RelError: 6.56210e-11	AbsError: 2.91281e+02
      Equation: "PotentialEquation"	RelError: 1.15849e-13	AbsError: 2.03262e-15
    Region: "gate"	RelError: 4.99199e-16	AbsError: 8.18174e+03
      Equation: "ElectronContinuityEquation"	RelError: 8.18174e-17	AbsError: 8.18174e+03
      Equation: "HoleContinuityEquation"	RelError: 3.10225e-16	AbsError: 3.11946e-16
      Equation: "PotentialEquation"	RelError: 1.07157e-16	AbsError: 1.11022e-16
    Region: "oxide"	RelError: 4.52889e-15	AbsError: 2.03262e-15
      Equation: "PotentialEquation"	RelError: 4.52889e-15	AbsError: 2.03262e-15
Succeeded
gate last end 4.400000e-01 5.000000e-01
number of equations 5550
Iteration: 0
  Device: "mos2d"	RelError: 1.93934e+02	AbsError: 4.34914e+16
    Region: "bulk"	RelError: 1.93711e+02	AbsError: 4.34914e+16
      Equation: "ElectronContinuityEquation"	RelError: 2.69478e-01	AbsError: 4.14841e+16
      Equation: "HoleContinuityEquation"	RelError: 5.84495e-01	AbsError: 2.00731e+15
      Equation: "PotentialEquation"	RelError: 1.92857e+02	AbsError: 9.54937e-03
    Region: "gate"	RelError: 1.92805e-02	AbsError: 1.69060e+16
      Equation: "ElectronContinuityEquation"	RelError: 1.70339e-04	AbsError: 1.69060e+16
      Equation: "HoleContinuityEquation"	RelError: 1.70281e-04	AbsError: 1.71569e-04
      Equation: "PotentialEquation"	RelError: 1.89399e-02	AbsError: 2.00000e-02
    Region: "oxide"	RelError: 2.03608e-01	AbsError: 1.99977e-02
      Equation: "PotentialEquation"	RelError: 2.03608e-01	AbsError: 1.99977e-02
Iteration: 1
  Device: "mos2d"	RelError: 3.93253e-01	AbsError: 1.34999e+15
    Region: "bulk"	RelError: 3.92736e-01	AbsError: 1.34999e+15
      Equation: "ElectronContinuityEquation"	RelError: 5.41850e-02	AbsError: 1.30685e+15
      Equation: "HoleContinuityEquation"	RelError: 8.65391e-02	AbsError: 4.31376e+13
      Equation: "PotentialEquation"	RelError: 2.52012e-01	AbsError: 5.84628e-05
    Region: "gate"	RelError: 9.63843e-07	AbsError: 4.58351e+13
      Equation: "ElectronContinuityEquation"	RelError: 4.61833e-07	AbsError: 4.58351e+13
      Equation: "HoleContinuityEquation"	RelError: 4.90338e-07	AbsError: 4.94063e-07
      Equation: "PotentialEquation"	RelError: 1.16723e-08	AbsError: 1.23246e-08
    Region: "oxide"	RelError: 5.16189e-04	AbsError: 5.84628e-05
      Equation: "PotentialEquation"	RelError: 5.16189e-04	AbsError: 5.84628e-05
Iteration: 2
  Device: "mos2d"	RelError: 1.41850e-04	AbsError: 5.61134e+11
    Region: "bulk"	RelError: 1.41818e-04	AbsError: 5.61134e+11
      Equation: "ElectronContinuityEquation"	RelError: 9.74751e-05	AbsError: 5.54264e+11
      Equation: "HoleContinuityEquation"	RelError: 3.67303e-05	AbsError: 6.86991e+09
      Equation: "PotentialEquation"	RelError: 7.61297e-06	AbsError: 1.43252e-08
    Region: "gate"	RelError: 1.67999e-10	AbsError: 8.26155e+09
      Equation: "ElectronContinuityEquation"	RelError: 8.30858e-11	AbsError: 8.26155e+09
      Equation: "HoleContinuityEquation"	RelError: 8.28785e-11	AbsError: 8.33503e-11
      Equation: "PotentialEquation"	RelError: 2.03440e-12	AbsError: 2.14818e-12
    Region: "oxide"	RelError: 3.17193e-08	AbsError: 1.43252e-08
      Equation: "PotentialEquation"	RelError: 3.17193e-08	AbsError: 1.43252e-08
Iteration: 3
  Device: "mos2d"	RelError: 3.15248e-10	AbsError: 7.35400e+04
    Region: "bulk"	RelError: 3.15244e-10	AbsError: 7.35400e+04
      Equation: "ElectronContinuityEquation"	RelError: 2.49686e-10	AbsError: 7.32360e+04
      Equation: "HoleContinuityEquation"	RelError: 6.52786e-11	AbsError: 3.04016e+02
      Equation: "PotentialEquation"	RelError: 2.79432e-13	AbsError: 1.76288e-15
    Region: "gate"	RelError: 4.39554e-16	AbsError: 8.11999e+03
      Equation: "ElectronContinuityEquation"	RelError: 8.11999e-17	AbsError: 8.11999e+03
      Equation: "HoleContinuityEquation"	RelError: 2.52714e-16	AbsError: 2.54231e-16
      Equation: "PotentialEquation"	RelError: 1.05640e-16	AbsError: 1.11564e-16
    Region: "oxide"	RelError: 3.90343e-15	AbsError: 1.76288e-15
      Equation: "PotentialEquation"	RelError: 3.90343e-15	AbsError: 1.76288e-15
Succeeded
gate last end 4.600000e-01 5.000000e-01
number of equations 5550
Iteration: 0
  Device: "mos2d"	RelError: 3.35091e+01	AbsError: 4.48718e+16
    Region: "bulk"	RelError: 3.33204e+01	AbsError: 4.48718e+16
      Equation: "ElectronContinuityEquation"	RelError: 2.70427e-01	AbsError: 4.28904e+16
      Equation: "HoleContinuityEquation"	RelError: 5.88979e-01	AbsError: 1.98141e+15
      Equation: "PotentialEquation"	RelError: 3.24610e+01	AbsError: 9.59547e-03
    Region: "gate"	RelError: 1.89297e-02	AbsError: 1.69654e+16
      Equation: "ElectronContinuityEquation"	RelError: 1.70967e-04	AbsError: 1.69654e+16
      Equation: "HoleContinuityEquation"	RelError: 1.70908e-04	AbsError: 1.72230e-04
      Equation: "PotentialEquation"	RelError: 1.85878e-02	AbsError: 2.00000e-02
    Region: "oxide"	RelError: 1.69801e-01	AbsError: 1.99977e-02
      Equation: "PotentialEquation"	RelError: 1.69801e-01	AbsError: 1.99977e-02
Iteration: 1
  Device: "mos2d"	RelError: 2.22032e-01	AbsError: 1.30791e+15
    Region: "bulk"	RelError: 2.21614e-01	AbsError: 1.30791e+15
      Equation: "ElectronContinuityEquation"	RelError: 5.46180e-02	AbsError: 1.26487e+15
      Equation: "HoleContinuityEquation"	RelError: 8.74683e-02	AbsError: 4.30403e+13
      Equation: "PotentialEquation"	RelError: 7.95279e-02	AbsError: 5.84964e-05
    Region: "gate"	RelError: 1.00030e-06	AbsError: 4.76092e+13
      Equation: "ElectronContinuityEquation"	RelError: 4.79790e-07	AbsError: 4.76092e+13
      Equation: "HoleContinuityEquation"	RelError: 5.08619e-07	AbsError: 5.12570e-07
      Equation: "PotentialEquation"	RelError: 1.18914e-08	AbsError: 1.27936e-08
    Region: "oxide"	RelError: 4.17009e-04	AbsError: 5.84964e-05
      Equation: "PotentialEquation"	RelError: 4.17009e-04	AbsError: 5.84964e-05
Iteration: 2
  Device: "mos2d"	RelError: 1.40320e-04	AbsError: 5.18078e+11
    Region: "bulk"	RelError: 1.40291e-04	AbsError: 5.18078e+11
      Equation: "ElectronContinuityEquation"	RelError: 9.90339e-05	AbsError: 5.11224e+11
      Equation: "HoleContinuityEquation"	RelError: 3.74351e-05	AbsError: 6.85407e+09
      Equation: "PotentialEquation"	RelError: 3.82185e-06	AbsError: 1.33833e-08
    Region: "gate"	RelError: 1.59206e-10	AbsError: 7.83082e+09
      Equation: "ElectronContinuityEquation"	RelError: 7.87652e-11	AbsError: 7.83082e+09
      Equation: "HoleContinuityEquation"	RelError: 7.85481e-11	AbsError: 7.90066e-11
      Equation: "PotentialEquation"	RelError: 1.89251e-12	AbsError: 2.03620e-12
    Region: "oxide"	RelError: 2.94580e-08	AbsError: 1.33833e-08
      Equation: "PotentialEquation"	RelError: 2.94580e-08	AbsError: 1.33833e-08
Iteration: 3
  Device: "mos2d"	RelError: 1.08114e-10	AbsError: 6.22604e+04
    Region: "bulk"	RelError: 1.08110e-10	AbsError: 6.22604e+04
      Equation: "ElectronContinuityEquation"	RelError: 5.59422e-11	AbsError: 6.18986e+04
      Equation: "HoleContinuityEquation"	RelError: 5.21032e-11	AbsError: 3.61809e+02
      Equation: "PotentialEquation"	RelError: 6.49623e-14	AbsError: 1.49186e-15
    Region: "gate"	RelError: 4.36167e-16	AbsError: 8.13749e+03
      Equation: "ElectronContinuityEquation"	RelError: 8.13749e-17	AbsError: 8.13749e+03
      Equation: "HoleContinuityEquation"	RelError: 2.50268e-16	AbsError: 2.52337e-16
      Equation: "PotentialEquation"	RelError: 1.04524e-16	AbsError: 1.12453e-16
    Region: "oxide"	RelError: 3.28374e-15	AbsError: 1.49186e-15
      Equation: "PotentialEquation"	RelError: 3.28374e-15	AbsError: 1.49186e-15
Succeeded
gate last end 4.800000e-01 5.000000e-01
setting to last bias 5.000000e-01
setting next bias 5.000000e-01
number of equations 5550
Iteration: 0
  Device: "mos2d"	RelError: 1.65799e+01	AbsError: 4.61403e+16
    Region: "bulk"	RelError: 1.64156e+01	AbsError: 4.61403e+16
      Equation: "ElectronContinuityEquation"	RelError: 2.71353e-01	AbsError: 4.41907e+16
      Equation: "HoleContinuityEquation"	RelError: 5.93391e-01	AbsError: 1.94960e+15
      Equation: "PotentialEquation"	RelError: 1.55508e+01	AbsError: 9.64059e-03
    Region: "gate"	RelError: 1.85918e-02	AbsError: 1.70284e+16
      Equation: "ElectronContinuityEquation"	RelError: 1.71631e-04	AbsError: 1.70284e+16
      Equation: "HoleContinuityEquation"	RelError: 1.71572e-04	AbsError: 1.72929e-04
      Equation: "PotentialEquation"	RelError: 1.82486e-02	AbsError: 2.00000e-02
    Region: "oxide"	RelError: 1.45708e-01	AbsError: 1.99977e-02
      Equation: "PotentialEquation"	RelError: 1.45708e-01	AbsError: 1.99977e-02
Iteration: 1
  Device: "mos2d"	RelError: 1.84828e-01	AbsError: 1.25034e+15
    Region: "bulk"	RelError: 1.84480e-01	AbsError: 1.25034e+15
      Equation: "ElectronContinuityEquation"	RelError: 5.50404e-02	AbsError: 1.20775e+15
      Equation: "HoleContinuityEquation"	RelError: 8.84263e-02	AbsError: 4.25916e+13
      Equation: "PotentialEquation"	RelError: 4.10136e-02	AbsError: 5.81114e-05
    Region: "gate"	RelError: 1.03457e-06	AbsError: 4.92748e+13
      Equation: "ElectronContinuityEquation"	RelError: 4.96661e-07	AbsError: 4.92748e+13
      Equation: "HoleContinuityEquation"	RelError: 5.25828e-07	AbsError: 5.30004e-07
      Equation: "PotentialEquation"	RelError: 1.20769e-08	AbsError: 1.32347e-08
    Region: "oxide"	RelError: 3.46600e-04	AbsError: 5.81114e-05
      Equation: "PotentialEquation"	RelError: 3.46600e-04	AbsError: 5.81114e-05
Iteration: 2
  Device: "mos2d"	RelError: 1.41045e-04	AbsError: 4.63036e+11
    Region: "bulk"	RelError: 1.41018e-04	AbsError: 4.63036e+11
      Equation: "ElectronContinuityEquation"	RelError: 1.00644e-04	AbsError: 4.56329e+11
      Equation: "HoleContinuityEquation"	RelError: 3.83518e-05	AbsError: 6.70753e+09
      Equation: "PotentialEquation"	RelError: 2.02209e-06	AbsError: 1.22207e-08
    Region: "gate"	RelError: 1.49012e-10	AbsError: 7.33101e+09
      Equation: "ElectronContinuityEquation"	RelError: 7.37486e-11	AbsError: 7.33101e+09
      Equation: "HoleContinuityEquation"	RelError: 7.35236e-11	AbsError: 7.39634e-11
      Equation: "PotentialEquation"	RelError: 1.73952e-12	AbsError: 1.90638e-12
    Region: "oxide"	RelError: 2.67473e-08	AbsError: 1.22207e-08
      Equation: "PotentialEquation"	RelError: 2.67473e-08	AbsError: 1.22207e-08
Iteration: 3
  Device: "mos2d"	RelError: 2.48153e-10	AbsError: 4.98727e+04
    Region: "bulk"	RelError: 2.48150e-10	AbsError: 4.98727e+04
      Equation: "ElectronContinuityEquation"	RelError: 1.14665e-10	AbsError: 4.95532e+04
      Equation: "HoleContinuityEquation"	RelError: 1.33440e-10	AbsError: 3.19446e+02
      Equation: "PotentialEquation"	RelError: 4.46674e-14	AbsError: 1.14507e-15
    Region: "gate"	RelError: 5.37911e-16	AbsError: 8.13624e+03
      Equation: "ElectronContinuityEquation"	RelError: 8.13629e-17	AbsError: 8.13624e+03
      Equation: "HoleContinuityEquation"	RelError: 3.55257e-16	AbsError: 3.58310e-16
      Equation: "PotentialEquation"	RelError: 1.01291e-16	AbsError: 1.11022e-16
    Region: "oxide"	RelError: 2.50619e-15	AbsError: 1.14507e-15
      Equation: "PotentialEquation"	RelError: 2.50619e-15	AbsError: 1.14507e-15
Succeeded
IVPOINT	IDVD_VG1P0	5.00000000e-01	0.00000000e+00	-5.75867463e-14
drain last end 0.000000e+00 2.000000e+00
number of equations 5550
Iteration: 0
  Device: "mos2d"	RelError: 2.72153e+01	AbsError: 6.22776e+16
    Region: "bulk"	RelError: 2.71783e+01	AbsError: 6.22776e+16
      Equation: "ElectronContinuityEquation"	RelError: 2.79946e+00	AbsError: 5.94158e+16
      Equation: "HoleContinuityEquation"	RelError: 3.23875e+00	AbsError: 2.86171e+15
      Equation: "PotentialEquation"	RelError: 2.11401e+01	AbsError: 2.00000e-02
    Region: "gate"	RelError: 2.92982e-04	AbsError: 1.43645e+16
      Equation: "ElectronContinuityEquation"	RelError: 1.44760e-04	AbsError: 1.43645e+16
      Equation: "HoleContinuityEquation"	RelError: 1.44802e-04	AbsError: 1.45926e-04
      Equation: "PotentialEquation"	RelError: 3.42008e-06	AbsError: 3.74797e-06
    Region: "oxide"	RelError: 3.67391e-02	AbsError: 1.78628e-02
      Equation: "PotentialEquation"	RelError: 3.67391e-02	AbsError: 1.78628e-02
Iteration: 1
  Device: "mos2d"	RelError: 1.00078e+00	AbsError: 2.05115e+15
    Region: "bulk"	RelError: 1.00055e+00	AbsError: 2.05115e+15
      Equation: "ElectronContinuityEquation"	RelError: 4.55456e-01	AbsError: 1.96110e+15
      Equation: "HoleContinuityEquation"	RelError: 4.94282e-01	AbsError: 9.00438e+13
      Equation: "PotentialEquation"	RelError: 5.08112e-02	AbsError: 9.96928e-05
    Region: "gate"	RelError: 1.62263e-06	AbsError: 7.85265e+13
      Equation: "ElectronContinuityEquation"	RelError: 7.91363e-07	AbsError: 7.85265e+13
      Equation: "HoleContinuityEquation"	RelError: 8.12323e-07	AbsError: 8.18632e-07
      Equation: "PotentialEquation"	RelError: 1.89414e-08	AbsError: 2.07574e-08
    Region: "oxide"	RelError: 2.27872e-04	AbsError: 9.96928e-05
      Equation: "PotentialEquation"	RelError: 2.27872e-04	AbsError: 9.96928e-05
Iteration: 2
  Device: "mos2d"	RelError: 1.42612e-03	AbsError: 1.48800e+12
    Region: "bulk"	RelError: 1.42605e-03	AbsError: 1.48800e+12
      Equation: "ElectronContinuityEquation"	RelError: 7.75353e-04	AbsError: 1.44572e+12
      Equation: "HoleContinuityEquation"	RelError: 6.35927e-04	AbsError: 4.22825e+10
      Equation: "PotentialEquation"	RelError: 1.47689e-05	AbsError: 3.22191e-08
    Region: "gate"	RelError: 2.92090e-10	AbsError: 1.43707e+10
      Equation: "ElectronContinuityEquation"	RelError: 1.44595e-10	AbsError: 1.43707e+10
      Equation: "HoleContinuityEquation"	RelError: 1.44085e-10	AbsError: 1.44975e-10
      Equation: "PotentialEquation"	RelError: 3.40964e-12	AbsError: 3.73668e-12
    Region: "oxide"	RelError: 7.24112e-08	AbsError: 3.22035e-08
      Equation: "PotentialEquation"	RelError: 7.24112e-08	AbsError: 3.22035e-08
Iteration: 3
  Device: "mos2d"	RelError: 6.03575e-10	AbsError: 4.99247e+05
    Region: "bulk"	RelError: 6.03556e-10	AbsError: 4.99247e+05
      Equation: "ElectronContinuityEquation"	RelError: 1.08572e-10	AbsError: 4.88424e+05
      Equation: "HoleContinuityEquation"	RelError: 4.92112e-10	AbsError: 1.08225e+04
      Equation: "PotentialEquation"	RelError: 2.87186e-12	AbsError: 8.41984e-15
    Region: "gate"	RelError: 4.53500e-16	AbsError: 9.75903e+03
      Equation: "ElectronContinuityEquation"	RelError: 9.82665e-17	AbsError: 9.75903e+03
      Equation: "HoleContinuityEquation"	RelError: 2.52529e-16	AbsError: 2.54580e-16
      Equation: "PotentialEquation"	RelError: 1.02704e-16	AbsError: 1.12555e-16
    Region: "oxide"	RelError: 1.89324e-14	AbsError: 8.41984e-15
      Equation: "PotentialEquation"	RelError: 1.89324e-14	AbsError: 8.41984e-15
Succeeded
IVPOINT	IDVD_VG1P0	5.00000000e-01	2.00000000e-02	3.20789872e-09
drain last end 2.000000e-02 2.000000e+00
number of equations 5550
Iteration: 0
  Device: "mos2d"	RelError: 9.41302e+00	AbsError: 6.06088e+16
    Region: "bulk"	RelError: 9.37753e+00	AbsError: 6.06088e+16
      Equation: "ElectronContinuityEquation"	RelError: 2.62544e+00	AbsError: 5.77539e+16
      Equation: "HoleContinuityEquation"	RelError: 3.17222e+00	AbsError: 2.85487e+15
      Equation: "PotentialEquation"	RelError: 3.57987e+00	AbsError: 2.00000e-02
    Region: "gate"	RelError: 2.89787e-04	AbsError: 1.42099e+16
      Equation: "ElectronContinuityEquation"	RelError: 1.43182e-04	AbsError: 1.42099e+16
      Equation: "HoleContinuityEquation"	RelError: 1.43223e-04	AbsError: 1.44314e-04
      Equation: "PotentialEquation"	RelError: 3.38277e-06	AbsError: 3.70710e-06
    Region: "oxide"	RelError: 3.52033e-02	AbsError: 1.77384e-02
      Equation: "PotentialEquation"	RelError: 3.52033e-02	AbsError: 1.77384e-02
Iteration: 1
  Device: "mos2d"	RelError: 9.32999e-01	AbsError: 1.92020e+15
    Region: "bulk"	RelError: 9.32796e-01	AbsError: 1.92020e+15
      Equation: "ElectronContinuityEquation"	RelError: 4.36284e-01	AbsError: 1.83406e+15
      Equation: "HoleContinuityEquation"	RelError: 4.88503e-01	AbsError: 8.61373e+13
      Equation: "PotentialEquation"	RelError: 8.00900e-03	AbsError: 9.28507e-05
    Region: "gate"	RelError: 1.47862e-06	AbsError: 7.14978e+13
      Equation: "ElectronContinuityEquation"	RelError: 7.20428e-07	AbsError: 7.14978e+13
      Equation: "HoleContinuityEquation"	RelError: 7.40933e-07	AbsError: 7.46581e-07
      Equation: "PotentialEquation"	RelError: 1.72604e-08	AbsError: 1.89152e-08
    Region: "oxide"	RelError: 2.01955e-04	AbsError: 9.28507e-05
      Equation: "PotentialEquation"	RelError: 2.01955e-04	AbsError: 9.28507e-05
Iteration: 2
  Device: "mos2d"	RelError: 1.27127e-03	AbsError: 1.24555e+12
    Region: "bulk"	RelError: 1.27121e-03	AbsError: 1.24555e+12
      Equation: "ElectronContinuityEquation"	RelError: 6.81365e-04	AbsError: 1.19849e+12
      Equation: "HoleContinuityEquation"	RelError: 5.87833e-04	AbsError: 4.70689e+10
      Equation: "PotentialEquation"	RelError: 2.01281e-06	AbsError: 3.38391e-08
    Region: "gate"	RelError: 2.57152e-10	AbsError: 1.26536e+10
      Equation: "ElectronContinuityEquation"	RelError: 1.27300e-10	AbsError: 1.26536e+10
      Equation: "HoleContinuityEquation"	RelError: 1.26850e-10	AbsError: 1.27616e-10
      Equation: "PotentialEquation"	RelError: 3.00179e-12	AbsError: 3.28971e-12
    Region: "oxide"	RelError: 5.79518e-08	AbsError: 2.66439e-08
      Equation: "PotentialEquation"	RelError: 5.79518e-08	AbsError: 2.66439e-08
Iteration: 3
  Device: "mos2d"	RelError: 4.91548e-10	AbsError: 3.28023e+05
    Region: "bulk"	RelError: 4.91536e-10	AbsError: 3.28023e+05
      Equation: "ElectronContinuityEquation"	RelError: 1.09378e-10	AbsError: 3.14980e+05
      Equation: "HoleContinuityEquation"	RelError: 3.81767e-10	AbsError: 1.30433e+04
      Equation: "PotentialEquation"	RelError: 3.91367e-13	AbsError: 8.73169e-15
    Region: "gate"	RelError: 4.79444e-16	AbsError: 1.03816e+04
      Equation: "ElectronContinuityEquation"	RelError: 1.04443e-16	AbsError: 1.03816e+04
      Equation: "HoleContinuityEquation"	RelError: 2.73710e-16	AbsError: 2.75797e-16
      Equation: "PotentialEquation"	RelError: 1.01291e-16	AbsError: 1.11022e-16
    Region: "oxide"	RelError: 1.17698e-14	AbsError: 5.41128e-15
      Equation: "PotentialEquation"	RelError: 1.17698e-14	AbsError: 5.41128e-15
Succeeded
IVPOINT	IDVD_VG1P0	5.00000000e-01	4.00000000e-02	4.78092208e-09
drain last end 4.000000e-02 2.000000e+00
number of equations 5550
Iteration: 0
  Device: "mos2d"	RelError: 1.73261e+01	AbsError: 5.85644e+16
    Region: "bulk"	RelError: 1.72920e+01	AbsError: 5.85644e+16
      Equation: "ElectronContinuityEquation"	RelError: 2.38328e+00	AbsError: 5.57329e+16
      Equation: "HoleContinuityEquation"	RelError: 3.07590e+00	AbsError: 2.83155e+15
      Equation: "PotentialEquation"	RelError: 1.18328e+01	AbsError: 2.00000e-02
    Region: "gate"	RelError: 2.86875e-04	AbsError: 1.40691e+16
      Equation: "ElectronContinuityEquation"	RelError: 1.41743e-04	AbsError: 1.40691e+16
      Equation: "HoleContinuityEquation"	RelError: 1.41783e-04	AbsError: 1.42844e-04
      Equation: "PotentialEquation"	RelError: 3.34876e-06	AbsError: 3.66985e-06
    Region: "oxide"	RelError: 3.37771e-02	AbsError: 1.76125e-02
      Equation: "PotentialEquation"	RelError: 3.37771e-02	AbsError: 1.76125e-02
Iteration: 1
  Device: "mos2d"	RelError: 9.03585e-01	AbsError: 1.76070e+15
    Region: "bulk"	RelError: 9.03403e-01	AbsError: 1.76070e+15
      Equation: "ElectronContinuityEquation"	RelError: 4.11802e-01	AbsError: 1.67652e+15
      Equation: "HoleContinuityEquation"	RelError: 4.80750e-01	AbsError: 8.41802e+13
      Equation: "PotentialEquation"	RelError: 1.08503e-02	AbsError: 8.58571e-05
    Region: "gate"	RelError: 1.34868e-06	AbsError: 6.51547e+13
      Equation: "ElectronContinuityEquation"	RelError: 6.56420e-07	AbsError: 6.51547e+13
      Equation: "HoleContinuityEquation"	RelError: 6.76516e-07	AbsError: 6.81577e-07
      Equation: "PotentialEquation"	RelError: 1.57435e-08	AbsError: 1.72530e-08
    Region: "oxide"	RelError: 1.80900e-04	AbsError: 8.58571e-05
      Equation: "PotentialEquation"	RelError: 1.80900e-04	AbsError: 8.58571e-05
Iteration: 2
  Device: "mos2d"	RelError: 1.08843e-03	AbsError: 9.92075e+11
    Region: "bulk"	RelError: 1.08838e-03	AbsError: 9.92075e+11
      Equation: "ElectronContinuityEquation"	RelError: 5.53863e-04	AbsError: 9.42004e+11
      Equation: "HoleContinuityEquation"	RelError: 5.33168e-04	AbsError: 5.00716e+10
      Equation: "PotentialEquation"	RelError: 1.35170e-06	AbsError: 3.46933e-08
    Region: "gate"	RelError: 2.29365e-10	AbsError: 1.12876e+10
      Equation: "ElectronContinuityEquation"	RelError: 1.13542e-10	AbsError: 1.12876e+10
      Equation: "HoleContinuityEquation"	RelError: 1.13145e-10	AbsError: 1.13813e-10
      Equation: "PotentialEquation"	RelError: 2.67737e-12	AbsError: 2.93419e-12
    Region: "oxide"	RelError: 4.53710e-08	AbsError: 2.15336e-08
      Equation: "PotentialEquation"	RelError: 4.53710e-08	AbsError: 2.15336e-08
Iteration: 3
  Device: "mos2d"	RelError: 4.04878e-10	AbsError: 1.92244e+05
    Region: "bulk"	RelError: 4.04871e-10	AbsError: 1.92244e+05
      Equation: "ElectronContinuityEquation"	RelError: 1.21300e-10	AbsError: 1.77658e+05
      Equation: "HoleContinuityEquation"	RelError: 2.83227e-10	AbsError: 1.45859e+04
      Equation: "PotentialEquation"	RelError: 3.44098e-13	AbsError: 9.51649e-15
    Region: "gate"	RelError: 5.00799e-16	AbsError: 8.17260e+03
      Equation: "ElectronContinuityEquation"	RelError: 8.17264e-17	AbsError: 8.17260e+03
      Equation: "HoleContinuityEquation"	RelError: 3.17781e-16	AbsError: 3.20305e-16
      Equation: "PotentialEquation"	RelError: 1.01291e-16	AbsError: 1.11022e-16
    Region: "oxide"	RelError: 6.69200e-15	AbsError: 3.17610e-15
      Equation: "PotentialEquation"	RelError: 6.69200e-15	AbsError: 3.17610e-15
Succeeded
IVPOINT	IDVD_VG1P0	5.00000000e-01	6.00000000e-02	5.58283904e-09
drain last end 6.000000e-02 2.000000e+00
number of equations 5550
Iteration: 0
  Device: "mos2d"	RelError: 6.56278e+00	AbsError: 5.61795e+16
    Region: "bulk"	RelError: 6.53005e+00	AbsError: 5.61795e+16
      Equation: "ElectronContinuityEquation"	RelError: 2.08269e+00	AbsError: 5.33877e+16
      Equation: "HoleContinuityEquation"	RelError: 2.89110e+00	AbsError: 2.79183e+15
      Equation: "PotentialEquation"	RelError: 1.55625e+00	AbsError: 2.00000e-02
    Region: "gate"	RelError: 2.84218e-04	AbsError: 1.39408e+16
      Equation: "ElectronContinuityEquation"	RelError: 1.40431e-04	AbsError: 1.39408e+16
      Equation: "HoleContinuityEquation"	RelError: 1.40470e-04	AbsError: 1.41501e-04
      Equation: "PotentialEquation"	RelError: 3.31774e-06	AbsError: 3.63587e-06
    Region: "oxide"	RelError: 3.24500e-02	AbsError: 1.74859e-02
      Equation: "PotentialEquation"	RelError: 3.24500e-02	AbsError: 1.74859e-02
Iteration: 1
  Device: "mos2d"	RelError: 8.44995e-01	AbsError: 1.58731e+15
    Region: "bulk"	RelError: 8.44833e-01	AbsError: 1.58731e+15
      Equation: "ElectronContinuityEquation"	RelError: 3.74628e-01	AbsError: 1.50188e+15
      Equation: "HoleContinuityEquation"	RelError: 4.65212e-01	AbsError: 8.54270e+13
      Equation: "PotentialEquation"	RelError: 4.99307e-03	AbsError: 8.26064e-05
    Region: "gate"	RelError: 1.23180e-06	AbsError: 5.94483e+13
      Equation: "ElectronContinuityEquation"	RelError: 5.98846e-07	AbsError: 5.94483e+13
      Equation: "HoleContinuityEquation"	RelError: 6.18572e-07	AbsError: 6.23111e-07
      Equation: "PotentialEquation"	RelError: 1.43790e-08	AbsError: 1.57577e-08
    Region: "oxide"	RelError: 1.61321e-04	AbsError: 7.89346e-05
      Equation: "PotentialEquation"	RelError: 1.61321e-04	AbsError: 7.89346e-05
Iteration: 2
  Device: "mos2d"	RelError: 9.02322e-04	AbsError: 7.54715e+11
    Region: "bulk"	RelError: 9.02287e-04	AbsError: 7.54715e+11
      Equation: "ElectronContinuityEquation"	RelError: 4.26729e-04	AbsError: 7.03552e+11
      Equation: "HoleContinuityEquation"	RelError: 4.72405e-04	AbsError: 5.11632e+10
      Equation: "PotentialEquation"	RelError: 3.15288e-06	AbsError: 3.46547e-08
    Region: "gate"	RelError: 2.08828e-10	AbsError: 1.02777e+10
      Equation: "ElectronContinuityEquation"	RelError: 1.03370e-10	AbsError: 1.02777e+10
      Equation: "HoleContinuityEquation"	RelError: 1.03021e-10	AbsError: 1.03615e-10
      Equation: "PotentialEquation"	RelError: 2.43771e-12	AbsError: 2.67155e-12
    Region: "oxide"	RelError: 3.51017e-08	AbsError: 1.71753e-08
      Equation: "PotentialEquation"	RelError: 3.51017e-08	AbsError: 1.71753e-08
Iteration: 3
  Device: "mos2d"	RelError: 8.60481e-10	AbsError: 1.00084e+05
    Region: "bulk"	RelError: 8.60477e-10	AbsError: 1.00084e+05
      Equation: "ElectronContinuityEquation"	RelError: 4.69183e-10	AbsError: 8.49083e+04
      Equation: "HoleContinuityEquation"	RelError: 3.90920e-10	AbsError: 1.51760e+04
      Equation: "PotentialEquation"	RelError: 3.73775e-13	AbsError: 9.78987e-15
    Region: "gate"	RelError: 4.50474e-16	AbsError: 8.28956e+03
      Equation: "ElectronContinuityEquation"	RelError: 8.35040e-17	AbsError: 8.28956e+03
      Equation: "HoleContinuityEquation"	RelError: 2.65680e-16	AbsError: 2.67629e-16
      Equation: "PotentialEquation"	RelError: 1.01291e-16	AbsError: 1.11022e-16
    Region: "oxide"	RelError: 3.34026e-15	AbsError: 1.63439e-15
      Equation: "PotentialEquation"	RelError: 3.34026e-15	AbsError: 1.63439e-15
Succeeded
IVPOINT	IDVD_VG1P0	5.00000000e-01	8.00000000e-02	6.02138301e-09
drain last end 8.000000e-02 2.000000e+00
number of equations 5550
Iteration: 0
  Device: "mos2d"	RelError: 7.57345e+00	AbsError: 5.34981e+16
    Region: "bulk"	RelError: 7.54195e+00	AbsError: 5.34981e+16
      Equation: "ElectronContinuityEquation"	RelError: 1.84403e+00	AbsError: 5.07620e+16
      Equation: "HoleContinuityEquation"	RelError: 2.56608e+00	AbsError: 2.73610e+15
      Equation: "PotentialEquation"	RelError: 3.13185e+00	AbsError: 2.00000e-02
    Region: "gate"	RelError: 2.81791e-04	AbsError: 1.38236e+16
      Equation: "ElectronContinuityEquation"	RelError: 1.39232e-04	AbsError: 1.38236e+16
      Equation: "HoleContinuityEquation"	RelError: 1.39270e-04	AbsError: 1.40273e-04
      Equation: "PotentialEquation"	RelError: 3.28940e-06	AbsError: 3.60482e-06
    Region: "oxide"	RelError: 3.12131e-02	AbsError: 1.73592e-02
      Equation: "PotentialEquation"	RelError: 3.12131e-02	AbsError: 1.73592e-02
Iteration: 1
  Device: "mos2d"	RelError: 7.85488e-01	AbsError: 1.49659e+15
    Region: "bulk"	RelError: 7.85343e-01	AbsError: 1.49659e+15
      Equation: "ElectronContinuityEquation"	RelError: 3.40382e-01	AbsError: 1.41149e+15
      Equation: "HoleContinuityEquation"	RelError: 4.35513e-01	AbsError: 8.51023e+13
      Equation: "PotentialEquation"	RelError: 9.44816e-03	AbsError: 8.12116e-05
    Region: "gate"	RelError: 1.12677e-06	AbsError: 5.43203e+13
      Equation: "ElectronContinuityEquation"	RelError: 5.47114e-07	AbsError: 5.43203e+13
      Equation: "HoleContinuityEquation"	RelError: 5.66504e-07	AbsError: 5.70582e-07
      Equation: "PotentialEquation"	RelError: 1.31530e-08	AbsError: 1.44142e-08
    Region: "oxide"	RelError: 1.43401e-04	AbsError: 7.22517e-05
      Equation: "PotentialEquation"	RelError: 1.43401e-04	AbsError: 7.22517e-05
Iteration: 2
  Device: "mos2d"	RelError: 7.38898e-04	AbsError: 5.77631e+11
    Region: "bulk"	RelError: 7.38870e-04	AbsError: 5.77631e+11
      Equation: "ElectronContinuityEquation"	RelError: 3.23194e-04	AbsError: 5.27273e+11
      Equation: "HoleContinuityEquation"	RelError: 4.10592e-04	AbsError: 5.03575e+10
      Equation: "PotentialEquation"	RelError: 5.08438e-06	AbsError: 3.36823e-08
    Region: "gate"	RelError: 1.94739e-10	AbsError: 9.58468e+09
      Equation: "ElectronContinuityEquation"	RelError: 9.63863e-11	AbsError: 9.58468e+09
      Equation: "HoleContinuityEquation"	RelError: 9.60794e-11	AbsError: 9.66201e-11
      Equation: "PotentialEquation"	RelError: 2.27321e-12	AbsError: 2.49128e-12
    Region: "oxide"	RelError: 2.71788e-08	AbsError: 1.47777e-08
      Equation: "PotentialEquation"	RelError: 2.71788e-08	AbsError: 1.47777e-08
Iteration: 3
  Device: "mos2d"	RelError: 6.92061e-10	AbsError: 7.81065e+04
    Region: "bulk"	RelError: 6.92058e-10	AbsError: 7.81065e+04
      Equation: "ElectronContinuityEquation"	RelError: 3.75446e-10	AbsError: 6.33536e+04
      Equation: "HoleContinuityEquation"	RelError: 3.16256e-10	AbsError: 1.47529e+04
      Equation: "PotentialEquation"	RelError: 3.56004e-13	AbsError: 9.49141e-15
    Region: "gate"	RelError: 4.01821e-16	AbsError: 8.14737e+03
      Equation: "ElectronContinuityEquation"	RelError: 8.14741e-17	AbsError: 8.14737e+03
      Equation: "HoleContinuityEquation"	RelError: 2.19056e-16	AbsError: 2.20816e-16
      Equation: "PotentialEquation"	RelError: 1.01291e-16	AbsError: 1.11022e-16
    Region: "oxide"	RelError: 2.73687e-15	AbsError: 1.52194e-15
      Equation: "PotentialEquation"	RelError: 2.73687e-15	AbsError: 1.52194e-15
Succeeded
IVPOINT	IDVD_VG1P0	5.00000000e-01	1.00000000e-01	6.28899559e-09
drain last end 1.000000e-01 2.000000e+00
number of equations 5550
Iteration: 0
  Device: "mos2d"	RelError: 1.57730e+01	AbsError: 5.05712e+16
    Region: "bulk"	RelError: 1.57426e+01	AbsError: 5.05712e+16
      Equation: "ElectronContinuityEquation"	RelError: 1.61519e+00	AbsError: 4.79062e+16
      Equation: "HoleContinuityEquation"	RelError: 2.38860e+00	AbsError: 2.66504e+15
      Equation: "PotentialEquation"	RelError: 1.17388e+01	AbsError: 2.00000e-02
    Region: "gate"	RelError: 2.79571e-04	AbsError: 1.37166e+16
      Equation: "ElectronContinuityEquation"	RelError: 1.38135e-04	AbsError: 1.37166e+16
      Equation: "HoleContinuityEquation"	RelError: 1.38173e-04	AbsError: 1.39148e-04
      Equation: "PotentialEquation"	RelError: 3.26347e-06	AbsError: 3.57641e-06
    Region: "oxide"	RelError: 3.00589e-02	AbsError: 1.72334e-02
      Equation: "PotentialEquation"	RelError: 3.00589e-02	AbsError: 1.72334e-02
Iteration: 1
  Device: "mos2d"	RelError: 7.11531e-01	AbsError: 1.58719e+15
    Region: "bulk"	RelError: 7.11403e-01	AbsError: 1.58719e+15
      Equation: "ElectronContinuityEquation"	RelError: 3.01991e-01	AbsError: 1.50390e+15
      Equation: "HoleContinuityEquation"	RelError: 4.04362e-01	AbsError: 8.32914e+13
      Equation: "PotentialEquation"	RelError: 5.04996e-03	AbsError: 7.91805e-05
    Region: "gate"	RelError: 1.05163e-06	AbsError: 5.07902e+13
      Equation: "ElectronContinuityEquation"	RelError: 5.10693e-07	AbsError: 5.07902e+13
      Equation: "HoleContinuityEquation"	RelError: 5.28666e-07	AbsError: 5.31571e-07
      Equation: "PotentialEquation"	RelError: 1.22754e-08	AbsError: 1.34530e-08
    Region: "oxide"	RelError: 1.27201e-04	AbsError: 6.59215e-05
      Equation: "PotentialEquation"	RelError: 1.27201e-04	AbsError: 6.59215e-05
Iteration: 2
  Device: "mos2d"	RelError: 6.76011e-04	AbsError: 6.56307e+11
    Region: "bulk"	RelError: 6.75984e-04	AbsError: 6.56307e+11
      Equation: "ElectronContinuityEquation"	RelError: 2.78822e-04	AbsError: 6.08484e+11
      Equation: "HoleContinuityEquation"	RelError: 3.95609e-04	AbsError: 4.78233e+10
      Equation: "PotentialEquation"	RelError: 1.55232e-06	AbsError: 3.18348e-08
    Region: "gate"	RelError: 1.85563e-10	AbsError: 9.13319e+09
      Equation: "ElectronContinuityEquation"	RelError: 9.18337e-11	AbsError: 9.13319e+09
      Equation: "HoleContinuityEquation"	RelError: 9.15635e-11	AbsError: 9.20666e-11
      Equation: "PotentialEquation"	RelError: 2.16613e-12	AbsError: 2.37393e-12
    Region: "oxide"	RelError: 2.71191e-08	AbsError: 1.55463e-08
      Equation: "PotentialEquation"	RelError: 2.71191e-08	AbsError: 1.55463e-08
Iteration: 3
  Device: "mos2d"	RelError: 1.12842e-09	AbsError: 9.43398e+04
    Region: "bulk"	RelError: 1.12841e-09	AbsError: 9.43398e+04
      Equation: "ElectronContinuityEquation"	RelError: 5.70295e-10	AbsError: 8.09670e+04
      Equation: "HoleContinuityEquation"	RelError: 5.57966e-10	AbsError: 1.33728e+04
      Equation: "PotentialEquation"	RelError: 1.52525e-13	AbsError: 8.56816e-15
    Region: "gate"	RelError: 4.59587e-16	AbsError: 8.14021e+03
      Equation: "ElectronContinuityEquation"	RelError: 8.14021e-17	AbsError: 8.14021e+03
      Equation: "HoleContinuityEquation"	RelError: 2.76894e-16	AbsError: 2.79093e-16
      Equation: "PotentialEquation"	RelError: 1.01291e-16	AbsError: 1.11022e-16
    Region: "oxide"	RelError: 3.07059e-15	AbsError: 1.76025e-15
      Equation: "PotentialEquation"	RelError: 3.07059e-15	AbsError: 1.76025e-15
Succeeded
IVPOINT	IDVD_VG1P0	5.00000000e-01	1.20000000e-01	6.47605409e-09
drain last end 1.200000e-01 2.000000e+00
number of equations 5550
Iteration: 0
  Device: "mos2d"	RelError: 8.87532e+00	AbsError: 4.74547e+16
    Region: "bulk"	RelError: 8.84606e+00	AbsError: 4.74547e+16
      Equation: "ElectronContinuityEquation"	RelError: 1.49768e+00	AbsError: 4.48751e+16
      Equation: "HoleContinuityEquation"	RelError: 2.31356e+00	AbsError: 2.57959e+15
      Equation: "PotentialEquation"	RelError: 5.03483e+00	AbsError: 2.00000e-02
    Region: "gate"	RelError: 2.77536e-04	AbsError: 1.36187e+16
      Equation: "ElectronContinuityEquation"	RelError: 1.37129e-04	AbsError: 1.36187e+16
      Equation: "HoleContinuityEquation"	RelError: 1.37167e-04	AbsError: 1.38116e-04
      Equation: "PotentialEquation"	RelError: 3.23970e-06	AbsError: 3.55038e-06
    Region: "oxide"	RelError: 2.89806e-02	AbsError: 1.71092e-02
      Equation: "PotentialEquation"	RelError: 2.89806e-02	AbsError: 1.71092e-02
Iteration: 1
  Device: "mos2d"	RelError: 6.85383e-01	AbsError: 1.64801e+15
    Region: "bulk"	RelError: 6.85269e-01	AbsError: 1.64801e+15
      Equation: "ElectronContinuityEquation"	RelError: 2.74942e-01	AbsError: 1.56786e+15
      Equation: "HoleContinuityEquation"	RelError: 3.96544e-01	AbsError: 8.01491e+13
      Equation: "PotentialEquation"	RelError: 1.37830e-02	AbsError: 7.65857e-05
    Region: "gate"	RelError: 9.85288e-07	AbsError: 4.75495e+13
      Equation: "ElectronContinuityEquation"	RelError: 4.78044e-07	AbsError: 4.75495e+13
      Equation: "HoleContinuityEquation"	RelError: 4.95743e-07	AbsError: 4.98401e-07
      Equation: "PotentialEquation"	RelError: 1.15009e-08	AbsError: 1.26043e-08
    Region: "oxide"	RelError: 1.12684e-04	AbsError: 6.11423e-05
      Equation: "PotentialEquation"	RelError: 1.12684e-04	AbsError: 6.11423e-05
Iteration: 2
  Device: "mos2d"	RelError: 6.12157e-04	AbsError: 7.06540e+11
    Region: "bulk"	RelError: 6.12130e-04	AbsError: 7.06540e+11
      Equation: "ElectronContinuityEquation"	RelError: 2.31569e-04	AbsError: 6.62668e+11
      Equation: "HoleContinuityEquation"	RelError: 3.77638e-04	AbsError: 4.38720e+10
      Equation: "PotentialEquation"	RelError: 2.92365e-06	AbsError: 2.92664e-08
    Region: "gate"	RelError: 1.79385e-10	AbsError: 8.82906e+09
      Equation: "ElectronContinuityEquation"	RelError: 8.87639e-11	AbsError: 8.82906e+09
      Equation: "HoleContinuityEquation"	RelError: 8.85269e-11	AbsError: 8.90015e-11
      Equation: "PotentialEquation"	RelError: 2.09398e-12	AbsError: 2.29487e-12
    Region: "oxide"	RelError: 2.71851e-08	AbsError: 1.60476e-08
      Equation: "PotentialEquation"	RelError: 2.71851e-08	AbsError: 1.60476e-08
Iteration: 3
  Device: "mos2d"	RelError: 8.11325e-10	AbsError: 1.03776e+05
    Region: "bulk"	RelError: 8.11321e-10	AbsError: 1.03776e+05
      Equation: "ElectronContinuityEquation"	RelError: 5.29822e-10	AbsError: 9.24435e+04
      Equation: "HoleContinuityEquation"	RelError: 2.81051e-10	AbsError: 1.13327e+04
      Equation: "PotentialEquation"	RelError: 4.47548e-13	AbsError: 7.29262e-15
    Region: "gate"	RelError: 3.56033e-16	AbsError: 8.18606e+03
      Equation: "ElectronContinuityEquation"	RelError: 8.18609e-17	AbsError: 8.18606e+03
      Equation: "HoleContinuityEquation"	RelError: 1.72881e-16	AbsError: 1.74337e-16
      Equation: "PotentialEquation"	RelError: 1.01291e-16	AbsError: 1.11022e-16
    Region: "oxide"	RelError: 3.33828e-15	AbsError: 1.97061e-15
      Equation: "PotentialEquation"	RelError: 3.33828e-15	AbsError: 1.97061e-15
Succeeded
IVPOINT	IDVD_VG1P0	5.00000000e-01	1.40000000e-01	6.62543871e-09
drain last end 1.400000e-01 2.000000e+00
number of equations 5550
Iteration: 0
  Device: "mos2d"	RelError: 5.66202e+00	AbsError: 4.42189e+16
    Region: "bulk"	RelError: 5.63378e+00	AbsError: 4.42189e+16
      Equation: "ElectronContinuityEquation"	RelError: 1.41975e+00	AbsError: 4.17258e+16
      Equation: "HoleContinuityEquation"	RelError: 2.24653e+00	AbsError: 2.49312e+15
      Equation: "PotentialEquation"	RelError: 1.96749e+00	AbsError: 2.00000e-02
    Region: "gate"	RelError: 2.75669e-04	AbsError: 1.35289e+16
      Equation: "ElectronContinuityEquation"	RelError: 1.36207e-04	AbsError: 1.35289e+16
      Equation: "HoleContinuityEquation"	RelError: 1.36244e-04	AbsError: 1.37169e-04
      Equation: "PotentialEquation"	RelError: 3.21790e-06	AbsError: 3.52650e-06
    Region: "oxide"	RelError: 2.79723e-02	AbsError: 1.69874e-02
      Equation: "PotentialEquation"	RelError: 2.79723e-02	AbsError: 1.69874e-02
Iteration: 1
  Device: "mos2d"	RelError: 6.54935e-01	AbsError: 1.67917e+15
    Region: "bulk"	RelError: 6.54835e-01	AbsError: 1.67917e+15
      Equation: "ElectronContinuityEquation"	RelError: 2.63824e-01	AbsError: 1.60328e+15
      Equation: "HoleContinuityEquation"	RelError: 3.85865e-01	AbsError: 7.58869e+13
      Equation: "PotentialEquation"	RelError: 5.14616e-03	AbsError: 7.69423e-05
    Region: "gate"	RelError: 9.21985e-07	AbsError: 4.44565e+13
      Equation: "ElectronContinuityEquation"	RelError: 4.46889e-07	AbsError: 4.44565e+13
      Equation: "HoleContinuityEquation"	RelError: 4.64333e-07	AbsError: 4.66761e-07
      Equation: "PotentialEquation"	RelError: 1.07620e-08	AbsError: 1.17945e-08
    Region: "oxide"	RelError: 9.97496e-05	AbsError: 5.96005e-05
      Equation: "PotentialEquation"	RelError: 9.97496e-05	AbsError: 5.96005e-05
Iteration: 2
  Device: "mos2d"	RelError: 5.57501e-04	AbsError: 7.28863e+11
    Region: "bulk"	RelError: 5.57474e-04	AbsError: 7.28863e+11
      Equation: "ElectronContinuityEquation"	RelError: 2.01312e-04	AbsError: 6.89945e+11
      Equation: "HoleContinuityEquation"	RelError: 3.54191e-04	AbsError: 3.89173e+10
      Equation: "PotentialEquation"	RelError: 1.97100e-06	AbsError: 2.62012e-08
    Region: "gate"	RelError: 1.74281e-10	AbsError: 8.57785e+09
      Equation: "ElectronContinuityEquation"	RelError: 8.62270e-11	AbsError: 8.57785e+09
      Equation: "HoleContinuityEquation"	RelError: 8.60192e-11	AbsError: 8.64689e-11
      Equation: "PotentialEquation"	RelError: 2.03436e-12	AbsError: 2.22953e-12
    Region: "oxide"	RelError: 2.67142e-08	AbsError: 1.62218e-08
      Equation: "PotentialEquation"	RelError: 2.67142e-08	AbsError: 1.62218e-08
Iteration: 3
  Device: "mos2d"	RelError: 7.72527e-10	AbsError: 1.07053e+05
    Region: "bulk"	RelError: 7.72523e-10	AbsError: 1.07053e+05
      Equation: "ElectronContinuityEquation"	RelError: 5.62941e-10	AbsError: 9.80665e+04
      Equation: "HoleContinuityEquation"	RelError: 2.09445e-10	AbsError: 8.98664e+03
      Equation: "PotentialEquation"	RelError: 1.36503e-13	AbsError: 5.82791e-15
    Region: "gate"	RelError: 5.79927e-16	AbsError: 8.17701e+03
      Equation: "ElectronContinuityEquation"	RelError: 8.17701e-17	AbsError: 8.17701e+03
      Equation: "HoleContinuityEquation"	RelError: 3.95789e-16	AbsError: 3.97858e-16
      Equation: "PotentialEquation"	RelError: 1.02368e-16	AbsError: 1.12183e-16
    Region: "oxide"	RelError: 3.38419e-15	AbsError: 2.05500e-15
      Equation: "PotentialEquation"	RelError: 3.38419e-15	AbsError: 2.05500e-15
Succeeded
IVPOINT	IDVD_VG1P0	5.00000000e-01	1.60000000e-01	6.75699294e-09
drain last end 1.600000e-01 2.000000e+00
number of equations 5550
Iteration: 0
  Device: "mos2d"	RelError: 7.54225e+00	AbsError: 4.09873e+16
    Region: "bulk"	RelError: 7.51495e+00	AbsError: 4.09873e+16
      Equation: "ElectronContinuityEquation"	RelError: 1.31519e+00	AbsError: 3.85150e+16
      Equation: "HoleContinuityEquation"	RelError: 2.20877e+00	AbsError: 2.47233e+15
      Equation: "PotentialEquation"	RelError: 3.99099e+00	AbsError: 2.00000e-02
    Region: "gate"	RelError: 2.73955e-04	AbsError: 1.34466e+16
      Equation: "ElectronContinuityEquation"	RelError: 1.35360e-04	AbsError: 1.34466e+16
      Equation: "HoleContinuityEquation"	RelError: 1.35397e-04	AbsError: 1.36297e-04
      Equation: "PotentialEquation"	RelError: 3.19789e-06	AbsError: 3.50458e-06
    Region: "oxide"	RelError: 2.70289e-02	AbsError: 1.68689e-02
      Equation: "PotentialEquation"	RelError: 2.70289e-02	AbsError: 1.68689e-02
Iteration: 1
  Device: "mos2d"	RelError: 6.43271e-01	AbsError: 1.68395e+15
    Region: "bulk"	RelError: 6.43178e-01	AbsError: 1.68395e+15
      Equation: "ElectronContinuityEquation"	RelError: 2.47079e-01	AbsError: 1.61108e+15
      Equation: "HoleContinuityEquation"	RelError: 3.80463e-01	AbsError: 7.28671e+13
      Equation: "PotentialEquation"	RelError: 1.56357e-02	AbsError: 7.71490e-05
    Region: "gate"	RelError: 8.61158e-07	AbsError: 4.14835e+13
      Equation: "ElectronContinuityEquation"	RelError: 4.16950e-07	AbsError: 4.14835e+13
      Equation: "HoleContinuityEquation"	RelError: 4.34156e-07	AbsError: 4.36369e-07
      Equation: "PotentialEquation"	RelError: 1.00519e-08	AbsError: 1.10164e-08
    Region: "oxide"	RelError: 9.24166e-05	AbsError: 5.76723e-05
      Equation: "PotentialEquation"	RelError: 9.24166e-05	AbsError: 5.76723e-05
Iteration: 2
  Device: "mos2d"	RelError: 4.97545e-04	AbsError: 7.25301e+11
    Region: "bulk"	RelError: 4.97519e-04	AbsError: 7.25301e+11
      Equation: "ElectronContinuityEquation"	RelError: 1.70530e-04	AbsError: 6.91885e+11
      Equation: "HoleContinuityEquation"	RelError: 3.21614e-04	AbsError: 3.34159e+10
      Equation: "PotentialEquation"	RelError: 5.37586e-06	AbsError: 2.28955e-08
    Region: "gate"	RelError: 1.68643e-10	AbsError: 8.30050e+09
      Equation: "ElectronContinuityEquation"	RelError: 8.34281e-11	AbsError: 8.30050e+09
      Equation: "HoleContinuityEquation"	RelError: 8.32467e-11	AbsError: 8.36710e-11
      Equation: "PotentialEquation"	RelError: 1.96861e-12	AbsError: 2.15749e-12
    Region: "oxide"	RelError: 2.56950e-08	AbsError: 1.60349e-08
      Equation: "PotentialEquation"	RelError: 2.56950e-08	AbsError: 1.60349e-08
Iteration: 3
  Device: "mos2d"	RelError: 3.83354e-10	AbsError: 1.03664e+05
    Region: "bulk"	RelError: 3.83350e-10	AbsError: 1.03664e+05
      Equation: "ElectronContinuityEquation"	RelError: 3.28149e-10	AbsError: 9.69979e+04
      Equation: "HoleContinuityEquation"	RelError: 5.47143e-11	AbsError: 6.66637e+03
      Equation: "PotentialEquation"	RelError: 4.87175e-13	AbsError: 4.42925e-15
    Region: "gate"	RelError: 3.79988e-16	AbsError: 7.90870e+03
      Equation: "ElectronContinuityEquation"	RelError: 7.90870e-17	AbsError: 7.90870e+03
      Equation: "HoleContinuityEquation"	RelError: 1.99610e-16	AbsError: 2.01291e-16
      Equation: "PotentialEquation"	RelError: 1.01291e-16	AbsError: 1.11022e-16
    Region: "oxide"	RelError: 3.29710e-15	AbsError: 2.05754e-15
      Equation: "PotentialEquation"	RelError: 3.29710e-15	AbsError: 2.05754e-15
Succeeded
IVPOINT	IDVD_VG1P0	5.00000000e-01	1.80000000e-01	6.88064877e-09
drain last end 1.800000e-01 2.000000e+00
number of equations 5550
Iteration: 0
  Device: "mos2d"	RelError: 9.02016e+01	AbsError: 3.77388e+16
    Region: "bulk"	RelError: 9.01752e+01	AbsError: 3.77388e+16
      Equation: "ElectronContinuityEquation"	RelError: 1.22329e+00	AbsError: 3.52975e+16
      Equation: "HoleContinuityEquation"	RelError: 2.17305e+00	AbsError: 2.44131e+15
      Equation: "PotentialEquation"	RelError: 8.67788e+01	AbsError: 2.00000e-02
    Region: "gate"	RelError: 2.72382e-04	AbsError: 1.33712e+16
      Equation: "ElectronContinuityEquation"	RelError: 1.34583e-04	AbsError: 1.33712e+16
      Equation: "HoleContinuityEquation"	RelError: 1.34619e-04	AbsError: 1.35496e-04
      Equation: "PotentialEquation"	RelError: 3.17951e-06	AbsError: 3.48445e-06
    Region: "oxide"	RelError: 2.61458e-02	AbsError: 1.67543e-02
      Equation: "PotentialEquation"	RelError: 2.61458e-02	AbsError: 1.67543e-02
Iteration: 1
  Device: "mos2d"	RelError: 6.53913e-01	AbsError: 1.66497e+15
    Region: "bulk"	RelError: 6.53825e-01	AbsError: 1.66497e+15
      Equation: "ElectronContinuityEquation"	RelError: 2.27670e-01	AbsError: 1.59317e+15
      Equation: "HoleContinuityEquation"	RelError: 3.76764e-01	AbsError: 7.17937e+13
      Equation: "PotentialEquation"	RelError: 4.93906e-02	AbsError: 7.69142e-05
    Region: "gate"	RelError: 8.02336e-07	AbsError: 3.86075e+13
      Equation: "ElectronContinuityEquation"	RelError: 3.87992e-07	AbsError: 3.86075e+13
      Equation: "HoleContinuityEquation"	RelError: 4.04979e-07	AbsError: 4.06990e-07
      Equation: "PotentialEquation"	RelError: 9.36531e-09	AbsError: 1.02639e-08
    Region: "oxide"	RelError: 8.64382e-05	AbsError: 5.53849e-05
      Equation: "PotentialEquation"	RelError: 8.64382e-05	AbsError: 5.53849e-05
Iteration: 2
  Device: "mos2d"	RelError: 4.38443e-04	AbsError: 7.02647e+11
    Region: "bulk"	RelError: 4.38419e-04	AbsError: 7.02647e+11
      Equation: "ElectronContinuityEquation"	RelError: 1.47565e-04	AbsError: 6.71343e+11
      Equation: "HoleContinuityEquation"	RelError: 2.86174e-04	AbsError: 3.13039e+10
      Equation: "PotentialEquation"	RelError: 4.67991e-06	AbsError: 2.07262e-08
    Region: "gate"	RelError: 1.61377e-10	AbsError: 7.94308e+09
      Equation: "ElectronContinuityEquation"	RelError: 7.98253e-11	AbsError: 7.94308e+09
      Equation: "HoleContinuityEquation"	RelError: 7.96680e-11	AbsError: 8.00637e-11
      Equation: "PotentialEquation"	RelError: 1.88370e-12	AbsError: 2.06443e-12
    Region: "oxide"	RelError: 2.41685e-08	AbsError: 1.54859e-08
      Equation: "PotentialEquation"	RelError: 2.41685e-08	AbsError: 1.54859e-08
Iteration: 3
  Device: "mos2d"	RelError: 9.69048e-10	AbsError: 9.70234e+04
    Region: "bulk"	RelError: 9.69044e-10	AbsError: 9.70234e+04
      Equation: "ElectronContinuityEquation"	RelError: 7.15145e-10	AbsError: 9.15040e+04
      Equation: "HoleContinuityEquation"	RelError: 2.53003e-10	AbsError: 5.51934e+03
      Equation: "PotentialEquation"	RelError: 8.96323e-13	AbsError: 3.72421e-15
    Region: "gate"	RelError: 5.11840e-16	AbsError: 8.19744e+03
      Equation: "ElectronContinuityEquation"	RelError: 8.19745e-17	AbsError: 8.19744e+03
      Equation: "HoleContinuityEquation"	RelError: 3.27696e-16	AbsError: 3.29656e-16
      Equation: "PotentialEquation"	RelError: 1.02170e-16	AbsError: 1.11969e-16
    Region: "oxide"	RelError: 3.13676e-15	AbsError: 2.00987e-15
      Equation: "PotentialEquation"	RelError: 3.13676e-15	AbsError: 2.00987e-15
Succeeded
IVPOINT	IDVD_VG1P0	5.00000000e-01	2.00000000e-01	7.00052399e-09
drain last end 2.000000e-01 2.000000e+00
number of equations 5550
Iteration: 0
  Device: "mos2d"	RelError: 7.21229e+00	AbsError: 3.45235e+16
    Region: "bulk"	RelError: 7.18670e+00	AbsError: 3.45235e+16
      Equation: "ElectronContinuityEquation"	RelError: 1.15724e+00	AbsError: 3.21237e+16
      Equation: "HoleContinuityEquation"	RelError: 2.14727e+00	AbsError: 2.39983e+15
      Equation: "PotentialEquation"	RelError: 3.88219e+00	AbsError: 2.00000e-02
    Region: "gate"	RelError: 2.70939e-04	AbsError: 1.33021e+16
      Equation: "ElectronContinuityEquation"	RelError: 1.33870e-04	AbsError: 1.33021e+16
      Equation: "HoleContinuityEquation"	RelError: 1.33906e-04	AbsError: 1.34760e-04
      Equation: "PotentialEquation"	RelError: 3.16266e-06	AbsError: 3.46599e-06
    Region: "oxide"	RelError: 2.53189e-02	AbsError: 1.66444e-02
      Equation: "PotentialEquation"	RelError: 2.53189e-02	AbsError: 1.66444e-02
Iteration: 1
  Device: "mos2d"	RelError: 5.96794e-01	AbsError: 1.62202e+15
    Region: "bulk"	RelError: 5.96713e-01	AbsError: 1.62202e+15
      Equation: "ElectronContinuityEquation"	RelError: 2.14658e-01	AbsError: 1.55227e+15
      Equation: "HoleContinuityEquation"	RelError: 3.72222e-01	AbsError: 6.97593e+13
      Equation: "PotentialEquation"	RelError: 9.83297e-03	AbsError: 7.62502e-05
    Region: "gate"	RelError: 7.45196e-07	AbsError: 3.58125e+13
      Equation: "ElectronContinuityEquation"	RelError: 3.59857e-07	AbsError: 3.58125e+13
      Equation: "HoleContinuityEquation"	RelError: 3.76641e-07	AbsError: 3.78462e-07
      Equation: "PotentialEquation"	RelError: 8.69831e-09	AbsError: 9.53292e-09
    Region: "oxide"	RelError: 8.02916e-05	AbsError: 5.27787e-05
      Equation: "PotentialEquation"	RelError: 8.02916e-05	AbsError: 5.27787e-05
Iteration: 2
  Device: "mos2d"	RelError: 3.95799e-04	AbsError: 6.61961e+11
    Region: "bulk"	RelError: 3.95776e-04	AbsError: 6.61961e+11
      Equation: "ElectronContinuityEquation"	RelError: 1.27631e-04	AbsError: 6.32220e+11
      Equation: "HoleContinuityEquation"	RelError: 2.65968e-04	AbsError: 2.97406e+10
      Equation: "PotentialEquation"	RelError: 2.17713e-06	AbsError: 2.01852e-08
    Region: "gate"	RelError: 1.51963e-10	AbsError: 7.48002e+09
      Equation: "ElectronContinuityEquation"	RelError: 7.51620e-11	AbsError: 7.48002e+09
      Equation: "HoleContinuityEquation"	RelError: 7.50268e-11	AbsError: 7.53896e-11
      Equation: "PotentialEquation"	RelError: 1.77379e-12	AbsError: 1.94399e-12
    Region: "oxide"	RelError: 2.22218e-08	AbsError: 1.46072e-08
      Equation: "PotentialEquation"	RelError: 2.22218e-08	AbsError: 1.46072e-08
Iteration: 3
  Device: "mos2d"	RelError: 2.17272e-09	AbsError: 8.67530e+04
    Region: "bulk"	RelError: 2.17272e-09	AbsError: 8.67530e+04
      Equation: "ElectronContinuityEquation"	RelError: 1.31812e-09	AbsError: 8.16413e+04
      Equation: "HoleContinuityEquation"	RelError: 8.54452e-10	AbsError: 5.11178e+03
      Equation: "PotentialEquation"	RelError: 1.41981e-13	AbsError: 3.44565e-15
    Region: "gate"	RelError: 3.68581e-16	AbsError: 8.17010e+03
      Equation: "ElectronContinuityEquation"	RelError: 8.17010e-17	AbsError: 8.17010e+03
      Equation: "HoleContinuityEquation"	RelError: 1.85589e-16	AbsError: 1.87152e-16
      Equation: "PotentialEquation"	RelError: 1.01291e-16	AbsError: 1.11022e-16
    Region: "oxide"	RelError: 2.68114e-15	AbsError: 1.76241e-15
      Equation: "PotentialEquation"	RelError: 2.68114e-15	AbsError: 1.76241e-15
Succeeded
IVPOINT	IDVD_VG1P0	5.00000000e-01	2.20000000e-01	7.11875363e-09
drain last end 2.200000e-01 2.000000e+00
number of equations 5550
Iteration: 0
  Device: "mos2d"	RelError: 1.59604e+01	AbsError: 3.13864e+16
    Region: "bulk"	RelError: 1.59356e+01	AbsError: 3.13864e+16
      Equation: "ElectronContinuityEquation"	RelError: 1.09838e+00	AbsError: 2.90386e+16
      Equation: "HoleContinuityEquation"	RelError: 2.11245e+00	AbsError: 2.34784e+15
      Equation: "PotentialEquation"	RelError: 1.27248e+01	AbsError: 2.00000e-02
    Region: "gate"	RelError: 2.69617e-04	AbsError: 1.32390e+16
      Equation: "ElectronContinuityEquation"	RelError: 1.33217e-04	AbsError: 1.32390e+16
      Equation: "HoleContinuityEquation"	RelError: 1.33253e-04	AbsError: 1.34085e-04
      Equation: "PotentialEquation"	RelError: 3.14722e-06	AbsError: 3.44908e-06
    Region: "oxide"	RelError: 2.45442e-02	AbsError: 1.65398e-02
      Equation: "PotentialEquation"	RelError: 2.45442e-02	AbsError: 1.65398e-02
Iteration: 1
  Device: "mos2d"	RelError: 5.90619e-01	AbsError: 1.56173e+15
    Region: "bulk"	RelError: 5.90544e-01	AbsError: 1.56173e+15
      Equation: "ElectronContinuityEquation"	RelError: 2.02568e-01	AbsError: 1.49168e+15
      Equation: "HoleContinuityEquation"	RelError: 3.68575e-01	AbsError: 7.00510e+13
      Equation: "PotentialEquation"	RelError: 1.94004e-02	AbsError: 7.51899e-05
    Region: "gate"	RelError: 6.89585e-07	AbsError: 3.30912e+13
      Equation: "ElectronContinuityEquation"	RelError: 3.32470e-07	AbsError: 3.30912e+13
      Equation: "HoleContinuityEquation"	RelError: 3.49066e-07	AbsError: 3.50709e-07
      Equation: "PotentialEquation"	RelError: 8.04916e-09	AbsError: 8.82150e-09
    Region: "oxide"	RelError: 7.40634e-05	AbsError: 4.99059e-05
      Equation: "PotentialEquation"	RelError: 7.40634e-05	AbsError: 4.99059e-05
Iteration: 2
  Device: "mos2d"	RelError: 3.60342e-04	AbsError: 6.10637e+11
    Region: "bulk"	RelError: 3.60322e-04	AbsError: 6.10637e+11
      Equation: "ElectronContinuityEquation"	RelError: 1.09828e-04	AbsError: 5.79111e+11
      Equation: "HoleContinuityEquation"	RelError: 2.48264e-04	AbsError: 3.15264e+10
      Equation: "PotentialEquation"	RelError: 2.22985e-06	AbsError: 1.92457e-08
    Region: "gate"	RelError: 1.40409e-10	AbsError: 6.91175e+09
      Equation: "ElectronContinuityEquation"	RelError: 6.94429e-11	AbsError: 6.91175e+09
      Equation: "HoleContinuityEquation"	RelError: 6.93267e-11	AbsError: 6.96530e-11
      Equation: "PotentialEquation"	RelError: 1.63895e-12	AbsError: 1.79621e-12
    Region: "oxide"	RelError: 1.99753e-08	AbsError: 1.34599e-08
      Equation: "PotentialEquation"	RelError: 1.99753e-08	AbsError: 1.34599e-08
Iteration: 3
  Device: "mos2d"	RelError: 3.76185e-09	AbsError: 7.35047e+04
    Region: "bulk"	RelError: 3.76184e-09	AbsError: 7.35047e+04
      Equation: "ElectronContinuityEquation"	RelError: 2.41423e-09	AbsError: 6.87356e+04
      Equation: "HoleContinuityEquation"	RelError: 1.34744e-09	AbsError: 4.76909e+03
      Equation: "PotentialEquation"	RelError: 1.71963e-13	AbsError: 3.08535e-15
    Region: "gate"	RelError: 3.79373e-16	AbsError: 8.05980e+03
      Equation: "ElectronContinuityEquation"	RelError: 8.05980e-17	AbsError: 8.05980e+03
      Equation: "HoleContinuityEquation"	RelError: 1.97484e-16	AbsError: 1.98665e-16
      Equation: "PotentialEquation"	RelError: 1.01291e-16	AbsError: 1.11022e-16
    Region: "oxide"	RelError: 2.34206e-15	AbsError: 1.57815e-15
      Equation: "PotentialEquation"	RelError: 2.34206e-15	AbsError: 1.57815e-15
Succeeded
IVPOINT	IDVD_VG1P0	5.00000000e-01	2.40000000e-01	7.23643891e-09
drain last end 2.400000e-01 2.000000e+00
number of equations 5550
Iteration: 0
  Device: "mos2d"	RelError: 6.98006e+00	AbsError: 2.84398e+16
    Region: "bulk"	RelError: 6.95597e+00	AbsError: 2.84398e+16
      Equation: "ElectronContinuityEquation"	RelError: 1.07478e+00	AbsError: 2.60803e+16
      Equation: "HoleContinuityEquation"	RelError: 2.04912e+00	AbsError: 2.35947e+15
      Equation: "PotentialEquation"	RelError: 3.83207e+00	AbsError: 2.00000e-02
    Region: "gate"	RelError: 2.68410e-04	AbsError: 1.31815e+16
      Equation: "ElectronContinuityEquation"	RelError: 1.32621e-04	AbsError: 1.31815e+16
      Equation: "HoleContinuityEquation"	RelError: 1.32656e-04	AbsError: 1.33467e-04
      Equation: "PotentialEquation"	RelError: 3.13311e-06	AbsError: 3.43363e-06
    Region: "oxide"	RelError: 2.38183e-02	AbsError: 1.64410e-02
      Equation: "PotentialEquation"	RelError: 2.38183e-02	AbsError: 1.64410e-02
Iteration: 1
  Device: "mos2d"	RelError: 5.59808e-01	AbsError: 1.48666e+15
    Region: "bulk"	RelError: 5.59739e-01	AbsError: 1.48666e+15
      Equation: "ElectronContinuityEquation"	RelError: 1.93824e-01	AbsError: 1.41515e+15
      Equation: "HoleContinuityEquation"	RelError: 3.60775e-01	AbsError: 7.15155e+13
      Equation: "PotentialEquation"	RelError: 5.14089e-03	AbsError: 7.37847e-05
    Region: "gate"	RelError: 6.35510e-07	AbsError: 3.04441e+13
      Equation: "ElectronContinuityEquation"	RelError: 3.05835e-07	AbsError: 3.04441e+13
      Equation: "HoleContinuityEquation"	RelError: 3.22258e-07	AbsError: 3.23733e-07
      Equation: "PotentialEquation"	RelError: 7.41795e-09	AbsError: 8.12975e-09
    Region: "oxide"	RelError: 6.78451e-05	AbsError: 4.68282e-05
      Equation: "PotentialEquation"	RelError: 6.78451e-05	AbsError: 4.68282e-05
Iteration: 2
  Device: "mos2d"	RelError: 3.31797e-04	AbsError: 5.49459e+11
    Region: "bulk"	RelError: 3.31779e-04	AbsError: 5.49459e+11
      Equation: "ElectronContinuityEquation"	RelError: 9.67721e-05	AbsError: 5.16879e+11
      Equation: "HoleContinuityEquation"	RelError: 2.34239e-04	AbsError: 3.25795e+10
      Equation: "PotentialEquation"	RelError: 7.68153e-07	AbsError: 1.87806e-08
    Region: "gate"	RelError: 1.27127e-10	AbsError: 6.25846e+09
      Equation: "ElectronContinuityEquation"	RelError: 6.28712e-11	AbsError: 6.25846e+09
      Equation: "HoleContinuityEquation"	RelError: 6.27723e-11	AbsError: 6.30597e-11
      Equation: "PotentialEquation"	RelError: 1.48400e-12	AbsError: 1.62640e-12
    Region: "oxide"	RelError: 1.75644e-08	AbsError: 1.21233e-08
      Equation: "PotentialEquation"	RelError: 1.75644e-08	AbsError: 1.21233e-08
Iteration: 3
  Device: "mos2d"	RelError: 7.52755e-10	AbsError: 6.04347e+04
    Region: "bulk"	RelError: 7.52753e-10	AbsError: 6.04347e+04
      Equation: "ElectronContinuityEquation"	RelError: 5.57993e-10	AbsError: 5.51810e+04
      Equation: "HoleContinuityEquation"	RelError: 1.94535e-10	AbsError: 5.25366e+03
      Equation: "PotentialEquation"	RelError: 2.25029e-13	AbsError: 3.21343e-15
    Region: "gate"	RelError: 4.29224e-16	AbsError: 8.15778e+03
      Equation: "ElectronContinuityEquation"	RelError: 8.15778e-17	AbsError: 8.15778e+03
      Equation: "HoleContinuityEquation"	RelError: 2.46355e-16	AbsError: 2.47829e-16
      Equation: "PotentialEquation"	RelError: 1.01291e-16	AbsError: 1.11022e-16
    Region: "oxide"	RelError: 1.93582e-15	AbsError: 1.33614e-15
      Equation: "PotentialEquation"	RelError: 1.93582e-15	AbsError: 1.33614e-15
Succeeded
IVPOINT	IDVD_VG1P0	5.00000000e-01	2.60000000e-01	7.35448959e-09
drain last end 2.600000e-01 2.000000e+00
number of equations 5550
Iteration: 0
  Device: "mos2d"	RelError: 1.16543e+01	AbsError: 2.56435e+16
    Region: "bulk"	RelError: 1.16309e+01	AbsError: 2.56435e+16
      Equation: "ElectronContinuityEquation"	RelError: 1.04142e+00	AbsError: 2.32794e+16
      Equation: "HoleContinuityEquation"	RelError: 1.99143e+00	AbsError: 2.36404e+15
      Equation: "PotentialEquation"	RelError: 8.59809e+00	AbsError: 2.00000e-02
    Region: "gate"	RelError: 2.67309e-04	AbsError: 1.31292e+16
      Equation: "ElectronContinuityEquation"	RelError: 1.32077e-04	AbsError: 1.31292e+16
      Equation: "HoleContinuityEquation"	RelError: 1.32112e-04	AbsError: 1.32902e-04
      Equation: "PotentialEquation"	RelError: 3.12026e-06	AbsError: 3.41956e-06
    Region: "oxide"	RelError: 2.31377e-02	AbsError: 1.63484e-02
      Equation: "PotentialEquation"	RelError: 2.31377e-02	AbsError: 1.63484e-02
Iteration: 1
  Device: "mos2d"	RelError: 5.52055e-01	AbsError: 1.39850e+15
    Region: "bulk"	RelError: 5.51993e-01	AbsError: 1.39850e+15
      Equation: "ElectronContinuityEquation"	RelError: 1.88541e-01	AbsError: 1.32656e+15
      Equation: "HoleContinuityEquation"	RelError: 3.52833e-01	AbsError: 7.19401e+13
      Equation: "PotentialEquation"	RelError: 1.06186e-02	AbsError: 7.33099e-05
    Region: "gate"	RelError: 5.83114e-07	AbsError: 2.78781e+13
      Equation: "ElectronContinuityEquation"	RelError: 2.80022e-07	AbsError: 2.78781e+13
      Equation: "HoleContinuityEquation"	RelError: 2.96286e-07	AbsError: 2.97605e-07
      Equation: "PotentialEquation"	RelError: 6.80635e-09	AbsError: 7.45948e-09
    Region: "oxide"	RelError: 6.17280e-05	AbsError: 4.36124e-05
      Equation: "PotentialEquation"	RelError: 6.17280e-05	AbsError: 4.36124e-05
Iteration: 2
  Device: "mos2d"	RelError: 3.07805e-04	AbsError: 4.82949e+11
    Region: "bulk"	RelError: 3.07790e-04	AbsError: 4.82949e+11
      Equation: "ElectronContinuityEquation"	RelError: 8.39215e-05	AbsError: 4.50218e+11
      Equation: "HoleContinuityEquation"	RelError: 2.23212e-04	AbsError: 3.27307e+10
      Equation: "PotentialEquation"	RelError: 6.56877e-07	AbsError: 1.94929e-08
    Region: "gate"	RelError: 1.12772e-10	AbsError: 5.55220e+09
      Equation: "ElectronContinuityEquation"	RelError: 5.57692e-11	AbsError: 5.55220e+09
      Equation: "HoleContinuityEquation"	RelError: 5.56860e-11	AbsError: 5.59339e-11
      Equation: "PotentialEquation"	RelError: 1.31639e-12	AbsError: 1.44272e-12
    Region: "oxide"	RelError: 1.51218e-08	AbsError: 1.06839e-08
      Equation: "PotentialEquation"	RelError: 1.51218e-08	AbsError: 1.06839e-08
Iteration: 3
  Device: "mos2d"	RelError: 2.00193e-09	AbsError: 4.76651e+04
    Region: "bulk"	RelError: 2.00193e-09	AbsError: 4.76651e+04
      Equation: "ElectronContinuityEquation"	RelError: 4.76244e-10	AbsError: 4.22069e+04
      Equation: "HoleContinuityEquation"	RelError: 1.52548e-09	AbsError: 5.45822e+03
      Equation: "PotentialEquation"	RelError: 1.97526e-13	AbsError: 3.25493e-15
    Region: "gate"	RelError: 4.83783e-16	AbsError: 8.18813e+03
      Equation: "ElectronContinuityEquation"	RelError: 8.18813e-17	AbsError: 8.18813e+03
      Equation: "HoleContinuityEquation"	RelError: 3.00611e-16	AbsError: 3.03062e-16
      Equation: "PotentialEquation"	RelError: 1.01291e-16	AbsError: 1.11022e-16
    Region: "oxide"	RelError: 1.39979e-15	AbsError: 9.88989e-16
      Equation: "PotentialEquation"	RelError: 1.39979e-15	AbsError: 9.88989e-16
Succeeded
IVPOINT	IDVD_VG1P0	5.00000000e-01	2.80000000e-01	7.47247816e-09
drain last end 2.800000e-01 2.000000e+00
number of equations 5550
Iteration: 0
  Device: "mos2d"	RelError: 5.47110e+00	AbsError: 2.46642e+16
    Region: "bulk"	RelError: 5.44834e+00	AbsError: 2.46642e+16
      Equation: "ElectronContinuityEquation"	RelError: 9.93576e-01	AbsError: 2.23033e+16
      Equation: "HoleContinuityEquation"	RelError: 1.97478e+00	AbsError: 2.36093e+15
      Equation: "PotentialEquation"	RelError: 2.47998e+00	AbsError: 2.00000e-02
    Region: "gate"	RelError: 2.66310e-04	AbsError: 1.30818e+16
      Equation: "ElectronContinuityEquation"	RelError: 1.31584e-04	AbsError: 1.30818e+16
      Equation: "HoleContinuityEquation"	RelError: 1.31618e-04	AbsError: 1.32388e-04
      Equation: "PotentialEquation"	RelError: 3.10859e-06	AbsError: 3.40678e-06
    Region: "oxide"	RelError: 2.24994e-02	AbsError: 1.62623e-02
      Equation: "PotentialEquation"	RelError: 2.24994e-02	AbsError: 1.62623e-02
Iteration: 1
  Device: "mos2d"	RelError: 5.38843e-01	AbsError: 1.30113e+15
    Region: "bulk"	RelError: 5.38786e-01	AbsError: 1.30113e+15
      Equation: "ElectronContinuityEquation"	RelError: 1.81045e-01	AbsError: 1.22978e+15
      Equation: "HoleContinuityEquation"	RelError: 3.48188e-01	AbsError: 7.13485e+13
      Equation: "PotentialEquation"	RelError: 9.55305e-03	AbsError: 7.32711e-05
    Region: "gate"	RelError: 5.32629e-07	AbsError: 2.54047e+13
      Equation: "ElectronContinuityEquation"	RelError: 2.55146e-07	AbsError: 2.54047e+13
      Equation: "HoleContinuityEquation"	RelError: 2.71266e-07	AbsError: 2.72439e-07
      Equation: "PotentialEquation"	RelError: 6.21704e-09	AbsError: 6.81365e-09
    Region: "oxide"	RelError: 5.57966e-05	AbsError: 4.03269e-05
      Equation: "PotentialEquation"	RelError: 5.57966e-05	AbsError: 4.03269e-05
Iteration: 2
  Device: "mos2d"	RelError: 2.86949e-04	AbsError: 4.15239e+11
    Region: "bulk"	RelError: 2.86936e-04	AbsError: 4.15239e+11
      Equation: "ElectronContinuityEquation"	RelError: 7.21220e-05	AbsError: 3.83264e+11
      Equation: "HoleContinuityEquation"	RelError: 2.13607e-04	AbsError: 3.19750e+10
      Equation: "PotentialEquation"	RelError: 1.20770e-06	AbsError: 1.98095e-08
    Region: "gate"	RelError: 9.80728e-11	AbsError: 4.82899e+09
      Equation: "ElectronContinuityEquation"	RelError: 4.84987e-11	AbsError: 4.82899e+09
      Equation: "HoleContinuityEquation"	RelError: 4.84294e-11	AbsError: 4.86388e-11
      Equation: "PotentialEquation"	RelError: 1.14480e-12	AbsError: 1.25465e-12
    Region: "oxide"	RelError: 1.27627e-08	AbsError: 9.22422e-09
      Equation: "PotentialEquation"	RelError: 1.27627e-08	AbsError: 9.22422e-09
Iteration: 3
  Device: "mos2d"	RelError: 3.17123e-09	AbsError: 3.61548e+04
    Region: "bulk"	RelError: 3.17123e-09	AbsError: 3.61548e+04
      Equation: "ElectronContinuityEquation"	RelError: 2.12524e-09	AbsError: 3.08025e+04
      Equation: "HoleContinuityEquation"	RelError: 1.04571e-09	AbsError: 5.35232e+03
      Equation: "PotentialEquation"	RelError: 2.79369e-13	AbsError: 3.22442e-15
    Region: "gate"	RelError: 4.89353e-16	AbsError: 8.13368e+03
      Equation: "ElectronContinuityEquation"	RelError: 8.17502e-17	AbsError: 8.13368e+03
      Equation: "HoleContinuityEquation"	RelError: 3.05231e-16	AbsError: 3.06551e-16
      Equation: "PotentialEquation"	RelError: 1.02372e-16	AbsError: 1.12185e-16
    Region: "oxide"	RelError: 1.13560e-15	AbsError: 8.20754e-16
      Equation: "PotentialEquation"	RelError: 1.13560e-15	AbsError: 8.20754e-16
Succeeded
IVPOINT	IDVD_VG1P0	5.00000000e-01	3.00000000e-01	7.59101323e-09
drain last end 3.000000e-01 2.000000e+00
number of equations 5550
Iteration: 0
  Device: "mos2d"	RelError: 5.19195e+00	AbsError: 2.47443e+16
    Region: "bulk"	RelError: 5.16978e+00	AbsError: 2.47443e+16
      Equation: "ElectronContinuityEquation"	RelError: 9.25759e-01	AbsError: 2.23946e+16
      Equation: "HoleContinuityEquation"	RelError: 1.93716e+00	AbsError: 2.34968e+15
      Equation: "PotentialEquation"	RelError: 2.30687e+00	AbsError: 2.00000e-02
    Region: "gate"	RelError: 2.65407e-04	AbsError: 1.30392e+16
      Equation: "ElectronContinuityEquation"	RelError: 1.31137e-04	AbsError: 1.30392e+16
      Equation: "HoleContinuityEquation"	RelError: 1.31172e-04	AbsError: 1.31921e-04
      Equation: "PotentialEquation"	RelError: 3.09803e-06	AbsError: 3.39522e-06
    Region: "oxide"	RelError: 2.19003e-02	AbsError: 1.61828e-02
      Equation: "PotentialEquation"	RelError: 2.19003e-02	AbsError: 1.61828e-02
Iteration: 1
  Device: "mos2d"	RelError: 5.20784e-01	AbsError: 1.19820e+15
    Region: "bulk"	RelError: 5.20733e-01	AbsError: 1.19820e+15
      Equation: "ElectronContinuityEquation"	RelError: 1.70388e-01	AbsError: 1.12840e+15
      Equation: "HoleContinuityEquation"	RelError: 3.44025e-01	AbsError: 6.97992e+13
      Equation: "PotentialEquation"	RelError: 6.32024e-03	AbsError: 7.29095e-05
    Region: "gate"	RelError: 4.84328e-07	AbsError: 2.30376e+13
      Equation: "ElectronContinuityEquation"	RelError: 2.31343e-07	AbsError: 2.30376e+13
      Equation: "HoleContinuityEquation"	RelError: 2.47332e-07	AbsError: 2.48370e-07
      Equation: "PotentialEquation"	RelError: 5.65324e-09	AbsError: 6.19575e-09
    Region: "oxide"	RelError: 5.01250e-05	AbsError: 3.70370e-05
      Equation: "PotentialEquation"	RelError: 5.01250e-05	AbsError: 3.70370e-05
Iteration: 2
  Device: "mos2d"	RelError: 2.71270e-04	AbsError: 3.49704e+11
    Region: "bulk"	RelError: 2.71259e-04	AbsError: 3.49704e+11
      Equation: "ElectronContinuityEquation"	RelError: 6.33495e-05	AbsError: 3.19329e+11
      Equation: "HoleContinuityEquation"	RelError: 2.06464e-04	AbsError: 3.03745e+10
      Equation: "PotentialEquation"	RelError: 1.44601e-06	AbsError: 1.96977e-08
    Region: "gate"	RelError: 8.37153e-11	AbsError: 4.12248e+09
      Equation: "ElectronContinuityEquation"	RelError: 4.13978e-11	AbsError: 4.12248e+09
      Equation: "HoleContinuityEquation"	RelError: 4.13404e-11	AbsError: 4.15139e-11
      Equation: "PotentialEquation"	RelError: 9.77082e-13	AbsError: 1.07085e-12
    Region: "oxide"	RelError: 1.05756e-08	AbsError: 7.81426e-09
      Equation: "PotentialEquation"	RelError: 1.05756e-08	AbsError: 7.81426e-09
Iteration: 3
  Device: "mos2d"	RelError: 2.22833e-09	AbsError: 2.62405e+04
    Region: "bulk"	RelError: 2.22832e-09	AbsError: 2.62405e+04
      Equation: "ElectronContinuityEquation"	RelError: 1.63299e-09	AbsError: 2.12812e+04
      Equation: "HoleContinuityEquation"	RelError: 5.94863e-10	AbsError: 4.95932e+03
      Equation: "PotentialEquation"	RelError: 4.72027e-13	AbsError: 3.15961e-15
    Region: "gate"	RelError: 3.35487e-16	AbsError: 8.15305e+03
      Equation: "ElectronContinuityEquation"	RelError: 8.15305e-17	AbsError: 8.15305e+03
      Equation: "HoleContinuityEquation"	RelError: 1.52666e-16	AbsError: 1.53979e-16
      Equation: "PotentialEquation"	RelError: 1.01291e-16	AbsError: 1.11022e-16
    Region: "oxide"	RelError: 6.85971e-16	AbsError: 5.06860e-16
      Equation: "PotentialEquation"	RelError: 6.85971e-16	AbsError: 5.06860e-16
Succeeded
IVPOINT	IDVD_VG1P0	5.00000000e-01	3.20000000e-01	7.70999939e-09
drain last end 3.200000e-01 2.000000e+00
number of equations 5550
Iteration: 0
  Device: "mos2d"	RelError: 5.36280e+00	AbsError: 2.48064e+16
    Region: "bulk"	RelError: 5.34120e+00	AbsError: 2.48064e+16
      Equation: "ElectronContinuityEquation"	RelError: 9.12106e-01	AbsError: 2.24765e+16
      Equation: "HoleContinuityEquation"	RelError: 1.86253e+00	AbsError: 2.32991e+15
      Equation: "PotentialEquation"	RelError: 2.56657e+00	AbsError: 2.00000e-02
    Region: "gate"	RelError: 2.64593e-04	AbsError: 1.30009e+16
      Equation: "ElectronContinuityEquation"	RelError: 1.30735e-04	AbsError: 1.30009e+16
      Equation: "HoleContinuityEquation"	RelError: 1.30769e-04	AbsError: 1.31500e-04
      Equation: "PotentialEquation"	RelError: 3.08852e-06	AbsError: 3.38480e-06
    Region: "oxide"	RelError: 2.13374e-02	AbsError: 1.61098e-02
      Equation: "PotentialEquation"	RelError: 2.13374e-02	AbsError: 1.61098e-02
Iteration: 1
  Device: "mos2d"	RelError: 5.06387e-01	AbsError: 1.09302e+15
    Region: "bulk"	RelError: 5.06341e-01	AbsError: 1.09302e+15
      Equation: "ElectronContinuityEquation"	RelError: 1.58989e-01	AbsError: 1.02564e+15
      Equation: "HoleContinuityEquation"	RelError: 3.35382e-01	AbsError: 6.73842e+13
      Equation: "PotentialEquation"	RelError: 1.19707e-02	AbsError: 7.22571e-05
    Region: "gate"	RelError: 4.38483e-07	AbsError: 2.07901e+13
      Equation: "ElectronContinuityEquation"	RelError: 2.08748e-07	AbsError: 2.07901e+13
      Equation: "HoleContinuityEquation"	RelError: 2.24618e-07	AbsError: 2.25532e-07
      Equation: "PotentialEquation"	RelError: 5.11810e-09	AbsError: 5.60929e-09
    Region: "oxide"	RelError: 4.47723e-05	AbsError: 3.38018e-05
      Equation: "PotentialEquation"	RelError: 4.47723e-05	AbsError: 3.38018e-05
Iteration: 2
  Device: "mos2d"	RelError: 2.72015e-04	AbsError: 2.88831e+11
    Region: "bulk"	RelError: 2.72006e-04	AbsError: 2.88831e+11
      Equation: "ElectronContinuityEquation"	RelError: 6.81500e-05	AbsError: 2.60775e+11
      Equation: "HoleContinuityEquation"	RelError: 1.98792e-04	AbsError: 2.80555e+10
      Equation: "PotentialEquation"	RelError: 5.06401e-06	AbsError: 1.91595e-08
    Region: "gate"	RelError: 7.02505e-11	AbsError: 3.45979e+09
      Equation: "ElectronContinuityEquation"	RelError: 3.47388e-11	AbsError: 3.45979e+09
      Equation: "HoleContinuityEquation"	RelError: 3.46917e-11	AbsError: 3.48329e-11
      Equation: "PotentialEquation"	RelError: 8.20000e-13	AbsError: 8.98695e-13
    Region: "oxide"	RelError: 8.61851e-09	AbsError: 6.50672e-09
      Equation: "PotentialEquation"	RelError: 8.61851e-09	AbsError: 6.50672e-09
Iteration: 3
  Device: "mos2d"	RelError: 2.55205e-09	AbsError: 1.86420e+04
    Region: "bulk"	RelError: 2.55205e-09	AbsError: 1.86420e+04
      Equation: "ElectronContinuityEquation"	RelError: 2.29872e-09	AbsError: 1.43423e+04
      Equation: "HoleContinuityEquation"	RelError: 2.52021e-10	AbsError: 4.29973e+03
      Equation: "PotentialEquation"	RelError: 1.30925e-12	AbsError: 3.07579e-15
    Region: "gate"	RelError: 3.48273e-16	AbsError: 8.30721e+03
      Equation: "ElectronContinuityEquation"	RelError: 8.37502e-17	AbsError: 8.30721e+03
      Equation: "HoleContinuityEquation"	RelError: 1.63227e-16	AbsError: 1.64390e-16
      Equation: "PotentialEquation"	RelError: 1.01296e-16	AbsError: 1.11027e-16
    Region: "oxide"	RelError: 5.63139e-16	AbsError: 3.55816e-16
      Equation: "PotentialEquation"	RelError: 5.63139e-16	AbsError: 3.55816e-16
Succeeded
IVPOINT	IDVD_VG1P0	5.00000000e-01	3.40000000e-01	7.82977671e-09
drain last end 3.400000e-01 2.000000e+00
number of equations 5550
Iteration: 0
  Device: "mos2d"	RelError: 6.54685e+00	AbsError: 2.48506e+16
    Region: "bulk"	RelError: 6.52578e+00	AbsError: 2.48506e+16
      Equation: "ElectronContinuityEquation"	RelError: 8.96248e-01	AbsError: 2.25493e+16
      Equation: "HoleContinuityEquation"	RelError: 1.76003e+00	AbsError: 2.30132e+15
      Equation: "PotentialEquation"	RelError: 3.86951e+00	AbsError: 2.00000e-02
    Region: "gate"	RelError: 2.63862e-04	AbsError: 1.29667e+16
      Equation: "ElectronContinuityEquation"	RelError: 1.30374e-04	AbsError: 1.29667e+16
      Equation: "HoleContinuityEquation"	RelError: 1.30408e-04	AbsError: 1.31120e-04
      Equation: "PotentialEquation"	RelError: 3.07999e-06	AbsError: 3.37546e-06
    Region: "oxide"	RelError: 2.08080e-02	AbsError: 1.60433e-02
      Equation: "PotentialEquation"	RelError: 2.08080e-02	AbsError: 1.60433e-02
Iteration: 1
  Device: "mos2d"	RelError: 4.83180e-01	AbsError: 9.88439e+14
    Region: "bulk"	RelError: 4.83140e-01	AbsError: 9.88439e+14
      Equation: "ElectronContinuityEquation"	RelError: 1.56676e-01	AbsError: 9.24214e+14
      Equation: "HoleContinuityEquation"	RelError: 3.19039e-01	AbsError: 6.42245e+13
      Equation: "PotentialEquation"	RelError: 7.42506e-03	AbsError: 7.13601e-05
    Region: "gate"	RelError: 3.95332e-07	AbsError: 1.86740e+13
      Equation: "ElectronContinuityEquation"	RelError: 1.87477e-07	AbsError: 1.86740e+13
      Equation: "HoleContinuityEquation"	RelError: 2.03240e-07	AbsError: 2.04042e-07
      Equation: "PotentialEquation"	RelError: 4.61441e-09	AbsError: 5.05727e-09
    Region: "oxide"	RelError: 3.97821e-05	AbsError: 3.06713e-05
      Equation: "PotentialEquation"	RelError: 3.97821e-05	AbsError: 3.06713e-05
Iteration: 2
  Device: "mos2d"	RelError: 2.76167e-04	AbsError: 2.34219e+11
    Region: "bulk"	RelError: 2.76160e-04	AbsError: 2.34219e+11
      Equation: "ElectronContinuityEquation"	RelError: 8.03822e-05	AbsError: 2.09025e+11
      Equation: "HoleContinuityEquation"	RelError: 1.92757e-04	AbsError: 2.51944e+10
      Equation: "PotentialEquation"	RelError: 3.02071e-06	AbsError: 1.82336e-08
    Region: "gate"	RelError: 5.80574e-11	AbsError: 2.85962e+09
      Equation: "ElectronContinuityEquation"	RelError: 2.87091e-11	AbsError: 2.85962e+09
      Equation: "HoleContinuityEquation"	RelError: 2.86707e-11	AbsError: 2.87839e-11
      Equation: "PotentialEquation"	RelError: 6.77626e-13	AbsError: 7.42660e-13
    Region: "oxide"	RelError: 6.92030e-09	AbsError: 5.33544e-09
      Equation: "PotentialEquation"	RelError: 6.92030e-09	AbsError: 5.33544e-09
Iteration: 3
  Device: "mos2d"	RelError: 1.93273e-09	AbsError: 1.29647e+04
    Region: "bulk"	RelError: 1.93273e-09	AbsError: 1.29647e+04
      Equation: "ElectronContinuityEquation"	RelError: 1.73347e-09	AbsError: 9.23705e+03
      Equation: "HoleContinuityEquation"	RelError: 1.98385e-10	AbsError: 3.72770e+03
      Equation: "PotentialEquation"	RelError: 8.67955e-13	AbsError: 2.81983e-15
    Region: "gate"	RelError: 3.67670e-16	AbsError: 8.15016e+03
      Equation: "ElectronContinuityEquation"	RelError: 8.15016e-17	AbsError: 8.15016e+03
      Equation: "HoleContinuityEquation"	RelError: 1.83651e-16	AbsError: 1.85209e-16
      Equation: "PotentialEquation"	RelError: 1.02518e-16	AbsError: 1.12368e-16
    Region: "oxide"	RelError: 5.67431e-16	AbsError: 2.53505e-16
      Equation: "PotentialEquation"	RelError: 5.67431e-16	AbsError: 2.53505e-16
Succeeded
IVPOINT	IDVD_VG1P0	5.00000000e-01	3.60000000e-01	7.94979680e-09
drain last end 3.600000e-01 2.000000e+00
number of equations 5550
Iteration: 0
  Device: "mos2d"	RelError: 4.84720e+00	AbsError: 2.48774e+16
    Region: "bulk"	RelError: 4.82663e+00	AbsError: 2.48774e+16
      Equation: "ElectronContinuityEquation"	RelError: 8.71551e-01	AbsError: 2.26137e+16
      Equation: "HoleContinuityEquation"	RelError: 1.72206e+00	AbsError: 2.26368e+15
      Equation: "PotentialEquation"	RelError: 2.23302e+00	AbsError: 2.00000e-02
    Region: "gate"	RelError: 2.63210e-04	AbsError: 1.29363e+16
      Equation: "ElectronContinuityEquation"	RelError: 1.30052e-04	AbsError: 1.29363e+16
      Equation: "HoleContinuityEquation"	RelError: 1.30086e-04	AbsError: 1.30778e-04
      Equation: "PotentialEquation"	RelError: 3.07236e-06	AbsError: 3.36711e-06
    Region: "oxide"	RelError: 2.03096e-02	AbsError: 1.59830e-02
      Equation: "PotentialEquation"	RelError: 2.03096e-02	AbsError: 1.59830e-02
Iteration: 1
  Device: "mos2d"	RelError: 4.69670e-01	AbsError: 8.86759e+14
    Region: "bulk"	RelError: 4.69634e-01	AbsError: 8.86759e+14
      Equation: "ElectronContinuityEquation"	RelError: 1.53007e-01	AbsError: 8.26296e+14
      Equation: "HoleContinuityEquation"	RelError: 3.11510e-01	AbsError: 6.04623e+13
      Equation: "PotentialEquation"	RelError: 5.11745e-03	AbsError: 7.02731e-05
    Region: "gate"	RelError: 3.55051e-07	AbsError: 1.66982e+13
      Equation: "ElectronContinuityEquation"	RelError: 1.67620e-07	AbsError: 1.66982e+13
      Equation: "HoleContinuityEquation"	RelError: 1.83287e-07	AbsError: 1.83987e-07
      Equation: "PotentialEquation"	RelError: 4.14423e-09	AbsError: 4.54197e-09
    Region: "oxide"	RelError: 3.51814e-05	AbsError: 2.76856e-05
      Equation: "PotentialEquation"	RelError: 3.51814e-05	AbsError: 2.76856e-05
Iteration: 2
  Device: "mos2d"	RelError: 2.96827e-04	AbsError: 1.86875e+11
    Region: "bulk"	RelError: 2.96822e-04	AbsError: 1.86875e+11
      Equation: "ElectronContinuityEquation"	RelError: 1.05988e-04	AbsError: 1.64678e+11
      Equation: "HoleContinuityEquation"	RelError: 1.89710e-04	AbsError: 2.21972e+10
      Equation: "PotentialEquation"	RelError: 1.12351e-06	AbsError: 1.69914e-08
    Region: "gate"	RelError: 4.73433e-11	AbsError: 2.33216e+09
      Equation: "ElectronContinuityEquation"	RelError: 2.34107e-11	AbsError: 2.33216e+09
      Equation: "HoleContinuityEquation"	RelError: 2.33799e-11	AbsError: 2.34692e-11
      Equation: "PotentialEquation"	RelError: 5.52714e-13	AbsError: 6.05762e-13
    Region: "oxide"	RelError: 5.48564e-09	AbsError: 4.31686e-09
      Equation: "PotentialEquation"	RelError: 5.48564e-09	AbsError: 4.31686e-09
Iteration: 3
  Device: "mos2d"	RelError: 5.25359e-09	AbsError: 8.99937e+03
    Region: "bulk"	RelError: 5.25359e-09	AbsError: 8.99937e+03
      Equation: "ElectronContinuityEquation"	RelError: 4.70870e-09	AbsError: 5.83182e+03
      Equation: "HoleContinuityEquation"	RelError: 5.44766e-10	AbsError: 3.16755e+03
      Equation: "PotentialEquation"	RelError: 1.24105e-13	AbsError: 2.45005e-15
    Region: "gate"	RelError: 3.99126e-16	AbsError: 8.18349e+03
      Equation: "ElectronContinuityEquation"	RelError: 8.18349e-17	AbsError: 8.18349e+03
      Equation: "HoleContinuityEquation"	RelError: 2.15949e-16	AbsError: 2.17308e-16
      Equation: "PotentialEquation"	RelError: 1.01342e-16	AbsError: 1.11078e-16
    Region: "oxide"	RelError: 7.16360e-16	AbsError: 1.79075e-16
      Equation: "PotentialEquation"	RelError: 7.16360e-16	AbsError: 1.79075e-16
Succeeded
IVPOINT	IDVD_VG1P0	5.00000000e-01	3.80000000e-01	8.07034628e-09
drain last end 3.800000e-01 2.000000e+00
number of equations 5550
Iteration: 0
  Device: "mos2d"	RelError: 1.51879e+01	AbsError: 2.48869e+16
    Region: "bulk"	RelError: 1.51678e+01	AbsError: 2.48869e+16
      Equation: "ElectronContinuityEquation"	RelError: 8.39433e-01	AbsError: 2.26701e+16
      Equation: "HoleContinuityEquation"	RelError: 1.66208e+00	AbsError: 2.21689e+15
      Equation: "PotentialEquation"	RelError: 1.26663e+01	AbsError: 2.00000e-02
    Region: "gate"	RelError: 2.62629e-04	AbsError: 1.29094e+16
      Equation: "ElectronContinuityEquation"	RelError: 1.29765e-04	AbsError: 1.29094e+16
      Equation: "HoleContinuityEquation"	RelError: 1.29798e-04	AbsError: 1.30473e-04
      Equation: "PotentialEquation"	RelError: 3.06557e-06	AbsError: 3.35968e-06
    Region: "oxide"	RelError: 1.98396e-02	AbsError: 1.59286e-02
      Equation: "PotentialEquation"	RelError: 1.98396e-02	AbsError: 1.59286e-02
Iteration: 1
  Device: "mos2d"	RelError: 4.67285e-01	AbsError: 7.91929e+14
    Region: "bulk"	RelError: 4.67254e-01	AbsError: 7.91929e+14
      Equation: "ElectronContinuityEquation"	RelError: 1.47398e-01	AbsError: 7.33519e+14
      Equation: "HoleContinuityEquation"	RelError: 3.02330e-01	AbsError: 5.84099e+13
      Equation: "PotentialEquation"	RelError: 1.75255e-02	AbsError: 6.90539e-05
    Region: "gate"	RelError: 3.17747e-07	AbsError: 1.48680e+13
      Equation: "ElectronContinuityEquation"	RelError: 1.49229e-07	AbsError: 1.48680e+13
      Equation: "HoleContinuityEquation"	RelError: 1.64810e-07	AbsError: 1.65418e-07
      Equation: "PotentialEquation"	RelError: 3.70880e-09	AbsError: 4.06477e-09
    Region: "oxide"	RelError: 3.10688e-05	AbsError: 2.48739e-05
      Equation: "PotentialEquation"	RelError: 3.10688e-05	AbsError: 2.48739e-05
Iteration: 2
  Device: "mos2d"	RelError: 3.88867e-04	AbsError: 1.49721e+11
    Region: "bulk"	RelError: 3.88863e-04	AbsError: 1.49721e+11
      Equation: "ElectronContinuityEquation"	RelError: 1.55294e-04	AbsError: 1.27690e+11
      Equation: "HoleContinuityEquation"	RelError: 2.32466e-04	AbsError: 2.20310e+10
      Equation: "PotentialEquation"	RelError: 1.10249e-06	AbsError: 1.55275e-08
    Region: "gate"	RelError: 3.81660e-11	AbsError: 1.88031e+09
      Equation: "ElectronContinuityEquation"	RelError: 1.88726e-11	AbsError: 1.88031e+09
      Equation: "HoleContinuityEquation"	RelError: 1.88479e-11	AbsError: 1.89176e-11
      Equation: "PotentialEquation"	RelError: 4.45401e-13	AbsError: 4.88151e-13
    Region: "oxide"	RelError: 4.30131e-09	AbsError: 3.45327e-09
      Equation: "PotentialEquation"	RelError: 4.30131e-09	AbsError: 3.45327e-09
Iteration: 3
  Device: "mos2d"	RelError: 1.36731e-08	AbsError: 8.17806e+03
    Region: "bulk"	RelError: 1.36731e-08	AbsError: 6.23382e+03
      Equation: "ElectronContinuityEquation"	RelError: 1.23677e-08	AbsError: 3.43824e+03
      Equation: "HoleContinuityEquation"	RelError: 1.30521e-09	AbsError: 2.79558e+03
      Equation: "PotentialEquation"	RelError: 1.46082e-13	AbsError: 2.02598e-15
    Region: "gate"	RelError: 4.01012e-16	AbsError: 8.17806e+03
      Equation: "ElectronContinuityEquation"	RelError: 8.17806e-17	AbsError: 8.17806e+03
      Equation: "HoleContinuityEquation"	RelError: 2.17940e-16	AbsError: 2.19743e-16
      Equation: "PotentialEquation"	RelError: 1.01291e-16	AbsError: 1.11022e-16
    Region: "oxide"	RelError: 6.26209e-16	AbsError: 1.63250e-16
      Equation: "PotentialEquation"	RelError: 6.26209e-16	AbsError: 1.63250e-16
Succeeded
IVPOINT	IDVD_VG1P0	5.00000000e-01	4.00000000e-01	8.19207427e-09
drain last end 4.000000e-01 2.000000e+00
number of equations 5550
Iteration: 0
  Device: "mos2d"	RelError: 1.40740e+01	AbsError: 2.48798e+16
    Region: "bulk"	RelError: 1.40544e+01	AbsError: 2.48798e+16
      Equation: "ElectronContinuityEquation"	RelError: 8.10353e-01	AbsError: 2.27189e+16
      Equation: "HoleContinuityEquation"	RelError: 1.59164e+00	AbsError: 2.16096e+15
      Equation: "PotentialEquation"	RelError: 1.16524e+01	AbsError: 2.00000e-02
    Region: "gate"	RelError: 2.62114e-04	AbsError: 1.28858e+16
      Equation: "ElectronContinuityEquation"	RelError: 1.29510e-04	AbsError: 1.28858e+16
      Equation: "HoleContinuityEquation"	RelError: 1.29544e-04	AbsError: 1.30200e-04
      Equation: "PotentialEquation"	RelError: 3.05955e-06	AbsError: 3.35309e-06
    Region: "oxide"	RelError: 1.93957e-02	AbsError: 1.58797e-02
      Equation: "PotentialEquation"	RelError: 1.93957e-02	AbsError: 1.58797e-02
Iteration: 1
  Device: "mos2d"	RelError: 4.60943e-01	AbsError: 7.05938e+14
    Region: "bulk"	RelError: 4.60912e-01	AbsError: 7.05938e+14
      Equation: "ElectronContinuityEquation"	RelError: 1.40791e-01	AbsError: 6.47006e+14
      Equation: "HoleContinuityEquation"	RelError: 2.93454e-01	AbsError: 5.89319e+13
      Equation: "PotentialEquation"	RelError: 2.66666e-02	AbsError: 6.77569e-05
    Region: "gate"	RelError: 2.83456e-07	AbsError: 1.31851e+13
      Equation: "ElectronContinuityEquation"	RelError: 1.32322e-07	AbsError: 1.31851e+13
      Equation: "HoleContinuityEquation"	RelError: 1.47826e-07	AbsError: 1.48353e-07
      Equation: "PotentialEquation"	RelError: 3.30854e-09	AbsError: 3.62610e-09
    Region: "oxide"	RelError: 3.09919e-05	AbsError: 2.22557e-05
      Equation: "PotentialEquation"	RelError: 3.09919e-05	AbsError: 2.22557e-05
Iteration: 2
  Device: "mos2d"	RelError: 6.12742e-04	AbsError: 1.20187e+11
    Region: "bulk"	RelError: 6.12738e-04	AbsError: 1.20187e+11
      Equation: "ElectronContinuityEquation"	RelError: 2.44916e-04	AbsError: 9.75680e+10
      Equation: "HoleContinuityEquation"	RelError: 3.67208e-04	AbsError: 2.26192e+10
      Equation: "PotentialEquation"	RelError: 6.14917e-07	AbsError: 1.54417e-08
    Region: "gate"	RelError: 3.04739e-11	AbsError: 1.50154e+09
      Equation: "ElectronContinuityEquation"	RelError: 1.50690e-11	AbsError: 1.50154e+09
      Equation: "HoleContinuityEquation"	RelError: 1.50493e-11	AbsError: 1.51030e-11
      Equation: "PotentialEquation"	RelError: 3.55687e-13	AbsError: 3.89827e-13
    Region: "oxide"	RelError: 3.34273e-09	AbsError: 2.73669e-09
      Equation: "PotentialEquation"	RelError: 3.34273e-09	AbsError: 2.73669e-09
Iteration: 3
  Device: "mos2d"	RelError: 1.27686e-08	AbsError: 8.15746e+03
    Region: "bulk"	RelError: 1.27686e-08	AbsError: 4.99702e+03
      Equation: "ElectronContinuityEquation"	RelError: 1.21567e-08	AbsError: 2.03192e+03
      Equation: "HoleContinuityEquation"	RelError: 6.11792e-10	AbsError: 2.96510e+03
      Equation: "PotentialEquation"	RelError: 1.52128e-13	AbsError: 2.02565e-15
    Region: "gate"	RelError: 4.05981e-16	AbsError: 8.15746e+03
      Equation: "ElectronContinuityEquation"	RelError: 8.15750e-17	AbsError: 8.15746e+03
      Equation: "HoleContinuityEquation"	RelError: 2.23115e-16	AbsError: 2.25033e-16
      Equation: "PotentialEquation"	RelError: 1.01291e-16	AbsError: 1.11022e-16
    Region: "oxide"	RelError: 4.40480e-16	AbsError: 1.05572e-16
      Equation: "PotentialEquation"	RelError: 4.40480e-16	AbsError: 1.05572e-16
Succeeded
IVPOINT	IDVD_VG1P0	5.00000000e-01	4.20000000e-01	8.31412609e-09
drain last end 4.200000e-01 2.000000e+00
number of equations 5550
Iteration: 0
  Device: "mos2d"	RelError: 4.24329e+00	AbsError: 2.48811e+16
    Region: "bulk"	RelError: 4.22406e+00	AbsError: 2.48811e+16
      Equation: "ElectronContinuityEquation"	RelError: 7.81704e-01	AbsError: 2.27606e+16
      Equation: "HoleContinuityEquation"	RelError: 1.45657e+00	AbsError: 2.12053e+15
      Equation: "PotentialEquation"	RelError: 1.98578e+00	AbsError: 2.00000e-02
    Region: "gate"	RelError: 2.61659e-04	AbsError: 1.28651e+16
      Equation: "ElectronContinuityEquation"	RelError: 1.29286e-04	AbsError: 1.28651e+16
      Equation: "HoleContinuityEquation"	RelError: 1.29319e-04	AbsError: 1.29957e-04
      Equation: "PotentialEquation"	RelError: 3.05423e-06	AbsError: 3.34728e-06
    Region: "oxide"	RelError: 1.89759e-02	AbsError: 1.58360e-02
      Equation: "PotentialEquation"	RelError: 1.89759e-02	AbsError: 1.58360e-02
Iteration: 1
  Device: "mos2d"	RelError: 4.16614e-01	AbsError: 6.26108e+14
    Region: "bulk"	RelError: 4.16583e-01	AbsError: 6.26108e+14
      Equation: "ElectronContinuityEquation"	RelError: 1.34836e-01	AbsError: 5.67439e+14
      Equation: "HoleContinuityEquation"	RelError: 2.76815e-01	AbsError: 5.86688e+13
      Equation: "PotentialEquation"	RelError: 4.93139e-03	AbsError: 6.64280e-05
    Region: "gate"	RelError: 2.52145e-07	AbsError: 1.16482e+13
      Equation: "ElectronContinuityEquation"	RelError: 1.16883e-07	AbsError: 1.16482e+13
      Equation: "HoleContinuityEquation"	RelError: 1.32319e-07	AbsError: 1.32774e-07
      Equation: "PotentialEquation"	RelError: 2.94306e-09	AbsError: 3.22555e-09
    Region: "oxide"	RelError: 3.08821e-05	AbsError: 1.98411e-05
      Equation: "PotentialEquation"	RelError: 3.08821e-05	AbsError: 1.98411e-05
Iteration: 2
  Device: "mos2d"	RelError: 9.62164e-04	AbsError: 9.60662e+10
    Region: "bulk"	RelError: 9.62162e-04	AbsError: 9.60662e+10
      Equation: "ElectronContinuityEquation"	RelError: 3.98903e-04	AbsError: 7.35491e+10
      Equation: "HoleContinuityEquation"	RelError: 5.62731e-04	AbsError: 2.25171e+10
      Equation: "PotentialEquation"	RelError: 5.28424e-07	AbsError: 1.52058e-08
    Region: "gate"	RelError: 2.41410e-11	AbsError: 1.18964e+09
      Equation: "ElectronContinuityEquation"	RelError: 1.19374e-11	AbsError: 1.18964e+09
      Equation: "HoleContinuityEquation"	RelError: 1.19218e-11	AbsError: 1.19629e-11
      Equation: "PotentialEquation"	RelError: 2.81733e-13	AbsError: 3.08775e-13
    Region: "oxide"	RelError: 2.57963e-09	AbsError: 2.15274e-09
      Equation: "PotentialEquation"	RelError: 2.57963e-09	AbsError: 2.15274e-09
Iteration: 3
  Device: "mos2d"	RelError: 8.30616e-09	AbsError: 8.15788e+03
    Region: "bulk"	RelError: 8.30616e-09	AbsError: 4.18516e+03
      Equation: "ElectronContinuityEquation"	RelError: 8.00436e-09	AbsError: 1.21711e+03
      Equation: "HoleContinuityEquation"	RelError: 3.01750e-10	AbsError: 2.96806e+03
      Equation: "PotentialEquation"	RelError: 4.63938e-14	AbsError: 1.95945e-15
    Region: "gate"	RelError: 3.59984e-16	AbsError: 8.15788e+03
      Equation: "ElectronContinuityEquation"	RelError: 8.15788e-17	AbsError: 8.15788e+03
      Equation: "HoleContinuityEquation"	RelError: 1.75773e-16	AbsError: 1.77260e-16
      Equation: "PotentialEquation"	RelError: 1.02631e-16	AbsError: 1.12468e-16
    Region: "oxide"	RelError: 5.69210e-16	AbsError: 1.55219e-16
      Equation: "PotentialEquation"	RelError: 5.69210e-16	AbsError: 1.55219e-16
Succeeded
IVPOINT	IDVD_VG1P0	5.00000000e-01	4.40000000e-01	8.43688500e-09
drain last end 4.400000e-01 2.000000e+00
number of equations 5550
Iteration: 0
  Device: "mos2d"	RelError: 8.83871e+00	AbsError: 2.49203e+16
    Region: "bulk"	RelError: 8.81987e+00	AbsError: 2.49203e+16
      Equation: "ElectronContinuityEquation"	RelError: 7.55012e-01	AbsError: 2.27957e+16
      Equation: "HoleContinuityEquation"	RelError: 1.39767e+00	AbsError: 2.12459e+15
      Equation: "PotentialEquation"	RelError: 6.66718e+00	AbsError: 2.00000e-02
    Region: "gate"	RelError: 2.61259e-04	AbsError: 1.28471e+16
      Equation: "ElectronContinuityEquation"	RelError: 1.29088e-04	AbsError: 1.28471e+16
      Equation: "HoleContinuityEquation"	RelError: 1.29121e-04	AbsError: 1.29742e-04
      Equation: "PotentialEquation"	RelError: 3.04955e-06	AbsError: 3.34216e-06
    Region: "oxide"	RelError: 1.85780e-02	AbsError: 1.57971e-02
      Equation: "PotentialEquation"	RelError: 1.85780e-02	AbsError: 1.57971e-02
Iteration: 1
  Device: "mos2d"	RelError: 4.07162e-01	AbsError: 5.52780e+14
    Region: "bulk"	RelError: 4.07131e-01	AbsError: 5.52780e+14
      Equation: "ElectronContinuityEquation"	RelError: 1.28736e-01	AbsError: 4.95122e+14
      Equation: "HoleContinuityEquation"	RelError: 2.54720e-01	AbsError: 5.76576e+13
      Equation: "PotentialEquation"	RelError: 2.36756e-02	AbsError: 6.51000e-05
    Region: "gate"	RelError: 2.23725e-07	AbsError: 1.02529e+13
      Equation: "ElectronContinuityEquation"	RelError: 1.02869e-07	AbsError: 1.02529e+13
      Equation: "HoleContinuityEquation"	RelError: 1.18244e-07	AbsError: 1.18637e-07
      Equation: "PotentialEquation"	RelError: 2.61133e-09	AbsError: 2.86198e-09
    Region: "oxide"	RelError: 3.07417e-05	AbsError: 1.76331e-05
      Equation: "PotentialEquation"	RelError: 3.07417e-05	AbsError: 1.76331e-05
Iteration: 2
  Device: "mos2d"	RelError: 1.46677e-03	AbsError: 7.65273e+10
    Region: "bulk"	RelError: 1.46677e-03	AbsError: 7.65273e+10
      Equation: "ElectronContinuityEquation"	RelError: 6.44683e-04	AbsError: 5.47523e+10
      Equation: "HoleContinuityEquation"	RelError: 8.17790e-04	AbsError: 2.17751e+10
      Equation: "PotentialEquation"	RelError: 4.29807e-06	AbsError: 1.47004e-08
    Region: "gate"	RelError: 1.90026e-11	AbsError: 9.36541e+08
      Equation: "ElectronContinuityEquation"	RelError: 9.39651e-12	AbsError: 9.36541e+08
      Equation: "HoleContinuityEquation"	RelError: 9.38421e-12	AbsError: 9.41538e-12
      Equation: "PotentialEquation"	RelError: 2.21890e-13	AbsError: 2.43189e-13
    Region: "oxide"	RelError: 1.98040e-09	AbsError: 1.68392e-09
      Equation: "PotentialEquation"	RelError: 1.98040e-09	AbsError: 1.68392e-09
Iteration: 3
  Device: "mos2d"	RelError: 1.05214e-08	AbsError: 8.17682e+03
    Region: "bulk"	RelError: 1.05214e-08	AbsError: 3.90266e+03
      Equation: "ElectronContinuityEquation"	RelError: 1.00322e-08	AbsError: 1.11299e+03
      Equation: "HoleContinuityEquation"	RelError: 4.88854e-10	AbsError: 2.78968e+03
      Equation: "PotentialEquation"	RelError: 3.37433e-13	AbsError: 1.86361e-15
    Region: "gate"	RelError: 3.82798e-16	AbsError: 8.17682e+03
      Equation: "ElectronContinuityEquation"	RelError: 8.17687e-17	AbsError: 8.17682e+03
      Equation: "HoleContinuityEquation"	RelError: 1.99738e-16	AbsError: 2.01137e-16
      Equation: "PotentialEquation"	RelError: 1.01291e-16	AbsError: 1.11022e-16
    Region: "oxide"	RelError: 6.92444e-16	AbsError: 1.04129e-16
      Equation: "PotentialEquation"	RelError: 6.92444e-16	AbsError: 1.04129e-16
Succeeded
IVPOINT	IDVD_VG1P0	5.00000000e-01	4.60000000e-01	8.56051289e-09
drain last end 4.600000e-01 2.000000e+00
number of equations 5550
Iteration: 0
  Device: "mos2d"	RelError: 1.73565e+01	AbsError: 2.49468e+16
    Region: "bulk"	RelError: 1.73381e+01	AbsError: 2.49468e+16
      Equation: "ElectronContinuityEquation"	RelError: 7.21302e-01	AbsError: 2.28246e+16
      Equation: "HoleContinuityEquation"	RelError: 1.37921e+00	AbsError: 2.12226e+15
      Equation: "PotentialEquation"	RelError: 1.52376e+01	AbsError: 2.00000e-02
    Region: "gate"	RelError: 2.60908e-04	AbsError: 1.28315e+16
      Equation: "ElectronContinuityEquation"	RelError: 1.28915e-04	AbsError: 1.28315e+16
      Equation: "HoleContinuityEquation"	RelError: 1.28948e-04	AbsError: 1.29551e-04
      Equation: "PotentialEquation"	RelError: 3.04545e-06	AbsError: 3.33767e-06
    Region: "oxide"	RelError: 1.82003e-02	AbsError: 1.57625e-02
      Equation: "PotentialEquation"	RelError: 1.82003e-02	AbsError: 1.57625e-02
Iteration: 1
  Device: "mos2d"	RelError: 4.27770e-01	AbsError: 4.86030e+14
    Region: "bulk"	RelError: 4.27740e-01	AbsError: 4.86030e+14
      Equation: "ElectronContinuityEquation"	RelError: 1.23346e-01	AbsError: 4.30068e+14
      Equation: "HoleContinuityEquation"	RelError: 2.51703e-01	AbsError: 5.59621e+13
      Equation: "PotentialEquation"	RelError: 5.26902e-02	AbsError: 6.52601e-05
    Region: "gate"	RelError: 1.98062e-07	AbsError: 8.99271e+12
      Equation: "ElectronContinuityEquation"	RelError: 9.02145e-08	AbsError: 8.99271e+12
      Equation: "HoleContinuityEquation"	RelError: 1.05536e-07	AbsError: 1.05873e-07
      Equation: "PotentialEquation"	RelError: 2.31178e-09	AbsError: 2.53369e-09
    Region: "oxide"	RelError: 3.05734e-05	AbsError: 1.56282e-05
      Equation: "PotentialEquation"	RelError: 3.05734e-05	AbsError: 1.56282e-05
Iteration: 2
  Device: "mos2d"	RelError: 2.12312e-03	AbsError: 6.07706e+10
    Region: "bulk"	RelError: 2.12312e-03	AbsError: 6.07706e+10
      Equation: "ElectronContinuityEquation"	RelError: 9.99380e-04	AbsError: 4.02856e+10
      Equation: "HoleContinuityEquation"	RelError: 1.11412e-03	AbsError: 2.04850e+10
      Equation: "PotentialEquation"	RelError: 9.61944e-06	AbsError: 1.41977e-08
    Region: "gate"	RelError: 1.48809e-11	AbsError: 7.33503e+08
      Equation: "ElectronContinuityEquation"	RelError: 7.35847e-12	AbsError: 7.33503e+08
      Equation: "HoleContinuityEquation"	RelError: 7.34877e-12	AbsError: 7.37226e-12
      Equation: "PotentialEquation"	RelError: 1.73703e-13	AbsError: 1.90377e-13
    Region: "oxide"	RelError: 1.86811e-09	AbsError: 1.31199e-09
      Equation: "PotentialEquation"	RelError: 1.86811e-09	AbsError: 1.31199e-09
Iteration: 3
  Device: "mos2d"	RelError: 1.24564e-08	AbsError: 8.43715e+03
    Region: "bulk"	RelError: 1.24564e-08	AbsError: 4.29674e+03
      Equation: "ElectronContinuityEquation"	RelError: 1.20706e-08	AbsError: 1.80881e+03
      Equation: "HoleContinuityEquation"	RelError: 3.84728e-10	AbsError: 2.48792e+03
      Equation: "PotentialEquation"	RelError: 1.03077e-12	AbsError: 1.73218e-15
    Region: "gate"	RelError: 3.38198e-16	AbsError: 8.43715e+03
      Equation: "ElectronContinuityEquation"	RelError: 8.51044e-17	AbsError: 8.43715e+03
      Equation: "HoleContinuityEquation"	RelError: 1.51803e-16	AbsError: 1.51803e-16
      Equation: "PotentialEquation"	RelError: 1.01291e-16	AbsError: 1.11022e-16
    Region: "oxide"	RelError: 7.34203e-16	AbsError: 1.10474e-16
      Equation: "PotentialEquation"	RelError: 7.34203e-16	AbsError: 1.10474e-16
Succeeded
IVPOINT	IDVD_VG1P0	5.00000000e-01	4.80000000e-01	8.68498961e-09
drain last end 4.800000e-01 2.000000e+00
number of equations 5550
Iteration: 0
  Device: "mos2d"	RelError: 5.11457e+00	AbsError: 2.49611e+16
    Region: "bulk"	RelError: 5.09647e+00	AbsError: 2.49611e+16
      Equation: "ElectronContinuityEquation"	RelError: 7.00150e-01	AbsError: 2.28477e+16
      Equation: "HoleContinuityEquation"	RelError: 1.34164e+00	AbsError: 2.11337e+15
      Equation: "PotentialEquation"	RelError: 3.05467e+00	AbsError: 2.00000e-02
    Region: "gate"	RelError: 2.60602e-04	AbsError: 1.28181e+16
      Equation: "ElectronContinuityEquation"	RelError: 1.28763e-04	AbsError: 1.28181e+16
      Equation: "HoleContinuityEquation"	RelError: 1.28797e-04	AbsError: 1.29382e-04
      Equation: "PotentialEquation"	RelError: 3.04187e-06	AbsError: 3.33375e-06
    Region: "oxide"	RelError: 1.78412e-02	AbsError: 1.57319e-02
      Equation: "PotentialEquation"	RelError: 1.78412e-02	AbsError: 1.57319e-02
Iteration: 1
  Device: "mos2d"	RelError: 3.74921e-01	AbsError: 4.25735e+14
    Region: "bulk"	RelError: 3.74891e-01	AbsError: 4.25735e+14
      Equation: "ElectronContinuityEquation"	RelError: 1.16170e-01	AbsError: 3.72066e+14
      Equation: "HoleContinuityEquation"	RelError: 2.46868e-01	AbsError: 5.36691e+13
      Equation: "PotentialEquation"	RelError: 1.18528e-02	AbsError: 6.72896e-05
    Region: "gate"	RelError: 1.74992e-07	AbsError: 7.85965e+12
      Equation: "ElectronContinuityEquation"	RelError: 7.88380e-08	AbsError: 7.85965e+12
      Equation: "HoleContinuityEquation"	RelError: 9.41116e-08	AbsError: 9.44007e-08
      Equation: "PotentialEquation"	RelError: 2.04250e-09	AbsError: 2.23857e-09
    Region: "oxide"	RelError: 3.03799e-05	AbsError: 1.38188e-05
      Equation: "PotentialEquation"	RelError: 3.03799e-05	AbsError: 1.38188e-05
Iteration: 2
  Device: "mos2d"	RelError: 2.87041e-03	AbsError: 4.80857e+10
    Region: "bulk"	RelError: 2.87041e-03	AbsError: 4.80857e+10
      Equation: "ElectronContinuityEquation"	RelError: 1.44939e-03	AbsError: 2.93164e+10
      Equation: "HoleContinuityEquation"	RelError: 1.42016e-03	AbsError: 1.87693e+10
      Equation: "PotentialEquation"	RelError: 8.56964e-07	AbsError: 1.63476e-08
    Region: "gate"	RelError: 1.16034e-11	AbsError: 5.72002e+08
      Equation: "ElectronContinuityEquation"	RelError: 5.73760e-12	AbsError: 5.72002e+08
      Equation: "HoleContinuityEquation"	RelError: 5.73031e-12	AbsError: 5.74792e-12
      Equation: "PotentialEquation"	RelError: 1.35502e-13	AbsError: 1.48510e-13
    Region: "oxide"	RelError: 1.80950e-09	AbsError: 1.01962e-09
      Equation: "PotentialEquation"	RelError: 1.80950e-09	AbsError: 1.01962e-09
Iteration: 3
  Device: "mos2d"	RelError: 1.48422e-08	AbsError: 7.72567e+03
    Region: "bulk"	RelError: 1.48422e-08	AbsError: 3.37505e+03
      Equation: "ElectronContinuityEquation"	RelError: 1.40956e-08	AbsError: 1.25487e+03
      Equation: "HoleContinuityEquation"	RelError: 7.46580e-10	AbsError: 2.12018e+03
      Equation: "PotentialEquation"	RelError: 6.22878e-14	AbsError: 1.62453e-15
    Region: "gate"	RelError: 3.75087e-16	AbsError: 7.72567e+03
      Equation: "ElectronContinuityEquation"	RelError: 7.78513e-17	AbsError: 7.72567e+03
      Equation: "HoleContinuityEquation"	RelError: 1.95945e-16	AbsError: 1.96836e-16
      Equation: "PotentialEquation"	RelError: 1.01291e-16	AbsError: 1.11022e-16
    Region: "oxide"	RelError: 3.88139e-16	AbsError: 1.07605e-16
      Equation: "PotentialEquation"	RelError: 3.88139e-16	AbsError: 1.07605e-16
Succeeded
IVPOINT	IDVD_VG1P0	5.00000000e-01	5.00000000e-01	8.81140757e-09
drain last end 5.000000e-01 2.000000e+00
number of equations 5550
Iteration: 0
  Device: "mos2d"	RelError: 4.07191e+00	AbsError: 2.49633e+16
    Region: "bulk"	RelError: 4.05415e+00	AbsError: 2.49633e+16
      Equation: "ElectronContinuityEquation"	RelError: 6.95242e-01	AbsError: 2.28655e+16
      Equation: "HoleContinuityEquation"	RelError: 1.29278e+00	AbsError: 2.09785e+15
      Equation: "PotentialEquation"	RelError: 2.06613e+00	AbsError: 2.00000e-02
    Region: "gate"	RelError: 2.60336e-04	AbsError: 1.28066e+16
      Equation: "ElectronContinuityEquation"	RelError: 1.28632e-04	AbsError: 1.28066e+16
      Equation: "HoleContinuityEquation"	RelError: 1.28665e-04	AbsError: 1.29233e-04
      Equation: "PotentialEquation"	RelError: 3.03875e-06	AbsError: 3.33035e-06
    Region: "oxide"	RelError: 1.74991e-02	AbsError: 1.57048e-02
      Equation: "PotentialEquation"	RelError: 1.74991e-02	AbsError: 1.57048e-02
Iteration: 1
  Device: "mos2d"	RelError: 3.55997e-01	AbsError: 3.71630e+14
    Region: "bulk"	RelError: 3.55967e-01	AbsError: 3.71630e+14
      Equation: "ElectronContinuityEquation"	RelError: 1.12094e-01	AbsError: 3.20748e+14
      Equation: "HoleContinuityEquation"	RelError: 2.37679e-01	AbsError: 5.08818e+13
      Equation: "PotentialEquation"	RelError: 6.19401e-03	AbsError: 6.90255e-05
    Region: "gate"	RelError: 1.54330e-07	AbsError: 6.84467e+12
      Equation: "ElectronContinuityEquation"	RelError: 6.86486e-08	AbsError: 6.84467e+12
      Equation: "HoleContinuityEquation"	RelError: 8.38803e-08	AbsError: 8.41277e-08
      Equation: "PotentialEquation"	RelError: 1.80133e-09	AbsError: 1.97426e-09
    Region: "oxide"	RelError: 3.01638e-05	AbsError: 1.21941e-05
      Equation: "PotentialEquation"	RelError: 3.01638e-05	AbsError: 1.21941e-05
Iteration: 2
  Device: "mos2d"	RelError: 3.63191e-03	AbsError: 3.97797e+10
    Region: "bulk"	RelError: 3.63191e-03	AbsError: 3.97797e+10
      Equation: "ElectronContinuityEquation"	RelError: 1.93623e-03	AbsError: 2.11099e+10
      Equation: "HoleContinuityEquation"	RelError: 1.69528e-03	AbsError: 1.86697e+10
      Equation: "PotentialEquation"	RelError: 3.90476e-07	AbsError: 1.84212e-08
    Region: "gate"	RelError: 9.01182e-12	AbsError: 4.44315e+08
      Equation: "ElectronContinuityEquation"	RelError: 4.45626e-12	AbsError: 4.44315e+08
      Equation: "HoleContinuityEquation"	RelError: 4.45033e-12	AbsError: 4.46346e-12
      Equation: "PotentialEquation"	RelError: 1.05235e-13	AbsError: 1.15337e-13
    Region: "oxide"	RelError: 1.75490e-09	AbsError: 7.91303e-10
      Equation: "PotentialEquation"	RelError: 1.75490e-09	AbsError: 7.91303e-10
Iteration: 3
  Device: "mos2d"	RelError: 2.30219e-08	AbsError: 8.13100e+03
    Region: "bulk"	RelError: 2.30219e-08	AbsError: 3.46005e+03
      Equation: "ElectronContinuityEquation"	RelError: 2.13662e-08	AbsError: 1.32508e+03
      Equation: "HoleContinuityEquation"	RelError: 1.65566e-09	AbsError: 2.13497e+03
      Equation: "PotentialEquation"	RelError: 6.52297e-14	AbsError: 2.19219e-15
    Region: "gate"	RelError: 4.21759e-16	AbsError: 8.13100e+03
      Equation: "ElectronContinuityEquation"	RelError: 8.13100e-17	AbsError: 8.13100e+03
      Equation: "HoleContinuityEquation"	RelError: 2.37641e-16	AbsError: 2.37642e-16
      Equation: "PotentialEquation"	RelError: 1.02808e-16	AbsError: 1.12686e-16
    Region: "oxide"	RelError: 5.74751e-16	AbsError: 1.10768e-16
      Equation: "PotentialEquation"	RelError: 5.74751e-16	AbsError: 1.10768e-16
Succeeded
IVPOINT	IDVD_VG1P0	5.00000000e-01	5.20000000e-01	8.93754758e-09
drain last end 5.200000e-01 2.000000e+00
number of equations 5550
Iteration: 0
  Device: "mos2d"	RelError: 1.20463e+01	AbsError: 2.49539e+16
    Region: "bulk"	RelError: 1.20289e+01	AbsError: 2.49539e+16
      Equation: "ElectronContinuityEquation"	RelError: 6.87928e-01	AbsError: 2.28783e+16
      Equation: "HoleContinuityEquation"	RelError: 1.28808e+00	AbsError: 2.07566e+15
      Equation: "PotentialEquation"	RelError: 1.00528e+01	AbsError: 2.00000e-02
    Region: "gate"	RelError: 2.60105e-04	AbsError: 1.27969e+16
      Equation: "ElectronContinuityEquation"	RelError: 1.28518e-04	AbsError: 1.27969e+16
      Equation: "HoleContinuityEquation"	RelError: 1.28551e-04	AbsError: 1.29102e-04
      Equation: "PotentialEquation"	RelError: 3.03604e-06	AbsError: 3.32740e-06
    Region: "oxide"	RelError: 1.71727e-02	AbsError: 1.56810e-02
      Equation: "PotentialEquation"	RelError: 1.71727e-02	AbsError: 1.56810e-02
Iteration: 1
  Device: "mos2d"	RelError: 3.68607e-01	AbsError: 3.28741e+14
    Region: "bulk"	RelError: 3.68577e-01	AbsError: 3.28741e+14
      Equation: "ElectronContinuityEquation"	RelError: 1.11033e-01	AbsError: 2.75648e+14
      Equation: "HoleContinuityEquation"	RelError: 2.33417e-01	AbsError: 5.30939e+13
      Equation: "PotentialEquation"	RelError: 2.41268e-02	AbsError: 7.03916e-05
    Region: "gate"	RelError: 1.35882e-07	AbsError: 5.93826e+12
      Equation: "ElectronContinuityEquation"	RelError: 5.95504e-08	AbsError: 5.93826e+12
      Equation: "HoleContinuityEquation"	RelError: 7.47453e-08	AbsError: 7.49565e-08
      Equation: "PotentialEquation"	RelError: 1.58600e-09	AbsError: 1.73825e-09
    Region: "oxide"	RelError: 2.99279e-05	AbsError: 1.07413e-05
      Equation: "PotentialEquation"	RelError: 2.99279e-05	AbsError: 1.07413e-05
Iteration: 2
  Device: "mos2d"	RelError: 4.25223e-03	AbsError: 3.61342e+10
    Region: "bulk"	RelError: 4.25223e-03	AbsError: 3.61342e+10
      Equation: "ElectronContinuityEquation"	RelError: 2.36242e-03	AbsError: 1.50447e+10
      Equation: "HoleContinuityEquation"	RelError: 1.88682e-03	AbsError: 2.10895e+10
      Equation: "PotentialEquation"	RelError: 2.98219e-06	AbsError: 2.02956e-08
    Region: "gate"	RelError: 6.97013e-12	AbsError: 3.43693e+08
      Equation: "ElectronContinuityEquation"	RelError: 3.44664e-12	AbsError: 3.43693e+08
      Equation: "HoleContinuityEquation"	RelError: 3.44204e-12	AbsError: 3.45176e-12
      Equation: "PotentialEquation"	RelError: 8.14513e-14	AbsError: 8.92707e-14
    Region: "oxide"	RelError: 1.70374e-09	AbsError: 6.13737e-10
      Equation: "PotentialEquation"	RelError: 1.70374e-09	AbsError: 6.13737e-10
Iteration: 3
  Device: "mos2d"	RelError: 5.74741e-08	AbsError: 8.33443e+03
    Region: "bulk"	RelError: 5.74741e-08	AbsError: 4.21652e+03
      Equation: "ElectronContinuityEquation"	RelError: 5.33977e-08	AbsError: 1.35956e+03
      Equation: "HoleContinuityEquation"	RelError: 4.07625e-09	AbsError: 2.85696e+03
      Equation: "PotentialEquation"	RelError: 2.05604e-13	AbsError: 2.80185e-15
    Region: "gate"	RelError: 4.19215e-16	AbsError: 8.33443e+03
      Equation: "ElectronContinuityEquation"	RelError: 8.40464e-17	AbsError: 8.33443e+03
      Equation: "HoleContinuityEquation"	RelError: 2.33878e-16	AbsError: 2.35735e-16
      Equation: "PotentialEquation"	RelError: 1.01291e-16	AbsError: 1.11022e-16
    Region: "oxide"	RelError: 7.09137e-16	AbsError: 1.05726e-16
      Equation: "PotentialEquation"	RelError: 7.09137e-16	AbsError: 1.05726e-16
Succeeded
IVPOINT	IDVD_VG1P0	5.00000000e-01	5.40000000e-01	9.06410538e-09
drain last end 5.400000e-01 2.000000e+00
number of equations 5550
Iteration: 0
  Device: "mos2d"	RelError: 4.70398e+00	AbsError: 2.49333e+16
    Region: "bulk"	RelError: 4.68685e+00	AbsError: 2.49333e+16
      Equation: "ElectronContinuityEquation"	RelError: 6.77250e-01	AbsError: 2.28864e+16
      Equation: "HoleContinuityEquation"	RelError: 1.27409e+00	AbsError: 2.04687e+15
      Equation: "PotentialEquation"	RelError: 2.73551e+00	AbsError: 2.00000e-02
    Region: "gate"	RelError: 2.59906e-04	AbsError: 1.27888e+16
      Equation: "ElectronContinuityEquation"	RelError: 1.28420e-04	AbsError: 1.27888e+16
      Equation: "HoleContinuityEquation"	RelError: 1.28453e-04	AbsError: 1.28987e-04
      Equation: "PotentialEquation"	RelError: 3.03371e-06	AbsError: 3.32485e-06
    Region: "oxide"	RelError: 1.68607e-02	AbsError: 1.56599e-02
      Equation: "PotentialEquation"	RelError: 1.68607e-02	AbsError: 1.56599e-02
Iteration: 1
  Device: "mos2d"	RelError: 3.49714e-01	AbsError: 2.91130e+14
    Region: "bulk"	RelError: 3.49684e-01	AbsError: 2.91130e+14
      Equation: "ElectronContinuityEquation"	RelError: 1.09465e-01	AbsError: 2.36240e+14
      Equation: "HoleContinuityEquation"	RelError: 2.31851e-01	AbsError: 5.48894e+13
      Equation: "PotentialEquation"	RelError: 8.36797e-03	AbsError: 7.13155e-05
    Region: "gate"	RelError: 1.19450e-07	AbsError: 5.13080e+12
      Equation: "ElectronContinuityEquation"	RelError: 5.14466e-08	AbsError: 5.13080e+12
      Equation: "HoleContinuityEquation"	RelError: 6.66091e-08	AbsError: 6.67891e-08
      Equation: "PotentialEquation"	RelError: 1.39420e-09	AbsError: 1.52805e-09
    Region: "oxide"	RelError: 2.96750e-05	AbsError: 9.44653e-06
      Equation: "PotentialEquation"	RelError: 2.96750e-05	AbsError: 9.44653e-06
Iteration: 2
  Device: "mos2d"	RelError: 4.55788e-03	AbsError: 3.64107e+10
    Region: "bulk"	RelError: 4.55788e-03	AbsError: 3.64107e+10
      Equation: "ElectronContinuityEquation"	RelError: 2.62058e-03	AbsError: 1.33499e+10
      Equation: "HoleContinuityEquation"	RelError: 1.93695e-03	AbsError: 2.30608e+10
      Equation: "PotentialEquation"	RelError: 3.46106e-07	AbsError: 2.18378e-08
    Region: "gate"	RelError: 5.36296e-12	AbsError: 2.64486e+08
      Equation: "ElectronContinuityEquation"	RelError: 2.65201e-12	AbsError: 2.64486e+08
      Equation: "HoleContinuityEquation"	RelError: 2.64832e-12	AbsError: 2.65548e-12
      Equation: "PotentialEquation"	RelError: 6.26261e-14	AbsError: 6.86385e-14
    Region: "oxide"	RelError: 1.65532e-09	AbsError: 4.75903e-10
      Equation: "PotentialEquation"	RelError: 1.65532e-09	AbsError: 4.75903e-10
Iteration: 3
  Device: "mos2d"	RelError: 2.72663e-08	AbsError: 8.23470e+03
    Region: "bulk"	RelError: 2.72663e-08	AbsError: 4.89703e+03
      Equation: "ElectronContinuityEquation"	RelError: 2.32258e-08	AbsError: 1.38026e+03
      Equation: "HoleContinuityEquation"	RelError: 4.04039e-09	AbsError: 3.51678e+03
      Equation: "PotentialEquation"	RelError: 4.17087e-14	AbsError: 3.42409e-15
    Region: "gate"	RelError: 4.74316e-16	AbsError: 8.23470e+03
      Equation: "ElectronContinuityEquation"	RelError: 8.30483e-17	AbsError: 8.23470e+03
      Equation: "HoleContinuityEquation"	RelError: 2.89977e-16	AbsError: 2.92617e-16
      Equation: "PotentialEquation"	RelError: 1.01291e-16	AbsError: 1.11022e-16
    Region: "oxide"	RelError: 3.66763e-16	AbsError: 1.09622e-16
      Equation: "PotentialEquation"	RelError: 3.66763e-16	AbsError: 1.09622e-16
Succeeded
IVPOINT	IDVD_VG1P0	5.00000000e-01	5.60000000e-01	9.19172002e-09
drain last end 5.600000e-01 2.000000e+00
number of equations 5550
Iteration: 0
  Device: "mos2d"	RelError: 5.00096e+00	AbsError: 2.49019e+16
    Region: "bulk"	RelError: 4.98414e+00	AbsError: 2.49019e+16
      Equation: "ElectronContinuityEquation"	RelError: 6.61945e-01	AbsError: 2.28903e+16
      Equation: "HoleContinuityEquation"	RelError: 1.24465e+00	AbsError: 2.01158e+15
      Equation: "PotentialEquation"	RelError: 3.07754e+00	AbsError: 2.00000e-02
    Region: "gate"	RelError: 2.59735e-04	AbsError: 1.27820e+16
      Equation: "ElectronContinuityEquation"	RelError: 1.28335e-04	AbsError: 1.27820e+16
      Equation: "HoleContinuityEquation"	RelError: 1.28368e-04	AbsError: 1.28885e-04
      Equation: "PotentialEquation"	RelError: 3.03171e-06	AbsError: 3.32266e-06
    Region: "oxide"	RelError: 1.65620e-02	AbsError: 1.56414e-02
      Equation: "PotentialEquation"	RelError: 1.65620e-02	AbsError: 1.56414e-02
Iteration: 1
  Device: "mos2d"	RelError: 3.43146e-01	AbsError: 2.57954e+14
    Region: "bulk"	RelError: 3.43116e-01	AbsError: 2.57954e+14
      Equation: "ElectronContinuityEquation"	RelError: 1.07197e-01	AbsError: 2.01980e+14
      Equation: "HoleContinuityEquation"	RelError: 2.28087e-01	AbsError: 5.59741e+13
      Equation: "PotentialEquation"	RelError: 7.83180e-03	AbsError: 7.17351e-05
    Region: "gate"	RelError: 1.04843e-07	AbsError: 4.41287e+12
      Equation: "ElectronContinuityEquation"	RelError: 4.42425e-08	AbsError: 4.41287e+12
      Equation: "HoleContinuityEquation"	RelError: 5.93765e-08	AbsError: 5.95296e-08
      Equation: "PotentialEquation"	RelError: 1.22370e-09	AbsError: 1.34119e-09
    Region: "oxide"	RelError: 2.94079e-05	AbsError: 8.29575e-06
      Equation: "PotentialEquation"	RelError: 2.94079e-05	AbsError: 8.29575e-06
Iteration: 2
  Device: "mos2d"	RelError: 4.66869e-03	AbsError: 3.62409e+10
    Region: "bulk"	RelError: 4.66869e-03	AbsError: 3.62409e+10
      Equation: "ElectronContinuityEquation"	RelError: 2.85345e-03	AbsError: 1.17867e+10
      Equation: "HoleContinuityEquation"	RelError: 1.81456e-03	AbsError: 2.44542e+10
      Equation: "PotentialEquation"	RelError: 6.71685e-07	AbsError: 2.29189e-08
    Region: "gate"	RelError: 4.09617e-12	AbsError: 2.02038e+08
      Equation: "ElectronContinuityEquation"	RelError: 2.02559e-12	AbsError: 2.02038e+08
      Equation: "HoleContinuityEquation"	RelError: 2.02267e-12	AbsError: 2.02789e-12
      Equation: "PotentialEquation"	RelError: 4.79168e-14	AbsError: 5.25172e-14
    Region: "oxide"	RelError: 1.60886e-09	AbsError: 3.68884e-10
      Equation: "PotentialEquation"	RelError: 1.60886e-09	AbsError: 3.68884e-10
Iteration: 3
  Device: "mos2d"	RelError: 3.71585e-08	AbsError: 8.08096e+03
    Region: "bulk"	RelError: 3.71585e-08	AbsError: 5.72766e+03
      Equation: "ElectronContinuityEquation"	RelError: 3.50277e-08	AbsError: 1.64110e+03
      Equation: "HoleContinuityEquation"	RelError: 2.13059e-09	AbsError: 4.08656e+03
      Equation: "PotentialEquation"	RelError: 2.09496e-13	AbsError: 3.90021e-15
    Region: "gate"	RelError: 4.46915e-16	AbsError: 8.08096e+03
      Equation: "ElectronContinuityEquation"	RelError: 8.08099e-17	AbsError: 8.08096e+03
      Equation: "HoleContinuityEquation"	RelError: 2.64814e-16	AbsError: 2.65881e-16
      Equation: "PotentialEquation"	RelError: 1.01291e-16	AbsError: 1.11022e-16
    Region: "oxide"	RelError: 8.93081e-16	AbsError: 1.07203e-16
      Equation: "PotentialEquation"	RelError: 8.93081e-16	AbsError: 1.07203e-16
Succeeded
IVPOINT	IDVD_VG1P0	5.00000000e-01	5.80000000e-01	9.32022619e-09
drain last end 5.800000e-01 2.000000e+00
number of equations 5550
Iteration: 0
  Device: "mos2d"	RelError: 5.46441e+00	AbsError: 2.48922e+16
    Region: "bulk"	RelError: 5.44787e+00	AbsError: 2.48922e+16
      Equation: "ElectronContinuityEquation"	RelError: 6.40456e-01	AbsError: 2.28902e+16
      Equation: "HoleContinuityEquation"	RelError: 1.19311e+00	AbsError: 2.00196e+15
      Equation: "PotentialEquation"	RelError: 3.61430e+00	AbsError: 2.00000e-02
    Region: "gate"	RelError: 2.59589e-04	AbsError: 1.27765e+16
      Equation: "ElectronContinuityEquation"	RelError: 1.28263e-04	AbsError: 1.27765e+16
      Equation: "HoleContinuityEquation"	RelError: 1.28296e-04	AbsError: 1.28797e-04
      Equation: "PotentialEquation"	RelError: 3.03000e-06	AbsError: 3.32080e-06
    Region: "oxide"	RelError: 1.62757e-02	AbsError: 1.56252e-02
      Equation: "PotentialEquation"	RelError: 1.62757e-02	AbsError: 1.56252e-02
Iteration: 1
  Device: "mos2d"	RelError: 3.39214e-01	AbsError: 2.31306e+14
    Region: "bulk"	RelError: 3.39184e-01	AbsError: 2.31306e+14
      Equation: "ElectronContinuityEquation"	RelError: 1.03988e-01	AbsError: 1.75000e+14
      Equation: "HoleContinuityEquation"	RelError: 2.20760e-01	AbsError: 5.63055e+13
      Equation: "PotentialEquation"	RelError: 1.44367e-02	AbsError: 7.16058e-05
    Region: "gate"	RelError: 9.18764e-08	AbsError: 3.77548e+12
      Equation: "ElectronContinuityEquation"	RelError: 3.78475e-08	AbsError: 3.77548e+12
      Equation: "HoleContinuityEquation"	RelError: 5.29566e-08	AbsError: 5.30866e-08
      Equation: "PotentialEquation"	RelError: 1.07236e-09	AbsError: 1.17532e-09
    Region: "oxide"	RelError: 2.91290e-05	AbsError: 7.27507e-06
      Equation: "PotentialEquation"	RelError: 2.91290e-05	AbsError: 7.27507e-06
Iteration: 2
  Device: "mos2d"	RelError: 4.41580e-03	AbsError: 3.54798e+10
    Region: "bulk"	RelError: 4.41580e-03	AbsError: 3.54798e+10
      Equation: "ElectronContinuityEquation"	RelError: 2.86742e-03	AbsError: 1.03141e+10
      Equation: "HoleContinuityEquation"	RelError: 1.54730e-03	AbsError: 2.51658e+10
      Equation: "PotentialEquation"	RelError: 1.07615e-06	AbsError: 2.34325e-08
    Region: "gate"	RelError: 3.09402e-12	AbsError: 1.52623e+08
      Equation: "ElectronContinuityEquation"	RelError: 1.52998e-12	AbsError: 1.52623e+08
      Equation: "HoleContinuityEquation"	RelError: 1.52801e-12	AbsError: 1.53176e-12
      Equation: "PotentialEquation"	RelError: 3.60318e-14	AbsError: 3.94913e-14
    Region: "oxide"	RelError: 1.56359e-09	AbsError: 2.85607e-10
      Equation: "PotentialEquation"	RelError: 1.56359e-09	AbsError: 2.85607e-10
Iteration: 3
  Device: "mos2d"	RelError: 2.32751e-08	AbsError: 7.86050e+03
    Region: "bulk"	RelError: 2.32751e-08	AbsError: 6.20497e+03
      Equation: "ElectronContinuityEquation"	RelError: 2.08849e-08	AbsError: 1.74732e+03
      Equation: "HoleContinuityEquation"	RelError: 2.38998e-09	AbsError: 4.45765e+03
      Equation: "PotentialEquation"	RelError: 2.30472e-13	AbsError: 4.24855e-15
    Region: "gate"	RelError: 3.37361e-16	AbsError: 7.86050e+03
      Equation: "ElectronContinuityEquation"	RelError: 7.86050e-17	AbsError: 7.86050e+03
      Equation: "HoleContinuityEquation"	RelError: 1.57465e-16	AbsError: 1.58639e-16
      Equation: "PotentialEquation"	RelError: 1.01291e-16	AbsError: 1.11022e-16
    Region: "oxide"	RelError: 4.44254e-16	AbsError: 1.10393e-16
      Equation: "PotentialEquation"	RelError: 4.44254e-16	AbsError: 1.10393e-16
Succeeded
IVPOINT	IDVD_VG1P0	5.00000000e-01	6.00000000e-01	9.44936467e-09
drain last end 6.000000e-01 2.000000e+00
number of equations 5550
Iteration: 0
  Device: "mos2d"	RelError: 2.05660e+01	AbsError: 2.49013e+16
    Region: "bulk"	RelError: 2.05497e+01	AbsError: 2.49013e+16
      Equation: "ElectronContinuityEquation"	RelError: 6.11060e-01	AbsError: 2.28865e+16
      Equation: "HoleContinuityEquation"	RelError: 1.18751e+00	AbsError: 2.01485e+15
      Equation: "PotentialEquation"	RelError: 1.87511e+01	AbsError: 2.00000e-02
    Region: "gate"	RelError: 2.59466e-04	AbsError: 1.27720e+16
      Equation: "ElectronContinuityEquation"	RelError: 1.28202e-04	AbsError: 1.27720e+16
      Equation: "HoleContinuityEquation"	RelError: 1.28235e-04	AbsError: 1.28719e-04
      Equation: "PotentialEquation"	RelError: 3.02855e-06	AbsError: 3.31922e-06
    Region: "oxide"	RelError: 1.60008e-02	AbsError: 1.56110e-02
      Equation: "PotentialEquation"	RelError: 1.60008e-02	AbsError: 1.56110e-02
Iteration: 1
  Device: "mos2d"	RelError: 3.61023e-01	AbsError: 2.20114e+14
    Region: "bulk"	RelError: 3.60994e-01	AbsError: 2.20114e+14
      Equation: "ElectronContinuityEquation"	RelError: 9.95573e-02	AbsError: 1.64245e+14
      Equation: "HoleContinuityEquation"	RelError: 2.13550e-01	AbsError: 5.58694e+13
      Equation: "PotentialEquation"	RelError: 4.78861e-02	AbsError: 7.09066e-05
    Region: "gate"	RelError: 8.52776e-08	AbsError: 3.68018e+12
      Equation: "ElectronContinuityEquation"	RelError: 3.70753e-08	AbsError: 3.68018e+12
      Equation: "HoleContinuityEquation"	RelError: 4.72641e-08	AbsError: 4.73744e-08
      Equation: "PotentialEquation"	RelError: 9.38159e-10	AbsError: 1.02824e-09
    Region: "oxide"	RelError: 2.88407e-05	AbsError: 6.37122e-06
      Equation: "PotentialEquation"	RelError: 2.88407e-05	AbsError: 6.37122e-06
Iteration: 2
  Device: "mos2d"	RelError: 3.86090e-03	AbsError: 3.40896e+10
    Region: "bulk"	RelError: 3.86090e-03	AbsError: 3.40896e+10
      Equation: "ElectronContinuityEquation"	RelError: 2.64539e-03	AbsError: 8.95335e+09
      Equation: "HoleContinuityEquation"	RelError: 1.21328e-03	AbsError: 2.51362e+10
      Equation: "PotentialEquation"	RelError: 2.23037e-06	AbsError: 2.33133e-08
    Region: "gate"	RelError: 2.29653e-12	AbsError: 1.13310e+08
      Equation: "ElectronContinuityEquation"	RelError: 1.13574e-12	AbsError: 1.13310e+08
      Equation: "HoleContinuityEquation"	RelError: 1.13397e-12	AbsError: 1.13661e-12
      Equation: "PotentialEquation"	RelError: 2.68218e-14	AbsError: 2.93971e-14
    Region: "oxide"	RelError: 1.52062e-09	AbsError: 2.20552e-10
      Equation: "PotentialEquation"	RelError: 1.52062e-09	AbsError: 2.20552e-10
Iteration: 3
  Device: "mos2d"	RelError: 2.29828e-08	AbsError: 7.84524e+03
    Region: "bulk"	RelError: 2.29828e-08	AbsError: 6.15006e+03
      Equation: "ElectronContinuityEquation"	RelError: 1.96387e-08	AbsError: 1.59181e+03
      Equation: "HoleContinuityEquation"	RelError: 3.34364e-09	AbsError: 4.55825e+03
      Equation: "PotentialEquation"	RelError: 4.84917e-13	AbsError: 4.35024e-15
    Region: "gate"	RelError: 3.61937e-16	AbsError: 7.84524e+03
      Equation: "ElectronContinuityEquation"	RelError: 7.84525e-17	AbsError: 7.84524e+03
      Equation: "HoleContinuityEquation"	RelError: 1.82193e-16	AbsError: 1.83723e-16
      Equation: "PotentialEquation"	RelError: 1.01291e-16	AbsError: 1.11022e-16
    Region: "oxide"	RelError: 6.08526e-16	AbsError: 1.06430e-16
      Equation: "PotentialEquation"	RelError: 6.08526e-16	AbsError: 1.06430e-16
Succeeded
IVPOINT	IDVD_VG1P0	5.00000000e-01	6.20000000e-01	9.58025490e-09
drain last end 6.200000e-01 2.000000e+00
number of equations 5550
Iteration: 0
  Device: "mos2d"	RelError: 3.30660e+00	AbsError: 2.49021e+16
    Region: "bulk"	RelError: 3.29060e+00	AbsError: 2.49021e+16
      Equation: "ElectronContinuityEquation"	RelError: 5.72203e-01	AbsError: 2.28794e+16
      Equation: "HoleContinuityEquation"	RelError: 1.18229e+00	AbsError: 2.02276e+15
      Equation: "PotentialEquation"	RelError: 1.53611e+00	AbsError: 2.00000e-02
    Region: "gate"	RelError: 2.59362e-04	AbsError: 1.27686e+16
      Equation: "ElectronContinuityEquation"	RelError: 1.28151e-04	AbsError: 1.27686e+16
      Equation: "HoleContinuityEquation"	RelError: 1.28184e-04	AbsError: 1.28651e-04
      Equation: "PotentialEquation"	RelError: 3.02733e-06	AbsError: 3.31789e-06
    Region: "oxide"	RelError: 1.57365e-02	AbsError: 1.55985e-02
      Equation: "PotentialEquation"	RelError: 1.57365e-02	AbsError: 1.55985e-02
Iteration: 1
  Device: "mos2d"	RelError: 3.10861e-01	AbsError: 2.08400e+14
    Region: "bulk"	RelError: 3.10833e-01	AbsError: 2.08400e+14
      Equation: "ElectronContinuityEquation"	RelError: 9.36333e-02	AbsError: 1.53715e+14
      Equation: "HoleContinuityEquation"	RelError: 2.13245e-01	AbsError: 5.46843e+13
      Equation: "PotentialEquation"	RelError: 3.95487e-03	AbsError: 6.96451e-05
    Region: "gate"	RelError: 8.01515e-08	AbsError: 3.67896e+12
      Equation: "ElectronContinuityEquation"	RelError: 3.70622e-08	AbsError: 3.67896e+12
      Equation: "HoleContinuityEquation"	RelError: 4.22205e-08	AbsError: 4.23138e-08
      Equation: "PotentialEquation"	RelError: 8.68825e-10	AbsError: 9.52131e-10
    Region: "oxide"	RelError: 2.85451e-05	AbsError: 5.57174e-06
      Equation: "PotentialEquation"	RelError: 2.85451e-05	AbsError: 5.57174e-06
Iteration: 2
  Device: "mos2d"	RelError: 3.12767e-03	AbsError: 3.20815e+10
    Region: "bulk"	RelError: 3.12767e-03	AbsError: 3.20815e+10
      Equation: "ElectronContinuityEquation"	RelError: 2.23218e-03	AbsError: 7.71602e+09
      Equation: "HoleContinuityEquation"	RelError: 8.94776e-04	AbsError: 2.43655e+10
      Equation: "PotentialEquation"	RelError: 7.15030e-07	AbsError: 2.25517e-08
    Region: "gate"	RelError: 1.86801e-12	AbsError: 9.15241e+07
      Equation: "ElectronContinuityEquation"	RelError: 9.23160e-13	AbsError: 9.15241e+07
      Equation: "HoleContinuityEquation"	RelError: 9.23106e-13	AbsError: 9.31093e-13
      Equation: "PotentialEquation"	RelError: 2.17460e-14	AbsError: 2.38304e-14
    Region: "oxide"	RelError: 1.47799e-09	AbsError: 1.69456e-10
      Equation: "PotentialEquation"	RelError: 1.47799e-09	AbsError: 1.69456e-10
Iteration: 3
  Device: "mos2d"	RelError: 1.03730e-07	AbsError: 7.93500e+03
    Region: "bulk"	RelError: 1.03730e-07	AbsError: 5.67487e+03
      Equation: "ElectronContinuityEquation"	RelError: 9.72440e-08	AbsError: 1.29034e+03
      Equation: "HoleContinuityEquation"	RelError: 6.48631e-09	AbsError: 4.38453e+03
      Equation: "PotentialEquation"	RelError: 1.32877e-13	AbsError: 4.21283e-15
    Region: "gate"	RelError: 4.56340e-16	AbsError: 7.93500e+03
      Equation: "ElectronContinuityEquation"	RelError: 7.93500e-17	AbsError: 7.93500e+03
      Equation: "HoleContinuityEquation"	RelError: 2.75699e-16	AbsError: 2.77806e-16
      Equation: "PotentialEquation"	RelError: 1.01291e-16	AbsError: 1.11022e-16
    Region: "oxide"	RelError: 8.96577e-16	AbsError: 1.10294e-16
      Equation: "PotentialEquation"	RelError: 8.96577e-16	AbsError: 1.10294e-16
Succeeded
IVPOINT	IDVD_VG1P0	5.00000000e-01	6.40000000e-01	9.71132993e-09
drain last end 6.400000e-01 2.000000e+00
number of equations 5550
Iteration: 0
  Device: "mos2d"	RelError: 2.02026e+01	AbsError: 2.48945e+16
    Region: "bulk"	RelError: 2.01868e+01	AbsError: 2.48945e+16
      Equation: "ElectronContinuityEquation"	RelError: 5.40715e-01	AbsError: 2.28691e+16
      Equation: "HoleContinuityEquation"	RelError: 1.16777e+00	AbsError: 2.02537e+15
      Equation: "PotentialEquation"	RelError: 1.84783e+01	AbsError: 2.00000e-02
    Region: "gate"	RelError: 2.59276e-04	AbsError: 1.27660e+16
      Equation: "ElectronContinuityEquation"	RelError: 1.28108e-04	AbsError: 1.27660e+16
      Equation: "HoleContinuityEquation"	RelError: 1.28141e-04	AbsError: 1.28592e-04
      Equation: "PotentialEquation"	RelError: 3.02631e-06	AbsError: 3.31679e-06
    Region: "oxide"	RelError: 1.54822e-02	AbsError: 1.55876e-02
      Equation: "PotentialEquation"	RelError: 1.54822e-02	AbsError: 1.55876e-02
Iteration: 1
  Device: "mos2d"	RelError: 3.33111e-01	AbsError: 1.96290e+14
    Region: "bulk"	RelError: 3.33083e-01	AbsError: 1.96290e+14
      Equation: "ElectronContinuityEquation"	RelError: 8.60344e-02	AbsError: 1.43488e+14
      Equation: "HoleContinuityEquation"	RelError: 2.11593e-01	AbsError: 5.28020e+13
      Equation: "PotentialEquation"	RelError: 3.54555e-02	AbsError: 6.78593e-05
    Region: "gate"	RelError: 7.56442e-08	AbsError: 3.67511e+12
      Equation: "ElectronContinuityEquation"	RelError: 3.70225e-08	AbsError: 3.67511e+12
      Equation: "HoleContinuityEquation"	RelError: 3.77539e-08	AbsError: 3.78327e-08
      Equation: "PotentialEquation"	RelError: 8.67846e-10	AbsError: 9.51059e-10
    Region: "oxide"	RelError: 2.82441e-05	AbsError: 4.86516e-06
      Equation: "PotentialEquation"	RelError: 2.82441e-05	AbsError: 4.86516e-06
Iteration: 2
  Device: "mos2d"	RelError: 2.83145e-03	AbsError: 2.95244e+10
    Region: "bulk"	RelError: 2.83145e-03	AbsError: 2.95244e+10
      Equation: "ElectronContinuityEquation"	RelError: 2.18963e-03	AbsError: 6.60596e+09
      Equation: "HoleContinuityEquation"	RelError: 6.39413e-04	AbsError: 2.29185e+10
      Equation: "PotentialEquation"	RelError: 2.40741e-06	AbsError: 2.11995e-08
    Region: "gate"	RelError: 1.81165e-12	AbsError: 8.87655e+07
      Equation: "ElectronContinuityEquation"	RelError: 8.95331e-13	AbsError: 8.87655e+07
      Equation: "HoleContinuityEquation"	RelError: 8.95099e-13	AbsError: 9.02839e-13
      Equation: "PotentialEquation"	RelError: 2.12231e-14	AbsError: 2.32573e-14
    Region: "oxide"	RelError: 1.43487e-09	AbsError: 1.29060e-10
      Equation: "PotentialEquation"	RelError: 1.43487e-09	AbsError: 1.29060e-10
Iteration: 3
  Device: "mos2d"	RelError: 8.13263e-08	AbsError: 8.01757e+03
    Region: "bulk"	RelError: 8.13263e-08	AbsError: 5.00106e+03
      Equation: "ElectronContinuityEquation"	RelError: 7.70234e-08	AbsError: 1.02708e+03
      Equation: "HoleContinuityEquation"	RelError: 4.30250e-09	AbsError: 3.97398e+03
      Equation: "PotentialEquation"	RelError: 4.09833e-13	AbsError: 3.75880e-15
    Region: "gate"	RelError: 4.96402e-16	AbsError: 8.01757e+03
      Equation: "ElectronContinuityEquation"	RelError: 8.08122e-17	AbsError: 8.01757e+03
      Equation: "HoleContinuityEquation"	RelError: 3.14299e-16	AbsError: 3.16179e-16
      Equation: "PotentialEquation"	RelError: 1.01291e-16	AbsError: 1.11022e-16
    Region: "oxide"	RelError: 5.69320e-16	AbsError: 1.09890e-16
      Equation: "PotentialEquation"	RelError: 5.69320e-16	AbsError: 1.09890e-16
Succeeded
IVPOINT	IDVD_VG1P0	5.00000000e-01	6.60000000e-01	9.84324271e-09
drain last end 6.600000e-01 2.000000e+00
number of equations 5550
Iteration: 0
  Device: "mos2d"	RelError: 4.07344e+00	AbsError: 2.48784e+16
    Region: "bulk"	RelError: 4.05794e+00	AbsError: 2.48784e+16
      Equation: "ElectronContinuityEquation"	RelError: 5.31872e-01	AbsError: 2.28560e+16
      Equation: "HoleContinuityEquation"	RelError: 1.13827e+00	AbsError: 2.02244e+15
      Equation: "PotentialEquation"	RelError: 2.38779e+00	AbsError: 2.00000e-02
    Region: "gate"	RelError: 2.59205e-04	AbsError: 1.27641e+16
      Equation: "ElectronContinuityEquation"	RelError: 1.28073e-04	AbsError: 1.27641e+16
      Equation: "HoleContinuityEquation"	RelError: 1.28106e-04	AbsError: 1.28540e-04
      Equation: "PotentialEquation"	RelError: 3.02548e-06	AbsError: 3.31588e-06
    Region: "oxide"	RelError: 1.52370e-02	AbsError: 1.55781e-02
      Equation: "PotentialEquation"	RelError: 1.52370e-02	AbsError: 1.55781e-02
Iteration: 1
  Device: "mos2d"	RelError: 2.91880e-01	AbsError: 1.83929e+14
    Region: "bulk"	RelError: 2.91852e-01	AbsError: 1.83929e+14
      Equation: "ElectronContinuityEquation"	RelError: 7.84930e-02	AbsError: 1.33623e+14
      Equation: "HoleContinuityEquation"	RelError: 2.07749e-01	AbsError: 5.03061e+13
      Equation: "PotentialEquation"	RelError: 5.60993e-03	AbsError: 6.56158e-05
    Region: "gate"	RelError: 7.42156e-08	AbsError: 3.66902e+12
      Equation: "ElectronContinuityEquation"	RelError: 3.69603e-08	AbsError: 3.66902e+12
      Equation: "HoleContinuityEquation"	RelError: 3.63890e-08	AbsError: 3.66568e-08
      Equation: "PotentialEquation"	RelError: 8.66335e-10	AbsError: 9.49404e-10
    Region: "oxide"	RelError: 2.79393e-05	AbsError: 4.65465e-06
      Equation: "PotentialEquation"	RelError: 2.79393e-05	AbsError: 4.65465e-06
Iteration: 2
  Device: "mos2d"	RelError: 3.01247e-03	AbsError: 2.65402e+10
    Region: "bulk"	RelError: 3.01247e-03	AbsError: 2.65402e+10
      Equation: "ElectronContinuityEquation"	RelError: 2.48033e-03	AbsError: 5.62149e+09
      Equation: "HoleContinuityEquation"	RelError: 5.30767e-04	AbsError: 2.09187e+10
      Equation: "PotentialEquation"	RelError: 1.36635e-06	AbsError: 1.93655e-08
    Region: "gate"	RelError: 1.75378e-12	AbsError: 8.59320e+07
      Equation: "ElectronContinuityEquation"	RelError: 8.66746e-13	AbsError: 8.59320e+07
      Equation: "HoleContinuityEquation"	RelError: 8.66523e-13	AbsError: 8.74068e-13
      Equation: "PotentialEquation"	RelError: 2.05092e-14	AbsError: 2.24750e-14
    Region: "oxide"	RelError: 1.39118e-09	AbsError: 1.05603e-10
      Equation: "PotentialEquation"	RelError: 1.39118e-09	AbsError: 1.05603e-10
Iteration: 3
  Device: "mos2d"	RelError: 1.09087e-07	AbsError: 7.97772e+03
    Region: "bulk"	RelError: 1.09087e-07	AbsError: 4.76001e+03
      Equation: "ElectronContinuityEquation"	RelError: 1.01128e-07	AbsError: 1.38588e+03
      Equation: "HoleContinuityEquation"	RelError: 7.95869e-09	AbsError: 3.37414e+03
      Equation: "PotentialEquation"	RelError: 2.11256e-13	AbsError: 3.18884e-15
    Region: "gate"	RelError: 5.44011e-16	AbsError: 7.97772e+03
      Equation: "ElectronContinuityEquation"	RelError: 7.97772e-17	AbsError: 7.97772e+03
      Equation: "HoleContinuityEquation"	RelError: 3.62943e-16	AbsError: 3.63655e-16
      Equation: "PotentialEquation"	RelError: 1.01291e-16	AbsError: 1.11022e-16
    Region: "oxide"	RelError: 3.00271e-16	AbsError: 1.16881e-16
      Equation: "PotentialEquation"	RelError: 3.00271e-16	AbsError: 1.16881e-16
Succeeded
IVPOINT	IDVD_VG1P0	5.00000000e-01	6.80000000e-01	9.97659927e-09
drain last end 6.800000e-01 2.000000e+00
number of equations 5550
Iteration: 0
  Device: "mos2d"	RelError: 4.29236e+01	AbsError: 2.48539e+16
    Region: "bulk"	RelError: 4.29083e+01	AbsError: 2.48539e+16
      Equation: "ElectronContinuityEquation"	RelError: 5.29417e-01	AbsError: 2.28402e+16
      Equation: "HoleContinuityEquation"	RelError: 1.10832e+00	AbsError: 2.01374e+15
      Equation: "PotentialEquation"	RelError: 4.12706e+01	AbsError: 2.00000e-02
    Region: "gate"	RelError: 2.59148e-04	AbsError: 1.27629e+16
      Equation: "ElectronContinuityEquation"	RelError: 1.28045e-04	AbsError: 1.27629e+16
      Equation: "HoleContinuityEquation"	RelError: 1.28078e-04	AbsError: 1.28495e-04
      Equation: "PotentialEquation"	RelError: 3.02480e-06	AbsError: 3.31515e-06
    Region: "oxide"	RelError: 1.50005e-02	AbsError: 1.55698e-02
      Equation: "PotentialEquation"	RelError: 1.50005e-02	AbsError: 1.55698e-02
Iteration: 1
  Device: "mos2d"	RelError: 3.86407e-01	AbsError: 1.71470e+14
    Region: "bulk"	RelError: 3.86379e-01	AbsError: 1.71470e+14
      Equation: "ElectronContinuityEquation"	RelError: 7.68276e-02	AbsError: 1.24165e+14
      Equation: "HoleContinuityEquation"	RelError: 2.00477e-01	AbsError: 4.73050e+13
      Equation: "PotentialEquation"	RelError: 1.09074e-01	AbsError: 6.30049e-05
    Region: "gate"	RelError: 7.40474e-08	AbsError: 3.66103e+12
      Equation: "ElectronContinuityEquation"	RelError: 3.68789e-08	AbsError: 3.66103e+12
      Equation: "HoleContinuityEquation"	RelError: 3.63041e-08	AbsError: 3.65704e-08
      Equation: "PotentialEquation"	RelError: 8.64371e-10	AbsError: 9.47251e-10
    Region: "oxide"	RelError: 2.76320e-05	AbsError: 4.64350e-06
      Equation: "PotentialEquation"	RelError: 2.76320e-05	AbsError: 4.64350e-06
Iteration: 2
  Device: "mos2d"	RelError: 3.09030e-03	AbsError: 2.32889e+10
    Region: "bulk"	RelError: 3.09030e-03	AbsError: 2.32889e+10
      Equation: "ElectronContinuityEquation"	RelError: 2.64019e-03	AbsError: 4.75712e+09
      Equation: "HoleContinuityEquation"	RelError: 4.33931e-04	AbsError: 1.85318e+10
      Equation: "PotentialEquation"	RelError: 1.61832e-05	AbsError: 1.71994e-08
    Region: "gate"	RelError: 1.70140e-12	AbsError: 8.33568e+07
      Equation: "ElectronContinuityEquation"	RelError: 8.40823e-13	AbsError: 8.33568e+07
      Equation: "HoleContinuityEquation"	RelError: 8.40776e-13	AbsError: 8.48094e-13
      Equation: "PotentialEquation"	RelError: 1.98029e-14	AbsError: 2.17010e-14
    Region: "oxide"	RelError: 1.34711e-09	AbsError: 1.02329e-10
      Equation: "PotentialEquation"	RelError: 1.34711e-09	AbsError: 1.02329e-10
Iteration: 3
  Device: "mos2d"	RelError: 1.96878e-08	AbsError: 8.14092e+03
    Region: "bulk"	RelError: 1.96878e-08	AbsError: 3.78366e+03
      Equation: "ElectronContinuityEquation"	RelError: 1.77897e-08	AbsError: 1.09945e+03
      Equation: "HoleContinuityEquation"	RelError: 1.89627e-09	AbsError: 2.68421e+03
      Equation: "PotentialEquation"	RelError: 1.84719e-12	AbsError: 2.62795e-15
    Region: "gate"	RelError: 3.60985e-16	AbsError: 8.14092e+03
      Equation: "ElectronContinuityEquation"	RelError: 8.18335e-17	AbsError: 8.14092e+03
      Equation: "HoleContinuityEquation"	RelError: 1.77769e-16	AbsError: 1.78348e-16
      Equation: "PotentialEquation"	RelError: 1.01383e-16	AbsError: 1.11107e-16
    Region: "oxide"	RelError: 8.59008e-16	AbsError: 1.11107e-16
      Equation: "PotentialEquation"	RelError: 8.59008e-16	AbsError: 1.11107e-16
Succeeded
IVPOINT	IDVD_VG1P0	5.00000000e-01	7.00000000e-01	1.01107298e-08
drain last end 7.000000e-01 2.000000e+00
number of equations 5550
Iteration: 0
  Device: "mos2d"	RelError: 2.62223e+00	AbsError: 2.48210e+16
    Region: "bulk"	RelError: 2.60720e+00	AbsError: 2.48210e+16
      Equation: "ElectronContinuityEquation"	RelError: 5.27103e-01	AbsError: 2.28219e+16
      Equation: "HoleContinuityEquation"	RelError: 1.10642e+00	AbsError: 1.99915e+15
      Equation: "PotentialEquation"	RelError: 9.73675e-01	AbsError: 2.00000e-02
    Region: "gate"	RelError: 2.59103e-04	AbsError: 1.27623e+16
      Equation: "ElectronContinuityEquation"	RelError: 1.28023e-04	AbsError: 1.27623e+16
      Equation: "HoleContinuityEquation"	RelError: 1.28056e-04	AbsError: 1.28456e-04
      Equation: "PotentialEquation"	RelError: 3.02427e-06	AbsError: 3.31458e-06
    Region: "oxide"	RelError: 1.47722e-02	AbsError: 1.55626e-02
      Equation: "PotentialEquation"	RelError: 1.47722e-02	AbsError: 1.55626e-02
Iteration: 1
  Device: "mos2d"	RelError: 2.77456e-01	AbsError: 1.59070e+14
    Region: "bulk"	RelError: 2.77429e-01	AbsError: 1.59070e+14
      Equation: "ElectronContinuityEquation"	RelError: 7.58239e-02	AbsError: 1.15146e+14
      Equation: "HoleContinuityEquation"	RelError: 1.97800e-01	AbsError: 4.39241e+13
      Equation: "PotentialEquation"	RelError: 3.80488e-03	AbsError: 6.01329e-05
    Region: "gate"	RelError: 7.38459e-08	AbsError: 3.65141e+12
      Equation: "ElectronContinuityEquation"	RelError: 3.67811e-08	AbsError: 3.65141e+12
      Equation: "HoleContinuityEquation"	RelError: 3.62028e-08	AbsError: 3.64675e-08
      Equation: "PotentialEquation"	RelError: 8.62019e-10	AbsError: 9.44674e-10
    Region: "oxide"	RelError: 2.73233e-05	AbsError: 4.63003e-06
      Equation: "PotentialEquation"	RelError: 2.73233e-05	AbsError: 4.63003e-06
Iteration: 2
  Device: "mos2d"	RelError: 3.04851e-03	AbsError: 2.00112e+10
    Region: "bulk"	RelError: 3.04851e-03	AbsError: 2.00112e+10
      Equation: "ElectronContinuityEquation"	RelError: 2.62131e-03	AbsError: 4.07001e+09
      Equation: "HoleContinuityEquation"	RelError: 4.26675e-04	AbsError: 1.59412e+10
      Equation: "PotentialEquation"	RelError: 5.22758e-07	AbsError: 1.48699e-08
    Region: "gate"	RelError: 1.64847e-12	AbsError: 8.07830e+07
      Equation: "ElectronContinuityEquation"	RelError: 8.14860e-13	AbsError: 8.07830e+07
      Equation: "HoleContinuityEquation"	RelError: 8.14421e-13	AbsError: 8.21508e-13
      Equation: "PotentialEquation"	RelError: 1.91885e-14	AbsError: 2.10277e-14
    Region: "oxide"	RelError: 1.30303e-09	AbsError: 9.90989e-11
      Equation: "PotentialEquation"	RelError: 1.30303e-09	AbsError: 9.90989e-11
Iteration: 3
  Device: "mos2d"	RelError: 1.61899e-07	AbsError: 7.94377e+03
    Region: "bulk"	RelError: 1.61899e-07	AbsError: 3.52689e+03
      Equation: "ElectronContinuityEquation"	RelError: 1.55466e-07	AbsError: 1.51948e+03
      Equation: "HoleContinuityEquation"	RelError: 6.43199e-09	AbsError: 2.00741e+03
      Equation: "PotentialEquation"	RelError: 3.58512e-13	AbsError: 1.96266e-15
    Region: "gate"	RelError: 4.12394e-16	AbsError: 7.94377e+03
      Equation: "ElectronContinuityEquation"	RelError: 7.94377e-17	AbsError: 7.94377e+03
      Equation: "HoleContinuityEquation"	RelError: 2.31666e-16	AbsError: 2.33167e-16
      Equation: "PotentialEquation"	RelError: 1.01291e-16	AbsError: 1.11022e-16
    Region: "oxide"	RelError: 1.10333e-15	AbsError: 1.15772e-16
      Equation: "PotentialEquation"	RelError: 1.10333e-15	AbsError: 1.15772e-16
Succeeded
IVPOINT	IDVD_VG1P0	5.00000000e-01	7.20000000e-01	1.02461061e-08
drain last end 7.200000e-01 2.000000e+00
number of equations 5550
Iteration: 0
  Device: "mos2d"	RelError: 9.58587e+00	AbsError: 2.47799e+16
    Region: "bulk"	RelError: 9.57106e+00	AbsError: 2.47799e+16
      Equation: "ElectronContinuityEquation"	RelError: 5.23904e-01	AbsError: 2.28013e+16
      Equation: "HoleContinuityEquation"	RelError: 1.09875e+00	AbsError: 1.97859e+15
      Equation: "PotentialEquation"	RelError: 7.94841e+00	AbsError: 2.00000e-02
    Region: "gate"	RelError: 2.59068e-04	AbsError: 1.27623e+16
      Equation: "ElectronContinuityEquation"	RelError: 1.28006e-04	AbsError: 1.27623e+16
      Equation: "HoleContinuityEquation"	RelError: 1.28039e-04	AbsError: 1.28423e-04
      Equation: "PotentialEquation"	RelError: 3.02386e-06	AbsError: 3.31414e-06
    Region: "oxide"	RelError: 1.45514e-02	AbsError: 1.55563e-02
      Equation: "PotentialEquation"	RelError: 1.45514e-02	AbsError: 1.55563e-02
Iteration: 1
  Device: "mos2d"	RelError: 3.07860e-01	AbsError: 1.47497e+14
    Region: "bulk"	RelError: 3.07833e-01	AbsError: 1.47497e+14
      Equation: "ElectronContinuityEquation"	RelError: 7.53846e-02	AbsError: 1.06587e+14
      Equation: "HoleContinuityEquation"	RelError: 1.97059e-01	AbsError: 4.09104e+13
      Equation: "PotentialEquation"	RelError: 3.53899e-02	AbsError: 5.71127e-05
    Region: "gate"	RelError: 7.36157e-08	AbsError: 3.64038e+12
      Equation: "ElectronContinuityEquation"	RelError: 3.66691e-08	AbsError: 3.64038e+12
      Equation: "HoleContinuityEquation"	RelError: 3.60872e-08	AbsError: 3.63502e-08
      Equation: "PotentialEquation"	RelError: 8.59330e-10	AbsError: 9.41729e-10
    Region: "oxide"	RelError: 2.70139e-05	AbsError: 4.61456e-06
      Equation: "PotentialEquation"	RelError: 2.70139e-05	AbsError: 4.61456e-06
Iteration: 2
  Device: "mos2d"	RelError: 2.87880e-03	AbsError: 1.68692e+10
    Region: "bulk"	RelError: 2.87880e-03	AbsError: 1.68692e+10
      Equation: "ElectronContinuityEquation"	RelError: 2.41237e-03	AbsError: 3.54619e+09
      Equation: "HoleContinuityEquation"	RelError: 4.61715e-04	AbsError: 1.33230e+10
      Equation: "PotentialEquation"	RelError: 4.71226e-06	AbsError: 1.25403e-08
    Region: "gate"	RelError: 1.59592e-12	AbsError: 7.81934e+07
      Equation: "ElectronContinuityEquation"	RelError: 7.88736e-13	AbsError: 7.81934e+07
      Equation: "HoleContinuityEquation"	RelError: 7.88600e-13	AbsError: 7.95459e-13
      Equation: "PotentialEquation"	RelError: 1.85822e-14	AbsError: 2.03633e-14
    Region: "oxide"	RelError: 1.25946e-09	AbsError: 1.03094e-10
      Equation: "PotentialEquation"	RelError: 1.25946e-09	AbsError: 1.03094e-10
Iteration: 3
  Device: "mos2d"	RelError: 8.64186e-08	AbsError: 8.30287e+03
    Region: "bulk"	RelError: 8.64186e-08	AbsError: 2.41518e+03
      Equation: "ElectronContinuityEquation"	RelError: 8.26204e-08	AbsError: 9.94592e+02
      Equation: "HoleContinuityEquation"	RelError: 3.79788e-09	AbsError: 1.42059e+03
      Equation: "PotentialEquation"	RelError: 2.40844e-13	AbsError: 1.38566e-15
    Region: "gate"	RelError: 4.48652e-16	AbsError: 8.30287e+03
      Equation: "ElectronContinuityEquation"	RelError: 8.37352e-17	AbsError: 8.30287e+03
      Equation: "HoleContinuityEquation"	RelError: 2.62868e-16	AbsError: 2.64995e-16
      Equation: "PotentialEquation"	RelError: 1.02049e-16	AbsError: 1.11853e-16
    Region: "oxide"	RelError: 2.22824e-16	AbsError: 9.90028e-17
      Equation: "PotentialEquation"	RelError: 2.22824e-16	AbsError: 9.90028e-17
Succeeded
IVPOINT	IDVD_VG1P0	5.00000000e-01	7.40000000e-01	1.03822512e-08
drain last end 7.400000e-01 2.000000e+00
number of equations 5550
Iteration: 0
  Device: "mos2d"	RelError: 3.66597e+00	AbsError: 2.47307e+16
    Region: "bulk"	RelError: 3.65137e+00	AbsError: 2.47307e+16
      Equation: "ElectronContinuityEquation"	RelError: 5.19517e-01	AbsError: 2.27786e+16
      Equation: "HoleContinuityEquation"	RelError: 1.08174e+00	AbsError: 1.95206e+15
      Equation: "PotentialEquation"	RelError: 2.05011e+00	AbsError: 2.00000e-02
    Region: "gate"	RelError: 2.59043e-04	AbsError: 1.27627e+16
      Equation: "ElectronContinuityEquation"	RelError: 1.27994e-04	AbsError: 1.27627e+16
      Equation: "HoleContinuityEquation"	RelError: 1.28026e-04	AbsError: 1.28394e-04
      Equation: "PotentialEquation"	RelError: 3.02356e-06	AbsError: 3.31382e-06
    Region: "oxide"	RelError: 1.43378e-02	AbsError: 1.55509e-02
      Equation: "PotentialEquation"	RelError: 1.43378e-02	AbsError: 1.55509e-02
Iteration: 1
  Device: "mos2d"	RelError: 2.74597e-01	AbsError: 1.38734e+14
    Region: "bulk"	RelError: 2.74571e-01	AbsError: 1.38734e+14
      Equation: "ElectronContinuityEquation"	RelError: 7.47794e-02	AbsError: 9.84994e+13
      Equation: "HoleContinuityEquation"	RelError: 1.94949e-01	AbsError: 4.02343e+13
      Equation: "PotentialEquation"	RelError: 4.84225e-03	AbsError: 5.40551e-05
    Region: "gate"	RelError: 7.33600e-08	AbsError: 3.62810e+12
      Equation: "ElectronContinuityEquation"	RelError: 3.65445e-08	AbsError: 3.62810e+12
      Equation: "HoleContinuityEquation"	RelError: 3.59591e-08	AbsError: 3.62203e-08
      Equation: "PotentialEquation"	RelError: 8.56345e-10	AbsError: 9.38458e-10
    Region: "oxide"	RelError: 2.67043e-05	AbsError: 4.59735e-06
      Equation: "PotentialEquation"	RelError: 2.67043e-05	AbsError: 4.59735e-06
Iteration: 2
  Device: "mos2d"	RelError: 2.53052e-03	AbsError: 1.40072e+10
    Region: "bulk"	RelError: 2.53052e-03	AbsError: 1.40072e+10
      Equation: "ElectronContinuityEquation"	RelError: 2.04944e-03	AbsError: 3.06075e+09
      Equation: "HoleContinuityEquation"	RelError: 4.80459e-04	AbsError: 1.09464e+10
      Equation: "PotentialEquation"	RelError: 6.24995e-07	AbsError: 1.03492e-08
    Region: "gate"	RelError: 1.54435e-12	AbsError: 7.56680e+07
      Equation: "ElectronContinuityEquation"	RelError: 7.63260e-13	AbsError: 7.56680e+07
      Equation: "HoleContinuityEquation"	RelError: 7.63051e-13	AbsError: 7.69686e-13
      Equation: "PotentialEquation"	RelError: 1.80413e-14	AbsError: 1.97721e-14
    Region: "oxide"	RelError: 1.21697e-09	AbsError: 1.07257e-10
      Equation: "PotentialEquation"	RelError: 1.21697e-09	AbsError: 1.07257e-10
Iteration: 3
  Device: "mos2d"	RelError: 2.49484e-07	AbsError: 7.96671e+03
    Region: "bulk"	RelError: 2.49484e-07	AbsError: 2.28135e+03
      Equation: "ElectronContinuityEquation"	RelError: 2.38957e-07	AbsError: 1.33115e+03
      Equation: "HoleContinuityEquation"	RelError: 1.05266e-08	AbsError: 9.50201e+02
      Equation: "PotentialEquation"	RelError: 3.46989e-13	AbsError: 9.41116e-16
    Region: "gate"	RelError: 3.83553e-16	AbsError: 7.96671e+03
      Equation: "ElectronContinuityEquation"	RelError: 8.03495e-17	AbsError: 7.96671e+03
      Equation: "HoleContinuityEquation"	RelError: 2.01857e-16	AbsError: 2.03597e-16
      Equation: "PotentialEquation"	RelError: 1.01346e-16	AbsError: 1.11083e-16
    Region: "oxide"	RelError: 7.49548e-16	AbsError: 1.03234e-16
      Equation: "PotentialEquation"	RelError: 7.49548e-16	AbsError: 1.03234e-16
Succeeded
IVPOINT	IDVD_VG1P0	5.00000000e-01	7.60000000e-01	1.05192976e-08
drain last end 7.600000e-01 2.000000e+00
number of equations 5550
Iteration: 0
  Device: "mos2d"	RelError: 1.31809e+01	AbsError: 2.46736e+16
    Region: "bulk"	RelError: 1.31665e+01	AbsError: 2.46736e+16
      Equation: "ElectronContinuityEquation"	RelError: 5.13544e-01	AbsError: 2.27540e+16
      Equation: "HoleContinuityEquation"	RelError: 1.06011e+00	AbsError: 1.91963e+15
      Equation: "PotentialEquation"	RelError: 1.15929e+01	AbsError: 2.00000e-02
    Region: "gate"	RelError: 2.59027e-04	AbsError: 1.27635e+16
      Equation: "ElectronContinuityEquation"	RelError: 1.27985e-04	AbsError: 1.27635e+16
      Equation: "HoleContinuityEquation"	RelError: 1.28018e-04	AbsError: 1.28370e-04
      Equation: "PotentialEquation"	RelError: 3.02335e-06	AbsError: 3.31361e-06
    Region: "oxide"	RelError: 1.41310e-02	AbsError: 1.55462e-02
      Equation: "PotentialEquation"	RelError: 1.41310e-02	AbsError: 1.55462e-02
Iteration: 1
  Device: "mos2d"	RelError: 2.87443e-01	AbsError: 1.31873e+14
    Region: "bulk"	RelError: 2.87417e-01	AbsError: 1.31873e+14
      Equation: "ElectronContinuityEquation"	RelError: 7.39535e-02	AbsError: 9.08864e+13
      Equation: "HoleContinuityEquation"	RelError: 1.90667e-01	AbsError: 4.09865e+13
      Equation: "PotentialEquation"	RelError: 2.27964e-02	AbsError: 5.10605e-05
    Region: "gate"	RelError: 7.30812e-08	AbsError: 3.61468e+12
      Equation: "ElectronContinuityEquation"	RelError: 3.64085e-08	AbsError: 3.61468e+12
      Equation: "HoleContinuityEquation"	RelError: 3.58196e-08	AbsError: 3.60789e-08
      Equation: "PotentialEquation"	RelError: 8.53091e-10	AbsError: 9.34892e-10
    Region: "oxide"	RelError: 2.63948e-05	AbsError: 4.57855e-06
      Equation: "PotentialEquation"	RelError: 2.63948e-05	AbsError: 4.57855e-06
Iteration: 2
  Device: "mos2d"	RelError: 2.08343e-03	AbsError: 1.25555e+10
    Region: "bulk"	RelError: 2.08343e-03	AbsError: 1.25555e+10
      Equation: "ElectronContinuityEquation"	RelError: 1.60683e-03	AbsError: 2.63537e+09
      Equation: "HoleContinuityEquation"	RelError: 4.75435e-04	AbsError: 9.92012e+09
      Equation: "PotentialEquation"	RelError: 1.16615e-06	AbsError: 8.39806e-09
    Region: "gate"	RelError: 1.61346e-12	AbsError: 7.92576e+07
      Equation: "ElectronContinuityEquation"	RelError: 7.96788e-13	AbsError: 7.92576e+07
      Equation: "HoleContinuityEquation"	RelError: 7.97879e-13	AbsError: 8.02119e-13
      Equation: "PotentialEquation"	RelError: 1.87933e-14	AbsError: 2.05969e-14
    Region: "oxide"	RelError: 1.17617e-09	AbsError: 1.11517e-10
      Equation: "PotentialEquation"	RelError: 1.17617e-09	AbsError: 1.11517e-10
Iteration: 3
  Device: "mos2d"	RelError: 2.98163e-07	AbsError: 8.09761e+03
    Region: "bulk"	RelError: 2.98163e-07	AbsError: 1.91913e+03
      Equation: "ElectronContinuityEquation"	RelError: 2.93133e-07	AbsError: 1.25251e+03
      Equation: "HoleContinuityEquation"	RelError: 5.03068e-09	AbsError: 6.66620e+02
      Equation: "PotentialEquation"	RelError: 1.07216e-13	AbsError: 6.12017e-16
    Region: "gate"	RelError: 4.04746e-16	AbsError: 8.09761e+03
      Equation: "ElectronContinuityEquation"	RelError: 8.14064e-17	AbsError: 8.09761e+03
      Equation: "HoleContinuityEquation"	RelError: 2.21983e-16	AbsError: 2.23474e-16
      Equation: "PotentialEquation"	RelError: 1.01357e-16	AbsError: 1.11094e-16
    Region: "oxide"	RelError: 6.14045e-16	AbsError: 1.33704e-16
      Equation: "PotentialEquation"	RelError: 6.14045e-16	AbsError: 1.33704e-16
Succeeded
IVPOINT	IDVD_VG1P0	5.00000000e-01	7.80000000e-01	1.06576334e-08
drain last end 7.800000e-01 2.000000e+00
number of equations 5550
Iteration: 0
  Device: "mos2d"	RelError: 2.66449e+00	AbsError: 2.46099e+16
    Region: "bulk"	RelError: 2.65030e+00	AbsError: 2.46099e+16
      Equation: "ElectronContinuityEquation"	RelError: 5.05476e-01	AbsError: 2.27275e+16
      Equation: "HoleContinuityEquation"	RelError: 1.05310e+00	AbsError: 1.88234e+15
      Equation: "PotentialEquation"	RelError: 1.09172e+00	AbsError: 2.00000e-02
    Region: "gate"	RelError: 2.59018e-04	AbsError: 1.27647e+16
      Equation: "ElectronContinuityEquation"	RelError: 1.27981e-04	AbsError: 1.27647e+16
      Equation: "HoleContinuityEquation"	RelError: 1.28014e-04	AbsError: 1.28349e-04
      Equation: "PotentialEquation"	RelError: 3.02324e-06	AbsError: 3.31349e-06
    Region: "oxide"	RelError: 1.39306e-02	AbsError: 1.55422e-02
      Equation: "PotentialEquation"	RelError: 1.39306e-02	AbsError: 1.55422e-02
Iteration: 1
  Device: "mos2d"	RelError: 2.63121e-01	AbsError: 1.25122e+14
    Region: "bulk"	RelError: 2.63095e-01	AbsError: 1.25122e+14
      Equation: "ElectronContinuityEquation"	RelError: 7.28363e-02	AbsError: 8.37448e+13
      Equation: "HoleContinuityEquation"	RelError: 1.87399e-01	AbsError: 4.13767e+13
      Equation: "PotentialEquation"	RelError: 2.86009e-03	AbsError: 4.82133e-05
    Region: "gate"	RelError: 7.27809e-08	AbsError: 3.60021e+12
      Equation: "ElectronContinuityEquation"	RelError: 3.62619e-08	AbsError: 3.60021e+12
      Equation: "HoleContinuityEquation"	RelError: 3.56695e-08	AbsError: 3.59268e-08
      Equation: "PotentialEquation"	RelError: 8.49585e-10	AbsError: 9.31051e-10
    Region: "oxide"	RelError: 2.60857e-05	AbsError: 4.55839e-06
      Equation: "PotentialEquation"	RelError: 2.60857e-05	AbsError: 4.55839e-06
Iteration: 2
  Device: "mos2d"	RelError: 1.61500e-03	AbsError: 1.24761e+10
    Region: "bulk"	RelError: 1.61500e-03	AbsError: 1.24761e+10
      Equation: "ElectronContinuityEquation"	RelError: 1.16966e-03	AbsError: 2.29028e+09
      Equation: "HoleContinuityEquation"	RelError: 4.44995e-04	AbsError: 1.01859e+10
      Equation: "PotentialEquation"	RelError: 3.44104e-07	AbsError: 7.55935e-09
    Region: "gate"	RelError: 1.70356e-12	AbsError: 8.38322e+07
      Equation: "ElectronContinuityEquation"	RelError: 8.41618e-13	AbsError: 8.38322e+07
      Equation: "HoleContinuityEquation"	RelError: 8.42077e-13	AbsError: 8.45387e-13
      Equation: "PotentialEquation"	RelError: 1.98683e-14	AbsError: 2.17751e-14
    Region: "oxide"	RelError: 1.13755e-09	AbsError: 1.15779e-10
      Equation: "PotentialEquation"	RelError: 1.13755e-09	AbsError: 1.15779e-10
Iteration: 3
  Device: "mos2d"	RelError: 1.22118e-07	AbsError: 8.07009e+03
    Region: "bulk"	RelError: 1.22118e-07	AbsError: 1.62945e+03
      Equation: "ElectronContinuityEquation"	RelError: 1.18264e-07	AbsError: 1.08904e+03
      Equation: "HoleContinuityEquation"	RelError: 3.85329e-09	AbsError: 5.40408e+02
      Equation: "PotentialEquation"	RelError: 9.04980e-14	AbsError: 4.67882e-16
    Region: "gate"	RelError: 3.42294e-16	AbsError: 8.07009e+03
      Equation: "ElectronContinuityEquation"	RelError: 8.13874e-17	AbsError: 8.07009e+03
      Equation: "HoleContinuityEquation"	RelError: 1.59616e-16	AbsError: 1.60033e-16
      Equation: "PotentialEquation"	RelError: 1.01291e-16	AbsError: 1.11022e-16
    Region: "oxide"	RelError: 6.66742e-16	AbsError: 1.14522e-16
      Equation: "PotentialEquation"	RelError: 6.66742e-16	AbsError: 1.14522e-16
Succeeded
IVPOINT	IDVD_VG1P0	5.00000000e-01	8.00000000e-01	1.07972429e-08
drain last end 8.000000e-01 2.000000e+00
number of equations 5550
Iteration: 0
  Device: "mos2d"	RelError: 1.66859e+01	AbsError: 2.45953e+16
    Region: "bulk"	RelError: 1.66719e+01	AbsError: 2.45953e+16
      Equation: "ElectronContinuityEquation"	RelError: 4.94687e-01	AbsError: 2.26994e+16
      Equation: "HoleContinuityEquation"	RelError: 1.04463e+00	AbsError: 1.89585e+15
      Equation: "PotentialEquation"	RelError: 1.51326e+01	AbsError: 2.00000e-02
    Region: "gate"	RelError: 2.59015e-04	AbsError: 1.27662e+16
      Equation: "ElectronContinuityEquation"	RelError: 1.27979e-04	AbsError: 1.27662e+16
      Equation: "HoleContinuityEquation"	RelError: 1.28012e-04	AbsError: 1.28331e-04
      Equation: "PotentialEquation"	RelError: 3.02320e-06	AbsError: 3.31345e-06
    Region: "oxide"	RelError: 1.37362e-02	AbsError: 1.55388e-02
      Equation: "PotentialEquation"	RelError: 1.37362e-02	AbsError: 1.55388e-02
Iteration: 1
  Device: "mos2d"	RelError: 3.04138e-01	AbsError: 1.18470e+14
    Region: "bulk"	RelError: 3.04112e-01	AbsError: 1.18470e+14
      Equation: "ElectronContinuityEquation"	RelError: 7.13399e-02	AbsError: 7.70661e+13
      Equation: "HoleContinuityEquation"	RelError: 1.86297e-01	AbsError: 4.14041e+13
      Equation: "PotentialEquation"	RelError: 4.64755e-02	AbsError: 4.68014e-05
    Region: "gate"	RelError: 7.24599e-08	AbsError: 3.58472e+12
      Equation: "ElectronContinuityEquation"	RelError: 3.61050e-08	AbsError: 3.58472e+12
      Equation: "HoleContinuityEquation"	RelError: 3.55091e-08	AbsError: 3.57644e-08
      Equation: "PotentialEquation"	RelError: 8.45837e-10	AbsError: 9.26943e-10
    Region: "oxide"	RelError: 2.57769e-05	AbsError: 4.53690e-06
      Equation: "PotentialEquation"	RelError: 2.57769e-05	AbsError: 4.53690e-06
Iteration: 2
  Device: "mos2d"	RelError: 1.78304e-03	AbsError: 1.25030e+10
    Region: "bulk"	RelError: 1.78303e-03	AbsError: 1.25030e+10
      Equation: "ElectronContinuityEquation"	RelError: 1.38342e-03	AbsError: 2.16413e+09
      Equation: "HoleContinuityEquation"	RelError: 3.94637e-04	AbsError: 1.03389e+10
      Equation: "PotentialEquation"	RelError: 4.97744e-06	AbsError: 7.10940e-09
    Region: "gate"	RelError: 1.79208e-12	AbsError: 8.81930e+07
      Equation: "ElectronContinuityEquation"	RelError: 8.85330e-13	AbsError: 8.81930e+07
      Equation: "HoleContinuityEquation"	RelError: 8.85762e-13	AbsError: 8.89177e-13
      Equation: "PotentialEquation"	RelError: 2.09881e-14	AbsError: 2.30024e-14
    Region: "oxide"	RelError: 1.10155e-09	AbsError: 1.19926e-10
      Equation: "PotentialEquation"	RelError: 1.10155e-09	AbsError: 1.19926e-10
Iteration: 3
  Device: "mos2d"	RelError: 9.05553e-07	AbsError: 7.95534e+03
    Region: "bulk"	RelError: 9.05553e-07	AbsError: 1.82332e+03
      Equation: "ElectronContinuityEquation"	RelError: 8.95112e-07	AbsError: 1.25143e+03
      Equation: "HoleContinuityEquation"	RelError: 1.04404e-08	AbsError: 5.71893e+02
      Equation: "PotentialEquation"	RelError: 1.76508e-13	AbsError: 4.08662e-16
    Region: "gate"	RelError: 3.91125e-16	AbsError: 7.95534e+03
      Equation: "ElectronContinuityEquation"	RelError: 7.95537e-17	AbsError: 7.95534e+03
      Equation: "HoleContinuityEquation"	RelError: 2.10280e-16	AbsError: 2.11973e-16
      Equation: "PotentialEquation"	RelError: 1.01291e-16	AbsError: 1.11022e-16
    Region: "oxide"	RelError: 3.15583e-16	AbsError: 1.38585e-16
      Equation: "PotentialEquation"	RelError: 3.15583e-16	AbsError: 1.38585e-16
Succeeded
IVPOINT	IDVD_VG1P0	5.00000000e-01	8.20000000e-01	1.09374433e-08
drain last end 8.200000e-01 2.000000e+00
number of equations 5550
Iteration: 0
  Device: "mos2d"	RelError: 5.33873e+00	AbsError: 2.45754e+16
    Region: "bulk"	RelError: 5.32492e+00	AbsError: 2.45754e+16
      Equation: "ElectronContinuityEquation"	RelError: 4.83877e-01	AbsError: 2.26697e+16
      Equation: "HoleContinuityEquation"	RelError: 1.03129e+00	AbsError: 1.90571e+15
      Equation: "PotentialEquation"	RelError: 3.80976e+00	AbsError: 2.00000e-02
    Region: "gate"	RelError: 2.59018e-04	AbsError: 1.27680e+16
      Equation: "ElectronContinuityEquation"	RelError: 1.27981e-04	AbsError: 1.27680e+16
      Equation: "HoleContinuityEquation"	RelError: 1.28014e-04	AbsError: 1.28316e-04
      Equation: "PotentialEquation"	RelError: 3.02322e-06	AbsError: 3.31349e-06
    Region: "oxide"	RelError: 1.35476e-02	AbsError: 1.55359e-02
      Equation: "PotentialEquation"	RelError: 1.35476e-02	AbsError: 1.55359e-02
Iteration: 1
  Device: "mos2d"	RelError: 2.62646e-01	AbsError: 1.11914e+14
    Region: "bulk"	RelError: 2.62621e-01	AbsError: 1.11914e+14
      Equation: "ElectronContinuityEquation"	RelError: 6.93603e-02	AbsError: 7.08376e+13
      Equation: "HoleContinuityEquation"	RelError: 1.84044e-01	AbsError: 4.10759e+13
      Equation: "PotentialEquation"	RelError: 9.21616e-03	AbsError: 4.68978e-05
    Region: "gate"	RelError: 7.21182e-08	AbsError: 3.56822e+12
      Equation: "ElectronContinuityEquation"	RelError: 3.59379e-08	AbsError: 3.56822e+12
      Equation: "HoleContinuityEquation"	RelError: 3.53385e-08	AbsError: 3.55917e-08
      Equation: "PotentialEquation"	RelError: 8.41848e-10	AbsError: 9.22572e-10
    Region: "oxide"	RelError: 2.54681e-05	AbsError: 4.51397e-06
      Equation: "PotentialEquation"	RelError: 2.54681e-05	AbsError: 4.51397e-06
Iteration: 2
  Device: "mos2d"	RelError: 1.94433e-03	AbsError: 1.23439e+10
    Region: "bulk"	RelError: 1.94433e-03	AbsError: 1.23439e+10
      Equation: "ElectronContinuityEquation"	RelError: 1.60898e-03	AbsError: 2.06418e+09
      Equation: "HoleContinuityEquation"	RelError: 3.34499e-04	AbsError: 1.02797e+10
      Equation: "PotentialEquation"	RelError: 8.56636e-07	AbsError: 7.08565e-09
    Region: "gate"	RelError: 1.87253e-12	AbsError: 9.21595e+07
      Equation: "ElectronContinuityEquation"	RelError: 9.25077e-13	AbsError: 9.21595e+07
      Equation: "HoleContinuityEquation"	RelError: 9.25684e-13	AbsError: 9.29182e-13
      Equation: "PotentialEquation"	RelError: 2.17718e-14	AbsError: 2.38614e-14
    Region: "oxide"	RelError: 1.06844e-09	AbsError: 1.23833e-10
      Equation: "PotentialEquation"	RelError: 1.06844e-09	AbsError: 1.23833e-10
Iteration: 3
  Device: "mos2d"	RelError: 2.18061e-08	AbsError: 8.12843e+03
    Region: "bulk"	RelError: 2.18061e-08	AbsError: 2.21522e+03
      Equation: "ElectronContinuityEquation"	RelError: 1.46583e-08	AbsError: 1.63217e+03
      Equation: "HoleContinuityEquation"	RelError: 7.14770e-09	AbsError: 5.83044e+02
      Equation: "PotentialEquation"	RelError: 2.26763e-14	AbsError: 4.08280e-16
    Region: "gate"	RelError: 4.00879e-16	AbsError: 8.12843e+03
      Equation: "ElectronContinuityEquation"	RelError: 8.19603e-17	AbsError: 8.12843e+03
      Equation: "HoleContinuityEquation"	RelError: 2.17628e-16	AbsError: 2.19457e-16
      Equation: "PotentialEquation"	RelError: 1.01291e-16	AbsError: 1.11022e-16
    Region: "oxide"	RelError: 2.30168e-16	AbsError: 1.05526e-16
      Equation: "PotentialEquation"	RelError: 2.30168e-16	AbsError: 1.05526e-16
Succeeded
IVPOINT	IDVD_VG1P0	5.00000000e-01	8.40000000e-01	1.10790954e-08
drain last end 8.400000e-01 2.000000e+00
number of equations 5550
Iteration: 0
  Device: "mos2d"	RelError: 6.99792e+00	AbsError: 2.45503e+16
    Region: "bulk"	RelError: 6.98430e+00	AbsError: 2.45503e+16
      Equation: "ElectronContinuityEquation"	RelError: 4.73681e-01	AbsError: 2.26386e+16
      Equation: "HoleContinuityEquation"	RelError: 1.01197e+00	AbsError: 1.91168e+15
      Equation: "PotentialEquation"	RelError: 5.49865e+00	AbsError: 2.00000e-02
    Region: "gate"	RelError: 2.59026e-04	AbsError: 1.27700e+16
      Equation: "ElectronContinuityEquation"	RelError: 1.27985e-04	AbsError: 1.27700e+16
      Equation: "HoleContinuityEquation"	RelError: 1.28018e-04	AbsError: 1.28303e-04
      Equation: "PotentialEquation"	RelError: 3.02331e-06	AbsError: 3.31359e-06
    Region: "oxide"	RelError: 1.33644e-02	AbsError: 1.55334e-02
      Equation: "PotentialEquation"	RelError: 1.33644e-02	AbsError: 1.55334e-02
Iteration: 1
  Device: "mos2d"	RelError: 2.63097e-01	AbsError: 1.05452e+14
    Region: "bulk"	RelError: 2.63072e-01	AbsError: 1.05452e+14
      Equation: "ElectronContinuityEquation"	RelError: 6.69409e-02	AbsError: 6.50435e+13
      Equation: "HoleContinuityEquation"	RelError: 1.81242e-01	AbsError: 4.04080e+13
      Equation: "PotentialEquation"	RelError: 1.48884e-02	AbsError: 4.68734e-05
    Region: "gate"	RelError: 7.17555e-08	AbsError: 3.55068e+12
      Equation: "ElectronContinuityEquation"	RelError: 3.57604e-08	AbsError: 3.55068e+12
      Equation: "HoleContinuityEquation"	RelError: 3.51575e-08	AbsError: 3.54085e-08
      Equation: "PotentialEquation"	RelError: 8.37614e-10	AbsError: 9.17933e-10
    Region: "oxide"	RelError: 2.51592e-05	AbsError: 4.48979e-06
      Equation: "PotentialEquation"	RelError: 2.51592e-05	AbsError: 4.48979e-06
Iteration: 2
  Device: "mos2d"	RelError: 2.06098e-03	AbsError: 1.20097e+10
    Region: "bulk"	RelError: 2.06098e-03	AbsError: 1.20097e+10
      Equation: "ElectronContinuityEquation"	RelError: 1.78483e-03	AbsError: 1.98984e+09
      Equation: "HoleContinuityEquation"	RelError: 2.74737e-04	AbsError: 1.00199e+10
      Equation: "PotentialEquation"	RelError: 1.40599e-06	AbsError: 6.98187e-09
    Region: "gate"	RelError: 1.94333e-12	AbsError: 9.56602e+07
      Equation: "ElectronContinuityEquation"	RelError: 9.60143e-13	AbsError: 9.56602e+07
      Equation: "HoleContinuityEquation"	RelError: 9.60426e-13	AbsError: 9.63982e-13
      Equation: "PotentialEquation"	RelError: 2.27637e-14	AbsError: 2.49485e-14
    Region: "oxide"	RelError: 1.03834e-09	AbsError: 1.27366e-10
      Equation: "PotentialEquation"	RelError: 1.03834e-09	AbsError: 1.27366e-10
Iteration: 3
  Device: "mos2d"	RelError: 6.70080e-07	AbsError: 8.01625e+03
    Region: "bulk"	RelError: 6.70080e-07	AbsError: 1.99079e+03
      Equation: "ElectronContinuityEquation"	RelError: 6.53503e-07	AbsError: 1.42571e+03
      Equation: "HoleContinuityEquation"	RelError: 1.65771e-08	AbsError: 5.65083e+02
      Equation: "PotentialEquation"	RelError: 4.15464e-13	AbsError: 4.11527e-16
    Region: "gate"	RelError: 4.57160e-16	AbsError: 8.01625e+03
      Equation: "ElectronContinuityEquation"	RelError: 8.01625e-17	AbsError: 8.01625e+03
      Equation: "HoleContinuityEquation"	RelError: 2.75706e-16	AbsError: 2.78051e-16
      Equation: "PotentialEquation"	RelError: 1.01291e-16	AbsError: 1.11022e-16
    Region: "oxide"	RelError: 5.70635e-16	AbsError: 1.28494e-16
      Equation: "PotentialEquation"	RelError: 5.70635e-16	AbsError: 1.28494e-16
Succeeded
IVPOINT	IDVD_VG1P0	5.00000000e-01	8.60000000e-01	1.12217469e-08
drain last end 8.600000e-01 2.000000e+00
number of equations 5550
Iteration: 0
  Device: "mos2d"	RelError: 3.83180e+00	AbsError: 2.45197e+16
    Region: "bulk"	RelError: 3.81835e+00	AbsError: 2.45197e+16
      Equation: "ElectronContinuityEquation"	RelError: 4.62873e-01	AbsError: 2.26062e+16
      Equation: "HoleContinuityEquation"	RelError: 9.77976e-01	AbsError: 1.91352e+15
      Equation: "PotentialEquation"	RelError: 2.37750e+00	AbsError: 2.00000e-02
    Region: "gate"	RelError: 2.59038e-04	AbsError: 1.27722e+16
      Equation: "ElectronContinuityEquation"	RelError: 1.27991e-04	AbsError: 1.27722e+16
      Equation: "HoleContinuityEquation"	RelError: 1.28024e-04	AbsError: 1.28293e-04
      Equation: "PotentialEquation"	RelError: 3.02344e-06	AbsError: 3.31375e-06
    Region: "oxide"	RelError: 1.31864e-02	AbsError: 1.55313e-02
      Equation: "PotentialEquation"	RelError: 1.31864e-02	AbsError: 1.55313e-02
Iteration: 1
  Device: "mos2d"	RelError: 2.47302e-01	AbsError: 9.90902e+13
    Region: "bulk"	RelError: 2.47277e-01	AbsError: 9.90902e+13
      Equation: "ElectronContinuityEquation"	RelError: 6.51117e-02	AbsError: 5.96658e+13
      Equation: "HoleContinuityEquation"	RelError: 1.76513e-01	AbsError: 3.94244e+13
      Equation: "PotentialEquation"	RelError: 5.65193e-03	AbsError: 4.67375e-05
    Region: "gate"	RelError: 7.13711e-08	AbsError: 3.53209e+12
      Equation: "ElectronContinuityEquation"	RelError: 3.55722e-08	AbsError: 3.53209e+12
      Equation: "HoleContinuityEquation"	RelError: 3.49658e-08	AbsError: 3.52146e-08
      Equation: "PotentialEquation"	RelError: 8.33126e-10	AbsError: 9.13016e-10
    Region: "oxide"	RelError: 2.48499e-05	AbsError: 4.46406e-06
      Equation: "PotentialEquation"	RelError: 2.48499e-05	AbsError: 4.46406e-06
Iteration: 2
  Device: "mos2d"	RelError: 2.09286e-03	AbsError: 1.15199e+10
    Region: "bulk"	RelError: 2.09286e-03	AbsError: 1.15199e+10
      Equation: "ElectronContinuityEquation"	RelError: 1.87036e-03	AbsError: 1.93966e+09
      Equation: "HoleContinuityEquation"	RelError: 2.21985e-04	AbsError: 9.58027e+09
      Equation: "PotentialEquation"	RelError: 5.13756e-07	AbsError: 6.81115e-09
    Region: "gate"	RelError: 2.00310e-12	AbsError: 9.86069e+07
      Equation: "ElectronContinuityEquation"	RelError: 9.89644e-13	AbsError: 9.86069e+07
      Equation: "HoleContinuityEquation"	RelError: 9.90038e-13	AbsError: 9.93628e-13
      Equation: "PotentialEquation"	RelError: 2.34178e-14	AbsError: 2.56654e-14
    Region: "oxide"	RelError: 1.01122e-09	AbsError: 1.30391e-10
      Equation: "PotentialEquation"	RelError: 1.01122e-09	AbsError: 1.30391e-10
Iteration: 3
  Device: "mos2d"	RelError: 7.93761e-08	AbsError: 8.20429e+03
    Region: "bulk"	RelError: 7.93761e-08	AbsError: 1.86608e+03
      Equation: "ElectronContinuityEquation"	RelError: 7.28882e-08	AbsError: 1.34746e+03
      Equation: "HoleContinuityEquation"	RelError: 6.48794e-09	AbsError: 5.18616e+02
      Equation: "PotentialEquation"	RelError: 1.51469e-14	AbsError: 3.82610e-16
    Region: "gate"	RelError: 4.32049e-16	AbsError: 8.20429e+03
      Equation: "ElectronContinuityEquation"	RelError: 8.27324e-17	AbsError: 8.20429e+03
      Equation: "HoleContinuityEquation"	RelError: 2.48026e-16	AbsError: 2.48548e-16
      Equation: "PotentialEquation"	RelError: 1.01291e-16	AbsError: 1.11022e-16
    Region: "oxide"	RelError: 3.30650e-16	AbsError: 1.06293e-16
      Equation: "PotentialEquation"	RelError: 3.30650e-16	AbsError: 1.06293e-16
Succeeded
IVPOINT	IDVD_VG1P0	5.00000000e-01	8.80000000e-01	1.13659732e-08
drain last end 8.800000e-01 2.000000e+00
number of equations 5550
Iteration: 0
  Device: "mos2d"	RelError: 4.68143e+00	AbsError: 2.44836e+16
    Region: "bulk"	RelError: 4.66815e+00	AbsError: 2.44836e+16
      Equation: "ElectronContinuityEquation"	RelError: 4.53138e-01	AbsError: 2.25726e+16
      Equation: "HoleContinuityEquation"	RelError: 9.36424e-01	AbsError: 1.91099e+15
      Equation: "PotentialEquation"	RelError: 3.27859e+00	AbsError: 2.00000e-02
    Region: "gate"	RelError: 2.59054e-04	AbsError: 1.27747e+16
      Equation: "ElectronContinuityEquation"	RelError: 1.27999e-04	AbsError: 1.27747e+16
      Equation: "HoleContinuityEquation"	RelError: 1.28032e-04	AbsError: 1.28285e-04
      Equation: "PotentialEquation"	RelError: 3.02362e-06	AbsError: 3.31396e-06
    Region: "oxide"	RelError: 1.30134e-02	AbsError: 1.55296e-02
      Equation: "PotentialEquation"	RelError: 1.30134e-02	AbsError: 1.55296e-02
Iteration: 1
  Device: "mos2d"	RelError: 2.39790e-01	AbsError: 9.28405e+13
    Region: "bulk"	RelError: 2.39765e-01	AbsError: 9.28405e+13
      Equation: "ElectronContinuityEquation"	RelError: 6.27523e-02	AbsError: 5.46847e+13
      Equation: "HoleContinuityEquation"	RelError: 1.68529e-01	AbsError: 3.81558e+13
      Equation: "PotentialEquation"	RelError: 8.48400e-03	AbsError: 4.65022e-05
    Region: "gate"	RelError: 7.09643e-08	AbsError: 3.51238e+12
      Equation: "ElectronContinuityEquation"	RelError: 3.53729e-08	AbsError: 3.51238e+12
      Equation: "HoleContinuityEquation"	RelError: 3.47630e-08	AbsError: 3.50095e-08
      Equation: "PotentialEquation"	RelError: 8.28376e-10	AbsError: 9.07811e-10
    Region: "oxide"	RelError: 2.45399e-05	AbsError: 4.43670e-06
      Equation: "PotentialEquation"	RelError: 2.45399e-05	AbsError: 4.43670e-06
Iteration: 2
  Device: "mos2d"	RelError: 2.02107e-03	AbsError: 1.09009e+10
    Region: "bulk"	RelError: 2.02107e-03	AbsError: 1.09009e+10
      Equation: "ElectronContinuityEquation"	RelError: 1.83629e-03	AbsError: 1.91174e+09
      Equation: "HoleContinuityEquation"	RelError: 1.83921e-04	AbsError: 8.98918e+09
      Equation: "PotentialEquation"	RelError: 8.60560e-07	AbsError: 6.59041e-09
    Region: "gate"	RelError: 2.05077e-12	AbsError: 1.00969e+08
      Equation: "ElectronContinuityEquation"	RelError: 1.01328e-12	AbsError: 1.00969e+08
      Equation: "HoleContinuityEquation"	RelError: 1.01351e-12	AbsError: 1.01711e-12
      Equation: "PotentialEquation"	RelError: 2.39808e-14	AbsError: 2.62826e-14
    Region: "oxide"	RelError: 9.86877e-10	AbsError: 1.32783e-10
      Equation: "PotentialEquation"	RelError: 9.86877e-10	AbsError: 1.32783e-10
Iteration: 3
  Device: "mos2d"	RelError: 9.74829e-07	AbsError: 8.14143e+03
    Region: "bulk"	RelError: 9.74829e-07	AbsError: 2.11276e+03
      Equation: "ElectronContinuityEquation"	RelError: 9.69595e-07	AbsError: 1.64195e+03
      Equation: "HoleContinuityEquation"	RelError: 5.23405e-09	AbsError: 4.70810e+02
      Equation: "PotentialEquation"	RelError: 2.70281e-14	AbsError: 3.37983e-16
    Region: "gate"	RelError: 3.79982e-16	AbsError: 8.14143e+03
      Equation: "ElectronContinuityEquation"	RelError: 8.14147e-17	AbsError: 8.14143e+03
      Equation: "HoleContinuityEquation"	RelError: 1.97276e-16	AbsError: 1.97976e-16
      Equation: "PotentialEquation"	RelError: 1.01291e-16	AbsError: 1.11022e-16
    Region: "oxide"	RelError: 2.19105e-16	AbsError: 1.03457e-16
      Equation: "PotentialEquation"	RelError: 2.19105e-16	AbsError: 1.03457e-16
Succeeded
IVPOINT	IDVD_VG1P0	5.00000000e-01	9.00000000e-01	1.15106065e-08
drain last end 9.000000e-01 2.000000e+00
number of equations 5550
Iteration: 0
  Device: "mos2d"	RelError: 2.80645e+00	AbsError: 2.44417e+16
    Region: "bulk"	RelError: 2.79335e+00	AbsError: 2.44417e+16
      Equation: "ElectronContinuityEquation"	RelError: 4.44801e-01	AbsError: 2.25378e+16
      Equation: "HoleContinuityEquation"	RelError: 9.18131e-01	AbsError: 1.90386e+15
      Equation: "PotentialEquation"	RelError: 1.43041e+00	AbsError: 2.00000e-02
    Region: "gate"	RelError: 2.59074e-04	AbsError: 1.27773e+16
      Equation: "ElectronContinuityEquation"	RelError: 1.28009e-04	AbsError: 1.27773e+16
      Equation: "HoleContinuityEquation"	RelError: 1.28041e-04	AbsError: 1.28278e-04
      Equation: "PotentialEquation"	RelError: 3.02384e-06	AbsError: 3.31421e-06
    Region: "oxide"	RelError: 1.28451e-02	AbsError: 1.55282e-02
      Equation: "PotentialEquation"	RelError: 1.28451e-02	AbsError: 1.55282e-02
Iteration: 1
  Device: "mos2d"	RelError: 2.26467e-01	AbsError: 8.67186e+13
    Region: "bulk"	RelError: 2.26442e-01	AbsError: 8.67186e+13
      Equation: "ElectronContinuityEquation"	RelError: 6.10085e-02	AbsError: 5.00795e+13
      Equation: "HoleContinuityEquation"	RelError: 1.61834e-01	AbsError: 3.66392e+13
      Equation: "PotentialEquation"	RelError: 3.59954e-03	AbsError: 4.61937e-05
    Region: "gate"	RelError: 7.05339e-08	AbsError: 3.49152e+12
      Equation: "ElectronContinuityEquation"	RelError: 3.51620e-08	AbsError: 3.49152e+12
      Equation: "HoleContinuityEquation"	RelError: 3.45486e-08	AbsError: 3.47927e-08
      Equation: "PotentialEquation"	RelError: 8.23353e-10	AbsError: 9.02306e-10
    Region: "oxide"	RelError: 2.42288e-05	AbsError: 4.40765e-06
      Equation: "PotentialEquation"	RelError: 2.42288e-05	AbsError: 4.40765e-06
Iteration: 2
  Device: "mos2d"	RelError: 1.85955e-03	AbsError: 1.01843e+10
    Region: "bulk"	RelError: 1.85955e-03	AbsError: 1.01843e+10
      Equation: "ElectronContinuityEquation"	RelError: 1.67808e-03	AbsError: 1.90390e+09
      Equation: "HoleContinuityEquation"	RelError: 1.81101e-04	AbsError: 8.28040e+09
      Equation: "PotentialEquation"	RelError: 3.71009e-07	AbsError: 6.93270e-09
    Region: "gate"	RelError: 2.08476e-12	AbsError: 1.02649e+08
      Equation: "ElectronContinuityEquation"	RelError: 1.03005e-12	AbsError: 1.02649e+08
      Equation: "HoleContinuityEquation"	RelError: 1.03045e-12	AbsError: 1.03403e-12
      Equation: "PotentialEquation"	RelError: 2.42533e-14	AbsError: 2.65812e-14
    Region: "oxide"	RelError: 9.64998e-10	AbsError: 1.34428e-10
      Equation: "PotentialEquation"	RelError: 9.64998e-10	AbsError: 1.34428e-10
Iteration: 3
  Device: "mos2d"	RelError: 1.05968e-07	AbsError: 8.02385e+03
    Region: "bulk"	RelError: 1.05968e-07	AbsError: 1.51171e+03
      Equation: "ElectronContinuityEquation"	RelError: 9.77386e-08	AbsError: 1.10864e+03
      Equation: "HoleContinuityEquation"	RelError: 8.22896e-09	AbsError: 4.03066e+02
      Equation: "PotentialEquation"	RelError: 6.62411e-14	AbsError: 2.86590e-16
    Region: "gate"	RelError: 3.68924e-16	AbsError: 8.02385e+03
      Equation: "ElectronContinuityEquation"	RelError: 8.02385e-17	AbsError: 8.02385e+03
      Equation: "HoleContinuityEquation"	RelError: 1.87217e-16	AbsError: 1.88744e-16
      Equation: "PotentialEquation"	RelError: 1.01468e-16	AbsError: 1.11216e-16
    Region: "oxide"	RelError: 6.65899e-16	AbsError: 1.36853e-16
      Equation: "PotentialEquation"	RelError: 6.65899e-16	AbsError: 1.36853e-16
Succeeded
IVPOINT	IDVD_VG1P0	5.00000000e-01	9.20000000e-01	1.16567209e-08
drain last end 9.200000e-01 2.000000e+00
number of equations 5550
Iteration: 0
  Device: "mos2d"	RelError: 5.35685e+01	AbsError: 2.43939e+16
    Region: "bulk"	RelError: 5.35556e+01	AbsError: 2.43939e+16
      Equation: "ElectronContinuityEquation"	RelError: 4.36150e-01	AbsError: 2.25020e+16
      Equation: "HoleContinuityEquation"	RelError: 8.87372e-01	AbsError: 1.89192e+15
      Equation: "PotentialEquation"	RelError: 5.22321e+01	AbsError: 2.00000e-02
    Region: "gate"	RelError: 2.59096e-04	AbsError: 1.27800e+16
      Equation: "ElectronContinuityEquation"	RelError: 1.28020e-04	AbsError: 1.27800e+16
      Equation: "HoleContinuityEquation"	RelError: 1.28052e-04	AbsError: 1.28272e-04
      Equation: "PotentialEquation"	RelError: 3.02409e-06	AbsError: 3.31449e-06
    Region: "oxide"	RelError: 1.26813e-02	AbsError: 1.55271e-02
      Equation: "PotentialEquation"	RelError: 1.26813e-02	AbsError: 1.55271e-02
Iteration: 1
  Device: "mos2d"	RelError: 3.46607e-01	AbsError: 8.22725e+13
    Region: "bulk"	RelError: 3.46583e-01	AbsError: 8.22725e+13
      Equation: "ElectronContinuityEquation"	RelError: 5.90569e-02	AbsError: 4.58288e+13
      Equation: "HoleContinuityEquation"	RelError: 1.57498e-01	AbsError: 3.64436e+13
      Equation: "PotentialEquation"	RelError: 1.30029e-01	AbsError: 4.72926e-05
    Region: "gate"	RelError: 7.00794e-08	AbsError: 3.46948e+12
      Equation: "ElectronContinuityEquation"	RelError: 3.49391e-08	AbsError: 3.46948e+12
      Equation: "HoleContinuityEquation"	RelError: 3.43223e-08	AbsError: 3.45640e-08
      Equation: "PotentialEquation"	RelError: 8.18046e-10	AbsError: 8.96491e-10
    Region: "oxide"	RelError: 2.39164e-05	AbsError: 4.37689e-06
      Equation: "PotentialEquation"	RelError: 2.39164e-05	AbsError: 4.37689e-06
Iteration: 2
  Device: "mos2d"	RelError: 1.60777e-03	AbsError: 1.08155e+10
    Region: "bulk"	RelError: 1.60776e-03	AbsError: 1.08155e+10
      Equation: "ElectronContinuityEquation"	RelError: 1.42119e-03	AbsError: 1.91384e+09
      Equation: "HoleContinuityEquation"	RelError: 1.86029e-04	AbsError: 8.90171e+09
      Equation: "PotentialEquation"	RelError: 5.48893e-07	AbsError: 7.63233e-09
    Region: "gate"	RelError: 2.10467e-12	AbsError: 1.03614e+08
      Equation: "ElectronContinuityEquation"	RelError: 1.03966e-12	AbsError: 1.03614e+08
      Equation: "HoleContinuityEquation"	RelError: 1.04036e-12	AbsError: 1.04390e-12
      Equation: "PotentialEquation"	RelError: 2.46448e-14	AbsError: 2.70104e-14
    Region: "oxide"	RelError: 9.45157e-10	AbsError: 1.35236e-10
      Equation: "PotentialEquation"	RelError: 9.45157e-10	AbsError: 1.35236e-10
Iteration: 3
  Device: "mos2d"	RelError: 1.26641e-07	AbsError: 8.16628e+03
    Region: "bulk"	RelError: 1.26641e-07	AbsError: 1.84389e+03
      Equation: "ElectronContinuityEquation"	RelError: 1.15537e-07	AbsError: 1.38526e+03
      Equation: "HoleContinuityEquation"	RelError: 1.11037e-08	AbsError: 4.58633e+02
      Equation: "PotentialEquation"	RelError: 3.11347e-14	AbsError: 3.64113e-16
    Region: "gate"	RelError: 5.26799e-16	AbsError: 8.16628e+03
      Equation: "ElectronContinuityEquation"	RelError: 8.16628e-17	AbsError: 8.16628e+03
      Equation: "HoleContinuityEquation"	RelError: 3.43826e-16	AbsError: 3.44417e-16
      Equation: "PotentialEquation"	RelError: 1.01310e-16	AbsError: 1.11044e-16
    Region: "oxide"	RelError: 6.37150e-16	AbsError: 1.65233e-16
      Equation: "PotentialEquation"	RelError: 6.37150e-16	AbsError: 1.65233e-16
Succeeded
IVPOINT	IDVD_VG1P0	5.00000000e-01	9.40000000e-01	1.18045674e-08
drain last end 9.400000e-01 2.000000e+00
number of equations 5550
Iteration: 0
  Device: "mos2d"	RelError: 4.30222e+00	AbsError: 2.43402e+16
    Region: "bulk"	RelError: 4.28944e+00	AbsError: 2.43402e+16
      Equation: "ElectronContinuityEquation"	RelError: 4.28570e-01	AbsError: 2.24653e+16
      Equation: "HoleContinuityEquation"	RelError: 8.57057e-01	AbsError: 1.87496e+15
      Equation: "PotentialEquation"	RelError: 3.00381e+00	AbsError: 2.00000e-02
    Region: "gate"	RelError: 2.59121e-04	AbsError: 1.27828e+16
      Equation: "ElectronContinuityEquation"	RelError: 1.28032e-04	AbsError: 1.27828e+16
      Equation: "HoleContinuityEquation"	RelError: 1.28065e-04	AbsError: 1.28268e-04
      Equation: "PotentialEquation"	RelError: 3.02437e-06	AbsError: 3.31481e-06
    Region: "oxide"	RelError: 1.25218e-02	AbsError: 1.55262e-02
      Equation: "PotentialEquation"	RelError: 1.25218e-02	AbsError: 1.55262e-02
Iteration: 1
  Device: "mos2d"	RelError: 2.15618e-01	AbsError: 7.95640e+13
    Region: "bulk"	RelError: 2.15594e-01	AbsError: 7.95640e+13
      Equation: "ElectronContinuityEquation"	RelError: 5.75737e-02	AbsError: 4.19114e+13
      Equation: "HoleContinuityEquation"	RelError: 1.50439e-01	AbsError: 3.76525e+13
      Equation: "PotentialEquation"	RelError: 7.58132e-03	AbsError: 4.82822e-05
    Region: "gate"	RelError: 6.96001e-08	AbsError: 3.44622e+12
      Equation: "ElectronContinuityEquation"	RelError: 3.47040e-08	AbsError: 3.44622e+12
      Equation: "HoleContinuityEquation"	RelError: 3.40837e-08	AbsError: 3.43229e-08
      Equation: "PotentialEquation"	RelError: 8.12451e-10	AbsError: 8.90360e-10
    Region: "oxide"	RelError: 2.36025e-05	AbsError: 4.34437e-06
      Equation: "PotentialEquation"	RelError: 2.36025e-05	AbsError: 4.34437e-06
Iteration: 2
  Device: "mos2d"	RelError: 1.57232e-03	AbsError: 1.16225e+10
    Region: "bulk"	RelError: 1.57232e-03	AbsError: 1.16225e+10
      Equation: "ElectronContinuityEquation"	RelError: 1.38401e-03	AbsError: 1.93910e+09
      Equation: "HoleContinuityEquation"	RelError: 1.88163e-04	AbsError: 9.68338e+09
      Equation: "PotentialEquation"	RelError: 1.47788e-07	AbsError: 8.30436e-09
    Region: "gate"	RelError: 2.10850e-12	AbsError: 1.03831e+08
      Equation: "ElectronContinuityEquation"	RelError: 1.04176e-12	AbsError: 1.03831e+08
      Equation: "HoleContinuityEquation"	RelError: 1.04214e-12	AbsError: 1.04560e-12
      Equation: "PotentialEquation"	RelError: 2.45928e-14	AbsError: 2.69534e-14
    Region: "oxide"	RelError: 9.26860e-10	AbsError: 1.35143e-10
      Equation: "PotentialEquation"	RelError: 9.26860e-10	AbsError: 1.35143e-10
Iteration: 3
  Device: "mos2d"	RelError: 1.01243e-07	AbsError: 8.17093e+03
    Region: "bulk"	RelError: 1.01243e-07	AbsError: 1.55922e+03
      Equation: "ElectronContinuityEquation"	RelError: 9.00520e-08	AbsError: 1.00979e+03
      Equation: "HoleContinuityEquation"	RelError: 1.11913e-08	AbsError: 5.49431e+02
      Equation: "PotentialEquation"	RelError: 5.31689e-14	AbsError: 4.74794e-16
    Region: "gate"	RelError: 4.28247e-16	AbsError: 8.17093e+03
      Equation: "ElectronContinuityEquation"	RelError: 8.17094e-17	AbsError: 8.17093e+03
      Equation: "HoleContinuityEquation"	RelError: 2.45231e-16	AbsError: 2.47105e-16
      Equation: "PotentialEquation"	RelError: 1.01306e-16	AbsError: 1.11039e-16
    Region: "oxide"	RelError: 2.85420e-16	AbsError: 1.03441e-16
      Equation: "PotentialEquation"	RelError: 2.85420e-16	AbsError: 1.03441e-16
Succeeded
IVPOINT	IDVD_VG1P0	5.00000000e-01	9.60000000e-01	1.19532971e-08
drain last end 9.600000e-01 2.000000e+00
number of equations 5550
Iteration: 0
  Device: "mos2d"	RelError: 1.12096e+02	AbsError: 2.42805e+16
    Region: "bulk"	RelError: 1.12083e+02	AbsError: 2.42805e+16
      Equation: "ElectronContinuityEquation"	RelError: 4.21618e-01	AbsError: 2.24276e+16
      Equation: "HoleContinuityEquation"	RelError: 8.61745e-01	AbsError: 1.85284e+15
      Equation: "PotentialEquation"	RelError: 1.10800e+02	AbsError: 2.00000e-02
    Region: "gate"	RelError: 2.59147e-04	AbsError: 1.27858e+16
      Equation: "ElectronContinuityEquation"	RelError: 1.28045e-04	AbsError: 1.27858e+16
      Equation: "HoleContinuityEquation"	RelError: 1.28078e-04	AbsError: 1.28265e-04
      Equation: "PotentialEquation"	RelError: 3.02467e-06	AbsError: 3.31515e-06
    Region: "oxide"	RelError: 1.23664e-02	AbsError: 1.55255e-02
      Equation: "PotentialEquation"	RelError: 1.23664e-02	AbsError: 1.55255e-02
Iteration: 1
  Device: "mos2d"	RelError: 3.91835e-01	AbsError: 7.68702e+13
    Region: "bulk"	RelError: 3.91812e-01	AbsError: 7.68702e+13
      Equation: "ElectronContinuityEquation"	RelError: 5.57297e-02	AbsError: 3.83061e+13
      Equation: "HoleContinuityEquation"	RelError: 1.46115e-01	AbsError: 3.85641e+13
      Equation: "PotentialEquation"	RelError: 1.89967e-01	AbsError: 4.91367e-05
    Region: "gate"	RelError: 6.90960e-08	AbsError: 3.42173e+12
      Equation: "ElectronContinuityEquation"	RelError: 3.44565e-08	AbsError: 3.42173e+12
      Equation: "HoleContinuityEquation"	RelError: 3.38329e-08	AbsError: 3.40694e-08
      Equation: "PotentialEquation"	RelError: 8.06566e-10	AbsError: 8.83911e-10
    Region: "oxide"	RelError: 2.32871e-05	AbsError: 4.31010e-06
      Equation: "PotentialEquation"	RelError: 2.32871e-05	AbsError: 4.31010e-06
Iteration: 2
  Device: "mos2d"	RelError: 1.66938e-03	AbsError: 1.23161e+10
    Region: "bulk"	RelError: 1.66937e-03	AbsError: 1.23161e+10
      Equation: "ElectronContinuityEquation"	RelError: 1.46914e-03	AbsError: 1.97709e+09
      Equation: "HoleContinuityEquation"	RelError: 1.87313e-04	AbsError: 1.03390e+10
      Equation: "PotentialEquation"	RelError: 1.29241e-05	AbsError: 8.92579e-09
    Region: "gate"	RelError: 2.09658e-12	AbsError: 1.03258e+08
      Equation: "ElectronContinuityEquation"	RelError: 1.03593e-12	AbsError: 1.03258e+08
      Equation: "HoleContinuityEquation"	RelError: 1.03615e-12	AbsError: 1.03951e-12
      Equation: "PotentialEquation"	RelError: 2.45098e-14	AbsError: 2.68626e-14
    Region: "oxide"	RelError: 9.09590e-10	AbsError: 1.34114e-10
      Equation: "PotentialEquation"	RelError: 9.09590e-10	AbsError: 1.34114e-10
Iteration: 3
  Device: "mos2d"	RelError: 1.08977e-07	AbsError: 8.17254e+03
    Region: "bulk"	RelError: 1.08977e-07	AbsError: 2.16588e+03
      Equation: "ElectronContinuityEquation"	RelError: 8.97244e-08	AbsError: 1.50543e+03
      Equation: "HoleContinuityEquation"	RelError: 1.92518e-08	AbsError: 6.60450e+02
      Equation: "PotentialEquation"	RelError: 2.56240e-13	AbsError: 5.38880e-16
    Region: "gate"	RelError: 4.02099e-16	AbsError: 8.17254e+03
      Equation: "ElectronContinuityEquation"	RelError: 8.17255e-17	AbsError: 8.17254e+03
      Equation: "HoleContinuityEquation"	RelError: 2.19045e-16	AbsError: 2.20577e-16
      Equation: "PotentialEquation"	RelError: 1.01328e-16	AbsError: 1.11063e-16
    Region: "oxide"	RelError: 5.58817e-16	AbsError: 1.39740e-16
      Equation: "PotentialEquation"	RelError: 5.58817e-16	AbsError: 1.39740e-16
Succeeded
IVPOINT	IDVD_VG1P0	5.00000000e-01	9.80000000e-01	1.21030481e-08
drain last end 9.800000e-01 2.000000e+00
number of equations 5550
Iteration: 0
  Device: "mos2d"	RelError: 2.34502e+01	AbsError: 2.42146e+16
    Region: "bulk"	RelError: 2.34378e+01	AbsError: 2.42146e+16
      Equation: "ElectronContinuityEquation"	RelError: 4.12701e-01	AbsError: 2.23892e+16
      Equation: "HoleContinuityEquation"	RelError: 8.66252e-01	AbsError: 1.82542e+15
      Equation: "PotentialEquation"	RelError: 2.21588e+01	AbsError: 2.00000e-02
    Region: "gate"	RelError: 2.59176e-04	AbsError: 1.27888e+16
      Equation: "ElectronContinuityEquation"	RelError: 1.28059e-04	AbsError: 1.27888e+16
      Equation: "HoleContinuityEquation"	RelError: 1.28092e-04	AbsError: 1.28263e-04
      Equation: "PotentialEquation"	RelError: 3.02499e-06	AbsError: 3.31551e-06
    Region: "oxide"	RelError: 1.22150e-02	AbsError: 1.55251e-02
      Equation: "PotentialEquation"	RelError: 1.22150e-02	AbsError: 1.55251e-02
Iteration: 1
  Device: "mos2d"	RelError: 2.66900e-01	AbsError: 7.41540e+13
    Region: "bulk"	RelError: 2.66877e-01	AbsError: 7.41540e+13
      Equation: "ElectronContinuityEquation"	RelError: 5.45604e-02	AbsError: 3.49920e+13
      Equation: "HoleContinuityEquation"	RelError: 1.47105e-01	AbsError: 3.91620e+13
      Equation: "PotentialEquation"	RelError: 6.52117e-02	AbsError: 4.98316e-05
    Region: "gate"	RelError: 6.85673e-08	AbsError: 3.39604e+12
      Equation: "ElectronContinuityEquation"	RelError: 3.41970e-08	AbsError: 3.39604e+12
      Equation: "HoleContinuityEquation"	RelError: 3.35699e-08	AbsError: 3.38037e-08
      Equation: "PotentialEquation"	RelError: 8.00393e-10	AbsError: 8.77147e-10
    Region: "oxide"	RelError: 2.29701e-05	AbsError: 4.27437e-06
      Equation: "PotentialEquation"	RelError: 2.29701e-05	AbsError: 4.27437e-06
Iteration: 2
  Device: "mos2d"	RelError: 1.66679e-03	AbsError: 1.28690e+10
    Region: "bulk"	RelError: 1.66679e-03	AbsError: 1.28690e+10
      Equation: "ElectronContinuityEquation"	RelError: 1.47658e-03	AbsError: 2.02505e+09
      Equation: "HoleContinuityEquation"	RelError: 1.83431e-04	AbsError: 1.08440e+10
      Equation: "PotentialEquation"	RelError: 6.77543e-06	AbsError: 9.47394e-09
    Region: "gate"	RelError: 2.06953e-12	AbsError: 1.01931e+08
      Equation: "ElectronContinuityEquation"	RelError: 1.02254e-12	AbsError: 1.01931e+08
      Equation: "HoleContinuityEquation"	RelError: 1.02293e-12	AbsError: 1.02617e-12
      Equation: "PotentialEquation"	RelError: 2.40620e-14	AbsError: 2.63718e-14
    Region: "oxide"	RelError: 8.92844e-10	AbsError: 1.32155e-10
      Equation: "PotentialEquation"	RelError: 8.92844e-10	AbsError: 1.32155e-10
Iteration: 3
  Device: "mos2d"	RelError: 1.00481e-07	AbsError: 8.19976e+03
    Region: "bulk"	RelError: 1.00481e-07	AbsError: 2.02743e+03
      Equation: "ElectronContinuityEquation"	RelError: 8.34861e-08	AbsError: 1.26893e+03
      Equation: "HoleContinuityEquation"	RelError: 1.69945e-08	AbsError: 7.58498e+02
      Equation: "PotentialEquation"	RelError: 2.75259e-13	AbsError: 5.55409e-16
    Region: "gate"	RelError: 3.61359e-16	AbsError: 8.19976e+03
      Equation: "ElectronContinuityEquation"	RelError: 8.27074e-17	AbsError: 8.19976e+03
      Equation: "HoleContinuityEquation"	RelError: 1.77310e-16	AbsError: 1.78824e-16
      Equation: "PotentialEquation"	RelError: 1.01341e-16	AbsError: 1.11078e-16
    Region: "oxide"	RelError: 4.70062e-16	AbsError: 1.08992e-16
      Equation: "PotentialEquation"	RelError: 4.70062e-16	AbsError: 1.08992e-16
Succeeded
IVPOINT	IDVD_VG1P0	5.00000000e-01	1.00000000e+00	1.22529488e-08
drain last end 1.000000e+00 2.000000e+00
number of equations 5550
Iteration: 0
  Device: "mos2d"	RelError: 9.04376e+00	AbsError: 2.41426e+16
    Region: "bulk"	RelError: 9.03144e+00	AbsError: 2.41426e+16
      Equation: "ElectronContinuityEquation"	RelError: 4.01388e-01	AbsError: 2.23500e+16
      Equation: "HoleContinuityEquation"	RelError: 8.70482e-01	AbsError: 1.79262e+15
      Equation: "PotentialEquation"	RelError: 7.75957e+00	AbsError: 2.00000e-02
    Region: "gate"	RelError: 2.59205e-04	AbsError: 1.27919e+16
      Equation: "ElectronContinuityEquation"	RelError: 1.28073e-04	AbsError: 1.27919e+16
      Equation: "HoleContinuityEquation"	RelError: 1.28106e-04	AbsError: 1.28261e-04
      Equation: "PotentialEquation"	RelError: 3.02533e-06	AbsError: 3.31589e-06
    Region: "oxide"	RelError: 1.20673e-02	AbsError: 1.55247e-02
      Equation: "PotentialEquation"	RelError: 1.20673e-02	AbsError: 1.55247e-02
Iteration: 1
  Device: "mos2d"	RelError: 2.14321e-01	AbsError: 7.13834e+13
    Region: "bulk"	RelError: 2.14298e-01	AbsError: 7.13834e+13
      Equation: "ElectronContinuityEquation"	RelError: 5.30762e-02	AbsError: 3.19491e+13
      Equation: "HoleContinuityEquation"	RelError: 1.48053e-01	AbsError: 3.94343e+13
      Equation: "PotentialEquation"	RelError: 1.31698e-02	AbsError: 5.03444e-05
    Region: "gate"	RelError: 6.80149e-08	AbsError: 3.36919e+12
      Equation: "ElectronContinuityEquation"	RelError: 3.39257e-08	AbsError: 3.36919e+12
      Equation: "HoleContinuityEquation"	RelError: 3.32952e-08	AbsError: 3.35263e-08
      Equation: "PotentialEquation"	RelError: 7.93945e-10	AbsError: 8.70081e-10
    Region: "oxide"	RelError: 2.26518e-05	AbsError: 4.23714e-06
      Equation: "PotentialEquation"	RelError: 2.26518e-05	AbsError: 4.23714e-06
Iteration: 2
  Device: "mos2d"	RelError: 1.57512e-03	AbsError: 1.32562e+10
    Region: "bulk"	RelError: 1.57512e-03	AbsError: 1.32562e+10
      Equation: "ElectronContinuityEquation"	RelError: 1.39809e-03	AbsError: 2.08014e+09
      Equation: "HoleContinuityEquation"	RelError: 1.76623e-04	AbsError: 1.11760e+10
      Equation: "PotentialEquation"	RelError: 4.05758e-07	AbsError: 9.92798e-09
    Region: "gate"	RelError: 2.02775e-12	AbsError: 9.98779e+07
      Equation: "ElectronContinuityEquation"	RelError: 1.00187e-12	AbsError: 9.98779e+07
      Equation: "HoleContinuityEquation"	RelError: 1.00230e-12	AbsError: 1.00540e-12
      Equation: "PotentialEquation"	RelError: 2.35836e-14	AbsError: 2.58475e-14
    Region: "oxide"	RelError: 8.76167e-10	AbsError: 1.29304e-10
      Equation: "PotentialEquation"	RelError: 8.76167e-10	AbsError: 1.29304e-10
Iteration: 3
  Device: "mos2d"	RelError: 9.17636e-08	AbsError: 8.15914e+03
    Region: "bulk"	RelError: 9.17636e-08	AbsError: 2.13237e+03
      Equation: "ElectronContinuityEquation"	RelError: 8.24783e-08	AbsError: 1.29886e+03
      Equation: "HoleContinuityEquation"	RelError: 9.28531e-09	AbsError: 8.33505e+02
      Equation: "PotentialEquation"	RelError: 2.72585e-14	AbsError: 6.33475e-16
    Region: "gate"	RelError: 4.96695e-16	AbsError: 8.15914e+03
      Equation: "ElectronContinuityEquation"	RelError: 8.15918e-17	AbsError: 8.15914e+03
      Equation: "HoleContinuityEquation"	RelError: 3.13812e-16	AbsError: 3.15990e-16
      Equation: "PotentialEquation"	RelError: 1.01291e-16	AbsError: 1.11022e-16
    Region: "oxide"	RelError: 4.91232e-16	AbsError: 9.62220e-17
      Equation: "PotentialEquation"	RelError: 4.91232e-16	AbsError: 9.62220e-17
Succeeded
IVPOINT	IDVD_VG1P0	5.00000000e-01	1.02000000e+00	1.24052453e-08
drain last end 1.020000e+00 2.000000e+00
number of equations 5550
Iteration: 0
  Device: "mos2d"	RelError: 2.42687e+00	AbsError: 2.40645e+16
    Region: "bulk"	RelError: 2.41469e+00	AbsError: 2.40645e+16
      Equation: "ElectronContinuityEquation"	RelError: 3.95236e-01	AbsError: 2.23101e+16
      Equation: "HoleContinuityEquation"	RelError: 8.74275e-01	AbsError: 1.75444e+15
      Equation: "PotentialEquation"	RelError: 1.14518e+00	AbsError: 2.00000e-02
    Region: "gate"	RelError: 2.59236e-04	AbsError: 1.27951e+16
      Equation: "ElectronContinuityEquation"	RelError: 1.28089e-04	AbsError: 1.27951e+16
      Equation: "HoleContinuityEquation"	RelError: 1.28121e-04	AbsError: 1.28259e-04
      Equation: "PotentialEquation"	RelError: 3.02567e-06	AbsError: 3.31628e-06
    Region: "oxide"	RelError: 1.19233e-02	AbsError: 1.55245e-02
      Equation: "PotentialEquation"	RelError: 1.19233e-02	AbsError: 1.55245e-02
Iteration: 1
  Device: "mos2d"	RelError: 2.03022e-01	AbsError: 6.85329e+13
    Region: "bulk"	RelError: 2.03000e-01	AbsError: 6.85329e+13
      Equation: "ElectronContinuityEquation"	RelError: 5.12169e-02	AbsError: 2.91579e+13
      Equation: "HoleContinuityEquation"	RelError: 1.48936e-01	AbsError: 3.93750e+13
      Equation: "PotentialEquation"	RelError: 2.84689e-03	AbsError: 5.06565e-05
    Region: "gate"	RelError: 6.74403e-08	AbsError: 3.34124e+12
      Equation: "ElectronContinuityEquation"	RelError: 3.36435e-08	AbsError: 3.34124e+12
      Equation: "HoleContinuityEquation"	RelError: 3.30096e-08	AbsError: 3.32379e-08
      Equation: "PotentialEquation"	RelError: 7.87238e-10	AbsError: 8.62731e-10
    Region: "oxide"	RelError: 2.23324e-05	AbsError: 4.19859e-06
      Equation: "PotentialEquation"	RelError: 2.23324e-05	AbsError: 4.19859e-06
Iteration: 2
  Device: "mos2d"	RelError: 1.40921e-03	AbsError: 1.34631e+10
    Region: "bulk"	RelError: 1.40921e-03	AbsError: 1.34631e+10
      Equation: "ElectronContinuityEquation"	RelError: 1.24189e-03	AbsError: 2.14451e+09
      Equation: "HoleContinuityEquation"	RelError: 1.67150e-04	AbsError: 1.13186e+10
      Equation: "PotentialEquation"	RelError: 1.66508e-07	AbsError: 1.02707e-08
    Region: "gate"	RelError: 1.97251e-12	AbsError: 9.71668e+07
      Equation: "ElectronContinuityEquation"	RelError: 9.74597e-13	AbsError: 9.71668e+07
      Equation: "HoleContinuityEquation"	RelError: 9.74843e-13	AbsError: 9.77782e-13
      Equation: "PotentialEquation"	RelError: 2.30720e-14	AbsError: 2.52869e-14
    Region: "oxide"	RelError: 8.59195e-10	AbsError: 1.25638e-10
      Equation: "PotentialEquation"	RelError: 8.59195e-10	AbsError: 1.25638e-10
Iteration: 3
  Device: "mos2d"	RelError: 9.05227e-08	AbsError: 8.17608e+03
    Region: "bulk"	RelError: 9.05227e-08	AbsError: 2.01408e+03
      Equation: "ElectronContinuityEquation"	RelError: 7.90639e-08	AbsError: 1.13843e+03
      Equation: "HoleContinuityEquation"	RelError: 1.14587e-08	AbsError: 8.75651e+02
      Equation: "PotentialEquation"	RelError: 1.52457e-14	AbsError: 6.78544e-16
    Region: "gate"	RelError: 3.65787e-16	AbsError: 8.17608e+03
      Equation: "ElectronContinuityEquation"	RelError: 8.17608e-17	AbsError: 8.17608e+03
      Equation: "HoleContinuityEquation"	RelError: 1.82736e-16	AbsError: 1.83999e-16
      Equation: "PotentialEquation"	RelError: 1.01291e-16	AbsError: 1.11022e-16
    Region: "oxide"	RelError: 4.37356e-16	AbsError: 1.21941e-16
      Equation: "PotentialEquation"	RelError: 4.37356e-16	AbsError: 1.21941e-16
Succeeded
IVPOINT	IDVD_VG1P0	5.00000000e-01	1.04000000e+00	1.25589661e-08
drain last end 1.040000e+00 2.000000e+00
number of equations 5550
Iteration: 0
  Device: "mos2d"	RelError: 6.60589e+00	AbsError: 2.39804e+16
    Region: "bulk"	RelError: 6.59385e+00	AbsError: 2.39804e+16
      Equation: "ElectronContinuityEquation"	RelError: 3.88322e-01	AbsError: 2.22695e+16
      Equation: "HoleContinuityEquation"	RelError: 8.77363e-01	AbsError: 1.71092e+15
      Equation: "PotentialEquation"	RelError: 5.32817e+00	AbsError: 2.00000e-02
    Region: "gate"	RelError: 2.59267e-04	AbsError: 1.27983e+16
      Equation: "ElectronContinuityEquation"	RelError: 1.28104e-04	AbsError: 1.27983e+16
      Equation: "HoleContinuityEquation"	RelError: 1.28137e-04	AbsError: 1.28259e-04
      Equation: "PotentialEquation"	RelError: 3.02603e-06	AbsError: 3.31668e-06
    Region: "oxide"	RelError: 1.17828e-02	AbsError: 1.55245e-02
      Equation: "PotentialEquation"	RelError: 1.17828e-02	AbsError: 1.55245e-02
Iteration: 1
  Device: "mos2d"	RelError: 2.17347e-01	AbsError: 6.55852e+13
    Region: "bulk"	RelError: 2.17325e-01	AbsError: 6.55852e+13
      Equation: "ElectronContinuityEquation"	RelError: 4.92894e-02	AbsError: 2.66000e+13
      Equation: "HoleContinuityEquation"	RelError: 1.49717e-01	AbsError: 3.89852e+13
      Equation: "PotentialEquation"	RelError: 1.83183e-02	AbsError: 5.07536e-05
    Region: "gate"	RelError: 6.68458e-08	AbsError: 3.31231e+12
      Equation: "ElectronContinuityEquation"	RelError: 3.33513e-08	AbsError: 3.31231e+12
      Equation: "HoleContinuityEquation"	RelError: 3.27141e-08	AbsError: 3.29395e-08
      Equation: "PotentialEquation"	RelError: 7.80297e-10	AbsError: 8.55125e-10
    Region: "oxide"	RelError: 2.20125e-05	AbsError: 4.15874e-06
      Equation: "PotentialEquation"	RelError: 2.20125e-05	AbsError: 4.15874e-06
Iteration: 2
  Device: "mos2d"	RelError: 1.18814e-03	AbsError: 1.35048e+10
    Region: "bulk"	RelError: 1.18814e-03	AbsError: 1.35048e+10
      Equation: "ElectronContinuityEquation"	RelError: 1.03207e-03	AbsError: 2.24188e+09
      Equation: "HoleContinuityEquation"	RelError: 1.55384e-04	AbsError: 1.12629e+10
      Equation: "PotentialEquation"	RelError: 6.91334e-07	AbsError: 1.04898e-08
    Region: "gate"	RelError: 1.90593e-12	AbsError: 9.38855e+07
      Equation: "ElectronContinuityEquation"	RelError: 9.41613e-13	AbsError: 9.38855e+07
      Equation: "HoleContinuityEquation"	RelError: 9.41982e-13	AbsError: 9.44750e-13
      Equation: "PotentialEquation"	RelError: 2.23348e-14	AbsError: 2.44789e-14
    Region: "oxide"	RelError: 8.41669e-10	AbsError: 1.21266e-10
      Equation: "PotentialEquation"	RelError: 8.41669e-10	AbsError: 1.21266e-10
Iteration: 3
  Device: "mos2d"	RelError: 4.49567e-06	AbsError: 8.18536e+03
    Region: "bulk"	RelError: 4.49567e-06	AbsError: 2.44814e+03
      Equation: "ElectronContinuityEquation"	RelError: 4.48365e-06	AbsError: 1.56292e+03
      Equation: "HoleContinuityEquation"	RelError: 1.20194e-08	AbsError: 8.85222e+02
      Equation: "PotentialEquation"	RelError: 3.49404e-13	AbsError: 6.79559e-16
    Region: "gate"	RelError: 4.59932e-16	AbsError: 8.18536e+03
      Equation: "ElectronContinuityEquation"	RelError: 8.18860e-17	AbsError: 8.18536e+03
      Equation: "HoleContinuityEquation"	RelError: 2.76263e-16	AbsError: 2.78339e-16
      Equation: "PotentialEquation"	RelError: 1.01783e-16	AbsError: 1.11561e-16
    Region: "oxide"	RelError: 9.93898e-16	AbsError: 1.50909e-16
      Equation: "PotentialEquation"	RelError: 9.93898e-16	AbsError: 1.50909e-16
Succeeded
IVPOINT	IDVD_VG1P0	5.00000000e-01	1.06000000e+00	1.27138934e-08
drain last end 1.060000e+00 2.000000e+00
number of equations 5550
Iteration: 0
  Device: "mos2d"	RelError: 8.15022e+01	AbsError: 2.38906e+16
    Region: "bulk"	RelError: 8.14903e+01	AbsError: 2.38906e+16
      Equation: "ElectronContinuityEquation"	RelError: 3.79704e-01	AbsError: 2.22284e+16
      Equation: "HoleContinuityEquation"	RelError: 8.79310e-01	AbsError: 1.66219e+15
      Equation: "PotentialEquation"	RelError: 8.02313e+01	AbsError: 2.00000e-02
    Region: "gate"	RelError: 2.59299e-04	AbsError: 1.28015e+16
      Equation: "ElectronContinuityEquation"	RelError: 1.28120e-04	AbsError: 1.28015e+16
      Equation: "HoleContinuityEquation"	RelError: 1.28153e-04	AbsError: 1.28258e-04
      Equation: "PotentialEquation"	RelError: 3.02639e-06	AbsError: 3.31709e-06
    Region: "oxide"	RelError: 1.16456e-02	AbsError: 1.55245e-02
      Equation: "PotentialEquation"	RelError: 1.16456e-02	AbsError: 1.55245e-02
Iteration: 1
  Device: "mos2d"	RelError: 3.82262e-01	AbsError: 6.25320e+13
    Region: "bulk"	RelError: 3.82240e-01	AbsError: 6.25320e+13
      Equation: "ElectronContinuityEquation"	RelError: 4.81919e-02	AbsError: 2.42579e+13
      Equation: "HoleContinuityEquation"	RelError: 1.50332e-01	AbsError: 3.82741e+13
      Equation: "PotentialEquation"	RelError: 1.83716e-01	AbsError: 5.06270e-05
    Region: "gate"	RelError: 6.62338e-08	AbsError: 3.28253e+12
      Equation: "ElectronContinuityEquation"	RelError: 3.30506e-08	AbsError: 3.28253e+12
      Equation: "HoleContinuityEquation"	RelError: 3.24101e-08	AbsError: 3.26325e-08
      Equation: "PotentialEquation"	RelError: 7.73153e-10	AbsError: 8.47297e-10
    Region: "oxide"	RelError: 2.16926e-05	AbsError: 4.11777e-06
      Equation: "PotentialEquation"	RelError: 2.16926e-05	AbsError: 4.11777e-06
Iteration: 2
  Device: "mos2d"	RelError: 1.18137e-03	AbsError: 1.33416e+10
    Region: "bulk"	RelError: 1.18137e-03	AbsError: 1.33416e+10
      Equation: "ElectronContinuityEquation"	RelError: 1.03789e-03	AbsError: 2.33141e+09
      Equation: "HoleContinuityEquation"	RelError: 1.41849e-04	AbsError: 1.10102e+10
      Equation: "PotentialEquation"	RelError: 1.62422e-06	AbsError: 1.05796e-08
    Region: "gate"	RelError: 1.83004e-12	AbsError: 9.01476e+07
      Equation: "ElectronContinuityEquation"	RelError: 9.04055e-13	AbsError: 9.01476e+07
      Equation: "HoleContinuityEquation"	RelError: 9.04576e-13	AbsError: 9.07165e-13
      Equation: "PotentialEquation"	RelError: 2.14074e-14	AbsError: 2.34625e-14
    Region: "oxide"	RelError: 8.23450e-10	AbsError: 1.16327e-10
      Equation: "PotentialEquation"	RelError: 8.23450e-10	AbsError: 1.16327e-10
Iteration: 3
  Device: "mos2d"	RelError: 5.43819e-06	AbsError: 8.13784e+03
    Region: "bulk"	RelError: 5.43819e-06	AbsError: 1.96569e+03
      Equation: "ElectronContinuityEquation"	RelError: 5.42218e-06	AbsError: 1.11110e+03
      Equation: "HoleContinuityEquation"	RelError: 1.60111e-08	AbsError: 8.54587e+02
      Equation: "PotentialEquation"	RelError: 1.58480e-12	AbsError: 7.02856e-16
    Region: "gate"	RelError: 4.23388e-16	AbsError: 8.13784e+03
      Equation: "ElectronContinuityEquation"	RelError: 8.13784e-17	AbsError: 8.13784e+03
      Equation: "HoleContinuityEquation"	RelError: 2.40673e-16	AbsError: 2.42357e-16
      Equation: "PotentialEquation"	RelError: 1.01337e-16	AbsError: 1.11073e-16
    Region: "oxide"	RelError: 3.72650e-16	AbsError: 1.31081e-16
      Equation: "PotentialEquation"	RelError: 3.72650e-16	AbsError: 1.31081e-16
Succeeded
IVPOINT	IDVD_VG1P0	5.00000000e-01	1.08000000e+00	1.28703010e-08
drain last end 1.080000e+00 2.000000e+00
number of equations 5550
Iteration: 0
  Device: "mos2d"	RelError: 5.00089e+00	AbsError: 2.37952e+16
    Region: "bulk"	RelError: 4.98912e+00	AbsError: 2.37952e+16
      Equation: "ElectronContinuityEquation"	RelError: 3.68954e-01	AbsError: 2.21867e+16
      Equation: "HoleContinuityEquation"	RelError: 8.79424e-01	AbsError: 1.60846e+15
      Equation: "PotentialEquation"	RelError: 3.74074e+00	AbsError: 2.00000e-02
    Region: "gate"	RelError: 2.59331e-04	AbsError: 1.28047e+16
      Equation: "ElectronContinuityEquation"	RelError: 1.28136e-04	AbsError: 1.28047e+16
      Equation: "HoleContinuityEquation"	RelError: 1.28169e-04	AbsError: 1.28257e-04
      Equation: "PotentialEquation"	RelError: 3.02676e-06	AbsError: 3.31750e-06
    Region: "oxide"	RelError: 1.15116e-02	AbsError: 1.55247e-02
      Equation: "PotentialEquation"	RelError: 1.15116e-02	AbsError: 1.55247e-02
Iteration: 1
  Device: "mos2d"	RelError: 2.10932e-01	AbsError: 5.93740e+13
    Region: "bulk"	RelError: 2.10911e-01	AbsError: 5.93740e+13
      Equation: "ElectronContinuityEquation"	RelError: 4.68481e-02	AbsError: 2.21149e+13
      Equation: "HoleContinuityEquation"	RelError: 1.50680e-01	AbsError: 3.72592e+13
      Equation: "PotentialEquation"	RelError: 1.33824e-02	AbsError: 5.02738e-05
    Region: "gate"	RelError: 6.56078e-08	AbsError: 3.25205e+12
      Equation: "ElectronContinuityEquation"	RelError: 3.27429e-08	AbsError: 3.25205e+12
      Equation: "HoleContinuityEquation"	RelError: 3.20991e-08	AbsError: 3.23186e-08
      Equation: "PotentialEquation"	RelError: 7.65845e-10	AbsError: 8.39288e-10
    Region: "oxide"	RelError: 2.13734e-05	AbsError: 4.07590e-06
      Equation: "PotentialEquation"	RelError: 2.13734e-05	AbsError: 4.07590e-06
Iteration: 2
  Device: "mos2d"	RelError: 1.33254e-03	AbsError: 1.29834e+10
    Region: "bulk"	RelError: 1.33254e-03	AbsError: 1.29834e+10
      Equation: "ElectronContinuityEquation"	RelError: 1.20466e-03	AbsError: 2.41134e+09
      Equation: "HoleContinuityEquation"	RelError: 1.27107e-04	AbsError: 1.05721e+10
      Equation: "PotentialEquation"	RelError: 7.78442e-07	AbsError: 1.05408e-08
    Region: "gate"	RelError: 1.74724e-12	AbsError: 8.60821e+07
      Equation: "ElectronContinuityEquation"	RelError: 8.63218e-13	AbsError: 8.60821e+07
      Equation: "HoleContinuityEquation"	RelError: 8.63550e-13	AbsError: 8.65955e-13
      Equation: "PotentialEquation"	RelError: 2.04679e-14	AbsError: 2.24329e-14
    Region: "oxide"	RelError: 8.04513e-10	AbsError: 1.10983e-10
      Equation: "PotentialEquation"	RelError: 8.04513e-10	AbsError: 1.10983e-10
Iteration: 3
  Device: "mos2d"	RelError: 6.57924e-06	AbsError: 8.12804e+03
    Region: "bulk"	RelError: 6.57924e-06	AbsError: 2.64080e+03
      Equation: "ElectronContinuityEquation"	RelError: 6.56535e-06	AbsError: 1.83175e+03
      Equation: "HoleContinuityEquation"	RelError: 1.38862e-08	AbsError: 8.09044e+02
      Equation: "PotentialEquation"	RelError: 1.15199e-13	AbsError: 6.84317e-16
    Region: "gate"	RelError: 3.59595e-16	AbsError: 8.12804e+03
      Equation: "ElectronContinuityEquation"	RelError: 8.19429e-17	AbsError: 8.12804e+03
      Equation: "HoleContinuityEquation"	RelError: 1.76362e-16	AbsError: 1.77961e-16
      Equation: "PotentialEquation"	RelError: 1.01291e-16	AbsError: 1.11022e-16
    Region: "oxide"	RelError: 4.65101e-16	AbsError: 1.19374e-16
      Equation: "PotentialEquation"	RelError: 4.65101e-16	AbsError: 1.19374e-16
Succeeded
IVPOINT	IDVD_VG1P0	5.00000000e-01	1.10000000e+00	1.30280458e-08
drain last end 1.100000e+00 2.000000e+00
number of equations 5550
Iteration: 0
  Device: "mos2d"	RelError: 7.58231e+00	AbsError: 2.36969e+16
    Region: "bulk"	RelError: 7.57067e+00	AbsError: 2.36969e+16
      Equation: "ElectronContinuityEquation"	RelError: 3.55628e-01	AbsError: 2.21445e+16
      Equation: "HoleContinuityEquation"	RelError: 8.76619e-01	AbsError: 1.55238e+15
      Equation: "PotentialEquation"	RelError: 6.33843e+00	AbsError: 2.00000e-02
    Region: "gate"	RelError: 2.59363e-04	AbsError: 1.28079e+16
      Equation: "ElectronContinuityEquation"	RelError: 1.28152e-04	AbsError: 1.28079e+16
      Equation: "HoleContinuityEquation"	RelError: 1.28185e-04	AbsError: 1.28257e-04
      Equation: "PotentialEquation"	RelError: 3.02713e-06	AbsError: 3.31791e-06
    Region: "oxide"	RelError: 1.13808e-02	AbsError: 1.55249e-02
      Equation: "PotentialEquation"	RelError: 1.13808e-02	AbsError: 1.55249e-02
Iteration: 1
  Device: "mos2d"	RelError: 2.16061e-01	AbsError: 5.72760e+13
    Region: "bulk"	RelError: 2.16040e-01	AbsError: 5.72760e+13
      Equation: "ElectronContinuityEquation"	RelError: 4.52038e-02	AbsError: 2.13101e+13
      Equation: "HoleContinuityEquation"	RelError: 1.50601e-01	AbsError: 3.59659e+13
      Equation: "PotentialEquation"	RelError: 2.02353e-02	AbsError: 4.96972e-05
    Region: "gate"	RelError: 6.49713e-08	AbsError: 3.22106e+12
      Equation: "ElectronContinuityEquation"	RelError: 3.24300e-08	AbsError: 3.22106e+12
      Equation: "HoleContinuityEquation"	RelError: 3.17829e-08	AbsError: 3.19994e-08
      Equation: "PotentialEquation"	RelError: 7.58415e-10	AbsError: 8.31146e-10
    Region: "oxide"	RelError: 2.10557e-05	AbsError: 4.03338e-06
      Equation: "PotentialEquation"	RelError: 2.10557e-05	AbsError: 4.03338e-06
Iteration: 2
  Device: "mos2d"	RelError: 1.45786e-03	AbsError: 1.24512e+10
    Region: "bulk"	RelError: 1.45786e-03	AbsError: 1.24512e+10
      Equation: "ElectronContinuityEquation"	RelError: 1.34321e-03	AbsError: 2.48068e+09
      Equation: "HoleContinuityEquation"	RelError: 1.11777e-04	AbsError: 9.97051e+09
      Equation: "PotentialEquation"	RelError: 2.87240e-06	AbsError: 1.03808e-08
    Region: "gate"	RelError: 1.66064e-12	AbsError: 8.18130e+07
      Equation: "ElectronContinuityEquation"	RelError: 8.20345e-13	AbsError: 8.18130e+07
      Equation: "HoleContinuityEquation"	RelError: 8.20875e-13	AbsError: 8.23098e-13
      Equation: "PotentialEquation"	RelError: 1.94178e-14	AbsError: 2.12821e-14
    Region: "oxide"	RelError: 7.84936e-10	AbsError: 1.05406e-10
      Equation: "PotentialEquation"	RelError: 7.84936e-10	AbsError: 1.05406e-10
Iteration: 3
  Device: "mos2d"	RelError: 5.66125e-07	AbsError: 8.16410e+03
    Region: "bulk"	RelError: 5.66125e-07	AbsError: 2.38478e+03
      Equation: "ElectronContinuityEquation"	RelError: 5.36475e-07	AbsError: 1.65146e+03
      Equation: "HoleContinuityEquation"	RelError: 2.96501e-08	AbsError: 7.33320e+02
      Equation: "PotentialEquation"	RelError: 9.11379e-14	AbsError: 6.60307e-16
    Region: "gate"	RelError: 3.73899e-16	AbsError: 8.16410e+03
      Equation: "ElectronContinuityEquation"	RelError: 8.16413e-17	AbsError: 8.16410e+03
      Equation: "HoleContinuityEquation"	RelError: 1.90967e-16	AbsError: 1.92596e-16
      Equation: "PotentialEquation"	RelError: 1.01291e-16	AbsError: 1.11022e-16
    Region: "oxide"	RelError: 3.15679e-16	AbsError: 1.15700e-16
      Equation: "PotentialEquation"	RelError: 3.15679e-16	AbsError: 1.15700e-16
Succeeded
IVPOINT	IDVD_VG1P0	5.00000000e-01	1.12000000e+00	1.31871112e-08
drain last end 1.120000e+00 2.000000e+00
number of equations 5550
Iteration: 0
  Device: "mos2d"	RelError: 2.32833e+01	AbsError: 2.36464e+16
    Region: "bulk"	RelError: 2.32718e+01	AbsError: 2.36464e+16
      Equation: "ElectronContinuityEquation"	RelError: 3.51872e-01	AbsError: 2.21018e+16
      Equation: "HoleContinuityEquation"	RelError: 8.69240e-01	AbsError: 1.54464e+15
      Equation: "PotentialEquation"	RelError: 2.20507e+01	AbsError: 2.00000e-02
    Region: "gate"	RelError: 2.59396e-04	AbsError: 1.28112e+16
      Equation: "ElectronContinuityEquation"	RelError: 1.28168e-04	AbsError: 1.28112e+16
      Equation: "HoleContinuityEquation"	RelError: 1.28200e-04	AbsError: 1.28256e-04
      Equation: "PotentialEquation"	RelError: 3.02749e-06	AbsError: 3.31832e-06
    Region: "oxide"	RelError: 1.12529e-02	AbsError: 1.55252e-02
      Equation: "PotentialEquation"	RelError: 1.12529e-02	AbsError: 1.55252e-02
Iteration: 1
  Device: "mos2d"	RelError: 2.29148e-01	AbsError: 5.59740e+13
    Region: "bulk"	RelError: 2.29127e-01	AbsError: 5.59740e+13
      Equation: "ElectronContinuityEquation"	RelError: 4.32051e-02	AbsError: 2.15470e+13
      Equation: "HoleContinuityEquation"	RelError: 1.49847e-01	AbsError: 3.44270e+13
      Equation: "PotentialEquation"	RelError: 3.60753e-02	AbsError: 4.89062e-05
    Region: "gate"	RelError: 6.43284e-08	AbsError: 3.18974e+12
      Equation: "ElectronContinuityEquation"	RelError: 3.21139e-08	AbsError: 3.18974e+12
      Equation: "HoleContinuityEquation"	RelError: 3.14635e-08	AbsError: 3.16771e-08
      Equation: "PotentialEquation"	RelError: 7.50909e-10	AbsError: 8.22921e-10
    Region: "oxide"	RelError: 2.07403e-05	AbsError: 3.99048e-06
      Equation: "PotentialEquation"	RelError: 2.07403e-05	AbsError: 3.99048e-06
Iteration: 2
  Device: "mos2d"	RelError: 1.52874e-03	AbsError: 1.17747e+10
    Region: "bulk"	RelError: 1.52874e-03	AbsError: 1.17747e+10
      Equation: "ElectronContinuityEquation"	RelError: 1.43116e-03	AbsError: 2.53890e+09
      Equation: "HoleContinuityEquation"	RelError: 9.64821e-05	AbsError: 9.23579e+09
      Equation: "PotentialEquation"	RelError: 1.09586e-06	AbsError: 1.01122e-08
    Region: "gate"	RelError: 1.57297e-12	AbsError: 7.75066e+07
      Equation: "ElectronContinuityEquation"	RelError: 7.77105e-13	AbsError: 7.75066e+07
      Equation: "HoleContinuityEquation"	RelError: 7.77486e-13	AbsError: 7.79532e-13
      Equation: "PotentialEquation"	RelError: 1.83793e-14	AbsError: 2.01438e-14
    Region: "oxide"	RelError: 7.64870e-10	AbsError: 9.97770e-11
      Equation: "PotentialEquation"	RelError: 7.64870e-10	AbsError: 9.97770e-11
Iteration: 3
  Device: "mos2d"	RelError: 1.05206e-07	AbsError: 8.11384e+03
    Region: "bulk"	RelError: 1.05206e-07	AbsError: 2.29277e+03
      Equation: "ElectronContinuityEquation"	RelError: 1.00129e-07	AbsError: 1.64824e+03
      Equation: "HoleContinuityEquation"	RelError: 5.07678e-09	AbsError: 6.44528e+02
      Equation: "PotentialEquation"	RelError: 1.41325e-13	AbsError: 6.55553e-16
    Region: "gate"	RelError: 3.53540e-16	AbsError: 8.11384e+03
      Equation: "ElectronContinuityEquation"	RelError: 8.11388e-17	AbsError: 8.11384e+03
      Equation: "HoleContinuityEquation"	RelError: 1.71111e-16	AbsError: 1.72384e-16
      Equation: "PotentialEquation"	RelError: 1.01291e-16	AbsError: 1.11022e-16
    Region: "oxide"	RelError: 4.09039e-16	AbsError: 1.47230e-16
      Equation: "PotentialEquation"	RelError: 4.09039e-16	AbsError: 1.47230e-16
Succeeded
IVPOINT	IDVD_VG1P0	5.00000000e-01	1.14000000e+00	1.33469571e-08
drain last end 1.140000e+00 2.000000e+00
number of equations 5550
Iteration: 0
  Device: "mos2d"	RelError: 3.68892e+00	AbsError: 2.35977e+16
    Region: "bulk"	RelError: 3.67753e+00	AbsError: 2.35977e+16
      Equation: "ElectronContinuityEquation"	RelError: 3.51231e-01	AbsError: 2.20586e+16
      Equation: "HoleContinuityEquation"	RelError: 8.56452e-01	AbsError: 1.53908e+15
      Equation: "PotentialEquation"	RelError: 2.46984e+00	AbsError: 2.00000e-02
    Region: "gate"	RelError: 2.59428e-04	AbsError: 1.28144e+16
      Equation: "ElectronContinuityEquation"	RelError: 1.28183e-04	AbsError: 1.28144e+16
      Equation: "HoleContinuityEquation"	RelError: 1.28216e-04	AbsError: 1.28256e-04
      Equation: "PotentialEquation"	RelError: 3.02786e-06	AbsError: 3.31873e-06
    Region: "oxide"	RelError: 1.11279e-02	AbsError: 1.55255e-02
      Equation: "PotentialEquation"	RelError: 1.11279e-02	AbsError: 1.55255e-02
Iteration: 1
  Device: "mos2d"	RelError: 1.97370e-01	AbsError: 5.64262e+13
    Region: "bulk"	RelError: 1.97350e-01	AbsError: 5.64262e+13
      Equation: "ElectronContinuityEquation"	RelError: 4.08102e-02	AbsError: 2.17752e+13
      Equation: "HoleContinuityEquation"	RelError: 1.48047e-01	AbsError: 3.46510e+13
      Equation: "PotentialEquation"	RelError: 8.49281e-03	AbsError: 4.79148e-05
    Region: "gate"	RelError: 6.36832e-08	AbsError: 3.15832e+12
      Equation: "ElectronContinuityEquation"	RelError: 3.17967e-08	AbsError: 3.15832e+12
      Equation: "HoleContinuityEquation"	RelError: 3.11431e-08	AbsError: 3.13537e-08
      Equation: "PotentialEquation"	RelError: 7.43378e-10	AbsError: 8.14668e-10
    Region: "oxide"	RelError: 2.04282e-05	AbsError: 3.94748e-06
      Equation: "PotentialEquation"	RelError: 2.04282e-05	AbsError: 3.94748e-06
Iteration: 2
  Device: "mos2d"	RelError: 1.53523e-03	AbsError: 1.14851e+10
    Region: "bulk"	RelError: 1.53523e-03	AbsError: 1.14851e+10
      Equation: "ElectronContinuityEquation"	RelError: 1.44972e-03	AbsError: 2.58562e+09
      Equation: "HoleContinuityEquation"	RelError: 8.50965e-05	AbsError: 8.89947e+09
      Equation: "PotentialEquation"	RelError: 4.13243e-07	AbsError: 9.75161e-09
    Region: "gate"	RelError: 1.48695e-12	AbsError: 7.32771e+07
      Equation: "ElectronContinuityEquation"	RelError: 7.34643e-13	AbsError: 7.32771e+07
      Equation: "HoleContinuityEquation"	RelError: 7.34925e-13	AbsError: 7.36803e-13
      Equation: "PotentialEquation"	RelError: 1.73821e-14	AbsError: 1.90509e-14
    Region: "oxide"	RelError: 7.44507e-10	AbsError: 9.42721e-11
      Equation: "PotentialEquation"	RelError: 7.44507e-10	AbsError: 9.42721e-11
Iteration: 3
  Device: "mos2d"	RelError: 1.15184e-05	AbsError: 8.11916e+03
    Region: "bulk"	RelError: 1.15184e-05	AbsError: 1.65088e+03
      Equation: "ElectronContinuityEquation"	RelError: 1.14876e-05	AbsError: 1.09394e+03
      Equation: "HoleContinuityEquation"	RelError: 3.07671e-08	AbsError: 5.56940e+02
      Equation: "PotentialEquation"	RelError: 1.59856e-13	AbsError: 5.95781e-16
    Region: "gate"	RelError: 4.47397e-16	AbsError: 8.11916e+03
      Equation: "ElectronContinuityEquation"	RelError: 8.11916e-17	AbsError: 8.11916e+03
      Equation: "HoleContinuityEquation"	RelError: 2.64915e-16	AbsError: 2.67085e-16
      Equation: "PotentialEquation"	RelError: 1.01291e-16	AbsError: 1.11022e-16
    Region: "oxide"	RelError: 4.56298e-16	AbsError: 1.16481e-16
      Equation: "PotentialEquation"	RelError: 4.56298e-16	AbsError: 1.16481e-16
Succeeded
IVPOINT	IDVD_VG1P0	5.00000000e-01	1.16000000e+00	1.35090271e-08
drain last end 1.160000e+00 2.000000e+00
number of equations 5550
Iteration: 0
  Device: "mos2d"	RelError: 4.43968e+00	AbsError: 2.35568e+16
    Region: "bulk"	RelError: 4.42841e+00	AbsError: 2.35568e+16
      Equation: "ElectronContinuityEquation"	RelError: 3.50445e-01	AbsError: 2.20150e+16
      Equation: "HoleContinuityEquation"	RelError: 8.41628e-01	AbsError: 1.54182e+15
      Equation: "PotentialEquation"	RelError: 3.23634e+00	AbsError: 2.00000e-02
    Region: "gate"	RelError: 2.59459e-04	AbsError: 1.28176e+16
      Equation: "ElectronContinuityEquation"	RelError: 1.28199e-04	AbsError: 1.28176e+16
      Equation: "HoleContinuityEquation"	RelError: 1.28232e-04	AbsError: 1.28255e-04
      Equation: "PotentialEquation"	RelError: 3.02822e-06	AbsError: 3.31914e-06
    Region: "oxide"	RelError: 1.10057e-02	AbsError: 1.55259e-02
      Equation: "PotentialEquation"	RelError: 1.10057e-02	AbsError: 1.55259e-02
Iteration: 1
  Device: "mos2d"	RelError: 1.92859e-01	AbsError: 5.80084e+13
    Region: "bulk"	RelError: 1.92838e-01	AbsError: 5.80084e+13
      Equation: "ElectronContinuityEquation"	RelError: 4.03500e-02	AbsError: 2.19977e+13
      Equation: "HoleContinuityEquation"	RelError: 1.45356e-01	AbsError: 3.60107e+13
      Equation: "PotentialEquation"	RelError: 7.13232e-03	AbsError: 4.67415e-05
    Region: "gate"	RelError: 6.30400e-08	AbsError: 3.12699e+12
      Equation: "ElectronContinuityEquation"	RelError: 3.14805e-08	AbsError: 3.12699e+12
      Equation: "HoleContinuityEquation"	RelError: 3.08236e-08	AbsError: 3.10312e-08
      Equation: "PotentialEquation"	RelError: 7.35869e-10	AbsError: 8.06440e-10
    Region: "oxide"	RelError: 2.01202e-05	AbsError: 3.90467e-06
      Equation: "PotentialEquation"	RelError: 2.01202e-05	AbsError: 3.90467e-06
Iteration: 2
  Device: "mos2d"	RelError: 1.47851e-03	AbsError: 1.24098e+10
    Region: "bulk"	RelError: 1.47851e-03	AbsError: 1.24098e+10
      Equation: "ElectronContinuityEquation"	RelError: 1.38944e-03	AbsError: 2.62028e+09
      Equation: "HoleContinuityEquation"	RelError: 8.86611e-05	AbsError: 9.78948e+09
      Equation: "PotentialEquation"	RelError: 4.07475e-07	AbsError: 9.31714e-09
    Region: "gate"	RelError: 1.40542e-12	AbsError: 6.92468e+07
      Equation: "ElectronContinuityEquation"	RelError: 6.94184e-13	AbsError: 6.92468e+07
      Equation: "HoleContinuityEquation"	RelError: 6.94770e-13	AbsError: 6.96492e-13
      Equation: "PotentialEquation"	RelError: 1.64614e-14	AbsError: 1.80418e-14
    Region: "oxide"	RelError: 7.24043e-10	AbsError: 8.90555e-11
      Equation: "PotentialEquation"	RelError: 7.24043e-10	AbsError: 8.90555e-11
Iteration: 3
  Device: "mos2d"	RelError: 1.28040e-07	AbsError: 8.10862e+03
    Region: "bulk"	RelError: 1.28040e-07	AbsError: 1.72327e+03
      Equation: "ElectronContinuityEquation"	RelError: 1.09799e-07	AbsError: 1.05687e+03
      Equation: "HoleContinuityEquation"	RelError: 1.82407e-08	AbsError: 6.66392e+02
      Equation: "PotentialEquation"	RelError: 6.10843e-14	AbsError: 5.63087e-16
    Region: "gate"	RelError: 5.37330e-16	AbsError: 8.10862e+03
      Equation: "ElectronContinuityEquation"	RelError: 8.10862e-17	AbsError: 8.10862e+03
      Equation: "HoleContinuityEquation"	RelError: 3.54953e-16	AbsError: 3.58015e-16
      Equation: "PotentialEquation"	RelError: 1.01291e-16	AbsError: 1.11022e-16
    Region: "oxide"	RelError: 5.20603e-16	AbsError: 1.17667e-16
      Equation: "PotentialEquation"	RelError: 5.20603e-16	AbsError: 1.17667e-16
Succeeded
IVPOINT	IDVD_VG1P0	5.00000000e-01	1.18000000e+00	1.36723628e-08
drain last end 1.180000e+00 2.000000e+00
number of equations 5550
Iteration: 0
  Device: "mos2d"	RelError: 5.03888e+00	AbsError: 2.35260e+16
    Region: "bulk"	RelError: 5.02773e+00	AbsError: 2.35260e+16
      Equation: "ElectronContinuityEquation"	RelError: 3.49477e-01	AbsError: 2.19709e+16
      Equation: "HoleContinuityEquation"	RelError: 8.16318e-01	AbsError: 1.55506e+15
      Equation: "PotentialEquation"	RelError: 3.86194e+00	AbsError: 2.00000e-02
    Region: "gate"	RelError: 2.59491e-04	AbsError: 1.28208e+16
      Equation: "ElectronContinuityEquation"	RelError: 1.28215e-04	AbsError: 1.28208e+16
      Equation: "HoleContinuityEquation"	RelError: 1.28247e-04	AbsError: 1.28254e-04
      Equation: "PotentialEquation"	RelError: 3.02858e-06	AbsError: 3.31954e-06
    Region: "oxide"	RelError: 1.08862e-02	AbsError: 1.55263e-02
      Equation: "PotentialEquation"	RelError: 1.08862e-02	AbsError: 1.55263e-02
Iteration: 1
  Device: "mos2d"	RelError: 1.88414e-01	AbsError: 5.92431e+13
    Region: "bulk"	RelError: 1.88394e-01	AbsError: 5.92431e+13
      Equation: "ElectronContinuityEquation"	RelError: 4.02303e-02	AbsError: 2.22169e+13
      Equation: "HoleContinuityEquation"	RelError: 1.41903e-01	AbsError: 3.70262e+13
      Equation: "PotentialEquation"	RelError: 6.26109e-03	AbsError: 4.54851e-05
    Region: "gate"	RelError: 6.24029e-08	AbsError: 3.09595e+12
      Equation: "ElectronContinuityEquation"	RelError: 3.11672e-08	AbsError: 3.09595e+12
      Equation: "HoleContinuityEquation"	RelError: 3.05072e-08	AbsError: 3.07119e-08
      Equation: "PotentialEquation"	RelError: 7.28432e-10	AbsError: 7.98289e-10
    Region: "oxide"	RelError: 1.98172e-05	AbsError: 3.86232e-06
      Equation: "PotentialEquation"	RelError: 1.98172e-05	AbsError: 3.86232e-06
Iteration: 2
  Device: "mos2d"	RelError: 1.34696e-03	AbsError: 1.31222e+10
    Region: "bulk"	RelError: 1.34696e-03	AbsError: 1.31222e+10
      Equation: "ElectronContinuityEquation"	RelError: 1.25460e-03	AbsError: 2.64185e+09
      Equation: "HoleContinuityEquation"	RelError: 9.19107e-05	AbsError: 1.04804e+10
      Equation: "PotentialEquation"	RelError: 4.48571e-07	AbsError: 9.23365e-09
    Region: "gate"	RelError: 1.33010e-12	AbsError: 6.55635e+07
      Equation: "ElectronContinuityEquation"	RelError: 6.57209e-13	AbsError: 6.55635e+07
      Equation: "HoleContinuityEquation"	RelError: 6.57427e-13	AbsError: 6.59005e-13
      Equation: "PotentialEquation"	RelError: 1.54647e-14	AbsError: 1.69495e-14
    Region: "oxide"	RelError: 7.03646e-10	AbsError: 8.42718e-11
      Equation: "PotentialEquation"	RelError: 7.03646e-10	AbsError: 8.42718e-11
Iteration: 3
  Device: "mos2d"	RelError: 2.15628e-07	AbsError: 8.16866e+03
    Region: "bulk"	RelError: 2.15628e-07	AbsError: 2.24777e+03
      Equation: "ElectronContinuityEquation"	RelError: 1.92429e-07	AbsError: 1.47200e+03
      Equation: "HoleContinuityEquation"	RelError: 2.31989e-08	AbsError: 7.75777e+02
      Equation: "PotentialEquation"	RelError: 2.35194e-14	AbsError: 6.00149e-16
    Region: "gate"	RelError: 4.14712e-16	AbsError: 8.16866e+03
      Equation: "ElectronContinuityEquation"	RelError: 8.18065e-17	AbsError: 8.16866e+03
      Equation: "HoleContinuityEquation"	RelError: 2.31615e-16	AbsError: 2.33588e-16
      Equation: "PotentialEquation"	RelError: 1.01291e-16	AbsError: 1.11022e-16
    Region: "oxide"	RelError: 2.84708e-16	AbsError: 1.36919e-16
      Equation: "PotentialEquation"	RelError: 2.84708e-16	AbsError: 1.36919e-16
Succeeded
IVPOINT	IDVD_VG1P0	5.00000000e-01	1.20000000e+00	1.38366487e-08
drain last end 1.200000e+00 2.000000e+00
number of equations 5550
Iteration: 0
  Device: "mos2d"	RelError: 2.36852e+01	AbsError: 2.34927e+16
    Region: "bulk"	RelError: 2.36742e+01	AbsError: 2.34927e+16
      Equation: "ElectronContinuityEquation"	RelError: 3.48279e-01	AbsError: 2.19264e+16
      Equation: "HoleContinuityEquation"	RelError: 7.76508e-01	AbsError: 1.56631e+15
      Equation: "PotentialEquation"	RelError: 2.25494e+01	AbsError: 2.00000e-02
    Region: "gate"	RelError: 2.59521e-04	AbsError: 1.28240e+16
      Equation: "ElectronContinuityEquation"	RelError: 1.28230e-04	AbsError: 1.28240e+16
      Equation: "HoleContinuityEquation"	RelError: 1.28263e-04	AbsError: 1.28253e-04
      Equation: "PotentialEquation"	RelError: 3.02893e-06	AbsError: 3.31994e-06
    Region: "oxide"	RelError: 1.07693e-02	AbsError: 1.55268e-02
      Equation: "PotentialEquation"	RelError: 1.07693e-02	AbsError: 1.55268e-02
Iteration: 1
  Device: "mos2d"	RelError: 2.26253e-01	AbsError: 6.01121e+13
    Region: "bulk"	RelError: 2.26233e-01	AbsError: 6.01121e+13
      Equation: "ElectronContinuityEquation"	RelError: 4.00839e-02	AbsError: 2.24355e+13
      Equation: "HoleContinuityEquation"	RelError: 1.36188e-01	AbsError: 3.76766e+13
      Equation: "PotentialEquation"	RelError: 4.99617e-02	AbsError: 4.64802e-05
    Region: "gate"	RelError: 6.17758e-08	AbsError: 3.06541e+12
      Equation: "ElectronContinuityEquation"	RelError: 3.08589e-08	AbsError: 3.06541e+12
      Equation: "HoleContinuityEquation"	RelError: 3.01957e-08	AbsError: 3.03975e-08
      Equation: "PotentialEquation"	RelError: 7.21111e-10	AbsError: 7.90267e-10
    Region: "oxide"	RelError: 1.95356e-05	AbsError: 3.82069e-06
      Equation: "PotentialEquation"	RelError: 1.95356e-05	AbsError: 3.82069e-06
Iteration: 2
  Device: "mos2d"	RelError: 1.15939e-03	AbsError: 1.35928e+10
    Region: "bulk"	RelError: 1.15938e-03	AbsError: 1.35928e+10
      Equation: "ElectronContinuityEquation"	RelError: 1.06387e-03	AbsError: 2.64870e+09
      Equation: "HoleContinuityEquation"	RelError: 9.48164e-05	AbsError: 1.09441e+10
      Equation: "PotentialEquation"	RelError: 7.02092e-07	AbsError: 9.31061e-09
    Region: "gate"	RelError: 1.26342e-12	AbsError: 6.22752e+07
      Equation: "ElectronContinuityEquation"	RelError: 6.24199e-13	AbsError: 6.22752e+07
      Equation: "HoleContinuityEquation"	RelError: 6.24547e-13	AbsError: 6.25999e-13
      Equation: "PotentialEquation"	RelError: 1.46747e-14	AbsError: 1.60837e-14
    Region: "oxide"	RelError: 6.83438e-10	AbsError: 8.00410e-11
      Equation: "PotentialEquation"	RelError: 6.83438e-10	AbsError: 8.00410e-11
Iteration: 3
  Device: "mos2d"	RelError: 2.00546e-05	AbsError: 8.12626e+03
    Region: "bulk"	RelError: 2.00546e-05	AbsError: 2.03756e+03
      Equation: "ElectronContinuityEquation"	RelError: 2.00365e-05	AbsError: 1.20449e+03
      Equation: "HoleContinuityEquation"	RelError: 1.80822e-08	AbsError: 8.33072e+02
      Equation: "PotentialEquation"	RelError: 1.62406e-13	AbsError: 6.42511e-16
    Region: "gate"	RelError: 5.38685e-16	AbsError: 8.12626e+03
      Equation: "ElectronContinuityEquation"	RelError: 8.18831e-17	AbsError: 8.12626e+03
      Equation: "HoleContinuityEquation"	RelError: 3.54438e-16	AbsError: 3.57050e-16
      Equation: "PotentialEquation"	RelError: 1.02364e-16	AbsError: 1.12176e-16
    Region: "oxide"	RelError: 6.13522e-16	AbsError: 1.42773e-16
      Equation: "PotentialEquation"	RelError: 6.13522e-16	AbsError: 1.42773e-16
Succeeded
IVPOINT	IDVD_VG1P0	5.00000000e-01	1.22000000e+00	1.40029644e-08
drain last end 1.220000e+00 2.000000e+00
number of equations 5550
Iteration: 0
  Device: "mos2d"	RelError: 9.00931e+00	AbsError: 2.34569e+16
    Region: "bulk"	RelError: 8.99840e+00	AbsError: 2.34569e+16
      Equation: "ElectronContinuityEquation"	RelError: 3.46790e-01	AbsError: 2.18815e+16
      Equation: "HoleContinuityEquation"	RelError: 7.79123e-01	AbsError: 1.57542e+15
      Equation: "PotentialEquation"	RelError: 7.87248e+00	AbsError: 2.00000e-02
    Region: "gate"	RelError: 2.59552e-04	AbsError: 1.28271e+16
      Equation: "ElectronContinuityEquation"	RelError: 1.28245e-04	AbsError: 1.28271e+16
      Equation: "HoleContinuityEquation"	RelError: 1.28278e-04	AbsError: 1.28251e-04
      Equation: "PotentialEquation"	RelError: 3.02927e-06	AbsError: 3.32032e-06
    Region: "oxide"	RelError: 1.06549e-02	AbsError: 1.55273e-02
      Equation: "PotentialEquation"	RelError: 1.06549e-02	AbsError: 1.55273e-02
Iteration: 1
  Device: "mos2d"	RelError: 1.92341e-01	AbsError: 6.06074e+13
    Region: "bulk"	RelError: 1.92321e-01	AbsError: 6.06074e+13
      Equation: "ElectronContinuityEquation"	RelError: 3.99041e-02	AbsError: 2.26555e+13
      Equation: "HoleContinuityEquation"	RelError: 1.28468e-01	AbsError: 3.79519e+13
      Equation: "PotentialEquation"	RelError: 2.39496e-02	AbsError: 4.72662e-05
    Region: "gate"	RelError: 6.11622e-08	AbsError: 3.03552e+12
      Equation: "ElectronContinuityEquation"	RelError: 3.05573e-08	AbsError: 3.03552e+12
      Equation: "HoleContinuityEquation"	RelError: 2.98910e-08	AbsError: 3.00900e-08
      Equation: "PotentialEquation"	RelError: 7.13948e-10	AbsError: 7.82418e-10
    Region: "oxide"	RelError: 1.92662e-05	AbsError: 3.78002e-06
      Equation: "PotentialEquation"	RelError: 1.92662e-05	AbsError: 3.78002e-06
Iteration: 2
  Device: "mos2d"	RelError: 1.22622e-03	AbsError: 1.38039e+10
    Region: "bulk"	RelError: 1.22622e-03	AbsError: 1.38039e+10
      Equation: "ElectronContinuityEquation"	RelError: 1.12659e-03	AbsError: 2.63864e+09
      Equation: "HoleContinuityEquation"	RelError: 9.73595e-05	AbsError: 1.11652e+10
      Equation: "PotentialEquation"	RelError: 2.27032e-06	AbsError: 9.25313e-09
    Region: "gate"	RelError: 1.20714e-12	AbsError: 5.94942e+07
      Equation: "ElectronContinuityEquation"	RelError: 5.96279e-13	AbsError: 5.94942e+07
      Equation: "HoleContinuityEquation"	RelError: 5.96683e-13	AbsError: 5.98024e-13
      Equation: "PotentialEquation"	RelError: 1.41782e-14	AbsError: 1.55396e-14
    Region: "oxide"	RelError: 6.63480e-10	AbsError: 7.64548e-11
      Equation: "PotentialEquation"	RelError: 6.63480e-10	AbsError: 7.64548e-11
Iteration: 3
  Device: "mos2d"	RelError: 9.99291e-07	AbsError: 8.11581e+03
    Region: "bulk"	RelError: 9.99291e-07	AbsError: 2.49326e+03
      Equation: "ElectronContinuityEquation"	RelError: 9.83938e-07	AbsError: 1.63700e+03
      Equation: "HoleContinuityEquation"	RelError: 1.53519e-08	AbsError: 8.56263e+02
      Equation: "PotentialEquation"	RelError: 7.83133e-13	AbsError: 6.22601e-16
    Region: "gate"	RelError: 3.64251e-16	AbsError: 8.11581e+03
      Equation: "ElectronContinuityEquation"	RelError: 8.11581e-17	AbsError: 8.11581e+03
      Equation: "HoleContinuityEquation"	RelError: 1.81802e-16	AbsError: 1.83285e-16
      Equation: "PotentialEquation"	RelError: 1.01291e-16	AbsError: 1.11022e-16
    Region: "oxide"	RelError: 3.50290e-16	AbsError: 1.04271e-16
      Equation: "PotentialEquation"	RelError: 3.50290e-16	AbsError: 1.04271e-16
Succeeded
IVPOINT	IDVD_VG1P0	5.00000000e-01	1.24000000e+00	1.41700992e-08
drain last end 1.240000e+00 2.000000e+00
number of equations 5550
Iteration: 0
  Device: "mos2d"	RelError: 3.97645e+00	AbsError: 2.34183e+16
    Region: "bulk"	RelError: 3.96564e+00	AbsError: 2.34183e+16
      Equation: "ElectronContinuityEquation"	RelError: 3.44938e-01	AbsError: 2.18361e+16
      Equation: "HoleContinuityEquation"	RelError: 7.83274e-01	AbsError: 1.58224e+15
      Equation: "PotentialEquation"	RelError: 2.83743e+00	AbsError: 2.00000e-02
    Region: "gate"	RelError: 2.59581e-04	AbsError: 1.28302e+16
      Equation: "ElectronContinuityEquation"	RelError: 1.28259e-04	AbsError: 1.28302e+16
      Equation: "HoleContinuityEquation"	RelError: 1.28292e-04	AbsError: 1.28250e-04
      Equation: "PotentialEquation"	RelError: 3.02961e-06	AbsError: 3.32070e-06
    Region: "oxide"	RelError: 1.05429e-02	AbsError: 1.55278e-02
      Equation: "PotentialEquation"	RelError: 1.05429e-02	AbsError: 1.55278e-02
Iteration: 1
  Device: "mos2d"	RelError: 1.78299e-01	AbsError: 6.07321e+13
    Region: "bulk"	RelError: 1.78280e-01	AbsError: 6.07321e+13
      Equation: "ElectronContinuityEquation"	RelError: 3.96823e-02	AbsError: 2.28791e+13
      Equation: "HoleContinuityEquation"	RelError: 1.29426e-01	AbsError: 3.78530e+13
      Equation: "PotentialEquation"	RelError: 9.17130e-03	AbsError: 4.78131e-05
    Region: "gate"	RelError: 6.05653e-08	AbsError: 3.00645e+12
      Equation: "ElectronContinuityEquation"	RelError: 3.02639e-08	AbsError: 3.00645e+12
      Equation: "HoleContinuityEquation"	RelError: 2.95944e-08	AbsError: 2.97907e-08
      Equation: "PotentialEquation"	RelError: 7.06980e-10	AbsError: 7.74782e-10
    Region: "oxide"	RelError: 1.90029e-05	AbsError: 3.74051e-06
      Equation: "PotentialEquation"	RelError: 1.90029e-05	AbsError: 3.74051e-06
Iteration: 2
  Device: "mos2d"	RelError: 1.32844e-03	AbsError: 1.37515e+10
    Region: "bulk"	RelError: 1.32844e-03	AbsError: 1.37515e+10
      Equation: "ElectronContinuityEquation"	RelError: 1.22844e-03	AbsError: 2.60912e+09
      Equation: "HoleContinuityEquation"	RelError: 9.95223e-05	AbsError: 1.11424e+10
      Equation: "PotentialEquation"	RelError: 4.77631e-07	AbsError: 9.55876e-09
    Region: "gate"	RelError: 1.16138e-12	AbsError: 5.72428e+07
      Equation: "ElectronContinuityEquation"	RelError: 5.73671e-13	AbsError: 5.72428e+07
      Equation: "HoleContinuityEquation"	RelError: 5.74151e-13	AbsError: 5.75398e-13
      Equation: "PotentialEquation"	RelError: 1.35577e-14	AbsError: 1.48595e-14
    Region: "oxide"	RelError: 6.43778e-10	AbsError: 7.35761e-11
      Equation: "PotentialEquation"	RelError: 6.43778e-10	AbsError: 7.35761e-11
Iteration: 3
  Device: "mos2d"	RelError: 1.21418e-06	AbsError: 8.15754e+03
    Region: "bulk"	RelError: 1.21418e-06	AbsError: 2.51402e+03
      Equation: "ElectronContinuityEquation"	RelError: 1.19545e-06	AbsError: 1.66360e+03
      Equation: "HoleContinuityEquation"	RelError: 1.87338e-08	AbsError: 8.50422e+02
      Equation: "PotentialEquation"	RelError: 1.33531e-13	AbsError: 6.20939e-16
    Region: "gate"	RelError: 3.99910e-16	AbsError: 8.15754e+03
      Equation: "ElectronContinuityEquation"	RelError: 8.22107e-17	AbsError: 8.15754e+03
      Equation: "HoleContinuityEquation"	RelError: 2.16409e-16	AbsError: 2.17996e-16
      Equation: "PotentialEquation"	RelError: 1.01291e-16	AbsError: 1.11022e-16
    Region: "oxide"	RelError: 3.99983e-16	AbsError: 1.08664e-16
      Equation: "PotentialEquation"	RelError: 3.99983e-16	AbsError: 1.08664e-16
Succeeded
IVPOINT	IDVD_VG1P0	5.00000000e-01	1.26000000e+00	1.43389129e-08
drain last end 1.260000e+00 2.000000e+00
number of equations 5550
Iteration: 0
  Device: "mos2d"	RelError: 1.92827e+01	AbsError: 2.33769e+16
    Region: "bulk"	RelError: 1.92720e+01	AbsError: 2.33769e+16
      Equation: "ElectronContinuityEquation"	RelError: 3.42632e-01	AbsError: 2.17903e+16
      Equation: "HoleContinuityEquation"	RelError: 7.86904e-01	AbsError: 1.58661e+15
      Equation: "PotentialEquation"	RelError: 1.81424e+01	AbsError: 2.00000e-02
    Region: "gate"	RelError: 2.59610e-04	AbsError: 1.28333e+16
      Equation: "ElectronContinuityEquation"	RelError: 1.28274e-04	AbsError: 1.28333e+16
      Equation: "HoleContinuityEquation"	RelError: 1.28307e-04	AbsError: 1.28247e-04
      Equation: "PotentialEquation"	RelError: 3.02994e-06	AbsError: 3.32107e-06
    Region: "oxide"	RelError: 1.04333e-02	AbsError: 1.55283e-02
      Equation: "PotentialEquation"	RelError: 1.04333e-02	AbsError: 1.55283e-02
Iteration: 1
  Device: "mos2d"	RelError: 2.05818e-01	AbsError: 6.05003e+13
    Region: "bulk"	RelError: 2.05800e-01	AbsError: 6.05003e+13
      Equation: "ElectronContinuityEquation"	RelError: 3.94080e-02	AbsError: 2.31080e+13
      Equation: "HoleContinuityEquation"	RelError: 1.30308e-01	AbsError: 3.73923e+13
      Equation: "PotentialEquation"	RelError: 3.60836e-02	AbsError: 4.80955e-05
    Region: "gate"	RelError: 5.99876e-08	AbsError: 2.97832e+12
      Equation: "ElectronContinuityEquation"	RelError: 2.99800e-08	AbsError: 2.97832e+12
      Equation: "HoleContinuityEquation"	RelError: 2.93074e-08	AbsError: 2.95010e-08
      Equation: "PotentialEquation"	RelError: 7.00236e-10	AbsError: 7.67391e-10
    Region: "oxide"	RelError: 1.87460e-05	AbsError: 3.70233e-06
      Equation: "PotentialEquation"	RelError: 1.87460e-05	AbsError: 3.70233e-06
Iteration: 2
  Device: "mos2d"	RelError: 1.38398e-03	AbsError: 1.34456e+10
    Region: "bulk"	RelError: 1.38398e-03	AbsError: 1.34456e+10
      Equation: "ElectronContinuityEquation"	RelError: 1.28004e-03	AbsError: 2.55760e+09
      Equation: "HoleContinuityEquation"	RelError: 1.01300e-04	AbsError: 1.08880e+10
      Equation: "PotentialEquation"	RelError: 2.63507e-06	AbsError: 1.00433e-08
    Region: "gate"	RelError: 1.12712e-12	AbsError: 5.55569e+07
      Equation: "ElectronContinuityEquation"	RelError: 5.56732e-13	AbsError: 5.55569e+07
      Equation: "HoleContinuityEquation"	RelError: 5.57244e-13	AbsError: 5.58410e-13
      Equation: "PotentialEquation"	RelError: 1.31439e-14	AbsError: 1.44060e-14
    Region: "oxide"	RelError: 6.24291e-10	AbsError: 7.14389e-11
      Equation: "PotentialEquation"	RelError: 6.24291e-10	AbsError: 7.14389e-11
Iteration: 3
  Device: "mos2d"	RelError: 2.80411e-07	AbsError: 8.22169e+03
    Region: "bulk"	RelError: 2.80411e-07	AbsError: 1.98214e+03
      Equation: "ElectronContinuityEquation"	RelError: 2.62030e-07	AbsError: 1.16242e+03
      Equation: "HoleContinuityEquation"	RelError: 1.83814e-08	AbsError: 8.19719e+02
      Equation: "PotentialEquation"	RelError: 2.03315e-13	AbsError: 7.13572e-16
    Region: "gate"	RelError: 4.24563e-16	AbsError: 8.22169e+03
      Equation: "ElectronContinuityEquation"	RelError: 8.29149e-17	AbsError: 8.22169e+03
      Equation: "HoleContinuityEquation"	RelError: 2.40357e-16	AbsError: 2.40861e-16
      Equation: "PotentialEquation"	RelError: 1.01291e-16	AbsError: 1.11022e-16
    Region: "oxide"	RelError: 3.79725e-16	AbsError: 1.29790e-16
      Equation: "PotentialEquation"	RelError: 3.79725e-16	AbsError: 1.29790e-16
Succeeded
IVPOINT	IDVD_VG1P0	5.00000000e-01	1.28000000e+00	1.45093897e-08
drain last end 1.280000e+00 2.000000e+00
number of equations 5550
Iteration: 0
  Device: "mos2d"	RelError: 2.54492e+00	AbsError: 2.33324e+16
    Region: "bulk"	RelError: 2.53434e+00	AbsError: 2.33324e+16
      Equation: "ElectronContinuityEquation"	RelError: 3.39761e-01	AbsError: 2.17440e+16
      Equation: "HoleContinuityEquation"	RelError: 7.89730e-01	AbsError: 1.58839e+15
      Equation: "PotentialEquation"	RelError: 1.40485e+00	AbsError: 2.00000e-02
    Region: "gate"	RelError: 2.59639e-04	AbsError: 1.28364e+16
      Equation: "ElectronContinuityEquation"	RelError: 1.28288e-04	AbsError: 1.28364e+16
      Equation: "HoleContinuityEquation"	RelError: 1.28321e-04	AbsError: 1.28245e-04
      Equation: "PotentialEquation"	RelError: 3.03026e-06	AbsError: 3.32144e-06
    Region: "oxide"	RelError: 1.03259e-02	AbsError: 1.55289e-02
      Equation: "PotentialEquation"	RelError: 1.03259e-02	AbsError: 1.55289e-02
Iteration: 1
  Device: "mos2d"	RelError: 1.74053e-01	AbsError: 5.99363e+13
    Region: "bulk"	RelError: 1.74034e-01	AbsError: 5.99363e+13
      Equation: "ElectronContinuityEquation"	RelError: 3.90686e-02	AbsError: 2.33437e+13
      Equation: "HoleContinuityEquation"	RelError: 1.31070e-01	AbsError: 3.65926e+13
      Equation: "PotentialEquation"	RelError: 3.89554e-03	AbsError: 4.80949e-05
    Region: "gate"	RelError: 5.94310e-08	AbsError: 2.95123e+12
      Equation: "ElectronContinuityEquation"	RelError: 2.97064e-08	AbsError: 2.95123e+12
      Equation: "HoleContinuityEquation"	RelError: 2.90308e-08	AbsError: 2.92218e-08
      Equation: "PotentialEquation"	RelError: 6.93738e-10	AbsError: 7.60271e-10
    Region: "oxide"	RelError: 1.84959e-05	AbsError: 3.66566e-06
      Equation: "PotentialEquation"	RelError: 1.84959e-05	AbsError: 3.66566e-06
Iteration: 2
  Device: "mos2d"	RelError: 1.37215e-03	AbsError: 1.29089e+10
    Region: "bulk"	RelError: 1.37215e-03	AbsError: 1.29089e+10
      Equation: "ElectronContinuityEquation"	RelError: 1.26880e-03	AbsError: 2.48203e+09
      Equation: "HoleContinuityEquation"	RelError: 1.02685e-04	AbsError: 1.04269e+10
      Equation: "PotentialEquation"	RelError: 6.67675e-07	AbsError: 1.03548e-08
    Region: "gate"	RelError: 1.10445e-12	AbsError: 5.44569e+07
      Equation: "ElectronContinuityEquation"	RelError: 5.45667e-13	AbsError: 5.44569e+07
      Equation: "HoleContinuityEquation"	RelError: 5.45957e-13	AbsError: 5.47058e-13
      Equation: "PotentialEquation"	RelError: 1.28276e-14	AbsError: 1.40593e-14
    Region: "oxide"	RelError: 6.04961e-10	AbsError: 7.00521e-11
      Equation: "PotentialEquation"	RelError: 6.04961e-10	AbsError: 7.00521e-11
Iteration: 3
  Device: "mos2d"	RelError: 1.42200e-06	AbsError: 8.17632e+03
    Region: "bulk"	RelError: 1.42200e-06	AbsError: 2.63528e+03
      Equation: "ElectronContinuityEquation"	RelError: 1.41146e-06	AbsError: 1.90005e+03
      Equation: "HoleContinuityEquation"	RelError: 1.05445e-08	AbsError: 7.35231e+02
      Equation: "PotentialEquation"	RelError: 6.68830e-14	AbsError: 8.10837e-16
    Region: "gate"	RelError: 4.04946e-16	AbsError: 8.17632e+03
      Equation: "ElectronContinuityEquation"	RelError: 8.17634e-17	AbsError: 8.17632e+03
      Equation: "HoleContinuityEquation"	RelError: 2.21892e-16	AbsError: 2.23100e-16
      Equation: "PotentialEquation"	RelError: 1.01291e-16	AbsError: 1.11022e-16
    Region: "oxide"	RelError: 4.40469e-16	AbsError: 1.19331e-16
      Equation: "PotentialEquation"	RelError: 4.40469e-16	AbsError: 1.19331e-16
Succeeded
IVPOINT	IDVD_VG1P0	5.00000000e-01	1.30000000e+00	1.46808362e-08
drain last end 1.300000e+00 2.000000e+00
number of equations 5550
Iteration: 0
  Device: "mos2d"	RelError: 1.85065e+00	AbsError: 2.32846e+16
    Region: "bulk"	RelError: 1.84017e+00	AbsError: 2.32846e+16
      Equation: "ElectronContinuityEquation"	RelError: 3.36194e-01	AbsError: 2.16972e+16
      Equation: "HoleContinuityEquation"	RelError: 7.91324e-01	AbsError: 1.58745e+15
      Equation: "PotentialEquation"	RelError: 7.12655e-01	AbsError: 2.00000e-02
    Region: "gate"	RelError: 2.59667e-04	AbsError: 1.28394e+16
      Equation: "ElectronContinuityEquation"	RelError: 1.28302e-04	AbsError: 1.28394e+16
      Equation: "HoleContinuityEquation"	RelError: 1.28334e-04	AbsError: 1.28242e-04
      Equation: "PotentialEquation"	RelError: 3.03057e-06	AbsError: 3.32179e-06
    Region: "oxide"	RelError: 1.02207e-02	AbsError: 1.55294e-02
      Equation: "PotentialEquation"	RelError: 1.02207e-02	AbsError: 1.55294e-02
Iteration: 1
  Device: "mos2d"	RelError: 1.72327e-01	AbsError: 5.90737e+13
    Region: "bulk"	RelError: 1.72309e-01	AbsError: 5.90737e+13
      Equation: "ElectronContinuityEquation"	RelError: 3.86488e-02	AbsError: 2.35876e+13
      Equation: "HoleContinuityEquation"	RelError: 1.31649e-01	AbsError: 3.54861e+13
      Equation: "PotentialEquation"	RelError: 2.01174e-03	AbsError: 4.78008e-05
    Region: "gate"	RelError: 5.88969e-08	AbsError: 2.92524e+12
      Equation: "ElectronContinuityEquation"	RelError: 2.94441e-08	AbsError: 2.92524e+12
      Equation: "HoleContinuityEquation"	RelError: 2.87654e-08	AbsError: 2.89539e-08
      Equation: "PotentialEquation"	RelError: 6.87504e-10	AbsError: 7.53440e-10
    Region: "oxide"	RelError: 1.82529e-05	AbsError: 3.63228e-06
      Equation: "PotentialEquation"	RelError: 1.82529e-05	AbsError: 3.63228e-06
Iteration: 2
  Device: "mos2d"	RelError: 1.29527e-03	AbsError: 1.21750e+10
    Region: "bulk"	RelError: 1.29527e-03	AbsError: 1.21750e+10
      Equation: "ElectronContinuityEquation"	RelError: 1.19131e-03	AbsError: 2.38138e+09
      Equation: "HoleContinuityEquation"	RelError: 1.03686e-04	AbsError: 9.79359e+09
      Equation: "PotentialEquation"	RelError: 2.77185e-07	AbsError: 1.04682e-08
    Region: "gate"	RelError: 1.09321e-12	AbsError: 5.38991e+07
      Equation: "ElectronContinuityEquation"	RelError: 5.40037e-13	AbsError: 5.38991e+07
      Equation: "HoleContinuityEquation"	RelError: 5.40396e-13	AbsError: 5.41444e-13
      Equation: "PotentialEquation"	RelError: 1.27783e-14	AbsError: 1.40053e-14
    Region: "oxide"	RelError: 5.85730e-10	AbsError: 6.94024e-11
      Equation: "PotentialEquation"	RelError: 5.85730e-10	AbsError: 6.94024e-11
Iteration: 3
  Device: "mos2d"	RelError: 7.83927e-07	AbsError: 7.96975e+03
    Region: "bulk"	RelError: 7.83927e-07	AbsError: 2.00429e+03
      Equation: "ElectronContinuityEquation"	RelError: 7.57276e-07	AbsError: 1.26675e+03
      Equation: "HoleContinuityEquation"	RelError: 2.66503e-08	AbsError: 7.37542e+02
      Equation: "PotentialEquation"	RelError: 9.22766e-14	AbsError: 8.02915e-16
    Region: "gate"	RelError: 4.25232e-16	AbsError: 7.96975e+03
      Equation: "ElectronContinuityEquation"	RelError: 8.03731e-17	AbsError: 7.96975e+03
      Equation: "HoleContinuityEquation"	RelError: 2.43568e-16	AbsError: 2.45547e-16
      Equation: "PotentialEquation"	RelError: 1.01291e-16	AbsError: 1.11022e-16
    Region: "oxide"	RelError: 5.96631e-16	AbsError: 1.29725e-16
      Equation: "PotentialEquation"	RelError: 5.96631e-16	AbsError: 1.29725e-16
Succeeded
IVPOINT	IDVD_VG1P0	5.00000000e-01	1.32000000e+00	1.48549109e-08
drain last end 1.320000e+00 2.000000e+00
number of equations 5550
Iteration: 0
  Device: "mos2d"	RelError: 3.66882e+00	AbsError: 2.32336e+16
    Region: "bulk"	RelError: 3.65844e+00	AbsError: 2.32336e+16
      Equation: "ElectronContinuityEquation"	RelError: 3.31776e-01	AbsError: 2.16499e+16
      Equation: "HoleContinuityEquation"	RelError: 7.91038e-01	AbsError: 1.58365e+15
      Equation: "PotentialEquation"	RelError: 2.53562e+00	AbsError: 2.00000e-02
    Region: "gate"	RelError: 2.59694e-04	AbsError: 1.28424e+16
      Equation: "ElectronContinuityEquation"	RelError: 1.28315e-04	AbsError: 1.28424e+16
      Equation: "HoleContinuityEquation"	RelError: 1.28348e-04	AbsError: 1.28239e-04
      Equation: "PotentialEquation"	RelError: 3.03088e-06	AbsError: 3.32214e-06
    Region: "oxide"	RelError: 1.01177e-02	AbsError: 1.55300e-02
      Equation: "PotentialEquation"	RelError: 1.01177e-02	AbsError: 1.55300e-02
Iteration: 1
  Device: "mos2d"	RelError: 1.75982e-01	AbsError: 5.79531e+13
    Region: "bulk"	RelError: 1.75964e-01	AbsError: 5.79531e+13
      Equation: "ElectronContinuityEquation"	RelError: 3.81306e-02	AbsError: 2.38406e+13
      Equation: "HoleContinuityEquation"	RelError: 1.31947e-01	AbsError: 3.41125e+13
      Equation: "PotentialEquation"	RelError: 5.88637e-03	AbsError: 4.72130e-05
    Region: "gate"	RelError: 5.83862e-08	AbsError: 2.90039e+12
      Equation: "ElectronContinuityEquation"	RelError: 2.91932e-08	AbsError: 2.90039e+12
      Equation: "HoleContinuityEquation"	RelError: 2.85115e-08	AbsError: 2.86975e-08
      Equation: "PotentialEquation"	RelError: 6.81542e-10	AbsError: 7.46906e-10
    Region: "oxide"	RelError: 1.80170e-05	AbsError: 3.60037e-06
      Equation: "PotentialEquation"	RelError: 1.80170e-05	AbsError: 3.60037e-06
Iteration: 2
  Device: "mos2d"	RelError: 1.16034e-03	AbsError: 1.16113e+10
    Region: "bulk"	RelError: 1.16034e-03	AbsError: 1.16113e+10
      Equation: "ElectronContinuityEquation"	RelError: 1.05578e-03	AbsError: 2.25599e+09
      Equation: "HoleContinuityEquation"	RelError: 1.04292e-04	AbsError: 9.35534e+09
      Equation: "PotentialEquation"	RelError: 2.61553e-07	AbsError: 1.03699e-08
    Region: "gate"	RelError: 1.09268e-12	AbsError: 5.38766e+07
      Equation: "ElectronContinuityEquation"	RelError: 5.39769e-13	AbsError: 5.38766e+07
      Equation: "HoleContinuityEquation"	RelError: 5.40069e-13	AbsError: 5.41075e-13
      Equation: "PotentialEquation"	RelError: 1.28415e-14	AbsError: 1.40746e-14
    Region: "oxide"	RelError: 5.66566e-10	AbsError: 6.94584e-11
      Equation: "PotentialEquation"	RelError: 5.66566e-10	AbsError: 6.94584e-11
Iteration: 3
  Device: "mos2d"	RelError: 6.04997e-05	AbsError: 7.95763e+03
    Region: "bulk"	RelError: 6.04997e-05	AbsError: 1.93377e+03
      Equation: "ElectronContinuityEquation"	RelError: 6.04808e-05	AbsError: 1.18793e+03
      Equation: "HoleContinuityEquation"	RelError: 1.88954e-08	AbsError: 7.45834e+02
      Equation: "PotentialEquation"	RelError: 1.25759e-13	AbsError: 8.34888e-16
    Region: "gate"	RelError: 3.74449e-16	AbsError: 7.95763e+03
      Equation: "ElectronContinuityEquation"	RelError: 7.95763e-17	AbsError: 7.95763e+03
      Equation: "HoleContinuityEquation"	RelError: 1.92687e-16	AbsError: 1.94035e-16
      Equation: "PotentialEquation"	RelError: 1.02186e-16	AbsError: 1.11981e-16
    Region: "oxide"	RelError: 3.30130e-16	AbsError: 1.14729e-16
      Equation: "PotentialEquation"	RelError: 3.30130e-16	AbsError: 1.14729e-16
Succeeded
IVPOINT	IDVD_VG1P0	5.00000000e-01	1.34000000e+00	1.50292106e-08
drain last end 1.340000e+00 2.000000e+00
number of equations 5550
Iteration: 0
  Device: "mos2d"	RelError: 5.68412e+00	AbsError: 2.31791e+16
    Region: "bulk"	RelError: 5.67385e+00	AbsError: 2.31791e+16
      Equation: "ElectronContinuityEquation"	RelError: 3.26329e-01	AbsError: 2.16022e+16
      Equation: "HoleContinuityEquation"	RelError: 7.87903e-01	AbsError: 1.57691e+15
      Equation: "PotentialEquation"	RelError: 4.55961e+00	AbsError: 2.00000e-02
    Region: "gate"	RelError: 2.59720e-04	AbsError: 1.28453e+16
      Equation: "ElectronContinuityEquation"	RelError: 1.28328e-04	AbsError: 1.28453e+16
      Equation: "HoleContinuityEquation"	RelError: 1.28361e-04	AbsError: 1.28236e-04
      Equation: "PotentialEquation"	RelError: 3.03118e-06	AbsError: 3.32247e-06
    Region: "oxide"	RelError: 1.00167e-02	AbsError: 1.55305e-02
      Equation: "PotentialEquation"	RelError: 1.00167e-02	AbsError: 1.55305e-02
Iteration: 1
  Device: "mos2d"	RelError: 1.80642e-01	AbsError: 5.66201e+13
    Region: "bulk"	RelError: 1.80624e-01	AbsError: 5.66201e+13
      Equation: "ElectronContinuityEquation"	RelError: 3.74933e-02	AbsError: 2.41037e+13
      Equation: "HoleContinuityEquation"	RelError: 1.31821e-01	AbsError: 3.25164e+13
      Equation: "PotentialEquation"	RelError: 1.13099e-02	AbsError: 4.63418e-05
    Region: "gate"	RelError: 5.78988e-08	AbsError: 2.87669e+12
      Equation: "ElectronContinuityEquation"	RelError: 2.89539e-08	AbsError: 2.87669e+12
      Equation: "HoleContinuityEquation"	RelError: 2.82691e-08	AbsError: 2.84529e-08
      Equation: "PotentialEquation"	RelError: 6.75852e-10	AbsError: 7.40671e-10
    Region: "oxide"	RelError: 1.77882e-05	AbsError: 3.56996e-06
      Equation: "PotentialEquation"	RelError: 1.77882e-05	AbsError: 3.56996e-06
Iteration: 2
  Device: "mos2d"	RelError: 1.10482e-03	AbsError: 1.12554e+10
    Region: "bulk"	RelError: 1.10482e-03	AbsError: 1.12554e+10
      Equation: "ElectronContinuityEquation"	RelError: 9.99714e-04	AbsError: 2.10785e+09
      Equation: "HoleContinuityEquation"	RelError: 1.04515e-04	AbsError: 9.14756e+09
      Equation: "PotentialEquation"	RelError: 5.90173e-07	AbsError: 1.00607e-08
    Region: "gate"	RelError: 1.10201e-12	AbsError: 5.43514e+07
      Equation: "ElectronContinuityEquation"	RelError: 5.44484e-13	AbsError: 5.43514e+07
      Equation: "HoleContinuityEquation"	RelError: 5.44717e-13	AbsError: 5.45690e-13
      Equation: "PotentialEquation"	RelError: 1.28128e-14	AbsError: 1.40432e-14
    Region: "oxide"	RelError: 5.47479e-10	AbsError: 7.01754e-11
      Equation: "PotentialEquation"	RelError: 5.47479e-10	AbsError: 7.01754e-11
Iteration: 3
  Device: "mos2d"	RelError: 7.25757e-05	AbsError: 8.18511e+03
    Region: "bulk"	RelError: 7.25757e-05	AbsError: 2.23467e+03
      Equation: "ElectronContinuityEquation"	RelError: 7.25572e-05	AbsError: 1.50788e+03
      Equation: "HoleContinuityEquation"	RelError: 1.84797e-08	AbsError: 7.26793e+02
      Equation: "PotentialEquation"	RelError: 1.18545e-13	AbsError: 8.43571e-16
    Region: "gate"	RelError: 3.86620e-16	AbsError: 8.18511e+03
      Equation: "ElectronContinuityEquation"	RelError: 8.18511e-17	AbsError: 8.18511e+03
      Equation: "HoleContinuityEquation"	RelError: 2.03478e-16	AbsError: 2.04801e-16
      Equation: "PotentialEquation"	RelError: 1.01291e-16	AbsError: 1.11022e-16
    Region: "oxide"	RelError: 3.34940e-16	AbsError: 1.58028e-16
      Equation: "PotentialEquation"	RelError: 3.34940e-16	AbsError: 1.58028e-16
Succeeded
IVPOINT	IDVD_VG1P0	5.00000000e-01	1.36000000e+00	1.52053884e-08
drain last end 1.360000e+00 2.000000e+00
number of equations 5550
Iteration: 0
  Device: "mos2d"	RelError: 1.92988e+00	AbsError: 2.31210e+16
    Region: "bulk"	RelError: 1.91970e+00	AbsError: 2.31210e+16
      Equation: "ElectronContinuityEquation"	RelError: 3.19660e-01	AbsError: 2.15539e+16
      Equation: "HoleContinuityEquation"	RelError: 7.80500e-01	AbsError: 1.56712e+15
      Equation: "PotentialEquation"	RelError: 8.19540e-01	AbsError: 2.00000e-02
    Region: "gate"	RelError: 2.59745e-04	AbsError: 1.28482e+16
      Equation: "ElectronContinuityEquation"	RelError: 1.28341e-04	AbsError: 1.28482e+16
      Equation: "HoleContinuityEquation"	RelError: 1.28373e-04	AbsError: 1.28232e-04
      Equation: "PotentialEquation"	RelError: 3.03147e-06	AbsError: 3.32280e-06
    Region: "oxide"	RelError: 9.91769e-03	AbsError: 1.55311e-02
      Equation: "PotentialEquation"	RelError: 9.91769e-03	AbsError: 1.55311e-02
Iteration: 1
  Device: "mos2d"	RelError: 1.70394e-01	AbsError: 5.57838e+13
    Region: "bulk"	RelError: 1.70376e-01	AbsError: 5.57838e+13
      Equation: "ElectronContinuityEquation"	RelError: 3.67142e-02	AbsError: 2.43775e+13
      Equation: "HoleContinuityEquation"	RelError: 1.31057e-01	AbsError: 3.14063e+13
      Equation: "PotentialEquation"	RelError: 2.60487e-03	AbsError: 4.52080e-05
    Region: "gate"	RelError: 5.74345e-08	AbsError: 2.85411e+12
      Equation: "ElectronContinuityEquation"	RelError: 2.87259e-08	AbsError: 2.85411e+12
      Equation: "HoleContinuityEquation"	RelError: 2.80382e-08	AbsError: 2.82197e-08
      Equation: "PotentialEquation"	RelError: 6.70432e-10	AbsError: 7.34731e-10
    Region: "oxide"	RelError: 1.75664e-05	AbsError: 3.54100e-06
      Equation: "PotentialEquation"	RelError: 1.75664e-05	AbsError: 3.54100e-06
Iteration: 2
  Device: "mos2d"	RelError: 1.07766e-03	AbsError: 1.06901e+10
    Region: "bulk"	RelError: 1.07766e-03	AbsError: 1.06901e+10
      Equation: "ElectronContinuityEquation"	RelError: 9.73015e-04	AbsError: 1.94061e+09
      Equation: "HoleContinuityEquation"	RelError: 1.04360e-04	AbsError: 8.74948e+09
      Equation: "PotentialEquation"	RelError: 2.81960e-07	AbsError: 9.55597e-09
    Region: "gate"	RelError: 1.12099e-12	AbsError: 5.52975e+07
      Equation: "ElectronContinuityEquation"	RelError: 5.53920e-13	AbsError: 5.52975e+07
      Equation: "HoleContinuityEquation"	RelError: 5.54077e-13	AbsError: 5.55024e-13
      Equation: "PotentialEquation"	RelError: 1.29925e-14	AbsError: 1.42402e-14
    Region: "oxide"	RelError: 5.28533e-10	AbsError: 7.14977e-11
      Equation: "PotentialEquation"	RelError: 5.28533e-10	AbsError: 7.14977e-11
Iteration: 3
  Device: "mos2d"	RelError: 8.71216e-05	AbsError: 8.03499e+03
    Region: "bulk"	RelError: 8.71216e-05	AbsError: 1.77238e+03
      Equation: "ElectronContinuityEquation"	RelError: 8.71103e-05	AbsError: 1.09781e+03
      Equation: "HoleContinuityEquation"	RelError: 1.13588e-08	AbsError: 6.74565e+02
      Equation: "PotentialEquation"	RelError: 1.05728e-13	AbsError: 7.47104e-16
    Region: "gate"	RelError: 3.54685e-16	AbsError: 8.03499e+03
      Equation: "ElectronContinuityEquation"	RelError: 8.03499e-17	AbsError: 8.03499e+03
      Equation: "HoleContinuityEquation"	RelError: 1.73044e-16	AbsError: 1.74255e-16
      Equation: "PotentialEquation"	RelError: 1.01291e-16	AbsError: 1.11022e-16
    Region: "oxide"	RelError: 3.99480e-16	AbsError: 1.47460e-16
      Equation: "PotentialEquation"	RelError: 3.99480e-16	AbsError: 1.47460e-16
Succeeded
IVPOINT	IDVD_VG1P0	5.00000000e-01	1.38000000e+00	1.53839421e-08
drain last end 1.380000e+00 2.000000e+00
number of equations 5550
Iteration: 0
  Device: "mos2d"	RelError: 2.99152e+00	AbsError: 2.30593e+16
    Region: "bulk"	RelError: 2.98144e+00	AbsError: 2.30593e+16
      Equation: "ElectronContinuityEquation"	RelError: 3.11564e-01	AbsError: 2.15050e+16
      Equation: "HoleContinuityEquation"	RelError: 7.66827e-01	AbsError: 1.55423e+15
      Equation: "PotentialEquation"	RelError: 1.90305e+00	AbsError: 2.00000e-02
    Region: "gate"	RelError: 2.59770e-04	AbsError: 1.28511e+16
      Equation: "ElectronContinuityEquation"	RelError: 1.28353e-04	AbsError: 1.28511e+16
      Equation: "HoleContinuityEquation"	RelError: 1.28386e-04	AbsError: 1.28228e-04
      Equation: "PotentialEquation"	RelError: 3.03175e-06	AbsError: 3.32312e-06
    Region: "oxide"	RelError: 9.82064e-03	AbsError: 1.55316e-02
      Equation: "PotentialEquation"	RelError: 9.82064e-03	AbsError: 1.55316e-02
Iteration: 1
  Device: "mos2d"	RelError: 1.68501e-01	AbsError: 5.48362e+13
    Region: "bulk"	RelError: 1.68483e-01	AbsError: 5.48362e+13
      Equation: "ElectronContinuityEquation"	RelError: 3.57691e-02	AbsError: 2.46624e+13
      Equation: "HoleContinuityEquation"	RelError: 1.29349e-01	AbsError: 3.01738e+13
      Equation: "PotentialEquation"	RelError: 3.36485e-03	AbsError: 4.38423e-05
    Region: "gate"	RelError: 5.69922e-08	AbsError: 2.83262e+12
      Equation: "ElectronContinuityEquation"	RelError: 2.85088e-08	AbsError: 2.83262e+12
      Equation: "HoleContinuityEquation"	RelError: 2.78181e-08	AbsError: 2.79975e-08
      Equation: "PotentialEquation"	RelError: 6.65268e-10	AbsError: 7.29073e-10
    Region: "oxide"	RelError: 1.73513e-05	AbsError: 3.51344e-06
      Equation: "PotentialEquation"	RelError: 1.73513e-05	AbsError: 3.51344e-06
Iteration: 2
  Device: "mos2d"	RelError: 1.00402e-03	AbsError: 9.94699e+09
    Region: "bulk"	RelError: 1.00402e-03	AbsError: 9.94699e+09
      Equation: "ElectronContinuityEquation"	RelError: 8.99662e-04	AbsError: 1.75932e+09
      Equation: "HoleContinuityEquation"	RelError: 1.03831e-04	AbsError: 8.18767e+09
      Equation: "PotentialEquation"	RelError: 5.23788e-07	AbsError: 8.88447e-09
    Region: "gate"	RelError: 1.14884e-12	AbsError: 5.66590e+07
      Equation: "ElectronContinuityEquation"	RelError: 5.67515e-13	AbsError: 5.66590e+07
      Equation: "HoleContinuityEquation"	RelError: 5.67882e-13	AbsError: 5.68809e-13
      Equation: "PotentialEquation"	RelError: 1.34436e-14	AbsError: 1.47346e-14
    Region: "oxide"	RelError: 5.09840e-10	AbsError: 7.33611e-11
      Equation: "PotentialEquation"	RelError: 5.09840e-10	AbsError: 7.33611e-11
Iteration: 3
  Device: "mos2d"	RelError: 5.18716e-07	AbsError: 8.01358e+03
    Region: "bulk"	RelError: 5.18716e-07	AbsError: 2.23900e+03
      Equation: "ElectronContinuityEquation"	RelError: 5.00913e-07	AbsError: 1.64268e+03
      Equation: "HoleContinuityEquation"	RelError: 1.78033e-08	AbsError: 5.96316e+02
      Equation: "PotentialEquation"	RelError: 5.60638e-14	AbsError: 7.29416e-16
    Region: "gate"	RelError: 4.41829e-16	AbsError: 8.01358e+03
      Equation: "ElectronContinuityEquation"	RelError: 8.01362e-17	AbsError: 8.01358e+03
      Equation: "HoleContinuityEquation"	RelError: 2.60402e-16	AbsError: 2.62389e-16
      Equation: "PotentialEquation"	RelError: 1.01291e-16	AbsError: 1.11022e-16
    Region: "oxide"	RelError: 2.40560e-16	AbsError: 1.31765e-16
      Equation: "PotentialEquation"	RelError: 2.40560e-16	AbsError: 1.31765e-16
Succeeded
IVPOINT	IDVD_VG1P0	5.00000000e-01	1.40000000e+00	1.55637749e-08
drain last end 1.400000e+00 2.000000e+00
number of equations 5550
Iteration: 0
  Device: "mos2d"	RelError: 3.58820e+01	AbsError: 2.29938e+16
    Region: "bulk"	RelError: 3.58720e+01	AbsError: 2.29938e+16
      Equation: "ElectronContinuityEquation"	RelError: 3.01842e-01	AbsError: 2.14556e+16
      Equation: "HoleContinuityEquation"	RelError: 7.56608e-01	AbsError: 1.53819e+15
      Equation: "PotentialEquation"	RelError: 3.48135e+01	AbsError: 2.00000e-02
    Region: "gate"	RelError: 2.59795e-04	AbsError: 1.28540e+16
      Equation: "ElectronContinuityEquation"	RelError: 1.28365e-04	AbsError: 1.28540e+16
      Equation: "HoleContinuityEquation"	RelError: 1.28398e-04	AbsError: 1.28223e-04
      Equation: "PotentialEquation"	RelError: 3.03202e-06	AbsError: 3.32343e-06
    Region: "oxide"	RelError: 9.72547e-03	AbsError: 1.55322e-02
      Equation: "PotentialEquation"	RelError: 9.72547e-03	AbsError: 1.55322e-02
Iteration: 1
  Device: "mos2d"	RelError: 2.53309e-01	AbsError: 5.38920e+13
    Region: "bulk"	RelError: 2.53292e-01	AbsError: 5.38920e+13
      Equation: "ElectronContinuityEquation"	RelError: 3.46342e-02	AbsError: 2.49588e+13
      Equation: "HoleContinuityEquation"	RelError: 1.26284e-01	AbsError: 2.89332e+13
      Equation: "PotentialEquation"	RelError: 9.23741e-02	AbsError: 4.22836e-05
    Region: "gate"	RelError: 5.65704e-08	AbsError: 2.81213e+12
      Equation: "ElectronContinuityEquation"	RelError: 2.83019e-08	AbsError: 2.81213e+12
      Equation: "HoleContinuityEquation"	RelError: 2.76082e-08	AbsError: 2.77854e-08
      Equation: "PotentialEquation"	RelError: 6.60344e-10	AbsError: 7.23677e-10
    Region: "oxide"	RelError: 1.71426e-05	AbsError: 3.48718e-06
      Equation: "PotentialEquation"	RelError: 1.71426e-05	AbsError: 3.48718e-06
Iteration: 2
  Device: "mos2d"	RelError: 9.05410e-04	AbsError: 9.06824e+09
    Region: "bulk"	RelError: 9.05409e-04	AbsError: 9.06824e+09
      Equation: "ElectronContinuityEquation"	RelError: 7.88027e-04	AbsError: 1.57005e+09
      Equation: "HoleContinuityEquation"	RelError: 1.02924e-04	AbsError: 7.49818e+09
      Equation: "PotentialEquation"	RelError: 1.44584e-05	AbsError: 8.08520e-09
    Region: "gate"	RelError: 1.18337e-12	AbsError: 5.83577e+07
      Equation: "ElectronContinuityEquation"	RelError: 5.84484e-13	AbsError: 5.83577e+07
      Equation: "HoleContinuityEquation"	RelError: 5.84981e-13	AbsError: 5.85890e-13
      Equation: "PotentialEquation"	RelError: 1.39034e-14	AbsError: 1.52386e-14
    Region: "oxide"	RelError: 4.91555e-10	AbsError: 7.56946e-11
      Equation: "PotentialEquation"	RelError: 4.91555e-10	AbsError: 7.56946e-11
Iteration: 3
  Device: "mos2d"	RelError: 5.44011e-07	AbsError: 8.27798e+03
    Region: "bulk"	RelError: 5.44011e-07	AbsError: 2.40260e+03
      Equation: "ElectronContinuityEquation"	RelError: 5.26024e-07	AbsError: 1.88321e+03
      Equation: "HoleContinuityEquation"	RelError: 1.79864e-08	AbsError: 5.19392e+02
      Equation: "PotentialEquation"	RelError: 6.23730e-13	AbsError: 5.39227e-16
    Region: "gate"	RelError: 4.19287e-16	AbsError: 8.27798e+03
      Equation: "ElectronContinuityEquation"	RelError: 8.34827e-17	AbsError: 8.27798e+03
      Equation: "HoleContinuityEquation"	RelError: 2.34513e-16	AbsError: 2.36502e-16
      Equation: "PotentialEquation"	RelError: 1.01291e-16	AbsError: 1.11022e-16
    Region: "oxide"	RelError: 6.23607e-16	AbsError: 1.27013e-16
      Equation: "PotentialEquation"	RelError: 6.23607e-16	AbsError: 1.27013e-16
Succeeded
IVPOINT	IDVD_VG1P0	5.00000000e-01	1.42000000e+00	1.57445966e-08
drain last end 1.420000e+00 2.000000e+00
number of equations 5550
Iteration: 0
  Device: "mos2d"	RelError: 3.07994e+00	AbsError: 2.29246e+16
    Region: "bulk"	RelError: 3.07005e+00	AbsError: 2.29246e+16
      Equation: "ElectronContinuityEquation"	RelError: 2.90323e-01	AbsError: 2.14056e+16
      Equation: "HoleContinuityEquation"	RelError: 7.44386e-01	AbsError: 1.51898e+15
      Equation: "PotentialEquation"	RelError: 2.03534e+00	AbsError: 2.00000e-02
    Region: "gate"	RelError: 2.59818e-04	AbsError: 1.28568e+16
      Equation: "ElectronContinuityEquation"	RelError: 1.28376e-04	AbsError: 1.28568e+16
      Equation: "HoleContinuityEquation"	RelError: 1.28409e-04	AbsError: 1.28218e-04
      Equation: "PotentialEquation"	RelError: 3.03229e-06	AbsError: 3.32373e-06
    Region: "oxide"	RelError: 9.63213e-03	AbsError: 1.55327e-02
      Equation: "PotentialEquation"	RelError: 9.63213e-03	AbsError: 1.55327e-02
Iteration: 1
  Device: "mos2d"	RelError: 1.65112e-01	AbsError: 5.28467e+13
    Region: "bulk"	RelError: 1.65095e-01	AbsError: 5.28467e+13
      Equation: "ElectronContinuityEquation"	RelError: 3.32884e-02	AbsError: 2.52668e+13
      Equation: "HoleContinuityEquation"	RelError: 1.24287e-01	AbsError: 2.75799e+13
      Equation: "PotentialEquation"	RelError: 7.51907e-03	AbsError: 4.05768e-05
    Region: "gate"	RelError: 5.61671e-08	AbsError: 2.79255e+12
      Equation: "ElectronContinuityEquation"	RelError: 2.81041e-08	AbsError: 2.79255e+12
      Equation: "HoleContinuityEquation"	RelError: 2.74074e-08	AbsError: 2.75827e-08
      Equation: "PotentialEquation"	RelError: 6.55636e-10	AbsError: 7.18518e-10
    Region: "oxide"	RelError: 1.69398e-05	AbsError: 3.46210e-06
      Equation: "PotentialEquation"	RelError: 1.69398e-05	AbsError: 3.46210e-06
Iteration: 2
  Device: "mos2d"	RelError: 8.25564e-04	AbsError: 8.10187e+09
    Region: "bulk"	RelError: 8.25564e-04	AbsError: 8.10187e+09
      Equation: "ElectronContinuityEquation"	RelError: 7.22945e-04	AbsError: 1.37926e+09
      Equation: "HoleContinuityEquation"	RelError: 1.01658e-04	AbsError: 6.72261e+09
      Equation: "PotentialEquation"	RelError: 9.60293e-07	AbsError: 7.20312e-09
    Region: "gate"	RelError: 1.22399e-12	AbsError: 6.03647e+07
      Equation: "ElectronContinuityEquation"	RelError: 6.04539e-13	AbsError: 6.03647e+07
      Equation: "HoleContinuityEquation"	RelError: 6.05071e-13	AbsError: 6.05965e-13
      Equation: "PotentialEquation"	RelError: 1.43841e-14	AbsError: 1.57655e-14
    Region: "oxide"	RelError: 4.73858e-10	AbsError: 7.84716e-11
      Equation: "PotentialEquation"	RelError: 4.73858e-10	AbsError: 7.84716e-11
Iteration: 3
  Device: "mos2d"	RelError: 1.50338e-04	AbsError: 8.18758e+03
    Region: "bulk"	RelError: 1.50338e-04	AbsError: 1.79497e+03
      Equation: "ElectronContinuityEquation"	RelError: 1.50321e-04	AbsError: 1.15531e+03
      Equation: "HoleContinuityEquation"	RelError: 1.69239e-08	AbsError: 6.39665e+02
      Equation: "PotentialEquation"	RelError: 2.47313e-13	AbsError: 4.69851e-16
    Region: "gate"	RelError: 4.55961e-16	AbsError: 8.18758e+03
      Equation: "ElectronContinuityEquation"	RelError: 8.18761e-17	AbsError: 8.18758e+03
      Equation: "HoleContinuityEquation"	RelError: 2.72509e-16	AbsError: 2.73923e-16
      Equation: "PotentialEquation"	RelError: 1.01576e-16	AbsError: 1.11335e-16
    Region: "oxide"	RelError: 4.17020e-16	AbsError: 1.08499e-16
      Equation: "PotentialEquation"	RelError: 4.17020e-16	AbsError: 1.08499e-16
Iteration: 4
  Device: "mos2d"	RelError: 7.48270e-07	AbsError: 8.18759e+03
    Region: "bulk"	RelError: 7.48270e-07	AbsError: 1.25246e+03
      Equation: "ElectronContinuityEquation"	RelError: 7.31022e-07	AbsError: 1.02026e+03
      Equation: "HoleContinuityEquation"	RelError: 1.72481e-08	AbsError: 2.32202e+02
      Equation: "PotentialEquation"	RelError: 4.81997e-13	AbsError: 1.41038e-16
    Region: "gate"	RelError: 3.40507e-16	AbsError: 8.18759e+03
      Equation: "ElectronContinuityEquation"	RelError: 8.18762e-17	AbsError: 8.18759e+03
      Equation: "HoleContinuityEquation"	RelError: 1.56882e-16	AbsError: 1.58228e-16
      Equation: "PotentialEquation"	RelError: 1.01748e-16	AbsError: 1.11524e-16
    Region: "oxide"	RelError: 4.93771e-16	AbsError: 1.07003e-16
      Equation: "PotentialEquation"	RelError: 4.93771e-16	AbsError: 1.07003e-16
Succeeded
IVPOINT	IDVD_VG1P0	5.00000000e-01	1.44000000e+00	1.59268686e-08
drain last end 1.440000e+00 2.000000e+00
number of equations 5550
Iteration: 0
  Device: "mos2d"	RelError: 1.92980e+00	AbsError: 2.28516e+16
    Region: "bulk"	RelError: 1.92000e+00	AbsError: 2.28516e+16
      Equation: "ElectronContinuityEquation"	RelError: 2.76894e-01	AbsError: 2.13550e+16
      Equation: "HoleContinuityEquation"	RelError: 7.32709e-01	AbsError: 1.49663e+15
      Equation: "PotentialEquation"	RelError: 9.10396e-01	AbsError: 2.00000e-02
    Region: "gate"	RelError: 2.59841e-04	AbsError: 1.28596e+16
      Equation: "ElectronContinuityEquation"	RelError: 1.28388e-04	AbsError: 1.28596e+16
      Equation: "HoleContinuityEquation"	RelError: 1.28421e-04	AbsError: 1.28213e-04
      Equation: "PotentialEquation"	RelError: 3.03255e-06	AbsError: 3.32403e-06
    Region: "oxide"	RelError: 9.54057e-03	AbsError: 1.55333e-02
      Equation: "PotentialEquation"	RelError: 9.54057e-03	AbsError: 1.55333e-02
Iteration: 1
  Device: "mos2d"	RelError: 1.55789e-01	AbsError: 5.16850e+13
    Region: "bulk"	RelError: 1.55772e-01	AbsError: 5.16850e+13
      Equation: "ElectronContinuityEquation"	RelError: 3.17172e-02	AbsError: 2.55866e+13
      Equation: "HoleContinuityEquation"	RelError: 1.21577e-01	AbsError: 2.60984e+13
      Equation: "PotentialEquation"	RelError: 2.47802e-03	AbsError: 3.87702e-05
    Region: "gate"	RelError: 5.57800e-08	AbsError: 2.77376e+12
      Equation: "ElectronContinuityEquation"	RelError: 2.79142e-08	AbsError: 2.77376e+12
      Equation: "HoleContinuityEquation"	RelError: 2.72147e-08	AbsError: 2.73880e-08
      Equation: "PotentialEquation"	RelError: 6.51117e-10	AbsError: 7.13566e-10
    Region: "oxide"	RelError: 1.67484e-05	AbsError: 3.43804e-06
      Equation: "PotentialEquation"	RelError: 1.67484e-05	AbsError: 3.43804e-06
Iteration: 2
  Device: "mos2d"	RelError: 9.18012e-04	AbsError: 7.09683e+09
    Region: "bulk"	RelError: 9.18011e-04	AbsError: 7.09683e+09
      Equation: "ElectronContinuityEquation"	RelError: 8.17678e-04	AbsError: 1.19321e+09
      Equation: "HoleContinuityEquation"	RelError: 1.00025e-04	AbsError: 5.90362e+09
      Equation: "PotentialEquation"	RelError: 3.08724e-07	AbsError: 6.28433e-09
    Region: "gate"	RelError: 1.26908e-12	AbsError: 6.26236e+07
      Equation: "ElectronContinuityEquation"	RelError: 6.27113e-13	AbsError: 6.26236e+07
      Equation: "HoleContinuityEquation"	RelError: 6.27195e-13	AbsError: 6.28073e-13
      Equation: "PotentialEquation"	RelError: 1.47693e-14	AbsError: 1.61877e-14
    Region: "oxide"	RelError: 4.56936e-10	AbsError: 8.16248e-11
      Equation: "PotentialEquation"	RelError: 4.56936e-10	AbsError: 8.16248e-11
Iteration: 3
  Device: "mos2d"	RelError: 1.80148e-04	AbsError: 8.20514e+03
    Region: "bulk"	RelError: 1.80148e-04	AbsError: 1.64598e+03
      Equation: "ElectronContinuityEquation"	RelError: 1.80131e-04	AbsError: 1.23042e+03
      Equation: "HoleContinuityEquation"	RelError: 1.74810e-08	AbsError: 4.15555e+02
      Equation: "PotentialEquation"	RelError: 2.73200e-13	AbsError: 3.48551e-16
    Region: "gate"	RelError: 4.27523e-16	AbsError: 8.20514e+03
      Equation: "ElectronContinuityEquation"	RelError: 8.26800e-17	AbsError: 8.20514e+03
      Equation: "HoleContinuityEquation"	RelError: 2.43332e-16	AbsError: 2.45385e-16
      Equation: "PotentialEquation"	RelError: 1.01511e-16	AbsError: 1.11263e-16
    Region: "oxide"	RelError: 4.99360e-16	AbsError: 1.14398e-16
      Equation: "PotentialEquation"	RelError: 4.99360e-16	AbsError: 1.14398e-16
Iteration: 4
  Device: "mos2d"	RelError: 8.41036e-07	AbsError: 8.14312e+03
    Region: "bulk"	RelError: 8.41036e-07	AbsError: 1.27288e+03
      Equation: "ElectronContinuityEquation"	RelError: 8.23817e-07	AbsError: 1.02401e+03
      Equation: "HoleContinuityEquation"	RelError: 1.72195e-08	AbsError: 2.48870e+02
      Equation: "PotentialEquation"	RelError: 1.36202e-13	AbsError: 2.90209e-16
    Region: "gate"	RelError: 3.07504e-16	AbsError: 8.14312e+03
      Equation: "ElectronContinuityEquation"	RelError: 8.18842e-17	AbsError: 8.14312e+03
      Equation: "HoleContinuityEquation"	RelError: 1.23901e-16	AbsError: 1.24964e-16
      Equation: "PotentialEquation"	RelError: 1.01719e-16	AbsError: 1.11491e-16
    Region: "oxide"	RelError: 3.10392e-16	AbsError: 1.25399e-16
      Equation: "PotentialEquation"	RelError: 3.10392e-16	AbsError: 1.25399e-16
Succeeded
IVPOINT	IDVD_VG1P0	5.00000000e-01	1.46000000e+00	1.61119196e-08
drain last end 1.460000e+00 2.000000e+00
number of equations 5550
Iteration: 0
  Device: "mos2d"	RelError: 1.18434e+01	AbsError: 2.27836e+16
    Region: "bulk"	RelError: 1.18337e+01	AbsError: 2.27836e+16
      Equation: "ElectronContinuityEquation"	RelError: 2.61532e-01	AbsError: 2.13037e+16
      Equation: "HoleContinuityEquation"	RelError: 7.34270e-01	AbsError: 1.47994e+15
      Equation: "PotentialEquation"	RelError: 1.08379e+01	AbsError: 2.00000e-02
    Region: "gate"	RelError: 2.59863e-04	AbsError: 1.28623e+16
      Equation: "ElectronContinuityEquation"	RelError: 1.28399e-04	AbsError: 1.28623e+16
      Equation: "HoleContinuityEquation"	RelError: 1.28432e-04	AbsError: 1.28208e-04
      Equation: "PotentialEquation"	RelError: 3.03280e-06	AbsError: 3.32431e-06
    Region: "oxide"	RelError: 9.45073e-03	AbsError: 1.55338e-02
      Equation: "PotentialEquation"	RelError: 9.45073e-03	AbsError: 1.55338e-02
Iteration: 1
  Device: "mos2d"	RelError: 1.70455e-01	AbsError: 5.04413e+13
    Region: "bulk"	RelError: 1.70438e-01	AbsError: 5.04413e+13
      Equation: "ElectronContinuityEquation"	RelError: 2.99161e-02	AbsError: 2.59179e+13
      Equation: "HoleContinuityEquation"	RelError: 1.19340e-01	AbsError: 2.45234e+13
      Equation: "PotentialEquation"	RelError: 2.11818e-02	AbsError: 3.69125e-05
    Region: "gate"	RelError: 5.54062e-08	AbsError: 2.75563e+12
      Equation: "ElectronContinuityEquation"	RelError: 2.77310e-08	AbsError: 2.75563e+12
      Equation: "HoleContinuityEquation"	RelError: 2.70285e-08	AbsError: 2.71999e-08
      Equation: "PotentialEquation"	RelError: 6.46754e-10	AbsError: 7.08785e-10
    Region: "oxide"	RelError: 1.65889e-05	AbsError: 3.41483e-06
      Equation: "PotentialEquation"	RelError: 1.65889e-05	AbsError: 3.41483e-06
Iteration: 2
  Device: "mos2d"	RelError: 9.90464e-04	AbsError: 6.12072e+09
    Region: "bulk"	RelError: 9.90463e-04	AbsError: 6.12072e+09
      Equation: "ElectronContinuityEquation"	RelError: 8.91555e-04	AbsError: 1.03981e+09
      Equation: "HoleContinuityEquation"	RelError: 9.80315e-05	AbsError: 5.08092e+09
      Equation: "PotentialEquation"	RelError: 8.77193e-07	AbsError: 5.37176e-09
    Region: "gate"	RelError: 1.31783e-12	AbsError: 6.50241e+07
      Equation: "ElectronContinuityEquation"	RelError: 6.51101e-13	AbsError: 6.50241e+07
      Equation: "HoleContinuityEquation"	RelError: 6.51340e-13	AbsError: 6.52201e-13
      Equation: "PotentialEquation"	RelError: 1.53914e-14	AbsError: 1.68696e-14
    Region: "oxide"	RelError: 4.40966e-10	AbsError: 8.49912e-11
      Equation: "PotentialEquation"	RelError: 4.40966e-10	AbsError: 8.49912e-11
Iteration: 3
  Device: "mos2d"	RelError: 2.16000e-04	AbsError: 8.03567e+03
    Region: "bulk"	RelError: 2.16000e-04	AbsError: 1.57592e+03
      Equation: "ElectronContinuityEquation"	RelError: 2.15992e-04	AbsError: 1.27882e+03
      Equation: "HoleContinuityEquation"	RelError: 7.16516e-09	AbsError: 2.97099e+02
      Equation: "PotentialEquation"	RelError: 6.40112e-14	AbsError: 3.34310e-16
    Region: "gate"	RelError: 4.53815e-16	AbsError: 8.03567e+03
      Equation: "ElectronContinuityEquation"	RelError: 8.03567e-17	AbsError: 8.03567e+03
      Equation: "HoleContinuityEquation"	RelError: 2.72167e-16	AbsError: 2.73893e-16
      Equation: "PotentialEquation"	RelError: 1.01291e-16	AbsError: 1.11022e-16
    Region: "oxide"	RelError: 5.07390e-16	AbsError: 1.21409e-16
      Equation: "PotentialEquation"	RelError: 5.07390e-16	AbsError: 1.21409e-16
Iteration: 4
  Device: "mos2d"	RelError: 2.15972e-04	AbsError: 8.03567e+03
    Region: "bulk"	RelError: 2.15972e-04	AbsError: 1.30459e+03
      Equation: "ElectronContinuityEquation"	RelError: 2.15955e-04	AbsError: 1.02003e+03
      Equation: "HoleContinuityEquation"	RelError: 1.71874e-08	AbsError: 2.84561e+02
      Equation: "PotentialEquation"	RelError: 3.77460e-14	AbsError: 2.22045e-16
    Region: "gate"	RelError: 2.90214e-16	AbsError: 8.03567e+03
      Equation: "ElectronContinuityEquation"	RelError: 8.03567e-17	AbsError: 8.03567e+03
      Equation: "HoleContinuityEquation"	RelError: 1.08567e-16	AbsError: 1.08567e-16
      Equation: "PotentialEquation"	RelError: 1.01291e-16	AbsError: 1.11022e-16
    Region: "oxide"	RelError: 3.21779e-16	AbsError: 1.10548e-16
      Equation: "PotentialEquation"	RelError: 3.21779e-16	AbsError: 1.10548e-16
Iteration: 5
  Device: "mos2d"	RelError: 4.41911e-07	AbsError: 8.03567e+03
    Region: "bulk"	RelError: 4.41911e-07	AbsError: 1.29525e+03
      Equation: "ElectronContinuityEquation"	RelError: 4.41729e-07	AbsError: 1.02103e+03
      Equation: "HoleContinuityEquation"	RelError: 1.81762e-10	AbsError: 2.74220e+02
      Equation: "PotentialEquation"	RelError: 1.98181e-13	AbsError: 2.22045e-16
    Region: "gate"	RelError: 2.90221e-16	AbsError: 8.03567e+03
      Equation: "ElectronContinuityEquation"	RelError: 8.03567e-17	AbsError: 8.03567e+03
      Equation: "HoleContinuityEquation"	RelError: 1.08574e-16	AbsError: 1.08574e-16
      Equation: "PotentialEquation"	RelError: 1.01291e-16	AbsError: 1.11022e-16
    Region: "oxide"	RelError: 4.91774e-16	AbsError: 1.08432e-16
      Equation: "PotentialEquation"	RelError: 4.91774e-16	AbsError: 1.08432e-16
Succeeded
IVPOINT	IDVD_VG1P0	5.00000000e-01	1.48000000e+00	1.62956407e-08
drain last end 1.480000e+00 2.000000e+00
number of equations 5550
Iteration: 0
  Device: "mos2d"	RelError: 7.88306e+00	AbsError: 2.27331e+16
    Region: "bulk"	RelError: 7.87344e+00	AbsError: 2.27331e+16
      Equation: "ElectronContinuityEquation"	RelError: 2.44338e-01	AbsError: 2.12517e+16
      Equation: "HoleContinuityEquation"	RelError: 7.34623e-01	AbsError: 1.48135e+15
      Equation: "PotentialEquation"	RelError: 6.89448e+00	AbsError: 2.00000e-02
    Region: "gate"	RelError: 2.59885e-04	AbsError: 1.28650e+16
      Equation: "ElectronContinuityEquation"	RelError: 1.28409e-04	AbsError: 1.28650e+16
      Equation: "HoleContinuityEquation"	RelError: 1.28442e-04	AbsError: 1.28202e-04
      Equation: "PotentialEquation"	RelError: 3.03304e-06	AbsError: 3.32458e-06
    Region: "oxide"	RelError: 9.36256e-03	AbsError: 1.55343e-02
      Equation: "PotentialEquation"	RelError: 9.36256e-03	AbsError: 1.55343e-02
Iteration: 1
  Device: "mos2d"	RelError: 1.65287e-01	AbsError: 4.91495e+13
    Region: "bulk"	RelError: 1.65271e-01	AbsError: 4.91495e+13
      Equation: "ElectronContinuityEquation"	RelError: 2.78950e-02	AbsError: 2.62609e+13
      Equation: "HoleContinuityEquation"	RelError: 1.19655e-01	AbsError: 2.28887e+13
      Equation: "PotentialEquation"	RelError: 1.77203e-02	AbsError: 3.50507e-05
    Region: "gate"	RelError: 5.50428e-08	AbsError: 2.73799e+12
      Equation: "ElectronContinuityEquation"	RelError: 2.75528e-08	AbsError: 2.73799e+12
      Equation: "HoleContinuityEquation"	RelError: 2.68474e-08	AbsError: 2.70170e-08
      Equation: "PotentialEquation"	RelError: 6.42511e-10	AbsError: 7.04135e-10
    Region: "oxide"	RelError: 1.64325e-05	AbsError: 3.39227e-06
      Equation: "PotentialEquation"	RelError: 1.64325e-05	AbsError: 3.39227e-06
Iteration: 2
  Device: "mos2d"	RelError: 1.03093e-03	AbsError: 5.20063e+09
    Region: "bulk"	RelError: 1.03093e-03	AbsError: 5.20063e+09
      Equation: "ElectronContinuityEquation"	RelError: 9.33510e-04	AbsError: 9.12471e+08
      Equation: "HoleContinuityEquation"	RelError: 9.56823e-05	AbsError: 4.28816e+09
      Equation: "PotentialEquation"	RelError: 1.73918e-06	AbsError: 4.50172e-09
    Region: "gate"	RelError: 1.36926e-12	AbsError: 6.75274e+07
      Equation: "ElectronContinuityEquation"	RelError: 6.76364e-13	AbsError: 6.75274e+07
      Equation: "HoleContinuityEquation"	RelError: 6.76857e-13	AbsError: 6.79222e-13
      Equation: "PotentialEquation"	RelError: 1.60443e-14	AbsError: 1.75843e-14
    Region: "oxide"	RelError: 4.26100e-10	AbsError: 8.84694e-11
      Equation: "PotentialEquation"	RelError: 4.26100e-10	AbsError: 8.84694e-11
Iteration: 3
  Device: "mos2d"	RelError: 7.53825e-07	AbsError: 8.04515e+03
    Region: "bulk"	RelError: 7.53825e-07	AbsError: 2.06413e+03
      Equation: "ElectronContinuityEquation"	RelError: 7.37266e-07	AbsError: 1.68709e+03
      Equation: "HoleContinuityEquation"	RelError: 1.65582e-08	AbsError: 3.77039e+02
      Equation: "PotentialEquation"	RelError: 2.86148e-14	AbsError: 3.35171e-16
    Region: "gate"	RelError: 3.64399e-16	AbsError: 8.04515e+03
      Equation: "ElectronContinuityEquation"	RelError: 8.11333e-17	AbsError: 8.04515e+03
      Equation: "HoleContinuityEquation"	RelError: 1.81974e-16	AbsError: 1.83517e-16
      Equation: "PotentialEquation"	RelError: 1.01291e-16	AbsError: 1.11022e-16
    Region: "oxide"	RelError: 3.17476e-16	AbsError: 1.39975e-16
      Equation: "PotentialEquation"	RelError: 3.17476e-16	AbsError: 1.39975e-16
Succeeded
IVPOINT	IDVD_VG1P0	5.00000000e-01	1.50000000e+00	1.64877141e-08
drain last end 1.500000e+00 2.000000e+00
number of equations 5550
Iteration: 0
  Device: "mos2d"	RelError: 5.23391e+00	AbsError: 2.26797e+16
    Region: "bulk"	RelError: 5.22438e+00	AbsError: 2.26797e+16
      Equation: "ElectronContinuityEquation"	RelError: 2.41913e-01	AbsError: 2.11991e+16
      Equation: "HoleContinuityEquation"	RelError: 7.33236e-01	AbsError: 1.48063e+15
      Equation: "PotentialEquation"	RelError: 4.24923e+00	AbsError: 2.00000e-02
    Region: "gate"	RelError: 2.59905e-04	AbsError: 1.28677e+16
      Equation: "ElectronContinuityEquation"	RelError: 1.28420e-04	AbsError: 1.28677e+16
      Equation: "HoleContinuityEquation"	RelError: 1.28453e-04	AbsError: 1.28196e-04
      Equation: "PotentialEquation"	RelError: 3.03327e-06	AbsError: 3.32485e-06
    Region: "oxide"	RelError: 9.27602e-03	AbsError: 1.55349e-02
      Equation: "PotentialEquation"	RelError: 9.27602e-03	AbsError: 1.55349e-02
Iteration: 1
  Device: "mos2d"	RelError: 1.56531e-01	AbsError: 4.98256e+13
    Region: "bulk"	RelError: 1.56514e-01	AbsError: 4.98256e+13
      Equation: "ElectronContinuityEquation"	RelError: 2.56807e-02	AbsError: 2.66152e+13
      Equation: "HoleContinuityEquation"	RelError: 1.19706e-01	AbsError: 2.32104e+13
      Equation: "PotentialEquation"	RelError: 1.11275e-02	AbsError: 3.32280e-05
    Region: "gate"	RelError: 5.46863e-08	AbsError: 2.72070e+12
      Equation: "ElectronContinuityEquation"	RelError: 2.73781e-08	AbsError: 2.72070e+12
      Equation: "HoleContinuityEquation"	RelError: 2.66698e-08	AbsError: 2.68375e-08
      Equation: "PotentialEquation"	RelError: 6.38349e-10	AbsError: 6.99574e-10
    Region: "oxide"	RelError: 1.62786e-05	AbsError: 3.37016e-06
      Equation: "PotentialEquation"	RelError: 1.62786e-05	AbsError: 3.37016e-06
Iteration: 2
  Device: "mos2d"	RelError: 1.02844e-03	AbsError: 4.54311e+09
    Region: "bulk"	RelError: 1.02844e-03	AbsError: 4.54311e+09
      Equation: "ElectronContinuityEquation"	RelError: 9.35251e-04	AbsError: 8.07928e+08
      Equation: "HoleContinuityEquation"	RelError: 9.29862e-05	AbsError: 3.73518e+09
      Equation: "PotentialEquation"	RelError: 1.99971e-07	AbsError: 3.70195e-09
    Region: "gate"	RelError: 1.42446e-12	AbsError: 7.01308e+07
      Equation: "ElectronContinuityEquation"	RelError: 7.03723e-13	AbsError: 7.01308e+07
      Equation: "HoleContinuityEquation"	RelError: 7.04109e-13	AbsError: 7.06534e-13
      Equation: "PotentialEquation"	RelError: 1.66264e-14	AbsError: 1.82223e-14
    Region: "oxide"	RelError: 4.12449e-10	AbsError: 9.19526e-11
      Equation: "PotentialEquation"	RelError: 4.12449e-10	AbsError: 9.19526e-11
Iteration: 3
  Device: "mos2d"	RelError: 3.09814e-04	AbsError: 8.15409e+03
    Region: "bulk"	RelError: 3.09814e-04	AbsError: 1.35824e+03
      Equation: "ElectronContinuityEquation"	RelError: 3.09797e-04	AbsError: 1.01980e+03
      Equation: "HoleContinuityEquation"	RelError: 1.69978e-08	AbsError: 3.38441e+02
      Equation: "PotentialEquation"	RelError: 4.56778e-14	AbsError: 2.22045e-16
    Region: "gate"	RelError: 4.14878e-16	AbsError: 8.15409e+03
      Equation: "ElectronContinuityEquation"	RelError: 8.15409e-17	AbsError: 8.15409e+03
      Equation: "HoleContinuityEquation"	RelError: 2.32046e-16	AbsError: 2.33670e-16
      Equation: "PotentialEquation"	RelError: 1.01291e-16	AbsError: 1.11022e-16
    Region: "oxide"	RelError: 5.08028e-16	AbsError: 1.26078e-16
      Equation: "PotentialEquation"	RelError: 5.08028e-16	AbsError: 1.26078e-16
Iteration: 4
  Device: "mos2d"	RelError: 1.19212e-06	AbsError: 8.15409e+03
    Region: "bulk"	RelError: 1.19212e-06	AbsError: 1.29019e+03
      Equation: "ElectronContinuityEquation"	RelError: 1.17661e-06	AbsError: 1.01977e+03
      Equation: "HoleContinuityEquation"	RelError: 1.55148e-08	AbsError: 2.70423e+02
      Equation: "PotentialEquation"	RelError: 2.82449e-14	AbsError: 2.22045e-16
    Region: "gate"	RelError: 2.96339e-16	AbsError: 8.15409e+03
      Equation: "ElectronContinuityEquation"	RelError: 8.15409e-17	AbsError: 8.15409e+03
      Equation: "HoleContinuityEquation"	RelError: 1.13507e-16	AbsError: 1.13508e-16
      Equation: "PotentialEquation"	RelError: 1.01291e-16	AbsError: 1.11022e-16
    Region: "oxide"	RelError: 3.17763e-16	AbsError: 1.47070e-16
      Equation: "PotentialEquation"	RelError: 3.17763e-16	AbsError: 1.47070e-16
Succeeded
IVPOINT	IDVD_VG1P0	5.00000000e-01	1.52000000e+00	1.66725444e-08
drain last end 1.520000e+00 2.000000e+00
number of equations 5550
Iteration: 0
  Device: "mos2d"	RelError: 2.80021e+00	AbsError: 2.26281e+16
    Region: "bulk"	RelError: 2.79076e+00	AbsError: 2.26281e+16
      Equation: "ElectronContinuityEquation"	RelError: 2.41276e-01	AbsError: 2.11457e+16
      Equation: "HoleContinuityEquation"	RelError: 7.29322e-01	AbsError: 1.48240e+15
      Equation: "PotentialEquation"	RelError: 1.82016e+00	AbsError: 2.00000e-02
    Region: "gate"	RelError: 2.59926e-04	AbsError: 1.28703e+16
      Equation: "ElectronContinuityEquation"	RelError: 1.28430e-04	AbsError: 1.28703e+16
      Equation: "HoleContinuityEquation"	RelError: 1.28463e-04	AbsError: 1.28189e-04
      Equation: "PotentialEquation"	RelError: 3.03350e-06	AbsError: 3.32511e-06
    Region: "oxide"	RelError: 9.19105e-03	AbsError: 1.55354e-02
      Equation: "PotentialEquation"	RelError: 9.19105e-03	AbsError: 1.55354e-02
Iteration: 1
  Device: "mos2d"	RelError: 1.46046e-01	AbsError: 5.04266e+13
    Region: "bulk"	RelError: 1.46030e-01	AbsError: 5.04266e+13
      Equation: "ElectronContinuityEquation"	RelError: 2.33183e-02	AbsError: 2.69807e+13
      Equation: "HoleContinuityEquation"	RelError: 1.19376e-01	AbsError: 2.34460e+13
      Equation: "PotentialEquation"	RelError: 3.33551e-03	AbsError: 3.14819e-05
    Region: "gate"	RelError: 5.43332e-08	AbsError: 2.70358e+12
      Equation: "ElectronContinuityEquation"	RelError: 2.72050e-08	AbsError: 2.70358e+12
      Equation: "HoleContinuityEquation"	RelError: 2.64939e-08	AbsError: 2.66598e-08
      Equation: "PotentialEquation"	RelError: 6.34227e-10	AbsError: 6.95058e-10
    Region: "oxide"	RelError: 1.61267e-05	AbsError: 3.34828e-06
      Equation: "PotentialEquation"	RelError: 1.61267e-05	AbsError: 3.34828e-06
Iteration: 2
  Device: "mos2d"	RelError: 9.83679e-04	AbsError: 4.58833e+09
    Region: "bulk"	RelError: 9.83678e-04	AbsError: 4.58833e+09
      Equation: "ElectronContinuityEquation"	RelError: 8.93630e-04	AbsError: 7.41168e+08
      Equation: "HoleContinuityEquation"	RelError: 8.99522e-05	AbsError: 3.84716e+09
      Equation: "PotentialEquation"	RelError: 9.62840e-08	AbsError: 3.28849e-09
    Region: "gate"	RelError: 1.47812e-12	AbsError: 7.27645e+07
      Equation: "ElectronContinuityEquation"	RelError: 7.30113e-13	AbsError: 7.27645e+07
      Equation: "HoleContinuityEquation"	RelError: 7.30659e-13	AbsError: 7.33137e-13
      Equation: "PotentialEquation"	RelError: 1.73502e-14	AbsError: 1.90156e-14
    Region: "oxide"	RelError: 4.00358e-10	AbsError: 9.53303e-11
      Equation: "PotentialEquation"	RelError: 4.00358e-10	AbsError: 9.53303e-11
Iteration: 3
  Device: "mos2d"	RelError: 1.01163e-06	AbsError: 8.14395e+03
    Region: "bulk"	RelError: 1.01163e-06	AbsError: 1.60653e+03
      Equation: "ElectronContinuityEquation"	RelError: 9.94480e-07	AbsError: 1.26199e+03
      Equation: "HoleContinuityEquation"	RelError: 1.71500e-08	AbsError: 3.44544e+02
      Equation: "PotentialEquation"	RelError: 9.38407e-14	AbsError: 3.19962e-16
    Region: "gate"	RelError: 4.18636e-16	AbsError: 8.14395e+03
      Equation: "ElectronContinuityEquation"	RelError: 8.14395e-17	AbsError: 8.14395e+03
      Equation: "HoleContinuityEquation"	RelError: 2.35906e-16	AbsError: 2.37904e-16
      Equation: "PotentialEquation"	RelError: 1.01291e-16	AbsError: 1.11022e-16
    Region: "oxide"	RelError: 4.73016e-16	AbsError: 1.07594e-16
      Equation: "PotentialEquation"	RelError: 4.73016e-16	AbsError: 1.07594e-16
Succeeded
IVPOINT	IDVD_VG1P0	5.00000000e-01	1.54000000e+00	1.68685002e-08
drain last end 1.540000e+00 2.000000e+00
number of equations 5550
Iteration: 0
  Device: "mos2d"	RelError: 3.17465e+00	AbsError: 2.25757e+16
    Region: "bulk"	RelError: 3.16529e+00	AbsError: 2.25757e+16
      Equation: "ElectronContinuityEquation"	RelError: 2.40518e-01	AbsError: 2.10917e+16
      Equation: "HoleContinuityEquation"	RelError: 7.21749e-01	AbsError: 1.48405e+15
      Equation: "PotentialEquation"	RelError: 2.20302e+00	AbsError: 2.00000e-02
    Region: "gate"	RelError: 2.59945e-04	AbsError: 1.28730e+16
      Equation: "ElectronContinuityEquation"	RelError: 1.28439e-04	AbsError: 1.28730e+16
      Equation: "HoleContinuityEquation"	RelError: 1.28472e-04	AbsError: 1.28182e-04
      Equation: "PotentialEquation"	RelError: 3.03371e-06	AbsError: 3.32535e-06
    Region: "oxide"	RelError: 9.10763e-03	AbsError: 1.55358e-02
      Equation: "PotentialEquation"	RelError: 9.10763e-03	AbsError: 1.55358e-02
Iteration: 1
  Device: "mos2d"	RelError: 1.43660e-01	AbsError: 5.09128e+13
    Region: "bulk"	RelError: 1.43644e-01	AbsError: 5.09128e+13
      Equation: "ElectronContinuityEquation"	RelError: 2.16897e-02	AbsError: 2.73571e+13
      Equation: "HoleContinuityEquation"	RelError: 1.18498e-01	AbsError: 2.35556e+13
      Equation: "PotentialEquation"	RelError: 3.45664e-03	AbsError: 2.98437e-05
    Region: "gate"	RelError: 5.39800e-08	AbsError: 2.68645e+12
      Equation: "ElectronContinuityEquation"	RelError: 2.70319e-08	AbsError: 2.68645e+12
      Equation: "HoleContinuityEquation"	RelError: 2.63179e-08	AbsError: 2.64820e-08
      Equation: "PotentialEquation"	RelError: 6.30104e-10	AbsError: 6.90539e-10
    Region: "oxide"	RelError: 1.59762e-05	AbsError: 3.32640e-06
      Equation: "PotentialEquation"	RelError: 1.59762e-05	AbsError: 3.32640e-06
Iteration: 2
  Device: "mos2d"	RelError: 8.98711e-04	AbsError: 4.63359e+09
    Region: "bulk"	RelError: 8.98710e-04	AbsError: 4.63359e+09
      Equation: "ElectronContinuityEquation"	RelError: 8.12085e-04	AbsError: 7.16309e+08
      Equation: "HoleContinuityEquation"	RelError: 8.65596e-05	AbsError: 3.91728e+09
      Equation: "PotentialEquation"	RelError: 6.51583e-08	AbsError: 3.34575e-09
    Region: "gate"	RelError: 1.52803e-12	AbsError: 7.52371e+07
      Equation: "ElectronContinuityEquation"	RelError: 7.54884e-13	AbsError: 7.52371e+07
      Equation: "HoleContinuityEquation"	RelError: 7.55225e-13	AbsError: 7.57748e-13
      Equation: "PotentialEquation"	RelError: 1.79202e-14	AbsError: 1.96403e-14
    Region: "oxide"	RelError: 3.91029e-10	AbsError: 9.84919e-11
      Equation: "PotentialEquation"	RelError: 3.91029e-10	AbsError: 9.84919e-11
Iteration: 3
  Device: "mos2d"	RelError: 6.80920e-08	AbsError: 8.20492e+03
    Region: "bulk"	RelError: 6.80920e-08	AbsError: 2.03396e+03
      Equation: "ElectronContinuityEquation"	RelError: 5.81439e-08	AbsError: 1.67980e+03
      Equation: "HoleContinuityEquation"	RelError: 9.94802e-09	AbsError: 3.54156e+02
      Equation: "PotentialEquation"	RelError: 7.71162e-14	AbsError: 2.63827e-16
    Region: "gate"	RelError: 3.49181e-16	AbsError: 8.20492e+03
      Equation: "ElectronContinuityEquation"	RelError: 8.24565e-17	AbsError: 8.20492e+03
      Equation: "HoleContinuityEquation"	RelError: 1.65434e-16	AbsError: 1.66760e-16
      Equation: "PotentialEquation"	RelError: 1.01291e-16	AbsError: 1.11022e-16
    Region: "oxide"	RelError: 6.10360e-16	AbsError: 1.20609e-16
      Equation: "PotentialEquation"	RelError: 6.10360e-16	AbsError: 1.20609e-16
Succeeded
IVPOINT	IDVD_VG1P0	5.00000000e-01	1.56000000e+00	1.70565586e-08
drain last end 1.560000e+00 2.000000e+00
number of equations 5550
Iteration: 0
  Device: "mos2d"	RelError: 6.43510e+00	AbsError: 2.25206e+16
    Region: "bulk"	RelError: 6.42582e+00	AbsError: 2.25206e+16
      Equation: "ElectronContinuityEquation"	RelError: 2.39617e-01	AbsError: 2.10368e+16
      Equation: "HoleContinuityEquation"	RelError: 7.08944e-01	AbsError: 1.48377e+15
      Equation: "PotentialEquation"	RelError: 5.47726e+00	AbsError: 2.00000e-02
    Region: "gate"	RelError: 2.59963e-04	AbsError: 1.28755e+16
      Equation: "ElectronContinuityEquation"	RelError: 1.28448e-04	AbsError: 1.28755e+16
      Equation: "HoleContinuityEquation"	RelError: 1.28481e-04	AbsError: 1.28175e-04
      Equation: "PotentialEquation"	RelError: 3.03392e-06	AbsError: 3.32559e-06
    Region: "oxide"	RelError: 9.02570e-03	AbsError: 1.55363e-02
      Equation: "PotentialEquation"	RelError: 9.02570e-03	AbsError: 1.55363e-02
Iteration: 1
  Device: "mos2d"	RelError: 1.52838e-01	AbsError: 5.12840e+13
    Region: "bulk"	RelError: 1.52822e-01	AbsError: 5.12840e+13
      Equation: "ElectronContinuityEquation"	RelError: 2.16058e-02	AbsError: 2.77444e+13
      Equation: "HoleContinuityEquation"	RelError: 1.16834e-01	AbsError: 2.35396e+13
      Equation: "PotentialEquation"	RelError: 1.43823e-02	AbsError: 2.84421e-05
    Region: "gate"	RelError: 5.36230e-08	AbsError: 2.66913e+12
      Equation: "ElectronContinuityEquation"	RelError: 2.68570e-08	AbsError: 2.66913e+12
      Equation: "HoleContinuityEquation"	RelError: 2.61401e-08	AbsError: 2.63024e-08
      Equation: "PotentialEquation"	RelError: 6.25937e-10	AbsError: 6.85973e-10
    Region: "oxide"	RelError: 1.58265e-05	AbsError: 3.30429e-06
      Equation: "PotentialEquation"	RelError: 1.58265e-05	AbsError: 3.30429e-06
Iteration: 2
  Device: "mos2d"	RelError: 8.22015e-04	AbsError: 4.66570e+09
    Region: "bulk"	RelError: 8.22015e-04	AbsError: 4.66570e+09
      Equation: "ElectronContinuityEquation"	RelError: 7.38932e-04	AbsError: 7.21318e+08
      Equation: "HoleContinuityEquation"	RelError: 8.28882e-05	AbsError: 3.94438e+09
      Equation: "PotentialEquation"	RelError: 1.94847e-07	AbsError: 3.37569e-09
    Region: "gate"	RelError: 1.57313e-12	AbsError: 7.74741e+07
      Equation: "ElectronContinuityEquation"	RelError: 7.77289e-13	AbsError: 7.74741e+07
      Equation: "HoleContinuityEquation"	RelError: 7.77510e-13	AbsError: 7.80067e-13
      Equation: "PotentialEquation"	RelError: 1.83282e-14	AbsError: 2.00875e-14
    Region: "oxide"	RelError: 3.83071e-10	AbsError: 1.01329e-10
      Equation: "PotentialEquation"	RelError: 3.83071e-10	AbsError: 1.01329e-10
Iteration: 3
  Device: "mos2d"	RelError: 5.31061e-04	AbsError: 8.04964e+03
    Region: "bulk"	RelError: 5.31061e-04	AbsError: 1.53805e+03
      Equation: "ElectronContinuityEquation"	RelError: 5.31012e-04	AbsError: 1.14187e+03
      Equation: "HoleContinuityEquation"	RelError: 4.85556e-08	AbsError: 3.96187e+02
      Equation: "PotentialEquation"	RelError: 8.07073e-14	AbsError: 2.43116e-16
    Region: "gate"	RelError: 4.32614e-16	AbsError: 8.04964e+03
      Equation: "ElectronContinuityEquation"	RelError: 8.11411e-17	AbsError: 8.04964e+03
      Equation: "HoleContinuityEquation"	RelError: 2.50182e-16	AbsError: 2.52219e-16
      Equation: "PotentialEquation"	RelError: 1.01291e-16	AbsError: 1.11022e-16
    Region: "oxide"	RelError: 5.61783e-16	AbsError: 1.07654e-16
      Equation: "PotentialEquation"	RelError: 5.61783e-16	AbsError: 1.07654e-16
Iteration: 4
  Device: "mos2d"	RelError: 5.31302e-04	AbsError: 8.01017e+03
    Region: "bulk"	RelError: 5.31302e-04	AbsError: 1.40213e+03
      Equation: "ElectronContinuityEquation"	RelError: 5.31285e-04	AbsError: 1.08033e+03
      Equation: "HoleContinuityEquation"	RelError: 1.69768e-08	AbsError: 3.21802e+02
      Equation: "PotentialEquation"	RelError: 1.47522e-13	AbsError: 2.45859e-16
    Region: "gate"	RelError: 2.92113e-16	AbsError: 8.01017e+03
      Equation: "ElectronContinuityEquation"	RelError: 8.07432e-17	AbsError: 8.01017e+03
      Equation: "HoleContinuityEquation"	RelError: 1.10079e-16	AbsError: 1.10079e-16
      Equation: "PotentialEquation"	RelError: 1.01291e-16	AbsError: 1.11022e-16
    Region: "oxide"	RelError: 5.80491e-16	AbsError: 1.07653e-16
      Equation: "PotentialEquation"	RelError: 5.80491e-16	AbsError: 1.07653e-16
Iteration: 5
  Device: "mos2d"	RelError: 5.31030e-04	AbsError: 8.01303e+03
    Region: "bulk"	RelError: 5.31030e-04	AbsError: 1.58125e+03
      Equation: "ElectronContinuityEquation"	RelError: 5.31003e-04	AbsError: 1.16445e+03
      Equation: "HoleContinuityEquation"	RelError: 2.66414e-08	AbsError: 4.16799e+02
      Equation: "PotentialEquation"	RelError: 7.31652e-14	AbsError: 2.22045e-16
    Region: "gate"	RelError: 2.92142e-16	AbsError: 8.01303e+03
      Equation: "ElectronContinuityEquation"	RelError: 8.07720e-17	AbsError: 8.01303e+03
      Equation: "HoleContinuityEquation"	RelError: 1.10079e-16	AbsError: 1.10079e-16
      Equation: "PotentialEquation"	RelError: 1.01291e-16	AbsError: 1.11022e-16
    Region: "oxide"	RelError: 3.94397e-16	AbsError: 1.10516e-16
      Equation: "PotentialEquation"	RelError: 3.94397e-16	AbsError: 1.10516e-16
Iteration: 6
  Device: "mos2d"	RelError: 5.31302e-04	AbsError: 8.03247e+03
    Region: "bulk"	RelError: 5.31302e-04	AbsError: 1.35805e+03
      Equation: "ElectronContinuityEquation"	RelError: 5.31285e-04	AbsError: 1.08939e+03
      Equation: "HoleContinuityEquation"	RelError: 1.69718e-08	AbsError: 2.68666e+02
      Equation: "PotentialEquation"	RelError: 4.73603e-14	AbsError: 2.56112e-16
    Region: "gate"	RelError: 2.92338e-16	AbsError: 8.03247e+03
      Equation: "ElectronContinuityEquation"	RelError: 8.09680e-17	AbsError: 8.03247e+03
      Equation: "HoleContinuityEquation"	RelError: 1.10079e-16	AbsError: 1.10079e-16
      Equation: "PotentialEquation"	RelError: 1.01291e-16	AbsError: 1.11022e-16
    Region: "oxide"	RelError: 2.91564e-16	AbsError: 1.11550e-16
      Equation: "PotentialEquation"	RelError: 2.91564e-16	AbsError: 1.11550e-16
Iteration: 7
  Device: "mos2d"	RelError: 5.31030e-04	AbsError: 8.06026e+03
    Region: "bulk"	RelError: 5.31030e-04	AbsError: 1.42361e+03
      Equation: "ElectronContinuityEquation"	RelError: 5.31003e-04	AbsError: 1.14070e+03
      Equation: "HoleContinuityEquation"	RelError: 2.66560e-08	AbsError: 2.82908e+02
      Equation: "PotentialEquation"	RelError: 2.59158e-13	AbsError: 2.22045e-16
    Region: "gate"	RelError: 2.92618e-16	AbsError: 8.06026e+03
      Equation: "ElectronContinuityEquation"	RelError: 8.12482e-17	AbsError: 8.06026e+03
      Equation: "HoleContinuityEquation"	RelError: 1.10079e-16	AbsError: 1.10079e-16
      Equation: "PotentialEquation"	RelError: 1.01291e-16	AbsError: 1.11022e-16
    Region: "oxide"	RelError: 4.41870e-16	AbsError: 1.44163e-16
      Equation: "PotentialEquation"	RelError: 4.41870e-16	AbsError: 1.44163e-16
Iteration: 8
  Device: "mos2d"	RelError: 5.31302e-04	AbsError: 8.03119e+03
    Region: "bulk"	RelError: 5.31302e-04	AbsError: 1.29959e+03
      Equation: "ElectronContinuityEquation"	RelError: 5.31285e-04	AbsError: 1.06387e+03
      Equation: "HoleContinuityEquation"	RelError: 1.69769e-08	AbsError: 2.35714e+02
      Equation: "PotentialEquation"	RelError: 2.53901e-13	AbsError: 2.33190e-16
    Region: "gate"	RelError: 2.92325e-16	AbsError: 8.03119e+03
      Equation: "ElectronContinuityEquation"	RelError: 8.09552e-17	AbsError: 8.03119e+03
      Equation: "HoleContinuityEquation"	RelError: 1.10079e-16	AbsError: 1.10079e-16
      Equation: "PotentialEquation"	RelError: 1.01291e-16	AbsError: 1.11022e-16
    Region: "oxide"	RelError: 4.82478e-16	AbsError: 1.57583e-16
      Equation: "PotentialEquation"	RelError: 4.82478e-16	AbsError: 1.57583e-16
Iteration: 9
  Device: "mos2d"	RelError: 5.31030e-04	AbsError: 8.02530e+03
    Region: "bulk"	RelError: 5.31030e-04	AbsError: 1.36700e+03
      Equation: "ElectronContinuityEquation"	RelError: 5.31003e-04	AbsError: 1.13702e+03
      Equation: "HoleContinuityEquation"	RelError: 2.66559e-08	AbsError: 2.29985e+02
      Equation: "PotentialEquation"	RelError: 1.59000e-13	AbsError: 2.22045e-16
    Region: "gate"	RelError: 2.92266e-16	AbsError: 8.02530e+03
      Equation: "ElectronContinuityEquation"	RelError: 8.08957e-17	AbsError: 8.02530e+03
      Equation: "HoleContinuityEquation"	RelError: 1.10079e-16	AbsError: 1.10079e-16
      Equation: "PotentialEquation"	RelError: 1.01291e-16	AbsError: 1.11022e-16
    Region: "oxide"	RelError: 4.73566e-16	AbsError: 1.43724e-16
      Equation: "PotentialEquation"	RelError: 4.73566e-16	AbsError: 1.43724e-16
Iteration: 10
  Device: "mos2d"	RelError: 5.31302e-04	AbsError: 8.03499e+03
    Region: "bulk"	RelError: 5.31302e-04	AbsError: 1.37395e+03
      Equation: "ElectronContinuityEquation"	RelError: 5.31285e-04	AbsError: 1.08569e+03
      Equation: "HoleContinuityEquation"	RelError: 1.69769e-08	AbsError: 2.88254e+02
      Equation: "PotentialEquation"	RelError: 1.08906e-13	AbsError: 2.39758e-16
    Region: "gate"	RelError: 2.92363e-16	AbsError: 8.03499e+03
      Equation: "ElectronContinuityEquation"	RelError: 8.09935e-17	AbsError: 8.03499e+03
      Equation: "HoleContinuityEquation"	RelError: 1.10079e-16	AbsError: 1.10079e-16
      Equation: "PotentialEquation"	RelError: 1.01291e-16	AbsError: 1.11022e-16
    Region: "oxide"	RelError: 5.03604e-16	AbsError: 1.62545e-16
      Equation: "PotentialEquation"	RelError: 5.03604e-16	AbsError: 1.62545e-16
Iteration: 11
  Device: "mos2d"	RelError: 5.31030e-04	AbsError: 8.01851e+03
    Region: "bulk"	RelError: 5.31030e-04	AbsError: 1.39405e+03
      Equation: "ElectronContinuityEquation"	RelError: 5.31003e-04	AbsError: 1.15688e+03
      Equation: "HoleContinuityEquation"	RelError: 2.66420e-08	AbsError: 2.37166e+02
      Equation: "PotentialEquation"	RelError: 3.00229e-14	AbsError: 2.22045e-16
    Region: "gate"	RelError: 2.92197e-16	AbsError: 8.01851e+03
      Equation: "ElectronContinuityEquation"	RelError: 8.08274e-17	AbsError: 8.01851e+03
      Equation: "HoleContinuityEquation"	RelError: 1.10079e-16	AbsError: 1.10079e-16
      Equation: "PotentialEquation"	RelError: 1.01291e-16	AbsError: 1.11022e-16
    Region: "oxide"	RelError: 3.50598e-16	AbsError: 1.36009e-16
      Equation: "PotentialEquation"	RelError: 3.50598e-16	AbsError: 1.36009e-16
Iteration: 12
  Device: "mos2d"	RelError: 5.31302e-04	AbsError: 8.03527e+03
    Region: "bulk"	RelError: 5.31302e-04	AbsError: 1.32493e+03
      Equation: "ElectronContinuityEquation"	RelError: 5.31285e-04	AbsError: 1.08920e+03
      Equation: "HoleContinuityEquation"	RelError: 1.69769e-08	AbsError: 2.35722e+02
      Equation: "PotentialEquation"	RelError: 4.45082e-14	AbsError: 2.54722e-16
    Region: "gate"	RelError: 2.92366e-16	AbsError: 8.03527e+03
      Equation: "ElectronContinuityEquation"	RelError: 8.09962e-17	AbsError: 8.03527e+03
      Equation: "HoleContinuityEquation"	RelError: 1.10079e-16	AbsError: 1.10079e-16
      Equation: "PotentialEquation"	RelError: 1.01291e-16	AbsError: 1.11022e-16
    Region: "oxide"	RelError: 3.02603e-16	AbsError: 1.52049e-16
      Equation: "PotentialEquation"	RelError: 3.02603e-16	AbsError: 1.52049e-16
Iteration: 13
  Device: "mos2d"	RelError: 5.31030e-04	AbsError: 8.01547e+03
    Region: "bulk"	RelError: 5.31030e-04	AbsError: 1.42368e+03
      Equation: "ElectronContinuityEquation"	RelError: 5.31003e-04	AbsError: 1.14073e+03
      Equation: "HoleContinuityEquation"	RelError: 2.66420e-08	AbsError: 2.82949e+02
      Equation: "PotentialEquation"	RelError: 6.85502e-14	AbsError: 2.22045e-16
    Region: "gate"	RelError: 2.92167e-16	AbsError: 8.01547e+03
      Equation: "ElectronContinuityEquation"	RelError: 8.07967e-17	AbsError: 8.01547e+03
      Equation: "HoleContinuityEquation"	RelError: 1.10079e-16	AbsError: 1.10079e-16
      Equation: "PotentialEquation"	RelError: 1.01291e-16	AbsError: 1.11022e-16
    Region: "oxide"	RelError: 4.50012e-16	AbsError: 1.46147e-16
      Equation: "PotentialEquation"	RelError: 4.50012e-16	AbsError: 1.46147e-16
Iteration: 14
  Device: "mos2d"	RelError: 5.31312e-04	AbsError: 8.03069e+03
    Region: "bulk"	RelError: 5.31312e-04	AbsError: 1.31515e+03
      Equation: "ElectronContinuityEquation"	RelError: 5.31285e-04	AbsError: 1.07943e+03
      Equation: "HoleContinuityEquation"	RelError: 2.66418e-08	AbsError: 2.35723e+02
      Equation: "PotentialEquation"	RelError: 1.22875e-13	AbsError: 2.25909e-16
    Region: "gate"	RelError: 2.92320e-16	AbsError: 8.03069e+03
      Equation: "ElectronContinuityEquation"	RelError: 8.09501e-17	AbsError: 8.03069e+03
      Equation: "HoleContinuityEquation"	RelError: 1.10079e-16	AbsError: 1.10079e-16
      Equation: "PotentialEquation"	RelError: 1.01291e-16	AbsError: 1.11022e-16
    Region: "oxide"	RelError: 4.00988e-16	AbsError: 1.55146e-16
      Equation: "PotentialEquation"	RelError: 4.00988e-16	AbsError: 1.55146e-16
Iteration: 15
  Device: "mos2d"	RelError: 5.31030e-04	AbsError: 8.03420e+03
    Region: "bulk"	RelError: 5.31030e-04	AbsError: 1.39139e+03
      Equation: "ElectronContinuityEquation"	RelError: 5.31003e-04	AbsError: 1.16138e+03
      Equation: "HoleContinuityEquation"	RelError: 2.66417e-08	AbsError: 2.30019e+02
      Equation: "PotentialEquation"	RelError: 7.83883e-14	AbsError: 2.28090e-16
    Region: "gate"	RelError: 2.92355e-16	AbsError: 8.03420e+03
      Equation: "ElectronContinuityEquation"	RelError: 8.09854e-17	AbsError: 8.03420e+03
      Equation: "HoleContinuityEquation"	RelError: 1.10079e-16	AbsError: 1.10079e-16
      Equation: "PotentialEquation"	RelError: 1.01291e-16	AbsError: 1.11022e-16
    Region: "oxide"	RelError: 3.31420e-16	AbsError: 1.38796e-16
      Equation: "PotentialEquation"	RelError: 3.31420e-16	AbsError: 1.38796e-16
Iteration: 16
  Device: "mos2d"	RelError: 1.22621e-06	AbsError: 8.03469e+03
    Region: "bulk"	RelError: 1.22621e-06	AbsError: 1.37562e+03
      Equation: "ElectronContinuityEquation"	RelError: 1.20923e-06	AbsError: 1.08737e+03
      Equation: "HoleContinuityEquation"	RelError: 1.69770e-08	AbsError: 2.88245e+02
      Equation: "PotentialEquation"	RelError: 3.81849e-14	AbsError: 2.27480e-16
    Region: "gate"	RelError: 2.92360e-16	AbsError: 8.03469e+03
      Equation: "ElectronContinuityEquation"	RelError: 8.09904e-17	AbsError: 8.03469e+03
      Equation: "HoleContinuityEquation"	RelError: 1.10079e-16	AbsError: 1.10079e-16
      Equation: "PotentialEquation"	RelError: 1.01291e-16	AbsError: 1.11022e-16
    Region: "oxide"	RelError: 2.38266e-16	AbsError: 1.47896e-16
      Equation: "PotentialEquation"	RelError: 2.38266e-16	AbsError: 1.47896e-16
Succeeded
IVPOINT	IDVD_VG1P0	5.00000000e-01	1.58000000e+00	1.72561701e-08
drain last end 1.580000e+00 2.000000e+00
number of equations 5550
Iteration: 0
  Device: "mos2d"	RelError: 1.78101e+00	AbsError: 2.24628e+16
    Region: "bulk"	RelError: 1.77181e+00	AbsError: 2.24628e+16
      Equation: "ElectronContinuityEquation"	RelError: 2.38543e-01	AbsError: 2.09812e+16
      Equation: "HoleContinuityEquation"	RelError: 6.88855e-01	AbsError: 1.48160e+15
      Equation: "PotentialEquation"	RelError: 8.44412e-01	AbsError: 2.00000e-02
    Region: "gate"	RelError: 2.59981e-04	AbsError: 1.28781e+16
      Equation: "ElectronContinuityEquation"	RelError: 1.28457e-04	AbsError: 1.28781e+16
      Equation: "HoleContinuityEquation"	RelError: 1.28490e-04	AbsError: 1.28167e-04
      Equation: "PotentialEquation"	RelError: 3.03412e-06	AbsError: 3.32582e-06
    Region: "oxide"	RelError: 8.94522e-03	AbsError: 1.55368e-02
      Equation: "PotentialEquation"	RelError: 8.94522e-03	AbsError: 1.55368e-02
Iteration: 1
  Device: "mos2d"	RelError: 1.37820e-01	AbsError: 5.15423e+13
    Region: "bulk"	RelError: 1.37805e-01	AbsError: 5.15423e+13
      Equation: "ElectronContinuityEquation"	RelError: 2.15066e-02	AbsError: 2.81425e+13
      Equation: "HoleContinuityEquation"	RelError: 1.14069e-01	AbsError: 2.33997e+13
      Equation: "PotentialEquation"	RelError: 2.22943e-03	AbsError: 2.81945e-05
    Region: "gate"	RelError: 5.32589e-08	AbsError: 2.65146e+12
      Equation: "ElectronContinuityEquation"	RelError: 2.66785e-08	AbsError: 2.65146e+12
      Equation: "HoleContinuityEquation"	RelError: 2.59588e-08	AbsError: 2.61192e-08
      Equation: "PotentialEquation"	RelError: 6.21686e-10	AbsError: 6.81315e-10
    Region: "oxide"	RelError: 1.56769e-05	AbsError: 3.28176e-06
      Equation: "PotentialEquation"	RelError: 1.56769e-05	AbsError: 3.28176e-06
Iteration: 2
  Device: "mos2d"	RelError: 8.97878e-04	AbsError: 4.65307e+09
    Region: "bulk"	RelError: 8.97877e-04	AbsError: 4.65307e+09
      Equation: "ElectronContinuityEquation"	RelError: 8.18933e-04	AbsError: 7.24688e+08
      Equation: "HoleContinuityEquation"	RelError: 7.88945e-05	AbsError: 3.92838e+09
      Equation: "PotentialEquation"	RelError: 4.91817e-08	AbsError: 3.37698e-09
    Region: "gate"	RelError: 1.61164e-12	AbsError: 7.93620e+07
      Equation: "ElectronContinuityEquation"	RelError: 7.96189e-13	AbsError: 7.93620e+07
      Equation: "HoleContinuityEquation"	RelError: 7.96652e-13	AbsError: 7.99231e-13
      Equation: "PotentialEquation"	RelError: 1.87966e-14	AbsError: 2.06010e-14
    Region: "oxide"	RelError: 3.78459e-10	AbsError: 1.03743e-10
      Equation: "PotentialEquation"	RelError: 3.78459e-10	AbsError: 1.03743e-10
Iteration: 3
  Device: "mos2d"	RelError: 6.35410e-04	AbsError: 8.18574e+03
    Region: "bulk"	RelError: 6.35410e-04	AbsError: 1.69216e+03
      Equation: "ElectronContinuityEquation"	RelError: 6.35366e-04	AbsError: 1.34638e+03
      Equation: "HoleContinuityEquation"	RelError: 4.45242e-08	AbsError: 3.45773e+02
      Equation: "PotentialEquation"	RelError: 3.14008e-14	AbsError: 2.47832e-16
    Region: "gate"	RelError: 4.29965e-16	AbsError: 8.18574e+03
      Equation: "ElectronContinuityEquation"	RelError: 8.18574e-17	AbsError: 8.18574e+03
      Equation: "HoleContinuityEquation"	RelError: 2.46817e-16	AbsError: 2.48926e-16
      Equation: "PotentialEquation"	RelError: 1.01291e-16	AbsError: 1.11022e-16
    Region: "oxide"	RelError: 3.55408e-16	AbsError: 1.24073e-16
      Equation: "PotentialEquation"	RelError: 3.55408e-16	AbsError: 1.24073e-16
Iteration: 4
  Device: "mos2d"	RelError: 1.92343e-06	AbsError: 8.18574e+03
    Region: "bulk"	RelError: 1.92343e-06	AbsError: 1.45150e+03
      Equation: "ElectronContinuityEquation"	RelError: 1.88407e-06	AbsError: 1.02060e+03
      Equation: "HoleContinuityEquation"	RelError: 3.93653e-08	AbsError: 4.30906e+02
      Equation: "PotentialEquation"	RelError: 2.12763e-14	AbsError: 2.22045e-16
    Region: "gate"	RelError: 2.98170e-16	AbsError: 8.18574e+03
      Equation: "ElectronContinuityEquation"	RelError: 8.18574e-17	AbsError: 8.18574e+03
      Equation: "HoleContinuityEquation"	RelError: 1.15022e-16	AbsError: 1.15022e-16
      Equation: "PotentialEquation"	RelError: 1.01291e-16	AbsError: 1.11022e-16
    Region: "oxide"	RelError: 2.29157e-16	AbsError: 1.10587e-16
      Equation: "PotentialEquation"	RelError: 2.29157e-16	AbsError: 1.10587e-16
Succeeded
IVPOINT	IDVD_VG1P0	5.00000000e-01	1.60000000e+00	1.74471504e-08
drain last end 1.600000e+00 2.000000e+00
number of equations 5550
Iteration: 0
  Device: "mos2d"	RelError: 1.48161e+00	AbsError: 2.24024e+16
    Region: "bulk"	RelError: 1.47247e+00	AbsError: 2.24024e+16
      Equation: "ElectronContinuityEquation"	RelError: 2.37262e-01	AbsError: 2.09248e+16
      Equation: "HoleContinuityEquation"	RelError: 6.65191e-01	AbsError: 1.47760e+15
      Equation: "PotentialEquation"	RelError: 5.70014e-01	AbsError: 2.00000e-02
    Region: "gate"	RelError: 2.59998e-04	AbsError: 1.28806e+16
      Equation: "ElectronContinuityEquation"	RelError: 1.28465e-04	AbsError: 1.28806e+16
      Equation: "HoleContinuityEquation"	RelError: 1.28498e-04	AbsError: 1.28159e-04
      Equation: "PotentialEquation"	RelError: 3.03431e-06	AbsError: 3.32603e-06
    Region: "oxide"	RelError: 8.87831e-03	AbsError: 1.55372e-02
      Equation: "PotentialEquation"	RelError: 8.87831e-03	AbsError: 1.55372e-02
Iteration: 1
  Device: "mos2d"	RelError: 1.32421e-01	AbsError: 5.16910e+13
    Region: "bulk"	RelError: 1.32406e-01	AbsError: 5.16910e+13
      Equation: "ElectronContinuityEquation"	RelError: 2.13892e-02	AbsError: 2.85513e+13
      Equation: "HoleContinuityEquation"	RelError: 1.09813e-01	AbsError: 2.31397e+13
      Equation: "PotentialEquation"	RelError: 1.20368e-03	AbsError: 2.85372e-05
    Region: "gate"	RelError: 5.28843e-08	AbsError: 2.63328e+12
      Equation: "ElectronContinuityEquation"	RelError: 2.64948e-08	AbsError: 2.63328e+12
      Equation: "HoleContinuityEquation"	RelError: 2.57723e-08	AbsError: 2.59308e-08
      Equation: "PotentialEquation"	RelError: 6.17313e-10	AbsError: 6.76523e-10
    Region: "oxide"	RelError: 1.55270e-05	AbsError: 3.25858e-06
      Equation: "PotentialEquation"	RelError: 1.55270e-05	AbsError: 3.25858e-06
Iteration: 2
  Device: "mos2d"	RelError: 9.51952e-04	AbsError: 4.59603e+09
    Region: "bulk"	RelError: 9.51952e-04	AbsError: 4.59603e+09
      Equation: "ElectronContinuityEquation"	RelError: 8.77265e-04	AbsError: 7.25690e+08
      Equation: "HoleContinuityEquation"	RelError: 7.46428e-05	AbsError: 3.87034e+09
      Equation: "PotentialEquation"	RelError: 4.38704e-08	AbsError: 3.34919e-09
    Region: "gate"	RelError: 1.64201e-12	AbsError: 8.08540e+07
      Equation: "ElectronContinuityEquation"	RelError: 8.11116e-13	AbsError: 8.08540e+07
      Equation: "HoleContinuityEquation"	RelError: 8.11691e-13	AbsError: 8.14276e-13
      Equation: "PotentialEquation"	RelError: 1.91985e-14	AbsError: 2.10414e-14
    Region: "oxide"	RelError: 3.74714e-10	AbsError: 1.05643e-10
      Equation: "PotentialEquation"	RelError: 3.74714e-10	AbsError: 1.05643e-10
Iteration: 3
  Device: "mos2d"	RelError: 1.56380e-06	AbsError: 8.18979e+03
    Region: "bulk"	RelError: 1.56380e-06	AbsError: 1.33999e+03
      Equation: "ElectronContinuityEquation"	RelError: 1.54708e-06	AbsError: 1.02714e+03
      Equation: "HoleContinuityEquation"	RelError: 1.67156e-08	AbsError: 3.12852e+02
      Equation: "PotentialEquation"	RelError: 1.98714e-14	AbsError: 2.28929e-16
    Region: "gate"	RelError: 3.47223e-16	AbsError: 8.18979e+03
      Equation: "ElectronContinuityEquation"	RelError: 8.18979e-17	AbsError: 8.18979e+03
      Equation: "HoleContinuityEquation"	RelError: 1.64034e-16	AbsError: 1.65015e-16
      Equation: "PotentialEquation"	RelError: 1.01291e-16	AbsError: 1.11022e-16
    Region: "oxide"	RelError: 2.62741e-16	AbsError: 1.14165e-16
      Equation: "PotentialEquation"	RelError: 2.62741e-16	AbsError: 1.14165e-16
Succeeded
IVPOINT	IDVD_VG1P0	5.00000000e-01	1.62000000e+00	1.76502493e-08
drain last end 1.620000e+00 2.000000e+00
number of equations 5550
Iteration: 0
  Device: "mos2d"	RelError: 2.25433e+00	AbsError: 2.23394e+16
    Region: "bulk"	RelError: 2.24526e+00	AbsError: 2.23394e+16
      Equation: "ElectronContinuityEquation"	RelError: 2.35736e-01	AbsError: 2.08675e+16
      Equation: "HoleContinuityEquation"	RelError: 6.67233e-01	AbsError: 1.47183e+15
      Equation: "PotentialEquation"	RelError: 1.34229e+00	AbsError: 2.00000e-02
    Region: "gate"	RelError: 2.60014e-04	AbsError: 1.28830e+16
      Equation: "ElectronContinuityEquation"	RelError: 1.28473e-04	AbsError: 1.28830e+16
      Equation: "HoleContinuityEquation"	RelError: 1.28506e-04	AbsError: 1.28150e-04
      Equation: "PotentialEquation"	RelError: 3.03448e-06	AbsError: 3.32624e-06
    Region: "oxide"	RelError: 8.81339e-03	AbsError: 1.55376e-02
      Equation: "PotentialEquation"	RelError: 8.81339e-03	AbsError: 1.55376e-02
Iteration: 1
  Device: "mos2d"	RelError: 1.28738e-01	AbsError: 5.23962e+13
    Region: "bulk"	RelError: 1.28722e-01	AbsError: 5.23962e+13
      Equation: "ElectronContinuityEquation"	RelError: 2.12500e-02	AbsError: 2.89709e+13
      Equation: "HoleContinuityEquation"	RelError: 1.04739e-01	AbsError: 2.34252e+13
      Equation: "PotentialEquation"	RelError: 2.73339e-03	AbsError: 2.88251e-05
    Region: "gate"	RelError: 5.24964e-08	AbsError: 2.61443e+12
      Equation: "ElectronContinuityEquation"	RelError: 2.63045e-08	AbsError: 2.61443e+12
      Equation: "HoleContinuityEquation"	RelError: 2.55791e-08	AbsError: 2.57358e-08
      Equation: "PotentialEquation"	RelError: 6.12784e-10	AbsError: 6.71560e-10
    Region: "oxide"	RelError: 1.53762e-05	AbsError: 3.23457e-06
      Equation: "PotentialEquation"	RelError: 1.53762e-05	AbsError: 3.23457e-06
Iteration: 2
  Device: "mos2d"	RelError: 9.75961e-04	AbsError: 4.68363e+09
    Region: "bulk"	RelError: 9.75961e-04	AbsError: 4.68363e+09
      Equation: "ElectronContinuityEquation"	RelError: 9.05716e-04	AbsError: 7.23697e+08
      Equation: "HoleContinuityEquation"	RelError: 7.01534e-05	AbsError: 3.95994e+09
      Equation: "PotentialEquation"	RelError: 9.06580e-08	AbsError: 3.49141e-09
    Region: "gate"	RelError: 1.66305e-12	AbsError: 8.18968e+07
      Equation: "ElectronContinuityEquation"	RelError: 8.21535e-13	AbsError: 8.18968e+07
      Equation: "HoleContinuityEquation"	RelError: 8.22166e-13	AbsError: 8.24743e-13
      Equation: "PotentialEquation"	RelError: 1.93504e-14	AbsError: 2.12079e-14
    Region: "oxide"	RelError: 3.71694e-10	AbsError: 1.06955e-10
      Equation: "PotentialEquation"	RelError: 3.71694e-10	AbsError: 1.06955e-10
Iteration: 3
  Device: "mos2d"	RelError: 2.42577e-06	AbsError: 8.08332e+03
    Region: "bulk"	RelError: 2.42577e-06	AbsError: 1.49573e+03
      Equation: "ElectronContinuityEquation"	RelError: 2.38525e-06	AbsError: 1.03032e+03
      Equation: "HoleContinuityEquation"	RelError: 4.05171e-08	AbsError: 4.65404e+02
      Equation: "PotentialEquation"	RelError: 4.98827e-14	AbsError: 2.29736e-16
    Region: "gate"	RelError: 5.52220e-16	AbsError: 8.08332e+03
      Equation: "ElectronContinuityEquation"	RelError: 8.08332e-17	AbsError: 8.08332e+03
      Equation: "HoleContinuityEquation"	RelError: 3.70096e-16	AbsError: 3.73229e-16
      Equation: "PotentialEquation"	RelError: 1.01291e-16	AbsError: 1.11022e-16
    Region: "oxide"	RelError: 7.97729e-16	AbsError: 1.33404e-16
      Equation: "PotentialEquation"	RelError: 7.97729e-16	AbsError: 1.33404e-16
Succeeded
IVPOINT	IDVD_VG1P0	5.00000000e-01	1.64000000e+00	1.78450965e-08
drain last end 1.640000e+00 2.000000e+00
number of equations 5550
Iteration: 0
  Device: "mos2d"	RelError: 7.57615e+00	AbsError: 2.22738e+16
    Region: "bulk"	RelError: 7.56714e+00	AbsError: 2.22738e+16
      Equation: "ElectronContinuityEquation"	RelError: 2.33920e-01	AbsError: 2.08094e+16
      Equation: "HoleContinuityEquation"	RelError: 6.68887e-01	AbsError: 1.46431e+15
      Equation: "PotentialEquation"	RelError: 6.66433e+00	AbsError: 2.00000e-02
    Region: "gate"	RelError: 2.60029e-04	AbsError: 1.28854e+16
      Equation: "ElectronContinuityEquation"	RelError: 1.28481e-04	AbsError: 1.28854e+16
      Equation: "HoleContinuityEquation"	RelError: 1.28514e-04	AbsError: 1.28141e-04
      Equation: "PotentialEquation"	RelError: 3.03465e-06	AbsError: 3.32643e-06
    Region: "oxide"	RelError: 8.74939e-03	AbsError: 1.55380e-02
      Equation: "PotentialEquation"	RelError: 8.74939e-03	AbsError: 1.55380e-02
Iteration: 1
  Device: "mos2d"	RelError: 1.37162e-01	AbsError: 5.34882e+13
    Region: "bulk"	RelError: 1.37146e-01	AbsError: 5.34882e+13
      Equation: "ElectronContinuityEquation"	RelError: 2.10851e-02	AbsError: 2.94017e+13
      Equation: "HoleContinuityEquation"	RelError: 1.05176e-01	AbsError: 2.40865e+13
      Equation: "PotentialEquation"	RelError: 1.08848e-02	AbsError: 2.90528e-05
    Region: "gate"	RelError: 5.20925e-08	AbsError: 2.59480e+12
      Equation: "ElectronContinuityEquation"	RelError: 2.61062e-08	AbsError: 2.59480e+12
      Equation: "HoleContinuityEquation"	RelError: 2.53781e-08	AbsError: 2.55329e-08
      Equation: "PotentialEquation"	RelError: 6.08069e-10	AbsError: 6.66393e-10
    Region: "oxide"	RelError: 1.52242e-05	AbsError: 3.20959e-06
      Equation: "PotentialEquation"	RelError: 1.52242e-05	AbsError: 3.20959e-06
Iteration: 2
  Device: "mos2d"	RelError: 9.64579e-04	AbsError: 4.94420e+09
    Region: "bulk"	RelError: 9.64579e-04	AbsError: 4.94420e+09
      Equation: "ElectronContinuityEquation"	RelError: 8.98735e-04	AbsError: 7.18222e+08
      Equation: "HoleContinuityEquation"	RelError: 6.54867e-05	AbsError: 4.22598e+09
      Equation: "PotentialEquation"	RelError: 3.56589e-07	AbsError: 3.62710e-09
    Region: "gate"	RelError: 1.67390e-12	AbsError: 8.24496e+07
      Equation: "ElectronContinuityEquation"	RelError: 8.27037e-13	AbsError: 8.24496e+07
      Equation: "HoleContinuityEquation"	RelError: 8.27398e-13	AbsError: 8.29948e-13
      Equation: "PotentialEquation"	RelError: 1.94678e-14	AbsError: 2.13366e-14
    Region: "oxide"	RelError: 3.69276e-10	AbsError: 1.07623e-10
      Equation: "PotentialEquation"	RelError: 3.69276e-10	AbsError: 1.07623e-10
Iteration: 3
  Device: "mos2d"	RelError: 2.70425e-06	AbsError: 8.17626e+03
    Region: "bulk"	RelError: 2.70425e-06	AbsError: 1.63124e+03
      Equation: "ElectronContinuityEquation"	RelError: 2.67825e-06	AbsError: 1.31286e+03
      Equation: "HoleContinuityEquation"	RelError: 2.59997e-08	AbsError: 3.18384e+02
      Equation: "PotentialEquation"	RelError: 2.18051e-14	AbsError: 2.58930e-16
    Region: "gate"	RelError: 3.42863e-16	AbsError: 8.17626e+03
      Equation: "ElectronContinuityEquation"	RelError: 8.24115e-17	AbsError: 8.17626e+03
      Equation: "HoleContinuityEquation"	RelError: 1.58926e-16	AbsError: 1.59025e-16
      Equation: "PotentialEquation"	RelError: 1.01526e-16	AbsError: 1.11280e-16
    Region: "oxide"	RelError: 3.90463e-16	AbsError: 1.31960e-16
      Equation: "PotentialEquation"	RelError: 3.90463e-16	AbsError: 1.31960e-16
Succeeded
IVPOINT	IDVD_VG1P0	5.00000000e-01	1.66000000e+00	1.80519279e-08
drain last end 1.660000e+00 2.000000e+00
number of equations 5550
Iteration: 0
  Device: "mos2d"	RelError: 3.28344e+00	AbsError: 2.22056e+16
    Region: "bulk"	RelError: 3.27449e+00	AbsError: 2.22056e+16
      Equation: "ElectronContinuityEquation"	RelError: 2.31762e-01	AbsError: 2.07505e+16
      Equation: "HoleContinuityEquation"	RelError: 6.70002e-01	AbsError: 1.45511e+15
      Equation: "PotentialEquation"	RelError: 2.37273e+00	AbsError: 2.00000e-02
    Region: "gate"	RelError: 2.60043e-04	AbsError: 1.28877e+16
      Equation: "ElectronContinuityEquation"	RelError: 1.28488e-04	AbsError: 1.28877e+16
      Equation: "HoleContinuityEquation"	RelError: 1.28521e-04	AbsError: 1.28132e-04
      Equation: "PotentialEquation"	RelError: 3.03480e-06	AbsError: 3.32661e-06
    Region: "oxide"	RelError: 8.68627e-03	AbsError: 1.55383e-02
      Equation: "PotentialEquation"	RelError: 8.68627e-03	AbsError: 1.55383e-02
Iteration: 1
  Device: "mos2d"	RelError: 1.30883e-01	AbsError: 5.44490e+13
    Region: "bulk"	RelError: 1.30868e-01	AbsError: 5.44490e+13
      Equation: "ElectronContinuityEquation"	RelError: 2.08899e-02	AbsError: 2.98439e+13
      Equation: "HoleContinuityEquation"	RelError: 1.05532e-01	AbsError: 2.46051e+13
      Equation: "PotentialEquation"	RelError: 4.44640e-03	AbsError: 2.92151e-05
    Region: "gate"	RelError: 5.16705e-08	AbsError: 2.57428e+12
      Equation: "ElectronContinuityEquation"	RelError: 2.58991e-08	AbsError: 2.57428e+12
      Equation: "HoleContinuityEquation"	RelError: 2.51682e-08	AbsError: 2.53210e-08
      Equation: "PotentialEquation"	RelError: 6.03143e-10	AbsError: 6.60995e-10
    Region: "oxide"	RelError: 1.50706e-05	AbsError: 3.18348e-06
      Equation: "PotentialEquation"	RelError: 1.50706e-05	AbsError: 3.18348e-06
Iteration: 2
  Device: "mos2d"	RelError: 9.15602e-04	AbsError: 5.15268e+09
    Region: "bulk"	RelError: 9.15602e-04	AbsError: 5.15268e+09
      Equation: "ElectronContinuityEquation"	RelError: 8.54884e-04	AbsError: 7.08936e+08
      Equation: "HoleContinuityEquation"	RelError: 6.06563e-05	AbsError: 4.44374e+09
      Equation: "PotentialEquation"	RelError: 6.18546e-08	AbsError: 3.73737e-09
    Region: "gate"	RelError: 1.67442e-12	AbsError: 8.24806e+07
      Equation: "ElectronContinuityEquation"	RelError: 8.27305e-13	AbsError: 8.24806e+07
      Equation: "HoleContinuityEquation"	RelError: 8.27626e-13	AbsError: 8.30134e-13
      Equation: "PotentialEquation"	RelError: 1.94934e-14	AbsError: 2.13647e-14
    Region: "oxide"	RelError: 3.67549e-10	AbsError: 1.07612e-10
      Equation: "PotentialEquation"	RelError: 3.67549e-10	AbsError: 1.07612e-10
Iteration: 3
  Device: "mos2d"	RelError: 1.29942e-03	AbsError: 8.06218e+03
    Region: "bulk"	RelError: 1.29942e-03	AbsError: 1.35057e+03
      Equation: "ElectronContinuityEquation"	RelError: 1.29938e-03	AbsError: 1.05757e+03
      Equation: "HoleContinuityEquation"	RelError: 4.28539e-08	AbsError: 2.93007e+02
      Equation: "PotentialEquation"	RelError: 3.44648e-14	AbsError: 2.43710e-16
    Region: "gate"	RelError: 3.43063e-16	AbsError: 8.06218e+03
      Equation: "ElectronContinuityEquation"	RelError: 8.06218e-17	AbsError: 8.06218e+03
      Equation: "HoleContinuityEquation"	RelError: 1.61150e-16	AbsError: 1.62514e-16
      Equation: "PotentialEquation"	RelError: 1.01291e-16	AbsError: 1.11022e-16
    Region: "oxide"	RelError: 4.19425e-16	AbsError: 1.32764e-16
      Equation: "PotentialEquation"	RelError: 4.19425e-16	AbsError: 1.32764e-16
Iteration: 4
  Device: "mos2d"	RelError: 1.29773e-03	AbsError: 8.06218e+03
    Region: "bulk"	RelError: 1.29773e-03	AbsError: 1.50184e+03
      Equation: "ElectronContinuityEquation"	RelError: 1.29770e-03	AbsError: 1.06156e+03
      Equation: "HoleContinuityEquation"	RelError: 2.77272e-08	AbsError: 4.40282e+02
      Equation: "PotentialEquation"	RelError: 1.45144e-14	AbsError: 2.30034e-16
    Region: "gate"	RelError: 3.23099e-16	AbsError: 8.06218e+03
      Equation: "ElectronContinuityEquation"	RelError: 8.06218e-17	AbsError: 8.06218e+03
      Equation: "HoleContinuityEquation"	RelError: 1.41187e-16	AbsError: 1.41187e-16
      Equation: "PotentialEquation"	RelError: 1.01291e-16	AbsError: 1.11022e-16
    Region: "oxide"	RelError: 2.37416e-16	AbsError: 1.08400e-16
      Equation: "PotentialEquation"	RelError: 2.37416e-16	AbsError: 1.08400e-16
Iteration: 5
  Device: "mos2d"	RelError: 3.03055e-06	AbsError: 8.06218e+03
    Region: "bulk"	RelError: 3.03055e-06	AbsError: 1.36404e+03
      Equation: "ElectronContinuityEquation"	RelError: 3.00278e-06	AbsError: 1.06725e+03
      Equation: "HoleContinuityEquation"	RelError: 2.77693e-08	AbsError: 2.96791e+02
      Equation: "PotentialEquation"	RelError: 2.72070e-14	AbsError: 2.44435e-16
    Region: "gate"	RelError: 2.90366e-16	AbsError: 8.06218e+03
      Equation: "ElectronContinuityEquation"	RelError: 8.06218e-17	AbsError: 8.06218e+03
      Equation: "HoleContinuityEquation"	RelError: 1.08453e-16	AbsError: 1.08453e-16
      Equation: "PotentialEquation"	RelError: 1.01291e-16	AbsError: 1.11022e-16
    Region: "oxide"	RelError: 2.86886e-16	AbsError: 1.08403e-16
      Equation: "PotentialEquation"	RelError: 2.86886e-16	AbsError: 1.08403e-16
Succeeded
IVPOINT	IDVD_VG1P0	5.00000000e-01	1.68000000e+00	1.82501783e-08
drain last end 1.680000e+00 2.000000e+00
number of equations 5550
Iteration: 0
  Device: "mos2d"	RelError: 1.61180e+00	AbsError: 2.21349e+16
    Region: "bulk"	RelError: 1.60291e+00	AbsError: 2.21349e+16
      Equation: "ElectronContinuityEquation"	RelError: 2.29204e-01	AbsError: 2.06907e+16
      Equation: "HoleContinuityEquation"	RelError: 6.70351e-01	AbsError: 1.44424e+15
      Equation: "PotentialEquation"	RelError: 7.03357e-01	AbsError: 2.00000e-02
    Region: "gate"	RelError: 2.60056e-04	AbsError: 1.28900e+16
      Equation: "ElectronContinuityEquation"	RelError: 1.28494e-04	AbsError: 1.28900e+16
      Equation: "HoleContinuityEquation"	RelError: 1.28527e-04	AbsError: 1.28122e-04
      Equation: "PotentialEquation"	RelError: 3.03495e-06	AbsError: 3.32677e-06
    Region: "oxide"	RelError: 8.62803e-03	AbsError: 1.55387e-02
      Equation: "PotentialEquation"	RelError: 8.62803e-03	AbsError: 1.55387e-02
Iteration: 1
  Device: "mos2d"	RelError: 1.28745e-01	AbsError: 5.52747e+13
    Region: "bulk"	RelError: 1.28730e-01	AbsError: 5.52747e+13
      Equation: "ElectronContinuityEquation"	RelError: 2.16465e-02	AbsError: 3.02983e+13
      Equation: "HoleContinuityEquation"	RelError: 1.05773e-01	AbsError: 2.49764e+13
      Equation: "PotentialEquation"	RelError: 1.30982e-03	AbsError: 2.93079e-05
    Region: "gate"	RelError: 5.12289e-08	AbsError: 2.55280e+12
      Equation: "ElectronContinuityEquation"	RelError: 2.56823e-08	AbsError: 2.55280e+12
      Equation: "HoleContinuityEquation"	RelError: 2.49486e-08	AbsError: 2.50994e-08
      Equation: "PotentialEquation"	RelError: 5.97988e-10	AbsError: 6.55346e-10
    Region: "oxide"	RelError: 1.49150e-05	AbsError: 3.15617e-06
      Equation: "PotentialEquation"	RelError: 1.49150e-05	AbsError: 3.15617e-06
Iteration: 2
  Device: "mos2d"	RelError: 8.33410e-04	AbsError: 5.30527e+09
    Region: "bulk"	RelError: 8.33409e-04	AbsError: 5.30527e+09
      Equation: "ElectronContinuityEquation"	RelError: 7.77626e-04	AbsError: 6.95690e+08
      Equation: "HoleContinuityEquation"	RelError: 5.57525e-05	AbsError: 4.60958e+09
      Equation: "PotentialEquation"	RelError: 3.13169e-08	AbsError: 3.81785e-09
    Region: "gate"	RelError: 1.66393e-12	AbsError: 8.19609e+07
      Equation: "ElectronContinuityEquation"	RelError: 8.22050e-13	AbsError: 8.19609e+07
      Equation: "HoleContinuityEquation"	RelError: 8.22436e-13	AbsError: 8.24886e-13
      Equation: "PotentialEquation"	RelError: 1.94402e-14	AbsError: 2.13064e-14
    Region: "oxide"	RelError: 3.66498e-10	AbsError: 1.06908e-10
      Equation: "PotentialEquation"	RelError: 3.66498e-10	AbsError: 1.06908e-10
Iteration: 3
  Device: "mos2d"	RelError: 2.57214e-06	AbsError: 8.14562e+03
    Region: "bulk"	RelError: 2.57214e-06	AbsError: 1.54108e+03
      Equation: "ElectronContinuityEquation"	RelError: 2.53915e-06	AbsError: 1.19493e+03
      Equation: "HoleContinuityEquation"	RelError: 3.29954e-08	AbsError: 3.46147e+02
      Equation: "PotentialEquation"	RelError: 2.21325e-14	AbsError: 3.05395e-16
    Region: "gate"	RelError: 3.50069e-16	AbsError: 8.14562e+03
      Equation: "ElectronContinuityEquation"	RelError: 8.16988e-17	AbsError: 8.14562e+03
      Equation: "HoleContinuityEquation"	RelError: 1.67080e-16	AbsError: 1.68202e-16
      Equation: "PotentialEquation"	RelError: 1.01291e-16	AbsError: 1.11022e-16
    Region: "oxide"	RelError: 4.01419e-16	AbsError: 1.12391e-16
      Equation: "PotentialEquation"	RelError: 4.01419e-16	AbsError: 1.12391e-16
Succeeded
IVPOINT	IDVD_VG1P0	5.00000000e-01	1.70000000e+00	1.84612094e-08
drain last end 1.700000e+00 2.000000e+00
number of equations 5550
Iteration: 0
  Device: "mos2d"	RelError: 1.31811e+00	AbsError: 2.20617e+16
    Region: "bulk"	RelError: 1.30928e+00	AbsError: 2.20617e+16
      Equation: "ElectronContinuityEquation"	RelError: 2.26181e-01	AbsError: 2.06299e+16
      Equation: "HoleContinuityEquation"	RelError: 6.69590e-01	AbsError: 1.43175e+15
      Equation: "PotentialEquation"	RelError: 4.13508e-01	AbsError: 2.00000e-02
    Region: "gate"	RelError: 2.60068e-04	AbsError: 1.28923e+16
      Equation: "ElectronContinuityEquation"	RelError: 1.28500e-04	AbsError: 1.28923e+16
      Equation: "HoleContinuityEquation"	RelError: 1.28533e-04	AbsError: 1.28111e-04
      Equation: "PotentialEquation"	RelError: 3.03507e-06	AbsError: 3.32693e-06
    Region: "oxide"	RelError: 8.57215e-03	AbsError: 1.55390e-02
      Equation: "PotentialEquation"	RelError: 8.57215e-03	AbsError: 1.55390e-02
Iteration: 1
  Device: "mos2d"	RelError: 1.27084e-01	AbsError: 5.59633e+13
    Region: "bulk"	RelError: 1.27069e-01	AbsError: 5.59633e+13
      Equation: "ElectronContinuityEquation"	RelError: 2.03872e-02	AbsError: 3.07656e+13
      Equation: "HoleContinuityEquation"	RelError: 1.05853e-01	AbsError: 2.51977e+13
      Equation: "PotentialEquation"	RelError: 8.29112e-04	AbsError: 2.93280e-05
    Region: "gate"	RelError: 5.07667e-08	AbsError: 2.53030e+12
      Equation: "ElectronContinuityEquation"	RelError: 2.54552e-08	AbsError: 2.53030e+12
      Equation: "HoleContinuityEquation"	RelError: 2.47189e-08	AbsError: 2.48676e-08
      Equation: "PotentialEquation"	RelError: 5.92592e-10	AbsError: 6.49434e-10
    Region: "oxide"	RelError: 1.47575e-05	AbsError: 3.12758e-06
      Equation: "PotentialEquation"	RelError: 1.47575e-05	AbsError: 3.12758e-06
Iteration: 2
  Device: "mos2d"	RelError: 1.77294e-03	AbsError: 5.39918e+09
    Region: "bulk"	RelError: 1.77294e-03	AbsError: 5.39918e+09
      Equation: "ElectronContinuityEquation"	RelError: 1.72207e-03	AbsError: 6.78512e+08
      Equation: "HoleContinuityEquation"	RelError: 5.08383e-05	AbsError: 4.72067e+09
      Equation: "PotentialEquation"	RelError: 3.43916e-08	AbsError: 3.86500e-09
    Region: "gate"	RelError: 1.64298e-12	AbsError: 8.09358e+07
      Equation: "ElectronContinuityEquation"	RelError: 8.11727e-13	AbsError: 8.09358e+07
      Equation: "HoleContinuityEquation"	RelError: 8.12104e-13	AbsError: 8.14481e-13
      Equation: "PotentialEquation"	RelError: 1.91506e-14	AbsError: 2.09890e-14
    Region: "oxide"	RelError: 3.65584e-10	AbsError: 1.05520e-10
      Equation: "PotentialEquation"	RelError: 3.65584e-10	AbsError: 1.05520e-10
Iteration: 3
  Device: "mos2d"	RelError: 2.66758e-07	AbsError: 8.07109e+03
    Region: "bulk"	RelError: 2.66758e-07	AbsError: 1.70648e+03
      Equation: "ElectronContinuityEquation"	RelError: 1.86028e-07	AbsError: 1.37797e+03
      Equation: "HoleContinuityEquation"	RelError: 8.07298e-08	AbsError: 3.28512e+02
      Equation: "PotentialEquation"	RelError: 1.88563e-14	AbsError: 2.82921e-16
    Region: "gate"	RelError: 3.70297e-16	AbsError: 8.07109e+03
      Equation: "ElectronContinuityEquation"	RelError: 8.07109e-17	AbsError: 8.07109e+03
      Equation: "HoleContinuityEquation"	RelError: 1.88291e-16	AbsError: 1.89896e-16
      Equation: "PotentialEquation"	RelError: 1.01295e-16	AbsError: 1.11026e-16
    Region: "oxide"	RelError: 4.72636e-16	AbsError: 1.17201e-16
      Equation: "PotentialEquation"	RelError: 4.72636e-16	AbsError: 1.17201e-16
Succeeded
IVPOINT	IDVD_VG1P0	5.00000000e-01	1.72000000e+00	1.86635495e-08
drain last end 1.720000e+00 2.000000e+00
number of equations 5550
Iteration: 0
  Device: "mos2d"	RelError: 1.28581e+00	AbsError: 2.19859e+16
    Region: "bulk"	RelError: 1.27703e+00	AbsError: 2.19859e+16
      Equation: "ElectronContinuityEquation"	RelError: 2.23303e-01	AbsError: 2.05682e+16
      Equation: "HoleContinuityEquation"	RelError: 6.67215e-01	AbsError: 1.41766e+15
      Equation: "PotentialEquation"	RelError: 3.86511e-01	AbsError: 2.00000e-02
    Region: "gate"	RelError: 2.60078e-04	AbsError: 1.28945e+16
      Equation: "ElectronContinuityEquation"	RelError: 1.28505e-04	AbsError: 1.28945e+16
      Equation: "HoleContinuityEquation"	RelError: 1.28538e-04	AbsError: 1.28100e-04
      Equation: "PotentialEquation"	RelError: 3.03519e-06	AbsError: 3.32706e-06
    Region: "oxide"	RelError: 8.51691e-03	AbsError: 1.55393e-02
      Equation: "PotentialEquation"	RelError: 8.51691e-03	AbsError: 1.55393e-02
Iteration: 1
  Device: "mos2d"	RelError: 1.27353e-01	AbsError: 5.65152e+13
    Region: "bulk"	RelError: 1.27338e-01	AbsError: 5.65152e+13
      Equation: "ElectronContinuityEquation"	RelError: 2.04889e-02	AbsError: 3.12467e+13
      Equation: "HoleContinuityEquation"	RelError: 1.05699e-01	AbsError: 2.52686e+13
      Equation: "PotentialEquation"	RelError: 1.15023e-03	AbsError: 2.92737e-05
    Region: "gate"	RelError: 5.02835e-08	AbsError: 2.50677e+12
      Equation: "ElectronContinuityEquation"	RelError: 2.52178e-08	AbsError: 2.50677e+12
      Equation: "HoleContinuityEquation"	RelError: 2.44787e-08	AbsError: 2.46253e-08
      Equation: "PotentialEquation"	RelError: 5.86952e-10	AbsError: 6.43252e-10
    Region: "oxide"	RelError: 1.45979e-05	AbsError: 3.09770e-06
      Equation: "PotentialEquation"	RelError: 1.45979e-05	AbsError: 3.09770e-06
Iteration: 2
  Device: "mos2d"	RelError: 6.04612e-04	AbsError: 5.43290e+09
    Region: "bulk"	RelError: 6.04611e-04	AbsError: 5.43290e+09
      Equation: "ElectronContinuityEquation"	RelError: 5.58626e-04	AbsError: 6.57610e+08
      Equation: "HoleContinuityEquation"	RelError: 4.59471e-05	AbsError: 4.77529e+09
      Equation: "PotentialEquation"	RelError: 3.81208e-08	AbsError: 3.87635e-09
    Region: "gate"	RelError: 1.61153e-12	AbsError: 7.93954e+07
      Equation: "ElectronContinuityEquation"	RelError: 7.96237e-13	AbsError: 7.93954e+07
      Equation: "HoleContinuityEquation"	RelError: 7.96438e-13	AbsError: 7.98727e-13
      Equation: "PotentialEquation"	RelError: 1.88568e-14	AbsError: 2.06671e-14
    Region: "oxide"	RelError: 3.64722e-10	AbsError: 1.03482e-10
      Equation: "PotentialEquation"	RelError: 3.64722e-10	AbsError: 1.03482e-10
Iteration: 3
  Device: "mos2d"	RelError: 3.29685e-06	AbsError: 8.15756e+03
    Region: "bulk"	RelError: 3.29685e-06	AbsError: 1.47388e+03
      Equation: "ElectronContinuityEquation"	RelError: 3.23002e-06	AbsError: 1.07620e+03
      Equation: "HoleContinuityEquation"	RelError: 6.68327e-08	AbsError: 3.97685e+02
      Equation: "PotentialEquation"	RelError: 1.03644e-14	AbsError: 3.87303e-16
    Region: "gate"	RelError: 4.08398e-16	AbsError: 8.15756e+03
      Equation: "ElectronContinuityEquation"	RelError: 8.15756e-17	AbsError: 8.15756e+03
      Equation: "HoleContinuityEquation"	RelError: 2.25532e-16	AbsError: 2.24514e-16
      Equation: "PotentialEquation"	RelError: 1.01291e-16	AbsError: 1.11022e-16
    Region: "oxide"	RelError: 3.92363e-16	AbsError: 1.49064e-16
      Equation: "PotentialEquation"	RelError: 3.92363e-16	AbsError: 1.49064e-16
Succeeded
IVPOINT	IDVD_VG1P0	5.00000000e-01	1.74000000e+00	1.88768658e-08
drain last end 1.740000e+00 2.000000e+00
number of equations 5550
Iteration: 0
  Device: "mos2d"	RelError: 1.53102e+00	AbsError: 2.19076e+16
    Region: "bulk"	RelError: 1.52230e+00	AbsError: 2.19076e+16
      Equation: "ElectronContinuityEquation"	RelError: 2.22456e-01	AbsError: 2.05056e+16
      Equation: "HoleContinuityEquation"	RelError: 6.62496e-01	AbsError: 1.40199e+15
      Equation: "PotentialEquation"	RelError: 6.37346e-01	AbsError: 2.00000e-02
    Region: "gate"	RelError: 2.60088e-04	AbsError: 1.28966e+16
      Equation: "ElectronContinuityEquation"	RelError: 1.28510e-04	AbsError: 1.28966e+16
      Equation: "HoleContinuityEquation"	RelError: 1.28543e-04	AbsError: 1.28088e-04
      Equation: "PotentialEquation"	RelError: 3.03529e-06	AbsError: 3.32718e-06
    Region: "oxide"	RelError: 8.46229e-03	AbsError: 1.55395e-02
      Equation: "PotentialEquation"	RelError: 8.46229e-03	AbsError: 1.55395e-02
Iteration: 1
  Device: "mos2d"	RelError: 1.27559e-01	AbsError: 5.69333e+13
    Region: "bulk"	RelError: 1.27545e-01	AbsError: 5.69333e+13
      Equation: "ElectronContinuityEquation"	RelError: 2.04540e-02	AbsError: 3.17428e+13
      Equation: "HoleContinuityEquation"	RelError: 1.05205e-01	AbsError: 2.51905e+13
      Equation: "PotentialEquation"	RelError: 1.88540e-03	AbsError: 2.91447e-05
    Region: "gate"	RelError: 4.97796e-08	AbsError: 2.48222e+12
      Equation: "ElectronContinuityEquation"	RelError: 2.49702e-08	AbsError: 2.48222e+12
      Equation: "HoleContinuityEquation"	RelError: 2.42283e-08	AbsError: 2.43728e-08
      Equation: "PotentialEquation"	RelError: 5.81069e-10	AbsError: 6.36806e-10
    Region: "oxide"	RelError: 1.44363e-05	AbsError: 3.06710e-06
      Equation: "PotentialEquation"	RelError: 1.44363e-05	AbsError: 3.06710e-06
Iteration: 2
  Device: "mos2d"	RelError: 4.81683e-04	AbsError: 5.40646e+09
    Region: "bulk"	RelError: 4.81683e-04	AbsError: 5.40646e+09
      Equation: "ElectronContinuityEquation"	RelError: 4.40511e-04	AbsError: 6.33352e+08
      Equation: "HoleContinuityEquation"	RelError: 4.11133e-05	AbsError: 4.77311e+09
      Equation: "PotentialEquation"	RelError: 5.81691e-08	AbsError: 3.85073e-09
    Region: "gate"	RelError: 1.57090e-12	AbsError: 7.73973e+07
      Equation: "ElectronContinuityEquation"	RelError: 7.76158e-13	AbsError: 7.73973e+07
      Equation: "HoleContinuityEquation"	RelError: 7.76325e-13	AbsError: 7.78517e-13
      Equation: "PotentialEquation"	RelError: 1.84204e-14	AbsError: 2.01888e-14
    Region: "oxide"	RelError: 3.63854e-10	AbsError: 1.00846e-10
      Equation: "PotentialEquation"	RelError: 3.63854e-10	AbsError: 1.00846e-10
Iteration: 3
  Device: "mos2d"	RelError: 1.22791e-06	AbsError: 7.86324e+03
    Region: "bulk"	RelError: 1.22791e-06	AbsError: 1.37615e+03
      Equation: "ElectronContinuityEquation"	RelError: 1.12021e-06	AbsError: 1.03848e+03
      Equation: "HoleContinuityEquation"	RelError: 1.07702e-07	AbsError: 3.37670e+02
      Equation: "PotentialEquation"	RelError: 1.93478e-14	AbsError: 2.22045e-16
    Region: "gate"	RelError: 3.81139e-16	AbsError: 7.86324e+03
      Equation: "ElectronContinuityEquation"	RelError: 7.92564e-17	AbsError: 7.86324e+03
      Equation: "HoleContinuityEquation"	RelError: 2.00479e-16	AbsError: 2.02068e-16
      Equation: "PotentialEquation"	RelError: 1.01403e-16	AbsError: 1.11146e-16
    Region: "oxide"	RelError: 2.41585e-16	AbsError: 1.40939e-16
      Equation: "PotentialEquation"	RelError: 2.41585e-16	AbsError: 1.40939e-16
Succeeded
IVPOINT	IDVD_VG1P0	5.00000000e-01	1.76000000e+00	1.90832307e-08
drain last end 1.760000e+00 2.000000e+00
number of equations 5550
Iteration: 0
  Device: "mos2d"	RelError: 2.68427e+00	AbsError: 2.18267e+16
    Region: "bulk"	RelError: 2.67560e+00	AbsError: 2.18267e+16
      Equation: "ElectronContinuityEquation"	RelError: 2.25414e-01	AbsError: 2.04419e+16
      Equation: "HoleContinuityEquation"	RelError: 6.54408e-01	AbsError: 1.38475e+15
      Equation: "PotentialEquation"	RelError: 1.79578e+00	AbsError: 2.00000e-02
    Region: "gate"	RelError: 2.60096e-04	AbsError: 1.28987e+16
      Equation: "ElectronContinuityEquation"	RelError: 1.28514e-04	AbsError: 1.28987e+16
      Equation: "HoleContinuityEquation"	RelError: 1.28547e-04	AbsError: 1.28075e-04
      Equation: "PotentialEquation"	RelError: 3.03537e-06	AbsError: 3.32729e-06
    Region: "oxide"	RelError: 8.40829e-03	AbsError: 1.55397e-02
      Equation: "PotentialEquation"	RelError: 8.40829e-03	AbsError: 1.55397e-02
Iteration: 1
  Device: "mos2d"	RelError: 1.28791e-01	AbsError: 5.72227e+13
    Region: "bulk"	RelError: 1.28777e-01	AbsError: 5.72227e+13
      Equation: "ElectronContinuityEquation"	RelError: 1.92602e-02	AbsError: 3.22552e+13
      Equation: "HoleContinuityEquation"	RelError: 1.04223e-01	AbsError: 2.49675e+13
      Equation: "PotentialEquation"	RelError: 5.29382e-03	AbsError: 2.89424e-05
    Region: "gate"	RelError: 4.92556e-08	AbsError: 2.45668e+12
      Equation: "ElectronContinuityEquation"	RelError: 2.47126e-08	AbsError: 2.45668e+12
      Equation: "HoleContinuityEquation"	RelError: 2.39681e-08	AbsError: 2.41103e-08
      Equation: "PotentialEquation"	RelError: 5.74953e-10	AbsError: 6.30103e-10
    Region: "oxide"	RelError: 1.42728e-05	AbsError: 3.03648e-06
      Equation: "PotentialEquation"	RelError: 1.42728e-05	AbsError: 3.03648e-06
Iteration: 2
  Device: "mos2d"	RelError: 3.04531e-03	AbsError: 5.32159e+09
    Region: "bulk"	RelError: 3.04531e-03	AbsError: 5.32159e+09
      Equation: "ElectronContinuityEquation"	RelError: 3.00862e-03	AbsError: 6.06245e+08
      Equation: "HoleContinuityEquation"	RelError: 3.65299e-05	AbsError: 4.71535e+09
      Equation: "PotentialEquation"	RelError: 1.63227e-07	AbsError: 3.78841e-09
    Region: "gate"	RelError: 1.52194e-12	AbsError: 7.49874e+07
      Equation: "ElectronContinuityEquation"	RelError: 7.51952e-13	AbsError: 7.49874e+07
      Equation: "HoleContinuityEquation"	RelError: 7.52233e-13	AbsError: 7.54317e-13
      Equation: "PotentialEquation"	RelError: 1.77546e-14	AbsError: 1.94591e-14
    Region: "oxide"	RelError: 3.62947e-10	AbsError: 9.76832e-11
      Equation: "PotentialEquation"	RelError: 3.62947e-10	AbsError: 9.76832e-11
Iteration: 3
  Device: "mos2d"	RelError: 2.85258e-07	AbsError: 8.17422e+03
    Region: "bulk"	RelError: 2.85258e-07	AbsError: 1.75855e+03
      Equation: "ElectronContinuityEquation"	RelError: 1.96137e-07	AbsError: 1.38237e+03
      Equation: "HoleContinuityEquation"	RelError: 8.91207e-08	AbsError: 3.76179e+02
      Equation: "PotentialEquation"	RelError: 8.53396e-14	AbsError: 4.01323e-16
    Region: "gate"	RelError: 3.82531e-16	AbsError: 8.17422e+03
      Equation: "ElectronContinuityEquation"	RelError: 8.17426e-17	AbsError: 8.17422e+03
      Equation: "HoleContinuityEquation"	RelError: 1.99497e-16	AbsError: 2.00406e-16
      Equation: "PotentialEquation"	RelError: 1.01291e-16	AbsError: 1.11022e-16
    Region: "oxide"	RelError: 3.94138e-16	AbsError: 1.56428e-16
      Equation: "PotentialEquation"	RelError: 3.94138e-16	AbsError: 1.56428e-16
Succeeded
IVPOINT	IDVD_VG1P0	5.00000000e-01	1.78000000e+00	1.93011314e-08
drain last end 1.780000e+00 2.000000e+00
number of equations 5550
Iteration: 0
  Device: "mos2d"	RelError: 1.15559e+01	AbsError: 2.17432e+16
    Region: "bulk"	RelError: 1.15473e+01	AbsError: 2.17432e+16
      Equation: "ElectronContinuityEquation"	RelError: 2.20840e-01	AbsError: 2.03772e+16
      Equation: "HoleContinuityEquation"	RelError: 6.41574e-01	AbsError: 1.36595e+15
      Equation: "PotentialEquation"	RelError: 1.06849e+01	AbsError: 2.00000e-02
    Region: "gate"	RelError: 2.60102e-04	AbsError: 1.29006e+16
      Equation: "ElectronContinuityEquation"	RelError: 1.28517e-04	AbsError: 1.29006e+16
      Equation: "HoleContinuityEquation"	RelError: 1.28550e-04	AbsError: 1.28062e-04
      Equation: "PotentialEquation"	RelError: 3.03544e-06	AbsError: 3.32737e-06
    Region: "oxide"	RelError: 8.35487e-03	AbsError: 1.55399e-02
      Equation: "PotentialEquation"	RelError: 8.35487e-03	AbsError: 1.55399e-02
Iteration: 1
  Device: "mos2d"	RelError: 1.46432e-01	AbsError: 5.73911e+13
    Region: "bulk"	RelError: 1.46418e-01	AbsError: 5.73911e+13
      Equation: "ElectronContinuityEquation"	RelError: 1.87592e-02	AbsError: 3.27855e+13
      Equation: "HoleContinuityEquation"	RelError: 1.02547e-01	AbsError: 2.46056e+13
      Equation: "PotentialEquation"	RelError: 2.51113e-02	AbsError: 2.86700e-05
    Region: "gate"	RelError: 4.87130e-08	AbsError: 2.43022e+12
      Equation: "ElectronContinuityEquation"	RelError: 2.44458e-08	AbsError: 2.43022e+12
      Equation: "HoleContinuityEquation"	RelError: 2.36986e-08	AbsError: 2.38386e-08
      Equation: "PotentialEquation"	RelError: 5.68619e-10	AbsError: 6.23162e-10
    Region: "oxide"	RelError: 1.41076e-05	AbsError: 3.00479e-06
      Equation: "PotentialEquation"	RelError: 1.41076e-05	AbsError: 3.00479e-06
Iteration: 2
  Device: "mos2d"	RelError: 4.15127e-04	AbsError: 5.18177e+09
    Region: "bulk"	RelError: 4.15127e-04	AbsError: 5.18177e+09
      Equation: "ElectronContinuityEquation"	RelError: 3.82063e-04	AbsError: 5.76912e+08
      Equation: "HoleContinuityEquation"	RelError: 3.21086e-05	AbsError: 4.60486e+09
      Equation: "PotentialEquation"	RelError: 9.55611e-07	AbsError: 3.69108e-09
    Region: "gate"	RelError: 1.46595e-12	AbsError: 7.22355e+07
      Equation: "ElectronContinuityEquation"	RelError: 7.24319e-13	AbsError: 7.22355e+07
      Equation: "HoleContinuityEquation"	RelError: 7.24533e-13	AbsError: 7.26504e-13
      Equation: "PotentialEquation"	RelError: 1.71019e-14	AbsError: 1.87438e-14
    Region: "oxide"	RelError: 3.61986e-10	AbsError: 9.40802e-11
      Equation: "PotentialEquation"	RelError: 3.61986e-10	AbsError: 9.40802e-11
Iteration: 3
  Device: "mos2d"	RelError: 1.18779e-07	AbsError: 8.09169e+03
    Region: "bulk"	RelError: 1.18779e-07	AbsError: 1.65737e+03
      Equation: "ElectronContinuityEquation"	RelError: 8.39605e-08	AbsError: 1.23684e+03
      Equation: "HoleContinuityEquation"	RelError: 3.48183e-08	AbsError: 4.20535e+02
      Equation: "PotentialEquation"	RelError: 7.18018e-14	AbsError: 2.98055e-16
    Region: "gate"	RelError: 3.98192e-16	AbsError: 8.09169e+03
      Equation: "ElectronContinuityEquation"	RelError: 8.09169e-17	AbsError: 8.09169e+03
      Equation: "HoleContinuityEquation"	RelError: 2.15494e-16	AbsError: 2.15494e-16
      Equation: "PotentialEquation"	RelError: 1.01781e-16	AbsError: 1.11548e-16
    Region: "oxide"	RelError: 3.22600e-16	AbsError: 1.33283e-16
      Equation: "PotentialEquation"	RelError: 3.22600e-16	AbsError: 1.33283e-16
Succeeded
IVPOINT	IDVD_VG1P0	5.00000000e-01	1.80000000e+00	1.95112157e-08
drain last end 1.800000e+00 2.000000e+00
number of equations 5550
Iteration: 0
  Device: "mos2d"	RelError: 1.95220e+00	AbsError: 2.16684e+16
    Region: "bulk"	RelError: 1.94363e+00	AbsError: 2.16684e+16
      Equation: "ElectronContinuityEquation"	RelError: 2.21410e-01	AbsError: 2.03115e+16
      Equation: "HoleContinuityEquation"	RelError: 6.22260e-01	AbsError: 1.35690e+15
      Equation: "PotentialEquation"	RelError: 1.09996e+00	AbsError: 2.00000e-02
    Region: "gate"	RelError: 2.60108e-04	AbsError: 1.29026e+16
      Equation: "ElectronContinuityEquation"	RelError: 1.28520e-04	AbsError: 1.29026e+16
      Equation: "HoleContinuityEquation"	RelError: 1.28553e-04	AbsError: 1.28048e-04
      Equation: "PotentialEquation"	RelError: 3.03550e-06	AbsError: 3.32744e-06
    Region: "oxide"	RelError: 8.30202e-03	AbsError: 1.55400e-02
      Equation: "PotentialEquation"	RelError: 8.30202e-03	AbsError: 1.55400e-02
Iteration: 1
  Device: "mos2d"	RelError: 1.20675e-01	AbsError: 5.74486e+13
    Region: "bulk"	RelError: 1.20661e-01	AbsError: 5.74486e+13
      Equation: "ElectronContinuityEquation"	RelError: 1.81857e-02	AbsError: 3.33353e+13
      Equation: "HoleContinuityEquation"	RelError: 9.99133e-02	AbsError: 2.41134e+13
      Equation: "PotentialEquation"	RelError: 2.56251e-03	AbsError: 2.83324e-05
    Region: "gate"	RelError: 4.81536e-08	AbsError: 2.40294e+12
      Equation: "ElectronContinuityEquation"	RelError: 2.41706e-08	AbsError: 2.40294e+12
      Equation: "HoleContinuityEquation"	RelError: 2.34209e-08	AbsError: 2.35586e-08
      Equation: "PotentialEquation"	RelError: 5.62088e-10	AbsError: 6.16005e-10
    Region: "oxide"	RelError: 1.39411e-05	AbsError: 2.97211e-06
      Equation: "PotentialEquation"	RelError: 1.39411e-05	AbsError: 2.97211e-06
Iteration: 2
  Device: "mos2d"	RelError: 4.37429e-03	AbsError: 4.99217e+09
    Region: "bulk"	RelError: 4.37429e-03	AbsError: 4.99217e+09
      Equation: "ElectronContinuityEquation"	RelError: 4.34621e-03	AbsError: 5.46056e+08
      Equation: "HoleContinuityEquation"	RelError: 2.79748e-05	AbsError: 4.44611e+09
      Equation: "PotentialEquation"	RelError: 1.10695e-07	AbsError: 3.56187e-09
    Region: "gate"	RelError: 1.40483e-12	AbsError: 6.92230e+07
      Equation: "ElectronContinuityEquation"	RelError: 6.94076e-13	AbsError: 6.92230e+07
      Equation: "HoleContinuityEquation"	RelError: 6.94337e-13	AbsError: 6.96189e-13
      Equation: "PotentialEquation"	RelError: 1.64197e-14	AbsError: 1.79961e-14
    Region: "oxide"	RelError: 3.60971e-10	AbsError: 9.01355e-11
      Equation: "PotentialEquation"	RelError: 3.60971e-10	AbsError: 9.01355e-11
Iteration: 3
  Device: "mos2d"	RelError: 1.61036e-06	AbsError: 8.50079e+03
    Region: "bulk"	RelError: 1.61036e-06	AbsError: 1.42984e+03
      Equation: "ElectronContinuityEquation"	RelError: 1.53955e-06	AbsError: 1.02497e+03
      Equation: "HoleContinuityEquation"	RelError: 7.08044e-08	AbsError: 4.04872e+02
      Equation: "PotentialEquation"	RelError: 1.08866e-13	AbsError: 3.25486e-16
    Region: "gate"	RelError: 3.98539e-16	AbsError: 8.50079e+03
      Equation: "ElectronContinuityEquation"	RelError: 8.57198e-17	AbsError: 8.50079e+03
      Equation: "HoleContinuityEquation"	RelError: 2.11529e-16	AbsError: 2.12794e-16
      Equation: "PotentialEquation"	RelError: 1.01291e-16	AbsError: 1.11022e-16
    Region: "oxide"	RelError: 7.46428e-16	AbsError: 1.06893e-16
      Equation: "PotentialEquation"	RelError: 7.46428e-16	AbsError: 1.06893e-16
Succeeded
IVPOINT	IDVD_VG1P0	5.00000000e-01	1.82000000e+00	1.97334705e-08
drain last end 1.820000e+00 2.000000e+00
number of equations 5550
Iteration: 0
  Device: "mos2d"	RelError: 3.25338e+00	AbsError: 2.16024e+16
    Region: "bulk"	RelError: 3.24487e+00	AbsError: 2.16024e+16
      Equation: "ElectronContinuityEquation"	RelError: 2.20534e-01	AbsError: 2.02446e+16
      Equation: "HoleContinuityEquation"	RelError: 6.15447e-01	AbsError: 1.35781e+15
      Equation: "PotentialEquation"	RelError: 2.40889e+00	AbsError: 2.00000e-02
    Region: "gate"	RelError: 2.60111e-04	AbsError: 1.29044e+16
      Equation: "ElectronContinuityEquation"	RelError: 1.28521e-04	AbsError: 1.29044e+16
      Equation: "HoleContinuityEquation"	RelError: 1.28554e-04	AbsError: 1.28034e-04
      Equation: "PotentialEquation"	RelError: 3.03553e-06	AbsError: 3.32749e-06
    Region: "oxide"	RelError: 8.24973e-03	AbsError: 1.55401e-02
      Equation: "PotentialEquation"	RelError: 8.24973e-03	AbsError: 1.55401e-02
Iteration: 1
  Device: "mos2d"	RelError: 1.20282e-01	AbsError: 5.74075e+13
    Region: "bulk"	RelError: 1.20268e-01	AbsError: 5.74075e+13
      Equation: "ElectronContinuityEquation"	RelError: 1.80431e-02	AbsError: 3.39063e+13
      Equation: "HoleContinuityEquation"	RelError: 9.60094e-02	AbsError: 2.35012e+13
      Equation: "PotentialEquation"	RelError: 6.21536e-03	AbsError: 2.92433e-05
    Region: "gate"	RelError: 4.75796e-08	AbsError: 2.37493e+12
      Equation: "ElectronContinuityEquation"	RelError: 2.38883e-08	AbsError: 2.37493e+12
      Equation: "HoleContinuityEquation"	RelError: 2.31359e-08	AbsError: 2.32713e-08
      Equation: "PotentialEquation"	RelError: 5.55387e-10	AbsError: 6.08662e-10
    Region: "oxide"	RelError: 1.37736e-05	AbsError: 2.93859e-06
      Equation: "PotentialEquation"	RelError: 1.37736e-05	AbsError: 2.93859e-06
Iteration: 2
  Device: "mos2d"	RelError: 5.50861e-03	AbsError: 4.75942e+09
    Region: "bulk"	RelError: 5.50860e-03	AbsError: 4.75942e+09
      Equation: "ElectronContinuityEquation"	RelError: 5.48420e-03	AbsError: 5.14434e+08
      Equation: "HoleContinuityEquation"	RelError: 2.41169e-05	AbsError: 4.24499e+09
      Equation: "PotentialEquation"	RelError: 2.91661e-07	AbsError: 3.40512e-09
    Region: "gate"	RelError: 1.34020e-12	AbsError: 6.60286e+07
      Equation: "ElectronContinuityEquation"	RelError: 6.62013e-13	AbsError: 6.60286e+07
      Equation: "HoleContinuityEquation"	RelError: 6.62472e-13	AbsError: 6.64205e-13
      Equation: "PotentialEquation"	RelError: 1.57170e-14	AbsError: 1.72260e-14
    Region: "oxide"	RelError: 3.59922e-10	AbsError: 8.59553e-11
      Equation: "PotentialEquation"	RelError: 3.59922e-10	AbsError: 8.59553e-11
Iteration: 3
  Device: "mos2d"	RelError: 5.33220e-03	AbsError: 8.14859e+03
    Region: "bulk"	RelError: 5.33220e-03	AbsError: 2.08627e+03
      Equation: "ElectronContinuityEquation"	RelError: 5.33215e-03	AbsError: 1.79620e+03
      Equation: "HoleContinuityEquation"	RelError: 4.92062e-08	AbsError: 2.90072e+02
      Equation: "PotentialEquation"	RelError: 1.67542e-13	AbsError: 2.90140e-16
    Region: "gate"	RelError: 4.09582e-16	AbsError: 8.14859e+03
      Equation: "ElectronContinuityEquation"	RelError: 8.14856e-17	AbsError: 8.14859e+03
      Equation: "HoleContinuityEquation"	RelError: 2.25236e-16	AbsError: 2.27013e-16
      Equation: "PotentialEquation"	RelError: 1.02860e-16	AbsError: 1.12730e-16
    Region: "oxide"	RelError: 5.77308e-16	AbsError: 1.99941e-16
      Equation: "PotentialEquation"	RelError: 5.77308e-16	AbsError: 1.99941e-16
Iteration: 4
  Device: "mos2d"	RelError: 2.79736e-07	AbsError: 8.14864e+03
    Region: "bulk"	RelError: 2.79736e-07	AbsError: 1.87562e+03
      Equation: "ElectronContinuityEquation"	RelError: 2.19304e-07	AbsError: 1.58264e+03
      Equation: "HoleContinuityEquation"	RelError: 6.04318e-08	AbsError: 2.92985e+02
      Equation: "PotentialEquation"	RelError: 2.95943e-14	AbsError: 2.48433e-16
    Region: "gate"	RelError: 3.05641e-16	AbsError: 8.14864e+03
      Equation: "ElectronContinuityEquation"	RelError: 8.14861e-17	AbsError: 8.14864e+03
      Equation: "HoleContinuityEquation"	RelError: 1.22864e-16	AbsError: 1.23583e-16
      Equation: "PotentialEquation"	RelError: 1.01291e-16	AbsError: 1.11022e-16
    Region: "oxide"	RelError: 2.66687e-16	AbsError: 1.45722e-16
      Equation: "PotentialEquation"	RelError: 2.66687e-16	AbsError: 1.45722e-16
Succeeded
IVPOINT	IDVD_VG1P0	5.00000000e-01	1.84000000e+00	1.99479770e-08
drain last end 1.840000e+00 2.000000e+00
number of equations 5550
Iteration: 0
  Device: "mos2d"	RelError: 2.85717e+00	AbsError: 2.15346e+16
    Region: "bulk"	RelError: 2.84871e+00	AbsError: 2.15346e+16
      Equation: "ElectronContinuityEquation"	RelError: 2.20102e-01	AbsError: 2.01766e+16
      Equation: "HoleContinuityEquation"	RelError: 6.15863e-01	AbsError: 1.35798e+15
      Equation: "PotentialEquation"	RelError: 2.01275e+00	AbsError: 2.00000e-02
    Region: "gate"	RelError: 2.60114e-04	AbsError: 1.29062e+16
      Equation: "ElectronContinuityEquation"	RelError: 1.28523e-04	AbsError: 1.29062e+16
      Equation: "HoleContinuityEquation"	RelError: 1.28556e-04	AbsError: 1.28018e-04
      Equation: "PotentialEquation"	RelError: 3.03555e-06	AbsError: 3.32752e-06
    Region: "oxide"	RelError: 8.19799e-03	AbsError: 1.55401e-02
      Equation: "PotentialEquation"	RelError: 8.19799e-03	AbsError: 1.55401e-02
Iteration: 1
  Device: "mos2d"	RelError: 1.25908e-01	AbsError: 5.72818e+13
    Region: "bulk"	RelError: 1.25894e-01	AbsError: 5.72818e+13
      Equation: "ElectronContinuityEquation"	RelError: 2.58298e-02	AbsError: 3.45006e+13
      Equation: "HoleContinuityEquation"	RelError: 9.40705e-02	AbsError: 2.27813e+13
      Equation: "PotentialEquation"	RelError: 5.99365e-03	AbsError: 3.05156e-05
    Region: "gate"	RelError: 4.69934e-08	AbsError: 2.34633e+12
      Equation: "ElectronContinuityEquation"	RelError: 2.35999e-08	AbsError: 2.34633e+12
      Equation: "HoleContinuityEquation"	RelError: 2.28450e-08	AbsError: 2.29780e-08
      Equation: "PotentialEquation"	RelError: 5.48545e-10	AbsError: 6.01164e-10
    Region: "oxide"	RelError: 1.36056e-05	AbsError: 2.90437e-06
      Equation: "PotentialEquation"	RelError: 1.36056e-05	AbsError: 2.90437e-06
Iteration: 2
  Device: "mos2d"	RelError: 5.13905e-04	AbsError: 4.49134e+09
    Region: "bulk"	RelError: 5.13905e-04	AbsError: 4.49134e+09
      Equation: "ElectronContinuityEquation"	RelError: 4.92979e-04	AbsError: 4.82817e+08
      Equation: "HoleContinuityEquation"	RelError: 2.06444e-05	AbsError: 4.00853e+09
      Equation: "PotentialEquation"	RelError: 2.81160e-07	AbsError: 3.22616e-09
    Region: "gate"	RelError: 1.27329e-12	AbsError: 6.27391e+07
      Equation: "ElectronContinuityEquation"	RelError: 6.28999e-13	AbsError: 6.27391e+07
      Equation: "HoleContinuityEquation"	RelError: 6.29367e-13	AbsError: 6.30980e-13
      Equation: "PotentialEquation"	RelError: 1.49283e-14	AbsError: 1.63616e-14
    Region: "oxide"	RelError: 3.58858e-10	AbsError: 8.16491e-11
      Equation: "PotentialEquation"	RelError: 3.58858e-10	AbsError: 8.16491e-11
Iteration: 3
  Device: "mos2d"	RelError: 6.34650e-03	AbsError: 7.89390e+03
    Region: "bulk"	RelError: 6.34650e-03	AbsError: 1.46513e+03
      Equation: "ElectronContinuityEquation"	RelError: 6.34647e-03	AbsError: 1.15846e+03
      Equation: "HoleContinuityEquation"	RelError: 2.97987e-08	AbsError: 3.06668e+02
      Equation: "PotentialEquation"	RelError: 7.56348e-14	AbsError: 2.51127e-16
    Region: "gate"	RelError: 3.90121e-16	AbsError: 7.89390e+03
      Equation: "ElectronContinuityEquation"	RelError: 7.89390e-17	AbsError: 7.89390e+03
      Equation: "HoleContinuityEquation"	RelError: 2.09550e-16	AbsError: 2.10803e-16
      Equation: "PotentialEquation"	RelError: 1.01633e-16	AbsError: 1.11382e-16
    Region: "oxide"	RelError: 2.76333e-16	AbsError: 1.49679e-16
      Equation: "PotentialEquation"	RelError: 2.76333e-16	AbsError: 1.49679e-16
Iteration: 4
  Device: "mos2d"	RelError: 8.49905e-06	AbsError: 7.89390e+03
    Region: "bulk"	RelError: 8.49905e-06	AbsError: 1.54932e+03
      Equation: "ElectronContinuityEquation"	RelError: 8.43542e-06	AbsError: 1.21254e+03
      Equation: "HoleContinuityEquation"	RelError: 6.36314e-08	AbsError: 3.36782e+02
      Equation: "PotentialEquation"	RelError: 5.90237e-14	AbsError: 2.65599e-16
    Region: "gate"	RelError: 2.94556e-16	AbsError: 7.89390e+03
      Equation: "ElectronContinuityEquation"	RelError: 7.89390e-17	AbsError: 7.89390e+03
      Equation: "HoleContinuityEquation"	RelError: 1.12993e-16	AbsError: 1.12993e-16
      Equation: "PotentialEquation"	RelError: 1.02624e-16	AbsError: 1.12468e-16
    Region: "oxide"	RelError: 2.39528e-16	AbsError: 1.54491e-16
      Equation: "PotentialEquation"	RelError: 2.39528e-16	AbsError: 1.54491e-16
Succeeded
IVPOINT	IDVD_VG1P0	5.00000000e-01	1.86000000e+00	2.01732553e-08
drain last end 1.860000e+00 2.000000e+00
number of equations 5550
Iteration: 0
  Device: "mos2d"	RelError: 2.02711e+01	AbsError: 2.14647e+16
    Region: "bulk"	RelError: 2.02627e+01	AbsError: 2.14647e+16
      Equation: "ElectronContinuityEquation"	RelError: 2.19332e-01	AbsError: 2.01074e+16
      Equation: "HoleContinuityEquation"	RelError: 6.15307e-01	AbsError: 1.35733e+15
      Equation: "PotentialEquation"	RelError: 1.94281e+01	AbsError: 2.00000e-02
    Region: "gate"	RelError: 2.60114e-04	AbsError: 1.29079e+16
      Equation: "ElectronContinuityEquation"	RelError: 1.28523e-04	AbsError: 1.29079e+16
      Equation: "HoleContinuityEquation"	RelError: 1.28556e-04	AbsError: 1.28002e-04
      Equation: "PotentialEquation"	RelError: 3.03555e-06	AbsError: 3.32752e-06
    Region: "oxide"	RelError: 8.14678e-03	AbsError: 1.55401e-02
      Equation: "PotentialEquation"	RelError: 8.14678e-03	AbsError: 1.55401e-02
Iteration: 1
  Device: "mos2d"	RelError: 1.60924e-01	AbsError: 5.70872e+13
    Region: "bulk"	RelError: 1.60910e-01	AbsError: 5.70872e+13
      Equation: "ElectronContinuityEquation"	RelError: 1.90422e-02	AbsError: 3.51199e+13
      Equation: "HoleContinuityEquation"	RelError: 9.41823e-02	AbsError: 2.19673e+13
      Equation: "PotentialEquation"	RelError: 4.76856e-02	AbsError: 3.18194e-05
    Region: "gate"	RelError: 4.63980e-08	AbsError: 2.31726e+12
      Equation: "ElectronContinuityEquation"	RelError: 2.33069e-08	AbsError: 2.31726e+12
      Equation: "HoleContinuityEquation"	RelError: 2.25494e-08	AbsError: 2.26801e-08
      Equation: "PotentialEquation"	RelError: 5.41594e-10	AbsError: 5.93547e-10
    Region: "oxide"	RelError: 1.34374e-05	AbsError: 2.86961e-06
      Equation: "PotentialEquation"	RelError: 1.34374e-05	AbsError: 2.86961e-06
Iteration: 2
  Device: "mos2d"	RelError: 5.25089e-04	AbsError: 4.22624e+09
    Region: "bulk"	RelError: 5.25089e-04	AbsError: 4.22624e+09
      Equation: "ElectronContinuityEquation"	RelError: 5.04430e-04	AbsError: 4.81692e+08
      Equation: "HoleContinuityEquation"	RelError: 1.74567e-05	AbsError: 3.74454e+09
      Equation: "PotentialEquation"	RelError: 3.20207e-06	AbsError: 3.03101e-09
    Region: "gate"	RelError: 1.20620e-12	AbsError: 5.94376e+07
      Equation: "ElectronContinuityEquation"	RelError: 5.95868e-13	AbsError: 5.94376e+07
      Equation: "HoleContinuityEquation"	RelError: 5.96218e-13	AbsError: 5.97715e-13
      Equation: "PotentialEquation"	RelError: 1.41125e-14	AbsError: 1.54675e-14
    Region: "oxide"	RelError: 3.57803e-10	AbsError: 7.73256e-11
      Equation: "PotentialEquation"	RelError: 3.57803e-10	AbsError: 7.73256e-11
Iteration: 3
  Device: "mos2d"	RelError: 5.31903e-06	AbsError: 8.18010e+03
    Region: "bulk"	RelError: 5.31903e-06	AbsError: 1.62650e+03
      Equation: "ElectronContinuityEquation"	RelError: 5.27688e-06	AbsError: 1.25362e+03
      Equation: "HoleContinuityEquation"	RelError: 4.21539e-08	AbsError: 3.72881e+02
      Equation: "PotentialEquation"	RelError: 1.05219e-13	AbsError: 3.80715e-16
    Region: "gate"	RelError: 4.52505e-16	AbsError: 8.18010e+03
      Equation: "ElectronContinuityEquation"	RelError: 8.18013e-17	AbsError: 8.18010e+03
      Equation: "HoleContinuityEquation"	RelError: 2.69413e-16	AbsError: 2.71652e-16
      Equation: "PotentialEquation"	RelError: 1.01291e-16	AbsError: 1.11022e-16
    Region: "oxide"	RelError: 3.86862e-16	AbsError: 1.09424e-16
      Equation: "PotentialEquation"	RelError: 3.86862e-16	AbsError: 1.09424e-16
Succeeded
IVPOINT	IDVD_VG1P0	5.00000000e-01	1.88000000e+00	2.03917999e-08
drain last end 1.880000e+00 2.000000e+00
number of equations 5550
Iteration: 0
  Device: "mos2d"	RelError: 3.47583e+00	AbsError: 2.13927e+16
    Region: "bulk"	RelError: 3.46747e+00	AbsError: 2.13927e+16
      Equation: "ElectronContinuityEquation"	RelError: 2.18418e-01	AbsError: 2.00369e+16
      Equation: "HoleContinuityEquation"	RelError: 6.13336e-01	AbsError: 1.35578e+15
      Equation: "PotentialEquation"	RelError: 2.63572e+00	AbsError: 2.00000e-02
    Region: "gate"	RelError: 2.60113e-04	AbsError: 1.29095e+16
      Equation: "ElectronContinuityEquation"	RelError: 1.28522e-04	AbsError: 1.29095e+16
      Equation: "HoleContinuityEquation"	RelError: 1.28555e-04	AbsError: 1.27985e-04
      Equation: "PotentialEquation"	RelError: 3.03553e-06	AbsError: 3.32751e-06
    Region: "oxide"	RelError: 8.09608e-03	AbsError: 1.55401e-02
      Equation: "PotentialEquation"	RelError: 8.09608e-03	AbsError: 1.55401e-02
Iteration: 1
  Device: "mos2d"	RelError: 1.16501e-01	AbsError: 5.68402e+13
    Region: "bulk"	RelError: 1.16488e-01	AbsError: 5.68402e+13
      Equation: "ElectronContinuityEquation"	RelError: 1.66398e-02	AbsError: 3.57664e+13
      Equation: "HoleContinuityEquation"	RelError: 9.40967e-02	AbsError: 2.10738e+13
      Equation: "PotentialEquation"	RelError: 5.75174e-03	AbsError: 3.31455e-05
    Region: "gate"	RelError: 4.57961e-08	AbsError: 2.28788e+12
      Equation: "ElectronContinuityEquation"	RelError: 2.30108e-08	AbsError: 2.28788e+12
      Equation: "HoleContinuityEquation"	RelError: 2.22508e-08	AbsError: 2.23791e-08
      Equation: "PotentialEquation"	RelError: 5.34568e-10	AbsError: 5.85847e-10
    Region: "oxide"	RelError: 1.32696e-05	AbsError: 2.83449e-06
      Equation: "PotentialEquation"	RelError: 1.32696e-05	AbsError: 2.83449e-06
Iteration: 2
  Device: "mos2d"	RelError: 5.13139e-04	AbsError: 3.99308e+09
    Region: "bulk"	RelError: 5.13139e-04	AbsError: 3.99308e+09
      Equation: "ElectronContinuityEquation"	RelError: 4.98146e-04	AbsError: 5.31869e+08
      Equation: "HoleContinuityEquation"	RelError: 1.46723e-05	AbsError: 3.46121e+09
      Equation: "PotentialEquation"	RelError: 3.20676e-07	AbsError: 2.82600e-09
    Region: "gate"	RelError: 1.14056e-12	AbsError: 5.62412e+07
      Equation: "ElectronContinuityEquation"	RelError: 5.63464e-13	AbsError: 5.62412e+07
      Equation: "HoleContinuityEquation"	RelError: 5.63781e-13	AbsError: 5.65167e-13
      Equation: "PotentialEquation"	RelError: 1.33138e-14	AbsError: 1.45921e-14
    Region: "oxide"	RelError: 3.56776e-10	AbsError: 7.30895e-11
      Equation: "PotentialEquation"	RelError: 3.56776e-10	AbsError: 7.30895e-11
Iteration: 3
  Device: "mos2d"	RelError: 8.40755e-06	AbsError: 8.01069e+03
    Region: "bulk"	RelError: 8.40755e-06	AbsError: 1.72625e+03
      Equation: "ElectronContinuityEquation"	RelError: 8.37104e-06	AbsError: 1.45709e+03
      Equation: "HoleContinuityEquation"	RelError: 3.65120e-08	AbsError: 2.69156e+02
      Equation: "PotentialEquation"	RelError: 2.33029e-13	AbsError: 3.29152e-16
    Region: "gate"	RelError: 4.08569e-16	AbsError: 8.01069e+03
      Equation: "ElectronContinuityEquation"	RelError: 8.01073e-17	AbsError: 8.01069e+03
      Equation: "HoleContinuityEquation"	RelError: 2.27171e-16	AbsError: 2.28974e-16
      Equation: "PotentialEquation"	RelError: 1.01291e-16	AbsError: 1.11022e-16
    Region: "oxide"	RelError: 2.93688e-16	AbsError: 1.14548e-16
      Equation: "PotentialEquation"	RelError: 2.93688e-16	AbsError: 1.14548e-16
Succeeded
IVPOINT	IDVD_VG1P0	5.00000000e-01	1.90000000e+00	2.06220611e-08
drain last end 1.900000e+00 2.000000e+00
number of equations 5550
Iteration: 0
  Device: "mos2d"	RelError: 6.22218e+00	AbsError: 2.13184e+16
    Region: "bulk"	RelError: 6.21388e+00	AbsError: 2.13184e+16
      Equation: "ElectronContinuityEquation"	RelError: 2.18982e-01	AbsError: 1.99652e+16
      Equation: "HoleContinuityEquation"	RelError: 6.09324e-01	AbsError: 1.35322e+15
      Equation: "PotentialEquation"	RelError: 5.38557e+00	AbsError: 2.00000e-02
    Region: "gate"	RelError: 2.60111e-04	AbsError: 1.29110e+16
      Equation: "ElectronContinuityEquation"	RelError: 1.28521e-04	AbsError: 1.29110e+16
      Equation: "HoleContinuityEquation"	RelError: 1.28554e-04	AbsError: 1.27968e-04
      Equation: "PotentialEquation"	RelError: 3.03549e-06	AbsError: 3.32748e-06
    Region: "oxide"	RelError: 8.04589e-03	AbsError: 1.55400e-02
      Equation: "PotentialEquation"	RelError: 8.04589e-03	AbsError: 1.55400e-02
Iteration: 1
  Device: "mos2d"	RelError: 1.43622e-01	AbsError: 5.65583e+13
    Region: "bulk"	RelError: 1.43609e-01	AbsError: 5.65583e+13
      Equation: "ElectronContinuityEquation"	RelError: 3.18611e-02	AbsError: 3.64422e+13
      Equation: "HoleContinuityEquation"	RelError: 9.37244e-02	AbsError: 2.01160e+13
      Equation: "PotentialEquation"	RelError: 1.80230e-02	AbsError: 3.44830e-05
    Region: "gate"	RelError: 4.51907e-08	AbsError: 2.25832e+12
      Equation: "ElectronContinuityEquation"	RelError: 2.27129e-08	AbsError: 2.25832e+12
      Equation: "HoleContinuityEquation"	RelError: 2.19503e-08	AbsError: 2.20763e-08
      Equation: "PotentialEquation"	RelError: 5.27501e-10	AbsError: 5.78103e-10
    Region: "oxide"	RelError: 1.31030e-05	AbsError: 2.79917e-06
      Equation: "PotentialEquation"	RelError: 1.31030e-05	AbsError: 2.79917e-06
Iteration: 2
  Device: "mos2d"	RelError: 1.08577e-02	AbsError: 3.76091e+09
    Region: "bulk"	RelError: 1.08577e-02	AbsError: 3.76091e+09
      Equation: "ElectronContinuityEquation"	RelError: 1.08436e-02	AbsError: 5.94280e+08
      Equation: "HoleContinuityEquation"	RelError: 1.22213e-05	AbsError: 3.16663e+09
      Equation: "PotentialEquation"	RelError: 1.88529e-06	AbsError: 3.20590e-09
    Region: "gate"	RelError: 1.07967e-12	AbsError: 5.33800e+07
      Equation: "ElectronContinuityEquation"	RelError: 5.33597e-13	AbsError: 5.33800e+07
      Equation: "HoleContinuityEquation"	RelError: 5.33463e-13	AbsError: 5.33915e-13
      Equation: "PotentialEquation"	RelError: 1.26094e-14	AbsError: 1.38210e-14
    Region: "oxide"	RelError: 3.55787e-10	AbsError: 6.90375e-11
      Equation: "PotentialEquation"	RelError: 3.55787e-10	AbsError: 6.90375e-11
Iteration: 3
  Device: "mos2d"	RelError: 1.06088e-02	AbsError: 8.09849e+03
    Region: "bulk"	RelError: 1.06088e-02	AbsError: 1.34622e+03
      Equation: "ElectronContinuityEquation"	RelError: 1.06088e-02	AbsError: 1.04982e+03
      Equation: "HoleContinuityEquation"	RelError: 3.35051e-08	AbsError: 2.96402e+02
      Equation: "PotentialEquation"	RelError: 5.17683e-13	AbsError: 2.22045e-16
    Region: "gate"	RelError: 3.79479e-16	AbsError: 8.09849e+03
      Equation: "ElectronContinuityEquation"	RelError: 8.09852e-17	AbsError: 8.09849e+03
      Equation: "HoleContinuityEquation"	RelError: 1.97203e-16	AbsError: 1.98854e-16
      Equation: "PotentialEquation"	RelError: 1.01291e-16	AbsError: 1.11022e-16
    Region: "oxide"	RelError: 4.11933e-16	AbsError: 1.21759e-16
      Equation: "PotentialEquation"	RelError: 4.11933e-16	AbsError: 1.21759e-16
Iteration: 4
  Device: "mos2d"	RelError: 9.46581e-06	AbsError: 8.09850e+03
    Region: "bulk"	RelError: 9.46581e-06	AbsError: 1.29073e+03
      Equation: "ElectronContinuityEquation"	RelError: 9.43302e-06	AbsError: 1.00470e+03
      Equation: "HoleContinuityEquation"	RelError: 3.27934e-08	AbsError: 2.86031e+02
      Equation: "PotentialEquation"	RelError: 7.04526e-13	AbsError: 2.22045e-16
    Region: "gate"	RelError: 2.92022e-16	AbsError: 8.09850e+03
      Equation: "ElectronContinuityEquation"	RelError: 8.09854e-17	AbsError: 8.09850e+03
      Equation: "HoleContinuityEquation"	RelError: 1.09746e-16	AbsError: 1.09746e-16
      Equation: "PotentialEquation"	RelError: 1.01291e-16	AbsError: 1.11022e-16
    Region: "oxide"	RelError: 4.47444e-16	AbsError: 1.18077e-16
      Equation: "PotentialEquation"	RelError: 4.47444e-16	AbsError: 1.18077e-16
Succeeded
IVPOINT	IDVD_VG1P0	5.00000000e-01	1.92000000e+00	2.08435420e-08
drain last end 1.920000e+00 2.000000e+00
number of equations 5550
Iteration: 0
  Device: "mos2d"	RelError: 2.19194e+00	AbsError: 2.12416e+16
    Region: "bulk"	RelError: 2.18369e+00	AbsError: 2.12416e+16
      Equation: "ElectronContinuityEquation"	RelError: 2.14907e-01	AbsError: 1.98921e+16
      Equation: "HoleContinuityEquation"	RelError: 6.02409e-01	AbsError: 1.34956e+15
      Equation: "PotentialEquation"	RelError: 1.36637e+00	AbsError: 2.00000e-02
    Region: "gate"	RelError: 2.60106e-04	AbsError: 1.29125e+16
      Equation: "ElectronContinuityEquation"	RelError: 1.28519e-04	AbsError: 1.29125e+16
      Equation: "HoleContinuityEquation"	RelError: 1.28552e-04	AbsError: 1.27949e-04
      Equation: "PotentialEquation"	RelError: 3.03543e-06	AbsError: 3.32742e-06
    Region: "oxide"	RelError: 7.99621e-03	AbsError: 1.55399e-02
      Equation: "PotentialEquation"	RelError: 7.99621e-03	AbsError: 1.55399e-02
Iteration: 1
  Device: "mos2d"	RelError: 1.20755e-01	AbsError: 5.65331e+13
    Region: "bulk"	RelError: 1.20742e-01	AbsError: 5.65331e+13
      Equation: "ElectronContinuityEquation"	RelError: 2.38256e-02	AbsError: 3.71493e+13
      Equation: "HoleContinuityEquation"	RelError: 9.29416e-02	AbsError: 1.93838e+13
      Equation: "PotentialEquation"	RelError: 3.97511e-03	AbsError: 3.58194e-05
    Region: "gate"	RelError: 4.45846e-08	AbsError: 2.22873e+12
      Equation: "ElectronContinuityEquation"	RelError: 2.24146e-08	AbsError: 2.22873e+12
      Equation: "HoleContinuityEquation"	RelError: 2.16496e-08	AbsError: 2.17733e-08
      Equation: "PotentialEquation"	RelError: 5.20427e-10	AbsError: 5.70350e-10
    Region: "oxide"	RelError: 1.29792e-05	AbsError: 2.76382e-06
      Equation: "PotentialEquation"	RelError: 1.29792e-05	AbsError: 2.76382e-06
Iteration: 2
  Device: "mos2d"	RelError: 1.28093e-02	AbsError: 3.53150e+09
    Region: "bulk"	RelError: 1.28093e-02	AbsError: 3.53150e+09
      Equation: "ElectronContinuityEquation"	RelError: 1.27988e-02	AbsError: 6.63051e+08
      Equation: "HoleContinuityEquation"	RelError: 1.00762e-05	AbsError: 2.86845e+09
      Equation: "PotentialEquation"	RelError: 4.15588e-07	AbsError: 3.62233e-09
    Region: "gate"	RelError: 1.02592e-12	AbsError: 5.07084e+07
      Equation: "ElectronContinuityEquation"	RelError: 5.06851e-13	AbsError: 5.07084e+07
      Equation: "HoleContinuityEquation"	RelError: 5.07097e-13	AbsError: 5.06864e-13
      Equation: "PotentialEquation"	RelError: 1.19693e-14	AbsError: 1.31194e-14
    Region: "oxide"	RelError: 3.54833e-10	AbsError: 6.52565e-11
      Equation: "PotentialEquation"	RelError: 3.54833e-10	AbsError: 6.52565e-11
Iteration: 3
  Device: "mos2d"	RelError: 1.06925e-05	AbsError: 8.19008e+03
    Region: "bulk"	RelError: 1.06925e-05	AbsError: 2.07107e+03
      Equation: "ElectronContinuityEquation"	RelError: 1.06573e-05	AbsError: 1.72693e+03
      Equation: "HoleContinuityEquation"	RelError: 3.52367e-08	AbsError: 3.44145e+02
      Equation: "PotentialEquation"	RelError: 5.16683e-14	AbsError: 4.03108e-16
    Region: "gate"	RelError: 3.51187e-16	AbsError: 8.19008e+03
      Equation: "ElectronContinuityEquation"	RelError: 8.19008e-17	AbsError: 8.19008e+03
      Equation: "HoleContinuityEquation"	RelError: 1.67996e-16	AbsError: 1.69118e-16
      Equation: "PotentialEquation"	RelError: 1.01291e-16	AbsError: 1.11022e-16
    Region: "oxide"	RelError: 3.40719e-16	AbsError: 1.29890e-16
      Equation: "PotentialEquation"	RelError: 3.40719e-16	AbsError: 1.29890e-16
Succeeded
IVPOINT	IDVD_VG1P0	5.00000000e-01	1.94000000e+00	2.10779514e-08
drain last end 1.940000e+00 2.000000e+00
number of equations 5550
Iteration: 0
  Device: "mos2d"	RelError: 4.49264e+00	AbsError: 2.11622e+16
    Region: "bulk"	RelError: 4.48444e+00	AbsError: 2.11622e+16
      Equation: "ElectronContinuityEquation"	RelError: 2.15438e-01	AbsError: 1.98175e+16
      Equation: "HoleContinuityEquation"	RelError: 5.91452e-01	AbsError: 1.34465e+15
      Equation: "PotentialEquation"	RelError: 3.67755e+00	AbsError: 2.00000e-02
    Region: "gate"	RelError: 2.60100e-04	AbsError: 1.29138e+16
      Equation: "ElectronContinuityEquation"	RelError: 1.28516e-04	AbsError: 1.29138e+16
      Equation: "HoleContinuityEquation"	RelError: 1.28549e-04	AbsError: 1.27930e-04
      Equation: "PotentialEquation"	RelError: 3.03535e-06	AbsError: 3.32735e-06
    Region: "oxide"	RelError: 7.94701e-03	AbsError: 1.55397e-02
      Equation: "PotentialEquation"	RelError: 7.94701e-03	AbsError: 1.55397e-02
Iteration: 1
  Device: "mos2d"	RelError: 1.31329e-01	AbsError: 5.79318e+13
    Region: "bulk"	RelError: 1.31316e-01	AbsError: 5.79318e+13
      Equation: "ElectronContinuityEquation"	RelError: 3.18788e-02	AbsError: 3.78898e+13
      Equation: "HoleContinuityEquation"	RelError: 9.15820e-02	AbsError: 2.00419e+13
      Equation: "PotentialEquation"	RelError: 7.85493e-03	AbsError: 3.71399e-05
    Region: "gate"	RelError: 4.39806e-08	AbsError: 2.19923e+12
      Equation: "ElectronContinuityEquation"	RelError: 2.21173e-08	AbsError: 2.19923e+12
      Equation: "HoleContinuityEquation"	RelError: 2.13499e-08	AbsError: 2.14713e-08
      Equation: "PotentialEquation"	RelError: 5.13375e-10	AbsError: 5.62622e-10
    Region: "oxide"	RelError: 1.28561e-05	AbsError: 2.72861e-06
      Equation: "PotentialEquation"	RelError: 1.28561e-05	AbsError: 2.72861e-06
Iteration: 2
  Device: "mos2d"	RelError: 1.52041e-02	AbsError: 3.72965e+09
    Region: "bulk"	RelError: 1.52041e-02	AbsError: 3.72965e+09
      Equation: "ElectronContinuityEquation"	RelError: 1.51939e-02	AbsError: 7.38072e+08
      Equation: "HoleContinuityEquation"	RelError: 9.80855e-06	AbsError: 2.99158e+09
      Equation: "PotentialEquation"	RelError: 3.54190e-07	AbsError: 4.06195e-09
    Region: "gate"	RelError: 9.77816e-13	AbsError: 4.83317e+07
      Equation: "ElectronContinuityEquation"	RelError: 4.83057e-13	AbsError: 4.83317e+07
      Equation: "HoleContinuityEquation"	RelError: 4.83247e-13	AbsError: 4.82987e-13
      Equation: "PotentialEquation"	RelError: 1.15123e-14	AbsError: 1.26185e-14
    Region: "oxide"	RelError: 3.53893e-10	AbsError: 6.18209e-11
      Equation: "PotentialEquation"	RelError: 3.53893e-10	AbsError: 6.18209e-11
Iteration: 3
  Device: "mos2d"	RelError: 1.48512e-02	AbsError: 8.14214e+03
    Region: "bulk"	RelError: 1.48512e-02	AbsError: 1.54195e+03
      Equation: "ElectronContinuityEquation"	RelError: 1.48512e-02	AbsError: 1.18316e+03
      Equation: "HoleContinuityEquation"	RelError: 1.58718e-08	AbsError: 3.58784e+02
      Equation: "PotentialEquation"	RelError: 4.55673e-14	AbsError: 2.99507e-16
    Region: "gate"	RelError: 3.53132e-16	AbsError: 8.14214e+03
      Equation: "ElectronContinuityEquation"	RelError: 8.14214e-17	AbsError: 8.14214e+03
      Equation: "HoleContinuityEquation"	RelError: 1.70420e-16	AbsError: 1.71755e-16
      Equation: "PotentialEquation"	RelError: 1.01291e-16	AbsError: 1.11022e-16
    Region: "oxide"	RelError: 2.12547e-16	AbsError: 1.39534e-16
      Equation: "PotentialEquation"	RelError: 2.12547e-16	AbsError: 1.39534e-16
Iteration: 4
  Device: "mos2d"	RelError: 4.90530e-07	AbsError: 8.14214e+03
    Region: "bulk"	RelError: 4.90530e-07	AbsError: 1.42382e+03
      Equation: "ElectronContinuityEquation"	RelError: 4.81064e-07	AbsError: 1.02749e+03
      Equation: "HoleContinuityEquation"	RelError: 9.46547e-09	AbsError: 3.96336e+02
      Equation: "PotentialEquation"	RelError: 4.52183e-14	AbsError: 2.22045e-16
    Region: "gate"	RelError: 2.91978e-16	AbsError: 8.14214e+03
      Equation: "ElectronContinuityEquation"	RelError: 8.14214e-17	AbsError: 8.14214e+03
      Equation: "HoleContinuityEquation"	RelError: 1.09265e-16	AbsError: 1.10066e-16
      Equation: "PotentialEquation"	RelError: 1.01291e-16	AbsError: 1.11022e-16
    Region: "oxide"	RelError: 1.85976e-16	AbsError: 1.34668e-16
      Equation: "PotentialEquation"	RelError: 1.85976e-16	AbsError: 1.34668e-16
Succeeded
IVPOINT	IDVD_VG1P0	5.00000000e-01	1.96000000e+00	2.13043989e-08
drain last end 1.960000e+00 2.000000e+00
number of equations 5550
Iteration: 0
  Device: "mos2d"	RelError: 2.50982e+01	AbsError: 2.10799e+16
    Region: "bulk"	RelError: 2.50900e+01	AbsError: 2.10799e+16
      Equation: "ElectronContinuityEquation"	RelError: 2.11023e-01	AbsError: 1.97415e+16
      Equation: "HoleContinuityEquation"	RelError: 5.84876e-01	AbsError: 1.33836e+15
      Equation: "PotentialEquation"	RelError: 2.42941e+01	AbsError: 2.00000e-02
    Region: "gate"	RelError: 2.60093e-04	AbsError: 1.29151e+16
      Equation: "ElectronContinuityEquation"	RelError: 1.28512e-04	AbsError: 1.29151e+16
      Equation: "HoleContinuityEquation"	RelError: 1.28545e-04	AbsError: 1.27909e-04
      Equation: "PotentialEquation"	RelError: 3.03525e-06	AbsError: 3.32725e-06
    Region: "oxide"	RelError: 7.89830e-03	AbsError: 1.55394e-02
      Equation: "PotentialEquation"	RelError: 7.89830e-03	AbsError: 1.55394e-02
Iteration: 1
  Device: "mos2d"	RelError: 1.50221e-01	AbsError: 5.93093e+13
    Region: "bulk"	RelError: 1.50208e-01	AbsError: 5.93093e+13
      Equation: "ElectronContinuityEquation"	RelError: 1.66238e-02	AbsError: 3.86658e+13
      Equation: "HoleContinuityEquation"	RelError: 8.94331e-02	AbsError: 2.06435e+13
      Equation: "PotentialEquation"	RelError: 4.41511e-02	AbsError: 3.84283e-05
    Region: "gate"	RelError: 4.33810e-08	AbsError: 2.16995e+12
      Equation: "ElectronContinuityEquation"	RelError: 2.18222e-08	AbsError: 2.16995e+12
      Equation: "HoleContinuityEquation"	RelError: 2.10524e-08	AbsError: 2.11715e-08
      Equation: "PotentialEquation"	RelError: 5.06376e-10	AbsError: 5.54952e-10
    Region: "oxide"	RelError: 1.27340e-05	AbsError: 2.69368e-06
      Equation: "PotentialEquation"	RelError: 1.27340e-05	AbsError: 2.69368e-06
Iteration: 2
  Device: "mos2d"	RelError: 1.81304e-02	AbsError: 4.10554e+09
    Region: "bulk"	RelError: 1.81304e-02	AbsError: 4.10554e+09
      Equation: "ElectronContinuityEquation"	RelError: 1.81203e-02	AbsError: 8.18986e+08
      Equation: "HoleContinuityEquation"	RelError: 1.00015e-05	AbsError: 3.28656e+09
      Equation: "PotentialEquation"	RelError: 1.24137e-07	AbsError: 4.51932e-09
    Region: "gate"	RelError: 9.35670e-13	AbsError: 4.63363e+07
      Equation: "ElectronContinuityEquation"	RelError: 4.62397e-13	AbsError: 4.63363e+07
      Equation: "HoleContinuityEquation"	RelError: 4.62373e-13	AbsError: 4.62088e-13
      Equation: "PotentialEquation"	RelError: 1.09010e-14	AbsError: 1.19497e-14
    Region: "oxide"	RelError: 3.52929e-10	AbsError: 5.87923e-11
      Equation: "PotentialEquation"	RelError: 3.52929e-10	AbsError: 5.87923e-11
Iteration: 3
  Device: "mos2d"	RelError: 1.76842e-02	AbsError: 8.07324e+03
    Region: "bulk"	RelError: 1.76842e-02	AbsError: 1.37260e+03
      Equation: "ElectronContinuityEquation"	RelError: 1.76842e-02	AbsError: 1.03611e+03
      Equation: "HoleContinuityEquation"	RelError: 3.09818e-08	AbsError: 3.36494e+02
      Equation: "PotentialEquation"	RelError: 6.51683e-13	AbsError: 2.88514e-16
    Region: "gate"	RelError: 3.48365e-16	AbsError: 8.07324e+03
      Equation: "ElectronContinuityEquation"	RelError: 8.07324e-17	AbsError: 8.07324e+03
      Equation: "HoleContinuityEquation"	RelError: 1.65947e-16	AbsError: 1.67160e-16
      Equation: "PotentialEquation"	RelError: 1.01685e-16	AbsError: 1.11455e-16
    Region: "oxide"	RelError: 4.54933e-16	AbsError: 2.21935e-16
      Equation: "PotentialEquation"	RelError: 4.54933e-16	AbsError: 2.21935e-16
Iteration: 4
  Device: "mos2d"	RelError: 1.80026e-02	AbsError: 8.07324e+03
    Region: "bulk"	RelError: 1.80026e-02	AbsError: 1.34446e+03
      Equation: "ElectronContinuityEquation"	RelError: 1.80026e-02	AbsError: 1.07364e+03
      Equation: "HoleContinuityEquation"	RelError: 3.11901e-08	AbsError: 2.70822e+02
      Equation: "PotentialEquation"	RelError: 7.54939e-14	AbsError: 2.32454e-16
    Region: "gate"	RelError: 2.94972e-16	AbsError: 8.07324e+03
      Equation: "ElectronContinuityEquation"	RelError: 8.07324e-17	AbsError: 8.07324e+03
      Equation: "HoleContinuityEquation"	RelError: 1.12949e-16	AbsError: 1.12949e-16
      Equation: "PotentialEquation"	RelError: 1.01291e-16	AbsError: 1.11022e-16
    Region: "oxide"	RelError: 3.00750e-16	AbsError: 2.32454e-16
      Equation: "PotentialEquation"	RelError: 3.00750e-16	AbsError: 2.32454e-16
Iteration: 5
  Device: "mos2d"	RelError: 1.76842e-02	AbsError: 8.07324e+03
    Region: "bulk"	RelError: 1.76842e-02	AbsError: 1.26756e+03
      Equation: "ElectronContinuityEquation"	RelError: 1.76842e-02	AbsError: 1.01755e+03
      Equation: "HoleContinuityEquation"	RelError: 3.11901e-08	AbsError: 2.50008e+02
      Equation: "PotentialEquation"	RelError: 6.16936e-14	AbsError: 2.22045e-16
    Region: "gate"	RelError: 2.91851e-16	AbsError: 8.07324e+03
      Equation: "ElectronContinuityEquation"	RelError: 8.07324e-17	AbsError: 8.07324e+03
      Equation: "HoleContinuityEquation"	RelError: 1.09828e-16	AbsError: 1.09828e-16
      Equation: "PotentialEquation"	RelError: 1.01291e-16	AbsError: 1.11022e-16
    Region: "oxide"	RelError: 3.05173e-16	AbsError: 2.09238e-16
      Equation: "PotentialEquation"	RelError: 3.05173e-16	AbsError: 2.09238e-16
Iteration: 6
  Device: "mos2d"	RelError: 1.80026e-02	AbsError: 8.07324e+03
    Region: "bulk"	RelError: 1.80026e-02	AbsError: 1.34200e+03
      Equation: "ElectronContinuityEquation"	RelError: 1.80026e-02	AbsError: 1.03671e+03
      Equation: "HoleContinuityEquation"	RelError: 3.11901e-08	AbsError: 3.05285e+02
      Equation: "PotentialEquation"	RelError: 4.39612e-13	AbsError: 2.94096e-16
    Region: "gate"	RelError: 2.91823e-16	AbsError: 8.07324e+03
      Equation: "ElectronContinuityEquation"	RelError: 8.07324e-17	AbsError: 8.07324e+03
      Equation: "HoleContinuityEquation"	RelError: 1.09799e-16	AbsError: 1.09963e-16
      Equation: "PotentialEquation"	RelError: 1.01291e-16	AbsError: 1.11022e-16
    Region: "oxide"	RelError: 3.36169e-16	AbsError: 2.15169e-16
      Equation: "PotentialEquation"	RelError: 3.36169e-16	AbsError: 2.15169e-16
Iteration: 7
  Device: "mos2d"	RelError: 1.76842e-02	AbsError: 8.07324e+03
    Region: "bulk"	RelError: 1.76842e-02	AbsError: 1.29544e+03
      Equation: "ElectronContinuityEquation"	RelError: 1.76842e-02	AbsError: 1.03862e+03
      Equation: "HoleContinuityEquation"	RelError: 3.11901e-08	AbsError: 2.56824e+02
      Equation: "PotentialEquation"	RelError: 2.24527e-13	AbsError: 2.22045e-16
    Region: "gate"	RelError: 2.91851e-16	AbsError: 8.07324e+03
      Equation: "ElectronContinuityEquation"	RelError: 8.07324e-17	AbsError: 8.07324e+03
      Equation: "HoleContinuityEquation"	RelError: 1.09828e-16	AbsError: 1.09828e-16
      Equation: "PotentialEquation"	RelError: 1.01291e-16	AbsError: 1.11022e-16
    Region: "oxide"	RelError: 2.60210e-16	AbsError: 2.02152e-16
      Equation: "PotentialEquation"	RelError: 2.60210e-16	AbsError: 2.02152e-16
Iteration: 8
  Device: "mos2d"	RelError: 5.46092e-07	AbsError: 8.07324e+03
    Region: "bulk"	RelError: 5.46092e-07	AbsError: 1.27048e+03
      Equation: "ElectronContinuityEquation"	RelError: 5.14853e-07	AbsError: 1.01624e+03
      Equation: "HoleContinuityEquation"	RelError: 3.12385e-08	AbsError: 2.54243e+02
      Equation: "PotentialEquation"	RelError: 2.17052e-13	AbsError: 2.98415e-16
    Region: "gate"	RelError: 2.91823e-16	AbsError: 8.07324e+03
      Equation: "ElectronContinuityEquation"	RelError: 8.07324e-17	AbsError: 8.07324e+03
      Equation: "HoleContinuityEquation"	RelError: 1.09799e-16	AbsError: 1.09944e-16
      Equation: "PotentialEquation"	RelError: 1.01291e-16	AbsError: 1.11022e-16
    Region: "oxide"	RelError: 2.49939e-16	AbsError: 2.15076e-16
      Equation: "PotentialEquation"	RelError: 2.49939e-16	AbsError: 2.15076e-16
Succeeded
IVPOINT	IDVD_VG1P0	5.00000000e-01	1.98000000e+00	2.15423703e-08
drain last end 1.980000e+00 2.000000e+00
setting to last bias 2.000000e+00
setting next bias 2.000000e+00
number of equations 5550
Iteration: 0
  Device: "mos2d"	RelError: 3.01935e+00	AbsError: 2.09944e+16
    Region: "bulk"	RelError: 3.01124e+00	AbsError: 2.09944e+16
      Equation: "ElectronContinuityEquation"	RelError: 2.36900e-01	AbsError: 1.96639e+16
      Equation: "HoleContinuityEquation"	RelError: 5.87278e-01	AbsError: 1.33054e+15
      Equation: "PotentialEquation"	RelError: 2.18706e+00	AbsError: 2.00000e-02
    Region: "gate"	RelError: 2.60083e-04	AbsError: 1.29163e+16
      Equation: "ElectronContinuityEquation"	RelError: 1.28508e-04	AbsError: 1.29163e+16
      Equation: "HoleContinuityEquation"	RelError: 1.28541e-04	AbsError: 1.27888e-04
      Equation: "PotentialEquation"	RelError: 3.03513e-06	AbsError: 3.32713e-06
    Region: "oxide"	RelError: 7.85006e-03	AbsError: 1.55391e-02
      Equation: "PotentialEquation"	RelError: 7.85006e-03	AbsError: 1.55391e-02
Iteration: 1
  Device: "mos2d"	RelError: 1.10182e-01	AbsError: 6.06560e+13
    Region: "bulk"	RelError: 1.10170e-01	AbsError: 6.06560e+13
      Equation: "ElectronContinuityEquation"	RelError: 1.66186e-02	AbsError: 3.94793e+13
      Equation: "HoleContinuityEquation"	RelError: 8.75243e-02	AbsError: 2.11767e+13
      Equation: "PotentialEquation"	RelError: 6.02665e-03	AbsError: 3.96665e-05
    Region: "gate"	RelError: 4.28206e-08	AbsError: 2.14099e+12
      Equation: "ElectronContinuityEquation"	RelError: 2.15304e-08	AbsError: 2.14099e+12
      Equation: "HoleContinuityEquation"	RelError: 2.07907e-08	AbsError: 2.09284e-08
      Equation: "PotentialEquation"	RelError: 4.99455e-10	AbsError: 5.47368e-10
    Region: "oxide"	RelError: 1.26132e-05	AbsError: 2.65915e-06
      Equation: "PotentialEquation"	RelError: 1.26132e-05	AbsError: 2.65915e-06
Iteration: 2
  Device: "mos2d"	RelError: 2.10048e-02	AbsError: 4.48374e+09
    Region: "bulk"	RelError: 2.10048e-02	AbsError: 4.48374e+09
      Equation: "ElectronContinuityEquation"	RelError: 2.09940e-02	AbsError: 9.05137e+08
      Equation: "HoleContinuityEquation"	RelError: 1.05176e-05	AbsError: 3.57861e+09
      Equation: "PotentialEquation"	RelError: 2.02041e-07	AbsError: 4.98704e-09
    Region: "gate"	RelError: 9.05601e-13	AbsError: 4.49769e+07
      Equation: "ElectronContinuityEquation"	RelError: 4.47487e-13	AbsError: 4.49769e+07
      Equation: "HoleContinuityEquation"	RelError: 4.47559e-13	AbsError: 4.45289e-13
      Equation: "PotentialEquation"	RelError: 1.05546e-14	AbsError: 1.15700e-14
    Region: "oxide"	RelError: 3.51882e-10	AbsError: 5.62182e-11
      Equation: "PotentialEquation"	RelError: 3.51882e-10	AbsError: 5.62182e-11
Iteration: 3
  Device: "mos2d"	RelError: 2.15615e-02	AbsError: 8.22531e+03
    Region: "bulk"	RelError: 2.15615e-02	AbsError: 1.66915e+03
      Equation: "ElectronContinuityEquation"	RelError: 2.15615e-02	AbsError: 1.36463e+03
      Equation: "HoleContinuityEquation"	RelError: 3.73232e-08	AbsError: 3.04517e+02
      Equation: "PotentialEquation"	RelError: 1.20839e-13	AbsError: 2.87573e-16
    Region: "gate"	RelError: 3.67828e-16	AbsError: 8.22531e+03
      Equation: "ElectronContinuityEquation"	RelError: 8.29058e-17	AbsError: 8.22531e+03
      Equation: "HoleContinuityEquation"	RelError: 1.83586e-16	AbsError: 1.85043e-16
      Equation: "PotentialEquation"	RelError: 1.01336e-16	AbsError: 1.11072e-16
    Region: "oxide"	RelError: 4.77151e-16	AbsError: 2.08956e-16
      Equation: "PotentialEquation"	RelError: 4.77151e-16	AbsError: 2.08956e-16
Iteration: 4
  Device: "mos2d"	RelError: 6.02587e-07	AbsError: 8.17965e+03
    Region: "bulk"	RelError: 6.02587e-07	AbsError: 1.26569e+03
      Equation: "ElectronContinuityEquation"	RelError: 5.65300e-07	AbsError: 1.01461e+03
      Equation: "HoleContinuityEquation"	RelError: 3.72877e-08	AbsError: 2.51080e+02
      Equation: "PotentialEquation"	RelError: 7.26733e-14	AbsError: 2.34518e-16
    Region: "gate"	RelError: 2.94517e-16	AbsError: 8.17965e+03
      Equation: "ElectronContinuityEquation"	RelError: 8.24456e-17	AbsError: 8.17965e+03
      Equation: "HoleContinuityEquation"	RelError: 1.10781e-16	AbsError: 1.10781e-16
      Equation: "PotentialEquation"	RelError: 1.01291e-16	AbsError: 1.11022e-16
    Region: "oxide"	RelError: 4.05801e-16	AbsError: 2.13582e-16
      Equation: "PotentialEquation"	RelError: 4.05801e-16	AbsError: 2.13582e-16
Succeeded
IVPOINT	IDVD_VG1P0	5.00000000e-01	2.00000000e+00	2.17782216e-08
=== SWEEP_START IDVG_VD0P05 ===
number of equations 5550
Iteration: 0
  Device: "mos2d"	RelError: 2.12456e+03	AbsError: 1.82893e+18
    Region: "bulk"	RelError: 2.12230e+03	AbsError: 1.82893e+18
      Equation: "ElectronContinuityEquation"	RelError: 9.99000e+02	AbsError: 1.69672e+18
      Equation: "HoleContinuityEquation"	RelError: 9.99000e+02	AbsError: 1.32207e+17
      Equation: "PotentialEquation"	RelError: 1.24296e+02	AbsError: 1.12912e-01
    Region: "gate"	RelError: 9.46344e-02	AbsError: 9.05727e+17
      Equation: "ElectronContinuityEquation"	RelError: 9.09326e-03	AbsError: 9.05727e+17
      Equation: "HoleContinuityEquation"	RelError: 8.93084e-03	AbsError: 8.96559e-03
      Equation: "PotentialEquation"	RelError: 7.66103e-02	AbsError: 7.79930e-02
    Region: "oxide"	RelError: 2.17037e+00	AbsError: 1.07877e-01
      Equation: "PotentialEquation"	RelError: 2.17037e+00	AbsError: 1.07877e-01
Iteration: 1
  Device: "mos2d"	RelError: 2.27511e+03	AbsError: 2.85949e+17
    Region: "bulk"	RelError: 2.10782e+03	AbsError: 2.85949e+17
      Equation: "ElectronContinuityEquation"	RelError: 9.99000e+02	AbsError: 1.69142e+17
      Equation: "HoleContinuityEquation"	RelError: 9.98982e+02	AbsError: 1.16807e+17
      Equation: "PotentialEquation"	RelError: 1.09839e+02	AbsError: 1.11427e-01
    Region: "gate"	RelError: 7.87335e-02	AbsError: 2.66541e+16
      Equation: "ElectronContinuityEquation"	RelError: 2.68249e-04	AbsError: 2.66541e+16
      Equation: "HoleContinuityEquation"	RelError: 2.68197e-04	AbsError: 2.69915e-04
      Equation: "PotentialEquation"	RelError: 7.81970e-02	AbsError: 7.38373e-02
    Region: "oxide"	RelError: 1.67211e+02	AbsError: 1.06108e-01
      Equation: "PotentialEquation"	RelError: 1.67211e+02	AbsError: 1.06108e-01
Iteration: 2
  Device: "mos2d"	RelError: 2.47595e+03	AbsError: 1.08600e+17
    Region: "bulk"	RelError: 2.12520e+03	AbsError: 1.08600e+17
      Equation: "ElectronContinuityEquation"	RelError: 9.99000e+02	AbsError: 3.47698e+16
      Equation: "HoleContinuityEquation"	RelError: 9.99000e+02	AbsError: 7.38302e+16
      Equation: "PotentialEquation"	RelError: 1.27201e+02	AbsError: 1.09872e-01
    Region: "gate"	RelError: 7.93106e-02	AbsError: 1.31569e+16
      Equation: "ElectronContinuityEquation"	RelError: 1.32383e-04	AbsError: 1.31569e+16
      Equation: "HoleContinuityEquation"	RelError: 1.32360e-04	AbsError: 1.33179e-04
      Equation: "PotentialEquation"	RelError: 7.90458e-02	AbsError: 6.91741e-02
    Region: "oxide"	RelError: 3.50668e+02	AbsError: 1.04239e-01
      Equation: "PotentialEquation"	RelError: 3.50668e+02	AbsError: 1.04239e-01
Iteration: 3
  Device: "mos2d"	RelError: 1.08149e+03	AbsError: 1.23757e+17
    Region: "bulk"	RelError: 1.04071e+03	AbsError: 1.23757e+17
      Equation: "ElectronContinuityEquation"	RelError: 9.99000e+02	AbsError: 2.71551e+16
      Equation: "HoleContinuityEquation"	RelError: 9.99646e-01	AbsError: 9.66023e+16
      Equation: "PotentialEquation"	RelError: 4.07082e+01	AbsError: 1.08243e-01
    Region: "gate"	RelError: 7.89004e-02	AbsError: 7.90305e+15
      Equation: "ElectronContinuityEquation"	RelError: 7.94956e-05	AbsError: 7.90305e+15
      Equation: "HoleContinuityEquation"	RelError: 7.95172e-05	AbsError: 7.99852e-05
      Equation: "PotentialEquation"	RelError: 7.87414e-02	AbsError: 6.38818e-02
    Region: "oxide"	RelError: 4.07082e+01	AbsError: 1.02274e-01
      Equation: "PotentialEquation"	RelError: 4.07082e+01	AbsError: 1.02274e-01
Iteration: 4
  Device: "mos2d"	RelError: 1.22211e+03	AbsError: 8.64957e+16
    Region: "bulk"	RelError: 1.06273e+03	AbsError: 8.64957e+16
      Equation: "ElectronContinuityEquation"	RelError: 9.99000e+02	AbsError: 1.65996e+16
      Equation: "HoleContinuityEquation"	RelError: 9.63438e-01	AbsError: 6.98962e+16
      Equation: "PotentialEquation"	RelError: 6.27645e+01	AbsError: 1.06530e-01
    Region: "gate"	RelError: 7.68073e-02	AbsError: 5.19360e+15
      Equation: "ElectronContinuityEquation"	RelError: 5.22390e-05	AbsError: 5.19360e+15
      Equation: "HoleContinuityEquation"	RelError: 5.22466e-05	AbsError: 5.25513e-05
      Equation: "PotentialEquation"	RelError: 7.67028e-02	AbsError: 5.77973e-02
    Region: "oxide"	RelError: 1.59307e+02	AbsError: 1.00199e-01
      Equation: "PotentialEquation"	RelError: 1.59307e+02	AbsError: 1.00199e-01
Iteration: 5
  Device: "mos2d"	RelError: 1.05415e+03	AbsError: 6.80744e+16
    Region: "bulk"	RelError: 1.01872e+03	AbsError: 6.80744e+16
      Equation: "ElectronContinuityEquation"	RelError: 9.99000e+02	AbsError: 9.88151e+15
      Equation: "HoleContinuityEquation"	RelError: 9.61311e-01	AbsError: 5.81928e+16
      Equation: "PotentialEquation"	RelError: 1.87629e+01	AbsError: 1.04726e-01
    Region: "gate"	RelError: 7.21969e-02	AbsError: 2.67283e+15
      Equation: "ElectronContinuityEquation"	RelError: 2.68835e-05	AbsError: 2.67283e+15
      Equation: "HoleContinuityEquation"	RelError: 2.68849e-05	AbsError: 2.70410e-05
      Equation: "PotentialEquation"	RelError: 7.21431e-02	AbsError: 5.07036e-02
    Region: "oxide"	RelError: 3.53527e+01	AbsError: 9.80026e-02
      Equation: "PotentialEquation"	RelError: 3.53527e+01	AbsError: 9.80026e-02
Iteration: 6
  Device: "mos2d"	RelError: 1.03293e+03	AbsError: 4.89615e+16
    Region: "bulk"	RelError: 1.01815e+03	AbsError: 4.89615e+16
      Equation: "ElectronContinuityEquation"	RelError: 9.99000e+02	AbsError: 1.05859e+16
      Equation: "HoleContinuityEquation"	RelError: 9.60965e-01	AbsError: 3.83756e+16
      Equation: "PotentialEquation"	RelError: 1.81851e+01	AbsError: 1.02821e-01
    Region: "gate"	RelError: 6.41201e-02	AbsError: 1.99368e+15
      Equation: "ElectronContinuityEquation"	RelError: 2.00427e-05	AbsError: 1.99368e+15
      Equation: "HoleContinuityEquation"	RelError: 2.00499e-05	AbsError: 2.01564e-05
      Equation: "PotentialEquation"	RelError: 6.40800e-02	AbsError: 4.23245e-02
    Region: "oxide"	RelError: 1.47162e+01	AbsError: 9.56594e-02
      Equation: "PotentialEquation"	RelError: 1.47162e+01	AbsError: 9.56594e-02
Iteration: 7
  Device: "mos2d"	RelError: 1.13910e+03	AbsError: 4.51349e+16
    Region: "bulk"	RelError: 1.06950e+03	AbsError: 4.51349e+16
      Equation: "ElectronContinuityEquation"	RelError: 9.99000e+02	AbsError: 1.08515e+16
      Equation: "HoleContinuityEquation"	RelError: 9.55098e-01	AbsError: 3.42834e+16
      Equation: "PotentialEquation"	RelError: 6.95454e+01	AbsError: 1.00804e-01
    Region: "gate"	RelError: 5.15715e-02	AbsError: 1.05886e+15
      Equation: "ElectronContinuityEquation"	RelError: 1.06448e-05	AbsError: 1.05886e+15
      Equation: "HoleContinuityEquation"	RelError: 1.06510e-05	AbsError: 1.07075e-05
      Equation: "PotentialEquation"	RelError: 5.15502e-02	AbsError: 3.23795e-02
    Region: "oxide"	RelError: 6.95454e+01	AbsError: 9.31538e-02
      Equation: "PotentialEquation"	RelError: 6.95454e+01	AbsError: 9.31538e-02
Iteration: 8
  Device: "mos2d"	RelError: 1.04103e+03	AbsError: 3.09691e+16
    Region: "bulk"	RelError: 1.03754e+03	AbsError: 3.09691e+16
      Equation: "ElectronContinuityEquation"	RelError: 9.98996e+02	AbsError: 5.83692e+15
      Equation: "HoleContinuityEquation"	RelError: 9.51864e-01	AbsError: 2.51322e+16
      Equation: "PotentialEquation"	RelError: 3.75878e+01	AbsError: 9.86608e-02
    Region: "gate"	RelError: 3.44238e-02	AbsError: 5.05051e+14
      Equation: "ElectronContinuityEquation"	RelError: 5.07726e-06	AbsError: 5.05051e+14
      Equation: "HoleContinuityEquation"	RelError: 5.08013e-06	AbsError: 5.10704e-06
      Equation: "PotentialEquation"	RelError: 3.44137e-02	AbsError: 2.08966e-02
    Region: "oxide"	RelError: 3.45965e+00	AbsError: 9.04613e-02
      Equation: "PotentialEquation"	RelError: 3.45965e+00	AbsError: 9.04613e-02
Iteration: 9
  Device: "mos2d"	RelError: 1.02697e+03	AbsError: 2.66135e+16
    Region: "bulk"	RelError: 1.02374e+03	AbsError: 2.66135e+16
      Equation: "ElectronContinuityEquation"	RelError: 9.99000e+02	AbsError: 3.91029e+15
      Equation: "HoleContinuityEquation"	RelError: 9.49568e-01	AbsError: 2.27032e+16
      Equation: "PotentialEquation"	RelError: 2.37855e+01	AbsError: 9.63763e-02
    Region: "gate"	RelError: 1.88638e-02	AbsError: 2.67515e+14
      Equation: "ElectronContinuityEquation"	RelError: 2.68772e-06	AbsError: 2.67515e+14
      Equation: "HoleContinuityEquation"	RelError: 2.69036e-06	AbsError: 2.70300e-06
      Equation: "PotentialEquation"	RelError: 1.88585e-02	AbsError: 1.12393e-02
    Region: "oxide"	RelError: 3.21524e+00	AbsError: 8.75500e-02
      Equation: "PotentialEquation"	RelError: 3.21524e+00	AbsError: 8.75500e-02
Iteration: 10
  Device: "mos2d"	RelError: 1.03054e+03	AbsError: 1.60799e+16
    Region: "bulk"	RelError: 1.02875e+03	AbsError: 1.60799e+16
      Equation: "ElectronContinuityEquation"	RelError: 9.99000e+02	AbsError: 3.08961e+15
      Equation: "HoleContinuityEquation"	RelError: 9.45591e-01	AbsError: 1.29903e+16
      Equation: "PotentialEquation"	RelError: 2.88069e+01	AbsError: 9.39314e-02
    Region: "gate"	RelError: 2.74269e-06	AbsError: 1.33538e+14
      Equation: "ElectronContinuityEquation"	RelError: 1.34166e-06	AbsError: 1.33538e+14
      Equation: "HoleContinuityEquation"	RelError: 1.34274e-06	AbsError: 1.34904e-06
      Equation: "PotentialEquation"	RelError: 5.82978e-08	AbsError: 3.47428e-08
    Region: "oxide"	RelError: 1.78361e+00	AbsError: 8.43832e-02
      Equation: "PotentialEquation"	RelError: 1.78361e+00	AbsError: 8.43832e-02
Iteration: 11
  Device: "mos2d"	RelError: 1.07313e+03	AbsError: 3.76631e+16
    Region: "bulk"	RelError: 1.06171e+03	AbsError: 3.76631e+16
      Equation: "ElectronContinuityEquation"	RelError: 9.99000e+02	AbsError: 1.36652e+16
      Equation: "HoleContinuityEquation"	RelError: 1.01659e+00	AbsError: 2.39980e+16
      Equation: "PotentialEquation"	RelError: 6.16896e+01	AbsError: 9.13035e-02
    Region: "gate"	RelError: 2.48870e-06	AbsError: 1.21301e+14
      Equation: "ElectronContinuityEquation"	RelError: 1.21790e-06	AbsError: 1.21301e+14
      Equation: "HoleContinuityEquation"	RelError: 1.21790e-06	AbsError: 1.22281e-06
      Equation: "PotentialEquation"	RelError: 5.29020e-08	AbsError: 3.15280e-08
    Region: "oxide"	RelError: 1.14196e+01	AbsError: 8.09141e-02
      Equation: "PotentialEquation"	RelError: 1.14196e+01	AbsError: 8.09141e-02
Iteration: 12
  Device: "mos2d"	RelError: 1.01979e+03	AbsError: 1.79223e+16
    Region: "bulk"	RelError: 1.01648e+03	AbsError: 1.79223e+16
      Equation: "ElectronContinuityEquation"	RelError: 9.98996e+02	AbsError: 1.00221e+16
      Equation: "HoleContinuityEquation"	RelError: 9.35694e-01	AbsError: 7.90026e+15
      Equation: "PotentialEquation"	RelError: 1.65438e+01	AbsError: 8.84650e-02
    Region: "gate"	RelError: 2.14781e-06	AbsError: 1.04686e+14
      Equation: "ElectronContinuityEquation"	RelError: 1.05108e-06	AbsError: 1.04686e+14
      Equation: "HoleContinuityEquation"	RelError: 1.05108e-06	AbsError: 1.05532e-06
      Equation: "PotentialEquation"	RelError: 4.56557e-08	AbsError: 2.72095e-08
    Region: "oxide"	RelError: 3.31722e+00	AbsError: 7.70854e-02
      Equation: "PotentialEquation"	RelError: 3.31722e+00	AbsError: 7.70854e-02
Iteration: 13
  Device: "mos2d"	RelError: 6.52292e+00	AbsError: 8.02734e+15
    Region: "bulk"	RelError: 6.32890e+00	AbsError: 8.02734e+15
      Equation: "ElectronContinuityEquation"	RelError: 9.99997e-01	AbsError: 4.52380e+15
      Equation: "HoleContinuityEquation"	RelError: 9.28961e-01	AbsError: 3.50354e+15
      Equation: "PotentialEquation"	RelError: 4.39994e+00	AbsError: 8.53820e-02
    Region: "gate"	RelError: 1.67420e-06	AbsError: 8.16302e+13
      Equation: "ElectronContinuityEquation"	RelError: 8.19308e-07	AbsError: 8.16302e+13
      Equation: "HoleContinuityEquation"	RelError: 8.19308e-07	AbsError: 8.22325e-07
      Equation: "PotentialEquation"	RelError: 3.55878e-08	AbsError: 2.12096e-08
    Region: "oxide"	RelError: 1.94024e-01	AbsError: 7.28268e-02
      Equation: "PotentialEquation"	RelError: 1.94024e-01	AbsError: 7.28268e-02
Iteration: 14
  Device: "mos2d"	RelError: 1.73663e+01	AbsError: 2.90643e+15
    Region: "bulk"	RelError: 1.71964e+01	AbsError: 2.90643e+15
      Equation: "ElectronContinuityEquation"	RelError: 7.05888e-01	AbsError: 1.52246e+15
      Equation: "HoleContinuityEquation"	RelError: 9.19652e-01	AbsError: 1.38397e+15
      Equation: "PotentialEquation"	RelError: 1.55709e+01	AbsError: 8.20121e-02
    Region: "gate"	RelError: 1.68076e-06	AbsError: 8.19499e+13
      Equation: "ElectronContinuityEquation"	RelError: 8.22518e-07	AbsError: 8.19499e+13
      Equation: "HoleContinuityEquation"	RelError: 8.22517e-07	AbsError: 8.25546e-07
      Equation: "PotentialEquation"	RelError: 3.57272e-08	AbsError: 2.12927e-08
    Region: "oxide"	RelError: 1.69847e-01	AbsError: 6.80377e-02
      Equation: "PotentialEquation"	RelError: 1.69847e-01	AbsError: 6.80377e-02
Iteration: 15
  Device: "mos2d"	RelError: 3.79781e+01	AbsError: 2.83596e+15
    Region: "bulk"	RelError: 3.78502e+01	AbsError: 2.83596e+15
      Equation: "ElectronContinuityEquation"	RelError: 7.47074e-01	AbsError: 1.98522e+15
      Equation: "HoleContinuityEquation"	RelError: 9.11747e-01	AbsError: 8.50748e+14
      Equation: "PotentialEquation"	RelError: 3.61914e+01	AbsError: 7.83016e-02
    Region: "gate"	RelError: 1.63293e-06	AbsError: 7.96179e+13
      Equation: "ElectronContinuityEquation"	RelError: 7.99112e-07	AbsError: 7.96179e+13
      Equation: "HoleContinuityEquation"	RelError: 7.99111e-07	AbsError: 8.02055e-07
      Equation: "PotentialEquation"	RelError: 3.47105e-08	AbsError: 2.06868e-08
    Region: "oxide"	RelError: 1.27823e-01	AbsError: 6.25889e-02
      Equation: "PotentialEquation"	RelError: 1.27823e-01	AbsError: 6.25889e-02
Iteration: 16
  Device: "mos2d"	RelError: 6.66381e+00	AbsError: 3.70766e+15
    Region: "bulk"	RelError: 6.55807e+00	AbsError: 3.70766e+15
      Equation: "ElectronContinuityEquation"	RelError: 8.54175e-01	AbsError: 2.65577e+15
      Equation: "HoleContinuityEquation"	RelError: 9.10654e-01	AbsError: 1.05189e+15
      Equation: "PotentialEquation"	RelError: 4.79324e+00	AbsError: 7.41816e-02
    Region: "gate"	RelError: 1.77369e-06	AbsError: 8.64808e+13
      Equation: "ElectronContinuityEquation"	RelError: 8.67995e-07	AbsError: 8.64808e+13
      Equation: "HoleContinuityEquation"	RelError: 8.67994e-07	AbsError: 8.71192e-07
      Equation: "PotentialEquation"	RelError: 3.77025e-08	AbsError: 2.24699e-08
    Region: "oxide"	RelError: 1.05734e-01	AbsError: 5.63085e-02
      Equation: "PotentialEquation"	RelError: 1.05734e-01	AbsError: 5.63085e-02
Iteration: 17
  Device: "mos2d"	RelError: 6.49964e+00	AbsError: 4.53583e+15
    Region: "bulk"	RelError: 6.40381e+00	AbsError: 4.53583e+15
      Equation: "ElectronContinuityEquation"	RelError: 8.86671e-01	AbsError: 3.65774e+15
      Equation: "HoleContinuityEquation"	RelError: 8.96129e-01	AbsError: 8.78100e+14
      Equation: "PotentialEquation"	RelError: 4.62101e+00	AbsError: 6.95624e-02
    Region: "gate"	RelError: 2.09282e-06	AbsError: 1.02041e+14
      Equation: "ElectronContinuityEquation"	RelError: 1.02417e-06	AbsError: 1.02041e+14
      Equation: "HoleContinuityEquation"	RelError: 1.02417e-06	AbsError: 1.02794e-06
      Equation: "PotentialEquation"	RelError: 4.44862e-08	AbsError: 2.65128e-08
    Region: "oxide"	RelError: 9.58268e-02	AbsError: 4.89700e-02
      Equation: "PotentialEquation"	RelError: 9.58268e-02	AbsError: 4.89700e-02
Iteration: 18
  Device: "mos2d"	RelError: 3.77368e+00	AbsError: 5.97856e+15
    Region: "bulk"	RelError: 3.68807e+00	AbsError: 5.97856e+15
      Equation: "ElectronContinuityEquation"	RelError: 8.72160e-01	AbsError: 5.20801e+15
      Equation: "HoleContinuityEquation"	RelError: 8.75652e-01	AbsError: 7.70548e+14
      Equation: "PotentialEquation"	RelError: 1.94026e+00	AbsError: 6.43251e-02
    Region: "gate"	RelError: 2.65995e-06	AbsError: 1.29693e+14
      Equation: "ElectronContinuityEquation"	RelError: 1.30171e-06	AbsError: 1.29693e+14
      Equation: "HoleContinuityEquation"	RelError: 1.30171e-06	AbsError: 1.30651e-06
      Equation: "PotentialEquation"	RelError: 5.65414e-08	AbsError: 3.36975e-08
    Region: "oxide"	RelError: 8.56062e-02	AbsError: 4.02973e-02
      Equation: "PotentialEquation"	RelError: 8.56062e-02	AbsError: 4.02973e-02
Iteration: 19
  Device: "mos2d"	RelError: 4.74561e+00	AbsError: 8.37848e+15
    Region: "bulk"	RelError: 4.67740e+00	AbsError: 8.37848e+15
      Equation: "ElectronContinuityEquation"	RelError: 8.46468e-01	AbsError: 7.69528e+15
      Equation: "HoleContinuityEquation"	RelError: 8.41091e-01	AbsError: 6.83199e+14
      Equation: "PotentialEquation"	RelError: 2.98984e+00	AbsError: 5.83103e-02
    Region: "gate"	RelError: 3.65998e-06	AbsError: 1.78451e+14
      Equation: "ElectronContinuityEquation"	RelError: 1.79109e-06	AbsError: 1.78451e+14
      Equation: "HoleContinuityEquation"	RelError: 1.79109e-06	AbsError: 1.79769e-06
      Equation: "PotentialEquation"	RelError: 7.77984e-08	AbsError: 4.63663e-08
    Region: "oxide"	RelError: 6.82117e-02	AbsError: 3.00588e-02
      Equation: "PotentialEquation"	RelError: 6.82117e-02	AbsError: 3.00588e-02
Iteration: 20
  Device: "mos2d"	RelError: 1.85020e+00	AbsError: 1.24182e+16
    Region: "bulk"	RelError: 1.80632e+00	AbsError: 1.24182e+16
      Equation: "ElectronContinuityEquation"	RelError: 8.15879e-01	AbsError: 1.18061e+16
      Equation: "HoleContinuityEquation"	RelError: 7.79111e-01	AbsError: 6.12072e+14
      Equation: "PotentialEquation"	RelError: 2.11330e-01	AbsError: 5.13055e-02
    Region: "gate"	RelError: 5.51523e-06	AbsError: 2.68907e+14
      Equation: "ElectronContinuityEquation"	RelError: 2.69900e-06	AbsError: 2.68907e+14
      Equation: "HoleContinuityEquation"	RelError: 2.69899e-06	AbsError: 2.70895e-06
      Equation: "PotentialEquation"	RelError: 1.17235e-07	AbsError: 6.98694e-08
    Region: "oxide"	RelError: 4.38759e-02	AbsError: 1.85221e-02
      Equation: "PotentialEquation"	RelError: 4.38759e-02	AbsError: 1.85221e-02
Iteration: 21
  Device: "mos2d"	RelError: 1.89950e+00	AbsError: 1.91333e+16
    Region: "bulk"	RelError: 1.84288e+00	AbsError: 1.91333e+16
      Equation: "ElectronContinuityEquation"	RelError: 7.75016e-01	AbsError: 1.85802e+16
      Equation: "HoleContinuityEquation"	RelError: 7.77252e-01	AbsError: 5.53092e+14
      Equation: "PotentialEquation"	RelError: 2.90615e-01	AbsError: 4.30388e-02
    Region: "gate"	RelError: 9.16457e-06	AbsError: 4.47356e+14
      Equation: "ElectronContinuityEquation"	RelError: 4.48490e-06	AbsError: 4.47356e+14
      Equation: "HoleContinuityEquation"	RelError: 4.48487e-06	AbsError: 4.49624e-06
      Equation: "PotentialEquation"	RelError: 1.94798e-07	AbsError: 1.16101e-07
    Region: "oxide"	RelError: 5.66025e-02	AbsError: 9.12478e-03
      Equation: "PotentialEquation"	RelError: 5.66025e-02	AbsError: 9.12478e-03
Iteration: 22
  Device: "mos2d"	RelError: 1.95766e+00	AbsError: 2.88476e+16
    Region: "bulk"	RelError: 1.85291e+00	AbsError: 2.88476e+16
      Equation: "ElectronContinuityEquation"	RelError: 6.89210e-01	AbsError: 2.83439e+16
      Equation: "HoleContinuityEquation"	RelError: 7.01417e-01	AbsError: 5.03654e+14
      Equation: "PotentialEquation"	RelError: 4.62285e-01	AbsError: 3.32242e-02
    Region: "gate"	RelError: 1.58749e-05	AbsError: 7.74909e+14
      Equation: "ElectronContinuityEquation"	RelError: 7.76879e-06	AbsError: 7.74909e+14
      Equation: "HoleContinuityEquation"	RelError: 7.76869e-06	AbsError: 7.78845e-06
      Equation: "PotentialEquation"	RelError: 3.37429e-07	AbsError: 2.01111e-07
    Region: "oxide"	RelError: 1.04728e-01	AbsError: 1.05434e-03
      Equation: "PotentialEquation"	RelError: 1.04728e-01	AbsError: 1.05434e-03
Iteration: 23
  Device: "mos2d"	RelError: 1.80879e+00	AbsError: 2.94979e+16
    Region: "bulk"	RelError: 1.66119e+00	AbsError: 2.94979e+16
      Equation: "ElectronContinuityEquation"	RelError: 5.38838e-01	AbsError: 2.90373e+16
      Equation: "HoleContinuityEquation"	RelError: 5.76506e-01	AbsError: 4.60641e+14
      Equation: "PotentialEquation"	RelError: 5.45851e-01	AbsError: 2.18401e-02
    Region: "gate"	RelError: 2.01363e-05	AbsError: 9.82914e+14
      Equation: "ElectronContinuityEquation"	RelError: 9.85423e-06	AbsError: 9.82914e+14
      Equation: "HoleContinuityEquation"	RelError: 9.85410e-06	AbsError: 9.87925e-06
      Equation: "PotentialEquation"	RelError: 4.28008e-07	AbsError: 2.55097e-07
    Region: "oxide"	RelError: 1.47576e-01	AbsError: 1.38325e-03
      Equation: "PotentialEquation"	RelError: 1.47576e-01	AbsError: 1.38325e-03
Iteration: 24
  Device: "mos2d"	RelError: 2.90597e+00	AbsError: 2.95116e+16
    Region: "bulk"	RelError: 2.76172e+00	AbsError: 2.95116e+16
      Equation: "ElectronContinuityEquation"	RelError: 3.08526e-01	AbsError: 2.90868e+16
      Equation: "HoleContinuityEquation"	RelError: 3.63311e-01	AbsError: 4.24721e+14
      Equation: "PotentialEquation"	RelError: 2.08989e+00	AbsError: 1.24497e-02
    Region: "gate"	RelError: 1.70500e-05	AbsError: 8.32248e+14
      Equation: "ElectronContinuityEquation"	RelError: 8.34379e-06	AbsError: 8.32248e+14
      Equation: "HoleContinuityEquation"	RelError: 8.34375e-06	AbsError: 8.36512e-06
      Equation: "PotentialEquation"	RelError: 3.62406e-07	AbsError: 2.15997e-07
    Region: "oxide"	RelError: 1.44226e-01	AbsError: 1.15279e-03
      Equation: "PotentialEquation"	RelError: 1.44226e-01	AbsError: 1.15279e-03
Iteration: 25
  Device: "mos2d"	RelError: 2.28434e+01	AbsError: 6.52971e+15
    Region: "bulk"	RelError: 2.28069e+01	AbsError: 6.52971e+15
      Equation: "ElectronContinuityEquation"	RelError: 7.33449e-02	AbsError: 6.13904e+15
      Equation: "HoleContinuityEquation"	RelError: 8.13314e-02	AbsError: 3.90671e+14
      Equation: "PotentialEquation"	RelError: 2.26522e+01	AbsError: 8.07052e-04
    Region: "gate"	RelError: 3.81986e-06	AbsError: 1.86452e+14
      Equation: "ElectronContinuityEquation"	RelError: 1.86930e-06	AbsError: 1.86452e+14
      Equation: "HoleContinuityEquation"	RelError: 1.86937e-06	AbsError: 1.87416e-06
      Equation: "PotentialEquation"	RelError: 8.11932e-08	AbsError: 4.83918e-08
    Region: "oxide"	RelError: 3.64773e-02	AbsError: 2.55948e-04
      Equation: "PotentialEquation"	RelError: 3.64773e-02	AbsError: 2.55948e-04
Iteration: 26
  Device: "mos2d"	RelError: 1.13202e+00	AbsError: 6.41289e+14
    Region: "bulk"	RelError: 1.12923e+00	AbsError: 6.41289e+14
      Equation: "ElectronContinuityEquation"	RelError: 3.02911e-02	AbsError: 2.81094e+14
      Equation: "HoleContinuityEquation"	RelError: 2.81487e-02	AbsError: 3.60196e+14
      Equation: "PotentialEquation"	RelError: 1.07079e+00	AbsError: 7.37090e-04
    Region: "gate"	RelError: 6.82602e-08	AbsError: 3.32694e+12
      Equation: "ElectronContinuityEquation"	RelError: 3.34042e-08	AbsError: 3.32694e+12
      Equation: "HoleContinuityEquation"	RelError: 3.34050e-08	AbsError: 3.35404e-08
      Equation: "PotentialEquation"	RelError: 1.45100e-09	AbsError: 8.64751e-10
    Region: "oxide"	RelError: 2.79160e-03	AbsError: 4.28922e-06
      Equation: "PotentialEquation"	RelError: 2.79160e-03	AbsError: 4.28922e-06
Iteration: 27
  Device: "mos2d"	RelError: 5.48244e-01	AbsError: 5.87143e+14
    Region: "bulk"	RelError: 5.45944e-01	AbsError: 5.87143e+14
      Equation: "ElectronContinuityEquation"	RelError: 2.63817e-02	AbsError: 2.53842e+14
      Equation: "HoleContinuityEquation"	RelError: 2.58395e-02	AbsError: 3.33301e+14
      Equation: "PotentialEquation"	RelError: 4.93723e-01	AbsError: 6.76064e-04
    Region: "gate"	RelError: 5.70949e-08	AbsError: 2.78279e+12
      Equation: "ElectronContinuityEquation"	RelError: 2.79406e-08	AbsError: 2.78279e+12
      Equation: "HoleContinuityEquation"	RelError: 2.79406e-08	AbsError: 2.80539e-08
      Equation: "PotentialEquation"	RelError: 1.21366e-09	AbsError: 7.23305e-10
    Region: "oxide"	RelError: 2.30022e-03	AbsError: 3.55498e-06
      Equation: "PotentialEquation"	RelError: 2.30022e-03	AbsError: 3.55498e-06
Iteration: 28
  Device: "mos2d"	RelError: 3.61100e-01	AbsError: 5.40606e+14
    Region: "bulk"	RelError: 3.59128e-01	AbsError: 5.40606e+14
      Equation: "ElectronContinuityEquation"	RelError: 2.42783e-02	AbsError: 2.31322e+14
      Equation: "HoleContinuityEquation"	RelError: 2.38045e-02	AbsError: 3.09284e+14
      Equation: "PotentialEquation"	RelError: 3.11045e-01	AbsError: 6.22355e-04
    Region: "gate"	RelError: 4.89062e-08	AbsError: 2.38367e+12
      Equation: "ElectronContinuityEquation"	RelError: 2.39333e-08	AbsError: 2.38367e+12
      Equation: "HoleContinuityEquation"	RelError: 2.39333e-08	AbsError: 2.40303e-08
      Equation: "PotentialEquation"	RelError: 1.03959e-09	AbsError: 6.19566e-10
    Region: "oxide"	RelError: 1.97211e-03	AbsError: 3.04474e-06
      Equation: "PotentialEquation"	RelError: 1.97211e-03	AbsError: 3.04474e-06
Iteration: 29
  Device: "mos2d"	RelError: 2.68193e-01	AbsError: 4.99335e+14
    Region: "bulk"	RelError: 2.66465e-01	AbsError: 4.99335e+14
      Equation: "ElectronContinuityEquation"	RelError: 2.24071e-02	AbsError: 2.11621e+14
      Equation: "HoleContinuityEquation"	RelError: 2.19992e-02	AbsError: 2.87714e+14
      Equation: "PotentialEquation"	RelError: 2.22059e-01	AbsError: 5.74770e-04
    Region: "gate"	RelError: 4.28073e-08	AbsError: 2.08641e+12
      Equation: "ElectronContinuityEquation"	RelError: 2.09487e-08	AbsError: 2.08641e+12
      Equation: "HoleContinuityEquation"	RelError: 2.09487e-08	AbsError: 2.10335e-08
      Equation: "PotentialEquation"	RelError: 9.09948e-10	AbsError: 5.42302e-10
    Region: "oxide"	RelError: 1.72786e-03	AbsError: 2.66481e-06
      Equation: "PotentialEquation"	RelError: 1.72786e-03	AbsError: 2.66481e-06
Iteration: 30
  Device: "mos2d"	RelError: 2.12392e-01	AbsError: 4.62497e+14
    Region: "bulk"	RelError: 2.10856e-01	AbsError: 4.62497e+14
      Equation: "ElectronContinuityEquation"	RelError: 2.07412e-02	AbsError: 1.94253e+14
      Equation: "HoleContinuityEquation"	RelError: 2.03884e-02	AbsError: 2.68244e+14
      Equation: "PotentialEquation"	RelError: 1.69727e-01	AbsError: 5.32357e-04
    Region: "gate"	RelError: 3.79934e-08	AbsError: 1.85179e+12
      Equation: "ElectronContinuityEquation"	RelError: 1.85929e-08	AbsError: 1.85179e+12
      Equation: "HoleContinuityEquation"	RelError: 1.85929e-08	AbsError: 1.86682e-08
      Equation: "PotentialEquation"	RelError: 8.07621e-10	AbsError: 4.81318e-10
    Region: "oxide"	RelError: 1.53506e-03	AbsError: 2.36499e-06
      Equation: "PotentialEquation"	RelError: 1.53506e-03	AbsError: 2.36499e-06
Iteration: 31
  Device: "mos2d"	RelError: 1.75031e-01	AbsError: 4.29438e+14
    Region: "bulk"	RelError: 1.73653e-01	AbsError: 4.29438e+14
      Equation: "ElectronContinuityEquation"	RelError: 1.92499e-02	AbsError: 1.78845e+14
      Equation: "HoleContinuityEquation"	RelError: 1.89435e-02	AbsError: 2.50593e+14
      Equation: "PotentialEquation"	RelError: 1.35460e-01	AbsError: 4.94353e-04
    Region: "gate"	RelError: 3.40635e-08	AbsError: 1.66024e+12
      Equation: "ElectronContinuityEquation"	RelError: 1.66697e-08	AbsError: 1.66024e+12
      Equation: "HoleContinuityEquation"	RelError: 1.66697e-08	AbsError: 1.67372e-08
      Equation: "PotentialEquation"	RelError: 7.24083e-10	AbsError: 4.31532e-10
    Region: "oxide"	RelError: 1.37761e-03	AbsError: 2.12026e-06
      Equation: "PotentialEquation"	RelError: 1.37761e-03	AbsError: 2.12026e-06
Iteration: 32
  Device: "mos2d"	RelError: 1.48195e-01	AbsError: 3.99626e+14
    Region: "bulk"	RelError: 1.46949e-01	AbsError: 3.99626e+14
      Equation: "ElectronContinuityEquation"	RelError: 1.79084e-02	AbsError: 1.65100e+14
      Equation: "HoleContinuityEquation"	RelError: 1.76412e-02	AbsError: 2.34526e+14
      Equation: "PotentialEquation"	RelError: 1.11400e-01	AbsError: 4.60133e-04
    Region: "gate"	RelError: 3.07723e-08	AbsError: 1.49983e+12
      Equation: "ElectronContinuityEquation"	RelError: 1.50591e-08	AbsError: 1.49983e+12
      Equation: "HoleContinuityEquation"	RelError: 1.50591e-08	AbsError: 1.51201e-08
      Equation: "PotentialEquation"	RelError: 6.54122e-10	AbsError: 3.89837e-10
    Region: "oxide"	RelError: 1.24568e-03	AbsError: 1.91534e-06
      Equation: "PotentialEquation"	RelError: 1.24568e-03	AbsError: 1.91534e-06
Iteration: 33
  Device: "mos2d"	RelError: 1.27946e-01	AbsError: 3.72629e+14
    Region: "bulk"	RelError: 1.26814e-01	AbsError: 3.72629e+14
      Equation: "ElectronContinuityEquation"	RelError: 1.66963e-02	AbsError: 1.52779e+14
      Equation: "HoleContinuityEquation"	RelError: 1.64625e-02	AbsError: 2.19850e+14
      Equation: "PotentialEquation"	RelError: 9.36548e-02	AbsError: 4.29188e-04
    Region: "gate"	RelError: 2.79601e-08	AbsError: 1.36276e+12
      Equation: "ElectronContinuityEquation"	RelError: 1.36829e-08	AbsError: 1.36276e+12
      Equation: "HoleContinuityEquation"	RelError: 1.36829e-08	AbsError: 1.37383e-08
      Equation: "PotentialEquation"	RelError: 5.94344e-10	AbsError: 3.54211e-10
    Region: "oxide"	RelError: 1.13286e-03	AbsError: 1.74026e-06
      Equation: "PotentialEquation"	RelError: 1.13286e-03	AbsError: 1.74026e-06
Iteration: 34
  Device: "mos2d"	RelError: 1.12104e-01	AbsError: 3.48086e+14
    Region: "bulk"	RelError: 1.11069e-01	AbsError: 3.48086e+14
      Equation: "ElectronContinuityEquation"	RelError: 1.55966e-02	AbsError: 1.41686e+14
      Equation: "HoleContinuityEquation"	RelError: 1.53914e-02	AbsError: 2.06400e+14
      Equation: "PotentialEquation"	RelError: 8.00808e-02	AbsError: 4.01092e-04
    Region: "gate"	RelError: 2.55191e-08	AbsError: 1.24379e+12
      Equation: "ElectronContinuityEquation"	RelError: 1.24883e-08	AbsError: 1.24379e+12
      Equation: "HoleContinuityEquation"	RelError: 1.24883e-08	AbsError: 1.25389e-08
      Equation: "PotentialEquation"	RelError: 5.42456e-10	AbsError: 3.23287e-10
    Region: "oxide"	RelError: 1.03484e-03	AbsError: 1.58829e-06
      Equation: "PotentialEquation"	RelError: 1.03484e-03	AbsError: 1.58829e-06
Iteration: 35
  Device: "mos2d"	RelError: 9.93586e-02	AbsError: 3.25877e+14
    Region: "bulk"	RelError: 9.84100e-02	AbsError: 3.25877e+14
      Equation: "ElectronContinuityEquation"	RelError: 1.45954e-02	AbsError: 1.31839e+14
      Equation: "HoleContinuityEquation"	RelError: 1.44147e-02	AbsError: 1.94038e+14
      Equation: "PotentialEquation"	RelError: 6.93998e-02	AbsError: 3.75492e-04
    Region: "gate"	RelError: 2.33743e-08	AbsError: 1.13926e+12
      Equation: "ElectronContinuityEquation"	RelError: 1.14387e-08	AbsError: 1.13926e+12
      Equation: "HoleContinuityEquation"	RelError: 1.14387e-08	AbsError: 1.14851e-08
      Equation: "PotentialEquation"	RelError: 4.96865e-10	AbsError: 2.96117e-10
    Region: "oxide"	RelError: 9.48628e-04	AbsError: 1.45478e-06
      Equation: "PotentialEquation"	RelError: 9.48628e-04	AbsError: 1.45478e-06
Iteration: 36
  Device: "mos2d"	RelError: 8.88781e-02	AbsError: 3.05941e+14
    Region: "bulk"	RelError: 8.80060e-02	AbsError: 3.05941e+14
      Equation: "ElectronContinuityEquation"	RelError: 1.36808e-02	AbsError: 1.23296e+14
      Equation: "HoleContinuityEquation"	RelError: 1.35212e-02	AbsError: 1.82645e+14
      Equation: "PotentialEquation"	RelError: 6.08040e-02	AbsError: 3.52088e-04
    Region: "gate"	RelError: 2.14720e-08	AbsError: 1.04654e+12
      Equation: "ElectronContinuityEquation"	RelError: 1.05078e-08	AbsError: 1.04654e+12
      Equation: "HoleContinuityEquation"	RelError: 1.05078e-08	AbsError: 1.05504e-08
      Equation: "PotentialEquation"	RelError: 4.56427e-10	AbsError: 2.72017e-10
    Region: "oxide"	RelError: 8.72080e-04	AbsError: 1.33636e-06
      Equation: "PotentialEquation"	RelError: 8.72080e-04	AbsError: 1.33636e-06
Iteration: 37
  Device: "mos2d"	RelError: 8.01056e-02	AbsError: 2.87602e+14
    Region: "bulk"	RelError: 7.93020e-02	AbsError: 2.87602e+14
      Equation: "ElectronContinuityEquation"	RelError: 1.28426e-02	AbsError: 1.15481e+14
      Equation: "HoleContinuityEquation"	RelError: 1.27014e-02	AbsError: 1.72121e+14
      Equation: "PotentialEquation"	RelError: 5.37580e-02	AbsError: 3.30628e-04
    Region: "gate"	RelError: 1.97722e-08	AbsError: 9.63692e+11
      Equation: "ElectronContinuityEquation"	RelError: 9.67597e-09	AbsError: 9.63692e+11
      Equation: "HoleContinuityEquation"	RelError: 9.67597e-09	AbsError: 9.71518e-09
      Equation: "PotentialEquation"	RelError: 4.20296e-10	AbsError: 2.50484e-10
    Region: "oxide"	RelError: 8.03610e-04	AbsError: 1.23056e-06
      Equation: "PotentialEquation"	RelError: 8.03610e-04	AbsError: 1.23056e-06
Iteration: 38
  Device: "mos2d"	RelError: 7.26550e-02	AbsError: 2.70689e+14
    Region: "bulk"	RelError: 7.19130e-02	AbsError: 2.70689e+14
      Equation: "ElectronContinuityEquation"	RelError: 1.20724e-02	AbsError: 1.08313e+14
      Equation: "HoleContinuityEquation"	RelError: 1.19470e-02	AbsError: 1.62375e+14
      Equation: "PotentialEquation"	RelError: 4.78936e-02	AbsError: 3.10895e-04
    Region: "gate"	RelError: 1.82447e-08	AbsError: 8.89241e+11
      Equation: "ElectronContinuityEquation"	RelError: 8.92845e-09	AbsError: 8.89241e+11
      Equation: "HoleContinuityEquation"	RelError: 8.92845e-09	AbsError: 8.96463e-09
      Equation: "PotentialEquation"	RelError: 3.87826e-10	AbsError: 2.31132e-10
    Region: "oxide"	RelError: 7.42012e-04	AbsError: 1.13548e-06
      Equation: "PotentialEquation"	RelError: 7.42012e-04	AbsError: 1.13548e-06
Iteration: 39
  Device: "mos2d"	RelError: 6.62493e-02	AbsError: 2.55055e+14
    Region: "bulk"	RelError: 6.55629e-02	AbsError: 2.55055e+14
      Equation: "ElectronContinuityEquation"	RelError: 1.13627e-02	AbsError: 1.01722e+14
      Equation: "HoleContinuityEquation"	RelError: 1.12512e-02	AbsError: 1.53333e+14
      Equation: "PotentialEquation"	RelError: 4.29490e-02	AbsError: 2.92703e-04
    Region: "gate"	RelError: 1.68656e-08	AbsError: 8.22024e+11
      Equation: "ElectronContinuityEquation"	RelError: 8.25355e-09	AbsError: 8.22024e+11
      Equation: "HoleContinuityEquation"	RelError: 8.25355e-09	AbsError: 8.28700e-09
      Equation: "PotentialEquation"	RelError: 3.58510e-10	AbsError: 2.13661e-10
    Region: "oxide"	RelError: 6.86340e-04	AbsError: 1.04964e-06
      Equation: "PotentialEquation"	RelError: 6.86340e-04	AbsError: 1.04964e-06
Iteration: 40
  Device: "mos2d"	RelError: 6.06847e-02	AbsError: 2.40572e+14
    Region: "bulk"	RelError: 6.00488e-02	AbsError: 2.40572e+14
      Equation: "ElectronContinuityEquation"	RelError: 1.07073e-02	AbsError: 9.56454e+13
      Equation: "HoleContinuityEquation"	RelError: 1.06080e-02	AbsError: 1.44927e+14
      Equation: "PotentialEquation"	RelError: 3.87336e-02	AbsError: 2.75894e-04
    Region: "gate"	RelError: 1.56158e-08	AbsError: 7.61108e+11
      Equation: "ElectronContinuityEquation"	RelError: 7.64192e-09	AbsError: 7.61108e+11
      Equation: "HoleContinuityEquation"	RelError: 7.64192e-09	AbsError: 7.67289e-09
      Equation: "PotentialEquation"	RelError: 3.31943e-10	AbsError: 1.97828e-10
    Region: "oxide"	RelError: 6.35837e-04	AbsError: 9.71852e-07
      Equation: "PotentialEquation"	RelError: 6.35837e-04	AbsError: 9.71852e-07
Iteration: 41
  Device: "mos2d"	RelError: 5.58077e-02	AbsError: 2.27129e+14
    Region: "bulk"	RelError: 5.52178e-02	AbsError: 2.27129e+14
      Equation: "ElectronContinuityEquation"	RelError: 1.01006e-02	AbsError: 9.00317e+13
      Equation: "HoleContinuityEquation"	RelError: 1.00119e-02	AbsError: 1.37098e+14
      Equation: "PotentialEquation"	RelError: 3.51053e-02	AbsError: 2.60327e-04
    Region: "gate"	RelError: 1.44796e-08	AbsError: 7.05729e+11
      Equation: "ElectronContinuityEquation"	RelError: 7.08589e-09	AbsError: 7.05729e+11
      Equation: "HoleContinuityEquation"	RelError: 7.08589e-09	AbsError: 7.11460e-09
      Equation: "PotentialEquation"	RelError: 3.07790e-10	AbsError: 1.83434e-10
    Region: "oxide"	RelError: 5.89881e-04	AbsError: 9.01132e-07
      Equation: "PotentialEquation"	RelError: 5.89881e-04	AbsError: 9.01132e-07
Iteration: 42
  Device: "mos2d"	RelError: 5.15004e-02	AbsError: 2.14629e+14
    Region: "bulk"	RelError: 5.09524e-02	AbsError: 2.14629e+14
      Equation: "ElectronContinuityEquation"	RelError: 9.53789e-03	AbsError: 8.48349e+13
      Equation: "HoleContinuityEquation"	RelError: 9.45859e-03	AbsError: 1.29794e+14
      Equation: "PotentialEquation"	RelError: 3.19559e-02	AbsError: 2.45881e-04
    Region: "gate"	RelError: 1.34439e-08	AbsError: 6.55248e+11
      Equation: "ElectronContinuityEquation"	RelError: 6.57904e-09	AbsError: 6.55248e+11
      Equation: "HoleContinuityEquation"	RelError: 6.57904e-09	AbsError: 6.60570e-09
      Equation: "PotentialEquation"	RelError: 2.85774e-10	AbsError: 1.70313e-10
    Region: "oxide"	RelError: 5.47952e-04	AbsError: 8.36668e-07
      Equation: "PotentialEquation"	RelError: 5.47952e-04	AbsError: 8.36668e-07
Iteration: 43
  Device: "mos2d"	RelError: 4.76705e-02	AbsError: 2.02986e+14
    Region: "bulk"	RelError: 4.71608e-02	AbsError: 2.02986e+14
      Equation: "ElectronContinuityEquation"	RelError: 9.01496e-03	AbsError: 8.00150e+13
      Equation: "HoleContinuityEquation"	RelError: 8.94392e-03	AbsError: 1.22971e+14
      Equation: "PotentialEquation"	RelError: 2.92020e-02	AbsError: 2.32451e-04
    Region: "gate"	RelError: 1.24976e-08	AbsError: 6.09126e+11
      Equation: "ElectronContinuityEquation"	RelError: 6.11595e-09	AbsError: 6.09126e+11
      Equation: "HoleContinuityEquation"	RelError: 6.11595e-09	AbsError: 6.14074e-09
      Equation: "PotentialEquation"	RelError: 2.65659e-10	AbsError: 1.58325e-10
    Region: "oxide"	RelError: 5.09611e-04	AbsError: 7.77771e-07
      Equation: "PotentialEquation"	RelError: 5.09611e-04	AbsError: 7.77771e-07
Iteration: 44
  Device: "mos2d"	RelError: 4.42449e-02	AbsError: 1.92123e+14
    Region: "bulk"	RelError: 4.37704e-02	AbsError: 1.92123e+14
      Equation: "ElectronContinuityEquation"	RelError: 8.52812e-03	AbsError: 7.55369e+13
      Equation: "HoleContinuityEquation"	RelError: 8.46438e-03	AbsError: 1.16586e+14
      Equation: "PotentialEquation"	RelError: 2.67779e-02	AbsError: 2.19943e-04
    Region: "gate"	RelError: 1.16312e-08	AbsError: 5.66900e+11
      Equation: "ElectronContinuityEquation"	RelError: 5.69198e-09	AbsError: 5.66900e+11
      Equation: "HoleContinuityEquation"	RelError: 5.69198e-09	AbsError: 5.71504e-09
      Equation: "PotentialEquation"	RelError: 2.47243e-10	AbsError: 1.47349e-10
    Region: "oxide"	RelError: 4.74481e-04	AbsError: 7.23849e-07
      Equation: "PotentialEquation"	RelError: 4.74481e-04	AbsError: 7.23849e-07
Iteration: 45
  Device: "mos2d"	RelError: 4.11649e-02	AbsError: 1.81974e+14
    Region: "bulk"	RelError: 4.07226e-02	AbsError: 1.81974e+14
      Equation: "ElectronContinuityEquation"	RelError: 8.07412e-03	AbsError: 7.13696e+13
      Equation: "HoleContinuityEquation"	RelError: 8.01685e-03	AbsError: 1.10604e+14
      Equation: "PotentialEquation"	RelError: 2.46316e-02	AbsError: 2.08274e-04
    Region: "gate"	RelError: 1.08365e-08	AbsError: 5.28169e+11
      Equation: "ElectronContinuityEquation"	RelError: 5.30309e-09	AbsError: 5.28169e+11
      Equation: "HoleContinuityEquation"	RelError: 5.30309e-09	AbsError: 5.32459e-09
      Equation: "PotentialEquation"	RelError: 2.30351e-10	AbsError: 1.37282e-10
    Region: "oxide"	RelError: 4.42234e-04	AbsError: 6.74390e-07
      Equation: "PotentialEquation"	RelError: 4.42234e-04	AbsError: 6.74390e-07
Iteration: 46
  Device: "mos2d"	RelError: 3.83825e-02	AbsError: 1.72479e+14
    Region: "bulk"	RelError: 3.79699e-02	AbsError: 1.72479e+14
      Equation: "ElectronContinuityEquation"	RelError: 7.65010e-03	AbsError: 6.74855e+13
      Equation: "HoleContinuityEquation"	RelError: 7.59857e-03	AbsError: 1.04993e+14
      Equation: "PotentialEquation"	RelError: 2.27212e-02	AbsError: 1.97372e-04
    Region: "gate"	RelError: 1.01064e-08	AbsError: 4.92584e+11
      Equation: "ElectronContinuityEquation"	RelError: 4.94581e-09	AbsError: 4.92584e+11
      Equation: "HoleContinuityEquation"	RelError: 4.94581e-09	AbsError: 4.96585e-09
      Equation: "PotentialEquation"	RelError: 2.14831e-10	AbsError: 1.28033e-10
    Region: "oxide"	RelError: 4.12587e-04	AbsError: 6.28951e-07
      Equation: "PotentialEquation"	RelError: 4.12587e-04	AbsError: 6.28951e-07
Iteration: 47
  Device: "mos2d"	RelError: 3.58584e-02	AbsError: 1.63583e+14
    Region: "bulk"	RelError: 3.54731e-02	AbsError: 1.63583e+14
      Equation: "ElectronContinuityEquation"	RelError: 7.25349e-03	AbsError: 6.38602e+13
      Equation: "HoleContinuityEquation"	RelError: 7.20707e-03	AbsError: 9.97228e+13
      Equation: "PotentialEquation"	RelError: 2.10125e-02	AbsError: 1.87171e-04
    Region: "gate"	RelError: 9.43463e-09	AbsError: 4.59841e+11
      Equation: "ElectronContinuityEquation"	RelError: 4.61704e-09	AbsError: 4.59841e+11
      Equation: "HoleContinuityEquation"	RelError: 4.61704e-09	AbsError: 4.63575e-09
      Equation: "PotentialEquation"	RelError: 2.00551e-10	AbsError: 1.19522e-10
    Region: "oxide"	RelError: 3.85288e-04	AbsError: 5.87138e-07
      Equation: "PotentialEquation"	RelError: 3.85288e-04	AbsError: 5.87138e-07
Iteration: 48
  Device: "mos2d"	RelError: 3.35600e-02	AbsError: 1.55240e+14
    Region: "bulk"	RelError: 3.31998e-02	AbsError: 1.55240e+14
      Equation: "ElectronContinuityEquation"	RelError: 6.88202e-03	AbsError: 6.04719e+13
      Equation: "HoleContinuityEquation"	RelError: 6.84015e-03	AbsError: 9.47676e+13
      Equation: "PotentialEquation"	RelError: 1.94777e-02	AbsError: 1.77614e-04
    Region: "gate"	RelError: 8.81557e-09	AbsError: 4.29668e+11
      Equation: "ElectronContinuityEquation"	RelError: 4.31409e-09	AbsError: 4.29668e+11
      Equation: "HoleContinuityEquation"	RelError: 4.31409e-09	AbsError: 4.33157e-09
      Equation: "PotentialEquation"	RelError: 1.87391e-10	AbsError: 1.11680e-10
    Region: "oxide"	RelError: 3.60118e-04	AbsError: 5.48609e-07
      Equation: "PotentialEquation"	RelError: 3.60118e-04	AbsError: 5.48609e-07
Iteration: 49
  Device: "mos2d"	RelError: 3.14598e-02	AbsError: 1.47405e+14
    Region: "bulk"	RelError: 3.11229e-02	AbsError: 1.47405e+14
      Equation: "ElectronContinuityEquation"	RelError: 6.53365e-03	AbsError: 5.73012e+13
      Equation: "HoleContinuityEquation"	RelError: 6.49584e-03	AbsError: 9.01037e+13
      Equation: "PotentialEquation"	RelError: 1.80934e-02	AbsError: 1.68648e-04
    Region: "gate"	RelError: 8.24436e-09	AbsError: 4.01827e+11
      Equation: "ElectronContinuityEquation"	RelError: 4.03455e-09	AbsError: 4.01827e+11
      Equation: "HoleContinuityEquation"	RelError: 4.03455e-09	AbsError: 4.05090e-09
      Equation: "PotentialEquation"	RelError: 1.75249e-10	AbsError: 1.04443e-10
    Region: "oxide"	RelError: 3.36880e-04	AbsError: 5.13059e-07
      Equation: "PotentialEquation"	RelError: 3.36880e-04	AbsError: 5.13059e-07
Iteration: 50
  Device: "mos2d"	RelError: 2.95347e-02	AbsError: 1.40040e+14
    Region: "bulk"	RelError: 2.92193e-02	AbsError: 1.40040e+14
      Equation: "ElectronContinuityEquation"	RelError: 6.20654e-03	AbsError: 5.43305e+13
      Equation: "HoleContinuityEquation"	RelError: 6.17237e-03	AbsError: 8.57097e+13
      Equation: "PotentialEquation"	RelError: 1.68404e-02	AbsError: 1.60227e-04
    Region: "gate"	RelError: 7.71664e-09	AbsError: 3.76106e+11
      Equation: "ElectronContinuityEquation"	RelError: 3.77630e-09	AbsError: 3.76106e+11
      Equation: "HoleContinuityEquation"	RelError: 3.77630e-09	AbsError: 3.79161e-09
      Equation: "PotentialEquation"	RelError: 1.64032e-10	AbsError: 9.77579e-11
    Region: "oxide"	RelError: 3.15399e-04	AbsError: 4.80215e-07
      Equation: "PotentialEquation"	RelError: 3.15399e-04	AbsError: 4.80215e-07
Iteration: 51
  Device: "mos2d"	RelError: 2.77652e-02	AbsError: 1.33110e+14
    Region: "bulk"	RelError: 2.74696e-02	AbsError: 1.33110e+14
      Equation: "ElectronContinuityEquation"	RelError: 5.89906e-03	AbsError: 5.15440e+13
      Equation: "HoleContinuityEquation"	RelError: 5.86814e-03	AbsError: 8.15661e+13
      Equation: "PotentialEquation"	RelError: 1.57024e-02	AbsError: 1.52310e-04
    Region: "gate"	RelError: 7.22852e-09	AbsError: 3.52316e+11
      Equation: "ElectronContinuityEquation"	RelError: 3.53743e-09	AbsError: 3.52316e+11
      Equation: "HoleContinuityEquation"	RelError: 3.53743e-09	AbsError: 3.55177e-09
      Equation: "PotentialEquation"	RelError: 1.53656e-10	AbsError: 9.15742e-11
    Region: "oxide"	RelError: 2.95521e-04	AbsError: 4.49836e-07
      Equation: "PotentialEquation"	RelError: 2.95521e-04	AbsError: 4.49836e-07
Iteration: 52
  Device: "mos2d"	RelError: 2.61343e-02	AbsError: 1.26583e+14
    Region: "bulk"	RelError: 2.58572e-02	AbsError: 1.26583e+14
      Equation: "ElectronContinuityEquation"	RelError: 5.60972e-03	AbsError: 4.89276e+13
      Equation: "HoleContinuityEquation"	RelError: 5.58172e-03	AbsError: 7.76554e+13
      Equation: "PotentialEquation"	RelError: 1.46658e-02	AbsError: 1.44857e-04
    Region: "gate"	RelError: 6.77654e-09	AbsError: 3.30286e+11
      Equation: "ElectronContinuityEquation"	RelError: 3.31624e-09	AbsError: 3.30286e+11
      Equation: "HoleContinuityEquation"	RelError: 3.31624e-09	AbsError: 3.32968e-09
      Equation: "PotentialEquation"	RelError: 1.44048e-10	AbsError: 8.58483e-11
    Region: "oxide"	RelError: 2.77106e-04	AbsError: 4.21707e-07
      Equation: "PotentialEquation"	RelError: 2.77106e-04	AbsError: 4.21707e-07
Iteration: 53
  Device: "mos2d"	RelError: 2.46276e-02	AbsError: 1.20430e+14
    Region: "bulk"	RelError: 2.43676e-02	AbsError: 1.20430e+14
      Equation: "ElectronContinuityEquation"	RelError: 5.33718e-03	AbsError: 4.64685e+13
      Equation: "HoleContinuityEquation"	RelError: 5.31179e-03	AbsError: 7.39614e+13
      Equation: "PotentialEquation"	RelError: 1.37186e-02	AbsError: 1.37836e-04
    Region: "gate"	RelError: 6.35756e-09	AbsError: 3.09865e+11
      Equation: "ElectronContinuityEquation"	RelError: 3.11121e-09	AbsError: 3.09865e+11
      Equation: "HoleContinuityEquation"	RelError: 3.11121e-09	AbsError: 3.12382e-09
      Equation: "PotentialEquation"	RelError: 1.35142e-10	AbsError: 8.05405e-11
    Region: "oxide"	RelError: 2.60029e-04	AbsError: 3.95632e-07
      Equation: "PotentialEquation"	RelError: 2.60029e-04	AbsError: 3.95632e-07
Iteration: 54
  Device: "mos2d"	RelError: 2.32326e-02	AbsError: 1.14624e+14
    Region: "bulk"	RelError: 2.29884e-02	AbsError: 1.14624e+14
      Equation: "ElectronContinuityEquation"	RelError: 5.08021e-03	AbsError: 4.41549e+13
      Equation: "HoleContinuityEquation"	RelError: 5.05718e-03	AbsError: 7.04694e+13
      Equation: "PotentialEquation"	RelError: 1.28510e-02	AbsError: 1.31214e-04
    Region: "gate"	RelError: 5.96880e-09	AbsError: 2.90917e+11
      Equation: "ElectronContinuityEquation"	RelError: 2.92096e-09	AbsError: 2.90917e+11
      Equation: "HoleContinuityEquation"	RelError: 2.92096e-09	AbsError: 2.93280e-09
      Equation: "PotentialEquation"	RelError: 1.26878e-10	AbsError: 7.56155e-11
    Region: "oxide"	RelError: 2.44176e-04	AbsError: 3.71437e-07
      Equation: "PotentialEquation"	RelError: 2.44176e-04	AbsError: 3.71437e-07
Iteration: 55
  Device: "mos2d"	RelError: 2.19383e-02	AbsError: 1.09142e+14
    Region: "bulk"	RelError: 2.17088e-02	AbsError: 1.09142e+14
      Equation: "ElectronContinuityEquation"	RelError: 4.83772e-03	AbsError: 4.19762e+13
      Equation: "HoleContinuityEquation"	RelError: 4.81680e-03	AbsError: 6.71661e+13
      Equation: "PotentialEquation"	RelError: 1.20543e-02	AbsError: 1.24964e-04
    Region: "gate"	RelError: 5.60771e-09	AbsError: 2.73318e+11
      Equation: "ElectronContinuityEquation"	RelError: 2.74425e-09	AbsError: 2.73318e+11
      Equation: "HoleContinuityEquation"	RelError: 2.74425e-09	AbsError: 2.75537e-09
      Equation: "PotentialEquation"	RelError: 1.19202e-10	AbsError: 7.10410e-11
    Region: "oxide"	RelError: 2.29446e-04	AbsError: 3.48964e-07
      Equation: "PotentialEquation"	RelError: 2.29446e-04	AbsError: 3.48964e-07
Iteration: 56
  Device: "mos2d"	RelError: 2.07351e-02	AbsError: 1.03962e+14
    Region: "bulk"	RelError: 2.05194e-02	AbsError: 1.03962e+14
      Equation: "ElectronContinuityEquation"	RelError: 4.60869e-03	AbsError: 3.99230e+13
      Equation: "HoleContinuityEquation"	RelError: 4.58969e-03	AbsError: 6.40389e+13
      Equation: "PotentialEquation"	RelError: 1.13210e-02	AbsError: 1.19060e-04
    Region: "gate"	RelError: 5.27201e-09	AbsError: 2.56956e+11
      Equation: "ElectronContinuityEquation"	RelError: 2.57997e-09	AbsError: 2.56956e+11
      Equation: "HoleContinuityEquation"	RelError: 2.57997e-09	AbsError: 2.59043e-09
      Equation: "PotentialEquation"	RelError: 1.12067e-10	AbsError: 6.67883e-11
    Region: "oxide"	RelError: 2.15747e-04	AbsError: 3.28072e-07
      Equation: "PotentialEquation"	RelError: 2.15747e-04	AbsError: 3.28072e-07
Iteration: 57
  Device: "mos2d"	RelError: 1.96148e-02	AbsError: 9.90629e+13
    Region: "bulk"	RelError: 1.94118e-02	AbsError: 9.90629e+13
      Equation: "ElectronContinuityEquation"	RelError: 4.39221e-03	AbsError: 3.79862e+13
      Equation: "HoleContinuityEquation"	RelError: 4.37493e-03	AbsError: 6.10766e+13
      Equation: "PotentialEquation"	RelError: 1.06446e-02	AbsError: 1.13478e-04
    Region: "gate"	RelError: 4.95965e-09	AbsError: 2.41732e+11
      Equation: "ElectronContinuityEquation"	RelError: 2.42711e-09	AbsError: 2.41732e+11
      Equation: "HoleContinuityEquation"	RelError: 2.42711e-09	AbsError: 2.43695e-09
      Equation: "PotentialEquation"	RelError: 1.05427e-10	AbsError: 6.28311e-11
    Region: "oxide"	RelError: 2.02996e-04	AbsError: 3.08633e-07
      Equation: "PotentialEquation"	RelError: 2.02996e-04	AbsError: 3.08633e-07
Iteration: 58
  Device: "mos2d"	RelError: 1.85698e-02	AbsError: 9.44269e+13
    Region: "bulk"	RelError: 1.83787e-02	AbsError: 9.44269e+13
      Equation: "ElectronContinuityEquation"	RelError: 4.18743e-03	AbsError: 3.61580e+13
      Equation: "HoleContinuityEquation"	RelError: 4.17171e-03	AbsError: 5.82689e+13
      Equation: "PotentialEquation"	RelError: 1.00195e-02	AbsError: 1.08197e-04
    Region: "gate"	RelError: 4.66875e-09	AbsError: 2.27553e+11
      Equation: "ElectronContinuityEquation"	RelError: 2.28475e-09	AbsError: 2.27553e+11
      Equation: "HoleContinuityEquation"	RelError: 2.28475e-09	AbsError: 2.29401e-09
      Equation: "PotentialEquation"	RelError: 9.92430e-11	AbsError: 5.91458e-11
    Region: "oxide"	RelError: 1.91118e-04	AbsError: 2.90529e-07
      Equation: "PotentialEquation"	RelError: 1.91118e-04	AbsError: 2.90529e-07
Iteration: 59
  Device: "mos2d"	RelError: 1.75936e-02	AbsError: 9.00370e+13
    Region: "bulk"	RelError: 1.74136e-02	AbsError: 9.00370e+13
      Equation: "ElectronContinuityEquation"	RelError: 3.99358e-03	AbsError: 3.44310e+13
      Equation: "HoleContinuityEquation"	RelError: 3.97927e-03	AbsError: 5.56060e+13
      Equation: "PotentialEquation"	RelError: 9.44070e-03	AbsError: 1.03197e-04
    Region: "gate"	RelError: 4.39760e-09	AbsError: 2.14337e+11
      Equation: "ElectronContinuityEquation"	RelError: 2.15206e-09	AbsError: 2.14337e+11
      Equation: "HoleContinuityEquation"	RelError: 2.15206e-09	AbsError: 2.16078e-09
      Equation: "PotentialEquation"	RelError: 9.34793e-11	AbsError: 5.57108e-11
    Region: "oxide"	RelError: 1.80043e-04	AbsError: 2.73654e-07
      Equation: "PotentialEquation"	RelError: 1.80043e-04	AbsError: 2.73654e-07
Iteration: 60
  Device: "mos2d"	RelError: 1.66804e-02	AbsError: 8.58775e+13
    Region: "bulk"	RelError: 1.65107e-02	AbsError: 8.58775e+13
      Equation: "ElectronContinuityEquation"	RelError: 3.80996e-03	AbsError: 3.27984e+13
      Equation: "HoleContinuityEquation"	RelError: 3.79692e-03	AbsError: 5.30791e+13
      Equation: "PotentialEquation"	RelError: 8.90378e-03	AbsError: 9.84604e-05
    Region: "gate"	RelError: 4.14467e-09	AbsError: 2.02010e+11
      Equation: "ElectronContinuityEquation"	RelError: 2.02828e-09	AbsError: 2.02010e+11
      Equation: "HoleContinuityEquation"	RelError: 2.02828e-09	AbsError: 2.03650e-09
      Equation: "PotentialEquation"	RelError: 8.81026e-11	AbsError: 5.25065e-11
    Region: "oxide"	RelError: 1.69709e-04	AbsError: 2.57914e-07
      Equation: "PotentialEquation"	RelError: 1.69709e-04	AbsError: 2.57914e-07
Iteration: 61
  Device: "mos2d"	RelError: 1.58249e-02	AbsError: 8.19341e+13
    Region: "bulk"	RelError: 1.56649e-02	AbsError: 8.19341e+13
      Equation: "ElectronContinuityEquation"	RelError: 3.63592e-03	AbsError: 3.12541e+13
      Equation: "HoleContinuityEquation"	RelError: 3.62403e-03	AbsError: 5.06800e+13
      Equation: "PotentialEquation"	RelError: 8.40492e-03	AbsError: 9.39698e-05
    Region: "gate"	RelError: 3.90854e-09	AbsError: 1.90501e+11
      Equation: "ElectronContinuityEquation"	RelError: 1.91273e-09	AbsError: 1.90501e+11
      Equation: "HoleContinuityEquation"	RelError: 1.91273e-09	AbsError: 1.92048e-09
      Equation: "PotentialEquation"	RelError: 8.30833e-11	AbsError: 4.95151e-11
    Region: "oxide"	RelError: 1.60059e-04	AbsError: 2.43219e-07
      Equation: "PotentialEquation"	RelError: 1.60059e-04	AbsError: 2.43219e-07
Iteration: 62
  Device: "mos2d"	RelError: 1.50226e-02	AbsError: 7.81933e+13
    Region: "bulk"	RelError: 1.48716e-02	AbsError: 7.81933e+13
      Equation: "ElectronContinuityEquation"	RelError: 3.47086e-03	AbsError: 2.97923e+13
      Equation: "HoleContinuityEquation"	RelError: 3.46001e-03	AbsError: 4.84011e+13
      Equation: "PotentialEquation"	RelError: 7.94068e-03	AbsError: 8.97103e-05
    Region: "gate"	RelError: 3.68794e-09	AbsError: 1.79749e+11
      Equation: "ElectronContinuityEquation"	RelError: 1.80477e-09	AbsError: 1.79749e+11
      Equation: "HoleContinuityEquation"	RelError: 1.80477e-09	AbsError: 1.81209e-09
      Equation: "PotentialEquation"	RelError: 7.83940e-11	AbsError: 4.67205e-11
    Region: "oxide"	RelError: 1.51042e-04	AbsError: 2.29490e-07
      Equation: "PotentialEquation"	RelError: 1.51042e-04	AbsError: 2.29490e-07
Iteration: 63
  Device: "mos2d"	RelError: 1.42692e-02	AbsError: 7.46430e+13
    Region: "bulk"	RelError: 1.41266e-02	AbsError: 7.46430e+13
      Equation: "ElectronContinuityEquation"	RelError: 3.31421e-03	AbsError: 2.84077e+13
      Equation: "HoleContinuityEquation"	RelError: 3.30432e-03	AbsError: 4.62353e+13
      Equation: "PotentialEquation"	RelError: 7.50804e-03	AbsError: 8.56675e-05
    Region: "gate"	RelError: 3.48169e-09	AbsError: 1.69696e+11
      Equation: "ElectronContinuityEquation"	RelError: 1.70384e-09	AbsError: 1.69696e+11
      Equation: "HoleContinuityEquation"	RelError: 1.70384e-09	AbsError: 1.71074e-09
      Equation: "PotentialEquation"	RelError: 7.40098e-11	AbsError: 4.41076e-11
    Region: "oxide"	RelError: 1.42609e-04	AbsError: 2.16654e-07
      Equation: "PotentialEquation"	RelError: 1.42609e-04	AbsError: 2.16654e-07
Iteration: 64
  Device: "mos2d"	RelError: 1.35609e-02	AbsError: 7.12718e+13
    Region: "bulk"	RelError: 1.34262e-02	AbsError: 7.12718e+13
      Equation: "ElectronContinuityEquation"	RelError: 3.16548e-03	AbsError: 2.70956e+13
      Equation: "HoleContinuityEquation"	RelError: 3.15645e-03	AbsError: 4.41762e+13
      Equation: "PotentialEquation"	RelError: 7.10428e-03	AbsError: 8.18285e-05
    Region: "gate"	RelError: 3.28871e-09	AbsError: 1.60291e+11
      Equation: "ElectronContinuityEquation"	RelError: 1.60940e-09	AbsError: 1.60291e+11
      Equation: "HoleContinuityEquation"	RelError: 1.60940e-09	AbsError: 1.61593e-09
      Equation: "PotentialEquation"	RelError: 6.99078e-11	AbsError: 4.16630e-11
    Region: "oxide"	RelError: 1.34718e-04	AbsError: 2.04645e-07
      Equation: "PotentialEquation"	RelError: 1.34718e-04	AbsError: 2.04645e-07
Iteration: 65
  Device: "mos2d"	RelError: 1.28944e-02	AbsError: 6.80690e+13
    Region: "bulk"	RelError: 1.27671e-02	AbsError: 6.80690e+13
      Equation: "ElectronContinuityEquation"	RelError: 3.02419e-03	AbsError: 2.58515e+13
      Equation: "HoleContinuityEquation"	RelError: 3.01594e-03	AbsError: 4.22175e+13
      Equation: "PotentialEquation"	RelError: 6.72697e-03	AbsError: 7.81810e-05
    Region: "gate"	RelError: 3.10804e-09	AbsError: 1.51485e+11
      Equation: "ElectronContinuityEquation"	RelError: 1.52099e-09	AbsError: 1.51485e+11
      Equation: "HoleContinuityEquation"	RelError: 1.52099e-09	AbsError: 1.52715e-09
      Equation: "PotentialEquation"	RelError: 6.60672e-11	AbsError: 3.93740e-11
    Region: "oxide"	RelError: 1.27328e-04	AbsError: 1.93402e-07
      Equation: "PotentialEquation"	RelError: 1.27328e-04	AbsError: 1.93402e-07
Iteration: 66
  Device: "mos2d"	RelError: 1.22666e-02	AbsError: 6.50249e+13
    Region: "bulk"	RelError: 1.21462e-02	AbsError: 6.50249e+13
      Equation: "ElectronContinuityEquation"	RelError: 2.88990e-03	AbsError: 2.46712e+13
      Equation: "HoleContinuityEquation"	RelError: 2.88236e-03	AbsError: 4.03537e+13
      Equation: "PotentialEquation"	RelError: 6.37396e-03	AbsError: 7.47138e-05
    Region: "gate"	RelError: 2.93877e-09	AbsError: 1.43235e+11
      Equation: "ElectronContinuityEquation"	RelError: 1.43815e-09	AbsError: 1.43235e+11
      Equation: "HoleContinuityEquation"	RelError: 1.43815e-09	AbsError: 1.44398e-09
      Equation: "PotentialEquation"	RelError: 6.24690e-11	AbsError: 3.72297e-11
    Region: "oxide"	RelError: 1.20403e-04	AbsError: 1.82868e-07
      Equation: "PotentialEquation"	RelError: 1.20403e-04	AbsError: 1.82868e-07
Iteration: 67
  Device: "mos2d"	RelError: 1.16747e-02	AbsError: 6.21304e+13
    Region: "bulk"	RelError: 1.15608e-02	AbsError: 6.21304e+13
      Equation: "ElectronContinuityEquation"	RelError: 2.76221e-03	AbsError: 2.35508e+13
      Equation: "HoleContinuityEquation"	RelError: 2.75532e-03	AbsError: 3.85795e+13
      Equation: "PotentialEquation"	RelError: 6.04328e-03	AbsError: 7.14166e-05
    Region: "gate"	RelError: 2.78008e-09	AbsError: 1.35500e+11
      Equation: "ElectronContinuityEquation"	RelError: 1.36049e-09	AbsError: 1.35500e+11
      Equation: "HoleContinuityEquation"	RelError: 1.36049e-09	AbsError: 1.36600e-09
      Equation: "PotentialEquation"	RelError: 5.90958e-11	AbsError: 3.52193e-11
    Region: "oxide"	RelError: 1.13910e-04	AbsError: 1.72992e-07
      Equation: "PotentialEquation"	RelError: 1.13910e-04	AbsError: 1.72992e-07
Iteration: 68
  Device: "mos2d"	RelError: 1.11162e-02	AbsError: 5.93769e+13
    Region: "bulk"	RelError: 1.10083e-02	AbsError: 5.93769e+13
      Equation: "ElectronContinuityEquation"	RelError: 2.64073e-03	AbsError: 2.24869e+13
      Equation: "HoleContinuityEquation"	RelError: 2.63443e-03	AbsError: 3.68900e+13
      Equation: "PotentialEquation"	RelError: 5.73318e-03	AbsError: 6.82795e-05
    Region: "gate"	RelError: 2.63120e-09	AbsError: 1.28244e+11
      Equation: "ElectronContinuityEquation"	RelError: 1.28764e-09	AbsError: 1.28244e+11
      Equation: "HoleContinuityEquation"	RelError: 1.28764e-09	AbsError: 1.29286e-09
      Equation: "PotentialEquation"	RelError: 5.59312e-11	AbsError: 3.33333e-11
    Region: "oxide"	RelError: 1.07818e-04	AbsError: 1.63728e-07
      Equation: "PotentialEquation"	RelError: 1.07818e-04	AbsError: 1.63728e-07
Iteration: 69
  Device: "mos2d"	RelError: 1.05886e-02	AbsError: 5.67566e+13
    Region: "bulk"	RelError: 1.04865e-02	AbsError: 5.67566e+13
      Equation: "ElectronContinuityEquation"	RelError: 2.52512e-03	AbsError: 2.14761e+13
      Equation: "HoleContinuityEquation"	RelError: 2.51935e-03	AbsError: 3.52805e+13
      Equation: "PotentialEquation"	RelError: 5.44206e-03	AbsError: 6.52935e-05
    Region: "gate"	RelError: 2.49146e-09	AbsError: 1.21433e+11
      Equation: "ElectronContinuityEquation"	RelError: 1.21925e-09	AbsError: 1.21433e+11
      Equation: "HoleContinuityEquation"	RelError: 1.21925e-09	AbsError: 1.22419e-09
      Equation: "PotentialEquation"	RelError: 5.29606e-11	AbsError: 3.15629e-11
    Region: "oxide"	RelError: 1.02098e-04	AbsError: 1.55031e-07
      Equation: "PotentialEquation"	RelError: 1.02098e-04	AbsError: 1.55031e-07
Iteration: 70
  Device: "mos2d"	RelError: 1.00900e-02	AbsError: 5.42621e+13
    Region: "bulk"	RelError: 9.99331e-03	AbsError: 5.42621e+13
      Equation: "ElectronContinuityEquation"	RelError: 2.41504e-03	AbsError: 2.05154e+13
      Equation: "HoleContinuityEquation"	RelError: 2.40976e-03	AbsError: 3.37467e+13
      Equation: "PotentialEquation"	RelError: 5.16850e-03	AbsError: 6.24503e-05
    Region: "gate"	RelError: 2.36020e-09	AbsError: 1.15035e+11
      Equation: "ElectronContinuityEquation"	RelError: 1.15501e-09	AbsError: 1.15035e+11
      Equation: "HoleContinuityEquation"	RelError: 1.15501e-09	AbsError: 1.15969e-09
      Equation: "PotentialEquation"	RelError: 5.01705e-11	AbsError: 2.99001e-11
    Region: "oxide"	RelError: 9.67247e-05	AbsError: 1.46863e-07
      Equation: "PotentialEquation"	RelError: 9.67247e-05	AbsError: 1.46863e-07
Iteration: 71
  Device: "mos2d"	RelError: 9.61843e-03	AbsError: 5.18864e+13
    Region: "bulk"	RelError: 9.52675e-03	AbsError: 5.18864e+13
      Equation: "ElectronContinuityEquation"	RelError: 2.31020e-03	AbsError: 1.96018e+13
      Equation: "HoleContinuityEquation"	RelError: 2.30537e-03	AbsError: 3.22846e+13
      Equation: "PotentialEquation"	RelError: 4.91119e-03	AbsError: 5.97420e-05
    Region: "gate"	RelError: 2.23683e-09	AbsError: 1.09022e+11
      Equation: "ElectronContinuityEquation"	RelError: 1.09464e-09	AbsError: 1.09022e+11
      Equation: "HoleContinuityEquation"	RelError: 1.09464e-09	AbsError: 1.09908e-09
      Equation: "PotentialEquation"	RelError: 4.75480e-11	AbsError: 2.83372e-11
    Region: "oxide"	RelError: 9.16742e-05	AbsError: 1.39186e-07
      Equation: "PotentialEquation"	RelError: 9.16742e-05	AbsError: 1.39186e-07
Iteration: 72
  Device: "mos2d"	RelError: 9.17205e-03	AbsError: 4.96232e+13
    Region: "bulk"	RelError: 9.08512e-03	AbsError: 4.96232e+13
      Equation: "ElectronContinuityEquation"	RelError: 2.21030e-03	AbsError: 1.87327e+13
      Equation: "HoleContinuityEquation"	RelError: 2.20588e-03	AbsError: 3.08905e+13
      Equation: "PotentialEquation"	RelError: 4.66894e-03	AbsError: 5.71612e-05
    Region: "gate"	RelError: 2.12082e-09	AbsError: 1.03368e+11
      Equation: "ElectronContinuityEquation"	RelError: 1.03787e-09	AbsError: 1.03368e+11
      Equation: "HoleContinuityEquation"	RelError: 1.03787e-09	AbsError: 1.04207e-09
      Equation: "PotentialEquation"	RelError: 4.50819e-11	AbsError: 2.68675e-11
    Region: "oxide"	RelError: 8.69241e-05	AbsError: 1.31967e-07
      Equation: "PotentialEquation"	RelError: 8.69241e-05	AbsError: 1.31967e-07
Iteration: 73
  Device: "mos2d"	RelError: 8.74925e-03	AbsError: 4.74664e+13
    Region: "bulk"	RelError: 8.66680e-03	AbsError: 4.74664e+13
      Equation: "ElectronContinuityEquation"	RelError: 2.11509e-03	AbsError: 1.79057e+13
      Equation: "HoleContinuityEquation"	RelError: 2.11103e-03	AbsError: 2.95607e+13
      Equation: "PotentialEquation"	RelError: 4.44067e-03	AbsError: 5.47012e-05
    Region: "gate"	RelError: 2.01166e-09	AbsError: 9.80475e+10
      Equation: "ElectronContinuityEquation"	RelError: 9.84449e-10	AbsError: 9.80475e+10
      Equation: "HoleContinuityEquation"	RelError: 9.84449e-10	AbsError: 9.88438e-10
      Equation: "PotentialEquation"	RelError: 4.27615e-11	AbsError: 2.54846e-11
    Region: "oxide"	RelError: 8.24540e-05	AbsError: 1.25174e-07
      Equation: "PotentialEquation"	RelError: 8.24540e-05	AbsError: 1.25174e-07
Iteration: 74
  Device: "mos2d"	RelError: 8.34855e-03	AbsError: 4.54104e+13
    Region: "bulk"	RelError: 8.27030e-03	AbsError: 4.54104e+13
      Equation: "ElectronContinuityEquation"	RelError: 2.02430e-03	AbsError: 1.71183e+13
      Equation: "HoleContinuityEquation"	RelError: 2.02059e-03	AbsError: 2.82921e+13
      Equation: "PotentialEquation"	RelError: 4.22541e-03	AbsError: 5.23554e-05
    Region: "gate"	RelError: 1.90889e-09	AbsError: 9.30386e+10
      Equation: "ElectronContinuityEquation"	RelError: 9.34156e-10	AbsError: 9.30386e+10
      Equation: "HoleContinuityEquation"	RelError: 9.34156e-10	AbsError: 9.37942e-10
      Equation: "PotentialEquation"	RelError: 4.05769e-11	AbsError: 2.41826e-11
    Region: "oxide"	RelError: 7.82452e-05	AbsError: 1.18779e-07
      Equation: "PotentialEquation"	RelError: 7.82452e-05	AbsError: 1.18779e-07
Iteration: 75
  Device: "mos2d"	RelError: 7.96856e-03	AbsError: 4.34499e+13
    Region: "bulk"	RelError: 7.89428e-03	AbsError: 4.34499e+13
      Equation: "ElectronContinuityEquation"	RelError: 1.93772e-03	AbsError: 1.63686e+13
      Equation: "HoleContinuityEquation"	RelError: 1.93431e-03	AbsError: 2.70813e+13
      Equation: "PotentialEquation"	RelError: 4.02225e-03	AbsError: 5.01179e-05
    Region: "gate"	RelError: 1.81208e-09	AbsError: 8.83202e+10
      Equation: "ElectronContinuityEquation"	RelError: 8.86782e-10	AbsError: 8.83202e+10
      Equation: "HoleContinuityEquation"	RelError: 8.86781e-10	AbsError: 8.90375e-10
      Equation: "PotentialEquation"	RelError: 3.85192e-11	AbsError: 2.29563e-11
    Region: "oxide"	RelError: 7.42802e-05	AbsError: 1.12754e-07
      Equation: "PotentialEquation"	RelError: 7.42802e-05	AbsError: 1.12754e-07
Iteration: 76
  Device: "mos2d"	RelError: 7.60800e-03	AbsError: 4.15799e+13
    Region: "bulk"	RelError: 7.53746e-03	AbsError: 4.15799e+13
      Equation: "ElectronContinuityEquation"	RelError: 1.85511e-03	AbsError: 1.56543e+13
      Equation: "HoleContinuityEquation"	RelError: 1.85198e-03	AbsError: 2.59256e+13
      Equation: "PotentialEquation"	RelError: 3.83037e-03	AbsError: 4.79830e-05
    Region: "gate"	RelError: 1.72084e-09	AbsError: 8.38733e+10
      Equation: "ElectronContinuityEquation"	RelError: 8.42132e-10	AbsError: 8.38733e+10
      Equation: "HoleContinuityEquation"	RelError: 8.42132e-10	AbsError: 8.45545e-10
      Equation: "PotentialEquation"	RelError: 3.65797e-11	AbsError: 2.18004e-11
    Region: "oxide"	RelError: 7.05429e-05	AbsError: 1.07077e-07
      Equation: "PotentialEquation"	RelError: 7.05429e-05	AbsError: 1.07077e-07
Iteration: 77
  Device: "mos2d"	RelError: 7.26570e-03	AbsError: 3.97957e+13
    Region: "bulk"	RelError: 7.19868e-03	AbsError: 3.97957e+13
      Equation: "ElectronContinuityEquation"	RelError: 1.77627e-03	AbsError: 1.49736e+13
      Equation: "HoleContinuityEquation"	RelError: 1.77340e-03	AbsError: 2.48221e+13
      Equation: "PotentialEquation"	RelError: 3.64901e-03	AbsError: 4.59455e-05
    Region: "gate"	RelError: 1.63481e-09	AbsError: 7.96799e+10
      Equation: "ElectronContinuityEquation"	RelError: 8.00028e-10	AbsError: 7.96799e+10
      Equation: "HoleContinuityEquation"	RelError: 8.00028e-10	AbsError: 8.03270e-10
      Equation: "PotentialEquation"	RelError: 3.47510e-11	AbsError: 2.07105e-11
    Region: "oxide"	RelError: 6.70184e-05	AbsError: 1.01723e-07
      Equation: "PotentialEquation"	RelError: 6.70184e-05	AbsError: 1.01723e-07
Iteration: 78
  Device: "mos2d"	RelError: 6.94057e-03	AbsError: 3.80930e+13
    Region: "bulk"	RelError: 6.87688e-03	AbsError: 3.80930e+13
      Equation: "ElectronContinuityEquation"	RelError: 1.70101e-03	AbsError: 1.43247e+13
      Equation: "HoleContinuityEquation"	RelError: 1.69838e-03	AbsError: 2.37683e+13
      Equation: "PotentialEquation"	RelError: 3.47748e-03	AbsError: 4.40004e-05
    Region: "gate"	RelError: 1.55363e-09	AbsError: 7.57236e+10
      Equation: "ElectronContinuityEquation"	RelError: 7.60305e-10	AbsError: 7.57236e+10
      Equation: "HoleContinuityEquation"	RelError: 7.60305e-10	AbsError: 7.63386e-10
      Equation: "PotentialEquation"	RelError: 3.30254e-11	AbsError: 1.96821e-11
    Region: "oxide"	RelError: 6.36929e-05	AbsError: 9.66719e-08
      Equation: "PotentialEquation"	RelError: 6.36929e-05	AbsError: 9.66719e-08
Iteration: 79
  Device: "mos2d"	RelError: 6.63159e-03	AbsError: 3.64676e+13
    Region: "bulk"	RelError: 6.57104e-03	AbsError: 3.64676e+13
      Equation: "ElectronContinuityEquation"	RelError: 1.62915e-03	AbsError: 1.37060e+13
      Equation: "HoleContinuityEquation"	RelError: 1.62674e-03	AbsError: 2.27617e+13
      Equation: "PotentialEquation"	RelError: 3.31514e-03	AbsError: 4.21429e-05
    Region: "gate"	RelError: 1.47701e-09	AbsError: 7.19890e+10
      Equation: "ElectronContinuityEquation"	RelError: 7.22808e-10	AbsError: 7.19890e+10
      Equation: "HoleContinuityEquation"	RelError: 7.22808e-10	AbsError: 7.25737e-10
      Equation: "PotentialEquation"	RelError: 3.13966e-11	AbsError: 1.87115e-11
    Region: "oxide"	RelError: 6.05535e-05	AbsError: 9.19039e-08
      Equation: "PotentialEquation"	RelError: 6.05535e-05	AbsError: 9.19039e-08
