$MeshFormat
2.2 0 8
$EndMeshFormat
$PhysicalNames
9
1 1 "gate_contact"
1 2 "gate_oxide_interface"
1 3 "bulk_oxide_interface"
1 4 "source_contact"
1 5 "drain_contact"
1 6 "body_contact"
2 7 "gate"
2 8 "oxide"
2 9 "bulk"
$EndPhysicalNames
$Nodes
1571
1 0 0 0
2 3.5e-05 0 0
3 6.500000000000001e-05 0 0
4 0.0001 0 0
5 0.0001 0.0001 0
6 0 0.0001 0
7 3.5e-05 -1.3e-05 0
8 6.500000000000001e-05 -1.3e-05 0
9 6.500000000000001e-05 -3e-06 0
10 3.5e-05 -3e-06 0
11 1.999999999996283e-06 0.0001 0
12 3.999999999992063e-06 0.0001 0
13 5.999999999987601e-06 0.0001 0
14 7.999999999984174e-06 0.0001 0
15 9.999999999981015e-06 0.0001 0
16 1.199999999997786e-05 0.0001 0
17 1.399999999997345e-05 0.0001 0
18 1.59999999999666e-05 0.0001 0
19 1.799999999996008e-05 0.0001 0
20 1.999999999995523e-05 0.0001 0
21 2.199999999994905e-05 0.0001 0
22 2.399999999994419e-05 0.0001 0
23 2.599999999993802e-05 0.0001 0
24 2.799999999993316e-05 0.0001 0
25 2.999999999992699e-05 0.0001 0
26 3.19999999999202e-05 0.0001 0
27 3.39999999999146e-05 0.0001 0
28 3.599999999991043e-05 0.0001 0
29 3.799999999990425e-05 0.0001 0
30 3.999999999989808e-05 0.0001 0
31 4.199999999989222e-05 0.0001 0
32 4.399999999988837e-05 0.0001 0
33 4.599999999988219e-05 0.0001 0
34 4.799999999987601e-05 0.0001 0
35 4.999999999987116e-05 0.0001 0
36 5.199999999987515e-05 0.0001 0
37 5.399999999988047e-05 0.0001 0
38 5.599999999988578e-05 0.0001 0
39 5.799999999989109e-05 0.0001 0
40 5.999999999989639e-05 0.0001 0
41 6.199999999990172e-05 0.0001 0
42 6.399999999990703e-05 0.0001 0
43 6.599999999991233e-05 0.0001 0
44 6.799999999991764e-05 0.0001 0
45 6.999999999992295e-05 0.0001 0
46 7.199999999992827e-05 0.0001 0
47 7.399999999993359e-05 0.0001 0
48 7.599999999993888e-05 0.0001 0
49 7.79999999999442e-05 0.0001 0
50 7.999999999994952e-05 0.0001 0
51 8.199999999995483e-05 0.0001 0
52 8.399999999996014e-05 0.0001 0
53 8.599999999996546e-05 0.0001 0
54 8.799999999997078e-05 0.0001 0
55 8.999999999997609e-05 0.0001 0
56 9.199999999998141e-05 0.0001 0
57 9.399999999998671e-05 0.0001 0
58 9.599999999999202e-05 0.0001 0
59 9.799999999999733e-05 0.0001 0
60 0.0001 9.538875054619507e-05 0
61 0.0001 9.174470661272213e-05 0
62 0.0001 8.670534238907664e-05 0
63 0.0001 7.97163889185028e-05 0
64 0.0001 7.050452584395634e-05 0
65 0.0001 6.096706429341728e-05 0
66 0.0001 5.142960274287978e-05 0
67 0.0001 4.18921411922984e-05 0
68 0.0001 3.237333818085552e-05 0
69 0.0001 2.447886907677924e-05 0
70 0.0001 1.87770639438893e-05 0
71 0.0001 1.466192303451093e-05 0
72 0.0001 1.169005265846699e-05 0
73 0.0001 9.537461550587274e-06 0
74 0.0001 7.629969240469288e-06 0
75 0.0001 5.722476930351288e-06 0
76 0.0001 3.814984620233302e-06 0
77 0.0001 1.90749231011533e-06 0
78 9.805555555555674e-05 0 0
79 9.611111111112199e-05 0 0
80 9.416666666668519e-05 0 0
81 9.222222222224692e-05 0 0
82 9.027777777780482e-05 0 0
83 8.833333333336949e-05 0 0
84 8.638888888892681e-05 0 0
85 8.444444444448324e-05 0 0
86 8.250000000005027e-05 0 0
87 8.055555555560142e-05 0 0
88 7.861111111114727e-05 0 0
89 7.666666666669842e-05 0 0
90 7.472222222224428e-05 0 0
91 7.277777777779543e-05 0 0
92 7.083333333334658e-05 0 0
93 6.888888888889773e-05 0 0
94 6.694444444444887e-05 0 0
95 6.421009769002222e-05 0 0
96 6.357594288477274e-05 0 0
97 6.347602215795935e-05 0 0
98 6.337610143114595e-05 0 0
99 6.327618070433256e-05 0 0
100 6.317625997751878e-05 0 0
101 6.242386707186984e-05 0 0
102 6.181939662733643e-05 0 0
103 6.171947590052303e-05 0 0
104 6.161955517370964e-05 0 0
105 6.090963148395079e-05 0 0
106 6.026120265061748e-05 0 0
107 6.016128192380409e-05 0 0
108 6.006136119699069e-05 0 0
109 5.995627902518413e-05 0 0
110 5.91697602147305e-05 0 0
111 5.870644348295583e-05 0 0
112 5.860652275614206e-05 0 0
113 5.85066020293281e-05 0 0
114 5.840534514925609e-05 0 0
115 5.764123129224114e-05 0 0
116 5.705132238885206e-05 0 0
117 5.695140166203866e-05 0 0
118 5.685145638227645e-05 0 0
119 5.609309976561014e-05 0 0
120 5.549282076623149e-05 0 0
121 5.53929000394181e-05 0 0
122 5.529297931260437e-05 0 0
123 5.456668452780794e-05 0 0
124 5.393705573912553e-05 0 0
125 5.383713501231213e-05 0 0
126 5.373721428549874e-05 0 0
127 5.303912559936615e-05 0 0
128 5.238208966596775e-05 0 0
129 5.228216893915359e-05 0 0
130 5.218224821234011e-05 0 0
131 5.208000774647639e-05 0 0
132 5.129772328790044e-05 0 0
133 5.082529133321627e-05 0 0
134 5.072537060640288e-05 0 0
135 5.062544987958905e-05 0 0
136 5.052519163685298e-05 0 0
137 4.976358176866494e-05 0 0
138 4.917470866682614e-05 0 0
139 4.907478794001218e-05 0 0
140 4.897486721319796e-05 0 0
141 4.825150146358989e-05 0 0
142 4.761791033407017e-05 0 0
143 4.751798960725665e-05 0 0
144 4.741806888044268e-05 0 0
145 4.671861335969718e-05 0 0
146 4.606294426090891e-05 0 0
147 4.596302353409439e-05 0 0
148 4.586310280728059e-05 0 0
149 4.576040008453268e-05 0 0
150 4.498585700705098e-05 0 0
151 4.450717923379796e-05 0 0
152 4.440725850698352e-05 0 0
153 4.430733778016904e-05 0 0
154 4.420695644107986e-05 0 0
155 4.343570802390311e-05 0 0
156 4.284875688435777e-05 0 0
157 4.274883615754324e-05 0 0
158 4.264891543072846e-05 0 0
159 4.190872618661237e-05 0 0
160 4.12935565170647e-05 0 0
161 4.119363579025074e-05 0 0
162 4.109371506343677e-05 0 0
163 4.037944586779674e-05 0 0
164 3.973879734939654e-05 0 0
165 3.963887662258229e-05 0 0
166 3.953895589576852e-05 0 0
167 3.943489036252748e-05 0 0
168 3.864187128271197e-05 0 0
169 3.818060337267322e-05 0 0
170 3.808068264585926e-05 0 0
171 3.798076191904492e-05 0 0
172 3.787955151704641e-05 0 0
173 3.71052338081157e-05 0 0
174 3.662389856885762e-05 0 0
175 3.652397784204367e-05 0 0
176 3.642405711522915e-05 0 0
177 3.63240966257541e-05 0 0
178 3.546687893939548e-05 0 0
179 3.305555555555931e-05 0 0
180 3.111111111111832e-05 0 0
181 2.916666666668057e-05 0 0
182 2.722222222224025e-05 0 0
183 2.527777777780183e-05 0 0
184 2.333333333336466e-05 0 0
185 2.138888888892309e-05 0 0
186 1.944444444448503e-05 0 0
187 1.750000000004499e-05 0 0
188 1.555555555559547e-05 0 0
189 1.36111111111453e-05 0 0
190 1.1666666666696e-05 0 0
191 9.722222222245901e-06 0 0
192 7.777777777797114e-06 0 0
193 5.833333333347012e-06 0 0
194 3.888888888897859e-06 0 0
195 1.944444444448787e-06 0 0
196 0 1.907492310110863e-06 0
197 0 3.814984620221331e-06 0
198 0 5.722476930331401e-06 0
199 0 7.629969240442415e-06 0
200 0 9.537461550553817e-06 0
201 0 1.169005265841554e-05 0
202 0 1.466192303443003e-05 0
203 0 1.877706394376371e-05 0
204 0 2.447886907660082e-05 0
205 0 3.237333818060181e-05 0
206 0 4.189214119199641e-05 0
207 0 5.14296027425495e-05 0
208 0 6.096706429314698e-05 0
209 0 7.050452584374447e-05 0
210 0 7.971638891835779e-05 0
211 0 8.670534238898806e-05 0
212 0 9.174470661267004e-05 0
213 0 9.53887505461669e-05 0
214 6.500000000000001e-05 -1.05381745359915e-05 0
215 6.500000000000001e-05 -8.627385224807151e-06 0
216 6.500000000000001e-05 -6.75159014987431e-06 0
217 6.500000000000001e-05 -4.875795074937814e-06 0
218 6.30000000000053e-05 -3e-06 0
219 6.100000000001324e-05 -3e-06 0
220 5.900000000002118e-05 -3e-06 0
221 5.700000000002383e-05 -3e-06 0
222 5.500000000003176e-05 -3e-06 0
223 5.300000000003705e-05 -3e-06 0
224 5.100000000004234e-05 -3e-06 0
225 4.90000000000403e-05 -3e-06 0
226 4.700000000003466e-05 -3e-06 0
227 4.50000000000269e-05 -3e-06 0
228 4.300000000002135e-05 -3e-06 0
229 4.100000000001615e-05 -3e-06 0
230 3.900000000001068e-05 -3e-06 0
231 3.700000000000539e-05 -3e-06 0
232 3.5e-05 -1.05381745359915e-05 0
233 3.5e-05 -8.627385224807151e-06 0
234 3.5e-05 -6.75159014987431e-06 0
235 3.5e-05 -4.875795074937814e-06 0
236 4.100574198590551e-05 -1.3e-05 0
237 4.700217929570863e-05 -1.3e-05 0
238 5.299782070422803e-05 -1.3e-05 0
239 5.899425801406476e-05 -1.3e-05 0
240 6.500000000000001e-05 -1.500000000004304e-06 0
241 3.5e-05 -1.49999999999625e-06 0
242 4.915949251781334e-05 1.998882262492384e-07 0
243 5.225250613314237e-05 2.144456109789886e-07 0
244 4.600067986108208e-05 2.350089878178291e-07 0
245 4.278121965778685e-05 2.057712994269915e-07 0
246 3.967177830598233e-05 2.372647402375069e-07 0
247 5.545616038723583e-05 2.222173749178144e-07 0
248 5.888420299677652e-05 3.73839378300258e-07 0
249 5.080018185222971e-05 1.837089394811052e-07 0
250 4.444541048508887e-05 1.850067346628255e-07 0
251 5.697528207939569e-05 2.241865118318216e-07 0
252 4.15646283961625e-05 5.627924297130586e-07 0
253 3.522549724566465e-05 5.868266260333214e-07 0
254 3.793015671804568e-05 2.109116455264511e-07 0
255 3.006896327771535e-05 1.618228559139556e-06 0
256 4.792705423802835e-05 4.167095342474417e-07 0
257 5.425187013346674e-05 4.089558944647417e-07 0
258 6.46085662684301e-05 6.177977228322441e-07 0
259 6.175473955806514e-05 2.099971153721953e-07 0
260 7.016533954856102e-05 1.484526256639237e-06 0
261 5.099999999987326e-05 9.829731650509962e-05 0
262 6.083318794448244e-05 9.812831427777796e-05 0
263 4.113958481599667e-05 9.835397558605763e-05 0
264 3.122924658423025e-05 9.792047381329979e-05 0
265 6.058541706728416e-05 4.211668816597138e-07 0
266 2.22993523085499e-05 1.781171290234196e-06 0
267 7.774916283288954e-05 1.74939316525485e-06 0
268 6.860174502877815e-05 9.783652550619991e-05 0
269 7.706493611388674e-05 9.792568688787333e-05 0
270 2.301646532514464e-05 9.803716514751048e-05 0
271 8.042509417959229e-06 4.683139808824029e-05 0
272 1.444152722832292e-05 1.796663058727046e-06 0
273 8.550571850356791e-05 1.820385872431396e-06 0
274 9.275178666334706e-05 5.537484868360287e-05 0
275 3.657393820545068e-05 1.474790801262821e-07 0
276 9.452188965691101e-05 2.796544120633763e-05 0
277 8.33075417475446e-05 9.831087568166165e-05 0
278 8.889341412486971e-05 9.809316870309187e-05 0
279 1.697908951697087e-05 9.800887147344464e-05 0
280 1.108137573015368e-05 9.861595237421945e-05 0
281 4.250862330050502e-06 2.162796651018227e-05 0
282 9.750437924217549e-05 1.289551878330915e-05 0
283 1.814584882060871e-06 1.060158045943937e-05 0
284 6.278087393439117e-05 4.235562800637417e-07 0
285 8.750000000021507e-06 1.683938285140169e-06 0
286 9.304807345049328e-05 7.468081276849562e-05 0
287 7.015159345116095e-06 7.511045738105113e-05 0
288 9.122552806846318e-05 1.758873696291026e-06 0
289 9.832098574780262e-05 6.728065835224102e-06 0
290 3.897850873504474e-05 4.197137404394865e-07 0
291 4.379105748594551e-05 4.183212490108943e-07 0
292 5.014438670275893e-05 4.198829063048138e-07 0
293 7.343799355770061e-05 1.475025153848588e-06 0
294 4.532739896790454e-05 3.942198849686403e-07 0
295 5.802328822074864e-05 4.208735510164456e-07 0
296 1.857998031305749e-05 1.629873037666023e-06 0
297 2.622948248787922e-05 1.690844559588633e-06 0
298 8.151879405312063e-05 1.545694774423726e-06 0
299 5.499999999988312e-05 9.826794919242653e-05 0
300 4.699999999987908e-05 9.826794919243648e-05 0
301 1.837514134698714e-06 6.420192699733926e-06 0
302 3.699999999990734e-05 9.826794919243648e-05 0
303 9.623997397225322e-05 8.922502450089936e-05 0
304 3.436479440307381e-06 8.899357730422217e-05 0
305 6.483432185534738e-05 9.786149851241531e-05 0
306 2.699999999993559e-05 9.826794919243648e-05 0
307 9.299999999998402e-05 9.826073534212692e-05 0
308 6.999999999985869e-06 9.819774789787632e-05 0
309 7.295730783150798e-05 9.84669817499382e-05 0
310 6.352598252136579e-05 1.80565486712008e-07 0
311 9.526486814857542e-05 1.689677810940544e-06 0
312 4.861111111122435e-06 1.683938285140451e-06 0
313 4.072063391140653e-05 4.340276239003005e-07 0
314 5.652005975614923e-05 4.488795440407538e-07 0
315 5.698760164712744e-05 7.843356864469466e-07 0
316 5.639072599328518e-05 1.06614194153318e-06 0
317 5.703175369701169e-05 1.463100805061377e-06 0
318 5.633956777398297e-05 1.861880973572382e-06 0
319 5.705076656296953e-05 2.2669354451001e-06 0
320 5.626911937189708e-05 2.741725730543806e-06 0
321 5.713446734635519e-05 3.286233014430201e-06 0
322 5.617452276721208e-05 3.866849745823057e-06 0
323 5.721319895580704e-05 4.483764272545905e-06 0
324 5.608266694951104e-05 5.169904744517987e-06 0
325 5.491075056083305e-05 4.211495297270155e-06 0
326 5.830770769853132e-05 3.611602113195468e-06 0
327 5.838039263140498e-05 5.153569694733276e-06 0
328 5.952251917336897e-05 4.31769575314616e-06 0
329 5.99944817137903e-05 6.000532148613382e-06 0
330 5.554839554009649e-05 2.270897156938862e-06 0
331 5.95046570158024e-05 3.012961321825889e-06 0
332 6.053734474822175e-05 3.54588825631916e-06 0
333 5.77482983399701e-05 1.842007338295671e-06 0
334 3.842412255009025e-05 3.07284714602145e-07 0
335 3.856215019243865e-05 8.263309277343184e-07 0
336 5.481052619916886e-05 5.796720297029767e-06 0
337 5.364547210758305e-05 4.963374850946385e-06 0
338 5.348836193589979e-05 6.548040019455176e-06 0
339 5.614683063210498e-05 6.625841452651886e-06 0
340 3.918203560360039e-05 9.785349332365979e-07 0
341 3.866250183568398e-05 1.575175847766324e-06 0
342 3.963739426687061e-05 1.613317145800752e-06 0
343 3.884994585866362e-05 2.581167269787845e-06 0
344 4.014013709947168e-05 2.761071882618895e-06 0
345 3.907200340072919e-05 3.80840832917327e-06 0
346 3.782404346982471e-05 2.146589147582133e-06 0
347 5.362965017332544e-05 3.583417841233042e-06 0
348 5.25122411969777e-05 4.18765552208167e-06 0
349 5.259844472366461e-05 2.967873488701667e-06 0
350 5.158892566161012e-05 3.422576088918526e-06 0
351 5.140747038828541e-05 4.677740646672978e-06 0
352 5.040123701543975e-05 3.70825884084425e-06 0
353 5.02024904684475e-05 5.150171782005439e-06 0
354 4.92487061394107e-05 4.331863213636127e-06 0
355 4.892336764851818e-05 5.708104039020553e-06 0
356 4.787742272159195e-05 4.648064205612257e-06 0
357 4.750669889380202e-05 6.342996777455973e-06 0
358 4.88035610694132e-05 7.400597053394607e-06 0
359 4.717692234806687e-05 8.113991681832631e-06 0
360 4.038152299278916e-05 4.176671024484845e-06 0
361 3.928420858809528e-05 5.203678798922414e-06 0
362 4.617834957098466e-05 5.192154870058519e-06 0
363 4.138177034531225e-05 3.276541600696016e-06 0
364 4.169063712649376e-05 4.529918014275784e-06 0
365 4.273426600909926e-05 3.377203239163538e-06 0
366 4.667624952383826e-05 3.774312908175031e-06 0
367 4.944734629969684e-05 3.238246607572903e-06 0
368 5.177599196219758e-05 2.332688844105807e-06 0
369 4.227882080867034e-05 4.266319529861144e-07 0
370 4.27677800062401e-05 7.935776962743167e-07 0
371 4.200518895325407e-05 1.010631603049206e-06 0
372 5.260668821471359e-05 1.926636093882791e-06 0
373 4.304902021588473e-05 4.883375737604552e-06 0
374 4.202756675809741e-05 6.052086079613302e-06 0
375 4.867328349126379e-05 4.149654927581315e-07 0
376 4.827498841489161e-05 8.038020104403383e-07 0
377 5.492983192020607e-05 4.298846965439601e-07 0
378 6.125907447396217e-05 3.960149896476454e-07 0
379 6.099488847561233e-05 9.422252009155232e-07 0
380 6.03198066472061e-05 9.852821938788265e-07 0
381 6.177032317766291e-05 7.955129265964979e-07 0
382 6.14507892911306e-05 1.474163878009044e-06 0
383 6.220483763581621e-05 1.450329632555856e-06 0
384 4.359723713469077e-05 6.445366255039565e-06 0
385 4.243331939648883e-05 7.716886885187994e-06 0
386 4.251729613400793e-05 1.559585438870909e-06 0
387 4.323437789620963e-05 1.287805640693366e-06 0
388 6.188387311558613e-05 2.156643055196058e-06 0
389 6.281184544263706e-05 2.116306515308534e-06 0
390 6.237775446237035e-05 2.999323257884284e-06 0
391 6.356304145675723e-05 2.940126740208264e-06 0
392 6.300311702799415e-05 4.109727725239159e-06 0
393 6.447080872769062e-05 4.036282277991113e-06 0
394 6.374130102922844e-05 5.438699297019212e-06 0
395 5.457271953539698e-05 1.006766780317832e-06 0
396 6.503694711526484e-05 2.531454202827651e-06 0
397 6.610197214060617e-05 3.814462088392178e-06 0
398 5.93348975297001e-05 4.721389323555191e-07 0
399 5.90286666393399e-05 8.346983322511062e-07 0
400 4.398514692076565e-05 3.821380317633509e-06 0
401 5.185340456370518e-05 1.386772592160068e-06 0
402 5.106041620361958e-05 1.751345388284983e-06 0
403 5.175979750678852e-05 3.864476435006733e-07 0
404 5.389666880070998e-05 8.981504779042172e-07 0
405 5.411117590094824e-05 1.698227045035463e-06 0
406 9.834806320191552e-05 2.861238465174316e-06 0
407 1.701021238710771e-06 3.067522028097765e-06 0
408 3.577863402048311e-05 4.720865865822252e-07 0
409 3.564134388248354e-05 1.036150489066854e-06 0
410 3.492075220939744e-05 1.236473813391445e-06 0
411 3.55158159947035e-05 1.77597854281266e-06 0
412 3.455529794813638e-05 2.145961230488343e-06 0
413 3.56229044752198e-05 2.836066577288346e-06 0
414 3.412692381277571e-05 3.345594895983259e-06 0
415 3.522226225849912e-05 4.375468305408634e-06 0
416 3.356951776423118e-05 4.901248865552101e-06 0
417 3.488744392184083e-05 6.139531314052389e-06 0
418 3.305154833957777e-05 6.725465043811854e-06 0
419 3.451573469426341e-05 8.079578131211551e-06 0
420 3.258704518903934e-05 8.653539631650247e-06 0
421 3.404803132789903e-05 1.00397771018419e-05 0
422 3.113881975321165e-05 7.273425555697955e-06 0
423 3.076117196580133e-05 8.827821955589199e-06 0
424 2.923793360710444e-05 7.779725125275847e-06 0
425 2.899771086197244e-05 9.688713080267488e-06 0
426 2.730112588152069e-05 8.363088636289612e-06 0
427 2.651652588258352e-05 1.057809068806552e-05 0
428 2.870126869347772e-05 1.211180820755332e-05 0
429 2.566256718296918e-05 1.319161362507763e-05 0
430 2.794613704386322e-05 1.502458823725579e-05 0
431 2.483351585855375e-05 1.609408231731398e-05 0
432 2.740736770080347e-05 1.850078522892604e-05 0
433 2.235537245297071e-05 1.38344829802794e-05 0
434 2.388679778829887e-05 1.98111927998434e-05 0
435 2.679012369746382e-05 2.250441122647992e-05 0
436 3.1022454495986e-05 2.041725736396743e-05 0
437 3.009466712058729e-05 2.511342639399027e-05 0
438 3.412577762890746e-05 2.366340110566311e-05 0
439 3.337879061938924e-05 2.785366505449985e-05 0
440 3.724043667383308e-05 2.642438225028502e-05 0
441 3.66093778321612e-05 3.042824450888518e-05 0
442 4.039790594396077e-05 2.904385988589735e-05 0
443 3.975932713205574e-05 3.293688548579095e-05 0
444 4.35346106771835e-05 3.150033815216074e-05 0
445 4.29088237070956e-05 3.542483706322674e-05 0
446 4.671158839879628e-05 3.388673342023623e-05 0
447 4.607713157873834e-05 3.793759831600182e-05 0
448 4.98405710930833e-05 3.643106677406732e-05 0
449 4.930918207527425e-05 4.055832206445462e-05 0
450 4.545766372402463e-05 4.197985014282665e-05 0
451 4.863555749575892e-05 4.468996922397156e-05 0
452 4.469327662142679e-05 4.611185014370906e-05 0
453 4.790736470468806e-05 4.883406765555032e-05 0
454 5.052784020938227e-05 3.233860778347786e-05 0
455 4.869511445709409e-05 9.310144618433913e-06 0
456 4.396062246015982e-05 5.025954321278674e-05 0
457 4.720965428173926e-05 5.297354294028681e-05 0
458 5.376441851446948e-05 3.493584969279136e-05 0
459 5.447711354754321e-05 3.072466441738182e-05 0
460 4.291849221106727e-05 5.439908117830229e-05 0
461 4.637302622333766e-05 5.708729790421049e-05 0
462 4.22781374248274e-05 5.852740419730851e-05 0
463 4.559630434052876e-05 6.117195399598402e-05 0
464 4.182003670205533e-05 6.258849217764429e-05 0
465 4.488715970508719e-05 6.515384080253603e-05 0
466 4.12310382343994e-05 6.654360094268268e-05 0
467 4.427382432209802e-05 6.903572485508284e-05 0
468 4.069174393216045e-05 7.035706776613777e-05 0
469 4.787449547127239e-05 6.764829229016249e-05 0
470 4.725812365418057e-05 7.148309506822608e-05 0
471 5.082241997061156e-05 7.013993705039034e-05 0
472 5.018304030358769e-05 5.553178928727142e-05 0
473 5.021037136063511e-05 7.396143442156073e-05 0
474 5.38349413324603e-05 7.261343441176581e-05 0
475 3.608395321262296e-05 3.439930230112273e-05 0
476 5.763770852686057e-05 3.343659897591561e-05 0
477 5.845319776071606e-05 2.913845955519569e-05 0
478 4.019951489615035e-05 5.162328477426473e-05 0
479 5.324649035782931e-05 7.646303492519273e-05 0
480 4.969149480886299e-05 7.769521860656894e-05 0
481 5.693059390528634e-05 7.51092912897655e-05 0
482 5.770097230528267e-05 7.098054116115159e-05 0
483 3.807397366950306e-05 6.421252860902615e-05 0
484 6.174902565110676e-05 3.196087941085622e-05 0
485 6.226732437168632e-05 2.765801323907962e-05 0
486 6.11056252080882e-05 3.642507192456104e-05 0
487 5.248123769042525e-05 8.009778912336626e-05 0
488 4.916778578217354e-05 8.1252891760007e-05 0
489 6.118862637747448e-05 7.391001072012776e-05 0
490 6.1912977193149e-05 6.91859708173536e-05 0
491 5.917872710551751e-05 2.502927714835741e-05 0
492 6.276524389324338e-05 2.356751086361271e-05 0
493 2.283490486144914e-05 2.399035400641781e-05 0
494 6.540526911273298e-05 3.478971728793703e-05 0
495 6.461751892983155e-05 3.976915663871337e-05 0
496 4.117635296312112e-05 2.530802814720907e-05 0
497 5.168045298533361e-05 8.349137091463759e-05 0
498 4.857665810988205e-05 8.454105565669254e-05 0
499 4.608099288723749e-05 8.245972940564255e-05 0
500 6.947225732635429e-05 3.76775799006337e-05 0
501 6.852424261460966e-05 4.313218568762531e-05 0
502 5.992071583057306e-05 2.129189432852766e-05 0
503 6.318868229973324e-05 1.991272229561833e-05 0
504 6.61731576112636e-05 2.209464548201471e-05 0
505 6.653193808809065e-05 1.831742457324387e-05 0
506 6.957082656293703e-05 2.052245759126875e-05 0
507 6.983752365814619e-05 1.629624860928481e-05 0
508 4.689638350825499e-05 9.977762339521031e-06 0
509 4.851397204145372e-05 1.138873055345738e-05 0
510 4.603261212682249e-05 1.201600768297505e-05 0
511 4.82263494734442e-05 1.366912743244544e-05 0
512 4.556619832944454e-05 8.561067154325842e-05 0
513 4.313895889786182e-05 8.365373445958383e-05 0
514 5.046665350872397e-05 1.274046714243757e-05 0
515 7.301838411029661e-05 1.892802316106619e-05 0
516 6.55614000201621e-05 7.227671996035674e-05 0
517 6.475436196939848e-05 7.70409779677229e-05 0
518 6.642772004673814e-05 6.7348576336236e-05 0
519 7.343444596043402e-05 1.5168393127695e-05 0
520 4.265655006236232e-05 8.667120454824859e-05 0
521 4.028902859942132e-05 8.476238798942821e-05 0
522 2.938326611914925e-05 2.948399382846781e-05 0
523 7.653713342722645e-05 1.745095530942164e-05 0
524 7.618981374107243e-05 2.144522957519542e-05 0
525 5.027293424896614e-05 1.516947699147347e-05 0
526 5.108338440239114e-05 8.665511826339523e-05 0
527 5.399958815945495e-05 8.567055321784679e-05 0
528 6.076949949930803e-05 1.789138312529772e-05 0
529 3.982048657671396e-05 8.773017884840581e-05 0
530 3.743851755970969e-05 8.584276936998227e-05 0
531 3.796678270001743e-05 8.275478111635687e-05 0
532 3.488899002329456e-05 8.394352626122304e-05 0
533 3.549834503929341e-05 8.05227618166348e-05 0
534 3.212644492053355e-05 8.186597546474097e-05 0
535 3.262380549070487e-05 7.819675228751033e-05 0
536 3.184098812459532e-05 8.521324010295911e-05 0
537 2.873616710999123e-05 8.327061985694922e-05 0
538 7.702482232545765e-05 1.380338296462923e-05 0
539 7.997925128432285e-05 1.588666672982297e-05 0
540 6.92367866272322e-05 7.543502244209136e-05 0
541 6.828285487955044e-05 8.019451664263485e-05 0
542 5.16417929369697e-05 4.749310283603888e-05 0
543 3.702297606834724e-05 8.879926844256424e-05 0
544 4.595755102043372e-05 1.463159807493568e-05 0
545 7.372066853029833e-05 4.108926600303605e-05 0
546 7.284419932711759e-05 4.6517011415372e-05 0
547 6.753204069098157e-05 4.857259301675679e-05 0
548 2.872375417235537e-05 8.728420258915579e-05 0
549 2.514699738201432e-05 8.473307518335499e-05 0
550 8.037837014487701e-05 1.148875157489685e-05 0
551 8.321331011242523e-05 1.415209780474257e-05 0
552 4.495982960810406e-05 8.882293017444915e-05 0
553 2.51356960999353e-05 8.088994506781316e-05 0
554 7.27924906789707e-05 7.868769347301159e-05 0
555 7.480402767422969e-05 7.33383432405876e-05 0
556 7.18794350029971e-05 8.377043110507727e-05 0
557 6.75281987054091e-05 8.416932368229966e-05 0
558 7.38947240085438e-05 1.156003325545478e-05 0
559 5.344521300022274e-05 8.871772020711623e-05 0
560 5.627254417306891e-05 8.777605930686036e-05 0
561 3.614054179432084e-05 9.429226199788847e-06 0
562 3.554547868664756e-05 1.165048250293894e-05 0
563 5.114525589050283e-05 2.832225198852053e-05 0
564 8.40058429729106e-05 1.052190471227091e-05 0
565 8.630000522726491e-05 1.269743178094132e-05 0
566 6.623845403137833e-05 1.498422197572847e-05 0
567 6.245303454953299e-05 6.441329204973653e-05 0
568 8.652867800855777e-05 1.030041434317171e-05 0
569 7.631186863530801e-05 8.190908003732633e-05 0
570 7.186013552188864e-05 5.211425870290956e-05 0
571 4.37675343659681e-05 1.316776650789839e-05 0
572 4.365454539174507e-05 1.561262851911522e-05 0
573 4.570188984709029e-05 1.731528439029975e-05 0
574 7.572474589481437e-05 8.643150157776726e-05 0
575 7.972382990580004e-05 8.492827001265463e-05 0
576 1.960989894512266e-05 2.022110328312753e-05 0
577 1.845500287511858e-05 2.554539665329833e-05 0
578 8.386626073168394e-05 1.824326298127662e-05 0
579 4.36646335926261e-05 8.04933380828299e-05 0
580 5.258369582848151e-05 1.411368306510604e-05 0
581 5.242388914892552e-05 1.679507717996487e-05 0
582 2.4596240867317e-05 8.8603471166608e-05 0
583 2.138762081662441e-05 8.624344411281463e-05 0
584 8.416613024615289e-05 7.924370507077683e-06 0
585 8.632542265235614e-05 7.270138457799037e-06 0
586 3.929669295007809e-05 9.061518627674717e-05 0
587 7.455527915220606e-05 3.547569914477589e-05 0
588 8.921117610655602e-05 1.075655760659806e-05 0
589 8.891033691357771e-05 1.45411186252117e-05 0
590 5.564543681329803e-05 9.069924172754767e-05 0
591 5.849361339409109e-05 8.980643851507115e-05 0
592 2.51300012965057e-05 8.899774887607341e-06 0
593 4.153263736998254e-05 4.337403225239613e-05 0
594 7.912405127855089e-05 3.914244825254906e-05 0
595 3.659981690002123e-05 9.165247215955631e-05 0
596 7.958779949239187e-05 3.327328304552259e-05 0
597 5.699381932751993e-05 8.469349926524942e-05 0
598 5.145036318234941e-05 6.634652034386059e-05 0
599 5.294214115973186e-05 9.160223047431113e-05 0
600 7.885961277931084e-05 8.909854487661233e-05 0
601 8.284106927599095e-05 8.784066298242321e-05 0
602 2.095975235236885e-05 9.037140271408782e-05 0
603 1.76047570527359e-05 8.84650263350669e-05 0
604 2.582520384296485e-05 6.961450544279027e-06 0
605 2.384724350299085e-05 7.345865494073571e-06 0
606 6.909143438287549e-05 2.384544448437609e-05 0
607 1.835965341771015e-05 8.369064031863243e-05 0
608 7.481620273971201e-05 9.089356787132852e-05 0
609 2.752018983026663e-05 9.092282420616928e-05 0
610 3.784968664152884e-05 1.093249185123064e-05 0
611 3.718186009387811e-05 1.347274655243215e-05 0
612 1.386075484569264e-05 8.529745178485969e-05 0
613 1.344586447612944e-05 8.979344513716209e-05 0
614 5.772355830082132e-05 9.265886762254864e-05 0
615 6.060283853712518e-05 9.183642144175443e-05 0
616 5.256240754938236e-05 1.138495877301649e-05 0
617 5.480047036505236e-05 1.295221972339227e-05 0
618 5.609078890066596e-05 2.277258667774496e-05 0
619 8.532546428844931e-05 3.616273187511854e-05 0
620 8.019110125485321e-05 7.988035156255636e-05 0
621 6.012056544931746e-05 4.136254383781335e-05 0
622 3.446150627018208e-05 1.40011000144196e-05 0
623 3.633354765159562e-05 1.632194377244006e-05 0
624 2.45057838154277e-05 5.453419947451567e-06 0
625 2.255921107127515e-05 5.928829357487122e-06 0
626 2.188257551076361e-05 7.734638047991507e-06 0
627 2.059788912631759e-05 6.322349212993736e-06 0
628 1.992111748069338e-05 8.115234681244143e-06 0
629 1.861546759649987e-05 6.601802437545605e-06 0
630 1.795398750888674e-05 8.474530433671103e-06 0
631 1.66473883711496e-05 6.957548048035803e-06 0
632 1.598829747297353e-05 8.842990328579101e-06 0
633 1.468193862975188e-05 7.327535140881118e-06 0
634 1.402328548973936e-05 9.21535180804916e-06 0
635 1.271703957807429e-05 7.700546559376023e-06 0
636 1.205851548729103e-05 9.589063115477691e-06 0
637 1.075225333429381e-05 8.074181542486259e-06 0
638 1.001831378852763e-05 1.002725850416743e-05 0
639 1.152275259004923e-05 1.174381658003854e-05 0
640 8.670094706842292e-06 1.213433111911372e-05 0
641 8.774313402992466e-06 8.458290024564139e-06 0
642 1.092992434894734e-05 1.434164624473771e-05 0
643 1.141088999834718e-05 6.18578971212626e-06 0
644 1.520927790434841e-05 1.1031427888051e-05 0
645 1.49689157369442e-05 2.21032100498764e-05 0
646 1.33018623265793e-05 2.698462675549413e-05 0
647 1.741964329016466e-05 3.096405942432848e-05 0
648 4.317817328098011e-05 1.840903792965298e-05 0
649 4.511694154035642e-05 2.04733609749546e-05 0
650 2.966673675146875e-05 6.014076069983593e-06 0
651 6.165175243084465e-05 8.889880084896325e-05 0
652 6.362264277057581e-05 9.103724759449789e-05 0
653 7.796357930878576e-05 5.046378833339017e-05 0
654 7.585993445792402e-05 5.629194766169195e-05 0
655 6.673529083371595e-05 5.371252771800728e-05 0
656 6.247952097608093e-05 5.042019724118004e-05 0
657 3.880293853763736e-05 9.335900404501047e-05 0
658 4.134067336652024e-05 9.24542628394499e-05 0
659 3.623488578351468e-05 7.688155349146884e-05 0
660 3.335994983214192e-05 7.444819934273254e-05 0
661 8.196722960723837e-05 9.227338788460668e-05 0
662 8.563889120221692e-05 9.060503574190258e-05 0
663 8.670657421392547e-05 8.670156316512882e-05 0
664 5.025653779338528e-05 8.483939926265971e-06 0
665 2.646096637073794e-05 5.07863342418564e-06 0
666 6.209471549798267e-05 5.518473708831593e-05 0
667 5.495761903940465e-05 1.059216463301996e-05 0
668 5.695940556172818e-05 1.200542559736524e-05 0
669 1.534044518966569e-05 5.438909922973129e-06 0
670 1.167714229639203e-05 3.264399429358829e-05 0
671 1.610718941355932e-05 3.69644730244258e-05 0
672 9.177967194153075e-05 1.300809967598407e-05 0
673 9.191832908165847e-05 1.061981079668528e-05 0
674 9.164662179564967e-05 1.646522963760342e-05 0
675 3.388110512728943e-05 9.008763832707858e-05 0
676 3.400315420142529e-05 9.293254119694216e-05 0
677 6.249040178906691e-05 9.415805045180377e-05 0
678 6.568016528559732e-05 9.308665639790343e-05 0
679 2.262744359980818e-05 3.477371954616708e-05 0
680 2.085876959430956e-05 4.096502081443209e-05 0
681 2.670799527886015e-05 3.935847097361387e-05 0
682 2.533580150390395e-05 4.488280583119993e-05 0
683 3.072074217410089e-05 4.317514127355056e-05 0
684 2.961981349336664e-05 4.86351534480724e-05 0
685 2.43438902615074e-05 5.042997194970118e-05 0
686 2.862290883489855e-05 5.423263539684478e-05 0
687 2.33127167226696e-05 5.614772096902342e-05 0
688 2.758461126134609e-05 5.998700309715105e-05 0
689 2.217032089180967e-05 6.18757086129658e-05 0
690 1.805911891406324e-05 5.757481530226903e-05 0
691 2.65061647457311e-05 6.573005199578003e-05 0
692 2.113950216450437e-05 6.760011017739705e-05 0
693 8.060610488915263e-06 1.509998122711406e-05 0
694 2.614215680009519e-05 7.147121249548623e-05 0
695 2.056325659823089e-05 7.310582942625406e-05 0
696 3.618338912605418e-05 8.679028659641824e-07 0
697 5.865600846994297e-06 1.280989550757527e-05 0
698 5.691751287707847e-05 1.434965524950278e-05 0
699 5.913818986650681e-05 1.325053937997884e-05 0
700 5.901217545456643e-05 1.059886559569377e-05 0
701 6.136645289954193e-05 1.200132056684451e-05 0
702 6.150631561070512e-05 9.552617983432681e-06 0
703 6.351281153995314e-05 1.068887590148115e-05 0
704 3.295113106706863e-05 5.783271743043061e-05 0
705 6.753003955925141e-05 6.210755349274535e-05 0
706 7.047688611501819e-05 6.606226448616601e-05 0
707 3.829865827291461e-05 8.468597375676306e-06 0
708 6.652141717378541e-05 9.022978960950311e-05 0
709 6.863516390036548e-05 9.238515446900863e-05 0
710 6.955145015423378e-05 8.935254169177272e-05 0
711 5.791077538744373e-05 5.226199453284192e-05 0
712 3.246675191306071e-05 3.501018848364005e-06 0
713 3.059131220492608e-06 1.680100086635989e-05 0
714 4.994494401680556e-05 1.794447670077554e-05 0
715 3.978664099654766e-05 1.009454391451399e-05 0
716 7.527968102657066e-05 3.033052964216675e-05 0
717 8.038895104018026e-05 2.755187581332307e-05 0
718 9.749999999999528e-05 9.828705081546272e-05 0
719 2.433390547779189e-06 9.826522597343058e-05 0
720 9.512204080178802e-05 2.224272312244952e-05 0
721 9.007860434370714e-05 2.447202416000295e-05 0
722 3.786840841986123e-05 1.153920503515064e-06 0
723 1.614221221164625e-05 1.788191870951696e-05 0
724 1.562251821860461e-05 6.952931193833903e-05 0
725 5.689364128882022e-05 5.701931327065651e-05 0
726 4.160200427348119e-05 1.41609719479411e-05 0
727 8.517730011800654e-05 9.40779461951006e-05 0
728 8.799348712599671e-05 9.334434056539819e-05 0
729 8.370469965776259e-05 4.203507566916118e-05 0
730 5.217484045552656e-05 1.964543893580712e-05 0
731 4.416970883568472e-05 8.225018833102319e-06 0
732 3.787509865532124e-05 4.63115223209509e-06 0
733 4.29999980514725e-05 9.60321177446509e-06 0
734 1.951590794994978e-05 4.680161989118408e-06 0
735 5.470407034940956e-05 1.809968289613309e-05 0
736 4.172451657480258e-05 1.709725913912277e-06 0
737 5.122533848302548e-05 5.874253953448991e-06 0
738 5.525896245204134e-05 8.923486771175463e-07 0
739 5.374976140254205e-05 2.375187207860852e-07 0
740 6.387021729135284e-05 1.808106422155611e-06 0
741 3.410640944757907e-05 4.680674128913813e-05 0
742 1.014120024490131e-05 1.780938107275567e-05 0
743 9.91118939255525e-06 8.736016762035139e-05 0
744 1.003098162458176e-05 9.166161176785139e-05 0
745 1.293649771553045e-05 9.385506859816148e-05 0
746 3.713163770182414e-05 1.637330923390511e-06 0
747 8.830760905452459e-05 1.810134468615755e-05 0
748 1.432616833636718e-05 8.044888132925124e-05 0
749 1.920018723458364e-05 9.932823265208605e-06 0
750 5.322052741526974e-05 9.254125355234368e-06 0
751 4.939745368529738e-05 2.095265878286987e-05 0
752 5.226230961146562e-05 2.237506217417932e-05 0
753 4.98875433930743e-05 2.434406772701489e-05 0
754 6.543958418751722e-05 7.067725254666415e-07 0
755 6.664816953626798e-05 2.169263089888523e-06 0
756 6.778386217960612e-05 3.510026016623887e-06 0
757 6.719868690673804e-05 5.253173365168263e-06 0
758 6.904277634281178e-05 5.01814548965529e-06 0
759 6.835634158357338e-05 6.814750899249613e-06 0
760 7.032552929448732e-05 6.532958338970714e-06 0
761 6.945610372100547e-05 8.519206335285184e-06 0
762 7.100242095808722e-05 4.711276406969426e-06 0
763 7.22987366817002e-05 6.233484050436458e-06 0
764 6.64988902694912e-05 6.961552644503949e-06 0
765 7.304108890849204e-05 4.475997775220004e-06 0
766 7.428674603541149e-05 5.939077742439883e-06 0
767 7.502043698863232e-05 4.098374555172194e-06 0
768 7.626683959520276e-05 5.621415538993816e-06 0
769 7.554173639093465e-05 7.481462909105846e-06 0
770 7.751931291571923e-05 7.171355097680389e-06 0
771 7.824256966412468e-05 5.305979240321346e-06 0
772 7.94342073848209e-05 6.839097852647814e-06 0
773 8.017594760204438e-05 5.020198476614035e-06 0
774 8.137921080559689e-05 6.449478012647606e-06 0
775 8.199837304264153e-05 4.776139765950707e-06 0
776 4.780047978267561e-05 3.280585111046666e-06 0
777 4.708186809332173e-05 2.48760166077036e-06 0
778 4.796463367097865e-05 2.461176977477773e-06 0
779 4.704388779356021e-05 1.585983248033406e-06 0
780 4.628644660387622e-05 1.908082819994988e-06 0
781 4.705189557637393e-05 3.883399702140241e-07 0
782 4.113996316605577e-05 3.196320521960312e-07 0
783 4.097861133330164e-05 8.392030081767318e-07 0
784 4.034858087730249e-05 9.220712105247114e-07 0
785 4.076589118704496e-05 1.631585297891873e-06 0
786 9.30455084574289e-05 8.143211449200449e-05 0
787 1.606973297214978e-05 9.219855708470935e-05 0
788 1.991323408995157e-05 9.396929616267276e-05 0
789 7.779506647879024e-05 9.332992123053045e-05 0
790 7.471934847355055e-05 9.396904383622851e-05 0
791 8.024295434208937e-05 9.504628327965768e-05 0
792 7.139951947786374e-06 5.58233895660068e-05 0
793 6.035847863369058e-05 2.35605579996166e-06 0
794 5.948766607373966e-05 1.908708189358999e-06 0
795 4.084353826927007e-05 9.500579616475906e-05 0
796 4.330152794292969e-05 9.42571180421285e-05 0
797 6.350673267838793e-05 8.347474150780997e-06 0
798 7.073801103931802e-05 1.296908801141774e-05 0
799 6.802449269891067e-05 1.0998380367451e-05 0
800 2.43989061250722e-05 9.226056456178259e-05 0
801 2.687269115715392e-05 9.419866976121217e-05 0
802 2.972947755290087e-05 9.309400345311341e-05 0
803 4.747903583844263e-05 3.790542214741176e-07 0
804 4.77118350679928e-05 8.504428399363326e-07 0
805 5.855370686390514e-05 4.707485061628373e-05 0
806 3.720757056697021e-05 9.246869753395788e-07 0
807 6.162113810327111e-05 7.401211493529091e-06 0
808 3.495821168443258e-05 4.189081729700032e-05 0
809 5.26498921525811e-05 1.064957771887493e-06 0
810 6.355622207770474e-05 1.352595882293972e-05 0
811 5.967658479798459e-05 8.21925766280199e-06 0
812 5.800881683808231e-05 8.801928886916752e-06 0
813 3.326372145302391e-05 1.680786689765934e-05 0
814 4.380191943468643e-05 2.602069015948974e-06 0
815 4.479580608741204e-05 2.900132562124666e-06 0
816 4.450603676847051e-05 1.933573929699318e-06 0
817 9.29332211800663e-05 3.487509192248506e-05 0
818 7.362128027278261e-06 2.918020190575871e-05 0
819 5.086885388383666e-05 2.67059227552689e-06 0
820 5.0279808628862e-05 2.014185101496738e-06 0
821 5.043984599808019e-05 1.232042603573703e-06 0
822 4.975588432432087e-05 1.475953455565729e-06 0
823 5.113627138700436e-05 1.073674814912244e-06 0
824 4.651179151909515e-05 1.129981361977968e-06 0
825 4.578030071715322e-05 1.362011704575504e-06 0
826 9.429682513031703e-05 1.132409724751549e-05 0
827 9.463909456200643e-05 8.843821949193848e-06 0
828 9.283064066915297e-05 7.625294295590377e-06 0
829 9.665643234724078e-05 1.004537317440279e-05 0
830 4.094063855826805e-05 7.177555831664298e-06 0
831 4.807488397415883e-05 1.324647258105662e-06 0
832 4.8585565634644e-05 1.298669206284142e-06 0
833 6.399746743051875e-05 5.806488579656786e-07 0
834 6.347642008944305e-05 6.764059774596182e-07 0
835 6.420873668125393e-05 8.152378865066406e-05 0
836 3.950252854548523e-06 8.40384214471248e-05 0
837 6.776629869120941e-05 9.527711628207937e-05 0
838 7.054572616797214e-05 9.425140451453683e-05 0
839 9.631804064462513e-05 9.30721694048615e-05 0
840 9.273448106702437e-05 9.125164894425342e-05 0
841 3.223702246057315e-05 3.760375767587321e-05 0
842 3.687057948717017e-05 2.611884273484424e-06 0
843 6.029063201088148e-05 7.885907212872672e-05 0
844 3.821870257490068e-06 9.317490752014452e-05 0
845 9.178512465294545e-05 6.486341593916418e-05 0
846 8.572684509196619e-05 7.163637436499064e-05 0
847 8.43045795540894e-05 6.498105362485507e-05 0
848 7.972939148520787e-05 6.918885771803169e-05 0
849 6.010804967211038e-05 5.315300261434631e-07 0
850 8.940098633031638e-05 8.467157345748329e-06 0
851 5.329784323175498e-05 6.452315528991711e-07 0
852 3.059859065294509e-05 6.848664658302972e-05 0
853 3.113052549040274e-05 6.337251757057223e-05 0
854 3.07154407311264e-05 9.019187068092999e-05 0
855 2.304948695329638e-05 3.811710455443363e-06 0
856 8.13739596509301e-05 5.490416173222012e-05 0
857 7.69570959584317e-05 8.764837877129396e-06 0
858 2.932194599911895e-05 7.573877690752727e-05 0
859 5.499254251754578e-05 9.341971999430445e-05 0
860 5.242305652038851e-05 9.417023051031659e-05 0
861 5.043849211217568e-05 9.252041618099515e-05 0
862 5.008684984017269e-05 9.488605408790688e-05 0
863 4.810047314175057e-05 9.334336640791008e-05 0
864 4.842579088514691e-05 9.095953208082346e-05 0
865 5.689251933541516e-05 9.51148239795675e-05 0
866 4.60720959310763e-05 9.176492785477517e-05 0
867 5.950312374963102e-05 9.455354597848203e-05 0
868 8.854755828742496e-05 3.009570018721304e-05 0
869 8.17695906611096e-06 6.458093875850279e-05 0
870 3.749239266258102e-05 2.044199875008916e-07 0
871 5.538138465693164e-05 2.671677468604154e-05 0
872 3.521987572234481e-05 1.97397764057933e-05 0
873 3.850260874926578e-05 1.840064899776307e-05 0
874 9.734235305784152e-05 1.580563639619467e-05 0
875 4.592074517875002e-05 2.842583265725706e-06 0
876 9.720960543152941e-06 9.504654571024302e-05 0
877 3.761057459629648e-05 7.266450313431901e-05 0
878 3.990994329708784e-05 7.631598009319371e-05 0
879 3.321150940925487e-05 5.221587409799548e-05 0
880 8.800849970029997e-05 7.861143063350735e-05 0
881 9.37363400492904e-05 4.778882839705538e-05 0
882 2.416747194686604e-05 9.553701423948676e-05 0
883 4.688872562259577e-05 7.538602152591428e-05 0
884 9.361482717396127e-05 9.453242437647218e-05 0
885 2.881543988882415e-05 9.618185821451773e-05 0
886 3.189426432945696e-05 9.494390696470809e-05 0
887 3.347179709546428e-05 9.697800976940563e-05 0
888 7.183241484740231e-05 2.837331193055222e-06 0
889 3.853618999863638e-05 2.20702406025233e-05 0
890 3.845629050988093e-05 9.597789771465446e-05 0
891 2.502359909564817e-06 1.325403034164859e-05 0
892 6.361496299584652e-05 8.559797140104974e-05 0
893 4.801454950515472e-05 8.803819931636902e-05 0
894 5.806200631487602e-05 6.908311942898844e-06 0
895 3.148343157450001e-05 1.389403078729782e-05 0
896 5.243836293651769e-05 4.366644293690641e-05 0
897 6.199188327234842e-05 5.51667360127676e-06 0
898 2.81762445469244e-05 1.630051912580078e-06 0
899 2.908496450933949e-05 3.154906549531261e-06 0
900 4.717843394646687e-05 3.006711845691656e-05 0
901 4.225256490729533e-05 2.170159904776435e-05 0
902 4.446668608855685e-05 2.402262455069674e-05 0
903 3.762517067277871e-05 5.783862676724383e-07 0
904 7.893939614464269e-05 3.448607327680029e-06 0
905 4.214107329370212e-05 8.962669495261348e-05 0
906 1.57121097828868e-05 9.559758169849853e-05 0
907 4.399229834790316e-05 7.27653532783073e-05 0
908 6.347735310229748e-05 4.516017776702988e-05 0
909 9.658154314644163e-05 8.011328566342826e-06 0
910 9.475888633332415e-05 6.756345249605851e-06 0
911 9.306577008678556e-05 5.685033875880062e-06 0
912 9.148086164910115e-05 6.534523625018999e-06 0
913 9.478345435094866e-05 4.766737844697494e-06 0
914 9.288682115928711e-05 3.699344054381819e-06 0
915 4.538314186806701e-05 2.056827316754691e-06 0
916 5.345587044428549e-05 2.409574440835635e-06 0
917 3.866903672595655e-05 7.950192580988161e-05 0
918 3.207393476467891e-05 1.696500682826126e-06 0
919 7.031078721667474e-05 3.278253133449058e-05 0
920 6.341253775404416e-05 1.658292098834194e-05 0
921 3.640643193724399e-05 7.302202755506306e-06 0
922 5.455741283559781e-05 2.741956418969568e-06 0
923 3.626157863470556e-05 9.428569701168843e-05 0
924 5.59396074753874e-05 7.912741377597966e-05 0
925 4.208448111955326e-05 2.399289501254516e-06 0
926 7.389779372107753e-06 9.382169740953862e-05 0
927 5.860143089623694e-05 2.244110633464852e-06 0
928 5.761513707244264e-05 1.035920892734235e-06 0
929 5.835945862832682e-05 1.214217757719767e-06 0
930 4.991996943153792e-05 5.980417470459962e-05 0
931 4.790755548831033e-05 9.589986162394791e-05 0
932 9.393486871063178e-06 3.929447040386396e-05 0
933 5.088851224773544e-05 5.15122385381595e-05 0
934 4.534031510000271e-05 3.937293477927977e-06 0
935 6.758519834029059e-05 8.436187086011998e-06 0
936 6.561813981679378e-05 9.097988136529684e-06 0
937 5.428708999261234e-05 9.593922389369615e-05 0
938 4.260442037194574e-05 9.665556643341808e-05 0
939 4.516904826786324e-05 9.586581001943555e-05 0
940 8.799846071525706e-06 8.236285938322953e-05 0
941 8.21935964951425e-05 9.121220751670773e-06 0
942 5.491663323025281e-05 8.889047168393651e-06 0
943 5.8604839721314e-05 9.69387587860097e-05 0
944 2.430555555558323e-05 1.683938285130108e-06 0
945 2.106927153881039e-05 3.340274101029266e-06 0
946 2.529551634394075e-05 3.499235646261607e-06 0
947 3.913917478170679e-05 1.523221138171821e-05 0
948 7.549228221230791e-05 2.030445678007088e-06 0
949 6.054024774728495e-05 8.341915882893451e-05 0
950 4.476679316124173e-05 9.80149315561901e-05 0
951 7.155246046366691e-05 8.113725953159747e-06 0
952 9.655392368364697e-05 5.782932896233065e-06 0
953 2.223480465732732e-05 2.889523783266069e-05 0
954 7.355565887779385e-05 7.79313704304741e-06 0
955 1.35299328321033e-05 9.653469731974796e-05 0
956 3.152653282020609e-05 5.151168184207401e-06 0
957 2.857556194163392e-05 3.445811516391835e-05 0
958 7.698907997505822e-05 3.744944345819807e-06 0
959 9.444077780027424e-06 6.561054647540939e-06 0
960 7.478755126577421e-06 6.934390988769237e-06 0
961 8.14877773808725e-06 5.091827488481474e-06 0
962 5.973682802627068e-06 5.065648782559671e-06 0
963 5.482063734884819e-06 7.246910890755801e-06 0
964 3.907589585603904e-06 5.82581150322846e-06 0
965 7.087804403768325e-06 3.424410690032337e-06 0
966 3.551184562455703e-06 7.67790272437208e-06 0
967 4.856478057910617e-06 9.193227406019679e-06 0
968 2.529503433185338e-06 4.771548030601872e-06 0
969 4.176927193651636e-06 3.775483146672836e-06 0
970 7.879968045090117e-05 8.941433976401362e-06 0
971 1.337555462347612e-05 5.811938880270889e-06 0
972 1.206888605395407e-05 4.297811578157749e-06 0
973 1.39916194137347e-05 3.884389418631556e-06 0
974 1.596671568570337e-05 3.548028172203169e-06 0
975 6.821434375949684e-06 8.820472385873489e-06 0
976 8.089185549771052e-06 1.002978074124599e-05 0
977 1.73491892388807e-05 5.107005111294089e-06 0
978 1.011486522899338e-05 4.726237073218669e-06 0
979 1.05343537826197e-05 2.963360856781418e-06 0
980 5.317804151400106e-05 3.943814348257822e-05 0
981 1.350311800004277e-05 1.298181862938139e-05 0
982 1.681101914829562e-05 1.338167436441153e-05 0
983 1.943687802627494e-05 1.595379166789493e-05 0
984 9.339523357419806e-05 1.718455248118543e-06 0
985 9.075564400292066e-05 3.772772535442782e-06 0
986 8.919086341688552e-05 2.624490367886508e-06 0
987 8.891283099723384e-05 4.391325472291008e-06 0
988 8.728248891856793e-05 3.218605376028958e-06 0
989 8.704462928253083e-05 5.157996107511583e-06 0
990 8.548995054504379e-05 3.912357856920745e-06 0
991 8.396844375169597e-05 2.930399218294763e-06 0
992 8.851144436453946e-05 6.550621192731198e-06 0
993 7.490794088644291e-05 9.351915558609173e-06 0
994 7.295079824818462e-05 9.35438659149805e-06 0
995 7.110276502993824e-05 1.025247008571108e-05 0
996 7.144639915938582e-05 9.147270186675738e-05 0
997 1.239495330200383e-05 2.529338669638903e-06 0
998 9.829226365913596e-05 4.76268130890865e-06 0
999 1.746182177121991e-05 1.07958078427156e-05 0
1000 2.13949071518564e-05 1.051209358137015e-05 0
1001 6.495666586804631e-05 9.554249402406807e-05 0
1002 3.370346285555241e-05 1.343981757879994e-06 0
1003 9.640413577027875e-05 3.521572542890193e-06 0
1004 2.317213909137162e-05 9.228063081002329e-06 0
1005 8.734403356146326e-05 9.611707593539233e-05 0
1006 8.325496937321528e-05 6.189159138952891e-06 0
1007 1.65662306254236e-05 1.694161384460885e-06 0
1008 7.061614947276774e-05 5.750907942236367e-05 0
1009 3.144947387319809e-05 1.074234290078168e-05 0
1010 1.651936798079715e-06 8.583715395498116e-06 0
1011 3.790823240638027e-05 5.519126592987713e-05 0
1012 4.236044259707065e-05 3.930900944899133e-05 0
1013 3.271132869758828e-05 3.237117975546118e-05 0
1014 5.830153774489961e-05 6.671412992139325e-05 0
1015 5.818145629785607e-05 6.2322278100852e-05 0
1016 5.40974478789819e-05 6.082584486123977e-05 0
1017 4.655675653457431e-05 7.91017568043025e-05 0
1018 4.338731957226905e-05 7.655757127134813e-05 0
1019 3.796474564970754e-05 6.243726281771435e-06 0
1020 5.967633520208917e-05 9.52239196537875e-07 0
1021 3.927923711887037e-05 3.675821305602224e-05 0
1022 9.45183586097993e-05 1.462791022020227e-05 0
1023 5.304784833199927e-05 9.815077741002013e-05 0
1024 2.778810350725238e-05 6.507183605915945e-06 0
1025 5.589649310202599e-05 6.73429896686756e-07 0
1026 1.469450598554425e-05 4.333280316715033e-05 0
1027 1.428073901916334e-05 5.157143325049226e-05 0
1028 4.489640977028555e-05 9.97524687934856e-06 0
1029 2.041666666670406e-05 1.648306125707863e-06 0
1030 3.76794495858475e-05 6.830629899356796e-05 0
1031 8.056677197455745e-05 7.419228483861982e-05 0
1032 5.036991144167547e-05 1.052716882586833e-05 0
1033 9.835737750723268e-05 8.710341954859675e-06 0
1034 5.085813044916097e-05 8.979817885191566e-05 0
1035 7.968664825110116e-05 1.672330185647984e-06 0
1036 4.899999999987362e-05 9.826794919243591e-05 0
1037 5.710080662012558e-05 9.845881638437958e-05 0
1038 6.626481819047606e-06 1.637694653710662e-06 0
1039 4.45307592961234e-05 5.138198993607771e-06 0
1040 3.784388628077932e-05 3.260274481664066e-06 0
1041 1.983269610363231e-05 4.71259188970842e-05 0
1042 7.809969783302536e-05 9.597585037011622e-05 0
1043 7.969944725124855e-05 9.752606668311118e-05 0
1044 6.265170845436526e-05 9.653924932816038e-05 0
1045 4.712188214893139e-05 8.705432966688953e-07 0
1046 6.298139517522758e-05 1.393423249607e-06 0
1047 5.060858437872317e-05 6.790937354493071e-07 0
1048 3.466792385104259e-05 8.696457682547325e-05 0
1049 8.939836066217512e-05 9.046533942007661e-05 0
1050 9.23929006363698e-05 8.69793112326574e-05 0
1051 2.724166075039695e-05 3.295178821387062e-06 0
1052 3.868672414428225e-05 5.99756715109682e-05 0
1053 3.809710864234236e-05 5.535889873163542e-07 0
1054 4.856070944617581e-05 6.382352304314702e-05 0
1055 4.089879621180871e-05 8.164747260071696e-05 0
1056 9.708788345355421e-05 1.590735753617859e-06 0
1057 2.505925931735602e-05 7.646169997465999e-05 0
1058 2.067785317455084e-05 7.904714320674044e-05 0
1059 3.018917832220406e-06 1.6249035471869e-06 0
1060 3.903619262174751e-05 9.825659617989954e-05 0
1061 8.504784022352499e-05 5.846268595367674e-06 0
1062 6.684028334205983e-05 9.839518875231252e-05 0
1063 5.480941871399434e-05 8.246409636438422e-05 0
1064 4.555562147904429e-05 6.888762241201135e-06 0
1065 5.959449001144266e-05 8.669865469435473e-05 0
1066 7.984663584743455e-05 1.979536258987886e-05 0
1067 8.3065325801644e-05 2.216130501592595e-05 0
1068 6.57926741979927e-05 3.040335397030658e-05 0
1069 4.083857304506185e-05 4.772407876480291e-05 0
1070 9.150644354782339e-06 2.266752449292862e-05 0
1071 7.894375056476669e-05 6.201764478836623e-05 0
1072 7.099999999992555e-05 9.826794919242658e-05 0
1073 5.469664011137006e-05 1.551640334733426e-05 0
1074 5.180747411415277e-05 9.63819046973126e-05 0
1075 9.508333333332291e-05 9.81844203138192e-05 0
1076 9.099999999997897e-05 9.826794919242659e-05 0
1077 8.97461162076655e-05 9.607089299768564e-05 0
1078 2.900325703150439e-05 9.834306109171296e-05 0
1079 9.315602132013222e-06 9.781980393466035e-05 0
1080 6.132628168218009e-05 1.486140082531299e-05 0
1081 8.679017234358545e-05 9.824958976667435e-05 0
1082 8.503948114420257e-05 9.680424057406471e-05 0
1083 7.499999999993616e-05 9.826794919242655e-05 0
1084 1.899999999995766e-05 9.826794919243663e-05 0
1085 2.099999999995216e-05 9.826794919243648e-05 0
1086 1.487018868864611e-05 9.809588368930335e-05 0
1087 2.50306562119613e-05 9.803875877445615e-05 0
1088 4.601871498313132e-05 7.648778151010637e-07 0
1089 9.469829414456209e-05 1.805311063185343e-05 0
1090 4.948265544426895e-05 2.208654793067218e-06 0
1091 6.418878860442697e-05 1.120637693282567e-06 0
1092 6.482476265643612e-05 1.398689785656937e-06 0
1093 4.392886990004789e-05 2.771712024483256e-05 0
1094 5.440987881323583e-05 6.879702320434345e-05 0
1095 7.01722025174927e-05 7.056143461748143e-05 0
1096 4.796602040742765e-05 1.623584247682087e-05 0
1097 3.974179344185487e-05 1.245993881594584e-05 0
1098 6.816745109072975e-05 1.539147830402664e-06 0
1099 4.505846561749033e-05 1.339946944128416e-06 0
1100 4.438223298087263e-05 1.147480938481404e-06 0
1101 4.492022265574936e-05 7.855875244284132e-07 0
1102 8.412774304912156e-05 8.293184778392479e-05 0
1103 5.73823104501346e-05 4.10886107004908e-07 0
1104 6.290274546483033e-05 9.843989877282896e-05 0
1105 3.086555339635382e-05 3.258996495703545e-06 0
1106 3.664577700345519e-05 3.836161745366295e-06 0
1107 5.852071737293136e-05 6.661628095155577e-07 0
1108 5.333635645749889e-05 1.440462897074128e-06 0
1109 6.547557232890158e-05 5.353534021235418e-06 0
1110 5.54920402151273e-05 3.166584869909089e-06 0
1111 1.621701726065712e-05 6.357690915336634e-05 0
1112 4.371379215989853e-05 9.180368037386551e-05 0
1113 6.577074480438642e-05 2.589604205743339e-05 0
1114 6.239419283803643e-06 1.071058994330079e-05 0
1115 4.074933616230939e-06 1.098240466636844e-05 0
1116 4.83895563907152e-06 9.809124974165468e-05 0
1117 4.180948718585501e-05 1.146924992643976e-05 0
1118 6.479213957815432e-06 1.844126436537801e-05 0
1119 5.999999999987436e-06 9.614986847663957e-05 0
1120 7.258288045159857e-05 2.269576923004003e-05 0
1121 6.242087387041773e-05 5.983578336868464e-05 0
1122 5.214304931912546e-05 7.322616729060349e-07 0
1123 2.836910083038631e-05 4.747022436859403e-06 0
1124 1.799999999996014e-05 9.621202539676654e-05 0
1125 3.648304684512471e-05 5.38730258090684e-06 0
1126 5.118639981333417e-05 5.219748005645087e-07 0
1127 5.708221574518636e-05 3.818977788204884e-05 0
1128 5.852187457259122e-05 2.086965341188945e-07 0
1129 5.748845571692978e-05 1.905137674207395e-05 0
1130 5.625212648794447e-05 4.295248669032737e-05 0
1131 1.797911724382018e-05 3.366998151958944e-06 0
1132 2.62370802832307e-05 2.691473881613962e-05 0
1133 7.587381980704524e-05 2.560441137491323e-05 0
1134 6.956934677686955e-05 3.28193049605625e-06 0
1135 8.07458698092055e-05 3.290285846529303e-06 0
1136 7.280266455803123e-05 9.619453915171876e-05 0
1137 5.89024103771968e-05 1.57912139676038e-05 0
1138 1.468045634746361e-05 7.455651346005294e-05 0
1139 2.199999999994938e-05 9.625087415004153e-05 0
1140 7.869836279115221e-05 4.470575946943631e-05 0
1141 8.758018039091188e-05 1.454698238243209e-06 0
1142 2.883388648960665e-05 7.940396159320014e-05 0
1143 4.649807452988857e-05 4.841073473971113e-07 0
1144 6.070815976570536e-05 1.564613322593704e-06 0
1145 3.412465887376547e-05 9.511787111703577e-05 0
1146 4.99524776630781e-05 9.106107353278959e-07 0
1147 4.930884528875193e-05 9.597331446154885e-07 0
1148 4.955315999327249e-05 5.048796834260126e-07 0
1149 9.608603352531515e-05 9.599299100466357e-05 0
1150 6.170261551130959e-05 4.013477757997696e-06 0
1151 3.494878193098306e-05 6.198045914923736e-05 0
1152 7.262700298170917e-05 8.818211670886015e-05 0
1153 8.927160230698035e-06 3.577954878730813e-06 0
1154 4.337126998177216e-05 7.884475070647385e-07 0
1155 5.799741055349915e-06 3.435576540074892e-05 0
1156 4.290215966979295e-05 9.860489471513317e-05 0
1157 3.571905418560601e-05 9.651065622681967e-05 0
1158 5.389790881244837e-05 5.395545524819786e-05 0
1159 9.015510964293452e-05 4.172464069756763e-05 0
1160 3.399686470139657e-05 7.053712715224898e-05 0
1161 3.022462245363532e-05 1.692890570302128e-05 0
1162 1.333381165678992e-05 1.605596585986424e-05 0
1163 8.611950440789527e-05 1.554705117566595e-05 0
1164 5.776853416881262e-05 2.650177708897258e-06 0
1165 4.121935926523694e-05 2.355642839274715e-06 0
1166 4.90986212284028e-05 1.467790501734899e-06 0
1167 4.849858126566942e-05 1.902572127783588e-06 0
1168 4.860878872903875e-05 2.801012263840441e-06 0
1169 3.486514188012e-05 9.842191891957055e-05 0
1170 8.366922672239113e-05 4.447683828606622e-06 0
1171 5.719409644641134e-05 5.697295175900238e-06 0
1172 4.063478660077872e-05 5.615751945855321e-06 0
1173 7.067171741244912e-05 2.73654402991038e-05 0
1174 6.125545805182165e-05 2.848717809196967e-06 0
1175 7.718752785266317e-05 7.731833655035129e-05 0
1176 5.450592121701695e-05 4.994424647050238e-05 0
1177 5.239207202060801e-05 5.648657640676462e-06 0
1178 5.196493539663422e-05 7.471177976339473e-06 0
1179 9.633567661321038e-05 8.481163630662813e-05 0
1180 5.654181788639693e-05 1.656166644052958e-05 0
1181 4.880166510676792e-05 8.831004531203976e-07 0
1182 8.758447106748762e-05 8.652676521725635e-06 0
1183 7.907290924747529e-05 2.331163687384731e-05 0
1184 6.248754345631238e-05 8.877918810058614e-07 0
1185 6.570908381637575e-05 1.207319912373002e-05 0
1186 9.852186593816782e-05 1.059436553299552e-05 0
1187 3.17601733489192e-06 9.346621882426172e-06 0
1188 5.495595935957535e-05 1.653160653664254e-06 0
1189 7.59136189095367e-05 9.594383177814896e-05 0
1190 2.609820174947307e-05 9.640459159362521e-05 0
1191 4.909928927957389e-05 5.925134000338536e-07 0
1192 6.456108347375473e-05 8.865939978278537e-05 0
1193 8.541004484404674e-05 2.60997110764856e-05 0
1194 5.022937180990397e-05 6.681374121745838e-06 0
1195 4.116819984489151e-05 1.689290283567772e-05 0
1196 8.053566359881545e-05 8.326102285873146e-06 0
1197 1.326338989429416e-05 1.091229560419956e-05 0
1198 6.764863807450732e-06 9.039653045660371e-05 0
1199 8.344444954150636e-05 1.377139192372779e-06 0
1200 1.299999999997565e-05 9.843415164412906e-05 0
1201 5.16474318009746e-05 8.639571832855062e-07 0
1202 9.125508415340218e-05 2.021948365459202e-05 0
1203 3.973146955813708e-05 7.777917545471453e-07 0
1204 4.553915458471637e-05 8.543516106838002e-07 0
1205 5.771474505501361e-05 8.171264807265491e-05 0
1206 6.990013138035754e-05 8.652275173373021e-05 0
1207 4.753836635243486e-05 1.920326717714484e-05 0
1208 5.573168403683455e-05 1.40297654991883e-06 0
1209 5.009598025442085e-05 2.7679875237016e-06 0
1210 5.90307114879465e-05 1.43079482186652e-06 0
1211 9.112097908879906e-05 8.606822417917832e-06 0
1212 8.559883828787719e-05 4.938637609767294e-05 0
1213 3.438105357323476e-05 6.33456439460952e-07 0
1214 1.998264681795418e-05 9.659361881887078e-05 0
1215 3.196584240128182e-05 8.794830570511933e-05 0
1216 1.961329012517591e-05 5.248152209712695e-05 0
1217 4.681922978099825e-05 2.636075227611496e-05 0
1218 4.591657181578015e-05 9.388643558383959e-05 0
1219 7.69937722957757e-05 1.065172586785346e-05 0
1220 3.631138413308045e-05 3.818786787138066e-05 0
1221 1.951218874246838e-05 2.933122681096101e-06 0
1222 7.464410703858738e-05 6.708713918232115e-05 0
1223 1.944336429753354e-05 1.240177895031337e-05 0
1224 1.277475724155621e-05 5.862549720612745e-05 0
1225 4.380344878598106e-05 1.665902156142164e-06 0
1226 7.18093718129612e-05 1.159376520708609e-06 0
1227 9.070883409575656e-05 9.375666838910458e-05 0
1228 4.12902221541382e-05 9.079987306127789e-06 0
1229 3.622636372793845e-05 4.382415520944819e-07 0
1230 3.667442164641952e-05 6.596697418045706e-07 0
1231 5.262741768365629e-05 4.428161014452812e-07 0
1232 7.30118112013859e-05 6.184593817227572e-05 0
1233 8.502743904705164e-05 9.867294120448015e-05 0
1234 8.234770774432602e-05 9.609458415406407e-05 0
1235 6.466136698676165e-05 7.014651824135586e-06 0
1236 6.630216637510387e-05 5.803651761725385e-05 0
1237 6.006508928163399e-05 1.538266290576242e-06 0
1238 4.720437014011967e-05 2.255945524813264e-05 0
1239 5.285191542824857e-05 2.51488780085734e-05 0
1240 1.082543238628064e-05 1.295003839670617e-06 0
1241 4.442697196608848e-05 6.212314747006115e-07 0
1242 2.2141564178167e-05 8.292084957787112e-05 0
1243 3.322055779234402e-05 2.402894703876758e-06 0
1244 3.553097348069483e-06 9.60073717281857e-05 0
1245 8.357030220430131e-05 3.068893261198993e-05 0
1246 3.783696700094226e-05 4.500511780339238e-05 0
1247 7.010234777796612e-05 9.640686638206526e-05 0
1248 8.256990362361771e-05 7.620975455996767e-06 0
1249 7.970134425604642e-06 9.642429720214528e-05 0
1250 8.14709393486047e-05 9.838630530376739e-05 0
1251 6.739464199772127e-05 8.753318945991293e-05 0
1252 6.053766136628927e-05 9.642205683545014e-05 0
1253 9.460529517993066e-05 3.16283592709787e-06 0
1254 5.41262939979272e-06 1.544104446771839e-05 0
1255 3.879467509020791e-05 4.062076849925078e-05 0
1256 5.054075889003077e-05 2.565371162470452e-07 0
1257 4.476884005261336e-05 3.310076031267484e-07 0
1258 4.009845097833694e-05 3.951925548682773e-07 0
1259 4.302929822992293e-05 2.148642498678911e-06 0
1260 2.22878729028416e-05 9.367783036561429e-05 0
1261 5.469390723529415e-05 6.466031095479216e-05 0
1262 3.436644092960341e-05 6.629749085500776e-05 0
1263 4.996037588847653e-05 9.674661722134059e-05 0
1264 9.859989001969126e-05 1.389922998154368e-06 0
1265 1.400109980305283e-06 1.389922998148275e-06 0
1266 4.573443698534009e-05 8.698581806744828e-06 0
1267 5.467838208847079e-05 4.622622591001175e-05 0
1268 2.403858550970952e-05 1.104068647390039e-05 0
1269 2.209460404138289e-05 1.729216989366191e-05 0
1270 2.588965529828059e-05 3.107540348642801e-05 0
1271 4.130594587994965e-05 7.890325757159406e-05 0
1272 4.94131456779758e-06 8.03070317824408e-05 0
1273 8.887396204112093e-05 8.298514423916719e-05 0
1274 4.68680664823705e-05 8.98963973566042e-05 0
1275 5.45440930067995e-05 2.038882948518769e-05 0
1276 5.174447943486783e-05 6.309207478152782e-05 0
1277 9.675063800798718e-06 7.029500329231576e-05 0
1278 8.236574795915882e-05 3.042509217901022e-06 0
1279 5.609814950373427e-05 9.684889851719755e-05 0
1280 4.082802665545774e-05 1.95179221382842e-05 0
1281 5.89999999998937e-05 9.873072928601621e-05 0
1282 3.678601830461049e-05 4.989918142553213e-05 0
1283 3.941013572380854e-05 4.949569868140918e-07 0
1284 9.39691705760768e-05 9.664174503945159e-05 0
1285 9.200331190929565e-05 9.639236581415617e-05 0
1286 4.364148292781167e-05 1.126077662358672e-05 0
1287 4.107731484235995e-05 7.343321471356237e-05 0
1288 6.31044844139995e-05 6.74374207334833e-06 0
1289 6.114308161458748e-05 2.09416203697845e-06 0
1290 3.633233190161182e-05 1.943317298313082e-06 0
1291 8.690525566992005e-05 2.158817012893559e-05 0
1292 6.359835986483172e-05 1.134404415211126e-06 0
1293 4.416858730673166e-05 3.519879934189036e-07 0
1294 2.13529220307652e-05 4.861976458404182e-06 0
1295 6.074976888380781e-05 4.678853503470632e-06 0
1296 3.711312126038596e-05 4.191070087406268e-07 0
1297 3.339758434648536e-05 1.206554666145599e-05 0
1298 4.575632678403827e-05 4.934569302694928e-07 0
1299 4.010828959742766e-05 9.682850813971141e-05 0
1300 3.193345579775851e-05 9.216279363726139e-05 0
1301 5.299840154307521e-05 5.742731547439303e-05 0
1302 3.305777403665845e-05 9.871835862044191e-05 0
1303 2.990257766155089e-05 4.465233947257041e-06 0
1304 5.489166443127447e-05 7.32076366896918e-06 0
1305 5.644626548229618e-05 8.136987859016988e-06 0
1306 6.579778492382237e-05 1.543299388680281e-06 0
1307 4.316596534000091e-05 3.676862919628234e-07 0
1308 4.388256377194301e-05 8.973109942160118e-07 0
1309 3.814253478580215e-05 2.1435706948899e-07 0
1310 5.973463515370835e-05 3.408142262451369e-07 0
1311 6.005303535803296e-05 1.950160729108067e-07 0
1312 6.023379733436982e-05 2.295425961427968e-07 0
1313 8.930971555191698e-05 1.096572711432919e-06 0
1314 5.600056725889533e-06 3.07651048321233e-06 0
1315 5.36964244818662e-05 7.89663083767837e-06 0
1316 1.281732488570937e-05 1.936002977272853e-05 0
1317 5.164272203938778e-05 9.46206997390562e-06 0
1318 8.640686853881476e-05 5.809390579894984e-05 0
1319 3.659748745702288e-05 1.247308091960092e-06 0
1320 7.381165306944985e-05 3.062756171416648e-06 0
1321 6.21727906376063e-05 3.86143033839716e-07 0
1322 3.996006111255944e-05 8.275057270830733e-06 0
1323 1.767242643787193e-05 9.403536560873342e-05 0
1324 5.668489543725552e-05 1.005224283824923e-05 0
1325 1.872384330386637e-05 9.176293272161635e-05 0
1326 1.093394586168844e-06 4.765310252871443e-06 0
1327 9.299893723768559e-05 9.321932474048115e-06 0
1328 4.15272694242222e-06 2.606558003321444e-05 0
1329 6.320704020527777e-05 3.565408227222937e-07 0
1330 6.303643706934996e-05 8.416994244525782e-07 0
1331 3.951384979705393e-05 6.830727917453417e-06 0
1332 3.605480842839914e-05 1.411752334027579e-06 0
1333 9.173554748826047e-05 5.008119811209831e-06 0
1334 8.5666968976095e-05 8.83026355866513e-06 0
1335 9.003763906781874e-05 7.092098090421078e-06 0
1336 4.752965381607074e-05 1.275943239564892e-06 0
1337 4.769802152898388e-05 1.813495648086676e-06 0
1338 1.262562599064105e-05 1.040740924457122e-06 0
1339 6.572526313277519e-06 8.663031124230632e-05 0
1340 1.147630874364901e-05 9.650158312964813e-05 0
1341 6.835921874992897e-05 1.34093586397364e-05 0
1342 3.062045098857176e-05 7.228286732338978e-05 0
1343 4.827909066208537e-05 4.263194842164882e-07 0
1344 9.023899459497905e-05 5.558243454519148e-06 0
1345 4.1415730158005e-05 1.174256539131382e-06 0
1346 6.65244606159675e-05 9.676207526715589e-05 0
1347 8.360647786711822e-05 7.712827807491987e-05 0
1348 4.865887457052549e-05 3.636887248722196e-06 0
1349 7.250284901232231e-05 9.377142594503737e-05 0
1350 3.997736439287896e-05 -4.748803977068189e-06 0
1351 4.389960007214312e-05 -4.67408488218355e-06 0
1352 6.002263560717644e-05 -4.748803977070324e-06 0
1353 5.600000000002677e-05 -4.732050807564276e-06 0
1354 3.628125109287293e-05 -7.700612696198073e-06 0
1355 6.3718748907127e-05 -7.700612696221245e-06 0
1356 4.989926469971179e-05 -4.4865956283249e-06 0
1357 5.005596829097459e-05 -1.000923868459786e-05 0
1358 5.415656567332563e-05 -8.985789852734287e-06 0
1359 4.567868690586386e-05 -9.084273126976527e-06 0
1360 5.820139127935417e-05 -8.549557928395138e-06 0
1361 4.178585479268492e-05 -8.408946899759701e-06 0
1362 4.196901505298859e-05 -4.755442529899942e-06 0
1363 4.291953864963853e-05 -6.533422198048537e-06 0
1364 4.507946588498924e-05 -6.461431085593039e-06 0
1365 4.371586002731894e-05 -8.221755835440908e-06 0
1366 4.714610462684645e-05 -7.185116033223921e-06 0
1367 4.085411770881047e-05 -6.571675153172401e-06 0
1368 3.969238595667133e-05 -8.117571077240898e-06 0
1369 4.676790341732309e-05 -5.182815620624492e-06 0
1370 4.78238896308779e-05 -9.360123548856609e-06 0
1371 4.92502613985989e-05 -7.593087110160111e-06 0
1372 5.11886486460822e-05 -7.897299643083233e-06 0
1373 5.215099966862164e-05 -9.545536669576191e-06 0
1374 3.890213116071454e-05 -6.273952333543299e-06 0
1375 5.199388148082615e-05 -4.655636338937924e-06 0
1376 5.802664560455836e-05 -4.77446020639404e-06 0
1377 5.706087915067713e-05 -6.569687969796472e-06 0
1378 5.476682518207484e-05 -6.608352694339558e-06 0
1379 5.60831811624738e-05 -8.28528600556655e-06 0
1380 5.914029383704666e-05 -6.625512756915401e-06 0
1381 6.031568878503702e-05 -8.138916638166272e-06 0
1382 5.27105065283642e-05 -7.492091576294583e-06 0
1383 6.109828322055896e-05 -6.286482861006051e-06 0
1384 5.396011777717246e-05 -4.63190683112087e-06 0
1385 6.361121016968156e-05 -9.523884606900414e-06 0
1386 3.638878983031285e-05 -9.523884606866862e-06 0
1387 6.322627530333432e-05 -5.983145255828846e-06 0
1388 3.677376698047125e-05 -5.981866630564144e-06 0
1389 5.576027493008367e-05 -1.018310391626428e-05 0
1390 4.322615359148718e-05 -1.031823018276468e-05 0
1391 4.867725569042674e-05 -5.803927308568486e-06 0
1392 3.800663377437486e-05 -4.559109195006922e-06 0
1393 6.199344233648684e-05 -4.561410720462211e-06 0
1394 5.098541328845115e-05 -6.16613220653422e-06 0
1395 4.813718610282821e-05 -4.275620672527162e-06 0
1396 6.206871193200467e-05 -7.785057730181656e-06 0
1397 6.164801019859851e-05 -1.026264815709144e-05 0
1398 5.941387939956217e-05 -1.014055896971196e-05 0
1399 5.788041557562377e-05 -1.02403707847117e-05 0
1400 3.793201352775163e-05 -7.78206838370889e-06 0
1401 3.836458830701376e-05 -1.02696548837046e-05 0
1402 4.081494492675254e-05 -1.002288060869398e-05 0
1403 6.361345988783283e-05 -4.350032228868055e-06 0
1404 3.638654011216839e-05 -4.350032228865904e-06 0
1405 5.698131573688385e-05 -9.314579658734414e-06 0
1406 5.294048410786451e-05 -5.854290321170184e-06 0
1407 4.543711351119215e-05 -4.404926606356429e-06 0
1408 6.354122915543254e-05 -2.677014184029932e-07 0
1409 6.283632468486952e-05 -4.822697242866052e-07 0
1410 6.175826033092248e-05 -1.754986284359559e-07 0
1411 3.813064300926618e-05 -1.431343759037734e-07 0
1412 3.743818082333264e-05 -4.007469427107973e-07 0
1413 4.601298389750155e-05 -1.852234678994498e-07 0
1414 4.537312854579182e-05 -3.749670512881761e-07 0
1415 4.445601021724561e-05 -1.804017418944354e-07 0
1416 4.377677588963026e-05 -3.887583089777152e-07 0
1417 4.279879652095051e-05 -1.703455932996156e-07 0
1418 3.637407687049175e-05 -2.288600171329611e-07 0
1419 5.389818076955801e-05 -2.484732724049204e-07 0
1420 6.019180018238091e-05 -1.672609968578396e-07 0
1421 5.942121922789837e-05 -4.723724802515226e-07 0
1422 5.864538530761369e-05 -1.786863185528451e-07 0
1423 5.797792918459901e-05 -3.861760534539687e-07 0
1424 5.70013620254453e-05 -1.709859679558933e-07 0
1425 3.966013411887814e-05 -1.887047575101878e-07 0
1426 3.903486073263848e-05 -3.81849613947679e-07 0
1427 5.233212930256053e-05 -1.855193962730961e-07 0
1428 5.168886551718835e-05 -3.739385906861445e-07 0
1429 5.077533096980945e-05 -1.455514624715088e-07 0
1430 5.019481024708888e-05 -4.805100968061815e-07 0
1431 4.912474830341938e-05 -1.707617103421833e-07 0
1432 4.754789551392515e-05 -2.330463735875513e-07 0
1433 5.543910486312529e-05 -1.952263145023832e-07 0
1434 4.122415391602241e-05 -2.315872006265024e-07 0
1435 3.688927892369105e-05 -3.298443495685666e-07 0
1436 3.694624346742537e-05 -8.81979181228189e-07 0
1437 3.770939066805382e-05 -9.350926170467845e-07 0
1438 5.608419022946177e-05 -1.797304420728632e-06 0
1439 5.453857345356497e-05 -1.498962254528601e-06 0
1440 5.286924608292907e-05 -1.550805360359978e-06 0
1441 4.957389941345542e-05 -5.752198414594955e-07 0
1442 5.008353483747638e-05 -1.192371745124272e-06 0
1443 5.073828302426648e-05 -8.26672633614524e-07 0
1444 4.804305679209932e-05 -1.846854643690843e-06 0
1445 4.635229273239549e-05 -1.719232234289814e-06 0
1446 6.222203228231329e-05 -5.756724079368727e-07 0
1447 6.269657029049924e-05 -9.879677869773421e-07 0
1448 6.332600743614532e-05 -8.531082527889519e-07 0
1449 4.018738185476753e-05 -1.84471604663205e-06 0
1450 4.144810977813579e-05 -1.616379485058343e-06 0
1451 4.290856941319107e-05 -1.500313899750802e-06 0
1452 6.191666858774427e-05 -1.241219400755468e-06 0
1453 6.05003476083706e-05 -1.62131132146274e-06 0
1454 4.923969659272935e-05 -1.327006753067162e-06 0
1455 5.917872029642367e-05 -1.608578482387694e-06 0
1456 4.519361118108752e-05 -1.688485190252494e-06 0
1457 5.720221906695862e-05 -1.563761339225947e-06 0
1458 3.837905627261367e-05 -1.883048995080538e-07 0
1459 3.829074992867539e-05 -4.525544333457e-07 0
1460 3.836880193275337e-05 -9.204471481856583e-07 0
1461 5.101109716181644e-05 -1.977129298782682e-07 0
1462 4.307847388517267e-05 -2.221693074490754e-07 0
1463 4.298494385538701e-05 -4.515306981933699e-07 0
1464 4.938558315142475e-05 -2.350911616426223e-07 0
1465 5.728149617267963e-05 -2.222574335521109e-07 0
1466 5.718831260492578e-05 -4.50223594747027e-07 0
1467 4.730965186042665e-05 -1.188014718036308e-06 0
1468 4.060088272521563e-05 -1.022530248064339e-06 0
1469 5.537064523295329e-05 -1.192752444489809e-06 0
1470 4.216905579296747e-05 -8.977080773304444e-07 0
1471 3.795653590046954e-05 -1.807125555217691e-06 0
1472 5.753868420317257e-05 -4.834513962082528e-07 0
1473 3.793355345345064e-05 -3.99770222613023e-07 0
1474 4.826897242311187e-05 -9.494948807417743e-07 0
1475 3.991072379131423e-05 -1.098816274486211e-06 0
1476 4.333590341102154e-05 -4.870465734277789e-07 0
1477 4.368270943463615e-05 -8.836312374810442e-07 0
1478 4.436865634739153e-05 -8.986423014798971e-07 0
1479 4.411983521295881e-05 -1.582053562002837e-06 0
1480 4.99845360024738e-05 -2.145341813628941e-06 0
1481 6.319397238480263e-05 -3.946515444213184e-07 0
1482 6.417271579436061e-05 -6.794391812632159e-07 0
1483 4.903368072356838e-05 -7.035176452182543e-07 0
1484 4.870609976515393e-05 -3.87060480120115e-07 0
1485 4.077851887255019e-05 -4.221163190069004e-07 0
1486 4.123296657573404e-05 -7.860387809167822e-07 0
1487 4.168454663284522e-05 -3.873684149198197e-07 0
1488 5.789578954407094e-05 -8.916920993922551e-07 0
1489 5.865331155751565e-05 -1.003795957952075e-06 0
1490 6.170954990920938e-05 -7.813463999673817e-07 0
1491 6.133777173680655e-05 -3.941015825183688e-07 0
1492 6.072510053061774e-05 -6.503768074442029e-07 0
1493 6.394026448821613e-05 -1.795003855581428e-06 0
1494 5.087448188381838e-05 -4.066480793661176e-07 0
1495 5.120641756241596e-05 -4.782522062712427e-07 0
1496 5.139864372052559e-05 -1.037661126790261e-06 0
1497 5.211212078289231e-05 -1.003767544344818e-06 0
1498 5.185848249892917e-05 -1.887230269017707e-06 0
1499 5.28662087791034e-05 -8.015150107383413e-07 0
1500 5.364939939847343e-05 -1.009721828272819e-06 0
1501 5.665969417998689e-05 -1.090076724496471e-06 0
1502 5.684384269209763e-05 -4.551968478450652e-07 0
1503 5.597770090639581e-05 -9.596814093226904e-07 0
1504 5.641506249904335e-05 -2.982627185942739e-07 0
1505 5.722142371520207e-05 -8.224003336525029e-07 0
1506 4.222966582610263e-05 -3.654064447150417e-07 0
1507 5.815500674416898e-05 -1.844637979826328e-06 0
1508 3.689838963787478e-05 -1.69901951761913e-06 0
1509 3.633327762825115e-05 -1.175137674209133e-06 0
1510 3.862123948994881e-05 -4.729322050672888e-07 0
1511 3.915606989359401e-05 -1.494606532673538e-06 0
1512 5.062225794023754e-05 -3.098970453763886e-07 0
1513 5.210960282006521e-05 -5.305413527244553e-07 0
1514 4.798698986116492e-05 -3.714511034120656e-07 0
1515 5.979280636179885e-05 -1.110634178468499e-06 0
1516 6.018318687594322e-05 -7.421049184807561e-07 0
1517 5.919933758142783e-05 -9.292210369008327e-07 0
1518 6.121878219662146e-05 -1.192572513110448e-06 0
1519 3.653954445338019e-05 -5.786514387902646e-07 0
1520 3.607752331925824e-05 -6.389449913952357e-07 0
1521 3.59535359110801e-05 -2.828699435730602e-07 0
1522 3.553975260398319e-05 -5.875440586311323e-07 0
1523 4.300751210472294e-05 -8.382538853754816e-07 0
1524 4.504361841422008e-05 -9.9895950181694e-07 0
1525 4.477618468241956e-05 -5.551989768102565e-07 0
1526 4.574428050925902e-05 -9.699583601785759e-07 0
1527 4.6508777400965e-05 -8.561295045226417e-07 0
1528 4.706662828798745e-05 -4.69726484803748e-07 0
1529 6.285231178570377e-05 -1.691532059321774e-06 0
1530 5.891105496914184e-05 -5.445306533667074e-07 0
1531 5.993696805683737e-05 -4.498061233921859e-07 0
1532 3.893006148896662e-05 -7.819044721003025e-07 0
1533 4.577027326736166e-05 -5.40487411262483e-07 0
1534 3.946666992500207e-05 -6.340604764502424e-07 0
1535 4.007645323573622e-05 -4.808897250739829e-07 0
1536 5.084391334728562e-05 -1.681546264695951e-06 0
1537 4.641555726399733e-05 -3.38712489676384e-07 0
1538 5.842344195419365e-05 -4.730236410343504e-07 0
1539 5.895828681227825e-05 -2.332499354688585e-07 0
1540 5.246140072118511e-05 -5.524125662545862e-07 0
1541 5.272239461307513e-05 -2.328757613587331e-07 0
1542 4.612339637692388e-05 -5.211954808324645e-07 0
1543 4.263981492180983e-05 -4.538741164856589e-07 0
1544 6.049025366687635e-05 -2.577747519457282e-07 0
1545 4.422093399272305e-05 -4.733682292884078e-07 0
1546 4.478013463138968e-05 -2.310870755724709e-07 0
1547 5.331875390751247e-05 -3.82097645462469e-07 0
1548 5.428585988343647e-05 -7.34643516606913e-07 0
1549 5.489244596350204e-05 -7.270437319401193e-07 0
1550 5.634753694922052e-05 -6.330727007018428e-07 0
1551 4.760560818298472e-05 -6.471347618039079e-07 0
1552 3.659015533169285e-05 -2.274711610983584e-07 0
1553 6.331210841011877e-05 -2.133719788117515e-07 0
1554 6.332533293280884e-05 -8.147717057176961e-08 0
1555 6.344429759368083e-05 -8.414801347916397e-08 0
1556 6.340574202301025e-05 -1.616746453164196e-07 0
1557 5.584138446857896e-05 -3.621458032507131e-07 0
1558 5.544157199617743e-05 -6.218192930710302e-07 0
1559 6.174801836307645e-05 -1.957772549108405e-06 0
1560 6.205799282422003e-05 -2.312592923901361e-07 0
1561 5.381144378700726e-05 -2.01189788863228e-06 0
1562 3.574462292975566e-05 -1.151779223243128e-06 0
1563 3.593774294144914e-05 -1.969064562594941e-06 0
1564 5.512655733264341e-05 -3.088178679027065e-07 0
1565 5.207556910888384e-05 -2.358018756598221e-07 0
1566 4.929097760475789e-05 -4.294742564114328e-07 0
1567 6.192433163722036e-05 -4.501363658366097e-07 0
1568 6.030546186253112e-05 -4.534647196241425e-07 0
1569 5.524835222900295e-05 -1.872254779936761e-06 0
1570 4.581721416323203e-05 -2.703122352137622e-07 0
1571 4.717625034623903e-05 -1.938525399004241e-06 0
$EndNodes
$Elements
3188
1 1 2 6 1 6 11
2 1 2 6 1 11 12
3 1 2 6 1 12 13
4 1 2 6 1 13 14
5 1 2 6 1 14 15
6 1 2 6 1 15 16
7 1 2 6 1 16 17
8 1 2 6 1 17 18
9 1 2 6 1 18 19
10 1 2 6 1 19 20
11 1 2 6 1 20 21
12 1 2 6 1 21 22
13 1 2 6 1 22 23
14 1 2 6 1 23 24
15 1 2 6 1 24 25
16 1 2 6 1 25 26
17 1 2 6 1 26 27
18 1 2 6 1 27 28
19 1 2 6 1 28 29
20 1 2 6 1 29 30
21 1 2 6 1 30 31
22 1 2 6 1 31 32
23 1 2 6 1 32 33
24 1 2 6 1 33 34
25 1 2 6 1 34 35
26 1 2 6 1 35 36
27 1 2 6 1 36 37
28 1 2 6 1 37 38
29 1 2 6 1 38 39
30 1 2 6 1 39 40
31 1 2 6 1 40 41
32 1 2 6 1 41 42
33 1 2 6 1 42 43
34 1 2 6 1 43 44
35 1 2 6 1 44 45
36 1 2 6 1 45 46
37 1 2 6 1 46 47
38 1 2 6 1 47 48
39 1 2 6 1 48 49
40 1 2 6 1 49 50
41 1 2 6 1 50 51
42 1 2 6 1 51 52
43 1 2 6 1 52 53
44 1 2 6 1 53 54
45 1 2 6 1 54 55
46 1 2 6 1 55 56
47 1 2 6 1 56 57
48 1 2 6 1 57 58
49 1 2 6 1 58 59
50 1 2 6 1 59 5
51 1 2 5 3 4 78
52 1 2 5 3 78 79
53 1 2 5 3 79 80
54 1 2 5 3 80 81
55 1 2 5 3 81 82
56 1 2 5 3 82 83
57 1 2 5 3 83 84
58 1 2 5 3 84 85
59 1 2 5 3 85 86
60 1 2 5 3 86 87
61 1 2 5 3 87 88
62 1 2 5 3 88 89
63 1 2 5 3 89 90
64 1 2 5 3 90 91
65 1 2 5 3 91 92
66 1 2 5 3 92 93
67 1 2 5 3 93 94
68 1 2 5 3 94 3
69 1 2 3 4 3 95
70 1 2 3 4 95 96
71 1 2 3 4 96 97
72 1 2 3 4 97 98
73 1 2 3 4 98 99
74 1 2 3 4 99 100
75 1 2 3 4 100 101
76 1 2 3 4 101 102
77 1 2 3 4 102 103
78 1 2 3 4 103 104
79 1 2 3 4 104 105
80 1 2 3 4 105 106
81 1 2 3 4 106 107
82 1 2 3 4 107 108
83 1 2 3 4 108 109
84 1 2 3 4 109 110
85 1 2 3 4 110 111
86 1 2 3 4 111 112
87 1 2 3 4 112 113
88 1 2 3 4 113 114
89 1 2 3 4 114 115
90 1 2 3 4 115 116
91 1 2 3 4 116 117
92 1 2 3 4 117 118
93 1 2 3 4 118 119
94 1 2 3 4 119 120
95 1 2 3 4 120 121
96 1 2 3 4 121 122
97 1 2 3 4 122 123
98 1 2 3 4 123 124
99 1 2 3 4 124 125
100 1 2 3 4 125 126
101 1 2 3 4 126 127
102 1 2 3 4 127 128
103 1 2 3 4 128 129
104 1 2 3 4 129 130
105 1 2 3 4 130 131
106 1 2 3 4 131 132
107 1 2 3 4 132 133
108 1 2 3 4 133 134
109 1 2 3 4 134 135
110 1 2 3 4 135 136
111 1 2 3 4 136 137
112 1 2 3 4 137 138
113 1 2 3 4 138 139
114 1 2 3 4 139 140
115 1 2 3 4 140 141
116 1 2 3 4 141 142
117 1 2 3 4 142 143
118 1 2 3 4 143 144
119 1 2 3 4 144 145
120 1 2 3 4 145 146
121 1 2 3 4 146 147
122 1 2 3 4 147 148
123 1 2 3 4 148 149
124 1 2 3 4 149 150
125 1 2 3 4 150 151
126 1 2 3 4 151 152
127 1 2 3 4 152 153
128 1 2 3 4 153 154
129 1 2 3 4 154 155
130 1 2 3 4 155 156
131 1 2 3 4 156 157
132 1 2 3 4 157 158
133 1 2 3 4 158 159
134 1 2 3 4 159 160
135 1 2 3 4 160 161
136 1 2 3 4 161 162
137 1 2 3 4 162 163
138 1 2 3 4 163 164
139 1 2 3 4 164 165
140 1 2 3 4 165 166
141 1 2 3 4 166 167
142 1 2 3 4 167 168
143 1 2 3 4 168 169
144 1 2 3 4 169 170
145 1 2 3 4 170 171
146 1 2 3 4 171 172
147 1 2 3 4 172 173
148 1 2 3 4 173 174
149 1 2 3 4 174 175
150 1 2 3 4 175 176
151 1 2 3 4 176 177
152 1 2 3 4 177 178
153 1 2 3 4 178 2
154 1 2 4 5 2 179
155 1 2 4 5 179 180
156 1 2 4 5 180 181
157 1 2 4 5 181 182
158 1 2 4 5 182 183
159 1 2 4 5 183 184
160 1 2 4 5 184 185
161 1 2 4 5 185 186
162 1 2 4 5 186 187
163 1 2 4 5 187 188
164 1 2 4 5 188 189
165 1 2 4 5 189 190
166 1 2 4 5 190 191
167 1 2 4 5 191 192
168 1 2 4 5 192 193
169 1 2 4 5 193 194
170 1 2 4 5 194 195
171 1 2 4 5 195 1
172 1 2 2 11 9 218
173 1 2 2 11 218 219
174 1 2 2 11 219 220
175 1 2 2 11 220 221
176 1 2 2 11 221 222
177 1 2 2 11 222 223
178 1 2 2 11 223 224
179 1 2 2 11 224 225
180 1 2 2 11 225 226
181 1 2 2 11 226 227
182 1 2 2 11 227 228
183 1 2 2 11 228 229
184 1 2 2 11 229 230
185 1 2 2 11 230 231
186 1 2 2 11 231 10
187 1 2 1 13 7 236
188 1 2 1 13 236 237
189 1 2 1 13 237 238
190 1 2 1 13 238 239
191 1 2 1 13 239 8
192 2 2 9 8 119 314 118
193 2 2 9 8 969 1059 407
194 2 2 9 8 460 1011 462
195 2 2 9 8 251 1103 116
196 2 2 9 8 1068 1173 1113
197 2 2 9 8 428 1009 425
198 2 2 9 8 288 985 914
199 2 2 9 8 871 1239 563
200 2 2 9 8 310 833 95
201 2 2 9 8 50 1043 49
202 2 2 9 8 1043 1250 1234
203 2 2 9 8 142 256 141
204 2 2 9 8 143 803 142
205 2 2 9 8 895 1009 428
206 2 2 9 8 810 920 566
207 2 2 9 8 60 1149 718
208 2 2 9 8 789 791 661
209 2 2 9 8 697 1115 891
210 2 2 9 8 980 1130 1127
211 2 2 9 8 752 1239 618
212 2 2 9 8 146 1143 145
213 2 2 9 8 558 1219 993
214 2 2 9 8 910 911 828
215 2 2 9 8 344 1165 785
216 2 2 9 8 901 1280 889
217 2 2 9 8 287 940 748
218 2 2 9 8 939 950 300
219 2 2 9 8 436 872 813
220 2 2 9 8 777 1337 779
221 2 2 9 8 163 313 162
222 2 2 9 8 800 801 609
223 2 2 9 8 907 1287 1018
224 2 2 9 8 817 868 619
225 2 2 9 8 292 1146 1047
226 2 2 9 8 159 369 158
227 2 2 9 8 653 1212 1140
228 2 2 9 8 827 910 828
229 2 2 9 8 791 1234 661
230 2 2 9 8 496 901 889
231 2 2 9 8 931 939 300
232 2 2 9 8 282 829 826
233 2 2 9 8 475 1013 841
234 2 2 9 8 433 1268 1000
235 2 2 9 8 264 887 886
236 2 2 9 8 927 1210 929
237 2 2 9 8 968 969 407
238 2 2 9 8 459 871 563
239 2 2 9 8 845 846 286
240 2 2 9 8 344 785 342
241 2 2 9 8 981 1162 982
242 2 2 9 8 1018 1287 878
243 2 2 9 8 301 966 964
244 2 2 9 8 761 935 799
245 2 2 9 8 914 984 288
246 2 2 9 8 168 334 290
247 2 2 9 8 892 1065 651
248 2 2 9 8 929 1107 295
249 2 2 9 8 1222 1232 706
250 2 2 9 8 964 968 301
251 2 2 9 8 1044 1104 305
252 2 2 9 8 1000 1223 433
253 2 2 9 8 784 1203 342
254 2 2 9 8 748 1138 287
255 2 2 9 8 661 1234 727
256 2 2 9 8 922 1188 405
257 2 2 9 8 264 886 885
258 2 2 9 8 127 851 739
259 2 2 9 8 1015 1121 725
260 2 2 9 8 325 922 347
261 2 2 9 8 782 783 252
262 2 2 9 8 1027 1224 690
263 2 2 9 8 95 833 258
264 2 2 9 8 325 1110 922
265 2 2 9 8 867 1252 677
266 2 2 9 8 874 1089 70
267 2 2 9 8 891 1254 697
268 2 2 9 8 49 1043 269
269 2 2 9 8 799 995 761
270 2 2 9 8 106 1312 265
271 2 2 9 8 552 1112 866
272 2 2 9 8 398 1310 110
273 2 2 9 8 719 1244 213
274 2 2 9 8 776 778 777
275 2 2 9 8 1113 1173 606
276 2 2 9 8 776 777 366
277 2 2 9 8 767 958 948
278 2 2 9 8 145 781 144
279 2 2 9 8 677 1252 1044
280 2 2 9 8 927 929 333
281 2 2 9 8 778 1337 777
282 2 2 9 8 737 1194 1178
283 2 2 9 8 242 1191 1148
284 2 2 9 8 855 944 266
285 2 2 9 8 928 929 295
286 2 2 9 8 753 1217 563
287 2 2 9 8 618 1239 871
288 2 2 9 8 807 897 329
289 2 2 9 8 1071 1232 1222
290 2 2 9 8 853 1151 704
291 2 2 9 8 329 811 807
292 2 2 9 8 688 853 704
293 2 2 9 8 742 1118 1070
294 2 2 9 8 831 1167 832
295 2 2 9 8 365 1259 925
296 2 2 9 8 242 1148 137
297 2 2 9 8 585 992 989
298 2 2 9 8 725 1121 666
299 2 2 9 8 848 1222 555
300 2 2 9 8 621 1130 805
301 2 2 9 8 615 867 677
302 2 2 9 8 654 1071 856
303 2 2 9 8 600 789 661
304 2 2 9 8 555 1031 848
305 2 2 9 8 268 1346 1062
306 2 2 9 8 831 1337 1167
307 2 2 9 8 285 1038 965
308 2 2 9 8 585 1061 584
309 2 2 9 8 438 872 436
310 2 2 9 8 286 786 63
311 2 2 9 8 468 1030 877
312 2 2 9 8 478 1011 460
313 2 2 9 8 949 1065 892
314 2 2 9 8 1140 1212 729
315 2 2 9 8 965 1153 285
316 2 2 9 8 568 1334 564
317 2 2 9 8 962 1314 969
318 2 2 9 8 864 1034 893
319 2 2 9 8 793 794 331
320 2 2 9 8 1049 1050 663
321 2 2 9 8 273 990 988
322 2 2 9 8 131 403 243
323 2 2 9 8 582 800 609
324 2 2 9 8 814 1259 365
325 2 2 9 8 105 378 104
326 2 2 9 8 123 377 122
327 2 2 9 8 815 816 814
328 2 2 9 8 161 782 160
329 2 2 9 8 737 1178 1177
330 2 2 9 8 1083 1136 309
331 2 2 9 8 260 1134 888
332 2 2 9 8 357 1064 359
333 2 2 9 8 566 920 505
334 2 2 9 8 841 1013 957
335 2 2 9 8 885 1190 306
336 2 2 9 8 813 1161 436
337 2 2 9 8 866 1274 552
338 2 2 9 8 375 1191 242
339 2 2 9 8 1127 1130 621
340 2 2 9 8 798 995 799
341 2 2 9 8 116 1103 115
342 2 2 9 8 330 1188 922
343 2 2 9 8 829 909 827
344 2 2 9 8 1028 1286 510
345 2 2 9 8 932 1155 206
346 2 2 9 8 271 932 206
347 2 2 9 8 1071 1318 856
348 2 2 9 8 805 908 621
349 2 2 9 8 962 969 964
350 2 2 9 8 331 927 326
351 2 2 9 8 584 1061 1006
352 2 2 9 8 747 1163 578
353 2 2 9 8 106 265 105
354 2 2 9 8 356 776 366
355 2 2 9 8 350 819 352
356 2 2 9 8 846 880 286
357 2 2 9 8 854 1215 548
358 2 2 9 8 257 739 404
359 2 2 9 8 253 408 178
360 2 2 9 8 362 1064 357
361 2 2 9 8 495 908 501
362 2 2 9 8 550 1196 970
363 2 2 9 8 839 1149 60
364 2 2 9 8 365 925 363
365 2 2 9 8 64 845 286
366 2 2 9 8 744 745 613
367 2 2 9 8 1001 1044 305
368 2 2 9 8 788 1260 602
369 2 2 9 8 372 401 368
370 2 2 9 8 1177 1178 338
371 2 2 9 8 707 921 561
372 2 2 9 8 994 995 558
373 2 2 9 8 754 1306 94
374 2 2 9 8 61 839 60
375 2 2 9 8 893 1034 526
376 2 2 9 8 538 1219 558
377 2 2 9 8 1234 1250 277
378 2 2 9 8 1178 1194 664
379 2 2 9 8 826 1022 282
380 2 2 9 8 1058 1138 748
381 2 2 9 8 926 1198 844
382 2 2 9 8 837 1346 268
383 2 2 9 8 739 851 404
384 2 2 9 8 335 1053 722
385 2 2 9 8 815 934 875
386 2 2 9 8 613 787 603
387 2 2 9 8 936 1185 799
388 2 2 9 8 797 807 702
389 2 2 9 8 825 915 780
390 2 2 9 8 779 824 780
391 2 2 9 8 789 1189 1042
392 2 2 9 8 811 894 812
393 2 2 9 8 312 1059 969
394 2 2 9 8 142 803 256
395 2 2 9 8 104 259 103
396 2 2 9 8 438 889 872
397 2 2 9 8 210 1272 287
398 2 2 9 8 855 946 944
399 2 2 9 8 724 1111 869
400 2 2 9 8 1043 1234 791
401 2 2 9 8 916 922 405
402 2 2 9 8 819 1209 352
403 2 2 9 8 349 368 350
404 2 2 9 8 125 739 124
405 2 2 9 8 906 1086 279
406 2 2 9 8 541 835 557
407 2 2 9 8 722 903 806
408 2 2 9 8 816 1225 814
409 2 2 9 8 477 871 459
410 2 2 9 8 356 1348 776
411 2 2 9 8 1083 1189 1136
412 2 2 9 8 973 974 272
413 2 2 9 8 377 738 247
414 2 2 9 8 481 924 843
415 2 2 9 8 402 823 821
416 2 2 9 8 332 793 331
417 2 2 9 8 796 1218 1112
418 2 2 9 8 835 892 557
419 2 2 9 8 982 1162 723
420 2 2 9 8 738 1025 247
421 2 2 9 8 481 843 489
422 2 2 9 8 266 945 855
423 2 2 9 8 901 902 649
424 2 2 9 8 781 1143 1045
425 2 2 9 8 69 720 276
426 2 2 9 8 618 1275 752
427 2 2 9 8 790 1189 789
428 2 2 9 8 988 1141 273
429 2 2 9 8 948 958 267
430 2 2 9 8 935 936 799
431 2 2 9 8 722 806 746
432 2 2 9 8 905 1112 552
433 2 2 9 8 169 334 168
434 2 2 9 8 749 1223 1000
435 2 2 9 8 941 1196 550
436 2 2 9 8 720 721 276
437 2 2 9 8 94 1306 755
438 2 2 9 8 392 897 394
439 2 2 9 8 704 1052 1011
440 2 2 9 8 303 839 61
441 2 2 9 8 684 879 741
442 2 2 9 8 1011 1052 462
443 2 2 9 8 306 1078 885
444 2 2 9 8 576 983 723
445 2 2 9 8 1070 1316 742
446 2 2 9 8 695 1138 1058
447 2 2 9 8 401 823 402
448 2 2 9 8 584 1248 941
449 2 2 9 8 608 789 600
450 2 2 9 8 608 790 789
451 2 2 9 8 602 1260 800
452 2 2 9 8 289 952 909
453 2 2 9 8 896 1130 980
454 2 2 9 8 144 803 143
455 2 2 9 8 792 1224 1027
456 2 2 9 8 64 286 63
457 2 2 9 8 369 371 370
458 2 2 9 8 342 785 784
459 2 2 9 8 704 1151 1052
460 2 2 9 8 379 381 378
461 2 2 9 8 122 247 121
462 2 2 9 8 890 1157 302
463 2 2 9 8 566 1185 810
464 2 2 9 8 1071 1222 848
465 2 2 9 8 927 1164 326
466 2 2 9 8 128 1231 127
467 2 2 9 8 602 800 582
468 2 2 9 8 349 372 368
469 2 2 9 8 621 908 495
470 2 2 9 8 563 1239 753
471 2 2 9 8 740 1292 1046
472 2 2 9 8 347 349 348
473 2 2 9 8 1003 1056 311
474 2 2 9 8 847 1318 1071
475 2 2 9 8 442 1093 496
476 2 2 9 8 1057 1142 858
477 2 2 9 8 846 1347 880
478 2 2 9 8 948 1320 767
479 2 2 9 8 740 1046 389
480 2 2 9 8 585 1182 992
481 2 2 9 8 140 242 139
482 2 2 9 8 558 995 798
483 2 2 9 8 574 608 600
484 2 2 9 8 400 814 365
485 2 2 9 8 907 1018 883
486 2 2 9 8 859 865 614
487 2 2 9 8 372 809 401
488 2 2 9 8 818 1328 205
489 2 2 9 8 292 1256 136
490 2 2 9 8 352 367 354
491 2 2 9 8 300 1036 931
492 2 2 9 8 1047 1146 821
493 2 2 9 8 703 1185 936
494 2 2 9 8 548 1215 536
495 2 2 9 8 402 821 820
496 2 2 9 8 329 894 811
497 2 2 9 8 210 287 209
498 2 2 9 8 209 1277 869
499 2 2 9 8 661 727 662
500 2 2 9 8 787 1325 603
501 2 2 9 8 681 957 679
502 2 2 9 8 889 1280 873
503 2 2 9 8 872 889 873
504 2 2 9 8 270 1087 882
505 2 2 9 8 151 1257 150
506 2 2 9 8 609 854 548
507 2 2 9 8 553 1142 1057
508 2 2 9 8 801 802 609
509 2 2 9 8 268 1247 837
510 2 2 9 8 563 1217 900
511 2 2 9 8 1050 1273 663
512 2 2 9 8 576 723 645
513 2 2 9 8 281 713 203
514 2 2 9 8 608 1349 790
515 2 2 9 8 800 882 801
516 2 2 9 8 843 949 835
517 2 2 9 8 341 722 346
518 2 2 9 8 744 876 745
519 2 2 9 8 487 924 479
520 2 2 9 8 510 1286 571
521 2 2 9 8 847 848 846
522 2 2 9 8 401 402 368
523 2 2 9 8 875 934 366
524 2 2 9 8 69 276 68
525 2 2 9 8 356 366 362
526 2 2 9 8 902 1238 649
527 2 2 9 8 783 1345 252
528 2 2 9 8 212 844 304
529 2 2 9 8 756 1134 1098
530 2 2 9 8 366 934 362
531 2 2 9 8 817 1159 67
532 2 2 9 8 811 812 700
533 2 2 9 8 70 1089 720
534 2 2 9 8 1016 1261 1015
535 2 2 9 8 541 557 556
536 2 2 9 8 937 1023 299
537 2 2 9 8 844 1244 1119
538 2 2 9 8 95 258 3
539 2 2 9 8 552 893 512
540 2 2 9 8 478 1282 1011
541 2 2 9 8 1039 1064 362
542 2 2 9 8 538 558 519
543 2 2 9 8 282 1186 829
544 2 2 9 8 519 798 507
545 2 2 9 8 909 952 910
546 2 2 9 8 405 1108 916
547 2 2 9 8 205 1328 204
548 2 2 9 8 582 609 548
549 2 2 9 8 1079 1340 876
550 2 2 9 8 923 1157 890
551 2 2 9 8 328 331 326
552 2 2 9 8 607 1058 748
553 2 2 9 8 501 908 547
554 2 2 9 8 347 916 349
555 2 2 9 8 965 1314 962
556 2 2 9 8 160 252 159
557 2 2 9 8 62 303 61
558 2 2 9 8 600 661 601
559 2 2 9 8 713 891 202
560 2 2 9 8 158 245 157
561 2 2 9 8 803 1045 804
562 2 2 9 8 99 1329 310
563 2 2 9 8 249 1126 132
564 2 2 9 8 212 304 211
565 2 2 9 8 658 905 586
566 2 2 9 8 1098 1134 260
567 2 2 9 8 673 1211 588
568 2 2 9 8 859 937 865
569 2 2 9 8 622 895 813
570 2 2 9 8 588 1182 568
571 2 2 9 8 280 1340 1079
572 2 2 9 8 919 1173 1068
573 2 2 9 8 590 859 614
574 2 2 9 8 586 905 529
575 2 2 9 8 824 825 780
576 2 2 9 8 578 1291 747
577 2 2 9 8 728 1227 1049
578 2 2 9 8 1036 1263 931
579 2 2 9 8 275 1296 173
580 2 2 9 8 826 829 827
581 2 2 9 8 845 847 846
582 2 2 9 8 779 780 777
583 2 2 9 8 181 898 255
584 2 2 9 8 947 1097 611
585 2 2 9 8 925 1165 363
586 2 2 9 8 489 843 517
587 2 2 9 8 325 347 337
588 2 2 9 8 1101 1204 294
589 2 2 9 8 496 1093 902
590 2 2 9 8 821 822 820
591 2 2 9 8 694 852 691
592 2 2 9 8 400 815 814
593 2 2 9 8 63 1179 62
594 2 2 9 8 517 835 541
595 2 2 9 8 70 720 69
596 2 2 9 8 286 880 786
597 2 2 9 8 503 528 502
598 2 2 9 8 67 1159 881
599 2 2 9 8 588 1211 850
600 2 2 9 8 672 673 588
601 2 2 9 8 745 787 613
602 2 2 9 8 876 1249 1079
603 2 2 9 8 531 917 533
604 2 2 9 8 556 1152 574
605 2 2 9 8 755 1098 94
606 2 2 9 8 492 502 491
607 2 2 9 8 888 1134 762
608 2 2 9 8 934 1039 362
609 2 2 9 8 856 1212 653
610 2 2 9 8 667 750 616
611 2 2 9 8 584 941 564
612 2 2 9 8 100 1329 99
613 2 2 9 8 507 566 505
614 2 2 9 8 801 885 802
615 2 2 9 8 33 950 32
616 2 2 9 8 1112 1218 866
617 2 2 9 8 850 1182 588
618 2 2 9 8 868 1245 619
619 2 2 9 8 793 1237 794
620 2 2 9 8 209 869 208
621 2 2 9 8 743 744 613
622 2 2 9 8 564 1334 584
623 2 2 9 8 339 1305 894
624 2 2 9 8 574 600 575
625 2 2 9 8 786 1179 63
626 2 2 9 8 203 713 202
627 2 2 9 8 691 853 688
628 2 2 9 8 204 281 203
629 2 2 9 8 883 1017 480
630 2 2 9 8 274 845 65
631 2 2 9 8 844 1119 926
632 2 2 9 8 558 798 519
633 2 2 9 8 722 746 346
634 2 2 9 8 713 1254 891
635 2 2 9 8 996 1349 608
636 2 2 9 8 371 386 370
637 2 2 9 8 207 792 271
638 2 2 9 8 349 350 348
639 2 2 9 8 118 251 117
640 2 2 9 8 533 917 659
641 2 2 9 8 379 382 381
642 2 2 9 8 938 1299 263
643 2 2 9 8 267 958 904
644 2 2 9 8 736 1345 785
645 2 2 9 8 206 1155 205
646 2 2 9 8 614 867 615
647 2 2 9 8 132 1126 403
648 2 2 9 8 781 1045 803
649 2 2 9 8 468 907 467
650 2 2 9 8 918 1002 179
651 2 2 9 8 156 1307 155
652 2 2 9 8 733 1228 1117
653 2 2 9 8 843 1205 949
654 2 2 9 8 473 883 480
655 2 2 9 8 1225 1259 814
656 2 2 9 8 426 604 592
657 2 2 9 8 976 1114 640
658 2 2 9 8 736 1165 925
659 2 2 9 8 211 836 210
660 2 2 9 8 272 997 973
661 2 2 9 8 208 869 792
662 2 2 9 8 342 1203 340
663 2 2 9 8 745 906 787
664 2 2 9 8 551 564 550
665 2 2 9 8 500 919 494
666 2 2 9 8 485 491 477
667 2 2 9 8 789 1042 791
668 2 2 9 8 1049 1227 840
669 2 2 9 8 801 1190 885
670 2 2 9 8 888 1226 260
671 2 2 9 8 247 1025 119
672 2 2 9 8 291 1293 154
673 2 2 9 8 1099 1204 1101
674 2 2 9 8 937 1074 1023
675 2 2 9 8 354 1348 356
676 2 2 9 8 1005 1077 728
677 2 2 9 8 65 845 64
678 2 2 9 8 955 1086 906
679 2 2 9 8 957 1270 679
680 2 2 9 8 577 953 493
681 2 2 9 8 970 1219 550
682 2 2 9 8 869 1277 724
683 2 2 9 8 909 910 827
684 2 2 9 8 599 860 859
685 2 2 9 8 1045 1143 824
686 2 2 9 8 686 879 684
687 2 2 9 8 1136 1247 1072
688 2 2 9 8 616 1032 514
689 2 2 9 8 1167 1168 1090
690 2 2 9 8 587 919 500
691 2 2 9 8 565 568 564
692 2 2 9 8 825 1099 915
693 2 2 9 8 102 1321 101
694 2 2 9 8 844 1198 304
695 2 2 9 8 276 868 817
696 2 2 9 8 716 919 587
697 2 2 9 8 207 271 206
698 2 2 9 8 974 1007 272
699 2 2 9 8 1120 1173 1133
700 2 2 9 8 288 986 985
701 2 2 9 8 792 1027 271
702 2 2 9 8 539 550 538
703 2 2 9 8 741 808 683
704 2 2 9 8 879 1282 741
705 2 2 9 8 712 1105 956
706 2 2 9 8 688 704 686
707 2 2 9 8 606 1173 1120
708 2 2 9 8 311 1253 1003
709 2 2 9 8 815 915 816
710 2 2 9 8 840 884 839
711 2 2 9 8 496 902 901
712 2 2 9 8 309 1136 1072
713 2 2 9 8 492 503 502
714 2 2 9 8 599 859 590
715 2 2 9 8 559 599 590
716 2 2 9 8 287 1277 209
717 2 2 9 8 556 1206 1152
718 2 2 9 8 396 740 391
719 2 2 9 8 1011 1282 879
720 2 2 9 8 656 711 666
721 2 2 9 8 702 811 700
722 2 2 9 8 1102 1347 620
723 2 2 9 8 895 1297 1009
724 2 2 9 8 911 912 828
725 2 2 9 8 910 913 911
726 2 2 9 8 726 1097 947
727 2 2 9 8 347 348 337
728 2 2 9 8 943 1279 1037
729 2 2 9 8 727 728 662
730 2 2 9 8 502 618 491
731 2 2 9 8 512 893 498
732 2 2 9 8 823 1047 821
733 2 2 9 8 974 1131 1007
734 2 2 9 8 273 991 990
735 2 2 9 8 852 853 691
736 2 2 9 8 517 843 835
737 2 2 9 8 347 922 916
738 2 2 9 8 672 826 673
739 2 2 9 8 683 841 681
740 2 2 9 8 1020 1210 794
741 2 2 9 8 1067 1183 717
742 2 2 9 8 720 1202 721
743 2 2 9 8 1030 1160 877
744 2 2 9 8 640 1114 697
745 2 2 9 8 936 1235 797
746 2 2 9 8 894 1171 339
747 2 2 9 8 704 879 686
748 2 2 9 8 269 1043 1042
749 2 2 9 8 877 1287 468
750 2 2 9 8 845 1318 847
751 2 2 9 8 556 574 569
752 2 2 9 8 684 741 683
753 2 2 9 8 678 1001 837
754 2 2 9 8 682 683 681
755 2 2 9 8 498 526 497
756 2 2 9 8 485 492 491
757 2 2 9 8 1129 1275 618
758 2 2 9 8 596 716 587
759 2 2 9 8 918 1243 1002
760 2 2 9 8 576 1269 983
761 2 2 9 8 795 1299 938
762 2 2 9 8 989 1061 585
763 2 2 9 8 547 656 655
764 2 2 9 8 678 837 709
765 2 2 9 8 480 488 487
766 2 2 9 8 498 893 526
767 2 2 9 8 368 819 350
768 2 2 9 8 181 255 180
769 2 2 9 8 508 1028 510
770 2 2 9 8 897 1288 394
771 2 2 9 8 68 817 67
772 2 2 9 8 124 257 123
773 2 2 9 8 798 1341 507
774 2 2 9 8 473 480 479
775 2 2 9 8 656 666 655
776 2 2 9 8 488 498 497
777 2 2 9 8 1196 1248 774
778 2 2 9 8 885 886 802
779 2 2 9 8 505 920 503
780 2 2 9 8 657 923 890
781 2 2 9 8 612 940 743
782 2 2 9 8 617 667 616
783 2 2 9 8 561 921 419
784 2 2 9 8 680 681 679
785 2 2 9 8 488 497 487
786 2 2 9 8 66 881 274
787 2 2 9 8 705 1232 1008
788 2 2 9 8 202 891 201
789 2 2 9 8 612 613 603
790 2 2 9 8 659 917 878
791 2 2 9 8 842 1290 413
792 2 2 9 8 529 905 520
793 2 2 9 8 93 260 92
794 2 2 9 8 595 657 586
795 2 2 9 8 711 725 666
796 2 2 9 8 446 900 444
797 2 2 9 8 615 677 652
798 2 2 9 8 661 662 601
799 2 2 9 8 1019 1125 921
800 2 2 9 8 243 1231 128
801 2 2 9 8 310 834 833
802 2 2 9 8 1117 1228 715
803 2 2 9 8 854 1300 675
804 2 2 9 8 619 1159 817
805 2 2 9 8 470 883 473
806 2 2 9 8 723 983 982
807 2 2 9 8 777 875 366
808 2 2 9 8 659 878 877
809 2 2 9 8 592 1268 427
810 2 2 9 8 502 1129 618
811 2 2 9 8 583 602 582
812 2 2 9 8 328 332 331
813 2 2 9 8 352 1209 367
814 2 2 9 8 647 953 577
815 2 2 9 8 809 1122 401
816 2 2 9 8 480 487 479
817 2 2 9 8 1137 1180 1129
818 2 2 9 8 894 1305 812
819 2 2 9 8 496 889 440
820 2 2 9 8 293 1226 888
821 2 2 9 8 300 950 33
822 2 2 9 8 399 1210 1020
823 2 2 9 8 999 1223 749
824 2 2 9 8 657 795 658
825 2 2 9 8 520 552 512
826 2 2 9 8 656 805 711
827 2 2 9 8 479 924 481
828 2 2 9 8 491 871 477
829 2 2 9 8 72 282 71
830 2 2 9 8 616 1317 1032
831 2 2 9 8 703 936 797
832 2 2 9 8 841 1220 475
833 2 2 9 8 861 862 860
834 2 2 9 8 590 614 591
835 2 2 9 8 466 467 465
836 2 2 9 8 164 1258 163
837 2 2 9 8 503 920 528
838 2 2 9 8 735 1275 1129
839 2 2 9 8 520 905 552
840 2 2 9 8 419 921 417
841 2 2 9 8 201 891 283
842 2 2 9 8 459 563 454
843 2 2 9 8 676 923 595
844 2 2 9 8 596 717 716
845 2 2 9 8 464 465 463
846 2 2 9 8 118 314 251
847 2 2 9 8 541 556 554
848 2 2 9 8 875 915 815
849 2 2 9 8 610 707 561
850 2 2 9 8 252 1345 371
851 2 2 9 8 442 496 440
852 2 2 9 8 657 890 795
853 2 2 9 8 1185 1341 799
854 2 2 9 8 1099 1101 1100
855 2 2 9 8 622 1297 895
856 2 2 9 8 543 586 529
857 2 2 9 8 564 941 550
858 2 2 9 8 487 1063 924
859 2 2 9 8 667 942 750
860 2 2 9 8 1167 1337 778
861 2 2 9 8 794 927 331
862 2 2 9 8 780 915 875
863 2 2 9 8 467 907 470
864 2 2 9 8 580 616 514
865 2 2 9 8 878 1271 1018
866 2 2 9 8 71 874 70
867 2 2 9 8 893 1274 864
868 2 2 9 8 729 1212 1159
869 2 2 9 8 551 565 564
870 2 2 9 8 703 797 702
871 2 2 9 8 701 702 700
872 2 2 9 8 285 1153 979
873 2 2 9 8 856 1318 1212
874 2 2 9 8 499 512 498
875 2 2 9 8 795 938 796
876 2 2 9 8 883 1018 1017
877 2 2 9 8 303 840 839
878 2 2 9 8 865 867 614
879 2 2 9 8 807 811 702
880 2 2 9 8 941 1248 1196
881 2 2 9 8 301 1010 966
882 2 2 9 8 707 1019 921
883 2 2 9 8 404 1108 405
884 2 2 9 8 66 274 65
885 2 2 9 8 997 1240 979
886 2 2 9 8 565 588 568
887 2 2 9 8 865 943 867
888 2 2 9 8 454 900 446
889 2 2 9 8 162 782 161
890 2 2 9 8 942 1324 1305
891 2 2 9 8 1088 1143 244
892 2 2 9 8 67 881 66
893 2 2 9 8 808 841 683
894 2 2 9 8 1192 1251 892
895 2 2 9 8 297 898 182
896 2 2 9 8 526 1034 559
897 2 2 9 8 706 1232 705
898 2 2 9 8 595 923 657
899 2 2 9 8 860 937 859
900 2 2 9 8 692 694 691
901 2 2 9 8 539 551 550
902 2 2 9 8 898 899 255
903 2 2 9 8 1170 1278 775
904 2 2 9 8 274 1318 845
905 2 2 9 8 715 1322 707
906 2 2 9 8 912 1211 828
907 2 2 9 8 208 792 207
908 2 2 9 8 559 590 560
909 2 2 9 8 794 1237 1020
910 2 2 9 8 610 715 707
911 2 2 9 8 657 658 586
912 2 2 9 8 779 1045 824
913 2 2 9 8 517 541 540
914 2 2 9 8 1148 1191 1147
915 2 2 9 8 991 1278 1170
916 2 2 9 8 1126 1201 403
917 2 2 9 8 391 740 389
918 2 2 9 8 513 520 512
919 2 2 9 8 543 595 586
920 2 2 9 8 406 1003 998
921 2 2 9 8 795 796 658
922 2 2 9 8 676 1300 886
923 2 2 9 8 600 601 575
924 2 2 9 8 679 953 647
925 2 2 9 8 699 700 668
926 2 2 9 8 1047 1256 292
927 2 2 9 8 526 559 527
928 2 2 9 8 799 1341 798
929 2 2 9 8 1070 1118 281
930 2 2 9 8 279 1124 906
931 2 2 9 8 294 1257 1101
932 2 2 9 8 682 684 683
933 2 2 9 8 837 838 709
934 2 2 9 8 884 1284 1149
935 2 2 9 8 671 679 647
936 2 2 9 8 986 1141 988
937 2 2 9 8 264 1302 887
938 2 2 9 8 865 1279 943
939 2 2 9 8 727 1005 728
940 2 2 9 8 436 1161 432
941 2 2 9 8 440 889 438
942 2 2 9 8 451 896 449
943 2 2 9 8 834 1292 833
944 2 2 9 8 403 1122 243
945 2 2 9 8 439 440 438
946 2 2 9 8 255 918 180
947 2 2 9 8 182 898 181
948 2 2 9 8 1007 1131 296
949 2 2 9 8 466 468 467
950 2 2 9 8 528 1137 1129
951 2 2 9 8 880 1273 786
952 2 2 9 8 396 1092 740
953 2 2 9 8 523 538 519
954 2 2 9 8 462 463 461
955 2 2 9 8 938 950 939
956 2 2 9 8 794 1210 927
957 2 2 9 8 689 691 688
958 2 2 9 8 599 861 860
959 2 2 9 8 392 1150 897
960 2 2 9 8 885 1078 264
961 2 2 9 8 824 1088 825
962 2 2 9 8 812 1324 700
963 2 2 9 8 364 365 363
964 2 2 9 8 997 1338 1240
965 2 2 9 8 457 933 453
966 2 2 9 8 521 529 520
967 2 2 9 8 602 1325 788
968 2 2 9 8 302 1060 890
969 2 2 9 8 677 678 652
970 2 2 9 8 439 441 440
971 2 2 9 8 470 907 883
972 2 2 9 8 363 1165 344
973 2 2 9 8 488 499 498
974 2 2 9 8 938 939 796
975 2 2 9 8 150 1257 294
976 2 2 9 8 460 461 457
977 2 2 9 8 547 655 570
978 2 2 9 8 880 1347 1102
979 2 2 9 8 848 1031 846
980 2 2 9 8 888 1320 293
981 2 2 9 8 680 682 681
982 2 2 9 8 456 457 453
983 2 2 9 8 1212 1318 274
984 2 2 9 8 293 1320 948
985 2 2 9 8 1064 1266 359
986 2 2 9 8 360 363 344
987 2 2 9 8 1099 1100 816
988 2 2 9 8 841 957 681
989 2 2 9 8 944 946 297
990 2 2 9 8 464 466 465
991 2 2 9 8 982 1223 999
992 2 2 9 8 704 1011 879
993 2 2 9 8 452 453 451
994 2 2 9 8 441 443 442
995 2 2 9 8 904 1035 267
996 2 2 9 8 571 1117 726
997 2 2 9 8 401 1201 823
998 2 2 9 8 1005 1081 278
999 2 2 9 8 441 442 440
1000 2 2 9 8 863 931 862
1001 2 2 9 8 891 1115 283
1002 2 2 9 8 604 605 592
1003 2 2 9 8 858 1342 694
1004 2 2 9 8 707 1331 1019
1005 2 2 9 8 437 439 438
1006 2 2 9 8 964 969 968
1007 2 2 9 8 515 519 507
1008 2 2 9 8 892 1251 557
1009 2 2 9 8 373 400 365
1010 2 2 9 8 1188 1208 738
1011 2 2 9 8 255 1105 918
1012 2 2 9 8 725 1016 1015
1013 2 2 9 8 986 987 985
1014 2 2 9 8 499 513 512
1015 2 2 9 8 694 1057 858
1016 2 2 9 8 665 946 624
1017 2 2 9 8 624 946 855
1018 2 2 9 8 734 1294 945
1019 2 2 9 8 1015 1261 1014
1020 2 2 9 8 574 575 569
1021 2 2 9 8 829 1033 909
1022 2 2 9 8 913 914 911
1023 2 2 9 8 712 956 416
1024 2 2 9 8 437 438 436
1025 2 2 9 8 205 1155 818
1026 2 2 9 8 504 505 503
1027 2 2 9 8 946 1051 297
1028 2 2 9 8 1151 1262 483
1029 2 2 9 8 506 507 505
1030 2 2 9 8 547 908 656
1031 2 2 9 8 614 615 591
1032 2 2 9 8 998 1003 952
1033 2 2 9 8 687 688 686
1034 2 2 9 8 909 1033 289
1035 2 2 9 8 349 916 372
1036 2 2 9 8 910 952 913
1037 2 2 9 8 979 1240 285
1038 2 2 9 8 555 1175 1031
1039 2 2 9 8 335 722 341
1040 2 2 9 8 821 1146 822
1041 2 2 9 8 290 1283 167
1042 2 2 9 8 119 1025 314
1043 2 2 9 8 1047 1126 249
1044 2 2 9 8 563 900 454
1045 2 2 9 8 881 1212 274
1046 2 2 9 8 72 1186 282
1047 2 2 9 8 406 1056 1003
1048 2 2 9 8 597 1065 949
1049 2 2 9 8 294 1298 149
1050 2 2 9 8 489 517 516
1051 2 2 9 8 957 1013 522
1052 2 2 9 8 886 1145 676
1053 2 2 9 8 330 1208 1188
1054 2 2 9 8 387 1259 1225
1055 2 2 9 8 384 1064 1039
1056 2 2 9 8 463 930 461
1057 2 2 9 8 183 297 182
1058 2 2 9 8 675 676 595
1059 2 2 9 8 580 617 616
1060 2 2 9 8 250 1257 151
1061 2 2 9 8 416 956 418
1062 2 2 9 8 111 1128 248
1063 2 2 9 8 651 1192 892
1064 2 2 9 8 745 955 906
1065 2 2 9 8 617 668 667
1066 2 2 9 8 513 521 520
1067 2 2 9 8 201 283 200
1068 2 2 9 8 448 454 446
1069 2 2 9 8 507 1341 566
1070 2 2 9 8 473 479 474
1071 2 2 9 8 91 293 90
1072 2 2 9 8 861 863 862
1073 2 2 9 8 759 935 761
1074 2 2 9 8 599 1034 861
1075 2 2 9 8 486 621 495
1076 2 2 9 8 488 1017 499
1077 2 2 9 8 172 870 254
1078 2 2 9 8 526 527 497
1079 2 2 9 8 470 473 471
1080 2 2 9 8 918 1105 712
1081 2 2 9 8 467 470 469
1082 2 2 9 8 921 1125 417
1083 2 2 9 8 453 542 451
1084 2 2 9 8 462 464 463
1085 2 2 9 8 1311 1312 107
1086 2 2 9 8 458 459 454
1087 2 2 9 8 499 1017 579
1088 2 2 9 8 665 1051 946
1089 2 2 9 8 692 695 694
1090 2 2 9 8 426 1024 604
1091 2 2 9 8 896 980 449
1092 2 2 9 8 882 1139 270
1093 2 2 9 8 937 1279 865
1094 2 2 9 8 700 1324 668
1095 2 2 9 8 781 803 144
1096 2 2 9 8 1217 1238 902
1097 2 2 9 8 802 854 609
1098 2 2 9 8 523 539 538
1099 2 2 9 8 453 933 542
1100 2 2 9 8 213 844 212
1101 2 2 9 8 604 624 605
1102 2 2 9 8 835 949 892
1103 2 2 9 8 986 988 987
1104 2 2 9 8 766 954 769
1105 2 2 9 8 136 1256 135
1106 2 2 9 8 111 248 110
1107 2 2 9 8 916 1108 372
1108 2 2 9 8 449 980 448
1109 2 2 9 8 671 680 679
1110 2 2 9 8 825 1204 1099
1111 2 2 9 8 549 582 548
1112 2 2 9 8 951 954 763
1113 2 2 9 8 413 1106 842
1114 2 2 9 8 763 954 766
1115 2 2 9 8 695 1058 1057
1116 2 2 9 8 954 994 993
1117 2 2 9 8 951 995 994
1118 2 2 9 8 265 379 378
1119 2 2 9 8 760 951 763
1120 2 2 9 8 461 472 457
1121 2 2 9 8 183 944 297
1122 2 2 9 8 256 804 376
1123 2 2 9 8 756 1098 755
1124 2 2 9 8 484 485 477
1125 2 2 9 8 640 697 693
1126 2 2 9 8 476 477 459
1127 2 2 9 8 1111 1224 869
1128 2 2 9 8 677 1001 678
1129 2 2 9 8 685 686 684
1130 2 2 9 8 604 665 624
1131 2 2 9 8 624 625 605
1132 2 2 9 8 988 989 987
1133 2 2 9 8 326 1164 321
1134 2 2 9 8 954 993 769
1135 2 2 9 8 951 994 954
1136 2 2 9 8 861 1034 864
1137 2 2 9 8 566 1341 1185
1138 2 2 9 8 717 1193 1067
1139 2 2 9 8 530 543 529
1140 2 2 9 8 625 626 605
1141 2 2 9 8 624 855 625
1142 2 2 9 8 988 990 989
1143 2 2 9 8 989 992 987
1144 2 2 9 8 422 956 650
1145 2 2 9 8 664 1194 358
1146 2 2 9 8 637 959 641
1147 2 2 9 8 322 1110 325
1148 2 2 9 8 590 591 560
1149 2 2 9 8 625 627 626
1150 2 2 9 8 501 547 546
1151 2 2 9 8 605 1004 592
1152 2 2 9 8 627 628 626
1153 2 2 9 8 627 629 628
1154 2 2 9 8 627 734 629
1155 2 2 9 8 629 630 628
1156 2 2 9 8 904 958 771
1157 2 2 9 8 771 958 768
1158 2 2 9 8 629 631 630
1159 2 2 9 8 959 960 641
1160 2 2 9 8 631 632 630
1161 2 2 9 8 770 970 772
1162 2 2 9 8 959 961 960
1163 2 2 9 8 631 633 632
1164 2 2 9 8 961 962 960
1165 2 2 9 8 633 634 632
1166 2 2 9 8 631 669 633
1167 2 2 9 8 961 965 962
1168 2 2 9 8 962 963 960
1169 2 2 9 8 633 635 634
1170 2 2 9 8 962 964 963
1171 2 2 9 8 635 636 634
1172 2 2 9 8 964 966 963
1173 2 2 9 8 635 637 636
1174 2 2 9 8 966 967 963
1175 2 2 9 8 635 643 637
1176 2 2 9 8 643 959 637
1177 2 2 9 8 774 775 773
1178 2 2 9 8 772 774 773
1179 2 2 9 8 773 904 771
1180 2 2 9 8 960 975 641
1181 2 2 9 8 772 773 771
1182 2 2 9 8 669 971 633
1183 2 2 9 8 633 971 635
1184 2 2 9 8 971 972 643
1185 2 2 9 8 857 970 770
1186 2 2 9 8 770 772 771
1187 2 2 9 8 635 971 643
1188 2 2 9 8 669 974 973
1189 2 2 9 8 963 975 960
1190 2 2 9 8 971 973 972
1191 2 2 9 8 770 771 768
1192 2 2 9 8 769 857 770
1193 2 2 9 8 669 973 971
1194 2 2 9 8 967 975 963
1195 2 2 9 8 769 770 768
1196 2 2 9 8 768 958 767
1197 2 2 9 8 766 769 768
1198 2 2 9 8 734 977 629
1199 2 2 9 8 669 977 974
1200 2 2 9 8 629 977 631
1201 2 2 9 8 766 768 767
1202 2 2 9 8 631 977 669
1203 2 2 9 8 424 426 425
1204 2 2 9 8 766 767 765
1205 2 2 9 8 628 1000 626
1206 2 2 9 8 422 650 424
1207 2 2 9 8 424 425 423
1208 2 2 9 8 765 888 762
1209 2 2 9 8 763 766 765
1210 2 2 9 8 422 424 423
1211 2 2 9 8 763 765 762
1212 2 2 9 8 761 995 951
1213 2 2 9 8 959 978 961
1214 2 2 9 8 643 978 959
1215 2 2 9 8 637 641 638
1216 2 2 9 8 972 979 978
1217 2 2 9 8 1001 1346 837
1218 2 2 9 8 418 956 422
1219 2 2 9 8 422 423 420
1220 2 2 9 8 972 978 643
1221 2 2 9 8 447 449 448
1222 2 2 9 8 761 951 760
1223 2 2 9 8 760 763 762
1224 2 2 9 8 764 936 935
1225 2 2 9 8 637 638 636
1226 2 2 9 8 973 997 972
1227 2 2 9 8 418 422 420
1228 2 2 9 8 769 993 857
1229 2 2 9 8 443 445 444
1230 2 2 9 8 467 469 465
1231 2 2 9 8 80 311 79
1232 2 2 9 8 764 935 759
1233 2 2 9 8 759 761 760
1234 2 2 9 8 760 762 758
1235 2 2 9 8 972 997 979
1236 2 2 9 8 445 447 446
1237 2 2 9 8 912 1335 1211
1238 2 2 9 8 699 1080 701
1239 2 2 9 8 1322 1331 707
1240 2 2 9 8 559 560 527
1241 2 2 9 8 402 820 819
1242 2 2 9 8 753 1238 1217
1243 2 2 9 8 939 1218 796
1244 2 2 9 8 367 1348 354
1245 2 2 9 8 992 1182 850
1246 2 2 9 8 266 1029 945
1247 2 2 9 8 194 312 193
1248 2 2 9 8 608 1152 996
1249 2 2 9 8 626 1004 605
1250 2 2 9 8 77 406 76
1251 2 2 9 8 952 1003 913
1252 2 2 9 8 418 420 419
1253 2 2 9 8 675 1300 676
1254 2 2 9 8 658 1112 905
1255 2 2 9 8 197 407 196
1256 2 2 9 8 862 1074 860
1257 2 2 9 8 612 743 613
1258 2 2 9 8 655 1008 570
1259 2 2 9 8 278 1077 1005
1260 2 2 9 8 399 1107 929
1261 2 2 9 8 986 1313 1141
1262 2 2 9 8 764 1235 936
1263 2 2 9 8 919 1068 494
1264 2 2 9 8 518 567 490
1265 2 2 9 8 343 1040 345
1266 2 2 9 8 721 868 276
1267 2 2 9 8 421 561 419
1268 2 2 9 8 180 918 179
1269 2 2 9 8 630 749 628
1270 2 2 9 8 749 1000 628
1271 2 2 9 8 271 1027 1026
1272 2 2 9 8 847 1071 848
1273 2 2 9 8 884 1149 839
1274 2 2 9 8 567 1015 1014
1275 2 2 9 8 376 1181 375
1276 2 2 9 8 450 451 449
1277 2 2 9 8 1000 1004 626
1278 2 2 9 8 699 701 700
1279 2 2 9 8 604 1024 665
1280 2 2 9 8 1077 1227 728
1281 2 2 9 8 1230 1296 275
1282 2 2 9 8 757 764 759
1283 2 2 9 8 759 760 758
1284 2 2 9 8 701 703 702
1285 2 2 9 8 260 1226 92
1286 2 2 9 8 567 1014 490
1287 2 2 9 8 76 998 75
1288 2 2 9 8 443 444 442
1289 2 2 9 8 583 603 602
1290 2 2 9 8 552 1274 893
1291 2 2 9 8 445 1012 447
1292 2 2 9 8 774 1006 775
1293 2 2 9 8 656 908 805
1294 2 2 9 8 805 1176 711
1295 2 2 9 8 744 926 876
1296 2 2 9 8 293 948 90
1297 2 2 9 8 192 285 191
1298 2 2 9 8 873 1195 947
1299 2 2 9 8 667 1324 942
1300 2 2 9 8 184 944 183
1301 2 2 9 8 537 548 536
1302 2 2 9 8 650 1024 424
1303 2 2 9 8 618 871 491
1304 2 2 9 8 915 1099 816
1305 2 2 9 8 828 1327 827
1306 2 2 9 8 531 1055 917
1307 2 2 9 8 480 1017 488
1308 2 2 9 8 717 1133 716
1309 2 2 9 8 486 1127 621
1310 2 2 9 8 900 1093 444
1311 2 2 9 8 406 998 76
1312 2 2 9 8 659 877 660
1313 2 2 9 8 873 947 623
1314 2 2 9 8 333 928 317
1315 2 2 9 8 810 1080 920
1316 2 2 9 8 87 298 86
1317 2 2 9 8 189 272 188
1318 2 2 9 8 89 267 88
1319 2 2 9 8 85 273 84
1320 2 2 9 8 82 288 81
1321 2 2 9 8 185 266 184
1322 2 2 9 8 187 296 186
1323 2 2 9 8 81 984 80
1324 2 2 9 8 75 289 74
1325 2 2 9 8 556 569 554
1326 2 2 9 8 809 1108 851
1327 2 2 9 8 603 1325 602
1328 2 2 9 8 188 1007 187
1329 2 2 9 8 465 1054 463
1330 2 2 9 8 418 419 417
1331 2 2 9 8 281 1118 713
1332 2 2 9 8 1027 1041 1026
1333 2 2 9 8 559 1034 599
1334 2 2 9 8 536 1048 532
1335 2 2 9 8 90 948 89
1336 2 2 9 8 750 1317 616
1337 2 2 9 8 490 1014 482
1338 2 2 9 8 920 1080 528
1339 2 2 9 8 735 1073 581
1340 2 2 9 8 282 1022 874
1341 2 2 9 8 521 530 529
1342 2 2 9 8 872 873 623
1343 2 2 9 8 345 1040 732
1344 2 2 9 8 297 1051 898
1345 2 2 9 8 1246 1282 1069
1346 2 2 9 8 753 1239 752
1347 2 2 9 8 931 1263 862
1348 2 2 9 8 785 1165 736
1349 2 2 9 8 80 984 311
1350 2 2 9 8 333 929 928
1351 2 2 9 8 252 371 369
1352 2 2 9 8 584 1334 585
1353 2 2 9 8 945 1221 734
1354 2 2 9 8 455 664 358
1355 2 2 9 8 460 462 461
1356 2 2 9 8 456 460 457
1357 2 2 9 8 740 1092 1091
1358 2 2 9 8 645 1316 1070
1359 2 2 9 8 443 1021 445
1360 2 2 9 8 448 458 454
1361 2 2 9 8 452 456 453
1362 2 2 9 8 350 352 351
1363 2 2 9 8 689 692 691
1364 2 2 9 8 666 1236 655
1365 2 2 9 8 1087 1190 882
1366 2 2 9 8 94 1098 93
1367 2 2 9 8 463 1054 930
1368 2 2 9 8 499 579 513
1369 2 2 9 8 79 1056 78
1370 2 2 9 8 870 1296 903
1371 2 2 9 8 931 1218 939
1372 2 2 9 8 1105 1303 956
1373 2 2 9 8 195 1059 194
1374 2 2 9 8 589 672 588
1375 2 2 9 8 675 1215 854
1376 2 2 9 8 249 1256 1047
1377 2 2 9 8 864 866 863
1378 2 2 9 8 75 998 289
1379 2 2 9 8 199 301 198
1380 2 2 9 8 424 1024 426
1381 2 2 9 8 533 659 535
1382 2 2 9 8 1017 1018 579
1383 2 2 9 8 325 337 336
1384 2 2 9 8 876 1340 745
1385 2 2 9 8 289 998 952
1386 2 2 9 8 1014 1094 482
1387 2 2 9 8 543 675 595
1388 2 2 9 8 200 1010 199
1389 2 2 9 8 346 1040 343
1390 2 2 9 8 690 1216 1027
1391 2 2 9 8 89 948 267
1392 2 2 9 8 534 536 532
1393 2 2 9 8 281 1328 1070
1394 2 2 9 8 461 930 472
1395 2 2 9 8 547 570 546
1396 2 2 9 8 466 1030 468
1397 2 2 9 8 541 554 540
1398 2 2 9 8 492 504 503
1399 2 2 9 8 926 1249 876
1400 2 2 9 8 517 540 516
1401 2 2 9 8 430 895 428
1402 2 2 9 8 445 446 444
1403 2 2 9 8 450 452 451
1404 2 2 9 8 678 709 708
1405 2 2 9 8 1138 1277 287
1406 2 2 9 8 429 433 431
1407 2 2 9 8 615 652 651
1408 2 2 9 8 426 592 427
1409 2 2 9 8 732 1125 1019
1410 2 2 9 8 420 421 419
1411 2 2 9 8 447 448 446
1412 2 2 9 8 448 980 458
1413 2 2 9 8 266 944 184
1414 2 2 9 8 288 984 81
1415 2 2 9 8 518 705 567
1416 2 2 9 8 510 571 544
1417 2 2 9 8 386 387 370
1418 2 2 9 8 570 1008 654
1419 2 2 9 8 743 1198 744
1420 2 2 9 8 611 1097 610
1421 2 2 9 8 687 689 688
1422 2 2 9 8 356 362 357
1423 2 2 9 8 272 1007 188
1424 2 2 9 8 187 1007 296
1425 2 2 9 8 341 346 343
1426 2 2 9 8 312 1038 193
1427 2 2 9 8 542 896 451
1428 2 2 9 8 645 1070 646
1429 2 2 9 8 295 1128 114
1430 2 2 9 8 186 1029 185
1431 2 2 9 8 447 450 449
1432 2 2 9 8 757 759 758
1433 2 2 9 8 93 1098 260
1434 2 2 9 8 441 475 443
1435 2 2 9 8 701 1080 810
1436 2 2 9 8 748 940 612
1437 2 2 9 8 527 1063 497
1438 2 2 9 8 322 325 324
1439 2 2 9 8 450 593 452
1440 2 2 9 8 444 1093 442
1441 2 2 9 8 246 1258 164
1442 2 2 9 8 576 645 577
1443 2 2 9 8 271 1026 932
1444 2 2 9 8 129 243 128
1445 2 2 9 8 147 244 146
1446 2 2 9 8 265 378 105
1447 2 2 9 8 646 1070 818
1448 2 2 9 8 472 933 457
1449 2 2 9 8 833 1292 1091
1450 2 2 9 8 940 1339 743
1451 2 2 9 8 165 246 164
1452 2 2 9 8 88 1035 87
1453 2 2 9 8 36 261 35
1454 2 2 9 8 435 437 436
1455 2 2 9 8 1159 1212 881
1456 2 2 9 8 1166 1167 1090
1457 2 2 9 8 97 310 96
1458 2 2 9 8 154 1293 153
1459 2 2 9 8 594 596 587
1460 2 2 9 8 283 1010 200
1461 2 2 9 8 571 726 572
1462 2 2 9 8 185 1029 266
1463 2 2 9 8 296 1029 186
1464 2 2 9 8 571 1286 1117
1465 2 2 9 8 192 1038 285
1466 2 2 9 8 74 1033 73
1467 2 2 9 8 470 471 469
1468 2 2 9 8 352 354 353
1469 2 2 9 8 827 1327 826
1470 2 2 9 8 455 1032 664
1471 2 2 9 8 387 1308 1154
1472 2 2 9 8 193 1038 192
1473 2 2 9 8 103 259 102
1474 2 2 9 8 685 687 686
1475 2 2 9 8 121 247 120
1476 2 2 9 8 267 1035 88
1477 2 2 9 8 87 1035 298
1478 2 2 9 8 886 1300 802
1479 2 2 9 8 549 583 582
1480 2 2 9 8 545 587 500
1481 2 2 9 8 473 474 471
1482 2 2 9 8 117 251 116
1483 2 2 9 8 730 735 581
1484 2 2 9 8 139 242 138
1485 2 2 9 8 354 356 355
1486 2 2 9 8 157 245 156
1487 2 2 9 8 776 1168 778
1488 2 2 9 8 682 685 684
1489 2 2 9 8 1067 1291 578
1490 2 2 9 8 1090 1168 367
1491 2 2 9 8 861 864 863
1492 2 2 9 8 945 1294 855
1493 2 2 9 8 435 436 432
1494 2 2 9 8 479 481 474
1495 2 2 9 8 826 1327 673
1496 2 2 9 8 525 580 514
1497 2 2 9 8 924 1205 843
1498 2 2 9 8 469 1054 465
1499 2 2 9 8 495 501 500
1500 2 2 9 8 646 818 670
1501 2 2 9 8 860 1074 937
1502 2 2 9 8 511 514 509
1503 2 2 9 8 427 1268 429
1504 2 2 9 8 515 523 519
1505 2 2 9 8 694 1342 852
1506 2 2 9 8 213 1244 844
1507 2 2 9 8 695 1057 694
1508 2 2 9 8 35 1036 34
1509 2 2 9 8 439 1013 441
1510 2 2 9 8 37 1023 36
1511 2 2 9 8 869 1224 792
1512 2 2 9 8 382 383 381
1513 2 2 9 8 996 1152 710
1514 2 2 9 8 977 1131 974
1515 2 2 9 8 897 1295 329
1516 2 2 9 8 486 495 494
1517 2 2 9 8 437 522 439
1518 2 2 9 8 497 1063 487
1519 2 2 9 8 506 515 507
1520 2 2 9 8 775 1135 773
1521 2 2 9 8 671 1026 680
1522 2 2 9 8 169 1309 334
1523 2 2 9 8 1121 1236 666
1524 2 2 9 8 445 1021 1012
1525 2 2 9 8 385 733 731
1526 2 2 9 8 393 396 391
1527 2 2 9 8 898 1051 899
1528 2 2 9 8 878 1287 877
1529 2 2 9 8 623 947 611
1530 2 2 9 8 840 1050 1049
1531 2 2 9 8 504 506 505
1532 2 2 9 8 400 934 815
1533 2 2 9 8 295 1103 928
1534 2 2 9 8 175 275 174
1535 2 2 9 8 434 576 493
1536 2 2 9 8 152 250 151
1537 2 2 9 8 134 249 133
1538 2 2 9 8 698 699 668
1539 2 2 9 8 528 1129 502
1540 2 2 9 8 733 1028 731
1541 2 2 9 8 722 1053 903
1542 2 2 9 8 199 1010 301
1543 2 2 9 8 985 1333 914
1544 2 2 9 8 318 330 320
1545 2 2 9 8 961 1153 965
1546 2 2 9 8 979 1153 978
1547 2 2 9 8 1046 1184 383
1548 2 2 9 8 34 300 33
1549 2 2 9 8 450 1012 593
1550 2 2 9 8 38 299 37
1551 2 2 9 8 895 1161 813
1552 2 2 9 8 323 326 321
1553 2 2 9 8 1147 1181 1166
1554 2 2 9 8 953 1132 493
1555 2 2 9 8 530 1048 543
1556 2 2 9 8 434 1269 576
1557 2 2 9 8 458 476 459
1558 2 2 9 8 822 1090 820
1559 2 2 9 8 276 817 68
1560 2 2 9 8 360 364 363
1561 2 2 9 8 319 333 317
1562 2 2 9 8 311 1056 79
1563 2 2 9 8 263 1156 938
1564 2 2 9 8 39 1037 38
1565 2 2 9 8 402 819 368
1566 2 2 9 8 990 1061 989
1567 2 2 9 8 1293 1308 1241
1568 2 2 9 8 495 500 494
1569 2 2 9 8 414 712 416
1570 2 2 9 8 194 1059 312
1571 2 2 9 8 705 1121 567
1572 2 2 9 8 484 1068 485
1573 2 2 9 8 289 1033 74
1574 2 2 9 8 476 484 477
1575 2 2 9 8 570 654 653
1576 2 2 9 8 1068 1113 485
1577 2 2 9 8 521 531 530
1578 2 2 9 8 447 1012 450
1579 2 2 9 8 135 1256 249
1580 2 2 9 8 252 369 159
1581 2 2 9 8 518 706 705
1582 2 2 9 8 807 1288 897
1583 2 2 9 8 50 1250 1043
1584 2 2 9 8 334 335 290
1585 2 2 9 8 887 1145 886
1586 2 2 9 8 91 1226 293
1587 2 2 9 8 1042 1189 269
1588 2 2 9 8 877 1160 660
1589 2 2 9 8 969 1314 312
1590 2 2 9 8 762 1134 758
1591 2 2 9 8 1035 1135 298
1592 2 2 9 8 870 903 254
1593 2 2 9 8 678 708 652
1594 2 2 9 8 1146 1147 822
1595 2 2 9 8 981 982 644
1596 2 2 9 8 677 1044 1001
1597 2 2 9 8 1016 1276 1261
1598 2 2 9 8 557 1206 556
1599 2 2 9 8 593 1069 452
1600 2 2 9 8 838 996 709
1601 2 2 9 8 407 1326 968
1602 2 2 9 8 711 1158 725
1603 2 2 9 8 318 1208 330
1604 2 2 9 8 413 1290 411
1605 2 2 9 8 486 494 484
1606 2 2 9 8 772 1196 774
1607 2 2 9 8 456 478 460
1608 2 2 9 8 1146 1148 1147
1609 2 2 9 8 721 1193 868
1610 2 2 9 8 751 753 752
1611 2 2 9 8 124 739 257
1612 2 2 9 8 313 782 162
1613 2 2 9 8 42 1104 41
1614 2 2 9 8 615 651 591
1615 2 2 9 8 531 532 530
1616 2 2 9 8 571 572 544
1617 2 2 9 8 863 1218 931
1618 2 2 9 8 943 1281 262
1619 2 2 9 8 516 518 490
1620 2 2 9 8 317 928 315
1621 2 2 9 8 670 671 647
1622 2 2 9 8 464 483 466
1623 2 2 9 8 471 598 469
1624 2 2 9 8 416 418 417
1625 2 2 9 8 597 1063 527
1626 2 2 9 8 579 1055 513
1627 2 2 9 8 476 486 484
1628 2 2 9 8 822 1166 1090
1629 2 2 9 8 513 1055 521
1630 2 2 9 8 359 508 455
1631 2 2 9 8 1057 1058 553
1632 2 2 9 8 873 1280 1195
1633 2 2 9 8 1335 1344 992
1634 2 2 9 8 543 1048 675
1635 2 2 9 8 1102 1273 880
1636 2 2 9 8 560 597 527
1637 2 2 9 8 475 1021 443
1638 2 2 9 8 617 698 668
1639 2 2 9 8 550 1219 538
1640 2 2 9 8 298 1278 1199
1641 2 2 9 8 598 1054 469
1642 2 2 9 8 788 1214 1139
1643 2 2 9 8 917 1271 878
1644 2 2 9 8 672 1022 826
1645 2 2 9 8 849 1310 1020
1646 2 2 9 8 904 1135 1035
1647 2 2 9 8 851 1108 404
1648 2 2 9 8 1040 1106 732
1649 2 2 9 8 780 875 777
1650 2 2 9 8 514 1032 509
1651 2 2 9 8 364 373 365
1652 2 2 9 8 1020 1310 398
1653 2 2 9 8 273 1199 991
1654 2 2 9 8 481 489 482
1655 2 2 9 8 852 1262 853
1656 2 2 9 8 273 1141 84
1657 2 2 9 8 379 1144 382
1658 2 2 9 8 627 1294 734
1659 2 2 9 8 765 1320 888
1660 2 2 9 8 501 546 545
1661 2 2 9 8 350 351 348
1662 2 2 9 8 31 263 30
1663 2 2 9 8 1005 1082 1081
1664 2 2 9 8 397 757 756
1665 2 2 9 8 257 395 377
1666 2 2 9 8 855 1294 625
1667 2 2 9 8 41 262 40
1668 2 2 9 8 714 751 730
1669 2 2 9 8 659 660 535
1670 2 2 9 8 397 756 755
1671 2 2 9 8 327 328 326
1672 2 2 9 8 511 525 514
1673 2 2 9 8 745 1340 955
1674 2 2 9 8 481 482 474
1675 2 2 9 8 284 1329 100
1676 2 2 9 8 565 589 588
1677 2 2 9 8 882 1190 801
1678 2 2 9 8 78 1264 4
1679 2 2 9 8 1 1265 195
1680 2 2 9 8 155 1307 291
1681 2 2 9 8 525 581 580
1682 2 2 9 8 648 901 649
1683 2 2 9 8 574 1152 608
1684 2 2 9 8 452 1069 456
1685 2 2 9 8 4 1264 77
1686 2 2 9 8 196 1265 1
1687 2 2 9 8 751 752 730
1688 2 2 9 8 374 830 385
1689 2 2 9 8 531 533 532
1690 2 2 9 8 525 714 581
1691 2 2 9 8 980 1127 458
1692 2 2 9 8 709 710 708
1693 2 2 9 8 992 1344 987
1694 2 2 9 8 518 1095 706
1695 2 2 9 8 462 1052 464
1696 2 2 9 8 30 1060 29
1697 2 2 9 8 261 1036 35
1698 2 2 9 8 36 1023 261
1699 2 2 9 8 395 738 377
1700 2 2 9 8 107 1312 106
1701 2 2 9 8 914 1253 984
1702 2 2 9 8 585 1334 1182
1703 2 2 9 8 1182 1334 568
1704 2 2 9 8 332 1174 793
1705 2 2 9 8 968 1326 301
1706 2 2 9 8 1046 1330 1184
1707 2 2 9 8 648 649 573
1708 2 2 9 8 384 1039 373
1709 2 2 9 8 572 648 573
1710 2 2 9 8 534 537 536
1711 2 2 9 8 397 755 396
1712 2 2 9 8 716 1173 919
1713 2 2 9 8 390 1174 1150
1714 2 2 9 8 804 831 376
1715 2 2 9 8 522 1013 439
1716 2 2 9 8 291 1308 1293
1717 2 2 9 8 510 544 511
1718 2 2 9 8 572 573 544
1719 2 2 9 8 537 549 548
1720 2 2 9 8 265 380 379
1721 2 2 9 8 1042 1043 791
1722 2 2 9 8 441 1013 475
1723 2 2 9 8 950 1156 32
1724 2 2 9 8 29 302 28
1725 2 2 9 8 141 1343 375
1726 2 2 9 8 676 1145 923
1727 2 2 9 8 288 1313 986
1728 2 2 9 8 257 404 395
1729 2 2 9 8 837 1247 838
1730 2 2 9 8 489 516 490
1731 2 2 9 8 1000 1268 1004
1732 2 2 9 8 922 1110 330
1733 2 2 9 8 938 1156 950
1734 2 2 9 8 532 1048 530
1735 2 2 9 8 929 1210 399
1736 2 2 9 8 701 810 703
1737 2 2 9 8 43 305 42
1738 2 2 9 8 137 1148 292
1739 2 2 9 8 714 730 581
1740 2 2 9 8 359 455 358
1741 2 2 9 8 1144 1237 793
1742 2 2 9 8 20 1084 19
1743 2 2 9 8 570 653 546
1744 2 2 9 8 728 1049 662
1745 2 2 9 8 501 545 500
1746 2 2 9 8 197 1326 407
1747 2 2 9 8 468 1287 907
1748 2 2 9 8 456 1069 478
1749 2 2 9 8 757 758 756
1750 2 2 9 8 492 1113 504
1751 2 2 9 8 680 1041 682
1752 2 2 9 8 521 1055 531
1753 2 2 9 8 554 555 540
1754 2 2 9 8 757 1109 764
1755 2 2 9 8 314 315 251
1756 2 2 9 8 372 1108 809
1757 2 2 9 8 54 1081 53
1758 2 2 9 8 254 1309 170
1759 2 2 9 8 298 1199 86
1760 2 2 9 8 85 1199 273
1761 2 2 9 8 545 594 587
1762 2 2 9 8 489 490 482
1763 2 2 9 8 650 1123 1024
1764 2 2 9 8 741 1246 808
1765 2 2 9 8 1023 1074 261
1766 2 2 9 8 693 1118 742
1767 2 2 9 8 1122 1231 243
1768 2 2 9 8 594 619 596
1769 2 2 9 8 314 1025 316
1770 2 2 9 8 594 729 619
1771 2 2 9 8 244 1298 1088
1772 2 2 9 8 44 1062 43
1773 2 2 9 8 610 1097 715
1774 2 2 9 8 562 611 610
1775 2 2 9 8 709 996 710
1776 2 2 9 8 1016 1301 930
1777 2 2 9 8 504 606 506
1778 2 2 9 8 692 724 695
1779 2 2 9 8 485 1113 492
1780 2 2 9 8 723 1316 645
1781 2 2 9 8 34 1036 300
1782 2 2 9 8 18 1086 17
1783 2 2 9 8 299 1023 37
1784 2 2 9 8 687 690 689
1785 2 2 9 8 540 1095 516
1786 2 2 9 8 373 1039 400
1787 2 2 9 8 833 1091 258
1788 2 2 9 8 167 1283 246
1789 2 2 9 8 984 1253 311
1790 2 2 9 8 510 511 509
1791 2 2 9 8 1160 1342 660
1792 2 2 9 8 796 1112 658
1793 2 2 9 8 515 524 523
1794 2 2 9 8 21 1085 20
1795 2 2 9 8 1004 1268 592
1796 2 2 9 8 593 1255 1246
1797 2 2 9 8 591 1065 560
1798 2 2 9 8 285 1240 191
1799 2 2 9 8 516 1095 518
1800 2 2 9 8 303 1050 840
1801 2 2 9 8 642 981 639
1802 2 2 9 8 45 268 44
1803 2 2 9 8 158 369 245
1804 2 2 9 8 983 1269 433
1805 2 2 9 8 662 663 601
1806 2 2 9 8 387 1154 370
1807 2 2 9 8 562 622 611
1808 2 2 9 8 829 1186 1033
1809 2 2 9 8 57 307 56
1810 2 2 9 8 26 264 25
1811 2 2 9 8 508 510 509
1812 2 2 9 8 385 731 384
1813 2 2 9 8 56 1076 55
1814 2 2 9 8 14 308 13
1815 2 2 9 8 46 1072 45
1816 2 2 9 8 539 578 551
1817 2 2 9 8 15 1079 14
1818 2 2 9 8 682 1041 685
1819 2 2 9 8 55 278 54
1820 2 2 9 8 16 280 15
1821 2 2 9 8 523 1066 539
1822 2 2 9 8 731 1064 384
1823 2 2 9 8 622 623 611
1824 2 2 9 8 1003 1253 913
1825 2 2 9 8 325 336 324
1826 2 2 9 8 25 1078 24
1827 2 2 9 8 899 1105 255
1828 2 2 9 8 1031 1175 620
1829 2 2 9 8 670 932 671
1830 2 2 9 8 52 277 51
1831 2 2 9 8 47 309 46
1832 2 2 9 8 19 279 18
1833 2 2 9 8 646 647 577
1834 2 2 9 8 483 1030 466
1835 2 2 9 8 160 782 252
1836 2 2 9 8 24 306 23
1837 2 2 9 8 947 1195 726
1838 2 2 9 8 1026 1041 680
1839 2 2 9 8 272 1338 997
1840 2 2 9 8 393 397 396
1841 2 2 9 8 189 1338 272
1842 2 2 9 8 48 1083 47
1843 2 2 9 8 38 1037 299
1844 2 2 9 8 337 338 336
1845 2 2 9 8 23 1087 22
1846 2 2 9 8 509 1032 455
1847 2 2 9 8 82 1313 288
1848 2 2 9 8 853 1262 1151
1849 2 2 9 8 607 612 603
1850 2 2 9 8 813 872 623
1851 2 2 9 8 299 1279 937
1852 2 2 9 8 734 1131 977
1853 2 2 9 8 494 1068 484
1854 2 2 9 8 1010 1187 966
1855 2 2 9 8 49 269 48
1856 2 2 9 8 22 270 21
1857 2 2 9 8 646 670 647
1858 2 2 9 8 932 1026 671
1859 2 2 9 8 823 1201 1126
1860 2 2 9 8 850 1335 992
1861 2 2 9 8 533 534 532
1862 2 2 9 8 262 1104 1044
1863 2 2 9 8 345 732 361
1864 2 2 9 8 437 1132 522
1865 2 2 9 8 654 856 653
1866 2 2 9 8 371 736 386
1867 2 2 9 8 930 1276 1016
1868 2 2 9 8 73 1186 72
1869 2 2 9 8 356 357 355
1870 2 2 9 8 773 1135 904
1871 2 2 9 8 375 1343 376
1872 2 2 9 8 580 1073 617
1873 2 2 9 8 581 1073 580
1874 2 2 9 8 1033 1186 73
1875 2 2 9 8 301 1326 198
1876 2 2 9 8 435 1132 437
1877 2 2 9 8 991 1170 990
1878 2 2 9 8 712 1243 918
1879 2 2 9 8 679 1270 953
1880 2 2 9 8 369 370 245
1881 2 2 9 8 660 858 535
1882 2 2 9 8 831 832 376
1883 2 2 9 8 1008 1236 705
1884 2 2 9 8 727 1082 1005
1885 2 2 9 8 1166 1181 832
1886 2 2 9 8 305 1346 1001
1887 2 2 9 8 1225 1308 387
1888 2 2 9 8 431 432 430
1889 2 2 9 8 589 674 672
1890 2 2 9 8 458 1127 476
1891 2 2 9 8 385 1228 733
1892 2 2 9 8 376 1343 256
1893 2 2 9 8 674 1022 672
1894 2 2 9 8 464 1052 483
1895 2 2 9 8 1024 1123 665
1896 2 2 9 8 808 1220 841
1897 2 2 9 8 575 620 569
1898 2 2 9 8 555 1095 540
1899 2 2 9 8 1304 1305 339
1900 2 2 9 8 399 1020 398
1901 2 2 9 8 533 535 534
1902 2 2 9 8 32 1156 31
1903 2 2 9 8 374 384 373
1904 2 2 9 8 429 431 430
1905 2 2 9 8 567 1121 1015
1906 2 2 9 8 434 435 432
1907 2 2 9 8 345 360 344
1908 2 2 9 8 622 813 623
1909 2 2 9 8 431 434 432
1910 2 2 9 8 292 1148 1146
1911 2 2 9 8 386 1259 387
1912 2 2 9 8 504 1113 606
1913 2 2 9 8 983 1223 982
1914 2 2 9 8 84 1141 83
1915 2 2 9 8 665 1123 1051
1916 2 2 9 8 652 1192 651
1917 2 2 9 8 508 509 455
1918 2 2 9 8 576 577 493
1919 2 2 9 8 291 1307 1154
1920 2 2 9 8 374 1172 830
1921 2 2 9 8 619 1245 596
1922 2 2 9 8 546 1140 545
1923 2 2 9 8 978 1153 961
1924 2 2 9 8 721 1291 1193
1925 2 2 9 8 786 1273 1050
1926 2 2 9 8 1069 1282 478
1927 2 2 9 8 1051 1123 899
1928 2 2 9 8 357 359 358
1929 2 2 9 8 352 353 351
1930 2 2 9 8 560 1065 597
1931 2 2 9 8 483 1262 1030
1932 2 2 9 8 269 1189 1083
1933 2 2 9 8 645 646 577
1934 2 2 9 8 58 1075 57
1935 2 2 9 8 13 1116 12
1936 2 2 9 8 1115 1187 283
1937 2 2 9 8 651 1065 591
1938 2 2 9 8 1006 1170 775
1939 2 2 9 8 982 999 644
1940 2 2 9 8 1070 1328 818
1941 2 2 9 8 389 1046 383
1942 2 2 9 8 476 1127 486
1943 2 2 9 8 607 1242 1058
1944 2 2 9 8 838 1247 1136
1945 2 2 9 8 903 1296 806
1946 2 2 9 8 840 1227 884
1947 2 2 9 8 378 381 259
1948 2 2 9 8 471 1094 598
1949 2 2 9 8 354 355 353
1950 2 2 9 8 262 1252 943
1951 2 2 9 8 433 1223 983
1952 2 2 9 8 416 417 415
1953 2 2 9 8 304 836 211
1954 2 2 9 8 537 553 549
1955 2 2 9 8 327 894 329
1956 2 2 9 8 245 1307 156
1957 2 2 9 8 803 804 256
1958 2 2 9 8 474 1094 471
1959 2 2 9 8 711 1176 1158
1960 2 2 9 8 1139 1260 788
1961 2 2 9 8 832 1181 376
1962 2 2 9 8 343 344 342
1963 2 2 9 8 482 1094 474
1964 2 2 9 8 805 1267 1176
1965 2 2 9 8 429 430 428
1966 2 2 9 8 28 1169 27
1967 2 2 9 8 409 696 408
1968 2 2 9 8 617 1073 698
1969 2 2 9 8 337 1177 338
1970 2 2 9 8 265 849 380
1971 2 2 9 8 433 1269 431
1972 2 2 9 8 862 1263 1074
1973 2 2 9 8 357 358 355
1974 2 2 9 8 1136 1189 790
1975 2 2 9 8 717 1183 1133
1976 2 2 9 8 1211 1327 828
1977 2 2 9 8 836 1339 940
1978 2 2 9 8 374 385 384
1979 2 2 9 8 933 1176 542
1980 2 2 9 8 104 378 259
1981 2 2 9 8 1124 1214 788
1982 2 2 9 8 949 1205 597
1983 2 2 9 8 747 1291 1202
1984 2 2 9 8 1246 1255 808
1985 2 2 9 8 551 1163 565
1986 2 2 9 8 404 405 395
1987 2 2 9 8 573 1096 544
1988 2 2 9 8 383 1184 381
1989 2 2 9 8 726 1195 572
1990 2 2 9 8 1199 1278 991
1991 2 2 9 8 797 1288 807
1992 2 2 9 8 41 1104 262
1993 2 2 9 8 525 1096 714
1994 2 2 9 8 1158 1176 933
1995 2 2 9 8 1031 1347 846
1996 2 2 9 8 673 1327 1211
1997 2 2 9 8 930 1301 472
1998 2 2 9 8 738 1208 1025
1999 2 2 9 8 434 493 435
2000 2 2 9 8 914 1333 911
2001 2 2 9 8 732 1019 361
2002 2 2 9 8 1132 1270 522
2003 2 2 9 8 115 1103 295
2004 2 2 9 8 415 1106 413
2005 2 2 9 8 153 1293 250
2006 2 2 9 8 333 1164 927
2007 2 2 9 8 312 1314 1038
2008 2 2 9 8 689 1111 692
2009 2 2 9 8 343 345 344
2010 2 2 9 8 388 1174 390
2011 2 2 9 8 741 1282 1246
2012 2 2 9 8 1054 1276 930
2013 2 2 9 8 287 1272 940
2014 2 2 9 8 890 1299 795
2015 2 2 9 8 1178 1317 750
2016 2 2 9 8 544 1096 511
2017 2 2 9 8 928 1103 315
2018 2 2 9 8 345 361 360
2019 2 2 9 8 1008 1232 654
2020 2 2 9 8 1025 1208 316
2021 2 2 9 8 1063 1205 924
2022 2 2 9 8 1106 1125 732
2023 2 2 9 8 429 1268 433
2024 2 2 9 8 316 318 317
2025 2 2 9 8 259 1321 102
2026 2 2 9 8 641 976 638
2027 2 2 9 8 663 1273 1102
2028 2 2 9 8 975 976 641
2029 2 2 9 8 364 374 373
2030 2 2 9 8 1200 1340 280
2031 2 2 9 8 583 607 603
2032 2 2 9 8 31 1156 263
2033 2 2 9 8 305 1104 42
2034 2 2 9 8 562 610 561
2035 2 2 9 8 956 1303 650
2036 2 2 9 8 1150 1174 332
2037 2 2 9 8 573 1207 1096
2038 2 2 9 8 1080 1137 528
2039 2 2 9 8 59 718 58
2040 2 2 9 8 12 719 11
2041 2 2 9 8 323 327 326
2042 2 2 9 8 2 253 178
2043 2 2 9 8 426 427 425
2044 2 2 9 8 1207 1238 751
2045 2 2 9 8 327 329 328
2046 2 2 9 8 511 1096 525
2047 2 2 9 8 382 388 383
2048 2 2 9 8 1066 1067 578
2049 2 2 9 8 758 1134 756
2050 2 2 9 8 472 1158 933
2051 2 2 9 8 654 1232 1071
2052 2 2 9 8 149 1298 244
2053 2 2 9 8 263 1060 30
2054 2 2 9 8 322 324 323
2055 2 2 9 8 400 1039 934
2056 2 2 9 8 649 1238 1207
2057 2 2 9 8 632 999 630
2058 2 2 9 8 966 1187 967
2059 2 2 9 8 539 1066 578
2060 2 2 9 8 318 320 319
2061 2 2 9 8 320 322 321
2062 2 2 9 8 257 377 123
2063 2 2 9 8 834 1330 1292
2064 2 2 9 8 818 1155 670
2065 2 2 9 8 1077 1285 1227
2066 2 2 9 8 506 1120 515
2067 2 2 9 8 1090 1209 820
2068 2 2 9 8 17 1200 16
2069 2 2 9 8 316 317 315
2070 2 2 9 8 1002 1243 412
2071 2 2 9 8 735 1180 1073
2072 2 2 9 8 601 1102 575
2073 2 2 9 8 696 1229 408
2074 2 2 9 8 524 1066 523
2075 2 2 9 8 545 1140 594
2076 2 2 9 8 724 1277 1138
2077 2 2 9 8 579 1271 1055
2078 2 2 9 8 336 339 324
2079 2 2 9 8 432 1161 430
2080 2 2 9 8 1061 1170 1006
2081 2 2 9 8 640 693 642
2082 2 2 9 8 348 1177 337
2083 2 2 9 8 1097 1117 715
2084 2 2 9 8 1096 1207 714
2085 2 2 9 8 699 1137 1080
2086 2 2 9 8 353 737 351
2087 2 2 9 8 542 1267 896
2088 2 2 9 8 630 999 749
2089 2 2 9 8 253 409 408
2090 2 2 9 8 313 1258 784
2091 2 2 9 8 698 1137 699
2092 2 2 9 8 942 1315 750
2093 2 2 9 8 668 1324 667
2094 2 2 9 8 731 1266 1064
2095 2 2 9 8 662 1049 663
2096 2 2 9 8 664 1317 1178
2097 2 2 9 8 29 1060 302
2098 2 2 9 8 1082 1234 277
2099 2 2 9 8 1038 1314 965
2100 2 2 9 8 388 389 383
2101 2 2 9 8 970 1196 772
2102 2 2 9 8 851 1231 809
2103 2 2 9 8 39 1281 1037
2104 2 2 9 8 589 747 674
2105 2 2 9 8 318 319 317
2106 2 2 9 8 101 1321 284
2107 2 2 9 8 322 323 321
2108 2 2 9 8 640 642 639
2109 2 2 9 8 857 1219 970
2110 2 2 9 8 320 321 319
2111 2 2 9 8 729 1159 619
2112 2 2 9 8 515 1120 524
2113 2 2 9 8 412 1243 414
2114 2 2 9 8 122 377 247
2115 2 2 9 8 606 1120 506
2116 2 2 9 8 752 1275 730
2117 2 2 9 8 620 1347 1031
2118 2 2 9 8 1082 1233 1081
2119 2 2 9 8 990 1170 1061
2120 2 2 9 8 414 1243 712
2121 2 2 9 8 594 1140 729
2122 2 2 9 8 824 1143 1088
2123 2 2 9 8 1122 1201 401
2124 2 2 9 8 690 1111 689
2125 2 2 9 8 1133 1173 716
2126 2 2 9 8 653 1140 546
2127 2 2 9 8 1022 1089 874
2128 2 2 9 8 393 1109 397
2129 2 2 9 8 414 416 415
2130 2 2 9 8 785 1345 783
2131 2 2 9 8 330 1110 320
2132 2 2 9 8 942 1305 1304
2133 2 2 9 8 86 1199 85
2134 2 2 9 8 736 925 386
2135 2 2 9 8 554 1175 555
2136 2 2 9 8 1044 1252 262
2137 2 2 9 8 302 1169 28
2138 2 2 9 8 1193 1291 1067
2139 2 2 9 8 569 1175 554
2140 2 2 9 8 866 1218 863
2141 2 2 9 8 1120 1133 524
2142 2 2 9 8 397 1109 757
2143 2 2 9 8 724 1138 695
2144 2 2 9 8 597 1205 1063
2145 2 2 9 8 726 1117 1097
2146 2 2 9 8 802 1300 854
2147 2 2 9 8 607 748 612
2148 2 2 9 8 1116 1244 719
2149 2 2 9 8 1056 1264 78
2150 2 2 9 8 351 1177 348
2151 2 2 9 8 43 1062 305
2152 2 2 9 8 314 316 315
2153 2 2 9 8 195 1265 1059
2154 2 2 9 8 746 842 346
2155 2 2 9 8 277 1233 1082
2156 2 2 9 8 655 1236 1008
2157 2 2 9 8 417 1125 415
2158 2 2 9 8 565 1163 589
2159 2 2 9 8 315 1103 251
2160 2 2 9 8 296 1221 1029
2161 2 2 9 8 1002 1213 179
2162 2 2 9 8 392 394 393
2163 2 2 9 8 858 1142 535
2164 2 2 9 8 1141 1313 83
2165 2 2 9 8 430 1161 895
2166 2 2 9 8 522 1270 957
2167 2 2 9 8 20 1085 1084
2168 2 2 9 8 775 1278 1135
2169 2 2 9 8 778 1168 1167
2170 2 2 9 8 493 1132 435
2171 2 2 9 8 114 1128 113
2172 2 2 9 8 145 1143 781
2173 2 2 9 8 380 1144 379
2174 2 2 9 8 265 1312 849
2175 2 2 9 8 1101 1241 1100
2176 2 2 9 8 262 1281 40
2177 2 2 9 8 1100 1225 816
2178 2 2 9 8 693 742 642
2179 2 2 9 8 256 1343 141
2180 2 2 9 8 578 1163 551
2181 2 2 9 8 692 1111 724
2182 2 2 9 8 92 1226 91
2183 2 2 9 8 1052 1151 483
2184 2 2 9 8 248 1107 399
2185 2 2 9 8 19 1084 279
2186 2 2 9 8 282 874 71
2187 2 2 9 8 536 1215 1048
2188 2 2 9 8 53 1233 52
2189 2 2 9 8 755 1306 396
2190 2 2 9 8 268 1062 44
2191 2 2 9 8 278 1081 54
2192 2 2 9 8 823 1126 1047
2193 2 2 9 8 714 1207 751
2194 2 2 9 8 1119 1244 1116
2195 2 2 9 8 911 1333 912
2196 2 2 9 8 1074 1263 261
2197 2 2 9 8 341 343 342
2198 2 2 9 8 687 1216 690
2199 2 2 9 8 1119 1249 926
2200 2 2 9 8 163 1258 313
2201 2 2 9 8 1027 1216 1041
2202 2 2 9 8 809 1231 1122
2203 2 2 9 8 913 1253 914
2204 2 2 9 8 575 1102 620
2205 2 2 9 8 725 1301 1016
2206 2 2 9 8 642 1162 981
2207 2 2 9 8 279 1086 18
2208 2 2 9 8 727 1234 1082
2209 2 2 9 8 1147 1166 822
2210 2 2 9 8 572 1195 648
2211 2 2 9 8 392 393 391
2212 2 2 9 8 329 1295 328
2213 2 2 9 8 967 1115 1114
2214 2 2 9 8 45 1072 268
2215 2 2 9 8 1084 1124 279
2216 2 2 9 8 1145 1157 923
2217 2 2 9 8 127 1231 851
2218 2 2 9 8 307 1076 56
2219 2 2 9 8 943 1252 867
2220 2 2 9 8 705 1236 1121
2221 2 2 9 8 800 1260 882
2222 2 2 9 8 55 1076 278
2223 2 2 9 8 14 1079 308
2224 2 2 9 8 280 1079 15
2225 2 2 9 8 264 1078 25
2226 2 2 9 8 253 1213 410
2227 2 2 9 8 674 1089 1022
2228 2 2 9 8 1058 1242 553
2229 2 2 9 8 810 1185 703
2230 2 2 9 8 270 1085 21
2231 2 2 9 8 896 1267 1130
2232 2 2 9 8 309 1072 46
2233 2 2 9 8 320 1110 322
2234 2 2 9 8 24 1078 306
2235 2 2 9 8 708 1192 652
2236 2 2 9 8 396 1306 1092
2237 2 2 9 8 1012 1255 593
2238 2 2 9 8 47 1083 309
2239 2 2 9 8 670 1155 932
2240 2 2 9 8 394 1109 393
2241 2 2 9 8 925 1259 386
2242 2 2 9 8 774 1248 1006
2243 2 2 9 8 191 1240 190
2244 2 2 9 8 1229 1230 275
2245 2 2 9 8 306 1087 23
2246 2 2 9 8 1055 1271 917
2247 2 2 9 8 663 1102 601
2248 2 2 9 8 912 1344 1335
2249 2 2 9 8 1133 1183 524
2250 2 2 9 8 269 1083 48
2251 2 2 9 8 806 1319 746
2252 2 2 9 8 248 399 398
2253 2 2 9 8 852 1342 1160
2254 2 2 9 8 1006 1248 584
2255 2 2 9 8 842 1040 346
2256 2 2 9 8 22 1087 270
2257 2 2 9 8 1305 1324 812
2258 2 2 9 8 1086 1200 17
2259 2 2 9 8 258 754 3
2260 2 2 9 8 537 1142 553
2261 2 2 9 8 1041 1216 685
2262 2 2 9 8 887 1157 1145
2263 2 2 9 8 1014 1261 1094
2264 2 2 9 8 284 1321 1184
2265 2 2 9 8 534 1142 537
2266 2 2 9 8 967 1187 1115
2267 2 2 9 8 535 1142 534
2268 2 2 9 8 77 1264 406
2269 2 2 9 8 1144 1289 382
2270 2 2 9 8 283 1187 1010
2271 2 2 9 8 900 1217 1093
2272 2 2 9 8 407 1265 196
2273 2 2 9 8 842 1106 1040
2274 2 2 9 8 16 1200 280
2275 2 2 9 8 620 1175 569
2276 2 2 9 8 744 1198 926
2277 2 2 9 8 1076 1077 278
2278 2 2 9 8 403 1201 1122
2279 2 2 9 8 1081 1233 53
2280 2 2 9 8 327 1171 894
2281 2 2 9 8 1235 1288 797
2282 2 2 9 8 906 1323 787
2283 2 2 9 8 390 391 389
2284 2 2 9 8 359 1266 508
2285 2 2 9 8 1037 1281 943
2286 2 2 9 8 26 1302 264
2287 2 2 9 8 313 784 783
2288 2 2 9 8 1227 1285 884
2289 2 2 9 8 625 1294 627
2290 2 2 9 8 270 1139 1085
2291 2 2 9 8 849 1020 380
2292 2 2 9 8 987 1344 985
2293 2 2 9 8 1184 1330 284
2294 2 2 9 8 51 1250 50
2295 2 2 9 8 981 1197 639
2296 2 2 9 8 649 1207 573
2297 2 2 9 8 341 342 340
2298 2 2 9 8 685 1216 687
2299 2 2 9 8 370 1307 245
2300 2 2 9 8 319 1164 333
2301 2 2 9 8 57 1075 307
2302 2 2 9 8 955 1340 1200
2303 2 2 9 8 308 1116 13
2304 2 2 9 8 693 1254 1118
2305 2 2 9 8 820 1209 819
2306 2 2 9 8 1093 1217 902
2307 2 2 9 8 1095 1222 706
2308 2 2 9 8 361 1172 360
2309 2 2 9 8 1181 1191 375
2310 2 2 9 8 406 1264 1056
2311 2 2 9 8 751 1238 753
2312 2 2 9 8 737 1177 351
2313 2 2 9 8 360 1172 364
2314 2 2 9 8 1059 1265 407
2315 2 2 9 8 644 1197 981
2316 2 2 9 8 1029 1221 945
2317 2 2 9 8 1073 1180 698
2318 2 2 9 8 747 1202 674
2319 2 2 9 8 40 1281 39
2320 2 2 9 8 52 1233 277
2321 2 2 9 8 1109 1235 764
2322 2 2 9 8 767 1320 765
2323 2 2 9 8 1169 1302 27
2324 2 2 9 8 414 415 413
2325 2 2 9 8 638 640 639
2326 2 2 9 8 698 1180 1137
2327 2 2 9 8 1018 1271 579
2328 2 2 9 8 596 1245 717
2329 2 2 9 8 830 1228 385
2330 2 2 9 8 277 1250 51
2331 2 2 9 8 832 1167 1166
2332 2 2 9 8 788 1323 1124
2333 2 2 9 8 836 1272 210
2334 2 2 9 8 953 1270 1132
2335 2 2 9 8 395 1188 738
2336 2 2 9 8 198 1326 197
2337 2 2 9 8 358 1194 355
2338 2 2 9 8 1240 1338 190
2339 2 2 9 8 126 739 125
2340 2 2 9 8 697 1254 693
2341 2 2 9 8 1195 1280 648
2342 2 2 9 8 1131 1221 296
2343 2 2 9 8 83 1313 82
2344 2 2 9 8 1028 1266 731
2345 2 2 9 8 308 1119 1116
2346 2 2 9 8 388 390 389
2347 2 2 9 8 555 1222 1095
2348 2 2 9 8 339 1171 324
2349 2 2 9 8 1114 1115 697
2350 2 2 9 8 427 429 428
2351 2 2 9 8 589 1163 747
2352 2 2 9 8 553 1242 549
2353 2 2 9 8 1048 1215 675
2354 2 2 9 8 321 1164 319
2355 2 2 9 8 367 1209 1090
2356 2 2 9 8 508 1266 1028
2357 2 2 9 8 1160 1262 852
2358 2 2 9 8 62 1179 303
2359 2 2 9 8 27 1302 26
2360 2 2 9 8 1178 1315 338
2361 2 2 9 8 190 1338 189
2362 2 2 9 8 1157 1169 302
2363 2 2 9 8 955 1200 1086
2364 2 2 9 8 248 398 110
2365 2 2 9 8 1118 1254 713
2366 2 2 9 8 1060 1299 890
2367 2 2 9 8 415 1125 1106
2368 2 2 9 8 864 1274 866
2369 2 2 9 8 1021 1255 1012
2370 2 2 9 8 1147 1191 1181
2371 2 2 9 8 593 1246 1069
2372 2 2 9 8 423 1009 420
2373 2 2 9 8 1032 1317 664
2374 2 2 9 8 316 1208 318
2375 2 2 9 8 549 1242 583
2376 2 2 9 8 583 1242 607
2377 2 2 9 8 674 1202 1089
2378 2 2 9 8 475 1220 1021
2379 2 2 9 8 1129 1180 735
2380 2 2 9 8 390 392 391
2381 2 2 9 8 381 1321 259
2382 2 2 9 8 742 1162 642
2383 2 2 9 8 650 1303 1123
2384 2 2 9 8 177 1229 275
2385 2 2 9 8 1241 1257 250
2386 2 2 9 8 1066 1183 1067
2387 2 2 9 8 718 1149 1075
2388 2 2 9 8 364 1172 374
2389 2 2 9 8 324 1171 323
2390 2 2 9 8 648 1280 901
2391 2 2 9 8 734 1221 1131
2392 2 2 9 8 248 1128 1107
2393 2 2 9 8 1241 1308 1100
2394 2 2 9 8 710 1251 708
2395 2 2 9 8 524 1183 1066
2396 2 2 9 8 1172 1331 830
2397 2 2 9 8 730 1275 735
2398 2 2 9 8 1062 1346 305
2399 2 2 9 8 784 785 783
2400 2 2 9 8 1123 1303 899
2401 2 2 9 8 743 1339 1198
2402 2 2 9 8 310 1329 834
2403 2 2 9 8 718 1075 58
2404 2 2 9 8 412 413 411
2405 2 2 9 8 1162 1316 723
2406 2 2 9 8 1152 1206 710
2407 2 2 9 8 12 1116 719
2408 2 2 9 8 246 1283 1203
2409 2 2 9 8 420 1009 421
2410 2 2 9 8 746 1319 1290
2411 2 2 9 8 303 1179 1050
2412 2 2 9 8 431 1269 434
2413 2 2 9 8 1089 1202 720
2414 2 2 9 8 838 1349 996
2415 2 2 9 8 334 1053 335
2416 2 2 9 8 638 976 640
2417 2 2 9 8 405 1188 395
2418 2 2 9 8 708 1251 1192
2419 2 2 9 8 1319 1332 1290
2420 2 2 9 8 750 1315 1178
2421 2 2 9 8 390 1150 392
2422 2 2 9 8 361 1331 1172
2423 2 2 9 8 1292 1330 1046
2424 2 2 9 8 1154 1308 291
2425 2 2 9 8 306 1190 1087
2426 2 2 9 8 261 1263 1036
2427 2 2 9 8 328 1295 332
2428 2 2 9 8 562 1297 622
2429 2 2 9 8 967 1114 975
2430 2 2 9 8 412 414 413
2431 2 2 9 8 1211 1335 850
2432 2 2 9 8 323 1171 327
2433 2 2 9 8 1202 1291 721
2434 2 2 9 8 410 411 409
2435 2 2 9 8 410 412 411
2436 2 2 9 8 253 410 409
2437 2 2 9 8 1154 1307 370
2438 2 2 9 8 380 1237 1144
2439 2 2 9 8 1220 1255 1021
2440 2 2 9 8 903 1053 254
2441 2 2 9 8 353 1194 737
2442 2 2 9 8 887 1169 1157
2443 2 2 9 8 634 644 632
2444 2 2 9 8 340 1283 290
2445 2 2 9 8 355 1194 353
2446 2 2 9 8 371 1345 736
2447 2 2 9 8 2 1213 253
2448 2 2 9 8 336 1304 339
2449 2 2 9 8 1203 1258 246
2450 2 2 9 8 1088 1204 825
2451 2 2 9 8 1261 1276 598
2452 2 2 9 8 598 1276 1054
2453 2 2 9 8 173 1296 870
2454 2 2 9 8 940 1272 836
2455 2 2 9 8 690 1224 1111
2456 2 2 9 8 1094 1261 598
2457 2 2 9 8 332 1295 1150
2458 2 2 9 8 1117 1286 733
2459 2 2 9 8 1084 1214 1124
2460 2 2 9 8 1037 1279 299
2461 2 2 9 8 746 1290 842
2462 2 2 9 8 410 1002 412
2463 2 2 9 8 830 1331 1322
2464 2 2 9 8 887 1302 1169
2465 2 2 9 8 304 1339 836
2466 2 2 9 8 335 340 290
2467 2 2 9 8 1030 1262 1160
2468 2 2 9 8 1139 1214 1085
2469 2 2 9 8 1085 1214 1084
2470 2 2 9 8 1100 1308 1225
2471 2 2 9 8 1020 1237 380
2472 2 2 9 8 258 1092 754
2473 2 2 9 8 1135 1278 298
2474 2 2 9 8 1045 1336 804
2475 2 2 9 8 1072 1247 268
2476 2 2 9 8 204 1328 281
2477 2 2 9 8 1184 1321 381
2478 2 2 9 8 1107 1128 295
2479 2 2 9 8 394 1235 1109
2480 2 2 9 8 335 341 340
2481 2 2 9 8 1130 1267 805
2482 2 2 9 8 338 1304 336
2483 2 2 9 8 1206 1251 710
2484 2 2 9 8 313 783 782
2485 2 2 9 8 382 1289 388
2486 2 2 9 8 733 1286 1028
2487 2 2 9 8 1050 1179 786
2488 2 2 9 8 1176 1267 542
2489 2 2 9 8 1204 1298 294
2490 2 2 9 8 1158 1301 725
2491 2 2 9 8 1019 1331 361
2492 2 2 9 8 696 1332 1319
2493 2 2 9 8 1053 1309 254
2494 2 2 9 8 1310 1311 109
2495 2 2 9 8 660 1342 858
2496 2 2 9 8 808 1255 1220
2497 2 2 9 8 776 1348 1168
2498 2 2 9 8 388 1289 1174
2499 2 2 9 8 394 1288 1235
2500 2 2 9 8 1076 1285 1077
2501 2 2 9 8 717 1245 1193
2502 2 2 9 8 472 1301 1158
2503 2 2 9 8 1079 1249 308
2504 2 2 9 8 899 1303 1105
2505 2 2 9 8 308 1249 1119
2506 2 2 9 8 882 1260 1139
2507 2 2 9 8 307 1285 1076
2508 2 2 9 8 263 1299 1060
2509 2 2 9 8 1149 1284 1075
2510 2 2 9 8 421 562 561
2511 2 2 9 8 1174 1289 793
2512 2 2 9 8 1228 1322 715
2513 2 2 9 8 975 1114 976
2514 2 2 9 8 793 1289 1144
2515 2 2 9 8 1075 1284 307
2516 2 2 9 8 779 1336 1045
2517 2 2 9 8 409 1332 696
2518 2 2 9 8 993 994 558
2519 2 2 9 8 250 1293 1241
2520 2 2 9 8 1091 1092 258
2521 2 2 9 8 1092 1306 754
2522 2 2 9 8 1101 1257 1241
2523 2 2 9 8 1091 1292 740
2524 2 2 9 8 804 1336 831
2525 2 2 9 8 557 1251 1206
2526 2 2 9 8 1230 1319 806
2527 2 2 9 8 411 1332 409
2528 2 2 9 8 696 1230 1229
2529 2 2 9 8 1150 1295 897
2530 2 2 9 8 1136 1349 838
2531 2 2 9 8 636 1197 634
2532 2 2 9 8 644 999 632
2533 2 2 9 8 1124 1323 906
2534 2 2 9 8 830 1322 1228
2535 2 2 9 8 1088 1298 1204
2536 2 2 9 8 788 1325 1323
2537 2 2 9 8 742 1316 1162
2538 2 2 9 8 1168 1348 367
2539 2 2 9 8 410 1213 1002
2540 2 2 9 8 784 1258 1203
2541 2 2 9 8 696 1319 1230
2542 2 2 9 8 1193 1245 868
2543 2 2 9 8 1198 1339 304
2544 2 2 9 8 806 1296 1230
2545 2 2 9 8 790 1349 1136
2546 2 2 9 8 1284 1285 307
2547 2 2 9 8 638 639 636
2548 2 2 9 8 334 1309 1053
2549 2 2 9 8 338 1315 1304
2550 2 2 9 8 1304 1315 942
2551 2 2 9 8 421 1297 562
2552 2 2 9 8 427 428 425
2553 2 2 9 8 1329 1330 834
2554 2 2 9 8 1009 1297 421
2555 2 2 9 8 284 1330 1329
2556 2 2 9 8 1323 1325 787
2557 2 2 9 8 639 1197 636
2558 2 2 9 8 109 1311 108
2559 2 2 9 8 1333 1344 912
2560 2 2 9 8 985 1344 1333
2561 2 2 9 8 634 1197 644
2562 2 2 9 8 1336 1337 831
2563 2 2 9 8 1290 1332 411
2564 2 2 9 8 779 1337 1336
2565 2 2 9 8 849 1311 1310
2566 2 2 9 8 172 254 171
2567 2 2 9 8 1203 1283 340
2568 2 2 9 8 884 1285 1284
2569 2 2 9 8 849 1312 1311
2570 2 2 9 8 179 1213 2
2571 2 2 9 8 3 754 94
2572 2 2 9 8 110 1310 109
2573 2 2 9 8 132 403 131
2574 2 2 9 8 150 294 149
2575 2 2 9 8 168 290 167
2576 2 2 9 8 173 870 172
2577 2 2 9 8 5 718 59
2578 2 2 9 8 60 718 5
2579 2 2 9 8 11 719 6
2580 2 2 9 8 6 719 213
2581 2 2 9 8 96 310 95
2582 2 2 9 8 98 310 97
2583 2 2 9 8 99 310 98
2584 2 2 9 8 101 284 100
2585 2 2 9 8 108 1311 107
2586 2 2 9 8 112 1128 111
2587 2 2 9 8 113 1128 112
2588 2 2 9 8 115 295 114
2589 2 2 9 8 120 247 119
2590 2 2 9 8 127 739 126
2591 2 2 9 8 130 243 129
2592 2 2 9 8 131 243 130
2593 2 2 9 8 133 249 132
2594 2 2 9 8 135 249 134
2595 2 2 9 8 137 292 136
2596 2 2 9 8 138 242 137
2597 2 2 9 8 141 375 140
2598 2 2 9 8 140 375 242
2599 2 2 9 8 244 1143 146
2600 2 2 9 8 148 244 147
2601 2 2 9 8 149 244 148
2602 2 2 9 8 153 250 152
2603 2 2 9 8 155 291 154
2604 2 2 9 8 166 246 165
2605 2 2 9 8 167 246 166
2606 2 2 9 8 170 1309 169
2607 2 2 9 8 171 254 170
2608 2 2 9 8 174 275 173
2609 2 2 9 8 176 275 175
2610 2 2 9 8 177 275 176
2611 2 2 9 8 178 408 177
2612 2 2 9 8 408 1229 177
2613 2 2 9 8 425 1009 423
2614 2 2 9 8 993 1219 857
2615 2 2 7 17 1363 1361 1365
2616 2 2 7 17 1360 1377 1379
2617 2 2 7 17 237 1357 1370
2618 2 2 7 17 1361 1363 1367
2619 2 2 7 17 1377 1360 1380
2620 2 2 7 17 1373 1358 1382
2621 2 2 7 17 1364 1359 1366
2622 2 2 7 17 1359 1365 1390
2623 2 2 7 17 1372 1373 1382
2624 2 2 7 17 1391 1371 1394
2625 2 2 7 17 1358 1378 1382
2626 2 2 7 17 1378 1358 1379
2627 2 2 7 17 1359 1364 1365
2628 2 2 7 17 1360 1379 1405
2629 2 2 7 17 1356 1391 1394
2630 2 2 7 17 237 238 1357
2631 2 2 7 17 237 1359 1390
2632 2 2 7 17 1359 237 1370
2633 2 2 7 17 1374 1388 1400
2634 2 2 7 17 1387 1383 1396
2635 2 2 7 17 238 239 1389
2636 2 2 7 17 238 1358 1373
2637 2 2 7 17 1365 1361 1390
2638 2 2 7 17 1376 1377 1380
2639 2 2 7 17 1352 1376 1380
2640 2 2 7 17 1362 1350 1367
2641 2 2 7 17 1363 1362 1367
2642 2 2 7 17 1358 238 1389
2643 2 2 7 17 1372 1382 1394
2644 2 2 7 17 1390 1361 1402
2645 2 2 7 17 1355 1387 1396
2646 2 2 7 17 1388 1354 1400
2647 2 2 7 17 236 237 1390
2648 2 2 7 17 1394 1382 1406
2649 2 2 7 17 1366 1370 1371
2650 2 2 7 17 1364 1366 1369
2651 2 2 7 17 1366 1359 1370
2652 2 2 7 17 1388 1374 1392
2653 2 2 7 17 1383 1387 1393
2654 2 2 7 17 1380 1360 1381
2655 2 2 7 17 1361 1367 1368
2656 2 2 7 17 1354 1386 1400
2657 2 2 7 17 1385 1355 1396
2658 2 2 7 17 1400 1386 1401
2659 2 2 7 17 1385 1396 1397
2660 2 2 7 17 1370 1357 1371
2661 2 2 7 17 1352 1380 1383
2662 2 2 7 17 1367 1350 1374
2663 2 2 7 17 1371 1372 1394
2664 2 2 7 17 1366 1371 1391
2665 2 2 7 17 1371 1357 1372
2666 2 2 7 17 1380 1381 1383
2667 2 2 7 17 1368 1367 1374
2668 2 2 7 17 1372 1357 1373
2669 2 2 7 17 229 1350 1362
2670 2 2 7 17 1351 228 1362
2671 2 2 7 17 227 228 1351
2672 2 2 7 17 229 230 1350
2673 2 2 7 17 1351 1362 1363
2674 2 2 7 17 224 225 1356
2675 2 2 7 17 228 229 1362
2676 2 2 7 17 220 221 1376
2677 2 2 7 17 1351 1363 1364
2678 2 2 7 17 1364 1363 1365
2679 2 2 7 17 1377 1378 1379
2680 2 2 7 17 1377 1353 1378
2681 2 2 7 17 224 1356 1375
2682 2 2 7 17 223 224 1375
2683 2 2 7 17 222 223 1384
2684 2 2 7 17 1376 1353 1377
2685 2 2 7 17 219 220 1352
2686 2 2 7 17 221 222 1353
2687 2 2 7 17 221 1353 1376
2688 2 2 7 17 1352 220 1376
2689 2 2 7 17 223 1375 1384
2690 2 2 7 17 1353 222 1384
2691 2 2 7 17 1378 1353 1384
2692 2 2 7 17 1369 226 1407
2693 2 2 7 17 214 215 1385
2694 2 2 7 17 233 232 1386
2695 2 2 7 17 230 231 1392
2696 2 2 7 17 218 219 1393
2697 2 2 7 17 1369 1366 1391
2698 2 2 7 17 216 217 1387
2699 2 2 7 17 235 234 1388
2700 2 2 7 17 215 216 1355
2701 2 2 7 17 234 233 1354
2702 2 2 7 17 226 1369 1395
2703 2 2 7 17 1352 1383 1393
2704 2 2 7 17 1374 1350 1392
2705 2 2 7 17 215 1355 1385
2706 2 2 7 17 1354 233 1386
2707 2 2 7 17 1350 230 1392
2708 2 2 7 17 219 1352 1393
2709 2 2 7 17 1381 1360 1398
2710 2 2 7 17 1364 1369 1407
2711 2 2 7 17 1361 1368 1402
2712 2 2 7 17 1355 216 1387
2713 2 2 7 17 234 1354 1388
2714 2 2 7 17 1356 225 1395
2715 2 2 7 17 1382 1378 1406
2716 2 2 7 17 1379 1358 1389
2717 2 2 7 17 226 227 1407
2718 2 2 7 17 1351 1364 1407
2719 2 2 7 17 1378 1384 1406
2720 2 2 7 17 1391 1356 1395
2721 2 2 7 17 231 10 1404
2722 2 2 7 17 9 218 1403
2723 2 2 7 17 10 235 1404
2724 2 2 7 17 217 9 1403
2725 2 2 7 17 1375 1356 1394
2726 2 2 7 17 1368 1401 1402
2727 2 2 7 17 1397 1381 1398
2728 2 2 7 17 1392 231 1404
2729 2 2 7 17 218 1393 1403
2730 2 2 7 17 1375 1394 1406
2731 2 2 7 17 225 226 1395
2732 2 2 7 17 1383 1381 1396
2733 2 2 7 17 1368 1374 1400
2734 2 2 7 17 1369 1391 1395
2735 2 2 7 17 1384 1375 1406
2736 2 2 7 17 227 1351 1407
2737 2 2 7 17 1388 1392 1404
2738 2 2 7 17 1393 1387 1403
2739 2 2 7 17 235 1388 1404
2740 2 2 7 17 1387 217 1403
2741 2 2 7 17 1379 1389 1405
2742 2 2 7 17 1398 1360 1399
2743 2 2 7 17 1396 1381 1397
2744 2 2 7 17 1368 1400 1401
2745 2 2 7 17 236 1390 1402
2746 2 2 7 17 1389 1399 1405
2747 2 2 7 17 1399 1360 1405
2748 2 2 7 17 239 1398 1399
2749 2 2 7 17 232 7 1386
2750 2 2 7 17 7 236 1401
2751 2 2 7 17 1386 7 1401
2752 2 2 7 17 8 214 1385
2753 2 2 7 17 239 8 1397
2754 2 2 7 17 8 1385 1397
2755 2 2 7 17 1401 236 1402
2756 2 2 7 17 1357 238 1373
2757 2 2 7 17 1389 239 1399
2758 2 2 7 17 239 1397 1398
2759 2 2 8 19 1448 1408 1481
2760 2 2 8 19 1530 1421 1539
2761 2 2 8 19 1432 144 1528
2762 2 2 8 19 101 102 1560
2763 2 2 8 19 144 145 1528
2764 2 2 8 19 220 1453 1455
2765 2 2 8 19 1450 228 1451
2766 2 2 8 19 1424 118 1502
2767 2 2 8 19 174 175 1552
2768 2 2 8 19 136 137 1430
2769 2 2 8 19 1457 221 1507
2770 2 2 8 19 1428 1497 1513
2771 2 2 8 19 105 106 1544
2772 2 2 8 19 1474 1514 1551
2773 2 2 8 19 1525 1415 1545
2774 2 2 8 19 218 9 1493
2775 2 2 8 19 100 101 1409
2776 2 2 8 19 1467 1474 1551
2777 2 2 8 19 146 1413 1537
2778 2 2 8 19 164 1425 1535
2779 2 2 8 19 158 159 1506
2780 2 2 8 19 127 128 1541
2781 2 2 8 19 1415 1525 1546
2782 2 2 8 19 95 1408 1482
2783 2 2 8 19 1437 1436 1508
2784 2 2 8 19 162 163 1485
2785 2 2 8 19 1530 1422 1538
2786 2 2 8 19 140 141 1484
2787 2 2 8 19 123 1419 1548
2788 2 2 8 19 1421 110 1539
2789 2 2 8 19 143 144 1432
2790 2 2 8 19 125 126 1419
2791 2 2 8 19 1422 114 1538
2792 2 2 8 19 1412 173 1435
2793 2 2 8 19 141 142 1514
2794 2 2 8 19 97 98 1555
2795 2 2 8 19 98 1554 1555
2796 2 2 8 19 1444 225 1454
2797 2 2 8 19 9 240 1493
2798 2 2 8 19 173 174 1435
2799 2 2 8 19 1554 1553 1556
2800 2 2 8 19 218 1493 1529
2801 2 2 8 19 1434 162 1485
2802 2 2 8 19 161 162 1434
2803 2 2 8 19 1414 150 1546
2804 2 2 8 19 1431 1483 1566
2805 2 2 8 19 103 104 1410
2806 2 2 8 19 1444 1454 1474
2807 2 2 8 19 1422 1530 1539
2808 2 2 8 19 1425 167 1534
2809 2 2 8 19 227 226 1445
2810 2 2 8 19 1455 1453 1515
2811 2 2 8 19 1415 154 1545
2812 2 2 8 19 1529 1452 1559
2813 2 2 8 19 1525 1414 1546
2814 2 2 8 19 1421 1515 1531
2815 2 2 8 19 1447 1452 1529
2816 2 2 8 19 1438 1457 1501
2817 2 2 8 19 121 122 1433
2818 2 2 8 19 1460 1459 1473
2819 2 2 8 19 126 127 1547
2820 2 2 8 19 1450 1451 1470
2821 2 2 8 19 139 140 1431
2822 2 2 8 19 104 105 1491
2823 2 2 8 19 1453 1492 1516
2824 2 2 8 19 1451 228 1479
2825 2 2 8 19 220 219 1453
2826 2 2 8 19 1500 1419 1547
2827 2 2 8 19 145 146 1537
2828 2 2 8 19 1419 126 1547
2829 2 2 8 19 1417 158 1543
2830 2 2 8 19 159 160 1487
2831 2 2 8 19 1470 1523 1543
2832 2 2 8 19 150 151 1546
2833 2 2 8 19 110 111 1539
2834 2 2 8 19 1449 1450 1468
2835 2 2 8 19 1420 109 1531
2836 2 2 8 19 157 158 1417
2837 2 2 8 19 1456 1445 1526
2838 2 2 8 19 163 164 1535
2839 2 2 8 19 1428 1495 1496
2840 2 2 8 19 1410 1491 1567
2841 2 2 8 19 106 1420 1544
2842 2 2 8 19 221 220 1507
2843 2 2 8 19 1419 1500 1548
2844 2 2 8 19 117 118 1424
2845 2 2 8 19 228 227 1479
2846 2 2 8 19 131 1428 1565
2847 2 2 8 19 1548 1439 1549
2848 2 2 8 19 119 120 1557
2849 2 2 8 19 229 228 1450
2850 2 2 8 19 149 1414 1570
2851 2 2 8 19 111 1422 1539
2852 2 2 8 19 120 1433 1557
2853 2 2 8 19 171 172 1473
2854 2 2 8 19 1427 130 1565
2855 2 2 8 19 10 231 1563
2856 2 2 8 19 116 1424 1465
2857 2 2 8 19 156 1417 1462
2858 2 2 8 19 1439 1469 1549
2859 2 2 8 19 222 1439 1561
2860 2 2 8 19 1428 1496 1497
2861 2 2 8 19 1550 1504 1557
2862 2 2 8 19 1413 148 1570
2863 2 2 8 19 1434 1485 1486
2864 2 2 8 19 1486 1470 1487
2865 2 2 8 19 1435 174 1552
2866 2 2 8 19 1477 1451 1479
2867 2 2 8 19 1431 140 1484
2868 2 2 8 19 1509 1436 1519
2869 2 2 8 19 114 1423 1538
2870 2 2 8 19 135 136 1512
2871 2 2 8 19 151 1415 1546
2872 2 2 8 19 133 1429 1461
2873 2 2 8 19 1414 1526 1533
2874 2 2 8 19 1517 1421 1530
2875 2 2 8 19 222 221 1438
2876 2 2 8 19 1478 1479 1524
2877 2 2 8 19 1454 225 1480
2878 2 2 8 19 1497 1440 1499
2879 2 2 8 19 223 222 1561
2880 2 2 8 19 1412 1435 1436
2881 2 2 8 19 175 1418 1552
2882 2 2 8 19 109 1421 1531
2883 2 2 8 19 1471 230 1511
2884 2 2 8 19 1492 105 1544
2885 2 2 8 19 226 225 1444
2886 2 2 8 19 222 1438 1569
2887 2 2 8 19 1410 104 1491
2888 2 2 8 19 167 1426 1534
2889 2 2 8 19 223 1440 1498
2890 2 2 8 19 231 230 1471
2891 2 2 8 19 1408 1448 1482
2892 2 2 8 19 154 1416 1545
2893 2 2 8 19 1504 119 1557
2894 2 2 8 19 230 229 1449
2895 2 2 8 19 1491 1492 1518
2896 2 2 8 19 98 99 1554
2897 2 2 8 19 224 223 1498
2898 2 2 8 19 169 1411 1458
2899 2 2 8 19 1451 1477 1523
2900 2 2 8 19 1508 1436 1509
2901 2 2 8 19 123 1548 1549
2902 2 2 8 19 172 1412 1473
2903 2 2 8 19 1483 1431 1484
2904 2 2 8 19 1438 221 1457
2905 2 2 8 19 1555 1554 1556
2906 2 2 8 19 1471 1437 1508
2907 2 2 8 19 178 2 1522
2908 2 2 8 19 240 1482 1493
2909 2 2 8 19 1440 1497 1498
2910 2 2 8 19 1423 1488 1538
2911 2 2 8 19 1460 1471 1511
2912 2 2 8 19 102 1410 1560
2913 2 2 8 19 1416 1477 1545
2914 2 2 8 19 128 1427 1541
2915 2 2 8 19 1513 1427 1565
2916 2 2 8 19 128 129 1427
2917 2 2 8 19 146 147 1413
2918 2 2 8 19 106 107 1420
2919 2 2 8 19 1515 1421 1517
2920 2 2 8 19 164 165 1425
2921 2 2 8 19 226 1444 1571
2922 2 2 8 19 142 143 1432
2923 2 2 8 19 124 125 1419
2924 2 2 8 19 160 161 1434
2925 2 2 8 19 1467 1444 1474
2926 2 2 8 19 102 103 1410
2927 2 2 8 19 1441 137 1464
2928 2 2 8 19 120 121 1433
2929 2 2 8 19 116 117 1424
2930 2 2 8 19 138 139 1431
2931 2 2 8 19 156 157 1417
2932 2 2 8 19 1494 1443 1495
2933 2 2 8 19 227 1456 1479
2934 2 2 8 19 1449 229 1450
2935 2 2 8 19 123 1549 1564
2936 2 2 8 19 1502 118 1504
2937 2 2 8 19 1446 101 1560
2938 2 2 8 19 1524 1414 1525
2939 2 2 8 19 1425 1534 1535
2940 2 2 8 19 151 152 1415
2941 2 2 8 19 133 134 1429
2942 2 2 8 19 111 112 1422
2943 2 2 8 19 169 170 1411
2944 2 2 8 19 1430 1443 1512
2945 2 2 8 19 225 224 1480
2946 2 2 8 19 1484 141 1514
2947 2 2 8 19 1528 145 1537
2948 2 2 8 19 1497 1499 1540
2949 2 2 8 19 1432 1528 1551
2950 2 2 8 19 1470 1451 1523
2951 2 2 8 19 1408 96 1555
2952 2 2 8 19 218 1529 1559
2953 2 2 8 19 1526 1445 1527
2954 2 2 8 19 1409 1448 1481
2955 2 2 8 19 138 1431 1464
2956 2 2 8 19 1427 1513 1540
2957 2 2 8 19 1492 1453 1518
2958 2 2 8 19 1466 1502 1505
2959 2 2 8 19 1527 1467 1528
2960 2 2 8 19 1491 105 1492
2961 2 2 8 19 1428 132 1495
2962 2 2 8 19 230 1449 1511
2963 2 2 8 19 1414 1524 1526
2964 2 2 8 19 1442 1454 1480
2965 2 2 8 19 219 218 1559
2966 2 2 8 19 1489 1455 1517
2967 2 2 8 19 1437 1460 1473
2968 2 2 8 19 100 1409 1481
2969 2 2 8 19 1490 1491 1518
2970 2 2 8 19 1499 1500 1547
2971 2 2 8 19 1465 1424 1466
2972 2 2 8 19 100 1481 1553
2973 2 2 8 19 1500 1439 1548
2974 2 2 8 19 1502 1501 1505
2975 2 2 8 19 1445 1467 1527
2976 2 2 8 19 96 97 1555
2977 2 2 8 19 1420 1531 1568
2978 2 2 8 19 1418 1519 1552
2979 2 2 8 19 1430 137 1441
2980 2 2 8 19 1501 1502 1550
2981 2 2 8 19 1434 1486 1487
2982 2 2 8 19 1526 1527 1542
2983 2 2 8 19 1462 1417 1463
2984 2 2 8 19 1474 1454 1483
2985 2 2 8 19 1477 1478 1545
2986 2 2 8 19 1409 101 1446
2987 2 2 8 19 136 1430 1512
2988 2 2 8 19 1488 1489 1538
2989 2 2 8 19 1499 1440 1500
2990 2 2 8 19 220 1455 1507
2991 2 2 8 19 1423 115 1472
2992 2 2 8 19 1523 1463 1543
2993 2 2 8 19 1450 1470 1486
2994 2 2 8 19 1521 178 1522
2995 2 2 8 19 1443 1442 1536
2996 2 2 8 19 1440 223 1561
2997 2 2 8 19 158 1506 1543
2998 2 2 8 19 1542 1413 1570
2999 2 2 8 19 1515 1516 1531
3000 2 2 8 19 1459 1460 1510
3001 2 2 8 19 1416 155 1476
3002 2 2 8 19 127 1541 1547
3003 2 2 8 19 132 1461 1495
3004 2 2 8 19 1514 1432 1551
3005 2 2 8 19 1469 1438 1503
3006 2 2 8 19 99 100 1554
3007 2 2 8 19 1436 1435 1519
3008 2 2 8 19 1418 177 1521
3009 2 2 8 19 1541 1499 1547
3010 2 2 8 19 1427 1540 1541
3011 2 2 8 19 1511 1475 1534
3012 2 2 8 19 1479 1456 1524
3013 2 2 8 19 1449 1468 1475
3014 2 2 8 19 1515 1453 1516
3015 2 2 8 19 1430 1442 1443
3016 2 2 8 19 1445 226 1571
3017 2 2 8 19 168 1458 1510
3018 2 2 8 19 115 1465 1472
3019 2 2 8 19 1495 1443 1496
3020 2 2 8 19 1426 168 1510
3021 2 2 8 19 1468 1450 1486
3022 2 2 8 19 1439 222 1569
3023 2 2 8 19 155 1462 1476
3024 2 2 8 19 1438 1501 1503
3025 2 2 8 19 1527 1528 1537
3026 2 2 8 19 1532 1511 1534
3027 2 2 8 19 241 10 1563
3028 2 2 8 19 1412 1437 1473
3029 2 2 8 19 1475 1468 1535
3030 2 2 8 19 1483 1441 1566
3031 2 2 8 19 1503 1501 1550
3032 2 2 8 19 1520 1418 1521
3033 2 2 8 19 1442 1480 1536
3034 2 2 8 19 1558 1433 1564
3035 2 2 8 19 1519 1418 1520
3036 2 2 8 19 1468 1485 1535
3037 2 2 8 19 224 1498 1536
3038 2 2 8 19 231 1471 1508
3039 2 2 8 19 1466 1424 1502
3040 2 2 8 19 1503 1550 1557
3041 2 2 8 19 1506 1470 1543
3042 2 2 8 19 1519 1435 1552
3043 2 2 8 19 1544 1420 1568
3044 2 2 8 19 1469 1503 1558
3045 2 2 8 19 1478 1524 1525
3046 2 2 8 19 1537 1413 1542
3047 2 2 8 19 159 1487 1506
3048 2 2 8 19 1409 1447 1448
3049 2 2 8 19 1557 1433 1558
3050 2 2 8 19 1464 1431 1566
3051 2 2 8 19 1461 1429 1494
3052 2 2 8 19 1478 1525 1545
3053 2 2 8 19 1485 163 1535
3054 2 2 8 19 1509 1562 1563
3055 2 2 8 19 1522 241 1562
3056 2 2 8 19 1489 1517 1530
3057 2 2 8 19 1430 1441 1442
3058 2 2 8 19 1455 1489 1507
3059 2 2 8 19 1454 1441 1483
3060 2 2 8 19 1490 1446 1567
3061 2 2 8 19 1447 1446 1452
3062 2 2 8 19 1518 1453 1559
3063 2 2 8 19 1442 1441 1454
3064 2 2 8 19 1409 1446 1447
3065 2 2 8 19 1560 1410 1567
3066 2 2 8 19 1474 1484 1514
3067 2 2 8 19 1412 1436 1437
3068 2 2 8 19 1498 1496 1536
3069 2 2 8 19 1452 1446 1490
3070 2 2 8 19 130 131 1565
3071 2 2 8 19 1502 1504 1550
3072 2 2 8 19 1513 1497 1540
3073 2 2 8 19 1453 219 1559
3074 2 2 8 19 1439 1500 1561
3075 2 2 8 19 1497 1496 1498
3076 2 2 8 19 1458 1411 1459
3077 2 2 8 19 231 1508 1563
3078 2 2 8 19 1524 1456 1526
3079 2 2 8 19 1516 1492 1568
3080 2 2 8 19 1549 1558 1564
3081 2 2 8 19 1508 1509 1563
3082 2 2 8 19 1489 1530 1538
3083 2 2 8 19 1416 1476 1477
3084 2 2 8 19 1478 1477 1479
3085 2 2 8 19 1487 1470 1506
3086 2 2 8 19 1485 1468 1486
3087 2 2 8 19 148 149 1570
3088 2 2 8 19 1501 1457 1505
3089 2 2 8 19 1465 1466 1472
3090 2 2 8 19 1452 1518 1559
3091 2 2 8 19 1489 1488 1507
3092 2 2 8 19 1443 1494 1512
3093 2 2 8 19 1491 1490 1567
3094 2 2 8 19 1457 1488 1505
3095 2 2 8 19 1549 1469 1558
3096 2 2 8 19 1423 1472 1488
3097 2 2 8 19 1462 1463 1476
3098 2 2 8 19 1533 1526 1542
3099 2 2 8 19 1460 1511 1532
3100 2 2 8 19 1496 1443 1536
3101 2 2 8 19 1534 1475 1535
3102 2 2 8 19 1448 1447 1529
3103 2 2 8 19 1463 1417 1543
3104 2 2 8 19 1460 1437 1471
3105 2 2 8 19 1426 1510 1532
3106 2 2 8 19 1449 1475 1511
3107 2 2 8 19 1477 1476 1523
3108 2 2 8 19 1452 1490 1518
3109 2 2 8 19 1476 1463 1523
3110 2 2 8 19 1426 1532 1534
3111 2 2 8 19 1459 1411 1473
3112 2 2 8 19 1520 1521 1522
3113 2 2 8 19 1428 1513 1565
3114 2 2 8 19 1474 1483 1484
3115 2 2 8 19 1488 1457 1507
3116 2 2 8 19 1467 1445 1571
3117 2 2 8 19 1540 1499 1541
3118 2 2 8 19 1433 122 1564
3119 2 2 8 19 1461 1494 1495
3120 2 2 8 19 1455 1515 1517
3121 2 2 8 19 1472 1466 1505
3122 2 2 8 19 1414 1533 1570
3123 2 2 8 19 1482 1448 1493
3124 2 2 8 19 1488 1472 1505
3125 2 2 8 19 1510 1460 1532
3126 2 2 8 19 1500 1440 1561
3127 2 2 8 19 1494 1429 1512
3128 2 2 8 19 1528 1467 1551
3129 2 2 8 19 1480 224 1536
3130 2 2 8 19 1458 1459 1510
3131 2 2 8 19 1469 1439 1569
3132 2 2 8 19 176 177 1418
3133 2 2 8 19 1533 1542 1570
3134 2 2 8 19 1444 1467 1571
3135 2 2 8 19 1438 1469 1569
3136 2 2 8 19 1493 1448 1529
3137 2 2 8 19 1503 1557 1558
3138 2 2 8 19 1562 241 1563
3139 2 2 8 19 1531 1516 1568
3140 2 2 8 19 1441 1464 1566
3141 2 2 8 19 1520 1522 1562
3142 2 2 8 19 1492 1544 1568
3143 2 2 8 19 1509 1519 1520
3144 2 2 8 19 1527 1537 1542
3145 2 2 8 19 1509 1520 1562
3146 2 2 8 19 1446 1560 1567
3147 2 2 8 19 2 241 1522
3148 2 2 8 19 109 110 1421
3149 2 2 8 19 115 116 1465
3150 2 2 8 19 118 119 1504
3151 2 2 8 19 122 123 1564
3152 2 2 8 19 131 132 1428
3153 2 2 8 19 132 133 1461
3154 2 2 8 19 137 138 1464
3155 2 2 8 19 149 150 1414
3156 2 2 8 19 155 156 1462
3157 2 2 8 19 167 168 1426
3158 2 2 8 19 168 169 1458
3159 2 2 8 19 172 173 1412
3160 2 2 8 19 177 178 1521
3161 2 2 8 19 3 95 1482
3162 2 2 8 19 240 3 1482
3163 2 2 8 19 95 96 1408
3164 2 2 8 19 100 1553 1554
3165 2 2 8 19 107 108 1420
3166 2 2 8 19 108 109 1420
3167 2 2 8 19 112 113 1422
3168 2 2 8 19 113 114 1422
3169 2 2 8 19 114 115 1423
3170 2 2 8 19 123 124 1419
3171 2 2 8 19 129 130 1427
3172 2 2 8 19 134 135 1429
3173 2 2 8 19 1429 135 1512
3174 2 2 8 19 142 1432 1514
3175 2 2 8 19 147 148 1413
3176 2 2 8 19 152 153 1415
3177 2 2 8 19 153 154 1415
3178 2 2 8 19 154 155 1416
3179 2 2 8 19 160 1434 1487
3180 2 2 8 19 165 166 1425
3181 2 2 8 19 166 167 1425
3182 2 2 8 19 170 171 1411
3183 2 2 8 19 1411 171 1473
3184 2 2 8 19 175 176 1418
3185 2 2 8 19 227 1445 1456
3186 2 2 8 19 1481 1408 1553
3187 2 2 8 19 1553 1408 1556
3188 2 2 8 19 1408 1555 1556
$EndElements
