Searching DEVSIM_MATH_LIBS="C:\Users\T590\anaconda3\envs\devsim_env\Library\bin\mkl_rt.2.dll;C:\Users\T590\anaconda3\envs\devsim_env\Library\bin\mkl_rt.2.dll;C:\Users\T590\anaconda3\envs\devsim_env\Library\bin\mkl_rt.2.dll"
Loading "C:\Users\T590\anaconda3\envs\devsim_env\Library\bin\mkl_rt.2.dll": Intel MKL with PARDISO LOADED
Skipping C:\Users\T590\anaconda3\envs\devsim_env\Library\bin\mkl_rt.2.dll
Skipping C:\Users\T590\anaconda3\envs\devsim_env\Library\bin\mkl_rt.2.dll
Physical group name body_contact has 0 Tetrahedra.
Physical group name body_contact has 0 Triangles.
Physical group name body_contact has 50 Lines.
Physical group name body_contact has 51 Points.
Physical group name bulk has 0 Tetrahedra.
Physical group name bulk has 2403 Triangles.
Physical group name bulk has 3714 Lines.
Physical group name bulk has 1312 Points.
Physical group name bulk_oxide_interface has 0 Tetrahedra.
Physical group name bulk_oxide_interface has 0 Triangles.
Physical group name bulk_oxide_interface has 91 Lines.
Physical group name bulk_oxide_interface has 92 Points.
Physical group name drain_contact has 0 Tetrahedra.
Physical group name drain_contact has 0 Triangles.
Physical group name drain_contact has 20 Lines.
Physical group name drain_contact has 21 Points.
Physical group name gate has 0 Tetrahedra.
Physical group name gate has 104 Triangles.
Physical group name gate has 168 Lines.
Physical group name gate has 65 Points.
Physical group name gate_contact has 0 Tetrahedra.
Physical group name gate_contact has 0 Triangles.
Physical group name gate_contact has 4 Lines.
Physical group name gate_contact has 5 Points.
Physical group name gate_oxide_interface has 0 Tetrahedra.
Physical group name gate_oxide_interface has 0 Triangles.
Physical group name gate_oxide_interface has 10 Lines.
Physical group name gate_oxide_interface has 11 Points.
Physical group name oxide has 0 Tetrahedra.
Physical group name oxide has 223 Triangles.
Physical group name oxide has 386 Lines.
Physical group name oxide has 164 Points.
Physical group name source_contact has 0 Tetrahedra.
Physical group name source_contact has 0 Triangles.
Physical group name source_contact has 20 Lines.
Physical group name source_contact has 21 Points.
Device mos2d has 1438 coordinates with max index 1438
Region bulk has 1312 nodes.
Region gate has 65 nodes.
Region oxide has 164 nodes.
Contact body in region bulk with 51 nodes
Contact drain in region bulk with 21 nodes
Contact gate in region gate with 5 nodes
Contact source in region bulk with 21 nodes
Warning, contact "drain" shares a node with interface "bulk_oxide"
Warning, contact "source" shares a node with interface "bulk_oxide"
Adding interface bulk_oxide with 92, 92 nodes
Adding interface gate_oxide with 11, 11 nodes
bulk body
bulk drain
gate gate
bulk source
number of equations 1541
Iteration: 0
  Device: "mos2d"	RelError: 3.00000e+00	AbsError: 2.57036e-01
    Region: "bulk"	RelError: 1.00000e+00	AbsError: 2.47898e-01
      Equation: "PotentialEquation"	RelError: 1.00000e+00	AbsError: 2.47898e-01
    Region: "gate"	RelError: 1.00000e+00	AbsError: 2.57036e-01
      Equation: "PotentialEquation"	RelError: 1.00000e+00	AbsError: 2.57036e-01
    Region: "oxide"	RelError: 1.00000e+00	AbsError: 2.55837e-01
      Equation: "PotentialEquation"	RelError: 1.00000e+00	AbsError: 2.55837e-01
Iteration: 1
  Device: "mos2d"	RelError: 1.49717e+00	AbsError: 2.55891e-01
    Region: "bulk"	RelError: 4.99074e-01	AbsError: 2.46080e-01
      Equation: "PotentialEquation"	RelError: 4.99074e-01	AbsError: 2.46080e-01
    Region: "gate"	RelError: 4.99184e-01	AbsError: 2.55891e-01
      Equation: "PotentialEquation"	RelError: 4.99184e-01	AbsError: 2.55891e-01
    Region: "oxide"	RelError: 4.98908e-01	AbsError: 2.54580e-01
      Equation: "PotentialEquation"	RelError: 4.98908e-01	AbsError: 2.54580e-01
Iteration: 2
  Device: "mos2d"	RelError: 1.53441e+00	AbsError: 1.57126e-01
    Region: "bulk"	RelError: 1.06327e+00	AbsError: 1.57126e-01
      Equation: "PotentialEquation"	RelError: 1.06327e+00	AbsError: 1.57126e-01
    Region: "gate"	RelError: 3.16582e-01	AbsError: 1.29920e-01
      Equation: "PotentialEquation"	RelError: 3.16582e-01	AbsError: 1.29920e-01
    Region: "oxide"	RelError: 1.54557e-01	AbsError: 9.20722e-02
      Equation: "PotentialEquation"	RelError: 1.54557e-01	AbsError: 9.20722e-02
Iteration: 3
  Device: "mos2d"	RelError: 7.45979e+01	AbsError: 1.16583e-01
    Region: "bulk"	RelError: 7.43101e+01	AbsError: 1.16583e-01
      Equation: "PotentialEquation"	RelError: 7.43101e+01	AbsError: 1.16583e-01
    Region: "gate"	RelError: 2.29097e-01	AbsError: 7.00000e-02
      Equation: "PotentialEquation"	RelError: 2.29097e-01	AbsError: 7.00000e-02
    Region: "oxide"	RelError: 5.86517e-02	AbsError: 2.97744e-02
      Equation: "PotentialEquation"	RelError: 5.86517e-02	AbsError: 2.97744e-02
Iteration: 4
  Device: "mos2d"	RelError: 3.34179e+02	AbsError: 1.36237e-01
    Region: "bulk"	RelError: 3.33949e+02	AbsError: 1.36237e-01
      Equation: "PotentialEquation"	RelError: 3.33949e+02	AbsError: 1.36237e-01
    Region: "gate"	RelError: 1.75024e-01	AbsError: 6.48239e-02
      Equation: "PotentialEquation"	RelError: 1.75024e-01	AbsError: 6.48239e-02
    Region: "oxide"	RelError: 5.41058e-02	AbsError: 2.58653e-02
      Equation: "PotentialEquation"	RelError: 5.41058e-02	AbsError: 2.58653e-02
Iteration: 5
  Device: "mos2d"	RelError: 6.83295e+01	AbsError: 1.52328e-01
    Region: "bulk"	RelError: 6.81357e+01	AbsError: 1.52328e-01
      Equation: "PotentialEquation"	RelError: 6.81357e+01	AbsError: 1.52328e-01
    Region: "gate"	RelError: 1.37182e-01	AbsError: 5.88866e-02
      Equation: "PotentialEquation"	RelError: 1.37182e-01	AbsError: 5.88866e-02
    Region: "oxide"	RelError: 5.65392e-02	AbsError: 2.57276e-02
      Equation: "PotentialEquation"	RelError: 5.65392e-02	AbsError: 2.57276e-02
Iteration: 6
  Device: "mos2d"	RelError: 3.98510e+02	AbsError: 1.64758e-01
    Region: "bulk"	RelError: 3.98340e+02	AbsError: 1.64758e-01
      Equation: "PotentialEquation"	RelError: 3.98340e+02	AbsError: 1.64758e-01
    Region: "gate"	RelError: 1.08015e-01	AbsError: 5.19808e-02
      Equation: "PotentialEquation"	RelError: 1.08015e-01	AbsError: 5.19808e-02
    Region: "oxide"	RelError: 6.22036e-02	AbsError: 2.57607e-02
      Equation: "PotentialEquation"	RelError: 6.22036e-02	AbsError: 2.57607e-02
Iteration: 7
  Device: "mos2d"	RelError: 9.73185e+01	AbsError: 1.64226e-01
    Region: "bulk"	RelError: 9.70340e+01	AbsError: 1.64226e-01
      Equation: "PotentialEquation"	RelError: 9.70340e+01	AbsError: 1.64226e-01
    Region: "gate"	RelError: 8.34915e-02	AbsError: 4.38395e-02
      Equation: "PotentialEquation"	RelError: 8.34915e-02	AbsError: 4.38395e-02
    Region: "oxide"	RelError: 2.00935e-01	AbsError: 6.78951e-02
      Equation: "PotentialEquation"	RelError: 2.00935e-01	AbsError: 6.78951e-02
Iteration: 8
  Device: "mos2d"	RelError: 2.98951e+02	AbsError: 1.45857e-01
    Region: "bulk"	RelError: 2.98534e+02	AbsError: 1.45857e-01
      Equation: "PotentialEquation"	RelError: 2.98534e+02	AbsError: 1.45857e-01
    Region: "gate"	RelError: 6.11043e-02	AbsError: 3.41726e-02
      Equation: "PotentialEquation"	RelError: 6.11043e-02	AbsError: 3.41726e-02
    Region: "oxide"	RelError: 3.56524e-01	AbsError: 8.87749e-02
      Equation: "PotentialEquation"	RelError: 3.56524e-01	AbsError: 8.87749e-02
Iteration: 9
  Device: "mos2d"	RelError: 3.54653e+02	AbsError: 1.27520e-01
    Region: "bulk"	RelError: 3.54144e+02	AbsError: 1.27520e-01
      Equation: "PotentialEquation"	RelError: 3.54144e+02	AbsError: 1.27520e-01
    Region: "gate"	RelError: 3.93513e-02	AbsError: 2.29087e-02
      Equation: "PotentialEquation"	RelError: 3.93513e-02	AbsError: 2.29087e-02
    Region: "oxide"	RelError: 4.69341e-01	AbsError: 7.95366e-02
      Equation: "PotentialEquation"	RelError: 4.69341e-01	AbsError: 7.95366e-02
Iteration: 10
  Device: "mos2d"	RelError: 1.70961e+04	AbsError: 1.06851e-01
    Region: "bulk"	RelError: 1.70955e+04	AbsError: 1.06851e-01
      Equation: "PotentialEquation"	RelError: 1.70955e+04	AbsError: 1.06851e-01
    Region: "gate"	RelError: 2.33454e-02	AbsError: 1.39156e-02
      Equation: "PotentialEquation"	RelError: 2.33454e-02	AbsError: 1.39156e-02
    Region: "oxide"	RelError: 5.85885e-01	AbsError: 6.26065e-02
      Equation: "PotentialEquation"	RelError: 5.85885e-01	AbsError: 6.26065e-02
Iteration: 11
  Device: "mos2d"	RelError: 2.39644e+03	AbsError: 8.53858e-02
    Region: "bulk"	RelError: 2.39590e+03	AbsError: 8.53858e-02
      Equation: "PotentialEquation"	RelError: 2.39590e+03	AbsError: 8.53858e-02
    Region: "gate"	RelError: 7.01954e-05	AbsError: 4.18274e-05
      Equation: "PotentialEquation"	RelError: 7.01954e-05	AbsError: 4.18274e-05
    Region: "oxide"	RelError: 5.40171e-01	AbsError: 3.74774e-02
      Equation: "PotentialEquation"	RelError: 5.40171e-01	AbsError: 3.74774e-02
Iteration: 12
  Device: "mos2d"	RelError: 1.06073e+01	AbsError: 6.39329e-02
    Region: "bulk"	RelError: 1.03720e+01	AbsError: 6.39329e-02
      Equation: "PotentialEquation"	RelError: 1.03720e+01	AbsError: 6.39329e-02
    Region: "gate"	RelError: 3.52809e-05	AbsError: 2.10236e-05
      Equation: "PotentialEquation"	RelError: 3.52809e-05	AbsError: 2.10236e-05
    Region: "oxide"	RelError: 2.35190e-01	AbsError: 2.71912e-02
      Equation: "PotentialEquation"	RelError: 2.35190e-01	AbsError: 2.71912e-02
Iteration: 13
  Device: "mos2d"	RelError: 1.12846e+02	AbsError: 4.42295e-02
    Region: "bulk"	RelError: 1.12628e+02	AbsError: 4.42295e-02
      Equation: "PotentialEquation"	RelError: 1.12628e+02	AbsError: 4.42295e-02
    Region: "gate"	RelError: 1.35433e-05	AbsError: 8.07048e-06
      Equation: "PotentialEquation"	RelError: 1.35433e-05	AbsError: 8.07048e-06
    Region: "oxide"	RelError: 2.18471e-01	AbsError: 2.57324e-02
      Equation: "PotentialEquation"	RelError: 2.18471e-01	AbsError: 2.57324e-02
Iteration: 14
  Device: "mos2d"	RelError: 2.03163e+01	AbsError: 2.58850e-02
    Region: "bulk"	RelError: 2.02061e+01	AbsError: 2.58850e-02
      Equation: "PotentialEquation"	RelError: 2.02061e+01	AbsError: 2.58850e-02
    Region: "gate"	RelError: 3.89658e-06	AbsError: 2.32198e-06
      Equation: "PotentialEquation"	RelError: 3.89658e-06	AbsError: 2.32198e-06
    Region: "oxide"	RelError: 1.10148e-01	AbsError: 2.01855e-02
      Equation: "PotentialEquation"	RelError: 1.10148e-01	AbsError: 2.01855e-02
Iteration: 15
  Device: "mos2d"	RelError: 1.68499e+01	AbsError: 1.82785e-02
    Region: "bulk"	RelError: 1.68389e+01	AbsError: 1.82785e-02
      Equation: "PotentialEquation"	RelError: 1.68389e+01	AbsError: 1.82785e-02
    Region: "gate"	RelError: 7.18472e-07	AbsError: 4.28140e-07
      Equation: "PotentialEquation"	RelError: 7.18472e-07	AbsError: 4.28140e-07
    Region: "oxide"	RelError: 1.10259e-02	AbsError: 1.24536e-03
      Equation: "PotentialEquation"	RelError: 1.10259e-02	AbsError: 1.24536e-03
Iteration: 16
  Device: "mos2d"	RelError: 1.79360e-01	AbsError: 5.97178e-04
    Region: "bulk"	RelError: 1.78382e-01	AbsError: 5.97178e-04
      Equation: "PotentialEquation"	RelError: 1.78382e-01	AbsError: 5.97178e-04
    Region: "gate"	RelError: 6.22393e-08	AbsError: 3.70891e-08
      Equation: "PotentialEquation"	RelError: 6.22393e-08	AbsError: 3.70891e-08
    Region: "oxide"	RelError: 9.77737e-04	AbsError: 1.10542e-04
      Equation: "PotentialEquation"	RelError: 9.77737e-04	AbsError: 1.10542e-04
Iteration: 17
  Device: "mos2d"	RelError: 7.13478e-04	AbsError: 2.97141e-06
    Region: "bulk"	RelError: 7.09513e-04	AbsError: 2.97141e-06
      Equation: "PotentialEquation"	RelError: 7.09513e-04	AbsError: 2.97141e-06
    Region: "gate"	RelError: 2.56159e-10	AbsError: 1.52646e-10
      Equation: "PotentialEquation"	RelError: 2.56159e-10	AbsError: 1.52646e-10
    Region: "oxide"	RelError: 3.96515e-06	AbsError: 4.48300e-07
      Equation: "PotentialEquation"	RelError: 3.96515e-06	AbsError: 4.48300e-07
Iteration: 18
  Device: "mos2d"	RelError: 1.43342e-08	AbsError: 6.81675e-11
    Region: "bulk"	RelError: 1.42537e-08	AbsError: 6.81675e-11
      Equation: "PotentialEquation"	RelError: 1.42537e-08	AbsError: 6.81675e-11
    Region: "gate"	RelError: 5.26853e-15	AbsError: 3.13953e-15
      Equation: "PotentialEquation"	RelError: 5.26853e-15	AbsError: 3.13953e-15
    Region: "oxide"	RelError: 8.04568e-11	AbsError: 9.09645e-12
      Equation: "PotentialEquation"	RelError: 8.04568e-11	AbsError: 9.09645e-12
Iteration: 19
  Device: "mos2d"	RelError: 1.44521e-14	AbsError: 1.24215e-16
    Region: "bulk"	RelError: 1.40522e-14	AbsError: 1.24215e-16
      Equation: "PotentialEquation"	RelError: 1.40522e-14	AbsError: 1.24215e-16
    Region: "gate"	RelError: 1.75439e-16	AbsError: 1.04575e-16
      Equation: "PotentialEquation"	RelError: 1.75439e-16	AbsError: 1.04575e-16
    Region: "oxide"	RelError: 2.24493e-16	AbsError: 7.08367e-17
      Equation: "PotentialEquation"	RelError: 2.24493e-16	AbsError: 7.08367e-17
number of equations 1541
Iteration: 0
  Device: "mos2d"	RelError: 2.99780e-14	AbsError: 1.27695e-16
    Region: "bulk"	RelError: 2.95494e-14	AbsError: 1.26415e-16
      Equation: "PotentialEquation"	RelError: 2.95494e-14	AbsError: 1.26415e-16
    Region: "gate"	RelError: 2.14281e-16	AbsError: 1.27695e-16
      Equation: "PotentialEquation"	RelError: 2.14281e-16	AbsError: 1.27695e-16
    Region: "oxide"	RelError: 2.14281e-16	AbsError: 1.27695e-16
      Equation: "PotentialEquation"	RelError: 2.14281e-16	AbsError: 1.27695e-16
Warning: Replacing equation with equation of the same name.
Region: gate, Equation: PotentialEquation, Variable: Potential
Warning: Replacing equation with equation of the same name.
Region: bulk, Equation: PotentialEquation, Variable: Potential
number of equations 4295
Iteration: 0
  Device: "mos2d"	RelError: 3.83309e-09	AbsError: 4.58296e+05
    Region: "bulk"	RelError: 3.83308e-09	AbsError: 4.58296e+05
      Equation: "ElectronContinuityEquation"	RelError: 2.88312e-09	AbsError: 4.53176e+05
      Equation: "HoleContinuityEquation"	RelError: 9.49617e-10	AbsError: 5.12000e+03
      Equation: "PotentialEquation"	RelError: 3.47430e-13	AbsError: 1.13743e-15
    Region: "gate"	RelError: 8.36029e-15	AbsError: 4.04634e+05
      Equation: "ElectronContinuityEquation"	RelError: 4.04635e-15	AbsError: 4.04634e+05
      Equation: "HoleContinuityEquation"	RelError: 4.16515e-15	AbsError: 4.16517e-15
      Equation: "PotentialEquation"	RelError: 1.48782e-16	AbsError: 8.86849e-17
    Region: "oxide"	RelError: 8.49972e-16	AbsError: 1.85384e-16
      Equation: "PotentialEquation"	RelError: 8.49972e-16	AbsError: 1.85384e-16
=== SWEEP_START IDVD_VG1P0 ===
number of equations 4295
Iteration: 0
  Device: "mos2d"	RelError: 3.50820e-10	AbsError: 8.53857e+03
    Region: "bulk"	RelError: 3.50819e-10	AbsError: 8.53857e+03
      Equation: "ElectronContinuityEquation"	RelError: 2.02588e-10	AbsError: 8.19300e+03
      Equation: "HoleContinuityEquation"	RelError: 1.48193e-10	AbsError: 3.45570e+02
      Equation: "PotentialEquation"	RelError: 3.80655e-14	AbsError: 1.19270e-15
    Region: "gate"	RelError: 4.04468e-16	AbsError: 8.06838e+03
      Equation: "ElectronContinuityEquation"	RelError: 8.06838e-17	AbsError: 8.06838e+03
      Equation: "HoleContinuityEquation"	RelError: 2.29476e-16	AbsError: 2.30360e-16
      Equation: "PotentialEquation"	RelError: 9.43090e-17	AbsError: 5.62034e-17
    Region: "oxide"	RelError: 1.96611e-16	AbsError: 5.62034e-17
      Equation: "PotentialEquation"	RelError: 1.96611e-16	AbsError: 5.62034e-17
gate last end 0.000000e+00 5.000000e-01
number of equations 4295
Iteration: 0
  Device: "mos2d"	RelError: 3.92544e+00	AbsError: 5.17706e+16
    Region: "bulk"	RelError: 3.80096e+00	AbsError: 5.17706e+16
      Equation: "ElectronContinuityEquation"	RelError: 3.07194e-01	AbsError: 5.03274e+16
      Equation: "HoleContinuityEquation"	RelError: 7.96643e-01	AbsError: 1.44325e+15
      Equation: "PotentialEquation"	RelError: 2.69712e+00	AbsError: 1.14785e-02
    Region: "gate"	RelError: 3.29890e-02	AbsError: 2.59610e+16
      Equation: "ElectronContinuityEquation"	RelError: 2.60809e-04	AbsError: 2.59610e+16
      Equation: "HoleContinuityEquation"	RelError: 2.60673e-04	AbsError: 2.61877e-04
      Equation: "PotentialEquation"	RelError: 3.24675e-02	AbsError: 2.00000e-02
    Region: "oxide"	RelError: 9.15004e-02	AbsError: 1.99970e-02
      Equation: "PotentialEquation"	RelError: 9.15004e-02	AbsError: 1.99970e-02
Iteration: 1
  Device: "mos2d"	RelError: 2.07806e-01	AbsError: 3.13799e+15
    Region: "bulk"	RelError: 2.07663e-01	AbsError: 3.13799e+15
      Equation: "ElectronContinuityEquation"	RelError: 7.34403e-02	AbsError: 3.11003e+15
      Equation: "HoleContinuityEquation"	RelError: 1.32866e-01	AbsError: 2.79648e+13
      Equation: "PotentialEquation"	RelError: 1.35742e-03	AbsError: 6.04255e-05
    Region: "gate"	RelError: 1.71227e-06	AbsError: 8.00821e+13
      Equation: "ElectronContinuityEquation"	RelError: 8.04520e-07	AbsError: 8.00821e+13
      Equation: "HoleContinuityEquation"	RelError: 8.72505e-07	AbsError: 8.76535e-07
      Equation: "PotentialEquation"	RelError: 3.52410e-08	AbsError: 2.17069e-08
    Region: "oxide"	RelError: 1.40974e-04	AbsError: 6.04255e-05
      Equation: "PotentialEquation"	RelError: 1.40974e-04	AbsError: 6.04255e-05
Iteration: 2
  Device: "mos2d"	RelError: 1.27651e-04	AbsError: 1.08558e+12
    Region: "bulk"	RelError: 1.27624e-04	AbsError: 1.08558e+12
      Equation: "ElectronContinuityEquation"	RelError: 6.69937e-05	AbsError: 1.08268e+12
      Equation: "HoleContinuityEquation"	RelError: 6.06047e-05	AbsError: 2.89660e+09
      Equation: "PotentialEquation"	RelError: 2.60599e-08	AbsError: 1.17845e-08
    Region: "gate"	RelError: 2.72942e-10	AbsError: 1.33629e+10
      Equation: "ElectronContinuityEquation"	RelError: 1.33983e-10	AbsError: 1.33629e+10
      Equation: "HoleContinuityEquation"	RelError: 1.33342e-10	AbsError: 1.33695e-10
      Equation: "PotentialEquation"	RelError: 5.61751e-12	AbsError: 3.46042e-12
    Region: "oxide"	RelError: 2.60599e-08	AbsError: 1.17845e-08
      Equation: "PotentialEquation"	RelError: 2.60599e-08	AbsError: 1.17845e-08
Iteration: 3
  Device: "mos2d"	RelError: 2.14992e-09	AbsError: 1.23810e+05
    Region: "bulk"	RelError: 2.14992e-09	AbsError: 1.23810e+05
      Equation: "ElectronContinuityEquation"	RelError: 1.72207e-09	AbsError: 1.23310e+05
      Equation: "HoleContinuityEquation"	RelError: 4.27527e-10	AbsError: 4.99633e+02
      Equation: "PotentialEquation"	RelError: 3.17713e-13	AbsError: 1.47381e-15
    Region: "gate"	RelError: 3.90270e-16	AbsError: 9.25276e+03
      Equation: "ElectronContinuityEquation"	RelError: 9.27726e-17	AbsError: 9.25276e+03
      Equation: "HoleContinuityEquation"	RelError: 2.06198e-16	AbsError: 2.06744e-16
      Equation: "PotentialEquation"	RelError: 9.12990e-17	AbsError: 5.62317e-17
    Region: "oxide"	RelError: 2.76054e-15	AbsError: 1.24834e-15
      Equation: "PotentialEquation"	RelError: 2.76054e-15	AbsError: 1.24834e-15
Succeeded
gate last end 2.000000e-02 5.000000e-01
number of equations 4295
Iteration: 0
  Device: "mos2d"	RelError: 7.48119e+00	AbsError: 5.80320e+16
    Region: "bulk"	RelError: 7.36541e+00	AbsError: 5.80320e+16
      Equation: "ElectronContinuityEquation"	RelError: 3.07131e-01	AbsError: 5.66061e+16
      Equation: "HoleContinuityEquation"	RelError: 7.96215e-01	AbsError: 1.42592e+15
      Equation: "PotentialEquation"	RelError: 6.26206e+00	AbsError: 1.14751e-02
    Region: "gate"	RelError: 3.19714e-02	AbsError: 2.61227e+16
      Equation: "ElectronContinuityEquation"	RelError: 2.62502e-04	AbsError: 2.61227e+16
      Equation: "HoleContinuityEquation"	RelError: 2.62365e-04	AbsError: 2.63646e-04
      Equation: "PotentialEquation"	RelError: 3.14465e-02	AbsError: 2.00000e-02
    Region: "oxide"	RelError: 8.38093e-02	AbsError: 1.99970e-02
      Equation: "PotentialEquation"	RelError: 8.38093e-02	AbsError: 1.99970e-02
Iteration: 1
  Device: "mos2d"	RelError: 2.07910e-01	AbsError: 3.30992e+15
    Region: "bulk"	RelError: 2.07762e-01	AbsError: 3.30992e+15
      Equation: "ElectronContinuityEquation"	RelError: 7.33759e-02	AbsError: 3.28291e+15
      Equation: "HoleContinuityEquation"	RelError: 1.32797e-01	AbsError: 2.70053e+13
      Equation: "PotentialEquation"	RelError: 1.58826e-03	AbsError: 6.29182e-05
    Region: "gate"	RelError: 1.80453e-06	AbsError: 8.45701e+13
      Equation: "ElectronContinuityEquation"	RelError: 8.49831e-07	AbsError: 8.45701e+13
      Equation: "HoleContinuityEquation"	RelError: 9.18701e-07	AbsError: 9.23187e-07
      Equation: "PotentialEquation"	RelError: 3.59956e-08	AbsError: 2.28913e-08
    Region: "oxide"	RelError: 1.46492e-04	AbsError: 6.29182e-05
      Equation: "PotentialEquation"	RelError: 1.46492e-04	AbsError: 6.29182e-05
Iteration: 2
  Device: "mos2d"	RelError: 1.30587e-04	AbsError: 1.17832e+12
    Region: "bulk"	RelError: 1.30559e-04	AbsError: 1.17832e+12
      Equation: "ElectronContinuityEquation"	RelError: 6.91910e-05	AbsError: 1.17579e+12
      Equation: "HoleContinuityEquation"	RelError: 6.12896e-05	AbsError: 2.53145e+09
      Equation: "PotentialEquation"	RelError: 7.82969e-08	AbsError: 1.26335e-08
    Region: "gate"	RelError: 2.92423e-10	AbsError: 1.43234e+10
      Equation: "ElectronContinuityEquation"	RelError: 1.43644e-10	AbsError: 1.43234e+10
      Equation: "HoleContinuityEquation"	RelError: 1.42946e-10	AbsError: 1.43355e-10
      Equation: "PotentialEquation"	RelError: 5.83302e-12	AbsError: 3.70981e-12
    Region: "oxide"	RelError: 2.77086e-08	AbsError: 1.26335e-08
      Equation: "PotentialEquation"	RelError: 2.77086e-08	AbsError: 1.26335e-08
Iteration: 3
  Device: "mos2d"	RelError: 8.33893e-10	AbsError: 1.41884e+05
    Region: "bulk"	RelError: 8.33890e-10	AbsError: 1.41884e+05
      Equation: "ElectronContinuityEquation"	RelError: 5.87483e-10	AbsError: 1.41481e+05
      Equation: "HoleContinuityEquation"	RelError: 2.46352e-10	AbsError: 4.03037e+02
      Equation: "PotentialEquation"	RelError: 5.55861e-14	AbsError: 1.23661e-15
    Region: "gate"	RelError: 3.52746e-16	AbsError: 8.24876e+03
      Equation: "ElectronContinuityEquation"	RelError: 8.30098e-17	AbsError: 8.24876e+03
      Equation: "HoleContinuityEquation"	RelError: 1.82914e-16	AbsError: 1.82915e-16
      Equation: "PotentialEquation"	RelError: 8.68227e-17	AbsError: 5.52142e-17
    Region: "oxide"	RelError: 2.71220e-15	AbsError: 1.23661e-15
      Equation: "PotentialEquation"	RelError: 2.71220e-15	AbsError: 1.23661e-15
Succeeded
gate last end 4.000000e-02 5.000000e-01
number of equations 4295
Iteration: 0
  Device: "mos2d"	RelError: 4.00804e+00	AbsError: 6.46264e+16
    Region: "bulk"	RelError: 3.89972e+00	AbsError: 6.46264e+16
      Equation: "ElectronContinuityEquation"	RelError: 3.07042e-01	AbsError: 6.32202e+16
      Equation: "HoleContinuityEquation"	RelError: 7.95619e-01	AbsError: 1.40623e+15
      Equation: "PotentialEquation"	RelError: 2.79706e+00	AbsError: 1.14703e-02
    Region: "gate"	RelError: 3.10162e-02	AbsError: 2.62933e+16
      Equation: "ElectronContinuityEquation"	RelError: 2.64286e-04	AbsError: 2.62933e+16
      Equation: "HoleContinuityEquation"	RelError: 2.64147e-04	AbsError: 2.65507e-04
      Equation: "PotentialEquation"	RelError: 3.04878e-02	AbsError: 2.00000e-02
    Region: "oxide"	RelError: 7.73011e-02	AbsError: 1.99970e-02
      Equation: "PotentialEquation"	RelError: 7.73011e-02	AbsError: 1.99970e-02
Iteration: 1
  Device: "mos2d"	RelError: 2.08521e-01	AbsError: 3.44903e+15
    Region: "bulk"	RelError: 2.08368e-01	AbsError: 3.44903e+15
      Equation: "ElectronContinuityEquation"	RelError: 7.32958e-02	AbsError: 3.42306e+15
      Equation: "HoleContinuityEquation"	RelError: 1.32694e-01	AbsError: 2.59676e+13
      Equation: "PotentialEquation"	RelError: 2.37840e-03	AbsError: 6.50083e-05
    Region: "gate"	RelError: 1.89229e-06	AbsError: 8.88359e+13
      Equation: "ElectronContinuityEquation"	RelError: 8.92934e-07	AbsError: 8.88359e+13
      Equation: "HoleContinuityEquation"	RelError: 9.62742e-07	AbsError: 9.67700e-07
      Equation: "PotentialEquation"	RelError: 3.66180e-08	AbsError: 2.40193e-08
    Region: "oxide"	RelError: 1.51261e-04	AbsError: 6.50083e-05
      Equation: "PotentialEquation"	RelError: 1.51261e-04	AbsError: 6.50083e-05
Iteration: 2
  Device: "mos2d"	RelError: 1.33262e-04	AbsError: 1.24116e+12
    Region: "bulk"	RelError: 1.33233e-04	AbsError: 1.24116e+12
      Equation: "ElectronContinuityEquation"	RelError: 7.13469e-05	AbsError: 1.23899e+12
      Equation: "HoleContinuityEquation"	RelError: 6.17681e-05	AbsError: 2.16884e+09
      Equation: "PotentialEquation"	RelError: 1.17623e-07	AbsError: 1.31409e-08
    Region: "gate"	RelError: 3.04036e-10	AbsError: 1.48992e+10
      Equation: "ElectronContinuityEquation"	RelError: 1.49452e-10	AbsError: 1.48992e+10
      Equation: "HoleContinuityEquation"	RelError: 1.48701e-10	AbsError: 1.49160e-10
      Equation: "PotentialEquation"	RelError: 5.88320e-12	AbsError: 3.85935e-12
    Region: "oxide"	RelError: 2.85951e-08	AbsError: 1.31409e-08
      Equation: "PotentialEquation"	RelError: 2.85951e-08	AbsError: 1.31409e-08
Iteration: 3
  Device: "mos2d"	RelError: 1.54960e-09	AbsError: 1.51457e+05
    Region: "bulk"	RelError: 1.54960e-09	AbsError: 1.51457e+05
      Equation: "ElectronContinuityEquation"	RelError: 1.31355e-09	AbsError: 1.51066e+05
      Equation: "HoleContinuityEquation"	RelError: 2.36004e-10	AbsError: 3.90672e+02
      Equation: "PotentialEquation"	RelError: 4.50099e-14	AbsError: 1.54893e-15
    Region: "gate"	RelError: 6.14357e-16	AbsError: 8.10874e+03
      Equation: "ElectronContinuityEquation"	RelError: 8.10874e-17	AbsError: 8.10874e+03
      Equation: "HoleContinuityEquation"	RelError: 2.79218e-16	AbsError: 2.80493e-16
      Equation: "PotentialEquation"	RelError: 2.54052e-16	AbsError: 1.66677e-16
    Region: "oxide"	RelError: 3.37054e-15	AbsError: 1.54893e-15
      Equation: "PotentialEquation"	RelError: 3.37054e-15	AbsError: 1.54893e-15
Succeeded
gate last end 6.000000e-02 5.000000e-01
number of equations 4295
Iteration: 0
  Device: "mos2d"	RelError: 4.24917e+00	AbsError: 7.14866e+16
    Region: "bulk"	RelError: 4.14733e+00	AbsError: 7.14866e+16
      Equation: "ElectronContinuityEquation"	RelError: 3.06927e-01	AbsError: 7.01023e+16
      Equation: "HoleContinuityEquation"	RelError: 7.94848e-01	AbsError: 1.38431e+15
      Equation: "PotentialEquation"	RelError: 3.04556e+00	AbsError: 1.14641e-02
    Region: "gate"	RelError: 3.01180e-02	AbsError: 2.64723e+16
      Equation: "ElectronContinuityEquation"	RelError: 2.66157e-04	AbsError: 2.64723e+16
      Equation: "HoleContinuityEquation"	RelError: 2.66015e-04	AbsError: 2.67456e-04
      Equation: "PotentialEquation"	RelError: 2.95858e-02	AbsError: 2.00000e-02
    Region: "oxide"	RelError: 7.17210e-02	AbsError: 1.99970e-02
      Equation: "PotentialEquation"	RelError: 7.17210e-02	AbsError: 1.99970e-02
Iteration: 1
  Device: "mos2d"	RelError: 2.11457e-01	AbsError: 3.54992e+15
    Region: "bulk"	RelError: 2.11299e-01	AbsError: 3.54992e+15
      Equation: "ElectronContinuityEquation"	RelError: 7.31992e-02	AbsError: 3.52505e+15
      Equation: "HoleContinuityEquation"	RelError: 1.32554e-01	AbsError: 2.48700e+13
      Equation: "PotentialEquation"	RelError: 5.54614e-03	AbsError: 6.66582e-05
    Region: "gate"	RelError: 1.97495e-06	AbsError: 9.28491e+13
      Equation: "ElectronContinuityEquation"	RelError: 9.33522e-07	AbsError: 9.28491e+13
      Equation: "HoleContinuityEquation"	RelError: 1.00432e-06	AbsError: 1.00976e-06
      Equation: "PotentialEquation"	RelError: 3.71083e-08	AbsError: 2.50828e-08
    Region: "oxide"	RelError: 1.55179e-04	AbsError: 6.66582e-05
      Equation: "PotentialEquation"	RelError: 1.55179e-04	AbsError: 6.66582e-05
Iteration: 2
  Device: "mos2d"	RelError: 1.36448e-04	AbsError: 1.26778e+12
    Region: "bulk"	RelError: 1.36419e-04	AbsError: 1.26778e+12
      Equation: "ElectronContinuityEquation"	RelError: 7.34628e-05	AbsError: 1.26596e+12
      Equation: "HoleContinuityEquation"	RelError: 6.26272e-05	AbsError: 1.81448e+09
      Equation: "PotentialEquation"	RelError: 3.28716e-07	AbsError: 1.32590e-08
    Region: "gate"	RelError: 3.06819e-10	AbsError: 1.50429e+10
      Equation: "ElectronContinuityEquation"	RelError: 1.50926e-10	AbsError: 1.50429e+10
      Equation: "HoleContinuityEquation"	RelError: 1.50128e-10	AbsError: 1.50625e-10
      Equation: "PotentialEquation"	RelError: 5.76487e-12	AbsError: 3.89699e-12
    Region: "oxide"	RelError: 2.86354e-08	AbsError: 1.32590e-08
      Equation: "PotentialEquation"	RelError: 2.86354e-08	AbsError: 1.32590e-08
Iteration: 3
  Device: "mos2d"	RelError: 1.34827e-09	AbsError: 1.55180e+05
    Region: "bulk"	RelError: 1.34827e-09	AbsError: 1.55180e+05
      Equation: "ElectronContinuityEquation"	RelError: 8.89222e-10	AbsError: 1.54732e+05
      Equation: "HoleContinuityEquation"	RelError: 4.58893e-10	AbsError: 4.47923e+02
      Equation: "PotentialEquation"	RelError: 1.54948e-13	AbsError: 1.70313e-15
    Region: "gate"	RelError: 4.43056e-16	AbsError: 7.79928e+03
      Equation: "ElectronContinuityEquation"	RelError: 7.79928e-17	AbsError: 7.79928e+03
      Equation: "HoleContinuityEquation"	RelError: 2.80557e-16	AbsError: 2.81485e-16
      Equation: "PotentialEquation"	RelError: 8.45061e-17	AbsError: 5.71324e-17
    Region: "oxide"	RelError: 2.98387e-15	AbsError: 1.38161e-15
      Equation: "PotentialEquation"	RelError: 2.98387e-15	AbsError: 1.38161e-15
Succeeded
gate last end 8.000000e-02 5.000000e-01
number of equations 4295
Iteration: 0
  Device: "mos2d"	RelError: 2.62717e+00	AbsError: 7.85350e+16
    Region: "bulk"	RelError: 2.53101e+00	AbsError: 7.85350e+16
      Equation: "ElectronContinuityEquation"	RelError: 3.06785e-01	AbsError: 7.71747e+16
      Equation: "HoleContinuityEquation"	RelError: 7.93894e-01	AbsError: 1.36027e+15
      Equation: "PotentialEquation"	RelError: 1.43033e+00	AbsError: 1.14565e-02
    Region: "gate"	RelError: 2.92717e-02	AbsError: 2.66592e+16
      Equation: "ElectronContinuityEquation"	RelError: 2.68109e-04	AbsError: 2.66592e+16
      Equation: "HoleContinuityEquation"	RelError: 2.67965e-04	AbsError: 2.69489e-04
      Equation: "PotentialEquation"	RelError: 2.87356e-02	AbsError: 2.00000e-02
    Region: "oxide"	RelError: 6.68820e-02	AbsError: 1.99970e-02
      Equation: "PotentialEquation"	RelError: 6.68820e-02	AbsError: 1.99970e-02
Iteration: 1
  Device: "mos2d"	RelError: 2.07162e-01	AbsError: 3.60885e+15
    Region: "bulk"	RelError: 2.07001e-01	AbsError: 3.60885e+15
      Equation: "ElectronContinuityEquation"	RelError: 7.30845e-02	AbsError: 3.58512e+15
      Equation: "HoleContinuityEquation"	RelError: 1.32377e-01	AbsError: 2.37301e+13
      Equation: "PotentialEquation"	RelError: 1.54003e-03	AbsError: 6.83326e-05
    Region: "gate"	RelError: 2.05241e-06	AbsError: 9.66049e+13
      Equation: "ElectronContinuityEquation"	RelError: 9.71544e-07	AbsError: 9.66049e+13
      Equation: "HoleContinuityEquation"	RelError: 1.04339e-06	AbsError: 1.04932e-06
      Equation: "PotentialEquation"	RelError: 3.74760e-08	AbsError: 2.60806e-08
    Region: "oxide"	RelError: 1.58394e-04	AbsError: 6.83326e-05
      Equation: "PotentialEquation"	RelError: 1.58394e-04	AbsError: 6.83326e-05
Iteration: 2
  Device: "mos2d"	RelError: 1.39261e-04	AbsError: 1.25481e+12
    Region: "bulk"	RelError: 1.39233e-04	AbsError: 1.25481e+12
      Equation: "ElectronContinuityEquation"	RelError: 7.55559e-05	AbsError: 1.25333e+12
      Equation: "HoleContinuityEquation"	RelError: 6.35415e-05	AbsError: 1.47275e+09
      Equation: "PotentialEquation"	RelError: 1.35427e-07	AbsError: 1.29740e-08
    Region: "gate"	RelError: 3.00630e-10	AbsError: 1.47467e+10
      Equation: "ElectronContinuityEquation"	RelError: 1.47988e-10	AbsError: 1.47467e+10
      Equation: "HoleContinuityEquation"	RelError: 1.47153e-10	AbsError: 1.47672e-10
      Equation: "PotentialEquation"	RelError: 5.48939e-12	AbsError: 3.82052e-12
    Region: "oxide"	RelError: 2.78193e-08	AbsError: 1.29740e-08
      Equation: "PotentialEquation"	RelError: 2.78193e-08	AbsError: 1.29740e-08
Iteration: 3
  Device: "mos2d"	RelError: 1.45565e-09	AbsError: 1.45854e+05
    Region: "bulk"	RelError: 1.45565e-09	AbsError: 1.45854e+05
      Equation: "ElectronContinuityEquation"	RelError: 4.57048e-10	AbsError: 1.45486e+05
      Equation: "HoleContinuityEquation"	RelError: 9.98577e-10	AbsError: 3.68582e+02
      Equation: "PotentialEquation"	RelError: 2.44354e-14	AbsError: 1.30177e-15
    Region: "gate"	RelError: 3.95282e-16	AbsError: 8.01727e+03
      Equation: "ElectronContinuityEquation"	RelError: 8.01727e-17	AbsError: 8.01727e+03
      Equation: "HoleContinuityEquation"	RelError: 2.38029e-16	AbsError: 2.39383e-16
      Equation: "PotentialEquation"	RelError: 7.70797e-17	AbsError: 5.36532e-17
    Region: "oxide"	RelError: 2.79129e-15	AbsError: 1.30177e-15
      Equation: "PotentialEquation"	RelError: 2.79129e-15	AbsError: 1.30177e-15
Succeeded
gate last end 1.000000e-01 5.000000e-01
number of equations 4295
Iteration: 0
  Device: "mos2d"	RelError: 1.09793e+01	AbsError: 8.56870e+16
    Region: "bulk"	RelError: 1.08882e+01	AbsError: 8.56870e+16
      Equation: "ElectronContinuityEquation"	RelError: 3.06613e-01	AbsError: 8.43528e+16
      Equation: "HoleContinuityEquation"	RelError: 7.92745e-01	AbsError: 1.33425e+15
      Equation: "PotentialEquation"	RelError: 9.78885e+00	AbsError: 1.14472e-02
    Region: "gate"	RelError: 2.84731e-02	AbsError: 2.68536e+16
      Equation: "ElectronContinuityEquation"	RelError: 2.70137e-04	AbsError: 2.68536e+16
      Equation: "HoleContinuityEquation"	RelError: 2.69991e-04	AbsError: 2.71600e-04
      Equation: "PotentialEquation"	RelError: 2.79329e-02	AbsError: 2.00000e-02
    Region: "oxide"	RelError: 6.26443e-02	AbsError: 1.99970e-02
      Equation: "PotentialEquation"	RelError: 6.26443e-02	AbsError: 1.99970e-02
Iteration: 1
  Device: "mos2d"	RelError: 2.18757e-01	AbsError: 3.62393e+15
    Region: "bulk"	RelError: 2.18593e-01	AbsError: 3.62393e+15
      Equation: "ElectronContinuityEquation"	RelError: 7.29498e-02	AbsError: 3.60136e+15
      Equation: "HoleContinuityEquation"	RelError: 1.32160e-01	AbsError: 2.25638e+13
      Equation: "PotentialEquation"	RelError: 1.34836e-02	AbsError: 6.98051e-05
    Region: "gate"	RelError: 2.12514e-06	AbsError: 1.00126e+14
      Equation: "ElectronContinuityEquation"	RelError: 1.00723e-06	AbsError: 1.00126e+14
      Equation: "HoleContinuityEquation"	RelError: 1.08016e-06	AbsError: 1.08660e-06
      Equation: "PotentialEquation"	RelError: 3.77396e-08	AbsError: 2.70186e-08
    Region: "oxide"	RelError: 1.62029e-04	AbsError: 6.98051e-05
      Equation: "PotentialEquation"	RelError: 1.62029e-04	AbsError: 6.98051e-05
Iteration: 2
  Device: "mos2d"	RelError: 1.44023e-04	AbsError: 1.20233e+12
    Region: "bulk"	RelError: 1.43996e-04	AbsError: 1.20233e+12
      Equation: "ElectronContinuityEquation"	RelError: 7.76577e-05	AbsError: 1.20111e+12
      Equation: "HoleContinuityEquation"	RelError: 6.46597e-05	AbsError: 1.21435e+09
      Equation: "PotentialEquation"	RelError: 1.67897e-06	AbsError: 1.23076e-08
    Region: "gate"	RelError: 2.86167e-10	AbsError: 1.40447e+10
      Equation: "ElectronContinuityEquation"	RelError: 1.40974e-10	AbsError: 1.40447e+10
      Equation: "HoleContinuityEquation"	RelError: 1.40111e-10	AbsError: 1.40638e-10
      Equation: "PotentialEquation"	RelError: 5.08190e-12	AbsError: 3.63853e-12
    Region: "oxide"	RelError: 2.62100e-08	AbsError: 1.23076e-08
      Equation: "PotentialEquation"	RelError: 2.62100e-08	AbsError: 1.23076e-08
Iteration: 3
  Device: "mos2d"	RelError: 1.13124e-09	AbsError: 1.29153e+05
    Region: "bulk"	RelError: 1.13123e-09	AbsError: 1.29153e+05
      Equation: "ElectronContinuityEquation"	RelError: 5.62415e-10	AbsError: 1.28782e+05
      Equation: "HoleContinuityEquation"	RelError: 5.68513e-10	AbsError: 3.70571e+02
      Equation: "PotentialEquation"	RelError: 3.04714e-13	AbsError: 1.95043e-15
    Region: "gate"	RelError: 3.55661e-16	AbsError: 8.05859e+03
      Equation: "ElectronContinuityEquation"	RelError: 8.05859e-17	AbsError: 8.05859e+03
      Equation: "HoleContinuityEquation"	RelError: 2.00883e-16	AbsError: 2.02247e-16
      Equation: "PotentialEquation"	RelError: 7.41925e-17	AbsError: 5.31274e-17
    Region: "oxide"	RelError: 2.31010e-15	AbsError: 1.08477e-15
      Equation: "PotentialEquation"	RelError: 2.31010e-15	AbsError: 1.08477e-15
Succeeded
gate last end 1.200000e-01 5.000000e-01
number of equations 4295
Iteration: 0
  Device: "mos2d"	RelError: 5.36831e+00	AbsError: 9.28551e+16
    Region: "bulk"	RelError: 5.28169e+00	AbsError: 9.28551e+16
      Equation: "ElectronContinuityEquation"	RelError: 3.06409e-01	AbsError: 9.15488e+16
      Equation: "HoleContinuityEquation"	RelError: 7.91381e-01	AbsError: 1.30638e+15
      Equation: "PotentialEquation"	RelError: 4.18390e+00	AbsError: 1.14362e-02
    Region: "gate"	RelError: 2.77182e-02	AbsError: 2.70550e+16
      Equation: "ElectronContinuityEquation"	RelError: 2.72237e-04	AbsError: 2.70550e+16
      Equation: "HoleContinuityEquation"	RelError: 2.72089e-04	AbsError: 2.73785e-04
      Equation: "PotentialEquation"	RelError: 2.71739e-02	AbsError: 2.00000e-02
    Region: "oxide"	RelError: 5.89006e-02	AbsError: 1.99970e-02
      Equation: "PotentialEquation"	RelError: 5.89006e-02	AbsError: 1.99970e-02
Iteration: 1
  Device: "mos2d"	RelError: 2.10691e-01	AbsError: 3.59527e+15
    Region: "bulk"	RelError: 2.10524e-01	AbsError: 3.59527e+15
      Equation: "ElectronContinuityEquation"	RelError: 7.27923e-02	AbsError: 3.57389e+15
      Equation: "HoleContinuityEquation"	RelError: 1.31901e-01	AbsError: 2.13861e+13
      Equation: "PotentialEquation"	RelError: 5.83136e-03	AbsError: 7.08519e-05
    Region: "gate"	RelError: 2.19418e-06	AbsError: 1.03464e+14
      Equation: "ElectronContinuityEquation"	RelError: 1.04109e-06	AbsError: 1.03464e+14
      Equation: "HoleContinuityEquation"	RelError: 1.11516e-06	AbsError: 1.12212e-06
      Equation: "PotentialEquation"	RelError: 3.79254e-08	AbsError: 2.79098e-08
    Region: "oxide"	RelError: 1.64833e-04	AbsError: 7.08519e-05
      Equation: "PotentialEquation"	RelError: 1.64833e-04	AbsError: 7.08519e-05
Iteration: 2
  Device: "mos2d"	RelError: 1.46633e-04	AbsError: 1.11382e+12
    Region: "bulk"	RelError: 1.46609e-04	AbsError: 1.11382e+12
      Equation: "ElectronContinuityEquation"	RelError: 7.98121e-05	AbsError: 1.11259e+12
      Equation: "HoleContinuityEquation"	RelError: 6.59712e-05	AbsError: 1.22685e+09
      Equation: "PotentialEquation"	RelError: 8.25819e-07	AbsError: 1.13121e-08
    Region: "gate"	RelError: 2.64866e-10	AbsError: 1.30066e+10
      Equation: "ElectronContinuityEquation"	RelError: 1.30585e-10	AbsError: 1.30066e+10
      Equation: "HoleContinuityEquation"	RelError: 1.29703e-10	AbsError: 1.30220e-10
      Equation: "PotentialEquation"	RelError: 4.57821e-12	AbsError: 3.36943e-12
    Region: "oxide"	RelError: 2.39334e-08	AbsError: 1.13121e-08
      Equation: "PotentialEquation"	RelError: 2.39334e-08	AbsError: 1.13121e-08
Iteration: 3
  Device: "mos2d"	RelError: 1.18522e-09	AbsError: 1.06799e+05
    Region: "bulk"	RelError: 1.18522e-09	AbsError: 1.06799e+05
      Equation: "ElectronContinuityEquation"	RelError: 9.46209e-10	AbsError: 1.06505e+05
      Equation: "HoleContinuityEquation"	RelError: 2.38940e-10	AbsError: 2.94548e+02
      Equation: "PotentialEquation"	RelError: 6.53576e-14	AbsError: 2.22204e-15
    Region: "gate"	RelError: 4.66064e-16	AbsError: 8.16271e+03
      Equation: "ElectronContinuityEquation"	RelError: 8.16271e-17	AbsError: 8.16271e+03
      Equation: "HoleContinuityEquation"	RelError: 3.06817e-16	AbsError: 3.08427e-16
      Equation: "PotentialEquation"	RelError: 7.76204e-17	AbsError: 5.71344e-17
    Region: "oxide"	RelError: 1.80455e-15	AbsError: 8.52918e-16
      Equation: "PotentialEquation"	RelError: 1.80455e-15	AbsError: 8.52918e-16
Succeeded
gate last end 1.400000e-01 5.000000e-01
number of equations 4295
Iteration: 0
  Device: "mos2d"	RelError: 1.34083e+01	AbsError: 9.99526e+16
    Region: "bulk"	RelError: 1.33257e+01	AbsError: 9.99526e+16
      Equation: "ElectronContinuityEquation"	RelError: 3.06168e-01	AbsError: 9.86758e+16
      Equation: "HoleContinuityEquation"	RelError: 7.89776e-01	AbsError: 1.27680e+15
      Equation: "PotentialEquation"	RelError: 1.22298e+01	AbsError: 1.14233e-02
    Region: "gate"	RelError: 2.70037e-02	AbsError: 2.72630e+16
      Equation: "ElectronContinuityEquation"	RelError: 2.74405e-04	AbsError: 2.72630e+16
      Equation: "HoleContinuityEquation"	RelError: 2.74255e-04	AbsError: 2.76041e-04
      Equation: "PotentialEquation"	RelError: 2.64550e-02	AbsError: 2.00000e-02
    Region: "oxide"	RelError: 5.55674e-02	AbsError: 1.99970e-02
      Equation: "PotentialEquation"	RelError: 5.55674e-02	AbsError: 1.99970e-02
Iteration: 1
  Device: "mos2d"	RelError: 2.14529e-01	AbsError: 3.52485e+15
    Region: "bulk"	RelError: 2.14356e-01	AbsError: 3.52485e+15
      Equation: "ElectronContinuityEquation"	RelError: 7.26081e-02	AbsError: 3.50464e+15
      Equation: "HoleContinuityEquation"	RelError: 1.31594e-01	AbsError: 2.02102e+13
      Equation: "PotentialEquation"	RelError: 1.01537e-02	AbsError: 7.23004e-05
    Region: "gate"	RelError: 2.26108e-06	AbsError: 1.06693e+14
      Equation: "ElectronContinuityEquation"	RelError: 1.07388e-06	AbsError: 1.06693e+14
      Equation: "HoleContinuityEquation"	RelError: 1.14914e-06	AbsError: 1.15662e-06
      Equation: "PotentialEquation"	RelError: 3.80656e-08	AbsError: 2.87740e-08
    Region: "oxide"	RelError: 1.69993e-04	AbsError: 7.23004e-05
      Equation: "PotentialEquation"	RelError: 1.69993e-04	AbsError: 7.23004e-05
Iteration: 2
  Device: "mos2d"	RelError: 1.51875e-04	AbsError: 9.94980e+11
    Region: "bulk"	RelError: 1.51853e-04	AbsError: 9.94980e+11
      Equation: "ElectronContinuityEquation"	RelError: 8.20704e-05	AbsError: 9.93767e+11
      Equation: "HoleContinuityEquation"	RelError: 6.73694e-05	AbsError: 1.21210e+09
      Equation: "PotentialEquation"	RelError: 2.41315e-06	AbsError: 1.00627e-08
    Region: "gate"	RelError: 2.38687e-10	AbsError: 1.17285e+10
      Equation: "ElectronContinuityEquation"	RelError: 1.17780e-10	AbsError: 1.17285e+10
      Equation: "HoleContinuityEquation"	RelError: 1.16889e-10	AbsError: 1.17382e-10
      Equation: "PotentialEquation"	RelError: 4.01849e-12	AbsError: 3.03784e-12
    Region: "oxide"	RelError: 2.18967e-08	AbsError: 1.00627e-08
      Equation: "PotentialEquation"	RelError: 2.18967e-08	AbsError: 1.00627e-08
Iteration: 3
  Device: "mos2d"	RelError: 5.01680e-10	AbsError: 8.10186e+04
    Region: "bulk"	RelError: 5.01678e-10	AbsError: 8.10186e+04
      Equation: "ElectronContinuityEquation"	RelError: 2.61972e-10	AbsError: 8.05789e+04
      Equation: "HoleContinuityEquation"	RelError: 2.39269e-10	AbsError: 4.39718e+02
      Equation: "PotentialEquation"	RelError: 4.36306e-13	AbsError: 2.25019e-15
    Region: "gate"	RelError: 3.92265e-16	AbsError: 8.15025e+03
      Equation: "ElectronContinuityEquation"	RelError: 8.18288e-17	AbsError: 8.15025e+03
      Equation: "HoleContinuityEquation"	RelError: 2.37480e-16	AbsError: 2.38763e-16
      Equation: "PotentialEquation"	RelError: 7.29556e-17	AbsError: 5.51599e-17
    Region: "oxide"	RelError: 1.41947e-15	AbsError: 6.75081e-16
      Equation: "PotentialEquation"	RelError: 1.41947e-15	AbsError: 6.75081e-16
Succeeded
gate last end 1.600000e-01 5.000000e-01
number of equations 4295
Iteration: 0
  Device: "mos2d"	RelError: 4.36976e+00	AbsError: 1.06897e+17
    Region: "bulk"	RelError: 4.29085e+00	AbsError: 1.06897e+17
      Equation: "ElectronContinuityEquation"	RelError: 3.05885e-01	AbsError: 1.05651e+17
      Equation: "HoleContinuityEquation"	RelError: 7.87894e-01	AbsError: 1.24563e+15
      Equation: "PotentialEquation"	RelError: 3.19708e+00	AbsError: 1.14080e-02
    Region: "gate"	RelError: 2.63263e-02	AbsError: 2.74774e+16
      Equation: "ElectronContinuityEquation"	RelError: 2.76640e-04	AbsError: 2.74774e+16
      Equation: "HoleContinuityEquation"	RelError: 2.76487e-04	AbsError: 2.78365e-04
      Equation: "PotentialEquation"	RelError: 2.57732e-02	AbsError: 2.00000e-02
    Region: "oxide"	RelError: 5.25784e-02	AbsError: 1.99970e-02
      Equation: "PotentialEquation"	RelError: 5.25784e-02	AbsError: 1.99970e-02
Iteration: 1
  Device: "mos2d"	RelError: 2.11504e-01	AbsError: 3.41621e+15
    Region: "bulk"	RelError: 2.11326e-01	AbsError: 3.41621e+15
      Equation: "ElectronContinuityEquation"	RelError: 7.23919e-02	AbsError: 3.39716e+15
      Equation: "HoleContinuityEquation"	RelError: 1.31236e-01	AbsError: 1.90477e+13
      Equation: "PotentialEquation"	RelError: 7.69827e-03	AbsError: 7.33941e-05
    Region: "gate"	RelError: 2.32781e-06	AbsError: 1.09910e+14
      Equation: "ElectronContinuityEquation"	RelError: 1.10656e-06	AbsError: 1.09910e+14
      Equation: "HoleContinuityEquation"	RelError: 1.18305e-06	AbsError: 1.19109e-06
      Equation: "PotentialEquation"	RelError: 3.81957e-08	AbsError: 2.96360e-08
    Region: "oxide"	RelError: 1.76137e-04	AbsError: 7.33941e-05
      Equation: "PotentialEquation"	RelError: 1.76137e-04	AbsError: 7.33941e-05
Iteration: 2
  Device: "mos2d"	RelError: 1.54654e-04	AbsError: 8.53615e+11
    Region: "bulk"	RelError: 1.54634e-04	AbsError: 8.53615e+11
      Equation: "ElectronContinuityEquation"	RelError: 8.44855e-05	AbsError: 8.52447e+11
      Equation: "HoleContinuityEquation"	RelError: 6.86098e-05	AbsError: 1.16786e+09
      Equation: "PotentialEquation"	RelError: 1.53824e-06	AbsError: 9.03548e-09
    Region: "gate"	RelError: 2.09866e-10	AbsError: 1.03197e+10
      Equation: "ElectronContinuityEquation"	RelError: 1.03656e-10	AbsError: 1.03197e+10
      Equation: "HoleContinuityEquation"	RelError: 1.02766e-10	AbsError: 1.03223e-10
      Equation: "PotentialEquation"	RelError: 3.44360e-12	AbsError: 2.67209e-12
    Region: "oxide"	RelError: 2.02659e-08	AbsError: 9.03548e-09
      Equation: "PotentialEquation"	RelError: 2.02659e-08	AbsError: 9.03548e-09
Iteration: 3
  Device: "mos2d"	RelError: 6.86017e-10	AbsError: 5.40392e+04
    Region: "bulk"	RelError: 6.86015e-10	AbsError: 5.40392e+04
      Equation: "ElectronContinuityEquation"	RelError: 1.54821e-10	AbsError: 5.37003e+04
      Equation: "HoleContinuityEquation"	RelError: 5.31111e-10	AbsError: 3.38958e+02
      Equation: "PotentialEquation"	RelError: 8.38004e-14	AbsError: 1.21489e-15
    Region: "gate"	RelError: 5.86886e-16	AbsError: 7.73290e+03
      Equation: "ElectronContinuityEquation"	RelError: 7.73290e-17	AbsError: 7.73290e+03
      Equation: "HoleContinuityEquation"	RelError: 2.94930e-16	AbsError: 2.97232e-16
      Equation: "PotentialEquation"	RelError: 2.14627e-16	AbsError: 1.66566e-16
    Region: "oxide"	RelError: 9.44098e-16	AbsError: 4.51652e-16
      Equation: "PotentialEquation"	RelError: 9.44098e-16	AbsError: 4.51652e-16
Succeeded
gate last end 1.800000e-01 5.000000e-01
number of equations 4295
Iteration: 0
  Device: "mos2d"	RelError: 1.31797e+01	AbsError: 1.13613e+17
    Region: "bulk"	RelError: 1.31041e+01	AbsError: 1.13613e+17
      Equation: "ElectronContinuityEquation"	RelError: 3.05551e-01	AbsError: 1.12400e+17
      Equation: "HoleContinuityEquation"	RelError: 7.85685e-01	AbsError: 1.21298e+15
      Equation: "PotentialEquation"	RelError: 1.20129e+01	AbsError: 1.13901e-02
    Region: "gate"	RelError: 2.56833e-02	AbsError: 2.76983e+16
      Equation: "ElectronContinuityEquation"	RelError: 2.78942e-04	AbsError: 2.76983e+16
      Equation: "HoleContinuityEquation"	RelError: 2.78787e-04	AbsError: 2.80759e-04
      Equation: "PotentialEquation"	RelError: 2.51256e-02	AbsError: 2.00000e-02
    Region: "oxide"	RelError: 4.98801e-02	AbsError: 1.99970e-02
      Equation: "PotentialEquation"	RelError: 4.98801e-02	AbsError: 1.99970e-02
Iteration: 1
  Device: "mos2d"	RelError: 2.44306e-01	AbsError: 3.27416e+15
    Region: "bulk"	RelError: 2.44121e-01	AbsError: 3.27416e+15
      Equation: "ElectronContinuityEquation"	RelError: 7.21364e-02	AbsError: 3.25625e+15
      Equation: "HoleContinuityEquation"	RelError: 1.30816e-01	AbsError: 1.79088e+13
      Equation: "PotentialEquation"	RelError: 4.11689e-02	AbsError: 7.61502e-05
    Region: "gate"	RelError: 2.39661e-06	AbsError: 1.13223e+14
      Equation: "ElectronContinuityEquation"	RelError: 1.14024e-06	AbsError: 1.13223e+14
      Equation: "HoleContinuityEquation"	RelError: 1.21801e-06	AbsError: 1.22663e-06
      Equation: "PotentialEquation"	RelError: 3.83525e-08	AbsError: 3.05245e-08
    Region: "oxide"	RelError: 1.82864e-04	AbsError: 7.61502e-05
      Equation: "PotentialEquation"	RelError: 1.82864e-04	AbsError: 7.61502e-05
Iteration: 2
  Device: "mos2d"	RelError: 1.62975e-04	AbsError: 6.98286e+11
    Region: "bulk"	RelError: 1.62956e-04	AbsError: 6.98286e+11
      Equation: "ElectronContinuityEquation"	RelError: 8.71047e-05	AbsError: 6.97196e+11
      Equation: "HoleContinuityEquation"	RelError: 6.96382e-05	AbsError: 1.09044e+09
      Equation: "PotentialEquation"	RelError: 6.21274e-06	AbsError: 8.31837e-09
    Region: "gate"	RelError: 1.80659e-10	AbsError: 8.89094e+09
      Equation: "ElectronContinuityEquation"	RelError: 8.93255e-11	AbsError: 8.89094e+09
      Equation: "HoleContinuityEquation"	RelError: 8.84427e-11	AbsError: 8.88566e-11
      Equation: "PotentialEquation"	RelError: 2.89120e-12	AbsError: 2.30126e-12
    Region: "oxide"	RelError: 1.88051e-08	AbsError: 8.31837e-09
      Equation: "PotentialEquation"	RelError: 1.88051e-08	AbsError: 8.31837e-09
Iteration: 3
  Device: "mos2d"	RelError: 6.14100e-10	AbsError: 3.36162e+04
    Region: "bulk"	RelError: 6.14099e-10	AbsError: 3.36162e+04
      Equation: "ElectronContinuityEquation"	RelError: 2.02638e-10	AbsError: 3.33373e+04
      Equation: "HoleContinuityEquation"	RelError: 4.10800e-10	AbsError: 2.78920e+02
      Equation: "PotentialEquation"	RelError: 6.61216e-13	AbsError: 1.72128e-15
    Region: "gate"	RelError: 3.98767e-16	AbsError: 8.29927e+03
      Equation: "ElectronContinuityEquation"	RelError: 8.35799e-17	AbsError: 8.29927e+03
      Equation: "HoleContinuityEquation"	RelError: 2.45612e-16	AbsError: 2.45613e-16
      Equation: "PotentialEquation"	RelError: 6.95744e-17	AbsError: 5.53736e-17
    Region: "oxide"	RelError: 8.22151e-16	AbsError: 2.71334e-16
      Equation: "PotentialEquation"	RelError: 8.22151e-16	AbsError: 2.71334e-16
Succeeded
gate last end 2.000000e-01 5.000000e-01
number of equations 4295
Iteration: 0
  Device: "mos2d"	RelError: 5.87075e+00	AbsError: 1.20037e+17
    Region: "bulk"	RelError: 5.79825e+00	AbsError: 1.20037e+17
      Equation: "ElectronContinuityEquation"	RelError: 3.05156e-01	AbsError: 1.18858e+17
      Equation: "HoleContinuityEquation"	RelError: 7.83080e-01	AbsError: 1.17896e+15
      Equation: "PotentialEquation"	RelError: 4.71001e+00	AbsError: 1.13689e-02
    Region: "gate"	RelError: 2.50722e-02	AbsError: 2.79259e+16
      Equation: "ElectronContinuityEquation"	RelError: 2.81314e-04	AbsError: 2.79259e+16
      Equation: "HoleContinuityEquation"	RelError: 2.81156e-04	AbsError: 2.83224e-04
      Equation: "PotentialEquation"	RelError: 2.45098e-02	AbsError: 2.00000e-02
    Region: "oxide"	RelError: 4.74289e-02	AbsError: 1.99969e-02
      Equation: "PotentialEquation"	RelError: 4.74289e-02	AbsError: 1.99969e-02
Iteration: 1
  Device: "mos2d"	RelError: 2.16318e-01	AbsError: 3.10515e+15
    Region: "bulk"	RelError: 2.16125e-01	AbsError: 3.10515e+15
      Equation: "ElectronContinuityEquation"	RelError: 7.18320e-02	AbsError: 3.08753e+15
      Equation: "HoleContinuityEquation"	RelError: 1.30323e-01	AbsError: 1.76206e+13
      Equation: "PotentialEquation"	RelError: 1.39703e-02	AbsError: 7.93274e-05
    Region: "gate"	RelError: 2.46983e-06	AbsError: 1.16749e+14
      Equation: "ElectronContinuityEquation"	RelError: 1.17608e-06	AbsError: 1.16749e+14
      Equation: "HoleContinuityEquation"	RelError: 1.25517e-06	AbsError: 1.26441e-06
      Equation: "PotentialEquation"	RelError: 3.85709e-08	AbsError: 3.14694e-08
    Region: "oxide"	RelError: 1.90552e-04	AbsError: 7.93274e-05
      Equation: "PotentialEquation"	RelError: 1.90552e-04	AbsError: 7.93274e-05
Iteration: 2
  Device: "mos2d"	RelError: 1.63203e-04	AbsError: 5.37367e+11
    Region: "bulk"	RelError: 1.63180e-04	AbsError: 5.37367e+11
      Equation: "ElectronContinuityEquation"	RelError: 8.99601e-05	AbsError: 5.36393e+11
      Equation: "HoleContinuityEquation"	RelError: 7.03822e-05	AbsError: 9.74537e+08
      Equation: "PotentialEquation"	RelError: 2.83730e-06	AbsError: 7.71585e-09
    Region: "gate"	RelError: 1.64404e-10	AbsError: 8.02573e+09
      Equation: "ElectronContinuityEquation"	RelError: 8.08443e-11	AbsError: 8.02573e+09
      Equation: "HoleContinuityEquation"	RelError: 8.09928e-11	AbsError: 8.15852e-11
      Equation: "PotentialEquation"	RelError: 2.56736e-12	AbsError: 2.09467e-12
    Region: "oxide"	RelError: 2.29129e-08	AbsError: 7.71585e-09
      Equation: "PotentialEquation"	RelError: 2.29129e-08	AbsError: 7.71585e-09
Iteration: 3
  Device: "mos2d"	RelError: 1.48018e-09	AbsError: 3.31183e+04
    Region: "bulk"	RelError: 1.48017e-09	AbsError: 3.31183e+04
      Equation: "ElectronContinuityEquation"	RelError: 1.08046e-09	AbsError: 3.27167e+04
      Equation: "HoleContinuityEquation"	RelError: 3.99677e-10	AbsError: 4.01553e+02
      Equation: "PotentialEquation"	RelError: 4.10056e-14	AbsError: 9.68232e-16
    Region: "gate"	RelError: 4.46373e-16	AbsError: 8.04276e+03
      Equation: "ElectronContinuityEquation"	RelError: 8.09441e-17	AbsError: 8.04276e+03
      Equation: "HoleContinuityEquation"	RelError: 2.96543e-16	AbsError: 2.98001e-16
      Equation: "PotentialEquation"	RelError: 6.88854e-17	AbsError: 5.62157e-17
    Region: "oxide"	RelError: 1.32414e-15	AbsError: 4.50785e-16
      Equation: "PotentialEquation"	RelError: 1.32414e-15	AbsError: 4.50785e-16
Succeeded
gate last end 2.200000e-01 5.000000e-01
number of equations 4295
Iteration: 0
  Device: "mos2d"	RelError: 3.05027e+01	AbsError: 1.26114e+17
    Region: "bulk"	RelError: 3.04330e+01	AbsError: 1.26114e+17
      Equation: "ElectronContinuityEquation"	RelError: 3.04686e-01	AbsError: 1.24971e+17
      Equation: "HoleContinuityEquation"	RelError: 7.79987e-01	AbsError: 1.14366e+15
      Equation: "PotentialEquation"	RelError: 2.93483e+01	AbsError: 1.13437e-02
    Region: "gate"	RelError: 2.44907e-02	AbsError: 2.81606e+16
      Equation: "ElectronContinuityEquation"	RelError: 2.83759e-04	AbsError: 2.81606e+16
      Equation: "HoleContinuityEquation"	RelError: 2.83598e-04	AbsError: 2.85766e-04
      Equation: "PotentialEquation"	RelError: 2.39234e-02	AbsError: 2.00000e-02
    Region: "oxide"	RelError: 4.51882e-02	AbsError: 1.99969e-02
      Equation: "PotentialEquation"	RelError: 4.51882e-02	AbsError: 1.99969e-02
Iteration: 1
  Device: "mos2d"	RelError: 2.65386e-01	AbsError: 2.91524e+15
    Region: "bulk"	RelError: 2.65185e-01	AbsError: 2.91524e+15
      Equation: "ElectronContinuityEquation"	RelError: 7.14654e-02	AbsError: 2.89708e+15
      Equation: "HoleContinuityEquation"	RelError: 1.29742e-01	AbsError: 1.81605e+13
      Equation: "PotentialEquation"	RelError: 6.39774e-02	AbsError: 8.26894e-05
    Region: "gate"	RelError: 2.54978e-06	AbsError: 1.20599e+14
      Equation: "ElectronContinuityEquation"	RelError: 1.21521e-06	AbsError: 1.20599e+14
      Equation: "HoleContinuityEquation"	RelError: 1.29568e-06	AbsError: 1.30559e-06
      Equation: "PotentialEquation"	RelError: 3.88816e-08	AbsError: 3.25002e-08
    Region: "oxide"	RelError: 1.98252e-04	AbsError: 8.26894e-05
      Equation: "PotentialEquation"	RelError: 1.98252e-04	AbsError: 8.26894e-05
Iteration: 2
  Device: "mos2d"	RelError: 1.82854e-04	AbsError: 5.63882e+11
    Region: "bulk"	RelError: 1.82826e-04	AbsError: 5.63882e+11
      Equation: "ElectronContinuityEquation"	RelError: 9.30571e-05	AbsError: 5.63068e+11
      Equation: "HoleContinuityEquation"	RelError: 7.08368e-05	AbsError: 8.13215e+08
      Equation: "PotentialEquation"	RelError: 1.89326e-05	AbsError: 8.68016e-09
    Region: "gate"	RelError: 2.05591e-10	AbsError: 1.00381e+10
      Equation: "ElectronContinuityEquation"	RelError: 1.01130e-10	AbsError: 1.00381e+10
      Equation: "HoleContinuityEquation"	RelError: 1.01326e-10	AbsError: 1.02082e-10
      Equation: "PotentialEquation"	RelError: 3.13493e-12	AbsError: 2.62043e-12
    Region: "oxide"	RelError: 2.73170e-08	AbsError: 8.63037e-09
      Equation: "PotentialEquation"	RelError: 2.73170e-08	AbsError: 8.63037e-09
Iteration: 3
  Device: "mos2d"	RelError: 1.04559e-09	AbsError: 5.02045e+04
    Region: "bulk"	RelError: 1.04559e-09	AbsError: 5.02045e+04
      Equation: "ElectronContinuityEquation"	RelError: 9.31634e-10	AbsError: 4.97714e+04
      Equation: "HoleContinuityEquation"	RelError: 1.13597e-10	AbsError: 4.33188e+02
      Equation: "PotentialEquation"	RelError: 3.58367e-13	AbsError: 1.52930e-15
    Region: "gate"	RelError: 4.19320e-16	AbsError: 8.01285e+03
      Equation: "ElectronContinuityEquation"	RelError: 8.01285e-17	AbsError: 8.01285e+03
      Equation: "HoleContinuityEquation"	RelError: 2.76486e-16	AbsError: 2.78548e-16
      Equation: "PotentialEquation"	RelError: 6.27054e-17	AbsError: 5.24264e-17
    Region: "oxide"	RelError: 1.65613e-15	AbsError: 7.07410e-16
      Equation: "PotentialEquation"	RelError: 1.65613e-15	AbsError: 7.07410e-16
Succeeded
gate last end 2.400000e-01 5.000000e-01
number of equations 4295
Iteration: 0
  Device: "mos2d"	RelError: 3.00689e+00	AbsError: 1.31804e+17
    Region: "bulk"	RelError: 2.93983e+00	AbsError: 1.31804e+17
      Equation: "ElectronContinuityEquation"	RelError: 3.04119e-01	AbsError: 1.30697e+17
      Equation: "HoleContinuityEquation"	RelError: 7.76284e-01	AbsError: 1.10714e+15
      Equation: "PotentialEquation"	RelError: 1.85942e+00	AbsError: 1.13134e-02
    Region: "gate"	RelError: 2.39368e-02	AbsError: 2.84032e+16
      Equation: "ElectronContinuityEquation"	RelError: 2.86286e-04	AbsError: 2.84032e+16
      Equation: "HoleContinuityEquation"	RelError: 2.86122e-04	AbsError: 2.88392e-04
      Equation: "PotentialEquation"	RelError: 2.33644e-02	AbsError: 2.00000e-02
    Region: "oxide"	RelError: 4.31270e-02	AbsError: 1.99969e-02
      Equation: "PotentialEquation"	RelError: 4.31270e-02	AbsError: 1.99969e-02
Iteration: 1
  Device: "mos2d"	RelError: 2.08880e-01	AbsError: 2.70983e+15
    Region: "bulk"	RelError: 2.08671e-01	AbsError: 2.70983e+15
      Equation: "ElectronContinuityEquation"	RelError: 7.10193e-02	AbsError: 2.69108e+15
      Equation: "HoleContinuityEquation"	RelError: 1.29053e-01	AbsError: 1.87482e+13
      Equation: "PotentialEquation"	RelError: 8.59816e-03	AbsError: 8.66605e-05
    Region: "gate"	RelError: 2.63846e-06	AbsError: 1.24871e+14
      Equation: "ElectronContinuityEquation"	RelError: 1.25862e-06	AbsError: 1.24871e+14
      Equation: "HoleContinuityEquation"	RelError: 1.34053e-06	AbsError: 1.35117e-06
      Equation: "PotentialEquation"	RelError: 3.93081e-08	AbsError: 3.36426e-08
    Region: "oxide"	RelError: 2.06409e-04	AbsError: 8.66605e-05
      Equation: "PotentialEquation"	RelError: 2.06409e-04	AbsError: 8.66605e-05
Iteration: 2
  Device: "mos2d"	RelError: 1.73048e-04	AbsError: 6.52873e+11
    Region: "bulk"	RelError: 1.73015e-04	AbsError: 6.52873e+11
      Equation: "ElectronContinuityEquation"	RelError: 9.63595e-05	AbsError: 6.52000e+11
      Equation: "HoleContinuityEquation"	RelError: 7.50058e-05	AbsError: 8.72729e+08
      Equation: "PotentialEquation"	RelError: 1.64980e-06	AbsError: 1.03722e-08
    Region: "gate"	RelError: 2.52522e-10	AbsError: 1.23304e+10
      Equation: "ElectronContinuityEquation"	RelError: 1.24254e-10	AbsError: 1.23304e+10
      Equation: "HoleContinuityEquation"	RelError: 1.24507e-10	AbsError: 1.25453e-10
      Equation: "PotentialEquation"	RelError: 3.76187e-12	AbsError: 3.21971e-12
    Region: "oxide"	RelError: 3.27919e-08	AbsError: 1.03722e-08
      Equation: "PotentialEquation"	RelError: 3.27919e-08	AbsError: 1.03722e-08
Iteration: 3
  Device: "mos2d"	RelError: 1.83065e-09	AbsError: 7.38999e+04
    Region: "bulk"	RelError: 1.83065e-09	AbsError: 7.38999e+04
      Equation: "ElectronContinuityEquation"	RelError: 1.67475e-09	AbsError: 7.35758e+04
      Equation: "HoleContinuityEquation"	RelError: 1.55753e-10	AbsError: 3.24138e+02
      Equation: "PotentialEquation"	RelError: 1.43168e-13	AbsError: 1.44339e-15
    Region: "gate"	RelError: 5.12904e-16	AbsError: 8.97989e+03
      Equation: "ElectronContinuityEquation"	RelError: 9.04227e-17	AbsError: 8.97989e+03
      Equation: "HoleContinuityEquation"	RelError: 2.28130e-16	AbsError: 2.29934e-16
      Equation: "PotentialEquation"	RelError: 1.94352e-16	AbsError: 1.66380e-16
    Region: "oxide"	RelError: 2.78551e-15	AbsError: 1.11038e-15
      Equation: "PotentialEquation"	RelError: 2.78551e-15	AbsError: 1.11038e-15
Succeeded
gate last end 2.600000e-01 5.000000e-01
number of equations 4295
Iteration: 0
  Device: "mos2d"	RelError: 2.78999e+00	AbsError: 1.37077e+17
    Region: "bulk"	RelError: 2.72537e+00	AbsError: 1.37077e+17
      Equation: "ElectronContinuityEquation"	RelError: 3.03429e-01	AbsError: 1.36008e+17
      Equation: "HoleContinuityEquation"	RelError: 7.71804e-01	AbsError: 1.06946e+15
      Equation: "PotentialEquation"	RelError: 1.65013e+00	AbsError: 1.12766e-02
    Region: "gate"	RelError: 2.34086e-02	AbsError: 2.86544e+16
      Equation: "ElectronContinuityEquation"	RelError: 2.88902e-04	AbsError: 2.86544e+16
      Equation: "HoleContinuityEquation"	RelError: 2.88735e-04	AbsError: 2.91111e-04
      Equation: "PotentialEquation"	RelError: 2.28310e-02	AbsError: 2.00000e-02
    Region: "oxide"	RelError: 4.12180e-02	AbsError: 1.99969e-02
      Equation: "PotentialEquation"	RelError: 4.12180e-02	AbsError: 1.99969e-02
Iteration: 1
  Device: "mos2d"	RelError: 2.03495e-01	AbsError: 2.49492e+15
    Region: "bulk"	RelError: 2.03278e-01	AbsError: 2.49492e+15
      Equation: "ElectronContinuityEquation"	RelError: 7.04703e-02	AbsError: 2.47559e+15
      Equation: "HoleContinuityEquation"	RelError: 1.28227e-01	AbsError: 1.93242e+13
      Equation: "PotentialEquation"	RelError: 4.58103e-03	AbsError: 9.07554e-05
    Region: "gate"	RelError: 2.73735e-06	AbsError: 1.29637e+14
      Equation: "ElectronContinuityEquation"	RelError: 1.30703e-06	AbsError: 1.29637e+14
      Equation: "HoleContinuityEquation"	RelError: 1.39045e-06	AbsError: 1.40189e-06
      Equation: "PotentialEquation"	RelError: 3.98639e-08	AbsError: 3.49153e-08
    Region: "oxide"	RelError: 2.14191e-04	AbsError: 9.07554e-05
      Equation: "PotentialEquation"	RelError: 2.14191e-04	AbsError: 9.07554e-05
Iteration: 2
  Device: "mos2d"	RelError: 1.81146e-04	AbsError: 7.17828e+11
    Region: "bulk"	RelError: 1.81106e-04	AbsError: 7.17828e+11
      Equation: "ElectronContinuityEquation"	RelError: 9.97710e-05	AbsError: 7.16786e+11
      Equation: "HoleContinuityEquation"	RelError: 7.97273e-05	AbsError: 1.04224e+09
      Equation: "PotentialEquation"	RelError: 1.60794e-06	AbsError: 1.25203e-08
    Region: "gate"	RelError: 3.10956e-10	AbsError: 1.51853e+10
      Equation: "ElectronContinuityEquation"	RelError: 1.53056e-10	AbsError: 1.51853e+10
      Equation: "HoleContinuityEquation"	RelError: 1.53372e-10	AbsError: 1.54586e-10
      Equation: "PotentialEquation"	RelError: 4.52838e-12	AbsError: 3.96627e-12
    Region: "oxide"	RelError: 3.90490e-08	AbsError: 1.25203e-08
      Equation: "PotentialEquation"	RelError: 3.90490e-08	AbsError: 1.25203e-08
Iteration: 3
  Device: "mos2d"	RelError: 2.30767e-09	AbsError: 9.62928e+04
    Region: "bulk"	RelError: 2.30767e-09	AbsError: 9.62928e+04
      Equation: "ElectronContinuityEquation"	RelError: 1.53981e-09	AbsError: 9.59206e+04
      Equation: "HoleContinuityEquation"	RelError: 7.67769e-10	AbsError: 3.72206e+02
      Equation: "PotentialEquation"	RelError: 9.22486e-14	AbsError: 1.78739e-15
    Region: "gate"	RelError: 5.82318e-16	AbsError: 8.01638e+03
      Equation: "ElectronContinuityEquation"	RelError: 8.01641e-17	AbsError: 8.01638e+03
      Equation: "HoleContinuityEquation"	RelError: 3.14835e-16	AbsError: 3.17076e-16
      Equation: "PotentialEquation"	RelError: 1.87319e-16	AbsError: 1.64105e-16
    Region: "oxide"	RelError: 3.82713e-15	AbsError: 1.50148e-15
      Equation: "PotentialEquation"	RelError: 3.82713e-15	AbsError: 1.50148e-15
Succeeded
gate last end 2.800000e-01 5.000000e-01
number of equations 4295
Iteration: 0
  Device: "mos2d"	RelError: 4.22333e+00	AbsError: 1.41923e+17
    Region: "bulk"	RelError: 4.16099e+00	AbsError: 1.41923e+17
      Equation: "ElectronContinuityEquation"	RelError: 3.02579e-01	AbsError: 1.40886e+17
      Equation: "HoleContinuityEquation"	RelError: 7.66330e-01	AbsError: 1.03744e+15
      Equation: "PotentialEquation"	RelError: 3.09208e+00	AbsError: 1.12313e-02
    Region: "gate"	RelError: 2.29044e-02	AbsError: 2.89154e+16
      Equation: "ElectronContinuityEquation"	RelError: 2.91619e-04	AbsError: 2.89154e+16
      Equation: "HoleContinuityEquation"	RelError: 2.91449e-04	AbsError: 2.93933e-04
      Equation: "PotentialEquation"	RelError: 2.23213e-02	AbsError: 2.00000e-02
    Region: "oxide"	RelError: 3.94371e-02	AbsError: 1.99969e-02
      Equation: "PotentialEquation"	RelError: 3.94371e-02	AbsError: 1.99969e-02
Iteration: 1
  Device: "mos2d"	RelError: 2.07922e-01	AbsError: 2.27624e+15
    Region: "bulk"	RelError: 2.07694e-01	AbsError: 2.27624e+15
      Equation: "ElectronContinuityEquation"	RelError: 6.97873e-02	AbsError: 2.25633e+15
      Equation: "HoleContinuityEquation"	RelError: 1.27228e-01	AbsError: 1.99030e+13
      Equation: "PotentialEquation"	RelError: 1.06789e-02	AbsError: 9.49664e-05
    Region: "gate"	RelError: 2.84701e-06	AbsError: 1.34924e+14
      Equation: "ElectronContinuityEquation"	RelError: 1.36074e-06	AbsError: 1.34924e+14
      Equation: "HoleContinuityEquation"	RelError: 1.44573e-06	AbsError: 1.45805e-06
      Equation: "PotentialEquation"	RelError: 4.05489e-08	AbsError: 3.63260e-08
    Region: "oxide"	RelError: 2.24789e-04	AbsError: 9.49664e-05
      Equation: "PotentialEquation"	RelError: 2.24789e-04	AbsError: 9.49664e-05
Iteration: 2
  Device: "mos2d"	RelError: 1.92457e-04	AbsError: 8.44243e+11
    Region: "bulk"	RelError: 1.92408e-04	AbsError: 8.44243e+11
      Equation: "ElectronContinuityEquation"	RelError: 1.03252e-04	AbsError: 8.42934e+11
      Equation: "HoleContinuityEquation"	RelError: 8.53256e-05	AbsError: 1.30852e+09
      Equation: "PotentialEquation"	RelError: 3.83090e-06	AbsError: 1.51507e-08
    Region: "gate"	RelError: 3.85291e-10	AbsError: 1.88182e+10
      Equation: "ElectronContinuityEquation"	RelError: 1.89798e-10	AbsError: 1.88182e+10
      Equation: "HoleContinuityEquation"	RelError: 1.90006e-10	AbsError: 1.91638e-10
      Equation: "PotentialEquation"	RelError: 5.48757e-12	AbsError: 4.91606e-12
    Region: "oxide"	RelError: 4.84525e-08	AbsError: 1.51507e-08
      Equation: "PotentialEquation"	RelError: 4.84525e-08	AbsError: 1.51507e-08
Iteration: 3
  Device: "mos2d"	RelError: 2.76567e-09	AbsError: 1.16164e+05
    Region: "bulk"	RelError: 2.76567e-09	AbsError: 1.16164e+05
      Equation: "ElectronContinuityEquation"	RelError: 1.98732e-09	AbsError: 1.15771e+05
      Equation: "HoleContinuityEquation"	RelError: 7.78057e-10	AbsError: 3.92761e+02
      Equation: "PotentialEquation"	RelError: 2.85528e-13	AbsError: 1.84249e-15
    Region: "gate"	RelError: 4.93394e-16	AbsError: 7.64449e+03
      Equation: "ElectronContinuityEquation"	RelError: 7.64449e-17	AbsError: 7.64449e+03
      Equation: "HoleContinuityEquation"	RelError: 2.31153e-16	AbsError: 2.31154e-16
      Equation: "PotentialEquation"	RelError: 1.85797e-16	AbsError: 1.66488e-16
    Region: "oxide"	RelError: 5.17116e-15	AbsError: 1.83096e-15
      Equation: "PotentialEquation"	RelError: 5.17116e-15	AbsError: 1.83096e-15
Succeeded
gate last end 3.000000e-01 5.000000e-01
number of equations 4295
Iteration: 0
  Device: "mos2d"	RelError: 4.27330e+00	AbsError: 1.46345e+17
    Region: "bulk"	RelError: 4.21312e+00	AbsError: 1.46345e+17
      Equation: "ElectronContinuityEquation"	RelError: 3.01521e-01	AbsError: 1.45325e+17
      Equation: "HoleContinuityEquation"	RelError: 7.59578e-01	AbsError: 1.01982e+15
      Equation: "PotentialEquation"	RelError: 3.15202e+00	AbsError: 1.11750e-02
    Region: "gate"	RelError: 2.24227e-02	AbsError: 2.91871e+16
      Equation: "ElectronContinuityEquation"	RelError: 2.94446e-04	AbsError: 2.91871e+16
      Equation: "HoleContinuityEquation"	RelError: 2.94273e-04	AbsError: 2.96868e-04
      Equation: "PotentialEquation"	RelError: 2.18340e-02	AbsError: 2.00000e-02
    Region: "oxide"	RelError: 3.77618e-02	AbsError: 1.99969e-02
      Equation: "PotentialEquation"	RelError: 3.77618e-02	AbsError: 1.99969e-02
Iteration: 1
  Device: "mos2d"	RelError: 2.09845e-01	AbsError: 2.16512e+15
    Region: "bulk"	RelError: 2.09596e-01	AbsError: 2.16512e+15
      Equation: "ElectronContinuityEquation"	RelError: 6.89300e-02	AbsError: 2.14462e+15
      Equation: "HoleContinuityEquation"	RelError: 1.26007e-01	AbsError: 2.04996e+13
      Equation: "PotentialEquation"	RelError: 1.46594e-02	AbsError: 1.00401e-04
    Region: "gate"	RelError: 2.96680e-06	AbsError: 1.40699e+14
      Equation: "ElectronContinuityEquation"	RelError: 1.41941e-06	AbsError: 1.40699e+14
      Equation: "HoleContinuityEquation"	RelError: 1.50605e-06	AbsError: 1.51934e-06
      Equation: "PotentialEquation"	RelError: 4.13454e-08	AbsError: 3.78661e-08
    Region: "oxide"	RelError: 2.45972e-04	AbsError: 1.00401e-04
      Equation: "PotentialEquation"	RelError: 2.45972e-04	AbsError: 1.00401e-04
Iteration: 2
  Device: "mos2d"	RelError: 2.04287e-04	AbsError: 1.00727e+12
    Region: "bulk"	RelError: 2.04227e-04	AbsError: 1.00727e+12
      Equation: "ElectronContinuityEquation"	RelError: 1.06467e-04	AbsError: 1.00567e+12
      Equation: "HoleContinuityEquation"	RelError: 9.29189e-05	AbsError: 1.60451e+09
      Equation: "PotentialEquation"	RelError: 4.84127e-06	AbsError: 1.84231e-08
    Region: "gate"	RelError: 5.01707e-10	AbsError: 2.45063e+10
      Equation: "ElectronContinuityEquation"	RelError: 2.47200e-10	AbsError: 2.45063e+10
      Equation: "HoleContinuityEquation"	RelError: 2.47516e-10	AbsError: 2.49674e-10
      Equation: "PotentialEquation"	RelError: 6.99177e-12	AbsError: 6.40341e-12
    Region: "oxide"	RelError: 5.90965e-08	AbsError: 1.84231e-08
      Equation: "PotentialEquation"	RelError: 5.90965e-08	AbsError: 1.84231e-08
Iteration: 3
  Device: "mos2d"	RelError: 1.26915e-09	AbsError: 1.63973e+05
    Region: "bulk"	RelError: 1.26914e-09	AbsError: 1.63973e+05
      Equation: "ElectronContinuityEquation"	RelError: 7.57352e-10	AbsError: 1.63578e+05
      Equation: "HoleContinuityEquation"	RelError: 5.11095e-10	AbsError: 3.95184e+02
      Equation: "PotentialEquation"	RelError: 6.95776e-13	AbsError: 2.68108e-15
    Region: "gate"	RelError: 5.47535e-16	AbsError: 8.16266e+03
      Equation: "ElectronContinuityEquation"	RelError: 8.16266e-17	AbsError: 8.16266e+03
      Equation: "HoleContinuityEquation"	RelError: 2.85011e-16	AbsError: 2.87526e-16
      Equation: "PotentialEquation"	RelError: 1.80897e-16	AbsError: 1.65715e-16
    Region: "oxide"	RelError: 8.69187e-15	AbsError: 2.67690e-15
      Equation: "PotentialEquation"	RelError: 8.69187e-15	AbsError: 2.67690e-15
Succeeded
gate last end 3.200000e-01 5.000000e-01
number of equations 4295
Iteration: 0
  Device: "mos2d"	RelError: 4.15402e+00	AbsError: 1.50331e+17
    Region: "bulk"	RelError: 4.09588e+00	AbsError: 1.50331e+17
      Equation: "ElectronContinuityEquation"	RelError: 3.00189e-01	AbsError: 1.49332e+17
      Equation: "HoleContinuityEquation"	RelError: 7.51180e-01	AbsError: 9.99708e+14
      Equation: "PotentialEquation"	RelError: 3.04451e+00	AbsError: 1.11045e-02
    Region: "gate"	RelError: 2.19620e-02	AbsError: 2.94705e+16
      Equation: "ElectronContinuityEquation"	RelError: 2.97394e-04	AbsError: 2.94705e+16
      Equation: "HoleContinuityEquation"	RelError: 2.97217e-04	AbsError: 2.99928e-04
      Equation: "PotentialEquation"	RelError: 2.13674e-02	AbsError: 2.00000e-02
    Region: "oxide"	RelError: 3.61706e-02	AbsError: 1.99968e-02
      Equation: "PotentialEquation"	RelError: 3.61706e-02	AbsError: 1.99968e-02
Iteration: 1
  Device: "mos2d"	RelError: 2.10687e-01	AbsError: 2.22576e+15
    Region: "bulk"	RelError: 2.10413e-01	AbsError: 2.22576e+15
      Equation: "ElectronContinuityEquation"	RelError: 6.78461e-02	AbsError: 2.20463e+15
      Equation: "HoleContinuityEquation"	RelError: 1.24501e-01	AbsError: 2.11282e+13
      Equation: "PotentialEquation"	RelError: 1.80653e-02	AbsError: 1.10078e-04
    Region: "gate"	RelError: 3.09435e-06	AbsError: 1.46847e+14
      Equation: "ElectronContinuityEquation"	RelError: 1.48187e-06	AbsError: 1.46847e+14
      Equation: "HoleContinuityEquation"	RelError: 1.57026e-06	AbsError: 1.58459e-06
      Equation: "PotentialEquation"	RelError: 4.22143e-08	AbsError: 3.95058e-08
    Region: "oxide"	RelError: 2.71812e-04	AbsError: 1.09788e-04
      Equation: "PotentialEquation"	RelError: 2.71812e-04	AbsError: 1.09788e-04
Iteration: 2
  Device: "mos2d"	RelError: 2.16979e-04	AbsError: 1.11923e+12
    Region: "bulk"	RelError: 2.16904e-04	AbsError: 1.11923e+12
      Equation: "ElectronContinuityEquation"	RelError: 1.09032e-04	AbsError: 1.11731e+12
      Equation: "HoleContinuityEquation"	RelError: 1.02354e-04	AbsError: 1.91845e+09
      Equation: "PotentialEquation"	RelError: 5.51760e-06	AbsError: 2.30343e-08
    Region: "gate"	RelError: 6.37878e-10	AbsError: 3.11585e+10
      Equation: "ElectronContinuityEquation"	RelError: 3.14345e-10	AbsError: 3.11585e+10
      Equation: "HoleContinuityEquation"	RelError: 3.14831e-10	AbsError: 3.17619e-10
      Equation: "PotentialEquation"	RelError: 8.70211e-12	AbsError: 8.14384e-12
    Region: "oxide"	RelError: 7.43761e-08	AbsError: 2.29845e-08
      Equation: "PotentialEquation"	RelError: 7.43761e-08	AbsError: 2.29845e-08
Iteration: 3
  Device: "mos2d"	RelError: 7.99887e-10	AbsError: 2.19725e+05
    Region: "bulk"	RelError: 7.99870e-10	AbsError: 2.19725e+05
      Equation: "ElectronContinuityEquation"	RelError: 2.51236e-10	AbsError: 2.19284e+05
      Equation: "HoleContinuityEquation"	RelError: 5.47362e-10	AbsError: 4.41186e+02
      Equation: "PotentialEquation"	RelError: 1.27124e-12	AbsError: 5.15619e-15
    Region: "gate"	RelError: 6.16419e-16	AbsError: 1.44356e+04
      Equation: "ElectronContinuityEquation"	RelError: 1.45634e-16	AbsError: 1.44356e+04
      Equation: "HoleContinuityEquation"	RelError: 2.93594e-16	AbsError: 2.96059e-16
      Equation: "PotentialEquation"	RelError: 1.77192e-16	AbsError: 1.65826e-16
    Region: "oxide"	RelError: 1.60934e-14	AbsError: 5.14132e-15
      Equation: "PotentialEquation"	RelError: 1.60934e-14	AbsError: 5.14132e-15
Succeeded
gate last end 3.400000e-01 5.000000e-01
number of equations 4295
Iteration: 0
  Device: "mos2d"	RelError: 2.60760e+00	AbsError: 1.53895e+17
    Region: "bulk"	RelError: 2.55144e+00	AbsError: 1.53895e+17
      Equation: "ElectronContinuityEquation"	RelError: 2.98497e-01	AbsError: 1.52919e+17
      Equation: "HoleContinuityEquation"	RelError: 7.40675e-01	AbsError: 9.76815e+14
      Equation: "PotentialEquation"	RelError: 1.51227e+00	AbsError: 1.10153e-02
    Region: "gate"	RelError: 2.15211e-02	AbsError: 2.97663e+16
      Equation: "ElectronContinuityEquation"	RelError: 3.00469e-04	AbsError: 2.97663e+16
      Equation: "HoleContinuityEquation"	RelError: 3.00288e-04	AbsError: 3.03119e-04
      Equation: "PotentialEquation"	RelError: 2.09203e-02	AbsError: 2.00000e-02
    Region: "oxide"	RelError: 3.46423e-02	AbsError: 1.99968e-02
      Equation: "PotentialEquation"	RelError: 3.46423e-02	AbsError: 1.99968e-02
Iteration: 1
  Device: "mos2d"	RelError: 2.00838e-01	AbsError: 2.26280e+15
    Region: "bulk"	RelError: 2.00536e-01	AbsError: 2.26280e+15
      Equation: "ElectronContinuityEquation"	RelError: 6.64700e-02	AbsError: 2.24100e+15
      Equation: "HoleContinuityEquation"	RelError: 1.22631e-01	AbsError: 2.17995e+13
      Equation: "PotentialEquation"	RelError: 1.14349e-02	AbsError: 1.21643e-04
    Region: "gate"	RelError: 3.22518e-06	AbsError: 1.53149e+14
      Equation: "ElectronContinuityEquation"	RelError: 1.54593e-06	AbsError: 1.53149e+14
      Equation: "HoleContinuityEquation"	RelError: 1.63616e-06	AbsError: 1.65158e-06
      Equation: "PotentialEquation"	RelError: 4.30912e-08	AbsError: 4.11879e-08
    Region: "oxide"	RelError: 2.98634e-04	AbsError: 1.21134e-04
      Equation: "PotentialEquation"	RelError: 2.98634e-04	AbsError: 1.21134e-04
Iteration: 2
  Device: "mos2d"	RelError: 2.27653e-04	AbsError: 1.34237e+12
    Region: "bulk"	RelError: 2.27561e-04	AbsError: 1.34237e+12
      Equation: "ElectronContinuityEquation"	RelError: 1.10437e-04	AbsError: 1.34012e+12
      Equation: "HoleContinuityEquation"	RelError: 1.13953e-04	AbsError: 2.24477e+09
      Equation: "PotentialEquation"	RelError: 3.17069e-06	AbsError: 3.34455e-08
    Region: "gate"	RelError: 7.77581e-10	AbsError: 3.79802e+10
      Equation: "ElectronContinuityEquation"	RelError: 3.83217e-10	AbsError: 3.79802e+10
      Equation: "HoleContinuityEquation"	RelError: 3.83974e-10	AbsError: 3.87427e-10
      Equation: "PotentialEquation"	RelError: 1.03889e-11	AbsError: 9.93017e-12
    Region: "oxide"	RelError: 9.14654e-08	AbsError: 3.34455e-08
      Equation: "PotentialEquation"	RelError: 9.14654e-08	AbsError: 3.34455e-08
Iteration: 3
  Device: "mos2d"	RelError: 5.40939e-10	AbsError: 3.54457e+05
    Region: "bulk"	RelError: 5.40908e-10	AbsError: 3.54457e+05
      Equation: "ElectronContinuityEquation"	RelError: 3.42485e-10	AbsError: 3.53799e+05
      Equation: "HoleContinuityEquation"	RelError: 1.97330e-10	AbsError: 6.57824e+02
      Equation: "PotentialEquation"	RelError: 1.09305e-12	AbsError: 9.75685e-15
    Region: "gate"	RelError: 5.04150e-16	AbsError: 1.33286e+04
      Equation: "ElectronContinuityEquation"	RelError: 1.34485e-16	AbsError: 1.33286e+04
      Equation: "HoleContinuityEquation"	RelError: 1.98500e-16	AbsError: 1.98502e-16
      Equation: "PotentialEquation"	RelError: 1.71165e-16	AbsError: 1.63616e-16
    Region: "oxide"	RelError: 3.03918e-14	AbsError: 9.75685e-15
      Equation: "PotentialEquation"	RelError: 3.03918e-14	AbsError: 9.75685e-15
Succeeded
gate last end 3.600000e-01 5.000000e-01
number of equations 4295
Iteration: 0
  Device: "mos2d"	RelError: 2.37759e+00	AbsError: 1.57060e+17
    Region: "bulk"	RelError: 2.32334e+00	AbsError: 1.57060e+17
      Equation: "ElectronContinuityEquation"	RelError: 2.96334e-01	AbsError: 1.56110e+17
      Equation: "HoleContinuityEquation"	RelError: 7.27502e-01	AbsError: 9.50813e+14
      Equation: "PotentialEquation"	RelError: 1.29950e+00	AbsError: 1.09019e-02
    Region: "gate"	RelError: 2.10988e-02	AbsError: 3.00746e+16
      Equation: "ElectronContinuityEquation"	RelError: 3.03674e-04	AbsError: 3.00746e+16
      Equation: "HoleContinuityEquation"	RelError: 3.03489e-04	AbsError: 3.06444e-04
      Equation: "PotentialEquation"	RelError: 2.04916e-02	AbsError: 2.00000e-02
    Region: "oxide"	RelError: 3.31551e-02	AbsError: 1.99968e-02
      Equation: "PotentialEquation"	RelError: 3.31551e-02	AbsError: 1.99968e-02
Iteration: 1
  Device: "mos2d"	RelError: 1.99061e-01	AbsError: 2.54159e+15
    Region: "bulk"	RelError: 1.98727e-01	AbsError: 2.54159e+15
      Equation: "ElectronContinuityEquation"	RelError: 6.47222e-02	AbsError: 2.51907e+15
      Equation: "HoleContinuityEquation"	RelError: 1.20299e-01	AbsError: 2.25171e+13
      Equation: "PotentialEquation"	RelError: 1.37058e-02	AbsError: 1.33872e-04
    Region: "gate"	RelError: 3.39070e-06	AbsError: 1.63319e+14
      Equation: "ElectronContinuityEquation"	RelError: 1.64627e-06	AbsError: 1.63319e+14
      Equation: "HoleContinuityEquation"	RelError: 1.70033e-06	AbsError: 1.71689e-06
      Equation: "PotentialEquation"	RelError: 4.41031e-08	AbsError: 4.30388e-08
    Region: "oxide"	RelError: 3.30722e-04	AbsError: 1.33872e-04
      Equation: "PotentialEquation"	RelError: 3.30722e-04	AbsError: 1.33872e-04
Iteration: 2
  Device: "mos2d"	RelError: 2.36723e-04	AbsError: 1.65798e+12
    Region: "bulk"	RelError: 2.36614e-04	AbsError: 1.65798e+12
      Equation: "ElectronContinuityEquation"	RelError: 1.10057e-04	AbsError: 1.65542e+12
      Equation: "HoleContinuityEquation"	RelError: 1.24735e-04	AbsError: 2.56813e+09
      Equation: "PotentialEquation"	RelError: 1.82133e-06	AbsError: 4.61138e-08
    Region: "gate"	RelError: 8.97243e-10	AbsError: 4.38485e+10
      Equation: "ElectronContinuityEquation"	RelError: 4.42277e-10	AbsError: 4.38485e+10
      Equation: "HoleContinuityEquation"	RelError: 4.43221e-10	AbsError: 4.47054e-10
      Equation: "PotentialEquation"	RelError: 1.17452e-11	AbsError: 1.14616e-11
    Region: "oxide"	RelError: 1.08721e-07	AbsError: 4.56650e-08
      Equation: "PotentialEquation"	RelError: 1.08721e-07	AbsError: 4.56650e-08
Iteration: 3
  Device: "mos2d"	RelError: 4.95479e-10	AbsError: 6.20484e+05
    Region: "bulk"	RelError: 4.95427e-10	AbsError: 6.20484e+05
      Equation: "ElectronContinuityEquation"	RelError: 2.03730e-10	AbsError: 6.19486e+05
      Equation: "HoleContinuityEquation"	RelError: 2.90440e-10	AbsError: 9.98038e+02
      Equation: "PotentialEquation"	RelError: 1.25683e-12	AbsError: 1.70648e-14
    Region: "gate"	RelError: 6.85441e-16	AbsError: 1.71218e+04
      Equation: "ElectronContinuityEquation"	RelError: 1.72699e-16	AbsError: 1.71218e+04
      Equation: "HoleContinuityEquation"	RelError: 3.37503e-16	AbsError: 3.40422e-16
      Equation: "PotentialEquation"	RelError: 1.75239e-16	AbsError: 1.71007e-16
    Region: "oxide"	RelError: 5.13464e-14	AbsError: 1.70648e-14
      Equation: "PotentialEquation"	RelError: 5.13464e-14	AbsError: 1.70648e-14
Succeeded
gate last end 3.800000e-01 5.000000e-01
number of equations 4295
Iteration: 0
  Device: "mos2d"	RelError: 6.00254e+00	AbsError: 1.59857e+17
    Region: "bulk"	RelError: 5.95016e+00	AbsError: 1.59857e+17
      Equation: "ElectronContinuityEquation"	RelError: 2.93561e-01	AbsError: 1.58935e+17
      Equation: "HoleContinuityEquation"	RelError: 7.11009e-01	AbsError: 9.21353e+14
      Equation: "PotentialEquation"	RelError: 4.94559e+00	AbsError: 1.07574e-02
    Region: "gate"	RelError: 2.06939e-02	AbsError: 3.03950e+16
      Equation: "ElectronContinuityEquation"	RelError: 3.07004e-04	AbsError: 3.03950e+16
      Equation: "HoleContinuityEquation"	RelError: 3.06815e-04	AbsError: 3.09898e-04
      Equation: "PotentialEquation"	RelError: 2.00801e-02	AbsError: 2.00000e-02
    Region: "oxide"	RelError: 3.16869e-02	AbsError: 1.99967e-02
      Equation: "PotentialEquation"	RelError: 3.16869e-02	AbsError: 1.99967e-02
Iteration: 1
  Device: "mos2d"	RelError: 2.49086e-01	AbsError: 2.77690e+15
    Region: "bulk"	RelError: 2.48713e-01	AbsError: 2.77690e+15
      Equation: "ElectronContinuityEquation"	RelError: 6.25119e-02	AbsError: 2.75362e+15
      Equation: "HoleContinuityEquation"	RelError: 1.17386e-01	AbsError: 2.32715e+13
      Equation: "PotentialEquation"	RelError: 6.88144e-02	AbsError: 1.48487e-04
    Region: "gate"	RelError: 3.76256e-06	AbsError: 1.82529e+14
      Equation: "ElectronContinuityEquation"	RelError: 1.84024e-06	AbsError: 1.82529e+14
      Equation: "HoleContinuityEquation"	RelError: 1.87404e-06	AbsError: 1.88940e-06
      Equation: "PotentialEquation"	RelError: 4.82760e-08	AbsError: 4.80763e-08
    Region: "oxide"	RelError: 3.68987e-04	AbsError: 1.48198e-04
      Equation: "PotentialEquation"	RelError: 3.68987e-04	AbsError: 1.48198e-04
Iteration: 2
  Device: "mos2d"	RelError: 2.47515e-04	AbsError: 1.94728e+12
    Region: "bulk"	RelError: 2.47363e-04	AbsError: 1.94728e+12
      Equation: "ElectronContinuityEquation"	RelError: 1.07228e-04	AbsError: 1.94442e+12
      Equation: "HoleContinuityEquation"	RelError: 1.36932e-04	AbsError: 2.85949e+09
      Equation: "PotentialEquation"	RelError: 3.20324e-06	AbsError: 6.30261e-08
    Region: "gate"	RelError: 9.51873e-10	AbsError: 4.67761e+10
      Equation: "ElectronContinuityEquation"	RelError: 4.71176e-10	AbsError: 4.67761e+10
      Equation: "HoleContinuityEquation"	RelError: 4.68484e-10	AbsError: 4.71904e-10
      Equation: "PotentialEquation"	RelError: 1.22131e-11	AbsError: 1.21628e-11
    Region: "oxide"	RelError: 1.50949e-07	AbsError: 6.30261e-08
      Equation: "PotentialEquation"	RelError: 1.50949e-07	AbsError: 6.30261e-08
Iteration: 3
  Device: "mos2d"	RelError: 1.23508e-09	AbsError: 9.30764e+05
    Region: "bulk"	RelError: 1.23501e-09	AbsError: 9.30764e+05
      Equation: "ElectronContinuityEquation"	RelError: 1.07145e-09	AbsError: 9.29530e+05
      Equation: "HoleContinuityEquation"	RelError: 1.57079e-10	AbsError: 1.23401e+03
      Equation: "PotentialEquation"	RelError: 6.48602e-12	AbsError: 2.40503e-14
    Region: "gate"	RelError: 6.95547e-16	AbsError: 2.20888e+04
      Equation: "ElectronContinuityEquation"	RelError: 2.22827e-16	AbsError: 2.20888e+04
      Equation: "HoleContinuityEquation"	RelError: 3.03413e-16	AbsError: 3.06077e-16
      Equation: "PotentialEquation"	RelError: 1.69307e-16	AbsError: 1.68605e-16
    Region: "oxide"	RelError: 7.00108e-14	AbsError: 2.40503e-14
      Equation: "PotentialEquation"	RelError: 7.00108e-14	AbsError: 2.40503e-14
Succeeded
gate last end 4.000000e-01 5.000000e-01
number of equations 4295
Iteration: 0
  Device: "mos2d"	RelError: 9.29239e+00	AbsError: 1.62322e+17
    Region: "bulk"	RelError: 9.24187e+00	AbsError: 1.62322e+17
      Equation: "ElectronContinuityEquation"	RelError: 2.90005e-01	AbsError: 1.61434e+17
      Equation: "HoleContinuityEquation"	RelError: 6.90502e-01	AbsError: 8.88098e+14
      Equation: "PotentialEquation"	RelError: 8.26137e+00	AbsError: 1.05739e-02
    Region: "gate"	RelError: 2.03054e-02	AbsError: 3.07259e+16
      Equation: "ElectronContinuityEquation"	RelError: 3.10443e-04	AbsError: 3.07259e+16
      Equation: "HoleContinuityEquation"	RelError: 3.10251e-04	AbsError: 3.13466e-04
      Equation: "PotentialEquation"	RelError: 1.96847e-02	AbsError: 2.00000e-02
    Region: "oxide"	RelError: 3.02149e-02	AbsError: 1.99967e-02
      Equation: "PotentialEquation"	RelError: 3.02149e-02	AbsError: 1.99967e-02
Iteration: 1
  Device: "mos2d"	RelError: 2.89038e-01	AbsError: 2.94390e+15
    Region: "bulk"	RelError: 2.88621e-01	AbsError: 2.94390e+15
      Equation: "ElectronContinuityEquation"	RelError: 5.97442e-02	AbsError: 2.91987e+15
      Equation: "HoleContinuityEquation"	RelError: 1.13764e-01	AbsError: 2.40339e+13
      Equation: "PotentialEquation"	RelError: 1.15113e-01	AbsError: 1.65951e-04
    Region: "gate"	RelError: 4.16436e-06	AbsError: 2.02390e+14
      Equation: "ElectronContinuityEquation"	RelError: 2.04175e-06	AbsError: 2.02390e+14
      Equation: "HoleContinuityEquation"	RelError: 2.07026e-06	AbsError: 2.08761e-06
      Equation: "PotentialEquation"	RelError: 5.23525e-08	AbsError: 5.31821e-08
    Region: "oxide"	RelError: 4.13107e-04	AbsError: 1.65951e-04
      Equation: "PotentialEquation"	RelError: 4.13107e-04	AbsError: 1.65951e-04
Iteration: 2
  Device: "mos2d"	RelError: 2.65393e-04	AbsError: 2.12842e+12
    Region: "bulk"	RelError: 2.65189e-04	AbsError: 2.12842e+12
      Equation: "ElectronContinuityEquation"	RelError: 1.01378e-04	AbsError: 2.12535e+12
      Equation: "HoleContinuityEquation"	RelError: 1.52510e-04	AbsError: 3.07445e+09
      Equation: "PotentialEquation"	RelError: 1.13007e-05	AbsError: 8.36771e-08
    Region: "gate"	RelError: 1.47202e-09	AbsError: 7.22987e+10
      Equation: "ElectronContinuityEquation"	RelError: 7.28391e-10	AbsError: 7.22987e+10
      Equation: "HoleContinuityEquation"	RelError: 7.25112e-10	AbsError: 7.30532e-10
      Equation: "PotentialEquation"	RelError: 1.85200e-11	AbsError: 1.88141e-11
    Region: "oxide"	RelError: 2.02563e-07	AbsError: 8.36771e-08
      Equation: "PotentialEquation"	RelError: 2.02563e-07	AbsError: 8.36771e-08
Iteration: 3
  Device: "mos2d"	RelError: 1.50605e-09	AbsError: 1.16670e+06
    Region: "bulk"	RelError: 1.50599e-09	AbsError: 1.16670e+06
      Equation: "ElectronContinuityEquation"	RelError: 1.16221e-09	AbsError: 1.16580e+06
      Equation: "HoleContinuityEquation"	RelError: 3.37266e-10	AbsError: 8.93851e+02
      Equation: "PotentialEquation"	RelError: 6.51664e-12	AbsError: 2.71541e-14
    Region: "gate"	RelError: 8.01915e-16	AbsError: 3.00536e+04
      Equation: "ElectronContinuityEquation"	RelError: 3.03214e-16	AbsError: 3.00536e+04
      Equation: "HoleContinuityEquation"	RelError: 3.89367e-16	AbsError: 3.93033e-16
      Equation: "PotentialEquation"	RelError: 1.09334e-16	AbsError: 1.11092e-16
    Region: "oxide"	RelError: 6.41888e-14	AbsError: 2.71541e-14
      Equation: "PotentialEquation"	RelError: 6.41888e-14	AbsError: 2.71541e-14
Succeeded
gate last end 4.200000e-01 5.000000e-01
number of equations 4295
Iteration: 0
  Device: "mos2d"	RelError: 2.55181e+01	AbsError: 1.64501e+17
    Region: "bulk"	RelError: 2.54695e+01	AbsError: 1.64501e+17
      Equation: "ElectronContinuityEquation"	RelError: 2.85468e-01	AbsError: 1.63650e+17
      Equation: "HoleContinuityEquation"	RelError: 6.65328e-01	AbsError: 8.50786e+14
      Equation: "PotentialEquation"	RelError: 2.45187e+01	AbsError: 1.03424e-02
    Region: "gate"	RelError: 1.99324e-02	AbsError: 3.10649e+16
      Equation: "ElectronContinuityEquation"	RelError: 3.13967e-04	AbsError: 3.10649e+16
      Equation: "HoleContinuityEquation"	RelError: 3.13770e-04	AbsError: 3.17122e-04
      Equation: "PotentialEquation"	RelError: 1.93047e-02	AbsError: 2.00000e-02
    Region: "oxide"	RelError: 2.87172e-02	AbsError: 1.99966e-02
      Equation: "PotentialEquation"	RelError: 2.87172e-02	AbsError: 1.99966e-02
Iteration: 1
  Device: "mos2d"	RelError: 8.81834e-01	AbsError: 3.02296e+15
    Region: "bulk"	RelError: 8.81370e-01	AbsError: 3.02296e+15
      Equation: "ElectronContinuityEquation"	RelError: 5.63356e-02	AbsError: 2.99822e+15
      Equation: "HoleContinuityEquation"	RelError: 1.09302e-01	AbsError: 2.47485e+13
      Equation: "PotentialEquation"	RelError: 7.15732e-01	AbsError: 1.84454e-04
    Region: "gate"	RelError: 4.81917e-06	AbsError: 2.34547e+14
      Equation: "ElectronContinuityEquation"	RelError: 2.36654e-06	AbsError: 2.34547e+14
      Equation: "HoleContinuityEquation"	RelError: 2.39315e-06	AbsError: 2.41466e-06
      Equation: "PotentialEquation"	RelError: 5.94758e-08	AbsError: 6.16076e-08
    Region: "oxide"	RelError: 4.59590e-04	AbsError: 1.84454e-04
      Equation: "PotentialEquation"	RelError: 4.59590e-04	AbsError: 1.84454e-04
Iteration: 2
  Device: "mos2d"	RelError: 3.73943e-04	AbsError: 2.17343e+12
    Region: "bulk"	RelError: 3.73665e-04	AbsError: 2.17343e+12
      Equation: "ElectronContinuityEquation"	RelError: 9.22331e-05	AbsError: 2.16858e+12
      Equation: "HoleContinuityEquation"	RelError: 1.65117e-04	AbsError: 4.85138e+09
      Equation: "PotentialEquation"	RelError: 1.16315e-04	AbsError: 1.13707e-07
    Region: "gate"	RelError: 2.10620e-09	AbsError: 1.03373e+11
      Equation: "ElectronContinuityEquation"	RelError: 1.04260e-09	AbsError: 1.03373e+11
      Equation: "HoleContinuityEquation"	RelError: 1.03760e-09	AbsError: 1.04650e-09
      Equation: "PotentialEquation"	RelError: 2.59940e-11	AbsError: 2.69260e-11
    Region: "oxide"	RelError: 2.76126e-07	AbsError: 1.13707e-07
      Equation: "PotentialEquation"	RelError: 2.76126e-07	AbsError: 1.13707e-07
Iteration: 3
  Device: "mos2d"	RelError: 7.90272e-10	AbsError: 1.60504e+06
    Region: "bulk"	RelError: 7.90163e-10	AbsError: 1.60504e+06
      Equation: "ElectronContinuityEquation"	RelError: 4.98368e-10	AbsError: 1.60464e+06
      Equation: "HoleContinuityEquation"	RelError: 2.84843e-10	AbsError: 3.97942e+02
      Equation: "PotentialEquation"	RelError: 6.95255e-12	AbsError: 4.54244e-14
    Region: "gate"	RelError: 8.33419e-16	AbsError: 3.24345e+04
      Equation: "ElectronContinuityEquation"	RelError: 3.26827e-16	AbsError: 3.24345e+04
      Equation: "HoleContinuityEquation"	RelError: 3.99351e-16	AbsError: 4.02408e-16
      Equation: "PotentialEquation"	RelError: 1.07240e-16	AbsError: 1.11109e-16
    Region: "oxide"	RelError: 1.08393e-13	AbsError: 4.54244e-14
      Equation: "PotentialEquation"	RelError: 1.08393e-13	AbsError: 4.54244e-14
Succeeded
gate last end 4.400000e-01 5.000000e-01
number of equations 4295
Iteration: 0
  Device: "mos2d"	RelError: 7.95874e+00	AbsError: 1.66441e+17
    Region: "bulk"	RelError: 7.91199e+00	AbsError: 1.66441e+17
      Equation: "ElectronContinuityEquation"	RelError: 2.79739e-01	AbsError: 1.65632e+17
      Equation: "HoleContinuityEquation"	RelError: 6.35018e-01	AbsError: 8.09306e+14
      Equation: "PotentialEquation"	RelError: 6.99723e+00	AbsError: 1.00542e-02
    Region: "gate"	RelError: 1.95738e-02	AbsError: 3.14080e+16
      Equation: "ElectronContinuityEquation"	RelError: 3.17536e-04	AbsError: 3.14080e+16
      Equation: "HoleContinuityEquation"	RelError: 3.17335e-04	AbsError: 3.20827e-04
      Equation: "PotentialEquation"	RelError: 1.89390e-02	AbsError: 2.00000e-02
    Region: "oxide"	RelError: 2.71744e-02	AbsError: 1.99965e-02
      Equation: "PotentialEquation"	RelError: 2.71744e-02	AbsError: 1.99965e-02
Iteration: 1
  Device: "mos2d"	RelError: 2.89170e-01	AbsError: 3.00519e+15
    Region: "bulk"	RelError: 2.88654e-01	AbsError: 3.00519e+15
      Equation: "ElectronContinuityEquation"	RelError: 5.22376e-02	AbsError: 2.97986e+15
      Equation: "HoleContinuityEquation"	RelError: 1.03892e-01	AbsError: 2.53300e+13
      Equation: "PotentialEquation"	RelError: 1.32525e-01	AbsError: 2.04126e-04
    Region: "gate"	RelError: 5.46894e-06	AbsError: 2.66286e+14
      Equation: "ElectronContinuityEquation"	RelError: 2.68725e-06	AbsError: 2.66286e+14
      Equation: "HoleContinuityEquation"	RelError: 2.71547e-06	AbsError: 2.74033e-06
      Equation: "PotentialEquation"	RelError: 6.62323e-08	AbsError: 6.99306e-08
    Region: "oxide"	RelError: 5.10103e-04	AbsError: 2.04126e-04
      Equation: "PotentialEquation"	RelError: 5.10103e-04	AbsError: 2.04126e-04
Iteration: 2
  Device: "mos2d"	RelError: 3.09874e-04	AbsError: 2.71878e+12
    Region: "bulk"	RelError: 3.09500e-04	AbsError: 2.71878e+12
      Equation: "ElectronContinuityEquation"	RelError: 8.00254e-05	AbsError: 2.70975e+12
      Equation: "HoleContinuityEquation"	RelError: 1.75121e-04	AbsError: 9.02914e+09
      Equation: "PotentialEquation"	RelError: 5.43539e-05	AbsError: 1.52111e-07
    Region: "gate"	RelError: 3.25335e-09	AbsError: 1.59601e+11
      Equation: "ElectronContinuityEquation"	RelError: 1.61062e-09	AbsError: 1.59601e+11
      Equation: "HoleContinuityEquation"	RelError: 1.60333e-09	AbsError: 1.61801e-09
      Equation: "PotentialEquation"	RelError: 3.94005e-11	AbsError: 4.16006e-11
    Region: "oxide"	RelError: 3.70501e-07	AbsError: 1.52111e-07
      Equation: "PotentialEquation"	RelError: 3.70501e-07	AbsError: 1.52111e-07
Iteration: 3
  Device: "mos2d"	RelError: 1.25497e-09	AbsError: 2.72199e+06
    Region: "bulk"	RelError: 1.25477e-09	AbsError: 2.72199e+06
      Equation: "ElectronContinuityEquation"	RelError: 8.94332e-10	AbsError: 2.72116e+06
      Equation: "HoleContinuityEquation"	RelError: 3.58086e-10	AbsError: 8.31610e+02
      Equation: "PotentialEquation"	RelError: 2.35200e-12	AbsError: 8.38794e-14
    Region: "gate"	RelError: 1.33014e-15	AbsError: 5.62079e+04
      Equation: "ElectronContinuityEquation"	RelError: 5.66483e-16	AbsError: 5.62079e+04
      Equation: "HoleContinuityEquation"	RelError: 6.58529e-16	AbsError: 6.63689e-16
      Equation: "PotentialEquation"	RelError: 1.05127e-16	AbsError: 1.11022e-16
    Region: "oxide"	RelError: 2.00582e-13	AbsError: 8.38794e-14
      Equation: "PotentialEquation"	RelError: 2.00582e-13	AbsError: 8.38794e-14
Succeeded
gate last end 4.600000e-01 5.000000e-01
number of equations 4295
Iteration: 0
  Device: "mos2d"	RelError: 2.12526e+00	AbsError: 1.68193e+17
    Region: "bulk"	RelError: 2.08046e+00	AbsError: 1.68193e+17
      Equation: "ElectronContinuityEquation"	RelError: 2.72618e-01	AbsError: 1.67429e+17
      Equation: "HoleContinuityEquation"	RelError: 5.99472e-01	AbsError: 7.63808e+14
      Equation: "PotentialEquation"	RelError: 1.20837e+00	AbsError: 9.70235e-03
    Region: "gate"	RelError: 1.92288e-02	AbsError: 3.17503e+16
      Equation: "ElectronContinuityEquation"	RelError: 3.21101e-04	AbsError: 3.17503e+16
      Equation: "HoleContinuityEquation"	RelError: 3.20895e-04	AbsError: 3.24531e-04
      Equation: "PotentialEquation"	RelError: 1.85868e-02	AbsError: 2.00000e-02
    Region: "oxide"	RelError: 2.55730e-02	AbsError: 1.99963e-02
      Equation: "PotentialEquation"	RelError: 2.55730e-02	AbsError: 1.99963e-02
Iteration: 1
  Device: "mos2d"	RelError: 1.77883e-01	AbsError: 2.89628e+15
    Region: "bulk"	RelError: 1.77311e-01	AbsError: 2.89628e+15
      Equation: "ElectronContinuityEquation"	RelError: 4.74675e-02	AbsError: 2.87061e+15
      Equation: "HoleContinuityEquation"	RelError: 9.74820e-02	AbsError: 2.56669e+13
      Equation: "PotentialEquation"	RelError: 3.23616e-02	AbsError: 2.24176e-04
    Region: "gate"	RelError: 6.05313e-06	AbsError: 2.94802e+14
      Equation: "ElectronContinuityEquation"	RelError: 2.97554e-06	AbsError: 2.94802e+14
      Equation: "HoleContinuityEquation"	RelError: 3.00563e-06	AbsError: 3.03369e-06
      Equation: "PotentialEquation"	RelError: 7.19608e-08	AbsError: 7.74179e-08
    Region: "oxide"	RelError: 5.65747e-04	AbsError: 2.24176e-04
      Equation: "PotentialEquation"	RelError: 5.65747e-04	AbsError: 2.24176e-04
Iteration: 2
  Device: "mos2d"	RelError: 2.82835e-04	AbsError: 3.17388e+12
    Region: "bulk"	RelError: 2.82343e-04	AbsError: 3.17388e+12
      Equation: "ElectronContinuityEquation"	RelError: 6.56040e-05	AbsError: 3.15935e+12
      Equation: "HoleContinuityEquation"	RelError: 1.95874e-04	AbsError: 1.45256e+10
      Equation: "PotentialEquation"	RelError: 2.08650e-05	AbsError: 1.98725e-07
    Region: "gate"	RelError: 4.85525e-09	AbsError: 2.38101e+11
      Equation: "ElectronContinuityEquation"	RelError: 2.40324e-09	AbsError: 2.38101e+11
      Equation: "HoleContinuityEquation"	RelError: 2.39429e-09	AbsError: 2.41664e-09
      Equation: "PotentialEquation"	RelError: 5.77208e-11	AbsError: 6.20980e-11
    Region: "oxide"	RelError: 4.86382e-07	AbsError: 1.98725e-07
      Equation: "PotentialEquation"	RelError: 4.86382e-07	AbsError: 1.98725e-07
Iteration: 3
  Device: "mos2d"	RelError: 1.16826e-09	AbsError: 3.66613e+06
    Region: "bulk"	RelError: 1.16788e-09	AbsError: 3.66613e+06
      Equation: "ElectronContinuityEquation"	RelError: 5.71052e-10	AbsError: 3.66235e+06
      Equation: "HoleContinuityEquation"	RelError: 5.91715e-10	AbsError: 3.78186e+03
      Equation: "PotentialEquation"	RelError: 5.10965e-12	AbsError: 1.56990e-13
    Region: "gate"	RelError: 2.72890e-15	AbsError: 1.40309e+05
      Equation: "ElectronContinuityEquation"	RelError: 1.41618e-15	AbsError: 1.40309e+05
      Equation: "HoleContinuityEquation"	RelError: 1.18936e-15	AbsError: 1.20046e-15
      Equation: "PotentialEquation"	RelError: 1.23360e-16	AbsError: 1.32716e-16
    Region: "oxide"	RelError: 3.78305e-13	AbsError: 1.56990e-13
      Equation: "PotentialEquation"	RelError: 3.78305e-13	AbsError: 1.56990e-13
Succeeded
gate last end 4.800000e-01 5.000000e-01
setting to last bias 5.000000e-01
setting next bias 5.000000e-01
number of equations 4295
Iteration: 0
  Device: "mos2d"	RelError: 1.40750e+00	AbsError: 1.69807e+17
    Region: "bulk"	RelError: 1.36470e+00	AbsError: 1.69807e+17
      Equation: "ElectronContinuityEquation"	RelError: 2.63956e-01	AbsError: 1.69092e+17
      Equation: "HoleContinuityEquation"	RelError: 5.59125e-01	AbsError: 7.14786e+14
      Equation: "PotentialEquation"	RelError: 5.41614e-01	AbsError: 9.28353e-03
    Region: "gate"	RelError: 1.88965e-02	AbsError: 3.20862e+16
      Equation: "ElectronContinuityEquation"	RelError: 3.24604e-04	AbsError: 3.20862e+16
      Equation: "HoleContinuityEquation"	RelError: 3.24393e-04	AbsError: 3.28176e-04
      Equation: "PotentialEquation"	RelError: 1.82475e-02	AbsError: 2.00000e-02
    Region: "oxide"	RelError: 2.39095e-02	AbsError: 1.99962e-02
      Equation: "PotentialEquation"	RelError: 2.39095e-02	AbsError: 1.99962e-02
Iteration: 1
  Device: "mos2d"	RelError: 1.49554e-01	AbsError: 2.76576e+15
    Region: "bulk"	RelError: 1.48928e-01	AbsError: 2.76576e+15
      Equation: "ElectronContinuityEquation"	RelError: 4.21567e-02	AbsError: 2.74009e+15
      Equation: "HoleContinuityEquation"	RelError: 9.01125e-02	AbsError: 2.56701e+13
      Equation: "PotentialEquation"	RelError: 1.66587e-02	AbsError: 2.43041e-04
    Region: "gate"	RelError: 6.75493e-06	AbsError: 3.29217e+14
      Equation: "ElectronContinuityEquation"	RelError: 3.32523e-06	AbsError: 3.29217e+14
      Equation: "HoleContinuityEquation"	RelError: 3.35084e-06	AbsError: 3.38448e-06
      Equation: "PotentialEquation"	RelError: 7.88567e-08	AbsError: 8.64124e-08
    Region: "oxide"	RelError: 6.19503e-04	AbsError: 2.43041e-04
      Equation: "PotentialEquation"	RelError: 6.19503e-04	AbsError: 2.43041e-04
Iteration: 2
  Device: "mos2d"	RelError: 2.79590e-04	AbsError: 3.23372e+12
    Region: "bulk"	RelError: 2.78964e-04	AbsError: 3.23372e+12
      Equation: "ElectronContinuityEquation"	RelError: 5.03935e-05	AbsError: 3.21301e+12
      Equation: "HoleContinuityEquation"	RelError: 2.13914e-04	AbsError: 2.07066e+10
      Equation: "PotentialEquation"	RelError: 1.46566e-05	AbsError: 2.53619e-07
    Region: "gate"	RelError: 6.43406e-09	AbsError: 3.15462e+11
      Equation: "ElectronContinuityEquation"	RelError: 3.18465e-09	AbsError: 3.15462e+11
      Equation: "HoleContinuityEquation"	RelError: 3.17430e-09	AbsError: 3.20452e-09
      Equation: "PotentialEquation"	RelError: 7.51105e-11	AbsError: 8.23083e-11
    Region: "oxide"	RelError: 6.19458e-07	AbsError: 2.53619e-07
      Equation: "PotentialEquation"	RelError: 6.19458e-07	AbsError: 2.53619e-07
Iteration: 3
  Device: "mos2d"	RelError: 6.83411e-10	AbsError: 4.89424e+06
    Region: "bulk"	RelError: 6.82690e-10	AbsError: 4.89424e+06
      Equation: "ElectronContinuityEquation"	RelError: 1.50965e-10	AbsError: 4.87853e+06
      Equation: "HoleContinuityEquation"	RelError: 5.20225e-10	AbsError: 1.57036e+04
      Equation: "PotentialEquation"	RelError: 1.14994e-11	AbsError: 2.92448e-13
    Region: "gate"	RelError: 6.80264e-15	AbsError: 3.32370e+05
      Equation: "ElectronContinuityEquation"	RelError: 3.35534e-15	AbsError: 3.32370e+05
      Equation: "HoleContinuityEquation"	RelError: 3.30059e-15	AbsError: 3.33201e-15
      Equation: "PotentialEquation"	RelError: 1.46717e-16	AbsError: 1.60775e-16
    Region: "oxide"	RelError: 7.14296e-13	AbsError: 2.92448e-13
      Equation: "PotentialEquation"	RelError: 7.14296e-13	AbsError: 2.92448e-13
Succeeded
IVPOINT	IDVD_VG1P0	5.00000000e-01	0.00000000e+00	7.39459095e-13
drain last end 0.000000e+00 2.000000e+00
number of equations 4295
Iteration: 0
  Device: "mos2d"	RelError: 1.86153e+01	AbsError: 1.47459e+17
    Region: "bulk"	RelError: 1.85777e+01	AbsError: 1.47459e+17
      Equation: "ElectronContinuityEquation"	RelError: 2.81459e+00	AbsError: 1.44786e+17
      Equation: "HoleContinuityEquation"	RelError: 3.34020e+00	AbsError: 2.67322e+15
      Equation: "PotentialEquation"	RelError: 1.24229e+01	AbsError: 2.00000e-02
    Region: "gate"	RelError: 5.72096e-04	AbsError: 2.79797e+16
      Equation: "ElectronContinuityEquation"	RelError: 2.82629e-04	AbsError: 2.79797e+16
      Equation: "HoleContinuityEquation"	RelError: 2.82788e-04	AbsError: 2.85650e-04
      Equation: "PotentialEquation"	RelError: 6.67862e-06	AbsError: 7.31853e-06
    Region: "oxide"	RelError: 3.71092e-02	AbsError: 1.88010e-02
      Equation: "PotentialEquation"	RelError: 3.71092e-02	AbsError: 1.88010e-02
Iteration: 1
  Device: "mos2d"	RelError: 9.86497e-01	AbsError: 4.88984e+15
    Region: "bulk"	RelError: 9.85557e-01	AbsError: 4.88984e+15
      Equation: "ElectronContinuityEquation"	RelError: 4.58529e-01	AbsError: 4.80535e+15
      Equation: "HoleContinuityEquation"	RelError: 5.02746e-01	AbsError: 8.44982e+13
      Equation: "PotentialEquation"	RelError: 2.42822e-02	AbsError: 3.84037e-04
    Region: "gate"	RelError: 1.03187e-05	AbsError: 5.04285e+14
      Equation: "ElectronContinuityEquation"	RelError: 5.09097e-06	AbsError: 5.04285e+14
      Equation: "HoleContinuityEquation"	RelError: 5.10726e-06	AbsError: 5.15599e-06
      Equation: "PotentialEquation"	RelError: 1.20458e-07	AbsError: 1.32002e-07
    Region: "oxide"	RelError: 9.30154e-04	AbsError: 3.84037e-04
      Equation: "PotentialEquation"	RelError: 9.30154e-04	AbsError: 3.84037e-04
Iteration: 2
  Device: "mos2d"	RelError: 2.28756e-03	AbsError: 1.33492e+13
    Region: "bulk"	RelError: 2.28600e-03	AbsError: 1.33492e+13
      Equation: "ElectronContinuityEquation"	RelError: 7.51985e-04	AbsError: 1.33031e+13
      Equation: "HoleContinuityEquation"	RelError: 1.52142e-03	AbsError: 4.60695e+10
      Equation: "PotentialEquation"	RelError: 1.25923e-05	AbsError: 6.64154e-07
    Region: "gate"	RelError: 1.50191e-08	AbsError: 7.36460e+11
      Equation: "ElectronContinuityEquation"	RelError: 7.43487e-09	AbsError: 7.36460e+11
      Equation: "HoleContinuityEquation"	RelError: 7.40887e-09	AbsError: 7.47956e-09
      Equation: "PotentialEquation"	RelError: 1.75330e-10	AbsError: 1.92132e-10
    Region: "oxide"	RelError: 1.54244e-06	AbsError: 6.64154e-07
      Equation: "PotentialEquation"	RelError: 1.54244e-06	AbsError: 6.64154e-07
Iteration: 3
  Device: "mos2d"	RelError: 1.49534e-08	AbsError: 6.47047e+07
    Region: "bulk"	RelError: 1.49497e-08	AbsError: 6.47047e+07
      Equation: "ElectronContinuityEquation"	RelError: 1.62634e-09	AbsError: 6.46642e+07
      Equation: "HoleContinuityEquation"	RelError: 1.32945e-08	AbsError: 4.04327e+04
      Equation: "PotentialEquation"	RelError: 2.88298e-11	AbsError: 1.63314e-12
    Region: "gate"	RelError: 2.79233e-14	AbsError: 1.36217e+06
      Equation: "ElectronContinuityEquation"	RelError: 1.37445e-14	AbsError: 1.36217e+06
      Equation: "HoleContinuityEquation"	RelError: 1.37856e-14	AbsError: 1.39099e-14
      Equation: "PotentialEquation"	RelError: 3.93219e-16	AbsError: 4.30906e-16
    Region: "oxide"	RelError: 3.68245e-12	AbsError: 1.63314e-12
      Equation: "PotentialEquation"	RelError: 3.68245e-12	AbsError: 1.63314e-12
Succeeded
IVPOINT	IDVD_VG1P0	5.00000000e-01	2.00000000e-02	1.42145793e-03
drain last end 2.000000e-02 2.000000e+00
number of equations 4295
Iteration: 0
  Device: "mos2d"	RelError: 1.28960e+01	AbsError: 1.46253e+17
    Region: "bulk"	RelError: 1.28599e+01	AbsError: 1.46253e+17
      Equation: "ElectronContinuityEquation"	RelError: 2.62529e+00	AbsError: 1.43624e+17
      Equation: "HoleContinuityEquation"	RelError: 3.31957e+00	AbsError: 2.62977e+15
      Equation: "PotentialEquation"	RelError: 6.91501e+00	AbsError: 2.00000e-02
    Region: "gate"	RelError: 5.62778e-04	AbsError: 2.75317e+16
      Equation: "ElectronContinuityEquation"	RelError: 2.78027e-04	AbsError: 2.75317e+16
      Equation: "HoleContinuityEquation"	RelError: 2.78181e-04	AbsError: 2.80919e-04
      Equation: "PotentialEquation"	RelError: 6.56981e-06	AbsError: 7.19933e-06
    Region: "oxide"	RelError: 3.55368e-02	AbsError: 1.87366e-02
      Equation: "PotentialEquation"	RelError: 3.55368e-02	AbsError: 1.87366e-02
Iteration: 1
  Device: "mos2d"	RelError: 9.53813e-01	AbsError: 4.83850e+15
    Region: "bulk"	RelError: 9.52984e-01	AbsError: 4.83850e+15
      Equation: "ElectronContinuityEquation"	RelError: 4.37155e-01	AbsError: 4.75591e+15
      Equation: "HoleContinuityEquation"	RelError: 5.01187e-01	AbsError: 8.25934e+13
      Equation: "PotentialEquation"	RelError: 1.46420e-02	AbsError: 3.55839e-04
    Region: "gate"	RelError: 9.13430e-06	AbsError: 4.46482e+14
      Equation: "ElectronContinuityEquation"	RelError: 4.50691e-06	AbsError: 4.46482e+14
      Equation: "HoleContinuityEquation"	RelError: 4.52076e-06	AbsError: 4.56338e-06
      Equation: "PotentialEquation"	RelError: 1.06632e-07	AbsError: 1.16850e-07
    Region: "oxide"	RelError: 8.20387e-04	AbsError: 3.55839e-04
      Equation: "PotentialEquation"	RelError: 8.20387e-04	AbsError: 3.55839e-04
Iteration: 2
  Device: "mos2d"	RelError: 2.06232e-03	AbsError: 1.18577e+13
    Region: "bulk"	RelError: 2.06120e-03	AbsError: 1.18577e+13
      Equation: "ElectronContinuityEquation"	RelError: 6.85667e-04	AbsError: 1.18131e+13
      Equation: "HoleContinuityEquation"	RelError: 1.36667e-03	AbsError: 4.45677e+10
      Equation: "PotentialEquation"	RelError: 8.86235e-06	AbsError: 5.00090e-07
    Region: "gate"	RelError: 1.08148e-08	AbsError: 5.30631e+11
      Equation: "ElectronContinuityEquation"	RelError: 5.35326e-09	AbsError: 5.30631e+11
      Equation: "HoleContinuityEquation"	RelError: 5.33532e-09	AbsError: 5.38253e-09
      Equation: "PotentialEquation"	RelError: 1.26249e-10	AbsError: 1.38350e-10
    Region: "oxide"	RelError: 1.10102e-06	AbsError: 5.00090e-07
      Equation: "PotentialEquation"	RelError: 1.10102e-06	AbsError: 5.00090e-07
Iteration: 3
  Device: "mos2d"	RelError: 1.18651e-08	AbsError: 3.96055e+07
    Region: "bulk"	RelError: 1.18634e-08	AbsError: 3.96055e+07
      Equation: "ElectronContinuityEquation"	RelError: 1.09262e-09	AbsError: 3.95925e+07
      Equation: "HoleContinuityEquation"	RelError: 1.07622e-08	AbsError: 1.30242e+04
      Equation: "PotentialEquation"	RelError: 8.65823e-12	AbsError: 7.31923e-13
    Region: "gate"	RelError: 1.26145e-14	AbsError: 6.08514e+05
      Equation: "ElectronContinuityEquation"	RelError: 6.13898e-15	AbsError: 6.08514e+05
      Equation: "HoleContinuityEquation"	RelError: 6.28639e-15	AbsError: 6.34201e-15
      Equation: "PotentialEquation"	RelError: 1.89157e-16	AbsError: 2.07287e-16
    Region: "oxide"	RelError: 1.61402e-12	AbsError: 7.31923e-13
      Equation: "PotentialEquation"	RelError: 1.61402e-12	AbsError: 7.31923e-13
Succeeded
IVPOINT	IDVD_VG1P0	5.00000000e-01	4.00000000e-02	2.40593554e-03
drain last end 4.000000e-02 2.000000e+00
number of equations 4295
Iteration: 0
  Device: "mos2d"	RelError: 8.59583e+00	AbsError: 1.45034e+17
    Region: "bulk"	RelError: 8.56124e+00	AbsError: 1.45034e+17
      Equation: "ElectronContinuityEquation"	RelError: 2.41664e+00	AbsError: 1.42459e+17
      Equation: "HoleContinuityEquation"	RelError: 3.27668e+00	AbsError: 2.57458e+15
      Equation: "PotentialEquation"	RelError: 2.86792e+00	AbsError: 2.00000e-02
    Region: "gate"	RelError: 5.52829e-04	AbsError: 2.70525e+16
      Equation: "ElectronContinuityEquation"	RelError: 2.73113e-04	AbsError: 2.70525e+16
      Equation: "HoleContinuityEquation"	RelError: 2.73263e-04	AbsError: 2.75877e-04
      Equation: "PotentialEquation"	RelError: 6.45363e-06	AbsError: 7.07207e-06
    Region: "oxide"	RelError: 3.40465e-02	AbsError: 1.86632e-02
      Equation: "PotentialEquation"	RelError: 3.40465e-02	AbsError: 1.86632e-02
Iteration: 1
  Device: "mos2d"	RelError: 9.31870e-01	AbsError: 5.19687e+15
    Region: "bulk"	RelError: 9.31172e-01	AbsError: 5.19687e+15
      Equation: "ElectronContinuityEquation"	RelError: 4.13027e-01	AbsError: 5.11567e+15
      Equation: "HoleContinuityEquation"	RelError: 4.97917e-01	AbsError: 8.11929e+13
      Equation: "PotentialEquation"	RelError: 2.02285e-02	AbsError: 3.18117e-04
    Region: "gate"	RelError: 7.95544e-06	AbsError: 3.88403e+14
      Equation: "ElectronContinuityEquation"	RelError: 3.91777e-06	AbsError: 3.88403e+14
      Equation: "HoleContinuityEquation"	RelError: 3.94481e-06	AbsError: 3.97907e-06
      Equation: "PotentialEquation"	RelError: 9.28684e-08	AbsError: 1.01770e-07
    Region: "oxide"	RelError: 6.89937e-04	AbsError: 3.18117e-04
      Equation: "PotentialEquation"	RelError: 6.89937e-04	AbsError: 3.18117e-04
Iteration: 2
  Device: "mos2d"	RelError: 1.78041e-03	AbsError: 8.04244e+12
    Region: "bulk"	RelError: 1.77970e-03	AbsError: 8.04244e+12
      Equation: "ElectronContinuityEquation"	RelError: 5.84229e-04	AbsError: 8.00075e+12
      Equation: "HoleContinuityEquation"	RelError: 1.18676e-03	AbsError: 4.16903e+10
      Equation: "PotentialEquation"	RelError: 8.70449e-06	AbsError: 3.28761e-07
    Region: "gate"	RelError: 7.30399e-09	AbsError: 3.58595e+11
      Equation: "ElectronContinuityEquation"	RelError: 3.61709e-09	AbsError: 3.58595e+11
      Equation: "HoleContinuityEquation"	RelError: 3.60164e-09	AbsError: 3.63292e-09
      Equation: "PotentialEquation"	RelError: 8.52644e-11	AbsError: 9.34370e-11
    Region: "oxide"	RelError: 7.08846e-07	AbsError: 3.28761e-07
      Equation: "PotentialEquation"	RelError: 7.08846e-07	AbsError: 3.28761e-07
Iteration: 3
  Device: "mos2d"	RelError: 8.26712e-09	AbsError: 1.51870e+07
    Region: "bulk"	RelError: 8.26640e-09	AbsError: 1.51870e+07
      Equation: "ElectronContinuityEquation"	RelError: 8.82851e-10	AbsError: 1.51743e+07
      Equation: "HoleContinuityEquation"	RelError: 7.36237e-09	AbsError: 1.26413e+04
      Equation: "PotentialEquation"	RelError: 2.11795e-11	AbsError: 3.39810e-13
    Region: "gate"	RelError: 6.35209e-15	AbsError: 3.11168e+05
      Equation: "ElectronContinuityEquation"	RelError: 3.14076e-15	AbsError: 3.11168e+05
      Equation: "HoleContinuityEquation"	RelError: 3.09352e-15	AbsError: 3.12243e-15
      Equation: "PotentialEquation"	RelError: 1.17808e-16	AbsError: 1.29096e-16
    Region: "oxide"	RelError: 7.11736e-13	AbsError: 3.39810e-13
      Equation: "PotentialEquation"	RelError: 7.11736e-13	AbsError: 3.39810e-13
Succeeded
IVPOINT	IDVD_VG1P0	5.00000000e-01	6.00000000e-02	3.12635985e-03
drain last end 6.000000e-02 2.000000e+00
number of equations 4295
Iteration: 0
  Device: "mos2d"	RelError: 1.41789e+01	AbsError: 1.43621e+17
    Region: "bulk"	RelError: 1.41457e+01	AbsError: 1.43621e+17
      Equation: "ElectronContinuityEquation"	RelError: 2.15113e+00	AbsError: 1.41113e+17
      Equation: "HoleContinuityEquation"	RelError: 3.21356e+00	AbsError: 2.50770e+15
      Equation: "PotentialEquation"	RelError: 8.78100e+00	AbsError: 2.00000e-02
    Region: "gate"	RelError: 5.42620e-04	AbsError: 2.65600e+16
      Equation: "ElectronContinuityEquation"	RelError: 2.68071e-04	AbsError: 2.65600e+16
      Equation: "HoleContinuityEquation"	RelError: 2.68215e-04	AbsError: 2.70709e-04
      Equation: "PotentialEquation"	RelError: 6.33440e-06	AbsError: 6.94146e-06
    Region: "oxide"	RelError: 3.26909e-02	AbsError: 1.85809e-02
      Equation: "PotentialEquation"	RelError: 3.26909e-02	AbsError: 1.85809e-02
Iteration: 1
  Device: "mos2d"	RelError: 9.44328e-01	AbsError: 5.19719e+15
    Region: "bulk"	RelError: 9.43741e-01	AbsError: 5.19719e+15
      Equation: "ElectronContinuityEquation"	RelError: 3.84088e-01	AbsError: 5.11669e+15
      Equation: "HoleContinuityEquation"	RelError: 4.92023e-01	AbsError: 8.04945e+13
      Equation: "PotentialEquation"	RelError: 6.76306e-02	AbsError: 2.74864e-04
    Region: "gate"	RelError: 7.08342e-06	AbsError: 3.45858e+14
      Equation: "ElectronContinuityEquation"	RelError: 3.48809e-06	AbsError: 3.45858e+14
      Equation: "HoleContinuityEquation"	RelError: 3.51265e-06	AbsError: 3.54262e-06
      Equation: "PotentialEquation"	RelError: 8.26886e-08	AbsError: 9.06147e-08
    Region: "oxide"	RelError: 5.79201e-04	AbsError: 2.74864e-04
      Equation: "PotentialEquation"	RelError: 5.79201e-04	AbsError: 2.74864e-04
Iteration: 2
  Device: "mos2d"	RelError: 1.60413e-03	AbsError: 7.70215e+12
    Region: "bulk"	RelError: 1.60366e-03	AbsError: 7.70215e+12
      Equation: "ElectronContinuityEquation"	RelError: 4.48879e-04	AbsError: 7.66141e+12
      Equation: "HoleContinuityEquation"	RelError: 1.11068e-03	AbsError: 4.07379e+10
      Equation: "PotentialEquation"	RelError: 4.41039e-05	AbsError: 2.23974e-07
    Region: "gate"	RelError: 4.26651e-09	AbsError: 2.09659e+11
      Equation: "ElectronContinuityEquation"	RelError: 2.11448e-09	AbsError: 2.09659e+11
      Equation: "HoleContinuityEquation"	RelError: 2.10223e-09	AbsError: 2.12016e-09
      Equation: "PotentialEquation"	RelError: 4.98059e-11	AbsError: 5.45801e-11
    Region: "oxide"	RelError: 4.57496e-07	AbsError: 2.23974e-07
      Equation: "PotentialEquation"	RelError: 4.57496e-07	AbsError: 2.23974e-07
Iteration: 3
  Device: "mos2d"	RelError: 5.76319e-09	AbsError: 1.32460e+07
    Region: "bulk"	RelError: 5.76265e-09	AbsError: 1.32460e+07
      Equation: "ElectronContinuityEquation"	RelError: 3.49559e-10	AbsError: 1.32360e+07
      Equation: "HoleContinuityEquation"	RelError: 5.33209e-09	AbsError: 1.00273e+04
      Equation: "PotentialEquation"	RelError: 8.10019e-11	AbsError: 2.19976e-13
    Region: "gate"	RelError: 5.01934e-15	AbsError: 2.49864e+05
      Equation: "ElectronContinuityEquation"	RelError: 2.52189e-15	AbsError: 2.49864e+05
      Equation: "HoleContinuityEquation"	RelError: 2.38125e-15	AbsError: 2.40448e-15
      Equation: "PotentialEquation"	RelError: 1.16205e-16	AbsError: 1.27342e-16
    Region: "oxide"	RelError: 5.34919e-13	AbsError: 2.19976e-13
      Equation: "PotentialEquation"	RelError: 5.34919e-13	AbsError: 2.19976e-13
Succeeded
IVPOINT	IDVD_VG1P0	5.00000000e-01	8.00000000e-02	3.69675805e-03
drain last end 8.000000e-02 2.000000e+00
number of equations 4295
Iteration: 0
  Device: "mos2d"	RelError: 6.90747e+01	AbsError: 1.41848e+17
    Region: "bulk"	RelError: 6.90427e+01	AbsError: 1.41848e+17
      Equation: "ElectronContinuityEquation"	RelError: 1.91975e+00	AbsError: 1.39418e+17
      Equation: "HoleContinuityEquation"	RelError: 3.13165e+00	AbsError: 2.42937e+15
      Equation: "PotentialEquation"	RelError: 6.39913e+01	AbsError: 2.00000e-02
    Region: "gate"	RelError: 5.32464e-04	AbsError: 2.60699e+16
      Equation: "ElectronContinuityEquation"	RelError: 2.63055e-04	AbsError: 2.60699e+16
      Equation: "HoleContinuityEquation"	RelError: 2.63193e-04	AbsError: 2.65572e-04
      Equation: "PotentialEquation"	RelError: 6.21580e-06	AbsError: 6.81154e-06
    Region: "oxide"	RelError: 3.14302e-02	AbsError: 1.84899e-02
      Equation: "PotentialEquation"	RelError: 3.14302e-02	AbsError: 1.84899e-02
Iteration: 1
  Device: "mos2d"	RelError: 1.09801e+00	AbsError: 4.86061e+15
    Region: "bulk"	RelError: 1.09752e+00	AbsError: 4.86061e+15
      Equation: "ElectronContinuityEquation"	RelError: 3.49034e-01	AbsError: 4.78197e+15
      Equation: "HoleContinuityEquation"	RelError: 4.85549e-01	AbsError: 7.86381e+13
      Equation: "PotentialEquation"	RelError: 2.62933e-01	AbsError: 2.41515e-04
    Region: "gate"	RelError: 6.12709e-06	AbsError: 2.99147e+14
      Equation: "ElectronContinuityEquation"	RelError: 3.01655e-06	AbsError: 2.99147e+14
      Equation: "HoleContinuityEquation"	RelError: 3.03902e-06	AbsError: 3.06449e-06
      Equation: "PotentialEquation"	RelError: 7.15245e-08	AbsError: 7.83807e-08
    Region: "oxide"	RelError: 4.86486e-04	AbsError: 2.41515e-04
      Equation: "PotentialEquation"	RelError: 4.86486e-04	AbsError: 2.41515e-04
Iteration: 2
  Device: "mos2d"	RelError: 1.47398e-03	AbsError: 6.43324e+12
    Region: "bulk"	RelError: 1.47369e-03	AbsError: 6.43324e+12
      Equation: "ElectronContinuityEquation"	RelError: 3.04056e-04	AbsError: 6.39440e+12
      Equation: "HoleContinuityEquation"	RelError: 1.01339e-03	AbsError: 3.88415e+10
      Equation: "PotentialEquation"	RelError: 1.56246e-04	AbsError: 1.51751e-07
    Region: "gate"	RelError: 2.38198e-09	AbsError: 1.16466e+11
      Equation: "ElectronContinuityEquation"	RelError: 1.17595e-09	AbsError: 1.16466e+11
      Equation: "HoleContinuityEquation"	RelError: 1.17822e-09	AbsError: 1.18965e-09
      Equation: "PotentialEquation"	RelError: 2.78069e-11	AbsError: 3.04715e-11
    Region: "oxide"	RelError: 2.86876e-07	AbsError: 1.50244e-07
      Equation: "PotentialEquation"	RelError: 2.86876e-07	AbsError: 1.50244e-07
Iteration: 3
  Device: "mos2d"	RelError: 4.75476e-09	AbsError: 7.98722e+06
    Region: "bulk"	RelError: 4.75451e-09	AbsError: 7.98722e+06
      Equation: "ElectronContinuityEquation"	RelError: 8.46669e-10	AbsError: 7.97855e+06
      Equation: "HoleContinuityEquation"	RelError: 3.73596e-09	AbsError: 8.67213e+03
      Equation: "PotentialEquation"	RelError: 1.71884e-10	AbsError: 1.00560e-13
    Region: "gate"	RelError: 2.57116e-15	AbsError: 1.14520e+05
      Equation: "ElectronContinuityEquation"	RelError: 1.15631e-15	AbsError: 1.14520e+05
      Equation: "HoleContinuityEquation"	RelError: 1.31346e-15	AbsError: 1.32620e-15
      Equation: "PotentialEquation"	RelError: 1.01400e-16	AbsError: 1.11142e-16
    Region: "oxide"	RelError: 2.39991e-13	AbsError: 1.00560e-13
      Equation: "PotentialEquation"	RelError: 2.39991e-13	AbsError: 1.00560e-13
Succeeded
IVPOINT	IDVD_VG1P0	5.00000000e-01	1.00000000e-01	4.18720560e-03
drain last end 1.000000e-01 2.000000e+00
number of equations 4295
Iteration: 0
  Device: "mos2d"	RelError: 7.79910e+00	AbsError: 1.39587e+17
    Region: "bulk"	RelError: 7.76834e+00	AbsError: 1.39587e+17
      Equation: "ElectronContinuityEquation"	RelError: 1.65991e+00	AbsError: 1.37240e+17
      Equation: "HoleContinuityEquation"	RelError: 2.97049e+00	AbsError: 2.34667e+15
      Equation: "PotentialEquation"	RelError: 3.13794e+00	AbsError: 2.00000e-02
    Region: "gate"	RelError: 5.22585e-04	AbsError: 2.55929e+16
      Equation: "ElectronContinuityEquation"	RelError: 2.58176e-04	AbsError: 2.55929e+16
      Equation: "HoleContinuityEquation"	RelError: 2.58309e-04	AbsError: 2.60577e-04
      Equation: "PotentialEquation"	RelError: 6.10045e-06	AbsError: 6.68517e-06
    Region: "oxide"	RelError: 3.02352e-02	AbsError: 1.83901e-02
      Equation: "PotentialEquation"	RelError: 3.02352e-02	AbsError: 1.83901e-02
Iteration: 1
  Device: "mos2d"	RelError: 7.98954e-01	AbsError: 4.28820e+15
    Region: "bulk"	RelError: 7.98538e-01	AbsError: 4.28820e+15
      Equation: "ElectronContinuityEquation"	RelError: 3.15195e-01	AbsError: 4.21253e+15
      Equation: "HoleContinuityEquation"	RelError: 4.72314e-01	AbsError: 7.56647e+13
      Equation: "PotentialEquation"	RelError: 1.10282e-02	AbsError: 2.12635e-04
    Region: "gate"	RelError: 5.20811e-06	AbsError: 2.54234e+14
      Equation: "ElectronContinuityEquation"	RelError: 2.56329e-06	AbsError: 2.54234e+14
      Equation: "HoleContinuityEquation"	RelError: 2.58403e-06	AbsError: 2.60532e-06
      Equation: "PotentialEquation"	RelError: 6.07966e-08	AbsError: 6.66247e-08
    Region: "oxide"	RelError: 4.10968e-04	AbsError: 2.10816e-04
      Equation: "PotentialEquation"	RelError: 4.10968e-04	AbsError: 2.10816e-04
Iteration: 2
  Device: "mos2d"	RelError: 1.12671e-03	AbsError: 4.60076e+12
    Region: "bulk"	RelError: 1.12653e-03	AbsError: 4.60076e+12
      Equation: "ElectronContinuityEquation"	RelError: 2.26349e-04	AbsError: 4.56500e+12
      Equation: "HoleContinuityEquation"	RelError: 8.93614e-04	AbsError: 3.57605e+10
      Equation: "PotentialEquation"	RelError: 6.56778e-06	AbsError: 9.71681e-08
    Region: "gate"	RelError: 1.72156e-09	AbsError: 8.42012e+10
      Equation: "ElectronContinuityEquation"	RelError: 8.50132e-10	AbsError: 8.42012e+10
      Equation: "HoleContinuityEquation"	RelError: 8.51331e-10	AbsError: 8.59540e-10
      Equation: "PotentialEquation"	RelError: 2.00972e-11	AbsError: 2.20230e-11
    Region: "oxide"	RelError: 1.81297e-07	AbsError: 9.71681e-08
      Equation: "PotentialEquation"	RelError: 1.81297e-07	AbsError: 9.71681e-08
Iteration: 3
  Device: "mos2d"	RelError: 2.70077e-09	AbsError: 2.88952e+06
    Region: "bulk"	RelError: 2.70067e-09	AbsError: 2.88952e+06
      Equation: "ElectronContinuityEquation"	RelError: 3.41734e-10	AbsError: 2.88226e+06
      Equation: "HoleContinuityEquation"	RelError: 2.35537e-09	AbsError: 7.26620e+03
      Equation: "PotentialEquation"	RelError: 3.57176e-12	AbsError: 3.90456e-14
    Region: "gate"	RelError: 1.20261e-15	AbsError: 4.26843e+04
      Equation: "ElectronContinuityEquation"	RelError: 4.30701e-16	AbsError: 4.26843e+04
      Equation: "HoleContinuityEquation"	RelError: 6.70569e-16	AbsError: 6.77035e-16
      Equation: "PotentialEquation"	RelError: 1.01344e-16	AbsError: 1.11081e-16
    Region: "oxide"	RelError: 9.00689e-14	AbsError: 3.90456e-14
      Equation: "PotentialEquation"	RelError: 9.00689e-14	AbsError: 3.90456e-14
Succeeded
IVPOINT	IDVD_VG1P0	5.00000000e-01	1.20000000e-01	4.63876553e-03
drain last end 1.200000e-01 2.000000e+00
number of equations 4295
Iteration: 0
  Device: "mos2d"	RelError: 5.60264e+00	AbsError: 1.36866e+17
    Region: "bulk"	RelError: 5.57303e+00	AbsError: 1.36866e+17
      Equation: "ElectronContinuityEquation"	RelError: 1.43648e+00	AbsError: 1.34476e+17
      Equation: "HoleContinuityEquation"	RelError: 2.67754e+00	AbsError: 2.39073e+15
      Equation: "PotentialEquation"	RelError: 1.45901e+00	AbsError: 2.00000e-02
    Region: "gate"	RelError: 5.13117e-04	AbsError: 2.51356e+16
      Equation: "ElectronContinuityEquation"	RelError: 2.53499e-04	AbsError: 2.51356e+16
      Equation: "HoleContinuityEquation"	RelError: 2.53628e-04	AbsError: 2.55790e-04
      Equation: "PotentialEquation"	RelError: 5.98989e-06	AbsError: 6.56405e-06
    Region: "oxide"	RelError: 2.91011e-02	AbsError: 1.82815e-02
      Equation: "PotentialEquation"	RelError: 2.91011e-02	AbsError: 1.82815e-02
Iteration: 1
  Device: "mos2d"	RelError: 7.24928e-01	AbsError: 3.62409e+15
    Region: "bulk"	RelError: 7.24578e-01	AbsError: 3.62409e+15
      Equation: "ElectronContinuityEquation"	RelError: 2.74126e-01	AbsError: 3.55008e+15
      Equation: "HoleContinuityEquation"	RelError: 4.46425e-01	AbsError: 7.40139e+13
      Equation: "PotentialEquation"	RelError: 4.02729e-03	AbsError: 1.86871e-04
    Region: "gate"	RelError: 4.53937e-06	AbsError: 2.19235e+14
      Equation: "ElectronContinuityEquation"	RelError: 2.21105e-06	AbsError: 2.19235e+14
      Equation: "HoleContinuityEquation"	RelError: 2.27533e-06	AbsError: 2.29474e-06
      Equation: "PotentialEquation"	RelError: 5.29904e-08	AbsError: 5.80698e-08
    Region: "oxide"	RelError: 3.45051e-04	AbsError: 1.86011e-04
      Equation: "PotentialEquation"	RelError: 3.45051e-04	AbsError: 1.86011e-04
Iteration: 2
  Device: "mos2d"	RelError: 1.01842e-03	AbsError: 3.11438e+12
    Region: "bulk"	RelError: 1.01830e-03	AbsError: 3.11438e+12
      Equation: "ElectronContinuityEquation"	RelError: 2.11799e-04	AbsError: 3.08188e+12
      Equation: "HoleContinuityEquation"	RelError: 8.04288e-04	AbsError: 3.25027e+10
      Equation: "PotentialEquation"	RelError: 2.21412e-06	AbsError: 6.84361e-08
    Region: "gate"	RelError: 1.14726e-09	AbsError: 5.61228e+10
      Equation: "ElectronContinuityEquation"	RelError: 5.66609e-10	AbsError: 5.61228e+10
      Equation: "HoleContinuityEquation"	RelError: 5.67256e-10	AbsError: 5.72695e-10
      Equation: "PotentialEquation"	RelError: 1.33928e-11	AbsError: 1.46762e-11
    Region: "oxide"	RelError: 1.19975e-07	AbsError: 6.84361e-08
      Equation: "PotentialEquation"	RelError: 1.19975e-07	AbsError: 6.84361e-08
Iteration: 3
  Device: "mos2d"	RelError: 1.72033e-09	AbsError: 1.67458e+06
    Region: "bulk"	RelError: 1.72029e-09	AbsError: 1.67458e+06
      Equation: "ElectronContinuityEquation"	RelError: 1.48733e-10	AbsError: 1.66890e+06
      Equation: "HoleContinuityEquation"	RelError: 1.57097e-09	AbsError: 5.67408e+03
      Equation: "PotentialEquation"	RelError: 5.84714e-13	AbsError: 2.13472e-14
    Region: "gate"	RelError: 6.70383e-16	AbsError: 2.27984e+04
      Equation: "ElectronContinuityEquation"	RelError: 2.30170e-16	AbsError: 2.27984e+04
      Equation: "HoleContinuityEquation"	RelError: 3.38867e-16	AbsError: 3.42117e-16
      Equation: "PotentialEquation"	RelError: 1.01346e-16	AbsError: 1.11083e-16
    Region: "oxide"	RelError: 4.47273e-14	AbsError: 2.13472e-14
      Equation: "PotentialEquation"	RelError: 4.47273e-14	AbsError: 2.13472e-14
Succeeded
IVPOINT	IDVD_VG1P0	5.00000000e-01	1.40000000e-01	5.07482209e-03
drain last end 1.400000e-01 2.000000e+00
number of equations 4295
Iteration: 0
  Device: "mos2d"	RelError: 5.62375e+00	AbsError: 1.33483e+17
    Region: "bulk"	RelError: 5.59523e+00	AbsError: 1.33483e+17
      Equation: "ElectronContinuityEquation"	RelError: 1.29181e+00	AbsError: 1.31056e+17
      Equation: "HoleContinuityEquation"	RelError: 2.53464e+00	AbsError: 2.42753e+15
      Equation: "PotentialEquation"	RelError: 1.76877e+00	AbsError: 2.00000e-02
    Region: "gate"	RelError: 5.04121e-04	AbsError: 2.47012e+16
      Equation: "ElectronContinuityEquation"	RelError: 2.49056e-04	AbsError: 2.47012e+16
      Equation: "HoleContinuityEquation"	RelError: 2.49180e-04	AbsError: 2.51243e-04
      Equation: "PotentialEquation"	RelError: 5.88484e-06	AbsError: 6.44897e-06
    Region: "oxide"	RelError: 2.80238e-02	AbsError: 1.81641e-02
      Equation: "PotentialEquation"	RelError: 2.80238e-02	AbsError: 1.81641e-02
Iteration: 1
  Device: "mos2d"	RelError: 6.72886e-01	AbsError: 3.15672e+15
    Region: "bulk"	RelError: 6.72591e-01	AbsError: 3.15672e+15
      Equation: "ElectronContinuityEquation"	RelError: 2.46738e-01	AbsError: 3.08214e+15
      Equation: "HoleContinuityEquation"	RelError: 4.21293e-01	AbsError: 7.45809e+13
      Equation: "PotentialEquation"	RelError: 4.55960e-03	AbsError: 1.64054e-04
    Region: "gate"	RelError: 4.29644e-06	AbsError: 2.07494e+14
      Equation: "ElectronContinuityEquation"	RelError: 2.09212e-06	AbsError: 2.07494e+14
      Equation: "HoleContinuityEquation"	RelError: 2.15417e-06	AbsError: 2.17200e-06
      Equation: "PotentialEquation"	RelError: 5.01542e-08	AbsError: 5.49620e-08
    Region: "oxide"	RelError: 2.91222e-04	AbsError: 1.64054e-04
      Equation: "PotentialEquation"	RelError: 2.91222e-04	AbsError: 1.64054e-04
Iteration: 2
  Device: "mos2d"	RelError: 9.19163e-04	AbsError: 2.67889e+12
    Region: "bulk"	RelError: 9.19068e-04	AbsError: 2.67889e+12
      Equation: "ElectronContinuityEquation"	RelError: 1.87686e-04	AbsError: 2.64540e+12
      Equation: "HoleContinuityEquation"	RelError: 7.29759e-04	AbsError: 3.34992e+10
      Equation: "PotentialEquation"	RelError: 1.62372e-06	AbsError: 5.52476e-08
    Region: "gate"	RelError: 8.59998e-10	AbsError: 4.20624e+10
      Equation: "ElectronContinuityEquation"	RelError: 4.24353e-10	AbsError: 4.20624e+10
      Equation: "HoleContinuityEquation"	RelError: 4.25605e-10	AbsError: 4.29379e-10
      Equation: "PotentialEquation"	RelError: 1.00391e-11	AbsError: 1.10013e-11
    Region: "oxide"	RelError: 9.41427e-08	AbsError: 5.52476e-08
      Equation: "PotentialEquation"	RelError: 9.41427e-08	AbsError: 5.52476e-08
Iteration: 3
  Device: "mos2d"	RelError: 2.04374e-09	AbsError: 1.24492e+06
    Region: "bulk"	RelError: 2.04371e-09	AbsError: 1.24492e+06
      Equation: "ElectronContinuityEquation"	RelError: 8.35960e-10	AbsError: 1.23920e+06
      Equation: "HoleContinuityEquation"	RelError: 1.20747e-09	AbsError: 5.71938e+03
      Equation: "PotentialEquation"	RelError: 2.82254e-13	AbsError: 1.74912e-14
    Region: "gate"	RelError: 4.25142e-16	AbsError: 1.67453e+04
      Equation: "ElectronContinuityEquation"	RelError: 1.68787e-16	AbsError: 1.67453e+04
      Equation: "HoleContinuityEquation"	RelError: 1.55046e-16	AbsError: 1.55047e-16
      Equation: "PotentialEquation"	RelError: 1.01309e-16	AbsError: 1.11042e-16
    Region: "oxide"	RelError: 2.96633e-14	AbsError: 1.74912e-14
      Equation: "PotentialEquation"	RelError: 2.96633e-14	AbsError: 1.74912e-14
Succeeded
IVPOINT	IDVD_VG1P0	5.00000000e-01	1.60000000e-01	5.50851938e-03
drain last end 1.600000e-01 2.000000e+00
number of equations 4295
Iteration: 0
  Device: "mos2d"	RelError: 6.47773e+00	AbsError: 1.31044e+17
    Region: "bulk"	RelError: 6.45024e+00	AbsError: 1.31044e+17
      Equation: "ElectronContinuityEquation"	RelError: 1.14965e+00	AbsError: 1.28588e+17
      Equation: "HoleContinuityEquation"	RelError: 2.48455e+00	AbsError: 2.45621e+15
      Equation: "PotentialEquation"	RelError: 2.81604e+00	AbsError: 2.00000e-02
    Region: "gate"	RelError: 4.95610e-04	AbsError: 2.42901e+16
      Equation: "ElectronContinuityEquation"	RelError: 2.44852e-04	AbsError: 2.42901e+16
      Equation: "HoleContinuityEquation"	RelError: 2.44972e-04	AbsError: 2.46940e-04
      Equation: "PotentialEquation"	RelError: 5.78545e-06	AbsError: 6.34009e-06
    Region: "oxide"	RelError: 2.69993e-02	AbsError: 1.80377e-02
      Equation: "PotentialEquation"	RelError: 2.69993e-02	AbsError: 1.80377e-02
Iteration: 1
  Device: "mos2d"	RelError: 6.41846e-01	AbsError: 2.91486e+15
    Region: "bulk"	RelError: 6.41586e-01	AbsError: 2.91486e+15
      Equation: "ElectronContinuityEquation"	RelError: 2.17647e-01	AbsError: 2.84079e+15
      Equation: "HoleContinuityEquation"	RelError: 4.16321e-01	AbsError: 7.40759e+13
      Equation: "PotentialEquation"	RelError: 7.61770e-03	AbsError: 1.52948e-04
    Region: "gate"	RelError: 4.06029e-06	AbsError: 1.96071e+14
      Equation: "ElectronContinuityEquation"	RelError: 1.97646e-06	AbsError: 1.96071e+14
      Equation: "HoleContinuityEquation"	RelError: 2.03644e-06	AbsError: 2.05280e-06
      Equation: "PotentialEquation"	RelError: 4.73973e-08	AbsError: 5.19412e-08
    Region: "oxide"	RelError: 2.55727e-04	AbsError: 1.52948e-04
      Equation: "PotentialEquation"	RelError: 2.55727e-04	AbsError: 1.52948e-04
Iteration: 2
  Device: "mos2d"	RelError: 7.83026e-04	AbsError: 2.22869e+12
    Region: "bulk"	RelError: 7.82951e-04	AbsError: 2.22869e+12
      Equation: "ElectronContinuityEquation"	RelError: 1.52934e-04	AbsError: 2.19528e+12
      Equation: "HoleContinuityEquation"	RelError: 6.27196e-04	AbsError: 3.34064e+10
      Equation: "PotentialEquation"	RelError: 2.82118e-06	AbsError: 4.46545e-08
    Region: "gate"	RelError: 6.30201e-10	AbsError: 3.08321e+10
      Equation: "ElectronContinuityEquation"	RelError: 3.11028e-10	AbsError: 3.08321e+10
      Equation: "HoleContinuityEquation"	RelError: 3.11816e-10	AbsError: 3.14554e-10
      Equation: "PotentialEquation"	RelError: 7.35669e-12	AbsError: 8.06182e-12
    Region: "oxide"	RelError: 7.39172e-08	AbsError: 4.46545e-08
      Equation: "PotentialEquation"	RelError: 7.39172e-08	AbsError: 4.46545e-08
Iteration: 3
  Device: "mos2d"	RelError: 1.87411e-09	AbsError: 9.31639e+05
    Region: "bulk"	RelError: 1.87408e-09	AbsError: 9.31639e+05
      Equation: "ElectronContinuityEquation"	RelError: 1.03941e-09	AbsError: 9.25895e+05
      Equation: "HoleContinuityEquation"	RelError: 8.34157e-10	AbsError: 5.74404e+03
      Equation: "PotentialEquation"	RelError: 5.18394e-13	AbsError: 1.40503e-14
    Region: "gate"	RelError: 5.22726e-16	AbsError: 7.94502e+03
      Equation: "ElectronContinuityEquation"	RelError: 7.94502e-17	AbsError: 7.94502e+03
      Equation: "HoleContinuityEquation"	RelError: 3.37202e-16	AbsError: 3.39911e-16
      Equation: "PotentialEquation"	RelError: 1.06075e-16	AbsError: 1.16244e-16
    Region: "oxide"	RelError: 2.32577e-14	AbsError: 1.40503e-14
      Equation: "PotentialEquation"	RelError: 2.32577e-14	AbsError: 1.40503e-14
Succeeded
IVPOINT	IDVD_VG1P0	5.00000000e-01	1.80000000e-01	5.94724834e-03
drain last end 1.800000e-01 2.000000e+00
number of equations 4295
Iteration: 0
  Device: "mos2d"	RelError: 7.71115e+00	AbsError: 1.29573e+17
    Region: "bulk"	RelError: 7.68458e+00	AbsError: 1.29573e+17
      Equation: "ElectronContinuityEquation"	RelError: 1.07359e+00	AbsError: 1.27097e+17
      Equation: "HoleContinuityEquation"	RelError: 2.39271e+00	AbsError: 2.47594e+15
      Equation: "PotentialEquation"	RelError: 4.21828e+00	AbsError: 2.00000e-02
    Region: "gate"	RelError: 4.87566e-04	AbsError: 2.39017e+16
      Equation: "ElectronContinuityEquation"	RelError: 2.40879e-04	AbsError: 2.39017e+16
      Equation: "HoleContinuityEquation"	RelError: 2.40995e-04	AbsError: 2.42873e-04
      Equation: "PotentialEquation"	RelError: 5.69152e-06	AbsError: 6.23719e-06
    Region: "oxide"	RelError: 2.60806e-02	AbsError: 1.79024e-02
      Equation: "PotentialEquation"	RelError: 2.60806e-02	AbsError: 1.79024e-02
Iteration: 1
  Device: "mos2d"	RelError: 6.19402e-01	AbsError: 2.76205e+15
    Region: "bulk"	RelError: 6.19166e-01	AbsError: 2.76205e+15
      Equation: "ElectronContinuityEquation"	RelError: 1.99719e-01	AbsError: 2.68952e+15
      Equation: "HoleContinuityEquation"	RelError: 4.07076e-01	AbsError: 7.25360e+13
      Equation: "PotentialEquation"	RelError: 1.23704e-02	AbsError: 1.42937e-04
    Region: "gate"	RelError: 3.83923e-06	AbsError: 1.85374e+14
      Equation: "ElectronContinuityEquation"	RelError: 1.86818e-06	AbsError: 1.85374e+14
      Equation: "HoleContinuityEquation"	RelError: 1.92623e-06	AbsError: 1.94124e-06
      Equation: "PotentialEquation"	RelError: 4.48165e-08	AbsError: 4.91132e-08
    Region: "oxide"	RelError: 2.32446e-04	AbsError: 1.42937e-04
      Equation: "PotentialEquation"	RelError: 2.32446e-04	AbsError: 1.42937e-04
Iteration: 2
  Device: "mos2d"	RelError: 6.25828e-04	AbsError: 1.98838e+12
    Region: "bulk"	RelError: 6.25771e-04	AbsError: 1.98838e+12
      Equation: "ElectronContinuityEquation"	RelError: 1.13185e-04	AbsError: 1.95613e+12
      Equation: "HoleContinuityEquation"	RelError: 5.07415e-04	AbsError: 3.22554e+10
      Equation: "PotentialEquation"	RelError: 5.17148e-06	AbsError: 3.50279e-08
    Region: "gate"	RelError: 4.45972e-10	AbsError: 2.18228e+10
      Equation: "ElectronContinuityEquation"	RelError: 2.20127e-10	AbsError: 2.18228e+10
      Equation: "HoleContinuityEquation"	RelError: 2.20639e-10	AbsError: 2.22559e-10
      Equation: "PotentialEquation"	RelError: 5.20601e-12	AbsError: 5.70501e-12
    Region: "oxide"	RelError: 5.64201e-08	AbsError: 3.50279e-08
      Equation: "PotentialEquation"	RelError: 5.64201e-08	AbsError: 3.50279e-08
Iteration: 3
  Device: "mos2d"	RelError: 1.32722e-09	AbsError: 7.06107e+05
    Region: "bulk"	RelError: 1.32720e-09	AbsError: 7.06107e+05
      Equation: "ElectronContinuityEquation"	RelError: 7.29438e-10	AbsError: 7.00682e+05
      Equation: "HoleContinuityEquation"	RelError: 5.97066e-10	AbsError: 5.42545e+03
      Equation: "PotentialEquation"	RelError: 6.95929e-13	AbsError: 1.04519e-14
    Region: "gate"	RelError: 4.06534e-16	AbsError: 1.22952e+04
      Equation: "ElectronContinuityEquation"	RelError: 1.23900e-16	AbsError: 1.22952e+04
      Equation: "HoleContinuityEquation"	RelError: 1.81332e-16	AbsError: 1.82854e-16
      Equation: "PotentialEquation"	RelError: 1.01302e-16	AbsError: 1.11035e-16
    Region: "oxide"	RelError: 1.66239e-14	AbsError: 1.04519e-14
      Equation: "PotentialEquation"	RelError: 1.66239e-14	AbsError: 1.04519e-14
Succeeded
IVPOINT	IDVD_VG1P0	5.00000000e-01	2.00000000e-01	6.39522051e-03
drain last end 2.000000e-01 2.000000e+00
number of equations 4295
Iteration: 0
  Device: "mos2d"	RelError: 6.77642e+00	AbsError: 1.27406e+17
    Region: "bulk"	RelError: 6.75072e+00	AbsError: 1.27406e+17
      Equation: "ElectronContinuityEquation"	RelError: 9.74928e-01	AbsError: 1.24920e+17
      Equation: "HoleContinuityEquation"	RelError: 2.22882e+00	AbsError: 2.48598e+15
      Equation: "PotentialEquation"	RelError: 3.54697e+00	AbsError: 2.00000e-02
    Region: "gate"	RelError: 4.79958e-04	AbsError: 2.35343e+16
      Equation: "ElectronContinuityEquation"	RelError: 2.37121e-04	AbsError: 2.35343e+16
      Equation: "HoleContinuityEquation"	RelError: 2.37234e-04	AbsError: 2.39026e-04
      Equation: "PotentialEquation"	RelError: 5.60268e-06	AbsError: 6.13986e-06
    Region: "oxide"	RelError: 2.52207e-02	AbsError: 1.77582e-02
      Equation: "PotentialEquation"	RelError: 2.52207e-02	AbsError: 1.77582e-02
Iteration: 1
  Device: "mos2d"	RelError: 5.82641e-01	AbsError: 3.07867e+15
    Region: "bulk"	RelError: 5.82426e-01	AbsError: 3.07867e+15
      Equation: "ElectronContinuityEquation"	RelError: 1.83554e-01	AbsError: 3.00863e+15
      Equation: "HoleContinuityEquation"	RelError: 3.89924e-01	AbsError: 7.00420e+13
      Equation: "PotentialEquation"	RelError: 8.94799e-03	AbsError: 1.33476e-04
    Region: "gate"	RelError: 3.63652e-06	AbsError: 1.75564e+14
      Equation: "ElectronContinuityEquation"	RelError: 1.76891e-06	AbsError: 1.75564e+14
      Equation: "HoleContinuityEquation"	RelError: 1.82516e-06	AbsError: 1.83895e-06
      Equation: "PotentialEquation"	RelError: 4.24500e-08	AbsError: 4.65201e-08
    Region: "oxide"	RelError: 2.11418e-04	AbsError: 1.33476e-04
      Equation: "PotentialEquation"	RelError: 2.11418e-04	AbsError: 1.33476e-04
Iteration: 2
  Device: "mos2d"	RelError: 5.08213e-04	AbsError: 1.67680e+12
    Region: "bulk"	RelError: 5.08170e-04	AbsError: 1.67680e+12
      Equation: "ElectronContinuityEquation"	RelError: 8.96013e-05	AbsError: 1.64663e+12
      Equation: "HoleContinuityEquation"	RelError: 4.16452e-04	AbsError: 3.01695e+10
      Equation: "PotentialEquation"	RelError: 2.11654e-06	AbsError: 2.76046e-08
    Region: "gate"	RelError: 3.11668e-10	AbsError: 1.52526e+10
      Equation: "ElectronContinuityEquation"	RelError: 1.53841e-10	AbsError: 1.52526e+10
      Equation: "HoleContinuityEquation"	RelError: 1.54189e-10	AbsError: 1.55518e-10
      Equation: "PotentialEquation"	RelError: 3.63832e-12	AbsError: 3.98706e-12
    Region: "oxide"	RelError: 4.29115e-08	AbsError: 2.76046e-08
      Equation: "PotentialEquation"	RelError: 4.29115e-08	AbsError: 2.76046e-08
Iteration: 3
  Device: "mos2d"	RelError: 2.08361e-09	AbsError: 4.49540e+05
    Region: "bulk"	RelError: 2.08360e-09	AbsError: 4.49540e+05
      Equation: "ElectronContinuityEquation"	RelError: 1.80010e-09	AbsError: 4.44724e+05
      Equation: "HoleContinuityEquation"	RelError: 2.82974e-10	AbsError: 4.81593e+03
      Equation: "PotentialEquation"	RelError: 5.28258e-13	AbsError: 6.81369e-15
    Region: "gate"	RelError: 5.06092e-16	AbsError: 1.25854e+04
      Equation: "ElectronContinuityEquation"	RelError: 1.26805e-16	AbsError: 1.25854e+04
      Equation: "HoleContinuityEquation"	RelError: 2.77996e-16	AbsError: 2.79515e-16
      Equation: "PotentialEquation"	RelError: 1.01291e-16	AbsError: 1.11022e-16
    Region: "oxide"	RelError: 1.05919e-14	AbsError: 6.81369e-15
      Equation: "PotentialEquation"	RelError: 1.05919e-14	AbsError: 6.81369e-15
Succeeded
IVPOINT	IDVD_VG1P0	5.00000000e-01	2.20000000e-01	6.85490135e-03
drain last end 2.200000e-01 2.000000e+00
number of equations 4295
Iteration: 0
  Device: "mos2d"	RelError: 3.07909e+01	AbsError: 1.24498e+17
    Region: "bulk"	RelError: 3.07660e+01	AbsError: 1.24498e+17
      Equation: "ElectronContinuityEquation"	RelError: 9.22105e-01	AbsError: 1.22012e+17
      Equation: "HoleContinuityEquation"	RelError: 2.21794e+00	AbsError: 2.48572e+15
      Equation: "PotentialEquation"	RelError: 2.76260e+01	AbsError: 2.00000e-02
    Region: "gate"	RelError: 4.72749e-04	AbsError: 2.31863e+16
      Equation: "ElectronContinuityEquation"	RelError: 2.33561e-04	AbsError: 2.31863e+16
      Equation: "HoleContinuityEquation"	RelError: 2.33670e-04	AbsError: 2.35380e-04
      Equation: "PotentialEquation"	RelError: 5.51850e-06	AbsError: 6.04764e-06
    Region: "oxide"	RelError: 2.43964e-02	AbsError: 1.76055e-02
      Equation: "PotentialEquation"	RelError: 2.43964e-02	AbsError: 1.76055e-02
Iteration: 1
  Device: "mos2d"	RelError: 5.74365e-01	AbsError: 3.35864e+15
    Region: "bulk"	RelError: 5.74169e-01	AbsError: 3.35864e+15
      Equation: "ElectronContinuityEquation"	RelError: 1.62875e-01	AbsError: 3.29193e+15
      Equation: "HoleContinuityEquation"	RelError: 3.81305e-01	AbsError: 6.67149e+13
      Equation: "PotentialEquation"	RelError: 2.99894e-02	AbsError: 1.24840e-04
    Region: "gate"	RelError: 3.45237e-06	AbsError: 1.66655e+14
      Equation: "ElectronContinuityEquation"	RelError: 1.67875e-06	AbsError: 1.66655e+14
      Equation: "HoleContinuityEquation"	RelError: 1.73332e-06	AbsError: 1.74601e-06
      Equation: "PotentialEquation"	RelError: 4.03001e-08	AbsError: 4.41643e-08
    Region: "oxide"	RelError: 1.92435e-04	AbsError: 1.24642e-04
      Equation: "PotentialEquation"	RelError: 1.92435e-04	AbsError: 1.24642e-04
Iteration: 2
  Device: "mos2d"	RelError: 4.25164e-04	AbsError: 1.30642e+12
    Region: "bulk"	RelError: 4.25131e-04	AbsError: 1.30642e+12
      Equation: "ElectronContinuityEquation"	RelError: 8.47774e-05	AbsError: 1.27907e+12
      Equation: "HoleContinuityEquation"	RelError: 3.31541e-04	AbsError: 2.73478e+10
      Equation: "PotentialEquation"	RelError: 8.81264e-06	AbsError: 2.20159e-08
    Region: "gate"	RelError: 2.18294e-10	AbsError: 1.06838e+10
      Equation: "ElectronContinuityEquation"	RelError: 1.07750e-10	AbsError: 1.06838e+10
      Equation: "HoleContinuityEquation"	RelError: 1.07995e-10	AbsError: 1.08918e-10
      Equation: "PotentialEquation"	RelError: 2.54828e-12	AbsError: 2.79255e-12
    Region: "oxide"	RelError: 3.19504e-08	AbsError: 2.10106e-08
      Equation: "PotentialEquation"	RelError: 3.19504e-08	AbsError: 2.10106e-08
Iteration: 3
  Device: "mos2d"	RelError: 2.31053e-09	AbsError: 2.32099e+05
    Region: "bulk"	RelError: 2.31052e-09	AbsError: 2.32099e+05
      Equation: "ElectronContinuityEquation"	RelError: 1.35739e-09	AbsError: 2.27974e+05
      Equation: "HoleContinuityEquation"	RelError: 9.51348e-10	AbsError: 4.12417e+03
      Equation: "PotentialEquation"	RelError: 1.78655e-12	AbsError: 3.87064e-15
    Region: "gate"	RelError: 3.88257e-16	AbsError: 9.01638e+03
      Equation: "ElectronContinuityEquation"	RelError: 9.09341e-17	AbsError: 9.01638e+03
      Equation: "HoleContinuityEquation"	RelError: 1.95978e-16	AbsError: 1.97812e-16
      Equation: "PotentialEquation"	RelError: 1.01345e-16	AbsError: 1.11082e-16
    Region: "oxide"	RelError: 5.88601e-15	AbsError: 3.87064e-15
      Equation: "PotentialEquation"	RelError: 5.88601e-15	AbsError: 3.87064e-15
Succeeded
IVPOINT	IDVD_VG1P0	5.00000000e-01	2.40000000e-01	7.32779572e-03
drain last end 2.400000e-01 2.000000e+00
number of equations 4295
Iteration: 0
  Device: "mos2d"	RelError: 8.02012e+00	AbsError: 1.20822e+17
    Region: "bulk"	RelError: 7.99605e+00	AbsError: 1.20822e+17
      Equation: "ElectronContinuityEquation"	RelError: 8.91428e-01	AbsError: 1.18347e+17
      Equation: "HoleContinuityEquation"	RelError: 2.19699e+00	AbsError: 2.47470e+15
      Equation: "PotentialEquation"	RelError: 4.90764e+00	AbsError: 2.00000e-02
    Region: "gate"	RelError: 4.65902e-04	AbsError: 2.28558e+16
      Equation: "ElectronContinuityEquation"	RelError: 2.30179e-04	AbsError: 2.28558e+16
      Equation: "HoleContinuityEquation"	RelError: 2.30285e-04	AbsError: 2.31918e-04
      Equation: "PotentialEquation"	RelError: 5.43854e-06	AbsError: 5.96005e-06
    Region: "oxide"	RelError: 2.36054e-02	AbsError: 1.74446e-02
      Equation: "PotentialEquation"	RelError: 2.36054e-02	AbsError: 1.74446e-02
Iteration: 1
  Device: "mos2d"	RelError: 5.50085e-01	AbsError: 3.59365e+15
    Region: "bulk"	RelError: 5.49907e-01	AbsError: 3.59365e+15
      Equation: "ElectronContinuityEquation"	RelError: 1.57212e-01	AbsError: 3.52787e+15
      Equation: "HoleContinuityEquation"	RelError: 3.79194e-01	AbsError: 6.57812e+13
      Equation: "PotentialEquation"	RelError: 1.35005e-02	AbsError: 1.17556e-04
    Region: "gate"	RelError: 3.28515e-06	AbsError: 1.58565e+14
      Equation: "ElectronContinuityEquation"	RelError: 1.59690e-06	AbsError: 1.58565e+14
      Equation: "HoleContinuityEquation"	RelError: 1.64990e-06	AbsError: 1.66160e-06
      Equation: "PotentialEquation"	RelError: 3.83479e-08	AbsError: 4.20252e-08
    Region: "oxide"	RelError: 1.75021e-04	AbsError: 1.17556e-04
      Equation: "PotentialEquation"	RelError: 1.75021e-04	AbsError: 1.17556e-04
Iteration: 2
  Device: "mos2d"	RelError: 3.45308e-04	AbsError: 1.19434e+12
    Region: "bulk"	RelError: 3.45285e-04	AbsError: 1.19434e+12
      Equation: "ElectronContinuityEquation"	RelError: 7.97995e-05	AbsError: 1.16733e+12
      Equation: "HoleContinuityEquation"	RelError: 2.62654e-04	AbsError: 2.70053e+10
      Equation: "PotentialEquation"	RelError: 2.83068e-06	AbsError: 2.32899e-08
    Region: "gate"	RelError: 1.57145e-10	AbsError: 7.84165e+09
      Equation: "ElectronContinuityEquation"	RelError: 7.89727e-11	AbsError: 7.84165e+09
      Equation: "HoleContinuityEquation"	RelError: 7.63371e-11	AbsError: 7.69462e-11
      Equation: "PotentialEquation"	RelError: 1.83489e-12	AbsError: 2.01084e-12
    Region: "oxide"	RelError: 2.33466e-08	AbsError: 1.62808e-08
      Equation: "PotentialEquation"	RelError: 2.33466e-08	AbsError: 1.62808e-08
Iteration: 3
  Device: "mos2d"	RelError: 1.92231e-09	AbsError: 2.12241e+05
    Region: "bulk"	RelError: 1.92231e-09	AbsError: 2.12241e+05
      Equation: "ElectronContinuityEquation"	RelError: 1.33064e-09	AbsError: 2.07449e+05
      Equation: "HoleContinuityEquation"	RelError: 5.91295e-10	AbsError: 4.79232e+03
      Equation: "PotentialEquation"	RelError: 3.70601e-13	AbsError: 3.92655e-15
    Region: "gate"	RelError: 4.69095e-16	AbsError: 8.09004e+03
      Equation: "ElectronContinuityEquation"	RelError: 8.09008e-17	AbsError: 8.09004e+03
      Equation: "HoleContinuityEquation"	RelError: 2.86827e-16	AbsError: 2.88265e-16
      Equation: "PotentialEquation"	RelError: 1.01367e-16	AbsError: 1.11106e-16
    Region: "oxide"	RelError: 3.28084e-15	AbsError: 2.28790e-15
      Equation: "PotentialEquation"	RelError: 3.28084e-15	AbsError: 2.28790e-15
Succeeded
IVPOINT	IDVD_VG1P0	5.00000000e-01	2.60000000e-01	7.81487564e-03
drain last end 2.600000e-01 2.000000e+00
number of equations 4295
Iteration: 0
  Device: "mos2d"	RelError: 5.73741e+01	AbsError: 1.16379e+17
    Region: "bulk"	RelError: 5.73508e+01	AbsError: 1.16379e+17
      Equation: "ElectronContinuityEquation"	RelError: 8.54202e-01	AbsError: 1.13926e+17
      Equation: "HoleContinuityEquation"	RelError: 2.15185e+00	AbsError: 2.45263e+15
      Equation: "PotentialEquation"	RelError: 5.43447e+01	AbsError: 2.00000e-02
    Region: "gate"	RelError: 4.59384e-04	AbsError: 2.25412e+16
      Equation: "ElectronContinuityEquation"	RelError: 2.26959e-04	AbsError: 2.25412e+16
      Equation: "HoleContinuityEquation"	RelError: 2.27063e-04	AbsError: 2.28621e-04
      Equation: "PotentialEquation"	RelError: 5.36243e-06	AbsError: 5.87668e-06
    Region: "oxide"	RelError: 2.28460e-02	AbsError: 1.72762e-02
      Equation: "PotentialEquation"	RelError: 2.28460e-02	AbsError: 1.72762e-02
Iteration: 1
  Device: "mos2d"	RelError: 6.68772e-01	AbsError: 3.77155e+15
    Region: "bulk"	RelError: 6.68608e-01	AbsError: 3.77155e+15
      Equation: "ElectronContinuityEquation"	RelError: 1.50660e-01	AbsError: 3.70695e+15
      Equation: "HoleContinuityEquation"	RelError: 3.74435e-01	AbsError: 6.46056e+13
      Equation: "PotentialEquation"	RelError: 1.43513e-01	AbsError: 1.10477e-04
    Region: "gate"	RelError: 3.13208e-06	AbsError: 1.51162e+14
      Equation: "ElectronContinuityEquation"	RelError: 1.52199e-06	AbsError: 1.51162e+14
      Equation: "HoleContinuityEquation"	RelError: 1.57352e-06	AbsError: 1.58433e-06
      Equation: "PotentialEquation"	RelError: 3.65609e-08	AbsError: 4.00670e-08
    Region: "oxide"	RelError: 1.61160e-04	AbsError: 1.10477e-04
      Equation: "PotentialEquation"	RelError: 1.61160e-04	AbsError: 1.10477e-04
Iteration: 2
  Device: "mos2d"	RelError: 3.46773e-04	AbsError: 1.14351e+12
    Region: "bulk"	RelError: 3.46751e-04	AbsError: 1.14351e+12
      Equation: "ElectronContinuityEquation"	RelError: 7.47667e-05	AbsError: 1.11584e+12
      Equation: "HoleContinuityEquation"	RelError: 2.42955e-04	AbsError: 2.76692e+10
      Equation: "PotentialEquation"	RelError: 2.90293e-05	AbsError: 2.41756e-08
    Region: "gate"	RelError: 1.85130e-10	AbsError: 9.18664e+09
      Equation: "ElectronContinuityEquation"	RelError: 9.23067e-11	AbsError: 9.18664e+09
      Equation: "HoleContinuityEquation"	RelError: 9.06623e-11	AbsError: 9.10969e-11
      Equation: "PotentialEquation"	RelError: 2.16119e-12	AbsError: 2.36855e-12
    Region: "oxide"	RelError: 2.16410e-08	AbsError: 1.54290e-08
      Equation: "PotentialEquation"	RelError: 2.16410e-08	AbsError: 1.54290e-08
Iteration: 3
  Device: "mos2d"	RelError: 2.16193e-09	AbsError: 1.81292e+05
    Region: "bulk"	RelError: 2.16192e-09	AbsError: 1.81292e+05
      Equation: "ElectronContinuityEquation"	RelError: 1.49902e-09	AbsError: 1.76085e+05
      Equation: "HoleContinuityEquation"	RelError: 6.59363e-10	AbsError: 5.20690e+03
      Equation: "PotentialEquation"	RelError: 3.54279e-12	AbsError: 4.24361e-15
    Region: "gate"	RelError: 3.89548e-16	AbsError: 8.12145e+03
      Equation: "ElectronContinuityEquation"	RelError: 8.18008e-17	AbsError: 8.12145e+03
      Equation: "HoleContinuityEquation"	RelError: 2.06457e-16	AbsError: 2.07947e-16
      Equation: "PotentialEquation"	RelError: 1.01291e-16	AbsError: 1.11022e-16
    Region: "oxide"	RelError: 2.18914e-15	AbsError: 1.56075e-15
      Equation: "PotentialEquation"	RelError: 2.18914e-15	AbsError: 1.56075e-15
Succeeded
IVPOINT	IDVD_VG1P0	5.00000000e-01	2.80000000e-01	8.31681362e-03
drain last end 2.800000e-01 2.000000e+00
number of equations 4295
Iteration: 0
  Device: "mos2d"	RelError: 3.91201e+00	AbsError: 1.11193e+17
    Region: "bulk"	RelError: 3.88944e+00	AbsError: 1.11193e+17
      Equation: "ElectronContinuityEquation"	RelError: 8.31097e-01	AbsError: 1.08774e+17
      Equation: "HoleContinuityEquation"	RelError: 2.07925e+00	AbsError: 2.41942e+15
      Equation: "PotentialEquation"	RelError: 9.79094e-01	AbsError: 2.00000e-02
    Region: "gate"	RelError: 4.53169e-04	AbsError: 2.22413e+16
      Equation: "ElectronContinuityEquation"	RelError: 2.23889e-04	AbsError: 2.22413e+16
      Equation: "HoleContinuityEquation"	RelError: 2.23990e-04	AbsError: 2.25477e-04
      Equation: "PotentialEquation"	RelError: 5.28985e-06	AbsError: 5.79717e-06
    Region: "oxide"	RelError: 2.21171e-02	AbsError: 1.71013e-02
      Equation: "PotentialEquation"	RelError: 2.21171e-02	AbsError: 1.71013e-02
Iteration: 1
  Device: "mos2d"	RelError: 5.11320e-01	AbsError: 3.88476e+15
    Region: "bulk"	RelError: 5.11169e-01	AbsError: 3.88476e+15
      Equation: "ElectronContinuityEquation"	RelError: 1.42703e-01	AbsError: 3.82215e+15
      Equation: "HoleContinuityEquation"	RelError: 3.65556e-01	AbsError: 6.26137e+13
      Equation: "PotentialEquation"	RelError: 2.91063e-03	AbsError: 1.07914e-04
    Region: "gate"	RelError: 2.98967e-06	AbsError: 1.44273e+14
      Equation: "ElectronContinuityEquation"	RelError: 1.45231e-06	AbsError: 1.44273e+14
      Equation: "HoleContinuityEquation"	RelError: 1.50246e-06	AbsError: 1.51243e-06
      Equation: "PotentialEquation"	RelError: 3.48983e-08	AbsError: 3.82452e-08
    Region: "oxide"	RelError: 1.48165e-04	AbsError: 1.07914e-04
      Equation: "PotentialEquation"	RelError: 1.48165e-04	AbsError: 1.07914e-04
Iteration: 2
  Device: "mos2d"	RelError: 3.06047e-04	AbsError: 1.05729e+12
    Region: "bulk"	RelError: 3.06027e-04	AbsError: 1.05729e+12
      Equation: "ElectronContinuityEquation"	RelError: 6.99552e-05	AbsError: 1.02940e+12
      Equation: "HoleContinuityEquation"	RelError: 2.35514e-04	AbsError: 2.78907e+10
      Equation: "PotentialEquation"	RelError: 5.57294e-07	AbsError: 2.46086e-08
    Region: "gate"	RelError: 2.42629e-10	AbsError: 1.20182e+10
      Equation: "ElectronContinuityEquation"	RelError: 1.20732e-10	AbsError: 1.20182e+10
      Equation: "HoleContinuityEquation"	RelError: 1.19065e-10	AbsError: 1.19610e-10
      Equation: "PotentialEquation"	RelError: 2.83240e-12	AbsError: 3.10418e-12
    Region: "oxide"	RelError: 2.03687e-08	AbsError: 1.48353e-08
      Equation: "PotentialEquation"	RelError: 2.03687e-08	AbsError: 1.48353e-08
Iteration: 3
  Device: "mos2d"	RelError: 8.69497e-09	AbsError: 1.32878e+05
    Region: "bulk"	RelError: 8.69497e-09	AbsError: 1.32878e+05
      Equation: "ElectronContinuityEquation"	RelError: 5.45673e-09	AbsError: 1.27513e+05
      Equation: "HoleContinuityEquation"	RelError: 3.23820e-09	AbsError: 5.36565e+03
      Equation: "PotentialEquation"	RelError: 4.16581e-14	AbsError: 4.38435e-15
    Region: "gate"	RelError: 3.40344e-16	AbsError: 7.89428e+03
      Equation: "ElectronContinuityEquation"	RelError: 7.89428e-17	AbsError: 7.89428e+03
      Equation: "HoleContinuityEquation"	RelError: 1.60044e-16	AbsError: 1.60776e-16
      Equation: "PotentialEquation"	RelError: 1.01357e-16	AbsError: 1.11095e-16
    Region: "oxide"	RelError: 1.30963e-15	AbsError: 9.53855e-16
      Equation: "PotentialEquation"	RelError: 1.30963e-15	AbsError: 9.53855e-16
Succeeded
IVPOINT	IDVD_VG1P0	5.00000000e-01	3.00000000e-01	8.83411117e-03
drain last end 3.000000e-01 2.000000e+00
number of equations 4295
Iteration: 0
  Device: "mos2d"	RelError: 4.33823e+00	AbsError: 1.05321e+17
    Region: "bulk"	RelError: 4.31637e+00	AbsError: 1.05321e+17
      Equation: "ElectronContinuityEquation"	RelError: 8.13710e-01	AbsError: 1.02946e+17
      Equation: "HoleContinuityEquation"	RelError: 2.04246e+00	AbsError: 2.37518e+15
      Equation: "PotentialEquation"	RelError: 1.46019e+00	AbsError: 2.00000e-02
    Region: "gate"	RelError: 4.47236e-04	AbsError: 2.19549e+16
      Equation: "ElectronContinuityEquation"	RelError: 2.20959e-04	AbsError: 2.19549e+16
      Equation: "HoleContinuityEquation"	RelError: 2.21056e-04	AbsError: 2.22475e-04
      Equation: "PotentialEquation"	RelError: 5.22057e-06	AbsError: 5.72127e-06
    Region: "oxide"	RelError: 2.14178e-02	AbsError: 1.69210e-02
      Equation: "PotentialEquation"	RelError: 2.14178e-02	AbsError: 1.69210e-02
Iteration: 1
  Device: "mos2d"	RelError: 4.99957e-01	AbsError: 3.92930e+15
    Region: "bulk"	RelError: 4.99813e-01	AbsError: 3.92930e+15
      Equation: "ElectronContinuityEquation"	RelError: 1.39428e-01	AbsError: 3.86938e+15
      Equation: "HoleContinuityEquation"	RelError: 3.58781e-01	AbsError: 5.99167e+13
      Equation: "PotentialEquation"	RelError: 1.60458e-03	AbsError: 1.04917e-04
    Region: "gate"	RelError: 2.85405e-06	AbsError: 1.37711e+14
      Equation: "ElectronContinuityEquation"	RelError: 1.38595e-06	AbsError: 1.37711e+14
      Equation: "HoleContinuityEquation"	RelError: 1.43479e-06	AbsError: 1.44400e-06
      Equation: "PotentialEquation"	RelError: 3.33152e-08	AbsError: 3.65104e-08
    Region: "oxide"	RelError: 1.41110e-04	AbsError: 1.04917e-04
      Equation: "PotentialEquation"	RelError: 1.41110e-04	AbsError: 1.04917e-04
Iteration: 2
  Device: "mos2d"	RelError: 2.91611e-04	AbsError: 1.09705e+12
    Region: "bulk"	RelError: 2.91591e-04	AbsError: 1.09705e+12
      Equation: "ElectronContinuityEquation"	RelError: 6.59979e-05	AbsError: 1.06974e+12
      Equation: "HoleContinuityEquation"	RelError: 2.25316e-04	AbsError: 2.73191e+10
      Equation: "PotentialEquation"	RelError: 2.77135e-07	AbsError: 2.45607e-08
    Region: "gate"	RelError: 3.07770e-10	AbsError: 1.52260e+10
      Equation: "ElectronContinuityEquation"	RelError: 1.52923e-10	AbsError: 1.52260e+10
      Equation: "HoleContinuityEquation"	RelError: 1.51255e-10	AbsError: 1.51914e-10
      Equation: "PotentialEquation"	RelError: 3.59274e-12	AbsError: 3.93751e-12
    Region: "oxide"	RelError: 1.95600e-08	AbsError: 1.45431e-08
      Equation: "PotentialEquation"	RelError: 1.95600e-08	AbsError: 1.45431e-08
Iteration: 3
  Device: "mos2d"	RelError: 1.42520e-09	AbsError: 1.13035e+05
    Region: "bulk"	RelError: 1.42520e-09	AbsError: 1.13035e+05
      Equation: "ElectronContinuityEquation"	RelError: 1.25593e-09	AbsError: 1.07841e+05
      Equation: "HoleContinuityEquation"	RelError: 1.69208e-10	AbsError: 5.19379e+03
      Equation: "PotentialEquation"	RelError: 6.73907e-14	AbsError: 4.39246e-15
    Region: "gate"	RelError: 3.96691e-16	AbsError: 8.56468e+03
      Equation: "ElectronContinuityEquation"	RelError: 8.62449e-17	AbsError: 8.56468e+03
      Equation: "HoleContinuityEquation"	RelError: 2.09136e-16	AbsError: 2.11046e-16
      Equation: "PotentialEquation"	RelError: 1.01310e-16	AbsError: 1.11043e-16
    Region: "oxide"	RelError: 1.01056e-15	AbsError: 7.70084e-16
      Equation: "PotentialEquation"	RelError: 1.01056e-15	AbsError: 7.70084e-16
Succeeded
IVPOINT	IDVD_VG1P0	5.00000000e-01	3.20000000e-01	9.36717112e-03
drain last end 3.200000e-01 2.000000e+00
number of equations 4295
Iteration: 0
  Device: "mos2d"	RelError: 5.96200e+00	AbsError: 9.88474e+16
    Region: "bulk"	RelError: 5.94081e+00	AbsError: 9.88474e+16
      Equation: "ElectronContinuityEquation"	RelError: 7.89785e-01	AbsError: 9.65272e+16
      Equation: "HoleContinuityEquation"	RelError: 1.98764e+00	AbsError: 2.32023e+15
      Equation: "PotentialEquation"	RelError: 3.16338e+00	AbsError: 2.00000e-02
    Region: "gate"	RelError: 4.41572e-04	AbsError: 2.16817e+16
      Equation: "ElectronContinuityEquation"	RelError: 2.18161e-04	AbsError: 2.16817e+16
      Equation: "HoleContinuityEquation"	RelError: 2.18257e-04	AbsError: 2.19610e-04
      Equation: "PotentialEquation"	RelError: 5.15443e-06	AbsError: 5.64882e-06
    Region: "oxide"	RelError: 2.07478e-02	AbsError: 1.67371e-02
      Equation: "PotentialEquation"	RelError: 2.07478e-02	AbsError: 1.67371e-02
Iteration: 1
  Device: "mos2d"	RelError: 4.90566e-01	AbsError: 3.90570e+15
    Region: "bulk"	RelError: 4.90430e-01	AbsError: 3.90570e+15
      Equation: "ElectronContinuityEquation"	RelError: 1.35656e-01	AbsError: 3.84774e+15
      Equation: "HoleContinuityEquation"	RelError: 3.51318e-01	AbsError: 5.79591e+13
      Equation: "PotentialEquation"	RelError: 3.45596e-03	AbsError: 1.01319e-04
    Region: "gate"	RelError: 2.72137e-06	AbsError: 1.31285e+14
      Equation: "ElectronContinuityEquation"	RelError: 1.32100e-06	AbsError: 1.31285e+14
      Equation: "HoleContinuityEquation"	RelError: 1.36861e-06	AbsError: 1.37710e-06
      Equation: "PotentialEquation"	RelError: 3.17662e-08	AbsError: 3.48131e-08
    Region: "oxide"	RelError: 1.33581e-04	AbsError: 1.01319e-04
      Equation: "PotentialEquation"	RelError: 1.33581e-04	AbsError: 1.01319e-04
Iteration: 2
  Device: "mos2d"	RelError: 2.80218e-04	AbsError: 1.15284e+12
    Region: "bulk"	RelError: 2.80197e-04	AbsError: 1.15284e+12
      Equation: "ElectronContinuityEquation"	RelError: 6.41660e-05	AbsError: 1.12684e+12
      Equation: "HoleContinuityEquation"	RelError: 2.15451e-04	AbsError: 2.60019e+10
      Equation: "PotentialEquation"	RelError: 5.80324e-07	AbsError: 2.40471e-08
    Region: "gate"	RelError: 3.74086e-10	AbsError: 1.84917e+10
      Equation: "ElectronContinuityEquation"	RelError: 1.85683e-10	AbsError: 1.84917e+10
      Equation: "HoleContinuityEquation"	RelError: 1.84037e-10	AbsError: 1.84799e-10
      Equation: "PotentialEquation"	RelError: 4.36687e-12	AbsError: 4.78595e-12
    Region: "oxide"	RelError: 2.06167e-08	AbsError: 1.60357e-08
      Equation: "PotentialEquation"	RelError: 2.06167e-08	AbsError: 1.60357e-08
Iteration: 3
  Device: "mos2d"	RelError: 3.52120e-09	AbsError: 1.13799e+05
    Region: "bulk"	RelError: 3.52120e-09	AbsError: 1.13799e+05
      Equation: "ElectronContinuityEquation"	RelError: 2.41328e-09	AbsError: 1.09004e+05
      Equation: "HoleContinuityEquation"	RelError: 1.10786e-09	AbsError: 4.79527e+03
      Equation: "PotentialEquation"	RelError: 5.56219e-14	AbsError: 4.04790e-15
    Region: "gate"	RelError: 4.24009e-16	AbsError: 7.87757e+03
      Equation: "ElectronContinuityEquation"	RelError: 7.87757e-17	AbsError: 7.87757e+03
      Equation: "HoleContinuityEquation"	RelError: 2.43942e-16	AbsError: 2.45933e-16
      Equation: "PotentialEquation"	RelError: 1.01291e-16	AbsError: 1.11023e-16
    Region: "oxide"	RelError: 1.15339e-15	AbsError: 9.30323e-16
      Equation: "PotentialEquation"	RelError: 1.15339e-15	AbsError: 9.30323e-16
Succeeded
IVPOINT	IDVD_VG1P0	5.00000000e-01	3.40000000e-01	9.91633951e-03
drain last end 3.400000e-01 2.000000e+00
number of equations 4295
Iteration: 0
  Device: "mos2d"	RelError: 8.91521e+00	AbsError: 9.19126e+16
    Region: "bulk"	RelError: 8.89467e+00	AbsError: 9.19126e+16
      Equation: "ElectronContinuityEquation"	RelError: 7.59617e-01	AbsError: 8.96288e+16
      Equation: "HoleContinuityEquation"	RelError: 1.92357e+00	AbsError: 2.28382e+15
      Equation: "PotentialEquation"	RelError: 6.21147e+00	AbsError: 2.00000e-02
    Region: "gate"	RelError: 4.36174e-04	AbsError: 2.14213e+16
      Equation: "ElectronContinuityEquation"	RelError: 2.15495e-04	AbsError: 2.14213e+16
      Equation: "HoleContinuityEquation"	RelError: 2.15588e-04	AbsError: 2.16878e-04
      Equation: "PotentialEquation"	RelError: 5.09139e-06	AbsError: 5.57976e-06
    Region: "oxide"	RelError: 2.01071e-02	AbsError: 1.65511e-02
      Equation: "PotentialEquation"	RelError: 2.01071e-02	AbsError: 1.65511e-02
Iteration: 1
  Device: "mos2d"	RelError: 4.91733e-01	AbsError: 3.81543e+15
    Region: "bulk"	RelError: 4.91605e-01	AbsError: 3.81543e+15
      Equation: "ElectronContinuityEquation"	RelError: 1.30516e-01	AbsError: 3.75961e+15
      Equation: "HoleContinuityEquation"	RelError: 3.43625e-01	AbsError: 5.58145e+13
      Equation: "PotentialEquation"	RelError: 1.74646e-02	AbsError: 9.80490e-05
    Region: "gate"	RelError: 2.58811e-06	AbsError: 1.24825e+14
      Equation: "ElectronContinuityEquation"	RelError: 1.25572e-06	AbsError: 1.24825e+14
      Equation: "HoleContinuityEquation"	RelError: 1.30218e-06	AbsError: 1.30997e-06
      Equation: "PotentialEquation"	RelError: 3.02106e-08	AbsError: 3.31084e-08
    Region: "oxide"	RelError: 1.25635e-04	AbsError: 9.80490e-05
      Equation: "PotentialEquation"	RelError: 1.25635e-04	AbsError: 9.80490e-05
Iteration: 2
  Device: "mos2d"	RelError: 2.86306e-04	AbsError: 1.27617e+12
    Region: "bulk"	RelError: 2.86284e-04	AbsError: 1.27617e+12
      Equation: "ElectronContinuityEquation"	RelError: 8.03667e-05	AbsError: 1.25213e+12
      Equation: "HoleContinuityEquation"	RelError: 2.02970e-04	AbsError: 2.40421e+10
      Equation: "PotentialEquation"	RelError: 2.94705e-06	AbsError: 2.31260e-08
    Region: "gate"	RelError: 4.33896e-10	AbsError: 2.14371e+10
      Equation: "ElectronContinuityEquation"	RelError: 2.15214e-10	AbsError: 2.14371e+10
      Equation: "HoleContinuityEquation"	RelError: 2.13617e-10	AbsError: 2.14458e-10
      Equation: "PotentialEquation"	RelError: 5.06495e-12	AbsError: 5.55105e-12
    Region: "oxide"	RelError: 2.20484e-08	AbsError: 1.80346e-08
      Equation: "PotentialEquation"	RelError: 2.20484e-08	AbsError: 1.80346e-08
Iteration: 3
  Device: "mos2d"	RelError: 2.28437e-09	AbsError: 1.69292e+05
    Region: "bulk"	RelError: 2.28437e-09	AbsError: 1.69292e+05
      Equation: "ElectronContinuityEquation"	RelError: 8.97321e-10	AbsError: 1.65191e+05
      Equation: "HoleContinuityEquation"	RelError: 1.38650e-09	AbsError: 4.10153e+03
      Equation: "PotentialEquation"	RelError: 5.53356e-13	AbsError: 3.71852e-15
    Region: "gate"	RelError: 3.82771e-16	AbsError: 8.18224e+03
      Equation: "ElectronContinuityEquation"	RelError: 8.18224e-17	AbsError: 8.18224e+03
      Equation: "HoleContinuityEquation"	RelError: 1.99158e-16	AbsError: 2.00958e-16
      Equation: "PotentialEquation"	RelError: 1.01791e-16	AbsError: 1.11540e-16
    Region: "oxide"	RelError: 1.95353e-15	AbsError: 1.60786e-15
      Equation: "PotentialEquation"	RelError: 1.95353e-15	AbsError: 1.60786e-15
Succeeded
IVPOINT	IDVD_VG1P0	5.00000000e-01	3.60000000e-01	1.04819311e-02
drain last end 3.600000e-01 2.000000e+00
number of equations 4295
Iteration: 0
  Device: "mos2d"	RelError: 2.02223e+01	AbsError: 8.46411e+16
    Region: "bulk"	RelError: 2.02024e+01	AbsError: 8.46411e+16
      Equation: "ElectronContinuityEquation"	RelError: 7.29504e-01	AbsError: 8.23856e+16
      Equation: "HoleContinuityEquation"	RelError: 1.86224e+00	AbsError: 2.25550e+15
      Equation: "PotentialEquation"	RelError: 1.76107e+01	AbsError: 2.00000e-02
    Region: "gate"	RelError: 4.31044e-04	AbsError: 2.11738e+16
      Equation: "ElectronContinuityEquation"	RelError: 2.12961e-04	AbsError: 2.11738e+16
      Equation: "HoleContinuityEquation"	RelError: 2.13051e-04	AbsError: 2.14281e-04
      Equation: "PotentialEquation"	RelError: 5.03148e-06	AbsError: 5.51413e-06
    Region: "oxide"	RelError: 1.94960e-02	AbsError: 1.63653e-02
      Equation: "PotentialEquation"	RelError: 1.94960e-02	AbsError: 1.63653e-02
Iteration: 1
  Device: "mos2d"	RelError: 5.11769e-01	AbsError: 3.76352e+15
    Region: "bulk"	RelError: 5.11649e-01	AbsError: 3.76352e+15
      Equation: "ElectronContinuityEquation"	RelError: 1.24306e-01	AbsError: 3.71046e+15
      Equation: "HoleContinuityEquation"	RelError: 3.33740e-01	AbsError: 5.30624e+13
      Equation: "PotentialEquation"	RelError: 5.36027e-02	AbsError: 9.49438e-05
    Region: "gate"	RelError: 2.49500e-06	AbsError: 1.20661e+14
      Equation: "ElectronContinuityEquation"	RelError: 1.21110e-06	AbsError: 1.20661e+14
      Equation: "HoleContinuityEquation"	RelError: 1.25478e-06	AbsError: 1.25945e-06
      Equation: "PotentialEquation"	RelError: 2.91222e-08	AbsError: 3.19173e-08
    Region: "oxide"	RelError: 1.17397e-04	AbsError: 9.49438e-05
      Equation: "PotentialEquation"	RelError: 1.17397e-04	AbsError: 9.49438e-05
Iteration: 2
  Device: "mos2d"	RelError: 3.32726e-04	AbsError: 1.50116e+12
    Region: "bulk"	RelError: 3.32702e-04	AbsError: 1.50116e+12
      Equation: "ElectronContinuityEquation"	RelError: 1.27625e-04	AbsError: 1.47957e+12
      Equation: "HoleContinuityEquation"	RelError: 1.92291e-04	AbsError: 2.15899e+10
      Equation: "PotentialEquation"	RelError: 1.27854e-05	AbsError: 2.18909e-08
    Region: "gate"	RelError: 4.79604e-10	AbsError: 2.36881e+10
      Equation: "ElectronContinuityEquation"	RelError: 2.37763e-10	AbsError: 2.36881e+10
      Equation: "HoleContinuityEquation"	RelError: 2.36243e-10	AbsError: 2.37122e-10
      Equation: "PotentialEquation"	RelError: 5.59835e-12	AbsError: 6.13567e-12
    Region: "oxide"	RelError: 2.43186e-08	AbsError: 2.04113e-08
      Equation: "PotentialEquation"	RelError: 2.43186e-08	AbsError: 2.04113e-08
Iteration: 3
  Device: "mos2d"	RelError: 5.11888e-09	AbsError: 2.35416e+05
    Region: "bulk"	RelError: 5.11888e-09	AbsError: 2.35416e+05
      Equation: "ElectronContinuityEquation"	RelError: 4.34513e-09	AbsError: 2.32087e+05
      Equation: "HoleContinuityEquation"	RelError: 7.71999e-10	AbsError: 3.32937e+03
      Equation: "PotentialEquation"	RelError: 1.74725e-12	AbsError: 3.17097e-15
    Region: "gate"	RelError: 4.02541e-16	AbsError: 8.18396e+03
      Equation: "ElectronContinuityEquation"	RelError: 8.25262e-17	AbsError: 8.18396e+03
      Equation: "HoleContinuityEquation"	RelError: 2.18724e-16	AbsError: 2.19986e-16
      Equation: "PotentialEquation"	RelError: 1.01291e-16	AbsError: 1.11022e-16
    Region: "oxide"	RelError: 2.75584e-15	AbsError: 2.31306e-15
      Equation: "PotentialEquation"	RelError: 2.75584e-15	AbsError: 2.31306e-15
Succeeded
IVPOINT	IDVD_VG1P0	5.00000000e-01	3.80000000e-01	1.10642454e-02
drain last end 3.800000e-01 2.000000e+00
number of equations 4295
Iteration: 0
  Device: "mos2d"	RelError: 5.90422e+00	AbsError: 7.71678e+16
    Region: "bulk"	RelError: 5.88488e+00	AbsError: 7.71678e+16
      Equation: "ElectronContinuityEquation"	RelError: 6.87270e-01	AbsError: 7.49484e+16
      Equation: "HoleContinuityEquation"	RelError: 1.76798e+00	AbsError: 2.21947e+15
      Equation: "PotentialEquation"	RelError: 3.42963e+00	AbsError: 2.00000e-02
    Region: "gate"	RelError: 4.26188e-04	AbsError: 2.09397e+16
      Equation: "ElectronContinuityEquation"	RelError: 2.10562e-04	AbsError: 2.09397e+16
      Equation: "HoleContinuityEquation"	RelError: 2.10651e-04	AbsError: 2.11822e-04
      Equation: "PotentialEquation"	RelError: 4.97478e-06	AbsError: 5.45201e-06
    Region: "oxide"	RelError: 1.89148e-02	AbsError: 1.61818e-02
      Equation: "PotentialEquation"	RelError: 1.89148e-02	AbsError: 1.61818e-02
Iteration: 1
  Device: "mos2d"	RelError: 4.51760e-01	AbsError: 3.79161e+15
    Region: "bulk"	RelError: 4.51647e-01	AbsError: 3.79161e+15
      Equation: "ElectronContinuityEquation"	RelError: 1.18111e-01	AbsError: 3.74180e+15
      Equation: "HoleContinuityEquation"	RelError: 3.22712e-01	AbsError: 4.98153e+13
      Equation: "PotentialEquation"	RelError: 1.08241e-02	AbsError: 9.11156e-05
    Region: "gate"	RelError: 2.41024e-06	AbsError: 1.16562e+14
      Equation: "ElectronContinuityEquation"	RelError: 1.16972e-06	AbsError: 1.16562e+14
      Equation: "HoleContinuityEquation"	RelError: 1.21239e-06	AbsError: 1.21665e-06
      Equation: "PotentialEquation"	RelError: 2.81327e-08	AbsError: 3.08330e-08
    Region: "oxide"	RelError: 1.10472e-04	AbsError: 9.11156e-05
      Equation: "PotentialEquation"	RelError: 1.10472e-04	AbsError: 9.11156e-05
Iteration: 2
  Device: "mos2d"	RelError: 4.01339e-04	AbsError: 1.63684e+12
    Region: "bulk"	RelError: 4.01313e-04	AbsError: 1.63684e+12
      Equation: "ElectronContinuityEquation"	RelError: 2.19895e-04	AbsError: 1.61801e+12
      Equation: "HoleContinuityEquation"	RelError: 1.79196e-04	AbsError: 1.88250e+10
      Equation: "PotentialEquation"	RelError: 2.22153e-06	AbsError: 2.17960e-08
    Region: "gate"	RelError: 5.05144e-10	AbsError: 2.49456e+10
      Equation: "ElectronContinuityEquation"	RelError: 2.50333e-10	AbsError: 2.49456e+10
      Equation: "HoleContinuityEquation"	RelError: 2.48915e-10	AbsError: 2.49790e-10
      Equation: "PotentialEquation"	RelError: 5.89647e-12	AbsError: 6.46243e-12
    Region: "oxide"	RelError: 2.54798e-08	AbsError: 2.17960e-08
      Equation: "PotentialEquation"	RelError: 2.54798e-08	AbsError: 2.17960e-08
Iteration: 3
  Device: "mos2d"	RelError: 5.57358e-09	AbsError: 2.85135e+05
    Region: "bulk"	RelError: 5.57358e-09	AbsError: 2.85135e+05
      Equation: "ElectronContinuityEquation"	RelError: 2.95117e-09	AbsError: 2.82558e+05
      Equation: "HoleContinuityEquation"	RelError: 2.62229e-09	AbsError: 2.57690e+03
      Equation: "PotentialEquation"	RelError: 1.09850e-13	AbsError: 2.75010e-15
    Region: "gate"	RelError: 3.79704e-16	AbsError: 8.16444e+03
      Equation: "ElectronContinuityEquation"	RelError: 8.16448e-17	AbsError: 8.16444e+03
      Equation: "HoleContinuityEquation"	RelError: 1.96769e-16	AbsError: 1.99053e-16
      Equation: "PotentialEquation"	RelError: 1.01291e-16	AbsError: 1.11022e-16
    Region: "oxide"	RelError: 3.21491e-15	AbsError: 2.75010e-15
      Equation: "PotentialEquation"	RelError: 3.21491e-15	AbsError: 2.75010e-15
Succeeded
IVPOINT	IDVD_VG1P0	5.00000000e-01	4.00000000e-01	1.16635773e-02
drain last end 4.000000e-01 2.000000e+00
number of equations 4295
Iteration: 0
  Device: "mos2d"	RelError: 4.00903e+00	AbsError: 6.96511e+16
    Region: "bulk"	RelError: 3.99024e+00	AbsError: 6.96511e+16
      Equation: "ElectronContinuityEquation"	RelError: 6.28506e-01	AbsError: 6.74752e+16
      Equation: "HoleContinuityEquation"	RelError: 1.66522e+00	AbsError: 2.17593e+15
      Equation: "PotentialEquation"	RelError: 1.69651e+00	AbsError: 2.00000e-02
    Region: "gate"	RelError: 4.21617e-04	AbsError: 2.07195e+16
      Equation: "ElectronContinuityEquation"	RelError: 2.08305e-04	AbsError: 2.07195e+16
      Equation: "HoleContinuityEquation"	RelError: 2.08391e-04	AbsError: 2.09507e-04
      Equation: "PotentialEquation"	RelError: 4.92140e-06	AbsError: 5.39354e-06
    Region: "oxide"	RelError: 1.83639e-02	AbsError: 1.60028e-02
      Equation: "PotentialEquation"	RelError: 1.83639e-02	AbsError: 1.60028e-02
Iteration: 1
  Device: "mos2d"	RelError: 4.19940e-01	AbsError: 3.74311e+15
    Region: "bulk"	RelError: 4.19835e-01	AbsError: 3.74311e+15
      Equation: "ElectronContinuityEquation"	RelError: 1.09730e-01	AbsError: 3.69482e+15
      Equation: "HoleContinuityEquation"	RelError: 3.05731e-01	AbsError: 4.82865e+13
      Equation: "PotentialEquation"	RelError: 4.37424e-03	AbsError: 8.69435e-05
    Region: "gate"	RelError: 2.30396e-06	AbsError: 1.11400e+14
      Equation: "ElectronContinuityEquation"	RelError: 1.11769e-06	AbsError: 1.11400e+14
      Equation: "HoleContinuityEquation"	RelError: 1.15938e-06	AbsError: 1.16322e-06
      Equation: "PotentialEquation"	RelError: 2.68921e-08	AbsError: 2.94734e-08
    Region: "oxide"	RelError: 1.02946e-04	AbsError: 8.69074e-05
      Equation: "PotentialEquation"	RelError: 1.02946e-04	AbsError: 8.69074e-05
Iteration: 2
  Device: "mos2d"	RelError: 5.51853e-04	AbsError: 1.67821e+12
    Region: "bulk"	RelError: 5.51827e-04	AbsError: 1.67821e+12
      Equation: "ElectronContinuityEquation"	RelError: 3.77853e-04	AbsError: 1.66071e+12
      Equation: "HoleContinuityEquation"	RelError: 1.73053e-04	AbsError: 1.75040e+10
      Equation: "PotentialEquation"	RelError: 9.21322e-07	AbsError: 2.20682e-08
    Region: "gate"	RelError: 5.07216e-10	AbsError: 2.50466e+10
      Equation: "ElectronContinuityEquation"	RelError: 2.51296e-10	AbsError: 2.50466e+10
      Equation: "HoleContinuityEquation"	RelError: 2.50000e-10	AbsError: 2.50828e-10
      Equation: "PotentialEquation"	RelError: 5.92050e-12	AbsError: 6.48881e-12
    Region: "oxide"	RelError: 2.53268e-08	AbsError: 2.20682e-08
      Equation: "PotentialEquation"	RelError: 2.53268e-08	AbsError: 2.20682e-08
Iteration: 3
  Device: "mos2d"	RelError: 9.38942e-09	AbsError: 3.01474e+05
    Region: "bulk"	RelError: 9.38942e-09	AbsError: 3.01474e+05
      Equation: "ElectronContinuityEquation"	RelError: 6.18701e-09	AbsError: 2.99178e+05
      Equation: "HoleContinuityEquation"	RelError: 3.20227e-09	AbsError: 2.29569e+03
      Equation: "PotentialEquation"	RelError: 1.34806e-13	AbsError: 3.21275e-15
    Region: "gate"	RelError: 5.04807e-16	AbsError: 8.16269e+03
      Equation: "ElectronContinuityEquation"	RelError: 8.16273e-17	AbsError: 8.16269e+03
      Equation: "HoleContinuityEquation"	RelError: 3.21889e-16	AbsError: 3.22956e-16
      Equation: "PotentialEquation"	RelError: 1.01291e-16	AbsError: 1.11022e-16
    Region: "oxide"	RelError: 3.68714e-15	AbsError: 3.21275e-15
      Equation: "PotentialEquation"	RelError: 3.68714e-15	AbsError: 3.21275e-15
Succeeded
IVPOINT	IDVD_VG1P0	5.00000000e-01	4.20000000e-01	1.22802237e-02
drain last end 4.200000e-01 2.000000e+00
number of equations 4295
Iteration: 0
  Device: "mos2d"	RelError: 4.52104e+00	AbsError: 6.22462e+16
    Region: "bulk"	RelError: 4.50278e+00	AbsError: 6.22462e+16
      Equation: "ElectronContinuityEquation"	RelError: 5.74821e-01	AbsError: 6.01211e+16
      Equation: "HoleContinuityEquation"	RelError: 1.52475e+00	AbsError: 2.12511e+15
      Equation: "PotentialEquation"	RelError: 2.40321e+00	AbsError: 2.00000e-02
    Region: "gate"	RelError: 4.17343e-04	AbsError: 2.05137e+16
      Equation: "ElectronContinuityEquation"	RelError: 2.06193e-04	AbsError: 2.05137e+16
      Equation: "HoleContinuityEquation"	RelError: 2.06278e-04	AbsError: 2.07340e-04
      Equation: "PotentialEquation"	RelError: 4.87149e-06	AbsError: 5.33887e-06
    Region: "oxide"	RelError: 1.78436e-02	AbsError: 1.58302e-02
      Equation: "PotentialEquation"	RelError: 1.78436e-02	AbsError: 1.58302e-02
Iteration: 1
  Device: "mos2d"	RelError: 3.93183e-01	AbsError: 3.62622e+15
    Region: "bulk"	RelError: 3.93086e-01	AbsError: 3.62622e+15
      Equation: "ElectronContinuityEquation"	RelError: 9.86542e-02	AbsError: 3.57516e+15
      Equation: "HoleContinuityEquation"	RelError: 2.88451e-01	AbsError: 5.10581e+13
      Equation: "PotentialEquation"	RelError: 5.98027e-03	AbsError: 8.28631e-05
    Region: "gate"	RelError: 2.17890e-06	AbsError: 1.05307e+14
      Equation: "ElectronContinuityEquation"	RelError: 1.05635e-06	AbsError: 1.05307e+14
      Equation: "HoleContinuityEquation"	RelError: 1.09712e-06	AbsError: 1.10054e-06
      Equation: "PotentialEquation"	RelError: 2.54323e-08	AbsError: 2.78736e-08
    Region: "oxide"	RelError: 9.49931e-05	AbsError: 8.28631e-05
      Equation: "PotentialEquation"	RelError: 9.49931e-05	AbsError: 8.28631e-05
Iteration: 2
  Device: "mos2d"	RelError: 7.81242e-04	AbsError: 1.63307e+12
    Region: "bulk"	RelError: 7.81217e-04	AbsError: 1.63307e+12
      Equation: "ElectronContinuityEquation"	RelError: 6.13802e-04	AbsError: 1.61284e+12
      Equation: "HoleContinuityEquation"	RelError: 1.66639e-04	AbsError: 2.02329e+10
      Equation: "PotentialEquation"	RelError: 7.76534e-07	AbsError: 2.12548e-08
    Region: "gate"	RelError: 4.85921e-10	AbsError: 2.39957e+10
      Equation: "ElectronContinuityEquation"	RelError: 2.40704e-10	AbsError: 2.39957e+10
      Equation: "HoleContinuityEquation"	RelError: 2.39545e-10	AbsError: 2.40290e-10
      Equation: "PotentialEquation"	RelError: 5.67195e-12	AbsError: 6.21642e-12
    Region: "oxide"	RelError: 2.39603e-08	AbsError: 2.12548e-08
      Equation: "PotentialEquation"	RelError: 2.39603e-08	AbsError: 2.12548e-08
Iteration: 3
  Device: "mos2d"	RelError: 6.07929e-09	AbsError: 2.89729e+05
    Region: "bulk"	RelError: 6.07929e-09	AbsError: 2.89729e+05
      Equation: "ElectronContinuityEquation"	RelError: 4.81033e-09	AbsError: 2.86599e+05
      Equation: "HoleContinuityEquation"	RelError: 1.26888e-09	AbsError: 3.12995e+03
      Equation: "PotentialEquation"	RelError: 8.15300e-14	AbsError: 2.93836e-15
    Region: "gate"	RelError: 3.64515e-16	AbsError: 7.98739e+03
      Equation: "ElectronContinuityEquation"	RelError: 7.98743e-17	AbsError: 7.98739e+03
      Equation: "HoleContinuityEquation"	RelError: 1.82921e-16	AbsError: 1.84346e-16
      Equation: "PotentialEquation"	RelError: 1.01720e-16	AbsError: 1.11469e-16
    Region: "oxide"	RelError: 3.31238e-15	AbsError: 2.93836e-15
      Equation: "PotentialEquation"	RelError: 3.31238e-15	AbsError: 2.93836e-15
Succeeded
IVPOINT	IDVD_VG1P0	5.00000000e-01	4.40000000e-01	1.29144880e-02
drain last end 4.400000e-01 2.000000e+00
number of equations 4295
Iteration: 0
  Device: "mos2d"	RelError: 3.94825e+00	AbsError: 5.51054e+16
    Region: "bulk"	RelError: 3.93048e+00	AbsError: 5.51054e+16
      Equation: "ElectronContinuityEquation"	RelError: 5.56354e-01	AbsError: 5.30284e+16
      Equation: "HoleContinuityEquation"	RelError: 1.36920e+00	AbsError: 2.07703e+15
      Equation: "PotentialEquation"	RelError: 2.00493e+00	AbsError: 2.00000e-02
    Region: "gate"	RelError: 4.13375e-04	AbsError: 2.03229e+16
      Equation: "ElectronContinuityEquation"	RelError: 2.04233e-04	AbsError: 2.03229e+16
      Equation: "HoleContinuityEquation"	RelError: 2.04317e-04	AbsError: 2.05327e-04
      Equation: "PotentialEquation"	RelError: 4.82515e-06	AbsError: 5.28810e-06
    Region: "oxide"	RelError: 1.73537e-02	AbsError: 1.56661e-02
      Equation: "PotentialEquation"	RelError: 1.73537e-02	AbsError: 1.56661e-02
Iteration: 1
  Device: "mos2d"	RelError: 3.44992e-01	AbsError: 3.44606e+15
    Region: "bulk"	RelError: 3.44903e-01	AbsError: 3.44606e+15
      Equation: "ElectronContinuityEquation"	RelError: 8.55212e-02	AbsError: 3.39287e+15
      Equation: "HoleContinuityEquation"	RelError: 2.57657e-01	AbsError: 5.31945e+13
      Equation: "PotentialEquation"	RelError: 1.72504e-03	AbsError: 7.80486e-05
    Region: "gate"	RelError: 2.03904e-06	AbsError: 9.84794e+13
      Equation: "ElectronContinuityEquation"	RelError: 9.87663e-07	AbsError: 9.84794e+13
      Equation: "HoleContinuityEquation"	RelError: 1.02758e-06	AbsError: 1.03057e-06
      Equation: "PotentialEquation"	RelError: 2.37997e-08	AbsError: 2.60844e-08
    Region: "oxide"	RelError: 8.70162e-05	AbsError: 7.80486e-05
      Equation: "PotentialEquation"	RelError: 8.70162e-05	AbsError: 7.80486e-05
Iteration: 2
  Device: "mos2d"	RelError: 1.13098e-03	AbsError: 1.51263e+12
    Region: "bulk"	RelError: 1.13096e-03	AbsError: 1.51263e+12
      Equation: "ElectronContinuityEquation"	RelError: 9.75886e-04	AbsError: 1.49012e+12
      Equation: "HoleContinuityEquation"	RelError: 1.54813e-04	AbsError: 2.25080e+10
      Equation: "PotentialEquation"	RelError: 2.59918e-07	AbsError: 2.23549e-08
    Region: "gate"	RelError: 4.44601e-10	AbsError: 2.19574e+10
      Equation: "ElectronContinuityEquation"	RelError: 2.20213e-10	AbsError: 2.19574e+10
      Equation: "HoleContinuityEquation"	RelError: 2.19198e-10	AbsError: 2.19837e-10
      Equation: "PotentialEquation"	RelError: 5.18954e-12	AbsError: 5.68773e-12
    Region: "oxide"	RelError: 2.16263e-08	AbsError: 1.95215e-08
      Equation: "PotentialEquation"	RelError: 2.16263e-08	AbsError: 1.95215e-08
Iteration: 3
  Device: "mos2d"	RelError: 4.96025e-09	AbsError: 2.52141e+05
    Region: "bulk"	RelError: 4.96025e-09	AbsError: 2.52141e+05
      Equation: "ElectronContinuityEquation"	RelError: 4.40148e-09	AbsError: 2.48286e+05
      Equation: "HoleContinuityEquation"	RelError: 5.58624e-10	AbsError: 3.85565e+03
      Equation: "PotentialEquation"	RelError: 1.46161e-13	AbsError: 3.35938e-15
    Region: "gate"	RelError: 4.71619e-16	AbsError: 8.14752e+03
      Equation: "ElectronContinuityEquation"	RelError: 8.21040e-17	AbsError: 8.14752e+03
      Equation: "HoleContinuityEquation"	RelError: 2.88203e-16	AbsError: 2.88204e-16
      Equation: "PotentialEquation"	RelError: 1.01311e-16	AbsError: 1.11045e-16
    Region: "oxide"	RelError: 2.86483e-15	AbsError: 2.58601e-15
      Equation: "PotentialEquation"	RelError: 2.86483e-15	AbsError: 2.58601e-15
Succeeded
IVPOINT	IDVD_VG1P0	5.00000000e-01	4.60000000e-01	1.35666813e-02
drain last end 4.600000e-01 2.000000e+00
number of equations 4295
Iteration: 0
  Device: "mos2d"	RelError: 3.88494e+00	AbsError: 4.83496e+16
    Region: "bulk"	RelError: 3.86764e+00	AbsError: 4.83496e+16
      Equation: "ElectronContinuityEquation"	RelError: 5.33655e-01	AbsError: 4.63181e+16
      Equation: "HoleContinuityEquation"	RelError: 1.34426e+00	AbsError: 2.03156e+15
      Equation: "PotentialEquation"	RelError: 1.98972e+00	AbsError: 2.00000e-02
    Region: "gate"	RelError: 4.09718e-04	AbsError: 2.01472e+16
      Equation: "ElectronContinuityEquation"	RelError: 2.02427e-04	AbsError: 2.01472e+16
      Equation: "HoleContinuityEquation"	RelError: 2.02509e-04	AbsError: 2.03469e-04
      Equation: "PotentialEquation"	RelError: 4.78243e-06	AbsError: 5.24132e-06
    Region: "oxide"	RelError: 1.68939e-02	AbsError: 1.55118e-02
      Equation: "PotentialEquation"	RelError: 1.68939e-02	AbsError: 1.55118e-02
Iteration: 1
  Device: "mos2d"	RelError: 3.29146e-01	AbsError: 3.21587e+15
    Region: "bulk"	RelError: 3.29065e-01	AbsError: 3.21587e+15
      Equation: "ElectronContinuityEquation"	RelError: 8.18835e-02	AbsError: 3.16120e+15
      Equation: "HoleContinuityEquation"	RelError: 2.45684e-01	AbsError: 5.46746e+13
      Equation: "PotentialEquation"	RelError: 1.49670e-03	AbsError: 7.26729e-05
    Region: "gate"	RelError: 1.88920e-06	AbsError: 9.11537e+13
      Equation: "ElectronContinuityEquation"	RelError: 9.14012e-07	AbsError: 9.11537e+13
      Equation: "HoleContinuityEquation"	RelError: 9.53139e-07	AbsError: 9.55727e-07
      Equation: "PotentialEquation"	RelError: 2.20506e-08	AbsError: 2.41676e-08
    Region: "oxide"	RelError: 7.91547e-05	AbsError: 7.26729e-05
      Equation: "PotentialEquation"	RelError: 7.91547e-05	AbsError: 7.26729e-05
Iteration: 2
  Device: "mos2d"	RelError: 1.64853e-03	AbsError: 1.33936e+12
    Region: "bulk"	RelError: 1.64851e-03	AbsError: 1.33936e+12
      Equation: "ElectronContinuityEquation"	RelError: 1.50354e-03	AbsError: 1.31517e+12
      Equation: "HoleContinuityEquation"	RelError: 1.44740e-04	AbsError: 2.41905e+10
      Equation: "PotentialEquation"	RelError: 2.26226e-07	AbsError: 2.35079e-08
    Region: "gate"	RelError: 3.88938e-10	AbsError: 1.92113e+10
      Equation: "ElectronContinuityEquation"	RelError: 1.92635e-10	AbsError: 1.92113e+10
      Equation: "HoleContinuityEquation"	RelError: 1.91764e-10	AbsError: 1.92284e-10
      Equation: "PotentialEquation"	RelError: 4.53985e-12	AbsError: 4.97570e-12
    Region: "oxide"	RelError: 1.86598e-08	AbsError: 1.71318e-08
      Equation: "PotentialEquation"	RelError: 1.86598e-08	AbsError: 1.71318e-08
Iteration: 3
  Device: "mos2d"	RelError: 4.55434e-09	AbsError: 1.98652e+05
    Region: "bulk"	RelError: 4.55434e-09	AbsError: 1.98652e+05
      Equation: "ElectronContinuityEquation"	RelError: 3.56275e-09	AbsError: 1.94155e+05
      Equation: "HoleContinuityEquation"	RelError: 9.91536e-10	AbsError: 4.49735e+03
      Equation: "PotentialEquation"	RelError: 4.70507e-14	AbsError: 3.62928e-15
    Region: "gate"	RelError: 3.95898e-16	AbsError: 9.11313e+03
      Equation: "ElectronContinuityEquation"	RelError: 9.13787e-17	AbsError: 9.11313e+03
      Equation: "HoleContinuityEquation"	RelError: 2.03229e-16	AbsError: 2.05007e-16
      Equation: "PotentialEquation"	RelError: 1.01291e-16	AbsError: 1.11022e-16
    Region: "oxide"	RelError: 2.40759e-15	AbsError: 2.21044e-15
      Equation: "PotentialEquation"	RelError: 2.40759e-15	AbsError: 2.21044e-15
Succeeded
IVPOINT	IDVD_VG1P0	5.00000000e-01	4.80000000e-01	1.42371230e-02
drain last end 4.800000e-01 2.000000e+00
number of equations 4295
Iteration: 0
  Device: "mos2d"	RelError: 4.19428e+00	AbsError: 4.38223e+16
    Region: "bulk"	RelError: 4.17741e+00	AbsError: 4.38223e+16
      Equation: "ElectronContinuityEquation"	RelError: 5.05886e-01	AbsError: 4.18436e+16
      Equation: "HoleContinuityEquation"	RelError: 1.31561e+00	AbsError: 1.97868e+15
      Equation: "PotentialEquation"	RelError: 2.35591e+00	AbsError: 2.00000e-02
    Region: "gate"	RelError: 4.06371e-04	AbsError: 1.99866e+16
      Equation: "ElectronContinuityEquation"	RelError: 2.00774e-04	AbsError: 1.99866e+16
      Equation: "HoleContinuityEquation"	RelError: 2.00854e-04	AbsError: 2.01766e-04
      Equation: "PotentialEquation"	RelError: 4.74335e-06	AbsError: 5.19851e-06
    Region: "oxide"	RelError: 1.64635e-02	AbsError: 1.53683e-02
      Equation: "PotentialEquation"	RelError: 1.64635e-02	AbsError: 1.53683e-02
Iteration: 1
  Device: "mos2d"	RelError: 3.22046e-01	AbsError: 2.95056e+15
    Region: "bulk"	RelError: 3.21973e-01	AbsError: 2.95056e+15
      Equation: "ElectronContinuityEquation"	RelError: 7.75283e-02	AbsError: 2.89507e+15
      Equation: "HoleContinuityEquation"	RelError: 2.40131e-01	AbsError: 5.54929e+13
      Equation: "PotentialEquation"	RelError: 4.31354e-03	AbsError: 7.24852e-05
    Region: "gate"	RelError: 1.73456e-06	AbsError: 8.35848e+13
      Equation: "ElectronContinuityEquation"	RelError: 8.37954e-07	AbsError: 8.35848e+13
      Equation: "HoleContinuityEquation"	RelError: 8.76356e-07	AbsError: 8.78564e-07
      Equation: "PotentialEquation"	RelError: 2.02455e-08	AbsError: 2.21893e-08
    Region: "oxide"	RelError: 7.17399e-05	AbsError: 6.69630e-05
      Equation: "PotentialEquation"	RelError: 7.17399e-05	AbsError: 6.69630e-05
Iteration: 2
  Device: "mos2d"	RelError: 2.27318e-03	AbsError: 1.13794e+12
    Region: "bulk"	RelError: 2.27316e-03	AbsError: 1.13794e+12
      Equation: "ElectronContinuityEquation"	RelError: 2.06639e-03	AbsError: 1.11276e+12
      Equation: "HoleContinuityEquation"	RelError: 2.06395e-04	AbsError: 2.51774e+10
      Equation: "PotentialEquation"	RelError: 3.75154e-07	AbsError: 2.42821e-08
    Region: "gate"	RelError: 3.25627e-10	AbsError: 1.60875e+10
      Equation: "ElectronContinuityEquation"	RelError: 1.61281e-10	AbsError: 1.60875e+10
      Equation: "HoleContinuityEquation"	RelError: 1.60546e-10	AbsError: 1.60950e-10
      Equation: "PotentialEquation"	RelError: 3.80095e-12	AbsError: 4.16588e-12
    Region: "oxide"	RelError: 1.54161e-08	AbsError: 1.43896e-08
      Equation: "PotentialEquation"	RelError: 1.54161e-08	AbsError: 1.43896e-08
Iteration: 3
  Device: "mos2d"	RelError: 7.41370e-09	AbsError: 1.45601e+05
    Region: "bulk"	RelError: 7.41369e-09	AbsError: 1.45601e+05
      Equation: "ElectronContinuityEquation"	RelError: 5.78450e-09	AbsError: 1.40771e+05
      Equation: "HoleContinuityEquation"	RelError: 1.62914e-09	AbsError: 4.83024e+03
      Equation: "PotentialEquation"	RelError: 4.58621e-14	AbsError: 3.89540e-15
    Region: "gate"	RelError: 4.30902e-16	AbsError: 8.11515e+03
      Equation: "ElectronContinuityEquation"	RelError: 8.11515e-17	AbsError: 8.11515e+03
      Equation: "HoleContinuityEquation"	RelError: 2.48460e-16	AbsError: 2.49588e-16
      Equation: "PotentialEquation"	RelError: 1.01291e-16	AbsError: 1.11022e-16
    Region: "oxide"	RelError: 1.68562e-15	AbsError: 1.57338e-15
      Equation: "PotentialEquation"	RelError: 1.68562e-15	AbsError: 1.57338e-15
Succeeded
IVPOINT	IDVD_VG1P0	5.00000000e-01	5.00000000e-01	1.49261391e-02
drain last end 5.000000e-01 2.000000e+00
number of equations 4295
Iteration: 0
  Device: "mos2d"	RelError: 3.63716e+00	AbsError: 4.41966e+16
    Region: "bulk"	RelError: 3.62069e+00	AbsError: 4.41966e+16
      Equation: "ElectronContinuityEquation"	RelError: 4.80313e-01	AbsError: 4.22304e+16
      Equation: "HoleContinuityEquation"	RelError: 1.28861e+00	AbsError: 1.96626e+15
      Equation: "PotentialEquation"	RelError: 1.85177e+00	AbsError: 2.00000e-02
    Region: "gate"	RelError: 4.03329e-04	AbsError: 1.98410e+16
      Equation: "ElectronContinuityEquation"	RelError: 1.99271e-04	AbsError: 1.98410e+16
      Equation: "HoleContinuityEquation"	RelError: 1.99351e-04	AbsError: 2.00216e-04
      Equation: "PotentialEquation"	RelError: 4.70782e-06	AbsError: 5.15960e-06
    Region: "oxide"	RelError: 1.60611e-02	AbsError: 1.52364e-02
      Equation: "PotentialEquation"	RelError: 1.60611e-02	AbsError: 1.52364e-02
Iteration: 1
  Device: "mos2d"	RelError: 3.14086e-01	AbsError: 2.66512e+15
    Region: "bulk"	RelError: 3.14020e-01	AbsError: 2.66512e+15
      Equation: "ElectronContinuityEquation"	RelError: 7.23608e-02	AbsError: 2.60946e+15
      Equation: "HoleContinuityEquation"	RelError: 2.35985e-01	AbsError: 5.56594e+13
      Equation: "PotentialEquation"	RelError: 5.67382e-03	AbsError: 7.24978e-05
    Region: "gate"	RelError: 1.58012e-06	AbsError: 7.60198e+13
      Equation: "ElectronContinuityEquation"	RelError: 7.61967e-07	AbsError: 7.60198e+13
      Equation: "HoleContinuityEquation"	RelError: 7.99710e-07	AbsError: 8.01570e-07
      Equation: "PotentialEquation"	RelError: 1.84429e-08	AbsError: 2.02136e-08
    Region: "oxide"	RelError: 6.44554e-05	AbsError: 6.11417e-05
      Equation: "PotentialEquation"	RelError: 6.44554e-05	AbsError: 6.11417e-05
Iteration: 2
  Device: "mos2d"	RelError: 2.78097e-03	AbsError: 9.30872e+11
    Region: "bulk"	RelError: 2.78095e-03	AbsError: 9.30872e+11
      Equation: "ElectronContinuityEquation"	RelError: 2.50100e-03	AbsError: 9.05457e+11
      Equation: "HoleContinuityEquation"	RelError: 2.78895e-04	AbsError: 2.54147e+10
      Equation: "PotentialEquation"	RelError: 1.05832e-06	AbsError: 2.46241e-08
    Region: "gate"	RelError: 2.61056e-10	AbsError: 1.29009e+10
      Equation: "ElectronContinuityEquation"	RelError: 1.29309e-10	AbsError: 1.29009e+10
      Equation: "HoleContinuityEquation"	RelError: 1.28699e-10	AbsError: 1.28999e-10
      Equation: "PotentialEquation"	RelError: 3.04723e-12	AbsError: 3.33981e-12
    Region: "oxide"	RelError: 1.22090e-08	AbsError: 1.15813e-08
      Equation: "PotentialEquation"	RelError: 1.22090e-08	AbsError: 1.15813e-08
Iteration: 3
  Device: "mos2d"	RelError: 2.64323e-08	AbsError: 9.88198e+04
    Region: "bulk"	RelError: 2.64323e-08	AbsError: 9.88198e+04
      Equation: "ElectronContinuityEquation"	RelError: 2.51593e-08	AbsError: 9.39137e+04
      Equation: "HoleContinuityEquation"	RelError: 1.27300e-09	AbsError: 4.90603e+03
      Equation: "PotentialEquation"	RelError: 4.38362e-14	AbsError: 3.99896e-15
    Region: "gate"	RelError: 4.22695e-16	AbsError: 8.15644e+03
      Equation: "ElectronContinuityEquation"	RelError: 8.15644e-17	AbsError: 8.15644e+03
      Equation: "HoleContinuityEquation"	RelError: 2.39826e-16	AbsError: 2.40384e-16
      Equation: "PotentialEquation"	RelError: 1.01305e-16	AbsError: 1.11037e-16
    Region: "oxide"	RelError: 1.10930e-15	AbsError: 1.05227e-15
      Equation: "PotentialEquation"	RelError: 1.10930e-15	AbsError: 1.05227e-15
Succeeded
IVPOINT	IDVD_VG1P0	5.00000000e-01	5.20000000e-01	1.56340603e-02
drain last end 5.200000e-01 2.000000e+00
number of equations 4295
Iteration: 0
  Device: "mos2d"	RelError: 4.32509e+00	AbsError: 4.44152e+16
    Region: "bulk"	RelError: 4.30901e+00	AbsError: 4.44152e+16
      Equation: "ElectronContinuityEquation"	RelError: 4.64805e-01	AbsError: 4.24422e+16
      Equation: "HoleContinuityEquation"	RelError: 1.26118e+00	AbsError: 1.97304e+15
      Equation: "PotentialEquation"	RelError: 2.58302e+00	AbsError: 2.00000e-02
    Region: "gate"	RelError: 4.00580e-04	AbsError: 1.97097e+16
      Equation: "ElectronContinuityEquation"	RelError: 1.97913e-04	AbsError: 1.97097e+16
      Equation: "HoleContinuityEquation"	RelError: 1.97992e-04	AbsError: 1.98812e-04
      Equation: "PotentialEquation"	RelError: 4.67571e-06	AbsError: 5.12443e-06
    Region: "oxide"	RelError: 1.56853e-02	AbsError: 1.51160e-02
      Equation: "PotentialEquation"	RelError: 1.56853e-02	AbsError: 1.51160e-02
Iteration: 1
  Device: "mos2d"	RelError: 3.04677e-01	AbsError: 2.37327e+15
    Region: "bulk"	RelError: 3.04618e-01	AbsError: 2.37327e+15
      Equation: "ElectronContinuityEquation"	RelError: 6.66385e-02	AbsError: 2.31807e+15
      Equation: "HoleContinuityEquation"	RelError: 2.29667e-01	AbsError: 5.52000e+13
      Equation: "PotentialEquation"	RelError: 8.31306e-03	AbsError: 7.20093e-05
    Region: "gate"	RelError: 1.43033e-06	AbsError: 6.86776e+13
      Equation: "ElectronContinuityEquation"	RelError: 6.88241e-07	AbsError: 6.86776e+13
      Equation: "HoleContinuityEquation"	RelError: 7.25390e-07	AbsError: 7.26938e-07
      Equation: "PotentialEquation"	RelError: 1.66944e-08	AbsError: 1.82974e-08
    Region: "oxide"	RelError: 5.74985e-05	AbsError: 5.54084e-05
      Equation: "PotentialEquation"	RelError: 5.74985e-05	AbsError: 5.54084e-05
Iteration: 2
  Device: "mos2d"	RelError: 3.01074e-03	AbsError: 7.35538e+11
    Region: "bulk"	RelError: 3.01073e-03	AbsError: 7.35538e+11
      Equation: "ElectronContinuityEquation"	RelError: 2.66394e-03	AbsError: 7.10633e+11
      Equation: "HoleContinuityEquation"	RelError: 3.45144e-04	AbsError: 2.49054e+10
      Equation: "PotentialEquation"	RelError: 1.64263e-06	AbsError: 2.45100e-08
    Region: "gate"	RelError: 2.00338e-10	AbsError: 9.90380e+09
      Equation: "ElectronContinuityEquation"	RelError: 9.92494e-11	AbsError: 9.90380e+09
      Equation: "HoleContinuityEquation"	RelError: 9.87498e-11	AbsError: 9.89605e-11
      Equation: "PotentialEquation"	RelError: 2.33839e-12	AbsError: 2.56292e-12
    Region: "oxide"	RelError: 9.27186e-09	AbsError: 8.93483e-09
      Equation: "PotentialEquation"	RelError: 9.27186e-09	AbsError: 8.93483e-09
Iteration: 3
  Device: "mos2d"	RelError: 1.66350e-08	AbsError: 6.26948e+04
    Region: "bulk"	RelError: 1.66350e-08	AbsError: 6.26948e+04
      Equation: "ElectronContinuityEquation"	RelError: 1.12304e-08	AbsError: 5.79877e+04
      Equation: "HoleContinuityEquation"	RelError: 5.40448e-09	AbsError: 4.70709e+03
      Equation: "PotentialEquation"	RelError: 1.65146e-13	AbsError: 3.93564e-15
    Region: "gate"	RelError: 5.33176e-16	AbsError: 7.97209e+03
      Equation: "ElectronContinuityEquation"	RelError: 7.98108e-17	AbsError: 7.97209e+03
      Equation: "HoleContinuityEquation"	RelError: 3.52074e-16	AbsError: 3.54101e-16
      Equation: "PotentialEquation"	RelError: 1.01291e-16	AbsError: 1.11022e-16
    Region: "oxide"	RelError: 6.09548e-16	AbsError: 5.87391e-16
      Equation: "PotentialEquation"	RelError: 6.09548e-16	AbsError: 5.87391e-16
Succeeded
IVPOINT	IDVD_VG1P0	5.00000000e-01	5.40000000e-01	1.63612187e-02
drain last end 5.400000e-01 2.000000e+00
number of equations 4295
Iteration: 0
  Device: "mos2d"	RelError: 6.08328e+00	AbsError: 4.44592e+16
    Region: "bulk"	RelError: 6.06754e+00	AbsError: 4.44592e+16
      Equation: "ElectronContinuityEquation"	RelError: 4.50270e-01	AbsError: 4.24838e+16
      Equation: "HoleContinuityEquation"	RelError: 1.24796e+00	AbsError: 1.97538e+15
      Equation: "PotentialEquation"	RelError: 4.36932e+00	AbsError: 2.00000e-02
    Region: "gate"	RelError: 3.98107e-04	AbsError: 1.95919e+16
      Equation: "ElectronContinuityEquation"	RelError: 1.96692e-04	AbsError: 1.95919e+16
      Equation: "HoleContinuityEquation"	RelError: 1.96769e-04	AbsError: 1.97545e-04
      Equation: "PotentialEquation"	RelError: 4.64683e-06	AbsError: 5.09279e-06
    Region: "oxide"	RelError: 1.53344e-02	AbsError: 1.50071e-02
      Equation: "PotentialEquation"	RelError: 1.53344e-02	AbsError: 1.50071e-02
Iteration: 1
  Device: "mos2d"	RelError: 3.00309e-01	AbsError: 2.08651e+15
    Region: "bulk"	RelError: 3.00257e-01	AbsError: 2.08651e+15
      Equation: "ElectronContinuityEquation"	RelError: 6.31906e-02	AbsError: 2.03235e+15
      Equation: "HoleContinuityEquation"	RelError: 2.26822e-01	AbsError: 5.41556e+13
      Equation: "PotentialEquation"	RelError: 1.02442e-02	AbsError: 7.10239e-05
    Region: "gate"	RelError: 1.28874e-06	AbsError: 6.17341e+13
      Equation: "ElectronContinuityEquation"	RelError: 6.18541e-07	AbsError: 6.17341e+13
      Equation: "HoleContinuityEquation"	RelError: 6.55156e-07	AbsError: 6.56428e-07
      Equation: "PotentialEquation"	RelError: 1.50418e-08	AbsError: 1.64861e-08
    Region: "oxide"	RelError: 5.10177e-05	AbsError: 4.99263e-05
      Equation: "PotentialEquation"	RelError: 5.10177e-05	AbsError: 4.99263e-05
Iteration: 2
  Device: "mos2d"	RelError: 3.09650e-03	AbsError: 5.63049e+11
    Region: "bulk"	RelError: 3.09650e-03	AbsError: 5.63049e+11
      Equation: "ElectronContinuityEquation"	RelError: 2.70179e-03	AbsError: 5.39339e+11
      Equation: "HoleContinuityEquation"	RelError: 3.93532e-04	AbsError: 2.37103e+10
      Equation: "PotentialEquation"	RelError: 1.17074e-06	AbsError: 2.39485e-08
    Region: "gate"	RelError: 1.46857e-10	AbsError: 7.26331e+09
      Equation: "ElectronContinuityEquation"	RelError: 7.27742e-11	AbsError: 7.26331e+09
      Equation: "HoleContinuityEquation"	RelError: 7.23687e-11	AbsError: 7.25093e-11
      Equation: "PotentialEquation"	RelError: 1.71415e-12	AbsError: 1.87875e-12
    Region: "oxide"	RelError: 6.74475e-09	AbsError: 6.60046e-09
      Equation: "PotentialEquation"	RelError: 6.74475e-09	AbsError: 6.60046e-09
Iteration: 3
  Device: "mos2d"	RelError: 2.12702e-08	AbsError: 3.76205e+04
    Region: "bulk"	RelError: 2.12702e-08	AbsError: 3.76205e+04
      Equation: "ElectronContinuityEquation"	RelError: 1.30253e-08	AbsError: 3.33576e+04
      Equation: "HoleContinuityEquation"	RelError: 8.24474e-09	AbsError: 4.26287e+03
      Equation: "PotentialEquation"	RelError: 1.19815e-13	AbsError: 3.83827e-15
    Region: "gate"	RelError: 3.47505e-16	AbsError: 7.96878e+03
      Equation: "ElectronContinuityEquation"	RelError: 8.06112e-17	AbsError: 7.96878e+03
      Equation: "HoleContinuityEquation"	RelError: 1.65603e-16	AbsError: 1.65603e-16
      Equation: "PotentialEquation"	RelError: 1.01291e-16	AbsError: 1.11022e-16
    Region: "oxide"	RelError: 3.15618e-16	AbsError: 3.08866e-16
      Equation: "PotentialEquation"	RelError: 3.15618e-16	AbsError: 3.08866e-16
Succeeded
IVPOINT	IDVD_VG1P0	5.00000000e-01	5.60000000e-01	1.71079449e-02
drain last end 5.600000e-01 2.000000e+00
number of equations 4295
Iteration: 0
  Device: "mos2d"	RelError: 7.22110e+00	AbsError: 4.43357e+16
    Region: "bulk"	RelError: 7.20570e+00	AbsError: 4.43357e+16
      Equation: "ElectronContinuityEquation"	RelError: 4.38245e-01	AbsError: 4.23627e+16
      Equation: "HoleContinuityEquation"	RelError: 1.22012e+00	AbsError: 1.97301e+15
      Equation: "PotentialEquation"	RelError: 5.54734e+00	AbsError: 2.00000e-02
    Region: "gate"	RelError: 3.95889e-04	AbsError: 1.94865e+16
      Equation: "ElectronContinuityEquation"	RelError: 1.95596e-04	AbsError: 1.94865e+16
      Equation: "HoleContinuityEquation"	RelError: 1.95672e-04	AbsError: 1.96406e-04
      Equation: "PotentialEquation"	RelError: 4.62091e-06	AbsError: 5.06441e-06
    Region: "oxide"	RelError: 1.50063e-02	AbsError: 1.49090e-02
      Equation: "PotentialEquation"	RelError: 1.50063e-02	AbsError: 1.49090e-02
Iteration: 1
  Device: "mos2d"	RelError: 2.98293e-01	AbsError: 1.81367e+15
    Region: "bulk"	RelError: 2.98247e-01	AbsError: 1.81367e+15
      Equation: "ElectronContinuityEquation"	RelError: 6.05640e-02	AbsError: 1.76109e+15
      Equation: "HoleContinuityEquation"	RelError: 2.23249e-01	AbsError: 5.25809e+13
      Equation: "PotentialEquation"	RelError: 1.44338e-02	AbsError: 6.95645e-05
    Region: "gate"	RelError: 1.15792e-06	AbsError: 5.53164e+13
      Equation: "ElectronContinuityEquation"	RelError: 5.54133e-07	AbsError: 5.53164e+13
      Equation: "HoleContinuityEquation"	RelError: 5.90271e-07	AbsError: 5.91306e-07
      Equation: "PotentialEquation"	RelError: 1.35148e-08	AbsError: 1.48126e-08
    Region: "oxide"	RelError: 4.51107e-05	AbsError: 4.48162e-05
      Equation: "PotentialEquation"	RelError: 4.51107e-05	AbsError: 4.48162e-05
Iteration: 2
  Device: "mos2d"	RelError: 3.07768e-03	AbsError: 4.18630e+11
    Region: "bulk"	RelError: 3.07767e-03	AbsError: 4.18630e+11
      Equation: "ElectronContinuityEquation"	RelError: 2.65219e-03	AbsError: 3.96689e+11
      Equation: "HoleContinuityEquation"	RelError: 4.23445e-04	AbsError: 2.19416e+10
      Equation: "PotentialEquation"	RelError: 2.04459e-06	AbsError: 2.29803e-08
    Region: "gate"	RelError: 1.02286e-10	AbsError: 5.06209e+09
      Equation: "ElectronContinuityEquation"	RelError: 5.07096e-11	AbsError: 5.06209e+09
      Equation: "HoleContinuityEquation"	RelError: 5.03822e-11	AbsError: 5.04705e-11
      Equation: "PotentialEquation"	RelError: 1.19389e-12	AbsError: 1.30854e-12
    Region: "oxide"	RelError: 4.68292e-09	AbsError: 4.65234e-09
      Equation: "PotentialEquation"	RelError: 4.68292e-09	AbsError: 4.65234e-09
Iteration: 3
  Device: "mos2d"	RelError: 2.74316e-08	AbsError: 2.16275e+04
    Region: "bulk"	RelError: 2.74316e-08	AbsError: 2.16275e+04
      Equation: "ElectronContinuityEquation"	RelError: 2.28962e-08	AbsError: 1.80026e+04
      Equation: "HoleContinuityEquation"	RelError: 4.53527e-09	AbsError: 3.62496e+03
      Equation: "PotentialEquation"	RelError: 1.32972e-13	AbsError: 3.51303e-15
    Region: "gate"	RelError: 4.04676e-16	AbsError: 8.06208e+03
      Equation: "ElectronContinuityEquation"	RelError: 8.06208e-17	AbsError: 8.06208e+03
      Equation: "HoleContinuityEquation"	RelError: 2.22765e-16	AbsError: 2.24666e-16
      Equation: "PotentialEquation"	RelError: 1.01291e-16	AbsError: 1.11022e-16
    Region: "oxide"	RelError: 3.40714e-16	AbsError: 1.98499e-16
      Equation: "PotentialEquation"	RelError: 3.40714e-16	AbsError: 1.98499e-16
Succeeded
IVPOINT	IDVD_VG1P0	5.00000000e-01	5.80000000e-01	1.78745649e-02
drain last end 5.800000e-01 2.000000e+00
number of equations 4295
Iteration: 0
  Device: "mos2d"	RelError: 4.38645e+00	AbsError: 4.40742e+16
    Region: "bulk"	RelError: 4.37135e+00	AbsError: 4.40742e+16
      Equation: "ElectronContinuityEquation"	RelError: 4.34749e-01	AbsError: 4.20886e+16
      Equation: "HoleContinuityEquation"	RelError: 1.20285e+00	AbsError: 1.98565e+15
      Equation: "PotentialEquation"	RelError: 2.73375e+00	AbsError: 2.00000e-02
    Region: "gate"	RelError: 3.93902e-04	AbsError: 1.93925e+16
      Equation: "ElectronContinuityEquation"	RelError: 1.94614e-04	AbsError: 1.93925e+16
      Equation: "HoleContinuityEquation"	RelError: 1.94690e-04	AbsError: 1.95382e-04
      Equation: "PotentialEquation"	RelError: 4.59769e-06	AbsError: 5.03899e-06
    Region: "oxide"	RelError: 1.46991e-02	AbsError: 1.48210e-02
      Equation: "PotentialEquation"	RelError: 1.46991e-02	AbsError: 1.48210e-02
Iteration: 1
  Device: "mos2d"	RelError: 2.84097e-01	AbsError: 1.56083e+15
    Region: "bulk"	RelError: 2.84056e-01	AbsError: 1.56083e+15
      Equation: "ElectronContinuityEquation"	RelError: 5.75017e-02	AbsError: 1.51029e+15
      Equation: "HoleContinuityEquation"	RelError: 2.17473e-01	AbsError: 5.05423e+13
      Equation: "PotentialEquation"	RelError: 9.08110e-03	AbsError: 6.76710e-05
    Region: "gate"	RelError: 1.03944e-06	AbsError: 4.95026e+13
      Equation: "ElectronContinuityEquation"	RelError: 4.95800e-07	AbsError: 4.95026e+13
      Equation: "HoleContinuityEquation"	RelError: 5.31512e-07	AbsError: 5.32343e-07
      Equation: "PotentialEquation"	RelError: 1.21320e-08	AbsError: 1.32971e-08
    Region: "oxide"	RelError: 3.98280e-05	AbsError: 4.01566e-05
      Equation: "PotentialEquation"	RelError: 3.98280e-05	AbsError: 4.01566e-05
Iteration: 2
  Device: "mos2d"	RelError: 2.82557e-03	AbsError: 3.02929e+11
    Region: "bulk"	RelError: 2.82557e-03	AbsError: 3.02929e+11
      Equation: "ElectronContinuityEquation"	RelError: 2.38379e-03	AbsError: 2.83181e+11
      Equation: "HoleContinuityEquation"	RelError: 4.39735e-04	AbsError: 1.97485e+10
      Equation: "PotentialEquation"	RelError: 2.04007e-06	AbsError: 2.16717e-08
    Region: "gate"	RelError: 6.69056e-11	AbsError: 3.31424e+09
      Equation: "ElectronContinuityEquation"	RelError: 3.31942e-11	AbsError: 3.31424e+09
      Equation: "HoleContinuityEquation"	RelError: 3.29303e-11	AbsError: 3.29818e-11
      Equation: "PotentialEquation"	RelError: 7.81107e-13	AbsError: 8.56120e-13
    Region: "oxide"	RelError: 3.07791e-09	AbsError: 3.10331e-09
      Equation: "PotentialEquation"	RelError: 3.07791e-09	AbsError: 3.10331e-09
Iteration: 3
  Device: "mos2d"	RelError: 2.02784e-08	AbsError: 1.29684e+04
    Region: "bulk"	RelError: 2.02784e-08	AbsError: 1.29684e+04
      Equation: "ElectronContinuityEquation"	RelError: 1.34730e-08	AbsError: 1.00226e+04
      Equation: "HoleContinuityEquation"	RelError: 6.80519e-09	AbsError: 2.94584e+03
      Equation: "PotentialEquation"	RelError: 2.33061e-13	AbsError: 3.03419e-15
    Region: "gate"	RelError: 5.06872e-16	AbsError: 7.79898e+03
      Equation: "ElectronContinuityEquation"	RelError: 7.87045e-17	AbsError: 7.79898e+03
      Equation: "HoleContinuityEquation"	RelError: 3.26869e-16	AbsError: 3.29865e-16
      Equation: "PotentialEquation"	RelError: 1.01298e-16	AbsError: 1.11030e-16
    Region: "oxide"	RelError: 1.65722e-16	AbsError: 1.01556e-16
      Equation: "PotentialEquation"	RelError: 1.65722e-16	AbsError: 1.01556e-16
Succeeded
IVPOINT	IDVD_VG1P0	5.00000000e-01	6.00000000e-01	1.86613975e-02
drain last end 6.000000e-01 2.000000e+00
number of equations 4295
Iteration: 0
  Device: "mos2d"	RelError: 3.46587e+00	AbsError: 4.36804e+16
    Region: "bulk"	RelError: 3.45107e+00	AbsError: 4.36804e+16
      Equation: "ElectronContinuityEquation"	RelError: 4.30483e-01	AbsError: 4.16723e+16
      Equation: "HoleContinuityEquation"	RelError: 1.18527e+00	AbsError: 2.00809e+15
      Equation: "PotentialEquation"	RelError: 1.83532e+00	AbsError: 2.00000e-02
    Region: "gate"	RelError: 3.92121e-04	AbsError: 1.93085e+16
      Equation: "ElectronContinuityEquation"	RelError: 1.93734e-04	AbsError: 1.93085e+16
      Equation: "HoleContinuityEquation"	RelError: 1.93809e-04	AbsError: 1.94461e-04
      Equation: "PotentialEquation"	RelError: 4.57689e-06	AbsError: 5.01621e-06
    Region: "oxide"	RelError: 1.44108e-02	AbsError: 1.47421e-02
      Equation: "PotentialEquation"	RelError: 1.44108e-02	AbsError: 1.47421e-02
Iteration: 1
  Device: "mos2d"	RelError: 2.78746e-01	AbsError: 1.33174e+15
    Region: "bulk"	RelError: 2.78710e-01	AbsError: 1.33174e+15
      Equation: "ElectronContinuityEquation"	RelError: 5.66581e-02	AbsError: 1.28347e+15
      Equation: "HoleContinuityEquation"	RelError: 2.15360e-01	AbsError: 4.82640e+13
      Equation: "PotentialEquation"	RelError: 6.69254e-03	AbsError: 6.53980e-05
    Region: "gate"	RelError: 9.34006e-07	AbsError: 4.43277e+13
      Equation: "ElectronContinuityEquation"	RelError: 4.43887e-07	AbsError: 4.43277e+13
      Equation: "HoleContinuityEquation"	RelError: 4.79218e-07	AbsError: 4.79878e-07
      Equation: "PotentialEquation"	RelError: 1.09013e-08	AbsError: 1.19482e-08
    Region: "oxide"	RelError: 3.51801e-05	AbsError: 3.59877e-05
      Equation: "PotentialEquation"	RelError: 3.51801e-05	AbsError: 3.59877e-05
Iteration: 2
  Device: "mos2d"	RelError: 2.59942e-03	AbsError: 2.16129e+11
    Region: "bulk"	RelError: 2.59942e-03	AbsError: 2.16129e+11
      Equation: "ElectronContinuityEquation"	RelError: 2.15043e-03	AbsError: 1.96318e+11
      Equation: "HoleContinuityEquation"	RelError: 4.47284e-04	AbsError: 1.98110e+10
      Equation: "PotentialEquation"	RelError: 1.70379e-06	AbsError: 2.03326e-08
    Region: "gate"	RelError: 4.00576e-11	AbsError: 1.98742e+09
      Equation: "ElectronContinuityEquation"	RelError: 1.99015e-11	AbsError: 1.98742e+09
      Equation: "HoleContinuityEquation"	RelError: 1.96884e-11	AbsError: 1.97155e-11
      Equation: "PotentialEquation"	RelError: 4.67699e-13	AbsError: 5.12616e-13
    Region: "oxide"	RelError: 1.88161e-09	AbsError: 1.92481e-09
      Equation: "PotentialEquation"	RelError: 1.88161e-09	AbsError: 1.92481e-09
Iteration: 3
  Device: "mos2d"	RelError: 2.65740e-08	AbsError: 1.65155e+04
    Region: "bulk"	RelError: 2.65740e-08	AbsError: 1.65155e+04
      Equation: "ElectronContinuityEquation"	RelError: 1.79858e-08	AbsError: 1.33141e+04
      Equation: "HoleContinuityEquation"	RelError: 8.58794e-09	AbsError: 3.20143e+03
      Equation: "PotentialEquation"	RelError: 2.25110e-13	AbsError: 2.89030e-15
    Region: "gate"	RelError: 3.03631e-16	AbsError: 8.12834e+03
      Equation: "ElectronContinuityEquation"	RelError: 8.12834e-17	AbsError: 8.12834e+03
      Equation: "HoleContinuityEquation"	RelError: 1.21056e-16	AbsError: 1.21223e-16
      Equation: "PotentialEquation"	RelError: 1.01291e-16	AbsError: 1.11022e-16
    Region: "oxide"	RelError: 4.05380e-16	AbsError: 3.18449e-16
      Equation: "PotentialEquation"	RelError: 4.05380e-16	AbsError: 3.18449e-16
Succeeded
IVPOINT	IDVD_VG1P0	5.00000000e-01	6.20000000e-01	1.94687516e-02
drain last end 6.200000e-01 2.000000e+00
number of equations 4295
Iteration: 0
  Device: "mos2d"	RelError: 6.94698e+00	AbsError: 4.31512e+16
    Region: "bulk"	RelError: 6.93245e+00	AbsError: 4.31512e+16
      Equation: "ElectronContinuityEquation"	RelError: 4.25149e-01	AbsError: 4.11256e+16
      Equation: "HoleContinuityEquation"	RelError: 1.17076e+00	AbsError: 2.02566e+15
      Equation: "PotentialEquation"	RelError: 5.33654e+00	AbsError: 2.00000e-02
    Region: "gate"	RelError: 3.90522e-04	AbsError: 1.92335e+16
      Equation: "ElectronContinuityEquation"	RelError: 1.92944e-04	AbsError: 1.92335e+16
      Equation: "HoleContinuityEquation"	RelError: 1.93019e-04	AbsError: 1.93630e-04
      Equation: "PotentialEquation"	RelError: 4.55820e-06	AbsError: 4.99575e-06
    Region: "oxide"	RelError: 1.41394e-02	AbsError: 1.46714e-02
      Equation: "PotentialEquation"	RelError: 1.41394e-02	AbsError: 1.46714e-02
Iteration: 1
  Device: "mos2d"	RelError: 2.75264e-01	AbsError: 1.13166e+15
    Region: "bulk"	RelError: 2.75232e-01	AbsError: 1.13166e+15
      Equation: "ElectronContinuityEquation"	RelError: 5.59380e-02	AbsError: 1.08211e+15
      Equation: "HoleContinuityEquation"	RelError: 2.11766e-01	AbsError: 4.95459e+13
      Equation: "PotentialEquation"	RelError: 7.52887e-03	AbsError: 6.33519e-05
    Region: "gate"	RelError: 8.41585e-07	AbsError: 3.97912e+13
      Equation: "ElectronContinuityEquation"	RelError: 3.98385e-07	AbsError: 3.97912e+13
      Equation: "HoleContinuityEquation"	RelError: 4.33377e-07	AbsError: 4.33892e-07
      Equation: "PotentialEquation"	RelError: 9.82254e-09	AbsError: 1.07659e-08
    Region: "oxide"	RelError: 3.11473e-05	AbsError: 3.23183e-05
      Equation: "PotentialEquation"	RelError: 3.11473e-05	AbsError: 3.23183e-05
Iteration: 2
  Device: "mos2d"	RelError: 2.76254e-03	AbsError: 1.53590e+11
    Region: "bulk"	RelError: 2.76254e-03	AbsError: 1.53590e+11
      Equation: "ElectronContinuityEquation"	RelError: 2.31134e-03	AbsError: 1.32076e+11
      Equation: "HoleContinuityEquation"	RelError: 4.49350e-04	AbsError: 2.15133e+10
      Equation: "PotentialEquation"	RelError: 1.85228e-06	AbsError: 2.07536e-08
    Region: "gate"	RelError: 2.05699e-11	AbsError: 1.02392e+09
      Equation: "ElectronContinuityEquation"	RelError: 1.02514e-11	AbsError: 1.02392e+09
      Equation: "HoleContinuityEquation"	RelError: 1.00784e-11	AbsError: 1.00904e-11
      Equation: "PotentialEquation"	RelError: 2.40127e-13	AbsError: 2.63190e-13
    Region: "oxide"	RelError: 1.02720e-09	AbsError: 1.06582e-09
      Equation: "PotentialEquation"	RelError: 1.02720e-09	AbsError: 1.06582e-09
Iteration: 3
  Device: "mos2d"	RelError: 7.96485e-08	AbsError: 2.72500e+04
    Region: "bulk"	RelError: 7.96485e-08	AbsError: 2.72500e+04
      Equation: "ElectronContinuityEquation"	RelError: 6.21049e-08	AbsError: 2.34798e+04
      Equation: "HoleContinuityEquation"	RelError: 1.75431e-08	AbsError: 3.77018e+03
      Equation: "PotentialEquation"	RelError: 5.07604e-13	AbsError: 3.04033e-15
    Region: "gate"	RelError: 3.57481e-16	AbsError: 8.12839e+03
      Equation: "ElectronContinuityEquation"	RelError: 8.12839e-17	AbsError: 8.12839e+03
      Equation: "HoleContinuityEquation"	RelError: 1.74453e-16	AbsError: 1.76473e-16
      Equation: "PotentialEquation"	RelError: 1.01744e-16	AbsError: 1.11495e-16
    Region: "oxide"	RelError: 4.82829e-16	AbsError: 2.88480e-16
      Equation: "PotentialEquation"	RelError: 4.82829e-16	AbsError: 2.88480e-16
Succeeded
IVPOINT	IDVD_VG1P0	5.00000000e-01	6.40000000e-01	2.02969244e-02
drain last end 6.400000e-01 2.000000e+00
number of equations 4295
Iteration: 0
  Device: "mos2d"	RelError: 3.40292e+00	AbsError: 4.24979e+16
    Region: "bulk"	RelError: 3.38865e+00	AbsError: 4.24979e+16
      Equation: "ElectronContinuityEquation"	RelError: 4.18334e-01	AbsError: 4.04599e+16
      Equation: "HoleContinuityEquation"	RelError: 1.14652e+00	AbsError: 2.03798e+15
      Equation: "PotentialEquation"	RelError: 1.82379e+00	AbsError: 2.00000e-02
    Region: "gate"	RelError: 3.89080e-04	AbsError: 1.91662e+16
      Equation: "ElectronContinuityEquation"	RelError: 1.92232e-04	AbsError: 1.91662e+16
      Equation: "HoleContinuityEquation"	RelError: 1.92306e-04	AbsError: 1.92878e-04
      Equation: "PotentialEquation"	RelError: 4.54135e-06	AbsError: 4.97731e-06
    Region: "oxide"	RelError: 1.38832e-02	AbsError: 1.46079e-02
      Equation: "PotentialEquation"	RelError: 1.38832e-02	AbsError: 1.46079e-02
Iteration: 1
  Device: "mos2d"	RelError: 2.69634e-01	AbsError: 9.56490e+14
    Region: "bulk"	RelError: 2.69605e-01	AbsError: 9.56490e+14
      Equation: "ElectronContinuityEquation"	RelError: 5.50662e-02	AbsError: 9.06088e+14
      Equation: "HoleContinuityEquation"	RelError: 2.08679e-01	AbsError: 5.04024e+13
      Equation: "PotentialEquation"	RelError: 5.85982e-03	AbsError: 6.29327e-05
    Region: "gate"	RelError: 7.61625e-07	AbsError: 3.58665e+13
      Equation: "ElectronContinuityEquation"	RelError: 3.59025e-07	AbsError: 3.58665e+13
      Equation: "HoleContinuityEquation"	RelError: 3.93711e-07	AbsError: 3.94106e-07
      Equation: "PotentialEquation"	RelError: 8.88925e-09	AbsError: 9.74305e-09
    Region: "oxide"	RelError: 2.76887e-05	AbsError: 2.91334e-05
      Equation: "PotentialEquation"	RelError: 2.76887e-05	AbsError: 2.91334e-05
Iteration: 2
  Device: "mos2d"	RelError: 2.77831e-03	AbsError: 1.08543e+11
    Region: "bulk"	RelError: 2.77831e-03	AbsError: 1.08543e+11
      Equation: "ElectronContinuityEquation"	RelError: 2.32940e-03	AbsError: 8.59934e+10
      Equation: "HoleContinuityEquation"	RelError: 4.47778e-04	AbsError: 2.25497e+10
      Equation: "PotentialEquation"	RelError: 1.13091e-06	AbsError: 2.07268e-08
    Region: "gate"	RelError: 7.77580e-12	AbsError: 3.81798e+08
      Equation: "ElectronContinuityEquation"	RelError: 3.83749e-12	AbsError: 3.81798e+08
      Equation: "HoleContinuityEquation"	RelError: 3.84757e-12	AbsError: 3.86723e-12
      Equation: "PotentialEquation"	RelError: 9.07456e-14	AbsError: 9.94520e-14
    Region: "oxide"	RelError: 4.45668e-10	AbsError: 4.67570e-10
      Equation: "PotentialEquation"	RelError: 4.45668e-10	AbsError: 4.67570e-10
Iteration: 3
  Device: "mos2d"	RelError: 2.99322e-08	AbsError: 1.27829e+04
    Region: "bulk"	RelError: 2.99322e-08	AbsError: 1.27829e+04
      Equation: "ElectronContinuityEquation"	RelError: 1.91678e-08	AbsError: 8.67572e+03
      Equation: "HoleContinuityEquation"	RelError: 1.07643e-08	AbsError: 4.10718e+03
      Equation: "PotentialEquation"	RelError: 9.90768e-14	AbsError: 3.11694e-15
    Region: "gate"	RelError: 3.53169e-16	AbsError: 8.18058e+03
      Equation: "ElectronContinuityEquation"	RelError: 8.18058e-17	AbsError: 8.18058e+03
      Equation: "HoleContinuityEquation"	RelError: 1.69969e-16	AbsError: 1.70474e-16
      Equation: "PotentialEquation"	RelError: 1.01395e-16	AbsError: 1.11136e-16
    Region: "oxide"	RelError: 2.24059e-16	AbsError: 2.07278e-16
      Equation: "PotentialEquation"	RelError: 2.24059e-16	AbsError: 2.07278e-16
Succeeded
IVPOINT	IDVD_VG1P0	5.00000000e-01	6.60000000e-01	2.11462001e-02
drain last end 6.600000e-01 2.000000e+00
number of equations 4295
Iteration: 0
  Device: "mos2d"	RelError: 3.72710e+00	AbsError: 4.17316e+16
    Region: "bulk"	RelError: 3.71307e+00	AbsError: 4.17316e+16
      Equation: "ElectronContinuityEquation"	RelError: 4.09484e-01	AbsError: 3.96868e+16
      Equation: "HoleContinuityEquation"	RelError: 1.12175e+00	AbsError: 2.04473e+15
      Equation: "PotentialEquation"	RelError: 2.18184e+00	AbsError: 2.00000e-02
    Region: "gate"	RelError: 3.87774e-04	AbsError: 1.91056e+16
      Equation: "ElectronContinuityEquation"	RelError: 1.91587e-04	AbsError: 1.91056e+16
      Equation: "HoleContinuityEquation"	RelError: 1.91661e-04	AbsError: 1.92194e-04
      Equation: "PotentialEquation"	RelError: 4.52609e-06	AbsError: 4.96061e-06
    Region: "oxide"	RelError: 1.36404e-02	AbsError: 1.45506e-02
      Equation: "PotentialEquation"	RelError: 1.36404e-02	AbsError: 1.45506e-02
Iteration: 1
  Device: "mos2d"	RelError: 2.63309e-01	AbsError: 8.04770e+14
    Region: "bulk"	RelError: 2.63283e-01	AbsError: 8.04770e+14
      Equation: "ElectronContinuityEquation"	RelError: 5.39887e-02	AbsError: 7.54201e+14
      Equation: "HoleContinuityEquation"	RelError: 2.02613e-01	AbsError: 5.05683e+13
      Equation: "PotentialEquation"	RelError: 6.68149e-03	AbsError: 6.20315e-05
    Region: "gate"	RelError: 6.93211e-07	AbsError: 3.25089e+13
      Equation: "ElectronContinuityEquation"	RelError: 3.25355e-07	AbsError: 3.25089e+13
      Equation: "HoleContinuityEquation"	RelError: 3.59766e-07	AbsError: 3.60060e-07
      Equation: "PotentialEquation"	RelError: 8.09073e-09	AbsError: 8.86787e-09
    Region: "oxide"	RelError: 2.47508e-05	AbsError: 2.64017e-05
      Equation: "PotentialEquation"	RelError: 2.47508e-05	AbsError: 2.64017e-05
Iteration: 2
  Device: "mos2d"	RelError: 2.62925e-03	AbsError: 7.67182e+10
    Region: "bulk"	RelError: 2.62925e-03	AbsError: 7.67182e+10
      Equation: "ElectronContinuityEquation"	RelError: 2.18448e-03	AbsError: 5.38569e+10
      Equation: "HoleContinuityEquation"	RelError: 4.43530e-04	AbsError: 2.28612e+10
      Equation: "PotentialEquation"	RelError: 1.24101e-06	AbsError: 2.02411e-08
    Region: "gate"	RelError: 9.25685e-12	AbsError: 4.54753e+08
      Equation: "ElectronContinuityEquation"	RelError: 4.57028e-12	AbsError: 4.54753e+08
      Equation: "HoleContinuityEquation"	RelError: 4.57844e-12	AbsError: 4.60135e-12
      Equation: "PotentialEquation"	RelError: 1.08125e-13	AbsError: 1.18499e-13
    Region: "oxide"	RelError: 4.88202e-10	AbsError: 3.71026e-10
      Equation: "PotentialEquation"	RelError: 4.88202e-10	AbsError: 3.71026e-10
Iteration: 3
  Device: "mos2d"	RelError: 4.47165e-08	AbsError: 1.68791e+04
    Region: "bulk"	RelError: 4.47165e-08	AbsError: 1.68791e+04
      Equation: "ElectronContinuityEquation"	RelError: 2.59529e-08	AbsError: 1.27533e+04
      Equation: "HoleContinuityEquation"	RelError: 1.87634e-08	AbsError: 4.12579e+03
      Equation: "PotentialEquation"	RelError: 2.01214e-13	AbsError: 3.16318e-15
    Region: "gate"	RelError: 3.84633e-16	AbsError: 7.92745e+03
      Equation: "ElectronContinuityEquation"	RelError: 7.92749e-17	AbsError: 7.92745e+03
      Equation: "HoleContinuityEquation"	RelError: 2.04067e-16	AbsError: 2.05481e-16
      Equation: "PotentialEquation"	RelError: 1.01291e-16	AbsError: 1.11022e-16
    Region: "oxide"	RelError: 3.01325e-16	AbsError: 1.35807e-16
      Equation: "PotentialEquation"	RelError: 3.01325e-16	AbsError: 1.35807e-16
Succeeded
IVPOINT	IDVD_VG1P0	5.00000000e-01	6.80000000e-01	2.20168481e-02
drain last end 6.800000e-01 2.000000e+00
number of equations 4295
Iteration: 0
  Device: "mos2d"	RelError: 3.94017e+00	AbsError: 4.08628e+16
    Region: "bulk"	RelError: 3.92637e+00	AbsError: 4.08628e+16
      Equation: "ElectronContinuityEquation"	RelError: 4.04760e-01	AbsError: 3.88172e+16
      Equation: "HoleContinuityEquation"	RelError: 1.11125e+00	AbsError: 2.04561e+15
      Equation: "PotentialEquation"	RelError: 2.41036e+00	AbsError: 2.00000e-02
    Region: "gate"	RelError: 3.86584e-04	AbsError: 1.90505e+16
      Equation: "ElectronContinuityEquation"	RelError: 1.90999e-04	AbsError: 1.90505e+16
      Equation: "HoleContinuityEquation"	RelError: 1.91072e-04	AbsError: 1.91567e-04
      Equation: "PotentialEquation"	RelError: 4.51218e-06	AbsError: 4.94538e-06
    Region: "oxide"	RelError: 1.34098e-02	AbsError: 1.44986e-02
      Equation: "PotentialEquation"	RelError: 1.34098e-02	AbsError: 1.44986e-02
Iteration: 1
  Device: "mos2d"	RelError: 2.56045e-01	AbsError: 6.74609e+14
    Region: "bulk"	RelError: 2.56022e-01	AbsError: 6.74609e+14
      Equation: "ElectronContinuityEquation"	RelError: 5.26352e-02	AbsError: 6.24563e+14
      Equation: "HoleContinuityEquation"	RelError: 1.99924e-01	AbsError: 5.00455e+13
      Equation: "PotentialEquation"	RelError: 3.46331e-03	AbsError: 6.06752e-05
    Region: "gate"	RelError: 6.35215e-07	AbsError: 2.96632e+13
      Equation: "ElectronContinuityEquation"	RelError: 2.96820e-07	AbsError: 2.96632e+13
      Equation: "HoleContinuityEquation"	RelError: 3.30981e-07	AbsError: 3.31191e-07
      Equation: "PotentialEquation"	RelError: 7.41380e-09	AbsError: 8.12595e-09
    Region: "oxide"	RelError: 2.22736e-05	AbsError: 2.40817e-05
      Equation: "PotentialEquation"	RelError: 2.22736e-05	AbsError: 2.40817e-05
Iteration: 2
  Device: "mos2d"	RelError: 2.33087e-03	AbsError: 5.45028e+10
    Region: "bulk"	RelError: 2.33087e-03	AbsError: 5.45028e+10
      Equation: "ElectronContinuityEquation"	RelError: 1.89344e-03	AbsError: 3.20503e+10
      Equation: "HoleContinuityEquation"	RelError: 4.37073e-04	AbsError: 2.24525e+10
      Equation: "PotentialEquation"	RelError: 3.59115e-07	AbsError: 1.93214e-08
    Region: "gate"	RelError: 1.18300e-11	AbsError: 5.79347e+08
      Equation: "ElectronContinuityEquation"	RelError: 5.80849e-12	AbsError: 5.79347e+08
      Equation: "HoleContinuityEquation"	RelError: 5.88339e-12	AbsError: 5.89864e-12
      Equation: "PotentialEquation"	RelError: 1.38112e-13	AbsError: 1.51372e-13
    Region: "oxide"	RelError: 5.03173e-10	AbsError: 4.29443e-10
      Equation: "PotentialEquation"	RelError: 5.03173e-10	AbsError: 4.29443e-10
Iteration: 3
  Device: "mos2d"	RelError: 4.92723e-08	AbsError: 1.96044e+04
    Region: "bulk"	RelError: 4.92723e-08	AbsError: 1.96044e+04
      Equation: "ElectronContinuityEquation"	RelError: 3.30186e-08	AbsError: 1.56580e+04
      Equation: "HoleContinuityEquation"	RelError: 1.62534e-08	AbsError: 3.94641e+03
      Equation: "PotentialEquation"	RelError: 3.02275e-13	AbsError: 2.94301e-15
    Region: "gate"	RelError: 3.18017e-16	AbsError: 8.15584e+03
      Equation: "ElectronContinuityEquation"	RelError: 8.19578e-17	AbsError: 8.15584e+03
      Equation: "HoleContinuityEquation"	RelError: 1.34769e-16	AbsError: 1.35925e-16
      Equation: "PotentialEquation"	RelError: 1.01291e-16	AbsError: 1.11022e-16
    Region: "oxide"	RelError: 5.10273e-16	AbsError: 3.14634e-16
      Equation: "PotentialEquation"	RelError: 5.10273e-16	AbsError: 3.14634e-16
Succeeded
IVPOINT	IDVD_VG1P0	5.00000000e-01	7.00000000e-01	2.29091226e-02
drain last end 7.000000e-01 2.000000e+00
number of equations 4295
Iteration: 0
  Device: "mos2d"	RelError: 2.71023e+00	AbsError: 3.99019e+16
    Region: "bulk"	RelError: 2.69666e+00	AbsError: 3.99019e+16
      Equation: "ElectronContinuityEquation"	RelError: 4.01614e-01	AbsError: 3.78614e+16
      Equation: "HoleContinuityEquation"	RelError: 1.09561e+00	AbsError: 2.04043e+15
      Equation: "PotentialEquation"	RelError: 1.19943e+00	AbsError: 2.00000e-02
    Region: "gate"	RelError: 3.85490e-04	AbsError: 1.90003e+16
      Equation: "ElectronContinuityEquation"	RelError: 1.90459e-04	AbsError: 1.90003e+16
      Equation: "HoleContinuityEquation"	RelError: 1.90532e-04	AbsError: 1.90989e-04
      Equation: "PotentialEquation"	RelError: 4.49939e-06	AbsError: 4.93139e-06
    Region: "oxide"	RelError: 1.31899e-02	AbsError: 1.44512e-02
      Equation: "PotentialEquation"	RelError: 1.31899e-02	AbsError: 1.44512e-02
Iteration: 1
  Device: "mos2d"	RelError: 2.51814e-01	AbsError: 5.63792e+14
    Region: "bulk"	RelError: 2.51793e-01	AbsError: 5.63792e+14
      Equation: "ElectronContinuityEquation"	RelError: 5.09197e-02	AbsError: 5.14923e+14
      Equation: "HoleContinuityEquation"	RelError: 1.97136e-01	AbsError: 4.88685e+13
      Equation: "PotentialEquation"	RelError: 3.73734e-03	AbsError: 5.89102e-05
    Region: "gate"	RelError: 5.86409e-07	AbsError: 2.72694e+13
      Equation: "ElectronContinuityEquation"	RelError: 2.72816e-07	AbsError: 2.72694e+13
      Equation: "HoleContinuityEquation"	RelError: 3.06749e-07	AbsError: 3.06886e-07
      Equation: "PotentialEquation"	RelError: 6.84413e-09	AbsError: 7.50160e-09
    Region: "oxide"	RelError: 2.01959e-05	AbsError: 2.21267e-05
      Equation: "PotentialEquation"	RelError: 2.01959e-05	AbsError: 2.21267e-05
Iteration: 2
  Device: "mos2d"	RelError: 1.93967e-03	AbsError: 4.28745e+10
    Region: "bulk"	RelError: 1.93967e-03	AbsError: 4.28745e+10
      Equation: "ElectronContinuityEquation"	RelError: 1.51039e-03	AbsError: 2.14841e+10
      Equation: "HoleContinuityEquation"	RelError: 4.28609e-04	AbsError: 2.13905e+10
      Equation: "PotentialEquation"	RelError: 6.72742e-07	AbsError: 1.80268e-08
    Region: "gate"	RelError: 1.32159e-11	AbsError: 6.48318e+08
      Equation: "ElectronContinuityEquation"	RelError: 6.49875e-12	AbsError: 6.48318e+08
      Equation: "HoleContinuityEquation"	RelError: 6.56293e-12	AbsError: 6.57869e-12
      Equation: "PotentialEquation"	RelError: 1.54182e-13	AbsError: 1.68985e-13
    Region: "oxide"	RelError: 4.96397e-10	AbsError: 4.64947e-10
      Equation: "PotentialEquation"	RelError: 4.96397e-10	AbsError: 4.64947e-10
Iteration: 3
  Device: "mos2d"	RelError: 1.59286e-07	AbsError: 1.73740e+04
    Region: "bulk"	RelError: 1.59286e-07	AbsError: 1.73740e+04
      Equation: "ElectronContinuityEquation"	RelError: 1.47783e-07	AbsError: 1.38245e+04
      Equation: "HoleContinuityEquation"	RelError: 1.15030e-08	AbsError: 3.54958e+03
      Equation: "PotentialEquation"	RelError: 1.39342e-13	AbsError: 2.59026e-15
    Region: "gate"	RelError: 3.28209e-16	AbsError: 7.98668e+03
      Equation: "ElectronContinuityEquation"	RelError: 8.05507e-17	AbsError: 7.98668e+03
      Equation: "HoleContinuityEquation"	RelError: 1.46289e-16	AbsError: 1.46990e-16
      Equation: "PotentialEquation"	RelError: 1.01370e-16	AbsError: 1.11109e-16
    Region: "oxide"	RelError: 2.26352e-16	AbsError: 1.19338e-16
      Equation: "PotentialEquation"	RelError: 2.26352e-16	AbsError: 1.19338e-16
Succeeded
IVPOINT	IDVD_VG1P0	5.00000000e-01	7.20000000e-01	2.38232624e-02
drain last end 7.200000e-01 2.000000e+00
number of equations 4295
Iteration: 0
  Device: "mos2d"	RelError: 7.22965e+00	AbsError: 3.88583e+16
    Region: "bulk"	RelError: 7.21629e+00	AbsError: 3.88583e+16
      Equation: "ElectronContinuityEquation"	RelError: 3.98112e-01	AbsError: 3.68292e+16
      Equation: "HoleContinuityEquation"	RelError: 1.08707e+00	AbsError: 2.02903e+15
      Equation: "PotentialEquation"	RelError: 5.73111e+00	AbsError: 2.00000e-02
    Region: "gate"	RelError: 3.84478e-04	AbsError: 1.89540e+16
      Equation: "ElectronContinuityEquation"	RelError: 1.89959e-04	AbsError: 1.89540e+16
      Equation: "HoleContinuityEquation"	RelError: 1.90031e-04	AbsError: 1.90452e-04
      Equation: "PotentialEquation"	RelError: 4.48756e-06	AbsError: 4.91844e-06
    Region: "oxide"	RelError: 1.29796e-02	AbsError: 1.44075e-02
      Equation: "PotentialEquation"	RelError: 1.29796e-02	AbsError: 1.44075e-02
Iteration: 1
  Device: "mos2d"	RelError: 2.62062e-01	AbsError: 5.91577e+14
    Region: "bulk"	RelError: 2.62043e-01	AbsError: 5.91577e+14
      Equation: "ElectronContinuityEquation"	RelError: 5.00720e-02	AbsError: 5.44476e+14
      Equation: "HoleContinuityEquation"	RelError: 1.94865e-01	AbsError: 4.71010e+13
      Equation: "PotentialEquation"	RelError: 1.71058e-02	AbsError: 5.68002e-05
    Region: "gate"	RelError: 5.45551e-07	AbsError: 2.52664e+13
      Equation: "ElectronContinuityEquation"	RelError: 2.52731e-07	AbsError: 2.52664e+13
      Equation: "HoleContinuityEquation"	RelError: 2.86453e-07	AbsError: 2.86529e-07
      Equation: "PotentialEquation"	RelError: 6.36724e-09	AbsError: 6.97892e-09
    Region: "oxide"	RelError: 1.84585e-05	AbsError: 2.04888e-05
      Equation: "PotentialEquation"	RelError: 1.84585e-05	AbsError: 2.04888e-05
Iteration: 2
  Device: "mos2d"	RelError: 1.52953e-03	AbsError: 3.43925e+10
    Region: "bulk"	RelError: 1.52953e-03	AbsError: 3.43925e+10
      Equation: "ElectronContinuityEquation"	RelError: 1.10832e-03	AbsError: 1.45994e+10
      Equation: "HoleContinuityEquation"	RelError: 4.18194e-04	AbsError: 1.97931e+10
      Equation: "PotentialEquation"	RelError: 3.01364e-06	AbsError: 1.64444e-08
    Region: "gate"	RelError: 1.31835e-11	AbsError: 6.47268e+08
      Equation: "ElectronContinuityEquation"	RelError: 6.48699e-12	AbsError: 6.47268e+08
      Equation: "HoleContinuityEquation"	RelError: 6.54279e-12	AbsError: 6.55726e-12
      Equation: "PotentialEquation"	RelError: 1.53725e-13	AbsError: 1.68485e-13
    Region: "oxide"	RelError: 4.72953e-10	AbsError: 4.57367e-10
      Equation: "PotentialEquation"	RelError: 4.72953e-10	AbsError: 4.57367e-10
Iteration: 3
  Device: "mos2d"	RelError: 1.08829e-07	AbsError: 1.16493e+04
    Region: "bulk"	RelError: 1.08829e-07	AbsError: 1.16493e+04
      Equation: "ElectronContinuityEquation"	RelError: 8.44966e-08	AbsError: 8.64132e+03
      Equation: "HoleContinuityEquation"	RelError: 2.43325e-08	AbsError: 3.00802e+03
      Equation: "PotentialEquation"	RelError: 2.79893e-13	AbsError: 2.23501e-15
    Region: "gate"	RelError: 3.74216e-16	AbsError: 8.14705e+03
      Equation: "ElectronContinuityEquation"	RelError: 8.15297e-17	AbsError: 8.14705e+03
      Equation: "HoleContinuityEquation"	RelError: 1.91395e-16	AbsError: 1.93135e-16
      Equation: "PotentialEquation"	RelError: 1.01291e-16	AbsError: 1.11022e-16
    Region: "oxide"	RelError: 2.13101e-16	AbsError: 1.19396e-16
      Equation: "PotentialEquation"	RelError: 2.13101e-16	AbsError: 1.19396e-16
Succeeded
IVPOINT	IDVD_VG1P0	5.00000000e-01	7.40000000e-01	2.47594900e-02
drain last end 7.400000e-01 2.000000e+00
number of equations 4295
Iteration: 0
  Device: "mos2d"	RelError: 1.09456e+01	AbsError: 3.77411e+16
    Region: "bulk"	RelError: 1.09324e+01	AbsError: 3.77411e+16
      Equation: "ElectronContinuityEquation"	RelError: 3.94190e-01	AbsError: 3.57298e+16
      Equation: "HoleContinuityEquation"	RelError: 1.06847e+00	AbsError: 2.01136e+15
      Equation: "PotentialEquation"	RelError: 9.46976e+00	AbsError: 2.00000e-02
    Region: "gate"	RelError: 3.83534e-04	AbsError: 1.89111e+16
      Equation: "ElectronContinuityEquation"	RelError: 1.89493e-04	AbsError: 1.89111e+16
      Equation: "HoleContinuityEquation"	RelError: 1.89565e-04	AbsError: 1.89948e-04
      Equation: "PotentialEquation"	RelError: 4.47652e-06	AbsError: 4.90637e-06
    Region: "oxide"	RelError: 1.27779e-02	AbsError: 1.43670e-02
      Equation: "PotentialEquation"	RelError: 1.27779e-02	AbsError: 1.43670e-02
Iteration: 1
  Device: "mos2d"	RelError: 2.64675e-01	AbsError: 6.19294e+14
    Region: "bulk"	RelError: 2.64658e-01	AbsError: 6.19294e+14
      Equation: "ElectronContinuityEquation"	RelError: 4.94686e-02	AbsError: 5.74463e+14
      Equation: "HoleContinuityEquation"	RelError: 1.92531e-01	AbsError: 4.48303e+13
      Equation: "PotentialEquation"	RelError: 2.26579e-02	AbsError: 5.44216e-05
    Region: "gate"	RelError: 5.11444e-07	AbsError: 2.35955e+13
      Equation: "ElectronContinuityEquation"	RelError: 2.35974e-07	AbsError: 2.35955e+13
      Equation: "HoleContinuityEquation"	RelError: 2.69501e-07	AbsError: 2.69523e-07
      Equation: "PotentialEquation"	RelError: 5.96914e-09	AbsError: 6.54261e-09
    Region: "oxide"	RelError: 1.70066e-05	AbsError: 1.91211e-05
      Equation: "PotentialEquation"	RelError: 1.70066e-05	AbsError: 1.91211e-05
Iteration: 2
  Device: "mos2d"	RelError: 1.43774e-03	AbsError: 2.61415e+10
    Region: "bulk"	RelError: 1.43774e-03	AbsError: 2.61415e+10
      Equation: "ElectronContinuityEquation"	RelError: 1.03073e-03	AbsError: 8.33044e+09
      Equation: "HoleContinuityEquation"	RelError: 4.05805e-04	AbsError: 1.78111e+10
      Equation: "PotentialEquation"	RelError: 1.20121e-06	AbsError: 1.46780e-08
    Region: "gate"	RelError: 1.21587e-11	AbsError: 5.97199e+08
      Equation: "ElectronContinuityEquation"	RelError: 5.98406e-12	AbsError: 5.97199e+08
      Equation: "HoleContinuityEquation"	RelError: 6.03281e-12	AbsError: 6.04501e-12
      Equation: "PotentialEquation"	RelError: 1.41845e-13	AbsError: 1.55465e-13
    Region: "oxide"	RelError: 4.37207e-10	AbsError: 4.15951e-10
      Equation: "PotentialEquation"	RelError: 4.37207e-10	AbsError: 4.15951e-10
Iteration: 3
  Device: "mos2d"	RelError: 3.56278e-08	AbsError: 1.05273e+04
    Region: "bulk"	RelError: 3.56278e-08	AbsError: 1.05273e+04
      Equation: "ElectronContinuityEquation"	RelError: 2.98936e-08	AbsError: 8.10718e+03
      Equation: "HoleContinuityEquation"	RelError: 5.73370e-09	AbsError: 2.42015e+03
      Equation: "PotentialEquation"	RelError: 5.59479e-13	AbsError: 1.77028e-15
    Region: "gate"	RelError: 3.89369e-16	AbsError: 8.15653e+03
      Equation: "ElectronContinuityEquation"	RelError: 8.15653e-17	AbsError: 8.15653e+03
      Equation: "HoleContinuityEquation"	RelError: 2.06450e-16	AbsError: 2.07396e-16
      Equation: "PotentialEquation"	RelError: 1.01354e-16	AbsError: 1.11091e-16
    Region: "oxide"	RelError: 1.79555e-16	AbsError: 1.71280e-16
      Equation: "PotentialEquation"	RelError: 1.79555e-16	AbsError: 1.71280e-16
Succeeded
IVPOINT	IDVD_VG1P0	5.00000000e-01	7.60000000e-01	2.57180125e-02
drain last end 7.600000e-01 2.000000e+00
number of equations 4295
Iteration: 0
  Device: "mos2d"	RelError: 1.05621e+01	AbsError: 3.65592e+16
    Region: "bulk"	RelError: 1.05491e+01	AbsError: 3.65592e+16
      Equation: "ElectronContinuityEquation"	RelError: 3.90973e-01	AbsError: 3.45718e+16
      Equation: "HoleContinuityEquation"	RelError: 1.05372e+00	AbsError: 1.98743e+15
      Equation: "PotentialEquation"	RelError: 9.10442e+00	AbsError: 2.00000e-02
    Region: "gate"	RelError: 3.82646e-04	AbsError: 1.88709e+16
      Equation: "ElectronContinuityEquation"	RelError: 1.89054e-04	AbsError: 1.88709e+16
      Equation: "HoleContinuityEquation"	RelError: 1.89126e-04	AbsError: 1.89472e-04
      Equation: "PotentialEquation"	RelError: 4.46614e-06	AbsError: 4.89501e-06
    Region: "oxide"	RelError: 1.25841e-02	AbsError: 1.43291e-02
      Equation: "PotentialEquation"	RelError: 1.25841e-02	AbsError: 1.43291e-02
Iteration: 1
  Device: "mos2d"	RelError: 2.56909e-01	AbsError: 6.42436e+14
    Region: "bulk"	RelError: 2.56892e-01	AbsError: 6.42436e+14
      Equation: "ElectronContinuityEquation"	RelError: 4.88027e-02	AbsError: 6.00276e+14
      Equation: "HoleContinuityEquation"	RelError: 1.87869e-01	AbsError: 4.21597e+13
      Equation: "PotentialEquation"	RelError: 2.02205e-02	AbsError: 5.18578e-05
    Region: "gate"	RelError: 4.82969e-07	AbsError: 2.22017e+13
      Equation: "ElectronContinuityEquation"	RelError: 2.21995e-07	AbsError: 2.22017e+13
      Equation: "HoleContinuityEquation"	RelError: 2.55338e-07	AbsError: 2.55313e-07
      Equation: "PotentialEquation"	RelError: 5.63678e-09	AbsError: 6.17835e-09
    Region: "oxide"	RelError: 1.57902e-05	AbsError: 1.79795e-05
      Equation: "PotentialEquation"	RelError: 1.57902e-05	AbsError: 1.79795e-05
Iteration: 2
  Device: "mos2d"	RelError: 1.68154e-03	AbsError: 2.15919e+10
    Region: "bulk"	RelError: 1.68154e-03	AbsError: 2.15919e+10
      Equation: "ElectronContinuityEquation"	RelError: 1.28793e-03	AbsError: 5.98509e+09
      Equation: "HoleContinuityEquation"	RelError: 3.91382e-04	AbsError: 1.56068e+10
      Equation: "PotentialEquation"	RelError: 2.21927e-06	AbsError: 1.28356e-08
    Region: "gate"	RelError: 1.04656e-11	AbsError: 5.14052e+08
      Equation: "ElectronContinuityEquation"	RelError: 5.14993e-12	AbsError: 5.14052e+08
      Equation: "HoleContinuityEquation"	RelError: 5.19366e-12	AbsError: 5.20317e-12
      Equation: "PotentialEquation"	RelError: 1.22058e-13	AbsError: 1.33779e-13
    Region: "oxide"	RelError: 3.92892e-10	AbsError: 3.52021e-10
      Equation: "PotentialEquation"	RelError: 3.92892e-10	AbsError: 3.52021e-10
Iteration: 3
  Device: "mos2d"	RelError: 8.77159e-08	AbsError: 1.39081e+04
    Region: "bulk"	RelError: 8.77159e-08	AbsError: 1.39081e+04
      Equation: "ElectronContinuityEquation"	RelError: 6.33084e-08	AbsError: 1.20565e+04
      Equation: "HoleContinuityEquation"	RelError: 2.44073e-08	AbsError: 1.85162e+03
      Equation: "PotentialEquation"	RelError: 2.00731e-13	AbsError: 1.62748e-15
    Region: "gate"	RelError: 3.78469e-16	AbsError: 8.15125e+03
      Equation: "ElectronContinuityEquation"	RelError: 8.15125e-17	AbsError: 8.15125e+03
      Equation: "HoleContinuityEquation"	RelError: 1.95665e-16	AbsError: 1.97277e-16
      Equation: "PotentialEquation"	RelError: 1.01291e-16	AbsError: 1.11022e-16
    Region: "oxide"	RelError: 1.84886e-16	AbsError: 1.95261e-16
      Equation: "PotentialEquation"	RelError: 1.84886e-16	AbsError: 1.95261e-16
Succeeded
IVPOINT	IDVD_VG1P0	5.00000000e-01	7.80000000e-01	2.66990215e-02
drain last end 7.800000e-01 2.000000e+00
number of equations 4295
Iteration: 0
  Device: "mos2d"	RelError: 2.56209e+00	AbsError: 3.53209e+16
    Region: "bulk"	RelError: 2.54931e+00	AbsError: 3.53209e+16
      Equation: "ElectronContinuityEquation"	RelError: 3.87569e-01	AbsError: 3.33635e+16
      Equation: "HoleContinuityEquation"	RelError: 1.04167e+00	AbsError: 1.95734e+15
      Equation: "PotentialEquation"	RelError: 1.12007e+00	AbsError: 2.00000e-02
    Region: "gate"	RelError: 3.81806e-04	AbsError: 1.88330e+16
      Equation: "ElectronContinuityEquation"	RelError: 1.88639e-04	AbsError: 1.88330e+16
      Equation: "HoleContinuityEquation"	RelError: 1.88710e-04	AbsError: 1.89020e-04
      Equation: "PotentialEquation"	RelError: 4.45631e-06	AbsError: 4.88426e-06
    Region: "oxide"	RelError: 1.23974e-02	AbsError: 1.42935e-02
      Equation: "PotentialEquation"	RelError: 1.23974e-02	AbsError: 1.42935e-02
Iteration: 1
  Device: "mos2d"	RelError: 2.36637e-01	AbsError: 6.61278e+14
    Region: "bulk"	RelError: 2.36622e-01	AbsError: 6.61278e+14
      Equation: "ElectronContinuityEquation"	RelError: 4.80487e-02	AbsError: 6.22078e+14
      Equation: "HoleContinuityEquation"	RelError: 1.86208e-01	AbsError: 3.91998e+13
      Equation: "PotentialEquation"	RelError: 2.36473e-03	AbsError: 4.91938e-05
    Region: "gate"	RelError: 4.59109e-07	AbsError: 2.10349e+13
      Equation: "ElectronContinuityEquation"	RelError: 2.10290e-07	AbsError: 2.10349e+13
      Equation: "HoleContinuityEquation"	RelError: 2.43461e-07	AbsError: 2.43392e-07
      Equation: "PotentialEquation"	RelError: 5.35828e-09	AbsError: 5.87312e-09
    Region: "oxide"	RelError: 1.47655e-05	AbsError: 1.70235e-05
      Equation: "PotentialEquation"	RelError: 1.47655e-05	AbsError: 1.70235e-05
Iteration: 2
  Device: "mos2d"	RelError: 1.92310e-03	AbsError: 1.86314e+10
    Region: "bulk"	RelError: 1.92310e-03	AbsError: 1.86314e+10
      Equation: "ElectronContinuityEquation"	RelError: 1.54800e-03	AbsError: 5.29719e+09
      Equation: "HoleContinuityEquation"	RelError: 3.74855e-04	AbsError: 1.33342e+10
      Equation: "PotentialEquation"	RelError: 2.45635e-07	AbsError: 1.10169e-08
    Region: "gate"	RelError: 8.34824e-12	AbsError: 4.09875e+08
      Equation: "ElectronContinuityEquation"	RelError: 4.10549e-12	AbsError: 4.09875e+08
      Equation: "HoleContinuityEquation"	RelError: 4.14537e-12	AbsError: 4.15218e-12
      Equation: "PotentialEquation"	RelError: 9.73843e-14	AbsError: 1.06736e-13
    Region: "oxide"	RelError: 3.43180e-10	AbsError: 2.74022e-10
      Equation: "PotentialEquation"	RelError: 3.43180e-10	AbsError: 2.74022e-10
Iteration: 3
  Device: "mos2d"	RelError: 4.04949e-08	AbsError: 1.55907e+04
    Region: "bulk"	RelError: 4.04949e-08	AbsError: 1.55907e+04
      Equation: "ElectronContinuityEquation"	RelError: 2.50768e-08	AbsError: 1.42618e+04
      Equation: "HoleContinuityEquation"	RelError: 1.54180e-08	AbsError: 1.32897e+03
      Equation: "PotentialEquation"	RelError: 3.97051e-14	AbsError: 1.98175e-15
    Region: "gate"	RelError: 4.43042e-16	AbsError: 8.36660e+03
      Equation: "ElectronContinuityEquation"	RelError: 8.40315e-17	AbsError: 8.36660e+03
      Equation: "HoleContinuityEquation"	RelError: 2.57720e-16	AbsError: 2.59395e-16
      Equation: "PotentialEquation"	RelError: 1.01291e-16	AbsError: 1.11022e-16
    Region: "oxide"	RelError: 4.53470e-16	AbsError: 4.53802e-16
      Equation: "PotentialEquation"	RelError: 4.53470e-16	AbsError: 4.53802e-16
Succeeded
IVPOINT	IDVD_VG1P0	5.00000000e-01	8.00000000e-01	2.77026942e-02
drain last end 8.000000e-01 2.000000e+00
number of equations 4295
Iteration: 0
  Device: "mos2d"	RelError: 1.94368e+00	AbsError: 3.40342e+16
    Region: "bulk"	RelError: 1.93108e+00	AbsError: 3.40342e+16
      Equation: "ElectronContinuityEquation"	RelError: 3.83909e-01	AbsError: 3.21130e+16
      Equation: "HoleContinuityEquation"	RelError: 1.01840e+00	AbsError: 1.92126e+15
      Equation: "PotentialEquation"	RelError: 5.28774e-01	AbsError: 2.00000e-02
    Region: "gate"	RelError: 3.81005e-04	AbsError: 1.87970e+16
      Equation: "ElectronContinuityEquation"	RelError: 1.88243e-04	AbsError: 1.87970e+16
      Equation: "HoleContinuityEquation"	RelError: 1.88314e-04	AbsError: 1.88588e-04
      Equation: "PotentialEquation"	RelError: 4.44694e-06	AbsError: 4.87401e-06
    Region: "oxide"	RelError: 1.22172e-02	AbsError: 1.42598e-02
      Equation: "PotentialEquation"	RelError: 1.22172e-02	AbsError: 1.42598e-02
Iteration: 1
  Device: "mos2d"	RelError: 2.31587e-01	AbsError: 6.76052e+14
    Region: "bulk"	RelError: 2.31573e-01	AbsError: 6.76052e+14
      Equation: "ElectronContinuityEquation"	RelError: 4.73705e-02	AbsError: 6.39991e+14
      Equation: "HoleContinuityEquation"	RelError: 1.83119e-01	AbsError: 3.60607e+13
      Equation: "PotentialEquation"	RelError: 1.08346e-03	AbsError: 4.86411e-05
    Region: "gate"	RelError: 4.38952e-07	AbsError: 2.00504e+13
      Equation: "ElectronContinuityEquation"	RelError: 2.00411e-07	AbsError: 2.00504e+13
      Equation: "HoleContinuityEquation"	RelError: 2.33418e-07	AbsError: 2.33310e-07
      Equation: "PotentialEquation"	RelError: 5.12301e-09	AbsError: 5.61526e-09
    Region: "oxide"	RelError: 1.38942e-05	AbsError: 1.62169e-05
      Equation: "PotentialEquation"	RelError: 1.38942e-05	AbsError: 1.62169e-05
Iteration: 2
  Device: "mos2d"	RelError: 2.13378e-03	AbsError: 1.95148e+10
    Region: "bulk"	RelError: 2.13378e-03	AbsError: 1.95148e+10
      Equation: "ElectronContinuityEquation"	RelError: 1.77750e-03	AbsError: 8.39126e+09
      Equation: "HoleContinuityEquation"	RelError: 3.56175e-04	AbsError: 1.11236e+10
      Equation: "PotentialEquation"	RelError: 1.05447e-07	AbsError: 9.48367e-09
    Region: "gate"	RelError: 5.98919e-12	AbsError: 2.93715e+08
      Equation: "ElectronContinuityEquation"	RelError: 2.94143e-12	AbsError: 2.93715e+08
      Equation: "HoleContinuityEquation"	RelError: 2.97797e-12	AbsError: 2.98231e-12
      Equation: "PotentialEquation"	RelError: 6.97918e-14	AbsError: 7.64944e-14
    Region: "oxide"	RelError: 2.92386e-10	AbsError: 1.97218e-10
      Equation: "PotentialEquation"	RelError: 2.92386e-10	AbsError: 1.97218e-10
Iteration: 3
  Device: "mos2d"	RelError: 3.39536e-08	AbsError: 1.09317e+04
    Region: "bulk"	RelError: 3.39536e-08	AbsError: 1.09317e+04
      Equation: "ElectronContinuityEquation"	RelError: 2.19147e-08	AbsError: 1.00011e+04
      Equation: "HoleContinuityEquation"	RelError: 1.20388e-08	AbsError: 9.30587e+02
      Equation: "PotentialEquation"	RelError: 7.77998e-14	AbsError: 1.19414e-15
    Region: "gate"	RelError: 4.97336e-16	AbsError: 8.07744e+03
      Equation: "ElectronContinuityEquation"	RelError: 8.07744e-17	AbsError: 8.07744e+03
      Equation: "HoleContinuityEquation"	RelError: 3.14249e-16	AbsError: 3.16882e-16
      Equation: "PotentialEquation"	RelError: 1.02312e-16	AbsError: 1.12138e-16
    Region: "oxide"	RelError: 2.01862e-16	AbsError: 1.73059e-16
      Equation: "PotentialEquation"	RelError: 2.01862e-16	AbsError: 1.73059e-16
Succeeded
IVPOINT	IDVD_VG1P0	5.00000000e-01	8.20000000e-01	2.87291936e-02
drain last end 8.200000e-01 2.000000e+00
number of equations 4295
Iteration: 0
  Device: "mos2d"	RelError: 1.73843e+00	AbsError: 3.33334e+16
    Region: "bulk"	RelError: 1.72600e+00	AbsError: 3.33334e+16
      Equation: "ElectronContinuityEquation"	RelError: 3.79895e-01	AbsError: 3.14540e+16
      Equation: "HoleContinuityEquation"	RelError: 9.99551e-01	AbsError: 1.87942e+15
      Equation: "PotentialEquation"	RelError: 3.46558e-01	AbsError: 2.00000e-02
    Region: "gate"	RelError: 3.80237e-04	AbsError: 1.87626e+16
      Equation: "ElectronContinuityEquation"	RelError: 1.87864e-04	AbsError: 1.87626e+16
      Equation: "HoleContinuityEquation"	RelError: 1.87935e-04	AbsError: 1.88173e-04
      Equation: "PotentialEquation"	RelError: 4.43796e-06	AbsError: 4.86419e-06
    Region: "oxide"	RelError: 1.20430e-02	AbsError: 1.42276e-02
      Equation: "PotentialEquation"	RelError: 1.20430e-02	AbsError: 1.42276e-02
Iteration: 1
  Device: "mos2d"	RelError: 2.24897e-01	AbsError: 6.91163e+14
    Region: "bulk"	RelError: 2.24883e-01	AbsError: 6.91163e+14
      Equation: "ElectronContinuityEquation"	RelError: 4.67260e-02	AbsError: 6.54106e+14
      Equation: "HoleContinuityEquation"	RelError: 1.77471e-01	AbsError: 3.70568e+13
      Equation: "PotentialEquation"	RelError: 6.86817e-04	AbsError: 4.94695e-05
    Region: "gate"	RelError: 4.21699e-07	AbsError: 1.92087e+13
      Equation: "ElectronContinuityEquation"	RelError: 1.91963e-07	AbsError: 1.92087e+13
      Equation: "HoleContinuityEquation"	RelError: 2.24814e-07	AbsError: 2.24669e-07
      Equation: "PotentialEquation"	RelError: 4.92162e-09	AbsError: 5.39454e-09
    Region: "oxide"	RelError: 1.31437e-05	AbsError: 1.55278e-05
      Equation: "PotentialEquation"	RelError: 1.31437e-05	AbsError: 1.55278e-05
Iteration: 2
  Device: "mos2d"	RelError: 2.27246e-03	AbsError: 2.39269e+10
    Region: "bulk"	RelError: 2.27246e-03	AbsError: 2.39269e+10
      Equation: "ElectronContinuityEquation"	RelError: 1.93704e-03	AbsError: 1.34782e+10
      Equation: "HoleContinuityEquation"	RelError: 3.35341e-04	AbsError: 1.04487e+10
      Equation: "PotentialEquation"	RelError: 7.49789e-08	AbsError: 1.01996e-08
    Region: "gate"	RelError: 4.15577e-12	AbsError: 2.04061e+08
      Equation: "ElectronContinuityEquation"	RelError: 2.05358e-12	AbsError: 2.04061e+08
      Equation: "HoleContinuityEquation"	RelError: 2.05366e-12	AbsError: 2.06672e-12
      Equation: "PotentialEquation"	RelError: 4.85295e-14	AbsError: 5.31840e-14
    Region: "oxide"	RelError: 2.41360e-10	AbsError: 1.55891e-10
      Equation: "PotentialEquation"	RelError: 2.41360e-10	AbsError: 1.55891e-10
Iteration: 3
  Device: "mos2d"	RelError: 6.54162e-08	AbsError: 1.26457e+04
    Region: "bulk"	RelError: 6.54162e-08	AbsError: 1.26457e+04
      Equation: "ElectronContinuityEquation"	RelError: 5.43091e-08	AbsError: 1.18710e+04
      Equation: "HoleContinuityEquation"	RelError: 1.11070e-08	AbsError: 7.74708e+02
      Equation: "PotentialEquation"	RelError: 4.23736e-14	AbsError: 2.34574e-15
    Region: "gate"	RelError: 3.25203e-16	AbsError: 8.17355e+03
      Equation: "ElectronContinuityEquation"	RelError: 8.17355e-17	AbsError: 8.17355e+03
      Equation: "HoleContinuityEquation"	RelError: 1.42142e-16	AbsError: 1.43343e-16
      Equation: "PotentialEquation"	RelError: 1.01326e-16	AbsError: 1.11061e-16
    Region: "oxide"	RelError: 1.53942e-16	AbsError: 1.09586e-16
      Equation: "PotentialEquation"	RelError: 1.53942e-16	AbsError: 1.09586e-16
Succeeded
IVPOINT	IDVD_VG1P0	5.00000000e-01	8.40000000e-01	2.97786706e-02
drain last end 8.400000e-01 2.000000e+00
number of equations 4295
Iteration: 0
  Device: "mos2d"	RelError: 1.89285e+00	AbsError: 3.35399e+16
    Region: "bulk"	RelError: 1.88060e+00	AbsError: 3.35399e+16
      Equation: "ElectronContinuityEquation"	RelError: 3.75402e-01	AbsError: 3.16826e+16
      Equation: "HoleContinuityEquation"	RelError: 9.80108e-01	AbsError: 1.85729e+15
      Equation: "PotentialEquation"	RelError: 5.25090e-01	AbsError: 2.00000e-02
    Region: "gate"	RelError: 3.79497e-04	AbsError: 1.87297e+16
      Equation: "ElectronContinuityEquation"	RelError: 1.87499e-04	AbsError: 1.87297e+16
      Equation: "HoleContinuityEquation"	RelError: 1.87569e-04	AbsError: 1.87772e-04
      Equation: "PotentialEquation"	RelError: 4.42931e-06	AbsError: 4.85473e-06
    Region: "oxide"	RelError: 1.18744e-02	AbsError: 1.41967e-02
      Equation: "PotentialEquation"	RelError: 1.18744e-02	AbsError: 1.41967e-02
Iteration: 1
  Device: "mos2d"	RelError: 2.21817e-01	AbsError: 7.02910e+14
    Region: "bulk"	RelError: 2.21805e-01	AbsError: 7.02910e+14
      Equation: "ElectronContinuityEquation"	RelError: 4.60358e-02	AbsError: 6.64487e+14
      Equation: "HoleContinuityEquation"	RelError: 1.74744e-01	AbsError: 3.84233e+13
      Equation: "PotentialEquation"	RelError: 1.02512e-03	AbsError: 5.01199e-05
    Region: "gate"	RelError: 4.06655e-07	AbsError: 1.84756e+13
      Equation: "ElectronContinuityEquation"	RelError: 1.84604e-07	AbsError: 1.84756e+13
      Equation: "HoleContinuityEquation"	RelError: 2.17305e-07	AbsError: 2.17126e-07
      Equation: "PotentialEquation"	RelError: 4.74602e-09	AbsError: 5.20209e-09
    Region: "oxide"	RelError: 1.24863e-05	AbsError: 1.49282e-05
      Equation: "PotentialEquation"	RelError: 1.24863e-05	AbsError: 1.49282e-05
Iteration: 2
  Device: "mos2d"	RelError: 2.30359e-03	AbsError: 2.97744e+10
    Region: "bulk"	RelError: 2.30359e-03	AbsError: 2.97744e+10
      Equation: "ElectronContinuityEquation"	RelError: 1.99109e-03	AbsError: 1.83061e+10
      Equation: "HoleContinuityEquation"	RelError: 3.12431e-04	AbsError: 1.14682e+10
      Equation: "PotentialEquation"	RelError: 6.67851e-08	AbsError: 1.08205e-08
    Region: "gate"	RelError: 3.28184e-12	AbsError: 1.61158e+08
      Equation: "ElectronContinuityEquation"	RelError: 1.62171e-12	AbsError: 1.61158e+08
      Equation: "HoleContinuityEquation"	RelError: 1.62183e-12	AbsError: 1.63202e-12
      Equation: "PotentialEquation"	RelError: 3.83008e-14	AbsError: 4.19743e-14
    Region: "oxide"	RelError: 1.93198e-10	AbsError: 1.23071e-10
      Equation: "PotentialEquation"	RelError: 1.93198e-10	AbsError: 1.23071e-10
Iteration: 3
  Device: "mos2d"	RelError: 1.15400e-07	AbsError: 9.10379e+03
    Region: "bulk"	RelError: 1.15400e-07	AbsError: 9.10379e+03
      Equation: "ElectronContinuityEquation"	RelError: 9.56867e-08	AbsError: 8.17444e+03
      Equation: "HoleContinuityEquation"	RelError: 1.97134e-08	AbsError: 9.29344e+02
      Equation: "PotentialEquation"	RelError: 1.53875e-13	AbsError: 1.28408e-15
    Region: "gate"	RelError: 3.78670e-16	AbsError: 7.86210e+03
      Equation: "ElectronContinuityEquation"	RelError: 7.86213e-17	AbsError: 7.86210e+03
      Equation: "HoleContinuityEquation"	RelError: 1.98758e-16	AbsError: 2.00372e-16
      Equation: "PotentialEquation"	RelError: 1.01291e-16	AbsError: 1.11022e-16
    Region: "oxide"	RelError: 2.10394e-16	AbsError: 1.11109e-16
      Equation: "PotentialEquation"	RelError: 2.10394e-16	AbsError: 1.11109e-16
Succeeded
IVPOINT	IDVD_VG1P0	5.00000000e-01	8.60000000e-01	3.08512641e-02
drain last end 8.600000e-01 2.000000e+00
number of equations 4295
Iteration: 0
  Device: "mos2d"	RelError: 2.47442e+00	AbsError: 3.37590e+16
    Region: "bulk"	RelError: 2.46233e+00	AbsError: 3.37590e+16
      Equation: "ElectronContinuityEquation"	RelError: 3.70267e-01	AbsError: 3.19068e+16
      Equation: "HoleContinuityEquation"	RelError: 9.74884e-01	AbsError: 1.85225e+15
      Equation: "PotentialEquation"	RelError: 1.11718e+00	AbsError: 2.00000e-02
    Region: "gate"	RelError: 3.78783e-04	AbsError: 1.86979e+16
      Equation: "ElectronContinuityEquation"	RelError: 1.87146e-04	AbsError: 1.86979e+16
      Equation: "HoleContinuityEquation"	RelError: 1.87216e-04	AbsError: 1.87383e-04
      Equation: "PotentialEquation"	RelError: 4.42095e-06	AbsError: 4.84559e-06
    Region: "oxide"	RelError: 1.17109e-02	AbsError: 1.41670e-02
      Equation: "PotentialEquation"	RelError: 1.17109e-02	AbsError: 1.41670e-02
Iteration: 1
  Device: "mos2d"	RelError: 2.18964e-01	AbsError: 7.10612e+14
    Region: "bulk"	RelError: 2.18952e-01	AbsError: 7.10612e+14
      Equation: "ElectronContinuityEquation"	RelError: 4.52831e-02	AbsError: 6.71190e+14
      Equation: "HoleContinuityEquation"	RelError: 1.71529e-01	AbsError: 3.94219e+13
      Equation: "PotentialEquation"	RelError: 2.13992e-03	AbsError: 5.05719e-05
    Region: "gate"	RelError: 3.93228e-07	AbsError: 1.78220e+13
      Equation: "ElectronContinuityEquation"	RelError: 1.78041e-07	AbsError: 1.78220e+13
      Equation: "HoleContinuityEquation"	RelError: 2.10598e-07	AbsError: 2.10386e-07
      Equation: "PotentialEquation"	RelError: 4.58930e-09	AbsError: 5.03033e-09
    Region: "oxide"	RelError: 1.18991e-05	AbsError: 1.43945e-05
      Equation: "PotentialEquation"	RelError: 1.18991e-05	AbsError: 1.43945e-05
Iteration: 2
  Device: "mos2d"	RelError: 2.20765e-03	AbsError: 3.50761e+10
    Region: "bulk"	RelError: 2.20765e-03	AbsError: 3.50761e+10
      Equation: "ElectronContinuityEquation"	RelError: 1.91995e-03	AbsError: 2.28184e+10
      Equation: "HoleContinuityEquation"	RelError: 2.87631e-04	AbsError: 1.22577e+10
      Equation: "PotentialEquation"	RelError: 6.99428e-08	AbsError: 1.13131e-08
    Region: "gate"	RelError: 3.06058e-12	AbsError: 1.53293e+08
      Equation: "ElectronContinuityEquation"	RelError: 1.53139e-12	AbsError: 1.53293e+08
      Equation: "HoleContinuityEquation"	RelError: 1.49334e-12	AbsError: 1.49184e-12
      Equation: "PotentialEquation"	RelError: 3.58564e-14	AbsError: 3.93022e-14
    Region: "oxide"	RelError: 1.51341e-10	AbsError: 1.42327e-10
      Equation: "PotentialEquation"	RelError: 1.51341e-10	AbsError: 1.42327e-10
Iteration: 3
  Device: "mos2d"	RelError: 9.38159e-08	AbsError: 1.04220e+04
    Region: "bulk"	RelError: 9.38159e-08	AbsError: 1.04220e+04
      Equation: "ElectronContinuityEquation"	RelError: 7.39032e-08	AbsError: 9.35776e+03
      Equation: "HoleContinuityEquation"	RelError: 1.99125e-08	AbsError: 1.06422e+03
      Equation: "PotentialEquation"	RelError: 2.42430e-13	AbsError: 1.71531e-15
    Region: "gate"	RelError: 3.21374e-16	AbsError: 8.06072e+03
      Equation: "ElectronContinuityEquation"	RelError: 8.06072e-17	AbsError: 8.06072e+03
      Equation: "HoleContinuityEquation"	RelError: 1.38820e-16	AbsError: 1.38681e-16
      Equation: "PotentialEquation"	RelError: 1.01947e-16	AbsError: 1.11725e-16
    Region: "oxide"	RelError: 1.40420e-16	AbsError: 1.22646e-16
      Equation: "PotentialEquation"	RelError: 1.40420e-16	AbsError: 1.22646e-16
Succeeded
IVPOINT	IDVD_VG1P0	5.00000000e-01	8.80000000e-01	3.19471031e-02
drain last end 8.800000e-01 2.000000e+00
number of equations 4295
Iteration: 0
  Device: "mos2d"	RelError: 1.04145e+01	AbsError: 3.39702e+16
    Region: "bulk"	RelError: 1.04026e+01	AbsError: 3.39702e+16
      Equation: "ElectronContinuityEquation"	RelError: 3.64283e-01	AbsError: 3.21263e+16
      Equation: "HoleContinuityEquation"	RelError: 9.63109e-01	AbsError: 1.84387e+15
      Equation: "PotentialEquation"	RelError: 9.07519e+00	AbsError: 2.00000e-02
    Region: "gate"	RelError: 3.78091e-04	AbsError: 1.86672e+16
      Equation: "ElectronContinuityEquation"	RelError: 1.86804e-04	AbsError: 1.86672e+16
      Equation: "HoleContinuityEquation"	RelError: 1.86874e-04	AbsError: 1.87006e-04
      Equation: "PotentialEquation"	RelError: 4.41285e-06	AbsError: 4.83673e-06
    Region: "oxide"	RelError: 1.15524e-02	AbsError: 1.41384e-02
      Equation: "PotentialEquation"	RelError: 1.15524e-02	AbsError: 1.41384e-02
Iteration: 1
  Device: "mos2d"	RelError: 2.31277e-01	AbsError: 7.14303e+14
    Region: "bulk"	RelError: 2.31265e-01	AbsError: 7.14303e+14
      Equation: "ElectronContinuityEquation"	RelError: 4.44465e-02	AbsError: 6.74270e+14
      Equation: "HoleContinuityEquation"	RelError: 1.70119e-01	AbsError: 4.00334e+13
      Equation: "PotentialEquation"	RelError: 1.67000e-02	AbsError: 5.08089e-05
    Region: "gate"	RelError: 3.80921e-07	AbsError: 1.72233e+13
      Equation: "ElectronContinuityEquation"	RelError: 1.72029e-07	AbsError: 1.72233e+13
      Equation: "HoleContinuityEquation"	RelError: 2.04446e-07	AbsError: 2.04204e-07
      Equation: "PotentialEquation"	RelError: 4.44565e-09	AbsError: 4.87290e-09
    Region: "oxide"	RelError: 1.13632e-05	AbsError: 1.39067e-05
      Equation: "PotentialEquation"	RelError: 1.13632e-05	AbsError: 1.39067e-05
Iteration: 2
  Device: "mos2d"	RelError: 1.99049e-03	AbsError: 3.97331e+10
    Region: "bulk"	RelError: 1.99049e-03	AbsError: 3.97331e+10
      Equation: "ElectronContinuityEquation"	RelError: 1.72911e-03	AbsError: 2.69417e+10
      Equation: "HoleContinuityEquation"	RelError: 2.61263e-04	AbsError: 1.27914e+10
      Equation: "PotentialEquation"	RelError: 1.17338e-07	AbsError: 1.16477e-08
    Region: "gate"	RelError: 5.28670e-12	AbsError: 2.63337e+08
      Equation: "ElectronContinuityEquation"	RelError: 2.63025e-12	AbsError: 2.63337e+08
      Equation: "HoleContinuityEquation"	RelError: 2.59479e-12	AbsError: 2.59172e-12
      Equation: "PotentialEquation"	RelError: 6.16530e-14	AbsError: 6.75782e-14
    Region: "oxide"	RelError: 1.86533e-10	AbsError: 2.28286e-10
      Equation: "PotentialEquation"	RelError: 1.86533e-10	AbsError: 2.28286e-10
Iteration: 3
  Device: "mos2d"	RelError: 7.34433e-08	AbsError: 1.32008e+04
    Region: "bulk"	RelError: 7.34432e-08	AbsError: 1.32008e+04
      Equation: "ElectronContinuityEquation"	RelError: 4.72714e-08	AbsError: 1.20396e+04
      Equation: "HoleContinuityEquation"	RelError: 2.61703e-08	AbsError: 1.16115e+03
      Equation: "PotentialEquation"	RelError: 1.49180e-12	AbsError: 1.98613e-15
    Region: "gate"	RelError: 3.63551e-16	AbsError: 8.17339e+03
      Equation: "ElectronContinuityEquation"	RelError: 8.24793e-17	AbsError: 8.17339e+03
      Equation: "HoleContinuityEquation"	RelError: 1.79781e-16	AbsError: 1.80472e-16
      Equation: "PotentialEquation"	RelError: 1.01291e-16	AbsError: 1.11022e-16
    Region: "oxide"	RelError: 3.99087e-16	AbsError: 1.89359e-16
      Equation: "PotentialEquation"	RelError: 3.99087e-16	AbsError: 1.89359e-16
Succeeded
IVPOINT	IDVD_VG1P0	5.00000000e-01	9.00000000e-01	3.30663079e-02
drain last end 9.000000e-01 2.000000e+00
number of equations 4295
Iteration: 0
  Device: "mos2d"	RelError: 6.84265e+00	AbsError: 3.41731e+16
    Region: "bulk"	RelError: 6.83088e+00	AbsError: 3.41731e+16
      Equation: "ElectronContinuityEquation"	RelError: 3.57195e-01	AbsError: 3.23411e+16
      Equation: "HoleContinuityEquation"	RelError: 9.52080e-01	AbsError: 1.83207e+15
      Equation: "PotentialEquation"	RelError: 5.52160e+00	AbsError: 2.00000e-02
    Region: "gate"	RelError: 3.77419e-04	AbsError: 1.86376e+16
      Equation: "ElectronContinuityEquation"	RelError: 1.86472e-04	AbsError: 1.86376e+16
      Equation: "HoleContinuityEquation"	RelError: 1.86542e-04	AbsError: 1.86639e-04
      Equation: "PotentialEquation"	RelError: 4.40500e-06	AbsError: 4.82815e-06
    Region: "oxide"	RelError: 1.13985e-02	AbsError: 1.41108e-02
      Equation: "PotentialEquation"	RelError: 1.13985e-02	AbsError: 1.41108e-02
Iteration: 1
  Device: "mos2d"	RelError: 2.20007e-01	AbsError: 7.14043e+14
    Region: "bulk"	RelError: 2.19996e-01	AbsError: 7.14043e+14
      Equation: "ElectronContinuityEquation"	RelError: 4.34999e-02	AbsError: 6.73795e+14
      Equation: "HoleContinuityEquation"	RelError: 1.67195e-01	AbsError: 4.02478e+13
      Equation: "PotentialEquation"	RelError: 9.30065e-03	AbsError: 5.08192e-05
    Region: "gate"	RelError: 3.69325e-07	AbsError: 1.66593e+13
      Equation: "ElectronContinuityEquation"	RelError: 1.66366e-07	AbsError: 1.66593e+13
      Equation: "HoleContinuityEquation"	RelError: 1.98648e-07	AbsError: 1.98378e-07
      Equation: "PotentialEquation"	RelError: 4.31029e-09	AbsError: 4.72455e-09
    Region: "oxide"	RelError: 1.08635e-05	AbsError: 1.34483e-05
      Equation: "PotentialEquation"	RelError: 1.08635e-05	AbsError: 1.34483e-05
Iteration: 2
  Device: "mos2d"	RelError: 1.83738e-03	AbsError: 4.36485e+10
    Region: "bulk"	RelError: 1.83738e-03	AbsError: 4.36485e+10
      Equation: "ElectronContinuityEquation"	RelError: 1.60314e-03	AbsError: 3.05962e+10
      Equation: "HoleContinuityEquation"	RelError: 2.33789e-04	AbsError: 1.30523e+10
      Equation: "PotentialEquation"	RelError: 4.52441e-07	AbsError: 1.18013e-08
    Region: "gate"	RelError: 7.30532e-12	AbsError: 3.63163e+08
      Equation: "ElectronContinuityEquation"	RelError: 3.62668e-12	AbsError: 3.63163e+08
      Equation: "HoleContinuityEquation"	RelError: 3.59338e-12	AbsError: 3.58848e-12
      Equation: "PotentialEquation"	RelError: 8.52664e-14	AbsError: 9.34613e-14
    Region: "oxide"	RelError: 2.47495e-10	AbsError: 3.06383e-10
      Equation: "PotentialEquation"	RelError: 2.47495e-10	AbsError: 3.06383e-10
Iteration: 3
  Device: "mos2d"	RelError: 4.38564e-08	AbsError: 1.15036e+04
    Region: "bulk"	RelError: 4.38564e-08	AbsError: 1.15036e+04
      Equation: "ElectronContinuityEquation"	RelError: 1.52849e-08	AbsError: 1.02637e+04
      Equation: "HoleContinuityEquation"	RelError: 2.85709e-08	AbsError: 1.23992e+03
      Equation: "PotentialEquation"	RelError: 6.00252e-13	AbsError: 2.05329e-15
    Region: "gate"	RelError: 3.61189e-16	AbsError: 8.18003e+03
      Equation: "ElectronContinuityEquation"	RelError: 8.18005e-17	AbsError: 8.18003e+03
      Equation: "HoleContinuityEquation"	RelError: 1.77869e-16	AbsError: 1.77870e-16
      Equation: "PotentialEquation"	RelError: 1.01519e-16	AbsError: 1.11273e-16
    Region: "oxide"	RelError: 2.21337e-16	AbsError: 1.75695e-16
      Equation: "PotentialEquation"	RelError: 2.21337e-16	AbsError: 1.75695e-16
Succeeded
IVPOINT	IDVD_VG1P0	5.00000000e-01	9.20000000e-01	3.42089914e-02
drain last end 9.200000e-01 2.000000e+00
number of equations 4295
Iteration: 0
  Device: "mos2d"	RelError: 2.14643e+00	AbsError: 3.43674e+16
    Region: "bulk"	RelError: 2.13480e+00	AbsError: 3.43674e+16
      Equation: "ElectronContinuityEquation"	RelError: 3.48694e-01	AbsError: 3.25507e+16
      Equation: "HoleContinuityEquation"	RelError: 9.40221e-01	AbsError: 1.81676e+15
      Equation: "PotentialEquation"	RelError: 8.45887e-01	AbsError: 2.00000e-02
    Region: "gate"	RelError: 3.76768e-04	AbsError: 1.86089e+16
      Equation: "ElectronContinuityEquation"	RelError: 1.86150e-04	AbsError: 1.86089e+16
      Equation: "HoleContinuityEquation"	RelError: 1.86220e-04	AbsError: 1.86282e-04
      Equation: "PotentialEquation"	RelError: 4.39737e-06	AbsError: 4.81981e-06
    Region: "oxide"	RelError: 1.12490e-02	AbsError: 1.40840e-02
      Equation: "PotentialEquation"	RelError: 1.12490e-02	AbsError: 1.40840e-02
Iteration: 1
  Device: "mos2d"	RelError: 2.09185e-01	AbsError: 7.09921e+14
    Region: "bulk"	RelError: 2.09174e-01	AbsError: 7.09921e+14
      Equation: "ElectronContinuityEquation"	RelError: 4.24122e-02	AbsError: 6.69855e+14
      Equation: "HoleContinuityEquation"	RelError: 1.65377e-01	AbsError: 4.00655e+13
      Equation: "PotentialEquation"	RelError: 1.38456e-03	AbsError: 5.05979e-05
    Region: "gate"	RelError: 3.58109e-07	AbsError: 1.61137e+13
      Equation: "ElectronContinuityEquation"	RelError: 1.60889e-07	AbsError: 1.61137e+13
      Equation: "HoleContinuityEquation"	RelError: 1.93041e-07	AbsError: 1.92743e-07
      Equation: "PotentialEquation"	RelError: 4.17937e-09	AbsError: 4.58107e-09
    Region: "oxide"	RelError: 1.03881e-05	AbsError: 1.30060e-05
      Equation: "PotentialEquation"	RelError: 1.03881e-05	AbsError: 1.30060e-05
Iteration: 2
  Device: "mos2d"	RelError: 1.88663e-03	AbsError: 4.67395e+10
    Region: "bulk"	RelError: 1.88663e-03	AbsError: 4.67395e+10
      Equation: "ElectronContinuityEquation"	RelError: 1.68070e-03	AbsError: 3.37046e+10
      Equation: "HoleContinuityEquation"	RelError: 2.05810e-04	AbsError: 1.30349e+10
      Equation: "PotentialEquation"	RelError: 1.27152e-07	AbsError: 1.17610e-08
    Region: "gate"	RelError: 9.07179e-12	AbsError: 4.50568e+08
      Equation: "ElectronContinuityEquation"	RelError: 4.49873e-12	AbsError: 4.50568e+08
      Equation: "HoleContinuityEquation"	RelError: 4.46722e-12	AbsError: 4.46033e-12
      Equation: "PotentialEquation"	RelError: 1.05829e-13	AbsError: 1.16001e-13
    Region: "oxide"	RelError: 2.99324e-10	AbsError: 3.74757e-10
      Equation: "PotentialEquation"	RelError: 2.99324e-10	AbsError: 3.74757e-10
Iteration: 3
  Device: "mos2d"	RelError: 7.79346e-08	AbsError: 1.08391e+04
    Region: "bulk"	RelError: 7.79346e-08	AbsError: 1.08391e+04
      Equation: "ElectronContinuityEquation"	RelError: 3.84325e-08	AbsError: 9.60403e+03
      Equation: "HoleContinuityEquation"	RelError: 3.95020e-08	AbsError: 1.23509e+03
      Equation: "PotentialEquation"	RelError: 1.29199e-13	AbsError: 2.10115e-15
    Region: "gate"	RelError: 3.65722e-16	AbsError: 7.99088e+03
      Equation: "ElectronContinuityEquation"	RelError: 7.97856e-17	AbsError: 7.99088e+03
      Equation: "HoleContinuityEquation"	RelError: 1.84646e-16	AbsError: 1.86192e-16
      Equation: "PotentialEquation"	RelError: 1.01291e-16	AbsError: 1.11022e-16
    Region: "oxide"	RelError: 3.08220e-16	AbsError: 2.33641e-16
      Equation: "PotentialEquation"	RelError: 3.08220e-16	AbsError: 2.33641e-16
Succeeded
IVPOINT	IDVD_VG1P0	5.00000000e-01	9.40000000e-01	3.53752605e-02
drain last end 9.400000e-01 2.000000e+00
number of equations 4295
Iteration: 0
  Device: "mos2d"	RelError: 2.21528e+00	AbsError: 3.45527e+16
    Region: "bulk"	RelError: 2.20380e+00	AbsError: 3.45527e+16
      Equation: "ElectronContinuityEquation"	RelError: 3.38419e-01	AbsError: 3.27549e+16
      Equation: "HoleContinuityEquation"	RelError: 9.18757e-01	AbsError: 1.79784e+15
      Equation: "PotentialEquation"	RelError: 9.46626e-01	AbsError: 2.00000e-02
    Region: "gate"	RelError: 3.76135e-04	AbsError: 1.85811e+16
      Equation: "ElectronContinuityEquation"	RelError: 1.85838e-04	AbsError: 1.85811e+16
      Equation: "HoleContinuityEquation"	RelError: 1.85907e-04	AbsError: 1.85934e-04
      Equation: "PotentialEquation"	RelError: 4.38997e-06	AbsError: 4.81172e-06
    Region: "oxide"	RelError: 1.11038e-02	AbsError: 1.40582e-02
      Equation: "PotentialEquation"	RelError: 1.11038e-02	AbsError: 1.40582e-02
Iteration: 1
  Device: "mos2d"	RelError: 2.06065e-01	AbsError: 7.02067e+14
    Region: "bulk"	RelError: 2.06054e-01	AbsError: 7.02067e+14
      Equation: "ElectronContinuityEquation"	RelError: 4.11477e-02	AbsError: 6.62569e+14
      Equation: "HoleContinuityEquation"	RelError: 1.62478e-01	AbsError: 3.94977e+13
      Equation: "PotentialEquation"	RelError: 2.42909e-03	AbsError: 5.01479e-05
    Region: "gate"	RelError: 3.47016e-07	AbsError: 1.55738e+13
      Equation: "ElectronContinuityEquation"	RelError: 1.55470e-07	AbsError: 1.55738e+13
      Equation: "HoleContinuityEquation"	RelError: 1.87496e-07	AbsError: 1.87174e-07
      Equation: "PotentialEquation"	RelError: 4.04990e-09	AbsError: 4.43917e-09
    Region: "oxide"	RelError: 9.92801e-06	AbsError: 1.25694e-05
      Equation: "PotentialEquation"	RelError: 9.92801e-06	AbsError: 1.25694e-05
Iteration: 2
  Device: "mos2d"	RelError: 1.84390e-03	AbsError: 4.89475e+10
    Region: "bulk"	RelError: 1.84390e-03	AbsError: 4.89475e+10
      Equation: "ElectronContinuityEquation"	RelError: 1.66564e-03	AbsError: 3.62008e+10
      Equation: "HoleContinuityEquation"	RelError: 1.78027e-04	AbsError: 1.27467e+10
      Equation: "PotentialEquation"	RelError: 2.33380e-07	AbsError: 1.15258e-08
    Region: "gate"	RelError: 1.05542e-11	AbsError: 5.23913e+08
      Equation: "ElectronContinuityEquation"	RelError: 5.23012e-12	AbsError: 5.23913e+08
      Equation: "HoleContinuityEquation"	RelError: 5.20076e-12	AbsError: 5.19182e-12
      Equation: "PotentialEquation"	RelError: 1.23274e-13	AbsError: 1.35123e-13
    Region: "oxide"	RelError: 3.41272e-10	AbsError: 4.32069e-10
      Equation: "PotentialEquation"	RelError: 3.41272e-10	AbsError: 4.32069e-10
Iteration: 3
  Device: "mos2d"	RelError: 2.34429e-07	AbsError: 1.53750e+04
    Region: "bulk"	RelError: 2.34429e-07	AbsError: 1.53750e+04
      Equation: "ElectronContinuityEquation"	RelError: 1.59380e-07	AbsError: 1.41677e+04
      Equation: "HoleContinuityEquation"	RelError: 7.50492e-08	AbsError: 1.20729e+03
      Equation: "PotentialEquation"	RelError: 9.66065e-14	AbsError: 1.28470e-15
    Region: "gate"	RelError: 4.47634e-16	AbsError: 8.18172e+03
      Equation: "ElectronContinuityEquation"	RelError: 8.18172e-17	AbsError: 8.18172e+03
      Equation: "HoleContinuityEquation"	RelError: 2.64526e-16	AbsError: 2.66741e-16
      Equation: "PotentialEquation"	RelError: 1.01291e-16	AbsError: 1.11022e-16
    Region: "oxide"	RelError: 2.93911e-16	AbsError: 2.86336e-16
      Equation: "PotentialEquation"	RelError: 2.93911e-16	AbsError: 2.86336e-16
Succeeded
IVPOINT	IDVD_VG1P0	5.00000000e-01	9.60000000e-01	3.65652175e-02
drain last end 9.600000e-01 2.000000e+00
number of equations 4295
Iteration: 0
  Device: "mos2d"	RelError: 2.18802e+01	AbsError: 3.47284e+16
    Region: "bulk"	RelError: 2.18688e+01	AbsError: 3.47284e+16
      Equation: "ElectronContinuityEquation"	RelError: 3.25972e-01	AbsError: 3.29532e+16
      Equation: "HoleContinuityEquation"	RelError: 9.15302e-01	AbsError: 1.77520e+15
      Equation: "PotentialEquation"	RelError: 2.06275e+01	AbsError: 2.00000e-02
    Region: "gate"	RelError: 3.75522e-04	AbsError: 1.85542e+16
      Equation: "ElectronContinuityEquation"	RelError: 1.85535e-04	AbsError: 1.85542e+16
      Equation: "HoleContinuityEquation"	RelError: 1.85604e-04	AbsError: 1.85597e-04
      Equation: "PotentialEquation"	RelError: 4.38280e-06	AbsError: 4.80388e-06
    Region: "oxide"	RelError: 1.09627e-02	AbsError: 1.40332e-02
      Equation: "PotentialEquation"	RelError: 1.09627e-02	AbsError: 1.40332e-02
Iteration: 1
  Device: "mos2d"	RelError: 2.52214e-01	AbsError: 6.90659e+14
    Region: "bulk"	RelError: 2.52204e-01	AbsError: 6.90659e+14
      Equation: "ElectronContinuityEquation"	RelError: 3.96679e-02	AbsError: 6.52092e+14
      Equation: "HoleContinuityEquation"	RelError: 1.58426e-01	AbsError: 3.85666e+13
      Equation: "PotentialEquation"	RelError: 5.41104e-02	AbsError: 4.94804e-05
    Region: "gate"	RelError: 3.35858e-07	AbsError: 1.50303e+13
      Equation: "ElectronContinuityEquation"	RelError: 1.50017e-07	AbsError: 1.50303e+13
      Equation: "HoleContinuityEquation"	RelError: 1.81921e-07	AbsError: 1.81576e-07
      Equation: "PotentialEquation"	RelError: 3.91965e-09	AbsError: 4.29642e-09
    Region: "oxide"	RelError: 9.47664e-06	AbsError: 1.21308e-05
      Equation: "PotentialEquation"	RelError: 9.47664e-06	AbsError: 1.21308e-05
Iteration: 2
  Device: "mos2d"	RelError: 1.70916e-03	AbsError: 5.02457e+10
    Region: "bulk"	RelError: 1.70916e-03	AbsError: 5.02457e+10
      Equation: "ElectronContinuityEquation"	RelError: 1.55288e-03	AbsError: 3.80363e+10
      Equation: "HoleContinuityEquation"	RelError: 1.51185e-04	AbsError: 1.22094e+10
      Equation: "PotentialEquation"	RelError: 5.09439e-06	AbsError: 1.11079e-08
    Region: "gate"	RelError: 1.17319e-11	AbsError: 5.82218e+08
      Equation: "ElectronContinuityEquation"	RelError: 5.81112e-12	AbsError: 5.82218e+08
      Equation: "HoleContinuityEquation"	RelError: 5.78385e-12	AbsError: 5.77287e-12
      Equation: "PotentialEquation"	RelError: 1.36974e-13	AbsError: 1.50140e-13
    Region: "oxide"	RelError: 3.73002e-10	AbsError: 4.77470e-10
      Equation: "PotentialEquation"	RelError: 3.73002e-10	AbsError: 4.77470e-10
Iteration: 3
  Device: "mos2d"	RelError: 1.67778e-07	AbsError: 1.15940e+04
    Region: "bulk"	RelError: 1.67778e-07	AbsError: 1.15940e+04
      Equation: "ElectronContinuityEquation"	RelError: 1.08081e-07	AbsError: 1.04791e+04
      Equation: "HoleContinuityEquation"	RelError: 5.96961e-08	AbsError: 1.11496e+03
      Equation: "PotentialEquation"	RelError: 1.44244e-12	AbsError: 1.51355e-15
    Region: "gate"	RelError: 3.22126e-16	AbsError: 8.11467e+03
      Equation: "ElectronContinuityEquation"	RelError: 8.11467e-17	AbsError: 8.11467e+03
      Equation: "HoleContinuityEquation"	RelError: 1.39645e-16	AbsError: 1.40895e-16
      Equation: "PotentialEquation"	RelError: 1.01334e-16	AbsError: 1.11069e-16
    Region: "oxide"	RelError: 4.22248e-16	AbsError: 2.29141e-16
      Equation: "PotentialEquation"	RelError: 4.22248e-16	AbsError: 2.29141e-16
Succeeded
IVPOINT	IDVD_VG1P0	5.00000000e-01	9.80000000e-01	3.77789614e-02
drain last end 9.800000e-01 2.000000e+00
number of equations 4295
Iteration: 0
  Device: "mos2d"	RelError: 2.77383e+00	AbsError: 3.49252e+16
    Region: "bulk"	RelError: 2.76263e+00	AbsError: 3.49252e+16
      Equation: "ElectronContinuityEquation"	RelError: 3.10946e-01	AbsError: 3.31453e+16
      Equation: "HoleContinuityEquation"	RelError: 9.10741e-01	AbsError: 1.77991e+15
      Equation: "PotentialEquation"	RelError: 1.54095e+00	AbsError: 2.00000e-02
    Region: "gate"	RelError: 3.74929e-04	AbsError: 1.85283e+16
      Equation: "ElectronContinuityEquation"	RelError: 1.85242e-04	AbsError: 1.85283e+16
      Equation: "HoleContinuityEquation"	RelError: 1.85311e-04	AbsError: 1.85269e-04
      Equation: "PotentialEquation"	RelError: 4.37585e-06	AbsError: 4.79628e-06
    Region: "oxide"	RelError: 1.08254e-02	AbsError: 1.40091e-02
      Equation: "PotentialEquation"	RelError: 1.08254e-02	AbsError: 1.40091e-02
Iteration: 1
  Device: "mos2d"	RelError: 2.00940e-01	AbsError: 6.75923e+14
    Region: "bulk"	RelError: 2.00931e-01	AbsError: 6.75923e+14
      Equation: "ElectronContinuityEquation"	RelError: 3.79347e-02	AbsError: 6.38618e+14
      Equation: "HoleContinuityEquation"	RelError: 1.58048e-01	AbsError: 3.73046e+13
      Equation: "PotentialEquation"	RelError: 4.94826e-03	AbsError: 4.86148e-05
    Region: "gate"	RelError: 3.24501e-07	AbsError: 1.44765e+13
      Equation: "ElectronContinuityEquation"	RelError: 1.44464e-07	AbsError: 1.44765e+13
      Equation: "HoleContinuityEquation"	RelError: 1.76250e-07	AbsError: 1.75884e-07
      Equation: "PotentialEquation"	RelError: 3.78710e-09	AbsError: 4.15114e-09
    Region: "oxide"	RelError: 9.02951e-06	AbsError: 1.16849e-05
      Equation: "PotentialEquation"	RelError: 9.02951e-06	AbsError: 1.16849e-05
Iteration: 2
  Device: "mos2d"	RelError: 1.48380e-03	AbsError: 5.06427e+10
    Region: "bulk"	RelError: 1.48380e-03	AbsError: 5.06427e+10
      Equation: "ElectronContinuityEquation"	RelError: 1.35732e-03	AbsError: 3.91855e+10
      Equation: "HoleContinuityEquation"	RelError: 1.26000e-04	AbsError: 1.14572e+10
      Equation: "PotentialEquation"	RelError: 4.76427e-07	AbsError: 1.05315e-08
    Region: "gate"	RelError: 1.25962e-11	AbsError: 6.25045e+08
      Equation: "ElectronContinuityEquation"	RelError: 6.23747e-12	AbsError: 6.25045e+08
      Equation: "HoleContinuityEquation"	RelError: 6.21175e-12	AbsError: 6.19885e-12
      Equation: "PotentialEquation"	RelError: 1.46972e-13	AbsError: 1.61100e-13
    Region: "oxide"	RelError: 3.94557e-10	AbsError: 5.10586e-10
      Equation: "PotentialEquation"	RelError: 3.94557e-10	AbsError: 5.10586e-10
Iteration: 3
  Device: "mos2d"	RelError: 1.34486e-07	AbsError: 1.64927e+04
    Region: "bulk"	RelError: 1.34486e-07	AbsError: 1.64927e+04
      Equation: "ElectronContinuityEquation"	RelError: 9.57473e-08	AbsError: 1.54947e+04
      Equation: "HoleContinuityEquation"	RelError: 3.87375e-08	AbsError: 9.97961e+02
      Equation: "PotentialEquation"	RelError: 1.11793e-12	AbsError: 1.45316e-15
    Region: "gate"	RelError: 3.67991e-16	AbsError: 8.18815e+03
      Equation: "ElectronContinuityEquation"	RelError: 8.24632e-17	AbsError: 8.18815e+03
      Equation: "HoleContinuityEquation"	RelError: 1.84237e-16	AbsError: 1.85694e-16
      Equation: "PotentialEquation"	RelError: 1.01291e-16	AbsError: 1.11022e-16
    Region: "oxide"	RelError: 3.84035e-16	AbsError: 4.05216e-16
      Equation: "PotentialEquation"	RelError: 3.84035e-16	AbsError: 4.05216e-16
Succeeded
IVPOINT	IDVD_VG1P0	5.00000000e-01	1.00000000e+00	3.90165891e-02
drain last end 1.000000e+00 2.000000e+00
number of equations 4295
Iteration: 0
  Device: "mos2d"	RelError: 4.00297e+00	AbsError: 3.51136e+16
    Region: "bulk"	RelError: 3.99191e+00	AbsError: 3.51136e+16
      Equation: "ElectronContinuityEquation"	RelError: 3.00451e-01	AbsError: 3.33307e+16
      Equation: "HoleContinuityEquation"	RelError: 9.00805e-01	AbsError: 1.78289e+15
      Equation: "PotentialEquation"	RelError: 2.79065e+00	AbsError: 2.00000e-02
    Region: "gate"	RelError: 3.74355e-04	AbsError: 1.85034e+16
      Equation: "ElectronContinuityEquation"	RelError: 1.84959e-04	AbsError: 1.85034e+16
      Equation: "HoleContinuityEquation"	RelError: 1.85027e-04	AbsError: 1.84952e-04
      Equation: "PotentialEquation"	RelError: 4.36914e-06	AbsError: 4.78895e-06
    Region: "oxide"	RelError: 1.06920e-02	AbsError: 1.39858e-02
      Equation: "PotentialEquation"	RelError: 1.06920e-02	AbsError: 1.39858e-02
Iteration: 1
  Device: "mos2d"	RelError: 2.01509e-01	AbsError: 6.60210e+14
    Region: "bulk"	RelError: 2.01500e-01	AbsError: 6.60210e+14
      Equation: "ElectronContinuityEquation"	RelError: 3.59155e-02	AbsError: 6.22378e+14
      Equation: "HoleContinuityEquation"	RelError: 1.56869e-01	AbsError: 3.78317e+13
      Equation: "PotentialEquation"	RelError: 8.71533e-03	AbsError: 4.75783e-05
    Region: "gate"	RelError: 3.12867e-07	AbsError: 1.39085e+13
      Equation: "ElectronContinuityEquation"	RelError: 1.38772e-07	AbsError: 1.39085e+13
      Equation: "HoleContinuityEquation"	RelError: 1.70444e-07	AbsError: 1.70060e-07
      Equation: "PotentialEquation"	RelError: 3.65130e-09	AbsError: 4.00231e-09
    Region: "oxide"	RelError: 8.58396e-06	AbsError: 1.12282e-05
      Equation: "PotentialEquation"	RelError: 8.58396e-06	AbsError: 1.12282e-05
Iteration: 2
  Device: "mos2d"	RelError: 1.56678e-03	AbsError: 5.01834e+10
    Region: "bulk"	RelError: 1.56678e-03	AbsError: 5.01834e+10
      Equation: "ElectronContinuityEquation"	RelError: 1.46288e-03	AbsError: 3.96485e+10
      Equation: "HoleContinuityEquation"	RelError: 1.03074e-04	AbsError: 1.05349e+10
      Equation: "PotentialEquation"	RelError: 8.26533e-07	AbsError: 9.83121e-09
    Region: "gate"	RelError: 1.31504e-11	AbsError: 6.52513e+08
      Equation: "ElectronContinuityEquation"	RelError: 6.51042e-12	AbsError: 6.52513e+08
      Equation: "HoleContinuityEquation"	RelError: 6.48635e-12	AbsError: 6.47173e-12
      Equation: "PotentialEquation"	RelError: 1.53591e-13	AbsError: 1.68356e-13
    Region: "oxide"	RelError: 4.06327e-10	AbsError: 5.31495e-10
      Equation: "PotentialEquation"	RelError: 4.06327e-10	AbsError: 5.31495e-10
Iteration: 3
  Device: "mos2d"	RelError: 1.70921e-07	AbsError: 1.34110e+04
    Region: "bulk"	RelError: 1.70921e-07	AbsError: 1.34110e+04
      Equation: "ElectronContinuityEquation"	RelError: 3.60949e-08	AbsError: 1.25497e+04
      Equation: "HoleContinuityEquation"	RelError: 1.34823e-07	AbsError: 8.61276e+02
      Equation: "PotentialEquation"	RelError: 3.30522e-12	AbsError: 2.57231e-15
    Region: "gate"	RelError: 3.30887e-16	AbsError: 7.58343e+03
      Equation: "ElectronContinuityEquation"	RelError: 7.58343e-17	AbsError: 7.58343e+03
      Equation: "HoleContinuityEquation"	RelError: 1.53762e-16	AbsError: 1.53762e-16
      Equation: "PotentialEquation"	RelError: 1.01291e-16	AbsError: 1.11022e-16
    Region: "oxide"	RelError: 3.81783e-16	AbsError: 4.23808e-16
      Equation: "PotentialEquation"	RelError: 3.81783e-16	AbsError: 4.23808e-16
Succeeded
IVPOINT	IDVD_VG1P0	5.00000000e-01	1.02000000e+00	4.02781963e-02
drain last end 1.020000e+00 2.000000e+00
number of equations 4295
Iteration: 0
  Device: "mos2d"	RelError: 1.93479e+00	AbsError: 3.52923e+16
    Region: "bulk"	RelError: 1.92386e+00	AbsError: 3.52923e+16
      Equation: "ElectronContinuityEquation"	RelError: 2.97405e-01	AbsError: 3.35091e+16
      Equation: "HoleContinuityEquation"	RelError: 8.90739e-01	AbsError: 1.78317e+15
      Equation: "PotentialEquation"	RelError: 7.35711e-01	AbsError: 2.00000e-02
    Region: "gate"	RelError: 3.73802e-04	AbsError: 1.84795e+16
      Equation: "ElectronContinuityEquation"	RelError: 1.84686e-04	AbsError: 1.84795e+16
      Equation: "HoleContinuityEquation"	RelError: 1.84754e-04	AbsError: 1.84644e-04
      Equation: "PotentialEquation"	RelError: 4.36267e-06	AbsError: 4.78188e-06
    Region: "oxide"	RelError: 1.05623e-02	AbsError: 1.39635e-02
      Equation: "PotentialEquation"	RelError: 1.05623e-02	AbsError: 1.39635e-02
Iteration: 1
  Device: "mos2d"	RelError: 1.90591e-01	AbsError: 6.41743e+14
    Region: "bulk"	RelError: 1.90582e-01	AbsError: 6.41743e+14
      Equation: "ElectronContinuityEquation"	RelError: 3.35912e-02	AbsError: 6.03642e+14
      Equation: "HoleContinuityEquation"	RelError: 1.54710e-01	AbsError: 3.81014e+13
      Equation: "PotentialEquation"	RelError: 2.28168e-03	AbsError: 4.64035e-05
    Region: "gate"	RelError: 3.00920e-07	AbsError: 1.33246e+13
      Equation: "ElectronContinuityEquation"	RelError: 1.32922e-07	AbsError: 1.33246e+13
      Equation: "HoleContinuityEquation"	RelError: 1.64486e-07	AbsError: 1.64086e-07
      Equation: "PotentialEquation"	RelError: 3.51186e-09	AbsError: 3.84948e-09
    Region: "oxide"	RelError: 8.13876e-06	AbsError: 1.07594e-05
      Equation: "PotentialEquation"	RelError: 8.13876e-06	AbsError: 1.07594e-05
Iteration: 2
  Device: "mos2d"	RelError: 1.59890e-03	AbsError: 4.89448e+10
    Region: "bulk"	RelError: 1.59890e-03	AbsError: 4.89448e+10
      Equation: "ElectronContinuityEquation"	RelError: 1.50254e-03	AbsError: 3.94512e+10
      Equation: "HoleContinuityEquation"	RelError: 9.60949e-05	AbsError: 9.49364e+09
      Equation: "PotentialEquation"	RelError: 2.64886e-07	AbsError: 9.04826e-09
    Region: "gate"	RelError: 1.34076e-11	AbsError: 6.65267e+08
      Equation: "ElectronContinuityEquation"	RelError: 6.63650e-12	AbsError: 6.65267e+08
      Equation: "HoleContinuityEquation"	RelError: 6.61446e-12	AbsError: 6.59838e-12
      Equation: "PotentialEquation"	RelError: 1.56603e-13	AbsError: 1.71659e-13
    Region: "oxide"	RelError: 4.08999e-10	AbsError: 5.40697e-10
      Equation: "PotentialEquation"	RelError: 4.08999e-10	AbsError: 5.40697e-10
Iteration: 3
  Device: "mos2d"	RelError: 1.65456e-07	AbsError: 2.63558e+04
    Region: "bulk"	RelError: 1.65456e-07	AbsError: 2.63558e+04
      Equation: "ElectronContinuityEquation"	RelError: 1.22687e-07	AbsError: 2.56568e+04
      Equation: "HoleContinuityEquation"	RelError: 4.27689e-08	AbsError: 6.99051e+02
      Equation: "PotentialEquation"	RelError: 3.90398e-13	AbsError: 2.61367e-15
    Region: "gate"	RelError: 3.70786e-16	AbsError: 8.17456e+03
      Equation: "ElectronContinuityEquation"	RelError: 8.17456e-17	AbsError: 8.17456e+03
      Equation: "HoleContinuityEquation"	RelError: 1.87747e-16	AbsError: 1.88807e-16
      Equation: "PotentialEquation"	RelError: 1.01293e-16	AbsError: 1.11025e-16
    Region: "oxide"	RelError: 4.84104e-16	AbsError: 4.00965e-16
      Equation: "PotentialEquation"	RelError: 4.84104e-16	AbsError: 4.00965e-16
Succeeded
IVPOINT	IDVD_VG1P0	5.00000000e-01	1.04000000e+00	4.15638785e-02
drain last end 1.040000e+00 2.000000e+00
number of equations 4295
Iteration: 0
  Device: "mos2d"	RelError: 2.65887e+00	AbsError: 3.54609e+16
    Region: "bulk"	RelError: 2.64806e+00	AbsError: 3.54609e+16
      Equation: "ElectronContinuityEquation"	RelError: 2.94789e-01	AbsError: 3.36802e+16
      Equation: "HoleContinuityEquation"	RelError: 8.83645e-01	AbsError: 1.78071e+15
      Equation: "PotentialEquation"	RelError: 1.46962e+00	AbsError: 2.00000e-02
    Region: "gate"	RelError: 3.73271e-04	AbsError: 1.84567e+16
      Equation: "ElectronContinuityEquation"	RelError: 1.84423e-04	AbsError: 1.84567e+16
      Equation: "HoleContinuityEquation"	RelError: 1.84491e-04	AbsError: 1.84348e-04
      Equation: "PotentialEquation"	RelError: 4.35645e-06	AbsError: 4.77508e-06
    Region: "oxide"	RelError: 1.04362e-02	AbsError: 1.39422e-02
      Equation: "PotentialEquation"	RelError: 1.04362e-02	AbsError: 1.39422e-02
Iteration: 1
  Device: "mos2d"	RelError: 1.87849e-01	AbsError: 6.20795e+14
    Region: "bulk"	RelError: 1.87841e-01	AbsError: 6.20795e+14
      Equation: "ElectronContinuityEquation"	RelError: 3.11755e-02	AbsError: 5.82707e+14
      Equation: "HoleContinuityEquation"	RelError: 1.52392e-01	AbsError: 3.80875e+13
      Equation: "PotentialEquation"	RelError: 4.27366e-03	AbsError: 4.60723e-05
    Region: "gate"	RelError: 2.88663e-07	AbsError: 1.27250e+13
      Equation: "ElectronContinuityEquation"	RelError: 1.26918e-07	AbsError: 1.27250e+13
      Equation: "HoleContinuityEquation"	RelError: 1.58376e-07	AbsError: 1.57963e-07
      Equation: "PotentialEquation"	RelError: 3.36880e-09	AbsError: 3.69268e-09
    Region: "oxide"	RelError: 7.69388e-06	AbsError: 1.02785e-05
      Equation: "PotentialEquation"	RelError: 7.69388e-06	AbsError: 1.02785e-05
Iteration: 2
  Device: "mos2d"	RelError: 1.55605e-03	AbsError: 4.80934e+10
    Region: "bulk"	RelError: 1.55605e-03	AbsError: 4.80934e+10
      Equation: "ElectronContinuityEquation"	RelError: 1.46292e-03	AbsError: 3.86435e+10
      Equation: "HoleContinuityEquation"	RelError: 9.25219e-05	AbsError: 9.44986e+09
      Equation: "PotentialEquation"	RelError: 6.06471e-07	AbsError: 8.22643e-09
    Region: "gate"	RelError: 1.33894e-11	AbsError: 6.64408e+08
      Equation: "ElectronContinuityEquation"	RelError: 6.62675e-12	AbsError: 6.64408e+08
      Equation: "HoleContinuityEquation"	RelError: 6.60625e-12	AbsError: 6.58902e-12
      Equation: "PotentialEquation"	RelError: 1.56376e-13	AbsError: 1.71410e-13
    Region: "oxide"	RelError: 4.03511e-10	AbsError: 5.39064e-10
      Equation: "PotentialEquation"	RelError: 4.03511e-10	AbsError: 5.39064e-10
Iteration: 3
  Device: "mos2d"	RelError: 1.83198e-07	AbsError: 1.02715e+04
    Region: "bulk"	RelError: 1.83198e-07	AbsError: 1.02715e+04
      Equation: "ElectronContinuityEquation"	RelError: 1.38563e-07	AbsError: 9.71535e+03
      Equation: "HoleContinuityEquation"	RelError: 4.46346e-08	AbsError: 5.56168e+02
      Equation: "PotentialEquation"	RelError: 6.49695e-13	AbsError: 1.42744e-15
    Region: "gate"	RelError: 3.02381e-16	AbsError: 8.03420e+03
      Equation: "ElectronContinuityEquation"	RelError: 8.09701e-17	AbsError: 8.03420e+03
      Equation: "HoleContinuityEquation"	RelError: 1.20121e-16	AbsError: 1.21111e-16
      Equation: "PotentialEquation"	RelError: 1.01291e-16	AbsError: 1.11022e-16
    Region: "oxide"	RelError: 2.61767e-16	AbsError: 1.81005e-16
      Equation: "PotentialEquation"	RelError: 2.61767e-16	AbsError: 1.81005e-16
Succeeded
IVPOINT	IDVD_VG1P0	5.00000000e-01	1.06000000e+00	4.28737320e-02
drain last end 1.060000e+00 2.000000e+00
number of equations 4295
Iteration: 0
  Device: "mos2d"	RelError: 4.40808e+00	AbsError: 3.56189e+16
    Region: "bulk"	RelError: 4.39739e+00	AbsError: 3.56189e+16
      Equation: "ElectronContinuityEquation"	RelError: 2.92824e-01	AbsError: 3.38435e+16
      Equation: "HoleContinuityEquation"	RelError: 8.74575e-01	AbsError: 1.77541e+15
      Equation: "PotentialEquation"	RelError: 3.22999e+00	AbsError: 2.00000e-02
    Region: "gate"	RelError: 3.72762e-04	AbsError: 1.84349e+16
      Equation: "ElectronContinuityEquation"	RelError: 1.84172e-04	AbsError: 1.84349e+16
      Equation: "HoleContinuityEquation"	RelError: 1.84240e-04	AbsError: 1.84063e-04
      Equation: "PotentialEquation"	RelError: 4.35049e-06	AbsError: 4.76857e-06
    Region: "oxide"	RelError: 1.03135e-02	AbsError: 1.39218e-02
      Equation: "PotentialEquation"	RelError: 1.03135e-02	AbsError: 1.39218e-02
Iteration: 1
  Device: "mos2d"	RelError: 1.91184e-01	AbsError: 5.97695e+14
    Region: "bulk"	RelError: 1.91176e-01	AbsError: 5.97695e+14
      Equation: "ElectronContinuityEquation"	RelError: 3.06870e-02	AbsError: 5.59898e+14
      Equation: "HoleContinuityEquation"	RelError: 1.51221e-01	AbsError: 3.77973e+13
      Equation: "PotentialEquation"	RelError: 9.26775e-03	AbsError: 4.84961e-05
    Region: "gate"	RelError: 2.76128e-07	AbsError: 1.21111e+13
      Equation: "ElectronContinuityEquation"	RelError: 1.20774e-07	AbsError: 1.21111e+13
      Equation: "HoleContinuityEquation"	RelError: 1.52132e-07	AbsError: 1.51708e-07
      Equation: "PotentialEquation"	RelError: 3.22250e-09	AbsError: 3.53233e-09
    Region: "oxide"	RelError: 7.25019e-06	AbsError: 9.78663e-06
      Equation: "PotentialEquation"	RelError: 7.25019e-06	AbsError: 9.78663e-06
Iteration: 2
  Device: "mos2d"	RelError: 1.43407e-03	AbsError: 4.66103e+10
    Region: "bulk"	RelError: 1.43407e-03	AbsError: 4.66103e+10
      Equation: "ElectronContinuityEquation"	RelError: 1.34407e-03	AbsError: 3.72961e+10
      Equation: "HoleContinuityEquation"	RelError: 8.87424e-05	AbsError: 9.31419e+09
      Equation: "PotentialEquation"	RelError: 1.25269e-06	AbsError: 7.68030e-09
    Region: "gate"	RelError: 1.31258e-11	AbsError: 6.51363e+08
      Equation: "ElectronContinuityEquation"	RelError: 6.49550e-12	AbsError: 6.51363e+08
      Equation: "HoleContinuityEquation"	RelError: 6.47699e-12	AbsError: 6.45895e-12
      Equation: "PotentialEquation"	RelError: 1.53305e-13	AbsError: 1.68045e-13
    Region: "oxide"	RelError: 3.90987e-10	AbsError: 5.27772e-10
      Equation: "PotentialEquation"	RelError: 3.90987e-10	AbsError: 5.27772e-10
Iteration: 3
  Device: "mos2d"	RelError: 5.21651e-08	AbsError: 1.82289e+04
    Region: "bulk"	RelError: 5.21651e-08	AbsError: 1.82289e+04
      Equation: "ElectronContinuityEquation"	RelError: 2.28765e-08	AbsError: 1.76864e+04
      Equation: "HoleContinuityEquation"	RelError: 2.92885e-08	AbsError: 5.42409e+02
      Equation: "PotentialEquation"	RelError: 6.45616e-14	AbsError: 3.60253e-15
    Region: "gate"	RelError: 3.40468e-16	AbsError: 7.91005e+03
      Equation: "ElectronContinuityEquation"	RelError: 7.91005e-17	AbsError: 7.91005e+03
      Equation: "HoleContinuityEquation"	RelError: 1.60077e-16	AbsError: 1.60077e-16
      Equation: "PotentialEquation"	RelError: 1.01291e-16	AbsError: 1.11022e-16
    Region: "oxide"	RelError: 1.18976e-16	AbsError: 1.42299e-16
      Equation: "PotentialEquation"	RelError: 1.18976e-16	AbsError: 1.42299e-16
Succeeded
IVPOINT	IDVD_VG1P0	5.00000000e-01	1.08000000e+00	4.42078545e-02
drain last end 1.080000e+00 2.000000e+00
number of equations 4295
Iteration: 0
  Device: "mos2d"	RelError: 1.92230e+00	AbsError: 3.57660e+16
    Region: "bulk"	RelError: 1.91174e+00	AbsError: 3.57660e+16
      Equation: "ElectronContinuityEquation"	RelError: 2.90713e-01	AbsError: 3.39988e+16
      Equation: "HoleContinuityEquation"	RelError: 8.58073e-01	AbsError: 1.76720e+15
      Equation: "PotentialEquation"	RelError: 7.62951e-01	AbsError: 2.00000e-02
    Region: "gate"	RelError: 3.72275e-04	AbsError: 1.84142e+16
      Equation: "ElectronContinuityEquation"	RelError: 1.83931e-04	AbsError: 1.84142e+16
      Equation: "HoleContinuityEquation"	RelError: 1.83999e-04	AbsError: 1.83788e-04
      Equation: "PotentialEquation"	RelError: 4.34479e-06	AbsError: 4.76234e-06
    Region: "oxide"	RelError: 1.01942e-02	AbsError: 1.39024e-02
      Equation: "PotentialEquation"	RelError: 1.01942e-02	AbsError: 1.39024e-02
Iteration: 1
  Device: "mos2d"	RelError: 1.81379e-01	AbsError: 5.72797e+14
    Region: "bulk"	RelError: 1.81372e-01	AbsError: 5.72797e+14
      Equation: "ElectronContinuityEquation"	RelError: 3.01726e-02	AbsError: 5.35554e+14
      Equation: "HoleContinuityEquation"	RelError: 1.49046e-01	AbsError: 3.72425e+13
      Equation: "PotentialEquation"	RelError: 2.15336e-03	AbsError: 5.09270e-05
    Region: "gate"	RelError: 2.63373e-07	AbsError: 1.14859e+13
      Equation: "ElectronContinuityEquation"	RelError: 1.14519e-07	AbsError: 1.14859e+13
      Equation: "HoleContinuityEquation"	RelError: 1.45781e-07	AbsError: 1.45349e-07
      Equation: "PotentialEquation"	RelError: 3.07363e-09	AbsError: 3.36916e-09
    Region: "oxide"	RelError: 6.80924e-06	AbsError: 9.28601e-06
      Equation: "PotentialEquation"	RelError: 6.80924e-06	AbsError: 9.28601e-06
Iteration: 2
  Device: "mos2d"	RelError: 1.24950e-03	AbsError: 4.45463e+10
    Region: "bulk"	RelError: 1.24950e-03	AbsError: 4.45463e+10
      Equation: "ElectronContinuityEquation"	RelError: 1.16133e-03	AbsError: 3.54946e+10
      Equation: "HoleContinuityEquation"	RelError: 8.78917e-05	AbsError: 9.05164e+09
      Equation: "PotentialEquation"	RelError: 2.77545e-07	AbsError: 8.74748e-09
    Region: "gate"	RelError: 1.26522e-11	AbsError: 6.27928e+08
      Equation: "ElectronContinuityEquation"	RelError: 6.26069e-12	AbsError: 6.27928e+08
      Equation: "HoleContinuityEquation"	RelError: 6.24372e-12	AbsError: 6.22524e-12
      Equation: "PotentialEquation"	RelError: 1.47759e-13	AbsError: 1.61966e-13
    Region: "oxide"	RelError: 3.72668e-10	AbsError: 5.08222e-10
      Equation: "PotentialEquation"	RelError: 3.72668e-10	AbsError: 5.08222e-10
Iteration: 3
  Device: "mos2d"	RelError: 1.89041e-07	AbsError: 9.49605e+03
    Region: "bulk"	RelError: 1.89041e-07	AbsError: 9.49605e+03
      Equation: "ElectronContinuityEquation"	RelError: 3.36781e-08	AbsError: 8.98585e+03
      Equation: "HoleContinuityEquation"	RelError: 1.55363e-07	AbsError: 5.10195e+02
      Equation: "PotentialEquation"	RelError: 3.25513e-13	AbsError: 1.33493e-15
    Region: "gate"	RelError: 4.09504e-16	AbsError: 8.17357e+03
      Equation: "ElectronContinuityEquation"	RelError: 8.17365e-17	AbsError: 8.17357e+03
      Equation: "HoleContinuityEquation"	RelError: 2.26406e-16	AbsError: 2.28201e-16
      Equation: "PotentialEquation"	RelError: 1.01361e-16	AbsError: 1.11100e-16
    Region: "oxide"	RelError: 2.06957e-16	AbsError: 2.28982e-16
      Equation: "PotentialEquation"	RelError: 2.06957e-16	AbsError: 2.28982e-16
Succeeded
IVPOINT	IDVD_VG1P0	5.00000000e-01	1.10000000e+00	4.55663455e-02
drain last end 1.100000e+00 2.000000e+00
number of equations 4295
Iteration: 0
  Device: "mos2d"	RelError: 1.62193e+00	AbsError: 3.59020e+16
    Region: "bulk"	RelError: 1.61148e+00	AbsError: 3.59020e+16
      Equation: "ElectronContinuityEquation"	RelError: 2.88413e-01	AbsError: 3.41460e+16
      Equation: "HoleContinuityEquation"	RelError: 8.30676e-01	AbsError: 1.75596e+15
      Equation: "PotentialEquation"	RelError: 4.92387e-01	AbsError: 2.00000e-02
    Region: "gate"	RelError: 3.71812e-04	AbsError: 1.83947e+16
      Equation: "ElectronContinuityEquation"	RelError: 1.83702e-04	AbsError: 1.83947e+16
      Equation: "HoleContinuityEquation"	RelError: 1.83770e-04	AbsError: 1.83526e-04
      Equation: "PotentialEquation"	RelError: 4.33936e-06	AbsError: 4.75642e-06
    Region: "oxide"	RelError: 1.00782e-02	AbsError: 1.38840e-02
      Equation: "PotentialEquation"	RelError: 1.00782e-02	AbsError: 1.38840e-02
Iteration: 1
  Device: "mos2d"	RelError: 1.76453e-01	AbsError: 5.46460e+14
    Region: "bulk"	RelError: 1.76446e-01	AbsError: 5.46460e+14
      Equation: "ElectronContinuityEquation"	RelError: 2.98534e-02	AbsError: 5.10021e+14
      Equation: "HoleContinuityEquation"	RelError: 1.45214e-01	AbsError: 3.64390e+13
      Equation: "PotentialEquation"	RelError: 1.37893e-03	AbsError: 5.33246e-05
    Region: "gate"	RelError: 2.50470e-07	AbsError: 1.08528e+13
      Equation: "ElectronContinuityEquation"	RelError: 1.08188e-07	AbsError: 1.08528e+13
      Equation: "HoleContinuityEquation"	RelError: 1.39359e-07	AbsError: 1.38922e-07
      Equation: "PotentialEquation"	RelError: 2.92303e-09	AbsError: 3.20410e-09
    Region: "oxide"	RelError: 6.37298e-06	AbsError: 8.77950e-06
      Equation: "PotentialEquation"	RelError: 6.37298e-06	AbsError: 8.77950e-06
Iteration: 2
  Device: "mos2d"	RelError: 1.32636e-03	AbsError: 4.20072e+10
    Region: "bulk"	RelError: 1.32636e-03	AbsError: 4.20072e+10
      Equation: "ElectronContinuityEquation"	RelError: 1.23676e-03	AbsError: 3.33342e+10
      Equation: "HoleContinuityEquation"	RelError: 8.94046e-05	AbsError: 8.67299e+09
      Equation: "PotentialEquation"	RelError: 1.90770e-07	AbsError: 1.02013e-08
    Region: "gate"	RelError: 1.20069e-11	AbsError: 5.95972e+08
      Equation: "ElectronContinuityEquation"	RelError: 5.94103e-12	AbsError: 5.95972e+08
      Equation: "HoleContinuityEquation"	RelError: 5.92566e-12	AbsError: 5.90707e-12
      Equation: "PotentialEquation"	RelError: 1.40169e-13	AbsError: 1.53647e-13
    Region: "oxide"	RelError: 3.49846e-10	AbsError: 4.81953e-10
      Equation: "PotentialEquation"	RelError: 3.49846e-10	AbsError: 4.81953e-10
Iteration: 3
  Device: "mos2d"	RelError: 8.68646e-08	AbsError: 1.91222e+04
    Region: "bulk"	RelError: 8.68646e-08	AbsError: 1.91222e+04
      Equation: "ElectronContinuityEquation"	RelError: 4.20713e-08	AbsError: 1.86722e+04
      Equation: "HoleContinuityEquation"	RelError: 4.47929e-08	AbsError: 4.50001e+02
      Equation: "PotentialEquation"	RelError: 3.44452e-13	AbsError: 1.86975e-15
    Region: "gate"	RelError: 3.71354e-16	AbsError: 8.11470e+03
      Equation: "ElectronContinuityEquation"	RelError: 8.12728e-17	AbsError: 8.11470e+03
      Equation: "HoleContinuityEquation"	RelError: 1.88790e-16	AbsError: 1.90336e-16
      Equation: "PotentialEquation"	RelError: 1.01291e-16	AbsError: 1.11022e-16
    Region: "oxide"	RelError: 3.23419e-16	AbsError: 1.56840e-16
      Equation: "PotentialEquation"	RelError: 3.23419e-16	AbsError: 1.56840e-16
Succeeded
IVPOINT	IDVD_VG1P0	5.00000000e-01	1.12000000e+00	4.69493073e-02
drain last end 1.120000e+00 2.000000e+00
number of equations 4295
Iteration: 0
  Device: "mos2d"	RelError: 2.09639e+00	AbsError: 3.60265e+16
    Region: "bulk"	RelError: 2.08606e+00	AbsError: 3.60265e+16
      Equation: "ElectronContinuityEquation"	RelError: 2.85874e-01	AbsError: 3.42849e+16
      Equation: "HoleContinuityEquation"	RelError: 8.16800e-01	AbsError: 1.74158e+15
      Equation: "PotentialEquation"	RelError: 9.83383e-01	AbsError: 2.00000e-02
    Region: "gate"	RelError: 3.71372e-04	AbsError: 1.83763e+16
      Equation: "ElectronContinuityEquation"	RelError: 1.83485e-04	AbsError: 1.83763e+16
      Equation: "HoleContinuityEquation"	RelError: 1.83553e-04	AbsError: 1.83275e-04
      Equation: "PotentialEquation"	RelError: 4.33421e-06	AbsError: 4.75079e-06
    Region: "oxide"	RelError: 9.96535e-03	AbsError: 1.38666e-02
      Equation: "PotentialEquation"	RelError: 9.96535e-03	AbsError: 1.38666e-02
Iteration: 1
  Device: "mos2d"	RelError: 1.71221e-01	AbsError: 5.19051e+14
    Region: "bulk"	RelError: 1.71215e-01	AbsError: 5.19051e+14
      Equation: "ElectronContinuityEquation"	RelError: 2.95127e-02	AbsError: 4.83644e+14
      Equation: "HoleContinuityEquation"	RelError: 1.39033e-01	AbsError: 3.54069e+13
      Equation: "PotentialEquation"	RelError: 2.66955e-03	AbsError: 5.56414e-05
    Region: "gate"	RelError: 2.37504e-07	AbsError: 1.02162e+13
      Equation: "ElectronContinuityEquation"	RelError: 1.01824e-07	AbsError: 1.02162e+13
      Equation: "HoleContinuityEquation"	RelError: 1.32908e-07	AbsError: 1.32468e-07
      Equation: "PotentialEquation"	RelError: 2.77170e-09	AbsError: 3.03823e-09
    Region: "oxide"	RelError: 5.94364e-06	AbsError: 8.27041e-06
      Equation: "PotentialEquation"	RelError: 5.94364e-06	AbsError: 8.27041e-06
Iteration: 2
  Device: "mos2d"	RelError: 1.41434e-03	AbsError: 3.91066e+10
    Region: "bulk"	RelError: 1.41434e-03	AbsError: 3.91066e+10
      Equation: "ElectronContinuityEquation"	RelError: 1.32323e-03	AbsError: 3.09133e+10
      Equation: "HoleContinuityEquation"	RelError: 9.07979e-05	AbsError: 8.19333e+09
      Equation: "PotentialEquation"	RelError: 3.06626e-07	AbsError: 1.17509e-08
    Region: "gate"	RelError: 1.12303e-11	AbsError: 5.57489e+08
      Equation: "ElectronContinuityEquation"	RelError: 5.55642e-12	AbsError: 5.57489e+08
      Equation: "HoleContinuityEquation"	RelError: 5.54269e-12	AbsError: 5.52434e-12
      Equation: "PotentialEquation"	RelError: 1.31152e-13	AbsError: 1.43763e-13
    Region: "oxide"	RelError: 3.23793e-10	AbsError: 4.50548e-10
      Equation: "PotentialEquation"	RelError: 3.23793e-10	AbsError: 4.50548e-10
Iteration: 3
  Device: "mos2d"	RelError: 4.52062e-07	AbsError: 1.45199e+04
    Region: "bulk"	RelError: 4.52062e-07	AbsError: 1.45199e+04
      Equation: "ElectronContinuityEquation"	RelError: 2.93450e-07	AbsError: 1.39602e+04
      Equation: "HoleContinuityEquation"	RelError: 1.58612e-07	AbsError: 5.59667e+02
      Equation: "PotentialEquation"	RelError: 2.25577e-13	AbsError: 1.52577e-15
    Region: "gate"	RelError: 4.49182e-16	AbsError: 8.13056e+03
      Equation: "ElectronContinuityEquation"	RelError: 8.13060e-17	AbsError: 8.13056e+03
      Equation: "HoleContinuityEquation"	RelError: 2.66569e-16	AbsError: 2.68488e-16
      Equation: "PotentialEquation"	RelError: 1.01308e-16	AbsError: 1.11041e-16
    Region: "oxide"	RelError: 1.43018e-16	AbsError: 1.08941e-16
      Equation: "PotentialEquation"	RelError: 1.43018e-16	AbsError: 1.08941e-16
Succeeded
IVPOINT	IDVD_VG1P0	5.00000000e-01	1.14000000e+00	4.83568449e-02
drain last end 1.140000e+00 2.000000e+00
number of equations 4295
Iteration: 0
  Device: "mos2d"	RelError: 1.15356e+02	AbsError: 3.61394e+16
    Region: "bulk"	RelError: 1.15346e+02	AbsError: 3.61394e+16
      Equation: "ElectronContinuityEquation"	RelError: 2.83043e-01	AbsError: 3.44154e+16
      Equation: "HoleContinuityEquation"	RelError: 8.20210e-01	AbsError: 1.72394e+15
      Equation: "PotentialEquation"	RelError: 1.14243e+02	AbsError: 2.00000e-02
    Region: "gate"	RelError: 3.70956e-04	AbsError: 1.83591e+16
      Equation: "ElectronContinuityEquation"	RelError: 1.83279e-04	AbsError: 1.83591e+16
      Equation: "HoleContinuityEquation"	RelError: 1.83347e-04	AbsError: 1.83036e-04
      Equation: "PotentialEquation"	RelError: 4.32933e-06	AbsError: 4.74546e-06
    Region: "oxide"	RelError: 9.85555e-03	AbsError: 1.38502e-02
      Equation: "PotentialEquation"	RelError: 9.85555e-03	AbsError: 1.38502e-02
Iteration: 1
  Device: "mos2d"	RelError: 5.94400e-01	AbsError: 4.90925e+14
    Region: "bulk"	RelError: 5.94394e-01	AbsError: 4.90925e+14
      Equation: "ElectronContinuityEquation"	RelError: 2.91450e-02	AbsError: 4.56755e+14
      Equation: "HoleContinuityEquation"	RelError: 1.37504e-01	AbsError: 3.41697e+13
      Equation: "PotentialEquation"	RelError: 4.27745e-01	AbsError: 5.78228e-05
    Region: "gate"	RelError: 2.24564e-07	AbsError: 9.58048e+12
      Equation: "ElectronContinuityEquation"	RelError: 9.54707e-08	AbsError: 9.58048e+12
      Equation: "HoleContinuityEquation"	RelError: 1.26473e-07	AbsError: 1.26032e-07
      Equation: "PotentialEquation"	RelError: 2.62068e-09	AbsError: 2.87270e-09
    Region: "oxide"	RelError: 5.52350e-06	AbsError: 7.76225e-06
      Equation: "PotentialEquation"	RelError: 5.52350e-06	AbsError: 7.76225e-06
Iteration: 2
  Device: "mos2d"	RelError: 1.49389e-03	AbsError: 3.73844e+10
    Region: "bulk"	RelError: 1.49389e-03	AbsError: 3.73844e+10
      Equation: "ElectronContinuityEquation"	RelError: 1.35498e-03	AbsError: 2.83279e+10
      Equation: "HoleContinuityEquation"	RelError: 9.20475e-05	AbsError: 9.05645e+09
      Equation: "PotentialEquation"	RelError: 4.68690e-05	AbsError: 1.33600e-08
    Region: "gate"	RelError: 1.03611e-11	AbsError: 5.14414e+08
      Equation: "ElectronContinuityEquation"	RelError: 5.12621e-12	AbsError: 5.14414e+08
      Equation: "HoleContinuityEquation"	RelError: 5.11386e-12	AbsError: 5.09602e-12
      Equation: "PotentialEquation"	RelError: 1.21007e-13	AbsError: 1.32644e-13
    Region: "oxide"	RelError: 2.95707e-10	AbsError: 4.15562e-10
      Equation: "PotentialEquation"	RelError: 2.95707e-10	AbsError: 4.15562e-10
Iteration: 3
  Device: "mos2d"	RelError: 3.37668e-07	AbsError: 1.97503e+04
    Region: "bulk"	RelError: 3.37668e-07	AbsError: 1.97503e+04
      Equation: "ElectronContinuityEquation"	RelError: 3.17474e-07	AbsError: 1.89995e+04
      Equation: "HoleContinuityEquation"	RelError: 2.01928e-08	AbsError: 7.50820e+02
      Equation: "PotentialEquation"	RelError: 7.37910e-13	AbsError: 2.02736e-15
    Region: "gate"	RelError: 3.92337e-16	AbsError: 8.20933e+03
      Equation: "ElectronContinuityEquation"	RelError: 8.27800e-17	AbsError: 8.20933e+03
      Equation: "HoleContinuityEquation"	RelError: 2.08266e-16	AbsError: 2.10108e-16
      Equation: "PotentialEquation"	RelError: 1.01291e-16	AbsError: 1.11022e-16
    Region: "oxide"	RelError: 3.89629e-16	AbsError: 3.04116e-16
      Equation: "PotentialEquation"	RelError: 3.89629e-16	AbsError: 3.04116e-16
Succeeded
IVPOINT	IDVD_VG1P0	5.00000000e-01	1.16000000e+00	4.97890664e-02
drain last end 1.160000e+00 2.000000e+00
number of equations 4295
Iteration: 0
  Device: "mos2d"	RelError: 1.10403e+01	AbsError: 3.62405e+16
    Region: "bulk"	RelError: 1.10301e+01	AbsError: 3.62405e+16
      Equation: "ElectronContinuityEquation"	RelError: 2.79852e-01	AbsError: 3.45376e+16
      Equation: "HoleContinuityEquation"	RelError: 8.22430e-01	AbsError: 1.70293e+15
      Equation: "PotentialEquation"	RelError: 9.92786e+00	AbsError: 2.00000e-02
    Region: "gate"	RelError: 3.70563e-04	AbsError: 1.83430e+16
      Equation: "ElectronContinuityEquation"	RelError: 1.83085e-04	AbsError: 1.83430e+16
      Equation: "HoleContinuityEquation"	RelError: 1.83153e-04	AbsError: 1.82809e-04
      Equation: "PotentialEquation"	RelError: 4.32473e-06	AbsError: 4.74044e-06
    Region: "oxide"	RelError: 9.74870e-03	AbsError: 1.38349e-02
      Equation: "PotentialEquation"	RelError: 9.74870e-03	AbsError: 1.38349e-02
Iteration: 1
  Device: "mos2d"	RelError: 2.07086e-01	AbsError: 4.63401e+14
    Region: "bulk"	RelError: 2.07081e-01	AbsError: 4.63401e+14
      Equation: "ElectronContinuityEquation"	RelError: 2.87449e-02	AbsError: 4.29669e+14
      Equation: "HoleContinuityEquation"	RelError: 1.38209e-01	AbsError: 3.37318e+13
      Equation: "PotentialEquation"	RelError: 4.01271e-02	AbsError: 5.98089e-05
    Region: "gate"	RelError: 2.11741e-07	AbsError: 8.95005e+12
      Equation: "ElectronContinuityEquation"	RelError: 8.91727e-08	AbsError: 8.95005e+12
      Equation: "HoleContinuityEquation"	RelError: 1.20098e-07	AbsError: 1.19658e-07
      Equation: "PotentialEquation"	RelError: 2.47103e-09	AbsError: 2.70866e-09
    Region: "oxide"	RelError: 5.11477e-06	AbsError: 7.25858e-06
      Equation: "PotentialEquation"	RelError: 5.11477e-06	AbsError: 7.25858e-06
Iteration: 2
  Device: "mos2d"	RelError: 1.42245e-03	AbsError: 3.62283e+10
    Region: "bulk"	RelError: 1.42245e-03	AbsError: 3.62283e+10
      Equation: "ElectronContinuityEquation"	RelError: 1.32172e-03	AbsError: 2.56671e+10
      Equation: "HoleContinuityEquation"	RelError: 9.31403e-05	AbsError: 1.05612e+10
      Equation: "PotentialEquation"	RelError: 7.59319e-06	AbsError: 1.49765e-08
    Region: "gate"	RelError: 9.43569e-12	AbsError: 4.68540e+08
      Equation: "ElectronContinuityEquation"	RelError: 4.66824e-12	AbsError: 4.68540e+08
      Equation: "HoleContinuityEquation"	RelError: 4.65728e-12	AbsError: 4.64022e-12
      Equation: "PotentialEquation"	RelError: 1.10171e-13	AbsError: 1.20767e-13
    Region: "oxide"	RelError: 2.66670e-10	AbsError: 3.78442e-10
      Equation: "PotentialEquation"	RelError: 2.66670e-10	AbsError: 3.78442e-10
Iteration: 3
  Device: "mos2d"	RelError: 5.86053e-07	AbsError: 2.05679e+04
    Region: "bulk"	RelError: 5.86053e-07	AbsError: 2.05679e+04
      Equation: "ElectronContinuityEquation"	RelError: 3.72564e-07	AbsError: 1.96013e+04
      Equation: "HoleContinuityEquation"	RelError: 2.13488e-07	AbsError: 9.66653e+02
      Equation: "PotentialEquation"	RelError: 1.09583e-12	AbsError: 1.56594e-15
    Region: "gate"	RelError: 3.10598e-16	AbsError: 7.98115e+03
      Equation: "ElectronContinuityEquation"	RelError: 7.98115e-17	AbsError: 7.98115e+03
      Equation: "HoleContinuityEquation"	RelError: 1.29496e-16	AbsError: 1.29496e-16
      Equation: "PotentialEquation"	RelError: 1.01291e-16	AbsError: 1.11022e-16
    Region: "oxide"	RelError: 2.55239e-16	AbsError: 2.55660e-16
      Equation: "PotentialEquation"	RelError: 2.55239e-16	AbsError: 2.55660e-16
Succeeded
IVPOINT	IDVD_VG1P0	5.00000000e-01	1.18000000e+00	5.12460835e-02
drain last end 1.180000e+00 2.000000e+00
number of equations 4295
Iteration: 0
  Device: "mos2d"	RelError: 3.10403e+00	AbsError: 3.63299e+16
    Region: "bulk"	RelError: 3.09401e+00	AbsError: 3.63299e+16
      Equation: "ElectronContinuityEquation"	RelError: 2.76223e-01	AbsError: 3.46515e+16
      Equation: "HoleContinuityEquation"	RelError: 8.22713e-01	AbsError: 1.67844e+15
      Equation: "PotentialEquation"	RelError: 1.99508e+00	AbsError: 2.00000e-02
    Region: "gate"	RelError: 3.70193e-04	AbsError: 1.83280e+16
      Equation: "ElectronContinuityEquation"	RelError: 1.82903e-04	AbsError: 1.83280e+16
      Equation: "HoleContinuityEquation"	RelError: 1.82970e-04	AbsError: 1.82593e-04
      Equation: "PotentialEquation"	RelError: 4.32040e-06	AbsError: 4.73571e-06
    Region: "oxide"	RelError: 9.64472e-03	AbsError: 1.38205e-02
      Equation: "PotentialEquation"	RelError: 9.64472e-03	AbsError: 1.38205e-02
Iteration: 1
  Device: "mos2d"	RelError: 1.71247e-01	AbsError: 4.38005e+14
    Region: "bulk"	RelError: 1.71243e-01	AbsError: 4.38005e+14
      Equation: "ElectronContinuityEquation"	RelError: 2.83061e-02	AbsError: 4.02676e+14
      Equation: "HoleContinuityEquation"	RelError: 1.38638e-01	AbsError: 3.53289e+13
      Equation: "PotentialEquation"	RelError: 4.29835e-03	AbsError: 6.15362e-05
    Region: "gate"	RelError: 1.99122e-07	AbsError: 8.32926e+12
      Equation: "ElectronContinuityEquation"	RelError: 8.29730e-08	AbsError: 8.32926e+12
      Equation: "HoleContinuityEquation"	RelError: 1.13825e-07	AbsError: 1.13388e-07
      Equation: "PotentialEquation"	RelError: 2.32375e-09	AbsError: 2.54723e-09
    Region: "oxide"	RelError: 4.71951e-06	AbsError: 6.76284e-06
      Equation: "PotentialEquation"	RelError: 4.71951e-06	AbsError: 6.76284e-06
Iteration: 2
  Device: "mos2d"	RelError: 1.31729e-03	AbsError: 3.50249e+10
    Region: "bulk"	RelError: 1.31729e-03	AbsError: 3.50249e+10
      Equation: "ElectronContinuityEquation"	RelError: 1.22236e-03	AbsError: 2.30094e+10
      Equation: "HoleContinuityEquation"	RelError: 9.40735e-05	AbsError: 1.20154e+10
      Equation: "PotentialEquation"	RelError: 8.56197e-07	AbsError: 1.65328e-08
    Region: "gate"	RelError: 8.48669e-12	AbsError: 4.21481e+08
      Equation: "ElectronContinuityEquation"	RelError: 4.19864e-12	AbsError: 4.21481e+08
      Equation: "HoleContinuityEquation"	RelError: 4.18900e-12	AbsError: 4.17292e-12
      Equation: "PotentialEquation"	RelError: 9.90503e-14	AbsError: 1.08576e-13
    Region: "oxide"	RelError: 2.37610e-10	AbsError: 3.40484e-10
      Equation: "PotentialEquation"	RelError: 2.37610e-10	AbsError: 3.40484e-10
Iteration: 3
  Device: "mos2d"	RelError: 2.43792e-07	AbsError: 1.07837e+04
    Region: "bulk"	RelError: 2.43792e-07	AbsError: 1.07837e+04
      Equation: "ElectronContinuityEquation"	RelError: 4.30741e-08	AbsError: 9.39206e+03
      Equation: "HoleContinuityEquation"	RelError: 2.00718e-07	AbsError: 1.39166e+03
      Equation: "PotentialEquation"	RelError: 7.60852e-14	AbsError: 1.61004e-15
    Region: "gate"	RelError: 3.80126e-16	AbsError: 8.19091e+03
      Equation: "ElectronContinuityEquation"	RelError: 8.19091e-17	AbsError: 8.19091e+03
      Equation: "HoleContinuityEquation"	RelError: 1.96926e-16	AbsError: 1.98573e-16
      Equation: "PotentialEquation"	RelError: 1.01291e-16	AbsError: 1.11022e-16
    Region: "oxide"	RelError: 2.60409e-16	AbsError: 2.63916e-16
      Equation: "PotentialEquation"	RelError: 2.60409e-16	AbsError: 2.63916e-16
Succeeded
IVPOINT	IDVD_VG1P0	5.00000000e-01	1.20000000e+00	5.27280115e-02
drain last end 1.200000e+00 2.000000e+00
number of equations 4295
Iteration: 0
  Device: "mos2d"	RelError: 3.33332e+00	AbsError: 3.64075e+16
    Region: "bulk"	RelError: 3.32340e+00	AbsError: 3.64075e+16
      Equation: "ElectronContinuityEquation"	RelError: 2.72056e-01	AbsError: 3.47572e+16
      Equation: "HoleContinuityEquation"	RelError: 8.19912e-01	AbsError: 1.65037e+15
      Equation: "PotentialEquation"	RelError: 2.23144e+00	AbsError: 2.00000e-02
    Region: "gate"	RelError: 3.69847e-04	AbsError: 1.83143e+16
      Equation: "ElectronContinuityEquation"	RelError: 1.82732e-04	AbsError: 1.83143e+16
      Equation: "HoleContinuityEquation"	RelError: 1.82799e-04	AbsError: 1.82389e-04
      Equation: "PotentialEquation"	RelError: 4.31634e-06	AbsError: 4.73128e-06
    Region: "oxide"	RelError: 9.54348e-03	AbsError: 1.38071e-02
      Equation: "PotentialEquation"	RelError: 9.54348e-03	AbsError: 1.38071e-02
Iteration: 1
  Device: "mos2d"	RelError: 1.69321e-01	AbsError: 4.12680e+14
    Region: "bulk"	RelError: 1.69317e-01	AbsError: 4.12680e+14
      Equation: "ElectronContinuityEquation"	RelError: 2.78207e-02	AbsError: 3.76036e+14
      Equation: "HoleContinuityEquation"	RelError: 1.38621e-01	AbsError: 3.66437e+13
      Equation: "PotentialEquation"	RelError: 2.87477e-03	AbsError: 6.29409e-05
    Region: "gate"	RelError: 1.86786e-07	AbsError: 7.72212e+12
      Equation: "ElectronContinuityEquation"	RelError: 7.69114e-08	AbsError: 7.72212e+12
      Equation: "HoleContinuityEquation"	RelError: 1.07695e-07	AbsError: 1.07263e-07
      Equation: "PotentialEquation"	RelError: 2.17978e-09	AbsError: 2.38943e-09
    Region: "oxide"	RelError: 4.33951e-06	AbsError: 6.27821e-06
      Equation: "PotentialEquation"	RelError: 4.33951e-06	AbsError: 6.27821e-06
Iteration: 2
  Device: "mos2d"	RelError: 1.16250e-03	AbsError: 3.37648e+10
    Region: "bulk"	RelError: 1.16250e-03	AbsError: 3.37648e+10
      Equation: "ElectronContinuityEquation"	RelError: 1.06722e-03	AbsError: 2.04205e+10
      Equation: "HoleContinuityEquation"	RelError: 9.48527e-05	AbsError: 1.33442e+10
      Equation: "PotentialEquation"	RelError: 4.27712e-07	AbsError: 1.79484e-08
    Region: "gate"	RelError: 7.54224e-12	AbsError: 3.74642e+08
      Equation: "ElectronContinuityEquation"	RelError: 3.73139e-12	AbsError: 3.74642e+08
      Equation: "HoleContinuityEquation"	RelError: 3.72287e-12	AbsError: 3.70793e-12
      Equation: "PotentialEquation"	RelError: 8.79835e-14	AbsError: 9.64456e-14
    Region: "oxide"	RelError: 2.09291e-10	AbsError: 3.02793e-10
      Equation: "PotentialEquation"	RelError: 2.09291e-10	AbsError: 3.02793e-10
Iteration: 3
  Device: "mos2d"	RelError: 7.01572e-07	AbsError: 1.45077e+04
    Region: "bulk"	RelError: 7.01572e-07	AbsError: 1.45077e+04
      Equation: "ElectronContinuityEquation"	RelError: 3.93495e-07	AbsError: 1.28250e+04
      Equation: "HoleContinuityEquation"	RelError: 3.08076e-07	AbsError: 1.68266e+03
      Equation: "PotentialEquation"	RelError: 8.23560e-13	AbsError: 2.08285e-15
    Region: "gate"	RelError: 4.08324e-16	AbsError: 8.16149e+03
      Equation: "ElectronContinuityEquation"	RelError: 8.16149e-17	AbsError: 8.16149e+03
      Equation: "HoleContinuityEquation"	RelError: 2.25419e-16	AbsError: 2.27243e-16
      Equation: "PotentialEquation"	RelError: 1.01291e-16	AbsError: 1.11022e-16
    Region: "oxide"	RelError: 3.11644e-16	AbsError: 2.14777e-16
      Equation: "PotentialEquation"	RelError: 3.11644e-16	AbsError: 2.14777e-16
Succeeded
IVPOINT	IDVD_VG1P0	5.00000000e-01	1.22000000e+00	5.42349689e-02
drain last end 1.220000e+00 2.000000e+00
number of equations 4295
Iteration: 0
  Device: "mos2d"	RelError: 4.67869e+00	AbsError: 3.64735e+16
    Region: "bulk"	RelError: 4.66887e+00	AbsError: 3.64735e+16
      Equation: "ElectronContinuityEquation"	RelError: 2.67238e-01	AbsError: 3.48548e+16
      Equation: "HoleContinuityEquation"	RelError: 8.12325e-01	AbsError: 1.61862e+15
      Equation: "PotentialEquation"	RelError: 3.58931e+00	AbsError: 2.00000e-02
    Region: "gate"	RelError: 3.69524e-04	AbsError: 1.83016e+16
      Equation: "ElectronContinuityEquation"	RelError: 1.82572e-04	AbsError: 1.83016e+16
      Equation: "HoleContinuityEquation"	RelError: 1.82639e-04	AbsError: 1.82196e-04
      Equation: "PotentialEquation"	RelError: 4.31255e-06	AbsError: 4.72714e-06
    Region: "oxide"	RelError: 9.44490e-03	AbsError: 1.37947e-02
      Equation: "PotentialEquation"	RelError: 9.44490e-03	AbsError: 1.37947e-02
Iteration: 1
  Device: "mos2d"	RelError: 1.72526e-01	AbsError: 3.87599e+14
    Region: "bulk"	RelError: 1.72522e-01	AbsError: 3.87599e+14
      Equation: "ElectronContinuityEquation"	RelError: 2.72786e-02	AbsError: 3.49977e+14
      Equation: "HoleContinuityEquation"	RelError: 1.37901e-01	AbsError: 3.76221e+13
      Equation: "PotentialEquation"	RelError: 7.34192e-03	AbsError: 6.39628e-05
    Region: "gate"	RelError: 1.74807e-07	AbsError: 7.13221e+12
      Equation: "ElectronContinuityEquation"	RelError: 7.10236e-08	AbsError: 7.13221e+12
      Equation: "HoleContinuityEquation"	RelError: 1.01743e-07	AbsError: 1.01317e-07
      Equation: "PotentialEquation"	RelError: 2.03997e-09	AbsError: 2.23618e-09
    Region: "oxide"	RelError: 3.97628e-06	AbsError: 5.80753e-06
      Equation: "PotentialEquation"	RelError: 3.97628e-06	AbsError: 5.80753e-06
Iteration: 2
  Device: "mos2d"	RelError: 1.13345e-03	AbsError: 3.24198e+10
    Region: "bulk"	RelError: 1.13345e-03	AbsError: 3.24198e+10
      Equation: "ElectronContinuityEquation"	RelError: 1.03756e-03	AbsError: 1.79524e+10
      Equation: "HoleContinuityEquation"	RelError: 9.54898e-05	AbsError: 1.44674e+10
      Equation: "PotentialEquation"	RelError: 3.93484e-07	AbsError: 1.91359e-08
    Region: "gate"	RelError: 6.62573e-12	AbsError: 3.29160e+08
      Equation: "ElectronContinuityEquation"	RelError: 3.27782e-12	AbsError: 3.29160e+08
      Equation: "HoleContinuityEquation"	RelError: 3.27053e-12	AbsError: 3.25684e-12
      Equation: "PotentialEquation"	RelError: 7.73720e-14	AbsError: 8.48139e-14
    Region: "oxide"	RelError: 1.82305e-10	AbsError: 2.66265e-10
      Equation: "PotentialEquation"	RelError: 1.82305e-10	AbsError: 2.66265e-10
Iteration: 3
  Device: "mos2d"	RelError: 1.64388e-07	AbsError: 1.53169e+04
    Region: "bulk"	RelError: 1.64388e-07	AbsError: 1.53169e+04
      Equation: "ElectronContinuityEquation"	RelError: 4.16709e-08	AbsError: 1.33525e+04
      Equation: "HoleContinuityEquation"	RelError: 1.22717e-07	AbsError: 1.96440e+03
      Equation: "PotentialEquation"	RelError: 6.43349e-14	AbsError: 2.53495e-15
    Region: "gate"	RelError: 3.56781e-16	AbsError: 7.92905e+03
      Equation: "ElectronContinuityEquation"	RelError: 7.92905e-17	AbsError: 7.92905e+03
      Equation: "HoleContinuityEquation"	RelError: 1.76200e-16	AbsError: 1.77427e-16
      Equation: "PotentialEquation"	RelError: 1.01291e-16	AbsError: 1.11022e-16
    Region: "oxide"	RelError: 2.48197e-16	AbsError: 2.56574e-16
      Equation: "PotentialEquation"	RelError: 2.48197e-16	AbsError: 2.56574e-16
Succeeded
IVPOINT	IDVD_VG1P0	5.00000000e-01	1.24000000e+00	5.57670782e-02
drain last end 1.240000e+00 2.000000e+00
number of equations 4295
Iteration: 0
  Device: "mos2d"	RelError: 1.94322e+00	AbsError: 3.65469e+16
    Region: "bulk"	RelError: 1.93350e+00	AbsError: 3.65469e+16
      Equation: "ElectronContinuityEquation"	RelError: 2.61639e-01	AbsError: 3.49447e+16
      Equation: "HoleContinuityEquation"	RelError: 7.97527e-01	AbsError: 1.60214e+15
      Equation: "PotentialEquation"	RelError: 8.74336e-01	AbsError: 2.00000e-02
    Region: "gate"	RelError: 3.69222e-04	AbsError: 1.82900e+16
      Equation: "ElectronContinuityEquation"	RelError: 1.82423e-04	AbsError: 1.82900e+16
      Equation: "HoleContinuityEquation"	RelError: 1.82490e-04	AbsError: 1.82014e-04
      Equation: "PotentialEquation"	RelError: 4.30901e-06	AbsError: 4.72328e-06
    Region: "oxide"	RelError: 9.34886e-03	AbsError: 1.37833e-02
      Equation: "PotentialEquation"	RelError: 9.34886e-03	AbsError: 1.37833e-02
Iteration: 1
  Device: "mos2d"	RelError: 1.65481e-01	AbsError: 3.62906e+14
    Region: "bulk"	RelError: 1.65477e-01	AbsError: 3.62906e+14
      Equation: "ElectronContinuityEquation"	RelError: 2.66679e-02	AbsError: 3.24689e+14
      Equation: "HoleContinuityEquation"	RelError: 1.36107e-01	AbsError: 3.82172e+13
      Equation: "PotentialEquation"	RelError: 2.70253e-03	AbsError: 6.45498e-05
    Region: "gate"	RelError: 1.63245e-07	AbsError: 6.56261e+12
      Equation: "ElectronContinuityEquation"	RelError: 6.53400e-08	AbsError: 6.56261e+12
      Equation: "HoleContinuityEquation"	RelError: 9.59998e-08	AbsError: 9.55812e-08
      Equation: "PotentialEquation"	RelError: 1.90503e-09	AbsError: 2.08827e-09
    Region: "oxide"	RelError: 3.63098e-06	AbsError: 5.35324e-06
      Equation: "PotentialEquation"	RelError: 3.63098e-06	AbsError: 5.35324e-06
Iteration: 2
  Device: "mos2d"	RelError: 1.23664e-03	AbsError: 3.09504e+10
    Region: "bulk"	RelError: 1.23664e-03	AbsError: 3.09504e+10
      Equation: "ElectronContinuityEquation"	RelError: 1.13999e-03	AbsError: 1.56431e+10
      Equation: "HoleContinuityEquation"	RelError: 9.59998e-05	AbsError: 1.53073e+10
      Equation: "PotentialEquation"	RelError: 6.53898e-07	AbsError: 2.00095e-08
    Region: "gate"	RelError: 5.75319e-12	AbsError: 2.85869e+08
      Equation: "ElectronContinuityEquation"	RelError: 2.84622e-12	AbsError: 2.85869e+08
      Equation: "HoleContinuityEquation"	RelError: 2.83986e-12	AbsError: 2.82748e-12
      Equation: "PotentialEquation"	RelError: 6.71047e-14	AbsError: 7.35593e-14
    Region: "oxide"	RelError: 1.57082e-10	AbsError: 2.31590e-10
      Equation: "PotentialEquation"	RelError: 1.57082e-10	AbsError: 2.31590e-10
Iteration: 3
  Device: "mos2d"	RelError: 1.80261e-07	AbsError: 1.04523e+04
    Region: "bulk"	RelError: 1.80261e-07	AbsError: 1.04523e+04
      Equation: "ElectronContinuityEquation"	RelError: 8.02315e-08	AbsError: 8.16463e+03
      Equation: "HoleContinuityEquation"	RelError: 1.00029e-07	AbsError: 2.28770e+03
      Equation: "PotentialEquation"	RelError: 3.24941e-13	AbsError: 2.61468e-15
    Region: "gate"	RelError: 3.67701e-16	AbsError: 8.02105e+03
      Equation: "ElectronContinuityEquation"	RelError: 8.00015e-17	AbsError: 8.02105e+03
      Equation: "HoleContinuityEquation"	RelError: 1.86119e-16	AbsError: 1.87406e-16
      Equation: "PotentialEquation"	RelError: 1.01581e-16	AbsError: 1.11347e-16
    Region: "oxide"	RelError: 2.05124e-16	AbsError: 1.61829e-16
      Equation: "PotentialEquation"	RelError: 2.05124e-16	AbsError: 1.61829e-16
Succeeded
IVPOINT	IDVD_VG1P0	5.00000000e-01	1.26000000e+00	5.73244652e-02
drain last end 1.260000e+00 2.000000e+00
number of equations 4295
Iteration: 0
  Device: "mos2d"	RelError: 8.30152e+00	AbsError: 3.66219e+16
    Region: "bulk"	RelError: 8.29189e+00	AbsError: 3.66219e+16
      Equation: "ElectronContinuityEquation"	RelError: 2.55119e-01	AbsError: 3.50271e+16
      Equation: "HoleContinuityEquation"	RelError: 7.88200e-01	AbsError: 1.59475e+15
      Equation: "PotentialEquation"	RelError: 7.24857e+00	AbsError: 2.00000e-02
    Region: "gate"	RelError: 3.68941e-04	AbsError: 1.82794e+16
      Equation: "ElectronContinuityEquation"	RelError: 1.82285e-04	AbsError: 1.82794e+16
      Equation: "HoleContinuityEquation"	RelError: 1.82351e-04	AbsError: 1.81843e-04
      Equation: "PotentialEquation"	RelError: 4.30572e-06	AbsError: 4.71970e-06
    Region: "oxide"	RelError: 9.25527e-03	AbsError: 1.37727e-02
      Equation: "PotentialEquation"	RelError: 9.25527e-03	AbsError: 1.37727e-02
Iteration: 1
  Device: "mos2d"	RelError: 1.71552e-01	AbsError: 3.38725e+14
    Region: "bulk"	RelError: 1.71549e-01	AbsError: 3.38725e+14
      Equation: "ElectronContinuityEquation"	RelError: 2.59749e-02	AbsError: 3.00331e+14
      Equation: "HoleContinuityEquation"	RelError: 1.32728e-01	AbsError: 3.83939e+13
      Equation: "PotentialEquation"	RelError: 1.28453e-02	AbsError: 6.46631e-05
    Region: "gate"	RelError: 1.52151e-07	AbsError: 6.01586e+12
      Equation: "ElectronContinuityEquation"	RelError: 5.98858e-08	AbsError: 6.01586e+12
      Equation: "HoleContinuityEquation"	RelError: 9.04899e-08	AbsError: 9.00795e-08
      Equation: "PotentialEquation"	RelError: 1.77556e-09	AbsError: 1.94636e-09
    Region: "oxide"	RelError: 3.30447e-06	AbsError: 4.91735e-06
      Equation: "PotentialEquation"	RelError: 3.30447e-06	AbsError: 4.91735e-06
Iteration: 2
  Device: "mos2d"	RelError: 1.30198e-03	AbsError: 2.93168e+10
    Region: "bulk"	RelError: 1.30198e-03	AbsError: 2.93168e+10
      Equation: "ElectronContinuityEquation"	RelError: 1.20386e-03	AbsError: 1.35181e+10
      Equation: "HoleContinuityEquation"	RelError: 9.63985e-05	AbsError: 1.57987e+10
      Equation: "PotentialEquation"	RelError: 1.71346e-06	AbsError: 2.04963e-08
    Region: "gate"	RelError: 4.93841e-12	AbsError: 2.45435e+08
      Equation: "ElectronContinuityEquation"	RelError: 2.44322e-12	AbsError: 2.45435e+08
      Equation: "HoleContinuityEquation"	RelError: 2.43744e-12	AbsError: 2.42639e-12
      Equation: "PotentialEquation"	RelError: 5.77422e-14	AbsError: 6.32966e-14
    Region: "oxide"	RelError: 1.33901e-10	AbsError: 1.99257e-10
      Equation: "PotentialEquation"	RelError: 1.33901e-10	AbsError: 1.99257e-10
Iteration: 3
  Device: "mos2d"	RelError: 1.09145e-06	AbsError: 1.28033e+04
    Region: "bulk"	RelError: 1.09145e-06	AbsError: 1.28033e+04
      Equation: "ElectronContinuityEquation"	RelError: 5.40457e-07	AbsError: 1.03865e+04
      Equation: "HoleContinuityEquation"	RelError: 5.50993e-07	AbsError: 2.41683e+03
      Equation: "PotentialEquation"	RelError: 2.71488e-13	AbsError: 3.03423e-15
    Region: "gate"	RelError: 3.81576e-16	AbsError: 8.15785e+03
      Equation: "ElectronContinuityEquation"	RelError: 8.15787e-17	AbsError: 8.15785e+03
      Equation: "HoleContinuityEquation"	RelError: 1.98675e-16	AbsError: 2.00336e-16
      Equation: "PotentialEquation"	RelError: 1.01322e-16	AbsError: 1.11057e-16
    Region: "oxide"	RelError: 1.79075e-16	AbsError: 2.10101e-16
      Equation: "PotentialEquation"	RelError: 1.79075e-16	AbsError: 2.10101e-16
Succeeded
IVPOINT	IDVD_VG1P0	5.00000000e-01	1.28000000e+00	5.89072591e-02
drain last end 1.280000e+00 2.000000e+00
number of equations 4295
Iteration: 0
  Device: "mos2d"	RelError: 4.25232e+00	AbsError: 3.66870e+16
    Region: "bulk"	RelError: 4.24279e+00	AbsError: 3.66870e+16
      Equation: "ElectronContinuityEquation"	RelError: 2.47541e-01	AbsError: 3.51023e+16
      Equation: "HoleContinuityEquation"	RelError: 7.86123e-01	AbsError: 1.58476e+15
      Equation: "PotentialEquation"	RelError: 3.20913e+00	AbsError: 2.00000e-02
    Region: "gate"	RelError: 3.68681e-04	AbsError: 1.82699e+16
      Equation: "ElectronContinuityEquation"	RelError: 1.82156e-04	AbsError: 1.82699e+16
      Equation: "HoleContinuityEquation"	RelError: 1.82223e-04	AbsError: 1.81682e-04
      Equation: "PotentialEquation"	RelError: 4.30266e-06	AbsError: 4.71637e-06
    Region: "oxide"	RelError: 9.16403e-03	AbsError: 1.37630e-02
      Equation: "PotentialEquation"	RelError: 9.16403e-03	AbsError: 1.37630e-02
Iteration: 1
  Device: "mos2d"	RelError: 1.68256e-01	AbsError: 3.15159e+14
    Region: "bulk"	RelError: 1.68252e-01	AbsError: 3.15159e+14
      Equation: "ElectronContinuityEquation"	RelError: 2.51859e-02	AbsError: 2.77026e+14
      Equation: "HoleContinuityEquation"	RelError: 1.31271e-01	AbsError: 3.81328e+13
      Equation: "PotentialEquation"	RelError: 1.17952e-02	AbsError: 6.42813e-05
    Region: "gate"	RelError: 1.41566e-07	AbsError: 5.49396e+12
      Equation: "ElectronContinuityEquation"	RelError: 5.46809e-08	AbsError: 5.49396e+12
      Equation: "HoleContinuityEquation"	RelError: 8.52330e-08	AbsError: 8.48316e-08
      Equation: "PotentialEquation"	RelError: 1.65202e-09	AbsError: 1.81094e-09
    Region: "oxide"	RelError: 2.99726e-06	AbsError: 4.50143e-06
      Equation: "PotentialEquation"	RelError: 2.99726e-06	AbsError: 4.50143e-06
Iteration: 2
  Device: "mos2d"	RelError: 1.31691e-03	AbsError: 2.74896e+10
    Region: "bulk"	RelError: 1.31691e-03	AbsError: 2.74896e+10
      Equation: "ElectronContinuityEquation"	RelError: 1.21727e-03	AbsError: 1.15914e+10
      Equation: "HoleContinuityEquation"	RelError: 9.67009e-05	AbsError: 1.58982e+10
      Equation: "PotentialEquation"	RelError: 2.93634e-06	AbsError: 2.05472e-08
    Region: "gate"	RelError: 4.18925e-12	AbsError: 2.08240e+08
      Equation: "ElectronContinuityEquation"	RelError: 2.07259e-12	AbsError: 2.08240e+08
      Equation: "HoleContinuityEquation"	RelError: 2.06768e-12	AbsError: 2.05795e-12
      Equation: "PotentialEquation"	RelError: 4.89793e-14	AbsError: 5.36909e-14
    Region: "oxide"	RelError: 1.12913e-10	AbsError: 1.69578e-10
      Equation: "PotentialEquation"	RelError: 1.12913e-10	AbsError: 1.69578e-10
Iteration: 3
  Device: "mos2d"	RelError: 1.93050e-06	AbsError: 2.12989e+04
    Region: "bulk"	RelError: 1.93050e-06	AbsError: 2.12989e+04
      Equation: "ElectronContinuityEquation"	RelError: 1.51301e-06	AbsError: 1.87531e+04
      Equation: "HoleContinuityEquation"	RelError: 4.17491e-07	AbsError: 2.54583e+03
      Equation: "PotentialEquation"	RelError: 2.65592e-13	AbsError: 2.88443e-15
    Region: "gate"	RelError: 3.34842e-16	AbsError: 7.96426e+03
      Equation: "ElectronContinuityEquation"	RelError: 7.96426e-17	AbsError: 7.96426e+03
      Equation: "HoleContinuityEquation"	RelError: 1.53901e-16	AbsError: 1.55113e-16
      Equation: "PotentialEquation"	RelError: 1.01299e-16	AbsError: 1.11031e-16
    Region: "oxide"	RelError: 3.55236e-16	AbsError: 3.59012e-16
      Equation: "PotentialEquation"	RelError: 3.55236e-16	AbsError: 3.59012e-16
Succeeded
IVPOINT	IDVD_VG1P0	5.00000000e-01	1.30000000e+00	6.05155926e-02
drain last end 1.300000e+00 2.000000e+00
number of equations 4295
Iteration: 0
  Device: "mos2d"	RelError: 8.41795e+00	AbsError: 3.67439e+16
    Region: "bulk"	RelError: 8.40850e+00	AbsError: 3.67439e+16
      Equation: "ElectronContinuityEquation"	RelError: 2.38775e-01	AbsError: 3.51705e+16
      Equation: "HoleContinuityEquation"	RelError: 7.79978e-01	AbsError: 1.57342e+15
      Equation: "PotentialEquation"	RelError: 7.38975e+00	AbsError: 2.00000e-02
    Region: "gate"	RelError: 3.68441e-04	AbsError: 1.82613e+16
      Equation: "ElectronContinuityEquation"	RelError: 1.82037e-04	AbsError: 1.82613e+16
      Equation: "HoleContinuityEquation"	RelError: 1.82104e-04	AbsError: 1.81530e-04
      Equation: "PotentialEquation"	RelError: 4.29984e-06	AbsError: 4.71329e-06
    Region: "oxide"	RelError: 9.07504e-03	AbsError: 1.37542e-02
      Equation: "PotentialEquation"	RelError: 9.07504e-03	AbsError: 1.37542e-02
Iteration: 1
  Device: "mos2d"	RelError: 1.64656e-01	AbsError: 2.92299e+14
    Region: "bulk"	RelError: 1.64653e-01	AbsError: 2.92299e+14
      Equation: "ElectronContinuityEquation"	RelError: 2.42889e-02	AbsError: 2.54866e+14
      Equation: "HoleContinuityEquation"	RelError: 1.30746e-01	AbsError: 3.74328e+13
      Equation: "PotentialEquation"	RelError: 9.61800e-03	AbsError: 6.34039e-05
    Region: "gate"	RelError: 1.31518e-07	AbsError: 4.99835e+12
      Equation: "ElectronContinuityEquation"	RelError: 4.97395e-08	AbsError: 4.99835e+12
      Equation: "HoleContinuityEquation"	RelError: 8.02433e-08	AbsError: 7.98515e-08
      Equation: "PotentialEquation"	RelError: 1.53475e-09	AbsError: 1.68240e-09
    Region: "oxide"	RelError: 2.70958e-06	AbsError: 4.10664e-06
      Equation: "PotentialEquation"	RelError: 2.70958e-06	AbsError: 4.10664e-06
Iteration: 2
  Device: "mos2d"	RelError: 1.27182e-03	AbsError: 2.54599e+10
    Region: "bulk"	RelError: 1.27182e-03	AbsError: 2.54599e+10
      Equation: "ElectronContinuityEquation"	RelError: 1.17412e-03	AbsError: 9.86759e+09
      Equation: "HoleContinuityEquation"	RelError: 9.69188e-05	AbsError: 1.55923e+10
      Equation: "PotentialEquation"	RelError: 7.75181e-07	AbsError: 2.01467e-08
    Region: "gate"	RelError: 3.50990e-12	AbsError: 1.74500e+08
      Equation: "ElectronContinuityEquation"	RelError: 1.73648e-12	AbsError: 1.74500e+08
      Equation: "HoleContinuityEquation"	RelError: 1.73237e-12	AbsError: 1.72392e-12
      Equation: "PotentialEquation"	RelError: 4.10449e-14	AbsError: 4.49935e-14
    Region: "oxide"	RelError: 9.41621e-11	AbsError: 1.42712e-10
      Equation: "PotentialEquation"	RelError: 9.41621e-11	AbsError: 1.42712e-10
Iteration: 3
  Device: "mos2d"	RelError: 2.58189e-06	AbsError: 2.02694e+04
    Region: "bulk"	RelError: 2.58189e-06	AbsError: 2.02694e+04
      Equation: "ElectronContinuityEquation"	RelError: 1.68772e-06	AbsError: 1.78143e+04
      Equation: "HoleContinuityEquation"	RelError: 8.94173e-07	AbsError: 2.45504e+03
      Equation: "PotentialEquation"	RelError: 3.54643e-13	AbsError: 2.88065e-15
    Region: "gate"	RelError: 3.75071e-16	AbsError: 7.75203e+03
      Equation: "ElectronContinuityEquation"	RelError: 7.81304e-17	AbsError: 7.75203e+03
      Equation: "HoleContinuityEquation"	RelError: 1.95590e-16	AbsError: 1.96914e-16
      Equation: "PotentialEquation"	RelError: 1.01351e-16	AbsError: 1.11088e-16
    Region: "oxide"	RelError: 3.30058e-16	AbsError: 2.98226e-16
      Equation: "PotentialEquation"	RelError: 3.30058e-16	AbsError: 2.98226e-16
Succeeded
IVPOINT	IDVD_VG1P0	5.00000000e-01	1.32000000e+00	6.21496013e-02
drain last end 1.320000e+00 2.000000e+00
number of equations 4295
Iteration: 0
  Device: "mos2d"	RelError: 5.99507e+01	AbsError: 3.67951e+16
    Region: "bulk"	RelError: 5.99414e+01	AbsError: 3.67951e+16
      Equation: "ElectronContinuityEquation"	RelError: 2.34727e-01	AbsError: 3.52322e+16
      Equation: "HoleContinuityEquation"	RelError: 7.71844e-01	AbsError: 1.56295e+15
      Equation: "PotentialEquation"	RelError: 5.89348e+01	AbsError: 2.00000e-02
    Region: "gate"	RelError: 3.68219e-04	AbsError: 1.82536e+16
      Equation: "ElectronContinuityEquation"	RelError: 1.81928e-04	AbsError: 1.82536e+16
      Equation: "HoleContinuityEquation"	RelError: 1.81994e-04	AbsError: 1.81387e-04
      Equation: "PotentialEquation"	RelError: 4.29723e-06	AbsError: 4.71045e-06
    Region: "oxide"	RelError: 8.98821e-03	AbsError: 1.37461e-02
      Equation: "PotentialEquation"	RelError: 8.98821e-03	AbsError: 1.37461e-02
Iteration: 1
  Device: "mos2d"	RelError: 2.40254e-01	AbsError: 2.70226e+14
    Region: "bulk"	RelError: 2.40252e-01	AbsError: 2.70226e+14
      Equation: "ElectronContinuityEquation"	RelError: 2.32747e-02	AbsError: 2.33913e+14
      Equation: "HoleContinuityEquation"	RelError: 1.29316e-01	AbsError: 3.63129e+13
      Equation: "PotentialEquation"	RelError: 8.76607e-02	AbsError: 6.20529e-05
    Region: "gate"	RelError: 1.22025e-07	AbsError: 4.53000e+12
      Equation: "ElectronContinuityEquation"	RelError: 4.50710e-08	AbsError: 4.53000e+12
      Equation: "HoleContinuityEquation"	RelError: 7.55299e-08	AbsError: 7.51480e-08
      Equation: "PotentialEquation"	RelError: 1.42397e-09	AbsError: 1.56096e-09
    Region: "oxide"	RelError: 2.51299e-06	AbsError: 3.73370e-06
      Equation: "PotentialEquation"	RelError: 2.51299e-06	AbsError: 3.73370e-06
Iteration: 2
  Device: "mos2d"	RelError: 1.17617e-03	AbsError: 2.32447e+10
    Region: "bulk"	RelError: 1.17617e-03	AbsError: 2.32447e+10
      Equation: "ElectronContinuityEquation"	RelError: 1.07659e-03	AbsError: 8.34359e+09
      Equation: "HoleContinuityEquation"	RelError: 9.70606e-05	AbsError: 1.49011e+10
      Equation: "PotentialEquation"	RelError: 2.51579e-06	AbsError: 1.93168e-08
    Region: "gate"	RelError: 2.90109e-12	AbsError: 1.44283e+08
      Equation: "ElectronContinuityEquation"	RelError: 1.43554e-12	AbsError: 1.44283e+08
      Equation: "HoleContinuityEquation"	RelError: 1.43176e-12	AbsError: 1.42452e-12
      Equation: "PotentialEquation"	RelError: 3.38010e-14	AbsError: 3.70529e-14
    Region: "oxide"	RelError: 7.76071e-11	AbsError: 1.18688e-10
      Equation: "PotentialEquation"	RelError: 7.76071e-11	AbsError: 1.18688e-10
Iteration: 3
  Device: "mos2d"	RelError: 1.19675e-06	AbsError: 1.30674e+04
    Region: "bulk"	RelError: 1.19675e-06	AbsError: 1.30674e+04
      Equation: "ElectronContinuityEquation"	RelError: 6.88672e-07	AbsError: 1.07851e+04
      Equation: "HoleContinuityEquation"	RelError: 5.08076e-07	AbsError: 2.28234e+03
      Equation: "PotentialEquation"	RelError: 5.86606e-13	AbsError: 2.64362e-15
    Region: "gate"	RelError: 3.48182e-16	AbsError: 8.04314e+03
      Equation: "ElectronContinuityEquation"	RelError: 8.04314e-17	AbsError: 8.04314e+03
      Equation: "HoleContinuityEquation"	RelError: 1.66460e-16	AbsError: 1.68371e-16
      Equation: "PotentialEquation"	RelError: 1.01291e-16	AbsError: 1.11022e-16
    Region: "oxide"	RelError: 2.01233e-16	AbsError: 2.54486e-16
      Equation: "PotentialEquation"	RelError: 2.01233e-16	AbsError: 2.54486e-16
Succeeded
IVPOINT	IDVD_VG1P0	5.00000000e-01	1.34000000e+00	6.38094236e-02
drain last end 1.340000e+00 2.000000e+00
number of equations 4295
Iteration: 0
  Device: "mos2d"	RelError: 2.05410e+00	AbsError: 3.68371e+16
    Region: "bulk"	RelError: 2.04482e+00	AbsError: 3.68371e+16
      Equation: "ElectronContinuityEquation"	RelError: 2.32387e-01	AbsError: 3.52876e+16
      Equation: "HoleContinuityEquation"	RelError: 7.72963e-01	AbsError: 1.54943e+15
      Equation: "PotentialEquation"	RelError: 1.03947e+00	AbsError: 2.00000e-02
    Region: "gate"	RelError: 3.68014e-04	AbsError: 1.82468e+16
      Equation: "ElectronContinuityEquation"	RelError: 1.81827e-04	AbsError: 1.82468e+16
      Equation: "HoleContinuityEquation"	RelError: 1.81893e-04	AbsError: 1.81254e-04
      Equation: "PotentialEquation"	RelError: 4.29482e-06	AbsError: 4.70784e-06
    Region: "oxide"	RelError: 8.90345e-03	AbsError: 1.37387e-02
      Equation: "PotentialEquation"	RelError: 8.90345e-03	AbsError: 1.37387e-02
Iteration: 1
  Device: "mos2d"	RelError: 1.52009e-01	AbsError: 2.49014e+14
    Region: "bulk"	RelError: 1.52006e-01	AbsError: 2.49014e+14
      Equation: "ElectronContinuityEquation"	RelError: 2.21385e-02	AbsError: 2.14203e+14
      Equation: "HoleContinuityEquation"	RelError: 1.27860e-01	AbsError: 3.48109e+13
      Equation: "PotentialEquation"	RelError: 2.00734e-03	AbsError: 6.02716e-05
    Region: "gate"	RelError: 1.13097e-07	AbsError: 4.08940e+12
      Equation: "ElectronContinuityEquation"	RelError: 4.06801e-08	AbsError: 4.08940e+12
      Equation: "HoleContinuityEquation"	RelError: 7.10975e-08	AbsError: 7.07257e-08
      Equation: "PotentialEquation"	RelError: 1.31978e-09	AbsError: 1.44676e-09
    Region: "oxide"	RelError: 2.53611e-06	AbsError: 3.38300e-06
      Equation: "PotentialEquation"	RelError: 2.53611e-06	AbsError: 3.38300e-06
Iteration: 2
  Device: "mos2d"	RelError: 1.03315e-03	AbsError: 2.08875e+10
    Region: "bulk"	RelError: 1.03315e-03	AbsError: 2.08875e+10
      Equation: "ElectronContinuityEquation"	RelError: 9.35733e-04	AbsError: 7.01079e+09
      Equation: "HoleContinuityEquation"	RelError: 9.71302e-05	AbsError: 1.38767e+10
      Equation: "PotentialEquation"	RelError: 2.88304e-07	AbsError: 1.81165e-08
    Region: "gate"	RelError: 2.36197e-12	AbsError: 1.17494e+08
      Equation: "ElectronContinuityEquation"	RelError: 1.16880e-12	AbsError: 1.17494e+08
      Equation: "HoleContinuityEquation"	RelError: 1.16559e-12	AbsError: 1.15950e-12
      Equation: "PotentialEquation"	RelError: 2.75846e-14	AbsError: 3.02385e-14
    Region: "oxide"	RelError: 6.31461e-11	AbsError: 9.74393e-11
      Equation: "PotentialEquation"	RelError: 6.31461e-11	AbsError: 9.74393e-11
Iteration: 3
  Device: "mos2d"	RelError: 6.07465e-07	AbsError: 1.45965e+04
    Region: "bulk"	RelError: 6.07465e-07	AbsError: 1.45965e+04
      Equation: "ElectronContinuityEquation"	RelError: 1.33955e-07	AbsError: 1.26190e+04
      Equation: "HoleContinuityEquation"	RelError: 4.73510e-07	AbsError: 1.97752e+03
      Equation: "PotentialEquation"	RelError: 7.66873e-13	AbsError: 2.48913e-15
    Region: "gate"	RelError: 4.32343e-16	AbsError: 7.93731e+03
      Equation: "ElectronContinuityEquation"	RelError: 7.93731e-17	AbsError: 7.93731e+03
      Equation: "HoleContinuityEquation"	RelError: 2.51679e-16	AbsError: 2.53876e-16
      Equation: "PotentialEquation"	RelError: 1.01291e-16	AbsError: 1.11022e-16
    Region: "oxide"	RelError: 2.95994e-16	AbsError: 4.33250e-16
      Equation: "PotentialEquation"	RelError: 2.95994e-16	AbsError: 4.33250e-16
Succeeded
IVPOINT	IDVD_VG1P0	5.00000000e-01	1.36000000e+00	6.54952005e-02
drain last end 1.360000e+00 2.000000e+00
number of equations 4295
Iteration: 0
  Device: "mos2d"	RelError: 2.96466e+00	AbsError: 3.68698e+16
    Region: "bulk"	RelError: 2.95547e+00	AbsError: 3.68698e+16
      Equation: "ElectronContinuityEquation"	RelError: 2.29757e-01	AbsError: 3.53372e+16
      Equation: "HoleContinuityEquation"	RelError: 7.71399e-01	AbsError: 1.53261e+15
      Equation: "PotentialEquation"	RelError: 1.95432e+00	AbsError: 2.00000e-02
    Region: "gate"	RelError: 3.67826e-04	AbsError: 1.82408e+16
      Equation: "ElectronContinuityEquation"	RelError: 1.81734e-04	AbsError: 1.82408e+16
      Equation: "HoleContinuityEquation"	RelError: 1.81800e-04	AbsError: 1.81128e-04
      Equation: "PotentialEquation"	RelError: 4.29261e-06	AbsError: 4.70543e-06
    Region: "oxide"	RelError: 8.82066e-03	AbsError: 1.37321e-02
      Equation: "PotentialEquation"	RelError: 8.82066e-03	AbsError: 1.37321e-02
Iteration: 1
  Device: "mos2d"	RelError: 1.53694e-01	AbsError: 2.28730e+14
    Region: "bulk"	RelError: 1.53691e-01	AbsError: 2.28730e+14
      Equation: "ElectronContinuityEquation"	RelError: 2.08810e-02	AbsError: 1.95749e+14
      Equation: "HoleContinuityEquation"	RelError: 1.28052e-01	AbsError: 3.29812e+13
      Equation: "PotentialEquation"	RelError: 4.75807e-03	AbsError: 5.81223e-05
    Region: "gate"	RelError: 1.04736e-07	AbsError: 3.67663e+12
      Equation: "ElectronContinuityEquation"	RelError: 3.65677e-08	AbsError: 3.67663e+12
      Equation: "HoleContinuityEquation"	RelError: 6.69466e-08	AbsError: 6.65849e-08
      Equation: "PotentialEquation"	RelError: 1.22221e-09	AbsError: 1.33980e-09
    Region: "oxide"	RelError: 2.55900e-06	AbsError: 3.05458e-06
      Equation: "PotentialEquation"	RelError: 2.55900e-06	AbsError: 3.05458e-06
Iteration: 2
  Device: "mos2d"	RelError: 9.39737e-04	AbsError: 1.84529e+10
    Region: "bulk"	RelError: 9.39737e-04	AbsError: 1.84529e+10
      Equation: "ElectronContinuityEquation"	RelError: 8.42259e-04	AbsError: 5.85653e+09
      Equation: "HoleContinuityEquation"	RelError: 9.71271e-05	AbsError: 1.25964e+10
      Equation: "PotentialEquation"	RelError: 3.50628e-07	AbsError: 1.66331e-08
    Region: "gate"	RelError: 1.88882e-12	AbsError: 9.39809e+07
      Equation: "ElectronContinuityEquation"	RelError: 9.34731e-13	AbsError: 9.39809e+07
      Equation: "HoleContinuityEquation"	RelError: 9.32028e-13	AbsError: 9.26992e-13
      Equation: "PotentialEquation"	RelError: 2.20608e-14	AbsError: 2.41834e-14
    Region: "oxide"	RelError: 5.06316e-11	AbsError: 7.88236e-11
      Equation: "PotentialEquation"	RelError: 5.06316e-11	AbsError: 7.88236e-11
Iteration: 3
  Device: "mos2d"	RelError: 5.69408e-07	AbsError: 1.05004e+04
    Region: "bulk"	RelError: 5.69408e-07	AbsError: 1.05004e+04
      Equation: "ElectronContinuityEquation"	RelError: 1.59479e-07	AbsError: 8.81713e+03
      Equation: "HoleContinuityEquation"	RelError: 4.09928e-07	AbsError: 1.68329e+03
      Equation: "PotentialEquation"	RelError: 2.80877e-13	AbsError: 1.92008e-15
    Region: "gate"	RelError: 3.72506e-16	AbsError: 7.53877e+03
      Equation: "ElectronContinuityEquation"	RelError: 7.51093e-17	AbsError: 7.53877e+03
      Equation: "HoleContinuityEquation"	RelError: 1.96057e-16	AbsError: 1.97766e-16
      Equation: "PotentialEquation"	RelError: 1.01340e-16	AbsError: 1.11076e-16
    Region: "oxide"	RelError: 1.80056e-16	AbsError: 2.57970e-16
      Equation: "PotentialEquation"	RelError: 1.80056e-16	AbsError: 2.57970e-16
Succeeded
IVPOINT	IDVD_VG1P0	5.00000000e-01	1.38000000e+00	6.72070757e-02
drain last end 1.380000e+00 2.000000e+00
number of equations 4295
Iteration: 0
  Device: "mos2d"	RelError: 3.02928e+00	AbsError: 3.68936e+16
    Region: "bulk"	RelError: 3.02017e+00	AbsError: 3.68936e+16
      Equation: "ElectronContinuityEquation"	RelError: 2.26785e-01	AbsError: 3.53813e+16
      Equation: "HoleContinuityEquation"	RelError: 7.65785e-01	AbsError: 1.51223e+15
      Equation: "PotentialEquation"	RelError: 2.02760e+00	AbsError: 2.00000e-02
    Region: "gate"	RelError: 3.67653e-04	AbsError: 1.82355e+16
      Equation: "ElectronContinuityEquation"	RelError: 1.81648e-04	AbsError: 1.82355e+16
      Equation: "HoleContinuityEquation"	RelError: 1.81714e-04	AbsError: 1.81010e-04
      Equation: "PotentialEquation"	RelError: 4.29058e-06	AbsError: 4.70322e-06
    Region: "oxide"	RelError: 8.73976e-03	AbsError: 1.37261e-02
      Equation: "PotentialEquation"	RelError: 8.73976e-03	AbsError: 1.37261e-02
Iteration: 1
  Device: "mos2d"	RelError: 1.52951e-01	AbsError: 2.09435e+14
    Region: "bulk"	RelError: 1.52948e-01	AbsError: 2.09435e+14
      Equation: "ElectronContinuityEquation"	RelError: 2.04140e-02	AbsError: 1.78545e+14
      Equation: "HoleContinuityEquation"	RelError: 1.27642e-01	AbsError: 3.08904e+13
      Equation: "PotentialEquation"	RelError: 4.89167e-03	AbsError: 5.56809e-05
    Region: "gate"	RelError: 9.69363e-08	AbsError: 3.29144e+12
      Equation: "ElectronContinuityEquation"	RelError: 3.27309e-08	AbsError: 3.29144e+12
      Equation: "HoleContinuityEquation"	RelError: 6.30742e-08	AbsError: 6.27225e-08
      Equation: "PotentialEquation"	RelError: 1.13118e-09	AbsError: 1.24002e-09
    Region: "oxide"	RelError: 2.58132e-06	AbsError: 2.74821e-06
      Equation: "PotentialEquation"	RelError: 2.58132e-06	AbsError: 2.74821e-06
Iteration: 2
  Device: "mos2d"	RelError: 8.37223e-04	AbsError: 1.60179e+10
    Region: "bulk"	RelError: 8.37223e-04	AbsError: 1.60179e+10
      Equation: "ElectronContinuityEquation"	RelError: 7.39561e-04	AbsError: 4.86578e+09
      Equation: "HoleContinuityEquation"	RelError: 9.70466e-05	AbsError: 1.11521e+10
      Equation: "PotentialEquation"	RelError: 6.15961e-07	AbsError: 1.49709e-08
    Region: "gate"	RelError: 1.47666e-12	AbsError: 7.34995e+07
      Equation: "ElectronContinuityEquation"	RelError: 7.30896e-13	AbsError: 7.34995e+07
      Equation: "HoleContinuityEquation"	RelError: 7.28568e-13	AbsError: 7.24506e-13
      Equation: "PotentialEquation"	RelError: 1.71978e-14	AbsError: 1.88526e-14
    Region: "oxide"	RelError: 3.98912e-11	AbsError: 6.26503e-11
      Equation: "PotentialEquation"	RelError: 3.98912e-11	AbsError: 6.26503e-11
Iteration: 3
  Device: "mos2d"	RelError: 1.28699e-06	AbsError: 1.28524e+04
    Region: "bulk"	RelError: 1.28699e-06	AbsError: 1.28524e+04
      Equation: "ElectronContinuityEquation"	RelError: 9.57345e-07	AbsError: 1.15247e+04
      Equation: "HoleContinuityEquation"	RelError: 3.29647e-07	AbsError: 1.32769e+03
      Equation: "PotentialEquation"	RelError: 1.52054e-12	AbsError: 1.61617e-15
    Region: "gate"	RelError: 3.50235e-16	AbsError: 8.16685e+03
      Equation: "ElectronContinuityEquation"	RelError: 8.16685e-17	AbsError: 8.16685e+03
      Equation: "HoleContinuityEquation"	RelError: 1.67276e-16	AbsError: 1.68007e-16
      Equation: "PotentialEquation"	RelError: 1.01291e-16	AbsError: 1.11022e-16
    Region: "oxide"	RelError: 1.60560e-16	AbsError: 1.76987e-16
      Equation: "PotentialEquation"	RelError: 1.60560e-16	AbsError: 1.76987e-16
Succeeded
IVPOINT	IDVD_VG1P0	5.00000000e-01	1.40000000e+00	6.89451946e-02
drain last end 1.400000e+00 2.000000e+00
number of equations 4295
Iteration: 0
  Device: "mos2d"	RelError: 5.87566e+00	AbsError: 3.69130e+16
    Region: "bulk"	RelError: 5.86664e+00	AbsError: 3.69130e+16
      Equation: "ElectronContinuityEquation"	RelError: 2.23424e-01	AbsError: 3.54203e+16
      Equation: "HoleContinuityEquation"	RelError: 7.54190e-01	AbsError: 1.49271e+15
      Equation: "PotentialEquation"	RelError: 4.88902e+00	AbsError: 2.00000e-02
    Region: "gate"	RelError: 3.67495e-04	AbsError: 1.82310e+16
      Equation: "ElectronContinuityEquation"	RelError: 1.81570e-04	AbsError: 1.82310e+16
      Equation: "HoleContinuityEquation"	RelError: 1.81636e-04	AbsError: 1.80900e-04
      Equation: "PotentialEquation"	RelError: 4.28871e-06	AbsError: 4.70120e-06
    Region: "oxide"	RelError: 8.66068e-03	AbsError: 1.37207e-02
      Equation: "PotentialEquation"	RelError: 8.66068e-03	AbsError: 1.37207e-02
Iteration: 1
  Device: "mos2d"	RelError: 1.65805e-01	AbsError: 1.94264e+14
    Region: "bulk"	RelError: 1.65802e-01	AbsError: 1.94264e+14
      Equation: "ElectronContinuityEquation"	RelError: 2.00640e-02	AbsError: 1.62569e+14
      Equation: "HoleContinuityEquation"	RelError: 1.26337e-01	AbsError: 3.16953e+13
      Equation: "PotentialEquation"	RelError: 1.94010e-02	AbsError: 5.30311e-05
    Region: "gate"	RelError: 8.96852e-08	AbsError: 2.93328e+12
      Equation: "ElectronContinuityEquation"	RelError: 2.91641e-08	AbsError: 2.93328e+12
      Equation: "HoleContinuityEquation"	RelError: 5.94745e-08	AbsError: 5.91326e-08
      Equation: "PotentialEquation"	RelError: 1.04655e-09	AbsError: 1.14726e-09
    Region: "oxide"	RelError: 2.60277e-06	AbsError: 2.46344e-06
      Equation: "PotentialEquation"	RelError: 2.60277e-06	AbsError: 2.46344e-06
Iteration: 2
  Device: "mos2d"	RelError: 7.15793e-04	AbsError: 1.36604e+10
    Region: "bulk"	RelError: 7.15793e-04	AbsError: 1.36604e+10
      Equation: "ElectronContinuityEquation"	RelError: 6.15371e-04	AbsError: 4.02222e+09
      Equation: "HoleContinuityEquation"	RelError: 9.68803e-05	AbsError: 9.63817e+09
      Equation: "PotentialEquation"	RelError: 3.54187e-06	AbsError: 1.32367e-08
    Region: "gate"	RelError: 1.12049e-12	AbsError: 5.57888e+07
      Equation: "ElectronContinuityEquation"	RelError: 5.54681e-13	AbsError: 5.57888e+07
      Equation: "HoleContinuityEquation"	RelError: 5.52661e-13	AbsError: 5.49484e-13
      Equation: "PotentialEquation"	RelError: 1.31435e-14	AbsError: 1.44083e-14
    Region: "oxide"	RelError: 4.45289e-11	AbsError: 4.86968e-11
      Equation: "PotentialEquation"	RelError: 4.45289e-11	AbsError: 4.86968e-11
Iteration: 3
  Device: "mos2d"	RelError: 4.22345e-06	AbsError: 1.15296e+04
    Region: "bulk"	RelError: 4.22345e-06	AbsError: 1.15296e+04
      Equation: "ElectronContinuityEquation"	RelError: 3.05375e-06	AbsError: 1.05154e+04
      Equation: "HoleContinuityEquation"	RelError: 1.16970e-06	AbsError: 1.01422e+03
      Equation: "PotentialEquation"	RelError: 8.25940e-13	AbsError: 1.90203e-15
    Region: "gate"	RelError: 3.93601e-16	AbsError: 8.10240e+03
      Equation: "ElectronContinuityEquation"	RelError: 8.10240e-17	AbsError: 8.10240e+03
      Equation: "HoleContinuityEquation"	RelError: 2.11286e-16	AbsError: 2.12822e-16
      Equation: "PotentialEquation"	RelError: 1.01291e-16	AbsError: 1.11022e-16
    Region: "oxide"	RelError: 2.63224e-16	AbsError: 3.39186e-16
      Equation: "PotentialEquation"	RelError: 2.63224e-16	AbsError: 3.39186e-16
Succeeded
IVPOINT	IDVD_VG1P0	5.00000000e-01	1.42000000e+00	7.07097044e-02
drain last end 1.420000e+00 2.000000e+00
number of equations 4295
Iteration: 0
  Device: "mos2d"	RelError: 5.26156e+00	AbsError: 3.69710e+16
    Region: "bulk"	RelError: 5.25261e+00	AbsError: 3.69710e+16
      Equation: "ElectronContinuityEquation"	RelError: 2.19637e-01	AbsError: 3.54545e+16
      Equation: "HoleContinuityEquation"	RelError: 7.49852e-01	AbsError: 1.51651e+15
      Equation: "PotentialEquation"	RelError: 4.28312e+00	AbsError: 2.00000e-02
    Region: "gate"	RelError: 3.67351e-04	AbsError: 1.82271e+16
      Equation: "ElectronContinuityEquation"	RelError: 1.81499e-04	AbsError: 1.82271e+16
      Equation: "HoleContinuityEquation"	RelError: 1.81565e-04	AbsError: 1.80796e-04
      Equation: "PotentialEquation"	RelError: 4.28700e-06	AbsError: 4.69935e-06
    Region: "oxide"	RelError: 8.58333e-03	AbsError: 1.37158e-02
      Equation: "PotentialEquation"	RelError: 8.58333e-03	AbsError: 1.37158e-02
Iteration: 1
  Device: "mos2d"	RelError: 1.57942e-01	AbsError: 1.80238e+14
    Region: "bulk"	RelError: 1.57939e-01	AbsError: 1.80238e+14
      Equation: "ElectronContinuityEquation"	RelError: 1.96688e-02	AbsError: 1.47785e+14
      Equation: "HoleContinuityEquation"	RelError: 1.23735e-01	AbsError: 3.24527e+13
      Equation: "PotentialEquation"	RelError: 1.45353e-02	AbsError: 5.02582e-05
    Region: "gate"	RelError: 8.29670e-08	AbsError: 2.60135e+12
      Equation: "ElectronContinuityEquation"	RelError: 2.58595e-08	AbsError: 2.60135e+12
      Equation: "HoleContinuityEquation"	RelError: 5.61394e-08	AbsError: 5.58069e-08
      Equation: "PotentialEquation"	RelError: 9.68151e-10	AbsError: 1.06131e-09
    Region: "oxide"	RelError: 2.62309e-06	AbsError: 2.19962e-06
      Equation: "PotentialEquation"	RelError: 2.62309e-06	AbsError: 2.19962e-06
Iteration: 2
  Device: "mos2d"	RelError: 6.03793e-04	AbsError: 1.14494e+10
    Region: "bulk"	RelError: 6.03793e-04	AbsError: 1.14494e+10
      Equation: "ElectronContinuityEquation"	RelError: 5.04901e-04	AbsError: 3.30927e+09
      Equation: "HoleContinuityEquation"	RelError: 9.66165e-05	AbsError: 8.14015e+09
      Equation: "PotentialEquation"	RelError: 2.27464e-06	AbsError: 1.15272e-08
    Region: "gate"	RelError: 9.56526e-13	AbsError: 4.70568e+07
      Equation: "ElectronContinuityEquation"	RelError: 4.72558e-13	AbsError: 4.70568e+07
      Equation: "HoleContinuityEquation"	RelError: 4.72776e-13	AbsError: 4.74775e-13
      Equation: "PotentialEquation"	RelError: 1.11921e-14	AbsError: 1.22661e-14
    Region: "oxide"	RelError: 5.10346e-11	AbsError: 3.67289e-11
      Equation: "PotentialEquation"	RelError: 5.10346e-11	AbsError: 3.67289e-11
Iteration: 3
  Device: "mos2d"	RelError: 1.39584e-06	AbsError: 1.14053e+04
    Region: "bulk"	RelError: 1.39584e-06	AbsError: 1.14053e+04
      Equation: "ElectronContinuityEquation"	RelError: 1.18710e-06	AbsError: 1.06774e+04
      Equation: "HoleContinuityEquation"	RelError: 2.08746e-07	AbsError: 7.27857e+02
      Equation: "PotentialEquation"	RelError: 1.12547e-13	AbsError: 1.00847e-15
    Region: "gate"	RelError: 3.09400e-16	AbsError: 8.03400e+03
      Equation: "ElectronContinuityEquation"	RelError: 8.03400e-17	AbsError: 8.03400e+03
      Equation: "HoleContinuityEquation"	RelError: 1.27769e-16	AbsError: 1.27770e-16
      Equation: "PotentialEquation"	RelError: 1.01291e-16	AbsError: 1.11022e-16
    Region: "oxide"	RelError: 1.93723e-16	AbsError: 1.56169e-16
      Equation: "PotentialEquation"	RelError: 1.93723e-16	AbsError: 1.56169e-16
Succeeded
IVPOINT	IDVD_VG1P0	5.00000000e-01	1.44000000e+00	7.25007541e-02
drain last end 1.440000e+00 2.000000e+00
number of equations 4295
Iteration: 0
  Device: "mos2d"	RelError: 4.43431e+00	AbsError: 3.70224e+16
    Region: "bulk"	RelError: 4.42543e+00	AbsError: 3.70224e+16
      Equation: "ElectronContinuityEquation"	RelError: 2.15397e-01	AbsError: 3.54842e+16
      Equation: "HoleContinuityEquation"	RelError: 7.51865e-01	AbsError: 1.53824e+15
      Equation: "PotentialEquation"	RelError: 3.45817e+00	AbsError: 2.00000e-02
    Region: "gate"	RelError: 3.67218e-04	AbsError: 1.82238e+16
      Equation: "ElectronContinuityEquation"	RelError: 1.81433e-04	AbsError: 1.82238e+16
      Equation: "HoleContinuityEquation"	RelError: 1.81499e-04	AbsError: 1.80698e-04
      Equation: "PotentialEquation"	RelError: 4.28544e-06	AbsError: 4.69766e-06
    Region: "oxide"	RelError: 8.50764e-03	AbsError: 1.37115e-02
      Equation: "PotentialEquation"	RelError: 8.50764e-03	AbsError: 1.37115e-02
Iteration: 1
  Device: "mos2d"	RelError: 1.48285e-01	AbsError: 1.67091e+14
    Region: "bulk"	RelError: 1.48283e-01	AbsError: 1.67091e+14
      Equation: "ElectronContinuityEquation"	RelError: 1.92244e-02	AbsError: 1.34149e+14
      Equation: "HoleContinuityEquation"	RelError: 1.23147e-01	AbsError: 3.29419e+13
      Equation: "PotentialEquation"	RelError: 5.91111e-03	AbsError: 4.88380e-05
    Region: "gate"	RelError: 7.67617e-08	AbsError: 2.29470e+12
      Equation: "ElectronContinuityEquation"	RelError: 2.28071e-08	AbsError: 2.29470e+12
      Equation: "HoleContinuityEquation"	RelError: 5.30589e-08	AbsError: 5.27355e-08
      Equation: "PotentialEquation"	RelError: 8.95734e-10	AbsError: 9.81933e-10
    Region: "oxide"	RelError: 2.64202e-06	AbsError: 1.95595e-06
      Equation: "PotentialEquation"	RelError: 2.64202e-06	AbsError: 1.95595e-06
Iteration: 2
  Device: "mos2d"	RelError: 7.04035e-04	AbsError: 1.13429e+10
    Region: "bulk"	RelError: 7.04035e-04	AbsError: 1.13429e+10
      Equation: "ElectronContinuityEquation"	RelError: 6.07362e-04	AbsError: 2.91162e+09
      Equation: "HoleContinuityEquation"	RelError: 9.62414e-05	AbsError: 8.43132e+09
      Equation: "PotentialEquation"	RelError: 4.31289e-07	AbsError: 9.91947e-09
    Region: "gate"	RelError: 1.09194e-12	AbsError: 5.37239e+07
      Equation: "ElectronContinuityEquation"	RelError: 5.39473e-13	AbsError: 5.37239e+07
      Equation: "HoleContinuityEquation"	RelError: 5.39801e-13	AbsError: 5.42045e-13
      Equation: "PotentialEquation"	RelError: 1.26653e-14	AbsError: 1.38807e-14
    Region: "oxide"	RelError: 5.71291e-11	AbsError: 4.08893e-11
      Equation: "PotentialEquation"	RelError: 5.71291e-11	AbsError: 4.08893e-11
Iteration: 3
  Device: "mos2d"	RelError: 2.36701e-06	AbsError: 8.67500e+03
    Region: "bulk"	RelError: 2.36701e-06	AbsError: 8.67500e+03
      Equation: "ElectronContinuityEquation"	RelError: 1.32041e-06	AbsError: 8.17600e+03
      Equation: "HoleContinuityEquation"	RelError: 1.04660e-06	AbsError: 4.98999e+02
      Equation: "PotentialEquation"	RelError: 4.27182e-13	AbsError: 1.25893e-15
    Region: "gate"	RelError: 3.47803e-16	AbsError: 8.13822e+03
      Equation: "ElectronContinuityEquation"	RelError: 8.13822e-17	AbsError: 8.13822e+03
      Equation: "HoleContinuityEquation"	RelError: 1.65110e-16	AbsError: 1.65111e-16
      Equation: "PotentialEquation"	RelError: 1.01311e-16	AbsError: 1.11045e-16
    Region: "oxide"	RelError: 1.66874e-16	AbsError: 1.26455e-16
      Equation: "PotentialEquation"	RelError: 1.66874e-16	AbsError: 1.26455e-16
Succeeded
IVPOINT	IDVD_VG1P0	5.00000000e-01	1.46000000e+00	7.43184935e-02
drain last end 1.460000e+00 2.000000e+00
number of equations 4295
Iteration: 0
  Device: "mos2d"	RelError: 1.20707e+01	AbsError: 3.70676e+16
    Region: "bulk"	RelError: 1.20619e+01	AbsError: 3.70676e+16
      Equation: "ElectronContinuityEquation"	RelError: 2.10686e-01	AbsError: 3.55098e+16
      Equation: "HoleContinuityEquation"	RelError: 7.51777e-01	AbsError: 1.55780e+15
      Equation: "PotentialEquation"	RelError: 1.10994e+01	AbsError: 2.00000e-02
    Region: "gate"	RelError: 3.67098e-04	AbsError: 1.82212e+16
      Equation: "ElectronContinuityEquation"	RelError: 1.81374e-04	AbsError: 1.82212e+16
      Equation: "HoleContinuityEquation"	RelError: 1.81440e-04	AbsError: 1.80605e-04
      Equation: "PotentialEquation"	RelError: 4.28401e-06	AbsError: 4.69611e-06
    Region: "oxide"	RelError: 8.43354e-03	AbsError: 1.37077e-02
      Equation: "PotentialEquation"	RelError: 8.43354e-03	AbsError: 1.37077e-02
Iteration: 1
  Device: "mos2d"	RelError: 1.72161e-01	AbsError: 1.54757e+14
    Region: "bulk"	RelError: 1.72158e-01	AbsError: 1.54757e+14
      Equation: "ElectronContinuityEquation"	RelError: 1.87307e-02	AbsError: 1.21608e+14
      Equation: "HoleContinuityEquation"	RelError: 1.23545e-01	AbsError: 3.31490e+13
      Equation: "PotentialEquation"	RelError: 2.98830e-02	AbsError: 4.91543e-05
    Region: "gate"	RelError: 7.23466e-08	AbsError: 2.11607e+12
      Equation: "ElectronContinuityEquation"	RelError: 2.12959e-08	AbsError: 2.11607e+12
      Equation: "HoleContinuityEquation"	RelError: 5.02217e-08	AbsError: 4.99069e-08
      Equation: "PotentialEquation"	RelError: 8.29039e-10	AbsError: 9.08824e-10
    Region: "oxide"	RelError: 2.66171e-06	AbsError: 1.73155e-06
      Equation: "PotentialEquation"	RelError: 2.66171e-06	AbsError: 1.73155e-06
Iteration: 2
  Device: "mos2d"	RelError: 8.13889e-04	AbsError: 1.14575e+10
    Region: "bulk"	RelError: 8.13889e-04	AbsError: 1.14575e+10
      Equation: "ElectronContinuityEquation"	RelError: 7.14657e-04	AbsError: 2.77002e+09
      Equation: "HoleContinuityEquation"	RelError: 9.57392e-05	AbsError: 8.68750e+09
      Equation: "PotentialEquation"	RelError: 3.49323e-06	AbsError: 9.86673e-09
    Region: "gate"	RelError: 1.21890e-12	AbsError: 5.99730e+07
      Equation: "ElectronContinuityEquation"	RelError: 6.02180e-13	AbsError: 5.99730e+07
      Equation: "HoleContinuityEquation"	RelError: 6.02539e-13	AbsError: 6.05001e-13
      Equation: "PotentialEquation"	RelError: 1.41807e-14	AbsError: 1.55416e-14
    Region: "oxide"	RelError: 6.28619e-11	AbsError: 4.54029e-11
      Equation: "PotentialEquation"	RelError: 6.28619e-11	AbsError: 4.54029e-11
Iteration: 3
  Device: "mos2d"	RelError: 1.26319e-06	AbsError: 1.68341e+04
    Region: "bulk"	RelError: 1.26319e-06	AbsError: 1.68341e+04
      Equation: "ElectronContinuityEquation"	RelError: 1.99159e-07	AbsError: 1.62817e+04
      Equation: "HoleContinuityEquation"	RelError: 1.06403e-06	AbsError: 5.52355e+02
      Equation: "PotentialEquation"	RelError: 1.56844e-13	AbsError: 1.18210e-15
    Region: "gate"	RelError: 4.56842e-16	AbsError: 8.19016e+03
      Equation: "ElectronContinuityEquation"	RelError: 8.19016e-17	AbsError: 8.19016e+03
      Equation: "HoleContinuityEquation"	RelError: 2.73445e-16	AbsError: 2.75729e-16
      Equation: "PotentialEquation"	RelError: 1.01496e-16	AbsError: 1.11227e-16
    Region: "oxide"	RelError: 2.81898e-16	AbsError: 2.72997e-16
      Equation: "PotentialEquation"	RelError: 2.81898e-16	AbsError: 2.72997e-16
Succeeded
IVPOINT	IDVD_VG1P0	5.00000000e-01	1.48000000e+00	7.61630734e-02
drain last end 1.480000e+00 2.000000e+00
number of equations 4295
Iteration: 0
  Device: "mos2d"	RelError: 1.87825e+00	AbsError: 3.71067e+16
    Region: "bulk"	RelError: 1.86952e+00	AbsError: 3.71067e+16
      Equation: "ElectronContinuityEquation"	RelError: 2.05488e-01	AbsError: 3.55316e+16
      Equation: "HoleContinuityEquation"	RelError: 7.48581e-01	AbsError: 1.57511e+15
      Equation: "PotentialEquation"	RelError: 9.15450e-01	AbsError: 2.00000e-02
    Region: "gate"	RelError: 3.66987e-04	AbsError: 1.82190e+16
      Equation: "ElectronContinuityEquation"	RelError: 1.81319e-04	AbsError: 1.82190e+16
      Equation: "HoleContinuityEquation"	RelError: 1.81385e-04	AbsError: 1.80518e-04
      Equation: "PotentialEquation"	RelError: 4.28271e-06	AbsError: 4.69470e-06
    Region: "oxide"	RelError: 8.36096e-03	AbsError: 1.37043e-02
      Equation: "PotentialEquation"	RelError: 8.36096e-03	AbsError: 1.37043e-02
Iteration: 1
  Device: "mos2d"	RelError: 1.44144e-01	AbsError: 1.43173e+14
    Region: "bulk"	RelError: 1.44141e-01	AbsError: 1.43173e+14
      Equation: "ElectronContinuityEquation"	RelError: 1.81898e-02	AbsError: 1.10105e+14
      Equation: "HoleContinuityEquation"	RelError: 1.23476e-01	AbsError: 3.30682e+13
      Equation: "PotentialEquation"	RelError: 2.47543e-03	AbsError: 4.92663e-05
    Region: "gate"	RelError: 7.00417e-08	AbsError: 2.15218e+12
      Equation: "ElectronContinuityEquation"	RelError: 2.16582e-08	AbsError: 2.15218e+12
      Equation: "HoleContinuityEquation"	RelError: 4.76157e-08	AbsError: 4.73091e-08
      Equation: "PotentialEquation"	RelError: 7.67782e-10	AbsError: 8.41674e-10
    Region: "oxide"	RelError: 2.68048e-06	AbsError: 1.56369e-06
      Equation: "PotentialEquation"	RelError: 2.68048e-06	AbsError: 1.56369e-06
Iteration: 2
  Device: "mos2d"	RelError: 9.14096e-04	AbsError: 1.14057e+10
    Region: "bulk"	RelError: 9.14096e-04	AbsError: 1.14057e+10
      Equation: "ElectronContinuityEquation"	RelError: 8.18722e-04	AbsError: 2.64844e+09
      Equation: "HoleContinuityEquation"	RelError: 9.50929e-05	AbsError: 8.75729e+09
      Equation: "PotentialEquation"	RelError: 2.80782e-07	AbsError: 1.00859e-08
    Region: "gate"	RelError: 1.33803e-12	AbsError: 6.58431e+07
      Equation: "ElectronContinuityEquation"	RelError: 6.61074e-13	AbsError: 6.58431e+07
      Equation: "HoleContinuityEquation"	RelError: 6.61377e-13	AbsError: 6.64032e-13
      Equation: "PotentialEquation"	RelError: 1.55803e-14	AbsError: 1.70755e-14
    Region: "oxide"	RelError: 6.82732e-11	AbsError: 4.96636e-11
      Equation: "PotentialEquation"	RelError: 6.82732e-11	AbsError: 4.96636e-11
Iteration: 3
  Device: "mos2d"	RelError: 4.88441e-06	AbsError: 1.01071e+04
    Region: "bulk"	RelError: 4.88441e-06	AbsError: 1.01071e+04
      Equation: "ElectronContinuityEquation"	RelError: 4.82129e-06	AbsError: 9.53849e+03
      Equation: "HoleContinuityEquation"	RelError: 6.31129e-08	AbsError: 5.68575e+02
      Equation: "PotentialEquation"	RelError: 1.69660e-13	AbsError: 1.88740e-15
    Region: "gate"	RelError: 4.31780e-16	AbsError: 8.08192e+03
      Equation: "ElectronContinuityEquation"	RelError: 8.08192e-17	AbsError: 8.08192e+03
      Equation: "HoleContinuityEquation"	RelError: 2.49666e-16	AbsError: 2.51619e-16
      Equation: "PotentialEquation"	RelError: 1.01295e-16	AbsError: 1.11027e-16
    Region: "oxide"	RelError: 1.60600e-16	AbsError: 1.34346e-16
      Equation: "PotentialEquation"	RelError: 1.60600e-16	AbsError: 1.34346e-16
Succeeded
IVPOINT	IDVD_VG1P0	5.00000000e-01	1.50000000e+00	7.80346450e-02
drain last end 1.500000e+00 2.000000e+00
number of equations 4295
Iteration: 0
  Device: "mos2d"	RelError: 1.50067e+00	AbsError: 3.71400e+16
    Region: "bulk"	RelError: 1.49202e+00	AbsError: 3.71400e+16
      Equation: "ElectronContinuityEquation"	RelError: 2.00450e-01	AbsError: 3.55499e+16
      Equation: "HoleContinuityEquation"	RelError: 7.40829e-01	AbsError: 1.59007e+15
      Equation: "PotentialEquation"	RelError: 5.50736e-01	AbsError: 2.00000e-02
    Region: "gate"	RelError: 3.66887e-04	AbsError: 1.82173e+16
      Equation: "ElectronContinuityEquation"	RelError: 1.81270e-04	AbsError: 1.82173e+16
      Equation: "HoleContinuityEquation"	RelError: 1.81336e-04	AbsError: 1.80436e-04
      Equation: "PotentialEquation"	RelError: 4.28152e-06	AbsError: 4.69342e-06
    Region: "oxide"	RelError: 8.28985e-03	AbsError: 1.37013e-02
      Equation: "PotentialEquation"	RelError: 8.28985e-03	AbsError: 1.37013e-02
Iteration: 1
  Device: "mos2d"	RelError: 1.41597e-01	AbsError: 1.32281e+14
    Region: "bulk"	RelError: 1.41594e-01	AbsError: 1.32281e+14
      Equation: "ElectronContinuityEquation"	RelError: 1.76056e-02	AbsError: 9.95796e+13
      Equation: "HoleContinuityEquation"	RelError: 1.22723e-01	AbsError: 3.27018e+13
      Equation: "PotentialEquation"	RelError: 1.26560e-03	AbsError: 4.91694e-05
    Region: "gate"	RelError: 6.79309e-08	AbsError: 2.18535e+12
      Equation: "ElectronContinuityEquation"	RelError: 2.19910e-08	AbsError: 2.18535e+12
      Equation: "HoleContinuityEquation"	RelError: 4.52282e-08	AbsError: 4.49291e-08
      Equation: "PotentialEquation"	RelError: 7.11663e-10	AbsError: 7.80158e-10
    Region: "oxide"	RelError: 2.69685e-06	AbsError: 1.58549e-06
      Equation: "PotentialEquation"	RelError: 2.69685e-06	AbsError: 1.58549e-06
Iteration: 2
  Device: "mos2d"	RelError: 1.00367e-03	AbsError: 1.12793e+10
    Region: "bulk"	RelError: 1.00367e-03	AbsError: 1.12793e+10
      Equation: "ElectronContinuityEquation"	RelError: 9.09250e-04	AbsError: 2.63535e+09
      Equation: "HoleContinuityEquation"	RelError: 9.42846e-05	AbsError: 8.64391e+09
      Equation: "PotentialEquation"	RelError: 1.39791e-07	AbsError: 1.02046e-08
    Region: "gate"	RelError: 1.45064e-12	AbsError: 7.13862e+07
      Equation: "ElectronContinuityEquation"	RelError: 7.16676e-13	AbsError: 7.13862e+07
      Equation: "HoleContinuityEquation"	RelError: 7.17039e-13	AbsError: 7.19866e-13
      Equation: "PotentialEquation"	RelError: 1.69264e-14	AbsError: 1.85509e-14
    Region: "oxide"	RelError: 7.33860e-11	AbsError: 5.37496e-11
      Equation: "PotentialEquation"	RelError: 7.33860e-11	AbsError: 5.37496e-11
Iteration: 3
  Device: "mos2d"	RelError: 4.04343e-07	AbsError: 1.25929e+04
    Region: "bulk"	RelError: 4.04343e-07	AbsError: 1.25929e+04
      Equation: "ElectronContinuityEquation"	RelError: 3.61213e-07	AbsError: 1.20539e+04
      Equation: "HoleContinuityEquation"	RelError: 4.31298e-08	AbsError: 5.38997e+02
      Equation: "PotentialEquation"	RelError: 3.14038e-14	AbsError: 1.40367e-15
    Region: "gate"	RelError: 3.51651e-16	AbsError: 8.04659e+03
      Equation: "ElectronContinuityEquation"	RelError: 8.13878e-17	AbsError: 8.04659e+03
      Equation: "HoleContinuityEquation"	RelError: 1.68972e-16	AbsError: 1.69077e-16
      Equation: "PotentialEquation"	RelError: 1.01291e-16	AbsError: 1.11022e-16
    Region: "oxide"	RelError: 1.47823e-16	AbsError: 1.08205e-16
      Equation: "PotentialEquation"	RelError: 1.47823e-16	AbsError: 1.08205e-16
Succeeded
IVPOINT	IDVD_VG1P0	5.00000000e-01	1.52000000e+00	7.99333595e-02
drain last end 1.520000e+00 2.000000e+00
number of equations 4295
Iteration: 0
  Device: "mos2d"	RelError: 2.17140e+00	AbsError: 3.71677e+16
    Region: "bulk"	RelError: 2.16281e+00	AbsError: 3.71677e+16
      Equation: "ElectronContinuityEquation"	RelError: 1.96970e-01	AbsError: 3.55650e+16
      Equation: "HoleContinuityEquation"	RelError: 7.26525e-01	AbsError: 1.60264e+15
      Equation: "PotentialEquation"	RelError: 1.23931e+00	AbsError: 2.00000e-02
    Region: "gate"	RelError: 3.66795e-04	AbsError: 1.82161e+16
      Equation: "ElectronContinuityEquation"	RelError: 1.81225e-04	AbsError: 1.82161e+16
      Equation: "HoleContinuityEquation"	RelError: 1.81290e-04	AbsError: 1.80359e-04
      Equation: "PotentialEquation"	RelError: 4.28043e-06	AbsError: 4.69225e-06
    Region: "oxide"	RelError: 8.22015e-03	AbsError: 1.36987e-02
      Equation: "PotentialEquation"	RelError: 8.22015e-03	AbsError: 1.36987e-02
Iteration: 1
  Device: "mos2d"	RelError: 1.40344e-01	AbsError: 1.22030e+14
    Region: "bulk"	RelError: 1.40341e-01	AbsError: 1.22030e+14
      Equation: "ElectronContinuityEquation"	RelError: 1.69811e-02	AbsError: 8.99695e+13
      Equation: "HoleContinuityEquation"	RelError: 1.20980e-01	AbsError: 3.20607e+13
      Equation: "PotentialEquation"	RelError: 2.37951e-03	AbsError: 4.90750e-05
    Region: "gate"	RelError: 6.59995e-08	AbsError: 2.21545e+12
      Equation: "ElectronContinuityEquation"	RelError: 2.22929e-08	AbsError: 2.21545e+12
      Equation: "HoleContinuityEquation"	RelError: 4.30463e-08	AbsError: 4.27542e-08
      Equation: "PotentialEquation"	RelError: 6.60379e-10	AbsError: 7.23942e-10
    Region: "oxide"	RelError: 2.71065e-06	AbsError: 1.60583e-06
      Equation: "PotentialEquation"	RelError: 2.71065e-06	AbsError: 1.60583e-06
Iteration: 2
  Device: "mos2d"	RelError: 1.06838e-03	AbsError: 1.10018e+10
    Region: "bulk"	RelError: 1.06838e-03	AbsError: 1.10018e+10
      Equation: "ElectronContinuityEquation"	RelError: 9.74964e-04	AbsError: 2.64132e+09
      Equation: "HoleContinuityEquation"	RelError: 9.32960e-05	AbsError: 8.36051e+09
      Equation: "PotentialEquation"	RelError: 1.15854e-07	AbsError: 1.10852e-08
    Region: "gate"	RelError: 1.55659e-12	AbsError: 7.66173e+07
      Equation: "ElectronContinuityEquation"	RelError: 7.69140e-13	AbsError: 7.66173e+07
      Equation: "HoleContinuityEquation"	RelError: 7.69375e-13	AbsError: 7.72354e-13
      Equation: "PotentialEquation"	RelError: 1.80796e-14	AbsError: 1.98147e-14
    Region: "oxide"	RelError: 7.82041e-11	AbsError: 5.76223e-11
      Equation: "PotentialEquation"	RelError: 7.82041e-11	AbsError: 5.76223e-11
Iteration: 3
  Device: "mos2d"	RelError: 2.71648e-07	AbsError: 1.46700e+04
    Region: "bulk"	RelError: 2.71648e-07	AbsError: 1.46700e+04
      Equation: "ElectronContinuityEquation"	RelError: 2.43233e-07	AbsError: 1.41259e+04
      Equation: "HoleContinuityEquation"	RelError: 2.84150e-08	AbsError: 5.44134e+02
      Equation: "PotentialEquation"	RelError: 3.73770e-14	AbsError: 9.57826e-16
    Region: "gate"	RelError: 4.16234e-16	AbsError: 7.63800e+03
      Equation: "ElectronContinuityEquation"	RelError: 7.68569e-17	AbsError: 7.63800e+03
      Equation: "HoleContinuityEquation"	RelError: 2.38086e-16	AbsError: 2.40074e-16
      Equation: "PotentialEquation"	RelError: 1.01291e-16	AbsError: 1.11022e-16
    Region: "oxide"	RelError: 2.20459e-16	AbsError: 3.19294e-16
      Equation: "PotentialEquation"	RelError: 2.20459e-16	AbsError: 3.19294e-16
Succeeded
IVPOINT	IDVD_VG1P0	5.00000000e-01	1.54000000e+00	8.18593680e-02
drain last end 1.540000e+00 2.000000e+00
number of equations 4295
Iteration: 0
  Device: "mos2d"	RelError: 5.95575e+00	AbsError: 3.71899e+16
    Region: "bulk"	RelError: 5.94723e+00	AbsError: 3.71899e+16
      Equation: "ElectronContinuityEquation"	RelError: 1.95924e-01	AbsError: 3.55772e+16
      Equation: "HoleContinuityEquation"	RelError: 7.03112e-01	AbsError: 1.61274e+15
      Equation: "PotentialEquation"	RelError: 5.04820e+00	AbsError: 2.00000e-02
    Region: "gate"	RelError: 3.66712e-04	AbsError: 1.82152e+16
      Equation: "ElectronContinuityEquation"	RelError: 1.81183e-04	AbsError: 1.82152e+16
      Equation: "HoleContinuityEquation"	RelError: 1.81249e-04	AbsError: 1.80285e-04
      Equation: "PotentialEquation"	RelError: 4.27944e-06	AbsError: 4.69118e-06
    Region: "oxide"	RelError: 8.15179e-03	AbsError: 1.36964e-02
      Equation: "PotentialEquation"	RelError: 8.15179e-03	AbsError: 1.36964e-02
Iteration: 1
  Device: "mos2d"	RelError: 1.43724e-01	AbsError: 1.12376e+14
    Region: "bulk"	RelError: 1.43721e-01	AbsError: 1.12376e+14
      Equation: "ElectronContinuityEquation"	RelError: 1.63182e-02	AbsError: 8.12123e+13
      Equation: "HoleContinuityEquation"	RelError: 1.17847e-01	AbsError: 3.11633e+13
      Equation: "PotentialEquation"	RelError: 9.55599e-03	AbsError: 5.01562e-05
    Region: "gate"	RelError: 6.42333e-08	AbsError: 2.24237e+12
      Equation: "ElectronContinuityEquation"	RelError: 2.25627e-08	AbsError: 2.24237e+12
      Equation: "HoleContinuityEquation"	RelError: 4.10570e-08	AbsError: 4.07713e-08
      Equation: "PotentialEquation"	RelError: 6.13627e-10	AbsError: 6.72692e-10
    Region: "oxide"	RelError: 2.72172e-06	AbsError: 1.62404e-06
      Equation: "PotentialEquation"	RelError: 2.72172e-06	AbsError: 1.62404e-06
Iteration: 2
  Device: "mos2d"	RelError: 1.09814e-03	AbsError: 1.08448e+10
    Region: "bulk"	RelError: 1.09814e-03	AbsError: 1.08448e+10
      Equation: "ElectronContinuityEquation"	RelError: 1.00555e-03	AbsError: 2.64753e+09
      Equation: "HoleContinuityEquation"	RelError: 9.21083e-05	AbsError: 8.19728e+09
      Equation: "PotentialEquation"	RelError: 4.81134e-07	AbsError: 1.20693e-08
    Region: "gate"	RelError: 1.65649e-12	AbsError: 8.15233e+07
      Equation: "ElectronContinuityEquation"	RelError: 8.18332e-13	AbsError: 8.15233e+07
      Equation: "HoleContinuityEquation"	RelError: 8.18824e-13	AbsError: 8.21937e-13
      Equation: "PotentialEquation"	RelError: 1.93294e-14	AbsError: 2.11846e-14
    Region: "oxide"	RelError: 8.27091e-11	AbsError: 6.12483e-11
      Equation: "PotentialEquation"	RelError: 8.27091e-11	AbsError: 6.12483e-11
Iteration: 3
  Device: "mos2d"	RelError: 2.32526e-06	AbsError: 1.81658e+04
    Region: "bulk"	RelError: 2.32526e-06	AbsError: 1.81658e+04
      Equation: "ElectronContinuityEquation"	RelError: 2.26220e-06	AbsError: 1.74850e+04
      Equation: "HoleContinuityEquation"	RelError: 6.30591e-08	AbsError: 6.80866e+02
      Equation: "PotentialEquation"	RelError: 1.18133e-13	AbsError: 1.59403e-15
    Region: "gate"	RelError: 3.75322e-16	AbsError: 8.07411e+03
      Equation: "ElectronContinuityEquation"	RelError: 8.07411e-17	AbsError: 8.07411e+03
      Equation: "HoleContinuityEquation"	RelError: 1.93189e-16	AbsError: 1.93190e-16
      Equation: "PotentialEquation"	RelError: 1.01392e-16	AbsError: 1.11133e-16
    Region: "oxide"	RelError: 2.22105e-16	AbsError: 2.79005e-16
      Equation: "PotentialEquation"	RelError: 2.22105e-16	AbsError: 2.79005e-16
Succeeded
IVPOINT	IDVD_VG1P0	5.00000000e-01	1.56000000e+00	8.38128207e-02
drain last end 1.560000e+00 2.000000e+00
number of equations 4295
Iteration: 0
  Device: "mos2d"	RelError: 1.70488e+00	AbsError: 3.72069e+16
    Region: "bulk"	RelError: 1.69642e+00	AbsError: 3.72069e+16
      Equation: "ElectronContinuityEquation"	RelError: 1.94855e-01	AbsError: 3.55866e+16
      Equation: "HoleContinuityEquation"	RelError: 6.67708e-01	AbsError: 1.62031e+15
      Equation: "PotentialEquation"	RelError: 8.33861e-01	AbsError: 2.00000e-02
    Region: "gate"	RelError: 3.66636e-04	AbsError: 1.82148e+16
      Equation: "ElectronContinuityEquation"	RelError: 1.81146e-04	AbsError: 1.82148e+16
      Equation: "HoleContinuityEquation"	RelError: 1.81212e-04	AbsError: 1.80215e-04
      Equation: "PotentialEquation"	RelError: 4.27854e-06	AbsError: 4.69021e-06
    Region: "oxide"	RelError: 8.08473e-03	AbsError: 1.36945e-02
      Equation: "PotentialEquation"	RelError: 8.08473e-03	AbsError: 1.36945e-02
Iteration: 1
  Device: "mos2d"	RelError: 1.30079e-01	AbsError: 1.03282e+14
    Region: "bulk"	RelError: 1.30077e-01	AbsError: 1.03282e+14
      Equation: "ElectronContinuityEquation"	RelError: 1.56467e-02	AbsError: 7.32466e+13
      Equation: "HoleContinuityEquation"	RelError: 1.12844e-01	AbsError: 3.00351e+13
      Equation: "PotentialEquation"	RelError: 1.58627e-03	AbsError: 5.09913e-05
    Region: "gate"	RelError: 6.26181e-08	AbsError: 2.26601e+12
      Equation: "ElectronContinuityEquation"	RelError: 2.27994e-08	AbsError: 2.26601e+12
      Equation: "HoleContinuityEquation"	RelError: 3.92476e-08	AbsError: 3.89677e-08
      Equation: "PotentialEquation"	RelError: 5.71108e-10	AbsError: 6.26083e-10
    Region: "oxide"	RelError: 2.72991e-06	AbsError: 1.63998e-06
      Equation: "PotentialEquation"	RelError: 2.72991e-06	AbsError: 1.63998e-06
Iteration: 2
  Device: "mos2d"	RelError: 1.08473e-03	AbsError: 1.19931e+10
    Region: "bulk"	RelError: 1.08473e-03	AbsError: 1.19931e+10
      Equation: "ElectronContinuityEquation"	RelError: 9.93898e-04	AbsError: 2.64947e+09
      Equation: "HoleContinuityEquation"	RelError: 9.07026e-05	AbsError: 9.34359e+09
      Equation: "PotentialEquation"	RelError: 1.29175e-07	AbsError: 1.29549e-08
    Region: "gate"	RelError: 1.74848e-12	AbsError: 8.60785e+07
      Equation: "ElectronContinuityEquation"	RelError: 8.63995e-13	AbsError: 8.60785e+07
      Equation: "HoleContinuityEquation"	RelError: 8.64085e-13	AbsError: 8.67308e-13
      Equation: "PotentialEquation"	RelError: 2.03947e-14	AbsError: 2.23522e-14
    Region: "oxide"	RelError: 8.68622e-11	AbsError: 6.46060e-11
      Equation: "PotentialEquation"	RelError: 8.68622e-11	AbsError: 6.46060e-11
Iteration: 3
  Device: "mos2d"	RelError: 2.56392e-06	AbsError: 1.28541e+04
    Region: "bulk"	RelError: 2.56392e-06	AbsError: 1.28541e+04
      Equation: "ElectronContinuityEquation"	RelError: 2.50100e-06	AbsError: 1.19914e+04
      Equation: "HoleContinuityEquation"	RelError: 6.29157e-08	AbsError: 8.62708e+02
      Equation: "PotentialEquation"	RelError: 4.52165e-14	AbsError: 1.88757e-15
    Region: "gate"	RelError: 3.20698e-16	AbsError: 8.12921e+03
      Equation: "ElectronContinuityEquation"	RelError: 8.12924e-17	AbsError: 8.12921e+03
      Equation: "HoleContinuityEquation"	RelError: 1.38115e-16	AbsError: 1.39696e-16
      Equation: "PotentialEquation"	RelError: 1.01291e-16	AbsError: 1.11022e-16
    Region: "oxide"	RelError: 1.46255e-16	AbsError: 1.66443e-16
      Equation: "PotentialEquation"	RelError: 1.46255e-16	AbsError: 1.66443e-16
Succeeded
IVPOINT	IDVD_VG1P0	5.00000000e-01	1.58000000e+00	8.57938668e-02
drain last end 1.580000e+00 2.000000e+00
number of equations 4295
Iteration: 0
  Device: "mos2d"	RelError: 1.32301e+00	AbsError: 3.72190e+16
    Region: "bulk"	RelError: 1.31463e+00	AbsError: 3.72190e+16
      Equation: "ElectronContinuityEquation"	RelError: 1.93757e-01	AbsError: 3.55937e+16
      Equation: "HoleContinuityEquation"	RelError: 6.65617e-01	AbsError: 1.62531e+15
      Equation: "PotentialEquation"	RelError: 4.55252e-01	AbsError: 2.00000e-02
    Region: "gate"	RelError: 3.66567e-04	AbsError: 1.82146e+16
      Equation: "ElectronContinuityEquation"	RelError: 1.81112e-04	AbsError: 1.82146e+16
      Equation: "HoleContinuityEquation"	RelError: 1.81177e-04	AbsError: 1.80148e-04
      Equation: "PotentialEquation"	RelError: 4.27771e-06	AbsError: 4.68932e-06
    Region: "oxide"	RelError: 8.01892e-03	AbsError: 1.36928e-02
      Equation: "PotentialEquation"	RelError: 8.01892e-03	AbsError: 1.36928e-02
Iteration: 1
  Device: "mos2d"	RelError: 1.21586e-01	AbsError: 9.64136e+13
    Region: "bulk"	RelError: 1.21583e-01	AbsError: 9.64136e+13
      Equation: "ElectronContinuityEquation"	RelError: 1.52151e-02	AbsError: 6.60124e+13
      Equation: "HoleContinuityEquation"	RelError: 1.05505e-01	AbsError: 3.04012e+13
      Equation: "PotentialEquation"	RelError: 8.63178e-04	AbsError: 5.15469e-05
    Region: "gate"	RelError: 6.11405e-08	AbsError: 2.28628e+12
      Equation: "ElectronContinuityEquation"	RelError: 2.30023e-08	AbsError: 2.28628e+12
      Equation: "HoleContinuityEquation"	RelError: 3.76057e-08	AbsError: 3.73311e-08
      Equation: "PotentialEquation"	RelError: 5.32530e-10	AbsError: 5.83794e-10
    Region: "oxide"	RelError: 2.73510e-06	AbsError: 1.65527e-06
      Equation: "PotentialEquation"	RelError: 2.73510e-06	AbsError: 1.65527e-06
Iteration: 2
  Device: "mos2d"	RelError: 1.02745e-03	AbsError: 1.29901e+10
    Region: "bulk"	RelError: 1.02745e-03	AbsError: 1.29901e+10
      Equation: "ElectronContinuityEquation"	RelError: 9.38238e-04	AbsError: 2.64207e+09
      Equation: "HoleContinuityEquation"	RelError: 8.90602e-05	AbsError: 1.03480e+10
      Equation: "PotentialEquation"	RelError: 1.54550e-07	AbsError: 1.36946e-08
    Region: "gate"	RelError: 1.83293e-12	AbsError: 9.02271e+07
      Equation: "ElectronContinuityEquation"	RelError: 9.05571e-13	AbsError: 9.02271e+07
      Equation: "HoleContinuityEquation"	RelError: 9.05913e-13	AbsError: 9.09227e-13
      Equation: "PotentialEquation"	RelError: 2.14406e-14	AbsError: 2.34985e-14
    Region: "oxide"	RelError: 9.06089e-11	AbsError: 6.76614e-11
      Equation: "PotentialEquation"	RelError: 9.06089e-11	AbsError: 6.76614e-11
Iteration: 3
  Device: "mos2d"	RelError: 8.57999e-06	AbsError: 2.15709e+04
    Region: "bulk"	RelError: 8.57999e-06	AbsError: 2.15709e+04
      Equation: "ElectronContinuityEquation"	RelError: 8.49801e-06	AbsError: 2.04939e+04
      Equation: "HoleContinuityEquation"	RelError: 8.19846e-08	AbsError: 1.07704e+03
      Equation: "PotentialEquation"	RelError: 1.94110e-14	AbsError: 1.24024e-15
    Region: "gate"	RelError: 3.12575e-16	AbsError: 8.03709e+03
      Equation: "ElectronContinuityEquation"	RelError: 8.05815e-17	AbsError: 8.03709e+03
      Equation: "HoleContinuityEquation"	RelError: 1.30702e-16	AbsError: 1.30703e-16
      Equation: "PotentialEquation"	RelError: 1.01291e-16	AbsError: 1.11022e-16
    Region: "oxide"	RelError: 2.44625e-16	AbsError: 3.84911e-16
      Equation: "PotentialEquation"	RelError: 2.44625e-16	AbsError: 3.84911e-16
Succeeded
IVPOINT	IDVD_VG1P0	5.00000000e-01	1.60000000e+00	8.78026539e-02
drain last end 1.600000e+00 2.000000e+00
number of equations 4295
Iteration: 0
  Device: "mos2d"	RelError: 1.18452e+00	AbsError: 3.72261e+16
    Region: "bulk"	RelError: 1.17620e+00	AbsError: 3.72261e+16
      Equation: "ElectronContinuityEquation"	RelError: 1.92622e-01	AbsError: 3.55985e+16
      Equation: "HoleContinuityEquation"	RelError: 6.70119e-01	AbsError: 1.62767e+15
      Equation: "PotentialEquation"	RelError: 3.13463e-01	AbsError: 2.00000e-02
    Region: "gate"	RelError: 3.66504e-04	AbsError: 1.82148e+16
      Equation: "ElectronContinuityEquation"	RelError: 1.81081e-04	AbsError: 1.82148e+16
      Equation: "HoleContinuityEquation"	RelError: 1.81146e-04	AbsError: 1.80085e-04
      Equation: "PotentialEquation"	RelError: 4.27696e-06	AbsError: 4.68852e-06
    Region: "oxide"	RelError: 7.95431e-03	AbsError: 1.36913e-02
      Equation: "PotentialEquation"	RelError: 7.95431e-03	AbsError: 1.36913e-02
Iteration: 1
  Device: "mos2d"	RelError: 1.20824e-01	AbsError: 9.08257e+13
    Region: "bulk"	RelError: 1.20821e-01	AbsError: 9.08257e+13
      Equation: "ElectronContinuityEquation"	RelError: 1.49422e-02	AbsError: 5.94521e+13
      Equation: "HoleContinuityEquation"	RelError: 1.04952e-01	AbsError: 3.13736e+13
      Equation: "PotentialEquation"	RelError: 9.26433e-04	AbsError: 5.17945e-05
    Region: "gate"	RelError: 5.98101e-08	AbsError: 2.30311e+12
      Equation: "ElectronContinuityEquation"	RelError: 2.31705e-08	AbsError: 2.30311e+12
      Equation: "HoleContinuityEquation"	RelError: 3.61194e-08	AbsError: 3.58494e-08
      Equation: "PotentialEquation"	RelError: 5.20241e-10	AbsError: 5.70142e-10
    Region: "oxide"	RelError: 2.73718e-06	AbsError: 1.66829e-06
      Equation: "PotentialEquation"	RelError: 2.73718e-06	AbsError: 1.66829e-06
Iteration: 2
  Device: "mos2d"	RelError: 1.02357e-03	AbsError: 1.37800e+10
    Region: "bulk"	RelError: 1.02357e-03	AbsError: 1.37800e+10
      Equation: "ElectronContinuityEquation"	RelError: 9.36215e-04	AbsError: 2.62018e+09
      Equation: "HoleContinuityEquation"	RelError: 8.71626e-05	AbsError: 1.11598e+10
      Equation: "PotentialEquation"	RelError: 1.90210e-07	AbsError: 1.42429e-08
    Region: "gate"	RelError: 1.90762e-12	AbsError: 9.39141e+07
      Equation: "ElectronContinuityEquation"	RelError: 9.42510e-13	AbsError: 9.39141e+07
      Equation: "HoleContinuityEquation"	RelError: 9.42828e-13	AbsError: 9.46209e-13
      Equation: "PotentialEquation"	RelError: 2.22808e-14	AbsError: 2.44193e-14
    Region: "oxide"	RelError: 9.38856e-11	AbsError: 7.03712e-11
      Equation: "PotentialEquation"	RelError: 9.38856e-11	AbsError: 7.03712e-11
Iteration: 3
  Device: "mos2d"	RelError: 6.88084e-07	AbsError: 1.17894e+04
    Region: "bulk"	RelError: 6.88084e-07	AbsError: 1.17894e+04
      Equation: "ElectronContinuityEquation"	RelError: 5.57430e-07	AbsError: 1.05745e+04
      Equation: "HoleContinuityEquation"	RelError: 1.30653e-07	AbsError: 1.21492e+03
      Equation: "PotentialEquation"	RelError: 5.86175e-14	AbsError: 1.96638e-15
    Region: "gate"	RelError: 4.08135e-16	AbsError: 8.13233e+03
      Equation: "ElectronContinuityEquation"	RelError: 8.20202e-17	AbsError: 8.13233e+03
      Equation: "HoleContinuityEquation"	RelError: 2.24824e-16	AbsError: 2.26701e-16
      Equation: "PotentialEquation"	RelError: 1.01291e-16	AbsError: 1.11022e-16
    Region: "oxide"	RelError: 1.99635e-16	AbsError: 2.34927e-16
      Equation: "PotentialEquation"	RelError: 1.99635e-16	AbsError: 2.34927e-16
Succeeded
IVPOINT	IDVD_VG1P0	5.00000000e-01	1.62000000e+00	8.98393277e-02
drain last end 1.620000e+00 2.000000e+00
number of equations 4295
Iteration: 0
  Device: "mos2d"	RelError: 1.16772e+00	AbsError: 3.72286e+16
    Region: "bulk"	RelError: 1.15947e+00	AbsError: 3.72286e+16
      Equation: "ElectronContinuityEquation"	RelError: 1.91439e-01	AbsError: 3.56012e+16
      Equation: "HoleContinuityEquation"	RelError: 6.74273e-01	AbsError: 1.62735e+15
      Equation: "PotentialEquation"	RelError: 2.93754e-01	AbsError: 2.00000e-02
    Region: "gate"	RelError: 3.66446e-04	AbsError: 1.82152e+16
      Equation: "ElectronContinuityEquation"	RelError: 1.81052e-04	AbsError: 1.82152e+16
      Equation: "HoleContinuityEquation"	RelError: 1.81118e-04	AbsError: 1.80024e-04
      Equation: "PotentialEquation"	RelError: 4.27627e-06	AbsError: 4.68778e-06
    Region: "oxide"	RelError: 7.89086e-03	AbsError: 1.36902e-02
      Equation: "PotentialEquation"	RelError: 7.89086e-03	AbsError: 1.36902e-02
Iteration: 1
  Device: "mos2d"	RelError: 1.21910e-01	AbsError: 8.55347e+13
    Region: "bulk"	RelError: 1.21907e-01	AbsError: 8.55347e+13
      Equation: "ElectronContinuityEquation"	RelError: 1.48048e-02	AbsError: 5.35107e+13
      Equation: "HoleContinuityEquation"	RelError: 1.05925e-01	AbsError: 3.20240e+13
      Equation: "PotentialEquation"	RelError: 1.17748e-03	AbsError: 5.17131e-05
    Region: "gate"	RelError: 5.86041e-08	AbsError: 2.31644e+12
      Equation: "ElectronContinuityEquation"	RelError: 2.33035e-08	AbsError: 2.31644e+12
      Equation: "HoleContinuityEquation"	RelError: 3.47773e-08	AbsError: 3.45113e-08
      Equation: "PotentialEquation"	RelError: 5.23333e-10	AbsError: 5.73531e-10
    Region: "oxide"	RelError: 2.73608e-06	AbsError: 1.67866e-06
      Equation: "PotentialEquation"	RelError: 2.73608e-06	AbsError: 1.67866e-06
Iteration: 2
  Device: "mos2d"	RelError: 1.08172e-03	AbsError: 1.43151e+10
    Region: "bulk"	RelError: 1.08172e-03	AbsError: 1.43151e+10
      Equation: "ElectronContinuityEquation"	RelError: 9.96480e-04	AbsError: 2.57923e+09
      Equation: "HoleContinuityEquation"	RelError: 8.49926e-05	AbsError: 1.17359e+10
      Equation: "PotentialEquation"	RelError: 2.44942e-07	AbsError: 1.45609e-08
    Region: "gate"	RelError: 1.97166e-12	AbsError: 9.70754e+07
      Equation: "ElectronContinuityEquation"	RelError: 9.74166e-13	AbsError: 9.70754e+07
      Equation: "HoleContinuityEquation"	RelError: 9.74469e-13	AbsError: 9.77894e-13
      Equation: "PotentialEquation"	RelError: 2.30230e-14	AbsError: 2.52329e-14
    Region: "oxide"	RelError: 9.66269e-11	AbsError: 7.26892e-11
      Equation: "PotentialEquation"	RelError: 9.66269e-11	AbsError: 7.26892e-11
Iteration: 3
  Device: "mos2d"	RelError: 1.07599e-05	AbsError: 1.05910e+04
    Region: "bulk"	RelError: 1.07599e-05	AbsError: 1.05910e+04
      Equation: "ElectronContinuityEquation"	RelError: 1.06287e-05	AbsError: 9.25088e+03
      Equation: "HoleContinuityEquation"	RelError: 1.31213e-07	AbsError: 1.34017e+03
      Equation: "PotentialEquation"	RelError: 4.09949e-14	AbsError: 1.48111e-15
    Region: "gate"	RelError: 3.36659e-16	AbsError: 8.13828e+03
      Equation: "ElectronContinuityEquation"	RelError: 8.13828e-17	AbsError: 8.13828e+03
      Equation: "HoleContinuityEquation"	RelError: 1.53986e-16	AbsError: 1.55304e-16
      Equation: "PotentialEquation"	RelError: 1.01291e-16	AbsError: 1.11022e-16
    Region: "oxide"	RelError: 2.27680e-16	AbsError: 1.80997e-16
      Equation: "PotentialEquation"	RelError: 2.27680e-16	AbsError: 1.80997e-16
Succeeded
IVPOINT	IDVD_VG1P0	5.00000000e-01	1.64000000e+00	9.19040315e-02
drain last end 1.640000e+00 2.000000e+00
number of equations 4295
Iteration: 0
  Device: "mos2d"	RelError: 1.29785e+00	AbsError: 3.72265e+16
    Region: "bulk"	RelError: 1.28966e+00	AbsError: 3.72265e+16
      Equation: "ElectronContinuityEquation"	RelError: 1.90383e-01	AbsError: 3.56022e+16
      Equation: "HoleContinuityEquation"	RelError: 6.77919e-01	AbsError: 1.62429e+15
      Equation: "PotentialEquation"	RelError: 4.21355e-01	AbsError: 2.00000e-02
    Region: "gate"	RelError: 3.66393e-04	AbsError: 1.82159e+16
      Equation: "ElectronContinuityEquation"	RelError: 1.81026e-04	AbsError: 1.82159e+16
      Equation: "HoleContinuityEquation"	RelError: 1.81092e-04	AbsError: 1.79965e-04
      Equation: "PotentialEquation"	RelError: 4.27563e-06	AbsError: 4.68710e-06
    Region: "oxide"	RelError: 7.82852e-03	AbsError: 1.36892e-02
      Equation: "PotentialEquation"	RelError: 7.82852e-03	AbsError: 1.36892e-02
Iteration: 1
  Device: "mos2d"	RelError: 1.23129e-01	AbsError: 8.04675e+13
    Region: "bulk"	RelError: 1.23126e-01	AbsError: 8.04675e+13
      Equation: "ElectronContinuityEquation"	RelError: 1.46656e-02	AbsError: 4.81360e+13
      Equation: "HoleContinuityEquation"	RelError: 1.06821e-01	AbsError: 3.23314e+13
      Equation: "PotentialEquation"	RelError: 1.63927e-03	AbsError: 5.12914e-05
    Region: "gate"	RelError: 5.74951e-08	AbsError: 2.32625e+12
      Equation: "ElectronContinuityEquation"	RelError: 2.34010e-08	AbsError: 2.32625e+12
      Equation: "HoleContinuityEquation"	RelError: 3.35684e-08	AbsError: 3.33060e-08
      Equation: "PotentialEquation"	RelError: 5.25586e-10	AbsError: 5.76001e-10
    Region: "oxide"	RelError: 2.73174e-06	AbsError: 1.68637e-06
      Equation: "PotentialEquation"	RelError: 2.73174e-06	AbsError: 1.68637e-06
Iteration: 2
  Device: "mos2d"	RelError: 1.09755e-03	AbsError: 1.45611e+10
    Region: "bulk"	RelError: 1.09755e-03	AbsError: 1.45611e+10
      Equation: "ElectronContinuityEquation"	RelError: 1.01468e-03	AbsError: 2.51581e+09
      Equation: "HoleContinuityEquation"	RelError: 8.25348e-05	AbsError: 1.20453e+10
      Equation: "PotentialEquation"	RelError: 3.42789e-07	AbsError: 1.46210e-08
    Region: "gate"	RelError: 2.02383e-12	AbsError: 9.96520e+07
      Equation: "ElectronContinuityEquation"	RelError: 9.99952e-13	AbsError: 9.96520e+07
      Equation: "HoleContinuityEquation"	RelError: 1.00024e-12	AbsError: 1.00368e-12
      Equation: "PotentialEquation"	RelError: 2.36368e-14	AbsError: 2.59056e-14
    Region: "oxide"	RelError: 9.87726e-11	AbsError: 7.45711e-11
      Equation: "PotentialEquation"	RelError: 9.87726e-11	AbsError: 7.45711e-11
Iteration: 3
  Device: "mos2d"	RelError: 2.82527e-08	AbsError: 1.40364e+04
    Region: "bulk"	RelError: 2.82527e-08	AbsError: 1.40364e+04
      Equation: "ElectronContinuityEquation"	RelError: 2.40420e-08	AbsError: 1.26322e+04
      Equation: "HoleContinuityEquation"	RelError: 4.21065e-09	AbsError: 1.40420e+03
      Equation: "PotentialEquation"	RelError: 5.56812e-14	AbsError: 1.78854e-15
    Region: "gate"	RelError: 3.81914e-16	AbsError: 8.16206e+03
      Equation: "ElectronContinuityEquation"	RelError: 8.16210e-17	AbsError: 8.16206e+03
      Equation: "HoleContinuityEquation"	RelError: 1.99002e-16	AbsError: 2.00526e-16
      Equation: "PotentialEquation"	RelError: 1.01291e-16	AbsError: 1.11022e-16
    Region: "oxide"	RelError: 1.99096e-16	AbsError: 2.32544e-16
      Equation: "PotentialEquation"	RelError: 1.99096e-16	AbsError: 2.32544e-16
Succeeded
IVPOINT	IDVD_VG1P0	5.00000000e-01	1.66000000e+00	9.39969058e-02
drain last end 1.660000e+00 2.000000e+00
number of equations 4295
Iteration: 0
  Device: "mos2d"	RelError: 1.61866e+00	AbsError: 3.72200e+16
    Region: "bulk"	RelError: 1.61052e+00	AbsError: 3.72200e+16
      Equation: "ElectronContinuityEquation"	RelError: 1.89634e-01	AbsError: 3.56015e+16
      Equation: "HoleContinuityEquation"	RelError: 6.80821e-01	AbsError: 1.61844e+15
      Equation: "PotentialEquation"	RelError: 7.40070e-01	AbsError: 2.00000e-02
    Region: "gate"	RelError: 3.66345e-04	AbsError: 1.82168e+16
      Equation: "ElectronContinuityEquation"	RelError: 1.81002e-04	AbsError: 1.82168e+16
      Equation: "HoleContinuityEquation"	RelError: 1.81068e-04	AbsError: 1.79909e-04
      Equation: "PotentialEquation"	RelError: 4.27505e-06	AbsError: 4.68648e-06
    Region: "oxide"	RelError: 7.76727e-03	AbsError: 1.36884e-02
      Equation: "PotentialEquation"	RelError: 7.76727e-03	AbsError: 1.36884e-02
Iteration: 1
  Device: "mos2d"	RelError: 1.24920e-01	AbsError: 7.55661e+13
    Region: "bulk"	RelError: 1.24917e-01	AbsError: 7.55661e+13
      Equation: "ElectronContinuityEquation"	RelError: 1.45226e-02	AbsError: 4.32793e+13
      Equation: "HoleContinuityEquation"	RelError: 1.07608e-01	AbsError: 3.22868e+13
      Equation: "PotentialEquation"	RelError: 2.78716e-03	AbsError: 5.05293e-05
    Region: "gate"	RelError: 5.64727e-08	AbsError: 2.33253e+12
      Equation: "ElectronContinuityEquation"	RelError: 2.34631e-08	AbsError: 2.33253e+12
      Equation: "HoleContinuityEquation"	RelError: 3.24826e-08	AbsError: 3.22231e-08
      Equation: "PotentialEquation"	RelError: 5.27000e-10	AbsError: 5.77551e-10
    Region: "oxide"	RelError: 2.72414e-06	AbsError: 1.69143e-06
      Equation: "PotentialEquation"	RelError: 2.72414e-06	AbsError: 1.69143e-06
Iteration: 2
  Device: "mos2d"	RelError: 1.06519e-03	AbsError: 1.45015e+10
    Region: "bulk"	RelError: 1.06519e-03	AbsError: 1.45015e+10
      Equation: "ElectronContinuityEquation"	RelError: 9.84828e-04	AbsError: 2.42824e+09
      Equation: "HoleContinuityEquation"	RelError: 7.97765e-05	AbsError: 1.20732e+10
      Equation: "PotentialEquation"	RelError: 5.80508e-07	AbsError: 1.44113e-08
    Region: "gate"	RelError: 2.06291e-12	AbsError: 1.01579e+08
      Equation: "ElectronContinuityEquation"	RelError: 1.01921e-12	AbsError: 1.01579e+08
      Equation: "HoleContinuityEquation"	RelError: 1.01965e-12	AbsError: 1.02309e-12
      Equation: "PotentialEquation"	RelError: 2.40492e-14	AbsError: 2.63577e-14
    Region: "oxide"	RelError: 1.00399e-10	AbsError: 7.59793e-11
      Equation: "PotentialEquation"	RelError: 1.00399e-10	AbsError: 7.59793e-11
Iteration: 3
  Device: "mos2d"	RelError: 6.05088e-07	AbsError: 1.09161e+04
    Region: "bulk"	RelError: 6.05088e-07	AbsError: 1.09161e+04
      Equation: "ElectronContinuityEquation"	RelError: 5.16517e-07	AbsError: 9.47413e+03
      Equation: "HoleContinuityEquation"	RelError: 8.85708e-08	AbsError: 1.44201e+03
      Equation: "PotentialEquation"	RelError: 8.24193e-14	AbsError: 2.01066e-15
    Region: "gate"	RelError: 3.70553e-16	AbsError: 8.07588e+03
      Equation: "ElectronContinuityEquation"	RelError: 8.07591e-17	AbsError: 8.07588e+03
      Equation: "HoleContinuityEquation"	RelError: 1.87708e-16	AbsError: 1.89854e-16
      Equation: "PotentialEquation"	RelError: 1.02087e-16	AbsError: 1.11877e-16
    Region: "oxide"	RelError: 2.36999e-16	AbsError: 1.75836e-16
      Equation: "PotentialEquation"	RelError: 2.36999e-16	AbsError: 1.75836e-16
Succeeded
IVPOINT	IDVD_VG1P0	5.00000000e-01	1.68000000e+00	9.61180880e-02
drain last end 1.680000e+00 2.000000e+00
number of equations 4295
Iteration: 0
  Device: "mos2d"	RelError: 3.84279e+00	AbsError: 3.72092e+16
    Region: "bulk"	RelError: 3.83472e+00	AbsError: 3.72092e+16
      Equation: "ElectronContinuityEquation"	RelError: 1.88878e-01	AbsError: 3.55994e+16
      Equation: "HoleContinuityEquation"	RelError: 6.82639e-01	AbsError: 1.60978e+15
      Equation: "PotentialEquation"	RelError: 2.96320e+00	AbsError: 2.00000e-02
    Region: "gate"	RelError: 3.66300e-04	AbsError: 1.82179e+16
      Equation: "ElectronContinuityEquation"	RelError: 1.80980e-04	AbsError: 1.82179e+16
      Equation: "HoleContinuityEquation"	RelError: 1.81046e-04	AbsError: 1.79855e-04
      Equation: "PotentialEquation"	RelError: 4.27451e-06	AbsError: 4.68592e-06
    Region: "oxide"	RelError: 7.70705e-03	AbsError: 1.36877e-02
      Equation: "PotentialEquation"	RelError: 7.70705e-03	AbsError: 1.36877e-02
Iteration: 1
  Device: "mos2d"	RelError: 1.33452e-01	AbsError: 7.07887e+13
    Region: "bulk"	RelError: 1.33450e-01	AbsError: 7.07887e+13
      Equation: "ElectronContinuityEquation"	RelError: 1.43759e-02	AbsError: 3.88947e+13
      Equation: "HoleContinuityEquation"	RelError: 1.08233e-01	AbsError: 3.18940e+13
      Equation: "PotentialEquation"	RelError: 1.08411e-02	AbsError: 4.94390e-05
    Region: "gate"	RelError: 5.55275e-08	AbsError: 2.33529e+12
      Equation: "ElectronContinuityEquation"	RelError: 2.34897e-08	AbsError: 2.33529e+12
      Equation: "HoleContinuityEquation"	RelError: 3.15102e-08	AbsError: 3.12530e-08
      Equation: "PotentialEquation"	RelError: 5.27579e-10	AbsError: 5.78186e-10
    Region: "oxide"	RelError: 2.71328e-06	AbsError: 1.69384e-06
      Equation: "PotentialEquation"	RelError: 2.71328e-06	AbsError: 1.69384e-06
Iteration: 2
  Device: "mos2d"	RelError: 9.87078e-04	AbsError: 1.41405e+10
    Region: "bulk"	RelError: 9.87078e-04	AbsError: 1.41405e+10
      Equation: "ElectronContinuityEquation"	RelError: 9.08142e-04	AbsError: 2.31688e+09
      Equation: "HoleContinuityEquation"	RelError: 7.67098e-05	AbsError: 1.18236e+10
      Equation: "PotentialEquation"	RelError: 2.22608e-06	AbsError: 1.39379e-08
    Region: "gate"	RelError: 2.08861e-12	AbsError: 1.02849e+08
      Equation: "ElectronContinuityEquation"	RelError: 1.03188e-12	AbsError: 1.02849e+08
      Equation: "HoleContinuityEquation"	RelError: 1.03235e-12	AbsError: 1.03576e-12
      Equation: "PotentialEquation"	RelError: 2.43797e-14	AbsError: 2.67199e-14
    Region: "oxide"	RelError: 1.01361e-10	AbsError: 7.68899e-11
      Equation: "PotentialEquation"	RelError: 1.01361e-10	AbsError: 7.68899e-11
Iteration: 3
  Device: "mos2d"	RelError: 4.58970e-06	AbsError: 1.08022e+04
    Region: "bulk"	RelError: 4.58970e-06	AbsError: 1.08022e+04
      Equation: "ElectronContinuityEquation"	RelError: 4.52787e-06	AbsError: 9.44836e+03
      Equation: "HoleContinuityEquation"	RelError: 6.18266e-08	AbsError: 1.35382e+03
      Equation: "PotentialEquation"	RelError: 2.18364e-13	AbsError: 1.47779e-15
    Region: "gate"	RelError: 3.85181e-16	AbsError: 8.14925e+03
      Equation: "ElectronContinuityEquation"	RelError: 8.14925e-17	AbsError: 8.14925e+03
      Equation: "HoleContinuityEquation"	RelError: 2.02398e-16	AbsError: 2.00746e-16
      Equation: "PotentialEquation"	RelError: 1.01291e-16	AbsError: 1.11022e-16
    Region: "oxide"	RelError: 1.19661e-16	AbsError: 1.73746e-16
      Equation: "PotentialEquation"	RelError: 1.19661e-16	AbsError: 1.73746e-16
Succeeded
IVPOINT	IDVD_VG1P0	5.00000000e-01	1.70000000e+00	9.82677119e-02
drain last end 1.700000e+00 2.000000e+00
number of equations 4295
Iteration: 0
  Device: "mos2d"	RelError: 5.22900e+00	AbsError: 3.71943e+16
    Region: "bulk"	RelError: 5.22098e+00	AbsError: 3.71943e+16
      Equation: "ElectronContinuityEquation"	RelError: 1.88110e-01	AbsError: 3.55960e+16
      Equation: "HoleContinuityEquation"	RelError: 6.82878e-01	AbsError: 1.59826e+15
      Equation: "PotentialEquation"	RelError: 4.34999e+00	AbsError: 2.00000e-02
    Region: "gate"	RelError: 3.66259e-04	AbsError: 1.82191e+16
      Equation: "ElectronContinuityEquation"	RelError: 1.80960e-04	AbsError: 1.82191e+16
      Equation: "HoleContinuityEquation"	RelError: 1.81025e-04	AbsError: 1.79802e-04
      Equation: "PotentialEquation"	RelError: 4.27402e-06	AbsError: 4.68539e-06
    Region: "oxide"	RelError: 7.64785e-03	AbsError: 1.36873e-02
      Equation: "PotentialEquation"	RelError: 7.64785e-03	AbsError: 1.36873e-02
Iteration: 1
  Device: "mos2d"	RelError: 1.29952e-01	AbsError: 6.61093e+13
    Region: "bulk"	RelError: 1.29949e-01	AbsError: 6.61093e+13
      Equation: "ElectronContinuityEquation"	RelError: 1.42231e-02	AbsError: 3.49397e+13
      Equation: "HoleContinuityEquation"	RelError: 1.08623e-01	AbsError: 3.11696e+13
      Equation: "PotentialEquation"	RelError: 7.10278e-03	AbsError: 4.80449e-05
    Region: "gate"	RelError: 5.46507e-08	AbsError: 2.33459e+12
      Equation: "ElectronContinuityEquation"	RelError: 2.34815e-08	AbsError: 2.33459e+12
      Equation: "HoleContinuityEquation"	RelError: 3.06418e-08	AbsError: 3.03865e-08
      Equation: "PotentialEquation"	RelError: 5.27334e-10	AbsError: 5.77919e-10
    Region: "oxide"	RelError: 2.69921e-06	AbsError: 1.69365e-06
      Equation: "PotentialEquation"	RelError: 2.69921e-06	AbsError: 1.69365e-06
Iteration: 2
  Device: "mos2d"	RelError: 8.67932e-04	AbsError: 1.35033e+10
    Region: "bulk"	RelError: 8.67932e-04	AbsError: 1.35033e+10
      Equation: "ElectronContinuityEquation"	RelError: 7.93563e-04	AbsError: 2.18431e+09
      Equation: "HoleContinuityEquation"	RelError: 7.33330e-05	AbsError: 1.13190e+10
      Equation: "PotentialEquation"	RelError: 1.03599e-06	AbsError: 1.32251e-08
    Region: "gate"	RelError: 2.10031e-12	AbsError: 1.03447e+08
      Equation: "ElectronContinuityEquation"	RelError: 1.03781e-12	AbsError: 1.03447e+08
      Equation: "HoleContinuityEquation"	RelError: 1.03806e-12	AbsError: 1.04141e-12
      Equation: "PotentialEquation"	RelError: 2.44408e-14	AbsError: 2.67869e-14
    Region: "oxide"	RelError: 1.01631e-10	AbsError: 7.72916e-11
      Equation: "PotentialEquation"	RelError: 1.01631e-10	AbsError: 7.72916e-11
Iteration: 3
  Device: "mos2d"	RelError: 5.43509e-07	AbsError: 1.50900e+04
    Region: "bulk"	RelError: 5.43509e-07	AbsError: 1.50900e+04
      Equation: "ElectronContinuityEquation"	RelError: 5.37387e-07	AbsError: 1.38661e+04
      Equation: "HoleContinuityEquation"	RelError: 6.12186e-09	AbsError: 1.22384e+03
      Equation: "PotentialEquation"	RelError: 3.25060e-13	AbsError: 2.82043e-15
    Region: "gate"	RelError: 3.50373e-16	AbsError: 8.01433e+03
      Equation: "ElectronContinuityEquation"	RelError: 8.01428e-17	AbsError: 8.01433e+03
      Equation: "HoleContinuityEquation"	RelError: 1.68939e-16	AbsError: 1.68940e-16
      Equation: "PotentialEquation"	RelError: 1.01291e-16	AbsError: 1.11022e-16
    Region: "oxide"	RelError: 1.68474e-16	AbsError: 1.48887e-16
      Equation: "PotentialEquation"	RelError: 1.68474e-16	AbsError: 1.48887e-16
Succeeded
IVPOINT	IDVD_VG1P0	5.00000000e-01	1.72000000e+00	1.00445908e-01
drain last end 1.720000e+00 2.000000e+00
number of equations 4295
Iteration: 0
  Device: "mos2d"	RelError: 2.72875e+00	AbsError: 3.71753e+16
    Region: "bulk"	RelError: 2.72079e+00	AbsError: 3.71753e+16
      Equation: "ElectronContinuityEquation"	RelError: 1.87328e-01	AbsError: 3.55914e+16
      Equation: "HoleContinuityEquation"	RelError: 6.80823e-01	AbsError: 1.58387e+15
      Equation: "PotentialEquation"	RelError: 1.85264e+00	AbsError: 2.00000e-02
    Region: "gate"	RelError: 3.66221e-04	AbsError: 1.82205e+16
      Equation: "ElectronContinuityEquation"	RelError: 1.80941e-04	AbsError: 1.82205e+16
      Equation: "HoleContinuityEquation"	RelError: 1.81007e-04	AbsError: 1.79751e-04
      Equation: "PotentialEquation"	RelError: 4.27355e-06	AbsError: 4.68491e-06
    Region: "oxide"	RelError: 7.58962e-03	AbsError: 1.36869e-02
      Equation: "PotentialEquation"	RelError: 7.58962e-03	AbsError: 1.36869e-02
Iteration: 1
  Device: "mos2d"	RelError: 1.26150e-01	AbsError: 6.15175e+13
    Region: "bulk"	RelError: 1.26147e-01	AbsError: 6.15175e+13
      Equation: "ElectronContinuityEquation"	RelError: 1.41141e-02	AbsError: 3.13751e+13
      Equation: "HoleContinuityEquation"	RelError: 1.08674e-01	AbsError: 3.01424e+13
      Equation: "PotentialEquation"	RelError: 3.35875e-03	AbsError: 4.63827e-05
    Region: "gate"	RelError: 5.38347e-08	AbsError: 2.33050e+12
      Equation: "ElectronContinuityEquation"	RelError: 2.34393e-08	AbsError: 2.33050e+12
      Equation: "HoleContinuityEquation"	RelError: 2.98691e-08	AbsError: 2.96151e-08
      Equation: "PotentialEquation"	RelError: 5.26285e-10	AbsError: 5.76769e-10
    Region: "oxide"	RelError: 2.68199e-06	AbsError: 1.69092e-06
      Equation: "PotentialEquation"	RelError: 2.68199e-06	AbsError: 1.69092e-06
Iteration: 2
  Device: "mos2d"	RelError: 8.53354e-04	AbsError: 1.26332e+10
    Region: "bulk"	RelError: 8.53354e-04	AbsError: 1.26332e+10
      Equation: "ElectronContinuityEquation"	RelError: 7.83316e-04	AbsError: 2.03510e+09
      Equation: "HoleContinuityEquation"	RelError: 6.96527e-05	AbsError: 1.05981e+10
      Equation: "PotentialEquation"	RelError: 3.84849e-07	AbsError: 1.23135e-08
    Region: "gate"	RelError: 2.09850e-12	AbsError: 1.03347e+08
      Equation: "ElectronContinuityEquation"	RelError: 1.03673e-12	AbsError: 1.03347e+08
      Equation: "HoleContinuityEquation"	RelError: 1.03725e-12	AbsError: 1.04052e-12
      Equation: "PotentialEquation"	RelError: 2.45213e-14	AbsError: 2.68752e-14
    Region: "oxide"	RelError: 1.01224e-10	AbsError: 7.71912e-11
      Equation: "PotentialEquation"	RelError: 1.01224e-10	AbsError: 7.71912e-11
Iteration: 3
  Device: "mos2d"	RelError: 5.60071e-06	AbsError: 1.23943e+04
    Region: "bulk"	RelError: 5.60071e-06	AbsError: 1.23943e+04
      Equation: "ElectronContinuityEquation"	RelError: 5.50349e-06	AbsError: 1.13140e+04
      Equation: "HoleContinuityEquation"	RelError: 9.72180e-08	AbsError: 1.08031e+03
      Equation: "PotentialEquation"	RelError: 5.38582e-14	AbsError: 1.41043e-15
    Region: "gate"	RelError: 3.17089e-16	AbsError: 7.90626e+03
      Equation: "ElectronContinuityEquation"	RelError: 7.90626e-17	AbsError: 7.90626e+03
      Equation: "HoleContinuityEquation"	RelError: 1.36736e-16	AbsError: 1.36737e-16
      Equation: "PotentialEquation"	RelError: 1.01291e-16	AbsError: 1.11022e-16
    Region: "oxide"	RelError: 2.54657e-16	AbsError: 2.03215e-16
      Equation: "PotentialEquation"	RelError: 2.54657e-16	AbsError: 2.03215e-16
Succeeded
IVPOINT	IDVD_VG1P0	5.00000000e-01	1.74000000e+00	1.02652801e-01
drain last end 1.740000e+00 2.000000e+00
number of equations 4295
Iteration: 0
  Device: "mos2d"	RelError: 3.02520e+00	AbsError: 3.71524e+16
    Region: "bulk"	RelError: 3.01730e+00	AbsError: 3.71524e+16
      Equation: "ElectronContinuityEquation"	RelError: 1.86528e-01	AbsError: 3.55858e+16
      Equation: "HoleContinuityEquation"	RelError: 6.75465e-01	AbsError: 1.56660e+15
      Equation: "PotentialEquation"	RelError: 2.15531e+00	AbsError: 2.00000e-02
    Region: "gate"	RelError: 3.66186e-04	AbsError: 1.82221e+16
      Equation: "ElectronContinuityEquation"	RelError: 1.80924e-04	AbsError: 1.82221e+16
      Equation: "HoleContinuityEquation"	RelError: 1.80989e-04	AbsError: 1.79701e-04
      Equation: "PotentialEquation"	RelError: 4.27312e-06	AbsError: 4.68445e-06
    Region: "oxide"	RelError: 7.53233e-03	AbsError: 1.36867e-02
      Equation: "PotentialEquation"	RelError: 7.53233e-03	AbsError: 1.36867e-02
Iteration: 1
  Device: "mos2d"	RelError: 1.26088e-01	AbsError: 5.70158e+13
    Region: "bulk"	RelError: 1.26085e-01	AbsError: 5.70158e+13
      Equation: "ElectronContinuityEquation"	RelError: 1.40172e-02	AbsError: 2.81645e+13
      Equation: "HoleContinuityEquation"	RelError: 1.08235e-01	AbsError: 2.88514e+13
      Equation: "PotentialEquation"	RelError: 3.83211e-03	AbsError: 4.44977e-05
    Region: "gate"	RelError: 5.30724e-08	AbsError: 2.32313e+12
      Equation: "ElectronContinuityEquation"	RelError: 2.33640e-08	AbsError: 2.32313e+12
      Equation: "HoleContinuityEquation"	RelError: 2.91839e-08	AbsError: 2.89307e-08
      Equation: "PotentialEquation"	RelError: 5.24456e-10	AbsError: 5.74765e-10
    Region: "oxide"	RelError: 2.66172e-06	AbsError: 1.68574e-06
      Equation: "PotentialEquation"	RelError: 2.66172e-06	AbsError: 1.68574e-06
Iteration: 2
  Device: "mos2d"	RelError: 9.18857e-04	AbsError: 1.15869e+10
    Region: "bulk"	RelError: 9.18857e-04	AbsError: 1.15869e+10
      Equation: "ElectronContinuityEquation"	RelError: 8.52951e-04	AbsError: 1.87530e+09
      Equation: "HoleContinuityEquation"	RelError: 6.56857e-05	AbsError: 9.71161e+09
      Equation: "PotentialEquation"	RelError: 2.19969e-07	AbsError: 1.12556e-08
    Region: "gate"	RelError: 2.08305e-12	AbsError: 1.02614e+08
      Equation: "ElectronContinuityEquation"	RelError: 1.02930e-12	AbsError: 1.02614e+08
      Equation: "HoleContinuityEquation"	RelError: 1.02942e-12	AbsError: 1.03259e-12
      Equation: "PotentialEquation"	RelError: 2.43311e-14	AbsError: 2.66668e-14
    Region: "oxide"	RelError: 1.00183e-10	AbsError: 7.66098e-11
      Equation: "PotentialEquation"	RelError: 1.00183e-10	AbsError: 7.66098e-11
Iteration: 3
  Device: "mos2d"	RelError: 2.06255e-05	AbsError: 1.57931e+04
    Region: "bulk"	RelError: 2.06255e-05	AbsError: 1.57931e+04
      Equation: "ElectronContinuityEquation"	RelError: 2.06122e-05	AbsError: 1.48700e+04
      Equation: "HoleContinuityEquation"	RelError: 1.32707e-08	AbsError: 9.23096e+02
      Equation: "PotentialEquation"	RelError: 7.44292e-14	AbsError: 1.54425e-15
    Region: "gate"	RelError: 3.59829e-16	AbsError: 7.84741e+03
      Equation: "ElectronContinuityEquation"	RelError: 7.84252e-17	AbsError: 7.84741e+03
      Equation: "HoleContinuityEquation"	RelError: 1.80113e-16	AbsError: 1.81142e-16
      Equation: "PotentialEquation"	RelError: 1.01291e-16	AbsError: 1.11022e-16
    Region: "oxide"	RelError: 1.83892e-16	AbsError: 2.06353e-16
      Equation: "PotentialEquation"	RelError: 1.83892e-16	AbsError: 2.06353e-16
Succeeded
IVPOINT	IDVD_VG1P0	5.00000000e-01	1.76000000e+00	1.04888513e-01
drain last end 1.760000e+00 2.000000e+00
number of equations 4295
Iteration: 0
  Device: "mos2d"	RelError: 2.00729e+00	AbsError: 3.71258e+16
    Region: "bulk"	RelError: 1.99945e+00	AbsError: 3.71258e+16
      Equation: "ElectronContinuityEquation"	RelError: 1.85706e-01	AbsError: 3.55793e+16
      Equation: "HoleContinuityEquation"	RelError: 6.65419e-01	AbsError: 1.54644e+15
      Equation: "PotentialEquation"	RelError: 1.14833e+00	AbsError: 2.00000e-02
    Region: "gate"	RelError: 3.66153e-04	AbsError: 1.82237e+16
      Equation: "ElectronContinuityEquation"	RelError: 1.80907e-04	AbsError: 1.82237e+16
      Equation: "HoleContinuityEquation"	RelError: 1.80973e-04	AbsError: 1.79652e-04
      Equation: "PotentialEquation"	RelError: 4.27272e-06	AbsError: 4.68403e-06
    Region: "oxide"	RelError: 7.47596e-03	AbsError: 1.36866e-02
      Equation: "PotentialEquation"	RelError: 7.47596e-03	AbsError: 1.36866e-02
Iteration: 1
  Device: "mos2d"	RelError: 1.24059e-01	AbsError: 5.26174e+13
    Region: "bulk"	RelError: 1.24057e-01	AbsError: 5.26174e+13
      Equation: "ElectronContinuityEquation"	RelError: 1.39193e-02	AbsError: 2.52745e+13
      Equation: "HoleContinuityEquation"	RelError: 1.07099e-01	AbsError: 2.73429e+13
      Equation: "PotentialEquation"	RelError: 3.03792e-03	AbsError: 4.24413e-05
    Region: "gate"	RelError: 5.23576e-08	AbsError: 2.31261e+12
      Equation: "ElectronContinuityEquation"	RelError: 2.32571e-08	AbsError: 2.31261e+12
      Equation: "HoleContinuityEquation"	RelError: 2.85787e-08	AbsError: 2.83258e-08
      Equation: "PotentialEquation"	RelError: 5.21879e-10	AbsError: 5.71942e-10
    Region: "oxide"	RelError: 2.63854e-06	AbsError: 1.67820e-06
      Equation: "PotentialEquation"	RelError: 2.63854e-06	AbsError: 1.67820e-06
Iteration: 2
  Device: "mos2d"	RelError: 9.57584e-04	AbsError: 1.04282e+10
    Region: "bulk"	RelError: 9.57584e-04	AbsError: 1.04282e+10
      Equation: "ElectronContinuityEquation"	RelError: 8.95787e-04	AbsError: 1.71180e+09
      Equation: "HoleContinuityEquation"	RelError: 6.14610e-05	AbsError: 8.71643e+09
      Equation: "PotentialEquation"	RelError: 3.35956e-07	AbsError: 1.01098e-08
    Region: "gate"	RelError: 2.05575e-12	AbsError: 1.01267e+08
      Equation: "ElectronContinuityEquation"	RelError: 1.01573e-12	AbsError: 1.01267e+08
      Equation: "HoleContinuityEquation"	RelError: 1.01611e-12	AbsError: 1.01918e-12
      Equation: "PotentialEquation"	RelError: 2.39076e-14	AbsError: 2.62026e-14
    Region: "oxide"	RelError: 9.85580e-11	AbsError: 7.55828e-11
      Equation: "PotentialEquation"	RelError: 9.85580e-11	AbsError: 7.55828e-11
Iteration: 3
  Device: "mos2d"	RelError: 1.33189e-06	AbsError: 9.78669e+03
    Region: "bulk"	RelError: 1.33189e-06	AbsError: 9.78669e+03
      Equation: "ElectronContinuityEquation"	RelError: 1.23748e-06	AbsError: 9.04670e+03
      Equation: "HoleContinuityEquation"	RelError: 9.44075e-08	AbsError: 7.39988e+02
      Equation: "PotentialEquation"	RelError: 4.55639e-14	AbsError: 1.97705e-15
    Region: "gate"	RelError: 2.92274e-16	AbsError: 7.90078e+03
      Equation: "ElectronContinuityEquation"	RelError: 7.90080e-17	AbsError: 7.90078e+03
      Equation: "HoleContinuityEquation"	RelError: 1.11793e-16	AbsError: 1.11793e-16
      Equation: "PotentialEquation"	RelError: 1.01472e-16	AbsError: 1.11221e-16
    Region: "oxide"	RelError: 2.17160e-16	AbsError: 2.86691e-16
      Equation: "PotentialEquation"	RelError: 2.17160e-16	AbsError: 2.86691e-16
Succeeded
IVPOINT	IDVD_VG1P0	5.00000000e-01	1.78000000e+00	1.07153162e-01
drain last end 1.780000e+00 2.000000e+00
number of equations 4295
Iteration: 0
  Device: "mos2d"	RelError: 8.17599e+00	AbsError: 3.70955e+16
    Region: "bulk"	RelError: 8.16820e+00	AbsError: 3.70955e+16
      Equation: "ElectronContinuityEquation"	RelError: 1.84859e-01	AbsError: 3.55720e+16
      Equation: "HoleContinuityEquation"	RelError: 6.48891e-01	AbsError: 1.52342e+15
      Equation: "PotentialEquation"	RelError: 7.33445e+00	AbsError: 2.00000e-02
    Region: "gate"	RelError: 3.66122e-04	AbsError: 1.82255e+16
      Equation: "ElectronContinuityEquation"	RelError: 1.80892e-04	AbsError: 1.82255e+16
      Equation: "HoleContinuityEquation"	RelError: 1.80957e-04	AbsError: 1.79604e-04
      Equation: "PotentialEquation"	RelError: 4.27234e-06	AbsError: 4.68363e-06
    Region: "oxide"	RelError: 7.42048e-03	AbsError: 1.36866e-02
      Equation: "PotentialEquation"	RelError: 7.42048e-03	AbsError: 1.36866e-02
Iteration: 1
  Device: "mos2d"	RelError: 1.37278e-01	AbsError: 4.83423e+13
    Region: "bulk"	RelError: 1.37275e-01	AbsError: 4.83423e+13
      Equation: "ElectronContinuityEquation"	RelError: 1.38202e-02	AbsError: 2.26745e+13
      Equation: "HoleContinuityEquation"	RelError: 1.04992e-01	AbsError: 2.56678e+13
      Equation: "PotentialEquation"	RelError: 1.84636e-02	AbsError: 4.02685e-05
    Region: "gate"	RelError: 5.16851e-08	AbsError: 2.29911e+12
      Equation: "ElectronContinuityEquation"	RelError: 2.31202e-08	AbsError: 2.29911e+12
      Equation: "HoleContinuityEquation"	RelError: 2.80463e-08	AbsError: 2.77933e-08
      Equation: "PotentialEquation"	RelError: 5.18594e-10	AbsError: 5.68343e-10
    Region: "oxide"	RelError: 2.61262e-06	AbsError: 1.66844e-06
      Equation: "PotentialEquation"	RelError: 2.61262e-06	AbsError: 1.66844e-06
Iteration: 2
  Device: "mos2d"	RelError: 9.62942e-04	AbsError: 9.22117e+09
    Region: "bulk"	RelError: 9.62942e-04	AbsError: 9.22117e+09
      Equation: "ElectronContinuityEquation"	RelError: 9.03944e-04	AbsError: 1.55158e+09
      Equation: "HoleContinuityEquation"	RelError: 5.70208e-05	AbsError: 7.66959e+09
      Equation: "PotentialEquation"	RelError: 1.97748e-06	AbsError: 8.93450e-09
    Region: "gate"	RelError: 2.01762e-12	AbsError: 9.93819e+07
      Equation: "ElectronContinuityEquation"	RelError: 9.96744e-13	AbsError: 9.93819e+07
      Equation: "HoleContinuityEquation"	RelError: 9.97310e-13	AbsError: 1.00025e-12
      Equation: "PotentialEquation"	RelError: 2.35616e-14	AbsError: 2.58235e-14
    Region: "oxide"	RelError: 9.64055e-11	AbsError: 7.41562e-11
      Equation: "PotentialEquation"	RelError: 9.64055e-11	AbsError: 7.41562e-11
Iteration: 3
  Device: "mos2d"	RelError: 1.40322e-06	AbsError: 1.19964e+04
    Region: "bulk"	RelError: 1.40322e-06	AbsError: 1.19964e+04
      Equation: "ElectronContinuityEquation"	RelError: 1.34040e-06	AbsError: 1.14231e+04
      Equation: "HoleContinuityEquation"	RelError: 6.28217e-08	AbsError: 5.73250e+02
      Equation: "PotentialEquation"	RelError: 1.88822e-13	AbsError: 1.63530e-15
    Region: "gate"	RelError: 3.21569e-16	AbsError: 7.98610e+03
      Equation: "ElectronContinuityEquation"	RelError: 7.98617e-17	AbsError: 7.98610e+03
      Equation: "HoleContinuityEquation"	RelError: 1.40417e-16	AbsError: 1.40417e-16
      Equation: "PotentialEquation"	RelError: 1.01291e-16	AbsError: 1.11022e-16
    Region: "oxide"	RelError: 2.86845e-16	AbsError: 3.17489e-16
      Equation: "PotentialEquation"	RelError: 2.86845e-16	AbsError: 3.17489e-16
Succeeded
IVPOINT	IDVD_VG1P0	5.00000000e-01	1.80000000e+00	1.09446859e-01
drain last end 1.800000e+00 2.000000e+00
number of equations 4295
Iteration: 0
  Device: "mos2d"	RelError: 1.71056e+00	AbsError: 3.70616e+16
    Region: "bulk"	RelError: 1.70283e+00	AbsError: 3.70616e+16
      Equation: "ElectronContinuityEquation"	RelError: 1.83980e-01	AbsError: 3.55641e+16
      Equation: "HoleContinuityEquation"	RelError: 6.40271e-01	AbsError: 1.49757e+15
      Equation: "PotentialEquation"	RelError: 8.78579e-01	AbsError: 2.00000e-02
    Region: "gate"	RelError: 3.66092e-04	AbsError: 1.82273e+16
      Equation: "ElectronContinuityEquation"	RelError: 1.80877e-04	AbsError: 1.82273e+16
      Equation: "HoleContinuityEquation"	RelError: 1.80943e-04	AbsError: 1.79557e-04
      Equation: "PotentialEquation"	RelError: 4.27198e-06	AbsError: 4.68326e-06
    Region: "oxide"	RelError: 7.36586e-03	AbsError: 1.36867e-02
      Equation: "PotentialEquation"	RelError: 7.36586e-03	AbsError: 1.36867e-02
Iteration: 1
  Device: "mos2d"	RelError: 1.17490e-01	AbsError: 4.42148e+13
    Region: "bulk"	RelError: 1.17487e-01	AbsError: 4.42148e+13
      Equation: "ElectronContinuityEquation"	RelError: 1.37196e-02	AbsError: 2.03367e+13
      Equation: "HoleContinuityEquation"	RelError: 1.01575e-01	AbsError: 2.38781e+13
      Equation: "PotentialEquation"	RelError: 2.19211e-03	AbsError: 3.80345e-05
    Region: "gate"	RelError: 5.10500e-08	AbsError: 2.28280e+12
      Equation: "ElectronContinuityEquation"	RelError: 2.29551e-08	AbsError: 2.28280e+12
      Equation: "HoleContinuityEquation"	RelError: 2.75802e-08	AbsError: 2.73267e-08
      Equation: "PotentialEquation"	RelError: 5.14644e-10	AbsError: 5.64014e-10
    Region: "oxide"	RelError: 2.58414e-06	AbsError: 1.65658e-06
      Equation: "PotentialEquation"	RelError: 2.58414e-06	AbsError: 1.65658e-06
Iteration: 2
  Device: "mos2d"	RelError: 9.26076e-04	AbsError: 8.02398e+09
    Region: "bulk"	RelError: 9.26076e-04	AbsError: 8.02398e+09
      Equation: "ElectronContinuityEquation"	RelError: 8.73426e-04	AbsError: 1.40098e+09
      Equation: "HoleContinuityEquation"	RelError: 5.24208e-05	AbsError: 6.62301e+09
      Equation: "PotentialEquation"	RelError: 2.28921e-07	AbsError: 7.78266e-09
    Region: "gate"	RelError: 1.96936e-12	AbsError: 9.70352e+07
      Equation: "ElectronContinuityEquation"	RelError: 9.73139e-13	AbsError: 9.70352e+07
      Equation: "HoleContinuityEquation"	RelError: 9.73275e-13	AbsError: 9.76070e-13
      Equation: "PotentialEquation"	RelError: 2.29498e-14	AbsError: 2.51530e-14
    Region: "oxide"	RelError: 9.37989e-11	AbsError: 7.23817e-11
      Equation: "PotentialEquation"	RelError: 9.37989e-11	AbsError: 7.23817e-11
Iteration: 3
  Device: "mos2d"	RelError: 8.19948e-06	AbsError: 1.04295e+04
    Region: "bulk"	RelError: 8.19948e-06	AbsError: 1.04295e+04
      Equation: "ElectronContinuityEquation"	RelError: 8.10110e-06	AbsError: 9.99118e+03
      Equation: "HoleContinuityEquation"	RelError: 9.83732e-08	AbsError: 4.38336e+02
      Equation: "PotentialEquation"	RelError: 4.50347e-14	AbsError: 1.77589e-15
    Region: "gate"	RelError: 2.87632e-16	AbsError: 8.15151e+03
      Equation: "ElectronContinuityEquation"	RelError: 8.15151e-17	AbsError: 8.15151e+03
      Equation: "HoleContinuityEquation"	RelError: 1.04826e-16	AbsError: 1.04826e-16
      Equation: "PotentialEquation"	RelError: 1.01291e-16	AbsError: 1.11022e-16
    Region: "oxide"	RelError: 1.91973e-16	AbsError: 1.30955e-16
      Equation: "PotentialEquation"	RelError: 1.91973e-16	AbsError: 1.30955e-16
Succeeded
IVPOINT	IDVD_VG1P0	5.00000000e-01	1.82000000e+00	1.11769712e-01
drain last end 1.820000e+00 2.000000e+00
number of equations 4295
Iteration: 0
  Device: "mos2d"	RelError: 2.52973e+00	AbsError: 3.70244e+16
    Region: "bulk"	RelError: 2.52205e+00	AbsError: 3.70244e+16
      Equation: "ElectronContinuityEquation"	RelError: 1.83064e-01	AbsError: 3.55555e+16
      Equation: "HoleContinuityEquation"	RelError: 6.39677e-01	AbsError: 1.46892e+15
      Equation: "PotentialEquation"	RelError: 1.69931e+00	AbsError: 2.00000e-02
    Region: "gate"	RelError: 3.66064e-04	AbsError: 1.82292e+16
      Equation: "ElectronContinuityEquation"	RelError: 1.80864e-04	AbsError: 1.82292e+16
      Equation: "HoleContinuityEquation"	RelError: 1.80929e-04	AbsError: 1.79511e-04
      Equation: "PotentialEquation"	RelError: 4.27163e-06	AbsError: 4.68290e-06
    Region: "oxide"	RelError: 7.31207e-03	AbsError: 1.36868e-02
      Equation: "PotentialEquation"	RelError: 7.31207e-03	AbsError: 1.36868e-02
Iteration: 1
  Device: "mos2d"	RelError: 1.17506e-01	AbsError: 4.02597e+13
    Region: "bulk"	RelError: 1.17503e-01	AbsError: 4.02597e+13
      Equation: "ElectronContinuityEquation"	RelError: 1.36167e-02	AbsError: 1.82356e+13
      Equation: "HoleContinuityEquation"	RelError: 9.94626e-02	AbsError: 2.20242e+13
      Equation: "PotentialEquation"	RelError: 4.42393e-03	AbsError: 3.57915e-05
    Region: "gate"	RelError: 5.04482e-08	AbsError: 2.26390e+12
      Equation: "ElectronContinuityEquation"	RelError: 2.27639e-08	AbsError: 2.26390e+12
      Equation: "HoleContinuityEquation"	RelError: 2.71742e-08	AbsError: 2.69198e-08
      Equation: "PotentialEquation"	RelError: 5.10077e-10	AbsError: 5.59010e-10
    Region: "oxide"	RelError: 2.55331e-06	AbsError: 1.64279e-06
      Equation: "PotentialEquation"	RelError: 2.55331e-06	AbsError: 1.64279e-06
Iteration: 2
  Device: "mos2d"	RelError: 8.53782e-04	AbsError: 6.88478e+09
    Region: "bulk"	RelError: 8.53782e-04	AbsError: 6.88478e+09
      Equation: "ElectronContinuityEquation"	RelError: 8.05581e-04	AbsError: 1.26520e+09
      Equation: "HoleContinuityEquation"	RelError: 4.77289e-05	AbsError: 5.61958e+09
      Equation: "PotentialEquation"	RelError: 4.71718e-07	AbsError: 6.69761e-09
    Region: "gate"	RelError: 1.91360e-12	AbsError: 9.42820e+07
      Equation: "ElectronContinuityEquation"	RelError: 9.45460e-13	AbsError: 9.42820e+07
      Equation: "HoleContinuityEquation"	RelError: 9.45735e-13	AbsError: 9.48383e-13
      Equation: "PotentialEquation"	RelError: 2.24007e-14	AbsError: 2.45512e-14
    Region: "oxide"	RelError: 9.08163e-11	AbsError: 7.03145e-11
      Equation: "PotentialEquation"	RelError: 9.08163e-11	AbsError: 7.03145e-11
Iteration: 3
  Device: "mos2d"	RelError: 3.19066e-05	AbsError: 8.93108e+03
    Region: "bulk"	RelError: 3.19066e-05	AbsError: 8.93108e+03
      Equation: "ElectronContinuityEquation"	RelError: 3.18081e-05	AbsError: 8.60449e+03
      Equation: "HoleContinuityEquation"	RelError: 9.85631e-08	AbsError: 3.26596e+02
      Equation: "PotentialEquation"	RelError: 4.48624e-14	AbsError: 1.98432e-15
    Region: "gate"	RelError: 3.79844e-16	AbsError: 7.93123e+03
      Equation: "ElectronContinuityEquation"	RelError: 7.95065e-17	AbsError: 7.93123e+03
      Equation: "HoleContinuityEquation"	RelError: 1.98941e-16	AbsError: 2.01210e-16
      Equation: "PotentialEquation"	RelError: 1.01396e-16	AbsError: 1.11138e-16
    Region: "oxide"	RelError: 1.99050e-16	AbsError: 1.22895e-16
      Equation: "PotentialEquation"	RelError: 1.99050e-16	AbsError: 1.22895e-16
Succeeded
IVPOINT	IDVD_VG1P0	5.00000000e-01	1.84000000e+00	1.14121825e-01
drain last end 1.840000e+00 2.000000e+00
number of equations 4295
Iteration: 0
  Device: "mos2d"	RelError: 5.23311e+00	AbsError: 3.69840e+16
    Region: "bulk"	RelError: 5.22549e+00	AbsError: 3.69840e+16
      Equation: "ElectronContinuityEquation"	RelError: 1.82103e-01	AbsError: 3.55465e+16
      Equation: "HoleContinuityEquation"	RelError: 6.42223e-01	AbsError: 1.43755e+15
      Equation: "PotentialEquation"	RelError: 4.40116e+00	AbsError: 2.00000e-02
    Region: "gate"	RelError: 3.66037e-04	AbsError: 1.82312e+16
      Equation: "ElectronContinuityEquation"	RelError: 1.80850e-04	AbsError: 1.82312e+16
      Equation: "HoleContinuityEquation"	RelError: 1.80916e-04	AbsError: 1.79466e-04
      Equation: "PotentialEquation"	RelError: 4.27130e-06	AbsError: 4.68255e-06
    Region: "oxide"	RelError: 7.25911e-03	AbsError: 1.36870e-02
      Equation: "PotentialEquation"	RelError: 7.25911e-03	AbsError: 1.36870e-02
Iteration: 1
  Device: "mos2d"	RelError: 1.19611e-01	AbsError: 3.65092e+13
    Region: "bulk"	RelError: 1.19608e-01	AbsError: 3.65092e+13
      Equation: "ElectronContinuityEquation"	RelError: 1.35115e-02	AbsError: 1.63479e+13
      Equation: "HoleContinuityEquation"	RelError: 9.92794e-02	AbsError: 2.01613e+13
      Equation: "PotentialEquation"	RelError: 6.81719e-03	AbsError: 3.35862e-05
    Region: "gate"	RelError: 4.98764e-08	AbsError: 2.24262e+12
      Equation: "ElectronContinuityEquation"	RelError: 2.25488e-08	AbsError: 2.24262e+12
      Equation: "HoleContinuityEquation"	RelError: 2.68227e-08	AbsError: 2.65669e-08
      Equation: "PotentialEquation"	RelError: 5.04947e-10	AbsError: 5.53389e-10
    Region: "oxide"	RelError: 2.52034e-06	AbsError: 1.62724e-06
      Equation: "PotentialEquation"	RelError: 2.52034e-06	AbsError: 1.62724e-06
Iteration: 2
  Device: "mos2d"	RelError: 7.51059e-04	AbsError: 5.83911e+09
    Region: "bulk"	RelError: 7.51058e-04	AbsError: 5.83911e+09
      Equation: "ElectronContinuityEquation"	RelError: 7.07431e-04	AbsError: 1.14798e+09
      Equation: "HoleContinuityEquation"	RelError: 4.30226e-05	AbsError: 4.69112e+09
      Equation: "PotentialEquation"	RelError: 6.05294e-07	AbsError: 5.71102e-09
    Region: "gate"	RelError: 1.85126e-12	AbsError: 9.12198e+07
      Equation: "ElectronContinuityEquation"	RelError: 9.14687e-13	AbsError: 9.12198e+07
      Equation: "HoleContinuityEquation"	RelError: 9.14958e-13	AbsError: 9.17454e-13
      Equation: "PotentialEquation"	RelError: 2.16173e-14	AbsError: 2.36926e-14
    Region: "oxide"	RelError: 8.75336e-11	AbsError: 6.80103e-11
      Equation: "PotentialEquation"	RelError: 8.75336e-11	AbsError: 6.80103e-11
Iteration: 3
  Device: "mos2d"	RelError: 8.49072e-07	AbsError: 8.55313e+03
    Region: "bulk"	RelError: 8.49072e-07	AbsError: 8.55313e+03
      Equation: "ElectronContinuityEquation"	RelError: 7.83156e-07	AbsError: 8.16175e+03
      Equation: "HoleContinuityEquation"	RelError: 6.59153e-08	AbsError: 3.91374e+02
      Equation: "PotentialEquation"	RelError: 4.41215e-14	AbsError: 1.84909e-15
    Region: "gate"	RelError: 3.90862e-16	AbsError: 8.18794e+03
      Equation: "ElectronContinuityEquation"	RelError: 8.18796e-17	AbsError: 8.18794e+03
      Equation: "HoleContinuityEquation"	RelError: 2.07692e-16	AbsError: 2.09440e-16
      Equation: "PotentialEquation"	RelError: 1.01291e-16	AbsError: 1.11022e-16
    Region: "oxide"	RelError: 1.56120e-16	AbsError: 2.32117e-16
      Equation: "PotentialEquation"	RelError: 1.56120e-16	AbsError: 2.32117e-16
Succeeded
IVPOINT	IDVD_VG1P0	5.00000000e-01	1.86000000e+00	1.16503294e-01
drain last end 1.860000e+00 2.000000e+00
number of equations 4295
Iteration: 0
  Device: "mos2d"	RelError: 5.90268e+00	AbsError: 3.69405e+16
    Region: "bulk"	RelError: 5.89510e+00	AbsError: 3.69405e+16
      Equation: "ElectronContinuityEquation"	RelError: 1.81091e-01	AbsError: 3.55370e+16
      Equation: "HoleContinuityEquation"	RelError: 6.44348e-01	AbsError: 1.40352e+15
      Equation: "PotentialEquation"	RelError: 5.06966e+00	AbsError: 2.00000e-02
    Region: "gate"	RelError: 3.66011e-04	AbsError: 1.82332e+16
      Equation: "ElectronContinuityEquation"	RelError: 1.80838e-04	AbsError: 1.82332e+16
      Equation: "HoleContinuityEquation"	RelError: 1.80903e-04	AbsError: 1.79420e-04
      Equation: "PotentialEquation"	RelError: 4.27098e-06	AbsError: 4.68222e-06
    Region: "oxide"	RelError: 7.20693e-03	AbsError: 1.36873e-02
      Equation: "PotentialEquation"	RelError: 7.20693e-03	AbsError: 1.36873e-02
Iteration: 1
  Device: "mos2d"	RelError: 1.21508e-01	AbsError: 3.35720e+13
    Region: "bulk"	RelError: 1.21506e-01	AbsError: 3.35720e+13
      Equation: "ElectronContinuityEquation"	RelError: 1.34036e-02	AbsError: 1.46526e+13
      Equation: "HoleContinuityEquation"	RelError: 9.98282e-02	AbsError: 1.89194e+13
      Equation: "PotentialEquation"	RelError: 8.27417e-03	AbsError: 3.14585e-05
    Region: "gate"	RelError: 4.93316e-08	AbsError: 2.21919e+12
      Equation: "ElectronContinuityEquation"	RelError: 2.23122e-08	AbsError: 2.21919e+12
      Equation: "HoleContinuityEquation"	RelError: 2.65201e-08	AbsError: 2.62627e-08
      Equation: "PotentialEquation"	RelError: 4.99308e-10	AbsError: 5.47209e-10
    Region: "oxide"	RelError: 2.48548e-06	AbsError: 1.61009e-06
      Equation: "PotentialEquation"	RelError: 2.48548e-06	AbsError: 1.61009e-06
Iteration: 2
  Device: "mos2d"	RelError: 6.29182e-04	AbsError: 4.90953e+09
    Region: "bulk"	RelError: 6.29182e-04	AbsError: 4.90953e+09
      Equation: "ElectronContinuityEquation"	RelError: 5.90497e-04	AbsError: 1.05152e+09
      Equation: "HoleContinuityEquation"	RelError: 3.83848e-05	AbsError: 3.85801e+09
      Equation: "PotentialEquation"	RelError: 3.00053e-07	AbsError: 4.84251e-09
    Region: "gate"	RelError: 1.78373e-12	AbsError: 8.78930e+07
      Equation: "ElectronContinuityEquation"	RelError: 8.81265e-13	AbsError: 8.78930e+07
      Equation: "HoleContinuityEquation"	RelError: 8.81607e-13	AbsError: 8.83949e-13
      Equation: "PotentialEquation"	RelError: 2.08563e-14	AbsError: 2.28586e-14
    Region: "oxide"	RelError: 8.40218e-11	AbsError: 6.55197e-11
      Equation: "PotentialEquation"	RelError: 8.40218e-11	AbsError: 6.55197e-11
Iteration: 3
  Device: "mos2d"	RelError: 2.01694e-06	AbsError: 8.27375e+03
    Region: "bulk"	RelError: 2.01694e-06	AbsError: 8.27375e+03
      Equation: "ElectronContinuityEquation"	RelError: 1.97589e-06	AbsError: 7.96570e+03
      Equation: "HoleContinuityEquation"	RelError: 4.10513e-08	AbsError: 3.08058e+02
      Equation: "PotentialEquation"	RelError: 2.79471e-14	AbsError: 1.45127e-15
    Region: "gate"	RelError: 4.07439e-16	AbsError: 8.15150e+03
      Equation: "ElectronContinuityEquation"	RelError: 8.15150e-17	AbsError: 8.15150e+03
      Equation: "HoleContinuityEquation"	RelError: 2.24122e-16	AbsError: 2.25991e-16
      Equation: "PotentialEquation"	RelError: 1.01802e-16	AbsError: 1.11582e-16
    Region: "oxide"	RelError: 1.50624e-16	AbsError: 1.27856e-16
      Equation: "PotentialEquation"	RelError: 1.50624e-16	AbsError: 1.27856e-16
Succeeded
IVPOINT	IDVD_VG1P0	5.00000000e-01	1.88000000e+00	1.18914215e-01
drain last end 1.880000e+00 2.000000e+00
number of equations 4295
Iteration: 0
  Device: "mos2d"	RelError: 2.07566e+00	AbsError: 3.68942e+16
    Region: "bulk"	RelError: 2.06814e+00	AbsError: 3.68942e+16
      Equation: "ElectronContinuityEquation"	RelError: 1.80017e-01	AbsError: 3.55272e+16
      Equation: "HoleContinuityEquation"	RelError: 6.45886e-01	AbsError: 1.36693e+15
      Equation: "PotentialEquation"	RelError: 1.24224e+00	AbsError: 2.00000e-02
    Region: "gate"	RelError: 3.65986e-04	AbsError: 1.82352e+16
      Equation: "ElectronContinuityEquation"	RelError: 1.80825e-04	AbsError: 1.82352e+16
      Equation: "HoleContinuityEquation"	RelError: 1.80890e-04	AbsError: 1.79376e-04
      Equation: "PotentialEquation"	RelError: 4.27067e-06	AbsError: 4.68190e-06
    Region: "oxide"	RelError: 7.15553e-03	AbsError: 1.36876e-02
      Equation: "PotentialEquation"	RelError: 7.15553e-03	AbsError: 1.36876e-02
Iteration: 1
  Device: "mos2d"	RelError: 1.15556e-01	AbsError: 3.24559e+13
    Region: "bulk"	RelError: 1.15553e-01	AbsError: 3.24559e+13
      Equation: "ElectronContinuityEquation"	RelError: 1.32920e-02	AbsError: 1.31305e+13
      Equation: "HoleContinuityEquation"	RelError: 1.00289e-01	AbsError: 1.93254e+13
      Equation: "PotentialEquation"	RelError: 1.97192e-03	AbsError: 3.07116e-05
    Region: "gate"	RelError: 4.88113e-08	AbsError: 2.19386e+12
      Equation: "ElectronContinuityEquation"	RelError: 2.20564e-08	AbsError: 2.19386e+12
      Equation: "HoleContinuityEquation"	RelError: 2.62616e-08	AbsError: 2.60022e-08
      Equation: "PotentialEquation"	RelError: 4.93218e-10	AbsError: 5.40535e-10
    Region: "oxide"	RelError: 2.44897e-06	AbsError: 1.59153e-06
      Equation: "PotentialEquation"	RelError: 2.44897e-06	AbsError: 1.59153e-06
Iteration: 2
  Device: "mos2d"	RelError: 5.02328e-04	AbsError: 4.10985e+09
    Region: "bulk"	RelError: 5.02327e-04	AbsError: 4.10985e+09
      Equation: "ElectronContinuityEquation"	RelError: 4.68273e-04	AbsError: 9.76861e+08
      Equation: "HoleContinuityEquation"	RelError: 3.38981e-05	AbsError: 3.13299e+09
      Equation: "PotentialEquation"	RelError: 1.56496e-07	AbsError: 4.10066e-09
    Region: "gate"	RelError: 1.71219e-12	AbsError: 8.43837e+07
      Equation: "ElectronContinuityEquation"	RelError: 8.46018e-13	AbsError: 8.43837e+07
      Equation: "HoleContinuityEquation"	RelError: 8.46223e-13	AbsError: 8.48410e-13
      Equation: "PotentialEquation"	RelError: 1.99470e-14	AbsError: 2.18620e-14
    Region: "oxide"	RelError: 8.03453e-11	AbsError: 6.28905e-11
      Equation: "PotentialEquation"	RelError: 8.03453e-11	AbsError: 6.28905e-11
Iteration: 3
  Device: "mos2d"	RelError: 1.48385e-06	AbsError: 1.22252e+04
    Region: "bulk"	RelError: 1.48385e-06	AbsError: 1.22252e+04
      Equation: "ElectronContinuityEquation"	RelError: 1.38491e-06	AbsError: 1.18392e+04
      Equation: "HoleContinuityEquation"	RelError: 9.89454e-08	AbsError: 3.86030e+02
      Equation: "PotentialEquation"	RelError: 2.50323e-14	AbsError: 2.52993e-15
    Region: "gate"	RelError: 3.26577e-16	AbsError: 7.76588e+03
      Equation: "ElectronContinuityEquation"	RelError: 7.76588e-17	AbsError: 7.76588e+03
      Equation: "HoleContinuityEquation"	RelError: 1.47564e-16	AbsError: 1.46328e-16
      Equation: "PotentialEquation"	RelError: 1.01354e-16	AbsError: 1.11092e-16
    Region: "oxide"	RelError: 1.84033e-16	AbsError: 2.30596e-16
      Equation: "PotentialEquation"	RelError: 1.84033e-16	AbsError: 2.30596e-16
Succeeded
IVPOINT	IDVD_VG1P0	5.00000000e-01	1.90000000e+00	1.21354675e-01
drain last end 1.900000e+00 2.000000e+00
number of equations 4295
Iteration: 0
  Device: "mos2d"	RelError: 1.75007e+00	AbsError: 3.68450e+16
    Region: "bulk"	RelError: 1.74260e+00	AbsError: 3.68450e+16
      Equation: "ElectronContinuityEquation"	RelError: 1.78869e-01	AbsError: 3.55171e+16
      Equation: "HoleContinuityEquation"	RelError: 6.46584e-01	AbsError: 1.32789e+15
      Equation: "PotentialEquation"	RelError: 9.17147e-01	AbsError: 2.00000e-02
    Region: "gate"	RelError: 3.65961e-04	AbsError: 1.82373e+16
      Equation: "ElectronContinuityEquation"	RelError: 1.80813e-04	AbsError: 1.82373e+16
      Equation: "HoleContinuityEquation"	RelError: 1.80878e-04	AbsError: 1.79331e-04
      Equation: "PotentialEquation"	RelError: 4.27036e-06	AbsError: 4.68158e-06
    Region: "oxide"	RelError: 7.10487e-03	AbsError: 1.36880e-02
      Equation: "PotentialEquation"	RelError: 7.10487e-03	AbsError: 1.36880e-02
Iteration: 1
  Device: "mos2d"	RelError: 1.16265e-01	AbsError: 3.22663e+13
    Region: "bulk"	RelError: 1.16262e-01	AbsError: 3.22663e+13
      Equation: "ElectronContinuityEquation"	RelError: 1.31763e-02	AbsError: 1.17644e+13
      Equation: "HoleContinuityEquation"	RelError: 1.00627e-01	AbsError: 2.05019e+13
      Equation: "PotentialEquation"	RelError: 2.45861e-03	AbsError: 3.16334e-05
    Region: "gate"	RelError: 4.83134e-08	AbsError: 2.16686e+12
      Equation: "ElectronContinuityEquation"	RelError: 2.17840e-08	AbsError: 2.16686e+12
      Equation: "HoleContinuityEquation"	RelError: 2.60426e-08	AbsError: 2.57809e-08
      Equation: "PotentialEquation"	RelError: 4.86734e-10	AbsError: 5.33430e-10
    Region: "oxide"	RelError: 2.41134e-06	AbsError: 1.57174e-06
      Equation: "PotentialEquation"	RelError: 2.41134e-06	AbsError: 1.57174e-06
Iteration: 2
  Device: "mos2d"	RelError: 3.83052e-04	AbsError: 4.24231e+09
    Region: "bulk"	RelError: 3.83052e-04	AbsError: 4.24231e+09
      Equation: "ElectronContinuityEquation"	RelError: 3.53137e-04	AbsError: 9.70166e+08
      Equation: "HoleContinuityEquation"	RelError: 2.96393e-05	AbsError: 3.27214e+09
      Equation: "PotentialEquation"	RelError: 2.75391e-07	AbsError: 3.77725e-09
    Region: "gate"	RelError: 1.63784e-12	AbsError: 8.07248e+07
      Equation: "ElectronContinuityEquation"	RelError: 8.09276e-13	AbsError: 8.07248e+07
      Equation: "HoleContinuityEquation"	RelError: 8.09520e-13	AbsError: 8.11554e-13
      Equation: "PotentialEquation"	RelError: 1.90447e-14	AbsError: 2.08732e-14
    Region: "oxide"	RelError: 7.65601e-11	AbsError: 6.01641e-11
      Equation: "PotentialEquation"	RelError: 7.65601e-11	AbsError: 6.01641e-11
Iteration: 3
  Device: "mos2d"	RelError: 4.90090e-05	AbsError: 8.89540e+03
    Region: "bulk"	RelError: 4.90090e-05	AbsError: 8.89540e+03
      Equation: "ElectronContinuityEquation"	RelError: 4.88455e-05	AbsError: 8.46138e+03
      Equation: "HoleContinuityEquation"	RelError: 1.63464e-07	AbsError: 4.34020e+02
      Equation: "PotentialEquation"	RelError: 3.94122e-14	AbsError: 1.75186e-15
    Region: "gate"	RelError: 3.10681e-16	AbsError: 8.06756e+03
      Equation: "ElectronContinuityEquation"	RelError: 8.06756e-17	AbsError: 8.06756e+03
      Equation: "HoleContinuityEquation"	RelError: 1.28699e-16	AbsError: 1.28699e-16
      Equation: "PotentialEquation"	RelError: 1.01307e-16	AbsError: 1.11040e-16
    Region: "oxide"	RelError: 3.19409e-16	AbsError: 1.70409e-16
      Equation: "PotentialEquation"	RelError: 3.19409e-16	AbsError: 1.70409e-16
Succeeded
IVPOINT	IDVD_VG1P0	5.00000000e-01	1.92000000e+00	1.23824760e-01
drain last end 1.920000e+00 2.000000e+00
number of equations 4295
Iteration: 0
  Device: "mos2d"	RelError: 1.30386e+01	AbsError: 3.67933e+16
    Region: "bulk"	RelError: 1.30312e+01	AbsError: 3.67933e+16
      Equation: "ElectronContinuityEquation"	RelError: 1.77636e-01	AbsError: 3.55068e+16
      Equation: "HoleContinuityEquation"	RelError: 6.46074e-01	AbsError: 1.28651e+15
      Equation: "PotentialEquation"	RelError: 1.22075e+01	AbsError: 2.00000e-02
    Region: "gate"	RelError: 3.65937e-04	AbsError: 1.82394e+16
      Equation: "ElectronContinuityEquation"	RelError: 1.80801e-04	AbsError: 1.82394e+16
      Equation: "HoleContinuityEquation"	RelError: 1.80866e-04	AbsError: 1.79287e-04
      Equation: "PotentialEquation"	RelError: 4.27006e-06	AbsError: 4.68127e-06
    Region: "oxide"	RelError: 7.05495e-03	AbsError: 1.36884e-02
      Equation: "PotentialEquation"	RelError: 7.05495e-03	AbsError: 1.36884e-02
Iteration: 1
  Device: "mos2d"	RelError: 1.46076e-01	AbsError: 3.21464e+13
    Region: "bulk"	RelError: 1.46074e-01	AbsError: 3.21464e+13
      Equation: "ElectronContinuityEquation"	RelError: 1.30551e-02	AbsError: 1.05386e+13
      Equation: "HoleContinuityEquation"	RelError: 1.00790e-01	AbsError: 2.16078e+13
      Equation: "PotentialEquation"	RelError: 3.22288e-02	AbsError: 3.25314e-05
    Region: "gate"	RelError: 4.78362e-08	AbsError: 2.13845e+12
      Equation: "ElectronContinuityEquation"	RelError: 2.14973e-08	AbsError: 2.13845e+12
      Equation: "HoleContinuityEquation"	RelError: 2.58589e-08	AbsError: 2.55946e-08
      Equation: "PotentialEquation"	RelError: 4.79915e-10	AbsError: 5.25958e-10
    Region: "oxide"	RelError: 2.37453e-06	AbsError: 1.55090e-06
      Equation: "PotentialEquation"	RelError: 2.37453e-06	AbsError: 1.55090e-06
Iteration: 2
  Device: "mos2d"	RelError: 3.19979e-04	AbsError: 4.35217e+09
    Region: "bulk"	RelError: 3.19979e-04	AbsError: 4.35217e+09
      Equation: "ElectronContinuityEquation"	RelError: 2.90799e-04	AbsError: 9.80159e+08
      Equation: "HoleContinuityEquation"	RelError: 2.56736e-05	AbsError: 3.37201e+09
      Equation: "PotentialEquation"	RelError: 3.50564e-06	AbsError: 4.20497e-09
    Region: "gate"	RelError: 1.56220e-12	AbsError: 7.69927e+07
      Equation: "ElectronContinuityEquation"	RelError: 7.71806e-13	AbsError: 7.69927e+07
      Equation: "HoleContinuityEquation"	RelError: 7.72118e-13	AbsError: 7.74002e-13
      Equation: "PotentialEquation"	RelError: 1.82796e-14	AbsError: 2.00346e-14
    Region: "oxide"	RelError: 7.27143e-11	AbsError: 5.73759e-11
      Equation: "PotentialEquation"	RelError: 7.27143e-11	AbsError: 5.73759e-11
Iteration: 3
  Device: "mos2d"	RelError: 4.82402e-08	AbsError: 1.16269e+04
    Region: "bulk"	RelError: 4.82402e-08	AbsError: 1.16269e+04
      Equation: "ElectronContinuityEquation"	RelError: 2.42156e-08	AbsError: 1.12810e+04
      Equation: "HoleContinuityEquation"	RelError: 2.40244e-08	AbsError: 3.45968e+02
      Equation: "PotentialEquation"	RelError: 1.64204e-13	AbsError: 1.08495e-15
    Region: "gate"	RelError: 3.89607e-16	AbsError: 7.97073e+03
      Equation: "ElectronContinuityEquation"	RelError: 7.97073e-17	AbsError: 7.97073e+03
      Equation: "HoleContinuityEquation"	RelError: 2.08609e-16	AbsError: 2.08609e-16
      Equation: "PotentialEquation"	RelError: 1.01291e-16	AbsError: 1.11022e-16
    Region: "oxide"	RelError: 2.38237e-16	AbsError: 1.68632e-16
      Equation: "PotentialEquation"	RelError: 2.38237e-16	AbsError: 1.68632e-16
Succeeded
IVPOINT	IDVD_VG1P0	5.00000000e-01	1.94000000e+00	1.26324550e-01
drain last end 1.940000e+00 2.000000e+00
number of equations 4295
Iteration: 0
  Device: "mos2d"	RelError: 1.95605e+00	AbsError: 3.67473e+16
    Region: "bulk"	RelError: 1.94867e+00	AbsError: 3.67473e+16
      Equation: "ElectronContinuityEquation"	RelError: 1.76305e-01	AbsError: 3.54963e+16
      Equation: "HoleContinuityEquation"	RelError: 6.43817e-01	AbsError: 1.25101e+15
      Equation: "PotentialEquation"	RelError: 1.12855e+00	AbsError: 2.00000e-02
    Region: "gate"	RelError: 3.65913e-04	AbsError: 1.82415e+16
      Equation: "ElectronContinuityEquation"	RelError: 1.80789e-04	AbsError: 1.82415e+16
      Equation: "HoleContinuityEquation"	RelError: 1.80854e-04	AbsError: 1.79242e-04
      Equation: "PotentialEquation"	RelError: 4.26976e-06	AbsError: 4.68096e-06
    Region: "oxide"	RelError: 7.00575e-03	AbsError: 1.36888e-02
      Equation: "PotentialEquation"	RelError: 7.00575e-03	AbsError: 1.36888e-02
Iteration: 1
  Device: "mos2d"	RelError: 1.16481e-01	AbsError: 3.28781e+13
    Region: "bulk"	RelError: 1.16478e-01	AbsError: 3.28781e+13
      Equation: "ElectronContinuityEquation"	RelError: 1.29279e-02	AbsError: 1.02454e+13
      Equation: "HoleContinuityEquation"	RelError: 1.00701e-01	AbsError: 2.26326e+13
      Equation: "PotentialEquation"	RelError: 2.84968e-03	AbsError: 3.33912e-05
    Region: "gate"	RelError: 4.73783e-08	AbsError: 2.10887e+12
      Equation: "ElectronContinuityEquation"	RelError: 2.11989e-08	AbsError: 2.10887e+12
      Equation: "HoleContinuityEquation"	RelError: 2.57066e-08	AbsError: 2.54394e-08
      Equation: "PotentialEquation"	RelError: 4.72819e-10	AbsError: 5.18181e-10
    Region: "oxide"	RelError: 2.33680e-06	AbsError: 1.52920e-06
      Equation: "PotentialEquation"	RelError: 2.33680e-06	AbsError: 1.52920e-06
Iteration: 2
  Device: "mos2d"	RelError: 2.86527e-04	AbsError: 4.50373e+09
    Region: "bulk"	RelError: 2.86527e-04	AbsError: 4.50373e+09
      Equation: "ElectronContinuityEquation"	RelError: 2.64153e-04	AbsError: 1.00446e+09
      Equation: "HoleContinuityEquation"	RelError: 2.20501e-05	AbsError: 3.49927e+09
      Equation: "PotentialEquation"	RelError: 3.24285e-07	AbsError: 4.64697e-09
    Region: "gate"	RelError: 1.48536e-12	AbsError: 7.32152e+07
      Equation: "ElectronContinuityEquation"	RelError: 7.33887e-13	AbsError: 7.32152e+07
      Equation: "HoleContinuityEquation"	RelError: 7.34144e-13	AbsError: 7.35883e-13
      Equation: "PotentialEquation"	RelError: 1.73341e-14	AbsError: 1.89984e-14
    Region: "oxide"	RelError: 6.88491e-11	AbsError: 5.45572e-11
      Equation: "PotentialEquation"	RelError: 6.88491e-11	AbsError: 5.45572e-11
Iteration: 3
  Device: "mos2d"	RelError: 6.04946e-05	AbsError: 8.46620e+03
    Region: "bulk"	RelError: 6.04946e-05	AbsError: 8.46620e+03
      Equation: "ElectronContinuityEquation"	RelError: 6.04355e-05	AbsError: 8.14288e+03
      Equation: "HoleContinuityEquation"	RelError: 5.91506e-08	AbsError: 3.23315e+02
      Equation: "PotentialEquation"	RelError: 4.50328e-14	AbsError: 9.47415e-16
    Region: "gate"	RelError: 4.62606e-16	AbsError: 8.16535e+03
      Equation: "ElectronContinuityEquation"	RelError: 8.16538e-17	AbsError: 8.16535e+03
      Equation: "HoleContinuityEquation"	RelError: 2.79658e-16	AbsError: 2.81989e-16
      Equation: "PotentialEquation"	RelError: 1.01295e-16	AbsError: 1.11026e-16
    Region: "oxide"	RelError: 1.66519e-16	AbsError: 1.77271e-16
      Equation: "PotentialEquation"	RelError: 1.66519e-16	AbsError: 1.77271e-16
Succeeded
IVPOINT	IDVD_VG1P0	5.00000000e-01	1.96000000e+00	1.28854121e-01
drain last end 1.960000e+00 2.000000e+00
number of equations 4295
Iteration: 0
  Device: "mos2d"	RelError: 1.35197e+00	AbsError: 3.67039e+16
    Region: "bulk"	RelError: 1.34465e+00	AbsError: 3.67039e+16
      Equation: "ElectronContinuityEquation"	RelError: 1.74859e-01	AbsError: 3.54857e+16
      Equation: "HoleContinuityEquation"	RelError: 6.39048e-01	AbsError: 1.21815e+15
      Equation: "PotentialEquation"	RelError: 5.30741e-01	AbsError: 2.00000e-02
    Region: "gate"	RelError: 3.65889e-04	AbsError: 1.82436e+16
      Equation: "ElectronContinuityEquation"	RelError: 1.80777e-04	AbsError: 1.82436e+16
      Equation: "HoleContinuityEquation"	RelError: 1.80842e-04	AbsError: 1.79198e-04
      Equation: "PotentialEquation"	RelError: 4.26946e-06	AbsError: 4.68065e-06
    Region: "oxide"	RelError: 6.95723e-03	AbsError: 1.36892e-02
      Equation: "PotentialEquation"	RelError: 6.95723e-03	AbsError: 1.36892e-02
Iteration: 1
  Device: "mos2d"	RelError: 1.14358e-01	AbsError: 3.36460e+13
    Region: "bulk"	RelError: 1.14355e-01	AbsError: 3.36460e+13
      Equation: "ElectronContinuityEquation"	RelError: 1.27936e-02	AbsError: 1.00805e+13
      Equation: "HoleContinuityEquation"	RelError: 1.00250e-01	AbsError: 2.35656e+13
      Equation: "PotentialEquation"	RelError: 1.31221e-03	AbsError: 3.41968e-05
    Region: "gate"	RelError: 4.69386e-08	AbsError: 2.07835e+12
      Equation: "ElectronContinuityEquation"	RelError: 2.08911e-08	AbsError: 2.07835e+12
      Equation: "HoleContinuityEquation"	RelError: 2.55820e-08	AbsError: 2.53118e-08
      Equation: "PotentialEquation"	RelError: 4.65502e-10	AbsError: 5.10163e-10
    Region: "oxide"	RelError: 2.29835e-06	AbsError: 1.50681e-06
      Equation: "PotentialEquation"	RelError: 2.29835e-06	AbsError: 1.50681e-06
Iteration: 2
  Device: "mos2d"	RelError: 2.79580e-04	AbsError: 4.95946e+09
    Region: "bulk"	RelError: 2.79580e-04	AbsError: 4.95946e+09
      Equation: "ElectronContinuityEquation"	RelError: 2.60626e-04	AbsError: 1.04022e+09
      Equation: "HoleContinuityEquation"	RelError: 1.87996e-05	AbsError: 3.91924e+09
      Equation: "PotentialEquation"	RelError: 1.55203e-07	AbsError: 5.09550e-09
    Region: "gate"	RelError: 1.40863e-12	AbsError: 6.94336e+07
      Equation: "ElectronContinuityEquation"	RelError: 6.95931e-13	AbsError: 6.94336e+07
      Equation: "HoleContinuityEquation"	RelError: 6.96338e-13	AbsError: 6.97937e-13
      Equation: "PotentialEquation"	RelError: 1.63612e-14	AbsError: 1.79321e-14
    Region: "oxide"	RelError: 6.50005e-11	AbsError: 5.17351e-11
      Equation: "PotentialEquation"	RelError: 6.50005e-11	AbsError: 5.17351e-11
Iteration: 3
  Device: "mos2d"	RelError: 1.73874e-05	AbsError: 1.20153e+04
    Region: "bulk"	RelError: 1.73874e-05	AbsError: 1.20153e+04
      Equation: "ElectronContinuityEquation"	RelError: 1.73222e-05	AbsError: 1.16640e+04
      Equation: "HoleContinuityEquation"	RelError: 6.52290e-08	AbsError: 3.51336e+02
      Equation: "PotentialEquation"	RelError: 3.52620e-14	AbsError: 1.33829e-15
    Region: "gate"	RelError: 3.42852e-16	AbsError: 8.17630e+03
      Equation: "ElectronContinuityEquation"	RelError: 8.17630e-17	AbsError: 8.17630e+03
      Equation: "HoleContinuityEquation"	RelError: 1.59798e-16	AbsError: 1.61618e-16
      Equation: "PotentialEquation"	RelError: 1.01291e-16	AbsError: 1.11022e-16
    Region: "oxide"	RelError: 1.80712e-16	AbsError: 2.20053e-16
      Equation: "PotentialEquation"	RelError: 1.80712e-16	AbsError: 2.20053e-16
Succeeded
IVPOINT	IDVD_VG1P0	5.00000000e-01	1.98000000e+00	1.31413548e-01
drain last end 1.980000e+00 2.000000e+00
setting to last bias 2.000000e+00
setting next bias 2.000000e+00
number of equations 4295
Iteration: 0
  Device: "mos2d"	RelError: 1.19463e+00	AbsError: 3.66756e+16
    Region: "bulk"	RelError: 1.18736e+00	AbsError: 3.66756e+16
      Equation: "ElectronContinuityEquation"	RelError: 1.73284e-01	AbsError: 3.54750e+16
      Equation: "HoleContinuityEquation"	RelError: 6.30712e-01	AbsError: 1.20056e+15
      Equation: "PotentialEquation"	RelError: 3.83362e-01	AbsError: 2.00000e-02
    Region: "gate"	RelError: 3.65865e-04	AbsError: 1.82457e+16
      Equation: "ElectronContinuityEquation"	RelError: 1.80765e-04	AbsError: 1.82457e+16
      Equation: "HoleContinuityEquation"	RelError: 1.80830e-04	AbsError: 1.79154e-04
      Equation: "PotentialEquation"	RelError: 4.26916e-06	AbsError: 4.68035e-06
    Region: "oxide"	RelError: 6.90940e-03	AbsError: 1.36897e-02
      Equation: "PotentialEquation"	RelError: 6.90940e-03	AbsError: 1.36897e-02
Iteration: 1
  Device: "mos2d"	RelError: 1.12992e-01	AbsError: 3.43082e+13
    Region: "bulk"	RelError: 1.12989e-01	AbsError: 3.43082e+13
      Equation: "ElectronContinuityEquation"	RelError: 1.26505e-02	AbsError: 9.91335e+12
      Equation: "HoleContinuityEquation"	RelError: 9.92821e-02	AbsError: 2.43948e+13
      Equation: "PotentialEquation"	RelError: 1.05671e-03	AbsError: 3.49305e-05
    Region: "gate"	RelError: 4.65161e-08	AbsError: 2.04713e+12
      Equation: "ElectronContinuityEquation"	RelError: 2.05763e-08	AbsError: 2.04713e+12
      Equation: "HoleContinuityEquation"	RelError: 2.54818e-08	AbsError: 2.52083e-08
      Equation: "PotentialEquation"	RelError: 4.58020e-10	AbsError: 5.01964e-10
    Region: "oxide"	RelError: 2.25942e-06	AbsError: 1.48391e-06
      Equation: "PotentialEquation"	RelError: 2.25942e-06	AbsError: 1.48391e-06
Iteration: 2
  Device: "mos2d"	RelError: 3.25737e-04	AbsError: 5.40969e+09
    Region: "bulk"	RelError: 3.25737e-04	AbsError: 5.40969e+09
      Equation: "ElectronContinuityEquation"	RelError: 3.09699e-04	AbsError: 1.08417e+09
      Equation: "HoleContinuityEquation"	RelError: 1.59342e-05	AbsError: 4.32551e+09
      Equation: "PotentialEquation"	RelError: 1.04323e-07	AbsError: 5.54062e-09
    Region: "gate"	RelError: 1.33206e-12	AbsError: 6.56806e+07
      Equation: "ElectronContinuityEquation"	RelError: 6.58268e-13	AbsError: 6.56806e+07
      Equation: "HoleContinuityEquation"	RelError: 6.58287e-13	AbsError: 6.59752e-13
      Equation: "PotentialEquation"	RelError: 1.55026e-14	AbsError: 1.69911e-14
    Region: "oxide"	RelError: 6.12005e-11	AbsError: 4.89348e-11
      Equation: "PotentialEquation"	RelError: 6.12005e-11	AbsError: 4.89348e-11
Iteration: 3
  Device: "mos2d"	RelError: 2.12994e-07	AbsError: 1.95891e+04
    Region: "bulk"	RelError: 2.12994e-07	AbsError: 1.95891e+04
      Equation: "ElectronContinuityEquation"	RelError: 1.57043e-07	AbsError: 1.90798e+04
      Equation: "HoleContinuityEquation"	RelError: 5.59517e-08	AbsError: 5.09318e+02
      Equation: "PotentialEquation"	RelError: 2.63662e-14	AbsError: 1.71518e-15
    Region: "gate"	RelError: 3.63855e-16	AbsError: 8.63914e+03
      Equation: "ElectronContinuityEquation"	RelError: 8.73748e-17	AbsError: 8.63914e+03
      Equation: "HoleContinuityEquation"	RelError: 1.74363e-16	AbsError: 1.75816e-16
      Equation: "PotentialEquation"	RelError: 1.02117e-16	AbsError: 1.11905e-16
    Region: "oxide"	RelError: 2.43571e-16	AbsError: 3.72849e-16
      Equation: "PotentialEquation"	RelError: 2.43571e-16	AbsError: 3.72849e-16
Succeeded
IVPOINT	IDVD_VG1P0	5.00000000e-01	2.00000000e+00	1.34002899e-01
=== SWEEP_START IDVG_VD0P05 ===
number of equations 4295
Iteration: 0
  Device: "mos2d"	RelError: 2.00799e+03	AbsError: 3.72797e+18
    Region: "bulk"	RelError: 2.00774e+03	AbsError: 3.72797e+18
      Equation: "ElectronContinuityEquation"	RelError: 9.99000e+02	AbsError: 3.60854e+18
      Equation: "HoleContinuityEquation"	RelError: 9.99000e+02	AbsError: 1.19426e+17
      Equation: "PotentialEquation"	RelError: 9.73595e+00	AbsError: 1.12912e-01
    Region: "gate"	RelError: 1.01967e-01	AbsError: 1.27964e+18
      Equation: "ElectronContinuityEquation"	RelError: 1.28406e-02	AbsError: 1.27964e+18
      Equation: "HoleContinuityEquation"	RelError: 1.25191e-02	AbsError: 1.25602e-02
      Equation: "PotentialEquation"	RelError: 7.66072e-02	AbsError: 7.79976e-02
    Region: "oxide"	RelError: 1.48255e-01	AbsError: 1.05557e-01
      Equation: "PotentialEquation"	RelError: 1.48255e-01	AbsError: 1.05557e-01
Iteration: 1
  Device: "mos2d"	RelError: 2.00525e+03	AbsError: 3.78492e+17
    Region: "bulk"	RelError: 2.00499e+03	AbsError: 3.78492e+17
      Equation: "ElectronContinuityEquation"	RelError: 9.99000e+02	AbsError: 2.78250e+17
      Equation: "HoleContinuityEquation"	RelError: 9.99000e+02	AbsError: 1.00242e+17
      Equation: "PotentialEquation"	RelError: 6.99468e+00	AbsError: 1.11426e-01
    Region: "gate"	RelError: 8.05435e-02	AbsError: 1.16009e+17
      Equation: "ElectronContinuityEquation"	RelError: 1.16695e-03	AbsError: 1.16009e+17
      Equation: "HoleContinuityEquation"	RelError: 1.18093e-03	AbsError: 1.18791e-03
      Equation: "PotentialEquation"	RelError: 7.81956e-02	AbsError: 7.38429e-02
    Region: "oxide"	RelError: 1.77787e-01	AbsError: 1.03774e-01
      Equation: "PotentialEquation"	RelError: 1.77787e-01	AbsError: 1.03774e-01
Iteration: 2
  Device: "mos2d"	RelError: 2.08382e+03	AbsError: 3.36609e+17
    Region: "bulk"	RelError: 2.08355e+03	AbsError: 3.36609e+17
      Equation: "ElectronContinuityEquation"	RelError: 9.99000e+02	AbsError: 2.30196e+17
      Equation: "HoleContinuityEquation"	RelError: 9.99000e+02	AbsError: 1.06413e+17
      Equation: "PotentialEquation"	RelError: 8.55474e+01	AbsError: 1.09872e-01
    Region: "gate"	RelError: 7.91876e-02	AbsError: 7.10412e+15
      Equation: "ElectronContinuityEquation"	RelError: 7.15227e-05	AbsError: 7.10412e+15
      Equation: "HoleContinuityEquation"	RelError: 7.04672e-05	AbsError: 7.09449e-05
      Equation: "PotentialEquation"	RelError: 7.90456e-02	AbsError: 6.91805e-02
    Region: "oxide"	RelError: 1.93576e-01	AbsError: 1.01791e-01
      Equation: "PotentialEquation"	RelError: 1.93576e-01	AbsError: 1.01791e-01
Iteration: 3
  Device: "mos2d"	RelError: 1.02178e+03	AbsError: 1.26061e+17
    Region: "bulk"	RelError: 1.02150e+03	AbsError: 1.26061e+17
      Equation: "ElectronContinuityEquation"	RelError: 9.99000e+02	AbsError: 3.58850e+16
      Equation: "HoleContinuityEquation"	RelError: 1.00000e+00	AbsError: 9.01763e+16
      Equation: "PotentialEquation"	RelError: 2.14986e+01	AbsError: 1.08242e-01
    Region: "gate"	RelError: 7.88657e-02	AbsError: 6.09720e+15
      Equation: "ElectronContinuityEquation"	RelError: 6.13816e-05	AbsError: 6.09720e+15
      Equation: "HoleContinuityEquation"	RelError: 6.14022e-05	AbsError: 6.18146e-05
      Equation: "PotentialEquation"	RelError: 7.87429e-02	AbsError: 6.38891e-02
    Region: "oxide"	RelError: 2.06549e-01	AbsError: 9.96955e-02
      Equation: "PotentialEquation"	RelError: 2.06549e-01	AbsError: 9.96955e-02
Iteration: 4
  Device: "mos2d"	RelError: 2.00704e+03	AbsError: 9.42536e+16
    Region: "bulk"	RelError: 2.00675e+03	AbsError: 9.42536e+16
      Equation: "ElectronContinuityEquation"	RelError: 9.99000e+02	AbsError: 2.34847e+16
      Equation: "HoleContinuityEquation"	RelError: 9.99000e+02	AbsError: 7.07688e+16
      Equation: "PotentialEquation"	RelError: 8.74671e+00	AbsError: 1.06530e-01
    Region: "gate"	RelError: 7.67956e-02	AbsError: 4.43329e+15
      Equation: "ElectronContinuityEquation"	RelError: 4.46286e-05	AbsError: 4.43329e+15
      Equation: "HoleContinuityEquation"	RelError: 4.46588e-05	AbsError: 4.49567e-05
      Equation: "PotentialEquation"	RelError: 7.67063e-02	AbsError: 5.78059e-02
    Region: "oxide"	RelError: 2.21014e-01	AbsError: 9.74632e-02
      Equation: "PotentialEquation"	RelError: 2.21014e-01	AbsError: 9.74632e-02
Iteration: 5
  Device: "mos2d"	RelError: 1.01123e+03	AbsError: 5.65804e+16
    Region: "bulk"	RelError: 1.01093e+03	AbsError: 5.65804e+16
      Equation: "ElectronContinuityEquation"	RelError: 9.99000e+02	AbsError: 1.95839e+16
      Equation: "HoleContinuityEquation"	RelError: 9.99997e-01	AbsError: 3.69965e+16
      Equation: "PotentialEquation"	RelError: 1.09288e+01	AbsError: 1.04726e-01
    Region: "gate"	RelError: 7.22220e-02	AbsError: 3.54984e+15
      Equation: "ElectronContinuityEquation"	RelError: 3.57340e-05	AbsError: 3.54984e+15
      Equation: "HoleContinuityEquation"	RelError: 3.57470e-05	AbsError: 3.59842e-05
      Equation: "PotentialEquation"	RelError: 7.21505e-02	AbsError: 5.07136e-02
    Region: "oxide"	RelError: 2.33111e-01	AbsError: 9.50823e-02
      Equation: "PotentialEquation"	RelError: 2.33111e-01	AbsError: 9.50823e-02
Iteration: 6
  Device: "mos2d"	RelError: 2.01598e+03	AbsError: 6.47919e+16
    Region: "bulk"	RelError: 2.01568e+03	AbsError: 6.47919e+16
      Equation: "ElectronContinuityEquation"	RelError: 9.99000e+02	AbsError: 1.36820e+16
      Equation: "HoleContinuityEquation"	RelError: 9.99000e+02	AbsError: 5.11099e+16
      Equation: "PotentialEquation"	RelError: 1.76753e+01	AbsError: 1.02821e-01
    Region: "gate"	RelError: 6.41162e-02	AbsError: 1.16462e+15
      Equation: "ElectronContinuityEquation"	RelError: 1.17234e-05	AbsError: 1.16462e+15
      Equation: "HoleContinuityEquation"	RelError: 1.17435e-05	AbsError: 1.18212e-05
      Equation: "PotentialEquation"	RelError: 6.40927e-02	AbsError: 4.23364e-02
    Region: "oxide"	RelError: 2.36910e-01	AbsError: 9.25411e-02
      Equation: "PotentialEquation"	RelError: 2.36910e-01	AbsError: 9.25411e-02
Iteration: 7
  Device: "mos2d"	RelError: 1.62195e+03	AbsError: 5.06808e+16
    Region: "bulk"	RelError: 1.62167e+03	AbsError: 5.06808e+16
      Equation: "ElectronContinuityEquation"	RelError: 1.56229e+03	AbsError: 1.18021e+16
      Equation: "HoleContinuityEquation"	RelError: 9.99994e-01	AbsError: 3.88787e+16
      Equation: "PotentialEquation"	RelError: 5.83861e+01	AbsError: 1.00804e-01
    Region: "gate"	RelError: 5.15868e-02	AbsError: 8.65983e+14
      Equation: "ElectronContinuityEquation"	RelError: 8.71712e-06	AbsError: 8.65983e+14
      Equation: "HoleContinuityEquation"	RelError: 8.72032e-06	AbsError: 8.77800e-06
      Equation: "PotentialEquation"	RelError: 5.15693e-02	AbsError: 3.23936e-02
    Region: "oxide"	RelError: 2.25932e-01	AbsError: 8.98053e-02
      Equation: "PotentialEquation"	RelError: 2.25932e-01	AbsError: 8.98053e-02
Iteration: 8
  Device: "mos2d"	RelError: 1.01349e+03	AbsError: 2.99683e+16
    Region: "bulk"	RelError: 1.01325e+03	AbsError: 2.99683e+16
      Equation: "ElectronContinuityEquation"	RelError: 9.99000e+02	AbsError: 1.30880e+16
      Equation: "HoleContinuityEquation"	RelError: 9.52743e-01	AbsError: 1.68804e+16
      Equation: "PotentialEquation"	RelError: 1.32948e+01	AbsError: 9.86606e-02
    Region: "gate"	RelError: 3.44493e-02	AbsError: 5.52672e+14
      Equation: "ElectronContinuityEquation"	RelError: 5.56325e-06	AbsError: 5.52672e+14
      Equation: "HoleContinuityEquation"	RelError: 5.56578e-06	AbsError: 5.60257e-06
      Equation: "PotentialEquation"	RelError: 3.44381e-02	AbsError: 2.09123e-02
    Region: "oxide"	RelError: 2.10182e-01	AbsError: 8.68439e-02
      Equation: "PotentialEquation"	RelError: 2.10182e-01	AbsError: 8.68439e-02
Iteration: 9
  Device: "mos2d"	RelError: 1.34040e+03	AbsError: 3.30792e+16
    Region: "bulk"	RelError: 1.34020e+03	AbsError: 3.30792e+16
      Equation: "ElectronContinuityEquation"	RelError: 9.99000e+02	AbsError: 1.48760e+16
      Equation: "HoleContinuityEquation"	RelError: 9.48810e-01	AbsError: 1.82031e+16
      Equation: "PotentialEquation"	RelError: 3.40254e+02	AbsError: 9.63761e-02
    Region: "gate"	RelError: 1.88975e-02	AbsError: 3.16045e+14
      Equation: "ElectronContinuityEquation"	RelError: 3.18132e-06	AbsError: 3.16045e+14
      Equation: "HoleContinuityEquation"	RelError: 3.18278e-06	AbsError: 3.20369e-06
      Equation: "PotentialEquation"	RelError: 1.88911e-02	AbsError: 1.12588e-02
    Region: "oxide"	RelError: 1.82792e-01	AbsError: 8.36200e-02
      Equation: "PotentialEquation"	RelError: 1.82792e-01	AbsError: 8.36200e-02
Iteration: 10
  Device: "mos2d"	RelError: 1.01818e+03	AbsError: 2.96507e+16
    Region: "bulk"	RelError: 1.01800e+03	AbsError: 2.96507e+16
      Equation: "ElectronContinuityEquation"	RelError: 9.99000e+02	AbsError: 1.72866e+16
      Equation: "HoleContinuityEquation"	RelError: 9.45189e-01	AbsError: 1.23642e+16
      Equation: "PotentialEquation"	RelError: 1.80547e+01	AbsError: 9.39312e-02
    Region: "gate"	RelError: 6.72458e-06	AbsError: 3.28336e+14
      Equation: "ElectronContinuityEquation"	RelError: 3.28939e-06	AbsError: 3.28336e+14
      Equation: "HoleContinuityEquation"	RelError: 3.29223e-06	AbsError: 3.29827e-06
      Equation: "PotentialEquation"	RelError: 1.42968e-07	AbsError: 8.52128e-08
    Region: "oxide"	RelError: 1.76044e-01	AbsError: 8.00880e-02
      Equation: "PotentialEquation"	RelError: 1.76044e-01	AbsError: 8.00880e-02
Iteration: 11
  Device: "mos2d"	RelError: 1.02845e+03	AbsError: 3.12800e+16
    Region: "bulk"	RelError: 1.02830e+03	AbsError: 3.12800e+16
      Equation: "ElectronContinuityEquation"	RelError: 9.99000e+02	AbsError: 2.05020e+16
      Equation: "HoleContinuityEquation"	RelError: 9.40614e-01	AbsError: 1.07780e+16
      Equation: "PotentialEquation"	RelError: 2.83597e+01	AbsError: 9.13033e-02
    Region: "gate"	RelError: 9.22323e-06	AbsError: 4.50532e+14
      Equation: "ElectronContinuityEquation"	RelError: 4.51361e-06	AbsError: 4.50532e+14
      Equation: "HoleContinuityEquation"	RelError: 4.51358e-06	AbsError: 4.52189e-06
      Equation: "PotentialEquation"	RelError: 1.96039e-07	AbsError: 1.16844e-07
    Region: "oxide"	RelError: 1.50737e-01	AbsError: 7.61889e-02
      Equation: "PotentialEquation"	RelError: 1.50737e-01	AbsError: 7.61889e-02
Iteration: 12
  Device: "mos2d"	RelError: 1.00248e+03	AbsError: 2.77935e+16
    Region: "bulk"	RelError: 1.00235e+03	AbsError: 2.77935e+16
      Equation: "ElectronContinuityEquation"	RelError: 9.99000e+02	AbsError: 2.47972e+16
      Equation: "HoleContinuityEquation"	RelError: 9.35660e-01	AbsError: 2.99628e+15
      Equation: "PotentialEquation"	RelError: 2.41196e+00	AbsError: 8.84648e-02
    Region: "gate"	RelError: 1.07101e-05	AbsError: 5.23162e+14
      Equation: "ElectronContinuityEquation"	RelError: 5.24127e-06	AbsError: 5.23162e+14
      Equation: "HoleContinuityEquation"	RelError: 5.24123e-06	AbsError: 5.25091e-06
      Equation: "PotentialEquation"	RelError: 2.27643e-07	AbsError: 1.35681e-07
    Region: "oxide"	RelError: 1.29528e-01	AbsError: 7.18455e-02
      Equation: "PotentialEquation"	RelError: 1.29528e-01	AbsError: 7.18455e-02
Iteration: 13
  Device: "mos2d"	RelError: 1.00463e+03	AbsError: 3.19479e+16
    Region: "bulk"	RelError: 1.00453e+03	AbsError: 3.19479e+16
      Equation: "ElectronContinuityEquation"	RelError: 9.99000e+02	AbsError: 3.05177e+16
      Equation: "HoleContinuityEquation"	RelError: 9.27073e-01	AbsError: 1.43019e+15
      Equation: "PotentialEquation"	RelError: 4.59919e+00	AbsError: 8.53818e-02
    Region: "gate"	RelError: 1.38178e-05	AbsError: 6.74957e+14
      Equation: "ElectronContinuityEquation"	RelError: 6.76207e-06	AbsError: 6.74957e+14
      Equation: "HoleContinuityEquation"	RelError: 6.76200e-06	AbsError: 6.77453e-06
      Equation: "PotentialEquation"	RelError: 2.93695e-07	AbsError: 1.75050e-07
    Region: "oxide"	RelError: 1.07693e-01	AbsError: 6.69624e-02
      Equation: "PotentialEquation"	RelError: 1.07693e-01	AbsError: 6.69624e-02
Iteration: 14
  Device: "mos2d"	RelError: 5.66509e+00	AbsError: 4.00689e+16
    Region: "bulk"	RelError: 5.56583e+00	AbsError: 4.00689e+16
      Equation: "ElectronContinuityEquation"	RelError: 9.99998e-01	AbsError: 3.81623e+16
      Equation: "HoleContinuityEquation"	RelError: 9.17908e-01	AbsError: 1.90660e+15
      Equation: "PotentialEquation"	RelError: 3.64793e+00	AbsError: 8.20119e-02
    Region: "gate"	RelError: 1.80567e-05	AbsError: 8.82010e+14
      Equation: "ElectronContinuityEquation"	RelError: 8.83651e-06	AbsError: 8.82010e+14
      Equation: "HoleContinuityEquation"	RelError: 8.83640e-06	AbsError: 8.85285e-06
      Equation: "PotentialEquation"	RelError: 3.83793e-07	AbsError: 2.28751e-07
    Region: "oxide"	RelError: 9.92425e-02	AbsError: 6.14148e-02
      Equation: "PotentialEquation"	RelError: 9.92425e-02	AbsError: 6.14148e-02
Iteration: 15
  Device: "mos2d"	RelError: 6.67441e+00	AbsError: 4.89478e+16
    Region: "bulk"	RelError: 6.58278e+00	AbsError: 4.89478e+16
      Equation: "ElectronContinuityEquation"	RelError: 7.40150e-01	AbsError: 4.84238e+16
      Equation: "HoleContinuityEquation"	RelError: 9.14588e-01	AbsError: 5.24065e+14
      Equation: "PotentialEquation"	RelError: 4.92804e+00	AbsError: 7.83015e-02
    Region: "gate"	RelError: 2.35872e-05	AbsError: 1.15214e+15
      Equation: "ElectronContinuityEquation"	RelError: 1.15430e-05	AbsError: 1.15214e+15
      Equation: "HoleContinuityEquation"	RelError: 1.15428e-05	AbsError: 1.15644e-05
      Equation: "PotentialEquation"	RelError: 5.01343e-07	AbsError: 2.98814e-07
    Region: "oxide"	RelError: 9.16087e-02	AbsError: 5.50425e-02
      Equation: "PotentialEquation"	RelError: 9.16087e-02	AbsError: 5.50425e-02
Iteration: 16
  Device: "mos2d"	RelError: 2.24521e+01	AbsError: 6.30697e+16
    Region: "bulk"	RelError: 2.23679e+01	AbsError: 6.30697e+16
      Equation: "ElectronContinuityEquation"	RelError: 7.63217e-01	AbsError: 6.22406e+16
      Equation: "HoleContinuityEquation"	RelError: 9.13710e-01	AbsError: 8.29103e+14
      Equation: "PotentialEquation"	RelError: 2.06910e+01	AbsError: 7.41816e-02
    Region: "gate"	RelError: 3.02679e-05	AbsError: 1.47845e+15
      Equation: "ElectronContinuityEquation"	RelError: 1.48124e-05	AbsError: 1.47845e+15
      Equation: "HoleContinuityEquation"	RelError: 1.48121e-05	AbsError: 1.48401e-05
      Equation: "PotentialEquation"	RelError: 6.43341e-07	AbsError: 3.83448e-07
    Region: "oxide"	RelError: 8.41902e-02	AbsError: 4.76478e-02
      Equation: "PotentialEquation"	RelError: 8.41902e-02	AbsError: 4.76478e-02
Iteration: 17
  Device: "mos2d"	RelError: 1.26421e+01	AbsError: 8.12992e+16
    Region: "bulk"	RelError: 1.25679e+01	AbsError: 8.12992e+16
      Equation: "ElectronContinuityEquation"	RelError: 8.62936e-01	AbsError: 8.06813e+16
      Equation: "HoleContinuityEquation"	RelError: 9.01516e-01	AbsError: 6.17949e+14
      Equation: "PotentialEquation"	RelError: 1.08035e+01	AbsError: 6.95624e-02
    Region: "gate"	RelError: 3.96291e-05	AbsError: 1.93568e+15
      Equation: "ElectronContinuityEquation"	RelError: 1.93937e-05	AbsError: 1.93568e+15
      Equation: "HoleContinuityEquation"	RelError: 1.93931e-05	AbsError: 1.94301e-05
      Equation: "PotentialEquation"	RelError: 8.42314e-07	AbsError: 5.02041e-07
    Region: "oxide"	RelError: 7.40852e-02	AbsError: 3.90368e-02
      Equation: "PotentialEquation"	RelError: 7.40852e-02	AbsError: 3.90368e-02
Iteration: 18
  Device: "mos2d"	RelError: 3.74358e+01	AbsError: 1.05064e+17
    Region: "bulk"	RelError: 3.73771e+01	AbsError: 1.05064e+17
      Equation: "ElectronContinuityEquation"	RelError: 8.66286e-01	AbsError: 1.04555e+17
      Equation: "HoleContinuityEquation"	RelError: 8.78354e-01	AbsError: 5.09189e+14
      Equation: "PotentialEquation"	RelError: 3.56325e+01	AbsError: 6.43251e-02
    Region: "gate"	RelError: 5.26067e-05	AbsError: 2.56951e+15
      Equation: "ElectronContinuityEquation"	RelError: 2.57448e-05	AbsError: 2.56951e+15
      Equation: "HoleContinuityEquation"	RelError: 2.57438e-05	AbsError: 2.57936e-05
      Equation: "PotentialEquation"	RelError: 1.11815e-06	AbsError: 6.66447e-07
    Region: "oxide"	RelError: 5.86303e-02	AbsError: 2.91824e-02
      Equation: "PotentialEquation"	RelError: 5.86303e-02	AbsError: 2.91824e-02
Iteration: 19
  Device: "mos2d"	RelError: 3.70053e+00	AbsError: 1.33488e+17
    Region: "bulk"	RelError: 3.66127e+00	AbsError: 1.33488e+17
      Equation: "ElectronContinuityEquation"	RelError: 8.50748e-01	AbsError: 1.33059e+17
      Equation: "HoleContinuityEquation"	RelError: 8.46928e-01	AbsError: 4.28351e+14
      Equation: "PotentialEquation"	RelError: 1.96359e+00	AbsError: 5.83102e-02
    Region: "gate"	RelError: 7.04768e-05	AbsError: 3.44226e+15
      Equation: "ElectronContinuityEquation"	RelError: 3.44903e-05	AbsError: 3.44226e+15
      Equation: "HoleContinuityEquation"	RelError: 3.44886e-05	AbsError: 3.45564e-05
      Equation: "PotentialEquation"	RelError: 1.49798e-06	AbsError: 8.92834e-07
    Region: "oxide"	RelError: 3.91878e-02	AbsError: 1.87696e-02
      Equation: "PotentialEquation"	RelError: 3.91878e-02	AbsError: 1.87696e-02
Iteration: 20
  Device: "mos2d"	RelError: 2.04504e+00	AbsError: 1.60868e+17
    Region: "bulk"	RelError: 2.01826e+00	AbsError: 1.60868e+17
      Equation: "ElectronContinuityEquation"	RelError: 8.12035e-01	AbsError: 1.60500e+17
      Equation: "HoleContinuityEquation"	RelError: 8.26857e-01	AbsError: 3.68325e+14
      Equation: "PotentialEquation"	RelError: 3.79364e-01	AbsError: 5.13054e-02
    Region: "gate"	RelError: 9.47773e-05	AbsError: 4.62897e+15
      Equation: "ElectronContinuityEquation"	RelError: 4.63829e-05	AbsError: 4.62897e+15
      Equation: "HoleContinuityEquation"	RelError: 4.63798e-05	AbsError: 4.64732e-05
      Equation: "PotentialEquation"	RelError: 2.01449e-06	AbsError: 1.20068e-06
    Region: "oxide"	RelError: 2.66923e-02	AbsError: 1.24523e-02
      Equation: "PotentialEquation"	RelError: 2.66923e-02	AbsError: 1.24523e-02
Iteration: 21
  Device: "mos2d"	RelError: 1.91377e+00	AbsError: 1.72381e+17
    Region: "bulk"	RelError: 1.90287e+00	AbsError: 1.72381e+17
      Equation: "ElectronContinuityEquation"	RelError: 7.65754e-01	AbsError: 1.72058e+17
      Equation: "HoleContinuityEquation"	RelError: 8.01449e-01	AbsError: 3.22378e+14
      Equation: "PotentialEquation"	RelError: 3.35665e-01	AbsError: 4.30387e-02
    Region: "gate"	RelError: 1.24561e-04	AbsError: 6.08330e+15
      Equation: "ElectronContinuityEquation"	RelError: 6.09592e-05	AbsError: 6.08330e+15
      Equation: "HoleContinuityEquation"	RelError: 6.09539e-05	AbsError: 6.10804e-05
      Equation: "PotentialEquation"	RelError: 2.64755e-06	AbsError: 1.57799e-06
    Region: "oxide"	RelError: 1.07727e-02	AbsError: 4.79667e-03
      Equation: "PotentialEquation"	RelError: 1.07727e-02	AbsError: 4.79667e-03
Iteration: 22
  Device: "mos2d"	RelError: 1.98893e+00	AbsError: 1.46598e+17
    Region: "bulk"	RelError: 1.97580e+00	AbsError: 1.46598e+17
      Equation: "ElectronContinuityEquation"	RelError: 6.94054e-01	AbsError: 1.46312e+17
      Equation: "HoleContinuityEquation"	RelError: 7.23587e-01	AbsError: 2.86545e+14
      Equation: "PotentialEquation"	RelError: 5.58155e-01	AbsError: 3.32241e-02
    Region: "gate"	RelError: 1.48693e-04	AbsError: 7.26137e+15
      Equation: "ElectronContinuityEquation"	RelError: 7.27696e-05	AbsError: 7.26137e+15
      Equation: "HoleContinuityEquation"	RelError: 7.27628e-05	AbsError: 7.29190e-05
      Equation: "PotentialEquation"	RelError: 3.16049e-06	AbsError: 1.88371e-06
    Region: "oxide"	RelError: 1.29842e-02	AbsError: 5.74187e-03
      Equation: "PotentialEquation"	RelError: 1.29842e-02	AbsError: 5.74187e-03
Iteration: 23
  Device: "mos2d"	RelError: 3.59944e+00	AbsError: 1.03623e+17
    Region: "bulk"	RelError: 3.58830e+00	AbsError: 1.03623e+17
      Equation: "ElectronContinuityEquation"	RelError: 5.46228e-01	AbsError: 1.03366e+17
      Equation: "HoleContinuityEquation"	RelError: 6.00877e-01	AbsError: 2.57170e+14
      Equation: "PotentialEquation"	RelError: 2.44119e+00	AbsError: 2.18399e-02
    Region: "gate"	RelError: 1.24739e-04	AbsError: 6.09104e+15
      Equation: "ElectronContinuityEquation"	RelError: 6.10450e-05	AbsError: 6.09104e+15
      Equation: "HoleContinuityEquation"	RelError: 6.10428e-05	AbsError: 6.11776e-05
      Equation: "PotentialEquation"	RelError: 2.65136e-06	AbsError: 1.58025e-06
    Region: "oxide"	RelError: 1.10223e-02	AbsError: 4.78995e-03
      Equation: "PotentialEquation"	RelError: 1.10223e-02	AbsError: 4.78995e-03
Iteration: 24
  Device: "mos2d"	RelError: 3.76778e+00	AbsError: 4.89187e+16
    Region: "bulk"	RelError: 3.76332e+00	AbsError: 4.89187e+16
      Equation: "ElectronContinuityEquation"	RelError: 3.16497e-01	AbsError: 4.86864e+16
      Equation: "HoleContinuityEquation"	RelError: 3.74742e-01	AbsError: 2.32228e+14
      Equation: "PotentialEquation"	RelError: 3.07208e+00	AbsError: 1.24487e-02
    Region: "gate"	RelError: 4.97557e-05	AbsError: 2.42936e+15
      Equation: "ElectronContinuityEquation"	RelError: 2.43478e-05	AbsError: 2.42936e+15
      Equation: "HoleContinuityEquation"	RelError: 2.43504e-05	AbsError: 2.44047e-05
      Equation: "PotentialEquation"	RelError: 1.05757e-06	AbsError: 6.30329e-07
    Region: "oxide"	RelError: 4.41062e-03	AbsError: 1.90053e-03
      Equation: "PotentialEquation"	RelError: 4.41062e-03	AbsError: 1.90053e-03
Iteration: 25
  Device: "mos2d"	RelError: 6.49660e-01	AbsError: 1.67974e+16
    Region: "bulk"	RelError: 6.48252e-01	AbsError: 1.67974e+16
      Equation: "ElectronContinuityEquation"	RelError: 8.05100e-02	AbsError: 1.65889e+16
      Equation: "HoleContinuityEquation"	RelError: 9.30733e-02	AbsError: 2.08496e+14
      Equation: "PotentialEquation"	RelError: 4.74669e-01	AbsError: 7.54495e-04
    Region: "gate"	RelError: 1.56615e-05	AbsError: 7.64692e+14
      Equation: "ElectronContinuityEquation"	RelError: 7.66405e-06	AbsError: 7.64692e+14
      Equation: "HoleContinuityEquation"	RelError: 7.66453e-06	AbsError: 7.68170e-06
      Equation: "PotentialEquation"	RelError: 3.32888e-07	AbsError: 1.98407e-07
    Region: "oxide"	RelError: 1.39297e-03	AbsError: 5.98127e-04
      Equation: "PotentialEquation"	RelError: 1.39297e-03	AbsError: 5.98127e-04
Iteration: 26
  Device: "mos2d"	RelError: 1.13479e-01	AbsError: 4.30526e+14
    Region: "bulk"	RelError: 1.13449e-01	AbsError: 4.30526e+14
      Equation: "ElectronContinuityEquation"	RelError: 2.74910e-02	AbsError: 2.42841e+14
      Equation: "HoleContinuityEquation"	RelError: 2.52463e-02	AbsError: 1.87685e+14
      Equation: "PotentialEquation"	RelError: 6.07122e-02	AbsError: 6.60277e-04
    Region: "gate"	RelError: 1.25779e-07	AbsError: 6.12500e+12
      Equation: "ElectronContinuityEquation"	RelError: 6.15467e-08	AbsError: 6.12500e+12
      Equation: "HoleContinuityEquation"	RelError: 6.15588e-08	AbsError: 6.18569e-08
      Equation: "PotentialEquation"	RelError: 2.67376e-09	AbsError: 1.59343e-09
    Region: "oxide"	RelError: 2.91169e-05	AbsError: 4.64915e-06
      Equation: "PotentialEquation"	RelError: 2.91169e-05	AbsError: 4.64915e-06
Iteration: 27
  Device: "mos2d"	RelError: 8.80263e-02	AbsError: 3.86769e+14
    Region: "bulk"	RelError: 8.80067e-02	AbsError: 3.86769e+14
      Equation: "ElectronContinuityEquation"	RelError: 2.35590e-02	AbsError: 2.16496e+14
      Equation: "HoleContinuityEquation"	RelError: 2.31339e-02	AbsError: 1.70273e+14
      Equation: "PotentialEquation"	RelError: 4.13138e-02	AbsError: 6.04561e-04
    Region: "gate"	RelError: 8.02665e-08	AbsError: 3.90470e+12
      Equation: "ElectronContinuityEquation"	RelError: 3.92801e-08	AbsError: 3.90470e+12
      Equation: "HoleContinuityEquation"	RelError: 3.92801e-08	AbsError: 3.95146e-08
      Equation: "PotentialEquation"	RelError: 1.70635e-09	AbsError: 1.01685e-09
    Region: "oxide"	RelError: 1.95971e-05	AbsError: 2.98072e-06
      Equation: "PotentialEquation"	RelError: 1.95971e-05	AbsError: 2.98072e-06
Iteration: 28
  Device: "mos2d"	RelError: 7.45131e-02	AbsError: 3.49493e+14
    Region: "bulk"	RelError: 7.44976e-02	AbsError: 3.49493e+14
      Equation: "ElectronContinuityEquation"	RelError: 2.16348e-02	AbsError: 1.94309e+14
      Equation: "HoleContinuityEquation"	RelError: 2.12603e-02	AbsError: 1.55185e+14
      Equation: "PotentialEquation"	RelError: 3.16024e-02	AbsError: 5.55210e-04
    Region: "gate"	RelError: 6.32717e-08	AbsError: 3.07796e+12
      Equation: "ElectronContinuityEquation"	RelError: 3.09633e-08	AbsError: 3.07796e+12
      Equation: "HoleContinuityEquation"	RelError: 3.09633e-08	AbsError: 3.11482e-08
      Equation: "PotentialEquation"	RelError: 1.34507e-09	AbsError: 8.01553e-10
    Region: "oxide"	RelError: 1.54398e-05	AbsError: 2.34988e-06
      Equation: "PotentialEquation"	RelError: 1.54398e-05	AbsError: 2.34988e-06
Iteration: 29
  Device: "mos2d"	RelError: 6.51817e-02	AbsError: 3.17398e+14
    Region: "bulk"	RelError: 6.51688e-02	AbsError: 3.17398e+14
      Equation: "ElectronContinuityEquation"	RelError: 1.99102e-02	AbsError: 1.75403e+14
      Equation: "HoleContinuityEquation"	RelError: 1.95902e-02	AbsError: 1.41995e+14
      Equation: "PotentialEquation"	RelError: 2.56684e-02	AbsError: 5.11272e-04
    Region: "gate"	RelError: 5.26897e-08	AbsError: 2.56318e+12
      Equation: "ElectronContinuityEquation"	RelError: 2.57848e-08	AbsError: 2.56318e+12
      Equation: "HoleContinuityEquation"	RelError: 2.57848e-08	AbsError: 2.59387e-08
      Equation: "PotentialEquation"	RelError: 1.12011e-09	AbsError: 6.67496e-10
    Region: "oxide"	RelError: 1.28542e-05	AbsError: 1.95699e-06
      Equation: "PotentialEquation"	RelError: 1.28542e-05	AbsError: 1.95699e-06
Iteration: 30
  Device: "mos2d"	RelError: 5.80186e-02	AbsError: 2.89511e+14
    Region: "bulk"	RelError: 5.80075e-02	AbsError: 2.89511e+14
      Equation: "ElectronContinuityEquation"	RelError: 1.83693e-02	AbsError: 1.59131e+14
      Equation: "HoleContinuityEquation"	RelError: 1.80946e-02	AbsError: 1.30380e+14
      Equation: "PotentialEquation"	RelError: 2.15436e-02	AbsError: 4.71969e-04
    Region: "gate"	RelError: 4.51716e-08	AbsError: 2.19745e+12
      Equation: "ElectronContinuityEquation"	RelError: 2.21057e-08	AbsError: 2.19745e+12
      Equation: "HoleContinuityEquation"	RelError: 2.21057e-08	AbsError: 2.22376e-08
      Equation: "PotentialEquation"	RelError: 9.60285e-10	AbsError: 5.72254e-10
    Region: "oxide"	RelError: 1.10186e-05	AbsError: 1.67780e-06
      Equation: "PotentialEquation"	RelError: 1.10186e-05	AbsError: 1.67780e-06
Iteration: 31
  Device: "mos2d"	RelError: 5.21724e-02	AbsError: 2.65087e+14
    Region: "bulk"	RelError: 5.21627e-02	AbsError: 2.65087e+14
      Equation: "ElectronContinuityEquation"	RelError: 1.69863e-02	AbsError: 1.45006e+14
      Equation: "HoleContinuityEquation"	RelError: 1.67497e-02	AbsError: 1.20081e+14
      Equation: "PotentialEquation"	RelError: 1.84267e-02	AbsError: 4.36661e-04
    Region: "gate"	RelError: 3.93496e-08	AbsError: 1.91423e+12
      Equation: "ElectronContinuityEquation"	RelError: 1.92565e-08	AbsError: 1.91423e+12
      Equation: "HoleContinuityEquation"	RelError: 1.92565e-08	AbsError: 1.93715e-08
      Equation: "PotentialEquation"	RelError: 8.36517e-10	AbsError: 4.98498e-10
    Region: "oxide"	RelError: 9.59775e-06	AbsError: 1.46158e-06
      Equation: "PotentialEquation"	RelError: 9.59775e-06	AbsError: 1.46158e-06
Iteration: 32
  Device: "mos2d"	RelError: 4.72291e-02	AbsError: 2.43546e+14
    Region: "bulk"	RelError: 4.72206e-02	AbsError: 2.43546e+14
      Equation: "ElectronContinuityEquation"	RelError: 1.57402e-02	AbsError: 1.32649e+14
      Equation: "HoleContinuityEquation"	RelError: 1.55357e-02	AbsError: 1.10897e+14
      Equation: "PotentialEquation"	RelError: 1.59447e-02	AbsError: 4.04818e-04
    Region: "gate"	RelError: 3.45952e-08	AbsError: 1.68294e+12
      Equation: "ElectronContinuityEquation"	RelError: 1.69299e-08	AbsError: 1.68294e+12
      Equation: "HoleContinuityEquation"	RelError: 1.69299e-08	AbsError: 1.70310e-08
      Equation: "PotentialEquation"	RelError: 7.35446e-10	AbsError: 4.38267e-10
    Region: "oxide"	RelError: 8.43779e-06	AbsError: 1.28500e-06
      Equation: "PotentialEquation"	RelError: 8.43779e-06	AbsError: 1.28500e-06
Iteration: 33
  Device: "mos2d"	RelError: 4.29594e-02	AbsError: 2.24429e+14
    Region: "bulk"	RelError: 4.29519e-02	AbsError: 2.24429e+14
      Equation: "ElectronContinuityEquation"	RelError: 1.46132e-02	AbsError: 1.21765e+14
      Equation: "HoleContinuityEquation"	RelError: 1.44358e-02	AbsError: 1.02664e+14
      Equation: "PotentialEquation"	RelError: 1.39029e-02	AbsError: 3.75995e-04
    Region: "gate"	RelError: 3.05870e-08	AbsError: 1.48796e+12
      Equation: "ElectronContinuityEquation"	RelError: 1.49684e-08	AbsError: 1.48796e+12
      Equation: "HoleContinuityEquation"	RelError: 1.49684e-08	AbsError: 1.50578e-08
      Equation: "PotentialEquation"	RelError: 6.50237e-10	AbsError: 3.87490e-10
    Region: "oxide"	RelError: 7.46004e-06	AbsError: 1.13613e-06
      Equation: "PotentialEquation"	RelError: 7.46004e-06	AbsError: 1.13613e-06
Iteration: 34
  Device: "mos2d"	RelError: 3.92212e-02	AbsError: 2.07368e+14
    Region: "bulk"	RelError: 3.92145e-02	AbsError: 2.07368e+14
      Equation: "ElectronContinuityEquation"	RelError: 1.35905e-02	AbsError: 1.12119e+14
      Equation: "HoleContinuityEquation"	RelError: 1.34362e-02	AbsError: 9.52484e+13
      Equation: "PotentialEquation"	RelError: 1.21878e-02	AbsError: 3.49820e-04
    Region: "gate"	RelError: 2.71427e-08	AbsError: 1.32040e+12
      Equation: "ElectronContinuityEquation"	RelError: 1.32828e-08	AbsError: 1.32040e+12
      Equation: "HoleContinuityEquation"	RelError: 1.32828e-08	AbsError: 1.33621e-08
      Equation: "PotentialEquation"	RelError: 5.77015e-10	AbsError: 3.43855e-10
    Region: "oxide"	RelError: 6.61990e-06	AbsError: 1.00819e-06
      Equation: "PotentialEquation"	RelError: 6.61990e-06	AbsError: 1.00819e-06
Iteration: 35
  Device: "mos2d"	RelError: 3.59178e-02	AbsError: 1.92066e+14
    Region: "bulk"	RelError: 3.59119e-02	AbsError: 1.92066e+14
      Equation: "ElectronContinuityEquation"	RelError: 1.26595e-02	AbsError: 1.03524e+14
      Equation: "HoleContinuityEquation"	RelError: 1.25250e-02	AbsError: 8.85418e+13
      Equation: "PotentialEquation"	RelError: 1.07273e-02	AbsError: 3.25977e-04
    Region: "gate"	RelError: 2.41480e-08	AbsError: 1.17472e+12
      Equation: "ElectronContinuityEquation"	RelError: 1.18173e-08	AbsError: 1.17472e+12
      Equation: "HoleContinuityEquation"	RelError: 1.18173e-08	AbsError: 1.18879e-08
      Equation: "PotentialEquation"	RelError: 5.13352e-10	AbsError: 3.05917e-10
    Region: "oxide"	RelError: 5.88947e-06	AbsError: 8.96961e-07
      Equation: "PotentialEquation"	RelError: 5.88947e-06	AbsError: 8.96961e-07
Iteration: 36
  Device: "mos2d"	RelError: 3.29788e-02	AbsError: 1.78278e+14
    Region: "bulk"	RelError: 3.29736e-02	AbsError: 1.78278e+14
      Equation: "ElectronContinuityEquation"	RelError: 1.18097e-02	AbsError: 9.58249e+13
      Equation: "HoleContinuityEquation"	RelError: 1.16921e-02	AbsError: 8.24531e+13
      Equation: "PotentialEquation"	RelError: 9.47175e-03	AbsError: 3.04196e-04
    Region: "gate"	RelError: 2.15247e-08	AbsError: 1.04710e+12
      Equation: "ElectronContinuityEquation"	RelError: 1.05336e-08	AbsError: 1.04710e+12
      Equation: "HoleContinuityEquation"	RelError: 1.05336e-08	AbsError: 1.05964e-08
      Equation: "PotentialEquation"	RelError: 4.57585e-10	AbsError: 2.72684e-10
    Region: "oxide"	RelError: 5.24966e-06	AbsError: 7.99523e-07
      Equation: "PotentialEquation"	RelError: 5.24966e-06	AbsError: 7.99523e-07
Iteration: 37
  Device: "mos2d"	RelError: 3.03502e-02	AbsError: 1.65804e+14
    Region: "bulk"	RelError: 3.03455e-02	AbsError: 1.65804e+14
      Equation: "ElectronContinuityEquation"	RelError: 1.10318e-02	AbsError: 8.88976e+13
      Equation: "HoleContinuityEquation"	RelError: 1.09288e-02	AbsError: 7.69064e+13
      Equation: "PotentialEquation"	RelError: 8.38483e-03	AbsError: 2.84248e-04
    Region: "gate"	RelError: 1.92152e-08	AbsError: 9.34755e+11
      Equation: "ElectronContinuityEquation"	RelError: 9.40335e-09	AbsError: 9.34755e+11
      Equation: "HoleContinuityEquation"	RelError: 9.40335e-09	AbsError: 9.45949e-09
      Equation: "PotentialEquation"	RelError: 4.08488e-10	AbsError: 2.43426e-10
    Region: "oxide"	RelError: 4.68638e-06	AbsError: 7.13739e-07
      Equation: "PotentialEquation"	RelError: 4.68638e-06	AbsError: 7.13739e-07
Iteration: 38
  Device: "mos2d"	RelError: 2.79887e-02	AbsError: 1.54476e+14
    Region: "bulk"	RelError: 2.79845e-02	AbsError: 1.54476e+14
      Equation: "ElectronContinuityEquation"	RelError: 1.03181e-02	AbsError: 8.26383e+13
      Equation: "HoleContinuityEquation"	RelError: 1.02276e-02	AbsError: 7.18377e+13
      Equation: "PotentialEquation"	RelError: 7.43885e-03	AbsError: 2.65933e-04
    Region: "gate"	RelError: 1.71746e-08	AbsError: 8.35488e+11
      Equation: "ElectronContinuityEquation"	RelError: 8.40476e-09	AbsError: 8.35488e+11
      Equation: "HoleContinuityEquation"	RelError: 8.40476e-09	AbsError: 8.45494e-09
      Equation: "PotentialEquation"	RelError: 3.65108e-10	AbsError: 2.17576e-10
    Region: "oxide"	RelError: 4.18870e-06	AbsError: 6.37944e-07
      Equation: "PotentialEquation"	RelError: 4.18870e-06	AbsError: 6.37944e-07
Iteration: 39
  Device: "mos2d"	RelError: 2.58594e-02	AbsError: 1.44154e+14
    Region: "bulk"	RelError: 2.58557e-02	AbsError: 1.44154e+14
      Equation: "ElectronContinuityEquation"	RelError: 9.66168e-03	AbsError: 7.69609e+13
      Equation: "HoleContinuityEquation"	RelError: 9.58206e-03	AbsError: 6.71928e+13
      Equation: "PotentialEquation"	RelError: 6.61194e-03	AbsError: 2.49082e-04
    Region: "gate"	RelError: 1.53667e-08	AbsError: 7.47541e+11
      Equation: "ElectronContinuityEquation"	RelError: 7.52004e-09	AbsError: 7.47541e+11
      Equation: "HoleContinuityEquation"	RelError: 7.52004e-09	AbsError: 7.56493e-09
      Equation: "PotentialEquation"	RelError: 3.26675e-10	AbsError: 1.94673e-10
    Region: "oxide"	RelError: 3.74777e-06	AbsError: 5.70792e-07
      Equation: "PotentialEquation"	RelError: 3.74777e-06	AbsError: 5.70792e-07
Iteration: 40
  Device: "mos2d"	RelError: 2.39332e-02	AbsError: 1.34718e+14
    Region: "bulk"	RelError: 2.39298e-02	AbsError: 1.34718e+14
      Equation: "ElectronContinuityEquation"	RelError: 9.05674e-03	AbsError: 7.17933e+13
      Equation: "HoleContinuityEquation"	RelError: 8.98655e-03	AbsError: 6.29251e+13
      Equation: "PotentialEquation"	RelError: 5.88653e-03	AbsError: 2.33544e-04
    Region: "gate"	RelError: 1.37616e-08	AbsError: 6.69454e+11
      Equation: "ElectronContinuityEquation"	RelError: 6.73450e-09	AbsError: 6.69454e+11
      Equation: "HoleContinuityEquation"	RelError: 6.73450e-09	AbsError: 6.77471e-09
      Equation: "PotentialEquation"	RelError: 2.92551e-10	AbsError: 1.74337e-10
    Region: "oxide"	RelError: 3.35627e-06	AbsError: 5.11168e-07
      Equation: "PotentialEquation"	RelError: 3.35627e-06	AbsError: 5.11168e-07
Iteration: 41
  Device: "mos2d"	RelError: 2.21855e-02	AbsError: 1.26069e+14
    Region: "bulk"	RelError: 2.21825e-02	AbsError: 1.26069e+14
      Equation: "ElectronContinuityEquation"	RelError: 8.49813e-03	AbsError: 6.70746e+13
      Equation: "HoleContinuityEquation"	RelError: 8.43614e-03	AbsError: 5.89947e+13
      Equation: "PotentialEquation"	RelError: 5.24821e-03	AbsError: 2.19189e-04
    Region: "gate"	RelError: 1.23338e-08	AbsError: 5.99997e+11
      Equation: "ElectronContinuityEquation"	RelError: 6.03579e-09	AbsError: 5.99997e+11
      Equation: "HoleContinuityEquation"	RelError: 6.03579e-09	AbsError: 6.07182e-09
      Equation: "PotentialEquation"	RelError: 2.62199e-10	AbsError: 1.56250e-10
    Region: "oxide"	RelError: 3.00805e-06	AbsError: 4.58134e-07
      Equation: "PotentialEquation"	RelError: 3.00805e-06	AbsError: 4.58134e-07
Iteration: 42
  Device: "mos2d"	RelError: 2.05956e-02	AbsError: 1.18120e+14
    Region: "bulk"	RelError: 2.05929e-02	AbsError: 1.18120e+14
      Equation: "ElectronContinuityEquation"	RelError: 7.98135e-03	AbsError: 6.27530e+13
      Equation: "HoleContinuityEquation"	RelError: 7.92652e-03	AbsError: 5.53670e+13
      Equation: "PotentialEquation"	RelError: 4.68501e-03	AbsError: 2.05904e-04
    Region: "gate"	RelError: 1.10619e-08	AbsError: 5.38122e+11
      Equation: "ElectronContinuityEquation"	RelError: 5.41335e-09	AbsError: 5.38122e+11
      Equation: "HoleContinuityEquation"	RelError: 5.41335e-09	AbsError: 5.44566e-09
      Equation: "PotentialEquation"	RelError: 2.35159e-10	AbsError: 1.40136e-10
    Region: "oxide"	RelError: 2.69784e-06	AbsError: 4.10889e-07
      Equation: "PotentialEquation"	RelError: 2.69784e-06	AbsError: 4.10889e-07
Iteration: 43
  Device: "mos2d"	RelError: 1.91457e-02	AbsError: 1.10796e+14
    Region: "bulk"	RelError: 1.91433e-02	AbsError: 1.10796e+14
      Equation: "ElectronContinuityEquation"	RelError: 7.50246e-03	AbsError: 5.87844e+13
      Equation: "HoleContinuityEquation"	RelError: 7.45388e-03	AbsError: 5.20120e+13
      Equation: "PotentialEquation"	RelError: 4.18695e-03	AbsError: 1.93588e-04
    Region: "gate"	RelError: 9.92728e-09	AbsError: 4.82929e+11
      Equation: "ElectronContinuityEquation"	RelError: 4.85812e-09	AbsError: 4.82929e+11
      Equation: "HoleContinuityEquation"	RelError: 4.85812e-09	AbsError: 4.88712e-09
      Equation: "PotentialEquation"	RelError: 2.11040e-10	AbsError: 1.25763e-10
    Region: "oxide"	RelError: 2.42113e-06	AbsError: 3.68746e-07
      Equation: "PotentialEquation"	RelError: 2.42113e-06	AbsError: 3.68746e-07
Iteration: 44
  Device: "mos2d"	RelError: 1.78206e-02	AbsError: 1.04034e+14
    Region: "bulk"	RelError: 1.78184e-02	AbsError: 1.04034e+14
      Equation: "ElectronContinuityEquation"	RelError: 7.05797e-03	AbsError: 5.51308e+13
      Equation: "HoleContinuityEquation"	RelError: 7.01487e-03	AbsError: 4.89035e+13
      Equation: "PotentialEquation"	RelError: 3.74558e-03	AbsError: 1.82153e-04
    Region: "gate"	RelError: 8.91404e-09	AbsError: 4.33638e+11
      Equation: "ElectronContinuityEquation"	RelError: 4.36227e-09	AbsError: 4.33638e+11
      Equation: "HoleContinuityEquation"	RelError: 4.36227e-09	AbsError: 4.38831e-09
      Equation: "PotentialEquation"	RelError: 1.89500e-10	AbsError: 1.12927e-10
    Region: "oxide"	RelError: 2.17401e-06	AbsError: 3.31110e-07
      Equation: "PotentialEquation"	RelError: 2.17401e-06	AbsError: 3.31110e-07
Iteration: 45
  Device: "mos2d"	RelError: 1.66070e-02	AbsError: 9.77778e+13
    Region: "bulk"	RelError: 1.66050e-02	AbsError: 9.77778e+13
      Equation: "ElectronContinuityEquation"	RelError: 6.64478e-03	AbsError: 5.17595e+13
      Equation: "HoleContinuityEquation"	RelError: 6.60650e-03	AbsError: 4.60183e+13
      Equation: "PotentialEquation"	RelError: 3.35374e-03	AbsError: 1.71519e-04
    Region: "gate"	RelError: 8.00823e-09	AbsError: 3.89574e+11
      Equation: "ElectronContinuityEquation"	RelError: 3.91900e-09	AbsError: 3.89574e+11
      Equation: "HoleContinuityEquation"	RelError: 3.91900e-09	AbsError: 3.94239e-09
      Equation: "PotentialEquation"	RelError: 1.70244e-10	AbsError: 1.01452e-10
    Region: "oxide"	RelError: 1.95309e-06	AbsError: 2.97464e-07
      Equation: "PotentialEquation"	RelError: 1.95309e-06	AbsError: 2.97464e-07
Iteration: 46
  Device: "mos2d"	RelError: 1.54933e-02	AbsError: 9.19783e+13
    Region: "bulk"	RelError: 1.54916e-02	AbsError: 9.19783e+13
      Equation: "ElectronContinuityEquation"	RelError: 6.26017e-03	AbsError: 4.86421e+13
      Equation: "HoleContinuityEquation"	RelError: 6.22612e-03	AbsError: 4.33362e+13
      Equation: "PotentialEquation"	RelError: 3.00529e-03	AbsError: 1.61617e-04
    Region: "gate"	RelError: 7.19772e-09	AbsError: 3.50145e+11
      Equation: "ElectronContinuityEquation"	RelError: 3.52236e-09	AbsError: 3.50145e+11
      Equation: "HoleContinuityEquation"	RelError: 3.52236e-09	AbsError: 3.54338e-09
      Equation: "PotentialEquation"	RelError: 1.53014e-10	AbsError: 9.11840e-11
    Region: "oxide"	RelError: 1.75542e-06	AbsError: 2.67358e-07
      Equation: "PotentialEquation"	RelError: 1.75542e-06	AbsError: 2.67358e-07
Iteration: 47
  Device: "mos2d"	RelError: 1.44696e-02	AbsError: 8.65930e+13
    Region: "bulk"	RelError: 1.44680e-02	AbsError: 8.65930e+13
      Equation: "ElectronContinuityEquation"	RelError: 5.90168e-03	AbsError: 4.57537e+13
      Equation: "HoleContinuityEquation"	RelError: 5.87136e-03	AbsError: 4.08392e+13
      Equation: "PotentialEquation"	RelError: 2.69498e-03	AbsError: 1.52385e-04
    Region: "gate"	RelError: 6.47189e-09	AbsError: 3.14836e+11
      Equation: "ElectronContinuityEquation"	RelError: 3.16715e-09	AbsError: 3.14836e+11
      Equation: "HoleContinuityEquation"	RelError: 3.16715e-09	AbsError: 3.18606e-09
      Equation: "PotentialEquation"	RelError: 1.37583e-10	AbsError: 8.19887e-11
    Region: "oxide"	RelError: 1.57840e-06	AbsError: 2.40398e-07
      Equation: "PotentialEquation"	RelError: 1.57840e-06	AbsError: 2.40398e-07
Iteration: 48
  Device: "mos2d"	RelError: 1.35269e-02	AbsError: 8.15842e+13
    Region: "bulk"	RelError: 1.35255e-02	AbsError: 8.15842e+13
      Equation: "ElectronContinuityEquation"	RelError: 5.56714e-03	AbsError: 4.30728e+13
      Equation: "HoleContinuityEquation"	RelError: 5.54010e-03	AbsError: 3.85114e+13
      Equation: "PotentialEquation"	RelError: 2.41828e-03	AbsError: 1.43767e-04
    Region: "gate"	RelError: 5.82141e-09	AbsError: 2.83192e+11
      Equation: "ElectronContinuityEquation"	RelError: 2.84883e-09	AbsError: 2.83192e+11
      Equation: "HoleContinuityEquation"	RelError: 2.84883e-09	AbsError: 2.86583e-09
      Equation: "PotentialEquation"	RelError: 1.23755e-10	AbsError: 7.37481e-11
    Region: "oxide"	RelError: 1.41975e-06	AbsError: 2.16236e-07
      Equation: "PotentialEquation"	RelError: 1.41975e-06	AbsError: 2.16236e-07
Iteration: 49
  Device: "mos2d"	RelError: 1.26576e-02	AbsError: 7.69187e+13
    Region: "bulk"	RelError: 1.26563e-02	AbsError: 7.69187e+13
      Equation: "ElectronContinuityEquation"	RelError: 5.25457e-03	AbsError: 4.05801e+13
      Equation: "HoleContinuityEquation"	RelError: 5.23045e-03	AbsError: 3.63386e+13
      Equation: "PotentialEquation"	RelError: 2.17126e-03	AbsError: 1.35714e-04
    Region: "gate"	RelError: 5.23807e-09	AbsError: 2.54815e+11
      Equation: "ElectronContinuityEquation"	RelError: 2.56336e-09	AbsError: 2.54815e+11
      Equation: "HoleContinuityEquation"	RelError: 2.56336e-09	AbsError: 2.57866e-09
      Equation: "PotentialEquation"	RelError: 1.11354e-10	AbsError: 6.63582e-11
    Region: "oxide"	RelError: 1.27748e-06	AbsError: 1.94568e-07
      Equation: "PotentialEquation"	RelError: 1.27748e-06	AbsError: 1.94568e-07
Iteration: 50
  Device: "mos2d"	RelError: 1.18546e-02	AbsError: 7.25669e+13
    Region: "bulk"	RelError: 1.18534e-02	AbsError: 7.25669e+13
      Equation: "ElectronContinuityEquation"	RelError: 4.96223e-03	AbsError: 3.82590e+13
      Equation: "HoleContinuityEquation"	RelError: 4.94068e-03	AbsError: 3.43079e+13
      Equation: "PotentialEquation"	RelError: 1.95050e-03	AbsError: 1.28179e-04
    Region: "gate"	RelError: 4.71463e-09	AbsError: 2.29351e+11
      Equation: "ElectronContinuityEquation"	RelError: 2.30720e-09	AbsError: 2.29351e+11
      Equation: "HoleContinuityEquation"	RelError: 2.30720e-09	AbsError: 2.32098e-09
      Equation: "PotentialEquation"	RelError: 1.00226e-10	AbsError: 5.97270e-11
    Region: "oxide"	RelError: 1.14982e-06	AbsError: 1.75125e-07
      Equation: "PotentialEquation"	RelError: 1.14982e-06	AbsError: 1.75125e-07
Iteration: 51
  Device: "mos2d"	RelError: 1.11118e-02	AbsError: 6.85025e+13
    Region: "bulk"	RelError: 1.11108e-02	AbsError: 6.85025e+13
      Equation: "ElectronContinuityEquation"	RelError: 4.68853e-03	AbsError: 3.60945e+13
      Equation: "HoleContinuityEquation"	RelError: 4.66926e-03	AbsError: 3.24080e+13
      Equation: "PotentialEquation"	RelError: 1.75302e-03	AbsError: 1.21123e-04
    Region: "gate"	RelError: 4.24469e-09	AbsError: 2.06490e+11
      Equation: "ElectronContinuityEquation"	RelError: 2.07723e-09	AbsError: 2.06490e+11
      Equation: "HoleContinuityEquation"	RelError: 2.07723e-09	AbsError: 2.08963e-09
      Equation: "PotentialEquation"	RelError: 9.02362e-11	AbsError: 5.37736e-11
    Region: "oxide"	RelError: 1.03521e-06	AbsError: 1.57669e-07
      Equation: "PotentialEquation"	RelError: 1.03521e-06	AbsError: 1.57669e-07
Iteration: 52
  Device: "mos2d"	RelError: 1.04240e-02	AbsError: 6.47020e+13
    Region: "bulk"	RelError: 1.04230e-02	AbsError: 6.47020e+13
      Equation: "ElectronContinuityEquation"	RelError: 4.43202e-03	AbsError: 3.40734e+13
      Equation: "HoleContinuityEquation"	RelError: 4.41478e-03	AbsError: 3.06287e+13
      Equation: "PotentialEquation"	RelError: 1.57622e-03	AbsError: 1.14509e-04
    Region: "gate"	RelError: 3.82257e-09	AbsError: 1.85955e+11
      Equation: "ElectronContinuityEquation"	RelError: 1.87066e-09	AbsError: 1.85955e+11
      Equation: "HoleContinuityEquation"	RelError: 1.87066e-09	AbsError: 1.88182e-09
      Equation: "PotentialEquation"	RelError: 8.12626e-11	AbsError: 4.84261e-11
    Region: "oxide"	RelError: 9.32259e-07	AbsError: 1.41990e-07
      Equation: "PotentialEquation"	RelError: 9.32259e-07	AbsError: 1.41990e-07
Iteration: 53
  Device: "mos2d"	RelError: 9.78607e-03	AbsError: 6.11443e+13
    Region: "bulk"	RelError: 9.78523e-03	AbsError: 6.11443e+13
      Equation: "ElectronContinuityEquation"	RelError: 4.19143e-03	AbsError: 3.21837e+13
      Equation: "HoleContinuityEquation"	RelError: 4.17599e-03	AbsError: 2.89606e+13
      Equation: "PotentialEquation"	RelError: 1.41781e-03	AbsError: 1.08304e-04
    Region: "gate"	RelError: 3.44325e-09	AbsError: 1.67503e+11
      Equation: "ElectronContinuityEquation"	RelError: 1.68503e-09	AbsError: 1.67503e+11
      Equation: "HoleContinuityEquation"	RelError: 1.68503e-09	AbsError: 1.69509e-09
      Equation: "PotentialEquation"	RelError: 7.31988e-11	AbsError: 4.36206e-11
    Region: "oxide"	RelError: 8.39747e-07	AbsError: 1.27900e-07
      Equation: "PotentialEquation"	RelError: 8.39747e-07	AbsError: 1.27900e-07
Iteration: 54
  Device: "mos2d"	RelError: 9.19383e-03	AbsError: 5.78104e+13
    Region: "bulk"	RelError: 9.19307e-03	AbsError: 5.78104e+13
      Equation: "ElectronContinuityEquation"	RelError: 3.96556e-03	AbsError: 3.04150e+13
      Equation: "HoleContinuityEquation"	RelError: 3.95172e-03	AbsError: 2.73954e+13
      Equation: "PotentialEquation"	RelError: 1.27578e-03	AbsError: 1.02478e-04
    Region: "gate"	RelError: 3.10225e-09	AbsError: 1.50914e+11
      Equation: "ElectronContinuityEquation"	RelError: 1.51815e-09	AbsError: 1.50914e+11
      Equation: "HoleContinuityEquation"	RelError: 1.51815e-09	AbsError: 1.52721e-09
      Equation: "PotentialEquation"	RelError: 6.59494e-11	AbsError: 3.93006e-11
    Region: "oxide"	RelError: 7.56581e-07	AbsError: 1.15233e-07
      Equation: "PotentialEquation"	RelError: 7.56581e-07	AbsError: 1.15233e-07
Iteration: 55
  Device: "mos2d"	RelError: 8.64334e-03	AbsError: 5.46831e+13
    Region: "bulk"	RelError: 8.64265e-03	AbsError: 5.46831e+13
      Equation: "ElectronContinuityEquation"	RelError: 3.75335e-03	AbsError: 2.87577e+13
      Equation: "HoleContinuityEquation"	RelError: 3.74094e-03	AbsError: 2.59255e+13
      Equation: "PotentialEquation"	RelError: 1.14836e-03	AbsError: 9.70029e-05
    Region: "gate"	RelError: 2.79558e-09	AbsError: 1.35996e+11
      Equation: "ElectronContinuityEquation"	RelError: 1.36807e-09	AbsError: 1.35996e+11
      Equation: "HoleContinuityEquation"	RelError: 1.36807e-09	AbsError: 1.37624e-09
      Equation: "PotentialEquation"	RelError: 5.94301e-11	AbsError: 3.54156e-11
    Region: "oxide"	RelError: 6.81789e-07	AbsError: 1.03842e-07
      Equation: "PotentialEquation"	RelError: 6.81789e-07	AbsError: 1.03842e-07
Iteration: 56
  Device: "mos2d"	RelError: 8.15560e-03	AbsError: 5.17471e+13
    Region: "bulk"	RelError: 8.15498e-03	AbsError: 5.17471e+13
      Equation: "ElectronContinuityEquation"	RelError: 3.55382e-03	AbsError: 2.72032e+13
      Equation: "HoleContinuityEquation"	RelError: 3.54268e-03	AbsError: 2.45439e+13
      Equation: "PotentialEquation"	RelError: 1.05848e-03	AbsError: 9.18542e-05
    Region: "gate"	RelError: 2.51970e-09	AbsError: 1.22575e+11
      Equation: "ElectronContinuityEquation"	RelError: 1.23307e-09	AbsError: 1.22575e+11
      Equation: "HoleContinuityEquation"	RelError: 1.23307e-09	AbsError: 1.24043e-09
      Equation: "PotentialEquation"	RelError: 5.35653e-11	AbsError: 3.19207e-11
    Region: "oxide"	RelError: 6.14506e-07	AbsError: 9.35946e-08
      Equation: "PotentialEquation"	RelError: 6.14506e-07	AbsError: 9.35946e-08
Iteration: 57
  Device: "mos2d"	RelError: 7.72363e-03	AbsError: 4.89883e+13
    Region: "bulk"	RelError: 7.72307e-03	AbsError: 4.89883e+13
      Equation: "ElectronContinuityEquation"	RelError: 3.36608e-03	AbsError: 2.57438e+13
      Equation: "HoleContinuityEquation"	RelError: 3.35608e-03	AbsError: 2.32445e+13
      Equation: "PotentialEquation"	RelError: 1.00091e-03	AbsError: 8.70088e-05
    Region: "gate"	RelError: 2.27145e-09	AbsError: 1.10498e+11
      Equation: "ElectronContinuityEquation"	RelError: 1.11158e-09	AbsError: 1.10498e+11
      Equation: "HoleContinuityEquation"	RelError: 1.11158e-09	AbsError: 1.11822e-09
      Equation: "PotentialEquation"	RelError: 4.82878e-11	AbsError: 2.87757e-11
    Region: "oxide"	RelError: 5.53961e-07	AbsError: 8.43733e-08
      Equation: "PotentialEquation"	RelError: 5.53961e-07	AbsError: 8.43733e-08
Iteration: 58
  Device: "mos2d"	RelError: 7.31704e-03	AbsError: 4.63940e+13
    Region: "bulk"	RelError: 7.31654e-03	AbsError: 4.63940e+13
      Equation: "ElectronContinuityEquation"	RelError: 3.18932e-03	AbsError: 2.43726e+13
      Equation: "HoleContinuityEquation"	RelError: 3.18033e-03	AbsError: 2.20214e+13
      Equation: "PotentialEquation"	RelError: 9.46894e-04	AbsError: 8.24461e-05
    Region: "gate"	RelError: 2.04800e-09	AbsError: 9.96281e+10
      Equation: "ElectronContinuityEquation"	RelError: 1.00223e-09	AbsError: 9.96281e+10
      Equation: "HoleContinuityEquation"	RelError: 1.00223e-09	AbsError: 1.00821e-09
      Equation: "PotentialEquation"	RelError: 4.35376e-11	AbsError: 2.59449e-11
    Region: "oxide"	RelError: 4.99464e-07	AbsError: 7.60731e-08
      Equation: "PotentialEquation"	RelError: 4.99464e-07	AbsError: 7.60731e-08
Iteration: 59
  Device: "mos2d"	RelError: 6.93409e-03	AbsError: 4.39525e+13
    Region: "bulk"	RelError: 6.93364e-03	AbsError: 4.39525e+13
      Equation: "ElectronContinuityEquation"	RelError: 3.02278e-03	AbsError: 2.30830e+13
      Equation: "HoleContinuityEquation"	RelError: 3.01470e-03	AbsError: 2.08694e+13
      Equation: "PotentialEquation"	RelError: 8.96157e-04	AbsError: 7.81467e-05
    Region: "gate"	RelError: 1.84681e-09	AbsError: 8.98413e+10
      Equation: "ElectronContinuityEquation"	RelError: 9.03776e-10	AbsError: 8.98413e+10
      Equation: "HoleContinuityEquation"	RelError: 9.03777e-10	AbsError: 9.09172e-10
      Equation: "PotentialEquation"	RelError: 3.92607e-11	AbsError: 2.33963e-11
    Region: "oxide"	RelError: 4.50398e-07	AbsError: 6.86002e-08
      Equation: "PotentialEquation"	RelError: 4.50398e-07	AbsError: 6.86002e-08
Iteration: 60
  Device: "mos2d"	RelError: 6.57318e-03	AbsError: 4.16532e+13
    Region: "bulk"	RelError: 6.57277e-03	AbsError: 4.16532e+13
      Equation: "ElectronContinuityEquation"	RelError: 2.86579e-03	AbsError: 2.18695e+13
      Equation: "HoleContinuityEquation"	RelError: 2.85852e-03	AbsError: 1.97837e+13
      Equation: "PotentialEquation"	RelError: 8.48466e-04	AbsError: 7.40931e-05
    Region: "gate"	RelError: 1.66564e-09	AbsError: 8.10279e+10
      Equation: "ElectronContinuityEquation"	RelError: 8.15116e-10	AbsError: 8.10279e+10
      Equation: "HoleContinuityEquation"	RelError: 8.15116e-10	AbsError: 8.19983e-10
      Equation: "PotentialEquation"	RelError: 3.54092e-11	AbsError: 2.11011e-11
    Region: "oxide"	RelError: 4.06213e-07	AbsError: 6.18706e-08
      Equation: "PotentialEquation"	RelError: 4.06213e-07	AbsError: 6.18706e-08
Iteration: 61
  Device: "mos2d"	RelError: 6.23284e-03	AbsError: 3.94864e+13
    Region: "bulk"	RelError: 6.23247e-03	AbsError: 3.94864e+13
      Equation: "ElectronContinuityEquation"	RelError: 2.71771e-03	AbsError: 2.07265e+13
      Equation: "HoleContinuityEquation"	RelError: 2.71116e-03	AbsError: 1.87599e+13
      Equation: "PotentialEquation"	RelError: 8.03604e-04	AbsError: 7.02691e-05
    Region: "gate"	RelError: 1.50246e-09	AbsError: 7.30894e+10
      Equation: "ElectronContinuityEquation"	RelError: 7.35258e-10	AbsError: 7.30894e+10
      Equation: "HoleContinuityEquation"	RelError: 7.35258e-10	AbsError: 7.39648e-10
      Equation: "PotentialEquation"	RelError: 3.19402e-11	AbsError: 1.90338e-11
    Region: "oxide"	RelError: 3.66415e-07	AbsError: 5.58091e-08
      Equation: "PotentialEquation"	RelError: 3.66415e-07	AbsError: 5.58091e-08
Iteration: 62
  Device: "mos2d"	RelError: 5.91173e-03	AbsError: 3.74433e+13
    Region: "bulk"	RelError: 5.91140e-03	AbsError: 3.74433e+13
      Equation: "ElectronContinuityEquation"	RelError: 2.57796e-03	AbsError: 1.96495e+13
      Equation: "HoleContinuityEquation"	RelError: 2.57206e-03	AbsError: 1.77939e+13
      Equation: "PotentialEquation"	RelError: 7.61374e-04	AbsError: 6.66598e-05
    Region: "gate"	RelError: 1.35544e-09	AbsError: 6.59378e+10
      Equation: "ElectronContinuityEquation"	RelError: 6.63314e-10	AbsError: 6.59378e+10
      Equation: "HoleContinuityEquation"	RelError: 6.63314e-10	AbsError: 6.67274e-10
      Equation: "PotentialEquation"	RelError: 2.88149e-11	AbsError: 1.71714e-11
    Region: "oxide"	RelError: 3.30560e-07	AbsError: 5.03483e-08
      Equation: "PotentialEquation"	RelError: 3.30560e-07	AbsError: 5.03483e-08
Iteration: 63
  Device: "mos2d"	RelError: 5.60859e-03	AbsError: 3.55157e+13
    Region: "bulk"	RelError: 5.60829e-03	AbsError: 3.55157e+13
      Equation: "ElectronContinuityEquation"	RelError: 2.44600e-03	AbsError: 1.86338e+13
      Equation: "HoleContinuityEquation"	RelError: 2.44069e-03	AbsError: 1.68819e+13
      Equation: "PotentialEquation"	RelError: 7.21594e-04	AbsError: 6.32514e-05
    Region: "gate"	RelError: 1.22298e-09	AbsError: 5.94937e+10
      Equation: "ElectronContinuityEquation"	RelError: 5.98489e-10	AbsError: 5.94937e+10
      Equation: "HoleContinuityEquation"	RelError: 5.98489e-10	AbsError: 6.02062e-10
      Equation: "PotentialEquation"	RelError: 2.59988e-11	AbsError: 1.54932e-11
    Region: "oxide"	RelError: 2.98254e-07	AbsError: 4.54278e-08
      Equation: "PotentialEquation"	RelError: 2.98254e-07	AbsError: 4.54278e-08
Iteration: 64
  Device: "mos2d"	RelError: 5.32229e-03	AbsError: 3.36960e+13
    Region: "bulk"	RelError: 5.32202e-03	AbsError: 3.36960e+13
      Equation: "ElectronContinuityEquation"	RelError: 2.32135e-03	AbsError: 1.76755e+13
      Equation: "HoleContinuityEquation"	RelError: 2.31657e-03	AbsError: 1.60205e+13
      Equation: "PotentialEquation"	RelError: 6.84100e-04	AbsError: 6.00313e-05
    Region: "gate"	RelError: 1.10360e-09	AbsError: 5.36864e+10
      Equation: "ElectronContinuityEquation"	RelError: 5.40069e-10	AbsError: 5.36864e+10
      Equation: "HoleContinuityEquation"	RelError: 5.40069e-10	AbsError: 5.43293e-10
      Equation: "PotentialEquation"	RelError: 2.34610e-11	AbsError: 1.39809e-11
    Region: "oxide"	RelError: 2.69140e-07	AbsError: 4.09935e-08
      Equation: "PotentialEquation"	RelError: 2.69140e-07	AbsError: 4.09935e-08
Iteration: 65
  Device: "mos2d"	RelError: 5.05175e-03	AbsError: 3.19774e+13
    Region: "bulk"	RelError: 5.05151e-03	AbsError: 3.19774e+13
      Equation: "ElectronContinuityEquation"	RelError: 2.20354e-03	AbsError: 1.67708e+13
      Equation: "HoleContinuityEquation"	RelError: 2.19923e-03	AbsError: 1.52066e+13
      Equation: "PotentialEquation"	RelError: 6.48738e-04	AbsError: 5.69877e-05
    Region: "gate"	RelError: 9.95998e-10	AbsError: 4.84520e+10
      Equation: "ElectronContinuityEquation"	RelError: 4.87412e-10	AbsError: 4.84520e+10
      Equation: "HoleContinuityEquation"	RelError: 4.87412e-10	AbsError: 4.90322e-10
      Equation: "PotentialEquation"	RelError: 2.11735e-11	AbsError: 1.26177e-11
    Region: "oxide"	RelError: 2.42898e-07	AbsError: 3.69967e-08
      Equation: "PotentialEquation"	RelError: 2.42898e-07	AbsError: 3.69967e-08
Iteration: 66
  Device: "mos2d"	RelError: 4.79601e-03	AbsError: 3.03534e+13
    Region: "bulk"	RelError: 4.79579e-03	AbsError: 3.03534e+13
      Equation: "ElectronContinuityEquation"	RelError: 2.09216e-03	AbsError: 1.59162e+13
      Equation: "HoleContinuityEquation"	RelError: 2.08826e-03	AbsError: 1.44371e+13
      Equation: "PotentialEquation"	RelError: 6.15370e-04	AbsError: 5.41096e-05
    Region: "gate"	RelError: 8.99000e-10	AbsError: 4.37333e+10
      Equation: "ElectronContinuityEquation"	RelError: 4.39944e-10	AbsError: 4.37333e+10
      Equation: "HoleContinuityEquation"	RelError: 4.39944e-10	AbsError: 4.42571e-10
      Equation: "PotentialEquation"	RelError: 1.91115e-11	AbsError: 1.13890e-11
    Region: "oxide"	RelError: 2.19242e-07	AbsError: 3.33937e-08
      Equation: "PotentialEquation"	RelError: 2.19242e-07	AbsError: 3.33937e-08
Iteration: 67
  Device: "mos2d"	RelError: 4.55414e-03	AbsError: 2.88181e+13
    Region: "bulk"	RelError: 4.55394e-03	AbsError: 2.88181e+13
      Equation: "ElectronContinuityEquation"	RelError: 1.98679e-03	AbsError: 1.51087e+13
      Equation: "HoleContinuityEquation"	RelError: 1.98328e-03	AbsError: 1.37094e+13
      Equation: "PotentialEquation"	RelError: 5.83865e-04	AbsError: 5.13871e-05
    Region: "gate"	RelError: 8.11548e-10	AbsError: 3.94791e+10
      Equation: "ElectronContinuityEquation"	RelError: 3.97148e-10	AbsError: 3.94791e+10
      Equation: "HoleContinuityEquation"	RelError: 3.97148e-10	AbsError: 3.99519e-10
      Equation: "PotentialEquation"	RelError: 1.72523e-11	AbsError: 1.02810e-11
    Region: "oxide"	RelError: 1.97914e-07	AbsError: 3.01453e-08
      Equation: "PotentialEquation"	RelError: 1.97914e-07	AbsError: 3.01453e-08
Iteration: 68
  Device: "mos2d"	RelError: 4.32531e-03	AbsError: 2.73661e+13
    Region: "bulk"	RelError: 4.32513e-03	AbsError: 2.73661e+13
      Equation: "ElectronContinuityEquation"	RelError: 1.88710e-03	AbsError: 1.43453e+13
      Equation: "HoleContinuityEquation"	RelError: 1.88393e-03	AbsError: 1.30209e+13
      Equation: "PotentialEquation"	RelError: 5.54106e-04	AbsError: 4.88106e-05
    Region: "gate"	RelError: 7.32693e-10	AbsError: 3.56431e+10
      Equation: "ElectronContinuityEquation"	RelError: 3.58559e-10	AbsError: 3.56431e+10
      Equation: "HoleContinuityEquation"	RelError: 3.58559e-10	AbsError: 3.60699e-10
      Equation: "PotentialEquation"	RelError: 1.55760e-11	AbsError: 9.28208e-12
    Region: "oxide"	RelError: 1.78682e-07	AbsError: 2.72162e-08
      Equation: "PotentialEquation"	RelError: 1.78682e-07	AbsError: 2.72162e-08
Iteration: 69
  Device: "mos2d"	RelError: 4.10873e-03	AbsError: 2.59923e+13
    Region: "bulk"	RelError: 4.10857e-03	AbsError: 2.59923e+13
      Equation: "ElectronContinuityEquation"	RelError: 1.79273e-03	AbsError: 1.36232e+13
      Equation: "HoleContinuityEquation"	RelError: 1.78986e-03	AbsError: 1.23692e+13
      Equation: "PotentialEquation"	RelError: 5.25983e-04	AbsError: 4.63716e-05
    Region: "gate"	RelError: 6.61581e-10	AbsError: 3.21837e+10
      Equation: "ElectronContinuityEquation"	RelError: 3.23759e-10	AbsError: 3.21837e+10
      Equation: "HoleContinuityEquation"	RelError: 3.23758e-10	AbsError: 3.25691e-10
      Equation: "PotentialEquation"	RelError: 1.40644e-11	AbsError: 8.38125e-12
    Region: "oxide"	RelError: 1.61340e-07	AbsError: 2.45748e-08
      Equation: "PotentialEquation"	RelError: 1.61340e-07	AbsError: 2.45748e-08
Iteration: 70
  Device: "mos2d"	RelError: 3.90368e-03	AbsError: 2.46929e+13
    Region: "bulk"	RelError: 3.90353e-03	AbsError: 2.46929e+13
      Equation: "ElectronContinuityEquation"	RelError: 1.70336e-03	AbsError: 1.29399e+13
      Equation: "HoleContinuityEquation"	RelError: 1.70078e-03	AbsError: 1.17530e+13
      Equation: "PotentialEquation"	RelError: 4.99393e-04	AbsError: 4.40618e-05
    Region: "gate"	RelError: 5.97445e-10	AbsError: 2.90637e+10
      Equation: "ElectronContinuityEquation"	RelError: 2.92372e-10	AbsError: 2.90637e+10
      Equation: "HoleContinuityEquation"	RelError: 2.92372e-10	AbsError: 2.94118e-10
      Equation: "PotentialEquation"	RelError: 1.27008e-11	AbsError: 7.56865e-12
    Region: "oxide"	RelError: 1.45698e-07	AbsError: 2.21924e-08
      Equation: "PotentialEquation"	RelError: 1.45698e-07	AbsError: 2.21924e-08
Iteration: 71
  Device: "mos2d"	RelError: 3.70947e-03	AbsError: 2.34810e+13
    Region: "bulk"	RelError: 3.70934e-03	AbsError: 2.34810e+13
      Equation: "ElectronContinuityEquation"	RelError: 1.61871e-03	AbsError: 1.22932e+13
      Equation: "HoleContinuityEquation"	RelError: 1.61638e-03	AbsError: 1.11879e+13
      Equation: "PotentialEquation"	RelError: 4.74244e-04	AbsError: 4.18737e-05
    Region: "gate"	RelError: 5.39594e-10	AbsError: 2.62494e+10
      Equation: "ElectronContinuityEquation"	RelError: 2.64061e-10	AbsError: 2.62494e+10
      Equation: "HoleContinuityEquation"	RelError: 2.64061e-10	AbsError: 2.65638e-10
      Equation: "PotentialEquation"	RelError: 1.14711e-11	AbsError: 6.83584e-12
    Region: "oxide"	RelError: 1.31589e-07	AbsError: 2.00435e-08
      Equation: "PotentialEquation"	RelError: 1.31589e-07	AbsError: 2.00435e-08
Iteration: 72
  Device: "mos2d"	RelError: 3.52547e-03	AbsError: 2.23314e+13
    Region: "bulk"	RelError: 3.52535e-03	AbsError: 2.23314e+13
      Equation: "ElectronContinuityEquation"	RelError: 1.53851e-03	AbsError: 1.16807e+13
      Equation: "HoleContinuityEquation"	RelError: 1.53640e-03	AbsError: 1.06506e+13
      Equation: "PotentialEquation"	RelError: 4.50447e-04	AbsError: 3.98003e-05
    Region: "gate"	RelError: 4.87406e-10	AbsError: 2.37107e+10
      Equation: "ElectronContinuityEquation"	RelError: 2.38522e-10	AbsError: 2.37107e+10
      Equation: "HoleContinuityEquation"	RelError: 2.38522e-10	AbsError: 2.39946e-10
      Equation: "PotentialEquation"	RelError: 1.03615e-11	AbsError: 6.17465e-12
    Region: "oxide"	RelError: 1.18862e-07	AbsError: 1.81050e-08
      Equation: "PotentialEquation"	RelError: 1.18862e-07	AbsError: 1.81050e-08
Iteration: 73
  Device: "mos2d"	RelError: 3.35110e-03	AbsError: 2.12405e+13
    Region: "bulk"	RelError: 3.35099e-03	AbsError: 2.12405e+13
      Equation: "ElectronContinuityEquation"	RelError: 1.46249e-03	AbsError: 1.11006e+13
      Equation: "HoleContinuityEquation"	RelError: 1.46058e-03	AbsError: 1.01399e+13
      Equation: "PotentialEquation"	RelError: 4.27921e-04	AbsError: 3.78350e-05
    Region: "gate"	RelError: 4.40323e-10	AbsError: 2.14202e+10
      Equation: "ElectronContinuityEquation"	RelError: 2.15481e-10	AbsError: 2.14202e+10
      Equation: "HoleContinuityEquation"	RelError: 2.15481e-10	AbsError: 2.16767e-10
      Equation: "PotentialEquation"	RelError: 9.36069e-12	AbsError: 5.57823e-12
    Region: "oxide"	RelError: 1.07379e-07	AbsError: 1.63561e-08
      Equation: "PotentialEquation"	RelError: 1.07379e-07	AbsError: 1.63561e-08
Iteration: 74
  Device: "mos2d"	RelError: 3.18579e-03	AbsError: 2.02052e+13
    Region: "bulk"	RelError: 3.18570e-03	AbsError: 2.02052e+13
      Equation: "ElectronContinuityEquation"	RelError: 1.39041e-03	AbsError: 1.05510e+13
      Equation: "HoleContinuityEquation"	RelError: 1.38869e-03	AbsError: 9.65420e+12
      Equation: "PotentialEquation"	RelError: 4.06591e-04	AbsError: 3.59716e-05
    Region: "gate"	RelError: 3.97840e-10	AbsError: 1.93536e+10
      Equation: "ElectronContinuityEquation"	RelError: 1.94691e-10	AbsError: 1.93536e+10
      Equation: "HoleContinuityEquation"	RelError: 1.94691e-10	AbsError: 1.95854e-10
      Equation: "PotentialEquation"	RelError: 8.45757e-12	AbsError: 5.04004e-12
    Region: "oxide"	RelError: 9.70186e-08	AbsError: 1.47781e-08
      Equation: "PotentialEquation"	RelError: 9.70186e-08	AbsError: 1.47781e-08
Iteration: 75
  Device: "mos2d"	RelError: 3.02905e-03	AbsError: 1.92223e+13
    Region: "bulk"	RelError: 3.02896e-03	AbsError: 1.92223e+13
      Equation: "ElectronContinuityEquation"	RelError: 1.32207e-03	AbsError: 1.00300e+13
      Equation: "HoleContinuityEquation"	RelError: 1.32051e-03	AbsError: 9.19232e+12
      Equation: "PotentialEquation"	RelError: 3.86387e-04	AbsError: 3.42044e-05
    Region: "gate"	RelError: 3.59505e-10	AbsError: 1.74887e+10
      Equation: "ElectronContinuityEquation"	RelError: 1.75931e-10	AbsError: 1.74887e+10
      Equation: "HoleContinuityEquation"	RelError: 1.75931e-10	AbsError: 1.76982e-10
      Equation: "PotentialEquation"	RelError: 7.64252e-12	AbsError: 4.55433e-12
    Region: "oxide"	RelError: 8.76696e-08	AbsError: 1.33541e-08
      Equation: "PotentialEquation"	RelError: 8.76696e-08	AbsError: 1.33541e-08
Iteration: 76
  Device: "mos2d"	RelError: 2.88038e-03	AbsError: 1.82890e+13
    Region: "bulk"	RelError: 2.88030e-03	AbsError: 1.82890e+13
      Equation: "ElectronContinuityEquation"	RelError: 1.25723e-03	AbsError: 9.53601e+12
      Equation: "HoleContinuityEquation"	RelError: 1.25582e-03	AbsError: 8.75303e+12
      Equation: "PotentialEquation"	RelError: 3.67243e-04	AbsError: 3.25280e-05
    Region: "gate"	RelError: 3.24910e-10	AbsError: 1.58058e+10
      Equation: "ElectronContinuityEquation"	RelError: 1.59002e-10	AbsError: 1.58058e+10
      Equation: "HoleContinuityEquation"	RelError: 1.59002e-10	AbsError: 1.59951e-10
      Equation: "PotentialEquation"	RelError: 6.90710e-12	AbsError: 4.11608e-12
    Region: "oxide"	RelError: 7.92326e-08	AbsError: 1.20691e-08
      Equation: "PotentialEquation"	RelError: 7.92326e-08	AbsError: 1.20691e-08
Iteration: 77
  Device: "mos2d"	RelError: 2.73933e-03	AbsError: 1.74027e+13
    Region: "bulk"	RelError: 2.73926e-03	AbsError: 1.74027e+13
      Equation: "ElectronContinuityEquation"	RelError: 1.19572e-03	AbsError: 9.06756e+12
      Equation: "HoleContinuityEquation"	RelError: 1.19444e-03	AbsError: 8.33518e+12
      Equation: "PotentialEquation"	RelError: 3.49099e-04	AbsError: 3.09373e-05
    Region: "gate"	RelError: 2.93686e-10	AbsError: 1.42869e+10
      Equation: "ElectronContinuityEquation"	RelError: 1.43722e-10	AbsError: 1.42869e+10
      Equation: "HoleContinuityEquation"	RelError: 1.43721e-10	AbsError: 1.44580e-10
      Equation: "PotentialEquation"	RelError: 6.24343e-12	AbsError: 3.72059e-12
    Region: "oxide"	RelError: 7.16179e-08	AbsError: 1.09092e-08
      Equation: "PotentialEquation"	RelError: 7.16179e-08	AbsError: 1.09092e-08
Iteration: 78
  Device: "mos2d"	RelError: 2.60549e-03	AbsError: 1.65609e+13
    Region: "bulk"	RelError: 2.60543e-03	AbsError: 1.65609e+13
      Equation: "ElectronContinuityEquation"	RelError: 1.13734e-03	AbsError: 8.62320e+12
      Equation: "HoleContinuityEquation"	RelError: 1.13619e-03	AbsError: 7.93768e+12
      Equation: "PotentialEquation"	RelError: 3.31897e-04	AbsError: 2.94277e-05
    Region: "gate"	RelError: 2.65503e-10	AbsError: 1.29158e+10
      Equation: "ElectronContinuityEquation"	RelError: 1.29929e-10	AbsError: 1.29158e+10
      Equation: "HoleContinuityEquation"	RelError: 1.29929e-10	AbsError: 1.30705e-10
      Equation: "PotentialEquation"	RelError: 5.64423e-12	AbsError: 3.36351e-12
    Region: "oxide"	RelError: 6.47447e-08	AbsError: 9.86235e-09
      Equation: "PotentialEquation"	RelError: 6.47447e-08	AbsError: 9.86235e-09
Iteration: 79
  Device: "mos2d"	RelError: 2.47846e-03	AbsError: 1.57611e+13
    Region: "bulk"	RelError: 2.47840e-03	AbsError: 1.57611e+13
      Equation: "ElectronContinuityEquation"	RelError: 1.08193e-03	AbsError: 8.20157e+12
      Equation: "HoleContinuityEquation"	RelError: 1.08089e-03	AbsError: 7.55950e+12
      Equation: "PotentialEquation"	RelError: 3.15583e-04	AbsError: 2.79946e-05
    Region: "gate"	RelError: 2.40061e-10	AbsError: 1.16782e+10
      Equation: "ElectronContinuityEquation"	RelError: 1.17479e-10	AbsError: 1.16782e+10
      Equation: "HoleContinuityEquation"	RelError: 1.17479e-10	AbsError: 1.18180e-10
      Equation: "PotentialEquation"	RelError: 5.10334e-12	AbsError: 3.04118e-12
    Region: "oxide"	RelError: 5.85401e-08	AbsError: 8.91732e-09
      Equation: "PotentialEquation"	RelError: 5.85401e-08	AbsError: 8.91732e-09
