Searching DEVSIM_MATH_LIBS="C:\Users\T590\anaconda3\envs\devsim_env\Library\bin\mkl_rt.2.dll;C:\Users\T590\anaconda3\envs\devsim_env\Library\bin\mkl_rt.2.dll;C:\Users\T590\anaconda3\envs\devsim_env\Library\bin\mkl_rt.2.dll"
Loading "C:\Users\T590\anaconda3\envs\devsim_env\Library\bin\mkl_rt.2.dll": Intel MKL with PARDISO LOADED
Skipping C:\Users\T590\anaconda3\envs\devsim_env\Library\bin\mkl_rt.2.dll
Skipping C:\Users\T590\anaconda3\envs\devsim_env\Library\bin\mkl_rt.2.dll
Physical group name body_contact has 0 Tetrahedra.
Physical group name body_contact has 0 Triangles.
Physical group name body_contact has 50 Lines.
Physical group name body_contact has 51 Points.
Physical group name bulk has 0 Tetrahedra.
Physical group name bulk has 2403 Triangles.
Physical group name bulk has 3714 Lines.
Physical group name bulk has 1312 Points.
Physical group name bulk_oxide_interface has 0 Tetrahedra.
Physical group name bulk_oxide_interface has 0 Triangles.
Physical group name bulk_oxide_interface has 91 Lines.
Physical group name bulk_oxide_interface has 92 Points.
Physical group name drain_contact has 0 Tetrahedra.
Physical group name drain_contact has 0 Triangles.
Physical group name drain_contact has 20 Lines.
Physical group name drain_contact has 21 Points.
Physical group name gate has 0 Tetrahedra.
Physical group name gate has 104 Triangles.
Physical group name gate has 168 Lines.
Physical group name gate has 65 Points.
Physical group name gate_contact has 0 Tetrahedra.
Physical group name gate_contact has 0 Triangles.
Physical group name gate_contact has 4 Lines.
Physical group name gate_contact has 5 Points.
Physical group name gate_oxide_interface has 0 Tetrahedra.
Physical group name gate_oxide_interface has 0 Triangles.
Physical group name gate_oxide_interface has 10 Lines.
Physical group name gate_oxide_interface has 11 Points.
Physical group name oxide has 0 Tetrahedra.
Physical group name oxide has 223 Triangles.
Physical group name oxide has 386 Lines.
Physical group name oxide has 164 Points.
Physical group name source_contact has 0 Tetrahedra.
Physical group name source_contact has 0 Triangles.
Physical group name source_contact has 20 Lines.
Physical group name source_contact has 21 Points.
Device mos2d has 1438 coordinates with max index 1438
Region bulk has 1312 nodes.
Region gate has 65 nodes.
Region oxide has 164 nodes.
Contact body in region bulk with 51 nodes
Contact drain in region bulk with 21 nodes
Contact gate in region gate with 5 nodes
Contact source in region bulk with 21 nodes
Warning, contact "drain" shares a node with interface "bulk_oxide"
Warning, contact "source" shares a node with interface "bulk_oxide"
Adding interface bulk_oxide with 92, 92 nodes
Adding interface gate_oxide with 11, 11 nodes
bulk body
bulk drain
gate gate
bulk source
number of equations 1541
Iteration: 0
  Device: "mos2d"	RelError: 3.00000e+00	AbsError: 2.56157e-01
    Region: "bulk"	RelError: 1.00000e+00	AbsError: 2.45405e-01
      Equation: "PotentialEquation"	RelError: 1.00000e+00	AbsError: 2.45405e-01
    Region: "gate"	RelError: 1.00000e+00	AbsError: 2.56157e-01
      Equation: "PotentialEquation"	RelError: 1.00000e+00	AbsError: 2.56157e-01
    Region: "oxide"	RelError: 1.00000e+00	AbsError: 2.54692e-01
      Equation: "PotentialEquation"	RelError: 1.00000e+00	AbsError: 2.54692e-01
Iteration: 1
  Device: "mos2d"	RelError: 1.49755e+00	AbsError: 2.55183e-01
    Region: "bulk"	RelError: 4.99193e-01	AbsError: 2.43984e-01
      Equation: "PotentialEquation"	RelError: 4.99193e-01	AbsError: 2.43984e-01
    Region: "gate"	RelError: 4.99282e-01	AbsError: 2.55183e-01
      Equation: "PotentialEquation"	RelError: 4.99282e-01	AbsError: 2.55183e-01
    Region: "oxide"	RelError: 4.99074e-01	AbsError: 2.53648e-01
      Equation: "PotentialEquation"	RelError: 4.99074e-01	AbsError: 2.53648e-01
Iteration: 2
  Device: "mos2d"	RelError: 1.92696e+00	AbsError: 1.60272e-01
    Region: "bulk"	RelError: 1.45244e+00	AbsError: 1.60272e-01
      Equation: "PotentialEquation"	RelError: 1.45244e+00	AbsError: 1.60272e-01
    Region: "gate"	RelError: 3.16582e-01	AbsError: 1.30625e-01
      Equation: "PotentialEquation"	RelError: 3.16582e-01	AbsError: 1.30625e-01
    Region: "oxide"	RelError: 1.57944e-01	AbsError: 9.40813e-02
      Equation: "PotentialEquation"	RelError: 1.57944e-01	AbsError: 9.40813e-02
Iteration: 3
  Device: "mos2d"	RelError: 1.06896e+03	AbsError: 1.07198e-01
    Region: "bulk"	RelError: 1.06867e+03	AbsError: 1.07198e-01
      Equation: "PotentialEquation"	RelError: 1.06867e+03	AbsError: 1.07198e-01
    Region: "gate"	RelError: 2.29097e-01	AbsError: 7.00000e-02
      Equation: "PotentialEquation"	RelError: 2.29097e-01	AbsError: 7.00000e-02
    Region: "oxide"	RelError: 5.70818e-02	AbsError: 2.90459e-02
      Equation: "PotentialEquation"	RelError: 5.70818e-02	AbsError: 2.90459e-02
Iteration: 4
  Device: "mos2d"	RelError: 3.84352e+02	AbsError: 1.24786e-01
    Region: "bulk"	RelError: 3.84125e+02	AbsError: 1.24786e-01
      Equation: "PotentialEquation"	RelError: 3.84125e+02	AbsError: 1.24786e-01
    Region: "gate"	RelError: 1.75024e-01	AbsError: 6.48239e-02
      Equation: "PotentialEquation"	RelError: 1.75024e-01	AbsError: 6.48239e-02
    Region: "oxide"	RelError: 5.19682e-02	AbsError: 2.48110e-02
      Equation: "PotentialEquation"	RelError: 5.19682e-02	AbsError: 2.48110e-02
Iteration: 5
  Device: "mos2d"	RelError: 2.26071e+02	AbsError: 1.40227e-01
    Region: "bulk"	RelError: 2.25873e+02	AbsError: 1.40227e-01
      Equation: "PotentialEquation"	RelError: 2.25873e+02	AbsError: 1.40227e-01
    Region: "gate"	RelError: 1.37182e-01	AbsError: 5.88866e-02
      Equation: "PotentialEquation"	RelError: 1.37182e-01	AbsError: 5.88866e-02
    Region: "oxide"	RelError: 6.12109e-02	AbsError: 2.58623e-02
      Equation: "PotentialEquation"	RelError: 6.12109e-02	AbsError: 2.58623e-02
Iteration: 6
  Device: "mos2d"	RelError: 1.55452e+03	AbsError: 1.49405e-01
    Region: "bulk"	RelError: 1.55435e+03	AbsError: 1.49405e-01
      Equation: "PotentialEquation"	RelError: 1.55435e+03	AbsError: 1.49405e-01
    Region: "gate"	RelError: 1.08015e-01	AbsError: 5.19808e-02
      Equation: "PotentialEquation"	RelError: 1.08015e-01	AbsError: 5.19808e-02
    Region: "oxide"	RelError: 6.33684e-02	AbsError: 2.57997e-02
      Equation: "PotentialEquation"	RelError: 6.33684e-02	AbsError: 2.57997e-02
Iteration: 7
  Device: "mos2d"	RelError: 4.20908e+02	AbsError: 1.49113e-01
    Region: "bulk"	RelError: 4.20693e+02	AbsError: 1.49113e-01
      Equation: "PotentialEquation"	RelError: 4.20693e+02	AbsError: 1.49113e-01
    Region: "gate"	RelError: 8.34915e-02	AbsError: 4.38395e-02
      Equation: "PotentialEquation"	RelError: 8.34915e-02	AbsError: 4.38395e-02
    Region: "oxide"	RelError: 1.31855e-01	AbsError: 4.82865e-02
      Equation: "PotentialEquation"	RelError: 1.31855e-01	AbsError: 4.82865e-02
Iteration: 8
  Device: "mos2d"	RelError: 6.34437e+01	AbsError: 1.29983e-01
    Region: "bulk"	RelError: 6.31643e+01	AbsError: 1.29983e-01
      Equation: "PotentialEquation"	RelError: 6.31643e+01	AbsError: 1.29983e-01
    Region: "gate"	RelError: 6.11043e-02	AbsError: 3.41726e-02
      Equation: "PotentialEquation"	RelError: 6.11043e-02	AbsError: 3.41726e-02
    Region: "oxide"	RelError: 2.18322e-01	AbsError: 6.55739e-02
      Equation: "PotentialEquation"	RelError: 2.18322e-01	AbsError: 6.55739e-02
Iteration: 9
  Device: "mos2d"	RelError: 3.94534e+03	AbsError: 1.10869e-01
    Region: "bulk"	RelError: 3.94508e+03	AbsError: 1.10869e-01
      Equation: "PotentialEquation"	RelError: 3.94508e+03	AbsError: 1.10869e-01
    Region: "gate"	RelError: 3.93513e-02	AbsError: 2.29087e-02
      Equation: "PotentialEquation"	RelError: 3.93513e-02	AbsError: 2.29087e-02
    Region: "oxide"	RelError: 2.24126e-01	AbsError: 5.49920e-02
      Equation: "PotentialEquation"	RelError: 2.24126e-01	AbsError: 5.49920e-02
Iteration: 10
  Device: "mos2d"	RelError: 2.04522e+02	AbsError: 9.07024e-02
    Region: "bulk"	RelError: 2.04361e+02	AbsError: 9.07024e-02
      Equation: "PotentialEquation"	RelError: 2.04361e+02	AbsError: 9.07024e-02
    Region: "gate"	RelError: 2.33454e-02	AbsError: 1.39156e-02
      Equation: "PotentialEquation"	RelError: 2.33454e-02	AbsError: 1.39156e-02
    Region: "oxide"	RelError: 1.38502e-01	AbsError: 2.98490e-02
      Equation: "PotentialEquation"	RelError: 1.38502e-01	AbsError: 2.98490e-02
Iteration: 11
  Device: "mos2d"	RelError: 1.99661e+02	AbsError: 7.07510e-02
    Region: "bulk"	RelError: 1.99564e+02	AbsError: 7.07510e-02
      Equation: "PotentialEquation"	RelError: 1.99564e+02	AbsError: 7.07510e-02
    Region: "gate"	RelError: 2.58996e-05	AbsError: 1.54347e-05
      Equation: "PotentialEquation"	RelError: 2.58996e-05	AbsError: 1.54347e-05
    Region: "oxide"	RelError: 9.69737e-02	AbsError: 2.57007e-02
      Equation: "PotentialEquation"	RelError: 9.69737e-02	AbsError: 2.57007e-02
Iteration: 12
  Device: "mos2d"	RelError: 5.63230e+00	AbsError: 5.12676e-02
    Region: "bulk"	RelError: 5.54419e+00	AbsError: 5.12676e-02
      Equation: "PotentialEquation"	RelError: 5.54419e+00	AbsError: 5.12676e-02
    Region: "gate"	RelError: 1.10280e-05	AbsError: 6.57215e-06
      Equation: "PotentialEquation"	RelError: 1.10280e-05	AbsError: 6.57215e-06
    Region: "oxide"	RelError: 8.80980e-02	AbsError: 2.57165e-02
      Equation: "PotentialEquation"	RelError: 8.80980e-02	AbsError: 2.57165e-02
Iteration: 13
  Device: "mos2d"	RelError: 1.04743e+01	AbsError: 3.20743e-02
    Region: "bulk"	RelError: 1.04245e+01	AbsError: 3.20743e-02
      Equation: "PotentialEquation"	RelError: 1.04245e+01	AbsError: 3.20743e-02
    Region: "gate"	RelError: 3.80085e-06	AbsError: 2.26513e-06
      Equation: "PotentialEquation"	RelError: 3.80085e-06	AbsError: 2.26513e-06
    Region: "oxide"	RelError: 4.97231e-02	AbsError: 1.46559e-02
      Equation: "PotentialEquation"	RelError: 4.97231e-02	AbsError: 1.46559e-02
Iteration: 14
  Device: "mos2d"	RelError: 6.98886e-01	AbsError: 1.98082e-02
    Region: "bulk"	RelError: 6.93476e-01	AbsError: 1.98082e-02
      Equation: "PotentialEquation"	RelError: 6.93476e-01	AbsError: 1.98082e-02
    Region: "gate"	RelError: 8.15423e-07	AbsError: 4.85955e-07
      Equation: "PotentialEquation"	RelError: 8.15423e-07	AbsError: 4.85955e-07
    Region: "oxide"	RelError: 5.40831e-03	AbsError: 1.40402e-03
      Equation: "PotentialEquation"	RelError: 5.40831e-03	AbsError: 1.40402e-03
Iteration: 15
  Device: "mos2d"	RelError: 7.92141e-02	AbsError: 1.67119e-03
    Region: "bulk"	RelError: 7.85352e-02	AbsError: 1.67119e-03
      Equation: "PotentialEquation"	RelError: 7.85352e-02	AbsError: 1.67119e-03
    Region: "gate"	RelError: 1.02853e-07	AbsError: 6.12959e-08
      Equation: "PotentialEquation"	RelError: 1.02853e-07	AbsError: 6.12959e-08
    Region: "oxide"	RelError: 6.78746e-04	AbsError: 1.76325e-04
      Equation: "PotentialEquation"	RelError: 6.78746e-04	AbsError: 1.76325e-04
Iteration: 16
  Device: "mos2d"	RelError: 9.20961e-04	AbsError: 2.03264e-05
    Region: "bulk"	RelError: 9.13148e-04	AbsError: 2.03264e-05
      Equation: "PotentialEquation"	RelError: 9.13148e-04	AbsError: 2.03264e-05
    Region: "gate"	RelError: 1.17912e-09	AbsError: 7.02702e-10
      Equation: "PotentialEquation"	RelError: 1.17912e-09	AbsError: 7.02702e-10
    Region: "oxide"	RelError: 7.81133e-06	AbsError: 2.02924e-06
      Equation: "PotentialEquation"	RelError: 7.81133e-06	AbsError: 2.02924e-06
Iteration: 17
  Device: "mos2d"	RelError: 1.43171e-07	AbsError: 3.58805e-09
    Region: "bulk"	RelError: 1.41973e-07	AbsError: 3.58805e-09
      Equation: "PotentialEquation"	RelError: 1.41973e-07	AbsError: 3.58805e-09
    Region: "gate"	RelError: 1.79915e-13	AbsError: 1.07221e-13
      Equation: "PotentialEquation"	RelError: 1.79915e-13	AbsError: 1.07221e-13
    Region: "oxide"	RelError: 1.19778e-09	AbsError: 3.11161e-10
      Equation: "PotentialEquation"	RelError: 1.19778e-09	AbsError: 3.11161e-10
Iteration: 18
  Device: "mos2d"	RelError: 6.18117e-15	AbsError: 1.34676e-16
    Region: "bulk"	RelError: 5.72698e-15	AbsError: 1.34676e-16
      Equation: "PotentialEquation"	RelError: 5.72698e-15	AbsError: 1.34676e-16
    Region: "gate"	RelError: 2.08034e-16	AbsError: 1.24003e-16
      Equation: "PotentialEquation"	RelError: 2.08034e-16	AbsError: 1.24003e-16
    Region: "oxide"	RelError: 2.46162e-16	AbsError: 8.01990e-17
      Equation: "PotentialEquation"	RelError: 2.46162e-16	AbsError: 8.01990e-17
number of equations 1541
Iteration: 0
  Device: "mos2d"	RelError: 3.95185e-15	AbsError: 1.30072e-16
    Region: "bulk"	RelError: 3.55626e-15	AbsError: 1.27837e-16
      Equation: "PotentialEquation"	RelError: 3.55626e-15	AbsError: 1.27837e-16
    Region: "gate"	RelError: 2.18214e-16	AbsError: 1.30072e-16
      Equation: "PotentialEquation"	RelError: 2.18214e-16	AbsError: 1.30072e-16
    Region: "oxide"	RelError: 1.77380e-16	AbsError: 1.05712e-16
      Equation: "PotentialEquation"	RelError: 1.77380e-16	AbsError: 1.05712e-16
Warning: Replacing equation with equation of the same name.
Region: gate, Equation: PotentialEquation, Variable: Potential
Warning: Replacing equation with equation of the same name.
Region: bulk, Equation: PotentialEquation, Variable: Potential
number of equations 4295
Iteration: 0
  Device: "mos2d"	RelError: 4.16836e-11	AbsError: 4.79203e+05
    Region: "bulk"	RelError: 4.16736e-11	AbsError: 2.57336e+05
      Equation: "ElectronContinuityEquation"	RelError: 2.59664e-11	AbsError: 2.48120e+05
      Equation: "HoleContinuityEquation"	RelError: 1.56817e-11	AbsError: 9.21600e+03
      Equation: "PotentialEquation"	RelError: 2.55641e-14	AbsError: 4.97382e-16
    Region: "gate"	RelError: 9.69691e-15	AbsError: 4.79203e+05
      Equation: "ElectronContinuityEquation"	RelError: 4.79204e-15	AbsError: 4.79203e+05
      Equation: "HoleContinuityEquation"	RelError: 4.74611e-15	AbsError: 4.74612e-15
      Equation: "PotentialEquation"	RelError: 1.58766e-16	AbsError: 9.46362e-17
    Region: "oxide"	RelError: 2.37141e-16	AbsError: 8.45284e-17
      Equation: "PotentialEquation"	RelError: 2.37141e-16	AbsError: 8.45284e-17
=== SWEEP_START IDVD_VG1P0 ===
number of equations 4295
Iteration: 0
  Device: "mos2d"	RelError: 4.86153e-12	AbsError: 8.08853e+03
    Region: "bulk"	RelError: 4.86094e-12	AbsError: 6.11637e+03
      Equation: "ElectronContinuityEquation"	RelError: 2.07043e-12	AbsError: 5.67797e+03
      Equation: "HoleContinuityEquation"	RelError: 2.77129e-12	AbsError: 4.38401e+02
      Equation: "PotentialEquation"	RelError: 1.92214e-14	AbsError: 4.43574e-16
    Region: "gate"	RelError: 3.24058e-16	AbsError: 8.08853e+03
      Equation: "ElectronContinuityEquation"	RelError: 8.08853e-17	AbsError: 8.08853e+03
      Equation: "HoleContinuityEquation"	RelError: 1.57810e-16	AbsError: 1.57810e-16
      Equation: "PotentialEquation"	RelError: 8.53634e-17	AbsError: 5.08830e-17
    Region: "oxide"	RelError: 2.57433e-16	AbsError: 8.40760e-17
      Equation: "PotentialEquation"	RelError: 2.57433e-16	AbsError: 8.40760e-17
gate last end 0.000000e+00 5.000000e-01
number of equations 4295
Iteration: 0
  Device: "mos2d"	RelError: 1.84441e+00	AbsError: 6.71518e+16
    Region: "bulk"	RelError: 1.76881e+00	AbsError: 6.71518e+16
      Equation: "ElectronContinuityEquation"	RelError: 3.10089e-01	AbsError: 6.67875e+16
      Equation: "HoleContinuityEquation"	RelError: 8.16405e-01	AbsError: 3.64357e+14
      Equation: "PotentialEquation"	RelError: 6.42320e-01	AbsError: 1.16353e-02
    Region: "gate"	RelError: 3.30125e-02	AbsError: 2.72789e+16
      Equation: "ElectronContinuityEquation"	RelError: 2.73814e-04	AbsError: 2.72789e+16
      Equation: "HoleContinuityEquation"	RelError: 2.73664e-04	AbsError: 2.74693e-04
      Equation: "PotentialEquation"	RelError: 3.24650e-02	AbsError: 2.00000e-02
    Region: "oxide"	RelError: 4.25793e-02	AbsError: 1.99970e-02
      Equation: "PotentialEquation"	RelError: 4.25793e-02	AbsError: 1.99970e-02
Iteration: 1
  Device: "mos2d"	RelError: 2.15158e-01	AbsError: 2.79185e+15
    Region: "bulk"	RelError: 2.14929e-01	AbsError: 2.79185e+15
      Equation: "ElectronContinuityEquation"	RelError: 7.41907e-02	AbsError: 2.78651e+15
      Equation: "HoleContinuityEquation"	RelError: 1.37988e-01	AbsError: 5.34262e+12
      Equation: "PotentialEquation"	RelError: 2.75020e-03	AbsError: 9.17861e-05
    Region: "gate"	RelError: 2.96794e-06	AbsError: 1.41066e+14
      Equation: "ElectronContinuityEquation"	RelError: 1.41596e-06	AbsError: 1.41066e+14
      Equation: "HoleContinuityEquation"	RelError: 1.49089e-06	AbsError: 1.49650e-06
      Equation: "PotentialEquation"	RelError: 6.10823e-08	AbsError: 3.76253e-08
    Region: "oxide"	RelError: 2.25597e-04	AbsError: 9.13397e-05
      Equation: "PotentialEquation"	RelError: 2.25597e-04	AbsError: 9.13397e-05
Iteration: 2
  Device: "mos2d"	RelError: 1.75625e-04	AbsError: 7.23700e+11
    Region: "bulk"	RelError: 1.75584e-04	AbsError: 7.23700e+11
      Equation: "ElectronContinuityEquation"	RelError: 8.96941e-05	AbsError: 7.23349e+11
      Equation: "HoleContinuityEquation"	RelError: 8.52607e-05	AbsError: 3.51276e+08
      Equation: "PotentialEquation"	RelError: 6.29025e-07	AbsError: 1.70308e-08
    Region: "gate"	RelError: 3.54516e-10	AbsError: 1.73748e+10
      Equation: "ElectronContinuityEquation"	RelError: 1.74155e-10	AbsError: 1.73748e+10
      Equation: "HoleContinuityEquation"	RelError: 1.73064e-10	AbsError: 1.73470e-10
      Equation: "PotentialEquation"	RelError: 7.29633e-12	AbsError: 4.49464e-12
    Region: "oxide"	RelError: 4.05554e-08	AbsError: 1.70308e-08
      Equation: "PotentialEquation"	RelError: 4.05554e-08	AbsError: 1.70308e-08
Iteration: 3
  Device: "mos2d"	RelError: 6.85645e-11	AbsError: 7.02169e+04
    Region: "bulk"	RelError: 6.85603e-11	AbsError: 7.02169e+04
      Equation: "ElectronContinuityEquation"	RelError: 1.79312e-11	AbsError: 6.96382e+04
      Equation: "HoleContinuityEquation"	RelError: 5.05714e-11	AbsError: 5.78649e+02
      Equation: "PotentialEquation"	RelError: 5.77133e-14	AbsError: 1.19471e-15
    Region: "gate"	RelError: 4.26721e-16	AbsError: 8.72610e+03
      Equation: "ElectronContinuityEquation"	RelError: 8.74655e-17	AbsError: 8.72610e+03
      Equation: "HoleContinuityEquation"	RelError: 2.50586e-16	AbsError: 2.51528e-16
      Equation: "PotentialEquation"	RelError: 8.86691e-17	AbsError: 5.46268e-17
    Region: "oxide"	RelError: 3.70479e-15	AbsError: 1.19471e-15
      Equation: "PotentialEquation"	RelError: 3.70479e-15	AbsError: 1.19471e-15
Succeeded
gate last end 2.000000e-02 5.000000e-01
number of equations 4295
Iteration: 0
  Device: "mos2d"	RelError: 2.92955e+00	AbsError: 7.27067e+16
    Region: "bulk"	RelError: 2.85691e+00	AbsError: 7.27067e+16
      Equation: "ElectronContinuityEquation"	RelError: 3.09010e-01	AbsError: 7.23523e+16
      Equation: "HoleContinuityEquation"	RelError: 8.08970e-01	AbsError: 3.54402e+14
      Equation: "PotentialEquation"	RelError: 1.73893e+00	AbsError: 1.15767e-02
    Region: "gate"	RelError: 3.19975e-02	AbsError: 2.75637e+16
      Equation: "ElectronContinuityEquation"	RelError: 2.76749e-04	AbsError: 2.75637e+16
      Equation: "HoleContinuityEquation"	RelError: 2.76596e-04	AbsError: 2.77713e-04
      Equation: "PotentialEquation"	RelError: 3.14441e-02	AbsError: 2.00000e-02
    Region: "oxide"	RelError: 4.06465e-02	AbsError: 1.99970e-02
      Equation: "PotentialEquation"	RelError: 4.06465e-02	AbsError: 1.99970e-02
Iteration: 1
  Device: "mos2d"	RelError: 2.19017e-01	AbsError: 2.76086e+15
    Region: "bulk"	RelError: 2.18777e-01	AbsError: 2.76086e+15
      Equation: "ElectronContinuityEquation"	RelError: 7.33093e-02	AbsError: 2.75529e+15
      Equation: "HoleContinuityEquation"	RelError: 1.36614e-01	AbsError: 5.56384e+12
      Equation: "PotentialEquation"	RelError: 8.85368e-03	AbsError: 9.68552e-05
    Region: "gate"	RelError: 3.13420e-06	AbsError: 1.49155e+14
      Equation: "ElectronContinuityEquation"	RelError: 1.49757e-06	AbsError: 1.49155e+14
      Equation: "HoleContinuityEquation"	RelError: 1.57411e-06	AbsError: 1.58047e-06
      Equation: "PotentialEquation"	RelError: 6.25167e-08	AbsError: 3.97588e-08
    Region: "oxide"	RelError: 2.37042e-04	AbsError: 9.68552e-05
      Equation: "PotentialEquation"	RelError: 2.37042e-04	AbsError: 9.68552e-05
Iteration: 2
  Device: "mos2d"	RelError: 1.84204e-04	AbsError: 6.30634e+11
    Region: "bulk"	RelError: 1.84154e-04	AbsError: 6.30634e+11
      Equation: "ElectronContinuityEquation"	RelError: 9.10414e-05	AbsError: 6.30202e+11
      Equation: "HoleContinuityEquation"	RelError: 9.09087e-05	AbsError: 4.31531e+08
      Equation: "PotentialEquation"	RelError: 2.20398e-06	AbsError: 1.85035e-08
    Region: "gate"	RelError: 4.05510e-10	AbsError: 1.97587e+10
      Equation: "ElectronContinuityEquation"	RelError: 1.98553e-10	AbsError: 1.97587e+10
      Equation: "HoleContinuityEquation"	RelError: 1.98868e-10	AbsError: 1.99841e-10
      Equation: "PotentialEquation"	RelError: 8.08872e-12	AbsError: 5.14401e-12
    Region: "oxide"	RelError: 4.95155e-08	AbsError: 1.85035e-08
      Equation: "PotentialEquation"	RelError: 4.95155e-08	AbsError: 1.85035e-08
Iteration: 3
  Device: "mos2d"	RelError: 7.50175e-11	AbsError: 8.19599e+04
    Region: "bulk"	RelError: 7.50113e-11	AbsError: 8.19599e+04
      Equation: "ElectronContinuityEquation"	RelError: 1.69441e-11	AbsError: 8.15643e+04
      Equation: "HoleContinuityEquation"	RelError: 5.78054e-11	AbsError: 3.95518e+02
      Equation: "PotentialEquation"	RelError: 2.61812e-13	AbsError: 1.77714e-15
    Region: "gate"	RelError: 3.09590e-16	AbsError: 8.70457e+03
      Equation: "ElectronContinuityEquation"	RelError: 8.73814e-17	AbsError: 8.70457e+03
      Equation: "HoleContinuityEquation"	RelError: 1.38329e-16	AbsError: 1.38666e-16
      Equation: "PotentialEquation"	RelError: 8.38797e-17	AbsError: 5.33537e-17
    Region: "oxide"	RelError: 5.89414e-15	AbsError: 1.74750e-15
      Equation: "PotentialEquation"	RelError: 5.89414e-15	AbsError: 1.74750e-15
Succeeded
gate last end 4.000000e-02 5.000000e-01
number of equations 4295
Iteration: 0
  Device: "mos2d"	RelError: 3.59533e+00	AbsError: 7.81940e+16
    Region: "bulk"	RelError: 3.52545e+00	AbsError: 7.81940e+16
      Equation: "ElectronContinuityEquation"	RelError: 3.07677e-01	AbsError: 7.78442e+16
      Equation: "HoleContinuityEquation"	RelError: 7.99896e-01	AbsError: 3.49841e+14
      Equation: "PotentialEquation"	RelError: 2.41788e+00	AbsError: 1.15046e-02
    Region: "gate"	RelError: 3.10450e-02	AbsError: 2.78647e+16
      Equation: "ElectronContinuityEquation"	RelError: 2.79850e-04	AbsError: 2.78647e+16
      Equation: "HoleContinuityEquation"	RelError: 2.79694e-04	AbsError: 2.80902e-04
      Equation: "PotentialEquation"	RelError: 3.04855e-02	AbsError: 2.00000e-02
    Region: "oxide"	RelError: 3.88285e-02	AbsError: 1.99970e-02
      Equation: "PotentialEquation"	RelError: 3.88285e-02	AbsError: 1.99970e-02
Iteration: 1
  Device: "mos2d"	RelError: 2.22679e-01	AbsError: 2.69880e+15
    Region: "bulk"	RelError: 2.22418e-01	AbsError: 2.69880e+15
      Equation: "ElectronContinuityEquation"	RelError: 7.22073e-02	AbsError: 2.69298e+15
      Equation: "HoleContinuityEquation"	RelError: 1.34956e-01	AbsError: 5.82468e+12
      Equation: "PotentialEquation"	RelError: 1.52550e-02	AbsError: 1.02464e-04
    Region: "gate"	RelError: 3.30682e-06	AbsError: 1.57547e+14
      Equation: "ElectronContinuityEquation"	RelError: 1.58228e-06	AbsError: 1.57547e+14
      Equation: "HoleContinuityEquation"	RelError: 1.66055e-06	AbsError: 1.66772e-06
      Equation: "PotentialEquation"	RelError: 6.39884e-08	AbsError: 4.19741e-08
    Region: "oxide"	RelError: 2.57471e-04	AbsError: 1.02464e-04
      Equation: "PotentialEquation"	RelError: 2.57471e-04	AbsError: 1.02464e-04
Iteration: 2
  Device: "mos2d"	RelError: 1.91986e-04	AbsError: 5.82888e+11
    Region: "bulk"	RelError: 1.91921e-04	AbsError: 5.82888e+11
      Equation: "ElectronContinuityEquation"	RelError: 9.04385e-05	AbsError: 5.82341e+11
      Equation: "HoleContinuityEquation"	RelError: 9.76062e-05	AbsError: 5.46812e+08
      Equation: "PotentialEquation"	RelError: 3.87657e-06	AbsError: 2.11549e-08
    Region: "gate"	RelError: 5.26851e-10	AbsError: 2.56801e+10
      Equation: "ElectronContinuityEquation"	RelError: 2.58089e-10	AbsError: 2.56801e+10
      Equation: "HoleContinuityEquation"	RelError: 2.58566e-10	AbsError: 2.59864e-10
      Equation: "PotentialEquation"	RelError: 1.01951e-11	AbsError: 6.68745e-12
    Region: "oxide"	RelError: 6.37102e-08	AbsError: 2.09521e-08
      Equation: "PotentialEquation"	RelError: 6.37102e-08	AbsError: 2.09521e-08
Iteration: 3
  Device: "mos2d"	RelError: 9.61590e-11	AbsError: 1.05902e+05
    Region: "bulk"	RelError: 9.61477e-11	AbsError: 1.05902e+05
      Equation: "ElectronContinuityEquation"	RelError: 2.98938e-11	AbsError: 1.05520e+05
      Equation: "HoleContinuityEquation"	RelError: 6.56650e-11	AbsError: 3.81484e+02
      Equation: "PotentialEquation"	RelError: 5.88928e-13	AbsError: 3.22835e-15
    Region: "gate"	RelError: 5.79673e-16	AbsError: 1.08091e+04
      Equation: "ElectronContinuityEquation"	RelError: 1.08608e-16	AbsError: 1.08091e+04
      Equation: "HoleContinuityEquation"	RelError: 2.20040e-16	AbsError: 2.20657e-16
      Equation: "PotentialEquation"	RelError: 2.51025e-16	AbsError: 1.64662e-16
    Region: "oxide"	RelError: 1.07291e-14	AbsError: 3.17129e-15
      Equation: "PotentialEquation"	RelError: 1.07291e-14	AbsError: 3.17129e-15
Succeeded
gate last end 6.000000e-02 5.000000e-01
number of equations 4295
Iteration: 0
  Device: "mos2d"	RelError: 2.38836e+00	AbsError: 8.35465e+16
    Region: "bulk"	RelError: 2.32111e+00	AbsError: 8.35465e+16
      Equation: "ElectronContinuityEquation"	RelError: 3.06006e-01	AbsError: 8.32021e+16
      Equation: "HoleContinuityEquation"	RelError: 7.88697e-01	AbsError: 3.44375e+14
      Equation: "PotentialEquation"	RelError: 1.22641e+00	AbsError: 1.14145e-02
    Region: "gate"	RelError: 3.01497e-02	AbsError: 2.81826e+16
      Equation: "ElectronContinuityEquation"	RelError: 2.83124e-04	AbsError: 2.81826e+16
      Equation: "HoleContinuityEquation"	RelError: 2.82964e-04	AbsError: 2.84267e-04
      Equation: "PotentialEquation"	RelError: 2.95836e-02	AbsError: 2.00000e-02
    Region: "oxide"	RelError: 3.70993e-02	AbsError: 1.99970e-02
      Equation: "PotentialEquation"	RelError: 3.70993e-02	AbsError: 1.99970e-02
Iteration: 1
  Device: "mos2d"	RelError: 2.13794e-01	AbsError: 2.60965e+15
    Region: "bulk"	RelError: 2.13505e-01	AbsError: 2.60965e+15
      Equation: "ElectronContinuityEquation"	RelError: 7.08159e-02	AbsError: 2.60352e+15
      Equation: "HoleContinuityEquation"	RelError: 1.32930e-01	AbsError: 6.13408e+12
      Equation: "PotentialEquation"	RelError: 9.75844e-03	AbsError: 1.11965e-04
    Region: "gate"	RelError: 3.48432e-06	AbsError: 1.66172e+14
      Equation: "ElectronContinuityEquation"	RelError: 1.66937e-06	AbsError: 1.66172e+14
      Equation: "HoleContinuityEquation"	RelError: 1.74948e-06	AbsError: 1.75754e-06
      Equation: "PotentialEquation"	RelError: 6.54665e-08	AbsError: 4.42524e-08
    Region: "oxide"	RelError: 2.85861e-04	AbsError: 1.10790e-04
      Equation: "PotentialEquation"	RelError: 2.85861e-04	AbsError: 1.10790e-04
Iteration: 2
  Device: "mos2d"	RelError: 1.98241e-04	AbsError: 6.80659e+11
    Region: "bulk"	RelError: 1.98162e-04	AbsError: 6.80659e+11
      Equation: "ElectronContinuityEquation"	RelError: 8.87815e-05	AbsError: 6.80003e+11
      Equation: "HoleContinuityEquation"	RelError: 1.07358e-04	AbsError: 6.56408e+08
      Equation: "PotentialEquation"	RelError: 2.02278e-06	AbsError: 2.59610e-08
    Region: "gate"	RelError: 6.44126e-10	AbsError: 3.14027e+10
      Equation: "ElectronContinuityEquation"	RelError: 3.15644e-10	AbsError: 3.14027e+10
      Equation: "HoleContinuityEquation"	RelError: 3.16380e-10	AbsError: 3.18009e-10
      Equation: "PotentialEquation"	RelError: 1.21025e-11	AbsError: 8.18058e-12
    Region: "oxide"	RelError: 7.80825e-08	AbsError: 2.59610e-08
      Equation: "PotentialEquation"	RelError: 7.80825e-08	AbsError: 2.59610e-08
Iteration: 3
  Device: "mos2d"	RelError: 1.01785e-10	AbsError: 1.40709e+05
    Region: "bulk"	RelError: 1.01765e-10	AbsError: 1.40709e+05
      Equation: "ElectronContinuityEquation"	RelError: 2.48136e-11	AbsError: 1.40278e+05
      Equation: "HoleContinuityEquation"	RelError: 7.64746e-11	AbsError: 4.30334e+02
      Equation: "PotentialEquation"	RelError: 4.76462e-13	AbsError: 6.05342e-15
    Region: "gate"	RelError: 4.62180e-16	AbsError: 1.53044e+04
      Equation: "ElectronContinuityEquation"	RelError: 1.53794e-16	AbsError: 1.53044e+04
      Equation: "HoleContinuityEquation"	RelError: 2.27706e-16	AbsError: 2.27707e-16
      Equation: "PotentialEquation"	RelError: 8.06797e-17	AbsError: 5.45455e-17
    Region: "oxide"	RelError: 1.95396e-14	AbsError: 6.00745e-15
      Equation: "PotentialEquation"	RelError: 1.95396e-14	AbsError: 6.00745e-15
Succeeded
gate last end 8.000000e-02 5.000000e-01
number of equations 4295
Iteration: 0
  Device: "mos2d"	RelError: 7.29026e+00	AbsError: 8.87112e+16
    Region: "bulk"	RelError: 7.22553e+00	AbsError: 8.87112e+16
      Equation: "ElectronContinuityEquation"	RelError: 3.03885e-01	AbsError: 8.83734e+16
      Equation: "HoleContinuityEquation"	RelError: 7.74762e-01	AbsError: 3.37835e+14
      Equation: "PotentialEquation"	RelError: 6.14688e+00	AbsError: 1.13009e-02
    Region: "gate"	RelError: 2.93065e-02	AbsError: 2.85178e+16
      Equation: "ElectronContinuityEquation"	RelError: 2.86574e-04	AbsError: 2.85178e+16
      Equation: "HoleContinuityEquation"	RelError: 2.86410e-04	AbsError: 2.87811e-04
      Equation: "PotentialEquation"	RelError: 2.87335e-02	AbsError: 2.00000e-02
    Region: "oxide"	RelError: 3.54330e-02	AbsError: 1.99969e-02
      Equation: "PotentialEquation"	RelError: 3.54330e-02	AbsError: 1.99969e-02
Iteration: 1
  Device: "mos2d"	RelError: 2.64239e-01	AbsError: 2.49873e+15
    Region: "bulk"	RelError: 2.63918e-01	AbsError: 2.49873e+15
      Equation: "ElectronContinuityEquation"	RelError: 6.90497e-02	AbsError: 2.49223e+15
      Equation: "HoleContinuityEquation"	RelError: 1.30432e-01	AbsError: 6.49911e+12
      Equation: "PotentialEquation"	RelError: 6.44369e-02	AbsError: 1.24099e-04
    Region: "gate"	RelError: 3.66283e-06	AbsError: 1.74838e+14
      Equation: "ElectronContinuityEquation"	RelError: 1.75694e-06	AbsError: 1.74838e+14
      Equation: "HoleContinuityEquation"	RelError: 1.83901e-06	AbsError: 1.84802e-06
      Equation: "PotentialEquation"	RelError: 6.68797e-08	AbsError: 4.65448e-08
    Region: "oxide"	RelError: 3.17130e-04	AbsError: 1.23630e-04
      Equation: "PotentialEquation"	RelError: 3.17130e-04	AbsError: 1.23630e-04
Iteration: 2
  Device: "mos2d"	RelError: 2.18177e-04	AbsError: 7.65570e+11
    Region: "bulk"	RelError: 2.18088e-04	AbsError: 7.65570e+11
      Equation: "ElectronContinuityEquation"	RelError: 8.82122e-05	AbsError: 7.64833e+11
      Equation: "HoleContinuityEquation"	RelError: 1.19937e-04	AbsError: 7.36253e+08
      Equation: "PotentialEquation"	RelError: 9.93841e-06	AbsError: 3.45139e-08
    Region: "gate"	RelError: 7.40420e-10	AbsError: 3.63287e+10
      Equation: "ElectronContinuityEquation"	RelError: 3.65066e-10	AbsError: 3.63287e+10
      Equation: "HoleContinuityEquation"	RelError: 3.61833e-10	AbsError: 3.63605e-10
      Equation: "PotentialEquation"	RelError: 1.35205e-11	AbsError: 9.40958e-12
    Region: "oxide"	RelError: 8.81915e-08	AbsError: 3.45139e-08
      Equation: "PotentialEquation"	RelError: 8.81915e-08	AbsError: 3.45139e-08
Iteration: 3
  Device: "mos2d"	RelError: 1.38740e-10	AbsError: 1.95980e+05
    Region: "bulk"	RelError: 1.38709e-10	AbsError: 1.95980e+05
      Equation: "ElectronContinuityEquation"	RelError: 3.16346e-11	AbsError: 1.95593e+05
      Equation: "HoleContinuityEquation"	RelError: 1.03338e-10	AbsError: 3.86801e+02
      Equation: "PotentialEquation"	RelError: 3.73600e-12	AbsError: 9.81293e-15
    Region: "gate"	RelError: 4.35323e-16	AbsError: 1.99116e+04
      Equation: "ElectronContinuityEquation"	RelError: 2.00116e-16	AbsError: 1.99116e+04
      Equation: "HoleContinuityEquation"	RelError: 1.57723e-16	AbsError: 1.57723e-16
      Equation: "PotentialEquation"	RelError: 7.74844e-17	AbsError: 5.39349e-17
    Region: "oxide"	RelError: 3.06437e-14	AbsError: 9.74651e-15
      Equation: "PotentialEquation"	RelError: 3.06437e-14	AbsError: 9.74651e-15
Succeeded
gate last end 1.000000e-01 5.000000e-01
number of equations 4295
Iteration: 0
  Device: "mos2d"	RelError: 6.96204e+00	AbsError: 9.36466e+16
    Region: "bulk"	RelError: 6.89972e+00	AbsError: 9.36466e+16
      Equation: "ElectronContinuityEquation"	RelError: 3.01172e-01	AbsError: 9.33165e+16
      Equation: "HoleContinuityEquation"	RelError: 7.57371e-01	AbsError: 3.30028e+14
      Equation: "PotentialEquation"	RelError: 5.84118e+00	AbsError: 1.11566e-02
    Region: "gate"	RelError: 2.85111e-02	AbsError: 2.88702e+16
      Equation: "ElectronContinuityEquation"	RelError: 2.90200e-04	AbsError: 2.88702e+16
      Equation: "HoleContinuityEquation"	RelError: 2.90032e-04	AbsError: 2.91537e-04
      Equation: "PotentialEquation"	RelError: 2.79309e-02	AbsError: 2.00000e-02
    Region: "oxide"	RelError: 3.38028e-02	AbsError: 1.99969e-02
      Equation: "PotentialEquation"	RelError: 3.38028e-02	AbsError: 1.99969e-02
Iteration: 1
  Device: "mos2d"	RelError: 2.85883e-01	AbsError: 2.37247e+15
    Region: "bulk"	RelError: 2.85523e-01	AbsError: 2.37247e+15
      Equation: "ElectronContinuityEquation"	RelError: 6.68082e-02	AbsError: 2.36554e+15
      Equation: "HoleContinuityEquation"	RelError: 1.27329e-01	AbsError: 6.92204e+12
      Equation: "PotentialEquation"	RelError: 9.13854e-02	AbsError: 1.39227e-04
    Region: "gate"	RelError: 3.83522e-06	AbsError: 1.83197e+14
      Equation: "ElectronContinuityEquation"	RelError: 1.84148e-06	AbsError: 1.83197e+14
      Equation: "HoleContinuityEquation"	RelError: 1.92564e-06	AbsError: 1.93563e-06
      Equation: "PotentialEquation"	RelError: 6.81065e-08	AbsError: 4.87602e-08
    Region: "oxide"	RelError: 3.56004e-04	AbsError: 1.37870e-04
      Equation: "PotentialEquation"	RelError: 3.56004e-04	AbsError: 1.37870e-04
Iteration: 2
  Device: "mos2d"	RelError: 2.19054e-04	AbsError: 9.33000e+11
    Region: "bulk"	RelError: 2.18929e-04	AbsError: 9.33000e+11
      Equation: "ElectronContinuityEquation"	RelError: 8.53914e-05	AbsError: 9.32254e+11
      Equation: "HoleContinuityEquation"	RelError: 1.32898e-04	AbsError: 7.45906e+08
      Equation: "PotentialEquation"	RelError: 6.39553e-07	AbsError: 5.04122e-08
    Region: "gate"	RelError: 9.80147e-10	AbsError: 4.80649e+10
      Equation: "ElectronContinuityEquation"	RelError: 4.83144e-10	AbsError: 4.80649e+10
      Equation: "HoleContinuityEquation"	RelError: 4.79596e-10	AbsError: 4.82085e-10
      Equation: "PotentialEquation"	RelError: 1.74068e-11	AbsError: 1.24623e-11
    Region: "oxide"	RelError: 1.24437e-07	AbsError: 4.97129e-08
      Equation: "PotentialEquation"	RelError: 1.24437e-07	AbsError: 4.97129e-08
Iteration: 3
  Device: "mos2d"	RelError: 1.74147e-10	AbsError: 3.69494e+05
    Region: "bulk"	RelError: 1.74110e-10	AbsError: 3.69494e+05
      Equation: "ElectronContinuityEquation"	RelError: 3.19223e-11	AbsError: 3.69110e+05
      Equation: "HoleContinuityEquation"	RelError: 1.39289e-10	AbsError: 3.83716e+02
      Equation: "PotentialEquation"	RelError: 2.89815e-12	AbsError: 1.20155e-14
    Region: "gate"	RelError: 6.55971e-16	AbsError: 2.18842e+04
      Equation: "ElectronContinuityEquation"	RelError: 2.19967e-16	AbsError: 2.18842e+04
      Equation: "HoleContinuityEquation"	RelError: 3.61054e-16	AbsError: 3.63008e-16
      Equation: "PotentialEquation"	RelError: 7.49493e-17	AbsError: 5.36693e-17
    Region: "oxide"	RelError: 3.63920e-14	AbsError: 1.19753e-14
      Equation: "PotentialEquation"	RelError: 3.63920e-14	AbsError: 1.19753e-14
Succeeded
gate last end 1.200000e-01 5.000000e-01
number of equations 4295
Iteration: 0
  Device: "mos2d"	RelError: 4.94048e+00	AbsError: 9.83238e+16
    Region: "bulk"	RelError: 4.88054e+00	AbsError: 9.83238e+16
      Equation: "ElectronContinuityEquation"	RelError: 2.97690e-01	AbsError: 9.80030e+16
      Equation: "HoleContinuityEquation"	RelError: 7.35726e-01	AbsError: 3.20749e+14
      Equation: "PotentialEquation"	RelError: 3.84712e+00	AbsError: 1.09729e-02
    Region: "gate"	RelError: 2.77597e-02	AbsError: 2.92391e+16
      Equation: "ElectronContinuityEquation"	RelError: 2.93995e-04	AbsError: 2.92391e+16
      Equation: "HoleContinuityEquation"	RelError: 2.93823e-04	AbsError: 2.95434e-04
      Equation: "PotentialEquation"	RelError: 2.71718e-02	AbsError: 2.00000e-02
    Region: "oxide"	RelError: 3.21818e-02	AbsError: 1.99968e-02
      Equation: "PotentialEquation"	RelError: 3.21818e-02	AbsError: 1.99968e-02
Iteration: 1
  Device: "mos2d"	RelError: 2.56256e-01	AbsError: 2.23813e+15
    Region: "bulk"	RelError: 2.55848e-01	AbsError: 2.23813e+15
      Equation: "ElectronContinuityEquation"	RelError: 6.39834e-02	AbsError: 2.23073e+15
      Equation: "HoleContinuityEquation"	RelError: 1.23475e-01	AbsError: 7.39624e+12
      Equation: "PotentialEquation"	RelError: 6.83899e-02	AbsError: 1.56774e-04
    Region: "gate"	RelError: 4.06814e-06	AbsError: 1.97378e+14
      Equation: "ElectronContinuityEquation"	RelError: 1.98311e-06	AbsError: 1.97378e+14
      Equation: "HoleContinuityEquation"	RelError: 2.01472e-06	AbsError: 2.02424e-06
      Equation: "PotentialEquation"	RelError: 7.03121e-08	AbsError: 5.17463e-08
    Region: "oxide"	RelError: 4.04308e-04	AbsError: 1.55682e-04
      Equation: "PotentialEquation"	RelError: 4.04308e-04	AbsError: 1.55682e-04
Iteration: 2
  Device: "mos2d"	RelError: 2.36310e-04	AbsError: 1.14422e+12
    Region: "bulk"	RelError: 2.36128e-04	AbsError: 1.14422e+12
      Equation: "ElectronContinuityEquation"	RelError: 7.98511e-05	AbsError: 1.14352e+12
      Equation: "HoleContinuityEquation"	RelError: 1.46309e-04	AbsError: 6.95208e+08
      Equation: "PotentialEquation"	RelError: 9.96721e-06	AbsError: 7.31020e-08
    Region: "gate"	RelError: 1.34681e-09	AbsError: 6.60553e+10
      Equation: "ElectronContinuityEquation"	RelError: 6.63323e-10	AbsError: 6.60553e+10
      Equation: "HoleContinuityEquation"	RelError: 6.60204e-10	AbsError: 6.62973e-10
      Equation: "PotentialEquation"	RelError: 2.32777e-11	AbsError: 1.71316e-11
    Region: "oxide"	RelError: 1.80752e-07	AbsError: 7.30017e-08
      Equation: "PotentialEquation"	RelError: 1.80752e-07	AbsError: 7.30017e-08
Iteration: 3
  Device: "mos2d"	RelError: 2.16535e-10	AbsError: 6.35105e+05
    Region: "bulk"	RelError: 2.16482e-10	AbsError: 6.35105e+05
      Equation: "ElectronContinuityEquation"	RelError: 2.04848e-11	AbsError: 6.34588e+05
      Equation: "HoleContinuityEquation"	RelError: 1.94754e-10	AbsError: 5.17092e+02
      Equation: "PotentialEquation"	RelError: 1.24349e-12	AbsError: 2.12324e-14
    Region: "gate"	RelError: 5.56274e-16	AbsError: 1.85529e+04
      Equation: "ElectronContinuityEquation"	RelError: 1.86307e-16	AbsError: 1.85529e+04
      Equation: "HoleContinuityEquation"	RelError: 2.93379e-16	AbsError: 2.94610e-16
      Equation: "PotentialEquation"	RelError: 7.65876e-17	AbsError: 5.63742e-17
    Region: "oxide"	RelError: 5.24292e-14	AbsError: 2.11827e-14
      Equation: "PotentialEquation"	RelError: 5.24292e-14	AbsError: 2.11827e-14
Succeeded
gate last end 1.400000e-01 5.000000e-01
number of equations 4295
Iteration: 0
  Device: "mos2d"	RelError: 1.55496e+01	AbsError: 1.02729e+17
    Region: "bulk"	RelError: 1.54920e+01	AbsError: 1.02729e+17
      Equation: "ElectronContinuityEquation"	RelError: 2.93227e-01	AbsError: 1.02419e+17
      Equation: "HoleContinuityEquation"	RelError: 7.09057e-01	AbsError: 3.09800e+14
      Equation: "PotentialEquation"	RelError: 1.44897e+01	AbsError: 1.07401e-02
    Region: "gate"	RelError: 2.70487e-02	AbsError: 2.96226e+16
      Equation: "ElectronContinuityEquation"	RelError: 2.97941e-04	AbsError: 2.96226e+16
      Equation: "HoleContinuityEquation"	RelError: 2.97763e-04	AbsError: 2.99486e-04
      Equation: "PotentialEquation"	RelError: 2.64530e-02	AbsError: 2.00000e-02
    Region: "oxide"	RelError: 3.05432e-02	AbsError: 1.99967e-02
      Equation: "PotentialEquation"	RelError: 3.05432e-02	AbsError: 1.99967e-02
Iteration: 1
  Device: "mos2d"	RelError: 3.95982e-01	AbsError: 2.10337e+15
    Region: "bulk"	RelError: 3.95518e-01	AbsError: 2.10337e+15
      Equation: "ElectronContinuityEquation"	RelError: 6.04757e-02	AbsError: 2.09547e+15
      Equation: "HoleContinuityEquation"	RelError: 1.18712e-01	AbsError: 7.90123e+12
      Equation: "PotentialEquation"	RelError: 2.16330e-01	AbsError: 1.78987e-04
    Region: "gate"	RelError: 4.70333e-06	AbsError: 2.28802e+14
      Equation: "ElectronContinuityEquation"	RelError: 2.30006e-06	AbsError: 2.28802e+14
      Equation: "HoleContinuityEquation"	RelError: 2.32409e-06	AbsError: 2.33632e-06
      Equation: "PotentialEquation"	RelError: 7.91773e-08	AbsError: 5.98532e-08
    Region: "oxide"	RelError: 4.59113e-04	AbsError: 1.76683e-04
      Equation: "PotentialEquation"	RelError: 4.59113e-04	AbsError: 1.76683e-04
Iteration: 2
  Device: "mos2d"	RelError: 2.97640e-04	AbsError: 1.30166e+12
    Region: "bulk"	RelError: 2.97371e-04	AbsError: 1.30166e+12
      Equation: "ElectronContinuityEquation"	RelError: 7.20068e-05	AbsError: 1.29979e+12
      Equation: "HoleContinuityEquation"	RelError: 1.65201e-04	AbsError: 1.87130e+09
      Equation: "PotentialEquation"	RelError: 6.01626e-05	AbsError: 1.07246e-07
    Region: "gate"	RelError: 2.13622e-09	AbsError: 1.04745e+11
      Equation: "ElectronContinuityEquation"	RelError: 1.05260e-09	AbsError: 1.04745e+11
      Equation: "HoleContinuityEquation"	RelError: 1.04766e-09	AbsError: 1.05281e-09
      Equation: "PotentialEquation"	RelError: 3.59621e-11	AbsError: 2.71855e-11
    Region: "oxide"	RelError: 2.67568e-07	AbsError: 1.06080e-07
      Equation: "PotentialEquation"	RelError: 2.67568e-07	AbsError: 1.06080e-07
Iteration: 3
  Device: "mos2d"	RelError: 2.98849e-10	AbsError: 9.59687e+05
    Region: "bulk"	RelError: 2.98738e-10	AbsError: 9.59687e+05
      Equation: "ElectronContinuityEquation"	RelError: 2.32876e-11	AbsError: 9.59328e+05
      Equation: "HoleContinuityEquation"	RelError: 2.73158e-10	AbsError: 3.59698e+02
      Equation: "PotentialEquation"	RelError: 2.29155e-12	AbsError: 4.46214e-14
    Region: "gate"	RelError: 7.48754e-16	AbsError: 3.79302e+04
      Equation: "ElectronContinuityEquation"	RelError: 3.80957e-16	AbsError: 3.79302e+04
      Equation: "HoleContinuityEquation"	RelError: 2.93835e-16	AbsError: 2.95382e-16
      Equation: "PotentialEquation"	RelError: 7.39624e-17	AbsError: 5.59112e-17
    Region: "oxide"	RelError: 1.11158e-13	AbsError: 4.46214e-14
      Equation: "PotentialEquation"	RelError: 1.11158e-13	AbsError: 4.46214e-14
Succeeded
gate last end 1.600000e-01 5.000000e-01
number of equations 4295
Iteration: 0
  Device: "mos2d"	RelError: 9.52895e+00	AbsError: 1.06864e+17
    Region: "bulk"	RelError: 9.47371e+00	AbsError: 1.06864e+17
      Equation: "ElectronContinuityEquation"	RelError: 2.87556e-01	AbsError: 1.06567e+17
      Equation: "HoleContinuityEquation"	RelError: 6.76780e-01	AbsError: 2.97032e+14
      Equation: "PotentialEquation"	RelError: 8.50938e+00	AbsError: 1.04486e-02
    Region: "gate"	RelError: 2.63749e-02	AbsError: 3.00173e+16
      Equation: "ElectronContinuityEquation"	RelError: 3.02001e-04	AbsError: 3.00173e+16
      Equation: "HoleContinuityEquation"	RelError: 3.01819e-04	AbsError: 3.03658e-04
      Equation: "PotentialEquation"	RelError: 2.57711e-02	AbsError: 2.00000e-02
    Region: "oxide"	RelError: 2.88634e-02	AbsError: 1.99966e-02
      Equation: "PotentialEquation"	RelError: 2.88634e-02	AbsError: 1.99966e-02
Iteration: 1
  Device: "mos2d"	RelError: 3.32865e-01	AbsError: 1.97565e+15
    Region: "bulk"	RelError: 3.32341e-01	AbsError: 1.97565e+15
      Equation: "ElectronContinuityEquation"	RelError: 5.62211e-02	AbsError: 1.96725e+15
      Equation: "HoleContinuityEquation"	RelError: 1.12908e-01	AbsError: 8.39861e+12
      Equation: "PotentialEquation"	RelError: 1.63212e-01	AbsError: 2.00862e-04
    Region: "gate"	RelError: 5.43933e-06	AbsError: 2.64792e+14
      Equation: "ElectronContinuityEquation"	RelError: 2.66228e-06	AbsError: 2.64792e+14
      Equation: "HoleContinuityEquation"	RelError: 2.68780e-06	AbsError: 2.70238e-06
      Equation: "PotentialEquation"	RelError: 8.92463e-08	AbsError: 6.92493e-08
    Region: "oxide"	RelError: 5.18844e-04	AbsError: 2.00085e-04
      Equation: "PotentialEquation"	RelError: 5.18844e-04	AbsError: 2.00085e-04
Iteration: 2
  Device: "mos2d"	RelError: 3.29865e-04	AbsError: 1.57148e+12
    Region: "bulk"	RelError: 3.29470e-04	AbsError: 1.57148e+12
      Equation: "ElectronContinuityEquation"	RelError: 6.20111e-05	AbsError: 1.56781e+12
      Equation: "HoleContinuityEquation"	RelError: 1.80221e-04	AbsError: 3.67089e+09
      Equation: "PotentialEquation"	RelError: 8.72386e-05	AbsError: 1.56470e-07
    Region: "gate"	RelError: 3.58294e-09	AbsError: 1.75613e+11
      Equation: "ElectronContinuityEquation"	RelError: 1.76565e-09	AbsError: 1.75613e+11
      Equation: "HoleContinuityEquation"	RelError: 1.75850e-09	AbsError: 1.76804e-09
      Equation: "PotentialEquation"	RelError: 5.87880e-11	AbsError: 4.56156e-11
    Region: "oxide"	RelError: 3.90858e-07	AbsError: 1.54045e-07
      Equation: "PotentialEquation"	RelError: 3.90858e-07	AbsError: 1.54045e-07
Iteration: 3
  Device: "mos2d"	RelError: 4.44678e-10	AbsError: 1.78386e+06
    Region: "bulk"	RelError: 4.44424e-10	AbsError: 1.78386e+06
      Equation: "ElectronContinuityEquation"	RelError: 5.83661e-11	AbsError: 1.78319e+06
      Equation: "HoleContinuityEquation"	RelError: 3.66431e-10	AbsError: 6.74198e+02
      Equation: "PotentialEquation"	RelError: 1.96270e-11	AbsError: 1.01205e-13
    Region: "gate"	RelError: 1.77612e-15	AbsError: 7.95259e+04
      Equation: "ElectronContinuityEquation"	RelError: 7.99573e-16	AbsError: 7.95259e+04
      Equation: "HoleContinuityEquation"	RelError: 7.56949e-16	AbsError: 7.60382e-16
      Equation: "PotentialEquation"	RelError: 2.19600e-16	AbsError: 1.70392e-16
    Region: "oxide"	RelError: 2.52220e-13	AbsError: 1.01205e-13
      Equation: "PotentialEquation"	RelError: 2.52220e-13	AbsError: 1.01205e-13
Succeeded
gate last end 1.800000e-01 5.000000e-01
number of equations 4295
Iteration: 0
  Device: "mos2d"	RelError: 2.14483e+00	AbsError: 1.10744e+17
    Region: "bulk"	RelError: 2.09197e+00	AbsError: 1.10744e+17
      Equation: "ElectronContinuityEquation"	RelError: 2.80456e-01	AbsError: 1.10462e+17
      Equation: "HoleContinuityEquation"	RelError: 6.38722e-01	AbsError: 2.82396e+14
      Equation: "PotentialEquation"	RelError: 1.17279e+00	AbsError: 1.00900e-02
    Region: "gate"	RelError: 2.57356e-02	AbsError: 3.04179e+16
      Equation: "ElectronContinuityEquation"	RelError: 3.06127e-04	AbsError: 3.04179e+16
      Equation: "HoleContinuityEquation"	RelError: 3.05940e-04	AbsError: 3.07899e-04
      Equation: "PotentialEquation"	RelError: 2.51235e-02	AbsError: 2.00000e-02
    Region: "oxide"	RelError: 2.71248e-02	AbsError: 1.99965e-02
      Equation: "PotentialEquation"	RelError: 2.71248e-02	AbsError: 1.99965e-02
Iteration: 1
  Device: "mos2d"	RelError: 1.90963e-01	AbsError: 1.95957e+15
    Region: "bulk"	RelError: 1.90366e-01	AbsError: 1.95957e+15
      Equation: "ElectronContinuityEquation"	RelError: 5.12263e-02	AbsError: 1.95074e+15
      Equation: "HoleContinuityEquation"	RelError: 1.05985e-01	AbsError: 8.83170e+12
      Equation: "PotentialEquation"	RelError: 3.31546e-02	AbsError: 2.27058e-04
    Region: "gate"	RelError: 6.13433e-06	AbsError: 2.98773e+14
      Equation: "ElectronContinuityEquation"	RelError: 3.00444e-06	AbsError: 2.98773e+14
      Equation: "HoleContinuityEquation"	RelError: 3.03173e-06	AbsError: 3.04869e-06
      Equation: "PotentialEquation"	RelError: 9.81616e-08	AbsError: 7.81298e-08
    Region: "oxide"	RelError: 5.90209e-04	AbsError: 2.24784e-04
      Equation: "PotentialEquation"	RelError: 5.90209e-04	AbsError: 2.24784e-04
Iteration: 2
  Device: "mos2d"	RelError: 2.82253e-04	AbsError: 1.87461e+12
    Region: "bulk"	RelError: 2.81696e-04	AbsError: 1.87461e+12
      Equation: "ElectronContinuityEquation"	RelError: 4.99523e-05	AbsError: 1.86856e+12
      Equation: "HoleContinuityEquation"	RelError: 2.05384e-04	AbsError: 6.04721e+09
      Equation: "PotentialEquation"	RelError: 2.63603e-05	AbsError: 2.17006e-07
    Region: "gate"	RelError: 5.54068e-09	AbsError: 2.71537e+11
      Equation: "ElectronContinuityEquation"	RelError: 2.73056e-09	AbsError: 2.71537e+11
      Equation: "HoleContinuityEquation"	RelError: 2.72145e-09	AbsError: 2.73668e-09
      Equation: "PotentialEquation"	RelError: 8.86626e-11	AbsError: 7.05693e-11
    Region: "oxide"	RelError: 5.51598e-07	AbsError: 2.17006e-07
      Equation: "PotentialEquation"	RelError: 5.51598e-07	AbsError: 2.17006e-07
Iteration: 3
  Device: "mos2d"	RelError: 6.17411e-10	AbsError: 2.79523e+06
    Region: "bulk"	RelError: 6.16851e-10	AbsError: 2.79523e+06
      Equation: "ElectronContinuityEquation"	RelError: 9.57246e-11	AbsError: 2.79144e+06
      Equation: "HoleContinuityEquation"	RelError: 5.02663e-10	AbsError: 3.79389e+03
      Equation: "PotentialEquation"	RelError: 1.84629e-11	AbsError: 2.22283e-13
    Region: "gate"	RelError: 4.90184e-15	AbsError: 2.46668e+05
      Equation: "ElectronContinuityEquation"	RelError: 2.48048e-15	AbsError: 2.46668e+05
      Equation: "HoleContinuityEquation"	RelError: 2.31552e-15	AbsError: 2.32847e-15
      Equation: "PotentialEquation"	RelError: 1.05847e-16	AbsError: 8.42479e-17
    Region: "oxide"	RelError: 5.55164e-13	AbsError: 2.22283e-13
      Equation: "PotentialEquation"	RelError: 5.55164e-13	AbsError: 2.22283e-13
Succeeded
gate last end 2.000000e-01 5.000000e-01
number of equations 4295
Iteration: 0
  Device: "mos2d"	RelError: 1.71911e+00	AbsError: 1.14399e+17
    Region: "bulk"	RelError: 1.66866e+00	AbsError: 1.14399e+17
      Equation: "ElectronContinuityEquation"	RelError: 2.71759e-01	AbsError: 1.14133e+17
      Equation: "HoleContinuityEquation"	RelError: 5.95334e-01	AbsError: 2.65995e+14
      Equation: "PotentialEquation"	RelError: 8.01565e-01	AbsError: 9.66037e-03
    Region: "gate"	RelError: 2.51279e-02	AbsError: 3.08181e+16
      Equation: "ElectronContinuityEquation"	RelError: 3.10251e-04	AbsError: 3.08181e+16
      Equation: "HoleContinuityEquation"	RelError: 3.10059e-04	AbsError: 3.12142e-04
      Equation: "PotentialEquation"	RelError: 2.45076e-02	AbsError: 2.00000e-02
    Region: "oxide"	RelError: 2.53212e-02	AbsError: 1.99963e-02
      Equation: "PotentialEquation"	RelError: 2.53212e-02	AbsError: 1.99963e-02
Iteration: 1
  Device: "mos2d"	RelError: 1.69748e-01	AbsError: 1.94646e+15
    Region: "bulk"	RelError: 1.69088e-01	AbsError: 1.94646e+15
      Equation: "ElectronContinuityEquation"	RelError: 4.56021e-02	AbsError: 1.93733e+15
      Equation: "HoleContinuityEquation"	RelError: 9.79770e-02	AbsError: 9.13253e+12
      Equation: "PotentialEquation"	RelError: 2.55087e-02	AbsError: 2.52887e-04
    Region: "gate"	RelError: 7.00423e-06	AbsError: 3.41460e+14
      Equation: "ElectronContinuityEquation"	RelError: 3.43559e-06	AbsError: 3.41460e+14
      Equation: "HoleContinuityEquation"	RelError: 3.45926e-06	AbsError: 3.48053e-06
      Equation: "PotentialEquation"	RelError: 1.09379e-07	AbsError: 8.92442e-08
    Region: "oxide"	RelError: 6.53506e-04	AbsError: 2.51356e-04
      Equation: "PotentialEquation"	RelError: 6.53506e-04	AbsError: 2.51356e-04
Iteration: 2
  Device: "mos2d"	RelError: 2.99567e-04	AbsError: 2.16950e+12
    Region: "bulk"	RelError: 2.98806e-04	AbsError: 2.16950e+12
      Equation: "ElectronContinuityEquation"	RelError: 5.03385e-05	AbsError: 2.16081e+12
      Equation: "HoleContinuityEquation"	RelError: 2.23307e-04	AbsError: 8.69178e+09
      Equation: "PotentialEquation"	RelError: 2.51598e-05	AbsError: 2.92692e-07
    Region: "gate"	RelError: 7.54294e-09	AbsError: 3.69670e+11
      Equation: "ElectronContinuityEquation"	RelError: 3.71803e-09	AbsError: 3.69670e+11
      Equation: "HoleContinuityEquation"	RelError: 3.70712e-09	AbsError: 3.72851e-09
      Equation: "PotentialEquation"	RelError: 1.17791e-10	AbsError: 9.61088e-11
    Region: "oxide"	RelError: 7.53815e-07	AbsError: 2.91611e-07
      Equation: "PotentialEquation"	RelError: 7.53815e-07	AbsError: 2.91611e-07
Iteration: 3
  Device: "mos2d"	RelError: 8.17680e-10	AbsError: 4.16643e+06
    Region: "bulk"	RelError: 8.16501e-10	AbsError: 4.16643e+06
      Equation: "ElectronContinuityEquation"	RelError: 1.22464e-10	AbsError: 4.15542e+06
      Equation: "HoleContinuityEquation"	RelError: 6.62554e-10	AbsError: 1.10144e+04
      Equation: "PotentialEquation"	RelError: 3.14834e-11	AbsError: 4.62189e-13
    Region: "gate"	RelError: 1.11367e-14	AbsError: 5.60453e+05
      Equation: "ElectronContinuityEquation"	RelError: 5.63687e-15	AbsError: 5.60453e+05
      Equation: "HoleContinuityEquation"	RelError: 5.34220e-15	AbsError: 5.37302e-15
      Equation: "PotentialEquation"	RelError: 1.57660e-16	AbsError: 1.28639e-16
    Region: "oxide"	RelError: 1.16829e-12	AbsError: 4.62189e-13
      Equation: "PotentialEquation"	RelError: 1.16829e-12	AbsError: 4.62189e-13
Succeeded
gate last end 2.200000e-01 5.000000e-01
number of equations 4295
Iteration: 0
  Device: "mos2d"	RelError: 3.55537e+00	AbsError: 1.17867e+17
    Region: "bulk"	RelError: 3.50690e+00	AbsError: 1.17867e+17
      Equation: "ElectronContinuityEquation"	RelError: 2.61404e-01	AbsError: 1.17619e+17
      Equation: "HoleContinuityEquation"	RelError: 5.47798e-01	AbsError: 2.48125e+14
      Equation: "PotentialEquation"	RelError: 2.69770e+00	AbsError: 9.16202e-03
    Region: "gate"	RelError: 2.45497e-02	AbsError: 3.12102e+16
      Equation: "ElectronContinuityEquation"	RelError: 3.14298e-04	AbsError: 3.12102e+16
      Equation: "HoleContinuityEquation"	RelError: 3.14100e-04	AbsError: 3.16310e-04
      Equation: "PotentialEquation"	RelError: 2.39213e-02	AbsError: 2.00000e-02
    Region: "oxide"	RelError: 2.39211e-02	AbsError: 1.99962e-02
      Equation: "PotentialEquation"	RelError: 2.39211e-02	AbsError: 1.99962e-02
Iteration: 1
  Device: "mos2d"	RelError: 2.20392e-01	AbsError: 1.97705e+15
    Region: "bulk"	RelError: 2.19677e-01	AbsError: 1.97705e+15
      Equation: "ElectronContinuityEquation"	RelError: 3.95752e-02	AbsError: 1.96767e+15
      Equation: "HoleContinuityEquation"	RelError: 8.90564e-02	AbsError: 9.38293e+12
      Equation: "PotentialEquation"	RelError: 9.10457e-02	AbsError: 2.78945e-04
    Region: "gate"	RelError: 7.76990e-06	AbsError: 3.78885e+14
      Equation: "ElectronContinuityEquation"	RelError: 3.81277e-06	AbsError: 3.78885e+14
      Equation: "HoleContinuityEquation"	RelError: 3.83865e-06	AbsError: 3.86288e-06
      Equation: "PotentialEquation"	RelError: 1.18478e-07	AbsError: 9.90370e-08
    Region: "oxide"	RelError: 7.06868e-04	AbsError: 2.75591e-04
      Equation: "PotentialEquation"	RelError: 7.06868e-04	AbsError: 2.75591e-04
Iteration: 2
  Device: "mos2d"	RelError: 4.04778e-04	AbsError: 2.51638e+12
    Region: "bulk"	RelError: 4.03798e-04	AbsError: 2.51638e+12
      Equation: "ElectronContinuityEquation"	RelError: 5.80586e-05	AbsError: 2.50533e+12
      Equation: "HoleContinuityEquation"	RelError: 2.38139e-04	AbsError: 1.10513e+10
      Equation: "PotentialEquation"	RelError: 1.07600e-04	AbsError: 3.87344e-07
    Region: "gate"	RelError: 1.00894e-08	AbsError: 4.94386e+11
      Equation: "ElectronContinuityEquation"	RelError: 4.97508e-09	AbsError: 4.94386e+11
      Equation: "HoleContinuityEquation"	RelError: 4.96044e-09	AbsError: 4.99176e-09
      Equation: "PotentialEquation"	RelError: 1.53846e-10	AbsError: 1.28602e-10
    Region: "oxide"	RelError: 9.69684e-07	AbsError: 3.83079e-07
      Equation: "PotentialEquation"	RelError: 9.69684e-07	AbsError: 3.83079e-07
Iteration: 3
  Device: "mos2d"	RelError: 1.29638e-09	AbsError: 6.86664e+06
    Region: "bulk"	RelError: 1.29410e-09	AbsError: 6.86664e+06
      Equation: "ElectronContinuityEquation"	RelError: 1.51377e-10	AbsError: 6.84519e+06
      Equation: "HoleContinuityEquation"	RelError: 9.39142e-10	AbsError: 2.14531e+04
      Equation: "PotentialEquation"	RelError: 2.03581e-10	AbsError: 9.02374e-13
    Region: "gate"	RelError: 2.25588e-14	AbsError: 1.10346e+06
      Equation: "ElectronContinuityEquation"	RelError: 1.10989e-14	AbsError: 1.10346e+06
      Equation: "HoleContinuityEquation"	RelError: 1.10872e-14	AbsError: 1.11518e-14
      Equation: "PotentialEquation"	RelError: 3.72620e-16	AbsError: 3.11477e-16
    Region: "oxide"	RelError: 2.25754e-12	AbsError: 8.91856e-13
      Equation: "PotentialEquation"	RelError: 2.25754e-12	AbsError: 8.91856e-13
Succeeded
gate last end 2.400000e-01 5.000000e-01
number of equations 4295
Iteration: 0
  Device: "mos2d"	RelError: 2.58261e+00	AbsError: 1.21188e+17
    Region: "bulk"	RelError: 2.53525e+00	AbsError: 1.21188e+17
      Equation: "ElectronContinuityEquation"	RelError: 2.49482e-01	AbsError: 1.20958e+17
      Equation: "HoleContinuityEquation"	RelError: 4.97934e-01	AbsError: 2.29264e+14
      Equation: "PotentialEquation"	RelError: 1.78784e+00	AbsError: 8.60526e-03
    Region: "gate"	RelError: 2.39986e-02	AbsError: 3.15866e+16
      Equation: "ElectronContinuityEquation"	RelError: 3.18190e-04	AbsError: 3.15866e+16
      Equation: "HoleContinuityEquation"	RelError: 3.17988e-04	AbsError: 3.20328e-04
      Equation: "PotentialEquation"	RelError: 2.33624e-02	AbsError: 2.00000e-02
    Region: "oxide"	RelError: 2.33621e-02	AbsError: 1.99960e-02
      Equation: "PotentialEquation"	RelError: 2.33621e-02	AbsError: 1.99960e-02
Iteration: 1
  Device: "mos2d"	RelError: 1.93294e-01	AbsError: 2.20233e+15
    Region: "bulk"	RelError: 1.92538e-01	AbsError: 2.20233e+15
      Equation: "ElectronContinuityEquation"	RelError: 3.34615e-02	AbsError: 2.19270e+15
      Equation: "HoleContinuityEquation"	RelError: 7.95440e-02	AbsError: 9.62818e+12
      Equation: "PotentialEquation"	RelError: 7.95321e-02	AbsError: 2.99276e-04
    Region: "gate"	RelError: 8.29259e-06	AbsError: 4.04408e+14
      Equation: "ElectronContinuityEquation"	RelError: 4.07031e-06	AbsError: 4.04408e+14
      Equation: "HoleContinuityEquation"	RelError: 4.09874e-06	AbsError: 4.12533e-06
      Equation: "PotentialEquation"	RelError: 1.23538e-07	AbsError: 1.05737e-07
    Region: "oxide"	RelError: 7.47912e-04	AbsError: 2.96702e-04
      Equation: "PotentialEquation"	RelError: 7.47912e-04	AbsError: 2.96702e-04
Iteration: 2
  Device: "mos2d"	RelError: 4.02039e-04	AbsError: 3.22039e+12
    Region: "bulk"	RelError: 4.00861e-04	AbsError: 3.22039e+12
      Equation: "ElectronContinuityEquation"	RelError: 5.92087e-05	AbsError: 3.20785e+12
      Equation: "HoleContinuityEquation"	RelError: 2.37803e-04	AbsError: 1.25319e+10
      Equation: "PotentialEquation"	RelError: 1.03849e-04	AbsError: 4.66423e-07
    Region: "gate"	RelError: 1.22936e-08	AbsError: 6.02605e+11
      Equation: "ElectronContinuityEquation"	RelError: 6.06298e-09	AbsError: 6.02605e+11
      Equation: "HoleContinuityEquation"	RelError: 6.04751e-09	AbsError: 6.08457e-09
      Equation: "PotentialEquation"	RelError: 1.83142e-10	AbsError: 1.56754e-10
    Region: "oxide"	RelError: 1.16632e-06	AbsError: 4.62497e-07
      Equation: "PotentialEquation"	RelError: 1.16632e-06	AbsError: 4.62497e-07
Iteration: 3
  Device: "mos2d"	RelError: 1.63018e-09	AbsError: 1.09617e+07
    Region: "bulk"	RelError: 1.62668e-09	AbsError: 1.09617e+07
      Equation: "ElectronContinuityEquation"	RelError: 2.03172e-10	AbsError: 1.09313e+07
      Equation: "HoleContinuityEquation"	RelError: 1.17870e-09	AbsError: 3.04474e+04
      Equation: "PotentialEquation"	RelError: 2.44805e-10	AbsError: 1.38604e-12
    Region: "gate"	RelError: 3.59624e-14	AbsError: 1.76314e+06
      Equation: "ElectronContinuityEquation"	RelError: 1.77394e-14	AbsError: 1.76314e+06
      Equation: "HoleContinuityEquation"	RelError: 1.75206e-14	AbsError: 1.76279e-14
      Equation: "PotentialEquation"	RelError: 7.02410e-16	AbsError: 6.01204e-16
    Region: "oxide"	RelError: 3.47163e-12	AbsError: 1.37218e-12
      Equation: "PotentialEquation"	RelError: 3.47163e-12	AbsError: 1.37218e-12
Succeeded
gate last end 2.600000e-01 5.000000e-01
number of equations 4295
Iteration: 0
  Device: "mos2d"	RelError: 1.77591e+01	AbsError: 1.24401e+17
    Region: "bulk"	RelError: 1.77128e+01	AbsError: 1.24401e+17
      Equation: "ElectronContinuityEquation"	RelError: 2.36252e-01	AbsError: 1.24191e+17
      Equation: "HoleContinuityEquation"	RelError: 4.47876e-01	AbsError: 2.10023e+14
      Equation: "PotentialEquation"	RelError: 1.70286e+01	AbsError: 8.00776e-03
    Region: "gate"	RelError: 2.34726e-02	AbsError: 3.19409e+16
      Equation: "ElectronContinuityEquation"	RelError: 3.21864e-04	AbsError: 3.19409e+16
      Equation: "HoleContinuityEquation"	RelError: 3.21657e-04	AbsError: 3.24128e-04
      Equation: "PotentialEquation"	RelError: 2.28291e-02	AbsError: 2.00000e-02
    Region: "oxide"	RelError: 2.28285e-02	AbsError: 1.99958e-02
      Equation: "PotentialEquation"	RelError: 2.28285e-02	AbsError: 1.99958e-02
Iteration: 1
  Device: "mos2d"	RelError: 5.32604e-01	AbsError: 2.36165e+15
    Region: "bulk"	RelError: 5.31834e-01	AbsError: 2.36165e+15
      Equation: "ElectronContinuityEquation"	RelError: 2.76029e-02	AbsError: 2.35210e+15
      Equation: "HoleContinuityEquation"	RelError: 6.98616e-02	AbsError: 9.55026e+12
      Equation: "PotentialEquation"	RelError: 4.34369e-01	AbsError: 3.09887e-04
    Region: "gate"	RelError: 8.51388e-06	AbsError: 4.15163e+14
      Equation: "ElectronContinuityEquation"	RelError: 4.17932e-06	AbsError: 4.15163e+14
      Equation: "HoleContinuityEquation"	RelError: 4.21058e-06	AbsError: 4.23866e-06
      Equation: "PotentialEquation"	RelError: 1.23981e-07	AbsError: 1.08596e-07
    Region: "oxide"	RelError: 7.61279e-04	AbsError: 3.07926e-04
      Equation: "PotentialEquation"	RelError: 7.61279e-04	AbsError: 3.07926e-04
Iteration: 2
  Device: "mos2d"	RelError: 8.69076e-04	AbsError: 3.91678e+12
    Region: "bulk"	RelError: 8.67796e-04	AbsError: 3.91678e+12
      Equation: "ElectronContinuityEquation"	RelError: 5.30222e-05	AbsError: 3.90399e+12
      Equation: "HoleContinuityEquation"	RelError: 2.22799e-04	AbsError: 1.27911e+10
      Equation: "PotentialEquation"	RelError: 5.91975e-04	AbsError: 5.14188e-07
    Region: "gate"	RelError: 1.34112e-08	AbsError: 6.57478e+11
      Equation: "ElectronContinuityEquation"	RelError: 6.61619e-09	AbsError: 6.57478e+11
      Equation: "HoleContinuityEquation"	RelError: 6.59969e-09	AbsError: 6.64125e-09
      Equation: "PotentialEquation"	RelError: 1.95295e-10	AbsError: 1.71062e-10
    Region: "oxide"	RelError: 1.26579e-06	AbsError: 5.11593e-07
      Equation: "PotentialEquation"	RelError: 1.26579e-06	AbsError: 5.11593e-07
Iteration: 3
  Device: "mos2d"	RelError: 3.02420e-09	AbsError: 1.54051e+07
    Region: "bulk"	RelError: 3.02004e-09	AbsError: 1.54051e+07
      Equation: "ElectronContinuityEquation"	RelError: 2.10348e-10	AbsError: 1.53719e+07
      Equation: "HoleContinuityEquation"	RelError: 1.28475e-09	AbsError: 3.31467e+04
      Equation: "PotentialEquation"	RelError: 1.52494e-09	AbsError: 1.67910e-12
    Region: "gate"	RelError: 4.27918e-14	AbsError: 2.07854e+06
      Equation: "ElectronContinuityEquation"	RelError: 2.09163e-14	AbsError: 2.07854e+06
      Equation: "HoleContinuityEquation"	RelError: 2.10653e-14	AbsError: 2.11979e-14
      Equation: "PotentialEquation"	RelError: 8.10196e-16	AbsError: 7.09660e-16
    Region: "oxide"	RelError: 4.12258e-12	AbsError: 1.67091e-12
      Equation: "PotentialEquation"	RelError: 4.12258e-12	AbsError: 1.67091e-12
Succeeded
gate last end 2.800000e-01 5.000000e-01
number of equations 4295
Iteration: 0
  Device: "mos2d"	RelError: 2.68575e+00	AbsError: 1.27537e+17
    Region: "bulk"	RelError: 2.64046e+00	AbsError: 1.27537e+17
      Equation: "ElectronContinuityEquation"	RelError: 2.22116e-01	AbsError: 1.27346e+17
      Equation: "HoleContinuityEquation"	RelError: 3.99657e-01	AbsError: 1.91043e+14
      Equation: "PotentialEquation"	RelError: 2.01869e+00	AbsError: 7.39180e-03
    Region: "gate"	RelError: 2.29699e-02	AbsError: 3.22686e+16
      Equation: "ElectronContinuityEquation"	RelError: 3.25272e-04	AbsError: 3.22686e+16
      Equation: "HoleContinuityEquation"	RelError: 3.25060e-04	AbsError: 3.27665e-04
      Equation: "PotentialEquation"	RelError: 2.23196e-02	AbsError: 2.00000e-02
    Region: "oxide"	RelError: 2.23188e-02	AbsError: 1.99956e-02
      Equation: "PotentialEquation"	RelError: 2.23188e-02	AbsError: 1.99956e-02
Iteration: 1
  Device: "mos2d"	RelError: 1.70005e-01	AbsError: 2.45129e+15
    Region: "bulk"	RelError: 1.69249e-01	AbsError: 2.45129e+15
      Equation: "ElectronContinuityEquation"	RelError: 2.22891e-02	AbsError: 2.44211e+15
      Equation: "HoleContinuityEquation"	RelError: 6.04511e-02	AbsError: 9.17861e+12
      Equation: "PotentialEquation"	RelError: 8.65092e-02	AbsError: 3.08849e-04
    Region: "gate"	RelError: 8.42975e-06	AbsError: 4.10951e+14
      Equation: "ElectronContinuityEquation"	RelError: 4.13770e-06	AbsError: 4.10951e+14
      Equation: "HoleContinuityEquation"	RelError: 4.17199e-06	AbsError: 4.20061e-06
      Equation: "PotentialEquation"	RelError: 1.20055e-07	AbsError: 1.07557e-07
    Region: "oxide"	RelError: 7.47093e-04	AbsError: 3.07569e-04
      Equation: "PotentialEquation"	RelError: 7.47093e-04	AbsError: 3.07569e-04
Iteration: 2
  Device: "mos2d"	RelError: 3.64070e-04	AbsError: 4.19338e+12
    Region: "bulk"	RelError: 3.62822e-04	AbsError: 4.19338e+12
      Equation: "ElectronContinuityEquation"	RelError: 4.28728e-05	AbsError: 4.18148e+12
      Equation: "HoleContinuityEquation"	RelError: 1.96947e-04	AbsError: 1.18970e+10
      Equation: "PotentialEquation"	RelError: 1.23001e-04	AbsError: 5.09699e-07
    Region: "gate"	RelError: 1.31613e-08	AbsError: 6.45331e+11
      Equation: "ElectronContinuityEquation"	RelError: 6.49509e-09	AbsError: 6.45331e+11
      Equation: "HoleContinuityEquation"	RelError: 6.47877e-09	AbsError: 6.52071e-09
      Equation: "PotentialEquation"	RelError: 1.87440e-10	AbsError: 1.67929e-10
    Region: "oxide"	RelError: 1.23540e-06	AbsError: 5.07975e-07
      Equation: "PotentialEquation"	RelError: 1.23540e-06	AbsError: 5.07975e-07
Iteration: 3
  Device: "mos2d"	RelError: 1.66096e-09	AbsError: 1.64070e+07
    Region: "bulk"	RelError: 1.65705e-09	AbsError: 1.64070e+07
      Equation: "ElectronContinuityEquation"	RelError: 1.69290e-10	AbsError: 1.63781e+07
      Equation: "HoleContinuityEquation"	RelError: 1.17223e-09	AbsError: 2.88171e+04
      Equation: "PotentialEquation"	RelError: 3.15528e-10	AbsError: 1.59467e-12
    Region: "gate"	RelError: 3.98479e-14	AbsError: 1.94977e+06
      Equation: "ElectronContinuityEquation"	RelError: 1.96240e-14	AbsError: 1.94977e+06
      Equation: "HoleContinuityEquation"	RelError: 1.95356e-14	AbsError: 1.96620e-14
      Equation: "PotentialEquation"	RelError: 6.88304e-16	AbsError: 6.16650e-16
    Region: "oxide"	RelError: 3.86912e-12	AbsError: 1.59306e-12
      Equation: "PotentialEquation"	RelError: 3.86912e-12	AbsError: 1.59306e-12
Succeeded
gate last end 3.000000e-01 5.000000e-01
number of equations 4295
Iteration: 0
  Device: "mos2d"	RelError: 3.09280e+00	AbsError: 1.30620e+17
    Region: "bulk"	RelError: 3.04848e+00	AbsError: 1.30620e+17
      Equation: "ElectronContinuityEquation"	RelError: 2.07552e-01	AbsError: 1.30447e+17
      Equation: "HoleContinuityEquation"	RelError: 3.54853e-01	AbsError: 1.72887e+14
      Equation: "PotentialEquation"	RelError: 2.48608e+00	AbsError: 6.78018e-03
    Region: "gate"	RelError: 2.24888e-02	AbsError: 3.25673e+16
      Equation: "ElectronContinuityEquation"	RelError: 3.28392e-04	AbsError: 3.25673e+16
      Equation: "HoleContinuityEquation"	RelError: 3.28176e-04	AbsError: 3.30915e-04
      Equation: "PotentialEquation"	RelError: 2.18323e-02	AbsError: 2.00000e-02
    Region: "oxide"	RelError: 2.18313e-02	AbsError: 1.99954e-02
      Equation: "PotentialEquation"	RelError: 2.18313e-02	AbsError: 1.99954e-02
Iteration: 1
  Device: "mos2d"	RelError: 2.08127e-01	AbsError: 2.47950e+15
    Region: "bulk"	RelError: 2.07409e-01	AbsError: 2.47950e+15
      Equation: "ElectronContinuityEquation"	RelError: 1.77864e-02	AbsError: 2.47092e+15
      Equation: "HoleContinuityEquation"	RelError: 5.16870e-02	AbsError: 8.58342e+12
      Equation: "PotentialEquation"	RelError: 1.37935e-01	AbsError: 2.97598e-04
    Region: "gate"	RelError: 8.08593e-06	AbsError: 3.94010e+14
      Equation: "ElectronContinuityEquation"	RelError: 3.96791e-06	AbsError: 3.94010e+14
      Equation: "HoleContinuityEquation"	RelError: 4.00534e-06	AbsError: 4.03361e-06
      Equation: "PotentialEquation"	RelError: 1.12680e-07	AbsError: 1.03203e-07
    Region: "oxide"	RelError: 7.09947e-04	AbsError: 2.96988e-04
      Equation: "PotentialEquation"	RelError: 7.09947e-04	AbsError: 2.96988e-04
Iteration: 2
  Device: "mos2d"	RelError: 3.79924e-04	AbsError: 4.05025e+12
    Region: "bulk"	RelError: 3.78808e-04	AbsError: 4.05025e+12
      Equation: "ElectronContinuityEquation"	RelError: 3.19985e-05	AbsError: 4.04001e+12
      Equation: "HoleContinuityEquation"	RelError: 1.65636e-04	AbsError: 1.02362e+10
      Equation: "PotentialEquation"	RelError: 1.81173e-04	AbsError: 4.62163e-07
    Region: "gate"	RelError: 1.18315e-08	AbsError: 5.80222e+11
      Equation: "ElectronContinuityEquation"	RelError: 5.84085e-09	AbsError: 5.80222e+11
      Equation: "HoleContinuityEquation"	RelError: 5.82573e-09	AbsError: 5.86452e-09
      Equation: "PotentialEquation"	RelError: 1.64874e-10	AbsError: 1.51008e-10
    Region: "oxide"	RelError: 1.10431e-06	AbsError: 4.61155e-07
      Equation: "PotentialEquation"	RelError: 1.10431e-06	AbsError: 4.61155e-07
Iteration: 3
  Device: "mos2d"	RelError: 1.42828e-09	AbsError: 1.40842e+07
    Region: "bulk"	RelError: 1.42526e-09	AbsError: 1.40842e+07
      Equation: "ElectronContinuityEquation"	RelError: 1.12466e-10	AbsError: 1.40633e+07
      Equation: "HoleContinuityEquation"	RelError: 9.21410e-10	AbsError: 2.08652e+04
      Equation: "PotentialEquation"	RelError: 3.91385e-10	AbsError: 1.24842e-12
    Region: "gate"	RelError: 3.05710e-14	AbsError: 1.50123e+06
      Equation: "ElectronContinuityEquation"	RelError: 1.51122e-14	AbsError: 1.50123e+06
      Equation: "HoleContinuityEquation"	RelError: 1.48857e-14	AbsError: 1.49848e-14
      Equation: "PotentialEquation"	RelError: 5.73095e-16	AbsError: 5.24899e-16
    Region: "oxide"	RelError: 2.98953e-12	AbsError: 1.24842e-12
      Equation: "PotentialEquation"	RelError: 2.98953e-12	AbsError: 1.24842e-12
Succeeded
gate last end 3.200000e-01 5.000000e-01
number of equations 4295
Iteration: 0
  Device: "mos2d"	RelError: 1.26967e+00	AbsError: 1.33660e+17
    Region: "bulk"	RelError: 1.22628e+00	AbsError: 1.33660e+17
      Equation: "ElectronContinuityEquation"	RelError: 1.93034e-01	AbsError: 1.33504e+17
      Equation: "HoleContinuityEquation"	RelError: 3.14423e-01	AbsError: 1.55973e+14
      Equation: "PotentialEquation"	RelError: 7.18821e-01	AbsError: 6.19247e-03
    Region: "gate"	RelError: 2.20280e-02	AbsError: 3.28370e+16
      Equation: "ElectronContinuityEquation"	RelError: 3.31221e-04	AbsError: 3.28370e+16
      Equation: "HoleContinuityEquation"	RelError: 3.31002e-04	AbsError: 3.33875e-04
      Equation: "PotentialEquation"	RelError: 2.13658e-02	AbsError: 2.00000e-02
    Region: "oxide"	RelError: 2.13647e-02	AbsError: 1.99952e-02
      Equation: "PotentialEquation"	RelError: 2.13647e-02	AbsError: 1.99952e-02
Iteration: 1
  Device: "mos2d"	RelError: 9.56388e-02	AbsError: 2.46121e+15
    Region: "bulk"	RelError: 9.49743e-02	AbsError: 2.46121e+15
      Equation: "ElectronContinuityEquation"	RelError: 1.41294e-02	AbsError: 2.45336e+15
      Equation: "HoleContinuityEquation"	RelError: 4.38207e-02	AbsError: 7.85129e+12
      Equation: "PotentialEquation"	RelError: 3.70241e-02	AbsError: 2.78952e-04
    Region: "gate"	RelError: 7.55722e-06	AbsError: 3.68005e+14
      Equation: "ElectronContinuityEquation"	RelError: 3.70679e-06	AbsError: 3.68005e+14
      Equation: "HoleContinuityEquation"	RelError: 3.74733e-06	AbsError: 3.77456e-06
      Equation: "PotentialEquation"	RelError: 1.03093e-07	AbsError: 9.64833e-08
    Region: "oxide"	RelError: 6.56946e-04	AbsError: 2.78824e-04
      Equation: "PotentialEquation"	RelError: 6.56946e-04	AbsError: 2.78824e-04
Iteration: 2
  Device: "mos2d"	RelError: 2.00456e-04	AbsError: 3.60685e+12
    Region: "bulk"	RelError: 1.99525e-04	AbsError: 3.60685e+12
      Equation: "ElectronContinuityEquation"	RelError: 2.24740e-05	AbsError: 3.59857e+12
      Equation: "HoleContinuityEquation"	RelError: 1.33844e-04	AbsError: 8.28088e+09
      Equation: "PotentialEquation"	RelError: 4.32075e-05	AbsError: 3.90401e-07
    Region: "gate"	RelError: 9.92156e-09	AbsError: 4.86640e+11
      Equation: "ElectronContinuityEquation"	RelError: 4.89974e-09	AbsError: 4.86640e+11
      Equation: "HoleContinuityEquation"	RelError: 4.88648e-09	AbsError: 4.91995e-09
      Equation: "PotentialEquation"	RelError: 1.35346e-10	AbsError: 1.26670e-10
    Region: "oxide"	RelError: 9.20647e-07	AbsError: 3.89855e-07
      Equation: "PotentialEquation"	RelError: 9.20647e-07	AbsError: 3.89855e-07
Iteration: 3
  Device: "mos2d"	RelError: 7.84530e-10	AbsError: 1.02349e+07
    Region: "bulk"	RelError: 7.82523e-10	AbsError: 1.02349e+07
      Equation: "ElectronContinuityEquation"	RelError: 6.46730e-11	AbsError: 1.02218e+07
      Equation: "HoleContinuityEquation"	RelError: 6.45316e-10	AbsError: 1.30890e+04
      Equation: "PotentialEquation"	RelError: 7.25343e-11	AbsError: 8.41128e-13
    Region: "gate"	RelError: 2.01651e-14	AbsError: 9.83825e+05
      Equation: "ElectronContinuityEquation"	RelError: 9.90564e-15	AbsError: 9.83825e+05
      Equation: "HoleContinuityEquation"	RelError: 9.81846e-15	AbsError: 9.88572e-15
      Equation: "PotentialEquation"	RelError: 4.40996e-16	AbsError: 4.12727e-16
    Region: "oxide"	RelError: 1.98641e-12	AbsError: 8.41128e-13
      Equation: "PotentialEquation"	RelError: 1.98641e-12	AbsError: 8.41128e-13
Succeeded
gate last end 3.400000e-01 5.000000e-01
number of equations 4295
Iteration: 0
  Device: "mos2d"	RelError: 9.02836e-01	AbsError: 1.36662e+17
    Region: "bulk"	RelError: 8.60332e-01	AbsError: 1.36662e+17
      Equation: "ElectronContinuityEquation"	RelError: 1.79113e-01	AbsError: 1.36522e+17
      Equation: "HoleContinuityEquation"	RelError: 2.79090e-01	AbsError: 1.40547e+14
      Equation: "PotentialEquation"	RelError: 4.02129e-01	AbsError: 5.64844e-03
    Region: "gate"	RelError: 2.15862e-02	AbsError: 3.30791e+16
      Equation: "ElectronContinuityEquation"	RelError: 3.33774e-04	AbsError: 3.30791e+16
      Equation: "HoleContinuityEquation"	RelError: 3.33552e-04	AbsError: 3.36560e-04
      Equation: "PotentialEquation"	RelError: 2.09189e-02	AbsError: 2.00000e-02
    Region: "oxide"	RelError: 2.09176e-02	AbsError: 1.99950e-02
      Equation: "PotentialEquation"	RelError: 2.09176e-02	AbsError: 1.99950e-02
Iteration: 1
  Device: "mos2d"	RelError: 6.92119e-02	AbsError: 2.41242e+15
    Region: "bulk"	RelError: 6.86095e-02	AbsError: 2.41242e+15
      Equation: "ElectronContinuityEquation"	RelError: 1.12175e-02	AbsError: 2.40536e+15
      Equation: "HoleContinuityEquation"	RelError: 3.69678e-02	AbsError: 7.06291e+12
      Equation: "PotentialEquation"	RelError: 2.04242e-02	AbsError: 2.56076e-04
    Region: "gate"	RelError: 6.92340e-06	AbsError: 3.36848e+14
      Equation: "ElectronContinuityEquation"	RelError: 3.39367e-06	AbsError: 3.36848e+14
      Equation: "HoleContinuityEquation"	RelError: 3.43723e-06	AbsError: 3.46294e-06
      Equation: "PotentialEquation"	RelError: 9.24974e-08	AbsError: 8.84165e-08
    Region: "oxide"	RelError: 5.95489e-04	AbsError: 2.56076e-04
      Equation: "PotentialEquation"	RelError: 5.95489e-04	AbsError: 2.56076e-04
Iteration: 2
  Device: "mos2d"	RelError: 1.42038e-04	AbsError: 3.01946e+12
    Region: "bulk"	RelError: 1.41302e-04	AbsError: 3.01946e+12
      Equation: "ElectronContinuityEquation"	RelError: 1.52362e-05	AbsError: 3.01306e+12
      Equation: "HoleContinuityEquation"	RelError: 1.05494e-04	AbsError: 6.39905e+09
      Equation: "PotentialEquation"	RelError: 2.05714e-05	AbsError: 3.12449e-07
    Region: "gate"	RelError: 7.89506e-09	AbsError: 3.87307e+11
      Equation: "ElectronContinuityEquation"	RelError: 3.90037e-09	AbsError: 3.87307e+11
      Equation: "HoleContinuityEquation"	RelError: 3.88921e-09	AbsError: 3.91663e-09
      Equation: "PotentialEquation"	RelError: 1.05478e-10	AbsError: 1.00826e-10
    Region: "oxide"	RelError: 7.28137e-07	AbsError: 3.12433e-07
      Equation: "PotentialEquation"	RelError: 7.28137e-07	AbsError: 3.12433e-07
Iteration: 3
  Device: "mos2d"	RelError: 4.73904e-10	AbsError: 6.56264e+06
    Region: "bulk"	RelError: 4.72712e-10	AbsError: 6.56264e+06
      Equation: "ElectronContinuityEquation"	RelError: 3.34912e-11	AbsError: 6.55525e+06
      Equation: "HoleContinuityEquation"	RelError: 4.13918e-10	AbsError: 7.38646e+03
      Equation: "PotentialEquation"	RelError: 2.53031e-11	AbsError: 5.05857e-13
    Region: "gate"	RelError: 1.20506e-14	AbsError: 5.80055e+05
      Equation: "ElectronContinuityEquation"	RelError: 5.84144e-15	AbsError: 5.80055e+05
      Equation: "HoleContinuityEquation"	RelError: 5.94753e-15	AbsError: 5.98946e-15
      Equation: "PotentialEquation"	RelError: 2.61597e-16	AbsError: 2.50056e-16
    Region: "oxide"	RelError: 1.17981e-12	AbsError: 5.05857e-13
      Equation: "PotentialEquation"	RelError: 1.17981e-12	AbsError: 5.05857e-13
Succeeded
gate last end 3.600000e-01 5.000000e-01
number of equations 4295
Iteration: 0
  Device: "mos2d"	RelError: 7.26860e-01	AbsError: 1.39626e+17
    Region: "bulk"	RelError: 6.85209e-01	AbsError: 1.39626e+17
      Equation: "ElectronContinuityEquation"	RelError: 1.66153e-01	AbsError: 1.39500e+17
      Equation: "HoleContinuityEquation"	RelError: 2.48845e-01	AbsError: 1.26697e+14
      Equation: "PotentialEquation"	RelError: 2.70211e-01	AbsError: 5.15829e-03
    Region: "gate"	RelError: 2.11622e-02	AbsError: 3.32959e+16
      Equation: "ElectronContinuityEquation"	RelError: 3.36075e-04	AbsError: 3.32959e+16
      Equation: "HoleContinuityEquation"	RelError: 3.35849e-04	AbsError: 3.38993e-04
      Equation: "PotentialEquation"	RelError: 2.04902e-02	AbsError: 2.00000e-02
    Region: "oxide"	RelError: 2.04888e-02	AbsError: 1.99948e-02
      Equation: "PotentialEquation"	RelError: 2.04888e-02	AbsError: 1.99948e-02
Iteration: 1
  Device: "mos2d"	RelError: 5.40831e-02	AbsError: 2.34661e+15
    Region: "bulk"	RelError: 5.35451e-02	AbsError: 2.34661e+15
      Equation: "ElectronContinuityEquation"	RelError: 8.92798e-03	AbsError: 2.34033e+15
      Equation: "HoleContinuityEquation"	RelError: 3.11308e-02	AbsError: 6.28016e+12
      Equation: "PotentialEquation"	RelError: 1.34863e-02	AbsError: 2.31402e-04
    Region: "gate"	RelError: 6.25229e-06	AbsError: 3.03862e+14
      Equation: "ElectronContinuityEquation"	RelError: 3.06202e-06	AbsError: 3.03862e+14
      Equation: "HoleContinuityEquation"	RelError: 3.10843e-06	AbsError: 3.13236e-06
      Equation: "PotentialEquation"	RelError: 8.18423e-08	AbsError: 7.98679e-08
    Region: "oxide"	RelError: 5.31745e-04	AbsError: 2.31402e-04
      Equation: "PotentialEquation"	RelError: 5.31745e-04	AbsError: 2.31402e-04
Iteration: 2
  Device: "mos2d"	RelError: 1.03660e-04	AbsError: 2.41630e+12
    Region: "bulk"	RelError: 1.03099e-04	AbsError: 2.41630e+12
      Equation: "ElectronContinuityEquation"	RelError: 1.00671e-05	AbsError: 2.41151e+12
      Equation: "HoleContinuityEquation"	RelError: 8.15393e-05	AbsError: 4.79028e+09
      Equation: "PotentialEquation"	RelError: 1.14927e-05	AbsError: 2.40819e-07
    Region: "gate"	RelError: 6.05198e-09	AbsError: 2.96939e+11
      Equation: "ElectronContinuityEquation"	RelError: 2.99093e-09	AbsError: 2.96939e+11
      Equation: "HoleContinuityEquation"	RelError: 2.98183e-09	AbsError: 3.00346e-09
      Equation: "PotentialEquation"	RelError: 7.92199e-11	AbsError: 7.73097e-11
    Region: "oxide"	RelError: 5.54563e-07	AbsError: 2.40819e-07
      Equation: "PotentialEquation"	RelError: 5.54563e-07	AbsError: 2.40819e-07
Iteration: 3
  Device: "mos2d"	RelError: 2.75731e-10	AbsError: 3.84440e+06
    Region: "bulk"	RelError: 2.75077e-10	AbsError: 3.84440e+06
      Equation: "ElectronContinuityEquation"	RelError: 1.62293e-11	AbsError: 3.84054e+06
      Equation: "HoleContinuityEquation"	RelError: 2.48908e-10	AbsError: 3.86690e+03
      Equation: "PotentialEquation"	RelError: 9.93958e-12	AbsError: 2.80744e-13
    Region: "gate"	RelError: 6.74872e-15	AbsError: 3.26261e+05
      Equation: "ElectronContinuityEquation"	RelError: 3.28628e-15	AbsError: 3.26261e+05
      Equation: "HoleContinuityEquation"	RelError: 3.22536e-15	AbsError: 3.24876e-15
      Equation: "PotentialEquation"	RelError: 2.37073e-16	AbsError: 2.31354e-16
    Region: "oxide"	RelError: 6.47468e-13	AbsError: 2.80744e-13
      Equation: "PotentialEquation"	RelError: 6.47468e-13	AbsError: 2.80744e-13
Succeeded
gate last end 3.800000e-01 5.000000e-01
number of equations 4295
Iteration: 0
  Device: "mos2d"	RelError: 6.16465e-01	AbsError: 1.42548e+17
    Region: "bulk"	RelError: 5.75633e-01	AbsError: 1.42548e+17
      Equation: "ElectronContinuityEquation"	RelError: 1.54239e-01	AbsError: 1.42434e+17
      Equation: "HoleContinuityEquation"	RelError: 2.23043e-01	AbsError: 1.14398e+14
      Equation: "PotentialEquation"	RelError: 1.98351e-01	AbsError: 4.72097e-03
    Region: "gate"	RelError: 2.07549e-02	AbsError: 3.34902e+16
      Equation: "ElectronContinuityEquation"	RelError: 3.38151e-04	AbsError: 3.34902e+16
      Equation: "HoleContinuityEquation"	RelError: 3.37922e-04	AbsError: 3.41201e-04
      Equation: "PotentialEquation"	RelError: 2.00788e-02	AbsError: 2.00000e-02
    Region: "oxide"	RelError: 2.00773e-02	AbsError: 1.99946e-02
      Equation: "PotentialEquation"	RelError: 2.00773e-02	AbsError: 1.99946e-02
Iteration: 1
  Device: "mos2d"	RelError: 4.35798e-02	AbsError: 2.27342e+15
    Region: "bulk"	RelError: 4.31041e-02	AbsError: 2.27342e+15
      Equation: "ElectronContinuityEquation"	RelError: 7.14969e-03	AbsError: 2.26787e+15
      Equation: "HoleContinuityEquation"	RelError: 2.62899e-02	AbsError: 5.54310e+12
      Equation: "PotentialEquation"	RelError: 9.66448e-03	AbsError: 2.06781e-04
    Region: "gate"	RelError: 5.59264e-06	AbsError: 2.71440e+14
      Equation: "ElectronContinuityEquation"	RelError: 2.73591e-06	AbsError: 2.71440e+14
      Equation: "HoleContinuityEquation"	RelError: 2.78497e-06	AbsError: 2.80705e-06
      Equation: "PotentialEquation"	RelError: 7.17565e-08	AbsError: 7.14602e-08
    Region: "oxide"	RelError: 4.70046e-04	AbsError: 2.06781e-04
      Equation: "PotentialEquation"	RelError: 4.70046e-04	AbsError: 2.06781e-04
Iteration: 2
  Device: "mos2d"	RelError: 7.60605e-05	AbsError: 1.87412e+12
    Region: "bulk"	RelError: 7.56441e-05	AbsError: 1.87412e+12
      Equation: "ElectronContinuityEquation"	RelError: 6.54235e-06	AbsError: 1.87060e+12
      Equation: "HoleContinuityEquation"	RelError: 6.22201e-05	AbsError: 3.51462e+09
      Equation: "PotentialEquation"	RelError: 6.88165e-06	AbsError: 1.80785e-07
    Region: "gate"	RelError: 4.52499e-09	AbsError: 2.22053e+11
      Equation: "ElectronContinuityEquation"	RelError: 2.23711e-09	AbsError: 2.22053e+11
      Equation: "HoleContinuityEquation"	RelError: 2.22983e-09	AbsError: 2.24648e-09
      Equation: "PotentialEquation"	RelError: 5.80580e-11	AbsError: 5.78189e-11
    Region: "oxide"	RelError: 4.11814e-07	AbsError: 1.80785e-07
      Equation: "PotentialEquation"	RelError: 4.11814e-07	AbsError: 1.80785e-07
Succeeded
gate last end 4.000000e-01 5.000000e-01
number of equations 4295
Iteration: 0
  Device: "mos2d"	RelError: 5.65075e-01	AbsError: 1.45423e+17
    Region: "bulk"	RelError: 5.25029e-01	AbsError: 1.45423e+17
      Equation: "ElectronContinuityEquation"	RelError: 1.43325e-01	AbsError: 1.45320e+17
      Equation: "HoleContinuityEquation"	RelError: 2.00919e-01	AbsError: 1.03550e+14
      Equation: "PotentialEquation"	RelError: 1.80785e-01	AbsError: 4.33104e-03
    Region: "gate"	RelError: 2.03634e-02	AbsError: 3.36648e+16
      Equation: "ElectronContinuityEquation"	RelError: 3.40030e-04	AbsError: 3.36648e+16
      Equation: "HoleContinuityEquation"	RelError: 3.39799e-04	AbsError: 3.43213e-04
      Equation: "PotentialEquation"	RelError: 1.96836e-02	AbsError: 2.00000e-02
    Region: "oxide"	RelError: 1.96820e-02	AbsError: 1.99945e-02
      Equation: "PotentialEquation"	RelError: 1.96820e-02	AbsError: 1.99945e-02
Iteration: 1
  Device: "mos2d"	RelError: 3.67187e-02	AbsError: 2.19895e+15
    Region: "bulk"	RelError: 3.63008e-02	AbsError: 2.19895e+15
      Equation: "ElectronContinuityEquation"	RelError: 5.77569e-03	AbsError: 2.19408e+15
      Equation: "HoleContinuityEquation"	RelError: 2.23089e-02	AbsError: 4.87307e+12
      Equation: "PotentialEquation"	RelError: 8.21620e-03	AbsError: 1.83479e-04
    Region: "gate"	RelError: 4.97447e-06	AbsError: 2.41054e+14
      Equation: "ElectronContinuityEquation"	RelError: 2.43020e-06	AbsError: 2.41054e+14
      Equation: "HoleContinuityEquation"	RelError: 2.48169e-06	AbsError: 2.50193e-06
      Equation: "PotentialEquation"	RelError: 6.25848e-08	AbsError: 6.35776e-08
    Region: "oxide"	RelError: 4.12969e-04	AbsError: 1.83479e-04
      Equation: "PotentialEquation"	RelError: 4.12969e-04	AbsError: 1.83479e-04
Iteration: 2
  Device: "mos2d"	RelError: 5.62965e-05	AbsError: 1.42443e+12
    Region: "bulk"	RelError: 5.59921e-05	AbsError: 1.42443e+12
      Equation: "ElectronContinuityEquation"	RelError: 4.49163e-06	AbsError: 1.42188e+12
      Equation: "HoleContinuityEquation"	RelError: 4.71770e-05	AbsError: 2.55060e+09
      Equation: "PotentialEquation"	RelError: 4.32344e-06	AbsError: 1.33504e-07
    Region: "gate"	RelError: 3.33262e-09	AbsError: 1.63565e+11
      Equation: "ElectronContinuityEquation"	RelError: 1.64822e-09	AbsError: 1.63565e+11
      Equation: "HoleContinuityEquation"	RelError: 1.64247e-09	AbsError: 1.65509e-09
      Equation: "PotentialEquation"	RelError: 4.19284e-11	AbsError: 4.25941e-11
    Region: "oxide"	RelError: 3.01114e-07	AbsError: 1.33504e-07
      Equation: "PotentialEquation"	RelError: 3.01114e-07	AbsError: 1.33504e-07
Succeeded
gate last end 4.200000e-01 5.000000e-01
number of equations 4295
Iteration: 0
  Device: "mos2d"	RelError: 5.49697e-01	AbsError: 1.48246e+17
    Region: "bulk"	RelError: 5.10408e-01	AbsError: 1.48246e+17
      Equation: "ElectronContinuityEquation"	RelError: 1.33402e-01	AbsError: 1.48152e+17
      Equation: "HoleContinuityEquation"	RelError: 1.81947e-01	AbsError: 9.40154e+13
      Equation: "PotentialEquation"	RelError: 1.95059e-01	AbsError: 3.98503e-03
    Region: "gate"	RelError: 1.99869e-02	AbsError: 3.38224e+16
      Equation: "ElectronContinuityEquation"	RelError: 3.41738e-04	AbsError: 3.38224e+16
      Equation: "HoleContinuityEquation"	RelError: 3.41505e-04	AbsError: 3.45054e-04
      Equation: "PotentialEquation"	RelError: 1.93036e-02	AbsError: 2.00000e-02
    Region: "oxide"	RelError: 1.93020e-02	AbsError: 1.99944e-02
      Equation: "PotentialEquation"	RelError: 1.93020e-02	AbsError: 1.99944e-02
Iteration: 1
  Device: "mos2d"	RelError: 3.26825e-02	AbsError: 2.12662e+15
    Region: "bulk"	RelError: 3.23164e-02	AbsError: 2.12662e+15
      Equation: "ElectronContinuityEquation"	RelError: 4.71382e-03	AbsError: 2.12234e+15
      Equation: "HoleContinuityEquation"	RelError: 1.90433e-02	AbsError: 4.27794e+12
      Equation: "PotentialEquation"	RelError: 8.55930e-03	AbsError: 1.62181e-04
    Region: "gate"	RelError: 4.41303e-06	AbsError: 2.13452e+14
      Equation: "ElectronContinuityEquation"	RelError: 2.15243e-06	AbsError: 2.13452e+14
      Equation: "HoleContinuityEquation"	RelError: 2.20613e-06	AbsError: 2.22465e-06
      Equation: "PotentialEquation"	RelError: 5.44627e-08	AbsError: 5.64156e-08
    Region: "oxide"	RelError: 3.61728e-04	AbsError: 1.62181e-04
      Equation: "PotentialEquation"	RelError: 3.61728e-04	AbsError: 1.62181e-04
Iteration: 2
  Device: "mos2d"	RelError: 4.34008e-05	AbsError: 1.06996e+12
    Region: "bulk"	RelError: 4.31799e-05	AbsError: 1.06996e+12
      Equation: "ElectronContinuityEquation"	RelError: 3.74000e-06	AbsError: 1.06812e+12
      Equation: "HoleContinuityEquation"	RelError: 3.57210e-05	AbsError: 1.84344e+09
      Equation: "PotentialEquation"	RelError: 3.71894e-06	AbsError: 9.77182e-08
    Region: "gate"	RelError: 2.43574e-09	AbsError: 1.19565e+11
      Equation: "ElectronContinuityEquation"	RelError: 1.20509e-09	AbsError: 1.19565e+11
      Equation: "HoleContinuityEquation"	RelError: 1.20058e-09	AbsError: 1.21007e-09
      Equation: "PotentialEquation"	RelError: 3.00604e-11	AbsError: 3.11387e-11
    Region: "oxide"	RelError: 2.18414e-07	AbsError: 9.77182e-08
      Equation: "PotentialEquation"	RelError: 2.18414e-07	AbsError: 9.77182e-08
Succeeded
gate last end 4.400000e-01 5.000000e-01
number of equations 4295
Iteration: 0
  Device: "mos2d"	RelError: 5.43172e-01	AbsError: 1.51011e+17
    Region: "bulk"	RelError: 5.04611e-01	AbsError: 1.51011e+17
      Equation: "ElectronContinuityEquation"	RelError: 1.24428e-01	AbsError: 1.50926e+17
      Equation: "HoleContinuityEquation"	RelError: 1.65651e-01	AbsError: 8.56447e+13
      Equation: "PotentialEquation"	RelError: 2.14532e-01	AbsError: 3.67885e-03
    Region: "gate"	RelError: 1.96244e-02	AbsError: 3.39652e+16
      Equation: "ElectronContinuityEquation"	RelError: 3.43299e-04	AbsError: 3.39652e+16
      Equation: "HoleContinuityEquation"	RelError: 3.43064e-04	AbsError: 3.46748e-04
      Equation: "PotentialEquation"	RelError: 1.89381e-02	AbsError: 2.00000e-02
    Region: "oxide"	RelError: 1.89364e-02	AbsError: 1.99943e-02
      Equation: "PotentialEquation"	RelError: 1.89364e-02	AbsError: 1.99943e-02
Iteration: 1
  Device: "mos2d"	RelError: 2.96205e-02	AbsError: 2.05801e+15
    Region: "bulk"	RelError: 2.92999e-02	AbsError: 2.05801e+15
      Equation: "ElectronContinuityEquation"	RelError: 3.88970e-03	AbsError: 2.05425e+15
      Equation: "HoleContinuityEquation"	RelError: 1.63464e-02	AbsError: 3.75713e+12
      Equation: "PotentialEquation"	RelError: 9.06387e-03	AbsError: 1.43153e-04
    Region: "gate"	RelError: 3.91340e-06	AbsError: 1.88885e+14
      Equation: "ElectronContinuityEquation"	RelError: 1.90515e-06	AbsError: 1.88885e+14
      Equation: "HoleContinuityEquation"	RelError: 1.96085e-06	AbsError: 1.97778e-06
      Equation: "PotentialEquation"	RelError: 4.73932e-08	AbsError: 5.00402e-08
    Region: "oxide"	RelError: 3.16623e-04	AbsError: 1.43153e-04
      Equation: "PotentialEquation"	RelError: 3.16623e-04	AbsError: 1.43153e-04
Iteration: 2
  Device: "mos2d"	RelError: 3.36006e-05	AbsError: 7.99339e+11
    Region: "bulk"	RelError: 3.34408e-05	AbsError: 7.99339e+11
      Equation: "ElectronContinuityEquation"	RelError: 3.07718e-06	AbsError: 7.98006e+11
      Equation: "HoleContinuityEquation"	RelError: 2.71083e-05	AbsError: 1.33345e+09
      Equation: "PotentialEquation"	RelError: 3.25524e-06	AbsError: 7.12912e-08
    Region: "gate"	RelError: 1.77630e-09	AbsError: 8.72076e+10
      Equation: "ElectronContinuityEquation"	RelError: 8.79163e-10	AbsError: 8.72076e+10
      Equation: "HoleContinuityEquation"	RelError: 8.75627e-10	AbsError: 8.82743e-10
      Equation: "PotentialEquation"	RelError: 2.15122e-11	AbsError: 2.27140e-11
    Region: "oxide"	RelError: 1.58027e-07	AbsError: 7.12912e-08
      Equation: "PotentialEquation"	RelError: 1.58027e-07	AbsError: 7.12912e-08
Succeeded
gate last end 4.600000e-01 5.000000e-01
number of equations 4295
Iteration: 0
  Device: "mos2d"	RelError: 5.47797e-01	AbsError: 1.53716e+17
    Region: "bulk"	RelError: 5.09937e-01	AbsError: 1.53716e+17
      Equation: "ElectronContinuityEquation"	RelError: 1.16335e-01	AbsError: 1.53638e+17
      Equation: "HoleContinuityEquation"	RelError: 1.51610e-01	AbsError: 7.82908e+13
      Equation: "PotentialEquation"	RelError: 2.41992e-01	AbsError: 3.40806e-03
    Region: "gate"	RelError: 1.92753e-02	AbsError: 3.40952e+16
      Equation: "ElectronContinuityEquation"	RelError: 3.44733e-04	AbsError: 3.40952e+16
      Equation: "HoleContinuityEquation"	RelError: 3.44495e-04	AbsError: 3.48315e-04
      Equation: "PotentialEquation"	RelError: 1.85861e-02	AbsError: 2.00000e-02
    Region: "oxide"	RelError: 1.85844e-02	AbsError: 1.99942e-02
      Equation: "PotentialEquation"	RelError: 1.85844e-02	AbsError: 1.99942e-02
Iteration: 1
  Device: "mos2d"	RelError: 2.74673e-02	AbsError: 1.99367e+15
    Region: "bulk"	RelError: 2.71864e-02	AbsError: 1.99367e+15
      Equation: "ElectronContinuityEquation"	RelError: 3.24560e-03	AbsError: 1.99037e+15
      Equation: "HoleContinuityEquation"	RelError: 1.41142e-02	AbsError: 3.30542e+12
      Equation: "PotentialEquation"	RelError: 9.82660e-03	AbsError: 1.26403e-04
    Region: "gate"	RelError: 3.47452e-06	AbsError: 1.67301e+14
      Equation: "ElectronContinuityEquation"	RelError: 1.68786e-06	AbsError: 1.67301e+14
      Equation: "HoleContinuityEquation"	RelError: 1.74536e-06	AbsError: 1.76085e-06
      Equation: "PotentialEquation"	RelError: 4.13055e-08	AbsError: 4.44383e-08
    Region: "oxide"	RelError: 2.77414e-04	AbsError: 1.26403e-04
      Equation: "PotentialEquation"	RelError: 2.77414e-04	AbsError: 1.26403e-04
Iteration: 2
  Device: "mos2d"	RelError: 2.62311e-05	AbsError: 5.96699e+11
    Region: "bulk"	RelError: 2.61153e-05	AbsError: 5.96699e+11
      Equation: "ElectronContinuityEquation"	RelError: 2.51636e-06	AbsError: 5.95730e+11
      Equation: "HoleContinuityEquation"	RelError: 2.06727e-05	AbsError: 9.68653e+08
      Equation: "PotentialEquation"	RelError: 2.92629e-06	AbsError: 5.20486e-08
    Region: "gate"	RelError: 1.29753e-09	AbsError: 6.37118e+10
      Equation: "ElectronContinuityEquation"	RelError: 6.42441e-10	AbsError: 6.37118e+10
      Equation: "HoleContinuityEquation"	RelError: 6.39664e-10	AbsError: 6.45008e-10
      Equation: "PotentialEquation"	RelError: 1.54254e-11	AbsError: 1.65956e-11
    Region: "oxide"	RelError: 1.14492e-07	AbsError: 5.20486e-08
      Equation: "PotentialEquation"	RelError: 1.14492e-07	AbsError: 5.20486e-08
Succeeded
gate last end 4.800000e-01 5.000000e-01
setting to last bias 5.000000e-01
setting next bias 5.000000e-01
number of equations 4295
Iteration: 0
  Device: "mos2d"	RelError: 5.68339e-01	AbsError: 1.56357e+17
    Region: "bulk"	RelError: 5.31155e-01	AbsError: 1.56357e+17
      Equation: "ElectronContinuityEquation"	RelError: 1.09044e-01	AbsError: 1.56285e+17
      Equation: "HoleContinuityEquation"	RelError: 1.39459e-01	AbsError: 7.18182e+13
      Equation: "PotentialEquation"	RelError: 2.82652e-01	AbsError: 3.16834e-03
    Region: "gate"	RelError: 1.89388e-02	AbsError: 3.42141e+16
      Equation: "ElectronContinuityEquation"	RelError: 3.46055e-04	AbsError: 3.42141e+16
      Equation: "HoleContinuityEquation"	RelError: 3.45816e-04	AbsError: 3.49772e-04
      Equation: "PotentialEquation"	RelError: 1.82469e-02	AbsError: 2.00000e-02
    Region: "oxide"	RelError: 1.82452e-02	AbsError: 1.99942e-02
      Equation: "PotentialEquation"	RelError: 1.82452e-02	AbsError: 1.99942e-02
Iteration: 1
  Device: "mos2d"	RelError: 2.62680e-02	AbsError: 1.93355e+15
    Region: "bulk"	RelError: 2.60213e-02	AbsError: 1.93355e+15
      Equation: "ElectronContinuityEquation"	RelError: 2.74091e-03	AbsError: 1.93064e+15
      Equation: "HoleContinuityEquation"	RelError: 1.22613e-02	AbsError: 2.91557e+12
      Equation: "PotentialEquation"	RelError: 1.10191e-02	AbsError: 1.11794e-04
    Region: "gate"	RelError: 3.09200e-06	AbsError: 1.48484e+14
      Equation: "ElectronContinuityEquation"	RelError: 1.49839e-06	AbsError: 1.48484e+14
      Equation: "HoleContinuityEquation"	RelError: 1.55752e-06	AbsError: 1.57173e-06
      Equation: "PotentialEquation"	RelError: 3.60952e-08	AbsError: 3.95545e-08
    Region: "oxide"	RelError: 2.43586e-04	AbsError: 1.11794e-04
      Equation: "PotentialEquation"	RelError: 2.43586e-04	AbsError: 1.11794e-04
Iteration: 2
  Device: "mos2d"	RelError: 2.07402e-05	AbsError: 4.46569e+11
    Region: "bulk"	RelError: 2.06560e-05	AbsError: 4.46569e+11
      Equation: "ElectronContinuityEquation"	RelError: 2.05325e-06	AbsError: 4.45861e+11
      Equation: "HoleContinuityEquation"	RelError: 1.58697e-05	AbsError: 7.08251e+08
      Equation: "PotentialEquation"	RelError: 2.73305e-06	AbsError: 3.81325e-08
    Region: "gate"	RelError: 9.51871e-10	AbsError: 4.67461e+10
      Equation: "ElectronContinuityEquation"	RelError: 4.71475e-10	AbsError: 4.67461e+10
      Equation: "HoleContinuityEquation"	RelError: 4.69284e-10	AbsError: 4.73313e-10
      Equation: "PotentialEquation"	RelError: 1.11122e-11	AbsError: 1.21773e-11
    Region: "oxide"	RelError: 8.32874e-08	AbsError: 3.81325e-08
      Equation: "PotentialEquation"	RelError: 8.32874e-08	AbsError: 3.81325e-08
Succeeded
IVPOINT	IDVD_VG1P0	5.00000000e-01	0.00000000e+00	-4.37423558e-13
drain last end 0.000000e+00 2.000000e+00
number of equations 4295
Iteration: 0
  Device: "mos2d"	RelError: 1.11483e+01	AbsError: 1.35563e+17
    Region: "bulk"	RelError: 1.11104e+01	AbsError: 1.35563e+17
      Equation: "ElectronContinuityEquation"	RelError: 2.72613e+00	AbsError: 1.34113e+17
      Equation: "HoleContinuityEquation"	RelError: 3.31624e+00	AbsError: 1.45034e+15
      Equation: "PotentialEquation"	RelError: 5.06807e+00	AbsError: 2.00000e-02
    Region: "gate"	RelError: 6.00484e-04	AbsError: 2.93734e+16
      Equation: "ElectronContinuityEquation"	RelError: 2.96649e-04	AbsError: 2.93734e+16
      Equation: "HoleContinuityEquation"	RelError: 2.96825e-04	AbsError: 2.99771e-04
      Equation: "PotentialEquation"	RelError: 7.01000e-06	AbsError: 7.68169e-06
    Region: "oxide"	RelError: 3.73095e-02	AbsError: 1.88612e-02
      Equation: "PotentialEquation"	RelError: 3.73095e-02	AbsError: 1.88612e-02
Iteration: 1
  Device: "mos2d"	RelError: 1.03935e+00	AbsError: 2.33869e+15
    Region: "bulk"	RelError: 1.03882e+00	AbsError: 2.33869e+15
      Equation: "ElectronContinuityEquation"	RelError: 4.48172e-01	AbsError: 2.29278e+15
      Equation: "HoleContinuityEquation"	RelError: 5.00724e-01	AbsError: 4.59114e+13
      Equation: "PotentialEquation"	RelError: 8.99218e-02	AbsError: 2.45262e-04
    Region: "gate"	RelError: 6.57665e-06	AbsError: 3.21028e+14
      Equation: "ElectronContinuityEquation"	RelError: 3.23910e-06	AbsError: 3.21028e+14
      Equation: "HoleContinuityEquation"	RelError: 3.26078e-06	AbsError: 3.29005e-06
      Equation: "PotentialEquation"	RelError: 7.67735e-08	AbsError: 8.41317e-08
    Region: "oxide"	RelError: 5.27772e-04	AbsError: 2.44952e-04
      Equation: "PotentialEquation"	RelError: 5.27772e-04	AbsError: 2.44952e-04
Iteration: 2
  Device: "mos2d"	RelError: 1.56361e-03	AbsError: 2.29579e+12
    Region: "bulk"	RelError: 1.56316e-03	AbsError: 2.29579e+12
      Equation: "ElectronContinuityEquation"	RelError: 7.85486e-04	AbsError: 2.27358e+12
      Equation: "HoleContinuityEquation"	RelError: 7.17297e-04	AbsError: 2.22131e+10
      Equation: "PotentialEquation"	RelError: 6.03808e-05	AbsError: 2.06598e-07
    Region: "gate"	RelError: 4.96621e-09	AbsError: 2.43840e+11
      Equation: "ElectronContinuityEquation"	RelError: 2.45908e-09	AbsError: 2.43840e+11
      Equation: "HoleContinuityEquation"	RelError: 2.44916e-09	AbsError: 2.46993e-09
      Equation: "PotentialEquation"	RelError: 5.79734e-11	AbsError: 6.35305e-11
    Region: "oxide"	RelError: 4.41930e-07	AbsError: 2.06598e-07
      Equation: "PotentialEquation"	RelError: 4.41930e-07	AbsError: 2.06598e-07
Iteration: 3
  Device: "mos2d"	RelError: 2.18898e-09	AbsError: 2.64382e+06
    Region: "bulk"	RelError: 2.18866e-09	AbsError: 2.64382e+06
      Equation: "ElectronContinuityEquation"	RelError: 1.15924e-10	AbsError: 2.63904e+06
      Equation: "HoleContinuityEquation"	RelError: 2.05059e-09	AbsError: 4.78250e+03
      Equation: "PotentialEquation"	RelError: 2.21496e-11	AbsError: 1.51063e-13
    Region: "gate"	RelError: 3.25354e-15	AbsError: 1.45424e+05
      Equation: "ElectronContinuityEquation"	RelError: 1.46658e-15	AbsError: 1.45424e+05
      Equation: "HoleContinuityEquation"	RelError: 1.68204e-15	AbsError: 1.69630e-15
      Equation: "PotentialEquation"	RelError: 1.04931e-16	AbsError: 1.14988e-16
    Region: "oxide"	RelError: 3.21197e-13	AbsError: 1.51063e-13
      Equation: "PotentialEquation"	RelError: 3.21197e-13	AbsError: 1.51063e-13
Succeeded
IVPOINT	IDVD_VG1P0	5.00000000e-01	2.00000000e-02	1.62458258e-02
drain last end 2.000000e-02 2.000000e+00
number of equations 4295
Iteration: 0
  Device: "mos2d"	RelError: 7.98945e+00	AbsError: 1.32527e+17
    Region: "bulk"	RelError: 7.95296e+00	AbsError: 1.32527e+17
      Equation: "ElectronContinuityEquation"	RelError: 2.46994e+00	AbsError: 1.31089e+17
      Equation: "HoleContinuityEquation"	RelError: 3.28699e+00	AbsError: 1.43805e+15
      Equation: "PotentialEquation"	RelError: 2.19604e+00	AbsError: 2.00000e-02
    Region: "gate"	RelError: 5.97451e-04	AbsError: 2.92336e+16
      Equation: "ElectronContinuityEquation"	RelError: 2.95151e-04	AbsError: 2.92336e+16
      Equation: "HoleContinuityEquation"	RelError: 2.95325e-04	AbsError: 2.98169e-04
      Equation: "PotentialEquation"	RelError: 6.97454e-06	AbsError: 7.64289e-06
    Region: "oxide"	RelError: 3.58860e-02	AbsError: 1.88276e-02
      Equation: "PotentialEquation"	RelError: 3.58860e-02	AbsError: 1.88276e-02
Iteration: 1
  Device: "mos2d"	RelError: 9.34053e-01	AbsError: 2.64943e+15
    Region: "bulk"	RelError: 9.33490e-01	AbsError: 2.64943e+15
      Equation: "ElectronContinuityEquation"	RelError: 4.19993e-01	AbsError: 2.60624e+15
      Equation: "HoleContinuityEquation"	RelError: 4.98506e-01	AbsError: 4.31872e+13
      Equation: "PotentialEquation"	RelError: 1.49905e-02	AbsError: 2.65036e-04
    Region: "gate"	RelError: 7.23227e-06	AbsError: 3.53281e+14
      Equation: "ElectronContinuityEquation"	RelError: 3.56404e-06	AbsError: 3.53281e+14
      Equation: "HoleContinuityEquation"	RelError: 3.58381e-06	AbsError: 3.61549e-06
      Equation: "PotentialEquation"	RelError: 8.44268e-08	AbsError: 9.25188e-08
    Region: "oxide"	RelError: 5.55603e-04	AbsError: 2.64064e-04
      Equation: "PotentialEquation"	RelError: 5.55603e-04	AbsError: 2.64064e-04
Iteration: 2
  Device: "mos2d"	RelError: 1.49648e-03	AbsError: 2.86679e+12
    Region: "bulk"	RelError: 1.49596e-03	AbsError: 2.86679e+12
      Equation: "ElectronContinuityEquation"	RelError: 6.80300e-04	AbsError: 2.84762e+12
      Equation: "HoleContinuityEquation"	RelError: 8.05294e-04	AbsError: 1.91620e+10
      Equation: "PotentialEquation"	RelError: 1.03646e-05	AbsError: 2.45857e-07
    Region: "gate"	RelError: 6.20856e-09	AbsError: 3.04749e+11
      Equation: "ElectronContinuityEquation"	RelError: 3.07443e-09	AbsError: 3.04749e+11
      Equation: "HoleContinuityEquation"	RelError: 3.06165e-09	AbsError: 3.08872e-09
      Equation: "PotentialEquation"	RelError: 7.24768e-11	AbsError: 7.94235e-11
    Region: "oxide"	RelError: 5.11534e-07	AbsError: 2.44823e-07
      Equation: "PotentialEquation"	RelError: 5.11534e-07	AbsError: 2.44823e-07
Iteration: 3
  Device: "mos2d"	RelError: 2.74098e-09	AbsError: 4.13256e+06
    Region: "bulk"	RelError: 2.74051e-09	AbsError: 4.13256e+06
      Equation: "ElectronContinuityEquation"	RelError: 1.36773e-10	AbsError: 4.12907e+06
      Equation: "HoleContinuityEquation"	RelError: 2.59910e-09	AbsError: 3.49252e+03
      Equation: "PotentialEquation"	RelError: 4.63683e-12	AbsError: 2.20367e-13
    Region: "gate"	RelError: 4.59184e-15	AbsError: 2.34967e+05
      Equation: "ElectronContinuityEquation"	RelError: 2.37044e-15	AbsError: 2.34967e+05
      Equation: "HoleContinuityEquation"	RelError: 2.12011e-15	AbsError: 2.13885e-15
      Equation: "PotentialEquation"	RelError: 1.01291e-16	AbsError: 1.11022e-16
    Region: "oxide"	RelError: 4.57832e-13	AbsError: 2.20367e-13
      Equation: "PotentialEquation"	RelError: 4.57832e-13	AbsError: 2.20367e-13
Succeeded
IVPOINT	IDVD_VG1P0	5.00000000e-01	4.00000000e-02	3.08697343e-02
drain last end 4.000000e-02 2.000000e+00
number of equations 4295
Iteration: 0
  Device: "mos2d"	RelError: 1.47256e+01	AbsError: 1.29602e+17
    Region: "bulk"	RelError: 1.46904e+01	AbsError: 1.29602e+17
      Equation: "ElectronContinuityEquation"	RelError: 2.24091e+00	AbsError: 1.28184e+17
      Equation: "HoleContinuityEquation"	RelError: 3.22675e+00	AbsError: 1.41807e+15
      Equation: "PotentialEquation"	RelError: 9.22278e+00	AbsError: 2.00000e-02
    Region: "gate"	RelError: 5.93898e-04	AbsError: 2.90683e+16
      Equation: "ElectronContinuityEquation"	RelError: 2.93396e-04	AbsError: 2.90683e+16
      Equation: "HoleContinuityEquation"	RelError: 2.93569e-04	AbsError: 2.96308e-04
      Equation: "PotentialEquation"	RelError: 6.93302e-06	AbsError: 7.59744e-06
    Region: "oxide"	RelError: 3.45507e-02	AbsError: 1.87904e-02
      Equation: "PotentialEquation"	RelError: 3.45507e-02	AbsError: 1.87904e-02
Iteration: 1
  Device: "mos2d"	RelError: 9.15675e-01	AbsError: 2.95104e+15
    Region: "bulk"	RelError: 9.15096e-01	AbsError: 2.95104e+15
      Equation: "ElectronContinuityEquation"	RelError: 3.93856e-01	AbsError: 2.91105e+15
      Equation: "HoleContinuityEquation"	RelError: 4.93867e-01	AbsError: 3.99838e+13
      Equation: "PotentialEquation"	RelError: 2.73727e-02	AbsError: 2.79841e-04
    Region: "gate"	RelError: 7.76881e-06	AbsError: 3.79710e+14
      Equation: "ElectronContinuityEquation"	RelError: 3.83017e-06	AbsError: 3.79710e+14
      Equation: "HoleContinuityEquation"	RelError: 3.84795e-06	AbsError: 3.88146e-06
      Equation: "PotentialEquation"	RelError: 9.06899e-08	AbsError: 9.93825e-08
    Region: "oxide"	RelError: 5.71273e-04	AbsError: 2.78463e-04
      Equation: "PotentialEquation"	RelError: 5.71273e-04	AbsError: 2.78463e-04
Iteration: 2
  Device: "mos2d"	RelError: 1.44608e-03	AbsError: 3.21074e+12
    Region: "bulk"	RelError: 1.44551e-03	AbsError: 3.21074e+12
      Equation: "ElectronContinuityEquation"	RelError: 5.40009e-04	AbsError: 3.19331e+12
      Equation: "HoleContinuityEquation"	RelError: 8.83920e-04	AbsError: 1.74247e+10
      Equation: "PotentialEquation"	RelError: 2.15813e-05	AbsError: 2.75224e-07
    Region: "gate"	RelError: 7.23491e-09	AbsError: 3.55167e+11
      Equation: "ElectronContinuityEquation"	RelError: 3.58260e-09	AbsError: 3.55167e+11
      Equation: "HoleContinuityEquation"	RelError: 3.56786e-09	AbsError: 3.59893e-09
      Equation: "PotentialEquation"	RelError: 8.44577e-11	AbsError: 9.25530e-11
    Region: "oxide"	RelError: 5.62563e-07	AbsError: 2.75224e-07
      Equation: "PotentialEquation"	RelError: 5.62563e-07	AbsError: 2.75224e-07
Iteration: 3
  Device: "mos2d"	RelError: 3.25621e-09	AbsError: 5.06417e+06
    Region: "bulk"	RelError: 3.25566e-09	AbsError: 5.06417e+06
      Equation: "ElectronContinuityEquation"	RelError: 1.43485e-10	AbsError: 5.06123e+06
      Equation: "HoleContinuityEquation"	RelError: 3.09896e-09	AbsError: 2.93980e+03
      Equation: "PotentialEquation"	RelError: 1.32117e-11	AbsError: 2.70101e-13
    Region: "gate"	RelError: 6.69948e-15	AbsError: 3.18145e+05
      Equation: "ElectronContinuityEquation"	RelError: 3.20915e-15	AbsError: 3.18145e+05
      Equation: "HoleContinuityEquation"	RelError: 3.38900e-15	AbsError: 3.41851e-15
      Equation: "PotentialEquation"	RelError: 1.01332e-16	AbsError: 1.11068e-16
    Region: "oxide"	RelError: 5.51657e-13	AbsError: 2.70101e-13
      Equation: "PotentialEquation"	RelError: 5.51657e-13	AbsError: 2.70101e-13
Succeeded
IVPOINT	IDVD_VG1P0	5.00000000e-01	6.00000000e-02	4.39916254e-02
drain last end 6.000000e-02 2.000000e+00
number of equations 4295
Iteration: 0
  Device: "mos2d"	RelError: 1.15634e+01	AbsError: 1.26801e+17
    Region: "bulk"	RelError: 1.15295e+01	AbsError: 1.26801e+17
      Equation: "ElectronContinuityEquation"	RelError: 1.95710e+00	AbsError: 1.25411e+17
      Equation: "HoleContinuityEquation"	RelError: 3.14388e+00	AbsError: 1.39040e+15
      Equation: "PotentialEquation"	RelError: 6.42855e+00	AbsError: 2.00000e-02
    Region: "gate"	RelError: 5.89730e-04	AbsError: 2.88728e+16
      Equation: "ElectronContinuityEquation"	RelError: 2.91338e-04	AbsError: 2.88728e+16
      Equation: "HoleContinuityEquation"	RelError: 2.91508e-04	AbsError: 2.94143e-04
      Equation: "PotentialEquation"	RelError: 6.88431e-06	AbsError: 7.54411e-06
    Region: "oxide"	RelError: 3.32922e-02	AbsError: 1.87488e-02
      Equation: "PotentialEquation"	RelError: 3.32922e-02	AbsError: 1.87488e-02
Iteration: 1
  Device: "mos2d"	RelError: 8.76140e-01	AbsError: 3.20146e+15
    Region: "bulk"	RelError: 8.75550e-01	AbsError: 3.20146e+15
      Equation: "ElectronContinuityEquation"	RelError: 3.57209e-01	AbsError: 3.16117e+15
      Equation: "HoleContinuityEquation"	RelError: 4.86176e-01	AbsError: 4.02838e+13
      Equation: "PotentialEquation"	RelError: 3.21653e-02	AbsError: 2.87739e-04
    Region: "gate"	RelError: 8.10987e-06	AbsError: 3.96566e+14
      Equation: "ElectronContinuityEquation"	RelError: 3.99971e-06	AbsError: 3.96566e+14
      Equation: "HoleContinuityEquation"	RelError: 4.01548e-06	AbsError: 4.04996e-06
      Equation: "PotentialEquation"	RelError: 9.46709e-08	AbsError: 1.03745e-07
    Region: "oxide"	RelError: 5.82016e-04	AbsError: 2.86739e-04
      Equation: "PotentialEquation"	RelError: 5.82016e-04	AbsError: 2.86739e-04
Iteration: 2
  Device: "mos2d"	RelError: 1.37079e-03	AbsError: 3.52282e+12
    Region: "bulk"	RelError: 1.37020e-03	AbsError: 3.52282e+12
      Equation: "ElectronContinuityEquation"	RelError: 3.98424e-04	AbsError: 3.50461e+12
      Equation: "HoleContinuityEquation"	RelError: 9.46497e-04	AbsError: 1.82091e+10
      Equation: "PotentialEquation"	RelError: 2.52792e-05	AbsError: 2.87050e-07
    Region: "gate"	RelError: 7.72943e-09	AbsError: 3.79504e+11
      Equation: "ElectronContinuityEquation"	RelError: 3.82763e-09	AbsError: 3.79504e+11
      Equation: "HoleContinuityEquation"	RelError: 3.81157e-09	AbsError: 3.84429e-09
      Equation: "PotentialEquation"	RelError: 9.02302e-11	AbsError: 9.88791e-11
    Region: "oxide"	RelError: 5.78390e-07	AbsError: 2.86842e-07
      Equation: "PotentialEquation"	RelError: 5.78390e-07	AbsError: 2.86842e-07
Iteration: 3
  Device: "mos2d"	RelError: 3.80271e-09	AbsError: 4.70364e+06
    Region: "bulk"	RelError: 3.80215e-09	AbsError: 4.70364e+06
      Equation: "ElectronContinuityEquation"	RelError: 1.38104e-10	AbsError: 4.70042e+06
      Equation: "HoleContinuityEquation"	RelError: 3.64955e-09	AbsError: 3.22781e+03
      Equation: "PotentialEquation"	RelError: 1.44981e-11	AbsError: 2.74863e-13
    Region: "gate"	RelError: 6.65295e-15	AbsError: 3.17263e+05
      Equation: "ElectronContinuityEquation"	RelError: 3.19987e-15	AbsError: 3.17263e+05
      Equation: "HoleContinuityEquation"	RelError: 3.35180e-15	AbsError: 3.38058e-15
      Equation: "PotentialEquation"	RelError: 1.01291e-16	AbsError: 1.11022e-16
    Region: "oxide"	RelError: 5.54236e-13	AbsError: 2.74863e-13
      Equation: "PotentialEquation"	RelError: 5.54236e-13	AbsError: 2.74863e-13
Succeeded
IVPOINT	IDVD_VG1P0	5.00000000e-01	8.00000000e-02	5.57481771e-02
drain last end 8.000000e-02 2.000000e+00
number of equations 4295
Iteration: 0
  Device: "mos2d"	RelError: 1.24125e+01	AbsError: 1.24145e+17
    Region: "bulk"	RelError: 1.23798e+01	AbsError: 1.24145e+17
      Equation: "ElectronContinuityEquation"	RelError: 1.73572e+00	AbsError: 1.22778e+17
      Equation: "HoleContinuityEquation"	RelError: 3.01676e+00	AbsError: 1.36688e+15
      Equation: "PotentialEquation"	RelError: 7.62733e+00	AbsError: 2.00000e-02
    Region: "gate"	RelError: 5.84857e-04	AbsError: 2.86425e+16
      Equation: "ElectronContinuityEquation"	RelError: 2.88931e-04	AbsError: 2.86425e+16
      Equation: "HoleContinuityEquation"	RelError: 2.89099e-04	AbsError: 2.91628e-04
      Equation: "PotentialEquation"	RelError: 6.82739e-06	AbsError: 7.48179e-06
    Region: "oxide"	RelError: 3.21002e-02	AbsError: 1.87021e-02
      Equation: "PotentialEquation"	RelError: 3.21002e-02	AbsError: 1.87021e-02
Iteration: 1
  Device: "mos2d"	RelError: 8.12477e-01	AbsError: 3.34392e+15
    Region: "bulk"	RelError: 8.11889e-01	AbsError: 3.34392e+15
      Equation: "ElectronContinuityEquation"	RelError: 3.23927e-01	AbsError: 3.30360e+15
      Equation: "HoleContinuityEquation"	RelError: 4.75832e-01	AbsError: 4.03172e+13
      Equation: "PotentialEquation"	RelError: 1.21294e-02	AbsError: 2.95415e-04
    Region: "gate"	RelError: 8.19211e-06	AbsError: 4.00738e+14
      Equation: "ElectronContinuityEquation"	RelError: 4.04133e-06	AbsError: 4.00738e+14
      Equation: "HoleContinuityEquation"	RelError: 4.05515e-06	AbsError: 4.08950e-06
      Equation: "PotentialEquation"	RelError: 9.56307e-08	AbsError: 1.04798e-07
    Region: "oxide"	RelError: 5.80791e-04	AbsError: 2.93406e-04
      Equation: "PotentialEquation"	RelError: 5.80791e-04	AbsError: 2.93406e-04
Iteration: 2
  Device: "mos2d"	RelError: 1.31707e-03	AbsError: 4.12316e+12
    Region: "bulk"	RelError: 1.31649e-03	AbsError: 4.12316e+12
      Equation: "ElectronContinuityEquation"	RelError: 2.80165e-04	AbsError: 4.10493e+12
      Equation: "HoleContinuityEquation"	RelError: 1.02107e-03	AbsError: 1.82298e+10
      Equation: "PotentialEquation"	RelError: 1.52477e-05	AbsError: 2.96394e-07
    Region: "gate"	RelError: 7.46260e-09	AbsError: 3.66524e+11
      Equation: "ElectronContinuityEquation"	RelError: 3.69528e-09	AbsError: 3.66524e+11
      Equation: "HoleContinuityEquation"	RelError: 3.68020e-09	AbsError: 3.71006e-09
      Equation: "PotentialEquation"	RelError: 8.71100e-11	AbsError: 9.54609e-11
    Region: "oxide"	RelError: 5.74712e-07	AbsError: 2.94685e-07
      Equation: "PotentialEquation"	RelError: 5.74712e-07	AbsError: 2.94685e-07
Iteration: 3
  Device: "mos2d"	RelError: 4.66986e-09	AbsError: 6.46629e+06
    Region: "bulk"	RelError: 4.66932e-09	AbsError: 6.46629e+06
      Equation: "ElectronContinuityEquation"	RelError: 1.15626e-10	AbsError: 6.46307e+06
      Equation: "HoleContinuityEquation"	RelError: 4.54541e-09	AbsError: 3.21305e+03
      Equation: "PotentialEquation"	RelError: 8.27996e-12	AbsError: 2.79498e-13
    Region: "gate"	RelError: 6.46522e-15	AbsError: 3.13087e+05
      Equation: "ElectronContinuityEquation"	RelError: 3.15618e-15	AbsError: 3.13087e+05
      Equation: "HoleContinuityEquation"	RelError: 3.13621e-15	AbsError: 3.16157e-15
      Equation: "PotentialEquation"	RelError: 1.72827e-16	AbsError: 1.89395e-16
    Region: "oxide"	RelError: 5.36001e-13	AbsError: 2.78995e-13
      Equation: "PotentialEquation"	RelError: 5.36001e-13	AbsError: 2.78995e-13
Succeeded
IVPOINT	IDVD_VG1P0	5.00000000e-01	1.00000000e-01	6.62896836e-02
drain last end 1.000000e-01 2.000000e+00
number of equations 4295
Iteration: 0
  Device: "mos2d"	RelError: 6.02419e+00	AbsError: 1.21643e+17
    Region: "bulk"	RelError: 5.99264e+00	AbsError: 1.21643e+17
      Equation: "ElectronContinuityEquation"	RelError: 1.48349e+00	AbsError: 1.20280e+17
      Equation: "HoleContinuityEquation"	RelError: 2.81541e+00	AbsError: 1.36277e+15
      Equation: "PotentialEquation"	RelError: 1.69375e+00	AbsError: 2.00000e-02
    Region: "gate"	RelError: 5.79214e-04	AbsError: 2.83743e+16
      Equation: "ElectronContinuityEquation"	RelError: 2.86144e-04	AbsError: 2.83743e+16
      Equation: "HoleContinuityEquation"	RelError: 2.86308e-04	AbsError: 2.88731e-04
      Equation: "PotentialEquation"	RelError: 6.76146e-06	AbsError: 7.40959e-06
    Region: "oxide"	RelError: 3.09657e-02	AbsError: 1.86493e-02
      Equation: "PotentialEquation"	RelError: 3.09657e-02	AbsError: 1.86493e-02
Iteration: 1
  Device: "mos2d"	RelError: 7.70518e-01	AbsError: 3.33466e+15
    Region: "bulk"	RelError: 7.69944e-01	AbsError: 3.33466e+15
      Equation: "ElectronContinuityEquation"	RelError: 2.84336e-01	AbsError: 3.29496e+15
      Equation: "HoleContinuityEquation"	RelError: 4.55264e-01	AbsError: 3.97008e+13
      Equation: "PotentialEquation"	RelError: 3.03446e-02	AbsError: 2.98692e-04
    Region: "gate"	RelError: 8.05843e-06	AbsError: 3.93943e+14
      Equation: "ElectronContinuityEquation"	RelError: 3.97070e-06	AbsError: 3.93943e+14
      Equation: "HoleContinuityEquation"	RelError: 3.99366e-06	AbsError: 4.02536e-06
      Equation: "PotentialEquation"	RelError: 9.40691e-08	AbsError: 1.03087e-07
    Region: "oxide"	RelError: 5.66108e-04	AbsError: 2.97491e-04
      Equation: "PotentialEquation"	RelError: 5.66108e-04	AbsError: 2.97491e-04
Iteration: 2
  Device: "mos2d"	RelError: 1.28350e-03	AbsError: 4.11560e+12
    Region: "bulk"	RelError: 1.28291e-03	AbsError: 4.11560e+12
      Equation: "ElectronContinuityEquation"	RelError: 2.05927e-04	AbsError: 4.09804e+12
      Equation: "HoleContinuityEquation"	RelError: 1.06000e-03	AbsError: 1.75646e+10
      Equation: "PotentialEquation"	RelError: 1.69791e-05	AbsError: 3.09836e-07
    Region: "gate"	RelError: 7.84212e-09	AbsError: 3.85264e+11
      Equation: "ElectronContinuityEquation"	RelError: 3.88322e-09	AbsError: 3.85264e+11
      Equation: "HoleContinuityEquation"	RelError: 3.86736e-09	AbsError: 3.89806e-09
      Equation: "PotentialEquation"	RelError: 9.15447e-11	AbsError: 1.00321e-10
    Region: "oxide"	RelError: 5.89601e-07	AbsError: 3.09836e-07
      Equation: "PotentialEquation"	RelError: 5.89601e-07	AbsError: 3.09836e-07
Iteration: 3
  Device: "mos2d"	RelError: 5.25286e-09	AbsError: 5.71453e+06
    Region: "bulk"	RelError: 5.25229e-09	AbsError: 5.71453e+06
      Equation: "ElectronContinuityEquation"	RelError: 1.02078e-10	AbsError: 5.71157e+06
      Equation: "HoleContinuityEquation"	RelError: 5.14879e-09	AbsError: 2.96452e+03
      Equation: "PotentialEquation"	RelError: 1.42007e-12	AbsError: 2.97155e-13
    Region: "gate"	RelError: 6.33926e-15	AbsError: 3.18628e+05
      Equation: "ElectronContinuityEquation"	RelError: 3.21157e-15	AbsError: 3.18628e+05
      Equation: "HoleContinuityEquation"	RelError: 3.02635e-15	AbsError: 3.05037e-15
      Equation: "PotentialEquation"	RelError: 1.01347e-16	AbsError: 1.11084e-16
    Region: "oxide"	RelError: 5.62911e-13	AbsError: 2.97155e-13
      Equation: "PotentialEquation"	RelError: 5.62911e-13	AbsError: 2.97155e-13
Succeeded
IVPOINT	IDVD_VG1P0	5.00000000e-01	1.20000000e-01	7.57745898e-02
drain last end 1.200000e-01 2.000000e+00
number of equations 4295
Iteration: 0
  Device: "mos2d"	RelError: 1.08177e+01	AbsError: 1.19251e+17
    Region: "bulk"	RelError: 1.07873e+01	AbsError: 1.19251e+17
      Equation: "ElectronContinuityEquation"	RelError: 1.29662e+00	AbsError: 1.17899e+17
      Equation: "HoleContinuityEquation"	RelError: 2.75237e+00	AbsError: 1.35217e+15
      Equation: "PotentialEquation"	RelError: 6.73829e+00	AbsError: 2.00000e-02
    Region: "gate"	RelError: 5.72770e-04	AbsError: 2.80667e+16
      Equation: "ElectronContinuityEquation"	RelError: 2.82962e-04	AbsError: 2.80667e+16
      Equation: "HoleContinuityEquation"	RelError: 2.83122e-04	AbsError: 2.85438e-04
      Equation: "PotentialEquation"	RelError: 6.68620e-06	AbsError: 7.32716e-06
    Region: "oxide"	RelError: 2.98810e-02	AbsError: 1.85895e-02
      Equation: "PotentialEquation"	RelError: 2.98810e-02	AbsError: 1.85895e-02
Iteration: 1
  Device: "mos2d"	RelError: 8.10017e-01	AbsError: 3.15837e+15
    Region: "bulk"	RelError: 8.09451e-01	AbsError: 3.15837e+15
      Equation: "ElectronContinuityEquation"	RelError: 2.50435e-01	AbsError: 3.11987e+15
      Equation: "HoleContinuityEquation"	RelError: 4.46976e-01	AbsError: 3.84995e+13
      Equation: "PotentialEquation"	RelError: 1.12040e-01	AbsError: 2.99648e-04
    Region: "gate"	RelError: 8.07997e-06	AbsError: 3.95171e+14
      Equation: "ElectronContinuityEquation"	RelError: 3.98252e-06	AbsError: 3.95171e+14
      Equation: "HoleContinuityEquation"	RelError: 4.00313e-06	AbsError: 4.03434e-06
      Equation: "PotentialEquation"	RelError: 9.43202e-08	AbsError: 1.03363e-07
    Region: "oxide"	RelError: 5.57590e-04	AbsError: 2.98553e-04
      Equation: "PotentialEquation"	RelError: 5.57590e-04	AbsError: 2.98553e-04
Iteration: 2
  Device: "mos2d"	RelError: 1.30038e-03	AbsError: 3.85503e+12
    Region: "bulk"	RelError: 1.29980e-03	AbsError: 3.85503e+12
      Equation: "ElectronContinuityEquation"	RelError: 1.86501e-04	AbsError: 3.83870e+12
      Equation: "HoleContinuityEquation"	RelError: 1.06993e-03	AbsError: 1.63386e+10
      Equation: "PotentialEquation"	RelError: 4.33682e-05	AbsError: 3.04366e-07
    Region: "gate"	RelError: 7.44587e-09	AbsError: 3.65892e+11
      Equation: "ElectronContinuityEquation"	RelError: 3.68745e-09	AbsError: 3.65892e+11
      Equation: "HoleContinuityEquation"	RelError: 3.67150e-09	AbsError: 3.70013e-09
      Equation: "PotentialEquation"	RelError: 8.69187e-11	AbsError: 9.52519e-11
    Region: "oxide"	RelError: 5.65099e-07	AbsError: 3.04366e-07
      Equation: "PotentialEquation"	RelError: 5.65099e-07	AbsError: 3.04366e-07
Iteration: 3
  Device: "mos2d"	RelError: 5.62763e-09	AbsError: 7.12777e+06
    Region: "bulk"	RelError: 5.62708e-09	AbsError: 7.12777e+06
      Equation: "ElectronContinuityEquation"	RelError: 7.81432e-11	AbsError: 7.12521e+06
      Equation: "HoleContinuityEquation"	RelError: 5.54121e-09	AbsError: 2.55628e+03
      Equation: "PotentialEquation"	RelError: 7.73067e-12	AbsError: 2.97889e-13
    Region: "gate"	RelError: 5.24378e-15	AbsError: 2.51924e+05
      Equation: "ElectronContinuityEquation"	RelError: 2.53888e-15	AbsError: 2.51924e+05
      Equation: "HoleContinuityEquation"	RelError: 2.58480e-15	AbsError: 2.60496e-15
      Equation: "PotentialEquation"	RelError: 1.20098e-16	AbsError: 1.31612e-16
    Region: "oxide"	RelError: 5.37950e-13	AbsError: 2.97889e-13
      Equation: "PotentialEquation"	RelError: 5.37950e-13	AbsError: 2.97889e-13
Succeeded
IVPOINT	IDVD_VG1P0	5.00000000e-01	1.40000000e-01	8.43623816e-02
drain last end 1.400000e-01 2.000000e+00
number of equations 4295
Iteration: 0
  Device: "mos2d"	RelError: 5.97724e+01	AbsError: 1.16930e+17
    Region: "bulk"	RelError: 5.97430e+01	AbsError: 1.16930e+17
      Equation: "ElectronContinuityEquation"	RelError: 1.21266e+00	AbsError: 1.15595e+17
      Equation: "HoleContinuityEquation"	RelError: 2.63245e+00	AbsError: 1.33509e+15
      Equation: "PotentialEquation"	RelError: 5.58979e+01	AbsError: 2.00000e-02
    Region: "gate"	RelError: 5.65552e-04	AbsError: 2.77207e+16
      Equation: "ElectronContinuityEquation"	RelError: 2.79397e-04	AbsError: 2.77207e+16
      Equation: "HoleContinuityEquation"	RelError: 2.79553e-04	AbsError: 2.81761e-04
      Equation: "PotentialEquation"	RelError: 6.60189e-06	AbsError: 7.23482e-06
    Region: "oxide"	RelError: 2.88400e-02	AbsError: 1.85218e-02
      Equation: "PotentialEquation"	RelError: 2.88400e-02	AbsError: 1.85218e-02
Iteration: 1
  Device: "mos2d"	RelError: 8.39901e-01	AbsError: 2.83886e+15
    Region: "bulk"	RelError: 8.39362e-01	AbsError: 2.83886e+15
      Equation: "ElectronContinuityEquation"	RelError: 2.25807e-01	AbsError: 2.80001e+15
      Equation: "HoleContinuityEquation"	RelError: 4.35907e-01	AbsError: 3.88505e+13
      Equation: "PotentialEquation"	RelError: 1.77647e-01	AbsError: 2.91475e-04
    Region: "gate"	RelError: 7.80791e-06	AbsError: 3.81991e+14
      Equation: "ElectronContinuityEquation"	RelError: 3.84919e-06	AbsError: 3.81991e+14
      Equation: "HoleContinuityEquation"	RelError: 3.86757e-06	AbsError: 3.89721e-06
      Equation: "PotentialEquation"	RelError: 9.11440e-08	AbsError: 9.98826e-08
    Region: "oxide"	RelError: 5.31176e-04	AbsError: 2.91475e-04
      Equation: "PotentialEquation"	RelError: 5.31176e-04	AbsError: 2.91475e-04
Iteration: 2
  Device: "mos2d"	RelError: 1.27882e-03	AbsError: 4.36625e+12
    Region: "bulk"	RelError: 1.27832e-03	AbsError: 4.36625e+12
      Equation: "ElectronContinuityEquation"	RelError: 1.71480e-04	AbsError: 4.35154e+12
      Equation: "HoleContinuityEquation"	RelError: 1.04461e-03	AbsError: 1.47051e+10
      Equation: "PotentialEquation"	RelError: 6.22220e-05	AbsError: 2.84060e-07
    Region: "gate"	RelError: 6.34395e-09	AbsError: 3.11849e+11
      Equation: "ElectronContinuityEquation"	RelError: 3.14239e-09	AbsError: 3.11849e+11
      Equation: "HoleContinuityEquation"	RelError: 3.12750e-09	AbsError: 3.15147e-09
      Equation: "PotentialEquation"	RelError: 7.40553e-11	AbsError: 8.11555e-11
    Region: "oxide"	RelError: 5.03073e-07	AbsError: 2.84060e-07
      Equation: "PotentialEquation"	RelError: 5.03073e-07	AbsError: 2.84060e-07
Iteration: 3
  Device: "mos2d"	RelError: 5.43831e-09	AbsError: 7.91679e+06
    Region: "bulk"	RelError: 5.43785e-09	AbsError: 7.91679e+06
      Equation: "ElectronContinuityEquation"	RelError: 5.83897e-11	AbsError: 7.91472e+06
      Equation: "HoleContinuityEquation"	RelError: 5.36779e-09	AbsError: 2.06718e+03
      Equation: "PotentialEquation"	RelError: 1.16702e-11	AbsError: 2.62066e-13
    Region: "gate"	RelError: 4.66231e-15	AbsError: 2.29960e+05
      Equation: "ElectronContinuityEquation"	RelError: 2.31602e-15	AbsError: 2.29960e+05
      Equation: "HoleContinuityEquation"	RelError: 2.24498e-15	AbsError: 2.26101e-15
      Equation: "PotentialEquation"	RelError: 1.01310e-16	AbsError: 1.11043e-16
    Region: "oxide"	RelError: 4.54558e-13	AbsError: 2.62066e-13
      Equation: "PotentialEquation"	RelError: 4.54558e-13	AbsError: 2.62066e-13
Succeeded
IVPOINT	IDVD_VG1P0	5.00000000e-01	1.60000000e-01	9.22061145e-02
drain last end 1.600000e-01 2.000000e+00
number of equations 4295
Iteration: 0
  Device: "mos2d"	RelError: 6.11916e+00	AbsError: 1.14620e+17
    Region: "bulk"	RelError: 6.09073e+00	AbsError: 1.14620e+17
      Equation: "ElectronContinuityEquation"	RelError: 1.11399e+00	AbsError: 1.13308e+17
      Equation: "HoleContinuityEquation"	RelError: 2.47592e+00	AbsError: 1.31160e+15
      Equation: "PotentialEquation"	RelError: 2.50083e+00	AbsError: 2.00000e-02
    Region: "gate"	RelError: 5.57643e-04	AbsError: 2.73407e+16
      Equation: "ElectronContinuityEquation"	RelError: 2.75491e-04	AbsError: 2.73407e+16
      Equation: "HoleContinuityEquation"	RelError: 2.75643e-04	AbsError: 2.77744e-04
      Equation: "PotentialEquation"	RelError: 6.50952e-06	AbsError: 7.13365e-06
    Region: "oxide"	RelError: 2.78678e-02	AbsError: 1.84456e-02
      Equation: "PotentialEquation"	RelError: 2.78678e-02	AbsError: 1.84456e-02
Iteration: 1
  Device: "mos2d"	RelError: 6.36963e-01	AbsError: 3.04667e+15
    Region: "bulk"	RelError: 6.36463e-01	AbsError: 3.04667e+15
      Equation: "ElectronContinuityEquation"	RelError: 2.09827e-01	AbsError: 3.00780e+15
      Equation: "HoleContinuityEquation"	RelError: 4.14814e-01	AbsError: 3.88717e+13
      Equation: "PotentialEquation"	RelError: 1.18219e-02	AbsError: 2.78007e-04
    Region: "gate"	RelError: 7.28051e-06	AbsError: 3.56272e+14
      Equation: "ElectronContinuityEquation"	RelError: 3.58957e-06	AbsError: 3.56272e+14
      Equation: "HoleContinuityEquation"	RelError: 3.60595e-06	AbsError: 3.63313e-06
      Equation: "PotentialEquation"	RelError: 8.49873e-08	AbsError: 9.31359e-08
    Region: "oxide"	RelError: 4.92609e-04	AbsError: 2.78007e-04
      Equation: "PotentialEquation"	RelError: 4.92609e-04	AbsError: 2.78007e-04
Iteration: 2
  Device: "mos2d"	RelError: 1.15587e-03	AbsError: 4.19731e+12
    Region: "bulk"	RelError: 1.15544e-03	AbsError: 4.19731e+12
      Equation: "ElectronContinuityEquation"	RelError: 1.62633e-04	AbsError: 4.18212e+12
      Equation: "HoleContinuityEquation"	RelError: 9.88340e-04	AbsError: 1.51840e+10
      Equation: "PotentialEquation"	RelError: 4.46389e-06	AbsError: 2.48448e-07
    Region: "gate"	RelError: 5.48466e-09	AbsError: 2.69706e+11
      Equation: "ElectronContinuityEquation"	RelError: 2.71585e-09	AbsError: 2.69706e+11
      Equation: "HoleContinuityEquation"	RelError: 2.70479e-09	AbsError: 2.72363e-09
      Equation: "PotentialEquation"	RelError: 6.40238e-11	AbsError: 7.01633e-11
    Region: "oxide"	RelError: 4.22656e-07	AbsError: 2.48448e-07
      Equation: "PotentialEquation"	RelError: 4.22656e-07	AbsError: 2.48448e-07
Iteration: 3
  Device: "mos2d"	RelError: 4.74334e-09	AbsError: 6.68368e+06
    Region: "bulk"	RelError: 4.74299e-09	AbsError: 6.68368e+06
      Equation: "ElectronContinuityEquation"	RelError: 4.23413e-11	AbsError: 6.68085e+06
      Equation: "HoleContinuityEquation"	RelError: 4.69948e-09	AbsError: 2.83079e+03
      Equation: "PotentialEquation"	RelError: 1.17329e-12	AbsError: 2.00442e-13
    Region: "gate"	RelError: 3.56893e-15	AbsError: 1.72903e+05
      Equation: "ElectronContinuityEquation"	RelError: 1.74107e-15	AbsError: 1.72903e+05
      Equation: "HoleContinuityEquation"	RelError: 1.69646e-15	AbsError: 1.70828e-15
      Equation: "PotentialEquation"	RelError: 1.31397e-16	AbsError: 1.43998e-16
    Region: "oxide"	RelError: 3.40988e-13	AbsError: 2.00442e-13
      Equation: "PotentialEquation"	RelError: 3.40988e-13	AbsError: 2.00442e-13
Succeeded
IVPOINT	IDVD_VG1P0	5.00000000e-01	1.80000000e-01	9.94460130e-02
drain last end 1.800000e-01 2.000000e+00
number of equations 4295
Iteration: 0
  Device: "mos2d"	RelError: 2.62069e+02	AbsError: 1.12245e+17
    Region: "bulk"	RelError: 2.62041e+02	AbsError: 1.12245e+17
      Equation: "ElectronContinuityEquation"	RelError: 1.03394e+00	AbsError: 1.10963e+17
      Equation: "HoleContinuityEquation"	RelError: 2.41465e+00	AbsError: 1.28183e+15
      Equation: "PotentialEquation"	RelError: 2.58592e+02	AbsError: 2.00000e-02
    Region: "gate"	RelError: 5.49179e-04	AbsError: 2.69331e+16
      Equation: "ElectronContinuityEquation"	RelError: 2.71310e-04	AbsError: 2.69331e+16
      Equation: "HoleContinuityEquation"	RelError: 2.71458e-04	AbsError: 2.73453e-04
      Equation: "PotentialEquation"	RelError: 6.41068e-06	AbsError: 7.02537e-06
    Region: "oxide"	RelError: 2.69474e-02	AbsError: 1.83601e-02
      Equation: "PotentialEquation"	RelError: 2.69474e-02	AbsError: 1.83601e-02
Iteration: 1
  Device: "mos2d"	RelError: 1.05245e+00	AbsError: 3.19215e+15
    Region: "bulk"	RelError: 1.05200e+00	AbsError: 3.19215e+15
      Equation: "ElectronContinuityEquation"	RelError: 1.91525e-01	AbsError: 3.15381e+15
      Equation: "HoleContinuityEquation"	RelError: 4.08252e-01	AbsError: 3.83495e+13
      Equation: "PotentialEquation"	RelError: 4.52227e-01	AbsError: 2.60740e-04
    Region: "gate"	RelError: 6.57231e-06	AbsError: 3.21662e+14
      Equation: "ElectronContinuityEquation"	RelError: 3.24049e-06	AbsError: 3.21662e+14
      Equation: "HoleContinuityEquation"	RelError: 3.25510e-06	AbsError: 3.27926e-06
      Equation: "PotentialEquation"	RelError: 7.67201e-08	AbsError: 8.40763e-08
    Region: "oxide"	RelError: 4.41326e-04	AbsError: 2.58471e-04
      Equation: "PotentialEquation"	RelError: 4.41326e-04	AbsError: 2.58471e-04
Iteration: 2
  Device: "mos2d"	RelError: 1.12816e-03	AbsError: 3.43333e+12
    Region: "bulk"	RelError: 1.12782e-03	AbsError: 3.43333e+12
      Equation: "ElectronContinuityEquation"	RelError: 1.51721e-04	AbsError: 3.41573e+12
      Equation: "HoleContinuityEquation"	RelError: 8.88803e-04	AbsError: 1.75948e+10
      Equation: "PotentialEquation"	RelError: 8.73000e-05	AbsError: 2.01696e-07
    Region: "gate"	RelError: 4.64181e-09	AbsError: 2.28350e+11
      Equation: "ElectronContinuityEquation"	RelError: 2.29901e-09	AbsError: 2.28350e+11
      Equation: "HoleContinuityEquation"	RelError: 2.28861e-09	AbsError: 2.30417e-09
      Equation: "PotentialEquation"	RelError: 5.41848e-11	AbsError: 5.93811e-11
    Region: "oxide"	RelError: 3.36099e-07	AbsError: 2.01696e-07
      Equation: "PotentialEquation"	RelError: 3.36099e-07	AbsError: 2.01696e-07
Iteration: 3
  Device: "mos2d"	RelError: 3.64086e-09	AbsError: 3.67646e+06
    Region: "bulk"	RelError: 3.64063e-09	AbsError: 3.67646e+06
      Equation: "ElectronContinuityEquation"	RelError: 2.64583e-11	AbsError: 3.67263e+06
      Equation: "HoleContinuityEquation"	RelError: 3.60442e-09	AbsError: 3.83145e+03
      Equation: "PotentialEquation"	RelError: 9.75770e-12	AbsError: 1.33232e-13
    Region: "gate"	RelError: 2.43213e-15	AbsError: 1.13872e+05
      Equation: "ElectronContinuityEquation"	RelError: 1.14646e-15	AbsError: 1.13872e+05
      Equation: "HoleContinuityEquation"	RelError: 1.18439e-15	AbsError: 1.19244e-15
      Equation: "PotentialEquation"	RelError: 1.01291e-16	AbsError: 1.11022e-16
    Region: "oxide"	RelError: 2.21838e-13	AbsError: 1.33232e-13
      Equation: "PotentialEquation"	RelError: 2.21838e-13	AbsError: 1.33232e-13
Succeeded
IVPOINT	IDVD_VG1P0	5.00000000e-01	2.00000000e-01	1.06205163e-01
drain last end 2.000000e-01 2.000000e+00
number of equations 4295
Iteration: 0
  Device: "mos2d"	RelError: 7.15999e+00	AbsError: 1.09722e+17
    Region: "bulk"	RelError: 7.13339e+00	AbsError: 1.09722e+17
      Equation: "ElectronContinuityEquation"	RelError: 9.60728e-01	AbsError: 1.08471e+17
      Equation: "HoleContinuityEquation"	RelError: 2.34080e+00	AbsError: 1.25102e+15
      Equation: "PotentialEquation"	RelError: 3.83186e+00	AbsError: 2.00000e-02
    Region: "gate"	RelError: 5.40330e-04	AbsError: 2.65062e+16
      Equation: "ElectronContinuityEquation"	RelError: 2.66940e-04	AbsError: 2.65062e+16
      Equation: "HoleContinuityEquation"	RelError: 2.67083e-04	AbsError: 2.68975e-04
      Equation: "PotentialEquation"	RelError: 6.30735e-06	AbsError: 6.91217e-06
    Region: "oxide"	RelError: 2.60613e-02	AbsError: 1.82650e-02
      Equation: "PotentialEquation"	RelError: 2.60613e-02	AbsError: 1.82650e-02
Iteration: 1
  Device: "mos2d"	RelError: 5.91947e-01	AbsError: 3.20149e+15
    Region: "bulk"	RelError: 5.91551e-01	AbsError: 3.20149e+15
      Equation: "ElectronContinuityEquation"	RelError: 1.75980e-01	AbsError: 3.16416e+15
      Equation: "HoleContinuityEquation"	RelError: 3.99858e-01	AbsError: 3.73344e+13
      Equation: "PotentialEquation"	RelError: 1.57131e-02	AbsError: 2.37789e-04
    Region: "gate"	RelError: 6.14874e-06	AbsError: 3.00503e+14
      Equation: "ElectronContinuityEquation"	RelError: 3.02496e-06	AbsError: 3.00503e+14
      Equation: "HoleContinuityEquation"	RelError: 3.05200e-06	AbsError: 3.07225e-06
      Equation: "PotentialEquation"	RelError: 7.17743e-08	AbsError: 7.86577e-08
    Region: "oxide"	RelError: 3.89896e-04	AbsError: 2.37399e-04
      Equation: "PotentialEquation"	RelError: 3.89896e-04	AbsError: 2.37399e-04
Iteration: 2
  Device: "mos2d"	RelError: 8.97997e-04	AbsError: 3.22538e+12
    Region: "bulk"	RelError: 8.97735e-04	AbsError: 3.22538e+12
      Equation: "ElectronContinuityEquation"	RelError: 1.38113e-04	AbsError: 3.20584e+12
      Equation: "HoleContinuityEquation"	RelError: 7.55605e-04	AbsError: 1.95425e+10
      Equation: "PotentialEquation"	RelError: 4.01714e-06	AbsError: 1.59507e-07
    Region: "gate"	RelError: 3.58306e-09	AbsError: 1.76354e+11
      Equation: "ElectronContinuityEquation"	RelError: 1.77523e-09	AbsError: 1.76354e+11
      Equation: "HoleContinuityEquation"	RelError: 1.76600e-09	AbsError: 1.77772e-09
      Equation: "PotentialEquation"	RelError: 4.18257e-11	AbsError: 4.58369e-11
    Region: "oxide"	RelError: 2.57661e-07	AbsError: 1.59507e-07
      Equation: "PotentialEquation"	RelError: 2.57661e-07	AbsError: 1.59507e-07
Iteration: 3
  Device: "mos2d"	RelError: 2.54007e-09	AbsError: 3.44009e+06
    Region: "bulk"	RelError: 2.53993e-09	AbsError: 3.44009e+06
      Equation: "ElectronContinuityEquation"	RelError: 1.89825e-11	AbsError: 3.43537e+06
      Equation: "HoleContinuityEquation"	RelError: 2.51946e-09	AbsError: 4.71785e+03
      Equation: "PotentialEquation"	RelError: 1.47982e-12	AbsError: 9.07809e-14
    Region: "gate"	RelError: 1.30720e-15	AbsError: 6.43469e+04
      Equation: "ElectronContinuityEquation"	RelError: 6.47737e-16	AbsError: 6.43469e+04
      Equation: "HoleContinuityEquation"	RelError: 5.58123e-16	AbsError: 5.61825e-16
      Equation: "PotentialEquation"	RelError: 1.01339e-16	AbsError: 1.11075e-16
    Region: "oxide"	RelError: 1.45045e-13	AbsError: 9.07809e-14
      Equation: "PotentialEquation"	RelError: 1.45045e-13	AbsError: 9.07809e-14
Succeeded
IVPOINT	IDVD_VG1P0	5.00000000e-01	2.20000000e-01	1.12587619e-01
drain last end 2.200000e-01 2.000000e+00
number of equations 4295
Iteration: 0
  Device: "mos2d"	RelError: 1.52670e+01	AbsError: 1.07112e+17
    Region: "bulk"	RelError: 1.52413e+01	AbsError: 1.07112e+17
      Equation: "ElectronContinuityEquation"	RelError: 8.93243e-01	AbsError: 1.05876e+17
      Equation: "HoleContinuityEquation"	RelError: 2.25872e+00	AbsError: 1.23574e+15
      Equation: "PotentialEquation"	RelError: 1.20893e+01	AbsError: 2.00000e-02
    Region: "gate"	RelError: 5.31276e-04	AbsError: 2.60690e+16
      Equation: "ElectronContinuityEquation"	RelError: 2.62468e-04	AbsError: 2.60690e+16
      Equation: "HoleContinuityEquation"	RelError: 2.62606e-04	AbsError: 2.64397e-04
      Equation: "PotentialEquation"	RelError: 6.20162e-06	AbsError: 6.79635e-06
    Region: "oxide"	RelError: 2.52073e-02	AbsError: 1.81601e-02
      Equation: "PotentialEquation"	RelError: 2.52073e-02	AbsError: 1.81601e-02
Iteration: 1
  Device: "mos2d"	RelError: 5.92726e-01	AbsError: 3.07310e+15
    Region: "bulk"	RelError: 5.92373e-01	AbsError: 3.07310e+15
      Equation: "ElectronContinuityEquation"	RelError: 1.62892e-01	AbsError: 3.03485e+15
      Equation: "HoleContinuityEquation"	RelError: 3.89444e-01	AbsError: 3.82470e+13
      Equation: "PotentialEquation"	RelError: 4.00364e-02	AbsError: 2.16345e-04
    Region: "gate"	RelError: 5.65485e-06	AbsError: 2.76397e+14
      Equation: "ElectronContinuityEquation"	RelError: 2.78187e-06	AbsError: 2.76397e+14
      Equation: "HoleContinuityEquation"	RelError: 2.80697e-06	AbsError: 2.82515e-06
      Equation: "PotentialEquation"	RelError: 6.60089e-08	AbsError: 7.23396e-08
    Region: "oxide"	RelError: 3.47241e-04	AbsError: 2.16345e-04
      Equation: "PotentialEquation"	RelError: 3.47241e-04	AbsError: 2.16345e-04
Iteration: 2
  Device: "mos2d"	RelError: 7.38501e-04	AbsError: 2.98308e+12
    Region: "bulk"	RelError: 7.38303e-04	AbsError: 2.98308e+12
      Equation: "ElectronContinuityEquation"	RelError: 1.21482e-04	AbsError: 2.96220e+12
      Equation: "HoleContinuityEquation"	RelError: 6.07159e-04	AbsError: 2.08835e+10
      Equation: "PotentialEquation"	RelError: 9.66242e-06	AbsError: 1.24988e-07
    Region: "gate"	RelError: 2.53070e-09	AbsError: 1.24641e+11
      Equation: "ElectronContinuityEquation"	RelError: 1.25448e-09	AbsError: 1.24641e+11
      Equation: "HoleContinuityEquation"	RelError: 1.24668e-09	AbsError: 1.25475e-09
      Equation: "PotentialEquation"	RelError: 2.95413e-11	AbsError: 3.23746e-11
    Region: "oxide"	RelError: 1.95444e-07	AbsError: 1.24710e-07
      Equation: "PotentialEquation"	RelError: 1.95444e-07	AbsError: 1.24710e-07
Iteration: 3
  Device: "mos2d"	RelError: 1.52294e-09	AbsError: 2.76136e+06
    Region: "bulk"	RelError: 1.52286e-09	AbsError: 2.76136e+06
      Equation: "ElectronContinuityEquation"	RelError: 1.85740e-11	AbsError: 2.75593e+06
      Equation: "HoleContinuityEquation"	RelError: 1.50246e-09	AbsError: 5.43093e+03
      Equation: "PotentialEquation"	RelError: 1.82456e-12	AbsError: 5.64048e-14
    Region: "gate"	RelError: 8.10729e-16	AbsError: 3.14676e+04
      Equation: "ElectronContinuityEquation"	RelError: 3.16823e-16	AbsError: 3.14676e+04
      Equation: "HoleContinuityEquation"	RelError: 3.92616e-16	AbsError: 3.95295e-16
      Equation: "PotentialEquation"	RelError: 1.01291e-16	AbsError: 1.11022e-16
    Region: "oxide"	RelError: 8.39419e-14	AbsError: 5.47949e-14
      Equation: "PotentialEquation"	RelError: 8.39419e-14	AbsError: 5.47949e-14
Succeeded
IVPOINT	IDVD_VG1P0	5.00000000e-01	2.40000000e-01	1.18678612e-01
drain last end 2.400000e-01 2.000000e+00
number of equations 4295
Iteration: 0
  Device: "mos2d"	RelError: 4.91876e+00	AbsError: 1.05940e+17
    Region: "bulk"	RelError: 4.89385e+00	AbsError: 1.05940e+17
      Equation: "ElectronContinuityEquation"	RelError: 8.60212e-01	AbsError: 1.04724e+17
      Equation: "HoleContinuityEquation"	RelError: 2.14916e+00	AbsError: 1.21552e+15
      Equation: "PotentialEquation"	RelError: 1.88448e+00	AbsError: 2.00000e-02
    Region: "gate"	RelError: 5.22182e-04	AbsError: 2.56294e+16
      Equation: "ElectronContinuityEquation"	RelError: 2.57977e-04	AbsError: 2.56294e+16
      Equation: "HoleContinuityEquation"	RelError: 2.58110e-04	AbsError: 2.59804e-04
      Equation: "PotentialEquation"	RelError: 6.09544e-06	AbsError: 6.68002e-06
    Region: "oxide"	RelError: 2.43836e-02	AbsError: 1.80452e-02
      Equation: "PotentialEquation"	RelError: 2.43836e-02	AbsError: 1.80452e-02
Iteration: 1
  Device: "mos2d"	RelError: 5.31018e-01	AbsError: 2.82666e+15
    Region: "bulk"	RelError: 5.30707e-01	AbsError: 2.82666e+15
      Equation: "ElectronContinuityEquation"	RelError: 1.51355e-01	AbsError: 2.78798e+15
      Equation: "HoleContinuityEquation"	RelError: 3.75877e-01	AbsError: 3.86784e+13
      Equation: "PotentialEquation"	RelError: 3.47480e-03	AbsError: 1.97630e-04
    Region: "gate"	RelError: 5.10361e-06	AbsError: 2.49454e+14
      Equation: "ElectronContinuityEquation"	RelError: 2.51032e-06	AbsError: 2.49454e+14
      Equation: "HoleContinuityEquation"	RelError: 2.53371e-06	AbsError: 2.54974e-06
      Equation: "PotentialEquation"	RelError: 5.95740e-08	AbsError: 6.52879e-08
    Region: "oxide"	RelError: 3.05657e-04	AbsError: 1.97630e-04
      Equation: "PotentialEquation"	RelError: 3.05657e-04	AbsError: 1.97630e-04
Iteration: 2
  Device: "mos2d"	RelError: 5.75888e-04	AbsError: 2.49320e+12
    Region: "bulk"	RelError: 5.75748e-04	AbsError: 2.49320e+12
      Equation: "ElectronContinuityEquation"	RelError: 1.02223e-04	AbsError: 2.47169e+12
      Equation: "HoleContinuityEquation"	RelError: 4.72744e-04	AbsError: 2.15111e+10
      Equation: "PotentialEquation"	RelError: 7.81793e-07	AbsError: 9.38619e-08
    Region: "gate"	RelError: 1.63627e-09	AbsError: 8.06665e+10
      Equation: "ElectronContinuityEquation"	RelError: 8.11767e-10	AbsError: 8.06665e+10
      Equation: "HoleContinuityEquation"	RelError: 8.05406e-10	AbsError: 8.10500e-10
      Equation: "PotentialEquation"	RelError: 1.91005e-11	AbsError: 2.09325e-11
    Region: "oxide"	RelError: 1.38335e-07	AbsError: 9.23856e-08
      Equation: "PotentialEquation"	RelError: 1.38335e-07	AbsError: 9.23856e-08
Iteration: 3
  Device: "mos2d"	RelError: 8.05124e-10	AbsError: 1.69806e+06
    Region: "bulk"	RelError: 8.05079e-10	AbsError: 1.69806e+06
      Equation: "ElectronContinuityEquation"	RelError: 2.46463e-11	AbsError: 1.69224e+06
      Equation: "HoleContinuityEquation"	RelError: 7.80298e-10	AbsError: 5.81396e+03
      Equation: "PotentialEquation"	RelError: 1.34272e-13	AbsError: 2.98691e-14
    Region: "gate"	RelError: 6.32545e-16	AbsError: 2.19951e+04
      Equation: "ElectronContinuityEquation"	RelError: 2.21395e-16	AbsError: 2.19951e+04
      Equation: "HoleContinuityEquation"	RelError: 3.09836e-16	AbsError: 3.11871e-16
      Equation: "PotentialEquation"	RelError: 1.01313e-16	AbsError: 1.11047e-16
    Region: "oxide"	RelError: 4.45886e-14	AbsError: 2.98691e-14
      Equation: "PotentialEquation"	RelError: 4.45886e-14	AbsError: 2.98691e-14
Succeeded
IVPOINT	IDVD_VG1P0	5.00000000e-01	2.60000000e-01	1.24546221e-01
drain last end 2.600000e-01 2.000000e+00
number of equations 4295
Iteration: 0
  Device: "mos2d"	RelError: 5.05278e+00	AbsError: 1.04419e+17
    Region: "bulk"	RelError: 5.02868e+00	AbsError: 1.04419e+17
      Equation: "ElectronContinuityEquation"	RelError: 8.28936e-01	AbsError: 1.03228e+17
      Equation: "HoleContinuityEquation"	RelError: 2.08611e+00	AbsError: 1.19026e+15
      Equation: "PotentialEquation"	RelError: 2.11364e+00	AbsError: 2.00000e-02
    Region: "gate"	RelError: 5.13189e-04	AbsError: 2.51945e+16
      Equation: "ElectronContinuityEquation"	RelError: 2.53535e-04	AbsError: 2.51945e+16
      Equation: "HoleContinuityEquation"	RelError: 2.53663e-04	AbsError: 2.55264e-04
      Equation: "PotentialEquation"	RelError: 5.99042e-06	AbsError: 6.56497e-06
    Region: "oxide"	RelError: 2.35891e-02	AbsError: 1.79204e-02
      Equation: "PotentialEquation"	RelError: 2.35891e-02	AbsError: 1.79204e-02
Iteration: 1
  Device: "mos2d"	RelError: 5.15412e-01	AbsError: 2.50069e+15
    Region: "bulk"	RelError: 5.15138e-01	AbsError: 2.50069e+15
      Equation: "ElectronContinuityEquation"	RelError: 1.44239e-01	AbsError: 2.46222e+15
      Equation: "HoleContinuityEquation"	RelError: 3.65741e-01	AbsError: 3.84667e+13
      Equation: "PotentialEquation"	RelError: 5.15810e-03	AbsError: 1.80260e-04
    Region: "gate"	RelError: 4.54490e-06	AbsError: 2.22125e+14
      Equation: "ElectronContinuityEquation"	RelError: 2.23497e-06	AbsError: 2.22125e+14
      Equation: "HoleContinuityEquation"	RelError: 2.25688e-06	AbsError: 2.27082e-06
      Equation: "PotentialEquation"	RelError: 5.30521e-08	AbsError: 5.81406e-08
    Region: "oxide"	RelError: 2.70117e-04	AbsError: 1.78630e-04
      Equation: "PotentialEquation"	RelError: 2.70117e-04	AbsError: 1.78630e-04
Iteration: 2
  Device: "mos2d"	RelError: 4.41618e-04	AbsError: 1.83046e+12
    Region: "bulk"	RelError: 4.41518e-04	AbsError: 1.83046e+12
      Equation: "ElectronContinuityEquation"	RelError: 8.17681e-05	AbsError: 1.80908e+12
      Equation: "HoleContinuityEquation"	RelError: 3.58359e-04	AbsError: 2.13773e+10
      Equation: "PotentialEquation"	RelError: 1.39103e-06	AbsError: 6.70951e-08
    Region: "gate"	RelError: 1.23596e-09	AbsError: 6.09300e+10
      Equation: "ElectronContinuityEquation"	RelError: 6.13147e-10	AbsError: 6.09300e+10
      Equation: "HoleContinuityEquation"	RelError: 6.08384e-10	AbsError: 6.12225e-10
      Equation: "PotentialEquation"	RelError: 1.44281e-11	AbsError: 1.58119e-11
    Region: "oxide"	RelError: 9.78604e-08	AbsError: 6.67605e-08
      Equation: "PotentialEquation"	RelError: 9.78604e-08	AbsError: 6.67605e-08
Iteration: 3
  Device: "mos2d"	RelError: 3.56472e-10	AbsError: 8.16094e+05
    Region: "bulk"	RelError: 3.56450e-10	AbsError: 8.16094e+05
      Equation: "ElectronContinuityEquation"	RelError: 1.19708e-11	AbsError: 8.10317e+05
      Equation: "HoleContinuityEquation"	RelError: 3.44186e-10	AbsError: 5.77697e+03
      Equation: "PotentialEquation"	RelError: 2.92775e-13	AbsError: 1.53097e-14
    Region: "gate"	RelError: 4.29131e-16	AbsError: 1.08373e+04
      Equation: "ElectronContinuityEquation"	RelError: 1.09201e-16	AbsError: 1.08373e+04
      Equation: "HoleContinuityEquation"	RelError: 2.18639e-16	AbsError: 2.20458e-16
      Equation: "PotentialEquation"	RelError: 1.01291e-16	AbsError: 1.11022e-16
    Region: "oxide"	RelError: 2.17634e-14	AbsError: 1.53097e-14
      Equation: "PotentialEquation"	RelError: 2.17634e-14	AbsError: 1.53097e-14
Succeeded
IVPOINT	IDVD_VG1P0	5.00000000e-01	2.80000000e-01	1.30243811e-01
drain last end 2.800000e-01 2.000000e+00
number of equations 4295
Iteration: 0
  Device: "mos2d"	RelError: 6.47164e+00	AbsError: 1.02475e+17
    Region: "bulk"	RelError: 6.44830e+00	AbsError: 1.02475e+17
      Equation: "ElectronContinuityEquation"	RelError: 7.92322e-01	AbsError: 1.01315e+17
      Equation: "HoleContinuityEquation"	RelError: 2.06339e+00	AbsError: 1.15990e+15
      Equation: "PotentialEquation"	RelError: 3.59259e+00	AbsError: 2.00000e-02
    Region: "gate"	RelError: 5.04398e-04	AbsError: 2.47691e+16
      Equation: "ElectronContinuityEquation"	RelError: 2.49193e-04	AbsError: 2.47691e+16
      Equation: "HoleContinuityEquation"	RelError: 2.49317e-04	AbsError: 2.50829e-04
      Equation: "PotentialEquation"	RelError: 5.88777e-06	AbsError: 6.45252e-06
    Region: "oxide"	RelError: 2.28307e-02	AbsError: 1.77859e-02
      Equation: "PotentialEquation"	RelError: 2.28307e-02	AbsError: 1.77859e-02
Iteration: 1
  Device: "mos2d"	RelError: 5.12674e-01	AbsError: 2.16081e+15
    Region: "bulk"	RelError: 5.12433e-01	AbsError: 2.16081e+15
      Equation: "ElectronContinuityEquation"	RelError: 1.38380e-01	AbsError: 2.12317e+15
      Equation: "HoleContinuityEquation"	RelError: 3.61092e-01	AbsError: 3.76318e+13
      Equation: "PotentialEquation"	RelError: 1.29613e-02	AbsError: 1.63722e-04
    Region: "gate"	RelError: 4.28457e-06	AbsError: 2.07364e+14
      Equation: "ElectronContinuityEquation"	RelError: 2.08622e-06	AbsError: 2.07364e+14
      Equation: "HoleContinuityEquation"	RelError: 2.14834e-06	AbsError: 2.16137e-06
      Equation: "PotentialEquation"	RelError: 5.00131e-08	AbsError: 5.48103e-08
    Region: "oxide"	RelError: 2.36929e-04	AbsError: 1.61596e-04
      Equation: "PotentialEquation"	RelError: 2.36929e-04	AbsError: 1.61596e-04
Iteration: 2
  Device: "mos2d"	RelError: 3.69294e-04	AbsError: 1.61502e+12
    Region: "bulk"	RelError: 3.69220e-04	AbsError: 1.61502e+12
      Equation: "ElectronContinuityEquation"	RelError: 7.54384e-05	AbsError: 1.59452e+12
      Equation: "HoleContinuityEquation"	RelError: 2.90264e-04	AbsError: 2.05067e+10
      Equation: "PotentialEquation"	RelError: 3.51777e-06	AbsError: 5.24822e-08
    Region: "gate"	RelError: 9.88248e-10	AbsError: 4.87639e+10
      Equation: "ElectronContinuityEquation"	RelError: 4.90597e-10	AbsError: 4.87639e+10
      Equation: "HoleContinuityEquation"	RelError: 4.86114e-10	AbsError: 4.89063e-10
      Equation: "PotentialEquation"	RelError: 1.15365e-11	AbsError: 1.26430e-11
    Region: "oxide"	RelError: 7.31337e-08	AbsError: 5.24822e-08
      Equation: "PotentialEquation"	RelError: 7.31337e-08	AbsError: 5.24822e-08
Iteration: 3
  Device: "mos2d"	RelError: 1.47577e-10	AbsError: 6.51700e+05
    Region: "bulk"	RelError: 1.47560e-10	AbsError: 6.51700e+05
      Equation: "ElectronContinuityEquation"	RelError: 1.75449e-11	AbsError: 6.46336e+05
      Equation: "HoleContinuityEquation"	RelError: 1.29349e-10	AbsError: 5.36346e+03
      Equation: "PotentialEquation"	RelError: 6.65939e-13	AbsError: 1.17376e-14
    Region: "gate"	RelError: 5.95029e-16	AbsError: 9.89287e+03
      Equation: "ElectronContinuityEquation"	RelError: 9.95288e-17	AbsError: 9.89287e+03
      Equation: "HoleContinuityEquation"	RelError: 3.94184e-16	AbsError: 3.97179e-16
      Equation: "PotentialEquation"	RelError: 1.01316e-16	AbsError: 1.11050e-16
    Region: "oxide"	RelError: 1.62963e-14	AbsError: 1.17376e-14
      Equation: "PotentialEquation"	RelError: 1.62963e-14	AbsError: 1.17376e-14
Succeeded
IVPOINT	IDVD_VG1P0	5.00000000e-01	3.00000000e-01	1.35812693e-01
drain last end 3.000000e-01 2.000000e+00
number of equations 4295
Iteration: 0
  Device: "mos2d"	RelError: 3.56114e+00	AbsError: 1.00101e+17
    Region: "bulk"	RelError: 3.53849e+00	AbsError: 1.00101e+17
      Equation: "ElectronContinuityEquation"	RelError: 7.42199e-01	AbsError: 9.89246e+16
      Equation: "HoleContinuityEquation"	RelError: 2.01502e+00	AbsError: 1.17625e+15
      Equation: "PotentialEquation"	RelError: 7.81271e-01	AbsError: 2.00000e-02
    Region: "gate"	RelError: 4.95881e-04	AbsError: 2.43569e+16
      Equation: "ElectronContinuityEquation"	RelError: 2.44986e-04	AbsError: 2.43569e+16
      Equation: "HoleContinuityEquation"	RelError: 2.45106e-04	AbsError: 2.46532e-04
      Equation: "PotentialEquation"	RelError: 5.78832e-06	AbsError: 6.34356e-06
    Region: "oxide"	RelError: 2.21466e-02	AbsError: 1.76422e-02
      Equation: "PotentialEquation"	RelError: 2.21466e-02	AbsError: 1.76422e-02
Iteration: 1
  Device: "mos2d"	RelError: 4.89305e-01	AbsError: 2.35967e+15
    Region: "bulk"	RelError: 4.89094e-01	AbsError: 2.35967e+15
      Equation: "ElectronContinuityEquation"	RelError: 1.30537e-01	AbsError: 2.32344e+15
      Equation: "HoleContinuityEquation"	RelError: 3.55791e-01	AbsError: 3.62251e+13
      Equation: "PotentialEquation"	RelError: 2.76641e-03	AbsError: 1.48857e-04
    Region: "gate"	RelError: 4.12915e-06	AbsError: 1.99882e+14
      Equation: "ElectronContinuityEquation"	RelError: 2.01045e-06	AbsError: 1.99882e+14
      Equation: "HoleContinuityEquation"	RelError: 2.07049e-06	AbsError: 2.08254e-06
      Equation: "PotentialEquation"	RelError: 4.81986e-08	AbsError: 5.28220e-08
    Region: "oxide"	RelError: 2.06886e-04	AbsError: 1.47608e-04
      Equation: "PotentialEquation"	RelError: 2.06886e-04	AbsError: 1.47608e-04
Iteration: 2
  Device: "mos2d"	RelError: 3.64392e-04	AbsError: 1.38154e+12
    Region: "bulk"	RelError: 3.64331e-04	AbsError: 1.38154e+12
      Equation: "ElectronContinuityEquation"	RelError: 7.78377e-05	AbsError: 1.36255e+12
      Equation: "HoleContinuityEquation"	RelError: 2.85749e-04	AbsError: 1.89966e+10
      Equation: "PotentialEquation"	RelError: 7.44850e-07	AbsError: 4.38798e-08
    Region: "gate"	RelError: 7.91758e-10	AbsError: 3.91063e+10
      Equation: "ElectronContinuityEquation"	RelError: 3.93339e-10	AbsError: 3.91063e+10
      Equation: "HoleContinuityEquation"	RelError: 3.89176e-10	AbsError: 3.91441e-10
      Equation: "PotentialEquation"	RelError: 9.24270e-12	AbsError: 1.01293e-11
    Region: "oxide"	RelError: 5.97352e-08	AbsError: 4.38798e-08
      Equation: "PotentialEquation"	RelError: 5.97352e-08	AbsError: 4.38798e-08
Iteration: 3
  Device: "mos2d"	RelError: 8.89788e-11	AbsError: 5.13413e+05
    Region: "bulk"	RelError: 8.89659e-11	AbsError: 5.13413e+05
      Equation: "ElectronContinuityEquation"	RelError: 4.34190e-11	AbsError: 5.08762e+05
      Equation: "HoleContinuityEquation"	RelError: 4.54358e-11	AbsError: 4.65129e+03
      Equation: "PotentialEquation"	RelError: 1.11089e-13	AbsError: 9.19039e-15
    Region: "gate"	RelError: 5.00816e-16	AbsError: 1.04458e+04
      Equation: "ElectronContinuityEquation"	RelError: 1.04895e-16	AbsError: 1.04458e+04
      Equation: "HoleContinuityEquation"	RelError: 2.94630e-16	AbsError: 2.96345e-16
      Equation: "PotentialEquation"	RelError: 1.01291e-16	AbsError: 1.11022e-16
    Region: "oxide"	RelError: 1.24632e-14	AbsError: 9.19039e-15
      Equation: "PotentialEquation"	RelError: 1.24632e-14	AbsError: 9.19039e-15
Succeeded
IVPOINT	IDVD_VG1P0	5.00000000e-01	3.20000000e-01	1.41284626e-01
drain last end 3.200000e-01 2.000000e+00
number of equations 4295
Iteration: 0
  Device: "mos2d"	RelError: 3.13935e+00	AbsError: 9.72076e+16
    Region: "bulk"	RelError: 3.11738e+00	AbsError: 9.72076e+16
      Equation: "ElectronContinuityEquation"	RelError: 7.14560e-01	AbsError: 9.60150e+16
      Equation: "HoleContinuityEquation"	RelError: 1.96317e+00	AbsError: 1.19257e+15
      Equation: "PotentialEquation"	RelError: 4.39656e-01	AbsError: 2.00000e-02
    Region: "gate"	RelError: 4.87679e-04	AbsError: 2.39599e+16
      Equation: "ElectronContinuityEquation"	RelError: 2.40935e-04	AbsError: 2.39599e+16
      Equation: "HoleContinuityEquation"	RelError: 2.41051e-04	AbsError: 2.42396e-04
      Equation: "PotentialEquation"	RelError: 5.69255e-06	AbsError: 6.23864e-06
    Region: "oxide"	RelError: 2.14855e-02	AbsError: 1.74897e-02
      Equation: "PotentialEquation"	RelError: 2.14855e-02	AbsError: 1.74897e-02
Iteration: 1
  Device: "mos2d"	RelError: 4.69001e-01	AbsError: 2.56142e+15
    Region: "bulk"	RelError: 4.68811e-01	AbsError: 2.56142e+15
      Equation: "ElectronContinuityEquation"	RelError: 1.20106e-01	AbsError: 2.52709e+15
      Equation: "HoleContinuityEquation"	RelError: 3.47196e-01	AbsError: 3.43260e+13
      Equation: "PotentialEquation"	RelError: 1.50906e-03	AbsError: 1.39555e-04
    Region: "gate"	RelError: 3.96127e-06	AbsError: 1.91778e+14
      Equation: "ElectronContinuityEquation"	RelError: 1.92848e-06	AbsError: 1.91778e+14
      Equation: "HoleContinuityEquation"	RelError: 1.98655e-06	AbsError: 1.99764e-06
      Equation: "PotentialEquation"	RelError: 4.62387e-08	AbsError: 5.06744e-08
    Region: "oxide"	RelError: 1.86866e-04	AbsError: 1.39555e-04
      Equation: "PotentialEquation"	RelError: 1.86866e-04	AbsError: 1.39555e-04
Iteration: 2
  Device: "mos2d"	RelError: 3.66810e-04	AbsError: 1.24036e+12
    Region: "bulk"	RelError: 3.66760e-04	AbsError: 1.24036e+12
      Equation: "ElectronContinuityEquation"	RelError: 8.75645e-05	AbsError: 1.22336e+12
      Equation: "HoleContinuityEquation"	RelError: 2.78798e-04	AbsError: 1.70022e+10
      Equation: "PotentialEquation"	RelError: 3.98089e-07	AbsError: 3.68570e-08
    Region: "gate"	RelError: 6.47425e-10	AbsError: 3.20063e+10
      Equation: "ElectronContinuityEquation"	RelError: 3.21849e-10	AbsError: 3.20063e+10
      Equation: "HoleContinuityEquation"	RelError: 3.18018e-10	AbsError: 3.19792e-10
      Equation: "PotentialEquation"	RelError: 7.55788e-12	AbsError: 8.28291e-12
    Region: "oxide"	RelError: 4.88795e-08	AbsError: 3.67410e-08
      Equation: "PotentialEquation"	RelError: 4.88795e-08	AbsError: 3.67410e-08
Iteration: 3
  Device: "mos2d"	RelError: 5.67068e-11	AbsError: 3.93217e+05
    Region: "bulk"	RelError: 5.66973e-11	AbsError: 3.93217e+05
      Equation: "ElectronContinuityEquation"	RelError: 1.72176e-11	AbsError: 3.89485e+05
      Equation: "HoleContinuityEquation"	RelError: 3.94160e-11	AbsError: 3.73195e+03
      Equation: "PotentialEquation"	RelError: 6.37486e-14	AbsError: 6.70451e-15
    Region: "gate"	RelError: 5.68118e-16	AbsError: 8.00151e+03
      Equation: "ElectronContinuityEquation"	RelError: 8.02090e-17	AbsError: 8.00151e+03
      Equation: "HoleContinuityEquation"	RelError: 3.86582e-16	AbsError: 3.88810e-16
      Equation: "PotentialEquation"	RelError: 1.01326e-16	AbsError: 1.11061e-16
    Region: "oxide"	RelError: 8.87175e-15	AbsError: 6.70451e-15
      Equation: "PotentialEquation"	RelError: 8.87175e-15	AbsError: 6.70451e-15
Succeeded
IVPOINT	IDVD_VG1P0	5.00000000e-01	3.40000000e-01	1.46683992e-01
drain last end 3.400000e-01 2.000000e+00
number of equations 4295
Iteration: 0
  Device: "mos2d"	RelError: 3.04932e+00	AbsError: 9.37692e+16
    Region: "bulk"	RelError: 3.02799e+00	AbsError: 9.37692e+16
      Equation: "ElectronContinuityEquation"	RelError: 6.94095e-01	AbsError: 9.25646e+16
      Equation: "HoleContinuityEquation"	RelError: 1.90388e+00	AbsError: 1.20458e+15
      Equation: "PotentialEquation"	RelError: 4.30024e-01	AbsError: 2.00000e-02
    Region: "gate"	RelError: 4.79815e-04	AbsError: 2.35791e+16
      Equation: "ElectronContinuityEquation"	RelError: 2.37051e-04	AbsError: 2.35791e+16
      Equation: "HoleContinuityEquation"	RelError: 2.37163e-04	AbsError: 2.38430e-04
      Equation: "PotentialEquation"	RelError: 5.60072e-06	AbsError: 6.13804e-06
    Region: "oxide"	RelError: 2.08467e-02	AbsError: 1.73292e-02
      Equation: "PotentialEquation"	RelError: 2.08467e-02	AbsError: 1.73292e-02
Iteration: 1
  Device: "mos2d"	RelError: 4.56883e-01	AbsError: 2.73696e+15
    Region: "bulk"	RelError: 4.56707e-01	AbsError: 2.73696e+15
      Equation: "ElectronContinuityEquation"	RelError: 1.14864e-01	AbsError: 2.70390e+15
      Equation: "HoleContinuityEquation"	RelError: 3.40559e-01	AbsError: 3.30642e+13
      Equation: "PotentialEquation"	RelError: 1.28354e-03	AbsError: 1.31784e-04
    Region: "gate"	RelError: 3.78791e-06	AbsError: 1.83394e+14
      Equation: "ElectronContinuityEquation"	RelError: 1.84374e-06	AbsError: 1.83394e+14
      Equation: "HoleContinuityEquation"	RelError: 1.89995e-06	AbsError: 1.91011e-06
      Equation: "PotentialEquation"	RelError: 4.42149e-08	AbsError: 4.84567e-08
    Region: "oxide"	RelError: 1.72804e-04	AbsError: 1.31748e-04
      Equation: "PotentialEquation"	RelError: 1.72804e-04	AbsError: 1.31748e-04
Iteration: 2
  Device: "mos2d"	RelError: 3.81437e-04	AbsError: 1.09589e+12
    Region: "bulk"	RelError: 3.81397e-04	AbsError: 1.09589e+12
      Equation: "ElectronContinuityEquation"	RelError: 1.12773e-04	AbsError: 1.08118e+12
      Equation: "HoleContinuityEquation"	RelError: 2.68321e-04	AbsError: 1.47115e+10
      Equation: "PotentialEquation"	RelError: 3.02996e-07	AbsError: 3.09794e-08
    Region: "gate"	RelError: 5.49247e-10	AbsError: 2.71717e+10
      Equation: "ElectronContinuityEquation"	RelError: 2.73169e-10	AbsError: 2.71717e+10
      Equation: "HoleContinuityEquation"	RelError: 2.69666e-10	AbsError: 2.71107e-10
      Equation: "PotentialEquation"	RelError: 6.41168e-12	AbsError: 7.02680e-12
    Region: "oxide"	RelError: 3.99452e-08	AbsError: 3.09794e-08
      Equation: "PotentialEquation"	RelError: 3.99452e-08	AbsError: 3.09794e-08
Iteration: 3
  Device: "mos2d"	RelError: 1.23030e-10	AbsError: 2.76756e+05
    Region: "bulk"	RelError: 1.23024e-10	AbsError: 2.76756e+05
      Equation: "ElectronContinuityEquation"	RelError: 7.14664e-11	AbsError: 2.73933e+05
      Equation: "HoleContinuityEquation"	RelError: 5.15260e-11	AbsError: 2.82317e+03
      Equation: "PotentialEquation"	RelError: 3.12404e-14	AbsError: 4.76090e-15
    Region: "gate"	RelError: 3.69063e-16	AbsError: 8.93999e+03
      Equation: "ElectronContinuityEquation"	RelError: 9.00683e-17	AbsError: 8.93999e+03
      Equation: "HoleContinuityEquation"	RelError: 1.77682e-16	AbsError: 1.77683e-16
      Equation: "PotentialEquation"	RelError: 1.01312e-16	AbsError: 1.11046e-16
    Region: "oxide"	RelError: 6.13876e-15	AbsError: 4.76090e-15
      Equation: "PotentialEquation"	RelError: 6.13876e-15	AbsError: 4.76090e-15
Succeeded
IVPOINT	IDVD_VG1P0	5.00000000e-01	3.60000000e-01	1.52029572e-01
drain last end 3.600000e-01 2.000000e+00
number of equations 4295
Iteration: 0
  Device: "mos2d"	RelError: 3.22914e+00	AbsError: 8.97869e+16
    Region: "bulk"	RelError: 3.20844e+00	AbsError: 8.97869e+16
      Equation: "ElectronContinuityEquation"	RelError: 6.66091e-01	AbsError: 8.85749e+16
      Equation: "HoleContinuityEquation"	RelError: 1.79556e+00	AbsError: 1.21196e+15
      Equation: "PotentialEquation"	RelError: 7.46784e-01	AbsError: 2.00000e-02
    Region: "gate"	RelError: 4.72299e-04	AbsError: 2.32152e+16
      Equation: "ElectronContinuityEquation"	RelError: 2.33338e-04	AbsError: 2.32152e+16
      Equation: "HoleContinuityEquation"	RelError: 2.33447e-04	AbsError: 2.34640e-04
      Equation: "PotentialEquation"	RelError: 5.51296e-06	AbsError: 6.04189e-06
    Region: "oxide"	RelError: 2.02296e-02	AbsError: 1.71618e-02
      Equation: "PotentialEquation"	RelError: 2.02296e-02	AbsError: 1.71618e-02
Iteration: 1
  Device: "mos2d"	RelError: 4.40047e-01	AbsError: 2.87665e+15
    Region: "bulk"	RelError: 4.39884e-01	AbsError: 2.87665e+15
      Equation: "ElectronContinuityEquation"	RelError: 1.10744e-01	AbsError: 2.84338e+15
      Equation: "HoleContinuityEquation"	RelError: 3.27226e-01	AbsError: 3.32668e+13
      Equation: "PotentialEquation"	RelError: 1.91347e-03	AbsError: 1.24818e-04
    Region: "gate"	RelError: 3.61292e-06	AbsError: 1.74920e+14
      Equation: "ElectronContinuityEquation"	RelError: 1.75814e-06	AbsError: 1.74920e+14
      Equation: "HoleContinuityEquation"	RelError: 1.81261e-06	AbsError: 1.82187e-06
      Equation: "PotentialEquation"	RelError: 4.21721e-08	AbsError: 4.62182e-08
    Region: "oxide"	RelError: 1.59258e-04	AbsError: 1.24125e-04
      Equation: "PotentialEquation"	RelError: 1.59258e-04	AbsError: 1.24125e-04
Iteration: 2
  Device: "mos2d"	RelError: 4.21708e-04	AbsError: 9.27232e+11
    Region: "bulk"	RelError: 4.21673e-04	AbsError: 9.27232e+11
      Equation: "ElectronContinuityEquation"	RelError: 1.68660e-04	AbsError: 9.14392e+11
      Equation: "HoleContinuityEquation"	RelError: 2.52552e-04	AbsError: 1.28405e+10
      Equation: "PotentialEquation"	RelError: 4.61157e-07	AbsError: 2.66521e-08
    Region: "gate"	RelError: 4.88621e-10	AbsError: 2.41816e+10
      Equation: "ElectronContinuityEquation"	RelError: 2.43052e-10	AbsError: 2.41816e+10
      Equation: "HoleContinuityEquation"	RelError: 2.39865e-10	AbsError: 2.41091e-10
      Equation: "PotentialEquation"	RelError: 5.70397e-12	AbsError: 6.25123e-12
    Region: "oxide"	RelError: 3.37425e-08	AbsError: 2.66521e-08
      Equation: "PotentialEquation"	RelError: 3.37425e-08	AbsError: 2.66521e-08
Iteration: 3
  Device: "mos2d"	RelError: 6.08747e-11	AbsError: 1.86488e+05
    Region: "bulk"	RelError: 6.08706e-11	AbsError: 1.86488e+05
      Equation: "ElectronContinuityEquation"	RelError: 1.70215e-11	AbsError: 1.84513e+05
      Equation: "HoleContinuityEquation"	RelError: 4.37864e-11	AbsError: 1.97449e+03
      Equation: "PotentialEquation"	RelError: 6.26995e-14	AbsError: 3.14597e-15
    Region: "gate"	RelError: 4.15591e-16	AbsError: 8.14374e+03
      Equation: "ElectronContinuityEquation"	RelError: 8.14374e-17	AbsError: 8.14374e+03
      Equation: "HoleContinuityEquation"	RelError: 2.32748e-16	AbsError: 2.32749e-16
      Equation: "PotentialEquation"	RelError: 1.01405e-16	AbsError: 1.11148e-16
    Region: "oxide"	RelError: 3.75893e-15	AbsError: 2.96906e-15
      Equation: "PotentialEquation"	RelError: 3.75893e-15	AbsError: 2.96906e-15
Succeeded
IVPOINT	IDVD_VG1P0	5.00000000e-01	3.80000000e-01	1.57335942e-01
drain last end 3.800000e-01 2.000000e+00
number of equations 4295
Iteration: 0
  Device: "mos2d"	RelError: 5.24975e+00	AbsError: 8.52868e+16
    Region: "bulk"	RelError: 5.22965e+00	AbsError: 8.52868e+16
      Equation: "ElectronContinuityEquation"	RelError: 6.26649e-01	AbsError: 8.40723e+16
      Equation: "HoleContinuityEquation"	RelError: 1.71508e+00	AbsError: 1.21446e+15
      Equation: "PotentialEquation"	RelError: 2.88792e+00	AbsError: 2.00000e-02
    Region: "gate"	RelError: 4.65132e-04	AbsError: 2.28683e+16
      Equation: "ElectronContinuityEquation"	RelError: 2.29799e-04	AbsError: 2.28683e+16
      Equation: "HoleContinuityEquation"	RelError: 2.29904e-04	AbsError: 2.31026e-04
      Equation: "PotentialEquation"	RelError: 5.42928e-06	AbsError: 5.95021e-06
    Region: "oxide"	RelError: 1.96344e-02	AbsError: 1.69887e-02
      Equation: "PotentialEquation"	RelError: 1.96344e-02	AbsError: 1.69887e-02
Iteration: 1
  Device: "mos2d"	RelError: 4.23711e-01	AbsError: 2.97031e+15
    Region: "bulk"	RelError: 4.23561e-01	AbsError: 2.97031e+15
      Equation: "ElectronContinuityEquation"	RelError: 1.05266e-01	AbsError: 2.93730e+15
      Equation: "HoleContinuityEquation"	RelError: 3.13662e-01	AbsError: 3.30112e+13
      Equation: "PotentialEquation"	RelError: 4.63334e-03	AbsError: 1.17422e-04
    Region: "gate"	RelError: 3.43787e-06	AbsError: 1.66433e+14
      Equation: "ElectronContinuityEquation"	RelError: 1.67246e-06	AbsError: 1.66433e+14
      Equation: "HoleContinuityEquation"	RelError: 1.72528e-06	AbsError: 1.73370e-06
      Equation: "PotentialEquation"	RelError: 4.01286e-08	AbsError: 4.39789e-08
    Region: "oxide"	RelError: 1.46565e-04	AbsError: 1.17089e-04
      Equation: "PotentialEquation"	RelError: 1.46565e-04	AbsError: 1.17089e-04
Iteration: 2
  Device: "mos2d"	RelError: 5.10646e-04	AbsError: 9.43431e+11
    Region: "bulk"	RelError: 5.10616e-04	AbsError: 9.43431e+11
      Equation: "ElectronContinuityEquation"	RelError: 2.80563e-04	AbsError: 9.30626e+11
      Equation: "HoleContinuityEquation"	RelError: 2.29103e-04	AbsError: 1.28055e+10
      Equation: "PotentialEquation"	RelError: 9.49899e-07	AbsError: 2.44185e-08
    Region: "gate"	RelError: 4.56367e-10	AbsError: 2.25860e+10
      Equation: "ElectronContinuityEquation"	RelError: 2.26963e-10	AbsError: 2.25860e+10
      Equation: "HoleContinuityEquation"	RelError: 2.24077e-10	AbsError: 2.25171e-10
      Equation: "PotentialEquation"	RelError: 5.32739e-12	AbsError: 5.83854e-12
    Region: "oxide"	RelError: 2.94948e-08	AbsError: 2.44185e-08
      Equation: "PotentialEquation"	RelError: 2.94948e-08	AbsError: 2.44185e-08
Iteration: 3
  Device: "mos2d"	RelError: 9.48947e-11	AbsError: 1.85731e+05
    Region: "bulk"	RelError: 9.48914e-11	AbsError: 1.85731e+05
      Equation: "ElectronContinuityEquation"	RelError: 2.95487e-11	AbsError: 1.83784e+05
      Equation: "HoleContinuityEquation"	RelError: 6.52254e-11	AbsError: 1.94653e+03
      Equation: "PotentialEquation"	RelError: 1.17382e-13	AbsError: 3.00457e-15
    Region: "gate"	RelError: 4.46861e-16	AbsError: 8.52920e+03
      Equation: "ElectronContinuityEquation"	RelError: 8.57501e-17	AbsError: 8.52920e+03
      Equation: "HoleContinuityEquation"	RelError: 2.59742e-16	AbsError: 2.60597e-16
      Equation: "PotentialEquation"	RelError: 1.01369e-16	AbsError: 1.11108e-16
    Region: "oxide"	RelError: 2.89000e-15	AbsError: 2.39260e-15
      Equation: "PotentialEquation"	RelError: 2.89000e-15	AbsError: 2.39260e-15
Succeeded
IVPOINT	IDVD_VG1P0	5.00000000e-01	4.00000000e-01	1.62614544e-01
drain last end 4.000000e-01 2.000000e+00
number of equations 4295
Iteration: 0
  Device: "mos2d"	RelError: 1.61215e+01	AbsError: 8.03203e+16
    Region: "bulk"	RelError: 1.61020e+01	AbsError: 8.03203e+16
      Equation: "ElectronContinuityEquation"	RelError: 5.71247e-01	AbsError: 7.91084e+16
      Equation: "HoleContinuityEquation"	RelError: 1.56681e+00	AbsError: 1.21191e+15
      Equation: "PotentialEquation"	RelError: 1.39639e+01	AbsError: 2.00000e-02
    Region: "gate"	RelError: 4.58316e-04	AbsError: 2.25383e+16
      Equation: "ElectronContinuityEquation"	RelError: 2.26432e-04	AbsError: 2.25383e+16
      Equation: "HoleContinuityEquation"	RelError: 2.26534e-04	AbsError: 2.27589e-04
      Equation: "PotentialEquation"	RelError: 5.34968e-06	AbsError: 5.86301e-06
    Region: "oxide"	RelError: 1.90610e-02	AbsError: 1.68113e-02
      Equation: "PotentialEquation"	RelError: 1.90610e-02	AbsError: 1.68113e-02
Iteration: 1
  Device: "mos2d"	RelError: 4.40457e-01	AbsError: 3.01246e+15
    Region: "bulk"	RelError: 4.40319e-01	AbsError: 3.01246e+15
      Equation: "ElectronContinuityEquation"	RelError: 9.78190e-02	AbsError: 2.98014e+15
      Equation: "HoleContinuityEquation"	RelError: 2.95396e-01	AbsError: 3.23189e+13
      Equation: "PotentialEquation"	RelError: 4.71043e-02	AbsError: 1.10716e-04
    Region: "gate"	RelError: 3.26283e-06	AbsError: 1.57937e+14
      Equation: "ElectronContinuityEquation"	RelError: 1.58673e-06	AbsError: 1.57937e+14
      Equation: "HoleContinuityEquation"	RelError: 1.63802e-06	AbsError: 1.64564e-06
      Equation: "PotentialEquation"	RelError: 3.80852e-08	AbsError: 4.17397e-08
    Region: "oxide"	RelError: 1.34987e-04	AbsError: 1.10393e-04
      Equation: "PotentialEquation"	RelError: 1.34987e-04	AbsError: 1.10393e-04
Iteration: 2
  Device: "mos2d"	RelError: 7.07642e-04	AbsError: 9.09298e+11
    Region: "bulk"	RelError: 7.07612e-04	AbsError: 9.09298e+11
      Equation: "ElectronContinuityEquation"	RelError: 4.83037e-04	AbsError: 8.96448e+11
      Equation: "HoleContinuityEquation"	RelError: 2.13060e-04	AbsError: 1.28498e+10
      Equation: "PotentialEquation"	RelError: 1.15153e-05	AbsError: 2.41655e-08
    Region: "gate"	RelError: 4.89117e-10	AbsError: 2.41810e+10
      Equation: "ElectronContinuityEquation"	RelError: 2.42554e-10	AbsError: 2.41810e+10
      Equation: "HoleContinuityEquation"	RelError: 2.40854e-10	AbsError: 2.41595e-10
      Equation: "PotentialEquation"	RelError: 5.70940e-12	AbsError: 6.25748e-12
    Region: "oxide"	RelError: 2.86566e-08	AbsError: 2.41655e-08
      Equation: "PotentialEquation"	RelError: 2.86566e-08	AbsError: 2.41655e-08
Iteration: 3
  Device: "mos2d"	RelError: 8.03013e-11	AbsError: 1.61870e+05
    Region: "bulk"	RelError: 8.02985e-11	AbsError: 1.61870e+05
      Equation: "ElectronContinuityEquation"	RelError: 3.41605e-11	AbsError: 1.59468e+05
      Equation: "HoleContinuityEquation"	RelError: 4.47284e-11	AbsError: 2.40183e+03
      Equation: "PotentialEquation"	RelError: 1.40957e-12	AbsError: 3.36601e-15
    Region: "gate"	RelError: 4.44133e-16	AbsError: 7.74085e+03
      Equation: "ElectronContinuityEquation"	RelError: 7.74085e-17	AbsError: 7.74085e+03
      Equation: "HoleContinuityEquation"	RelError: 2.65417e-16	AbsError: 2.67107e-16
      Equation: "PotentialEquation"	RelError: 1.01307e-16	AbsError: 1.11040e-16
    Region: "oxide"	RelError: 2.33413e-15	AbsError: 1.96832e-15
      Equation: "PotentialEquation"	RelError: 2.33413e-15	AbsError: 1.96832e-15
Succeeded
IVPOINT	IDVD_VG1P0	5.00000000e-01	4.20000000e-01	1.67874495e-01
drain last end 4.200000e-01 2.000000e+00
number of equations 4295
Iteration: 0
  Device: "mos2d"	RelError: 3.18248e+00	AbsError: 7.49624e+16
    Region: "bulk"	RelError: 3.16351e+00	AbsError: 7.49624e+16
      Equation: "ElectronContinuityEquation"	RelError: 5.48073e-01	AbsError: 7.37582e+16
      Equation: "HoleContinuityEquation"	RelError: 1.40173e+00	AbsError: 1.20419e+15
      Equation: "PotentialEquation"	RelError: 1.21371e+00	AbsError: 2.00000e-02
    Region: "gate"	RelError: 4.51849e-04	AbsError: 2.22253e+16
      Equation: "ElectronContinuityEquation"	RelError: 2.23238e-04	AbsError: 2.22253e+16
      Equation: "HoleContinuityEquation"	RelError: 2.23337e-04	AbsError: 2.24327e-04
      Equation: "PotentialEquation"	RelError: 5.27418e-06	AbsError: 5.78029e-06
    Region: "oxide"	RelError: 1.85100e-02	AbsError: 1.66316e-02
      Equation: "PotentialEquation"	RelError: 1.85100e-02	AbsError: 1.66316e-02
Iteration: 1
  Device: "mos2d"	RelError: 3.60164e-01	AbsError: 3.00074e+15
    Region: "bulk"	RelError: 3.60037e-01	AbsError: 3.00074e+15
      Equation: "ElectronContinuityEquation"	RelError: 8.77929e-02	AbsError: 2.96951e+15
      Equation: "HoleContinuityEquation"	RelError: 2.69062e-01	AbsError: 3.12282e+13
      Equation: "PotentialEquation"	RelError: 3.18130e-03	AbsError: 1.05856e-04
    Region: "gate"	RelError: 3.08711e-06	AbsError: 1.49399e+14
      Equation: "ElectronContinuityEquation"	RelError: 1.50061e-06	AbsError: 1.49399e+14
      Equation: "HoleContinuityEquation"	RelError: 1.55047e-06	AbsError: 1.55734e-06
      Equation: "PotentialEquation"	RelError: 3.60340e-08	AbsError: 3.94918e-08
    Region: "oxide"	RelError: 1.24436e-04	AbsError: 1.05856e-04
      Equation: "PotentialEquation"	RelError: 1.24436e-04	AbsError: 1.05856e-04
Iteration: 2
  Device: "mos2d"	RelError: 9.97783e-04	AbsError: 9.76807e+11
    Region: "bulk"	RelError: 9.97755e-04	AbsError: 9.76807e+11
      Equation: "ElectronContinuityEquation"	RelError: 8.05735e-04	AbsError: 9.62967e+11
      Equation: "HoleContinuityEquation"	RelError: 1.91248e-04	AbsError: 1.38393e+10
      Equation: "PotentialEquation"	RelError: 7.72240e-07	AbsError: 2.36329e-08
    Region: "gate"	RelError: 5.30233e-10	AbsError: 2.62101e+10
      Equation: "ElectronContinuityEquation"	RelError: 2.62852e-10	AbsError: 2.62101e+10
      Equation: "HoleContinuityEquation"	RelError: 2.61192e-10	AbsError: 2.61940e-10
      Equation: "PotentialEquation"	RelError: 6.18919e-12	AbsError: 6.78335e-12
    Region: "oxide"	RelError: 2.75297e-08	AbsError: 2.36329e-08
      Equation: "PotentialEquation"	RelError: 2.75297e-08	AbsError: 2.36329e-08
Iteration: 3
  Device: "mos2d"	RelError: 1.82802e-10	AbsError: 1.47081e+05
    Region: "bulk"	RelError: 1.82800e-10	AbsError: 1.47081e+05
      Equation: "ElectronContinuityEquation"	RelError: 7.10243e-11	AbsError: 1.44370e+05
      Equation: "HoleContinuityEquation"	RelError: 1.11662e-10	AbsError: 2.71089e+03
      Equation: "PotentialEquation"	RelError: 1.13231e-13	AbsError: 3.60291e-15
    Region: "gate"	RelError: 4.71663e-16	AbsError: 8.99578e+03
      Equation: "ElectronContinuityEquation"	RelError: 9.02155e-17	AbsError: 8.99578e+03
      Equation: "HoleContinuityEquation"	RelError: 2.80137e-16	AbsError: 2.80138e-16
      Equation: "PotentialEquation"	RelError: 1.01310e-16	AbsError: 1.11044e-16
    Region: "oxide"	RelError: 2.15033e-15	AbsError: 1.88023e-15
      Equation: "PotentialEquation"	RelError: 2.15033e-15	AbsError: 1.88023e-15
Succeeded
IVPOINT	IDVD_VG1P0	5.00000000e-01	4.40000000e-01	1.73123182e-01
drain last end 4.400000e-01 2.000000e+00
number of equations 4295
Iteration: 0
  Device: "mos2d"	RelError: 3.44240e+00	AbsError: 6.93086e+16
    Region: "bulk"	RelError: 3.42397e+00	AbsError: 6.93086e+16
      Equation: "ElectronContinuityEquation"	RelError: 5.43211e-01	AbsError: 6.81173e+16
      Equation: "HoleContinuityEquation"	RelError: 1.37785e+00	AbsError: 1.19125e+15
      Equation: "PotentialEquation"	RelError: 1.50291e+00	AbsError: 2.00000e-02
    Region: "gate"	RelError: 4.45735e-04	AbsError: 2.19294e+16
      Equation: "ElectronContinuityEquation"	RelError: 2.20217e-04	AbsError: 2.19294e+16
      Equation: "HoleContinuityEquation"	RelError: 2.20315e-04	AbsError: 2.21242e-04
      Equation: "PotentialEquation"	RelError: 5.20278e-06	AbsError: 5.70207e-06
    Region: "oxide"	RelError: 1.79819e-02	AbsError: 1.64512e-02
      Equation: "PotentialEquation"	RelError: 1.79819e-02	AbsError: 1.64512e-02
Iteration: 1
  Device: "mos2d"	RelError: 3.36595e-01	AbsError: 2.93690e+15
    Region: "bulk"	RelError: 3.36476e-01	AbsError: 2.93690e+15
      Equation: "ElectronContinuityEquation"	RelError: 7.96368e-02	AbsError: 2.90624e+15
      Equation: "HoleContinuityEquation"	RelError: 2.52054e-01	AbsError: 3.06541e+13
      Equation: "PotentialEquation"	RelError: 4.78526e-03	AbsError: 1.01638e-04
    Region: "gate"	RelError: 2.90989e-06	AbsError: 1.40777e+14
      Equation: "ElectronContinuityEquation"	RelError: 1.41370e-06	AbsError: 1.40777e+14
      Equation: "HoleContinuityEquation"	RelError: 1.46222e-06	AbsError: 1.46838e-06
      Equation: "PotentialEquation"	RelError: 3.39652e-08	AbsError: 3.72247e-08
    Region: "oxide"	RelError: 1.16368e-04	AbsError: 1.01638e-04
      Equation: "PotentialEquation"	RelError: 1.16368e-04	AbsError: 1.01638e-04
Iteration: 2
  Device: "mos2d"	RelError: 1.41101e-03	AbsError: 1.05300e+12
    Region: "bulk"	RelError: 1.41099e-03	AbsError: 1.05300e+12
      Equation: "ElectronContinuityEquation"	RelError: 1.23855e-03	AbsError: 1.03865e+12
      Equation: "HoleContinuityEquation"	RelError: 1.71585e-04	AbsError: 1.43507e+10
      Equation: "PotentialEquation"	RelError: 8.53512e-07	AbsError: 2.32651e-08
    Region: "gate"	RelError: 5.58293e-10	AbsError: 2.75951e+10
      Equation: "ElectronContinuityEquation"	RelError: 2.76683e-10	AbsError: 2.75951e+10
      Equation: "HoleContinuityEquation"	RelError: 2.75093e-10	AbsError: 2.75823e-10
      Equation: "PotentialEquation"	RelError: 6.51663e-12	AbsError: 7.14226e-12
    Region: "oxide"	RelError: 2.61397e-08	AbsError: 2.32651e-08
      Equation: "PotentialEquation"	RelError: 2.61397e-08	AbsError: 2.32651e-08
Iteration: 3
  Device: "mos2d"	RelError: 2.95129e-10	AbsError: 1.51542e+05
    Region: "bulk"	RelError: 2.95126e-10	AbsError: 1.51542e+05
      Equation: "ElectronContinuityEquation"	RelError: 6.06021e-11	AbsError: 1.48686e+05
      Equation: "HoleContinuityEquation"	RelError: 2.34438e-10	AbsError: 2.85658e+03
      Equation: "PotentialEquation"	RelError: 8.61759e-14	AbsError: 3.62720e-15
    Region: "gate"	RelError: 4.35893e-16	AbsError: 8.05369e+03
      Equation: "ElectronContinuityEquation"	RelError: 8.05369e-17	AbsError: 8.05369e+03
      Equation: "HoleContinuityEquation"	RelError: 2.54066e-16	AbsError: 2.55641e-16
      Equation: "PotentialEquation"	RelError: 1.01291e-16	AbsError: 1.11022e-16
    Region: "oxide"	RelError: 2.50341e-15	AbsError: 2.28646e-15
      Equation: "PotentialEquation"	RelError: 2.50341e-15	AbsError: 2.28646e-15
Succeeded
IVPOINT	IDVD_VG1P0	5.00000000e-01	4.60000000e-01	1.78366707e-01
drain last end 4.600000e-01 2.000000e+00
number of equations 4295
Iteration: 0
  Device: "mos2d"	RelError: 4.81019e+00	AbsError: 6.34692e+16
    Region: "bulk"	RelError: 4.79227e+00	AbsError: 6.34692e+16
      Equation: "ElectronContinuityEquation"	RelError: 5.37664e-01	AbsError: 6.22961e+16
      Equation: "HoleContinuityEquation"	RelError: 1.33014e+00	AbsError: 1.17315e+15
      Equation: "PotentialEquation"	RelError: 2.92446e+00	AbsError: 2.00000e-02
    Region: "gate"	RelError: 4.39975e-04	AbsError: 2.16508e+16
      Equation: "ElectronContinuityEquation"	RelError: 2.17373e-04	AbsError: 2.16508e+16
      Equation: "HoleContinuityEquation"	RelError: 2.17467e-04	AbsError: 2.18336e-04
      Equation: "PotentialEquation"	RelError: 5.13553e-06	AbsError: 5.62839e-06
    Region: "oxide"	RelError: 1.74773e-02	AbsError: 1.62724e-02
      Equation: "PotentialEquation"	RelError: 1.74773e-02	AbsError: 1.62724e-02
Iteration: 1
  Device: "mos2d"	RelError: 3.33535e-01	AbsError: 2.97320e+15
    Region: "bulk"	RelError: 3.33423e-01	AbsError: 2.97320e+15
      Equation: "ElectronContinuityEquation"	RelError: 7.86650e-02	AbsError: 2.94256e+15
      Equation: "HoleContinuityEquation"	RelError: 2.45891e-01	AbsError: 3.06397e+13
      Equation: "PotentialEquation"	RelError: 8.86693e-03	AbsError: 9.67160e-05
    Region: "gate"	RelError: 2.73061e-06	AbsError: 1.32046e+14
      Equation: "ElectronContinuityEquation"	RelError: 1.32574e-06	AbsError: 1.32046e+14
      Equation: "HoleContinuityEquation"	RelError: 1.37300e-06	AbsError: 1.37849e-06
      Equation: "PotentialEquation"	RelError: 3.18725e-08	AbsError: 3.49313e-08
    Region: "oxide"	RelError: 1.08891e-04	AbsError: 9.67160e-05
      Equation: "PotentialEquation"	RelError: 1.08891e-04	AbsError: 9.67160e-05
Iteration: 2
  Device: "mos2d"	RelError: 1.93952e-03	AbsError: 1.18307e+12
    Region: "bulk"	RelError: 1.93950e-03	AbsError: 1.18307e+12
      Equation: "ElectronContinuityEquation"	RelError: 1.69390e-03	AbsError: 1.16870e+12
      Equation: "HoleContinuityEquation"	RelError: 2.44059e-04	AbsError: 1.43639e+10
      Equation: "PotentialEquation"	RelError: 1.53936e-06	AbsError: 2.30700e-08
    Region: "gate"	RelError: 5.68856e-10	AbsError: 2.81168e+10
      Equation: "ElectronContinuityEquation"	RelError: 2.81855e-10	AbsError: 2.81168e+10
      Equation: "HoleContinuityEquation"	RelError: 2.80361e-10	AbsError: 2.81047e-10
      Equation: "PotentialEquation"	RelError: 6.63987e-12	AbsError: 7.27737e-12
    Region: "oxide"	RelError: 2.54783e-08	AbsError: 2.30700e-08
      Equation: "PotentialEquation"	RelError: 2.54783e-08	AbsError: 2.30700e-08
Iteration: 3
  Device: "mos2d"	RelError: 2.91459e-10	AbsError: 1.91815e+05
    Region: "bulk"	RelError: 2.91456e-10	AbsError: 1.91815e+05
      Equation: "ElectronContinuityEquation"	RelError: 8.71910e-11	AbsError: 1.88992e+05
      Equation: "HoleContinuityEquation"	RelError: 2.04138e-10	AbsError: 2.82346e+03
      Equation: "PotentialEquation"	RelError: 1.26854e-13	AbsError: 3.41149e-15
    Region: "gate"	RelError: 3.64725e-16	AbsError: 7.99210e+03
      Equation: "ElectronContinuityEquation"	RelError: 8.05272e-17	AbsError: 7.99210e+03
      Equation: "HoleContinuityEquation"	RelError: 1.82893e-16	AbsError: 1.82895e-16
      Equation: "PotentialEquation"	RelError: 1.01304e-16	AbsError: 1.11037e-16
    Region: "oxide"	RelError: 2.92468e-15	AbsError: 2.72279e-15
      Equation: "PotentialEquation"	RelError: 2.92468e-15	AbsError: 2.72279e-15
Succeeded
IVPOINT	IDVD_VG1P0	5.00000000e-01	4.80000000e-01	1.83610210e-01
drain last end 4.800000e-01 2.000000e+00
number of equations 4295
Iteration: 0
  Device: "mos2d"	RelError: 2.69519e+00	AbsError: 5.75630e+16
    Region: "bulk"	RelError: 2.67776e+00	AbsError: 5.75630e+16
      Equation: "ElectronContinuityEquation"	RelError: 5.31117e-01	AbsError: 5.64130e+16
      Equation: "HoleContinuityEquation"	RelError: 1.29150e+00	AbsError: 1.15000e+15
      Equation: "PotentialEquation"	RelError: 8.55148e-01	AbsError: 2.00000e-02
    Region: "gate"	RelError: 4.34575e-04	AbsError: 2.13897e+16
      Equation: "ElectronContinuityEquation"	RelError: 2.14705e-04	AbsError: 2.13897e+16
      Equation: "HoleContinuityEquation"	RelError: 2.14798e-04	AbsError: 2.15610e-04
      Equation: "PotentialEquation"	RelError: 5.07247e-06	AbsError: 5.55931e-06
    Region: "oxide"	RelError: 1.69967e-02	AbsError: 1.60971e-02
      Equation: "PotentialEquation"	RelError: 1.69967e-02	AbsError: 1.60971e-02
Iteration: 1
  Device: "mos2d"	RelError: 3.15553e-01	AbsError: 2.95405e+15
    Region: "bulk"	RelError: 3.15449e-01	AbsError: 2.95405e+15
      Equation: "ElectronContinuityEquation"	RelError: 7.75735e-02	AbsError: 2.92387e+15
      Equation: "HoleContinuityEquation"	RelError: 2.35320e-01	AbsError: 3.01810e+13
      Equation: "PotentialEquation"	RelError: 2.55551e-03	AbsError: 9.12162e-05
    Region: "gate"	RelError: 2.54938e-06	AbsError: 1.23210e+14
      Equation: "ElectronContinuityEquation"	RelError: 1.23675e-06	AbsError: 1.23210e+14
      Equation: "HoleContinuityEquation"	RelError: 1.28287e-06	AbsError: 1.28772e-06
      Equation: "PotentialEquation"	RelError: 2.97569e-08	AbsError: 3.26129e-08
    Region: "oxide"	RelError: 1.01040e-04	AbsError: 9.12162e-05
      Equation: "PotentialEquation"	RelError: 1.01040e-04	AbsError: 9.12162e-05
Iteration: 2
  Device: "mos2d"	RelError: 2.35495e-03	AbsError: 1.24045e+12
    Region: "bulk"	RelError: 2.35493e-03	AbsError: 1.24045e+12
      Equation: "ElectronContinuityEquation"	RelError: 2.01986e-03	AbsError: 1.22654e+12
      Equation: "HoleContinuityEquation"	RelError: 3.34510e-04	AbsError: 1.39042e+10
      Equation: "PotentialEquation"	RelError: 5.55964e-07	AbsError: 2.23646e-08
    Region: "gate"	RelError: 5.59545e-10	AbsError: 2.76576e+10
      Equation: "ElectronContinuityEquation"	RelError: 2.77195e-10	AbsError: 2.76576e+10
      Equation: "HoleContinuityEquation"	RelError: 2.75818e-10	AbsError: 2.76436e-10
      Equation: "PotentialEquation"	RelError: 6.53110e-12	AbsError: 7.15820e-12
    Region: "oxide"	RelError: 2.40907e-08	AbsError: 2.23474e-08
      Equation: "PotentialEquation"	RelError: 2.40907e-08	AbsError: 2.23474e-08
Iteration: 3
  Device: "mos2d"	RelError: 3.34793e-10	AbsError: 2.14661e+05
    Region: "bulk"	RelError: 3.34789e-10	AbsError: 2.14661e+05
      Equation: "ElectronContinuityEquation"	RelError: 9.74011e-11	AbsError: 2.12067e+05
      Equation: "HoleContinuityEquation"	RelError: 2.37315e-10	AbsError: 2.59430e+03
      Equation: "PotentialEquation"	RelError: 7.29836e-14	AbsError: 3.19027e-15
    Region: "gate"	RelError: 4.83144e-16	AbsError: 9.08675e+03
      Equation: "ElectronContinuityEquation"	RelError: 9.10710e-17	AbsError: 9.08675e+03
      Equation: "HoleContinuityEquation"	RelError: 2.90757e-16	AbsError: 2.91408e-16
      Equation: "PotentialEquation"	RelError: 1.01316e-16	AbsError: 1.11050e-16
    Region: "oxide"	RelError: 3.01613e-15	AbsError: 2.85622e-15
      Equation: "PotentialEquation"	RelError: 3.01613e-15	AbsError: 2.85622e-15
Succeeded
IVPOINT	IDVD_VG1P0	5.00000000e-01	5.00000000e-01	1.88858108e-01
drain last end 5.000000e-01 2.000000e+00
number of equations 4295
Iteration: 0
  Device: "mos2d"	RelError: 7.87944e+00	AbsError: 5.17088e+16
    Region: "bulk"	RelError: 7.86247e+00	AbsError: 5.17088e+16
      Equation: "ElectronContinuityEquation"	RelError: 5.23128e-01	AbsError: 5.05868e+16
      Equation: "HoleContinuityEquation"	RelError: 1.28264e+00	AbsError: 1.12199e+15
      Equation: "PotentialEquation"	RelError: 6.05670e+00	AbsError: 2.00000e-02
    Region: "gate"	RelError: 4.29538e-04	AbsError: 2.11462e+16
      Equation: "ElectronContinuityEquation"	RelError: 2.12217e-04	AbsError: 2.11462e+16
      Equation: "HoleContinuityEquation"	RelError: 2.12307e-04	AbsError: 2.13065e-04
      Equation: "PotentialEquation"	RelError: 5.01365e-06	AbsError: 5.49487e-06
    Region: "oxide"	RelError: 1.65407e-02	AbsError: 1.59272e-02
      Equation: "PotentialEquation"	RelError: 1.65407e-02	AbsError: 1.59272e-02
Iteration: 1
  Device: "mos2d"	RelError: 3.18119e-01	AbsError: 2.87782e+15
    Region: "bulk"	RelError: 3.18024e-01	AbsError: 2.87782e+15
      Equation: "ElectronContinuityEquation"	RelError: 7.63076e-02	AbsError: 2.84851e+15
      Equation: "HoleContinuityEquation"	RelError: 2.32853e-01	AbsError: 2.93105e+13
      Equation: "PotentialEquation"	RelError: 8.86337e-03	AbsError: 8.62160e-05
    Region: "gate"	RelError: 2.36704e-06	AbsError: 1.14310e+14
      Equation: "ElectronContinuityEquation"	RelError: 1.14718e-06	AbsError: 1.14310e+14
      Equation: "HoleContinuityEquation"	RelError: 1.19223e-06	AbsError: 1.19649e-06
      Equation: "PotentialEquation"	RelError: 2.76285e-08	AbsError: 3.02804e-08
    Region: "oxide"	RelError: 9.29833e-05	AbsError: 8.62160e-05
      Equation: "PotentialEquation"	RelError: 9.29833e-05	AbsError: 8.62160e-05
Iteration: 2
  Device: "mos2d"	RelError: 2.50709e-03	AbsError: 1.22729e+12
    Region: "bulk"	RelError: 2.50707e-03	AbsError: 1.22729e+12
      Equation: "ElectronContinuityEquation"	RelError: 2.08765e-03	AbsError: 1.21425e+12
      Equation: "HoleContinuityEquation"	RelError: 4.17624e-04	AbsError: 1.30371e+10
      Equation: "PotentialEquation"	RelError: 1.79670e-06	AbsError: 2.14131e-08
    Region: "gate"	RelError: 5.30588e-10	AbsError: 2.62285e+10
      Equation: "ElectronContinuityEquation"	RelError: 2.62819e-10	AbsError: 2.62285e+10
      Equation: "HoleContinuityEquation"	RelError: 2.61575e-10	AbsError: 2.62108e-10
      Equation: "PotentialEquation"	RelError: 6.19323e-12	AbsError: 6.78791e-12
    Region: "oxide"	RelError: 2.22574e-08	AbsError: 2.14131e-08
      Equation: "PotentialEquation"	RelError: 2.22574e-08	AbsError: 2.14131e-08
Iteration: 3
  Device: "mos2d"	RelError: 4.18739e-10	AbsError: 2.12434e+05
    Region: "bulk"	RelError: 4.18736e-10	AbsError: 2.12434e+05
      Equation: "ElectronContinuityEquation"	RelError: 9.98850e-11	AbsError: 2.10177e+05
      Equation: "HoleContinuityEquation"	RelError: 3.18639e-10	AbsError: 2.25701e+03
      Equation: "PotentialEquation"	RelError: 2.11727e-13	AbsError: 2.89120e-15
    Region: "gate"	RelError: 4.07312e-16	AbsError: 8.07523e+03
      Equation: "ElectronContinuityEquation"	RelError: 8.07523e-17	AbsError: 8.07523e+03
      Equation: "HoleContinuityEquation"	RelError: 2.24952e-16	AbsError: 2.25755e-16
      Equation: "PotentialEquation"	RelError: 1.01607e-16	AbsError: 1.11350e-16
    Region: "oxide"	RelError: 3.00282e-15	AbsError: 2.89120e-15
      Equation: "PotentialEquation"	RelError: 3.00282e-15	AbsError: 2.89120e-15
Succeeded
IVPOINT	IDVD_VG1P0	5.00000000e-01	5.20000000e-01	1.94114265e-01
drain last end 5.200000e-01 2.000000e+00
number of equations 4295
Iteration: 0
  Device: "mos2d"	RelError: 4.22195e+00	AbsError: 4.60182e+16
    Region: "bulk"	RelError: 4.20542e+00	AbsError: 4.60182e+16
      Equation: "ElectronContinuityEquation"	RelError: 5.13106e-01	AbsError: 4.49289e+16
      Equation: "HoleContinuityEquation"	RelError: 1.26174e+00	AbsError: 1.08937e+15
      Equation: "PotentialEquation"	RelError: 2.43058e+00	AbsError: 2.00000e-02
    Region: "gate"	RelError: 4.24865e-04	AbsError: 2.09206e+16
      Equation: "ElectronContinuityEquation"	RelError: 2.09909e-04	AbsError: 2.09206e+16
      Equation: "HoleContinuityEquation"	RelError: 2.09997e-04	AbsError: 2.10703e-04
      Equation: "PotentialEquation"	RelError: 4.95909e-06	AbsError: 5.43510e-06
    Region: "oxide"	RelError: 1.61093e-02	AbsError: 1.57645e-02
      Equation: "PotentialEquation"	RelError: 1.61093e-02	AbsError: 1.57645e-02
Iteration: 1
  Device: "mos2d"	RelError: 3.12893e-01	AbsError: 2.75119e+15
    Region: "bulk"	RelError: 3.12806e-01	AbsError: 2.75119e+15
      Equation: "ElectronContinuityEquation"	RelError: 7.47936e-02	AbsError: 2.72311e+15
      Equation: "HoleContinuityEquation"	RelError: 2.30296e-01	AbsError: 2.80788e+13
      Equation: "PotentialEquation"	RelError: 7.71670e-03	AbsError: 8.08236e-05
    Region: "gate"	RelError: 2.18518e-06	AbsError: 1.05425e+14
      Equation: "ElectronContinuityEquation"	RelError: 1.05780e-06	AbsError: 1.05425e+14
      Equation: "HoleContinuityEquation"	RelError: 1.10188e-06	AbsError: 1.10558e-06
      Equation: "PotentialEquation"	RelError: 2.55056e-08	AbsError: 2.79539e-08
    Region: "oxide"	RelError: 8.50106e-05	AbsError: 8.08236e-05
      Equation: "PotentialEquation"	RelError: 8.50106e-05	AbsError: 8.08236e-05
Iteration: 2
  Device: "mos2d"	RelError: 2.49162e-03	AbsError: 1.15388e+12
    Region: "bulk"	RelError: 2.49160e-03	AbsError: 1.15388e+12
      Equation: "ElectronContinuityEquation"	RelError: 2.02384e-03	AbsError: 1.14202e+12
      Equation: "HoleContinuityEquation"	RelError: 4.66406e-04	AbsError: 1.18582e+10
      Equation: "PotentialEquation"	RelError: 1.35232e-06	AbsError: 1.97825e-08
    Region: "gate"	RelError: 4.84769e-10	AbsError: 2.39666e+10
      Equation: "ElectronContinuityEquation"	RelError: 2.40106e-10	AbsError: 2.39666e+10
      Equation: "HoleContinuityEquation"	RelError: 2.39004e-10	AbsError: 2.39442e-10
      Equation: "PotentialEquation"	RelError: 5.65842e-12	AbsError: 6.20178e-12
    Region: "oxide"	RelError: 2.02168e-08	AbsError: 1.97825e-08
      Equation: "PotentialEquation"	RelError: 2.02168e-08	AbsError: 1.97825e-08
Iteration: 3
  Device: "mos2d"	RelError: 2.75855e-10	AbsError: 1.89158e+05
    Region: "bulk"	RelError: 2.75852e-10	AbsError: 1.89158e+05
      Equation: "ElectronContinuityEquation"	RelError: 1.30867e-10	AbsError: 1.87317e+05
      Equation: "HoleContinuityEquation"	RelError: 1.44862e-10	AbsError: 1.84091e+03
      Equation: "PotentialEquation"	RelError: 1.23454e-13	AbsError: 2.63440e-15
    Region: "gate"	RelError: 3.88757e-16	AbsError: 9.42688e+03
      Equation: "ElectronContinuityEquation"	RelError: 9.45856e-17	AbsError: 9.42688e+03
      Equation: "HoleContinuityEquation"	RelError: 1.92881e-16	AbsError: 1.93529e-16
      Equation: "PotentialEquation"	RelError: 1.01291e-16	AbsError: 1.11022e-16
    Region: "oxide"	RelError: 2.69224e-15	AbsError: 2.63440e-15
      Equation: "PotentialEquation"	RelError: 2.69224e-15	AbsError: 2.63440e-15
Succeeded
IVPOINT	IDVD_VG1P0	5.00000000e-01	5.40000000e-01	1.99382108e-01
drain last end 5.400000e-01 2.000000e+00
number of equations 4295
Iteration: 0
  Device: "mos2d"	RelError: 3.15264e+00	AbsError: 4.05888e+16
    Region: "bulk"	RelError: 3.13652e+00	AbsError: 4.05888e+16
      Equation: "ElectronContinuityEquation"	RelError: 5.00273e-01	AbsError: 3.95363e+16
      Equation: "HoleContinuityEquation"	RelError: 1.23138e+00	AbsError: 1.05249e+15
      Equation: "PotentialEquation"	RelError: 1.40487e+00	AbsError: 2.00000e-02
    Region: "gate"	RelError: 4.20556e-04	AbsError: 2.07128e+16
      Equation: "ElectronContinuityEquation"	RelError: 2.07780e-04	AbsError: 2.07128e+16
      Equation: "HoleContinuityEquation"	RelError: 2.07867e-04	AbsError: 2.08522e-04
      Equation: "PotentialEquation"	RelError: 4.90876e-06	AbsError: 5.37997e-06
    Region: "oxide"	RelError: 1.57026e-02	AbsError: 1.56104e-02
      Equation: "PotentialEquation"	RelError: 1.57026e-02	AbsError: 1.56104e-02
Iteration: 1
  Device: "mos2d"	RelError: 3.00605e-01	AbsError: 2.58348e+15
    Region: "bulk"	RelError: 3.00526e-01	AbsError: 2.58348e+15
      Equation: "ElectronContinuityEquation"	RelError: 7.29350e-02	AbsError: 2.55693e+15
      Equation: "HoleContinuityEquation"	RelError: 2.24931e-01	AbsError: 2.65495e+13
      Equation: "PotentialEquation"	RelError: 2.65924e-03	AbsError: 7.53122e-05
    Region: "gate"	RelError: 2.00592e-06	AbsError: 9.66613e+13
      Equation: "ElectronContinuityEquation"	RelError: 9.69660e-07	AbsError: 9.66613e+13
      Equation: "HoleContinuityEquation"	RelError: 1.01285e-06	AbsError: 1.01604e-06
      Equation: "PotentialEquation"	RelError: 2.34132e-08	AbsError: 2.56607e-08
    Region: "oxide"	RelError: 7.77607e-05	AbsError: 7.50791e-05
      Equation: "PotentialEquation"	RelError: 7.77607e-05	AbsError: 7.50791e-05
Iteration: 2
  Device: "mos2d"	RelError: 2.67535e-03	AbsError: 1.03608e+12
    Region: "bulk"	RelError: 2.67533e-03	AbsError: 1.03608e+12
      Equation: "ElectronContinuityEquation"	RelError: 2.20292e-03	AbsError: 1.02560e+12
      Equation: "HoleContinuityEquation"	RelError: 4.72032e-04	AbsError: 1.04780e+10
      Equation: "PotentialEquation"	RelError: 3.71538e-07	AbsError: 1.75616e-08
    Region: "gate"	RelError: 4.26785e-10	AbsError: 2.11036e+10
      Equation: "ElectronContinuityEquation"	RelError: 2.11382e-10	AbsError: 2.11036e+10
      Equation: "HoleContinuityEquation"	RelError: 2.10422e-10	AbsError: 2.10766e-10
      Equation: "PotentialEquation"	RelError: 4.98154e-12	AbsError: 5.45993e-12
    Region: "oxide"	RelError: 1.76667e-08	AbsError: 1.75616e-08
      Equation: "PotentialEquation"	RelError: 1.76667e-08	AbsError: 1.75616e-08
Iteration: 3
  Device: "mos2d"	RelError: 7.78440e-10	AbsError: 1.53294e+05
    Region: "bulk"	RelError: 7.78438e-10	AbsError: 1.53294e+05
      Equation: "ElectronContinuityEquation"	RelError: 9.42883e-11	AbsError: 1.51866e+05
      Equation: "HoleContinuityEquation"	RelError: 6.84114e-10	AbsError: 1.42750e+03
      Equation: "PotentialEquation"	RelError: 3.52658e-14	AbsError: 2.23932e-15
    Region: "gate"	RelError: 4.14269e-16	AbsError: 8.08170e+03
      Equation: "ElectronContinuityEquation"	RelError: 8.08170e-17	AbsError: 8.08170e+03
      Equation: "HoleContinuityEquation"	RelError: 2.32162e-16	AbsError: 2.32162e-16
      Equation: "PotentialEquation"	RelError: 1.01291e-16	AbsError: 1.11022e-16
    Region: "oxide"	RelError: 2.25272e-15	AbsError: 2.23932e-15
      Equation: "PotentialEquation"	RelError: 2.25272e-15	AbsError: 2.23932e-15
Succeeded
IVPOINT	IDVD_VG1P0	5.00000000e-01	5.60000000e-01	2.04664714e-01
drain last end 5.600000e-01 2.000000e+00
number of equations 4295
Iteration: 0
  Device: "mos2d"	RelError: 9.46292e+00	AbsError: 3.54988e+16
    Region: "bulk"	RelError: 9.44718e+00	AbsError: 3.54988e+16
      Equation: "ElectronContinuityEquation"	RelError: 4.83656e-01	AbsError: 3.44871e+16
      Equation: "HoleContinuityEquation"	RelError: 1.22120e+00	AbsError: 1.01174e+15
      Equation: "PotentialEquation"	RelError: 7.74233e+00	AbsError: 2.00000e-02
    Region: "gate"	RelError: 4.16604e-04	AbsError: 2.05223e+16
      Equation: "ElectronContinuityEquation"	RelError: 2.05828e-04	AbsError: 2.05223e+16
      Equation: "HoleContinuityEquation"	RelError: 2.05913e-04	AbsError: 2.06520e-04
      Equation: "PotentialEquation"	RelError: 4.86261e-06	AbsError: 5.32941e-06
    Region: "oxide"	RelError: 1.53201e-02	AbsError: 1.54660e-02
      Equation: "PotentialEquation"	RelError: 1.53201e-02	AbsError: 1.54660e-02
Iteration: 1
  Device: "mos2d"	RelError: 2.98367e-01	AbsError: 2.38560e+15
    Region: "bulk"	RelError: 2.98295e-01	AbsError: 2.38560e+15
      Equation: "ElectronContinuityEquation"	RelError: 7.06109e-02	AbsError: 2.36080e+15
      Equation: "HoleContinuityEquation"	RelError: 2.21343e-01	AbsError: 2.47944e+13
      Equation: "PotentialEquation"	RelError: 6.34094e-03	AbsError: 6.97919e-05
    Region: "gate"	RelError: 1.83443e-06	AbsError: 8.85403e+13
      Equation: "ElectronContinuityEquation"	RelError: 8.86676e-07	AbsError: 8.85403e+13
      Equation: "HoleContinuityEquation"	RelError: 9.26351e-07	AbsError: 9.29081e-07
      Equation: "PotentialEquation"	RelError: 2.14051e-08	AbsError: 2.34608e-08
    Region: "oxide"	RelError: 7.05696e-05	AbsError: 6.91681e-05
      Equation: "PotentialEquation"	RelError: 7.05696e-05	AbsError: 6.91681e-05
Iteration: 2
  Device: "mos2d"	RelError: 2.65808e-03	AbsError: 8.92043e+11
    Region: "bulk"	RelError: 2.65806e-03	AbsError: 8.92043e+11
      Equation: "ElectronContinuityEquation"	RelError: 2.21424e-03	AbsError: 8.83036e+11
      Equation: "HoleContinuityEquation"	RelError: 4.42942e-04	AbsError: 9.00683e+09
      Equation: "PotentialEquation"	RelError: 8.82525e-07	AbsError: 1.50039e-08
    Region: "gate"	RelError: 3.62260e-10	AbsError: 1.79169e+10
      Equation: "ElectronContinuityEquation"	RelError: 1.79426e-10	AbsError: 1.79169e+10
      Equation: "HoleContinuityEquation"	RelError: 1.78605e-10	AbsError: 1.78862e-10
      Equation: "PotentialEquation"	RelError: 4.22836e-12	AbsError: 4.63444e-12
    Region: "oxide"	RelError: 1.48634e-08	AbsError: 1.50039e-08
      Equation: "PotentialEquation"	RelError: 1.48634e-08	AbsError: 1.50039e-08
Iteration: 3
  Device: "mos2d"	RelError: 4.43214e-10	AbsError: 1.14538e+05
    Region: "bulk"	RelError: 4.43212e-10	AbsError: 1.14538e+05
      Equation: "ElectronContinuityEquation"	RelError: 9.46258e-11	AbsError: 1.13502e+05
      Equation: "HoleContinuityEquation"	RelError: 3.48471e-10	AbsError: 1.03599e+03
      Equation: "PotentialEquation"	RelError: 1.14676e-13	AbsError: 1.76828e-15
    Region: "gate"	RelError: 4.53839e-16	AbsError: 8.18912e+03
      Equation: "ElectronContinuityEquation"	RelError: 8.21577e-17	AbsError: 8.18912e+03
      Equation: "HoleContinuityEquation"	RelError: 2.70390e-16	AbsError: 2.71550e-16
      Equation: "PotentialEquation"	RelError: 1.01291e-16	AbsError: 1.11022e-16
    Region: "oxide"	RelError: 1.75173e-15	AbsError: 1.76828e-15
      Equation: "PotentialEquation"	RelError: 1.75173e-15	AbsError: 1.76828e-15
Succeeded
IVPOINT	IDVD_VG1P0	5.00000000e-01	5.80000000e-01	2.09964866e-01
drain last end 5.800000e-01 2.000000e+00
number of equations 4295
Iteration: 0
  Device: "mos2d"	RelError: 9.07268e+00	AbsError: 3.56782e+16
    Region: "bulk"	RelError: 9.05730e+00	AbsError: 3.56782e+16
      Equation: "ElectronContinuityEquation"	RelError: 4.62133e-01	AbsError: 3.47107e+16
      Equation: "HoleContinuityEquation"	RelError: 1.19872e+00	AbsError: 9.67578e+14
      Equation: "PotentialEquation"	RelError: 7.39645e+00	AbsError: 2.00000e-02
    Region: "gate"	RelError: 4.12997e-04	AbsError: 2.03489e+16
      Equation: "ElectronContinuityEquation"	RelError: 2.04047e-04	AbsError: 2.03489e+16
      Equation: "HoleContinuityEquation"	RelError: 2.04130e-04	AbsError: 2.04690e-04
      Equation: "PotentialEquation"	RelError: 4.82049e-06	AbsError: 5.28327e-06
    Region: "oxide"	RelError: 1.49611e-02	AbsError: 1.53319e-02
      Equation: "PotentialEquation"	RelError: 1.49611e-02	AbsError: 1.53319e-02
Iteration: 1
  Device: "mos2d"	RelError: 2.94556e-01	AbsError: 2.16924e+15
    Region: "bulk"	RelError: 2.94490e-01	AbsError: 2.16924e+15
      Equation: "ElectronContinuityEquation"	RelError: 6.76811e-02	AbsError: 2.14592e+15
      Equation: "HoleContinuityEquation"	RelError: 2.18527e-01	AbsError: 2.33180e+13
      Equation: "PotentialEquation"	RelError: 8.28167e-03	AbsError: 6.41789e-05
    Region: "gate"	RelError: 1.68460e-06	AbsError: 8.12217e+13
      Equation: "ElectronContinuityEquation"	RelError: 8.13226e-07	AbsError: 8.12217e+13
      Equation: "HoleContinuityEquation"	RelError: 8.51716e-07	AbsError: 8.52775e-07
      Equation: "PotentialEquation"	RelError: 1.96619e-08	AbsError: 2.15503e-08
    Region: "oxide"	RelError: 6.36073e-05	AbsError: 6.33625e-05
      Equation: "PotentialEquation"	RelError: 6.36073e-05	AbsError: 6.33625e-05
Iteration: 2
  Device: "mos2d"	RelError: 2.47920e-03	AbsError: 7.38968e+11
    Region: "bulk"	RelError: 2.47919e-03	AbsError: 7.38968e+11
      Equation: "ElectronContinuityEquation"	RelError: 2.08531e-03	AbsError: 7.31426e+11
      Equation: "HoleContinuityEquation"	RelError: 3.92716e-04	AbsError: 7.54252e+09
      Equation: "PotentialEquation"	RelError: 1.16163e-06	AbsError: 1.23556e-08
    Region: "gate"	RelError: 2.96695e-10	AbsError: 1.46780e+10
      Equation: "ElectronContinuityEquation"	RelError: 1.46963e-10	AbsError: 1.46780e+10
      Equation: "HoleContinuityEquation"	RelError: 1.46270e-10	AbsError: 1.46451e-10
      Equation: "PotentialEquation"	RelError: 3.46319e-12	AbsError: 3.79580e-12
    Region: "oxide"	RelError: 1.20575e-08	AbsError: 1.23556e-08
      Equation: "PotentialEquation"	RelError: 1.20575e-08	AbsError: 1.23556e-08
Iteration: 3
  Device: "mos2d"	RelError: 5.30881e-10	AbsError: 7.89216e+04
    Region: "bulk"	RelError: 5.30879e-10	AbsError: 7.89216e+04
      Equation: "ElectronContinuityEquation"	RelError: 8.59298e-11	AbsError: 7.81909e+04
      Equation: "HoleContinuityEquation"	RelError: 4.44874e-10	AbsError: 7.30724e+02
      Equation: "PotentialEquation"	RelError: 7.54698e-14	AbsError: 1.25498e-15
    Region: "gate"	RelError: 3.45619e-16	AbsError: 8.51735e+03
      Equation: "ElectronContinuityEquation"	RelError: 8.55289e-17	AbsError: 8.51735e+03
      Equation: "HoleContinuityEquation"	RelError: 1.58800e-16	AbsError: 1.58997e-16
      Equation: "PotentialEquation"	RelError: 1.01291e-16	AbsError: 1.11022e-16
    Region: "oxide"	RelError: 1.22471e-15	AbsError: 1.25498e-15
      Equation: "PotentialEquation"	RelError: 1.22471e-15	AbsError: 1.25498e-15
Succeeded
IVPOINT	IDVD_VG1P0	5.00000000e-01	6.00000000e-01	2.15285093e-01
drain last end 6.000000e-01 2.000000e+00
number of equations 4295
Iteration: 0
  Device: "mos2d"	RelError: 1.65311e+01	AbsError: 3.58165e+16
    Region: "bulk"	RelError: 1.65161e+01	AbsError: 3.58165e+16
      Equation: "ElectronContinuityEquation"	RelError: 4.34561e-01	AbsError: 3.48504e+16
      Equation: "HoleContinuityEquation"	RelError: 1.15871e+00	AbsError: 9.66122e+14
      Equation: "PotentialEquation"	RelError: 1.49228e+01	AbsError: 2.00000e-02
    Region: "gate"	RelError: 4.09721e-04	AbsError: 2.01916e+16
      Equation: "ElectronContinuityEquation"	RelError: 2.02429e-04	AbsError: 2.01916e+16
      Equation: "HoleContinuityEquation"	RelError: 2.02511e-04	AbsError: 2.03025e-04
      Equation: "PotentialEquation"	RelError: 4.78223e-06	AbsError: 5.24137e-06
    Region: "oxide"	RelError: 1.46244e-02	AbsError: 1.52084e-02
      Equation: "PotentialEquation"	RelError: 1.46244e-02	AbsError: 1.52084e-02
Iteration: 1
  Device: "mos2d"	RelError: 3.11285e-01	AbsError: 1.94740e+15
    Region: "bulk"	RelError: 3.11226e-01	AbsError: 1.94740e+15
      Equation: "ElectronContinuityEquation"	RelError: 6.40032e-02	AbsError: 1.92286e+15
      Equation: "HoleContinuityEquation"	RelError: 2.12853e-01	AbsError: 2.45411e+13
      Equation: "PotentialEquation"	RelError: 3.43703e-02	AbsError: 5.86411e-05
    Region: "gate"	RelError: 1.53828e-06	AbsError: 7.40462e+13
      Equation: "ElectronContinuityEquation"	RelError: 7.41239e-07	AbsError: 7.40462e+13
      Equation: "HoleContinuityEquation"	RelError: 7.79088e-07	AbsError: 7.79905e-07
      Equation: "PotentialEquation"	RelError: 1.79540e-08	AbsError: 1.96784e-08
    Region: "oxide"	RelError: 5.70128e-05	AbsError: 5.77220e-05
      Equation: "PotentialEquation"	RelError: 5.70128e-05	AbsError: 5.77220e-05
Iteration: 2
  Device: "mos2d"	RelError: 2.13770e-03	AbsError: 5.91743e+11
    Region: "bulk"	RelError: 2.13769e-03	AbsError: 5.91743e+11
      Equation: "ElectronContinuityEquation"	RelError: 1.80163e-03	AbsError: 5.84616e+11
      Equation: "HoleContinuityEquation"	RelError: 3.32896e-04	AbsError: 7.12763e+09
      Equation: "PotentialEquation"	RelError: 3.16574e-06	AbsError: 1.04440e-08
    Region: "gate"	RelError: 2.34655e-10	AbsError: 1.16125e+10
      Equation: "ElectronContinuityEquation"	RelError: 1.16247e-10	AbsError: 1.16125e+10
      Equation: "HoleContinuityEquation"	RelError: 1.15669e-10	AbsError: 1.15791e-10
      Equation: "PotentialEquation"	RelError: 2.73894e-12	AbsError: 3.00201e-12
    Region: "oxide"	RelError: 9.44446e-09	AbsError: 9.82102e-09
      Equation: "PotentialEquation"	RelError: 9.44446e-09	AbsError: 9.82102e-09
Iteration: 3
  Device: "mos2d"	RelError: 4.76971e-10	AbsError: 5.05095e+04
    Region: "bulk"	RelError: 4.76969e-10	AbsError: 5.05095e+04
      Equation: "ElectronContinuityEquation"	RelError: 7.11991e-11	AbsError: 4.99956e+04
      Equation: "HoleContinuityEquation"	RelError: 4.05681e-10	AbsError: 5.13906e+02
      Equation: "PotentialEquation"	RelError: 8.91067e-14	AbsError: 1.40682e-15
    Region: "gate"	RelError: 4.15094e-16	AbsError: 9.11604e+03
      Equation: "ElectronContinuityEquation"	RelError: 9.12560e-17	AbsError: 9.11604e+03
      Equation: "HoleContinuityEquation"	RelError: 2.22495e-16	AbsError: 2.24318e-16
      Equation: "PotentialEquation"	RelError: 1.01344e-16	AbsError: 1.11080e-16
    Region: "oxide"	RelError: 8.19050e-16	AbsError: 8.37762e-16
      Equation: "PotentialEquation"	RelError: 8.19050e-16	AbsError: 8.37762e-16
Succeeded
IVPOINT	IDVD_VG1P0	5.00000000e-01	6.20000000e-01	2.20627692e-01
drain last end 6.200000e-01 2.000000e+00
number of equations 4295
Iteration: 0
  Device: "mos2d"	RelError: 2.62390e+00	AbsError: 3.58020e+16
    Region: "bulk"	RelError: 2.60918e+00	AbsError: 3.58020e+16
      Equation: "ElectronContinuityEquation"	RelError: 4.00037e-01	AbsError: 3.48321e+16
      Equation: "HoleContinuityEquation"	RelError: 1.14020e+00	AbsError: 9.69904e+14
      Equation: "PotentialEquation"	RelError: 1.06895e+00	AbsError: 2.00000e-02
    Region: "gate"	RelError: 4.06756e-04	AbsError: 2.00495e+16
      Equation: "ElectronContinuityEquation"	RelError: 2.00964e-04	AbsError: 2.00495e+16
      Equation: "HoleContinuityEquation"	RelError: 2.01045e-04	AbsError: 2.01515e-04
      Equation: "PotentialEquation"	RelError: 4.74760e-06	AbsError: 5.20343e-06
    Region: "oxide"	RelError: 1.43089e-02	AbsError: 1.50954e-02
      Equation: "PotentialEquation"	RelError: 1.43089e-02	AbsError: 1.50954e-02
Iteration: 1
  Device: "mos2d"	RelError: 2.68540e-01	AbsError: 1.72622e+15
    Region: "bulk"	RelError: 2.68488e-01	AbsError: 1.72622e+15
      Equation: "ElectronContinuityEquation"	RelError: 5.94657e-02	AbsError: 1.70074e+15
      Equation: "HoleContinuityEquation"	RelError: 2.06690e-01	AbsError: 2.54749e+13
      Equation: "PotentialEquation"	RelError: 2.33144e-03	AbsError: 5.33178e-05
    Region: "gate"	RelError: 1.39838e-06	AbsError: 6.71818e+13
      Equation: "ElectronContinuityEquation"	RelError: 6.72393e-07	AbsError: 6.71818e+13
      Equation: "HoleContinuityEquation"	RelError: 7.09662e-07	AbsError: 7.10270e-07
      Equation: "PotentialEquation"	RelError: 1.63210e-08	AbsError: 1.78887e-08
    Region: "oxide"	RelError: 5.08887e-05	AbsError: 5.23330e-05
      Equation: "PotentialEquation"	RelError: 5.08887e-05	AbsError: 5.23330e-05
Iteration: 2
  Device: "mos2d"	RelError: 1.70269e-03	AbsError: 4.59903e+11
    Region: "bulk"	RelError: 1.70268e-03	AbsError: 4.59903e+11
      Equation: "ElectronContinuityEquation"	RelError: 1.43070e-03	AbsError: 4.52097e+11
      Equation: "HoleContinuityEquation"	RelError: 2.71624e-04	AbsError: 7.80570e+09
      Equation: "PotentialEquation"	RelError: 3.50442e-07	AbsError: 1.08791e-08
    Region: "gate"	RelError: 1.79322e-10	AbsError: 8.87774e+09
      Equation: "ElectronContinuityEquation"	RelError: 8.88534e-11	AbsError: 8.87774e+09
      Equation: "HoleContinuityEquation"	RelError: 8.83759e-11	AbsError: 8.84516e-11
      Equation: "PotentialEquation"	RelError: 2.09313e-12	AbsError: 2.29418e-12
    Region: "oxide"	RelError: 7.15090e-09	AbsError: 7.54359e-09
      Equation: "PotentialEquation"	RelError: 7.15090e-09	AbsError: 7.54359e-09
Iteration: 3
  Device: "mos2d"	RelError: 8.79892e-10	AbsError: 3.11154e+04
    Region: "bulk"	RelError: 8.79891e-10	AbsError: 3.11154e+04
      Equation: "ElectronContinuityEquation"	RelError: 1.16090e-10	AbsError: 3.04920e+04
      Equation: "HoleContinuityEquation"	RelError: 7.63758e-10	AbsError: 6.23341e+02
      Equation: "PotentialEquation"	RelError: 4.21933e-14	AbsError: 1.37586e-15
    Region: "gate"	RelError: 3.71251e-16	AbsError: 8.11187e+03
      Equation: "ElectronContinuityEquation"	RelError: 8.11187e-17	AbsError: 8.11187e+03
      Equation: "HoleContinuityEquation"	RelError: 1.88819e-16	AbsError: 1.88981e-16
      Equation: "PotentialEquation"	RelError: 1.01314e-16	AbsError: 1.11047e-16
    Region: "oxide"	RelError: 4.25575e-16	AbsError: 4.37397e-16
      Equation: "PotentialEquation"	RelError: 4.25575e-16	AbsError: 4.37397e-16
Succeeded
IVPOINT	IDVD_VG1P0	5.00000000e-01	6.40000000e-01	2.25994751e-01
drain last end 6.400000e-01 2.000000e+00
number of equations 4295
Iteration: 0
  Device: "mos2d"	RelError: 3.73386e+00	AbsError: 3.56393e+16
    Region: "bulk"	RelError: 3.71944e+00	AbsError: 3.56393e+16
      Equation: "ElectronContinuityEquation"	RelError: 3.81045e-01	AbsError: 3.46626e+16
      Equation: "HoleContinuityEquation"	RelError: 1.11646e+00	AbsError: 9.76705e+14
      Equation: "PotentialEquation"	RelError: 2.22194e+00	AbsError: 2.00000e-02
    Region: "gate"	RelError: 4.04078e-04	AbsError: 1.99215e+16
      Equation: "ElectronContinuityEquation"	RelError: 1.99641e-04	AbsError: 1.99215e+16
      Equation: "HoleContinuityEquation"	RelError: 1.99721e-04	AbsError: 2.00148e-04
      Equation: "PotentialEquation"	RelError: 4.71632e-06	AbsError: 5.16918e-06
    Region: "oxide"	RelError: 1.40131e-02	AbsError: 1.49927e-02
      Equation: "PotentialEquation"	RelError: 1.40131e-02	AbsError: 1.49927e-02
Iteration: 1
  Device: "mos2d"	RelError: 2.62752e-01	AbsError: 1.51296e+15
    Region: "bulk"	RelError: 2.62706e-01	AbsError: 1.51296e+15
      Equation: "ElectronContinuityEquation"	RelError: 5.40367e-02	AbsError: 1.48686e+15
      Equation: "HoleContinuityEquation"	RelError: 2.01993e-01	AbsError: 2.61091e+13
      Equation: "PotentialEquation"	RelError: 6.67653e-03	AbsError: 5.06787e-05
    Region: "gate"	RelError: 1.26744e-06	AbsError: 6.07546e+13
      Equation: "ElectronContinuityEquation"	RelError: 6.07950e-07	AbsError: 6.07546e+13
      Equation: "HoleContinuityEquation"	RelError: 6.44696e-07	AbsError: 6.45125e-07
      Equation: "PotentialEquation"	RelError: 1.47927e-08	AbsError: 1.62137e-08
    Region: "oxide"	RelError: 4.53002e-05	AbsError: 4.73449e-05
      Equation: "PotentialEquation"	RelError: 4.53002e-05	AbsError: 4.73449e-05
Iteration: 2
  Device: "mos2d"	RelError: 1.60594e-03	AbsError: 3.47293e+11
    Region: "bulk"	RelError: 1.60594e-03	AbsError: 3.47293e+11
      Equation: "ElectronContinuityEquation"	RelError: 1.39064e-03	AbsError: 3.39014e+11
      Equation: "HoleContinuityEquation"	RelError: 2.14220e-04	AbsError: 8.27914e+09
      Equation: "PotentialEquation"	RelError: 1.08262e-06	AbsError: 1.11433e-08
    Region: "gate"	RelError: 1.32431e-10	AbsError: 6.55949e+09
      Equation: "ElectronContinuityEquation"	RelError: 6.56386e-11	AbsError: 6.55949e+09
      Equation: "HoleContinuityEquation"	RelError: 6.52462e-11	AbsError: 6.52896e-11
      Equation: "PotentialEquation"	RelError: 1.54581e-12	AbsError: 1.69430e-12
    Region: "oxide"	RelError: 5.23744e-09	AbsError: 5.60333e-09
      Equation: "PotentialEquation"	RelError: 5.23744e-09	AbsError: 5.60333e-09
Iteration: 3
  Device: "mos2d"	RelError: 5.34355e-10	AbsError: 1.75797e+04
    Region: "bulk"	RelError: 5.34354e-10	AbsError: 1.75797e+04
      Equation: "ElectronContinuityEquation"	RelError: 9.44217e-11	AbsError: 1.68499e+04
      Equation: "HoleContinuityEquation"	RelError: 4.39837e-10	AbsError: 7.29804e+02
      Equation: "PotentialEquation"	RelError: 9.55904e-14	AbsError: 1.01791e-15
    Region: "gate"	RelError: 3.70202e-16	AbsError: 8.06451e+03
      Equation: "ElectronContinuityEquation"	RelError: 8.06451e-17	AbsError: 8.06451e+03
      Equation: "HoleContinuityEquation"	RelError: 1.88266e-16	AbsError: 1.88669e-16
      Equation: "PotentialEquation"	RelError: 1.01291e-16	AbsError: 1.11022e-16
    Region: "oxide"	RelError: 4.10281e-16	AbsError: 4.16105e-16
      Equation: "PotentialEquation"	RelError: 4.10281e-16	AbsError: 4.16105e-16
Succeeded
IVPOINT	IDVD_VG1P0	5.00000000e-01	6.60000000e-01	2.31388163e-01
drain last end 6.600000e-01 2.000000e+00
number of equations 4295
Iteration: 0
  Device: "mos2d"	RelError: 3.91784e+01	AbsError: 3.53320e+16
    Region: "bulk"	RelError: 3.91642e+01	AbsError: 3.53320e+16
      Equation: "ElectronContinuityEquation"	RelError: 3.76162e-01	AbsError: 3.43506e+16
      Equation: "HoleContinuityEquation"	RelError: 1.09633e+00	AbsError: 9.81352e+14
      Equation: "PotentialEquation"	RelError: 3.76917e+01	AbsError: 2.00000e-02
    Region: "gate"	RelError: 4.01663e-04	AbsError: 1.98063e+16
      Equation: "ElectronContinuityEquation"	RelError: 1.98448e-04	AbsError: 1.98063e+16
      Equation: "HoleContinuityEquation"	RelError: 1.98527e-04	AbsError: 1.98912e-04
      Equation: "PotentialEquation"	RelError: 4.68811e-06	AbsError: 5.13828e-06
    Region: "oxide"	RelError: 1.37354e-02	AbsError: 1.48996e-02
      Equation: "PotentialEquation"	RelError: 1.37354e-02	AbsError: 1.48996e-02
Iteration: 1
  Device: "mos2d"	RelError: 3.42092e-01	AbsError: 1.31292e+15
    Region: "bulk"	RelError: 3.42050e-01	AbsError: 1.31292e+15
      Equation: "ElectronContinuityEquation"	RelError: 4.78171e-02	AbsError: 1.28648e+15
      Equation: "HoleContinuityEquation"	RelError: 1.98245e-01	AbsError: 2.64407e+13
      Equation: "PotentialEquation"	RelError: 9.59876e-02	AbsError: 5.04710e-05
    Region: "gate"	RelError: 1.14715e-06	AbsError: 5.48483e+13
      Equation: "ElectronContinuityEquation"	RelError: 5.48744e-07	AbsError: 5.48483e+13
      Equation: "HoleContinuityEquation"	RelError: 5.85019e-07	AbsError: 5.85297e-07
      Equation: "PotentialEquation"	RelError: 1.33888e-08	AbsError: 1.46749e-08
    Region: "oxide"	RelError: 4.02778e-05	AbsError: 4.28378e-05
      Equation: "PotentialEquation"	RelError: 4.02778e-05	AbsError: 4.28378e-05
Iteration: 2
  Device: "mos2d"	RelError: 1.78553e-03	AbsError: 2.55456e+11
    Region: "bulk"	RelError: 1.78552e-03	AbsError: 2.55456e+11
      Equation: "ElectronContinuityEquation"	RelError: 1.61083e-03	AbsError: 2.46916e+11
      Equation: "HoleContinuityEquation"	RelError: 1.63837e-04	AbsError: 8.54025e+09
      Equation: "PotentialEquation"	RelError: 1.08515e-05	AbsError: 1.12170e-08
    Region: "gate"	RelError: 9.44650e-11	AbsError: 4.68195e+09
      Equation: "ElectronContinuityEquation"	RelError: 4.68418e-11	AbsError: 4.68195e+09
      Equation: "HoleContinuityEquation"	RelError: 4.65205e-11	AbsError: 4.65426e-11
      Equation: "PotentialEquation"	RelError: 1.10266e-12	AbsError: 1.20858e-12
    Region: "oxide"	RelError: 3.71138e-09	AbsError: 4.02580e-09
      Equation: "PotentialEquation"	RelError: 3.71138e-09	AbsError: 4.02580e-09
Iteration: 3
  Device: "mos2d"	RelError: 1.15996e-09	AbsError: 9.54300e+03
    Region: "bulk"	RelError: 1.15996e-09	AbsError: 9.54300e+03
      Equation: "ElectronContinuityEquation"	RelError: 6.82770e-11	AbsError: 8.77608e+03
      Equation: "HoleContinuityEquation"	RelError: 1.09070e-09	AbsError: 7.66928e+02
      Equation: "PotentialEquation"	RelError: 9.77180e-13	AbsError: 1.36225e-15
    Region: "gate"	RelError: 4.43761e-16	AbsError: 8.01722e+03
      Equation: "ElectronContinuityEquation"	RelError: 8.01722e-17	AbsError: 8.01722e+03
      Equation: "HoleContinuityEquation"	RelError: 2.62298e-16	AbsError: 2.62423e-16
      Equation: "PotentialEquation"	RelError: 1.01291e-16	AbsError: 1.11022e-16
    Region: "oxide"	RelError: 2.87079e-16	AbsError: 3.11400e-16
      Equation: "PotentialEquation"	RelError: 2.87079e-16	AbsError: 3.11400e-16
Succeeded
IVPOINT	IDVD_VG1P0	5.00000000e-01	6.80000000e-01	2.36809640e-01
drain last end 6.800000e-01 2.000000e+00
number of equations 4295
Iteration: 0
  Device: "mos2d"	RelError: 1.85233e+01	AbsError: 3.48905e+16
    Region: "bulk"	RelError: 1.85094e+01	AbsError: 3.48905e+16
      Equation: "ElectronContinuityEquation"	RelError: 3.73221e-01	AbsError: 3.39067e+16
      Equation: "HoleContinuityEquation"	RelError: 1.07023e+00	AbsError: 9.83838e+14
      Equation: "PotentialEquation"	RelError: 1.70660e+01	AbsError: 2.00000e-02
    Region: "gate"	RelError: 3.99485e-04	AbsError: 1.97028e+16
      Equation: "ElectronContinuityEquation"	RelError: 1.97372e-04	AbsError: 1.97028e+16
      Equation: "HoleContinuityEquation"	RelError: 1.97450e-04	AbsError: 1.97794e-04
      Equation: "PotentialEquation"	RelError: 4.66266e-06	AbsError: 5.11041e-06
    Region: "oxide"	RelError: 1.34742e-02	AbsError: 1.48153e-02
      Equation: "PotentialEquation"	RelError: 1.34742e-02	AbsError: 1.48153e-02
Iteration: 1
  Device: "mos2d"	RelError: 2.59017e-01	AbsError: 1.12949e+15
    Region: "bulk"	RelError: 2.58980e-01	AbsError: 1.12949e+15
      Equation: "ElectronContinuityEquation"	RelError: 4.54085e-02	AbsError: 1.10302e+15
      Equation: "HoleContinuityEquation"	RelError: 1.93230e-01	AbsError: 2.64739e+13
      Equation: "PotentialEquation"	RelError: 2.03412e-02	AbsError: 5.00544e-05
    Region: "gate"	RelError: 1.03840e-06	AbsError: 4.95072e+13
      Equation: "ElectronContinuityEquation"	RelError: 4.95214e-07	AbsError: 4.95072e+13
      Equation: "HoleContinuityEquation"	RelError: 5.31066e-07	AbsError: 5.31218e-07
      Equation: "PotentialEquation"	RelError: 1.21194e-08	AbsError: 1.32837e-08
    Region: "oxide"	RelError: 3.58494e-05	AbsError: 3.87354e-05
      Equation: "PotentialEquation"	RelError: 3.58494e-05	AbsError: 3.87354e-05
Iteration: 2
  Device: "mos2d"	RelError: 1.89977e-03	AbsError: 1.83424e+11
    Region: "bulk"	RelError: 1.89977e-03	AbsError: 1.83424e+11
      Equation: "ElectronContinuityEquation"	RelError: 1.77488e-03	AbsError: 1.74834e+11
      Equation: "HoleContinuityEquation"	RelError: 1.23570e-04	AbsError: 8.59025e+09
      Equation: "PotentialEquation"	RelError: 1.31345e-06	AbsError: 1.10909e-08
    Region: "gate"	RelError: 6.50020e-11	AbsError: 3.22439e+09
      Equation: "ElectronContinuityEquation"	RelError: 3.22531e-11	AbsError: 3.22439e+09
      Equation: "HoleContinuityEquation"	RelError: 3.19900e-11	AbsError: 3.19992e-11
      Equation: "PotentialEquation"	RelError: 7.58865e-13	AbsError: 8.31767e-13
    Region: "oxide"	RelError: 2.54376e-09	AbsError: 2.79684e-09
      Equation: "PotentialEquation"	RelError: 2.54376e-09	AbsError: 2.79684e-09
Iteration: 3
  Device: "mos2d"	RelError: 1.56997e-09	AbsError: 7.96998e+03
    Region: "bulk"	RelError: 1.56997e-09	AbsError: 5.27188e+03
      Equation: "ElectronContinuityEquation"	RelError: 1.70340e-10	AbsError: 4.47957e+03
      Equation: "HoleContinuityEquation"	RelError: 1.39914e-09	AbsError: 7.92309e+02
      Equation: "PotentialEquation"	RelError: 4.83431e-13	AbsError: 1.05983e-15
    Region: "gate"	RelError: 4.32395e-16	AbsError: 7.96998e+03
      Equation: "ElectronContinuityEquation"	RelError: 7.96998e-17	AbsError: 7.96998e+03
      Equation: "HoleContinuityEquation"	RelError: 2.51404e-16	AbsError: 2.51476e-16
      Equation: "PotentialEquation"	RelError: 1.01291e-16	AbsError: 1.11022e-16
    Region: "oxide"	RelError: 1.69525e-16	AbsError: 1.80635e-16
      Equation: "PotentialEquation"	RelError: 1.69525e-16	AbsError: 1.80635e-16
Succeeded
IVPOINT	IDVD_VG1P0	5.00000000e-01	7.00000000e-01	2.42260726e-01
drain last end 7.000000e-01 2.000000e+00
number of equations 4295
Iteration: 0
  Device: "mos2d"	RelError: 3.88691e+00	AbsError: 3.43262e+16
    Region: "bulk"	RelError: 3.87329e+00	AbsError: 3.43262e+16
      Equation: "ElectronContinuityEquation"	RelError: 3.71055e-01	AbsError: 3.33420e+16
      Equation: "HoleContinuityEquation"	RelError: 1.06949e+00	AbsError: 9.84160e+14
      Equation: "PotentialEquation"	RelError: 2.43274e+00	AbsError: 2.00000e-02
    Region: "gate"	RelError: 3.97517e-04	AbsError: 1.96096e+16
      Equation: "ElectronContinuityEquation"	RelError: 1.96400e-04	AbsError: 1.96096e+16
      Equation: "HoleContinuityEquation"	RelError: 1.96477e-04	AbsError: 1.96781e-04
      Equation: "PotentialEquation"	RelError: 4.63967e-06	AbsError: 5.08524e-06
    Region: "oxide"	RelError: 1.32280e-02	AbsError: 1.47391e-02
      Equation: "PotentialEquation"	RelError: 1.32280e-02	AbsError: 1.47391e-02
Iteration: 1
  Device: "mos2d"	RelError: 2.41128e-01	AbsError: 9.64440e+14
    Region: "bulk"	RelError: 2.41095e-01	AbsError: 9.64440e+14
      Equation: "ElectronContinuityEquation"	RelError: 4.45084e-02	AbsError: 9.38220e+14
      Equation: "HoleContinuityEquation"	RelError: 1.90182e-01	AbsError: 2.62205e+13
      Equation: "PotentialEquation"	RelError: 6.40457e-03	AbsError: 4.94353e-05
    Region: "gate"	RelError: 9.41396e-07	AbsError: 4.47425e+13
      Equation: "ElectronContinuityEquation"	RelError: 4.47469e-07	AbsError: 4.47425e+13
      Equation: "HoleContinuityEquation"	RelError: 4.82940e-07	AbsError: 4.82988e-07
      Equation: "PotentialEquation"	RelError: 1.09872e-08	AbsError: 1.20428e-08
    Region: "oxide"	RelError: 3.19619e-05	AbsError: 3.50574e-05
      Equation: "PotentialEquation"	RelError: 3.19619e-05	AbsError: 3.50574e-05
Iteration: 2
  Device: "mos2d"	RelError: 1.97465e-03	AbsError: 1.28778e+11
    Region: "bulk"	RelError: 1.97464e-03	AbsError: 1.28778e+11
      Equation: "ElectronContinuityEquation"	RelError: 1.84302e-03	AbsError: 1.20338e+11
      Equation: "HoleContinuityEquation"	RelError: 1.30991e-04	AbsError: 8.43977e+09
      Equation: "PotentialEquation"	RelError: 6.30805e-07	AbsError: 1.07677e-08
    Region: "gate"	RelError: 4.30664e-11	AbsError: 2.13879e+09
      Equation: "ElectronContinuityEquation"	RelError: 2.13900e-11	AbsError: 2.13879e+09
      Equation: "HoleContinuityEquation"	RelError: 2.11737e-11	AbsError: 2.11757e-11
      Equation: "PotentialEquation"	RelError: 5.02695e-13	AbsError: 5.50990e-13
    Region: "oxide"	RelError: 1.68556e-09	AbsError: 1.87805e-09
      Equation: "PotentialEquation"	RelError: 1.68556e-09	AbsError: 1.87805e-09
Iteration: 3
  Device: "mos2d"	RelError: 2.29076e-09	AbsError: 1.13043e+04
    Region: "bulk"	RelError: 2.29076e-09	AbsError: 1.13043e+04
      Equation: "ElectronContinuityEquation"	RelError: 1.94448e-10	AbsError: 1.05236e+04
      Equation: "HoleContinuityEquation"	RelError: 2.09620e-09	AbsError: 7.80718e+02
      Equation: "PotentialEquation"	RelError: 1.09048e-13	AbsError: 1.04426e-15
    Region: "gate"	RelError: 3.48066e-16	AbsError: 8.06270e+03
      Equation: "ElectronContinuityEquation"	RelError: 8.06270e-17	AbsError: 8.06270e+03
      Equation: "HoleContinuityEquation"	RelError: 1.66044e-16	AbsError: 1.66301e-16
      Equation: "PotentialEquation"	RelError: 1.01395e-16	AbsError: 1.11136e-16
    Region: "oxide"	RelError: 1.74294e-16	AbsError: 1.88145e-16
      Equation: "PotentialEquation"	RelError: 1.74294e-16	AbsError: 1.88145e-16
Succeeded
IVPOINT	IDVD_VG1P0	5.00000000e-01	7.20000000e-01	2.47742813e-01
drain last end 7.200000e-01 2.000000e+00
number of equations 4295
Iteration: 0
  Device: "mos2d"	RelError: 2.15500e+00	AbsError: 3.36509e+16
    Region: "bulk"	RelError: 2.14161e+00	AbsError: 3.36509e+16
      Equation: "ElectronContinuityEquation"	RelError: 3.68842e-01	AbsError: 3.26686e+16
      Equation: "HoleContinuityEquation"	RelError: 1.06432e+00	AbsError: 9.82317e+14
      Equation: "PotentialEquation"	RelError: 7.08449e-01	AbsError: 2.00000e-02
    Region: "gate"	RelError: 3.95735e-04	AbsError: 1.95255e+16
      Equation: "ElectronContinuityEquation"	RelError: 1.95520e-04	AbsError: 1.95255e+16
      Equation: "HoleContinuityEquation"	RelError: 1.95596e-04	AbsError: 1.95861e-04
      Equation: "PotentialEquation"	RelError: 4.61885e-06	AbsError: 5.06244e-06
    Region: "oxide"	RelError: 1.29954e-02	AbsError: 1.46701e-02
      Equation: "PotentialEquation"	RelError: 1.29954e-02	AbsError: 1.46701e-02
Iteration: 1
  Device: "mos2d"	RelError: 2.35740e-01	AbsError: 8.18263e+14
    Region: "bulk"	RelError: 2.35710e-01	AbsError: 8.18263e+14
      Equation: "ElectronContinuityEquation"	RelError: 4.41085e-02	AbsError: 7.92564e+14
      Equation: "HoleContinuityEquation"	RelError: 1.89769e-01	AbsError: 2.56996e+13
      Equation: "PotentialEquation"	RelError: 1.83244e-03	AbsError: 4.86280e-05
    Region: "gate"	RelError: 8.55834e-07	AbsError: 4.05395e+13
      Equation: "ElectronContinuityEquation"	RelError: 4.05359e-07	AbsError: 4.05395e+13
      Equation: "HoleContinuityEquation"	RelError: 4.40486e-07	AbsError: 4.40447e-07
      Equation: "PotentialEquation"	RelError: 9.98855e-09	AbsError: 1.09482e-08
    Region: "oxide"	RelError: 2.85760e-05	AbsError: 3.18003e-05
      Equation: "PotentialEquation"	RelError: 2.85760e-05	AbsError: 3.18003e-05
Iteration: 2
  Device: "mos2d"	RelError: 1.92781e-03	AbsError: 8.84968e+10
    Region: "bulk"	RelError: 1.92780e-03	AbsError: 8.84968e+10
      Equation: "ElectronContinuityEquation"	RelError: 1.78925e-03	AbsError: 8.03882e+10
      Equation: "HoleContinuityEquation"	RelError: 1.38370e-04	AbsError: 8.10858e+09
      Equation: "PotentialEquation"	RelError: 1.78915e-07	AbsError: 1.02627e-08
    Region: "gate"	RelError: 2.74335e-11	AbsError: 1.36472e+09
      Equation: "ElectronContinuityEquation"	RelError: 1.36460e-11	AbsError: 1.36472e+09
      Equation: "HoleContinuityEquation"	RelError: 1.34672e-11	AbsError: 1.34660e-11
      Equation: "PotentialEquation"	RelError: 3.20335e-13	AbsError: 3.51112e-13
    Region: "oxide"	RelError: 1.08054e-09	AbsError: 1.21975e-09
      Equation: "PotentialEquation"	RelError: 1.08054e-09	AbsError: 1.21975e-09
Iteration: 3
  Device: "mos2d"	RelError: 1.33758e-09	AbsError: 8.16872e+03
    Region: "bulk"	RelError: 1.33758e-09	AbsError: 4.81351e+03
      Equation: "ElectronContinuityEquation"	RelError: 3.22684e-10	AbsError: 4.08443e+03
      Equation: "HoleContinuityEquation"	RelError: 1.01489e-09	AbsError: 7.29081e+02
      Equation: "PotentialEquation"	RelError: 1.34150e-14	AbsError: 9.50557e-16
    Region: "gate"	RelError: 3.29727e-16	AbsError: 8.16872e+03
      Equation: "ElectronContinuityEquation"	RelError: 8.16872e-17	AbsError: 8.16872e+03
      Equation: "HoleContinuityEquation"	RelError: 1.46735e-16	AbsError: 1.47833e-16
      Equation: "PotentialEquation"	RelError: 1.01306e-16	AbsError: 1.11039e-16
    Region: "oxide"	RelError: 1.18869e-16	AbsError: 1.19831e-16
      Equation: "PotentialEquation"	RelError: 1.18869e-16	AbsError: 1.19831e-16
Succeeded
IVPOINT	IDVD_VG1P0	5.00000000e-01	7.40000000e-01	2.53257152e-01
drain last end 7.400000e-01 2.000000e+00
number of equations 4295
Iteration: 0
  Device: "mos2d"	RelError: 1.84719e+00	AbsError: 3.28765e+16
    Region: "bulk"	RelError: 1.83402e+00	AbsError: 3.28765e+16
      Equation: "ElectronContinuityEquation"	RelError: 3.66556e-01	AbsError: 3.18982e+16
      Equation: "HoleContinuityEquation"	RelError: 1.05198e+00	AbsError: 9.78307e+14
      Equation: "PotentialEquation"	RelError: 4.15480e-01	AbsError: 2.00000e-02
    Region: "gate"	RelError: 3.94115e-04	AbsError: 1.94494e+16
      Equation: "ElectronContinuityEquation"	RelError: 1.94720e-04	AbsError: 1.94494e+16
      Equation: "HoleContinuityEquation"	RelError: 1.94796e-04	AbsError: 1.95021e-04
      Equation: "PotentialEquation"	RelError: 4.59993e-06	AbsError: 5.04173e-06
    Region: "oxide"	RelError: 1.27750e-02	AbsError: 1.46075e-02
      Equation: "PotentialEquation"	RelError: 1.27750e-02	AbsError: 1.46075e-02
Iteration: 1
  Device: "mos2d"	RelError: 2.33091e-01	AbsError: 6.90499e+14
    Region: "bulk"	RelError: 2.33064e-01	AbsError: 6.90499e+14
      Equation: "ElectronContinuityEquation"	RelError: 4.37076e-02	AbsError: 6.65562e+14
      Equation: "HoleContinuityEquation"	RelError: 1.88304e-01	AbsError: 2.49371e+13
      Equation: "PotentialEquation"	RelError: 1.05306e-03	AbsError: 4.76544e-05
    Region: "gate"	RelError: 7.81029e-07	AbsError: 3.68650e+13
      Equation: "ElectronContinuityEquation"	RelError: 3.68549e-07	AbsError: 3.68650e+13
      Equation: "HoleContinuityEquation"	RelError: 4.03364e-07	AbsError: 4.03253e-07
      Equation: "PotentialEquation"	RelError: 9.11545e-09	AbsError: 9.99128e-09
    Region: "oxide"	RelError: 2.56479e-05	AbsError: 2.89446e-05
      Equation: "PotentialEquation"	RelError: 2.56479e-05	AbsError: 2.89446e-05
Iteration: 2
  Device: "mos2d"	RelError: 1.77589e-03	AbsError: 5.95420e+10
    Region: "bulk"	RelError: 1.77588e-03	AbsError: 5.95420e+10
      Equation: "ElectronContinuityEquation"	RelError: 1.63062e-03	AbsError: 5.19176e+10
      Equation: "HoleContinuityEquation"	RelError: 1.45160e-04	AbsError: 7.62445e+09
      Equation: "PotentialEquation"	RelError: 1.01967e-07	AbsError: 9.60260e-09
    Region: "gate"	RelError: 1.68454e-11	AbsError: 8.40110e+08
      Equation: "ElectronContinuityEquation"	RelError: 8.39880e-12	AbsError: 8.40110e+08
      Equation: "HoleContinuityEquation"	RelError: 8.24986e-12	AbsError: 8.24759e-12
      Equation: "PotentialEquation"	RelError: 1.96726e-13	AbsError: 2.15628e-13
    Region: "oxide"	RelError: 6.73767e-10	AbsError: 7.70395e-10
      Equation: "PotentialEquation"	RelError: 6.73767e-10	AbsError: 7.70395e-10
Iteration: 3
  Device: "mos2d"	RelError: 1.44975e-09	AbsError: 8.18928e+03
    Region: "bulk"	RelError: 1.44975e-09	AbsError: 6.78003e+03
      Equation: "ElectronContinuityEquation"	RelError: 1.62211e-10	AbsError: 6.14529e+03
      Equation: "HoleContinuityEquation"	RelError: 1.28752e-09	AbsError: 6.34740e+02
      Equation: "PotentialEquation"	RelError: 1.24024e-14	AbsError: 9.03867e-16
    Region: "gate"	RelError: 3.67222e-16	AbsError: 8.18928e+03
      Equation: "ElectronContinuityEquation"	RelError: 8.18928e-17	AbsError: 8.18928e+03
      Equation: "HoleContinuityEquation"	RelError: 1.84038e-16	AbsError: 1.84640e-16
      Equation: "PotentialEquation"	RelError: 1.01291e-16	AbsError: 1.11022e-16
    Region: "oxide"	RelError: 1.73248e-16	AbsError: 1.95005e-16
      Equation: "PotentialEquation"	RelError: 1.73248e-16	AbsError: 1.95005e-16
Succeeded
IVPOINT	IDVD_VG1P0	5.00000000e-01	7.60000000e-01	2.58804868e-01
drain last end 7.600000e-01 2.000000e+00
number of equations 4295
Iteration: 0
  Device: "mos2d"	RelError: 1.77021e+00	AbsError: 3.20146e+16
    Region: "bulk"	RelError: 1.75725e+00	AbsError: 3.20146e+16
      Equation: "ElectronContinuityEquation"	RelError: 3.64157e-01	AbsError: 3.10425e+16
      Equation: "HoleContinuityEquation"	RelError: 1.02835e+00	AbsError: 9.72131e+14
      Equation: "PotentialEquation"	RelError: 3.64748e-01	AbsError: 2.00000e-02
    Region: "gate"	RelError: 3.92637e-04	AbsError: 1.93803e+16
      Equation: "ElectronContinuityEquation"	RelError: 1.93990e-04	AbsError: 1.93803e+16
      Equation: "HoleContinuityEquation"	RelError: 1.94065e-04	AbsError: 1.94252e-04
      Equation: "PotentialEquation"	RelError: 4.58266e-06	AbsError: 5.02282e-06
    Region: "oxide"	RelError: 1.25656e-02	AbsError: 1.45505e-02
      Equation: "PotentialEquation"	RelError: 1.25656e-02	AbsError: 1.45505e-02
Iteration: 1
  Device: "mos2d"	RelError: 2.29530e-01	AbsError: 5.80051e+14
    Region: "bulk"	RelError: 2.29506e-01	AbsError: 5.80051e+14
      Equation: "ElectronContinuityEquation"	RelError: 4.32995e-02	AbsError: 5.56087e+14
      Equation: "HoleContinuityEquation"	RelError: 1.85162e-01	AbsError: 2.39642e+13
      Equation: "PotentialEquation"	RelError: 1.04386e-03	AbsError: 4.65432e-05
    Region: "gate"	RelError: 7.16058e-07	AbsError: 3.36739e+13
      Equation: "ElectronContinuityEquation"	RelError: 3.36584e-07	AbsError: 3.36739e+13
      Equation: "HoleContinuityEquation"	RelError: 3.71116e-07	AbsError: 3.70946e-07
      Equation: "PotentialEquation"	RelError: 8.35713e-09	AbsError: 9.16014e-09
    Region: "oxide"	RelError: 2.31283e-05	AbsError: 2.64594e-05
      Equation: "PotentialEquation"	RelError: 2.31283e-05	AbsError: 2.64594e-05
Iteration: 2
  Device: "mos2d"	RelError: 1.80220e-03	AbsError: 4.05406e+10
    Region: "bulk"	RelError: 1.80220e-03	AbsError: 4.05406e+10
      Equation: "ElectronContinuityEquation"	RelError: 1.65132e-03	AbsError: 3.35195e+10
      Equation: "HoleContinuityEquation"	RelError: 1.50785e-04	AbsError: 7.02105e+09
      Equation: "PotentialEquation"	RelError: 9.75181e-08	AbsError: 8.82344e-09
    Region: "gate"	RelError: 1.01422e-11	AbsError: 5.07685e+08
      Equation: "ElectronContinuityEquation"	RelError: 5.07451e-12	AbsError: 5.07685e+08
      Equation: "HoleContinuityEquation"	RelError: 4.94933e-12	AbsError: 4.94705e-12
      Equation: "PotentialEquation"	RelError: 1.18374e-13	AbsError: 1.29748e-13
    Region: "oxide"	RelError: 4.16441e-10	AbsError: 4.82213e-10
      Equation: "PotentialEquation"	RelError: 4.16441e-10	AbsError: 4.82213e-10
Iteration: 3
  Device: "mos2d"	RelError: 2.21441e-09	AbsError: 8.87614e+03
    Region: "bulk"	RelError: 2.21441e-09	AbsError: 8.87614e+03
      Equation: "ElectronContinuityEquation"	RelError: 1.37546e-10	AbsError: 8.32649e+03
      Equation: "HoleContinuityEquation"	RelError: 2.07686e-09	AbsError: 5.49646e+02
      Equation: "PotentialEquation"	RelError: 8.26704e-15	AbsError: 9.67272e-16
    Region: "gate"	RelError: 3.35096e-16	AbsError: 7.94408e+03
      Equation: "ElectronContinuityEquation"	RelError: 7.94408e-17	AbsError: 7.94408e+03
      Equation: "HoleContinuityEquation"	RelError: 1.54204e-16	AbsError: 1.54205e-16
      Equation: "PotentialEquation"	RelError: 1.01451e-16	AbsError: 1.11190e-16
    Region: "oxide"	RelError: 1.97062e-16	AbsError: 1.61166e-16
      Equation: "PotentialEquation"	RelError: 1.97062e-16	AbsError: 1.61166e-16
Succeeded
IVPOINT	IDVD_VG1P0	5.00000000e-01	7.80000000e-01	2.64386977e-01
drain last end 7.800000e-01 2.000000e+00
number of equations 4295
Iteration: 0
  Device: "mos2d"	RelError: 1.96472e+00	AbsError: 3.10766e+16
    Region: "bulk"	RelError: 1.95196e+00	AbsError: 3.10766e+16
      Equation: "ElectronContinuityEquation"	RelError: 3.61597e-01	AbsError: 3.01128e+16
      Equation: "HoleContinuityEquation"	RelError: 1.01006e+00	AbsError: 9.63788e+14
      Equation: "PotentialEquation"	RelError: 5.80298e-01	AbsError: 2.00000e-02
    Region: "gate"	RelError: 3.91282e-04	AbsError: 1.93171e+16
      Equation: "ElectronContinuityEquation"	RelError: 1.93320e-04	AbsError: 1.93171e+16
      Equation: "HoleContinuityEquation"	RelError: 1.93395e-04	AbsError: 1.93544e-04
      Equation: "PotentialEquation"	RelError: 4.56682e-06	AbsError: 5.00548e-06
    Region: "oxide"	RelError: 1.23660e-02	AbsError: 1.44983e-02
      Equation: "PotentialEquation"	RelError: 1.23660e-02	AbsError: 1.44983e-02
Iteration: 1
  Device: "mos2d"	RelError: 2.23955e-01	AbsError: 5.14375e+14
    Region: "bulk"	RelError: 2.23934e-01	AbsError: 5.14375e+14
      Equation: "ElectronContinuityEquation"	RelError: 4.28794e-02	AbsError: 4.91559e+14
      Equation: "HoleContinuityEquation"	RelError: 1.79438e-01	AbsError: 2.28162e+13
      Equation: "PotentialEquation"	RelError: 1.61598e-03	AbsError: 4.53288e-05
    Region: "gate"	RelError: 6.59869e-07	AbsError: 3.09147e+13
      Equation: "ElectronContinuityEquation"	RelError: 3.08947e-07	AbsError: 3.09147e+13
      Equation: "HoleContinuityEquation"	RelError: 3.43221e-07	AbsError: 3.42999e-07
      Equation: "PotentialEquation"	RelError: 7.70131e-09	AbsError: 8.44134e-09
    Region: "oxide"	RelError: 2.09662e-05	AbsError: 2.43073e-05
      Equation: "PotentialEquation"	RelError: 2.09662e-05	AbsError: 2.43073e-05
Iteration: 2
  Device: "mos2d"	RelError: 1.70680e-03	AbsError: 2.90313e+10
    Region: "bulk"	RelError: 1.70680e-03	AbsError: 2.90313e+10
      Equation: "ElectronContinuityEquation"	RelError: 1.55195e-03	AbsError: 2.26960e+10
      Equation: "HoleContinuityEquation"	RelError: 1.54708e-04	AbsError: 6.33529e+09
      Equation: "PotentialEquation"	RelError: 1.44151e-07	AbsError: 7.96718e-09
    Region: "gate"	RelError: 6.32684e-12	AbsError: 3.18177e+08
      Equation: "ElectronContinuityEquation"	RelError: 3.17971e-12	AbsError: 3.18177e+08
      Equation: "HoleContinuityEquation"	RelError: 3.07330e-12	AbsError: 3.07132e-12
      Equation: "PotentialEquation"	RelError: 7.38195e-14	AbsError: 8.09129e-14
    Region: "oxide"	RelError: 2.67873e-10	AbsError: 3.14057e-10
      Equation: "PotentialEquation"	RelError: 2.67873e-10	AbsError: 3.14057e-10
Iteration: 3
  Device: "mos2d"	RelError: 1.71331e-09	AbsError: 7.86665e+03
    Region: "bulk"	RelError: 1.71331e-09	AbsError: 5.17806e+03
      Equation: "ElectronContinuityEquation"	RelError: 1.43264e-10	AbsError: 4.68053e+03
      Equation: "HoleContinuityEquation"	RelError: 1.57003e-09	AbsError: 4.97535e+02
      Equation: "PotentialEquation"	RelError: 1.39907e-14	AbsError: 6.92885e-16
    Region: "gate"	RelError: 3.94918e-16	AbsError: 7.86665e+03
      Equation: "ElectronContinuityEquation"	RelError: 7.93010e-17	AbsError: 7.86665e+03
      Equation: "HoleContinuityEquation"	RelError: 2.14326e-16	AbsError: 2.16055e-16
      Equation: "PotentialEquation"	RelError: 1.01291e-16	AbsError: 1.11022e-16
    Region: "oxide"	RelError: 1.75637e-16	AbsError: 1.68517e-16
      Equation: "PotentialEquation"	RelError: 1.75637e-16	AbsError: 1.68517e-16
Succeeded
IVPOINT	IDVD_VG1P0	5.00000000e-01	8.00000000e-01	2.70004395e-01
drain last end 8.000000e-01 2.000000e+00
number of equations 4295
Iteration: 0
  Device: "mos2d"	RelError: 2.77211e+00	AbsError: 3.00790e+16
    Region: "bulk"	RelError: 2.75954e+00	AbsError: 3.00790e+16
      Equation: "ElectronContinuityEquation"	RelError: 3.58808e-01	AbsError: 2.91201e+16
      Equation: "HoleContinuityEquation"	RelError: 9.94244e-01	AbsError: 9.58870e+14
      Equation: "PotentialEquation"	RelError: 1.40649e+00	AbsError: 2.00000e-02
    Region: "gate"	RelError: 3.90032e-04	AbsError: 1.92591e+16
      Equation: "ElectronContinuityEquation"	RelError: 1.92703e-04	AbsError: 1.92591e+16
      Equation: "HoleContinuityEquation"	RelError: 1.92777e-04	AbsError: 1.92888e-04
      Equation: "PotentialEquation"	RelError: 4.55221e-06	AbsError: 4.98949e-06
    Region: "oxide"	RelError: 1.21753e-02	AbsError: 1.44504e-02
      Equation: "PotentialEquation"	RelError: 1.21753e-02	AbsError: 1.44504e-02
Iteration: 1
  Device: "mos2d"	RelError: 2.23386e-01	AbsError: 5.40307e+14
    Region: "bulk"	RelError: 2.23366e-01	AbsError: 5.40307e+14
      Equation: "ElectronContinuityEquation"	RelError: 4.24410e-02	AbsError: 5.18776e+14
      Equation: "HoleContinuityEquation"	RelError: 1.77094e-01	AbsError: 2.15307e+13
      Equation: "PotentialEquation"	RelError: 3.83137e-03	AbsError: 4.40492e-05
    Region: "gate"	RelError: 6.11365e-07	AbsError: 2.85334e+13
      Equation: "ElectronContinuityEquation"	RelError: 2.85097e-07	AbsError: 2.85334e+13
      Equation: "HoleContinuityEquation"	RelError: 3.19133e-07	AbsError: 3.18868e-07
      Equation: "PotentialEquation"	RelError: 7.13519e-09	AbsError: 7.82085e-09
    Region: "oxide"	RelError: 1.91118e-05	AbsError: 2.24483e-05
      Equation: "PotentialEquation"	RelError: 1.91118e-05	AbsError: 2.24483e-05
Iteration: 2
  Device: "mos2d"	RelError: 1.52998e-03	AbsError: 2.02569e+10
    Region: "bulk"	RelError: 1.52998e-03	AbsError: 2.02569e+10
      Equation: "ElectronContinuityEquation"	RelError: 1.37318e-03	AbsError: 1.46525e+10
      Equation: "HoleContinuityEquation"	RelError: 1.56475e-04	AbsError: 5.60434e+09
      Equation: "PotentialEquation"	RelError: 3.27297e-07	AbsError: 7.07778e-09
    Region: "gate"	RelError: 4.58367e-12	AbsError: 2.31255e+08
      Equation: "ElectronContinuityEquation"	RelError: 2.31063e-12	AbsError: 2.31255e+08
      Equation: "HoleContinuityEquation"	RelError: 2.21949e-12	AbsError: 2.21765e-12
      Equation: "PotentialEquation"	RelError: 5.35403e-14	AbsError: 5.86853e-14
    Region: "oxide"	RelError: 1.95649e-10	AbsError: 2.32204e-10
      Equation: "PotentialEquation"	RelError: 1.95649e-10	AbsError: 2.32204e-10
Iteration: 3
  Device: "mos2d"	RelError: 4.26709e-09	AbsError: 7.95421e+03
    Region: "bulk"	RelError: 4.26709e-09	AbsError: 6.86507e+03
      Equation: "ElectronContinuityEquation"	RelError: 1.58127e-10	AbsError: 6.35008e+03
      Equation: "HoleContinuityEquation"	RelError: 4.10894e-09	AbsError: 5.14988e+02
      Equation: "PotentialEquation"	RelError: 2.09301e-14	AbsError: 1.29876e-15
    Region: "gate"	RelError: 3.51024e-16	AbsError: 7.95421e+03
      Equation: "ElectronContinuityEquation"	RelError: 7.95421e-17	AbsError: 7.95421e+03
      Equation: "HoleContinuityEquation"	RelError: 1.70152e-16	AbsError: 1.70250e-16
      Equation: "PotentialEquation"	RelError: 1.01330e-16	AbsError: 1.11066e-16
    Region: "oxide"	RelError: 1.97238e-16	AbsError: 1.20296e-16
      Equation: "PotentialEquation"	RelError: 1.97238e-16	AbsError: 1.20296e-16
Succeeded
IVPOINT	IDVD_VG1P0	5.00000000e-01	8.20000000e-01	2.75657953e-01
drain last end 8.200000e-01 2.000000e+00
number of equations 4295
Iteration: 0
  Device: "mos2d"	RelError: 4.73809e+00	AbsError: 2.93094e+16
    Region: "bulk"	RelError: 4.72571e+00	AbsError: 2.93094e+16
      Equation: "ElectronContinuityEquation"	RelError: 3.55699e-01	AbsError: 2.83573e+16
      Equation: "HoleContinuityEquation"	RelError: 9.86322e-01	AbsError: 9.52052e+14
      Equation: "PotentialEquation"	RelError: 3.38369e+00	AbsError: 2.00000e-02
    Region: "gate"	RelError: 3.88873e-04	AbsError: 1.92056e+16
      Equation: "ElectronContinuityEquation"	RelError: 1.92130e-04	AbsError: 1.92056e+16
      Equation: "HoleContinuityEquation"	RelError: 1.92204e-04	AbsError: 1.92278e-04
      Equation: "PotentialEquation"	RelError: 4.53866e-06	AbsError: 4.97467e-06
    Region: "oxide"	RelError: 1.19926e-02	AbsError: 1.44060e-02
      Equation: "PotentialEquation"	RelError: 1.19926e-02	AbsError: 1.44060e-02
Iteration: 1
  Device: "mos2d"	RelError: 2.24793e-01	AbsError: 5.61163e+14
    Region: "bulk"	RelError: 2.24775e-01	AbsError: 5.61163e+14
      Equation: "ElectronContinuityEquation"	RelError: 4.19763e-02	AbsError: 5.41017e+14
      Equation: "HoleContinuityEquation"	RelError: 1.73883e-01	AbsError: 2.01461e+13
      Equation: "PotentialEquation"	RelError: 8.91508e-03	AbsError: 4.27441e-05
    Region: "gate"	RelError: 5.69465e-07	AbsError: 2.64770e+13
      Equation: "ElectronContinuityEquation"	RelError: 2.64502e-07	AbsError: 2.64770e+13
      Equation: "HoleContinuityEquation"	RelError: 2.98317e-07	AbsError: 2.98015e-07
      Equation: "PotentialEquation"	RelError: 6.64615e-09	AbsError: 7.28485e-09
    Region: "oxide"	RelError: 1.75185e-05	AbsError: 2.08422e-05
      Equation: "PotentialEquation"	RelError: 1.75185e-05	AbsError: 2.08422e-05
Iteration: 2
  Device: "mos2d"	RelError: 1.61926e-03	AbsError: 2.12451e+10
    Region: "bulk"	RelError: 1.61926e-03	AbsError: 2.12451e+10
      Equation: "ElectronContinuityEquation"	RelError: 1.46278e-03	AbsError: 1.63823e+10
      Equation: "HoleContinuityEquation"	RelError: 1.55748e-04	AbsError: 4.86277e+09
      Equation: "PotentialEquation"	RelError: 7.33278e-07	AbsError: 6.19747e-09
    Region: "gate"	RelError: 4.26725e-12	AbsError: 2.15050e+08
      Equation: "ElectronContinuityEquation"	RelError: 2.14833e-12	AbsError: 2.15050e+08
      Equation: "HoleContinuityEquation"	RelError: 2.06909e-12	AbsError: 2.06699e-12
      Equation: "PotentialEquation"	RelError: 4.98378e-14	AbsError: 5.46273e-14
    Region: "oxide"	RelError: 1.74830e-10	AbsError: 2.10010e-10
      Equation: "PotentialEquation"	RelError: 1.74830e-10	AbsError: 2.10010e-10
Iteration: 3
  Device: "mos2d"	RelError: 9.01554e-10	AbsError: 7.98810e+03
    Region: "bulk"	RelError: 9.01554e-10	AbsError: 4.59778e+03
      Equation: "ElectronContinuityEquation"	RelError: 3.37890e-10	AbsError: 4.07581e+03
      Equation: "HoleContinuityEquation"	RelError: 5.63633e-10	AbsError: 5.21969e+02
      Equation: "PotentialEquation"	RelError: 3.01469e-14	AbsError: 7.42636e-16
    Region: "gate"	RelError: 4.33387e-16	AbsError: 7.98810e+03
      Equation: "ElectronContinuityEquation"	RelError: 8.04100e-17	AbsError: 7.98810e+03
      Equation: "HoleContinuityEquation"	RelError: 2.51622e-16	AbsError: 2.53645e-16
      Equation: "PotentialEquation"	RelError: 1.01355e-16	AbsError: 1.11093e-16
    Region: "oxide"	RelError: 1.55229e-16	AbsError: 1.62124e-16
      Equation: "PotentialEquation"	RelError: 1.55229e-16	AbsError: 1.62124e-16
Succeeded
IVPOINT	IDVD_VG1P0	5.00000000e-01	8.40000000e-01	2.81348410e-01
drain last end 8.400000e-01 2.000000e+00
number of equations 4295
Iteration: 0
  Device: "mos2d"	RelError: 3.11661e+00	AbsError: 2.96133e+16
    Region: "bulk"	RelError: 3.10441e+00	AbsError: 2.96133e+16
      Equation: "ElectronContinuityEquation"	RelError: 3.52149e-01	AbsError: 2.86704e+16
      Equation: "HoleContinuityEquation"	RelError: 9.74446e-01	AbsError: 9.42897e+14
      Equation: "PotentialEquation"	RelError: 1.77781e+00	AbsError: 2.00000e-02
    Region: "gate"	RelError: 3.87793e-04	AbsError: 1.91559e+16
      Equation: "ElectronContinuityEquation"	RelError: 1.91597e-04	AbsError: 1.91559e+16
      Equation: "HoleContinuityEquation"	RelError: 1.91670e-04	AbsError: 1.91708e-04
      Equation: "PotentialEquation"	RelError: 4.52604e-06	AbsError: 4.96086e-06
    Region: "oxide"	RelError: 1.18172e-02	AbsError: 1.43648e-02
      Equation: "PotentialEquation"	RelError: 1.18172e-02	AbsError: 1.43648e-02
Iteration: 1
  Device: "mos2d"	RelError: 2.16316e-01	AbsError: 5.77401e+14
    Region: "bulk"	RelError: 2.16299e-01	AbsError: 5.77401e+14
      Equation: "ElectronContinuityEquation"	RelError: 4.14744e-02	AbsError: 5.58527e+14
      Equation: "HoleContinuityEquation"	RelError: 1.72441e-01	AbsError: 1.88742e+13
      Equation: "PotentialEquation"	RelError: 2.38373e-03	AbsError: 4.23822e-05
    Region: "gate"	RelError: 5.33148e-07	AbsError: 2.46953e+13
      Equation: "ElectronContinuityEquation"	RelError: 2.46657e-07	AbsError: 2.46953e+13
      Equation: "HoleContinuityEquation"	RelError: 2.80268e-07	AbsError: 2.79934e-07
      Equation: "PotentialEquation"	RelError: 6.22227e-09	AbsError: 6.82026e-09
    Region: "oxide"	RelError: 1.61438e-05	AbsError: 1.94504e-05
      Equation: "PotentialEquation"	RelError: 1.61438e-05	AbsError: 1.94504e-05
Iteration: 2
  Device: "mos2d"	RelError: 1.62480e-03	AbsError: 2.62570e+10
    Region: "bulk"	RelError: 1.62480e-03	AbsError: 2.62570e+10
      Equation: "ElectronContinuityEquation"	RelError: 1.47223e-03	AbsError: 2.21167e+10
      Equation: "HoleContinuityEquation"	RelError: 1.52332e-04	AbsError: 4.14035e+09
      Equation: "PotentialEquation"	RelError: 2.42035e-07	AbsError: 5.36362e-09
    Region: "gate"	RelError: 4.88160e-12	AbsError: 2.44990e+08
      Equation: "ElectronContinuityEquation"	RelError: 2.44697e-12	AbsError: 2.44990e+08
      Equation: "HoleContinuityEquation"	RelError: 2.37767e-12	AbsError: 2.37483e-12
      Equation: "PotentialEquation"	RelError: 5.69598e-14	AbsError: 6.24340e-14
    Region: "oxide"	RelError: 1.86732e-10	AbsError: 2.26985e-10
      Equation: "PotentialEquation"	RelError: 1.86732e-10	AbsError: 2.26985e-10
Iteration: 3
  Device: "mos2d"	RelError: 7.63512e-09	AbsError: 8.30500e+03
    Region: "bulk"	RelError: 7.63512e-09	AbsError: 8.30500e+03
      Equation: "ElectronContinuityEquation"	RelError: 1.19474e-10	AbsError: 7.94897e+03
      Equation: "HoleContinuityEquation"	RelError: 7.51562e-09	AbsError: 3.56029e+02
      Equation: "PotentialEquation"	RelError: 2.82835e-14	AbsError: 1.58158e-15
    Region: "gate"	RelError: 3.87654e-16	AbsError: 8.10733e+03
      Equation: "ElectronContinuityEquation"	RelError: 8.10733e-17	AbsError: 8.10733e+03
      Equation: "HoleContinuityEquation"	RelError: 2.04351e-16	AbsError: 2.04391e-16
      Equation: "PotentialEquation"	RelError: 1.02229e-16	AbsError: 1.12030e-16
    Region: "oxide"	RelError: 1.71681e-16	AbsError: 1.87221e-16
      Equation: "PotentialEquation"	RelError: 1.71681e-16	AbsError: 1.87221e-16
Succeeded
IVPOINT	IDVD_VG1P0	5.00000000e-01	8.60000000e-01	2.87076462e-01
drain last end 8.600000e-01 2.000000e+00
number of equations 4295
Iteration: 0
  Device: "mos2d"	RelError: 8.87875e+00	AbsError: 2.99055e+16
    Region: "bulk"	RelError: 8.86672e+00	AbsError: 2.99055e+16
      Equation: "ElectronContinuityEquation"	RelError: 3.47998e-01	AbsError: 2.89716e+16
      Equation: "HoleContinuityEquation"	RelError: 9.52562e-01	AbsError: 9.33924e+14
      Equation: "PotentialEquation"	RelError: 7.56616e+00	AbsError: 2.00000e-02
    Region: "gate"	RelError: 3.86782e-04	AbsError: 1.91097e+16
      Equation: "ElectronContinuityEquation"	RelError: 1.91097e-04	AbsError: 1.91097e+16
      Equation: "HoleContinuityEquation"	RelError: 1.91171e-04	AbsError: 1.91171e-04
      Equation: "PotentialEquation"	RelError: 4.51422e-06	AbsError: 4.94792e-06
    Region: "oxide"	RelError: 1.16484e-02	AbsError: 1.43264e-02
      Equation: "PotentialEquation"	RelError: 1.16484e-02	AbsError: 1.43264e-02
Iteration: 1
  Device: "mos2d"	RelError: 2.30852e-01	AbsError: 5.89450e+14
    Region: "bulk"	RelError: 2.30837e-01	AbsError: 5.89450e+14
      Equation: "ElectronContinuityEquation"	RelError: 4.09212e-02	AbsError: 5.71541e+14
      Equation: "HoleContinuityEquation"	RelError: 1.69500e-01	AbsError: 1.79091e+13
      Equation: "PotentialEquation"	RelError: 2.04158e-02	AbsError: 4.20680e-05
    Region: "gate"	RelError: 5.01477e-07	AbsError: 2.31421e+13
      Equation: "ElectronContinuityEquation"	RelError: 2.31102e-07	AbsError: 2.31421e+13
      Equation: "HoleContinuityEquation"	RelError: 2.64522e-07	AbsError: 2.64158e-07
      Equation: "PotentialEquation"	RelError: 5.85261e-09	AbsError: 6.41510e-09
    Region: "oxide"	RelError: 1.49499e-05	AbsError: 1.82372e-05
      Equation: "PotentialEquation"	RelError: 1.49499e-05	AbsError: 1.82372e-05
Iteration: 2
  Device: "mos2d"	RelError: 1.53807e-03	AbsError: 3.08449e+10
    Region: "bulk"	RelError: 1.53807e-03	AbsError: 3.08449e+10
      Equation: "ElectronContinuityEquation"	RelError: 1.38999e-03	AbsError: 2.70124e+10
      Equation: "HoleContinuityEquation"	RelError: 1.46197e-04	AbsError: 3.83250e+09
      Equation: "PotentialEquation"	RelError: 1.87718e-06	AbsError: 4.93386e-09
    Region: "gate"	RelError: 6.05330e-12	AbsError: 3.02605e+08
      Equation: "ElectronContinuityEquation"	RelError: 3.02188e-12	AbsError: 3.02605e+08
      Equation: "HoleContinuityEquation"	RelError: 2.96063e-12	AbsError: 2.95655e-12
      Equation: "PotentialEquation"	RelError: 7.07843e-14	AbsError: 7.75874e-14
    Region: "oxide"	RelError: 2.17663e-10	AbsError: 2.67699e-10
      Equation: "PotentialEquation"	RelError: 2.17663e-10	AbsError: 2.67699e-10
Iteration: 3
  Device: "mos2d"	RelError: 2.04982e-09	AbsError: 7.89511e+03
    Region: "bulk"	RelError: 2.04982e-09	AbsError: 4.47103e+03
      Equation: "ElectronContinuityEquation"	RelError: 2.21316e-10	AbsError: 4.07927e+03
      Equation: "HoleContinuityEquation"	RelError: 1.82845e-09	AbsError: 3.91758e+02
      Equation: "PotentialEquation"	RelError: 5.55134e-14	AbsError: 8.72982e-16
    Region: "gate"	RelError: 4.18439e-16	AbsError: 7.89511e+03
      Equation: "ElectronContinuityEquation"	RelError: 7.89511e-17	AbsError: 7.89511e+03
      Equation: "HoleContinuityEquation"	RelError: 2.38186e-16	AbsError: 2.38188e-16
      Equation: "PotentialEquation"	RelError: 1.01301e-16	AbsError: 1.11033e-16
    Region: "oxide"	RelError: 1.41143e-16	AbsError: 1.06813e-16
      Equation: "PotentialEquation"	RelError: 1.41143e-16	AbsError: 1.06813e-16
Succeeded
IVPOINT	IDVD_VG1P0	5.00000000e-01	8.80000000e-01	2.92842751e-01
drain last end 8.800000e-01 2.000000e+00
number of equations 4295
Iteration: 0
  Device: "mos2d"	RelError: 2.45033e+00	AbsError: 3.01877e+16
    Region: "bulk"	RelError: 2.43846e+00	AbsError: 3.01877e+16
      Equation: "ElectronContinuityEquation"	RelError: 3.43034e-01	AbsError: 2.92615e+16
      Equation: "HoleContinuityEquation"	RelError: 9.47524e-01	AbsError: 9.26226e+14
      Equation: "PotentialEquation"	RelError: 1.14790e+00	AbsError: 2.00000e-02
    Region: "gate"	RelError: 3.85831e-04	AbsError: 1.90663e+16
      Equation: "ElectronContinuityEquation"	RelError: 1.90628e-04	AbsError: 1.90663e+16
      Equation: "HoleContinuityEquation"	RelError: 1.90700e-04	AbsError: 1.90665e-04
      Equation: "PotentialEquation"	RelError: 4.50310e-06	AbsError: 4.93576e-06
    Region: "oxide"	RelError: 1.14858e-02	AbsError: 1.42903e-02
      Equation: "PotentialEquation"	RelError: 1.14858e-02	AbsError: 1.42903e-02
Iteration: 1
  Device: "mos2d"	RelError: 2.08897e-01	AbsError: 5.97167e+14
    Region: "bulk"	RelError: 2.08883e-01	AbsError: 5.97167e+14
      Equation: "ElectronContinuityEquation"	RelError: 4.02982e-02	AbsError: 5.80287e+14
      Equation: "HoleContinuityEquation"	RelError: 1.65625e-01	AbsError: 1.68803e+13
      Equation: "PotentialEquation"	RelError: 2.95885e-03	AbsError: 4.17525e-05
    Region: "gate"	RelError: 4.73612e-07	AbsError: 2.17761e+13
      Equation: "ElectronContinuityEquation"	RelError: 2.17422e-07	AbsError: 2.17761e+13
      Equation: "HoleContinuityEquation"	RelError: 2.50663e-07	AbsError: 2.50272e-07
      Equation: "PotentialEquation"	RelError: 5.52738e-09	AbsError: 6.05865e-09
    Region: "oxide"	RelError: 1.39041e-05	AbsError: 1.71706e-05
      Equation: "PotentialEquation"	RelError: 1.39041e-05	AbsError: 1.71706e-05
Iteration: 2
  Device: "mos2d"	RelError: 1.36207e-03	AbsError: 3.46660e+10
    Region: "bulk"	RelError: 1.36207e-03	AbsError: 3.46660e+10
      Equation: "ElectronContinuityEquation"	RelError: 1.22432e-03	AbsError: 3.11381e+10
      Equation: "HoleContinuityEquation"	RelError: 1.37495e-04	AbsError: 3.52792e+09
      Equation: "PotentialEquation"	RelError: 2.48047e-07	AbsError: 4.69558e-09
    Region: "gate"	RelError: 7.50481e-12	AbsError: 3.74177e+08
      Equation: "ElectronContinuityEquation"	RelError: 3.73593e-12	AbsError: 3.74177e+08
      Equation: "HoleContinuityEquation"	RelError: 3.68119e-12	AbsError: 3.67545e-12
      Equation: "PotentialEquation"	RelError: 8.76875e-14	AbsError: 9.61156e-14
    Region: "oxide"	RelError: 2.57789e-10	AbsError: 3.20728e-10
      Equation: "PotentialEquation"	RelError: 2.57789e-10	AbsError: 3.20728e-10
Iteration: 3
  Device: "mos2d"	RelError: 4.37610e-09	AbsError: 7.77525e+03
    Region: "bulk"	RelError: 4.37610e-09	AbsError: 5.59501e+03
      Equation: "ElectronContinuityEquation"	RelError: 1.83936e-10	AbsError: 5.31770e+03
      Equation: "HoleContinuityEquation"	RelError: 4.19213e-09	AbsError: 2.77304e+02
      Equation: "PotentialEquation"	RelError: 3.59793e-14	AbsError: 9.96991e-16
    Region: "gate"	RelError: 3.68274e-16	AbsError: 7.77525e+03
      Equation: "ElectronContinuityEquation"	RelError: 7.77525e-17	AbsError: 7.77525e+03
      Equation: "HoleContinuityEquation"	RelError: 1.89159e-16	AbsError: 1.90007e-16
      Equation: "PotentialEquation"	RelError: 1.01362e-16	AbsError: 1.11100e-16
    Region: "oxide"	RelError: 1.34163e-16	AbsError: 1.37918e-16
      Equation: "PotentialEquation"	RelError: 1.34163e-16	AbsError: 1.37918e-16
Succeeded
IVPOINT	IDVD_VG1P0	5.00000000e-01	9.00000000e-01	2.98647877e-01
drain last end 9.000000e-01 2.000000e+00
number of equations 4295
Iteration: 0
  Device: "mos2d"	RelError: 3.73152e+00	AbsError: 3.04573e+16
    Region: "bulk"	RelError: 3.71981e+00	AbsError: 3.04573e+16
      Equation: "ElectronContinuityEquation"	RelError: 3.36983e-01	AbsError: 2.95406e+16
      Equation: "HoleContinuityEquation"	RelError: 9.38222e-01	AbsError: 9.16727e+14
      Equation: "PotentialEquation"	RelError: 2.44461e+00	AbsError: 2.00000e-02
    Region: "gate"	RelError: 3.84933e-04	AbsError: 1.90256e+16
      Equation: "ElectronContinuityEquation"	RelError: 1.90184e-04	AbsError: 1.90256e+16
      Equation: "HoleContinuityEquation"	RelError: 1.90257e-04	AbsError: 1.90185e-04
      Equation: "PotentialEquation"	RelError: 4.49260e-06	AbsError: 4.92427e-06
    Region: "oxide"	RelError: 1.13288e-02	AbsError: 1.42562e-02
      Equation: "PotentialEquation"	RelError: 1.13288e-02	AbsError: 1.42562e-02
Iteration: 1
  Device: "mos2d"	RelError: 2.11315e-01	AbsError: 6.01108e+14
    Region: "bulk"	RelError: 2.11302e-01	AbsError: 6.01108e+14
      Equation: "ElectronContinuityEquation"	RelError: 3.95818e-02	AbsError: 5.84988e+14
      Equation: "HoleContinuityEquation"	RelError: 1.64552e-01	AbsError: 1.61200e+13
      Equation: "PotentialEquation"	RelError: 7.16836e-03	AbsError: 4.14465e-05
    Region: "gate"	RelError: 4.48820e-07	AbsError: 2.05613e+13
      Equation: "ElectronContinuityEquation"	RelError: 2.05255e-07	AbsError: 2.05613e+13
      Equation: "HoleContinuityEquation"	RelError: 2.38327e-07	AbsError: 2.37912e-07
      Equation: "PotentialEquation"	RelError: 5.23802e-09	AbsError: 5.74149e-09
    Region: "oxide"	RelError: 1.29783e-05	AbsError: 1.62221e-05
      Equation: "PotentialEquation"	RelError: 1.29783e-05	AbsError: 1.62221e-05
Iteration: 2
  Device: "mos2d"	RelError: 1.13010e-03	AbsError: 3.77294e+10
    Region: "bulk"	RelError: 1.13010e-03	AbsError: 3.77294e+10
      Equation: "ElectronContinuityEquation"	RelError: 1.00287e-03	AbsError: 3.45315e+10
      Equation: "HoleContinuityEquation"	RelError: 1.26572e-04	AbsError: 3.19791e+09
      Equation: "PotentialEquation"	RelError: 6.61267e-07	AbsError: 4.44363e-09
    Region: "gate"	RelError: 9.03442e-12	AbsError: 4.49694e+08
      Equation: "ElectronContinuityEquation"	RelError: 4.48911e-12	AbsError: 4.49694e+08
      Equation: "HoleContinuityEquation"	RelError: 4.43991e-12	AbsError: 4.43218e-12
      Equation: "PotentialEquation"	RelError: 1.05397e-13	AbsError: 1.15527e-13
    Region: "oxide"	RelError: 3.00189e-10	AbsError: 3.77755e-10
      Equation: "PotentialEquation"	RelError: 3.00189e-10	AbsError: 3.77755e-10
Iteration: 3
  Device: "mos2d"	RelError: 5.01520e-09	AbsError: 8.08782e+03
    Region: "bulk"	RelError: 5.01520e-09	AbsError: 4.69565e+03
      Equation: "ElectronContinuityEquation"	RelError: 2.21813e-10	AbsError: 4.25430e+03
      Equation: "HoleContinuityEquation"	RelError: 4.79337e-09	AbsError: 4.41345e+02
      Equation: "PotentialEquation"	RelError: 2.11242e-14	AbsError: 6.15740e-16
    Region: "gate"	RelError: 3.90567e-16	AbsError: 8.08782e+03
      Equation: "ElectronContinuityEquation"	RelError: 8.08784e-17	AbsError: 8.08782e+03
      Equation: "HoleContinuityEquation"	RelError: 2.08397e-16	AbsError: 2.09639e-16
      Equation: "PotentialEquation"	RelError: 1.01291e-16	AbsError: 1.11022e-16
    Region: "oxide"	RelError: 1.85007e-16	AbsError: 2.05663e-16
      Equation: "PotentialEquation"	RelError: 1.85007e-16	AbsError: 2.05663e-16
Succeeded
IVPOINT	IDVD_VG1P0	5.00000000e-01	9.20000000e-01	3.04492404e-01
drain last end 9.200000e-01 2.000000e+00
number of equations 4295
Iteration: 0
  Device: "mos2d"	RelError: 2.93906e+00	AbsError: 3.07146e+16
    Region: "bulk"	RelError: 2.92750e+00	AbsError: 3.07146e+16
      Equation: "ElectronContinuityEquation"	RelError: 3.29501e-01	AbsError: 2.98092e+16
      Equation: "HoleContinuityEquation"	RelError: 9.20699e-01	AbsError: 9.05409e+14
      Equation: "PotentialEquation"	RelError: 1.67730e+00	AbsError: 2.00000e-02
    Region: "gate"	RelError: 3.84083e-04	AbsError: 1.89872e+16
      Equation: "ElectronContinuityEquation"	RelError: 1.89764e-04	AbsError: 1.89872e+16
      Equation: "HoleContinuityEquation"	RelError: 1.89836e-04	AbsError: 1.89729e-04
      Equation: "PotentialEquation"	RelError: 4.48266e-06	AbsError: 4.91340e-06
    Region: "oxide"	RelError: 1.11771e-02	AbsError: 1.42241e-02
      Equation: "PotentialEquation"	RelError: 1.11771e-02	AbsError: 1.42241e-02
Iteration: 1
  Device: "mos2d"	RelError: 2.05812e-01	AbsError: 6.01307e+14
    Region: "bulk"	RelError: 2.05799e-01	AbsError: 6.01307e+14
      Equation: "ElectronContinuityEquation"	RelError: 3.87421e-02	AbsError: 5.85870e+14
      Equation: "HoleContinuityEquation"	RelError: 1.62249e-01	AbsError: 1.54371e+13
      Equation: "PotentialEquation"	RelError: 4.80834e-03	AbsError: 4.11587e-05
    Region: "gate"	RelError: 4.26470e-07	AbsError: 1.94664e+13
      Equation: "ElectronContinuityEquation"	RelError: 1.94290e-07	AbsError: 1.94664e+13
      Equation: "HoleContinuityEquation"	RelError: 2.27203e-07	AbsError: 2.26766e-07
      Equation: "PotentialEquation"	RelError: 4.97715e-09	AbsError: 5.45558e-09
    Region: "oxide"	RelError: 1.21488e-05	AbsError: 1.53675e-05
      Equation: "PotentialEquation"	RelError: 1.21488e-05	AbsError: 1.53675e-05
Iteration: 2
  Device: "mos2d"	RelError: 8.78137e-04	AbsError: 4.01839e+10
    Region: "bulk"	RelError: 8.78136e-04	AbsError: 4.01839e+10
      Equation: "ElectronContinuityEquation"	RelError: 7.63738e-04	AbsError: 3.72114e+10
      Equation: "HoleContinuityEquation"	RelError: 1.13946e-04	AbsError: 2.97258e+09
      Equation: "PotentialEquation"	RelError: 4.52425e-07	AbsError: 4.67655e-09
    Region: "gate"	RelError: 1.04983e-11	AbsError: 5.22008e+08
      Equation: "ElectronContinuityEquation"	RelError: 5.21005e-12	AbsError: 5.22008e+08
      Equation: "HoleContinuityEquation"	RelError: 5.16574e-12	AbsError: 5.15581e-12
      Equation: "PotentialEquation"	RelError: 1.22557e-13	AbsError: 1.34338e-13
    Region: "oxide"	RelError: 3.40128e-10	AbsError: 4.32847e-10
      Equation: "PotentialEquation"	RelError: 3.40128e-10	AbsError: 4.32847e-10
Iteration: 3
  Device: "mos2d"	RelError: 2.20530e-09	AbsError: 8.13418e+03
    Region: "bulk"	RelError: 2.20530e-09	AbsError: 4.98299e+03
      Equation: "ElectronContinuityEquation"	RelError: 2.13156e-10	AbsError: 4.43980e+03
      Equation: "HoleContinuityEquation"	RelError: 1.99213e-09	AbsError: 5.43194e+02
      Equation: "PotentialEquation"	RelError: 1.59243e-14	AbsError: 7.21284e-16
    Region: "gate"	RelError: 3.79284e-16	AbsError: 8.13418e+03
      Equation: "ElectronContinuityEquation"	RelError: 8.13418e-17	AbsError: 8.13418e+03
      Equation: "HoleContinuityEquation"	RelError: 1.96652e-16	AbsError: 1.97503e-16
      Equation: "PotentialEquation"	RelError: 1.01291e-16	AbsError: 1.11022e-16
    Region: "oxide"	RelError: 1.29695e-16	AbsError: 1.47490e-16
      Equation: "PotentialEquation"	RelError: 1.29695e-16	AbsError: 1.47490e-16
Succeeded
IVPOINT	IDVD_VG1P0	5.00000000e-01	9.40000000e-01	3.10376865e-01
drain last end 9.400000e-01 2.000000e+00
number of equations 4295
Iteration: 0
  Device: "mos2d"	RelError: 3.10855e+00	AbsError: 3.09597e+16
    Region: "bulk"	RelError: 3.09714e+00	AbsError: 3.09597e+16
      Equation: "ElectronContinuityEquation"	RelError: 3.20167e-01	AbsError: 3.00675e+16
      Equation: "HoleContinuityEquation"	RelError: 8.90916e-01	AbsError: 8.92253e+14
      Equation: "PotentialEquation"	RelError: 1.88606e+00	AbsError: 2.00000e-02
    Region: "gate"	RelError: 3.83276e-04	AbsError: 1.89508e+16
      Equation: "ElectronContinuityEquation"	RelError: 1.89365e-04	AbsError: 1.89508e+16
      Equation: "HoleContinuityEquation"	RelError: 1.89437e-04	AbsError: 1.89294e-04
      Equation: "PotentialEquation"	RelError: 4.47322e-06	AbsError: 4.90307e-06
    Region: "oxide"	RelError: 1.10302e-02	AbsError: 1.41936e-02
      Equation: "PotentialEquation"	RelError: 1.10302e-02	AbsError: 1.41936e-02
Iteration: 1
  Device: "mos2d"	RelError: 2.01154e-01	AbsError: 5.99207e+14
    Region: "bulk"	RelError: 2.01142e-01	AbsError: 5.99207e+14
      Equation: "ElectronContinuityEquation"	RelError: 3.77431e-02	AbsError: 5.83164e+14
      Equation: "HoleContinuityEquation"	RelError: 1.58085e-01	AbsError: 1.60434e+13
      Equation: "PotentialEquation"	RelError: 5.31448e-03	AbsError: 4.08952e-05
    Region: "gate"	RelError: 4.06031e-07	AbsError: 1.84654e+13
      Equation: "ElectronContinuityEquation"	RelError: 1.84266e-07	AbsError: 1.84654e+13
      Equation: "HoleContinuityEquation"	RelError: 2.17027e-07	AbsError: 2.16571e-07
      Equation: "PotentialEquation"	RelError: 4.73860e-09	AbsError: 5.19412e-09
    Region: "oxide"	RelError: 1.13964e-05	AbsError: 1.45862e-05
      Equation: "PotentialEquation"	RelError: 1.13964e-05	AbsError: 1.45862e-05
Iteration: 2
  Device: "mos2d"	RelError: 6.43026e-04	AbsError: 4.24816e+10
    Region: "bulk"	RelError: 6.43025e-04	AbsError: 4.24816e+10
      Equation: "ElectronContinuityEquation"	RelError: 5.42337e-04	AbsError: 3.91894e+10
      Equation: "HoleContinuityEquation"	RelError: 1.00274e-04	AbsError: 3.29217e+09
      Equation: "PotentialEquation"	RelError: 4.14578e-07	AbsError: 4.97196e-09
    Region: "gate"	RelError: 1.17967e-11	AbsError: 5.86193e+08
      Equation: "ElectronContinuityEquation"	RelError: 5.84961e-12	AbsError: 5.86193e+08
      Equation: "HoleContinuityEquation"	RelError: 5.80932e-12	AbsError: 5.79711e-12
      Equation: "PotentialEquation"	RelError: 1.37805e-13	AbsError: 1.51052e-13
    Region: "oxide"	RelError: 3.74501e-10	AbsError: 4.81901e-10
      Equation: "PotentialEquation"	RelError: 3.74501e-10	AbsError: 4.81901e-10
Iteration: 3
  Device: "mos2d"	RelError: 1.01960e-09	AbsError: 8.07040e+03
    Region: "bulk"	RelError: 1.01960e-09	AbsError: 4.91773e+03
      Equation: "ElectronContinuityEquation"	RelError: 4.01647e-10	AbsError: 4.38016e+03
      Equation: "HoleContinuityEquation"	RelError: 6.17910e-10	AbsError: 5.37562e+02
      Equation: "PotentialEquation"	RelError: 4.10143e-14	AbsError: 8.92432e-16
    Region: "gate"	RelError: 3.59702e-16	AbsError: 8.07040e+03
      Equation: "ElectronContinuityEquation"	RelError: 8.07040e-17	AbsError: 8.07040e+03
      Equation: "HoleContinuityEquation"	RelError: 1.77707e-16	AbsError: 1.79697e-16
      Equation: "PotentialEquation"	RelError: 1.01291e-16	AbsError: 1.11022e-16
    Region: "oxide"	RelError: 1.57944e-16	AbsError: 1.02367e-16
      Equation: "PotentialEquation"	RelError: 1.57944e-16	AbsError: 1.02367e-16
Succeeded
IVPOINT	IDVD_VG1P0	5.00000000e-01	9.60000000e-01	3.16301771e-01
drain last end 9.600000e-01 2.000000e+00
number of equations 4295
Iteration: 0
  Device: "mos2d"	RelError: 3.45898e+00	AbsError: 3.11929e+16
    Region: "bulk"	RelError: 3.44771e+00	AbsError: 3.11929e+16
      Equation: "ElectronContinuityEquation"	RelError: 3.08495e-01	AbsError: 3.03157e+16
      Equation: "HoleContinuityEquation"	RelError: 8.50312e-01	AbsError: 8.77242e+14
      Equation: "PotentialEquation"	RelError: 2.28890e+00	AbsError: 2.00000e-02
    Region: "gate"	RelError: 3.82508e-04	AbsError: 1.89165e+16
      Equation: "ElectronContinuityEquation"	RelError: 1.88986e-04	AbsError: 1.89165e+16
      Equation: "HoleContinuityEquation"	RelError: 1.89058e-04	AbsError: 1.88879e-04
      Equation: "PotentialEquation"	RelError: 4.46424e-06	AbsError: 4.89325e-06
    Region: "oxide"	RelError: 1.08880e-02	AbsError: 1.41647e-02
      Equation: "PotentialEquation"	RelError: 1.08880e-02	AbsError: 1.41647e-02
Iteration: 1
  Device: "mos2d"	RelError: 1.93935e-01	AbsError: 5.93650e+14
    Region: "bulk"	RelError: 1.93924e-01	AbsError: 5.93650e+14
      Equation: "ElectronContinuityEquation"	RelError: 3.65434e-02	AbsError: 5.77112e+14
      Equation: "HoleContinuityEquation"	RelError: 1.51236e-01	AbsError: 1.65372e+13
      Equation: "PotentialEquation"	RelError: 6.14416e-03	AbsError: 4.19845e-05
    Region: "gate"	RelError: 3.87067e-07	AbsError: 1.75366e+13
      Equation: "ElectronContinuityEquation"	RelError: 1.74966e-07	AbsError: 1.75366e+13
      Equation: "HoleContinuityEquation"	RelError: 2.07583e-07	AbsError: 2.07109e-07
      Equation: "PotentialEquation"	RelError: 4.51725e-09	AbsError: 4.95151e-09
    Region: "oxide"	RelError: 1.07050e-05	AbsError: 1.38611e-05
      Equation: "PotentialEquation"	RelError: 1.07050e-05	AbsError: 1.38611e-05
Iteration: 2
  Device: "mos2d"	RelError: 7.32193e-04	AbsError: 4.40408e+10
    Region: "bulk"	RelError: 7.32193e-04	AbsError: 4.40408e+10
      Equation: "ElectronContinuityEquation"	RelError: 6.45400e-04	AbsError: 4.04785e+10
      Equation: "HoleContinuityEquation"	RelError: 8.62795e-05	AbsError: 3.56229e+09
      Equation: "PotentialEquation"	RelError: 5.13150e-07	AbsError: 5.23583e-09
    Region: "gate"	RelError: 1.28653e-11	AbsError: 6.39038e+08
      Equation: "ElectronContinuityEquation"	RelError: 6.37580e-12	AbsError: 6.39038e+08
      Equation: "HoleContinuityEquation"	RelError: 6.33921e-12	AbsError: 6.32475e-12
      Equation: "PotentialEquation"	RelError: 1.50249e-13	AbsError: 1.64693e-13
    Region: "oxide"	RelError: 4.01430e-10	AbsError: 5.22232e-10
      Equation: "PotentialEquation"	RelError: 4.01430e-10	AbsError: 5.22232e-10
Iteration: 3
  Device: "mos2d"	RelError: 7.87788e-10	AbsError: 7.89101e+03
    Region: "bulk"	RelError: 7.87787e-10	AbsError: 5.16670e+03
      Equation: "ElectronContinuityEquation"	RelError: 1.83205e-10	AbsError: 4.72210e+03
      Equation: "HoleContinuityEquation"	RelError: 6.04566e-10	AbsError: 4.44604e+02
      Equation: "PotentialEquation"	RelError: 1.61627e-14	AbsError: 9.82154e-16
    Region: "gate"	RelError: 3.41917e-16	AbsError: 7.89101e+03
      Equation: "ElectronContinuityEquation"	RelError: 7.89101e-17	AbsError: 7.89101e+03
      Equation: "HoleContinuityEquation"	RelError: 1.61690e-16	AbsError: 1.63030e-16
      Equation: "PotentialEquation"	RelError: 1.01316e-16	AbsError: 1.11050e-16
    Region: "oxide"	RelError: 1.47521e-16	AbsError: 1.63789e-16
      Equation: "PotentialEquation"	RelError: 1.47521e-16	AbsError: 1.63789e-16
Succeeded
IVPOINT	IDVD_VG1P0	5.00000000e-01	9.80000000e-01	3.22267614e-01
drain last end 9.800000e-01 2.000000e+00
number of equations 4295
Iteration: 0
  Device: "mos2d"	RelError: 2.38415e+00	AbsError: 3.14143e+16
    Region: "bulk"	RelError: 2.37301e+00	AbsError: 3.14143e+16
      Equation: "ElectronContinuityEquation"	RelError: 3.03053e-01	AbsError: 3.05539e+16
      Equation: "HoleContinuityEquation"	RelError: 8.52786e-01	AbsError: 8.60360e+14
      Equation: "PotentialEquation"	RelError: 1.21718e+00	AbsError: 2.00000e-02
    Region: "gate"	RelError: 3.81777e-04	AbsError: 1.88839e+16
      Equation: "ElectronContinuityEquation"	RelError: 1.88625e-04	AbsError: 1.88839e+16
      Equation: "HoleContinuityEquation"	RelError: 1.88696e-04	AbsError: 1.88483e-04
      Equation: "PotentialEquation"	RelError: 4.45569e-06	AbsError: 4.88390e-06
    Region: "oxide"	RelError: 1.07502e-02	AbsError: 1.41372e-02
      Equation: "PotentialEquation"	RelError: 1.07502e-02	AbsError: 1.41372e-02
Iteration: 1
  Device: "mos2d"	RelError: 1.81656e-01	AbsError: 5.84885e+14
    Region: "bulk"	RelError: 1.81646e-01	AbsError: 5.84885e+14
      Equation: "ElectronContinuityEquation"	RelError: 3.51004e-02	AbsError: 5.67974e+14
      Equation: "HoleContinuityEquation"	RelError: 1.44587e-01	AbsError: 1.69111e+13
      Equation: "PotentialEquation"	RelError: 1.95875e-03	AbsError: 4.34518e-05
    Region: "gate"	RelError: 3.69224e-07	AbsError: 1.66628e+13
      Equation: "ElectronContinuityEquation"	RelError: 1.66218e-07	AbsError: 1.66628e+13
      Equation: "HoleContinuityEquation"	RelError: 1.98698e-07	AbsError: 1.98209e-07
      Equation: "PotentialEquation"	RelError: 4.30901e-09	AbsError: 4.72327e-09
    Region: "oxide"	RelError: 1.00623e-05	AbsError: 1.31786e-05
      Equation: "PotentialEquation"	RelError: 1.00623e-05	AbsError: 1.31786e-05
Iteration: 2
  Device: "mos2d"	RelError: 8.32590e-04	AbsError: 4.48747e+10
    Region: "bulk"	RelError: 8.32589e-04	AbsError: 4.48747e+10
      Equation: "ElectronContinuityEquation"	RelError: 7.59025e-04	AbsError: 4.10991e+10
      Equation: "HoleContinuityEquation"	RelError: 7.33879e-05	AbsError: 3.77563e+09
      Equation: "PotentialEquation"	RelError: 1.76309e-07	AbsError: 5.64756e-09
    Region: "gate"	RelError: 1.36656e-11	AbsError: 6.78638e+08
      Equation: "ElectronContinuityEquation"	RelError: 6.76968e-12	AbsError: 6.78638e+08
      Equation: "HoleContinuityEquation"	RelError: 6.73637e-12	AbsError: 6.71979e-12
      Equation: "PotentialEquation"	RelError: 1.59527e-13	AbsError: 1.74864e-13
    Region: "oxide"	RelError: 4.19961e-10	AbsError: 5.52271e-10
      Equation: "PotentialEquation"	RelError: 4.19961e-10	AbsError: 5.52271e-10
Iteration: 3
  Device: "mos2d"	RelError: 6.83516e-10	AbsError: 8.18426e+03
    Region: "bulk"	RelError: 6.83515e-10	AbsError: 6.64590e+03
      Equation: "ElectronContinuityEquation"	RelError: 5.20761e-10	AbsError: 6.23656e+03
      Equation: "HoleContinuityEquation"	RelError: 1.62707e-10	AbsError: 4.09335e+02
      Equation: "PotentialEquation"	RelError: 4.76667e-14	AbsError: 1.44207e-15
    Region: "gate"	RelError: 3.41929e-16	AbsError: 8.18426e+03
      Equation: "ElectronContinuityEquation"	RelError: 8.18426e-17	AbsError: 8.18426e+03
      Equation: "HoleContinuityEquation"	RelError: 1.58788e-16	AbsError: 1.58397e-16
      Equation: "PotentialEquation"	RelError: 1.01298e-16	AbsError: 1.11030e-16
    Region: "oxide"	RelError: 1.96728e-16	AbsError: 1.08167e-16
      Equation: "PotentialEquation"	RelError: 1.96728e-16	AbsError: 1.08167e-16
Succeeded
IVPOINT	IDVD_VG1P0	5.00000000e-01	1.00000000e+00	3.28274869e-01
drain last end 1.000000e+00 2.000000e+00
number of equations 4295
Iteration: 0
  Device: "mos2d"	RelError: 6.64801e+00	AbsError: 3.16237e+16
    Region: "bulk"	RelError: 6.63702e+00	AbsError: 3.16237e+16
      Equation: "ElectronContinuityEquation"	RelError: 3.00176e-01	AbsError: 3.07821e+16
      Equation: "HoleContinuityEquation"	RelError: 8.53988e-01	AbsError: 8.41595e+14
      Equation: "PotentialEquation"	RelError: 5.48285e+00	AbsError: 2.00000e-02
    Region: "gate"	RelError: 3.81081e-04	AbsError: 1.88530e+16
      Equation: "ElectronContinuityEquation"	RelError: 1.88281e-04	AbsError: 1.88530e+16
      Equation: "HoleContinuityEquation"	RelError: 1.88352e-04	AbsError: 1.88104e-04
      Equation: "PotentialEquation"	RelError: 4.44754e-06	AbsError: 4.87499e-06
    Region: "oxide"	RelError: 1.06165e-02	AbsError: 1.41111e-02
      Equation: "PotentialEquation"	RelError: 1.06165e-02	AbsError: 1.41111e-02
Iteration: 1
  Device: "mos2d"	RelError: 1.86590e-01	AbsError: 5.73182e+14
    Region: "bulk"	RelError: 1.86581e-01	AbsError: 5.73182e+14
      Equation: "ElectronContinuityEquation"	RelError: 3.33768e-02	AbsError: 5.56022e+14
      Equation: "HoleContinuityEquation"	RelError: 1.45074e-01	AbsError: 1.71597e+13
      Equation: "PotentialEquation"	RelError: 8.12938e-03	AbsError: 4.48744e-05
    Region: "gate"	RelError: 3.52229e-07	AbsError: 1.58303e+13
      Equation: "ElectronContinuityEquation"	RelError: 1.57885e-07	AbsError: 1.58303e+13
      Equation: "HoleContinuityEquation"	RelError: 1.90234e-07	AbsError: 1.89732e-07
      Equation: "PotentialEquation"	RelError: 4.11065e-09	AbsError: 4.50586e-09
    Region: "oxide"	RelError: 9.45834e-06	AbsError: 1.25280e-05
      Equation: "PotentialEquation"	RelError: 9.45834e-06	AbsError: 1.25280e-05
Iteration: 2
  Device: "mos2d"	RelError: 9.31142e-04	AbsError: 4.50105e+10
    Region: "bulk"	RelError: 9.31141e-04	AbsError: 4.50105e+10
      Equation: "ElectronContinuityEquation"	RelError: 8.59912e-04	AbsError: 4.10838e+10
      Equation: "HoleContinuityEquation"	RelError: 7.10759e-05	AbsError: 3.92672e+09
      Equation: "PotentialEquation"	RelError: 1.53133e-07	AbsError: 6.33667e-09
    Region: "gate"	RelError: 1.41828e-11	AbsError: 7.04223e+08
      Equation: "ElectronContinuityEquation"	RelError: 7.02363e-12	AbsError: 7.04223e+08
      Equation: "HoleContinuityEquation"	RelError: 6.99354e-12	AbsError: 6.97507e-12
      Equation: "PotentialEquation"	RelError: 1.65639e-13	AbsError: 1.81564e-13
    Region: "oxide"	RelError: 4.29845e-10	AbsError: 5.71330e-10
      Equation: "PotentialEquation"	RelError: 4.29845e-10	AbsError: 5.71330e-10
Iteration: 3
  Device: "mos2d"	RelError: 1.36563e-09	AbsError: 8.17167e+03
    Region: "bulk"	RelError: 1.36563e-09	AbsError: 7.70002e+03
      Equation: "ElectronContinuityEquation"	RelError: 3.07989e-10	AbsError: 7.36367e+03
      Equation: "HoleContinuityEquation"	RelError: 1.05754e-09	AbsError: 3.36344e+02
      Equation: "PotentialEquation"	RelError: 1.05190e-13	AbsError: 9.41910e-16
    Region: "gate"	RelError: 3.89855e-16	AbsError: 8.17167e+03
      Equation: "ElectronContinuityEquation"	RelError: 8.23630e-17	AbsError: 8.17167e+03
      Equation: "HoleContinuityEquation"	RelError: 2.06202e-16	AbsError: 2.05657e-16
      Equation: "PotentialEquation"	RelError: 1.01291e-16	AbsError: 1.11022e-16
    Region: "oxide"	RelError: 2.20052e-16	AbsError: 2.27472e-16
      Equation: "PotentialEquation"	RelError: 2.20052e-16	AbsError: 2.27472e-16
Succeeded
IVPOINT	IDVD_VG1P0	5.00000000e-01	1.02000000e+00	3.34324002e-01
drain last end 1.020000e+00 2.000000e+00
number of equations 4295
Iteration: 0
  Device: "mos2d"	RelError: 1.93546e+01	AbsError: 3.18213e+16
    Region: "bulk"	RelError: 1.93437e+01	AbsError: 3.18213e+16
      Equation: "ElectronContinuityEquation"	RelError: 2.96960e-01	AbsError: 3.10003e+16
      Equation: "HoleContinuityEquation"	RelError: 8.53161e-01	AbsError: 8.20941e+14
      Equation: "PotentialEquation"	RelError: 1.81936e+01	AbsError: 2.00000e-02
    Region: "gate"	RelError: 3.80418e-04	AbsError: 1.88237e+16
      Equation: "ElectronContinuityEquation"	RelError: 1.87954e-04	AbsError: 1.88237e+16
      Equation: "HoleContinuityEquation"	RelError: 1.88024e-04	AbsError: 1.87741e-04
      Equation: "PotentialEquation"	RelError: 4.43978e-06	AbsError: 4.86651e-06
    Region: "oxide"	RelError: 1.04868e-02	AbsError: 1.40862e-02
      Equation: "PotentialEquation"	RelError: 1.04868e-02	AbsError: 1.40862e-02
Iteration: 1
  Device: "mos2d"	RelError: 2.23906e-01	AbsError: 5.58828e+14
    Region: "bulk"	RelError: 2.23897e-01	AbsError: 5.58828e+14
      Equation: "ElectronContinuityEquation"	RelError: 3.16044e-02	AbsError: 5.41548e+14
      Equation: "HoleContinuityEquation"	RelError: 1.45267e-01	AbsError: 1.72800e+13
      Equation: "PotentialEquation"	RelError: 4.70250e-02	AbsError: 4.62290e-05
    Region: "gate"	RelError: 3.35874e-07	AbsError: 1.50288e+13
      Equation: "ElectronContinuityEquation"	RelError: 1.49865e-07	AbsError: 1.50288e+13
      Equation: "HoleContinuityEquation"	RelError: 1.82090e-07	AbsError: 1.81577e-07
      Equation: "PotentialEquation"	RelError: 3.91976e-09	AbsError: 4.29664e-09
    Region: "oxide"	RelError: 8.88588e-06	AbsError: 1.19012e-05
      Equation: "PotentialEquation"	RelError: 8.88588e-06	AbsError: 1.19012e-05
Iteration: 2
  Device: "mos2d"	RelError: 1.00424e-03	AbsError: 4.44910e+10
    Region: "bulk"	RelError: 1.00424e-03	AbsError: 4.44910e+10
      Equation: "ElectronContinuityEquation"	RelError: 9.32567e-04	AbsError: 4.04788e+10
      Equation: "HoleContinuityEquation"	RelError: 6.86176e-05	AbsError: 4.01222e+09
      Equation: "PotentialEquation"	RelError: 3.05221e-06	AbsError: 7.03829e-09
    Region: "gate"	RelError: 1.44172e-11	AbsError: 7.15846e+08
      Equation: "ElectronContinuityEquation"	RelError: 7.13827e-12	AbsError: 7.15846e+08
      Equation: "HoleContinuityEquation"	RelError: 7.11062e-12	AbsError: 7.09057e-12
      Equation: "PotentialEquation"	RelError: 1.68273e-13	AbsError: 1.84453e-13
    Region: "oxide"	RelError: 4.31364e-10	AbsError: 5.79420e-10
      Equation: "PotentialEquation"	RelError: 4.31364e-10	AbsError: 5.79420e-10
Iteration: 3
  Device: "mos2d"	RelError: 1.05449e-09	AbsError: 8.02233e+03
    Region: "bulk"	RelError: 1.05449e-09	AbsError: 7.20138e+03
      Equation: "ElectronContinuityEquation"	RelError: 5.35435e-10	AbsError: 6.78802e+03
      Equation: "HoleContinuityEquation"	RelError: 5.18921e-10	AbsError: 4.13361e+02
      Equation: "PotentialEquation"	RelError: 1.38578e-13	AbsError: 9.11433e-16
    Region: "gate"	RelError: 3.09175e-16	AbsError: 8.02233e+03
      Equation: "ElectronContinuityEquation"	RelError: 8.02233e-17	AbsError: 8.02233e+03
      Equation: "HoleContinuityEquation"	RelError: 1.27661e-16	AbsError: 1.27883e-16
      Equation: "PotentialEquation"	RelError: 1.01291e-16	AbsError: 1.11022e-16
    Region: "oxide"	RelError: 2.38548e-16	AbsError: 2.21830e-16
      Equation: "PotentialEquation"	RelError: 2.38548e-16	AbsError: 2.21830e-16
Succeeded
IVPOINT	IDVD_VG1P0	5.00000000e-01	1.04000000e+00	3.40415469e-01
drain last end 1.040000e+00 2.000000e+00
number of equations 4295
Iteration: 0
  Device: "mos2d"	RelError: 2.20831e+00	AbsError: 3.20307e+16
    Region: "bulk"	RelError: 2.19757e+00	AbsError: 3.20307e+16
      Equation: "ElectronContinuityEquation"	RelError: 2.93315e-01	AbsError: 3.12085e+16
      Equation: "HoleContinuityEquation"	RelError: 8.49134e-01	AbsError: 8.22188e+14
      Equation: "PotentialEquation"	RelError: 1.05512e+00	AbsError: 2.00000e-02
    Region: "gate"	RelError: 3.79786e-04	AbsError: 1.87960e+16
      Equation: "ElectronContinuityEquation"	RelError: 1.87642e-04	AbsError: 1.87960e+16
      Equation: "HoleContinuityEquation"	RelError: 1.87712e-04	AbsError: 1.87394e-04
      Equation: "PotentialEquation"	RelError: 4.43240e-06	AbsError: 4.85843e-06
    Region: "oxide"	RelError: 1.03608e-02	AbsError: 1.40626e-02
      Equation: "PotentialEquation"	RelError: 1.03608e-02	AbsError: 1.40626e-02
Iteration: 1
  Device: "mos2d"	RelError: 1.78695e-01	AbsError: 5.42128e+14
    Region: "bulk"	RelError: 1.78686e-01	AbsError: 5.42128e+14
      Equation: "ElectronContinuityEquation"	RelError: 3.11392e-02	AbsError: 5.24856e+14
      Equation: "HoleContinuityEquation"	RelError: 1.44992e-01	AbsError: 1.72715e+13
      Equation: "PotentialEquation"	RelError: 2.55539e-03	AbsError: 4.74900e-05
    Region: "gate"	RelError: 3.20011e-07	AbsError: 1.42512e+13
      Equation: "ElectronContinuityEquation"	RelError: 1.42084e-07	AbsError: 1.42512e+13
      Equation: "HoleContinuityEquation"	RelError: 1.74192e-07	AbsError: 1.73669e-07
      Equation: "PotentialEquation"	RelError: 3.73461e-09	AbsError: 4.09370e-09
    Region: "oxide"	RelError: 8.33954e-06	AbsError: 1.12925e-05
      Equation: "PotentialEquation"	RelError: 8.33954e-06	AbsError: 1.12925e-05
Iteration: 2
  Device: "mos2d"	RelError: 1.02860e-03	AbsError: 4.33752e+10
    Region: "bulk"	RelError: 1.02860e-03	AbsError: 4.33752e+10
      Equation: "ElectronContinuityEquation"	RelError: 9.62419e-04	AbsError: 3.93439e+10
      Equation: "HoleContinuityEquation"	RelError: 6.60177e-05	AbsError: 4.03123e+09
      Equation: "PotentialEquation"	RelError: 1.66937e-07	AbsError: 7.73542e-09
    Region: "gate"	RelError: 1.43849e-11	AbsError: 7.14231e+08
      Equation: "ElectronContinuityEquation"	RelError: 7.12089e-12	AbsError: 7.14231e+08
      Equation: "HoleContinuityEquation"	RelError: 7.09616e-12	AbsError: 7.07489e-12
      Equation: "PotentialEquation"	RelError: 1.67873e-13	AbsError: 1.84015e-13
    Region: "oxide"	RelError: 4.25191e-10	AbsError: 5.77103e-10
      Equation: "PotentialEquation"	RelError: 4.25191e-10	AbsError: 5.77103e-10
Iteration: 3
  Device: "mos2d"	RelError: 1.91537e-09	AbsError: 8.12921e+03
    Region: "bulk"	RelError: 1.91537e-09	AbsError: 4.86603e+03
      Equation: "ElectronContinuityEquation"	RelError: 1.02820e-09	AbsError: 4.39748e+03
      Equation: "HoleContinuityEquation"	RelError: 8.87143e-10	AbsError: 4.68543e+02
      Equation: "PotentialEquation"	RelError: 3.16075e-14	AbsError: 7.93410e-16
    Region: "gate"	RelError: 4.36259e-16	AbsError: 8.12921e+03
      Equation: "ElectronContinuityEquation"	RelError: 8.12921e-17	AbsError: 8.12921e+03
      Equation: "HoleContinuityEquation"	RelError: 2.53676e-16	AbsError: 2.55547e-16
      Equation: "PotentialEquation"	RelError: 1.01291e-16	AbsError: 1.11022e-16
    Region: "oxide"	RelError: 1.18351e-16	AbsError: 1.21802e-16
      Equation: "PotentialEquation"	RelError: 1.18351e-16	AbsError: 1.21802e-16
Succeeded
IVPOINT	IDVD_VG1P0	5.00000000e-01	1.06000000e+00	3.46549718e-01
drain last end 1.060000e+00 2.000000e+00
number of equations 4295
Iteration: 0
  Device: "mos2d"	RelError: 1.65387e+00	AbsError: 3.22422e+16
    Region: "bulk"	RelError: 1.64326e+00	AbsError: 3.22422e+16
      Equation: "ElectronContinuityEquation"	RelError: 2.89133e-01	AbsError: 3.14066e+16
      Equation: "HoleContinuityEquation"	RelError: 8.40144e-01	AbsError: 8.35574e+14
      Equation: "PotentialEquation"	RelError: 5.13979e-01	AbsError: 2.00000e-02
    Region: "gate"	RelError: 3.79186e-04	AbsError: 1.87698e+16
      Equation: "ElectronContinuityEquation"	RelError: 1.87345e-04	AbsError: 1.87698e+16
      Equation: "HoleContinuityEquation"	RelError: 1.87415e-04	AbsError: 1.87063e-04
      Equation: "PotentialEquation"	RelError: 4.42537e-06	AbsError: 4.85075e-06
    Region: "oxide"	RelError: 1.02385e-02	AbsError: 1.40403e-02
      Equation: "PotentialEquation"	RelError: 1.02385e-02	AbsError: 1.40403e-02
Iteration: 1
  Device: "mos2d"	RelError: 1.75847e-01	AbsError: 5.23757e+14
    Region: "bulk"	RelError: 1.75838e-01	AbsError: 5.23757e+14
      Equation: "ElectronContinuityEquation"	RelError: 3.06276e-02	AbsError: 5.06262e+14
      Equation: "HoleContinuityEquation"	RelError: 1.43984e-01	AbsError: 1.74951e+13
      Equation: "PotentialEquation"	RelError: 1.22672e-03	AbsError: 4.86306e-05
    Region: "gate"	RelError: 3.04538e-07	AbsError: 1.34923e+13
      Equation: "ElectronContinuityEquation"	RelError: 1.34495e-07	AbsError: 1.34923e+13
      Equation: "HoleContinuityEquation"	RelError: 1.66490e-07	AbsError: 1.65961e-07
      Equation: "PotentialEquation"	RelError: 3.55403e-09	AbsError: 3.89577e-09
    Region: "oxide"	RelError: 7.81558e-06	AbsError: 1.06980e-05
      Equation: "PotentialEquation"	RelError: 7.81558e-06	AbsError: 1.06980e-05
Iteration: 2
  Device: "mos2d"	RelError: 1.00360e-03	AbsError: 4.20434e+10
    Region: "bulk"	RelError: 1.00360e-03	AbsError: 4.20434e+10
      Equation: "ElectronContinuityEquation"	RelError: 9.40226e-04	AbsError: 3.77509e+10
      Equation: "HoleContinuityEquation"	RelError: 6.32823e-05	AbsError: 4.29256e+09
      Equation: "PotentialEquation"	RelError: 8.80386e-08	AbsError: 8.40814e-09
    Region: "gate"	RelError: 1.41106e-11	AbsError: 7.00649e+08
      Equation: "ElectronContinuityEquation"	RelError: 6.98423e-12	AbsError: 7.00649e+08
      Equation: "HoleContinuityEquation"	RelError: 6.96160e-12	AbsError: 6.93948e-12
      Equation: "PotentialEquation"	RelError: 1.64777e-13	AbsError: 1.80622e-13
    Region: "oxide"	RelError: 4.12274e-10	AbsError: 5.65354e-10
      Equation: "PotentialEquation"	RelError: 4.12274e-10	AbsError: 5.65354e-10
Iteration: 3
  Device: "mos2d"	RelError: 8.48805e-10	AbsError: 8.17622e+03
    Region: "bulk"	RelError: 8.48805e-10	AbsError: 6.40910e+03
      Equation: "ElectronContinuityEquation"	RelError: 4.36979e-10	AbsError: 5.95015e+03
      Equation: "HoleContinuityEquation"	RelError: 4.11793e-10	AbsError: 4.58959e+02
      Equation: "PotentialEquation"	RelError: 3.27940e-14	AbsError: 1.38294e-15
    Region: "gate"	RelError: 3.58994e-16	AbsError: 8.17622e+03
      Equation: "ElectronContinuityEquation"	RelError: 8.17622e-17	AbsError: 8.17622e+03
      Equation: "HoleContinuityEquation"	RelError: 1.75927e-16	AbsError: 1.77223e-16
      Equation: "PotentialEquation"	RelError: 1.01305e-16	AbsError: 1.11038e-16
    Region: "oxide"	RelError: 1.50694e-16	AbsError: 1.77877e-16
      Equation: "PotentialEquation"	RelError: 1.50694e-16	AbsError: 1.77877e-16
Succeeded
IVPOINT	IDVD_VG1P0	5.00000000e-01	1.08000000e+00	3.52727192e-01
drain last end 1.080000e+00 2.000000e+00
number of equations 4295
Iteration: 0
  Device: "mos2d"	RelError: 1.51107e+00	AbsError: 3.24426e+16
    Region: "bulk"	RelError: 1.50057e+00	AbsError: 3.24426e+16
      Equation: "ElectronContinuityEquation"	RelError: 2.84281e-01	AbsError: 3.15947e+16
      Equation: "HoleContinuityEquation"	RelError: 8.23660e-01	AbsError: 8.47929e+14
      Equation: "PotentialEquation"	RelError: 3.92634e-01	AbsError: 2.00000e-02
    Region: "gate"	RelError: 3.78616e-04	AbsError: 1.87451e+16
      Equation: "ElectronContinuityEquation"	RelError: 1.87063e-04	AbsError: 1.87451e+16
      Equation: "HoleContinuityEquation"	RelError: 1.87133e-04	AbsError: 1.86747e-04
      Equation: "PotentialEquation"	RelError: 4.41869e-06	AbsError: 4.84345e-06
    Region: "oxide"	RelError: 1.01197e-02	AbsError: 1.40191e-02
      Equation: "PotentialEquation"	RelError: 1.01197e-02	AbsError: 1.40191e-02
Iteration: 1
  Device: "mos2d"	RelError: 1.72787e-01	AbsError: 5.03924e+14
    Region: "bulk"	RelError: 1.72779e-01	AbsError: 5.03924e+14
      Equation: "ElectronContinuityEquation"	RelError: 3.00588e-02	AbsError: 4.86088e+14
      Equation: "HoleContinuityEquation"	RelError: 1.41857e-01	AbsError: 1.78357e+13
      Equation: "PotentialEquation"	RelError: 8.63463e-04	AbsError: 4.96237e-05
    Region: "gate"	RelError: 2.89400e-07	AbsError: 1.27495e+13
      Equation: "ElectronContinuityEquation"	RelError: 1.27067e-07	AbsError: 1.27495e+13
      Equation: "HoleContinuityEquation"	RelError: 1.58955e-07	AbsError: 1.58422e-07
      Equation: "PotentialEquation"	RelError: 3.37734e-09	AbsError: 3.70211e-09
    Region: "oxide"	RelError: 7.31162e-06	AbsError: 1.01155e-05
      Equation: "PotentialEquation"	RelError: 7.31162e-06	AbsError: 1.01155e-05
Iteration: 2
  Device: "mos2d"	RelError: 9.64983e-04	AbsError: 4.03288e+10
    Region: "bulk"	RelError: 9.64983e-04	AbsError: 4.03288e+10
      Equation: "ElectronContinuityEquation"	RelError: 9.04450e-04	AbsError: 3.57800e+10
      Equation: "HoleContinuityEquation"	RelError: 6.04193e-05	AbsError: 4.54880e+09
      Equation: "PotentialEquation"	RelError: 1.13700e-07	AbsError: 9.03433e-09
    Region: "gate"	RelError: 1.36268e-11	AbsError: 6.76678e+08
      Equation: "ElectronContinuityEquation"	RelError: 6.74409e-12	AbsError: 6.76678e+08
      Equation: "HoleContinuityEquation"	RelError: 6.72360e-12	AbsError: 6.70105e-12
      Equation: "PotentialEquation"	RelError: 1.59139e-13	AbsError: 1.74442e-13
    Region: "oxide"	RelError: 3.93731e-10	AbsError: 5.45442e-10
      Equation: "PotentialEquation"	RelError: 3.93731e-10	AbsError: 5.45442e-10
Iteration: 3
  Device: "mos2d"	RelError: 1.14865e-09	AbsError: 8.07572e+03
    Region: "bulk"	RelError: 1.14865e-09	AbsError: 6.72780e+03
      Equation: "ElectronContinuityEquation"	RelError: 6.16278e-10	AbsError: 6.29353e+03
      Equation: "HoleContinuityEquation"	RelError: 5.32351e-10	AbsError: 4.34272e+02
      Equation: "PotentialEquation"	RelError: 1.77733e-14	AbsError: 7.80899e-16
    Region: "gate"	RelError: 3.63283e-16	AbsError: 8.07572e+03
      Equation: "ElectronContinuityEquation"	RelError: 8.07572e-17	AbsError: 8.07572e+03
      Equation: "HoleContinuityEquation"	RelError: 1.81235e-16	AbsError: 1.82482e-16
      Equation: "PotentialEquation"	RelError: 1.01291e-16	AbsError: 1.11022e-16
    Region: "oxide"	RelError: 1.69017e-16	AbsError: 2.08489e-16
      Equation: "PotentialEquation"	RelError: 1.69017e-16	AbsError: 2.08489e-16
Succeeded
IVPOINT	IDVD_VG1P0	5.00000000e-01	1.10000000e+00	3.58948328e-01
drain last end 1.100000e+00 2.000000e+00
number of equations 4295
Iteration: 0
  Device: "mos2d"	RelError: 1.74681e+00	AbsError: 3.26319e+16
    Region: "bulk"	RelError: 1.73643e+00	AbsError: 3.26319e+16
      Equation: "ElectronContinuityEquation"	RelError: 2.78602e-01	AbsError: 3.17728e+16
      Equation: "HoleContinuityEquation"	RelError: 8.05876e-01	AbsError: 8.59109e+14
      Equation: "PotentialEquation"	RelError: 6.51948e-01	AbsError: 2.00000e-02
    Region: "gate"	RelError: 3.78075e-04	AbsError: 1.87218e+16
      Equation: "ElectronContinuityEquation"	RelError: 1.86796e-04	AbsError: 1.87218e+16
      Equation: "HoleContinuityEquation"	RelError: 1.86866e-04	AbsError: 1.86445e-04
      Equation: "PotentialEquation"	RelError: 4.41236e-06	AbsError: 4.83653e-06
    Region: "oxide"	RelError: 1.00042e-02	AbsError: 1.39990e-02
      Equation: "PotentialEquation"	RelError: 1.00042e-02	AbsError: 1.39990e-02
Iteration: 1
  Device: "mos2d"	RelError: 1.68888e-01	AbsError: 4.82700e+14
    Region: "bulk"	RelError: 1.68881e-01	AbsError: 4.82700e+14
      Equation: "ElectronContinuityEquation"	RelError: 2.94199e-02	AbsError: 4.64654e+14
      Equation: "HoleContinuityEquation"	RelError: 1.38076e-01	AbsError: 1.80459e+13
      Equation: "PotentialEquation"	RelError: 1.38534e-03	AbsError: 5.04427e-05
    Region: "gate"	RelError: 2.74569e-07	AbsError: 1.20213e+13
      Equation: "ElectronContinuityEquation"	RelError: 1.19789e-07	AbsError: 1.20213e+13
      Equation: "HoleContinuityEquation"	RelError: 1.51576e-07	AbsError: 1.51040e-07
      Equation: "PotentialEquation"	RelError: 3.20424e-09	AbsError: 3.51238e-09
    Region: "oxide"	RelError: 6.82627e-06	AbsError: 9.54406e-06
      Equation: "PotentialEquation"	RelError: 6.82627e-06	AbsError: 9.54406e-06
Iteration: 2
  Device: "mos2d"	RelError: 1.03727e-03	AbsError: 3.82593e+10
    Region: "bulk"	RelError: 1.03727e-03	AbsError: 3.82593e+10
      Equation: "ElectronContinuityEquation"	RelError: 9.79675e-04	AbsError: 3.35165e+10
      Equation: "HoleContinuityEquation"	RelError: 5.74390e-05	AbsError: 4.74278e+09
      Equation: "PotentialEquation"	RelError: 1.54884e-07	AbsError: 9.59071e-09
    Region: "gate"	RelError: 1.29712e-11	AbsError: 6.44168e+08
      Equation: "ElectronContinuityEquation"	RelError: 6.41892e-12	AbsError: 6.44168e+08
      Equation: "HoleContinuityEquation"	RelError: 6.40081e-12	AbsError: 6.37820e-12
      Equation: "PotentialEquation"	RelError: 1.51493e-13	AbsError: 1.66061e-13
    Region: "oxide"	RelError: 3.70764e-10	AbsError: 5.18813e-10
      Equation: "PotentialEquation"	RelError: 3.70764e-10	AbsError: 5.18813e-10
Iteration: 3
  Device: "mos2d"	RelError: 9.44819e-10	AbsError: 8.18803e+03
    Region: "bulk"	RelError: 9.44818e-10	AbsError: 5.19174e+03
      Equation: "ElectronContinuityEquation"	RelError: 5.07221e-10	AbsError: 4.73422e+03
      Equation: "HoleContinuityEquation"	RelError: 4.37581e-10	AbsError: 4.57518e+02
      Equation: "PotentialEquation"	RelError: 1.57595e-14	AbsError: 6.15574e-16
    Region: "gate"	RelError: 3.27716e-16	AbsError: 8.18803e+03
      Equation: "ElectronContinuityEquation"	RelError: 8.18805e-17	AbsError: 8.18803e+03
      Equation: "HoleContinuityEquation"	RelError: 1.44544e-16	AbsError: 1.45071e-16
      Equation: "PotentialEquation"	RelError: 1.01291e-16	AbsError: 1.11022e-16
    Region: "oxide"	RelError: 1.38973e-16	AbsError: 1.67066e-16
      Equation: "PotentialEquation"	RelError: 1.38973e-16	AbsError: 1.67066e-16
Succeeded
IVPOINT	IDVD_VG1P0	5.00000000e-01	1.12000000e+00	3.65213561e-01
drain last end 1.120000e+00 2.000000e+00
number of equations 4295
Iteration: 0
  Device: "mos2d"	RelError: 2.99428e+00	AbsError: 3.28097e+16
    Region: "bulk"	RelError: 2.98401e+00	AbsError: 3.28097e+16
      Equation: "ElectronContinuityEquation"	RelError: 2.71915e-01	AbsError: 3.19408e+16
      Equation: "HoleContinuityEquation"	RelError: 8.08356e-01	AbsError: 8.68958e+14
      Equation: "PotentialEquation"	RelError: 1.90374e+00	AbsError: 2.00000e-02
    Region: "gate"	RelError: 3.77562e-04	AbsError: 1.86999e+16
      Equation: "ElectronContinuityEquation"	RelError: 1.86543e-04	AbsError: 1.86999e+16
      Equation: "HoleContinuityEquation"	RelError: 1.86613e-04	AbsError: 1.86157e-04
      Equation: "PotentialEquation"	RelError: 4.40636e-06	AbsError: 4.82998e-06
    Region: "oxide"	RelError: 9.89192e-03	AbsError: 1.39801e-02
      Equation: "PotentialEquation"	RelError: 9.89192e-03	AbsError: 1.39801e-02
Iteration: 1
  Device: "mos2d"	RelError: 1.67818e-01	AbsError: 4.60396e+14
    Region: "bulk"	RelError: 1.67812e-01	AbsError: 4.60396e+14
      Equation: "ElectronContinuityEquation"	RelError: 2.86955e-02	AbsError: 4.42278e+14
      Equation: "HoleContinuityEquation"	RelError: 1.35116e-01	AbsError: 1.81181e+13
      Equation: "PotentialEquation"	RelError: 4.00023e-03	AbsError: 5.10629e-05
    Region: "gate"	RelError: 2.60044e-07	AbsError: 1.13079e+13
      Equation: "ElectronContinuityEquation"	RelError: 1.12659e-07	AbsError: 1.13079e+13
      Equation: "HoleContinuityEquation"	RelError: 1.44350e-07	AbsError: 1.43815e-07
      Equation: "PotentialEquation"	RelError: 3.03473e-09	AbsError: 3.32658e-09
    Region: "oxide"	RelError: 6.35889e-06	AbsError: 8.98363e-06
      Equation: "PotentialEquation"	RelError: 6.35889e-06	AbsError: 8.98363e-06
Iteration: 2
  Device: "mos2d"	RelError: 1.06486e-03	AbsError: 3.59109e+10
    Region: "bulk"	RelError: 1.06486e-03	AbsError: 3.59109e+10
      Equation: "ElectronContinuityEquation"	RelError: 1.01027e-03	AbsError: 3.10463e+10
      Equation: "HoleContinuityEquation"	RelError: 5.43545e-05	AbsError: 4.86462e+09
      Equation: "PotentialEquation"	RelError: 2.32593e-07	AbsError: 1.00542e-08
    Region: "gate"	RelError: 1.21816e-11	AbsError: 6.05039e+08
      Equation: "ElectronContinuityEquation"	RelError: 6.02795e-12	AbsError: 6.05039e+08
      Equation: "HoleContinuityEquation"	RelError: 6.01141e-12	AbsError: 5.98912e-12
      Equation: "PotentialEquation"	RelError: 1.42279e-13	AbsError: 1.55962e-13
    Region: "oxide"	RelError: 3.44581e-10	AbsError: 4.86989e-10
      Equation: "PotentialEquation"	RelError: 3.44581e-10	AbsError: 4.86989e-10
Iteration: 3
  Device: "mos2d"	RelError: 2.39499e-09	AbsError: 8.18702e+03
    Region: "bulk"	RelError: 2.39498e-09	AbsError: 6.22547e+03
      Equation: "ElectronContinuityEquation"	RelError: 1.28731e-09	AbsError: 5.85303e+03
      Equation: "HoleContinuityEquation"	RelError: 1.10766e-09	AbsError: 3.72445e+02
      Equation: "PotentialEquation"	RelError: 2.01273e-14	AbsError: 8.99112e-16
    Region: "gate"	RelError: 3.64024e-16	AbsError: 8.18702e+03
      Equation: "ElectronContinuityEquation"	RelError: 8.18705e-17	AbsError: 8.18702e+03
      Equation: "HoleContinuityEquation"	RelError: 1.80863e-16	AbsError: 1.82277e-16
      Equation: "PotentialEquation"	RelError: 1.01291e-16	AbsError: 1.11022e-16
    Region: "oxide"	RelError: 2.11887e-16	AbsError: 1.79133e-16
      Equation: "PotentialEquation"	RelError: 2.11887e-16	AbsError: 1.79133e-16
Succeeded
IVPOINT	IDVD_VG1P0	5.00000000e-01	1.14000000e+00	3.71523322e-01
drain last end 1.140000e+00 2.000000e+00
number of equations 4295
Iteration: 0
  Device: "mos2d"	RelError: 4.02475e+00	AbsError: 3.29762e+16
    Region: "bulk"	RelError: 4.01459e+00	AbsError: 3.29762e+16
      Equation: "ElectronContinuityEquation"	RelError: 2.64020e-01	AbsError: 3.20989e+16
      Equation: "HoleContinuityEquation"	RelError: 8.09466e-01	AbsError: 8.77318e+14
      Equation: "PotentialEquation"	RelError: 2.94111e+00	AbsError: 2.00000e-02
    Region: "gate"	RelError: 3.77078e-04	AbsError: 1.86794e+16
      Equation: "ElectronContinuityEquation"	RelError: 1.86304e-04	AbsError: 1.86794e+16
      Equation: "HoleContinuityEquation"	RelError: 1.86373e-04	AbsError: 1.85884e-04
      Equation: "PotentialEquation"	RelError: 4.40069e-06	AbsError: 4.82378e-06
    Region: "oxide"	RelError: 9.78275e-03	AbsError: 1.39623e-02
      Equation: "PotentialEquation"	RelError: 9.78275e-03	AbsError: 1.39623e-02
Iteration: 1
  Device: "mos2d"	RelError: 1.68943e-01	AbsError: 4.37310e+14
    Region: "bulk"	RelError: 1.68937e-01	AbsError: 4.37310e+14
      Equation: "ElectronContinuityEquation"	RelError: 2.78681e-02	AbsError: 4.19262e+14
      Equation: "HoleContinuityEquation"	RelError: 1.35620e-01	AbsError: 1.80480e+13
      Equation: "PotentialEquation"	RelError: 5.44856e-03	AbsError: 5.14630e-05
    Region: "gate"	RelError: 2.45844e-07	AbsError: 1.06099e+13
      Equation: "ElectronContinuityEquation"	RelError: 1.05687e-07	AbsError: 1.06099e+13
      Equation: "HoleContinuityEquation"	RelError: 1.37288e-07	AbsError: 1.36754e-07
      Equation: "PotentialEquation"	RelError: 2.86899e-09	AbsError: 3.14492e-09
    Region: "oxide"	RelError: 5.91005e-06	AbsError: 8.43501e-06
      Equation: "PotentialEquation"	RelError: 5.91005e-06	AbsError: 8.43501e-06
Iteration: 2
  Device: "mos2d"	RelError: 1.11838e-03	AbsError: 3.33592e+10
    Region: "bulk"	RelError: 1.11838e-03	AbsError: 3.33592e+10
      Equation: "ElectronContinuityEquation"	RelError: 1.06676e-03	AbsError: 2.84522e+10
      Equation: "HoleContinuityEquation"	RelError: 5.11815e-05	AbsError: 4.90696e+09
      Equation: "PotentialEquation"	RelError: 4.39689e-07	AbsError: 1.04033e-08
    Region: "gate"	RelError: 1.12971e-11	AbsError: 5.61171e+08
      Equation: "ElectronContinuityEquation"	RelError: 5.58991e-12	AbsError: 5.61171e+08
      Equation: "HoleContinuityEquation"	RelError: 5.57535e-12	AbsError: 5.55369e-12
      Equation: "PotentialEquation"	RelError: 1.31802e-13	AbsError: 1.44479e-13
    Region: "oxide"	RelError: 3.16335e-10	AbsError: 4.51484e-10
      Equation: "PotentialEquation"	RelError: 3.16335e-10	AbsError: 4.51484e-10
Iteration: 3
  Device: "mos2d"	RelError: 7.45191e-10	AbsError: 8.04226e+03
    Region: "bulk"	RelError: 7.45191e-10	AbsError: 6.38292e+03
      Equation: "ElectronContinuityEquation"	RelError: 4.20140e-10	AbsError: 6.00632e+03
      Equation: "HoleContinuityEquation"	RelError: 3.24948e-10	AbsError: 3.76600e+02
      Equation: "PotentialEquation"	RelError: 1.02718e-13	AbsError: 1.32719e-15
    Region: "gate"	RelError: 3.54719e-16	AbsError: 8.04226e+03
      Equation: "ElectronContinuityEquation"	RelError: 8.04229e-17	AbsError: 8.04226e+03
      Equation: "HoleContinuityEquation"	RelError: 1.73005e-16	AbsError: 1.72551e-16
      Equation: "PotentialEquation"	RelError: 1.01291e-16	AbsError: 1.11022e-16
    Region: "oxide"	RelError: 1.50912e-16	AbsError: 1.23021e-16
      Equation: "PotentialEquation"	RelError: 1.50912e-16	AbsError: 1.23021e-16
Succeeded
IVPOINT	IDVD_VG1P0	5.00000000e-01	1.16000000e+00	3.77878035e-01
drain last end 1.160000e+00 2.000000e+00
number of equations 4295
Iteration: 0
  Device: "mos2d"	RelError: 6.77967e+00	AbsError: 3.31313e+16
    Region: "bulk"	RelError: 6.76962e+00	AbsError: 3.31313e+16
      Equation: "ElectronContinuityEquation"	RelError: 2.54710e-01	AbsError: 3.22472e+16
      Equation: "HoleContinuityEquation"	RelError: 8.08383e-01	AbsError: 8.84027e+14
      Equation: "PotentialEquation"	RelError: 5.70653e+00	AbsError: 2.00000e-02
    Region: "gate"	RelError: 3.76621e-04	AbsError: 1.86603e+16
      Equation: "ElectronContinuityEquation"	RelError: 1.86078e-04	AbsError: 1.86603e+16
      Equation: "HoleContinuityEquation"	RelError: 1.86147e-04	AbsError: 1.85624e-04
      Equation: "PotentialEquation"	RelError: 4.39534e-06	AbsError: 4.81794e-06
    Region: "oxide"	RelError: 9.67657e-03	AbsError: 1.39456e-02
      Equation: "PotentialEquation"	RelError: 9.67657e-03	AbsError: 1.39456e-02
Iteration: 1
  Device: "mos2d"	RelError: 1.83353e-01	AbsError: 4.13728e+14
    Region: "bulk"	RelError: 1.83347e-01	AbsError: 4.13728e+14
      Equation: "ElectronContinuityEquation"	RelError: 2.69191e-02	AbsError: 3.95894e+14
      Equation: "HoleContinuityEquation"	RelError: 1.35810e-01	AbsError: 1.78341e+13
      Equation: "PotentialEquation"	RelError: 2.06182e-02	AbsError: 5.19189e-05
    Region: "gate"	RelError: 2.31997e-07	AbsError: 9.92905e+12
      Equation: "ElectronContinuityEquation"	RelError: 9.88872e-08	AbsError: 9.92905e+12
      Equation: "HoleContinuityEquation"	RelError: 1.30402e-07	AbsError: 1.29873e-07
      Equation: "PotentialEquation"	RelError: 2.70739e-09	AbsError: 2.96778e-09
    Region: "oxide"	RelError: 5.48124e-06	AbsError: 7.89940e-06
      Equation: "PotentialEquation"	RelError: 5.48124e-06	AbsError: 7.89940e-06
Iteration: 2
  Device: "mos2d"	RelError: 1.17894e-03	AbsError: 3.06765e+10
    Region: "bulk"	RelError: 1.17894e-03	AbsError: 3.06765e+10
      Equation: "ElectronContinuityEquation"	RelError: 1.12710e-03	AbsError: 2.58106e+10
      Equation: "HoleContinuityEquation"	RelError: 4.87984e-05	AbsError: 4.86594e+09
      Equation: "PotentialEquation"	RelError: 3.04991e-06	AbsError: 1.07286e-08
    Region: "gate"	RelError: 1.03537e-11	AbsError: 5.14389e+08
      Equation: "ElectronContinuityEquation"	RelError: 5.12300e-12	AbsError: 5.14389e+08
      Equation: "HoleContinuityEquation"	RelError: 5.10986e-12	AbsError: 5.08910e-12
      Equation: "PotentialEquation"	RelError: 1.20856e-13	AbsError: 1.32480e-13
    Region: "oxide"	RelError: 2.87074e-10	AbsError: 4.13722e-10
      Equation: "PotentialEquation"	RelError: 2.87074e-10	AbsError: 4.13722e-10
Iteration: 3
  Device: "mos2d"	RelError: 2.64497e-09	AbsError: 8.08296e+03
    Region: "bulk"	RelError: 2.64497e-09	AbsError: 5.58276e+03
      Equation: "ElectronContinuityEquation"	RelError: 1.48103e-09	AbsError: 5.24223e+03
      Equation: "HoleContinuityEquation"	RelError: 1.16377e-09	AbsError: 3.40535e+02
      Equation: "PotentialEquation"	RelError: 1.69781e-13	AbsError: 7.83291e-16
    Region: "gate"	RelError: 3.51132e-16	AbsError: 8.08296e+03
      Equation: "ElectronContinuityEquation"	RelError: 8.08296e-17	AbsError: 8.08296e+03
      Equation: "HoleContinuityEquation"	RelError: 1.69012e-16	AbsError: 1.69178e-16
      Equation: "PotentialEquation"	RelError: 1.01291e-16	AbsError: 1.11022e-16
    Region: "oxide"	RelError: 2.56958e-16	AbsError: 1.86759e-16
      Equation: "PotentialEquation"	RelError: 2.56958e-16	AbsError: 1.86759e-16
Succeeded
IVPOINT	IDVD_VG1P0	5.00000000e-01	1.18000000e+00	3.84278125e-01
drain last end 1.180000e+00 2.000000e+00
number of equations 4295
Iteration: 0
  Device: "mos2d"	RelError: 3.30735e+00	AbsError: 3.32749e+16
    Region: "bulk"	RelError: 3.29740e+00	AbsError: 3.32749e+16
      Equation: "ElectronContinuityEquation"	RelError: 2.45254e-01	AbsError: 3.23860e+16
      Equation: "HoleContinuityEquation"	RelError: 8.03865e-01	AbsError: 8.88930e+14
      Equation: "PotentialEquation"	RelError: 2.24828e+00	AbsError: 2.00000e-02
    Region: "gate"	RelError: 3.76191e-04	AbsError: 1.86424e+16
      Equation: "ElectronContinuityEquation"	RelError: 1.85866e-04	AbsError: 1.86424e+16
      Equation: "HoleContinuityEquation"	RelError: 1.85935e-04	AbsError: 1.85378e-04
      Equation: "PotentialEquation"	RelError: 4.39030e-06	AbsError: 4.81243e-06
    Region: "oxide"	RelError: 9.57325e-03	AbsError: 1.39300e-02
      Equation: "PotentialEquation"	RelError: 9.57325e-03	AbsError: 1.39300e-02
Iteration: 1
  Device: "mos2d"	RelError: 1.66445e-01	AbsError: 3.89918e+14
    Region: "bulk"	RelError: 1.66440e-01	AbsError: 3.89918e+14
      Equation: "ElectronContinuityEquation"	RelError: 2.58305e-02	AbsError: 3.72439e+14
      Equation: "HoleContinuityEquation"	RelError: 1.35500e-01	AbsError: 1.74793e+13
      Equation: "PotentialEquation"	RelError: 5.10910e-03	AbsError: 5.29746e-05
    Region: "gate"	RelError: 2.18540e-07	AbsError: 9.26701e+12
      Equation: "ElectronContinuityEquation"	RelError: 9.22773e-08	AbsError: 9.26701e+12
      Equation: "HoleContinuityEquation"	RelError: 1.23712e-07	AbsError: 1.23188e-07
      Equation: "PotentialEquation"	RelError: 2.55033e-09	AbsError: 2.79563e-09
    Region: "oxide"	RelError: 5.07067e-06	AbsError: 7.37828e-06
      Equation: "PotentialEquation"	RelError: 5.07067e-06	AbsError: 7.37828e-06
Iteration: 2
  Device: "mos2d"	RelError: 1.18541e-03	AbsError: 2.80339e+10
    Region: "bulk"	RelError: 1.18541e-03	AbsError: 2.80339e+10
      Equation: "ElectronContinuityEquation"	RelError: 1.13601e-03	AbsError: 2.31885e+10
      Equation: "HoleContinuityEquation"	RelError: 4.87758e-05	AbsError: 4.84547e+09
      Equation: "PotentialEquation"	RelError: 6.26192e-07	AbsError: 1.15337e-08
    Region: "gate"	RelError: 9.38472e-12	AbsError: 4.66308e+08
      Equation: "ElectronContinuityEquation"	RelError: 4.64331e-12	AbsError: 4.66308e+08
      Equation: "HoleContinuityEquation"	RelError: 4.63180e-12	AbsError: 4.61217e-12
      Equation: "PotentialEquation"	RelError: 1.09605e-13	AbsError: 1.20147e-13
    Region: "oxide"	RelError: 2.57708e-10	AbsError: 3.74989e-10
      Equation: "PotentialEquation"	RelError: 2.57708e-10	AbsError: 3.74989e-10
Iteration: 3
  Device: "mos2d"	RelError: 1.03124e-09	AbsError: 8.02891e+03
    Region: "bulk"	RelError: 1.03124e-09	AbsError: 6.94151e+03
      Equation: "ElectronContinuityEquation"	RelError: 5.58232e-10	AbsError: 6.54228e+03
      Equation: "HoleContinuityEquation"	RelError: 4.72976e-10	AbsError: 3.99229e+02
      Equation: "PotentialEquation"	RelError: 3.45355e-14	AbsError: 9.84451e-16
    Region: "gate"	RelError: 4.20001e-16	AbsError: 8.02891e+03
      Equation: "ElectronContinuityEquation"	RelError: 8.02891e-17	AbsError: 8.02891e+03
      Equation: "HoleContinuityEquation"	RelError: 2.38421e-16	AbsError: 2.39853e-16
      Equation: "PotentialEquation"	RelError: 1.01291e-16	AbsError: 1.11022e-16
    Region: "oxide"	RelError: 1.56787e-16	AbsError: 1.52115e-16
      Equation: "PotentialEquation"	RelError: 1.56787e-16	AbsError: 1.52115e-16
Succeeded
IVPOINT	IDVD_VG1P0	5.00000000e-01	1.20000000e+00	3.90724011e-01
drain last end 1.200000e+00 2.000000e+00
number of equations 4295
Iteration: 0
  Device: "mos2d"	RelError: 3.49046e+00	AbsError: 3.34072e+16
    Region: "bulk"	RelError: 3.48061e+00	AbsError: 3.34072e+16
      Equation: "ElectronContinuityEquation"	RelError: 2.40372e-01	AbsError: 3.25153e+16
      Equation: "HoleContinuityEquation"	RelError: 7.94088e-01	AbsError: 8.91876e+14
      Equation: "PotentialEquation"	RelError: 2.44615e+00	AbsError: 2.00000e-02
    Region: "gate"	RelError: 3.75786e-04	AbsError: 1.86258e+16
      Equation: "ElectronContinuityEquation"	RelError: 1.85666e-04	AbsError: 1.86258e+16
      Equation: "HoleContinuityEquation"	RelError: 1.85735e-04	AbsError: 1.85144e-04
      Equation: "PotentialEquation"	RelError: 4.38556e-06	AbsError: 4.80726e-06
    Region: "oxide"	RelError: 9.47268e-03	AbsError: 1.39154e-02
      Equation: "PotentialEquation"	RelError: 9.47268e-03	AbsError: 1.39154e-02
Iteration: 1
  Device: "mos2d"	RelError: 1.64685e-01	AbsError: 3.66808e+14
    Region: "bulk"	RelError: 1.64680e-01	AbsError: 3.66808e+14
      Equation: "ElectronContinuityEquation"	RelError: 2.45888e-02	AbsError: 3.49136e+14
      Equation: "HoleContinuityEquation"	RelError: 1.34417e-01	AbsError: 1.76724e+13
      Equation: "PotentialEquation"	RelError: 5.67472e-03	AbsError: 5.37689e-05
    Region: "gate"	RelError: 2.05511e-07	AbsError: 8.62576e+12
      Equation: "ElectronContinuityEquation"	RelError: 8.58767e-08	AbsError: 8.62576e+12
      Equation: "HoleContinuityEquation"	RelError: 1.17236e-07	AbsError: 1.16718e-07
      Equation: "PotentialEquation"	RelError: 2.39827e-09	AbsError: 2.62896e-09
    Region: "oxide"	RelError: 4.67887e-06	AbsError: 6.87326e-06
      Equation: "PotentialEquation"	RelError: 4.67887e-06	AbsError: 6.87326e-06
Iteration: 2
  Device: "mos2d"	RelError: 1.13676e-03	AbsError: 2.58712e+10
    Region: "bulk"	RelError: 1.13676e-03	AbsError: 2.58712e+10
      Equation: "ElectronContinuityEquation"	RelError: 1.08775e-03	AbsError: 2.06423e+10
      Equation: "HoleContinuityEquation"	RelError: 4.86829e-05	AbsError: 5.22890e+09
      Equation: "PotentialEquation"	RelError: 3.29666e-07	AbsError: 1.21884e-08
    Region: "gate"	RelError: 8.41766e-12	AbsError: 4.18331e+08
      Equation: "ElectronContinuityEquation"	RelError: 4.16484e-12	AbsError: 4.18331e+08
      Equation: "HoleContinuityEquation"	RelError: 4.15452e-12	AbsError: 4.13618e-12
      Equation: "PotentialEquation"	RelError: 9.83075e-14	AbsError: 1.07764e-13
    Region: "oxide"	RelError: 2.28995e-10	AbsError: 3.36393e-10
      Equation: "PotentialEquation"	RelError: 2.28995e-10	AbsError: 3.36393e-10
Iteration: 3
  Device: "mos2d"	RelError: 7.92122e-10	AbsError: 8.17139e+03
    Region: "bulk"	RelError: 7.92121e-10	AbsError: 4.62689e+03
      Equation: "ElectronContinuityEquation"	RelError: 4.39787e-10	AbsError: 4.07964e+03
      Equation: "HoleContinuityEquation"	RelError: 3.52311e-10	AbsError: 5.47251e+02
      Equation: "PotentialEquation"	RelError: 2.36612e-14	AbsError: 9.98025e-16
    Region: "gate"	RelError: 3.83874e-16	AbsError: 8.17139e+03
      Equation: "ElectronContinuityEquation"	RelError: 8.21370e-17	AbsError: 8.17139e+03
      Equation: "HoleContinuityEquation"	RelError: 2.00447e-16	AbsError: 2.01971e-16
      Equation: "PotentialEquation"	RelError: 1.01291e-16	AbsError: 1.11022e-16
    Region: "oxide"	RelError: 1.26630e-16	AbsError: 1.39268e-16
      Equation: "PotentialEquation"	RelError: 1.26630e-16	AbsError: 1.39268e-16
Succeeded
IVPOINT	IDVD_VG1P0	5.00000000e-01	1.22000000e+00	3.97216109e-01
drain last end 1.220000e+00 2.000000e+00
number of equations 4295
Iteration: 0
  Device: "mos2d"	RelError: 2.71150e+00	AbsError: 3.35282e+16
    Region: "bulk"	RelError: 2.70175e+00	AbsError: 3.35282e+16
      Equation: "ElectronContinuityEquation"	RelError: 2.34931e-01	AbsError: 3.26355e+16
      Equation: "HoleContinuityEquation"	RelError: 7.87191e-01	AbsError: 8.92729e+14
      Equation: "PotentialEquation"	RelError: 1.67963e+00	AbsError: 2.00000e-02
    Region: "gate"	RelError: 3.75407e-04	AbsError: 1.86105e+16
      Equation: "ElectronContinuityEquation"	RelError: 1.85478e-04	AbsError: 1.86105e+16
      Equation: "HoleContinuityEquation"	RelError: 1.85547e-04	AbsError: 1.84923e-04
      Equation: "PotentialEquation"	RelError: 4.38111e-06	AbsError: 4.80240e-06
    Region: "oxide"	RelError: 9.37476e-03	AbsError: 1.39019e-02
      Equation: "PotentialEquation"	RelError: 9.37476e-03	AbsError: 1.39019e-02
Iteration: 1
  Device: "mos2d"	RelError: 1.59208e-01	AbsError: 3.44082e+14
    Region: "bulk"	RelError: 1.59204e-01	AbsError: 3.44082e+14
      Equation: "ElectronContinuityEquation"	RelError: 2.31896e-02	AbsError: 3.26198e+14
      Equation: "HoleContinuityEquation"	RelError: 1.32168e-01	AbsError: 1.78845e+13
      Equation: "PotentialEquation"	RelError: 3.84610e-03	AbsError: 5.42732e-05
    Region: "gate"	RelError: 1.92948e-07	AbsError: 8.00720e+12
      Equation: "ElectronContinuityEquation"	RelError: 7.97044e-08	AbsError: 8.00720e+12
      Equation: "HoleContinuityEquation"	RelError: 1.10992e-07	AbsError: 1.10483e-07
      Equation: "PotentialEquation"	RelError: 2.25166e-09	AbsError: 2.46825e-09
    Region: "oxide"	RelError: 4.30635e-06	AbsError: 6.38587e-06
      Equation: "PotentialEquation"	RelError: 4.30635e-06	AbsError: 6.38587e-06
Iteration: 2
  Device: "mos2d"	RelError: 1.03491e-03	AbsError: 2.37380e+10
    Region: "bulk"	RelError: 1.03491e-03	AbsError: 2.37380e+10
      Equation: "ElectronContinuityEquation"	RelError: 9.85784e-04	AbsError: 1.82169e+10
      Equation: "HoleContinuityEquation"	RelError: 4.85279e-05	AbsError: 5.52113e+09
      Equation: "PotentialEquation"	RelError: 5.94702e-07	AbsError: 1.26516e-08
    Region: "gate"	RelError: 7.47578e-12	AbsError: 3.71578e+08
      Equation: "ElectronContinuityEquation"	RelError: 3.69872e-12	AbsError: 3.71578e+08
      Equation: "HoleContinuityEquation"	RelError: 3.68974e-12	AbsError: 3.67280e-12
      Equation: "PotentialEquation"	RelError: 8.73200e-14	AbsError: 9.57196e-14
    Region: "oxide"	RelError: 2.01526e-10	AbsError: 2.98842e-10
      Equation: "PotentialEquation"	RelError: 2.01526e-10	AbsError: 2.98842e-10
Iteration: 3
  Device: "mos2d"	RelError: 1.06218e-09	AbsError: 7.80420e+03
    Region: "bulk"	RelError: 1.06218e-09	AbsError: 6.08811e+03
      Equation: "ElectronContinuityEquation"	RelError: 5.85104e-10	AbsError: 5.58936e+03
      Equation: "HoleContinuityEquation"	RelError: 4.76808e-10	AbsError: 4.98757e+02
      Equation: "PotentialEquation"	RelError: 2.68580e-13	AbsError: 1.07039e-15
    Region: "gate"	RelError: 3.20779e-16	AbsError: 7.80420e+03
      Equation: "ElectronContinuityEquation"	RelError: 7.80420e-17	AbsError: 7.80420e+03
      Equation: "HoleContinuityEquation"	RelError: 1.41315e-16	AbsError: 1.41316e-16
      Equation: "PotentialEquation"	RelError: 1.01422e-16	AbsError: 1.11153e-16
    Region: "oxide"	RelError: 1.16620e-16	AbsError: 1.42663e-16
      Equation: "PotentialEquation"	RelError: 1.16620e-16	AbsError: 1.42663e-16
Succeeded
IVPOINT	IDVD_VG1P0	5.00000000e-01	1.24000000e+00	4.03754831e-01
drain last end 1.240000e+00 2.000000e+00
number of equations 4295
Iteration: 0
  Device: "mos2d"	RelError: 4.95798e+01	AbsError: 3.36382e+16
    Region: "bulk"	RelError: 4.95701e+01	AbsError: 3.36382e+16
      Equation: "ElectronContinuityEquation"	RelError: 2.30444e-01	AbsError: 3.27468e+16
      Equation: "HoleContinuityEquation"	RelError: 7.83958e-01	AbsError: 8.91368e+14
      Equation: "PotentialEquation"	RelError: 4.85557e+01	AbsError: 2.00000e-02
    Region: "gate"	RelError: 3.75051e-04	AbsError: 1.85963e+16
      Equation: "ElectronContinuityEquation"	RelError: 1.85303e-04	AbsError: 1.85963e+16
      Equation: "HoleContinuityEquation"	RelError: 1.85371e-04	AbsError: 1.84713e-04
      Equation: "PotentialEquation"	RelError: 4.37694e-06	AbsError: 4.79785e-06
    Region: "oxide"	RelError: 9.27938e-03	AbsError: 1.38892e-02
      Equation: "PotentialEquation"	RelError: 9.27938e-03	AbsError: 1.38892e-02
Iteration: 1
  Device: "mos2d"	RelError: 2.29367e-01	AbsError: 3.21742e+14
    Region: "bulk"	RelError: 2.29363e-01	AbsError: 3.21742e+14
      Equation: "ElectronContinuityEquation"	RelError: 2.18217e-02	AbsError: 3.03806e+14
      Equation: "HoleContinuityEquation"	RelError: 1.31029e-01	AbsError: 1.79350e+13
      Equation: "PotentialEquation"	RelError: 7.65130e-02	AbsError: 5.44675e-05
    Region: "gate"	RelError: 1.80887e-07	AbsError: 7.41309e+12
      Equation: "ElectronContinuityEquation"	RelError: 7.37775e-08	AbsError: 7.41309e+12
      Equation: "HoleContinuityEquation"	RelError: 1.04999e-07	AbsError: 1.04498e-07
      Equation: "PotentialEquation"	RelError: 2.11089e-09	AbsError: 2.31396e-09
    Region: "oxide"	RelError: 3.95352e-06	AbsError: 5.91755e-06
      Equation: "PotentialEquation"	RelError: 3.95352e-06	AbsError: 5.91755e-06
Iteration: 2
  Device: "mos2d"	RelError: 8.96548e-04	AbsError: 2.16468e+10
    Region: "bulk"	RelError: 8.96548e-04	AbsError: 2.16468e+10
      Equation: "ElectronContinuityEquation"	RelError: 8.43028e-04	AbsError: 1.59454e+10
      Equation: "HoleContinuityEquation"	RelError: 4.83186e-05	AbsError: 5.70142e+09
      Equation: "PotentialEquation"	RelError: 5.20116e-06	AbsError: 1.28914e-08
    Region: "gate"	RelError: 6.57705e-12	AbsError: 3.26965e+08
      Equation: "ElectronContinuityEquation"	RelError: 3.25406e-12	AbsError: 3.26965e+08
      Equation: "HoleContinuityEquation"	RelError: 3.24625e-12	AbsError: 3.23078e-12
      Equation: "PotentialEquation"	RelError: 7.67345e-14	AbsError: 8.41162e-14
    Region: "oxide"	RelError: 1.75739e-10	AbsError: 2.63043e-10
      Equation: "PotentialEquation"	RelError: 1.75739e-10	AbsError: 2.63043e-10
Iteration: 3
  Device: "mos2d"	RelError: 1.44014e-09	AbsError: 8.13530e+03
    Region: "bulk"	RelError: 1.44014e-09	AbsError: 4.55906e+03
      Equation: "ElectronContinuityEquation"	RelError: 7.43378e-10	AbsError: 4.01622e+03
      Equation: "HoleContinuityEquation"	RelError: 6.95383e-10	AbsError: 5.42835e+02
      Equation: "PotentialEquation"	RelError: 1.37862e-12	AbsError: 1.14548e-15
    Region: "gate"	RelError: 3.50941e-16	AbsError: 8.13530e+03
      Equation: "ElectronContinuityEquation"	RelError: 8.13530e-17	AbsError: 8.13530e+03
      Equation: "HoleContinuityEquation"	RelError: 1.68282e-16	AbsError: 1.68375e-16
      Equation: "PotentialEquation"	RelError: 1.01306e-16	AbsError: 1.11039e-16
    Region: "oxide"	RelError: 2.06829e-16	AbsError: 1.29828e-16
      Equation: "PotentialEquation"	RelError: 2.06829e-16	AbsError: 1.29828e-16
Succeeded
IVPOINT	IDVD_VG1P0	5.00000000e-01	1.26000000e+00	4.10340585e-01
drain last end 1.260000e+00 2.000000e+00
number of equations 4295
Iteration: 0
  Device: "mos2d"	RelError: 6.35658e+00	AbsError: 3.37373e+16
    Region: "bulk"	RelError: 6.34702e+00	AbsError: 3.37373e+16
      Equation: "ElectronContinuityEquation"	RelError: 2.26379e-01	AbsError: 3.28496e+16
      Equation: "HoleContinuityEquation"	RelError: 7.76086e-01	AbsError: 8.87695e+14
      Equation: "PotentialEquation"	RelError: 5.34455e+00	AbsError: 2.00000e-02
    Region: "gate"	RelError: 3.74718e-04	AbsError: 1.85832e+16
      Equation: "ElectronContinuityEquation"	RelError: 1.85138e-04	AbsError: 1.85832e+16
      Equation: "HoleContinuityEquation"	RelError: 1.85207e-04	AbsError: 1.84515e-04
      Equation: "PotentialEquation"	RelError: 4.37304e-06	AbsError: 4.79360e-06
    Region: "oxide"	RelError: 9.18644e-03	AbsError: 1.38776e-02
      Equation: "PotentialEquation"	RelError: 9.18644e-03	AbsError: 1.38776e-02
Iteration: 1
  Device: "mos2d"	RelError: 1.65793e-01	AbsError: 2.99932e+14
    Region: "bulk"	RelError: 1.65789e-01	AbsError: 2.99932e+14
      Equation: "ElectronContinuityEquation"	RelError: 2.11132e-02	AbsError: 2.82114e+14
      Equation: "HoleContinuityEquation"	RelError: 1.30247e-01	AbsError: 1.78174e+13
      Equation: "PotentialEquation"	RelError: 1.44286e-02	AbsError: 5.43426e-05
    Region: "gate"	RelError: 1.69356e-07	AbsError: 6.84489e+12
      Equation: "ElectronContinuityEquation"	RelError: 6.81106e-08	AbsError: 6.84489e+12
      Equation: "HoleContinuityEquation"	RelError: 9.92692e-08	AbsError: 9.87785e-08
      Equation: "PotentialEquation"	RelError: 1.97632e-09	AbsError: 2.16645e-09
    Region: "oxide"	RelError: 3.62062e-06	AbsError: 5.46949e-06
      Equation: "PotentialEquation"	RelError: 3.62062e-06	AbsError: 5.46949e-06
Iteration: 2
  Device: "mos2d"	RelError: 8.02374e-04	AbsError: 1.96057e+10
    Region: "bulk"	RelError: 8.02374e-04	AbsError: 1.96057e+10
      Equation: "ElectronContinuityEquation"	RelError: 7.53200e-04	AbsError: 1.38501e+10
      Equation: "HoleContinuityEquation"	RelError: 4.80614e-05	AbsError: 5.75562e+09
      Equation: "PotentialEquation"	RelError: 1.11216e-06	AbsError: 1.28893e-08
    Region: "gate"	RelError: 5.73431e-12	AbsError: 2.85126e+08
      Equation: "ElectronContinuityEquation"	RelError: 2.83716e-12	AbsError: 2.85126e+08
      Equation: "HoleContinuityEquation"	RelError: 2.83020e-12	AbsError: 2.81621e-12
      Equation: "PotentialEquation"	RelError: 6.69461e-14	AbsError: 7.33865e-14
    Region: "oxide"	RelError: 1.51925e-10	AbsError: 2.29506e-10
      Equation: "PotentialEquation"	RelError: 1.51925e-10	AbsError: 2.29506e-10
Iteration: 3
  Device: "mos2d"	RelError: 1.86787e-09	AbsError: 8.65794e+03
    Region: "bulk"	RelError: 1.86787e-09	AbsError: 8.65794e+03
      Equation: "ElectronContinuityEquation"	RelError: 1.02887e-09	AbsError: 8.09626e+03
      Equation: "HoleContinuityEquation"	RelError: 8.38920e-10	AbsError: 5.61678e+02
      Equation: "PotentialEquation"	RelError: 7.96513e-14	AbsError: 1.19306e-15
    Region: "gate"	RelError: 3.09823e-16	AbsError: 7.94065e+03
      Equation: "ElectronContinuityEquation"	RelError: 7.94065e-17	AbsError: 7.94065e+03
      Equation: "HoleContinuityEquation"	RelError: 1.28856e-16	AbsError: 1.29717e-16
      Equation: "PotentialEquation"	RelError: 1.01560e-16	AbsError: 1.11331e-16
    Region: "oxide"	RelError: 1.57598e-16	AbsError: 1.34447e-16
      Equation: "PotentialEquation"	RelError: 1.57598e-16	AbsError: 1.34447e-16
Succeeded
IVPOINT	IDVD_VG1P0	5.00000000e-01	1.28000000e+00	4.16973778e-01
drain last end 1.280000e+00 2.000000e+00
number of equations 4295
Iteration: 0
  Device: "mos2d"	RelError: 1.83687e+00	AbsError: 3.38277e+16
    Region: "bulk"	RelError: 1.82740e+00	AbsError: 3.38277e+16
      Equation: "ElectronContinuityEquation"	RelError: 2.24884e-01	AbsError: 3.29442e+16
      Equation: "HoleContinuityEquation"	RelError: 7.61341e-01	AbsError: 8.83463e+14
      Equation: "PotentialEquation"	RelError: 8.41175e-01	AbsError: 2.00000e-02
    Region: "gate"	RelError: 3.74407e-04	AbsError: 1.85713e+16
      Equation: "ElectronContinuityEquation"	RelError: 1.84985e-04	AbsError: 1.85713e+16
      Equation: "HoleContinuityEquation"	RelError: 1.85053e-04	AbsError: 1.84328e-04
      Equation: "PotentialEquation"	RelError: 4.36939e-06	AbsError: 4.78962e-06
    Region: "oxide"	RelError: 9.09584e-03	AbsError: 1.38668e-02
      Equation: "PotentialEquation"	RelError: 9.09584e-03	AbsError: 1.38668e-02
Iteration: 1
  Device: "mos2d"	RelError: 1.51890e-01	AbsError: 2.78776e+14
    Region: "bulk"	RelError: 1.51886e-01	AbsError: 2.78776e+14
      Equation: "ElectronContinuityEquation"	RelError: 2.03459e-02	AbsError: 2.61244e+14
      Equation: "HoleContinuityEquation"	RelError: 1.28440e-01	AbsError: 1.75311e+13
      Equation: "PotentialEquation"	RelError: 3.10003e-03	AbsError: 5.39015e-05
    Region: "gate"	RelError: 1.58379e-07	AbsError: 6.30379e+12
      Equation: "ElectronContinuityEquation"	RelError: 6.27153e-08	AbsError: 6.30379e+12
      Equation: "HoleContinuityEquation"	RelError: 9.38154e-08	AbsError: 9.33353e-08
      Equation: "PotentialEquation"	RelError: 1.84821e-09	AbsError: 2.02602e-09
    Region: "oxide"	RelError: 3.30772e-06	AbsError: 5.04267e-06
      Equation: "PotentialEquation"	RelError: 3.30772e-06	AbsError: 5.04267e-06
Iteration: 2
  Device: "mos2d"	RelError: 8.69621e-04	AbsError: 1.76220e+10
    Region: "bulk"	RelError: 8.69621e-04	AbsError: 1.76220e+10
      Equation: "ElectronContinuityEquation"	RelError: 8.21338e-04	AbsError: 1.19437e+10
      Equation: "HoleContinuityEquation"	RelError: 4.77616e-05	AbsError: 5.67832e+09
      Equation: "PotentialEquation"	RelError: 5.20923e-07	AbsError: 1.26437e-08
    Region: "gate"	RelError: 4.95673e-12	AbsError: 2.46500e+08
      Equation: "ElectronContinuityEquation"	RelError: 2.45239e-12	AbsError: 2.46500e+08
      Equation: "HoleContinuityEquation"	RelError: 2.44643e-12	AbsError: 2.43391e-12
      Equation: "PotentialEquation"	RelError: 5.79130e-14	AbsError: 6.34847e-14
    Region: "oxide"	RelError: 1.30247e-10	AbsError: 1.98564e-10
      Equation: "PotentialEquation"	RelError: 1.30247e-10	AbsError: 1.98564e-10
Iteration: 3
  Device: "mos2d"	RelError: 5.20325e-09	AbsError: 7.66919e+03
    Region: "bulk"	RelError: 5.20325e-09	AbsError: 5.26717e+03
      Equation: "ElectronContinuityEquation"	RelError: 2.83642e-09	AbsError: 4.71225e+03
      Equation: "HoleContinuityEquation"	RelError: 2.36675e-09	AbsError: 5.54925e+02
      Equation: "PotentialEquation"	RelError: 8.06553e-14	AbsError: 1.18608e-15
    Region: "gate"	RelError: 3.53269e-16	AbsError: 7.66919e+03
      Equation: "ElectronContinuityEquation"	RelError: 7.66920e-17	AbsError: 7.66919e+03
      Equation: "HoleContinuityEquation"	RelError: 1.75219e-16	AbsError: 1.77170e-16
      Equation: "PotentialEquation"	RelError: 1.01358e-16	AbsError: 1.11095e-16
    Region: "oxide"	RelError: 1.63998e-16	AbsError: 1.72831e-16
      Equation: "PotentialEquation"	RelError: 1.63998e-16	AbsError: 1.72831e-16
Succeeded
IVPOINT	IDVD_VG1P0	5.00000000e-01	1.30000000e+00	4.23654811e-01
drain last end 1.300000e+00 2.000000e+00
number of equations 4295
Iteration: 0
  Device: "mos2d"	RelError: 4.66649e+00	AbsError: 3.39171e+16
    Region: "bulk"	RelError: 4.65710e+00	AbsError: 3.39171e+16
      Equation: "ElectronContinuityEquation"	RelError: 2.23359e-01	AbsError: 3.30310e+16
      Equation: "HoleContinuityEquation"	RelError: 7.57712e-01	AbsError: 8.86095e+14
      Equation: "PotentialEquation"	RelError: 3.67603e+00	AbsError: 2.00000e-02
    Region: "gate"	RelError: 3.74117e-04	AbsError: 1.85603e+16
      Equation: "ElectronContinuityEquation"	RelError: 1.84842e-04	AbsError: 1.85603e+16
      Equation: "HoleContinuityEquation"	RelError: 1.84910e-04	AbsError: 1.84151e-04
      Equation: "PotentialEquation"	RelError: 4.36599e-06	AbsError: 4.78591e-06
    Region: "oxide"	RelError: 9.00747e-03	AbsError: 1.38568e-02
      Equation: "PotentialEquation"	RelError: 9.00747e-03	AbsError: 1.38568e-02
Iteration: 1
  Device: "mos2d"	RelError: 1.59514e-01	AbsError: 2.58375e+14
    Region: "bulk"	RelError: 1.59511e-01	AbsError: 2.58375e+14
      Equation: "ElectronContinuityEquation"	RelError: 1.97022e-02	AbsError: 2.41292e+14
      Equation: "HoleContinuityEquation"	RelError: 1.25148e-01	AbsError: 1.70822e+13
      Equation: "PotentialEquation"	RelError: 1.46610e-02	AbsError: 5.31593e-05
    Region: "gate"	RelError: 1.47971e-07	AbsError: 5.79061e+12
      Equation: "ElectronContinuityEquation"	RelError: 5.75995e-08	AbsError: 5.79061e+12
      Equation: "HoleContinuityEquation"	RelError: 8.86452e-08	AbsError: 8.81759e-08
      Equation: "PotentialEquation"	RelError: 1.72675e-09	AbsError: 1.89289e-09
    Region: "oxide"	RelError: 3.01474e-06	AbsError: 4.63777e-06
      Equation: "PotentialEquation"	RelError: 3.01474e-06	AbsError: 4.63777e-06
Iteration: 2
  Device: "mos2d"	RelError: 9.05757e-04	AbsError: 1.57043e+10
    Region: "bulk"	RelError: 9.05756e-04	AbsError: 1.57043e+10
      Equation: "ElectronContinuityEquation"	RelError: 8.55916e-04	AbsError: 1.02305e+10
      Equation: "HoleContinuityEquation"	RelError: 4.74229e-05	AbsError: 5.47377e+09
      Equation: "PotentialEquation"	RelError: 2.41798e-06	AbsError: 1.21708e-08
    Region: "gate"	RelError: 4.24773e-12	AbsError: 2.11301e+08
      Equation: "ElectronContinuityEquation"	RelError: 2.10182e-12	AbsError: 2.11301e+08
      Equation: "HoleContinuityEquation"	RelError: 2.09632e-12	AbsError: 2.08522e-12
      Equation: "PotentialEquation"	RelError: 4.95849e-14	AbsError: 5.43556e-14
    Region: "oxide"	RelError: 1.10764e-10	AbsError: 1.70395e-10
      Equation: "PotentialEquation"	RelError: 1.10764e-10	AbsError: 1.70395e-10
Iteration: 3
  Device: "mos2d"	RelError: 3.57611e-09	AbsError: 1.15265e+04
    Region: "bulk"	RelError: 3.57611e-09	AbsError: 1.15265e+04
      Equation: "ElectronContinuityEquation"	RelError: 1.94173e-09	AbsError: 1.10066e+04
      Equation: "HoleContinuityEquation"	RelError: 1.63417e-09	AbsError: 5.19997e+02
      Equation: "PotentialEquation"	RelError: 2.17401e-13	AbsError: 1.13204e-15
    Region: "gate"	RelError: 3.97746e-16	AbsError: 7.98724e+03
      Equation: "ElectronContinuityEquation"	RelError: 7.98910e-17	AbsError: 7.98724e+03
      Equation: "HoleContinuityEquation"	RelError: 2.15578e-16	AbsError: 2.17236e-16
      Equation: "PotentialEquation"	RelError: 1.02277e-16	AbsError: 1.12104e-16
    Region: "oxide"	RelError: 2.19966e-16	AbsError: 2.22118e-16
      Equation: "PotentialEquation"	RelError: 2.19966e-16	AbsError: 2.22118e-16
Succeeded
IVPOINT	IDVD_VG1P0	5.00000000e-01	1.32000000e+00	4.30384083e-01
drain last end 1.320000e+00 2.000000e+00
number of equations 4295
Iteration: 0
  Device: "mos2d"	RelError: 2.35097e+00	AbsError: 3.39970e+16
    Region: "bulk"	RelError: 2.34167e+00	AbsError: 3.39970e+16
      Equation: "ElectronContinuityEquation"	RelError: 2.21796e-01	AbsError: 3.31104e+16
      Equation: "HoleContinuityEquation"	RelError: 7.57452e-01	AbsError: 8.86578e+14
      Equation: "PotentialEquation"	RelError: 1.36242e+00	AbsError: 2.00000e-02
    Region: "gate"	RelError: 3.73847e-04	AbsError: 1.85503e+16
      Equation: "ElectronContinuityEquation"	RelError: 1.84708e-04	AbsError: 1.85503e+16
      Equation: "HoleContinuityEquation"	RelError: 1.84776e-04	AbsError: 1.83984e-04
      Equation: "PotentialEquation"	RelError: 4.36281e-06	AbsError: 4.78246e-06
    Region: "oxide"	RelError: 8.92125e-03	AbsError: 1.38477e-02
      Equation: "PotentialEquation"	RelError: 8.92125e-03	AbsError: 1.38477e-02
Iteration: 1
  Device: "mos2d"	RelError: 1.49183e-01	AbsError: 2.38810e+14
    Region: "bulk"	RelError: 1.49181e-01	AbsError: 2.38810e+14
      Equation: "ElectronContinuityEquation"	RelError: 1.91392e-02	AbsError: 2.22328e+14
      Equation: "HoleContinuityEquation"	RelError: 1.24788e-01	AbsError: 1.64828e+13
      Equation: "PotentialEquation"	RelError: 5.25318e-03	AbsError: 5.21430e-05
    Region: "gate"	RelError: 1.38143e-07	AbsError: 5.30583e+12
      Equation: "ElectronContinuityEquation"	RelError: 5.27681e-08	AbsError: 5.30583e+12
      Equation: "HoleContinuityEquation"	RelError: 8.37628e-08	AbsError: 8.33048e-08
      Equation: "PotentialEquation"	RelError: 1.61205e-09	AbsError: 1.76715e-09
    Region: "oxide"	RelError: 2.74138e-06	AbsError: 4.25520e-06
      Equation: "PotentialEquation"	RelError: 2.74138e-06	AbsError: 4.25520e-06
Iteration: 2
  Device: "mos2d"	RelError: 8.96324e-04	AbsError: 1.38637e+10
    Region: "bulk"	RelError: 8.96324e-04	AbsError: 1.38637e+10
      Equation: "ElectronContinuityEquation"	RelError: 8.48435e-04	AbsError: 8.70808e+09
      Equation: "HoleContinuityEquation"	RelError: 4.70472e-05	AbsError: 5.15559e+09
      Equation: "PotentialEquation"	RelError: 8.41697e-07	AbsError: 1.15039e-08
    Region: "gate"	RelError: 3.60992e-12	AbsError: 1.79596e+08
      Equation: "ElectronContinuityEquation"	RelError: 1.78614e-12	AbsError: 1.79596e+08
      Equation: "HoleContinuityEquation"	RelError: 1.78155e-12	AbsError: 1.77181e-12
      Equation: "PotentialEquation"	RelError: 4.22274e-14	AbsError: 4.62904e-14
    Region: "oxide"	RelError: 9.34479e-11	AbsError: 1.45051e-10
      Equation: "PotentialEquation"	RelError: 9.34479e-11	AbsError: 1.45051e-10
Iteration: 3
  Device: "mos2d"	RelError: 1.66915e-09	AbsError: 8.16934e+03
    Region: "bulk"	RelError: 1.66915e-09	AbsError: 5.56140e+03
      Equation: "ElectronContinuityEquation"	RelError: 9.04115e-10	AbsError: 5.09701e+03
      Equation: "HoleContinuityEquation"	RelError: 7.64970e-10	AbsError: 4.64385e+02
      Equation: "PotentialEquation"	RelError: 6.18033e-14	AbsError: 9.59919e-16
    Region: "gate"	RelError: 4.46577e-16	AbsError: 8.16934e+03
      Equation: "ElectronContinuityEquation"	RelError: 8.16934e-17	AbsError: 8.16934e+03
      Equation: "HoleContinuityEquation"	RelError: 2.63593e-16	AbsError: 2.65511e-16
      Equation: "PotentialEquation"	RelError: 1.01291e-16	AbsError: 1.11022e-16
    Region: "oxide"	RelError: 1.19981e-16	AbsError: 1.40098e-16
      Equation: "PotentialEquation"	RelError: 1.19981e-16	AbsError: 1.40098e-16
Succeeded
IVPOINT	IDVD_VG1P0	5.00000000e-01	1.34000000e+00	4.37161990e-01
drain last end 1.340000e+00 2.000000e+00
number of equations 4295
Iteration: 0
  Device: "mos2d"	RelError: 1.56072e+00	AbsError: 3.40676e+16
    Region: "bulk"	RelError: 1.55151e+00	AbsError: 3.40676e+16
      Equation: "ElectronContinuityEquation"	RelError: 2.20183e-01	AbsError: 3.31828e+16
      Equation: "HoleContinuityEquation"	RelError: 7.54024e-01	AbsError: 8.84748e+14
      Equation: "PotentialEquation"	RelError: 5.77302e-01	AbsError: 2.00000e-02
    Region: "gate"	RelError: 3.73595e-04	AbsError: 1.85413e+16
      Equation: "ElectronContinuityEquation"	RelError: 1.84584e-04	AbsError: 1.85413e+16
      Equation: "HoleContinuityEquation"	RelError: 1.84652e-04	AbsError: 1.83826e-04
      Equation: "PotentialEquation"	RelError: 4.35986e-06	AbsError: 4.77924e-06
    Region: "oxide"	RelError: 8.83708e-03	AbsError: 1.38393e-02
      Equation: "PotentialEquation"	RelError: 8.83708e-03	AbsError: 1.38393e-02
Iteration: 1
  Device: "mos2d"	RelError: 1.45810e-01	AbsError: 2.20147e+14
    Region: "bulk"	RelError: 1.45808e-01	AbsError: 2.20147e+14
      Equation: "ElectronContinuityEquation"	RelError: 1.89261e-02	AbsError: 2.04396e+14
      Equation: "HoleContinuityEquation"	RelError: 1.24685e-01	AbsError: 1.57507e+13
      Equation: "PotentialEquation"	RelError: 2.19622e-03	AbsError: 5.08897e-05
    Region: "gate"	RelError: 1.28896e-07	AbsError: 4.84961e+12
      Equation: "ElectronContinuityEquation"	RelError: 4.82224e-08	AbsError: 4.84961e+12
      Equation: "HoleContinuityEquation"	RelError: 7.91696e-08	AbsError: 7.87228e-08
      Equation: "PotentialEquation"	RelError: 1.50413e-09	AbsError: 1.64886e-09
    Region: "oxide"	RelError: 2.48723e-06	AbsError: 3.89511e-06
      Equation: "PotentialEquation"	RelError: 2.48723e-06	AbsError: 3.89511e-06
Iteration: 2
  Device: "mos2d"	RelError: 8.43995e-04	AbsError: 1.21141e+10
    Region: "bulk"	RelError: 8.43995e-04	AbsError: 1.21141e+10
      Equation: "ElectronContinuityEquation"	RelError: 7.97021e-04	AbsError: 7.36899e+09
      Equation: "HoleContinuityEquation"	RelError: 4.66348e-05	AbsError: 4.74509e+09
      Equation: "PotentialEquation"	RelError: 3.39010e-07	AbsError: 1.06895e-08
    Region: "gate"	RelError: 3.04081e-12	AbsError: 1.51310e+08
      Equation: "ElectronContinuityEquation"	RelError: 1.50456e-12	AbsError: 1.51310e+08
      Equation: "HoleContinuityEquation"	RelError: 1.50069e-12	AbsError: 1.49222e-12
      Equation: "PotentialEquation"	RelError: 3.55668e-14	AbsError: 3.89891e-14
    Region: "oxide"	RelError: 7.82092e-11	AbsError: 1.22479e-10
      Equation: "PotentialEquation"	RelError: 7.82092e-11	AbsError: 1.22479e-10
Iteration: 3
  Device: "mos2d"	RelError: 4.10321e-09	AbsError: 7.82022e+03
    Region: "bulk"	RelError: 4.10321e-09	AbsError: 4.59823e+03
      Equation: "ElectronContinuityEquation"	RelError: 2.32110e-09	AbsError: 4.13687e+03
      Equation: "HoleContinuityEquation"	RelError: 1.78207e-09	AbsError: 4.61354e+02
      Equation: "PotentialEquation"	RelError: 3.34617e-14	AbsError: 8.02590e-16
    Region: "gate"	RelError: 3.97023e-16	AbsError: 7.82022e+03
      Equation: "ElectronContinuityEquation"	RelError: 7.82022e-17	AbsError: 7.82022e+03
      Equation: "HoleContinuityEquation"	RelError: 2.17517e-16	AbsError: 2.17521e-16
      Equation: "PotentialEquation"	RelError: 1.01304e-16	AbsError: 1.11037e-16
    Region: "oxide"	RelError: 1.54197e-16	AbsError: 1.39348e-16
      Equation: "PotentialEquation"	RelError: 1.54197e-16	AbsError: 1.39348e-16
Succeeded
IVPOINT	IDVD_VG1P0	5.00000000e-01	1.36000000e+00	4.43988927e-01
drain last end 1.360000e+00 2.000000e+00
number of equations 4295
Iteration: 0
  Device: "mos2d"	RelError: 1.34076e+00	AbsError: 3.41290e+16
    Region: "bulk"	RelError: 1.33164e+00	AbsError: 3.41290e+16
      Equation: "ElectronContinuityEquation"	RelError: 2.18507e-01	AbsError: 3.32486e+16
      Equation: "HoleContinuityEquation"	RelError: 7.45873e-01	AbsError: 8.80466e+14
      Equation: "PotentialEquation"	RelError: 3.67256e-01	AbsError: 2.00000e-02
    Region: "gate"	RelError: 3.73361e-04	AbsError: 1.85331e+16
      Equation: "ElectronContinuityEquation"	RelError: 1.84468e-04	AbsError: 1.85331e+16
      Equation: "HoleContinuityEquation"	RelError: 1.84536e-04	AbsError: 1.83677e-04
      Equation: "PotentialEquation"	RelError: 4.35711e-06	AbsError: 4.77624e-06
    Region: "oxide"	RelError: 8.75487e-03	AbsError: 1.38316e-02
      Equation: "PotentialEquation"	RelError: 8.75487e-03	AbsError: 1.38316e-02
Iteration: 1
  Device: "mos2d"	RelError: 1.43967e-01	AbsError: 2.02432e+14
    Region: "bulk"	RelError: 1.43964e-01	AbsError: 2.02432e+14
      Equation: "ElectronContinuityEquation"	RelError: 1.87101e-02	AbsError: 1.87523e+14
      Equation: "HoleContinuityEquation"	RelError: 1.23882e-01	AbsError: 1.49081e+13
      Equation: "PotentialEquation"	RelError: 1.37243e-03	AbsError: 4.94440e-05
    Region: "gate"	RelError: 1.20227e-07	AbsError: 4.42179e+12
      Equation: "ElectronContinuityEquation"	RelError: 4.39606e-08	AbsError: 4.42179e+12
      Equation: "HoleContinuityEquation"	RelError: 7.48635e-08	AbsError: 7.44280e-08
      Equation: "PotentialEquation"	RelError: 1.40296e-09	AbsError: 1.53796e-09
    Region: "oxide"	RelError: 2.25170e-06	AbsError: 3.55739e-06
      Equation: "PotentialEquation"	RelError: 2.25170e-06	AbsError: 3.55739e-06
Iteration: 2
  Device: "mos2d"	RelError: 8.81412e-04	AbsError: 1.04707e+10
    Region: "bulk"	RelError: 8.81412e-04	AbsError: 1.04707e+10
      Equation: "ElectronContinuityEquation"	RelError: 8.35025e-04	AbsError: 6.20205e+09
      Equation: "HoleContinuityEquation"	RelError: 4.61840e-05	AbsError: 4.26866e+09
      Equation: "PotentialEquation"	RelError: 2.02910e-07	AbsError: 9.78235e-09
    Region: "gate"	RelError: 2.53790e-12	AbsError: 1.26321e+08
      Equation: "ElectronContinuityEquation"	RelError: 1.25586e-12	AbsError: 1.26321e+08
      Equation: "HoleContinuityEquation"	RelError: 1.25232e-12	AbsError: 1.24504e-12
      Equation: "PotentialEquation"	RelError: 2.97209e-14	AbsError: 3.25808e-14
    Region: "oxide"	RelError: 6.49140e-11	AbsError: 1.02556e-10
      Equation: "PotentialEquation"	RelError: 6.49140e-11	AbsError: 1.02556e-10
Iteration: 3
  Device: "mos2d"	RelError: 1.21413e-09	AbsError: 7.94754e+03
    Region: "bulk"	RelError: 1.21413e-09	AbsError: 5.03161e+03
      Equation: "ElectronContinuityEquation"	RelError: 6.70774e-10	AbsError: 4.67385e+03
      Equation: "HoleContinuityEquation"	RelError: 5.43335e-10	AbsError: 3.57758e+02
      Equation: "PotentialEquation"	RelError: 1.57317e-14	AbsError: 7.05542e-16
    Region: "gate"	RelError: 3.62540e-16	AbsError: 7.94754e+03
      Equation: "ElectronContinuityEquation"	RelError: 7.94754e-17	AbsError: 7.94754e+03
      Equation: "HoleContinuityEquation"	RelError: 1.81774e-16	AbsError: 1.83164e-16
      Equation: "PotentialEquation"	RelError: 1.01291e-16	AbsError: 1.11022e-16
    Region: "oxide"	RelError: 1.99869e-16	AbsError: 1.24792e-16
      Equation: "PotentialEquation"	RelError: 1.99869e-16	AbsError: 1.24792e-16
Succeeded
IVPOINT	IDVD_VG1P0	5.00000000e-01	1.38000000e+00	4.50865285e-01
drain last end 1.380000e+00 2.000000e+00
number of equations 4295
Iteration: 0
  Device: "mos2d"	RelError: 1.33493e+00	AbsError: 3.41817e+16
    Region: "bulk"	RelError: 1.32588e+00	AbsError: 3.41817e+16
      Equation: "ElectronContinuityEquation"	RelError: 2.16751e-01	AbsError: 3.33081e+16
      Equation: "HoleContinuityEquation"	RelError: 7.30862e-01	AbsError: 8.73626e+14
      Equation: "PotentialEquation"	RelError: 3.78266e-01	AbsError: 2.00000e-02
    Region: "gate"	RelError: 3.73143e-04	AbsError: 1.85257e+16
      Equation: "ElectronContinuityEquation"	RelError: 1.84360e-04	AbsError: 1.85257e+16
      Equation: "HoleContinuityEquation"	RelError: 1.84428e-04	AbsError: 1.83536e-04
      Equation: "PotentialEquation"	RelError: 4.35454e-06	AbsError: 4.77345e-06
    Region: "oxide"	RelError: 8.67455e-03	AbsError: 1.38246e-02
      Equation: "PotentialEquation"	RelError: 8.67455e-03	AbsError: 1.38246e-02
Iteration: 1
  Device: "mos2d"	RelError: 1.41932e-01	AbsError: 1.85696e+14
    Region: "bulk"	RelError: 1.41930e-01	AbsError: 1.85696e+14
      Equation: "ElectronContinuityEquation"	RelError: 1.84898e-02	AbsError: 1.71716e+14
      Equation: "HoleContinuityEquation"	RelError: 1.22050e-01	AbsError: 1.39797e+13
      Equation: "PotentialEquation"	RelError: 1.39053e-03	AbsError: 4.81036e-05
    Region: "gate"	RelError: 1.12127e-07	AbsError: 4.02194e+12
      Equation: "ElectronContinuityEquation"	RelError: 3.99784e-08	AbsError: 4.02194e+12
      Equation: "HoleContinuityEquation"	RelError: 7.08400e-08	AbsError: 7.04155e-08
      Equation: "PotentialEquation"	RelError: 1.30843e-09	AbsError: 1.43434e-09
    Region: "oxide"	RelError: 2.03410e-06	AbsError: 3.24173e-06
      Equation: "PotentialEquation"	RelError: 2.03410e-06	AbsError: 3.24173e-06
Iteration: 2
  Device: "mos2d"	RelError: 9.10694e-04	AbsError: 8.94839e+09
    Region: "bulk"	RelError: 9.10694e-04	AbsError: 8.94839e+09
      Equation: "ElectronContinuityEquation"	RelError: 8.64824e-04	AbsError: 5.19372e+09
      Equation: "HoleContinuityEquation"	RelError: 4.56919e-05	AbsError: 3.75467e+09
      Equation: "PotentialEquation"	RelError: 1.78493e-07	AbsError: 8.83960e-09
    Region: "gate"	RelError: 2.09668e-12	AbsError: 1.04398e+08
      Equation: "ElectronContinuityEquation"	RelError: 1.03772e-12	AbsError: 1.04398e+08
      Equation: "HoleContinuityEquation"	RelError: 1.03443e-12	AbsError: 1.02823e-12
      Equation: "PotentialEquation"	RelError: 2.45312e-14	AbsError: 2.68919e-14
    Region: "oxide"	RelError: 5.34004e-11	AbsError: 8.51039e-11
      Equation: "PotentialEquation"	RelError: 5.34004e-11	AbsError: 8.51039e-11
Iteration: 3
  Device: "mos2d"	RelError: 3.32322e-09	AbsError: 8.18920e+03
    Region: "bulk"	RelError: 3.32322e-09	AbsError: 5.18863e+03
      Equation: "ElectronContinuityEquation"	RelError: 1.78791e-09	AbsError: 4.81806e+03
      Equation: "HoleContinuityEquation"	RelError: 1.53530e-09	AbsError: 3.70572e+02
      Equation: "PotentialEquation"	RelError: 1.17681e-14	AbsError: 9.10995e-16
    Region: "gate"	RelError: 3.44546e-16	AbsError: 8.18920e+03
      Equation: "ElectronContinuityEquation"	RelError: 8.18920e-17	AbsError: 8.18920e+03
      Equation: "HoleContinuityEquation"	RelError: 1.61363e-16	AbsError: 1.63156e-16
      Equation: "PotentialEquation"	RelError: 1.01291e-16	AbsError: 1.11022e-16
    Region: "oxide"	RelError: 1.17562e-16	AbsError: 1.42724e-16
      Equation: "PotentialEquation"	RelError: 1.17562e-16	AbsError: 1.42724e-16
Succeeded
IVPOINT	IDVD_VG1P0	5.00000000e-01	1.40000000e+00	4.57791456e-01
drain last end 1.400000e+00 2.000000e+00
number of equations 4295
Iteration: 0
  Device: "mos2d"	RelError: 1.55008e+00	AbsError: 3.42259e+16
    Region: "bulk"	RelError: 1.54111e+00	AbsError: 3.42259e+16
      Equation: "ElectronContinuityEquation"	RelError: 2.14900e-01	AbsError: 3.33618e+16
      Equation: "HoleContinuityEquation"	RelError: 7.09248e-01	AbsError: 8.64153e+14
      Equation: "PotentialEquation"	RelError: 6.16967e-01	AbsError: 2.00000e-02
    Region: "gate"	RelError: 3.72941e-04	AbsError: 1.85190e+16
      Equation: "ElectronContinuityEquation"	RelError: 1.84260e-04	AbsError: 1.85190e+16
      Equation: "HoleContinuityEquation"	RelError: 1.84328e-04	AbsError: 1.83403e-04
      Equation: "PotentialEquation"	RelError: 4.35216e-06	AbsError: 4.77086e-06
    Region: "oxide"	RelError: 8.59603e-03	AbsError: 1.38182e-02
      Equation: "PotentialEquation"	RelError: 8.59603e-03	AbsError: 1.38182e-02
Iteration: 1
  Device: "mos2d"	RelError: 1.39208e-01	AbsError: 1.69959e+14
    Region: "bulk"	RelError: 1.39206e-01	AbsError: 1.69959e+14
      Equation: "ElectronContinuityEquation"	RelError: 1.82635e-02	AbsError: 1.56967e+14
      Equation: "HoleContinuityEquation"	RelError: 1.18759e-01	AbsError: 1.29919e+13
      Equation: "PotentialEquation"	RelError: 2.18356e-03	AbsError: 4.77465e-05
    Region: "gate"	RelError: 1.04581e-07	AbsError: 3.64940e+12
      Equation: "ElectronContinuityEquation"	RelError: 3.62690e-08	AbsError: 3.64940e+12
      Equation: "HoleContinuityEquation"	RelError: 6.70921e-08	AbsError: 6.66783e-08
      Equation: "PotentialEquation"	RelError: 1.22037e-09	AbsError: 1.33782e-09
    Region: "oxide"	RelError: 1.83365e-06	AbsError: 2.94761e-06
      Equation: "PotentialEquation"	RelError: 1.83365e-06	AbsError: 2.94761e-06
Iteration: 2
  Device: "mos2d"	RelError: 8.97362e-04	AbsError: 7.55955e+09
    Region: "bulk"	RelError: 8.97362e-04	AbsError: 7.55955e+09
      Equation: "ElectronContinuityEquation"	RelError: 8.51944e-04	AbsError: 4.32913e+09
      Equation: "HoleContinuityEquation"	RelError: 4.51538e-05	AbsError: 3.23042e+09
      Equation: "PotentialEquation"	RelError: 2.64312e-07	AbsError: 7.91480e-09
    Region: "gate"	RelError: 1.71232e-12	AbsError: 8.52636e+07
      Equation: "ElectronContinuityEquation"	RelError: 8.47377e-13	AbsError: 8.52636e+07
      Equation: "HoleContinuityEquation"	RelError: 8.44913e-13	AbsError: 8.39702e-13
      Equation: "PotentialEquation"	RelError: 2.00258e-14	AbsError: 2.19529e-14
    Region: "oxide"	RelError: 4.34935e-11	AbsError: 6.99161e-11
      Equation: "PotentialEquation"	RelError: 4.34935e-11	AbsError: 6.99161e-11
Iteration: 3
  Device: "mos2d"	RelError: 3.06805e-09	AbsError: 8.17634e+03
    Region: "bulk"	RelError: 3.06805e-09	AbsError: 4.84750e+03
      Equation: "ElectronContinuityEquation"	RelError: 1.67789e-09	AbsError: 4.32143e+03
      Equation: "HoleContinuityEquation"	RelError: 1.39015e-09	AbsError: 5.26073e+02
      Equation: "PotentialEquation"	RelError: 1.08579e-14	AbsError: 9.57370e-16
    Region: "gate"	RelError: 4.15623e-16	AbsError: 8.17634e+03
      Equation: "ElectronContinuityEquation"	RelError: 8.17634e-17	AbsError: 8.17634e+03
      Equation: "HoleContinuityEquation"	RelError: 2.32569e-16	AbsError: 2.34340e-16
      Equation: "PotentialEquation"	RelError: 1.01291e-16	AbsError: 1.11022e-16
    Region: "oxide"	RelError: 1.47921e-16	AbsError: 1.71411e-16
      Equation: "PotentialEquation"	RelError: 1.47921e-16	AbsError: 1.71411e-16
Succeeded
IVPOINT	IDVD_VG1P0	5.00000000e-01	1.42000000e+00	4.64767829e-01
drain last end 1.420000e+00 2.000000e+00
number of equations 4295
Iteration: 0
  Device: "mos2d"	RelError: 2.56304e+00	AbsError: 3.42620e+16
    Region: "bulk"	RelError: 2.55414e+00	AbsError: 3.42620e+16
      Equation: "ElectronContinuityEquation"	RelError: 2.12933e-01	AbsError: 3.34100e+16
      Equation: "HoleContinuityEquation"	RelError: 6.91100e-01	AbsError: 8.52006e+14
      Equation: "PotentialEquation"	RelError: 1.65011e+00	AbsError: 2.00000e-02
    Region: "gate"	RelError: 3.72752e-04	AbsError: 1.85131e+16
      Equation: "ElectronContinuityEquation"	RelError: 1.84167e-04	AbsError: 1.85131e+16
      Equation: "HoleContinuityEquation"	RelError: 1.84235e-04	AbsError: 1.83276e-04
      Equation: "PotentialEquation"	RelError: 4.34994e-06	AbsError: 4.76845e-06
    Region: "oxide"	RelError: 8.51924e-03	AbsError: 1.38124e-02
      Equation: "PotentialEquation"	RelError: 8.51924e-03	AbsError: 1.38124e-02
Iteration: 1
  Device: "mos2d"	RelError: 1.37871e-01	AbsError: 1.55226e+14
    Region: "bulk"	RelError: 1.37870e-01	AbsError: 1.55226e+14
      Equation: "ElectronContinuityEquation"	RelError: 1.80296e-02	AbsError: 1.43256e+14
      Equation: "HoleContinuityEquation"	RelError: 1.14203e-01	AbsError: 1.19706e+13
      Equation: "PotentialEquation"	RelError: 5.63737e-03	AbsError: 4.73167e-05
    Region: "gate"	RelError: 9.75734e-08	AbsError: 3.30332e+12
      Equation: "ElectronContinuityEquation"	RelError: 3.28238e-08	AbsError: 3.30332e+12
      Equation: "HoleContinuityEquation"	RelError: 6.36110e-08	AbsError: 6.32077e-08
      Equation: "PotentialEquation"	RelError: 1.13859e-09	AbsError: 1.24817e-09
    Region: "oxide"	RelError: 1.64950e-06	AbsError: 2.67437e-06
      Equation: "PotentialEquation"	RelError: 1.64950e-06	AbsError: 2.67437e-06
Iteration: 2
  Device: "mos2d"	RelError: 8.40852e-04	AbsError: 6.31276e+09
    Region: "bulk"	RelError: 8.40852e-04	AbsError: 6.31276e+09
      Equation: "ElectronContinuityEquation"	RelError: 7.95641e-04	AbsError: 3.59302e+09
      Equation: "HoleContinuityEquation"	RelError: 4.45643e-05	AbsError: 2.71974e+09
      Equation: "PotentialEquation"	RelError: 6.46901e-07	AbsError: 7.05345e-09
    Region: "gate"	RelError: 1.37842e-12	AbsError: 6.86575e+07
      Equation: "ElectronContinuityEquation"	RelError: 6.82221e-13	AbsError: 6.86575e+07
      Equation: "HoleContinuityEquation"	RelError: 6.80087e-13	AbsError: 6.75774e-13
      Equation: "PotentialEquation"	RelError: 1.61098e-14	AbsError: 1.76602e-14
    Region: "oxide"	RelError: 3.50153e-11	AbsError: 5.67710e-11
      Equation: "PotentialEquation"	RelError: 3.50153e-11	AbsError: 5.67710e-11
Iteration: 3
  Device: "mos2d"	RelError: 4.10361e-09	AbsError: 7.98022e+03
    Region: "bulk"	RelError: 4.10361e-09	AbsError: 6.09289e+03
      Equation: "ElectronContinuityEquation"	RelError: 2.40564e-09	AbsError: 5.81453e+03
      Equation: "HoleContinuityEquation"	RelError: 1.69794e-09	AbsError: 2.78355e+02
      Equation: "PotentialEquation"	RelError: 2.56865e-14	AbsError: 1.28396e-15
    Region: "gate"	RelError: 3.32997e-16	AbsError: 7.98022e+03
      Equation: "ElectronContinuityEquation"	RelError: 7.98021e-17	AbsError: 7.98022e+03
      Equation: "HoleContinuityEquation"	RelError: 1.51904e-16	AbsError: 1.51905e-16
      Equation: "PotentialEquation"	RelError: 1.01291e-16	AbsError: 1.11022e-16
    Region: "oxide"	RelError: 1.79563e-16	AbsError: 1.60479e-16
      Equation: "PotentialEquation"	RelError: 1.79563e-16	AbsError: 1.60479e-16
Succeeded
IVPOINT	IDVD_VG1P0	5.00000000e-01	1.44000000e+00	4.71794794e-01
drain last end 1.440000e+00 2.000000e+00
number of equations 4295
Iteration: 0
  Device: "mos2d"	RelError: 3.40545e+00	AbsError: 3.42904e+16
    Region: "bulk"	RelError: 3.39663e+00	AbsError: 3.42904e+16
      Equation: "ElectronContinuityEquation"	RelError: 2.10829e-01	AbsError: 3.34532e+16
      Equation: "HoleContinuityEquation"	RelError: 6.94662e-01	AbsError: 8.37185e+14
      Equation: "PotentialEquation"	RelError: 2.49114e+00	AbsError: 2.00000e-02
    Region: "gate"	RelError: 3.72577e-04	AbsError: 1.85078e+16
      Equation: "ElectronContinuityEquation"	RelError: 1.84081e-04	AbsError: 1.85078e+16
      Equation: "HoleContinuityEquation"	RelError: 1.84148e-04	AbsError: 1.83156e-04
      Equation: "PotentialEquation"	RelError: 4.34788e-06	AbsError: 4.76621e-06
    Region: "oxide"	RelError: 8.44410e-03	AbsError: 1.38072e-02
      Equation: "PotentialEquation"	RelError: 8.44410e-03	AbsError: 1.38072e-02
Iteration: 1
  Device: "mos2d"	RelError: 1.36309e-01	AbsError: 1.43330e+14
    Region: "bulk"	RelError: 1.36307e-01	AbsError: 1.43330e+14
      Equation: "ElectronContinuityEquation"	RelError: 1.77864e-02	AbsError: 1.30551e+14
      Equation: "HoleContinuityEquation"	RelError: 1.10441e-01	AbsError: 1.27787e+13
      Equation: "PotentialEquation"	RelError: 8.07911e-03	AbsError: 4.68339e-05
    Region: "gate"	RelError: 9.10819e-08	AbsError: 2.98270e+12
      Equation: "ElectronContinuityEquation"	RelError: 2.96326e-08	AbsError: 2.98270e+12
      Equation: "HoleContinuityEquation"	RelError: 6.03865e-08	AbsError: 5.99930e-08
      Equation: "PotentialEquation"	RelError: 1.06283e-09	AbsError: 1.16512e-09
    Region: "oxide"	RelError: 1.48076e-06	AbsError: 2.42123e-06
      Equation: "PotentialEquation"	RelError: 1.48076e-06	AbsError: 2.42123e-06
Iteration: 2
  Device: "mos2d"	RelError: 7.87232e-04	AbsError: 5.21167e+09
    Region: "bulk"	RelError: 7.87232e-04	AbsError: 5.21167e+09
      Equation: "ElectronContinuityEquation"	RelError: 7.42428e-04	AbsError: 2.97027e+09
      Equation: "HoleContinuityEquation"	RelError: 4.39167e-05	AbsError: 2.24140e+09
      Equation: "PotentialEquation"	RelError: 8.86925e-07	AbsError: 6.28998e-09
    Region: "gate"	RelError: 1.08976e-12	AbsError: 5.43105e+07
      Equation: "ElectronContinuityEquation"	RelError: 5.39566e-13	AbsError: 5.43105e+07
      Equation: "HoleContinuityEquation"	RelError: 5.37502e-13	AbsError: 5.34000e-13
      Equation: "PotentialEquation"	RelError: 1.26941e-14	AbsError: 1.39158e-14
    Region: "oxide"	RelError: 2.77925e-11	AbsError: 4.54442e-11
      Equation: "PotentialEquation"	RelError: 2.77925e-11	AbsError: 4.54442e-11
Iteration: 3
  Device: "mos2d"	RelError: 5.27344e-09	AbsError: 8.09770e+03
    Region: "bulk"	RelError: 5.27344e-09	AbsError: 4.88963e+03
      Equation: "ElectronContinuityEquation"	RelError: 3.12342e-09	AbsError: 4.21768e+03
      Equation: "HoleContinuityEquation"	RelError: 2.14998e-09	AbsError: 6.71955e+02
      Equation: "PotentialEquation"	RelError: 4.00590e-14	AbsError: 5.93345e-16
    Region: "gate"	RelError: 3.43438e-16	AbsError: 8.09770e+03
      Equation: "ElectronContinuityEquation"	RelError: 8.09770e-17	AbsError: 8.09770e+03
      Equation: "HoleContinuityEquation"	RelError: 1.61136e-16	AbsError: 1.61136e-16
      Equation: "PotentialEquation"	RelError: 1.01325e-16	AbsError: 1.11060e-16
    Region: "oxide"	RelError: 1.14660e-16	AbsError: 1.28701e-16
      Equation: "PotentialEquation"	RelError: 1.14660e-16	AbsError: 1.28701e-16
Succeeded
IVPOINT	IDVD_VG1P0	5.00000000e-01	1.46000000e+00	4.78872738e-01
drain last end 1.460000e+00 2.000000e+00
number of equations 4295
Iteration: 0
  Device: "mos2d"	RelError: 1.62806e+00	AbsError: 3.43114e+16
    Region: "bulk"	RelError: 1.61931e+00	AbsError: 3.43114e+16
      Equation: "ElectronContinuityEquation"	RelError: 2.08566e-01	AbsError: 3.34917e+16
      Equation: "HoleContinuityEquation"	RelError: 6.97520e-01	AbsError: 8.19721e+14
      Equation: "PotentialEquation"	RelError: 7.13228e-01	AbsError: 2.00000e-02
    Region: "gate"	RelError: 3.72414e-04	AbsError: 1.85031e+16
      Equation: "ElectronContinuityEquation"	RelError: 1.84000e-04	AbsError: 1.85031e+16
      Equation: "HoleContinuityEquation"	RelError: 1.84068e-04	AbsError: 1.83042e-04
      Equation: "PotentialEquation"	RelError: 4.34596e-06	AbsError: 4.76412e-06
    Region: "oxide"	RelError: 8.37054e-03	AbsError: 1.38024e-02
      Equation: "PotentialEquation"	RelError: 8.37054e-03	AbsError: 1.38024e-02
Iteration: 1
  Device: "mos2d"	RelError: 1.30978e-01	AbsError: 1.32356e+14
    Region: "bulk"	RelError: 1.30976e-01	AbsError: 1.32356e+14
      Equation: "ElectronContinuityEquation"	RelError: 1.75323e-02	AbsError: 1.18815e+14
      Equation: "HoleContinuityEquation"	RelError: 1.11203e-01	AbsError: 1.35410e+13
      Equation: "PotentialEquation"	RelError: 2.24123e-03	AbsError: 4.63151e-05
    Region: "gate"	RelError: 8.50842e-08	AbsError: 2.68641e+12
      Equation: "ElectronContinuityEquation"	RelError: 2.66844e-08	AbsError: 2.68641e+12
      Equation: "HoleContinuityEquation"	RelError: 5.74070e-08	AbsError: 5.70230e-08
      Equation: "PotentialEquation"	RelError: 9.92839e-10	AbsError: 1.08840e-09
    Region: "oxide"	RelError: 1.32650e-06	AbsError: 2.18729e-06
      Equation: "PotentialEquation"	RelError: 1.32650e-06	AbsError: 2.18729e-06
Iteration: 2
  Device: "mos2d"	RelError: 8.44845e-04	AbsError: 4.86737e+09
    Region: "bulk"	RelError: 8.44845e-04	AbsError: 4.86737e+09
      Equation: "ElectronContinuityEquation"	RelError: 8.01402e-04	AbsError: 2.44652e+09
      Equation: "HoleContinuityEquation"	RelError: 4.32043e-05	AbsError: 2.42085e+09
      Equation: "PotentialEquation"	RelError: 2.38302e-07	AbsError: 5.80183e-09
    Region: "gate"	RelError: 8.41137e-13	AbsError: 4.19359e+07
      Equation: "ElectronContinuityEquation"	RelError: 4.16553e-13	AbsError: 4.19359e+07
      Equation: "HoleContinuityEquation"	RelError: 4.14811e-13	AbsError: 4.12037e-13
      Equation: "PotentialEquation"	RelError: 9.77211e-15	AbsError: 1.07127e-14
    Region: "oxide"	RelError: 2.60278e-11	AbsError: 3.57199e-11
      Equation: "PotentialEquation"	RelError: 2.60278e-11	AbsError: 3.57199e-11
Iteration: 3
  Device: "mos2d"	RelError: 2.63577e-09	AbsError: 8.08312e+03
    Region: "bulk"	RelError: 2.63577e-09	AbsError: 4.59573e+03
      Equation: "ElectronContinuityEquation"	RelError: 1.46612e-09	AbsError: 4.10041e+03
      Equation: "HoleContinuityEquation"	RelError: 1.16963e-09	AbsError: 4.95317e+02
      Equation: "PotentialEquation"	RelError: 1.72746e-14	AbsError: 7.33379e-16
    Region: "gate"	RelError: 4.12122e-16	AbsError: 8.08312e+03
      Equation: "ElectronContinuityEquation"	RelError: 8.08312e-17	AbsError: 8.08312e+03
      Equation: "HoleContinuityEquation"	RelError: 2.30000e-16	AbsError: 2.31662e-16
      Equation: "PotentialEquation"	RelError: 1.01291e-16	AbsError: 1.11022e-16
    Region: "oxide"	RelError: 1.49673e-16	AbsError: 1.29841e-16
      Equation: "PotentialEquation"	RelError: 1.49673e-16	AbsError: 1.29841e-16
Succeeded
IVPOINT	IDVD_VG1P0	5.00000000e-01	1.48000000e+00	4.86002050e-01
drain last end 1.480000e+00 2.000000e+00
number of equations 4295
Iteration: 0
  Device: "mos2d"	RelError: 2.66027e+00	AbsError: 3.43254e+16
    Region: "bulk"	RelError: 2.65160e+00	AbsError: 3.43254e+16
      Equation: "ElectronContinuityEquation"	RelError: 2.06114e-01	AbsError: 3.35258e+16
      Equation: "HoleContinuityEquation"	RelError: 6.99379e-01	AbsError: 7.99684e+14
      Equation: "PotentialEquation"	RelError: 1.74610e+00	AbsError: 2.00000e-02
    Region: "gate"	RelError: 3.72262e-04	AbsError: 1.84989e+16
      Equation: "ElectronContinuityEquation"	RelError: 1.83925e-04	AbsError: 1.84989e+16
      Equation: "HoleContinuityEquation"	RelError: 1.83993e-04	AbsError: 1.82934e-04
      Equation: "PotentialEquation"	RelError: 4.34417e-06	AbsError: 4.76218e-06
    Region: "oxide"	RelError: 8.29850e-03	AbsError: 1.37981e-02
      Equation: "PotentialEquation"	RelError: 8.29850e-03	AbsError: 1.37981e-02
Iteration: 1
  Device: "mos2d"	RelError: 1.34024e-01	AbsError: 1.22199e+14
    Region: "bulk"	RelError: 1.34023e-01	AbsError: 1.22199e+14
      Equation: "ElectronContinuityEquation"	RelError: 1.72655e-02	AbsError: 1.08003e+14
      Equation: "HoleContinuityEquation"	RelError: 1.11811e-01	AbsError: 1.41957e+13
      Equation: "PotentialEquation"	RelError: 4.94580e-03	AbsError: 4.57731e-05
    Region: "gate"	RelError: 7.95556e-08	AbsError: 2.41325e+12
      Equation: "ElectronContinuityEquation"	RelError: 2.39669e-08	AbsError: 2.41325e+12
      Equation: "HoleContinuityEquation"	RelError: 5.46604e-08	AbsError: 5.42852e-08
      Equation: "PotentialEquation"	RelError: 9.28320e-10	AbsError: 1.01767e-09
    Region: "oxide"	RelError: 1.31038e-06	AbsError: 1.97163e-06
      Equation: "PotentialEquation"	RelError: 1.31038e-06	AbsError: 1.97163e-06
Iteration: 2
  Device: "mos2d"	RelError: 8.73385e-04	AbsError: 4.70309e+09
    Region: "bulk"	RelError: 8.73385e-04	AbsError: 4.70309e+09
      Equation: "ElectronContinuityEquation"	RelError: 8.30591e-04	AbsError: 2.00837e+09
      Equation: "HoleContinuityEquation"	RelError: 4.24199e-05	AbsError: 2.69472e+09
      Equation: "PotentialEquation"	RelError: 3.74308e-07	AbsError: 5.80776e-09
    Region: "gate"	RelError: 6.32970e-13	AbsError: 3.13157e+07
      Equation: "ElectronContinuityEquation"	RelError: 3.12650e-13	AbsError: 3.13157e+07
      Equation: "HoleContinuityEquation"	RelError: 3.12857e-13	AbsError: 3.14248e-13
      Equation: "PotentialEquation"	RelError: 7.46321e-15	AbsError: 8.17938e-15
    Region: "oxide"	RelError: 2.92187e-11	AbsError: 2.73962e-11
      Equation: "PotentialEquation"	RelError: 2.92187e-11	AbsError: 2.73962e-11
Iteration: 3
  Device: "mos2d"	RelError: 3.24518e-09	AbsError: 1.13160e+04
    Region: "bulk"	RelError: 3.24518e-09	AbsError: 1.13160e+04
      Equation: "ElectronContinuityEquation"	RelError: 1.96516e-09	AbsError: 1.07514e+04
      Equation: "HoleContinuityEquation"	RelError: 1.28002e-09	AbsError: 5.64672e+02
      Equation: "PotentialEquation"	RelError: 1.03120e-14	AbsError: 1.17115e-15
    Region: "gate"	RelError: 3.82285e-16	AbsError: 7.90669e+03
      Equation: "ElectronContinuityEquation"	RelError: 7.90667e-17	AbsError: 7.90669e+03
      Equation: "HoleContinuityEquation"	RelError: 2.01927e-16	AbsError: 2.02826e-16
      Equation: "PotentialEquation"	RelError: 1.01291e-16	AbsError: 1.11022e-16
    Region: "oxide"	RelError: 2.49939e-16	AbsError: 3.03952e-16
      Equation: "PotentialEquation"	RelError: 2.49939e-16	AbsError: 3.03952e-16
Succeeded
IVPOINT	IDVD_VG1P0	5.00000000e-01	1.50000000e+00	4.93183118e-01
drain last end 1.500000e+00 2.000000e+00
number of equations 4295
Iteration: 0
  Device: "mos2d"	RelError: 3.28384e+00	AbsError: 3.43330e+16
    Region: "bulk"	RelError: 3.27524e+00	AbsError: 3.43330e+16
      Equation: "ElectronContinuityEquation"	RelError: 2.03442e-01	AbsError: 3.35558e+16
      Equation: "HoleContinuityEquation"	RelError: 6.99800e-01	AbsError: 7.77179e+14
      Equation: "PotentialEquation"	RelError: 2.37200e+00	AbsError: 2.00000e-02
    Region: "gate"	RelError: 3.72121e-04	AbsError: 1.84953e+16
      Equation: "ElectronContinuityEquation"	RelError: 1.83855e-04	AbsError: 1.84953e+16
      Equation: "HoleContinuityEquation"	RelError: 1.83923e-04	AbsError: 1.82831e-04
      Equation: "PotentialEquation"	RelError: 4.34250e-06	AbsError: 4.76037e-06
    Region: "oxide"	RelError: 8.22792e-03	AbsError: 1.37942e-02
      Equation: "PotentialEquation"	RelError: 8.22792e-03	AbsError: 1.37942e-02
Iteration: 1
  Device: "mos2d"	RelError: 1.37761e-01	AbsError: 1.12806e+14
    Region: "bulk"	RelError: 1.37760e-01	AbsError: 1.12806e+14
      Equation: "ElectronContinuityEquation"	RelError: 1.69843e-02	AbsError: 9.80690e+13
      Equation: "HoleContinuityEquation"	RelError: 1.12203e-01	AbsError: 1.47374e+13
      Equation: "PotentialEquation"	RelError: 8.57189e-03	AbsError: 4.52156e-05
    Region: "gate"	RelError: 7.44708e-08	AbsError: 2.16199e+12
      Equation: "ElectronContinuityEquation"	RelError: 2.14678e-08	AbsError: 2.16199e+12
      Equation: "HoleContinuityEquation"	RelError: 5.21340e-08	AbsError: 5.17671e-08
      Equation: "PotentialEquation"	RelError: 8.68980e-10	AbsError: 9.52625e-10
    Region: "oxide"	RelError: 1.31693e-06	AbsError: 1.77324e-06
      Equation: "PotentialEquation"	RelError: 1.31693e-06	AbsError: 1.77324e-06
Iteration: 2
  Device: "mos2d"	RelError: 8.65260e-04	AbsError: 4.56453e+09
    Region: "bulk"	RelError: 8.65260e-04	AbsError: 4.56453e+09
      Equation: "ElectronContinuityEquation"	RelError: 8.22648e-04	AbsError: 1.64361e+09
      Equation: "HoleContinuityEquation"	RelError: 4.15568e-05	AbsError: 2.92092e+09
      Equation: "PotentialEquation"	RelError: 1.05491e-06	AbsError: 5.89602e-09
    Region: "gate"	RelError: 7.07615e-13	AbsError: 3.48127e+07
      Equation: "ElectronContinuityEquation"	RelError: 3.49657e-13	AbsError: 3.48127e+07
      Equation: "HoleContinuityEquation"	RelError: 3.49761e-13	AbsError: 3.51298e-13
      Equation: "PotentialEquation"	RelError: 8.19718e-15	AbsError: 8.98379e-15
    Region: "oxide"	RelError: 3.24245e-11	AbsError: 2.60731e-11
      Equation: "PotentialEquation"	RelError: 3.24245e-11	AbsError: 2.60731e-11
Iteration: 3
  Device: "mos2d"	RelError: 8.57202e-09	AbsError: 8.16062e+03
    Region: "bulk"	RelError: 8.57202e-09	AbsError: 6.83173e+03
      Equation: "ElectronContinuityEquation"	RelError: 5.25256e-09	AbsError: 6.45829e+03
      Equation: "HoleContinuityEquation"	RelError: 3.31943e-09	AbsError: 3.73435e+02
      Equation: "PotentialEquation"	RelError: 2.93287e-14	AbsError: 7.41948e-16
    Region: "gate"	RelError: 4.61252e-16	AbsError: 8.16062e+03
      Equation: "ElectronContinuityEquation"	RelError: 8.16062e-17	AbsError: 8.16062e+03
      Equation: "HoleContinuityEquation"	RelError: 2.78355e-16	AbsError: 2.78951e-16
      Equation: "PotentialEquation"	RelError: 1.01291e-16	AbsError: 1.11022e-16
    Region: "oxide"	RelError: 1.79940e-16	AbsError: 1.90686e-16
      Equation: "PotentialEquation"	RelError: 1.79940e-16	AbsError: 1.90686e-16
Succeeded
IVPOINT	IDVD_VG1P0	5.00000000e-01	1.52000000e+00	5.00416330e-01
drain last end 1.520000e+00 2.000000e+00
number of equations 4295
Iteration: 0
  Device: "mos2d"	RelError: 2.61702e+00	AbsError: 3.43368e+16
    Region: "bulk"	RelError: 2.60849e+00	AbsError: 3.43368e+16
      Equation: "ElectronContinuityEquation"	RelError: 2.00513e-01	AbsError: 3.35822e+16
      Equation: "HoleContinuityEquation"	RelError: 6.98452e-01	AbsError: 7.54665e+14
      Equation: "PotentialEquation"	RelError: 1.70952e+00	AbsError: 2.00000e-02
    Region: "gate"	RelError: 3.71989e-04	AbsError: 1.84922e+16
      Equation: "ElectronContinuityEquation"	RelError: 1.83790e-04	AbsError: 1.84922e+16
      Equation: "HoleContinuityEquation"	RelError: 1.83858e-04	AbsError: 1.82733e-04
      Equation: "PotentialEquation"	RelError: 4.34094e-06	AbsError: 4.75869e-06
    Region: "oxide"	RelError: 8.15874e-03	AbsError: 1.37907e-02
      Equation: "PotentialEquation"	RelError: 8.15874e-03	AbsError: 1.37907e-02
Iteration: 1
  Device: "mos2d"	RelError: 1.34866e-01	AbsError: 1.04124e+14
    Region: "bulk"	RelError: 1.34865e-01	AbsError: 1.04124e+14
      Equation: "ElectronContinuityEquation"	RelError: 1.66864e-02	AbsError: 8.89610e+13
      Equation: "HoleContinuityEquation"	RelError: 1.12284e-01	AbsError: 1.51625e+13
      Equation: "PotentialEquation"	RelError: 5.89426e-03	AbsError: 4.46448e-05
    Region: "gate"	RelError: 6.98038e-08	AbsError: 1.93135e+12
      Equation: "ElectronContinuityEquation"	RelError: 1.91743e-08	AbsError: 1.93135e+12
      Equation: "HoleContinuityEquation"	RelError: 4.98150e-08	AbsError: 4.94558e-08
      Equation: "PotentialEquation"	RelError: 8.14516e-10	AbsError: 8.92923e-10
    Region: "oxide"	RelError: 1.32230e-06	AbsError: 1.59114e-06
      Equation: "PotentialEquation"	RelError: 1.32230e-06	AbsError: 1.59114e-06
Iteration: 2
  Device: "mos2d"	RelError: 8.16617e-04	AbsError: 4.43881e+09
    Region: "bulk"	RelError: 8.16617e-04	AbsError: 4.43881e+09
      Equation: "ElectronContinuityEquation"	RelError: 7.75272e-04	AbsError: 1.34127e+09
      Equation: "HoleContinuityEquation"	RelError: 4.06087e-05	AbsError: 3.09754e+09
      Equation: "PotentialEquation"	RelError: 7.35747e-07	AbsError: 6.48383e-09
    Region: "gate"	RelError: 7.82603e-13	AbsError: 3.85047e+07
      Equation: "ElectronContinuityEquation"	RelError: 3.86719e-13	AbsError: 3.85047e+07
      Equation: "HoleContinuityEquation"	RelError: 3.86846e-13	AbsError: 3.88526e-13
      Equation: "PotentialEquation"	RelError: 9.03753e-15	AbsError: 9.90480e-15
    Region: "oxide"	RelError: 3.56110e-11	AbsError: 2.89234e-11
      Equation: "PotentialEquation"	RelError: 3.56110e-11	AbsError: 2.89234e-11
Iteration: 3
  Device: "mos2d"	RelError: 4.97037e-09	AbsError: 8.10351e+03
    Region: "bulk"	RelError: 4.97037e-09	AbsError: 7.69215e+03
      Equation: "ElectronContinuityEquation"	RelError: 2.93936e-09	AbsError: 7.35025e+03
      Equation: "HoleContinuityEquation"	RelError: 2.03100e-09	AbsError: 3.41893e+02
      Equation: "PotentialEquation"	RelError: 1.30876e-14	AbsError: 6.06987e-16
    Region: "gate"	RelError: 3.59794e-16	AbsError: 8.10351e+03
      Equation: "ElectronContinuityEquation"	RelError: 8.10351e-17	AbsError: 8.10351e+03
      Equation: "HoleContinuityEquation"	RelError: 1.77463e-16	AbsError: 1.79430e-16
      Equation: "PotentialEquation"	RelError: 1.01295e-16	AbsError: 1.11027e-16
    Region: "oxide"	RelError: 1.34450e-16	AbsError: 1.42466e-16
      Equation: "PotentialEquation"	RelError: 1.34450e-16	AbsError: 1.42466e-16
Succeeded
IVPOINT	IDVD_VG1P0	5.00000000e-01	1.54000000e+00	5.07702073e-01
drain last end 1.540000e+00 2.000000e+00
number of equations 4295
Iteration: 0
  Device: "mos2d"	RelError: 3.72787e+00	AbsError: 3.43616e+16
    Region: "bulk"	RelError: 3.71941e+00	AbsError: 3.43616e+16
      Equation: "ElectronContinuityEquation"	RelError: 1.97283e-01	AbsError: 3.36051e+16
      Equation: "HoleContinuityEquation"	RelError: 7.00202e-01	AbsError: 7.56513e+14
      Equation: "PotentialEquation"	RelError: 2.82192e+00	AbsError: 2.00000e-02
    Region: "gate"	RelError: 3.71866e-04	AbsError: 1.84894e+16
      Equation: "ElectronContinuityEquation"	RelError: 1.83729e-04	AbsError: 1.84894e+16
      Equation: "HoleContinuityEquation"	RelError: 1.83797e-04	AbsError: 1.82639e-04
      Equation: "PotentialEquation"	RelError: 4.33949e-06	AbsError: 4.75711e-06
    Region: "oxide"	RelError: 8.09090e-03	AbsError: 1.37876e-02
      Equation: "PotentialEquation"	RelError: 8.09090e-03	AbsError: 1.37876e-02
Iteration: 1
  Device: "mos2d"	RelError: 1.33161e-01	AbsError: 9.60974e+13
    Region: "bulk"	RelError: 1.33159e-01	AbsError: 9.60974e+13
      Equation: "ElectronContinuityEquation"	RelError: 1.63692e-02	AbsError: 8.06280e+13
      Equation: "HoleContinuityEquation"	RelError: 1.12027e-01	AbsError: 1.54694e+13
      Equation: "PotentialEquation"	RelError: 4.76298e-03	AbsError: 4.40577e-05
    Region: "gate"	RelError: 6.55288e-08	AbsError: 1.72007e+12
      Equation: "ElectronContinuityEquation"	RelError: 1.70737e-08	AbsError: 1.72007e+12
      Equation: "HoleContinuityEquation"	RelError: 4.76905e-08	AbsError: 4.73383e-08
      Equation: "PotentialEquation"	RelError: 7.64627e-10	AbsError: 8.38235e-10
    Region: "oxide"	RelError: 1.32624e-06	AbsError: 1.42430e-06
      Equation: "PotentialEquation"	RelError: 1.32624e-06	AbsError: 1.42430e-06
Iteration: 2
  Device: "mos2d"	RelError: 7.32575e-04	AbsError: 4.51401e+09
    Region: "bulk"	RelError: 7.32575e-04	AbsError: 4.51401e+09
      Equation: "ElectronContinuityEquation"	RelError: 6.92732e-04	AbsError: 1.29036e+09
      Equation: "HoleContinuityEquation"	RelError: 3.95702e-05	AbsError: 3.22365e+09
      Equation: "PotentialEquation"	RelError: 2.71986e-07	AbsError: 7.13840e-09
    Region: "gate"	RelError: 8.62444e-13	AbsError: 4.25406e+07
      Equation: "ElectronContinuityEquation"	RelError: 4.26253e-13	AbsError: 4.25406e+07
      Equation: "HoleContinuityEquation"	RelError: 4.26190e-13	AbsError: 4.27038e-13
      Equation: "PotentialEquation"	RelError: 1.00002e-14	AbsError: 1.09605e-14
    Region: "oxide"	RelError: 3.87380e-11	AbsError: 3.18965e-11
      Equation: "PotentialEquation"	RelError: 3.87380e-11	AbsError: 3.18965e-11
Iteration: 3
  Device: "mos2d"	RelError: 5.06336e-09	AbsError: 8.42550e+03
    Region: "bulk"	RelError: 5.06336e-09	AbsError: 8.42550e+03
      Equation: "ElectronContinuityEquation"	RelError: 3.18098e-09	AbsError: 7.91661e+03
      Equation: "HoleContinuityEquation"	RelError: 1.88233e-09	AbsError: 5.08884e+02
      Equation: "PotentialEquation"	RelError: 4.31622e-14	AbsError: 1.42424e-15
    Region: "gate"	RelError: 3.09893e-16	AbsError: 7.95098e+03
      Equation: "ElectronContinuityEquation"	RelError: 7.95098e-17	AbsError: 7.95098e+03
      Equation: "HoleContinuityEquation"	RelError: 1.29093e-16	AbsError: 1.29647e-16
      Equation: "PotentialEquation"	RelError: 1.01291e-16	AbsError: 1.11022e-16
    Region: "oxide"	RelError: 1.44544e-16	AbsError: 1.57749e-16
      Equation: "PotentialEquation"	RelError: 1.44544e-16	AbsError: 1.57749e-16
Succeeded
IVPOINT	IDVD_VG1P0	5.00000000e-01	1.56000000e+00	5.15040732e-01
drain last end 1.560000e+00 2.000000e+00
number of equations 4295
Iteration: 0
  Device: "mos2d"	RelError: 2.44443e+00	AbsError: 3.43823e+16
    Region: "bulk"	RelError: 2.43604e+00	AbsError: 3.43823e+16
      Equation: "ElectronContinuityEquation"	RelError: 1.93707e-01	AbsError: 3.36249e+16
      Equation: "HoleContinuityEquation"	RelError: 7.00290e-01	AbsError: 7.57409e+14
      Equation: "PotentialEquation"	RelError: 1.54204e+00	AbsError: 2.00000e-02
    Region: "gate"	RelError: 3.71750e-04	AbsError: 1.84871e+16
      Equation: "ElectronContinuityEquation"	RelError: 1.83672e-04	AbsError: 1.84871e+16
      Equation: "HoleContinuityEquation"	RelError: 1.83740e-04	AbsError: 1.82549e-04
      Equation: "PotentialEquation"	RelError: 4.33812e-06	AbsError: 4.75564e-06
    Region: "oxide"	RelError: 8.02435e-03	AbsError: 1.37848e-02
      Equation: "PotentialEquation"	RelError: 8.02435e-03	AbsError: 1.37848e-02
Iteration: 1
  Device: "mos2d"	RelError: 1.30994e-01	AbsError: 8.86764e+13
    Region: "bulk"	RelError: 1.30993e-01	AbsError: 8.86764e+13
      Equation: "ElectronContinuityEquation"	RelError: 1.60294e-02	AbsError: 7.30183e+13
      Equation: "HoleContinuityEquation"	RelError: 1.12398e-01	AbsError: 1.56581e+13
      Equation: "PotentialEquation"	RelError: 2.56559e-03	AbsError: 4.34461e-05
    Region: "gate"	RelError: 6.16203e-08	AbsError: 1.52689e+12
      Equation: "ElectronContinuityEquation"	RelError: 1.51534e-08	AbsError: 1.52689e+12
      Equation: "HoleContinuityEquation"	RelError: 4.57479e-08	AbsError: 4.54021e-08
      Equation: "PotentialEquation"	RelError: 7.19016e-10	AbsError: 7.88236e-10
    Region: "oxide"	RelError: 1.32875e-06	AbsError: 1.27174e-06
      Equation: "PotentialEquation"	RelError: 1.32875e-06	AbsError: 1.27174e-06
Iteration: 2
  Device: "mos2d"	RelError: 6.24102e-04	AbsError: 4.83501e+09
    Region: "bulk"	RelError: 6.24102e-04	AbsError: 4.83501e+09
      Equation: "ElectronContinuityEquation"	RelError: 5.85497e-04	AbsError: 1.32509e+09
      Equation: "HoleContinuityEquation"	RelError: 3.84368e-05	AbsError: 3.50992e+09
      Equation: "PotentialEquation"	RelError: 1.68889e-07	AbsError: 7.78773e-09
    Region: "gate"	RelError: 9.42096e-13	AbsError: 4.64735e+07
      Equation: "ElectronContinuityEquation"	RelError: 4.65625e-13	AbsError: 4.64735e+07
      Equation: "HoleContinuityEquation"	RelError: 4.65566e-13	AbsError: 4.66458e-13
      Equation: "PotentialEquation"	RelError: 1.09052e-14	AbsError: 1.19524e-14
    Region: "oxide"	RelError: 4.17610e-11	AbsError: 3.47505e-11
      Equation: "PotentialEquation"	RelError: 4.17610e-11	AbsError: 3.47505e-11
Iteration: 3
  Device: "mos2d"	RelError: 4.32072e-09	AbsError: 7.98927e+03
    Region: "bulk"	RelError: 4.32072e-09	AbsError: 6.82976e+03
      Equation: "ElectronContinuityEquation"	RelError: 2.31602e-09	AbsError: 6.40233e+03
      Equation: "HoleContinuityEquation"	RelError: 2.00468e-09	AbsError: 4.27432e+02
      Equation: "PotentialEquation"	RelError: 1.05701e-14	AbsError: 9.04188e-16
    Region: "gate"	RelError: 3.20024e-16	AbsError: 7.98927e+03
      Equation: "ElectronContinuityEquation"	RelError: 8.00457e-17	AbsError: 7.98927e+03
      Equation: "HoleContinuityEquation"	RelError: 1.38676e-16	AbsError: 1.39264e-16
      Equation: "PotentialEquation"	RelError: 1.01302e-16	AbsError: 1.11034e-16
    Region: "oxide"	RelError: 1.69916e-16	AbsError: 1.94278e-16
      Equation: "PotentialEquation"	RelError: 1.69916e-16	AbsError: 1.94278e-16
Succeeded
IVPOINT	IDVD_VG1P0	5.00000000e-01	1.58000000e+00	5.22432695e-01
drain last end 1.580000e+00 2.000000e+00
number of equations 4295
Iteration: 0
  Device: "mos2d"	RelError: 1.50279e+00	AbsError: 3.43991e+16
    Region: "bulk"	RelError: 1.49446e+00	AbsError: 3.43991e+16
      Equation: "ElectronContinuityEquation"	RelError: 1.89734e-01	AbsError: 3.36418e+16
      Equation: "HoleContinuityEquation"	RelError: 6.97930e-01	AbsError: 7.57323e+14
      Equation: "PotentialEquation"	RelError: 6.06796e-01	AbsError: 2.00000e-02
    Region: "gate"	RelError: 3.71643e-04	AbsError: 1.84851e+16
      Equation: "ElectronContinuityEquation"	RelError: 1.83619e-04	AbsError: 1.84851e+16
      Equation: "HoleContinuityEquation"	RelError: 1.83687e-04	AbsError: 1.82462e-04
      Equation: "PotentialEquation"	RelError: 4.33685e-06	AbsError: 4.75426e-06
    Region: "oxide"	RelError: 7.95905e-03	AbsError: 1.37823e-02
      Equation: "PotentialEquation"	RelError: 7.95905e-03	AbsError: 1.37823e-02
Iteration: 1
  Device: "mos2d"	RelError: 1.29641e-01	AbsError: 8.20561e+13
    Region: "bulk"	RelError: 1.29639e-01	AbsError: 8.20561e+13
      Equation: "ElectronContinuityEquation"	RelError: 1.56633e-02	AbsError: 6.60809e+13
      Equation: "HoleContinuityEquation"	RelError: 1.12409e-01	AbsError: 1.59752e+13
      Equation: "PotentialEquation"	RelError: 1.56695e-03	AbsError: 4.39405e-05
    Region: "gate"	RelError: 5.80536e-08	AbsError: 1.35058e+12
      Equation: "ElectronContinuityEquation"	RelError: 1.34014e-08	AbsError: 1.35058e+12
      Equation: "HoleContinuityEquation"	RelError: 4.39748e-08	AbsError: 4.36348e-08
      Equation: "PotentialEquation"	RelError: 6.77392e-10	AbsError: 7.42608e-10
    Region: "oxide"	RelError: 1.33013e-06	AbsError: 1.13248e-06
      Equation: "PotentialEquation"	RelError: 1.33013e-06	AbsError: 1.13248e-06
Iteration: 2
  Device: "mos2d"	RelError: 5.11582e-04	AbsError: 5.29257e+09
    Region: "bulk"	RelError: 5.11582e-04	AbsError: 5.29257e+09
      Equation: "ElectronContinuityEquation"	RelError: 4.74181e-04	AbsError: 1.36614e+09
      Equation: "HoleContinuityEquation"	RelError: 3.72059e-05	AbsError: 3.92643e+09
      Equation: "PotentialEquation"	RelError: 1.94959e-07	AbsError: 8.40448e-09
    Region: "gate"	RelError: 1.01737e-12	AbsError: 5.01857e+07
      Equation: "ElectronContinuityEquation"	RelError: 5.02781e-13	AbsError: 5.01857e+07
      Equation: "HoleContinuityEquation"	RelError: 5.02736e-13	AbsError: 5.03661e-13
      Equation: "PotentialEquation"	RelError: 1.18544e-14	AbsError: 1.29927e-14
    Region: "oxide"	RelError: 4.46339e-11	AbsError: 3.74514e-11
      Equation: "PotentialEquation"	RelError: 4.46339e-11	AbsError: 3.74514e-11
Iteration: 3
  Device: "mos2d"	RelError: 7.00536e-09	AbsError: 8.15575e+03
    Region: "bulk"	RelError: 7.00536e-09	AbsError: 4.53691e+03
      Equation: "ElectronContinuityEquation"	RelError: 4.51924e-09	AbsError: 4.06046e+03
      Equation: "HoleContinuityEquation"	RelError: 2.48611e-09	AbsError: 4.76449e+02
      Equation: "PotentialEquation"	RelError: 1.41202e-14	AbsError: 4.55153e-16
    Region: "gate"	RelError: 3.30510e-16	AbsError: 8.15575e+03
      Equation: "ElectronContinuityEquation"	RelError: 8.15575e-17	AbsError: 8.15575e+03
      Equation: "HoleContinuityEquation"	RelError: 1.47618e-16	AbsError: 1.47431e-16
      Equation: "PotentialEquation"	RelError: 1.01335e-16	AbsError: 1.11071e-16
    Region: "oxide"	RelError: 2.42001e-16	AbsError: 1.52995e-16
      Equation: "PotentialEquation"	RelError: 2.42001e-16	AbsError: 1.52995e-16
Succeeded
IVPOINT	IDVD_VG1P0	5.00000000e-01	1.60000000e+00	5.29878343e-01
drain last end 1.600000e+00 2.000000e+00
number of equations 4295
Iteration: 0
  Device: "mos2d"	RelError: 1.88222e+00	AbsError: 3.44123e+16
    Region: "bulk"	RelError: 1.87396e+00	AbsError: 3.44123e+16
      Equation: "ElectronContinuityEquation"	RelError: 1.85314e-01	AbsError: 3.36561e+16
      Equation: "HoleContinuityEquation"	RelError: 6.91999e-01	AbsError: 7.56223e+14
      Equation: "PotentialEquation"	RelError: 9.96643e-01	AbsError: 2.00000e-02
    Region: "gate"	RelError: 3.71541e-04	AbsError: 1.84835e+16
      Equation: "ElectronContinuityEquation"	RelError: 1.83569e-04	AbsError: 1.84835e+16
      Equation: "HoleContinuityEquation"	RelError: 1.83637e-04	AbsError: 1.82379e-04
      Equation: "PotentialEquation"	RelError: 4.33565e-06	AbsError: 4.75296e-06
    Region: "oxide"	RelError: 7.89495e-03	AbsError: 1.37801e-02
      Equation: "PotentialEquation"	RelError: 7.89495e-03	AbsError: 1.37801e-02
Iteration: 1
  Device: "mos2d"	RelError: 1.30216e-01	AbsError: 7.63633e+13
    Region: "bulk"	RelError: 1.30215e-01	AbsError: 7.63633e+13
      Equation: "ElectronContinuityEquation"	RelError: 1.52668e-02	AbsError: 5.97660e+13
      Equation: "HoleContinuityEquation"	RelError: 1.11894e-01	AbsError: 1.65972e+13
      Equation: "PotentialEquation"	RelError: 3.05410e-03	AbsError: 4.43075e-05
    Region: "gate"	RelError: 5.63462e-08	AbsError: 1.32925e+12
      Equation: "ElectronContinuityEquation"	RelError: 1.33475e-08	AbsError: 1.32925e+12
      Equation: "HoleContinuityEquation"	RelError: 4.23592e-08	AbsError: 4.20244e-08
      Equation: "PotentialEquation"	RelError: 6.39475e-10	AbsError: 7.01044e-10
    Region: "oxide"	RelError: 1.33020e-06	AbsError: 1.00559e-06
      Equation: "PotentialEquation"	RelError: 1.33020e-06	AbsError: 1.00559e-06
Iteration: 2
  Device: "mos2d"	RelError: 5.33233e-04	AbsError: 5.69711e+09
    Region: "bulk"	RelError: 5.33233e-04	AbsError: 5.69711e+09
      Equation: "ElectronContinuityEquation"	RelError: 4.96961e-04	AbsError: 1.40769e+09
      Equation: "HoleContinuityEquation"	RelError: 3.58762e-05	AbsError: 4.28942e+09
      Equation: "PotentialEquation"	RelError: 3.95166e-07	AbsError: 8.95887e-09
    Region: "gate"	RelError: 1.08713e-12	AbsError: 5.36217e+07
      Equation: "ElectronContinuityEquation"	RelError: 5.37163e-13	AbsError: 5.36217e+07
      Equation: "HoleContinuityEquation"	RelError: 5.37309e-13	AbsError: 5.38257e-13
      Equation: "PotentialEquation"	RelError: 1.26534e-14	AbsError: 1.38685e-14
    Region: "oxide"	RelError: 4.73103e-11	AbsError: 3.99662e-11
      Equation: "PotentialEquation"	RelError: 4.73103e-11	AbsError: 3.99662e-11
Iteration: 3
  Device: "mos2d"	RelError: 1.51333e-08	AbsError: 8.16728e+03
    Region: "bulk"	RelError: 1.51333e-08	AbsError: 7.92961e+03
      Equation: "ElectronContinuityEquation"	RelError: 8.13428e-09	AbsError: 7.45066e+03
      Equation: "HoleContinuityEquation"	RelError: 6.99896e-09	AbsError: 4.78955e+02
      Equation: "PotentialEquation"	RelError: 1.87970e-14	AbsError: 8.19225e-16
    Region: "gate"	RelError: 3.90013e-16	AbsError: 8.16728e+03
      Equation: "ElectronContinuityEquation"	RelError: 8.16732e-17	AbsError: 8.16728e+03
      Equation: "HoleContinuityEquation"	RelError: 2.06099e-16	AbsError: 2.07639e-16
      Equation: "PotentialEquation"	RelError: 1.02242e-16	AbsError: 1.12064e-16
    Region: "oxide"	RelError: 1.96837e-16	AbsError: 2.58655e-16
      Equation: "PotentialEquation"	RelError: 1.96837e-16	AbsError: 2.58655e-16
Succeeded
IVPOINT	IDVD_VG1P0	5.00000000e-01	1.62000000e+00	5.37378059e-01
drain last end 1.620000e+00 2.000000e+00
number of equations 4295
Iteration: 0
  Device: "mos2d"	RelError: 1.75268e+02	AbsError: 3.44220e+16
    Region: "bulk"	RelError: 1.75260e+02	AbsError: 3.44220e+16
      Equation: "ElectronContinuityEquation"	RelError: 1.81641e-01	AbsError: 3.36679e+16
      Equation: "HoleContinuityEquation"	RelError: 6.80945e-01	AbsError: 7.54077e+14
      Equation: "PotentialEquation"	RelError: 1.74398e+02	AbsError: 2.00000e-02
    Region: "gate"	RelError: 3.71446e-04	AbsError: 1.84822e+16
      Equation: "ElectronContinuityEquation"	RelError: 1.83522e-04	AbsError: 1.84822e+16
      Equation: "HoleContinuityEquation"	RelError: 1.83590e-04	AbsError: 1.82299e-04
      Equation: "PotentialEquation"	RelError: 4.33452e-06	AbsError: 4.75175e-06
    Region: "oxide"	RelError: 7.83200e-03	AbsError: 1.37781e-02
      Equation: "PotentialEquation"	RelError: 7.83200e-03	AbsError: 1.37781e-02
Iteration: 1
  Device: "mos2d"	RelError: 4.65657e-01	AbsError: 7.10965e+13
    Region: "bulk"	RelError: 4.65656e-01	AbsError: 7.10965e+13
      Equation: "ElectronContinuityEquation"	RelError: 1.48353e-02	AbsError: 5.40259e+13
      Equation: "HoleContinuityEquation"	RelError: 1.10620e-01	AbsError: 1.70706e+13
      Equation: "PotentialEquation"	RelError: 3.40201e-01	AbsError: 4.44787e-05
    Region: "gate"	RelError: 5.49905e-08	AbsError: 1.34407e+12
      Equation: "ElectronContinuityEquation"	RelError: 1.34956e-08	AbsError: 1.34407e+12
      Equation: "HoleContinuityEquation"	RelError: 4.08899e-08	AbsError: 4.05596e-08
      Equation: "PotentialEquation"	RelError: 6.04998e-10	AbsError: 6.63250e-10
    Region: "oxide"	RelError: 1.32879e-06	AbsError: 9.91856e-07
      Equation: "PotentialEquation"	RelError: 1.32879e-06	AbsError: 9.91856e-07
Iteration: 2
  Device: "mos2d"	RelError: 5.80260e-04	AbsError: 6.03110e+09
    Region: "bulk"	RelError: 5.80260e-04	AbsError: 6.03110e+09
      Equation: "ElectronContinuityEquation"	RelError: 5.00100e-04	AbsError: 1.44401e+09
      Equation: "HoleContinuityEquation"	RelError: 3.44490e-05	AbsError: 4.58709e+09
      Equation: "PotentialEquation"	RelError: 4.57108e-05	AbsError: 9.42058e-09
    Region: "gate"	RelError: 1.15103e-12	AbsError: 5.67766e+07
      Equation: "ElectronContinuityEquation"	RelError: 5.68726e-13	AbsError: 5.67766e+07
      Equation: "HoleContinuityEquation"	RelError: 5.68849e-13	AbsError: 5.69810e-13
      Equation: "PotentialEquation"	RelError: 1.34607e-14	AbsError: 1.47534e-14
    Region: "oxide"	RelError: 4.97465e-11	AbsError: 4.22620e-11
      Equation: "PotentialEquation"	RelError: 4.97465e-11	AbsError: 4.22620e-11
Iteration: 3
  Device: "mos2d"	RelError: 5.13367e-09	AbsError: 8.14772e+03
    Region: "bulk"	RelError: 5.13367e-09	AbsError: 7.34009e+03
      Equation: "ElectronContinuityEquation"	RelError: 3.40393e-09	AbsError: 6.99224e+03
      Equation: "HoleContinuityEquation"	RelError: 1.72833e-09	AbsError: 3.47854e+02
      Equation: "PotentialEquation"	RelError: 1.41480e-12	AbsError: 7.50042e-16
    Region: "gate"	RelError: 3.86495e-16	AbsError: 8.14772e+03
      Equation: "ElectronContinuityEquation"	RelError: 8.23785e-17	AbsError: 8.14772e+03
      Equation: "HoleContinuityEquation"	RelError: 2.02826e-16	AbsError: 2.04338e-16
      Equation: "PotentialEquation"	RelError: 1.01291e-16	AbsError: 1.11022e-16
    Region: "oxide"	RelError: 2.04675e-16	AbsError: 1.96033e-16
      Equation: "PotentialEquation"	RelError: 2.04675e-16	AbsError: 1.96033e-16
Succeeded
IVPOINT	IDVD_VG1P0	5.00000000e-01	1.64000000e+00	5.44932220e-01
drain last end 1.640000e+00 2.000000e+00
number of equations 4295
Iteration: 0
  Device: "mos2d"	RelError: 1.85453e+00	AbsError: 3.44285e+16
    Region: "bulk"	RelError: 1.84639e+00	AbsError: 3.44285e+16
      Equation: "ElectronContinuityEquation"	RelError: 1.80922e-01	AbsError: 3.36776e+16
      Equation: "HoleContinuityEquation"	RelError: 6.74033e-01	AbsError: 7.50849e+14
      Equation: "PotentialEquation"	RelError: 9.91435e-01	AbsError: 2.00000e-02
    Region: "gate"	RelError: 3.71356e-04	AbsError: 1.84811e+16
      Equation: "ElectronContinuityEquation"	RelError: 1.83478e-04	AbsError: 1.84811e+16
      Equation: "HoleContinuityEquation"	RelError: 1.83545e-04	AbsError: 1.82221e-04
      Equation: "PotentialEquation"	RelError: 4.33345e-06	AbsError: 4.75060e-06
    Region: "oxide"	RelError: 7.77016e-03	AbsError: 1.37764e-02
      Equation: "PotentialEquation"	RelError: 7.77016e-03	AbsError: 1.37764e-02
Iteration: 1
  Device: "mos2d"	RelError: 1.25471e-01	AbsError: 6.62019e+13
    Region: "bulk"	RelError: 1.25470e-01	AbsError: 6.62019e+13
      Equation: "ElectronContinuityEquation"	RelError: 1.43640e-02	AbsError: 4.88146e+13
      Equation: "HoleContinuityEquation"	RelError: 1.08277e-01	AbsError: 1.73873e+13
      Equation: "PotentialEquation"	RelError: 2.82937e-03	AbsError: 4.44348e-05
    Region: "gate"	RelError: 5.37476e-08	AbsError: 1.35633e+12
      Equation: "ElectronContinuityEquation"	RelError: 1.36180e-08	AbsError: 1.35633e+12
      Equation: "HoleContinuityEquation"	RelError: 3.95559e-08	AbsError: 3.92295e-08
      Equation: "PotentialEquation"	RelError: 5.73705e-10	AbsError: 6.28947e-10
    Region: "oxide"	RelError: 1.32589e-06	AbsError: 1.00137e-06
      Equation: "PotentialEquation"	RelError: 1.32589e-06	AbsError: 1.00137e-06
Iteration: 2
  Device: "mos2d"	RelError: 5.14969e-04	AbsError: 6.27816e+09
    Region: "bulk"	RelError: 5.14969e-04	AbsError: 6.27816e+09
      Equation: "ElectronContinuityEquation"	RelError: 4.81648e-04	AbsError: 1.46981e+09
      Equation: "HoleContinuityEquation"	RelError: 3.29275e-05	AbsError: 4.80835e+09
      Equation: "PotentialEquation"	RelError: 3.92843e-07	AbsError: 9.76107e-09
    Region: "gate"	RelError: 1.20740e-12	AbsError: 5.95603e+07
      Equation: "ElectronContinuityEquation"	RelError: 5.96564e-13	AbsError: 5.95603e+07
      Equation: "HoleContinuityEquation"	RelError: 5.96691e-13	AbsError: 5.97655e-13
      Equation: "PotentialEquation"	RelError: 1.41461e-14	AbsError: 1.55046e-14
    Region: "oxide"	RelError: 5.19020e-11	AbsError: 4.43076e-11
      Equation: "PotentialEquation"	RelError: 5.19020e-11	AbsError: 4.43076e-11
Iteration: 3
  Device: "mos2d"	RelError: 9.60940e-09	AbsError: 8.17976e+03
    Region: "bulk"	RelError: 9.60940e-09	AbsError: 6.61766e+03
      Equation: "ElectronContinuityEquation"	RelError: 5.18553e-09	AbsError: 6.08578e+03
      Equation: "HoleContinuityEquation"	RelError: 4.42384e-09	AbsError: 5.31884e+02
      Equation: "PotentialEquation"	RelError: 2.84410e-14	AbsError: 6.87660e-16
    Region: "gate"	RelError: 3.93947e-16	AbsError: 8.17976e+03
      Equation: "ElectronContinuityEquation"	RelError: 8.17976e-17	AbsError: 8.17976e+03
      Equation: "HoleContinuityEquation"	RelError: 2.10859e-16	AbsError: 2.11199e-16
      Equation: "PotentialEquation"	RelError: 1.01291e-16	AbsError: 1.11022e-16
    Region: "oxide"	RelError: 1.88803e-16	AbsError: 1.64039e-16
      Equation: "PotentialEquation"	RelError: 1.88803e-16	AbsError: 1.64039e-16
Succeeded
IVPOINT	IDVD_VG1P0	5.00000000e-01	1.66000000e+00	5.52541203e-01
drain last end 1.660000e+00 2.000000e+00
number of equations 4295
Iteration: 0
  Device: "mos2d"	RelError: 1.83588e+00	AbsError: 3.44318e+16
    Region: "bulk"	RelError: 1.82779e+00	AbsError: 3.44318e+16
      Equation: "ElectronContinuityEquation"	RelError: 1.80189e-01	AbsError: 3.36853e+16
      Equation: "HoleContinuityEquation"	RelError: 6.74132e-01	AbsError: 7.46508e+14
      Equation: "PotentialEquation"	RelError: 9.73474e-01	AbsError: 2.00000e-02
    Region: "gate"	RelError: 3.71272e-04	AbsError: 1.84803e+16
      Equation: "ElectronContinuityEquation"	RelError: 1.83436e-04	AbsError: 1.84803e+16
      Equation: "HoleContinuityEquation"	RelError: 1.83503e-04	AbsError: 1.82146e-04
      Equation: "PotentialEquation"	RelError: 4.33244e-06	AbsError: 4.74951e-06
    Region: "oxide"	RelError: 7.70940e-03	AbsError: 1.37748e-02
      Equation: "PotentialEquation"	RelError: 7.70940e-03	AbsError: 1.37748e-02
Iteration: 1
  Device: "mos2d"	RelError: 1.22211e-01	AbsError: 6.16314e+13
    Region: "bulk"	RelError: 1.22209e-01	AbsError: 6.16314e+13
      Equation: "ElectronContinuityEquation"	RelError: 1.38481e-02	AbsError: 4.40889e+13
      Equation: "HoleContinuityEquation"	RelError: 1.06742e-01	AbsError: 1.75425e+13
      Equation: "PotentialEquation"	RelError: 1.61930e-03	AbsError: 4.41610e-05
    Region: "gate"	RelError: 5.26072e-08	AbsError: 1.36606e+12
      Equation: "ElectronContinuityEquation"	RelError: 1.37149e-08	AbsError: 1.36606e+12
      Equation: "HoleContinuityEquation"	RelError: 3.83470e-08	AbsError: 3.80239e-08
      Equation: "PotentialEquation"	RelError: 5.45354e-10	AbsError: 5.97868e-10
    Region: "oxide"	RelError: 1.32148e-06	AbsError: 1.00897e-06
      Equation: "PotentialEquation"	RelError: 1.32148e-06	AbsError: 1.00897e-06
Iteration: 2
  Device: "mos2d"	RelError: 4.74362e-04	AbsError: 6.42457e+09
    Region: "bulk"	RelError: 4.74362e-04	AbsError: 6.42457e+09
      Equation: "ElectronContinuityEquation"	RelError: 4.42847e-04	AbsError: 1.48059e+09
      Equation: "HoleContinuityEquation"	RelError: 3.13179e-05	AbsError: 4.94398e+09
      Equation: "PotentialEquation"	RelError: 1.96394e-07	AbsError: 9.95621e-09
    Region: "gate"	RelError: 1.25614e-12	AbsError: 6.19793e+07
      Equation: "ElectronContinuityEquation"	RelError: 6.20747e-13	AbsError: 6.19793e+07
      Equation: "HoleContinuityEquation"	RelError: 6.20762e-13	AbsError: 6.21717e-13
      Equation: "PotentialEquation"	RelError: 1.46287e-14	AbsError: 1.60336e-14
    Region: "oxide"	RelError: 5.37418e-11	AbsError: 4.60754e-11
      Equation: "PotentialEquation"	RelError: 5.37418e-11	AbsError: 4.60754e-11
Iteration: 3
  Device: "mos2d"	RelError: 8.99929e-09	AbsError: 8.17705e+03
    Region: "bulk"	RelError: 8.99929e-09	AbsError: 5.78699e+03
      Equation: "ElectronContinuityEquation"	RelError: 4.86781e-09	AbsError: 5.35081e+03
      Equation: "HoleContinuityEquation"	RelError: 4.13144e-09	AbsError: 4.36174e+02
      Equation: "PotentialEquation"	RelError: 3.63402e-14	AbsError: 7.33895e-16
    Region: "gate"	RelError: 3.46218e-16	AbsError: 8.17705e+03
      Equation: "ElectronContinuityEquation"	RelError: 8.17703e-17	AbsError: 8.17705e+03
      Equation: "HoleContinuityEquation"	RelError: 1.62153e-16	AbsError: 1.63313e-16
      Equation: "PotentialEquation"	RelError: 1.02295e-16	AbsError: 1.12094e-16
    Region: "oxide"	RelError: 2.16759e-16	AbsError: 1.63970e-16
      Equation: "PotentialEquation"	RelError: 2.16759e-16	AbsError: 1.63970e-16
Succeeded
IVPOINT	IDVD_VG1P0	5.00000000e-01	1.68000000e+00	5.60205378e-01
drain last end 1.680000e+00 2.000000e+00
number of equations 4295
Iteration: 0
  Device: "mos2d"	RelError: 4.59122e+01	AbsError: 3.44322e+16
    Region: "bulk"	RelError: 4.59042e+01	AbsError: 3.44322e+16
      Equation: "ElectronContinuityEquation"	RelError: 1.79436e-01	AbsError: 3.36912e+16
      Equation: "HoleContinuityEquation"	RelError: 6.72146e-01	AbsError: 7.41023e+14
      Equation: "PotentialEquation"	RelError: 4.50526e+01	AbsError: 2.00000e-02
    Region: "gate"	RelError: 3.71191e-04	AbsError: 1.84797e+16
      Equation: "ElectronContinuityEquation"	RelError: 1.83396e-04	AbsError: 1.84797e+16
      Equation: "HoleContinuityEquation"	RelError: 1.83464e-04	AbsError: 1.82073e-04
      Equation: "PotentialEquation"	RelError: 4.33149e-06	AbsError: 4.74849e-06
    Region: "oxide"	RelError: 7.64968e-03	AbsError: 1.37735e-02
      Equation: "PotentialEquation"	RelError: 7.64968e-03	AbsError: 1.37735e-02
Iteration: 1
  Device: "mos2d"	RelError: 2.00129e-01	AbsError: 5.73426e+13
    Region: "bulk"	RelError: 2.00127e-01	AbsError: 5.73426e+13
      Equation: "ElectronContinuityEquation"	RelError: 1.32967e-02	AbsError: 3.98077e+13
      Equation: "HoleContinuityEquation"	RelError: 1.06769e-01	AbsError: 1.75348e+13
      Equation: "PotentialEquation"	RelError: 8.00612e-02	AbsError: 4.36491e-05
    Region: "gate"	RelError: 5.15598e-08	AbsError: 1.37328e+12
      Equation: "ElectronContinuityEquation"	RelError: 1.37867e-08	AbsError: 1.37328e+12
      Equation: "HoleContinuityEquation"	RelError: 3.72533e-08	AbsError: 3.69330e-08
      Equation: "PotentialEquation"	RelError: 5.19716e-10	AbsError: 5.69764e-10
    Region: "oxide"	RelError: 1.31578e-06	AbsError: 1.01468e-06
      Equation: "PotentialEquation"	RelError: 1.31578e-06	AbsError: 1.01468e-06
Iteration: 2
  Device: "mos2d"	RelError: 4.19671e-04	AbsError: 6.46093e+09
    Region: "bulk"	RelError: 4.19670e-04	AbsError: 6.46093e+09
      Equation: "ElectronContinuityEquation"	RelError: 3.88133e-04	AbsError: 1.47305e+09
      Equation: "HoleContinuityEquation"	RelError: 2.96292e-05	AbsError: 4.98788e+09
      Equation: "PotentialEquation"	RelError: 1.90877e-06	AbsError: 9.98881e-09
    Region: "gate"	RelError: 1.29654e-12	AbsError: 6.39836e+07
      Equation: "ElectronContinuityEquation"	RelError: 6.40772e-13	AbsError: 6.39836e+07
      Equation: "HoleContinuityEquation"	RelError: 6.40734e-13	AbsError: 6.41672e-13
      Equation: "PotentialEquation"	RelError: 1.50366e-14	AbsError: 1.64807e-14
    Region: "oxide"	RelError: 5.52379e-11	AbsError: 4.75425e-11
      Equation: "PotentialEquation"	RelError: 5.52379e-11	AbsError: 4.75425e-11
Iteration: 3
  Device: "mos2d"	RelError: 4.94034e-09	AbsError: 8.14910e+03
    Region: "bulk"	RelError: 4.94034e-09	AbsError: 4.77220e+03
      Equation: "ElectronContinuityEquation"	RelError: 3.42008e-09	AbsError: 4.41339e+03
      Equation: "HoleContinuityEquation"	RelError: 1.51942e-09	AbsError: 3.58815e+02
      Equation: "PotentialEquation"	RelError: 8.40984e-13	AbsError: 7.16814e-16
    Region: "gate"	RelError: 3.61268e-16	AbsError: 8.14910e+03
      Equation: "ElectronContinuityEquation"	RelError: 8.14910e-17	AbsError: 8.14910e+03
      Equation: "HoleContinuityEquation"	RelError: 1.78486e-16	AbsError: 1.79186e-16
      Equation: "PotentialEquation"	RelError: 1.01291e-16	AbsError: 1.11022e-16
    Region: "oxide"	RelError: 1.76095e-16	AbsError: 2.79119e-16
      Equation: "PotentialEquation"	RelError: 1.76095e-16	AbsError: 2.79119e-16
Succeeded
IVPOINT	IDVD_VG1P0	5.00000000e-01	1.70000000e+00	5.67925111e-01
drain last end 1.700000e+00 2.000000e+00
number of equations 4295
Iteration: 0
  Device: "mos2d"	RelError: 1.87468e+00	AbsError: 3.44298e+16
    Region: "bulk"	RelError: 1.86672e+00	AbsError: 3.44298e+16
      Equation: "ElectronContinuityEquation"	RelError: 1.78657e-01	AbsError: 3.36955e+16
      Equation: "HoleContinuityEquation"	RelError: 6.67147e-01	AbsError: 7.34364e+14
      Equation: "PotentialEquation"	RelError: 1.02091e+00	AbsError: 2.00000e-02
    Region: "gate"	RelError: 3.71115e-04	AbsError: 1.84793e+16
      Equation: "ElectronContinuityEquation"	RelError: 1.83359e-04	AbsError: 1.84793e+16
      Equation: "HoleContinuityEquation"	RelError: 1.83426e-04	AbsError: 1.82003e-04
      Equation: "PotentialEquation"	RelError: 4.33058e-06	AbsError: 4.74751e-06
    Region: "oxide"	RelError: 7.59096e-03	AbsError: 1.37723e-02
      Equation: "PotentialEquation"	RelError: 7.59096e-03	AbsError: 1.37723e-02
Iteration: 1
  Device: "mos2d"	RelError: 1.21021e-01	AbsError: 5.32998e+13
    Region: "bulk"	RelError: 1.21019e-01	AbsError: 5.32998e+13
      Equation: "ElectronContinuityEquation"	RelError: 1.30043e-02	AbsError: 3.59329e+13
      Equation: "HoleContinuityEquation"	RelError: 1.06355e-01	AbsError: 1.73669e+13
      Equation: "PotentialEquation"	RelError: 1.66003e-03	AbsError: 4.28978e-05
    Region: "gate"	RelError: 5.05962e-08	AbsError: 1.37804e+12
      Equation: "ElectronContinuityEquation"	RelError: 1.38338e-08	AbsError: 1.37804e+12
      Equation: "HoleContinuityEquation"	RelError: 3.62659e-08	AbsError: 3.59478e-08
      Equation: "PotentialEquation"	RelError: 4.96577e-10	AbsError: 5.44399e-10
    Region: "oxide"	RelError: 1.31194e-06	AbsError: 1.01853e-06
      Equation: "PotentialEquation"	RelError: 1.31194e-06	AbsError: 1.01853e-06
Iteration: 2
  Device: "mos2d"	RelError: 3.82405e-04	AbsError: 6.38344e+09
    Region: "bulk"	RelError: 3.82405e-04	AbsError: 6.38344e+09
      Equation: "ElectronContinuityEquation"	RelError: 3.54412e-04	AbsError: 1.44527e+09
      Equation: "HoleContinuityEquation"	RelError: 2.78731e-05	AbsError: 4.93816e+09
      Equation: "PotentialEquation"	RelError: 1.20705e-07	AbsError: 9.85079e-09
    Region: "gate"	RelError: 1.32858e-12	AbsError: 6.55510e+07
      Equation: "ElectronContinuityEquation"	RelError: 6.56420e-13	AbsError: 6.55510e+07
      Equation: "HoleContinuityEquation"	RelError: 6.56601e-13	AbsError: 6.57512e-13
      Equation: "PotentialEquation"	RelError: 1.55631e-14	AbsError: 1.70578e-14
    Region: "oxide"	RelError: 5.63696e-11	AbsError: 4.86918e-11
      Equation: "PotentialEquation"	RelError: 5.63696e-11	AbsError: 4.86918e-11
Iteration: 3
  Device: "mos2d"	RelError: 1.34000e-08	AbsError: 8.17009e+03
    Region: "bulk"	RelError: 1.34000e-08	AbsError: 4.58757e+03
      Equation: "ElectronContinuityEquation"	RelError: 9.41376e-09	AbsError: 4.23350e+03
      Equation: "HoleContinuityEquation"	RelError: 3.98627e-09	AbsError: 3.54068e+02
      Equation: "PotentialEquation"	RelError: 6.66970e-15	AbsError: 6.82773e-16
    Region: "gate"	RelError: 4.24977e-16	AbsError: 8.17009e+03
      Equation: "ElectronContinuityEquation"	RelError: 8.17009e-17	AbsError: 8.17009e+03
      Equation: "HoleContinuityEquation"	RelError: 2.41985e-16	AbsError: 2.43980e-16
      Equation: "PotentialEquation"	RelError: 1.01291e-16	AbsError: 1.11022e-16
    Region: "oxide"	RelError: 1.22062e-16	AbsError: 1.17602e-16
      Equation: "PotentialEquation"	RelError: 1.22062e-16	AbsError: 1.17602e-16
Succeeded
IVPOINT	IDVD_VG1P0	5.00000000e-01	1.72000000e+00	5.75700764e-01
drain last end 1.720000e+00 2.000000e+00
number of equations 4295
Iteration: 0
  Device: "mos2d"	RelError: 3.44791e+00	AbsError: 3.44248e+16
    Region: "bulk"	RelError: 3.44001e+00	AbsError: 3.44248e+16
      Equation: "ElectronContinuityEquation"	RelError: 1.77841e-01	AbsError: 3.36982e+16
      Equation: "HoleContinuityEquation"	RelError: 6.57855e-01	AbsError: 7.26511e+14
      Equation: "PotentialEquation"	RelError: 2.60431e+00	AbsError: 2.00000e-02
    Region: "gate"	RelError: 3.71042e-04	AbsError: 1.84790e+16
      Equation: "ElectronContinuityEquation"	RelError: 1.83323e-04	AbsError: 1.84790e+16
      Equation: "HoleContinuityEquation"	RelError: 1.83390e-04	AbsError: 1.81934e-04
      Equation: "PotentialEquation"	RelError: 4.32971e-06	AbsError: 4.74658e-06
    Region: "oxide"	RelError: 7.53322e-03	AbsError: 1.37713e-02
      Equation: "PotentialEquation"	RelError: 7.53322e-03	AbsError: 1.37713e-02
Iteration: 1
  Device: "mos2d"	RelError: 1.22465e-01	AbsError: 4.94742e+13
    Region: "bulk"	RelError: 1.22464e-01	AbsError: 4.94742e+13
      Equation: "ElectronContinuityEquation"	RelError: 1.29174e-02	AbsError: 3.24287e+13
      Equation: "HoleContinuityEquation"	RelError: 1.05308e-01	AbsError: 1.70454e+13
      Equation: "PotentialEquation"	RelError: 4.23830e-03	AbsError: 4.19144e-05
    Region: "gate"	RelError: 4.97083e-08	AbsError: 1.38039e+12
      Equation: "ElectronContinuityEquation"	RelError: 1.38566e-08	AbsError: 1.38039e+12
      Equation: "HoleContinuityEquation"	RelError: 3.53760e-08	AbsError: 3.50596e-08
      Equation: "PotentialEquation"	RelError: 4.75735e-10	AbsError: 5.21552e-10
    Region: "oxide"	RelError: 1.30634e-06	AbsError: 1.02056e-06
      Equation: "PotentialEquation"	RelError: 1.30634e-06	AbsError: 1.02056e-06
Iteration: 2
  Device: "mos2d"	RelError: 4.52612e-04	AbsError: 6.19476e+09
    Region: "bulk"	RelError: 4.52612e-04	AbsError: 6.19476e+09
      Equation: "ElectronContinuityEquation"	RelError: 4.26353e-04	AbsError: 1.39696e+09
      Equation: "HoleContinuityEquation"	RelError: 2.60646e-05	AbsError: 4.79780e+09
      Equation: "PotentialEquation"	RelError: 1.95041e-07	AbsError: 9.54447e-09
    Region: "gate"	RelError: 1.35143e-12	AbsError: 6.66886e+07
      Equation: "ElectronContinuityEquation"	RelError: 6.67762e-13	AbsError: 6.66886e+07
      Equation: "HoleContinuityEquation"	RelError: 6.67936e-13	AbsError: 6.68813e-13
      Equation: "PotentialEquation"	RelError: 1.57349e-14	AbsError: 1.72461e-14
    Region: "oxide"	RelError: 5.71253e-11	AbsError: 4.95133e-11
      Equation: "PotentialEquation"	RelError: 5.71253e-11	AbsError: 4.95133e-11
Iteration: 3
  Device: "mos2d"	RelError: 2.45665e-08	AbsError: 7.81215e+03
    Region: "bulk"	RelError: 2.45665e-08	AbsError: 5.98946e+03
      Equation: "ElectronContinuityEquation"	RelError: 1.75107e-08	AbsError: 5.64329e+03
      Equation: "HoleContinuityEquation"	RelError: 7.05571e-09	AbsError: 3.46163e+02
      Equation: "PotentialEquation"	RelError: 6.55972e-14	AbsError: 1.10794e-15
    Region: "gate"	RelError: 4.13180e-16	AbsError: 7.81215e+03
      Equation: "ElectronContinuityEquation"	RelError: 7.81215e-17	AbsError: 7.81215e+03
      Equation: "HoleContinuityEquation"	RelError: 2.33767e-16	AbsError: 2.35206e-16
      Equation: "PotentialEquation"	RelError: 1.01291e-16	AbsError: 1.11022e-16
    Region: "oxide"	RelError: 1.21983e-16	AbsError: 1.47330e-16
      Equation: "PotentialEquation"	RelError: 1.21983e-16	AbsError: 1.47330e-16
Succeeded
IVPOINT	IDVD_VG1P0	5.00000000e-01	1.74000000e+00	5.83532692e-01
drain last end 1.740000e+00 2.000000e+00
number of equations 4295
Iteration: 0
  Device: "mos2d"	RelError: 2.66056e+00	AbsError: 3.44172e+16
    Region: "bulk"	RelError: 2.65271e+00	AbsError: 3.44172e+16
      Equation: "ElectronContinuityEquation"	RelError: 1.76978e-01	AbsError: 3.36997e+16
      Equation: "HoleContinuityEquation"	RelError: 6.42596e-01	AbsError: 7.17446e+14
      Equation: "PotentialEquation"	RelError: 1.83314e+00	AbsError: 2.00000e-02
    Region: "gate"	RelError: 3.70973e-04	AbsError: 1.84789e+16
      Equation: "ElectronContinuityEquation"	RelError: 1.83288e-04	AbsError: 1.84789e+16
      Equation: "HoleContinuityEquation"	RelError: 1.83356e-04	AbsError: 1.81866e-04
      Equation: "PotentialEquation"	RelError: 4.32888e-06	AbsError: 4.74569e-06
    Region: "oxide"	RelError: 7.47641e-03	AbsError: 1.37704e-02
      Equation: "PotentialEquation"	RelError: 7.47641e-03	AbsError: 1.37704e-02
Iteration: 1
  Device: "mos2d"	RelError: 1.21286e-01	AbsError: 4.58435e+13
    Region: "bulk"	RelError: 1.21285e-01	AbsError: 4.58435e+13
      Equation: "ElectronContinuityEquation"	RelError: 1.28300e-02	AbsError: 2.92621e+13
      Equation: "HoleContinuityEquation"	RelError: 1.03375e-01	AbsError: 1.65814e+13
      Equation: "PotentialEquation"	RelError: 5.07950e-03	AbsError: 4.07140e-05
    Region: "gate"	RelError: 4.88885e-08	AbsError: 1.38037e+12
      Equation: "ElectronContinuityEquation"	RelError: 1.38557e-08	AbsError: 1.38037e+12
      Equation: "HoleContinuityEquation"	RelError: 3.45758e-08	AbsError: 3.42606e-08
      Equation: "PotentialEquation"	RelError: 4.57003e-10	AbsError: 5.01018e-10
    Region: "oxide"	RelError: 1.29899e-06	AbsError: 1.02082e-06
      Equation: "PotentialEquation"	RelError: 1.29899e-06	AbsError: 1.02082e-06
Iteration: 2
  Device: "mos2d"	RelError: 5.25048e-04	AbsError: 5.90410e+09
    Region: "bulk"	RelError: 5.25048e-04	AbsError: 5.90410e+09
      Equation: "ElectronContinuityEquation"	RelError: 5.00285e-04	AbsError: 1.32934e+09
      Equation: "HoleContinuityEquation"	RelError: 2.42212e-05	AbsError: 4.57477e+09
      Equation: "PotentialEquation"	RelError: 5.41626e-07	AbsError: 9.08277e-09
    Region: "gate"	RelError: 1.36509e-12	AbsError: 6.73632e+07
      Equation: "ElectronContinuityEquation"	RelError: 6.74465e-13	AbsError: 6.73632e+07
      Equation: "HoleContinuityEquation"	RelError: 6.74619e-13	AbsError: 6.75454e-13
      Equation: "PotentialEquation"	RelError: 1.60010e-14	AbsError: 1.75377e-14
    Region: "oxide"	RelError: 5.75484e-11	AbsError: 5.00040e-11
      Equation: "PotentialEquation"	RelError: 5.75484e-11	AbsError: 5.00040e-11
Iteration: 3
  Device: "mos2d"	RelError: 5.07837e-09	AbsError: 7.93884e+03
    Region: "bulk"	RelError: 5.07837e-09	AbsError: 7.52832e+03
      Equation: "ElectronContinuityEquation"	RelError: 3.16363e-09	AbsError: 7.09349e+03
      Equation: "HoleContinuityEquation"	RelError: 1.91471e-09	AbsError: 4.34824e+02
      Equation: "PotentialEquation"	RelError: 2.92458e-14	AbsError: 7.05191e-16
    Region: "gate"	RelError: 4.14075e-16	AbsError: 7.93884e+03
      Equation: "ElectronContinuityEquation"	RelError: 7.94866e-17	AbsError: 7.93884e+03
      Equation: "HoleContinuityEquation"	RelError: 2.33279e-16	AbsError: 2.35854e-16
      Equation: "PotentialEquation"	RelError: 1.01310e-16	AbsError: 1.11043e-16
    Region: "oxide"	RelError: 1.55382e-16	AbsError: 1.77937e-16
      Equation: "PotentialEquation"	RelError: 1.55382e-16	AbsError: 1.77937e-16
Succeeded
IVPOINT	IDVD_VG1P0	5.00000000e-01	1.76000000e+00	5.91421244e-01
drain last end 1.760000e+00 2.000000e+00
number of equations 4295
Iteration: 0
  Device: "mos2d"	RelError: 2.97610e+00	AbsError: 3.44071e+16
    Region: "bulk"	RelError: 2.96831e+00	AbsError: 3.44071e+16
      Equation: "ElectronContinuityEquation"	RelError: 1.76052e-01	AbsError: 3.37000e+16
      Equation: "HoleContinuityEquation"	RelError: 6.19352e-01	AbsError: 7.07159e+14
      Equation: "PotentialEquation"	RelError: 2.17291e+00	AbsError: 2.00000e-02
    Region: "gate"	RelError: 3.70906e-04	AbsError: 1.84790e+16
      Equation: "ElectronContinuityEquation"	RelError: 1.83255e-04	AbsError: 1.84790e+16
      Equation: "HoleContinuityEquation"	RelError: 1.83323e-04	AbsError: 1.81800e-04
      Equation: "PotentialEquation"	RelError: 4.32809e-06	AbsError: 4.74484e-06
    Region: "oxide"	RelError: 7.42052e-03	AbsError: 1.37696e-02
      Equation: "PotentialEquation"	RelError: 7.42052e-03	AbsError: 1.37696e-02
Iteration: 1
  Device: "mos2d"	RelError: 1.18808e-01	AbsError: 4.23918e+13
    Region: "bulk"	RelError: 1.18807e-01	AbsError: 4.23918e+13
      Equation: "ElectronContinuityEquation"	RelError: 1.27418e-02	AbsError: 2.64023e+13
      Equation: "HoleContinuityEquation"	RelError: 1.00239e-01	AbsError: 1.59895e+13
      Equation: "PotentialEquation"	RelError: 5.82585e-03	AbsError: 3.93196e-05
    Region: "gate"	RelError: 4.81298e-08	AbsError: 1.37806e+12
      Equation: "ElectronContinuityEquation"	RelError: 1.38318e-08	AbsError: 1.37806e+12
      Equation: "HoleContinuityEquation"	RelError: 3.38578e-08	AbsError: 3.35433e-08
      Equation: "PotentialEquation"	RelError: 4.40205e-10	AbsError: 4.82604e-10
    Region: "oxide"	RelError: 1.28996e-06	AbsError: 1.01935e-06
      Equation: "PotentialEquation"	RelError: 1.28996e-06	AbsError: 1.01935e-06
Iteration: 2
  Device: "mos2d"	RelError: 5.93300e-04	AbsError: 5.52656e+09
    Region: "bulk"	RelError: 5.93300e-04	AbsError: 5.52656e+09
      Equation: "ElectronContinuityEquation"	RelError: 5.70325e-04	AbsError: 1.24507e+09
      Equation: "HoleContinuityEquation"	RelError: 2.23627e-05	AbsError: 4.28150e+09
      Equation: "PotentialEquation"	RelError: 6.11916e-07	AbsError: 8.48811e-09
    Region: "gate"	RelError: 1.36958e-12	AbsError: 6.75925e+07
      Equation: "ElectronContinuityEquation"	RelError: 6.76710e-13	AbsError: 6.75925e+07
      Equation: "HoleContinuityEquation"	RelError: 6.76859e-13	AbsError: 6.77645e-13
      Equation: "PotentialEquation"	RelError: 1.60059e-14	AbsError: 1.75432e-14
    Region: "oxide"	RelError: 5.76135e-11	AbsError: 5.01682e-11
      Equation: "PotentialEquation"	RelError: 5.76135e-11	AbsError: 5.01682e-11
Iteration: 3
  Device: "mos2d"	RelError: 1.28360e-08	AbsError: 8.15101e+03
    Region: "bulk"	RelError: 1.28360e-08	AbsError: 4.85957e+03
      Equation: "ElectronContinuityEquation"	RelError: 7.06311e-09	AbsError: 4.41378e+03
      Equation: "HoleContinuityEquation"	RelError: 5.77286e-09	AbsError: 4.45785e+02
      Equation: "PotentialEquation"	RelError: 2.61904e-14	AbsError: 5.45614e-16
    Region: "gate"	RelError: 3.53299e-16	AbsError: 8.15101e+03
      Equation: "ElectronContinuityEquation"	RelError: 8.21817e-17	AbsError: 8.15101e+03
      Equation: "HoleContinuityEquation"	RelError: 1.69826e-16	AbsError: 1.69826e-16
      Equation: "PotentialEquation"	RelError: 1.01291e-16	AbsError: 1.11022e-16
    Region: "oxide"	RelError: 1.69751e-16	AbsError: 1.75720e-16
      Equation: "PotentialEquation"	RelError: 1.69751e-16	AbsError: 1.75720e-16
Succeeded
IVPOINT	IDVD_VG1P0	5.00000000e-01	1.78000000e+00	5.99366763e-01
drain last end 1.780000e+00 2.000000e+00
number of equations 4295
Iteration: 0
  Device: "mos2d"	RelError: 1.45478e+00	AbsError: 3.43948e+16
    Region: "bulk"	RelError: 1.44704e+00	AbsError: 3.43948e+16
      Equation: "ElectronContinuityEquation"	RelError: 1.75046e-01	AbsError: 3.36992e+16
      Equation: "HoleContinuityEquation"	RelError: 5.87269e-01	AbsError: 6.95652e+14
      Equation: "PotentialEquation"	RelError: 6.84728e-01	AbsError: 2.00000e-02
    Region: "gate"	RelError: 3.70842e-04	AbsError: 1.84792e+16
      Equation: "ElectronContinuityEquation"	RelError: 1.83224e-04	AbsError: 1.84792e+16
      Equation: "HoleContinuityEquation"	RelError: 1.83291e-04	AbsError: 1.81735e-04
      Equation: "PotentialEquation"	RelError: 4.32732e-06	AbsError: 4.74402e-06
    Region: "oxide"	RelError: 7.36552e-03	AbsError: 1.37690e-02
      Equation: "PotentialEquation"	RelError: 7.36552e-03	AbsError: 1.37690e-02
Iteration: 1
  Device: "mos2d"	RelError: 1.10008e-01	AbsError: 3.91087e+13
    Region: "bulk"	RelError: 1.10007e-01	AbsError: 3.91087e+13
      Equation: "ElectronContinuityEquation"	RelError: 1.26524e-02	AbsError: 2.38212e+13
      Equation: "HoleContinuityEquation"	RelError: 9.55522e-02	AbsError: 1.52875e+13
      Equation: "PotentialEquation"	RelError: 1.80204e-03	AbsError: 3.77609e-05
    Region: "gate"	RelError: 4.74259e-08	AbsError: 1.37355e+12
      Equation: "ElectronContinuityEquation"	RelError: 1.37858e-08	AbsError: 1.37355e+12
      Equation: "HoleContinuityEquation"	RelError: 3.32149e-08	AbsError: 3.29006e-08
      Equation: "PotentialEquation"	RelError: 4.25176e-10	AbsError: 4.66129e-10
    Region: "oxide"	RelError: 1.27931e-06	AbsError: 1.01623e-06
      Equation: "PotentialEquation"	RelError: 1.27931e-06	AbsError: 1.01623e-06
Iteration: 2
  Device: "mos2d"	RelError: 6.49840e-04	AbsError: 5.08173e+09
    Region: "bulk"	RelError: 6.49839e-04	AbsError: 5.08173e+09
      Equation: "ElectronContinuityEquation"	RelError: 6.29143e-04	AbsError: 1.14786e+09
      Equation: "HoleContinuityEquation"	RelError: 2.05106e-05	AbsError: 3.93387e+09
      Equation: "PotentialEquation"	RelError: 1.85503e-07	AbsError: 7.79026e-09
    Region: "gate"	RelError: 1.36537e-12	AbsError: 6.73996e+07
      Equation: "ElectronContinuityEquation"	RelError: 6.74728e-13	AbsError: 6.73996e+07
      Equation: "HoleContinuityEquation"	RelError: 6.74759e-13	AbsError: 6.75492e-13
      Equation: "PotentialEquation"	RelError: 1.58812e-14	AbsError: 1.74066e-14
    Region: "oxide"	RelError: 5.73149e-11	AbsError: 5.00171e-11
      Equation: "PotentialEquation"	RelError: 5.73149e-11	AbsError: 5.00171e-11
Iteration: 3
  Device: "mos2d"	RelError: 1.47543e-08	AbsError: 8.26637e+03
    Region: "bulk"	RelError: 1.47543e-08	AbsError: 5.05921e+03
      Equation: "ElectronContinuityEquation"	RelError: 8.15466e-09	AbsError: 4.55712e+03
      Equation: "HoleContinuityEquation"	RelError: 6.59962e-09	AbsError: 5.02090e+02
      Equation: "PotentialEquation"	RelError: 4.94144e-14	AbsError: 9.10741e-16
    Region: "gate"	RelError: 4.27374e-16	AbsError: 8.26637e+03
      Equation: "ElectronContinuityEquation"	RelError: 8.19622e-17	AbsError: 8.26637e+03
      Equation: "HoleContinuityEquation"	RelError: 2.44104e-16	AbsError: 2.45841e-16
      Equation: "PotentialEquation"	RelError: 1.01307e-16	AbsError: 1.11041e-16
    Region: "oxide"	RelError: 1.64679e-16	AbsError: 1.55625e-16
      Equation: "PotentialEquation"	RelError: 1.64679e-16	AbsError: 1.55625e-16
Succeeded
IVPOINT	IDVD_VG1P0	5.00000000e-01	1.80000000e+00	6.07369582e-01
drain last end 1.800000e+00 2.000000e+00
number of equations 4295
Iteration: 0
  Device: "mos2d"	RelError: 1.27198e+00	AbsError: 3.43822e+16
    Region: "bulk"	RelError: 1.26430e+00	AbsError: 3.43822e+16
      Equation: "ElectronContinuityEquation"	RelError: 1.73933e-01	AbsError: 3.36974e+16
      Equation: "HoleContinuityEquation"	RelError: 5.90753e-01	AbsError: 6.84708e+14
      Equation: "PotentialEquation"	RelError: 4.99612e-01	AbsError: 2.00000e-02
    Region: "gate"	RelError: 3.70780e-04	AbsError: 1.84795e+16
      Equation: "ElectronContinuityEquation"	RelError: 1.83193e-04	AbsError: 1.84795e+16
      Equation: "HoleContinuityEquation"	RelError: 1.83260e-04	AbsError: 1.81672e-04
      Equation: "PotentialEquation"	RelError: 4.32658e-06	AbsError: 4.74323e-06
    Region: "oxide"	RelError: 7.31137e-03	AbsError: 1.37684e-02
      Equation: "PotentialEquation"	RelError: 7.31137e-03	AbsError: 1.37684e-02
Iteration: 1
  Device: "mos2d"	RelError: 1.02622e-01	AbsError: 3.59885e+13
    Region: "bulk"	RelError: 1.02620e-01	AbsError: 3.59885e+13
      Equation: "ElectronContinuityEquation"	RelError: 1.25612e-02	AbsError: 2.14929e+13
      Equation: "HoleContinuityEquation"	RelError: 8.90113e-02	AbsError: 1.44956e+13
      Equation: "PotentialEquation"	RelError: 1.04807e-03	AbsError: 3.60722e-05
    Region: "gate"	RelError: 4.67711e-08	AbsError: 1.36693e+12
      Equation: "ElectronContinuityEquation"	RelError: 1.37186e-08	AbsError: 1.36693e+12
      Equation: "HoleContinuityEquation"	RelError: 3.26408e-08	AbsError: 3.23263e-08
      Equation: "PotentialEquation"	RelError: 4.11764e-10	AbsError: 4.51427e-10
    Region: "oxide"	RelError: 1.26711e-06	AbsError: 1.01153e-06
      Equation: "PotentialEquation"	RelError: 1.26711e-06	AbsError: 1.01153e-06
Iteration: 2
  Device: "mos2d"	RelError: 6.87769e-04	AbsError: 4.59181e+09
    Region: "bulk"	RelError: 6.87769e-04	AbsError: 4.59181e+09
      Equation: "ElectronContinuityEquation"	RelError: 6.68977e-04	AbsError: 1.04210e+09
      Equation: "HoleContinuityEquation"	RelError: 1.86870e-05	AbsError: 3.54970e+09
      Equation: "PotentialEquation"	RelError: 1.05302e-07	AbsError: 7.02331e-09
    Region: "gate"	RelError: 1.35331e-12	AbsError: 6.67941e+07
      Equation: "ElectronContinuityEquation"	RelError: 6.68616e-13	AbsError: 6.67941e+07
      Equation: "HoleContinuityEquation"	RelError: 6.68968e-13	AbsError: 6.69644e-13
      Equation: "PotentialEquation"	RelError: 1.57295e-14	AbsError: 1.72403e-14
    Region: "oxide"	RelError: 5.66718e-11	AbsError: 4.95680e-11
      Equation: "PotentialEquation"	RelError: 5.66718e-11	AbsError: 4.95680e-11
Iteration: 3
  Device: "mos2d"	RelError: 6.93021e-09	AbsError: 7.88961e+03
    Region: "bulk"	RelError: 6.93021e-09	AbsError: 5.56570e+03
      Equation: "ElectronContinuityEquation"	RelError: 3.70443e-09	AbsError: 5.17311e+03
      Equation: "HoleContinuityEquation"	RelError: 3.22575e-09	AbsError: 3.92593e+02
      Equation: "PotentialEquation"	RelError: 3.00422e-14	AbsError: 7.65312e-16
    Region: "gate"	RelError: 3.57975e-16	AbsError: 7.88961e+03
      Equation: "ElectronContinuityEquation"	RelError: 7.88961e-17	AbsError: 7.88961e+03
      Equation: "HoleContinuityEquation"	RelError: 1.77773e-16	AbsError: 1.79075e-16
      Equation: "PotentialEquation"	RelError: 1.01306e-16	AbsError: 1.11039e-16
    Region: "oxide"	RelError: 1.97839e-16	AbsError: 2.28087e-16
      Equation: "PotentialEquation"	RelError: 1.97839e-16	AbsError: 2.28087e-16
Succeeded
IVPOINT	IDVD_VG1P0	5.00000000e-01	1.82000000e+00	6.15430032e-01
drain last end 1.820000e+00 2.000000e+00
number of equations 4295
Iteration: 0
  Device: "mos2d"	RelError: 1.78182e+00	AbsError: 3.43788e+16
    Region: "bulk"	RelError: 1.77419e+00	AbsError: 3.43788e+16
      Equation: "ElectronContinuityEquation"	RelError: 1.72684e-01	AbsError: 3.36949e+16
      Equation: "HoleContinuityEquation"	RelError: 5.94046e-01	AbsError: 6.83959e+14
      Equation: "PotentialEquation"	RelError: 1.00746e+00	AbsError: 2.00000e-02
    Region: "gate"	RelError: 3.70720e-04	AbsError: 1.84799e+16
      Equation: "ElectronContinuityEquation"	RelError: 1.83164e-04	AbsError: 1.84799e+16
      Equation: "HoleContinuityEquation"	RelError: 1.83231e-04	AbsError: 1.81609e-04
      Equation: "PotentialEquation"	RelError: 4.32586e-06	AbsError: 4.74246e-06
    Region: "oxide"	RelError: 7.25806e-03	AbsError: 1.37679e-02
      Equation: "PotentialEquation"	RelError: 7.25806e-03	AbsError: 1.37679e-02
Iteration: 1
  Device: "mos2d"	RelError: 1.03051e-01	AbsError: 3.30288e+13
    Region: "bulk"	RelError: 1.03049e-01	AbsError: 3.30288e+13
      Equation: "ElectronContinuityEquation"	RelError: 1.24675e-02	AbsError: 1.93935e+13
      Equation: "HoleContinuityEquation"	RelError: 8.87939e-02	AbsError: 1.36353e+13
      Equation: "PotentialEquation"	RelError: 1.78811e-03	AbsError: 3.42913e-05
    Region: "gate"	RelError: 4.61605e-08	AbsError: 1.35831e+12
      Equation: "ElectronContinuityEquation"	RelError: 1.36314e-08	AbsError: 1.35831e+12
      Equation: "HoleContinuityEquation"	RelError: 3.21292e-08	AbsError: 3.18141e-08
      Equation: "PotentialEquation"	RelError: 3.99827e-10	AbsError: 4.38342e-10
    Region: "oxide"	RelError: 1.25345e-06	AbsError: 1.00533e-06
      Equation: "PotentialEquation"	RelError: 1.25345e-06	AbsError: 1.00533e-06
Iteration: 2
  Device: "mos2d"	RelError: 7.00128e-04	AbsError: 4.07953e+09
    Region: "bulk"	RelError: 7.00128e-04	AbsError: 4.07953e+09
      Equation: "ElectronContinuityEquation"	RelError: 6.83143e-04	AbsError: 9.32367e+08
      Equation: "HoleContinuityEquation"	RelError: 1.69139e-05	AbsError: 3.14717e+09
      Equation: "PotentialEquation"	RelError: 7.13378e-08	AbsError: 6.22241e-09
    Region: "gate"	RelError: 1.33353e-12	AbsError: 6.58227e+07
      Equation: "ElectronContinuityEquation"	RelError: 6.58842e-13	AbsError: 6.58227e+07
      Equation: "HoleContinuityEquation"	RelError: 6.59095e-13	AbsError: 6.59711e-13
      Equation: "PotentialEquation"	RelError: 1.55890e-14	AbsError: 1.70864e-14
    Region: "oxide"	RelError: 5.57087e-11	AbsError: 4.88422e-11
      Equation: "PotentialEquation"	RelError: 5.57087e-11	AbsError: 4.88422e-11
Iteration: 3
  Device: "mos2d"	RelError: 5.54200e-09	AbsError: 8.21592e+03
    Region: "bulk"	RelError: 5.54200e-09	AbsError: 4.74698e+03
      Equation: "ElectronContinuityEquation"	RelError: 3.09354e-09	AbsError: 4.26580e+03
      Equation: "HoleContinuityEquation"	RelError: 2.44828e-09	AbsError: 4.81182e+02
      Equation: "PotentialEquation"	RelError: 1.79425e-13	AbsError: 8.12986e-16
    Region: "gate"	RelError: 4.79511e-16	AbsError: 8.21592e+03
      Equation: "ElectronContinuityEquation"	RelError: 8.22360e-17	AbsError: 8.21592e+03
      Equation: "HoleContinuityEquation"	RelError: 2.95984e-16	AbsError: 2.93081e-16
      Equation: "PotentialEquation"	RelError: 1.01291e-16	AbsError: 1.11022e-16
    Region: "oxide"	RelError: 1.69097e-16	AbsError: 1.90815e-16
      Equation: "PotentialEquation"	RelError: 1.69097e-16	AbsError: 1.90815e-16
Succeeded
IVPOINT	IDVD_VG1P0	5.00000000e-01	1.84000000e+00	6.23548433e-01
drain last end 1.840000e+00 2.000000e+00
number of equations 4295
Iteration: 0
  Device: "mos2d"	RelError: 7.97072e+01	AbsError: 3.43740e+16
    Region: "bulk"	RelError: 7.96996e+01	AbsError: 3.43740e+16
      Equation: "ElectronContinuityEquation"	RelError: 1.71259e-01	AbsError: 3.36915e+16
      Equation: "HoleContinuityEquation"	RelError: 5.97119e-01	AbsError: 6.82502e+14
      Equation: "PotentialEquation"	RelError: 7.89313e+01	AbsError: 2.00000e-02
    Region: "gate"	RelError: 3.70662e-04	AbsError: 1.84804e+16
      Equation: "ElectronContinuityEquation"	RelError: 1.83135e-04	AbsError: 1.84804e+16
      Equation: "HoleContinuityEquation"	RelError: 1.83202e-04	AbsError: 1.81547e-04
      Equation: "PotentialEquation"	RelError: 4.32516e-06	AbsError: 4.74171e-06
    Region: "oxide"	RelError: 7.20556e-03	AbsError: 1.37676e-02
      Equation: "PotentialEquation"	RelError: 7.20556e-03	AbsError: 1.37676e-02
Iteration: 1
  Device: "mos2d"	RelError: 2.22758e-01	AbsError: 3.02295e+13
    Region: "bulk"	RelError: 2.22757e-01	AbsError: 3.02295e+13
      Equation: "ElectronContinuityEquation"	RelError: 1.23706e-02	AbsError: 1.75014e+13
      Equation: "HoleContinuityEquation"	RelError: 8.94956e-02	AbsError: 1.27281e+13
      Equation: "PotentialEquation"	RelError: 1.20891e-01	AbsError: 3.24567e-05
    Region: "gate"	RelError: 4.55894e-08	AbsError: 1.34781e+12
      Equation: "ElectronContinuityEquation"	RelError: 1.35254e-08	AbsError: 1.34781e+12
      Equation: "HoleContinuityEquation"	RelError: 3.16748e-08	AbsError: 3.13587e-08
      Equation: "PotentialEquation"	RelError: 3.89233e-10	AbsError: 4.26730e-10
    Region: "oxide"	RelError: 1.23844e-06	AbsError: 9.97727e-07
      Equation: "PotentialEquation"	RelError: 1.23844e-06	AbsError: 9.97727e-07
Iteration: 2
  Device: "mos2d"	RelError: 6.85412e-04	AbsError: 3.56623e+09
    Region: "bulk"	RelError: 6.85412e-04	AbsError: 3.56623e+09
      Equation: "ElectronContinuityEquation"	RelError: 6.67726e-04	AbsError: 8.23000e+08
      Equation: "HoleContinuityEquation"	RelError: 1.52118e-05	AbsError: 2.74323e+09
      Equation: "PotentialEquation"	RelError: 2.47412e-06	AbsError: 5.42066e-09
    Region: "gate"	RelError: 1.30672e-12	AbsError: 6.45206e+07
      Equation: "ElectronContinuityEquation"	RelError: 6.45761e-13	AbsError: 6.45206e+07
      Equation: "HoleContinuityEquation"	RelError: 6.45723e-13	AbsError: 6.46279e-13
      Equation: "PotentialEquation"	RelError: 1.52348e-14	AbsError: 1.66981e-14
    Region: "oxide"	RelError: 5.44548e-11	AbsError: 4.78650e-11
      Equation: "PotentialEquation"	RelError: 5.44548e-11	AbsError: 4.78650e-11
Iteration: 3
  Device: "mos2d"	RelError: 8.08993e-09	AbsError: 8.03063e+03
    Region: "bulk"	RelError: 8.08993e-09	AbsError: 7.99708e+03
      Equation: "ElectronContinuityEquation"	RelError: 4.53127e-09	AbsError: 7.33397e+03
      Equation: "HoleContinuityEquation"	RelError: 3.54193e-09	AbsError: 6.63115e+02
      Equation: "PotentialEquation"	RelError: 1.67264e-11	AbsError: 1.00096e-15
    Region: "gate"	RelError: 3.92307e-16	AbsError: 8.03063e+03
      Equation: "ElectronContinuityEquation"	RelError: 8.03063e-17	AbsError: 8.03063e+03
      Equation: "HoleContinuityEquation"	RelError: 2.10710e-16	AbsError: 2.10891e-16
      Equation: "PotentialEquation"	RelError: 1.01291e-16	AbsError: 1.11022e-16
    Region: "oxide"	RelError: 1.62732e-16	AbsError: 2.15271e-16
      Equation: "PotentialEquation"	RelError: 1.62732e-16	AbsError: 2.15271e-16
Succeeded
IVPOINT	IDVD_VG1P0	5.00000000e-01	1.86000000e+00	6.31725098e-01
drain last end 1.860000e+00 2.000000e+00
number of equations 4295
Iteration: 0
  Device: "mos2d"	RelError: 3.79865e+00	AbsError: 3.43678e+16
    Region: "bulk"	RelError: 3.79112e+00	AbsError: 3.43678e+16
      Equation: "ElectronContinuityEquation"	RelError: 1.69607e-01	AbsError: 3.36875e+16
      Equation: "HoleContinuityEquation"	RelError: 5.99937e-01	AbsError: 6.80332e+14
      Equation: "PotentialEquation"	RelError: 3.02158e+00	AbsError: 2.00000e-02
    Region: "gate"	RelError: 3.70605e-04	AbsError: 1.84809e+16
      Equation: "ElectronContinuityEquation"	RelError: 1.83107e-04	AbsError: 1.84809e+16
      Equation: "HoleContinuityEquation"	RelError: 1.83174e-04	AbsError: 1.81486e-04
      Equation: "PotentialEquation"	RelError: 4.32448e-06	AbsError: 4.74099e-06
    Region: "oxide"	RelError: 7.15385e-03	AbsError: 1.37672e-02
      Equation: "PotentialEquation"	RelError: 7.15385e-03	AbsError: 1.37672e-02
Iteration: 1
  Device: "mos2d"	RelError: 1.08454e-01	AbsError: 2.75917e+13
    Region: "bulk"	RelError: 1.08453e-01	AbsError: 2.75917e+13
      Equation: "ElectronContinuityEquation"	RelError: 1.22691e-02	AbsError: 1.57967e+13
      Equation: "HoleContinuityEquation"	RelError: 9.01510e-02	AbsError: 1.17950e+13
      Equation: "PotentialEquation"	RelError: 6.03243e-03	AbsError: 3.06060e-05
    Region: "gate"	RelError: 4.50539e-08	AbsError: 1.33557e+12
      Equation: "ElectronContinuityEquation"	RelError: 1.34018e-08	AbsError: 1.33557e+12
      Equation: "HoleContinuityEquation"	RelError: 3.12722e-08	AbsError: 3.09547e-08
      Equation: "PotentialEquation"	RelError: 3.79861e-10	AbsError: 4.16456e-10
    Region: "oxide"	RelError: 1.22219e-06	AbsError: 9.88816e-07
      Equation: "PotentialEquation"	RelError: 1.22219e-06	AbsError: 9.88816e-07
Iteration: 2
  Device: "mos2d"	RelError: 6.36843e-04	AbsError: 3.07023e+09
    Region: "bulk"	RelError: 6.36843e-04	AbsError: 3.07023e+09
      Equation: "ElectronContinuityEquation"	RelError: 6.22908e-04	AbsError: 7.17763e+08
      Equation: "HoleContinuityEquation"	RelError: 1.35990e-05	AbsError: 2.35247e+09
      Equation: "PotentialEquation"	RelError: 3.36252e-07	AbsError: 4.64662e-09
    Region: "gate"	RelError: 1.27397e-12	AbsError: 6.29082e+07
      Equation: "ElectronContinuityEquation"	RelError: 6.29576e-13	AbsError: 6.29082e+07
      Equation: "HoleContinuityEquation"	RelError: 6.29483e-13	AbsError: 6.29977e-13
      Equation: "PotentialEquation"	RelError: 1.49103e-14	AbsError: 1.63425e-14
    Region: "oxide"	RelError: 5.29410e-11	AbsError: 4.66633e-11
      Equation: "PotentialEquation"	RelError: 5.29410e-11	AbsError: 4.66633e-11
Iteration: 3
  Device: "mos2d"	RelError: 1.06089e-08	AbsError: 8.09515e+03
    Region: "bulk"	RelError: 1.06089e-08	AbsError: 4.59694e+03
      Equation: "ElectronContinuityEquation"	RelError: 5.98932e-09	AbsError: 4.18608e+03
      Equation: "HoleContinuityEquation"	RelError: 4.61951e-09	AbsError: 4.10859e+02
      Equation: "PotentialEquation"	RelError: 6.50739e-14	AbsError: 5.13383e-16
    Region: "gate"	RelError: 3.43934e-16	AbsError: 8.09515e+03
      Equation: "ElectronContinuityEquation"	RelError: 8.09515e-17	AbsError: 8.09515e+03
      Equation: "HoleContinuityEquation"	RelError: 1.61692e-16	AbsError: 1.62472e-16
      Equation: "PotentialEquation"	RelError: 1.01291e-16	AbsError: 1.11022e-16
    Region: "oxide"	RelError: 1.32902e-16	AbsError: 1.16145e-16
      Equation: "PotentialEquation"	RelError: 1.32902e-16	AbsError: 1.16145e-16
Succeeded
IVPOINT	IDVD_VG1P0	5.00000000e-01	1.88000000e+00	6.39960336e-01
drain last end 1.880000e+00 2.000000e+00
number of equations 4295
Iteration: 0
  Device: "mos2d"	RelError: 2.41804e+00	AbsError: 3.43604e+16
    Region: "bulk"	RelError: 2.41057e+00	AbsError: 3.43604e+16
      Equation: "ElectronContinuityEquation"	RelError: 1.67669e-01	AbsError: 3.36829e+16
      Equation: "HoleContinuityEquation"	RelError: 6.02449e-01	AbsError: 6.77446e+14
      Equation: "PotentialEquation"	RelError: 1.64045e+00	AbsError: 2.00000e-02
    Region: "gate"	RelError: 3.70549e-04	AbsError: 1.84815e+16
      Equation: "ElectronContinuityEquation"	RelError: 1.83079e-04	AbsError: 1.84815e+16
      Equation: "HoleContinuityEquation"	RelError: 1.83146e-04	AbsError: 1.81426e-04
      Equation: "PotentialEquation"	RelError: 4.32381e-06	AbsError: 4.74028e-06
    Region: "oxide"	RelError: 7.10291e-03	AbsError: 1.37670e-02
      Equation: "PotentialEquation"	RelError: 7.10291e-03	AbsError: 1.37670e-02
Iteration: 1
  Device: "mos2d"	RelError: 1.06499e-01	AbsError: 2.51168e+13
    Region: "bulk"	RelError: 1.06498e-01	AbsError: 2.51168e+13
      Equation: "ElectronContinuityEquation"	RelError: 1.21619e-02	AbsError: 1.42613e+13
      Equation: "HoleContinuityEquation"	RelError: 9.07528e-02	AbsError: 1.08554e+13
      Equation: "PotentialEquation"	RelError: 3.58339e-03	AbsError: 2.87743e-05
    Region: "gate"	RelError: 4.45504e-08	AbsError: 1.32172e+12
      Equation: "ElectronContinuityEquation"	RelError: 1.32621e-08	AbsError: 1.32172e+12
      Equation: "HoleContinuityEquation"	RelError: 3.09167e-08	AbsError: 3.05975e-08
      Equation: "PotentialEquation"	RelError: 3.71596e-10	AbsError: 4.07397e-10
    Region: "oxide"	RelError: 1.20482e-06	AbsError: 9.78703e-07
      Equation: "PotentialEquation"	RelError: 1.20482e-06	AbsError: 9.78703e-07
Iteration: 2
  Device: "mos2d"	RelError: 5.65707e-04	AbsError: 2.60594e+09
    Region: "bulk"	RelError: 5.65707e-04	AbsError: 2.60594e+09
      Equation: "ElectronContinuityEquation"	RelError: 5.53399e-04	AbsError: 6.19631e+08
      Equation: "HoleContinuityEquation"	RelError: 1.20905e-05	AbsError: 1.98631e+09
      Equation: "PotentialEquation"	RelError: 2.16715e-07	AbsError: 3.92277e-09
    Region: "gate"	RelError: 1.23595e-12	AbsError: 6.10216e+07
      Equation: "ElectronContinuityEquation"	RelError: 6.10649e-13	AbsError: 6.10216e+07
      Equation: "HoleContinuityEquation"	RelError: 6.10886e-13	AbsError: 6.11319e-13
      Equation: "PotentialEquation"	RelError: 1.44178e-14	AbsError: 1.58027e-14
    Region: "oxide"	RelError: 5.11994e-11	AbsError: 4.52637e-11
      Equation: "PotentialEquation"	RelError: 5.11994e-11	AbsError: 4.52637e-11
Iteration: 3
  Device: "mos2d"	RelError: 1.31201e-08	AbsError: 8.03630e+03
    Region: "bulk"	RelError: 1.31201e-08	AbsError: 4.61474e+03
      Equation: "ElectronContinuityEquation"	RelError: 7.45298e-09	AbsError: 4.09907e+03
      Equation: "HoleContinuityEquation"	RelError: 5.66711e-09	AbsError: 5.15670e+02
      Equation: "PotentialEquation"	RelError: 5.28831e-14	AbsError: 4.49200e-16
    Region: "gate"	RelError: 3.69592e-16	AbsError: 8.03630e+03
      Equation: "ElectronContinuityEquation"	RelError: 8.03630e-17	AbsError: 8.03630e+03
      Equation: "HoleContinuityEquation"	RelError: 1.87938e-16	AbsError: 1.89268e-16
      Equation: "PotentialEquation"	RelError: 1.01291e-16	AbsError: 1.11022e-16
    Region: "oxide"	RelError: 1.43143e-16	AbsError: 1.46837e-16
      Equation: "PotentialEquation"	RelError: 1.43143e-16	AbsError: 1.46837e-16
Succeeded
IVPOINT	IDVD_VG1P0	5.00000000e-01	1.90000000e+00	6.48254447e-01
drain last end 1.900000e+00 2.000000e+00
number of equations 4295
Iteration: 0
  Device: "mos2d"	RelError: 3.30765e+00	AbsError: 3.43517e+16
    Region: "bulk"	RelError: 3.30023e+00	AbsError: 3.43517e+16
      Equation: "ElectronContinuityEquation"	RelError: 1.65367e-01	AbsError: 3.36778e+16
      Equation: "HoleContinuityEquation"	RelError: 6.04585e-01	AbsError: 6.73843e+14
      Equation: "PotentialEquation"	RelError: 2.53028e+00	AbsError: 2.00000e-02
    Region: "gate"	RelError: 3.70495e-04	AbsError: 1.84822e+16
      Equation: "ElectronContinuityEquation"	RelError: 1.83052e-04	AbsError: 1.84822e+16
      Equation: "HoleContinuityEquation"	RelError: 1.83119e-04	AbsError: 1.81366e-04
      Equation: "PotentialEquation"	RelError: 4.32316e-06	AbsError: 4.73958e-06
    Region: "oxide"	RelError: 7.05271e-03	AbsError: 1.37668e-02
      Equation: "PotentialEquation"	RelError: 7.05271e-03	AbsError: 1.37668e-02
Iteration: 1
  Device: "mos2d"	RelError: 1.08699e-01	AbsError: 2.33212e+13
    Region: "bulk"	RelError: 1.08698e-01	AbsError: 2.33212e+13
      Equation: "ElectronContinuityEquation"	RelError: 1.20469e-02	AbsError: 1.28789e+13
      Equation: "HoleContinuityEquation"	RelError: 9.12908e-02	AbsError: 1.04423e+13
      Equation: "PotentialEquation"	RelError: 5.36005e-03	AbsError: 2.69927e-05
    Region: "gate"	RelError: 4.40760e-08	AbsError: 1.30641e+12
      Equation: "ElectronContinuityEquation"	RelError: 1.31078e-08	AbsError: 1.30641e+12
      Equation: "HoleContinuityEquation"	RelError: 3.06038e-08	AbsError: 3.02825e-08
      Equation: "PotentialEquation"	RelError: 3.64335e-10	AbsError: 3.99438e-10
    Region: "oxide"	RelError: 1.18645e-06	AbsError: 9.67498e-07
      Equation: "PotentialEquation"	RelError: 1.18645e-06	AbsError: 9.67498e-07
Iteration: 2
  Device: "mos2d"	RelError: 4.78652e-04	AbsError: 2.20767e+09
    Region: "bulk"	RelError: 4.78652e-04	AbsError: 2.20767e+09
      Equation: "ElectronContinuityEquation"	RelError: 4.67635e-04	AbsError: 5.30685e+08
      Equation: "HoleContinuityEquation"	RelError: 1.06975e-05	AbsError: 1.67698e+09
      Equation: "PotentialEquation"	RelError: 3.19396e-07	AbsError: 3.26480e-09
    Region: "gate"	RelError: 1.19291e-12	AbsError: 5.88996e+07
      Equation: "ElectronContinuityEquation"	RelError: 5.89369e-13	AbsError: 5.88996e+07
      Equation: "HoleContinuityEquation"	RelError: 5.89672e-13	AbsError: 5.90045e-13
      Equation: "PotentialEquation"	RelError: 1.38729e-14	AbsError: 1.52055e-14
    Region: "oxide"	RelError: 4.92626e-11	AbsError: 4.36941e-11
      Equation: "PotentialEquation"	RelError: 4.92626e-11	AbsError: 4.36941e-11
Iteration: 3
  Device: "mos2d"	RelError: 1.90858e-08	AbsError: 8.00405e+03
    Region: "bulk"	RelError: 1.90858e-08	AbsError: 4.46110e+03
      Equation: "ElectronContinuityEquation"	RelError: 1.24197e-08	AbsError: 4.07096e+03
      Equation: "HoleContinuityEquation"	RelError: 6.66605e-09	AbsError: 3.90141e+02
      Equation: "PotentialEquation"	RelError: 2.38563e-14	AbsError: 6.99864e-16
    Region: "gate"	RelError: 4.72676e-16	AbsError: 8.00405e+03
      Equation: "ElectronContinuityEquation"	RelError: 8.00403e-17	AbsError: 8.00405e+03
      Equation: "HoleContinuityEquation"	RelError: 2.91345e-16	AbsError: 2.93743e-16
      Equation: "PotentialEquation"	RelError: 1.01291e-16	AbsError: 1.11022e-16
    Region: "oxide"	RelError: 1.11242e-16	AbsError: 1.21280e-16
      Equation: "PotentialEquation"	RelError: 1.11242e-16	AbsError: 1.21280e-16
Succeeded
IVPOINT	IDVD_VG1P0	5.00000000e-01	1.92000000e+00	6.56607724e-01
drain last end 1.920000e+00 2.000000e+00
number of equations 4295
Iteration: 0
  Device: "mos2d"	RelError: 4.70746e+00	AbsError: 3.43418e+16
    Region: "bulk"	RelError: 4.70008e+00	AbsError: 3.43418e+16
      Equation: "ElectronContinuityEquation"	RelError: 1.62609e-01	AbsError: 3.36723e+16
      Equation: "HoleContinuityEquation"	RelError: 6.06242e-01	AbsError: 6.69524e+14
      Equation: "PotentialEquation"	RelError: 3.93123e+00	AbsError: 2.00000e-02
    Region: "gate"	RelError: 3.70441e-04	AbsError: 1.84829e+16
      Equation: "ElectronContinuityEquation"	RelError: 1.83026e-04	AbsError: 1.84829e+16
      Equation: "HoleContinuityEquation"	RelError: 1.83093e-04	AbsError: 1.81306e-04
      Equation: "PotentialEquation"	RelError: 4.32251e-06	AbsError: 4.73889e-06
    Region: "oxide"	RelError: 7.00324e-03	AbsError: 1.37666e-02
      Equation: "PotentialEquation"	RelError: 7.00324e-03	AbsError: 1.37666e-02
Iteration: 1
  Device: "mos2d"	RelError: 1.12617e-01	AbsError: 2.16336e+13
    Region: "bulk"	RelError: 1.12615e-01	AbsError: 2.16336e+13
      Equation: "ElectronContinuityEquation"	RelError: 1.19222e-02	AbsError: 1.16344e+13
      Equation: "HoleContinuityEquation"	RelError: 9.17507e-02	AbsError: 9.99920e+12
      Equation: "PotentialEquation"	RelError: 8.94243e-03	AbsError: 2.57150e-05
    Region: "gate"	RelError: 4.36278e-08	AbsError: 1.28980e+12
      Equation: "ElectronContinuityEquation"	RelError: 1.29405e-08	AbsError: 1.28980e+12
      Equation: "HoleContinuityEquation"	RelError: 3.03293e-08	AbsError: 3.00057e-08
      Equation: "PotentialEquation"	RelError: 3.57980e-10	AbsError: 3.92473e-10
    Region: "oxide"	RelError: 1.16721e-06	AbsError: 9.55316e-07
      Equation: "PotentialEquation"	RelError: 1.16721e-06	AbsError: 9.55316e-07
Iteration: 2
  Device: "mos2d"	RelError: 4.53720e-04	AbsError: 1.98647e+09
    Region: "bulk"	RelError: 4.53720e-04	AbsError: 1.98647e+09
      Equation: "ElectronContinuityEquation"	RelError: 4.43589e-04	AbsError: 4.52121e+08
      Equation: "HoleContinuityEquation"	RelError: 9.56611e-06	AbsError: 1.53434e+09
      Equation: "PotentialEquation"	RelError: 5.65374e-07	AbsError: 2.77758e-09
    Region: "gate"	RelError: 1.14595e-12	AbsError: 5.65940e+07
      Equation: "ElectronContinuityEquation"	RelError: 5.66256e-13	AbsError: 5.65940e+07
      Equation: "HoleContinuityEquation"	RelError: 5.66269e-13	AbsError: 5.66585e-13
      Equation: "PotentialEquation"	RelError: 1.34253e-14	AbsError: 1.47150e-14
    Region: "oxide"	RelError: 4.71611e-11	AbsError: 4.19798e-11
      Equation: "PotentialEquation"	RelError: 4.71611e-11	AbsError: 4.19798e-11
Iteration: 3
  Device: "mos2d"	RelError: 1.79584e-08	AbsError: 8.81071e+03
    Region: "bulk"	RelError: 1.79584e-08	AbsError: 8.81071e+03
      Equation: "ElectronContinuityEquation"	RelError: 1.03397e-08	AbsError: 8.51457e+03
      Equation: "HoleContinuityEquation"	RelError: 7.61870e-09	AbsError: 2.96144e+02
      Equation: "PotentialEquation"	RelError: 3.75870e-14	AbsError: 6.86511e-16
    Region: "gate"	RelError: 3.67862e-16	AbsError: 8.00739e+03
      Equation: "ElectronContinuityEquation"	RelError: 8.00739e-17	AbsError: 8.00739e+03
      Equation: "HoleContinuityEquation"	RelError: 1.86497e-16	AbsError: 1.87377e-16
      Equation: "PotentialEquation"	RelError: 1.01291e-16	AbsError: 1.11022e-16
    Region: "oxide"	RelError: 2.01890e-16	AbsError: 2.32116e-16
      Equation: "PotentialEquation"	RelError: 2.01890e-16	AbsError: 2.32116e-16
Succeeded
IVPOINT	IDVD_VG1P0	5.00000000e-01	1.94000000e+00	6.65020457e-01
drain last end 1.940000e+00 2.000000e+00
number of equations 4295
Iteration: 0
  Device: "mos2d"	RelError: 5.88276e+00	AbsError: 3.43337e+16
    Region: "bulk"	RelError: 5.87544e+00	AbsError: 3.43337e+16
      Equation: "ElectronContinuityEquation"	RelError: 1.59284e-01	AbsError: 3.36664e+16
      Equation: "HoleContinuityEquation"	RelError: 6.07270e-01	AbsError: 6.67274e+14
      Equation: "PotentialEquation"	RelError: 5.10888e+00	AbsError: 2.00000e-02
    Region: "gate"	RelError: 3.70388e-04	AbsError: 1.84837e+16
      Equation: "ElectronContinuityEquation"	RelError: 1.83000e-04	AbsError: 1.84837e+16
      Equation: "HoleContinuityEquation"	RelError: 1.83067e-04	AbsError: 1.81247e-04
      Equation: "PotentialEquation"	RelError: 4.32187e-06	AbsError: 4.73821e-06
    Region: "oxide"	RelError: 6.95449e-03	AbsError: 1.37665e-02
      Equation: "PotentialEquation"	RelError: 6.95449e-03	AbsError: 1.37665e-02
Iteration: 1
  Device: "mos2d"	RelError: 1.13055e-01	AbsError: 2.08163e+13
    Region: "bulk"	RelError: 1.13054e-01	AbsError: 2.08163e+13
      Equation: "ElectronContinuityEquation"	RelError: 1.17852e-02	AbsError: 1.05143e+13
      Equation: "HoleContinuityEquation"	RelError: 9.21118e-02	AbsError: 1.03020e+13
      Equation: "PotentialEquation"	RelError: 9.15666e-03	AbsError: 2.57584e-05
    Region: "gate"	RelError: 4.32036e-08	AbsError: 1.27204e+12
      Equation: "ElectronContinuityEquation"	RelError: 1.27616e-08	AbsError: 1.27204e+12
      Equation: "HoleContinuityEquation"	RelError: 3.00896e-08	AbsError: 2.97634e-08
      Equation: "PotentialEquation"	RelError: 3.52443e-10	AbsError: 3.86403e-10
    Region: "oxide"	RelError: 1.14723e-06	AbsError: 9.42271e-07
      Equation: "PotentialEquation"	RelError: 1.14723e-06	AbsError: 9.42271e-07
Iteration: 2
  Device: "mos2d"	RelError: 4.49967e-04	AbsError: 1.93479e+09
    Region: "bulk"	RelError: 4.49966e-04	AbsError: 1.93479e+09
      Equation: "ElectronContinuityEquation"	RelError: 4.40464e-04	AbsError: 4.01085e+08
      Equation: "HoleContinuityEquation"	RelError: 9.07547e-06	AbsError: 1.53370e+09
      Equation: "PotentialEquation"	RelError: 4.26781e-07	AbsError: 2.83345e-09
    Region: "gate"	RelError: 1.09575e-12	AbsError: 5.41206e+07
      Equation: "ElectronContinuityEquation"	RelError: 5.41467e-13	AbsError: 5.41206e+07
      Equation: "HoleContinuityEquation"	RelError: 5.41494e-13	AbsError: 5.41756e-13
      Equation: "PotentialEquation"	RelError: 1.27886e-14	AbsError: 1.40171e-14
    Region: "oxide"	RelError: 4.49244e-11	AbsError: 4.01459e-11
      Equation: "PotentialEquation"	RelError: 4.49244e-11	AbsError: 4.01459e-11
Iteration: 3
  Device: "mos2d"	RelError: 2.21494e-08	AbsError: 8.11263e+03
    Region: "bulk"	RelError: 2.21494e-08	AbsError: 5.49256e+03
      Equation: "ElectronContinuityEquation"	RelError: 1.82767e-08	AbsError: 5.11223e+03
      Equation: "HoleContinuityEquation"	RelError: 3.87265e-09	AbsError: 3.80337e+02
      Equation: "PotentialEquation"	RelError: 3.38718e-14	AbsError: 7.68713e-16
    Region: "gate"	RelError: 3.13112e-16	AbsError: 8.11263e+03
      Equation: "ElectronContinuityEquation"	RelError: 8.11265e-17	AbsError: 8.11263e+03
      Equation: "HoleContinuityEquation"	RelError: 1.30695e-16	AbsError: 1.31638e-16
      Equation: "PotentialEquation"	RelError: 1.01291e-16	AbsError: 1.11022e-16
    Region: "oxide"	RelError: 1.26272e-16	AbsError: 1.29296e-16
      Equation: "PotentialEquation"	RelError: 1.26272e-16	AbsError: 1.29296e-16
Succeeded
IVPOINT	IDVD_VG1P0	5.00000000e-01	1.96000000e+00	6.73492929e-01
drain last end 1.960000e+00 2.000000e+00
number of equations 4295
Iteration: 0
  Device: "mos2d"	RelError: 8.16951e+00	AbsError: 3.43287e+16
    Region: "bulk"	RelError: 8.16223e+00	AbsError: 3.43287e+16
      Equation: "ElectronContinuityEquation"	RelError: 1.56445e-01	AbsError: 3.36601e+16
      Equation: "HoleContinuityEquation"	RelError: 6.07452e-01	AbsError: 6.68584e+14
      Equation: "PotentialEquation"	RelError: 7.39833e+00	AbsError: 2.00000e-02
    Region: "gate"	RelError: 3.70336e-04	AbsError: 1.84844e+16
      Equation: "ElectronContinuityEquation"	RelError: 1.82974e-04	AbsError: 1.84844e+16
      Equation: "HoleContinuityEquation"	RelError: 1.83041e-04	AbsError: 1.81189e-04
      Equation: "PotentialEquation"	RelError: 4.32124e-06	AbsError: 4.73754e-06
    Region: "oxide"	RelError: 6.90642e-03	AbsError: 1.37665e-02
      Equation: "PotentialEquation"	RelError: 6.90642e-03	AbsError: 1.37665e-02
Iteration: 1
  Device: "mos2d"	RelError: 1.20158e-01	AbsError: 2.01286e+13
    Region: "bulk"	RelError: 1.20157e-01	AbsError: 2.01286e+13
      Equation: "ElectronContinuityEquation"	RelError: 1.16329e-02	AbsError: 9.50636e+12
      Equation: "HoleContinuityEquation"	RelError: 9.23438e-02	AbsError: 1.06223e+13
      Equation: "PotentialEquation"	RelError: 1.61801e-02	AbsError: 2.59527e-05
    Region: "gate"	RelError: 4.28014e-08	AbsError: 1.25328e+12
      Equation: "ElectronContinuityEquation"	RelError: 1.25727e-08	AbsError: 1.25328e+12
      Equation: "HoleContinuityEquation"	RelError: 2.98810e-08	AbsError: 2.95519e-08
      Equation: "PotentialEquation"	RelError: 3.47639e-10	AbsError: 3.81138e-10
    Region: "oxide"	RelError: 1.12665e-06	AbsError: 9.28481e-07
      Equation: "PotentialEquation"	RelError: 1.12665e-06	AbsError: 9.28481e-07
Iteration: 2
  Device: "mos2d"	RelError: 4.30353e-04	AbsError: 2.04157e+09
    Region: "bulk"	RelError: 4.30353e-04	AbsError: 2.04157e+09
      Equation: "ElectronContinuityEquation"	RelError: 4.20472e-04	AbsError: 3.80035e+08
      Equation: "HoleContinuityEquation"	RelError: 8.74840e-06	AbsError: 1.66154e+09
      Equation: "PotentialEquation"	RelError: 1.13312e-06	AbsError: 2.92776e-09
    Region: "gate"	RelError: 1.04317e-12	AbsError: 5.15151e+07
      Equation: "ElectronContinuityEquation"	RelError: 5.15361e-13	AbsError: 5.15151e+07
      Equation: "HoleContinuityEquation"	RelError: 5.15595e-13	AbsError: 5.15805e-13
      Equation: "PotentialEquation"	RelError: 1.22143e-14	AbsError: 1.33877e-14
    Region: "oxide"	RelError: 4.25808e-11	AbsError: 3.82145e-11
      Equation: "PotentialEquation"	RelError: 4.25808e-11	AbsError: 3.82145e-11
Iteration: 3
  Device: "mos2d"	RelError: 3.12075e-08	AbsError: 8.02994e+03
    Region: "bulk"	RelError: 3.12075e-08	AbsError: 5.40348e+03
      Equation: "ElectronContinuityEquation"	RelError: 1.82370e-08	AbsError: 4.98249e+03
      Equation: "HoleContinuityEquation"	RelError: 1.29705e-08	AbsError: 4.20990e+02
      Equation: "PotentialEquation"	RelError: 2.36742e-14	AbsError: 7.59419e-16
    Region: "gate"	RelError: 3.31289e-16	AbsError: 8.02994e+03
      Equation: "ElectronContinuityEquation"	RelError: 8.02996e-17	AbsError: 8.02994e+03
      Equation: "HoleContinuityEquation"	RelError: 1.49698e-16	AbsError: 1.51344e-16
      Equation: "PotentialEquation"	RelError: 1.01291e-16	AbsError: 1.11022e-16
    Region: "oxide"	RelError: 1.10205e-16	AbsError: 1.53825e-16
      Equation: "PotentialEquation"	RelError: 1.10205e-16	AbsError: 1.53825e-16
Succeeded
IVPOINT	IDVD_VG1P0	5.00000000e-01	1.98000000e+00	6.82025418e-01
drain last end 1.980000e+00 2.000000e+00
setting to last bias 2.000000e+00
setting next bias 2.000000e+00
number of equations 4295
Iteration: 0
  Device: "mos2d"	RelError: 1.92183e+00	AbsError: 3.43228e+16
    Region: "bulk"	RelError: 1.91460e+00	AbsError: 3.43228e+16
      Equation: "ElectronContinuityEquation"	RelError: 1.55455e-01	AbsError: 3.36536e+16
      Equation: "HoleContinuityEquation"	RelError: 6.06475e-01	AbsError: 6.69222e+14
      Equation: "PotentialEquation"	RelError: 1.15267e+00	AbsError: 2.00000e-02
    Region: "gate"	RelError: 3.70284e-04	AbsError: 1.84852e+16
      Equation: "ElectronContinuityEquation"	RelError: 1.82948e-04	AbsError: 1.84852e+16
      Equation: "HoleContinuityEquation"	RelError: 1.83015e-04	AbsError: 1.81130e-04
      Equation: "PotentialEquation"	RelError: 4.32062e-06	AbsError: 4.73688e-06
    Region: "oxide"	RelError: 6.85903e-03	AbsError: 1.37664e-02
      Equation: "PotentialEquation"	RelError: 6.85903e-03	AbsError: 1.37664e-02
Iteration: 1
  Device: "mos2d"	RelError: 1.06209e-01	AbsError: 1.94855e+13
    Region: "bulk"	RelError: 1.06207e-01	AbsError: 1.94855e+13
      Equation: "ElectronContinuityEquation"	RelError: 1.14620e-02	AbsError: 8.59949e+12
      Equation: "HoleContinuityEquation"	RelError: 9.24031e-02	AbsError: 1.08860e+13
      Equation: "PotentialEquation"	RelError: 2.34234e-03	AbsError: 2.60900e-05
    Region: "gate"	RelError: 4.24195e-08	AbsError: 1.23369e+12
      Equation: "ElectronContinuityEquation"	RelError: 1.23756e-08	AbsError: 1.23369e+12
      Equation: "HoleContinuityEquation"	RelError: 2.97005e-08	AbsError: 2.93682e-08
      Equation: "PotentialEquation"	RelError: 3.43495e-10	AbsError: 3.76596e-10
    Region: "oxide"	RelError: 1.10560e-06	AbsError: 9.14066e-07
      Equation: "PotentialEquation"	RelError: 1.10560e-06	AbsError: 9.14066e-07
Iteration: 2
  Device: "mos2d"	RelError: 3.93948e-04	AbsError: 2.12914e+09
    Region: "bulk"	RelError: 3.93948e-04	AbsError: 2.12914e+09
      Equation: "ElectronContinuityEquation"	RelError: 3.85166e-04	AbsError: 3.59481e+08
      Equation: "HoleContinuityEquation"	RelError: 8.64039e-06	AbsError: 1.76965e+09
      Equation: "PotentialEquation"	RelError: 1.41772e-07	AbsError: 3.00299e-09
    Region: "gate"	RelError: 9.88031e-13	AbsError: 4.88029e+07
      Equation: "ElectronContinuityEquation"	RelError: 4.88191e-13	AbsError: 4.88029e+07
      Equation: "HoleContinuityEquation"	RelError: 4.88260e-13	AbsError: 4.88422e-13
      Equation: "PotentialEquation"	RelError: 1.15807e-14	AbsError: 1.26932e-14
    Region: "oxide"	RelError: 4.01565e-11	AbsError: 3.62073e-11
      Equation: "PotentialEquation"	RelError: 4.01565e-11	AbsError: 3.62073e-11
Iteration: 3
  Device: "mos2d"	RelError: 1.08058e-08	AbsError: 8.14250e+03
    Region: "bulk"	RelError: 1.08058e-08	AbsError: 5.08182e+03
      Equation: "ElectronContinuityEquation"	RelError: 5.71352e-09	AbsError: 4.70728e+03
      Equation: "HoleContinuityEquation"	RelError: 5.09222e-09	AbsError: 3.74532e+02
      Equation: "PotentialEquation"	RelError: 4.53274e-14	AbsError: 9.23905e-16
    Region: "gate"	RelError: 2.99242e-16	AbsError: 8.14250e+03
      Equation: "ElectronContinuityEquation"	RelError: 8.14250e-17	AbsError: 8.14250e+03
      Equation: "HoleContinuityEquation"	RelError: 1.16503e-16	AbsError: 1.16503e-16
      Equation: "PotentialEquation"	RelError: 1.01314e-16	AbsError: 1.11047e-16
    Region: "oxide"	RelError: 1.58161e-16	AbsError: 1.87732e-16
      Equation: "PotentialEquation"	RelError: 1.58161e-16	AbsError: 1.87732e-16
Succeeded
IVPOINT	IDVD_VG1P0	5.00000000e-01	2.00000000e+00	6.90618199e-01
=== SWEEP_START IDVG_VD0P05 ===
number of equations 4295
Iteration: 0
  Device: "mos2d"	RelError: 2.01864e+03	AbsError: 3.82009e+18
    Region: "bulk"	RelError: 2.01842e+03	AbsError: 3.82009e+18
      Equation: "ElectronContinuityEquation"	RelError: 9.99000e+02	AbsError: 3.75314e+18
      Equation: "HoleContinuityEquation"	RelError: 9.99000e+02	AbsError: 6.69569e+16
      Equation: "PotentialEquation"	RelError: 2.04241e+01	AbsError: 1.12912e-01
    Region: "gate"	RelError: 1.01906e-01	AbsError: 1.27796e+18
      Equation: "ElectronContinuityEquation"	RelError: 1.28100e-02	AbsError: 1.27796e+18
      Equation: "HoleContinuityEquation"	RelError: 1.24900e-02	AbsError: 1.25177e-02
      Equation: "PotentialEquation"	RelError: 7.66061e-02	AbsError: 7.79976e-02
    Region: "oxide"	RelError: 1.15984e-01	AbsError: 1.05551e-01
      Equation: "PotentialEquation"	RelError: 1.15984e-01	AbsError: 1.05551e-01
Iteration: 1
  Device: "mos2d"	RelError: 2.00373e+03	AbsError: 5.94637e+17
    Region: "bulk"	RelError: 2.00352e+03	AbsError: 5.94637e+17
      Equation: "ElectronContinuityEquation"	RelError: 9.99000e+02	AbsError: 5.36024e+17
      Equation: "HoleContinuityEquation"	RelError: 9.99000e+02	AbsError: 5.86132e+16
      Equation: "PotentialEquation"	RelError: 5.51971e+00	AbsError: 1.11426e-01
    Region: "gate"	RelError: 7.98163e-02	AbsError: 8.05495e+16
      Equation: "ElectronContinuityEquation"	RelError: 8.08949e-04	AbsError: 8.05495e+16
      Equation: "HoleContinuityEquation"	RelError: 8.15144e-04	AbsError: 8.18640e-04
      Equation: "PotentialEquation"	RelError: 7.81922e-02	AbsError: 7.38430e-02
    Region: "oxide"	RelError: 1.31231e-01	AbsError: 1.03813e-01
      Equation: "PotentialEquation"	RelError: 1.31231e-01	AbsError: 1.03813e-01
Iteration: 2
  Device: "mos2d"	RelError: 2.06320e+03	AbsError: 1.23249e+17
    Region: "bulk"	RelError: 2.06298e+03	AbsError: 1.23249e+17
      Equation: "ElectronContinuityEquation"	RelError: 9.99000e+02	AbsError: 7.92772e+16
      Equation: "HoleContinuityEquation"	RelError: 9.99000e+02	AbsError: 4.39722e+16
      Equation: "PotentialEquation"	RelError: 6.49817e+01	AbsError: 1.09872e-01
    Region: "gate"	RelError: 7.92025e-02	AbsError: 8.24414e+15
      Equation: "ElectronContinuityEquation"	RelError: 8.27323e-05	AbsError: 8.24414e+15
      Equation: "HoleContinuityEquation"	RelError: 7.90338e-05	AbsError: 7.93128e-05
      Equation: "PotentialEquation"	RelError: 7.90407e-02	AbsError: 6.91806e-02
    Region: "oxide"	RelError: 1.35682e-01	AbsError: 1.01852e-01
      Equation: "PotentialEquation"	RelError: 1.35682e-01	AbsError: 1.01852e-01
Iteration: 3
  Device: "mos2d"	RelError: 1.03564e+03	AbsError: 7.88081e+16
    Region: "bulk"	RelError: 1.03542e+03	AbsError: 7.88081e+16
      Equation: "ElectronContinuityEquation"	RelError: 9.99000e+02	AbsError: 3.32886e+16
      Equation: "HoleContinuityEquation"	RelError: 1.00000e+00	AbsError: 4.55195e+16
      Equation: "PotentialEquation"	RelError: 3.54196e+01	AbsError: 1.08242e-01
    Region: "gate"	RelError: 7.88932e-02	AbsError: 7.73909e+15
      Equation: "ElectronContinuityEquation"	RelError: 7.77200e-05	AbsError: 7.73909e+15
      Equation: "HoleContinuityEquation"	RelError: 7.78847e-05	AbsError: 7.82158e-05
      Equation: "PotentialEquation"	RelError: 7.87376e-02	AbsError: 6.38892e-02
    Region: "oxide"	RelError: 1.36628e-01	AbsError: 9.97584e-02
      Equation: "PotentialEquation"	RelError: 1.36628e-01	AbsError: 9.97584e-02
Iteration: 4
  Device: "mos2d"	RelError: 2.00914e+03	AbsError: 3.65875e+16
    Region: "bulk"	RelError: 2.00892e+03	AbsError: 3.65875e+16
      Equation: "ElectronContinuityEquation"	RelError: 9.99000e+02	AbsError: 1.21247e+16
      Equation: "HoleContinuityEquation"	RelError: 9.99000e+02	AbsError: 2.44628e+16
      Equation: "PotentialEquation"	RelError: 1.09237e+01	AbsError: 1.06530e-01
    Region: "gate"	RelError: 7.67366e-02	AbsError: 1.63669e+15
      Equation: "ElectronContinuityEquation"	RelError: 1.64337e-05	AbsError: 1.63669e+15
      Equation: "HoleContinuityEquation"	RelError: 1.62740e-05	AbsError: 1.63405e-05
      Equation: "PotentialEquation"	RelError: 7.67039e-02	AbsError: 5.78061e-02
    Region: "oxide"	RelError: 1.38404e-01	AbsError: 9.75462e-02
      Equation: "PotentialEquation"	RelError: 1.38404e-01	AbsError: 9.75462e-02
Iteration: 5
  Device: "mos2d"	RelError: 2.01561e+03	AbsError: 4.20317e+16
    Region: "bulk"	RelError: 2.01540e+03	AbsError: 4.20317e+16
      Equation: "ElectronContinuityEquation"	RelError: 9.99000e+02	AbsError: 1.27930e+16
      Equation: "HoleContinuityEquation"	RelError: 9.99000e+02	AbsError: 2.92388e+16
      Equation: "PotentialEquation"	RelError: 1.73993e+01	AbsError: 1.04726e-01
    Region: "gate"	RelError: 7.21680e-02	AbsError: 9.80612e+14
      Equation: "ElectronContinuityEquation"	RelError: 9.84613e-06	AbsError: 9.80612e+14
      Equation: "HoleContinuityEquation"	RelError: 9.86071e-06	AbsError: 9.90094e-06
      Equation: "PotentialEquation"	RelError: 7.21483e-02	AbsError: 5.07139e-02
    Region: "oxide"	RelError: 1.37324e-01	AbsError: 9.51854e-02
      Equation: "PotentialEquation"	RelError: 1.37324e-01	AbsError: 9.51854e-02
Iteration: 6
  Device: "mos2d"	RelError: 1.02908e+03	AbsError: 3.77244e+16
    Region: "bulk"	RelError: 1.02888e+03	AbsError: 3.77244e+16
      Equation: "ElectronContinuityEquation"	RelError: 9.99000e+02	AbsError: 1.36560e+16
      Equation: "HoleContinuityEquation"	RelError: 9.99999e-01	AbsError: 2.40684e+16
      Equation: "PotentialEquation"	RelError: 2.88782e+01	AbsError: 1.02821e-01
    Region: "gate"	RelError: 6.41163e-02	AbsError: 1.26824e+15
      Equation: "ElectronContinuityEquation"	RelError: 1.27402e-05	AbsError: 1.26824e+15
      Equation: "HoleContinuityEquation"	RelError: 1.27389e-05	AbsError: 1.27970e-05
      Equation: "PotentialEquation"	RelError: 6.40908e-02	AbsError: 4.23368e-02
    Region: "oxide"	RelError: 1.34249e-01	AbsError: 9.26535e-02
      Equation: "PotentialEquation"	RelError: 1.34249e-01	AbsError: 9.26535e-02
Iteration: 7
  Device: "mos2d"	RelError: 2.12982e+03	AbsError: 3.23545e+16
    Region: "bulk"	RelError: 2.12964e+03	AbsError: 3.23545e+16
      Equation: "ElectronContinuityEquation"	RelError: 9.99000e+02	AbsError: 1.47740e+16
      Equation: "HoleContinuityEquation"	RelError: 9.99000e+02	AbsError: 1.75806e+16
      Equation: "PotentialEquation"	RelError: 1.31642e+02	AbsError: 1.00804e-01
    Region: "gate"	RelError: 5.15796e-02	AbsError: 5.77744e+14
      Equation: "ElectronContinuityEquation"	RelError: 5.80375e-06	AbsError: 5.77744e+14
      Equation: "HoleContinuityEquation"	RelError: 5.80905e-06	AbsError: 5.83550e-06
      Equation: "PotentialEquation"	RelError: 5.15680e-02	AbsError: 3.23941e-02
    Region: "oxide"	RelError: 1.30203e-01	AbsError: 8.99305e-02
      Equation: "PotentialEquation"	RelError: 1.30203e-01	AbsError: 8.99305e-02
Iteration: 8
  Device: "mos2d"	RelError: 2.00019e+03	AbsError: 3.15137e+16
    Region: "bulk"	RelError: 2.00003e+03	AbsError: 3.15137e+16
      Equation: "ElectronContinuityEquation"	RelError: 9.99000e+02	AbsError: 1.62353e+16
      Equation: "HoleContinuityEquation"	RelError: 9.98039e+02	AbsError: 1.52784e+16
      Equation: "PotentialEquation"	RelError: 2.98912e+00	AbsError: 9.86606e-02
    Region: "gate"	RelError: 3.44447e-02	AbsError: 3.52268e+14
      Equation: "ElectronContinuityEquation"	RelError: 3.52775e-06	AbsError: 3.52268e+14
      Equation: "HoleContinuityEquation"	RelError: 3.51895e-06	AbsError: 3.52401e-06
      Equation: "PotentialEquation"	RelError: 3.44377e-02	AbsError: 2.09129e-02
    Region: "oxide"	RelError: 1.25095e-01	AbsError: 8.69862e-02
      Equation: "PotentialEquation"	RelError: 1.25095e-01	AbsError: 8.69862e-02
Iteration: 9
  Device: "mos2d"	RelError: 1.00741e+03	AbsError: 2.76078e+16
    Region: "bulk"	RelError: 1.00727e+03	AbsError: 2.76078e+16
      Equation: "ElectronContinuityEquation"	RelError: 9.99000e+02	AbsError: 1.81637e+16
      Equation: "HoleContinuityEquation"	RelError: 1.00000e+00	AbsError: 9.44404e+15
      Equation: "PotentialEquation"	RelError: 7.26818e+00	AbsError: 9.63761e-02
    Region: "gate"	RelError: 1.88998e-02	AbsError: 4.06394e+14
      Equation: "ElectronContinuityEquation"	RelError: 4.06980e-06	AbsError: 4.06394e+14
      Equation: "HoleContinuityEquation"	RelError: 4.07437e-06	AbsError: 4.08025e-06
      Equation: "PotentialEquation"	RelError: 1.88917e-02	AbsError: 1.12596e-02
    Region: "oxide"	RelError: 1.19308e-01	AbsError: 8.37814e-02
      Equation: "PotentialEquation"	RelError: 1.19308e-01	AbsError: 8.37814e-02
Iteration: 10
  Device: "mos2d"	RelError: 1.00551e+03	AbsError: 2.74603e+16
    Region: "bulk"	RelError: 1.00540e+03	AbsError: 2.74603e+16
      Equation: "ElectronContinuityEquation"	RelError: 9.99000e+02	AbsError: 2.06876e+16
      Equation: "HoleContinuityEquation"	RelError: 9.44845e-01	AbsError: 6.77275e+15
      Equation: "PotentialEquation"	RelError: 5.45552e+00	AbsError: 9.39312e-02
    Region: "gate"	RelError: 1.00786e-05	AbsError: 4.92071e+14
      Equation: "ElectronContinuityEquation"	RelError: 4.92784e-06	AbsError: 4.92071e+14
      Equation: "HoleContinuityEquation"	RelError: 4.93648e-06	AbsError: 4.94363e-06
      Equation: "PotentialEquation"	RelError: 2.14244e-07	AbsError: 1.27698e-07
    Region: "oxide"	RelError: 1.12027e-01	AbsError: 8.02712e-02
      Equation: "PotentialEquation"	RelError: 1.12027e-01	AbsError: 8.02712e-02
Iteration: 11
  Device: "mos2d"	RelError: 1.00261e+03	AbsError: 2.71315e+16
    Region: "bulk"	RelError: 1.00250e+03	AbsError: 2.71315e+16
      Equation: "ElectronContinuityEquation"	RelError: 9.99000e+02	AbsError: 2.39749e+16
      Equation: "HoleContinuityEquation"	RelError: 9.38372e-01	AbsError: 3.15659e+15
      Equation: "PotentialEquation"	RelError: 2.56572e+00	AbsError: 9.13033e-02
    Region: "gate"	RelError: 1.24003e-05	AbsError: 6.05960e+14
      Equation: "ElectronContinuityEquation"	RelError: 6.06842e-06	AbsError: 6.05960e+14
      Equation: "HoleContinuityEquation"	RelError: 6.06837e-06	AbsError: 6.07719e-06
      Equation: "PotentialEquation"	RelError: 2.63564e-07	AbsError: 1.57094e-07
    Region: "oxide"	RelError: 1.06208e-01	AbsError: 7.63985e-02
      Equation: "PotentialEquation"	RelError: 1.06208e-01	AbsError: 7.63985e-02
Iteration: 12
  Device: "mos2d"	RelError: 1.00671e+03	AbsError: 3.40138e+16
    Region: "bulk"	RelError: 1.00661e+03	AbsError: 3.40138e+16
      Equation: "ElectronContinuityEquation"	RelError: 9.99000e+02	AbsError: 2.82573e+16
      Equation: "HoleContinuityEquation"	RelError: 9.31870e-01	AbsError: 5.75653e+15
      Equation: "PotentialEquation"	RelError: 6.67988e+00	AbsError: 8.84649e-02
    Region: "gate"	RelError: 1.49794e-05	AbsError: 7.31984e+14
      Equation: "ElectronContinuityEquation"	RelError: 7.33054e-06	AbsError: 7.31984e+14
      Equation: "HoleContinuityEquation"	RelError: 7.33047e-06	AbsError: 7.34119e-06
      Equation: "PotentialEquation"	RelError: 3.18380e-07	AbsError: 1.89766e-07
    Region: "oxide"	RelError: 9.90967e-02	AbsError: 7.20899e-02
      Equation: "PotentialEquation"	RelError: 9.90967e-02	AbsError: 7.20899e-02
Iteration: 13
  Device: "mos2d"	RelError: 8.30651e+00	AbsError: 3.47083e+16
    Region: "bulk"	RelError: 8.21099e+00	AbsError: 3.47083e+16
      Equation: "ElectronContinuityEquation"	RelError: 9.99997e-01	AbsError: 3.38333e+16
      Equation: "HoleContinuityEquation"	RelError: 9.26636e-01	AbsError: 8.74990e+14
      Equation: "PotentialEquation"	RelError: 6.28436e+00	AbsError: 8.53819e-02
    Region: "gate"	RelError: 1.84797e-05	AbsError: 9.03023e+14
      Equation: "ElectronContinuityEquation"	RelError: 9.04351e-06	AbsError: 9.03023e+14
      Equation: "HoleContinuityEquation"	RelError: 9.04340e-06	AbsError: 9.05670e-06
      Equation: "PotentialEquation"	RelError: 3.92777e-07	AbsError: 2.34110e-07
    Region: "oxide"	RelError: 9.55046e-02	AbsError: 6.72516e-02
      Equation: "PotentialEquation"	RelError: 9.55046e-02	AbsError: 6.72516e-02
Iteration: 14
  Device: "mos2d"	RelError: 8.93502e+00	AbsError: 4.19613e+16
    Region: "bulk"	RelError: 8.84366e+00	AbsError: 4.19613e+16
      Equation: "ElectronContinuityEquation"	RelError: 7.40805e-01	AbsError: 4.11094e+16
      Equation: "HoleContinuityEquation"	RelError: 9.17843e-01	AbsError: 8.51964e+14
      Equation: "PotentialEquation"	RelError: 7.18501e+00	AbsError: 8.20119e-02
    Region: "gate"	RelError: 2.27125e-05	AbsError: 1.10985e+15
      Equation: "ElectronContinuityEquation"	RelError: 1.11150e-05	AbsError: 1.10985e+15
      Equation: "HoleContinuityEquation"	RelError: 1.11148e-05	AbsError: 1.11313e-05
      Equation: "PotentialEquation"	RelError: 4.82745e-07	AbsError: 2.87734e-07
    Region: "oxide"	RelError: 9.13412e-02	AbsError: 6.17618e-02
      Equation: "PotentialEquation"	RelError: 9.13412e-02	AbsError: 6.17618e-02
Iteration: 15
  Device: "mos2d"	RelError: 1.88917e+01	AbsError: 5.11807e+16
    Region: "bulk"	RelError: 1.88046e+01	AbsError: 5.11807e+16
      Equation: "ElectronContinuityEquation"	RelError: 6.98084e-01	AbsError: 5.05958e+16
      Equation: "HoleContinuityEquation"	RelError: 9.14067e-01	AbsError: 5.84877e+14
      Equation: "PotentialEquation"	RelError: 1.71924e+01	AbsError: 7.83015e-02
    Region: "gate"	RelError: 2.83880e-05	AbsError: 1.38717e+15
      Equation: "ElectronContinuityEquation"	RelError: 1.38924e-05	AbsError: 1.38717e+15
      Equation: "HoleContinuityEquation"	RelError: 1.38922e-05	AbsError: 1.39130e-05
      Equation: "PotentialEquation"	RelError: 6.03375e-07	AbsError: 3.59633e-07
    Region: "oxide"	RelError: 8.71067e-02	AbsError: 5.54656e-02
      Equation: "PotentialEquation"	RelError: 8.71067e-02	AbsError: 5.54656e-02
Iteration: 16
  Device: "mos2d"	RelError: 8.83778e+00	AbsError: 6.33623e+16
    Region: "bulk"	RelError: 8.75589e+00	AbsError: 6.33623e+16
      Equation: "ElectronContinuityEquation"	RelError: 7.72508e-01	AbsError: 6.28849e+16
      Equation: "HoleContinuityEquation"	RelError: 9.12804e-01	AbsError: 4.77404e+14
      Equation: "PotentialEquation"	RelError: 7.07058e+00	AbsError: 7.41816e-02
    Region: "gate"	RelError: 3.61447e-05	AbsError: 1.76617e+15
      Equation: "ElectronContinuityEquation"	RelError: 1.76884e-05	AbsError: 1.76617e+15
      Equation: "HoleContinuityEquation"	RelError: 1.76880e-05	AbsError: 1.77148e-05
      Equation: "PotentialEquation"	RelError: 7.68241e-07	AbsError: 4.57899e-07
    Region: "oxide"	RelError: 8.18531e-02	AbsError: 4.81769e-02
      Equation: "PotentialEquation"	RelError: 8.18531e-02	AbsError: 4.81769e-02
Iteration: 17
  Device: "mos2d"	RelError: 8.54185e+00	AbsError: 7.88874e+16
    Region: "bulk"	RelError: 8.46945e+00	AbsError: 7.88874e+16
      Equation: "ElectronContinuityEquation"	RelError: 8.45918e-01	AbsError: 7.84972e+16
      Equation: "HoleContinuityEquation"	RelError: 9.00081e-01	AbsError: 3.90187e+14
      Equation: "PotentialEquation"	RelError: 6.72345e+00	AbsError: 6.95625e-02
    Region: "gate"	RelError: 4.69543e-05	AbsError: 2.29433e+15
      Equation: "ElectronContinuityEquation"	RelError: 2.29785e-05	AbsError: 2.29433e+15
      Equation: "HoleContinuityEquation"	RelError: 2.29778e-05	AbsError: 2.30131e-05
      Equation: "PotentialEquation"	RelError: 9.97994e-07	AbsError: 5.94839e-07
    Region: "oxide"	RelError: 7.23573e-02	AbsError: 3.97143e-02
      Equation: "PotentialEquation"	RelError: 7.23573e-02	AbsError: 3.97143e-02
Iteration: 18
  Device: "mos2d"	RelError: 3.11735e+00	AbsError: 9.76976e+16
    Region: "bulk"	RelError: 3.05933e+00	AbsError: 9.76976e+16
      Equation: "ElectronContinuityEquation"	RelError: 8.49988e-01	AbsError: 9.73698e+16
      Equation: "HoleContinuityEquation"	RelError: 8.83632e-01	AbsError: 3.27790e+14
      Equation: "PotentialEquation"	RelError: 1.32571e+00	AbsError: 6.43251e-02
    Region: "gate"	RelError: 6.25935e-05	AbsError: 3.05843e+15
      Equation: "ElectronContinuityEquation"	RelError: 3.06322e-05	AbsError: 3.05843e+15
      Equation: "HoleContinuityEquation"	RelError: 3.06309e-05	AbsError: 3.06789e-05
      Equation: "PotentialEquation"	RelError: 1.33040e-06	AbsError: 7.92965e-07
    Region: "oxide"	RelError: 5.79534e-02	AbsError: 3.00661e-02
      Equation: "PotentialEquation"	RelError: 5.79534e-02	AbsError: 3.00661e-02
Iteration: 19
  Device: "mos2d"	RelError: 1.24479e+01	AbsError: 1.17751e+17
    Region: "bulk"	RelError: 1.24061e+01	AbsError: 1.17751e+17
      Equation: "ElectronContinuityEquation"	RelError: 8.35870e-01	AbsError: 1.17470e+17
      Equation: "HoleContinuityEquation"	RelError: 8.54696e-01	AbsError: 2.80857e+14
      Equation: "PotentialEquation"	RelError: 1.07156e+01	AbsError: 5.83103e-02
    Region: "gate"	RelError: 8.68029e-05	AbsError: 4.24120e+15
      Equation: "ElectronContinuityEquation"	RelError: 4.24803e-05	AbsError: 4.24120e+15
      Equation: "HoleContinuityEquation"	RelError: 4.24776e-05	AbsError: 4.25460e-05
      Equation: "PotentialEquation"	RelError: 1.84497e-06	AbsError: 1.09966e-06
    Region: "oxide"	RelError: 4.17168e-02	AbsError: 2.00033e-02
      Equation: "PotentialEquation"	RelError: 4.17168e-02	AbsError: 2.00033e-02
Iteration: 20
  Device: "mos2d"	RelError: 2.37712e+00	AbsError: 1.32302e+17
    Region: "bulk"	RelError: 2.34639e+00	AbsError: 1.32302e+17
      Equation: "ElectronContinuityEquation"	RelError: 8.01270e-01	AbsError: 1.32057e+17
      Equation: "HoleContinuityEquation"	RelError: 8.19563e-01	AbsError: 2.44896e+14
      Equation: "PotentialEquation"	RelError: 7.25554e-01	AbsError: 5.13054e-02
    Region: "gate"	RelError: 1.25970e-04	AbsError: 6.14791e+15
      Equation: "ElectronContinuityEquation"	RelError: 6.16491e-05	AbsError: 6.14791e+15
      Equation: "HoleContinuityEquation"	RelError: 6.16433e-05	AbsError: 6.18138e-05
      Equation: "PotentialEquation"	RelError: 2.67758e-06	AbsError: 1.59585e-06
    Region: "oxide"	RelError: 3.06022e-02	AbsError: 1.48130e-02
      Equation: "PotentialEquation"	RelError: 3.06022e-02	AbsError: 1.48130e-02
Iteration: 21
  Device: "mos2d"	RelError: 4.48106e+00	AbsError: 1.27640e+17
    Region: "bulk"	RelError: 4.46528e+00	AbsError: 1.27640e+17
      Equation: "ElectronContinuityEquation"	RelError: 7.44085e-01	AbsError: 1.27423e+17
      Equation: "HoleContinuityEquation"	RelError: 7.95022e-01	AbsError: 2.17071e+14
      Equation: "PotentialEquation"	RelError: 2.92617e+00	AbsError: 4.30387e-02
    Region: "gate"	RelError: 1.89672e-04	AbsError: 9.25624e+15
      Equation: "ElectronContinuityEquation"	RelError: 9.28271e-05	AbsError: 9.25624e+15
      Equation: "HoleContinuityEquation"	RelError: 9.28136e-05	AbsError: 9.30790e-05
      Equation: "PotentialEquation"	RelError: 4.03164e-06	AbsError: 2.40286e-06
    Region: "oxide"	RelError: 1.55970e-02	AbsError: 7.14602e-03
      Equation: "PotentialEquation"	RelError: 1.55970e-02	AbsError: 7.14602e-03
Iteration: 22
  Device: "mos2d"	RelError: 2.88359e+00	AbsError: 1.64681e+17
    Region: "bulk"	RelError: 2.86489e+00	AbsError: 1.64681e+17
      Equation: "ElectronContinuityEquation"	RelError: 6.65436e-01	AbsError: 1.64485e+17
      Equation: "HoleContinuityEquation"	RelError: 7.10463e-01	AbsError: 1.95245e+14
      Equation: "PotentialEquation"	RelError: 1.48900e+00	AbsError: 3.32241e-02
    Region: "gate"	RelError: 2.24299e-04	AbsError: 1.09448e+16
      Equation: "ElectronContinuityEquation"	RelError: 1.09773e-04	AbsError: 1.09448e+16
      Equation: "HoleContinuityEquation"	RelError: 1.09758e-04	AbsError: 1.10084e-04
      Equation: "PotentialEquation"	RelError: 4.76768e-06	AbsError: 2.84152e-06
    Region: "oxide"	RelError: 1.84706e-02	AbsError: 8.30916e-03
      Equation: "PotentialEquation"	RelError: 1.84706e-02	AbsError: 8.30916e-03
Iteration: 23
  Device: "mos2d"	RelError: 1.72120e+00	AbsError: 1.34416e+17
    Region: "bulk"	RelError: 1.70704e+00	AbsError: 1.34416e+17
      Equation: "ElectronContinuityEquation"	RelError: 5.16637e-01	AbsError: 1.34239e+17
      Equation: "HoleContinuityEquation"	RelError: 5.96249e-01	AbsError: 1.76821e+14
      Equation: "PotentialEquation"	RelError: 5.94156e-01	AbsError: 2.18400e-02
    Region: "gate"	RelError: 1.71715e-04	AbsError: 8.37777e+15
      Equation: "ElectronContinuityEquation"	RelError: 8.40335e-05	AbsError: 8.37777e+15
      Equation: "HoleContinuityEquation"	RelError: 8.40315e-05	AbsError: 8.42881e-05
      Equation: "PotentialEquation"	RelError: 3.64997e-06	AbsError: 2.17537e-06
    Region: "oxide"	RelError: 1.39869e-02	AbsError: 6.18544e-03
      Equation: "PotentialEquation"	RelError: 1.39869e-02	AbsError: 6.18544e-03
Iteration: 24
  Device: "mos2d"	RelError: 9.81050e-01	AbsError: 5.27686e+16
    Region: "bulk"	RelError: 9.75781e-01	AbsError: 5.27686e+16
      Equation: "ElectronContinuityEquation"	RelError: 2.88154e-01	AbsError: 5.26119e+16
      Equation: "HoleContinuityEquation"	RelError: 3.97384e-01	AbsError: 1.56645e+14
      Equation: "PotentialEquation"	RelError: 2.90243e-01	AbsError: 1.24489e-02
    Region: "gate"	RelError: 6.54124e-05	AbsError: 3.19100e+15
      Equation: "ElectronContinuityEquation"	RelError: 3.20085e-05	AbsError: 3.19100e+15
      Equation: "HoleContinuityEquation"	RelError: 3.20135e-05	AbsError: 3.21123e-05
      Equation: "PotentialEquation"	RelError: 1.39041e-06	AbsError: 8.28675e-07
    Region: "oxide"	RelError: 5.20332e-03	AbsError: 2.26129e-03
      Equation: "PotentialEquation"	RelError: 5.20332e-03	AbsError: 2.26129e-03
Iteration: 25
  Device: "mos2d"	RelError: 3.70980e-01	AbsError: 1.33398e+16
    Region: "bulk"	RelError: 3.69477e-01	AbsError: 1.33398e+16
      Equation: "ElectronContinuityEquation"	RelError: 7.33080e-02	AbsError: 1.32002e+16
      Equation: "HoleContinuityEquation"	RelError: 1.12151e-01	AbsError: 1.39653e+14
      Equation: "PotentialEquation"	RelError: 1.84018e-01	AbsError: 7.28804e-04
    Region: "gate"	RelError: 1.82980e-05	AbsError: 8.92650e+14
      Equation: "ElectronContinuityEquation"	RelError: 8.95412e-06	AbsError: 8.92650e+14
      Equation: "HoleContinuityEquation"	RelError: 8.95498e-06	AbsError: 8.98269e-06
      Equation: "PotentialEquation"	RelError: 3.88943e-07	AbsError: 2.31808e-07
    Region: "oxide"	RelError: 1.48454e-03	AbsError: 6.54081e-04
      Equation: "PotentialEquation"	RelError: 1.48454e-03	AbsError: 6.54081e-04
Iteration: 26
  Device: "mos2d"	RelError: 1.14822e-01	AbsError: 2.64563e+14
    Region: "bulk"	RelError: 1.14819e-01	AbsError: 2.64563e+14
      Equation: "ElectronContinuityEquation"	RelError: 1.87730e-02	AbsError: 1.42821e+14
      Equation: "HoleContinuityEquation"	RelError: 1.80231e-02	AbsError: 1.21743e+14
      Equation: "PotentialEquation"	RelError: 7.80225e-02	AbsError: 4.69666e-04
    Region: "gate"	RelError: 4.78869e-08	AbsError: 2.33222e+12
      Equation: "ElectronContinuityEquation"	RelError: 2.33944e-08	AbsError: 2.33222e+12
      Equation: "HoleContinuityEquation"	RelError: 2.34746e-08	AbsError: 2.35472e-08
      Equation: "PotentialEquation"	RelError: 1.01788e-09	AbsError: 6.06653e-10
    Region: "oxide"	RelError: 3.69244e-06	AbsError: 1.53587e-06
      Equation: "PotentialEquation"	RelError: 3.69244e-06	AbsError: 1.53587e-06
Iteration: 27
  Device: "mos2d"	RelError: 9.57721e-02	AbsError: 2.32416e+14
    Region: "bulk"	RelError: 9.57711e-02	AbsError: 2.32416e+14
      Equation: "ElectronContinuityEquation"	RelError: 1.62115e-02	AbsError: 1.24182e+14
      Equation: "HoleContinuityEquation"	RelError: 1.60234e-02	AbsError: 1.08233e+14
      Equation: "PotentialEquation"	RelError: 6.35362e-02	AbsError: 4.17267e-04
    Region: "gate"	RelError: 8.21720e-09	AbsError: 4.00441e+11
      Equation: "ElectronContinuityEquation"	RelError: 4.02127e-09	AbsError: 4.00441e+11
      Equation: "HoleContinuityEquation"	RelError: 4.02127e-09	AbsError: 4.03819e-09
      Equation: "PotentialEquation"	RelError: 1.74673e-10	AbsError: 1.04099e-10
    Region: "oxide"	RelError: 1.07176e-06	AbsError: 2.99412e-07
      Equation: "PotentialEquation"	RelError: 1.07176e-06	AbsError: 2.99412e-07
Iteration: 28
  Device: "mos2d"	RelError: 8.18011e-02	AbsError: 2.06057e+14
    Region: "bulk"	RelError: 8.18002e-02	AbsError: 2.06057e+14
      Equation: "ElectronContinuityEquation"	RelError: 1.44398e-02	AbsError: 1.09458e+14
      Equation: "HoleContinuityEquation"	RelError: 1.42869e-02	AbsError: 9.65987e+13
      Equation: "PotentialEquation"	RelError: 5.30735e-02	AbsError: 3.71828e-04
    Region: "gate"	RelError: 7.02205e-09	AbsError: 3.42199e+11
      Equation: "ElectronContinuityEquation"	RelError: 3.43639e-09	AbsError: 3.42199e+11
      Equation: "HoleContinuityEquation"	RelError: 3.43639e-09	AbsError: 3.45085e-09
      Equation: "PotentialEquation"	RelError: 1.49268e-10	AbsError: 8.89585e-11
    Region: "oxide"	RelError: 9.15892e-07	AbsError: 2.55864e-07
      Equation: "PotentialEquation"	RelError: 9.15892e-07	AbsError: 2.55864e-07
Iteration: 29
  Device: "mos2d"	RelError: 7.07077e-02	AbsError: 1.83678e+14
    Region: "bulk"	RelError: 7.07069e-02	AbsError: 1.83678e+14
      Equation: "ElectronContinuityEquation"	RelError: 1.28977e-02	AbsError: 9.72012e+13
      Equation: "HoleContinuityEquation"	RelError: 1.27745e-02	AbsError: 8.64767e+13
      Equation: "PotentialEquation"	RelError: 4.50348e-02	AbsError: 3.32291e-04
    Region: "gate"	RelError: 6.02438e-09	AbsError: 2.93580e+11
      Equation: "ElectronContinuityEquation"	RelError: 2.94816e-09	AbsError: 2.93580e+11
      Equation: "HoleContinuityEquation"	RelError: 2.94816e-09	AbsError: 2.96057e-09
      Equation: "PotentialEquation"	RelError: 1.28060e-10	AbsError: 7.63196e-11
    Region: "oxide"	RelError: 7.85767e-07	AbsError: 2.19512e-07
      Equation: "PotentialEquation"	RelError: 7.85767e-07	AbsError: 2.19512e-07
Iteration: 30
  Device: "mos2d"	RelError: 6.16441e-02	AbsError: 1.64323e+14
    Region: "bulk"	RelError: 6.16434e-02	AbsError: 1.64323e+14
      Equation: "ElectronContinuityEquation"	RelError: 1.15511e-02	AbsError: 8.67107e+13
      Equation: "HoleContinuityEquation"	RelError: 1.14513e-02	AbsError: 7.76119e+13
      Equation: "PotentialEquation"	RelError: 3.86409e-02	AbsError: 2.97735e-04
    Region: "gate"	RelError: 5.18443e-09	AbsError: 2.52648e+11
      Equation: "ElectronContinuityEquation"	RelError: 2.53711e-09	AbsError: 2.52648e+11
      Equation: "HoleContinuityEquation"	RelError: 2.53711e-09	AbsError: 2.54779e-09
      Equation: "PotentialEquation"	RelError: 1.10205e-10	AbsError: 6.56787e-11
    Region: "oxide"	RelError: 6.76213e-07	AbsError: 1.88906e-07
      Equation: "PotentialEquation"	RelError: 6.76213e-07	AbsError: 1.88906e-07
Iteration: 31
  Device: "mos2d"	RelError: 5.40976e-02	AbsError: 1.47406e+14
    Region: "bulk"	RelError: 5.40970e-02	AbsError: 1.47406e+14
      Equation: "ElectronContinuityEquation"	RelError: 1.03698e-02	AbsError: 7.75989e+13
      Equation: "HoleContinuityEquation"	RelError: 1.02886e-02	AbsError: 6.98074e+13
      Equation: "PotentialEquation"	RelError: 3.34386e-02	AbsError: 2.67394e-04
    Region: "gate"	RelError: 4.47273e-09	AbsError: 2.17965e+11
      Equation: "ElectronContinuityEquation"	RelError: 2.18883e-09	AbsError: 2.17965e+11
      Equation: "HoleContinuityEquation"	RelError: 2.18883e-09	AbsError: 2.19804e-09
      Equation: "PotentialEquation"	RelError: 9.50769e-11	AbsError: 5.66626e-11
    Region: "oxide"	RelError: 5.83385e-07	AbsError: 1.62974e-07
      Equation: "PotentialEquation"	RelError: 5.83385e-07	AbsError: 1.62974e-07
Iteration: 32
  Device: "mos2d"	RelError: 4.77278e-02	AbsError: 1.32521e+14
    Region: "bulk"	RelError: 4.77273e-02	AbsError: 1.32521e+14
      Equation: "ElectronContinuityEquation"	RelError: 9.32878e-03	AbsError: 6.96149e+13
      Equation: "HoleContinuityEquation"	RelError: 9.26265e-03	AbsError: 6.29065e+13
      Equation: "PotentialEquation"	RelError: 2.91359e-02	AbsError: 2.40640e-04
    Region: "gate"	RelError: 3.86669e-09	AbsError: 1.88432e+11
      Equation: "ElectronContinuityEquation"	RelError: 1.89225e-09	AbsError: 1.88432e+11
      Equation: "HoleContinuityEquation"	RelError: 1.89225e-09	AbsError: 1.90021e-09
      Equation: "PotentialEquation"	RelError: 8.21943e-11	AbsError: 4.89850e-11
    Region: "oxide"	RelError: 5.04337e-07	AbsError: 1.40892e-07
      Equation: "PotentialEquation"	RelError: 5.04337e-07	AbsError: 1.40892e-07
Iteration: 33
  Device: "mos2d"	RelError: 4.22941e-02	AbsError: 1.19360e+14
    Region: "bulk"	RelError: 4.22937e-02	AbsError: 1.19360e+14
      Equation: "ElectronContinuityEquation"	RelError: 8.40789e-03	AbsError: 6.25782e+13
      Equation: "HoleContinuityEquation"	RelError: 8.35382e-03	AbsError: 5.67817e+13
      Equation: "PotentialEquation"	RelError: 2.55319e-02	AbsError: 2.16957e-04
    Region: "gate"	RelError: 3.34857e-09	AbsError: 1.63183e+11
      Equation: "ElectronContinuityEquation"	RelError: 1.63869e-09	AbsError: 1.63183e+11
      Equation: "HoleContinuityEquation"	RelError: 1.63869e-09	AbsError: 1.64559e-09
      Equation: "PotentialEquation"	RelError: 7.11805e-11	AbsError: 4.24212e-11
    Region: "oxide"	RelError: 4.36757e-07	AbsError: 1.22013e-07
      Equation: "PotentialEquation"	RelError: 4.36757e-07	AbsError: 1.22013e-07
Iteration: 34
  Device: "mos2d"	RelError: 3.76188e-02	AbsError: 1.07677e+14
    Region: "bulk"	RelError: 3.76184e-02	AbsError: 1.07677e+14
      Equation: "ElectronContinuityEquation"	RelError: 7.59035e-03	AbsError: 5.63493e+13
      Equation: "HoleContinuityEquation"	RelError: 7.54603e-03	AbsError: 5.13281e+13
      Equation: "PotentialEquation"	RelError: 2.24821e-02	AbsError: 1.95919e-04
    Region: "gate"	RelError: 2.90419e-09	AbsError: 1.41527e+11
      Equation: "ElectronContinuityEquation"	RelError: 1.42123e-09	AbsError: 1.41527e+11
      Equation: "HoleContinuityEquation"	RelError: 1.42123e-09	AbsError: 1.42721e-09
      Equation: "PotentialEquation"	RelError: 6.17344e-11	AbsError: 3.67916e-11
    Region: "oxide"	RelError: 3.78794e-07	AbsError: 1.05821e-07
      Equation: "PotentialEquation"	RelError: 3.78794e-07	AbsError: 1.05821e-07
Iteration: 35
  Device: "mos2d"	RelError: 3.35671e-02	AbsError: 9.72743e+13
    Region: "bulk"	RelError: 3.35668e-02	AbsError: 9.72743e+13
      Equation: "ElectronContinuityEquation"	RelError: 6.86226e-03	AbsError: 5.08162e+13
      Equation: "HoleContinuityEquation"	RelError: 6.82585e-03	AbsError: 4.64581e+13
      Equation: "PotentialEquation"	RelError: 1.98787e-02	AbsError: 1.77173e-04
    Region: "gate"	RelError: 2.52204e-09	AbsError: 1.22904e+11
      Equation: "ElectronContinuityEquation"	RelError: 1.23421e-09	AbsError: 1.22904e+11
      Equation: "HoleContinuityEquation"	RelError: 1.23421e-09	AbsError: 1.23941e-09
      Equation: "PotentialEquation"	RelError: 5.36111e-11	AbsError: 3.19504e-11
    Region: "oxide"	RelError: 3.28949e-07	AbsError: 9.18963e-08
      Equation: "PotentialEquation"	RelError: 3.28949e-07	AbsError: 9.18963e-08
Iteration: 36
  Device: "mos2d"	RelError: 3.00343e-02	AbsError: 8.79849e+13
    Region: "bulk"	RelError: 3.00340e-02	AbsError: 8.79849e+13
      Equation: "ElectronContinuityEquation"	RelError: 6.21200e-03	AbsError: 4.58867e+13
      Equation: "HoleContinuityEquation"	RelError: 6.18203e-03	AbsError: 4.20982e+13
      Equation: "PotentialEquation"	RelError: 1.76400e-02	AbsError: 1.60423e-04
    Region: "gate"	RelError: 2.19268e-09	AbsError: 1.06854e+11
      Equation: "ElectronContinuityEquation"	RelError: 1.07303e-09	AbsError: 1.06854e+11
      Equation: "HoleContinuityEquation"	RelError: 1.07303e-09	AbsError: 1.07755e-09
      Equation: "PotentialEquation"	RelError: 4.66098e-11	AbsError: 2.77778e-11
    Region: "oxide"	RelError: 2.85989e-07	AbsError: 7.98951e-08
      Equation: "PotentialEquation"	RelError: 2.85989e-07	AbsError: 7.98951e-08
Iteration: 37
  Device: "mos2d"	RelError: 2.69376e-02	AbsError: 7.96700e+13
    Region: "bulk"	RelError: 2.69374e-02	AbsError: 7.96700e+13
      Equation: "ElectronContinuityEquation"	RelError: 5.62979e-03	AbsError: 4.14838e+13
      Equation: "HoleContinuityEquation"	RelError: 5.60508e-03	AbsError: 3.81862e+13
      Equation: "PotentialEquation"	RelError: 1.57025e-02	AbsError: 1.45420e-04
    Region: "gate"	RelError: 1.90826e-09	AbsError: 9.29936e+10
      Equation: "ElectronContinuityEquation"	RelError: 9.33850e-10	AbsError: 9.29936e+10
      Equation: "HoleContinuityEquation"	RelError: 9.33850e-10	AbsError: 9.37780e-10
      Equation: "PotentialEquation"	RelError: 4.05639e-11	AbsError: 2.41747e-11
    Region: "oxide"	RelError: 2.48892e-07	AbsError: 6.95319e-08
      Equation: "PotentialEquation"	RelError: 2.48892e-07	AbsError: 6.95319e-08
Iteration: 38
  Device: "mos2d"	RelError: 2.42108e-02	AbsError: 7.22115e+13
    Region: "bulk"	RelError: 2.42105e-02	AbsError: 7.22115e+13
      Equation: "ElectronContinuityEquation"	RelError: 5.10734e-03	AbsError: 3.75425e+13
      Equation: "HoleContinuityEquation"	RelError: 5.08693e-03	AbsError: 3.46690e+13
      Equation: "PotentialEquation"	RelError: 1.40163e-02	AbsError: 1.31951e-04
    Region: "gate"	RelError: 1.66227e-09	AbsError: 8.10058e+10
      Equation: "ElectronContinuityEquation"	RelError: 8.13467e-10	AbsError: 8.10058e+10
      Equation: "HoleContinuityEquation"	RelError: 8.13467e-10	AbsError: 8.16891e-10
      Equation: "PotentialEquation"	RelError: 3.53349e-11	AbsError: 2.10584e-11
    Region: "oxide"	RelError: 2.16807e-07	AbsError: 6.05686e-08
      Equation: "PotentialEquation"	RelError: 2.16807e-07	AbsError: 6.05686e-08
Iteration: 39
  Device: "mos2d"	RelError: 2.17999e-02	AbsError: 6.55086e+13
    Region: "bulk"	RelError: 2.17998e-02	AbsError: 6.55086e+13
      Equation: "ElectronContinuityEquation"	RelError: 4.63757e-03	AbsError: 3.40075e+13
      Equation: "HoleContinuityEquation"	RelError: 4.62069e-03	AbsError: 3.15011e+13
      Equation: "PotentialEquation"	RelError: 1.25415e-02	AbsError: 1.19835e-04
    Region: "gate"	RelError: 1.44920e-09	AbsError: 7.06224e+10
      Equation: "ElectronContinuityEquation"	RelError: 7.09197e-10	AbsError: 7.06224e+10
      Equation: "HoleContinuityEquation"	RelError: 7.09197e-10	AbsError: 7.12181e-10
      Equation: "PotentialEquation"	RelError: 3.08057e-11	AbsError: 1.83592e-11
    Region: "oxide"	RelError: 1.89015e-07	AbsError: 5.28049e-08
      Equation: "PotentialEquation"	RelError: 1.89015e-07	AbsError: 5.28049e-08
Iteration: 40
  Device: "mos2d"	RelError: 1.96610e-02	AbsError: 5.94744e+13
    Region: "bulk"	RelError: 1.96608e-02	AbsError: 5.94744e+13
      Equation: "ElectronContinuityEquation"	RelError: 4.21441e-03	AbsError: 3.08312e+13
      Equation: "HoleContinuityEquation"	RelError: 4.20044e-03	AbsError: 2.86432e+13
      Equation: "PotentialEquation"	RelError: 1.12460e-02	AbsError: 1.08918e-04
    Region: "gate"	RelError: 1.26441e-09	AbsError: 6.16175e+10
      Equation: "ElectronContinuityEquation"	RelError: 6.18768e-10	AbsError: 6.16175e+10
      Equation: "HoleContinuityEquation"	RelError: 6.18768e-10	AbsError: 6.21372e-10
      Equation: "PotentialEquation"	RelError: 2.68776e-11	AbsError: 1.60181e-11
    Region: "oxide"	RelError: 1.64914e-07	AbsError: 4.60718e-08
      Equation: "PotentialEquation"	RelError: 1.64914e-07	AbsError: 4.60718e-08
Iteration: 41
  Device: "mos2d"	RelError: 1.77573e-02	AbsError: 5.40340e+13
    Region: "bulk"	RelError: 1.77572e-02	AbsError: 5.40340e+13
      Equation: "ElectronContinuityEquation"	RelError: 3.83262e-03	AbsError: 2.79727e+13
      Equation: "HoleContinuityEquation"	RelError: 3.82104e-03	AbsError: 2.60613e+13
      Equation: "PotentialEquation"	RelError: 1.01035e-02	AbsError: 9.90659e-05
    Region: "gate"	RelError: 1.10398e-09	AbsError: 5.37994e+10
      Equation: "ElectronContinuityEquation"	RelError: 5.40258e-10	AbsError: 5.37994e+10
      Equation: "HoleContinuityEquation"	RelError: 5.40258e-10	AbsError: 5.42532e-10
      Equation: "PotentialEquation"	RelError: 2.34675e-11	AbsError: 1.39858e-11
    Region: "oxide"	RelError: 1.43988e-07	AbsError: 4.02261e-08
      Equation: "PotentialEquation"	RelError: 1.43988e-07	AbsError: 4.02261e-08
Iteration: 42
  Device: "mos2d"	RelError: 1.60584e-02	AbsError: 4.91223e+13
    Region: "bulk"	RelError: 1.60583e-02	AbsError: 4.91223e+13
      Equation: "ElectronContinuityEquation"	RelError: 3.48766e-03	AbsError: 2.53966e+13
      Equation: "HoleContinuityEquation"	RelError: 3.47805e-03	AbsError: 2.37257e+13
      Equation: "PotentialEquation"	RelError: 9.09256e-03	AbsError: 9.01614e-05
    Region: "gate"	RelError: 9.64555e-10	AbsError: 4.70048e+10
      Equation: "ElectronContinuityEquation"	RelError: 4.72026e-10	AbsError: 4.70048e+10
      Equation: "HoleContinuityEquation"	RelError: 4.72026e-10	AbsError: 4.74012e-10
      Equation: "PotentialEquation"	RelError: 2.05035e-11	AbsError: 1.22194e-11
    Region: "oxide"	RelError: 1.25803e-07	AbsError: 3.51458e-08
      Equation: "PotentialEquation"	RelError: 1.25803e-07	AbsError: 3.51458e-08
Iteration: 43
  Device: "mos2d"	RelError: 1.45384e-02	AbsError: 4.46825e+13
    Region: "bulk"	RelError: 1.45383e-02	AbsError: 4.46825e+13
      Equation: "ElectronContinuityEquation"	RelError: 3.17558e-03	AbsError: 2.30720e+13
      Equation: "HoleContinuityEquation"	RelError: 3.16759e-03	AbsError: 2.16105e+13
      Equation: "PotentialEquation"	RelError: 8.19516e-03	AbsError: 8.21034e-05
    Region: "gate"	RelError: 8.43273e-10	AbsError: 4.10944e+10
      Equation: "ElectronContinuityEquation"	RelError: 4.12674e-10	AbsError: 4.10944e+10
      Equation: "HoleContinuityEquation"	RelError: 4.12674e-10	AbsError: 4.14411e-10
      Equation: "PotentialEquation"	RelError: 1.79254e-11	AbsError: 1.06829e-11
    Region: "oxide"	RelError: 1.09984e-07	AbsError: 3.07266e-08
      Equation: "PotentialEquation"	RelError: 1.09984e-07	AbsError: 3.07266e-08
Iteration: 44
  Device: "mos2d"	RelError: 1.31756e-02	AbsError: 4.06647e+13
    Region: "bulk"	RelError: 1.31755e-02	AbsError: 4.06647e+13
      Equation: "ElectronContinuityEquation"	RelError: 2.89290e-03	AbsError: 2.09718e+13
      Equation: "HoleContinuityEquation"	RelError: 2.88626e-03	AbsError: 1.96929e+13
      Equation: "PotentialEquation"	RelError: 7.39635e-03	AbsError: 7.48032e-05
    Region: "gate"	RelError: 7.37687e-10	AbsError: 3.59490e+10
      Equation: "ElectronContinuityEquation"	RelError: 3.61003e-10	AbsError: 3.59490e+10
      Equation: "HoleContinuityEquation"	RelError: 3.61003e-10	AbsError: 3.62522e-10
      Equation: "PotentialEquation"	RelError: 1.56811e-11	AbsError: 9.34539e-12
    Region: "oxide"	RelError: 9.62122e-08	AbsError: 2.68793e-08
      Equation: "PotentialEquation"	RelError: 9.62122e-08	AbsError: 2.68793e-08
Iteration: 45
  Device: "mos2d"	RelError: 1.19513e-02	AbsError: 3.70253e+13
    Region: "bulk"	RelError: 1.19512e-02	AbsError: 3.70253e+13
      Equation: "ElectronContinuityEquation"	RelError: 2.63660e-03	AbsError: 1.90725e+13
      Equation: "HoleContinuityEquation"	RelError: 2.63107e-03	AbsError: 1.79528e+13
      Equation: "PotentialEquation"	RelError: 6.68353e-03	AbsError: 6.81826e-05
    Region: "gate"	RelError: 6.45698e-10	AbsError: 3.14662e+10
      Equation: "ElectronContinuityEquation"	RelError: 3.15986e-10	AbsError: 3.14662e+10
      Equation: "HoleContinuityEquation"	RelError: 3.15987e-10	AbsError: 3.17316e-10
      Equation: "PotentialEquation"	RelError: 1.37256e-11	AbsError: 8.17997e-12
    Region: "oxide"	RelError: 8.42141e-08	AbsError: 2.35275e-08
      Equation: "PotentialEquation"	RelError: 8.42141e-08	AbsError: 2.35275e-08
Iteration: 46
  Device: "mos2d"	RelError: 1.08495e-02	AbsError: 3.37256e+13
    Region: "bulk"	RelError: 1.08494e-02	AbsError: 3.37256e+13
      Equation: "ElectronContinuityEquation"	RelError: 2.40399e-03	AbsError: 1.73532e+13
      Equation: "HoleContinuityEquation"	RelError: 2.39939e-03	AbsError: 1.63724e+13
      Equation: "PotentialEquation"	RelError: 6.04602e-03	AbsError: 6.21730e-05
    Region: "gate"	RelError: 5.65498e-10	AbsError: 2.75579e+10
      Equation: "ElectronContinuityEquation"	RelError: 2.76739e-10	AbsError: 2.75579e+10
      Equation: "HoleContinuityEquation"	RelError: 2.76738e-10	AbsError: 2.77903e-10
      Equation: "PotentialEquation"	RelError: 1.20207e-11	AbsError: 7.16395e-12
    Region: "oxide"	RelError: 7.37537e-08	AbsError: 2.06052e-08
      Equation: "PotentialEquation"	RelError: 7.37537e-08	AbsError: 2.06052e-08
Iteration: 47
  Device: "mos2d"	RelError: 9.85634e-03	AbsError: 3.07314e+13
    Region: "bulk"	RelError: 9.85627e-03	AbsError: 3.07314e+13
      Equation: "ElectronContinuityEquation"	RelError: 2.19270e-03	AbsError: 1.57954e+13
      Equation: "HoleContinuityEquation"	RelError: 2.18887e-03	AbsError: 1.49360e+13
      Equation: "PotentialEquation"	RelError: 5.47470e-03	AbsError: 5.67134e-05
    Region: "gate"	RelError: 4.95531e-10	AbsError: 2.41482e+10
      Equation: "ElectronContinuityEquation"	RelError: 2.42499e-10	AbsError: 2.41482e+10
      Equation: "HoleContinuityEquation"	RelError: 2.42499e-10	AbsError: 2.43519e-10
      Equation: "PotentialEquation"	RelError: 1.05335e-11	AbsError: 6.27762e-12
    Region: "oxide"	RelError: 6.46280e-08	AbsError: 1.80558e-08
      Equation: "PotentialEquation"	RelError: 6.46280e-08	AbsError: 1.80558e-08
Iteration: 48
  Device: "mos2d"	RelError: 8.95991e-03	AbsError: 2.80126e+13
    Region: "bulk"	RelError: 8.95985e-03	AbsError: 2.80126e+13
      Equation: "ElectronContinuityEquation"	RelError: 2.00064e-03	AbsError: 1.43829e+13
      Equation: "HoleContinuityEquation"	RelError: 1.99745e-03	AbsError: 1.36297e+13
      Equation: "PotentialEquation"	RelError: 4.96176e-03	AbsError: 5.17497e-05
    Region: "gate"	RelError: 4.34454e-10	AbsError: 2.11718e+10
      Equation: "ElectronContinuityEquation"	RelError: 2.12609e-10	AbsError: 2.11718e+10
      Equation: "HoleContinuityEquation"	RelError: 2.12609e-10	AbsError: 2.13504e-10
      Equation: "PotentialEquation"	RelError: 9.23515e-12	AbsError: 5.50383e-12
    Region: "oxide"	RelError: 5.66619e-08	AbsError: 1.58303e-08
      Equation: "PotentialEquation"	RelError: 5.66619e-08	AbsError: 1.58303e-08
Iteration: 49
  Device: "mos2d"	RelError: 8.14975e-03	AbsError: 2.55420e+13
    Region: "bulk"	RelError: 8.14970e-03	AbsError: 2.55420e+13
      Equation: "ElectronContinuityEquation"	RelError: 1.82594e-03	AbsError: 1.31012e+13
      Equation: "HoleContinuityEquation"	RelError: 1.82328e-03	AbsError: 1.24409e+13
      Equation: "PotentialEquation"	RelError: 4.50048e-03	AbsError: 4.72340e-05
    Region: "gate"	RelError: 3.81106e-10	AbsError: 1.85721e+10
      Equation: "ElectronContinuityEquation"	RelError: 1.86502e-10	AbsError: 1.85721e+10
      Equation: "HoleContinuityEquation"	RelError: 1.86502e-10	AbsError: 1.87287e-10
      Equation: "PotentialEquation"	RelError: 8.10120e-12	AbsError: 4.82804e-12
    Region: "oxide"	RelError: 4.97039e-08	AbsError: 1.38865e-08
      Equation: "PotentialEquation"	RelError: 4.97039e-08	AbsError: 1.38865e-08
Iteration: 50
  Device: "mos2d"	RelError: 7.41671e-03	AbsError: 2.32958e+13
    Region: "bulk"	RelError: 7.41667e-03	AbsError: 2.32958e+13
      Equation: "ElectronContinuityEquation"	RelError: 1.66693e-03	AbsError: 1.19375e+13
      Equation: "HoleContinuityEquation"	RelError: 1.66471e-03	AbsError: 1.13584e+13
      Equation: "PotentialEquation"	RelError: 4.08503e-03	AbsError: 4.31233e-05
    Region: "gate"	RelError: 3.34484e-10	AbsError: 1.63001e+10
      Equation: "ElectronContinuityEquation"	RelError: 1.63687e-10	AbsError: 1.63001e+10
      Equation: "HoleContinuityEquation"	RelError: 1.63687e-10	AbsError: 1.64376e-10
      Equation: "PotentialEquation"	RelError: 7.11014e-12	AbsError: 4.23740e-12
    Region: "oxide"	RelError: 4.36231e-08	AbsError: 1.21877e-08
      Equation: "PotentialEquation"	RelError: 4.36231e-08	AbsError: 1.21877e-08
Iteration: 51
  Device: "mos2d"	RelError: 6.75278e-03	AbsError: 2.12524e+13
    Region: "bulk"	RelError: 6.75274e-03	AbsError: 2.12524e+13
      Equation: "ElectronContinuityEquation"	RelError: 1.52211e-03	AbsError: 1.08802e+13
      Equation: "HoleContinuityEquation"	RelError: 1.52026e-03	AbsError: 1.03722e+13
      Equation: "PotentialEquation"	RelError: 3.71036e-03	AbsError: 3.93793e-05
    Region: "gate"	RelError: 2.93717e-10	AbsError: 1.43134e+10
      Equation: "ElectronContinuityEquation"	RelError: 1.43737e-10	AbsError: 1.43134e+10
      Equation: "HoleContinuityEquation"	RelError: 1.43737e-10	AbsError: 1.44342e-10
      Equation: "PotentialEquation"	RelError: 6.24357e-12	AbsError: 3.72095e-12
    Region: "oxide"	RelError: 3.83061e-08	AbsError: 1.07023e-08
      Equation: "PotentialEquation"	RelError: 3.83061e-08	AbsError: 1.07023e-08
Iteration: 52
  Device: "mos2d"	RelError: 6.15087e-03	AbsError: 1.93926e+13
    Region: "bulk"	RelError: 6.15084e-03	AbsError: 1.93926e+13
      Equation: "ElectronContinuityEquation"	RelError: 1.39017e-03	AbsError: 9.91912e+12
      Equation: "HoleContinuityEquation"	RelError: 1.38862e-03	AbsError: 9.47347e+12
      Equation: "PotentialEquation"	RelError: 3.37205e-03	AbsError: 3.59676e-05
    Region: "gate"	RelError: 2.58052e-10	AbsError: 1.25754e+10
      Equation: "ElectronContinuityEquation"	RelError: 1.26283e-10	AbsError: 1.25754e+10
      Equation: "HoleContinuityEquation"	RelError: 1.26283e-10	AbsError: 1.26815e-10
      Equation: "PotentialEquation"	RelError: 5.48549e-12	AbsError: 3.26917e-12
    Region: "oxide"	RelError: 3.36545e-08	AbsError: 9.40274e-09
      Equation: "PotentialEquation"	RelError: 3.36545e-08	AbsError: 9.40274e-09
Iteration: 53
  Device: "mos2d"	RelError: 5.60475e-03	AbsError: 1.76991e+13
    Region: "bulk"	RelError: 5.60472e-03	AbsError: 1.76991e+13
      Equation: "ElectronContinuityEquation"	RelError: 1.26990e-03	AbsError: 9.04509e+12
      Equation: "HoleContinuityEquation"	RelError: 1.26861e-03	AbsError: 8.65402e+12
      Equation: "PotentialEquation"	RelError: 3.06622e-03	AbsError: 3.28574e-05
    Region: "gate"	RelError: 2.26836e-10	AbsError: 1.10542e+10
      Equation: "ElectronContinuityEquation"	RelError: 1.11007e-10	AbsError: 1.10542e+10
      Equation: "HoleContinuityEquation"	RelError: 1.11007e-10	AbsError: 1.11474e-10
      Equation: "PotentialEquation"	RelError: 4.82185e-12	AbsError: 2.87366e-12
    Region: "oxide"	RelError: 2.95831e-08	AbsError: 8.26528e-09
      Equation: "PotentialEquation"	RelError: 2.95831e-08	AbsError: 8.26528e-09
Iteration: 54
  Device: "mos2d"	RelError: 5.10887e-03	AbsError: 1.61565e+13
    Region: "bulk"	RelError: 5.10885e-03	AbsError: 1.61565e+13
      Equation: "ElectronContinuityEquation"	RelError: 1.16022e-03	AbsError: 8.24984e+12
      Equation: "HoleContinuityEquation"	RelError: 1.15914e-03	AbsError: 7.90661e+12
      Equation: "PotentialEquation"	RelError: 2.78949e-03	AbsError: 3.00209e-05
    Region: "gate"	RelError: 1.99498e-10	AbsError: 9.72195e+09
      Equation: "ElectronContinuityEquation"	RelError: 9.76287e-11	AbsError: 9.72195e+09
      Equation: "HoleContinuityEquation"	RelError: 9.76289e-11	AbsError: 9.80398e-11
      Equation: "PotentialEquation"	RelError: 4.24066e-12	AbsError: 2.52729e-12
    Region: "oxide"	RelError: 2.60177e-08	AbsError: 7.26919e-09
      Equation: "PotentialEquation"	RelError: 2.60177e-08	AbsError: 7.26919e-09
Iteration: 55
  Device: "mos2d"	RelError: 4.65830e-03	AbsError: 1.47507e+13
    Region: "bulk"	RelError: 4.65828e-03	AbsError: 1.47507e+13
      Equation: "ElectronContinuityEquation"	RelError: 1.06017e-03	AbsError: 7.52599e+12
      Equation: "HoleContinuityEquation"	RelError: 1.05927e-03	AbsError: 7.22470e+12
      Equation: "PotentialEquation"	RelError: 2.53885e-03	AbsError: 2.74331e-05
    Region: "gate"	RelError: 1.75547e-10	AbsError: 8.55476e+09
      Equation: "ElectronContinuityEquation"	RelError: 8.59076e-11	AbsError: 8.55476e+09
      Equation: "HoleContinuityEquation"	RelError: 8.59076e-11	AbsError: 8.62691e-11
      Equation: "PotentialEquation"	RelError: 3.73156e-12	AbsError: 2.22389e-12
    Region: "oxide"	RelError: 2.28939e-08	AbsError: 6.39646e-09
      Equation: "PotentialEquation"	RelError: 2.28939e-08	AbsError: 6.39646e-09
Iteration: 56
  Device: "mos2d"	RelError: 4.24865e-03	AbsError: 1.34692e+13
    Region: "bulk"	RelError: 4.24863e-03	AbsError: 1.34692e+13
      Equation: "ElectronContinuityEquation"	RelError: 9.68869e-04	AbsError: 6.86688e+12
      Equation: "HoleContinuityEquation"	RelError: 9.68116e-04	AbsError: 6.60237e+12
      Equation: "PotentialEquation"	RelError: 2.31165e-03	AbsError: 2.50715e-05
    Region: "gate"	RelError: 1.54552e-10	AbsError: 7.53163e+09
      Equation: "ElectronContinuityEquation"	RelError: 7.56333e-11	AbsError: 7.53163e+09
      Equation: "HoleContinuityEquation"	RelError: 7.56333e-11	AbsError: 7.59516e-11
      Equation: "PotentialEquation"	RelError: 3.28531e-12	AbsError: 1.95793e-12
    Region: "oxide"	RelError: 2.01557e-08	AbsError: 5.63146e-09
      Equation: "PotentialEquation"	RelError: 2.01557e-08	AbsError: 5.63146e-09
Iteration: 57
  Device: "mos2d"	RelError: 3.87600e-03	AbsError: 1.23008e+13
    Region: "bulk"	RelError: 3.87598e-03	AbsError: 1.23008e+13
      Equation: "ElectronContinuityEquation"	RelError: 8.85532e-04	AbsError: 6.26651e+12
      Equation: "HoleContinuityEquation"	RelError: 8.84903e-04	AbsError: 6.03426e+12
      Equation: "PotentialEquation"	RelError: 2.10555e-03	AbsError: 2.29158e-05
    Region: "gate"	RelError: 1.36139e-10	AbsError: 6.63437e+09
      Equation: "ElectronContinuityEquation"	RelError: 6.66229e-11	AbsError: 6.63437e+09
      Equation: "HoleContinuityEquation"	RelError: 6.66226e-11	AbsError: 6.69030e-11
      Equation: "PotentialEquation"	RelError: 2.89382e-12	AbsError: 1.72462e-12
    Region: "oxide"	RelError: 1.77543e-08	AbsError: 4.96057e-09
      Equation: "PotentialEquation"	RelError: 1.77543e-08	AbsError: 4.96057e-09
Iteration: 58
  Device: "mos2d"	RelError: 3.53683e-03	AbsError: 1.12350e+13
    Region: "bulk"	RelError: 3.53681e-03	AbsError: 1.12350e+13
      Equation: "ElectronContinuityEquation"	RelError: 8.09444e-04	AbsError: 5.71948e+12
      Equation: "HoleContinuityEquation"	RelError: 8.08918e-04	AbsError: 5.51553e+12
      Equation: "PotentialEquation"	RelError: 1.91845e-03	AbsError: 2.09474e-05
    Region: "gate"	RelError: 1.19985e-10	AbsError: 5.84710e+09
      Equation: "ElectronContinuityEquation"	RelError: 5.87171e-11	AbsError: 5.84710e+09
      Equation: "HoleContinuityEquation"	RelError: 5.87173e-11	AbsError: 5.89645e-11
      Equation: "PotentialEquation"	RelError: 2.55052e-12	AbsError: 1.52002e-12
    Region: "oxide"	RelError: 1.56474e-08	AbsError: 4.37193e-09
      Equation: "PotentialEquation"	RelError: 1.56474e-08	AbsError: 4.37193e-09
Iteration: 59
  Device: "mos2d"	RelError: 3.22799e-03	AbsError: 1.02627e+13
    Region: "bulk"	RelError: 3.22798e-03	AbsError: 1.02627e+13
      Equation: "ElectronContinuityEquation"	RelError: 7.39959e-04	AbsError: 5.22091e+12
      Equation: "HoleContinuityEquation"	RelError: 7.39519e-04	AbsError: 5.04179e+12
      Equation: "PotentialEquation"	RelError: 1.74850e-03	AbsError: 1.91498e-05
    Region: "gate"	RelError: 1.05804e-10	AbsError: 5.15602e+09
      Equation: "ElectronContinuityEquation"	RelError: 5.17772e-11	AbsError: 5.15602e+09
      Equation: "HoleContinuityEquation"	RelError: 5.17773e-11	AbsError: 5.19952e-11
      Equation: "PotentialEquation"	RelError: 2.24910e-12	AbsError: 1.34038e-12
    Region: "oxide"	RelError: 1.37979e-08	AbsError: 3.85521e-09
      Equation: "PotentialEquation"	RelError: 1.37979e-08	AbsError: 3.85521e-09
Iteration: 60
  Device: "mos2d"	RelError: 2.94667e-03	AbsError: 9.37546e+12
    Region: "bulk"	RelError: 2.94666e-03	AbsError: 9.37546e+12
      Equation: "ElectronContinuityEquation"	RelError: 6.76490e-04	AbsError: 4.76639e+12
      Equation: "HoleContinuityEquation"	RelError: 6.76122e-04	AbsError: 4.60907e+12
      Equation: "PotentialEquation"	RelError: 1.59405e-03	AbsError: 1.75077e-05
    Region: "gate"	RelError: 9.33491e-11	AbsError: 4.54910e+09
      Equation: "ElectronContinuityEquation"	RelError: 4.56824e-11	AbsError: 4.54910e+09
      Equation: "HoleContinuityEquation"	RelError: 4.56824e-11	AbsError: 4.58746e-11
      Equation: "PotentialEquation"	RelError: 1.98435e-12	AbsError: 1.18260e-12
    Region: "oxide"	RelError: 1.21736e-08	AbsError: 3.40140e-09
      Equation: "PotentialEquation"	RelError: 1.21736e-08	AbsError: 3.40140e-09
Iteration: 61
  Device: "mos2d"	RelError: 2.69031e-03	AbsError: 8.56568e+12
    Region: "bulk"	RelError: 2.69029e-03	AbsError: 8.56568e+12
      Equation: "ElectronContinuityEquation"	RelError: 6.18506e-04	AbsError: 4.35194e+12
      Equation: "HoleContinuityEquation"	RelError: 6.18198e-04	AbsError: 4.21374e+12
      Equation: "PotentialEquation"	RelError: 1.45359e-03	AbsError: 1.60074e-05
    Region: "gate"	RelError: 8.24061e-11	AbsError: 4.01581e+09
      Equation: "ElectronContinuityEquation"	RelError: 4.03272e-11	AbsError: 4.01581e+09
      Equation: "HoleContinuityEquation"	RelError: 4.03273e-11	AbsError: 4.04970e-11
      Equation: "PotentialEquation"	RelError: 1.75170e-12	AbsError: 1.04395e-12
    Region: "oxide"	RelError: 1.07464e-08	AbsError: 3.00266e-09
      Equation: "PotentialEquation"	RelError: 1.07464e-08	AbsError: 3.00266e-09
Iteration: 62
  Device: "mos2d"	RelError: 2.45661e-03	AbsError: 7.82645e+12
    Region: "bulk"	RelError: 2.45660e-03	AbsError: 7.82645e+12
      Equation: "ElectronContinuityEquation"	RelError: 5.65525e-04	AbsError: 3.97393e+12
      Equation: "HoleContinuityEquation"	RelError: 5.65268e-04	AbsError: 3.85253e+12
      Equation: "PotentialEquation"	RelError: 1.32581e-03	AbsError: 1.46365e-05
    Region: "gate"	RelError: 7.27860e-11	AbsError: 3.54701e+09
      Equation: "ElectronContinuityEquation"	RelError: 3.56194e-11	AbsError: 3.54701e+09
      Equation: "HoleContinuityEquation"	RelError: 3.56194e-11	AbsError: 3.57693e-11
      Equation: "PotentialEquation"	RelError: 1.54723e-12	AbsError: 9.22095e-13
    Region: "oxide"	RelError: 9.49182e-09	AbsError: 2.65213e-09
      Equation: "PotentialEquation"	RelError: 9.49182e-09	AbsError: 2.65213e-09
Iteration: 63
  Device: "mos2d"	RelError: 2.24352e-03	AbsError: 7.15153e+12
    Region: "bulk"	RelError: 2.24351e-03	AbsError: 7.15153e+12
      Equation: "ElectronContinuityEquation"	RelError: 5.17108e-04	AbsError: 3.62909e+12
      Equation: "HoleContinuityEquation"	RelError: 5.16893e-04	AbsError: 3.52244e+12
      Equation: "PotentialEquation"	RelError: 1.20951e-03	AbsError: 1.33837e-05
    Region: "gate"	RelError: 6.43251e-11	AbsError: 3.13470e+09
      Equation: "ElectronContinuityEquation"	RelError: 3.14789e-11	AbsError: 3.13470e+09
      Equation: "HoleContinuityEquation"	RelError: 3.14787e-11	AbsError: 3.16112e-11
      Equation: "PotentialEquation"	RelError: 1.36745e-12	AbsError: 8.14952e-13
    Region: "oxide"	RelError: 8.38837e-09	AbsError: 2.34384e-09
      Equation: "PotentialEquation"	RelError: 8.38837e-09	AbsError: 2.34384e-09
Iteration: 64
  Device: "mos2d"	RelError: 2.04915e-03	AbsError: 6.53522e+12
    Region: "bulk"	RelError: 2.04915e-03	AbsError: 6.53522e+12
      Equation: "ElectronContinuityEquation"	RelError: 4.72856e-04	AbsError: 3.31447e+12
      Equation: "HoleContinuityEquation"	RelError: 4.72676e-04	AbsError: 3.22075e+12
      Equation: "PotentialEquation"	RelError: 1.10362e-03	AbsError: 1.22386e-05
    Region: "gate"	RelError: 5.68799e-11	AbsError: 2.77186e+09
      Equation: "ElectronContinuityEquation"	RelError: 2.78353e-11	AbsError: 2.77186e+09
      Equation: "HoleContinuityEquation"	RelError: 2.78354e-11	AbsError: 2.79526e-11
      Equation: "PotentialEquation"	RelError: 1.20918e-12	AbsError: 7.20629e-13
    Region: "oxide"	RelError: 7.41739e-09	AbsError: 2.07255e-09
      Equation: "PotentialEquation"	RelError: 7.41739e-09	AbsError: 2.07255e-09
Iteration: 65
  Device: "mos2d"	RelError: 1.87183e-03	AbsError: 5.97236e+12
    Region: "bulk"	RelError: 1.87183e-03	AbsError: 5.97236e+12
      Equation: "ElectronContinuityEquation"	RelError: 4.32407e-04	AbsError: 3.02735e+12
      Equation: "HoleContinuityEquation"	RelError: 4.32256e-04	AbsError: 2.94501e+12
      Equation: "PotentialEquation"	RelError: 1.00716e-03	AbsError: 1.11919e-05
    Region: "gate"	RelError: 5.03249e-11	AbsError: 2.45244e+09
      Equation: "ElectronContinuityEquation"	RelError: 2.46276e-11	AbsError: 2.45244e+09
      Equation: "HoleContinuityEquation"	RelError: 2.46276e-11	AbsError: 2.47312e-11
      Equation: "PotentialEquation"	RelError: 1.06972e-12	AbsError: 6.37519e-13
    Region: "oxide"	RelError: 6.56256e-09	AbsError: 1.83371e-09
      Equation: "PotentialEquation"	RelError: 6.56256e-09	AbsError: 1.83371e-09
Iteration: 66
  Device: "mos2d"	RelError: 1.71002e-03	AbsError: 5.45826e+12
    Region: "bulk"	RelError: 1.71002e-03	AbsError: 5.45826e+12
      Equation: "ElectronContinuityEquation"	RelError: 3.95430e-04	AbsError: 2.76531e+12
      Equation: "HoleContinuityEquation"	RelError: 3.95304e-04	AbsError: 2.69295e+12
      Equation: "PotentialEquation"	RelError: 9.19282e-04	AbsError: 1.02349e-05
    Region: "gate"	RelError: 4.45511e-11	AbsError: 2.17107e+09
      Equation: "ElectronContinuityEquation"	RelError: 2.18021e-11	AbsError: 2.17107e+09
      Equation: "HoleContinuityEquation"	RelError: 2.18020e-11	AbsError: 2.18937e-11
      Equation: "PotentialEquation"	RelError: 9.47080e-13	AbsError: 5.64427e-13
    Region: "oxide"	RelError: 5.80959e-09	AbsError: 1.62333e-09
      Equation: "PotentialEquation"	RelError: 5.80959e-09	AbsError: 1.62333e-09
Iteration: 67
  Device: "mos2d"	RelError: 1.56233e-03	AbsError: 4.98864e+12
    Region: "bulk"	RelError: 1.56233e-03	AbsError: 4.98864e+12
      Equation: "ElectronContinuityEquation"	RelError: 3.61624e-04	AbsError: 2.52611e+12
      Equation: "HoleContinuityEquation"	RelError: 3.61519e-04	AbsError: 2.46252e+12
      Equation: "PotentialEquation"	RelError: 8.39186e-04	AbsError: 9.36007e-06
    Region: "gate"	RelError: 3.94626e-11	AbsError: 1.92310e+09
      Equation: "ElectronContinuityEquation"	RelError: 1.93119e-11	AbsError: 1.92310e+09
      Equation: "HoleContinuityEquation"	RelError: 1.93119e-11	AbsError: 1.93932e-11
      Equation: "PotentialEquation"	RelError: 8.38844e-13	AbsError: 4.99923e-13
    Region: "oxide"	RelError: 5.14600e-09	AbsError: 1.43792e-09
      Equation: "PotentialEquation"	RelError: 5.14600e-09	AbsError: 1.43792e-09
Iteration: 68
  Device: "mos2d"	RelError: 1.42751e-03	AbsError: 4.55960e+12
    Region: "bulk"	RelError: 1.42751e-03	AbsError: 4.55960e+12
      Equation: "ElectronContinuityEquation"	RelError: 3.30715e-04	AbsError: 2.30774e+12
      Equation: "HoleContinuityEquation"	RelError: 3.30627e-04	AbsError: 2.25186e+12
      Equation: "PotentialEquation"	RelError: 7.66167e-04	AbsError: 8.56015e-06
    Region: "gate"	RelError: 3.49763e-11	AbsError: 1.70447e+09
      Equation: "ElectronContinuityEquation"	RelError: 1.71164e-11	AbsError: 1.70447e+09
      Equation: "HoleContinuityEquation"	RelError: 1.71165e-11	AbsError: 1.71885e-11
      Equation: "PotentialEquation"	RelError: 7.43470e-13	AbsError: 4.43083e-13
    Region: "oxide"	RelError: 4.56089e-09	AbsError: 1.27444e-09
      Equation: "PotentialEquation"	RelError: 4.56089e-09	AbsError: 1.27444e-09
Iteration: 69
  Device: "mos2d"	RelError: 1.30442e-03	AbsError: 4.16761e+12
    Region: "bulk"	RelError: 1.30442e-03	AbsError: 4.16761e+12
      Equation: "ElectronContinuityEquation"	RelError: 3.02453e-04	AbsError: 2.10837e+12
      Equation: "HoleContinuityEquation"	RelError: 3.02380e-04	AbsError: 2.05925e+12
      Equation: "PotentialEquation"	RelError: 6.99582e-04	AbsError: 7.82872e-06
    Region: "gate"	RelError: 3.10179e-11	AbsError: 1.51157e+09
      Equation: "ElectronContinuityEquation"	RelError: 1.51793e-11	AbsError: 1.51157e+09
      Equation: "HoleContinuityEquation"	RelError: 1.51792e-11	AbsError: 1.52431e-11
      Equation: "PotentialEquation"	RelError: 6.59332e-13	AbsError: 3.92939e-13
    Region: "oxide"	RelError: 4.04470e-09	AbsError: 1.13021e-09
      Equation: "PotentialEquation"	RelError: 4.04470e-09	AbsError: 1.13021e-09
Iteration: 70
  Device: "mos2d"	RelError: 1.19201e-03	AbsError: 3.80945e+12
    Region: "bulk"	RelError: 1.19201e-03	AbsError: 3.80945e+12
      Equation: "ElectronContinuityEquation"	RelError: 2.76610e-04	AbsError: 1.92631e+12
      Equation: "HoleContinuityEquation"	RelError: 2.76549e-04	AbsError: 1.88314e+12
      Equation: "PotentialEquation"	RelError: 6.38852e-04	AbsError: 7.15987e-06
    Region: "gate"	RelError: 2.75241e-11	AbsError: 1.34130e+09
      Equation: "ElectronContinuityEquation"	RelError: 1.34694e-11	AbsError: 1.34130e+09
      Equation: "HoleContinuityEquation"	RelError: 1.34695e-11	AbsError: 1.35262e-11
      Equation: "PotentialEquation"	RelError: 5.85135e-13	AbsError: 3.48720e-13
    Region: "oxide"	RelError: 3.58906e-09	AbsError: 1.00290e-09
      Equation: "PotentialEquation"	RelError: 3.58906e-09	AbsError: 1.00290e-09
Iteration: 71
  Device: "mos2d"	RelError: 1.08936e-03	AbsError: 3.48216e+12
    Region: "bulk"	RelError: 1.08935e-03	AbsError: 3.48216e+12
      Equation: "ElectronContinuityEquation"	RelError: 2.52978e-04	AbsError: 1.76005e+12
      Equation: "HoleContinuityEquation"	RelError: 2.52926e-04	AbsError: 1.72210e+12
      Equation: "PotentialEquation"	RelError: 5.83449e-04	AbsError: 6.54822e-06
    Region: "gate"	RelError: 2.44380e-11	AbsError: 1.19093e+09
      Equation: "ElectronContinuityEquation"	RelError: 1.19594e-11	AbsError: 1.19093e+09
      Equation: "HoleContinuityEquation"	RelError: 1.19591e-11	AbsError: 1.20094e-11
      Equation: "PotentialEquation"	RelError: 5.19478e-13	AbsError: 3.09591e-13
    Region: "oxide"	RelError: 3.18666e-09	AbsError: 8.90468e-10
      Equation: "PotentialEquation"	RelError: 3.18666e-09	AbsError: 8.90468e-10
Iteration: 72
  Device: "mos2d"	RelError: 9.95589e-04	AbsError: 3.18306e+12
    Region: "bulk"	RelError: 9.95586e-04	AbsError: 3.18306e+12
      Equation: "ElectronContinuityEquation"	RelError: 2.31366e-04	AbsError: 1.60821e+12
      Equation: "HoleContinuityEquation"	RelError: 2.31323e-04	AbsError: 1.57485e+12
      Equation: "PotentialEquation"	RelError: 5.32897e-04	AbsError: 5.98886e-06
    Region: "gate"	RelError: 2.17114e-11	AbsError: 1.05804e+09
      Equation: "ElectronContinuityEquation"	RelError: 1.06250e-11	AbsError: 1.05804e+09
      Equation: "HoleContinuityEquation"	RelError: 1.06250e-11	AbsError: 1.06697e-11
      Equation: "PotentialEquation"	RelError: 4.61441e-13	AbsError: 2.75003e-13
    Region: "oxide"	RelError: 2.83108e-09	AbsError: 7.91113e-10
      Equation: "PotentialEquation"	RelError: 2.83108e-09	AbsError: 7.91113e-10
Iteration: 73
  Device: "mos2d"	RelError: 9.09934e-04	AbsError: 2.90973e+12
    Region: "bulk"	RelError: 9.09931e-04	AbsError: 2.90973e+12
      Equation: "ElectronContinuityEquation"	RelError: 2.11601e-04	AbsError: 1.46953e+12
      Equation: "HoleContinuityEquation"	RelError: 2.11565e-04	AbsError: 1.44020e+12
      Equation: "PotentialEquation"	RelError: 4.86764e-04	AbsError: 5.47730e-06
    Region: "gate"	RelError: 1.93007e-11	AbsError: 9.40561e+08
      Equation: "ElectronContinuityEquation"	RelError: 9.44520e-12	AbsError: 9.40561e+08
      Equation: "HoleContinuityEquation"	RelError: 9.44523e-12	AbsError: 9.48498e-12
      Equation: "PotentialEquation"	RelError: 4.10277e-13	AbsError: 2.44511e-13
    Region: "oxide"	RelError: 2.51670e-09	AbsError: 7.03270e-10
      Equation: "PotentialEquation"	RelError: 2.51670e-09	AbsError: 7.03270e-10
Iteration: 74
  Device: "mos2d"	RelError: 8.31681e-04	AbsError: 2.65991e+12
    Region: "bulk"	RelError: 8.31678e-04	AbsError: 2.65991e+12
      Equation: "ElectronContinuityEquation"	RelError: 1.93526e-04	AbsError: 1.34285e+12
      Equation: "HoleContinuityEquation"	RelError: 1.93496e-04	AbsError: 1.31706e+12
      Equation: "PotentialEquation"	RelError: 4.44657e-04	AbsError: 5.00945e-06
    Region: "gate"	RelError: 1.71680e-11	AbsError: 8.36638e+08
      Equation: "ElectronContinuityEquation"	RelError: 8.40159e-12	AbsError: 8.36638e+08
      Equation: "HoleContinuityEquation"	RelError: 8.40136e-12	AbsError: 8.43672e-12
      Equation: "PotentialEquation"	RelError: 3.65004e-13	AbsError: 2.17530e-13
    Region: "oxide"	RelError: 2.23859e-09	AbsError: 6.25560e-10
      Equation: "PotentialEquation"	RelError: 2.23859e-09	AbsError: 6.25560e-10
Iteration: 75
  Device: "mos2d"	RelError: 7.60184e-04	AbsError: 2.43158e+12
    Region: "bulk"	RelError: 7.60182e-04	AbsError: 2.43158e+12
      Equation: "ElectronContinuityEquation"	RelError: 1.76994e-04	AbsError: 1.22713e+12
      Equation: "HoleContinuityEquation"	RelError: 1.76969e-04	AbsError: 1.20446e+12
      Equation: "PotentialEquation"	RelError: 4.06219e-04	AbsError: 4.58155e-06
    Region: "gate"	RelError: 1.52804e-11	AbsError: 7.44645e+08
      Equation: "ElectronContinuityEquation"	RelError: 7.47779e-12	AbsError: 7.44645e+08
      Equation: "HoleContinuityEquation"	RelError: 7.47774e-12	AbsError: 7.50922e-12
      Equation: "PotentialEquation"	RelError: 3.24881e-13	AbsError: 1.93618e-13
    Region: "oxide"	RelError: 1.99242e-09	AbsError: 5.56775e-10
      Equation: "PotentialEquation"	RelError: 1.99242e-09	AbsError: 5.56775e-10
Iteration: 76
  Device: "mos2d"	RelError: 6.94855e-04	AbsError: 2.22289e+12
    Region: "bulk"	RelError: 6.94853e-04	AbsError: 2.22289e+12
      Equation: "ElectronContinuityEquation"	RelError: 1.61874e-04	AbsError: 1.12141e+12
      Equation: "HoleContinuityEquation"	RelError: 1.61853e-04	AbsError: 1.10148e+12
      Equation: "PotentialEquation"	RelError: 3.71126e-04	AbsError: 4.19020e-06
    Region: "gate"	RelError: 1.36083e-11	AbsError: 6.63156e+08
      Equation: "ElectronContinuityEquation"	RelError: 6.65947e-12	AbsError: 6.63156e+08
      Equation: "HoleContinuityEquation"	RelError: 6.65960e-12	AbsError: 6.68763e-12
      Equation: "PotentialEquation"	RelError: 2.89263e-13	AbsError: 1.72391e-13
    Region: "oxide"	RelError: 1.77440e-09	AbsError: 4.95855e-10
      Equation: "PotentialEquation"	RelError: 1.77440e-09	AbsError: 4.95855e-10
Iteration: 77
  Device: "mos2d"	RelError: 6.35158e-04	AbsError: 2.03213e+12
    Region: "bulk"	RelError: 6.35156e-04	AbsError: 2.03213e+12
      Equation: "ElectronContinuityEquation"	RelError: 1.48046e-04	AbsError: 1.02483e+12
      Equation: "HoleContinuityEquation"	RelError: 1.48028e-04	AbsError: 1.00730e+12
      Equation: "PotentialEquation"	RelError: 3.39082e-04	AbsError: 3.83226e-06
    Region: "gate"	RelError: 1.21268e-11	AbsError: 5.90961e+08
      Equation: "ElectronContinuityEquation"	RelError: 5.93449e-12	AbsError: 5.90961e+08
      Equation: "HoleContinuityEquation"	RelError: 5.93459e-12	AbsError: 5.95957e-12
      Equation: "PotentialEquation"	RelError: 2.57732e-13	AbsError: 1.53600e-13
    Region: "oxide"	RelError: 1.58120e-09	AbsError: 4.41870e-10
      Equation: "PotentialEquation"	RelError: 1.58120e-09	AbsError: 4.41870e-10
Iteration: 78
  Device: "mos2d"	RelError: 5.80604e-04	AbsError: 1.85776e+12
    Region: "bulk"	RelError: 5.80602e-04	AbsError: 1.85776e+12
      Equation: "ElectronContinuityEquation"	RelError: 1.35398e-04	AbsError: 9.36585e+11
      Equation: "HoleContinuityEquation"	RelError: 1.35383e-04	AbsError: 9.21173e+11
      Equation: "PotentialEquation"	RelError: 3.09821e-04	AbsError: 3.50488e-06
    Region: "gate"	RelError: 1.08133e-11	AbsError: 5.26952e+08
      Equation: "ElectronContinuityEquation"	RelError: 5.29170e-12	AbsError: 5.26952e+08
      Equation: "HoleContinuityEquation"	RelError: 5.29185e-12	AbsError: 5.31412e-12
      Equation: "PotentialEquation"	RelError: 2.29766e-13	AbsError: 1.36933e-13
    Region: "oxide"	RelError: 1.40990e-09	AbsError: 3.94003e-10
      Equation: "PotentialEquation"	RelError: 1.40990e-09	AbsError: 3.94003e-10
Iteration: 79
  Device: "mos2d"	RelError: 5.30746e-04	AbsError: 1.69837e+12
    Region: "bulk"	RelError: 5.30745e-04	AbsError: 1.69837e+12
      Equation: "ElectronContinuityEquation"	RelError: 1.23830e-04	AbsError: 8.55960e+11
      Equation: "HoleContinuityEquation"	RelError: 1.23818e-04	AbsError: 8.42407e+11
      Equation: "PotentialEquation"	RelError: 2.83098e-04	AbsError: 3.20545e-06
    Region: "gate"	RelError: 9.64763e-12	AbsError: 4.70140e+08
      Equation: "ElectronContinuityEquation"	RelError: 4.72118e-12	AbsError: 4.70140e+08
      Equation: "HoleContinuityEquation"	RelError: 4.72129e-12	AbsError: 4.74116e-12
      Equation: "PotentialEquation"	RelError: 2.05153e-13	AbsError: 1.22264e-13
    Region: "oxide"	RelError: 1.25791e-09	AbsError: 3.51534e-10
      Equation: "PotentialEquation"	RelError: 1.25791e-09	AbsError: 3.51534e-10
