$MeshFormat
2.2 0 8
$EndMeshFormat
$PhysicalNames
9
1 1 "gate_contact"
1 2 "gate_oxide_interface"
1 3 "bulk_oxide_interface"
1 4 "source_contact"
1 5 "drain_contact"
1 6 "body_contact"
2 7 "gate"
2 8 "oxide"
2 9 "bulk"
$EndPhysicalNames
$Nodes
1477
1 0 0 0
2 4e-05 0 0
3 6e-05 0 0
4 0.0001 0 0
5 0.0001 0.0001 0
6 0 0.0001 0
7 4e-05 -1.1e-05 0
8 6e-05 -1.1e-05 0
9 6e-05 -1e-06 0
10 4e-05 -1e-06 0
11 1.999999999996283e-06 0.0001 0
12 3.999999999992063e-06 0.0001 0
13 5.999999999987601e-06 0.0001 0
14 7.999999999984174e-06 0.0001 0
15 9.999999999981015e-06 0.0001 0
16 1.199999999997786e-05 0.0001 0
17 1.399999999997345e-05 0.0001 0
18 1.59999999999666e-05 0.0001 0
19 1.799999999996008e-05 0.0001 0
20 1.999999999995523e-05 0.0001 0
21 2.199999999994905e-05 0.0001 0
22 2.399999999994419e-05 0.0001 0
23 2.599999999993802e-05 0.0001 0
24 2.799999999993316e-05 0.0001 0
25 2.999999999992699e-05 0.0001 0
26 3.19999999999202e-05 0.0001 0
27 3.39999999999146e-05 0.0001 0
28 3.599999999991043e-05 0.0001 0
29 3.799999999990425e-05 0.0001 0
30 3.999999999989808e-05 0.0001 0
31 4.199999999989222e-05 0.0001 0
32 4.399999999988837e-05 0.0001 0
33 4.599999999988219e-05 0.0001 0
34 4.799999999987601e-05 0.0001 0
35 4.999999999987116e-05 0.0001 0
36 5.199999999987515e-05 0.0001 0
37 5.399999999988047e-05 0.0001 0
38 5.599999999988578e-05 0.0001 0
39 5.799999999989109e-05 0.0001 0
40 5.999999999989639e-05 0.0001 0
41 6.199999999990172e-05 0.0001 0
42 6.399999999990703e-05 0.0001 0
43 6.599999999991233e-05 0.0001 0
44 6.799999999991764e-05 0.0001 0
45 6.999999999992295e-05 0.0001 0
46 7.199999999992827e-05 0.0001 0
47 7.399999999993359e-05 0.0001 0
48 7.599999999993888e-05 0.0001 0
49 7.79999999999442e-05 0.0001 0
50 7.999999999994952e-05 0.0001 0
51 8.199999999995483e-05 0.0001 0
52 8.399999999996014e-05 0.0001 0
53 8.599999999996546e-05 0.0001 0
54 8.799999999997078e-05 0.0001 0
55 8.999999999997609e-05 0.0001 0
56 9.199999999998141e-05 0.0001 0
57 9.399999999998671e-05 0.0001 0
58 9.599999999999202e-05 0.0001 0
59 9.799999999999733e-05 0.0001 0
60 0.0001 9.539537168741508e-05 0
61 0.0001 9.175889100709381e-05 0
62 0.0001 8.673162092400168e-05 0
63 0.0001 7.97612758856067e-05 0
64 0.0001 7.056817739023901e-05 0
65 0.0001 6.104132443074707e-05 0
66 0.0001 5.151447147125652e-05 0
67 0.0001 4.198761851172274e-05 0
68 0.0001 3.247508535152091e-05 0
69 0.0001 2.454535632420808e-05 0
70 0.0001 1.88163613344959e-05 0
71 0.0001 1.467881296528177e-05 0
72 0.0001 1.169031620827307e-05 0
73 0.0001 9.526852959540106e-06 0
74 0.0001 7.621482367631556e-06 0
75 0.0001 5.716111775723006e-06 0
76 0.0001 3.810741183814457e-06 0
77 0.0001 1.905370591905893e-06 0
78 9.800000000000835e-05 0 0
79 9.600000000000609e-05 0 0
80 9.400000000001443e-05 0 0
81 9.200000000001853e-05 0 0
82 9.00000000000258e-05 0 0
83 8.800000000003414e-05 0 0
84 8.600000000003719e-05 0 0
85 8.400000000004552e-05 0 0
86 8.200000000004963e-05 0 0
87 8.000000000005161e-05 0 0
88 7.800000000005995e-05 0 0
89 7.600000000005083e-05 0 0
90 7.400000000003958e-05 0 0
91 7.200000000004368e-05 0 0
92 7.000000000002714e-05 0 0
93 6.800000000002225e-05 0 0
94 6.600000000001524e-05 0 0
95 6.400000000000928e-05 0 0
96 6.200000000000595e-05 0 0
97 5.93021911445546e-05 0 0
98 5.908744886716289e-05 0 0
99 5.898776028210926e-05 0 0
100 5.888807169705546e-05 0 0
101 5.878838311200098e-05 0 0
102 5.868856472575997e-05 0 0
103 5.802863341397404e-05 0 0
104 5.79289448289204e-05 0 0
105 5.782925624386676e-05 0 0
106 5.772956765881242e-05 0 0
107 5.762949546125162e-05 0 0
108 5.697430192836126e-05 0 0
109 5.687461334330762e-05 0 0
110 5.677492475825398e-05 0 0
111 5.667523617320034e-05 0 0
112 5.657507029419692e-05 0 0
113 5.591540328826072e-05 0 0
114 5.581571470320708e-05 0 0
115 5.571602611815344e-05 0 0
116 5.56163375330998e-05 0 0
117 5.551573541990128e-05 0 0
118 5.485700208911345e-05 0 0
119 5.475731350405981e-05 0 0
120 5.465762491900617e-05 0 0
121 5.455793633395253e-05 0 0
122 5.445680443746362e-05 0 0
123 5.380079754835813e-05 0 0
124 5.370110896330408e-05 0 0
125 5.36014203782496e-05 0 0
126 5.350173179319511e-05 0 0
127 5.340020904151687e-05 0 0
128 5.274242509805915e-05 0 0
129 5.264273651300551e-05 0 0
130 5.254304792795187e-05 0 0
131 5.244335934289824e-05 0 0
132 5.234110647542404e-05 0 0
133 5.16824941524992e-05 0 0
134 5.158280556744556e-05 0 0
135 5.148311698239193e-05 0 0
136 5.138342839733829e-05 0 0
137 5.128006169460288e-05 0 0
138 5.062960091276848e-05 0 0
139 5.052991232771484e-05 0 0
140 5.04302237426612e-05 0 0
141 5.033053515760757e-05 0 0
142 5.022712468924371e-05 0 0
143 4.956977625737632e-05 0 0
144 4.947008767232216e-05 0 0
145 4.937039908726768e-05 0 0
146 4.92707105022132e-05 0 0
147 4.916598191234568e-05 0 0
148 4.851688301763944e-05 0 0
149 4.84171944325858e-05 0 0
150 4.831750584753181e-05 0 0
151 4.821781726247699e-05 0 0
152 4.811303385583581e-05 0 0
153 4.745695207207581e-05 0 0
154 4.735726348702217e-05 0 0
155 4.725757490196854e-05 0 0
156 4.71578863169149e-05 0 0
157 4.649826820683013e-05 0 0
158 4.639857962177558e-05 0 0
159 4.629889103672025e-05 0 0
160 4.619920245166536e-05 0 0
161 4.609951386661088e-05 0 0
162 4.544206366606747e-05 0 0
163 4.534237508101299e-05 0 0
164 4.52426864959591e-05 0 0
165 4.514299791090546e-05 0 0
166 4.50433093258512e-05 0 0
167 4.438366246691634e-05 0 0
168 4.428397388186185e-05 0 0
169 4.418428529680736e-05 0 0
170 4.408459671175288e-05 0 0
171 4.398490812669774e-05 0 0
172 4.332476382681108e-05 0 0
173 4.322507524175623e-05 0 0
174 4.31253866567024e-05 0 0
175 4.302569807164774e-05 0 0
176 4.292600948659277e-05 0 0
177 4.227043234119366e-05 0 0
178 4.217074375613913e-05 0 0
179 4.207105517108464e-05 0 0
180 4.197136658603016e-05 0 0
181 4.187167800097571e-05 0 0
182 4.121161688800151e-05 0 0
183 4.111192830294787e-05 0 0
184 4.101223971789355e-05 0 0
185 4.091255113283906e-05 0 0
186 4.081286254778522e-05 0 0
187 3.800000000000304e-05 0 0
188 3.600000000000794e-05 0 0
189 3.400000000001178e-05 0 0
190 3.200000000001747e-05 0 0
191 3.000000000002448e-05 0 0
192 2.800000000003123e-05 0 0
193 2.600000000003719e-05 0 0
194 2.400000000004156e-05 0 0
195 2.200000000004711e-05 0 0
196 2.000000000005228e-05 0 0
197 1.800000000004818e-05 0 0
198 1.600000000004368e-05 0 0
199 1.400000000003732e-05 0 0
200 1.200000000003309e-05 0 0
201 1.000000000002779e-05 0 0
202 8.000000000022238e-06 0 0
203 6.000000000016544e-06 0 0
204 4.000000000010587e-06 0 0
205 2.000000000007279e-06 0 0
206 0 1.90537059190143e-06 0
207 0 3.810741183802467e-06 0
208 0 5.716111775703104e-06 0
209 0 7.621482367604682e-06 0
210 0 9.52685295950665e-06 0
211 0 1.16903162082212e-05 0
212 0 1.467881296520046e-05 0
213 0 1.88163613343701e-05 0
214 0 2.454535632402951e-05 0
215 0 3.247508535126726e-05 0
216 0 4.198761851142067e-05 0
217 0 5.151447147092719e-05 0
218 0 6.104132443047747e-05 0
219 0 7.056817739002775e-05 0
220 0 7.976127588546208e-05 0
221 0 8.673162092391707e-05 0
222 0 9.175889100704183e-05 0
223 0 9.539537168738698e-05 0
224 6e-05 -8.931932319915827e-06 0
225 6e-05 -6.948949239943986e-06 0
226 6e-05 -4.965966159966362e-06 0
227 6e-05 -2.982983079983424e-06 0
228 5.800000000000371e-05 -1e-06 0
229 5.600000000000741e-05 -1e-06 0
230 5.400000000001641e-05 -1e-06 0
231 5.200000000002276e-05 -1e-06 0
232 5.000000000002911e-05 -1e-06 0
233 4.800000000002118e-05 -1e-06 0
234 4.600000000001509e-05 -1e-06 0
235 4.400000000001192e-05 -1e-06 0
236 4.20000000000053e-05 -1e-06 0
237 4e-05 -8.931932319915827e-06 0
238 4e-05 -6.948949239943986e-06 0
239 4e-05 -4.965966159966362e-06 0
240 4e-05 -2.982983079983424e-06 0
241 4.333690167461427e-05 -1.1e-05 0
242 4.666823681094819e-05 -1.1e-05 0
243 4.99999999999737e-05 -1.1e-05 0
244 5.333176318901759e-05 -1.1e-05 0
245 5.66630983253699e-05 -1.1e-05 0
246 5.029037823328269e-05 1.896088131517046e-07 0
247 4.612999946281349e-05 2.423410791388407e-07 0
248 5.371705520007147e-05 1.678894455005906e-07 0
249 4.817381014358237e-05 1.95159917555601e-07 0
250 5.556572082710782e-05 1.835664343905905e-07 0
251 4.431208230418078e-05 2.624039158753842e-07 0
252 5.201011003879928e-05 2.774176907022463e-07 0
253 4.519284220343227e-05 8.633284712377327e-08 0
254 5.460719627855823e-05 9.720521414885544e-08 0
255 4.94202433797949e-05 8.633284712436598e-08 0
256 4.041809799047925e-05 5.302604040857255e-07 0
257 3.494633187689971e-05 1.634093252389402e-06 0
258 5.099999999987315e-05 9.82679491924315e-05 0
259 6.069153233679992e-05 9.821227263029597e-05 0
260 4.099999999989515e-05 9.826794919243633e-05 0
261 3.099999999992359e-05 9.8267949192437e-05 0
262 4.259822091389322e-05 2.838732310280609e-07 0
263 2.700000000003315e-05 1.732050807564834e-06 0
264 6.12007659047992e-05 1.191061249263385e-06 0
265 6.900000000002469e-05 1.732050807573109e-06 0
266 5.727674572837976e-05 3.02634631659659e-07 0
267 7.705546348298204e-05 1.746941318263278e-06 0
268 6.911217633500729e-05 9.817900559003344e-05 0
269 7.706419035254715e-05 9.824279883042958e-05 0
270 2.270093904443326e-05 9.840680177573382e-05 0
271 1.900000000005023e-05 1.732050807568416e-06 0
272 9.18934071274089e-05 4.679827694835706e-05 0
273 8.500000000004153e-05 1.689329775120423e-06 0
274 6.977555595122383e-06 5.702000675891257e-05 0
275 1.299849012462735e-05 1.738003415195204e-06 0
276 5.876471992923013e-05 1.812734135550909e-07 0
277 8.34545636309765e-05 9.838206280262575e-05 0
278 8.896018180685987e-05 9.811967684282347e-05 0
279 1.697520903734695e-05 9.804562613707272e-05 0
280 1.104924691276706e-05 9.81348165328725e-05 0
281 6.033080302178474e-06 2.812738521049171e-05 0
282 9.566957558032458e-05 2.204820917433227e-05 0
283 9.800495782103522e-05 1.052518960703935e-05 0
284 2.29915124196843e-06 1.315667894541645e-05 0
285 5.307131706978794e-05 2.848288026179463e-07 0
286 4.692248153899874e-05 3.224571242169939e-07 0
287 4.365483597675445e-05 2.858508669326698e-07 0
288 9.096688821178168e-05 1.637936610631084e-06 0
289 9.300102364356311e-05 7.516472663792285e-05 0
290 6.776824043723863e-06 7.491511975125155e-05 0
291 5.133174504597074e-05 1.839953138704082e-07 0
292 6.999412714633268e-06 1.731993889984481e-06 0
293 5.620895365739328e-05 2.51890542387174e-07 0
294 4.193702248460641e-05 1.997681819694107e-07 0
295 5.445924046930534e-05 2.550375836730392e-07 0
296 4.5043098957649e-05 2.499429075809553e-07 0
297 5.796729270558719e-05 1.470829197126022e-07 0
298 4.884143246499248e-05 2.810680661919991e-07 0
299 4.317523094922928e-05 8.633284712394346e-08 0
300 4.524778784898127e-05 3.63717138149882e-07 0
301 4.498954454831996e-05 5.519180858529624e-07 0
302 4.531570990877265e-05 7.228764295707302e-07 0
303 4.495979037700348e-05 9.82052517292671e-07 0
304 4.542715961543764e-05 1.181046591931472e-06 0
305 4.495813340150558e-05 1.502852179562466e-06 0
306 4.553949290712979e-05 1.744043095451351e-06 0
307 4.498107405439178e-05 2.125834895860304e-06 0
308 4.564978330851397e-05 2.432718481851836e-06 0
309 4.498177190517255e-05 2.889178453672813e-06 0
310 4.578648611883399e-05 3.261960632742038e-06 0
311 4.495678593874316e-05 3.810887004473641e-06 0
312 4.589342999079125e-05 4.247778104024015e-06 0
313 4.498908512485961e-05 4.913447817677484e-06 0
314 4.393204161967395e-05 4.416366333709639e-06 0
315 4.387715973367869e-05 5.676202881572228e-06 0
316 4.674485799042683e-05 3.614716846421258e-06 0
317 4.691185283099461e-05 4.673336126656751e-06 0
318 4.79295158868459e-05 3.853189383724855e-06 0
319 4.804635835805274e-05 5.161688375783443e-06 0
320 4.907401512091299e-05 4.411227623297028e-06 0
321 4.921927032909204e-05 5.730406333688099e-06 0
322 5.043537455457617e-05 4.767813904471559e-06 0
323 5.055270656600782e-05 6.33467641576972e-06 0
324 4.929019512920561e-05 7.433111669832038e-06 0
325 5.17977261209077e-05 5.415787068670202e-06 0
326 5.197560935062542e-05 7.029631798539352e-06 0
327 5.342876763280581e-05 5.813294198563962e-06 0
328 5.356687678626947e-05 7.751029514710253e-06 0
329 5.500035758143938e-05 6.642823314376282e-06 0
330 5.529194484949561e-05 8.534058012935227e-06 0
331 5.678692522338933e-05 7.364168846182166e-06 0
332 5.70976685388792e-05 9.316463446539897e-06 0
333 5.5390749845617e-05 1.064853211032109e-05 0
334 5.788895968355913e-05 1.141824078537783e-05 0
335 5.545497841388609e-05 1.311001814432644e-05 0
336 5.799602507547741e-05 1.434017711047382e-05 0
337 5.557284510998085e-05 1.5935733047644e-05 0
338 5.840225621673166e-05 1.748145743249718e-05 0
339 5.561475233919153e-05 1.927343304333238e-05 0
340 5.876309855558164e-05 2.097896784639474e-05 0
341 5.567743220343911e-05 2.319002990997564e-05 0
342 5.193145431657536e-05 2.065461660061667e-05 0
343 5.224596026583392e-05 2.547180899785642e-05 0
344 4.811084560353374e-05 2.321737524527872e-05 0
345 4.833630275611794e-05 2.792722137662562e-05 0
346 6.176826601799487e-05 1.887163322176681e-05 0
347 5.287027423129536e-05 3.019010674104913e-05 0
348 6.216423324356973e-05 2.273854892228156e-05 0
349 6.554299857080369e-05 2.028746214658107e-05 0
350 4.841205540643858e-05 3.295535604168248e-05 0
351 5.337861072118116e-05 3.537789896069397e-05 0
352 4.838142616341113e-05 3.84775596612785e-05 0
353 5.351318406412878e-05 4.108756514890383e-05 0
354 4.847829739191423e-05 4.455463529074946e-05 0
355 5.418251041703501e-05 4.734463297500252e-05 0
356 4.888153577272734e-05 5.076317582116782e-05 0
357 5.38661204919753e-05 5.34396354481457e-05 0
358 4.942799281568154e-05 5.661445221511391e-05 0
359 5.390215093850805e-05 5.919479991883813e-05 0
360 4.99319955338222e-05 6.211718836975666e-05 0
361 5.431021341334784e-05 6.452431865168075e-05 0
362 5.024015679972107e-05 6.723437512474802e-05 0
363 5.435704134031861e-05 6.945442540150205e-05 0
364 5.06070488154124e-05 7.194963474207338e-05 0
365 5.440148364919513e-05 7.399805316893489e-05 0
366 4.607714105879061e-05 7.003434879920278e-05 0
367 4.431058929678852e-05 2.562127477957406e-05 0
368 5.096184987727689e-05 7.629127974017473e-05 0
369 5.848945431004448e-05 7.854320146029824e-06 0
370 5.442008431610256e-05 7.797705136217084e-05 0
371 5.805551402916805e-05 7.606023164664177e-05 0
372 5.87871255814562e-05 6.117309523973097e-05 0
373 6.585625814560281e-05 2.471882228757875e-05 0
374 5.099397109682873e-05 8.002830606189133e-05 0
375 5.758562622754702e-05 8.038203594257017e-05 0
376 6.164406429894984e-05 7.808534396662531e-05 0
377 4.33448229938566e-05 4.145245396867854e-05 0
378 6.94502126100371e-05 2.191357621644481e-05 0
379 4.470801934593163e-05 5.483896872736573e-05 0
380 7.01300817706559e-05 2.643772832687635e-05 0
381 6.182548006326546e-05 8.229543703454093e-05 0
382 6.544266186493189e-05 8.007201133695309e-05 0
383 5.671380701474448e-05 1.33483239448985e-07 0
384 5.466566915806628e-05 3.715659521271358e-07 0
385 6.006276695126114e-05 5.115514254945325e-05 0
386 5.831890156212085e-05 8.427290744042853e-05 0
387 6.892559909716128e-05 1.775665585447401e-05 0
388 7.277553745778755e-05 1.924486114956491e-05 0
389 4.413666201096877e-05 2.109516500780458e-05 0
390 4.043064001618008e-05 2.328471213147603e-05 0
391 4.047280799048035e-05 1.903669245552849e-05 0
392 3.675584025615625e-05 2.109542893925699e-05 0
393 3.71140614805423e-05 1.64994251077228e-05 0
394 3.318595906660277e-05 1.886717822369198e-05 0
395 3.302705558646901e-05 2.326649102123097e-05 0
396 5.246163405465333e-05 1.005644946980181e-07 0
397 5.292059992438782e-05 1.463987608126966e-05 0
398 2.923944820008307e-05 2.108815040930814e-05 0
399 2.908010693223956e-05 2.589109216123012e-05 0
400 5.440228536797267e-05 5.445949953934031e-07 0
401 5.473629002820583e-05 7.070488209358092e-07 0
402 5.4384219827745e-05 9.970957923943859e-07 0
403 4.768938461065133e-05 7.858681840298038e-05 0
404 4.782988032163373e-05 8.218711857315843e-05 0
405 4.45852304167234e-05 8.07387227649498e-05 0
406 4.487121524796887e-05 8.442022819231393e-05 0
407 4.15920329657522e-05 8.287544933207207e-05 0
408 1.574389253936827e-06 6.612206530399846e-06 0
409 4.740710777954906e-05 1.85212296485978e-07 0
410 4.106208401042062e-05 8.633284712407256e-08 0
411 3.345407840186602e-05 1.481364709850848e-05 0
412 4.860768568300568e-05 8.576729085532971e-05 0
413 4.44361288604686e-05 1.839939473913746e-06 0
414 7.296604595406078e-05 1.829754080715978e-06 0
415 6.501051949360149e-05 1.385261570610876e-06 0
416 8.100941795230563e-05 1.722750502394896e-06 0
417 2.300000000004434e-05 1.732050807564063e-06 0
418 3.10372690276899e-05 1.665069576959585e-06 0
419 5.504944737793069e-05 9.816737299189015e-05 0
420 4.699999999987908e-05 9.826794919243648e-05 0
421 7.227668263721929e-05 1.523280915854672e-05 0
422 7.611275219501433e-05 1.660398607770597e-05 0
423 7.671688678907773e-05 2.071941032919634e-05 0
424 9.496061804285233e-05 1.331913386697229e-06 0
425 6.567006529381219e-05 8.431441910233565e-05 0
426 6.924712275121632e-05 8.206605809854453e-05 0
427 6.920975181900151e-05 7.760934893457548e-05 0
428 9.817225859999569e-05 6.711965370201558e-06 0
429 3.698548056130308e-05 9.81408182906509e-05 0
430 9.606332068863983e-05 8.888659477218561e-05 0
431 3.565110747847226e-06 8.949729916525731e-05 0
432 4.617809402919973e-05 1.961282845876792e-06 0
433 6.503826433802617e-05 9.799173417966714e-05 0
434 2.69662827494519e-05 9.856525848805326e-05 0
435 9.299999999998403e-05 9.826794919242653e-05 0
436 7.009913116464343e-06 9.809298072230226e-05 0
437 7.299999999993094e-05 9.826794919242653e-05 0
438 4.179874733570259e-05 8.633188219167983e-05 0
439 3.860083684321962e-05 8.488998930895626e-05 0
440 3.829200610881571e-05 8.119462198260433e-05 0
441 3.533542911239179e-05 8.337062240745256e-05 0
442 3.485904942276731e-05 7.931724145344179e-05 0
443 3.14518498327778e-05 8.255958262253758e-05 0
444 3.101733677243156e-05 7.719375295558677e-05 0
445 5.64557673000263e-05 5.681799515266574e-06 0
446 4.99494525782216e-05 3.640349698025919e-06 0
447 3.638067456288479e-05 1.284235465620664e-05 0
448 3.594704261707182e-05 8.705745088571507e-05 0
449 6.862333502835724e-05 1.388925543071321e-05 0
450 2.714574930789716e-05 8.017036151088003e-05 0
451 2.65255911643663e-05 7.514573815752503e-05 0
452 3.10056827587536e-05 7.19342200210795e-05 0
453 2.747874137146886e-05 8.493582843756764e-05 0
454 7.994625861770741e-05 1.806789218979422e-05 0
455 8.071709514484175e-05 2.233803713668645e-05 0
456 7.92891497412733e-05 1.405702418262652e-05 0
457 8.284128910250026e-05 1.531471782413401e-05 0
458 3.345775764083444e-05 1.058023900238774e-05 0
459 3.046735145340093e-05 1.269604626894169e-05 0
460 6.9331699383337e-05 8.627204075177906e-05 0
461 7.300991815141063e-05 8.408808953914908e-05 0
462 3.629367484463472e-05 1.035668356026745e-05 0
463 3.860578407929596e-05 1.080768174726779e-05 0
464 4.516569111768776e-05 6.266652230687284e-06 0
465 7.146659521619847e-05 1.096620822946177e-05 0
466 6.851710369040481e-05 1.103238141892652e-05 0
467 2.468203347978124e-05 2.30794527697897e-05 0
468 2.435305022982626e-05 2.84650785402478e-05 0
469 2.335905005245752e-05 8.296708348409367e-05 0
470 8.204103568129255e-05 1.103957128305512e-05 0
471 8.549823303585891e-05 1.218782128397822e-05 0
472 2.601120011396161e-05 6.979659445475152e-05 0
473 5.287768179491279e-05 4.52615965076374e-06 0
474 5.866811693530524e-05 3.780802273323307e-05 0
475 4.388441472289688e-05 7.16545848845577e-06 0
476 4.243239834289661e-05 6.531099507593895e-06 0
477 4.391676073079021e-05 1.692474040721854e-05 0
478 4.963045362032731e-05 2.148100740656972e-07 0
479 5.200154035674807e-05 8.876918056392798e-06 0
480 3.093468260436053e-05 6.645200469118834e-05 0
481 6.604323212246803e-05 8.811353170854988e-05 0
482 7.897555836757113e-05 1.054210569966952e-05 0
483 4.546073963084254e-05 7.928812387888845e-06 0
484 4.40973093912655e-05 9.435228594593254e-08 0
485 3.051872941169934e-05 9.734115471526521e-06 0
486 2.792754366502039e-05 1.030667787852921e-05 0
487 2.925409226944694e-05 3.131581558136994e-05 0
488 2.412948773840509e-05 3.422013235812117e-05 0
489 7.312598137050887e-05 8.84434081083768e-05 0
490 7.676213445122876e-05 8.685636390585271e-05 0
491 7.674683740166341e-05 8.166169659813404e-05 0
492 2.394577484940017e-05 8.739511057782608e-05 0
493 1.985123765707638e-05 8.572416635219948e-05 0
494 6.047913265792235e-05 1.262942768521471e-05 0
495 2.774086145196526e-05 8.91197306957944e-05 0
496 6.14153993692969e-05 7.352859663033307e-05 0
497 8.455906934928543e-05 9.967581763053793e-06 0
498 8.802058514413879e-05 1.116149863590211e-05 0
499 8.705888960608191e-05 7.956668069965732e-06 0
500 2.549253096835749e-05 6.392573248011252e-05 0
501 5.345097041735686e-05 1.855808248712265e-07 0
502 5.332926613725997e-05 5.662037471552336e-07 0
503 5.294204857110059e-05 7.012215029698007e-07 0
504 5.324719149424714e-05 9.978347721193268e-07 0
505 5.276960504088855e-05 1.16556203542889e-06 0
506 5.317767010945573e-05 1.531092942189977e-06 0
507 5.258096127891485e-05 1.729497863440132e-06 0
508 4.120777973610938e-05 2.53803038845549e-07 0
509 4.637390704332397e-05 2.391110597072039e-07 0
510 4.657080197486227e-05 5.180844488975127e-07 0
511 4.69657820718665e-05 7.013219161410046e-07 0
512 2.808836639530315e-05 8.074339820042215e-06 0
513 2.551332011591817e-05 9.17593995542889e-06 0
514 2.49329216112506e-05 1.168971542738966e-05 0
515 2.255260688191511e-05 1.039331870176268e-05 0
516 2.346682458966589e-05 7.89925451948328e-06 0
517 2.213112596143362e-05 1.339110060775884e-05 0
518 1.943391441979018e-05 1.078993939680111e-05 0
519 1.936270128421956e-05 1.48591317315815e-05 0
520 1.596251553807296e-05 1.222170354993697e-05 0
521 3.019960049424387e-05 7.265571533483038e-06 0
522 1.644605304238168e-05 9.357974980333766e-06 0
523 1.319750018377972e-05 1.125274688416945e-05 0
524 1.28126623470118e-05 1.404058642845415e-05 0
525 1.404975495820726e-05 7.974504388847599e-06 0
526 8.082764228725867e-05 8.402264485104236e-05 0
527 8.099803636119151e-05 8.862892959206922e-05 0
528 4.399391652145848e-05 8.882273942340812e-06 0
529 4.574072144276221e-05 9.816863614136971e-06 0
530 8.853161234212032e-05 1.365048724037835e-05 0
531 9.076099325672412e-05 1.091792196802435e-05 0
532 7.091423382641565e-05 8.439810626219465e-06 0
533 6.85911163692863e-05 7.835780668874836e-06 0
534 3.069229783810001e-05 6.031844594386508e-05 0
535 2.499529931201631e-05 5.743312385974118e-05 0
536 3.041249603261759e-05 5.374352843100613e-05 0
537 2.449887686413732e-05 5.092153563740739e-05 0
538 8.483184960202759e-05 8.633550849983831e-05 0
539 2.948741796302765e-05 3.695768798225235e-05 0
540 1.025905829098347e-05 1.120699412623403e-05 0
541 9.543939552630634e-06 1.515234558896856e-05 0
542 1.244093711703186e-05 1.77512089667445e-05 0
543 2.075413078856033e-05 9.03115326049488e-05 0
544 1.66379247678214e-05 8.844097144098062e-05 0
545 4.004435443620878e-05 2.771063841498853e-05 0
546 3.818319049002773e-05 7.77098028245509e-05 0
547 1.934633430975024e-05 2.484944900220172e-05 0
548 5.965109557227726e-05 5.840927508438728e-07 0
549 8.73442097128584e-06 1.927658169146862e-05 0
550 4.753618799857325e-05 2.782337863114233e-06 0
551 5.307871576548315e-05 2.184634464058078e-06 0
552 5.239153017044859e-05 2.395046281101073e-06 0
553 5.178893596508059e-05 1.879430513593601e-06 0
554 5.377119092625544e-05 1.838819929140931e-06 0
555 5.479436092322707e-05 1.201571003288731e-06 0
556 8.482201748014009e-05 9.064797747736774e-05 0
557 3.617339353138949e-05 6.319149521257001e-05 0
558 1.903912185501069e-05 8.109138366459743e-05 0
559 2.030712241703614e-05 6.739705271130852e-05 0
560 8.079492447724424e-05 7.844917512128371e-05 0
561 4.391095763705638e-05 1.095498430218885e-05 0
562 4.594073210935827e-05 1.204868825678914e-05 0
563 3.078847815623229e-06 1.68479163445535e-06 0
564 6.66642525509338e-05 2.991227651470319e-05 0
565 7.109780174472793e-05 3.157600404486938e-05 0
566 5.903721564735632e-05 1.265525985823997e-07 0
567 5.519760820206246e-05 8.486353608417872e-07 0
568 5.525624284735383e-05 1.367100866694858e-06 0
569 5.567003827678699e-05 1.01953704855487e-06 0
570 5.579276425892777e-05 1.595572529753059e-06 0
571 5.527277734333644e-05 1.982429338127909e-06 0
572 5.590761075997431e-05 2.268176832396665e-06 0
573 5.651875777003429e-05 1.780390383188999e-06 0
574 5.529284970617229e-05 2.753245485247981e-06 0
575 5.663354259471545e-05 2.569238691380446e-06 0
576 5.731941973469117e-05 2.105766940413062e-06 0
577 5.745146024437553e-05 2.909455677082485e-06 0
578 5.821152414377715e-05 2.343583612787532e-06 0
579 5.834131224830924e-05 3.247380946718302e-06 0
580 5.920038026571262e-05 2.644275716538842e-06 0
581 5.930956320642135e-05 3.803598705182111e-06 0
582 4.920821763420908e-05 2.013504401218479e-07 0
583 4.909386104202707e-05 5.359516187919991e-07 0
584 4.874489396411803e-05 6.524318159852062e-07 0
585 4.905276564804089e-05 9.480599566994939e-07 0
586 4.853148643510659e-05 1.048843331875495e-06 0
587 4.899621440064024e-05 1.450837563202545e-06 0
588 4.950904512614471e-05 1.172730160129023e-06 0
589 4.947868122096782e-05 1.959484764020124e-06 0
590 5.003742242466892e-05 1.582918765131861e-06 0
591 3.886506616993398e-05 8.400436899006945e-06 0
592 3.676442486649706e-05 7.448811682639334e-06 0
593 5.692445763583374e-05 1.85019984531469e-07 0
594 5.700123836533489e-05 5.817801503774985e-07 0
595 5.743992028907261e-05 7.096165839978754e-07 0
596 4.297137883698984e-05 1.980912240166628e-07 0
597 4.288553530374319e-05 5.600042955121606e-07 0
598 4.250420407713412e-05 6.570645125894699e-07 0
599 4.285260490081238e-05 9.809364847315976e-07 0
600 4.228294209836088e-05 1.079102872215292e-06 0
601 4.278764951156901e-05 1.485430330209909e-06 0
602 4.22249588459692e-05 1.712659122786586e-06 0
603 4.172218635486727e-05 1.332760632506828e-06 0
604 4.158770761222588e-05 1.964051967812473e-06 0
605 4.215506944927421e-05 2.453881578856007e-06 0
606 4.137768481922588e-05 2.739454615372638e-06 0
607 4.07700423312345e-05 2.130204706561979e-06 0
608 4.043768210124151e-05 3.084372930276544e-06 0
609 4.204352975092491e-05 3.347735728148144e-06 0
610 4.758166195151506e-05 2.029338876591941e-07 0
611 4.757442137157204e-05 4.628979295889924e-07 0
612 4.577078876633916e-05 1.877757538927011e-07 0
613 4.594629728236323e-05 5.048075541366539e-07 0
614 5.27307057541432e-05 2.266871826872194e-07 0
615 5.158516291190437e-05 2.643667929808766e-06 0
616 9.15726950019121e-05 1.435136655863337e-05 0
617 8.979068144330221e-05 1.698556586591819e-05 0
618 5.376548735001985e-05 2.691747097771512e-06 0
619 8.149265248691965e-05 9.304500109482477e-05 0
620 4.788344787496328e-05 1.079289303413012e-05 0
621 4.846112329889388e-05 1.651579230474174e-06 0
622 3.95614809323022e-05 2.280336859633853e-06 0
623 3.921541028203373e-05 3.487813075175877e-06 0
624 4.042778157962421e-05 4.173767982655677e-06 0
625 1.18550823223495e-05 2.18838679433408e-05 0
626 4.3308692459899e-05 1.256044980368298e-06 0
627 4.338260667259079e-05 1.84527753459375e-06 0
628 4.804402256574839e-05 1.24306175561513e-06 0
629 1.754398504400074e-05 9.218580541631947e-05 0
630 1.401297318755992e-05 9.133937857325769e-05 0
631 1.265101720879295e-05 8.732055155501472e-05 0
632 5.584092548555596e-05 2.021145993554676e-07 0
633 4.81852350552072e-05 1.310775402037677e-05 0
634 2.611959543723179e-05 7.032688503876682e-06 0
635 9.834990066378456e-05 2.858055887860175e-06 0
636 6.564163874756544e-05 1.196252000615649e-05 0
637 4.660812431663819e-05 9.951643275547082e-07 0
638 4.70784529227161e-05 1.121411197018805e-06 0
639 4.457646754721032e-05 7.147544456752036e-07 0
640 3.939916301577824e-05 6.233740614653174e-07 0
641 5.892179166167361e-05 4.23581743943489e-07 0
642 5.854437668232733e-05 5.872233438212816e-07 0
643 5.90483649231159e-05 8.433764723525421e-07 0
644 8.869062917599847e-05 8.869381777535377e-05 0
645 2.034921077534285e-05 9.381151421684485e-05 0
646 5.004020533075445e-05 1.024183422453241e-06 0
647 5.058797224419384e-05 1.294480998259014e-06 0
648 5.059141951475744e-05 1.966568159461541e-06 0
649 8.866387845897359e-05 9.314828326155412e-05 0
650 9.361076409369871e-05 1.207345271765798e-05 0
651 9.314122673820127e-05 9.533899802489227e-06 0
652 9.46594764794222e-05 1.520343533815077e-05 0
653 3.821441031430989e-05 2.494940882286912e-06 0
654 3.780466079667873e-05 3.925203819310919e-06 0
655 5.956502435260959e-05 1.264077208928794e-06 0
656 7.38060578305124e-05 9.482495651552057e-06 0
657 7.285847002722761e-05 7.408527470162251e-06 0
658 7.551816075800198e-05 2.8378992006947e-05 0
659 7.587196190840333e-05 3.383737712602166e-05 0
660 7.151997626885546e-05 3.713818566556265e-05 0
661 7.657771084167091e-05 3.942995709277783e-05 0
662 8.182404456505031e-05 3.626729853238011e-05 0
663 7.163013965220545e-05 4.316295657726621e-05 0
664 7.727924536139959e-05 4.583323057748727e-05 0
665 7.221876811118484e-05 4.97074385886782e-05 0
666 7.831289959536607e-05 5.239560730350457e-05 0
667 7.299896858603966e-05 5.641311855693821e-05 0
668 7.917262950717586e-05 5.910342298799188e-05 0
669 7.390846123429815e-05 6.307151900785489e-05 0
670 7.995680344693605e-05 6.57086967143253e-05 0
671 8.540617562471859e-05 6.179128205420537e-05 0
672 7.453383135399817e-05 7.027093006277781e-05 0
673 6.89430512466734e-05 6.711877656109711e-05 0
674 4.318981608031541e-05 4.288369321363904e-07 0
675 6.034280651374102e-05 3.067326144730656e-06 0
676 6.062518076318369e-05 4.293450390774079e-06 0
677 6.174051006736043e-05 3.411951644211273e-06 0
678 6.205376457718788e-05 4.867587003951477e-06 0
679 6.324330673318657e-05 3.82736266204656e-06 0
680 6.366767870241163e-05 5.509799649509005e-06 0
681 6.224790206192388e-05 6.637759131985156e-06 0
682 6.402524523190745e-05 7.375680370053819e-06 0
683 6.490683238711784e-05 4.354194486389123e-06 0
684 6.239302877857505e-05 8.670744095166661e-06 0
685 2.428796936725654e-05 3.986120021764886e-05 0
686 1.853768877381605e-05 3.695649892247244e-05 0
687 1.859719000881633e-05 4.309015830928855e-05 0
688 5.057900746137835e-05 1.808683375767587e-07 0
689 9.763885840414683e-05 9.824365388954899e-05 0
690 2.499999999995058e-06 9.830305324958796e-05 0
691 1.389633159660586e-05 9.462981288927849e-05 0
692 1.076794563907109e-05 9.312262866091097e-05 0
693 4.087900485487459e-05 2.574754566814109e-07 0
694 4.10474423329531e-05 5.611463620588636e-07 0
695 4.142996108929739e-05 5.341513981564585e-07 0
696 4.293458526564716e-05 2.964283777126081e-06 0
697 4.846703872511293e-05 1.837004566578921e-07 0
698 4.437314173482771e-05 7.698423031584226e-05 0
699 5.161976975432759e-05 1.991075261073817e-07 0
700 5.147419397201425e-05 5.017605537130527e-07 0
701 5.11130817508645e-05 4.93296220189117e-07 0
702 5.128710315391671e-05 8.523210861762318e-07 0
703 5.170064055889982e-05 8.362693478892541e-07 0
704 2.499142435112891e-05 1.545984704625147e-05 0
705 5.408313999626685e-05 7.158807649629858e-07 0
706 5.938139838605874e-05 5.209403437878621e-06 0
707 5.708436835851883e-05 1.028371110377352e-06 0
708 5.658531377282373e-05 8.704859970174196e-07 0
709 3.002197488594635e-05 4.780788995637742e-05 0
710 8.901690909902542e-05 8.424178220071941e-05 0
711 1.967318927399152e-05 8.218649632503344e-06 0
712 5.248736120147021e-05 7.881238052053739e-07 0
713 3.445593855877094e-05 3.412818443035656e-05 0
714 1.25270261664627e-05 4.000637787455665e-05 0
715 5.766598184425816e-05 1.156046387330031e-06 0
716 4.634873532924822e-05 8.633284712471516e-08 0
717 4.222058804866604e-05 1.851030390762868e-07 0
718 5.518636875450745e-05 1.888775643451336e-07 0
719 6.274146430896755e-05 2.333839625636517e-06 0
720 7.052935546201628e-06 1.242467089822508e-05 0
721 7.894535182510424e-06 1.009608547996772e-05 0
722 1.60490642349437e-05 2.039593450862605e-05 0
723 8.524450350889193e-05 9.429129181059924e-05 0
724 3.600188622485492e-05 4.990411164821611e-05 0
725 2.480815811430159e-05 9.12334951057195e-05 0
726 2.799355511542977e-05 9.316879904464146e-05 0
727 3.093000861498139e-05 9.089354503129731e-05 0
728 3.125671593624178e-05 9.395606498460122e-05 0
729 3.378730759571019e-05 9.231057430212944e-05 0
730 3.39203850650472e-05 9.560607338926514e-05 0
731 3.64883147242819e-05 9.369645167362316e-05 0
732 5.029048940676139e-05 1.161731162862499e-05 0
733 3.421225403714401e-05 3.990455329603652e-05 0
734 3.34598001445055e-05 8.170855706883217e-06 0
735 5.839696677596711e-05 1.116198907531049e-06 0
736 5.664141509053562e-05 3.457757661571082e-06 0
737 4.09352262388103e-05 1.524611443878824e-05 0
738 2.500146941337508e-05 9.446181411928775e-05 0
739 5.668993059855391e-05 4.306973743774597e-07 0
740 5.043079630429359e-05 4.880513682872399e-07 0
741 4.899301011818093e-05 3.325542043153944e-06 0
742 4.768177850613317e-05 1.859398676683621e-05 0
743 7.796580957355532e-05 9.124913511595391e-05 0
744 7.366281488810494e-05 9.249824040510425e-05 0
745 8.174461498847503e-05 8.368601755237699e-06 0
746 7.9080955354586e-05 7.762053745902427e-06 0
747 8.384327825178727e-05 7.282502873092498e-06 0
748 7.853883692677445e-05 9.448629367933906e-05 0
749 6.974449854475968e-06 8.161394445046139e-05 0
750 5.599609767029623e-05 5.215958044374199e-07 0
751 5.176249777738287e-05 4.098165730589332e-06 0
752 9.03927016125302e-05 8.602778322696722e-06 0
753 9.227076438002637e-05 7.404823153359606e-06 0
754 6.57889612584596e-05 3.977254638266014e-05 0
755 5.491162096258168e-05 4.857995757896117e-06 0
756 4.783361384492707e-05 1.930578424278017e-06 0
757 4.424747765782174e-05 1.094523799287589e-07 0
758 5.260521538135e-05 1.027494288877414e-07 0
759 4.623579643738561e-05 1.092830517317141e-07 0
760 1.938318417315718e-05 5.542402022263297e-05 0
761 4.076121577973899e-05 9.402222444824116e-06 0
762 4.459802171575998e-05 1.967688537488412e-07 0
763 4.652758111958602e-05 6.753053489171847e-06 0
764 6.235596459786418e-05 8.658885865340393e-05 0
765 5.875989858133459e-05 8.811161879079623e-05 0
766 5.561840665660635e-05 8.658295903869486e-05 0
767 5.606848032358489e-05 8.992019375315764e-05 0
768 5.880420772018907e-05 9.132066851735622e-05 0
769 5.6315662047122e-05 9.29155875312512e-05 0
770 5.373055410246236e-05 9.168095495596114e-05 0
771 5.883851619211581e-05 9.418310552084222e-05 0
772 6.128093662750498e-05 9.277263133631036e-05 0
773 5.397572520077812e-05 9.435615035778951e-05 0
774 5.151807220635709e-05 9.334627380028608e-05 0
775 5.113333263179402e-05 9.05443140824691e-05 0
776 4.902031485769787e-05 9.234028013659986e-05 0
777 4.947914230380245e-05 9.475726365301045e-05 0
778 4.697574236927676e-05 9.393362488523859e-05 0
779 4.636898886142855e-05 9.123192950352064e-05 0
780 4.443152162968526e-05 9.309212492575967e-05 0
781 4.485883063842092e-05 9.583813780716545e-05 0
782 4.218292888276423e-05 9.473011721322571e-05 0
783 4.186806045874095e-05 9.225769206679457e-05 0
784 5.62770145079473e-05 9.590267400253795e-05 0
785 5.472482301118671e-05 8.343111509897776e-05 0
786 6.623292844111094e-05 5.447105830657615e-05 0
787 1.04762133676258e-05 8.665227431302108e-06 0
788 8.75576234685361e-06 7.490520653454455e-06 0
789 6.911567670957072e-05 9.007436731601803e-05 0
790 6.58966689141446e-05 9.170395229635421e-05 0
791 6.881640149451277e-05 9.338512819130242e-05 0
792 6.613301183792747e-05 9.538559575151956e-05 0
793 5.231319457391315e-05 8.557773822442401e-05 0
794 4.720773060944253e-05 1.859779335943082e-07 0
795 4.72975309639775e-05 1.021200751220677e-07 0
796 3.989771041737194e-05 9.409854498838501e-05 0
797 3.917454857094658e-05 9.14236271696258e-05 0
798 9.297318160005856e-05 3.801489790945985e-05 0
799 9.221589477723563e-05 3.107456191393122e-05 0
800 4.51652883256393e-05 8.806790126086726e-05 0
801 4.132266589194118e-05 9.456374197362476e-07 0
802 9.447191412948115e-05 8.303373120159407e-05 0
803 4.832256027978422e-05 5.65278363207823e-07 0
804 4.586389608307272e-06 1.095526481099018e-05 0
805 5.285665163638262e-06 7.980504928175228e-06 0
806 3.419952119097282e-06 9.329798241389811e-05 0
807 8.623224358400039e-05 6.879588168222653e-05 0
808 9.666528830484767e-05 9.313313241947495e-05 0
809 9.265009595866567e-05 9.161043610978125e-05 0
810 9.153488475958482e-05 9.4687368123486e-05 0
811 8.01633003139807e-06 6.59956639333574e-05 0
812 5.399607022706424e-05 1.175417307442591e-06 0
813 6.491042645426182e-05 1.599526917831178e-05 0
814 1.761856734875856e-06 1.060858458386392e-05 0
815 4.968608320719424e-05 7.030004349242375e-07 0
816 6.806104638989884e-05 6.100719059795293e-05 0
817 4.369357497292251e-05 1.365418353278939e-05 0
818 1.270648045651152e-05 4.641674378861927e-05 0
819 7.628076150155948e-05 7.625698051672329e-05 0
820 4.207066391087534e-05 5.704492330049215e-07 0
821 1.286512492159838e-05 7.904739740131612e-05 0
822 1.36208053424882e-05 7.205263627227825e-05 0
823 2.921596217866413e-06 1.64827379225858e-05 0
824 4.188027616193493e-06 2.168085882919981e-05 0
825 3.077202915105236e-05 8.707959543852195e-05 0
826 8.080847733644232e-05 9.59559798183797e-05 0
827 4.835914373478048e-05 2.329561546624535e-06 0
828 4.704418706360856e-05 2.047331638624715e-06 0
829 9.210111140470952e-05 5.566934854215995e-05 0
830 7.559464705502822e-05 1.180446577846307e-05 0
831 3.301557007577319e-05 1.605574777389635e-06 0
832 3.390808281119154e-05 3.236927077082729e-06 0
833 5.537828172717106e-05 4.426935973987866e-07 0
834 6.697441217901737e-05 1.576142838509593e-06 0
835 6.784956118349242e-05 3.331184227020194e-06 0
836 6.982656357842066e-05 3.54321252428784e-06 0
837 6.865954421986231e-05 5.034017550033217e-06 0
838 7.063890494703115e-05 5.184844139996249e-06 0
839 7.186494145175266e-05 3.624923780252593e-06 0
840 4.07515048338345e-05 7.401744574335307e-06 0
841 3.893016181002059e-05 6.583336726625576e-06 0
842 1.262963908124521e-05 3.236061393891565e-05 0
843 7.173901689143936e-06 9.183515368824104e-05 0
844 7.932814077338399e-06 8.689508913010733e-05 0
845 5.009640110358953e-05 5.486147555197624e-07 0
846 2.96802807998271e-05 9.603697143330135e-05 0
847 5.455551709391634e-05 2.287869893686964e-06 0
848 5.450653554402423e-05 3.507820893598974e-06 0
849 5.55472387548392e-05 3.669246656940515e-06 0
850 5.886608438665541e-05 9.678164097951952e-05 0
851 9.813912584708814e-05 1.271115937933741e-05 0
852 5.110405976529179e-05 1.646896251125028e-06 0
853 2.921868986313113e-05 1.659689689626405e-05 0
854 6.148316414874781e-05 9.580463343079612e-05 0
855 3.566234644289856e-05 3.130240036010247e-06 0
856 3.484742832397394e-05 4.786519425011117e-06 0
857 3.294000112780327e-05 4.867019178412907e-06 0
858 9.548410982075451e-05 1.015096883512374e-05 0
859 9.473110519491639e-05 8.017725694109307e-06 0
860 9.395941603481711e-05 5.997409861144034e-06 0
861 9.203038546287261e-05 5.296740014307083e-06 0
862 9.353046797197157e-05 4.06769907906901e-06 0
863 9.543332958883725e-05 4.828271127339337e-06 0
864 9.688377359259433e-05 8.423168718229434e-06 0
865 9.039753801106736e-05 6.474378963465159e-06 0
866 9.019711882543966e-05 4.573258653359619e-06 0
867 8.861498978237557e-05 5.574008627591916e-06 0
868 8.82677121710619e-05 3.552524847267582e-06 0
869 8.675314443759761e-05 4.823490924292933e-06 0
870 3.568184138999758e-05 5.678941004803326e-05 0
871 4.13865587042445e-05 6.029406519805403e-05 0
872 4.118912002550568e-05 6.656512770257014e-05 0
873 3.596271408656612e-05 6.889293324301011e-05 0
874 4.27687732634898e-05 4.853991311722427e-05 0
875 5.802349347889702e-05 7.639660101774228e-07 0
876 5.285918627744565e-05 1.204629349290773e-05 0
877 4.670917103189758e-05 1.487899033372769e-06 0
878 4.606810679706764e-05 1.302470704373082e-06 0
879 6.623016421950032e-05 4.718197971841914e-05 0
880 4.063705799510886e-05 7.132128547076191e-05 0
881 5.185540806374424e-05 9.60027865042487e-05 0
882 5.827519189303591e-05 6.690002556788475e-05 0
883 6.323258833992167e-05 6.511025829216282e-05 0
884 3.636712421801934e-05 9.034116059976536e-05 0
885 8.644636515454924e-05 4.125205053121735e-05 0
886 6.125327983940687e-05 5.613609054581887e-05 0
887 5.099719038004137e-05 1.772951123376034e-05 0
888 8.059742844383086e-05 7.241965639043526e-05 0
889 5.401215730554544e-05 1.834431170078281e-07 0
890 9.602635060761014e-05 6.542031994309e-06 0
891 2.900621150463995e-05 1.720887269131814e-06 0
892 2.800103525079915e-05 3.462241025393858e-06 0
893 2.60001725418288e-05 3.463791516840938e-06 0
894 4.970697322020975e-05 2.762468635642686e-06 0
895 5.065156726044109e-05 2.835782458482238e-06 0
896 4.291715728628684e-05 3.927741387059564e-06 0
897 4.171398565588242e-05 4.306682545358833e-06 0
898 4.101514074215931e-05 5.681285258009054e-06 0
899 6.151029808424244e-06 9.54758983852994e-05 0
900 4.647850779718066e-05 2.688123551911834e-06 0
901 5.095413559354221e-05 1.859380196189634e-07 0
902 1.80517710473311e-05 9.5687362317918e-05 0
903 2.109058603500482e-05 9.670036967560712e-05 0
904 2.702013387165825e-05 5.135651347204425e-06 0
905 2.902363354049791e-05 5.156834620626883e-06 0
906 2.511537277474217e-05 5.170163146189978e-06 0
907 6.138354848038648e-05 8.986604993182342e-05 0
908 8.378985088087045e-05 1.94616255612395e-05 0
909 8.504868482578998e-05 2.408581622890946e-05 0
910 8.075472777371509e-05 2.675397615608321e-05 0
911 8.540597329391279e-05 3.004239780063435e-05 0
912 7.095629096035249e-05 1.824632157410038e-06 0
913 7.393247042865862e-05 3.61220733287834e-06 0
914 7.50207973112677e-05 1.790609786122529e-06 0
915 7.609136380287151e-05 3.536082756626565e-06 0
916 7.808131466432486e-05 3.485732805485731e-06 0
917 7.510702656451541e-05 5.287173767176526e-06 0
918 7.703755699076125e-05 5.237250209753069e-06 0
919 7.611498061643507e-05 7.025764857713774e-06 0
920 7.906427790102233e-05 5.517124824155058e-06 0
921 9.316801840086621e-05 1.961480865642786e-06 0
922 5.01210354622131e-06 1.723405747520363e-06 0
923 5.998393106311987e-06 3.462149272259909e-06 0
924 7.996253922343441e-06 3.465838987258555e-06 0
925 6.90439767428746e-06 5.074976141027424e-06 0
926 5.063646958407818e-06 5.054467482651174e-06 0
927 8.894675881383023e-06 5.447825657374631e-06 0
928 9.979657903246165e-06 3.511208458857246e-06 0
929 1.099211846772741e-05 5.20524442038159e-06 0
930 1.199292611368093e-05 3.480763232410446e-06 0
931 1.29918273994639e-05 5.121885458149061e-06 0
932 1.214656974680218e-05 6.996180494144717e-06 0
933 1.399518485194543e-05 3.46168362449828e-06 0
934 1.499215236240272e-05 5.107620849324097e-06 0
935 1.599663178398589e-05 3.459801879717808e-06 0
936 1.69930244916623e-05 5.195825654481357e-06 0
937 1.598845909387763e-05 6.947823054477174e-06 0
938 1.829647282036281e-05 6.807196731509716e-06 0
939 1.905048441033434e-05 5.112423534429475e-06 0
940 8.400084288324258e-05 4.77963314554532e-05 0
941 6.024745051461781e-05 4.402793688123653e-05 0
942 6.320127657072983e-05 3.360567876920112e-05 0
943 5.79719173928208e-05 3.20391237675452e-05 0
944 1.099941584435386e-05 1.741149774489578e-06 0
945 1.499838446011396e-05 1.735580890698004e-06 0
946 1.699922741707714e-05 1.735501780278103e-06 0
947 8.704461869520701e-05 1.696946808402909e-06 0
948 2.100000000004802e-05 1.73205080756791e-06 0
949 2.200000000004752e-05 3.464101615133873e-06 0
950 2.000847211145867e-05 3.453726048514853e-06 0
951 2.101200290226558e-05 5.085467425487367e-06 0
952 2.500002875700428e-05 1.731999124515778e-06 0
953 3.001575162396782e-05 3.381016470974184e-06 0
954 8.300156965875626e-05 1.723380584629328e-06 0
955 8.202837181490346e-05 3.456380603010867e-06 0
956 8.900000000002995e-05 1.732050807561654e-06 0
957 8.398643902529765e-05 3.40081798604526e-06 0
958 8.297996466532884e-05 5.182046294660922e-06 0
959 2.401926234561796e-05 3.459709772156952e-06 0
960 2.311649547006302e-05 5.111458113908989e-06 0
961 1.800797336909476e-05 3.448221617498335e-06 0
962 8.995790064104459e-06 1.741698518431643e-06 0
963 3.791288336827929e-05 9.581074993991359e-05 0
964 5.684232527065007e-05 8.089400219666745e-08 0
965 4.005837711625403e-06 3.452455913699776e-06 0
966 1.853969597858273e-06 3.206977906514619e-06 0
967 4.645073527653706e-05 9.230798682926607e-08 0
968 4.666234672624451e-05 1.953267699418295e-07 0
969 9.840616855405534e-05 4.696877766040461e-06 0
970 3.111806411297995e-06 5.358791119172004e-06 0
971 5.690392454453817e-05 6.64784966820341e-08 0
972 5.082459285909409e-05 8.151598796723128e-07 0
973 5.622614150239083e-05 1.243640342865536e-06 0
974 4.134078678488362e-05 1.187894019038961e-05 0
975 7.288145347671024e-05 5.490688230385698e-06 0
976 4.723018069807587e-05 7.202450217909398e-08 0
977 6.372643435315596e-05 9.393130559341626e-05 0
978 4.848962686573788e-05 8.926961518958337e-05 0
979 6.04563424381743e-05 7.901229025583662e-06 0
980 4.156800724536084e-05 2.389517922164157e-07 0
981 4.383818103442095e-05 9.086518555307179e-05 0
982 3.887422424692843e-05 8.82867316940265e-05 0
983 3.68630397465997e-05 1.606081687637361e-06 0
984 1.668028133267096e-06 8.582496956608916e-06 0
985 3.398748161299404e-06 7.644927416962855e-06 0
986 4.990152660643588e-05 9.413349092931242e-06 0
987 6.466697348655618e-05 9.284290424625858e-06 0
988 6.576912607391471e-05 7.677871620122477e-06 0
989 6.27639296418765e-05 1.092596403105301e-05 0
990 6.303062750134973e-05 1.354534689475534e-05 0
991 5.33108403347108e-05 8.85721997632275e-05 0
992 4.387232996037867e-05 3.542604915640931e-05 0
993 6.303226631657009e-06 3.637814507855772e-05 0
994 5.836457137558839e-05 2.292799176930485e-07 0
995 6.54150904541402e-05 6.055940645426015e-06 0
996 5.214479389115382e-05 3.15115567868619e-06 0
997 5.29841425735306e-05 9.816413650896698e-05 0
998 4.891857464983762e-05 9.824045587685144e-05 0
999 4.499999999988529e-05 9.826794919243627e-05 0
1000 9.279009237616527e-05 6.550512345625012e-05 0
1001 3.466235285748566e-05 2.858984022031922e-05 0
1002 5.7198757712034e-05 9.824061744459451e-05 0
1003 4.31431384396457e-05 9.817749378004663e-05 0
1004 5.808708294499042e-05 6.247508240084601e-06 0
1005 5.784635207636335e-05 4.667973401936012e-06 0
1006 5.21191639278328e-05 1.187866885177775e-06 0
1007 5.498797476051745e-05 4.57071447043637e-07 0
1008 8.579769739782613e-05 7.535781859502986e-05 0
1009 3.106454007383408e-05 5.089199712124526e-06 0
1010 3.218836913373336e-05 6.738144281949213e-06 0
1011 8.766710461525614e-05 9.597227556911368e-05 0
1012 8.525014171436123e-05 9.697255026962341e-05 0
1013 8.007911079899172e-05 3.48201057896003e-06 0
1014 8.108013247927061e-05 5.149887914253212e-06 0
1015 9.41534722510024e-05 9.55889612213717e-05 0
1016 7.903755114978596e-05 1.739572534183989e-06 0
1017 6.914783373022695e-05 7.265362854117027e-05 0
1018 9.688626490537339e-05 1.666385820061446e-06 0
1019 1.39186956243826e-05 6.020069513737901e-05 0
1020 6.080134019021338e-05 1.561164675678033e-05 0
1021 6.299999999990426e-05 9.826794919242658e-05 0
1022 6.386594845599564e-06 1.629054069472381e-05 0
1023 8.87406557202685e-05 7.365973639965936e-06 0
1024 6.455001497847355e-05 6.958902145909539e-05 0
1025 3.498431093766725e-05 9.808551704857871e-05 0
1026 3.898306065486296e-05 9.809599405409657e-05 0
1027 6.712635352190506e-05 9.791531792765477e-05 0
1028 8.488869267799647e-05 5.131889110343944e-06 0
1029 4.733853516029589e-05 7.449792826064827e-05 0
1030 5.657822365999424e-05 2.769892431025443e-05 0
1031 6.150795063042303e-05 2.788178143892497e-05 0
1032 3.740621522984493e-05 5.602526278384606e-06 0
1033 5.23278788616748e-05 2.277647047917538e-07 0
1034 4.136755591234942e-05 7.910835597029547e-05 0
1035 9.164881314549289e-05 3.411491099072118e-06 0
1036 7.099999999992555e-05 9.826794919242658e-05 0
1037 7.217870355552928e-05 9.63665289249938e-05 0
1038 7.45025949199448e-05 9.62652347990048e-05 0
1039 7.354789565218289e-05 2.344668759144585e-05 0
1040 9.005030614716108e-06 9.821014637896103e-05 0
1041 9.928524396256699e-06 9.603836475532813e-05 0
1042 3.298411600039884e-05 9.803836862676312e-05 0
1043 2.899999999993006e-05 9.82679491924367e-05 0
1044 4.795119514971972e-05 4.970273523629344e-07 0
1045 4.774870236282269e-05 8.729209673317377e-07 0
1046 9.527091351333575e-05 9.798319446013327e-05 0
1047 9.099999999997897e-05 9.826794919242659e-05 0
1048 1.302931363853957e-05 9.82351348639123e-05 0
1049 5.252735352408168e-05 2.632359516685974e-07 0
1050 8.101925465258346e-05 9.804755264122082e-05 0
1051 1.918626101992505e-05 9.815520185611461e-05 0
1052 1.499999999997003e-05 9.826794919243643e-05 0
1053 7.499999999993616e-05 9.826794919242655e-05 0
1054 2.504412103838199e-05 9.835915551959136e-05 0
1055 1.897362132180013e-05 3.078465253681618e-05 0
1056 4.756148378212486e-05 8.385000057503124e-06 0
1057 2.263997123130996e-05 9.50639808410715e-05 0
1058 7.899739167740803e-05 9.833306739682679e-05 0
1059 5.348386291949769e-05 9.751306040905236e-06 0
1060 5.891403808739606e-05 1.707549304944854e-06 0
1061 4.40712453918461e-05 3.305492564792225e-06 0
1062 8.442341799832558e-05 5.498101523213927e-05 0
1063 4.578167349668465e-05 6.43387403658101e-05 0
1064 2.121688249440336e-05 7.306432209358312e-05 0
1065 4.61439426348904e-05 1.472058268243277e-05 0
1066 4.860350954198731e-05 1.592942513053819e-05 0
1067 5.367748619794735e-05 3.683713222724253e-06 0
1068 2.229137163353546e-05 6.645347358424348e-06 0
1069 4.363528769667957e-05 2.520733253373017e-06 0
1070 8.802235459525249e-05 2.038710708892619e-05 0
1071 9.217857381036211e-05 8.729327241192682e-05 0
1072 5.791079459877537e-05 7.161350497504796e-05 0
1073 5.438063026199163e-05 1.645194681856976e-06 0
1074 4.449327953466834e-05 1.258811100346356e-06 0
1075 4.411100352139768e-05 9.647260562338098e-07 0
1076 4.422921342617411e-05 5.595606521643583e-07 0
1077 4.38649351304904e-05 6.336208755808924e-07 0
1078 4.448834605079801e-05 4.019291839873564e-07 0
1079 4.135704589661067e-05 8.967628000841678e-05 0
1080 1.025306796207841e-05 6.760999731331501e-06 0
1081 1.24748807950984e-05 9.279324197678128e-06 0
1082 6.668169067526643e-05 4.722885827315202e-06 0
1083 6.062647811809919e-05 6.276213587542547e-07 0
1084 4.424856598393225e-05 3.035143627117615e-05 0
1085 4.575748399305295e-05 8.287812756598921e-07 0
1086 3.840151225377239e-05 4.444812942324037e-05 0
1087 4.621268290866819e-05 7.834988723601682e-07 0
1088 3.690243651987044e-05 2.49317450374149e-05 0
1089 3.35143779495123e-05 8.887616693123376e-05 0
1090 6.045465674314297e-05 1.021520943518165e-05 0
1091 4.943490487475912e-06 9.800448849581588e-05 0
1092 1.535739591728211e-05 8.410379327514076e-05 0
1093 4.993538687018981e-05 2.234855597188281e-07 0
1094 6.592420934965319e-05 3.017966402526604e-06 0
1095 8.559764467291966e-05 6.80590614904549e-06 0
1096 6.523495434348012e-05 7.52563251447921e-05 0
1097 4.478979802426473e-05 3.525522461408865e-07 0
1098 4.751144789965598e-05 9.615265772125346e-05 0
1099 4.391251685953637e-05 1.472895917299282e-06 0
1100 8.510611139810008e-05 8.122645981617104e-05 0
1101 3.199686912337663e-05 3.307467798823927e-06 0
1102 5.905640240623518e-05 2.473264172751742e-05 0
1103 4.008575347603969e-05 9.633716676078772e-05 0
1104 3.17682995602877e-05 9.638108552527356e-05 0
1105 2.239479754052179e-05 7.810392735332523e-05 0
1106 9.732611234261993e-05 1.644398869537963e-05 0
1107 5.15097526119367e-05 1.267465225189655e-06 0
1108 7.281123247816239e-05 7.951708822508283e-05 0
1109 3.61206807548007e-05 7.450236351002635e-05 0
1110 4.079827755763353e-05 9.051572237813204e-07 0
1111 4.00941177845624e-05 1.33609237953803e-06 0
1112 4.733882715954248e-05 8.081524571012698e-07 0
1113 4.238973038777509e-05 8.04508928455711e-06 0
1114 1.541620365036804e-05 2.76039459529344e-05 0
1115 5.568173724118787e-05 4.674053591335322e-07 0
1116 5.073414025126931e-05 8.786615838749445e-05 0
1117 1.566539130634374e-05 1.638358569077771e-05 0
1118 2.040135842997595e-05 1.933322582499611e-05 0
1119 8.600000000003748e-05 3.207775420467798e-06 0
1120 4.74957129381045e-05 1.414244205038072e-06 0
1121 4.122881139172288e-05 1.500892824547522e-06 0
1122 6.387617493555234e-05 9.627624362956513e-05 0
1123 4.434293768894313e-05 2.464243597113711e-06 0
1124 6.847466862063958e-05 9.593557204470853e-05 0
1125 1.708239036899571e-05 7.618467520927212e-05 0
1126 4.803644412036571e-05 6.545270280465305e-06 0
1127 5.231580079921038e-05 4.715964426172931e-07 0
1128 3.528649136472549e-05 8.598787038579113e-06 0
1129 3.453525634389207e-05 6.721229217420406e-06 0
1130 2.158751114990522e-05 8.521622941211485e-06 0
1131 8.200478893938486e-05 6.636944573927882e-06 0
1132 9.202788218479271e-05 1.986569368394378e-05 0
1133 9.107216809611209e-05 2.452970385930652e-05 0
1134 8.632541684612496e-05 1.621467558231912e-05 0
1135 5.043916320932727e-05 1.405937406182658e-05 0
1136 5.402834754478619e-05 9.651862407308666e-05 0
1137 6.73478574785976e-05 6.625911780459658e-06 0
1138 4.337135312669057e-05 2.670125447687948e-07 0
1139 5.650905846637689e-05 2.850007761636926e-07 0
1140 4.600332916328257e-05 5.312388475728506e-06 0
1141 4.945079477975492e-05 4.069394868883817e-07 0
1142 9.862669297304158e-05 8.570930507438018e-06 0
1143 3.913322840672692e-05 4.908988856693618e-06 0
1144 5.0787309405242e-05 4.329448501940897e-07 0
1145 4.285335957362165e-05 2.163710932824225e-06 0
1146 5.600453138124737e-05 2.943533065507338e-06 0
1147 5.272288629345839e-05 4.500534563295588e-07 0
1148 4.405582314476924e-05 2.778915680611423e-07 0
1149 4.349876809945899e-05 5.821653305328493e-07 0
1150 4.320787953987316e-05 8.364814292094947e-07 0
1151 4.889569190936411e-05 2.000733294054691e-06 0
1152 3.999999999992171e-06 9.615499861770571e-05 0
1153 5.476363069309161e-05 1.836073866131693e-07 0
1154 5.471601213029741e-05 8.376982361371725e-08 0
1155 4.368995176302409e-05 1.019444860990636e-06 0
1156 5.114422908349505e-05 2.194469062494235e-06 0
1157 9.688143764196083e-05 3.78692528237743e-06 0
1158 6.075778429218624e-05 5.849370104066731e-06 0
1159 3.602973210777048e-05 9.63807413422251e-05 0
1160 6.356482459070395e-05 9.162016129989227e-05 0
1161 7.74509532235639e-05 2.432742064407177e-05 0
1162 3.223415360439422e-06 9.425196615227074e-06 0
1163 5.29356695594263e-05 2.857477213536226e-06 0
1164 5.206679650320069e-05 6.674435558640569e-07 0
1165 5.634674877510275e-05 5.375938466920522e-07 0
1166 1.050773036038126e-05 9.010256032150636e-05 0
1167 4.554920443188396e-05 4.427149200859778e-07 0
1168 5.074431560180457e-05 7.817537406693028e-06 0
1169 8.947873113359918e-05 7.980490369028743e-05 0
1170 5.989434187463257e-06 6.537259407946896e-06 0
1171 4.172924148330995e-05 8.556686578519944e-07 0
1172 8.313467853111206e-05 9.594562689040922e-05 0
1173 1.979546386856474e-05 6.184279038310739e-05 0
1174 8.68663604924166e-05 9.835330327435483e-05 0
1175 1.211189369720228e-05 9.614990295524338e-05 0
1176 5.994266645434991e-05 2.094382057741281e-06 0
1177 2.524800039394645e-05 1.885044684294943e-05 0
1178 8.022250376188967e-05 9.131135362662759e-06 0
1179 7.732876555317308e-05 8.751197789140338e-06 0
1180 7.546393649387052e-05 8.775001574683782e-06 0
1181 2.753058809527885e-05 1.352205059550997e-05 0
1182 7.116397941240039e-05 9.181338265661151e-05 0
1183 5.775147944552176e-05 3.404857106595537e-07 0
1184 7.772530728319556e-05 6.858678285332934e-06 0
1185 5.368006761322385e-05 7.91016202051395e-07 0
1186 2.031850536506582e-05 6.731784603927623e-06 0
1187 1.796761773008076e-05 8.424316759125022e-06 0
1188 4.120013278137979e-05 3.530402760362367e-06 0
1189 1.599999999996718e-05 9.639170147080712e-05 0
1190 8.999999999997619e-05 9.632400591300062e-05 0
1191 5.919213178979554e-05 3.955207131444608e-07 0
1192 4.624724797927291e-05 5.964068297522008e-05 0
1193 6.118159653388575e-05 2.150867424859384e-06 0
1194 3.182510547189903e-05 8.355738578306997e-06 0
1195 5.422043419440345e-05 3.532137835232001e-07 0
1196 3.906056229664839e-05 3.798141299007724e-05 0
1197 4.268406766008184e-05 5.141675551507479e-06 0
1198 5.67051915887141e-05 1.314249330116062e-06 0
1199 5.043985709701783e-05 8.658560549213623e-07 0
1200 8.045528594974931e-05 6.861830000718381e-06 0
1201 8.440644611297041e-06 9.42843558649524e-05 0
1202 1.308033052618619e-06 4.940965703118408e-06 0
1203 6.951508664864869e-05 6.541967769652535e-06 0
1204 6.414693731214468e-05 2.668522215789135e-06 0
1205 2.099999999995215e-05 9.849785300608984e-05 0
1206 5.794578732170822e-05 1.656746049362803e-06 0
1207 5.895127488705536e-05 9.864690621088201e-05 0
1208 9.605634754890883e-05 1.232703848377289e-05 0
1209 9.68103880523921e-05 9.586895342531381e-05 0
1210 5.943441247429084e-05 6.612366190728687e-06 0
1211 5.743257946524345e-05 3.754180156175416e-06 0
1212 4.783127075513962e-05 2.084190316803638e-07 0
1213 7.573390843068179e-06 4.297318907130752e-05 0
1214 4.975291458338268e-05 9.668422258955911e-05 0
1215 7.43719875015452e-05 7.244941925279014e-06 0
1216 2.800000000002931e-05 6.462882191715168e-06 0
1217 6.204767829330611e-05 1.320243889684645e-06 0
1218 8.336246982647695e-05 8.846472017480443e-06 0
1219 8.341874936148712e-06 2.341324762780246e-05 0
1220 8.729402463606605e-05 6.469631670895135e-06 0
1221 7.215263194281182e-06 8.182051004753115e-06 0
1222 2.460458742161258e-05 4.546539262866378e-05 0
1223 8.107028509431687e-06 9.642034922136865e-05 0
1224 6.351339371835891e-05 5.957953859644836e-05 0
1225 2.455233479765283e-05 6.728593471395907e-06 0
1226 3.694474935932319e-06 8.489984591104103e-05 0
1227 5.647249560826494e-05 4.34815885829762e-06 0
1228 5.001433208052074e-05 2.182551621285022e-06 0
1229 3.939068401557077e-05 3.236459358055449e-05 0
1230 5.104576618658203e-05 8.305038215205947e-05 0
1231 4.652502526167438e-06 1.406338083180014e-05 0
1232 5.485087256715497e-05 1.672626567170089e-06 0
1233 1.479458168799623e-05 6.636938366215157e-05 0
1234 5.390897758986681e-05 4.203262401019444e-07 0
1235 4.199999999989228e-05 9.669092648824189e-05 0
1236 4.174998527317468e-05 4.459881343270768e-07 0
1237 9.490090611553158e-05 1.851512156945166e-05 0
1238 1.47901561412828e-06 1.455491013811993e-06 0
1239 1.906619617786635e-05 4.90291700651831e-05 0
1240 1.124876002912578e-05 2.615972675266137e-05 0
1241 7.115780802217434e-05 6.783858959423294e-06 0
1242 1.398958179183528e-05 6.412721366898632e-06 0
1243 9.000000000002565e-05 2.931831371423135e-06 0
1244 2.965092622740597e-05 4.231099214032266e-05 0
1245 5.139335076951395e-05 3.320432966322573e-06 0
1246 5.887741634276002e-05 9.341092567742574e-06 0
1247 4.091073917601004e-05 7.543404248387931e-05 0
1248 3.88816926546895e-05 1.348140337986299e-05 0
1249 3.858841985400548e-05 1.28586029230691e-06 0
1250 2.397992087539299e-05 9.525339253339674e-06 0
1251 8.77730918781613e-05 3.533024133752458e-05 0
1252 6.72466592155637e-05 9.02670725486096e-06 0
1253 6.122807143231041e-06 9.828881071636803e-06 0
1254 7.226133922508852e-05 9.074260494348887e-06 0
1255 4.975982391621116e-05 4.193700622233814e-07 0
1256 7.661310761591721e-05 9.619190602521884e-05 0
1257 7.567030781810244e-05 9.36433638816455e-05 0
1258 9.85952119724336e-05 1.377576946205403e-06 0
1259 5.554479316653607e-05 7.023220762606659e-07 0
1260 9.579152769073446e-05 2.69345833246598e-05 0
1261 5.609434068702576e-05 8.542150095997899e-07 0
1262 2.271058806457797e-05 9.297646737757448e-05 0
1263 5.106269612688663e-05 1.175264688084449e-06 0
1264 3.328275550023876e-05 8.557467532997347e-05 0
1265 1.115616039589756e-05 8.379615516240806e-05 0
1266 5.177430216544833e-05 4.963997348551984e-07 0
1267 9.503240223901744e-05 3.097515826781948e-06 0
1268 9.010005410821151e-06 9.066944201389962e-06 0
1269 5.357443807404928e-05 1.266836230588844e-06 0
1270 6.332443323467251e-05 1.284644550286862e-06 0
1271 6.036127115600349e-05 1.318683675065162e-06 0
1272 8.112173241607219e-05 4.204801730108673e-05 0
1273 4.394443678137345e-05 7.36577987983052e-05 0
1274 3.977390569088344e-05 5.368709951433028e-05 0
1275 4.252916777939429e-05 9.689210967395212e-06 0
1276 4.827592359164832e-05 3.003429489270096e-06 0
1277 4.569860176421348e-06 6.515190070981632e-06 0
1278 5.814841361160358e-05 4.268910800289346e-07 0
1279 4.539221937354102e-05 1.855085674104392e-07 0
1280 6.937393330484464e-05 9.360035226708205e-06 0
1281 4.811959335863632e-05 8.454263540786241e-07 0
1282 4.625913653683145e-05 4.645676591397704e-07 0
1283 6.531303980743892e-06 4.943382675095956e-05 0
1284 1.491153781245056e-05 2.410683768631692e-05 0
1285 4.078570568398511e-05 5.6350986165183e-07 0
1286 2.23333756850912e-05 1.640316548491858e-05 0
1287 2.677882854362905e-05 9.653606094223983e-05 0
1288 5.337416366738753e-05 1.744113387865041e-05 0
1289 3.703469793127379e-05 3.000853739638351e-06 0
1290 2.926918108824209e-05 8.762424560318397e-06 0
1291 3.596015683172713e-05 5.864309828057714e-06 0
1292 7.98347569916692e-05 3.121191074978267e-05 0
1293 1.459868823347225e-05 9.730442652057165e-06 0
1294 9.694735082414214e-05 1.433466414207354e-05 0
1295 8.864177522917706e-05 9.24652839445333e-06 0
1296 4.394189555564369e-05 2.028617955258702e-06 0
1297 7.510806396552226e-05 9.023387249184344e-05 0
1298 7.525101410923521e-06 6.559139243388318e-06 0
1299 4.709134595090501e-05 5.704041247735675e-06 0
1300 5.716679334415966e-05 1.511331143170293e-06 0
1301 9.697822063450016e-05 5.273651194830333e-06 0
1302 5.388041842645437e-05 4.477796744709409e-06 0
1303 8.810469485342165e-05 5.131124304452737e-05 0
1304 5.360127370963456e-05 4.28554476428366e-07 0
1305 4.723605842182855e-05 4.443366095214245e-07 0
1306 5.174922721363864e-05 1.049285740723987e-05 0
1307 7.111369774254404e-05 9.445432571263053e-05 0
1308 1.308863518515837e-05 5.298590679460973e-05 0
1309 8.651433537858099e-05 9.729404483062341e-06 0
1310 1.399999999997337e-05 9.67386600291579e-05 0
1311 6.792852248643826e-05 3.435685108984245e-05 0
1312 1.52707388319847e-05 8.502686268928925e-06 0
1313 8.511421316753599e-05 9.87415832693208e-05 0
1314 7.23966821765897e-05 7.526159525606594e-05 0
1315 6.107679783590067e-05 6.934828138490478e-05 0
1316 5.280925742721898e-05 3.643998124971367e-06 0
1317 5.083844858802713e-05 3.732508951578324e-06 0
1318 4.609256963446032e-05 9.713167347832292e-05 0
1319 8.526601711453992e-05 8.377493803761817e-06 0
1320 2.387598588435569e-05 9.658803047892189e-05 0
1321 4.903472622754031e-05 2.583952283830547e-06 0
1322 7.885962265714976e-05 9.645014368560385e-05 0
1323 3.728894018561539e-05 8.960498507417931e-06 0
1324 9.193767140210528e-05 9.662724672854228e-05 0
1325 2.691220640336837e-05 8.64741153946925e-06 0
1326 5.378461251706243e-05 8.07925419105199e-05 0
1327 4.933309185771135e-05 7.316729444776597e-07 0
1328 3.645258425939951e-05 4.384942187735492e-06 0
1329 4.636948815663079e-06 9.273574344476603e-06 0
1330 6.363987450884639e-05 8.929354695354473e-05 0
1331 7.037584925072914e-05 9.664067629295859e-05 0
1332 3.376097825129394e-05 4.476610903599552e-05 0
1333 5.579686213184678e-05 7.229696501819566e-07 0
1334 1.590101217509296e-05 9.404681213351615e-05 0
1335 9.176432039524237e-05 8.807404900545693e-06 0
1336 5.731925662685858e-05 5.630067395574152e-05 0
1337 7.34256237848451e-05 9.464553874467578e-05 0
1338 9.259032824499217e-05 1.698423660321956e-05 0
1339 4.500000000001302e-05 -2.732050807570598e-06 0
1340 5.500000000001153e-05 -2.732050807566103e-06 0
1341 5.10000000000205e-05 -2.732050807569548e-06 0
1342 4.171731372253283e-05 -5.957457699955174e-06 0
1343 5.828268627746718e-05 -5.957457699955174e-06 0
1344 4.833411840546093e-05 -8.114793791162596e-06 0
1345 5.532205126433324e-05 -8.617102274500645e-06 0
1346 5.130279575933282e-05 -9.03379940014871e-06 0
1347 4.463459370412683e-05 -8.571971219935306e-06 0
1348 5.73045028232569e-05 -8.696168487396184e-06 0
1349 4.269107319392246e-05 -8.691563277754896e-06 0
1350 4.301106837848187e-05 -2.675459709177588e-06 0
1351 4.371594908994221e-05 -4.69679632585111e-06 0
1352 4.600000000001211e-05 -4.46410161514142e-06 0
1353 4.700000000001669e-05 -2.732050807570227e-06 0
1354 4.800000000001518e-05 -4.464101615140801e-06 0
1355 4.719246514725893e-05 -6.199546974187625e-06 0
1356 4.902962220782725e-05 -6.180676990783936e-06 0
1357 5.000493703465224e-05 -4.46152237648651e-06 0
1358 5.097048006384891e-05 -6.015271108578721e-06 0
1359 5.199590284976097e-05 -4.433524856342795e-06 0
1360 5.293027986977049e-05 -6.147430847159384e-06 0
1361 5.396230655416168e-05 -4.436225976097228e-06 0
1362 4.900082283912581e-05 -2.731620934461181e-06 0
1363 5.698893162153362e-05 -2.675459709171488e-06 0
1364 5.299303490066564e-05 -2.722308741262612e-06 0
1365 5.627866613208626e-05 -4.692814091697159e-06 0
1366 5.669782774087949e-05 -6.910063498153429e-06 0
1367 4.334494783291004e-05 -6.895331977776357e-06 0
1368 4.165511757795697e-05 -3.988662617928344e-06 0
1369 5.834424137704994e-05 -3.988188542433013e-06 0
1370 4.525938080961707e-05 -6.446280598504383e-06 0
1371 5.471044538143622e-05 -6.487393082195521e-06 0
1372 5.316802360399688e-05 -8.103233793533314e-06 0
1373 5.852672660641925e-05 -9.577105422997506e-06 0
1374 4.147264139602924e-05 -9.576447535905989e-06 0
1375 4.667468957422072e-05 -8.3590880226115e-06 0
1376 5.020478557747808e-05 -7.645064807924906e-06 0
1377 4.133323719128883e-05 -2.329421081417872e-06 0
1378 5.866663459971745e-05 -2.329326266317585e-06 0
1379 4.148277817772279e-05 -7.608680359066344e-06 0
1380 5.850784107960172e-05 -7.661970791733773e-06 0
1381 4.956020846203158e-05 -9.123118710223062e-06 0
1382 4.816513405549428e-05 -9.605838803965052e-06 0
1383 5.171527297488543e-05 -7.388959991469007e-06 0
1384 5.904026985267538e-05 -1.364311645252625e-07 0
1385 5.876152830184684e-05 -2.008125228434388e-07 0
1386 4.297585377912031e-05 -1.851030390763601e-07 0
1387 5.689974779935735e-05 -1.931175018339854e-07 0
1388 4.512611169618565e-05 -2.019497839101762e-07 0
1389 4.116177259547473e-05 -1.86073846533359e-07 0
1390 5.103469600751204e-05 -2.303096182221974e-07 0
1391 5.138591402924788e-05 -1.563534644816468e-07 0
1392 5.478282864220985e-05 -1.940862767608382e-07 0
1393 4.729681251656491e-05 -2.484912971918693e-07 0
1394 5.307558805621429e-05 -2.649944726804774e-07 0
1395 4.921834620727971e-05 -1.83700456658253e-07 0
1396 4.543301461135056e-05 -1.95108917053661e-07 0
1397 5.730189869480643e-05 -1.874784133847958e-07 0
1398 5.767896571215294e-05 -1.764055074954021e-07 0
1399 4.577078876633915e-05 -1.877757538923278e-07 0
1400 4.61493581591384e-05 -1.855085674106945e-07 0
1401 4.63474255186932e-05 -1.236797757571197e-07 0
1402 4.673476849682975e-05 -2.453311310350188e-07 0
1403 5.519996906458044e-05 -2.027946947691057e-07 0
1404 5.55858484633069e-05 -1.672105374090742e-07 0
1405 5.502790373000408e-05 -5.820707572012834e-07 0
1406 4.154164744448871e-05 -1.88119422385872e-07 0
1407 4.192152229350281e-05 -1.860738465337141e-07 0
1408 5.163132771140899e-05 -2.573200915294194e-07 0
1409 5.201180031396169e-05 -1.879287673024175e-07 0
1410 5.240031681612776e-05 -1.738319477370541e-07 0
1411 4.327491953428381e-05 -1.860918570283067e-07 0
1412 4.365483597675454e-05 -1.881303659968018e-07 0
1413 4.408730914569627e-05 -1.681155565535391e-07 0
1414 4.836735014005888e-05 -8.633284712393172e-08 0
1415 4.849603157791185e-05 -2.618350231598126e-07 0
1416 4.819673276434176e-05 -1.900918962347609e-07 0
1417 5.706551190569752e-05 -6.085217068620177e-07 0
1418 4.222058804866604e-05 -1.851030390762868e-07 0
1419 4.433381817438926e-05 -1.859841579033061e-07 0
1420 4.469501547446592e-05 -2.148706222691913e-07 0
1421 4.490548225183955e-05 -5.816056467183452e-07 0
1422 5.796928983866055e-05 -1.95985008366388e-07 0
1423 5.835919091811266e-05 -2.01406243382086e-07 0
1424 5.585343898128619e-05 -1.706113444650816e-07 0
1425 5.619510986921935e-05 -2.570249658746091e-07 0
1426 4.314957411971573e-05 -7.645769709030124e-08 0
1427 4.422798590435523e-05 -9.552010266275624e-08 0
1428 4.529066576488488e-05 -1.065741855405001e-07 0
1429 4.148730185078543e-05 -4.591958376690373e-07 0
1430 4.096870277154032e-05 -4.397758434513332e-07 0
1431 4.261379716752751e-05 -2.013045448299144e-07 0
1432 4.281552632502613e-05 -4.242684764322346e-07 0
1433 5.154976757001886e-05 -9.578183819310883e-08 0
1434 5.030412087808198e-05 -1.562982733613979e-07 0
1435 4.998773503557844e-05 -2.073059894783759e-07 0
1436 5.374503759933623e-05 -1.690253790453656e-07 0
1437 5.40819532793437e-05 -2.454402856825207e-07 0
1438 4.786881522642521e-05 -2.641106443942431e-07 0
1439 4.044539132983138e-05 -3.599439608628333e-07 0
1440 4.413746142815969e-05 -8.334843653746852e-08 0
1441 4.520061546698377e-05 -7.713099236266906e-08 0
1442 5.846081792438577e-05 -4.970542577414505e-07 0
1443 5.901898185903449e-05 -5.511381673796284e-07 0
1444 4.181257037157733e-05 -4.788037914923894e-07 0
1445 5.440650132195998e-05 -3.559589989538271e-07 0
1446 4.622891204881181e-05 -7.906671967802048e-08 0
1447 4.616924663155661e-05 -6.614382177217873e-08 0
1448 4.324358318064171e-05 -6.563738852965198e-08 0
1449 4.430736010688066e-05 -7.037606514151556e-08 0
1450 4.346299835743918e-05 -5.37374094724965e-07 0
1451 4.537702978082898e-05 -7.542077564854028e-08 0
1452 5.656844600694647e-05 -3.431106957617686e-07 0
1453 4.88681544353258e-05 -2.13717056829112e-07 0
1454 4.904532724040191e-05 -5.445439357954858e-07 0
1455 4.417338620954737e-05 -5.03592086586952e-07 0
1456 5.960259855719353e-05 -4.256891427585293e-07 0
1457 5.92410103533645e-05 -2.783146186658551e-07 0
1458 4.631760923449197e-05 -4.94143596730884e-07 0
1459 4.686983804958458e-05 -5.975932049915544e-07 0
1460 4.832883724275249e-05 -6.425765598734212e-07 0
1461 4.558844664477088e-05 -4.826632846811395e-07 0
1462 4.235245836206588e-05 -4.742611822423519e-07 0
1463 5.568938936306268e-05 -4.670806885194861e-07 0
1464 5.009997225937201e-05 -4.609260994718281e-07 0
1465 4.971864262593366e-05 -4.448428539197113e-07 0
1466 5.056278348122364e-05 -3.452236934918541e-07 0
1467 5.807881715477913e-05 -5.1587087946516e-07 0
1468 5.393808283072965e-05 -4.701156730321479e-07 0
1469 5.346814953109763e-05 -3.483767213382984e-07 0
1470 4.206142781516347e-05 -4.648483718689483e-07 0
1471 5.216976540732277e-05 -4.83499219635835e-07 0
1472 5.281237267773329e-05 -4.088377951739581e-07 0
1473 5.182781434792238e-05 -5.057496655592055e-07 0
1474 5.120607651105239e-05 -4.992795047549032e-07 0
1475 4.942321727286617e-05 -2.207648862523075e-07 0
1476 5.768241388435004e-05 -4.473769192622939e-07 0
1477 4.8684587624098e-05 -4.156681439144579e-07 0
$EndNodes
$Elements
3003
1 1 2 6 1 6 11
2 1 2 6 1 11 12
3 1 2 6 1 12 13
4 1 2 6 1 13 14
5 1 2 6 1 14 15
6 1 2 6 1 15 16
7 1 2 6 1 16 17
8 1 2 6 1 17 18
9 1 2 6 1 18 19
10 1 2 6 1 19 20
11 1 2 6 1 20 21
12 1 2 6 1 21 22
13 1 2 6 1 22 23
14 1 2 6 1 23 24
15 1 2 6 1 24 25
16 1 2 6 1 25 26
17 1 2 6 1 26 27
18 1 2 6 1 27 28
19 1 2 6 1 28 29
20 1 2 6 1 29 30
21 1 2 6 1 30 31
22 1 2 6 1 31 32
23 1 2 6 1 32 33
24 1 2 6 1 33 34
25 1 2 6 1 34 35
26 1 2 6 1 35 36
27 1 2 6 1 36 37
28 1 2 6 1 37 38
29 1 2 6 1 38 39
30 1 2 6 1 39 40
31 1 2 6 1 40 41
32 1 2 6 1 41 42
33 1 2 6 1 42 43
34 1 2 6 1 43 44
35 1 2 6 1 44 45
36 1 2 6 1 45 46
37 1 2 6 1 46 47
38 1 2 6 1 47 48
39 1 2 6 1 48 49
40 1 2 6 1 49 50
41 1 2 6 1 50 51
42 1 2 6 1 51 52
43 1 2 6 1 52 53
44 1 2 6 1 53 54
45 1 2 6 1 54 55
46 1 2 6 1 55 56
47 1 2 6 1 56 57
48 1 2 6 1 57 58
49 1 2 6 1 58 59
50 1 2 6 1 59 5
51 1 2 5 3 4 78
52 1 2 5 3 78 79
53 1 2 5 3 79 80
54 1 2 5 3 80 81
55 1 2 5 3 81 82
56 1 2 5 3 82 83
57 1 2 5 3 83 84
58 1 2 5 3 84 85
59 1 2 5 3 85 86
60 1 2 5 3 86 87
61 1 2 5 3 87 88
62 1 2 5 3 88 89
63 1 2 5 3 89 90
64 1 2 5 3 90 91
65 1 2 5 3 91 92
66 1 2 5 3 92 93
67 1 2 5 3 93 94
68 1 2 5 3 94 95
69 1 2 5 3 95 96
70 1 2 5 3 96 3
71 1 2 3 4 3 97
72 1 2 3 4 97 98
73 1 2 3 4 98 99
74 1 2 3 4 99 100
75 1 2 3 4 100 101
76 1 2 3 4 101 102
77 1 2 3 4 102 103
78 1 2 3 4 103 104
79 1 2 3 4 104 105
80 1 2 3 4 105 106
81 1 2 3 4 106 107
82 1 2 3 4 107 108
83 1 2 3 4 108 109
84 1 2 3 4 109 110
85 1 2 3 4 110 111
86 1 2 3 4 111 112
87 1 2 3 4 112 113
88 1 2 3 4 113 114
89 1 2 3 4 114 115
90 1 2 3 4 115 116
91 1 2 3 4 116 117
92 1 2 3 4 117 118
93 1 2 3 4 118 119
94 1 2 3 4 119 120
95 1 2 3 4 120 121
96 1 2 3 4 121 122
97 1 2 3 4 122 123
98 1 2 3 4 123 124
99 1 2 3 4 124 125
100 1 2 3 4 125 126
101 1 2 3 4 126 127
102 1 2 3 4 127 128
103 1 2 3 4 128 129
104 1 2 3 4 129 130
105 1 2 3 4 130 131
106 1 2 3 4 131 132
107 1 2 3 4 132 133
108 1 2 3 4 133 134
109 1 2 3 4 134 135
110 1 2 3 4 135 136
111 1 2 3 4 136 137
112 1 2 3 4 137 138
113 1 2 3 4 138 139
114 1 2 3 4 139 140
115 1 2 3 4 140 141
116 1 2 3 4 141 142
117 1 2 3 4 142 143
118 1 2 3 4 143 144
119 1 2 3 4 144 145
120 1 2 3 4 145 146
121 1 2 3 4 146 147
122 1 2 3 4 147 148
123 1 2 3 4 148 149
124 1 2 3 4 149 150
125 1 2 3 4 150 151
126 1 2 3 4 151 152
127 1 2 3 4 152 153
128 1 2 3 4 153 154
129 1 2 3 4 154 155
130 1 2 3 4 155 156
131 1 2 3 4 156 157
132 1 2 3 4 157 158
133 1 2 3 4 158 159
134 1 2 3 4 159 160
135 1 2 3 4 160 161
136 1 2 3 4 161 162
137 1 2 3 4 162 163
138 1 2 3 4 163 164
139 1 2 3 4 164 165
140 1 2 3 4 165 166
141 1 2 3 4 166 167
142 1 2 3 4 167 168
143 1 2 3 4 168 169
144 1 2 3 4 169 170
145 1 2 3 4 170 171
146 1 2 3 4 171 172
147 1 2 3 4 172 173
148 1 2 3 4 173 174
149 1 2 3 4 174 175
150 1 2 3 4 175 176
151 1 2 3 4 176 177
152 1 2 3 4 177 178
153 1 2 3 4 178 179
154 1 2 3 4 179 180
155 1 2 3 4 180 181
156 1 2 3 4 181 182
157 1 2 3 4 182 183
158 1 2 3 4 183 184
159 1 2 3 4 184 185
160 1 2 3 4 185 186
161 1 2 3 4 186 2
162 1 2 4 5 2 187
163 1 2 4 5 187 188
164 1 2 4 5 188 189
165 1 2 4 5 189 190
166 1 2 4 5 190 191
167 1 2 4 5 191 192
168 1 2 4 5 192 193
169 1 2 4 5 193 194
170 1 2 4 5 194 195
171 1 2 4 5 195 196
172 1 2 4 5 196 197
173 1 2 4 5 197 198
174 1 2 4 5 198 199
175 1 2 4 5 199 200
176 1 2 4 5 200 201
177 1 2 4 5 201 202
178 1 2 4 5 202 203
179 1 2 4 5 203 204
180 1 2 4 5 204 205
181 1 2 4 5 205 1
182 1 2 2 11 9 228
183 1 2 2 11 228 229
184 1 2 2 11 229 230
185 1 2 2 11 230 231
186 1 2 2 11 231 232
187 1 2 2 11 232 233
188 1 2 2 11 233 234
189 1 2 2 11 234 235
190 1 2 2 11 235 236
191 1 2 2 11 236 10
192 1 2 1 13 7 241
193 1 2 1 13 241 242
194 1 2 1 13 242 243
195 1 2 1 13 243 244
196 1 2 1 13 244 245
197 1 2 1 13 245 8
198 2 2 9 8 651 859 753
199 2 2 9 8 383 739 593
200 2 2 9 8 421 830 465
201 2 2 9 8 522 1187 937
202 2 2 9 8 509 967 716
203 2 2 9 8 342 887 742
204 2 2 9 8 593 971 964
205 2 2 9 8 289 1000 807
206 2 2 9 8 810 1015 809
207 2 2 9 8 433 1027 792
208 2 2 9 8 1111 1121 1110
209 2 2 9 8 859 860 753
210 2 2 9 8 386 765 764
211 2 2 9 8 828 1120 877
212 2 2 9 8 619 1172 723
213 2 2 9 8 690 1152 223
214 2 2 9 8 636 813 449
215 2 2 9 8 877 1120 638
216 2 2 9 8 937 1187 938
217 2 2 9 8 712 1164 1006
218 2 2 9 8 1117 1118 519
219 2 2 9 8 564 1031 942
220 2 2 9 8 402 1073 555
221 2 2 9 8 298 697 584
222 2 2 9 8 324 1056 986
223 2 2 9 8 1010 1129 857
224 2 2 9 8 896 1061 696
225 2 2 9 8 781 1003 999
226 2 2 9 8 1180 1215 656
227 2 2 9 8 911 1251 799
228 2 2 9 8 627 1145 1069
229 2 2 9 8 141 246 140
230 2 2 9 8 465 830 656
231 2 2 9 8 781 1235 1003
232 2 2 9 8 656 1215 657
233 2 2 9 8 547 1118 722
234 2 2 9 8 796 797 731
235 2 2 9 8 754 942 474
236 2 2 9 8 619 723 556
237 2 2 9 8 1024 1096 1017
238 2 2 9 8 825 1264 443
239 2 2 9 8 756 828 550
240 2 2 9 8 438 1079 800
241 2 2 9 8 820 1171 600
242 2 2 9 8 342 742 344
243 2 2 9 8 262 717 598
244 2 2 9 8 250 632 115
245 2 2 9 8 1001 1229 545
246 2 2 9 8 942 1031 943
247 2 2 9 8 812 1073 402
248 2 2 9 8 1075 1099 1074
249 2 2 9 8 824 1022 823
250 2 2 9 8 261 1104 846
251 2 2 9 8 2 256 186
252 2 2 9 8 937 1312 522
253 2 2 9 8 293 1139 112
254 2 2 9 8 474 941 754
255 2 2 9 8 107 1183 106
256 2 2 9 8 1006 1164 703
257 2 2 9 8 386 764 381
258 2 2 9 8 369 1246 979
259 2 2 9 8 730 1042 1025
260 2 2 9 8 136 291 135
261 2 2 9 8 155 795 154
262 2 2 9 8 809 1015 808
263 2 2 9 8 636 1252 987
264 2 2 9 8 151 249 150
265 2 2 9 8 786 879 385
266 2 2 9 8 649 809 644
267 2 2 9 8 591 841 592
268 2 2 9 8 858 859 651
269 2 2 9 8 761 840 591
270 2 2 9 8 779 978 800
271 2 2 9 8 579 1005 581
272 2 2 9 8 64 1000 289
273 2 2 9 8 649 810 809
274 2 2 9 8 453 825 443
275 2 2 9 8 172 1138 287
276 2 2 9 8 697 803 584
277 2 2 9 8 449 813 387
278 2 2 9 8 757 1148 251
279 2 2 9 8 518 1130 711
280 2 2 9 8 846 1043 261
281 2 2 9 8 513 1225 516
282 2 2 9 8 853 1181 704
283 2 2 9 8 324 1126 1056
284 2 2 9 8 804 814 284
285 2 2 9 8 822 1064 559
286 2 2 9 8 355 941 353
287 2 2 9 8 755 849 848
288 2 2 9 8 596 674 299
289 2 2 9 8 262 596 176
290 2 2 9 8 169 757 168
291 2 2 9 8 60 1209 689
292 2 2 9 8 259 1021 854
293 2 2 9 8 130 758 129
294 2 2 9 8 543 725 492
295 2 2 9 8 735 875 715
296 2 2 9 8 484 757 169
297 2 2 9 8 160 759 159
298 2 2 9 8 396 758 130
299 2 2 9 8 159 759 716
300 2 2 9 8 68 799 798
301 2 2 9 8 624 1143 898
302 2 2 9 8 259 854 850
303 2 2 9 8 800 978 412
304 2 2 9 8 220 749 290
305 2 2 9 8 1109 1247 880
306 2 2 9 8 419 1002 784
307 2 2 9 8 207 966 206
308 2 2 9 8 792 1122 433
309 2 2 9 8 745 1200 1178
310 2 2 9 8 543 1262 725
311 2 2 9 8 828 900 550
312 2 2 9 8 704 1177 853
313 2 2 9 8 128 614 285
314 2 2 9 8 113 632 293
315 2 2 9 8 383 1139 739
316 2 2 9 8 1178 1200 746
317 2 2 9 8 1018 1267 1157
318 2 2 9 8 751 1317 322
319 2 2 9 8 1067 1302 848
320 2 2 9 8 385 886 786
321 2 2 9 8 415 1270 1204
322 2 2 9 8 106 1183 297
323 2 2 9 8 634 1225 513
324 2 2 9 8 290 822 811
325 2 2 9 8 353 941 474
326 2 2 9 8 872 880 366
327 2 2 9 8 515 1130 518
328 2 2 9 8 718 1153 1007
329 2 2 9 8 828 877 432
330 2 2 9 8 442 1109 444
331 2 2 9 8 756 1120 828
332 2 2 9 8 732 1135 876
333 2 2 9 8 722 1118 1117
334 2 2 9 8 422 830 421
335 2 2 9 8 485 1290 486
336 2 2 9 8 477 817 737
337 2 2 9 8 126 501 125
338 2 2 9 8 287 1148 171
339 2 2 9 8 412 1116 793
340 2 2 9 8 445 755 329
341 2 2 9 8 731 963 796
342 2 2 9 8 713 1229 1001
343 2 2 9 8 377 1196 1086
344 2 2 9 8 289 802 63
345 2 2 9 8 478 1093 143
346 2 2 9 8 550 827 756
347 2 2 9 8 643 1191 641
348 2 2 9 8 742 1065 477
349 2 2 9 8 473 751 325
350 2 2 9 8 1106 1237 70
351 2 2 9 8 899 1091 436
352 2 2 9 8 550 900 316
353 2 2 9 8 857 1129 856
354 2 2 9 8 1068 1225 960
355 2 2 9 8 726 1287 846
356 2 2 9 8 841 1032 592
357 2 2 9 8 1086 1196 733
358 2 2 9 8 556 723 649
359 2 2 9 8 351 943 347
360 2 2 9 8 803 1281 586
361 2 2 9 8 717 820 598
362 2 2 9 8 290 811 219
363 2 2 9 8 966 1238 206
364 2 2 9 8 446 741 320
365 2 2 9 8 799 1251 798
366 2 2 9 8 546 1247 1109
367 2 2 9 8 742 1066 1065
368 2 2 9 8 61 808 60
369 2 2 9 8 848 1302 755
370 2 2 9 8 1021 1122 854
371 2 2 9 8 67 798 272
372 2 2 9 8 298 582 147
373 2 2 9 8 878 1085 304
374 2 2 9 8 532 1203 533
375 2 2 9 8 755 1302 327
376 2 2 9 8 527 619 556
377 2 2 9 8 1112 1120 1045
378 2 2 9 8 911 1133 909
379 2 2 9 8 391 737 393
380 2 2 9 8 793 1230 412
381 2 2 9 8 270 1320 903
382 2 2 9 8 180 294 179
383 2 2 9 8 1193 1271 1176
384 2 2 9 8 784 1136 419
385 2 2 9 8 320 741 318
386 2 2 9 8 549 1022 824
387 2 2 9 8 458 1194 485
388 2 2 9 8 947 1119 868
389 2 2 9 8 617 1134 1070
390 2 2 9 8 741 1276 318
391 2 2 9 8 816 883 673
392 2 2 9 8 490 743 527
393 2 2 9 8 691 1334 630
394 2 2 9 8 920 1184 746
395 2 2 9 8 62 802 430
396 2 2 9 8 447 462 458
397 2 2 9 8 306 878 304
398 2 2 9 8 798 885 272
399 2 2 9 8 96 1083 264
400 2 2 9 8 467 1118 547
401 2 2 9 8 1204 1270 719
402 2 2 9 8 807 1008 289
403 2 2 9 8 325 751 322
404 2 2 9 8 859 890 860
405 2 2 9 8 496 1096 1024
406 2 2 9 8 797 884 731
407 2 2 9 8 264 1271 1193
408 2 2 9 8 533 1280 532
409 2 2 9 8 1061 1069 696
410 2 2 9 8 516 1225 1068
411 2 2 9 8 255 478 143
412 2 2 9 8 117 718 250
413 2 2 9 8 118 1153 718
414 2 2 9 8 636 990 813
415 2 2 9 8 348 1031 373
416 2 2 9 8 738 1287 726
417 2 2 9 8 462 1128 458
418 2 2 9 8 329 755 327
419 2 2 9 8 629 645 543
420 2 2 9 8 548 1191 643
421 2 2 9 8 1068 1186 1130
422 2 2 9 8 389 477 391
423 2 2 9 8 725 726 495
424 2 2 9 8 1027 1124 792
425 2 2 9 8 540 1081 787
426 2 2 9 8 725 738 726
427 2 2 9 8 518 1187 522
428 2 2 9 8 460 789 489
429 2 2 9 8 1069 1145 696
430 2 2 9 8 911 1292 662
431 2 2 9 8 281 824 214
432 2 2 9 8 430 808 61
433 2 2 9 8 1130 1186 711
434 2 2 9 8 1075 1155 1099
435 2 2 9 8 521 1009 905
436 2 2 9 8 822 1125 1064
437 2 2 9 8 279 1051 902
438 2 2 9 8 737 1248 393
439 2 2 9 8 220 290 219
440 2 2 9 8 743 748 619
441 2 2 9 8 747 1028 958
442 2 2 9 8 546 1109 442
443 2 2 9 8 477 737 391
444 2 2 9 8 650 651 531
445 2 2 9 8 581 1005 706
446 2 2 9 8 424 1267 1018
447 2 2 9 8 786 1224 816
448 2 2 9 8 393 447 411
449 2 2 9 8 862 1267 921
450 2 2 9 8 838 1241 975
451 2 2 9 8 852 1156 553
452 2 2 9 8 492 725 495
453 2 2 9 8 812 1269 554
454 2 2 9 8 408 985 970
455 2 2 9 8 712 1006 505
456 2 2 9 8 314 1061 896
457 2 2 9 8 979 1090 684
458 2 2 9 8 746 1200 920
459 2 2 9 8 1056 1126 763
460 2 2 9 8 646 845 815
461 2 2 9 8 850 854 771
462 2 2 9 8 68 798 67
463 2 2 9 8 251 1148 1076
464 2 2 9 8 465 466 449
465 2 2 9 8 155 976 795
466 2 2 9 8 175 596 299
467 2 2 9 8 276 566 100
468 2 2 9 8 842 1240 281
469 2 2 9 8 795 976 794
470 2 2 9 8 458 1128 734
471 2 2 9 8 808 1209 60
472 2 2 9 8 344 742 389
473 2 2 9 8 492 495 453
474 2 2 9 8 283 864 858
475 2 2 9 8 1179 1180 830
476 2 2 9 8 718 833 250
477 2 2 9 8 845 1199 740
478 2 2 9 8 447 458 411
479 2 2 9 8 839 913 414
480 2 2 9 8 784 850 771
481 2 2 9 8 322 446 320
482 2 2 9 8 975 1241 657
483 2 2 9 8 64 289 63
484 2 2 9 8 1090 1246 334
485 2 2 9 8 905 1216 521
486 2 2 9 8 886 1224 786
487 2 2 9 8 884 982 448
488 2 2 9 8 1070 1134 908
489 2 2 9 8 789 1182 489
490 2 2 9 8 734 1194 458
491 2 2 9 8 481 790 789
492 2 2 9 8 286 1305 794
493 2 2 9 8 584 803 586
494 2 2 9 8 979 1246 1090
495 2 2 9 8 540 721 720
496 2 2 9 8 258 997 881
497 2 2 9 8 499 1309 1295
498 2 2 9 8 790 792 791
499 2 2 9 8 646 815 588
500 2 2 9 8 872 1063 871
501 2 2 9 8 452 873 480
502 2 2 9 8 649 1190 810
503 2 2 9 8 471 497 470
504 2 2 9 8 222 806 431
505 2 2 9 8 788 1080 927
506 2 2 9 8 726 728 727
507 2 2 9 8 819 888 672
508 2 2 9 8 484 1148 757
509 2 2 9 8 1025 1159 730
510 2 2 9 8 800 981 779
511 2 2 9 8 327 473 325
512 2 2 9 8 447 463 462
513 2 2 9 8 474 943 351
514 2 2 9 8 860 890 863
515 2 2 9 8 748 826 619
516 2 2 9 8 457 470 456
517 2 2 9 8 63 802 62
518 2 2 9 8 556 649 644
519 2 2 9 8 425 481 460
520 2 2 9 8 873 1109 880
521 2 2 9 8 669 816 673
522 2 2 9 8 421 465 449
523 2 2 9 8 746 1179 482
524 2 2 9 8 490 1297 743
525 2 2 9 8 703 1107 1006
526 2 2 9 8 826 1172 619
527 2 2 9 8 769 784 771
528 2 2 9 8 366 1063 872
529 2 2 9 8 379 1274 871
530 2 2 9 8 421 449 387
531 2 2 9 8 898 1143 841
532 2 2 9 8 1081 1293 525
533 2 2 9 8 215 281 214
534 2 2 9 8 386 766 765
535 2 2 9 8 489 1182 744
536 2 2 9 8 544 629 543
537 2 2 9 8 463 761 591
538 2 2 9 8 381 764 425
539 2 2 9 8 318 550 316
540 2 2 9 8 557 871 870
541 2 2 9 8 600 1171 603
542 2 2 9 8 277 1172 1050
543 2 2 9 8 69 1260 68
544 2 2 9 8 790 791 789
545 2 2 9 8 630 1334 629
546 2 2 9 8 821 1092 558
547 2 2 9 8 222 431 221
548 2 2 9 8 1011 1190 649
549 2 2 9 8 868 956 947
550 2 2 9 8 133 699 252
551 2 2 9 8 289 1169 802
552 2 2 9 8 418 831 190
553 2 2 9 8 281 993 842
554 2 2 9 8 95 415 94
555 2 2 9 8 1009 1101 953
556 2 2 9 8 784 1002 850
557 2 2 9 8 62 430 61
558 2 2 9 8 554 1073 812
559 2 2 9 8 213 824 823
560 2 2 9 8 631 1265 844
561 2 2 9 8 990 1020 813
562 2 2 9 8 284 1231 804
563 2 2 9 8 387 813 349
564 2 2 9 8 943 1030 347
565 2 2 9 8 648 1228 895
566 2 2 9 8 988 1252 1137
567 2 2 9 8 481 789 460
568 2 2 9 8 846 1104 728
569 2 2 9 8 557 870 534
570 2 2 9 8 722 1284 547
571 2 2 9 8 813 1020 346
572 2 2 9 8 782 1235 781
573 2 2 9 8 672 1314 819
574 2 2 9 8 804 1162 814
575 2 2 9 8 493 543 492
576 2 2 9 8 446 894 741
577 2 2 9 8 876 1135 397
578 2 2 9 8 527 556 538
579 2 2 9 8 749 821 290
580 2 2 9 8 414 912 839
581 2 2 9 8 221 1226 220
582 2 2 9 8 655 1271 548
583 2 2 9 8 797 982 884
584 2 2 9 8 766 767 765
585 2 2 9 8 913 917 915
586 2 2 9 8 987 989 636
587 2 2 9 8 438 800 406
588 2 2 9 8 618 847 554
589 2 2 9 8 985 1277 970
590 2 2 9 8 927 1298 788
591 2 2 9 8 767 769 768
592 2 2 9 8 518 522 520
593 2 2 9 8 734 1129 1010
594 2 2 9 8 457 471 470
595 2 2 9 8 921 1035 862
596 2 2 9 8 879 941 385
597 2 2 9 8 428 890 864
598 2 2 9 8 523 1081 540
599 2 2 9 8 508 980 182
600 2 2 9 8 385 941 355
601 2 2 9 8 736 1227 1211
602 2 2 9 8 331 445 329
603 2 2 9 8 618 848 847
604 2 2 9 8 375 785 386
605 2 2 9 8 726 846 728
606 2 2 9 8 339 1288 342
607 2 2 9 8 397 1135 887
608 2 2 9 8 470 482 456
609 2 2 9 8 590 646 588
610 2 2 9 8 456 830 422
611 2 2 9 8 868 1119 869
612 2 2 9 8 918 920 916
613 2 2 9 8 743 1257 748
614 2 2 9 8 220 1226 749
615 2 2 9 8 70 282 69
616 2 2 9 8 785 1230 793
617 2 2 9 8 93 834 265
618 2 2 9 8 560 888 819
619 2 2 9 8 521 1216 512
620 2 2 9 8 638 1120 1112
621 2 2 9 8 218 811 274
622 2 2 9 8 845 1255 815
623 2 2 9 8 598 820 600
624 2 2 9 8 728 730 729
625 2 2 9 8 482 1178 746
626 2 2 9 8 559 1233 822
627 2 2 9 8 972 1144 740
628 2 2 9 8 730 1104 1042
629 2 2 9 8 715 1300 1206
630 2 2 9 8 650 858 651
631 2 2 9 8 806 843 431
632 2 2 9 8 921 1267 424
633 2 2 9 8 214 824 213
634 2 2 9 8 466 1252 636
635 2 2 9 8 1211 1227 1005
636 2 2 9 8 662 1251 911
637 2 2 9 8 286 794 156
638 2 2 9 8 527 743 619
639 2 2 9 8 415 834 94
640 2 2 9 8 375 386 381
641 2 2 9 8 753 865 752
642 2 2 9 8 432 878 306
643 2 2 9 8 838 975 839
644 2 2 9 8 482 1179 830
645 2 2 9 8 639 1097 1078
646 2 2 9 8 817 974 737
647 2 2 9 8 769 771 768
648 2 2 9 8 639 1074 303
649 2 2 9 8 767 768 765
650 2 2 9 8 272 829 66
651 2 2 9 8 67 272 66
652 2 2 9 8 90 914 89
653 2 2 9 8 148 697 298
654 2 2 9 8 903 1205 270
655 2 2 9 8 580 1060 578
656 2 2 9 8 445 1227 755
657 2 2 9 8 902 1051 903
658 2 2 9 8 640 1249 1111
659 2 2 9 8 1137 1252 533
660 2 2 9 8 425 764 481
661 2 2 9 8 799 1133 911
662 2 2 9 8 557 872 871
663 2 2 9 8 545 1088 1001
664 2 2 9 8 770 773 769
665 2 2 9 8 432 900 828
666 2 2 9 8 637 878 877
667 2 2 9 8 871 1274 870
668 2 2 9 8 669 673 672
669 2 2 9 8 773 784 769
670 2 2 9 8 1060 1206 578
671 2 2 9 8 858 864 859
672 2 2 9 8 223 1152 806
673 2 2 9 8 219 811 218
674 2 2 9 8 989 990 636
675 2 2 9 8 68 1260 799
676 2 2 9 8 301 1097 639
677 2 2 9 8 476 898 840
678 2 2 9 8 389 742 477
679 2 2 9 8 721 1253 720
680 2 2 9 8 802 1169 710
681 2 2 9 8 1257 1297 744
682 2 2 9 8 903 1320 1057
683 2 2 9 8 342 1288 887
684 2 2 9 8 637 1087 878
685 2 2 9 8 1111 1249 622
686 2 2 9 8 406 412 404
687 2 2 9 8 189 257 188
688 2 2 9 8 92 912 91
689 2 2 9 8 1007 1153 384
690 2 2 9 8 553 1107 852
691 2 2 9 8 942 943 474
692 2 2 9 8 368 374 370
693 2 2 9 8 375 1326 785
694 2 2 9 8 720 1253 804
695 2 2 9 8 389 391 390
696 2 2 9 8 494 990 989
697 2 2 9 8 177 717 262
698 2 2 9 8 486 1290 512
699 2 2 9 8 516 1250 513
700 2 2 9 8 726 727 495
701 2 2 9 8 189 831 257
702 2 2 9 8 364 368 365
703 2 2 9 8 561 1275 974
704 2 2 9 8 586 1281 628
705 2 2 9 8 1287 1320 1054
706 2 2 9 8 765 907 764
707 2 2 9 8 860 861 753
708 2 2 9 8 294 717 179
709 2 2 9 8 913 915 914
710 2 2 9 8 108 593 266
711 2 2 9 8 358 360 359
712 2 2 9 8 1063 1192 871
713 2 2 9 8 356 358 357
714 2 2 9 8 360 362 361
715 2 2 9 8 458 485 459
716 2 2 9 8 362 364 363
717 2 2 9 8 1011 1174 278
718 2 2 9 8 406 800 412
719 2 2 9 8 368 370 365
720 2 2 9 8 998 1214 1098
721 2 2 9 8 466 636 449
722 2 2 9 8 915 918 916
723 2 2 9 8 671 1000 829
724 2 2 9 8 853 1177 398
725 2 2 9 8 213 823 212
726 2 2 9 8 256 1111 1110
727 2 2 9 8 373 1031 564
728 2 2 9 8 855 983 257
729 2 2 9 8 364 365 363
730 2 2 9 8 388 421 387
731 2 2 9 8 667 816 669
732 2 2 9 8 858 1208 283
733 2 2 9 8 777 881 774
734 2 2 9 8 873 880 872
735 2 2 9 8 362 363 361
736 2 2 9 8 728 729 727
737 2 2 9 8 480 873 557
738 2 2 9 8 724 1274 874
739 2 2 9 8 629 902 645
740 2 2 9 8 785 1326 1230
741 2 2 9 8 391 393 392
742 2 2 9 8 360 361 359
743 2 2 9 8 639 1075 1074
744 2 2 9 8 95 1270 415
745 2 2 9 8 614 1147 285
746 2 2 9 8 454 457 456
747 2 2 9 8 1060 1176 655
748 2 2 9 8 393 1248 447
749 2 2 9 8 747 1095 1028
750 2 2 9 8 469 492 453
751 2 2 9 8 452 1109 873
752 2 2 9 8 723 1011 649
753 2 2 9 8 786 816 667
754 2 2 9 8 790 977 792
755 2 2 9 8 932 1080 787
756 2 2 9 8 874 1086 724
757 2 2 9 8 281 1219 824
758 2 2 9 8 358 359 357
759 2 2 9 8 454 456 422
760 2 2 9 8 483 1056 763
761 2 2 9 8 120 1154 119
762 2 2 9 8 743 1297 1257
763 2 2 9 8 393 411 394
764 2 2 9 8 669 672 670
765 2 2 9 8 802 1071 430
766 2 2 9 8 410 693 508
767 2 2 9 8 864 890 859
768 2 2 9 8 436 1223 899
769 2 2 9 8 254 1154 120
770 2 2 9 8 747 1131 745
771 2 2 9 8 1017 1096 427
772 2 2 9 8 473 1316 751
773 2 2 9 8 249 803 697
774 2 2 9 8 877 878 432
775 2 2 9 8 894 1228 589
776 2 2 9 8 776 777 774
777 2 2 9 8 630 692 691
778 2 2 9 8 754 879 663
779 2 2 9 8 344 389 367
780 2 2 9 8 349 813 346
781 2 2 9 8 646 1199 845
782 2 2 9 8 806 899 843
783 2 2 9 8 308 900 432
784 2 2 9 8 557 873 872
785 2 2 9 8 534 870 536
786 2 2 9 8 834 835 265
787 2 2 9 8 840 841 591
788 2 2 9 8 767 770 769
789 2 2 9 8 285 501 127
790 2 2 9 8 878 1087 1085
791 2 2 9 8 809 1071 644
792 2 2 9 8 212 823 284
793 2 2 9 8 65 1000 64
794 2 2 9 8 521 1010 1009
795 2 2 9 8 780 781 778
796 2 2 9 8 998 1098 420
797 2 2 9 8 494 1090 334
798 2 2 9 8 711 1187 518
799 2 2 9 8 787 1081 932
800 2 2 9 8 378 387 349
801 2 2 9 8 830 1180 656
802 2 2 9 8 754 941 879
803 2 2 9 8 857 1101 1009
804 2 2 9 8 1139 1165 739
805 2 2 9 8 293 1165 1139
806 2 2 9 8 986 1056 620
807 2 2 9 8 536 870 724
808 2 2 9 8 490 527 526
809 2 2 9 8 407 438 406
810 2 2 9 8 1183 1278 297
811 2 2 9 8 377 874 354
812 2 2 9 8 399 1001 395
813 2 2 9 8 414 914 90
814 2 2 9 8 89 914 267
815 2 2 9 8 847 1073 554
816 2 2 9 8 91 912 414
817 2 2 9 8 904 906 634
818 2 2 9 8 787 1080 788
819 2 2 9 8 715 1206 735
820 2 2 9 8 840 898 841
821 2 2 9 8 429 1026 963
822 2 2 9 8 403 404 374
823 2 2 9 8 1006 1107 553
824 2 2 9 8 470 1178 482
825 2 2 9 8 516 1130 515
826 2 2 9 8 579 1211 1005
827 2 2 9 8 97 548 3
828 2 2 9 8 532 1241 1203
829 2 2 9 8 876 1306 732
830 2 2 9 8 212 284 211
831 2 2 9 8 829 1000 65
832 2 2 9 8 770 774 773
833 2 2 9 8 560 1008 888
834 2 2 9 8 607 1121 1111
835 2 2 9 8 829 1062 671
836 2 2 9 8 511 1305 286
837 2 2 9 8 730 731 729
838 2 2 9 8 843 1201 692
839 2 2 9 8 218 274 217
840 2 2 9 8 663 879 665
841 2 2 9 8 356 357 355
842 2 2 9 8 448 982 439
843 2 2 9 8 667 669 668
844 2 2 9 8 1028 1119 957
845 2 2 9 8 101 276 100
846 2 2 9 8 989 1090 494
847 2 2 9 8 978 1116 412
848 2 2 9 8 405 406 404
849 2 2 9 8 616 650 531
850 2 2 9 8 460 489 461
851 2 2 9 8 544 630 629
852 2 2 9 8 265 912 92
853 2 2 9 8 749 1265 821
854 2 2 9 8 913 975 917
855 2 2 9 8 441 448 439
856 2 2 9 8 70 1237 282
857 2 2 9 8 632 750 293
858 2 2 9 8 493 544 543
859 2 2 9 8 909 1133 1070
860 2 2 9 8 216 993 215
861 2 2 9 8 497 1218 470
862 2 2 9 8 774 881 773
863 2 2 9 8 745 1218 747
864 2 2 9 8 811 1019 274
865 2 2 9 8 932 1081 525
866 2 2 9 8 639 1076 1075
867 2 2 9 8 430 809 808
868 2 2 9 8 536 724 709
869 2 2 9 8 871 1192 379
870 2 2 9 8 771 854 772
871 2 2 9 8 767 991 770
872 2 2 9 8 1050 1172 826
873 2 2 9 8 590 647 646
874 2 2 9 8 770 991 775
875 2 2 9 8 530 531 498
876 2 2 9 8 525 1242 932
877 2 2 9 8 495 825 453
878 2 2 9 8 425 460 426
879 2 2 9 8 673 1024 1017
880 2 2 9 8 902 903 645
881 2 2 9 8 1074 1099 413
882 2 2 9 8 751 1316 996
883 2 2 9 8 444 1109 452
884 2 2 9 8 1028 1095 869
885 2 2 9 8 674 1138 299
886 2 2 9 8 72 851 71
887 2 2 9 8 896 1197 314
888 2 2 9 8 416 1016 1013
889 2 2 9 8 592 1129 1128
890 2 2 9 8 454 908 457
891 2 2 9 8 589 1321 894
892 2 2 9 8 515 1250 516
893 2 2 9 8 66 829 65
894 2 2 9 8 354 874 356
895 2 2 9 8 1043 1287 434
896 2 2 9 8 776 778 777
897 2 2 9 8 997 1136 881
898 2 2 9 8 1110 1121 801
899 2 2 9 8 735 1206 1060
900 2 2 9 8 744 1297 489
901 2 2 9 8 615 1156 895
902 2 2 9 8 665 786 667
903 2 2 9 8 1127 1147 1049
904 2 2 9 8 1012 1172 277
905 2 2 9 8 844 1166 631
906 2 2 9 8 556 644 538
907 2 2 9 8 257 983 188
908 2 2 9 8 796 1103 782
909 2 2 9 8 913 914 414
910 2 2 9 8 482 830 456
911 2 2 9 8 692 1175 691
912 2 2 9 8 781 1098 778
913 2 2 9 8 512 1325 486
914 2 2 9 8 529 1056 483
915 2 2 9 8 917 918 915
916 2 2 9 8 450 453 443
917 2 2 9 8 692 1166 843
918 2 2 9 8 191 418 190
919 2 2 9 8 480 557 534
920 2 2 9 8 190 831 189
921 2 2 9 8 412 1230 404
922 2 2 9 8 780 782 781
923 2 2 9 8 381 425 382
924 2 2 9 8 191 891 418
925 2 2 9 8 730 1159 731
926 2 2 9 8 316 900 310
927 2 2 9 8 523 540 524
928 2 2 9 8 283 1142 864
929 2 2 9 8 1218 1319 747
930 2 2 9 8 540 720 541
931 2 2 9 8 910 1161 658
932 2 2 9 8 593 739 594
933 2 2 9 8 785 793 766
934 2 2 9 8 310 900 308
935 2 2 9 8 388 422 421
936 2 2 9 8 370 1326 375
937 2 2 9 8 665 879 786
938 2 2 9 8 657 1241 532
939 2 2 9 8 918 1184 920
940 2 2 9 8 368 403 374
941 2 2 9 8 1150 1155 1149
942 2 2 9 8 860 862 861
943 2 2 9 8 861 865 753
944 2 2 9 8 885 940 272
945 2 2 9 8 1076 1078 251
946 2 2 9 8 375 381 376
947 2 2 9 8 719 1193 677
948 2 2 9 8 94 834 93
949 2 2 9 8 548 1271 1083
950 2 2 9 8 118 1154 1153
951 2 2 9 8 262 597 596
952 2 2 9 8 592 1291 1129
953 2 2 9 8 497 1319 1218
954 2 2 9 8 378 388 387
955 2 2 9 8 883 1024 673
956 2 2 9 8 899 1152 1091
957 2 2 9 8 875 1183 595
958 2 2 9 8 343 1030 341
959 2 2 9 8 536 709 537
960 2 2 9 8 910 1292 911
961 2 2 9 8 895 1156 648
962 2 2 9 8 591 1323 463
963 2 2 9 8 354 356 355
964 2 2 9 8 469 493 492
965 2 2 9 8 669 670 668
966 2 2 9 8 485 486 459
967 2 2 9 8 958 1131 747
968 2 2 9 8 657 1254 656
969 2 2 9 8 532 1254 657
970 2 2 9 8 748 1322 826
971 2 2 9 8 356 379 358
972 2 2 9 8 458 459 411
973 2 2 9 8 401 1007 384
974 2 2 9 8 618 1067 848
975 2 2 9 8 1050 1322 1058
976 2 2 9 8 73 283 72
977 2 2 9 8 370 375 371
978 2 2 9 8 389 390 367
979 2 2 9 8 505 1006 507
980 2 2 9 8 719 1217 1193
981 2 2 9 8 407 439 438
982 2 2 9 8 839 975 913
983 2 2 9 8 188 983 187
984 2 2 9 8 582 1141 255
985 2 2 9 8 804 1231 720
986 2 2 9 8 394 853 398
987 2 2 9 8 611 1212 610
988 2 2 9 8 864 1142 428
989 2 2 9 8 198 946 197
990 2 2 9 8 298 583 582
991 2 2 9 8 715 875 595
992 2 2 9 8 216 1283 1213
993 2 2 9 8 788 1268 787
994 2 2 9 8 1206 1300 576
995 2 2 9 8 479 1168 986
996 2 2 9 8 773 1136 784
997 2 2 9 8 939 951 950
998 2 2 9 8 898 1197 897
999 2 2 9 8 503 1147 712
1000 2 2 9 8 686 1055 842
1001 2 2 9 8 477 1065 817
1002 2 2 9 8 895 1228 894
1003 2 2 9 8 935 945 933
1004 2 2 9 8 771 772 768
1005 2 2 9 8 223 806 222
1006 2 2 9 8 418 1101 831
1007 2 2 9 8 933 945 275
1008 2 2 9 8 917 919 918
1009 2 2 9 8 950 961 939
1010 2 2 9 8 294 820 717
1011 2 2 9 8 487 1001 399
1012 2 2 9 8 527 538 526
1013 2 2 9 8 485 1194 521
1014 2 2 9 8 930 933 275
1015 2 2 9 8 277 1313 1012
1016 2 2 9 8 507 1006 553
1017 2 2 9 8 711 1186 938
1018 2 2 9 8 284 814 211
1019 2 2 9 8 405 407 406
1020 2 2 9 8 861 866 865
1021 2 2 9 8 860 863 862
1022 2 2 9 8 945 946 198
1023 2 2 9 8 197 946 271
1024 2 2 9 8 946 961 271
1025 2 2 9 8 271 961 950
1026 2 2 9 8 80 424 79
1027 2 2 9 8 594 739 708
1028 2 2 9 8 532 1280 465
1029 2 2 9 8 844 1265 749
1030 2 2 9 8 71 1106 70
1031 2 2 9 8 201 944 200
1032 2 2 9 8 831 832 257
1033 2 2 9 8 935 946 945
1034 2 2 9 8 1045 1120 628
1035 2 2 9 8 914 915 267
1036 2 2 9 8 391 392 390
1037 2 2 9 8 839 912 836
1038 2 2 9 8 386 785 766
1039 2 2 9 8 275 944 930
1040 2 2 9 8 205 563 204
1041 2 2 9 8 361 372 359
1042 2 2 9 8 658 1292 910
1043 2 2 9 8 1103 1235 782
1044 2 2 9 8 80 921 424
1045 2 2 9 8 936 961 935
1046 2 2 9 8 200 944 275
1047 2 2 9 8 928 962 924
1048 2 2 9 8 539 713 487
1049 2 2 9 8 682 995 680
1050 2 2 9 8 201 962 944
1051 2 2 9 8 922 923 292
1052 2 2 9 8 272 1303 829
1053 2 2 9 8 866 867 865
1054 2 2 9 8 203 922 292
1055 2 2 9 8 924 962 292
1056 2 2 9 8 935 961 946
1057 2 2 9 8 1013 1016 916
1058 2 2 9 8 939 961 936
1059 2 2 9 8 944 962 928
1060 2 2 9 8 915 916 267
1061 2 2 9 8 1041 1175 692
1062 2 2 9 8 731 884 729
1063 2 2 9 8 463 1323 462
1064 2 2 9 8 923 924 292
1065 2 2 9 8 866 868 867
1066 2 2 9 8 923 925 924
1067 2 2 9 8 868 869 867
1068 2 2 9 8 925 927 924
1069 2 2 9 8 923 926 925
1070 2 2 9 8 793 991 766
1071 2 2 9 8 927 928 924
1072 2 2 9 8 927 929 928
1073 2 2 9 8 929 930 928
1074 2 2 9 8 930 944 928
1075 2 2 9 8 929 931 930
1076 2 2 9 8 931 933 930
1077 2 2 9 8 929 932 931
1078 2 2 9 8 931 934 933
1079 2 2 9 8 934 935 933
1080 2 2 9 8 934 936 935
1081 2 2 9 8 934 937 936
1082 2 2 9 8 937 938 936
1083 2 2 9 8 938 939 936
1084 2 2 9 8 89 267 88
1085 2 2 9 8 197 271 196
1086 2 2 9 8 203 292 202
1087 2 2 9 8 199 945 198
1088 2 2 9 8 275 945 199
1089 2 2 9 8 93 265 92
1090 2 2 9 8 200 275 199
1091 2 2 9 8 84 947 83
1092 2 2 9 8 196 948 195
1093 2 2 9 8 950 951 949
1094 2 2 9 8 87 416 86
1095 2 2 9 8 271 948 196
1096 2 2 9 8 893 906 904
1097 2 2 9 8 904 905 892
1098 2 2 9 8 892 953 891
1099 2 2 9 8 893 904 892
1100 2 2 9 8 948 950 949
1101 2 2 9 8 81 921 80
1102 2 2 9 8 263 893 892
1103 2 2 9 8 195 948 417
1104 2 2 9 8 905 953 892
1105 2 2 9 8 86 954 85
1106 2 2 9 8 194 952 193
1107 2 2 9 8 91 414 90
1108 2 2 9 8 948 949 417
1109 2 2 9 8 271 950 948
1110 2 2 9 8 416 955 954
1111 2 2 9 8 195 417 194
1112 2 2 9 8 891 953 418
1113 2 2 9 8 955 958 957
1114 2 2 9 8 193 263 192
1115 2 2 9 8 192 891 191
1116 2 2 9 8 82 288 81
1117 2 2 9 8 83 956 82
1118 2 2 9 8 85 273 84
1119 2 2 9 8 955 957 954
1120 2 2 9 8 959 960 906
1121 2 2 9 8 263 892 891
1122 2 2 9 8 893 959 906
1123 2 2 9 8 416 954 86
1124 2 2 9 8 417 952 194
1125 2 2 9 8 193 952 263
1126 2 2 9 8 263 952 893
1127 2 2 9 8 273 947 84
1128 2 2 9 8 947 956 83
1129 2 2 9 8 85 954 273
1130 2 2 9 8 263 891 192
1131 2 2 9 8 288 921 81
1132 2 2 9 8 954 957 273
1133 2 2 9 8 82 956 288
1134 2 2 9 8 949 960 959
1135 2 2 9 8 949 959 417
1136 2 2 9 8 951 960 949
1137 2 2 9 8 417 959 952
1138 2 2 9 8 952 959 893
1139 2 2 9 8 403 405 404
1140 2 2 9 8 554 1269 506
1141 2 2 9 8 202 962 201
1142 2 2 9 8 292 962 202
1143 2 2 9 8 838 839 836
1144 2 2 9 8 561 974 817
1145 2 2 9 8 660 754 663
1146 2 2 9 8 837 838 836
1147 2 2 9 8 362 366 364
1148 2 2 9 8 987 988 682
1149 2 2 9 8 665 667 666
1150 2 2 9 8 922 965 923
1151 2 2 9 8 204 922 203
1152 2 2 9 8 563 966 965
1153 2 2 9 8 1009 1010 857
1154 2 2 9 8 159 716 158
1155 2 2 9 8 145 255 144
1156 2 2 9 8 184 410 183
1157 2 2 9 8 170 484 169
1158 2 2 9 8 174 299 173
1159 2 2 9 8 110 964 109
1160 2 2 9 8 111 383 110
1161 2 2 9 8 121 254 120
1162 2 2 9 8 131 396 130
1163 2 2 9 8 165 253 164
1164 2 2 9 8 869 1119 1028
1165 2 2 9 8 923 965 926
1166 2 2 9 8 763 1140 464
1167 2 2 9 8 332 369 331
1168 2 2 9 8 850 1207 259
1169 2 2 9 8 681 1158 979
1170 2 2 9 8 563 922 204
1171 2 2 9 8 363 882 361
1172 2 2 9 8 679 719 677
1173 2 2 9 8 563 965 922
1174 2 2 9 8 645 1262 543
1175 2 2 9 8 836 912 265
1176 2 2 9 8 835 837 836
1177 2 2 9 8 393 394 392
1178 2 2 9 8 1137 1203 837
1179 2 2 9 8 348 1102 1031
1180 2 2 9 8 383 964 110
1181 2 2 9 8 246 688 140
1182 2 2 9 8 716 967 158
1183 2 2 9 8 840 1113 476
1184 2 2 9 8 684 987 682
1185 2 2 9 8 761 1113 840
1186 2 2 9 8 974 1275 761
1187 2 2 9 8 766 991 767
1188 2 2 9 8 314 1197 315
1189 2 2 9 8 775 776 774
1190 2 2 9 8 486 1325 513
1191 2 2 9 8 580 1176 1060
1192 2 2 9 8 553 1156 615
1193 2 2 9 8 673 1017 672
1194 2 2 9 8 264 1217 96
1195 2 2 9 8 740 1199 972
1196 2 2 9 8 966 970 965
1197 2 2 9 8 887 1135 1066
1198 2 2 9 8 503 712 505
1199 2 2 9 8 560 1100 1008
1200 2 2 9 8 965 970 926
1201 2 2 9 8 745 1178 470
1202 2 2 9 8 288 1035 921
1203 2 2 9 8 291 699 135
1204 2 2 9 8 77 635 76
1205 2 2 9 8 250 1115 632
1206 2 2 9 8 672 888 670
1207 2 2 9 8 330 332 331
1208 2 2 9 8 1012 1174 1011
1209 2 2 9 8 335 876 397
1210 2 2 9 8 937 1242 525
1211 2 2 9 8 521 1290 485
1212 2 2 9 8 512 1290 521
1213 2 2 9 8 547 1055 468
1214 2 2 9 8 865 1023 752
1215 2 2 9 8 1095 1220 869
1216 2 2 9 8 964 971 109
1217 2 2 9 8 643 655 548
1218 2 2 9 8 518 520 519
1219 2 2 9 8 613 1167 1085
1220 2 2 9 8 507 553 552
1221 2 2 9 8 953 1101 418
1222 2 2 9 8 99 566 98
1223 2 2 9 8 266 1183 107
1224 2 2 9 8 512 1216 634
1225 2 2 9 8 835 836 265
1226 2 2 9 8 663 665 664
1227 2 2 9 8 710 1071 802
1228 2 2 9 8 489 490 461
1229 2 2 9 8 695 980 508
1230 2 2 9 8 132 396 131
1231 2 2 9 8 357 385 355
1232 2 2 9 8 499 1295 1023
1233 2 2 9 8 76 969 75
1234 2 2 9 8 465 1280 466
1235 2 2 9 8 1085 1087 613
1236 2 2 9 8 686 842 714
1237 2 2 9 8 291 901 701
1238 2 2 9 8 361 882 372
1239 2 2 9 8 696 1145 605
1240 2 2 9 8 681 684 682
1241 2 2 9 8 571 1232 847
1242 2 2 9 8 331 1004 445
1243 2 2 9 8 211 814 210
1244 2 2 9 8 353 474 351
1245 2 2 9 8 738 1320 1287
1246 2 2 9 8 732 986 620
1247 2 2 9 8 681 979 684
1248 2 2 9 8 1005 1227 445
1249 2 2 9 8 370 371 365
1250 2 2 9 8 79 1018 78
1251 2 2 9 8 249 697 150
1252 2 2 9 8 122 254 121
1253 2 2 9 8 439 982 438
1254 2 2 9 8 471 1309 497
1255 2 2 9 8 652 1208 650
1256 2 2 9 8 558 1125 821
1257 2 2 9 8 713 1001 487
1258 2 2 9 8 908 1134 457
1259 2 2 9 8 268 1124 1027
1260 2 2 9 8 658 1039 380
1261 2 2 9 8 779 780 778
1262 2 2 9 8 319 320 318
1263 2 2 9 8 916 1016 267
1264 2 2 9 8 75 428 74
1265 2 2 9 8 267 1016 88
1266 2 2 9 8 87 1016 416
1267 2 2 9 8 783 796 782
1268 2 2 9 8 846 1287 1043
1269 2 2 9 8 635 969 76
1270 2 2 9 8 986 1168 324
1271 2 2 9 8 450 469 453
1272 2 2 9 8 435 1046 1015
1273 2 2 9 8 854 977 772
1274 2 2 9 8 592 1323 591
1275 2 2 9 8 536 537 535
1276 2 2 9 8 920 1013 916
1277 2 2 9 8 634 1325 512
1278 2 2 9 8 513 1325 634
1279 2 2 9 8 301 639 303
1280 2 2 9 8 975 1215 917
1281 2 2 9 8 515 518 517
1282 2 2 9 8 567 1007 401
1283 2 2 9 8 667 668 666
1284 2 2 9 8 988 995 682
1285 2 2 9 8 217 1283 216
1286 2 2 9 8 215 993 281
1287 2 2 9 8 1114 1240 842
1288 2 2 9 8 368 1029 403
1289 2 2 9 8 851 1294 71
1290 2 2 9 8 249 1044 803
1291 2 2 9 8 670 888 807
1292 2 2 9 8 753 1335 651
1293 2 2 9 8 752 1335 753
1294 2 2 9 8 706 1005 1004
1295 2 2 9 8 960 1225 906
1296 2 2 9 8 1044 1212 611
1297 2 2 9 8 321 322 320
1298 2 2 9 8 146 582 255
1299 2 2 9 8 754 1311 942
1300 2 2 9 8 210 984 209
1301 2 2 9 8 209 408 208
1302 2 2 9 8 618 1163 1067
1303 2 2 9 8 416 1013 955
1304 2 2 9 8 327 1302 473
1305 2 2 9 8 815 1327 588
1306 2 2 9 8 790 1330 1160
1307 2 2 9 8 481 1330 790
1308 2 2 9 8 446 895 894
1309 2 2 9 8 821 822 290
1310 2 2 9 8 470 1218 745
1311 2 2 9 8 633 732 620
1312 2 2 9 8 1018 1157 635
1313 2 2 9 8 985 1329 805
1314 2 2 9 8 377 1086 874
1315 2 2 9 8 539 733 713
1316 2 2 9 8 489 1297 490
1317 2 2 9 8 902 1189 279
1318 2 2 9 8 942 1311 564
1319 2 2 9 8 531 1295 498
1320 2 2 9 8 736 1146 849
1321 2 2 9 8 919 1215 1180
1322 2 2 9 8 586 628 621
1323 2 2 9 8 1073 1232 555
1324 2 2 9 8 347 1030 343
1325 2 2 9 8 1234 1304 1185
1326 2 2 9 8 330 331 329
1327 2 2 9 8 680 995 683
1328 2 2 9 8 112 383 111
1329 2 2 9 8 144 255 143
1330 2 2 9 8 781 1318 1098
1331 2 2 9 8 938 1187 711
1332 2 2 9 8 312 316 310
1333 2 2 9 8 821 1265 1092
1334 2 2 9 8 366 1029 364
1335 2 2 9 8 588 1327 585
1336 2 2 9 8 75 969 428
1337 2 2 9 8 534 536 535
1338 2 2 9 8 770 775 774
1339 2 2 9 8 880 1273 366
1340 2 2 9 8 727 825 495
1341 2 2 9 8 882 883 372
1342 2 2 9 8 166 253 165
1343 2 2 9 8 725 1262 738
1344 2 2 9 8 104 297 103
1345 2 2 9 8 114 632 113
1346 2 2 9 8 134 699 133
1347 2 2 9 8 163 1279 162
1348 2 2 9 8 36 258 35
1349 2 2 9 8 423 454 422
1350 2 2 9 8 183 410 182
1351 2 2 9 8 154 409 153
1352 2 2 9 8 124 248 123
1353 2 2 9 8 335 397 337
1354 2 2 9 8 308 432 306
1355 2 2 9 8 178 717 177
1356 2 2 9 8 171 484 170
1357 2 2 9 8 173 299 172
1358 2 2 9 8 323 325 322
1359 2 2 9 8 139 688 138
1360 2 2 9 8 533 1203 1137
1361 2 2 9 8 206 1238 1
1362 2 2 9 8 149 697 148
1363 2 2 9 8 1 1238 205
1364 2 2 9 8 415 1204 1094
1365 2 2 9 8 991 1116 775
1366 2 2 9 8 462 1323 1128
1367 2 2 9 8 1128 1323 592
1368 2 2 9 8 792 1124 791
1369 2 2 9 8 984 985 408
1370 2 2 9 8 1124 1331 1307
1371 2 2 9 8 832 855 257
1372 2 2 9 8 573 973 570
1373 2 2 9 8 352 377 354
1374 2 2 9 8 463 974 761
1375 2 2 9 8 35 998 34
1376 2 2 9 8 768 907 765
1377 2 2 9 8 460 461 426
1378 2 2 9 8 467 1177 1118
1379 2 2 9 8 350 992 352
1380 2 2 9 8 333 876 335
1381 2 2 9 8 523 524 520
1382 2 2 9 8 471 530 498
1383 2 2 9 8 927 1080 929
1384 2 2 9 8 411 853 394
1385 2 2 9 8 483 763 464
1386 2 2 9 8 689 1209 1046
1387 2 2 9 8 37 997 36
1388 2 2 9 8 833 1007 567
1389 2 2 9 8 34 420 33
1390 2 2 9 8 651 1335 531
1391 2 2 9 8 822 1233 811
1392 2 2 9 8 731 1159 963
1393 2 2 9 8 755 1227 849
1394 2 2 9 8 905 1009 953
1395 2 2 9 8 983 1249 187
1396 2 2 9 8 955 1014 958
1397 2 2 9 8 360 1063 362
1398 2 2 9 8 356 874 379
1399 2 2 9 8 600 603 602
1400 2 2 9 8 488 686 685
1401 2 2 9 8 568 569 567
1402 2 2 9 8 364 1029 368
1403 2 2 9 8 832 857 856
1404 2 2 9 8 88 1016 87
1405 2 2 9 8 555 567 401
1406 2 2 9 8 373 378 349
1407 2 2 9 8 476 1197 898
1408 2 2 9 8 569 1259 567
1409 2 2 9 8 38 419 37
1410 2 2 9 8 415 1094 834
1411 2 2 9 8 467 547 468
1412 2 2 9 8 1017 1314 672
1413 2 2 9 8 424 1018 79
1414 2 2 9 8 886 1336 372
1415 2 2 9 8 33 999 32
1416 2 2 9 8 318 1276 550
1417 2 2 9 8 881 1214 258
1418 2 2 9 8 498 1309 471
1419 2 2 9 8 1026 1103 963
1420 2 2 9 8 665 666 664
1421 2 2 9 8 562 620 529
1422 2 2 9 8 369 1004 331
1423 2 2 9 8 738 1262 1057
1424 2 2 9 8 1131 1200 745
1425 2 2 9 8 381 382 376
1426 2 2 9 8 988 1137 995
1427 2 2 9 8 670 807 671
1428 2 2 9 8 854 1122 977
1429 2 2 9 8 1094 1204 683
1430 2 2 9 8 357 1336 385
1431 2 2 9 8 354 355 353
1432 2 2 9 8 425 426 382
1433 2 2 9 8 957 1119 273
1434 2 2 9 8 727 1089 825
1435 2 2 9 8 352 992 377
1436 2 2 9 8 379 1192 358
1437 2 2 9 8 540 1268 721
1438 2 2 9 8 363 1072 882
1439 2 2 9 8 1141 1255 478
1440 2 2 9 8 328 329 327
1441 2 2 9 8 776 779 778
1442 2 2 9 8 336 1020 494
1443 2 2 9 8 339 342 341
1444 2 2 9 8 348 349 346
1445 2 2 9 8 597 1150 674
1446 2 2 9 8 362 1063 366
1447 2 2 9 8 723 1012 1011
1448 2 2 9 8 1118 1286 519
1449 2 2 9 8 903 1057 645
1450 2 2 9 8 775 978 776
1451 2 2 9 8 867 1023 865
1452 2 2 9 8 660 1311 754
1453 2 2 9 8 1173 1233 559
1454 2 2 9 8 603 1171 801
1455 2 2 9 8 919 1180 1179
1456 2 2 9 8 342 344 343
1457 2 2 9 8 39 1002 38
1458 2 2 9 8 780 783 782
1459 2 2 9 8 522 1293 520
1460 2 2 9 8 209 984 408
1461 2 2 9 8 137 901 291
1462 2 2 9 8 375 376 371
1463 2 2 9 8 336 494 334
1464 2 2 9 8 340 346 338
1465 2 2 9 8 565 658 380
1466 2 2 9 8 887 1288 397
1467 2 2 9 8 775 1116 978
1468 2 2 9 8 385 1336 886
1469 2 2 9 8 861 1035 866
1470 2 2 9 8 612 613 247
1471 2 2 9 8 468 1055 488
1472 2 2 9 8 465 1254 532
1473 2 2 9 8 480 534 500
1474 2 2 9 8 488 685 539
1475 2 2 9 8 303 1074 305
1476 2 2 9 8 620 1056 529
1477 2 2 9 8 648 852 647
1478 2 2 9 8 1046 1209 1015
1479 2 2 9 8 938 1186 939
1480 2 2 9 8 575 576 573
1481 2 2 9 8 835 1094 1082
1482 2 2 9 8 322 1317 446
1483 2 2 9 8 660 663 661
1484 2 2 9 8 842 993 714
1485 2 2 9 8 1013 1014 955
1486 2 2 9 8 920 1014 1013
1487 2 2 9 8 440 441 439
1488 2 2 9 8 958 1028 957
1489 2 2 9 8 572 573 570
1490 2 2 9 8 255 1141 478
1491 2 2 9 8 537 760 535
1492 2 2 9 8 162 1279 612
1493 2 2 9 8 403 1029 698
1494 2 2 9 8 563 1238 966
1495 2 2 9 8 344 367 345
1496 2 2 9 8 862 1035 861
1497 2 2 9 8 779 981 780
1498 2 2 9 8 1151 1321 589
1499 2 2 9 8 540 541 524
1500 2 2 9 8 448 1089 884
1501 2 2 9 8 352 354 353
1502 2 2 9 8 986 1306 479
1503 2 2 9 8 32 1003 31
1504 2 2 9 8 1158 1210 979
1505 2 2 9 8 285 502 501
1506 2 2 9 8 430 1071 809
1507 2 2 9 8 663 664 661
1508 2 2 9 8 783 797 796
1509 2 2 9 8 494 1020 990
1510 2 2 9 8 317 318 316
1511 2 2 9 8 1004 1005 445
1512 2 2 9 8 1077 1148 287
1513 2 2 9 8 653 1249 983
1514 2 2 9 8 686 687 685
1515 2 2 9 8 776 978 779
1516 2 2 9 8 657 1215 975
1517 2 2 9 8 875 1278 1183
1518 2 2 9 8 125 501 248
1519 2 2 9 8 297 994 103
1520 2 2 9 8 681 682 680
1521 2 2 9 8 594 708 707
1522 2 2 9 8 525 1312 937
1523 2 2 9 8 394 398 395
1524 2 2 9 8 601 626 599
1525 2 2 9 8 73 1142 283
1526 2 2 9 8 400 1195 705
1527 2 2 9 8 642 875 735
1528 2 2 9 8 992 1196 377
1529 2 2 9 8 326 327 325
1530 2 2 9 8 625 722 542
1531 2 2 9 8 365 1072 363
1532 2 2 9 8 488 539 487
1533 2 2 9 8 616 652 650
1534 2 2 9 8 1179 1184 919
1535 2 2 9 8 746 1184 1179
1536 2 2 9 8 984 1162 985
1537 2 2 9 8 452 480 472
1538 2 2 9 8 855 1289 983
1539 2 2 9 8 247 759 161
1540 2 2 9 8 128 758 614
1541 2 2 9 8 684 1090 989
1542 2 2 9 8 834 1094 835
1543 2 2 9 8 161 612 247
1544 2 2 9 8 167 757 251
1545 2 2 9 8 843 844 431
1546 2 2 9 8 647 1199 646
1547 2 2 9 8 780 981 783
1548 2 2 9 8 305 413 307
1549 2 2 9 8 777 1214 881
1550 2 2 9 8 666 940 664
1551 2 2 9 8 1149 1155 1077
1552 2 2 9 8 571 847 574
1553 2 2 9 8 530 616 531
1554 2 2 9 8 826 1322 1050
1555 2 2 9 8 943 1031 1030
1556 2 2 9 8 388 423 422
1557 2 2 9 8 999 1318 781
1558 2 2 9 8 578 1206 576
1559 2 2 9 8 728 1104 730
1560 2 2 9 8 760 1308 1019
1561 2 2 9 8 258 998 35
1562 2 2 9 8 534 535 500
1563 2 2 9 8 661 662 659
1564 2 2 9 8 444 452 451
1565 2 2 9 8 478 1255 1093
1566 2 2 9 8 688 901 138
1567 2 2 9 8 764 1330 481
1568 2 2 9 8 28 1025 27
1569 2 2 9 8 565 660 659
1570 2 2 9 8 560 819 491
1571 2 2 9 8 934 1242 937
1572 2 2 9 8 932 1242 931
1573 2 2 9 8 882 1315 883
1574 2 2 9 8 589 590 588
1575 2 2 9 8 352 353 351
1576 2 2 9 8 815 1255 1141
1577 2 2 9 8 398 467 399
1578 2 2 9 8 1089 1264 825
1579 2 2 9 8 36 997 258
1580 2 2 9 8 609 696 605
1581 2 2 9 8 951 1068 960
1582 2 2 9 8 403 698 405
1583 2 2 9 8 772 907 768
1584 2 2 9 8 712 1147 1127
1585 2 2 9 8 31 260 30
1586 2 2 9 8 305 1074 413
1587 2 2 9 8 41 259 40
1588 2 2 9 8 662 1272 885
1589 2 2 9 8 982 1079 438
1590 2 2 9 8 778 1098 777
1591 2 2 9 8 283 1208 851
1592 2 2 9 8 642 1278 875
1593 2 2 9 8 34 998 420
1594 2 2 9 8 371 1072 365
1595 2 2 9 8 407 440 439
1596 2 2 9 8 547 1114 1055
1597 2 2 9 8 528 529 483
1598 2 2 9 8 587 588 585
1599 2 2 9 8 670 671 668
1600 2 2 9 8 995 1082 683
1601 2 2 9 8 576 1300 573
1602 2 2 9 8 468 487 399
1603 2 2 9 8 346 1020 338
1604 2 2 9 8 1098 1214 777
1605 2 2 9 8 624 898 897
1606 2 2 9 8 593 594 266
1607 2 2 9 8 752 1295 531
1608 2 2 9 8 333 1059 876
1609 2 2 9 8 612 1167 613
1610 2 2 9 8 678 679 677
1611 2 2 9 8 30 1026 29
1612 2 2 9 8 577 578 576
1613 2 2 9 8 78 1258 4
1614 2 2 9 8 350 1084 992
1615 2 2 9 8 1162 1329 985
1616 2 2 9 8 42 1021 41
1617 2 2 9 8 442 443 441
1618 2 2 9 8 597 674 596
1619 2 2 9 8 419 997 37
1620 2 2 9 8 683 1204 679
1621 2 2 9 8 720 1022 541
1622 2 2 9 8 675 1193 1176
1623 2 2 9 8 448 1264 1089
1624 2 2 9 8 472 1064 451
1625 2 2 9 8 814 984 210
1626 2 2 9 8 309 1061 311
1627 2 2 9 8 420 999 33
1628 2 2 9 8 373 380 378
1629 2 2 9 8 1055 1114 842
1630 2 2 9 8 350 352 351
1631 2 2 9 8 1064 1125 1105
1632 2 2 9 8 328 330 329
1633 2 2 9 8 565 659 658
1634 2 2 9 8 29 429 28
1635 2 2 9 8 634 1216 904
1636 2 2 9 8 455 908 454
1637 2 2 9 8 680 683 679
1638 2 2 9 8 687 1222 685
1639 2 2 9 8 252 1127 1033
1640 2 2 9 8 171 1148 484
1641 2 2 9 8 4 1258 77
1642 2 2 9 8 579 580 578
1643 2 2 9 8 315 476 475
1644 2 2 9 8 27 1042 26
1645 2 2 9 8 929 1080 932
1646 2 2 9 8 705 1234 1185
1647 2 2 9 8 660 661 659
1648 2 2 9 8 490 526 491
1649 2 2 9 8 1105 1125 558
1650 2 2 9 8 43 433 42
1651 2 2 9 8 344 345 343
1652 2 2 9 8 835 1082 837
1653 2 2 9 8 500 559 472
1654 2 2 9 8 348 373 349
1655 2 2 9 8 925 1298 927
1656 2 2 9 8 311 1061 314
1657 2 2 9 8 831 1101 832
1658 2 2 9 8 656 1254 465
1659 2 2 9 8 553 615 552
1660 2 2 9 8 468 488 487
1661 2 2 9 8 373 564 380
1662 2 2 9 8 440 546 442
1663 2 2 9 8 520 1293 523
1664 2 2 9 8 390 545 367
1665 2 2 9 8 832 1101 857
1666 2 2 9 8 970 1277 926
1667 2 2 9 8 119 1154 118
1668 2 2 9 8 895 1245 615
1669 2 2 9 8 1001 1088 395
1670 2 2 9 8 394 395 392
1671 2 2 9 8 729 1089 727
1672 2 2 9 8 342 343 341
1673 2 2 9 8 444 450 443
1674 2 2 9 8 847 1232 1073
1675 2 2 9 8 400 705 402
1676 2 2 9 8 309 1123 1061
1677 2 2 9 8 510 968 509
1678 2 2 9 8 376 496 371
1679 2 2 9 8 1127 1164 712
1680 2 2 9 8 328 1059 330
1681 2 2 9 8 881 1136 773
1682 2 2 9 8 797 1079 982
1683 2 2 9 8 823 1231 284
1684 2 2 9 8 51 1050 50
1685 2 2 9 8 551 554 506
1686 2 2 9 8 1068 1130 516
1687 2 2 9 8 17 1048 16
1688 2 2 9 8 687 1239 1222
1689 2 2 9 8 372 1224 886
1690 2 2 9 8 286 968 510
1691 2 2 9 8 350 351 347
1692 2 2 9 8 38 1002 419
1693 2 2 9 8 562 633 620
1694 2 2 9 8 44 1027 43
1695 2 2 9 8 524 1117 520
1696 2 2 9 8 480 500 472
1697 2 2 9 8 488 1055 686
1698 2 2 9 8 1015 1324 435
1699 2 2 9 8 345 347 343
1700 2 2 9 8 518 519 517
1701 2 2 9 8 338 1020 336
1702 2 2 9 8 676 677 675
1703 2 2 9 8 311 314 313
1704 2 2 9 8 1023 1220 499
1705 2 2 9 8 1064 1105 451
1706 2 2 9 8 1082 1094 683
1707 2 2 9 8 476 1113 475
1708 2 2 9 8 816 1224 883
1709 2 2 9 8 573 1300 1198
1710 2 2 9 8 887 1066 742
1711 2 2 9 8 20 1051 19
1712 2 2 9 8 459 853 411
1713 2 2 9 8 443 1264 441
1714 2 2 9 8 467 468 399
1715 2 2 9 8 18 1052 17
1716 2 2 9 8 207 1202 966
1717 2 2 9 8 686 714 687
1718 2 2 9 8 340 348 346
1719 2 2 9 8 479 1059 328
1720 2 2 9 8 278 1190 1011
1721 2 2 9 8 570 973 569
1722 2 2 9 8 531 1335 752
1723 2 2 9 8 885 1251 662
1724 2 2 9 8 888 1008 807
1725 2 2 9 8 708 1261 973
1726 2 2 9 8 50 1058 49
1727 2 2 9 8 515 517 514
1728 2 2 9 8 874 1274 379
1729 2 2 9 8 45 268 44
1730 2 2 9 8 428 1301 890
1731 2 2 9 8 564 565 380
1732 2 2 9 8 581 675 580
1733 2 2 9 8 763 1299 1140
1734 2 2 9 8 884 1089 729
1735 2 2 9 8 807 1000 671
1736 2 2 9 8 14 436 13
1737 2 2 9 8 26 261 25
1738 2 2 9 8 15 1040 14
1739 2 2 9 8 57 435 56
1740 2 2 9 8 46 1036 45
1741 2 2 9 8 56 1047 55
1742 2 2 9 8 1276 1321 827
1743 2 2 9 8 345 350 347
1744 2 2 9 8 55 278 54
1745 2 2 9 8 16 280 15
1746 2 2 9 8 714 818 687
1747 2 2 9 8 1124 1307 791
1748 2 2 9 8 626 1150 599
1749 2 2 9 8 521 1194 1010
1750 2 2 9 8 25 1043 24
1751 2 2 9 8 52 277 51
1752 2 2 9 8 19 279 18
1753 2 2 9 8 372 1336 359
1754 2 2 9 8 47 437 46
1755 2 2 9 8 423 455 454
1756 2 2 9 8 1252 1280 533
1757 2 2 9 8 426 427 382
1758 2 2 9 8 187 1249 640
1759 2 2 9 8 1100 1169 1008
1760 2 2 9 8 999 1003 32
1761 2 2 9 8 452 472 451
1762 2 2 9 8 24 434 23
1763 2 2 9 8 819 1108 491
1764 2 2 9 8 405 1034 407
1765 2 2 9 8 1165 1261 708
1766 2 2 9 8 428 1142 74
1767 2 2 9 8 48 1053 47
1768 2 2 9 8 440 442 441
1769 2 2 9 8 832 856 855
1770 2 2 9 8 1058 1322 269
1771 2 2 9 8 23 1054 22
1772 2 2 9 8 434 1287 1054
1773 2 2 9 8 398 399 395
1774 2 2 9 8 1177 1286 1118
1775 2 2 9 8 906 1225 634
1776 2 2 9 8 652 1294 1208
1777 2 2 9 8 49 269 48
1778 2 2 9 8 867 1220 1023
1779 2 2 9 8 490 491 461
1780 2 2 9 8 22 270 21
1781 2 2 9 8 319 321 320
1782 2 2 9 8 544 631 630
1783 2 2 9 8 628 756 621
1784 2 2 9 8 793 1116 991
1785 2 2 9 8 668 1062 666
1786 2 2 9 8 1295 1309 498
1787 2 2 9 8 496 1072 371
1788 2 2 9 8 833 1115 250
1789 2 2 9 8 883 1315 1024
1790 2 2 9 8 1069 1296 627
1791 2 2 9 8 374 1326 370
1792 2 2 9 8 444 451 450
1793 2 2 9 8 273 1119 947
1794 2 2 9 8 963 1159 429
1795 2 2 9 8 360 1192 1063
1796 2 2 9 8 1019 1173 760
1797 2 2 9 8 693 694 508
1798 2 2 9 8 442 444 443
1799 2 2 9 8 437 1038 1037
1800 2 2 9 8 805 1277 985
1801 2 2 9 8 910 911 909
1802 2 2 9 8 378 1039 388
1803 2 2 9 8 380 1039 378
1804 2 2 9 8 523 1293 1081
1805 2 2 9 8 321 323 322
1806 2 2 9 8 457 1134 471
1807 2 2 9 8 718 1007 833
1808 2 2 9 8 559 1064 472
1809 2 2 9 8 71 1294 1106
1810 2 2 9 8 801 1121 603
1811 2 2 9 8 603 604 602
1812 2 2 9 8 455 910 909
1813 2 2 9 8 821 1125 822
1814 2 2 9 8 1085 1167 302
1815 2 2 9 8 790 1160 977
1816 2 2 9 8 517 704 514
1817 2 2 9 8 723 1172 1012
1818 2 2 9 8 326 479 328
1819 2 2 9 8 469 558 493
1820 2 2 9 8 685 1244 539
1821 2 2 9 8 287 1149 1077
1822 2 2 9 8 339 340 338
1823 2 2 9 8 977 1122 792
1824 2 2 9 8 337 338 336
1825 2 2 9 8 704 1286 1177
1826 2 2 9 8 951 1186 1068
1827 2 2 9 8 339 341 340
1828 2 2 9 8 337 339 338
1829 2 2 9 8 510 511 286
1830 2 2 9 8 1019 1233 1173
1831 2 2 9 8 1082 1137 837
1832 2 2 9 8 208 1202 207
1833 2 2 9 8 335 337 336
1834 2 2 9 8 246 1093 845
1835 2 2 9 8 246 845 740
1836 2 2 9 8 678 680 679
1837 2 2 9 8 404 1230 374
1838 2 2 9 8 1230 1326 374
1839 2 2 9 8 787 1268 540
1840 2 2 9 8 724 1332 709
1841 2 2 9 8 590 648 647
1842 2 2 9 8 627 1099 626
1843 2 2 9 8 721 1268 1221
1844 2 2 9 8 1221 1268 788
1845 2 2 9 8 1076 1077 1075
1846 2 2 9 8 13 1091 12
1847 2 2 9 8 701 972 702
1848 2 2 9 8 58 1046 57
1849 2 2 9 8 335 336 334
1850 2 2 9 8 326 328 327
1851 2 2 9 8 285 503 502
1852 2 2 9 8 622 1249 653
1853 2 2 9 8 317 319 318
1854 2 2 9 8 843 1166 844
1855 2 2 9 8 791 1182 789
1856 2 2 9 8 852 1263 647
1857 2 2 9 8 455 909 908
1858 2 2 9 8 849 1227 736
1859 2 2 9 8 1132 1133 282
1860 2 2 9 8 555 568 567
1861 2 2 9 8 1222 1244 685
1862 2 2 9 8 702 703 700
1863 2 2 9 8 367 1084 345
1864 2 2 9 8 666 1062 940
1865 2 2 9 8 671 1062 668
1866 2 2 9 8 274 1283 217
1867 2 2 9 8 285 1147 503
1868 2 2 9 8 471 1134 530
1869 2 2 9 8 659 1292 658
1870 2 2 9 8 678 681 680
1871 2 2 9 8 358 1192 360
1872 2 2 9 8 315 1197 476
1873 2 2 9 8 870 1274 724
1874 2 2 9 8 688 1144 901
1875 2 2 9 8 644 710 538
1876 2 2 9 8 31 1003 260
1877 2 2 9 8 1070 1132 617
1878 2 2 9 8 1157 1267 863
1879 2 2 9 8 291 701 700
1880 2 2 9 8 388 1039 423
1881 2 2 9 8 676 678 677
1882 2 2 9 8 1048 1175 280
1883 2 2 9 8 963 1103 796
1884 2 2 9 8 545 1084 367
1885 2 2 9 8 323 326 325
1886 2 2 9 8 1099 1155 626
1887 2 2 9 8 599 1150 597
1888 2 2 9 8 333 335 334
1889 2 2 9 8 698 1034 405
1890 2 2 9 8 1030 1102 341
1891 2 2 9 8 314 315 313
1892 2 2 9 8 722 1117 542
1893 2 2 9 8 897 1188 624
1894 2 2 9 8 567 1259 833
1895 2 2 9 8 749 1226 844
1896 2 2 9 8 269 1256 1053
1897 2 2 9 8 940 1272 664
1898 2 2 9 8 407 1034 440
1899 2 2 9 8 644 1071 710
1900 2 2 9 8 601 627 626
1901 2 2 9 8 520 1117 519
1902 2 2 9 8 269 1322 1256
1903 2 2 9 8 312 317 316
1904 2 2 9 8 440 1034 546
1905 2 2 9 8 321 324 323
1906 2 2 9 8 981 1079 783
1907 2 2 9 8 920 1200 1014
1908 2 2 9 8 705 1185 812
1909 2 2 9 8 885 1272 940
1910 2 2 9 8 568 570 569
1911 2 2 9 8 609 896 696
1912 2 2 9 8 818 1239 687
1913 2 2 9 8 783 1079 797
1914 2 2 9 8 572 575 573
1915 2 2 9 8 315 464 313
1916 2 2 9 8 701 1144 972
1917 2 2 9 8 632 1115 750
1918 2 2 9 8 587 589 588
1919 2 2 9 8 1076 1148 1077
1920 2 2 9 8 847 848 574
1921 2 2 9 8 392 1088 390
1922 2 2 9 8 1031 1102 1030
1923 2 2 9 8 526 560 491
1924 2 2 9 8 503 505 504
1925 2 2 9 8 1065 1066 633
1926 2 2 9 8 12 690 11
1927 2 2 9 8 59 689 58
1928 2 2 9 8 675 1176 580
1929 2 2 9 8 868 1243 956
1930 2 2 9 8 1019 1308 274
1931 2 2 9 8 463 1248 974
1932 2 2 9 8 699 1266 252
1933 2 2 9 8 623 624 608
1934 2 2 9 8 39 1207 1002
1935 2 2 9 8 260 1026 30
1936 2 2 9 8 96 1270 95
1937 2 2 9 8 639 1078 1076
1938 2 2 9 8 74 1142 73
1939 2 2 9 8 612 1279 1167
1940 2 2 9 8 637 638 511
1941 2 2 9 8 345 1084 350
1942 2 2 9 8 41 1021 259
1943 2 2 9 8 369 1210 1004
1944 2 2 9 8 550 1276 827
1945 2 2 9 8 940 1303 272
1946 2 2 9 8 694 695 508
1947 2 2 9 8 429 1025 28
1948 2 2 9 8 760 1173 535
1949 2 2 9 8 1014 1131 958
1950 2 2 9 8 581 706 676
1951 2 2 9 8 561 817 562
1952 2 2 9 8 366 1273 1029
1953 2 2 9 8 974 1248 737
1954 2 2 9 8 276 994 642
1955 2 2 9 8 311 312 310
1956 2 2 9 8 1025 1042 27
1957 2 2 9 8 1032 1143 654
1958 2 2 9 8 1018 1258 78
1959 2 2 9 8 161 759 160
1960 2 2 9 8 973 1198 708
1961 2 2 9 8 530 617 616
1962 2 2 9 8 129 758 128
1963 2 2 9 8 541 549 542
1964 2 2 9 8 581 676 675
1965 2 2 9 8 577 579 578
1966 2 2 9 8 450 1105 469
1967 2 2 9 8 390 1088 545
1968 2 2 9 8 309 310 308
1969 2 2 9 8 575 577 576
1970 2 2 9 8 475 483 464
1971 2 2 9 8 970 1202 408
1972 2 2 9 8 866 1243 868
1973 2 2 9 8 551 618 554
1974 2 2 9 8 283 851 72
1975 2 2 9 8 505 507 506
1976 2 2 9 8 969 1301 428
1977 2 2 9 8 926 1170 925
1978 2 2 9 8 382 1096 376
1979 2 2 9 8 168 757 167
1980 2 2 9 8 647 1263 972
1981 2 2 9 8 973 1261 569
1982 2 2 9 8 909 1070 908
1983 2 2 9 8 294 1236 820
1984 2 2 9 8 298 584 583
1985 2 2 9 8 972 1199 647
1986 2 2 9 8 549 625 542
1987 2 2 9 8 507 552 551
1988 2 2 9 8 307 308 306
1989 2 2 9 8 703 1266 700
1990 2 2 9 8 844 1226 431
1991 2 2 9 8 29 1026 429
1992 2 2 9 8 303 304 302
1993 2 2 9 8 413 1123 307
1994 2 2 9 8 635 1157 969
1995 2 2 9 8 705 812 402
1996 2 2 9 8 249 1212 1044
1997 2 2 9 8 805 1221 1170
1998 2 2 9 8 461 1108 426
1999 2 2 9 8 503 504 502
2000 2 2 9 8 564 1311 565
2001 2 2 9 8 305 306 304
2002 2 2 9 8 562 1065 633
2003 2 2 9 8 939 1186 951
2004 2 2 9 8 750 1165 293
2005 2 2 9 8 1002 1207 850
2006 2 2 9 8 475 1113 528
2007 2 2 9 8 433 1021 42
2008 2 2 9 8 1307 1337 744
2009 2 2 9 8 919 1184 918
2010 2 2 9 8 510 637 511
2011 2 2 9 8 311 313 312
2012 2 2 9 8 376 1096 496
2013 2 2 9 8 332 1246 369
2014 2 2 9 8 395 1088 392
2015 2 2 9 8 475 528 483
2016 2 2 9 8 798 1251 885
2017 2 2 9 8 451 1105 450
2018 2 2 9 8 579 581 580
2019 2 2 9 8 677 1193 675
2020 2 2 9 8 1163 1316 1067
2021 2 2 9 8 1035 1243 866
2022 2 2 9 8 584 586 585
2023 2 2 9 8 628 1120 756
2024 2 2 9 8 541 542 524
2025 2 2 9 8 586 621 587
2026 2 2 9 8 1061 1123 1069
2027 2 2 9 8 309 311 310
2028 2 2 9 8 419 1136 997
2029 2 2 9 8 907 1330 764
2030 2 2 9 8 611 1045 1044
2031 2 2 9 8 658 1161 1039
2032 2 2 9 8 811 1233 1019
2033 2 2 9 8 604 606 605
2034 2 2 9 8 653 654 623
2035 2 2 9 8 493 1092 544
2036 2 2 9 8 307 309 308
2037 2 2 9 8 427 1096 382
2038 2 2 9 8 772 1160 907
2039 2 2 9 8 756 827 621
2040 2 2 9 8 637 877 638
2041 2 2 9 8 54 1174 53
2042 2 2 9 8 398 1177 467
2043 2 2 9 8 615 996 552
2044 2 2 9 8 630 1166 692
2045 2 2 9 8 633 1135 732
2046 2 2 9 8 1221 1298 1170
2047 2 2 9 8 604 605 602
2048 2 2 9 8 315 475 464
2049 2 2 9 8 305 307 306
2050 2 2 9 8 408 1202 208
2051 2 2 9 8 280 1175 1041
2052 2 2 9 8 259 1207 40
2053 2 2 9 8 304 1085 302
2054 2 2 9 8 732 1306 986
2055 2 2 9 8 303 305 304
2056 2 2 9 8 455 1161 910
2057 2 2 9 8 824 1219 549
2058 2 2 9 8 709 1222 537
2059 2 2 9 8 1138 1149 287
2060 2 2 9 8 43 1027 433
2061 2 2 9 8 701 702 700
2062 2 2 9 8 702 1107 703
2063 2 2 9 8 584 585 583
2064 2 2 9 8 538 1100 526
2065 2 2 9 8 1128 1129 734
2066 2 2 9 8 806 1152 899
2067 2 2 9 8 500 1173 559
2068 2 2 9 8 426 1108 427
2069 2 2 9 8 1092 1265 631
2070 2 2 9 8 541 1022 549
2071 2 2 9 8 301 303 302
2072 2 2 9 8 837 1203 838
2073 2 2 9 8 288 1243 1035
2074 2 2 9 8 252 1164 1127
2075 2 2 9 8 622 653 623
2076 2 2 9 8 841 1143 1032
2077 2 2 9 8 561 562 529
2078 2 2 9 8 586 587 585
2079 2 2 9 8 733 1196 713
2080 2 2 9 8 505 506 504
2081 2 2 9 8 21 1205 20
2082 2 2 9 8 604 607 606
2083 2 2 9 8 260 1103 1026
2084 2 2 9 8 1070 1133 1132
2085 2 2 9 8 542 1117 524
2086 2 2 9 8 917 1215 919
2087 2 2 9 8 1008 1169 289
2088 2 2 9 8 433 1122 1021
2089 2 2 9 8 600 602 601
2090 2 2 9 8 40 1207 39
2091 2 2 9 8 459 1181 853
2092 2 2 9 8 894 1321 741
2093 2 2 9 8 26 1042 261
2094 2 2 9 8 1010 1194 734
2095 2 2 9 8 514 1250 515
2096 2 2 9 8 904 1216 905
2097 2 2 9 8 606 609 605
2098 2 2 9 8 817 1065 562
2099 2 2 9 8 594 707 595
2100 2 2 9 8 650 1208 858
2101 2 2 9 8 340 1102 348
2102 2 2 9 8 627 1296 1099
2103 2 2 9 8 446 1317 895
2104 2 2 9 8 17 1052 1048
2105 2 2 9 8 692 1201 1041
2106 2 2 9 8 575 736 577
2107 2 2 9 8 661 1272 662
2108 2 2 9 8 890 1301 863
2109 2 2 9 8 848 849 574
2110 2 2 9 8 185 693 410
2111 2 2 9 8 1050 1058 50
2112 2 2 9 8 869 1220 867
2113 2 2 9 8 589 1228 590
2114 2 2 9 8 447 1248 463
2115 2 2 9 8 507 551 506
2116 2 2 9 8 268 1027 44
2117 2 2 9 8 437 1053 1038
2118 2 2 9 8 341 1102 340
2119 2 2 9 8 333 334 332
2120 2 2 9 8 16 1048 280
2121 2 2 9 8 1222 1239 537
2122 2 2 9 8 277 1050 51
2123 2 2 9 8 635 1258 1018
2124 2 2 9 8 995 1137 1082
2125 2 2 9 8 631 1166 630
2126 2 2 9 8 205 1238 563
2127 2 2 9 8 626 1155 1150
2128 2 2 9 8 598 600 599
2129 2 2 9 8 530 1134 617
2130 2 2 9 8 571 572 570
2131 2 2 9 8 966 1202 970
2132 2 2 9 8 600 601 599
2133 2 2 9 8 1133 1260 282
2134 2 2 9 8 747 1319 1095
2135 2 2 9 8 568 571 570
2136 2 2 9 8 571 574 572
2137 2 2 9 8 19 1051 279
2138 2 2 9 8 761 1275 1113
2139 2 2 9 8 510 1087 637
2140 2 2 9 8 491 1108 461
2141 2 2 9 8 279 1052 18
2142 2 2 9 8 698 1247 1034
2143 2 2 9 8 45 1036 268
2144 2 2 9 8 281 1240 1219
2145 2 2 9 8 402 555 401
2146 2 2 9 8 216 1213 993
2147 2 2 9 8 1084 1229 992
2148 2 2 9 8 14 1040 436
2149 2 2 9 8 535 1173 500
2150 2 2 9 8 598 599 597
2151 2 2 9 8 435 1047 56
2152 2 2 9 8 280 1040 15
2153 2 2 9 8 437 1037 1036
2154 2 2 9 8 55 1047 278
2155 2 2 9 8 486 1181 459
2156 2 2 9 8 979 1210 369
2157 2 2 9 8 261 1043 25
2158 2 2 9 8 1053 1256 1038
2159 2 2 9 8 1057 1320 738
2160 2 2 9 8 1042 1104 261
2161 2 2 9 8 594 595 266
2162 2 2 9 8 558 1092 493
2163 2 2 9 8 437 1036 46
2164 2 2 9 8 1066 1135 633
2165 2 2 9 8 648 1156 852
2166 2 2 9 8 337 1288 339
2167 2 2 9 8 49 1058 269
2168 2 2 9 8 24 1043 434
2169 2 2 9 8 624 1188 608
2170 2 2 9 8 262 598 597
2171 2 2 9 8 47 1053 437
2172 2 2 9 8 931 1242 934
2173 2 2 9 8 1023 1295 752
2174 2 2 9 8 642 735 643
2175 2 2 9 8 956 1243 288
2176 2 2 9 8 1182 1307 744
2177 2 2 9 8 434 1054 23
2178 2 2 9 8 1024 1315 496
2179 2 2 9 8 801 1171 695
2180 2 2 9 8 977 1160 772
2181 2 2 9 8 269 1053 48
2182 2 2 9 8 707 715 595
2183 2 2 9 8 638 1112 511
2184 2 2 9 8 291 700 699
2185 2 2 9 8 22 1054 270
2186 2 2 9 8 400 402 401
2187 2 2 9 8 1004 1210 706
2188 2 2 9 8 441 1264 448
2189 2 2 9 8 818 1308 1239
2190 2 2 9 8 611 1112 1045
2191 2 2 9 8 359 1336 357
2192 2 2 9 8 400 401 384
2193 2 2 9 8 545 1229 1084
2194 2 2 9 8 469 1105 558
2195 2 2 9 8 319 1126 321
2196 2 2 9 8 863 1267 862
2197 2 2 9 8 704 1181 514
2198 2 2 9 8 246 740 688
2199 2 2 9 8 678 1158 681
2200 2 2 9 8 609 897 896
2201 2 2 9 8 427 1314 1017
2202 2 2 9 8 679 1204 719
2203 2 2 9 8 544 1092 631
2204 2 2 9 8 330 333 332
2205 2 2 9 8 280 1041 1040
2206 2 2 9 8 993 1213 714
2207 2 2 9 8 1196 1229 713
2208 2 2 9 8 1032 1291 592
2209 2 2 9 8 827 1321 1151
2210 2 2 9 8 622 623 608
2211 2 2 9 8 20 1205 1051
2212 2 2 9 8 1077 1155 1075
2213 2 2 9 8 1195 1234 705
2214 2 2 9 8 526 1100 560
2215 2 2 9 8 983 1289 653
2216 2 2 9 8 77 1258 635
2217 2 2 9 8 436 1091 13
2218 2 2 9 8 607 608 606
2219 2 2 9 8 57 1046 435
2220 2 2 9 8 708 1198 707
2221 2 2 9 8 301 302 300
2222 2 2 9 8 278 1174 54
2223 2 2 9 8 640 1111 256
2224 2 2 9 8 583 1141 582
2225 2 2 9 8 326 1168 479
2226 2 2 9 8 423 1161 455
2227 2 2 9 8 856 1328 855
2228 2 2 9 8 270 1205 21
2229 2 2 9 8 1176 1271 655
2230 2 2 9 8 1086 1332 724
2231 2 2 9 8 1034 1247 546
2232 2 2 9 8 710 1100 538
2233 2 2 9 8 321 1126 324
2234 2 2 9 8 547 1284 1114
2235 2 2 9 8 895 1317 1245
2236 2 2 9 8 899 1201 843
2237 2 2 9 8 479 1306 1059
2238 2 2 9 8 466 1280 1252
2239 2 2 9 8 607 622 608
2240 2 2 9 8 1039 1161 423
2241 2 2 9 8 720 1231 1022
2242 2 2 9 8 297 1278 994
2243 2 2 9 8 528 561 529
2244 2 2 9 8 810 1324 1015
2245 2 2 9 8 643 1060 655
2246 2 2 9 8 604 1121 607
2247 2 2 9 8 740 1144 688
2248 2 2 9 8 548 1083 3
2249 2 2 9 8 662 1292 659
2250 2 2 9 8 307 1123 309
2251 2 2 9 8 735 1060 643
2252 2 2 9 8 52 1313 277
2253 2 2 9 8 694 801 695
2254 2 2 9 8 258 1214 998
2255 2 2 9 8 674 1150 1149
2256 2 2 9 8 684 989 987
2257 2 2 9 8 464 1140 313
2258 2 2 9 8 431 1226 221
2259 2 2 9 8 710 1169 1100
2260 2 2 9 8 330 1059 333
2261 2 2 9 8 514 1181 486
2262 2 2 9 8 1078 1097 762
2263 2 2 9 8 714 1213 818
2264 2 2 9 8 883 1224 372
2265 2 2 9 8 539 1244 733
2266 2 2 9 8 901 1144 701
2267 2 2 9 8 615 1245 996
2268 2 2 9 8 302 1167 300
2269 2 2 9 8 1059 1306 876
2270 2 2 9 8 296 1097 301
2271 2 2 9 8 607 1111 622
2272 2 2 9 8 603 1121 604
2273 2 2 9 8 741 1321 1276
2274 2 2 9 8 565 1311 660
2275 2 2 9 8 1193 1217 264
2276 2 2 9 8 709 1244 1222
2277 2 2 9 8 537 1239 760
2278 2 2 9 8 628 1281 1045
2279 2 2 9 8 897 1197 896
2280 2 2 9 8 429 1159 1025
2281 2 2 9 8 1072 1315 882
2282 2 2 9 8 519 1286 517
2283 2 2 9 8 595 1183 266
2284 2 2 9 8 605 1145 602
2285 2 2 9 8 994 1278 642
2286 2 2 9 8 1217 1270 96
2287 2 2 9 8 814 1162 984
2288 2 2 9 8 820 1236 1171
2289 2 2 9 8 827 1151 621
2290 2 2 9 8 499 1220 1095
2291 2 2 9 8 53 1313 52
2292 2 2 9 8 504 1185 502
2293 2 2 9 8 334 1246 332
2294 2 2 9 8 623 1143 624
2295 2 2 9 8 829 1303 1062
2296 2 2 9 8 509 1282 510
2297 2 2 9 8 12 1091 690
2298 2 2 9 8 664 1272 661
2299 2 2 9 8 689 1046 58
2300 2 2 9 8 691 1310 1189
2301 2 2 9 8 706 1210 1158
2302 2 2 9 8 654 1143 623
2303 2 2 9 8 733 1332 1086
2304 2 2 9 8 642 643 641
2305 2 2 9 8 324 1168 323
2306 2 2 9 8 996 1245 751
2307 2 2 9 8 676 1158 678
2308 2 2 9 8 996 1163 552
2309 2 2 9 8 260 1235 1103
2310 2 2 9 8 849 1146 574
2311 2 2 9 8 313 1140 312
2312 2 2 9 8 590 1228 648
2313 2 2 9 8 513 514 486
2314 2 2 9 8 694 1110 801
2315 2 2 9 8 706 1158 676
2316 2 2 9 8 1047 1190 278
2317 2 2 9 8 1098 1318 420
2318 2 2 9 8 282 1260 69
2319 2 2 9 8 575 1146 736
2320 2 2 9 8 295 400 384
2321 2 2 9 8 1174 1313 53
2322 2 2 9 8 750 1261 1165
2323 2 2 9 8 1014 1200 1131
2324 2 2 9 8 621 1151 587
2325 2 2 9 8 674 1149 1138
2326 2 2 9 8 1239 1308 760
2327 2 2 9 8 1087 1282 613
2328 2 2 9 8 601 1145 627
2329 2 2 9 8 312 1140 317
2330 2 2 9 8 552 1163 551
2331 2 2 9 8 587 1151 589
2332 2 2 9 8 602 1145 601
2333 2 2 9 8 629 1334 902
2334 2 2 9 8 268 1331 1124
2335 2 2 9 8 573 1198 973
2336 2 2 9 8 323 1168 326
2337 2 2 9 8 299 1138 172
2338 2 2 9 8 279 1189 1052
2339 2 2 9 8 319 1299 1126
2340 2 2 9 8 1170 1277 805
2341 2 2 9 8 1022 1231 823
2342 2 2 9 8 1132 1338 617
2343 2 2 9 8 625 1284 722
2344 2 2 9 8 1171 1236 695
2345 2 2 9 8 1091 1152 690
2346 2 2 9 8 566 1191 97
2347 2 2 9 8 819 1314 1108
2348 2 2 9 8 572 1146 575
2349 2 2 9 8 397 1288 337
2350 2 2 9 8 1291 1328 856
2351 2 2 9 8 695 1236 980
2352 2 2 9 8 510 1282 1087
2353 2 2 9 8 506 1269 504
2354 2 2 9 8 972 1263 702
2355 2 2 9 8 1003 1235 260
2356 2 2 9 8 574 1146 572
2357 2 2 9 8 513 1250 514
2358 2 2 9 8 551 1163 618
2359 2 2 9 8 295 1195 400
2360 2 2 9 8 568 1232 571
2361 2 2 9 8 1164 1266 703
2362 2 2 9 8 142 1093 246
2363 2 2 9 8 276 642 641
2364 2 2 9 8 496 1315 1072
2365 2 2 9 8 613 1282 247
2366 2 2 9 8 702 1263 1107
2367 2 2 9 8 1185 1304 502
2368 2 2 9 8 1108 1314 427
2369 2 2 9 8 276 641 566
2370 2 2 9 8 247 1282 509
2371 2 2 9 8 251 1078 762
2372 2 2 9 8 1057 1262 645
2373 2 2 9 8 181 980 294
2374 2 2 9 8 1185 1269 812
2375 2 2 9 8 652 1237 1106
2376 2 2 9 8 654 1328 1032
2377 2 2 9 8 1112 1305 511
2378 2 2 9 8 1015 1209 808
2379 2 2 9 8 549 1219 625
2380 2 2 9 8 1029 1273 698
2381 2 2 9 8 295 384 254
2382 2 2 9 8 739 1165 708
2383 2 2 9 8 517 1286 704
2384 2 2 9 8 502 1304 501
2385 2 2 9 8 617 1338 616
2386 2 2 9 8 555 1232 568
2387 2 2 9 8 1033 1049 396
2388 2 2 9 8 833 1259 1115
2389 2 2 9 8 606 1188 609
2390 2 2 9 8 609 1188 897
2391 2 2 9 8 1307 1331 1037
2392 2 2 9 8 608 1188 606
2393 2 2 9 8 799 1260 1133
2394 2 2 9 8 413 1296 1123
2395 2 2 9 8 980 1236 294
2396 2 2 9 8 1283 1308 818
2397 2 2 9 8 420 1318 999
2398 2 2 9 8 855 1328 1289
2399 2 2 9 8 611 1305 1112
2400 2 2 9 8 2 640 256
2401 2 2 9 8 1129 1291 856
2402 2 2 9 8 1240 1284 625
2403 2 2 9 8 1289 1328 654
2404 2 2 9 8 296 301 300
2405 2 2 9 8 788 1298 1221
2406 2 2 9 8 396 1049 758
2407 2 2 9 8 577 1211 579
2408 2 2 9 8 409 1305 611
2409 2 2 9 8 1099 1296 413
2410 2 2 9 8 317 1299 319
2411 2 2 9 8 1049 1147 614
2412 2 2 9 8 1095 1319 499
2413 2 2 9 8 736 1211 577
2414 2 2 9 8 1051 1205 903
2415 2 2 9 8 992 1229 1196
2416 2 2 9 8 1041 1223 1040
2417 2 2 9 8 863 1301 1157
2418 2 2 9 8 1040 1223 436
2419 2 2 9 8 1189 1334 691
2420 2 2 9 8 1113 1275 528
2421 2 2 9 8 528 1275 561
2422 2 2 9 8 707 1300 715
2423 2 2 9 8 1038 1337 1037
2424 2 2 9 8 1036 1331 268
2425 2 2 9 8 899 1223 1201
2426 2 2 9 8 1062 1303 940
2427 2 2 9 8 585 1327 583
2428 2 2 9 8 252 1266 1164
2429 2 2 9 8 1201 1223 1041
2430 2 2 9 8 694 1285 1110
2431 2 2 9 8 693 1285 694
2432 2 2 9 8 700 1266 699
2433 2 2 9 8 1213 1283 818
2434 2 2 9 8 1203 1241 838
2435 2 2 9 8 1037 1331 1036
2436 2 2 9 8 1106 1294 652
2437 2 2 9 8 409 611 610
2438 2 2 9 8 102 994 276
2439 2 2 9 8 653 1289 654
2440 2 2 9 8 1093 1255 845
2441 2 2 9 8 616 1338 652
2442 2 2 9 8 522 1312 1293
2443 2 2 9 8 1293 1312 525
2444 2 2 9 8 1033 1127 1049
2445 2 2 9 8 1256 1257 1038
2446 2 2 9 8 1160 1330 907
2447 2 2 9 8 274 1308 1283
2448 2 2 9 8 1044 1281 803
2449 2 2 9 8 1221 1253 721
2450 2 2 9 8 805 1253 1221
2451 2 2 9 8 1045 1281 1044
2452 2 2 9 8 1126 1299 763
2453 2 2 9 8 499 1319 1309
2454 2 2 9 8 1309 1319 497
2455 2 2 9 8 926 1277 1170
2456 2 2 9 8 748 1257 1256
2457 2 2 9 8 1261 1333 569
2458 2 2 9 8 1198 1300 707
2459 2 2 9 8 296 300 253
2460 2 2 9 8 791 1307 1182
2461 2 2 9 8 1157 1301 969
2462 2 2 9 8 1048 1310 1175
2463 2 2 9 8 1083 1271 264
2464 2 2 9 8 1140 1299 317
2465 2 2 9 8 1170 1298 925
2466 2 2 9 8 1047 1324 1190
2467 2 2 9 8 1189 1310 1052
2468 2 2 9 8 1012 1313 1174
2469 2 2 9 8 1167 1279 300
2470 2 2 9 8 794 1305 409
2471 2 2 9 8 435 1324 1047
2472 2 2 9 8 996 1316 1163
2473 2 2 9 8 889 1234 1195
2474 2 2 9 8 1219 1240 625
2475 2 2 9 8 1123 1296 1069
2476 2 2 9 8 1114 1284 1240
2477 2 2 9 8 1052 1310 1048
2478 2 2 9 8 719 1270 1217
2479 2 2 9 8 473 1302 1067
2480 2 2 9 8 501 1304 248
2481 2 2 9 8 1107 1263 852
2482 2 2 9 8 282 1237 1132
2483 2 2 9 8 1141 1327 815
2484 2 2 9 8 1208 1294 851
2485 2 2 9 8 698 1273 1247
2486 2 2 9 8 1110 1285 256
2487 2 2 9 8 132 1033 396
2488 2 2 9 8 1032 1328 1291
2489 2 2 9 8 641 1191 566
2490 2 2 9 8 1067 1316 473
2491 2 2 9 8 1257 1337 1038
2492 2 2 9 8 504 1269 1185
2493 2 2 9 8 1037 1337 1307
2494 2 2 9 8 1175 1310 691
2495 2 2 9 8 117 250 116
2496 2 2 9 8 1256 1322 748
2497 2 2 9 8 152 1212 249
2498 2 2 9 8 248 1304 1234
2499 2 2 9 8 1247 1273 880
2500 2 2 9 8 652 1338 1237
2501 2 2 9 8 176 596 175
2502 2 2 9 8 384 1153 254
2503 2 2 9 8 1054 1320 270
2504 2 2 9 8 709 1332 1244
2505 2 2 9 8 1244 1332 733
2506 2 2 9 8 805 1329 1253
2507 2 2 9 8 750 1333 1261
2508 2 2 9 8 758 1049 614
2509 2 2 9 8 300 1279 253
2510 2 2 9 8 147 582 146
2511 2 2 9 8 1115 1333 750
2512 2 2 9 8 902 1334 1189
2513 2 2 9 8 248 1234 889
2514 2 2 9 8 583 1327 1141
2515 2 2 9 8 1259 1333 1115
2516 2 2 9 8 166 296 253
2517 2 2 9 8 1190 1324 810
2518 2 2 9 8 744 1337 1257
2519 2 2 9 8 1245 1317 751
2520 2 2 9 8 804 1329 1162
2521 2 2 9 8 186 693 185
2522 2 2 9 8 112 1139 383
2523 2 2 9 8 122 295 254
2524 2 2 9 8 251 762 167
2525 2 2 9 8 142 246 141
2526 2 2 9 8 1237 1338 1132
2527 2 2 9 8 1253 1329 804
2528 2 2 9 8 137 291 136
2529 2 2 9 8 152 249 151
2530 2 2 9 8 127 501 126
2531 2 2 9 8 569 1333 1259
2532 2 2 9 8 181 294 180
2533 2 2 9 8 410 508 182
2534 2 2 9 8 102 276 101
2535 2 2 9 8 248 889 123
2536 2 2 9 8 409 610 153
2537 2 2 9 8 156 976 155
2538 2 2 9 8 109 971 108
2539 2 2 9 8 158 967 157
2540 2 2 9 8 967 968 157
2541 2 2 9 8 509 968 967
2542 2 2 9 8 187 640 2
2543 2 2 9 8 3 1083 96
2544 2 2 9 8 103 994 102
2545 2 2 9 8 108 266 107
2546 2 2 9 8 113 293 112
2547 2 2 9 8 118 718 117
2548 2 2 9 8 123 889 122
2549 2 2 9 8 128 285 127
2550 2 2 9 8 133 252 132
2551 2 2 9 8 138 901 137
2552 2 2 9 8 143 1093 142
2553 2 2 9 8 148 298 147
2554 2 2 9 8 153 1212 152
2555 2 2 9 8 610 1212 153
2556 2 2 9 8 157 968 156
2557 2 2 9 8 162 612 161
2558 2 2 9 8 167 762 166
2559 2 2 9 8 172 287 171
2560 2 2 9 8 177 262 176
2561 2 2 9 8 182 980 181
2562 2 2 9 8 5 689 59
2563 2 2 9 8 60 689 5
2564 2 2 9 8 11 690 6
2565 2 2 9 8 6 690 223
2566 2 2 9 8 98 566 97
2567 2 2 9 8 97 1191 548
2568 2 2 9 8 100 566 99
2569 2 2 9 8 105 297 104
2570 2 2 9 8 106 297 105
2571 2 2 9 8 108 971 593
2572 2 2 9 8 115 632 114
2573 2 2 9 8 116 250 115
2574 2 2 9 8 122 1195 295
2575 2 2 9 8 889 1195 122
2576 2 2 9 8 125 248 124
2577 2 2 9 8 252 1033 132
2578 2 2 9 8 135 699 134
2579 2 2 9 8 140 688 139
2580 2 2 9 8 146 255 145
2581 2 2 9 8 150 697 149
2582 2 2 9 8 154 795 409
2583 2 2 9 8 156 968 286
2584 2 2 9 8 794 976 156
2585 2 2 9 8 164 253 163
2586 2 2 9 8 253 1279 163
2587 2 2 9 8 166 1097 296
2588 2 2 9 8 762 1097 166
2589 2 2 9 8 175 299 174
2590 2 2 9 8 179 717 178
2591 2 2 9 8 185 410 184
2592 2 2 9 8 256 693 186
2593 2 2 9 8 509 759 247
2594 2 2 9 8 1153 1154 254
2595 2 2 9 8 256 1285 693
2596 2 2 9 8 593 964 383
2597 2 2 9 8 409 795 794
2598 2 2 9 8 716 759 509
2599 2 2 9 8 800 1079 981
2600 2 2 9 8 987 1252 988
2601 2 2 7 17 1351 1342 1367
2602 2 2 7 17 1343 1365 1366
2603 2 2 7 17 1342 1351 1368
2604 2 2 7 17 1365 1343 1369
2605 2 2 7 17 1346 244 1372
2606 2 2 7 17 1347 242 1375
2607 2 2 7 17 1345 245 1348
2608 2 2 7 17 241 1347 1349
2609 2 2 7 17 244 1345 1372
2610 2 2 7 17 1345 1371 1372
2611 2 2 7 17 1371 1360 1372
2612 2 2 7 17 244 245 1345
2613 2 2 7 17 241 242 1347
2614 2 2 7 17 1375 242 1382
2615 2 2 7 17 1345 1348 1366
2616 2 2 7 17 1349 1347 1367
2617 2 2 7 17 243 244 1346
2618 2 2 7 17 1373 224 1380
2619 2 2 7 17 237 1374 1379
2620 2 2 7 17 1351 1367 1370
2621 2 2 7 17 1366 1365 1371
2622 2 2 7 17 1374 1349 1379
2623 2 2 7 17 1348 1373 1380
2624 2 2 7 17 1355 1344 1356
2625 2 2 7 17 1351 1350 1368
2626 2 2 7 17 1363 1365 1369
2627 2 2 7 17 243 1346 1381
2628 2 2 7 17 242 243 1382
2629 2 2 7 17 1370 1347 1375
2630 2 2 7 17 1344 1375 1382
2631 2 2 7 17 1344 1355 1375
2632 2 2 7 17 1355 1370 1375
2633 2 2 7 17 1359 1361 1364
2634 2 2 7 17 1353 1354 1362
2635 2 2 7 17 1341 1357 1359
2636 2 2 7 17 1357 1341 1362
2637 2 2 7 17 1361 1340 1364
2638 2 2 7 17 1341 1359 1364
2639 2 2 7 17 1354 1357 1362
2640 2 2 7 17 233 1353 1362
2641 2 2 7 17 232 233 1362
2642 2 2 7 17 235 236 1350
2643 2 2 7 17 1339 1352 1353
2644 2 2 7 17 1353 1352 1354
2645 2 2 7 17 234 1339 1353
2646 2 2 7 17 1339 235 1350
2647 2 2 7 17 233 234 1353
2648 2 2 7 17 234 235 1339
2649 2 2 7 17 1339 1350 1351
2650 2 2 7 17 1340 1361 1365
2651 2 2 7 17 1354 1352 1355
2652 2 2 7 17 1339 1351 1352
2653 2 2 7 17 1354 1355 1356
2654 2 2 7 17 1341 232 1362
2655 2 2 7 17 1354 1356 1357
2656 2 2 7 17 1357 1356 1358
2657 2 2 7 17 1359 1358 1360
2658 2 2 7 17 1359 1360 1361
2659 2 2 7 17 1357 1358 1359
2660 2 2 7 17 228 229 1363
2661 2 2 7 17 230 231 1364
2662 2 2 7 17 231 232 1341
2663 2 2 7 17 229 230 1340
2664 2 2 7 17 229 1340 1363
2665 2 2 7 17 231 1341 1364
2666 2 2 7 17 1340 230 1364
2667 2 2 7 17 1363 1340 1365
2668 2 2 7 17 225 226 1343
2669 2 2 7 17 239 238 1342
2670 2 2 7 17 240 239 1368
2671 2 2 7 17 226 227 1369
2672 2 2 7 17 1352 1351 1370
2673 2 2 7 17 1365 1361 1371
2674 2 2 7 17 1367 1347 1370
2675 2 2 7 17 1345 1366 1371
2676 2 2 7 17 239 1342 1368
2677 2 2 7 17 1343 226 1369
2678 2 2 7 17 236 10 1377
2679 2 2 7 17 9 228 1378
2680 2 2 7 17 10 240 1377
2681 2 2 7 17 227 9 1378
2682 2 2 7 17 1366 1348 1380
2683 2 2 7 17 1343 1366 1380
2684 2 2 7 17 1349 1367 1379
2685 2 2 7 17 1367 1342 1379
2686 2 2 7 17 1355 1352 1370
2687 2 2 7 17 1361 1360 1371
2688 2 2 7 17 224 225 1380
2689 2 2 7 17 238 237 1379
2690 2 2 7 17 1358 1376 1383
2691 2 2 7 17 1376 1346 1383
2692 2 2 7 17 8 224 1373
2693 2 2 7 17 237 7 1374
2694 2 2 7 17 1348 245 1373
2695 2 2 7 17 241 1349 1374
2696 2 2 7 17 1358 1356 1376
2697 2 2 7 17 1356 1344 1376
2698 2 2 7 17 1369 227 1378
2699 2 2 7 17 240 1368 1377
2700 2 2 7 17 1350 236 1377
2701 2 2 7 17 228 1363 1378
2702 2 2 7 17 1342 238 1379
2703 2 2 7 17 225 1343 1380
2704 2 2 7 17 1381 1344 1382
2705 2 2 7 17 1360 1358 1383
2706 2 2 7 17 1346 1376 1381
2707 2 2 7 17 1368 1350 1377
2708 2 2 7 17 1363 1369 1378
2709 2 2 7 17 1376 1344 1381
2710 2 2 7 17 1372 1360 1383
2711 2 2 7 17 243 1381 1382
2712 2 2 7 17 1346 1372 1383
2713 2 2 7 17 7 241 1374
2714 2 2 7 17 245 8 1373
2715 2 2 8 19 153 1393 1438
2716 2 2 8 19 1413 1427 1440
2717 2 2 8 19 1392 121 1445
2718 2 2 8 19 1400 1446 1447
2719 2 2 8 19 1415 1414 1416
2720 2 2 8 19 1387 111 1452
2721 2 2 8 19 1429 236 1444
2722 2 2 8 19 144 145 1475
2723 2 2 8 19 1425 1424 1463
2724 2 2 8 19 235 1421 1455
2725 2 2 8 19 173 174 1426
2726 2 2 8 19 168 169 1427
2727 2 2 8 19 9 3 1456
2728 2 2 8 19 163 164 1428
2729 2 2 8 19 1454 1465 1475
2730 2 2 8 19 134 135 1433
2731 2 2 8 19 135 1391 1433
2732 2 2 8 19 1393 1402 1459
2733 2 2 8 19 177 1418 1431
2734 2 2 8 19 100 101 1385
2735 2 2 8 19 1411 1432 1450
2736 2 2 8 19 1420 1419 1455
2737 2 2 8 19 236 1462 1470
2738 2 2 8 19 1427 169 1440
2739 2 2 8 19 1428 164 1441
2740 2 2 8 19 148 1414 1415
2741 2 2 8 19 1396 1388 1461
2742 2 2 8 19 3 97 1456
2743 2 2 8 19 1384 1385 1443
2744 2 2 8 19 173 1426 1448
2745 2 2 8 19 168 1427 1449
2746 2 2 8 19 1435 143 1465
2747 2 2 8 19 1426 1411 1448
2748 2 2 8 19 1427 1419 1449
2749 2 2 8 19 163 1428 1451
2750 2 2 8 19 1428 1396 1451
2751 2 2 8 19 1422 1398 1476
2752 2 2 8 19 122 1437 1445
2753 2 2 8 19 186 2 1439
2754 2 2 8 19 229 1425 1463
2755 2 2 8 19 1458 1399 1461
2756 2 2 8 19 1403 1405 1463
2757 2 2 8 19 1443 1456 1457
2758 2 2 8 19 1412 1450 1455
2759 2 2 8 19 182 1389 1406
2760 2 2 8 19 179 1407 1418
2761 2 2 8 19 181 1406 1407
2762 2 2 8 19 2 10 1439
2763 2 2 8 19 112 1425 1452
2764 2 2 8 19 1458 234 1459
2765 2 2 8 19 123 1436 1437
2766 2 2 8 19 1430 186 1439
2767 2 2 8 19 1391 1390 1474
2768 2 2 8 19 1438 233 1460
2769 2 2 8 19 1425 229 1452
2770 2 2 8 19 169 170 1440
2771 2 2 8 19 164 165 1441
2772 2 2 8 19 148 1415 1453
2773 2 2 8 19 1398 1397 1476
2774 2 2 8 19 136 137 1391
2775 2 2 8 19 1421 1420 1455
2776 2 2 8 19 127 1394 1469
2777 2 2 8 19 159 160 1446
2778 2 2 8 19 158 159 1401
2779 2 2 8 19 149 150 1414
2780 2 2 8 19 135 136 1391
2781 2 2 8 19 1401 159 1446
2782 2 2 8 19 1446 160 1447
2783 2 2 8 19 98 99 1384
2784 2 2 8 19 145 146 1395
2785 2 2 8 19 148 149 1414
2786 2 2 8 19 171 1412 1413
2787 2 2 8 19 1390 138 1466
2788 2 2 8 19 1394 128 1472
2789 2 2 8 19 132 1409 1410
2790 2 2 8 19 1408 1391 1474
2791 2 2 8 19 157 158 1401
2792 2 2 8 19 182 183 1389
2793 2 2 8 19 103 104 1422
2794 2 2 8 19 113 114 1424
2795 2 2 8 19 155 156 1393
2796 2 2 8 19 118 119 1392
2797 2 2 8 19 123 124 1436
2798 2 2 8 19 177 178 1418
2799 2 2 8 19 108 109 1387
2800 2 2 8 19 1456 97 1457
2801 2 2 8 19 170 1413 1440
2802 2 2 8 19 161 1399 1400
2803 2 2 8 19 1408 133 1433
2804 2 2 8 19 1431 1418 1462
2805 2 2 8 19 175 1386 1426
2806 2 2 8 19 1415 1416 1460
2807 2 2 8 19 1388 1421 1461
2808 2 2 8 19 1465 143 1475
2809 2 2 8 19 105 1398 1422
2810 2 2 8 19 115 1404 1424
2811 2 2 8 19 107 1397 1398
2812 2 2 8 19 1385 102 1423
2813 2 2 8 19 117 1403 1404
2814 2 2 8 19 1406 1389 1429
2815 2 2 8 19 1407 1406 1444
2816 2 2 8 19 1384 1443 1457
2817 2 2 8 19 133 134 1433
2818 2 2 8 19 97 1384 1457
2819 2 2 8 19 1467 1422 1476
2820 2 2 8 19 1471 231 1472
2821 2 2 8 19 172 1411 1412
2822 2 2 8 19 1414 151 1416
2823 2 2 8 19 228 1442 1467
2824 2 2 8 19 1445 1437 1468
2825 2 2 8 19 133 1408 1409
2826 2 2 8 19 1401 1400 1458
2827 2 2 8 19 103 1422 1423
2828 2 2 8 19 1437 1436 1468
2829 2 2 8 19 143 144 1475
2830 2 2 8 19 231 1473 1474
2831 2 2 8 19 1410 1409 1471
2832 2 2 8 19 165 166 1388
2833 2 2 8 19 113 1424 1425
2834 2 2 8 19 1395 1454 1475
2835 2 2 8 19 234 1458 1461
2836 2 2 8 19 1386 176 1431
2837 2 2 8 19 1464 232 1466
2838 2 2 8 19 1418 1407 1470
2839 2 2 8 19 145 1395 1475
2840 2 2 8 19 1419 1413 1455
2841 2 2 8 19 1450 235 1455
2842 2 2 8 19 1385 1423 1442
2843 2 2 8 19 167 1419 1420
2844 2 2 8 19 1434 142 1435
2845 2 2 8 19 1388 166 1420
2846 2 2 8 19 108 1387 1397
2847 2 2 8 19 162 1396 1399
2848 2 2 8 19 1385 1442 1443
2849 2 2 8 19 118 1392 1403
2850 2 2 8 19 1412 1411 1450
2851 2 2 8 19 1397 1417 1476
2852 2 2 8 19 1407 1444 1470
2853 2 2 8 19 1395 147 1453
2854 2 2 8 19 1386 1431 1432
2855 2 2 8 19 1415 1460 1477
2856 2 2 8 19 1405 1392 1445
2857 2 2 8 19 1417 1387 1452
2858 2 2 8 19 1464 1435 1465
2859 2 2 8 19 232 1464 1465
2860 2 2 8 19 1402 1401 1458
2861 2 2 8 19 1416 152 1438
2862 2 2 8 19 1453 1415 1477
2863 2 2 8 19 1409 1408 1473
2864 2 2 8 19 1429 1389 1430
2865 2 2 8 19 1388 1420 1421
2866 2 2 8 19 1397 1387 1417
2867 2 2 8 19 1399 1396 1461
2868 2 2 8 19 1434 1435 1464
2869 2 2 8 19 1403 1392 1405
2870 2 2 8 19 1423 1422 1467
2871 2 2 8 19 1402 1458 1459
2872 2 2 8 19 1410 1471 1472
2873 2 2 8 19 1473 1408 1474
2874 2 2 8 19 1395 1453 1454
2875 2 2 8 19 1424 1404 1463
2876 2 2 8 19 1468 1436 1469
2877 2 2 8 19 230 1468 1469
2878 2 2 8 19 1406 1429 1444
2879 2 2 8 19 230 1445 1468
2880 2 2 8 19 175 176 1386
2881 2 2 8 19 141 142 1434
2882 2 2 8 19 1434 1464 1466
2883 2 2 8 19 131 132 1410
2884 2 2 8 19 180 181 1407
2885 2 2 8 19 170 171 1413
2886 2 2 8 19 1432 1431 1462
2887 2 2 8 19 1444 236 1470
2888 2 2 8 19 106 107 1398
2889 2 2 8 19 116 117 1404
2890 2 2 8 19 1462 1418 1470
2891 2 2 8 19 1442 1423 1467
2892 2 2 8 19 1471 1409 1473
2893 2 2 8 19 228 1467 1476
2894 2 2 8 19 1454 1453 1477
2895 2 2 8 19 101 102 1385
2896 2 2 8 19 231 1471 1473
2897 2 2 8 19 151 152 1416
2898 2 2 8 19 146 147 1395
2899 2 2 8 19 162 163 1451
2900 2 2 8 19 167 168 1449
2901 2 2 8 19 172 173 1448
2902 2 2 8 19 160 161 1447
2903 2 2 8 19 157 1401 1402
2904 2 2 8 19 228 9 1443
2905 2 2 8 19 10 1430 1439
2906 2 2 8 19 102 103 1423
2907 2 2 8 19 107 108 1397
2908 2 2 8 19 112 113 1425
2909 2 2 8 19 117 118 1403
2910 2 2 8 19 122 123 1437
2911 2 2 8 19 127 128 1394
2912 2 2 8 19 132 133 1409
2913 2 2 8 19 137 138 1390
2914 2 2 8 19 142 143 1435
2915 2 2 8 19 147 148 1453
2916 2 2 8 19 152 153 1438
2917 2 2 8 19 161 162 1399
2918 2 2 8 19 166 167 1420
2919 2 2 8 19 171 172 1412
2920 2 2 8 19 176 177 1431
2921 2 2 8 19 181 182 1406
2922 2 2 8 19 229 228 1417
2923 2 2 8 19 1417 228 1476
2924 2 2 8 19 1442 228 1443
2925 2 2 8 19 230 229 1405
2926 2 2 8 19 1405 229 1463
2927 2 2 8 19 229 1417 1452
2928 2 2 8 19 231 230 1472
2929 2 2 8 19 230 1405 1445
2930 2 2 8 19 230 1469 1472
2931 2 2 8 19 232 231 1474
2932 2 2 8 19 233 232 1454
2933 2 2 8 19 1466 232 1474
2934 2 2 8 19 234 233 1459
2935 2 2 8 19 233 1454 1460
2936 2 2 8 19 235 234 1421
2937 2 2 8 19 1421 234 1461
2938 2 2 8 19 236 235 1450
2939 2 2 8 19 236 1432 1462
2940 2 2 8 19 1460 1454 1477
2941 2 2 8 19 1443 9 1456
2942 2 2 8 19 10 236 1430
2943 2 2 8 19 97 98 1384
2944 2 2 8 19 99 100 1384
2945 2 2 8 19 1384 100 1385
2946 2 2 8 19 104 105 1422
2947 2 2 8 19 105 106 1398
2948 2 2 8 19 109 110 1387
2949 2 2 8 19 110 111 1387
2950 2 2 8 19 111 112 1452
2951 2 2 8 19 114 115 1424
2952 2 2 8 19 115 116 1404
2953 2 2 8 19 119 120 1392
2954 2 2 8 19 120 121 1392
2955 2 2 8 19 121 122 1445
2956 2 2 8 19 124 125 1436
2957 2 2 8 19 125 126 1436
2958 2 2 8 19 126 127 1469
2959 2 2 8 19 1436 126 1469
2960 2 2 8 19 128 129 1472
2961 2 2 8 19 129 130 1410
2962 2 2 8 19 129 1410 1472
2963 2 2 8 19 130 131 1410
2964 2 2 8 19 137 1390 1391
2965 2 2 8 19 138 139 1466
2966 2 2 8 19 139 140 1434
2967 2 2 8 19 139 1434 1466
2968 2 2 8 19 140 141 1434
2969 2 2 8 19 150 151 1414
2970 2 2 8 19 153 154 1393
2971 2 2 8 19 154 155 1393
2972 2 2 8 19 156 157 1402
2973 2 2 8 19 1393 156 1402
2974 2 2 8 19 161 1400 1447
2975 2 2 8 19 1396 162 1451
2976 2 2 8 19 165 1388 1441
2977 2 2 8 19 1419 167 1449
2978 2 2 8 19 1411 172 1448
2979 2 2 8 19 174 175 1426
2980 2 2 8 19 178 179 1418
2981 2 2 8 19 179 180 1407
2982 2 2 8 19 183 184 1389
2983 2 2 8 19 184 185 1389
2984 2 2 8 19 185 186 1430
2985 2 2 8 19 1389 185 1430
2986 2 2 8 19 1454 232 1465
2987 2 2 8 19 1393 233 1438
2988 2 2 8 19 233 1393 1459
2989 2 2 8 19 236 1429 1430
2990 2 2 8 19 1432 236 1450
2991 2 2 8 19 1386 1411 1426
2992 2 2 8 19 1411 1386 1432
2993 2 2 8 19 1388 1396 1428
2994 2 2 8 19 1388 1428 1441
2995 2 2 8 19 1390 1466 1474
2996 2 2 8 19 1391 1408 1433
2997 2 2 8 19 1469 1394 1472
2998 2 2 8 19 1400 1399 1458
2999 2 2 8 19 1400 1401 1446
3000 2 2 8 19 1404 1403 1463
3001 2 2 8 19 1413 1412 1455
3002 2 2 8 19 1413 1419 1427
3003 2 2 8 19 1416 1438 1460
$EndElements
